[QUEUE_STATS] t_ms=33 q_pkts=0 q_bytes=0 qdelay_l_ms=0 qdelay_c_ms=0 ecn_mark=0 drop=0
[QUEUE_STATS] t_ms=96 q_pkts=0 q_bytes=0 qdelay_l_ms=0 qdelay_c_ms=0 ecn_mark=0 drop=0
[QUEUE_STATS] t_ms=139 q_pkts=0 q_bytes=0 qdelay_l_ms=0 qdelay_c_ms=0 ecn_mark=0 drop=0
[QUEUE_STATS] t_ms=182 q_pkts=0 q_bytes=0 qdelay_l_ms=0 qdelay_c_ms=0 ecn_mark=0 drop=0
[QUEUE_STATS] t_ms=225 q_pkts=0 q_bytes=0 qdelay_l_ms=0 qdelay_c_ms=0 ecn_mark=0 drop=0
[QUEUE_STATS] t_ms=256 q_pkts=0 q_bytes=0 qdelay_l_ms=0 qdelay_c_ms=0 ecn_mark=0 drop=0
[QUEUE_STATS] t_ms=311 q_pkts=0 q_bytes=0 qdelay_l_ms=0 qdelay_c_ms=0 ecn_mark=0 drop=0
[QUEUE_STATS] t_ms=352 q_pkts=0 q_bytes=0 qdelay_l_ms=0 qdelay_c_ms=0 ecn_mark=0 drop=0
[QUEUE_STATS] t_ms=368 q_pkts=1 q_bytes=1504 qdelay_l_ms=1.05795 qdelay_c_ms=0 ecn_mark=0 drop=0
[QUEUE_STATS] t_ms=395 q_pkts=0 q_bytes=0 qdelay_l_ms=0 qdelay_c_ms=0 ecn_mark=0 drop=0
[QUEUE_STATS] t_ms=400 q_pkts=19 q_bytes=28576 qdelay_l_ms=0.992365 qdelay_c_ms=2.02484 ecn_mark=0 drop=0
[QUEUE_STATS] t_ms=416 q_pkts=2 q_bytes=3008 qdelay_l_ms=1.07083 qdelay_c_ms=0 ecn_mark=0 drop=0
[QUEUE_STATS] t_ms=437 q_pkts=0 q_bytes=0 qdelay_l_ms=0 qdelay_c_ms=0 ecn_mark=0 drop=0
[QUEUE_STATS] t_ms=448 q_pkts=30 q_bytes=45120 qdelay_l_ms=1.05713 qdelay_c_ms=6.18332 ecn_mark=0 drop=0
[QUEUE_STATS] t_ms=464 q_pkts=45 q_bytes=67680 qdelay_l_ms=2.78827 qdelay_c_ms=18.9905 ecn_mark=0 drop=0
[QUEUE_STATS] t_ms=480 q_pkts=4 q_bytes=6016 qdelay_l_ms=1.07376 qdelay_c_ms=0 ecn_mark=0 drop=0
[QUEUE_STATS] t_ms=496 q_pkts=36 q_bytes=54144 qdelay_l_ms=4.3369 qdelay_c_ms=10.6221 ecn_mark=0 drop=0
[QUEUE_STATS] t_ms=512 q_pkts=85 q_bytes=127840 qdelay_l_ms=9.60607 qdelay_c_ms=24.4991 ecn_mark=0 drop=0
[QUEUE_STATS] t_ms=528 q_pkts=80 q_bytes=120320 qdelay_l_ms=4.07853 qdelay_c_ms=34.8112 ecn_mark=35 drop=0
[QUEUE_STATS] t_ms=544 q_pkts=125 q_bytes=188000 qdelay_l_ms=11.2959 qdelay_c_ms=42.8795 ecn_mark=46 drop=0
[QUEUE_STATS] t_ms=560 q_pkts=157 q_bytes=236128 qdelay_l_ms=18.4847 qdelay_c_ms=59.1832 ecn_mark=109 drop=0
[QUEUE_STATS] t_ms=576 q_pkts=106 q_bytes=159424 qdelay_l_ms=27.8655 qdelay_c_ms=66.8536 ecn_mark=169 drop=0
[QUEUE_STATS] t_ms=592 q_pkts=45 q_bytes=67680 qdelay_l_ms=0 qdelay_c_ms=78.413 ecn_mark=217 drop=0
[QUEUE_STATS] t_ms=608 q_pkts=23 q_bytes=34592 qdelay_l_ms=0.730793 qdelay_c_ms=47.9899 ecn_mark=217 drop=0
[QUEUE_STATS] t_ms=624 q_pkts=4 q_bytes=6016 qdelay_l_ms=1.08854 qdelay_c_ms=1.08144 ecn_mark=217 drop=0
[QUEUE_STATS] t_ms=640 q_pkts=13 q_bytes=19552 qdelay_l_ms=1.0901 qdelay_c_ms=6.45837 ecn_mark=217 drop=0
[QUEUE_STATS] t_ms=656 q_pkts=3 q_bytes=4512 qdelay_l_ms=0 qdelay_c_ms=1.07245 ecn_mark=217 drop=0
[QUEUE_STATS] t_ms=672 q_pkts=2 q_bytes=3008 qdelay_l_ms=1.08536 qdelay_c_ms=0 ecn_mark=217 drop=0
[QUEUE_STATS] t_ms=688 q_pkts=3 q_bytes=4512 qdelay_l_ms=1.07172 qdelay_c_ms=1.06668 ecn_mark=217 drop=0
[QUEUE_STATS] t_ms=704 q_pkts=9 q_bytes=13536 qdelay_l_ms=1.05789 qdelay_c_ms=4.21417 ecn_mark=217 drop=0
[QUEUE_STATS] t_ms=720 q_pkts=6 q_bytes=9024 qdelay_l_ms=1.06219 qdelay_c_ms=1.05608 ecn_mark=217 drop=0
[QUEUE_STATS] t_ms=736 q_pkts=5 q_bytes=7520 qdelay_l_ms=1.0629 qdelay_c_ms=1.05658 ecn_mark=217 drop=0
[QUEUE_STATS] t_ms=752 q_pkts=3 q_bytes=4512 qdelay_l_ms=1.03971 qdelay_c_ms=2.07372 ecn_mark=217 drop=0
[QUEUE_STATS] t_ms=768 q_pkts=4 q_bytes=6016 qdelay_l_ms=1.05178 qdelay_c_ms=1.04463 ecn_mark=217 drop=0
[QUEUE_STATS] t_ms=784 q_pkts=6 q_bytes=9024 qdelay_l_ms=1.03918 qdelay_c_ms=1.03189 ecn_mark=217 drop=0
[QUEUE_STATS] t_ms=800 q_pkts=6 q_bytes=9024 qdelay_l_ms=0.522412 qdelay_c_ms=0.515519 ecn_mark=217 drop=0
[QUEUE_STATS] t_ms=816 q_pkts=6 q_bytes=9024 qdelay_l_ms=1.0731 qdelay_c_ms=2.1338 ecn_mark=217 drop=0
[QUEUE_STATS] t_ms=832 q_pkts=6 q_bytes=9024 qdelay_l_ms=0 qdelay_c_ms=2.04033 ecn_mark=217 drop=0
[QUEUE_STATS] t_ms=848 q_pkts=6 q_bytes=9024 qdelay_l_ms=1.01179 qdelay_c_ms=2.03289 ecn_mark=217 drop=0
[QUEUE_STATS] t_ms=864 q_pkts=5 q_bytes=7520 qdelay_l_ms=1.02624 qdelay_c_ms=1.78013 ecn_mark=217 drop=0
[QUEUE_STATS] t_ms=880 q_pkts=5 q_bytes=7520 qdelay_l_ms=1.07666 qdelay_c_ms=3.02507 ecn_mark=217 drop=0
[QUEUE_STATS] t_ms=896 q_pkts=6 q_bytes=9024 qdelay_l_ms=1.01035 qdelay_c_ms=2.00821 ecn_mark=217 drop=0
[QUEUE_STATS] t_ms=912 q_pkts=8 q_bytes=12032 qdelay_l_ms=1.00402 qdelay_c_ms=3.01073 ecn_mark=217 drop=0
[QUEUE_STATS] t_ms=928 q_pkts=13 q_bytes=19552 qdelay_l_ms=0.993908 qdelay_c_ms=3.90631 ecn_mark=217 drop=0
[QUEUE_STATS] t_ms=944 q_pkts=15 q_bytes=22560 qdelay_l_ms=0.885805 qdelay_c_ms=5.79929 ecn_mark=217 drop=0
[QUEUE_STATS] t_ms=960 q_pkts=15 q_bytes=22560 qdelay_l_ms=1.07029 qdelay_c_ms=5.97893 ecn_mark=217 drop=0
[QUEUE_STATS] t_ms=976 q_pkts=17 q_bytes=25568 qdelay_l_ms=1.10622 qdelay_c_ms=5.97402 ecn_mark=217 drop=0
[QUEUE_STATS] t_ms=992 q_pkts=21 q_bytes=31584 qdelay_l_ms=0.858533 qdelay_c_ms=7.59011 ecn_mark=217 drop=0
[QUEUE_STATS] t_ms=1008 q_pkts=24 q_bytes=36096 qdelay_l_ms=0.971806 qdelay_c_ms=8.20743 ecn_mark=217 drop=0
[QUEUE_STATS] t_ms=1024 q_pkts=25 q_bytes=37600 qdelay_l_ms=0.937783 qdelay_c_ms=10.0141 ecn_mark=217 drop=0
[QUEUE_STATS] t_ms=1040 q_pkts=28 q_bytes=42112 qdelay_l_ms=1.08432 qdelay_c_ms=11.747 ecn_mark=217 drop=0
[QUEUE_STATS] t_ms=1056 q_pkts=28 q_bytes=42112 qdelay_l_ms=0.999608 qdelay_c_ms=10.9581 ecn_mark=217 drop=0
[QUEUE_STATS] t_ms=1072 q_pkts=31 q_bytes=46624 qdelay_l_ms=0.961297 qdelay_c_ms=12.938 ecn_mark=217 drop=0
[QUEUE_STATS] t_ms=1088 q_pkts=36 q_bytes=54144 qdelay_l_ms=0.989831 qdelay_c_ms=13.9653 ecn_mark=217 drop=0
[QUEUE_STATS] t_ms=1104 q_pkts=33 q_bytes=49632 qdelay_l_ms=1.04886 qdelay_c_ms=14.0951 ecn_mark=217 drop=0
[QUEUE_STATS] t_ms=1120 q_pkts=37 q_bytes=55648 qdelay_l_ms=0.767793 qdelay_c_ms=15.0208 ecn_mark=217 drop=0
[QUEUE_STATS] t_ms=1136 q_pkts=41 q_bytes=61664 qdelay_l_ms=1.06673 qdelay_c_ms=16.7095 ecn_mark=217 drop=0
[QUEUE_STATS] t_ms=1152 q_pkts=41 q_bytes=61664 qdelay_l_ms=0.939697 qdelay_c_ms=17.0356 ecn_mark=217 drop=0
[QUEUE_STATS] t_ms=1168 q_pkts=42 q_bytes=63168 qdelay_l_ms=1.089 qdelay_c_ms=19.1741 ecn_mark=217 drop=0
[QUEUE_STATS] t_ms=1184 q_pkts=45 q_bytes=67680 qdelay_l_ms=1.04714 qdelay_c_ms=18.0698 ecn_mark=217 drop=0
[QUEUE_STATS] t_ms=1200 q_pkts=48 q_bytes=72192 qdelay_l_ms=1.08693 qdelay_c_ms=20.2142 ecn_mark=217 drop=0
[QUEUE_STATS] t_ms=1216 q_pkts=51 q_bytes=76704 qdelay_l_ms=1.06467 qdelay_c_ms=21.9414 ecn_mark=217 drop=0
[QUEUE_STATS] t_ms=1232 q_pkts=51 q_bytes=76704 qdelay_l_ms=0.958251 qdelay_c_ms=20.9516 ecn_mark=217 drop=0
[QUEUE_STATS] t_ms=1248 q_pkts=53 q_bytes=79712 qdelay_l_ms=1.09731 qdelay_c_ms=24.3908 ecn_mark=217 drop=0
[QUEUE_STATS] t_ms=1264 q_pkts=56 q_bytes=84224 qdelay_l_ms=1.11637 qdelay_c_ms=25.1361 ecn_mark=217 drop=0
[QUEUE_STATS] t_ms=1280 q_pkts=60 q_bytes=90240 qdelay_l_ms=0.917314 qdelay_c_ms=23.9186 ecn_mark=217 drop=0
[QUEUE_STATS] t_ms=1296 q_pkts=60 q_bytes=90240 qdelay_l_ms=1.0671 qdelay_c_ms=28.3741 ecn_mark=217 drop=0
[QUEUE_STATS] t_ms=1312 q_pkts=62 q_bytes=93248 qdelay_l_ms=1.08393 qdelay_c_ms=27.1075 ecn_mark=217 drop=0
[QUEUE_STATS] t_ms=1328 q_pkts=63 q_bytes=94752 qdelay_l_ms=1.05943 qdelay_c_ms=27.9903 ecn_mark=217 drop=0
[QUEUE_STATS] t_ms=1344 q_pkts=67 q_bytes=100768 qdelay_l_ms=1.04739 qdelay_c_ms=31.0953 ecn_mark=217 drop=0
[QUEUE_STATS] t_ms=1360 q_pkts=70 q_bytes=105280 qdelay_l_ms=1.07729 qdelay_c_ms=29.8988 ecn_mark=217 drop=0
[QUEUE_STATS] t_ms=1376 q_pkts=70 q_bytes=105280 qdelay_l_ms=1.10874 qdelay_c_ms=31.1655 ecn_mark=217 drop=0
[QUEUE_STATS] t_ms=1392 q_pkts=72 q_bytes=108288 qdelay_l_ms=0.878922 qdelay_c_ms=34.9036 ecn_mark=217 drop=0
[QUEUE_STATS] t_ms=1408 q_pkts=76 q_bytes=114304 qdelay_l_ms=1.08588 qdelay_c_ms=33.0507 ecn_mark=217 drop=0
[QUEUE_STATS] t_ms=1424 q_pkts=77 q_bytes=115808 qdelay_l_ms=0.67027 qdelay_c_ms=34.6397 ecn_mark=218 drop=0
[QUEUE_STATS] t_ms=1440 q_pkts=78 q_bytes=117312 qdelay_l_ms=1.13538 qdelay_c_ms=37.0614 ecn_mark=218 drop=0
[QUEUE_STATS] t_ms=1456 q_pkts=79 q_bytes=118816 qdelay_l_ms=0.979541 qdelay_c_ms=37.3024 ecn_mark=218 drop=0
[QUEUE_STATS] t_ms=1472 q_pkts=68 q_bytes=102272 qdelay_l_ms=1.00384 qdelay_c_ms=32.9839 ecn_mark=218 drop=0
[QUEUE_STATS] t_ms=1488 q_pkts=68 q_bytes=102272 qdelay_l_ms=1.09677 qdelay_c_ms=31.8672 ecn_mark=218 drop=0
[QUEUE_STATS] t_ms=1504 q_pkts=70 q_bytes=105280 qdelay_l_ms=1.07589 qdelay_c_ms=30.0167 ecn_mark=218 drop=0
[QUEUE_STATS] t_ms=1520 q_pkts=77 q_bytes=115808 qdelay_l_ms=0.9844 qdelay_c_ms=30.7016 ecn_mark=218 drop=0
[QUEUE_STATS] t_ms=1536 q_pkts=78 q_bytes=117312 qdelay_l_ms=0.767272 qdelay_c_ms=32.0044 ecn_mark=218 drop=0
[QUEUE_STATS] t_ms=1552 q_pkts=80 q_bytes=120320 qdelay_l_ms=0 qdelay_c_ms=34.1384 ecn_mark=218 drop=0
[QUEUE_STATS] t_ms=1568 q_pkts=82 q_bytes=123328 qdelay_l_ms=1.07912 qdelay_c_ms=33.9395 ecn_mark=218 drop=0
[QUEUE_STATS] t_ms=1584 q_pkts=86 q_bytes=129344 qdelay_l_ms=0.972598 qdelay_c_ms=35.0277 ecn_mark=218 drop=0
[QUEUE_STATS] t_ms=1600 q_pkts=87 q_bytes=130848 qdelay_l_ms=1.01886 qdelay_c_ms=35.0675 ecn_mark=218 drop=0
[QUEUE_STATS] t_ms=1616 q_pkts=89 q_bytes=133856 qdelay_l_ms=1.0921 qdelay_c_ms=36.9857 ecn_mark=218 drop=0
[QUEUE_STATS] t_ms=1632 q_pkts=90 q_bytes=135360 qdelay_l_ms=1.09791 qdelay_c_ms=39.2115 ecn_mark=218 drop=0
[QUEUE_STATS] t_ms=1648 q_pkts=91 q_bytes=136864 qdelay_l_ms=1.08464 qdelay_c_ms=38.9015 ecn_mark=218 drop=0
[QUEUE_STATS] t_ms=1664 q_pkts=94 q_bytes=141376 qdelay_l_ms=1.13331 qdelay_c_ms=41.329 ecn_mark=218 drop=0
[QUEUE_STATS] t_ms=1680 q_pkts=97 q_bytes=145888 qdelay_l_ms=1.06519 qdelay_c_ms=43.1949 ecn_mark=218 drop=0
[QUEUE_STATS] t_ms=1696 q_pkts=100 q_bytes=150400 qdelay_l_ms=0.700416 qdelay_c_ms=42.1122 ecn_mark=218 drop=0
[QUEUE_STATS] t_ms=1712 q_pkts=103 q_bytes=154912 qdelay_l_ms=1.0735 qdelay_c_ms=43.3018 ecn_mark=218 drop=0
[QUEUE_STATS] t_ms=1728 q_pkts=105 q_bytes=157920 qdelay_l_ms=1.04152 qdelay_c_ms=46.0561 ecn_mark=218 drop=0
[QUEUE_STATS] t_ms=1744 q_pkts=106 q_bytes=159424 qdelay_l_ms=1.12008 qdelay_c_ms=45.9264 ecn_mark=218 drop=0
[QUEUE_STATS] t_ms=1760 q_pkts=108 q_bytes=162432 qdelay_l_ms=0.915902 qdelay_c_ms=47.7691 ecn_mark=218 drop=0
[QUEUE_STATS] t_ms=1776 q_pkts=110 q_bytes=165440 qdelay_l_ms=0.920841 qdelay_c_ms=47.8265 ecn_mark=219 drop=0
[QUEUE_STATS] t_ms=1792 q_pkts=109 q_bytes=163936 qdelay_l_ms=0.04789 qdelay_c_ms=49.6703 ecn_mark=219 drop=0
[QUEUE_STATS] t_ms=1808 q_pkts=111 q_bytes=166944 qdelay_l_ms=0 qdelay_c_ms=50.0799 ecn_mark=219 drop=0
[QUEUE_STATS] t_ms=1824 q_pkts=109 q_bytes=163936 qdelay_l_ms=1.07862 qdelay_c_ms=49.9524 ecn_mark=219 drop=0
[QUEUE_STATS] t_ms=1840 q_pkts=106 q_bytes=159424 qdelay_l_ms=1.07743 qdelay_c_ms=48.1587 ecn_mark=219 drop=0
[QUEUE_STATS] t_ms=1856 q_pkts=115 q_bytes=172960 qdelay_l_ms=1.02236 qdelay_c_ms=48.0252 ecn_mark=219 drop=0
[QUEUE_STATS] t_ms=1872 q_pkts=116 q_bytes=174464 qdelay_l_ms=0.967258 qdelay_c_ms=48.0686 ecn_mark=219 drop=0
[QUEUE_STATS] t_ms=1888 q_pkts=118 q_bytes=177472 qdelay_l_ms=0.960736 qdelay_c_ms=47.7857 ecn_mark=219 drop=0
[QUEUE_STATS] t_ms=1904 q_pkts=120 q_bytes=180480 qdelay_l_ms=0.97931 qdelay_c_ms=51.1272 ecn_mark=219 drop=0
[QUEUE_STATS] t_ms=1920 q_pkts=121 q_bytes=181984 qdelay_l_ms=1.07896 qdelay_c_ms=52.6338 ecn_mark=219 drop=0
[QUEUE_STATS] t_ms=1936 q_pkts=126 q_bytes=189504 qdelay_l_ms=0.943693 qdelay_c_ms=52.7547 ecn_mark=219 drop=0
[QUEUE_STATS] t_ms=1952 q_pkts=127 q_bytes=191008 qdelay_l_ms=0.706949 qdelay_c_ms=54.9076 ecn_mark=219 drop=0
[QUEUE_STATS] t_ms=1968 q_pkts=129 q_bytes=194016 qdelay_l_ms=0.90457 qdelay_c_ms=56.061 ecn_mark=219 drop=0
[QUEUE_STATS] t_ms=1984 q_pkts=129 q_bytes=194016 qdelay_l_ms=0.945226 qdelay_c_ms=54.9997 ecn_mark=219 drop=0
[QUEUE_STATS] t_ms=2000 q_pkts=135 q_bytes=203040 qdelay_l_ms=1.00568 qdelay_c_ms=57.8203 ecn_mark=219 drop=0
[QUEUE_STATS] t_ms=2016 q_pkts=136 q_bytes=204544 qdelay_l_ms=1.06317 qdelay_c_ms=58.8731 ecn_mark=219 drop=0
[QUEUE_STATS] t_ms=2032 q_pkts=137 q_bytes=206048 qdelay_l_ms=1.09611 qdelay_c_ms=57.8255 ecn_mark=219 drop=0
[QUEUE_STATS] t_ms=2048 q_pkts=139 q_bytes=209056 qdelay_l_ms=1.00991 qdelay_c_ms=62.1868 ecn_mark=219 drop=0
[QUEUE_STATS] t_ms=2064 q_pkts=142 q_bytes=213568 qdelay_l_ms=0.92028 qdelay_c_ms=61.6767 ecn_mark=219 drop=0
[QUEUE_STATS] t_ms=2080 q_pkts=143 q_bytes=215072 qdelay_l_ms=0.916453 qdelay_c_ms=61.8989 ecn_mark=219 drop=0
[QUEUE_STATS] t_ms=2096 q_pkts=146 q_bytes=219584 qdelay_l_ms=0.905221 qdelay_c_ms=66.0494 ecn_mark=219 drop=0
[QUEUE_STATS] t_ms=2112 q_pkts=147 q_bytes=221088 qdelay_l_ms=1.08488 qdelay_c_ms=64.6519 ecn_mark=219 drop=0
[QUEUE_STATS] t_ms=2128 q_pkts=150 q_bytes=225600 qdelay_l_ms=1.08062 qdelay_c_ms=65.056 ecn_mark=219 drop=0
[QUEUE_STATS] t_ms=2144 q_pkts=151 q_bytes=227104 qdelay_l_ms=1.0691 qdelay_c_ms=69.2055 ecn_mark=219 drop=0
[QUEUE_STATS] t_ms=2160 q_pkts=155 q_bytes=233120 qdelay_l_ms=1.06484 qdelay_c_ms=68.5359 ecn_mark=219 drop=0
[QUEUE_STATS] t_ms=2176 q_pkts=156 q_bytes=234624 qdelay_l_ms=1.07743 qdelay_c_ms=69.5314 ecn_mark=219 drop=0
[QUEUE_STATS] t_ms=2192 q_pkts=158 q_bytes=237632 qdelay_l_ms=1.03445 qdelay_c_ms=73.1073 ecn_mark=219 drop=0
[QUEUE_STATS] t_ms=2208 q_pkts=160 q_bytes=240640 qdelay_l_ms=0.85117 qdelay_c_ms=72.5433 ecn_mark=220 drop=0
[QUEUE_STATS] t_ms=2224 q_pkts=161 q_bytes=242144 qdelay_l_ms=1.10738 qdelay_c_ms=73.991 ecn_mark=220 drop=0
[QUEUE_STATS] t_ms=2240 q_pkts=166 q_bytes=249664 qdelay_l_ms=0.845879 qdelay_c_ms=76.124 ecn_mark=220 drop=0
[QUEUE_STATS] t_ms=2256 q_pkts=162 q_bytes=243648 qdelay_l_ms=0.891466 qdelay_c_ms=72.9237 ecn_mark=220 drop=0
[QUEUE_STATS] t_ms=2272 q_pkts=161 q_bytes=242144 qdelay_l_ms=1.07061 qdelay_c_ms=76.0765 ecn_mark=220 drop=0
[QUEUE_STATS] t_ms=2288 q_pkts=168 q_bytes=252672 qdelay_l_ms=0.864695 qdelay_c_ms=76.7173 ecn_mark=220 drop=0
[QUEUE_STATS] t_ms=2304 q_pkts=170 q_bytes=255680 qdelay_l_ms=1.09753 qdelay_c_ms=76.07 ecn_mark=220 drop=0
[QUEUE_STATS] t_ms=2320 q_pkts=170 q_bytes=255680 qdelay_l_ms=0.851731 qdelay_c_ms=79.8917 ecn_mark=220 drop=0
[QUEUE_STATS] t_ms=2336 q_pkts=172 q_bytes=258688 qdelay_l_ms=1.03956 qdelay_c_ms=78.019 ecn_mark=220 drop=0
[QUEUE_STATS] t_ms=2352 q_pkts=174 q_bytes=261696 qdelay_l_ms=0.631608 qdelay_c_ms=79.1642 ecn_mark=220 drop=0
[QUEUE_STATS] t_ms=2368 q_pkts=178 q_bytes=267712 qdelay_l_ms=1.0574 qdelay_c_ms=83.0859 ecn_mark=220 drop=0
[QUEUE_STATS] t_ms=2384 q_pkts=179 q_bytes=269216 qdelay_l_ms=1.14566 qdelay_c_ms=80.9103 ecn_mark=220 drop=0
[QUEUE_STATS] t_ms=2400 q_pkts=181 q_bytes=272224 qdelay_l_ms=0.87803 qdelay_c_ms=82.6952 ecn_mark=220 drop=0
[QUEUE_STATS] t_ms=2416 q_pkts=183 q_bytes=275232 qdelay_l_ms=0.87813 qdelay_c_ms=84.7293 ecn_mark=221 drop=0
[QUEUE_STATS] t_ms=2432 q_pkts=186 q_bytes=279744 qdelay_l_ms=0.875485 qdelay_c_ms=85.7677 ecn_mark=221 drop=0
[QUEUE_STATS] t_ms=2448 q_pkts=186 q_bytes=279744 qdelay_l_ms=1.04259 qdelay_c_ms=87.0544 ecn_mark=221 drop=0
[QUEUE_STATS] t_ms=2464 q_pkts=186 q_bytes=279744 qdelay_l_ms=0.838456 qdelay_c_ms=86.8565 ecn_mark=221 drop=0
[QUEUE_STATS] t_ms=2480 q_pkts=188 q_bytes=282752 qdelay_l_ms=1.0725 qdelay_c_ms=87.9478 ecn_mark=221 drop=0
[QUEUE_STATS] t_ms=2496 q_pkts=187 q_bytes=281248 qdelay_l_ms=0.914509 qdelay_c_ms=89.0265 ecn_mark=221 drop=0
[QUEUE_STATS] t_ms=2512 q_pkts=190 q_bytes=285760 qdelay_l_ms=1.09968 qdelay_c_ms=89.9876 ecn_mark=222 drop=0
[QUEUE_STATS] t_ms=2528 q_pkts=194 q_bytes=291776 qdelay_l_ms=1.11576 qdelay_c_ms=90.6348 ecn_mark=222 drop=0
[QUEUE_STATS] t_ms=2544 q_pkts=195 q_bytes=293280 qdelay_l_ms=0.711857 qdelay_c_ms=89.9 ecn_mark=222 drop=0
[QUEUE_STATS] t_ms=2560 q_pkts=195 q_bytes=293280 qdelay_l_ms=0.875796 qdelay_c_ms=90.678 ecn_mark=222 drop=0
[QUEUE_STATS] t_ms=2576 q_pkts=197 q_bytes=296288 qdelay_l_ms=0.889982 qdelay_c_ms=90.7002 ecn_mark=222 drop=0
[QUEUE_STATS] t_ms=2592 q_pkts=200 q_bytes=300800 qdelay_l_ms=1.04859 qdelay_c_ms=93.0123 ecn_mark=222 drop=0
[QUEUE_STATS] t_ms=2608 q_pkts=202 q_bytes=303808 qdelay_l_ms=0.873001 qdelay_c_ms=92.8525 ecn_mark=222 drop=0
[QUEUE_STATS] t_ms=2624 q_pkts=202 q_bytes=303808 qdelay_l_ms=1.07428 qdelay_c_ms=96.1118 ecn_mark=222 drop=0
[QUEUE_STATS] t_ms=2640 q_pkts=205 q_bytes=308320 qdelay_l_ms=0.866979 qdelay_c_ms=95.9496 ecn_mark=222 drop=0
[QUEUE_STATS] t_ms=2656 q_pkts=207 q_bytes=311328 qdelay_l_ms=1.08704 qdelay_c_ms=97.3605 ecn_mark=222 drop=0
[QUEUE_STATS] t_ms=2672 q_pkts=209 q_bytes=314336 qdelay_l_ms=0.858554 qdelay_c_ms=96.996 ecn_mark=222 drop=0
[QUEUE_STATS] t_ms=2688 q_pkts=211 q_bytes=317344 qdelay_l_ms=1.09416 qdelay_c_ms=98.9327 ecn_mark=222 drop=0
[QUEUE_STATS] t_ms=2704 q_pkts=212 q_bytes=318848 qdelay_l_ms=0.856139 qdelay_c_ms=99.8599 ecn_mark=222 drop=0
[QUEUE_STATS] t_ms=2720 q_pkts=217 q_bytes=326368 qdelay_l_ms=1.06665 qdelay_c_ms=103.119 ecn_mark=222 drop=0
[QUEUE_STATS] t_ms=2736 q_pkts=218 q_bytes=327872 qdelay_l_ms=0.969612 qdelay_c_ms=103.824 ecn_mark=222 drop=0
[QUEUE_STATS] t_ms=2752 q_pkts=219 q_bytes=329376 qdelay_l_ms=1.0801 qdelay_c_ms=106.009 ecn_mark=222 drop=0
[QUEUE_STATS] t_ms=2768 q_pkts=222 q_bytes=333888 qdelay_l_ms=0.835801 qdelay_c_ms=105.78 ecn_mark=223 drop=0
[QUEUE_STATS] t_ms=2784 q_pkts=223 q_bytes=335392 qdelay_l_ms=1.07177 qdelay_c_ms=107.857 ecn_mark=223 drop=0
[QUEUE_STATS] t_ms=2800 q_pkts=225 q_bytes=338400 qdelay_l_ms=1.07113 qdelay_c_ms=110.978 ecn_mark=224 drop=0
[QUEUE_STATS] t_ms=2816 q_pkts=225 q_bytes=338400 qdelay_l_ms=0.80863 qdelay_c_ms=109.006 ecn_mark=224 drop=0
[QUEUE_STATS] t_ms=2832 q_pkts=227 q_bytes=341408 qdelay_l_ms=1.0819 qdelay_c_ms=111.707 ecn_mark=224 drop=0
[QUEUE_STATS] t_ms=2848 q_pkts=229 q_bytes=344416 qdelay_l_ms=0.690789 qdelay_c_ms=112.749 ecn_mark=227 drop=0
[QUEUE_STATS] t_ms=2864 q_pkts=233 q_bytes=350432 qdelay_l_ms=0.66514 qdelay_c_ms=111.798 ecn_mark=227 drop=0
[QUEUE_STATS] t_ms=2880 q_pkts=232 q_bytes=348928 qdelay_l_ms=1.072 qdelay_c_ms=115.436 ecn_mark=227 drop=0
[QUEUE_STATS] t_ms=2896 q_pkts=232 q_bytes=348928 qdelay_l_ms=1.08505 qdelay_c_ms=115.305 ecn_mark=227 drop=0
[QUEUE_STATS] t_ms=2912 q_pkts=236 q_bytes=354944 qdelay_l_ms=1.06792 qdelay_c_ms=115.204 ecn_mark=228 drop=0
[QUEUE_STATS] t_ms=2928 q_pkts=238 q_bytes=357952 qdelay_l_ms=1.08733 qdelay_c_ms=117.132 ecn_mark=229 drop=0
[QUEUE_STATS] t_ms=2944 q_pkts=238 q_bytes=357952 qdelay_l_ms=0.849076 qdelay_c_ms=116.674 ecn_mark=229 drop=0
[QUEUE_STATS] t_ms=2960 q_pkts=240 q_bytes=360960 qdelay_l_ms=1.06898 qdelay_c_ms=116.112 ecn_mark=230 drop=0
[QUEUE_STATS] t_ms=2976 q_pkts=242 q_bytes=363968 qdelay_l_ms=0.752203 qdelay_c_ms=120.94 ecn_mark=230 drop=0
[QUEUE_STATS] t_ms=2992 q_pkts=241 q_bytes=362464 qdelay_l_ms=0.959153 qdelay_c_ms=117.221 ecn_mark=230 drop=0
[QUEUE_STATS] t_ms=3008 q_pkts=243 q_bytes=365472 qdelay_l_ms=0.641115 qdelay_c_ms=118.133 ecn_mark=232 drop=0
[QUEUE_STATS] t_ms=3024 q_pkts=245 q_bytes=368480 qdelay_l_ms=1.07234 qdelay_c_ms=122.264 ecn_mark=234 drop=0
[QUEUE_STATS] t_ms=3040 q_pkts=247 q_bytes=371488 qdelay_l_ms=0.860958 qdelay_c_ms=117.732 ecn_mark=234 drop=0
[QUEUE_STATS] t_ms=3056 q_pkts=250 q_bytes=376000 qdelay_l_ms=0.614064 qdelay_c_ms=121.838 ecn_mark=234 drop=0
[QUEUE_STATS] t_ms=3072 q_pkts=250 q_bytes=376000 qdelay_l_ms=0.966527 qdelay_c_ms=123.071 ecn_mark=234 drop=0
[QUEUE_STATS] t_ms=3088 q_pkts=251 q_bytes=377504 qdelay_l_ms=1.07524 qdelay_c_ms=121.019 ecn_mark=235 drop=0
[QUEUE_STATS] t_ms=3104 q_pkts=255 q_bytes=383520 qdelay_l_ms=1.11338 qdelay_c_ms=124.058 ecn_mark=235 drop=0
[QUEUE_STATS] t_ms=3120 q_pkts=257 q_bytes=386528 qdelay_l_ms=0.967188 qdelay_c_ms=125.026 ecn_mark=235 drop=0
[QUEUE_STATS] t_ms=3136 q_pkts=257 q_bytes=386528 qdelay_l_ms=1.10148 qdelay_c_ms=123.984 ecn_mark=235 drop=0
[QUEUE_STATS] t_ms=3152 q_pkts=259 q_bytes=389536 qdelay_l_ms=1.07972 qdelay_c_ms=127.078 ecn_mark=235 drop=0
[QUEUE_STATS] t_ms=3168 q_pkts=260 q_bytes=391040 qdelay_l_ms=1.07043 qdelay_c_ms=128.058 ecn_mark=235 drop=0
[QUEUE_STATS] t_ms=3184 q_pkts=261 q_bytes=392544 qdelay_l_ms=0.634552 qdelay_c_ms=128.759 ecn_mark=235 drop=0
[QUEUE_STATS] t_ms=3200 q_pkts=265 q_bytes=398560 qdelay_l_ms=1.10358 qdelay_c_ms=130.193 ecn_mark=235 drop=0
[QUEUE_STATS] t_ms=3216 q_pkts=265 q_bytes=398560 qdelay_l_ms=0.928916 qdelay_c_ms=129.998 ecn_mark=235 drop=0
[QUEUE_STATS] t_ms=3232 q_pkts=265 q_bytes=398560 qdelay_l_ms=1.09308 qdelay_c_ms=131.991 ecn_mark=235 drop=0
[QUEUE_STATS] t_ms=3248 q_pkts=270 q_bytes=406080 qdelay_l_ms=1.11943 qdelay_c_ms=132.879 ecn_mark=236 drop=0
[QUEUE_STATS] t_ms=3264 q_pkts=272 q_bytes=409088 qdelay_l_ms=0.899981 qdelay_c_ms=135.09 ecn_mark=236 drop=0
[QUEUE_STATS] t_ms=3280 q_pkts=272 q_bytes=409088 qdelay_l_ms=1.10076 qdelay_c_ms=134.996 ecn_mark=236 drop=0
[QUEUE_STATS] t_ms=3296 q_pkts=275 q_bytes=413600 qdelay_l_ms=1.08362 qdelay_c_ms=137.13 ecn_mark=236 drop=0
[QUEUE_STATS] t_ms=3312 q_pkts=273 q_bytes=410592 qdelay_l_ms=1.06812 qdelay_c_ms=137.197 ecn_mark=236 drop=0
[QUEUE_STATS] t_ms=3328 q_pkts=277 q_bytes=416608 qdelay_l_ms=0.885033 qdelay_c_ms=139.012 ecn_mark=237 drop=0
[QUEUE_STATS] t_ms=3344 q_pkts=281 q_bytes=422624 qdelay_l_ms=0.816184 qdelay_c_ms=139.87 ecn_mark=237 drop=0
[QUEUE_STATS] t_ms=3360 q_pkts=283 q_bytes=425632 qdelay_l_ms=1.09331 qdelay_c_ms=142.55 ecn_mark=238 drop=0
[QUEUE_STATS] t_ms=3376 q_pkts=283 q_bytes=425632 qdelay_l_ms=0.902265 qdelay_c_ms=141.14 ecn_mark=238 drop=0
[QUEUE_STATS] t_ms=3392 q_pkts=285 q_bytes=428640 qdelay_l_ms=1.07118 qdelay_c_ms=143.983 ecn_mark=239 drop=0
[QUEUE_STATS] t_ms=3408 q_pkts=287 q_bytes=431648 qdelay_l_ms=1.0895 qdelay_c_ms=145.583 ecn_mark=239 drop=0
[QUEUE_STATS] t_ms=3424 q_pkts=290 q_bytes=436160 qdelay_l_ms=0.816194 qdelay_c_ms=144.886 ecn_mark=239 drop=0
[QUEUE_STATS] t_ms=3440 q_pkts=288 q_bytes=433152 qdelay_l_ms=1.02854 qdelay_c_ms=145.957 ecn_mark=239 drop=0
[QUEUE_STATS] t_ms=3456 q_pkts=289 q_bytes=434656 qdelay_l_ms=1.08261 qdelay_c_ms=148.068 ecn_mark=239 drop=0
[QUEUE_STATS] t_ms=3472 q_pkts=293 q_bytes=440672 qdelay_l_ms=0.804472 qdelay_c_ms=146.652 ecn_mark=240 drop=0
[QUEUE_STATS] t_ms=3488 q_pkts=294 q_bytes=442176 qdelay_l_ms=1.03426 qdelay_c_ms=151.068 ecn_mark=240 drop=0
[QUEUE_STATS] t_ms=3504 q_pkts=296 q_bytes=445184 qdelay_l_ms=1.06656 qdelay_c_ms=152.922 ecn_mark=241 drop=0
[QUEUE_STATS] t_ms=3520 q_pkts=298 q_bytes=448192 qdelay_l_ms=1.08521 qdelay_c_ms=150.174 ecn_mark=242 drop=0
[QUEUE_STATS] t_ms=3536 q_pkts=300 q_bytes=451200 qdelay_l_ms=1.09318 qdelay_c_ms=155.732 ecn_mark=242 drop=0
[QUEUE_STATS] t_ms=3552 q_pkts=302 q_bytes=454208 qdelay_l_ms=1.10108 qdelay_c_ms=154.849 ecn_mark=243 drop=0
[QUEUE_STATS] t_ms=3568 q_pkts=302 q_bytes=454208 qdelay_l_ms=1.10012 qdelay_c_ms=153.945 ecn_mark=243 drop=0
[QUEUE_STATS] t_ms=3584 q_pkts=304 q_bytes=457216 qdelay_l_ms=0.823949 qdelay_c_ms=158.053 ecn_mark=243 drop=0
[QUEUE_STATS] t_ms=3600 q_pkts=308 q_bytes=463232 qdelay_l_ms=1.07798 qdelay_c_ms=158.155 ecn_mark=243 drop=0
[QUEUE_STATS] t_ms=3616 q_pkts=308 q_bytes=463232 qdelay_l_ms=1.06301 qdelay_c_ms=159.123 ecn_mark=243 drop=0
[QUEUE_STATS] t_ms=3632 q_pkts=309 q_bytes=464736 qdelay_l_ms=1.07165 qdelay_c_ms=162.914 ecn_mark=243 drop=0
[QUEUE_STATS] t_ms=3648 q_pkts=311 q_bytes=467744 qdelay_l_ms=1.09203 qdelay_c_ms=162.88 ecn_mark=243 drop=0
[QUEUE_STATS] t_ms=3664 q_pkts=312 q_bytes=469248 qdelay_l_ms=1.07528 qdelay_c_ms=163.155 ecn_mark=243 drop=0
[QUEUE_STATS] t_ms=3680 q_pkts=317 q_bytes=476768 qdelay_l_ms=1.10516 qdelay_c_ms=167.87 ecn_mark=243 drop=0
[QUEUE_STATS] t_ms=3696 q_pkts=316 q_bytes=475264 qdelay_l_ms=1.08807 qdelay_c_ms=166.847 ecn_mark=243 drop=0
[QUEUE_STATS] t_ms=3712 q_pkts=316 q_bytes=475264 qdelay_l_ms=1.08463 qdelay_c_ms=167.903 ecn_mark=243 drop=0
[QUEUE_STATS] t_ms=3728 q_pkts=322 q_bytes=484288 qdelay_l_ms=0.775156 qdelay_c_ms=171.716 ecn_mark=244 drop=0
[QUEUE_STATS] t_ms=3744 q_pkts=320 q_bytes=481280 qdelay_l_ms=1.08391 qdelay_c_ms=172.119 ecn_mark=245 drop=0
[QUEUE_STATS] t_ms=3760 q_pkts=324 q_bytes=487296 qdelay_l_ms=1.07687 qdelay_c_ms=172.228 ecn_mark=245 drop=0
[QUEUE_STATS] t_ms=3776 q_pkts=325 q_bytes=488800 qdelay_l_ms=0.970293 qdelay_c_ms=177.151 ecn_mark=245 drop=0
[QUEUE_STATS] t_ms=3792 q_pkts=323 q_bytes=485792 qdelay_l_ms=1.07044 qdelay_c_ms=176.98 ecn_mark=246 drop=0
[QUEUE_STATS] t_ms=3808 q_pkts=329 q_bytes=494816 qdelay_l_ms=1.06796 qdelay_c_ms=178.04 ecn_mark=247 drop=0
[QUEUE_STATS] t_ms=3824 q_pkts=331 q_bytes=497824 qdelay_l_ms=1.07161 qdelay_c_ms=181.28 ecn_mark=247 drop=0
[QUEUE_STATS] t_ms=3840 q_pkts=332 q_bytes=499328 qdelay_l_ms=0.961397 qdelay_c_ms=182.915 ecn_mark=247 drop=0
[QUEUE_STATS] t_ms=3856 q_pkts=332 q_bytes=499328 qdelay_l_ms=0.761071 qdelay_c_ms=181.943 ecn_mark=247 drop=0
[QUEUE_STATS] t_ms=3872 q_pkts=335 q_bytes=503840 qdelay_l_ms=1.09653 qdelay_c_ms=184.939 ecn_mark=249 drop=0
[QUEUE_STATS] t_ms=3888 q_pkts=336 q_bytes=505344 qdelay_l_ms=1.0761 qdelay_c_ms=187.893 ecn_mark=250 drop=0
[QUEUE_STATS] t_ms=3904 q_pkts=336 q_bytes=505344 qdelay_l_ms=0.758616 qdelay_c_ms=186.024 ecn_mark=251 drop=0
[QUEUE_STATS] t_ms=3920 q_pkts=339 q_bytes=509856 qdelay_l_ms=1.07923 qdelay_c_ms=189.189 ecn_mark=251 drop=0
[QUEUE_STATS] t_ms=3936 q_pkts=341 q_bytes=512864 qdelay_l_ms=1.08719 qdelay_c_ms=191.019 ecn_mark=251 drop=0
[QUEUE_STATS] t_ms=3952 q_pkts=342 q_bytes=514368 qdelay_l_ms=1.06537 qdelay_c_ms=190.892 ecn_mark=252 drop=0
[QUEUE_STATS] t_ms=3968 q_pkts=342 q_bytes=514368 qdelay_l_ms=1.06603 qdelay_c_ms=194.186 ecn_mark=252 drop=0
[QUEUE_STATS] t_ms=3984 q_pkts=344 q_bytes=517376 qdelay_l_ms=1.06876 qdelay_c_ms=196.048 ecn_mark=252 drop=0
[QUEUE_STATS] t_ms=4000 q_pkts=347 q_bytes=521888 qdelay_l_ms=1.06832 qdelay_c_ms=193.633 ecn_mark=255 drop=0
[QUEUE_STATS] t_ms=4016 q_pkts=348 q_bytes=523392 qdelay_l_ms=1.10108 qdelay_c_ms=198.111 ecn_mark=255 drop=0
[QUEUE_STATS] t_ms=4032 q_pkts=351 q_bytes=527904 qdelay_l_ms=0.756863 qdelay_c_ms=197.676 ecn_mark=255 drop=0
[QUEUE_STATS] t_ms=4048 q_pkts=351 q_bytes=527904 qdelay_l_ms=0.747515 qdelay_c_ms=197.733 ecn_mark=255 drop=0
[QUEUE_STATS] t_ms=4064 q_pkts=352 q_bytes=529408 qdelay_l_ms=0.747294 qdelay_c_ms=201.728 ecn_mark=257 drop=0
[QUEUE_STATS] t_ms=4080 q_pkts=354 q_bytes=532416 qdelay_l_ms=1.08295 qdelay_c_ms=200.918 ecn_mark=257 drop=0
[QUEUE_STATS] t_ms=4096 q_pkts=355 q_bytes=533920 qdelay_l_ms=1.09265 qdelay_c_ms=202.091 ecn_mark=259 drop=0
[QUEUE_STATS] t_ms=4112 q_pkts=358 q_bytes=538432 qdelay_l_ms=1.09675 qdelay_c_ms=207.138 ecn_mark=259 drop=0
[QUEUE_STATS] t_ms=4128 q_pkts=358 q_bytes=538432 qdelay_l_ms=1.09113 qdelay_c_ms=204.45 ecn_mark=261 drop=0
[QUEUE_STATS] t_ms=4144 q_pkts=360 q_bytes=541440 qdelay_l_ms=0.676982 qdelay_c_ms=206.741 ecn_mark=261 drop=0
[QUEUE_STATS] t_ms=4160 q_pkts=363 q_bytes=545952 qdelay_l_ms=1.1021 qdelay_c_ms=209.03 ecn_mark=262 drop=0
[QUEUE_STATS] t_ms=4176 q_pkts=362 q_bytes=544448 qdelay_l_ms=0.729441 qdelay_c_ms=209.82 ecn_mark=263 drop=0
[QUEUE_STATS] t_ms=4192 q_pkts=363 q_bytes=545952 qdelay_l_ms=1.09607 qdelay_c_ms=212.205 ecn_mark=263 drop=0
[QUEUE_STATS] t_ms=4208 q_pkts=365 q_bytes=548960 qdelay_l_ms=0.736083 qdelay_c_ms=212.981 ecn_mark=266 drop=0
[QUEUE_STATS] t_ms=4224 q_pkts=365 q_bytes=548960 qdelay_l_ms=1.09354 qdelay_c_ms=214.874 ecn_mark=266 drop=0
[QUEUE_STATS] t_ms=4240 q_pkts=368 q_bytes=553472 qdelay_l_ms=1.09591 qdelay_c_ms=214.85 ecn_mark=267 drop=0
[QUEUE_STATS] t_ms=4256 q_pkts=371 q_bytes=557984 qdelay_l_ms=0.726726 qdelay_c_ms=216.944 ecn_mark=267 drop=0
[QUEUE_STATS] t_ms=4272 q_pkts=370 q_bytes=556480 qdelay_l_ms=1.09458 qdelay_c_ms=219.029 ecn_mark=268 drop=0
[QUEUE_STATS] t_ms=4288 q_pkts=370 q_bytes=556480 qdelay_l_ms=1.08889 qdelay_c_ms=217.908 ecn_mark=268 drop=0
[QUEUE_STATS] t_ms=4304 q_pkts=374 q_bytes=562496 qdelay_l_ms=1.1139 qdelay_c_ms=222.098 ecn_mark=270 drop=0
[QUEUE_STATS] t_ms=4320 q_pkts=372 q_bytes=559488 qdelay_l_ms=1.08553 qdelay_c_ms=223.04 ecn_mark=271 drop=0
[QUEUE_STATS] t_ms=4336 q_pkts=378 q_bytes=567060 qdelay_l_ms=1.10287 qdelay_c_ms=222.087 ecn_mark=272 drop=0
[QUEUE_STATS] t_ms=4352 q_pkts=378 q_bytes=567060 qdelay_l_ms=0.650623 qdelay_c_ms=223.02 ecn_mark=272 drop=0
[QUEUE_STATS] t_ms=4368 q_pkts=382 q_bytes=573076 qdelay_l_ms=1.08966 qdelay_c_ms=225.843 ecn_mark=272 drop=0
[QUEUE_STATS] t_ms=4384 q_pkts=383 q_bytes=574580 qdelay_l_ms=0.727918 qdelay_c_ms=226.671 ecn_mark=273 drop=0
[QUEUE_STATS] t_ms=4400 q_pkts=384 q_bytes=576084 qdelay_l_ms=1.08141 qdelay_c_ms=229.014 ecn_mark=274 drop=0
[QUEUE_STATS] t_ms=4416 q_pkts=386 q_bytes=579092 qdelay_l_ms=1.09859 qdelay_c_ms=226.304 ecn_mark=275 drop=0
[QUEUE_STATS] t_ms=4432 q_pkts=385 q_bytes=577588 qdelay_l_ms=1.08169 qdelay_c_ms=231.112 ecn_mark=275 drop=0
[QUEUE_STATS] t_ms=4448 q_pkts=389 q_bytes=583604 qdelay_l_ms=0.697822 qdelay_c_ms=233.728 ecn_mark=277 drop=0
[QUEUE_STATS] t_ms=4464 q_pkts=389 q_bytes=583604 qdelay_l_ms=1.09099 qdelay_c_ms=232.008 ecn_mark=278 drop=0
[QUEUE_STATS] t_ms=4480 q_pkts=390 q_bytes=585108 qdelay_l_ms=1.0855 qdelay_c_ms=236.002 ecn_mark=279 drop=0
[QUEUE_STATS] t_ms=4496 q_pkts=394 q_bytes=591124 qdelay_l_ms=1.09183 qdelay_c_ms=238.095 ecn_mark=279 drop=0
[QUEUE_STATS] t_ms=4512 q_pkts=394 q_bytes=591124 qdelay_l_ms=1.07979 qdelay_c_ms=237.095 ecn_mark=283 drop=0
[QUEUE_STATS] t_ms=4528 q_pkts=396 q_bytes=594132 qdelay_l_ms=1.07691 qdelay_c_ms=242.205 ecn_mark=284 drop=0
[QUEUE_STATS] t_ms=4544 q_pkts=397 q_bytes=595636 qdelay_l_ms=1.08936 qdelay_c_ms=239.856 ecn_mark=285 drop=0
[QUEUE_STATS] t_ms=4560 q_pkts=397 q_bytes=595636 qdelay_l_ms=1.05363 qdelay_c_ms=239.849 ecn_mark=285 drop=0
[QUEUE_STATS] t_ms=4576 q_pkts=396 q_bytes=595584 qdelay_l_ms=1.09135 qdelay_c_ms=244.955 ecn_mark=286 drop=0
[QUEUE_STATS] t_ms=4592 q_pkts=401 q_bytes=603104 qdelay_l_ms=1.1098 qdelay_c_ms=245.077 ecn_mark=286 drop=0
[QUEUE_STATS] t_ms=4608 q_pkts=401 q_bytes=603104 qdelay_l_ms=1.1104 qdelay_c_ms=245.555 ecn_mark=288 drop=0
[QUEUE_STATS] t_ms=4624 q_pkts=399 q_bytes=600096 qdelay_l_ms=1.07338 qdelay_c_ms=248.807 ecn_mark=288 drop=0
[QUEUE_STATS] t_ms=4640 q_pkts=402 q_bytes=604608 qdelay_l_ms=0.530497 qdelay_c_ms=247.829 ecn_mark=292 drop=0
[QUEUE_STATS] t_ms=4656 q_pkts=403 q_bytes=606112 qdelay_l_ms=1.07405 qdelay_c_ms=249.717 ecn_mark=295 drop=0
[QUEUE_STATS] t_ms=4672 q_pkts=407 q_bytes=612128 qdelay_l_ms=0.662695 qdelay_c_ms=252.7 ecn_mark=295 drop=0
[QUEUE_STATS] t_ms=4688 q_pkts=404 q_bytes=607616 qdelay_l_ms=0.90441 qdelay_c_ms=251.612 ecn_mark=297 drop=0
[QUEUE_STATS] t_ms=4704 q_pkts=404 q_bytes=607616 qdelay_l_ms=1.08229 qdelay_c_ms=252.223 ecn_mark=297 drop=0
[QUEUE_STATS] t_ms=4720 q_pkts=409 q_bytes=615136 qdelay_l_ms=1.07265 qdelay_c_ms=255.889 ecn_mark=298 drop=0
[QUEUE_STATS] t_ms=4736 q_pkts=408 q_bytes=613632 qdelay_l_ms=1.07429 qdelay_c_ms=254.796 ecn_mark=300 drop=0
[QUEUE_STATS] t_ms=4752 q_pkts=411 q_bytes=618144 qdelay_l_ms=0.616699 qdelay_c_ms=255.075 ecn_mark=300 drop=0
[QUEUE_STATS] t_ms=4768 q_pkts=413 q_bytes=621152 qdelay_l_ms=0.718731 qdelay_c_ms=257.982 ecn_mark=302 drop=0
[QUEUE_STATS] t_ms=4784 q_pkts=412 q_bytes=619648 qdelay_l_ms=1.07603 qdelay_c_ms=258.217 ecn_mark=303 drop=0
[QUEUE_STATS] t_ms=4800 q_pkts=410 q_bytes=616640 qdelay_l_ms=0.882258 qdelay_c_ms=259.908 ecn_mark=304 drop=0
[QUEUE_STATS] t_ms=4816 q_pkts=416 q_bytes=625664 qdelay_l_ms=1.08312 qdelay_c_ms=259.083 ecn_mark=306 drop=0
[QUEUE_STATS] t_ms=4832 q_pkts=415 q_bytes=624160 qdelay_l_ms=1.0762 qdelay_c_ms=260.934 ecn_mark=308 drop=0
[QUEUE_STATS] t_ms=4848 q_pkts=417 q_bytes=627168 qdelay_l_ms=0.892858 qdelay_c_ms=261.879 ecn_mark=310 drop=0
[QUEUE_STATS] t_ms=4864 q_pkts=417 q_bytes=627168 qdelay_l_ms=1.06316 qdelay_c_ms=260.103 ecn_mark=311 drop=0
[QUEUE_STATS] t_ms=4880 q_pkts=417 q_bytes=627168 qdelay_l_ms=1.097 qdelay_c_ms=261.146 ecn_mark=312 drop=0
[QUEUE_STATS] t_ms=4896 q_pkts=422 q_bytes=634688 qdelay_l_ms=0.900402 qdelay_c_ms=264.819 ecn_mark=312 drop=0
[QUEUE_STATS] t_ms=4912 q_pkts=423 q_bytes=636192 qdelay_l_ms=1.07654 qdelay_c_ms=262.889 ecn_mark=314 drop=0
[QUEUE_STATS] t_ms=4928 q_pkts=422 q_bytes=634688 qdelay_l_ms=1.1038 qdelay_c_ms=263.964 ecn_mark=315 drop=0
[QUEUE_STATS] t_ms=4944 q_pkts=424 q_bytes=637696 qdelay_l_ms=0.539053 qdelay_c_ms=265.927 ecn_mark=316 drop=0
[QUEUE_STATS] t_ms=4960 q_pkts=427 q_bytes=642208 qdelay_l_ms=1.08535 qdelay_c_ms=265.034 ecn_mark=316 drop=0
[QUEUE_STATS] t_ms=4976 q_pkts=427 q_bytes=642208 qdelay_l_ms=0.546487 qdelay_c_ms=264.554 ecn_mark=319 drop=0
[QUEUE_STATS] t_ms=4992 q_pkts=427 q_bytes=642208 qdelay_l_ms=1.05169 qdelay_c_ms=268.45 ecn_mark=321 drop=0
[QUEUE_STATS] t_ms=5008 q_pkts=429 q_bytes=645216 qdelay_l_ms=1.08836 qdelay_c_ms=265.91 ecn_mark=323 drop=0
[QUEUE_STATS] t_ms=5024 q_pkts=430 q_bytes=646720 qdelay_l_ms=0.710436 qdelay_c_ms=266.698 ecn_mark=323 drop=0
[QUEUE_STATS] t_ms=5040 q_pkts=431 q_bytes=648224 qdelay_l_ms=1.07228 qdelay_c_ms=267.811 ecn_mark=325 drop=0
[QUEUE_STATS] t_ms=5056 q_pkts=433 q_bytes=651232 qdelay_l_ms=1.09047 qdelay_c_ms=266.786 ecn_mark=327 drop=0
[QUEUE_STATS] t_ms=5072 q_pkts=431 q_bytes=648224 qdelay_l_ms=0.544794 qdelay_c_ms=267.839 ecn_mark=331 drop=0
[QUEUE_STATS] t_ms=5088 q_pkts=434 q_bytes=652736 qdelay_l_ms=0.723209 qdelay_c_ms=271.666 ecn_mark=334 drop=0
[QUEUE_STATS] t_ms=5104 q_pkts=436 q_bytes=655744 qdelay_l_ms=0.723289 qdelay_c_ms=269.805 ecn_mark=338 drop=0
[QUEUE_STATS] t_ms=5120 q_pkts=436 q_bytes=655744 qdelay_l_ms=1.0901 qdelay_c_ms=269.716 ecn_mark=340 drop=0
[QUEUE_STATS] t_ms=5136 q_pkts=437 q_bytes=657248 qdelay_l_ms=1.06478 qdelay_c_ms=271.383 ecn_mark=341 drop=0
[QUEUE_STATS] t_ms=5152 q_pkts=440 q_bytes=661760 qdelay_l_ms=1.06902 qdelay_c_ms=271.776 ecn_mark=342 drop=0
[QUEUE_STATS] t_ms=5168 q_pkts=437 q_bytes=657248 qdelay_l_ms=1.08913 qdelay_c_ms=269.782 ecn_mark=343 drop=0
[QUEUE_STATS] t_ms=5184 q_pkts=441 q_bytes=663264 qdelay_l_ms=0.940718 qdelay_c_ms=274.13 ecn_mark=345 drop=0
[QUEUE_STATS] t_ms=5200 q_pkts=442 q_bytes=664768 qdelay_l_ms=1.06468 qdelay_c_ms=272.108 ecn_mark=347 drop=0
[QUEUE_STATS] t_ms=5216 q_pkts=443 q_bytes=666272 qdelay_l_ms=1.08831 qdelay_c_ms=271.129 ecn_mark=348 drop=0
[QUEUE_STATS] t_ms=5232 q_pkts=443 q_bytes=666272 qdelay_l_ms=1.09497 qdelay_c_ms=273.885 ecn_mark=350 drop=0
[QUEUE_STATS] t_ms=5248 q_pkts=444 q_bytes=667776 qdelay_l_ms=0.946068 qdelay_c_ms=272.861 ecn_mark=353 drop=0
[QUEUE_STATS] t_ms=5264 q_pkts=445 q_bytes=669280 qdelay_l_ms=1.09828 qdelay_c_ms=271.914 ecn_mark=357 drop=0
[QUEUE_STATS] t_ms=5280 q_pkts=447 q_bytes=672288 qdelay_l_ms=0.945597 qdelay_c_ms=274.112 ecn_mark=360 drop=0
[QUEUE_STATS] t_ms=5296 q_pkts=449 q_bytes=675296 qdelay_l_ms=1.10446 qdelay_c_ms=272.993 ecn_mark=361 drop=0
[QUEUE_STATS] t_ms=5312 q_pkts=449 q_bytes=675296 qdelay_l_ms=0.727337 qdelay_c_ms=272.875 ecn_mark=362 drop=0
[QUEUE_STATS] t_ms=5328 q_pkts=451 q_bytes=678304 qdelay_l_ms=1.09346 qdelay_c_ms=275.096 ecn_mark=362 drop=0
[QUEUE_STATS] t_ms=5344 q_pkts=452 q_bytes=679808 qdelay_l_ms=1.0716 qdelay_c_ms=273.922 ecn_mark=362 drop=0
[QUEUE_STATS] t_ms=5360 q_pkts=452 q_bytes=679808 qdelay_l_ms=1.08869 qdelay_c_ms=271.04 ecn_mark=363 drop=0
[QUEUE_STATS] t_ms=5376 q_pkts=453 q_bytes=681312 qdelay_l_ms=0.702811 qdelay_c_ms=273.854 ecn_mark=364 drop=0
[QUEUE_STATS] t_ms=5392 q_pkts=455 q_bytes=684320 qdelay_l_ms=1.07932 qdelay_c_ms=271.99 ecn_mark=367 drop=0
[QUEUE_STATS] t_ms=5408 q_pkts=454 q_bytes=682816 qdelay_l_ms=1.07944 qdelay_c_ms=270.759 ecn_mark=370 drop=0
[QUEUE_STATS] t_ms=5424 q_pkts=457 q_bytes=687328 qdelay_l_ms=1.07477 qdelay_c_ms=273.423 ecn_mark=372 drop=0
[QUEUE_STATS] t_ms=5440 q_pkts=459 q_bytes=690336 qdelay_l_ms=1.09963 qdelay_c_ms=271.922 ecn_mark=375 drop=0
[QUEUE_STATS] t_ms=5456 q_pkts=459 q_bytes=690336 qdelay_l_ms=1.08568 qdelay_c_ms=271.04 ecn_mark=375 drop=0
[QUEUE_STATS] t_ms=5472 q_pkts=460 q_bytes=691840 qdelay_l_ms=0.951839 qdelay_c_ms=273.069 ecn_mark=375 drop=0
[QUEUE_STATS] t_ms=5488 q_pkts=462 q_bytes=694848 qdelay_l_ms=0.748447 qdelay_c_ms=269.985 ecn_mark=376 drop=0
[QUEUE_STATS] t_ms=5504 q_pkts=464 q_bytes=697856 qdelay_l_ms=1.08419 qdelay_c_ms=270.883 ecn_mark=378 drop=0
[QUEUE_STATS] t_ms=5520 q_pkts=466 q_bytes=700864 qdelay_l_ms=0.754999 qdelay_c_ms=271.69 ecn_mark=381 drop=0
[QUEUE_STATS] t_ms=5536 q_pkts=465 q_bytes=699360 qdelay_l_ms=1.07061 qdelay_c_ms=269.395 ecn_mark=386 drop=0
[QUEUE_STATS] t_ms=5552 q_pkts=466 q_bytes=700864 qdelay_l_ms=1.07214 qdelay_c_ms=269.961 ecn_mark=386 drop=0
[QUEUE_STATS] t_ms=5568 q_pkts=470 q_bytes=706880 qdelay_l_ms=1.07055 qdelay_c_ms=273.038 ecn_mark=387 drop=0
[QUEUE_STATS] t_ms=5584 q_pkts=467 q_bytes=702368 qdelay_l_ms=1.08897 qdelay_c_ms=268.834 ecn_mark=388 drop=0
[QUEUE_STATS] t_ms=5600 q_pkts=470 q_bytes=706880 qdelay_l_ms=1.07074 qdelay_c_ms=271.034 ecn_mark=391 drop=0
[QUEUE_STATS] t_ms=5616 q_pkts=471 q_bytes=708384 qdelay_l_ms=1.09625 qdelay_c_ms=271.098 ecn_mark=393 drop=0
[QUEUE_STATS] t_ms=5632 q_pkts=471 q_bytes=708384 qdelay_l_ms=1.07843 qdelay_c_ms=268.131 ecn_mark=395 drop=0
[QUEUE_STATS] t_ms=5648 q_pkts=472 q_bytes=709888 qdelay_l_ms=1.06556 qdelay_c_ms=271.079 ecn_mark=399 drop=0
[QUEUE_STATS] t_ms=5664 q_pkts=474 q_bytes=712896 qdelay_l_ms=1.05523 qdelay_c_ms=271.138 ecn_mark=402 drop=0
[QUEUE_STATS] t_ms=5680 q_pkts=472 q_bytes=709888 qdelay_l_ms=1.09096 qdelay_c_ms=270.325 ecn_mark=402 drop=0
[QUEUE_STATS] t_ms=5696 q_pkts=475 q_bytes=714400 qdelay_l_ms=1.06418 qdelay_c_ms=269.962 ecn_mark=404 drop=0
[QUEUE_STATS] t_ms=5712 q_pkts=478 q_bytes=718912 qdelay_l_ms=1.0855 qdelay_c_ms=270.13 ecn_mark=406 drop=0
[QUEUE_STATS] t_ms=5728 q_pkts=479 q_bytes=720416 qdelay_l_ms=0.671102 qdelay_c_ms=269.918 ecn_mark=408 drop=0
[QUEUE_STATS] t_ms=5744 q_pkts=480 q_bytes=721920 qdelay_l_ms=0.817176 qdelay_c_ms=270.881 ecn_mark=408 drop=0
[QUEUE_STATS] t_ms=5760 q_pkts=478 q_bytes=718912 qdelay_l_ms=0.831934 qdelay_c_ms=269.744 ecn_mark=408 drop=0
[QUEUE_STATS] t_ms=5776 q_pkts=483 q_bytes=726432 qdelay_l_ms=1.03414 qdelay_c_ms=270.039 ecn_mark=411 drop=0
[QUEUE_STATS] t_ms=5792 q_pkts=486 q_bytes=730944 qdelay_l_ms=1.08217 qdelay_c_ms=270.965 ecn_mark=411 drop=0
[QUEUE_STATS] t_ms=5808 q_pkts=484 q_bytes=727936 qdelay_l_ms=1.07779 qdelay_c_ms=270.873 ecn_mark=413 drop=0
[QUEUE_STATS] t_ms=5824 q_pkts=486 q_bytes=730944 qdelay_l_ms=1.05768 qdelay_c_ms=270.726 ecn_mark=417 drop=0
[QUEUE_STATS] t_ms=5840 q_pkts=489 q_bytes=735456 qdelay_l_ms=0.992535 qdelay_c_ms=271.122 ecn_mark=419 drop=0
[QUEUE_STATS] t_ms=5856 q_pkts=491 q_bytes=738464 qdelay_l_ms=0.540536 qdelay_c_ms=271.78 ecn_mark=422 drop=0
[QUEUE_STATS] t_ms=5872 q_pkts=489 q_bytes=735456 qdelay_l_ms=0.832675 qdelay_c_ms=269.851 ecn_mark=424 drop=0
[QUEUE_STATS] t_ms=5888 q_pkts=482 q_bytes=724928 qdelay_l_ms=1.00676 qdelay_c_ms=270.052 ecn_mark=425 drop=0
[QUEUE_STATS] t_ms=5904 q_pkts=475 q_bytes=714400 qdelay_l_ms=0.713521 qdelay_c_ms=271.016 ecn_mark=425 drop=0
[QUEUE_STATS] t_ms=5920 q_pkts=463 q_bytes=696352 qdelay_l_ms=1.06791 qdelay_c_ms=267.057 ecn_mark=426 drop=0
[QUEUE_STATS] t_ms=5936 q_pkts=455 q_bytes=684320 qdelay_l_ms=1.06269 qdelay_c_ms=271.308 ecn_mark=426 drop=0
[QUEUE_STATS] t_ms=5952 q_pkts=449 q_bytes=675296 qdelay_l_ms=1.09501 qdelay_c_ms=270.732 ecn_mark=429 drop=0
[QUEUE_STATS] t_ms=5968 q_pkts=438 q_bytes=658752 qdelay_l_ms=0 qdelay_c_ms=269.214 ecn_mark=430 drop=0
[QUEUE_STATS] t_ms=5984 q_pkts=429 q_bytes=645216 qdelay_l_ms=1.09532 qdelay_c_ms=269.782 ecn_mark=432 drop=0
[QUEUE_STATS] t_ms=6000 q_pkts=422 q_bytes=634688 qdelay_l_ms=1.08647 qdelay_c_ms=270.19 ecn_mark=433 drop=0
[QUEUE_STATS] t_ms=6016 q_pkts=410 q_bytes=616640 qdelay_l_ms=1.07797 qdelay_c_ms=267.97 ecn_mark=434 drop=0
[QUEUE_STATS] t_ms=6032 q_pkts=403 q_bytes=606112 qdelay_l_ms=1.08369 qdelay_c_ms=269.185 ecn_mark=436 drop=0
[QUEUE_STATS] t_ms=6048 q_pkts=395 q_bytes=594080 qdelay_l_ms=0.800264 qdelay_c_ms=269.765 ecn_mark=437 drop=0
[QUEUE_STATS] t_ms=6064 q_pkts=382 q_bytes=574528 qdelay_l_ms=0.917014 qdelay_c_ms=269.128 ecn_mark=440 drop=0
[QUEUE_STATS] t_ms=6080 q_pkts=375 q_bytes=564000 qdelay_l_ms=1.00274 qdelay_c_ms=269.856 ecn_mark=444 drop=0
[QUEUE_STATS] t_ms=6096 q_pkts=367 q_bytes=551968 qdelay_l_ms=1.05824 qdelay_c_ms=269.068 ecn_mark=450 drop=0
[QUEUE_STATS] t_ms=6112 q_pkts=354 q_bytes=532416 qdelay_l_ms=0.924037 qdelay_c_ms=265.931 ecn_mark=453 drop=0
[QUEUE_STATS] t_ms=6128 q_pkts=347 q_bytes=521888 qdelay_l_ms=1.05215 qdelay_c_ms=267.371 ecn_mark=456 drop=0
[QUEUE_STATS] t_ms=6144 q_pkts=338 q_bytes=508352 qdelay_l_ms=0.955465 qdelay_c_ms=266.977 ecn_mark=456 drop=0
[QUEUE_STATS] t_ms=6160 q_pkts=328 q_bytes=493312 qdelay_l_ms=0.953502 qdelay_c_ms=253.878 ecn_mark=456 drop=0
[QUEUE_STATS] t_ms=6176 q_pkts=318 q_bytes=478272 qdelay_l_ms=1.06518 qdelay_c_ms=249.241 ecn_mark=460 drop=0
[QUEUE_STATS] t_ms=6192 q_pkts=316 q_bytes=475264 qdelay_l_ms=0 qdelay_c_ms=238.952 ecn_mark=464 drop=0
[QUEUE_STATS] t_ms=6208 q_pkts=313 q_bytes=470752 qdelay_l_ms=0.979741 qdelay_c_ms=227.969 ecn_mark=466 drop=0
[QUEUE_STATS] t_ms=6224 q_pkts=314 q_bytes=472256 qdelay_l_ms=0.841833 qdelay_c_ms=220.909 ecn_mark=467 drop=0
[QUEUE_STATS] t_ms=6240 q_pkts=316 q_bytes=475264 qdelay_l_ms=1.0662 qdelay_c_ms=212.21 ecn_mark=470 drop=0
[QUEUE_STATS] t_ms=6256 q_pkts=314 q_bytes=472256 qdelay_l_ms=0.836642 qdelay_c_ms=201.992 ecn_mark=472 drop=0
[QUEUE_STATS] t_ms=6272 q_pkts=314 q_bytes=472256 qdelay_l_ms=1.06907 qdelay_c_ms=195.938 ecn_mark=475 drop=0
[QUEUE_STATS] t_ms=6288 q_pkts=317 q_bytes=476768 qdelay_l_ms=1.06855 qdelay_c_ms=189.848 ecn_mark=479 drop=0
[QUEUE_STATS] t_ms=6304 q_pkts=315 q_bytes=473760 qdelay_l_ms=0.650734 qdelay_c_ms=176.62 ecn_mark=482 drop=0
[QUEUE_STATS] t_ms=6320 q_pkts=316 q_bytes=475264 qdelay_l_ms=1.08927 qdelay_c_ms=173.094 ecn_mark=485 drop=0
[QUEUE_STATS] t_ms=6336 q_pkts=316 q_bytes=475264 qdelay_l_ms=1.06428 qdelay_c_ms=165.118 ecn_mark=487 drop=0
[QUEUE_STATS] t_ms=6352 q_pkts=317 q_bytes=476768 qdelay_l_ms=0.904389 qdelay_c_ms=161.092 ecn_mark=488 drop=0
[QUEUE_STATS] t_ms=6368 q_pkts=317 q_bytes=476768 qdelay_l_ms=0.869344 qdelay_c_ms=159.892 ecn_mark=490 drop=0
[QUEUE_STATS] t_ms=6384 q_pkts=317 q_bytes=476768 qdelay_l_ms=1.05768 qdelay_c_ms=157.03 ecn_mark=495 drop=0
[QUEUE_STATS] t_ms=6400 q_pkts=319 q_bytes=479776 qdelay_l_ms=1.06023 qdelay_c_ms=158.923 ecn_mark=498 drop=0
[QUEUE_STATS] t_ms=6416 q_pkts=317 q_bytes=476768 qdelay_l_ms=0.885644 qdelay_c_ms=157.738 ecn_mark=500 drop=0
[QUEUE_STATS] t_ms=6432 q_pkts=316 q_bytes=475264 qdelay_l_ms=1.07227 qdelay_c_ms=156.098 ecn_mark=501 drop=0
[QUEUE_STATS] t_ms=6448 q_pkts=318 q_bytes=478272 qdelay_l_ms=1.07204 qdelay_c_ms=156.781 ecn_mark=503 drop=0
[QUEUE_STATS] t_ms=6464 q_pkts=308 q_bytes=463232 qdelay_l_ms=0.94674 qdelay_c_ms=157.135 ecn_mark=508 drop=0
[QUEUE_STATS] t_ms=6480 q_pkts=294 q_bytes=442176 qdelay_l_ms=0.94166 qdelay_c_ms=155.105 ecn_mark=510 drop=0
[QUEUE_STATS] t_ms=6496 q_pkts=286 q_bytes=430144 qdelay_l_ms=0.706658 qdelay_c_ms=156.09 ecn_mark=511 drop=0
[QUEUE_STATS] t_ms=6512 q_pkts=279 q_bytes=419616 qdelay_l_ms=1.00219 qdelay_c_ms=156.141 ecn_mark=513 drop=0
[QUEUE_STATS] t_ms=6528 q_pkts=263 q_bytes=395552 qdelay_l_ms=1.07408 qdelay_c_ms=152.931 ecn_mark=518 drop=0
[QUEUE_STATS] t_ms=6544 q_pkts=254 q_bytes=382016 qdelay_l_ms=0.93099 qdelay_c_ms=154.239 ecn_mark=521 drop=0
[QUEUE_STATS] t_ms=6560 q_pkts=244 q_bytes=366976 qdelay_l_ms=0 qdelay_c_ms=152.717 ecn_mark=522 drop=0
[QUEUE_STATS] t_ms=6576 q_pkts=231 q_bytes=347424 qdelay_l_ms=0.921732 qdelay_c_ms=150.862 ecn_mark=524 drop=0
[QUEUE_STATS] t_ms=6592 q_pkts=220 q_bytes=330880 qdelay_l_ms=0.954063 qdelay_c_ms=151.901 ecn_mark=525 drop=0
[QUEUE_STATS] t_ms=6608 q_pkts=212 q_bytes=318848 qdelay_l_ms=0.93642 qdelay_c_ms=143.009 ecn_mark=526 drop=0
[QUEUE_STATS] t_ms=6624 q_pkts=199 q_bytes=299296 qdelay_l_ms=1.0604 qdelay_c_ms=134.007 ecn_mark=529 drop=0
[QUEUE_STATS] t_ms=6640 q_pkts=189 q_bytes=284256 qdelay_l_ms=1.07161 qdelay_c_ms=127.872 ecn_mark=532 drop=0
[QUEUE_STATS] t_ms=6656 q_pkts=189 q_bytes=284256 qdelay_l_ms=0.960355 qdelay_c_ms=114.456 ecn_mark=534 drop=0
[QUEUE_STATS] t_ms=6672 q_pkts=189 q_bytes=284256 qdelay_l_ms=1.062 qdelay_c_ms=109.882 ecn_mark=535 drop=0
[QUEUE_STATS] t_ms=6688 q_pkts=188 q_bytes=282752 qdelay_l_ms=1.07279 qdelay_c_ms=101.612 ecn_mark=537 drop=0
[QUEUE_STATS] t_ms=6704 q_pkts=192 q_bytes=288768 qdelay_l_ms=0.962599 qdelay_c_ms=92.8356 ecn_mark=538 drop=0
[QUEUE_STATS] t_ms=6720 q_pkts=188 q_bytes=282752 qdelay_l_ms=0.976486 qdelay_c_ms=83.9281 ecn_mark=541 drop=0
[QUEUE_STATS] t_ms=6736 q_pkts=188 q_bytes=282752 qdelay_l_ms=1.02171 qdelay_c_ms=86.3787 ecn_mark=541 drop=0
[QUEUE_STATS] t_ms=6752 q_pkts=195 q_bytes=293280 qdelay_l_ms=0.993036 qdelay_c_ms=85.0812 ecn_mark=541 drop=0
[QUEUE_STATS] t_ms=6768 q_pkts=190 q_bytes=285760 qdelay_l_ms=1.07239 qdelay_c_ms=81.7713 ecn_mark=543 drop=0
[QUEUE_STATS] t_ms=6784 q_pkts=190 q_bytes=285760 qdelay_l_ms=0.986875 qdelay_c_ms=85.9584 ecn_mark=546 drop=0
[QUEUE_STATS] t_ms=6800 q_pkts=194 q_bytes=291776 qdelay_l_ms=1.00462 qdelay_c_ms=82.7956 ecn_mark=547 drop=0
[QUEUE_STATS] t_ms=6816 q_pkts=190 q_bytes=285760 qdelay_l_ms=0.983358 qdelay_c_ms=81.6143 ecn_mark=550 drop=0
[QUEUE_STATS] t_ms=6832 q_pkts=191 q_bytes=287264 qdelay_l_ms=1.0681 qdelay_c_ms=84.0457 ecn_mark=552 drop=0
[QUEUE_STATS] t_ms=6848 q_pkts=192 q_bytes=288768 qdelay_l_ms=0 qdelay_c_ms=84.0718 ecn_mark=554 drop=0
[QUEUE_STATS] t_ms=6864 q_pkts=190 q_bytes=285760 qdelay_l_ms=0.93615 qdelay_c_ms=82.0551 ecn_mark=556 drop=0
[QUEUE_STATS] t_ms=6880 q_pkts=191 q_bytes=287264 qdelay_l_ms=1.08787 qdelay_c_ms=84.3634 ecn_mark=556 drop=0
[QUEUE_STATS] t_ms=6896 q_pkts=194 q_bytes=291776 qdelay_l_ms=1.04065 qdelay_c_ms=83.2426 ecn_mark=556 drop=0
[QUEUE_STATS] t_ms=6912 q_pkts=191 q_bytes=287264 qdelay_l_ms=1.02834 qdelay_c_ms=82.111 ecn_mark=557 drop=0
[QUEUE_STATS] t_ms=6928 q_pkts=190 q_bytes=285760 qdelay_l_ms=1.07573 qdelay_c_ms=82.5866 ecn_mark=562 drop=0
[QUEUE_STATS] t_ms=6944 q_pkts=193 q_bytes=290272 qdelay_l_ms=1.04191 qdelay_c_ms=80.5883 ecn_mark=564 drop=0
[QUEUE_STATS] t_ms=6960 q_pkts=190 q_bytes=285760 qdelay_l_ms=1.08943 qdelay_c_ms=79.7464 ecn_mark=566 drop=0
[QUEUE_STATS] t_ms=6976 q_pkts=190 q_bytes=285760 qdelay_l_ms=1.0169 qdelay_c_ms=82.2599 ecn_mark=568 drop=0
[QUEUE_STATS] t_ms=6992 q_pkts=193 q_bytes=290272 qdelay_l_ms=1.04908 qdelay_c_ms=80.0443 ecn_mark=569 drop=0
[QUEUE_STATS] t_ms=7008 q_pkts=190 q_bytes=285760 qdelay_l_ms=1.07163 qdelay_c_ms=77.6772 ecn_mark=571 drop=0
[QUEUE_STATS] t_ms=7024 q_pkts=192 q_bytes=288768 qdelay_l_ms=1.07984 qdelay_c_ms=81.385 ecn_mark=571 drop=0
[QUEUE_STATS] t_ms=7040 q_pkts=192 q_bytes=288768 qdelay_l_ms=1.03665 qdelay_c_ms=78.6569 ecn_mark=574 drop=0
[QUEUE_STATS] t_ms=7056 q_pkts=190 q_bytes=285760 qdelay_l_ms=1.03375 qdelay_c_ms=77.6511 ecn_mark=575 drop=0
[QUEUE_STATS] t_ms=7072 q_pkts=191 q_bytes=287264 qdelay_l_ms=1.06792 qdelay_c_ms=80.1088 ecn_mark=578 drop=0
[QUEUE_STATS] t_ms=7088 q_pkts=193 q_bytes=290272 qdelay_l_ms=1.06572 qdelay_c_ms=78.0541 ecn_mark=578 drop=0
[QUEUE_STATS] t_ms=7104 q_pkts=191 q_bytes=287264 qdelay_l_ms=1.05827 qdelay_c_ms=77.029 ecn_mark=579 drop=0
[QUEUE_STATS] t_ms=7120 q_pkts=184 q_bytes=276736 qdelay_l_ms=1.07329 qdelay_c_ms=79.2828 ecn_mark=583 drop=0
[QUEUE_STATS] t_ms=7136 q_pkts=172 q_bytes=258688 qdelay_l_ms=1.06392 qdelay_c_ms=75.8695 ecn_mark=584 drop=0
[QUEUE_STATS] t_ms=7152 q_pkts=161 q_bytes=242144 qdelay_l_ms=1.06304 qdelay_c_ms=77.0519 ecn_mark=584 drop=0
[QUEUE_STATS] t_ms=7168 q_pkts=148 q_bytes=222592 qdelay_l_ms=1.06202 qdelay_c_ms=78.2982 ecn_mark=585 drop=0
[QUEUE_STATS] t_ms=7184 q_pkts=136 q_bytes=204544 qdelay_l_ms=1.05967 qdelay_c_ms=76.8107 ecn_mark=586 drop=0
[QUEUE_STATS] t_ms=7200 q_pkts=124 q_bytes=186496 qdelay_l_ms=1.09541 qdelay_c_ms=72.4644 ecn_mark=589 drop=0
[QUEUE_STATS] t_ms=7216 q_pkts=111 q_bytes=166944 qdelay_l_ms=1.06246 qdelay_c_ms=64.9355 ecn_mark=590 drop=0
[QUEUE_STATS] t_ms=7232 q_pkts=104 q_bytes=156416 qdelay_l_ms=1.06117 qdelay_c_ms=57.9548 ecn_mark=594 drop=0
[QUEUE_STATS] t_ms=7248 q_pkts=102 q_bytes=153408 qdelay_l_ms=0 qdelay_c_ms=50.9474 ecn_mark=598 drop=0
[QUEUE_STATS] t_ms=7264 q_pkts=98 q_bytes=147392 qdelay_l_ms=1.06378 qdelay_c_ms=42.1506 ecn_mark=600 drop=0
[QUEUE_STATS] t_ms=7280 q_pkts=88 q_bytes=132352 qdelay_l_ms=0.891255 qdelay_c_ms=39.9245 ecn_mark=602 drop=0
[QUEUE_STATS] t_ms=7296 q_pkts=74 q_bytes=111296 qdelay_l_ms=1.06574 qdelay_c_ms=38.9346 ecn_mark=602 drop=0
[QUEUE_STATS] t_ms=7312 q_pkts=59 q_bytes=88736 qdelay_l_ms=1.06539 qdelay_c_ms=32.8054 ecn_mark=603 drop=0
[QUEUE_STATS] t_ms=7328 q_pkts=50 q_bytes=75200 qdelay_l_ms=1.04877 qdelay_c_ms=27.9321 ecn_mark=605 drop=0
[QUEUE_STATS] t_ms=7344 q_pkts=40 q_bytes=60160 qdelay_l_ms=1.06818 qdelay_c_ms=18.3409 ecn_mark=605 drop=0
[QUEUE_STATS] t_ms=7360 q_pkts=40 q_bytes=60160 qdelay_l_ms=1.0584 qdelay_c_ms=15.8786 ecn_mark=606 drop=0
[QUEUE_STATS] t_ms=7376 q_pkts=40 q_bytes=60160 qdelay_l_ms=1.06164 qdelay_c_ms=14.8953 ecn_mark=608 drop=0
[QUEUE_STATS] t_ms=7392 q_pkts=41 q_bytes=61664 qdelay_l_ms=0.701358 qdelay_c_ms=13.7258 ecn_mark=609 drop=0
[QUEUE_STATS] t_ms=7408 q_pkts=40 q_bytes=60160 qdelay_l_ms=1.07492 qdelay_c_ms=15.4097 ecn_mark=610 drop=0
[QUEUE_STATS] t_ms=7424 q_pkts=40 q_bytes=60160 qdelay_l_ms=1.05089 qdelay_c_ms=15.7495 ecn_mark=610 drop=0
[QUEUE_STATS] t_ms=7440 q_pkts=43 q_bytes=64672 qdelay_l_ms=1.06751 qdelay_c_ms=14.9812 ecn_mark=610 drop=0
[QUEUE_STATS] t_ms=7456 q_pkts=41 q_bytes=61664 qdelay_l_ms=1.06548 qdelay_c_ms=16.0599 ecn_mark=611 drop=0
[QUEUE_STATS] t_ms=7472 q_pkts=42 q_bytes=63168 qdelay_l_ms=1.07323 qdelay_c_ms=15.8797 ecn_mark=611 drop=0
[QUEUE_STATS] t_ms=7488 q_pkts=39 q_bytes=58656 qdelay_l_ms=1.08016 qdelay_c_ms=15.8975 ecn_mark=612 drop=0
[QUEUE_STATS] t_ms=7504 q_pkts=39 q_bytes=58656 qdelay_l_ms=1.0663 qdelay_c_ms=14.7682 ecn_mark=613 drop=0
[QUEUE_STATS] t_ms=7520 q_pkts=40 q_bytes=60160 qdelay_l_ms=1.06781 qdelay_c_ms=15.1128 ecn_mark=616 drop=0
[QUEUE_STATS] t_ms=7536 q_pkts=39 q_bytes=58656 qdelay_l_ms=1.05285 qdelay_c_ms=16.1267 ecn_mark=617 drop=0
[QUEUE_STATS] t_ms=7552 q_pkts=26 q_bytes=39104 qdelay_l_ms=0.836642 qdelay_c_ms=12.3032 ecn_mark=619 drop=0
[QUEUE_STATS] t_ms=7568 q_pkts=12 q_bytes=18048 qdelay_l_ms=1.08972 qdelay_c_ms=7.28645 ecn_mark=619 drop=0
[QUEUE_STATS] t_ms=7584 q_pkts=4 q_bytes=6016 qdelay_l_ms=1.0784 qdelay_c_ms=1.10813 ecn_mark=620 drop=0
[QUEUE_STATS] t_ms=7600 q_pkts=6 q_bytes=9024 qdelay_l_ms=1.07144 qdelay_c_ms=1.9765 ecn_mark=621 drop=0
[QUEUE_STATS] t_ms=7616 q_pkts=3 q_bytes=4512 qdelay_l_ms=1.0905 qdelay_c_ms=1.08293 ecn_mark=621 drop=0
[QUEUE_STATS] t_ms=7632 q_pkts=3 q_bytes=4512 qdelay_l_ms=0.96264 qdelay_c_ms=0.969603 ecn_mark=623 drop=0
[QUEUE_STATS] t_ms=7648 q_pkts=5 q_bytes=7520 qdelay_l_ms=1.0769 qdelay_c_ms=2.19462 ecn_mark=625 drop=0
[QUEUE_STATS] t_ms=7664 q_pkts=8 q_bytes=12032 qdelay_l_ms=1.07176 qdelay_c_ms=1.0662 ecn_mark=625 drop=0
[QUEUE_STATS] t_ms=7680 q_pkts=4 q_bytes=6016 qdelay_l_ms=1.09459 qdelay_c_ms=1.08745 ecn_mark=627 drop=0
[QUEUE_STATS] t_ms=7696 q_pkts=8 q_bytes=12032 qdelay_l_ms=0 qdelay_c_ms=3.06576 ecn_mark=631 drop=0
[QUEUE_STATS] t_ms=7712 q_pkts=4 q_bytes=6016 qdelay_l_ms=1.06556 qdelay_c_ms=1.96727 ecn_mark=633 drop=0
[QUEUE_STATS] t_ms=7728 q_pkts=4 q_bytes=6016 qdelay_l_ms=1.06466 qdelay_c_ms=2.12359 ecn_mark=635 drop=0
[QUEUE_STATS] t_ms=7744 q_pkts=6 q_bytes=9024 qdelay_l_ms=1.09103 qdelay_c_ms=1.82411 ecn_mark=636 drop=0
[QUEUE_STATS] t_ms=7760 q_pkts=4 q_bytes=6016 qdelay_l_ms=1.05934 qdelay_c_ms=1.07082 ecn_mark=636 drop=0
[QUEUE_STATS] t_ms=7776 q_pkts=5 q_bytes=7520 qdelay_l_ms=1.04574 qdelay_c_ms=2.11235 ecn_mark=637 drop=0
[QUEUE_STATS] t_ms=7792 q_pkts=8 q_bytes=12032 qdelay_l_ms=1.09296 qdelay_c_ms=3.04809 ecn_mark=640 drop=0
[QUEUE_STATS] t_ms=7808 q_pkts=6 q_bytes=9024 qdelay_l_ms=1.06648 qdelay_c_ms=1.80954 ecn_mark=642 drop=0
[QUEUE_STATS] t_ms=7824 q_pkts=5 q_bytes=7520 qdelay_l_ms=1.06242 qdelay_c_ms=2.16602 ecn_mark=642 drop=0
[QUEUE_STATS] t_ms=7840 q_pkts=7 q_bytes=10528 qdelay_l_ms=1.11565 qdelay_c_ms=2.06933 ecn_mark=643 drop=0
[QUEUE_STATS] t_ms=7856 q_pkts=1 q_bytes=1504 qdelay_l_ms=0.653027 qdelay_c_ms=0 ecn_mark=647 drop=0
[QUEUE_STATS] t_ms=7872 q_pkts=6 q_bytes=9024 qdelay_l_ms=0 qdelay_c_ms=2.0924 ecn_mark=647 drop=0
[QUEUE_STATS] t_ms=7888 q_pkts=5 q_bytes=7520 qdelay_l_ms=1.10828 qdelay_c_ms=1.09834 ecn_mark=650 drop=0
[QUEUE_STATS] t_ms=7904 q_pkts=6 q_bytes=9024 qdelay_l_ms=1.07687 qdelay_c_ms=2.13902 ecn_mark=655 drop=0
[QUEUE_STATS] t_ms=7920 q_pkts=6 q_bytes=9024 qdelay_l_ms=0.643078 qdelay_c_ms=1.88702 ecn_mark=657 drop=0
[QUEUE_STATS] t_ms=7936 q_pkts=5 q_bytes=7520 qdelay_l_ms=1.0311 qdelay_c_ms=2.15893 ecn_mark=659 drop=0
[QUEUE_STATS] t_ms=7952 q_pkts=6 q_bytes=9024 qdelay_l_ms=0.319981 qdelay_c_ms=1.38333 ecn_mark=661 drop=0
[QUEUE_STATS] t_ms=7968 q_pkts=7 q_bytes=10528 qdelay_l_ms=1.10887 qdelay_c_ms=1.91076 ecn_mark=665 drop=0
[QUEUE_STATS] t_ms=7984 q_pkts=5 q_bytes=7520 qdelay_l_ms=1.09652 qdelay_c_ms=1.08955 ecn_mark=665 drop=0
[QUEUE_STATS] t_ms=8000 q_pkts=4 q_bytes=6016 qdelay_l_ms=0.947892 qdelay_c_ms=2.01052 ecn_mark=668 drop=0
[QUEUE_STATS] t_ms=8016 q_pkts=7 q_bytes=10528 qdelay_l_ms=1.07527 qdelay_c_ms=2.18758 ecn_mark=669 drop=0
[QUEUE_STATS] t_ms=8032 q_pkts=5 q_bytes=7520 qdelay_l_ms=0.844758 qdelay_c_ms=0.838436 ecn_mark=671 drop=0
[QUEUE_STATS] t_ms=8048 q_pkts=4 q_bytes=6016 qdelay_l_ms=0.841571 qdelay_c_ms=1.95301 ecn_mark=671 drop=0
[QUEUE_STATS] t_ms=8064 q_pkts=5 q_bytes=7520 qdelay_l_ms=1.10646 qdelay_c_ms=1.8836 ecn_mark=671 drop=0
[QUEUE_STATS] t_ms=8080 q_pkts=7 q_bytes=10528 qdelay_l_ms=0.831443 qdelay_c_ms=1.95626 ecn_mark=672 drop=0
[QUEUE_STATS] t_ms=8096 q_pkts=6 q_bytes=9024 qdelay_l_ms=0.648188 qdelay_c_ms=1.59411 ecn_mark=672 drop=0
[QUEUE_STATS] t_ms=8112 q_pkts=2 q_bytes=3008 qdelay_l_ms=0.855608 qdelay_c_ms=1.94436 ecn_mark=672 drop=0
[QUEUE_STATS] t_ms=8128 q_pkts=4 q_bytes=6016 qdelay_l_ms=1.10182 qdelay_c_ms=2.12008 ecn_mark=672 drop=0
[QUEUE_STATS] t_ms=8144 q_pkts=8 q_bytes=12032 qdelay_l_ms=0.807648 qdelay_c_ms=1.93467 ecn_mark=675 drop=0
[QUEUE_STATS] t_ms=8160 q_pkts=5 q_bytes=7520 qdelay_l_ms=0.5321 qdelay_c_ms=1.70785 ecn_mark=680 drop=0
[QUEUE_STATS] t_ms=8176 q_pkts=4 q_bytes=6016 qdelay_l_ms=0.591241 qdelay_c_ms=1.65261 ecn_mark=681 drop=0
[QUEUE_STATS] t_ms=8192 q_pkts=6 q_bytes=9024 qdelay_l_ms=1.11892 qdelay_c_ms=1.10831 ecn_mark=681 drop=0
[QUEUE_STATS] t_ms=8208 q_pkts=3 q_bytes=4512 qdelay_l_ms=0.990441 qdelay_c_ms=0.98415 ecn_mark=681 drop=0
[QUEUE_STATS] t_ms=8224 q_pkts=3 q_bytes=4512 qdelay_l_ms=1.09232 qdelay_c_ms=1.08491 ecn_mark=682 drop=0
[QUEUE_STATS] t_ms=8240 q_pkts=4 q_bytes=6016 qdelay_l_ms=1.05645 qdelay_c_ms=1.05019 ecn_mark=683 drop=0
[QUEUE_STATS] t_ms=8256 q_pkts=3 q_bytes=4512 qdelay_l_ms=1.10155 qdelay_c_ms=1.09166 ecn_mark=685 drop=0
[QUEUE_STATS] t_ms=8272 q_pkts=5 q_bytes=7520 qdelay_l_ms=1.11357 qdelay_c_ms=1.93778 ecn_mark=687 drop=0
[QUEUE_STATS] t_ms=8288 q_pkts=4 q_bytes=6016 qdelay_l_ms=1.0565 qdelay_c_ms=1.04747 ecn_mark=691 drop=0
[QUEUE_STATS] t_ms=8304 q_pkts=2 q_bytes=3008 qdelay_l_ms=1.03345 qdelay_c_ms=1.04201 ecn_mark=695 drop=0
[QUEUE_STATS] t_ms=8320 q_pkts=2 q_bytes=3008 qdelay_l_ms=0.873241 qdelay_c_ms=0 ecn_mark=697 drop=0
[QUEUE_STATS] t_ms=8336 q_pkts=3 q_bytes=4512 qdelay_l_ms=1.04561 qdelay_c_ms=1.05883 ecn_mark=698 drop=0
[QUEUE_STATS] t_ms=8352 q_pkts=3 q_bytes=4512 qdelay_l_ms=1.02592 qdelay_c_ms=1.06057 ecn_mark=698 drop=0
[QUEUE_STATS] t_ms=8368 q_pkts=0 q_bytes=0 qdelay_l_ms=0 qdelay_c_ms=0 ecn_mark=700 drop=0
[QUEUE_STATS] t_ms=8384 q_pkts=6 q_bytes=9024 qdelay_l_ms=1.06357 qdelay_c_ms=1.05804 ecn_mark=701 drop=0
[QUEUE_STATS] t_ms=8400 q_pkts=4 q_bytes=6016 qdelay_l_ms=1.0604 qdelay_c_ms=2.1734 ecn_mark=701 drop=0
[QUEUE_STATS] t_ms=8416 q_pkts=3 q_bytes=4512 qdelay_l_ms=0.9101 qdelay_c_ms=0.890644 ecn_mark=701 drop=0
[QUEUE_STATS] t_ms=8432 q_pkts=3 q_bytes=4512 qdelay_l_ms=0.87795 qdelay_c_ms=2.12381 ecn_mark=701 drop=0
[QUEUE_STATS] t_ms=8448 q_pkts=4 q_bytes=6016 qdelay_l_ms=1.10142 qdelay_c_ms=1.77076 ecn_mark=702 drop=0
[QUEUE_STATS] t_ms=8464 q_pkts=3 q_bytes=4512 qdelay_l_ms=1.08309 qdelay_c_ms=1.0748 ecn_mark=702 drop=0
[QUEUE_STATS] t_ms=8480 q_pkts=1 q_bytes=1504 qdelay_l_ms=1.06699 qdelay_c_ms=0 ecn_mark=706 drop=0
[QUEUE_STATS] t_ms=8496 q_pkts=4 q_bytes=6016 qdelay_l_ms=1.09663 qdelay_c_ms=1.08777 ecn_mark=706 drop=0
[QUEUE_STATS] t_ms=8512 q_pkts=4 q_bytes=6016 qdelay_l_ms=1.10969 qdelay_c_ms=1.10038 ecn_mark=707 drop=0
[QUEUE_STATS] t_ms=8528 q_pkts=7 q_bytes=10528 qdelay_l_ms=0.605077 qdelay_c_ms=1.74072 ecn_mark=707 drop=0
[QUEUE_STATS] t_ms=8544 q_pkts=4 q_bytes=6016 qdelay_l_ms=0.918025 qdelay_c_ms=0.910381 ecn_mark=709 drop=0
[QUEUE_STATS] t_ms=8560 q_pkts=5 q_bytes=7520 qdelay_l_ms=0.692762 qdelay_c_ms=0.683264 ecn_mark=711 drop=0
[QUEUE_STATS] t_ms=8576 q_pkts=3 q_bytes=4512 qdelay_l_ms=1.06626 qdelay_c_ms=2.14838 ecn_mark=712 drop=0
[QUEUE_STATS] t_ms=8592 q_pkts=4 q_bytes=6016 qdelay_l_ms=0.42551 qdelay_c_ms=1.47899 ecn_mark=713 drop=0
[QUEUE_STATS] t_ms=8608 q_pkts=3 q_bytes=4512 qdelay_l_ms=0.679868 qdelay_c_ms=0.693323 ecn_mark=713 drop=0
[QUEUE_STATS] t_ms=8624 q_pkts=3 q_bytes=4512 qdelay_l_ms=0.069351 qdelay_c_ms=0.061215 ecn_mark=714 drop=0
[QUEUE_STATS] t_ms=8640 q_pkts=4 q_bytes=6016 qdelay_l_ms=1.1146 qdelay_c_ms=1.10406 ecn_mark=718 drop=0
[QUEUE_STATS] t_ms=8656 q_pkts=2 q_bytes=3008 qdelay_l_ms=0 qdelay_c_ms=0.703061 ecn_mark=719 drop=0
[QUEUE_STATS] t_ms=8672 q_pkts=6 q_bytes=9024 qdelay_l_ms=1.06783 qdelay_c_ms=1.04377 ecn_mark=720 drop=0
[QUEUE_STATS] t_ms=8688 q_pkts=2 q_bytes=3008 qdelay_l_ms=1.07449 qdelay_c_ms=1.06463 ecn_mark=722 drop=0
[QUEUE_STATS] t_ms=8704 q_pkts=3 q_bytes=4512 qdelay_l_ms=1.09953 qdelay_c_ms=1.10752 ecn_mark=722 drop=0
[QUEUE_STATS] t_ms=8720 q_pkts=3 q_bytes=4512 qdelay_l_ms=1.06509 qdelay_c_ms=1.10125 ecn_mark=723 drop=0
[QUEUE_STATS] t_ms=8736 q_pkts=3 q_bytes=4512 qdelay_l_ms=1.09937 qdelay_c_ms=1.08917 ecn_mark=726 drop=0
[QUEUE_STATS] t_ms=8752 q_pkts=3 q_bytes=4512 qdelay_l_ms=0.684327 qdelay_c_ms=0.722488 ecn_mark=730 drop=0
[QUEUE_STATS] t_ms=8768 q_pkts=4 q_bytes=6016 qdelay_l_ms=1.08599 qdelay_c_ms=2.11018 ecn_mark=730 drop=0
[QUEUE_STATS] t_ms=8784 q_pkts=4 q_bytes=6016 qdelay_l_ms=1.02439 qdelay_c_ms=1.01794 ecn_mark=730 drop=0
[QUEUE_STATS] t_ms=8800 q_pkts=3 q_bytes=4512 qdelay_l_ms=0.720204 qdelay_c_ms=0.714022 ecn_mark=732 drop=0
[QUEUE_STATS] t_ms=8817 q_pkts=2 q_bytes=3008 qdelay_l_ms=1.09834 qdelay_c_ms=0 ecn_mark=733 drop=0
[QUEUE_STATS] t_ms=8833 q_pkts=0 q_bytes=0 qdelay_l_ms=0 qdelay_c_ms=0 ecn_mark=735 drop=0
[QUEUE_STATS] t_ms=8848 q_pkts=2 q_bytes=3008 qdelay_l_ms=1.04367 qdelay_c_ms=0 ecn_mark=736 drop=0
[QUEUE_STATS] t_ms=8864 q_pkts=5 q_bytes=7520 qdelay_l_ms=1.07841 qdelay_c_ms=1.06871 ecn_mark=739 drop=0
[QUEUE_STATS] t_ms=8880 q_pkts=4 q_bytes=6016 qdelay_l_ms=1.07697 qdelay_c_ms=1.1094 ecn_mark=740 drop=0
[QUEUE_STATS] t_ms=8896 q_pkts=3 q_bytes=4512 qdelay_l_ms=1.0104 qdelay_c_ms=1.03908 ecn_mark=740 drop=0
[QUEUE_STATS] t_ms=8912 q_pkts=3 q_bytes=4512 qdelay_l_ms=1.07336 qdelay_c_ms=1.06516 ecn_mark=744 drop=0
[QUEUE_STATS] t_ms=8928 q_pkts=2 q_bytes=3008 qdelay_l_ms=1.08814 qdelay_c_ms=0 ecn_mark=745 drop=0
[QUEUE_STATS] t_ms=8944 q_pkts=3 q_bytes=4512 qdelay_l_ms=0.712029 qdelay_c_ms=0.733719 ecn_mark=745 drop=0
[QUEUE_STATS] t_ms=8960 q_pkts=5 q_bytes=7520 qdelay_l_ms=1.06209 qdelay_c_ms=1.10129 ecn_mark=746 drop=0
[QUEUE_STATS] t_ms=8976 q_pkts=3 q_bytes=4512 qdelay_l_ms=1.03402 qdelay_c_ms=1.02388 ecn_mark=746 drop=0
[QUEUE_STATS] t_ms=8992 q_pkts=2 q_bytes=3008 qdelay_l_ms=0.710225 qdelay_c_ms=0 ecn_mark=746 drop=0
[QUEUE_STATS] t_ms=9008 q_pkts=5 q_bytes=7520 qdelay_l_ms=1.09875 qdelay_c_ms=1.09014 ecn_mark=747 drop=0
[QUEUE_STATS] t_ms=9024 q_pkts=2 q_bytes=3008 qdelay_l_ms=0 qdelay_c_ms=1.07827 ecn_mark=749 drop=0
[QUEUE_STATS] t_ms=9040 q_pkts=3 q_bytes=4512 qdelay_l_ms=0.795996 qdelay_c_ms=0.788632 ecn_mark=750 drop=0
[QUEUE_STATS] t_ms=9056 q_pkts=3 q_bytes=4512 qdelay_l_ms=0.730503 qdelay_c_ms=0.743517 ecn_mark=752 drop=0
[QUEUE_STATS] t_ms=9072 q_pkts=3 q_bytes=4512 qdelay_l_ms=1.07033 qdelay_c_ms=1.06451 ecn_mark=754 drop=0
[QUEUE_STATS] t_ms=9088 q_pkts=1 q_bytes=1504 qdelay_l_ms=0 qdelay_c_ms=1.49289 ecn_mark=757 drop=0
[QUEUE_STATS] t_ms=9104 q_pkts=3 q_bytes=4512 qdelay_l_ms=0.793641 qdelay_c_ms=0.820732 ecn_mark=757 drop=0
[QUEUE_STATS] t_ms=9120 q_pkts=3 q_bytes=4512 qdelay_l_ms=1.06613 qdelay_c_ms=1.09439 ecn_mark=759 drop=0
[QUEUE_STATS] t_ms=9136 q_pkts=4 q_bytes=6016 qdelay_l_ms=1.07378 qdelay_c_ms=1.10785 ecn_mark=759 drop=0
[QUEUE_STATS] t_ms=9152 q_pkts=3 q_bytes=4512 qdelay_l_ms=1.10571 qdelay_c_ms=1.09572 ecn_mark=759 drop=0
[QUEUE_STATS] t_ms=9168 q_pkts=3 q_bytes=4512 qdelay_l_ms=1.10486 qdelay_c_ms=1.09621 ecn_mark=759 drop=0
[QUEUE_STATS] t_ms=9184 q_pkts=2 q_bytes=3008 qdelay_l_ms=1.09654 qdelay_c_ms=1.45558 ecn_mark=760 drop=0
[QUEUE_STATS] t_ms=9200 q_pkts=4 q_bytes=6016 qdelay_l_ms=1.18792 qdelay_c_ms=1.19524 ecn_mark=760 drop=0
[QUEUE_STATS] t_ms=9216 q_pkts=1 q_bytes=1504 qdelay_l_ms=1.07862 qdelay_c_ms=0 ecn_mark=760 drop=0
[QUEUE_STATS] t_ms=9232 q_pkts=3 q_bytes=4512 qdelay_l_ms=0.852392 qdelay_c_ms=0.844076 ecn_mark=760 drop=0
[QUEUE_STATS] t_ms=9248 q_pkts=3 q_bytes=4512 qdelay_l_ms=0.817005 qdelay_c_ms=1.87256 ecn_mark=760 drop=0
[QUEUE_STATS] t_ms=9264 q_pkts=1 q_bytes=1504 qdelay_l_ms=1.07434 qdelay_c_ms=0 ecn_mark=761 drop=0
[QUEUE_STATS] t_ms=9280 q_pkts=3 q_bytes=4512 qdelay_l_ms=1.06551 qdelay_c_ms=1.07849 ecn_mark=762 drop=0
[QUEUE_STATS] t_ms=9296 q_pkts=4 q_bytes=6016 qdelay_l_ms=0.850438 qdelay_c_ms=0.841732 ecn_mark=764 drop=0
[QUEUE_STATS] t_ms=9312 q_pkts=3 q_bytes=4512 qdelay_l_ms=1.07198 qdelay_c_ms=1.10935 ecn_mark=764 drop=0
[QUEUE_STATS] t_ms=9328 q_pkts=3 q_bytes=4512 qdelay_l_ms=0.738308 qdelay_c_ms=0.731825 ecn_mark=766 drop=0
[QUEUE_STATS] t_ms=9344 q_pkts=5 q_bytes=7520 qdelay_l_ms=1.04083 qdelay_c_ms=1.07066 ecn_mark=767 drop=0
[QUEUE_STATS] t_ms=9360 q_pkts=3 q_bytes=4512 qdelay_l_ms=0.841932 qdelay_c_ms=0.832725 ecn_mark=767 drop=0
[QUEUE_STATS] t_ms=9376 q_pkts=3 q_bytes=4512 qdelay_l_ms=0.348695 qdelay_c_ms=0.37774 ecn_mark=768 drop=0
[QUEUE_STATS] t_ms=9392 q_pkts=3 q_bytes=4512 qdelay_l_ms=1.09467 qdelay_c_ms=1.08756 ecn_mark=770 drop=0
[QUEUE_STATS] t_ms=9408 q_pkts=3 q_bytes=4512 qdelay_l_ms=0.822907 qdelay_c_ms=0.850178 ecn_mark=771 drop=0
[QUEUE_STATS] t_ms=9424 q_pkts=3 q_bytes=4512 qdelay_l_ms=0.806666 qdelay_c_ms=0.833667 ecn_mark=773 drop=0
[QUEUE_STATS] t_ms=9440 q_pkts=3 q_bytes=4512 qdelay_l_ms=1.06682 qdelay_c_ms=1.09473 ecn_mark=774 drop=0
[QUEUE_STATS] t_ms=9456 q_pkts=4 q_bytes=6016 qdelay_l_ms=1.06744 qdelay_c_ms=1.05772 ecn_mark=775 drop=0
[QUEUE_STATS] t_ms=9472 q_pkts=3 q_bytes=4512 qdelay_l_ms=0.833727 qdelay_c_ms=0.866579 ecn_mark=776 drop=0
[QUEUE_STATS] t_ms=9488 q_pkts=1 q_bytes=1504 qdelay_l_ms=0.866198 qdelay_c_ms=0 ecn_mark=777 drop=0
[QUEUE_STATS] t_ms=9504 q_pkts=5 q_bytes=7520 qdelay_l_ms=1.07436 qdelay_c_ms=1.06636 ecn_mark=778 drop=0
[QUEUE_STATS] t_ms=9520 q_pkts=5 q_bytes=7520 qdelay_l_ms=1.05667 qdelay_c_ms=1.04575 ecn_mark=778 drop=0
[QUEUE_STATS] t_ms=9536 q_pkts=3 q_bytes=4512 qdelay_l_ms=1.04198 qdelay_c_ms=1.07658 ecn_mark=778 drop=0
[QUEUE_STATS] t_ms=9552 q_pkts=2 q_bytes=3008 qdelay_l_ms=1.06567 qdelay_c_ms=1.05632 ecn_mark=779 drop=0
[QUEUE_STATS] t_ms=9568 q_pkts=3 q_bytes=4512 qdelay_l_ms=1.08841 qdelay_c_ms=1.08057 ecn_mark=781 drop=0
[QUEUE_STATS] t_ms=9584 q_pkts=3 q_bytes=4512 qdelay_l_ms=1.047 qdelay_c_ms=1.08265 ecn_mark=781 drop=0
[QUEUE_STATS] t_ms=9600 q_pkts=2 q_bytes=3008 qdelay_l_ms=1.10032 qdelay_c_ms=0 ecn_mark=781 drop=0
[QUEUE_STATS] t_ms=9616 q_pkts=3 q_bytes=4512 qdelay_l_ms=1.06624 qdelay_c_ms=1.08804 ecn_mark=781 drop=0
[QUEUE_STATS] t_ms=9632 q_pkts=4 q_bytes=6016 qdelay_l_ms=1.11109 qdelay_c_ms=1.10058 ecn_mark=782 drop=0
[QUEUE_STATS] t_ms=9648 q_pkts=5 q_bytes=7520 qdelay_l_ms=1.06607 qdelay_c_ms=1.08928 ecn_mark=782 drop=0
[QUEUE_STATS] t_ms=9664 q_pkts=4 q_bytes=6016 qdelay_l_ms=1.04693 qdelay_c_ms=1.0407 ecn_mark=782 drop=0
[QUEUE_STATS] t_ms=9680 q_pkts=2 q_bytes=3008 qdelay_l_ms=0 qdelay_c_ms=0.842173 ecn_mark=782 drop=0
[QUEUE_STATS] t_ms=9696 q_pkts=3 q_bytes=4512 qdelay_l_ms=1.07138 qdelay_c_ms=1.11169 ecn_mark=782 drop=0
[QUEUE_STATS] t_ms=9712 q_pkts=3 q_bytes=4512 qdelay_l_ms=1.05406 qdelay_c_ms=1.07494 ecn_mark=783 drop=0
[QUEUE_STATS] t_ms=9728 q_pkts=3 q_bytes=4512 qdelay_l_ms=1.08984 qdelay_c_ms=2.11444 ecn_mark=786 drop=0
[QUEUE_STATS] t_ms=9744 q_pkts=3 q_bytes=4512 qdelay_l_ms=0 qdelay_c_ms=2.12751 ecn_mark=788 drop=0
[QUEUE_STATS] t_ms=9760 q_pkts=3 q_bytes=4512 qdelay_l_ms=0.749559 qdelay_c_ms=0.77676 ecn_mark=790 drop=0
[QUEUE_STATS] t_ms=9776 q_pkts=5 q_bytes=7520 qdelay_l_ms=1.052 qdelay_c_ms=1.09056 ecn_mark=792 drop=0
[QUEUE_STATS] t_ms=9792 q_pkts=3 q_bytes=4512 qdelay_l_ms=1.08715 qdelay_c_ms=1.0786 ecn_mark=792 drop=0
[QUEUE_STATS] t_ms=9808 q_pkts=4 q_bytes=6016 qdelay_l_ms=1.0423 qdelay_c_ms=1.06669 ecn_mark=793 drop=0
[QUEUE_STATS] t_ms=9824 q_pkts=4 q_bytes=6016 qdelay_l_ms=0.843545 qdelay_c_ms=0.836111 ecn_mark=793 drop=0
[QUEUE_STATS] t_ms=9840 q_pkts=5 q_bytes=7520 qdelay_l_ms=0.725113 qdelay_c_ms=0.763805 ecn_mark=795 drop=0
[QUEUE_STATS] t_ms=9856 q_pkts=3 q_bytes=4512 qdelay_l_ms=1.10435 qdelay_c_ms=1.09624 ecn_mark=795 drop=0
[QUEUE_STATS] t_ms=9872 q_pkts=4 q_bytes=6016 qdelay_l_ms=1.04185 qdelay_c_ms=2.16643 ecn_mark=795 drop=0
[QUEUE_STATS] t_ms=9888 q_pkts=3 q_bytes=4512 qdelay_l_ms=1.06694 qdelay_c_ms=1.09052 ecn_mark=795 drop=0
[QUEUE_STATS] t_ms=9904 q_pkts=2 q_bytes=3008 qdelay_l_ms=1.09531 qdelay_c_ms=1.08613 ecn_mark=796 drop=0
[QUEUE_STATS] t_ms=9920 q_pkts=3 q_bytes=4512 qdelay_l_ms=1.09924 qdelay_c_ms=1.09224 ecn_mark=799 drop=0
[QUEUE_STATS] t_ms=9936 q_pkts=1 q_bytes=1504 qdelay_l_ms=1.09801 qdelay_c_ms=0 ecn_mark=800 drop=0
[QUEUE_STATS] t_ms=9952 q_pkts=3 q_bytes=4512 qdelay_l_ms=1.03864 qdelay_c_ms=1.03078 ecn_mark=800 drop=0
[QUEUE_STATS] t_ms=9968 q_pkts=6 q_bytes=9024 qdelay_l_ms=1.06961 qdelay_c_ms=1.04474 ecn_mark=801 drop=0
[QUEUE_STATS] t_ms=9984 q_pkts=2 q_bytes=3008 qdelay_l_ms=1.07915 qdelay_c_ms=1.08811 ecn_mark=801 drop=0
[QUEUE_STATS] t_ms=10000 q_pkts=3 q_bytes=4512 qdelay_l_ms=1.05149 qdelay_c_ms=1.06648 ecn_mark=802 drop=0
[QUEUE_STATS] t_ms=10016 q_pkts=3 q_bytes=4512 qdelay_l_ms=1.06896 qdelay_c_ms=1.06154 ecn_mark=803 drop=0
[QUEUE_STATS] t_ms=10032 q_pkts=2 q_bytes=3008 qdelay_l_ms=0.791999 qdelay_c_ms=0 ecn_mark=805 drop=0
[QUEUE_STATS] t_ms=10048 q_pkts=3 q_bytes=4512 qdelay_l_ms=1.05172 qdelay_c_ms=1.06369 ecn_mark=805 drop=0
[QUEUE_STATS] t_ms=10064 q_pkts=5 q_bytes=7520 qdelay_l_ms=1.07111 qdelay_c_ms=1.13311 ecn_mark=806 drop=0
[QUEUE_STATS] t_ms=10080 q_pkts=7 q_bytes=10528 qdelay_l_ms=1.09128 qdelay_c_ms=3.20896 ecn_mark=812 drop=0
[QUEUE_STATS] t_ms=10096 q_pkts=7 q_bytes=10528 qdelay_l_ms=1.15156 qdelay_c_ms=1.14133 ecn_mark=814 drop=0
[QUEUE_STATS] t_ms=10112 q_pkts=6 q_bytes=9024 qdelay_l_ms=1.09925 qdelay_c_ms=1.1288 ecn_mark=815 drop=0
[QUEUE_STATS] t_ms=10128 q_pkts=3 q_bytes=4512 qdelay_l_ms=1.09051 qdelay_c_ms=2.17618 ecn_mark=818 drop=0
[QUEUE_STATS] t_ms=10144 q_pkts=2 q_bytes=3008 qdelay_l_ms=1.08435 qdelay_c_ms=1.07609 ecn_mark=818 drop=0
[QUEUE_STATS] t_ms=10160 q_pkts=1 q_bytes=1504 qdelay_l_ms=0.89435 qdelay_c_ms=0 ecn_mark=820 drop=0
[QUEUE_STATS] t_ms=10176 q_pkts=3 q_bytes=4512 qdelay_l_ms=1.06783 qdelay_c_ms=1.09266 ecn_mark=822 drop=0
[QUEUE_STATS] t_ms=10192 q_pkts=5 q_bytes=7520 qdelay_l_ms=1.0338 qdelay_c_ms=1.07262 ecn_mark=822 drop=0
[QUEUE_STATS] t_ms=10208 q_pkts=7 q_bytes=10528 qdelay_l_ms=0.783292 qdelay_c_ms=1.53221 ecn_mark=822 drop=0
[QUEUE_STATS] t_ms=10224 q_pkts=2 q_bytes=3008 qdelay_l_ms=1.10266 qdelay_c_ms=2.1072 ecn_mark=822 drop=0
[QUEUE_STATS] t_ms=10240 q_pkts=2 q_bytes=3008 qdelay_l_ms=0 qdelay_c_ms=1.09984 ecn_mark=824 drop=0
[QUEUE_STATS] t_ms=10256 q_pkts=5 q_bytes=7520 qdelay_l_ms=0.423737 qdelay_c_ms=0.488939 ecn_mark=824 drop=0
[QUEUE_STATS] t_ms=10272 q_pkts=3 q_bytes=4512 qdelay_l_ms=1.04939 qdelay_c_ms=1.08056 ecn_mark=825 drop=0
[QUEUE_STATS] t_ms=10288 q_pkts=2 q_bytes=3008 qdelay_l_ms=0 qdelay_c_ms=0.941439 ecn_mark=827 drop=0
[QUEUE_STATS] t_ms=10304 q_pkts=5 q_bytes=7520 qdelay_l_ms=1.09762 qdelay_c_ms=1.08862 ecn_mark=829 drop=0
[QUEUE_STATS] t_ms=10320 q_pkts=5 q_bytes=7520 qdelay_l_ms=1.13467 qdelay_c_ms=1.12601 ecn_mark=831 drop=0
[QUEUE_STATS] t_ms=10336 q_pkts=4 q_bytes=6016 qdelay_l_ms=0.929216 qdelay_c_ms=1.95026 ecn_mark=833 drop=0
[QUEUE_STATS] t_ms=10352 q_pkts=7 q_bytes=10528 qdelay_l_ms=1.028 qdelay_c_ms=1.07649 ecn_mark=833 drop=0
[QUEUE_STATS] t_ms=10368 q_pkts=1 q_bytes=1504 qdelay_l_ms=1.06827 qdelay_c_ms=0 ecn_mark=834 drop=0
[QUEUE_STATS] t_ms=10384 q_pkts=3 q_bytes=4512 qdelay_l_ms=1.07262 qdelay_c_ms=1.10936 ecn_mark=835 drop=0
[QUEUE_STATS] t_ms=10400 q_pkts=5 q_bytes=7520 qdelay_l_ms=0.783683 qdelay_c_ms=1.64037 ecn_mark=835 drop=0
[QUEUE_STATS] t_ms=10416 q_pkts=1 q_bytes=1504 qdelay_l_ms=0.792029 qdelay_c_ms=0 ecn_mark=835 drop=0
[QUEUE_STATS] t_ms=10432 q_pkts=1 q_bytes=1504 qdelay_l_ms=1.09673 qdelay_c_ms=0 ecn_mark=835 drop=0
[QUEUE_STATS] t_ms=10448 q_pkts=6 q_bytes=9024 qdelay_l_ms=0.886126 qdelay_c_ms=1.91535 ecn_mark=836 drop=0
[QUEUE_STATS] t_ms=10464 q_pkts=5 q_bytes=7520 qdelay_l_ms=1.06604 qdelay_c_ms=1.13558 ecn_mark=837 drop=0
[QUEUE_STATS] t_ms=10480 q_pkts=4 q_bytes=6016 qdelay_l_ms=1.07936 qdelay_c_ms=1.07072 ecn_mark=839 drop=0
[QUEUE_STATS] t_ms=10496 q_pkts=1 q_bytes=1504 qdelay_l_ms=1.0676 qdelay_c_ms=0 ecn_mark=839 drop=0
[QUEUE_STATS] t_ms=10512 q_pkts=3 q_bytes=4512 qdelay_l_ms=0.740391 qdelay_c_ms=0.779635 ecn_mark=839 drop=0
[QUEUE_STATS] t_ms=10528 q_pkts=3 q_bytes=4512 qdelay_l_ms=0.579168 qdelay_c_ms=0.613172 ecn_mark=840 drop=0
[QUEUE_STATS] t_ms=10544 q_pkts=2 q_bytes=3008 qdelay_l_ms=1.09948 qdelay_c_ms=1.09038 ecn_mark=841 drop=0
[QUEUE_STATS] t_ms=10560 q_pkts=4 q_bytes=6016 qdelay_l_ms=1.09156 qdelay_c_ms=1.08386 ecn_mark=842 drop=0
[QUEUE_STATS] t_ms=10576 q_pkts=6 q_bytes=9024 qdelay_l_ms=1.12859 qdelay_c_ms=1.1187 ecn_mark=842 drop=0
[QUEUE_STATS] t_ms=10592 q_pkts=5 q_bytes=7520 qdelay_l_ms=1.06344 qdelay_c_ms=1.03955 ecn_mark=843 drop=0
[QUEUE_STATS] t_ms=10608 q_pkts=5 q_bytes=7520 qdelay_l_ms=0.686931 qdelay_c_ms=1.72004 ecn_mark=844 drop=0
[QUEUE_STATS] t_ms=10624 q_pkts=2 q_bytes=3008 qdelay_l_ms=1.07333 qdelay_c_ms=1.06592 ecn_mark=846 drop=0
[QUEUE_STATS] t_ms=10640 q_pkts=2 q_bytes=3008 qdelay_l_ms=1.06486 qdelay_c_ms=1.0561 ecn_mark=847 drop=0
[QUEUE_STATS] t_ms=10656 q_pkts=3 q_bytes=4512 qdelay_l_ms=1.10363 qdelay_c_ms=1.09537 ecn_mark=847 drop=0
[QUEUE_STATS] t_ms=10672 q_pkts=3 q_bytes=4512 qdelay_l_ms=0.470665 qdelay_c_ms=0.464433 ecn_mark=847 drop=0
[QUEUE_STATS] t_ms=10688 q_pkts=3 q_bytes=4512 qdelay_l_ms=1.10476 qdelay_c_ms=1.09691 ecn_mark=847 drop=0
[QUEUE_STATS] t_ms=10704 q_pkts=4 q_bytes=6016 qdelay_l_ms=0.855468 qdelay_c_ms=0.846661 ecn_mark=848 drop=0
[QUEUE_STATS] t_ms=10720 q_pkts=3 q_bytes=4512 qdelay_l_ms=1.09495 qdelay_c_ms=1.92947 ecn_mark=848 drop=0
[QUEUE_STATS] t_ms=10736 q_pkts=5 q_bytes=7520 qdelay_l_ms=1.10649 qdelay_c_ms=1.85248 ecn_mark=849 drop=0
[QUEUE_STATS] t_ms=10752 q_pkts=1 q_bytes=1504 qdelay_l_ms=0.616769 qdelay_c_ms=0 ecn_mark=850 drop=0
[QUEUE_STATS] t_ms=10768 q_pkts=3 q_bytes=4512 qdelay_l_ms=1.06637 qdelay_c_ms=1.094 ecn_mark=850 drop=0
[QUEUE_STATS] t_ms=10784 q_pkts=4 q_bytes=6016 qdelay_l_ms=0.813919 qdelay_c_ms=1.85451 ecn_mark=852 drop=0
[QUEUE_STATS] t_ms=10800 q_pkts=2 q_bytes=3008 qdelay_l_ms=1.07962 qdelay_c_ms=1.0869 ecn_mark=853 drop=0
[QUEUE_STATS] t_ms=10816 q_pkts=2 q_bytes=3008 qdelay_l_ms=0.939606 qdelay_c_ms=0 ecn_mark=855 drop=0
[QUEUE_STATS] t_ms=10832 q_pkts=3 q_bytes=4512 qdelay_l_ms=0 qdelay_c_ms=1.05843 ecn_mark=855 drop=0
[QUEUE_STATS] t_ms=10848 q_pkts=3 q_bytes=4512 qdelay_l_ms=1.07132 qdelay_c_ms=1.11063 ecn_mark=855 drop=0
[QUEUE_STATS] t_ms=10864 q_pkts=3 q_bytes=4512 qdelay_l_ms=1.10047 qdelay_c_ms=1.0924 ecn_mark=855 drop=0
[QUEUE_STATS] t_ms=10880 q_pkts=5 q_bytes=7520 qdelay_l_ms=1.12654 qdelay_c_ms=1.11961 ecn_mark=855 drop=0
[QUEUE_STATS] t_ms=10896 q_pkts=4 q_bytes=6016 qdelay_l_ms=1.06247 qdelay_c_ms=1.05478 ecn_mark=856 drop=0
[QUEUE_STATS] t_ms=10912 q_pkts=4 q_bytes=6016 qdelay_l_ms=1.12331 qdelay_c_ms=1.1141 ecn_mark=856 drop=0
[QUEUE_STATS] t_ms=10928 q_pkts=3 q_bytes=4512 qdelay_l_ms=1.06892 qdelay_c_ms=1.09317 ecn_mark=857 drop=0
[QUEUE_STATS] t_ms=10944 q_pkts=4 q_bytes=6016 qdelay_l_ms=1.09941 qdelay_c_ms=1.09298 ecn_mark=858 drop=0
[QUEUE_STATS] t_ms=10960 q_pkts=3 q_bytes=4512 qdelay_l_ms=1.04005 qdelay_c_ms=1.06878 ecn_mark=859 drop=0
[QUEUE_STATS] t_ms=10976 q_pkts=5 q_bytes=7520 qdelay_l_ms=1.07838 qdelay_c_ms=2.15297 ecn_mark=860 drop=0
[QUEUE_STATS] t_ms=10992 q_pkts=4 q_bytes=6016 qdelay_l_ms=0.7716 qdelay_c_ms=0.763535 ecn_mark=863 drop=0
[QUEUE_STATS] t_ms=11008 q_pkts=3 q_bytes=4512 qdelay_l_ms=1.07184 qdelay_c_ms=1.0928 ecn_mark=864 drop=0
[QUEUE_STATS] t_ms=11024 q_pkts=3 q_bytes=4512 qdelay_l_ms=1.06682 qdelay_c_ms=1.10341 ecn_mark=864 drop=0
[QUEUE_STATS] t_ms=11040 q_pkts=3 q_bytes=4512 qdelay_l_ms=0.841602 qdelay_c_ms=0.879723 ecn_mark=864 drop=0
[QUEUE_STATS] t_ms=11056 q_pkts=3 q_bytes=4512 qdelay_l_ms=0.9947 qdelay_c_ms=1.03295 ecn_mark=867 drop=0
[QUEUE_STATS] t_ms=11072 q_pkts=5 q_bytes=7520 qdelay_l_ms=1.10544 qdelay_c_ms=1.09824 ecn_mark=868 drop=0
[QUEUE_STATS] t_ms=11088 q_pkts=0 q_bytes=0 qdelay_l_ms=0 qdelay_c_ms=0 ecn_mark=869 drop=0
[QUEUE_STATS] t_ms=11104 q_pkts=3 q_bytes=4512 qdelay_l_ms=0.989269 qdelay_c_ms=1.01518 ecn_mark=869 drop=0
[QUEUE_STATS] t_ms=11120 q_pkts=4 q_bytes=6016 qdelay_l_ms=1.10855 qdelay_c_ms=1.46692 ecn_mark=869 drop=0
[QUEUE_STATS] t_ms=11136 q_pkts=3 q_bytes=4512 qdelay_l_ms=0.835099 qdelay_c_ms=0.827746 ecn_mark=870 drop=0
[QUEUE_STATS] t_ms=11152 q_pkts=2 q_bytes=3008 qdelay_l_ms=0.681921 qdelay_c_ms=2.16438 ecn_mark=871 drop=0
[QUEUE_STATS] t_ms=11168 q_pkts=4 q_bytes=6016 qdelay_l_ms=1.01626 qdelay_c_ms=1.04977 ecn_mark=871 drop=0
[QUEUE_STATS] t_ms=11184 q_pkts=4 q_bytes=6016 qdelay_l_ms=0.84038 qdelay_c_ms=0.832315 ecn_mark=872 drop=0
[QUEUE_STATS] t_ms=11200 q_pkts=5 q_bytes=7520 qdelay_l_ms=1.06459 qdelay_c_ms=1.12936 ecn_mark=873 drop=0
[QUEUE_STATS] t_ms=11216 q_pkts=2 q_bytes=3008 qdelay_l_ms=0 qdelay_c_ms=2.16042 ecn_mark=873 drop=0
[QUEUE_STATS] t_ms=11232 q_pkts=4 q_bytes=6016 qdelay_l_ms=1.06983 qdelay_c_ms=1.04547 ecn_mark=873 drop=0
[QUEUE_STATS] t_ms=11248 q_pkts=4 q_bytes=6016 qdelay_l_ms=1.11015 qdelay_c_ms=1.10068 ecn_mark=873 drop=0
[QUEUE_STATS] t_ms=11264 q_pkts=2 q_bytes=3008 qdelay_l_ms=0.802328 qdelay_c_ms=0.812477 ecn_mark=874 drop=0
[QUEUE_STATS] t_ms=11280 q_pkts=3 q_bytes=4512 qdelay_l_ms=1.10161 qdelay_c_ms=1.94015 ecn_mark=876 drop=0
[QUEUE_STATS] t_ms=11296 q_pkts=4 q_bytes=6016 qdelay_l_ms=1.08981 qdelay_c_ms=1.12468 ecn_mark=877 drop=0
[QUEUE_STATS] t_ms=11312 q_pkts=7 q_bytes=10528 qdelay_l_ms=1.14181 qdelay_c_ms=1.90707 ecn_mark=878 drop=0
[QUEUE_STATS] t_ms=11328 q_pkts=4 q_bytes=6016 qdelay_l_ms=1.0996 qdelay_c_ms=1.81258 ecn_mark=880 drop=0
[QUEUE_STATS] t_ms=11344 q_pkts=3 q_bytes=4512 qdelay_l_ms=0.698683 qdelay_c_ms=0.691059 ecn_mark=882 drop=0
[QUEUE_STATS] t_ms=11360 q_pkts=5 q_bytes=7520 qdelay_l_ms=0.75016 qdelay_c_ms=1.7673 ecn_mark=882 drop=0
[QUEUE_STATS] t_ms=11376 q_pkts=4 q_bytes=6016 qdelay_l_ms=1.06412 qdelay_c_ms=2.08753 ecn_mark=884 drop=0
[QUEUE_STATS] t_ms=11392 q_pkts=3 q_bytes=4512 qdelay_l_ms=0.831693 qdelay_c_ms=0.826123 ecn_mark=886 drop=0
[QUEUE_STATS] t_ms=11408 q_pkts=6 q_bytes=9024 qdelay_l_ms=1.1305 qdelay_c_ms=1.12202 ecn_mark=889 drop=0
[QUEUE_STATS] t_ms=11424 q_pkts=1 q_bytes=1504 qdelay_l_ms=0.384603 qdelay_c_ms=0 ecn_mark=890 drop=0
[QUEUE_STATS] t_ms=11440 q_pkts=7 q_bytes=10528 qdelay_l_ms=1.1285 qdelay_c_ms=1.95341 ecn_mark=890 drop=0
[QUEUE_STATS] t_ms=11456 q_pkts=5 q_bytes=7520 qdelay_l_ms=0.734591 qdelay_c_ms=0.793401 ecn_mark=890 drop=0
[QUEUE_STATS] t_ms=11472 q_pkts=4 q_bytes=6016 qdelay_l_ms=1.03445 qdelay_c_ms=2.13934 ecn_mark=891 drop=0
[QUEUE_STATS] t_ms=11488 q_pkts=3 q_bytes=4512 qdelay_l_ms=1.07195 qdelay_c_ms=1.10682 ecn_mark=892 drop=0
[QUEUE_STATS] t_ms=11504 q_pkts=4 q_bytes=6016 qdelay_l_ms=1.13167 qdelay_c_ms=1.9006 ecn_mark=892 drop=0
[QUEUE_STATS] t_ms=11520 q_pkts=3 q_bytes=4512 qdelay_l_ms=0.728229 qdelay_c_ms=0.754699 ecn_mark=892 drop=0
[QUEUE_STATS] t_ms=11536 q_pkts=1 q_bytes=1504 qdelay_l_ms=1.07638 qdelay_c_ms=0 ecn_mark=892 drop=0
[QUEUE_STATS] t_ms=11552 q_pkts=5 q_bytes=7520 qdelay_l_ms=1.12844 qdelay_c_ms=1.13765 ecn_mark=893 drop=0
[QUEUE_STATS] t_ms=11568 q_pkts=5 q_bytes=7520 qdelay_l_ms=0.713271 qdelay_c_ms=1.73421 ecn_mark=894 drop=0
[QUEUE_STATS] t_ms=11584 q_pkts=3 q_bytes=4512 qdelay_l_ms=1.05154 qdelay_c_ms=1.09178 ecn_mark=895 drop=0
[QUEUE_STATS] t_ms=11600 q_pkts=2 q_bytes=3008 qdelay_l_ms=0 qdelay_c_ms=1.09701 ecn_mark=896 drop=0
[QUEUE_STATS] t_ms=11616 q_pkts=5 q_bytes=7520 qdelay_l_ms=1.03542 qdelay_c_ms=1.02767 ecn_mark=896 drop=0
[QUEUE_STATS] t_ms=11632 q_pkts=5 q_bytes=7520 qdelay_l_ms=1.12566 qdelay_c_ms=1.11566 ecn_mark=896 drop=0
[QUEUE_STATS] t_ms=11648 q_pkts=5 q_bytes=7520 qdelay_l_ms=1.06872 qdelay_c_ms=1.06107 ecn_mark=897 drop=0
[QUEUE_STATS] t_ms=11664 q_pkts=4 q_bytes=6016 qdelay_l_ms=1.07074 qdelay_c_ms=2.11484 ecn_mark=899 drop=0
[QUEUE_STATS] t_ms=11680 q_pkts=7 q_bytes=10528 qdelay_l_ms=0.775297 qdelay_c_ms=2.97434 ecn_mark=899 drop=0
[QUEUE_STATS] t_ms=11696 q_pkts=6 q_bytes=9024 qdelay_l_ms=1.14773 qdelay_c_ms=1.13732 ecn_mark=899 drop=0
[QUEUE_STATS] t_ms=11712 q_pkts=4 q_bytes=6016 qdelay_l_ms=1.11069 qdelay_c_ms=1.10326 ecn_mark=902 drop=0
[QUEUE_STATS] t_ms=11728 q_pkts=2 q_bytes=3008 qdelay_l_ms=0.718761 qdelay_c_ms=0.727177 ecn_mark=903 drop=0
[QUEUE_STATS] t_ms=11744 q_pkts=4 q_bytes=6016 qdelay_l_ms=0 qdelay_c_ms=1.88316 ecn_mark=904 drop=0
[QUEUE_STATS] t_ms=11760 q_pkts=4 q_bytes=6016 qdelay_l_ms=1.11178 qdelay_c_ms=1.10203 ecn_mark=905 drop=0
[QUEUE_STATS] t_ms=11776 q_pkts=1 q_bytes=1504 qdelay_l_ms=1.07341 qdelay_c_ms=0 ecn_mark=906 drop=0
[QUEUE_STATS] t_ms=11792 q_pkts=3 q_bytes=4512 qdelay_l_ms=0 qdelay_c_ms=2.13276 ecn_mark=909 drop=0
[QUEUE_STATS] t_ms=11808 q_pkts=5 q_bytes=7520 qdelay_l_ms=1.05022 qdelay_c_ms=2.1441 ecn_mark=910 drop=0
[QUEUE_STATS] t_ms=11824 q_pkts=5 q_bytes=7520 qdelay_l_ms=0.745472 qdelay_c_ms=0.791789 ecn_mark=912 drop=0
[QUEUE_STATS] t_ms=11840 q_pkts=0 q_bytes=0 qdelay_l_ms=0 qdelay_c_ms=0 ecn_mark=913 drop=0
[QUEUE_STATS] t_ms=11856 q_pkts=3 q_bytes=4512 qdelay_l_ms=1.08819 qdelay_c_ms=1.07939 ecn_mark=915 drop=0
[QUEUE_STATS] t_ms=11872 q_pkts=5 q_bytes=7520 qdelay_l_ms=1.06199 qdelay_c_ms=2.19968 ecn_mark=917 drop=0
[QUEUE_STATS] t_ms=11888 q_pkts=6 q_bytes=9024 qdelay_l_ms=1.06549 qdelay_c_ms=1.05898 ecn_mark=918 drop=0
[QUEUE_STATS] t_ms=11904 q_pkts=4 q_bytes=6016 qdelay_l_ms=0.74518 qdelay_c_ms=0.737676 ecn_mark=918 drop=0
[QUEUE_STATS] t_ms=11920 q_pkts=5 q_bytes=7520 qdelay_l_ms=0.775398 qdelay_c_ms=1.85679 ecn_mark=918 drop=0
[QUEUE_STATS] t_ms=11936 q_pkts=7 q_bytes=10528 qdelay_l_ms=1.14624 qdelay_c_ms=1.92589 ecn_mark=919 drop=0
[QUEUE_STATS] t_ms=11952 q_pkts=5 q_bytes=7520 qdelay_l_ms=1.0654 qdelay_c_ms=2.12484 ecn_mark=922 drop=0
[QUEUE_STATS] t_ms=11968 q_pkts=4 q_bytes=6016 qdelay_l_ms=1.0936 qdelay_c_ms=1.80737 ecn_mark=924 drop=0
[QUEUE_STATS] t_ms=11984 q_pkts=5 q_bytes=7520 qdelay_l_ms=0.735953 qdelay_c_ms=1.84191 ecn_mark=924 drop=0
[QUEUE_STATS] t_ms=12000 q_pkts=6 q_bytes=9024 qdelay_l_ms=1.14602 qdelay_c_ms=1.55608 ecn_mark=925 drop=0
[QUEUE_STATS] t_ms=12016 q_pkts=3 q_bytes=4512 qdelay_l_ms=0 qdelay_c_ms=1.79234 ecn_mark=926 drop=0
[QUEUE_STATS] t_ms=12032 q_pkts=3 q_bytes=4512 qdelay_l_ms=1.10266 qdelay_c_ms=1.09292 ecn_mark=927 drop=0
[QUEUE_STATS] t_ms=12048 q_pkts=6 q_bytes=9024 qdelay_l_ms=0.747194 qdelay_c_ms=1.79778 ecn_mark=929 drop=0
[QUEUE_STATS] t_ms=12064 q_pkts=6 q_bytes=9024 qdelay_l_ms=1.05086 qdelay_c_ms=2.12402 ecn_mark=929 drop=0
[QUEUE_STATS] t_ms=12080 q_pkts=6 q_bytes=9024 qdelay_l_ms=1.14819 qdelay_c_ms=1.13839 ecn_mark=930 drop=0
[QUEUE_STATS] t_ms=12096 q_pkts=5 q_bytes=7520 qdelay_l_ms=1.06538 qdelay_c_ms=1.80395 ecn_mark=931 drop=0
[QUEUE_STATS] t_ms=12112 q_pkts=1 q_bytes=1504 qdelay_l_ms=1.06262 qdelay_c_ms=0 ecn_mark=932 drop=0
[QUEUE_STATS] t_ms=12128 q_pkts=6 q_bytes=9024 qdelay_l_ms=1.06509 qdelay_c_ms=1.81512 ecn_mark=932 drop=0
[QUEUE_STATS] t_ms=12144 q_pkts=5 q_bytes=7520 qdelay_l_ms=1.11214 qdelay_c_ms=1.10363 ecn_mark=932 drop=0
[QUEUE_STATS] t_ms=12160 q_pkts=5 q_bytes=7520 qdelay_l_ms=1.13494 qdelay_c_ms=1.12432 ecn_mark=932 drop=0
[QUEUE_STATS] t_ms=12176 q_pkts=4 q_bytes=6016 qdelay_l_ms=0.788873 qdelay_c_ms=0.78216 ecn_mark=933 drop=0
[QUEUE_STATS] t_ms=12192 q_pkts=6 q_bytes=9024 qdelay_l_ms=1.13514 qdelay_c_ms=1.1259 ecn_mark=934 drop=0
[QUEUE_STATS] t_ms=12208 q_pkts=3 q_bytes=4512 qdelay_l_ms=1.06981 qdelay_c_ms=1.06237 ecn_mark=937 drop=0
[QUEUE_STATS] t_ms=12224 q_pkts=5 q_bytes=7520 qdelay_l_ms=0.716537 qdelay_c_ms=0.706899 ecn_mark=937 drop=0
[QUEUE_STATS] t_ms=12240 q_pkts=2 q_bytes=3008 qdelay_l_ms=1.1004 qdelay_c_ms=0 ecn_mark=937 drop=0
[QUEUE_STATS] t_ms=12256 q_pkts=4 q_bytes=6016 qdelay_l_ms=1.05033 qdelay_c_ms=2.11959 ecn_mark=938 drop=0
[QUEUE_STATS] t_ms=12272 q_pkts=2 q_bytes=3008 qdelay_l_ms=0.043913 qdelay_c_ms=0.033724 ecn_mark=938 drop=0
[QUEUE_STATS] t_ms=12288 q_pkts=3 q_bytes=4512 qdelay_l_ms=0.725824 qdelay_c_ms=0.717699 ecn_mark=939 drop=0
[QUEUE_STATS] t_ms=12304 q_pkts=7 q_bytes=10528 qdelay_l_ms=1.14286 qdelay_c_ms=2.16631 ecn_mark=940 drop=0
[QUEUE_STATS] t_ms=12320 q_pkts=3 q_bytes=4512 qdelay_l_ms=0.444435 qdelay_c_ms=0.433615 ecn_mark=943 drop=0
[QUEUE_STATS] t_ms=12336 q_pkts=3 q_bytes=4512 qdelay_l_ms=0.737346 qdelay_c_ms=0.729962 ecn_mark=945 drop=0
[QUEUE_STATS] t_ms=12352 q_pkts=4 q_bytes=6016 qdelay_l_ms=0.687312 qdelay_c_ms=2.07365 ecn_mark=945 drop=0
[QUEUE_STATS] t_ms=12368 q_pkts=6 q_bytes=9024 qdelay_l_ms=1.03776 qdelay_c_ms=2.1694 ecn_mark=945 drop=0
[QUEUE_STATS] t_ms=12384 q_pkts=6 q_bytes=9024 qdelay_l_ms=0.699495 qdelay_c_ms=0.689476 ecn_mark=945 drop=0
[QUEUE_STATS] t_ms=12400 q_pkts=3 q_bytes=4512 qdelay_l_ms=1.10555 qdelay_c_ms=1.09472 ecn_mark=946 drop=0
[QUEUE_STATS] t_ms=12416 q_pkts=4 q_bytes=6016 qdelay_l_ms=1.04201 qdelay_c_ms=1.07966 ecn_mark=946 drop=0
[QUEUE_STATS] t_ms=12432 q_pkts=4 q_bytes=6016 qdelay_l_ms=1.09853 qdelay_c_ms=2.17139 ecn_mark=948 drop=0
[QUEUE_STATS] t_ms=12448 q_pkts=3 q_bytes=4512 qdelay_l_ms=0.956648 qdelay_c_ms=0.991023 ecn_mark=948 drop=0
[QUEUE_STATS] t_ms=12464 q_pkts=3 q_bytes=4512 qdelay_l_ms=1.03772 qdelay_c_ms=1.03037 ecn_mark=950 drop=0
[QUEUE_STATS] t_ms=12480 q_pkts=4 q_bytes=6016 qdelay_l_ms=0.6281 qdelay_c_ms=0.622049 ecn_mark=954 drop=0
[QUEUE_STATS] t_ms=12496 q_pkts=6 q_bytes=9024 qdelay_l_ms=0.980593 qdelay_c_ms=2.06699 ecn_mark=956 drop=0
[QUEUE_STATS] t_ms=12512 q_pkts=6 q_bytes=9024 qdelay_l_ms=1.14122 qdelay_c_ms=1.13303 ecn_mark=957 drop=0
[QUEUE_STATS] t_ms=12528 q_pkts=5 q_bytes=7520 qdelay_l_ms=1.0982 qdelay_c_ms=2.12297 ecn_mark=957 drop=0
[QUEUE_STATS] t_ms=12544 q_pkts=5 q_bytes=7520 qdelay_l_ms=1.10426 qdelay_c_ms=2.12756 ecn_mark=959 drop=0
[QUEUE_STATS] t_ms=12560 q_pkts=6 q_bytes=9024 qdelay_l_ms=1.04167 qdelay_c_ms=2.17433 ecn_mark=960 drop=0
[QUEUE_STATS] t_ms=12576 q_pkts=3 q_bytes=4512 qdelay_l_ms=0.922854 qdelay_c_ms=0.947841 ecn_mark=962 drop=0
[QUEUE_STATS] t_ms=12592 q_pkts=2 q_bytes=3008 qdelay_l_ms=1.10587 qdelay_c_ms=1.0953 ecn_mark=963 drop=0
[QUEUE_STATS] t_ms=12608 q_pkts=4 q_bytes=6016 qdelay_l_ms=0 qdelay_c_ms=1.11302 ecn_mark=963 drop=0
[QUEUE_STATS] t_ms=12624 q_pkts=2 q_bytes=3008 qdelay_l_ms=0.990171 qdelay_c_ms=0 ecn_mark=963 drop=0
[QUEUE_STATS] t_ms=12640 q_pkts=4 q_bytes=6016 qdelay_l_ms=0.967097 qdelay_c_ms=2.05429 ecn_mark=963 drop=0
[QUEUE_STATS] t_ms=12656 q_pkts=5 q_bytes=7520 qdelay_l_ms=0.934036 qdelay_c_ms=0.92573 ecn_mark=966 drop=0
[QUEUE_STATS] t_ms=12672 q_pkts=6 q_bytes=9024 qdelay_l_ms=1.02186 qdelay_c_ms=2.17067 ecn_mark=969 drop=0
[QUEUE_STATS] t_ms=12688 q_pkts=3 q_bytes=4512 qdelay_l_ms=1.04058 qdelay_c_ms=1.08161 ecn_mark=970 drop=0
[QUEUE_STATS] t_ms=12704 q_pkts=2 q_bytes=3008 qdelay_l_ms=0.910321 qdelay_c_ms=0 ecn_mark=971 drop=0
[QUEUE_STATS] t_ms=12720 q_pkts=6 q_bytes=9024 qdelay_l_ms=1.10414 qdelay_c_ms=1.09302 ecn_mark=971 drop=0
[QUEUE_STATS] t_ms=12736 q_pkts=6 q_bytes=9024 qdelay_l_ms=1.09777 qdelay_c_ms=1.08755 ecn_mark=972 drop=0
[QUEUE_STATS] t_ms=12752 q_pkts=4 q_bytes=6016 qdelay_l_ms=1.12632 qdelay_c_ms=1.11608 ecn_mark=972 drop=0
[QUEUE_STATS] t_ms=12768 q_pkts=5 q_bytes=7520 qdelay_l_ms=1.02703 qdelay_c_ms=2.12612 ecn_mark=973 drop=0
[QUEUE_STATS] t_ms=12784 q_pkts=5 q_bytes=7520 qdelay_l_ms=1.1096 qdelay_c_ms=2.13069 ecn_mark=974 drop=0
[QUEUE_STATS] t_ms=12800 q_pkts=5 q_bytes=7520 qdelay_l_ms=0.709814 qdelay_c_ms=0.701559 ecn_mark=976 drop=0
[QUEUE_STATS] t_ms=12816 q_pkts=6 q_bytes=9024 qdelay_l_ms=1.089 qdelay_c_ms=2.18991 ecn_mark=978 drop=0
[QUEUE_STATS] t_ms=12832 q_pkts=2 q_bytes=3008 qdelay_l_ms=1.09966 qdelay_c_ms=1.08948 ecn_mark=980 drop=0
[QUEUE_STATS] t_ms=12848 q_pkts=5 q_bytes=7520 qdelay_l_ms=1.12781 qdelay_c_ms=1.12021 ecn_mark=981 drop=0
[QUEUE_STATS] t_ms=12864 q_pkts=4 q_bytes=6016 qdelay_l_ms=1.05379 qdelay_c_ms=2.18007 ecn_mark=981 drop=0
[QUEUE_STATS] t_ms=12880 q_pkts=5 q_bytes=7520 qdelay_l_ms=1.07804 qdelay_c_ms=1.13974 ecn_mark=981 drop=0
[QUEUE_STATS] t_ms=12896 q_pkts=5 q_bytes=7520 qdelay_l_ms=0.698924 qdelay_c_ms=1.73025 ecn_mark=982 drop=0
[QUEUE_STATS] t_ms=12912 q_pkts=5 q_bytes=7520 qdelay_l_ms=1.12074 qdelay_c_ms=1.11068 ecn_mark=982 drop=0
[QUEUE_STATS] t_ms=12928 q_pkts=4 q_bytes=6016 qdelay_l_ms=1.06864 qdelay_c_ms=1.05058 ecn_mark=983 drop=0
[QUEUE_STATS] t_ms=12944 q_pkts=6 q_bytes=9024 qdelay_l_ms=1.06709 qdelay_c_ms=2.1726 ecn_mark=984 drop=0
[QUEUE_STATS] t_ms=12960 q_pkts=8 q_bytes=12032 qdelay_l_ms=0.433926 qdelay_c_ms=2.5291 ecn_mark=984 drop=0
[QUEUE_STATS] t_ms=12976 q_pkts=4 q_bytes=6016 qdelay_l_ms=0 qdelay_c_ms=1.11987 ecn_mark=984 drop=0
[QUEUE_STATS] t_ms=12992 q_pkts=5 q_bytes=7520 qdelay_l_ms=0.942111 qdelay_c_ms=2.07508 ecn_mark=986 drop=0
[QUEUE_STATS] t_ms=13008 q_pkts=4 q_bytes=6016 qdelay_l_ms=1.0804 qdelay_c_ms=1.05254 ecn_mark=986 drop=0
[QUEUE_STATS] t_ms=13024 q_pkts=4 q_bytes=6016 qdelay_l_ms=1.10915 qdelay_c_ms=1.1005 ecn_mark=986 drop=0
[QUEUE_STATS] t_ms=13040 q_pkts=7 q_bytes=10528 qdelay_l_ms=1.13767 qdelay_c_ms=1.1278 ecn_mark=988 drop=0
[QUEUE_STATS] t_ms=13056 q_pkts=5 q_bytes=7520 qdelay_l_ms=0.710596 qdelay_c_ms=0.703422 ecn_mark=990 drop=0
[QUEUE_STATS] t_ms=13072 q_pkts=5 q_bytes=7520 qdelay_l_ms=0.724792 qdelay_c_ms=0.715334 ecn_mark=991 drop=0
[QUEUE_STATS] t_ms=13088 q_pkts=5 q_bytes=7520 qdelay_l_ms=1.10926 qdelay_c_ms=1.79204 ecn_mark=992 drop=0
[QUEUE_STATS] t_ms=13104 q_pkts=6 q_bytes=9024 qdelay_l_ms=0.339408 qdelay_c_ms=1.45116 ecn_mark=993 drop=0
[QUEUE_STATS] t_ms=13120 q_pkts=5 q_bytes=7520 qdelay_l_ms=0.384993 qdelay_c_ms=1.45482 ecn_mark=994 drop=0
[QUEUE_STATS] t_ms=13136 q_pkts=5 q_bytes=7520 qdelay_l_ms=1.10372 qdelay_c_ms=2.11495 ecn_mark=995 drop=0
[QUEUE_STATS] t_ms=13152 q_pkts=2 q_bytes=3008 qdelay_l_ms=1.08089 qdelay_c_ms=1.05359 ecn_mark=997 drop=0
[QUEUE_STATS] t_ms=13168 q_pkts=5 q_bytes=7520 qdelay_l_ms=1.1056 qdelay_c_ms=2.13694 ecn_mark=997 drop=0
[QUEUE_STATS] t_ms=13184 q_pkts=6 q_bytes=9024 qdelay_l_ms=1.06963 qdelay_c_ms=2.1676 ecn_mark=998 drop=0
[QUEUE_STATS] t_ms=13200 q_pkts=4 q_bytes=6016 qdelay_l_ms=0.722478 qdelay_c_ms=0.713491 ecn_mark=999 drop=0
[QUEUE_STATS] t_ms=13216 q_pkts=5 q_bytes=7520 qdelay_l_ms=0 qdelay_c_ms=2.77236 ecn_mark=999 drop=0
[QUEUE_STATS] t_ms=13232 q_pkts=7 q_bytes=10528 qdelay_l_ms=1.08474 qdelay_c_ms=1.08092 ecn_mark=999 drop=0
[QUEUE_STATS] t_ms=13248 q_pkts=5 q_bytes=7520 qdelay_l_ms=1.05991 qdelay_c_ms=1.77496 ecn_mark=1002 drop=0
[QUEUE_STATS] t_ms=13264 q_pkts=4 q_bytes=6016 qdelay_l_ms=1.05786 qdelay_c_ms=2.12853 ecn_mark=1002 drop=0
[QUEUE_STATS] t_ms=13280 q_pkts=4 q_bytes=6016 qdelay_l_ms=0.722528 qdelay_c_ms=1.72909 ecn_mark=1005 drop=0
[QUEUE_STATS] t_ms=13296 q_pkts=4 q_bytes=6016 qdelay_l_ms=1.0629 qdelay_c_ms=2.08049 ecn_mark=1006 drop=0
[QUEUE_STATS] t_ms=13312 q_pkts=5 q_bytes=7520 qdelay_l_ms=1.06115 qdelay_c_ms=1.44407 ecn_mark=1006 drop=0
[QUEUE_STATS] t_ms=13328 q_pkts=4 q_bytes=6016 qdelay_l_ms=1.06569 qdelay_c_ms=1.06268 ecn_mark=1008 drop=0
[QUEUE_STATS] t_ms=13344 q_pkts=4 q_bytes=6016 qdelay_l_ms=1.06929 qdelay_c_ms=2.07943 ecn_mark=1009 drop=0
[QUEUE_STATS] t_ms=13360 q_pkts=6 q_bytes=9024 qdelay_l_ms=1.08379 qdelay_c_ms=1.79092 ecn_mark=1009 drop=0
[QUEUE_STATS] t_ms=13376 q_pkts=5 q_bytes=7520 qdelay_l_ms=1.08117 qdelay_c_ms=1.81474 ecn_mark=1011 drop=0
[QUEUE_STATS] t_ms=13392 q_pkts=6 q_bytes=9024 qdelay_l_ms=1.07268 qdelay_c_ms=2.17176 ecn_mark=1012 drop=0
[QUEUE_STATS] t_ms=13408 q_pkts=4 q_bytes=6016 qdelay_l_ms=0.761231 qdelay_c_ms=1.85806 ecn_mark=1013 drop=0
[QUEUE_STATS] t_ms=13424 q_pkts=5 q_bytes=7520 qdelay_l_ms=1.08265 qdelay_c_ms=1.079 ecn_mark=1014 drop=0
[QUEUE_STATS] t_ms=13440 q_pkts=4 q_bytes=6016 qdelay_l_ms=1.05574 qdelay_c_ms=2.14481 ecn_mark=1015 drop=0
[QUEUE_STATS] t_ms=13456 q_pkts=5 q_bytes=7520 qdelay_l_ms=1.0104 qdelay_c_ms=2.12313 ecn_mark=1015 drop=0
[QUEUE_STATS] t_ms=13472 q_pkts=5 q_bytes=7520 qdelay_l_ms=1.0596 qdelay_c_ms=2.08235 ecn_mark=1016 drop=0
[QUEUE_STATS] t_ms=13488 q_pkts=4 q_bytes=6016 qdelay_l_ms=1.05917 qdelay_c_ms=2.1323 ecn_mark=1017 drop=0
[QUEUE_STATS] t_ms=13504 q_pkts=6 q_bytes=9024 qdelay_l_ms=0.771349 qdelay_c_ms=1.83423 ecn_mark=1017 drop=0
[QUEUE_STATS] t_ms=13520 q_pkts=6 q_bytes=9024 qdelay_l_ms=1.08346 qdelay_c_ms=1.49218 ecn_mark=1018 drop=0
[QUEUE_STATS] t_ms=13536 q_pkts=5 q_bytes=7520 qdelay_l_ms=1.0674 qdelay_c_ms=2.161 ecn_mark=1021 drop=0
[QUEUE_STATS] t_ms=13552 q_pkts=5 q_bytes=7520 qdelay_l_ms=1.06278 qdelay_c_ms=1.80418 ecn_mark=1024 drop=0
[QUEUE_STATS] t_ms=13568 q_pkts=4 q_bytes=6016 qdelay_l_ms=1.0555 qdelay_c_ms=1.07309 ecn_mark=1025 drop=0
[QUEUE_STATS] t_ms=13584 q_pkts=7 q_bytes=10528 qdelay_l_ms=1.06656 qdelay_c_ms=2.11957 ecn_mark=1025 drop=0
[QUEUE_STATS] t_ms=13600 q_pkts=4 q_bytes=6016 qdelay_l_ms=0.802178 qdelay_c_ms=0.810564 ecn_mark=1026 drop=0
[QUEUE_STATS] t_ms=13616 q_pkts=4 q_bytes=6016 qdelay_l_ms=1.08005 qdelay_c_ms=1.07601 ecn_mark=1026 drop=0
[QUEUE_STATS] t_ms=13632 q_pkts=5 q_bytes=7520 qdelay_l_ms=1.05534 qdelay_c_ms=2.12874 ecn_mark=1026 drop=0
[QUEUE_STATS] t_ms=13648 q_pkts=5 q_bytes=7520 qdelay_l_ms=0.710185 qdelay_c_ms=1.44637 ecn_mark=1026 drop=0
[QUEUE_STATS] t_ms=13664 q_pkts=5 q_bytes=7520 qdelay_l_ms=1.06284 qdelay_c_ms=1.78194 ecn_mark=1026 drop=0
[QUEUE_STATS] t_ms=13680 q_pkts=5 q_bytes=7520 qdelay_l_ms=1.06243 qdelay_c_ms=1.44939 ecn_mark=1027 drop=0
[QUEUE_STATS] t_ms=13696 q_pkts=7 q_bytes=10528 qdelay_l_ms=1.00195 qdelay_c_ms=2.11533 ecn_mark=1029 drop=0
[QUEUE_STATS] t_ms=13712 q_pkts=5 q_bytes=7520 qdelay_l_ms=1.0693 qdelay_c_ms=2.13308 ecn_mark=1030 drop=0
[QUEUE_STATS] t_ms=13728 q_pkts=5 q_bytes=7520 qdelay_l_ms=1.05933 qdelay_c_ms=2.15998 ecn_mark=1032 drop=0
[QUEUE_STATS] t_ms=13744 q_pkts=6 q_bytes=9024 qdelay_l_ms=1.06793 qdelay_c_ms=2.17288 ecn_mark=1032 drop=0
[QUEUE_STATS] t_ms=13760 q_pkts=8 q_bytes=12032 qdelay_l_ms=1.06242 qdelay_c_ms=1.81757 ecn_mark=1034 drop=0
[QUEUE_STATS] t_ms=13776 q_pkts=5 q_bytes=7520 qdelay_l_ms=1.06673 qdelay_c_ms=2.163 ecn_mark=1034 drop=0
[QUEUE_STATS] t_ms=13792 q_pkts=4 q_bytes=6016 qdelay_l_ms=1.05829 qdelay_c_ms=2.13988 ecn_mark=1036 drop=0
[QUEUE_STATS] t_ms=13808 q_pkts=5 q_bytes=7520 qdelay_l_ms=1.06581 qdelay_c_ms=2.12839 ecn_mark=1036 drop=0
[QUEUE_STATS] t_ms=13824 q_pkts=6 q_bytes=9024 qdelay_l_ms=1.0517 qdelay_c_ms=2.15987 ecn_mark=1037 drop=0
[QUEUE_STATS] t_ms=13840 q_pkts=7 q_bytes=10528 qdelay_l_ms=1.0775 qdelay_c_ms=2.13598 ecn_mark=1039 drop=0
[QUEUE_STATS] t_ms=13856 q_pkts=7 q_bytes=10528 qdelay_l_ms=1.0583 qdelay_c_ms=2.1801 ecn_mark=1040 drop=0
[QUEUE_STATS] t_ms=13872 q_pkts=5 q_bytes=7520 qdelay_l_ms=0 qdelay_c_ms=2.12931 ecn_mark=1040 drop=0
[QUEUE_STATS] t_ms=13888 q_pkts=5 q_bytes=7520 qdelay_l_ms=1.07063 qdelay_c_ms=1.75776 ecn_mark=1040 drop=0
[QUEUE_STATS] t_ms=13904 q_pkts=7 q_bytes=10528 qdelay_l_ms=1.07753 qdelay_c_ms=1.07425 ecn_mark=1040 drop=0
[QUEUE_STATS] t_ms=13920 q_pkts=7 q_bytes=10528 qdelay_l_ms=0.726215 qdelay_c_ms=1.81255 ecn_mark=1042 drop=0
[QUEUE_STATS] t_ms=13936 q_pkts=6 q_bytes=9024 qdelay_l_ms=1.07238 qdelay_c_ms=2.05699 ecn_mark=1047 drop=0
[QUEUE_STATS] t_ms=13952 q_pkts=6 q_bytes=9024 qdelay_l_ms=1.0835 qdelay_c_ms=1.79896 ecn_mark=1047 drop=0
[QUEUE_STATS] t_ms=13968 q_pkts=6 q_bytes=9024 qdelay_l_ms=1.04886 qdelay_c_ms=2.16112 ecn_mark=1052 drop=0
[QUEUE_STATS] t_ms=13984 q_pkts=6 q_bytes=9024 qdelay_l_ms=0.392527 qdelay_c_ms=1.44876 ecn_mark=1053 drop=0
[QUEUE_STATS] t_ms=14000 q_pkts=8 q_bytes=12032 qdelay_l_ms=0 qdelay_c_ms=1.51044 ecn_mark=1053 drop=0
[QUEUE_STATS] t_ms=14016 q_pkts=5 q_bytes=7520 qdelay_l_ms=1.06699 qdelay_c_ms=2.16466 ecn_mark=1053 drop=0
[QUEUE_STATS] t_ms=14032 q_pkts=6 q_bytes=9024 qdelay_l_ms=0.365416 qdelay_c_ms=2.50523 ecn_mark=1054 drop=0
[QUEUE_STATS] t_ms=14048 q_pkts=8 q_bytes=12032 qdelay_l_ms=1.04588 qdelay_c_ms=3.26095 ecn_mark=1055 drop=0
[QUEUE_STATS] t_ms=14064 q_pkts=6 q_bytes=9024 qdelay_l_ms=1.06272 qdelay_c_ms=2.17608 ecn_mark=1055 drop=0
[QUEUE_STATS] t_ms=14080 q_pkts=6 q_bytes=9024 qdelay_l_ms=1.075 qdelay_c_ms=2.17139 ecn_mark=1055 drop=0
[QUEUE_STATS] t_ms=14096 q_pkts=8 q_bytes=12032 qdelay_l_ms=0.721787 qdelay_c_ms=2.85235 ecn_mark=1058 drop=0
[QUEUE_STATS] t_ms=14112 q_pkts=9 q_bytes=13536 qdelay_l_ms=0.737807 qdelay_c_ms=2.55879 ecn_mark=1059 drop=0
[QUEUE_STATS] t_ms=14128 q_pkts=8 q_bytes=12032 qdelay_l_ms=1.06056 qdelay_c_ms=3.25344 ecn_mark=1061 drop=0
[QUEUE_STATS] t_ms=14144 q_pkts=8 q_bytes=12032 qdelay_l_ms=1.06194 qdelay_c_ms=2.1553 ecn_mark=1063 drop=0
[QUEUE_STATS] t_ms=14160 q_pkts=7 q_bytes=10528 qdelay_l_ms=1.06379 qdelay_c_ms=2.9042 ecn_mark=1063 drop=0
[QUEUE_STATS] t_ms=14176 q_pkts=7 q_bytes=10528 qdelay_l_ms=1.06605 qdelay_c_ms=2.13777 ecn_mark=1063 drop=0
[QUEUE_STATS] t_ms=14192 q_pkts=8 q_bytes=12032 qdelay_l_ms=1.06346 qdelay_c_ms=2.89459 ecn_mark=1063 drop=0
[QUEUE_STATS] t_ms=14208 q_pkts=8 q_bytes=12032 qdelay_l_ms=0.69714 qdelay_c_ms=1.82231 ecn_mark=1063 drop=0
[QUEUE_STATS] t_ms=14224 q_pkts=9 q_bytes=13536 qdelay_l_ms=0.715525 qdelay_c_ms=2.85336 ecn_mark=1063 drop=0
[QUEUE_STATS] t_ms=14240 q_pkts=10 q_bytes=15040 qdelay_l_ms=1.08116 qdelay_c_ms=2.78012 ecn_mark=1065 drop=0
[QUEUE_STATS] t_ms=14256 q_pkts=10 q_bytes=15040 qdelay_l_ms=0.355659 qdelay_c_ms=2.51766 ecn_mark=1065 drop=0
[QUEUE_STATS] t_ms=14272 q_pkts=9 q_bytes=13536 qdelay_l_ms=0.720244 qdelay_c_ms=2.86961 ecn_mark=1066 drop=0
[QUEUE_STATS] t_ms=14288 q_pkts=10 q_bytes=15040 qdelay_l_ms=1.07414 qdelay_c_ms=3.19331 ecn_mark=1068 drop=0
[QUEUE_STATS] t_ms=14304 q_pkts=10 q_bytes=15040 qdelay_l_ms=1.079 qdelay_c_ms=2.51514 ecn_mark=1070 drop=0
[QUEUE_STATS] t_ms=14320 q_pkts=13 q_bytes=19552 qdelay_l_ms=0 qdelay_c_ms=3.92501 ecn_mark=1071 drop=0
[QUEUE_STATS] t_ms=14336 q_pkts=10 q_bytes=15040 qdelay_l_ms=1.04616 qdelay_c_ms=3.9293 ecn_mark=1071 drop=0
[QUEUE_STATS] t_ms=14352 q_pkts=12 q_bytes=18048 qdelay_l_ms=0.721737 qdelay_c_ms=3.92421 ecn_mark=1071 drop=0
[QUEUE_STATS] t_ms=14368 q_pkts=11 q_bytes=16544 qdelay_l_ms=1.02269 qdelay_c_ms=3.13302 ecn_mark=1071 drop=0
[QUEUE_STATS] t_ms=14384 q_pkts=10 q_bytes=15040 qdelay_l_ms=1.06232 qdelay_c_ms=3.89636 ecn_mark=1072 drop=0
[QUEUE_STATS] t_ms=14400 q_pkts=11 q_bytes=16544 qdelay_l_ms=1.05939 qdelay_c_ms=3.54932 ecn_mark=1072 drop=0
[QUEUE_STATS] t_ms=14416 q_pkts=11 q_bytes=16544 qdelay_l_ms=0.708081 qdelay_c_ms=3.52037 ecn_mark=1074 drop=0
[QUEUE_STATS] t_ms=14432 q_pkts=12 q_bytes=18048 qdelay_l_ms=1.07929 qdelay_c_ms=4.27747 ecn_mark=1075 drop=0
[QUEUE_STATS] t_ms=14448 q_pkts=12 q_bytes=18048 qdelay_l_ms=1.06833 qdelay_c_ms=4.33524 ecn_mark=1076 drop=0
[QUEUE_STATS] t_ms=14464 q_pkts=14 q_bytes=21056 qdelay_l_ms=1.08065 qdelay_c_ms=3.95154 ecn_mark=1076 drop=0
[QUEUE_STATS] t_ms=14480 q_pkts=14 q_bytes=21056 qdelay_l_ms=1.05415 qdelay_c_ms=4.26059 ecn_mark=1076 drop=0
[QUEUE_STATS] t_ms=14496 q_pkts=14 q_bytes=21056 qdelay_l_ms=1.07982 qdelay_c_ms=5.07336 ecn_mark=1076 drop=0
[QUEUE_STATS] t_ms=14512 q_pkts=15 q_bytes=22560 qdelay_l_ms=0.703021 qdelay_c_ms=4.64112 ecn_mark=1077 drop=0
[QUEUE_STATS] t_ms=14528 q_pkts=15 q_bytes=22560 qdelay_l_ms=1.07073 qdelay_c_ms=5.03736 ecn_mark=1077 drop=0
[QUEUE_STATS] t_ms=14544 q_pkts=15 q_bytes=22560 qdelay_l_ms=1.07544 qdelay_c_ms=5.00222 ecn_mark=1078 drop=0
[QUEUE_STATS] t_ms=14560 q_pkts=15 q_bytes=22560 qdelay_l_ms=1.07554 qdelay_c_ms=4.61644 ecn_mark=1080 drop=0
[QUEUE_STATS] t_ms=14576 q_pkts=14 q_bytes=21056 qdelay_l_ms=1.0581 qdelay_c_ms=5.3916 ecn_mark=1081 drop=0
[QUEUE_STATS] t_ms=14592 q_pkts=15 q_bytes=22560 qdelay_l_ms=1.00043 qdelay_c_ms=4.97266 ecn_mark=1081 drop=0
[QUEUE_STATS] t_ms=14608 q_pkts=12 q_bytes=18048 qdelay_l_ms=0 qdelay_c_ms=6.14908 ecn_mark=1082 drop=0
[QUEUE_STATS] t_ms=14624 q_pkts=6 q_bytes=9024 qdelay_l_ms=1.08745 qdelay_c_ms=1.08162 ecn_mark=1082 drop=0
[QUEUE_STATS] t_ms=14640 q_pkts=4 q_bytes=6016 qdelay_l_ms=0.593306 qdelay_c_ms=0.589909 ecn_mark=1082 drop=0
[QUEUE_STATS] t_ms=14656 q_pkts=6 q_bytes=9024 qdelay_l_ms=1.0672 qdelay_c_ms=2.16671 ecn_mark=1084 drop=0
[QUEUE_STATS] t_ms=14672 q_pkts=3 q_bytes=4512 qdelay_l_ms=1.07709 qdelay_c_ms=1.07371 ecn_mark=1084 drop=0
[QUEUE_STATS] t_ms=14688 q_pkts=3 q_bytes=4512 qdelay_l_ms=0.68107 qdelay_c_ms=0.695146 ecn_mark=1085 drop=0
[QUEUE_STATS] t_ms=14704 q_pkts=6 q_bytes=9024 qdelay_l_ms=1.08146 qdelay_c_ms=2.09496 ecn_mark=1085 drop=0
[QUEUE_STATS] t_ms=14720 q_pkts=4 q_bytes=6016 qdelay_l_ms=0 qdelay_c_ms=1.06122 ecn_mark=1085 drop=0
[QUEUE_STATS] t_ms=14736 q_pkts=4 q_bytes=6016 qdelay_l_ms=0.974592 qdelay_c_ms=0.971676 ecn_mark=1086 drop=0
[QUEUE_STATS] t_ms=14752 q_pkts=5 q_bytes=7520 qdelay_l_ms=1.08164 qdelay_c_ms=1.07789 ecn_mark=1088 drop=0
[QUEUE_STATS] t_ms=14768 q_pkts=2 q_bytes=3008 qdelay_l_ms=0 qdelay_c_ms=1.0697 ecn_mark=1088 drop=0
[QUEUE_STATS] t_ms=14784 q_pkts=4 q_bytes=6016 qdelay_l_ms=1.07956 qdelay_c_ms=1.07508 ecn_mark=1089 drop=0
[QUEUE_STATS] t_ms=14800 q_pkts=3 q_bytes=4512 qdelay_l_ms=1.06099 qdelay_c_ms=2.1616 ecn_mark=1090 drop=0
[QUEUE_STATS] t_ms=14816 q_pkts=4 q_bytes=6016 qdelay_l_ms=0 qdelay_c_ms=1.06564 ecn_mark=1090 drop=0
[QUEUE_STATS] t_ms=14832 q_pkts=5 q_bytes=7520 qdelay_l_ms=1.06593 qdelay_c_ms=2.17008 ecn_mark=1090 drop=0
[QUEUE_STATS] t_ms=14848 q_pkts=3 q_bytes=4512 qdelay_l_ms=1.06229 qdelay_c_ms=1.07606 ecn_mark=1092 drop=0
[QUEUE_STATS] t_ms=14864 q_pkts=6 q_bytes=9024 qdelay_l_ms=1.07194 qdelay_c_ms=1.06918 ecn_mark=1093 drop=0
[QUEUE_STATS] t_ms=14880 q_pkts=3 q_bytes=4512 qdelay_l_ms=1.07117 qdelay_c_ms=2.01049 ecn_mark=1095 drop=0
[QUEUE_STATS] t_ms=14896 q_pkts=6 q_bytes=9024 qdelay_l_ms=1.07926 qdelay_c_ms=1.07602 ecn_mark=1096 drop=0
[QUEUE_STATS] t_ms=14912 q_pkts=6 q_bytes=9024 qdelay_l_ms=1.06244 qdelay_c_ms=1.76713 ecn_mark=1098 drop=0
[QUEUE_STATS] t_ms=14928 q_pkts=3 q_bytes=4512 qdelay_l_ms=1.0638 qdelay_c_ms=1.06061 ecn_mark=1099 drop=0
[QUEUE_STATS] t_ms=14944 q_pkts=6 q_bytes=9024 qdelay_l_ms=0.949565 qdelay_c_ms=0.946449 ecn_mark=1100 drop=0
[QUEUE_STATS] t_ms=14960 q_pkts=4 q_bytes=6016 qdelay_l_ms=1.06696 qdelay_c_ms=1.06398 ecn_mark=1100 drop=0
[QUEUE_STATS] t_ms=14976 q_pkts=4 q_bytes=6016 qdelay_l_ms=1.07974 qdelay_c_ms=1.07616 ecn_mark=1101 drop=0
[QUEUE_STATS] t_ms=14992 q_pkts=4 q_bytes=6016 qdelay_l_ms=1.02353 qdelay_c_ms=1.02012 ecn_mark=1102 drop=0
[QUEUE_STATS] t_ms=15008 q_pkts=7 q_bytes=10528 qdelay_l_ms=1.06791 qdelay_c_ms=2.19784 ecn_mark=1105 drop=0
[QUEUE_STATS] t_ms=15024 q_pkts=4 q_bytes=6016 qdelay_l_ms=1.07709 qdelay_c_ms=1.63849 ecn_mark=1107 drop=0
[QUEUE_STATS] t_ms=15040 q_pkts=4 q_bytes=6016 qdelay_l_ms=1.06295 qdelay_c_ms=1.96446 ecn_mark=1108 drop=0
[QUEUE_STATS] t_ms=15056 q_pkts=3 q_bytes=4512 qdelay_l_ms=0.659289 qdelay_c_ms=0.665361 ecn_mark=1108 drop=0
[QUEUE_STATS] t_ms=15072 q_pkts=4 q_bytes=6016 qdelay_l_ms=0 qdelay_c_ms=1.76972 ecn_mark=1109 drop=0
[QUEUE_STATS] t_ms=15088 q_pkts=4 q_bytes=6016 qdelay_l_ms=0.951308 qdelay_c_ms=0.948763 ecn_mark=1109 drop=0
[QUEUE_STATS] t_ms=15104 q_pkts=6 q_bytes=9024 qdelay_l_ms=1.07101 qdelay_c_ms=1.06813 ecn_mark=1109 drop=0
[QUEUE_STATS] t_ms=15120 q_pkts=4 q_bytes=6016 qdelay_l_ms=1.07319 qdelay_c_ms=1.07004 ecn_mark=1109 drop=0
[QUEUE_STATS] t_ms=15136 q_pkts=5 q_bytes=7520 qdelay_l_ms=1.06587 qdelay_c_ms=2.18181 ecn_mark=1109 drop=0
[QUEUE_STATS] t_ms=15152 q_pkts=5 q_bytes=7520 qdelay_l_ms=1.03659 qdelay_c_ms=2.15223 ecn_mark=1110 drop=0
[QUEUE_STATS] t_ms=15168 q_pkts=5 q_bytes=7520 qdelay_l_ms=1.02641 qdelay_c_ms=1.02367 ecn_mark=1111 drop=0
[QUEUE_STATS] t_ms=15184 q_pkts=3 q_bytes=4512 qdelay_l_ms=1.06405 qdelay_c_ms=1.06108 ecn_mark=1111 drop=0
[QUEUE_STATS] t_ms=15200 q_pkts=7 q_bytes=10528 qdelay_l_ms=1.06223 qdelay_c_ms=2.15779 ecn_mark=1111 drop=0
[QUEUE_STATS] t_ms=15216 q_pkts=3 q_bytes=4512 qdelay_l_ms=1.0793 qdelay_c_ms=1.07516 ecn_mark=1113 drop=0
[QUEUE_STATS] t_ms=15232 q_pkts=4 q_bytes=6016 qdelay_l_ms=1.05278 qdelay_c_ms=1.04775 ecn_mark=1114 drop=0
[QUEUE_STATS] t_ms=15248 q_pkts=6 q_bytes=9024 qdelay_l_ms=1.08225 qdelay_c_ms=1.07836 ecn_mark=1115 drop=0
[QUEUE_STATS] t_ms=15264 q_pkts=4 q_bytes=6016 qdelay_l_ms=1.05875 qdelay_c_ms=2.1139 ecn_mark=1116 drop=0
[QUEUE_STATS] t_ms=15280 q_pkts=3 q_bytes=4512 qdelay_l_ms=0.679377 qdelay_c_ms=0.672794 ecn_mark=1118 drop=0
[QUEUE_STATS] t_ms=15296 q_pkts=7 q_bytes=10528 qdelay_l_ms=1.08525 qdelay_c_ms=1.74495 ecn_mark=1119 drop=0
[QUEUE_STATS] t_ms=15312 q_pkts=4 q_bytes=6016 qdelay_l_ms=1.06477 qdelay_c_ms=1.06174 ecn_mark=1119 drop=0
[QUEUE_STATS] t_ms=15328 q_pkts=5 q_bytes=7520 qdelay_l_ms=0.88318 qdelay_c_ms=1.9996 ecn_mark=1120 drop=0
[QUEUE_STATS] t_ms=15344 q_pkts=6 q_bytes=9024 qdelay_l_ms=1.07112 qdelay_c_ms=2.10564 ecn_mark=1122 drop=0
[QUEUE_STATS] t_ms=15360 q_pkts=3 q_bytes=4512 qdelay_l_ms=1.06252 qdelay_c_ms=1.07774 ecn_mark=1123 drop=0
[QUEUE_STATS] t_ms=15376 q_pkts=5 q_bytes=7520 qdelay_l_ms=1.06372 qdelay_c_ms=1.36695 ecn_mark=1124 drop=0
[QUEUE_STATS] t_ms=15392 q_pkts=6 q_bytes=9024 qdelay_l_ms=1.06592 qdelay_c_ms=2.17925 ecn_mark=1125 drop=0
[QUEUE_STATS] t_ms=15408 q_pkts=7 q_bytes=10528 qdelay_l_ms=0.334619 qdelay_c_ms=2.47642 ecn_mark=1126 drop=0
[QUEUE_STATS] t_ms=15424 q_pkts=5 q_bytes=7520 qdelay_l_ms=1.02875 qdelay_c_ms=1.02585 ecn_mark=1128 drop=0
[QUEUE_STATS] t_ms=15440 q_pkts=5 q_bytes=7520 qdelay_l_ms=0.862732 qdelay_c_ms=1.98375 ecn_mark=1128 drop=0
[QUEUE_STATS] t_ms=15456 q_pkts=5 q_bytes=7520 qdelay_l_ms=1.05871 qdelay_c_ms=2.12706 ecn_mark=1129 drop=0
[QUEUE_STATS] t_ms=15472 q_pkts=6 q_bytes=9024 qdelay_l_ms=1.07876 qdelay_c_ms=1.37853 ecn_mark=1131 drop=0
[QUEUE_STATS] t_ms=15488 q_pkts=4 q_bytes=6016 qdelay_l_ms=1.02954 qdelay_c_ms=1.03575 ecn_mark=1131 drop=0
[QUEUE_STATS] t_ms=15504 q_pkts=5 q_bytes=7520 qdelay_l_ms=1.11573 qdelay_c_ms=1.66096 ecn_mark=1131 drop=0
[QUEUE_STATS] t_ms=15520 q_pkts=6 q_bytes=9024 qdelay_l_ms=1.03997 qdelay_c_ms=2.11703 ecn_mark=1133 drop=0
[QUEUE_STATS] t_ms=15536 q_pkts=6 q_bytes=9024 qdelay_l_ms=1.09158 qdelay_c_ms=2.14035 ecn_mark=1134 drop=0
[QUEUE_STATS] t_ms=15552 q_pkts=4 q_bytes=6016 qdelay_l_ms=0.89375 qdelay_c_ms=0.888169 ecn_mark=1136 drop=0
[QUEUE_STATS] t_ms=15568 q_pkts=4 q_bytes=6016 qdelay_l_ms=1.06637 qdelay_c_ms=1.09699 ecn_mark=1137 drop=0
[QUEUE_STATS] t_ms=15584 q_pkts=6 q_bytes=9024 qdelay_l_ms=1.0994 qdelay_c_ms=1.74689 ecn_mark=1139 drop=0
[QUEUE_STATS] t_ms=15600 q_pkts=4 q_bytes=6016 qdelay_l_ms=1.08369 qdelay_c_ms=2.0959 ecn_mark=1141 drop=0
[QUEUE_STATS] t_ms=15616 q_pkts=3 q_bytes=4512 qdelay_l_ms=1.08707 qdelay_c_ms=1.08056 ecn_mark=1142 drop=0
[QUEUE_STATS] t_ms=15632 q_pkts=7 q_bytes=10528 qdelay_l_ms=1.07575 qdelay_c_ms=2.08213 ecn_mark=1143 drop=0
[QUEUE_STATS] t_ms=15648 q_pkts=4 q_bytes=6016 qdelay_l_ms=1.09313 qdelay_c_ms=1.08658 ecn_mark=1143 drop=0
[QUEUE_STATS] t_ms=15664 q_pkts=3 q_bytes=4512 qdelay_l_ms=0.891876 qdelay_c_ms=0.886957 ecn_mark=1143 drop=0
[QUEUE_STATS] t_ms=15680 q_pkts=5 q_bytes=7520 qdelay_l_ms=1.00377 qdelay_c_ms=1.02629 ecn_mark=1143 drop=0
[QUEUE_STATS] t_ms=15696 q_pkts=3 q_bytes=4512 qdelay_l_ms=1.0636 qdelay_c_ms=1.08747 ecn_mark=1145 drop=0
[QUEUE_STATS] t_ms=15712 q_pkts=3 q_bytes=4512 qdelay_l_ms=0.368763 qdelay_c_ms=0.358053 ecn_mark=1146 drop=0
[QUEUE_STATS] t_ms=15728 q_pkts=2 q_bytes=3008 qdelay_l_ms=1.076 qdelay_c_ms=1.08249 ecn_mark=1148 drop=0
[QUEUE_STATS] t_ms=15744 q_pkts=2 q_bytes=3008 qdelay_l_ms=1.08218 qdelay_c_ms=0 ecn_mark=1148 drop=0
[QUEUE_STATS] t_ms=15760 q_pkts=5 q_bytes=7520 qdelay_l_ms=1.04699 qdelay_c_ms=1.08076 ecn_mark=1149 drop=0
[QUEUE_STATS] t_ms=15776 q_pkts=3 q_bytes=4512 qdelay_l_ms=1.09131 qdelay_c_ms=1.08397 ecn_mark=1152 drop=0
[QUEUE_STATS] t_ms=15792 q_pkts=4 q_bytes=6016 qdelay_l_ms=1.08349 qdelay_c_ms=1.07463 ecn_mark=1153 drop=0
[QUEUE_STATS] t_ms=15808 q_pkts=3 q_bytes=4512 qdelay_l_ms=1.03024 qdelay_c_ms=1.02494 ecn_mark=1154 drop=0
[QUEUE_STATS] t_ms=15824 q_pkts=2 q_bytes=3008 qdelay_l_ms=1.07574 qdelay_c_ms=1.08251 ecn_mark=1155 drop=0
[QUEUE_STATS] t_ms=15840 q_pkts=4 q_bytes=6016 qdelay_l_ms=1.07726 qdelay_c_ms=1.95831 ecn_mark=1155 drop=0
[QUEUE_STATS] t_ms=15856 q_pkts=3 q_bytes=4512 qdelay_l_ms=0.416162 qdelay_c_ms=0.409049 ecn_mark=1155 drop=0
[QUEUE_STATS] t_ms=15872 q_pkts=6 q_bytes=9024 qdelay_l_ms=1.09769 qdelay_c_ms=1.09063 ecn_mark=1156 drop=0
[QUEUE_STATS] t_ms=15888 q_pkts=4 q_bytes=6016 qdelay_l_ms=1.09579 qdelay_c_ms=1.08851 ecn_mark=1156 drop=0
[QUEUE_STATS] t_ms=15904 q_pkts=4 q_bytes=6016 qdelay_l_ms=1.1017 qdelay_c_ms=1.09511 ecn_mark=1157 drop=0
[QUEUE_STATS] t_ms=15920 q_pkts=1 q_bytes=1504 qdelay_l_ms=1.06825 qdelay_c_ms=0 ecn_mark=1158 drop=0
[QUEUE_STATS] t_ms=15936 q_pkts=6 q_bytes=9024 qdelay_l_ms=1.09293 qdelay_c_ms=1.03876 ecn_mark=1158 drop=0
[QUEUE_STATS] t_ms=15952 q_pkts=3 q_bytes=4512 qdelay_l_ms=1.08539 qdelay_c_ms=1.07933 ecn_mark=1161 drop=0
[QUEUE_STATS] t_ms=15968 q_pkts=2 q_bytes=3008 qdelay_l_ms=1.07071 qdelay_c_ms=0 ecn_mark=1163 drop=0
[QUEUE_STATS] t_ms=15984 q_pkts=3 q_bytes=4512 qdelay_l_ms=1.06718 qdelay_c_ms=1.09256 ecn_mark=1164 drop=0
[QUEUE_STATS] t_ms=16000 q_pkts=5 q_bytes=7520 qdelay_l_ms=0.922825 qdelay_c_ms=2.02848 ecn_mark=1164 drop=0
[QUEUE_STATS] t_ms=16016 q_pkts=5 q_bytes=7520 qdelay_l_ms=1.06598 qdelay_c_ms=1.1135 ecn_mark=1164 drop=0
[QUEUE_STATS] t_ms=16032 q_pkts=3 q_bytes=4512 qdelay_l_ms=0.014337 qdelay_c_ms=1.13989 ecn_mark=1164 drop=0
[QUEUE_STATS] t_ms=16048 q_pkts=4 q_bytes=6016 qdelay_l_ms=1.08968 qdelay_c_ms=1.0833 ecn_mark=1164 drop=0
[QUEUE_STATS] t_ms=16064 q_pkts=5 q_bytes=7520 qdelay_l_ms=1.0961 qdelay_c_ms=2.07275 ecn_mark=1164 drop=0
[QUEUE_STATS] t_ms=16080 q_pkts=4 q_bytes=6016 qdelay_l_ms=1.07849 qdelay_c_ms=2.02774 ecn_mark=1166 drop=0
[QUEUE_STATS] t_ms=16096 q_pkts=6 q_bytes=9024 qdelay_l_ms=0.890443 qdelay_c_ms=0.885083 ecn_mark=1166 drop=0
[QUEUE_STATS] t_ms=16112 q_pkts=4 q_bytes=6016 qdelay_l_ms=1.02148 qdelay_c_ms=1.01476 ecn_mark=1166 drop=0
[QUEUE_STATS] t_ms=16128 q_pkts=3 q_bytes=4512 qdelay_l_ms=1.07403 qdelay_c_ms=1.09693 ecn_mark=1168 drop=0
[QUEUE_STATS] t_ms=16145 q_pkts=4 q_bytes=6016 qdelay_l_ms=1.08012 qdelay_c_ms=2.1906 ecn_mark=1169 drop=0
[QUEUE_STATS] t_ms=16160 q_pkts=3 q_bytes=4512 qdelay_l_ms=1.08413 qdelay_c_ms=1.87944 ecn_mark=1169 drop=0
[QUEUE_STATS] t_ms=16176 q_pkts=2 q_bytes=3008 qdelay_l_ms=1.09962 qdelay_c_ms=0 ecn_mark=1170 drop=0
[QUEUE_STATS] t_ms=16192 q_pkts=5 q_bytes=7520 qdelay_l_ms=0.993387 qdelay_c_ms=2.09449 ecn_mark=1170 drop=0
[QUEUE_STATS] t_ms=16208 q_pkts=3 q_bytes=4512 qdelay_l_ms=1.06714 qdelay_c_ms=1.08567 ecn_mark=1170 drop=0
[QUEUE_STATS] t_ms=16224 q_pkts=4 q_bytes=6016 qdelay_l_ms=1.09005 qdelay_c_ms=1.0841 ecn_mark=1170 drop=0
[QUEUE_STATS] t_ms=16240 q_pkts=4 q_bytes=6016 qdelay_l_ms=1.00619 qdelay_c_ms=1.00024 ecn_mark=1171 drop=0
[QUEUE_STATS] t_ms=16256 q_pkts=3 q_bytes=4512 qdelay_l_ms=1.09759 qdelay_c_ms=1.0905 ecn_mark=1172 drop=0
[QUEUE_STATS] t_ms=16272 q_pkts=2 q_bytes=3008 qdelay_l_ms=1.06719 qdelay_c_ms=0 ecn_mark=1173 drop=0
[QUEUE_STATS] t_ms=16288 q_pkts=3 q_bytes=4512 qdelay_l_ms=0.34068 qdelay_c_ms=0.358023 ecn_mark=1174 drop=0
[QUEUE_STATS] t_ms=16304 q_pkts=6 q_bytes=9024 qdelay_l_ms=1.09661 qdelay_c_ms=1.85894 ecn_mark=1174 drop=0
[QUEUE_STATS] t_ms=16320 q_pkts=4 q_bytes=6016 qdelay_l_ms=1.08963 qdelay_c_ms=1.71385 ecn_mark=1174 drop=0
[QUEUE_STATS] t_ms=16336 q_pkts=3 q_bytes=4512 qdelay_l_ms=1.10016 qdelay_c_ms=1.0926 ecn_mark=1174 drop=0
[QUEUE_STATS] t_ms=16352 q_pkts=5 q_bytes=7520 qdelay_l_ms=0.829489 qdelay_c_ms=0.823838 ecn_mark=1175 drop=0
[QUEUE_STATS] t_ms=16368 q_pkts=3 q_bytes=4512 qdelay_l_ms=0.80312 qdelay_c_ms=0.813349 ecn_mark=1177 drop=0
[QUEUE_STATS] t_ms=16384 q_pkts=3 q_bytes=4512 qdelay_l_ms=1.09115 qdelay_c_ms=1.08343 ecn_mark=1177 drop=0
[QUEUE_STATS] t_ms=16400 q_pkts=0 q_bytes=0 qdelay_l_ms=0 qdelay_c_ms=0 ecn_mark=1177 drop=0
[QUEUE_STATS] t_ms=16416 q_pkts=5 q_bytes=7520 qdelay_l_ms=0.543371 qdelay_c_ms=0.578988 ecn_mark=1177 drop=0
[QUEUE_STATS] t_ms=16432 q_pkts=6 q_bytes=9024 qdelay_l_ms=0.83024 qdelay_c_ms=1.94152 ecn_mark=1177 drop=0
[QUEUE_STATS] t_ms=16448 q_pkts=5 q_bytes=7520 qdelay_l_ms=0.929206 qdelay_c_ms=0.963791 ecn_mark=1177 drop=0
[QUEUE_STATS] t_ms=16464 q_pkts=4 q_bytes=6016 qdelay_l_ms=1.06288 qdelay_c_ms=1.05262 ecn_mark=1178 drop=0
[QUEUE_STATS] t_ms=16480 q_pkts=3 q_bytes=4512 qdelay_l_ms=1.06458 qdelay_c_ms=1.05952 ecn_mark=1178 drop=0
[QUEUE_STATS] t_ms=16496 q_pkts=6 q_bytes=9024 qdelay_l_ms=0.770208 qdelay_c_ms=0.764988 ecn_mark=1178 drop=0
[QUEUE_STATS] t_ms=16512 q_pkts=5 q_bytes=7520 qdelay_l_ms=1.05017 qdelay_c_ms=2.08045 ecn_mark=1179 drop=0
[QUEUE_STATS] t_ms=16528 q_pkts=3 q_bytes=4512 qdelay_l_ms=0.75002 qdelay_c_ms=0.744479 ecn_mark=1180 drop=0
[QUEUE_STATS] t_ms=16544 q_pkts=3 q_bytes=4512 qdelay_l_ms=0.945317 qdelay_c_ms=0.938174 ecn_mark=1180 drop=0
[QUEUE_STATS] t_ms=16560 q_pkts=4 q_bytes=6016 qdelay_l_ms=0.959703 qdelay_c_ms=0.95242 ecn_mark=1180 drop=0
[QUEUE_STATS] t_ms=16576 q_pkts=5 q_bytes=7520 qdelay_l_ms=1.07222 qdelay_c_ms=2.21442 ecn_mark=1181 drop=0
[QUEUE_STATS] t_ms=16592 q_pkts=3 q_bytes=4512 qdelay_l_ms=1.06565 qdelay_c_ms=1.08341 ecn_mark=1182 drop=0
[QUEUE_STATS] t_ms=16608 q_pkts=5 q_bytes=7520 qdelay_l_ms=1.06658 qdelay_c_ms=1.10159 ecn_mark=1184 drop=0
[QUEUE_STATS] t_ms=16624 q_pkts=5 q_bytes=7520 qdelay_l_ms=0.946118 qdelay_c_ms=0.941039 ecn_mark=1185 drop=0
[QUEUE_STATS] t_ms=16640 q_pkts=5 q_bytes=7520 qdelay_l_ms=1.06754 qdelay_c_ms=2.15769 ecn_mark=1185 drop=0
[QUEUE_STATS] t_ms=16656 q_pkts=3 q_bytes=4512 qdelay_l_ms=1.06596 qdelay_c_ms=1.09131 ecn_mark=1185 drop=0
[QUEUE_STATS] t_ms=16672 q_pkts=4 q_bytes=6016 qdelay_l_ms=1.09539 qdelay_c_ms=1.09014 ecn_mark=1186 drop=0
[QUEUE_STATS] t_ms=16688 q_pkts=4 q_bytes=6016 qdelay_l_ms=1.09305 qdelay_c_ms=1.08617 ecn_mark=1186 drop=0
[QUEUE_STATS] t_ms=16704 q_pkts=4 q_bytes=6016 qdelay_l_ms=1.0714 qdelay_c_ms=1.09471 ecn_mark=1188 drop=0
[QUEUE_STATS] t_ms=16720 q_pkts=4 q_bytes=6016 qdelay_l_ms=1.0713 qdelay_c_ms=1.09595 ecn_mark=1188 drop=0
[QUEUE_STATS] t_ms=16736 q_pkts=5 q_bytes=7520 qdelay_l_ms=1.06508 qdelay_c_ms=1.08646 ecn_mark=1188 drop=0
[QUEUE_STATS] t_ms=16752 q_pkts=4 q_bytes=6016 qdelay_l_ms=1.09343 qdelay_c_ms=1.08672 ecn_mark=1189 drop=0
[QUEUE_STATS] t_ms=16768 q_pkts=3 q_bytes=4512 qdelay_l_ms=1.07132 qdelay_c_ms=1.09241 ecn_mark=1189 drop=0
[QUEUE_STATS] t_ms=16784 q_pkts=6 q_bytes=9024 qdelay_l_ms=1.10466 qdelay_c_ms=1.09677 ecn_mark=1190 drop=0
[QUEUE_STATS] t_ms=16800 q_pkts=4 q_bytes=6016 qdelay_l_ms=1.08869 qdelay_c_ms=1.68145 ecn_mark=1190 drop=0
[QUEUE_STATS] t_ms=16816 q_pkts=2 q_bytes=3008 qdelay_l_ms=1.06981 qdelay_c_ms=2.12264 ecn_mark=1191 drop=0
[QUEUE_STATS] t_ms=16832 q_pkts=3 q_bytes=4512 qdelay_l_ms=1.07647 qdelay_c_ms=1.07016 ecn_mark=1192 drop=0
[QUEUE_STATS] t_ms=16848 q_pkts=4 q_bytes=6016 qdelay_l_ms=1.0614 qdelay_c_ms=1.05595 ecn_mark=1193 drop=0
[QUEUE_STATS] t_ms=16864 q_pkts=5 q_bytes=7520 qdelay_l_ms=1.09325 qdelay_c_ms=2.20667 ecn_mark=1193 drop=0
[QUEUE_STATS] t_ms=16880 q_pkts=5 q_bytes=7520 qdelay_l_ms=0.928885 qdelay_c_ms=0.964322 ecn_mark=1193 drop=0
[QUEUE_STATS] t_ms=16896 q_pkts=3 q_bytes=4512 qdelay_l_ms=1.06546 qdelay_c_ms=1.08934 ecn_mark=1194 drop=0
[QUEUE_STATS] t_ms=16912 q_pkts=6 q_bytes=9024 qdelay_l_ms=1.05736 qdelay_c_ms=2.08175 ecn_mark=1197 drop=0
[QUEUE_STATS] t_ms=16928 q_pkts=4 q_bytes=6016 qdelay_l_ms=0.590139 qdelay_c_ms=0.613883 ecn_mark=1201 drop=0
[QUEUE_STATS] t_ms=16944 q_pkts=4 q_bytes=6016 qdelay_l_ms=1.10636 qdelay_c_ms=1.097 ecn_mark=1201 drop=0
[QUEUE_STATS] t_ms=16960 q_pkts=6 q_bytes=9024 qdelay_l_ms=0.992235 qdelay_c_ms=2.18416 ecn_mark=1202 drop=0
[QUEUE_STATS] t_ms=16976 q_pkts=5 q_bytes=7520 qdelay_l_ms=1.0941 qdelay_c_ms=1.90622 ecn_mark=1204 drop=0
[QUEUE_STATS] t_ms=16992 q_pkts=3 q_bytes=4512 qdelay_l_ms=1.12186 qdelay_c_ms=1.11481 ecn_mark=1204 drop=0
[QUEUE_STATS] t_ms=17008 q_pkts=3 q_bytes=4512 qdelay_l_ms=0.847052 qdelay_c_ms=0.842824 ecn_mark=1206 drop=0
[QUEUE_STATS] t_ms=17024 q_pkts=4 q_bytes=6016 qdelay_l_ms=1.05747 qdelay_c_ms=1.0636 ecn_mark=1209 drop=0
[QUEUE_STATS] t_ms=17040 q_pkts=5 q_bytes=7520 qdelay_l_ms=1.07446 qdelay_c_ms=1.07163 ecn_mark=1211 drop=0
[QUEUE_STATS] t_ms=17056 q_pkts=3 q_bytes=4512 qdelay_l_ms=0.997104 qdelay_c_ms=0.987455 ecn_mark=1211 drop=0
[QUEUE_STATS] t_ms=17072 q_pkts=3 q_bytes=4512 qdelay_l_ms=1.07721 qdelay_c_ms=1.07334 ecn_mark=1212 drop=0
[QUEUE_STATS] t_ms=17088 q_pkts=4 q_bytes=6016 qdelay_l_ms=1.06633 qdelay_c_ms=2.13188 ecn_mark=1213 drop=0
[QUEUE_STATS] t_ms=17104 q_pkts=3 q_bytes=4512 qdelay_l_ms=1.07296 qdelay_c_ms=1.06944 ecn_mark=1213 drop=0
[QUEUE_STATS] t_ms=17120 q_pkts=4 q_bytes=6016 qdelay_l_ms=1.07413 qdelay_c_ms=1.07033 ecn_mark=1213 drop=0
[QUEUE_STATS] t_ms=17136 q_pkts=7 q_bytes=10528 qdelay_l_ms=0.906173 qdelay_c_ms=3.09799 ecn_mark=1214 drop=0
[QUEUE_STATS] t_ms=17152 q_pkts=3 q_bytes=4512 qdelay_l_ms=1.06444 qdelay_c_ms=1.0569 ecn_mark=1215 drop=0
[QUEUE_STATS] t_ms=17168 q_pkts=4 q_bytes=6016 qdelay_l_ms=0.831123 qdelay_c_ms=0.827025 ecn_mark=1216 drop=0
[QUEUE_STATS] t_ms=17184 q_pkts=7 q_bytes=10528 qdelay_l_ms=0.92051 qdelay_c_ms=2.00021 ecn_mark=1216 drop=0
[QUEUE_STATS] t_ms=17200 q_pkts=6 q_bytes=9024 qdelay_l_ms=0.91481 qdelay_c_ms=0.927153 ecn_mark=1216 drop=0
[QUEUE_STATS] t_ms=17216 q_pkts=6 q_bytes=9024 qdelay_l_ms=0.790967 qdelay_c_ms=0.78726 ecn_mark=1216 drop=0
[QUEUE_STATS] t_ms=17232 q_pkts=7 q_bytes=10528 qdelay_l_ms=1.06203 qdelay_c_ms=2.12577 ecn_mark=1217 drop=0
[QUEUE_STATS] t_ms=17248 q_pkts=4 q_bytes=6016 qdelay_l_ms=1.07684 qdelay_c_ms=1.07325 ecn_mark=1218 drop=0
[QUEUE_STATS] t_ms=17264 q_pkts=5 q_bytes=7520 qdelay_l_ms=0.765428 qdelay_c_ms=1.825 ecn_mark=1218 drop=0
[QUEUE_STATS] t_ms=17280 q_pkts=6 q_bytes=9024 qdelay_l_ms=1.06333 qdelay_c_ms=2.16168 ecn_mark=1218 drop=0
[QUEUE_STATS] t_ms=17296 q_pkts=4 q_bytes=6016 qdelay_l_ms=0.824329 qdelay_c_ms=0.83543 ecn_mark=1218 drop=0
[QUEUE_STATS] t_ms=17312 q_pkts=5 q_bytes=7520 qdelay_l_ms=0.747675 qdelay_c_ms=1.79386 ecn_mark=1219 drop=0
[QUEUE_STATS] t_ms=17328 q_pkts=4 q_bytes=6016 qdelay_l_ms=0.985122 qdelay_c_ms=0.991233 ecn_mark=1219 drop=0
[QUEUE_STATS] t_ms=17344 q_pkts=5 q_bytes=7520 qdelay_l_ms=0.812788 qdelay_c_ms=1.88249 ecn_mark=1220 drop=0
[QUEUE_STATS] t_ms=17360 q_pkts=6 q_bytes=9024 qdelay_l_ms=0.747775 qdelay_c_ms=0.767512 ecn_mark=1222 drop=0
[QUEUE_STATS] t_ms=17376 q_pkts=4 q_bytes=6016 qdelay_l_ms=0.320472 qdelay_c_ms=0.348615 ecn_mark=1224 drop=0
[QUEUE_STATS] t_ms=17392 q_pkts=4 q_bytes=6016 qdelay_l_ms=1.06418 qdelay_c_ms=2.16543 ecn_mark=1224 drop=0
[QUEUE_STATS] t_ms=17408 q_pkts=6 q_bytes=9024 qdelay_l_ms=1.06334 qdelay_c_ms=2.15755 ecn_mark=1224 drop=0
[QUEUE_STATS] t_ms=17424 q_pkts=3 q_bytes=4512 qdelay_l_ms=0.788583 qdelay_c_ms=1.82725 ecn_mark=1225 drop=0
[QUEUE_STATS] t_ms=17440 q_pkts=4 q_bytes=6016 qdelay_l_ms=0.907616 qdelay_c_ms=0.90439 ecn_mark=1226 drop=0
[QUEUE_STATS] t_ms=17456 q_pkts=6 q_bytes=9024 qdelay_l_ms=1.0666 qdelay_c_ms=1.08707 ecn_mark=1226 drop=0
[QUEUE_STATS] t_ms=17472 q_pkts=4 q_bytes=6016 qdelay_l_ms=1.06421 qdelay_c_ms=1.0611 ecn_mark=1228 drop=0
[QUEUE_STATS] t_ms=17488 q_pkts=4 q_bytes=6016 qdelay_l_ms=1.06223 qdelay_c_ms=1.07844 ecn_mark=1229 drop=0
[QUEUE_STATS] t_ms=17504 q_pkts=3 q_bytes=4512 qdelay_l_ms=1.05765 qdelay_c_ms=1.06381 ecn_mark=1230 drop=0
[QUEUE_STATS] t_ms=17520 q_pkts=5 q_bytes=7520 qdelay_l_ms=1.0809 qdelay_c_ms=1.96709 ecn_mark=1231 drop=0
[QUEUE_STATS] t_ms=17536 q_pkts=4 q_bytes=6016 qdelay_l_ms=0.700126 qdelay_c_ms=1.77591 ecn_mark=1232 drop=0
[QUEUE_STATS] t_ms=17552 q_pkts=6 q_bytes=9024 qdelay_l_ms=0.668957 qdelay_c_ms=0.680539 ecn_mark=1233 drop=0
[QUEUE_STATS] t_ms=17568 q_pkts=5 q_bytes=7520 qdelay_l_ms=1.06556 qdelay_c_ms=2.13467 ecn_mark=1234 drop=0
[QUEUE_STATS] t_ms=17584 q_pkts=6 q_bytes=9024 qdelay_l_ms=1.05806 qdelay_c_ms=2.18842 ecn_mark=1235 drop=0
[QUEUE_STATS] t_ms=17600 q_pkts=6 q_bytes=9024 qdelay_l_ms=0.896445 qdelay_c_ms=0.89366 ecn_mark=1236 drop=0
[QUEUE_STATS] t_ms=17616 q_pkts=5 q_bytes=7520 qdelay_l_ms=0.903979 qdelay_c_ms=1.97292 ecn_mark=1237 drop=0
[QUEUE_STATS] t_ms=17632 q_pkts=4 q_bytes=6016 qdelay_l_ms=1.07759 qdelay_c_ms=1.07388 ecn_mark=1238 drop=0
[QUEUE_STATS] t_ms=17648 q_pkts=5 q_bytes=7520 qdelay_l_ms=1.05793 qdelay_c_ms=1.0696 ecn_mark=1238 drop=0
[QUEUE_STATS] t_ms=17664 q_pkts=5 q_bytes=7520 qdelay_l_ms=0.921302 qdelay_c_ms=0.918426 ecn_mark=1238 drop=0
[QUEUE_STATS] t_ms=17680 q_pkts=4 q_bytes=6016 qdelay_l_ms=0.886857 qdelay_c_ms=0.88344 ecn_mark=1239 drop=0
[QUEUE_STATS] t_ms=17696 q_pkts=4 q_bytes=6016 qdelay_l_ms=1.05724 qdelay_c_ms=2.15801 ecn_mark=1239 drop=0
[QUEUE_STATS] t_ms=17712 q_pkts=7 q_bytes=10528 qdelay_l_ms=1.05124 qdelay_c_ms=3.24775 ecn_mark=1239 drop=0
[QUEUE_STATS] t_ms=17728 q_pkts=6 q_bytes=9024 qdelay_l_ms=0.894 qdelay_c_ms=1.98619 ecn_mark=1242 drop=0
[QUEUE_STATS] t_ms=17744 q_pkts=5 q_bytes=7520 qdelay_l_ms=1.06624 qdelay_c_ms=1.38298 ecn_mark=1242 drop=0
[QUEUE_STATS] t_ms=17760 q_pkts=5 q_bytes=7520 qdelay_l_ms=0.777902 qdelay_c_ms=0.765589 ecn_mark=1242 drop=0
[QUEUE_STATS] t_ms=17776 q_pkts=6 q_bytes=9024 qdelay_l_ms=0.738809 qdelay_c_ms=1.80419 ecn_mark=1243 drop=0
[QUEUE_STATS] t_ms=17792 q_pkts=7 q_bytes=10528 qdelay_l_ms=1.08494 qdelay_c_ms=2.14322 ecn_mark=1243 drop=0
[QUEUE_STATS] t_ms=17808 q_pkts=5 q_bytes=7520 qdelay_l_ms=1.08034 qdelay_c_ms=1.07629 ecn_mark=1244 drop=0
[QUEUE_STATS] t_ms=17824 q_pkts=5 q_bytes=7520 qdelay_l_ms=1.07665 qdelay_c_ms=1.83523 ecn_mark=1245 drop=0
[QUEUE_STATS] t_ms=17840 q_pkts=4 q_bytes=6016 qdelay_l_ms=1.07057 qdelay_c_ms=1.06708 ecn_mark=1246 drop=0
[QUEUE_STATS] t_ms=17856 q_pkts=5 q_bytes=7520 qdelay_l_ms=1.06215 qdelay_c_ms=1.08235 ecn_mark=1248 drop=0
[QUEUE_STATS] t_ms=17872 q_pkts=3 q_bytes=4512 qdelay_l_ms=0.908738 qdelay_c_ms=2.016 ecn_mark=1248 drop=0
[QUEUE_STATS] t_ms=17888 q_pkts=8 q_bytes=12032 qdelay_l_ms=1.06236 qdelay_c_ms=2.7443 ecn_mark=1251 drop=0
[QUEUE_STATS] t_ms=17904 q_pkts=3 q_bytes=4512 qdelay_l_ms=0 qdelay_c_ms=2.1378 ecn_mark=1252 drop=0
[QUEUE_STATS] t_ms=17920 q_pkts=6 q_bytes=9024 qdelay_l_ms=1.06499 qdelay_c_ms=1.0616 ecn_mark=1253 drop=0
[QUEUE_STATS] t_ms=17936 q_pkts=6 q_bytes=9024 qdelay_l_ms=1.07221 qdelay_c_ms=1.06031 ecn_mark=1255 drop=0
[QUEUE_STATS] t_ms=17952 q_pkts=6 q_bytes=9024 qdelay_l_ms=1.06013 qdelay_c_ms=2.18368 ecn_mark=1256 drop=0
[QUEUE_STATS] t_ms=17968 q_pkts=5 q_bytes=7520 qdelay_l_ms=1.0655 qdelay_c_ms=1.08423 ecn_mark=1256 drop=0
[QUEUE_STATS] t_ms=17984 q_pkts=7 q_bytes=10528 qdelay_l_ms=0.859015 qdelay_c_ms=1.93994 ecn_mark=1258 drop=0
[QUEUE_STATS] t_ms=18000 q_pkts=6 q_bytes=9024 qdelay_l_ms=1.06163 qdelay_c_ms=2.16345 ecn_mark=1260 drop=0
[QUEUE_STATS] t_ms=18016 q_pkts=5 q_bytes=7520 qdelay_l_ms=1.07216 qdelay_c_ms=1.06869 ecn_mark=1260 drop=0
[QUEUE_STATS] t_ms=18032 q_pkts=7 q_bytes=10528 qdelay_l_ms=1.084 qdelay_c_ms=1.82011 ecn_mark=1260 drop=0
[QUEUE_STATS] t_ms=18048 q_pkts=6 q_bytes=9024 qdelay_l_ms=0.591682 qdelay_c_ms=1.47124 ecn_mark=1261 drop=0
[QUEUE_STATS] t_ms=18064 q_pkts=5 q_bytes=7520 qdelay_l_ms=0.897467 qdelay_c_ms=1.99236 ecn_mark=1262 drop=0
[QUEUE_STATS] t_ms=18080 q_pkts=7 q_bytes=10528 qdelay_l_ms=1.06395 qdelay_c_ms=2.02672 ecn_mark=1262 drop=0
[QUEUE_STATS] t_ms=18096 q_pkts=5 q_bytes=7520 qdelay_l_ms=1.06084 qdelay_c_ms=1.94312 ecn_mark=1263 drop=0
[QUEUE_STATS] t_ms=18112 q_pkts=5 q_bytes=7520 qdelay_l_ms=0.903308 qdelay_c_ms=1.96903 ecn_mark=1265 drop=0
[QUEUE_STATS] t_ms=18128 q_pkts=6 q_bytes=9024 qdelay_l_ms=1.08218 qdelay_c_ms=1.95879 ecn_mark=1266 drop=0
[QUEUE_STATS] t_ms=18144 q_pkts=3 q_bytes=4512 qdelay_l_ms=0.79844 qdelay_c_ms=1.87341 ecn_mark=1267 drop=0
[QUEUE_STATS] t_ms=18160 q_pkts=6 q_bytes=9024 qdelay_l_ms=1.0624 qdelay_c_ms=1.96882 ecn_mark=1268 drop=0
[QUEUE_STATS] t_ms=18176 q_pkts=7 q_bytes=10528 qdelay_l_ms=0.344738 qdelay_c_ms=1.40961 ecn_mark=1271 drop=0
[QUEUE_STATS] t_ms=18192 q_pkts=6 q_bytes=9024 qdelay_l_ms=1.07289 qdelay_c_ms=2.13439 ecn_mark=1272 drop=0
[QUEUE_STATS] t_ms=18208 q_pkts=6 q_bytes=9024 qdelay_l_ms=1.07344 qdelay_c_ms=2.13729 ecn_mark=1272 drop=0
[QUEUE_STATS] t_ms=18224 q_pkts=8 q_bytes=12032 qdelay_l_ms=1.08022 qdelay_c_ms=2.14633 ecn_mark=1274 drop=0
[QUEUE_STATS] t_ms=18240 q_pkts=8 q_bytes=12032 qdelay_l_ms=1.06586 qdelay_c_ms=3.1963 ecn_mark=1275 drop=0
[QUEUE_STATS] t_ms=18256 q_pkts=7 q_bytes=10528 qdelay_l_ms=1.06255 qdelay_c_ms=1.65794 ecn_mark=1275 drop=0
[QUEUE_STATS] t_ms=18272 q_pkts=7 q_bytes=10528 qdelay_l_ms=1.07837 qdelay_c_ms=1.9531 ecn_mark=1278 drop=0
[QUEUE_STATS] t_ms=18288 q_pkts=8 q_bytes=12032 qdelay_l_ms=1.06268 qdelay_c_ms=3.05567 ecn_mark=1279 drop=0
[QUEUE_STATS] t_ms=18304 q_pkts=7 q_bytes=10528 qdelay_l_ms=0.671962 qdelay_c_ms=1.7512 ecn_mark=1282 drop=0
[QUEUE_STATS] t_ms=18320 q_pkts=5 q_bytes=7520 qdelay_l_ms=1.06513 qdelay_c_ms=1.08422 ecn_mark=1284 drop=0
[QUEUE_STATS] t_ms=18336 q_pkts=7 q_bytes=10528 qdelay_l_ms=1.07958 qdelay_c_ms=1.95349 ecn_mark=1285 drop=0
[QUEUE_STATS] t_ms=18352 q_pkts=8 q_bytes=12032 qdelay_l_ms=1.07327 qdelay_c_ms=2.82756 ecn_mark=1285 drop=0
[QUEUE_STATS] t_ms=18368 q_pkts=7 q_bytes=10528 qdelay_l_ms=1.07648 qdelay_c_ms=2.93882 ecn_mark=1285 drop=0
[QUEUE_STATS] t_ms=18384 q_pkts=8 q_bytes=12032 qdelay_l_ms=1.07773 qdelay_c_ms=3.23548 ecn_mark=1286 drop=0
[QUEUE_STATS] t_ms=18400 q_pkts=8 q_bytes=12032 qdelay_l_ms=1.06245 qdelay_c_ms=2.93135 ecn_mark=1286 drop=0
[QUEUE_STATS] t_ms=18416 q_pkts=9 q_bytes=13536 qdelay_l_ms=1.06669 qdelay_c_ms=2.94821 ecn_mark=1288 drop=0
[QUEUE_STATS] t_ms=18432 q_pkts=7 q_bytes=10528 qdelay_l_ms=1.08431 qdelay_c_ms=1.96045 ecn_mark=1290 drop=0
[QUEUE_STATS] t_ms=18448 q_pkts=5 q_bytes=7520 qdelay_l_ms=1.05891 qdelay_c_ms=2.17024 ecn_mark=1290 drop=0
[QUEUE_STATS] t_ms=18464 q_pkts=6 q_bytes=9024 qdelay_l_ms=1.08108 qdelay_c_ms=1.07712 ecn_mark=1291 drop=0
[QUEUE_STATS] t_ms=18480 q_pkts=3 q_bytes=4512 qdelay_l_ms=1.06654 qdelay_c_ms=1.06356 ecn_mark=1291 drop=0
[QUEUE_STATS] t_ms=18496 q_pkts=2 q_bytes=3008 qdelay_l_ms=1.06514 qdelay_c_ms=0 ecn_mark=1291 drop=0
[QUEUE_STATS] t_ms=18512 q_pkts=4 q_bytes=6016 qdelay_l_ms=1.07828 qdelay_c_ms=1.0743 ecn_mark=1291 drop=0
[QUEUE_STATS] t_ms=18528 q_pkts=2 q_bytes=3008 qdelay_l_ms=0.896325 qdelay_c_ms=0 ecn_mark=1291 drop=0
[QUEUE_STATS] t_ms=18544 q_pkts=3 q_bytes=4512 qdelay_l_ms=1.06184 qdelay_c_ms=1.06491 ecn_mark=1291 drop=0
[QUEUE_STATS] t_ms=18560 q_pkts=4 q_bytes=6016 qdelay_l_ms=1.06521 qdelay_c_ms=1.0801 ecn_mark=1292 drop=0
[QUEUE_STATS] t_ms=18576 q_pkts=5 q_bytes=7520 qdelay_l_ms=1.05938 qdelay_c_ms=1.0813 ecn_mark=1293 drop=0
[QUEUE_STATS] t_ms=18592 q_pkts=4 q_bytes=6016 qdelay_l_ms=0 qdelay_c_ms=1.08188 ecn_mark=1293 drop=0
[QUEUE_STATS] t_ms=18608 q_pkts=2 q_bytes=3008 qdelay_l_ms=1.06971 qdelay_c_ms=0 ecn_mark=1293 drop=0
[QUEUE_STATS] t_ms=18624 q_pkts=7 q_bytes=10528 qdelay_l_ms=0.816725 qdelay_c_ms=1.89454 ecn_mark=1293 drop=0
[QUEUE_STATS] t_ms=18640 q_pkts=3 q_bytes=4512 qdelay_l_ms=0.78766 qdelay_c_ms=0.784434 ecn_mark=1293 drop=0
[QUEUE_STATS] t_ms=18656 q_pkts=5 q_bytes=7520 qdelay_l_ms=1.05925 qdelay_c_ms=1.07938 ecn_mark=1293 drop=0
[QUEUE_STATS] t_ms=18672 q_pkts=2 q_bytes=3008 qdelay_l_ms=0.88842 qdelay_c_ms=1.95029 ecn_mark=1294 drop=0
[QUEUE_STATS] t_ms=18688 q_pkts=4 q_bytes=6016 qdelay_l_ms=0.734441 qdelay_c_ms=0.730483 ecn_mark=1294 drop=0
[QUEUE_STATS] t_ms=18704 q_pkts=5 q_bytes=7520 qdelay_l_ms=1.06036 qdelay_c_ms=2.13654 ecn_mark=1296 drop=0
[QUEUE_STATS] t_ms=18720 q_pkts=4 q_bytes=6016 qdelay_l_ms=1.06579 qdelay_c_ms=1.07873 ecn_mark=1296 drop=0
[QUEUE_STATS] t_ms=18736 q_pkts=4 q_bytes=6016 qdelay_l_ms=1.06106 qdelay_c_ms=1.05751 ecn_mark=1296 drop=0
[QUEUE_STATS] t_ms=18752 q_pkts=6 q_bytes=9024 qdelay_l_ms=1.05467 qdelay_c_ms=2.16349 ecn_mark=1297 drop=0
[QUEUE_STATS] t_ms=18768 q_pkts=4 q_bytes=6016 qdelay_l_ms=1.07562 qdelay_c_ms=1.07194 ecn_mark=1297 drop=0
[QUEUE_STATS] t_ms=18784 q_pkts=3 q_bytes=4512 qdelay_l_ms=0.723701 qdelay_c_ms=0.719392 ecn_mark=1298 drop=0
[QUEUE_STATS] t_ms=18800 q_pkts=5 q_bytes=7520 qdelay_l_ms=0.89938 qdelay_c_ms=1.97643 ecn_mark=1299 drop=0
[QUEUE_STATS] t_ms=18816 q_pkts=2 q_bytes=3008 qdelay_l_ms=1.0654 qdelay_c_ms=0 ecn_mark=1301 drop=0
[QUEUE_STATS] t_ms=18832 q_pkts=4 q_bytes=6016 qdelay_l_ms=1.07943 qdelay_c_ms=1.0755 ecn_mark=1302 drop=0
[QUEUE_STATS] t_ms=18848 q_pkts=6 q_bytes=9024 qdelay_l_ms=1.05371 qdelay_c_ms=1.07585 ecn_mark=1305 drop=0
[QUEUE_STATS] t_ms=18864 q_pkts=1 q_bytes=1504 qdelay_l_ms=1.0762 qdelay_c_ms=0 ecn_mark=1306 drop=0
[QUEUE_STATS] t_ms=18880 q_pkts=5 q_bytes=7520 qdelay_l_ms=1.01939 qdelay_c_ms=2.10528 ecn_mark=1308 drop=0
[QUEUE_STATS] t_ms=18896 q_pkts=6 q_bytes=9024 qdelay_l_ms=1.0571 qdelay_c_ms=2.1398 ecn_mark=1309 drop=0
[QUEUE_STATS] t_ms=18912 q_pkts=5 q_bytes=7520 qdelay_l_ms=1.06591 qdelay_c_ms=1.91606 ecn_mark=1309 drop=0
[QUEUE_STATS] t_ms=18928 q_pkts=4 q_bytes=6016 qdelay_l_ms=0.568618 qdelay_c_ms=1.77188 ecn_mark=1309 drop=0
[QUEUE_STATS] t_ms=18944 q_pkts=3 q_bytes=4512 qdelay_l_ms=0.64371 qdelay_c_ms=0.65979 ecn_mark=1309 drop=0
[QUEUE_STATS] t_ms=18960 q_pkts=4 q_bytes=6016 qdelay_l_ms=0 qdelay_c_ms=1.79252 ecn_mark=1310 drop=0
[QUEUE_STATS] t_ms=18976 q_pkts=3 q_bytes=4512 qdelay_l_ms=1.05905 qdelay_c_ms=1.06491 ecn_mark=1312 drop=0
[QUEUE_STATS] t_ms=18992 q_pkts=2 q_bytes=3008 qdelay_l_ms=1.07294 qdelay_c_ms=0 ecn_mark=1312 drop=0
[QUEUE_STATS] t_ms=19008 q_pkts=5 q_bytes=7520 qdelay_l_ms=0.855658 qdelay_c_ms=1.92411 ecn_mark=1314 drop=0
[QUEUE_STATS] t_ms=19024 q_pkts=4 q_bytes=6016 qdelay_l_ms=1.085 qdelay_c_ms=1.08085 ecn_mark=1315 drop=0
[QUEUE_STATS] t_ms=19040 q_pkts=4 q_bytes=6016 qdelay_l_ms=1.07462 qdelay_c_ms=1.07093 ecn_mark=1316 drop=0
[QUEUE_STATS] t_ms=19056 q_pkts=5 q_bytes=7520 qdelay_l_ms=1.05093 qdelay_c_ms=1.92211 ecn_mark=1316 drop=0
[QUEUE_STATS] t_ms=19072 q_pkts=3 q_bytes=4512 qdelay_l_ms=1.05815 qdelay_c_ms=1.06393 ecn_mark=1317 drop=0
[QUEUE_STATS] t_ms=19088 q_pkts=5 q_bytes=7520 qdelay_l_ms=1.07647 qdelay_c_ms=2.12689 ecn_mark=1317 drop=0
[QUEUE_STATS] t_ms=19104 q_pkts=6 q_bytes=9024 qdelay_l_ms=1.06113 qdelay_c_ms=2.18658 ecn_mark=1319 drop=0
[QUEUE_STATS] t_ms=19120 q_pkts=4 q_bytes=6016 qdelay_l_ms=0.653067 qdelay_c_ms=0.669869 ecn_mark=1319 drop=0
[QUEUE_STATS] t_ms=19136 q_pkts=6 q_bytes=9024 qdelay_l_ms=1.06404 qdelay_c_ms=1.06092 ecn_mark=1320 drop=0
[QUEUE_STATS] t_ms=19152 q_pkts=6 q_bytes=9024 qdelay_l_ms=0.658829 qdelay_c_ms=1.74133 ecn_mark=1321 drop=0
[QUEUE_STATS] t_ms=19168 q_pkts=3 q_bytes=4512 qdelay_l_ms=1.05923 qdelay_c_ms=2.13845 ecn_mark=1321 drop=0
[QUEUE_STATS] t_ms=19184 q_pkts=5 q_bytes=7520 qdelay_l_ms=1.05846 qdelay_c_ms=2.14096 ecn_mark=1321 drop=0
[QUEUE_STATS] t_ms=19200 q_pkts=4 q_bytes=6016 qdelay_l_ms=1.06824 qdelay_c_ms=1.06559 ecn_mark=1323 drop=0
[QUEUE_STATS] t_ms=19216 q_pkts=5 q_bytes=7520 qdelay_l_ms=1.06649 qdelay_c_ms=1.78927 ecn_mark=1323 drop=0
[QUEUE_STATS] t_ms=19233 q_pkts=6 q_bytes=9024 qdelay_l_ms=1.10533 qdelay_c_ms=1.0957 ecn_mark=1325 drop=0
[QUEUE_STATS] t_ms=19248 q_pkts=3 q_bytes=4512 qdelay_l_ms=1.03237 qdelay_c_ms=1.05137 ecn_mark=1325 drop=0
[QUEUE_STATS] t_ms=19264 q_pkts=5 q_bytes=7520 qdelay_l_ms=1.06146 qdelay_c_ms=2.1635 ecn_mark=1325 drop=0
[QUEUE_STATS] t_ms=19280 q_pkts=6 q_bytes=9024 qdelay_l_ms=1.09143 qdelay_c_ms=1.08715 ecn_mark=1326 drop=0
[QUEUE_STATS] t_ms=19296 q_pkts=3 q_bytes=4512 qdelay_l_ms=0.299883 qdelay_c_ms=1.34408 ecn_mark=1327 drop=0
[QUEUE_STATS] t_ms=19312 q_pkts=6 q_bytes=9024 qdelay_l_ms=1.06249 qdelay_c_ms=2.16715 ecn_mark=1327 drop=0
[QUEUE_STATS] t_ms=19328 q_pkts=6 q_bytes=9024 qdelay_l_ms=1.0615 qdelay_c_ms=1.42053 ecn_mark=1329 drop=0
[QUEUE_STATS] t_ms=19344 q_pkts=4 q_bytes=6016 qdelay_l_ms=1.062 qdelay_c_ms=1.06756 ecn_mark=1331 drop=0
[QUEUE_STATS] t_ms=19360 q_pkts=5 q_bytes=7520 qdelay_l_ms=1.06859 qdelay_c_ms=2.14566 ecn_mark=1331 drop=0
[QUEUE_STATS] t_ms=19376 q_pkts=3 q_bytes=4512 qdelay_l_ms=1.06747 qdelay_c_ms=0 ecn_mark=1332 drop=0
[QUEUE_STATS] t_ms=19392 q_pkts=5 q_bytes=7520 qdelay_l_ms=1.06708 qdelay_c_ms=2.14891 ecn_mark=1333 drop=0
[QUEUE_STATS] t_ms=19408 q_pkts=4 q_bytes=6016 qdelay_l_ms=1.07411 qdelay_c_ms=1.0712 ecn_mark=1333 drop=0
[QUEUE_STATS] t_ms=19424 q_pkts=3 q_bytes=4512 qdelay_l_ms=1.06333 qdelay_c_ms=1.08221 ecn_mark=1333 drop=0
[QUEUE_STATS] t_ms=19440 q_pkts=4 q_bytes=6016 qdelay_l_ms=0.549082 qdelay_c_ms=1.64699 ecn_mark=1333 drop=0
[QUEUE_STATS] t_ms=19456 q_pkts=5 q_bytes=7520 qdelay_l_ms=1.0755 qdelay_c_ms=1.64483 ecn_mark=1333 drop=0
[QUEUE_STATS] t_ms=19472 q_pkts=4 q_bytes=6016 qdelay_l_ms=0.817867 qdelay_c_ms=0.823658 ecn_mark=1334 drop=0
[QUEUE_STATS] t_ms=19488 q_pkts=6 q_bytes=9024 qdelay_l_ms=1.0718 qdelay_c_ms=3.22328 ecn_mark=1335 drop=0
[QUEUE_STATS] t_ms=19504 q_pkts=4 q_bytes=6016 qdelay_l_ms=1.07861 qdelay_c_ms=1.0746 ecn_mark=1336 drop=0
[QUEUE_STATS] t_ms=19520 q_pkts=6 q_bytes=9024 qdelay_l_ms=1.09002 qdelay_c_ms=1.59413 ecn_mark=1337 drop=0
[QUEUE_STATS] t_ms=19536 q_pkts=8 q_bytes=12032 qdelay_l_ms=1.05848 qdelay_c_ms=3.23568 ecn_mark=1338 drop=0
[QUEUE_STATS] t_ms=19552 q_pkts=3 q_bytes=4512 qdelay_l_ms=1.06686 qdelay_c_ms=1.06319 ecn_mark=1340 drop=0
[QUEUE_STATS] t_ms=19568 q_pkts=6 q_bytes=9024 qdelay_l_ms=1.07417 qdelay_c_ms=1.07109 ecn_mark=1341 drop=0
[QUEUE_STATS] t_ms=19584 q_pkts=6 q_bytes=9024 qdelay_l_ms=0.853875 qdelay_c_ms=3.00893 ecn_mark=1344 drop=0
[QUEUE_STATS] t_ms=19600 q_pkts=5 q_bytes=7520 qdelay_l_ms=1.07003 qdelay_c_ms=1.06686 ecn_mark=1344 drop=0
[QUEUE_STATS] t_ms=19616 q_pkts=6 q_bytes=9024 qdelay_l_ms=1.07602 qdelay_c_ms=1.07232 ecn_mark=1345 drop=0
[QUEUE_STATS] t_ms=19632 q_pkts=6 q_bytes=9024 qdelay_l_ms=0.324219 qdelay_c_ms=1.38596 ecn_mark=1346 drop=0
[QUEUE_STATS] t_ms=19648 q_pkts=6 q_bytes=9024 qdelay_l_ms=1.06745 qdelay_c_ms=2.15068 ecn_mark=1347 drop=0
[QUEUE_STATS] t_ms=19664 q_pkts=4 q_bytes=6016 qdelay_l_ms=1.06582 qdelay_c_ms=1.06221 ecn_mark=1347 drop=0
[QUEUE_STATS] t_ms=19680 q_pkts=5 q_bytes=7520 qdelay_l_ms=1.06464 qdelay_c_ms=3.21504 ecn_mark=1347 drop=0
[QUEUE_STATS] t_ms=19696 q_pkts=4 q_bytes=6016 qdelay_l_ms=1.06123 qdelay_c_ms=1.05405 ecn_mark=1348 drop=0
[QUEUE_STATS] t_ms=19712 q_pkts=6 q_bytes=9024 qdelay_l_ms=0.541067 qdelay_c_ms=0.538132 ecn_mark=1349 drop=0
[QUEUE_STATS] t_ms=19728 q_pkts=5 q_bytes=7520 qdelay_l_ms=1.07691 qdelay_c_ms=2.13641 ecn_mark=1349 drop=0
[QUEUE_STATS] t_ms=19744 q_pkts=6 q_bytes=9024 qdelay_l_ms=1.07555 qdelay_c_ms=3.21327 ecn_mark=1350 drop=0
[QUEUE_STATS] t_ms=19760 q_pkts=5 q_bytes=7520 qdelay_l_ms=1.04067 qdelay_c_ms=1.07817 ecn_mark=1351 drop=0
[QUEUE_STATS] t_ms=19776 q_pkts=6 q_bytes=9024 qdelay_l_ms=1.06302 qdelay_c_ms=2.13812 ecn_mark=1351 drop=0
[QUEUE_STATS] t_ms=19792 q_pkts=5 q_bytes=7520 qdelay_l_ms=0.455897 qdelay_c_ms=1.61776 ecn_mark=1351 drop=0
[QUEUE_STATS] t_ms=19808 q_pkts=6 q_bytes=9024 qdelay_l_ms=1.08208 qdelay_c_ms=1.07788 ecn_mark=1352 drop=0
[QUEUE_STATS] t_ms=19824 q_pkts=7 q_bytes=10528 qdelay_l_ms=1.08486 qdelay_c_ms=2.13364 ecn_mark=1352 drop=0
[QUEUE_STATS] t_ms=19840 q_pkts=7 q_bytes=10528 qdelay_l_ms=1.0656 qdelay_c_ms=2.64552 ecn_mark=1353 drop=0
[QUEUE_STATS] t_ms=19856 q_pkts=7 q_bytes=10528 qdelay_l_ms=1.07976 qdelay_c_ms=2.1408 ecn_mark=1353 drop=0
[QUEUE_STATS] t_ms=19872 q_pkts=6 q_bytes=9024 qdelay_l_ms=1.06767 qdelay_c_ms=2.1435 ecn_mark=1353 drop=0
[QUEUE_STATS] t_ms=19888 q_pkts=7 q_bytes=10528 qdelay_l_ms=1.05882 qdelay_c_ms=3.14935 ecn_mark=1355 drop=0
[QUEUE_STATS] t_ms=19904 q_pkts=7 q_bytes=10528 qdelay_l_ms=0.796567 qdelay_c_ms=2.98086 ecn_mark=1356 drop=0
[QUEUE_STATS] t_ms=19920 q_pkts=6 q_bytes=9024 qdelay_l_ms=1.07603 qdelay_c_ms=2.13523 ecn_mark=1356 drop=0
[QUEUE_STATS] t_ms=19936 q_pkts=7 q_bytes=10528 qdelay_l_ms=1.06039 qdelay_c_ms=2.59575 ecn_mark=1356 drop=0
[QUEUE_STATS] t_ms=19952 q_pkts=6 q_bytes=9024 qdelay_l_ms=0.805865 qdelay_c_ms=1.88183 ecn_mark=1356 drop=0
[QUEUE_STATS] t_ms=19968 q_pkts=7 q_bytes=10528 qdelay_l_ms=1.0947 qdelay_c_ms=2.44618 ecn_mark=1357 drop=0
[QUEUE_STATS] t_ms=19984 q_pkts=7 q_bytes=10528 qdelay_l_ms=1.06245 qdelay_c_ms=2.59639 ecn_mark=1358 drop=0
[QUEUE_STATS] t_ms=20000 q_pkts=8 q_bytes=12032 qdelay_l_ms=1.07625 qdelay_c_ms=2.18956 ecn_mark=1359 drop=0
[QUEUE_STATS] t_ms=20016 q_pkts=7 q_bytes=10528 qdelay_l_ms=1.04629 qdelay_c_ms=2.09977 ecn_mark=1359 drop=0
[QUEUE_STATS] t_ms=20032 q_pkts=5 q_bytes=7520 qdelay_l_ms=1.0553 qdelay_c_ms=3.05104 ecn_mark=1360 drop=0
[QUEUE_STATS] t_ms=20048 q_pkts=9 q_bytes=13536 qdelay_l_ms=1.05763 qdelay_c_ms=2.37664 ecn_mark=1360 drop=0
[QUEUE_STATS] t_ms=20064 q_pkts=8 q_bytes=12032 qdelay_l_ms=1.04978 qdelay_c_ms=3.12633 ecn_mark=1361 drop=0
[QUEUE_STATS] t_ms=20080 q_pkts=7 q_bytes=10528 qdelay_l_ms=0.524747 qdelay_c_ms=1.56217 ecn_mark=1361 drop=0
[QUEUE_STATS] t_ms=20096 q_pkts=8 q_bytes=12032 qdelay_l_ms=1.05005 qdelay_c_ms=2.08456 ecn_mark=1361 drop=0
[QUEUE_STATS] t_ms=20112 q_pkts=7 q_bytes=10528 qdelay_l_ms=0.993156 qdelay_c_ms=3.0858 ecn_mark=1361 drop=0
[QUEUE_STATS] t_ms=20128 q_pkts=7 q_bytes=10528 qdelay_l_ms=1.03485 qdelay_c_ms=3.05299 ecn_mark=1361 drop=0
[QUEUE_STATS] t_ms=20144 q_pkts=8 q_bytes=12032 qdelay_l_ms=0.779906 qdelay_c_ms=2.88614 ecn_mark=1361 drop=0
[QUEUE_STATS] t_ms=20160 q_pkts=10 q_bytes=15040 qdelay_l_ms=1.02069 qdelay_c_ms=5.03521 ecn_mark=1362 drop=0
[QUEUE_STATS] t_ms=20176 q_pkts=10 q_bytes=15040 qdelay_l_ms=1.06848 qdelay_c_ms=4.26471 ecn_mark=1362 drop=0
[QUEUE_STATS] t_ms=20192 q_pkts=10 q_bytes=15040 qdelay_l_ms=1.02473 qdelay_c_ms=4.06616 ecn_mark=1362 drop=0
[QUEUE_STATS] t_ms=20208 q_pkts=10 q_bytes=15040 qdelay_l_ms=1.0219 qdelay_c_ms=3.49534 ecn_mark=1362 drop=0
[QUEUE_STATS] t_ms=20224 q_pkts=10 q_bytes=15040 qdelay_l_ms=1.07591 qdelay_c_ms=4.30795 ecn_mark=1362 drop=0
[QUEUE_STATS] t_ms=20240 q_pkts=13 q_bytes=19552 qdelay_l_ms=0.970525 qdelay_c_ms=3.99593 ecn_mark=1363 drop=0
[QUEUE_STATS] t_ms=20256 q_pkts=13 q_bytes=19552 qdelay_l_ms=0.849506 qdelay_c_ms=5.98017 ecn_mark=1363 drop=0
[QUEUE_STATS] t_ms=20272 q_pkts=13 q_bytes=19552 qdelay_l_ms=1.0166 qdelay_c_ms=4.91734 ecn_mark=1365 drop=0
[QUEUE_STATS] t_ms=20288 q_pkts=14 q_bytes=21056 qdelay_l_ms=0.946569 qdelay_c_ms=4.01971 ecn_mark=1365 drop=0
[QUEUE_STATS] t_ms=20304 q_pkts=12 q_bytes=18048 qdelay_l_ms=0.50555 qdelay_c_ms=4.51034 ecn_mark=1366 drop=0
[QUEUE_STATS] t_ms=20320 q_pkts=14 q_bytes=21056 qdelay_l_ms=0.999839 qdelay_c_ms=4.99106 ecn_mark=1367 drop=0
[QUEUE_STATS] t_ms=20336 q_pkts=15 q_bytes=22560 qdelay_l_ms=1.14357 qdelay_c_ms=6.08616 ecn_mark=1368 drop=0
[QUEUE_STATS] t_ms=20352 q_pkts=13 q_bytes=19552 qdelay_l_ms=1.11041 qdelay_c_ms=5.03563 ecn_mark=1369 drop=0
[QUEUE_STATS] t_ms=20368 q_pkts=15 q_bytes=22560 qdelay_l_ms=0.816455 qdelay_c_ms=4.8054 ecn_mark=1370 drop=0
[QUEUE_STATS] t_ms=20384 q_pkts=16 q_bytes=24064 qdelay_l_ms=0.999819 qdelay_c_ms=6.02557 ecn_mark=1371 drop=0
[QUEUE_STATS] t_ms=20400 q_pkts=13 q_bytes=19552 qdelay_l_ms=1.00443 qdelay_c_ms=5.30335 ecn_mark=1373 drop=0
[QUEUE_STATS] t_ms=20416 q_pkts=14 q_bytes=21056 qdelay_l_ms=1.1041 qdelay_c_ms=6.31874 ecn_mark=1374 drop=0
[QUEUE_STATS] t_ms=20432 q_pkts=15 q_bytes=22560 qdelay_l_ms=0.995311 qdelay_c_ms=6.93062 ecn_mark=1374 drop=0
[QUEUE_STATS] t_ms=20448 q_pkts=13 q_bytes=19552 qdelay_l_ms=1.12826 qdelay_c_ms=4.4537 ecn_mark=1374 drop=0
[QUEUE_STATS] t_ms=20464 q_pkts=16 q_bytes=24064 qdelay_l_ms=0.788582 qdelay_c_ms=7.11673 ecn_mark=1376 drop=0
[QUEUE_STATS] t_ms=20480 q_pkts=18 q_bytes=27072 qdelay_l_ms=0.85129 qdelay_c_ms=6.75122 ecn_mark=1377 drop=0
[QUEUE_STATS] t_ms=20496 q_pkts=16 q_bytes=24064 qdelay_l_ms=1.11799 qdelay_c_ms=6.43311 ecn_mark=1378 drop=0
[QUEUE_STATS] t_ms=20512 q_pkts=16 q_bytes=24064 qdelay_l_ms=0.995802 qdelay_c_ms=5.4425 ecn_mark=1379 drop=0
[QUEUE_STATS] t_ms=20528 q_pkts=17 q_bytes=25568 qdelay_l_ms=0.985131 qdelay_c_ms=5.86331 ecn_mark=1380 drop=0
[QUEUE_STATS] t_ms=20544 q_pkts=17 q_bytes=25568 qdelay_l_ms=1.13071 qdelay_c_ms=7.1626 ecn_mark=1382 drop=0
[QUEUE_STATS] t_ms=20560 q_pkts=16 q_bytes=24064 qdelay_l_ms=0.935629 qdelay_c_ms=6.94057 ecn_mark=1382 drop=0
[QUEUE_STATS] t_ms=20576 q_pkts=17 q_bytes=25568 qdelay_l_ms=0.985241 qdelay_c_ms=6.80779 ecn_mark=1382 drop=0
[QUEUE_STATS] t_ms=20592 q_pkts=16 q_bytes=24064 qdelay_l_ms=1.14078 qdelay_c_ms=6.0516 ecn_mark=1382 drop=0
[QUEUE_STATS] t_ms=20608 q_pkts=17 q_bytes=25568 qdelay_l_ms=0.975203 qdelay_c_ms=6.61023 ecn_mark=1382 drop=0
[QUEUE_STATS] t_ms=20624 q_pkts=17 q_bytes=25568 qdelay_l_ms=0.982287 qdelay_c_ms=6.76464 ecn_mark=1383 drop=0
[QUEUE_STATS] t_ms=20640 q_pkts=17 q_bytes=25568 qdelay_l_ms=0.754528 qdelay_c_ms=7.04394 ecn_mark=1383 drop=0
[QUEUE_STATS] t_ms=20656 q_pkts=18 q_bytes=27072 qdelay_l_ms=0.969422 qdelay_c_ms=7.25833 ecn_mark=1384 drop=0
[QUEUE_STATS] t_ms=20672 q_pkts=19 q_bytes=28576 qdelay_l_ms=0.96869 qdelay_c_ms=7.2507 ecn_mark=1384 drop=0
[QUEUE_STATS] t_ms=20688 q_pkts=18 q_bytes=27072 qdelay_l_ms=0.968861 qdelay_c_ms=7.646 ecn_mark=1384 drop=0
[QUEUE_STATS] t_ms=20704 q_pkts=17 q_bytes=25568 qdelay_l_ms=1.11004 qdelay_c_ms=6.16249 ecn_mark=1384 drop=0
[QUEUE_STATS] t_ms=20720 q_pkts=21 q_bytes=31584 qdelay_l_ms=0.714132 qdelay_c_ms=8.97471 ecn_mark=1385 drop=0
[QUEUE_STATS] t_ms=20736 q_pkts=20 q_bytes=30080 qdelay_l_ms=0.908908 qdelay_c_ms=9.36503 ecn_mark=1387 drop=0
[QUEUE_STATS] t_ms=20752 q_pkts=18 q_bytes=27072 qdelay_l_ms=0.911122 qdelay_c_ms=8.08711 ecn_mark=1389 drop=0
[QUEUE_STATS] t_ms=20768 q_pkts=20 q_bytes=30080 qdelay_l_ms=1.04 qdelay_c_ms=7.85432 ecn_mark=1389 drop=0
[QUEUE_STATS] t_ms=20784 q_pkts=19 q_bytes=28576 qdelay_l_ms=0.948794 qdelay_c_ms=8.0238 ecn_mark=1390 drop=0
[QUEUE_STATS] t_ms=20800 q_pkts=19 q_bytes=28576 qdelay_l_ms=0.947551 qdelay_c_ms=7.9747 ecn_mark=1390 drop=0
[QUEUE_STATS] t_ms=20816 q_pkts=19 q_bytes=28576 qdelay_l_ms=1.043 qdelay_c_ms=9.33328 ecn_mark=1391 drop=0
[QUEUE_STATS] t_ms=20832 q_pkts=20 q_bytes=30080 qdelay_l_ms=0.983318 qdelay_c_ms=8.9682 ecn_mark=1392 drop=0
[QUEUE_STATS] t_ms=20848 q_pkts=21 q_bytes=31584 qdelay_l_ms=1.11625 qdelay_c_ms=9.09302 ecn_mark=1394 drop=0
[QUEUE_STATS] t_ms=20864 q_pkts=22 q_bytes=33088 qdelay_l_ms=0.959684 qdelay_c_ms=8.76699 ecn_mark=1394 drop=0
[QUEUE_STATS] t_ms=20880 q_pkts=22 q_bytes=33088 qdelay_l_ms=0.903308 qdelay_c_ms=7.98942 ecn_mark=1395 drop=0
[QUEUE_STATS] t_ms=20896 q_pkts=20 q_bytes=30080 qdelay_l_ms=0.658938 qdelay_c_ms=9.02086 ecn_mark=1396 drop=0
[QUEUE_STATS] t_ms=20912 q_pkts=22 q_bytes=33088 qdelay_l_ms=1.10285 qdelay_c_ms=9.57183 ecn_mark=1396 drop=0
[QUEUE_STATS] t_ms=20928 q_pkts=20 q_bytes=30080 qdelay_l_ms=0.911293 qdelay_c_ms=6.75562 ecn_mark=1396 drop=0
[QUEUE_STATS] t_ms=20944 q_pkts=19 q_bytes=28576 qdelay_l_ms=0.959163 qdelay_c_ms=8.92883 ecn_mark=1396 drop=0
[QUEUE_STATS] t_ms=20960 q_pkts=21 q_bytes=31584 qdelay_l_ms=0.903358 qdelay_c_ms=7.95614 ecn_mark=1398 drop=0
[QUEUE_STATS] t_ms=20976 q_pkts=21 q_bytes=31584 qdelay_l_ms=1.10828 qdelay_c_ms=9.11122 ecn_mark=1399 drop=0
[QUEUE_STATS] t_ms=20992 q_pkts=22 q_bytes=33088 qdelay_l_ms=1.11761 qdelay_c_ms=10.017 ecn_mark=1400 drop=0
[QUEUE_STATS] t_ms=21008 q_pkts=24 q_bytes=36096 qdelay_l_ms=0.937793 qdelay_c_ms=10.852 ecn_mark=1400 drop=0
[QUEUE_STATS] t_ms=21024 q_pkts=23 q_bytes=34592 qdelay_l_ms=1.0778 qdelay_c_ms=10.8761 ecn_mark=1402 drop=0
[QUEUE_STATS] t_ms=21040 q_pkts=23 q_bytes=34592 qdelay_l_ms=0.955506 qdelay_c_ms=11.0904 ecn_mark=1404 drop=0
[QUEUE_STATS] t_ms=21056 q_pkts=24 q_bytes=36096 qdelay_l_ms=0.92593 qdelay_c_ms=8.97459 ecn_mark=1406 drop=0
[QUEUE_STATS] t_ms=21072 q_pkts=19 q_bytes=28576 qdelay_l_ms=0.94157 qdelay_c_ms=9.72132 ecn_mark=1408 drop=0
[QUEUE_STATS] t_ms=21088 q_pkts=22 q_bytes=33088 qdelay_l_ms=0.72351 qdelay_c_ms=10.1446 ecn_mark=1410 drop=0
[QUEUE_STATS] t_ms=21104 q_pkts=26 q_bytes=39104 qdelay_l_ms=0.902686 qdelay_c_ms=9.89105 ecn_mark=1410 drop=0
[QUEUE_STATS] t_ms=21120 q_pkts=23 q_bytes=34592 qdelay_l_ms=1.13504 qdelay_c_ms=10.0851 ecn_mark=1410 drop=0
[QUEUE_STATS] t_ms=21136 q_pkts=24 q_bytes=36096 qdelay_l_ms=0.892968 qdelay_c_ms=10.0775 ecn_mark=1411 drop=0
[QUEUE_STATS] t_ms=21152 q_pkts=27 q_bytes=40608 qdelay_l_ms=1.08189 qdelay_c_ms=10.834 ecn_mark=1411 drop=0
[QUEUE_STATS] t_ms=21168 q_pkts=25 q_bytes=37600 qdelay_l_ms=0.898568 qdelay_c_ms=10.9412 ecn_mark=1412 drop=0
[QUEUE_STATS] t_ms=21184 q_pkts=26 q_bytes=39104 qdelay_l_ms=1.13455 qdelay_c_ms=9.95 ecn_mark=1413 drop=0
[QUEUE_STATS] t_ms=21200 q_pkts=26 q_bytes=39104 qdelay_l_ms=0.861108 qdelay_c_ms=11.0374 ecn_mark=1415 drop=0
[QUEUE_STATS] t_ms=21216 q_pkts=24 q_bytes=36096 qdelay_l_ms=1.08652 qdelay_c_ms=12.1486 ecn_mark=1415 drop=0
[QUEUE_STATS] t_ms=21232 q_pkts=25 q_bytes=37600 qdelay_l_ms=0.93138 qdelay_c_ms=10.067 ecn_mark=1416 drop=0
[QUEUE_STATS] t_ms=21248 q_pkts=24 q_bytes=36096 qdelay_l_ms=1.06332 qdelay_c_ms=10.9477 ecn_mark=1418 drop=0
[QUEUE_STATS] t_ms=21264 q_pkts=23 q_bytes=34592 qdelay_l_ms=1.08501 qdelay_c_ms=11.0447 ecn_mark=1420 drop=0
[QUEUE_STATS] t_ms=21280 q_pkts=24 q_bytes=36096 qdelay_l_ms=0.898389 qdelay_c_ms=10.6987 ecn_mark=1420 drop=0
[QUEUE_STATS] t_ms=21296 q_pkts=25 q_bytes=37600 qdelay_l_ms=0.980112 qdelay_c_ms=10.1212 ecn_mark=1420 drop=0
[QUEUE_STATS] t_ms=21312 q_pkts=23 q_bytes=34592 qdelay_l_ms=1.09271 qdelay_c_ms=10.9135 ecn_mark=1422 drop=0
[QUEUE_STATS] t_ms=21328 q_pkts=26 q_bytes=39104 qdelay_l_ms=1.04138 qdelay_c_ms=11.2383 ecn_mark=1425 drop=0
[QUEUE_STATS] t_ms=21344 q_pkts=24 q_bytes=36096 qdelay_l_ms=1.10151 qdelay_c_ms=11.0555 ecn_mark=1427 drop=0
[QUEUE_STATS] t_ms=21360 q_pkts=26 q_bytes=39104 qdelay_l_ms=0.977978 qdelay_c_ms=11.0506 ecn_mark=1427 drop=0
[QUEUE_STATS] t_ms=21376 q_pkts=24 q_bytes=36096 qdelay_l_ms=0.925409 qdelay_c_ms=9.93594 ecn_mark=1428 drop=0
[QUEUE_STATS] t_ms=21392 q_pkts=27 q_bytes=40608 qdelay_l_ms=1.05774 qdelay_c_ms=10.9101 ecn_mark=1428 drop=0
[QUEUE_STATS] t_ms=21408 q_pkts=26 q_bytes=39104 qdelay_l_ms=1.06113 qdelay_c_ms=12.0004 ecn_mark=1430 drop=0
[QUEUE_STATS] t_ms=21424 q_pkts=27 q_bytes=40608 qdelay_l_ms=1.02296 qdelay_c_ms=10.5278 ecn_mark=1432 drop=0
[QUEUE_STATS] t_ms=21440 q_pkts=27 q_bytes=40608 qdelay_l_ms=1.07608 qdelay_c_ms=12.3832 ecn_mark=1434 drop=0
[QUEUE_STATS] t_ms=21456 q_pkts=27 q_bytes=40608 qdelay_l_ms=0.922473 qdelay_c_ms=12.0064 ecn_mark=1435 drop=0
[QUEUE_STATS] t_ms=21472 q_pkts=25 q_bytes=37600 qdelay_l_ms=1.10449 qdelay_c_ms=10.5005 ecn_mark=1436 drop=0
[QUEUE_STATS] t_ms=21488 q_pkts=27 q_bytes=40608 qdelay_l_ms=0.901956 qdelay_c_ms=11.8904 ecn_mark=1437 drop=0
[QUEUE_STATS] t_ms=21504 q_pkts=28 q_bytes=42112 qdelay_l_ms=1.04684 qdelay_c_ms=11.9225 ecn_mark=1438 drop=0
[QUEUE_STATS] t_ms=21520 q_pkts=26 q_bytes=39104 qdelay_l_ms=1.05695 qdelay_c_ms=10.9557 ecn_mark=1438 drop=0
[QUEUE_STATS] t_ms=21536 q_pkts=27 q_bytes=40608 qdelay_l_ms=1.06008 qdelay_c_ms=12.2449 ecn_mark=1438 drop=0
[QUEUE_STATS] t_ms=21552 q_pkts=26 q_bytes=39104 qdelay_l_ms=1.0388 qdelay_c_ms=11.4189 ecn_mark=1438 drop=0
[QUEUE_STATS] t_ms=21568 q_pkts=29 q_bytes=43616 qdelay_l_ms=0.919498 qdelay_c_ms=12.7776 ecn_mark=1438 drop=0
[QUEUE_STATS] t_ms=21584 q_pkts=29 q_bytes=43616 qdelay_l_ms=1.1064 qdelay_c_ms=12.7511 ecn_mark=1438 drop=0
[QUEUE_STATS] t_ms=21600 q_pkts=28 q_bytes=42112 qdelay_l_ms=1.04687 qdelay_c_ms=12.15 ecn_mark=1438 drop=0
[QUEUE_STATS] t_ms=21616 q_pkts=31 q_bytes=46624 qdelay_l_ms=1.08562 qdelay_c_ms=14.3669 ecn_mark=1438 drop=0
[QUEUE_STATS] t_ms=21632 q_pkts=30 q_bytes=45120 qdelay_l_ms=0.975875 qdelay_c_ms=13.526 ecn_mark=1439 drop=0
[QUEUE_STATS] t_ms=21648 q_pkts=29 q_bytes=43616 qdelay_l_ms=0.90969 qdelay_c_ms=12.8489 ecn_mark=1440 drop=0
[QUEUE_STATS] t_ms=21664 q_pkts=29 q_bytes=43616 qdelay_l_ms=0.897116 qdelay_c_ms=15.0076 ecn_mark=1441 drop=0
[QUEUE_STATS] t_ms=21680 q_pkts=32 q_bytes=48128 qdelay_l_ms=0.854736 qdelay_c_ms=13.7575 ecn_mark=1443 drop=0
[QUEUE_STATS] t_ms=21696 q_pkts=32 q_bytes=48128 qdelay_l_ms=1.06802 qdelay_c_ms=14.11 ecn_mark=1445 drop=0
[QUEUE_STATS] t_ms=21712 q_pkts=31 q_bytes=46624 qdelay_l_ms=1.06513 qdelay_c_ms=14.3657 ecn_mark=1446 drop=0
[QUEUE_STATS] t_ms=21728 q_pkts=32 q_bytes=48128 qdelay_l_ms=1.05964 qdelay_c_ms=14.3574 ecn_mark=1447 drop=0
[QUEUE_STATS] t_ms=21744 q_pkts=32 q_bytes=48128 qdelay_l_ms=0.914108 qdelay_c_ms=14.6034 ecn_mark=1447 drop=0
[QUEUE_STATS] t_ms=21760 q_pkts=31 q_bytes=46624 qdelay_l_ms=1.10024 qdelay_c_ms=12.861 ecn_mark=1447 drop=0
[QUEUE_STATS] t_ms=21776 q_pkts=34 q_bytes=51136 qdelay_l_ms=0.854246 qdelay_c_ms=14.0171 ecn_mark=1448 drop=0
[QUEUE_STATS] t_ms=21792 q_pkts=33 q_bytes=49632 qdelay_l_ms=1.05066 qdelay_c_ms=16.2045 ecn_mark=1449 drop=0
[QUEUE_STATS] t_ms=21808 q_pkts=31 q_bytes=46624 qdelay_l_ms=0.897176 qdelay_c_ms=14.9456 ecn_mark=1451 drop=0
[QUEUE_STATS] t_ms=21824 q_pkts=32 q_bytes=48128 qdelay_l_ms=0.673406 qdelay_c_ms=14.9039 ecn_mark=1452 drop=0
[QUEUE_STATS] t_ms=21840 q_pkts=32 q_bytes=48128 qdelay_l_ms=1.09584 qdelay_c_ms=15.4916 ecn_mark=1452 drop=0
[QUEUE_STATS] t_ms=21856 q_pkts=33 q_bytes=49632 qdelay_l_ms=0.68602 qdelay_c_ms=13.8884 ecn_mark=1452 drop=0
[QUEUE_STATS] t_ms=21872 q_pkts=32 q_bytes=48128 qdelay_l_ms=1.11857 qdelay_c_ms=14.8913 ecn_mark=1453 drop=0
[QUEUE_STATS] t_ms=21888 q_pkts=32 q_bytes=48128 qdelay_l_ms=1.09047 qdelay_c_ms=14.0168 ecn_mark=1453 drop=0
[QUEUE_STATS] t_ms=21904 q_pkts=32 q_bytes=48128 qdelay_l_ms=1.07642 qdelay_c_ms=14.3296 ecn_mark=1454 drop=0
[QUEUE_STATS] t_ms=21920 q_pkts=32 q_bytes=48128 qdelay_l_ms=0.908568 qdelay_c_ms=14.921 ecn_mark=1457 drop=0
[QUEUE_STATS] t_ms=21936 q_pkts=32 q_bytes=48128 qdelay_l_ms=1.09562 qdelay_c_ms=15.0981 ecn_mark=1458 drop=0
[QUEUE_STATS] t_ms=21952 q_pkts=33 q_bytes=49632 qdelay_l_ms=0.880475 qdelay_c_ms=14.6194 ecn_mark=1459 drop=0
[QUEUE_STATS] t_ms=21968 q_pkts=33 q_bytes=49632 qdelay_l_ms=1.10041 qdelay_c_ms=16.4357 ecn_mark=1460 drop=0
[QUEUE_STATS] t_ms=21984 q_pkts=31 q_bytes=46624 qdelay_l_ms=1.09288 qdelay_c_ms=15.551 ecn_mark=1460 drop=0
[QUEUE_STATS] t_ms=22000 q_pkts=35 q_bytes=52640 qdelay_l_ms=0.939687 qdelay_c_ms=14.9217 ecn_mark=1461 drop=0
[QUEUE_STATS] t_ms=22016 q_pkts=33 q_bytes=49632 qdelay_l_ms=0.905542 qdelay_c_ms=15.8921 ecn_mark=1463 drop=0
[QUEUE_STATS] t_ms=22032 q_pkts=34 q_bytes=51136 qdelay_l_ms=1.09567 qdelay_c_ms=15.9344 ecn_mark=1464 drop=0
[QUEUE_STATS] t_ms=22048 q_pkts=34 q_bytes=51136 qdelay_l_ms=0.875355 qdelay_c_ms=15.9149 ecn_mark=1465 drop=0
[QUEUE_STATS] t_ms=22064 q_pkts=36 q_bytes=54144 qdelay_l_ms=1.06004 qdelay_c_ms=15.1341 ecn_mark=1467 drop=0
[QUEUE_STATS] t_ms=22080 q_pkts=34 q_bytes=51136 qdelay_l_ms=1.09639 qdelay_c_ms=17.0754 ecn_mark=1467 drop=0
[QUEUE_STATS] t_ms=22096 q_pkts=34 q_bytes=51136 qdelay_l_ms=0.779515 qdelay_c_ms=15.7078 ecn_mark=1469 drop=0
[QUEUE_STATS] t_ms=22112 q_pkts=35 q_bytes=52640 qdelay_l_ms=0.934607 qdelay_c_ms=14.9256 ecn_mark=1471 drop=0
[QUEUE_STATS] t_ms=22128 q_pkts=34 q_bytes=51136 qdelay_l_ms=1.06284 qdelay_c_ms=15.2049 ecn_mark=1475 drop=0
[QUEUE_STATS] t_ms=22144 q_pkts=35 q_bytes=52640 qdelay_l_ms=0.90445 qdelay_c_ms=14.8362 ecn_mark=1475 drop=0
[QUEUE_STATS] t_ms=22160 q_pkts=33 q_bytes=49632 qdelay_l_ms=0.85673 qdelay_c_ms=16.1139 ecn_mark=1475 drop=0
[QUEUE_STATS] t_ms=22176 q_pkts=35 q_bytes=52640 qdelay_l_ms=1.05273 qdelay_c_ms=16.0022 ecn_mark=1477 drop=0
[QUEUE_STATS] t_ms=22192 q_pkts=35 q_bytes=52640 qdelay_l_ms=1.06244 qdelay_c_ms=14.2198 ecn_mark=1479 drop=0
[QUEUE_STATS] t_ms=22208 q_pkts=36 q_bytes=54144 qdelay_l_ms=1.08455 qdelay_c_ms=18.3599 ecn_mark=1480 drop=0
[QUEUE_STATS] t_ms=22224 q_pkts=36 q_bytes=54144 qdelay_l_ms=1.0547 qdelay_c_ms=16.9224 ecn_mark=1481 drop=0
[QUEUE_STATS] t_ms=22240 q_pkts=36 q_bytes=54144 qdelay_l_ms=1.08524 qdelay_c_ms=14.9766 ecn_mark=1482 drop=0
[QUEUE_STATS] t_ms=22256 q_pkts=37 q_bytes=55648 qdelay_l_ms=0.678034 qdelay_c_ms=18.2512 ecn_mark=1483 drop=0
[QUEUE_STATS] t_ms=22272 q_pkts=38 q_bytes=57152 qdelay_l_ms=1.0643 qdelay_c_ms=16.4659 ecn_mark=1484 drop=0
[QUEUE_STATS] t_ms=22288 q_pkts=36 q_bytes=54144 qdelay_l_ms=1.05289 qdelay_c_ms=17.3644 ecn_mark=1485 drop=0
[QUEUE_STATS] t_ms=22304 q_pkts=38 q_bytes=57152 qdelay_l_ms=0.908788 qdelay_c_ms=17.6595 ecn_mark=1486 drop=0
[QUEUE_STATS] t_ms=22320 q_pkts=35 q_bytes=52640 qdelay_l_ms=1.07251 qdelay_c_ms=15.0942 ecn_mark=1486 drop=0
[QUEUE_STATS] t_ms=22336 q_pkts=36 q_bytes=54144 qdelay_l_ms=1.07271 qdelay_c_ms=17.1742 ecn_mark=1488 drop=0
[QUEUE_STATS] t_ms=22352 q_pkts=38 q_bytes=57152 qdelay_l_ms=0.683825 qdelay_c_ms=17.9271 ecn_mark=1489 drop=0
[QUEUE_STATS] t_ms=22368 q_pkts=38 q_bytes=57152 qdelay_l_ms=0.912946 qdelay_c_ms=15.9206 ecn_mark=1492 drop=0
[QUEUE_STATS] t_ms=22384 q_pkts=36 q_bytes=54144 qdelay_l_ms=1.08787 qdelay_c_ms=18.3662 ecn_mark=1493 drop=0
[QUEUE_STATS] t_ms=22400 q_pkts=39 q_bytes=58656 qdelay_l_ms=1.08167 qdelay_c_ms=17.7592 ecn_mark=1493 drop=0
[QUEUE_STATS] t_ms=22416 q_pkts=36 q_bytes=54144 qdelay_l_ms=0.923856 qdelay_c_ms=15.9153 ecn_mark=1494 drop=0
[QUEUE_STATS] t_ms=22432 q_pkts=35 q_bytes=52640 qdelay_l_ms=1.0647 qdelay_c_ms=16.1453 ecn_mark=1494 drop=0
[QUEUE_STATS] t_ms=22448 q_pkts=36 q_bytes=54144 qdelay_l_ms=1.05608 qdelay_c_ms=15.963 ecn_mark=1494 drop=0
[QUEUE_STATS] t_ms=22464 q_pkts=38 q_bytes=57152 qdelay_l_ms=1.08177 qdelay_c_ms=18.2335 ecn_mark=1495 drop=0
[QUEUE_STATS] t_ms=22480 q_pkts=37 q_bytes=55648 qdelay_l_ms=0.997424 qdelay_c_ms=17.0786 ecn_mark=1497 drop=0
[QUEUE_STATS] t_ms=22496 q_pkts=37 q_bytes=55648 qdelay_l_ms=1.09708 qdelay_c_ms=16.0486 ecn_mark=1497 drop=0
[QUEUE_STATS] t_ms=22512 q_pkts=37 q_bytes=55648 qdelay_l_ms=1.08461 qdelay_c_ms=18.2532 ecn_mark=1497 drop=0
[QUEUE_STATS] t_ms=22528 q_pkts=38 q_bytes=57152 qdelay_l_ms=0.924558 qdelay_c_ms=17.8343 ecn_mark=1499 drop=0
[QUEUE_STATS] t_ms=22544 q_pkts=40 q_bytes=60160 qdelay_l_ms=1.04418 qdelay_c_ms=17.1231 ecn_mark=1499 drop=0
[QUEUE_STATS] t_ms=22560 q_pkts=37 q_bytes=55648 qdelay_l_ms=1.07786 qdelay_c_ms=18.214 ecn_mark=1500 drop=0
[QUEUE_STATS] t_ms=22576 q_pkts=39 q_bytes=58656 qdelay_l_ms=0 qdelay_c_ms=19.2221 ecn_mark=1500 drop=0
[QUEUE_STATS] t_ms=22592 q_pkts=39 q_bytes=58656 qdelay_l_ms=1.0996 qdelay_c_ms=17.8676 ecn_mark=1502 drop=0
[QUEUE_STATS] t_ms=22608 q_pkts=41 q_bytes=61664 qdelay_l_ms=1.10683 qdelay_c_ms=18.8723 ecn_mark=1502 drop=0
[QUEUE_STATS] t_ms=22624 q_pkts=40 q_bytes=60160 qdelay_l_ms=0.948493 qdelay_c_ms=18.0833 ecn_mark=1503 drop=0
[QUEUE_STATS] t_ms=22640 q_pkts=38 q_bytes=57152 qdelay_l_ms=1.05913 qdelay_c_ms=18.2573 ecn_mark=1503 drop=0
[QUEUE_STATS] t_ms=22656 q_pkts=41 q_bytes=61664 qdelay_l_ms=0.900632 qdelay_c_ms=18.859 ecn_mark=1504 drop=0
[QUEUE_STATS] t_ms=22672 q_pkts=40 q_bytes=60160 qdelay_l_ms=0.905262 qdelay_c_ms=16.9182 ecn_mark=1505 drop=0
[QUEUE_STATS] t_ms=22688 q_pkts=40 q_bytes=60160 qdelay_l_ms=1.0684 qdelay_c_ms=19.894 ecn_mark=1506 drop=0
[QUEUE_STATS] t_ms=22704 q_pkts=41 q_bytes=61664 qdelay_l_ms=0.908648 qdelay_c_ms=19.7449 ecn_mark=1506 drop=0
[QUEUE_STATS] t_ms=22720 q_pkts=41 q_bytes=61664 qdelay_l_ms=0.932353 qdelay_c_ms=17.9012 ecn_mark=1508 drop=0
[QUEUE_STATS] t_ms=22736 q_pkts=41 q_bytes=61664 qdelay_l_ms=1.06995 qdelay_c_ms=19.6609 ecn_mark=1509 drop=0
[QUEUE_STATS] t_ms=22752 q_pkts=41 q_bytes=61664 qdelay_l_ms=1.06618 qdelay_c_ms=17.8702 ecn_mark=1509 drop=0
[QUEUE_STATS] t_ms=22768 q_pkts=40 q_bytes=60160 qdelay_l_ms=0.905292 qdelay_c_ms=17.981 ecn_mark=1513 drop=0
[QUEUE_STATS] t_ms=22784 q_pkts=40 q_bytes=60160 qdelay_l_ms=1.06846 qdelay_c_ms=20.5275 ecn_mark=1515 drop=0
[QUEUE_STATS] t_ms=22800 q_pkts=42 q_bytes=63168 qdelay_l_ms=1.05569 qdelay_c_ms=18.7794 ecn_mark=1515 drop=0
[QUEUE_STATS] t_ms=22816 q_pkts=41 q_bytes=61664 qdelay_l_ms=1.06475 qdelay_c_ms=20.1061 ecn_mark=1515 drop=0
[QUEUE_STATS] t_ms=22832 q_pkts=42 q_bytes=63168 qdelay_l_ms=0.904941 qdelay_c_ms=19.858 ecn_mark=1515 drop=0
[QUEUE_STATS] t_ms=22848 q_pkts=42 q_bytes=63168 qdelay_l_ms=0.883991 qdelay_c_ms=17.8321 ecn_mark=1516 drop=0
[QUEUE_STATS] t_ms=22864 q_pkts=41 q_bytes=61664 qdelay_l_ms=1.04873 qdelay_c_ms=20.3501 ecn_mark=1518 drop=0
[QUEUE_STATS] t_ms=22880 q_pkts=43 q_bytes=64672 qdelay_l_ms=0.930368 qdelay_c_ms=18.8331 ecn_mark=1519 drop=0
[QUEUE_STATS] t_ms=22896 q_pkts=42 q_bytes=63168 qdelay_l_ms=0.935388 qdelay_c_ms=19.1637 ecn_mark=1519 drop=0
[QUEUE_STATS] t_ms=22912 q_pkts=36 q_bytes=54144 qdelay_l_ms=1.09018 qdelay_c_ms=21.0232 ecn_mark=1519 drop=0
[QUEUE_STATS] t_ms=22928 q_pkts=27 q_bytes=40608 qdelay_l_ms=1.05656 qdelay_c_ms=14.7898 ecn_mark=1519 drop=0
[QUEUE_STATS] t_ms=22944 q_pkts=17 q_bytes=25568 qdelay_l_ms=0.645965 qdelay_c_ms=10.9828 ecn_mark=1521 drop=0
[QUEUE_STATS] t_ms=22960 q_pkts=7 q_bytes=10528 qdelay_l_ms=1.09258 qdelay_c_ms=2.81838 ecn_mark=1522 drop=0
[QUEUE_STATS] t_ms=22976 q_pkts=6 q_bytes=9024 qdelay_l_ms=0.879433 qdelay_c_ms=3.0625 ecn_mark=1522 drop=0
[QUEUE_STATS] t_ms=22992 q_pkts=6 q_bytes=9024 qdelay_l_ms=1.06982 qdelay_c_ms=1.83157 ecn_mark=1522 drop=0
[QUEUE_STATS] t_ms=23008 q_pkts=7 q_bytes=10528 qdelay_l_ms=0.914499 qdelay_c_ms=3.10544 ecn_mark=1523 drop=0
[QUEUE_STATS] t_ms=23024 q_pkts=9 q_bytes=13536 qdelay_l_ms=0.881386 qdelay_c_ms=3.90265 ecn_mark=1524 drop=0
[QUEUE_STATS] t_ms=23040 q_pkts=9 q_bytes=13536 qdelay_l_ms=0.655883 qdelay_c_ms=3.93822 ecn_mark=1525 drop=0
[QUEUE_STATS] t_ms=23056 q_pkts=9 q_bytes=13536 qdelay_l_ms=1.06624 qdelay_c_ms=3.19293 ecn_mark=1525 drop=0
[QUEUE_STATS] t_ms=23072 q_pkts=10 q_bytes=15040 qdelay_l_ms=0.880084 qdelay_c_ms=4.96108 ecn_mark=1525 drop=0
[QUEUE_STATS] t_ms=23088 q_pkts=10 q_bytes=15040 qdelay_l_ms=1.07431 qdelay_c_ms=4.1713 ecn_mark=1525 drop=0
[QUEUE_STATS] t_ms=23104 q_pkts=13 q_bytes=19552 qdelay_l_ms=1.0608 qdelay_c_ms=5.00478 ecn_mark=1526 drop=0
[QUEUE_STATS] t_ms=23120 q_pkts=14 q_bytes=21056 qdelay_l_ms=0.836742 qdelay_c_ms=4.80442 ecn_mark=1527 drop=0
[QUEUE_STATS] t_ms=23136 q_pkts=12 q_bytes=18048 qdelay_l_ms=1.07159 qdelay_c_ms=5.30586 ecn_mark=1528 drop=0
[QUEUE_STATS] t_ms=23152 q_pkts=13 q_bytes=19552 qdelay_l_ms=1.10587 qdelay_c_ms=5.013 ecn_mark=1532 drop=0
[QUEUE_STATS] t_ms=23168 q_pkts=15 q_bytes=22560 qdelay_l_ms=0.65988 qdelay_c_ms=5.69628 ecn_mark=1532 drop=0
[QUEUE_STATS] t_ms=23184 q_pkts=14 q_bytes=21056 qdelay_l_ms=1.09459 qdelay_c_ms=6.30345 ecn_mark=1533 drop=0
[QUEUE_STATS] t_ms=23200 q_pkts=13 q_bytes=19552 qdelay_l_ms=0.876137 qdelay_c_ms=5.74383 ecn_mark=1536 drop=0
[QUEUE_STATS] t_ms=23216 q_pkts=15 q_bytes=22560 qdelay_l_ms=1.11631 qdelay_c_ms=6.99997 ecn_mark=1536 drop=0
[QUEUE_STATS] t_ms=23232 q_pkts=13 q_bytes=19552 qdelay_l_ms=0.666613 qdelay_c_ms=5.00262 ecn_mark=1536 drop=0
[QUEUE_STATS] t_ms=23248 q_pkts=16 q_bytes=24064 qdelay_l_ms=0.882769 qdelay_c_ms=5.70966 ecn_mark=1537 drop=0
[QUEUE_STATS] t_ms=23264 q_pkts=15 q_bytes=22560 qdelay_l_ms=0.923786 qdelay_c_ms=6.63112 ecn_mark=1539 drop=0
[QUEUE_STATS] t_ms=23280 q_pkts=13 q_bytes=19552 qdelay_l_ms=0.877078 qdelay_c_ms=7.04197 ecn_mark=1540 drop=0
[QUEUE_STATS] t_ms=23296 q_pkts=13 q_bytes=19552 qdelay_l_ms=0.696288 qdelay_c_ms=5.91834 ecn_mark=1541 drop=0
[QUEUE_STATS] t_ms=23312 q_pkts=16 q_bytes=24064 qdelay_l_ms=1.10488 qdelay_c_ms=6.83829 ecn_mark=1543 drop=0
[QUEUE_STATS] t_ms=23328 q_pkts=16 q_bytes=24064 qdelay_l_ms=1.09543 qdelay_c_ms=6.92615 ecn_mark=1543 drop=0
[QUEUE_STATS] t_ms=23344 q_pkts=15 q_bytes=22560 qdelay_l_ms=1.09 qdelay_c_ms=7.01283 ecn_mark=1545 drop=0
[QUEUE_STATS] t_ms=23360 q_pkts=17 q_bytes=25568 qdelay_l_ms=1.09994 qdelay_c_ms=6.97997 ecn_mark=1548 drop=0
[QUEUE_STATS] t_ms=23376 q_pkts=17 q_bytes=25568 qdelay_l_ms=1.05605 qdelay_c_ms=7.03596 ecn_mark=1551 drop=0
[QUEUE_STATS] t_ms=23392 q_pkts=16 q_bytes=24064 qdelay_l_ms=0.644942 qdelay_c_ms=7.93991 ecn_mark=1552 drop=0
[QUEUE_STATS] t_ms=23408 q_pkts=18 q_bytes=27072 qdelay_l_ms=0.887629 qdelay_c_ms=6.47316 ecn_mark=1552 drop=0
[QUEUE_STATS] t_ms=23424 q_pkts=15 q_bytes=22560 qdelay_l_ms=1.09502 qdelay_c_ms=6.78579 ecn_mark=1555 drop=0
[QUEUE_STATS] t_ms=23440 q_pkts=17 q_bytes=25568 qdelay_l_ms=1.06599 qdelay_c_ms=8.31762 ecn_mark=1557 drop=0
[QUEUE_STATS] t_ms=23456 q_pkts=18 q_bytes=27072 qdelay_l_ms=1.07242 qdelay_c_ms=7.98342 ecn_mark=1557 drop=0
[QUEUE_STATS] t_ms=23472 q_pkts=16 q_bytes=24064 qdelay_l_ms=1.09875 qdelay_c_ms=7.72889 ecn_mark=1557 drop=0
[QUEUE_STATS] t_ms=23488 q_pkts=17 q_bytes=25568 qdelay_l_ms=1.11721 qdelay_c_ms=7.93284 ecn_mark=1559 drop=0
[QUEUE_STATS] t_ms=23504 q_pkts=20 q_bytes=30080 qdelay_l_ms=0.885694 qdelay_c_ms=7.96975 ecn_mark=1560 drop=0
[QUEUE_STATS] t_ms=23520 q_pkts=19 q_bytes=28576 qdelay_l_ms=0.914589 qdelay_c_ms=8.96472 ecn_mark=1562 drop=0
[QUEUE_STATS] t_ms=23536 q_pkts=18 q_bytes=27072 qdelay_l_ms=1.05325 qdelay_c_ms=9.03239 ecn_mark=1562 drop=0
[QUEUE_STATS] t_ms=23552 q_pkts=21 q_bytes=31584 qdelay_l_ms=1.0664 qdelay_c_ms=7.71983 ecn_mark=1562 drop=0
[QUEUE_STATS] t_ms=23568 q_pkts=21 q_bytes=31584 qdelay_l_ms=1.1113 qdelay_c_ms=10.1027 ecn_mark=1563 drop=0
[QUEUE_STATS] t_ms=23584 q_pkts=18 q_bytes=27072 qdelay_l_ms=0.683595 qdelay_c_ms=8.91518 ecn_mark=1563 drop=0
[QUEUE_STATS] t_ms=23600 q_pkts=23 q_bytes=34592 qdelay_l_ms=1.12072 qdelay_c_ms=9.05724 ecn_mark=1563 drop=0
[QUEUE_STATS] t_ms=23616 q_pkts=18 q_bytes=27072 qdelay_l_ms=0.054212 qdelay_c_ms=8.80888 ecn_mark=1563 drop=0
[QUEUE_STATS] t_ms=23632 q_pkts=22 q_bytes=33088 qdelay_l_ms=1.11091 qdelay_c_ms=9.03192 ecn_mark=1563 drop=0
[QUEUE_STATS] t_ms=23648 q_pkts=21 q_bytes=31584 qdelay_l_ms=1.03194 qdelay_c_ms=10.0175 ecn_mark=1564 drop=0
[QUEUE_STATS] t_ms=23664 q_pkts=20 q_bytes=30080 qdelay_l_ms=0.708712 qdelay_c_ms=10.9471 ecn_mark=1564 drop=0
[QUEUE_STATS] t_ms=23680 q_pkts=23 q_bytes=34592 qdelay_l_ms=1.09216 qdelay_c_ms=9.87883 ecn_mark=1565 drop=0
[QUEUE_STATS] t_ms=23696 q_pkts=24 q_bytes=36096 qdelay_l_ms=0.875315 qdelay_c_ms=10.9355 ecn_mark=1565 drop=0
[QUEUE_STATS] t_ms=23712 q_pkts=23 q_bytes=34592 qdelay_l_ms=0.831342 qdelay_c_ms=10.8536 ecn_mark=1566 drop=0
[QUEUE_STATS] t_ms=23728 q_pkts=24 q_bytes=36096 qdelay_l_ms=1.03462 qdelay_c_ms=8.92707 ecn_mark=1569 drop=0
[QUEUE_STATS] t_ms=23744 q_pkts=27 q_bytes=40608 qdelay_l_ms=0.871418 qdelay_c_ms=11.2233 ecn_mark=1569 drop=0
[QUEUE_STATS] t_ms=23760 q_pkts=22 q_bytes=33088 qdelay_l_ms=0.876196 qdelay_c_ms=10.6841 ecn_mark=1569 drop=0
[QUEUE_STATS] t_ms=23776 q_pkts=25 q_bytes=37600 qdelay_l_ms=1.07343 qdelay_c_ms=10.1072 ecn_mark=1569 drop=0
[QUEUE_STATS] t_ms=23792 q_pkts=27 q_bytes=40608 qdelay_l_ms=1.02098 qdelay_c_ms=12.2097 ecn_mark=1570 drop=0
[QUEUE_STATS] t_ms=23808 q_pkts=26 q_bytes=39104 qdelay_l_ms=1.00995 qdelay_c_ms=12.4521 ecn_mark=1571 drop=0
[QUEUE_STATS] t_ms=23824 q_pkts=27 q_bytes=40608 qdelay_l_ms=0.875565 qdelay_c_ms=11.9891 ecn_mark=1571 drop=0
[QUEUE_STATS] t_ms=23840 q_pkts=26 q_bytes=39104 qdelay_l_ms=0.858433 qdelay_c_ms=13.0837 ecn_mark=1573 drop=0
[QUEUE_STATS] t_ms=23856 q_pkts=27 q_bytes=40608 qdelay_l_ms=1.02286 qdelay_c_ms=12.055 ecn_mark=1575 drop=0
[QUEUE_STATS] t_ms=23872 q_pkts=26 q_bytes=39104 qdelay_l_ms=0.906584 qdelay_c_ms=12.6524 ecn_mark=1575 drop=0
[QUEUE_STATS] t_ms=23888 q_pkts=29 q_bytes=43616 qdelay_l_ms=0.842503 qdelay_c_ms=12.8703 ecn_mark=1576 drop=0
[QUEUE_STATS] t_ms=23904 q_pkts=27 q_bytes=40608 qdelay_l_ms=1.09259 qdelay_c_ms=12.5321 ecn_mark=1579 drop=0
[QUEUE_STATS] t_ms=23920 q_pkts=27 q_bytes=40608 qdelay_l_ms=0.85679 qdelay_c_ms=12.8155 ecn_mark=1581 drop=0
[QUEUE_STATS] t_ms=23936 q_pkts=30 q_bytes=45120 qdelay_l_ms=0.884383 qdelay_c_ms=13.9896 ecn_mark=1583 drop=0
[QUEUE_STATS] t_ms=23952 q_pkts=28 q_bytes=42112 qdelay_l_ms=1.1031 qdelay_c_ms=12.9228 ecn_mark=1584 drop=0
[QUEUE_STATS] t_ms=23968 q_pkts=29 q_bytes=43616 qdelay_l_ms=1.09839 qdelay_c_ms=15.1428 ecn_mark=1585 drop=0
[QUEUE_STATS] t_ms=23984 q_pkts=31 q_bytes=46624 qdelay_l_ms=1.10728 qdelay_c_ms=13.1784 ecn_mark=1586 drop=0
[QUEUE_STATS] t_ms=24000 q_pkts=28 q_bytes=42112 qdelay_l_ms=1.06147 qdelay_c_ms=12.8845 ecn_mark=1588 drop=0
[QUEUE_STATS] t_ms=24016 q_pkts=29 q_bytes=43616 qdelay_l_ms=0.644632 qdelay_c_ms=13.7573 ecn_mark=1588 drop=0
[QUEUE_STATS] t_ms=24032 q_pkts=31 q_bytes=46624 qdelay_l_ms=0.828107 qdelay_c_ms=11.91 ecn_mark=1589 drop=0
[QUEUE_STATS] t_ms=24048 q_pkts=29 q_bytes=43616 qdelay_l_ms=1.00866 qdelay_c_ms=14.062 ecn_mark=1590 drop=0
[QUEUE_STATS] t_ms=24064 q_pkts=29 q_bytes=43616 qdelay_l_ms=1.06082 qdelay_c_ms=14.2925 ecn_mark=1591 drop=0
[QUEUE_STATS] t_ms=24080 q_pkts=31 q_bytes=46624 qdelay_l_ms=0.825742 qdelay_c_ms=12.8639 ecn_mark=1592 drop=0
[QUEUE_STATS] t_ms=24096 q_pkts=29 q_bytes=43616 qdelay_l_ms=0.878531 qdelay_c_ms=14.7687 ecn_mark=1593 drop=0
[QUEUE_STATS] t_ms=24112 q_pkts=30 q_bytes=45120 qdelay_l_ms=1.05225 qdelay_c_ms=15.1084 ecn_mark=1594 drop=0
[QUEUE_STATS] t_ms=24128 q_pkts=32 q_bytes=48128 qdelay_l_ms=1.12185 qdelay_c_ms=13.03 ecn_mark=1594 drop=0
[QUEUE_STATS] t_ms=24144 q_pkts=31 q_bytes=46624 qdelay_l_ms=0.688504 qdelay_c_ms=13.9794 ecn_mark=1595 drop=0
[QUEUE_STATS] t_ms=24160 q_pkts=33 q_bytes=49632 qdelay_l_ms=1.10996 qdelay_c_ms=13.9593 ecn_mark=1595 drop=0
[QUEUE_STATS] t_ms=24176 q_pkts=33 q_bytes=49632 qdelay_l_ms=1.1057 qdelay_c_ms=14.9453 ecn_mark=1597 drop=0
[QUEUE_STATS] t_ms=24192 q_pkts=28 q_bytes=42112 qdelay_l_ms=0.88845 qdelay_c_ms=13.868 ecn_mark=1598 drop=0
[QUEUE_STATS] t_ms=24208 q_pkts=31 q_bytes=46624 qdelay_l_ms=1.0888 qdelay_c_ms=14.2598 ecn_mark=1599 drop=0
[QUEUE_STATS] t_ms=24224 q_pkts=32 q_bytes=48128 qdelay_l_ms=1.11482 qdelay_c_ms=14.6484 ecn_mark=1599 drop=0
[QUEUE_STATS] t_ms=24240 q_pkts=32 q_bytes=48128 qdelay_l_ms=0.885975 qdelay_c_ms=13.7573 ecn_mark=1599 drop=0
[QUEUE_STATS] t_ms=24256 q_pkts=32 q_bytes=48128 qdelay_l_ms=0.648549 qdelay_c_ms=15.1839 ecn_mark=1601 drop=0
[QUEUE_STATS] t_ms=24272 q_pkts=33 q_bytes=49632 qdelay_l_ms=1.05363 qdelay_c_ms=15.2514 ecn_mark=1602 drop=0
[QUEUE_STATS] t_ms=24288 q_pkts=33 q_bytes=49632 qdelay_l_ms=1.0479 qdelay_c_ms=15.8721 ecn_mark=1603 drop=0
[QUEUE_STATS] t_ms=24304 q_pkts=31 q_bytes=46624 qdelay_l_ms=1.06578 qdelay_c_ms=15.0551 ecn_mark=1604 drop=0
[QUEUE_STATS] t_ms=24320 q_pkts=33 q_bytes=49632 qdelay_l_ms=1.09146 qdelay_c_ms=15.2231 ecn_mark=1604 drop=0
[QUEUE_STATS] t_ms=24336 q_pkts=33 q_bytes=49632 qdelay_l_ms=1.10526 qdelay_c_ms=15.8822 ecn_mark=1605 drop=0
[QUEUE_STATS] t_ms=24352 q_pkts=32 q_bytes=48128 qdelay_l_ms=1.08833 qdelay_c_ms=15.8355 ecn_mark=1607 drop=0
[QUEUE_STATS] t_ms=24368 q_pkts=33 q_bytes=49632 qdelay_l_ms=1.10697 qdelay_c_ms=14.8629 ecn_mark=1607 drop=0
[QUEUE_STATS] t_ms=24384 q_pkts=35 q_bytes=52640 qdelay_l_ms=1.0591 qdelay_c_ms=16.2143 ecn_mark=1607 drop=0
[QUEUE_STATS] t_ms=24400 q_pkts=32 q_bytes=48128 qdelay_l_ms=0.887758 qdelay_c_ms=14.6701 ecn_mark=1609 drop=0
[QUEUE_STATS] t_ms=24416 q_pkts=34 q_bytes=51136 qdelay_l_ms=1.05622 qdelay_c_ms=16.4594 ecn_mark=1611 drop=0
[QUEUE_STATS] t_ms=24432 q_pkts=34 q_bytes=51136 qdelay_l_ms=1.09071 qdelay_c_ms=15.4753 ecn_mark=1612 drop=0
[QUEUE_STATS] t_ms=24448 q_pkts=33 q_bytes=49632 qdelay_l_ms=0.860056 qdelay_c_ms=14.9487 ecn_mark=1612 drop=0
[QUEUE_STATS] t_ms=24464 q_pkts=33 q_bytes=49632 qdelay_l_ms=1.05855 qdelay_c_ms=17.1979 ecn_mark=1612 drop=0
[QUEUE_STATS] t_ms=24480 q_pkts=36 q_bytes=54144 qdelay_l_ms=1.02994 qdelay_c_ms=14.6073 ecn_mark=1613 drop=0
[QUEUE_STATS] t_ms=24496 q_pkts=35 q_bytes=52640 qdelay_l_ms=1.11511 qdelay_c_ms=17.2072 ecn_mark=1614 drop=0
[QUEUE_STATS] t_ms=24512 q_pkts=35 q_bytes=52640 qdelay_l_ms=0.891575 qdelay_c_ms=17.8545 ecn_mark=1614 drop=0
[QUEUE_STATS] t_ms=24528 q_pkts=35 q_bytes=52640 qdelay_l_ms=0.876056 qdelay_c_ms=15.8312 ecn_mark=1614 drop=0
[QUEUE_STATS] t_ms=24544 q_pkts=34 q_bytes=51136 qdelay_l_ms=1.1112 qdelay_c_ms=17.1977 ecn_mark=1614 drop=0
[QUEUE_STATS] t_ms=24560 q_pkts=35 q_bytes=52640 qdelay_l_ms=1.09054 qdelay_c_ms=18.1303 ecn_mark=1616 drop=0
[QUEUE_STATS] t_ms=24576 q_pkts=37 q_bytes=55648 qdelay_l_ms=1.02612 qdelay_c_ms=15.8898 ecn_mark=1617 drop=0
[QUEUE_STATS] t_ms=24592 q_pkts=36 q_bytes=54144 qdelay_l_ms=0.876377 qdelay_c_ms=17.8942 ecn_mark=1617 drop=0
[QUEUE_STATS] t_ms=24608 q_pkts=38 q_bytes=57152 qdelay_l_ms=0.83013 qdelay_c_ms=17.5562 ecn_mark=1618 drop=0
[QUEUE_STATS] t_ms=24624 q_pkts=37 q_bytes=55648 qdelay_l_ms=0.666272 qdelay_c_ms=16.8275 ecn_mark=1619 drop=0
[QUEUE_STATS] t_ms=24640 q_pkts=37 q_bytes=55648 qdelay_l_ms=1.07013 qdelay_c_ms=16.9893 ecn_mark=1620 drop=0
[QUEUE_STATS] t_ms=24656 q_pkts=39 q_bytes=58656 qdelay_l_ms=1.11847 qdelay_c_ms=16.8464 ecn_mark=1621 drop=0
[QUEUE_STATS] t_ms=24672 q_pkts=38 q_bytes=57152 qdelay_l_ms=1.07058 qdelay_c_ms=17.9763 ecn_mark=1621 drop=0
[QUEUE_STATS] t_ms=24688 q_pkts=37 q_bytes=55648 qdelay_l_ms=0.876768 qdelay_c_ms=16.8405 ecn_mark=1622 drop=0
[QUEUE_STATS] t_ms=24704 q_pkts=38 q_bytes=57152 qdelay_l_ms=1.01856 qdelay_c_ms=16.9226 ecn_mark=1622 drop=0
[QUEUE_STATS] t_ms=24720 q_pkts=38 q_bytes=57152 qdelay_l_ms=1.07626 qdelay_c_ms=18.1455 ecn_mark=1624 drop=0
[QUEUE_STATS] t_ms=24736 q_pkts=37 q_bytes=55648 qdelay_l_ms=0.881908 qdelay_c_ms=17.8152 ecn_mark=1625 drop=0
[QUEUE_STATS] t_ms=24752 q_pkts=38 q_bytes=57152 qdelay_l_ms=0.879222 qdelay_c_ms=17.9876 ecn_mark=1627 drop=0
[QUEUE_STATS] t_ms=24768 q_pkts=37 q_bytes=55648 qdelay_l_ms=0.885213 qdelay_c_ms=17.7338 ecn_mark=1628 drop=0
[QUEUE_STATS] t_ms=24784 q_pkts=38 q_bytes=57152 qdelay_l_ms=0.871227 qdelay_c_ms=17.9076 ecn_mark=1630 drop=0
[QUEUE_STATS] t_ms=24800 q_pkts=39 q_bytes=58656 qdelay_l_ms=1.05473 qdelay_c_ms=19.2914 ecn_mark=1630 drop=0
[QUEUE_STATS] t_ms=24816 q_pkts=39 q_bytes=58656 qdelay_l_ms=0.876938 qdelay_c_ms=17.9566 ecn_mark=1632 drop=0
[QUEUE_STATS] t_ms=24832 q_pkts=37 q_bytes=55648 qdelay_l_ms=0.642638 qdelay_c_ms=18.9272 ecn_mark=1632 drop=0
[QUEUE_STATS] t_ms=24848 q_pkts=39 q_bytes=58656 qdelay_l_ms=1.10312 qdelay_c_ms=18.1447 ecn_mark=1632 drop=0
[QUEUE_STATS] t_ms=24864 q_pkts=38 q_bytes=57152 qdelay_l_ms=1.10126 qdelay_c_ms=19.0202 ecn_mark=1632 drop=0
[QUEUE_STATS] t_ms=24880 q_pkts=38 q_bytes=57152 qdelay_l_ms=0.865547 qdelay_c_ms=17.6249 ecn_mark=1634 drop=0
[QUEUE_STATS] t_ms=24896 q_pkts=40 q_bytes=60160 qdelay_l_ms=0.868432 qdelay_c_ms=19.1668 ecn_mark=1634 drop=0
[QUEUE_STATS] t_ms=24912 q_pkts=40 q_bytes=60160 qdelay_l_ms=0.886537 qdelay_c_ms=18.8476 ecn_mark=1635 drop=0
[QUEUE_STATS] t_ms=24928 q_pkts=40 q_bytes=60160 qdelay_l_ms=1.00713 qdelay_c_ms=19.632 ecn_mark=1638 drop=0
[QUEUE_STATS] t_ms=24944 q_pkts=40 q_bytes=60160 qdelay_l_ms=0.868161 qdelay_c_ms=19.896 ecn_mark=1638 drop=0
[QUEUE_STATS] t_ms=24960 q_pkts=40 q_bytes=60160 qdelay_l_ms=1.0914 qdelay_c_ms=19.1549 ecn_mark=1641 drop=0
[QUEUE_STATS] t_ms=24976 q_pkts=39 q_bytes=58656 qdelay_l_ms=0.870867 qdelay_c_ms=19.8523 ecn_mark=1641 drop=0
[QUEUE_STATS] t_ms=24992 q_pkts=40 q_bytes=60160 qdelay_l_ms=1.07177 qdelay_c_ms=19.0501 ecn_mark=1641 drop=0
[QUEUE_STATS] t_ms=25008 q_pkts=41 q_bytes=61664 qdelay_l_ms=1.10689 qdelay_c_ms=18.8942 ecn_mark=1641 drop=0
[QUEUE_STATS] t_ms=25024 q_pkts=40 q_bytes=60160 qdelay_l_ms=0.989399 qdelay_c_ms=18.9856 ecn_mark=1642 drop=0
[QUEUE_STATS] t_ms=25040 q_pkts=42 q_bytes=63168 qdelay_l_ms=0.866678 qdelay_c_ms=20.95 ecn_mark=1642 drop=0
[QUEUE_STATS] t_ms=25056 q_pkts=42 q_bytes=63168 qdelay_l_ms=1.0778 qdelay_c_ms=18.6927 ecn_mark=1646 drop=0
[QUEUE_STATS] t_ms=25072 q_pkts=42 q_bytes=63168 qdelay_l_ms=1.08514 qdelay_c_ms=19.7494 ecn_mark=1647 drop=0
[QUEUE_STATS] t_ms=25088 q_pkts=41 q_bytes=61664 qdelay_l_ms=0.668917 qdelay_c_ms=20.8095 ecn_mark=1647 drop=0
[QUEUE_STATS] t_ms=25104 q_pkts=41 q_bytes=61664 qdelay_l_ms=1.0793 qdelay_c_ms=20.2251 ecn_mark=1652 drop=0
[QUEUE_STATS] t_ms=25120 q_pkts=41 q_bytes=61664 qdelay_l_ms=1.06553 qdelay_c_ms=19.9738 ecn_mark=1652 drop=0
[QUEUE_STATS] t_ms=25136 q_pkts=42 q_bytes=63168 qdelay_l_ms=1.07188 qdelay_c_ms=20.9536 ecn_mark=1653 drop=0
[QUEUE_STATS] t_ms=25152 q_pkts=40 q_bytes=60160 qdelay_l_ms=1.11138 qdelay_c_ms=17.0719 ecn_mark=1653 drop=0
[QUEUE_STATS] t_ms=25168 q_pkts=40 q_bytes=60160 qdelay_l_ms=1.09965 qdelay_c_ms=20.1413 ecn_mark=1654 drop=0
[QUEUE_STATS] t_ms=25184 q_pkts=42 q_bytes=63168 qdelay_l_ms=0.860467 qdelay_c_ms=20.0695 ecn_mark=1654 drop=0
[QUEUE_STATS] t_ms=25200 q_pkts=44 q_bytes=66176 qdelay_l_ms=0.869995 qdelay_c_ms=18.8307 ecn_mark=1656 drop=0
[QUEUE_STATS] t_ms=25216 q_pkts=41 q_bytes=61664 qdelay_l_ms=1.06623 qdelay_c_ms=20.923 ecn_mark=1657 drop=0
[QUEUE_STATS] t_ms=25232 q_pkts=43 q_bytes=64672 qdelay_l_ms=1.06 qdelay_c_ms=21.0489 ecn_mark=1657 drop=0
[QUEUE_STATS] t_ms=25248 q_pkts=44 q_bytes=66176 qdelay_l_ms=1.10391 qdelay_c_ms=21.1269 ecn_mark=1658 drop=0
[QUEUE_STATS] t_ms=25264 q_pkts=41 q_bytes=61664 qdelay_l_ms=1.04339 qdelay_c_ms=20.2246 ecn_mark=1660 drop=0
[QUEUE_STATS] t_ms=25280 q_pkts=44 q_bytes=66176 qdelay_l_ms=1.12412 qdelay_c_ms=21.0047 ecn_mark=1660 drop=0
[QUEUE_STATS] t_ms=25296 q_pkts=44 q_bytes=66176 qdelay_l_ms=1.10394 qdelay_c_ms=21.0067 ecn_mark=1661 drop=0
[QUEUE_STATS] t_ms=25312 q_pkts=42 q_bytes=63168 qdelay_l_ms=0.639783 qdelay_c_ms=20.8208 ecn_mark=1661 drop=0
[QUEUE_STATS] t_ms=25328 q_pkts=44 q_bytes=66176 qdelay_l_ms=1.08762 qdelay_c_ms=22.4492 ecn_mark=1662 drop=0
[QUEUE_STATS] t_ms=25344 q_pkts=45 q_bytes=67680 qdelay_l_ms=1.10914 qdelay_c_ms=20.9453 ecn_mark=1663 drop=0
[QUEUE_STATS] t_ms=25360 q_pkts=43 q_bytes=64672 qdelay_l_ms=1.05873 qdelay_c_ms=21.0766 ecn_mark=1663 drop=0
[QUEUE_STATS] t_ms=25376 q_pkts=44 q_bytes=66176 qdelay_l_ms=0.848294 qdelay_c_ms=20.8367 ecn_mark=1663 drop=0
[QUEUE_STATS] t_ms=25392 q_pkts=44 q_bytes=66176 qdelay_l_ms=1.02659 qdelay_c_ms=20.6874 ecn_mark=1665 drop=0
[QUEUE_STATS] t_ms=25408 q_pkts=43 q_bytes=64672 qdelay_l_ms=1.08071 qdelay_c_ms=20.8926 ecn_mark=1667 drop=0
[QUEUE_STATS] t_ms=25424 q_pkts=43 q_bytes=64672 qdelay_l_ms=0.996032 qdelay_c_ms=20.1866 ecn_mark=1668 drop=0
[QUEUE_STATS] t_ms=25440 q_pkts=44 q_bytes=66176 qdelay_l_ms=1.09912 qdelay_c_ms=20.9488 ecn_mark=1668 drop=0
[QUEUE_STATS] t_ms=25456 q_pkts=45 q_bytes=67680 qdelay_l_ms=1.1096 qdelay_c_ms=22.3261 ecn_mark=1668 drop=0
[QUEUE_STATS] t_ms=25472 q_pkts=45 q_bytes=67680 qdelay_l_ms=1.00168 qdelay_c_ms=20.9495 ecn_mark=1668 drop=0
[QUEUE_STATS] t_ms=25488 q_pkts=45 q_bytes=67680 qdelay_l_ms=1.07716 qdelay_c_ms=22.989 ecn_mark=1668 drop=0
[QUEUE_STATS] t_ms=25504 q_pkts=46 q_bytes=69184 qdelay_l_ms=0.848255 qdelay_c_ms=20.7969 ecn_mark=1668 drop=0
[QUEUE_STATS] t_ms=25520 q_pkts=45 q_bytes=67680 qdelay_l_ms=1.04337 qdelay_c_ms=22.2558 ecn_mark=1668 drop=0
[QUEUE_STATS] t_ms=25536 q_pkts=47 q_bytes=70688 qdelay_l_ms=1.07171 qdelay_c_ms=23.711 ecn_mark=1669 drop=0
[QUEUE_STATS] t_ms=25552 q_pkts=46 q_bytes=69184 qdelay_l_ms=1.06196 qdelay_c_ms=20.9657 ecn_mark=1669 drop=0
[QUEUE_STATS] t_ms=25568 q_pkts=48 q_bytes=72192 qdelay_l_ms=0.812837 qdelay_c_ms=23.8284 ecn_mark=1669 drop=0
[QUEUE_STATS] t_ms=25584 q_pkts=46 q_bytes=69184 qdelay_l_ms=1.04884 qdelay_c_ms=24.2285 ecn_mark=1669 drop=0
[QUEUE_STATS] t_ms=25600 q_pkts=46 q_bytes=69184 qdelay_l_ms=1.10696 qdelay_c_ms=20.9269 ecn_mark=1670 drop=0
[QUEUE_STATS] t_ms=25616 q_pkts=47 q_bytes=70688 qdelay_l_ms=1.04726 qdelay_c_ms=25.0946 ecn_mark=1671 drop=0
[QUEUE_STATS] t_ms=25632 q_pkts=49 q_bytes=73696 qdelay_l_ms=0.764066 qdelay_c_ms=24.6901 ecn_mark=1672 drop=0
[QUEUE_STATS] t_ms=25648 q_pkts=46 q_bytes=69184 qdelay_l_ms=1.08191 qdelay_c_ms=22.0694 ecn_mark=1672 drop=0
[QUEUE_STATS] t_ms=25664 q_pkts=48 q_bytes=72192 qdelay_l_ms=0.577356 qdelay_c_ms=24.7509 ecn_mark=1675 drop=0
[QUEUE_STATS] t_ms=25680 q_pkts=38 q_bytes=57152 qdelay_l_ms=1.07535 qdelay_c_ms=23.2345 ecn_mark=1675 drop=0
[QUEUE_STATS] t_ms=25696 q_pkts=28 q_bytes=42112 qdelay_l_ms=1.07811 qdelay_c_ms=20.7306 ecn_mark=1676 drop=0
[QUEUE_STATS] t_ms=25712 q_pkts=19 q_bytes=28576 qdelay_l_ms=0.812497 qdelay_c_ms=13.6769 ecn_mark=1676 drop=0
[QUEUE_STATS] t_ms=25728 q_pkts=9 q_bytes=13536 qdelay_l_ms=1.11039 qdelay_c_ms=4.9074 ecn_mark=1678 drop=0
[QUEUE_STATS] t_ms=25744 q_pkts=10 q_bytes=15040 qdelay_l_ms=1.07107 qdelay_c_ms=3.92872 ecn_mark=1678 drop=0
[QUEUE_STATS] t_ms=25760 q_pkts=12 q_bytes=18048 qdelay_l_ms=1.11547 qdelay_c_ms=5.89158 ecn_mark=1679 drop=0
[QUEUE_STATS] t_ms=25776 q_pkts=11 q_bytes=16544 qdelay_l_ms=0.940858 qdelay_c_ms=4.96784 ecn_mark=1679 drop=0
[QUEUE_STATS] t_ms=25792 q_pkts=8 q_bytes=12032 qdelay_l_ms=0.842854 qdelay_c_ms=4.61462 ecn_mark=1680 drop=0
[QUEUE_STATS] t_ms=25808 q_pkts=14 q_bytes=21056 qdelay_l_ms=1.09279 qdelay_c_ms=5.76509 ecn_mark=1682 drop=0
[QUEUE_STATS] t_ms=25824 q_pkts=10 q_bytes=15040 qdelay_l_ms=0.908297 qdelay_c_ms=4.96771 ecn_mark=1683 drop=0
[QUEUE_STATS] t_ms=25840 q_pkts=11 q_bytes=16544 qdelay_l_ms=0.94214 qdelay_c_ms=4.95816 ecn_mark=1683 drop=0
[QUEUE_STATS] t_ms=25856 q_pkts=13 q_bytes=19552 qdelay_l_ms=1.11805 qdelay_c_ms=5.9368 ecn_mark=1683 drop=0
[QUEUE_STATS] t_ms=25872 q_pkts=14 q_bytes=21056 qdelay_l_ms=1.05275 qdelay_c_ms=5.95743 ecn_mark=1687 drop=0
[QUEUE_STATS] t_ms=25888 q_pkts=12 q_bytes=18048 qdelay_l_ms=0.852713 qdelay_c_ms=6.93924 ecn_mark=1687 drop=0
[QUEUE_STATS] t_ms=25904 q_pkts=13 q_bytes=19552 qdelay_l_ms=1.02689 qdelay_c_ms=7.20338 ecn_mark=1687 drop=0
[QUEUE_STATS] t_ms=25920 q_pkts=14 q_bytes=21056 qdelay_l_ms=0.602903 qdelay_c_ms=6.89006 ecn_mark=1689 drop=0
[QUEUE_STATS] t_ms=25936 q_pkts=14 q_bytes=21056 qdelay_l_ms=0.823468 qdelay_c_ms=7.06349 ecn_mark=1689 drop=0
[QUEUE_STATS] t_ms=25952 q_pkts=16 q_bytes=24064 qdelay_l_ms=1.09558 qdelay_c_ms=6.93467 ecn_mark=1689 drop=0
[QUEUE_STATS] t_ms=25968 q_pkts=14 q_bytes=21056 qdelay_l_ms=1.04607 qdelay_c_ms=7.04838 ecn_mark=1690 drop=0
[QUEUE_STATS] t_ms=25984 q_pkts=16 q_bytes=24064 qdelay_l_ms=1.01078 qdelay_c_ms=7.19699 ecn_mark=1690 drop=0
[QUEUE_STATS] t_ms=26000 q_pkts=17 q_bytes=25568 qdelay_l_ms=0.817006 qdelay_c_ms=7.01307 ecn_mark=1691 drop=0
[QUEUE_STATS] t_ms=26016 q_pkts=14 q_bytes=21056 qdelay_l_ms=1.09478 qdelay_c_ms=7.21447 ecn_mark=1694 drop=0
[QUEUE_STATS] t_ms=26032 q_pkts=16 q_bytes=24064 qdelay_l_ms=0.832505 qdelay_c_ms=6.90911 ecn_mark=1695 drop=0
[QUEUE_STATS] t_ms=26048 q_pkts=17 q_bytes=25568 qdelay_l_ms=1.04263 qdelay_c_ms=7.10595 ecn_mark=1696 drop=0
[QUEUE_STATS] t_ms=26064 q_pkts=17 q_bytes=25568 qdelay_l_ms=1.08159 qdelay_c_ms=9.00117 ecn_mark=1697 drop=0
[QUEUE_STATS] t_ms=26080 q_pkts=17 q_bytes=25568 qdelay_l_ms=0.940307 qdelay_c_ms=7.76539 ecn_mark=1697 drop=0
[QUEUE_STATS] t_ms=26096 q_pkts=16 q_bytes=24064 qdelay_l_ms=1.09729 qdelay_c_ms=6.96859 ecn_mark=1698 drop=0
[QUEUE_STATS] t_ms=26112 q_pkts=15 q_bytes=22560 qdelay_l_ms=1.07225 qdelay_c_ms=7.88896 ecn_mark=1699 drop=0
[QUEUE_STATS] t_ms=26128 q_pkts=18 q_bytes=27072 qdelay_l_ms=0.908127 qdelay_c_ms=6.9619 ecn_mark=1700 drop=0
[QUEUE_STATS] t_ms=26144 q_pkts=18 q_bytes=27072 qdelay_l_ms=1.11563 qdelay_c_ms=9.01809 ecn_mark=1703 drop=0
[QUEUE_STATS] t_ms=26160 q_pkts=17 q_bytes=25568 qdelay_l_ms=1.07552 qdelay_c_ms=9.10116 ecn_mark=1703 drop=0
[QUEUE_STATS] t_ms=26176 q_pkts=18 q_bytes=27072 qdelay_l_ms=1.03322 qdelay_c_ms=9.24304 ecn_mark=1703 drop=0
[QUEUE_STATS] t_ms=26192 q_pkts=18 q_bytes=27072 qdelay_l_ms=1.0895 qdelay_c_ms=8.96934 ecn_mark=1705 drop=0
[QUEUE_STATS] t_ms=26208 q_pkts=18 q_bytes=27072 qdelay_l_ms=1.01478 qdelay_c_ms=8.02928 ecn_mark=1707 drop=0
[QUEUE_STATS] t_ms=26224 q_pkts=20 q_bytes=30080 qdelay_l_ms=0.829259 qdelay_c_ms=7.95863 ecn_mark=1709 drop=0
[QUEUE_STATS] t_ms=26240 q_pkts=20 q_bytes=30080 qdelay_l_ms=0.901434 qdelay_c_ms=11.0003 ecn_mark=1709 drop=0
[QUEUE_STATS] t_ms=26256 q_pkts=15 q_bytes=22560 qdelay_l_ms=0.813939 qdelay_c_ms=10.7203 ecn_mark=1710 drop=0
[QUEUE_STATS] t_ms=26272 q_pkts=6 q_bytes=9024 qdelay_l_ms=1.08793 qdelay_c_ms=2.53425 ecn_mark=1712 drop=0
[QUEUE_STATS] t_ms=26288 q_pkts=5 q_bytes=7520 qdelay_l_ms=1.07548 qdelay_c_ms=2.17812 ecn_mark=1712 drop=0
[QUEUE_STATS] t_ms=26304 q_pkts=4 q_bytes=6016 qdelay_l_ms=0.882819 qdelay_c_ms=2.91885 ecn_mark=1714 drop=0
[QUEUE_STATS] t_ms=26320 q_pkts=5 q_bytes=7520 qdelay_l_ms=1.00381 qdelay_c_ms=2.13736 ecn_mark=1714 drop=0
[QUEUE_STATS] t_ms=26336 q_pkts=3 q_bytes=4512 qdelay_l_ms=0.898859 qdelay_c_ms=0 ecn_mark=1715 drop=0
[QUEUE_STATS] t_ms=26352 q_pkts=4 q_bytes=6016 qdelay_l_ms=0.880896 qdelay_c_ms=0.875385 ecn_mark=1716 drop=0
[QUEUE_STATS] t_ms=26368 q_pkts=4 q_bytes=6016 qdelay_l_ms=1.05195 qdelay_c_ms=1.06016 ecn_mark=1717 drop=0
[QUEUE_STATS] t_ms=26384 q_pkts=5 q_bytes=7520 qdelay_l_ms=1.07227 qdelay_c_ms=1.10358 ecn_mark=1717 drop=0
[QUEUE_STATS] t_ms=26400 q_pkts=4 q_bytes=6016 qdelay_l_ms=1.083 qdelay_c_ms=1.10957 ecn_mark=1717 drop=0
[QUEUE_STATS] t_ms=26416 q_pkts=3 q_bytes=4512 qdelay_l_ms=1.08028 qdelay_c_ms=2.12662 ecn_mark=1717 drop=0
[QUEUE_STATS] t_ms=26432 q_pkts=9 q_bytes=13536 qdelay_l_ms=1.11915 qdelay_c_ms=1.91667 ecn_mark=1718 drop=0
[QUEUE_STATS] t_ms=26448 q_pkts=7 q_bytes=10528 qdelay_l_ms=1.02173 qdelay_c_ms=2.12838 ecn_mark=1718 drop=0
[QUEUE_STATS] t_ms=26464 q_pkts=5 q_bytes=7520 qdelay_l_ms=0.824088 qdelay_c_ms=0.819139 ecn_mark=1720 drop=0
[QUEUE_STATS] t_ms=26480 q_pkts=6 q_bytes=9024 qdelay_l_ms=0.883611 qdelay_c_ms=2.02229 ecn_mark=1721 drop=0
[QUEUE_STATS] t_ms=26496 q_pkts=3 q_bytes=4512 qdelay_l_ms=1.09756 qdelay_c_ms=1.73366 ecn_mark=1721 drop=0
[QUEUE_STATS] t_ms=26512 q_pkts=5 q_bytes=7520 qdelay_l_ms=0.884603 qdelay_c_ms=0.879463 ecn_mark=1722 drop=0
[QUEUE_STATS] t_ms=26528 q_pkts=7 q_bytes=10528 qdelay_l_ms=1.0722 qdelay_c_ms=3.08857 ecn_mark=1723 drop=0
[QUEUE_STATS] t_ms=26544 q_pkts=5 q_bytes=7520 qdelay_l_ms=1.08428 qdelay_c_ms=3.28092 ecn_mark=1727 drop=0
[QUEUE_STATS] t_ms=26560 q_pkts=4 q_bytes=6016 qdelay_l_ms=0.871367 qdelay_c_ms=0.866618 ecn_mark=1727 drop=0
[QUEUE_STATS] t_ms=26576 q_pkts=5 q_bytes=7520 qdelay_l_ms=0.886446 qdelay_c_ms=0.881487 ecn_mark=1727 drop=0
[QUEUE_STATS] t_ms=26592 q_pkts=4 q_bytes=6016 qdelay_l_ms=1.01331 qdelay_c_ms=2.12081 ecn_mark=1729 drop=0
[QUEUE_STATS] t_ms=26608 q_pkts=4 q_bytes=6016 qdelay_l_ms=1.07991 qdelay_c_ms=1.65593 ecn_mark=1732 drop=0
[QUEUE_STATS] t_ms=26624 q_pkts=6 q_bytes=9024 qdelay_l_ms=0.592474 qdelay_c_ms=0.621989 ecn_mark=1733 drop=0
[QUEUE_STATS] t_ms=26640 q_pkts=5 q_bytes=7520 qdelay_l_ms=0.884653 qdelay_c_ms=0.879343 ecn_mark=1733 drop=0
[QUEUE_STATS] t_ms=26656 q_pkts=5 q_bytes=7520 qdelay_l_ms=1.08171 qdelay_c_ms=1.9334 ecn_mark=1733 drop=0
[QUEUE_STATS] t_ms=26672 q_pkts=5 q_bytes=7520 qdelay_l_ms=0.638429 qdelay_c_ms=0.632809 ecn_mark=1735 drop=0
[QUEUE_STATS] t_ms=26688 q_pkts=6 q_bytes=9024 qdelay_l_ms=1.10006 qdelay_c_ms=1.91018 ecn_mark=1736 drop=0
[QUEUE_STATS] t_ms=26704 q_pkts=5 q_bytes=7520 qdelay_l_ms=0.80335 qdelay_c_ms=0.79828 ecn_mark=1737 drop=0
[QUEUE_STATS] t_ms=26720 q_pkts=5 q_bytes=7520 qdelay_l_ms=1.08871 qdelay_c_ms=1.88968 ecn_mark=1738 drop=0
[QUEUE_STATS] t_ms=26736 q_pkts=7 q_bytes=10528 qdelay_l_ms=1.10802 qdelay_c_ms=3.22184 ecn_mark=1738 drop=0
[QUEUE_STATS] t_ms=26752 q_pkts=3 q_bytes=4512 qdelay_l_ms=1.09264 qdelay_c_ms=0 ecn_mark=1738 drop=0
[QUEUE_STATS] t_ms=26768 q_pkts=5 q_bytes=7520 qdelay_l_ms=0.850949 qdelay_c_ms=0.862731 ecn_mark=1741 drop=0
[QUEUE_STATS] t_ms=26784 q_pkts=4 q_bytes=6016 qdelay_l_ms=0.876678 qdelay_c_ms=0.871689 ecn_mark=1741 drop=0
[QUEUE_STATS] t_ms=26800 q_pkts=4 q_bytes=6016 qdelay_l_ms=0.826513 qdelay_c_ms=0.821393 ecn_mark=1742 drop=0
[QUEUE_STATS] t_ms=26816 q_pkts=5 q_bytes=7520 qdelay_l_ms=0.605127 qdelay_c_ms=0.599917 ecn_mark=1743 drop=0
[QUEUE_STATS] t_ms=26832 q_pkts=5 q_bytes=7520 qdelay_l_ms=1.09784 qdelay_c_ms=2.93159 ecn_mark=1743 drop=0
[QUEUE_STATS] t_ms=26848 q_pkts=5 q_bytes=7520 qdelay_l_ms=0.809471 qdelay_c_ms=0.802899 ecn_mark=1744 drop=0
[QUEUE_STATS] t_ms=26864 q_pkts=5 q_bytes=7520 qdelay_l_ms=1.07238 qdelay_c_ms=1.93302 ecn_mark=1744 drop=0
[QUEUE_STATS] t_ms=26880 q_pkts=6 q_bytes=9024 qdelay_l_ms=0.886045 qdelay_c_ms=2.85071 ecn_mark=1745 drop=0
[QUEUE_STATS] t_ms=26896 q_pkts=6 q_bytes=9024 qdelay_l_ms=0.887328 qdelay_c_ms=2.03442 ecn_mark=1745 drop=0
[QUEUE_STATS] t_ms=26912 q_pkts=7 q_bytes=10528 qdelay_l_ms=0.628471 qdelay_c_ms=1.69164 ecn_mark=1748 drop=0
[QUEUE_STATS] t_ms=26928 q_pkts=5 q_bytes=7520 qdelay_l_ms=1.09418 qdelay_c_ms=2.16412 ecn_mark=1749 drop=0
[QUEUE_STATS] t_ms=26944 q_pkts=5 q_bytes=7520 qdelay_l_ms=1.07222 qdelay_c_ms=1.96691 ecn_mark=1750 drop=0
[QUEUE_STATS] t_ms=26960 q_pkts=9 q_bytes=13536 qdelay_l_ms=1.01886 qdelay_c_ms=0.999669 ecn_mark=1750 drop=0
[QUEUE_STATS] t_ms=26976 q_pkts=3 q_bytes=4512 qdelay_l_ms=1.03326 qdelay_c_ms=0 ecn_mark=1750 drop=0
[QUEUE_STATS] t_ms=26992 q_pkts=5 q_bytes=7520 qdelay_l_ms=1.08096 qdelay_c_ms=1.86826 ecn_mark=1751 drop=0
[QUEUE_STATS] t_ms=27008 q_pkts=9 q_bytes=13536 qdelay_l_ms=0.84078 qdelay_c_ms=1.99209 ecn_mark=1751 drop=0
[QUEUE_STATS] t_ms=27024 q_pkts=4 q_bytes=6016 qdelay_l_ms=1.09283 qdelay_c_ms=1.95213 ecn_mark=1753 drop=0
[QUEUE_STATS] t_ms=27040 q_pkts=3 q_bytes=4512 qdelay_l_ms=0.620947 qdelay_c_ms=0 ecn_mark=1755 drop=0
[QUEUE_STATS] t_ms=27056 q_pkts=7 q_bytes=10528 qdelay_l_ms=0.790747 qdelay_c_ms=1.80075 ecn_mark=1756 drop=0
[QUEUE_STATS] t_ms=27072 q_pkts=6 q_bytes=9024 qdelay_l_ms=0.875175 qdelay_c_ms=2.89285 ecn_mark=1756 drop=0
[QUEUE_STATS] t_ms=27088 q_pkts=4 q_bytes=6016 qdelay_l_ms=1.08884 qdelay_c_ms=1.93345 ecn_mark=1756 drop=0
[QUEUE_STATS] t_ms=27104 q_pkts=5 q_bytes=7520 qdelay_l_ms=0.863823 qdelay_c_ms=0.856019 ecn_mark=1756 drop=0
[QUEUE_STATS] t_ms=27120 q_pkts=6 q_bytes=9024 qdelay_l_ms=1.07713 qdelay_c_ms=1.77769 ecn_mark=1757 drop=0
[QUEUE_STATS] t_ms=27136 q_pkts=4 q_bytes=6016 qdelay_l_ms=0.847172 qdelay_c_ms=1.99798 ecn_mark=1757 drop=0
[QUEUE_STATS] t_ms=27152 q_pkts=5 q_bytes=7520 qdelay_l_ms=0.663908 qdelay_c_ms=1.73294 ecn_mark=1758 drop=0
[QUEUE_STATS] t_ms=27168 q_pkts=8 q_bytes=12032 qdelay_l_ms=0.605889 qdelay_c_ms=2.76168 ecn_mark=1759 drop=0
[QUEUE_STATS] t_ms=27184 q_pkts=6 q_bytes=9024 qdelay_l_ms=0.882418 qdelay_c_ms=2.02495 ecn_mark=1759 drop=0
[QUEUE_STATS] t_ms=27200 q_pkts=5 q_bytes=7520 qdelay_l_ms=0.855437 qdelay_c_ms=0.850689 ecn_mark=1760 drop=0
[QUEUE_STATS] t_ms=27216 q_pkts=7 q_bytes=10528 qdelay_l_ms=0.679928 qdelay_c_ms=2.93818 ecn_mark=1762 drop=0
[QUEUE_STATS] t_ms=27232 q_pkts=6 q_bytes=9024 qdelay_l_ms=1.09806 qdelay_c_ms=3.1927 ecn_mark=1763 drop=0
[QUEUE_STATS] t_ms=27248 q_pkts=4 q_bytes=6016 qdelay_l_ms=0.889812 qdelay_c_ms=0.86719 ecn_mark=1764 drop=0
[QUEUE_STATS] t_ms=27264 q_pkts=5 q_bytes=7520 qdelay_l_ms=0.998767 qdelay_c_ms=2.14405 ecn_mark=1764 drop=0
[QUEUE_STATS] t_ms=27280 q_pkts=7 q_bytes=10528 qdelay_l_ms=1.07149 qdelay_c_ms=3.10365 ecn_mark=1765 drop=0
[QUEUE_STATS] t_ms=27296 q_pkts=4 q_bytes=6016 qdelay_l_ms=1.10314 qdelay_c_ms=1.09751 ecn_mark=1765 drop=0
[QUEUE_STATS] t_ms=27312 q_pkts=5 q_bytes=7520 qdelay_l_ms=0.639772 qdelay_c_ms=2.75894 ecn_mark=1765 drop=0
[QUEUE_STATS] t_ms=27328 q_pkts=7 q_bytes=10528 qdelay_l_ms=1.10057 qdelay_c_ms=3.11536 ecn_mark=1766 drop=0
[QUEUE_STATS] t_ms=27344 q_pkts=4 q_bytes=6016 qdelay_l_ms=0.589017 qdelay_c_ms=0.596792 ecn_mark=1767 drop=0
[QUEUE_STATS] t_ms=27360 q_pkts=8 q_bytes=12032 qdelay_l_ms=1.10701 qdelay_c_ms=3.09694 ecn_mark=1768 drop=0
[QUEUE_STATS] t_ms=27376 q_pkts=7 q_bytes=10528 qdelay_l_ms=1.12097 qdelay_c_ms=1.11562 ecn_mark=1768 drop=0
[QUEUE_STATS] t_ms=27392 q_pkts=5 q_bytes=7520 qdelay_l_ms=0.859486 qdelay_c_ms=0.855318 ecn_mark=1768 drop=0
[QUEUE_STATS] t_ms=27408 q_pkts=7 q_bytes=10528 qdelay_l_ms=0.848515 qdelay_c_ms=1.9905 ecn_mark=1769 drop=0
[QUEUE_STATS] t_ms=27424 q_pkts=8 q_bytes=12032 qdelay_l_ms=0.628752 qdelay_c_ms=2.79058 ecn_mark=1769 drop=0
[QUEUE_STATS] t_ms=27440 q_pkts=9 q_bytes=13536 qdelay_l_ms=1.07456 qdelay_c_ms=3.9568 ecn_mark=1770 drop=0
[QUEUE_STATS] t_ms=27456 q_pkts=7 q_bytes=10528 qdelay_l_ms=1.10533 qdelay_c_ms=1.92391 ecn_mark=1770 drop=0
[QUEUE_STATS] t_ms=27472 q_pkts=8 q_bytes=12032 qdelay_l_ms=0.788082 qdelay_c_ms=2.82744 ecn_mark=1770 drop=0
[QUEUE_STATS] t_ms=27488 q_pkts=10 q_bytes=15040 qdelay_l_ms=1.04546 qdelay_c_ms=2.98572 ecn_mark=1770 drop=0
[QUEUE_STATS] t_ms=27504 q_pkts=8 q_bytes=12032 qdelay_l_ms=1.07776 qdelay_c_ms=3.8435 ecn_mark=1770 drop=0
[QUEUE_STATS] t_ms=27520 q_pkts=7 q_bytes=10528 qdelay_l_ms=1.09628 qdelay_c_ms=3.89672 ecn_mark=1770 drop=0
[QUEUE_STATS] t_ms=27536 q_pkts=10 q_bytes=15040 qdelay_l_ms=1.07635 qdelay_c_ms=5.01167 ecn_mark=1770 drop=0
[QUEUE_STATS] t_ms=27552 q_pkts=10 q_bytes=15040 qdelay_l_ms=1.07123 qdelay_c_ms=4.9831 ecn_mark=1771 drop=0
[QUEUE_STATS] t_ms=27568 q_pkts=12 q_bytes=18048 qdelay_l_ms=1.02582 qdelay_c_ms=6.35622 ecn_mark=1771 drop=0
[QUEUE_STATS] t_ms=27584 q_pkts=12 q_bytes=18048 qdelay_l_ms=1.08572 qdelay_c_ms=5.96367 ecn_mark=1771 drop=0
[QUEUE_STATS] t_ms=27600 q_pkts=11 q_bytes=16544 qdelay_l_ms=0.863002 qdelay_c_ms=5.00458 ecn_mark=1773 drop=0
[QUEUE_STATS] t_ms=27616 q_pkts=11 q_bytes=16544 qdelay_l_ms=1.10939 qdelay_c_ms=4.95982 ecn_mark=1774 drop=0
[QUEUE_STATS] t_ms=27632 q_pkts=13 q_bytes=19552 qdelay_l_ms=1.09819 qdelay_c_ms=3.97367 ecn_mark=1776 drop=0
[QUEUE_STATS] t_ms=27648 q_pkts=12 q_bytes=18048 qdelay_l_ms=1.06094 qdelay_c_ms=6.0418 ecn_mark=1778 drop=0
[QUEUE_STATS] t_ms=27664 q_pkts=12 q_bytes=18048 qdelay_l_ms=1.05659 qdelay_c_ms=6.19587 ecn_mark=1778 drop=0
[QUEUE_STATS] t_ms=27680 q_pkts=14 q_bytes=21056 qdelay_l_ms=1.05259 qdelay_c_ms=6.06061 ecn_mark=1779 drop=0
[QUEUE_STATS] t_ms=27696 q_pkts=12 q_bytes=18048 qdelay_l_ms=0.850628 qdelay_c_ms=4.99325 ecn_mark=1779 drop=0
[QUEUE_STATS] t_ms=27712 q_pkts=12 q_bytes=18048 qdelay_l_ms=1.10778 qdelay_c_ms=5.24482 ecn_mark=1779 drop=0
[QUEUE_STATS] t_ms=27728 q_pkts=16 q_bytes=24064 qdelay_l_ms=1.08423 qdelay_c_ms=7.20451 ecn_mark=1779 drop=0
[QUEUE_STATS] t_ms=27744 q_pkts=14 q_bytes=21056 qdelay_l_ms=1.07086 qdelay_c_ms=7.42967 ecn_mark=1780 drop=0
[QUEUE_STATS] t_ms=27760 q_pkts=14 q_bytes=21056 qdelay_l_ms=0.837484 qdelay_c_ms=7.94506 ecn_mark=1780 drop=0
[QUEUE_STATS] t_ms=27776 q_pkts=15 q_bytes=22560 qdelay_l_ms=1.06482 qdelay_c_ms=5.9858 ecn_mark=1780 drop=0
[QUEUE_STATS] t_ms=27792 q_pkts=15 q_bytes=22560 qdelay_l_ms=0.582224 qdelay_c_ms=7.77105 ecn_mark=1782 drop=0
[QUEUE_STATS] t_ms=27808 q_pkts=16 q_bytes=24064 qdelay_l_ms=1.05511 qdelay_c_ms=7.86482 ecn_mark=1785 drop=0
[QUEUE_STATS] t_ms=27824 q_pkts=16 q_bytes=24064 qdelay_l_ms=0.965725 qdelay_c_ms=8.12057 ecn_mark=1785 drop=0
[QUEUE_STATS] t_ms=27840 q_pkts=14 q_bytes=21056 qdelay_l_ms=1.08298 qdelay_c_ms=8.43102 ecn_mark=1785 drop=0
[QUEUE_STATS] t_ms=27856 q_pkts=16 q_bytes=24064 qdelay_l_ms=0.832304 qdelay_c_ms=8.87172 ecn_mark=1785 drop=0
[QUEUE_STATS] t_ms=27872 q_pkts=17 q_bytes=25568 qdelay_l_ms=1.10427 qdelay_c_ms=8.08907 ecn_mark=1785 drop=0
[QUEUE_STATS] t_ms=27888 q_pkts=15 q_bytes=22560 qdelay_l_ms=1.09329 qdelay_c_ms=9.16349 ecn_mark=1786 drop=0
[QUEUE_STATS] t_ms=27904 q_pkts=19 q_bytes=28576 qdelay_l_ms=0.566895 qdelay_c_ms=7.91805 ecn_mark=1786 drop=0
[QUEUE_STATS] t_ms=27920 q_pkts=18 q_bytes=27072 qdelay_l_ms=1.09521 qdelay_c_ms=9.96791 ecn_mark=1787 drop=0
[QUEUE_STATS] t_ms=27936 q_pkts=17 q_bytes=25568 qdelay_l_ms=1.07119 qdelay_c_ms=11.2106 ecn_mark=1788 drop=0
[QUEUE_STATS] t_ms=27952 q_pkts=17 q_bytes=25568 qdelay_l_ms=1.0322 qdelay_c_ms=9.56337 ecn_mark=1791 drop=0
[QUEUE_STATS] t_ms=27968 q_pkts=20 q_bytes=30080 qdelay_l_ms=1.09127 qdelay_c_ms=10.9013 ecn_mark=1792 drop=0
[QUEUE_STATS] t_ms=27984 q_pkts=18 q_bytes=27072 qdelay_l_ms=0.787059 qdelay_c_ms=9.77699 ecn_mark=1792 drop=0
[QUEUE_STATS] t_ms=28000 q_pkts=21 q_bytes=31584 qdelay_l_ms=1.10709 qdelay_c_ms=8.8707 ecn_mark=1793 drop=0
[QUEUE_STATS] t_ms=28016 q_pkts=21 q_bytes=31584 qdelay_l_ms=0.738669 qdelay_c_ms=9.84105 ecn_mark=1794 drop=0
[QUEUE_STATS] t_ms=28032 q_pkts=20 q_bytes=30080 qdelay_l_ms=1.08291 qdelay_c_ms=11.0299 ecn_mark=1794 drop=0
[QUEUE_STATS] t_ms=28048 q_pkts=20 q_bytes=30080 qdelay_l_ms=0.608694 qdelay_c_ms=8.55384 ecn_mark=1794 drop=0
[QUEUE_STATS] t_ms=28064 q_pkts=22 q_bytes=33088 qdelay_l_ms=0.742476 qdelay_c_ms=10.7857 ecn_mark=1794 drop=0
[QUEUE_STATS] t_ms=28080 q_pkts=19 q_bytes=28576 qdelay_l_ms=1.09554 qdelay_c_ms=10.7886 ecn_mark=1794 drop=0
[QUEUE_STATS] t_ms=28096 q_pkts=21 q_bytes=31584 qdelay_l_ms=1.09419 qdelay_c_ms=11.1861 ecn_mark=1796 drop=0
[QUEUE_STATS] t_ms=28112 q_pkts=22 q_bytes=33088 qdelay_l_ms=0.922644 qdelay_c_ms=11.8437 ecn_mark=1796 drop=0
[QUEUE_STATS] t_ms=28128 q_pkts=22 q_bytes=33088 qdelay_l_ms=1.08023 qdelay_c_ms=13.1353 ecn_mark=1797 drop=0
[QUEUE_STATS] t_ms=28144 q_pkts=21 q_bytes=31584 qdelay_l_ms=1.10524 qdelay_c_ms=11.93 ecn_mark=1799 drop=0
[QUEUE_STATS] t_ms=28160 q_pkts=22 q_bytes=33088 qdelay_l_ms=1.09733 qdelay_c_ms=10.1293 ecn_mark=1799 drop=0
[QUEUE_STATS] t_ms=28176 q_pkts=22 q_bytes=33088 qdelay_l_ms=1.05553 qdelay_c_ms=12.3049 ecn_mark=1799 drop=0
[QUEUE_STATS] t_ms=28192 q_pkts=23 q_bytes=34592 qdelay_l_ms=1.10411 qdelay_c_ms=12.1205 ecn_mark=1800 drop=0
[QUEUE_STATS] t_ms=28208 q_pkts=25 q_bytes=37600 qdelay_l_ms=0.749619 qdelay_c_ms=12.8413 ecn_mark=1802 drop=0
[QUEUE_STATS] t_ms=28224 q_pkts=25 q_bytes=37600 qdelay_l_ms=1.09582 qdelay_c_ms=13.8733 ecn_mark=1803 drop=0
[QUEUE_STATS] t_ms=28240 q_pkts=23 q_bytes=34592 qdelay_l_ms=1.09879 qdelay_c_ms=13.1799 ecn_mark=1803 drop=0
[QUEUE_STATS] t_ms=28256 q_pkts=25 q_bytes=37600 qdelay_l_ms=1.09473 qdelay_c_ms=14.1512 ecn_mark=1803 drop=0
[QUEUE_STATS] t_ms=28272 q_pkts=24 q_bytes=36096 qdelay_l_ms=1.09384 qdelay_c_ms=10.764 ecn_mark=1803 drop=0
[QUEUE_STATS] t_ms=28288 q_pkts=23 q_bytes=34592 qdelay_l_ms=1.09569 qdelay_c_ms=13.9997 ecn_mark=1804 drop=0
[QUEUE_STATS] t_ms=28304 q_pkts=25 q_bytes=37600 qdelay_l_ms=1.10464 qdelay_c_ms=14.8832 ecn_mark=1805 drop=0
[QUEUE_STATS] t_ms=28320 q_pkts=26 q_bytes=39104 qdelay_l_ms=1.09038 qdelay_c_ms=13.0587 ecn_mark=1805 drop=0
[QUEUE_STATS] t_ms=28336 q_pkts=25 q_bytes=37600 qdelay_l_ms=1.09148 qdelay_c_ms=14.7996 ecn_mark=1806 drop=0
[QUEUE_STATS] t_ms=28352 q_pkts=26 q_bytes=39104 qdelay_l_ms=1.08646 qdelay_c_ms=16.0501 ecn_mark=1807 drop=0
[QUEUE_STATS] t_ms=28368 q_pkts=27 q_bytes=40608 qdelay_l_ms=1.11415 qdelay_c_ms=14.8653 ecn_mark=1810 drop=0
[QUEUE_STATS] t_ms=28384 q_pkts=27 q_bytes=40608 qdelay_l_ms=0.906524 qdelay_c_ms=17.1645 ecn_mark=1810 drop=0
[QUEUE_STATS] t_ms=28400 q_pkts=28 q_bytes=42112 qdelay_l_ms=1.0823 qdelay_c_ms=14.8414 ecn_mark=1810 drop=0
[QUEUE_STATS] t_ms=28416 q_pkts=27 q_bytes=40608 qdelay_l_ms=1.0949 qdelay_c_ms=15.9548 ecn_mark=1810 drop=0
[QUEUE_STATS] t_ms=28432 q_pkts=28 q_bytes=42112 qdelay_l_ms=1.10543 qdelay_c_ms=17.0572 ecn_mark=1811 drop=0
[QUEUE_STATS] t_ms=28448 q_pkts=29 q_bytes=43616 qdelay_l_ms=1.08497 qdelay_c_ms=14.9489 ecn_mark=1811 drop=0
[QUEUE_STATS] t_ms=28464 q_pkts=28 q_bytes=42112 qdelay_l_ms=1.0954 qdelay_c_ms=18.0369 ecn_mark=1813 drop=0
[QUEUE_STATS] t_ms=28480 q_pkts=28 q_bytes=42112 qdelay_l_ms=1.07649 qdelay_c_ms=15.0114 ecn_mark=1814 drop=0
[QUEUE_STATS] t_ms=28496 q_pkts=29 q_bytes=43616 qdelay_l_ms=1.02581 qdelay_c_ms=15.009 ecn_mark=1814 drop=0
[QUEUE_STATS] t_ms=28512 q_pkts=28 q_bytes=42112 qdelay_l_ms=0.53236 qdelay_c_ms=18.0236 ecn_mark=1815 drop=0
[QUEUE_STATS] t_ms=28528 q_pkts=28 q_bytes=42112 qdelay_l_ms=1.08532 qdelay_c_ms=16.1329 ecn_mark=1816 drop=0
[QUEUE_STATS] t_ms=28544 q_pkts=28 q_bytes=42112 qdelay_l_ms=1.09084 qdelay_c_ms=17.2819 ecn_mark=1817 drop=0
[QUEUE_STATS] t_ms=28560 q_pkts=30 q_bytes=45120 qdelay_l_ms=1.08209 qdelay_c_ms=19.1087 ecn_mark=1819 drop=0
[QUEUE_STATS] t_ms=28576 q_pkts=28 q_bytes=42112 qdelay_l_ms=1.09782 qdelay_c_ms=15.9593 ecn_mark=1820 drop=0
[QUEUE_STATS] t_ms=28592 q_pkts=29 q_bytes=43616 qdelay_l_ms=1.04681 qdelay_c_ms=19.2391 ecn_mark=1820 drop=0
[QUEUE_STATS] t_ms=28608 q_pkts=31 q_bytes=46624 qdelay_l_ms=0.694205 qdelay_c_ms=17.8707 ecn_mark=1820 drop=0
[QUEUE_STATS] t_ms=28624 q_pkts=29 q_bytes=43616 qdelay_l_ms=1.07602 qdelay_c_ms=15.0241 ecn_mark=1820 drop=0
[QUEUE_STATS] t_ms=28640 q_pkts=30 q_bytes=45120 qdelay_l_ms=1.0996 qdelay_c_ms=18.9611 ecn_mark=1820 drop=0
[QUEUE_STATS] t_ms=28656 q_pkts=31 q_bytes=46624 qdelay_l_ms=1.04865 qdelay_c_ms=18.7259 ecn_mark=1822 drop=0
[QUEUE_STATS] t_ms=28672 q_pkts=32 q_bytes=48128 qdelay_l_ms=1.06546 qdelay_c_ms=17.0116 ecn_mark=1822 drop=0
[QUEUE_STATS] t_ms=28688 q_pkts=32 q_bytes=48128 qdelay_l_ms=1.10413 qdelay_c_ms=22.0068 ecn_mark=1823 drop=0
[QUEUE_STATS] t_ms=28704 q_pkts=31 q_bytes=46624 qdelay_l_ms=0.711727 qdelay_c_ms=16.9317 ecn_mark=1824 drop=0
[QUEUE_STATS] t_ms=28720 q_pkts=30 q_bytes=45120 qdelay_l_ms=1.09787 qdelay_c_ms=20.1296 ecn_mark=1824 drop=0
[QUEUE_STATS] t_ms=28736 q_pkts=33 q_bytes=49632 qdelay_l_ms=0.873602 qdelay_c_ms=22.0052 ecn_mark=1828 drop=0
[QUEUE_STATS] t_ms=28752 q_pkts=32 q_bytes=48128 qdelay_l_ms=1.09969 qdelay_c_ms=16.7998 ecn_mark=1829 drop=0
[QUEUE_STATS] t_ms=28768 q_pkts=33 q_bytes=49632 qdelay_l_ms=0.545175 qdelay_c_ms=20.8004 ecn_mark=1829 drop=0
[QUEUE_STATS] t_ms=28784 q_pkts=34 q_bytes=51136 qdelay_l_ms=1.05781 qdelay_c_ms=18.9026 ecn_mark=1830 drop=0
[QUEUE_STATS] t_ms=28800 q_pkts=33 q_bytes=49632 qdelay_l_ms=0.711778 qdelay_c_ms=17.9221 ecn_mark=1830 drop=0
[QUEUE_STATS] t_ms=28816 q_pkts=31 q_bytes=46624 qdelay_l_ms=0.974502 qdelay_c_ms=21.1647 ecn_mark=1830 drop=0
[QUEUE_STATS] t_ms=28832 q_pkts=34 q_bytes=51136 qdelay_l_ms=1.05999 qdelay_c_ms=19.0146 ecn_mark=1830 drop=0
[QUEUE_STATS] t_ms=28848 q_pkts=34 q_bytes=51136 qdelay_l_ms=1.06605 qdelay_c_ms=21.0609 ecn_mark=1831 drop=0
[QUEUE_STATS] t_ms=28864 q_pkts=33 q_bytes=49632 qdelay_l_ms=0.598455 qdelay_c_ms=22.7129 ecn_mark=1832 drop=0
[QUEUE_STATS] t_ms=28880 q_pkts=35 q_bytes=52640 qdelay_l_ms=1.05763 qdelay_c_ms=20.0085 ecn_mark=1835 drop=0
[QUEUE_STATS] t_ms=28896 q_pkts=35 q_bytes=52640 qdelay_l_ms=0.522462 qdelay_c_ms=22.8652 ecn_mark=1835 drop=0
[QUEUE_STATS] t_ms=28912 q_pkts=35 q_bytes=52640 qdelay_l_ms=0.707149 qdelay_c_ms=22.5987 ecn_mark=1835 drop=0
[QUEUE_STATS] t_ms=28928 q_pkts=36 q_bytes=54144 qdelay_l_ms=1.05352 qdelay_c_ms=20.1414 ecn_mark=1836 drop=0
[QUEUE_STATS] t_ms=28944 q_pkts=36 q_bytes=54144 qdelay_l_ms=1.05928 qdelay_c_ms=24.4408 ecn_mark=1836 drop=0
[QUEUE_STATS] t_ms=28960 q_pkts=37 q_bytes=55648 qdelay_l_ms=1.04671 qdelay_c_ms=22.1017 ecn_mark=1836 drop=0
[QUEUE_STATS] t_ms=28976 q_pkts=37 q_bytes=55648 qdelay_l_ms=1.10118 qdelay_c_ms=21.9323 ecn_mark=1836 drop=0
[QUEUE_STATS] t_ms=28992 q_pkts=36 q_bytes=54144 qdelay_l_ms=1.09655 qdelay_c_ms=25.0946 ecn_mark=1837 drop=0
[QUEUE_STATS] t_ms=29008 q_pkts=38 q_bytes=57152 qdelay_l_ms=1.04949 qdelay_c_ms=20.7522 ecn_mark=1837 drop=0
[QUEUE_STATS] t_ms=29024 q_pkts=36 q_bytes=54144 qdelay_l_ms=1.05061 qdelay_c_ms=23.9149 ecn_mark=1839 drop=0
[QUEUE_STATS] t_ms=29040 q_pkts=36 q_bytes=54144 qdelay_l_ms=1.10166 qdelay_c_ms=26.0768 ecn_mark=1839 drop=0
[QUEUE_STATS] t_ms=29056 q_pkts=37 q_bytes=55648 qdelay_l_ms=1.04198 qdelay_c_ms=21.8069 ecn_mark=1839 drop=0
[QUEUE_STATS] t_ms=29072 q_pkts=38 q_bytes=57152 qdelay_l_ms=1.05014 qdelay_c_ms=24.2333 ecn_mark=1840 drop=0
[QUEUE_STATS] t_ms=29088 q_pkts=39 q_bytes=58656 qdelay_l_ms=1.04869 qdelay_c_ms=26.1732 ecn_mark=1841 drop=0
[QUEUE_STATS] t_ms=29104 q_pkts=38 q_bytes=57152 qdelay_l_ms=1.09116 qdelay_c_ms=22.905 ecn_mark=1843 drop=0
[QUEUE_STATS] t_ms=29120 q_pkts=38 q_bytes=57152 qdelay_l_ms=1.09467 qdelay_c_ms=26.1307 ecn_mark=1844 drop=0
[QUEUE_STATS] t_ms=29136 q_pkts=38 q_bytes=57152 qdelay_l_ms=1.0368 qdelay_c_ms=25.8378 ecn_mark=1846 drop=0
[QUEUE_STATS] t_ms=29152 q_pkts=38 q_bytes=57152 qdelay_l_ms=1.04774 qdelay_c_ms=24.6308 ecn_mark=1847 drop=0
[QUEUE_STATS] t_ms=29168 q_pkts=40 q_bytes=60160 qdelay_l_ms=0.534574 qdelay_c_ms=26.0892 ecn_mark=1847 drop=0
[QUEUE_STATS] t_ms=29184 q_pkts=38 q_bytes=57152 qdelay_l_ms=1.02994 qdelay_c_ms=26.894 ecn_mark=1847 drop=0
[QUEUE_STATS] t_ms=29200 q_pkts=40 q_bytes=60160 qdelay_l_ms=1.08963 qdelay_c_ms=24.105 ecn_mark=1847 drop=0
[QUEUE_STATS] t_ms=29216 q_pkts=42 q_bytes=63168 qdelay_l_ms=1.06676 qdelay_c_ms=27.0632 ecn_mark=1847 drop=0
[QUEUE_STATS] t_ms=29232 q_pkts=41 q_bytes=61664 qdelay_l_ms=1.02496 qdelay_c_ms=27.2249 ecn_mark=1850 drop=0
[QUEUE_STATS] t_ms=29248 q_pkts=41 q_bytes=61664 qdelay_l_ms=1.05921 qdelay_c_ms=27.3135 ecn_mark=1850 drop=0
[QUEUE_STATS] t_ms=29264 q_pkts=42 q_bytes=63168 qdelay_l_ms=1.03385 qdelay_c_ms=29.0969 ecn_mark=1852 drop=0
[QUEUE_STATS] t_ms=29280 q_pkts=40 q_bytes=60160 qdelay_l_ms=1.02381 qdelay_c_ms=27.857 ecn_mark=1854 drop=0
[QUEUE_STATS] t_ms=29296 q_pkts=42 q_bytes=63168 qdelay_l_ms=0.52632 qdelay_c_ms=26.8858 ecn_mark=1855 drop=0
[QUEUE_STATS] t_ms=29312 q_pkts=43 q_bytes=64672 qdelay_l_ms=1.02499 qdelay_c_ms=30.0434 ecn_mark=1855 drop=0
[QUEUE_STATS] t_ms=29328 q_pkts=42 q_bytes=63168 qdelay_l_ms=1.09168 qdelay_c_ms=25.6831 ecn_mark=1856 drop=0
[QUEUE_STATS] t_ms=29344 q_pkts=42 q_bytes=63168 qdelay_l_ms=1.0954 qdelay_c_ms=28.0098 ecn_mark=1858 drop=0
[QUEUE_STATS] t_ms=29360 q_pkts=43 q_bytes=64672 qdelay_l_ms=1.01333 qdelay_c_ms=28.6255 ecn_mark=1859 drop=0
[QUEUE_STATS] t_ms=29376 q_pkts=40 q_bytes=60160 qdelay_l_ms=1.02216 qdelay_c_ms=27.971 ecn_mark=1859 drop=0
[QUEUE_STATS] t_ms=29392 q_pkts=42 q_bytes=63168 qdelay_l_ms=1.09168 qdelay_c_ms=30.1739 ecn_mark=1861 drop=0
[QUEUE_STATS] t_ms=29408 q_pkts=43 q_bytes=64672 qdelay_l_ms=0.526449 qdelay_c_ms=26.6952 ecn_mark=1861 drop=0
[QUEUE_STATS] t_ms=29424 q_pkts=43 q_bytes=64672 qdelay_l_ms=1.0735 qdelay_c_ms=28.2222 ecn_mark=1862 drop=0
[QUEUE_STATS] t_ms=29440 q_pkts=42 q_bytes=63168 qdelay_l_ms=1.0316 qdelay_c_ms=31.9481 ecn_mark=1863 drop=0
[QUEUE_STATS] t_ms=29456 q_pkts=44 q_bytes=66176 qdelay_l_ms=1.02871 qdelay_c_ms=27.8565 ecn_mark=1865 drop=0
[QUEUE_STATS] t_ms=29472 q_pkts=44 q_bytes=66176 qdelay_l_ms=1.02332 qdelay_c_ms=28.1248 ecn_mark=1867 drop=0
[QUEUE_STATS] t_ms=29488 q_pkts=44 q_bytes=66176 qdelay_l_ms=1.0366 qdelay_c_ms=31.0572 ecn_mark=1868 drop=0
[QUEUE_STATS] t_ms=29504 q_pkts=46 q_bytes=69184 qdelay_l_ms=1.0259 qdelay_c_ms=29.053 ecn_mark=1870 drop=0
[QUEUE_STATS] t_ms=29520 q_pkts=42 q_bytes=63168 qdelay_l_ms=1.02253 qdelay_c_ms=28.92 ecn_mark=1870 drop=0
[QUEUE_STATS] t_ms=29536 q_pkts=44 q_bytes=66176 qdelay_l_ms=1.02085 qdelay_c_ms=29.0297 ecn_mark=1871 drop=0
[QUEUE_STATS] t_ms=29552 q_pkts=44 q_bytes=66176 qdelay_l_ms=1.0224 qdelay_c_ms=28.5401 ecn_mark=1873 drop=0
[QUEUE_STATS] t_ms=29568 q_pkts=45 q_bytes=67680 qdelay_l_ms=1.01931 qdelay_c_ms=32.0998 ecn_mark=1873 drop=0
[QUEUE_STATS] t_ms=29584 q_pkts=43 q_bytes=64672 qdelay_l_ms=1.08831 qdelay_c_ms=28.0042 ecn_mark=1874 drop=0
[QUEUE_STATS] t_ms=29600 q_pkts=46 q_bytes=69184 qdelay_l_ms=1.12654 qdelay_c_ms=30.0786 ecn_mark=1875 drop=0
[QUEUE_STATS] t_ms=29616 q_pkts=45 q_bytes=67680 qdelay_l_ms=1.02418 qdelay_c_ms=31.8801 ecn_mark=1877 drop=0
[QUEUE_STATS] t_ms=29632 q_pkts=44 q_bytes=66176 qdelay_l_ms=1.01776 qdelay_c_ms=27.929 ecn_mark=1878 drop=0
[QUEUE_STATS] t_ms=29648 q_pkts=44 q_bytes=66176 qdelay_l_ms=1.02143 qdelay_c_ms=30.8314 ecn_mark=1878 drop=0
[QUEUE_STATS] t_ms=29664 q_pkts=46 q_bytes=69184 qdelay_l_ms=1.10011 qdelay_c_ms=30.0693 ecn_mark=1880 drop=0
[QUEUE_STATS] t_ms=29680 q_pkts=44 q_bytes=66176 qdelay_l_ms=1.09678 qdelay_c_ms=30.0373 ecn_mark=1881 drop=0
[QUEUE_STATS] t_ms=29696 q_pkts=46 q_bytes=69184 qdelay_l_ms=1.02011 qdelay_c_ms=33.9516 ecn_mark=1883 drop=0
[QUEUE_STATS] t_ms=29712 q_pkts=44 q_bytes=66176 qdelay_l_ms=1.01089 qdelay_c_ms=28.6671 ecn_mark=1884 drop=0
[QUEUE_STATS] t_ms=29728 q_pkts=46 q_bytes=69184 qdelay_l_ms=1.06466 qdelay_c_ms=29.9134 ecn_mark=1885 drop=0
[QUEUE_STATS] t_ms=29744 q_pkts=48 q_bytes=72192 qdelay_l_ms=1.08479 qdelay_c_ms=34.3288 ecn_mark=1887 drop=0
[QUEUE_STATS] t_ms=29760 q_pkts=46 q_bytes=69184 qdelay_l_ms=1.02113 qdelay_c_ms=28.5531 ecn_mark=1887 drop=0
[QUEUE_STATS] t_ms=29776 q_pkts=45 q_bytes=67680 qdelay_l_ms=1.10199 qdelay_c_ms=33.1241 ecn_mark=1889 drop=0
[QUEUE_STATS] t_ms=29792 q_pkts=47 q_bytes=70688 qdelay_l_ms=1.02923 qdelay_c_ms=33.0787 ecn_mark=1891 drop=0
[QUEUE_STATS] t_ms=29808 q_pkts=47 q_bytes=70688 qdelay_l_ms=1.08742 qdelay_c_ms=31.015 ecn_mark=1892 drop=0
[QUEUE_STATS] t_ms=29824 q_pkts=44 q_bytes=66176 qdelay_l_ms=1.02591 qdelay_c_ms=31.9923 ecn_mark=1892 drop=0
[QUEUE_STATS] t_ms=29840 q_pkts=46 q_bytes=69184 qdelay_l_ms=1.01617 qdelay_c_ms=30.9491 ecn_mark=1892 drop=0
[QUEUE_ST