[QUEUE_STATS] t_ms=33 q_pkts=0 q_bytes=0 qdelay_l_ms=0 qdelay_c_ms=0 ecn_mark=0 drop=0
[QUEUE_STATS] t_ms=94 q_pkts=0 q_bytes=0 qdelay_l_ms=0 qdelay_c_ms=0 ecn_mark=0 drop=0
[QUEUE_STATS] t_ms=136 q_pkts=0 q_bytes=0 qdelay_l_ms=0 qdelay_c_ms=0 ecn_mark=0 drop=0
[QUEUE_STATS] t_ms=179 q_pkts=0 q_bytes=0 qdelay_l_ms=0 qdelay_c_ms=0 ecn_mark=0 drop=0
[QUEUE_STATS] t_ms=222 q_pkts=0 q_bytes=0 qdelay_l_ms=0 qdelay_c_ms=0 ecn_mark=0 drop=0
[QUEUE_STATS] t_ms=265 q_pkts=0 q_bytes=0 qdelay_l_ms=0 qdelay_c_ms=0 ecn_mark=0 drop=0
[QUEUE_STATS] t_ms=307 q_pkts=0 q_bytes=0 qdelay_l_ms=0 qdelay_c_ms=0 ecn_mark=0 drop=0
[QUEUE_STATS] t_ms=350 q_pkts=0 q_bytes=0 qdelay_l_ms=0 qdelay_c_ms=0 ecn_mark=0 drop=0
[QUEUE_STATS] t_ms=352 q_pkts=3 q_bytes=1640 qdelay_l_ms=1.13622 qdelay_c_ms=0 ecn_mark=0 drop=0
[QUEUE_STATS] t_ms=368 q_pkts=1 q_bytes=1504 qdelay_l_ms=1.08002 qdelay_c_ms=0 ecn_mark=0 drop=0
[QUEUE_STATS] t_ms=393 q_pkts=0 q_bytes=0 qdelay_l_ms=0 qdelay_c_ms=0 ecn_mark=0 drop=0
[QUEUE_STATS] t_ms=400 q_pkts=21 q_bytes=31584 qdelay_l_ms=1.04029 qdelay_c_ms=4.12859 ecn_mark=0 drop=0
[QUEUE_STATS] t_ms=416 q_pkts=2 q_bytes=3008 qdelay_l_ms=1.07858 qdelay_c_ms=0 ecn_mark=0 drop=0
[QUEUE_STATS] t_ms=435 q_pkts=0 q_bytes=0 qdelay_l_ms=0 qdelay_c_ms=0 ecn_mark=0 drop=0
[QUEUE_STATS] t_ms=448 q_pkts=51 q_bytes=76704 qdelay_l_ms=1.08779 qdelay_c_ms=9.41626 ecn_mark=0 drop=0
[QUEUE_STATS] t_ms=464 q_pkts=39 q_bytes=58656 qdelay_l_ms=2.14419 qdelay_c_ms=23.1626 ecn_mark=0 drop=0
[QUEUE_STATS] t_ms=480 q_pkts=7 q_bytes=10528 qdelay_l_ms=1.02284 qdelay_c_ms=1.91822 ecn_mark=0 drop=0
[QUEUE_STATS] t_ms=496 q_pkts=45 q_bytes=67680 qdelay_l_ms=4.39866 qdelay_c_ms=13.9604 ecn_mark=0 drop=0
[QUEUE_STATS] t_ms=513 q_pkts=87 q_bytes=130848 qdelay_l_ms=11.4716 qdelay_c_ms=27.5165 ecn_mark=4 drop=0
[QUEUE_STATS] t_ms=528 q_pkts=94 q_bytes=141376 qdelay_l_ms=4.90294 qdelay_c_ms=38.9189 ecn_mark=37 drop=0
[QUEUE_STATS] t_ms=544 q_pkts=157 q_bytes=236128 qdelay_l_ms=13.5906 qdelay_c_ms=49.2369 ecn_mark=60 drop=0
[QUEUE_STATS] t_ms=560 q_pkts=161 q_bytes=242144 qdelay_l_ms=20.9847 qdelay_c_ms=59.195 ecn_mark=116 drop=0
[QUEUE_STATS] t_ms=576 q_pkts=119 q_bytes=178976 qdelay_l_ms=29.4641 qdelay_c_ms=69.4586 ecn_mark=176 drop=0
[QUEUE_STATS] t_ms=592 q_pkts=54 q_bytes=81216 qdelay_l_ms=0 qdelay_c_ms=82.8799 ecn_mark=233 drop=0
[QUEUE_STATS] t_ms=608 q_pkts=29 q_bytes=43616 qdelay_l_ms=0.988689 qdelay_c_ms=61.7627 ecn_mark=233 drop=0
[QUEUE_STATS] t_ms=624 q_pkts=5 q_bytes=7520 qdelay_l_ms=0.789463 qdelay_c_ms=5.93772 ecn_mark=233 drop=0
[QUEUE_STATS] t_ms=640 q_pkts=11 q_bytes=16544 qdelay_l_ms=1.06807 qdelay_c_ms=4.39435 ecn_mark=233 drop=0
[QUEUE_STATS] t_ms=656 q_pkts=3 q_bytes=4512 qdelay_l_ms=0 qdelay_c_ms=1.08462 ecn_mark=233 drop=0
[QUEUE_STATS] t_ms=672 q_pkts=2 q_bytes=3008 qdelay_l_ms=1.05657 qdelay_c_ms=0 ecn_mark=233 drop=0
[QUEUE_STATS] t_ms=688 q_pkts=4 q_bytes=6016 qdelay_l_ms=0.528313 qdelay_c_ms=0.520989 ecn_mark=233 drop=0
[QUEUE_STATS] t_ms=704 q_pkts=8 q_bytes=12032 qdelay_l_ms=1.03541 qdelay_c_ms=3.07 ecn_mark=233 drop=0
[QUEUE_STATS] t_ms=720 q_pkts=3 q_bytes=4512 qdelay_l_ms=1.06599 qdelay_c_ms=1.08398 ecn_mark=233 drop=0
[QUEUE_STATS] t_ms=736 q_pkts=5 q_bytes=7520 qdelay_l_ms=1.0387 qdelay_c_ms=2.04068 ecn_mark=233 drop=0
[QUEUE_STATS] t_ms=752 q_pkts=10 q_bytes=15040 qdelay_l_ms=1.02313 qdelay_c_ms=3.02777 ecn_mark=233 drop=0
[QUEUE_STATS] t_ms=768 q_pkts=3 q_bytes=4512 qdelay_l_ms=1.08419 qdelay_c_ms=2.06773 ecn_mark=233 drop=0
[QUEUE_STATS] t_ms=784 q_pkts=8 q_bytes=12032 qdelay_l_ms=1.01922 qdelay_c_ms=1.97528 ecn_mark=233 drop=0
[QUEUE_STATS] t_ms=800 q_pkts=10 q_bytes=15040 qdelay_l_ms=1.0036 qdelay_c_ms=3.03003 ecn_mark=233 drop=0
[QUEUE_STATS] t_ms=816 q_pkts=5 q_bytes=7520 qdelay_l_ms=0.035787 qdelay_c_ms=0.029194 ecn_mark=233 drop=0
[QUEUE_STATS] t_ms=832 q_pkts=7 q_bytes=10528 qdelay_l_ms=0.995541 qdelay_c_ms=1.96739 ecn_mark=233 drop=0
[QUEUE_STATS] t_ms=848 q_pkts=9 q_bytes=13536 qdelay_l_ms=0.983458 qdelay_c_ms=1.97908 ecn_mark=233 drop=0
[QUEUE_STATS] t_ms=864 q_pkts=8 q_bytes=12032 qdelay_l_ms=1.07193 qdelay_c_ms=3.22151 ecn_mark=233 drop=0
[QUEUE_STATS] t_ms=880 q_pkts=11 q_bytes=16544 qdelay_l_ms=0.995622 qdelay_c_ms=3.94393 ecn_mark=233 drop=0
[QUEUE_STATS] t_ms=896 q_pkts=13 q_bytes=19552 qdelay_l_ms=1.09447 qdelay_c_ms=5.92231 ecn_mark=233 drop=0
[QUEUE_STATS] t_ms=912 q_pkts=15 q_bytes=22560 qdelay_l_ms=0.981945 qdelay_c_ms=4.30216 ecn_mark=233 drop=0
[QUEUE_STATS] t_ms=928 q_pkts=19 q_bytes=28576 qdelay_l_ms=1.09337 qdelay_c_ms=6.87221 ecn_mark=233 drop=0
[QUEUE_STATS] t_ms=944 q_pkts=22 q_bytes=33088 qdelay_l_ms=1.07696 qdelay_c_ms=9.09982 ecn_mark=233 drop=0
[QUEUE_STATS] t_ms=960 q_pkts=22 q_bytes=33088 qdelay_l_ms=1.03839 qdelay_c_ms=9.06839 ecn_mark=233 drop=0
[QUEUE_STATS] t_ms=976 q_pkts=24 q_bytes=36096 qdelay_l_ms=0.960676 qdelay_c_ms=8.89373 ecn_mark=233 drop=0
[QUEUE_STATS] t_ms=992 q_pkts=27 q_bytes=40608 qdelay_l_ms=0.96848 qdelay_c_ms=11.5504 ecn_mark=233 drop=0
[QUEUE_STATS] t_ms=1008 q_pkts=30 q_bytes=45120 qdelay_l_ms=1.09483 qdelay_c_ms=10.8879 ecn_mark=233 drop=0
[QUEUE_STATS] t_ms=1024 q_pkts=31 q_bytes=46624 qdelay_l_ms=1.05438 qdelay_c_ms=13.036 ecn_mark=233 drop=0
[QUEUE_STATS] t_ms=1040 q_pkts=33 q_bytes=49632 qdelay_l_ms=0.733559 qdelay_c_ms=14.7271 ecn_mark=233 drop=0
[QUEUE_STATS] t_ms=1056 q_pkts=36 q_bytes=54144 qdelay_l_ms=0.938844 qdelay_c_ms=13.8304 ecn_mark=233 drop=0
[QUEUE_STATS] t_ms=1072 q_pkts=38 q_bytes=57152 qdelay_l_ms=1.0581 qdelay_c_ms=16.3147 ecn_mark=233 drop=0
[QUEUE_STATS] t_ms=1088 q_pkts=39 q_bytes=58656 qdelay_l_ms=1.06874 qdelay_c_ms=17.0539 ecn_mark=233 drop=0
[QUEUE_STATS] t_ms=1104 q_pkts=40 q_bytes=60160 qdelay_l_ms=0.928856 qdelay_c_ms=15.709 ecn_mark=233 drop=0
[QUEUE_STATS] t_ms=1120 q_pkts=43 q_bytes=64672 qdelay_l_ms=0.721456 qdelay_c_ms=18.9951 ecn_mark=233 drop=0
[QUEUE_STATS] t_ms=1136 q_pkts=45 q_bytes=67680 qdelay_l_ms=0.918146 qdelay_c_ms=19.8132 ecn_mark=233 drop=0
[QUEUE_STATS] t_ms=1152 q_pkts=46 q_bytes=69184 qdelay_l_ms=0.91542 qdelay_c_ms=18.8279 ecn_mark=233 drop=0
[QUEUE_STATS] t_ms=1168 q_pkts=49 q_bytes=73696 qdelay_l_ms=0.92532 qdelay_c_ms=21.9582 ecn_mark=233 drop=0
[QUEUE_STATS] t_ms=1184 q_pkts=55 q_bytes=82720 qdelay_l_ms=1.06164 qdelay_c_ms=21.6431 ecn_mark=233 drop=0
[QUEUE_STATS] t_ms=1200 q_pkts=51 q_bytes=76704 qdelay_l_ms=0.903929 qdelay_c_ms=21.8082 ecn_mark=233 drop=0
[QUEUE_STATS] t_ms=1216 q_pkts=56 q_bytes=84224 qdelay_l_ms=0.909399 qdelay_c_ms=25.0346 ecn_mark=233 drop=0
[QUEUE_STATS] t_ms=1232 q_pkts=58 q_bytes=87232 qdelay_l_ms=0.903738 qdelay_c_ms=24.8106 ecn_mark=233 drop=0
[QUEUE_STATS] t_ms=1248 q_pkts=61 q_bytes=91744 qdelay_l_ms=1.06876 qdelay_c_ms=25.9194 ecn_mark=233 drop=0
[QUEUE_STATS] t_ms=1264 q_pkts=63 q_bytes=94752 qdelay_l_ms=1.0554 qdelay_c_ms=28.9096 ecn_mark=233 drop=0
[QUEUE_STATS] t_ms=1280 q_pkts=66 q_bytes=99264 qdelay_l_ms=0.671832 qdelay_c_ms=28.5304 ecn_mark=233 drop=0
[QUEUE_STATS] t_ms=1296 q_pkts=64 q_bytes=96256 qdelay_l_ms=1.06675 qdelay_c_ms=29.0776 ecn_mark=233 drop=0
[QUEUE_STATS] t_ms=1312 q_pkts=69 q_bytes=103776 qdelay_l_ms=0.994138 qdelay_c_ms=32.8119 ecn_mark=233 drop=0
[QUEUE_STATS] t_ms=1328 q_pkts=71 q_bytes=106784 qdelay_l_ms=1.07076 qdelay_c_ms=31.7762 ecn_mark=233 drop=0
[QUEUE_STATS] t_ms=1344 q_pkts=73 q_bytes=109792 qdelay_l_ms=1.01621 qdelay_c_ms=33.0521 ecn_mark=233 drop=0
[QUEUE_STATS] t_ms=1360 q_pkts=72 q_bytes=108288 qdelay_l_ms=0.987165 qdelay_c_ms=33.7963 ecn_mark=233 drop=0
[QUEUE_STATS] t_ms=1376 q_pkts=76 q_bytes=114304 qdelay_l_ms=1.08962 qdelay_c_ms=35.0439 ecn_mark=233 drop=0
[QUEUE_STATS] t_ms=1392 q_pkts=78 q_bytes=117312 qdelay_l_ms=1.08185 qdelay_c_ms=37.0407 ecn_mark=233 drop=0
[QUEUE_STATS] t_ms=1408 q_pkts=78 q_bytes=117312 qdelay_l_ms=0.858633 qdelay_c_ms=36.7836 ecn_mark=233 drop=0
[QUEUE_STATS] t_ms=1424 q_pkts=81 q_bytes=121824 qdelay_l_ms=0.656664 qdelay_c_ms=37.0399 ecn_mark=233 drop=0
[QUEUE_STATS] t_ms=1440 q_pkts=84 q_bytes=126336 qdelay_l_ms=0.838225 qdelay_c_ms=39.7062 ecn_mark=233 drop=0
[QUEUE_STATS] t_ms=1456 q_pkts=85 q_bytes=127840 qdelay_l_ms=0.93136 qdelay_c_ms=39.1009 ecn_mark=233 drop=0
[QUEUE_STATS] t_ms=1472 q_pkts=88 q_bytes=132352 qdelay_l_ms=1.09803 qdelay_c_ms=40.1223 ecn_mark=233 drop=0
[QUEUE_STATS] t_ms=1488 q_pkts=90 q_bytes=135360 qdelay_l_ms=0.841321 qdelay_c_ms=42.8588 ecn_mark=233 drop=0
[QUEUE_STATS] t_ms=1504 q_pkts=91 q_bytes=136864 qdelay_l_ms=1.0893 qdelay_c_ms=43.9981 ecn_mark=233 drop=0
[QUEUE_STATS] t_ms=1520 q_pkts=96 q_bytes=144384 qdelay_l_ms=1.06321 qdelay_c_ms=45.041 ecn_mark=233 drop=0
[QUEUE_STATS] t_ms=1536 q_pkts=95 q_bytes=142880 qdelay_l_ms=1.07773 qdelay_c_ms=46.2545 ecn_mark=233 drop=0
[QUEUE_STATS] t_ms=1553 q_pkts=99 q_bytes=148896 qdelay_l_ms=1.10964 qdelay_c_ms=48.3425 ecn_mark=233 drop=0
[QUEUE_STATS] t_ms=1568 q_pkts=101 q_bytes=151904 qdelay_l_ms=0.921121 qdelay_c_ms=49.0969 ecn_mark=233 drop=0
[QUEUE_STATS] t_ms=1584 q_pkts=101 q_bytes=151904 qdelay_l_ms=0.919518 qdelay_c_ms=49.8614 ecn_mark=234 drop=0
[QUEUE_STATS] t_ms=1600 q_pkts=102 q_bytes=153408 qdelay_l_ms=1.02882 qdelay_c_ms=51.3484 ecn_mark=234 drop=0
[QUEUE_STATS] t_ms=1616 q_pkts=105 q_bytes=157920 qdelay_l_ms=0 qdelay_c_ms=52.1769 ecn_mark=234 drop=0
[QUEUE_STATS] t_ms=1632 q_pkts=95 q_bytes=142880 qdelay_l_ms=0.903098 qdelay_c_ms=47.9404 ecn_mark=234 drop=0
[QUEUE_STATS] t_ms=1648 q_pkts=94 q_bytes=141376 qdelay_l_ms=1.09251 qdelay_c_ms=45.1159 ecn_mark=234 drop=0
[QUEUE_STATS] t_ms=1664 q_pkts=103 q_bytes=154912 qdelay_l_ms=1.08841 qdelay_c_ms=47.1578 ecn_mark=234 drop=0
[QUEUE_STATS] t_ms=1680 q_pkts=103 q_bytes=154912 qdelay_l_ms=1.07072 qdelay_c_ms=44.9742 ecn_mark=234 drop=0
[QUEUE_STATS] t_ms=1696 q_pkts=106 q_bytes=159424 qdelay_l_ms=1.08102 qdelay_c_ms=44.175 ecn_mark=235 drop=0
[QUEUE_STATS] t_ms=1712 q_pkts=109 q_bytes=163936 qdelay_l_ms=1.07581 qdelay_c_ms=48.9836 ecn_mark=235 drop=0
[QUEUE_STATS] t_ms=1728 q_pkts=108 q_bytes=162432 qdelay_l_ms=0.977948 qdelay_c_ms=49.9696 ecn_mark=235 drop=0
[QUEUE_STATS] t_ms=1744 q_pkts=101 q_bytes=151904 qdelay_l_ms=0.96275 qdelay_c_ms=46.109 ecn_mark=235 drop=0
[QUEUE_STATS] t_ms=1760 q_pkts=105 q_bytes=157920 qdelay_l_ms=1.0764 qdelay_c_ms=48.4973 ecn_mark=235 drop=0
[QUEUE_STATS] t_ms=1776 q_pkts=107 q_bytes=160928 qdelay_l_ms=0.928304 qdelay_c_ms=47.8343 ecn_mark=235 drop=0
[QUEUE_STATS] t_ms=1792 q_pkts=110 q_bytes=165440 qdelay_l_ms=0.775428 qdelay_c_ms=45.9393 ecn_mark=235 drop=0
[QUEUE_STATS] t_ms=1808 q_pkts=113 q_bytes=169952 qdelay_l_ms=1.07097 qdelay_c_ms=47.4494 ecn_mark=235 drop=0
[QUEUE_STATS] t_ms=1824 q_pkts=114 q_bytes=171456 qdelay_l_ms=1.08241 qdelay_c_ms=48.3653 ecn_mark=235 drop=0
[QUEUE_STATS] t_ms=1840 q_pkts=115 q_bytes=172960 qdelay_l_ms=1.06284 qdelay_c_ms=50.0642 ecn_mark=235 drop=0
[QUEUE_STATS] t_ms=1856 q_pkts=117 q_bytes=175968 qdelay_l_ms=1.09478 qdelay_c_ms=50.006 ecn_mark=235 drop=0
[QUEUE_STATS] t_ms=1872 q_pkts=120 q_bytes=180480 qdelay_l_ms=1.11274 qdelay_c_ms=51.7317 ecn_mark=235 drop=0
[QUEUE_STATS] t_ms=1888 q_pkts=122 q_bytes=183488 qdelay_l_ms=1.07719 qdelay_c_ms=53.1502 ecn_mark=235 drop=0
[QUEUE_STATS] t_ms=1904 q_pkts=125 q_bytes=188000 qdelay_l_ms=1.10257 qdelay_c_ms=53.8084 ecn_mark=235 drop=0
[QUEUE_STATS] t_ms=1920 q_pkts=126 q_bytes=189504 qdelay_l_ms=1.07477 qdelay_c_ms=56.0705 ecn_mark=235 drop=0
[QUEUE_STATS] t_ms=1936 q_pkts=127 q_bytes=191008 qdelay_l_ms=1.04452 qdelay_c_ms=56.9534 ecn_mark=235 drop=0
[QUEUE_STATS] t_ms=1952 q_pkts=131 q_bytes=197024 qdelay_l_ms=1.06877 qdelay_c_ms=57.836 ecn_mark=235 drop=0
[QUEUE_STATS] t_ms=1968 q_pkts=131 q_bytes=197024 qdelay_l_ms=0.905041 qdelay_c_ms=58.7147 ecn_mark=235 drop=0
[QUEUE_STATS] t_ms=1984 q_pkts=136 q_bytes=204544 qdelay_l_ms=0.677283 qdelay_c_ms=59.9518 ecn_mark=235 drop=0
[QUEUE_STATS] t_ms=2000 q_pkts=138 q_bytes=207552 qdelay_l_ms=1.06659 qdelay_c_ms=62.056 ecn_mark=235 drop=0
[QUEUE_STATS] t_ms=2016 q_pkts=137 q_bytes=206048 qdelay_l_ms=0.903779 qdelay_c_ms=62.1109 ecn_mark=236 drop=0
[QUEUE_STATS] t_ms=2032 q_pkts=140 q_bytes=210560 qdelay_l_ms=1.10603 qdelay_c_ms=63.3817 ecn_mark=236 drop=0
[QUEUE_STATS] t_ms=2048 q_pkts=143 q_bytes=215072 qdelay_l_ms=1.09567 qdelay_c_ms=64.6491 ecn_mark=236 drop=0
[QUEUE_STATS] t_ms=2064 q_pkts=139 q_bytes=209056 qdelay_l_ms=0.953252 qdelay_c_ms=62.9562 ecn_mark=237 drop=0
[QUEUE_STATS] t_ms=2081 q_pkts=138 q_bytes=207552 qdelay_l_ms=1.08123 qdelay_c_ms=63.5985 ecn_mark=237 drop=0
[QUEUE_STATS] t_ms=2096 q_pkts=143 q_bytes=215072 qdelay_l_ms=0.777461 qdelay_c_ms=65.9935 ecn_mark=238 drop=0
[QUEUE_STATS] t_ms=2112 q_pkts=142 q_bytes=213568 qdelay_l_ms=0.971105 qdelay_c_ms=62.0576 ecn_mark=238 drop=0
[QUEUE_STATS] t_ms=2128 q_pkts=140 q_bytes=210560 qdelay_l_ms=1.06422 qdelay_c_ms=62.3808 ecn_mark=238 drop=0
[QUEUE_STATS] t_ms=2144 q_pkts=147 q_bytes=221088 qdelay_l_ms=0.957399 qdelay_c_ms=61.159 ecn_mark=238 drop=0
[QUEUE_STATS] t_ms=2160 q_pkts=149 q_bytes=224096 qdelay_l_ms=0.962078 qdelay_c_ms=61.7279 ecn_mark=238 drop=0
[QUEUE_STATS] t_ms=2176 q_pkts=149 q_bytes=224096 qdelay_l_ms=1.08219 qdelay_c_ms=64.4132 ecn_mark=239 drop=0
[QUEUE_STATS] t_ms=2192 q_pkts=153 q_bytes=230112 qdelay_l_ms=1.06233 qdelay_c_ms=63.9552 ecn_mark=239 drop=0
[QUEUE_STATS] t_ms=2208 q_pkts=154 q_bytes=231616 qdelay_l_ms=0.974802 qdelay_c_ms=64.9443 ecn_mark=239 drop=0
[QUEUE_STATS] t_ms=2224 q_pkts=151 q_bytes=227104 qdelay_l_ms=0.986594 qdelay_c_ms=66.0588 ecn_mark=239 drop=0
[QUEUE_STATS] t_ms=2240 q_pkts=158 q_bytes=237632 qdelay_l_ms=0.982216 qdelay_c_ms=65.3222 ecn_mark=239 drop=0
[QUEUE_STATS] t_ms=2256 q_pkts=158 q_bytes=237632 qdelay_l_ms=1.0874 qdelay_c_ms=68.1288 ecn_mark=239 drop=0
[QUEUE_STATS] t_ms=2272 q_pkts=159 q_bytes=239136 qdelay_l_ms=1.10777 qdelay_c_ms=67.9507 ecn_mark=239 drop=0
[QUEUE_STATS] t_ms=2288 q_pkts=164 q_bytes=246656 qdelay_l_ms=1.09774 qdelay_c_ms=67.8213 ecn_mark=239 drop=0
[QUEUE_STATS] t_ms=2304 q_pkts=163 q_bytes=245152 qdelay_l_ms=0.967118 qdelay_c_ms=68.3878 ecn_mark=239 drop=0
[QUEUE_STATS] t_ms=2320 q_pkts=165 q_bytes=248160 qdelay_l_ms=1.07627 qdelay_c_ms=70.2368 ecn_mark=239 drop=0
[QUEUE_STATS] t_ms=2336 q_pkts=170 q_bytes=255680 qdelay_l_ms=1.06637 qdelay_c_ms=71.7276 ecn_mark=239 drop=0
[QUEUE_STATS] t_ms=2352 q_pkts=169 q_bytes=254176 qdelay_l_ms=1.07463 qdelay_c_ms=71.9898 ecn_mark=239 drop=0
[QUEUE_STATS] t_ms=2368 q_pkts=171 q_bytes=257184 qdelay_l_ms=0.95247 qdelay_c_ms=73.6075 ecn_mark=239 drop=0
[QUEUE_STATS] t_ms=2384 q_pkts=178 q_bytes=267712 qdelay_l_ms=0.737205 qdelay_c_ms=74.8281 ecn_mark=239 drop=0
[QUEUE_STATS] t_ms=2400 q_pkts=175 q_bytes=263200 qdelay_l_ms=0.933004 qdelay_c_ms=75.6743 ecn_mark=239 drop=0
[QUEUE_STATS] t_ms=2417 q_pkts=179 q_bytes=269216 qdelay_l_ms=1.07168 qdelay_c_ms=78.2193 ecn_mark=239 drop=0
[QUEUE_STATS] t_ms=2432 q_pkts=183 q_bytes=275232 qdelay_l_ms=1.09931 qdelay_c_ms=78.918 ecn_mark=239 drop=0
[QUEUE_STATS] t_ms=2448 q_pkts=183 q_bytes=275232 qdelay_l_ms=0.919378 qdelay_c_ms=79.0336 ecn_mark=239 drop=0
[QUEUE_STATS] t_ms=2464 q_pkts=183 q_bytes=275232 qdelay_l_ms=0.923135 qdelay_c_ms=80.7112 ecn_mark=239 drop=0
[QUEUE_STATS] t_ms=2480 q_pkts=189 q_bytes=284256 qdelay_l_ms=1.09379 qdelay_c_ms=82.8623 ecn_mark=240 drop=0
[QUEUE_STATS] t_ms=2496 q_pkts=190 q_bytes=285760 qdelay_l_ms=1.07193 qdelay_c_ms=83.0641 ecn_mark=240 drop=0
[QUEUE_STATS] t_ms=2512 q_pkts=191 q_bytes=287264 qdelay_l_ms=0.892698 qdelay_c_ms=84.8097 ecn_mark=240 drop=0
[QUEUE_STATS] t_ms=2528 q_pkts=191 q_bytes=287264 qdelay_l_ms=1.09483 qdelay_c_ms=84.9592 ecn_mark=241 drop=0
[QUEUE_STATS] t_ms=2544 q_pkts=192 q_bytes=288768 qdelay_l_ms=1.09382 qdelay_c_ms=86.8628 ecn_mark=241 drop=0
[QUEUE_STATS] t_ms=2560 q_pkts=195 q_bytes=293280 qdelay_l_ms=0.948142 qdelay_c_ms=85.8705 ecn_mark=241 drop=0
[QUEUE_STATS] t_ms=2576 q_pkts=196 q_bytes=294784 qdelay_l_ms=0.950036 qdelay_c_ms=85.9374 ecn_mark=241 drop=0
[QUEUE_STATS] t_ms=2592 q_pkts=198 q_bytes=297792 qdelay_l_ms=1.073 qdelay_c_ms=87.8662 ecn_mark=241 drop=0
[QUEUE_STATS] t_ms=2608 q_pkts=198 q_bytes=297792 qdelay_l_ms=0.939095 qdelay_c_ms=88.0209 ecn_mark=241 drop=0
[QUEUE_STATS] t_ms=2624 q_pkts=205 q_bytes=305400 qdelay_l_ms=1.069 qdelay_c_ms=88.9361 ecn_mark=241 drop=0
[QUEUE_STATS] t_ms=2641 q_pkts=205 q_bytes=305400 qdelay_l_ms=1.1193 qdelay_c_ms=88.4595 ecn_mark=241 drop=0
[QUEUE_STATS] t_ms=2656 q_pkts=209 q_bytes=311416 qdelay_l_ms=0.927093 qdelay_c_ms=89.8455 ecn_mark=241 drop=0
[QUEUE_STATS] t_ms=2672 q_pkts=210 q_bytes=312920 qdelay_l_ms=0.906012 qdelay_c_ms=91.9494 ecn_mark=241 drop=0
[QUEUE_STATS] t_ms=2688 q_pkts=213 q_bytes=317432 qdelay_l_ms=1.10421 qdelay_c_ms=90.6021 ecn_mark=241 drop=0
[QUEUE_STATS] t_ms=2704 q_pkts=214 q_bytes=318936 qdelay_l_ms=0.964813 qdelay_c_ms=94.0422 ecn_mark=241 drop=0
[QUEUE_STATS] t_ms=2720 q_pkts=215 q_bytes=323360 qdelay_l_ms=0.847914 qdelay_c_ms=95.973 ecn_mark=241 drop=0
[QUEUE_STATS] t_ms=2736 q_pkts=215 q_bytes=323360 qdelay_l_ms=0.712459 qdelay_c_ms=95.4803 ecn_mark=242 drop=0
[QUEUE_STATS] t_ms=2752 q_pkts=218 q_bytes=327872 qdelay_l_ms=1.0578 qdelay_c_ms=97.1161 ecn_mark=242 drop=0
[QUEUE_STATS] t_ms=2768 q_pkts=216 q_bytes=324864 qdelay_l_ms=0 qdelay_c_ms=99.4196 ecn_mark=242 drop=0
[QUEUE_STATS] t_ms=2784 q_pkts=219 q_bytes=329376 qdelay_l_ms=0.800434 qdelay_c_ms=100.04 ecn_mark=242 drop=0
[QUEUE_STATS] t_ms=2800 q_pkts=220 q_bytes=330880 qdelay_l_ms=1.08316 qdelay_c_ms=99.8854 ecn_mark=242 drop=0
[QUEUE_STATS] t_ms=2816 q_pkts=224 q_bytes=336896 qdelay_l_ms=0.907726 qdelay_c_ms=101.847 ecn_mark=242 drop=0
[QUEUE_STATS] t_ms=2832 q_pkts=225 q_bytes=338400 qdelay_l_ms=1.06184 qdelay_c_ms=102.007 ecn_mark=242 drop=0
[QUEUE_STATS] t_ms=2848 q_pkts=228 q_bytes=342912 qdelay_l_ms=1.07549 qdelay_c_ms=103.673 ecn_mark=242 drop=0
[QUEUE_STATS] t_ms=2864 q_pkts=231 q_bytes=347424 qdelay_l_ms=1.06178 qdelay_c_ms=104.96 ecn_mark=242 drop=0
[QUEUE_STATS] t_ms=2880 q_pkts=232 q_bytes=348928 qdelay_l_ms=0.885835 qdelay_c_ms=105.122 ecn_mark=242 drop=0
[QUEUE_STATS] t_ms=2896 q_pkts=234 q_bytes=351936 qdelay_l_ms=1.07211 qdelay_c_ms=106.024 ecn_mark=243 drop=0
[QUEUE_STATS] t_ms=2912 q_pkts=237 q_bytes=356448 qdelay_l_ms=1.06849 qdelay_c_ms=108.846 ecn_mark=243 drop=0
[QUEUE_STATS] t_ms=2928 q_pkts=238 q_bytes=357952 qdelay_l_ms=0.90451 qdelay_c_ms=107.997 ecn_mark=244 drop=0
[QUEUE_STATS] t_ms=2944 q_pkts=237 q_bytes=356448 qdelay_l_ms=1.07942 qdelay_c_ms=110.403 ecn_mark=244 drop=0
[QUEUE_STATS] t_ms=2960 q_pkts=241 q_bytes=362464 qdelay_l_ms=1.11328 qdelay_c_ms=112.299 ecn_mark=244 drop=0
[QUEUE_STATS] t_ms=2976 q_pkts=242 q_bytes=363968 qdelay_l_ms=0.878792 qdelay_c_ms=111.745 ecn_mark=244 drop=0
[QUEUE_STATS] t_ms=2992 q_pkts=244 q_bytes=366976 qdelay_l_ms=1.10993 qdelay_c_ms=112.948 ecn_mark=244 drop=0
[QUEUE_STATS] t_ms=3008 q_pkts=249 q_bytes=374496 qdelay_l_ms=1.07832 qdelay_c_ms=115.038 ecn_mark=244 drop=0
[QUEUE_STATS] t_ms=3024 q_pkts=249 q_bytes=374496 qdelay_l_ms=0.869734 qdelay_c_ms=114.778 ecn_mark=244 drop=0
[QUEUE_STATS] t_ms=3040 q_pkts=248 q_bytes=372992 qdelay_l_ms=0.891004 qdelay_c_ms=117.016 ecn_mark=244 drop=0
[QUEUE_STATS] t_ms=3056 q_pkts=253 q_bytes=380512 qdelay_l_ms=1.04702 qdelay_c_ms=119.231 ecn_mark=245 drop=0
[QUEUE_STATS] t_ms=3072 q_pkts=254 q_bytes=382016 qdelay_l_ms=1.06164 qdelay_c_ms=118.95 ecn_mark=246 drop=0
[QUEUE_STATS] t_ms=3088 q_pkts=257 q_bytes=386528 qdelay_l_ms=1.08745 qdelay_c_ms=120.299 ecn_mark=246 drop=0
[QUEUE_STATS] t_ms=3104 q_pkts=258 q_bytes=388032 qdelay_l_ms=0.859806 qdelay_c_ms=121.913 ecn_mark=246 drop=0
[QUEUE_STATS] t_ms=3120 q_pkts=258 q_bytes=388032 qdelay_l_ms=0.938785 qdelay_c_ms=121.904 ecn_mark=247 drop=0
[QUEUE_STATS] t_ms=3136 q_pkts=259 q_bytes=389536 qdelay_l_ms=1.02255 qdelay_c_ms=124.043 ecn_mark=247 drop=0
[QUEUE_STATS] t_ms=3152 q_pkts=264 q_bytes=397056 qdelay_l_ms=0.865036 qdelay_c_ms=125.826 ecn_mark=247 drop=0
[QUEUE_STATS] t_ms=3168 q_pkts=263 q_bytes=395552 qdelay_l_ms=1.09144 qdelay_c_ms=126.048 ecn_mark=248 drop=0
[QUEUE_STATS] t_ms=3184 q_pkts=265 q_bytes=398560 qdelay_l_ms=1.08102 qdelay_c_ms=127.233 ecn_mark=248 drop=0
[QUEUE_STATS] t_ms=3200 q_pkts=268 q_bytes=403072 qdelay_l_ms=0.865908 qdelay_c_ms=127.889 ecn_mark=248 drop=0
[QUEUE_STATS] t_ms=3216 q_pkts=269 q_bytes=404576 qdelay_l_ms=1.07391 qdelay_c_ms=128.952 ecn_mark=248 drop=0
[QUEUE_STATS] t_ms=3232 q_pkts=269 q_bytes=404576 qdelay_l_ms=1.10331 qdelay_c_ms=130.135 ecn_mark=248 drop=0
[QUEUE_STATS] t_ms=3248 q_pkts=274 q_bytes=412096 qdelay_l_ms=0.642918 qdelay_c_ms=132.05 ecn_mark=248 drop=0
[QUEUE_STATS] t_ms=3264 q_pkts=271 q_bytes=407584 qdelay_l_ms=0.692061 qdelay_c_ms=130.718 ecn_mark=248 drop=0
[QUEUE_STATS] t_ms=3280 q_pkts=277 q_bytes=416608 qdelay_l_ms=0.851571 qdelay_c_ms=132.728 ecn_mark=248 drop=0
[QUEUE_STATS] t_ms=3296 q_pkts=281 q_bytes=422624 qdelay_l_ms=1.07891 qdelay_c_ms=134.978 ecn_mark=249 drop=0
[QUEUE_STATS] t_ms=3312 q_pkts=279 q_bytes=419616 qdelay_l_ms=1.10855 qdelay_c_ms=134.943 ecn_mark=250 drop=0
[QUEUE_STATS] t_ms=3328 q_pkts=284 q_bytes=427136 qdelay_l_ms=0.845479 qdelay_c_ms=135.853 ecn_mark=250 drop=0
[QUEUE_STATS] t_ms=3344 q_pkts=283 q_bytes=425632 qdelay_l_ms=0.816805 qdelay_c_ms=137.897 ecn_mark=251 drop=0
[QUEUE_STATS] t_ms=3360 q_pkts=286 q_bytes=430144 qdelay_l_ms=1.11661 qdelay_c_ms=138.439 ecn_mark=252 drop=0
[QUEUE_STATS] t_ms=3376 q_pkts=288 q_bytes=433152 qdelay_l_ms=1.07337 qdelay_c_ms=140.108 ecn_mark=252 drop=0
[QUEUE_STATS] t_ms=3392 q_pkts=289 q_bytes=434656 qdelay_l_ms=0.709143 qdelay_c_ms=141.85 ecn_mark=254 drop=0
[QUEUE_STATS] t_ms=3408 q_pkts=289 q_bytes=434656 qdelay_l_ms=1.05872 qdelay_c_ms=142.485 ecn_mark=256 drop=0
[QUEUE_STATS] t_ms=3424 q_pkts=292 q_bytes=439168 qdelay_l_ms=1.07298 qdelay_c_ms=144.14 ecn_mark=256 drop=0
[QUEUE_STATS] t_ms=3440 q_pkts=292 q_bytes=439168 qdelay_l_ms=1.06885 qdelay_c_ms=145.206 ecn_mark=256 drop=0
[QUEUE_STATS] t_ms=3456 q_pkts=293 q_bytes=440672 qdelay_l_ms=0.890323 qdelay_c_ms=146.789 ecn_mark=256 drop=0
[QUEUE_STATS] t_ms=3472 q_pkts=297 q_bytes=446688 qdelay_l_ms=1.04774 qdelay_c_ms=147.028 ecn_mark=258 drop=0
[QUEUE_STATS] t_ms=3488 q_pkts=299 q_bytes=449696 qdelay_l_ms=1.07049 qdelay_c_ms=149.324 ecn_mark=258 drop=0
[QUEUE_STATS] t_ms=3504 q_pkts=299 q_bytes=449696 qdelay_l_ms=0.921712 qdelay_c_ms=148.866 ecn_mark=258 drop=0
[QUEUE_STATS] t_ms=3520 q_pkts=300 q_bytes=451200 qdelay_l_ms=1.09703 qdelay_c_ms=148.014 ecn_mark=259 drop=0
[QUEUE_STATS] t_ms=3536 q_pkts=302 q_bytes=454208 qdelay_l_ms=1.10459 qdelay_c_ms=152.413 ecn_mark=260 drop=0
[QUEUE_STATS] t_ms=3552 q_pkts=304 q_bytes=457216 qdelay_l_ms=0.895192 qdelay_c_ms=153.156 ecn_mark=260 drop=0
[QUEUE_STATS] t_ms=3568 q_pkts=306 q_bytes=460224 qdelay_l_ms=1.09682 qdelay_c_ms=150.991 ecn_mark=260 drop=0
[QUEUE_STATS] t_ms=3584 q_pkts=307 q_bytes=461728 qdelay_l_ms=1.06355 qdelay_c_ms=156.195 ecn_mark=260 drop=0
[QUEUE_STATS] t_ms=3600 q_pkts=310 q_bytes=466240 qdelay_l_ms=0.839477 qdelay_c_ms=153.822 ecn_mark=260 drop=0
[QUEUE_STATS] t_ms=3616 q_pkts=310 q_bytes=466240 qdelay_l_ms=0.863513 qdelay_c_ms=153.872 ecn_mark=261 drop=0
[QUEUE_STATS] t_ms=3632 q_pkts=314 q_bytes=472256 qdelay_l_ms=0.888109 qdelay_c_ms=158.859 ecn_mark=262 drop=0
[QUEUE_STATS] t_ms=3648 q_pkts=314 q_bytes=472256 qdelay_l_ms=0.908909 qdelay_c_ms=155.297 ecn_mark=262 drop=0
[QUEUE_STATS] t_ms=3664 q_pkts=316 q_bytes=475264 qdelay_l_ms=0.626337 qdelay_c_ms=157.047 ecn_mark=262 drop=0
[QUEUE_STATS] t_ms=3680 q_pkts=320 q_bytes=481280 qdelay_l_ms=1.1035 qdelay_c_ms=162.041 ecn_mark=262 drop=0
[QUEUE_STATS] t_ms=3696 q_pkts=322 q_bytes=484288 qdelay_l_ms=1.04077 qdelay_c_ms=160.605 ecn_mark=263 drop=0
[QUEUE_STATS] t_ms=3712 q_pkts=321 q_bytes=482784 qdelay_l_ms=1.06335 qdelay_c_ms=162.166 ecn_mark=263 drop=0
[QUEUE_STATS] t_ms=3728 q_pkts=325 q_bytes=488800 qdelay_l_ms=1.03117 qdelay_c_ms=166.266 ecn_mark=264 drop=0
[QUEUE_STATS] t_ms=3744 q_pkts=324 q_bytes=487296 qdelay_l_ms=0.839308 qdelay_c_ms=164.768 ecn_mark=265 drop=0
[QUEUE_STATS] t_ms=3760 q_pkts=325 q_bytes=488800 qdelay_l_ms=0.766201 qdelay_c_ms=166.047 ecn_mark=265 drop=0
[QUEUE_STATS] t_ms=3776 q_pkts=331 q_bytes=497824 qdelay_l_ms=1.07557 qdelay_c_ms=169.183 ecn_mark=265 drop=0
[QUEUE_STATS] t_ms=3792 q_pkts=329 q_bytes=494816 qdelay_l_ms=1.07259 qdelay_c_ms=168.796 ecn_mark=267 drop=0
[QUEUE_STATS] t_ms=3808 q_pkts=330 q_bytes=496320 qdelay_l_ms=1.07127 qdelay_c_ms=170.066 ecn_mark=268 drop=0
[QUEUE_STATS] t_ms=3824 q_pkts=334 q_bytes=502336 qdelay_l_ms=1.03927 qdelay_c_ms=172.124 ecn_mark=268 drop=0
[QUEUE_STATS] t_ms=3840 q_pkts=336 q_bytes=505344 qdelay_l_ms=0.829058 qdelay_c_ms=171.611 ecn_mark=269 drop=0
[QUEUE_STATS] t_ms=3856 q_pkts=334 q_bytes=502336 qdelay_l_ms=1.08456 qdelay_c_ms=173.809 ecn_mark=269 drop=0
[QUEUE_STATS] t_ms=3872 q_pkts=340 q_bytes=511360 qdelay_l_ms=0.609906 qdelay_c_ms=176.724 ecn_mark=270 drop=0
[QUEUE_STATS] t_ms=3888 q_pkts=340 q_bytes=511360 qdelay_l_ms=0.636576 qdelay_c_ms=175.688 ecn_mark=270 drop=0
[QUEUE_STATS] t_ms=3904 q_pkts=343 q_bytes=514420 qdelay_l_ms=0.589728 qdelay_c_ms=177.829 ecn_mark=270 drop=0
[QUEUE_STATS] t_ms=3920 q_pkts=345 q_bytes=517428 qdelay_l_ms=1.09589 qdelay_c_ms=180.88 ecn_mark=270 drop=0
[QUEUE_STATS] t_ms=3936 q_pkts=344 q_bytes=515924 qdelay_l_ms=1.09308 qdelay_c_ms=179.707 ecn_mark=271 drop=0
[QUEUE_STATS] t_ms=3952 q_pkts=347 q_bytes=520436 qdelay_l_ms=1.09503 qdelay_c_ms=180.876 ecn_mark=272 drop=0
[QUEUE_STATS] t_ms=3968 q_pkts=348 q_bytes=521940 qdelay_l_ms=0.606079 qdelay_c_ms=183.98 ecn_mark=273 drop=0
[QUEUE_STATS] t_ms=3984 q_pkts=351 q_bytes=526452 qdelay_l_ms=1.02199 qdelay_c_ms=184.854 ecn_mark=274 drop=0
[QUEUE_STATS] t_ms=4000 q_pkts=350 q_bytes=524948 qdelay_l_ms=0.97906 qdelay_c_ms=184.883 ecn_mark=275 drop=0
[QUEUE_STATS] t_ms=4016 q_pkts=354 q_bytes=530964 qdelay_l_ms=1.10041 qdelay_c_ms=187.09 ecn_mark=276 drop=0
[QUEUE_STATS] t_ms=4032 q_pkts=352 q_bytes=527956 qdelay_l_ms=0.883841 qdelay_c_ms=188.698 ecn_mark=276 drop=0
[QUEUE_STATS] t_ms=4048 q_pkts=356 q_bytes=533972 qdelay_l_ms=1.10363 qdelay_c_ms=188.004 ecn_mark=276 drop=0
[QUEUE_STATS] t_ms=4064 q_pkts=358 q_bytes=536980 qdelay_l_ms=1.08051 qdelay_c_ms=192.832 ecn_mark=276 drop=0
[QUEUE_STATS] t_ms=4080 q_pkts=358 q_bytes=536980 qdelay_l_ms=1.08281 qdelay_c_ms=192.027 ecn_mark=276 drop=0
[QUEUE_STATS] t_ms=4096 q_pkts=358 q_bytes=538432 qdelay_l_ms=1.08278 qdelay_c_ms=192.953 ecn_mark=276 drop=0
[QUEUE_STATS] t_ms=4112 q_pkts=364 q_bytes=547456 qdelay_l_ms=0.964423 qdelay_c_ms=196.241 ecn_mark=276 drop=0
[QUEUE_STATS] t_ms=4128 q_pkts=364 q_bytes=547456 qdelay_l_ms=1.0721 qdelay_c_ms=196.794 ecn_mark=278 drop=0
[QUEUE_STATS] t_ms=4144 q_pkts=366 q_bytes=550464 qdelay_l_ms=1.11832 qdelay_c_ms=197.045 ecn_mark=279 drop=0
[QUEUE_STATS] t_ms=4160 q_pkts=370 q_bytes=556480 qdelay_l_ms=1.09497 qdelay_c_ms=198.832 ecn_mark=279 drop=0
[QUEUE_STATS] t_ms=4176 q_pkts=368 q_bytes=553472 qdelay_l_ms=0.822085 qdelay_c_ms=201.622 ecn_mark=279 drop=0
[QUEUE_STATS] t_ms=4192 q_pkts=370 q_bytes=556480 qdelay_l_ms=1.07695 qdelay_c_ms=202.862 ecn_mark=280 drop=0
[QUEUE_STATS] t_ms=4208 q_pkts=374 q_bytes=562496 qdelay_l_ms=1.08011 qdelay_c_ms=202.734 ecn_mark=280 drop=0
[QUEUE_STATS] t_ms=4224 q_pkts=372 q_bytes=559488 qdelay_l_ms=1.06761 qdelay_c_ms=204.163 ecn_mark=282 drop=0
[QUEUE_STATS] t_ms=4240 q_pkts=373 q_bytes=560992 qdelay_l_ms=0.772722 qdelay_c_ms=206.783 ecn_mark=285 drop=0
[QUEUE_STATS] t_ms=4256 q_pkts=377 q_bytes=567008 qdelay_l_ms=1.10016 qdelay_c_ms=205.664 ecn_mark=286 drop=0
[QUEUE_STATS] t_ms=4272 q_pkts=379 q_bytes=570016 qdelay_l_ms=1.10999 qdelay_c_ms=209.613 ecn_mark=286 drop=0
[QUEUE_STATS] t_ms=4288 q_pkts=380 q_bytes=571520 qdelay_l_ms=0.610718 qdelay_c_ms=211.802 ecn_mark=288 drop=0
[QUEUE_STATS] t_ms=4304 q_pkts=379 q_bytes=570016 qdelay_l_ms=0.753706 qdelay_c_ms=210.952 ecn_mark=290 drop=0
[QUEUE_STATS] t_ms=4320 q_pkts=381 q_bytes=573024 qdelay_l_ms=1.06723 qdelay_c_ms=214.021 ecn_mark=291 drop=0
[QUEUE_STATS] t_ms=4336 q_pkts=383 q_bytes=576032 qdelay_l_ms=1.06816 qdelay_c_ms=216.037 ecn_mark=292 drop=0
[QUEUE_STATS] t_ms=4352 q_pkts=384 q_bytes=577536 qdelay_l_ms=0.805234 qdelay_c_ms=216.898 ecn_mark=293 drop=0
[QUEUE_STATS] t_ms=4368 q_pkts=385 q_bytes=579040 qdelay_l_ms=0.822305 qdelay_c_ms=215.766 ecn_mark=293 drop=0
[QUEUE_STATS] t_ms=4384 q_pkts=388 q_bytes=583552 qdelay_l_ms=0.743648 qdelay_c_ms=218.76 ecn_mark=293 drop=0
[QUEUE_STATS] t_ms=4400 q_pkts=389 q_bytes=585056 qdelay_l_ms=0.754227 qdelay_c_ms=219.879 ecn_mark=293 drop=0
[QUEUE_STATS] t_ms=4416 q_pkts=390 q_bytes=586560 qdelay_l_ms=0.788091 qdelay_c_ms=220.73 ecn_mark=294 drop=0
[QUEUE_STATS] t_ms=4432 q_pkts=393 q_bytes=591072 qdelay_l_ms=1.0372 qdelay_c_ms=221.883 ecn_mark=295 drop=0
[QUEUE_STATS] t_ms=4448 q_pkts=394 q_bytes=592576 qdelay_l_ms=1.08975 qdelay_c_ms=222.948 ecn_mark=295 drop=0
[QUEUE_STATS] t_ms=4464 q_pkts=394 q_bytes=592576 qdelay_l_ms=1.06805 qdelay_c_ms=222.971 ecn_mark=295 drop=0
[QUEUE_STATS] t_ms=4480 q_pkts=395 q_bytes=594080 qdelay_l_ms=0.576353 qdelay_c_ms=224.963 ecn_mark=295 drop=0
[QUEUE_STATS] t_ms=4496 q_pkts=400 q_bytes=601600 qdelay_l_ms=0.807227 qdelay_c_ms=225.513 ecn_mark=295 drop=0
[QUEUE_STATS] t_ms=4512 q_pkts=399 q_bytes=600096 qdelay_l_ms=0.74493 qdelay_c_ms=226.762 ecn_mark=296 drop=0
[QUEUE_STATS] t_ms=4528 q_pkts=402 q_bytes=604608 qdelay_l_ms=1.08327 qdelay_c_ms=230.249 ecn_mark=297 drop=0
[QUEUE_STATS] t_ms=4544 q_pkts=404 q_bytes=607616 qdelay_l_ms=1.08389 qdelay_c_ms=230.837 ecn_mark=299 drop=0
[QUEUE_STATS] t_ms=4560 q_pkts=403 q_bytes=606112 qdelay_l_ms=0.737075 qdelay_c_ms=228.668 ecn_mark=300 drop=0
[QUEUE_STATS] t_ms=4576 q_pkts=405 q_bytes=609120 qdelay_l_ms=1.07495 qdelay_c_ms=233.017 ecn_mark=301 drop=0
[QUEUE_STATS] t_ms=4592 q_pkts=408 q_bytes=613632 qdelay_l_ms=1.0629 qdelay_c_ms=233.827 ecn_mark=307 drop=0
[QUEUE_STATS] t_ms=4608 q_pkts=408 q_bytes=613632 qdelay_l_ms=1.09865 qdelay_c_ms=233.058 ecn_mark=308 drop=0
[QUEUE_STATS] t_ms=4624 q_pkts=408 q_bytes=613632 qdelay_l_ms=1.06952 qdelay_c_ms=237.357 ecn_mark=308 drop=0
[QUEUE_STATS] t_ms=4640 q_pkts=413 q_bytes=621152 qdelay_l_ms=1.09794 qdelay_c_ms=236.194 ecn_mark=308 drop=0
[QUEUE_STATS] t_ms=4656 q_pkts=411 q_bytes=618144 qdelay_l_ms=1.09433 qdelay_c_ms=238.97 ecn_mark=310 drop=0
[QUEUE_STATS] t_ms=4673 q_pkts=412 q_bytes=619648 qdelay_l_ms=1.09517 qdelay_c_ms=241.291 ecn_mark=310 drop=0
[QUEUE_STATS] t_ms=4688 q_pkts=417 q_bytes=627168 qdelay_l_ms=1.09821 qdelay_c_ms=239.759 ecn_mark=313 drop=0
[QUEUE_STATS] t_ms=4704 q_pkts=415 q_bytes=624160 qdelay_l_ms=1.0682 qdelay_c_ms=241.193 ecn_mark=313 drop=0
[QUEUE_STATS] t_ms=4720 q_pkts=416 q_bytes=625664 qdelay_l_ms=1.07892 qdelay_c_ms=242.968 ecn_mark=313 drop=0
[QUEUE_STATS] t_ms=4736 q_pkts=420 q_bytes=631680 qdelay_l_ms=1.07619 qdelay_c_ms=242.999 ecn_mark=313 drop=0
[QUEUE_STATS] t_ms=4752 q_pkts=420 q_bytes=631680 qdelay_l_ms=1.08601 qdelay_c_ms=245.07 ecn_mark=314 drop=0
[QUEUE_STATS] t_ms=4768 q_pkts=423 q_bytes=636192 qdelay_l_ms=0.950527 qdelay_c_ms=248.985 ecn_mark=317 drop=0
[QUEUE_STATS] t_ms=4784 q_pkts=423 q_bytes=636192 qdelay_l_ms=1.10047 qdelay_c_ms=245.051 ecn_mark=318 drop=0
[QUEUE_STATS] t_ms=4800 q_pkts=424 q_bytes=637696 qdelay_l_ms=1.09221 qdelay_c_ms=250.145 ecn_mark=319 drop=0
[QUEUE_STATS] t_ms=4816 q_pkts=426 q_bytes=640704 qdelay_l_ms=1.08328 qdelay_c_ms=249.771 ecn_mark=321 drop=0
[QUEUE_STATS] t_ms=4832 q_pkts=427 q_bytes=642208 qdelay_l_ms=1.07619 qdelay_c_ms=248.818 ecn_mark=322 drop=0
[QUEUE_STATS] t_ms=4848 q_pkts=427 q_bytes=642208 qdelay_l_ms=1.08258 qdelay_c_ms=253.188 ecn_mark=322 drop=0
[QUEUE_STATS] t_ms=4864 q_pkts=429 q_bytes=645216 qdelay_l_ms=1.08117 qdelay_c_ms=254.073 ecn_mark=323 drop=0
[QUEUE_STATS] t_ms=4880 q_pkts=431 q_bytes=648224 qdelay_l_ms=0.700867 qdelay_c_ms=250.697 ecn_mark=324 drop=0
[QUEUE_STATS] t_ms=4896 q_pkts=430 q_bytes=646720 qdelay_l_ms=1.05553 qdelay_c_ms=255.121 ecn_mark=325 drop=0
[QUEUE_STATS] t_ms=4912 q_pkts=436 q_bytes=655744 qdelay_l_ms=1.09466 qdelay_c_ms=254.99 ecn_mark=327 drop=0
[QUEUE_STATS] t_ms=4928 q_pkts=436 q_bytes=655744 qdelay_l_ms=0.738508 qdelay_c_ms=253.834 ecn_mark=328 drop=0
[QUEUE_STATS] t_ms=4944 q_pkts=433 q_bytes=651232 qdelay_l_ms=1.08631 qdelay_c_ms=257.848 ecn_mark=328 drop=0
[QUEUE_STATS] t_ms=4960 q_pkts=438 q_bytes=658752 qdelay_l_ms=1.09281 qdelay_c_ms=259.152 ecn_mark=329 drop=0
[QUEUE_STATS] t_ms=4976 q_pkts=440 q_bytes=661760 qdelay_l_ms=1.08283 qdelay_c_ms=258.271 ecn_mark=330 drop=0
[QUEUE_STATS] t_ms=4992 q_pkts=440 q_bytes=661760 qdelay_l_ms=1.09401 qdelay_c_ms=261.167 ecn_mark=331 drop=0
[QUEUE_STATS] t_ms=5008 q_pkts=441 q_bytes=663264 qdelay_l_ms=1.07581 qdelay_c_ms=260.979 ecn_mark=335 drop=0
[QUEUE_STATS] t_ms=5024 q_pkts=444 q_bytes=667776 qdelay_l_ms=1.10689 qdelay_c_ms=261.874 ecn_mark=337 drop=0
[QUEUE_STATS] t_ms=5040 q_pkts=444 q_bytes=667776 qdelay_l_ms=1.08978 qdelay_c_ms=264.747 ecn_mark=337 drop=0
[QUEUE_STATS] t_ms=5056 q_pkts=445 q_bytes=669280 qdelay_l_ms=1.09287 qdelay_c_ms=263.944 ecn_mark=339 drop=0
[QUEUE_STATS] t_ms=5072 q_pkts=449 q_bytes=675296 qdelay_l_ms=1.11235 qdelay_c_ms=265.171 ecn_mark=340 drop=0
[QUEUE_STATS] t_ms=5088 q_pkts=450 q_bytes=676800 qdelay_l_ms=1.07238 qdelay_c_ms=266.056 ecn_mark=342 drop=0
[QUEUE_STATS] t_ms=5104 q_pkts=447 q_bytes=672288 qdelay_l_ms=0.743968 qdelay_c_ms=266.803 ecn_mark=342 drop=0
[QUEUE_STATS] t_ms=5120 q_pkts=450 q_bytes=676800 qdelay_l_ms=1.07465 qdelay_c_ms=269.09 ecn_mark=344 drop=0
[QUEUE_STATS] t_ms=5136 q_pkts=452 q_bytes=679808 qdelay_l_ms=1.08634 qdelay_c_ms=269.996 ecn_mark=344 drop=0
[QUEUE_STATS] t_ms=5152 q_pkts=453 q_bytes=681312 qdelay_l_ms=1.0659 qdelay_c_ms=268.848 ecn_mark=345 drop=0
[QUEUE_STATS] t_ms=5168 q_pkts=453 q_bytes=681312 qdelay_l_ms=1.072 qdelay_c_ms=269.819 ecn_mark=346 drop=0
[QUEUE_STATS] t_ms=5184 q_pkts=457 q_bytes=687328 qdelay_l_ms=1.09412 qdelay_c_ms=273.133 ecn_mark=349 drop=0
[QUEUE_STATS] t_ms=5200 q_pkts=455 q_bytes=684320 qdelay_l_ms=1.07641 qdelay_c_ms=272.966 ecn_mark=351 drop=0
[QUEUE_STATS] t_ms=5216 q_pkts=458 q_bytes=688832 qdelay_l_ms=1.06902 qdelay_c_ms=272.071 ecn_mark=355 drop=0
[QUEUE_STATS] t_ms=5232 q_pkts=458 q_bytes=688832 qdelay_l_ms=1.07818 qdelay_c_ms=273.136 ecn_mark=357 drop=0
[QUEUE_STATS] t_ms=5248 q_pkts=460 q_bytes=691840 qdelay_l_ms=1.0761 qdelay_c_ms=274.151 ecn_mark=357 drop=0
[QUEUE_STATS] t_ms=5264 q_pkts=462 q_bytes=694848 qdelay_l_ms=1.09182 qdelay_c_ms=275.997 ecn_mark=357 drop=0
[QUEUE_STATS] t_ms=5280 q_pkts=463 q_bytes=696352 qdelay_l_ms=1.0725 qdelay_c_ms=275.326 ecn_mark=359 drop=0
[QUEUE_STATS] t_ms=5296 q_pkts=464 q_bytes=697856 qdelay_l_ms=1.07285 qdelay_c_ms=276.026 ecn_mark=360 drop=0
[QUEUE_STATS] t_ms=5312 q_pkts=465 q_bytes=699360 qdelay_l_ms=1.09352 qdelay_c_ms=275.882 ecn_mark=362 drop=0
[QUEUE_STATS] t_ms=5328 q_pkts=465 q_bytes=699360 qdelay_l_ms=1.06654 qdelay_c_ms=277.966 ecn_mark=365 drop=0
[QUEUE_STATS] t_ms=5344 q_pkts=467 q_bytes=702368 qdelay_l_ms=1.0713 qdelay_c_ms=277.911 ecn_mark=365 drop=0
[QUEUE_STATS] t_ms=5360 q_pkts=468 q_bytes=703872 qdelay_l_ms=1.07891 qdelay_c_ms=277.338 ecn_mark=366 drop=0
[QUEUE_STATS] t_ms=5376 q_pkts=469 q_bytes=705376 qdelay_l_ms=0.935909 qdelay_c_ms=280.298 ecn_mark=368 drop=0
[QUEUE_STATS] t_ms=5392 q_pkts=469 q_bytes=705376 qdelay_l_ms=1.07136 qdelay_c_ms=278.022 ecn_mark=369 drop=0
[QUEUE_STATS] t_ms=5408 q_pkts=471 q_bytes=708384 qdelay_l_ms=1.09727 qdelay_c_ms=276.973 ecn_mark=370 drop=0
[QUEUE_STATS] t_ms=5424 q_pkts=471 q_bytes=708384 qdelay_l_ms=1.10673 qdelay_c_ms=279.14 ecn_mark=370 drop=0
[QUEUE_STATS] t_ms=5440 q_pkts=476 q_bytes=715904 qdelay_l_ms=1.08313 qdelay_c_ms=281.105 ecn_mark=371 drop=0
[QUEUE_STATS] t_ms=5456 q_pkts=476 q_bytes=715904 qdelay_l_ms=1.07205 qdelay_c_ms=278.849 ecn_mark=373 drop=0
[QUEUE_STATS] t_ms=5472 q_pkts=474 q_bytes=712896 qdelay_l_ms=1.07318 qdelay_c_ms=281.117 ecn_mark=377 drop=0
[QUEUE_STATS] t_ms=5488 q_pkts=479 q_bytes=720416 qdelay_l_ms=1.07257 qdelay_c_ms=278.786 ecn_mark=379 drop=0
[QUEUE_STATS] t_ms=5504 q_pkts=478 q_bytes=718912 qdelay_l_ms=1.06341 qdelay_c_ms=279.115 ecn_mark=380 drop=0
[QUEUE_STATS] t_ms=5520 q_pkts=479 q_bytes=720416 qdelay_l_ms=0.55903 qdelay_c_ms=279.755 ecn_mark=381 drop=0
[QUEUE_STATS] t_ms=5536 q_pkts=483 q_bytes=726432 qdelay_l_ms=0.760941 qdelay_c_ms=279.771 ecn_mark=384 drop=0
[QUEUE_STATS] t_ms=5552 q_pkts=481 q_bytes=723424 qdelay_l_ms=1.07556 qdelay_c_ms=279.982 ecn_mark=386 drop=0
[QUEUE_STATS] t_ms=5568 q_pkts=481 q_bytes=723424 qdelay_l_ms=1.08473 qdelay_c_ms=280.267 ecn_mark=390 drop=0
[QUEUE_STATS] t_ms=5584 q_pkts=487 q_bytes=732448 qdelay_l_ms=1.06751 qdelay_c_ms=280.102 ecn_mark=391 drop=0
[QUEUE_STATS] t_ms=5600 q_pkts=483 q_bytes=726432 qdelay_l_ms=0.832355 qdelay_c_ms=280.01 ecn_mark=391 drop=0
[QUEUE_STATS] t_ms=5616 q_pkts=485 q_bytes=729440 qdelay_l_ms=1.11396 qdelay_c_ms=280.691 ecn_mark=393 drop=0
[QUEUE_STATS] t_ms=5632 q_pkts=489 q_bytes=735456 qdelay_l_ms=1.07055 qdelay_c_ms=279.165 ecn_mark=395 drop=0
[QUEUE_STATS] t_ms=5648 q_pkts=490 q_bytes=736960 qdelay_l_ms=0.852672 qdelay_c_ms=278.892 ecn_mark=397 drop=0
[QUEUE_STATS] t_ms=5664 q_pkts=488 q_bytes=733952 qdelay_l_ms=1.08839 qdelay_c_ms=280.068 ecn_mark=400 drop=0
[QUEUE_STATS] t_ms=5680 q_pkts=490 q_bytes=736960 qdelay_l_ms=0.889782 qdelay_c_ms=281.074 ecn_mark=400 drop=0
[QUEUE_STATS] t_ms=5696 q_pkts=490 q_bytes=736960 qdelay_l_ms=1.07691 qdelay_c_ms=279.018 ecn_mark=401 drop=0
[QUEUE_STATS] t_ms=5712 q_pkts=492 q_bytes=739968 qdelay_l_ms=1.09221 qdelay_c_ms=280.035 ecn_mark=401 drop=0
[QUEUE_STATS] t_ms=5728 q_pkts=495 q_bytes=744480 qdelay_l_ms=1.05214 qdelay_c_ms=280.941 ecn_mark=403 drop=0
[QUEUE_STATS] t_ms=5744 q_pkts=495 q_bytes=744480 qdelay_l_ms=0.944084 qdelay_c_ms=280.216 ecn_mark=404 drop=0
[QUEUE_STATS] t_ms=5760 q_pkts=496 q_bytes=745984 qdelay_l_ms=1.0792 qdelay_c_ms=279.343 ecn_mark=409 drop=0
[QUEUE_STATS] t_ms=5776 q_pkts=497 q_bytes=747488 qdelay_l_ms=1.07211 qdelay_c_ms=282.086 ecn_mark=415 drop=0
[QUEUE_STATS] t_ms=5792 q_pkts=497 q_bytes=747488 qdelay_l_ms=0.779245 qdelay_c_ms=279.953 ecn_mark=415 drop=0
[QUEUE_STATS] t_ms=5808 q_pkts=488 q_bytes=733952 qdelay_l_ms=1.10065 qdelay_c_ms=280.344 ecn_mark=416 drop=0
[QUEUE_STATS] t_ms=5824 q_pkts=480 q_bytes=721920 qdelay_l_ms=0.777461 qdelay_c_ms=280.048 ecn_mark=417 drop=0
[QUEUE_STATS] t_ms=5840 q_pkts=472 q_bytes=709888 qdelay_l_ms=0.783552 qdelay_c_ms=279.642 ecn_mark=421 drop=0
[QUEUE_STATS] t_ms=5856 q_pkts=461 q_bytes=693344 qdelay_l_ms=0.810714 qdelay_c_ms=279.743 ecn_mark=424 drop=0
[QUEUE_STATS] t_ms=5872 q_pkts=453 q_bytes=681312 qdelay_l_ms=1.06914 qdelay_c_ms=279.315 ecn_mark=425 drop=0
[QUEUE_STATS] t_ms=5888 q_pkts=447 q_bytes=672288 qdelay_l_ms=0.850689 qdelay_c_ms=280.902 ecn_mark=428 drop=0
[QUEUE_STATS] t_ms=5904 q_pkts=435 q_bytes=654240 qdelay_l_ms=1.09415 qdelay_c_ms=278.783 ecn_mark=430 drop=0
[QUEUE_STATS] t_ms=5920 q_pkts=429 q_bytes=645216 qdelay_l_ms=0.992285 qdelay_c_ms=281.004 ecn_mark=432 drop=0
[QUEUE_STATS] t_ms=5936 q_pkts=420 q_bytes=631680 qdelay_l_ms=1.08255 qdelay_c_ms=278.028 ecn_mark=433 drop=0
[QUEUE_STATS] t_ms=5952 q_pkts=408 q_bytes=613632 qdelay_l_ms=0.864796 qdelay_c_ms=277.676 ecn_mark=437 drop=0
[QUEUE_STATS] t_ms=5968 q_pkts=401 q_bytes=603104 qdelay_l_ms=1.08231 qdelay_c_ms=280.217 ecn_mark=439 drop=0
[QUEUE_STATS] t_ms=5984 q_pkts=394 q_bytes=592576 qdelay_l_ms=1.07769 qdelay_c_ms=278.042 ecn_mark=439 drop=0
[QUEUE_STATS] t_ms=6000 q_pkts=381 q_bytes=573024 qdelay_l_ms=1.08696 qdelay_c_ms=278.055 ecn_mark=442 drop=0
[QUEUE_STATS] t_ms=6016 q_pkts=373 q_bytes=560992 qdelay_l_ms=1.03772 qdelay_c_ms=278.395 ecn_mark=443 drop=0
[QUEUE_STATS] t_ms=6032 q_pkts=367 q_bytes=551968 qdelay_l_ms=1.10126 qdelay_c_ms=276.91 ecn_mark=444 drop=0
[QUEUE_STATS] t_ms=6048 q_pkts=354 q_bytes=532416 qdelay_l_ms=0.902075 qdelay_c_ms=274.137 ecn_mark=445 drop=0
[QUEUE_STATS] t_ms=6064 q_pkts=346 q_bytes=520384 qdelay_l_ms=1.09145 qdelay_c_ms=278.002 ecn_mark=447 drop=0
[QUEUE_STATS] t_ms=6080 q_pkts=337 q_bytes=506848 qdelay_l_ms=1.07465 qdelay_c_ms=264.807 ecn_mark=448 drop=0
[QUEUE_STATS] t_ms=6096 q_pkts=327 q_bytes=491808 qdelay_l_ms=0.912195 qdelay_c_ms=258.07 ecn_mark=450 drop=0
[QUEUE_STATS] t_ms=6112 q_pkts=321 q_bytes=482784 qdelay_l_ms=1.04476 qdelay_c_ms=249.301 ecn_mark=453 drop=0
[QUEUE_STATS] t_ms=6128 q_pkts=322 q_bytes=484288 qdelay_l_ms=0.926271 qdelay_c_ms=240.014 ecn_mark=453 drop=0
[QUEUE_STATS] t_ms=6144 q_pkts=323 q_bytes=485792 qdelay_l_ms=1.07183 qdelay_c_ms=234.084 ecn_mark=456 drop=0
[QUEUE_STATS] t_ms=6160 q_pkts=321 q_bytes=482784 qdelay_l_ms=1.10264 qdelay_c_ms=225.913 ecn_mark=457 drop=0
[QUEUE_STATS] t_ms=6176 q_pkts=324 q_bytes=487296 qdelay_l_ms=0.973058 qdelay_c_ms=215.705 ecn_mark=459 drop=0
[QUEUE_STATS] t_ms=6192 q_pkts=322 q_bytes=484288 qdelay_l_ms=1.08917 qdelay_c_ms=209.347 ecn_mark=462 drop=0
[QUEUE_STATS] t_ms=6208 q_pkts=323 q_bytes=485792 qdelay_l_ms=1.06889 qdelay_c_ms=200.988 ecn_mark=464 drop=0
[QUEUE_STATS] t_ms=6224 q_pkts=323 q_bytes=485792 qdelay_l_ms=1.0836 qdelay_c_ms=193.043 ecn_mark=464 drop=0
[QUEUE_STATS] t_ms=6240 q_pkts=323 q_bytes=485792 qdelay_l_ms=0.851941 qdelay_c_ms=185.011 ecn_mark=465 drop=0
[QUEUE_STATS] t_ms=6256 q_pkts=325 q_bytes=488800 qdelay_l_ms=0.818779 qdelay_c_ms=177.858 ecn_mark=466 drop=0
[QUEUE_STATS] t_ms=6272 q_pkts=324 q_bytes=487296 qdelay_l_ms=1.08344 qdelay_c_ms=167.689 ecn_mark=468 drop=0
[QUEUE_STATS] t_ms=6288 q_pkts=324 q_bytes=487296 qdelay_l_ms=1.09608 qdelay_c_ms=167.985 ecn_mark=470 drop=0
[QUEUE_STATS] t_ms=6304 q_pkts=326 q_bytes=490304 qdelay_l_ms=0.850008 qdelay_c_ms=165.712 ecn_mark=471 drop=0
[QUEUE_STATS] t_ms=6320 q_pkts=325 q_bytes=488800 qdelay_l_ms=1.06876 qdelay_c_ms=166.842 ecn_mark=473 drop=0
[QUEUE_STATS] t_ms=6336 q_pkts=325 q_bytes=488800 qdelay_l_ms=0.853885 qdelay_c_ms=165.868 ecn_mark=477 drop=0
[QUEUE_STATS] t_ms=6352 q_pkts=327 q_bytes=491808 qdelay_l_ms=1.07012 qdelay_c_ms=164.143 ecn_mark=479 drop=0
[QUEUE_STATS] t_ms=6368 q_pkts=326 q_bytes=490304 qdelay_l_ms=0.79278 qdelay_c_ms=163.9 ecn_mark=479 drop=0
[QUEUE_STATS] t_ms=6384 q_pkts=327 q_bytes=491808 qdelay_l_ms=1.07126 qdelay_c_ms=164.098 ecn_mark=481 drop=0
[QUEUE_STATS] t_ms=6400 q_pkts=315 q_bytes=473760 qdelay_l_ms=1.0906 qdelay_c_ms=161.673 ecn_mark=483 drop=0
[QUEUE_STATS] t_ms=6416 q_pkts=306 q_bytes=460224 qdelay_l_ms=1.07207 qdelay_c_ms=164.256 ecn_mark=487 drop=0
[QUEUE_STATS] t_ms=6432 q_pkts=297 q_bytes=446688 qdelay_l_ms=1.09191 qdelay_c_ms=163.135 ecn_mark=488 drop=0
[QUEUE_STATS] t_ms=6448 q_pkts=286 q_bytes=430144 qdelay_l_ms=1.09021 qdelay_c_ms=161.456 ecn_mark=489 drop=0
[QUEUE_STATS] t_ms=6464 q_pkts=277 q_bytes=416608 qdelay_l_ms=1.11296 qdelay_c_ms=163.284 ecn_mark=493 drop=0
[QUEUE_STATS] t_ms=6480 q_pkts=269 q_bytes=404576 qdelay_l_ms=1.05857 qdelay_c_ms=162.138 ecn_mark=497 drop=0
[QUEUE_STATS] t_ms=6496 q_pkts=256 q_bytes=385024 qdelay_l_ms=0.87798 qdelay_c_ms=160.884 ecn_mark=500 drop=0
[QUEUE_STATS] t_ms=6512 q_pkts=248 q_bytes=372992 qdelay_l_ms=1.05983 qdelay_c_ms=163.169 ecn_mark=502 drop=0
[QUEUE_STATS] t_ms=6528 q_pkts=237 q_bytes=356448 qdelay_l_ms=1.08285 qdelay_c_ms=160.853 ecn_mark=503 drop=0
[QUEUE_STATS] t_ms=6544 q_pkts=225 q_bytes=338400 qdelay_l_ms=1.06783 qdelay_c_ms=158.82 ecn_mark=504 drop=0
[QUEUE_STATS] t_ms=6560 q_pkts=216 q_bytes=324864 qdelay_l_ms=0.681812 qdelay_c_ms=151.935 ecn_mark=504 drop=0
[QUEUE_STATS] t_ms=6576 q_pkts=206 q_bytes=309824 qdelay_l_ms=0.982827 qdelay_c_ms=143.187 ecn_mark=505 drop=0
[QUEUE_STATS] t_ms=6592 q_pkts=198 q_bytes=297792 qdelay_l_ms=0.907666 qdelay_c_ms=132.822 ecn_mark=506 drop=0
[QUEUE_STATS] t_ms=6608 q_pkts=199 q_bytes=299296 qdelay_l_ms=1.07907 qdelay_c_ms=128.225 ecn_mark=508 drop=0
[QUEUE_STATS] t_ms=6624 q_pkts=200 q_bytes=300800 qdelay_l_ms=0.929527 qdelay_c_ms=120.115 ecn_mark=508 drop=0
[QUEUE_STATS] t_ms=6640 q_pkts=198 q_bytes=297792 qdelay_l_ms=0.96269 qdelay_c_ms=110.119 ecn_mark=510 drop=0
[QUEUE_STATS] t_ms=6656 q_pkts=198 q_bytes=297792 qdelay_l_ms=0.90976 qdelay_c_ms=102.936 ecn_mark=512 drop=0
[QUEUE_STATS] t_ms=6672 q_pkts=202 q_bytes=303808 qdelay_l_ms=1.067 qdelay_c_ms=98.1162 ecn_mark=516 drop=0
[QUEUE_STATS] t_ms=6688 q_pkts=201 q_bytes=302304 qdelay_l_ms=0.875315 qdelay_c_ms=93.8627 ecn_mark=519 drop=0
[QUEUE_STATS] t_ms=6704 q_pkts=203 q_bytes=305312 qdelay_l_ms=1.08652 qdelay_c_ms=92.3594 ecn_mark=524 drop=0
[QUEUE_STATS] t_ms=6720 q_pkts=202 q_bytes=303808 qdelay_l_ms=0.724131 qdelay_c_ms=93.9924 ecn_mark=525 drop=0
[QUEUE_STATS] t_ms=6736 q_pkts=203 q_bytes=305312 qdelay_l_ms=1.0967 qdelay_c_ms=93.1341 ecn_mark=528 drop=0
[QUEUE_STATS] t_ms=6752 q_pkts=200 q_bytes=300800 qdelay_l_ms=1.11385 qdelay_c_ms=90.9635 ecn_mark=528 drop=0
[QUEUE_STATS] t_ms=6768 q_pkts=201 q_bytes=302304 qdelay_l_ms=1.08068 qdelay_c_ms=93.7046 ecn_mark=532 drop=0
[QUEUE_STATS] t_ms=6784 q_pkts=200 q_bytes=300800 qdelay_l_ms=1.06683 qdelay_c_ms=92.989 ecn_mark=532 drop=0
[QUEUE_STATS] t_ms=6800 q_pkts=201 q_bytes=302304 qdelay_l_ms=1.10861 qdelay_c_ms=91.3356 ecn_mark=535 drop=0
[QUEUE_STATS] t_ms=6816 q_pkts=203 q_bytes=305312 qdelay_l_ms=0.946048 qdelay_c_ms=92.8038 ecn_mark=537 drop=0
[QUEUE_STATS] t_ms=6832 q_pkts=202 q_bytes=303808 qdelay_l_ms=1.09274 qdelay_c_ms=91.9349 ecn_mark=539 drop=0
[QUEUE_STATS] t_ms=6848 q_pkts=200 q_bytes=300800 qdelay_l_ms=0.96267 qdelay_c_ms=90.1065 ecn_mark=540 drop=0
[QUEUE_STATS] t_ms=6864 q_pkts=198 q_bytes=297792 qdelay_l_ms=0 qdelay_c_ms=92.4337 ecn_mark=542 drop=0
[QUEUE_STATS] t_ms=6880 q_pkts=202 q_bytes=303808 qdelay_l_ms=0.98928 qdelay_c_ms=93.139 ecn_mark=543 drop=0
[QUEUE_STATS] t_ms=6896 q_pkts=201 q_bytes=302304 qdelay_l_ms=0.975072 qdelay_c_ms=88.8205 ecn_mark=545 drop=0
[QUEUE_STATS] t_ms=6912 q_pkts=201 q_bytes=302304 qdelay_l_ms=0.968881 qdelay_c_ms=89.4921 ecn_mark=546 drop=0
[QUEUE_STATS] t_ms=6929 q_pkts=204 q_bytes=306816 qdelay_l_ms=1.06124 qdelay_c_ms=91.3625 ecn_mark=550 drop=0
[QUEUE_STATS] t_ms=6944 q_pkts=205 q_bytes=308320 qdelay_l_ms=0.975574 qdelay_c_ms=88.6823 ecn_mark=555 drop=0
[QUEUE_STATS] t_ms=6960 q_pkts=195 q_bytes=293280 qdelay_l_ms=0.97875 qdelay_c_ms=88.799 ecn_mark=555 drop=0
[QUEUE_STATS] t_ms=6976 q_pkts=186 q_bytes=279744 qdelay_l_ms=1.05591 qdelay_c_ms=91.3225 ecn_mark=556 drop=0
[QUEUE_STATS] t_ms=6992 q_pkts=177 q_bytes=266208 qdelay_l_ms=1.00183 qdelay_c_ms=89.9118 ecn_mark=558 drop=0
[QUEUE_STATS] t_ms=7008 q_pkts=162 q_bytes=243648 qdelay_l_ms=0 qdelay_c_ms=86.7923 ecn_mark=559 drop=0
[QUEUE_STATS] t_ms=7024 q_pkts=155 q_bytes=233120 qdelay_l_ms=1.06835 qdelay_c_ms=90.1648 ecn_mark=564 drop=0
[QUEUE_STATS] t_ms=7040 q_pkts=145 q_bytes=218080 qdelay_l_ms=0.87282 qdelay_c_ms=89.8371 ecn_mark=564 drop=0
[QUEUE_STATS] t_ms=7056 q_pkts=131 q_bytes=197024 qdelay_l_ms=1.0121 qdelay_c_ms=79.3397 ecn_mark=565 drop=0
[QUEUE_STATS] t_ms=7072 q_pkts=121 q_bytes=181984 qdelay_l_ms=1.05836 qdelay_c_ms=76.3009 ecn_mark=567 drop=0
[QUEUE_STATS] t_ms=7088 q_pkts=112 q_bytes=168448 qdelay_l_ms=1.03248 qdelay_c_ms=68.0836 ecn_mark=567 drop=0
[QUEUE_STATS] t_ms=7104 q_pkts=111 q_bytes=166944 qdelay_l_ms=1.03559 qdelay_c_ms=59.8722 ecn_mark=569 drop=0
[QUEUE_STATS] t_ms=7120 q_pkts=110 q_bytes=165440 qdelay_l_ms=0.999989 qdelay_c_ms=50.9112 ecn_mark=570 drop=0
[QUEUE_STATS] t_ms=7136 q_pkts=110 q_bytes=165440 qdelay_l_ms=1.02348 qdelay_c_ms=48.1114 ecn_mark=572 drop=0
[QUEUE_STATS] t_ms=7152 q_pkts=100 q_bytes=150400 qdelay_l_ms=1.05252 qdelay_c_ms=47.2814 ecn_mark=573 drop=0
[QUEUE_STATS] t_ms=7168 q_pkts=84 q_bytes=126336 qdelay_l_ms=1.04079 qdelay_c_ms=46.3623 ecn_mark=574 drop=0
[QUEUE_STATS] t_ms=7184 q_pkts=75 q_bytes=112800 qdelay_l_ms=1.08568 qdelay_c_ms=45.4301 ecn_mark=576 drop=0
[QUEUE_STATS] t_ms=7200 q_pkts=64 q_bytes=96256 qdelay_l_ms=0.956828 qdelay_c_ms=39.062 ecn_mark=579 drop=0
[QUEUE_STATS] t_ms=7216 q_pkts=50 q_bytes=75200 qdelay_l_ms=1.05032 qdelay_c_ms=28.0449 ecn_mark=580 drop=0
[QUEUE_STATS] t_ms=7232 q_pkts=47 q_bytes=70688 qdelay_l_ms=1.04873 qdelay_c_ms=23.9661 ecn_mark=583 drop=0
[QUEUE_STATS] t_ms=7248 q_pkts=44 q_bytes=66176 qdelay_l_ms=0 qdelay_c_ms=18.9762 ecn_mark=584 drop=0
[QUEUE_STATS] t_ms=7264 q_pkts=45 q_bytes=67680 qdelay_l_ms=1.06511 qdelay_c_ms=16.8284 ecn_mark=586 drop=0
[QUEUE_STATS] t_ms=7280 q_pkts=46 q_bytes=69184 qdelay_l_ms=1.10652 qdelay_c_ms=19.229 ecn_mark=587 drop=0
[QUEUE_STATS] t_ms=7296 q_pkts=48 q_bytes=72192 qdelay_l_ms=0.538923 qdelay_c_ms=18.8582 ecn_mark=587 drop=0
[QUEUE_STATS] t_ms=7312 q_pkts=45 q_bytes=67680 qdelay_l_ms=1.0633 qdelay_c_ms=16.5588 ecn_mark=588 drop=0
[QUEUE_STATS] t_ms=7328 q_pkts=46 q_bytes=69184 qdelay_l_ms=1.06823 qdelay_c_ms=19.4519 ecn_mark=590 drop=0
[QUEUE_STATS] t_ms=7344 q_pkts=48 q_bytes=72192 qdelay_l_ms=0 qdelay_c_ms=18.6696 ecn_mark=592 drop=0
[QUEUE_STATS] t_ms=7360 q_pkts=46 q_bytes=69184 qdelay_l_ms=0.504698 qdelay_c_ms=17.8655 ecn_mark=593 drop=0
[QUEUE_STATS] t_ms=7376 q_pkts=47 q_bytes=70688 qdelay_l_ms=1.09901 qdelay_c_ms=18.8616 ecn_mark=594 drop=0
[QUEUE_STATS] t_ms=7392 q_pkts=47 q_bytes=70688 qdelay_l_ms=0.55306 qdelay_c_ms=16.911 ecn_mark=596 drop=0
[QUEUE_STATS] t_ms=7408 q_pkts=44 q_bytes=66176 qdelay_l_ms=1.06699 qdelay_c_ms=19.2058 ecn_mark=598 drop=0
[QUEUE_STATS] t_ms=7424 q_pkts=46 q_bytes=69184 qdelay_l_ms=1.07746 qdelay_c_ms=19.1745 ecn_mark=600 drop=0
[QUEUE_STATS] t_ms=7440 q_pkts=44 q_bytes=66176 qdelay_l_ms=1.05859 qdelay_c_ms=16.9668 ecn_mark=601 drop=0
[QUEUE_STATS] t_ms=7456 q_pkts=46 q_bytes=69184 qdelay_l_ms=1.06693 qdelay_c_ms=18.3639 ecn_mark=602 drop=0
[QUEUE_STATS] t_ms=7472 q_pkts=47 q_bytes=70688 qdelay_l_ms=1.09888 qdelay_c_ms=18.9714 ecn_mark=604 drop=0
[QUEUE_STATS] t_ms=7488 q_pkts=45 q_bytes=67680 qdelay_l_ms=1.07671 qdelay_c_ms=15.1091 ecn_mark=604 drop=0
[QUEUE_STATS] t_ms=7504 q_pkts=44 q_bytes=66176 qdelay_l_ms=1.05949 qdelay_c_ms=18.0597 ecn_mark=606 drop=0
[QUEUE_STATS] t_ms=7520 q_pkts=47 q_bytes=70688 qdelay_l_ms=1.07114 qdelay_c_ms=18.7069 ecn_mark=611 drop=0
[QUEUE_STATS] t_ms=7536 q_pkts=49 q_bytes=73696 qdelay_l_ms=1.05237 qdelay_c_ms=17.1488 ecn_mark=614 drop=0
[QUEUE_STATS] t_ms=7552 q_pkts=43 q_bytes=64672 qdelay_l_ms=0 qdelay_c_ms=18.1974 ecn_mark=614 drop=0
[QUEUE_STATS] t_ms=7568 q_pkts=50 q_bytes=75200 qdelay_l_ms=1.08193 qdelay_c_ms=18.8897 ecn_mark=615 drop=0
[QUEUE_STATS] t_ms=7584 q_pkts=50 q_bytes=75200 qdelay_l_ms=1.11663 qdelay_c_ms=18.1168 ecn_mark=617 drop=0
[QUEUE_STATS] t_ms=7600 q_pkts=49 q_bytes=73696 qdelay_l_ms=0.57997 qdelay_c_ms=18.5368 ecn_mark=619 drop=0
[QUEUE_STATS] t_ms=7616 q_pkts=50 q_bytes=75200 qdelay_l_ms=1.07754 qdelay_c_ms=18.8533 ecn_mark=622 drop=0
[QUEUE_STATS] t_ms=7632 q_pkts=37 q_bytes=55648 qdelay_l_ms=1.09478 qdelay_c_ms=17.7934 ecn_mark=624 drop=0
[QUEUE_STATS] t_ms=7648 q_pkts=23 q_bytes=34592 qdelay_l_ms=1.04527 qdelay_c_ms=12.9103 ecn_mark=625 drop=0
[QUEUE_STATS] t_ms=7664 q_pkts=11 q_bytes=16544 qdelay_l_ms=0.786829 qdelay_c_ms=5.79859 ecn_mark=628 drop=0
[QUEUE_STATS] t_ms=7680 q_pkts=5 q_bytes=7520 qdelay_l_ms=1.06599 qdelay_c_ms=1.11689 ecn_mark=629 drop=0
[QUEUE_STATS] t_ms=7696 q_pkts=4 q_bytes=6016 qdelay_l_ms=1.03818 qdelay_c_ms=2.2005 ecn_mark=632 drop=0
[QUEUE_STATS] t_ms=7712 q_pkts=6 q_bytes=9024 qdelay_l_ms=1.09902 qdelay_c_ms=1.09166 ecn_mark=633 drop=0
[QUEUE_STATS] t_ms=7728 q_pkts=5 q_bytes=7520 qdelay_l_ms=0.67607 qdelay_c_ms=1.8344 ecn_mark=635 drop=0
[QUEUE_STATS] t_ms=7744 q_pkts=6 q_bytes=9024 qdelay_l_ms=1.09315 qdelay_c_ms=1.84335 ecn_mark=635 drop=0
[QUEUE_STATS] t_ms=7761 q_pkts=4 q_bytes=6016 qdelay_l_ms=1.09932 qdelay_c_ms=2.17744 ecn_mark=635 drop=0
[QUEUE_STATS] t_ms=7776 q_pkts=9 q_bytes=13536 qdelay_l_ms=1.11914 qdelay_c_ms=1.72949 ecn_mark=636 drop=0
[QUEUE_STATS] t_ms=7792 q_pkts=7 q_bytes=10528 qdelay_l_ms=1.09136 qdelay_c_ms=2.8457 ecn_mark=638 drop=0
[QUEUE_STATS] t_ms=7808 q_pkts=6 q_bytes=9024 qdelay_l_ms=1.06385 qdelay_c_ms=2.14912 ecn_mark=640 drop=0
[QUEUE_STATS] t_ms=7824 q_pkts=6 q_bytes=9024 qdelay_l_ms=1.11366 qdelay_c_ms=1.10291 ecn_mark=641 drop=0
[QUEUE_STATS] t_ms=7840 q_pkts=2 q_bytes=3008 qdelay_l_ms=0.932292 qdelay_c_ms=0.937903 ecn_mark=641 drop=0
[QUEUE_STATS] t_ms=7856 q_pkts=4 q_bytes=6016 qdelay_l_ms=0.934366 qdelay_c_ms=0.929567 ecn_mark=641 drop=0
[QUEUE_STATS] t_ms=7872 q_pkts=3 q_bytes=4512 qdelay_l_ms=1.08197 qdelay_c_ms=1.08841 ecn_mark=644 drop=0
[QUEUE_STATS] t_ms=7888 q_pkts=4 q_bytes=6016 qdelay_l_ms=1.06694 qdelay_c_ms=1.07781 ecn_mark=644 drop=0
[QUEUE_STATS] t_ms=7904 q_pkts=5 q_bytes=7520 qdelay_l_ms=0.699084 qdelay_c_ms=0.694154 ecn_mark=645 drop=0
[QUEUE_STATS] t_ms=7920 q_pkts=4 q_bytes=6016 qdelay_l_ms=0.860697 qdelay_c_ms=0.855447 ecn_mark=645 drop=0
[QUEUE_STATS] t_ms=7936 q_pkts=4 q_bytes=6016 qdelay_l_ms=1.06911 qdelay_c_ms=1.0593 ecn_mark=646 drop=0
[QUEUE_STATS] t_ms=7952 q_pkts=3 q_bytes=4512 qdelay_l_ms=0.618092 qdelay_c_ms=0.612351 ecn_mark=647 drop=0
[QUEUE_STATS] t_ms=7968 q_pkts=3 q_bytes=4512 qdelay_l_ms=1.03899 qdelay_c_ms=1.03348 ecn_mark=649 drop=0
[QUEUE_STATS] t_ms=7984 q_pkts=3 q_bytes=4512 qdelay_l_ms=1.06478 qdelay_c_ms=1.08845 ecn_mark=649 drop=0
[QUEUE_STATS] t_ms=8000 q_pkts=5 q_bytes=7520 qdelay_l_ms=1.06578 qdelay_c_ms=1.04614 ecn_mark=651 drop=0
[QUEUE_STATS] t_ms=8016 q_pkts=3 q_bytes=4512 qdelay_l_ms=1.05578 qdelay_c_ms=1.05075 ecn_mark=652 drop=0
[QUEUE_STATS] t_ms=8032 q_pkts=4 q_bytes=6016 qdelay_l_ms=1.06086 qdelay_c_ms=2.19959 ecn_mark=653 drop=0
[QUEUE_STATS] t_ms=8048 q_pkts=0 q_bytes=0 qdelay_l_ms=0 qdelay_c_ms=0 ecn_mark=655 drop=0
[QUEUE_STATS] t_ms=8064 q_pkts=2 q_bytes=3008 qdelay_l_ms=0.022442 qdelay_c_ms=0.016501 ecn_mark=656 drop=0
[QUEUE_STATS] t_ms=8080 q_pkts=5 q_bytes=7520 qdelay_l_ms=0 qdelay_c_ms=2.71899 ecn_mark=656 drop=0
[QUEUE_STATS] t_ms=8096 q_pkts=1 q_bytes=1504 qdelay_l_ms=1.079 qdelay_c_ms=0 ecn_mark=656 drop=0
[QUEUE_STATS] t_ms=8112 q_pkts=3 q_bytes=4512 qdelay_l_ms=1.07001 qdelay_c_ms=1.07623 ecn_mark=659 drop=0
[QUEUE_STATS] t_ms=8128 q_pkts=3 q_bytes=4512 qdelay_l_ms=0.779405 qdelay_c_ms=0.774115 ecn_mark=661 drop=0
[QUEUE_STATS] t_ms=8144 q_pkts=5 q_bytes=7520 qdelay_l_ms=1.09734 qdelay_c_ms=1.81692 ecn_mark=662 drop=0
[QUEUE_STATS] t_ms=8160 q_pkts=2 q_bytes=3008 qdelay_l_ms=1.08332 qdelay_c_ms=0 ecn_mark=664 drop=0
[QUEUE_STATS] t_ms=8176 q_pkts=3 q_bytes=4512 qdelay_l_ms=1.08965 qdelay_c_ms=1.08272 ecn_mark=665 drop=0
[QUEUE_STATS] t_ms=8192 q_pkts=4 q_bytes=6016 qdelay_l_ms=1.09127 qdelay_c_ms=1.08459 ecn_mark=668 drop=0
[QUEUE_STATS] t_ms=8208 q_pkts=7 q_bytes=10528 qdelay_l_ms=0.778823 qdelay_c_ms=1.91003 ecn_mark=669 drop=0
[QUEUE_STATS] t_ms=8224 q_pkts=3 q_bytes=4512 qdelay_l_ms=1.06595 qdelay_c_ms=1.1082 ecn_mark=670 drop=0
[QUEUE_STATS] t_ms=8240 q_pkts=4 q_bytes=6016 qdelay_l_ms=0.780016 qdelay_c_ms=0.774325 ecn_mark=670 drop=0
[QUEUE_STATS] t_ms=8256 q_pkts=3 q_bytes=4512 qdelay_l_ms=1.04633 qdelay_c_ms=1.07084 ecn_mark=674 drop=0
[QUEUE_STATS] t_ms=8272 q_pkts=3 q_bytes=4512 qdelay_l_ms=0.663988 qdelay_c_ms=0.658928 ecn_mark=675 drop=0
[QUEUE_STATS] t_ms=8288 q_pkts=2 q_bytes=3008 qdelay_l_ms=1.0822 qdelay_c_ms=0 ecn_mark=677 drop=0
[QUEUE_STATS] t_ms=8304 q_pkts=4 q_bytes=6016 qdelay_l_ms=1.09065 qdelay_c_ms=1.08413 ecn_mark=677 drop=0
[QUEUE_STATS] t_ms=8320 q_pkts=4 q_bytes=6016 qdelay_l_ms=1.0888 qdelay_c_ms=1.08238 ecn_mark=678 drop=0
[QUEUE_STATS] t_ms=8336 q_pkts=4 q_bytes=6016 qdelay_l_ms=1.06724 qdelay_c_ms=1.0604 ecn_mark=678 drop=0
[QUEUE_STATS] t_ms=8352 q_pkts=4 q_bytes=6016 qdelay_l_ms=1.04508 qdelay_c_ms=1.03984 ecn_mark=678 drop=0
[QUEUE_STATS] t_ms=8368 q_pkts=1 q_bytes=1504 qdelay_l_ms=1.09295 qdelay_c_ms=0 ecn_mark=680 drop=0
[QUEUE_STATS] t_ms=8384 q_pkts=1 q_bytes=1504 qdelay_l_ms=0 qdelay_c_ms=1.16398 ecn_mark=680 drop=0
[QUEUE_STATS] t_ms=8400 q_pkts=2 q_bytes=3008 qdelay_l_ms=0 qdelay_c_ms=1.07525 ecn_mark=682 drop=0
[QUEUE_STATS] t_ms=8416 q_pkts=3 q_bytes=4512 qdelay_l_ms=1.06313 qdelay_c_ms=2.19677 ecn_mark=685 drop=0
[QUEUE_STATS] t_ms=8432 q_pkts=2 q_bytes=3008 qdelay_l_ms=1.08101 qdelay_c_ms=0 ecn_mark=686 drop=0
[QUEUE_STATS] t_ms=8448 q_pkts=2 q_bytes=3008 qdelay_l_ms=0 qdelay_c_ms=0.870075 ecn_mark=688 drop=0
[QUEUE_STATS] t_ms=8464 q_pkts=3 q_bytes=4512 qdelay_l_ms=0.827445 qdelay_c_ms=0.838185 ecn_mark=690 drop=0
[QUEUE_STATS] t_ms=8480 q_pkts=4 q_bytes=6016 qdelay_l_ms=1.09491 qdelay_c_ms=1.08888 ecn_mark=691 drop=0
[QUEUE_STATS] t_ms=8496 q_pkts=4 q_bytes=6016 qdelay_l_ms=1.08805 qdelay_c_ms=1.08175 ecn_mark=692 drop=0
[QUEUE_STATS] t_ms=8512 q_pkts=3 q_bytes=4512 qdelay_l_ms=0.859996 qdelay_c_ms=1.99604 ecn_mark=695 drop=0
[QUEUE_STATS] t_ms=8528 q_pkts=4 q_bytes=6016 qdelay_l_ms=1.08176 qdelay_c_ms=1.07486 ecn_mark=696 drop=0
[QUEUE_STATS] t_ms=8544 q_pkts=5 q_bytes=7520 qdelay_l_ms=1.09098 qdelay_c_ms=1.99794 ecn_mark=697 drop=0
[QUEUE_STATS] t_ms=8560 q_pkts=2 q_bytes=3008 qdelay_l_ms=0.891526 qdelay_c_ms=0.896164 ecn_mark=699 drop=0
[QUEUE_STATS] t_ms=8576 q_pkts=4 q_bytes=6016 qdelay_l_ms=1.07524 qdelay_c_ms=2.07777 ecn_mark=700 drop=0
[QUEUE_STATS] t_ms=8592 q_pkts=5 q_bytes=7520 qdelay_l_ms=1.09215 qdelay_c_ms=1.08554 ecn_mark=701 drop=0
[QUEUE_STATS] t_ms=8609 q_pkts=5 q_bytes=7520 qdelay_l_ms=1.04024 qdelay_c_ms=1.0824 ecn_mark=702 drop=0
[QUEUE_STATS] t_ms=8624 q_pkts=3 q_bytes=4512 qdelay_l_ms=1.07218 qdelay_c_ms=1.08377 ecn_mark=704 drop=0
[QUEUE_STATS] t_ms=8640 q_pkts=3 q_bytes=4512 qdelay_l_ms=0.914699 qdelay_c_ms=0.924708 ecn_mark=705 drop=0
[QUEUE_STATS] t_ms=8656 q_pkts=3 q_bytes=4512 qdelay_l_ms=1.07763 qdelay_c_ms=1.08787 ecn_mark=705 drop=0
[QUEUE_STATS] t_ms=8672 q_pkts=4 q_bytes=6016 qdelay_l_ms=1.09071 qdelay_c_ms=2.16915 ecn_mark=707 drop=0
[QUEUE_STATS] t_ms=8688 q_pkts=3 q_bytes=4512 qdelay_l_ms=1.08091 qdelay_c_ms=1.07519 ecn_mark=709 drop=0
[QUEUE_STATS] t_ms=8704 q_pkts=1 q_bytes=1504 qdelay_l_ms=0.986785 qdelay_c_ms=0 ecn_mark=712 drop=0
[QUEUE_STATS] t_ms=8720 q_pkts=4 q_bytes=6016 qdelay_l_ms=0.019637 qdelay_c_ms=1.18239 ecn_mark=714 drop=0
[QUEUE_STATS] t_ms=8736 q_pkts=5 q_bytes=7520 qdelay_l_ms=0.961167 qdelay_c_ms=0.955687 ecn_mark=714 drop=0
[QUEUE_STATS] t_ms=8752 q_pkts=4 q_bytes=6016 qdelay_l_ms=1.09281 qdelay_c_ms=1.08646 ecn_mark=714 drop=0
[QUEUE_STATS] t_ms=8768 q_pkts=0 q_bytes=0 qdelay_l_ms=0 qdelay_c_ms=0 ecn_mark=715 drop=0
[QUEUE_STATS] t_ms=8784 q_pkts=0 q_bytes=0 qdelay_l_ms=0 qdelay_c_ms=0 ecn_mark=716 drop=0
[QUEUE_STATS] t_ms=8800 q_pkts=4 q_bytes=6016 qdelay_l_ms=1.10539 qdelay_c_ms=1.09647 ecn_mark=717 drop=0
[QUEUE_STATS] t_ms=8816 q_pkts=4 q_bytes=6016 qdelay_l_ms=1.08887 qdelay_c_ms=1.0825 ecn_mark=719 drop=0
[QUEUE_STATS] t_ms=8832 q_pkts=5 q_bytes=7520 qdelay_l_ms=0.959783 qdelay_c_ms=2.22807 ecn_mark=721 drop=0
[QUEUE_STATS] t_ms=8848 q_pkts=5 q_bytes=7520 qdelay_l_ms=0.927303 qdelay_c_ms=0.948142 ecn_mark=721 drop=0
[QUEUE_STATS] t_ms=8864 q_pkts=5 q_bytes=7520 qdelay_l_ms=0.916723 qdelay_c_ms=2.06806 ecn_mark=724 drop=0
[QUEUE_STATS] t_ms=8880 q_pkts=3 q_bytes=4512 qdelay_l_ms=1.06324 qdelay_c_ms=1.08659 ecn_mark=726 drop=0
[QUEUE_STATS] t_ms=8896 q_pkts=5 q_bytes=7520 qdelay_l_ms=0.929537 qdelay_c_ms=0.950737 ecn_mark=728 drop=0
[QUEUE_STATS] t_ms=8912 q_pkts=5 q_bytes=7520 qdelay_l_ms=1.09845 qdelay_c_ms=1.09117 ecn_mark=732 drop=0
[QUEUE_STATS] t_ms=8928 q_pkts=6 q_bytes=9024 qdelay_l_ms=1.09823 qdelay_c_ms=1.09203 ecn_mark=733 drop=0
[QUEUE_STATS] t_ms=8944 q_pkts=5 q_bytes=7520 qdelay_l_ms=1.11626 qdelay_c_ms=1.10929 ecn_mark=733 drop=0
[QUEUE_STATS] t_ms=8960 q_pkts=6 q_bytes=9024 qdelay_l_ms=1.02581 qdelay_c_ms=1.02028 ecn_mark=733 drop=0
[QUEUE_STATS] t_ms=8976 q_pkts=3 q_bytes=4512 qdelay_l_ms=1.08258 qdelay_c_ms=2.03447 ecn_mark=736 drop=0
[QUEUE_STATS] t_ms=8992 q_pkts=0 q_bytes=0 qdelay_l_ms=0 qdelay_c_ms=0 ecn_mark=737 drop=0
[QUEUE_STATS] t_ms=9008 q_pkts=6 q_bytes=9024 qdelay_l_ms=1.00089 qdelay_c_ms=0.995781 ecn_mark=738 drop=0
[QUEUE_STATS] t_ms=9025 q_pkts=5 q_bytes=7520 qdelay_l_ms=1.07702 qdelay_c_ms=2.19887 ecn_mark=738 drop=0
[QUEUE_STATS] t_ms=9040 q_pkts=4 q_bytes=6016 qdelay_l_ms=1.08225 qdelay_c_ms=1.07707 ecn_mark=740 drop=0
[QUEUE_STATS] t_ms=9056 q_pkts=6 q_bytes=9024 qdelay_l_ms=1.11673 qdelay_c_ms=1.10917 ecn_mark=742 drop=0
[QUEUE_STATS] t_ms=9073 q_pkts=3 q_bytes=4512 qdelay_l_ms=1.06 qdelay_c_ms=1.09889 ecn_mark=742 drop=0
[QUEUE_STATS] t_ms=9088 q_pkts=3 q_bytes=4512 qdelay_l_ms=0.706788 qdelay_c_ms=0.730353 ecn_mark=743 drop=0
[QUEUE_STATS] t_ms=9104 q_pkts=4 q_bytes=6016 qdelay_l_ms=1.04298 qdelay_c_ms=1.0368 ecn_mark=744 drop=0
[QUEUE_STATS] t_ms=9120 q_pkts=4 q_bytes=6016 qdelay_l_ms=0.764236 qdelay_c_ms=0.757333 ecn_mark=745 drop=0
[QUEUE_STATS] t_ms=9136 q_pkts=4 q_bytes=6016 qdelay_l_ms=1.09174 qdelay_c_ms=1.0859 ecn_mark=747 drop=0
[QUEUE_STATS] t_ms=9152 q_pkts=5 q_bytes=7520 qdelay_l_ms=1.11824 qdelay_c_ms=1.10863 ecn_mark=748 drop=0
[QUEUE_STATS] t_ms=9168 q_pkts=4 q_bytes=6016 qdelay_l_ms=1.06176 qdelay_c_ms=1.0774 ecn_mark=749 drop=0
[QUEUE_STATS] t_ms=9184 q_pkts=4 q_bytes=6016 qdelay_l_ms=1.04996 qdelay_c_ms=1.07711 ecn_mark=749 drop=0
[QUEUE_STATS] t_ms=9200 q_pkts=8 q_bytes=12032 qdelay_l_ms=1.06656 qdelay_c_ms=1.11245 ecn_mark=749 drop=0
[QUEUE_STATS] t_ms=9216 q_pkts=5 q_bytes=7520 qdelay_l_ms=1.09108 qdelay_c_ms=2.11165 ecn_mark=753 drop=0
[QUEUE_STATS] t_ms=9232 q_pkts=3 q_bytes=4512 qdelay_l_ms=1.07885 qdelay_c_ms=1.80859 ecn_mark=754 drop=0
[QUEUE_STATS] t_ms=9248 q_pkts=0 q_bytes=0 qdelay_l_ms=0 qdelay_c_ms=0 ecn_mark=757 drop=0
[QUEUE_STATS] t_ms=9264 q_pkts=4 q_bytes=6016 qdelay_l_ms=0.747955 qdelay_c_ms=0.725573 ecn_mark=758 drop=0
[QUEUE_STATS] t_ms=9280 q_pkts=4 q_bytes=6016 qdelay_l_ms=1.00785 qdelay_c_ms=2.16628 ecn_mark=762 drop=0
[QUEUE_STATS] t_ms=9296 q_pkts=5 q_bytes=7520 qdelay_l_ms=1.11132 qdelay_c_ms=1.10068 ecn_mark=763 drop=0
[QUEUE_STATS] t_ms=9312 q_pkts=3 q_bytes=4512 qdelay_l_ms=1.03457 qdelay_c_ms=1.04501 ecn_mark=763 drop=0
[QUEUE_STATS] t_ms=9328 q_pkts=3 q_bytes=4512 qdelay_l_ms=1.06679 qdelay_c_ms=1.07743 ecn_mark=764 drop=0
[QUEUE_STATS] t_ms=9344 q_pkts=6 q_bytes=9024 qdelay_l_ms=0 qdelay_c_ms=2.18645 ecn_mark=767 drop=0
[QUEUE_STATS] t_ms=9360 q_pkts=2 q_bytes=3008 qdelay_l_ms=0.769957 qdelay_c_ms=0 ecn_mark=768 drop=0
[QUEUE_STATS] t_ms=9376 q_pkts=3 q_bytes=4512 qdelay_l_ms=1.06037 qdelay_c_ms=1.05132 ecn_mark=768 drop=0
[QUEUE_STATS] t_ms=9392 q_pkts=5 q_bytes=7520 qdelay_l_ms=1.06865 qdelay_c_ms=1.06303 ecn_mark=770 drop=0
[QUEUE_STATS] t_ms=9408 q_pkts=3 q_bytes=4512 qdelay_l_ms=1.05382 qdelay_c_ms=2.19669 ecn_mark=770 drop=0
[QUEUE_STATS] t_ms=9424 q_pkts=3 q_bytes=4512 qdelay_l_ms=1.06059 qdelay_c_ms=2.16873 ecn_mark=771 drop=0
[QUEUE_STATS] t_ms=9440 q_pkts=5 q_bytes=7520 qdelay_l_ms=1.09211 qdelay_c_ms=1.08624 ecn_mark=771 drop=0
[QUEUE_STATS] t_ms=9456 q_pkts=4 q_bytes=6016 qdelay_l_ms=1.05909 qdelay_c_ms=2.17722 ecn_mark=772 drop=0
[QUEUE_STATS] t_ms=9472 q_pkts=3 q_bytes=4512 qdelay_l_ms=1.06092 qdelay_c_ms=2.17827 ecn_mark=773 drop=0
[QUEUE_STATS] t_ms=9488 q_pkts=4 q_bytes=6016 qdelay_l_ms=1.1059 qdelay_c_ms=1.09546 ecn_mark=774 drop=0
[QUEUE_STATS] t_ms=9504 q_pkts=3 q_bytes=4512 qdelay_l_ms=1.0247 qdelay_c_ms=1.04986 ecn_mark=775 drop=0
[QUEUE_STATS] t_ms=9520 q_pkts=4 q_bytes=6016 qdelay_l_ms=0.884723 qdelay_c_ms=1.96398 ecn_mark=776 drop=0
[QUEUE_STATS] t_ms=9536 q_pkts=7 q_bytes=10528 qdelay_l_ms=1.06023 qdelay_c_ms=1.09878 ecn_mark=776 drop=0
[QUEUE_STATS] t_ms=9552 q_pkts=3 q_bytes=4512 qdelay_l_ms=1.03894 qdelay_c_ms=1.07279 ecn_mark=778 drop=0
[QUEUE_STATS] t_ms=9568 q_pkts=2 q_bytes=3008 qdelay_l_ms=0.773914 qdelay_c_ms=0.784063 ecn_mark=779 drop=0
[QUEUE_STATS] t_ms=9584 q_pkts=6 q_bytes=9024 qdelay_l_ms=0.889312 qdelay_c_ms=0.882619 ecn_mark=779 drop=0
[QUEUE_STATS] t_ms=9600 q_pkts=4 q_bytes=6016 qdelay_l_ms=1.0651 qdelay_c_ms=1.47484 ecn_mark=781 drop=0
[QUEUE_STATS] t_ms=9616 q_pkts=1 q_bytes=1504 qdelay_l_ms=0 qdelay_c_ms=0.033764 ecn_mark=781 drop=0
[QUEUE_STATS] t_ms=9633 q_pkts=3 q_bytes=4512 qdelay_l_ms=1.06551 qdelay_c_ms=1.08811 ecn_mark=781 drop=0
[QUEUE_STATS] t_ms=9648 q_pkts=3 q_bytes=4512 qdelay_l_ms=1.04796 qdelay_c_ms=1.04281 ecn_mark=782 drop=0
[QUEUE_STATS] t_ms=9664 q_pkts=5 q_bytes=7520 qdelay_l_ms=1.07915 qdelay_c_ms=1.07278 ecn_mark=782 drop=0
[QUEUE_STATS] t_ms=9680 q_pkts=6 q_bytes=9024 qdelay_l_ms=1.05574 qdelay_c_ms=1.05038 ecn_mark=783 drop=0
[QUEUE_STATS] t_ms=9696 q_pkts=4 q_bytes=6016 qdelay_l_ms=1.08034 qdelay_c_ms=1.07525 ecn_mark=785 drop=0
[QUEUE_STATS] t_ms=9712 q_pkts=6 q_bytes=9024 qdelay_l_ms=1.04154 qdelay_c_ms=2.13736 ecn_mark=788 drop=0
[QUEUE_STATS] t_ms=9728 q_pkts=4 q_bytes=6016 qdelay_l_ms=1.0594 qdelay_c_ms=2.15888 ecn_mark=789 drop=0
[QUEUE_STATS] t_ms=9744 q_pkts=2 q_bytes=3008 qdelay_l_ms=1.06649 qdelay_c_ms=1.061 ecn_mark=792 drop=0
[QUEUE_STATS] t_ms=9760 q_pkts=2 q_bytes=3008 qdelay_l_ms=1.0496 qdelay_c_ms=0 ecn_mark=792 drop=0
[QUEUE_STATS] t_ms=9776 q_pkts=6 q_bytes=9024 qdelay_l_ms=1.06081 qdelay_c_ms=2.16203 ecn_mark=793 drop=0
[QUEUE_STATS] t_ms=9792 q_pkts=5 q_bytes=7520 qdelay_l_ms=1.0656 qdelay_c_ms=1.8977 ecn_mark=793 drop=0
[QUEUE_STATS] t_ms=9808 q_pkts=6 q_bytes=9024 qdelay_l_ms=1.09746 qdelay_c_ms=1.09044 ecn_mark=795 drop=0
[QUEUE_STATS] t_ms=9824 q_pkts=6 q_bytes=9024 qdelay_l_ms=1.0924 qdelay_c_ms=1.08539 ecn_mark=795 drop=0
[QUEUE_STATS] t_ms=9840 q_pkts=3 q_bytes=4512 qdelay_l_ms=1.07563 qdelay_c_ms=1.07029 ecn_mark=797 drop=0
[QUEUE_STATS] t_ms=9856 q_pkts=5 q_bytes=7520 qdelay_l_ms=1.09133 qdelay_c_ms=1.86284 ecn_mark=797 drop=0
[QUEUE_STATS] t_ms=9872 q_pkts=4 q_bytes=6016 qdelay_l_ms=0.793351 qdelay_c_ms=0.787089 ecn_mark=798 drop=0
[QUEUE_STATS] t_ms=9888 q_pkts=4 q_bytes=6016 qdelay_l_ms=0.80318 qdelay_c_ms=1.58871 ecn_mark=800 drop=0
[QUEUE_STATS] t_ms=9904 q_pkts=4 q_bytes=6016 qdelay_l_ms=1.08102 qdelay_c_ms=1.07571 ecn_mark=802 drop=0
[QUEUE_STATS] t_ms=9920 q_pkts=6 q_bytes=9024 qdelay_l_ms=1.07466 qdelay_c_ms=2.08204 ecn_mark=802 drop=0
[QUEUE_STATS] t_ms=9936 q_pkts=3 q_bytes=4512 qdelay_l_ms=1.0313 qdelay_c_ms=1.02549 ecn_mark=802 drop=0
[QUEUE_STATS] t_ms=9952 q_pkts=4 q_bytes=6016 qdelay_l_ms=1.06592 qdelay_c_ms=1.05998 ecn_mark=803 drop=0
[QUEUE_STATS] t_ms=9968 q_pkts=5 q_bytes=7520 qdelay_l_ms=1.0581 qdelay_c_ms=1.08893 ecn_mark=804 drop=0
[QUEUE_STATS] t_ms=9984 q_pkts=5 q_bytes=7520 qdelay_l_ms=1.0022 qdelay_c_ms=0.995111 ecn_mark=805 drop=0
[QUEUE_STATS] t_ms=10000 q_pkts=4 q_bytes=6016 qdelay_l_ms=1.04 qdelay_c_ms=2.19446 ecn_mark=806 drop=0
[QUEUE_STATS] t_ms=10016 q_pkts=2 q_bytes=3008 qdelay_l_ms=0.017924 qdelay_c_ms=0.012253 ecn_mark=809 drop=0
[QUEUE_STATS] t_ms=10032 q_pkts=3 q_bytes=4512 qdelay_l_ms=1.07245 qdelay_c_ms=1.53211 ecn_mark=811 drop=0
[QUEUE_STATS] t_ms=10049 q_pkts=5 q_bytes=7520 qdelay_l_ms=1.0992 qdelay_c_ms=1.09403 ecn_mark=811 drop=0
[QUEUE_STATS] t_ms=10064 q_pkts=5 q_bytes=7520 qdelay_l_ms=0.789764 qdelay_c_ms=0.780086 ecn_mark=811 drop=0
[QUEUE_STATS] t_ms=10080 q_pkts=4 q_bytes=6016 qdelay_l_ms=1.09936 qdelay_c_ms=1.08433 ecn_mark=811 drop=0
[QUEUE_STATS] t_ms=10096 q_pkts=4 q_bytes=6016 qdelay_l_ms=1.09444 qdelay_c_ms=1.08754 ecn_mark=812 drop=0
[QUEUE_STATS] t_ms=10112 q_pkts=5 q_bytes=7520 qdelay_l_ms=0.794433 qdelay_c_ms=0.784124 ecn_mark=812 drop=0
[QUEUE_STATS] t_ms=10128 q_pkts=4 q_bytes=6016 qdelay_l_ms=1.09184 qdelay_c_ms=1.08524 ecn_mark=813 drop=0
[QUEUE_STATS] t_ms=10144 q_pkts=6 q_bytes=9024 qdelay_l_ms=1.0365 qdelay_c_ms=1.03065 ecn_mark=813 drop=0
[QUEUE_STATS] t_ms=10160 q_pkts=5 q_bytes=7520 qdelay_l_ms=1.06336 qdelay_c_ms=1.7369 ecn_mark=814 drop=0
[QUEUE_STATS] t_ms=10176 q_pkts=3 q_bytes=4512 qdelay_l_ms=1.03003 qdelay_c_ms=1.0497 ecn_mark=815 drop=0
[QUEUE_STATS] t_ms=10192 q_pkts=3 q_bytes=4512 qdelay_l_ms=0 qdelay_c_ms=2.12325 ecn_mark=815 drop=0
[QUEUE_STATS] t_ms=10208 q_pkts=7 q_bytes=10528 qdelay_l_ms=1.07844 qdelay_c_ms=1.07263 ecn_mark=816 drop=0
[QUEUE_STATS] t_ms=10224 q_pkts=3 q_bytes=4512 qdelay_l_ms=0.784405 qdelay_c_ms=0.774746 ecn_mark=817 drop=0
[QUEUE_STATS] t_ms=10240 q_pkts=3 q_bytes=4512 qdelay_l_ms=1.04378 qdelay_c_ms=1.93136 ecn_mark=819 drop=0
[QUEUE_STATS] t_ms=10256 q_pkts=3 q_bytes=4512 qdelay_l_ms=1.05935 qdelay_c_ms=1.06934 ecn_mark=820 drop=0
[QUEUE_STATS] t_ms=10272 q_pkts=3 q_bytes=4512 qdelay_l_ms=1.06089 qdelay_c_ms=1.07115 ecn_mark=821 drop=0
[QUEUE_STATS] t_ms=10288 q_pkts=3 q_bytes=4512 qdelay_l_ms=0.90997 qdelay_c_ms=1.98418 ecn_mark=821 drop=0
[QUEUE_STATS] t_ms=10304 q_pkts=6 q_bytes=9024 qdelay_l_ms=1.0656 qdelay_c_ms=1.8583 ecn_mark=823 drop=0
[QUEUE_STATS] t_ms=10320 q_pkts=4 q_bytes=6016 qdelay_l_ms=1.05865 qdelay_c_ms=1.05386 ecn_mark=825 drop=0
[QUEUE_STATS] t_ms=10337 q_pkts=5 q_bytes=7520 qdelay_l_ms=1.0385 qdelay_c_ms=1.08382 ecn_mark=826 drop=0
[QUEUE_STATS] t_ms=10352 q_pkts=7 q_bytes=10528 qdelay_l_ms=0.955266 qdelay_c_ms=0.988318 ecn_mark=826 drop=0
[QUEUE_STATS] t_ms=10368 q_pkts=3 q_bytes=4512 qdelay_l_ms=1.0765 qdelay_c_ms=1.85488 ecn_mark=827 drop=0
[QUEUE_STATS] t_ms=10384 q_pkts=0 q_bytes=0 qdelay_l_ms=0 qdelay_c_ms=0 ecn_mark=831 drop=0
[QUEUE_STATS] t_ms=10400 q_pkts=6 q_bytes=9024 qdelay_l_ms=1.06077 qdelay_c_ms=1.09875 ecn_mark=835 drop=0
[QUEUE_STATS] t_ms=10416 q_pkts=5 q_bytes=7520 qdelay_l_ms=1.09322 qdelay_c_ms=1.86529 ecn_mark=835 drop=0
[QUEUE_STATS] t_ms=10432 q_pkts=5 q_bytes=7520 qdelay_l_ms=1.07584 qdelay_c_ms=2.16866 ecn_mark=836 drop=0
[QUEUE_STATS] t_ms=10448 q_pkts=4 q_bytes=6016 qdelay_l_ms=1.07138 qdelay_c_ms=1.06223 ecn_mark=836 drop=0
[QUEUE_STATS] t_ms=10464 q_pkts=3 q_bytes=4512 qdelay_l_ms=1.10311 qdelay_c_ms=1.09189 ecn_mark=836 drop=0
[QUEUE_STATS] t_ms=10480 q_pkts=1 q_bytes=1504 qdelay_l_ms=0.825552 qdelay_c_ms=0 ecn_mark=837 drop=0
[QUEUE_STATS] t_ms=10496 q_pkts=1 q_bytes=1504 qdelay_l_ms=0 qdelay_c_ms=1.08943 ecn_mark=837 drop=0
[QUEUE_STATS] t_ms=10512 q_pkts=3 q_bytes=4512 qdelay_l_ms=0.76617 qdelay_c_ms=0.800023 ecn_mark=838 drop=0
[QUEUE_STATS] t_ms=10528 q_pkts=2 q_bytes=3008 qdelay_l_ms=0 qdelay_c_ms=0.033122 ecn_mark=838 drop=0
[QUEUE_STATS] t_ms=10544 q_pkts=3 q_bytes=4512 qdelay_l_ms=0.805765 qdelay_c_ms=0.799192 ecn_mark=838 drop=0
[QUEUE_STATS] t_ms=10560 q_pkts=2 q_bytes=3008 qdelay_l_ms=1.08151 qdelay_c_ms=1.07424 ecn_mark=838 drop=0
[QUEUE_STATS] t_ms=10576 q_pkts=2 q_bytes=3008 qdelay_l_ms=0.802639 qdelay_c_ms=1.19539 ecn_mark=838 drop=0
[QUEUE_STATS] t_ms=10592 q_pkts=7 q_bytes=10528 qdelay_l_ms=0.750891 qdelay_c_ms=0.795655 ecn_mark=840 drop=0
[QUEUE_STATS] t_ms=10608 q_pkts=3 q_bytes=4512 qdelay_l_ms=1.04888 qdelay_c_ms=1.04319 ecn_mark=840 drop=0
[QUEUE_STATS] t_ms=10624 q_pkts=6 q_bytes=9024 qdelay_l_ms=1.08803 qdelay_c_ms=1.08268 ecn_mark=840 drop=0
[QUEUE_STATS] t_ms=10640 q_pkts=3 q_bytes=4512 qdelay_l_ms=1.07808 qdelay_c_ms=1.11749 ecn_mark=840 drop=0
[QUEUE_STATS] t_ms=10656 q_pkts=4 q_bytes=6016 qdelay_l_ms=1.08644 qdelay_c_ms=1.98988 ecn_mark=840 drop=0
[QUEUE_STATS] t_ms=10672 q_pkts=0 q_bytes=0 qdelay_l_ms=0 qdelay_c_ms=0 ecn_mark=841 drop=0
[QUEUE_STATS] t_ms=10688 q_pkts=6 q_bytes=9024 qdelay_l_ms=1.09479 qdelay_c_ms=1.08868 ecn_mark=841 drop=0
[QUEUE_STATS] t_ms=10704 q_pkts=1 q_bytes=1504 qdelay_l_ms=0.870336 qdelay_c_ms=0 ecn_mark=842 drop=0
[QUEUE_STATS] t_ms=10720 q_pkts=3 q_bytes=4512 qdelay_l_ms=0.882098 qdelay_c_ms=0.892808 ecn_mark=842 drop=0
[QUEUE_STATS] t_ms=10736 q_pkts=5 q_bytes=7520 qdelay_l_ms=1.07131 qdelay_c_ms=1.10746 ecn_mark=843 drop=0
[QUEUE_STATS] t_ms=10752 q_pkts=2 q_bytes=3008 qdelay_l_ms=1.07264 qdelay_c_ms=1.7247 ecn_mark=844 drop=0
[QUEUE_STATS] t_ms=10768 q_pkts=1 q_bytes=1504 qdelay_l_ms=0.632869 qdelay_c_ms=0 ecn_mark=845 drop=0
[QUEUE_STATS] t_ms=10784 q_pkts=4 q_bytes=6016 qdelay_l_ms=1.04716 qdelay_c_ms=1.07282 ecn_mark=846 drop=0
[QUEUE_STATS] t_ms=10800 q_pkts=3 q_bytes=4512 qdelay_l_ms=1.06662 qdelay_c_ms=1.07777 ecn_mark=846 drop=0
[QUEUE_STATS] t_ms=10816 q_pkts=3 q_bytes=4512 qdelay_l_ms=0.906183 qdelay_c_ms=0.899109 ecn_mark=847 drop=0
[QUEUE_STATS] t_ms=10832 q_pkts=1 q_bytes=1504 qdelay_l_ms=0 qdelay_c_ms=1.52865 ecn_mark=848 drop=0
[QUEUE_STATS] t_ms=10848 q_pkts=6 q_bytes=9024 qdelay_l_ms=1.09567 qdelay_c_ms=1.08918 ecn_mark=848 drop=0
[QUEUE_STATS] t_ms=10864 q_pkts=0 q_bytes=0 qdelay_l_ms=0 qdelay_c_ms=0 ecn_mark=849 drop=0
[QUEUE_STATS] t_ms=10880 q_pkts=5 q_bytes=7520 qdelay_l_ms=0.900463 qdelay_c_ms=1.97974 ecn_mark=849 drop=0
[QUEUE_STATS] t_ms=10896 q_pkts=3 q_bytes=4512 qdelay_l_ms=1.07425 qdelay_c_ms=1.06901 ecn_mark=849 drop=0
[QUEUE_STATS] t_ms=10912 q_pkts=5 q_bytes=7520 qdelay_l_ms=1.05772 qdelay_c_ms=1.08542 ecn_mark=849 drop=0
[QUEUE_STATS] t_ms=10928 q_pkts=3 q_bytes=4512 qdelay_l_ms=1.05343 qdelay_c_ms=1.07652 ecn_mark=850 drop=0
[QUEUE_STATS] t_ms=10944 q_pkts=5 q_bytes=7520 qdelay_l_ms=0.753877 qdelay_c_ms=0.78706 ecn_mark=853 drop=0
[QUEUE_STATS] t_ms=10960 q_pkts=1 q_bytes=1504 qdelay_l_ms=1.07892 qdelay_c_ms=0 ecn_mark=854 drop=0
[QUEUE_STATS] t_ms=10976 q_pkts=4 q_bytes=6016 qdelay_l_ms=0 qdelay_c_ms=1.07363 ecn_mark=854 drop=0
[QUEUE_STATS] t_ms=10992 q_pkts=5 q_bytes=7520 qdelay_l_ms=1.09935 qdelay_c_ms=1.09229 ecn_mark=855 drop=0
[QUEUE_STATS] t_ms=11008 q_pkts=1 q_bytes=1504 qdelay_l_ms=1.07657 qdelay_c_ms=0 ecn_mark=856 drop=0
[QUEUE_STATS] t_ms=11024 q_pkts=4 q_bytes=6016 qdelay_l_ms=0 qdelay_c_ms=1.09933 ecn_mark=856 drop=0
[QUEUE_STATS] t_ms=11040 q_pkts=2 q_bytes=3008 qdelay_l_ms=0 qdelay_c_ms=1.08088 ecn_mark=857 drop=0
[QUEUE_STATS] t_ms=11056 q_pkts=3 q_bytes=4512 qdelay_l_ms=1.06177 qdelay_c_ms=1.07255 ecn_mark=857 drop=0
[QUEUE_STATS] t_ms=11072 q_pkts=6 q_bytes=9024 qdelay_l_ms=1.08711 qdelay_c_ms=2.19271 ecn_mark=859 drop=0
[QUEUE_STATS] t_ms=11088 q_pkts=1 q_bytes=1504 qdelay_l_ms=1.09285 qdelay_c_ms=0 ecn_mark=859 drop=0
[QUEUE_STATS] t_ms=11104 q_pkts=5 q_bytes=7520 qdelay_l_ms=1.05301 qdelay_c_ms=1.07442 ecn_mark=861 drop=0
[QUEUE_STATS] t_ms=11120 q_pkts=5 q_bytes=7520 qdelay_l_ms=1.08711 qdelay_c_ms=2.15726 ecn_mark=861 drop=0
[QUEUE_STATS] t_ms=11136 q_pkts=2 q_bytes=3008 qdelay_l_ms=1.07822 qdelay_c_ms=1.07078 ecn_mark=862 drop=0
[QUEUE_STATS] t_ms=11152 q_pkts=0 q_bytes=0 qdelay_l_ms=0 qdelay_c_ms=0 ecn_mark=862 drop=0
[QUEUE_STATS] t_ms=11168 q_pkts=0 q_bytes=0 qdelay_l_ms=0 qdelay_c_ms=0 ecn_mark=866 drop=0
[QUEUE_STATS] t_ms=11184 q_pkts=3 q_bytes=4512 qdelay_l_ms=0.782531 qdelay_c_ms=0.777441 ecn_mark=866 drop=0
[QUEUE_STATS] t_ms=11200 q_pkts=4 q_bytes=6016 qdelay_l_ms=1.0826 qdelay_c_ms=1.07776 ecn_mark=867 drop=0
[QUEUE_STATS] t_ms=11216 q_pkts=2 q_bytes=3008 qdelay_l_ms=0.791308 qdelay_c_ms=0.79772 ecn_mark=867 drop=0
[QUEUE_STATS] t_ms=11232 q_pkts=4 q_bytes=6016 qdelay_l_ms=1.08319 qdelay_c_ms=1.07055 ecn_mark=868 drop=0
[QUEUE_STATS] t_ms=11248 q_pkts=4 q_bytes=6016 qdelay_l_ms=1.03073 qdelay_c_ms=2.12282 ecn_mark=868 drop=0
[QUEUE_STATS] t_ms=11264 q_pkts=3 q_bytes=4512 qdelay_l_ms=1.04277 qdelay_c_ms=1.0713 ecn_mark=869 drop=0
[QUEUE_STATS] t_ms=11280 q_pkts=2 q_bytes=3008 qdelay_l_ms=1.07146 qdelay_c_ms=1.07726 ecn_mark=869 drop=0
[QUEUE_STATS] t_ms=11297 q_pkts=1 q_bytes=1504 qdelay_l_ms=1.07868 qdelay_c_ms=0 ecn_mark=869 drop=0
[QUEUE_STATS] t_ms=11312 q_pkts=1 q_bytes=1504 qdelay_l_ms=1.06203 qdelay_c_ms=0 ecn_mark=869 drop=0
[QUEUE_STATS] t_ms=11328 q_pkts=3 q_bytes=4512 qdelay_l_ms=1.02057 qdelay_c_ms=1.01507 ecn_mark=869 drop=0
[QUEUE_STATS] t_ms=11344 q_pkts=3 q_bytes=4512 qdelay_l_ms=1.10178 qdelay_c_ms=1.09112 ecn_mark=870 drop=0
[QUEUE_STATS] t_ms=11360 q_pkts=3 q_bytes=4512 qdelay_l_ms=1.0482 qdelay_c_ms=1.07115 ecn_mark=870 drop=0
[QUEUE_STATS] t_ms=11376 q_pkts=0 q_bytes=0 qdelay_l_ms=0 qdelay_c_ms=0 ecn_mark=872 drop=0
[QUEUE_STATS] t_ms=11392 q_pkts=3 q_bytes=4512 qdelay_l_ms=1.03778 qdelay_c_ms=1.04843 ecn_mark=872 drop=0
[QUEUE_STATS] t_ms=11408 q_pkts=3 q_bytes=4512 qdelay_l_ms=1.02248 qdelay_c_ms=1.05137 ecn_mark=873 drop=0
[QUEUE_STATS] t_ms=11424 q_pkts=1 q_bytes=1504 qdelay_l_ms=1.07285 qdelay_c_ms=0 ecn_mark=873 drop=0
[QUEUE_STATS] t_ms=11440 q_pkts=4 q_bytes=6016 qdelay_l_ms=0.76635 qdelay_c_ms=0.761131 ecn_mark=873 drop=0
[QUEUE_STATS] t_ms=11456 q_pkts=1 q_bytes=1504 qdelay_l_ms=0 qdelay_c_ms=2.1206 ecn_mark=874 drop=0
[QUEUE_STATS] t_ms=11472 q_pkts=4 q_bytes=6016 qdelay_l_ms=1.05765 qdelay_c_ms=1.06795 ecn_mark=875 drop=0
[QUEUE_STATS] t_ms=11488 q_pkts=2 q_bytes=3008 qdelay_l_ms=0 qdelay_c_ms=0.030417 ecn_mark=875 drop=0
[QUEUE_STATS] t_ms=11504 q_pkts=7 q_bytes=10528 qdelay_l_ms=1.00958 qdelay_c_ms=1.00503 ecn_mark=877 drop=0
[QUEUE_STATS] t_ms=11520 q_pkts=2 q_bytes=3008 qdelay_l_ms=1.07244 qdelay_c_ms=1.0797 ecn_mark=877 drop=0
[QUEUE_STATS] t_ms=11536 q_pkts=3 q_bytes=4512 qdelay_l_ms=1.04456 qdelay_c_ms=1.0394 ecn_mark=878 drop=0
[QUEUE_STATS] t_ms=11552 q_pkts=2 q_bytes=3008 qdelay_l_ms=0.710054 qdelay_c_ms=0.703863 ecn_mark=878 drop=0
[QUEUE_STATS] t_ms=11568 q_pkts=4 q_bytes=6016 qdelay_l_ms=1.09056 qdelay_c_ms=1.0839 ecn_mark=879 drop=0
[QUEUE_STATS] t_ms=11584 q_pkts=3 q_bytes=4512 qdelay_l_ms=1.08913 qdelay_c_ms=1.08217 ecn_mark=880 drop=0
[QUEUE_STATS] t_ms=11600 q_pkts=4 q_bytes=6016 qdelay_l_ms=1.08758 qdelay_c_ms=1.0814 ecn_mark=881 drop=0
[QUEUE_STATS] t_ms=11617 q_pkts=5 q_bytes=7520 qdelay_l_ms=1.06102 qdelay_c_ms=1.08288 ecn_mark=882 drop=0
[QUEUE_STATS] t_ms=11632 q_pkts=1 q_bytes=1504 qdelay_l_ms=1.07767 qdelay_c_ms=0 ecn_mark=883 drop=0
[QUEUE_STATS] t_ms=11648 q_pkts=1 q_bytes=1504 qdelay_l_ms=0.575281 qdelay_c_ms=0 ecn_mark=885 drop=0
[QUEUE_STATS] t_ms=11664 q_pkts=2 q_bytes=3008 qdelay_l_ms=1.08079 qdelay_c_ms=0 ecn_mark=886 drop=0
[QUEUE_STATS] t_ms=11680 q_pkts=3 q_bytes=4512 qdelay_l_ms=0.73434 qdelay_c_ms=0.729201 ecn_mark=886 drop=0
[QUEUE_STATS] t_ms=11696 q_pkts=5 q_bytes=7520 qdelay_l_ms=1.06262 qdelay_c_ms=1.05237 ecn_mark=886 drop=0
[QUEUE_STATS] t_ms=11712 q_pkts=0 q_bytes=0 qdelay_l_ms=0 qdelay_c_ms=0 ecn_mark=888 drop=0
[QUEUE_STATS] t_ms=11728 q_pkts=1 q_bytes=1504 qdelay_l_ms=1.06398 qdelay_c_ms=0 ecn_mark=888 drop=0
[QUEUE_STATS] t_ms=11744 q_pkts=6 q_bytes=9024 qdelay_l_ms=1.08443 qdelay_c_ms=1.07944 ecn_mark=888 drop=0
[QUEUE_STATS] t_ms=11760 q_pkts=3 q_bytes=4512 qdelay_l_ms=1.06544 qdelay_c_ms=1.05981 ecn_mark=889 drop=0
[QUEUE_STATS] t_ms=11776 q_pkts=3 q_bytes=4512 qdelay_l_ms=1.09075 qdelay_c_ms=1.08402 ecn_mark=891 drop=0
[QUEUE_STATS] t_ms=11793 q_pkts=2 q_bytes=3008 qdelay_l_ms=1.06692 qdelay_c_ms=1.07509 ecn_mark=892 drop=0
[QUEUE_STATS] t_ms=11808 q_pkts=4 q_bytes=6016 qdelay_l_ms=1.07051 qdelay_c_ms=1.06536 ecn_mark=893 drop=0
[QUEUE_STATS] t_ms=11824 q_pkts=3 q_bytes=4512 qdelay_l_ms=1.1024 qdelay_c_ms=1.09543 ecn_mark=895 drop=0
[QUEUE_STATS] t_ms=11840 q_pkts=3 q_bytes=4512 qdelay_l_ms=1.03815 qdelay_c_ms=1.0508 ecn_mark=897 drop=0
[QUEUE_STATS] t_ms=11856 q_pkts=3 q_bytes=4512 qdelay_l_ms=0.711688 qdelay_c_ms=0.705797 ecn_mark=898 drop=0
[QUEUE_STATS] t_ms=11872 q_pkts=4 q_bytes=6016 qdelay_l_ms=1.08706 qdelay_c_ms=1.08127 ecn_mark=898 drop=0
[QUEUE_STATS] t_ms=11888 q_pkts=3 q_bytes=4512 qdelay_l_ms=0.693794 qdelay_c_ms=0.70748 ecn_mark=900 drop=0
[QUEUE_STATS] t_ms=11904 q_pkts=2 q_bytes=3008 qdelay_l_ms=0.994579 qdelay_c_ms=0 ecn_mark=901 drop=0
[QUEUE_STATS] t_ms=11920 q_pkts=3 q_bytes=4512 qdelay_l_ms=1.06625 qdelay_c_ms=1.05618 ecn_mark=902 drop=0
[QUEUE_STATS] t_ms=11937 q_pkts=2 q_bytes=3008 qdelay_l_ms=1.06631 qdelay_c_ms=1.07266 ecn_mark=903 drop=0
[QUEUE_STATS] t_ms=11952 q_pkts=4 q_bytes=6016 qdelay_l_ms=0.999017 qdelay_c_ms=2.12118 ecn_mark=903 drop=0
[QUEUE_STATS] t_ms=11968 q_pkts=3 q_bytes=4512 qdelay_l_ms=1.08532 qdelay_c_ms=1.0783 ecn_mark=905 drop=0
[QUEUE_STATS] t_ms=11984 q_pkts=1 q_bytes=1504 qdelay_l_ms=1.02281 qdelay_c_ms=0 ecn_mark=907 drop=0
[QUEUE_STATS] t_ms=12000 q_pkts=2 q_bytes=3008 qdelay_l_ms=1.07976 qdelay_c_ms=1.07289 ecn_mark=909 drop=0
[QUEUE_STATS] t_ms=12016 q_pkts=2 q_bytes=3008 qdelay_l_ms=0.989079 qdelay_c_ms=0 ecn_mark=909 drop=0
[QUEUE_STATS] t_ms=12032 q_pkts=3 q_bytes=4512 qdelay_l_ms=1.08266 qdelay_c_ms=1.0768 ecn_mark=910 drop=0
[QUEUE_STATS] t_ms=12048 q_pkts=3 q_bytes=4512 qdelay_l_ms=0.662145 qdelay_c_ms=0.698433 ecn_mark=911 drop=0
[QUEUE_STATS] t_ms=12064 q_pkts=1 q_bytes=1504 qdelay_l_ms=1.03679 qdelay_c_ms=0 ecn_mark=912 drop=0
[QUEUE_STATS] t_ms=12080 q_pkts=4 q_bytes=6016 qdelay_l_ms=0.717459 qdelay_c_ms=1.80679 ecn_mark=912 drop=0
[QUEUE_STATS] t_ms=12096 q_pkts=4 q_bytes=6016 qdelay_l_ms=1.08893 qdelay_c_ms=1.08272 ecn_mark=912 drop=0
[QUEUE_STATS] t_ms=12112 q_pkts=1 q_bytes=1504 qdelay_l_ms=1.06868 qdelay_c_ms=0 ecn_mark=913 drop=0
[QUEUE_STATS] t_ms=12128 q_pkts=4 q_bytes=6016 qdelay_l_ms=1.09201 qdelay_c_ms=1.08653 ecn_mark=914 drop=0
[QUEUE_STATS] t_ms=12144 q_pkts=6 q_bytes=9024 qdelay_l_ms=1.01202 qdelay_c_ms=1.00631 ecn_mark=917 drop=0
[QUEUE_STATS] t_ms=12160 q_pkts=2 q_bytes=3008 qdelay_l_ms=1.07878 qdelay_c_ms=1.07205 ecn_mark=918 drop=0
[QUEUE_STATS] t_ms=12176 q_pkts=2 q_bytes=3008 qdelay_l_ms=0 qdelay_c_ms=1.05786 ecn_mark=920 drop=0
[QUEUE_STATS] t_ms=12192 q_pkts=4 q_bytes=6016 qdelay_l_ms=0.722178 qdelay_c_ms=0.716707 ecn_mark=921 drop=0
[QUEUE_STATS] t_ms=12208 q_pkts=5 q_bytes=7520 qdelay_l_ms=1.07287 qdelay_c_ms=2.12855 ecn_mark=921 drop=0
[QUEUE_STATS] t_ms=12224 q_pkts=2 q_bytes=3008 qdelay_l_ms=1.08022 qdelay_c_ms=1.09034 ecn_mark=922 drop=0
[QUEUE_STATS] t_ms=12240 q_pkts=3 q_bytes=4512 qdelay_l_ms=1.03462 qdelay_c_ms=1.02917 ecn_mark=924 drop=0
[QUEUE_STATS] t_ms=12256 q_pkts=3 q_bytes=4512 qdelay_l_ms=1.10331 qdelay_c_ms=1.09265 ecn_mark=924 drop=0
[QUEUE_STATS] t_ms=12273 q_pkts=7 q_bytes=10528 qdelay_l_ms=1.04136 qdelay_c_ms=1.0741 ecn_mark=924 drop=0
[QUEUE_STATS] t_ms=12288 q_pkts=3 q_bytes=4512 qdelay_l_ms=1.07328 qdelay_c_ms=1.09763 ecn_mark=925 drop=0
[QUEUE_STATS] t_ms=12304 q_pkts=5 q_bytes=7520 qdelay_l_ms=1.0754 qdelay_c_ms=1.0704 ecn_mark=928 drop=0
[QUEUE_STATS] t_ms=12320 q_pkts=2 q_bytes=3008 qdelay_l_ms=0.728649 qdelay_c_ms=0 ecn_mark=929 drop=0
[QUEUE_STATS] t_ms=12336 q_pkts=5 q_bytes=7520 qdelay_l_ms=1.10952 qdelay_c_ms=1.09864 ecn_mark=929 drop=0
[QUEUE_STATS] t_ms=12352 q_pkts=4 q_bytes=6016 qdelay_l_ms=1.02701 qdelay_c_ms=1.02192 ecn_mark=930 drop=0
[QUEUE_STATS] t_ms=12368 q_pkts=2 q_bytes=3008 qdelay_l_ms=1.07608 qdelay_c_ms=1.07005 ecn_mark=930 drop=0
[QUEUE_STATS] t_ms=12384 q_pkts=3 q_bytes=4512 qdelay_l_ms=0.727357 qdelay_c_ms=0.722689 ecn_mark=930 drop=0
[QUEUE_STATS] t_ms=12400 q_pkts=4 q_bytes=6016 qdelay_l_ms=1.0412 qdelay_c_ms=2.07551 ecn_mark=930 drop=0
[QUEUE_STATS] t_ms=12416 q_pkts=3 q_bytes=4512 qdelay_l_ms=1.08961 qdelay_c_ms=1.08235 ecn_mark=931 drop=0
[QUEUE_STATS] t_ms=12432 q_pkts=4 q_bytes=6016 qdelay_l_ms=1.07682 qdelay_c_ms=1.06686 ecn_mark=933 drop=0
[QUEUE_STATS] t_ms=12449 q_pkts=1 q_bytes=1504 qdelay_l_ms=1.06445 qdelay_c_ms=0 ecn_mark=933 drop=0
[QUEUE_STATS] t_ms=12464 q_pkts=4 q_bytes=6016 qdelay_l_ms=1.09196 qdelay_c_ms=1.08584 ecn_mark=934 drop=0
[QUEUE_STATS] t_ms=12480 q_pkts=3 q_bytes=4512 qdelay_l_ms=1.06597 qdelay_c_ms=1.09841 ecn_mark=935 drop=0
[QUEUE_STATS] t_ms=12497 q_pkts=4 q_bytes=6016 qdelay_l_ms=1.11196 qdelay_c_ms=1.10163 ecn_mark=936 drop=0
[QUEUE_STATS] t_ms=12512 q_pkts=3 q_bytes=4512 qdelay_l_ms=1.08867 qdelay_c_ms=1.08146 ecn_mark=936 drop=0
[QUEUE_STATS] t_ms=12528 q_pkts=4 q_bytes=6016 qdelay_l_ms=1.10039 qdelay_c_ms=1.09379 ecn_mark=936 drop=0
[QUEUE_STATS] t_ms=12544 q_pkts=4 q_bytes=6016 qdelay_l_ms=1.05871 qdelay_c_ms=1.05279 ecn_mark=936 drop=0
[QUEUE_STATS] t_ms=12560 q_pkts=5 q_bytes=7520 qdelay_l_ms=0 qdelay_c_ms=1.80976 ecn_mark=938 drop=0
[QUEUE_STATS] t_ms=12576 q_pkts=4 q_bytes=6016 qdelay_l_ms=1.07036 qdelay_c_ms=1.06385 ecn_mark=939 drop=0
[QUEUE_STATS] t_ms=12593 q_pkts=4 q_bytes=6016 qdelay_l_ms=1.08833 qdelay_c_ms=1.08124 ecn_mark=940 drop=0
[QUEUE_STATS] t_ms=12608 q_pkts=2 q_bytes=3008 qdelay_l_ms=1.06799 qdelay_c_ms=1.06203 ecn_mark=940 drop=0
[QUEUE_STATS] t_ms=12624 q_pkts=3 q_bytes=4512 qdelay_l_ms=1.07221 qdelay_c_ms=1.06749 ecn_mark=941 drop=0
[QUEUE_STATS] t_ms=12640 q_pkts=4 q_bytes=6016 qdelay_l_ms=1.0714 qdelay_c_ms=1.06465 ecn_mark=943 drop=0
[QUEUE_STATS] t_ms=12656 q_pkts=2 q_bytes=3008 qdelay_l_ms=1.05534 qdelay_c_ms=0 ecn_mark=944 drop=0
[QUEUE_STATS] t_ms=12673 q_pkts=3 q_bytes=4512 qdelay_l_ms=1.05777 qdelay_c_ms=2.11431 ecn_mark=944 drop=0
[QUEUE_STATS] t_ms=12689 q_pkts=3 q_bytes=4512 qdelay_l_ms=1.02074 qdelay_c_ms=1.05608 ecn_mark=945 drop=0
[QUEUE_STATS] t_ms=12704 q_pkts=2 q_bytes=3008 qdelay_l_ms=1.02623 qdelay_c_ms=0 ecn_mark=945 drop=0
[QUEUE_STATS] t_ms=12720 q_pkts=4 q_bytes=6016 qdelay_l_ms=1.09326 qdelay_c_ms=1.08611 ecn_mark=945 drop=0
[QUEUE_STATS] t_ms=12736 q_pkts=1 q_bytes=1504 qdelay_l_ms=1.06958 qdelay_c_ms=0 ecn_mark=945 drop=0
[QUEUE_STATS] t_ms=12752 q_pkts=6 q_bytes=9024 qdelay_l_ms=1.06989 qdelay_c_ms=1.06412 ecn_mark=945 drop=0
[QUEUE_STATS] t_ms=12768 q_pkts=3 q_bytes=4512 qdelay_l_ms=1.09282 qdelay_c_ms=1.08368 ecn_mark=947 drop=0
[QUEUE_STATS] t_ms=12784 q_pkts=4 q_bytes=6016 qdelay_l_ms=1.0915 qdelay_c_ms=1.08488 ecn_mark=949 drop=0
[QUEUE_STATS] t_ms=12800 q_pkts=6 q_bytes=9024 qdelay_l_ms=1.08128 qdelay_c_ms=1.07053 ecn_mark=951 drop=0
[QUEUE_STATS] t_ms=12816 q_pkts=4 q_bytes=6016 qdelay_l_ms=0.907165 qdelay_c_ms=2.01481 ecn_mark=954 drop=0
[QUEUE_STATS] t_ms=12832 q_pkts=3 q_bytes=4512 qdelay_l_ms=1.02966 qdelay_c_ms=1.02325 ecn_mark=955 drop=0
[QUEUE_STATS] t_ms=12848 q_pkts=7 q_bytes=10528 qdelay_l_ms=1.02236 qdelay_c_ms=1.03811 ecn_mark=955 drop=0
[QUEUE_STATS] t_ms=12865 q_pkts=2 q_bytes=3008 qdelay_l_ms=1.08235 qdelay_c_ms=1.08906 ecn_mark=956 drop=0
[QUEUE_STATS] t_ms=12881 q_pkts=3 q_bytes=4512 qdelay_l_ms=1.0236 qdelay_c_ms=1.06173 ecn_mark=958 drop=0
[QUEUE_STATS] t_ms=12896 q_pkts=3 q_bytes=4512 qdelay_l_ms=1.09157 qdelay_c_ms=1.08392 ecn_mark=959 drop=0
[QUEUE_STATS] t_ms=12912 q_pkts=4 q_bytes=6016 qdelay_l_ms=1.08611 qdelay_c_ms=1.07867 ecn_mark=959 drop=0
[QUEUE_STATS] t_ms=12928 q_pkts=5 q_bytes=7520 qdelay_l_ms=1.07681 qdelay_c_ms=2.10453 ecn_mark=959 drop=0
[QUEUE_STATS] t_ms=12944 q_pkts=4 q_bytes=6016 qdelay_l_ms=1.07864 qdelay_c_ms=2.18616 ecn_mark=960 drop=0
[QUEUE_STATS] t_ms=12960 q_pkts=4 q_bytes=6016 qdelay_l_ms=1.10509 qdelay_c_ms=1.09412 ecn_mark=961 drop=0
[QUEUE_STATS] t_ms=12976 q_pkts=4 q_bytes=6016 qdelay_l_ms=1.10557 qdelay_c_ms=1.09508 ecn_mark=962 drop=0
[QUEUE_STATS] t_ms=12992 q_pkts=1 q_bytes=1504 qdelay_l_ms=1.05511 qdelay_c_ms=0 ecn_mark=962 drop=0
[QUEUE_STATS] t_ms=13008 q_pkts=3 q_bytes=4512 qdelay_l_ms=1.06118 qdelay_c_ms=1.07218 ecn_mark=964 drop=0
[QUEUE_STATS] t_ms=13024 q_pkts=3 q_bytes=4512 qdelay_l_ms=1.03048 qdelay_c_ms=1.06627 ecn_mark=964 drop=0
[QUEUE_STATS] t_ms=13040 q_pkts=4 q_bytes=6016 qdelay_l_ms=0.890845 qdelay_c_ms=0.901715 ecn_mark=965 drop=0
[QUEUE_STATS] t_ms=13056 q_pkts=7 q_bytes=10528 qdelay_l_ms=1.08139 qdelay_c_ms=1.11574 ecn_mark=966 drop=0
[QUEUE_STATS] t_ms=13072 q_pkts=2 q_bytes=3008 qdelay_l_ms=1.06156 qdelay_c_ms=2.08112 ecn_mark=968 drop=0
[QUEUE_STATS] t_ms=13088 q_pkts=5 q_bytes=7520 qdelay_l_ms=1.0946 qdelay_c_ms=1.98215 ecn_mark=969 drop=0
[QUEUE_STATS] t_ms=13104 q_pkts=6 q_bytes=9024 qdelay_l_ms=1.01678 qdelay_c_ms=1.01024 ecn_mark=971 drop=0
[QUEUE_STATS] t_ms=13120 q_pkts=2 q_bytes=3008 qdelay_l_ms=1.07856 qdelay_c_ms=0 ecn_mark=971 drop=0
[QUEUE_STATS] t_ms=13136 q_pkts=3 q_bytes=4512 qdelay_l_ms=0.024316 qdelay_c_ms=0.018695 ecn_mark=971 drop=0
[QUEUE_STATS] t_ms=13152 q_pkts=2 q_bytes=3008 qdelay_l_ms=1.00663 qdelay_c_ms=1.01212 ecn_mark=971 drop=0
[QUEUE_STATS] t_ms=13168 q_pkts=2 q_bytes=3008 qdelay_l_ms=0.90446 qdelay_c_ms=0 ecn_mark=972 drop=0
[QUEUE_STATS] t_ms=13184 q_pkts=3 q_bytes=4512 qdelay_l_ms=0.652947 qdelay_c_ms=0.663196 ecn_mark=972 drop=0
[QUEUE_STATS] t_ms=13200 q_pkts=3 q_bytes=4512 qdelay_l_ms=1.08757 qdelay_c_ms=1.08083 ecn_mark=972 drop=0
[QUEUE_STATS] t_ms=13216 q_pkts=2 q_bytes=3008 qdelay_l_ms=1.06852 qdelay_c_ms=0 ecn_mark=972 drop=0
[QUEUE_STATS] t_ms=13232 q_pkts=3 q_bytes=4512 qdelay_l_ms=1.06556 qdelay_c_ms=1.08722 ecn_mark=972 drop=0
[QUEUE_STATS] t_ms=13248 q_pkts=2 q_bytes=3008 qdelay_l_ms=0.756452 qdelay_c_ms=0.750741 ecn_mark=973 drop=0
[QUEUE_STATS] t_ms=13264 q_pkts=3 q_bytes=4512 qdelay_l_ms=0.988578 qdelay_c_ms=1.00039 ecn_mark=974 drop=0
[QUEUE_STATS] t_ms=13280 q_pkts=0 q_bytes=0 qdelay_l_ms=0 qdelay_c_ms=0 ecn_mark=974 drop=0
[QUEUE_STATS] t_ms=13296 q_pkts=4 q_bytes=6016 qdelay_l_ms=0.737215 qdelay_c_ms=0.732356 ecn_mark=974 drop=0
[QUEUE_STATS] t_ms=13312 q_pkts=3 q_bytes=4512 qdelay_l_ms=0.857191 qdelay_c_ms=0.867992 ecn_mark=976 drop=0
[QUEUE_STATS] t_ms=13328 q_pkts=1 q_bytes=1504 qdelay_l_ms=1.07854 qdelay_c_ms=0 ecn_mark=976 drop=0
[QUEUE_STATS] t_ms=13345 q_pkts=2 q_bytes=3008 qdelay_l_ms=1.08098 qdelay_c_ms=0 ecn_mark=976 drop=0
[QUEUE_STATS] t_ms=13360 q_pkts=3 q_bytes=4512 qdelay_l_ms=1.06772 qdelay_c_ms=1.06258 ecn_mark=978 drop=0
[QUEUE_STATS] t_ms=13376 q_pkts=3 q_bytes=4512 qdelay_l_ms=1.08289 qdelay_c_ms=1.07664 ecn_mark=980 drop=0
[QUEUE_STATS] t_ms=13392 q_pkts=4 q_bytes=6016 qdelay_l_ms=0.666443 qdelay_c_ms=1.95291 ecn_mark=981 drop=0
[QUEUE_STATS] t_ms=13408 q_pkts=4 q_bytes=6016 qdelay_l_ms=0.656574 qdelay_c_ms=1.96047 ecn_mark=983 drop=0
[QUEUE_STATS] t_ms=13424 q_pkts=3 q_bytes=4512 qdelay_l_ms=1.08348 qdelay_c_ms=1.07719 ecn_mark=984 drop=0
[QUEUE_STATS] t_ms=13440 q_pkts=4 q_bytes=6016 qdelay_l_ms=1.02771 qdelay_c_ms=1.02085 ecn_mark=985 drop=0
[QUEUE_STATS] t_ms=13456 q_pkts=2 q_bytes=3008 qdelay_l_ms=1.08981 qdelay_c_ms=0 ecn_mark=986 drop=0
[QUEUE_STATS] t_ms=13472 q_pkts=2 q_bytes=3008 qdelay_l_ms=0 qdelay_c_ms=0.846591 ecn_mark=987 drop=0
[QUEUE_STATS] t_ms=13488 q_pkts=2 q_bytes=3008 qdelay_l_ms=1.05729 qdelay_c_ms=1.0644 ecn_mark=987 drop=0
[QUEUE_STATS] t_ms=13504 q_pkts=2 q_bytes=3008 qdelay_l_ms=1.0789 qdelay_c_ms=0 ecn_mark=987 drop=0
[QUEUE_STATS] t_ms=13520 q_pkts=6 q_bytes=9024 qdelay_l_ms=1.08994 qdelay_c_ms=1.08435 ecn_mark=990 drop=0
[QUEUE_STATS] t_ms=13536 q_pkts=4 q_bytes=6016 qdelay_l_ms=1.06983 qdelay_c_ms=1.06444 ecn_mark=990 drop=0
[QUEUE_STATS] t_ms=13552 q_pkts=2 q_bytes=3008 qdelay_l_ms=1.08119 qdelay_c_ms=0 ecn_mark=990 drop=0
[QUEUE_STATS] t_ms=13568 q_pkts=4 q_bytes=6016 qdelay_l_ms=1.07427 qdelay_c_ms=1.0634 ecn_mark=992 drop=0
[QUEUE_STATS] t_ms=13584 q_pkts=1 q_bytes=1504 qdelay_l_ms=0.641475 qdelay_c_ms=0 ecn_mark=994 drop=0
[QUEUE_STATS] t_ms=13600 q_pkts=2 q_bytes=3008 qdelay_l_ms=0 qdelay_c_ms=0.031439 ecn_mark=996 drop=0
[QUEUE_STATS] t_ms=13616 q_pkts=2 q_bytes=3008 qdelay_l_ms=0 qdelay_c_ms=1.07521 ecn_mark=998 drop=0
[QUEUE_STATS] t_ms=13632 q_pkts=3 q_bytes=4512 qdelay_l_ms=1.04168 qdelay_c_ms=1.06672 ecn_mark=998 drop=0
[QUEUE_STATS] t_ms=13648 q_pkts=6 q_bytes=9024 qdelay_l_ms=0.989289 qdelay_c_ms=0.981985 ecn_mark=998 drop=0
[QUEUE_STATS] t_ms=13664 q_pkts=0 q_bytes=0 qdelay_l_ms=0 qdelay_c_ms=0 ecn_mark=1001 drop=0
[QUEUE_STATS] t_ms=13680 q_pkts=2 q_bytes=3008 qdelay_l_ms=1.07443 qdelay_c_ms=0 ecn_mark=1001 drop=0
[QUEUE_STATS] t_ms=13696 q_pkts=3 q_bytes=4512 qdelay_l_ms=1.10252 qdelay_c_ms=1.09111 ecn_mark=1002 drop=0
[QUEUE_STATS] t_ms=13712 q_pkts=6 q_bytes=9024 qdelay_l_ms=0.603024 qdelay_c_ms=0.646565 ecn_mark=1002 drop=0
[QUEUE_STATS] t_ms=13728 q_pkts=4 q_bytes=6016 qdelay_l_ms=1.09048 qdelay_c_ms=1.0841 ecn_mark=1003 drop=0
[QUEUE_STATS] t_ms=13744 q_pkts=2 q_bytes=3008 qdelay_l_ms=0 qdelay_c_ms=1.05817 ecn_mark=1005 drop=0
[QUEUE_STATS] t_ms=13760 q_pkts=4 q_bytes=6016 qdelay_l_ms=1.06767 qdelay_c_ms=1.06231 ecn_mark=1006 drop=0
[QUEUE_STATS] t_ms=13776 q_pkts=4 q_bytes=6016 qdelay_l_ms=1.09018 qdelay_c_ms=1.08406 ecn_mark=1006 drop=0
[QUEUE_STATS] t_ms=13792 q_pkts=3 q_bytes=4512 qdelay_l_ms=1.064 qdelay_c_ms=2.16111 ecn_mark=1007 drop=0
[QUEUE_STATS] t_ms=13808 q_pkts=3 q_bytes=4512 qdelay_l_ms=1.0593 qdelay_c_ms=1.08472 ecn_mark=1009 drop=0
[QUEUE_STATS] t_ms=13824 q_pkts=2 q_bytes=3008 qdelay_l_ms=0 qdelay_c_ms=1.1071 ecn_mark=1009 drop=0
[QUEUE_STATS] t_ms=13840 q_pkts=2 q_bytes=3008 qdelay_l_ms=0.827755 qdelay_c_ms=0 ecn_mark=1009 drop=0
[QUEUE_STATS] t_ms=13856 q_pkts=3 q_bytes=4512 qdelay_l_ms=1.04417 qdelay_c_ms=1.06849 ecn_mark=1009 drop=0
[QUEUE_STATS] t_ms=13872 q_pkts=5 q_bytes=7520 qdelay_l_ms=1.06578 qdelay_c_ms=2.05414 ecn_mark=1009 drop=0
[QUEUE_STATS] t_ms=13888 q_pkts=2 q_bytes=3008 qdelay_l_ms=0.759888 qdelay_c_ms=0 ecn_mark=1010 drop=0
[QUEUE_STATS] t_ms=13905 q_pkts=5 q_bytes=7520 qdelay_l_ms=1.0614 qdelay_c_ms=2.21741 ecn_mark=1010 drop=0
[QUEUE_STATS] t_ms=13920 q_pkts=1 q_bytes=1504 qdelay_l_ms=1.0251 qdelay_c_ms=0 ecn_mark=1011 drop=0
[QUEUE_STATS] t_ms=13936 q_pkts=3 q_bytes=4512 qdelay_l_ms=0.779124 qdelay_c_ms=0.773464 ecn_mark=1013 drop=0
[QUEUE_STATS] t_ms=13952 q_pkts=6 q_bytes=9024 qdelay_l_ms=0.958892 qdelay_c_ms=0.95267 ecn_mark=1014 drop=0
[QUEUE_STATS] t_ms=13968 q_pkts=2 q_bytes=3008 qdelay_l_ms=1.01515 qdelay_c_ms=1.02516 ecn_mark=1014 drop=0
[QUEUE_STATS] t_ms=13984 q_pkts=4 q_bytes=6016 qdelay_l_ms=1.07057 qdelay_c_ms=1.09396 ecn_mark=1014 drop=0
[QUEUE_STATS] t_ms=14001 q_pkts=5 q_bytes=7520 qdelay_l_ms=1.09449 qdelay_c_ms=1.08911 ecn_mark=1016 drop=0
[QUEUE_STATS] t_ms=14016 q_pkts=2 q_bytes=3008 qdelay_l_ms=1.08006 qdelay_c_ms=1.08513 ecn_mark=1017 drop=0
[QUEUE_STATS] t_ms=14032 q_pkts=5 q_bytes=7520 qdelay_l_ms=1.09414 qdelay_c_ms=2.04849 ecn_mark=1018 drop=0
[QUEUE_STATS] t_ms=14048 q_pkts=3 q_bytes=4512 qdelay_l_ms=1.06554 qdelay_c_ms=1.10273 ecn_mark=1019 drop=0
[QUEUE_STATS] t_ms=14064 q_pkts=4 q_bytes=6016 qdelay_l_ms=0.76097 qdelay_c_ms=0.772532 ecn_mark=1020 drop=0
[QUEUE_STATS] t_ms=14080 q_pkts=4 q_bytes=6016 qdelay_l_ms=0.64383 qdelay_c_ms=0.638951 ecn_mark=1020 drop=0
[QUEUE_STATS] t_ms=14096 q_pkts=2 q_bytes=3008 qdelay_l_ms=1.06144 qdelay_c_ms=1.06608 ecn_mark=1021 drop=0
[QUEUE_STATS] t_ms=14112 q_pkts=3 q_bytes=4512 qdelay_l_ms=0.95758 qdelay_c_ms=0.968009 ecn_mark=1022 drop=0
[QUEUE_STATS] t_ms=14128 q_pkts=6 q_bytes=9024 qdelay_l_ms=0.78722 qdelay_c_ms=0.781619 ecn_mark=1023 drop=0
[QUEUE_STATS] t_ms=14144 q_pkts=3 q_bytes=4512 qdelay_l_ms=0.885865 qdelay_c_ms=0.880275 ecn_mark=1023 drop=0
[QUEUE_STATS] t_ms=14160 q_pkts=5 q_bytes=7520 qdelay_l_ms=1.06576 qdelay_c_ms=1.70061 ecn_mark=1023 drop=0
[QUEUE_STATS] t_ms=14176 q_pkts=1 q_bytes=1504 qdelay_l_ms=0.955145 qdelay_c_ms=0 ecn_mark=1024 drop=0
[QUEUE_STATS] t_ms=14192 q_pkts=3 q_bytes=4512 qdelay_l_ms=1.03901 qdelay_c_ms=2.05893 ecn_mark=1024 drop=0
[QUEUE_STATS] t_ms=14208 q_pkts=6 q_bytes=9024 qdelay_l_ms=0.737215 qdelay_c_ms=1.86151 ecn_mark=1025 drop=0
[QUEUE_STATS] t_ms=14224 q_pkts=2 q_bytes=3008 qdelay_l_ms=1.08097 qdelay_c_ms=0 ecn_mark=1025 drop=0
[QUEUE_STATS] t_ms=14240 q_pkts=6 q_bytes=9024 qdelay_l_ms=1.0872 qdelay_c_ms=1.08177 ecn_mark=1026 drop=0
[QUEUE_STATS] t_ms=14256 q_pkts=4 q_bytes=6016 qdelay_l_ms=1.09503 qdelay_c_ms=1.96705 ecn_mark=1026 drop=0
[QUEUE_STATS] t_ms=14272 q_pkts=2 q_bytes=3008 qdelay_l_ms=1.08098 qdelay_c_ms=1.08596 ecn_mark=1027 drop=0
[QUEUE_STATS] t_ms=14288 q_pkts=4 q_bytes=6016 qdelay_l_ms=1.03839 qdelay_c_ms=2.09723 ecn_mark=1028 drop=0
[QUEUE_STATS] t_ms=14304 q_pkts=3 q_bytes=4512 qdelay_l_ms=1.07715 qdelay_c_ms=1.07197 ecn_mark=1028 drop=0
[QUEUE_STATS] t_ms=14320 q_pkts=4 q_bytes=6016 qdelay_l_ms=1.06699 qdelay_c_ms=2.1683 ecn_mark=1030 drop=0
[QUEUE_STATS] t_ms=14337 q_pkts=5 q_bytes=7520 qdelay_l_ms=1.107 qdelay_c_ms=1.09648 ecn_mark=1031 drop=0
[QUEUE_STATS] t_ms=14352 q_pkts=1 q_bytes=1504 qdelay_l_ms=1.06048 qdelay_c_ms=0 ecn_mark=1033 drop=0
[QUEUE_STATS] t_ms=14368 q_pkts=3 q_bytes=4512 qdelay_l_ms=1.07348 qdelay_c_ms=1.08351 ecn_mark=1034 drop=0
[QUEUE_STATS] t_ms=14384 q_pkts=3 q_bytes=4512 qdelay_l_ms=1.08507 qdelay_c_ms=1.07856 ecn_mark=1036 drop=0
[QUEUE_STATS] t_ms=14400 q_pkts=3 q_bytes=4512 qdelay_l_ms=0.899871 qdelay_c_ms=0.893439 ecn_mark=1036 drop=0
[QUEUE_STATS] t_ms=14417 q_pkts=7 q_bytes=10528 qdelay_l_ms=1.03492 qdelay_c_ms=2.13633 ecn_mark=1037 drop=0
[QUEUE_STATS] t_ms=14432 q_pkts=3 q_bytes=4512 qdelay_l_ms=1.08882 qdelay_c_ms=1.0824 ecn_mark=1037 drop=0
[QUEUE_STATS] t_ms=14448 q_pkts=4 q_bytes=6016 qdelay_l_ms=0.740361 qdelay_c_ms=0.735071 ecn_mark=1038 drop=0
[QUEUE_STATS] t_ms=14464 q_pkts=4 q_bytes=6016 qdelay_l_ms=0.635514 qdelay_c_ms=0.628211 ecn_mark=1040 drop=0
[QUEUE_STATS] t_ms=14480 q_pkts=6 q_bytes=9024 qdelay_l_ms=1.10933 qdelay_c_ms=1.10313 ecn_mark=1041 drop=0
[QUEUE_STATS] t_ms=14496 q_pkts=3 q_bytes=4512 qdelay_l_ms=1.06612 qdelay_c_ms=1.07683 ecn_mark=1044 drop=0
[QUEUE_STATS] t_ms=14512 q_pkts=1 q_bytes=1504 qdelay_l_ms=0.716857 qdelay_c_ms=0 ecn_mark=1046 drop=0
[QUEUE_STATS] t_ms=14528 q_pkts=3 q_bytes=4512 qdelay_l_ms=1.07932 qdelay_c_ms=1.99487 ecn_mark=1046 drop=0
[QUEUE_STATS] t_ms=14544 q_pkts=4 q_bytes=6016 qdelay_l_ms=1.08134 qdelay_c_ms=1.07621 ecn_mark=1046 drop=0
[QUEUE_STATS] t_ms=14560 q_pkts=2 q_bytes=3008 qdelay_l_ms=1.07791 qdelay_c_ms=0 ecn_mark=1046 drop=0
[QUEUE_STATS] t_ms=14576 q_pkts=1 q_bytes=1504 qdelay_l_ms=0.972177 qdelay_c_ms=0 ecn_mark=1047 drop=0
[QUEUE_STATS] t_ms=14592 q_pkts=3 q_bytes=4512 qdelay_l_ms=1.09638 qdelay_c_ms=1.82132 ecn_mark=1048 drop=0
[QUEUE_STATS] t_ms=14608 q_pkts=5 q_bytes=7520 qdelay_l_ms=1.07061 qdelay_c_ms=1.09996 ecn_mark=1050 drop=0
[QUEUE_STATS] t_ms=14624 q_pkts=5 q_bytes=7520 qdelay_l_ms=0.603615 qdelay_c_ms=0.639913 ecn_mark=1052 drop=0
[QUEUE_STATS] t_ms=14640 q_pkts=0 q_bytes=0 qdelay_l_ms=0 qdelay_c_ms=0 ecn_mark=1053 drop=0
[QUEUE_STATS] t_ms=14656 q_pkts=2 q_bytes=3008 qdelay_l_ms=1.08107 qdelay_c_ms=0 ecn_mark=1055 drop=0
[QUEUE_STATS] t_ms=14672 q_pkts=4 q_bytes=6016 qdelay_l_ms=1.06772 qdelay_c_ms=1.07836 ecn_mark=1055 drop=0
[QUEUE_STATS] t_ms=14688 q_pkts=4 q_bytes=6016 qdelay_l_ms=1.08541 qdelay_c_ms=1.0806 ecn_mark=1056 drop=0
[QUEUE_STATS] t_ms=14704 q_pkts=4 q_bytes=6016 qdelay_l_ms=1.06843 qdelay_c_ms=1.06246 ecn_mark=1057 drop=0
[QUEUE_STATS] t_ms=14720 q_pkts=3 q_bytes=4512 qdelay_l_ms=1.08505 qdelay_c_ms=1.07794 ecn_mark=1059 drop=0
[QUEUE_STATS] t_ms=14736 q_pkts=2 q_bytes=3008 qdelay_l_ms=0 qdelay_c_ms=1.06889 ecn_mark=1059 drop=0
[QUEUE_STATS] t_ms=14752 q_pkts=2 q_bytes=3008 qdelay_l_ms=0.911833 qdelay_c_ms=0 ecn_mark=1060 drop=0
[QUEUE_STATS] t_ms=14768 q_pkts=2 q_bytes=3008 qdelay_l_ms=0.962519 qdelay_c_ms=0.9682 ecn_mark=1060 drop=0
[QUEUE_STATS] t_ms=14784 q_pkts=2 q_bytes=3008 qdelay_l_ms=0.924046 qdelay_c_ms=0 ecn_mark=1060 drop=0
[QUEUE_STATS] t_ms=14800 q_pkts=4 q_bytes=6016 qdelay_l_ms=1.11303 qdelay_c_ms=1.10164 ecn_mark=1060 drop=0
[QUEUE_STATS] t_ms=14816 q_pkts=1 q_bytes=1504 qdelay_l_ms=0.942932 qdelay_c_ms=0 ecn_mark=1063 drop=0
[QUEUE_STATS] t_ms=14832 q_pkts=3 q_bytes=4512 qdelay_l_ms=0.899691 qdelay_c_ms=0.922754 ecn_mark=1064 drop=0
[QUEUE_STATS] t_ms=14848 q_pkts=2 q_bytes=3008 qdelay_l_ms=1.08891 qdelay_c_ms=0 ecn_mark=1065 drop=0
[QUEUE_STATS] t_ms=14864 q_pkts=3 q_bytes=4512 qdelay_l_ms=0.955305 qdelay_c_ms=0.945848 ecn_mark=1067 drop=0
[QUEUE_STATS] t_ms=14880 q_pkts=2 q_bytes=3008 qdelay_l_ms=0.96314 qdelay_c_ms=0 ecn_mark=1068 drop=0
[QUEUE_STATS] t_ms=14896 q_pkts=2 q_bytes=3008 qdelay_l_ms=1.03205 qdelay_c_ms=0 ecn_mark=1068 drop=0
[QUEUE_STATS] t_ms=14912 q_pkts=2 q_bytes=3008 qdelay_l_ms=1.09791 qdelay_c_ms=0 ecn_mark=1070 drop=0
[QUEUE_STATS] t_ms=14928 q_pkts=4 q_bytes=6016 qdelay_l_ms=0.63275 qdelay_c_ms=0.6434 ecn_mark=1070 drop=0
[QUEUE_STATS] t_ms=14944 q_pkts=4 q_bytes=6016 qdelay_l_ms=1.08604 qdelay_c_ms=1.07928 ecn_mark=1070 drop=0
[QUEUE_STATS] t_ms=14960 q_pkts=6 q_bytes=9024 qdelay_l_ms=1.08098 qdelay_c_ms=1.07467 ecn_mark=1072 drop=0
[QUEUE_STATS] t_ms=14976 q_pkts=1 q_bytes=1504 qdelay_l_ms=0.950947 qdelay_c_ms=0 ecn_mark=1073 drop=0
[QUEUE_STATS] t_ms=14992 q_pkts=1 q_bytes=1504 qdelay_l_ms=1.09305 qdelay_c_ms=0 ecn_mark=1074 drop=0
[QUEUE_STATS] t_ms=15008 q_pkts=4 q_bytes=6016 qdelay_l_ms=0.616258 qdelay_c_ms=0.63319 ecn_mark=1074 drop=0
[QUEUE_STATS] t_ms=15024 q_pkts=4 q_bytes=6016 qdelay_l_ms=0.944205 qdelay_c_ms=0.937703 ecn_mark=1074 drop=0
[QUEUE_STATS] t_ms=15040 q_pkts=1 q_bytes=1504 qdelay_l_ms=1.07976 qdelay_c_ms=0 ecn_mark=1076 drop=0
[QUEUE_STATS] t_ms=15056 q_pkts=6 q_bytes=9024 qdelay_l_ms=0.920751 qdelay_c_ms=0.914008 ecn_mark=1076 drop=0
[QUEUE_STATS] t_ms=15072 q_pkts=2 q_bytes=3008 qdelay_l_ms=0.751162 qdelay_c_ms=0 ecn_mark=1078 drop=0
[QUEUE_STATS] t_ms=15088 q_pkts=4 q_bytes=6016 qdelay_l_ms=0.636937 qdelay_c_ms=0.629594 ecn_mark=1079 drop=0
[QUEUE_STATS] t_ms=15104 q_pkts=3 q_bytes=4512 qdelay_l_ms=0.634954 qdelay_c_ms=0.629494 ecn_mark=1081 drop=0
[QUEUE_STATS] t_ms=15120 q_pkts=2 q_bytes=3008 qdelay_l_ms=0.934908 qdelay_c_ms=0 ecn_mark=1081 drop=0
[QUEUE_STATS] t_ms=15136 q_pkts=4 q_bytes=6016 qdelay_l_ms=1.08136 qdelay_c_ms=1.0751 ecn_mark=1081 drop=0
[QUEUE_STATS] t_ms=15152 q_pkts=3 q_bytes=4512 qdelay_l_ms=1.07996 qdelay_c_ms=1.93777 ecn_mark=1083 drop=0
[QUEUE_STATS] t_ms=15168 q_pkts=3 q_bytes=4512 qdelay_l_ms=1.07497 qdelay_c_ms=1.09717 ecn_mark=1083 drop=0
[QUEUE_STATS] t_ms=15184 q_pkts=4 q_bytes=6016 qdelay_l_ms=0.951018 qdelay_c_ms=0.944155 ecn_mark=1086 drop=0
[QUEUE_STATS] t_ms=15200 q_pkts=4 q_bytes=6016 qdelay_l_ms=0.915801 qdelay_c_ms=0.90987 ecn_mark=1087 drop=0
[QUEUE_STATS] t_ms=15216 q_pkts=2 q_bytes=3008 qdelay_l_ms=0.928565 qdelay_c_ms=0 ecn_mark=1090 drop=0
[QUEUE_STATS] t_ms=15232 q_pkts=2 q_bytes=3008 qdelay_l_ms=0.980493 qdelay_c_ms=0 ecn_mark=1091 drop=0
[QUEUE_STATS] t_ms=15248 q_pkts=2 q_bytes=3008 qdelay_l_ms=0.74474 qdelay_c_ms=0 ecn_mark=1095 drop=0
[QUEUE_STATS] t_ms=15264 q_pkts=3 q_bytes=4512 qdelay_l_ms=1.06445 qdelay_c_ms=1.08818 ecn_mark=1095 drop=0
[QUEUE_STATS] t_ms=15280 q_pkts=3 q_bytes=4512 qdelay_l_ms=1.08355 qdelay_c_ms=1.07772 ecn_mark=1097 drop=0
[QUEUE_STATS] t_ms=15296 q_pkts=2 q_bytes=3008 qdelay_l_ms=1.07032 qdelay_c_ms=1.06419 ecn_mark=1098 drop=0
[QUEUE_STATS] t_ms=15312 q_pkts=3 q_bytes=4512 qdelay_l_ms=1.05826 qdelay_c_ms=1.06932 ecn_mark=1099 drop=0
[QUEUE_STATS] t_ms=15328 q_pkts=3 q_bytes=4512 qdelay_l_ms=1.066 qdelay_c_ms=1.08186 ecn_mark=1099 drop=0
[QUEUE_STATS] t_ms=15344 q_pkts=6 q_bytes=9024 qdelay_l_ms=0.75539 qdelay_c_ms=0.749629 ecn_mark=1100 drop=0
[QUEUE_STATS] t_ms=15360 q_pkts=2 q_bytes=3008 qdelay_l_ms=1.06847 qdelay_c_ms=0 ecn_mark=1100 drop=0
[QUEUE_STATS] t_ms=15376 q_pkts=2 q_bytes=3008 qdelay_l_ms=1.08727 qdelay_c_ms=0 ecn_mark=1101 drop=0
[QUEUE_STATS] t_ms=15392 q_pkts=3 q_bytes=4512 qdelay_l_ms=1.06626 qdelay_c_ms=1.09226 ecn_mark=1102 drop=0
[QUEUE_STATS] t_ms=15408 q_pkts=5 q_bytes=7520 qdelay_l_ms=0.785206 qdelay_c_ms=0.779645 ecn_mark=1104 drop=0
[QUEUE_STATS] t_ms=15424 q_pkts=4 q_bytes=6016 qdelay_l_ms=1.08321 qdelay_c_ms=1.07763 ecn_mark=1104 drop=0
[QUEUE_STATS] t_ms=15440 q_pkts=6 q_bytes=9024 qdelay_l_ms=0.635124 qdelay_c_ms=0.629343 ecn_mark=1104 drop=0
[QUEUE_STATS] t_ms=15456 q_pkts=4 q_bytes=6016 qdelay_l_ms=1.08497 qdelay_c_ms=1.07956 ecn_mark=1104 drop=0
[QUEUE_STATS] t_ms=15472 q_pkts=3 q_bytes=4512 qdelay_l_ms=1.10109 qdelay_c_ms=1.08923 ecn_mark=1106 drop=0
[QUEUE_STATS] t_ms=15488 q_pkts=2 q_bytes=3008 qdelay_l_ms=1.09988 qdelay_c_ms=0 ecn_mark=1106 drop=0
[QUEUE_STATS] t_ms=15504 q_pkts=4 q_bytes=6016 qdelay_l_ms=0.910131 qdelay_c_ms=0.903639 ecn_mark=1107 drop=0
[QUEUE_STATS] t_ms=15520 q_pkts=4 q_bytes=6016 qdelay_l_ms=0.830681 qdelay_c_ms=0.85645 ecn_mark=1107 drop=0
[QUEUE_STATS] t_ms=15537 q_pkts=4 q_bytes=6016 qdelay_l_ms=1.10639 qdelay_c_ms=1.09683 ecn_mark=1107 drop=0
[QUEUE_STATS] t_ms=15552 q_pkts=1 q_bytes=1504 qdelay_l_ms=0.923416 qdelay_c_ms=0 ecn_mark=1107 drop=0
[QUEUE_STATS] t_ms=15568 q_pkts=3 q_bytes=4512 qdelay_l_ms=1.06516 qdelay_c_ms=1.08932 ecn_mark=1107 drop=0
[QUEUE_STATS] t_ms=15584 q_pkts=4 q_bytes=6016 qdelay_l_ms=0.95794 qdelay_c_ms=0.95247 ecn_mark=1108 drop=0
[QUEUE_STATS] t_ms=15600 q_pkts=2 q_bytes=3008 qdelay_l_ms=0.03708 qdelay_c_ms=0.029315 ecn_mark=1108 drop=0
[QUEUE_STATS] t_ms=15616 q_pkts=2 q_bytes=3008 qdelay_l_ms=1.07638 qdelay_c_ms=1.08303 ecn_mark=1109 drop=0
[QUEUE_STATS] t_ms=15632 q_pkts=5 q_bytes=7520 qdelay_l_ms=1.06089 qdelay_c_ms=1.08855 ecn_mark=1109 drop=0
[QUEUE_STATS] t_ms=15648 q_pkts=5 q_bytes=7520 qdelay_l_ms=1.08953 qdelay_c_ms=1.08322 ecn_mark=1110 drop=0
[QUEUE_STATS] t_ms=15664 q_pkts=3 q_bytes=4512 qdelay_l_ms=0.909299 qdelay_c_ms=0.896385 ecn_mark=1111 drop=0
[QUEUE_STATS] t_ms=15680 q_pkts=3 q_bytes=4512 qdelay_l_ms=1.07009 qdelay_c_ms=1.06494 ecn_mark=1112 drop=0
[QUEUE_STATS] t_ms=15696 q_pkts=4 q_bytes=6016 qdelay_l_ms=1.08936 qdelay_c_ms=1.08289 ecn_mark=1112 drop=0
[QUEUE_STATS] t_ms=15712 q_pkts=4 q_bytes=6016 qdelay_l_ms=1.07403 qdelay_c_ms=1.06883 ecn_mark=1112 drop=0
[QUEUE_STATS] t_ms=15728 q_pkts=3 q_bytes=4512 qdelay_l_ms=1.07568 qdelay_c_ms=1.07052 ecn_mark=1112 drop=0
[QUEUE_STATS] t_ms=15744 q_pkts=2 q_bytes=3008 qdelay_l_ms=1.0939 qdelay_c_ms=0 ecn_mark=1114 drop=0
[QUEUE_STATS] t_ms=15760 q_pkts=4 q_bytes=6016 qdelay_l_ms=0.898248 qdelay_c_ms=0.891415 ecn_mark=1115 drop=0
[QUEUE_STATS] t_ms=15777 q_pkts=4 q_bytes=6016 qdelay_l_ms=1.02287 qdelay_c_ms=1.0591 ecn_mark=1115 drop=0
[QUEUE_STATS] t_ms=15792 q_pkts=4 q_bytes=6016 qdelay_l_ms=0.644171 qdelay_c_ms=0.638911 ecn_mark=1115 drop=0
[QUEUE_STATS] t_ms=15808 q_pkts=4 q_bytes=6016 qdelay_l_ms=1.07061 qdelay_c_ms=1.08136 ecn_mark=1117 drop=0
[QUEUE_STATS] t_ms=15824 q_pkts=5 q_bytes=7520 qdelay_l_ms=1.09886 qdelay_c_ms=2.16148 ecn_mark=1119 drop=0
[QUEUE_STATS] t_ms=15840 q_pkts=2 q_bytes=3008 qdelay_l_ms=1.06367 qdelay_c_ms=0 ecn_mark=1120 drop=0
[QUEUE_STATS] t_ms=15856 q_pkts=4 q_bytes=6016 qdelay_l_ms=1.09168 qdelay_c_ms=1.08555 ecn_mark=1122 drop=0
[QUEUE_STATS] t_ms=15872 q_pkts=1 q_bytes=1504 qdelay_l_ms=1.0687 qdelay_c_ms=0 ecn_mark=1125 drop=0
[QUEUE_STATS] t_ms=15888 q_pkts=3 q_bytes=4512 qdelay_l_ms=0.611059 qdelay_c_ms=0.605959 ecn_mark=1125 drop=0
[QUEUE_STATS] t_ms=15904 q_pkts=4 q_bytes=6016 qdelay_l_ms=1.06909 qdelay_c_ms=1.07961 ecn_mark=1126 drop=0
[QUEUE_STATS] t_ms=15920 q_pkts=4 q_bytes=6016 qdelay_l_ms=0.605318 qdelay_c_ms=0.615387 ecn_mark=1127 drop=0
[QUEUE_STATS] t_ms=15936 q_pkts=2 q_bytes=3008 qdelay_l_ms=1.0747 qdelay_c_ms=0 ecn_mark=1127 drop=0
[QUEUE_STATS] t_ms=15952 q_pkts=3 q_bytes=4512 qdelay_l_ms=1.07619 qdelay_c_ms=1.07059 ecn_mark=1128 drop=0
[QUEUE_STATS] t_ms=15968 q_pkts=1 q_bytes=1504 qdelay_l_ms=1.03238 qdelay_c_ms=0 ecn_mark=1129 drop=0
[QUEUE_STATS] t_ms=15984 q_pkts=5 q_bytes=7520 qdelay_l_ms=1.10088 qdelay_c_ms=1.09354 ecn_mark=1131 drop=0
[QUEUE_STATS] t_ms=16001 q_pkts=2 q_bytes=3008 qdelay_l_ms=1.06386 qdelay_c_ms=1.06965 ecn_mark=1133 drop=0
[QUEUE_STATS] t_ms=16016 q_pkts=8 q_bytes=12032 qdelay_l_ms=1.08056 qdelay_c_ms=1.07372 ecn_mark=1134 drop=0
[QUEUE_STATS] t_ms=16032 q_pkts=4 q_bytes=6016 qdelay_l_ms=1.0657 qdelay_c_ms=2.18755 ecn_mark=1134 drop=0
[QUEUE_STATS] t_ms=16048 q_pkts=4 q_bytes=6016 qdelay_l_ms=1.08531 qdelay_c_ms=1.07957 ecn_mark=1135 drop=0
[QUEUE_STATS] t_ms=16064 q_pkts=4 q_bytes=6016 qdelay_l_ms=1.07788 qdelay_c_ms=1.07245 ecn_mark=1136 drop=0
[QUEUE_STATS] t_ms=16080 q_pkts=0 q_bytes=0 qdelay_l_ms=0 qdelay_c_ms=0 ecn_mark=1136 drop=0
[QUEUE_STATS] t_ms=16096 q_pkts=4 q_bytes=6016 qdelay_l_ms=1.07245 qdelay_c_ms=1.06685 ecn_mark=1138 drop=0
[QUEUE_STATS] t_ms=16112 q_pkts=5 q_bytes=7520 qdelay_l_ms=0.881457 qdelay_c_ms=1.7931 ecn_mark=1141 drop=0
[QUEUE_STATS] t_ms=16128 q_pkts=3 q_bytes=4512 qdelay_l_ms=0.806756 qdelay_c_ms=0.825231 ecn_mark=1141 drop=0
[QUEUE_STATS] t_ms=16144 q_pkts=4 q_bytes=6016 qdelay_l_ms=1.07315 qdelay_c_ms=1.06622 ecn_mark=1141 drop=0
[QUEUE_STATS] t_ms=16160 q_pkts=3 q_bytes=4512 qdelay_l_ms=0.91499 qdelay_c_ms=0.93641 ecn_mark=1142 drop=0
[QUEUE_STATS] t_ms=16176 q_pkts=2 q_bytes=3008 qdelay_l_ms=1.06682 qdelay_c_ms=0 ecn_mark=1143 drop=0
[QUEUE_STATS] t_ms=16192 q_pkts=4 q_bytes=6016 qdelay_l_ms=0.795345 qdelay_c_ms=1.77271 ecn_mark=1143 drop=0
[QUEUE_STATS] t_ms=16208 q_pkts=4 q_bytes=6016 qdelay_l_ms=1.09107 qdelay_c_ms=1.08306 ecn_mark=1144 drop=0
[QUEUE_STATS] t_ms=16224 q_pkts=4 q_bytes=6016 qdelay_l_ms=1.06082 qdelay_c_ms=2.19156 ecn_mark=1145 drop=0
[QUEUE_STATS] t_ms=16240 q_pkts=4 q_bytes=6016 qdelay_l_ms=0.946549 qdelay_c_ms=0.970364 ecn_mark=1145 drop=0
[QUEUE_STATS] t_ms=16256 q_pkts=3 q_bytes=4512 qdelay_l_ms=1.06135 qdelay_c_ms=1.07187 ecn_mark=1147 drop=0
[QUEUE_STATS] t_ms=16273 q_pkts=2 q_bytes=3008 qdelay_l_ms=1.08058 qdelay_c_ms=0 ecn_mark=1148 drop=0
[QUEUE_STATS] t_ms=16288 q_pkts=4 q_bytes=6016 qdelay_l_ms=0.787289 qdelay_c_ms=0.780737 ecn_mark=1150 drop=0
[QUEUE_STATS] t_ms=16304 q_pkts=4 q_bytes=6016 qdelay_l_ms=0.714343 qdelay_c_ms=0.724843 ecn_mark=1150 drop=0
[QUEUE_STATS] t_ms=16320 q_pkts=3 q_bytes=4512 qdelay_l_ms=1.08803 qdelay_c_ms=1.08141 ecn_mark=1152 drop=0
[QUEUE_STATS] t_ms=16336 q_pkts=4 q_bytes=6016 qdelay_l_ms=0.621098 qdelay_c_ms=0.614525 ecn_mark=1155 drop=0
[QUEUE_STATS] t_ms=16352 q_pkts=4 q_bytes=6016 qdelay_l_ms=1.06328 qdelay_c_ms=2.20112 ecn_mark=1156 drop=0
[QUEUE_STATS] t_ms=16368 q_pkts=4 q_bytes=6016 qdelay_l_ms=1.10785 qdelay_c_ms=1.09658 ecn_mark=1157 drop=0
[QUEUE_STATS] t_ms=16384 q_pkts=3 q_bytes=4512 qdelay_l_ms=0.644872 qdelay_c_ms=0.655703 ecn_mark=1157 drop=0
[QUEUE_STATS] t_ms=16400 q_pkts=6 q_bytes=9024 qdelay_l_ms=1.09256 qdelay_c_ms=1.08649 ecn_mark=1157 drop=0
[QUEUE_STATS] t_ms=16416 q_pkts=4 q_bytes=6016 qdelay_l_ms=1.07057 qdelay_c_ms=1.08143 ecn_mark=1158 drop=0
[QUEUE_STATS] t_ms=16432 q_pkts=5 q_bytes=7520 qdelay_l_ms=1.01855 qdelay_c_ms=1.01321 ecn_mark=1158 drop=0
[QUEUE_STATS] t_ms=16448 q_pkts=4 q_bytes=6016 qdelay_l_ms=0.971125 qdelay_c_ms=0.964693 ecn_mark=1158 drop=0
[QUEUE_STATS] t_ms=16464 q_pkts=3 q_bytes=4512 qdelay_l_ms=0.806516 qdelay_c_ms=0.811575 ecn_mark=1158 drop=0
[QUEUE_STATS] t_ms=16480 q_pkts=6 q_bytes=9024 qdelay_l_ms=0.735612 qdelay_c_ms=1.80961 ecn_mark=1158 drop=0
[QUEUE_STATS] t_ms=16496 q_pkts=6 q_bytes=9024 qdelay_l_ms=1.07169 qdelay_c_ms=1.76757 ecn_mark=1159 drop=0
[QUEUE_STATS] t_ms=16512 q_pkts=1 q_bytes=1504 qdelay_l_ms=1.08366 qdelay_c_ms=0 ecn_mark=1159 drop=0
[QUEUE_STATS] t_ms=16528 q_pkts=4 q_bytes=6016 qdelay_l_ms=1.07647 qdelay_c_ms=1.07155 ecn_mark=1159 drop=0
[QUEUE_STATS] t_ms=16544 q_pkts=8 q_bytes=12032 qdelay_l_ms=1.11945 qdelay_c_ms=3.06349 ecn_mark=1161 drop=0
[QUEUE_STATS] t_ms=16560 q_pkts=2 q_bytes=3008 qdelay_l_ms=1.08485 qdelay_c_ms=0 ecn_mark=1162 drop=0
[QUEUE_STATS] t_ms=16576 q_pkts=4 q_bytes=6016 qdelay_l_ms=1.09221 qdelay_c_ms=1.08749 ecn_mark=1162 drop=0
[QUEUE_STATS] t_ms=16592 q_pkts=4 q_bytes=6016 qdelay_l_ms=1.09004 qdelay_c_ms=1.08336 ecn_mark=1164 drop=0
[QUEUE_STATS] t_ms=16608 q_pkts=6 q_bytes=9024 qdelay_l_ms=1.08347 qdelay_c_ms=1.07448 ecn_mark=1164 drop=0
[QUEUE_STATS] t_ms=16624 q_pkts=5 q_bytes=7520 qdelay_l_ms=1.08156 qdelay_c_ms=2.09729 ecn_mark=1164 drop=0
[QUEUE_STATS] t_ms=16640 q_pkts=3 q_bytes=4512 qdelay_l_ms=1.01218 qdelay_c_ms=1.00634 ecn_mark=1164 drop=0
[QUEUE_STATS] t_ms=16656 q_pkts=6 q_bytes=9024 qdelay_l_ms=1.07016 qdelay_c_ms=1.09086 ecn_mark=1165 drop=0
[QUEUE_STATS] t_ms=16672 q_pkts=4 q_bytes=6016 qdelay_l_ms=0.813879 qdelay_c_ms=0.806716 ecn_mark=1166 drop=0
[QUEUE_STATS] t_ms=16688 q_pkts=4 q_bytes=6016 qdelay_l_ms=1.07312 qdelay_c_ms=1.06789 ecn_mark=1166 drop=0
[QUEUE_STATS] t_ms=16704 q_pkts=2 q_bytes=3008 qdelay_l_ms=0.02688 qdelay_c_ms=0.020718 ecn_mark=1166 drop=0
[QUEUE_STATS] t_ms=16720 q_pkts=4 q_bytes=6016 qdelay_l_ms=1.06666 qdelay_c_ms=1.06167 ecn_mark=1166 drop=0
[QUEUE_STATS] t_ms=16736 q_pkts=6 q_bytes=9024 qdelay_l_ms=0.792048 qdelay_c_ms=0.785987 ecn_mark=1167 drop=0
[QUEUE_STATS] t_ms=16752 q_pkts=6 q_bytes=9024 qdelay_l_ms=1.07307 qdelay_c_ms=2.11241 ecn_mark=1167 drop=0
[QUEUE_STATS] t_ms=16768 q_pkts=4 q_bytes=6016 qdelay_l_ms=0.928535 qdelay_c_ms=0.939796 ecn_mark=1167 drop=0
[QUEUE_STATS] t_ms=16784 q_pkts=4 q_bytes=6016 qdelay_l_ms=1.06564 qdelay_c_ms=1.08938 ecn_mark=1168 drop=0
[QUEUE_STATS] t_ms=16800 q_pkts=5 q_bytes=7520 qdelay_l_ms=1.09162 qdelay_c_ms=1.97995 ecn_mark=1168 drop=0
[QUEUE_STATS] t_ms=16816 q_pkts=4 q_bytes=6016 qdelay_l_ms=1.06486 qdelay_c_ms=1.07486 ecn_mark=1168 drop=0
[QUEUE_STATS] t_ms=16832 q_pkts=5 q_bytes=7520 qdelay_l_ms=1.07046 qdelay_c_ms=1.11306 ecn_mark=1169 drop=0
[QUEUE_STATS] t_ms=16848 q_pkts=4 q_bytes=6016 qdelay_l_ms=1.06261 qdelay_c_ms=2.17029 ecn_mark=1170 drop=0
[QUEUE_STATS] t_ms=16864 q_pkts=3 q_bytes=4512 qdelay_l_ms=0.8191 qdelay_c_ms=0.826303 ecn_mark=1171 drop=0
[QUEUE_STATS] t_ms=16880 q_pkts=3 q_bytes=4512 qdelay_l_ms=1.06088 qdelay_c_ms=1.07091 ecn_mark=1172 drop=0
[QUEUE_STATS] t_ms=16896 q_pkts=2 q_bytes=3008 qdelay_l_ms=0.762112 qdelay_c_ms=0 ecn_mark=1173 drop=0
[QUEUE_STATS] t_ms=16912 q_pkts=4 q_bytes=6016 qdelay_l_ms=1.08634 qdelay_c_ms=1.0801 ecn_mark=1173 drop=0
[QUEUE_STATS] t_ms=16928 q_pkts=4 q_bytes=6016 qdelay_l_ms=1.08691 qdelay_c_ms=1.08009 ecn_mark=1173 drop=0
[QUEUE_STATS] t_ms=16944 q_pkts=4 q_bytes=6016 qdelay_l_ms=1.07168 qdelay_c_ms=1.09537 ecn_mark=1174 drop=0
[QUEUE_STATS] t_ms=16960 q_pkts=3 q_bytes=4512 qdelay_l_ms=1.09339 qdelay_c_ms=1.81099 ecn_mark=1176 drop=0
[QUEUE_STATS] t_ms=16976 q_pkts=4 q_bytes=6016 qdelay_l_ms=0 qdelay_c_ms=0.045846 ecn_mark=1176 drop=0
[QUEUE_STATS] t_ms=16992 q_pkts=3 q_bytes=4512 qdelay_l_ms=0.76091 qdelay_c_ms=1.79535 ecn_mark=1177 drop=0
[QUEUE_STATS] t_ms=17008 q_pkts=4 q_bytes=6016 qdelay_l_ms=1.06099 qdelay_c_ms=1.0764 ecn_mark=1177 drop=0
[QUEUE_STATS] t_ms=17024 q_pkts=4 q_bytes=6016 qdelay_l_ms=1.06103 qdelay_c_ms=2.16368 ecn_mark=1178 drop=0
[QUEUE_STATS] t_ms=17040 q_pkts=5 q_bytes=7520 qdelay_l_ms=1.07064 qdelay_c_ms=1.088 ecn_mark=1178 drop=0
[QUEUE_STATS] t_ms=17056 q_pkts=4 q_bytes=6016 qdelay_l_ms=0.66522 qdelay_c_ms=0.701508 ecn_mark=1179 drop=0
[QUEUE_STATS] t_ms=17072 q_pkts=4 q_bytes=6016 qdelay_l_ms=1.06499 qdelay_c_ms=1.08884 ecn_mark=1179 drop=0
[QUEUE_STATS] t_ms=17088 q_pkts=2 q_bytes=3008 qdelay_l_ms=0.740592 qdelay_c_ms=0 ecn_mark=1180 drop=0
[QUEUE_STATS] t_ms=17104 q_pkts=3 q_bytes=4512 qdelay_l_ms=0.746052 qdelay_c_ms=0.767622 ecn_mark=1182 drop=0
[QUEUE_STATS] t_ms=17120 q_pkts=6 q_bytes=9024 qdelay_l_ms=1.06099 qdelay_c_ms=1.09527 ecn_mark=1183 drop=0
[QUEUE_STATS] t_ms=17136 q_pkts=3 q_bytes=4512 qdelay_l_ms=0.768133 qdelay_c_ms=0.789403 ecn_mark=1183 drop=0
[QUEUE_STATS] t_ms=17152 q_pkts=3 q_bytes=4512 qdelay_l_ms=0.857251 qdelay_c_ms=0.86776 ecn_mark=1184 drop=0
[QUEUE_STATS] t_ms=17168 q_pkts=6 q_bytes=9024 qdelay_l_ms=0.848294 qdelay_c_ms=1.9849 ecn_mark=1184 drop=0
[QUEUE_STATS] t_ms=17184 q_pkts=4 q_bytes=6016 qdelay_l_ms=1.08221 qdelay_c_ms=1.07675 ecn_mark=1184 drop=0
[QUEUE_STATS] t_ms=17200 q_pkts=4 q_bytes=6016 qdelay_l_ms=1.06592 qdelay_c_ms=1.07603 ecn_mark=1185 drop=0
[QUEUE_STATS] t_ms=17216 q_pkts=4 q_bytes=6016 qdelay_l_ms=1.09996 qdelay_c_ms=1.98103 ecn_mark=1186 drop=0
[QUEUE_STATS] t_ms=17232 q_pkts=2 q_bytes=3008 qdelay_l_ms=1.09523 qdelay_c_ms=0 ecn_mark=1187 drop=0
[QUEUE_STATS] t_ms=17248 q_pkts=5 q_bytes=7520 qdelay_l_ms=1.06592 qdelay_c_ms=1.09937 ecn_mark=1188 drop=0
[QUEUE_STATS] t_ms=17264 q_pkts=4 q_bytes=6016 qdelay_l_ms=1.08598 qdelay_c_ms=1.07938 ecn_mark=1192 drop=0
[QUEUE_STATS] t_ms=17280 q_pkts=2 q_bytes=3008 qdelay_l_ms=0 qdelay_c_ms=1.07841 ecn_mark=1195 drop=0
[QUEUE_STATS] t_ms=17296 q_pkts=5 q_bytes=7520 qdelay_l_ms=1.07256 qdelay_c_ms=1.83181 ecn_mark=1197 drop=0
[QUEUE_STATS] t_ms=17312 q_pkts=6 q_bytes=9024 qdelay_l_ms=1.03462 qdelay_c_ms=1.07894 ecn_mark=1197 drop=0
[QUEUE_STATS] t_ms=17328 q_pkts=0 q_bytes=0 qdelay_l_ms=0 qdelay_c_ms=0 ecn_mark=1197 drop=0
[QUEUE_STATS] t_ms=17344 q_pkts=3 q_bytes=4512 qdelay_l_ms=1.06071 qdelay_c_ms=2.16735 ecn_mark=1197 drop=0
[QUEUE_STATS] t_ms=17360 q_pkts=4 q_bytes=6016 qdelay_l_ms=1.05484 qdelay_c_ms=1.06572 ecn_mark=1198 drop=0
[QUEUE_STATS] t_ms=17376 q_pkts=6 q_bytes=9024 qdelay_l_ms=1.07807 qdelay_c_ms=1.07214 ecn_mark=1199 drop=0
[QUEUE_STATS] t_ms=17392 q_pkts=3 q_bytes=4512 qdelay_l_ms=1.08083 qdelay_c_ms=1.0748 ecn_mark=1201 drop=0
[QUEUE_STATS] t_ms=17408 q_pkts=3 q_bytes=4512 qdelay_l_ms=1.05878 qdelay_c_ms=1.08223 ecn_mark=1201 drop=0
[QUEUE_STATS] t_ms=17425 q_pkts=5 q_bytes=7520 qdelay_l_ms=1.08672 qdelay_c_ms=2.14965 ecn_mark=1202 drop=0
[QUEUE_STATS] t_ms=17440 q_pkts=4 q_bytes=6016 qdelay_l_ms=1.08331 qdelay_c_ms=1.07767 ecn_mark=1203 drop=0
[QUEUE_STATS] t_ms=17456 q_pkts=3 q_bytes=4512 qdelay_l_ms=0.683444 qdelay_c_ms=0.706979 ecn_mark=1203 drop=0
[QUEUE_STATS] t_ms=17472 q_pkts=3 q_bytes=4512 qdelay_l_ms=1.08653 qdelay_c_ms=1.07968 ecn_mark=1203 drop=0
[QUEUE_STATS] t_ms=17488 q_pkts=3 q_bytes=4512 qdelay_l_ms=0.641606 qdelay_c_ms=0.631838 ecn_mark=1205 drop=0
[QUEUE_STATS] t_ms=17504 q_pkts=4 q_bytes=6016 qdelay_l_ms=1.10035 qdelay_c_ms=1.09368 ecn_mark=1206 drop=0
[QUEUE_STATS] t_ms=17520 q_pkts=3 q_bytes=4512 qdelay_l_ms=1.05406 qdelay_c_ms=1.07561 ecn_mark=1208 drop=0
[QUEUE_STATS] t_ms=17536 q_pkts=2 q_bytes=3008 qdelay_l_ms=0 qdelay_c_ms=1.08106 ecn_mark=1210 drop=0
[QUEUE_STATS] t_ms=17552 q_pkts=5 q_bytes=7520 qdelay_l_ms=1.07073 qdelay_c_ms=2.1471 ecn_mark=1210 drop=0
[QUEUE_STATS] t_ms=17568 q_pkts=4 q_bytes=6016 qdelay_l_ms=1.08339 qdelay_c_ms=1.10615 ecn_mark=1210 drop=0
[QUEUE_STATS] t_ms=17584 q_pkts=3 q_bytes=4512 qdelay_l_ms=1.07943 qdelay_c_ms=1.07222 ecn_mark=1211 drop=0
[QUEUE_STATS] t_ms=17600 q_pkts=4 q_bytes=6016 qdelay_l_ms=1.05294 qdelay_c_ms=1.08499 ecn_mark=1213 drop=0
[QUEUE_STATS] t_ms=17616 q_pkts=4 q_bytes=6016 qdelay_l_ms=1.08966 qdelay_c_ms=1.08291 ecn_mark=1213 drop=0
[QUEUE_STATS] t_ms=17632 q_pkts=3 q_bytes=4512 qdelay_l_ms=1.06087 qdelay_c_ms=2.19032 ecn_mark=1216 drop=0
[QUEUE_STATS] t_ms=17648 q_pkts=4 q_bytes=6016 qdelay_l_ms=1.06655 qdelay_c_ms=1.08964 ecn_mark=1219 drop=0
[QUEUE_STATS] t_ms=17664 q_pkts=3 q_bytes=4512 qdelay_l_ms=1.05955 qdelay_c_ms=1.07033 ecn_mark=1219 drop=0
[QUEUE_STATS] t_ms=17680 q_pkts=6 q_bytes=9024 qdelay_l_ms=0.695196 qdelay_c_ms=1.75784 ecn_mark=1219 drop=0
[QUEUE_STATS] t_ms=17696 q_pkts=4 q_bytes=6016 qdelay_l_ms=1.05819 qdelay_c_ms=1.07844 ecn_mark=1221 drop=0
[QUEUE_STATS] t_ms=17712 q_pkts=4 q_bytes=6016 qdelay_l_ms=1.09144 qdelay_c_ms=1.08393 ecn_mark=1221 drop=0
[QUEUE_STATS] t_ms=17728 q_pkts=4 q_bytes=6016 qdelay_l_ms=1.10474 qdelay_c_ms=2.16939 ecn_mark=1221 drop=0
[QUEUE_STATS] t_ms=17744 q_pkts=4 q_bytes=6016 qdelay_l_ms=1.07544 qdelay_c_ms=1.08579 ecn_mark=1222 drop=0
[QUEUE_STATS] t_ms=17760 q_pkts=4 q_bytes=6016 qdelay_l_ms=0.891215 qdelay_c_ms=0.884532 ecn_mark=1222 drop=0
[QUEUE_STATS] t_ms=17776 q_pkts=4 q_bytes=6016 qdelay_l_ms=1.11109 qdelay_c_ms=1.10155 ecn_mark=1223 drop=0
[QUEUE_STATS] t_ms=17792 q_pkts=4 q_bytes=6016 qdelay_l_ms=0.697331 qdelay_c_ms=0.690528 ecn_mark=1224 drop=0
[QUEUE_STATS] t_ms=17808 q_pkts=3 q_bytes=4512 qdelay_l_ms=1.06132 qdelay_c_ms=1.09954 ecn_mark=1224 drop=0
[QUEUE_STATS] t_ms=17824 q_pkts=4 q_bytes=6016 qdelay_l_ms=0.865156 qdelay_c_ms=0.859665 ecn_mark=1226 drop=0
[QUEUE_STATS] t_ms=17840 q_pkts=4 q_bytes=6016 qdelay_l_ms=1.09318 qdelay_c_ms=1.0885 ecn_mark=1226 drop=0
[QUEUE_STATS] t_ms=17856 q_pkts=4 q_bytes=6016 qdelay_l_ms=0.587294 qdelay_c_ms=0.616188 ecn_mark=1227 drop=0
[QUEUE_STATS] t_ms=17872 q_pkts=4 q_bytes=6016 qdelay_l_ms=1.07547 qdelay_c_ms=1.63718 ecn_mark=1228 drop=0
[QUEUE_STATS] t_ms=17888 q_pkts=5 q_bytes=7520 qdelay_l_ms=1.09793 qdelay_c_ms=1.0916 ecn_mark=1229 drop=0
[QUEUE_STATS] t_ms=17904 q_pkts=4 q_bytes=6016 qdelay_l_ms=1.07736 qdelay_c_ms=1.07229 ecn_mark=1231 drop=0
[QUEUE_STATS] t_ms=17920 q_pkts=4 q_bytes=6016 qdelay_l_ms=1.11021 qdelay_c_ms=1.09965 ecn_mark=1232 drop=0
[QUEUE_STATS] t_ms=17936 q_pkts=6 q_bytes=9024 qdelay_l_ms=1.10125 qdelay_c_ms=1.09438 ecn_mark=1232 drop=0
[QUEUE_STATS] t_ms=17952 q_pkts=4 q_bytes=6016 qdelay_l_ms=1.08274 qdelay_c_ms=1.07729 ecn_mark=1232 drop=0
[QUEUE_STATS] t_ms=17969 q_pkts=4 q_bytes=6016 qdelay_l_ms=1.06424 qdelay_c_ms=2.16508 ecn_mark=1232 drop=0
[QUEUE_STATS] t_ms=17984 q_pkts=5 q_bytes=7520 qdelay_l_ms=1.08871 qdelay_c_ms=1.94914 ecn_mark=1233 drop=0
[QUEUE_STATS] t_ms=18000 q_pkts=5 q_bytes=7520 qdelay_l_ms=1.07609 qdelay_c_ms=2.14723 ecn_mark=1235 drop=0
[QUEUE_STATS] t_ms=18016 q_pkts=6 q_bytes=9024 qdelay_l_ms=1.07224 qdelay_c_ms=1.75637 ecn_mark=1236 drop=0
[QUEUE_STATS] t_ms=18032 q_pkts=8 q_bytes=12032 qdelay_l_ms=1.08382 qdelay_c_ms=1.07928 ecn_mark=1237 drop=0
[QUEUE_STATS] t_ms=18048 q_pkts=4 q_bytes=6016 qdelay_l_ms=0.908077 qdelay_c_ms=1.95086 ecn_mark=1237 drop=0
[QUEUE_STATS] t_ms=18064 q_pkts=7 q_bytes=10528 qdelay_l_ms=1.11465 qdelay_c_ms=1.75597 ecn_mark=1239 drop=0
[QUEUE_STATS] t_ms=18080 q_pkts=7 q_bytes=10528 qdelay_l_ms=1.11901 qdelay_c_ms=1.75661 ecn_mark=1239 drop=0
[QUEUE_STATS] t_ms=18096 q_pkts=5 q_bytes=7520 qdelay_l_ms=1.07669 qdelay_c_ms=2.13173 ecn_mark=1241 drop=0
[QUEUE_STATS] t_ms=18112 q_pkts=5 q_bytes=7520 qdelay_l_ms=0.563389 qdelay_c_ms=0.557177 ecn_mark=1241 drop=0
[QUEUE_STATS] t_ms=18128 q_pkts=6 q_bytes=9024 qdelay_l_ms=1.07989 qdelay_c_ms=1.07281 ecn_mark=1242 drop=0
[QUEUE_STATS] t_ms=18144 q_pkts=5 q_bytes=7520 qdelay_l_ms=0.814561 qdelay_c_ms=1.9509 ecn_mark=1242 drop=0
[QUEUE_STATS] t_ms=18160 q_pkts=4 q_bytes=6016 qdelay_l_ms=0.68073 qdelay_c_ms=0.669439 ecn_mark=1242 drop=0
[QUEUE_STATS] t_ms=18176 q_pkts=5 q_bytes=7520 qdelay_l_ms=1.08014 qdelay_c_ms=1.07507 ecn_mark=1242 drop=0
[QUEUE_STATS] t_ms=18192 q_pkts=7 q_bytes=10528 qdelay_l_ms=1.09281 qdelay_c_ms=2.14683 ecn_mark=1245 drop=0
[QUEUE_STATS] t_ms=18208 q_pkts=6 q_bytes=9024 qdelay_l_ms=0.906183 qdelay_c_ms=1.97006 ecn_mark=1245 drop=0
[QUEUE_STATS] t_ms=18224 q_pkts=4 q_bytes=6016 qdelay_l_ms=1.06565 qdelay_c_ms=1.07646 ecn_mark=1245 drop=0
[QUEUE_STATS] t_ms=18240 q_pkts=4 q_bytes=6016 qdelay_l_ms=1.0708 qdelay_c_ms=1.10813 ecn_mark=1246 drop=0
[QUEUE_STATS] t_ms=18256 q_pkts=6 q_bytes=9024 qdelay_l_ms=1.08187 qdelay_c_ms=1.09256 ecn_mark=1249 drop=0
[QUEUE_STATS] t_ms=18272 q_pkts=4 q_bytes=6016 qdelay_l_ms=0.632789 qdelay_c_ms=0.669017 ecn_mark=1251 drop=0
[QUEUE_STATS] t_ms=18288 q_pkts=5 q_bytes=7520 qdelay_l_ms=1.07036 qdelay_c_ms=2.15746 ecn_mark=1251 drop=0
[QUEUE_STATS] t_ms=18304 q_pkts=5 q_bytes=7520 qdelay_l_ms=0.575832 qdelay_c_ms=1.66488 ecn_mark=1253 drop=0
[QUEUE_STATS] t_ms=18320 q_pkts=5 q_bytes=7520 qdelay_l_ms=1.06622 qdelay_c_ms=1.08762 ecn_mark=1253 drop=0
[QUEUE_STATS] t_ms=18336 q_pkts=5 q_bytes=7520 qdelay_l_ms=1.10113 qdelay_c_ms=2.16914 ecn_mark=1257 drop=0
[QUEUE_STATS] t_ms=18352 q_pkts=4 q_bytes=6016 qdelay_l_ms=1.07739 qdelay_c_ms=1.07221 ecn_mark=1258 drop=0
[QUEUE_STATS] t_ms=18368 q_pkts=6 q_bytes=9024 qdelay_l_ms=1.06551 qdelay_c_ms=2.20316 ecn_mark=1259 drop=0
[QUEUE_STATS] t_ms=18384 q_pkts=4 q_bytes=6016 qdelay_l_ms=1.07983 qdelay_c_ms=1.07242 ecn_mark=1260 drop=0
[QUEUE_STATS] t_ms=18400 q_pkts=5 q_bytes=7520 qdelay_l_ms=0.637177 qdelay_c_ms=0.67071 ecn_mark=1261 drop=0
[QUEUE_STATS] t_ms=18416 q_pkts=6 q_bytes=9024 qdelay_l_ms=1.09755 qdelay_c_ms=1.09092 ecn_mark=1261 drop=0
[QUEUE_STATS] t_ms=18432 q_pkts=5 q_bytes=7520 qdelay_l_ms=1.09697 qdelay_c_ms=2.15593 ecn_mark=1261 drop=0
[QUEUE_STATS] t_ms=18448 q_pkts=6 q_bytes=9024 qdelay_l_ms=1.06061 qdelay_c_ms=2.16131 ecn_mark=1262 drop=0
[QUEUE_STATS] t_ms=18464 q_pkts=7 q_bytes=10528 qdelay_l_ms=1.05442 qdelay_c_ms=2.17654 ecn_mark=1263 drop=0
[QUEUE_STATS] t_ms=18480 q_pkts=5 q_bytes=7520 qdelay_l_ms=0 qdelay_c_ms=2.17725 ecn_mark=1263 drop=0
[QUEUE_STATS] t_ms=18496 q_pkts=4 q_bytes=6016 qdelay_l_ms=1.08957 qdelay_c_ms=1.08365 ecn_mark=1263 drop=0
[QUEUE_STATS] t_ms=18512 q_pkts=6 q_bytes=9024 qdelay_l_ms=1.07123 qdelay_c_ms=1.96321 ecn_mark=1264 drop=0
[QUEUE_STATS] t_ms=18528 q_pkts=5 q_bytes=7520 qdelay_l_ms=1.06565 qdelay_c_ms=2.16691 ecn_mark=1266 drop=0
[QUEUE_STATS] t_ms=18544 q_pkts=0 q_bytes=0 qdelay_l_ms=0 qdelay_c_ms=0 ecn_mark=1266 drop=0
[QUEUE_STATS] t_ms=18560 q_pkts=4 q_bytes=6016 qdelay_l_ms=1.10102 qdelay_c_ms=1.09427 ecn_mark=1266 drop=0
[QUEUE_STATS] t_ms=18576 q_pkts=2 q_bytes=3008 qdelay_l_ms=1.06652 qdelay_c_ms=0 ecn_mark=1266 drop=0
[QUEUE_STATS] t_ms=18592 q_pkts=4 q_bytes=6016 qdelay_l_ms=1.06652 qdelay_c_ms=1.09141 ecn_mark=1269 drop=0
[QUEUE_STATS] t_ms=18608 q_pkts=6 q_bytes=9024 qdelay_l_ms=1.07611 qdelay_c_ms=1.09327 ecn_mark=1269 drop=0
[QUEUE_STATS] t_ms=18624 q_pkts=1 q_bytes=1504 qdelay_l_ms=1.09084 qdelay_c_ms=0 ecn_mark=1269 drop=0
[QUEUE_STATS] t_ms=18640 q_pkts=4 q_bytes=6016 qdelay_l_ms=1.10006 qdelay_c_ms=1.09316 ecn_mark=1269 drop=0
[QUEUE_STATS] t_ms=18656 q_pkts=2 q_bytes=3008 qdelay_l_ms=1.07313 qdelay_c_ms=0 ecn_mark=1270 drop=0
[QUEUE_STATS] t_ms=18672 q_pkts=2 q_bytes=3008 qdelay_l_ms=1.10367 qdelay_c_ms=0 ecn_mark=1271 drop=0
[QUEUE_STATS] t_ms=18688 q_pkts=4 q_bytes=6016 qdelay_l_ms=1.0728 qdelay_c_ms=1.06735 ecn_mark=1271 drop=0
[QUEUE_STATS] t_ms=18704 q_pkts=4 q_bytes=6016 qdelay_l_ms=1.08999 qdelay_c_ms=1.08302 ecn_mark=1272 drop=0
[QUEUE_STATS] t_ms=18720 q_pkts=3 q_bytes=4512 qdelay_l_ms=1.06633 qdelay_c_ms=2.16446 ecn_mark=1272 drop=0
[QUEUE_STATS] t_ms=18736 q_pkts=3 q_bytes=4512 qdelay_l_ms=1.07142 qdelay_c_ms=1.06663 ecn_mark=1272 drop=0
[QUEUE_STATS] t_ms=18752 q_pkts=4 q_bytes=6016 qdelay_l_ms=1.07103 qdelay_c_ms=1.0965 ecn_mark=1272 drop=0
[QUEUE_STATS] t_ms=18768 q_pkts=2 q_bytes=3008 qdelay_l_ms=0.645102 qdelay_c_ms=1.70737 ecn_mark=1273 drop=0
[QUEUE_STATS] t_ms=18784 q_pkts=4 q_bytes=6016 qdelay_l_ms=1.09227 qdelay_c_ms=1.08535 ecn_mark=1274 drop=0
[QUEUE_STATS] t_ms=18800 q_pkts=3 q_bytes=4512 qdelay_l_ms=0.605779 qdelay_c_ms=0.59547 ecn_mark=1274 drop=0
[QUEUE_STATS] t_ms=18816 q_pkts=4 q_bytes=6016 qdelay_l_ms=1.07076 qdelay_c_ms=2.1484 ecn_mark=1275 drop=0
[QUEUE_STATS] t_ms=18832 q_pkts=4 q_bytes=6016 qdelay_l_ms=0.842674 qdelay_c_ms=0.831824 ecn_mark=1275 drop=0
[QUEUE_STATS] t_ms=18848 q_pkts=4 q_bytes=6016 qdelay_l_ms=1.08649 qdelay_c_ms=1.07998 ecn_mark=1277 drop=0
[QUEUE_STATS] t_ms=18864 q_pkts=4 q_bytes=6016 qdelay_l_ms=0.536889 qdelay_c_ms=1.66433 ecn_mark=1279 drop=0
[QUEUE_STATS] t_ms=18880 q_pkts=3 q_bytes=4512 qdelay_l_ms=1.08176 qdelay_c_ms=2.13969 ecn_mark=1279 drop=0
[QUEUE_STATS] t_ms=18896 q_pkts=4 q_bytes=6016 qdelay_l_ms=1.08955 qdelay_c_ms=1.08302 ecn_mark=1281 drop=0
[QUEUE_STATS] t_ms=18912 q_pkts=1 q_bytes=1504 qdelay_l_ms=1.0673 qdelay_c_ms=0 ecn_mark=1281 drop=0
[QUEUE_STATS] t_ms=18928 q_pkts=4 q_bytes=6016 qdelay_l_ms=1.08605 qdelay_c_ms=1.07965 ecn_mark=1281 drop=0
[QUEUE_STATS] t_ms=18944 q_pkts=7 q_bytes=10528 qdelay_l_ms=1.08728 qdelay_c_ms=2.16421 ecn_mark=1282 drop=0
[QUEUE_STATS] t_ms=18960 q_pkts=4 q_bytes=6016 qdelay_l_ms=1.06448 qdelay_c_ms=2.16287 ecn_mark=1283 drop=0
[QUEUE_STATS] t_ms=18976 q_pkts=2 q_bytes=3008 qdelay_l_ms=0.031229 qdelay_c_ms=0.024115 ecn_mark=1283 drop=0
[QUEUE_STATS] t_ms=18992 q_pkts=5 q_bytes=7520 qdelay_l_ms=1.09519 qdelay_c_ms=1.08471 ecn_mark=1283 drop=0
[QUEUE_STATS] t_ms=19008 q_pkts=4 q_bytes=6016 qdelay_l_ms=1.08186 qdelay_c_ms=1.07492 ecn_mark=1284 drop=0
[QUEUE_STATS] t_ms=19024 q_pkts=4 q_bytes=6016 qdelay_l_ms=1.08937 qdelay_c_ms=1.08216 ecn_mark=1284 drop=0
[QUEUE_STATS] t_ms=19040 q_pkts=3 q_bytes=4512 qdelay_l_ms=1.09998 qdelay_c_ms=1.08446 ecn_mark=1285 drop=0
[QUEUE_STATS] t_ms=19056 q_pkts=4 q_bytes=6016 qdelay_l_ms=1.09057 qdelay_c_ms=1.08481 ecn_mark=1286 drop=0
[QUEUE_STATS] t_ms=19072 q_pkts=2 q_bytes=3008 qdelay_l_ms=1.0782 qdelay_c_ms=0 ecn_mark=1287 drop=0
[QUEUE_STATS] t_ms=19088 q_pkts=5 q_bytes=7520 qdelay_l_ms=1.07069 qdelay_c_ms=1.06007 ecn_mark=1289 drop=0
[QUEUE_STATS] t_ms=19104 q_pkts=6 q_bytes=9024 qdelay_l_ms=1.07783 qdelay_c_ms=1.07142 ecn_mark=1291 drop=0
[QUEUE_STATS] t_ms=19120 q_pkts=4 q_bytes=6016 qdelay_l_ms=0.524716 qdelay_c_ms=0.514116 ecn_mark=1291 drop=0
[QUEUE_STATS] t_ms=19136 q_pkts=4 q_bytes=6016 qdelay_l_ms=1.0839 qdelay_c_ms=1.0757 ecn_mark=1291 drop=0
[QUEUE_STATS] t_ms=19152 q_pkts=4 q_bytes=6016 qdelay_l_ms=1.08016 qdelay_c_ms=1.07475 ecn_mark=1292 drop=0
[QUEUE_STATS] t_ms=19168 q_pkts=4 q_bytes=6016 qdelay_l_ms=1.07131 qdelay_c_ms=1.06481 ecn_mark=1293 drop=0
[QUEUE_STATS] t_ms=19184 q_pkts=4 q_bytes=6016 qdelay_l_ms=1.08502 qdelay_c_ms=1.07861 ecn_mark=1293 drop=0
[QUEUE_STATS] t_ms=19200 q_pkts=4 q_bytes=6016 qdelay_l_ms=1.03421 qdelay_c_ms=1.06649 ecn_mark=1295 drop=0
[QUEUE_STATS] t_ms=19216 q_pkts=6 q_bytes=9024 qdelay_l_ms=1.0844 qdelay_c_ms=2.10464 ecn_mark=1295 drop=0
[QUEUE_STATS] t_ms=19232 q_pkts=4 q_bytes=6016 qdelay_l_ms=1.08268 qdelay_c_ms=1.07662 ecn_mark=1297 drop=0
[QUEUE_STATS] t_ms=19248 q_pkts=3 q_bytes=4512 qdelay_l_ms=1.11237 qdelay_c_ms=1.10261 ecn_mark=1297 drop=0
[QUEUE_STATS] t_ms=19264 q_pkts=3 q_bytes=4512 qdelay_l_ms=1.07713 qdelay_c_ms=1.07068 ecn_mark=1300 drop=0
[QUEUE_STATS] t_ms=19280 q_pkts=4 q_bytes=6016 qdelay_l_ms=1.07733 qdelay_c_ms=1.07031 ecn_mark=1302 drop=0
[QUEUE_STATS] t_ms=19296 q_pkts=4 q_bytes=6016 qdelay_l_ms=1.05635 qdelay_c_ms=1.04557 ecn_mark=1302 drop=0
[QUEUE_STATS] t_ms=19312 q_pkts=2 q_bytes=3008 qdelay_l_ms=0.035477 qdelay_c_ms=0.026039 ecn_mark=1303 drop=0
[QUEUE_STATS] t_ms=19328 q_pkts=8 q_bytes=12032 qdelay_l_ms=1.06661 qdelay_c_ms=2.10108 ecn_mark=1304 drop=0
[QUEUE_STATS] t_ms=19344 q_pkts=4 q_bytes=6016 qdelay_l_ms=1.07535 qdelay_c_ms=1.06989 ecn_mark=1304 drop=0
[QUEUE_STATS] t_ms=19360 q_pkts=2 q_bytes=3008 qdelay_l_ms=0.557567 qdelay_c_ms=0 ecn_mark=1306 drop=0
[QUEUE_STATS] t_ms=19376 q_pkts=7 q_bytes=10528 qdelay_l_ms=1.07403 qdelay_c_ms=2.12482 ecn_mark=1306 drop=0
[QUEUE_STATS] t_ms=19392 q_pkts=3 q_bytes=4512 qdelay_l_ms=1.0913 qdelay_c_ms=1.08438 ecn_mark=1307 drop=0
[QUEUE_STATS] t_ms=19408 q_pkts=5 q_bytes=7520 qdelay_l_ms=1.06499 qdelay_c_ms=2.11476 ecn_mark=1309 drop=0
[QUEUE_STATS] t_ms=19424 q_pkts=4 q_bytes=6016 qdelay_l_ms=1.08143 qdelay_c_ms=1.07148 ecn_mark=1311 drop=0
[QUEUE_STATS] t_ms=19440 q_pkts=4 q_bytes=6016 qdelay_l_ms=0.979241 qdelay_c_ms=0.97343 ecn_mark=1311 drop=0
[QUEUE_STATS] t_ms=19456 q_pkts=6 q_bytes=9024 qdelay_l_ms=1.06471 qdelay_c_ms=2.07104 ecn_mark=1311 drop=0
[QUEUE_STATS] t_ms=19472 q_pkts=6 q_bytes=9024 qdelay_l_ms=0.534164 qdelay_c_ms=0.527361 ecn_mark=1311 drop=0
[QUEUE_STATS] t_ms=19488 q_pkts=2 q_bytes=3008 qdelay_l_ms=0 qdelay_c_ms=1.06689 ecn_mark=1311 drop=0
[QUEUE_STATS] t_ms=19504 q_pkts=6 q_bytes=9024 qdelay_l_ms=1.06325 qdelay_c_ms=2.08076 ecn_mark=1312 drop=0
[QUEUE_STATS] t_ms=19520 q_pkts=4 q_bytes=6016 qdelay_l_ms=1.04862 qdelay_c_ms=1.04134 ecn_mark=1312 drop=0
[QUEUE_STATS] t_ms=19536 q_pkts=4 q_bytes=6016 qdelay_l_ms=1.0475 qdelay_c_ms=1.04004 ecn_mark=1312 drop=0
[QUEUE_STATS] t_ms=19552 q_pkts=4 q_bytes=6016 qdelay_l_ms=1.0905 qdelay_c_ms=1.08424 ecn_mark=1313 drop=0
[QUEUE_STATS] t_ms=19568 q_pkts=6 q_bytes=9024 qdelay_l_ms=1.09691 qdelay_c_ms=1.09052 ecn_mark=1313 drop=0
[QUEUE_STATS] t_ms=19584 q_pkts=4 q_bytes=6016 qdelay_l_ms=1.04931 qdelay_c_ms=1.03973 ecn_mark=1313 drop=0
[QUEUE_STATS] t_ms=19600 q_pkts=5 q_bytes=7520 qdelay_l_ms=1.08416 qdelay_c_ms=2.15069 ecn_mark=1313 drop=0
[QUEUE_STATS] t_ms=19616 q_pkts=2 q_bytes=3008 qdelay_l_ms=1.06126 qdelay_c_ms=0 ecn_mark=1314 drop=0
[QUEUE_STATS] t_ms=19632 q_pkts=2 q_bytes=3008 qdelay_l_ms=0.015279 qdelay_c_ms=1.07485 ecn_mark=1315 drop=0
[QUEUE_STATS] t_ms=19649 q_pkts=3 q_bytes=4512 qdelay_l_ms=1.0657 qdelay_c_ms=1.0595 ecn_mark=1316 drop=0
[QUEUE_STATS] t_ms=19664 q_pkts=5 q_bytes=7520 qdelay_l_ms=1.04317 qdelay_c_ms=1.54075 ecn_mark=1317 drop=0
[QUEUE_STATS] t_ms=19680 q_pkts=5 q_bytes=7520 qdelay_l_ms=1.06886 qdelay_c_ms=2.20235 ecn_mark=1317 drop=0
[QUEUE_STATS] t_ms=19696 q_pkts=4 q_bytes=6016 qdelay_l_ms=1.05549 qdelay_c_ms=1.04991 ecn_mark=1318 drop=0
[QUEUE_STATS] t_ms=19712 q_pkts=5 q_bytes=7520 qdelay_l_ms=0.515008 qdelay_c_ms=1.55805 ecn_mark=1318 drop=0
[QUEUE_STATS] t_ms=19728 q_pkts=5 q_bytes=7520 qdelay_l_ms=0.910371 qdelay_c_ms=2.03384 ecn_mark=1319 drop=0
[QUEUE_STATS] t_ms=19745 q_pkts=4 q_bytes=6016 qdelay_l_ms=1.09483 qdelay_c_ms=1.08745 ecn_mark=1320 drop=0
[QUEUE_STATS] t_ms=19760 q_pkts=4 q_bytes=6016 qdelay_l_ms=0.949174 qdelay_c_ms=0.943743 ecn_mark=1321 drop=0
[QUEUE_STATS] t_ms=19776 q_pkts=6 q_bytes=9024 qdelay_l_ms=1.09634 qdelay_c_ms=1.99674 ecn_mark=1321 drop=0
[QUEUE_STATS] t_ms=19792 q_pkts=4 q_bytes=6016 qdelay_l_ms=1.03559 qdelay_c_ms=1.02908 ecn_mark=1321 drop=0
[QUEUE_STATS] t_ms=19808 q_pkts=6 q_bytes=9024 qdelay_l_ms=1.01853 qdelay_c_ms=1.99557 ecn_mark=1322 drop=0
[QUEUE_STATS] t_ms=19824 q_pkts=4 q_bytes=6016 qdelay_l_ms=1.11156 qdelay_c_ms=1.10059 ecn_mark=1322 drop=0
[QUEUE_STATS] t_ms=19840 q_pkts=4 q_bytes=6016 qdelay_l_ms=1.03013 qdelay_c_ms=2.00748 ecn_mark=1324 drop=0
[QUEUE_STATS] t_ms=19856 q_pkts=4 q_bytes=6016 qdelay_l_ms=1.02826 qdelay_c_ms=1.0181 ecn_mark=1325 drop=0
[QUEUE_STATS] t_ms=19872 q_pkts=4 q_bytes=6016 qdelay_l_ms=1.08285 qdelay_c_ms=1.07709 ecn_mark=1325 drop=0
[QUEUE_STATS] t_ms=19888 q_pkts=7 q_bytes=10528 qdelay_l_ms=1.02886 qdelay_c_ms=2.02131 ecn_mark=1325 drop=0
[QUEUE_STATS] t_ms=19904 q_pkts=4 q_bytes=6016 qdelay_l_ms=1.01623 qdelay_c_ms=1.00899 ecn_mark=1325 drop=0
[QUEUE_STATS] t_ms=19920 q_pkts=4 q_bytes=6016 qdelay_l_ms=1.0254 qdelay_c_ms=1.01914 ecn_mark=1326 drop=0
[QUEUE_STATS] t_ms=19936 q_pkts=6 q_bytes=9024 qdelay_l_ms=1.00782 qdelay_c_ms=2.00478 ecn_mark=1327 drop=0
[QUEUE_STATS] t_ms=19952 q_pkts=4 q_bytes=6016 qdelay_l_ms=1.02638 qdelay_c_ms=1.01915 ecn_mark=1329 drop=0
[QUEUE_STATS] t_ms=19968 q_pkts=4 q_bytes=6016 qdelay_l_ms=1.02317 qdelay_c_ms=1.01653 ecn_mark=1329 drop=0
[QUEUE_STATS] t_ms=19984 q_pkts=5 q_bytes=7520 qdelay_l_ms=1.10144 qdelay_c_ms=2.18074 ecn_mark=1330 drop=0
[QUEUE_STATS] t_ms=20000 q_pkts=6 q_bytes=9024 qdelay_l_ms=1.02571 qdelay_c_ms=1.01866 ecn_mark=1330 drop=0
[QUEUE_STATS] t_ms=20016 q_pkts=4 q_bytes=6016 qdelay_l_ms=0.994329 qdelay_c_ms=1.01413 ecn_mark=1331 drop=0
[QUEUE_STATS] t_ms=20032 q_pkts=6 q_bytes=9024 qdelay_l_ms=0.866369 qdelay_c_ms=0.861029 ecn_mark=1333 drop=0
[QUEUE_STATS] t_ms=20048 q_pkts=5 q_bytes=7520 qdelay_l_ms=1.10462 qdelay_c_ms=1.87668 ecn_mark=1335 drop=0
[QUEUE_STATS] t_ms=20064 q_pkts=3 q_bytes=4512 qdelay_l_ms=0 qdelay_c_ms=2.00536 ecn_mark=1336 drop=0
[QUEUE_STATS] t_ms=20080 q_pkts=2 q_bytes=3008 qdelay_l_ms=1.09426 qdelay_c_ms=0 ecn_mark=1337 drop=0
[QUEUE_STATS] t_ms=20096 q_pkts=7 q_bytes=10528 qdelay_l_ms=0.939195 qdelay_c_ms=2.04322 ecn_mark=1337 drop=0
[QUEUE_STATS] t_ms=20112 q_pkts=5 q_bytes=7520 qdelay_l_ms=1.0056 qdelay_c_ms=1.99652 ecn_mark=1337 drop=0
[QUEUE_STATS] t_ms=20128 q_pkts=6 q_bytes=9024 qdelay_l_ms=1.09268 qdelay_c_ms=1.08466 ecn_mark=1338 drop=0
[QUEUE_STATS] t_ms=20144 q_pkts=8 q_bytes=12032 qdelay_l_ms=0.786919 qdelay_c_ms=1.82166 ecn_mark=1338 drop=0
[QUEUE_STATS] t_ms=20160 q_pkts=5 q_bytes=7520 qdelay_l_ms=1.0166 qdelay_c_ms=1.97935 ecn_mark=1338 drop=0
[QUEUE_STATS] t_ms=20176 q_pkts=6 q_bytes=9024 qdelay_l_ms=1.10248 qdelay_c_ms=1.09552 ecn_mark=1338 drop=0
[QUEUE_STATS] t_ms=20192 q_pkts=7 q_bytes=10528 qdelay_l_ms=0.997334 qdelay_c_ms=1.983 ecn_mark=1339 drop=0
[QUEUE_STATS] t_ms=20209 q_pkts=3 q_bytes=4512 qdelay_l_ms=1.11444 qdelay_c_ms=1.10401 ecn_mark=1341 drop=0
[QUEUE_STATS] t_ms=20224 q_pkts=6 q_bytes=9024 qdelay_l_ms=1.06676 qdelay_c_ms=2.11369 ecn_mark=1341 drop=0
[QUEUE_STATS] t_ms=20240 q_pkts=8 q_bytes=12032 qdelay_l_ms=1.00704 qdelay_c_ms=2.97555 ecn_mark=1342 drop=0
[QUEUE_STATS] t_ms=20256 q_pkts=4 q_bytes=6016 qdelay_l_ms=0.997064 qdelay_c_ms=0.989439 ecn_mark=1342 drop=0
[QUEUE_STATS] t_ms=20273 q_pkts=4 q_bytes=6016 qdelay_l_ms=1.11268 qdelay_c_ms=1.10206 ecn_mark=1343 drop=0
[QUEUE_STATS] t_ms=20288 q_pkts=6 q_bytes=9024 qdelay_l_ms=1.07523 qdelay_c_ms=2.19688 ecn_mark=1344 drop=0
[QUEUE_STATS] t_ms=20304 q_pkts=4 q_bytes=6016 qdelay_l_ms=0.018745 qdelay_c_ms=1.13161 ecn_mark=1345 drop=0
[QUEUE_STATS] t_ms=20320 q_pkts=6 q_bytes=9024 qdelay_l_ms=0.732066 qdelay_c_ms=1.82641 ecn_mark=1347 drop=0
[QUEUE_STATS] t_ms=20336 q_pkts=6 q_bytes=9024 qdelay_l_ms=1.05891 qdelay_c_ms=2.1266 ecn_mark=1350 drop=0
[QUEUE_STATS] t_ms=20352 q_pkts=6 q_bytes=9024 qdelay_l_ms=0.759247 qdelay_c_ms=1.83703 ecn_mark=1352 drop=0
[QUEUE_STATS] t_ms=20368 q_pkts=5 q_bytes=7520 qdelay_l_ms=1.00219 qdelay_c_ms=1.85739 ecn_mark=1353 drop=0
[QUEUE_STATS] t_ms=20385 q_pkts=6 q_bytes=9024 qdelay_l_ms=1.11667 qdelay_c_ms=2.18331 ecn_mark=1353 drop=0
[QUEUE_STATS] t_ms=20400 q_pkts=7 q_bytes=10528 qdelay_l_ms=1.07345 qdelay_c_ms=3.2723 ecn_mark=1355 drop=0
[QUEUE_STATS] t_ms=20416 q_pkts=8 q_bytes=12032 qdelay_l_ms=0.994408 qdelay_c_ms=1.8567 ecn_mark=1355 drop=0
[QUEUE_STATS] t_ms=20432 q_pkts=7 q_bytes=10528 qdelay_l_ms=0.791808 qdelay_c_ms=1.94144 ecn_mark=1355 drop=0
[QUEUE_STATS] t_ms=20448 q_pkts=5 q_bytes=7520 qdelay_l_ms=1.07586 qdelay_c_ms=2.18044 ecn_mark=1356 drop=0
[QUEUE_STATS] t_ms=20464 q_pkts=8 q_bytes=12032 qdelay_l_ms=0.968871 qdelay_c_ms=1.86849 ecn_mark=1357 drop=0
[QUEUE_STATS] t_ms=20480 q_pkts=5 q_bytes=7520 qdelay_l_ms=1.10746 qdelay_c_ms=1.93844 ecn_mark=1361 drop=0
[QUEUE_STATS] t_ms=20496 q_pkts=8 q_bytes=12032 qdelay_l_ms=0.985011 qdelay_c_ms=1.96591 ecn_mark=1361 drop=0
[QUEUE_STATS] t_ms=20512 q_pkts=8 q_bytes=12032 qdelay_l_ms=1.09025 qdelay_c_ms=3.05084 ecn_mark=1362 drop=0
[QUEUE_STATS] t_ms=20528 q_pkts=7 q_bytes=10528 qdelay_l_ms=1.09089 qdelay_c_ms=2.04477 ecn_mark=1363 drop=0
[QUEUE_STATS] t_ms=20544 q_pkts=6 q_bytes=9024 qdelay_l_ms=1.09172 qdelay_c_ms=2.21948 ecn_mark=1364 drop=0
[QUEUE_STATS] t_ms=20560 q_pkts=7 q_bytes=10528 qdelay_l_ms=1.09043 qdelay_c_ms=3.05588 ecn_mark=1366 drop=0
[QUEUE_STATS] t_ms=20576 q_pkts=8 q_bytes=12032 qdelay_l_ms=0.982396 qdelay_c_ms=1.93395 ecn_mark=1366 drop=0
[QUEUE_STATS] t_ms=20592 q_pkts=5 q_bytes=7520 qdelay_l_ms=1.07386 qdelay_c_ms=2.16122 ecn_mark=1367 drop=0
[QUEUE_STATS] t_ms=20608 q_pkts=7 q_bytes=10528 qdelay_l_ms=0.032151 qdelay_c_ms=2.17057 ecn_mark=1367 drop=0
[QUEUE_STATS] t_ms=20624 q_pkts=10 q_bytes=15040 qdelay_l_ms=0.945528 qdelay_c_ms=3.16843 ecn_mark=1368 drop=0
[QUEUE_STATS] t_ms=20640 q_pkts=7 q_bytes=10528 qdelay_l_ms=1.09341 qdelay_c_ms=2.14248 ecn_mark=1368 drop=0
[QUEUE_STATS] t_ms=20656 q_pkts=8 q_bytes=12032 qdelay_l_ms=0.989349 qdelay_c_ms=2.76068 ecn_mark=1368 drop=0
[QUEUE_STATS] t_ms=20672 q_pkts=11 q_bytes=16544 qdelay_l_ms=1.098 qdelay_c_ms=2.9984 ecn_mark=1369 drop=0
[QUEUE_STATS] t_ms=20688 q_pkts=8 q_bytes=12032 qdelay_l_ms=1.05671 qdelay_c_ms=3.24652 ecn_mark=1369 drop=0
[QUEUE_STATS] t_ms=20704 q_pkts=11 q_bytes=16544 qdelay_l_ms=0.992856 qdelay_c_ms=2.25235 ecn_mark=1369 drop=0
[QUEUE_STATS] t_ms=20720 q_pkts=11 q_bytes=16544 qdelay_l_ms=0.976435 qdelay_c_ms=3.89848 ecn_mark=1370 drop=0
[QUEUE_STATS] t_ms=20736 q_pkts=7 q_bytes=10528 qdelay_l_ms=1.10464 qdelay_c_ms=2.95089 ecn_mark=1370 drop=0
[QUEUE_STATS] t_ms=20752 q_pkts=10 q_bytes=15040 qdelay_l_ms=0.98965 qdelay_c_ms=2.95375 ecn_mark=1370 drop=0
[QUEUE_STATS] t_ms=20768 q_pkts=8 q_bytes=12032 qdelay_l_ms=0.976395 qdelay_c_ms=2.7718 ecn_mark=1371 drop=0
[QUEUE_STATS] t_ms=20784 q_pkts=8 q_bytes=12032 qdelay_l_ms=1.08665 qdelay_c_ms=3.21651 ecn_mark=1373 drop=0
[QUEUE_STATS] t_ms=20800 q_pkts=10 q_bytes=15040 qdelay_l_ms=0.999389 qdelay_c_ms=3.18956 ecn_mark=1374 drop=0
[QUEUE_STATS] t_ms=20816 q_pkts=9 q_bytes=13536 qdelay_l_ms=0.974412 qdelay_c_ms=2.90102 ecn_mark=1376 drop=0
[QUEUE_STATS] t_ms=20832 q_pkts=8 q_bytes=12032 qdelay_l_ms=1.07757 qdelay_c_ms=3.20915 ecn_mark=1376 drop=0
[QUEUE_STATS] t_ms=20848 q_pkts=8 q_bytes=12032 qdelay_l_ms=0.978219 qdelay_c_ms=3.10669 ecn_mark=1377 drop=0
[QUEUE_STATS] t_ms=20864 q_pkts=11 q_bytes=16544 qdelay_l_ms=1.03421 qdelay_c_ms=4.27706 ecn_mark=1380 drop=0
[QUEUE_STATS] t_ms=20880 q_pkts=10 q_bytes=15040 qdelay_l_ms=1.07853 qdelay_c_ms=5.38438 ecn_mark=1380 drop=0
[QUEUE_STATS] t_ms=20896 q_pkts=10 q_bytes=15040 qdelay_l_ms=0.961036 qdelay_c_ms=2.87707 ecn_mark=1381 drop=0
[QUEUE_STATS] t_ms=20912 q_pkts=11 q_bytes=16544 qdelay_l_ms=0.93137 qdelay_c_ms=3.82412 ecn_mark=1381 drop=0
[QUEUE_STATS] t_ms=20928 q_pkts=9 q_bytes=13536 qdelay_l_ms=1.08142 qdelay_c_ms=3.49676 ecn_mark=1381 drop=0
[QUEUE_STATS] t_ms=20944 q_pkts=12 q_bytes=18048 qdelay_l_ms=1.07676 qdelay_c_ms=4.23956 ecn_mark=1381 drop=0
[QUEUE_STATS] t_ms=20960 q_pkts=11 q_bytes=16544 qdelay_l_ms=1.0951 qdelay_c_ms=5.27937 ecn_mark=1383 drop=0
[QUEUE_STATS] t_ms=20976 q_pkts=10 q_bytes=15040 qdelay_l_ms=0.960275 qdelay_c_ms=4.63561 ecn_mark=1386 drop=0
[QUEUE_STATS] t_ms=20992 q_pkts=13 q_bytes=19552 qdelay_l_ms=0.951097 qdelay_c_ms=5.24775 ecn_mark=1386 drop=0
[QUEUE_STATS] t_ms=21008 q_pkts=13 q_bytes=19552 qdelay_l_ms=1.10285 qdelay_c_ms=4.85779 ecn_mark=1386 drop=0
[QUEUE_STATS] t_ms=21024 q_pkts=11 q_bytes=16544 qdelay_l_ms=1.08012 qdelay_c_ms=5.03803 ecn_mark=1388 drop=0
[QUEUE_STATS] t_ms=21040 q_pkts=11 q_bytes=16544 qdelay_l_ms=1.09684 qdelay_c_ms=5.426 ecn_mark=1388 drop=0
[QUEUE_STATS] t_ms=21056 q_pkts=14 q_bytes=21056 qdelay_l_ms=1.0722 qdelay_c_ms=5.04172 ecn_mark=1388 drop=0
[QUEUE_STATS] t_ms=21072 q_pkts=11 q_bytes=16544 qdelay_l_ms=1.06643 qdelay_c_ms=5.99298 ecn_mark=1388 drop=0
[QUEUE_STATS] t_ms=21088 q_pkts=14 q_bytes=21056 qdelay_l_ms=0.952491 qdelay_c_ms=5.18313 ecn_mark=1389 drop=0
[QUEUE_STATS] t_ms=21104 q_pkts=15 q_bytes=22560 qdelay_l_ms=0.958261 qdelay_c_ms=4.68887 ecn_mark=1389 drop=0
[QUEUE_STATS] t_ms=21120 q_pkts=14 q_bytes=21056 qdelay_l_ms=0.759277 qdelay_c_ms=3.78233 ecn_mark=1389 drop=0
[QUEUE_STATS] t_ms=21136 q_pkts=13 q_bytes=19552 qdelay_l_ms=1.08164 qdelay_c_ms=6.24082 ecn_mark=1389 drop=0
[QUEUE_STATS] t_ms=21152 q_pkts=14 q_bytes=21056 qdelay_l_ms=0.938724 qdelay_c_ms=6.09232 ecn_mark=1389 drop=0
[QUEUE_STATS] t_ms=21168 q_pkts=14 q_bytes=21056 qdelay_l_ms=1.08146 qdelay_c_ms=5.87384 ecn_mark=1391 drop=0
[QUEUE_STATS] t_ms=21184 q_pkts=14 q_bytes=21056 qdelay_l_ms=1.09973 qdelay_c_ms=6.18134 ecn_mark=1392 drop=0
[QUEUE_STATS] t_ms=21200 q_pkts=15 q_bytes=22560 qdelay_l_ms=0.933454 qdelay_c_ms=6.97465 ecn_mark=1392 drop=0
[QUEUE_STATS] t_ms=21216 q_pkts=12 q_bytes=18048 qdelay_l_ms=0.937202 qdelay_c_ms=6.0562 ecn_mark=1392 drop=0
[QUEUE_STATS] t_ms=21232 q_pkts=15 q_bytes=22560 qdelay_l_ms=1.06564 qdelay_c_ms=6.46105 ecn_mark=1393 drop=0
[QUEUE_STATS] t_ms=21248 q_pkts=19 q_bytes=28576 qdelay_l_ms=0.906875 qdelay_c_ms=7.07244 ecn_mark=1393 drop=0
[QUEUE_STATS] t_ms=21264 q_pkts=17 q_bytes=25568 qdelay_l_ms=0.938263 qdelay_c_ms=6.99667 ecn_mark=1393 drop=0
[QUEUE_STATS] t_ms=21280 q_pkts=16 q_bytes=24064 qdelay_l_ms=1.0869 qdelay_c_ms=6.83343 ecn_mark=1394 drop=0
[QUEUE_STATS] t_ms=21296 q_pkts=18 q_bytes=27072 qdelay_l_ms=0.939565 qdelay_c_ms=6.17252 ecn_mark=1394 drop=0
[QUEUE_STATS] t_ms=21312 q_pkts=18 q_bytes=27072 qdelay_l_ms=0.707259 qdelay_c_ms=7.09966 ecn_mark=1395 drop=0
[QUEUE_STATS] t_ms=21328 q_pkts=18 q_bytes=27072 qdelay_l_ms=0.931601 qdelay_c_ms=7.92105 ecn_mark=1395 drop=0
[QUEUE_STATS] t_ms=21344 q_pkts=16 q_bytes=24064 qdelay_l_ms=0.890494 qdelay_c_ms=6.99314 ecn_mark=1395 drop=0
[QUEUE_STATS] t_ms=21361 q_pkts=16 q_bytes=24064 qdelay_l_ms=1.06524 qdelay_c_ms=6.52201 ecn_mark=1396 drop=0
[QUEUE_STATS] t_ms=21376 q_pkts=19 q_bytes=28576 qdelay_l_ms=0.892487 qdelay_c_ms=7.81936 ecn_mark=1396 drop=0
[QUEUE_STATS] t_ms=21392 q_pkts=19 q_bytes=28576 qdelay_l_ms=0.894071 qdelay_c_ms=7.81252 ecn_mark=1396 drop=0
[QUEUE_STATS] t_ms=21408 q_pkts=19 q_bytes=28576 qdelay_l_ms=0.926692 qdelay_c_ms=7.61556 ecn_mark=1397 drop=0
[QUEUE_STATS] t_ms=21424 q_pkts=21 q_bytes=31584 qdelay_l_ms=1.05829 qdelay_c_ms=7.20695 ecn_mark=1397 drop=0
[QUEUE_STATS] t_ms=21440 q_pkts=20 q_bytes=30080 qdelay_l_ms=1.0688 qdelay_c_ms=8.89465 ecn_mark=1397 drop=0
[QUEUE_STATS] t_ms=21456 q_pkts=20 q_bytes=30080 qdelay_l_ms=0.909228 qdelay_c_ms=8.55565 ecn_mark=1398 drop=0
[QUEUE_STATS] t_ms=21472 q_pkts=18 q_bytes=27072 qdelay_l_ms=1.09386 qdelay_c_ms=7.89583 ecn_mark=1399 drop=0
[QUEUE_STATS] t_ms=21488 q_pkts=22 q_bytes=33088 qdelay_l_ms=1.05182 qdelay_c_ms=9.12004 ecn_mark=1399 drop=0
[QUEUE_STATS] t_ms=21504 q_pkts=19 q_bytes=28576 qdelay_l_ms=1.06033 qdelay_c_ms=9.9235 ecn_mark=1400 drop=0
[QUEUE_STATS] t_ms=21520 q_pkts=22 q_bytes=33088 qdelay_l_ms=0.991223 qdelay_c_ms=9.06993 ecn_mark=1401 drop=0
[QUEUE_STATS] t_ms=21536 q_pkts=23 q_bytes=34592 qdelay_l_ms=1.07084 qdelay_c_ms=11.0784 ecn_mark=1403 drop=0
[QUEUE_STATS] t_ms=21552 q_pkts=21 q_bytes=31584 qdelay_l_ms=0.914279 qdelay_c_ms=8.87422 ecn_mark=1403 drop=0
[QUEUE_STATS] t_ms=21568 q_pkts=22 q_bytes=33088 qdelay_l_ms=1.09387 qdelay_c_ms=8.90855 ecn_mark=1406 drop=0
[QUEUE_STATS] t_ms=21584 q_pkts=23 q_bytes=34592 qdelay_l_ms=1.03657 qdelay_c_ms=9.77038 ecn_mark=1409 drop=0
[QUEUE_STATS] t_ms=21600 q_pkts=23 q_bytes=34592 qdelay_l_ms=0.986454 qdelay_c_ms=9.98575 ecn_mark=1410 drop=0
[QUEUE_STATS] t_ms=21616 q_pkts=22 q_bytes=33088 qdelay_l_ms=0.7021 qdelay_c_ms=8.96814 ecn_mark=1411 drop=0
[QUEUE_STATS] t_ms=21632 q_pkts=22 q_bytes=33088 qdelay_l_ms=1.0716 qdelay_c_ms=9.69441 ecn_mark=1411 drop=0
[QUEUE_STATS] t_ms=21648 q_pkts=25 q_bytes=37600 qdelay_l_ms=0.905372 qdelay_c_ms=10.8236 ecn_mark=1411 drop=0
[QUEUE_STATS] t_ms=21664 q_pkts=22 q_bytes=33088 qdelay_l_ms=1.07881 qdelay_c_ms=8.98587 ecn_mark=1413 drop=0
[QUEUE_STATS] t_ms=21680 q_pkts=24 q_bytes=36096 qdelay_l_ms=1.07683 qdelay_c_ms=12.237 ecn_mark=1413 drop=0
[QUEUE_STATS] t_ms=21696 q_pkts=26 q_bytes=39104 qdelay_l_ms=1.07684 qdelay_c_ms=10.0208 ecn_mark=1413 drop=0
[QUEUE_STATS] t_ms=21712 q_pkts=24 q_bytes=36096 qdelay_l_ms=0.889341 qdelay_c_ms=11.8432 ecn_mark=1413 drop=0
[QUEUE_STATS] t_ms=21728 q_pkts=25 q_bytes=37600 qdelay_l_ms=0.952761 qdelay_c_ms=11.8309 ecn_mark=1414 drop=0
[QUEUE_STATS] t_ms=21744 q_pkts=25 q_bytes=37600 qdelay_l_ms=0.895032 qdelay_c_ms=10.8914 ecn_mark=1414 drop=0
[QUEUE_STATS] t_ms=21760 q_pkts=26 q_bytes=39104 qdelay_l_ms=1.08052 qdelay_c_ms=12.0224 ecn_mark=1416 drop=0
[QUEUE_STATS] t_ms=21776 q_pkts=27 q_bytes=40608 qdelay_l_ms=0.906844 qdelay_c_ms=12.9012 ecn_mark=1419 drop=0
[QUEUE_STATS] t_ms=21792 q_pkts=26 q_bytes=39104 qdelay_l_ms=0.902947 qdelay_c_ms=11.9709 ecn_mark=1419 drop=0
[QUEUE_STATS] t_ms=21808 q_pkts=26 q_bytes=39104 qdelay_l_ms=0.675059 qdelay_c_ms=12.0904 ecn_mark=1419 drop=0
[QUEUE_STATS] t_ms=21824 q_pkts=28 q_bytes=42112 qdelay_l_ms=0.903999 qdelay_c_ms=12.0449 ecn_mark=1420 drop=0
[QUEUE_STATS] t_ms=21840 q_pkts=24 q_bytes=36096 qdelay_l_ms=1.06634 qdelay_c_ms=13.1083 ecn_mark=1421 drop=0
[QUEUE_STATS] t_ms=21856 q_pkts=26 q_bytes=39104 qdelay_l_ms=1.08946 qdelay_c_ms=11.8889 ecn_mark=1422 drop=0
[QUEUE_STATS] t_ms=21872 q_pkts=28 q_bytes=42112 qdelay_l_ms=0.875165 qdelay_c_ms=10.7306 ecn_mark=1422 drop=0
[QUEUE_STATS] t_ms=21888 q_pkts=27 q_bytes=40608 qdelay_l_ms=0.669498 qdelay_c_ms=10.6532 ecn_mark=1423 drop=0
[QUEUE_STATS] t_ms=21904 q_pkts=29 q_bytes=43616 qdelay_l_ms=1.10465 qdelay_c_ms=12.8237 ecn_mark=1424 drop=0
[QUEUE_STATS] t_ms=21920 q_pkts=29 q_bytes=43616 qdelay_l_ms=0.89383 qdelay_c_ms=11.7505 ecn_mark=1426 drop=0
[QUEUE_STATS] t_ms=21936 q_pkts=26 q_bytes=39104 qdelay_l_ms=1.07826 qdelay_c_ms=14.1462 ecn_mark=1428 drop=0
[QUEUE_STATS] t_ms=21952 q_pkts=24 q_bytes=36096 qdelay_l_ms=0.881487 qdelay_c_ms=13.852 ecn_mark=1429 drop=0
[QUEUE_STATS] t_ms=21968 q_pkts=14 q_bytes=21056 qdelay_l_ms=1.07522 qdelay_c_ms=9.02771 ecn_mark=1429 drop=0
[QUEUE_STATS] t_ms=21984 q_pkts=3 q_bytes=4512 qdelay_l_ms=1.0658 qdelay_c_ms=1.07563 ecn_mark=1430 drop=0
[QUEUE_STATS] t_ms=22000 q_pkts=6 q_bytes=9024 qdelay_l_ms=1.06314 qdelay_c_ms=2.20651 ecn_mark=1431 drop=0
[QUEUE_STATS] t_ms=22016 q_pkts=7 q_bytes=10528 qdelay_l_ms=1.0718 qdelay_c_ms=2.88564 ecn_mark=1432 drop=0
[QUEUE_STATS] t_ms=22032 q_pkts=2 q_bytes=3008 qdelay_l_ms=1.06255 qdelay_c_ms=2.17582 ecn_mark=1432 drop=0
[QUEUE_STATS] t_ms=22048 q_pkts=5 q_bytes=7520 qdelay_l_ms=0.838546 qdelay_c_ms=1.74595 ecn_mark=1432 drop=0
[QUEUE_STATS] t_ms=22064 q_pkts=7 q_bytes=10528 qdelay_l_ms=0.865327 qdelay_c_ms=2.85331 ecn_mark=1432 drop=0
[QUEUE_STATS] t_ms=22080 q_pkts=4 q_bytes=6016 qdelay_l_ms=0.703142 qdelay_c_ms=0.6969 ecn_mark=1434 drop=0
[QUEUE_STATS] t_ms=22096 q_pkts=5 q_bytes=7520 qdelay_l_ms=1.10962 qdelay_c_ms=1.77985 ecn_mark=1437 drop=0
[QUEUE_STATS] t_ms=22112 q_pkts=7 q_bytes=10528 qdelay_l_ms=0.837514 qdelay_c_ms=1.63659 ecn_mark=1438 drop=0
[QUEUE_STATS] t_ms=22128 q_pkts=5 q_bytes=7520 qdelay_l_ms=0.869183 qdelay_c_ms=0.86199 ecn_mark=1440 drop=0
[QUEUE_STATS] t_ms=22144 q_pkts=8 q_bytes=12032 qdelay_l_ms=1.07039 qdelay_c_ms=2.86287 ecn_mark=1441 drop=0
[QUEUE_STATS] t_ms=22160 q_pkts=9 q_bytes=13536 qdelay_l_ms=1.05961 qdelay_c_ms=3.09665 ecn_mark=1441 drop=0
[QUEUE_STATS] t_ms=22176 q_pkts=6 q_bytes=9024 qdelay_l_ms=0.871848 qdelay_c_ms=1.74201 ecn_mark=1441 drop=0
[QUEUE_STATS] t_ms=22192 q_pkts=6 q_bytes=9024 qdelay_l_ms=1.0421 qdelay_c_ms=3.02992 ecn_mark=1441 drop=0
[QUEUE_STATS] t_ms=22208 q_pkts=5 q_bytes=7520 qdelay_l_ms=0.885675 qdelay_c_ms=0.880646 ecn_mark=1441 drop=0
[QUEUE_STATS] t_ms=22224 q_pkts=6 q_bytes=9024 qdelay_l_ms=0.854646 qdelay_c_ms=1.87088 ecn_mark=1442 drop=0
[QUEUE_STATS] t_ms=22240 q_pkts=5 q_bytes=7520 qdelay_l_ms=0.634583 qdelay_c_ms=2.81398 ecn_mark=1443 drop=0
[QUEUE_STATS] t_ms=22256 q_pkts=6 q_bytes=9024 qdelay_l_ms=1.09064 qdelay_c_ms=1.96216 ecn_mark=1445 drop=0
[QUEUE_STATS] t_ms=22272 q_pkts=5 q_bytes=7520 qdelay_l_ms=1.04001 qdelay_c_ms=2.14009 ecn_mark=1445 drop=0
[QUEUE_STATS] t_ms=22288 q_pkts=5 q_bytes=7520 qdelay_l_ms=0.866449 qdelay_c_ms=2.56471 ecn_mark=1446 drop=0
[QUEUE_STATS] t_ms=22304 q_pkts=9 q_bytes=13536 qdelay_l_ms=1.07988 qdelay_c_ms=4.11817 ecn_mark=1448 drop=0
[QUEUE_STATS] t_ms=22320 q_pkts=7 q_bytes=10528 qdelay_l_ms=1.09343 qdelay_c_ms=2.96388 ecn_mark=1449 drop=0
[QUEUE_STATS] t_ms=22336 q_pkts=4 q_bytes=6016 qdelay_l_ms=1.09521 qdelay_c_ms=2.15327 ecn_mark=1450 drop=0
[QUEUE_STATS] t_ms=22352 q_pkts=8 q_bytes=12032 qdelay_l_ms=1.07717 qdelay_c_ms=2.12267 ecn_mark=1451 drop=0
[QUEUE_STATS] t_ms=22368 q_pkts=6 q_bytes=9024 qdelay_l_ms=1.09113 qdelay_c_ms=2.83972 ecn_mark=1452 drop=0
[QUEUE_STATS] t_ms=22384 q_pkts=6 q_bytes=9024 qdelay_l_ms=0.868222 qdelay_c_ms=1.54316 ecn_mark=1453 drop=0
[QUEUE_STATS] t_ms=22400 q_pkts=9 q_bytes=13536 qdelay_l_ms=1.06136 qdelay_c_ms=2.17637 ecn_mark=1453 drop=0
[QUEUE_STATS] t_ms=22416 q_pkts=7 q_bytes=10528 qdelay_l_ms=1.08738 qdelay_c_ms=2.18765 ecn_mark=1454 drop=0
[QUEUE_STATS] t_ms=22432 q_pkts=7 q_bytes=10528 qdelay_l_ms=0.868021 qdelay_c_ms=3.01338 ecn_mark=1457 drop=0
[QUEUE_STATS] t_ms=22448 q_pkts=8 q_bytes=12032 qdelay_l_ms=0.869795 qdelay_c_ms=3.04383 ecn_mark=1458 drop=0
[QUEUE_STATS] t_ms=22464 q_pkts=9 q_bytes=13536 qdelay_l_ms=1.06587 qdelay_c_ms=3.89629 ecn_mark=1459 drop=0
[QUEUE_STATS] t_ms=22480 q_pkts=8 q_bytes=12032 qdelay_l_ms=0.83542 qdelay_c_ms=2.98786 ecn_mark=1459 drop=0
[QUEUE_STATS] t_ms=22496 q_pkts=8 q_bytes=12032 qdelay_l_ms=0.840129 qdelay_c_ms=3.86852 ecn_mark=1459 drop=0
[QUEUE_STATS] t_ms=22513 q_pkts=8 q_bytes=12032 qdelay_l_ms=1.06999 qdelay_c_ms=4.3377 ecn_mark=1460 drop=0
[QUEUE_STATS] t_ms=22528 q_pkts=11 q_bytes=16544 qdelay_l_ms=0.834839 qdelay_c_ms=3.8966 ecn_mark=1461 drop=0
[QUEUE_STATS] t_ms=22544 q_pkts=10 q_bytes=15040 qdelay_l_ms=1.07524 qdelay_c_ms=5.09083 ecn_mark=1462 drop=0
[QUEUE_STATS] t_ms=22560 q_pkts=10 q_bytes=15040 qdelay_l_ms=1.06649 qdelay_c_ms=4.81031 ecn_mark=1463 drop=0
[QUEUE_STATS] t_ms=22576 q_pkts=9 q_bytes=13536 qdelay_l_ms=0.863984 qdelay_c_ms=2.99583 ecn_mark=1463 drop=0
[QUEUE_STATS] t_ms=22592 q_pkts=8 q_bytes=12032 qdelay_l_ms=1.06757 qdelay_c_ms=4.07739 ecn_mark=1463 drop=0
[QUEUE_STATS] t_ms=22608 q_pkts=10 q_bytes=15040 qdelay_l_ms=1.07551 qdelay_c_ms=4.31488 ecn_mark=1465 drop=0
[QUEUE_STATS] t_ms=22624 q_pkts=12 q_bytes=18048 qdelay_l_ms=1.00856 qdelay_c_ms=5.15696 ecn_mark=1466 drop=0
[QUEUE_STATS] t_ms=22640 q_pkts=12 q_bytes=18048 qdelay_l_ms=1.08055 qdelay_c_ms=4.12634 ecn_mark=1468 drop=0
[QUEUE_STATS] t_ms=22656 q_pkts=11 q_bytes=16544 qdelay_l_ms=0.856771 qdelay_c_ms=4.7602 ecn_mark=1469 drop=0
[QUEUE_STATS] t_ms=22672 q_pkts=13 q_bytes=19552 qdelay_l_ms=1.09712 qdelay_c_ms=4.91046 ecn_mark=1471 drop=0
[QUEUE_STATS] t_ms=22688 q_pkts=12 q_bytes=18048 qdelay_l_ms=0.859235 qdelay_c_ms=5.87953 ecn_mark=1471 drop=0
[QUEUE_STATS] t_ms=22704 q_pkts=13 q_bytes=19552 qdelay_l_ms=1.09668 qdelay_c_ms=4.82782 ecn_mark=1471 drop=0
[QUEUE_STATS] t_ms=22720 q_pkts=13 q_bytes=19552 qdelay_l_ms=0.997645 qdelay_c_ms=3.98856 ecn_mark=1471 drop=0
[QUEUE_STATS] t_ms=22736 q_pkts=13 q_bytes=19552 qdelay_l_ms=1.11368 qdelay_c_ms=6.13646 ecn_mark=1471 drop=0
[QUEUE_STATS] t_ms=22752 q_pkts=13 q_bytes=19552 qdelay_l_ms=1.00805 qdelay_c_ms=5.93843 ecn_mark=1471 drop=0
[QUEUE_STATS] t_ms=22768 q_pkts=15 q_bytes=22560 qdelay_l_ms=0.981605 qdelay_c_ms=6.04309 ecn_mark=1473 drop=0
[QUEUE_STATS] t_ms=22784 q_pkts=14 q_bytes=21056 qdelay_l_ms=1.08704 qdelay_c_ms=7.15374 ecn_mark=1473 drop=0
[QUEUE_STATS] t_ms=22800 q_pkts=14 q_bytes=21056 qdelay_l_ms=1.09742 qdelay_c_ms=6.22119 ecn_mark=1473 drop=0
[QUEUE_STATS] t_ms=22816 q_pkts=14 q_bytes=21056 qdelay_l_ms=0.983448 qdelay_c_ms=6.87823 ecn_mark=1474 drop=0
[QUEUE_STATS] t_ms=22832 q_pkts=15 q_bytes=22560 qdelay_l_ms=1.09535 qdelay_c_ms=7.10411 ecn_mark=1475 drop=0
[QUEUE_STATS] t_ms=22848 q_pkts=16 q_bytes=24064 qdelay_l_ms=1.0722 qdelay_c_ms=8.11068 ecn_mark=1475 drop=0
[QUEUE_STATS] t_ms=22864 q_pkts=15 q_bytes=22560 qdelay_l_ms=1.08998 qdelay_c_ms=7.92574 ecn_mark=1476 drop=0
[QUEUE_STATS] t_ms=22880 q_pkts=17 q_bytes=25568 qdelay_l_ms=1.08457 qdelay_c_ms=7.96026 ecn_mark=1478 drop=0
[QUEUE_STATS] t_ms=22896 q_pkts=18 q_bytes=27072 qdelay_l_ms=1.07819 qdelay_c_ms=7.3095 ecn_mark=1480 drop=0
[QUEUE_STATS] t_ms=22912 q_pkts=18 q_bytes=27072 qdelay_l_ms=1.10109 qdelay_c_ms=8.09018 ecn_mark=1481 drop=0
[QUEUE_STATS] t_ms=22928 q_pkts=19 q_bytes=28576 qdelay_l_ms=0.858634 qdelay_c_ms=7.93543 ecn_mark=1482 drop=0
[QUEUE_STATS] t_ms=22944 q_pkts=17 q_bytes=25568 qdelay_l_ms=0.843596 qdelay_c_ms=7.93707 ecn_mark=1484 drop=0
[QUEUE_STATS] t_ms=22960 q_pkts=16 q_bytes=24064 qdelay_l_ms=1.10185 qdelay_c_ms=7.82674 ecn_mark=1484 drop=0
[QUEUE_STATS] t_ms=22976 q_pkts=19 q_bytes=28576 qdelay_l_ms=1.0663 qdelay_c_ms=7.91416 ecn_mark=1486 drop=0
[QUEUE_STATS] t_ms=22992 q_pkts=19 q_bytes=28576 qdelay_l_ms=1.08798 qdelay_c_ms=8.80611 ecn_mark=1487 drop=0
[QUEUE_STATS] t_ms=23008 q_pkts=17 q_bytes=25568 qdelay_l_ms=0.986815 qdelay_c_ms=7.87326 ecn_mark=1487 drop=0
[QUEUE_STATS] t_ms=23024 q_pkts=18 q_bytes=27072 qdelay_l_ms=1.06629 qdelay_c_ms=8.76713 ecn_mark=1487 drop=0
[QUEUE_STATS] t_ms=23040 q_pkts=19 q_bytes=28576 qdelay_l_ms=1.0933 qdelay_c_ms=9.05455 ecn_mark=1487 drop=0
[QUEUE_STATS] t_ms=23056 q_pkts=18 q_bytes=27072 qdelay_l_ms=1.06461 qdelay_c_ms=8.90061 ecn_mark=1488 drop=0
[QUEUE_STATS] t_ms=23072 q_pkts=21 q_bytes=31584 qdelay_l_ms=1.09939 qdelay_c_ms=8.82176 ecn_mark=1490 drop=0
[QUEUE_STATS] t_ms=23088 q_pkts=18 q_bytes=27072 qdelay_l_ms=1.08752 qdelay_c_ms=9.08844 ecn_mark=1490 drop=0
[QUEUE_STATS] t_ms=23104 q_pkts=19 q_bytes=28576 qdelay_l_ms=1.08318 qdelay_c_ms=10.0027 ecn_mark=1492 drop=0
[QUEUE_STATS] t_ms=23120 q_pkts=19 q_bytes=28576 qdelay_l_ms=1.05721 qdelay_c_ms=10.2189 ecn_mark=1495 drop=0
[QUEUE_STATS] t_ms=23136 q_pkts=19 q_bytes=28576 qdelay_l_ms=0.02115 qdelay_c_ms=9.3831 ecn_mark=1496 drop=0
[QUEUE_STATS] t_ms=23152 q_pkts=21 q_bytes=31584 qdelay_l_ms=1.06457 qdelay_c_ms=9.92819 ecn_mark=1496 drop=0
[QUEUE_STATS] t_ms=23168 q_pkts=20 q_bytes=30080 qdelay_l_ms=0.655071 qdelay_c_ms=10.9499 ecn_mark=1496 drop=0
[QUEUE_STATS] t_ms=23184 q_pkts=22 q_bytes=33088 qdelay_l_ms=0.841411 qdelay_c_ms=9.80047 ecn_mark=1497 drop=0
[QUEUE_STATS] t_ms=23200 q_pkts=20 q_bytes=30080 qdelay_l_ms=0.846551 qdelay_c_ms=8.85953 ecn_mark=1499 drop=0
[QUEUE_STATS] t_ms=23216 q_pkts=22 q_bytes=33088 qdelay_l_ms=1.08225 qdelay_c_ms=10.0481 ecn_mark=1501 drop=0
[QUEUE_STATS] t_ms=23232 q_pkts=22 q_bytes=33088 qdelay_l_ms=0.719453 qdelay_c_ms=10.712 ecn_mark=1503 drop=0
[QUEUE_STATS] t_ms=23248 q_pkts=22 q_bytes=33088 qdelay_l_ms=1.08275 qdelay_c_ms=9.04775 ecn_mark=1503 drop=0
[QUEUE_STATS] t_ms=23264 q_pkts=23 q_bytes=34592 qdelay_l_ms=1.07043 qdelay_c_ms=12.0185 ecn_mark=1505 drop=0
[QUEUE_STATS] t_ms=23280 q_pkts=23 q_bytes=34592 qdelay_l_ms=1.08251 qdelay_c_ms=9.94525 ecn_mark=1506 drop=0
[QUEUE_STATS] t_ms=23296 q_pkts=23 q_bytes=34592 qdelay_l_ms=1.0478 qdelay_c_ms=11.0849 ecn_mark=1506 drop=0
[QUEUE_STATS] t_ms=23312 q_pkts=23 q_bytes=34592 qdelay_l_ms=1.08414 qdelay_c_ms=11.8468 ecn_mark=1507 drop=0
[QUEUE_STATS] t_ms=23328 q_pkts=22 q_bytes=33088 qdelay_l_ms=0.969673 qdelay_c_ms=10.0089 ecn_mark=1508 drop=0
[QUEUE_STATS] t_ms=23344 q_pkts=23 q_bytes=34592 qdelay_l_ms=1.08056 qdelay_c_ms=10.7215 ecn_mark=1508 drop=0
[QUEUE_STATS] t_ms=23360 q_pkts=24 q_bytes=36096 qdelay_l_ms=1.08589 qdelay_c_ms=11.822 ecn_mark=1509 drop=0
[QUEUE_STATS] t_ms=23376 q_pkts=21 q_bytes=31584 qdelay_l_ms=0.955145 qdelay_c_ms=9.97893 ecn_mark=1509 drop=0
[QUEUE_STATS] t_ms=23392 q_pkts=23 q_bytes=34592 qdelay_l_ms=1.08929 qdelay_c_ms=11.7791 ecn_mark=1509 drop=0
[QUEUE_STATS] t_ms=23408 q_pkts=23 q_bytes=34592 qdelay_l_ms=0.815703 qdelay_c_ms=9.65531 ecn_mark=1509 drop=0
[QUEUE_STATS] t_ms=23424 q_pkts=26 q_bytes=39104 qdelay_l_ms=1.10436 qdelay_c_ms=11.9565 ecn_mark=1511 drop=0
[QUEUE_STATS] t_ms=23440 q_pkts=24 q_bytes=36096 qdelay_l_ms=1.08359 qdelay_c_ms=12.8899 ecn_mark=1513 drop=0
[QUEUE_STATS] t_ms=23456 q_pkts=25 q_bytes=37600 qdelay_l_ms=1.10266 qdelay_c_ms=10.9896 ecn_mark=1513 drop=0
[QUEUE_STATS] t_ms=23472 q_pkts=25 q_bytes=37600 qdelay_l_ms=1.10724 qdelay_c_ms=11.9172 ecn_mark=1515 drop=0
[QUEUE_STATS] t_ms=23488 q_pkts=22 q_bytes=33088 qdelay_l_ms=1.08291 qdelay_c_ms=12.0902 ecn_mark=1516 drop=0
[QUEUE_STATS] t_ms=23504 q_pkts=26 q_bytes=39104 qdelay_l_ms=1.02886 qdelay_c_ms=12.085 ecn_mark=1517 drop=0
[QUEUE_STATS] t_ms=23520 q_pkts=26 q_bytes=39104 qdelay_l_ms=1.07649 qdelay_c_ms=13.2407 ecn_mark=1518 drop=0
[QUEUE_STATS] t_ms=23536 q_pkts=25 q_bytes=37600 qdelay_l_ms=1.08085 qdelay_c_ms=12.9611 ecn_mark=1518 drop=0
[QUEUE_STATS] t_ms=23552 q_pkts=28 q_bytes=42112 qdelay_l_ms=0.958772 qdelay_c_ms=13.0023 ecn_mark=1518 drop=0
[QUEUE_STATS] t_ms=23569 q_pkts=26 q_bytes=39104 qdelay_l_ms=1.06574 qdelay_c_ms=13.3338 ecn_mark=1518 drop=0
[QUEUE_STATS] t_ms=23584 q_pkts=27 q_bytes=40608 qdelay_l_ms=0.861319 qdelay_c_ms=11.9789 ecn_mark=1519 drop=0
[QUEUE_STATS] t_ms=23600 q_pkts=27 q_bytes=40608 qdelay_l_ms=1.0938 qdelay_c_ms=12.9638 ecn_mark=1520 drop=0
[QUEUE_STATS] t_ms=23616 q_pkts=27 q_bytes=40608 qdelay_l_ms=0.738348 qdelay_c_ms=12.6571 ecn_mark=1520 drop=0
[QUEUE_STATS] t_ms=23632 q_pkts=27 q_bytes=40608 qdelay_l_ms=1.08729 qdelay_c_ms=11.0168 ecn_mark=1522 drop=0
[QUEUE_STATS] t_ms=23648 q_pkts=28 q_bytes=42112 qdelay_l_ms=1.12221 qdelay_c_ms=14.4724 ecn_mark=1524 drop=0
[QUEUE_STATS] t_ms=23664 q_pkts=26 q_bytes=39104 qdelay_l_ms=1.08293 qdelay_c_ms=13.9893 ecn_mark=1528 drop=0
[QUEUE_STATS] t_ms=23680 q_pkts=26 q_bytes=39104 qdelay_l_ms=1.08199 qdelay_c_ms=13.096 ecn_mark=1528 drop=0
[QUEUE_STATS] t_ms=23696 q_pkts=28 q_bytes=42112 qdelay_l_ms=1.0534 qdelay_c_ms=14.2345 ecn_mark=1528 drop=0
[QUEUE_STATS] t_ms=23712 q_pkts=28 q_bytes=42112 qdelay_l_ms=0.628361 qdelay_c_ms=12.0683 ecn_mark=1529 drop=0
[QUEUE_STATS] t_ms=23728 q_pkts=29 q_bytes=43616 qdelay_l_ms=1.10696 qdelay_c_ms=14.0113 ecn_mark=1529 drop=0
[QUEUE_STATS] t_ms=23744 q_pkts=30 q_bytes=45120 qdelay_l_ms=0.848064 qdelay_c_ms=14.7662 ecn_mark=1529 drop=0
[QUEUE_STATS] t_ms=23760 q_pkts=29 q_bytes=43616 qdelay_l_ms=1.07075 qdelay_c_ms=11.9217 ecn_mark=1530 drop=0
[QUEUE_STATS] t_ms=23776 q_pkts=30 q_bytes=45120 qdelay_l_ms=1.03984 qdelay_c_ms=15.1636 ecn_mark=1530 drop=0
[QUEUE_STATS] t_ms=23792 q_pkts=28 q_bytes=42112 qdelay_l_ms=0.92582 qdelay_c_ms=14.9316 ecn_mark=1531 drop=0
[QUEUE_STATS] t_ms=23808 q_pkts=26 q_bytes=39104 qdelay_l_ms=1.08241 qdelay_c_ms=13.0512 ecn_mark=1533 drop=0
[QUEUE_STATS] t_ms=23824 q_pkts=27 q_bytes=40608 qdelay_l_ms=0.812086 qdelay_c_ms=13.8019 ecn_mark=1536 drop=0
[QUEUE_STATS] t_ms=23840 q_pkts=30 q_bytes=45120 qdelay_l_ms=0.79786 qdelay_c_ms=12.6493 ecn_mark=1537 drop=0
[QUEUE_STATS] t_ms=23856 q_pkts=27 q_bytes=40608 qdelay_l_ms=0.921713 qdelay_c_ms=14.0275 ecn_mark=1538 drop=0
[QUEUE_STATS] t_ms=23872 q_pkts=28 q_bytes=42112 qdelay_l_ms=1.07256 qdelay_c_ms=15.2419 ecn_mark=1539 drop=0
[QUEUE_STATS] t_ms=23888 q_pkts=31 q_bytes=46624 qdelay_l_ms=0.959394 qdelay_c_ms=12.9972 ecn_mark=1540 drop=0
[QUEUE_STATS] t_ms=23904 q_pkts=27 q_bytes=40608 qdelay_l_ms=1.08904 qdelay_c_ms=13.9995 ecn_mark=1540 drop=0
[QUEUE_STATS] t_ms=23920 q_pkts=28 q_bytes=42112 qdelay_l_ms=0.791507 qdelay_c_ms=13.9104 ecn_mark=1541 drop=0
[QUEUE_STATS] t_ms=23936 q_pkts=30 q_bytes=45120 qdelay_l_ms=1.08105 qdelay_c_ms=14.1839 ecn_mark=1542 drop=0
[QUEUE_STATS] t_ms=23952 q_pkts=29 q_bytes=43616 qdelay_l_ms=1.07512 qdelay_c_ms=14.1619 ecn_mark=1542 drop=0
[QUEUE_STATS] t_ms=23968 q_pkts=28 q_bytes=42112 qdelay_l_ms=1.07573 qdelay_c_ms=14.9072 ecn_mark=1544 drop=0
[QUEUE_STATS] t_ms=23984 q_pkts=32 q_bytes=48128 qdelay_l_ms=0.9632 qdelay_c_ms=13.7478 ecn_mark=1544 drop=0
[QUEUE_STATS] t_ms=24000 q_pkts=28 q_bytes=42112 qdelay_l_ms=0.833236 qdelay_c_ms=13.8828 ecn_mark=1545 drop=0
[QUEUE_STATS] t_ms=24016 q_pkts=29 q_bytes=43616 qdelay_l_ms=1.09854 qdelay_c_ms=15.2783 ecn_mark=1545 drop=0
[QUEUE_STATS] t_ms=24032 q_pkts=31 q_bytes=46624 qdelay_l_ms=0.97395 qdelay_c_ms=15.0005 ecn_mark=1545 drop=0
[QUEUE_STATS] t_ms=24048 q_pkts=28 q_bytes=42112 qdelay_l_ms=1.0892 qdelay_c_ms=14.8561 ecn_mark=1547 drop=0
[QUEUE_STATS] t_ms=24064 q_pkts=29 q_bytes=43616 qdelay_l_ms=1.08445 qdelay_c_ms=13.8094 ecn_mark=1547 drop=0
[QUEUE_STATS] t_ms=24080 q_pkts=30 q_bytes=45120 qdelay_l_ms=0.830912 qdelay_c_ms=12.8336 ecn_mark=1547 drop=0
[QUEUE_STATS] t_ms=24096 q_pkts=30 q_bytes=45120 qdelay_l_ms=0.966336 qdelay_c_ms=15.0343 ecn_mark=1547 drop=0
[QUEUE_STATS] t_ms=24112 q_pkts=29 q_bytes=43616 qdelay_l_ms=1.0903 qdelay_c_ms=15.062 ecn_mark=1548 drop=0
[QUEUE_STATS] t_ms=24128 q_pkts=31 q_bytes=46624 qdelay_l_ms=1.03449 qdelay_c_ms=14.0978 ecn_mark=1548 drop=0
[QUEUE_STATS] t_ms=24144 q_pkts=32 q_bytes=48128 qdelay_l_ms=1.09026 qdelay_c_ms=16.0304 ecn_mark=1549 drop=0
[QUEUE_STATS] t_ms=24160 q_pkts=28 q_bytes=42112 qdelay_l_ms=0.929678 qdelay_c_ms=14.6507 ecn_mark=1549 drop=0
[QUEUE_STATS] t_ms=24176 q_pkts=31 q_bytes=46624 qdelay_l_ms=0.626698 qdelay_c_ms=13.9244 ecn_mark=1551 drop=0
[QUEUE_STATS] t_ms=24192 q_pkts=31 q_bytes=46624 qdelay_l_ms=0.844677 qdelay_c_ms=16.1551 ecn_mark=1551 drop=0
[QUEUE_STATS] t_ms=24208 q_pkts=30 q_bytes=45120 qdelay_l_ms=0.828768 qdelay_c_ms=14.7496 ecn_mark=1552 drop=0
[QUEUE_STATS] t_ms=24224 q_pkts=31 q_bytes=46624 qdelay_l_ms=1.09569 qdelay_c_ms=14.9168 ecn_mark=1554 drop=0
[QUEUE_STATS] t_ms=24240 q_pkts=31 q_bytes=46624 qdelay_l_ms=0.956628 qdelay_c_ms=17.0718 ecn_mark=1556 drop=0
[QUEUE_STATS] t_ms=24256 q_pkts=30 q_bytes=45120 qdelay_l_ms=0.829049 qdelay_c_ms=12.0243 ecn_mark=1558 drop=0
[QUEUE_STATS] t_ms=24272 q_pkts=30 q_bytes=45120 qdelay_l_ms=1.07548 qdelay_c_ms=16.2833 ecn_mark=1559 drop=0
[QUEUE_STATS] t_ms=24288 q_pkts=31 q_bytes=46624 qdelay_l_ms=1.09623 qdelay_c_ms=15.7354 ecn_mark=1560 drop=0
[QUEUE_STATS] t_ms=24304 q_pkts=31 q_bytes=46624 qdelay_l_ms=1.06804 qdelay_c_ms=14.0154 ecn_mark=1562 drop=0
[QUEUE_STATS] t_ms=24320 q_pkts=31 q_bytes=46624 qdelay_l_ms=1.08874 qdelay_c_ms=16.1102 ecn_mark=1563 drop=0
[QUEUE_STATS] t_ms=24336 q_pkts=32 q_bytes=48128 qdelay_l_ms=1.0846 qdelay_c_ms=15.8416 ecn_mark=1563 drop=0
[QUEUE_STATS] t_ms=24352 q_pkts=32 q_bytes=48128 qdelay_l_ms=1.09028 qdelay_c_ms=14.8555 ecn_mark=1564 drop=0
[QUEUE_STATS] t_ms=24368 q_pkts=33 q_bytes=49632 qdelay_l_ms=0.815552 qdelay_c_ms=15.9119 ecn_mark=1565 drop=0
[QUEUE_STATS] t_ms=24384 q_pkts=33 q_bytes=49632 qdelay_l_ms=1.04554 qdelay_c_ms=15.9972 ecn_mark=1569 drop=0
[QUEUE_STATS] t_ms=24400 q_pkts=33 q_bytes=49632 qdelay_l_ms=0.967638 qdelay_c_ms=14.8236 ecn_mark=1569 drop=0
[QUEUE_STATS] t_ms=24416 q_pkts=32 q_bytes=48128 qdelay_l_ms=0.938995 qdelay_c_ms=16.0693 ecn_mark=1569 drop=0
[QUEUE_STATS] t_ms=24432 q_pkts=31 q_bytes=46624 qdelay_l_ms=1.09745 qdelay_c_ms=15.2281 ecn_mark=1569 drop=0
[QUEUE_STATS] t_ms=24448 q_pkts=32 q_bytes=48128 qdelay_l_ms=1.06696 qdelay_c_ms=16.7404 ecn_mark=1569 drop=0
[QUEUE_STATS] t_ms=24464 q_pkts=33 q_bytes=49632 qdelay_l_ms=0.901765 qdelay_c_ms=15.9966 ecn_mark=1569 drop=0
[QUEUE_STATS] t_ms=24480 q_pkts=31 q_bytes=46624 qdelay_l_ms=0.596191 qdelay_c_ms=15.8661 ecn_mark=1570 drop=0
[QUEUE_STATS] t_ms=24496 q_pkts=34 q_bytes=51136 qdelay_l_ms=1.06993 qdelay_c_ms=16.7534 ecn_mark=1571 drop=0
[QUEUE_STATS] t_ms=24512 q_pkts=34 q_bytes=51136 qdelay_l_ms=1.09298 qdelay_c_ms=17.9108 ecn_mark=1571 drop=0
[QUEUE_STATS] t_ms=24528 q_pkts=33 q_bytes=49632 qdelay_l_ms=1.06991 qdelay_c_ms=15.8987 ecn_mark=1571 drop=0
[QUEUE_STATS] t_ms=24544 q_pkts=35 q_bytes=52640 qdelay_l_ms=1.11907 qdelay_c_ms=17.3483 ecn_mark=1571 drop=0
[QUEUE_STATS] t_ms=24560 q_pkts=33 q_bytes=49632 qdelay_l_ms=0.899441 qdelay_c_ms=16.6743 ecn_mark=1571 drop=0
[QUEUE_STATS] t_ms=24576 q_pkts=33 q_bytes=49632 qdelay_l_ms=1.07586 qdelay_c_ms=17.2165 ecn_mark=1572 drop=0
[QUEUE_STATS] t_ms=24592 q_pkts=33 q_bytes=49632 qdelay_l_ms=1.06611 qdelay_c_ms=18.0799 ecn_mark=1574 drop=0
[QUEUE_STATS] t_ms=24608 q_pkts=35 q_bytes=52640 qdelay_l_ms=1.06756 qdelay_c_ms=15.8812 ecn_mark=1575 drop=0
[QUEUE_STATS] t_ms=24624 q_pkts=35 q_bytes=52640 qdelay_l_ms=1.08717 qdelay_c_ms=18.0364 ecn_mark=1577 drop=0
[QUEUE_STATS] t_ms=24640 q_pkts=37 q_bytes=55648 qdelay_l_ms=1.10196 qdelay_c_ms=19.0284 ecn_mark=1577 drop=0
[QUEUE_STATS] t_ms=24656 q_pkts=36 q_bytes=54144 qdelay_l_ms=0.892477 qdelay_c_ms=17.7655 ecn_mark=1577 drop=0
[QUEUE_STATS] t_ms=24672 q_pkts=32 q_bytes=48128 qdelay_l_ms=1.09765 qdelay_c_ms=19.3578 ecn_mark=1577 drop=0
[QUEUE_STATS] t_ms=24688 q_pkts=36 q_bytes=54144 qdelay_l_ms=1.0806 qdelay_c_ms=18.1066 ecn_mark=1578 drop=0
[QUEUE_STATS] t_ms=24704 q_pkts=36 q_bytes=54144 qdelay_l_ms=0.900472 qdelay_c_ms=17.802 ecn_mark=1579 drop=0
[QUEUE_STATS] t_ms=24720 q_pkts=36 q_bytes=54144 qdelay_l_ms=1.09246 qdelay_c_ms=19.048 ecn_mark=1580 drop=0
[QUEUE_STATS] t_ms=24736 q_pkts=36 q_bytes=54144 qdelay_l_ms=1.06599 qdelay_c_ms=18.7375 ecn_mark=1580 drop=0
[QUEUE_STATS] t_ms=24752 q_pkts=36 q_bytes=54144 qdelay_l_ms=0.873832 qdelay_c_ms=18.704 ecn_mark=1580 drop=0
[QUEUE_STATS] t_ms=24768 q_pkts=36 q_bytes=54144 qdelay_l_ms=1.06298 qdelay_c_ms=20.3059 ecn_mark=1582 drop=0
[QUEUE_STATS] t_ms=24784 q_pkts=37 q_bytes=55648 qdelay_l_ms=0.903187 qdelay_c_ms=17.9921 ecn_mark=1582 drop=0
[QUEUE_STATS] t_ms=24800 q_pkts=35 q_bytes=52640 qdelay_l_ms=1.10035 qdelay_c_ms=18.9139 ecn_mark=1582 drop=0
[QUEUE_STATS] t_ms=24816 q_pkts=35 q_bytes=52640 qdelay_l_ms=1.06668 qdelay_c_ms=20.0389 ecn_mark=1583 drop=0
[QUEUE_STATS] t_ms=24832 q_pkts=37 q_bytes=55648 qdelay_l_ms=1.10065 qdelay_c_ms=18.6895 ecn_mark=1583 drop=0
[QUEUE_STATS] t_ms=24848 q_pkts=38 q_bytes=57152 qdelay_l_ms=1.07198 qdelay_c_ms=19.0971 ecn_mark=1584 drop=0
[QUEUE_STATS] t_ms=24864 q_pkts=36 q_bytes=54144 qdelay_l_ms=1.07153 qdelay_c_ms=20.0744 ecn_mark=1584 drop=0
[QUEUE_STATS] t_ms=24880 q_pkts=36 q_bytes=54144 qdelay_l_ms=0.852382 qdelay_c_ms=18.9701 ecn_mark=1587 drop=0
[QUEUE_STATS] t_ms=24896 q_pkts=38 q_bytes=57152 qdelay_l_ms=1.10222 qdelay_c_ms=18.9254 ecn_mark=1588 drop=0
[QUEUE_STATS] t_ms=24912 q_pkts=38 q_bytes=57152 qdelay_l_ms=1.06588 qdelay_c_ms=19.9548 ecn_mark=1590 drop=0
[QUEUE_STATS] t_ms=24928 q_pkts=36 q_bytes=54144 qdelay_l_ms=0.858974 qdelay_c_ms=18.001 ecn_mark=1591 drop=0
[QUEUE_STATS] t_ms=24944 q_pkts=37 q_bytes=55648 qdelay_l_ms=0.809692 qdelay_c_ms=20.0428 ecn_mark=1592 drop=0
[QUEUE_STATS] t_ms=24960 q_pkts=38 q_bytes=57152 qdelay_l_ms=1.08014 qdelay_c_ms=16.8541 ecn_mark=1592 drop=0
[QUEUE_STATS] t_ms=24976 q_pkts=37 q_bytes=55648 qdelay_l_ms=1.08545 qdelay_c_ms=19.8714 ecn_mark=1592 drop=0
[QUEUE_STATS] t_ms=24992 q_pkts=38 q_bytes=57152 qdelay_l_ms=1.01205 qdelay_c_ms=21.1362 ecn_mark=1593 drop=0
[QUEUE_STATS] t_ms=25008 q_pkts=40 q_bytes=60160 qdelay_l_ms=0.877078 qdelay_c_ms=18.977 ecn_mark=1593 drop=0
[QUEUE_STATS] t_ms=25024 q_pkts=38 q_bytes=57152 qdelay_l_ms=0.723841 qdelay_c_ms=20.6727 ecn_mark=1595 drop=0
[QUEUE_STATS] t_ms=25040 q_pkts=40 q_bytes=60160 qdelay_l_ms=1.10042 qdelay_c_ms=21.986 ecn_mark=1595 drop=0
[QUEUE_STATS] t_ms=25056 q_pkts=39 q_bytes=58656 qdelay_l_ms=0.887518 qdelay_c_ms=18.9037 ecn_mark=1595 drop=0
[QUEUE_STATS] t_ms=25072 q_pkts=38 q_bytes=57152 qdelay_l_ms=1.09893 qdelay_c_ms=19.9689 ecn_mark=1596 drop=0
[QUEUE_STATS] t_ms=25088 q_pkts=40 q_bytes=60160 qdelay_l_ms=1.11394 qdelay_c_ms=20.1032 ecn_mark=1596 drop=0
[QUEUE_STATS] t_ms=25104 q_pkts=37 q_bytes=55648 qdelay_l_ms=1.07097 qdelay_c_ms=21.053 ecn_mark=1597 drop=0
[QUEUE_STATS] t_ms=25120 q_pkts=38 q_bytes=57152 qdelay_l_ms=1.07175 qdelay_c_ms=17.9936 ecn_mark=1598 drop=0
[QUEUE_STATS] t_ms=25136 q_pkts=38 q_bytes=57152 qdelay_l_ms=1.07133 qdelay_c_ms=21.9799 ecn_mark=1599 drop=0
[QUEUE_STATS] t_ms=25152 q_pkts=39 q_bytes=58656 qdelay_l_ms=1.08846 qdelay_c_ms=19.7286 ecn_mark=1599 drop=0
[QUEUE_STATS] t_ms=25168 q_pkts=39 q_bytes=58656 qdelay_l_ms=1.07628 qdelay_c_ms=20.0649 ecn_mark=1600 drop=0
[QUEUE_STATS] t_ms=25184 q_pkts=38 q_bytes=57152 qdelay_l_ms=1.10853 qdelay_c_ms=21.1753 ecn_mark=1600 drop=0
[QUEUE_STATS] t_ms=25200 q_pkts=39 q_bytes=58656 qdelay_l_ms=0.85645 qdelay_c_ms=19.7076 ecn_mark=1601 drop=0
[QUEUE_STATS] t_ms=25216 q_pkts=38 q_bytes=57152 qdelay_l_ms=1.06875 qdelay_c_ms=20.0403 ecn_mark=1601 drop=0
[QUEUE_STATS] t_ms=25232 q_pkts=40 q_bytes=60160 qdelay_l_ms=1.08141 qdelay_c_ms=22.0691 ecn_mark=1602 drop=0
[QUEUE_STATS] t_ms=25248 q_pkts=39 q_bytes=58656 qdelay_l_ms=0.836112 qdelay_c_ms=18.8287 ecn_mark=1603 drop=0
[QUEUE_STATS] t_ms=25264 q_pkts=38 q_bytes=57152 qdelay_l_ms=1.05031 qdelay_c_ms=21.0092 ecn_mark=1604 drop=0
[QUEUE_STATS] t_ms=25280 q_pkts=39 q_bytes=58656 qdelay_l_ms=1.06951 qdelay_c_ms=22.0841 ecn_mark=1606 drop=0
[QUEUE_STATS] t_ms=25296 q_pkts=40 q_bytes=60160 qdelay_l_ms=0.848154 qdelay_c_ms=19.5486 ecn_mark=1607 drop=0
[QUEUE_STATS] t_ms=25312 q_pkts=38 q_bytes=57152 qdelay_l_ms=0.791538 qdelay_c_ms=21.7003 ecn_mark=1607 drop=0
[QUEUE_STATS] t_ms=25328 q_pkts=41 q_bytes=61664 qdelay_l_ms=0.865086 qdelay_c_ms=20.6552 ecn_mark=1609 drop=0
[QUEUE_STATS] t_ms=25344 q_pkts=38 q_bytes=57152 qdelay_l_ms=1.07697 qdelay_c_ms=20.4252 ecn_mark=1609 drop=0
[QUEUE_STATS] t_ms=25360 q_pkts=38 q_bytes=57152 qdelay_l_ms=0.861089 qdelay_c_ms=21.8717 ecn_mark=1609 drop=0
[QUEUE_STATS] t_ms=25376 q_pkts=39 q_bytes=58656 qdelay_l_ms=1.0611 qdelay_c_ms=18.1224 ecn_mark=1610 drop=0
[QUEUE_STATS] t_ms=25392 q_pkts=39 q_bytes=58656 qdelay_l_ms=0.981846 qdelay_c_ms=21.0622 ecn_mark=1610 drop=0
[QUEUE_STATS] t_ms=25408 q_pkts=41 q_bytes=61664 qdelay_l_ms=1.0701 qdelay_c_ms=23.2468 ecn_mark=1611 drop=0
[QUEUE_STATS] t_ms=25424 q_pkts=41 q_bytes=61664 qdelay_l_ms=1.0877 qdelay_c_ms=19.0117 ecn_mark=1611 drop=0
[QUEUE_STATS] t_ms=25440 q_pkts=41 q_bytes=61664 qdelay_l_ms=1.06036 qdelay_c_ms=22.2607 ecn_mark=1612 drop=0
[QUEUE_STATS] t_ms=25456 q_pkts=41 q_bytes=61664 qdelay_l_ms=0.793251 qdelay_c_ms=22.8533 ecn_mark=1612 drop=0
[QUEUE_STATS] t_ms=25472 q_pkts=42 q_bytes=63168 qdelay_l_ms=1.09725 qdelay_c_ms=20.1192 ecn_mark=1613 drop=0
[QUEUE_STATS] t_ms=25488 q_pkts=41 q_bytes=61664 qdelay_l_ms=0.831603 qdelay_c_ms=22.8767 ecn_mark=1613 drop=0
[QUEUE_STATS] t_ms=25504 q_pkts=41 q_bytes=61664 qdelay_l_ms=1.0848 qdelay_c_ms=20.6225 ecn_mark=1614 drop=0
[QUEUE_STATS] t_ms=25520 q_pkts=42 q_bytes=63168 qdelay_l_ms=1.09076 qdelay_c_ms=21.1042 ecn_mark=1615 drop=0
[QUEUE_STATS] t_ms=25536 q_pkts=42 q_bytes=63168 qdelay_l_ms=0.836602 qdelay_c_ms=22.8231 ecn_mark=1615 drop=0
[QUEUE_STATS] t_ms=25552 q_pkts=42 q_bytes=63168 qdelay_l_ms=0.799242 qdelay_c_ms=21.8275 ecn_mark=1616 drop=0
[QUEUE_STATS] t_ms=25568 q_pkts=42 q_bytes=63168 qdelay_l_ms=1.06254 qdelay_c_ms=23.0349 ecn_mark=1617 drop=0
[QUEUE_STATS] t_ms=25584 q_pkts=42 q_bytes=63168 qdelay_l_ms=1.06476 qdelay_c_ms=24.0451 ecn_mark=1617 drop=0
[QUEUE_STATS] t_ms=25600 q_pkts=41 q_bytes=61664 qdelay_l_ms=0.774977 qdelay_c_ms=20.8204 ecn_mark=1618 drop=0
[QUEUE_STATS] t_ms=25616 q_pkts=43 q_bytes=64672 qdelay_l_ms=0.825421 qdelay_c_ms=24.9401 ecn_mark=1619 drop=0
[QUEUE_STATS] t_ms=25632 q_pkts=43 q_bytes=64672 qdelay_l_ms=1.09021 qdelay_c_ms=22.8611 ecn_mark=1620 drop=0
[QUEUE_STATS] t_ms=25648 q_pkts=42 q_bytes=63168 qdelay_l_ms=1.08538 qdelay_c_ms=21.9354 ecn_mark=1620 drop=0
[QUEUE_STATS] t_ms=25664 q_pkts=44 q_bytes=66176 qdelay_l_ms=1.07267 qdelay_c_ms=24.9646 ecn_mark=1621 drop=0
[QUEUE_STATS] t_ms=25680 q_pkts=45 q_bytes=67680 qdelay_l_ms=0.825922 qdelay_c_ms=22.8259 ecn_mark=1621 drop=0
[QUEUE_STATS] t_ms=25696 q_pkts=44 q_bytes=66176 qdelay_l_ms=1.08047 qdelay_c_ms=24.1899 ecn_mark=1622 drop=0
[QUEUE_STATS] t_ms=25712 q_pkts=43 q_bytes=64672 qdelay_l_ms=0.78208 qdelay_c_ms=24.9609 ecn_mark=1622 drop=0
[QUEUE_STATS] t_ms=25728 q_pkts=43 q_bytes=64672 qdelay_l_ms=1.08249 qdelay_c_ms=22.0139 ecn_mark=1622 drop=0
[QUEUE_STATS] t_ms=25744 q_pkts=44 q_bytes=66176 qdelay_l_ms=1.07988 qdelay_c_ms=23.1283 ecn_mark=1622 drop=0
[QUEUE_STATS] t_ms=25760 q_pkts=47 q_bytes=70688 qdelay_l_ms=1.07218 qdelay_c_ms=26.1482 ecn_mark=1622 drop=0
[QUEUE_STATS] t_ms=25776 q_pkts=46 q_bytes=69184 qdelay_l_ms=0.77183 qdelay_c_ms=23.704 ecn_mark=1622 drop=0
[QUEUE_STATS] t_ms=25792 q_pkts=46 q_bytes=69184 qdelay_l_ms=1.10722 qdelay_c_ms=26.1071 ecn_mark=1624 drop=0
[QUEUE_STATS] t_ms=25808 q_pkts=48 q_bytes=72192 qdelay_l_ms=1.06524 qdelay_c_ms=26.8271 ecn_mark=1624 drop=0
[QUEUE_STATS] t_ms=25824 q_pkts=47 q_bytes=70688 qdelay_l_ms=1.06026 qdelay_c_ms=26.0952 ecn_mark=1624 drop=0
[QUEUE_STATS] t_ms=25840 q_pkts=46 q_bytes=69184 qdelay_l_ms=1.1026 qdelay_c_ms=27.905 ecn_mark=1626 drop=0
[QUEUE_STATS] t_ms=25856 q_pkts=48 q_bytes=72192 qdelay_l_ms=0.945607 qdelay_c_ms=24.8812 ecn_mark=1626 drop=0
[QUEUE_STATS] t_ms=25872 q_pkts=48 q_bytes=72192 qdelay_l_ms=1.07796 qdelay_c_ms=26.9829 ecn_mark=1626 drop=0
[QUEUE_STATS] t_ms=25888 q_pkts=48 q_bytes=72192 qdelay_l_ms=1.07863 qdelay_c_ms=27.9389 ecn_mark=1626 drop=0
[QUEUE_STATS] t_ms=25904 q_pkts=48 q_bytes=72192 qdelay_l_ms=1.07059 qdelay_c_ms=26.9183 ecn_mark=1627 drop=0
[QUEUE_STATS] t_ms=25920 q_pkts=48 q_bytes=72192 qdelay_l_ms=1.06498 qdelay_c_ms=28.1417 ecn_mark=1630 drop=0
[QUEUE_STATS] t_ms=25936 q_pkts=49 q_bytes=73696 qdelay_l_ms=1.0798 qdelay_c_ms=28.1581 ecn_mark=1630 drop=0
[QUEUE_STATS] t_ms=25952 q_pkts=49 q_bytes=73696 qdelay_l_ms=1.07723 qdelay_c_ms=25.9693 ecn_mark=1630 drop=0
[QUEUE_STATS] t_ms=25968 q_pkts=50 q_bytes=75200 qdelay_l_ms=1.09666 qdelay_c_ms=28.8408 ecn_mark=1630 drop=0
[QUEUE_STATS] t_ms=25984 q_pkts=49 q_bytes=73696 qdelay_l_ms=0.748336 qdelay_c_ms=26.6149 ecn_mark=1631 drop=0
[QUEUE_STATS] t_ms=26000 q_pkts=51 q_bytes=76704 qdelay_l_ms=1.04989 qdelay_c_ms=30.4995 ecn_mark=1631 drop=0
[QUEUE_STATS] t_ms=26016 q_pkts=51 q_bytes=76704 qdelay_l_ms=0.954564 qdelay_c_ms=31.1073 ecn_mark=1631 drop=0
[QUEUE_STATS] t_ms=26032 q_pkts=49 q_bytes=73696 qdelay_l_ms=1.07638 qdelay_c_ms=27.945 ecn_mark=1633 drop=0
[QUEUE_STATS] t_ms=26048 q_pkts=52 q_bytes=78208 qdelay_l_ms=1.11045 qdelay_c_ms=30.0414 ecn_mark=1633 drop=0
[QUEUE_STATS] t_ms=26064 q_pkts=51 q_bytes=76704 qdelay_l_ms=1.08247 qdelay_c_ms=29.0253 ecn_mark=1633 drop=0
[QUEUE_STATS] t_ms=26080 q_pkts=51 q_bytes=76704 qdelay_l_ms=1.09125 qdelay_c_ms=26.9736 ecn_mark=1633 drop=0
[QUEUE_STATS] t_ms=26096 q_pkts=52 q_bytes=78208 qdelay_l_ms=0.747285 qdelay_c_ms=30.9275 ecn_mark=1633 drop=0
[QUEUE_STATS] t_ms=26112 q_pkts=53 q_bytes=79712 qdelay_l_ms=1.08306 qdelay_c_ms=30.1318 ecn_mark=1635 drop=0
[QUEUE_STATS] t_ms=26128 q_pkts=52 q_bytes=78208 qdelay_l_ms=1.08742 qdelay_c_ms=29.8809 ecn_mark=1635 drop=0
[QUEUE_STATS] t_ms=26144 q_pkts=53 q_bytes=79712 qdelay_l_ms=1.09886 qdelay_c_ms=31.8828 ecn_mark=1638 drop=0
[QUEUE_STATS] t_ms=26160 q_pkts=53 q_bytes=79712 qdelay_l_ms=0.77671 qdelay_c_ms=30.7737 ecn_mark=1638 drop=0
[QUEUE_STATS] t_ms=26176 q_pkts=53 q_bytes=79712 qdelay_l_ms=1.08111 qdelay_c_ms=31.032 ecn_mark=1638 drop=0
[QUEUE_STATS] t_ms=26192 q_pkts=54 q_bytes=81216 qdelay_l_ms=0.732767 qdelay_c_ms=32.0079 ecn_mark=1639 drop=0
[QUEUE_STATS] t_ms=26208 q_pkts=53 q_bytes=79712 qdelay_l_ms=1.07324 qdelay_c_ms=29.7908 ecn_mark=1641 drop=0
[QUEUE_STATS] t_ms=26224 q_pkts=53 q_bytes=79712 qdelay_l_ms=0.573318 qdelay_c_ms=32.7444 ecn_mark=1642 drop=0
[QUEUE_STATS] t_ms=26240 q_pkts=57 q_bytes=85728 qdelay_l_ms=0.768224 qdelay_c_ms=32.837 ecn_mark=1642 drop=0
[QUEUE_STATS] t_ms=26256 q_pkts=52 q_bytes=78208 qdelay_l_ms=1.11539 qdelay_c_ms=32.4223 ecn_mark=1643 drop=0
[QUEUE_STATS] t_ms=26272 q_pkts=45 q_bytes=67680 qdelay_l_ms=0.725664 qdelay_c_ms=32.7438 ecn_mark=1644 drop=0
[QUEUE_STATS] t_ms=26288 q_pkts=37 q_bytes=55648 qdelay_l_ms=1.08448 qdelay_c_ms=30.9793 ecn_mark=1645 drop=0
[QUEUE_STATS] t_ms=26304 q_pkts=29 q_bytes=43616 qdelay_l_ms=1.07698 qdelay_c_ms=24.9789 ecn_mark=1646 drop=0
[QUEUE_STATS] t_ms=26320 q_pkts=21 q_bytes=31584 qdelay_l_ms=0.739269 qdelay_c_ms=17.8996 ecn_mark=1647 drop=0
[QUEUE_STATS] t_ms=26336 q_pkts=19 q_bytes=28576 qdelay_l_ms=1.08199 qdelay_c_ms=9.0781 ecn_mark=1647 drop=0
[QUEUE_STATS] t_ms=26352 q_pkts=21 q_bytes=31584 qdelay_l_ms=1.09082 qdelay_c_ms=10.8369 ecn_mark=1647 drop=0
[QUEUE_STATS] t_ms=26368 q_pkts=20 q_bytes=30080 qdelay_l_ms=1.09037 qdelay_c_ms=9.9819 ecn_mark=1650 drop=0
[QUEUE_STATS] t_ms=26384 q_pkts=22 q_bytes=33088 qdelay_l_ms=1.09455 qdelay_c_ms=10.897 ecn_mark=1650 drop=0
[QUEUE_STATS] t_ms=26400 q_pkts=22 q_bytes=33088 qdelay_l_ms=0.74487 qdelay_c_ms=13.7033 ecn_mark=1650 drop=0
[QUEUE_STATS] t_ms=26416 q_pkts=22 q_bytes=33088 qdelay_l_ms=1.09426 qdelay_c_ms=12.2594 ecn_mark=1650 drop=0
[QUEUE_STATS] t_ms=26432 q_pkts=24 q_bytes=36096 qdelay_l_ms=1.10844 qdelay_c_ms=14.4527 ecn_mark=1650 drop=0
[QUEUE_STATS] t_ms=26448 q_pkts=24 q_bytes=36096 qdelay_l_ms=1.0804 qdelay_c_ms=14.6779 ecn_mark=1651 drop=0
[QUEUE_STATS] t_ms=26464 q_pkts=25 q_bytes=37600 qdelay_l_ms=1.08378 qdelay_c_ms=12.0983 ecn_mark=1652 drop=0
[QUEUE_STATS] t_ms=26480 q_pkts=25 q_bytes=37600 qdelay_l_ms=1.08832 qdelay_c_ms=14.1419 ecn_mark=1653 drop=0
[QUEUE_STATS] t_ms=26496 q_pkts=25 q_bytes=37600 qdelay_l_ms=1.0698 qdelay_c_ms=13.8073 ecn_mark=1653 drop=0
[QUEUE_STATS] t_ms=26512 q_pkts=26 q_bytes=39104 qdelay_l_ms=0.906393 qdelay_c_ms=14.1415 ecn_mark=1655 drop=0
[QUEUE_STATS] t_ms=26528 q_pkts=27 q_bytes=40608 qdelay_l_ms=1.08189 qdelay_c_ms=16.8582 ecn_mark=1655 drop=0
[QUEUE_STATS] t_ms=26544 q_pkts=26 q_bytes=39104 qdelay_l_ms=1.08039 qdelay_c_ms=13.9194 ecn_mark=1656 drop=0
[QUEUE_STATS] t_ms=26560 q_pkts=26 q_bytes=39104 qdelay_l_ms=1.08099 qdelay_c_ms=16.0347 ecn_mark=1657 drop=0
[QUEUE_STATS] t_ms=26576 q_pkts=28 q_bytes=42112 qdelay_l_ms=1.07717 qdelay_c_ms=18.0515 ecn_mark=1657 drop=0
[QUEUE_STATS] t_ms=26592 q_pkts=26 q_bytes=39104 qdelay_l_ms=1.07847 qdelay_c_ms=13.2225 ecn_mark=1658 drop=0
[QUEUE_STATS] t_ms=26608 q_pkts=27 q_bytes=40608 qdelay_l_ms=0.972718 qdelay_c_ms=17.0327 ecn_mark=1659 drop=0
[QUEUE_STATS] t_ms=26624 q_pkts=27 q_bytes=40608 qdelay_l_ms=1.07644 qdelay_c_ms=16.9208 ecn_mark=1661 drop=0
[QUEUE_STATS] t_ms=26640 q_pkts=29 q_bytes=43616 qdelay_l_ms=0.717198 qdelay_c_ms=14.6417 ecn_mark=1661 drop=0
[QUEUE_STATS] t_ms=26656 q_pkts=30 q_bytes=45120 qdelay_l_ms=0.715695 qdelay_c_ms=19.9259 ecn_mark=1661 drop=0
[QUEUE_STATS] t_ms=26672 q_pkts=29 q_bytes=43616 qdelay_l_ms=1.06311 qdelay_c_ms=18.0481 ecn_mark=1663 drop=0
[QUEUE_STATS] t_ms=26688 q_pkts=30 q_bytes=45120 qdelay_l_ms=1.0816 qdelay_c_ms=18.0715 ecn_mark=1664 drop=0
[QUEUE_STATS] t_ms=26704 q_pkts=30 q_bytes=45120 qdelay_l_ms=0.721115 qdelay_c_ms=19.5297 ecn_mark=1665 drop=0
[QUEUE_STATS] t_ms=26720 q_pkts=33 q_bytes=49632 qdelay_l_ms=1.07224 qdelay_c_ms=16.1635 ecn_mark=1665 drop=0
[QUEUE_STATS] t_ms=26736 q_pkts=32 q_bytes=48128 qdelay_l_ms=1.0824 qdelay_c_ms=21.0768 ecn_mark=1668 drop=0
[QUEUE_STATS] t_ms=26752 q_pkts=32 q_bytes=48128 qdelay_l_ms=1.06908 qdelay_c_ms=21.0775 ecn_mark=1668 drop=0
[QUEUE_STATS] t_ms=26768 q_pkts=32 q_bytes=48128 qdelay_l_ms=1.05537 qdelay_c_ms=16.904 ecn_mark=1668 drop=0
[QUEUE_STATS] t_ms=26784 q_pkts=32 q_bytes=48128 qdelay_l_ms=0.710596 qdelay_c_ms=20.9067 ecn_mark=1670 drop=0
[QUEUE_STATS] t_ms=26800 q_pkts=34 q_bytes=51136 qdelay_l_ms=1.06679 qdelay_c_ms=17.9382 ecn_mark=1671 drop=0
[QUEUE_STATS] t_ms=26816 q_pkts=35 q_bytes=52640 qdelay_l_ms=1.05714 qdelay_c_ms=19.7246 ecn_mark=1671 drop=0
[QUEUE_STATS] t_ms=26832 q_pkts=32 q_bytes=48128 qdelay_l_ms=0.706578 qdelay_c_ms=22.6281 ecn_mark=1671 drop=0
[QUEUE_STATS] t_ms=26848 q_pkts=33 q_bytes=49632 qdelay_l_ms=1.06176 qdelay_c_ms=16.13 ecn_mark=1671 drop=0
[QUEUE_STATS] t_ms=26864 q_pkts=35 q_bytes=52640 qdelay_l_ms=1.08194 qdelay_c_ms=22.1033 ecn_mark=1672 drop=0
[QUEUE_STATS] t_ms=26880 q_pkts=33 q_bytes=49632 qdelay_l_ms=1.08981 qdelay_c_ms=22.7001 ecn_mark=1676 drop=0
[QUEUE_STATS] t_ms=26896 q_pkts=36 q_bytes=54144 qdelay_l_ms=1.10045 qdelay_c_ms=20.1004 ecn_mark=1678 drop=0
[QUEUE_STATS] t_ms=26912 q_pkts=36 q_bytes=54144 qdelay_l_ms=1.06186 qdelay_c_ms=26.0273 ecn_mark=1680 drop=0
[QUEUE_STATS] t_ms=26928 q_pkts=36 q_bytes=54144 qdelay_l_ms=1.07591 qdelay_c_ms=22.0438 ecn_mark=1683 drop=0
[QUEUE_STATS] t_ms=26944 q_pkts=37 q_bytes=55648 qdelay_l_ms=0.54285 qdelay_c_ms=21.8179 ecn_mark=1684 drop=0
[QUEUE_STATS] t_ms=26960 q_pkts=37 q_bytes=55648 qdelay_l_ms=1.08043 qdelay_c_ms=26.0743 ecn_mark=1685 drop=0
[QUEUE_STATS] t_ms=26976 q_pkts=38 q_bytes=57152 qdelay_l_ms=1.05232 qdelay_c_ms=22.0099 ecn_mark=1685 drop=0
[QUEUE_STATS] t_ms=26992 q_pkts=37 q_bytes=55648 qdelay_l_ms=1.04637 qdelay_c_ms=23.2579 ecn_mark=1685 drop=0
[QUEUE_STATS] t_ms=27008 q_pkts=40 q_bytes=60160 qdelay_l_ms=0.714724 qdelay_c_ms=25.6696 ecn_mark=1686 drop=0
[QUEUE_STATS] t_ms=27024 q_pkts=37 q_bytes=55648 qdelay_l_ms=1.05073 qdelay_c_ms=22.0292 ecn_mark=1687 drop=0
[QUEUE_STATS] t_ms=27040 q_pkts=36 q_bytes=54144 qdelay_l_ms=1.05725 qdelay_c_ms=25.8199 ecn_mark=1688 drop=0
[QUEUE_STATS] t_ms=27056 q_pkts=39 q_bytes=58656 qdelay_l_ms=1.06268 qdelay_c_ms=22.0665 ecn_mark=1689 drop=0
[QUEUE_STATS] t_ms=27072 q_pkts=39 q_bytes=58656 qdelay_l_ms=0.714413 qdelay_c_ms=22.718 ecn_mark=1690 drop=0
[QUEUE_STATS] t_ms=27088 q_pkts=39 q_bytes=58656 qdelay_l_ms=1.06083 qdelay_c_ms=26.9631 ecn_mark=1691 drop=0
[QUEUE_STATS] t_ms=27104 q_pkts=38 q_bytes=57152 qdelay_l_ms=0.709583 qdelay_c_ms=21.763 ecn_mark=1692 drop=0
[QUEUE_STATS] t_ms=27120 q_pkts=37 q_bytes=55648 qdelay_l_ms=1.07571 qdelay_c_ms=23.997 ecn_mark=1692 drop=0
[QUEUE_STATS] t_ms=27136 q_pkts=40 q_bytes=60160 qdelay_l_ms=1.04901 qdelay_c_ms=26.9362 ecn_mark=1692 drop=0
[QUEUE_STATS] t_ms=27152 q_pkts=42 q_bytes=63168 qdelay_l_ms=1.04766 qdelay_c_ms=23.9939 ecn_mark=1693 drop=0
[QUEUE_STATS] t_ms=27168 q_pkts=41 q_bytes=61664 qdelay_l_ms=1.04629 qdelay_c_ms=27.9981 ecn_mark=1694 drop=0
[QUEUE_STATS] t_ms=27184 q_pkts=42 q_bytes=63168 qdelay_l_ms=1.04081 qdelay_c_ms=26.9298 ecn_mark=1695 drop=0
[QUEUE_STATS] t_ms=27200 q_pkts=41 q_bytes=61664 qdelay_l_ms=1.04087 qdelay_c_ms=25.0206 ecn_mark=1696 drop=0
[QUEUE_STATS] t_ms=27216 q_pkts=42 q_bytes=63168 qdelay_l_ms=1.05695 qdelay_c_ms=29.0138 ecn_mark=1697 drop=0
[QUEUE_STATS] t_ms=27232 q_pkts=41 q_bytes=61664 qdelay_l_ms=1.08339 qdelay_c_ms=24.0986 ecn_mark=1699 drop=0
[QUEUE_STATS] t_ms=27248 q_pkts=42 q_bytes=63168 qdelay_l_ms=1.07511 qdelay_c_ms=26.2044 ecn_mark=1700 drop=0
[QUEUE_STATS] t_ms=27264 q_pkts=40 q_bytes=60160 qdelay_l_ms=1.05194 qdelay_c_ms=30.0287 ecn_mark=1700 drop=0
[QUEUE_STATS] t_ms=27280 q_pkts=43 q_bytes=64672 qdelay_l_ms=1.03656 qdelay_c_ms=24.2086 ecn_mark=1700 drop=0
[QUEUE_STATS] t_ms=27296 q_pkts=45 q_bytes=67680 qdelay_l_ms=1.04816 qdelay_c_ms=28.1208 ecn_mark=1700 drop=0
[QUEUE_STATS] t_ms=27312 q_pkts=44 q_bytes=66176 qdelay_l_ms=1.03047 qdelay_c_ms=29.1386 ecn_mark=1702 drop=0
[QUEUE_STATS] t_ms=27328 q_pkts=41 q_bytes=61664 qdelay_l_ms=0 qdelay_c_ms=25.3652 ecn_mark=1703 drop=0
[QUEUE_STATS] t_ms=27344 q_pkts=47 q_bytes=70688 qdelay_l_ms=1.04462 qdelay_c_ms=31.9313 ecn_mark=1703 drop=0
[QUEUE_STATS] t_ms=27360 q_pkts=47 q_bytes=70688 qdelay_l_ms=0.693473 qdelay_c_ms=28.7924 ecn_mark=1703 drop=0
[QUEUE_STATS] t_ms=27376 q_pkts=46 q_bytes=69184 qdelay_l_ms=1.07686 qdelay_c_ms=27.8519 ecn_mark=1703 drop=0
[QUEUE_STATS] t_ms=27392 q_pkts=48 q_bytes=72192 qdelay_l_ms=0.690558 qdelay_c_ms=33.6953 ecn_mark=1705 drop=0
[QUEUE_STATS] t_ms=27408 q_pkts=46 q_bytes=69184 qdelay_l_ms=1.04656 qdelay_c_ms=28.5392 ecn_mark=1706 drop=0
[QUEUE_STATS] t_ms=27424 q_pkts=48 q_bytes=72192 qdelay_l_ms=1.07149 qdelay_c_ms=30.407 ecn_mark=1706 drop=0
[QUEUE_STATS] t_ms=27440 q_pkts=49 q_bytes=73696 qdelay_l_ms=1.03222 qdelay_c_ms=32.032 ecn_mark=1706 drop=0
[QUEUE_STATS] t_ms=27456 q_pkts=50 q_bytes=73748 qdelay_l_ms=1.01629 qdelay_c_ms=31.6671 ecn_mark=1708 drop=0
[QUEUE_STATS] t_ms=27472 q_pkts=49 q_bytes=72244 qdelay_l_ms=1.10147 qdelay_c_ms=33.0961 ecn_mark=1710 drop=0
[QUEUE_STATS] t_ms=27488 q_pkts=52 q_bytes=78208 qdelay_l_ms=1.03514 qdelay_c_ms=33.0158 ecn_mark=1710 drop=0
[QUEUE_STATS] t_ms=27504 q_pkts=48 q_bytes=72192 qdelay_l_ms=1.09391 qdelay_c_ms=31.015 ecn_mark=1714 drop=0
[QUEUE_STATS] t_ms=27520 q_pkts=47 q_bytes=70688 qdelay_l_ms=0.03195 qdelay_c_ms=33.4773 ecn_mark=1717 drop=0
[QUEUE_STATS] t_ms=27536 q_pkts=49 q_bytes=73696 qdelay_l_ms=1.0994 qdelay_c_ms=33.1664 ecn_mark=1718 drop=0
[QUEUE_STATS] t_ms=27552 q_pkts=47 q_bytes=70688 qdelay_l_ms=0.89921 qdelay_c_ms=30.9982 ecn_mark=1718 drop=0
[QUEUE_STATS] t_ms=27568 q_pkts=48 q_bytes=72192 qdelay_l_ms=0.997214 qdelay_c_ms=32.7755 ecn_mark=1719 drop=0
[QUEUE_STATS] t_ms=27584 q_pkts=50 q_bytes=75200 qdelay_l_ms=1.00719 qdelay_c_ms=31.7561 ecn_mark=1720 drop=0
[QUEUE_STATS] t_ms=27600 q_pkts=50 q_bytes=75200 qdelay_l_ms=1.09174 qdelay_c_ms=33.0351 ecn_mark=1720 drop=0
[QUEUE_STATS] t_ms=27616 q_pkts=50 q_bytes=75200 qdelay_l_ms=0.984891 qdelay_c_ms=33.3367 ecn_mark=1721 drop=0
[QUEUE_STATS] t_ms=27632 q_pkts=49 q_bytes=73696 qdelay_l_ms=1.10569 qdelay_c_ms=32.306 ecn_mark=1722 drop=0
[QUEUE_STATS] t_ms=27648 q_pkts=51 q_bytes=76704 qdelay_l_ms=1.03833 qdelay_c_ms=33.9522 ecn_mark=1722 drop=0
[QUEUE_STATS] t_ms=27664 q_pkts=47 q_bytes=70688 qdelay_l_ms=1.04014 qdelay_c_ms=30.5782 ecn_mark=1722 drop=0
[QUEUE_STATS] t_ms=27680 q_pkts=51 q_bytes=76704 qdelay_l_ms=1.07222 qdelay_c_ms=33.0945 ecn_mark=1724 drop=0
[QUEUE_STATS] t_ms=27696 q_pkts=50 q_bytes=75200 qdelay_l_ms=1.03422 qdelay_c_ms=33.6194 ecn_mark=1725 drop=0
[QUEUE_STATS] t_ms=27712 q_pkts=47 q_bytes=70688 qdelay_l_ms=1.09886 qdelay_c_ms=31.9973 ecn_mark=1726 drop=0
[QUEUE_STATS] t_ms=27729 q_pkts=52 q_bytes=78208 qdelay_l_ms=1.12366 qdelay_c_ms=33.4219 ecn_mark=1726 drop=0
[QUEUE_STATS] t_ms=27744 q_pkts=51 q_bytes=76704 qdelay_l_ms=1.02455 qdelay_c_ms=35.9505 ecn_mark=1728 drop=0
[QUEUE_STATS] t_ms=27760 q_pkts=49 q_bytes=73696 qdelay_l_ms=1.09122 qdelay_c_ms=32.6871 ecn_mark=1729 drop=0
[QUEUE_STATS] t_ms=27776 q_pkts=51 q_bytes=76704 qdelay_l_ms=0.518424 qdelay_c_ms=32.9765 ecn_mark=1729 drop=0
[QUEUE_STATS] t_ms=27792 q_pkts=53 q_bytes=79712 qdelay_l_ms=1.02049 qdelay_c_ms=37.2598 ecn_mark=1730 drop=0
[QUEUE_STATS] t_ms=27808 q_pkts=51 q_bytes=76704 qdelay_l_ms=1.0255 qdelay_c_ms=32.7841 ecn_mark=1731 drop=0
[QUEUE_STATS] t_ms=27824 q_pkts=52 q_bytes=78208 qdelay_l_ms=0.925188 qdelay_c_ms=35.8049 ecn_mark=1732 drop=0
[QUEUE_STATS] t_ms=27840 q_pkts=52 q_bytes=78208 qdelay_l_ms=0.865557 qdelay_c_ms=35.0549 ecn_mark=1734 drop=0
[QUEUE_STATS] t_ms=27856 q_pkts=53 q_bytes=79712 qdelay_l_ms=1.07669 qdelay_c_ms=33.5762 ecn_mark=1735 drop=0
[QUEUE_STATS] t_ms=27872 q_pkts=55 q_bytes=82720 qdelay_l_ms=1.03991 qdelay_c_ms=36.7076 ecn_mark=1736 drop=0
[QUEUE_STATS] t_ms=27888 q_pkts=51 q_bytes=76704 qdelay_l_ms=1.02792 qdelay_c_ms=33.5934 ecn_mark=1737 drop=0
[QUEUE_STATS] t_ms=27904 q_pkts=53 q_bytes=79712 qdelay_l_ms=1.08328 qdelay_c_ms=34.8033 ecn_mark=1737 drop=0
[QUEUE_STATS] t_ms=27920 q_pkts=55 q_bytes=82720 qdelay_l_ms=1.01937 qdelay_c_ms=36.8549 ecn_mark=1737 drop=0
[QUEUE_STATS] t_ms=27936 q_pkts=52 q_bytes=78208 qdelay_l_ms=1.01821 qdelay_c_ms=34.0936 ecn_mark=1737 drop=0
[QUEUE_STATS] t_ms=27952 q_pkts=52 q_bytes=78208 qdelay_l_ms=1.02233 qdelay_c_ms=35.9771 ecn_mark=1737 drop=0
[QUEUE_STATS] t_ms=27968 q_pkts=56 q_bytes=84224 qdelay_l_ms=1.00061 qdelay_c_ms=38.2866 ecn_mark=1738 drop=0
[QUEUE_STATS] t_ms=27984 q_pkts=55 q_bytes=82720 qdelay_l_ms=1.0188 qdelay_c_ms=35.9221 ecn_mark=1738 drop=0
[QUEUE_STATS] t_ms=28000 q_pkts=54 q_bytes=81216 qdelay_l_ms=1.08564 qdelay_c_ms=38.1609 ecn_mark=1740 drop=0
[QUEUE_STATS] t_ms=28016 q_pkts=56 q_bytes=84224 qdelay_l_ms=1.00111 qdelay_c_ms=40.0835 ecn_mark=1743 drop=0
[QUEUE_STATS] t_ms=28032 q_pkts=54 q_bytes=81216 qdelay_l_ms=1.00816 qdelay_c_ms=38.0936 ecn_mark=1743 drop=0
[QUEUE_STATS] t_ms=28048 q_pkts=56 q_bytes=84224 qdelay_l_ms=1.02269 qdelay_c_ms=40.0599 ecn_mark=1744 drop=0
[QUEUE_STATS] t_ms=28064 q_pkts=58 q_bytes=87232 qdelay_l_ms=1.01308 qdelay_c_ms=39.9317 ecn_mark=1746 drop=0
[QUEUE_STATS] t_ms=28080 q_pkts=54 q_bytes=81216 qdelay_l_ms=1.10757 qdelay_c_ms=38.072 ecn_mark=1746 drop=0
[QUEUE_STATS] t_ms=28096 q_pkts=56 q_bytes=84224 qdelay_l_ms=0.879853 qdelay_c_ms=39.9428 ecn_mark=1746 drop=0
[QUEUE_STATS] t_ms=28112 q_pkts=57 q_bytes=85728 qdelay_l_ms=1.0189 qdelay_c_ms=36.9011 ecn_mark=1746 drop=0
[QUEUE_STATS] t_ms=28128 q_pkts=55 q_bytes=82720 qdelay_l_ms=1.07608 qdelay_c_ms=38.0601 ecn_mark=1746 drop=0
[QUEUE_STATS] t_ms=28144 q_pkts=59 q_bytes=88736 qdelay_l_ms=0.868522 qdelay_c_ms=41.6111 ecn_mark=1748 drop=0
[QUEUE_STATS] t_ms=28160 q_pkts=58 q_bytes=87232 qdelay_l_ms=1.01923 qdelay_c_ms=39.8207 ecn_mark=1748 drop=0
[QUEUE_STATS] t_ms=28176 q_pkts=55 q_bytes=82720 qdelay_l_ms=1.09902 qdelay_c_ms=38.2789 ecn_mark=1750 drop=0
[QUEUE_STATS] t_ms=28192 q_pkts=58 q_bytes=87232 qdelay_l_ms=1.07214 qdelay_c_ms=41.0407 ecn_mark=1751 drop=0
[QUEUE_STATS] t_ms=28208 q_pkts=58 q_bytes=87232 qdelay_l_ms=0.905181 qdelay_c_ms=39.9949 ecn_mark=1752 drop=0
[QUEUE_STATS] t_ms=28224 q_pkts=57 q_bytes=85728 qdelay_l_ms=1.06791 qdelay_c_ms=38.3855 ecn_mark=1755 drop=0
[QUEUE_STATS] t_ms=28240 q_pkts=58 q_bytes=87232 qdelay_l_ms=1.10211 qdelay_c_ms=42.9913 ecn_mark=1755 drop=0
[QUEUE_STATS] t_ms=28256 q_pkts=58 q_bytes=87232 qdelay_l_ms=0.906424 qdelay_c_ms=41.9435 ecn_mark=1757 drop=0
[QUEUE_STATS] t_ms=28272 q_pkts=58 q_bytes=87232 qdelay_l_ms=0.887298 qdelay_c_ms=38.9678 ecn_mark=1758 drop=0
[QUEUE_STATS] t_ms=28288 q_pkts=57 q_bytes=85728 qdelay_l_ms=1.09419 qdelay_c_ms=40.3648 ecn_mark=1759 drop=0
[QUEUE_STATS] t_ms=28304 q_pkts=60 q_bytes=90240 qdelay_l_ms=0.900803 qdelay_c_ms=42.8684 ecn_mark=1761 drop=0
[QUEUE_STATS] t_ms=28320 q_pkts=58 q_bytes=87232 qdelay_l_ms=0.910792 qdelay_c_ms=39.9063 ecn_mark=1761 drop=0
[QUEUE_STATS] t_ms=28336 q_pkts=58 q_bytes=87232 qdelay_l_ms=0.851741 qdelay_c_ms=39.9584 ecn_mark=1761 drop=0
[QUEUE_STATS] t_ms=28352 q_pkts=62 q_bytes=93248 qdelay_l_ms=1.05455 qdelay_c_ms=42.8012 ecn_mark=1762 drop=0
[QUEUE_STATS] t_ms=28368 q_pkts=60 q_bytes=90240 qdelay_l_ms=0.904971 qdelay_c_ms=41.9393 ecn_mark=1763 drop=0
[QUEUE_STATS] t_ms=28384 q_pkts=58 q_bytes=87232 qdelay_l_ms=0.888409 qdelay_c_ms=39.9908 ecn_mark=1763 drop=0
[QUEUE_STATS] t_ms=28400 q_pkts=59 q_bytes=88736 qdelay_l_ms=0.865136 qdelay_c_ms=42.0486 ecn_mark=1765 drop=0
[QUEUE_STATS] t_ms=28416 q_pkts=59 q_bytes=88736 qdelay_l_ms=0.885925 qdelay_c_ms=43.7986 ecn_mark=1766 drop=0
[QUEUE_STATS] t_ms=28432 q_pkts=59 q_bytes=88736 qdelay_l_ms=1.01925 qdelay_c_ms=39.8933 ecn_mark=1767 drop=0
[QUEUE_STATS] t_ms=28448 q_pkts=59 q_bytes=88736 qdelay_l_ms=0.876558 qdelay_c_ms=40.0071 ecn_mark=1768 drop=0
[QUEUE_STATS] t_ms=28464 q_pkts=61 q_bytes=91744 qdelay_l_ms=0.5108 qdelay_c_ms=42.6157 ecn_mark=1769 drop=0
[QUEUE_STATS] t_ms=28480 q_pkts=61 q_bytes=91744 qdelay_l_ms=0.85651 qdelay_c_ms=42.0038 ecn_mark=1770 drop=0
[QUEUE_STATS] t_ms=28496 q_pkts=61 q_bytes=91744 qdelay_l_ms=1.01154 qdelay_c_ms=40.1035 ecn_mark=1772 drop=0
[QUEUE_STATS] t_ms=28512 q_pkts=60 q_bytes=90240 qdelay_l_ms=0.854386 qdelay_c_ms=41.0342 ecn_mark=1773 drop=0
[QUEUE_STATS] t_ms=28528 q_pkts=60 q_bytes=90240 qdelay_l_ms=0.855738 qdelay_c_ms=42.8804 ecn_mark=1774 drop=0
[QUEUE_STATS] t_ms=28544 q_pkts=61 q_bytes=91744 qdelay_l_ms=1.0089 qdelay_c_ms=41.7042 ecn_mark=1774 drop=0
[QUEUE_STATS] t_ms=28560 q_pkts=59 q_bytes=88736 qdelay_l_ms=1.07674 qdelay_c_ms=41.0737 ecn_mark=1775 drop=0
[QUEUE_STATS] t_ms=28576 q_pkts=61 q_bytes=91744 qdelay_l_ms=1.09398 qdelay_c_ms=41.0227 ecn_mark=1776 drop=0
[QUEUE_STATS] t_ms=28592 q_pkts=61 q_bytes=91744 qdelay_l_ms=1.02571 qdelay_c_ms=41.848 ecn_mark=1776 drop=0
[QUEUE_STATS] t_ms=28608 q_pkts=59 q_bytes=88736 qdelay_l_ms=1.01101 qdelay_c_ms=40.9775 ecn_mark=1777 drop=0
[QUEUE_STATS] t_ms=28624 q_pkts=58 q_bytes=87232 qdelay_l_ms=1.07062 qdelay_c_ms=42.9442 ecn_mark=1777 drop=0
[QUEUE_STATS] t_ms=28640 q_pkts=62 q_bytes=93248 qdelay_l_ms=0.909379 qdelay_c_ms=42.9401 ecn_mark=1778 drop=0
[QUEUE_STATS] t_ms=28656 q_pkts=60 q_bytes=90240 qdelay_l_ms=1.00842 qdelay_c_ms=39.7232 ecn_mark=1778 drop=0
[QUEUE_STATS] t_ms=28672 q_pkts=60 q_bytes=90240 qdelay_l_ms=1.08394 qdelay_c_ms=42.7921 ecn_mark=1778 drop=0
[QUEUE_STATS] t_ms=28688 q_pkts=64 q_bytes=96256 qdelay_l_ms=1.01014 qdelay_c_ms=44.7832 ecn_mark=1778 drop=0
[QUEUE_STATS] t_ms=28704 q_pkts=59 q_bytes=88736 qdelay_l_ms=1.07729 qdelay_c_ms=40.9688 ecn_mark=1779 drop=0
[QUEUE_STATS] t_ms=28720 q_pkts=63 q_bytes=94752 qdelay_l_ms=1.10155 qdelay_c_ms=41.8108 ecn_mark=1779 drop=0
[QUEUE_STATS] t_ms=28736 q_pkts=62 q_bytes=93248 qdelay_l_ms=0.853564 qdelay_c_ms=45.0778 ecn_mark=1780 drop=0
[QUEUE_STATS] t_ms=28752 q_pkts=55 q_bytes=82720 qdelay_l_ms=1.06299 qdelay_c_ms=43.1789 ecn_mark=1781 drop=0
[QUEUE_STATS] t_ms=28768 q_pkts=49 q_bytes=73696 qdelay_l_ms=1.03228 qdelay_c_ms=44.3434 ecn_mark=1783 drop=0
[QUEUE_STATS] t_ms=28784 q_pkts=45 q_bytes=67680 qdelay_l_ms=0.995942 qdelay_c_ms=44.9707 ecn_mark=1785 drop=0
[QUEUE_STATS] t_ms=28800 q_pkts=36 q_bytes=54144 qdelay_l_ms=0.500441 qdelay_c_ms=34.548 ecn_mark=1785 drop=0
[QUEUE_STATS] t_ms=28816 q_pkts=32 q_bytes=48128 qdelay_l_ms=1.07719 qdelay_c_ms=33.1618 ecn_mark=1786 drop=0
[QUEUE_STATS] t_ms=28832 q_pkts=28 q_bytes=42112 qdelay_l_ms=1.00775 qdelay_c_ms=21.7299 ecn_mark=1787 drop=0
[QUEUE_STATS] t_ms=28848 q_pkts=26 q_bytes=39104 qdelay_l_ms=1.00431 qdelay_c_ms=18.8438 ecn_mark=1787 drop=0
[QUEUE_STATS] t_ms=28864 q_pkts=30 q_bytes=45120 qdelay_l_ms=1.07739 qdelay_c_ms=19.7467 ecn_mark=1787 drop=0
[QUEUE_STATS] t_ms=28880 q_pkts=28 q_bytes=42112 qdelay_l_ms=1.08574 qdelay_c_ms=19.1252 ecn_mark=1788 drop=0
[QUEUE_STATS] t_ms=28896 q_pkts=28 q_bytes=42112 qdelay_l_ms=1.00345 qdelay_c_ms=17.9189 ecn_mark=1790 drop=0
[QUEUE_STATS] t_ms=28912 q_pkts=26 q_bytes=39104 qdelay_l_ms=1.08554 qdelay_c_ms=19.1154 ecn_mark=1790 drop=0
[QUEUE_STATS] t_ms=28928 q_pkts=29 q_bytes=43616 qdelay_l_ms=1.09429 qdelay_c_ms=19.2138 ecn_mark=1790 drop=0
[QUEUE_STATS] t_ms=28945 q_pkts=29 q_bytes=43616 qdelay_l_ms=1.10123 qdelay_c_ms=20.3817 ecn_mark=1792 drop=0
[QUEUE_STATS] t_ms=28960 q_pkts=31 q_bytes=46624 qdelay_l_ms=1.07087 qdelay_c_ms=21.196 ecn_mark=1793 drop=0
[QUEUE_STATS] t_ms=28976 q_pkts=32 q_bytes=48128 qdelay_l_ms=0.876147 qdelay_c_ms=21.616 ecn_mark=1795 drop=0
[QUEUE_STATS] t_ms=28992 q_pkts=27 q_bytes=40608 qdelay_l_ms=0.827505 qdelay_c_ms=20.9672 ecn_mark=1795 drop=0
[QUEUE_STATS] t_ms=29008 q_pkts=22 q_bytes=33088 qdelay_l_ms=1.06147 qdelay_c_ms=23.1598 ecn_mark=1796 drop=0
[QUEUE_STATS] t_ms=29024 q_pkts=18 q_bytes=27072 qdelay_l_ms=1.00185 qdelay_c_ms=15.8328 ecn_mark=1797 drop=0
[QUEUE_STATS] t_ms=29040 q_pkts=8 q_bytes=12032 qdelay_l_ms=0.995331 qdelay_c_ms=7.72571 ecn_mark=1798 drop=0
[QUEUE_STATS] t_ms=29056 q_pkts=4 q_bytes=6016 qdelay_l_ms=0.993608 qdelay_c_ms=2.94748 ecn_mark=1798 drop=0
[QUEUE_STATS] t_ms=29072 q_pkts=8 q_bytes=12032 qdelay_l_ms=0.996192 qdelay_c_ms=3.14371 ecn_mark=1798 drop=0
[QUEUE_STATS] t_ms=29088 q_pkts=8 q_bytes=12032 qdelay_l_ms=1.0734 qdelay_c_ms=5.11678 ecn_mark=1798 drop=0
[QUEUE_STATS] t_ms=29104 q_pkts=8 q_bytes=12032 qdelay_l_ms=1.07649 qdelay_c_ms=5.08887 ecn_mark=1799 drop=0
[QUEUE_STATS] t_ms=29120 q_pkts=9 q_bytes=13536 qdelay_l_ms=1.09231 qdelay_c_ms=6.86667 ecn_mark=1800 drop=0
[QUEUE_STATS] t_ms=29136 q_pkts=11 q_bytes=16544 qdelay_l_ms=0.971465 qdelay_c_ms=6.18504 ecn_mark=1804 drop=0
[QUEUE_STATS] t_ms=29152 q_pkts=10 q_bytes=15040 qdelay_l_ms=2.11692 qdelay_c_ms=7.00636 ecn_mark=1804 drop=0
[QUEUE_STATS] t_ms=29168 q_pkts=11 q_bytes=16544 qdelay_l_ms=0.857993 qdelay_c_ms=7.13783 ecn_mark=1804 drop=0
[QUEUE_STATS] t_ms=29184 q_pkts=12 q_bytes=18048 qdelay_l_ms=0.975634 qdelay_c_ms=7.09215 ecn_mark=1804 drop=0
[QUEUE_STATS] t_ms=29200 q_pkts=12 q_bytes=18048 qdelay_l_ms=0.95263 qdelay_c_ms=7.90279 ecn_mark=1805 drop=0
[QUEUE_STATS] t_ms=29216 q_pkts=14 q_bytes=21056 qdelay_l_ms=1.09928 qdelay_c_ms=9.24948 ecn_mark=1808 drop=0
[QUEUE_STATS] t_ms=29232 q_pkts=12 q_bytes=18048 qdelay_l_ms=1.08239 qdelay_c_ms=6.06271 ecn_mark=1809 drop=0
[QUEUE_STATS] t_ms=29248 q_pkts=12 q_bytes=18048 qdelay_l_ms=0.972968 qdelay_c_ms=7.96136 ecn_mark=1813 drop=0
[QUEUE_STATS] t_ms=29264 q_pkts=14 q_bytes=21056 qdelay_l_ms=0.967949 qdelay_c_ms=7.88913 ecn_mark=1813 drop=0
[QUEUE_STATS] t_ms=29280 q_pkts=13 q_bytes=19552 qdelay_l_ms=0.978078 qdelay_c_ms=8.53581 ecn_mark=1814 drop=0
[QUEUE_STATS] t_ms=29296 q_pkts=11 q_bytes=16544 qdelay_l_ms=0.974131 qdelay_c_ms=6.89311 ecn_mark=1814 drop=0
[QUEUE_STATS] t_ms=29312 q_pkts=14 q_bytes=21056 qdelay_l_ms=0.967658 qdelay_c_ms=8.01842 ecn_mark=1814 drop=0
[QUEUE_STATS] t_ms=29328 q_pkts=15 q_bytes=22560 qdelay_l_ms=0.964222 qdelay_c_ms=10.0409 ecn_mark=1814 drop=0
[QUEUE_STATS] t_ms=29344 q_pkts=16 q_bytes=24064 qdelay_l_ms=0.970154 qdelay_c_ms=9.79409 ecn_mark=1814 drop=0
[QUEUE_STATS] t_ms=29361 q_pkts=15 q_bytes=22560 qdelay_l_ms=1.07421 qdelay_c_ms=8.48558 ecn_mark=1815 drop=0
[QUEUE_STATS] t_ms=29376 q_pkts=15 q_bytes=22560 qdelay_l_ms=1.88576 qdelay_c_ms=10.9244 ecn_mark=1817 drop=0
[QUEUE_STATS] t_ms=29392 q_pkts=16 q_bytes=24064 qdelay_l_ms=1.07111 qdelay_c_ms=11.5205 ecn_mark=1817 drop=0
[QUEUE_STATS] t_ms=29408 q_pkts=16 q_bytes=24064 qdelay_l_ms=0.959774 qdelay_c_ms=9.97915 ecn_mark=1818 drop=0
[QUEUE_STATS] t_ms=29424 q_pkts=18 q_bytes=27072 qdelay_l_ms=1.11199 qdelay_c_ms=11.1908 ecn_mark=1818 drop=0
[QUEUE_STATS] t_ms=29440 q_pkts=16 q_bytes=24064 qdelay_l_ms=0.969913 qdelay_c_ms=8.76219 ecn_mark=1819 drop=0
[QUEUE_STATS] t_ms=29456 q_pkts=16 q_bytes=24064 qdelay_l_ms=0.800424 qdelay_c_ms=12.0949 ecn_mark=1819 drop=0
[QUEUE_STATS] t_ms=29472 q_pkts=16 q_bytes=24064 qdelay_l_ms=1.08358 qdelay_c_ms=10.9432 ecn_mark=1819 drop=0
[QUEUE_STATS] t_ms=29488 q_pkts=17 q_bytes=25568 qdelay_l_ms=0.945066 qdelay_c_ms=8.0425 ecn_mark=1820 drop=0
[QUEUE_STATS] t_ms=29504 q_pkts=18 q_bytes=27072 qdelay_l_ms=1.06753 qdelay_c_ms=13.2735 ecn_mark=1821 drop=0
[QUEUE_STATS] t_ms=29520 q_pkts=18 q_bytes=27072 qdelay_l_ms=1.07507 qdelay_c_ms=14.7761 ecn_mark=1821 drop=0
[QUEUE_STATS] t_ms=29536 q_pkts=15 q_bytes=22560 qdelay_l_ms=0.976405 qdelay_c_ms=9.02367 ecn_mark=1821 drop=0
[QUEUE_STATS] t_ms=29552 q_pkts=18 q_bytes=27072 qdelay_l_ms=1.09131 qdelay_c_ms=14.5791 ecn_mark=1821 drop=0
[QUEUE_STATS] t_ms=29568 q_pkts=20 q_bytes=30080 qdelay_l_ms=0.929267 qdelay_c_ms=13.9031 ecn_mark=1822 drop=0
[QUEUE_STATS] t_ms=29584 q_pkts=17 q_bytes=25568 qdelay_l_ms=0.970945 qdelay_c_ms=12.9754 ecn_mark=1823 drop=0
[QUEUE_STATS] t_ms=29600 q_pkts=18 q_bytes=27072 qdelay_l_ms=0.953312 qdelay_c_ms=15.0193 ecn_mark=1823 drop=0
[QUEUE_STATS] t_ms=29616 q_pkts=17 q_bytes=25568 qdelay_l_ms=1.07293 qdelay_c_ms=7.05602 ecn_mark=1824 drop=0
[QUEUE_STATS] t_ms=29632 q_pkts=16 q_bytes=24064 qdelay_l_ms=0.955395 qdelay_c_ms=14.8675 ecn_mark=1824 drop=0
[QUEUE_STATS] t_ms=29648 q_pkts=20 q_bytes=30080 qdelay_l_ms=0.939606 qdelay_c_ms=15.0161 ecn_mark=1824 drop=0
[QUEUE_STATS] t_ms=29664 q_pkts=19 q_bytes=28576 qdelay_l_ms=0.956517 qdelay_c_ms=9.79592 ecn_mark=1824 drop=0
[QUEUE_STATS] t_ms=29680 q_pkts=20 q_bytes=30080 qdelay_l_ms=0.498777 qdelay_c_ms=13.8219 ecn_mark=1826 drop=0
[QUEUE_STATS] t_ms=29696 q_pkts=20 q_bytes=30080 qdelay_l_ms=0.928545 qdelay_c_ms=16.4899 ecn_mark=1828 drop=0
[QUEUE_STATS] t_ms=29712 q_pkts=20 q_bytes=30080 qdelay_l_ms=0.949034 qdelay_c_ms=14.8738 ecn_mark=1828 drop=0
[QUEUE_STATS] t_ms=29728 q_pkts=19 q_bytes=28576 qdelay_l_ms=1.08547 qdelay_c_ms=15.9636 ecn_mark=1831 drop=0
[QUEUE_STATS] t_ms=29744 q_pkts=20 q_bytes=30080 qdelay_l_ms=0.951388 qdelay_c_ms=10.012 ecn_mark=1832 drop=0
[QUEUE_STATS] t_ms=29760 q_pkts=20 q_bytes=30080 qdelay_l_ms=0.945456 qdelay_c_ms=16.784 ecn_mark=1833 drop=0
[QUEUE_STATS] t_ms=29776 q_pkts=19 q_bytes=28576 qdelay_l_ms=1.06217 qdelay_c_ms=15.1809 ecn_mark=1835 drop=0
[QUEUE_STATS] t_ms=29792 q_pkts=22 q_bytes=33088 qdelay_l_ms=1.09587 qdelay_c_ms=13.178 ecn_mark=1835 drop=0
[QUEUE_STATS] t_ms=29808 q_pkts=23 q_bytes=34592 qdelay_l_ms=1.09117 qdelay_c_ms=18.229 ecn_mark=1835 drop=0
[QUEUE_STATS] t_ms=29824 q_pkts=17 q_bytes=25568 qdelay_l_ms=1.07099 qdelay_c_ms=14.6859 ecn_mark=1836 drop=0
[QUEUE_STATS] t_ms=29840 q_pkts=22 q_bytes=33088 qdelay_l_ms=0.947841 qdelay_c_ms=15.8397 ecn_mark=1838 drop=0
[QUEUE_STATS] t_ms=29856 q_pkts=21 q_bytes=31584 qdelay_l_ms=1.08824 qdelay_c_ms=16.9315 ecn_mark=1839 drop=0
[QUEUE_STATS] t_ms=29872 q_pkts=23 q_bytes=34592 qdelay_l_ms=1.05604 qdelay_c_ms=17.1672 ecn_mark=1839 drop=0
[QUEUE_STATS] t_ms=29888 q_pkts=23 q_bytes=34592 qdelay_l_ms=0.945938 qdelay_c_ms=18.0122 ecn_mark=1839 drop=0
[QUEUE_STATS] t_ms=29904 q_pkts=23 q_bytes=34592 qdelay_l_ms=1