[QUEUE_STATS] t_ms=32 q_pkts=0 q_bytes=0 qdelay_l_ms=0 qdelay_c_ms=0 ecn_mark=0 drop=0
[QUEUE_STATS] t_ms=94 q_pkts=0 q_bytes=0 qdelay_l_ms=0 qdelay_c_ms=0 ecn_mark=0 drop=0
[QUEUE_STATS] t_ms=137 q_pkts=0 q_bytes=0 qdelay_l_ms=0 qdelay_c_ms=0 ecn_mark=0 drop=0
[QUEUE_STATS] t_ms=179 q_pkts=0 q_bytes=0 qdelay_l_ms=0 qdelay_c_ms=0 ecn_mark=0 drop=0
[QUEUE_STATS] t_ms=222 q_pkts=0 q_bytes=0 qdelay_l_ms=0 qdelay_c_ms=0 ecn_mark=0 drop=0
[QUEUE_STATS] t_ms=265 q_pkts=0 q_bytes=0 qdelay_l_ms=0 qdelay_c_ms=0 ecn_mark=0 drop=0
[QUEUE_STATS] t_ms=308 q_pkts=0 q_bytes=0 qdelay_l_ms=0 qdelay_c_ms=0 ecn_mark=0 drop=0
[QUEUE_STATS] t_ms=350 q_pkts=0 q_bytes=0 qdelay_l_ms=0 qdelay_c_ms=0 ecn_mark=0 drop=0
[QUEUE_STATS] t_ms=352 q_pkts=1 q_bytes=1504 qdelay_l_ms=1.05614 qdelay_c_ms=0 ecn_mark=0 drop=0
[QUEUE_STATS] t_ms=368 q_pkts=1 q_bytes=1504 qdelay_l_ms=1.05841 qdelay_c_ms=0 ecn_mark=0 drop=0
[QUEUE_STATS] t_ms=392 q_pkts=0 q_bytes=0 qdelay_l_ms=0 qdelay_c_ms=0 ecn_mark=0 drop=0
[QUEUE_STATS] t_ms=400 q_pkts=20 q_bytes=30080 qdelay_l_ms=1.04662 qdelay_c_ms=3.68888 ecn_mark=0 drop=0
[QUEUE_STATS] t_ms=416 q_pkts=2 q_bytes=3008 qdelay_l_ms=1.07087 qdelay_c_ms=0 ecn_mark=0 drop=0
[QUEUE_STATS] t_ms=434 q_pkts=0 q_bytes=0 qdelay_l_ms=0 qdelay_c_ms=0 ecn_mark=0 drop=0
[QUEUE_STATS] t_ms=448 q_pkts=41 q_bytes=61664 qdelay_l_ms=1.06067 qdelay_c_ms=8.59922 ecn_mark=0 drop=0
[QUEUE_STATS] t_ms=464 q_pkts=38 q_bytes=57152 qdelay_l_ms=2.13793 qdelay_c_ms=19.8474 ecn_mark=0 drop=0
[QUEUE_STATS] t_ms=480 q_pkts=7 q_bytes=10528 qdelay_l_ms=0.884402 qdelay_c_ms=0.876097 ecn_mark=0 drop=0
[QUEUE_STATS] t_ms=496 q_pkts=43 q_bytes=64672 qdelay_l_ms=4.35909 qdelay_c_ms=14.9141 ecn_mark=0 drop=0
[QUEUE_STATS] t_ms=512 q_pkts=87 q_bytes=129424 qdelay_l_ms=10.8321 qdelay_c_ms=27.3087 ecn_mark=0 drop=0
[QUEUE_STATS] t_ms=528 q_pkts=96 q_bytes=142960 qdelay_l_ms=6.58527 qdelay_c_ms=40.3436 ecn_mark=32 drop=0
[QUEUE_STATS] t_ms=544 q_pkts=160 q_bytes=239216 qdelay_l_ms=14.0334 qdelay_c_ms=49.4534 ecn_mark=57 drop=0
[QUEUE_STATS] t_ms=560 q_pkts=166 q_bytes=248240 qdelay_l_ms=20.8991 qdelay_c_ms=63.8404 ecn_mark=116 drop=0
[QUEUE_STATS] t_ms=576 q_pkts=120 q_bytes=180480 qdelay_l_ms=29.4318 qdelay_c_ms=70.523 ecn_mark=173 drop=0
[QUEUE_STATS] t_ms=592 q_pkts=55 q_bytes=82720 qdelay_l_ms=0 qdelay_c_ms=84.1862 ecn_mark=231 drop=0
[QUEUE_STATS] t_ms=608 q_pkts=32 q_bytes=48128 qdelay_l_ms=0.993999 qdelay_c_ms=66.1028 ecn_mark=231 drop=0
[QUEUE_STATS] t_ms=624 q_pkts=6 q_bytes=9024 qdelay_l_ms=1.08193 qdelay_c_ms=6.89702 ecn_mark=231 drop=0
[QUEUE_STATS] t_ms=640 q_pkts=12 q_bytes=18048 qdelay_l_ms=1.06689 qdelay_c_ms=5.20102 ecn_mark=231 drop=0
[QUEUE_STATS] t_ms=656 q_pkts=19 q_bytes=28576 qdelay_l_ms=0.269016 qdelay_c_ms=9.06312 ecn_mark=231 drop=0
[QUEUE_STATS] t_ms=672 q_pkts=4 q_bytes=6016 qdelay_l_ms=1.05789 qdelay_c_ms=1.05239 ecn_mark=231 drop=0
[QUEUE_STATS] t_ms=688 q_pkts=3 q_bytes=4512 qdelay_l_ms=1.02089 qdelay_c_ms=1.01105 ecn_mark=231 drop=0
[QUEUE_STATS] t_ms=704 q_pkts=15 q_bytes=22560 qdelay_l_ms=1.03496 qdelay_c_ms=3.08607 ecn_mark=231 drop=0
[QUEUE_STATS] t_ms=720 q_pkts=5 q_bytes=7520 qdelay_l_ms=0.940858 qdelay_c_ms=2.04689 ecn_mark=231 drop=0
[QUEUE_STATS] t_ms=736 q_pkts=6 q_bytes=9024 qdelay_l_ms=1.06913 qdelay_c_ms=1.06293 ecn_mark=232 drop=0
[QUEUE_STATS] t_ms=752 q_pkts=7 q_bytes=10528 qdelay_l_ms=1.09926 qdelay_c_ms=2.10948 ecn_mark=232 drop=0
[QUEUE_STATS] t_ms=768 q_pkts=8 q_bytes=12032 qdelay_l_ms=1.09408 qdelay_c_ms=4.33401 ecn_mark=232 drop=0
[QUEUE_STATS] t_ms=784 q_pkts=3 q_bytes=4512 qdelay_l_ms=0.800745 qdelay_c_ms=0.791367 ecn_mark=232 drop=0
[QUEUE_STATS] t_ms=800 q_pkts=6 q_bytes=9024 qdelay_l_ms=0.814561 qdelay_c_ms=1.68513 ecn_mark=232 drop=0
[QUEUE_STATS] t_ms=816 q_pkts=5 q_bytes=7520 qdelay_l_ms=1.08402 qdelay_c_ms=1.07353 ecn_mark=232 drop=0
[QUEUE_STATS] t_ms=832 q_pkts=2 q_bytes=3008 qdelay_l_ms=0 qdelay_c_ms=0.944766 ecn_mark=232 drop=0
[QUEUE_STATS] t_ms=848 q_pkts=7 q_bytes=10528 qdelay_l_ms=0.748857 qdelay_c_ms=0.794122 ecn_mark=232 drop=0
[QUEUE_STATS] t_ms=864 q_pkts=3 q_bytes=4512 qdelay_l_ms=0.794012 qdelay_c_ms=0.78785 ecn_mark=232 drop=0
[QUEUE_STATS] t_ms=880 q_pkts=5 q_bytes=7520 qdelay_l_ms=1.06525 qdelay_c_ms=2.16772 ecn_mark=232 drop=0
[QUEUE_STATS] t_ms=896 q_pkts=7 q_bytes=10528 qdelay_l_ms=1.10451 qdelay_c_ms=1.85748 ecn_mark=232 drop=0
[QUEUE_STATS] t_ms=912 q_pkts=4 q_bytes=6016 qdelay_l_ms=1.09248 qdelay_c_ms=1.08657 ecn_mark=232 drop=0
[QUEUE_STATS] t_ms=928 q_pkts=4 q_bytes=6016 qdelay_l_ms=1.10975 qdelay_c_ms=1.09814 ecn_mark=232 drop=0
[QUEUE_STATS] t_ms=944 q_pkts=5 q_bytes=7520 qdelay_l_ms=1.06739 qdelay_c_ms=1.92785 ecn_mark=232 drop=0
[QUEUE_STATS] t_ms=960 q_pkts=5 q_bytes=7520 qdelay_l_ms=0.745581 qdelay_c_ms=1.85326 ecn_mark=232 drop=0
[QUEUE_STATS] t_ms=976 q_pkts=5 q_bytes=7520 qdelay_l_ms=1.06572 qdelay_c_ms=1.83923 ecn_mark=232 drop=0
[QUEUE_STATS] t_ms=992 q_pkts=8 q_bytes=12032 qdelay_l_ms=1.05898 qdelay_c_ms=2.15567 ecn_mark=232 drop=0
[QUEUE_STATS] t_ms=1008 q_pkts=8 q_bytes=12032 qdelay_l_ms=1.12565 qdelay_c_ms=1.11448 ecn_mark=232 drop=0
[QUEUE_STATS] t_ms=1024 q_pkts=11 q_bytes=16544 qdelay_l_ms=0.693794 qdelay_c_ms=2.91625 ecn_mark=232 drop=0
[QUEUE_STATS] t_ms=1040 q_pkts=9 q_bytes=13536 qdelay_l_ms=0.375806 qdelay_c_ms=4.72733 ecn_mark=232 drop=0
[QUEUE_STATS] t_ms=1056 q_pkts=9 q_bytes=13536 qdelay_l_ms=0.720103 qdelay_c_ms=2.84028 ecn_mark=232 drop=0
[QUEUE_STATS] t_ms=1072 q_pkts=10 q_bytes=15040 qdelay_l_ms=1.10536 qdelay_c_ms=4.32271 ecn_mark=232 drop=0
[QUEUE_STATS] t_ms=1088 q_pkts=15 q_bytes=22560 qdelay_l_ms=1.0357 qdelay_c_ms=4.34992 ecn_mark=232 drop=0
[QUEUE_STATS] t_ms=1104 q_pkts=15 q_bytes=22560 qdelay_l_ms=0.988669 qdelay_c_ms=4.92256 ecn_mark=232 drop=0
[QUEUE_STATS] t_ms=1120 q_pkts=18 q_bytes=27072 qdelay_l_ms=0.95251 qdelay_c_ms=6.34403 ecn_mark=232 drop=0
[QUEUE_STATS] t_ms=1136 q_pkts=23 q_bytes=34592 qdelay_l_ms=0.925199 qdelay_c_ms=6.70158 ecn_mark=232 drop=0
[QUEUE_STATS] t_ms=1152 q_pkts=24 q_bytes=36096 qdelay_l_ms=0.94692 qdelay_c_ms=7.86142 ecn_mark=232 drop=0
[QUEUE_STATS] t_ms=1168 q_pkts=26 q_bytes=39104 qdelay_l_ms=1.09349 qdelay_c_ms=8.47998 ecn_mark=232 drop=0
[QUEUE_STATS] t_ms=1184 q_pkts=29 q_bytes=43616 qdelay_l_ms=0.927614 qdelay_c_ms=9.56112 ecn_mark=232 drop=0
[QUEUE_STATS] t_ms=1200 q_pkts=31 q_bytes=46624 qdelay_l_ms=1.09432 qdelay_c_ms=10.868 ecn_mark=232 drop=0
[QUEUE_STATS] t_ms=1216 q_pkts=34 q_bytes=51136 qdelay_l_ms=0.401555 qdelay_c_ms=10.4844 ecn_mark=232 drop=0
[QUEUE_STATS] t_ms=1232 q_pkts=40 q_bytes=60160 qdelay_l_ms=1.10717 qdelay_c_ms=11.8284 ecn_mark=232 drop=0
[QUEUE_STATS] t_ms=1248 q_pkts=41 q_bytes=61664 qdelay_l_ms=0.873491 qdelay_c_ms=13.9191 ecn_mark=232 drop=0
[QUEUE_STATS] t_ms=1264 q_pkts=42 q_bytes=63168 qdelay_l_ms=0.851621 qdelay_c_ms=14.8713 ecn_mark=232 drop=0
[QUEUE_STATS] t_ms=1280 q_pkts=47 q_bytes=70688 qdelay_l_ms=0.858353 qdelay_c_ms=14.7368 ecn_mark=232 drop=0
[QUEUE_STATS] t_ms=1296 q_pkts=48 q_bytes=72192 qdelay_l_ms=1.06724 qdelay_c_ms=16.897 ecn_mark=232 drop=0
[QUEUE_STATS] t_ms=1312 q_pkts=51 q_bytes=76704 qdelay_l_ms=1.10085 qdelay_c_ms=17.4273 ecn_mark=232 drop=0
[QUEUE_STATS] t_ms=1328 q_pkts=55 q_bytes=82720 qdelay_l_ms=1.11448 qdelay_c_ms=17.7198 ecn_mark=232 drop=0
[QUEUE_STATS] t_ms=1344 q_pkts=54 q_bytes=81216 qdelay_l_ms=1.06451 qdelay_c_ms=20.2411 ecn_mark=232 drop=0
[QUEUE_STATS] t_ms=1360 q_pkts=57 q_bytes=85728 qdelay_l_ms=1.1026 qdelay_c_ms=19.8688 ecn_mark=232 drop=0
[QUEUE_STATS] t_ms=1376 q_pkts=63 q_bytes=94752 qdelay_l_ms=0.945567 qdelay_c_ms=20.1114 ecn_mark=232 drop=0
[QUEUE_STATS] t_ms=1392 q_pkts=63 q_bytes=94752 qdelay_l_ms=0.621749 qdelay_c_ms=21.5806 ecn_mark=232 drop=0
[QUEUE_STATS] t_ms=1408 q_pkts=66 q_bytes=99264 qdelay_l_ms=1.07294 qdelay_c_ms=22.0845 ecn_mark=232 drop=0
[QUEUE_STATS] t_ms=1424 q_pkts=67 q_bytes=100768 qdelay_l_ms=1.06679 qdelay_c_ms=24.1761 ecn_mark=232 drop=0
[QUEUE_STATS] t_ms=1440 q_pkts=70 q_bytes=105280 qdelay_l_ms=0.736525 qdelay_c_ms=24.3602 ecn_mark=232 drop=0
[QUEUE_STATS] t_ms=1456 q_pkts=73 q_bytes=109792 qdelay_l_ms=1.0821 qdelay_c_ms=25.2963 ecn_mark=232 drop=0
[QUEUE_STATS] t_ms=1472 q_pkts=78 q_bytes=117312 qdelay_l_ms=1.09678 qdelay_c_ms=26.3267 ecn_mark=232 drop=0
[QUEUE_STATS] t_ms=1488 q_pkts=77 q_bytes=115808 qdelay_l_ms=0.811375 qdelay_c_ms=28.0235 ecn_mark=232 drop=0
[QUEUE_STATS] t_ms=1504 q_pkts=78 q_bytes=117312 qdelay_l_ms=1.06482 qdelay_c_ms=28.1063 ecn_mark=232 drop=0
[QUEUE_STATS] t_ms=1520 q_pkts=85 q_bytes=127840 qdelay_l_ms=0.327145 qdelay_c_ms=29.8191 ecn_mark=232 drop=0
[QUEUE_STATS] t_ms=1536 q_pkts=87 q_bytes=130848 qdelay_l_ms=1.08116 qdelay_c_ms=29.6608 ecn_mark=232 drop=0
[QUEUE_STATS] t_ms=1552 q_pkts=87 q_bytes=130848 qdelay_l_ms=1.06375 qdelay_c_ms=31.0499 ecn_mark=232 drop=0
[QUEUE_STATS] t_ms=1568 q_pkts=92 q_bytes=138368 qdelay_l_ms=0.854125 qdelay_c_ms=33.0699 ecn_mark=232 drop=0
[QUEUE_STATS] t_ms=1584 q_pkts=92 q_bytes=138368 qdelay_l_ms=0.736274 qdelay_c_ms=33.7506 ecn_mark=232 drop=0
[QUEUE_STATS] t_ms=1600 q_pkts=95 q_bytes=142880 qdelay_l_ms=1.07311 qdelay_c_ms=34.9596 ecn_mark=232 drop=0
[QUEUE_STATS] t_ms=1616 q_pkts=98 q_bytes=147392 qdelay_l_ms=1.0816 qdelay_c_ms=37.0023 ecn_mark=232 drop=0
[QUEUE_STATS] t_ms=1632 q_pkts=99 q_bytes=148896 qdelay_l_ms=0.717839 qdelay_c_ms=35.5521 ecn_mark=232 drop=0
[QUEUE_STATS] t_ms=1648 q_pkts=101 q_bytes=151904 qdelay_l_ms=1.0731 qdelay_c_ms=37.7281 ecn_mark=232 drop=0
[QUEUE_STATS] t_ms=1664 q_pkts=106 q_bytes=159424 qdelay_l_ms=0.579349 qdelay_c_ms=39.006 ecn_mark=232 drop=0
[QUEUE_STATS] t_ms=1680 q_pkts=108 q_bytes=162432 qdelay_l_ms=1.06048 qdelay_c_ms=40.3193 ecn_mark=232 drop=0
[QUEUE_STATS] t_ms=1696 q_pkts=110 q_bytes=165440 qdelay_l_ms=0.628852 qdelay_c_ms=39.6221 ecn_mark=232 drop=0
[QUEUE_STATS] t_ms=1712 q_pkts=111 q_bytes=166944 qdelay_l_ms=1.08668 qdelay_c_ms=42.0096 ecn_mark=232 drop=0
[QUEUE_STATS] t_ms=1728 q_pkts=115 q_bytes=172960 qdelay_l_ms=1.07133 qdelay_c_ms=43.5143 ecn_mark=232 drop=0
[QUEUE_STATS] t_ms=1744 q_pkts=116 q_bytes=174464 qdelay_l_ms=0 qdelay_c_ms=43.954 ecn_mark=232 drop=0
[QUEUE_STATS] t_ms=1760 q_pkts=121 q_bytes=181984 qdelay_l_ms=1.09947 qdelay_c_ms=43.8229 ecn_mark=232 drop=0
[QUEUE_STATS] t_ms=1776 q_pkts=122 q_bytes=183488 qdelay_l_ms=1.0812 qdelay_c_ms=45.7855 ecn_mark=232 drop=0
[QUEUE_STATS] t_ms=1792 q_pkts=126 q_bytes=189504 qdelay_l_ms=1.10725 qdelay_c_ms=47.2025 ecn_mark=232 drop=0
[QUEUE_STATS] t_ms=1808 q_pkts=126 q_bytes=189504 qdelay_l_ms=1.0683 qdelay_c_ms=49.1668 ecn_mark=232 drop=0
[QUEUE_STATS] t_ms=1824 q_pkts=128 q_bytes=192512 qdelay_l_ms=1.06545 qdelay_c_ms=48.6558 ecn_mark=232 drop=0
[QUEUE_STATS] t_ms=1840 q_pkts=131 q_bytes=197024 qdelay_l_ms=1.07253 qdelay_c_ms=49.2162 ecn_mark=232 drop=0
[QUEUE_STATS] t_ms=1856 q_pkts=135 q_bytes=203040 qdelay_l_ms=1.07667 qdelay_c_ms=51.547 ecn_mark=232 drop=0
[QUEUE_STATS] t_ms=1872 q_pkts=134 q_bytes=201536 qdelay_l_ms=1.07929 qdelay_c_ms=52.1524 ecn_mark=232 drop=0
[QUEUE_STATS] t_ms=1888 q_pkts=137 q_bytes=206048 qdelay_l_ms=1.07844 qdelay_c_ms=53.2768 ecn_mark=232 drop=0
[QUEUE_STATS] t_ms=1904 q_pkts=139 q_bytes=209056 qdelay_l_ms=1.11615 qdelay_c_ms=54.9396 ecn_mark=232 drop=0
[QUEUE_STATS] t_ms=1920 q_pkts=142 q_bytes=213568 qdelay_l_ms=1.06385 qdelay_c_ms=55.8843 ecn_mark=232 drop=0
[QUEUE_STATS] t_ms=1936 q_pkts=143 q_bytes=215072 qdelay_l_ms=1.06622 qdelay_c_ms=56.7935 ecn_mark=232 drop=0
[QUEUE_STATS] t_ms=1952 q_pkts=146 q_bytes=219584 qdelay_l_ms=1.09413 qdelay_c_ms=58.0118 ecn_mark=232 drop=0
[QUEUE_STATS] t_ms=1968 q_pkts=149 q_bytes=224096 qdelay_l_ms=1.06661 qdelay_c_ms=57.9429 ecn_mark=232 drop=0
[QUEUE_STATS] t_ms=1984 q_pkts=151 q_bytes=227104 qdelay_l_ms=1.04679 qdelay_c_ms=60.7847 ecn_mark=232 drop=0
[QUEUE_STATS] t_ms=2000 q_pkts=154 q_bytes=231616 qdelay_l_ms=1.03572 qdelay_c_ms=61.016 ecn_mark=232 drop=0
[QUEUE_STATS] t_ms=2016 q_pkts=155 q_bytes=233120 qdelay_l_ms=1.03742 qdelay_c_ms=61.2114 ecn_mark=232 drop=0
[QUEUE_STATS] t_ms=2032 q_pkts=158 q_bytes=237632 qdelay_l_ms=1.09576 qdelay_c_ms=63.0049 ecn_mark=232 drop=0
[QUEUE_STATS] t_ms=2048 q_pkts=162 q_bytes=243648 qdelay_l_ms=1.01656 qdelay_c_ms=63.8644 ecn_mark=232 drop=0
[QUEUE_STATS] t_ms=2064 q_pkts=162 q_bytes=243648 qdelay_l_ms=1.00784 qdelay_c_ms=64.0456 ecn_mark=232 drop=0
[QUEUE_STATS] t_ms=2080 q_pkts=165 q_bytes=248160 qdelay_l_ms=1.01982 qdelay_c_ms=67.9971 ecn_mark=232 drop=0
[QUEUE_STATS] t_ms=2096 q_pkts=169 q_bytes=254176 qdelay_l_ms=1.00228 qdelay_c_ms=68.229 ecn_mark=232 drop=0
[QUEUE_STATS] t_ms=2112 q_pkts=169 q_bytes=254176 qdelay_l_ms=0.999718 qdelay_c_ms=68.3689 ecn_mark=232 drop=0
[QUEUE_STATS] t_ms=2128 q_pkts=172 q_bytes=258688 qdelay_l_ms=0.995641 qdelay_c_ms=70.8162 ecn_mark=232 drop=0
[QUEUE_STATS] t_ms=2144 q_pkts=176 q_bytes=264704 qdelay_l_ms=1.03186 qdelay_c_ms=69.9484 ecn_mark=232 drop=0
[QUEUE_STATS] t_ms=2160 q_pkts=178 q_bytes=267712 qdelay_l_ms=0.748156 qdelay_c_ms=70.8271 ecn_mark=232 drop=0
[QUEUE_STATS] t_ms=2176 q_pkts=178 q_bytes=267712 qdelay_l_ms=0.98996 qdelay_c_ms=74.799 ecn_mark=234 drop=0
[QUEUE_STATS] t_ms=2192 q_pkts=181 q_bytes=272224 qdelay_l_ms=1.02188 qdelay_c_ms=73.7997 ecn_mark=234 drop=0
[QUEUE_STATS] t_ms=2208 q_pkts=180 q_bytes=270720 qdelay_l_ms=0.774065 qdelay_c_ms=75.2345 ecn_mark=234 drop=0
[QUEUE_STATS] t_ms=2224 q_pkts=182 q_bytes=273728 qdelay_l_ms=0 qdelay_c_ms=76.7363 ecn_mark=235 drop=0
[QUEUE_STATS] t_ms=2240 q_pkts=184 q_bytes=276736 qdelay_l_ms=0.863373 qdelay_c_ms=75.7391 ecn_mark=235 drop=0
[QUEUE_STATS] t_ms=2256 q_pkts=187 q_bytes=281248 qdelay_l_ms=0.284445 qdelay_c_ms=76.885 ecn_mark=235 drop=0
[QUEUE_STATS] t_ms=2272 q_pkts=188 q_bytes=282752 qdelay_l_ms=1.05009 qdelay_c_ms=77.1049 ecn_mark=235 drop=0
[QUEUE_STATS] t_ms=2288 q_pkts=187 q_bytes=281248 qdelay_l_ms=1.09627 qdelay_c_ms=76.7815 ecn_mark=235 drop=0
[QUEUE_STATS] t_ms=2304 q_pkts=187 q_bytes=281248 qdelay_l_ms=1.02689 qdelay_c_ms=78.0567 ecn_mark=235 drop=0
[QUEUE_STATS] t_ms=2320 q_pkts=192 q_bytes=288768 qdelay_l_ms=1.0035 qdelay_c_ms=76.613 ecn_mark=235 drop=0
[QUEUE_STATS] t_ms=2336 q_pkts=196 q_bytes=294784 qdelay_l_ms=1.08989 qdelay_c_ms=79.6176 ecn_mark=235 drop=0
[QUEUE_STATS] t_ms=2352 q_pkts=198 q_bytes=297792 qdelay_l_ms=1.02583 qdelay_c_ms=80.9872 ecn_mark=235 drop=0
[QUEUE_STATS] t_ms=2368 q_pkts=200 q_bytes=300800 qdelay_l_ms=1.01433 qdelay_c_ms=79.8826 ecn_mark=235 drop=0
[QUEUE_STATS] t_ms=2384 q_pkts=201 q_bytes=302304 qdelay_l_ms=1.09451 qdelay_c_ms=79.3449 ecn_mark=235 drop=0
[QUEUE_STATS] t_ms=2400 q_pkts=203 q_bytes=305312 qdelay_l_ms=1.00636 qdelay_c_ms=83.1251 ecn_mark=235 drop=0
[QUEUE_STATS] t_ms=2416 q_pkts=206 q_bytes=309824 qdelay_l_ms=1.00128 qdelay_c_ms=83.8998 ecn_mark=235 drop=0
[QUEUE_STATS] t_ms=2432 q_pkts=209 q_bytes=314336 qdelay_l_ms=1.11317 qdelay_c_ms=84.6348 ecn_mark=235 drop=0
[QUEUE_STATS] t_ms=2448 q_pkts=209 q_bytes=314336 qdelay_l_ms=0.27136 qdelay_c_ms=86.9155 ecn_mark=235 drop=0
[QUEUE_STATS] t_ms=2464 q_pkts=213 q_bytes=320352 qdelay_l_ms=0.985732 qdelay_c_ms=87.9736 ecn_mark=235 drop=0
[QUEUE_STATS] t_ms=2480 q_pkts=217 q_bytes=326368 qdelay_l_ms=0.987115 qdelay_c_ms=89.055 ecn_mark=235 drop=0
[QUEUE_STATS] t_ms=2496 q_pkts=217 q_bytes=326368 qdelay_l_ms=1.05259 qdelay_c_ms=91.044 ecn_mark=235 drop=0
[QUEUE_STATS] t_ms=2512 q_pkts=217 q_bytes=326368 qdelay_l_ms=0.964503 qdelay_c_ms=91.0408 ecn_mark=235 drop=0
[QUEUE_STATS] t_ms=2528 q_pkts=222 q_bytes=333888 qdelay_l_ms=1.04083 qdelay_c_ms=93.2313 ecn_mark=235 drop=0
[QUEUE_STATS] t_ms=2544 q_pkts=224 q_bytes=336896 qdelay_l_ms=0.913968 qdelay_c_ms=94.0644 ecn_mark=235 drop=0
[QUEUE_STATS] t_ms=2560 q_pkts=225 q_bytes=338400 qdelay_l_ms=1.06709 qdelay_c_ms=95.0665 ecn_mark=235 drop=0
[QUEUE_STATS] t_ms=2576 q_pkts=227 q_bytes=341408 qdelay_l_ms=1.08157 qdelay_c_ms=97.3206 ecn_mark=235 drop=0
[QUEUE_STATS] t_ms=2592 q_pkts=231 q_bytes=347424 qdelay_l_ms=0.941098 qdelay_c_ms=96.8723 ecn_mark=235 drop=0
[QUEUE_STATS] t_ms=2608 q_pkts=232 q_bytes=348928 qdelay_l_ms=1.07018 qdelay_c_ms=98.9849 ecn_mark=235 drop=0
[QUEUE_STATS] t_ms=2624 q_pkts=236 q_bytes=354944 qdelay_l_ms=0.939095 qdelay_c_ms=99.8466 ecn_mark=235 drop=0
[QUEUE_STATS] t_ms=2640 q_pkts=237 q_bytes=356448 qdelay_l_ms=0.938404 qdelay_c_ms=100.906 ecn_mark=236 drop=0
[QUEUE_STATS] t_ms=2656 q_pkts=238 q_bytes=357952 qdelay_l_ms=0.943313 qdelay_c_ms=103.745 ecn_mark=236 drop=0
[QUEUE_STATS] t_ms=2672 q_pkts=242 q_bytes=363968 qdelay_l_ms=0.9472 qdelay_c_ms=105.051 ecn_mark=237 drop=0
[QUEUE_STATS] t_ms=2688 q_pkts=242 q_bytes=363968 qdelay_l_ms=1.0803 qdelay_c_ms=103.166 ecn_mark=237 drop=0
[QUEUE_STATS] t_ms=2704 q_pkts=242 q_bytes=363968 qdelay_l_ms=0.925159 qdelay_c_ms=106.839 ecn_mark=237 drop=0
[QUEUE_STATS] t_ms=2720 q_pkts=246 q_bytes=367064 qdelay_l_ms=0.935979 qdelay_c_ms=106.781 ecn_mark=237 drop=0
[QUEUE_STATS] t_ms=2736 q_pkts=249 q_bytes=371576 qdelay_l_ms=1.06025 qdelay_c_ms=106.846 ecn_mark=239 drop=0
[QUEUE_STATS] t_ms=2752 q_pkts=250 q_bytes=373080 qdelay_l_ms=1.09505 qdelay_c_ms=110.18 ecn_mark=239 drop=0
[QUEUE_STATS] t_ms=2768 q_pkts=252 q_bytes=376088 qdelay_l_ms=0.949835 qdelay_c_ms=109.96 ecn_mark=239 drop=0
[QUEUE_STATS] t_ms=2784 q_pkts=253 q_bytes=377592 qdelay_l_ms=1.07141 qdelay_c_ms=108.985 ecn_mark=239 drop=0
[QUEUE_STATS] t_ms=2800 q_pkts=256 q_bytes=382104 qdelay_l_ms=1.10517 qdelay_c_ms=111.801 ecn_mark=239 drop=0
[QUEUE_STATS] t_ms=2816 q_pkts=260 q_bytes=388120 qdelay_l_ms=0 qdelay_c_ms=112.152 ecn_mark=239 drop=0
[QUEUE_STATS] t_ms=2832 q_pkts=258 q_bytes=388032 qdelay_l_ms=1.07314 qdelay_c_ms=112.198 ecn_mark=239 drop=0
[QUEUE_STATS] t_ms=2848 q_pkts=260 q_bytes=391040 qdelay_l_ms=1.0732 qdelay_c_ms=116.167 ecn_mark=240 drop=0
[QUEUE_STATS] t_ms=2864 q_pkts=262 q_bytes=394048 qdelay_l_ms=1.05996 qdelay_c_ms=113.975 ecn_mark=240 drop=0
[QUEUE_STATS] t_ms=2880 q_pkts=262 q_bytes=394048 qdelay_l_ms=1.06669 qdelay_c_ms=116.068 ecn_mark=240 drop=0
[QUEUE_STATS] t_ms=2896 q_pkts=265 q_bytes=398560 qdelay_l_ms=0.928785 qdelay_c_ms=116.863 ecn_mark=240 drop=0
[QUEUE_STATS] t_ms=2912 q_pkts=269 q_bytes=404576 qdelay_l_ms=1.08254 qdelay_c_ms=116.995 ecn_mark=240 drop=0
[QUEUE_STATS] t_ms=2928 q_pkts=269 q_bytes=404576 qdelay_l_ms=1.08397 qdelay_c_ms=119.356 ecn_mark=240 drop=0
[QUEUE_STATS] t_ms=2944 q_pkts=271 q_bytes=407584 qdelay_l_ms=0.912766 qdelay_c_ms=121.906 ecn_mark=240 drop=0
[QUEUE_STATS] t_ms=2960 q_pkts=272 q_bytes=409088 qdelay_l_ms=0.68647 qdelay_c_ms=120.833 ecn_mark=240 drop=0
[QUEUE_STATS] t_ms=2976 q_pkts=275 q_bytes=413600 qdelay_l_ms=0.909319 qdelay_c_ms=121.821 ecn_mark=242 drop=0
[QUEUE_STATS] t_ms=2992 q_pkts=277 q_bytes=416608 qdelay_l_ms=1.08439 qdelay_c_ms=124.426 ecn_mark=242 drop=0
[QUEUE_STATS] t_ms=3008 q_pkts=279 q_bytes=419616 qdelay_l_ms=0.69703 qdelay_c_ms=124.62 ecn_mark=243 drop=0
[QUEUE_STATS] t_ms=3024 q_pkts=279 q_bytes=419616 qdelay_l_ms=1.07083 qdelay_c_ms=124.826 ecn_mark=243 drop=0
[QUEUE_STATS] t_ms=3040 q_pkts=281 q_bytes=422624 qdelay_l_ms=0.904741 qdelay_c_ms=126.846 ecn_mark=243 drop=0
[QUEUE_STATS] t_ms=3056 q_pkts=285 q_bytes=428640 qdelay_l_ms=1.0947 qdelay_c_ms=128.607 ecn_mark=244 drop=0
[QUEUE_STATS] t_ms=3072 q_pkts=285 q_bytes=428640 qdelay_l_ms=1.10682 qdelay_c_ms=129.857 ecn_mark=244 drop=0
[QUEUE_STATS] t_ms=3088 q_pkts=288 q_bytes=433152 qdelay_l_ms=1.09371 qdelay_c_ms=131.061 ecn_mark=245 drop=0
[QUEUE_STATS] t_ms=3104 q_pkts=290 q_bytes=436160 qdelay_l_ms=1.0724 qdelay_c_ms=131.52 ecn_mark=245 drop=0
[QUEUE_STATS] t_ms=3120 q_pkts=289 q_bytes=434656 qdelay_l_ms=0.681671 qdelay_c_ms=131.923 ecn_mark=245 drop=0
[QUEUE_STATS] t_ms=3136 q_pkts=292 q_bytes=439168 qdelay_l_ms=0.913637 qdelay_c_ms=133.854 ecn_mark=245 drop=0
[QUEUE_STATS] t_ms=3152 q_pkts=293 q_bytes=440672 qdelay_l_ms=0.860548 qdelay_c_ms=132.764 ecn_mark=245 drop=0
[QUEUE_STATS] t_ms=3168 q_pkts=295 q_bytes=443680 qdelay_l_ms=0.670089 qdelay_c_ms=135.698 ecn_mark=245 drop=0
[QUEUE_STATS] t_ms=3184 q_pkts=298 q_bytes=448192 qdelay_l_ms=1.0797 qdelay_c_ms=137.291 ecn_mark=245 drop=0
[QUEUE_STATS] t_ms=3200 q_pkts=302 q_bytes=454208 qdelay_l_ms=0.840219 qdelay_c_ms=137.7 ecn_mark=246 drop=0
[QUEUE_STATS] t_ms=3216 q_pkts=302 q_bytes=454208 qdelay_l_ms=1.07601 qdelay_c_ms=140.063 ecn_mark=247 drop=0
[QUEUE_STATS] t_ms=3232 q_pkts=304 q_bytes=457216 qdelay_l_ms=0.883581 qdelay_c_ms=139.887 ecn_mark=247 drop=0
[QUEUE_STATS] t_ms=3248 q_pkts=304 q_bytes=457216 qdelay_l_ms=1.0472 qdelay_c_ms=141.193 ecn_mark=247 drop=0
[QUEUE_STATS] t_ms=3264 q_pkts=306 q_bytes=460224 qdelay_l_ms=0.66498 qdelay_c_ms=141.652 ecn_mark=247 drop=0
[QUEUE_STATS] t_ms=3280 q_pkts=309 q_bytes=464736 qdelay_l_ms=1.04547 qdelay_c_ms=143.206 ecn_mark=247 drop=0
[QUEUE_STATS] t_ms=3296 q_pkts=310 q_bytes=466240 qdelay_l_ms=0.866148 qdelay_c_ms=144.963 ecn_mark=247 drop=0
[QUEUE_STATS] t_ms=3312 q_pkts=312 q_bytes=469248 qdelay_l_ms=1.11567 qdelay_c_ms=145.842 ecn_mark=247 drop=0
[QUEUE_STATS] t_ms=3328 q_pkts=315 q_bytes=473760 qdelay_l_ms=0.995341 qdelay_c_ms=147.006 ecn_mark=250 drop=0
[QUEUE_STATS] t_ms=3344 q_pkts=318 q_bytes=478272 qdelay_l_ms=1.03497 qdelay_c_ms=148.098 ecn_mark=250 drop=0
[QUEUE_STATS] t_ms=3360 q_pkts=319 q_bytes=479776 qdelay_l_ms=1.06861 qdelay_c_ms=149.9 ecn_mark=250 drop=0
[QUEUE_STATS] t_ms=3376 q_pkts=320 q_bytes=481280 qdelay_l_ms=0.847963 qdelay_c_ms=149.73 ecn_mark=250 drop=0
[QUEUE_STATS] t_ms=3392 q_pkts=322 q_bytes=484288 qdelay_l_ms=1.08431 qdelay_c_ms=153.233 ecn_mark=250 drop=0
[QUEUE_STATS] t_ms=3408 q_pkts=324 q_bytes=487296 qdelay_l_ms=0.977166 qdelay_c_ms=153.956 ecn_mark=252 drop=0
[QUEUE_STATS] t_ms=3424 q_pkts=326 q_bytes=490304 qdelay_l_ms=0.986124 qdelay_c_ms=153.96 ecn_mark=253 drop=0
[QUEUE_STATS] t_ms=3440 q_pkts=329 q_bytes=494816 qdelay_l_ms=1.07315 qdelay_c_ms=156.378 ecn_mark=253 drop=0
[QUEUE_STATS] t_ms=3456 q_pkts=328 q_bytes=493312 qdelay_l_ms=0.846501 qdelay_c_ms=158.922 ecn_mark=254 drop=0
[QUEUE_STATS] t_ms=3472 q_pkts=332 q_bytes=499328 qdelay_l_ms=1.04914 qdelay_c_ms=158.229 ecn_mark=255 drop=0
[QUEUE_STATS] t_ms=3488 q_pkts=333 q_bytes=500832 qdelay_l_ms=0.815032 qdelay_c_ms=160.897 ecn_mark=256 drop=0
[QUEUE_STATS] t_ms=3504 q_pkts=334 q_bytes=502336 qdelay_l_ms=0.968741 qdelay_c_ms=160.966 ecn_mark=257 drop=0
[QUEUE_STATS] t_ms=3520 q_pkts=333 q_bytes=500832 qdelay_l_ms=1.09181 qdelay_c_ms=161.006 ecn_mark=258 drop=0
[QUEUE_STATS] t_ms=3536 q_pkts=337 q_bytes=506848 qdelay_l_ms=1.10422 qdelay_c_ms=164.067 ecn_mark=259 drop=0
[QUEUE_STATS] t_ms=3552 q_pkts=339 q_bytes=509856 qdelay_l_ms=0.813949 qdelay_c_ms=162.929 ecn_mark=259 drop=0
[QUEUE_STATS] t_ms=3568 q_pkts=338 q_bytes=508352 qdelay_l_ms=1.06467 qdelay_c_ms=163.736 ecn_mark=260 drop=0
[QUEUE_STATS] t_ms=3584 q_pkts=344 q_bytes=517376 qdelay_l_ms=1.07011 qdelay_c_ms=167.103 ecn_mark=260 drop=0
[QUEUE_STATS] t_ms=3600 q_pkts=344 q_bytes=517376 qdelay_l_ms=0.978789 qdelay_c_ms=165.757 ecn_mark=261 drop=0
[QUEUE_STATS] t_ms=3616 q_pkts=346 q_bytes=520384 qdelay_l_ms=0.817316 qdelay_c_ms=166.764 ecn_mark=262 drop=0
[QUEUE_STATS] t_ms=3632 q_pkts=348 q_bytes=523392 qdelay_l_ms=0.950636 qdelay_c_ms=169.953 ecn_mark=263 drop=0
[QUEUE_STATS] t_ms=3648 q_pkts=348 q_bytes=523392 qdelay_l_ms=1.06672 qdelay_c_ms=169.042 ecn_mark=263 drop=0
[QUEUE_STATS] t_ms=3664 q_pkts=350 q_bytes=526400 qdelay_l_ms=0.834729 qdelay_c_ms=169.96 ecn_mark=263 drop=0
[QUEUE_STATS] t_ms=3680 q_pkts=352 q_bytes=529408 qdelay_l_ms=1.06212 qdelay_c_ms=173.096 ecn_mark=265 drop=0
[QUEUE_STATS] t_ms=3696 q_pkts=353 q_bytes=530912 qdelay_l_ms=1.08107 qdelay_c_ms=173.233 ecn_mark=267 drop=0
[QUEUE_STATS] t_ms=3712 q_pkts=355 q_bytes=533920 qdelay_l_ms=0.956728 qdelay_c_ms=174.017 ecn_mark=267 drop=0
[QUEUE_STATS] t_ms=3728 q_pkts=358 q_bytes=538432 qdelay_l_ms=0.939787 qdelay_c_ms=176.977 ecn_mark=268 drop=0
[QUEUE_STATS] t_ms=3744 q_pkts=359 q_bytes=538484 qdelay_l_ms=1.09407 qdelay_c_ms=175.893 ecn_mark=269 drop=0
[QUEUE_STATS] t_ms=3760 q_pkts=362 q_bytes=542996 qdelay_l_ms=0.818148 qdelay_c_ms=176.989 ecn_mark=269 drop=0
[QUEUE_STATS] t_ms=3776 q_pkts=364 q_bytes=546004 qdelay_l_ms=0.94692 qdelay_c_ms=180.001 ecn_mark=269 drop=0
[QUEUE_STATS] t_ms=3792 q_pkts=363 q_bytes=544500 qdelay_l_ms=1.09472 qdelay_c_ms=178.849 ecn_mark=269 drop=0
[QUEUE_STATS] t_ms=3808 q_pkts=366 q_bytes=549012 qdelay_l_ms=0.830841 qdelay_c_ms=181.088 ecn_mark=269 drop=0
[QUEUE_STATS] t_ms=3824 q_pkts=370 q_bytes=555028 qdelay_l_ms=1.07319 qdelay_c_ms=182.945 ecn_mark=270 drop=0
[QUEUE_STATS] t_ms=3840 q_pkts=370 q_bytes=555028 qdelay_l_ms=1.07451 qdelay_c_ms=183.091 ecn_mark=270 drop=0
[QUEUE_STATS] t_ms=3856 q_pkts=371 q_bytes=556532 qdelay_l_ms=1.06642 qdelay_c_ms=183.863 ecn_mark=270 drop=0
[QUEUE_STATS] t_ms=3872 q_pkts=373 q_bytes=559540 qdelay_l_ms=0.875375 qdelay_c_ms=184.72 ecn_mark=270 drop=0
[QUEUE_STATS] t_ms=3888 q_pkts=375 q_bytes=562548 qdelay_l_ms=0.67019 qdelay_c_ms=185.96 ecn_mark=271 drop=0
[QUEUE_STATS] t_ms=3904 q_pkts=377 q_bytes=565556 qdelay_l_ms=0.926221 qdelay_c_ms=187.935 ecn_mark=272 drop=0
[QUEUE_STATS] t_ms=3920 q_pkts=376 q_bytes=565504 qdelay_l_ms=0.907055 qdelay_c_ms=186.915 ecn_mark=273 drop=0
[QUEUE_STATS] t_ms=3936 q_pkts=377 q_bytes=567008 qdelay_l_ms=1.10233 qdelay_c_ms=188.942 ecn_mark=274 drop=0
[QUEUE_STATS] t_ms=3952 q_pkts=379 q_bytes=570016 qdelay_l_ms=1.09601 qdelay_c_ms=192.223 ecn_mark=275 drop=0
[QUEUE_STATS] t_ms=3968 q_pkts=382 q_bytes=574528 qdelay_l_ms=0.91554 qdelay_c_ms=189.883 ecn_mark=276 drop=0
[QUEUE_STATS] t_ms=3985 q_pkts=383 q_bytes=576032 qdelay_l_ms=1.07019 qdelay_c_ms=192.53 ecn_mark=277 drop=0
[QUEUE_STATS] t_ms=4000 q_pkts=386 q_bytes=580544 qdelay_l_ms=1.11609 qdelay_c_ms=194.976 ecn_mark=279 drop=0
[QUEUE_STATS] t_ms=4016 q_pkts=387 q_bytes=582048 qdelay_l_ms=1.06926 qdelay_c_ms=192.949 ecn_mark=280 drop=0
[QUEUE_STATS] t_ms=4032 q_pkts=386 q_bytes=580544 qdelay_l_ms=0.628802 qdelay_c_ms=196.059 ecn_mark=281 drop=0
[QUEUE_STATS] t_ms=4048 q_pkts=391 q_bytes=588064 qdelay_l_ms=0.869845 qdelay_c_ms=194.979 ecn_mark=281 drop=0
[QUEUE_STATS] t_ms=4064 q_pkts=389 q_bytes=585056 qdelay_l_ms=0.910551 qdelay_c_ms=196.893 ecn_mark=281 drop=0
[QUEUE_STATS] t_ms=4080 q_pkts=392 q_bytes=589568 qdelay_l_ms=0.89382 qdelay_c_ms=197.853 ecn_mark=281 drop=0
[QUEUE_STATS] t_ms=4096 q_pkts=392 q_bytes=589568 qdelay_l_ms=1.0486 qdelay_c_ms=198.058 ecn_mark=282 drop=0
[QUEUE_STATS] t_ms=4112 q_pkts=398 q_bytes=598592 qdelay_l_ms=1.10828 qdelay_c_ms=201.347 ecn_mark=284 drop=0
[QUEUE_STATS] t_ms=4128 q_pkts=398 q_bytes=598592 qdelay_l_ms=1.09074 qdelay_c_ms=203.195 ecn_mark=286 drop=0
[QUEUE_STATS] t_ms=4144 q_pkts=400 q_bytes=601600 qdelay_l_ms=0.818619 qdelay_c_ms=199.885 ecn_mark=287 drop=0
[QUEUE_STATS] t_ms=4160 q_pkts=400 q_bytes=601600 qdelay_l_ms=0.650151 qdelay_c_ms=204.013 ecn_mark=289 drop=0
[QUEUE_STATS] t_ms=4176 q_pkts=404 q_bytes=607616 qdelay_l_ms=1.10547 qdelay_c_ms=204.952 ecn_mark=292 drop=0
[QUEUE_STATS] t_ms=4192 q_pkts=403 q_bytes=606112 qdelay_l_ms=1.08635 qdelay_c_ms=203.195 ecn_mark=293 drop=0
[QUEUE_STATS] t_ms=4208 q_pkts=404 q_bytes=607616 qdelay_l_ms=1.0729 qdelay_c_ms=207.984 ecn_mark=294 drop=0
[QUEUE_STATS] t_ms=4224 q_pkts=397 q_bytes=597088 qdelay_l_ms=1.06948 qdelay_c_ms=207.215 ecn_mark=294 drop=0
[QUEUE_STATS] t_ms=4240 q_pkts=388 q_bytes=583552 qdelay_l_ms=1.07947 qdelay_c_ms=207.27 ecn_mark=294 drop=0
[QUEUE_STATS] t_ms=4256 q_pkts=380 q_bytes=571520 qdelay_l_ms=0.86698 qdelay_c_ms=210.85 ecn_mark=294 drop=0
[QUEUE_STATS] t_ms=4272 q_pkts=370 q_bytes=556480 qdelay_l_ms=0.860478 qdelay_c_ms=210.86 ecn_mark=294 drop=0
[QUEUE_STATS] t_ms=4288 q_pkts=362 q_bytes=544448 qdelay_l_ms=1.07165 qdelay_c_ms=211.046 ecn_mark=294 drop=0
[QUEUE_STATS] t_ms=4304 q_pkts=357 q_bytes=536928 qdelay_l_ms=1.10135 qdelay_c_ms=215.229 ecn_mark=294 drop=0
[QUEUE_STATS] t_ms=4320 q_pkts=345 q_bytes=518880 qdelay_l_ms=1.00173 qdelay_c_ms=215.122 ecn_mark=295 drop=0
[QUEUE_STATS] t_ms=4336 q_pkts=337 q_bytes=506848 qdelay_l_ms=1.07227 qdelay_c_ms=215.507 ecn_mark=295 drop=0
[QUEUE_STATS] t_ms=4352 q_pkts=329 q_bytes=494816 qdelay_l_ms=1.09831 qdelay_c_ms=217.089 ecn_mark=296 drop=0
[QUEUE_STATS] t_ms=4368 q_pkts=318 q_bytes=478272 qdelay_l_ms=1.092 qdelay_c_ms=215.824 ecn_mark=297 drop=0
[QUEUE_STATS] t_ms=4384 q_pkts=310 q_bytes=466240 qdelay_l_ms=1.0872 qdelay_c_ms=219.195 ecn_mark=298 drop=0
[QUEUE_STATS] t_ms=4400 q_pkts=303 q_bytes=455712 qdelay_l_ms=1.08262 qdelay_c_ms=220.925 ecn_mark=298 drop=0
[QUEUE_STATS] t_ms=4416 q_pkts=295 q_bytes=443680 qdelay_l_ms=1.10816 qdelay_c_ms=221.195 ecn_mark=298 drop=0
[QUEUE_STATS] t_ms=4432 q_pkts=285 q_bytes=428640 qdelay_l_ms=1.02661 qdelay_c_ms=221.941 ecn_mark=299 drop=0
[QUEUE_STATS] t_ms=4448 q_pkts=277 q_bytes=416608 qdelay_l_ms=1.08351 qdelay_c_ms=215.725 ecn_mark=299 drop=0
[QUEUE_STATS] t_ms=4464 q_pkts=268 q_bytes=403072 qdelay_l_ms=1.07513 qdelay_c_ms=208.172 ecn_mark=300 drop=0
[QUEUE_STATS] t_ms=4480 q_pkts=264 q_bytes=397056 qdelay_l_ms=0.823978 qdelay_c_ms=204.875 ecn_mark=300 drop=0
[QUEUE_STATS] t_ms=4496 q_pkts=264 q_bytes=397056 qdelay_l_ms=0.966065 qdelay_c_ms=197.94 ecn_mark=301 drop=0
[QUEUE_STATS] t_ms=4512 q_pkts=264 q_bytes=397056 qdelay_l_ms=1.10523 qdelay_c_ms=191.974 ecn_mark=302 drop=0
[QUEUE_STATS] t_ms=4528 q_pkts=264 q_bytes=397056 qdelay_l_ms=1.07649 qdelay_c_ms=183.173 ecn_mark=304 drop=0
[QUEUE_STATS] t_ms=4544 q_pkts=265 q_bytes=398560 qdelay_l_ms=1.06951 qdelay_c_ms=180.141 ecn_mark=306 drop=0
[QUEUE_STATS] t_ms=4560 q_pkts=266 q_bytes=400064 qdelay_l_ms=0.823979 qdelay_c_ms=172.936 ecn_mark=306 drop=0
[QUEUE_STATS] t_ms=4576 q_pkts=268 q_bytes=403072 qdelay_l_ms=0.838395 qdelay_c_ms=164.853 ecn_mark=307 drop=0
[QUEUE_STATS] t_ms=4592 q_pkts=268 q_bytes=403072 qdelay_l_ms=1.06205 qdelay_c_ms=160.172 ecn_mark=308 drop=0
[QUEUE_STATS] t_ms=4608 q_pkts=268 q_bytes=403072 qdelay_l_ms=1.08873 qdelay_c_ms=154.111 ecn_mark=308 drop=0
[QUEUE_STATS] t_ms=4624 q_pkts=268 q_bytes=403072 qdelay_l_ms=1.0939 qdelay_c_ms=146.884 ecn_mark=308 drop=0
[QUEUE_STATS] t_ms=4640 q_pkts=270 q_bytes=406080 qdelay_l_ms=0.804993 qdelay_c_ms=149.946 ecn_mark=308 drop=0
[QUEUE_STATS] t_ms=4656 q_pkts=272 q_bytes=409088 qdelay_l_ms=1.10294 qdelay_c_ms=147.798 ecn_mark=309 drop=0
[QUEUE_STATS] t_ms=4672 q_pkts=271 q_bytes=407584 qdelay_l_ms=1.09206 qdelay_c_ms=150.278 ecn_mark=310 drop=0
[QUEUE_STATS] t_ms=4688 q_pkts=273 q_bytes=410592 qdelay_l_ms=0.823658 qdelay_c_ms=150.944 ecn_mark=311 drop=0
[QUEUE_STATS] t_ms=4704 q_pkts=271 q_bytes=407584 qdelay_l_ms=0.785376 qdelay_c_ms=149.114 ecn_mark=312 drop=0
[QUEUE_STATS] t_ms=4720 q_pkts=273 q_bytes=410592 qdelay_l_ms=1.07165 qdelay_c_ms=152.334 ecn_mark=312 drop=0
[QUEUE_STATS] t_ms=4736 q_pkts=274 q_bytes=412096 qdelay_l_ms=1.06862 qdelay_c_ms=150.961 ecn_mark=314 drop=0
[QUEUE_STATS] t_ms=4752 q_pkts=275 q_bytes=413600 qdelay_l_ms=1.07152 qdelay_c_ms=150.221 ecn_mark=315 drop=0
[QUEUE_STATS] t_ms=4768 q_pkts=275 q_bytes=413600 qdelay_l_ms=1.07042 qdelay_c_ms=153.199 ecn_mark=316 drop=0
[QUEUE_STATS] t_ms=4784 q_pkts=276 q_bytes=415104 qdelay_l_ms=1.07093 qdelay_c_ms=151.004 ecn_mark=317 drop=0
[QUEUE_STATS] t_ms=4800 q_pkts=277 q_bytes=416608 qdelay_l_ms=1.08546 qdelay_c_ms=152.296 ecn_mark=317 drop=0
[QUEUE_STATS] t_ms=4816 q_pkts=278 q_bytes=418112 qdelay_l_ms=1.07586 qdelay_c_ms=154.958 ecn_mark=317 drop=0
[QUEUE_STATS] t_ms=4832 q_pkts=279 q_bytes=419616 qdelay_l_ms=0.784123 qdelay_c_ms=151.073 ecn_mark=318 drop=0
[QUEUE_STATS] t_ms=4848 q_pkts=278 q_bytes=418112 qdelay_l_ms=1.07626 qdelay_c_ms=153.988 ecn_mark=320 drop=0
[QUEUE_STATS] t_ms=4864 q_pkts=280 q_bytes=421120 qdelay_l_ms=1.06475 qdelay_c_ms=155.004 ecn_mark=320 drop=0
[QUEUE_STATS] t_ms=4880 q_pkts=283 q_bytes=425632 qdelay_l_ms=1.0982 qdelay_c_ms=154.007 ecn_mark=320 drop=0
[QUEUE_STATS] t_ms=4896 q_pkts=281 q_bytes=422624 qdelay_l_ms=1.01473 qdelay_c_ms=157.269 ecn_mark=320 drop=0
[QUEUE_STATS] t_ms=4912 q_pkts=282 q_bytes=424128 qdelay_l_ms=1.09494 qdelay_c_ms=154.871 ecn_mark=322 drop=0
[QUEUE_STATS] t_ms=4928 q_pkts=285 q_bytes=428640 qdelay_l_ms=1.05139 qdelay_c_ms=155.286 ecn_mark=322 drop=0
[QUEUE_STATS] t_ms=4944 q_pkts=286 q_bytes=430144 qdelay_l_ms=1.03607 qdelay_c_ms=159.146 ecn_mark=324 drop=0
[QUEUE_STATS] t_ms=4960 q_pkts=285 q_bytes=428640 qdelay_l_ms=0.721276 qdelay_c_ms=156.96 ecn_mark=325 drop=0
[QUEUE_STATS] t_ms=4976 q_pkts=288 q_bytes=433152 qdelay_l_ms=1.10701 qdelay_c_ms=158.066 ecn_mark=326 drop=0
[QUEUE_STATS] t_ms=4992 q_pkts=287 q_bytes=431648 qdelay_l_ms=1.09064 qdelay_c_ms=160.77 ecn_mark=328 drop=0
[QUEUE_STATS] t_ms=5008 q_pkts=288 q_bytes=433152 qdelay_l_ms=0.751242 qdelay_c_ms=157.986 ecn_mark=328 drop=0
[QUEUE_STATS] t_ms=5024 q_pkts=289 q_bytes=434656 qdelay_l_ms=0.794603 qdelay_c_ms=161.081 ecn_mark=331 drop=0
[QUEUE_STATS] t_ms=5040 q_pkts=290 q_bytes=436160 qdelay_l_ms=0.979281 qdelay_c_ms=161.129 ecn_mark=332 drop=0
[QUEUE_STATS] t_ms=5056 q_pkts=290 q_bytes=436160 qdelay_l_ms=0.758164 qdelay_c_ms=159.758 ecn_mark=334 drop=0
[QUEUE_STATS] t_ms=5072 q_pkts=290 q_bytes=436160 qdelay_l_ms=1.09053 qdelay_c_ms=163.863 ecn_mark=335 drop=0
[QUEUE_STATS] t_ms=5088 q_pkts=291 q_bytes=437664 qdelay_l_ms=1.06217 qdelay_c_ms=162.345 ecn_mark=337 drop=0
[QUEUE_STATS] t_ms=5104 q_pkts=294 q_bytes=442176 qdelay_l_ms=0.567737 qdelay_c_ms=162.845 ecn_mark=340 drop=0
[QUEUE_STATS] t_ms=5120 q_pkts=295 q_bytes=443680 qdelay_l_ms=0.743858 qdelay_c_ms=166.841 ecn_mark=343 drop=0
[QUEUE_STATS] t_ms=5136 q_pkts=294 q_bytes=442176 qdelay_l_ms=1.07059 qdelay_c_ms=163.97 ecn_mark=343 drop=0
[QUEUE_STATS] t_ms=5152 q_pkts=293 q_bytes=440672 qdelay_l_ms=1.09939 qdelay_c_ms=163.866 ecn_mark=345 drop=0
[QUEUE_STATS] t_ms=5168 q_pkts=298 q_bytes=448192 qdelay_l_ms=1.09646 qdelay_c_ms=167.911 ecn_mark=345 drop=0
[QUEUE_STATS] t_ms=5184 q_pkts=296 q_bytes=445184 qdelay_l_ms=0.744179 qdelay_c_ms=165.689 ecn_mark=345 drop=0
[QUEUE_STATS] t_ms=5200 q_pkts=296 q_bytes=445184 qdelay_l_ms=1.10119 qdelay_c_ms=167.13 ecn_mark=347 drop=0
[QUEUE_STATS] t_ms=5216 q_pkts=300 q_bytes=451200 qdelay_l_ms=1.05907 qdelay_c_ms=169.066 ecn_mark=347 drop=0
[QUEUE_STATS] t_ms=5232 q_pkts=299 q_bytes=449696 qdelay_l_ms=1.07456 qdelay_c_ms=167.814 ecn_mark=351 drop=0
[QUEUE_STATS] t_ms=5248 q_pkts=300 q_bytes=451200 qdelay_l_ms=0.921081 qdelay_c_ms=170.1 ecn_mark=352 drop=0
[QUEUE_STATS] t_ms=5264 q_pkts=304 q_bytes=457216 qdelay_l_ms=1.07372 qdelay_c_ms=171.977 ecn_mark=353 drop=0
[QUEUE_STATS] t_ms=5280 q_pkts=301 q_bytes=452704 qdelay_l_ms=0.854667 qdelay_c_ms=167.887 ecn_mark=356 drop=0
[QUEUE_STATS] t_ms=5296 q_pkts=300 q_bytes=451200 qdelay_l_ms=0.613282 qdelay_c_ms=170.974 ecn_mark=356 drop=0
[QUEUE_STATS] t_ms=5312 q_pkts=306 q_bytes=460224 qdelay_l_ms=0.780096 qdelay_c_ms=172.991 ecn_mark=356 drop=0
[QUEUE_STATS] t_ms=5328 q_pkts=303 q_bytes=455712 qdelay_l_ms=1.0647 qdelay_c_ms=168.636 ecn_mark=356 drop=0
[QUEUE_STATS] t_ms=5344 q_pkts=303 q_bytes=455712 qdelay_l_ms=0.945206 qdelay_c_ms=170.805 ecn_mark=356 drop=0
[QUEUE_STATS] t_ms=5360 q_pkts=306 q_bytes=460224 qdelay_l_ms=1.09922 qdelay_c_ms=170.818 ecn_mark=359 drop=0
[QUEUE_STATS] t_ms=5376 q_pkts=308 q_bytes=463232 qdelay_l_ms=1.11378 qdelay_c_ms=170.872 ecn_mark=361 drop=0
[QUEUE_STATS] t_ms=5392 q_pkts=307 q_bytes=461728 qdelay_l_ms=1.08075 qdelay_c_ms=172.047 ecn_mark=363 drop=0
[QUEUE_STATS] t_ms=5408 q_pkts=309 q_bytes=464736 qdelay_l_ms=0.673386 qdelay_c_ms=172.898 ecn_mark=363 drop=0
[QUEUE_STATS] t_ms=5424 q_pkts=309 q_bytes=464736 qdelay_l_ms=1.09171 qdelay_c_ms=172.017 ecn_mark=364 drop=0
[QUEUE_STATS] t_ms=5440 q_pkts=309 q_bytes=464736 qdelay_l_ms=1.08438 qdelay_c_ms=175.596 ecn_mark=366 drop=0
[QUEUE_STATS] t_ms=5456 q_pkts=313 q_bytes=470752 qdelay_l_ms=1.04733 qdelay_c_ms=174.206 ecn_mark=366 drop=0
[QUEUE_STATS] t_ms=5472 q_pkts=310 q_bytes=466240 qdelay_l_ms=0.773454 qdelay_c_ms=172.96 ecn_mark=366 drop=0
[QUEUE_STATS] t_ms=5488 q_pkts=310 q_bytes=466240 qdelay_l_ms=0.751803 qdelay_c_ms=176.06 ecn_mark=368 drop=0
[QUEUE_STATS] t_ms=5504 q_pkts=314 q_bytes=472256 qdelay_l_ms=1.07013 qdelay_c_ms=177.008 ecn_mark=369 drop=0
[QUEUE_STATS] t_ms=5520 q_pkts=313 q_bytes=470752 qdelay_l_ms=1.09688 qdelay_c_ms=176.075 ecn_mark=370 drop=0
[QUEUE_STATS] t_ms=5536 q_pkts=312 q_bytes=469248 qdelay_l_ms=1.06888 qdelay_c_ms=177.234 ecn_mark=371 drop=0
[QUEUE_STATS] t_ms=5552 q_pkts=315 q_bytes=473760 qdelay_l_ms=0.728479 qdelay_c_ms=176.952 ecn_mark=371 drop=0
[QUEUE_STATS] t_ms=5568 q_pkts=313 q_bytes=470752 qdelay_l_ms=1.05373 qdelay_c_ms=178.05 ecn_mark=372 drop=0
[QUEUE_STATS] t_ms=5584 q_pkts=315 q_bytes=473760 qdelay_l_ms=1.03836 qdelay_c_ms=177.819 ecn_mark=373 drop=0
[QUEUE_STATS] t_ms=5600 q_pkts=316 q_bytes=475264 qdelay_l_ms=1.07914 qdelay_c_ms=177.806 ecn_mark=377 drop=0
[QUEUE_STATS] t_ms=5616 q_pkts=314 q_bytes=472256 qdelay_l_ms=1.08442 qdelay_c_ms=177.985 ecn_mark=379 drop=0
[QUEUE_STATS] t_ms=5632 q_pkts=318 q_bytes=478272 qdelay_l_ms=1.09993 qdelay_c_ms=178.204 ecn_mark=379 drop=0
[QUEUE_STATS] t_ms=5648 q_pkts=319 q_bytes=479776 qdelay_l_ms=0.768244 qdelay_c_ms=178.736 ecn_mark=383 drop=0
[QUEUE_STATS] t_ms=5664 q_pkts=319 q_bytes=479776 qdelay_l_ms=0.955356 qdelay_c_ms=178.651 ecn_mark=387 drop=0
[QUEUE_STATS] t_ms=5680 q_pkts=320 q_bytes=481280 qdelay_l_ms=1.04224 qdelay_c_ms=179.142 ecn_mark=388 drop=0
[QUEUE_STATS] t_ms=5696 q_pkts=320 q_bytes=481280 qdelay_l_ms=1.07093 qdelay_c_ms=180.065 ecn_mark=388 drop=0
[QUEUE_STATS] t_ms=5712 q_pkts=321 q_bytes=482784 qdelay_l_ms=1.0762 qdelay_c_ms=180.749 ecn_mark=389 drop=0
[QUEUE_STATS] t_ms=5728 q_pkts=323 q_bytes=485792 qdelay_l_ms=1.03705 qdelay_c_ms=179.98 ecn_mark=390 drop=0
[QUEUE_STATS] t_ms=5744 q_pkts=322 q_bytes=484288 qdelay_l_ms=0.955425 qdelay_c_ms=181.136 ecn_mark=394 drop=0
[QUEUE_STATS] t_ms=5760 q_pkts=322 q_bytes=484288 qdelay_l_ms=1.07727 qdelay_c_ms=180.774 ecn_mark=398 drop=0
[QUEUE_STATS] t_ms=5776 q_pkts=324 q_bytes=487296 qdelay_l_ms=0.811465 qdelay_c_ms=181.977 ecn_mark=401 drop=0
[QUEUE_STATS] t_ms=5792 q_pkts=320 q_bytes=481280 qdelay_l_ms=1.0375 qdelay_c_ms=181.15 ecn_mark=402 drop=0
[QUEUE_STATS] t_ms=5808 q_pkts=324 q_bytes=487296 qdelay_l_ms=1.08231 qdelay_c_ms=180.933 ecn_mark=404 drop=0
[QUEUE_STATS] t_ms=5824 q_pkts=324 q_bytes=487296 qdelay_l_ms=0.833056 qdelay_c_ms=182.814 ecn_mark=406 drop=0
[QUEUE_STATS] t_ms=5840 q_pkts=324 q_bytes=487296 qdelay_l_ms=1.06996 qdelay_c_ms=180.822 ecn_mark=411 drop=0
[QUEUE_STATS] t_ms=5856 q_pkts=326 q_bytes=490304 qdelay_l_ms=0.619144 qdelay_c_ms=182.134 ecn_mark=413 drop=0
[QUEUE_STATS] t_ms=5872 q_pkts=326 q_bytes=490304 qdelay_l_ms=1.06381 qdelay_c_ms=180.91 ecn_mark=413 drop=0
[QUEUE_STATS] t_ms=5888 q_pkts=325 q_bytes=488800 qdelay_l_ms=1.06741 qdelay_c_ms=180.011 ecn_mark=415 drop=0
[QUEUE_STATS] t_ms=5904 q_pkts=325 q_bytes=488800 qdelay_l_ms=1.07067 qdelay_c_ms=182.996 ecn_mark=417 drop=0
[QUEUE_STATS] t_ms=5920 q_pkts=329 q_bytes=494816 qdelay_l_ms=0.847402 qdelay_c_ms=179.687 ecn_mark=417 drop=0
[QUEUE_STATS] t_ms=5936 q_pkts=327 q_bytes=491808 qdelay_l_ms=0.815322 qdelay_c_ms=178.929 ecn_mark=418 drop=0
[QUEUE_STATS] t_ms=5952 q_pkts=326 q_bytes=490304 qdelay_l_ms=0.831953 qdelay_c_ms=181.9 ecn_mark=423 drop=0
[QUEUE_STATS] t_ms=5968 q_pkts=329 q_bytes=494816 qdelay_l_ms=0.790365 qdelay_c_ms=176.862 ecn_mark=423 drop=0
[QUEUE_STATS] t_ms=5984 q_pkts=328 q_bytes=493312 qdelay_l_ms=0.851841 qdelay_c_ms=179.01 ecn_mark=425 drop=0
[QUEUE_STATS] t_ms=6000 q_pkts=328 q_bytes=493312 qdelay_l_ms=0.561215 qdelay_c_ms=179.995 ecn_mark=425 drop=0
[QUEUE_STATS] t_ms=6016 q_pkts=332 q_bytes=499328 qdelay_l_ms=1.12967 qdelay_c_ms=177.123 ecn_mark=427 drop=0
[QUEUE_STATS] t_ms=6032 q_pkts=330 q_bytes=496320 qdelay_l_ms=0.852252 qdelay_c_ms=176.393 ecn_mark=427 drop=0
[QUEUE_STATS] t_ms=6048 q_pkts=327 q_bytes=491808 qdelay_l_ms=1.1006 qdelay_c_ms=178.109 ecn_mark=428 drop=0
[QUEUE_STATS] t_ms=6064 q_pkts=331 q_bytes=497824 qdelay_l_ms=1.10108 qdelay_c_ms=177.146 ecn_mark=432 drop=0
[QUEUE_STATS] t_ms=6080 q_pkts=332 q_bytes=499328 qdelay_l_ms=1.05356 qdelay_c_ms=174.851 ecn_mark=434 drop=0
[QUEUE_STATS] t_ms=6096 q_pkts=328 q_bytes=493312 qdelay_l_ms=1.00403 qdelay_c_ms=179.124 ecn_mark=435 drop=0
[QUEUE_STATS] t_ms=6112 q_pkts=318 q_bytes=478272 qdelay_l_ms=0.790326 qdelay_c_ms=176.948 ecn_mark=436 drop=0
[QUEUE_STATS] t_ms=6128 q_pkts=311 q_bytes=467744 qdelay_l_ms=1.0474 qdelay_c_ms=175.007 ecn_mark=436 drop=0
[QUEUE_STATS] t_ms=6144 q_pkts=300 q_bytes=451200 qdelay_l_ms=0.815442 qdelay_c_ms=176.905 ecn_mark=437 drop=0
[QUEUE_STATS] t_ms=6160 q_pkts=291 q_bytes=437664 qdelay_l_ms=1.06248 qdelay_c_ms=176.123 ecn_mark=437 drop=0
[QUEUE_STATS] t_ms=6176 q_pkts=284 q_bytes=427136 qdelay_l_ms=0.663367 qdelay_c_ms=176.042 ecn_mark=438 drop=0
[QUEUE_STATS] t_ms=6192 q_pkts=275 q_bytes=413600 qdelay_l_ms=0.654871 qdelay_c_ms=177.83 ecn_mark=442 drop=0
[QUEUE_STATS] t_ms=6208 q_pkts=264 q_bytes=397056 qdelay_l_ms=1.09918 qdelay_c_ms=177.138 ecn_mark=444 drop=0
[QUEUE_STATS] t_ms=6224 q_pkts=255 q_bytes=383520 qdelay_l_ms=1.07236 qdelay_c_ms=175.797 ecn_mark=444 drop=0
[QUEUE_STATS] t_ms=6240 q_pkts=246 q_bytes=369984 qdelay_l_ms=0.651053 qdelay_c_ms=176.746 ecn_mark=445 drop=0
[QUEUE_STATS] t_ms=6256 q_pkts=239 q_bytes=359456 qdelay_l_ms=1.12755 qdelay_c_ms=176.989 ecn_mark=445 drop=0
[QUEUE_STATS] t_ms=6272 q_pkts=230 q_bytes=345920 qdelay_l_ms=1.06578 qdelay_c_ms=175.205 ecn_mark=448 drop=0
[QUEUE_STATS] t_ms=6288 q_pkts=217 q_bytes=326368 qdelay_l_ms=0.892418 qdelay_c_ms=165.639 ecn_mark=448 drop=0
[QUEUE_STATS] t_ms=6304 q_pkts=210 q_bytes=315840 qdelay_l_ms=0.615938 qdelay_c_ms=158.744 ecn_mark=448 drop=0
[QUEUE_STATS] t_ms=6320 q_pkts=208 q_bytes=312832 qdelay_l_ms=0.8777 qdelay_c_ms=153.696 ecn_mark=449 drop=0
[QUEUE_STATS] t_ms=6336 q_pkts=208 q_bytes=312832 qdelay_l_ms=0.902897 qdelay_c_ms=145.818 ecn_mark=450 drop=0
[QUEUE_STATS] t_ms=6352 q_pkts=208 q_bytes=312832 qdelay_l_ms=0.83538 qdelay_c_ms=137.928 ecn_mark=450 drop=0
[QUEUE_STATS] t_ms=6368 q_pkts=208 q_bytes=312832 qdelay_l_ms=1.07131 qdelay_c_ms=130.911 ecn_mark=451 drop=0
[QUEUE_STATS] t_ms=6384 q_pkts=207 q_bytes=311328 qdelay_l_ms=1.05352 qdelay_c_ms=125.144 ecn_mark=451 drop=0
[QUEUE_STATS] t_ms=6400 q_pkts=209 q_bytes=314336 qdelay_l_ms=0.910481 qdelay_c_ms=117.845 ecn_mark=452 drop=0
[QUEUE_STATS] t_ms=6416 q_pkts=209 q_bytes=314336 qdelay_l_ms=1.04317 qdelay_c_ms=108.17 ecn_mark=452 drop=0
[QUEUE_STATS] t_ms=6432 q_pkts=208 q_bytes=312832 qdelay_l_ms=1.0765 qdelay_c_ms=111.347 ecn_mark=453 drop=0
[QUEUE_STATS] t_ms=6448 q_pkts=212 q_bytes=318848 qdelay_l_ms=1.03793 qdelay_c_ms=109.934 ecn_mark=454 drop=0
[QUEUE_STATS] t_ms=6464 q_pkts=210 q_bytes=315840 qdelay_l_ms=0.887518 qdelay_c_ms=108.973 ecn_mark=455 drop=0
[QUEUE_STATS] t_ms=6480 q_pkts=211 q_bytes=317344 qdelay_l_ms=1.09524 qdelay_c_ms=110.919 ecn_mark=457 drop=0
[QUEUE_STATS] t_ms=6496 q_pkts=212 q_bytes=318848 qdelay_l_ms=1.06868 qdelay_c_ms=108 ecn_mark=460 drop=0
[QUEUE_STATS] t_ms=6512 q_pkts=212 q_bytes=318848 qdelay_l_ms=0.82428 qdelay_c_ms=109.023 ecn_mark=462 drop=0
[QUEUE_STATS] t_ms=6528 q_pkts=212 q_bytes=318848 qdelay_l_ms=0.823117 qdelay_c_ms=110.921 ecn_mark=462 drop=0
[QUEUE_STATS] t_ms=6544 q_pkts=211 q_bytes=317344 qdelay_l_ms=0.794133 qdelay_c_ms=107.09 ecn_mark=464 drop=0
[QUEUE_STATS] t_ms=6560 q_pkts=212 q_bytes=318848 qdelay_l_ms=1.08122 qdelay_c_ms=110.364 ecn_mark=466 drop=0
[QUEUE_STATS] t_ms=6576 q_pkts=213 q_bytes=320352 qdelay_l_ms=1.07122 qdelay_c_ms=110.86 ecn_mark=468 drop=0
[QUEUE_STATS] t_ms=6592 q_pkts=214 q_bytes=321856 qdelay_l_ms=0.891927 qdelay_c_ms=107.796 ecn_mark=469 drop=0
[QUEUE_STATS] t_ms=6608 q_pkts=213 q_bytes=320352 qdelay_l_ms=1.08536 qdelay_c_ms=110.515 ecn_mark=473 drop=0
[QUEUE_STATS] t_ms=6624 q_pkts=216 q_bytes=324864 qdelay_l_ms=0.859976 qdelay_c_ms=109.808 ecn_mark=476 drop=0
[QUEUE_STATS] t_ms=6640 q_pkts=214 q_bytes=321856 qdelay_l_ms=0.844286 qdelay_c_ms=106.696 ecn_mark=477 drop=0
[QUEUE_STATS] t_ms=6656 q_pkts=215 q_bytes=323360 qdelay_l_ms=1.03248 qdelay_c_ms=110.018 ecn_mark=481 drop=0
[QUEUE_STATS] t_ms=6672 q_pkts=215 q_bytes=323360 qdelay_l_ms=0.832835 qdelay_c_ms=110.74 ecn_mark=481 drop=0
[QUEUE_STATS] t_ms=6688 q_pkts=214 q_bytes=321856 qdelay_l_ms=0.831713 qdelay_c_ms=108.813 ecn_mark=481 drop=0
[QUEUE_STATS] t_ms=6704 q_pkts=215 q_bytes=323360 qdelay_l_ms=0.694856 qdelay_c_ms=109.93 ecn_mark=481 drop=0
[QUEUE_STATS] t_ms=6720 q_pkts=216 q_bytes=324864 qdelay_l_ms=0.842283 qdelay_c_ms=108.926 ecn_mark=481 drop=0
[QUEUE_STATS] t_ms=6736 q_pkts=217 q_bytes=326368 qdelay_l_ms=0.843806 qdelay_c_ms=109.842 ecn_mark=482 drop=0
[QUEUE_STATS] t_ms=6752 q_pkts=218 q_bytes=327872 qdelay_l_ms=1.09785 qdelay_c_ms=110.994 ecn_mark=482 drop=0
[QUEUE_STATS] t_ms=6768 q_pkts=216 q_bytes=324864 qdelay_l_ms=1.06852 qdelay_c_ms=106.893 ecn_mark=482 drop=0
[QUEUE_STATS] t_ms=6784 q_pkts=216 q_bytes=324864 qdelay_l_ms=0.713822 qdelay_c_ms=110.776 ecn_mark=483 drop=0
[QUEUE_STATS] t_ms=6800 q_pkts=218 q_bytes=327872 qdelay_l_ms=0.765368 qdelay_c_ms=111.967 ecn_mark=484 drop=0
[QUEUE_STATS] t_ms=6816 q_pkts=217 q_bytes=326368 qdelay_l_ms=0.949314 qdelay_c_ms=109.141 ecn_mark=484 drop=0
[QUEUE_STATS] t_ms=6832 q_pkts=218 q_bytes=327872 qdelay_l_ms=1.10003 qdelay_c_ms=110.327 ecn_mark=484 drop=0
[QUEUE_STATS] t_ms=6848 q_pkts=220 q_bytes=330880 qdelay_l_ms=1.05099 qdelay_c_ms=112.176 ecn_mark=485 drop=0
[QUEUE_STATS] t_ms=6864 q_pkts=220 q_bytes=330880 qdelay_l_ms=1.12764 qdelay_c_ms=108.084 ecn_mark=485 drop=0
[QUEUE_STATS] t_ms=6880 q_pkts=220 q_bytes=330880 qdelay_l_ms=1.06841 qdelay_c_ms=112.192 ecn_mark=487 drop=0
[QUEUE_STATS] t_ms=6896 q_pkts=221 q_bytes=332384 qdelay_l_ms=0.945297 qdelay_c_ms=110.013 ecn_mark=489 drop=0
[QUEUE_STATS] t_ms=6912 q_pkts=220 q_bytes=330880 qdelay_l_ms=1.11015 qdelay_c_ms=110.152 ecn_mark=491 drop=0
[QUEUE_STATS] t_ms=6928 q_pkts=221 q_bytes=332384 qdelay_l_ms=0.970323 qdelay_c_ms=112.943 ecn_mark=491 drop=0
[QUEUE_STATS] t_ms=6944 q_pkts=224 q_bytes=336896 qdelay_l_ms=1.07941 qdelay_c_ms=110.584 ecn_mark=492 drop=0
[QUEUE_STATS] t_ms=6960 q_pkts=221 q_bytes=332384 qdelay_l_ms=1.10342 qdelay_c_ms=112.028 ecn_mark=495 drop=0
[QUEUE_STATS] t_ms=6976 q_pkts=225 q_bytes=338400 qdelay_l_ms=0.796477 qdelay_c_ms=112.919 ecn_mark=497 drop=0
[QUEUE_STATS] t_ms=6992 q_pkts=222 q_bytes=333888 qdelay_l_ms=0.842724 qdelay_c_ms=110.409 ecn_mark=497 drop=0
[QUEUE_STATS] t_ms=7008 q_pkts=222 q_bytes=333888 qdelay_l_ms=1.07121 qdelay_c_ms=112.767 ecn_mark=500 drop=0
[QUEUE_STATS] t_ms=7024 q_pkts=224 q_bytes=336896 qdelay_l_ms=1.09085 qdelay_c_ms=111.657 ecn_mark=501 drop=0
[QUEUE_STATS] t_ms=7040 q_pkts=224 q_bytes=336896 qdelay_l_ms=0.973941 qdelay_c_ms=109.963 ecn_mark=502 drop=0
[QUEUE_STATS] t_ms=7056 q_pkts=224 q_bytes=336896 qdelay_l_ms=0.966527 qdelay_c_ms=113.012 ecn_mark=503 drop=0
[QUEUE_STATS] t_ms=7072 q_pkts=225 q_bytes=338400 qdelay_l_ms=1.0927 qdelay_c_ms=111.954 ecn_mark=503 drop=0
[QUEUE_STATS] t_ms=7088 q_pkts=227 q_bytes=341408 qdelay_l_ms=0.852361 qdelay_c_ms=112.809 ecn_mark=505 drop=0
[QUEUE_STATS] t_ms=7104 q_pkts=224 q_bytes=336896 qdelay_l_ms=0.667535 qdelay_c_ms=113.043 ecn_mark=506 drop=0
[QUEUE_STATS] t_ms=7120 q_pkts=224 q_bytes=336896 qdelay_l_ms=0.837334 qdelay_c_ms=113.079 ecn_mark=507 drop=0
[QUEUE_STATS] t_ms=7136 q_pkts=227 q_bytes=341408 qdelay_l_ms=0.837133 qdelay_c_ms=113.023 ecn_mark=509 drop=0
[QUEUE_STATS] t_ms=7152 q_pkts=224 q_bytes=336896 qdelay_l_ms=0.802348 qdelay_c_ms=112.841 ecn_mark=513 drop=0
[QUEUE_STATS] t_ms=7168 q_pkts=227 q_bytes=341408 qdelay_l_ms=1.067 qdelay_c_ms=111.228 ecn_mark=515 drop=0
[QUEUE_STATS] t_ms=7184 q_pkts=227 q_bytes=341408 qdelay_l_ms=1.0986 qdelay_c_ms=112.875 ecn_mark=517 drop=0
[QUEUE_STATS] t_ms=7200 q_pkts=226 q_bytes=339904 qdelay_l_ms=1.0852 qdelay_c_ms=113.167 ecn_mark=518 drop=0
[QUEUE_STATS] t_ms=7216 q_pkts=227 q_bytes=341408 qdelay_l_ms=1.07719 qdelay_c_ms=111.091 ecn_mark=521 drop=0
[QUEUE_STATS] t_ms=7232 q_pkts=230 q_bytes=345920 qdelay_l_ms=0.858724 qdelay_c_ms=111.916 ecn_mark=526 drop=0
[QUEUE_STATS] t_ms=7248 q_pkts=225 q_bytes=338400 qdelay_l_ms=1.11017 qdelay_c_ms=112.355 ecn_mark=528 drop=0
[QUEUE_STATS] t_ms=7264 q_pkts=227 q_bytes=341408 qdelay_l_ms=0.655061 qdelay_c_ms=111.944 ecn_mark=528 drop=0
[QUEUE_STATS] t_ms=7280 q_pkts=230 q_bytes=345920 qdelay_l_ms=1.10802 qdelay_c_ms=112.747 ecn_mark=530 drop=0
[QUEUE_STATS] t_ms=7296 q_pkts=226 q_bytes=339904 qdelay_l_ms=1.04473 qdelay_c_ms=111.057 ecn_mark=532 drop=0
[QUEUE_STATS] t_ms=7312 q_pkts=227 q_bytes=341408 qdelay_l_ms=1.09865 qdelay_c_ms=110.912 ecn_mark=533 drop=0
[QUEUE_STATS] t_ms=7328 q_pkts=230 q_bytes=345920 qdelay_l_ms=0.922624 qdelay_c_ms=110.91 ecn_mark=537 drop=0
[QUEUE_STATS] t_ms=7344 q_pkts=225 q_bytes=338400 qdelay_l_ms=1.05356 qdelay_c_ms=110.979 ecn_mark=538 drop=0
[QUEUE_STATS] t_ms=7360 q_pkts=227 q_bytes=341408 qdelay_l_ms=1.07238 qdelay_c_ms=110.987 ecn_mark=538 drop=0
[QUEUE_STATS] t_ms=7376 q_pkts=230 q_bytes=345920 qdelay_l_ms=1.09798 qdelay_c_ms=109.921 ecn_mark=540 drop=0
[QUEUE_STATS] t_ms=7392 q_pkts=227 q_bytes=341408 qdelay_l_ms=0.919068 qdelay_c_ms=107.922 ecn_mark=542 drop=0
[QUEUE_STATS] t_ms=7408 q_pkts=227 q_bytes=341408 qdelay_l_ms=1.07225 qdelay_c_ms=110.5 ecn_mark=542 drop=0
[QUEUE_STATS] t_ms=7424 q_pkts=230 q_bytes=345920 qdelay_l_ms=1.10688 qdelay_c_ms=109.095 ecn_mark=544 drop=0
[QUEUE_STATS] t_ms=7440 q_pkts=228 q_bytes=342912 qdelay_l_ms=0.919137 qdelay_c_ms=108.855 ecn_mark=544 drop=0
[QUEUE_STATS] t_ms=7456 q_pkts=228 q_bytes=342912 qdelay_l_ms=1.08594 qdelay_c_ms=109.465 ecn_mark=545 drop=0
[QUEUE_STATS] t_ms=7472 q_pkts=232 q_bytes=348928 qdelay_l_ms=0.86744 qdelay_c_ms=108.734 ecn_mark=547 drop=0
[QUEUE_STATS] t_ms=7488 q_pkts=227 q_bytes=341408 qdelay_l_ms=1.09859 qdelay_c_ms=108.116 ecn_mark=548 drop=0
[QUEUE_STATS] t_ms=7504 q_pkts=228 q_bytes=342912 qdelay_l_ms=0.672344 qdelay_c_ms=108.984 ecn_mark=551 drop=0
[QUEUE_STATS] t_ms=7520 q_pkts=231 q_bytes=347424 qdelay_l_ms=0.710065 qdelay_c_ms=106.374 ecn_mark=553 drop=0
[QUEUE_STATS] t_ms=7536 q_pkts=230 q_bytes=345920 qdelay_l_ms=0.700757 qdelay_c_ms=108.973 ecn_mark=553 drop=0
[QUEUE_STATS] t_ms=7552 q_pkts=228 q_bytes=342912 qdelay_l_ms=0.917204 qdelay_c_ms=107.958 ecn_mark=554 drop=0
[QUEUE_STATS] t_ms=7568 q_pkts=233 q_bytes=350432 qdelay_l_ms=0.244069 qdelay_c_ms=106.959 ecn_mark=556 drop=0
[QUEUE_STATS] t_ms=7584 q_pkts=231 q_bytes=347424 qdelay_l_ms=1.00008 qdelay_c_ms=108.943 ecn_mark=560 drop=0
[QUEUE_STATS] t_ms=7600 q_pkts=227 q_bytes=341408 qdelay_l_ms=1.0186 qdelay_c_ms=107.248 ecn_mark=564 drop=0
[QUEUE_STATS] t_ms=7616 q_pkts=230 q_bytes=345920 qdelay_l_ms=0.907947 qdelay_c_ms=107.01 ecn_mark=568 drop=0
[QUEUE_STATS] t_ms=7632 q_pkts=228 q_bytes=342912 qdelay_l_ms=0.940778 qdelay_c_ms=106.942 ecn_mark=571 drop=0
[QUEUE_STATS] t_ms=7648 q_pkts=228 q_bytes=342912 qdelay_l_ms=1.0714 qdelay_c_ms=105.961 ecn_mark=573 drop=0
[QUEUE_STATS] t_ms=7664 q_pkts=232 q_bytes=348928 qdelay_l_ms=0.941159 qdelay_c_ms=107.068 ecn_mark=573 drop=0
[QUEUE_STATS] t_ms=7680 q_pkts=228 q_bytes=342912 qdelay_l_ms=1.09157 qdelay_c_ms=105.277 ecn_mark=575 drop=0
[QUEUE_STATS] t_ms=7696 q_pkts=227 q_bytes=341408 qdelay_l_ms=1.10297 qdelay_c_ms=104.412 ecn_mark=577 drop=0
[QUEUE_STATS] t_ms=7712 q_pkts=231 q_bytes=347424 qdelay_l_ms=0.956769 qdelay_c_ms=104.948 ecn_mark=581 drop=0
[QUEUE_STATS] t_ms=7728 q_pkts=228 q_bytes=342912 qdelay_l_ms=0.945316 qdelay_c_ms=103.039 ecn_mark=582 drop=0
[QUEUE_STATS] t_ms=7744 q_pkts=228 q_bytes=342912 qdelay_l_ms=1.08368 qdelay_c_ms=104.63 ecn_mark=584 drop=0
[QUEUE_STATS] t_ms=7760 q_pkts=231 q_bytes=347424 qdelay_l_ms=1.07082 qdelay_c_ms=104.337 ecn_mark=585 drop=0
[QUEUE_STATS] t_ms=7776 q_pkts=226 q_bytes=339904 qdelay_l_ms=1.0518 qdelay_c_ms=103.015 ecn_mark=587 drop=0
[QUEUE_STATS] t_ms=7792 q_pkts=228 q_bytes=342912 qdelay_l_ms=1.08805 qdelay_c_ms=102.302 ecn_mark=589 drop=0
[QUEUE_STATS] t_ms=7808 q_pkts=233 q_bytes=350432 qdelay_l_ms=1.04011 qdelay_c_ms=102.62 ecn_mark=590 drop=0
[QUEUE_STATS] t_ms=7824 q_pkts=228 q_bytes=342912 qdelay_l_ms=0.981214 qdelay_c_ms=101.886 ecn_mark=593 drop=0
[QUEUE_STATS] t_ms=7840 q_pkts=227 q_bytes=341408 qdelay_l_ms=0.804322 qdelay_c_ms=99.6377 ecn_mark=594 drop=0
[QUEUE_STATS] t_ms=7856 q_pkts=233 q_bytes=350432 qdelay_l_ms=0 qdelay_c_ms=101.054 ecn_mark=595 drop=0
[QUEUE_STATS] t_ms=7872 q_pkts=226 q_bytes=339904 qdelay_l_ms=0.990241 qdelay_c_ms=100.939 ecn_mark=597 drop=0
[QUEUE_STATS] t_ms=7888 q_pkts=226 q_bytes=339904 qdelay_l_ms=0.992746 qdelay_c_ms=98.6484 ecn_mark=597 drop=0
[QUEUE_STATS] t_ms=7904 q_pkts=232 q_bytes=348928 qdelay_l_ms=1.00929 qdelay_c_ms=99.9843 ecn_mark=602 drop=0
[QUEUE_STATS] t_ms=7920 q_pkts=228 q_bytes=342912 qdelay_l_ms=1.0132 qdelay_c_ms=99.9291 ecn_mark=603 drop=0
[QUEUE_STATS] t_ms=7936 q_pkts=229 q_bytes=344416 qdelay_l_ms=1.09573 qdelay_c_ms=98.4192 ecn_mark=605 drop=0
[QUEUE_STATS] t_ms=7952 q_pkts=232 q_bytes=348928 qdelay_l_ms=1.01292 qdelay_c_ms=99.0757 ecn_mark=607 drop=0
[QUEUE_STATS] t_ms=7968 q_pkts=229 q_bytes=344416 qdelay_l_ms=1.02678 qdelay_c_ms=99.0191 ecn_mark=609 drop=0
[QUEUE_STATS] t_ms=7984 q_pkts=227 q_bytes=341408 qdelay_l_ms=1.06722 qdelay_c_ms=98.1217 ecn_mark=609 drop=0
[QUEUE_STATS] t_ms=8000 q_pkts=227 q_bytes=341408 qdelay_l_ms=1.00553 qdelay_c_ms=99.2541 ecn_mark=609 drop=0
[QUEUE_STATS] t_ms=8016 q_pkts=216 q_bytes=324864 qdelay_l_ms=1.11014 qdelay_c_ms=99.3875 ecn_mark=609 drop=0
[QUEUE_STATS] t_ms=8032 q_pkts=206 q_bytes=309824 qdelay_l_ms=1.01883 qdelay_c_ms=98.1975 ecn_mark=610 drop=0
[QUEUE_STATS] t_ms=8048 q_pkts=194 q_bytes=291776 qdelay_l_ms=1.0823 qdelay_c_ms=99.4525 ecn_mark=613 drop=0
[QUEUE_STATS] t_ms=8064 q_pkts=183 q_bytes=275232 qdelay_l_ms=1.08312 qdelay_c_ms=100.522 ecn_mark=614 drop=0
[QUEUE_STATS] t_ms=8080 q_pkts=172 q_bytes=258688 qdelay_l_ms=1.03513 qdelay_c_ms=98.9796 ecn_mark=616 drop=0
[QUEUE_STATS] t_ms=8096 q_pkts=160 q_bytes=240640 qdelay_l_ms=0.820562 qdelay_c_ms=98.7229 ecn_mark=618 drop=0
[QUEUE_STATS] t_ms=8112 q_pkts=150 q_bytes=225600 qdelay_l_ms=1.09654 qdelay_c_ms=93.2525 ecn_mark=624 drop=0
[QUEUE_STATS] t_ms=8128 q_pkts=137 q_bytes=206048 qdelay_l_ms=1.00435 qdelay_c_ms=84.7937 ecn_mark=626 drop=0
[QUEUE_STATS] t_ms=8144 q_pkts=129 q_bytes=194016 qdelay_l_ms=0.518916 qdelay_c_ms=76.9535 ecn_mark=627 drop=0
[QUEUE_STATS] t_ms=8160 q_pkts=129 q_bytes=194016 qdelay_l_ms=1.04847 qdelay_c_ms=71.22 ecn_mark=629 drop=0
[QUEUE_STATS] t_ms=8176 q_pkts=131 q_bytes=197024 qdelay_l_ms=1.01718 qdelay_c_ms=61.0684 ecn_mark=629 drop=0
[QUEUE_STATS] t_ms=8192 q_pkts=131 q_bytes=197024 qdelay_l_ms=1.06871 qdelay_c_ms=55.2113 ecn_mark=630 drop=0
[QUEUE_STATS] t_ms=8208 q_pkts=131 q_bytes=197024 qdelay_l_ms=1.10286 qdelay_c_ms=54.0695 ecn_mark=631 drop=0
[QUEUE_STATS] t_ms=8224 q_pkts=132 q_bytes=198528 qdelay_l_ms=1.0479 qdelay_c_ms=56.1688 ecn_mark=632 drop=0
[QUEUE_STATS] t_ms=8240 q_pkts=131 q_bytes=197024 qdelay_l_ms=1.09566 qdelay_c_ms=55.4058 ecn_mark=633 drop=0
[QUEUE_STATS] t_ms=8256 q_pkts=132 q_bytes=198528 qdelay_l_ms=1.05116 qdelay_c_ms=53.7883 ecn_mark=633 drop=0
[QUEUE_STATS] t_ms=8272 q_pkts=132 q_bytes=198528 qdelay_l_ms=1.03456 qdelay_c_ms=54.8208 ecn_mark=634 drop=0
[QUEUE_STATS] t_ms=8288 q_pkts=132 q_bytes=198528 qdelay_l_ms=0.94707 qdelay_c_ms=55.0265 ecn_mark=636 drop=0
[QUEUE_STATS] t_ms=8304 q_pkts=134 q_bytes=201536 qdelay_l_ms=1.06296 qdelay_c_ms=54.6361 ecn_mark=637 drop=0
[QUEUE_STATS] t_ms=8320 q_pkts=133 q_bytes=200032 qdelay_l_ms=1.04419 qdelay_c_ms=53.2064 ecn_mark=638 drop=0
[QUEUE_STATS] t_ms=8336 q_pkts=134 q_bytes=201536 qdelay_l_ms=1.07002 qdelay_c_ms=55.9666 ecn_mark=638 drop=0
[QUEUE_STATS] t_ms=8352 q_pkts=136 q_bytes=204544 qdelay_l_ms=1.06372 qdelay_c_ms=56.0453 ecn_mark=639 drop=0
[QUEUE_STATS] t_ms=8368 q_pkts=133 q_bytes=200032 qdelay_l_ms=0.494289 qdelay_c_ms=55.0339 ecn_mark=641 drop=0
[QUEUE_STATS] t_ms=8384 q_pkts=134 q_bytes=201536 qdelay_l_ms=0.818708 qdelay_c_ms=55.1682 ecn_mark=643 drop=0
[QUEUE_STATS] t_ms=8400 q_pkts=135 q_bytes=203040 qdelay_l_ms=1.05413 qdelay_c_ms=52.7557 ecn_mark=644 drop=0
[QUEUE_STATS] t_ms=8416 q_pkts=134 q_bytes=201536 qdelay_l_ms=1.07194 qdelay_c_ms=55.1372 ecn_mark=646 drop=0
[QUEUE_STATS] t_ms=8432 q_pkts=134 q_bytes=201536 qdelay_l_ms=1.05474 qdelay_c_ms=54.7623 ecn_mark=648 drop=0
[QUEUE_STATS] t_ms=8448 q_pkts=136 q_bytes=204544 qdelay_l_ms=0.499319 qdelay_c_ms=53.5932 ecn_mark=651 drop=0
[QUEUE_STATS] t_ms=8464 q_pkts=134 q_bytes=201536 qdelay_l_ms=1.09636 qdelay_c_ms=54.8622 ecn_mark=652 drop=0
[QUEUE_STATS] t_ms=8480 q_pkts=134 q_bytes=201536 qdelay_l_ms=1.09566 qdelay_c_ms=55.1574 ecn_mark=656 drop=0
[QUEUE_STATS] t_ms=8496 q_pkts=136 q_bytes=204544 qdelay_l_ms=0.563819 qdelay_c_ms=54.5583 ecn_mark=656 drop=0
[QUEUE_STATS] t_ms=8512 q_pkts=135 q_bytes=203040 qdelay_l_ms=1.07159 qdelay_c_ms=54.1792 ecn_mark=656 drop=0
[QUEUE_STATS] t_ms=8528 q_pkts=135 q_bytes=203040 qdelay_l_ms=1.11329 qdelay_c_ms=55.708 ecn_mark=657 drop=0
[QUEUE_STATS] t_ms=8544 q_pkts=137 q_bytes=206048 qdelay_l_ms=1.08577 qdelay_c_ms=54.939 ecn_mark=661 drop=0
[QUEUE_STATS] t_ms=8560 q_pkts=136 q_bytes=204544 qdelay_l_ms=1.07231 qdelay_c_ms=53.6433 ecn_mark=663 drop=0
[QUEUE_STATS] t_ms=8576 q_pkts=136 q_bytes=204544 qdelay_l_ms=1.08836 qdelay_c_ms=55.1316 ecn_mark=664 drop=0
[QUEUE_STATS] t_ms=8592 q_pkts=138 q_bytes=207552 qdelay_l_ms=1.07081 qdelay_c_ms=55.4598 ecn_mark=664 drop=0
[QUEUE_STATS] t_ms=8608 q_pkts=138 q_bytes=207552 qdelay_l_ms=0.546326 qdelay_c_ms=54.5717 ecn_mark=666 drop=0
[QUEUE_STATS] t_ms=8624 q_pkts=137 q_bytes=206048 qdelay_l_ms=1.11304 qdelay_c_ms=54.7355 ecn_mark=668 drop=0
[QUEUE_STATS] t_ms=8640 q_pkts=139 q_bytes=209056 qdelay_l_ms=1.09418 qdelay_c_ms=54.8159 ecn_mark=670 drop=0
[QUEUE_STATS] t_ms=8656 q_pkts=138 q_bytes=207552 qdelay_l_ms=1.06675 qdelay_c_ms=54.6277 ecn_mark=673 drop=0
[QUEUE_STATS] t_ms=8672 q_pkts=138 q_bytes=207552 qdelay_l_ms=1.11201 qdelay_c_ms=55.5647 ecn_mark=676 drop=0
[QUEUE_STATS] t_ms=8688 q_pkts=140 q_bytes=210560 qdelay_l_ms=1.10571 qdelay_c_ms=54.8846 ecn_mark=677 drop=0
[QUEUE_STATS] t_ms=8704 q_pkts=133 q_bytes=200032 qdelay_l_ms=1.07958 qdelay_c_ms=54.1668 ecn_mark=678 drop=0
[QUEUE_STATS] t_ms=8720 q_pkts=122 q_bytes=183488 qdelay_l_ms=1.04594 qdelay_c_ms=54.759 ecn_mark=680 drop=0
[QUEUE_STATS] t_ms=8736 q_pkts=108 q_bytes=162432 qdelay_l_ms=1.07159 qdelay_c_ms=54.3075 ecn_mark=681 drop=0
[QUEUE_STATS] t_ms=8752 q_pkts=97 q_bytes=145888 qdelay_l_ms=1.05313 qdelay_c_ms=54.0481 ecn_mark=682 drop=0
[QUEUE_STATS] t_ms=8768 q_pkts=87 q_bytes=130848 qdelay_l_ms=1.05772 qdelay_c_ms=48.0767 ecn_mark=683 drop=0
[QUEUE_STATS] t_ms=8784 q_pkts=71 q_bytes=106784 qdelay_l_ms=1.06847 qdelay_c_ms=40.0314 ecn_mark=686 drop=0
[QUEUE_STATS] t_ms=8800 q_pkts=64 q_bytes=96256 qdelay_l_ms=1.07802 qdelay_c_ms=33.1029 ecn_mark=686 drop=0
[QUEUE_STATS] t_ms=8816 q_pkts=65 q_bytes=97760 qdelay_l_ms=1.0709 qdelay_c_ms=27.8189 ecn_mark=688 drop=0
[QUEUE_STATS] t_ms=8832 q_pkts=62 q_bytes=93248 qdelay_l_ms=1.04026 qdelay_c_ms=23.1533 ecn_mark=689 drop=0
[QUEUE_STATS] t_ms=8848 q_pkts=63 q_bytes=94752 qdelay_l_ms=0.882148 qdelay_c_ms=25.3916 ecn_mark=692 drop=0
[QUEUE_STATS] t_ms=8864 q_pkts=66 q_bytes=99264 qdelay_l_ms=1.09062 qdelay_c_ms=25.0886 ecn_mark=692 drop=0
[QUEUE_STATS] t_ms=8880 q_pkts=62 q_bytes=93248 qdelay_l_ms=0.759307 qdelay_c_ms=22.8731 ecn_mark=696 drop=0
[QUEUE_STATS] t_ms=8896 q_pkts=65 q_bytes=97760 qdelay_l_ms=1.06805 qdelay_c_ms=26.1259 ecn_mark=698 drop=0
[QUEUE_STATS] t_ms=8912 q_pkts=66 q_bytes=99264 qdelay_l_ms=0.658237 qdelay_c_ms=24.6918 ecn_mark=700 drop=0
[QUEUE_STATS] t_ms=8928 q_pkts=64 q_bytes=96256 qdelay_l_ms=1.07162 qdelay_c_ms=23.68 ecn_mark=701 drop=0
[QUEUE_STATS] t_ms=8944 q_pkts=64 q_bytes=96256 qdelay_l_ms=1.06192 qdelay_c_ms=25.2675 ecn_mark=703 drop=0
[QUEUE_STATS] t_ms=8960 q_pkts=66 q_bytes=99264 qdelay_l_ms=1.05295 qdelay_c_ms=25.1515 ecn_mark=704 drop=0
[QUEUE_STATS] t_ms=8976 q_pkts=63 q_bytes=94752 qdelay_l_ms=0.79292 qdelay_c_ms=23.3131 ecn_mark=708 drop=0
[QUEUE_STATS] t_ms=8992 q_pkts=65 q_bytes=97760 qdelay_l_ms=0.379453 qdelay_c_ms=24.9527 ecn_mark=709 drop=0
[QUEUE_STATS] t_ms=9008 q_pkts=68 q_bytes=102272 qdelay_l_ms=1.03438 qdelay_c_ms=24.9878 ecn_mark=713 drop=0
[QUEUE_STATS] t_ms=9024 q_pkts=63 q_bytes=94752 qdelay_l_ms=1.0655 qdelay_c_ms=23.804 ecn_mark=715 drop=0
[QUEUE_STATS] t_ms=9040 q_pkts=62 q_bytes=93248 qdelay_l_ms=1.062 qdelay_c_ms=25.2762 ecn_mark=716 drop=0
[QUEUE_STATS] t_ms=9056 q_pkts=52 q_bytes=78208 qdelay_l_ms=1.05044 qdelay_c_ms=24.8559 ecn_mark=720 drop=0
[QUEUE_STATS] t_ms=9072 q_pkts=36 q_bytes=54144 qdelay_l_ms=1.02849 qdelay_c_ms=18.9491 ecn_mark=722 drop=0
[QUEUE_STATS] t_ms=9088 q_pkts=23 q_bytes=34592 qdelay_l_ms=1.06717 qdelay_c_ms=12.5498 ecn_mark=723 drop=0
[QUEUE_STATS] t_ms=9104 q_pkts=13 q_bytes=19552 qdelay_l_ms=0.710726 qdelay_c_ms=5.0085 ecn_mark=723 drop=0
[QUEUE_STATS] t_ms=9120 q_pkts=10 q_bytes=15040 qdelay_l_ms=1.10141 qdelay_c_ms=2.97063 ecn_mark=723 drop=0
[QUEUE_STATS] t_ms=9136 q_pkts=11 q_bytes=16544 qdelay_l_ms=1.07189 qdelay_c_ms=2.50408 ecn_mark=726 drop=0
[QUEUE_STATS] t_ms=9152 q_pkts=15 q_bytes=22560 qdelay_l_ms=0.744169 qdelay_c_ms=3.83453 ecn_mark=726 drop=0
[QUEUE_STATS] t_ms=9168 q_pkts=10 q_bytes=15040 qdelay_l_ms=1.04254 qdelay_c_ms=4.83362 ecn_mark=727 drop=0
[QUEUE_STATS] t_ms=9184 q_pkts=10 q_bytes=15040 qdelay_l_ms=1.06122 qdelay_c_ms=4.36045 ecn_mark=728 drop=0
[QUEUE_STATS] t_ms=9200 q_pkts=12 q_bytes=18048 qdelay_l_ms=0.783012 qdelay_c_ms=3.8919 ecn_mark=728 drop=0
[QUEUE_STATS] t_ms=9216 q_pkts=10 q_bytes=15040 qdelay_l_ms=1.07811 qdelay_c_ms=4.91033 ecn_mark=730 drop=0
[QUEUE_STATS] t_ms=9232 q_pkts=11 q_bytes=16544 qdelay_l_ms=1.09518 qdelay_c_ms=4.11526 ecn_mark=730 drop=0
[QUEUE_STATS] t_ms=9248 q_pkts=15 q_bytes=22560 qdelay_l_ms=1.102 qdelay_c_ms=4.72064 ecn_mark=731 drop=0
[QUEUE_STATS] t_ms=9264 q_pkts=11 q_bytes=16544 qdelay_l_ms=0.779034 qdelay_c_ms=4.66436 ecn_mark=732 drop=0
[QUEUE_STATS] t_ms=9280 q_pkts=12 q_bytes=18048 qdelay_l_ms=1.06568 qdelay_c_ms=4.34326 ecn_mark=732 drop=0
[QUEUE_STATS] t_ms=9296 q_pkts=13 q_bytes=19552 qdelay_l_ms=0.971696 qdelay_c_ms=4.24279 ecn_mark=733 drop=0
[QUEUE_STATS] t_ms=9312 q_pkts=15 q_bytes=22560 qdelay_l_ms=0.965554 qdelay_c_ms=5.0616 ecn_mark=734 drop=0
[QUEUE_STATS] t_ms=9328 q_pkts=14 q_bytes=21056 qdelay_l_ms=1.09707 qdelay_c_ms=4.19861 ecn_mark=736 drop=0
[QUEUE_STATS] t_ms=9344 q_pkts=14 q_bytes=21056 qdelay_l_ms=1.09434 qdelay_c_ms=4.32504 ecn_mark=739 drop=0
[QUEUE_STATS] t_ms=9360 q_pkts=15 q_bytes=22560 qdelay_l_ms=1.06619 qdelay_c_ms=4.99074 ecn_mark=740 drop=0
[QUEUE_STATS] t_ms=9376 q_pkts=15 q_bytes=22560 qdelay_l_ms=1.08594 qdelay_c_ms=5.21512 ecn_mark=740 drop=0
[QUEUE_STATS] t_ms=9392 q_pkts=16 q_bytes=24064 qdelay_l_ms=0.807668 qdelay_c_ms=5.0617 ecn_mark=743 drop=0
[QUEUE_STATS] t_ms=9408 q_pkts=14 q_bytes=21056 qdelay_l_ms=1.05438 qdelay_c_ms=5.21229 ecn_mark=747 drop=0
[QUEUE_STATS] t_ms=9424 q_pkts=14 q_bytes=21056 qdelay_l_ms=0.83507 qdelay_c_ms=4.89027 ecn_mark=748 drop=0
[QUEUE_STATS] t_ms=9440 q_pkts=14 q_bytes=21056 qdelay_l_ms=1.06504 qdelay_c_ms=5.10105 ecn_mark=752 drop=0
[QUEUE_STATS] t_ms=9456 q_pkts=14 q_bytes=21056 qdelay_l_ms=1.08482 qdelay_c_ms=5.46964 ecn_mark=753 drop=0
[QUEUE_STATS] t_ms=9472 q_pkts=15 q_bytes=22560 qdelay_l_ms=0.882268 qdelay_c_ms=4.71571 ecn_mark=753 drop=0
[QUEUE_STATS] t_ms=9488 q_pkts=13 q_bytes=19552 qdelay_l_ms=1.10524 qdelay_c_ms=5.15365 ecn_mark=753 drop=0
[QUEUE_STATS] t_ms=9504 q_pkts=11 q_bytes=16544 qdelay_l_ms=0.361129 qdelay_c_ms=3.62877 ecn_mark=755 drop=0
[QUEUE_STATS] t_ms=9520 q_pkts=17 q_bytes=25568 qdelay_l_ms=0 qdelay_c_ms=3.75444 ecn_mark=757 drop=0
[QUEUE_STATS] t_ms=9536 q_pkts=15 q_bytes=22560 qdelay_l_ms=1.09937 qdelay_c_ms=5.17885 ecn_mark=758 drop=0
[QUEUE_STATS] t_ms=9552 q_pkts=13 q_bytes=19552 qdelay_l_ms=1.09992 qdelay_c_ms=3.64185 ecn_mark=762 drop=0
[QUEUE_STATS] t_ms=9568 q_pkts=15 q_bytes=22560 qdelay_l_ms=0.898288 qdelay_c_ms=4.95258 ecn_mark=763 drop=0
[QUEUE_STATS] t_ms=9584 q_pkts=4 q_bytes=6016 qdelay_l_ms=0.911834 qdelay_c_ms=2.05246 ecn_mark=764 drop=0
[QUEUE_STATS] t_ms=9600 q_pkts=4 q_bytes=6016 qdelay_l_ms=1.08487 qdelay_c_ms=1.07377 ecn_mark=765 drop=0
[QUEUE_STATS] t_ms=9616 q_pkts=4 q_bytes=6016 qdelay_l_ms=0.410792 qdelay_c_ms=0.429628 ecn_mark=767 drop=0
[QUEUE_STATS] t_ms=9632 q_pkts=5 q_bytes=7520 qdelay_l_ms=1.06586 qdelay_c_ms=1.10033 ecn_mark=768 drop=0
[QUEUE_STATS] t_ms=9648 q_pkts=5 q_bytes=7520 qdelay_l_ms=0.402126 qdelay_c_ms=0.422314 ecn_mark=770 drop=0
[QUEUE_STATS] t_ms=9664 q_pkts=3 q_bytes=4512 qdelay_l_ms=1.06557 qdelay_c_ms=1.08808 ecn_mark=770 drop=0
[QUEUE_STATS] t_ms=9680 q_pkts=3 q_bytes=4512 qdelay_l_ms=1.0808 qdelay_c_ms=1.07464 ecn_mark=770 drop=0
[QUEUE_STATS] t_ms=9696 q_pkts=3 q_bytes=4512 qdelay_l_ms=1.07542 qdelay_c_ms=1.09835 ecn_mark=771 drop=0
[QUEUE_STATS] t_ms=9712 q_pkts=6 q_bytes=9024 qdelay_l_ms=1.11067 qdelay_c_ms=2.06805 ecn_mark=771 drop=0
[QUEUE_STATS] t_ms=9728 q_pkts=3 q_bytes=4512 qdelay_l_ms=1.07767 qdelay_c_ms=1.46459 ecn_mark=771 drop=0
[QUEUE_STATS] t_ms=9744 q_pkts=3 q_bytes=4512 qdelay_l_ms=1.0865 qdelay_c_ms=1.08045 ecn_mark=772 drop=0
[QUEUE_STATS] t_ms=9760 q_pkts=9 q_bytes=13536 qdelay_l_ms=1.06591 qdelay_c_ms=4.13882 ecn_mark=774 drop=0
[QUEUE_STATS] t_ms=9776 q_pkts=6 q_bytes=9024 qdelay_l_ms=0.411313 qdelay_c_ms=0.403668 ecn_mark=776 drop=0
[QUEUE_STATS] t_ms=9792 q_pkts=2 q_bytes=3008 qdelay_l_ms=0.031529 qdelay_c_ms=0.024987 ecn_mark=776 drop=0
[QUEUE_STATS] t_ms=9808 q_pkts=4 q_bytes=6016 qdelay_l_ms=1.1036 qdelay_c_ms=2.11954 ecn_mark=776 drop=0
[QUEUE_STATS] t_ms=9824 q_pkts=4 q_bytes=6016 qdelay_l_ms=0.634833 qdelay_c_ms=0.625185 ecn_mark=777 drop=0
[QUEUE_STATS] t_ms=9840 q_pkts=6 q_bytes=9024 qdelay_l_ms=1.09462 qdelay_c_ms=1.78214 ecn_mark=780 drop=0
[QUEUE_STATS] t_ms=9856 q_pkts=4 q_bytes=6016 qdelay_l_ms=1.00517 qdelay_c_ms=0.998577 ecn_mark=780 drop=0
[QUEUE_STATS] t_ms=9872 q_pkts=2 q_bytes=3008 qdelay_l_ms=0.735402 qdelay_c_ms=0 ecn_mark=780 drop=0
[QUEUE_STATS] t_ms=9888 q_pkts=6 q_bytes=9024 qdelay_l_ms=0.401705 qdelay_c_ms=0.391175 ecn_mark=783 drop=0
[QUEUE_STATS] t_ms=9904 q_pkts=3 q_bytes=4512 qdelay_l_ms=1.08771 qdelay_c_ms=1.08059 ecn_mark=786 drop=0
[QUEUE_STATS] t_ms=9920 q_pkts=3 q_bytes=4512 qdelay_l_ms=1.09011 qdelay_c_ms=1.08279 ecn_mark=787 drop=0
[QUEUE_STATS] t_ms=9936 q_pkts=6 q_bytes=9024 qdelay_l_ms=0.696239 qdelay_c_ms=1.83147 ecn_mark=788 drop=0
[QUEUE_STATS] t_ms=9952 q_pkts=3 q_bytes=4512 qdelay_l_ms=1.10128 qdelay_c_ms=1.09026 ecn_mark=789 drop=0
[QUEUE_STATS] t_ms=9968 q_pkts=6 q_bytes=9024 qdelay_l_ms=0 qdelay_c_ms=0.783503 ecn_mark=793 drop=0
[QUEUE_STATS] t_ms=9984 q_pkts=4 q_bytes=6016 qdelay_l_ms=0.954574 qdelay_c_ms=0.949274 ecn_mark=793 drop=0
[QUEUE_STATS] t_ms=10000 q_pkts=4 q_bytes=6016 qdelay_l_ms=1.08434 qdelay_c_ms=1.07825 ecn_mark=793 drop=0
[QUEUE_STATS] t_ms=10016 q_pkts=6 q_bytes=9024 qdelay_l_ms=1.11635 qdelay_c_ms=1.08963 ecn_mark=794 drop=0
[QUEUE_STATS] t_ms=10032 q_pkts=3 q_bytes=4512 qdelay_l_ms=1.04731 qdelay_c_ms=1.0838 ecn_mark=794 drop=0
[QUEUE_STATS] t_ms=10048 q_pkts=3 q_bytes=4512 qdelay_l_ms=1.06776 qdelay_c_ms=1.09186 ecn_mark=794 drop=0
[QUEUE_STATS] t_ms=10064 q_pkts=7 q_bytes=10528 qdelay_l_ms=0.335451 qdelay_c_ms=1.44157 ecn_mark=798 drop=0
[QUEUE_STATS] t_ms=10080 q_pkts=3 q_bytes=4512 qdelay_l_ms=0.756662 qdelay_c_ms=1.8402 ecn_mark=800 drop=0
[QUEUE_STATS] t_ms=10096 q_pkts=4 q_bytes=6016 qdelay_l_ms=1.09755 qdelay_c_ms=2.13869 ecn_mark=802 drop=0
[QUEUE_STATS] t_ms=10112 q_pkts=7 q_bytes=10528 qdelay_l_ms=1.06047 qdelay_c_ms=1.10291 ecn_mark=804 drop=0
[QUEUE_STATS] t_ms=10128 q_pkts=3 q_bytes=4512 qdelay_l_ms=1.06311 qdelay_c_ms=1.05854 ecn_mark=806 drop=0
[QUEUE_STATS] t_ms=10144 q_pkts=4 q_bytes=6016 qdelay_l_ms=0.752514 qdelay_c_ms=1.83113 ecn_mark=807 drop=0
[QUEUE_STATS] t_ms=10160 q_pkts=6 q_bytes=9024 qdelay_l_ms=1.01398 qdelay_c_ms=1.04061 ecn_mark=808 drop=0
[QUEUE_STATS] t_ms=10176 q_pkts=4 q_bytes=6016 qdelay_l_ms=0.768564 qdelay_c_ms=0.760369 ecn_mark=808 drop=0
[QUEUE_STATS] t_ms=10192 q_pkts=3 q_bytes=4512 qdelay_l_ms=1.08755 qdelay_c_ms=1.08037 ecn_mark=809 drop=0
[QUEUE_STATS] t_ms=10208 q_pkts=3 q_bytes=4512 qdelay_l_ms=0.737426 qdelay_c_ms=0.771861 ecn_mark=809 drop=0
[QUEUE_STATS] t_ms=10224 q_pkts=3 q_bytes=4512 qdelay_l_ms=0.743638 qdelay_c_ms=0.76633 ecn_mark=812 drop=0
[QUEUE_STATS] t_ms=10240 q_pkts=5 q_bytes=7520 qdelay_l_ms=1.06524 qdelay_c_ms=1.09346 ecn_mark=812 drop=0
[QUEUE_STATS] t_ms=10256 q_pkts=5 q_bytes=7520 qdelay_l_ms=1.04777 qdelay_c_ms=1.04212 ecn_mark=813 drop=0
[QUEUE_STATS] t_ms=10272 q_pkts=4 q_bytes=6016 qdelay_l_ms=0.726636 qdelay_c_ms=0.721666 ecn_mark=815 drop=0
[QUEUE_STATS] t_ms=10288 q_pkts=3 q_bytes=4512 qdelay_l_ms=0.828387 qdelay_c_ms=0.822406 ecn_mark=815 drop=0
[QUEUE_STATS] t_ms=10304 q_pkts=8 q_bytes=12032 qdelay_l_ms=1.1071 qdelay_c_ms=1.10093 ecn_mark=816 drop=0
[QUEUE_STATS] t_ms=10320 q_pkts=6 q_bytes=9024 qdelay_l_ms=1.05949 qdelay_c_ms=2.20773 ecn_mark=816 drop=0
[QUEUE_STATS] t_ms=10336 q_pkts=3 q_bytes=4512 qdelay_l_ms=1.04745 qdelay_c_ms=1.04234 ecn_mark=816 drop=0
[QUEUE_STATS] t_ms=10352 q_pkts=6 q_bytes=9024 qdelay_l_ms=1.03506 qdelay_c_ms=2.17808 ecn_mark=818 drop=0
[QUEUE_STATS] t_ms=10368 q_pkts=6 q_bytes=9024 qdelay_l_ms=0.380024 qdelay_c_ms=0.374935 ecn_mark=819 drop=0
[QUEUE_STATS] t_ms=10384 q_pkts=4 q_bytes=6016 qdelay_l_ms=0.879594 qdelay_c_ms=0.901044 ecn_mark=819 drop=0
[QUEUE_STATS] t_ms=10400 q_pkts=5 q_bytes=7520 qdelay_l_ms=1.06512 qdelay_c_ms=1.09892 ecn_mark=820 drop=0
[QUEUE_STATS] t_ms=10416 q_pkts=3 q_bytes=4512 qdelay_l_ms=0.533703 qdelay_c_ms=0.565082 ecn_mark=821 drop=0
[QUEUE_STATS] t_ms=10432 q_pkts=3 q_bytes=4512 qdelay_l_ms=0 qdelay_c_ms=1.87559 ecn_mark=821 drop=0
[QUEUE_STATS] t_ms=10448 q_pkts=7 q_bytes=10528 qdelay_l_ms=0.376447 qdelay_c_ms=0.407365 ecn_mark=821 drop=0
[QUEUE_STATS] t_ms=10464 q_pkts=2 q_bytes=3008 qdelay_l_ms=1.07386 qdelay_c_ms=1.08107 ecn_mark=823 drop=0
[QUEUE_STATS] t_ms=10480 q_pkts=3 q_bytes=4512 qdelay_l_ms=0.862752 qdelay_c_ms=0.851982 ecn_mark=823 drop=0
[QUEUE_STATS] t_ms=10496 q_pkts=5 q_bytes=7520 qdelay_l_ms=1.05827 qdelay_c_ms=1.09215 ecn_mark=824 drop=0
[QUEUE_STATS] t_ms=10512 q_pkts=1 q_bytes=1504 qdelay_l_ms=1.07759 qdelay_c_ms=0 ecn_mark=825 drop=0
[QUEUE_STATS] t_ms=10528 q_pkts=4 q_bytes=6016 qdelay_l_ms=1.06605 qdelay_c_ms=2.11001 ecn_mark=825 drop=0
[QUEUE_STATS] t_ms=10544 q_pkts=5 q_bytes=7520 qdelay_l_ms=1.06163 qdelay_c_ms=2.17286 ecn_mark=825 drop=0
[QUEUE_STATS] t_ms=10560 q_pkts=7 q_bytes=10528 qdelay_l_ms=1.08175 qdelay_c_ms=2.24771 ecn_mark=827 drop=0
[QUEUE_STATS] t_ms=10576 q_pkts=4 q_bytes=6016 qdelay_l_ms=0.789594 qdelay_c_ms=1.61966 ecn_mark=827 drop=0
[QUEUE_STATS] t_ms=10592 q_pkts=3 q_bytes=4512 qdelay_l_ms=0.869495 qdelay_c_ms=0.862712 ecn_mark=827 drop=0
[QUEUE_STATS] t_ms=10608 q_pkts=3 q_bytes=4512 qdelay_l_ms=1.05387 qdelay_c_ms=1.04857 ecn_mark=828 drop=0
[QUEUE_STATS] t_ms=10624 q_pkts=2 q_bytes=3008 qdelay_l_ms=1.08316 qdelay_c_ms=0 ecn_mark=829 drop=0
[QUEUE_STATS] t_ms=10640 q_pkts=3 q_bytes=4512 qdelay_l_ms=1.03798 qdelay_c_ms=1.04794 ecn_mark=829 drop=0
[QUEUE_STATS] t_ms=10656 q_pkts=5 q_bytes=7520 qdelay_l_ms=1.10771 qdelay_c_ms=1.84485 ecn_mark=832 drop=0
[QUEUE_STATS] t_ms=10672 q_pkts=5 q_bytes=7520 qdelay_l_ms=1.059 qdelay_c_ms=1.08055 ecn_mark=833 drop=0
[QUEUE_STATS] t_ms=10688 q_pkts=6 q_bytes=9024 qdelay_l_ms=1.06665 qdelay_c_ms=1.94681 ecn_mark=833 drop=0
[QUEUE_STATS] t_ms=10704 q_pkts=5 q_bytes=7520 qdelay_l_ms=1.04933 qdelay_c_ms=2.21639 ecn_mark=834 drop=0
[QUEUE_STATS] t_ms=10720 q_pkts=3 q_bytes=4512 qdelay_l_ms=1.07647 qdelay_c_ms=1.06764 ecn_mark=834 drop=0
[QUEUE_STATS] t_ms=10736 q_pkts=6 q_bytes=9024 qdelay_l_ms=1.07572 qdelay_c_ms=1.96005 ecn_mark=834 drop=0
[QUEUE_STATS] t_ms=10752 q_pkts=4 q_bytes=6016 qdelay_l_ms=1.0657 qdelay_c_ms=1.901 ecn_mark=834 drop=0
[QUEUE_STATS] t_ms=10768 q_pkts=5 q_bytes=7520 qdelay_l_ms=1.06179 qdelay_c_ms=1.10421 ecn_mark=836 drop=0
[QUEUE_STATS] t_ms=10784 q_pkts=8 q_bytes=12032 qdelay_l_ms=1.05314 qdelay_c_ms=2.21133 ecn_mark=836 drop=0
[QUEUE_STATS] t_ms=10800 q_pkts=6 q_bytes=9024 qdelay_l_ms=1.0762 qdelay_c_ms=2.10294 ecn_mark=838 drop=0
[QUEUE_STATS] t_ms=10816 q_pkts=5 q_bytes=7520 qdelay_l_ms=1.03413 qdelay_c_ms=2.1723 ecn_mark=838 drop=0
[QUEUE_STATS] t_ms=10832 q_pkts=10 q_bytes=15040 qdelay_l_ms=1.0598 qdelay_c_ms=2.95443 ecn_mark=840 drop=0
[QUEUE_STATS] t_ms=10848 q_pkts=5 q_bytes=7520 qdelay_l_ms=0.799222 qdelay_c_ms=0.829139 ecn_mark=841 drop=0
[QUEUE_STATS] t_ms=10864 q_pkts=5 q_bytes=7520 qdelay_l_ms=1.0452 qdelay_c_ms=1.07589 ecn_mark=841 drop=0
[QUEUE_STATS] t_ms=10880 q_pkts=8 q_bytes=12032 qdelay_l_ms=0.704274 qdelay_c_ms=1.59571 ecn_mark=841 drop=0
[QUEUE_STATS] t_ms=10896 q_pkts=3 q_bytes=4512 qdelay_l_ms=1.06627 qdelay_c_ms=1.10111 ecn_mark=841 drop=0
[QUEUE_STATS] t_ms=10912 q_pkts=3 q_bytes=4512 qdelay_l_ms=1.06205 qdelay_c_ms=2.14284 ecn_mark=842 drop=0
[QUEUE_STATS] t_ms=10928 q_pkts=4 q_bytes=6016 qdelay_l_ms=1.09539 qdelay_c_ms=2.1618 ecn_mark=844 drop=0
[QUEUE_STATS] t_ms=10944 q_pkts=3 q_bytes=4512 qdelay_l_ms=0 qdelay_c_ms=1.90591 ecn_mark=847 drop=0
[QUEUE_STATS] t_ms=10960 q_pkts=6 q_bytes=9024 qdelay_l_ms=1.06334 qdelay_c_ms=1.09929 ecn_mark=848 drop=0
[QUEUE_STATS] t_ms=10976 q_pkts=4 q_bytes=6016 qdelay_l_ms=0.403208 qdelay_c_ms=1.51838 ecn_mark=848 drop=0
[QUEUE_STATS] t_ms=10992 q_pkts=6 q_bytes=9024 qdelay_l_ms=0.815392 qdelay_c_ms=1.91348 ecn_mark=848 drop=0
[QUEUE_STATS] t_ms=11008 q_pkts=5 q_bytes=7520 qdelay_l_ms=1.02937 qdelay_c_ms=1.07907 ecn_mark=850 drop=0
[QUEUE_STATS] t_ms=11024 q_pkts=6 q_bytes=9024 qdelay_l_ms=1.07116 qdelay_c_ms=1.12106 ecn_mark=850 drop=0
[QUEUE_STATS] t_ms=11040 q_pkts=3 q_bytes=4512 qdelay_l_ms=0.769646 qdelay_c_ms=0.763034 ecn_mark=851 drop=0
[QUEUE_STATS] t_ms=11056 q_pkts=6 q_bytes=9024 qdelay_l_ms=1.09814 qdelay_c_ms=1.46785 ecn_mark=851 drop=0
[QUEUE_STATS] t_ms=11072 q_pkts=6 q_bytes=9024 qdelay_l_ms=0.449305 qdelay_c_ms=0.478099 ecn_mark=852 drop=0
[QUEUE_STATS] t_ms=11088 q_pkts=5 q_bytes=7520 qdelay_l_ms=1.06504 qdelay_c_ms=2.15451 ecn_mark=853 drop=0
[QUEUE_STATS] t_ms=11104 q_pkts=4 q_bytes=6016 qdelay_l_ms=1.09052 qdelay_c_ms=1.08391 ecn_mark=853 drop=0
[QUEUE_STATS] t_ms=11120 q_pkts=4 q_bytes=6016 qdelay_l_ms=1.07709 qdelay_c_ms=1.07223 ecn_mark=855 drop=0
[QUEUE_STATS] t_ms=11136 q_pkts=5 q_bytes=7520 qdelay_l_ms=0.857422 qdelay_c_ms=1.93493 ecn_mark=856 drop=0
[QUEUE_STATS] t_ms=11152 q_pkts=3 q_bytes=4512 qdelay_l_ms=1.06994 qdelay_c_ms=1.06463 ecn_mark=857 drop=0
[QUEUE_STATS] t_ms=11168 q_pkts=6 q_bytes=9024 qdelay_l_ms=1.04877 qdelay_c_ms=2.19448 ecn_mark=857 drop=0
[QUEUE_STATS] t_ms=11184 q_pkts=3 q_bytes=4512 qdelay_l_ms=0 qdelay_c_ms=1.89463 ecn_mark=858 drop=0
[QUEUE_STATS] t_ms=11200 q_pkts=5 q_bytes=7520 qdelay_l_ms=0.743778 qdelay_c_ms=1.52279 ecn_mark=858 drop=0
[QUEUE_STATS] t_ms=11216 q_pkts=4 q_bytes=6016 qdelay_l_ms=1.09194 qdelay_c_ms=1.08428 ecn_mark=860 drop=0
[QUEUE_STATS] t_ms=11232 q_pkts=3 q_bytes=4512 qdelay_l_ms=1.08888 qdelay_c_ms=1.92778 ecn_mark=860 drop=0
[QUEUE_STATS] t_ms=11248 q_pkts=4 q_bytes=6016 qdelay_l_ms=1.06715 qdelay_c_ms=1.10705 ecn_mark=863 drop=0
[QUEUE_STATS] t_ms=11264 q_pkts=4 q_bytes=6016 qdelay_l_ms=1.02892 qdelay_c_ms=1.04513 ecn_mark=863 drop=0
[QUEUE_STATS] t_ms=11280 q_pkts=5 q_bytes=7520 qdelay_l_ms=1.04005 qdelay_c_ms=1.05635 ecn_mark=863 drop=0
[QUEUE_STATS] t_ms=11296 q_pkts=5 q_bytes=7520 qdelay_l_ms=1.071 qdelay_c_ms=1.94417 ecn_mark=864 drop=0
[QUEUE_STATS] t_ms=11312 q_pkts=7 q_bytes=10528 qdelay_l_ms=1.04156 qdelay_c_ms=1.07411 ecn_mark=864 drop=0
[QUEUE_STATS] t_ms=11328 q_pkts=4 q_bytes=6016 qdelay_l_ms=1.09412 qdelay_c_ms=1.07109 ecn_mark=865 drop=0
[QUEUE_STATS] t_ms=11344 q_pkts=5 q_bytes=7520 qdelay_l_ms=1.05567 qdelay_c_ms=1.05016 ecn_mark=867 drop=0
[QUEUE_STATS] t_ms=11360 q_pkts=7 q_bytes=10528 qdelay_l_ms=1.10652 qdelay_c_ms=1.09085 ecn_mark=868 drop=0
[QUEUE_STATS] t_ms=11376 q_pkts=3 q_bytes=4512 qdelay_l_ms=1.04537 qdelay_c_ms=1.05631 ecn_mark=868 drop=0
[QUEUE_STATS] t_ms=11392 q_pkts=6 q_bytes=9024 qdelay_l_ms=1.08895 qdelay_c_ms=1.8612 ecn_mark=869 drop=0
[QUEUE_STATS] t_ms=11408 q_pkts=4 q_bytes=6016 qdelay_l_ms=1.04676 qdelay_c_ms=1.04061 ecn_mark=869 drop=0
[QUEUE_STATS] t_ms=11424 q_pkts=1 q_bytes=1504 qdelay_l_ms=0 qdelay_c_ms=0.837995 ecn_mark=870 drop=0
[QUEUE_STATS] t_ms=11440 q_pkts=4 q_bytes=6016 qdelay_l_ms=0.838076 qdelay_c_ms=0.855238 ecn_mark=870 drop=0
[QUEUE_STATS] t_ms=11456 q_pkts=6 q_bytes=9024 qdelay_l_ms=0.767913 qdelay_c_ms=0.790185 ecn_mark=870 drop=0
[QUEUE_STATS] t_ms=11472 q_pkts=4 q_bytes=6016 qdelay_l_ms=1.07606 qdelay_c_ms=2.10482 ecn_mark=871 drop=0
[QUEUE_STATS] t_ms=11488 q_pkts=2 q_bytes=3008 qdelay_l_ms=1.07397 qdelay_c_ms=2.11145 ecn_mark=871 drop=0
[QUEUE_STATS] t_ms=11504 q_pkts=6 q_bytes=9024 qdelay_l_ms=1.09188 qdelay_c_ms=1.08661 ecn_mark=871 drop=0
[QUEUE_STATS] t_ms=11520 q_pkts=4 q_bytes=6016 qdelay_l_ms=1.06073 qdelay_c_ms=1.05126 ecn_mark=871 drop=0
[QUEUE_STATS] t_ms=11536 q_pkts=5 q_bytes=7520 qdelay_l_ms=1.03049 qdelay_c_ms=1.06552 ecn_mark=874 drop=0
[QUEUE_STATS] t_ms=11552 q_pkts=1 q_bytes=1504 qdelay_l_ms=0 qdelay_c_ms=0.810513 ecn_mark=875 drop=0
[QUEUE_STATS] t_ms=11568 q_pkts=5 q_bytes=7520 qdelay_l_ms=1.10793 qdelay_c_ms=1.86609 ecn_mark=876 drop=0
[QUEUE_STATS] t_ms=11584 q_pkts=3 q_bytes=4512 qdelay_l_ms=1.05905 qdelay_c_ms=1.08121 ecn_mark=877 drop=0
[QUEUE_STATS] t_ms=11600 q_pkts=4 q_bytes=6016 qdelay_l_ms=1.09136 qdelay_c_ms=1.08478 ecn_mark=880 drop=0
[QUEUE_STATS] t_ms=11616 q_pkts=3 q_bytes=4512 qdelay_l_ms=1.08463 qdelay_c_ms=2.15698 ecn_mark=882 drop=0
[QUEUE_STATS] t_ms=11632 q_pkts=5 q_bytes=7520 qdelay_l_ms=1.05592 qdelay_c_ms=2.13864 ecn_mark=882 drop=0
[QUEUE_STATS] t_ms=11648 q_pkts=7 q_bytes=10528 qdelay_l_ms=1.06154 qdelay_c_ms=1.11205 ecn_mark=884 drop=0
[QUEUE_STATS] t_ms=11664 q_pkts=3 q_bytes=4512 qdelay_l_ms=1.04977 qdelay_c_ms=1.08168 ecn_mark=885 drop=0
[QUEUE_STATS] t_ms=11680 q_pkts=1 q_bytes=1504 qdelay_l_ms=0.424327 qdelay_c_ms=0 ecn_mark=886 drop=0
[QUEUE_STATS] t_ms=11696 q_pkts=8 q_bytes=12032 qdelay_l_ms=0 qdelay_c_ms=1.92739 ecn_mark=889 drop=0
[QUEUE_STATS] t_ms=11712 q_pkts=5 q_bytes=7520 qdelay_l_ms=1.06572 qdelay_c_ms=1.08999 ecn_mark=889 drop=0
[QUEUE_STATS] t_ms=11728 q_pkts=4 q_bytes=6016 qdelay_l_ms=1.06079 qdelay_c_ms=1.0547 ecn_mark=890 drop=0
[QUEUE_STATS] t_ms=11744 q_pkts=4 q_bytes=6016 qdelay_l_ms=1.04674 qdelay_c_ms=2.19599 ecn_mark=890 drop=0
[QUEUE_STATS] t_ms=11760 q_pkts=4 q_bytes=6016 qdelay_l_ms=0 qdelay_c_ms=1.88537 ecn_mark=891 drop=0
[QUEUE_STATS] t_ms=11776 q_pkts=5 q_bytes=7520 qdelay_l_ms=1.09826 qdelay_c_ms=1.83086 ecn_mark=892 drop=0
[QUEUE_STATS] t_ms=11792 q_pkts=4 q_bytes=6016 qdelay_l_ms=1.06878 qdelay_c_ms=1.09523 ecn_mark=892 drop=0
[QUEUE_STATS] t_ms=11808 q_pkts=1 q_bytes=1504 qdelay_l_ms=1.0444 qdelay_c_ms=0 ecn_mark=893 drop=0
[QUEUE_STATS] t_ms=11824 q_pkts=4 q_bytes=6016 qdelay_l_ms=1.07855 qdelay_c_ms=2.13886 ecn_mark=896 drop=0
[QUEUE_STATS] t_ms=11840 q_pkts=5 q_bytes=7520 qdelay_l_ms=1.0661 qdelay_c_ms=1.09441 ecn_mark=897 drop=0
[QUEUE_STATS] t_ms=11856 q_pkts=4 q_bytes=6016 qdelay_l_ms=1.08763 qdelay_c_ms=1.81014 ecn_mark=898 drop=0
[QUEUE_STATS] t_ms=11872 q_pkts=5 q_bytes=7520 qdelay_l_ms=1.08242 qdelay_c_ms=2.1569 ecn_mark=898 drop=0
[QUEUE_STATS] t_ms=11888 q_pkts=5 q_bytes=7520 qdelay_l_ms=0.809862 qdelay_c_ms=1.85953 ecn_mark=898 drop=0
[QUEUE_STATS] t_ms=11904 q_pkts=4 q_bytes=6016 qdelay_l_ms=1.09245 qdelay_c_ms=1.08591 ecn_mark=899 drop=0
[QUEUE_STATS] t_ms=11920 q_pkts=3 q_bytes=4512 qdelay_l_ms=1.07931 qdelay_c_ms=1.07319 ecn_mark=900 drop=0
[QUEUE_STATS] t_ms=11936 q_pkts=0 q_bytes=0 qdelay_l_ms=0 qdelay_c_ms=0 ecn_mark=901 drop=0
[QUEUE_STATS] t_ms=11952 q_pkts=4 q_bytes=6016 qdelay_l_ms=1.04032 qdelay_c_ms=2.17725 ecn_mark=902 drop=0
[QUEUE_STATS] t_ms=11968 q_pkts=4 q_bytes=6016 qdelay_l_ms=1.09591 qdelay_c_ms=1.08962 ecn_mark=902 drop=0
[QUEUE_STATS] t_ms=11984 q_pkts=4 q_bytes=6016 qdelay_l_ms=1.09108 qdelay_c_ms=1.08434 ecn_mark=903 drop=0
[QUEUE_STATS] t_ms=12000 q_pkts=1 q_bytes=1504 qdelay_l_ms=1.06976 qdelay_c_ms=0 ecn_mark=904 drop=0
[QUEUE_STATS] t_ms=12016 q_pkts=4 q_bytes=6016 qdelay_l_ms=1.07124 qdelay_c_ms=1.06352 ecn_mark=905 drop=0
[QUEUE_STATS] t_ms=12032 q_pkts=3 q_bytes=4512 qdelay_l_ms=0 qdelay_c_ms=0.843696 ecn_mark=906 drop=0
[QUEUE_STATS] t_ms=12048 q_pkts=2 q_bytes=3008 qdelay_l_ms=1.09612 qdelay_c_ms=0 ecn_mark=907 drop=0
[QUEUE_STATS] t_ms=12064 q_pkts=3 q_bytes=4512 qdelay_l_ms=1.06695 qdelay_c_ms=1.10305 ecn_mark=908 drop=0
[QUEUE_STATS] t_ms=12080 q_pkts=3 q_bytes=4512 qdelay_l_ms=0.750741 qdelay_c_ms=0.74488 ecn_mark=910 drop=0
[QUEUE_STATS] t_ms=12096 q_pkts=3 q_bytes=4512 qdelay_l_ms=1.03107 qdelay_c_ms=1.04196 ecn_mark=912 drop=0
[QUEUE_STATS] t_ms=12112 q_pkts=2 q_bytes=3008 qdelay_l_ms=0.75039 qdelay_c_ms=0 ecn_mark=913 drop=0
[QUEUE_STATS] t_ms=12128 q_pkts=6 q_bytes=9024 qdelay_l_ms=0.366929 qdelay_c_ms=1.50037 ecn_mark=914 drop=0
[QUEUE_STATS] t_ms=12144 q_pkts=3 q_bytes=4512 qdelay_l_ms=1.08651 qdelay_c_ms=1.07953 ecn_mark=915 drop=0
[QUEUE_STATS] t_ms=12160 q_pkts=4 q_bytes=6016 qdelay_l_ms=1.06607 qdelay_c_ms=2.14422 ecn_mark=917 drop=0
[QUEUE_STATS] t_ms=12176 q_pkts=4 q_bytes=6016 qdelay_l_ms=0 qdelay_c_ms=2.12852 ecn_mark=917 drop=0
[QUEUE_STATS] t_ms=12192 q_pkts=3 q_bytes=4512 qdelay_l_ms=1.06631 qdelay_c_ms=1.09098 ecn_mark=919 drop=0
[QUEUE_STATS] t_ms=12208 q_pkts=4 q_bytes=6016 qdelay_l_ms=1.08991 qdelay_c_ms=1.08378 ecn_mark=921 drop=0
[QUEUE_STATS] t_ms=12224 q_pkts=2 q_bytes=3008 qdelay_l_ms=1.05358 qdelay_c_ms=2.1813 ecn_mark=921 drop=0
[QUEUE_STATS] t_ms=12240 q_pkts=3 q_bytes=4512 qdelay_l_ms=0.535105 qdelay_c_ms=0.529465 ecn_mark=921 drop=0
[QUEUE_STATS] t_ms=12256 q_pkts=5 q_bytes=7520 qdelay_l_ms=0.80375 qdelay_c_ms=0.797579 ecn_mark=921 drop=0
[QUEUE_STATS] t_ms=12272 q_pkts=6 q_bytes=9024 qdelay_l_ms=0.994038 qdelay_c_ms=3.2239 ecn_mark=921 drop=0
[QUEUE_STATS] t_ms=12288 q_pkts=5 q_bytes=7520 qdelay_l_ms=1.10503 qdelay_c_ms=1.91271 ecn_mark=922 drop=0
[QUEUE_STATS] t_ms=12304 q_pkts=4 q_bytes=6016 qdelay_l_ms=0.849276 qdelay_c_ms=0.843195 ecn_mark=922 drop=0
[QUEUE_STATS] t_ms=12320 q_pkts=4 q_bytes=6016 qdelay_l_ms=1.06588 qdelay_c_ms=1.09638 ecn_mark=924 drop=0
[QUEUE_STATS] t_ms=12336 q_pkts=4 q_bytes=6016 qdelay_l_ms=0.777141 qdelay_c_ms=0.801727 ecn_mark=924 drop=0
[QUEUE_STATS] t_ms=12352 q_pkts=3 q_bytes=4512 qdelay_l_ms=1.0385 qdelay_c_ms=1.04941 ecn_mark=926 drop=0
[QUEUE_STATS] t_ms=12368 q_pkts=5 q_bytes=7520 qdelay_l_ms=0.789865 qdelay_c_ms=0.784464 ecn_mark=929 drop=0
[QUEUE_STATS] t_ms=12384 q_pkts=6 q_bytes=9024 qdelay_l_ms=1.09838 qdelay_c_ms=1.09192 ecn_mark=931 drop=0
[QUEUE_STATS] t_ms=12400 q_pkts=5 q_bytes=7520 qdelay_l_ms=1.05355 qdelay_c_ms=1.04789 ecn_mark=931 drop=0
[QUEUE_STATS] t_ms=12416 q_pkts=6 q_bytes=9024 qdelay_l_ms=0.991042 qdelay_c_ms=2.17009 ecn_mark=933 drop=0
[QUEUE_STATS] t_ms=12432 q_pkts=4 q_bytes=6016 qdelay_l_ms=1.09431 qdelay_c_ms=1.0874 ecn_mark=933 drop=0
[QUEUE_STATS] t_ms=12448 q_pkts=4 q_bytes=6016 qdelay_l_ms=0.767632 qdelay_c_ms=0.795074 ecn_mark=933 drop=0
[QUEUE_STATS] t_ms=12464 q_pkts=6 q_bytes=9024 qdelay_l_ms=1.04487 qdelay_c_ms=1.0556 ecn_mark=933 drop=0
[QUEUE_STATS] t_ms=12480 q_pkts=4 q_bytes=6016 qdelay_l_ms=0.761922 qdelay_c_ms=0.757143 ecn_mark=933 drop=0
[QUEUE_STATS] t_ms=12496 q_pkts=4 q_bytes=6016 qdelay_l_ms=1.09555 qdelay_c_ms=2.1687 ecn_mark=933 drop=0
[QUEUE_STATS] t_ms=12512 q_pkts=6 q_bytes=9024 qdelay_l_ms=1.04527 qdelay_c_ms=2.17313 ecn_mark=933 drop=0
[QUEUE_STATS] t_ms=12528 q_pkts=3 q_bytes=4512 qdelay_l_ms=1.07981 qdelay_c_ms=1.79867 ecn_mark=935 drop=0
[QUEUE_STATS] t_ms=12544 q_pkts=3 q_bytes=4512 qdelay_l_ms=1.07428 qdelay_c_ms=1.09755 ecn_mark=936 drop=0
[QUEUE_STATS] t_ms=12560 q_pkts=3 q_bytes=4512 qdelay_l_ms=0.774426 qdelay_c_ms=0.763906 ecn_mark=936 drop=0
[QUEUE_STATS] t_ms=12576 q_pkts=3 q_bytes=4512 qdelay_l_ms=0.980493 qdelay_c_ms=2.11608 ecn_mark=936 drop=0
[QUEUE_STATS] t_ms=12592 q_pkts=6 q_bytes=9024 qdelay_l_ms=1.04577 qdelay_c_ms=1.04014 ecn_mark=937 drop=0
[QUEUE_STATS] t_ms=12608 q_pkts=4 q_bytes=6016 qdelay_l_ms=1.09301 qdelay_c_ms=1.08575 ecn_mark=939 drop=0
[QUEUE_STATS] t_ms=12624 q_pkts=4 q_bytes=6016 qdelay_l_ms=0.734961 qdelay_c_ms=0.724752 ecn_mark=940 drop=0
[QUEUE_STATS] t_ms=12640 q_pkts=6 q_bytes=9024 qdelay_l_ms=1.08745 qdelay_c_ms=1.08191 ecn_mark=941 drop=0
[QUEUE_STATS] t_ms=12656 q_pkts=3 q_bytes=4512 qdelay_l_ms=0.744629 qdelay_c_ms=0.767732 ecn_mark=941 drop=0
[QUEUE_STATS] t_ms=12672 q_pkts=4 q_bytes=6016 qdelay_l_ms=0 qdelay_c_ms=0.719172 ecn_mark=941 drop=0
[QUEUE_STATS] t_ms=12688 q_pkts=6 q_bytes=9024 qdelay_l_ms=1.07725 qdelay_c_ms=1.07124 ecn_mark=941 drop=0
[QUEUE_STATS] t_ms=12704 q_pkts=5 q_bytes=7520 qdelay_l_ms=1.03671 qdelay_c_ms=2.19977 ecn_mark=941 drop=0
[QUEUE_STATS] t_ms=12720 q_pkts=5 q_bytes=7520 qdelay_l_ms=1.09406 qdelay_c_ms=1.08818 ecn_mark=941 drop=0
[QUEUE_STATS] t_ms=12736 q_pkts=3 q_bytes=4512 qdelay_l_ms=1.06311 qdelay_c_ms=1.08687 ecn_mark=942 drop=0
[QUEUE_STATS] t_ms=12752 q_pkts=3 q_bytes=4512 qdelay_l_ms=1.08815 qdelay_c_ms=2.16263 ecn_mark=944 drop=0
[QUEUE_STATS] t_ms=12768 q_pkts=6 q_bytes=9024 qdelay_l_ms=0.966857 qdelay_c_ms=0.961377 ecn_mark=946 drop=0
[QUEUE_STATS] t_ms=12784 q_pkts=4 q_bytes=6016 qdelay_l_ms=1.03378 qdelay_c_ms=1.04453 ecn_mark=947 drop=0
[QUEUE_STATS] t_ms=12800 q_pkts=9 q_bytes=13536 qdelay_l_ms=1.02867 qdelay_c_ms=2.19717 ecn_mark=950 drop=0
[QUEUE_STATS] t_ms=12816 q_pkts=5 q_bytes=7520 qdelay_l_ms=1.04187 qdelay_c_ms=1.06257 ecn_mark=951 drop=0
[QUEUE_STATS] t_ms=12832 q_pkts=3 q_bytes=4512 qdelay_l_ms=1.06208 qdelay_c_ms=1.0726 ecn_mark=951 drop=0
[QUEUE_STATS] t_ms=12848 q_pkts=3 q_bytes=4512 qdelay_l_ms=1.05433 qdelay_c_ms=2.18899 ecn_mark=953 drop=0
[QUEUE_STATS] t_ms=12864 q_pkts=5 q_bytes=7520 qdelay_l_ms=1.03915 qdelay_c_ms=1.03351 ecn_mark=954 drop=0
[QUEUE_STATS] t_ms=12880 q_pkts=3 q_bytes=4512 qdelay_l_ms=0.728859 qdelay_c_ms=0.722427 ecn_mark=955 drop=0
[QUEUE_STATS] t_ms=12896 q_pkts=7 q_bytes=10528 qdelay_l_ms=0.957991 qdelay_c_ms=2.09333 ecn_mark=956 drop=0
[QUEUE_STATS] t_ms=12912 q_pkts=6 q_bytes=9024 qdelay_l_ms=1.09402 qdelay_c_ms=1.48042 ecn_mark=958 drop=0
[QUEUE_STATS] t_ms=12928 q_pkts=3 q_bytes=4512 qdelay_l_ms=1.1038 qdelay_c_ms=1.09359 ecn_mark=962 drop=0
[QUEUE_STATS] t_ms=12944 q_pkts=3 q_bytes=4512 qdelay_l_ms=0.919248 qdelay_c_ms=0.933936 ecn_mark=962 drop=0
[QUEUE_STATS] t_ms=12960 q_pkts=6 q_bytes=9024 qdelay_l_ms=1.08356 qdelay_c_ms=1.073 ecn_mark=963 drop=0
[QUEUE_STATS] t_ms=12976 q_pkts=5 q_bytes=7520 qdelay_l_ms=1.068 qdelay_c_ms=1.11713 ecn_mark=965 drop=0
[QUEUE_STATS] t_ms=12992 q_pkts=5 q_bytes=7520 qdelay_l_ms=1.02978 qdelay_c_ms=1.02488 ecn_mark=967 drop=0
[QUEUE_STATS] t_ms=13008 q_pkts=3 q_bytes=4512 qdelay_l_ms=1.0793 qdelay_c_ms=2.09866 ecn_mark=967 drop=0
[QUEUE_STATS] t_ms=13024 q_pkts=7 q_bytes=10528 qdelay_l_ms=1.06566 qdelay_c_ms=1.82783 ecn_mark=969 drop=0
[QUEUE_STATS] t_ms=13040 q_pkts=6 q_bytes=9024 qdelay_l_ms=0.9897 qdelay_c_ms=2.12305 ecn_mark=970 drop=0
[QUEUE_STATS] t_ms=13056 q_pkts=4 q_bytes=6016 qdelay_l_ms=1.09875 qdelay_c_ms=2.1754 ecn_mark=972 drop=0
[QUEUE_STATS] t_ms=13072 q_pkts=5 q_bytes=7520 qdelay_l_ms=1.05796 qdelay_c_ms=2.17951 ecn_mark=972 drop=0
[QUEUE_STATS] t_ms=13088 q_pkts=5 q_bytes=7520 qdelay_l_ms=0.549873 qdelay_c_ms=0.531118 ecn_mark=975 drop=0
[QUEUE_STATS] t_ms=13104 q_pkts=5 q_bytes=7520 qdelay_l_ms=1.08835 qdelay_c_ms=2.08623 ecn_mark=977 drop=0
[QUEUE_STATS] t_ms=13120 q_pkts=3 q_bytes=4512 qdelay_l_ms=1.04492 qdelay_c_ms=1.03936 ecn_mark=977 drop=0
[QUEUE_STATS] t_ms=13136 q_pkts=2 q_bytes=3008 qdelay_l_ms=0 qdelay_c_ms=0.715956 ecn_mark=978 drop=0
[QUEUE_STATS] t_ms=13152 q_pkts=5 q_bytes=7520 qdelay_l_ms=1.08566 qdelay_c_ms=2.14427 ecn_mark=978 drop=0
[QUEUE_STATS] t_ms=13168 q_pkts=4 q_bytes=6016 qdelay_l_ms=1.08839 qdelay_c_ms=1.78714 ecn_mark=980 drop=0
[QUEUE_STATS] t_ms=13184 q_pkts=6 q_bytes=9024 qdelay_l_ms=1.09937 qdelay_c_ms=1.09258 ecn_mark=980 drop=0
[QUEUE_STATS] t_ms=13200 q_pkts=6 q_bytes=9024 qdelay_l_ms=1.09956 qdelay_c_ms=1.09283 ecn_mark=980 drop=0
[QUEUE_STATS] t_ms=13216 q_pkts=5 q_bytes=7520 qdelay_l_ms=1.03862 qdelay_c_ms=2.18463 ecn_mark=982 drop=0
[QUEUE_STATS] t_ms=13232 q_pkts=6 q_bytes=9024 qdelay_l_ms=1.06178 qdelay_c_ms=2.11792 ecn_mark=983 drop=0
[QUEUE_STATS] t_ms=13248 q_pkts=2 q_bytes=3008 qdelay_l_ms=0 qdelay_c_ms=1.02335 ecn_mark=984 drop=0
[QUEUE_STATS] t_ms=13264 q_pkts=3 q_bytes=4512 qdelay_l_ms=1.08988 qdelay_c_ms=1.08282 ecn_mark=984 drop=0
[QUEUE_STATS] t_ms=13280 q_pkts=7 q_bytes=10528 qdelay_l_ms=0.711067 qdelay_c_ms=1.788 ecn_mark=984 drop=0
[QUEUE_STATS] t_ms=13296 q_pkts=3 q_bytes=4512 qdelay_l_ms=0 qdelay_c_ms=2.21552 ecn_mark=984 drop=0
[QUEUE_STATS] t_ms=13312 q_pkts=3 q_bytes=4512 qdelay_l_ms=1.09094 qdelay_c_ms=1.08405 ecn_mark=985 drop=0
[QUEUE_STATS] t_ms=13328 q_pkts=8 q_bytes=12032 qdelay_l_ms=1.06487 qdelay_c_ms=1.046 ecn_mark=985 drop=0
[QUEUE_STATS] t_ms=13344 q_pkts=5 q_bytes=7520 qdelay_l_ms=1.08208 qdelay_c_ms=2.10663 ecn_mark=988 drop=0
[QUEUE_STATS] t_ms=13360 q_pkts=6 q_bytes=9024 qdelay_l_ms=1.10088 qdelay_c_ms=1.09408 ecn_mark=988 drop=0
[QUEUE_STATS] t_ms=13376 q_pkts=5 q_bytes=7520 qdelay_l_ms=1.04168 qdelay_c_ms=1.06199 ecn_mark=989 drop=0
[QUEUE_STATS] t_ms=13392 q_pkts=4 q_bytes=6016 qdelay_l_ms=1.07712 qdelay_c_ms=2.11198 ecn_mark=989 drop=0
[QUEUE_STATS] t_ms=13408 q_pkts=6 q_bytes=9024 qdelay_l_ms=1.05224 qdelay_c_ms=2.1875 ecn_mark=990 drop=0
[QUEUE_STATS] t_ms=13424 q_pkts=3 q_bytes=4512 qdelay_l_ms=1.10386 qdelay_c_ms=1.09204 ecn_mark=990 drop=0
[QUEUE_STATS] t_ms=13440 q_pkts=2 q_bytes=3008 qdelay_l_ms=1.04269 qdelay_c_ms=0 ecn_mark=992 drop=0
[QUEUE_STATS] t_ms=13456 q_pkts=6 q_bytes=9024 qdelay_l_ms=1.06177 qdelay_c_ms=2.12095 ecn_mark=993 drop=0
[QUEUE_STATS] t_ms=13472 q_pkts=5 q_bytes=7520 qdelay_l_ms=1.09951 qdelay_c_ms=1.09239 ecn_mark=994 drop=0
[QUEUE_STATS] t_ms=13488 q_pkts=4 q_bytes=6016 qdelay_l_ms=1.07529 qdelay_c_ms=2.13894 ecn_mark=994 drop=0
[QUEUE_STATS] t_ms=13504 q_pkts=6 q_bytes=9024 qdelay_l_ms=1.06601 qdelay_c_ms=2.09774 ecn_mark=994 drop=0
[QUEUE_STATS] t_ms=13520 q_pkts=8 q_bytes=12032 qdelay_l_ms=1.1073 qdelay_c_ms=1.10137 ecn_mark=995 drop=0
[QUEUE_STATS] t_ms=13536 q_pkts=4 q_bytes=6016 qdelay_l_ms=0.688283 qdelay_c_ms=0.677002 ecn_mark=995 drop=0
[QUEUE_STATS] t_ms=13552 q_pkts=2 q_bytes=3008 qdelay_l_ms=0.70733 qdelay_c_ms=0 ecn_mark=996 drop=0
[QUEUE_STATS] t_ms=13568 q_pkts=5 q_bytes=7520 qdelay_l_ms=1.09603 qdelay_c_ms=1.08901 ecn_mark=996 drop=0
[QUEUE_STATS] t_ms=13584 q_pkts=5 q_bytes=7520 qdelay_l_ms=0.916933 qdelay_c_ms=2.0272 ecn_mark=996 drop=0
[QUEUE_STATS] t_ms=13600 q_pkts=4 q_bytes=6016 qdelay_l_ms=0.674097 qdelay_c_ms=0.711026 ecn_mark=997 drop=0
[QUEUE_STATS] t_ms=13616 q_pkts=5 q_bytes=7520 qdelay_l_ms=1.07798 qdelay_c_ms=2.15774 ecn_mark=998 drop=0
[QUEUE_STATS] t_ms=13632 q_pkts=5 q_bytes=7520 qdelay_l_ms=1.10329 qdelay_c_ms=1.98484 ecn_mark=1000 drop=0
[QUEUE_STATS] t_ms=13648 q_pkts=7 q_bytes=10528 qdelay_l_ms=1.0977 qdelay_c_ms=1.78437 ecn_mark=1001 drop=0
[QUEUE_STATS] t_ms=13664 q_pkts=5 q_bytes=7520 qdelay_l_ms=1.10701 qdelay_c_ms=1.08081 ecn_mark=1003 drop=0
[QUEUE_STATS] t_ms=13680 q_pkts=4 q_bytes=6016 qdelay_l_ms=0 qdelay_c_ms=2.17176 ecn_mark=1003 drop=0
[QUEUE_STATS] t_ms=13696 q_pkts=4 q_bytes=6016 qdelay_l_ms=0.869785 qdelay_c_ms=0.885434 ecn_mark=1004 drop=0
[QUEUE_STATS] t_ms=13712 q_pkts=7 q_bytes=10528 qdelay_l_ms=1.09367 qdelay_c_ms=2.17962 ecn_mark=1006 drop=0
[QUEUE_STATS] t_ms=13728 q_pkts=2 q_bytes=3008 qdelay_l_ms=0 qdelay_c_ms=0.514557 ecn_mark=1006 drop=0
[QUEUE_STATS] t_ms=13744 q_pkts=5 q_bytes=7520 qdelay_l_ms=1.10662 qdelay_c_ms=1.0967 ecn_mark=1007 drop=0
[QUEUE_STATS] t_ms=13760 q_pkts=7 q_bytes=10528 qdelay_l_ms=1.09223 qdelay_c_ms=1.08496 ecn_mark=1007 drop=0
[QUEUE_STATS] t_ms=13776 q_pkts=4 q_bytes=6016 qdelay_l_ms=1.08496 qdelay_c_ms=2.08811 ecn_mark=1007 drop=0
[QUEUE_STATS] t_ms=13792 q_pkts=5 q_bytes=7520 qdelay_l_ms=1.10688 qdelay_c_ms=1.95424 ecn_mark=1007 drop=0
[QUEUE_STATS] t_ms=13808 q_pkts=3 q_bytes=4512 qdelay_l_ms=1.08377 qdelay_c_ms=1.55191 ecn_mark=1007 drop=0
[QUEUE_STATS] t_ms=13824 q_pkts=4 q_bytes=6016 qdelay_l_ms=1.00404 qdelay_c_ms=2.12426 ecn_mark=1008 drop=0
[QUEUE_STATS] t_ms=13840 q_pkts=6 q_bytes=9024 qdelay_l_ms=1.00322 qdelay_c_ms=2.08332 ecn_mark=1009 drop=0
[QUEUE_STATS] t_ms=13856 q_pkts=6 q_bytes=9024 qdelay_l_ms=1.00705 qdelay_c_ms=2.14134 ecn_mark=1010 drop=0
[QUEUE_STATS] t_ms=13872 q_pkts=5 q_bytes=7520 qdelay_l_ms=1.03539 qdelay_c_ms=1.06355 ecn_mark=1011 drop=0
[QUEUE_STATS] t_ms=13888 q_pkts=5 q_bytes=7520 qdelay_l_ms=1.0539 qdelay_c_ms=1.04842 ecn_mark=1011 drop=0
[QUEUE_STATS] t_ms=13904 q_pkts=7 q_bytes=10528 qdelay_l_ms=1.06096 qdelay_c_ms=2.10401 ecn_mark=1013 drop=0
[QUEUE_STATS] t_ms=13920 q_pkts=6 q_bytes=9024 qdelay_l_ms=1.11391 qdelay_c_ms=1.95683 ecn_mark=1013 drop=0
[QUEUE_STATS] t_ms=13936 q_pkts=6 q_bytes=9024 qdelay_l_ms=1.09651 qdelay_c_ms=2.14034 ecn_mark=1014 drop=0
[QUEUE_STATS] t_ms=13952 q_pkts=5 q_bytes=7520 qdelay_l_ms=0.600409 qdelay_c_ms=0.594628 ecn_mark=1015 drop=0
[QUEUE_STATS] t_ms=13968 q_pkts=3 q_bytes=4512 qdelay_l_ms=0.684125 qdelay_c_ms=1.66455 ecn_mark=1017 drop=0
[QUEUE_STATS] t_ms=13984 q_pkts=4 q_bytes=6016 qdelay_l_ms=0.799663 qdelay_c_ms=1.96046 ecn_mark=1018 drop=0
[QUEUE_STATS] t_ms=14000 q_pkts=5 q_bytes=7520 qdelay_l_ms=1.06575 qdelay_c_ms=2.14839 ecn_mark=1019 drop=0
[QUEUE_STATS] t_ms=14016 q_pkts=6 q_bytes=9024 qdelay_l_ms=1.06569 qdelay_c_ms=1.97098 ecn_mark=1019 drop=0
[QUEUE_STATS] t_ms=14032 q_pkts=5 q_bytes=7520 qdelay_l_ms=1.08892 qdelay_c_ms=1.08312 ecn_mark=1019 drop=0
[QUEUE_STATS] t_ms=14048 q_pkts=4 q_bytes=6016 qdelay_l_ms=0.35647 qdelay_c_ms=1.43793 ecn_mark=1019 drop=0
[QUEUE_STATS] t_ms=14064 q_pkts=7 q_bytes=10528 qdelay_l_ms=1.05224 qdelay_c_ms=2.21542 ecn_mark=1020 drop=0
[QUEUE_STATS] t_ms=14080 q_pkts=5 q_bytes=7520 qdelay_l_ms=0.794664 qdelay_c_ms=0.789674 ecn_mark=1022 drop=0
[QUEUE_STATS] t_ms=14096 q_pkts=5 q_bytes=7520 qdelay_l_ms=1.0742 qdelay_c_ms=1.0681 ecn_mark=1022 drop=0
[QUEUE_STATS] t_ms=14112 q_pkts=6 q_bytes=9024 qdelay_l_ms=1.05135 qdelay_c_ms=2.20225 ecn_mark=1024 drop=0
[QUEUE_STATS] t_ms=14128 q_pkts=5 q_bytes=7520 qdelay_l_ms=1.03357 qdelay_c_ms=2.12246 ecn_mark=1027 drop=0
[QUEUE_STATS] t_ms=14144 q_pkts=4 q_bytes=6016 qdelay_l_ms=1.04466 qdelay_c_ms=2.19821 ecn_mark=1028 drop=0
[QUEUE_STATS] t_ms=14160 q_pkts=5 q_bytes=7520 qdelay_l_ms=0.631006 qdelay_c_ms=1.67524 ecn_mark=1029 drop=0
[QUEUE_STATS] t_ms=14176 q_pkts=6 q_bytes=9024 qdelay_l_ms=1.0806 qdelay_c_ms=2.14599 ecn_mark=1030 drop=0
[QUEUE_STATS] t_ms=14192 q_pkts=5 q_bytes=7520 qdelay_l_ms=1.05593 qdelay_c_ms=2.21866 ecn_mark=1031 drop=0
[QUEUE_STATS] t_ms=14208 q_pkts=5 q_bytes=7520 qdelay_l_ms=1.06597 qdelay_c_ms=2.0689 ecn_mark=1031 drop=0
[QUEUE_STATS] t_ms=14224 q_pkts=5 q_bytes=7520 qdelay_l_ms=1.06593 qdelay_c_ms=2.0383 ecn_mark=1033 drop=0
[QUEUE_STATS] t_ms=14240 q_pkts=5 q_bytes=7520 qdelay_l_ms=1.09268 qdelay_c_ms=2.15211 ecn_mark=1034 drop=0
[QUEUE_STATS] t_ms=14256 q_pkts=6 q_bytes=9024 qdelay_l_ms=0.326424 qdelay_c_ms=1.4024 ecn_mark=1035 drop=0
[QUEUE_STATS] t_ms=14272 q_pkts=6 q_bytes=9024 qdelay_l_ms=0.998547 qdelay_c_ms=2.1618 ecn_mark=1037 drop=0
[QUEUE_STATS] t_ms=14288 q_pkts=7 q_bytes=10528 qdelay_l_ms=1.0741 qdelay_c_ms=2.17881 ecn_mark=1039 drop=0
[QUEUE_STATS] t_ms=14304 q_pkts=6 q_bytes=9024 qdelay_l_ms=0.800244 qdelay_c_ms=1.96617 ecn_mark=1042 drop=0
[QUEUE_STATS] t_ms=14320 q_pkts=4 q_bytes=6016 qdelay_l_ms=1.06526 qdelay_c_ms=1.09167 ecn_mark=1043 drop=0
[QUEUE_STATS] t_ms=14336 q_pkts=9 q_bytes=13536 qdelay_l_ms=1.09526 qdelay_c_ms=2.13027 ecn_mark=1043 drop=0
[QUEUE_STATS] t_ms=14352 q_pkts=3 q_bytes=4512 qdelay_l_ms=0 qdelay_c_ms=1.92989 ecn_mark=1043 drop=0
[QUEUE_STATS] t_ms=14368 q_pkts=5 q_bytes=7520 qdelay_l_ms=1.11272 qdelay_c_ms=1.10179 ecn_mark=1045 drop=0
[QUEUE_STATS] t_ms=14384 q_pkts=6 q_bytes=9024 qdelay_l_ms=1.08727 qdelay_c_ms=2.14005 ecn_mark=1048 drop=0
[QUEUE_STATS] t_ms=14400 q_pkts=4 q_bytes=6016 qdelay_l_ms=0.985672 qdelay_c_ms=2.1067 ecn_mark=1048 drop=0
[QUEUE_STATS] t_ms=14416 q_pkts=5 q_bytes=7520 qdelay_l_ms=0.863513 qdelay_c_ms=0.858363 ecn_mark=1050 drop=0
[QUEUE_STATS] t_ms=14432 q_pkts=4 q_bytes=6016 qdelay_l_ms=0.807287 qdelay_c_ms=0.823217 ecn_mark=1052 drop=0
[QUEUE_STATS] t_ms=14448 q_pkts=2 q_bytes=3008 qdelay_l_ms=0.87237 qdelay_c_ms=0.86726 ecn_mark=1053 drop=0
[QUEUE_STATS] t_ms=14464 q_pkts=5 q_bytes=7520 qdelay_l_ms=0.823147 qdelay_c_ms=0.844126 ecn_mark=1054 drop=0
[QUEUE_STATS] t_ms=14480 q_pkts=5 q_bytes=7520 qdelay_l_ms=1.04469 qdelay_c_ms=1.07925 ecn_mark=1054 drop=0
[QUEUE_STATS] t_ms=14496 q_pkts=3 q_bytes=4512 qdelay_l_ms=1.08448 qdelay_c_ms=1.07747 ecn_mark=1055 drop=0
[QUEUE_STATS] t_ms=14512 q_pkts=4 q_bytes=6016 qdelay_l_ms=0.859926 qdelay_c_ms=0.855277 ecn_mark=1057 drop=0
[QUEUE_STATS] t_ms=14528 q_pkts=5 q_bytes=7520 qdelay_l_ms=1.03759 qdelay_c_ms=1.08212 ecn_mark=1058 drop=0
[QUEUE_STATS] t_ms=14544 q_pkts=2 q_bytes=3008 qdelay_l_ms=1.08049 qdelay_c_ms=1.0744 ecn_mark=1060 drop=0
[QUEUE_STATS] t_ms=14560 q_pkts=4 q_bytes=6016 qdelay_l_ms=1.02405 qdelay_c_ms=1.01732 ecn_mark=1060 drop=0
[QUEUE_STATS] t_ms=14576 q_pkts=3 q_bytes=4512 qdelay_l_ms=0.855608 qdelay_c_ms=1.99475 ecn_mark=1061 drop=0
[QUEUE_STATS] t_ms=14592 q_pkts=4 q_bytes=6016 qdelay_l_ms=0 qdelay_c_ms=0.877429 ecn_mark=1061 drop=0
[QUEUE_STATS] t_ms=14608 q_pkts=4 q_bytes=6016 qdelay_l_ms=1.0832 qdelay_c_ms=1.07597 ecn_mark=1062 drop=0
[QUEUE_STATS] t_ms=14624 q_pkts=2 q_bytes=3008 qdelay_l_ms=1.08061 qdelay_c_ms=0 ecn_mark=1065 drop=0
[QUEUE_STATS] t_ms=14640 q_pkts=4 q_bytes=6016 qdelay_l_ms=1.06557 qdelay_c_ms=1.94938 ecn_mark=1065 drop=0
[QUEUE_STATS] t_ms=14656 q_pkts=6 q_bytes=9024 qdelay_l_ms=0.852042 qdelay_c_ms=0.846862 ecn_mark=1065 drop=0
[QUEUE_STATS] t_ms=14672 q_pkts=4 q_bytes=6016 qdelay_l_ms=1.08298 qdelay_c_ms=1.0771 ecn_mark=1066 drop=0
[QUEUE_STATS] t_ms=14688 q_pkts=3 q_bytes=4512 qdelay_l_ms=0.381096 qdelay_c_ms=1.44091 ecn_mark=1066 drop=0
[QUEUE_STATS] t_ms=14704 q_pkts=4 q_bytes=6016 qdelay_l_ms=1.0916 qdelay_c_ms=1.08485 ecn_mark=1067 drop=0
[QUEUE_STATS] t_ms=14720 q_pkts=7 q_bytes=10528 qdelay_l_ms=1.06159 qdelay_c_ms=1.11342 ecn_mark=1067 drop=0
[QUEUE_STATS] t_ms=14736 q_pkts=3 q_bytes=4512 qdelay_l_ms=1.09557 qdelay_c_ms=1.08407 ecn_mark=1069 drop=0
[QUEUE_STATS] t_ms=14752 q_pkts=3 q_bytes=4512 qdelay_l_ms=1.07439 qdelay_c_ms=1.06806 ecn_mark=1069 drop=0
[QUEUE_STATS] t_ms=14768 q_pkts=7 q_bytes=10528 qdelay_l_ms=1.0735 qdelay_c_ms=2.16043 ecn_mark=1069 drop=0
[QUEUE_STATS] t_ms=14784 q_pkts=6 q_bytes=9024 qdelay_l_ms=1.06032 qdelay_c_ms=1.05426 ecn_mark=1071 drop=0
[QUEUE_STATS] t_ms=14800 q_pkts=3 q_bytes=4512 qdelay_l_ms=1.05772 qdelay_c_ms=1.05263 ecn_mark=1072 drop=0
[QUEUE_STATS] t_ms=14816 q_pkts=3 q_bytes=4512 qdelay_l_ms=1.02395 qdelay_c_ms=1.01872 ecn_mark=1073 drop=0
[QUEUE_STATS] t_ms=14832 q_pkts=3 q_bytes=4512 qdelay_l_ms=0.372801 qdelay_c_ms=1.47491 ecn_mark=1074 drop=0
[QUEUE_STATS] t_ms=14848 q_pkts=4 q_bytes=6016 qdelay_l_ms=1.07442 qdelay_c_ms=1.06306 ecn_mark=1075 drop=0
[QUEUE_STATS] t_ms=14864 q_pkts=4 q_bytes=6016 qdelay_l_ms=1.09797 qdelay_c_ms=1.08749 ecn_mark=1075 drop=0
[QUEUE_STATS] t_ms=14880 q_pkts=3 q_bytes=4512 qdelay_l_ms=1.0602 qdelay_c_ms=1.08413 ecn_mark=1076 drop=0
[QUEUE_STATS] t_ms=14896 q_pkts=6 q_bytes=9024 qdelay_l_ms=1.01263 qdelay_c_ms=2.16939 ecn_mark=1077 drop=0
[QUEUE_STATS] t_ms=14912 q_pkts=2 q_bytes=3008 qdelay_l_ms=0 qdelay_c_ms=1.08028 ecn_mark=1077 drop=0
[QUEUE_STATS] t_ms=14928 q_pkts=4 q_bytes=6016 qdelay_l_ms=0.871398 qdelay_c_ms=0.866939 ecn_mark=1077 drop=0
[QUEUE_STATS] t_ms=14944 q_pkts=4 q_bytes=6016 qdelay_l_ms=1.07792 qdelay_c_ms=1.7204 ecn_mark=1077 drop=0
[QUEUE_STATS] t_ms=14960 q_pkts=6 q_bytes=9024 qdelay_l_ms=0.855718 qdelay_c_ms=0.865968 ecn_mark=1078 drop=0
[QUEUE_STATS] t_ms=14976 q_pkts=4 q_bytes=6016 qdelay_l_ms=0.886566 qdelay_c_ms=2.20046 ecn_mark=1080 drop=0
[QUEUE_STATS] t_ms=14992 q_pkts=2 q_bytes=3008 qdelay_l_ms=0.835 qdelay_c_ms=0.840771 ecn_mark=1080 drop=0
[QUEUE_STATS] t_ms=15008 q_pkts=5 q_bytes=7520 qdelay_l_ms=1.09765 qdelay_c_ms=1.09082 ecn_mark=1081 drop=0
[QUEUE_STATS] t_ms=15024 q_pkts=3 q_bytes=4512 qdelay_l_ms=1.08703 qdelay_c_ms=1.0805 ecn_mark=1082 drop=0
[QUEUE_STATS] t_ms=15040 q_pkts=5 q_bytes=7520 qdelay_l_ms=1.08997 qdelay_c_ms=1.08347 ecn_mark=1084 drop=0
[QUEUE_STATS] t_ms=15056 q_pkts=3 q_bytes=4512 qdelay_l_ms=1.07506 qdelay_c_ms=1.06858 ecn_mark=1085 drop=0
[QUEUE_STATS] t_ms=15072 q_pkts=4 q_bytes=6016 qdelay_l_ms=0.990712 qdelay_c_ms=2.13966 ecn_mark=1086 drop=0
[QUEUE_STATS] t_ms=15088 q_pkts=4 q_bytes=6016 qdelay_l_ms=1.05465 qdelay_c_ms=1.0497 ecn_mark=1088 drop=0
[QUEUE_STATS] t_ms=15104 q_pkts=5 q_bytes=7520 qdelay_l_ms=1.08197 qdelay_c_ms=1.07172 ecn_mark=1089 drop=0
[QUEUE_STATS] t_ms=15120 q_pkts=4 q_bytes=6016 qdelay_l_ms=1.09937 qdelay_c_ms=1.08927 ecn_mark=1091 drop=0
[QUEUE_STATS] t_ms=15136 q_pkts=4 q_bytes=6016 qdelay_l_ms=1.08838 qdelay_c_ms=1.08181 ecn_mark=1092 drop=0
[QUEUE_STATS] t_ms=15152 q_pkts=4 q_bytes=6016 qdelay_l_ms=0 qdelay_c_ms=1.08912 ecn_mark=1093 drop=0
[QUEUE_STATS] t_ms=15168 q_pkts=5 q_bytes=7520 qdelay_l_ms=0.839177 qdelay_c_ms=1.98678 ecn_mark=1097 drop=0
[QUEUE_STATS] t_ms=15184 q_pkts=2 q_bytes=3008 qdelay_l_ms=1.01735 qdelay_c_ms=1.02237 ecn_mark=1097 drop=0
[QUEUE_STATS] t_ms=15200 q_pkts=3 q_bytes=4512 qdelay_l_ms=1.08924 qdelay_c_ms=1.07938 ecn_mark=1097 drop=0
[QUEUE_STATS] t_ms=15216 q_pkts=2 q_bytes=3008 qdelay_l_ms=1.07382 qdelay_c_ms=1.08054 ecn_mark=1098 drop=0
[QUEUE_STATS] t_ms=15232 q_pkts=4 q_bytes=6016 qdelay_l_ms=1.03476 qdelay_c_ms=1.02903 ecn_mark=1099 drop=0
[QUEUE_STATS] t_ms=15248 q_pkts=3 q_bytes=4512 qdelay_l_ms=1.08136 qdelay_c_ms=1.07531 ecn_mark=1100 drop=0
[QUEUE_STATS] t_ms=15264 q_pkts=2 q_bytes=3008 qdelay_l_ms=0.884142 qdelay_c_ms=0 ecn_mark=1100 drop=0
[QUEUE_STATS] t_ms=15280 q_pkts=3 q_bytes=4512 qdelay_l_ms=1.06012 qdelay_c_ms=1.08346 ecn_mark=1103 drop=0
[QUEUE_STATS] t_ms=15296 q_pkts=4 q_bytes=6016 qdelay_l_ms=0.903207 qdelay_c_ms=0.898088 ecn_mark=1104 drop=0
[QUEUE_STATS] t_ms=15312 q_pkts=2 q_bytes=3008 qdelay_l_ms=1.07974 qdelay_c_ms=0 ecn_mark=1105 drop=0
[QUEUE_STATS] t_ms=15328 q_pkts=4 q_bytes=6016 qdelay_l_ms=1.08155 qdelay_c_ms=1.07562 ecn_mark=1106 drop=0
[QUEUE_STATS] t_ms=15344 q_pkts=3 q_bytes=4512 qdelay_l_ms=1.07552 qdelay_c_ms=1.09816 ecn_mark=1107 drop=0
[QUEUE_STATS] t_ms=15360 q_pkts=1 q_bytes=1504 qdelay_l_ms=1.07344 qdelay_c_ms=0 ecn_mark=1108 drop=0
[QUEUE_STATS] t_ms=15376 q_pkts=3 q_bytes=4512 qdelay_l_ms=1.09329 qdelay_c_ms=1.08421 ecn_mark=1109 drop=0
[QUEUE_STATS] t_ms=15392 q_pkts=4 q_bytes=6016 qdelay_l_ms=1.07504 qdelay_c_ms=1.06925 ecn_mark=1110 drop=0
[QUEUE_STATS] t_ms=15408 q_pkts=2 q_bytes=3008 qdelay_l_ms=1.07141 qdelay_c_ms=0 ecn_mark=1111 drop=0
[QUEUE_STATS] t_ms=15424 q_pkts=4 q_bytes=6016 qdelay_l_ms=0.68068 qdelay_c_ms=0.675049 ecn_mark=1111 drop=0
[QUEUE_STATS] t_ms=15440 q_pkts=4 q_bytes=6016 qdelay_l_ms=1.05779 qdelay_c_ms=1.0819 ecn_mark=1113 drop=0
[QUEUE_STATS] t_ms=15456 q_pkts=4 q_bytes=6016 qdelay_l_ms=1.09108 qdelay_c_ms=1.08445 ecn_mark=1115 drop=0
[QUEUE_STATS] t_ms=15472 q_pkts=2 q_bytes=3008 qdelay_l_ms=0 qdelay_c_ms=0.703582 ecn_mark=1115 drop=0
[QUEUE_STATS] t_ms=15488 q_pkts=3 q_bytes=4512 qdelay_l_ms=0.956027 qdelay_c_ms=0.966417 ecn_mark=1116 drop=0
[QUEUE_STATS] t_ms=15504 q_pkts=3 q_bytes=4512 qdelay_l_ms=1.01564 qdelay_c_ms=1.02894 ecn_mark=1118 drop=0
[QUEUE_STATS] t_ms=15520 q_pkts=2 q_bytes=3008 qdelay_l_ms=0 qdelay_c_ms=0.890965 ecn_mark=1119 drop=0
[QUEUE_STATS] t_ms=15536 q_pkts=3 q_bytes=4512 qdelay_l_ms=1.06474 qdelay_c_ms=1.08731 ecn_mark=1119 drop=0
[QUEUE_STATS] t_ms=15552 q_pkts=3 q_bytes=4512 qdelay_l_ms=1.07582 qdelay_c_ms=1.06902 ecn_mark=1120 drop=0
[QUEUE_STATS] t_ms=15568 q_pkts=4 q_bytes=6016 qdelay_l_ms=1.09223 qdelay_c_ms=1.0711 ecn_mark=1120 drop=0
[QUEUE_STATS] t_ms=15584 q_pkts=5 q_bytes=7520 qdelay_l_ms=1.11605 qdelay_c_ms=2.15287 ecn_mark=1120 drop=0
[QUEUE_STATS] t_ms=15600 q_pkts=1 q_bytes=1504 qdelay_l_ms=1.06595 qdelay_c_ms=0 ecn_mark=1120 drop=0
[QUEUE_STATS] t_ms=15616 q_pkts=3 q_bytes=4512 qdelay_l_ms=0.861729 qdelay_c_ms=0.856559 ecn_mark=1121 drop=0
[QUEUE_STATS] t_ms=15632 q_pkts=3 q_bytes=4512 qdelay_l_ms=1.06626 qdelay_c_ms=1.08504 ecn_mark=1122 drop=0
[QUEUE_STATS] t_ms=15648 q_pkts=4 q_bytes=6016 qdelay_l_ms=0.98951 qdelay_c_ms=1.02381 ecn_mark=1122 drop=0
[QUEUE_STATS] t_ms=15664 q_pkts=3 q_bytes=4512 qdelay_l_ms=1.08887 qdelay_c_ms=1.08182 ecn_mark=1124 drop=0
[QUEUE_STATS] t_ms=15680 q_pkts=8 q_bytes=12032 qdelay_l_ms=0.673146 qdelay_c_ms=0.662616 ecn_mark=1126 drop=0
[QUEUE_STATS] t_ms=15696 q_pkts=5 q_bytes=7520 qdelay_l_ms=1.09492 qdelay_c_ms=1.08813 ecn_mark=1126 drop=0
[QUEUE_STATS] t_ms=15712 q_pkts=4 q_bytes=6016 qdelay_l_ms=1.07622 qdelay_c_ms=1.07029 ecn_mark=1126 drop=0
[QUEUE_STATS] t_ms=15728 q_pkts=6 q_bytes=9024 qdelay_l_ms=0.904319 qdelay_c_ms=0.898999 ecn_mark=1127 drop=0
[QUEUE_STATS] t_ms=15744 q_pkts=1 q_bytes=1504 qdelay_l_ms=1.06546 qdelay_c_ms=0 ecn_mark=1127 drop=0
[QUEUE_STATS] t_ms=15760 q_pkts=5 q_bytes=7520 qdelay_l_ms=1.05245 qdelay_c_ms=1.09844 ecn_mark=1128 drop=0
[QUEUE_STATS] t_ms=15776 q_pkts=3 q_bytes=4512 qdelay_l_ms=1.10363 qdelay_c_ms=1.09297 ecn_mark=1128 drop=0
[QUEUE_STATS] t_ms=15792 q_pkts=4 q_bytes=6016 qdelay_l_ms=1.02898 qdelay_c_ms=1.02229 ecn_mark=1128 drop=0
[QUEUE_STATS] t_ms=15808 q_pkts=4 q_bytes=6016 qdelay_l_ms=1.08805 qdelay_c_ms=1.082 ecn_mark=1130 drop=0
[QUEUE_STATS] t_ms=15824 q_pkts=3 q_bytes=4512 qdelay_l_ms=0.90411 qdelay_c_ms=0.899 ecn_mark=1131 drop=0
[QUEUE_STATS] t_ms=15840 q_pkts=3 q_bytes=4512 qdelay_l_ms=0.658819 qdelay_c_ms=0.668938 ecn_mark=1132 drop=0
[QUEUE_STATS] t_ms=15856 q_pkts=3 q_bytes=4512 qdelay_l_ms=1.09213 qdelay_c_ms=1.94614 ecn_mark=1133 drop=0
[QUEUE_STATS] t_ms=15872 q_pkts=8 q_bytes=12032 qdelay_l_ms=1.1088 qdelay_c_ms=1.10167 ecn_mark=1134 drop=0
[QUEUE_STATS] t_ms=15888 q_pkts=3 q_bytes=4512 qdelay_l_ms=0.858023 qdelay_c_ms=0.852482 ecn_mark=1136 drop=0
[QUEUE_STATS] t_ms=15904 q_pkts=5 q_bytes=7520 qdelay_l_ms=1.11309 qdelay_c_ms=1.10175 ecn_mark=1138 drop=0
[QUEUE_STATS] t_ms=15920 q_pkts=4 q_bytes=6016 qdelay_l_ms=1.00179 qdelay_c_ms=0.995952 ecn_mark=1138 drop=0
[QUEUE_STATS] t_ms=15936 q_pkts=2 q_bytes=3008 qdelay_l_ms=0.924287 qdelay_c_ms=0 ecn_mark=1138 drop=0
[QUEUE_STATS] t_ms=15952 q_pkts=3 q_bytes=4512 qdelay_l_ms=1.06549 qdelay_c_ms=1.09017 ecn_mark=1139 drop=0
[QUEUE_STATS] t_ms=15968 q_pkts=3 q_bytes=4512 qdelay_l_ms=1.06555 qdelay_c_ms=1.07655 ecn_mark=1140 drop=0
[QUEUE_STATS] t_ms=15984 q_pkts=5 q_bytes=7520 qdelay_l_ms=1.09813 qdelay_c_ms=1.09179 ecn_mark=1140 drop=0
[QUEUE_STATS] t_ms=16000 q_pkts=5 q_bytes=7520 qdelay_l_ms=0.655642 qdelay_c_ms=1.99971 ecn_mark=1140 drop=0
[QUEUE_STATS] t_ms=16016 q_pkts=5 q_bytes=7520 qdelay_l_ms=1.06711 qdelay_c_ms=1.10085 ecn_mark=1140 drop=0
[QUEUE_STATS] t_ms=16032 q_pkts=3 q_bytes=4512 qdelay_l_ms=1.06877 qdelay_c_ms=1.06322 ecn_mark=1143 drop=0
[QUEUE_STATS] t_ms=16048 q_pkts=3 q_bytes=4512 qdelay_l_ms=1.06582 qdelay_c_ms=1.10446 ecn_mark=1143 drop=0
[QUEUE_STATS] t_ms=16064 q_pkts=4 q_bytes=6016 qdelay_l_ms=1.02401 qdelay_c_ms=1.01758 ecn_mark=1144 drop=0
[QUEUE_STATS] t_ms=16080 q_pkts=1 q_bytes=1504 qdelay_l_ms=1.08309 qdelay_c_ms=0 ecn_mark=1144 drop=0
[QUEUE_STATS] t_ms=16096 q_pkts=2 q_bytes=3008 qdelay_l_ms=1.06759 qdelay_c_ms=1.0614 ecn_mark=1145 drop=0
[QUEUE_STATS] t_ms=16112 q_pkts=3 q_bytes=4512 qdelay_l_ms=1.04412 qdelay_c_ms=1.05521 ecn_mark=1148 drop=0
[QUEUE_STATS] t_ms=16128 q_pkts=3 q_bytes=4512 qdelay_l_ms=0.868272 qdelay_c_ms=0.863282 ecn_mark=1148 drop=0
[QUEUE_STATS] t_ms=16144 q_pkts=6 q_bytes=9024 qdelay_l_ms=0.904831 qdelay_c_ms=0.899561 ecn_mark=1149 drop=0
[QUEUE_STATS] t_ms=16160 q_pkts=3 q_bytes=4512 qdelay_l_ms=1.06022 qdelay_c_ms=1.08442 ecn_mark=1149 drop=0
[QUEUE_STATS] t_ms=16176 q_pkts=6 q_bytes=9024 qdelay_l_ms=1.06086 qdelay_c_ms=2.13508 ecn_mark=1149 drop=0
[QUEUE_STATS] t_ms=16192 q_pkts=3 q_bytes=4512 qdelay_l_ms=1.07205 qdelay_c_ms=1.06099 ecn_mark=1151 drop=0
[QUEUE_STATS] t_ms=16208 q_pkts=3 q_bytes=4512 qdelay_l_ms=1.02795 qdelay_c_ms=2.07194 ecn_mark=1152 drop=0
[QUEUE_STATS] t_ms=16224 q_pkts=2 q_bytes=3008 qdelay_l_ms=1.06129 qdelay_c_ms=0 ecn_mark=1153 drop=0
[QUEUE_STATS] t_ms=16240 q_pkts=3 q_bytes=4512 qdelay_l_ms=0.881788 qdelay_c_ms=0.876347 ecn_mark=1153 drop=0
[QUEUE_STATS] t_ms=16256 q_pkts=5 q_bytes=7520 qdelay_l_ms=1.03106 qdelay_c_ms=1.05303 ecn_mark=1154 drop=0
[QUEUE_STATS] t_ms=16272 q_pkts=2 q_bytes=3008 qdelay_l_ms=0.98428 qdelay_c_ms=0 ecn_mark=1155 drop=0
[QUEUE_STATS] t_ms=16288 q_pkts=4 q_bytes=6016 qdelay_l_ms=1.07008 qdelay_c_ms=1.09148 ecn_mark=1155 drop=0
[QUEUE_STATS] t_ms=16304 q_pkts=5 q_bytes=7520 qdelay_l_ms=1.09182 qdelay_c_ms=1.08535 ecn_mark=1156 drop=0
[QUEUE_STATS] t_ms=16320 q_pkts=4 q_bytes=6016 qdelay_l_ms=1.04052 qdelay_c_ms=1.03569 ecn_mark=1157 drop=0
[QUEUE_STATS] t_ms=16336 q_pkts=4 q_bytes=6016 qdelay_l_ms=1.05264 qdelay_c_ms=2.10681 ecn_mark=1157 drop=0
[QUEUE_STATS] t_ms=16352 q_pkts=4 q_bytes=6016 qdelay_l_ms=1.08351 qdelay_c_ms=1.07387 ecn_mark=1157 drop=0
[QUEUE_STATS] t_ms=16368 q_pkts=3 q_bytes=4512 qdelay_l_ms=1.0659 qdelay_c_ms=1.1044 ecn_mark=1158 drop=0
[QUEUE_STATS] t_ms=16384 q_pkts=6 q_bytes=9024 qdelay_l_ms=1.01979 qdelay_c_ms=1.01354 ecn_mark=1160 drop=0
[QUEUE_STATS] t_ms=16400 q_pkts=2 q_bytes=3008 qdelay_l_ms=0 qdelay_c_ms=1.07821 ecn_mark=1161 drop=0
[QUEUE_STATS] t_ms=16416 q_pkts=4 q_bytes=6016 qdelay_l_ms=1.06747 qdelay_c_ms=1.0621 ecn_mark=1161 drop=0
[QUEUE_STATS] t_ms=16432 q_pkts=5 q_bytes=7520 qdelay_l_ms=1.06399 qdelay_c_ms=2.08917 ecn_mark=1161 drop=0
[QUEUE_STATS] t_ms=16448 q_pkts=3 q_bytes=4512 qdelay_l_ms=1.08486 qdelay_c_ms=1.72482 ecn_mark=1163 drop=0
[QUEUE_STATS] t_ms=16464 q_pkts=5 q_bytes=7520 qdelay_l_ms=1.07358 qdelay_c_ms=1.96005 ecn_mark=1165 drop=0
[QUEUE_STATS] t_ms=16480 q_pkts=3 q_bytes=4512 qdelay_l_ms=0.845619 qdelay_c_ms=0.85678 ecn_mark=1166 drop=0
[QUEUE_STATS] t_ms=16496 q_pkts=3 q_bytes=4512 qdelay_l_ms=1.08608 qdelay_c_ms=1.07815 ecn_mark=1166 drop=0
[QUEUE_STATS] t_ms=16512 q_pkts=5 q_bytes=7520 qdelay_l_ms=1.05173 qdelay_c_ms=1.0733 ecn_mark=1167 drop=0
[QUEUE_STATS] t_ms=16528 q_pkts=3 q_bytes=4512 qdelay_l_ms=0.985873 qdelay_c_ms=0.997144 ecn_mark=1168 drop=0
[QUEUE_STATS] t_ms=16544 q_pkts=1 q_bytes=1504 qdelay_l_ms=0.839077 qdelay_c_ms=0 ecn_mark=1168 drop=0
[QUEUE_STATS] t_ms=16560 q_pkts=5 q_bytes=7520 qdelay_l_ms=1.05268 qdelay_c_ms=2.11677 ecn_mark=1168 drop=0
[QUEUE_STATS] t_ms=16576 q_pkts=4 q_bytes=6016 qdelay_l_ms=1.10534 qdelay_c_ms=1.09504 ecn_mark=1168 drop=0
[QUEUE_STATS] t_ms=16592 q_pkts=4 q_bytes=6016 qdelay_l_ms=0.7712 qdelay_c_ms=0.76601 ecn_mark=1168 drop=0
[QUEUE_STATS] t_ms=16608 q_pkts=3 q_bytes=4512 qdelay_l_ms=1.04855 qdelay_c_ms=1.0716 ecn_mark=1168 drop=0
[QUEUE_STATS] t_ms=16624 q_pkts=3 q_bytes=4512 qdelay_l_ms=1.03858 qdelay_c_ms=1.04918 ecn_mark=1169 drop=0
[QUEUE_STATS] t_ms=16640 q_pkts=4 q_bytes=6016 qdelay_l_ms=1.09558 qdelay_c_ms=1.08807 ecn_mark=1171 drop=0
[QUEUE_STATS] t_ms=16656 q_pkts=5 q_bytes=7520 qdelay_l_ms=1.09651 qdelay_c_ms=1.0894 ecn_mark=1173 drop=0
[QUEUE_STATS] t_ms=16672 q_pkts=3 q_bytes=4512 qdelay_l_ms=1.0886 qdelay_c_ms=1.08185 ecn_mark=1174 drop=0
[QUEUE_STATS] t_ms=16688 q_pkts=6 q_bytes=9024 qdelay_l_ms=0.757885 qdelay_c_ms=0.751863 ecn_mark=1175 drop=0
[QUEUE_STATS] t_ms=16704 q_pkts=3 q_bytes=4512 qdelay_l_ms=0.758666 qdelay_c_ms=1.89115 ecn_mark=1176 drop=0
[QUEUE_STATS] t_ms=16720 q_pkts=3 q_bytes=4512 qdelay_l_ms=1.06093 qdelay_c_ms=1.08427 ecn_mark=1176 drop=0
[QUEUE_STATS] t_ms=16736 q_pkts=6 q_bytes=9024 qdelay_l_ms=1.10461 qdelay_c_ms=1.09413 ecn_mark=1177 drop=0
[QUEUE_STATS] t_ms=16752 q_pkts=4 q_bytes=6016 qdelay_l_ms=1.07204 qdelay_c_ms=1.08214 ecn_mark=1178 drop=0
[QUEUE_STATS] t_ms=16768 q_pkts=4 q_bytes=6016 qdelay_l_ms=1.07497 qdelay_c_ms=1.06928 ecn_mark=1178 drop=0
[QUEUE_STATS] t_ms=16784 q_pkts=3 q_bytes=4512 qdelay_l_ms=1.07576 qdelay_c_ms=1.988 ecn_mark=1181 drop=0
[QUEUE_STATS] t_ms=16800 q_pkts=3 q_bytes=4512 qdelay_l_ms=1.0616 qdelay_c_ms=2.18605 ecn_mark=1181 drop=0
[QUEUE_STATS] t_ms=16816 q_pkts=6 q_bytes=9024 qdelay_l_ms=0.93646 qdelay_c_ms=2.08374 ecn_mark=1182 drop=0
[QUEUE_STATS] t_ms=16832 q_pkts=4 q_bytes=6016 qdelay_l_ms=1.07265 qdelay_c_ms=1.1071 ecn_mark=1183 drop=0
[QUEUE_STATS] t_ms=16848 q_pkts=6 q_bytes=9024 qdelay_l_ms=1.05664 qdelay_c_ms=1.0511 ecn_mark=1185 drop=0
[QUEUE_STATS] t_ms=16864 q_pkts=5 q_bytes=7520 qdelay_l_ms=1.09737 qdelay_c_ms=1.09097 ecn_mark=1185 drop=0
[QUEUE_STATS] t_ms=16880 q_pkts=3 q_bytes=4512 qdelay_l_ms=1.01444 qdelay_c_ms=1.00778 ecn_mark=1186 drop=0
[QUEUE_STATS] t_ms=16896 q_pkts=4 q_bytes=6016 qdelay_l_ms=1.05009 qdelay_c_ms=1.045 ecn_mark=1187 drop=0
[QUEUE_STATS] t_ms=16912 q_pkts=3 q_bytes=4512 qdelay_l_ms=0.948542 qdelay_c_ms=2.04029 ecn_mark=1188 drop=0
[QUEUE_STATS] t_ms=16928 q_pkts=7 q_bytes=10528 qdelay_l_ms=0.965915 qdelay_c_ms=1.01004 ecn_mark=1189 drop=0
[QUEUE_STATS] t_ms=16944 q_pkts=3 q_bytes=4512 qdelay_l_ms=0.716246 qdelay_c_ms=1.85101 ecn_mark=1190 drop=0
[QUEUE_STATS] t_ms=16960 q_pkts=6 q_bytes=9024 qdelay_l_ms=1.0784 qdelay_c_ms=1.0718 ecn_mark=1190 drop=0
[QUEUE_STATS] t_ms=16976 q_pkts=4 q_bytes=6016 qdelay_l_ms=1.07806 qdelay_c_ms=1.07221 ecn_mark=1194 drop=0
[QUEUE_STATS] t_ms=16992 q_pkts=5 q_bytes=7520 qdelay_l_ms=0.720704 qdelay_c_ms=1.87405 ecn_mark=1196 drop=0
[QUEUE_STATS] t_ms=17008 q_pkts=3 q_bytes=4512 qdelay_l_ms=1.07714 qdelay_c_ms=1.07166 ecn_mark=1197 drop=0
[QUEUE_STATS] t_ms=17024 q_pkts=3 q_bytes=4512 qdelay_l_ms=0.680589 qdelay_c_ms=0.674838 ecn_mark=1198 drop=0
[QUEUE_STATS] t_ms=17040 q_pkts=4 q_bytes=6016 qdelay_l_ms=0.751522 qdelay_c_ms=0.745882 ecn_mark=1198 drop=0
[QUEUE_STATS] t_ms=17056 q_pkts=6 q_bytes=9024 qdelay_l_ms=1.09333 qdelay_c_ms=1.08707 ecn_mark=1199 drop=0
[QUEUE_STATS] t_ms=17072 q_pkts=4 q_bytes=6016 qdelay_l_ms=1.03671 qdelay_c_ms=1.04801 ecn_mark=1200 drop=0
[QUEUE_STATS] t_ms=17088 q_pkts=1 q_bytes=1504 qdelay_l_ms=0.763976 qdelay_c_ms=0 ecn_mark=1201 drop=0
[QUEUE_STATS] t_ms=17104 q_pkts=4 q_bytes=6016 qdelay_l_ms=0.927393 qdelay_c_ms=1.99419 ecn_mark=1203 drop=0
[QUEUE_STATS] t_ms=17120 q_pkts=6 q_bytes=9024 qdelay_l_ms=1.10942 qdelay_c_ms=1.09915 ecn_mark=1205 drop=0
[QUEUE_STATS] t_ms=17136 q_pkts=3 q_bytes=4512 qdelay_l_ms=1.06727 qdelay_c_ms=1.07769 ecn_mark=1206 drop=0
[QUEUE_STATS] t_ms=17152 q_pkts=2 q_bytes=3008 qdelay_l_ms=1.07639 qdelay_c_ms=0 ecn_mark=1209 drop=0
[QUEUE_STATS] t_ms=17168 q_pkts=6 q_bytes=9024 qdelay_l_ms=1.06946 qdelay_c_ms=1.37931 ecn_mark=1209 drop=0
[QUEUE_STATS] t_ms=17184 q_pkts=4 q_bytes=6016 qdelay_l_ms=1.10112 qdelay_c_ms=1.09139 ecn_mark=1210 drop=0
[QUEUE_STATS] t_ms=17200 q_pkts=2 q_bytes=3008 qdelay_l_ms=0 qdelay_c_ms=1.05486 ecn_mark=1211 drop=0
[QUEUE_STATS] t_ms=17216 q_pkts=3 q_bytes=4512 qdelay_l_ms=1.03397 qdelay_c_ms=1.055 ecn_mark=1212 drop=0
[QUEUE_STATS] t_ms=17232 q_pkts=5 q_bytes=7520 qdelay_l_ms=0.590019 qdelay_c_ms=0.582846 ecn_mark=1213 drop=0
[QUEUE_STATS] t_ms=17248 q_pkts=3 q_bytes=4512 qdelay_l_ms=1.08852 qdelay_c_ms=1.0819 ecn_mark=1215 drop=0
[QUEUE_STATS] t_ms=17264 q_pkts=5 q_bytes=7520 qdelay_l_ms=0.997906 qdelay_c_ms=2.02068 ecn_mark=1215 drop=0
[QUEUE_STATS] t_ms=17280 q_pkts=4 q_bytes=6016 qdelay_l_ms=1.10575 qdelay_c_ms=1.09824 ecn_mark=1215 drop=0
[QUEUE_STATS] t_ms=17296 q_pkts=4 q_bytes=6016 qdelay_l_ms=1.08325 qdelay_c_ms=2.05515 ecn_mark=1217 drop=0
[QUEUE_STATS] t_ms=17312 q_pkts=5 q_bytes=7520 qdelay_l_ms=1.06547 qdelay_c_ms=1.1003 ecn_mark=1218 drop=0
[QUEUE_STATS] t_ms=17328 q_pkts=3 q_bytes=4512 qdelay_l_ms=1.08044 qdelay_c_ms=1.07423 ecn_mark=1218 drop=0
[QUEUE_STATS] t_ms=17344 q_pkts=2 q_bytes=3008 qdelay_l_ms=0.79804 qdelay_c_ms=0.804061 ecn_mark=1219 drop=0
[QUEUE_STATS] t_ms=17360 q_pkts=6 q_bytes=9024 qdelay_l_ms=1.04676 qdelay_c_ms=2.13981 ecn_mark=1220 drop=0
[QUEUE_STATS] t_ms=17376 q_pkts=3 q_bytes=4512 qdelay_l_ms=0.767011 qdelay_c_ms=0.778292 ecn_mark=1220 drop=0
[QUEUE_STATS] t_ms=17392 q_pkts=4 q_bytes=6016 qdelay_l_ms=1.1048 qdelay_c_ms=1.09468 ecn_mark=1221 drop=0
[QUEUE_STATS] t_ms=17408 q_pkts=6 q_bytes=9024 qdelay_l_ms=1.07245 qdelay_c_ms=1.06642 ecn_mark=1223 drop=0
[QUEUE_STATS] t_ms=17424 q_pkts=4 q_bytes=6016 qdelay_l_ms=0.811235 qdelay_c_ms=0.80334 ecn_mark=1223 drop=0
[QUEUE_STATS] t_ms=17440 q_pkts=3 q_bytes=4512 qdelay_l_ms=1.01963 qdelay_c_ms=1.04234 ecn_mark=1223 drop=0
[QUEUE_STATS] t_ms=17456 q_pkts=5 q_bytes=7520 qdelay_l_ms=0.303771 qdelay_c_ms=1.43816 ecn_mark=1224 drop=0
[QUEUE_STATS] t_ms=17472 q_pkts=4 q_bytes=6016 qdelay_l_ms=1.09143 qdelay_c_ms=1.08508 ecn_mark=1225 drop=0
[QUEUE_STATS] t_ms=17488 q_pkts=2 q_bytes=3008 qdelay_l_ms=1.05875 qdelay_c_ms=0 ecn_mark=1225 drop=0
[QUEUE_STATS] t_ms=17504 q_pkts=6 q_bytes=9024 qdelay_l_ms=1.12003 qdelay_c_ms=1.11026 ecn_mark=1226 drop=0
[QUEUE_STATS] t_ms=17520 q_pkts=3 q_bytes=4512 qdelay_l_ms=1.08639 qdelay_c_ms=1.07987 ecn_mark=1226 drop=0
[QUEUE_STATS] t_ms=17536 q_pkts=6 q_bytes=9024 qdelay_l_ms=1.09393 qdelay_c_ms=1.0878 ecn_mark=1226 drop=0
[QUEUE_STATS] t_ms=17552 q_pkts=7 q_bytes=10528 qdelay_l_ms=0.651685 qdelay_c_ms=1.65664 ecn_mark=1228 drop=0
[QUEUE_STATS] t_ms=17568 q_pkts=3 q_bytes=4512 qdelay_l_ms=1.06612 qdelay_c_ms=1.08791 ecn_mark=1229 drop=0
[QUEUE_STATS] t_ms=17584 q_pkts=6 q_bytes=9024 qdelay_l_ms=1.09988 qdelay_c_ms=1.089 ecn_mark=1229 drop=0
[QUEUE_STATS] t_ms=17600 q_pkts=6 q_bytes=9024 qdelay_l_ms=1.06919 qdelay_c_ms=1.05886 ecn_mark=1230 drop=0
[QUEUE_STATS] t_ms=17616 q_pkts=4 q_bytes=6016 qdelay_l_ms=0.581583 qdelay_c_ms=0.575011 ecn_mark=1230 drop=0
[QUEUE_STATS] t_ms=17632 q_pkts=6 q_bytes=9024 qdelay_l_ms=0 qdelay_c_ms=1.0974 ecn_mark=1230 drop=0
[QUEUE_STATS] t_ms=17648 q_pkts=3 q_bytes=4512 qdelay_l_ms=1.04425 qdelay_c_ms=1.05518 ecn_mark=1231 drop=0
[QUEUE_STATS] t_ms=17664 q_pkts=5 q_bytes=7520 qdelay_l_ms=1.03812 qdelay_c_ms=2.08956 ecn_mark=1233 drop=0
[QUEUE_STATS] t_ms=17680 q_pkts=6 q_bytes=9024 qdelay_l_ms=1.10357 qdelay_c_ms=1.09769 ecn_mark=1235 drop=0
[QUEUE_STATS] t_ms=17696 q_pkts=7 q_bytes=10528 qdelay_l_ms=1.00346 qdelay_c_ms=1.9088 ecn_mark=1235 drop=0
[QUEUE_STATS] t_ms=17712 q_pkts=4 q_bytes=6016 qdelay_l_ms=1.07453 qdelay_c_ms=1.06792 ecn_mark=1235 drop=0
[QUEUE_STATS] t_ms=17728 q_pkts=4 q_bytes=6016 qdelay_l_ms=1.07096 qdelay_c_ms=1.09031 ecn_mark=1235 drop=0
[QUEUE_STATS] t_ms=17744 q_pkts=2 q_bytes=3008 qdelay_l_ms=1.07921 qdelay_c_ms=0 ecn_mark=1239 drop=0
[QUEUE_STATS] t_ms=17760 q_pkts=6 q_bytes=9024 qdelay_l_ms=0.657095 qdelay_c_ms=1.68422 ecn_mark=1240 drop=0
[QUEUE_STATS] t_ms=17776 q_pkts=3 q_bytes=4512 qdelay_l_ms=0.977787 qdelay_c_ms=0.988988 ecn_mark=1241 drop=0
[QUEUE_STATS] t_ms=17792 q_pkts=6 q_bytes=9024 qdelay_l_ms=1.12094 qdelay_c_ms=1.10984 ecn_mark=1243 drop=0
[QUEUE_STATS] t_ms=17808 q_pkts=4 q_bytes=6016 qdelay_l_ms=1.10666 qdelay_c_ms=1.09654 ecn_mark=1243 drop=0
[QUEUE_STATS] t_ms=17824 q_pkts=4 q_bytes=6016 qdelay_l_ms=0.647537 qdelay_c_ms=0.636626 ecn_mark=1244 drop=0
[QUEUE_STATS] t_ms=17840 q_pkts=8 q_bytes=12032 qdelay_l_ms=1.02897 qdelay_c_ms=1.06134 ecn_mark=1244 drop=0
[QUEUE_STATS] t_ms=17856 q_pkts=3 q_bytes=4512 qdelay_l_ms=1.06662 qdelay_c_ms=1.10356 ecn_mark=1246 drop=0
[QUEUE_STATS] t_ms=17872 q_pkts=5 q_bytes=7520 qdelay_l_ms=0.990722 qdelay_c_ms=1.03365 ecn_mark=1246 drop=0
[QUEUE_STATS] t_ms=17888 q_pkts=6 q_bytes=9024 qdelay_l_ms=1.04659 qdelay_c_ms=1.0822 ecn_mark=1246 drop=0
[QUEUE_STATS] t_ms=17904 q_pkts=3 q_bytes=4512 qdelay_l_ms=0 qdelay_c_ms=1.09604 ecn_mark=1248 drop=0
[QUEUE_STATS] t_ms=17920 q_pkts=6 q_bytes=9024 qdelay_l_ms=1.06437 qdelay_c_ms=1.09707 ecn_mark=1250 drop=0
[QUEUE_STATS] t_ms=17936 q_pkts=6 q_bytes=9024 qdelay_l_ms=1.03523 qdelay_c_ms=2.14575 ecn_mark=1252 drop=0
[QUEUE_STATS] t_ms=17952 q_pkts=5 q_bytes=7520 qdelay_l_ms=1.11375 qdelay_c_ms=1.10228 ecn_mark=1252 drop=0
[QUEUE_STATS] t_ms=17968 q_pkts=4 q_bytes=6016 qdelay_l_ms=1.08339 qdelay_c_ms=2.06414 ecn_mark=1254 drop=0
[QUEUE_STATS] t_ms=17984 q_pkts=7 q_bytes=10528 qdelay_l_ms=0.625545 qdelay_c_ms=1.61194 ecn_mark=1255 drop=0
[QUEUE_STATS] t_ms=18000 q_pkts=3 q_bytes=4512 qdelay_l_ms=0.793291 qdelay_c_ms=0.78757 ecn_mark=1255 drop=0
[QUEUE_STATS] t_ms=18016 q_pkts=5 q_bytes=7520 qdelay_l_ms=1.06508 qdelay_c_ms=2.15838 ecn_mark=1255 drop=0
[QUEUE_STATS] t_ms=18032 q_pkts=6 q_bytes=9024 qdelay_l_ms=1.0928 qdelay_c_ms=1.08615 ecn_mark=1255 drop=0
[QUEUE_STATS] t_ms=18048 q_pkts=3 q_bytes=4512 qdelay_l_ms=1.03777 qdelay_c_ms=1.03238 ecn_mark=1255 drop=0
[QUEUE_STATS] t_ms=18064 q_pkts=5 q_bytes=7520 qdelay_l_ms=1.03808 qdelay_c_ms=2.17766 ecn_mark=1255 drop=0
[QUEUE_STATS] t_ms=18080 q_pkts=2 q_bytes=3008 qdelay_l_ms=1.08248 qdelay_c_ms=0 ecn_mark=1256 drop=0
[QUEUE_STATS] t_ms=18096 q_pkts=6 q_bytes=9024 qdelay_l_ms=0.927644 qdelay_c_ms=2.05364 ecn_mark=1256 drop=0
[QUEUE_STATS] t_ms=18112 q_pkts=6 q_bytes=9024 qdelay_l_ms=1.04099 qdelay_c_ms=1.07564 ecn_mark=1256 drop=0
[QUEUE_STATS] t_ms=18128 q_pkts=8 q_bytes=12032 qdelay_l_ms=1.04876 qdelay_c_ms=1.04293 ecn_mark=1258 drop=0
[QUEUE_STATS] t_ms=18144 q_pkts=0 q_bytes=0 qdelay_l_ms=0 qdelay_c_ms=0 ecn_mark=1259 drop=0
[QUEUE_STATS] t_ms=18160 q_pkts=4 q_bytes=6016 qdelay_l_ms=0.753286 qdelay_c_ms=1.89368 ecn_mark=1259 drop=0
[QUEUE_STATS] t_ms=18176 q_pkts=5 q_bytes=7520 qdelay_l_ms=1.08713 qdelay_c_ms=2.00581 ecn_mark=1262 drop=0
[QUEUE_STATS] t_ms=18192 q_pkts=5 q_bytes=7520 qdelay_l_ms=1.06263 qdelay_c_ms=1.08606 ecn_mark=1263 drop=0
[QUEUE_STATS] t_ms=18208 q_pkts=5 q_bytes=7520 qdelay_l_ms=0.644882 qdelay_c_ms=2.05695 ecn_mark=1263 drop=0
[QUEUE_STATS] t_ms=18224 q_pkts=5 q_bytes=7520 qdelay_l_ms=1.06812 qdelay_c_ms=2.17113 ecn_mark=1263 drop=0
[QUEUE_STATS] t_ms=18240 q_pkts=5 q_bytes=7520 qdelay_l_ms=1.06618 qdelay_c_ms=1.09915 ecn_mark=1263 drop=0
[QUEUE_STATS] t_ms=18256 q_pkts=4 q_bytes=6016 qdelay_l_ms=1.06862 qdelay_c_ms=1.08825 ecn_mark=1263 drop=0
[QUEUE_STATS] t_ms=18272 q_pkts=3 q_bytes=4512 qdelay_l_ms=1.05633 qdelay_c_ms=1.06672 ecn_mark=1265 drop=0
[QUEUE_STATS] t_ms=18288 q_pkts=5 q_bytes=7520 qdelay_l_ms=1.08483 qdelay_c_ms=2.07003 ecn_mark=1267 drop=0
[QUEUE_STATS] t_ms=18304 q_pkts=3 q_bytes=4512 qdelay_l_ms=0.715003 qdelay_c_ms=0.709493 ecn_mark=1268 drop=0
[QUEUE_STATS] t_ms=18320 q_pkts=6 q_bytes=9024 qdelay_l_ms=0.864565 qdelay_c_ms=0.859245 ecn_mark=1268 drop=0
[QUEUE_STATS] t_ms=18336 q_pkts=4 q_bytes=6016 qdelay_l_ms=1.09697 qdelay_c_ms=1.46734 ecn_mark=1268 drop=0
[QUEUE_STATS] t_ms=18352 q_pkts=3 q_bytes=4512 qdelay_l_ms=1.08834 qdelay_c_ms=1.08202 ecn_mark=1268 drop=0
[QUEUE_STATS] t_ms=18368 q_pkts=6 q_bytes=9024 qdelay_l_ms=1.07041 qdelay_c_ms=2.12974 ecn_mark=1268 drop=0
[QUEUE_STATS] t_ms=18384 q_pkts=4 q_bytes=6016 qdelay_l_ms=1.09901 qdelay_c_ms=2.0953 ecn_mark=1269 drop=0
[QUEUE_STATS] t_ms=18400 q_pkts=4 q_bytes=6016 qdelay_l_ms=1.0718 qdelay_c_ms=1.06623 ecn_mark=1269 drop=0
[QUEUE_STATS] t_ms=18416 q_pkts=6 q_bytes=9024 qdelay_l_ms=1.09919 qdelay_c_ms=1.09266 ecn_mark=1270 drop=0
[QUEUE_STATS] t_ms=18432 q_pkts=8 q_bytes=12032 qdelay_l_ms=0.661033 qdelay_c_ms=2.70882 ecn_mark=1271 drop=0
[QUEUE_STATS] t_ms=18448 q_pkts=3 q_bytes=4512 qdelay_l_ms=1.08265 qdelay_c_ms=1.87294 ecn_mark=1271 drop=0
[QUEUE_STATS] t_ms=18464 q_pkts=4 q_bytes=6016 qdelay_l_ms=1.08699 qdelay_c_ms=1.81477 ecn_mark=1273 drop=0
[QUEUE_STATS] t_ms=18480 q_pkts=4 q_bytes=6016 qdelay_l_ms=0 qdelay_c_ms=1.92628 ecn_mark=1274 drop=0
[QUEUE_STATS] t_ms=18496 q_pkts=4 q_bytes=6016 qdelay_l_ms=1.04381 qdelay_c_ms=2.19396 ecn_mark=1274 drop=0
[QUEUE_STATS] t_ms=18512 q_pkts=6 q_bytes=9024 qdelay_l_ms=1.05176 qdelay_c_ms=1.04635 ecn_mark=1275 drop=0
[QUEUE_STATS] t_ms=18528 q_pkts=5 q_bytes=7520 qdelay_l_ms=1.05968 qdelay_c_ms=2.1973 ecn_mark=1277 drop=0
[QUEUE_STATS] t_ms=18544 q_pkts=4 q_bytes=6016 qdelay_l_ms=1.09526 qdelay_c_ms=1.08786 ecn_mark=1280 drop=0
[QUEUE_STATS] t_ms=18560 q_pkts=7 q_bytes=10528 qdelay_l_ms=1.0694 qdelay_c_ms=1.39783 ecn_mark=1281 drop=0
[QUEUE_STATS] t_ms=18576 q_pkts=6 q_bytes=9024 qdelay_l_ms=0.794864 qdelay_c_ms=0.78772 ecn_mark=1283 drop=0
[QUEUE_STATS] t_ms=18592 q_pkts=5 q_bytes=7520 qdelay_l_ms=1.10688 qdelay_c_ms=1.7031 ecn_mark=1283 drop=0
[QUEUE_STATS] t_ms=18608 q_pkts=7 q_bytes=10528 qdelay_l_ms=0 qdelay_c_ms=3.25139 ecn_mark=1285 drop=0
[QUEUE_STATS] t_ms=18624 q_pkts=3 q_bytes=4512 qdelay_l_ms=1.09425 qdelay_c_ms=1.86685 ecn_mark=1285 drop=0
[QUEUE_STATS] t_ms=18640 q_pkts=5 q_bytes=7520 qdelay_l_ms=0.735893 qdelay_c_ms=1.79818 ecn_mark=1286 drop=0
[QUEUE_STATS] t_ms=18656 q_pkts=9 q_bytes=13536 qdelay_l_ms=1.0718 qdelay_c_ms=2.47989 ecn_mark=1287 drop=0
[QUEUE_STATS] t_ms=18672 q_pkts=5 q_bytes=7520 qdelay_l_ms=0 qdelay_c_ms=2.96248 ecn_mark=1287 drop=0
[QUEUE_STATS] t_ms=18688 q_pkts=4 q_bytes=6016 qdelay_l_ms=1.05176 qdelay_c_ms=1.047 ecn_mark=1287 drop=0
[QUEUE_STATS] t_ms=18704 q_pkts=6 q_bytes=9024 qdelay_l_ms=0.704604 qdelay_c_ms=1.78681 ecn_mark=1288 drop=0
[QUEUE_STATS] t_ms=18720 q_pkts=6 q_bytes=9024 qdelay_l_ms=0 qdelay_c_ms=3.28009 ecn_mark=1288 drop=0
[QUEUE_STATS] t_ms=18736 q_pkts=6 q_bytes=9024 qdelay_l_ms=1.07266 qdelay_c_ms=1.90638 ecn_mark=1288 drop=0
[QUEUE_STATS] t_ms=18752 q_pkts=7 q_bytes=10528 qdelay_l_ms=1.03655 qdelay_c_ms=2.18649 ecn_mark=1289 drop=0
[QUEUE_STATS] t_ms=18768 q_pkts=7 q_bytes=10528 qdelay_l_ms=1.07784 qdelay_c_ms=2.20567 ecn_mark=1289 drop=0
[QUEUE_STATS] t_ms=18784 q_pkts=6 q_bytes=9024 qdelay_l_ms=1.04282 qdelay_c_ms=2.17849 ecn_mark=1290 drop=0
[QUEUE_STATS] t_ms=18800 q_pkts=6 q_bytes=9024 qdelay_l_ms=1.04434 qdelay_c_ms=2.19084 ecn_mark=1290 drop=0
[QUEUE_STATS] t_ms=18816 q_pkts=6 q_bytes=9024 qdelay_l_ms=1.04588 qdelay_c_ms=1.06766 ecn_mark=1291 drop=0
[QUEUE_STATS] t_ms=18832 q_pkts=5 q_bytes=7520 qdelay_l_ms=0 qdelay_c_ms=2.2034 ecn_mark=1291 drop=0
[QUEUE_STATS] t_ms=18848 q_pkts=6 q_bytes=9024 qdelay_l_ms=1.09801 qdelay_c_ms=1.93486 ecn_mark=1291 drop=0
[QUEUE_STATS] t_ms=18864 q_pkts=3 q_bytes=4512 qdelay_l_ms=1.04167 qdelay_c_ms=2.19618 ecn_mark=1291 drop=0
[QUEUE_STATS] t_ms=18880 q_pkts=8 q_bytes=12032 qdelay_l_ms=0.971736 qdelay_c_ms=2.3709 ecn_mark=1291 drop=0
[QUEUE_STATS] t_ms=18896 q_pkts=8 q_bytes=12032 qdelay_l_ms=1.07441 qdelay_c_ms=3.27903 ecn_mark=1293 drop=0
[QUEUE_STATS] t_ms=18912 q_pkts=6 q_bytes=9024 qdelay_l_ms=1.07234 qdelay_c_ms=2.01756 ecn_mark=1294 drop=0
[QUEUE_STATS] t_ms=18928 q_pkts=6 q_bytes=9024 qdelay_l_ms=1.09269 qdelay_c_ms=1.846 ecn_mark=1295 drop=0
[QUEUE_STATS] t_ms=18944 q_pkts=8 q_bytes=12032 qdelay_l_ms=1.09141 qdelay_c_ms=3.05154 ecn_mark=1296 drop=0
[QUEUE_STATS] t_ms=18960 q_pkts=10 q_bytes=15040 qdelay_l_ms=1.04148 qdelay_c_ms=2.12422 ecn_mark=1297 drop=0
[QUEUE_STATS] t_ms=18976 q_pkts=8 q_bytes=12032 qdelay_l_ms=1.04607 qdelay_c_ms=2.90079 ecn_mark=1297 drop=0
[QUEUE_STATS] t_ms=18992 q_pkts=7 q_bytes=10528 qdelay_l_ms=0.710936 qdelay_c_ms=2.90499 ecn_mark=1299 drop=0
[QUEUE_STATS] t_ms=19008 q_pkts=10 q_bytes=15040 qdelay_l_ms=1.06651 qdelay_c_ms=2.22113 ecn_mark=1299 drop=0
[QUEUE_STATS] t_ms=19024 q_pkts=10 q_bytes=15040 qdelay_l_ms=0.80858 qdelay_c_ms=2.95804 ecn_mark=1299 drop=0
[QUEUE_STATS] t_ms=19040 q_pkts=7 q_bytes=10528 qdelay_l_ms=1.03288 qdelay_c_ms=2.95891 ecn_mark=1300 drop=0
[QUEUE_STATS] t_ms=19056 q_pkts=7 q_bytes=10528 qdelay_l_ms=1.10466 qdelay_c_ms=3.25619 ecn_mark=1300 drop=0
[QUEUE_STATS] t_ms=19072 q_pkts=11 q_bytes=16544 qdelay_l_ms=0 qdelay_c_ms=2.88699 ecn_mark=1300 drop=0
[QUEUE_STATS] t_ms=19088 q_pkts=8 q_bytes=12032 qdelay_l_ms=1.07111 qdelay_c_ms=2.93394 ecn_mark=1300 drop=0
[QUEUE_STATS] t_ms=19104 q_pkts=9 q_bytes=13536 qdelay_l_ms=0.592153 qdelay_c_ms=2.57988 ecn_mark=1306 drop=0
[QUEUE_STATS] t_ms=19120 q_pkts=11 q_bytes=16544 qdelay_l_ms=1.06718 qdelay_c_ms=3.28004 ecn_mark=1306 drop=0
[QUEUE_STATS] t_ms=19136 q_pkts=11 q_bytes=16544 qdelay_l_ms=1.0502 qdelay_c_ms=3.94522 ecn_mark=1306 drop=0
[QUEUE_STATS] t_ms=19152 q_pkts=10 q_bytes=15040 qdelay_l_ms=1.05875 qdelay_c_ms=2.90777 ecn_mark=1307 drop=0
[QUEUE_STATS] t_ms=19168 q_pkts=9 q_bytes=13536 qdelay_l_ms=1.10155 qdelay_c_ms=2.87504 ecn_mark=1310 drop=0
[QUEUE_STATS] t_ms=19184 q_pkts=10 q_bytes=15040 qdelay_l_ms=1.07486 qdelay_c_ms=3.9595 ecn_mark=1311 drop=0
[QUEUE_STATS] t_ms=19200 q_pkts=9 q_bytes=13536 qdelay_l_ms=1.04986 qdelay_c_ms=5.01429 ecn_mark=1312 drop=0
[QUEUE_STATS] t_ms=19216 q_pkts=11 q_bytes=16544 qdelay_l_ms=0.732827 qdelay_c_ms=4.02304 ecn_mark=1312 drop=0
[QUEUE_STATS] t_ms=19232 q_pkts=13 q_bytes=19552 qdelay_l_ms=1.03639 qdelay_c_ms=4.33255 ecn_mark=1313 drop=0
[QUEUE_STATS] t_ms=19248 q_pkts=12 q_bytes=18048 qdelay_l_ms=0.717178 qdelay_c_ms=3.5185 ecn_mark=1313 drop=0
[QUEUE_STATS] t_ms=19264 q_pkts=12 q_bytes=18048 qdelay_l_ms=1.05853 qdelay_c_ms=4.01447 ecn_mark=1313 drop=0
[QUEUE_STATS] t_ms=19280 q_pkts=12 q_bytes=18048 qdelay_l_ms=1.07004 qdelay_c_ms=4.67791 ecn_mark=1314 drop=0
[QUEUE_STATS] t_ms=19296 q_pkts=13 q_bytes=19552 qdelay_l_ms=1.07231 qdelay_c_ms=4.30057 ecn_mark=1314 drop=0
[QUEUE_STATS] t_ms=19312 q_pkts=11 q_bytes=16544 qdelay_l_ms=1.05476 qdelay_c_ms=4.01374 ecn_mark=1315 drop=0
[QUEUE_STATS] t_ms=19328 q_pkts=12 q_bytes=18048 qdelay_l_ms=1.11081 qdelay_c_ms=5.20984 ecn_mark=1315 drop=0
[QUEUE_STATS] t_ms=19344 q_pkts=15 q_bytes=22560 qdelay_l_ms=1.0651 qdelay_c_ms=5.00807 ecn_mark=1315 drop=0
[QUEUE_STATS] t_ms=19360 q_pkts=14 q_bytes=21056 qdelay_l_ms=0.556306 qdelay_c_ms=3.62854 ecn_mark=1315 drop=0
[QUEUE_STATS] t_ms=19376 q_pkts=12 q_bytes=18048 qdelay_l_ms=1.06064 qdelay_c_ms=6.09638 ecn_mark=1316 drop=0
[QUEUE_STATS] t_ms=19392 q_pkts=14 q_bytes=21056 qdelay_l_ms=1.06166 qdelay_c_ms=5.52568 ecn_mark=1318 drop=0
[QUEUE_STATS] t_ms=19408 q_pkts=15 q_bytes=22560 qdelay_l_ms=1.07517 qdelay_c_ms=5.81658 ecn_mark=1318 drop=0
[QUEUE_STATS] t_ms=19424 q_pkts=16 q_bytes=24064 qdelay_l_ms=1.09815 qdelay_c_ms=5.75766 ecn_mark=1318 drop=0
[QUEUE_STATS] t_ms=19440 q_pkts=16 q_bytes=24064 qdelay_l_ms=1.08606 qdelay_c_ms=6.12801 ecn_mark=1318 drop=0
[QUEUE_STATS] t_ms=19456 q_pkts=18 q_bytes=27072 qdelay_l_ms=1.08628 qdelay_c_ms=6.68717 ecn_mark=1319 drop=0
[QUEUE_STATS] t_ms=19472 q_pkts=18 q_bytes=27072 qdelay_l_ms=1.08189 qdelay_c_ms=6.36401 ecn_mark=1319 drop=0
[QUEUE_STATS] t_ms=19488 q_pkts=17 q_bytes=25568 qdelay_l_ms=1.10904 qdelay_c_ms=5.59535 ecn_mark=1320 drop=0
[QUEUE_STATS] t_ms=19504 q_pkts=15 q_bytes=22560 qdelay_l_ms=1.08849 qdelay_c_ms=6.09644 ecn_mark=1320 drop=0
[QUEUE_STATS] t_ms=19520 q_pkts=18 q_bytes=27072 qdelay_l_ms=1.06744 qdelay_c_ms=7.39208 ecn_mark=1322 drop=0
[QUEUE_STATS] t_ms=19536 q_pkts=16 q_bytes=24064 qdelay_l_ms=1.07911 qdelay_c_ms=6.06817 ecn_mark=1322 drop=0
[QUEUE_STATS] t_ms=19552 q_pkts=18 q_bytes=27072 qdelay_l_ms=1.06745 qdelay_c_ms=8.30668 ecn_mark=1322 drop=0
[QUEUE_STATS] t_ms=19568 q_pkts=19 q_bytes=28576 qdelay_l_ms=1.08528 qdelay_c_ms=7.19458 ecn_mark=1322 drop=0
[QUEUE_STATS] t_ms=19584 q_pkts=19 q_bytes=28576 qdelay_l_ms=0.590219 qdelay_c_ms=6.62943 ecn_mark=1322 drop=0
[QUEUE_STATS] t_ms=19600 q_pkts=20 q_bytes=30080 qdelay_l_ms=1.08433 qdelay_c_ms=7.15541 ecn_mark=1323 drop=0
[QUEUE_STATS] t_ms=19616 q_pkts=22 q_bytes=33088 qdelay_l_ms=1.10064 qdelay_c_ms=7.89169 ecn_mark=1323 drop=0
[QUEUE_STATS] t_ms=19632 q_pkts=20 q_bytes=30080 qdelay_l_ms=1.09005 qdelay_c_ms=8.21117 ecn_mark=1323 drop=0
[QUEUE_STATS] t_ms=19648 q_pkts=19 q_bytes=28576 qdelay_l_ms=1.07412 qdelay_c_ms=7.49404 ecn_mark=1323 drop=0
[QUEUE_STATS] t_ms=19664 q_pkts=21 q_bytes=31584 qdelay_l_ms=1.103 qdelay_c_ms=8.13386 ecn_mark=1323 drop=0
[QUEUE_STATS] t_ms=19680 q_pkts=20 q_bytes=30080 qdelay_l_ms=1.07507 qdelay_c_ms=8.98217 ecn_mark=1324 drop=0
[QUEUE_STATS] t_ms=19696 q_pkts=21 q_bytes=31584 qdelay_l_ms=1.07941 qdelay_c_ms=8.6491 ecn_mark=1324 drop=0
[QUEUE_STATS] t_ms=19712 q_pkts=24 q_bytes=36096 qdelay_l_ms=1.07284 qdelay_c_ms=8.92463 ecn_mark=1324 drop=0
[QUEUE_STATS] t_ms=19728 q_pkts=22 q_bytes=33088 qdelay_l_ms=1.07285 qdelay_c_ms=9.29131 ecn_mark=1327 drop=0
[QUEUE_STATS] t_ms=19744 q_pkts=23 q_bytes=34592 qdelay_l_ms=0.531569 qdelay_c_ms=8.53886 ecn_mark=1327 drop=0
[QUEUE_STATS] t_ms=19760 q_pkts=22 q_bytes=33088 qdelay_l_ms=0.841862 qdelay_c_ms=7.89697 ecn_mark=1327 drop=0
[QUEUE_STATS] t_ms=19776 q_pkts=22 q_bytes=33088 qdelay_l_ms=1.09156 qdelay_c_ms=9.06373 ecn_mark=1329 drop=0
[QUEUE_STATS] t_ms=19792 q_pkts=23 q_bytes=34592 qdelay_l_ms=1.11862 qdelay_c_ms=8.09445 ecn_mark=1330 drop=0
[QUEUE_STATS] t_ms=19808 q_pkts=25 q_bytes=37600 qdelay_l_ms=0.540867 qdelay_c_ms=8.74626 ecn_mark=1331 drop=0
[QUEUE_STATS] t_ms=19824 q_pkts=23 q_bytes=34592 qdelay_l_ms=1.1008 qdelay_c_ms=9.16137 ecn_mark=1332 drop=0
[QUEUE_STATS] t_ms=19840 q_pkts=23 q_bytes=34592 qdelay_l_ms=1.09753 qdelay_c_ms=10.2628 ecn_mark=1333 drop=0
[QUEUE_STATS] t_ms=19856 q_pkts=25 q_bytes=37600 qdelay_l_ms=1.06853 qdelay_c_ms=9.75113 ecn_mark=1333 drop=0
[QUEUE_STATS] t_ms=19872 q_pkts=23 q_bytes=34592 qdelay_l_ms=0.544824 qdelay_c_ms=8.96429 ecn_mark=1334 drop=0
[QUEUE_STATS] t_ms=19888 q_pkts=24 q_bytes=36096 qdelay_l_ms=1.07253 qdelay_c_ms=8.9182 ecn_mark=1334 drop=0
[QUEUE_STATS] t_ms=19904 q_pkts=26 q_bytes=39104 qdelay_l_ms=1.06009 qdelay_c_ms=10.076 ecn_mark=1334 drop=0
[QUEUE_STATS] t_ms=19920 q_pkts=25 q_bytes=37600 qdelay_l_ms=1.10886 qdelay_c_ms=11.1309 ecn_mark=1335 drop=0
[QUEUE_STATS] t_ms=19936 q_pkts=26 q_bytes=39104 qdelay_l_ms=1.08078 qdelay_c_ms=10.0059 ecn_mark=1336 drop=0
[QUEUE_STATS] t_ms=19952 q_pkts=27 q_bytes=40608 qdelay_l_ms=1.06174 qdelay_c_ms=10.0387 ecn_mark=1336 drop=0
[QUEUE_STATS] t_ms=19968 q_pkts=26 q_bytes=39104 qdelay_l_ms=0.528674 qdelay_c_ms=10.569 ecn_mark=1336 drop=0
[QUEUE_STATS] t_ms=19984 q_pkts=27 q_bytes=40608 qdelay_l_ms=1.0916 qdelay_c_ms=10.6791 ecn_mark=1336 drop=0
[QUEUE_STATS] t_ms=20000 q_pkts=29 q_bytes=43616 qdelay_l_ms=1.04932 qdelay_c_ms=10.823 ecn_mark=1338 drop=0
[QUEUE_STATS] t_ms=20016 q_pkts=27 q_bytes=40608 qdelay_l_ms=1.07821 qdelay_c_ms=12.013 ecn_mark=1340 drop=0
[QUEUE_STATS] t_ms=20032 q_pkts=27 q_bytes=40608 qdelay_l_ms=1.03731 qdelay_c_ms=11.7539 ecn_mark=1340 drop=0
[QUEUE_STATS] t_ms=20048 q_pkts=28 q_bytes=42112 qdelay_l_ms=1.02974 qdelay_c_ms=11.3023 ecn_mark=1340 drop=0
[QUEUE_STATS] t_ms=20064 q_pkts=18 q_bytes=27072 qdelay_l_ms=0.786919 qdelay_c_ms=9.89559 ecn_mark=1340 drop=0
[QUEUE_STATS] t_ms=20080 q_pkts=5 q_bytes=7520 qdelay_l_ms=1.08908 qdelay_c_ms=2.00048 ecn_mark=1341 drop=0
[QUEUE_STATS] t_ms=20096 q_pkts=2 q_bytes=3008 qdelay_l_ms=0.532601 qdelay_c_ms=0 ecn_mark=1342 drop=0
[QUEUE_STATS] t_ms=20112 q_pkts=5 q_bytes=7520 qdelay_l_ms=1.03376 qdelay_c_ms=1.02743 ecn_mark=1345 drop=0
[QUEUE_STATS] t_ms=20128 q_pkts=5 q_bytes=7520 qdelay_l_ms=1.03766 qdelay_c_ms=2.04411 ecn_mark=1345 drop=0
[QUEUE_STATS] t_ms=20144 q_pkts=5 q_bytes=7520 qdelay_l_ms=0.783242 qdelay_c_ms=1.83862 ecn_mark=1346 drop=0
[QUEUE_STATS] t_ms=20160 q_pkts=6 q_bytes=9024 qdelay_l_ms=0.726095 qdelay_c_ms=1.84296 ecn_mark=1346 drop=0
[QUEUE_STATS] t_ms=20176 q_pkts=2 q_bytes=3008 qdelay_l_ms=1.08254 qdelay_c_ms=0 ecn_mark=1346 drop=0
[QUEUE_STATS] t_ms=20192 q_pkts=5 q_bytes=7520 qdelay_l_ms=1.01591 qdelay_c_ms=1.00547 ecn_mark=1346 drop=0
[QUEUE_STATS] t_ms=20208 q_pkts=5 q_bytes=7520 qdelay_l_ms=1.07733 qdelay_c_ms=2.18846 ecn_mark=1346 drop=0
[QUEUE_STATS] t_ms=20224 q_pkts=6 q_bytes=9024 qdelay_l_ms=0.766982 qdelay_c_ms=0.761692 ecn_mark=1346 drop=0
[QUEUE_STATS] t_ms=20240 q_pkts=5 q_bytes=7520 qdelay_l_ms=1.08961 qdelay_c_ms=1.84548 ecn_mark=1347 drop=0
[QUEUE_STATS] t_ms=20256 q_pkts=7 q_bytes=10528 qdelay_l_ms=1.07618 qdelay_c_ms=2.225 ecn_mark=1349 drop=0
[QUEUE_STATS] t_ms=20272 q_pkts=4 q_bytes=6016 qdelay_l_ms=1.0269 qdelay_c_ms=1.02008 ecn_mark=1351 drop=0
[QUEUE_STATS] t_ms=20288 q_pkts=6 q_bytes=9024 qdelay_l_ms=1.00384 qdelay_c_ms=1.94916 ecn_mark=1351 drop=0
[QUEUE_STATS] t_ms=20304 q_pkts=4 q_bytes=6016 qdelay_l_ms=0.886687 qdelay_c_ms=0.881337 ecn_mark=1351 drop=0
[QUEUE_STATS] t_ms=20320 q_pkts=8 q_bytes=12032 qdelay_l_ms=0.993367 qdelay_c_ms=2.94026 ecn_mark=1352 drop=0
[QUEUE_STATS] t_ms=20336 q_pkts=7 q_bytes=10528 qdelay_l_ms=1.0006 qdelay_c_ms=1.84732 ecn_mark=1352 drop=0
[QUEUE_STATS] t_ms=20352 q_pkts=5 q_bytes=7520 qdelay_l_ms=1.1122 qdelay_c_ms=1.10112 ecn_mark=1353 drop=0
[QUEUE_STATS] t_ms=20368 q_pkts=2 q_bytes=3008 qdelay_l_ms=1.08216 qdelay_c_ms=0 ecn_mark=1353 drop=0
[QUEUE_STATS] t_ms=20384 q_pkts=4 q_bytes=6016 qdelay_l_ms=1.06651 qdelay_c_ms=1.07665 ecn_mark=1354 drop=0
[QUEUE_STATS] t_ms=20400 q_pkts=4 q_bytes=6016 qdelay_l_ms=1.07779 qdelay_c_ms=1.07075 ecn_mark=1355 drop=0
[QUEUE_STATS] t_ms=20416 q_pkts=4 q_bytes=6016 qdelay_l_ms=0.981124 qdelay_c_ms=0.971236 ecn_mark=1357 drop=0
[QUEUE_STATS] t_ms=20432 q_pkts=4 q_bytes=6016 qdelay_l_ms=0.713942 qdelay_c_ms=0.75009 ecn_mark=1358 drop=0
[QUEUE_STATS] t_ms=20448 q_pkts=3 q_bytes=4512 qdelay_l_ms=0.878891 qdelay_c_ms=1.97834 ecn_mark=1359 drop=0
[QUEUE_STATS] t_ms=20464 q_pkts=4 q_bytes=6016 qdelay_l_ms=0.995842 qdelay_c_ms=1.92828 ecn_mark=1361 drop=0
[QUEUE_STATS] t_ms=20480 q_pkts=2 q_bytes=3008 qdelay_l_ms=1.00451 qdelay_c_ms=0 ecn_mark=1362 drop=0
[QUEUE_STATS] t_ms=20496 q_pkts=3 q_bytes=4512 qdelay_l_ms=1.07426 qdelay_c_ms=1.06885 ecn_mark=1363 drop=0
[QUEUE_STATS] t_ms=20512 q_pkts=2 q_bytes=3008 qdelay_l_ms=1.06798 qdelay_c_ms=0 ecn_mark=1365 drop=0
[QUEUE_STATS] t_ms=20528 q_pkts=5 q_bytes=7520 qdelay_l_ms=0.944275 qdelay_c_ms=1.97022 ecn_mark=1365 drop=0
[QUEUE_STATS] t_ms=20544 q_pkts=4 q_bytes=6016 qdelay_l_ms=0.984911 qdelay_c_ms=0.97884 ecn_mark=1366 drop=0
[QUEUE_STATS] t_ms=20560 q_pkts=3 q_bytes=4512 qdelay_l_ms=1.08379 qdelay_c_ms=2.14727 ecn_mark=1366 drop=0
[QUEUE_STATS] t_ms=20576 q_pkts=5 q_bytes=7520 qdelay_l_ms=0.984891 qdelay_c_ms=1.93812 ecn_mark=1366 drop=0
[QUEUE_STATS] t_ms=20592 q_pkts=4 q_bytes=6016 qdelay_l_ms=1.09575 qdelay_c_ms=1.08923 ecn_mark=1367 drop=0
[QUEUE_STATS] t_ms=20608 q_pkts=5 q_bytes=7520 qdelay_l_ms=0.998406 qdelay_c_ms=0.991784 ecn_mark=1368 drop=0
[QUEUE_STATS] t_ms=20624 q_pkts=5 q_bytes=7520 qdelay_l_ms=1.09503 qdelay_c_ms=1.08624 ecn_mark=1368 drop=0
[QUEUE_STATS] t_ms=20640 q_pkts=4 q_bytes=6016 qdelay_l_ms=0.982797 qdelay_c_ms=0.976194 ecn_mark=1369 drop=0
[QUEUE_STATS] t_ms=20656 q_pkts=4 q_bytes=6016 qdelay_l_ms=0.83006 qdelay_c_ms=0.824199 ecn_mark=1371 drop=0
[QUEUE_STATS] t_ms=20672 q_pkts=2 q_bytes=3008 qdelay_l_ms=0.98434 qdelay_c_ms=0 ecn_mark=1372 drop=0
[QUEUE_STATS] t_ms=20688 q_pkts=5 q_bytes=7520 qdelay_l_ms=1.0673 qdelay_c_ms=2.1631 ecn_mark=1373 drop=0
[QUEUE_STATS] t_ms=20704 q_pkts=4 q_bytes=6016 qdelay_l_ms=1.08876 qdelay_c_ms=1.08247 ecn_mark=1373 drop=0
[QUEUE_STATS] t_ms=20720 q_pkts=6 q_bytes=9024 qdelay_l_ms=0.973339 qdelay_c_ms=0.960976 ecn_mark=1373 drop=0
[QUEUE_STATS] t_ms=20736 q_pkts=4 q_bytes=6016 qdelay_l_ms=1.06466 qdelay_c_ms=1.055 ecn_mark=1373 drop=0
[QUEUE_STATS] t_ms=20752 q_pkts=4 q_bytes=6016 qdelay_l_ms=1.07267 qdelay_c_ms=1.10003 ecn_mark=1374 drop=0
[QUEUE_STATS] t_ms=20768 q_pkts=4 q_bytes=6016 qdelay_l_ms=1.05873 qdelay_c_ms=1.07064 ecn_mark=1375 drop=0
[QUEUE_STATS] t_ms=20784 q_pkts=4 q_bytes=6016 qdelay_l_ms=1.0809 qdelay_c_ms=1.07554 ecn_mark=1376 drop=0
[QUEUE_STATS] t_ms=20800 q_pkts=3 q_bytes=4512 qdelay_l_ms=0.949024 qdelay_c_ms=0.975093 ecn_mark=1377 drop=0
[QUEUE_STATS] t_ms=20816 q_pkts=4 q_bytes=6016 qdelay_l_ms=0.760329 qdelay_c_ms=1.84219 ecn_mark=1377 drop=0
[QUEUE_STATS] t_ms=20832 q_pkts=4 q_bytes=6016 qdelay_l_ms=0.823127 qdelay_c_ms=0.817566 ecn_mark=1378 drop=0
[QUEUE_STATS] t_ms=20848 q_pkts=4 q_bytes=6016 qdelay_l_ms=0.805985 qdelay_c_ms=0.799843 ecn_mark=1378 drop=0
[QUEUE_STATS] t_ms=20864 q_pkts=6 q_bytes=9024 qdelay_l_ms=1.08575 qdelay_c_ms=1.0805 ecn_mark=1378 drop=0
[QUEUE_STATS] t_ms=20880 q_pkts=4 q_bytes=6016 qdelay_l_ms=1.07901 qdelay_c_ms=2.21074 ecn_mark=1379 drop=0
[QUEUE_STATS] t_ms=20896 q_pkts=3 q_bytes=4512 qdelay_l_ms=0.958872 qdelay_c_ms=0.95237 ecn_mark=1379 drop=0
[QUEUE_STATS] t_ms=20912 q_pkts=4 q_bytes=6016 qdelay_l_ms=1.08504 qdelay_c_ms=3.26349 ecn_mark=1380 drop=0
[QUEUE_STATS] t_ms=20928 q_pkts=4 q_bytes=6016 qdelay_l_ms=0.961507 qdelay_c_ms=1.89534 ecn_mark=1381 drop=0
[QUEUE_STATS] t_ms=20944 q_pkts=4 q_bytes=6016 qdelay_l_ms=1.06614 qdelay_c_ms=2.1727 ecn_mark=1382 drop=0
[QUEUE_STATS] t_ms=20960 q_pkts=5 q_bytes=7520 qdelay_l_ms=1.101 qdelay_c_ms=1.0943 ecn_mark=1382 drop=0
[QUEUE_STATS] t_ms=20976 q_pkts=5 q_bytes=7520 qdelay_l_ms=1.07066 qdelay_c_ms=2.04094 ecn_mark=1384 drop=0
[QUEUE_STATS] t_ms=20992 q_pkts=4 q_bytes=6016 qdelay_l_ms=1.08275 qdelay_c_ms=1.07739 ecn_mark=1384 drop=0
[QUEUE_STATS] t_ms=21008 q_pkts=4 q_bytes=6016 qdelay_l_ms=0.964522 qdelay_c_ms=1.91397 ecn_mark=1386 drop=0
[QUEUE_STATS] t_ms=21024 q_pkts=5 q_bytes=7520 qdelay_l_ms=0.980502 qdelay_c_ms=2.04556 ecn_mark=1387 drop=0
[QUEUE_STATS] t_ms=21040 q_pkts=4 q_bytes=6016 qdelay_l_ms=0.27153 qdelay_c_ms=0.265018 ecn_mark=1387 drop=0
[QUEUE_STATS] t_ms=21056 q_pkts=3 q_bytes=4512 qdelay_l_ms=1.07258 qdelay_c_ms=1.06678 ecn_mark=1387 drop=0
[QUEUE_STATS] t_ms=21072 q_pkts=4 q_bytes=6016 qdelay_l_ms=0.96334 qdelay_c_ms=0.956868 ecn_mark=1387 drop=0
[QUEUE_STATS] t_ms=21088 q_pkts=4 q_bytes=6016 qdelay_l_ms=0.938805 qdelay_c_ms=0.962649 ecn_mark=1387 drop=0
[QUEUE_STATS] t_ms=21104 q_pkts=2 q_bytes=3008 qdelay_l_ms=1.07729 qdelay_c_ms=0 ecn_mark=1388 drop=0
[QUEUE_STATS] t_ms=21120 q_pkts=6 q_bytes=9024 qdelay_l_ms=1.09569 qdelay_c_ms=1.08947 ecn_mark=1389 drop=0
[QUEUE_STATS] t_ms=21136 q_pkts=4 q_bytes=6016 qdelay_l_ms=1.09467 qdelay_c_ms=1.08666 ecn_mark=1391 drop=0
[QUEUE_STATS] t_ms=21152 q_pkts=4 q_bytes=6016 qdelay_l_ms=0.94715 qdelay_c_ms=0.940237 ecn_mark=1392 drop=0
[QUEUE_STATS] t_ms=21168 q_pkts=7 q_bytes=10528 qdelay_l_ms=0.231064 qdelay_c_ms=1.3547 ecn_mark=1392 drop=0
[QUEUE_STATS] t_ms=21184 q_pkts=3 q_bytes=4512 qdelay_l_ms=1.07847 qdelay_c_ms=1.06823 ecn_mark=1393 drop=0
[QUEUE_STATS] t_ms=21200 q_pkts=4 q_bytes=6016 qdelay_l_ms=1.06934 qdelay_c_ms=1.06297 ecn_mark=1394 drop=0
[QUEUE_STATS] t_ms=21216 q_pkts=4 q_bytes=6016 qdelay_l_ms=1.05657 qdelay_c_ms=2.13302 ecn_mark=1394 drop=0
[QUEUE_STATS] t_ms=21232 q_pkts=3 q_bytes=4512 qdelay_l_ms=0.970344 qdelay_c_ms=0.964763 ecn_mark=1395 drop=0
[QUEUE_STATS] t_ms=21248 q_pkts=2 q_bytes=3008 qdelay_l_ms=1.08423 qdelay_c_ms=0 ecn_mark=1396 drop=0
[QUEUE_STATS] t_ms=21264 q_pkts=4 q_bytes=6016 qdelay_l_ms=0.939626 qdelay_c_ms=0.932272 ecn_mark=1400 drop=0
[QUEUE_STATS] t_ms=21280 q_pkts=4 q_bytes=6016 qdelay_l_ms=1.09148 qdelay_c_ms=1.08456 ecn_mark=1401 drop=0
[QUEUE_STATS] t_ms=21296 q_pkts=4 q_bytes=6016 qdelay_l_ms=1.05977 qdelay_c_ms=1.04805 ecn_mark=1402 drop=0
[QUEUE_STATS] t_ms=21312 q_pkts=5 q_bytes=7520 qdelay_l_ms=0.890724 qdelay_c_ms=1.67192 ecn_mark=1403 drop=0
[QUEUE_STATS] t_ms=21328 q_pkts=4 q_bytes=6016 qdelay_l_ms=1.06721 qdelay_c_ms=2.1567 ecn_mark=1403 drop=0
[QUEUE_STATS] t_ms=21344 q_pkts=6 q_bytes=9024 qdelay_l_ms=1.09773 qdelay_c_ms=1.09155 ecn_mark=1403 drop=0
[QUEUE_STATS] t_ms=21360 q_pkts=3 q_bytes=4512 qdelay_l_ms=1.05955 qdelay_c_ms=1.07076 ecn_mark=1406 drop=0
[QUEUE_STATS] t_ms=21376 q_pkts=4 q_bytes=6016 qdelay_l_ms=0.947471 qdelay_c_ms=0.941069 ecn_mark=1406 drop=0
[QUEUE_STATS] t_ms=21392 q_pkts=4 q_bytes=6016 qdelay_l_ms=0.978409 qdelay_c_ms=2.0339 ecn_mark=1406 drop=0
[QUEUE_STATS] t_ms=21408 q_pkts=4 q_bytes=6016 qdelay_l_ms=1.08946 qdelay_c_ms=1.08274 ecn_mark=1406 drop=0
[QUEUE_STATS] t_ms=21424 q_pkts=4 q_bytes=6016 qdelay_l_ms=1.06069 qdelay_c_ms=1.05007 ecn_mark=1406 drop=0
[QUEUE_STATS] t_ms=21440 q_pkts=6 q_bytes=9024 qdelay_l_ms=0.910983 qdelay_c_ms=1.86667 ecn_mark=1406 drop=0
[QUEUE_STATS] t_ms=21456 q_pkts=4 q_bytes=6016 qdelay_l_ms=1.02939 qdelay_c_ms=3.19349 ecn_mark=1407 drop=0
[QUEUE_STATS] t_ms=21472 q_pkts=6 q_bytes=9024 qdelay_l_ms=1.11047 qdelay_c_ms=1.10046 ecn_mark=1408 drop=0
[QUEUE_STATS] t_ms=21488 q_pkts=4 q_bytes=6016 qdelay_l_ms=1.04278 qdelay_c_ms=1.03225 ecn_mark=1408 drop=0
[QUEUE_STATS] t_ms=21504 q_pkts=4 q_bytes=6016 qdelay_l_ms=0.926081 qdelay_c_ms=0.919258 ecn_mark=1408 drop=0
[QUEUE_STATS] t_ms=21520 q_pkts=6 q_bytes=9024 qdelay_l_ms=1.07179 qdelay_c_ms=1.39245 ecn_mark=1410 drop=0
[QUEUE_STATS] t_ms=21536 q_pkts=5 q_bytes=7520 qdelay_l_ms=0.928024 qdelay_c_ms=2.78604 ecn_mark=1410 drop=0
[QUEUE_STATS] t_ms=21552 q_pkts=5 q_bytes=7520 qdelay_l_ms=0.89964 qdelay_c_ms=1.93337 ecn_mark=1410 drop=0
[QUEUE_STATS] t_ms=21568 q_pkts=4 q_bytes=6016 qdelay_l_ms=0.931811 qdelay_c_ms=0.925019 ecn_mark=1412 drop=0
[QUEUE_STATS] t_ms=21584 q_pkts=4 q_bytes=6016 qdelay_l_ms=1.08704 qdelay_c_ms=1.08109 ecn_mark=1414 drop=0
[QUEUE_STATS] t_ms=21600 q_pkts=4 q_bytes=6016 qdelay_l_ms=0.925389 qdelay_c_ms=0.918917 ecn_mark=1414 drop=0
[QUEUE_STATS] t_ms=21616 q_pkts=5 q_bytes=7520 qdelay_l_ms=0.927804 qdelay_c_ms=1.81822 ecn_mark=1417 drop=0
[QUEUE_STATS] t_ms=21632 q_pkts=5 q_bytes=7520 qdelay_l_ms=0.918206 qdelay_c_ms=0.906965 ecn_mark=1418 drop=0
[QUEUE_STATS] t_ms=21648 q_pkts=4 q_bytes=6016 qdelay_l_ms=1.06944 qdelay_c_ms=1.06224 ecn_mark=1420 drop=0
[QUEUE_STATS] t_ms=21664 q_pkts=6 q_bytes=9024 qdelay_l_ms=1.10197 qdelay_c_ms=1.99114 ecn_mark=1422 drop=0
[QUEUE_STATS] t_ms=21680 q_pkts=4 q_bytes=6016 qdelay_l_ms=1.06652 qdelay_c_ms=2.21145 ecn_mark=1422 drop=0
[QUEUE_STATS] t_ms=21696 q_pkts=4 q_bytes=6016 qdelay_l_ms=0.929577 qdelay_c_ms=0.920971 ecn_mark=1423 drop=0
[QUEUE_STATS] t_ms=21712 q_pkts=4 q_bytes=6016 qdelay_l_ms=1.0167 qdelay_c_ms=2.07876 ecn_mark=1425 drop=0
[QUEUE_STATS] t_ms=21728 q_pkts=6 q_bytes=9024 qdelay_l_ms=1.10551 qdelay_c_ms=1.09828 ecn_mark=1426 drop=0
[QUEUE_STATS] t_ms=21744 q_pkts=5 q_bytes=7520 qdelay_l_ms=1.09406 qdelay_c_ms=1.08664 ecn_mark=1428 drop=0
[QUEUE_STATS] t_ms=21760 q_pkts=4 q_bytes=6016 qdelay_l_ms=0.926842 qdelay_c_ms=0.920921 ecn_mark=1429 drop=0
[QUEUE_STATS] t_ms=21776 q_pkts=3 q_bytes=4512 qdelay_l_ms=0.94227 qdelay_c_ms=1.66618 ecn_mark=1430 drop=0
[QUEUE_STATS] t_ms=21792 q_pkts=3 q_bytes=4512 qdelay_l_ms=0.722358 qdelay_c_ms=0.716938 ecn_mark=1430 drop=0
[QUEUE_STATS] t_ms=21808 q_pkts=6 q_bytes=9024 qdelay_l_ms=1.06781 qdelay_c_ms=1.0972 ecn_mark=1430 drop=0
[QUEUE_STATS] t_ms=21824 q_pkts=7 q_bytes=10528 qdelay_l_ms=1.0981 qdelay_c_ms=2.16766 ecn_mark=1430 drop=0
[QUEUE_STATS] t_ms=21840 q_pkts=4 q_bytes=6016 qdelay_l_ms=0.812036 qdelay_c_ms=0.833356 ecn_mark=1430 drop=0
[QUEUE_STATS] t_ms=21856 q_pkts=5 q_bytes=7520 qdelay_l_ms=1.07703 qdelay_c_ms=2.18891 ecn_mark=1431 drop=0
[QUEUE_STATS] t_ms=21872 q_pkts=8 q_bytes=12032 qdelay_l_ms=0.90468 qdelay_c_ms=2.67311 ecn_mark=1433 drop=0
[QUEUE_STATS] t_ms=21888 q_pkts=4 q_bytes=6016 qdelay_l_ms=0.972839 qdelay_c_ms=2.06112 ecn_mark=1434 drop=0
[QUEUE_STATS] t_ms=21904 q_pkts=4 q_bytes=6016 qdelay_l_ms=1.09604 qdelay_c_ms=1.08894 ecn_mark=1434 drop=0
[QUEUE_STATS] t_ms=21920 q_pkts=6 q_bytes=9024 qdelay_l_ms=1.07173 qdelay_c_ms=1.06616 ecn_mark=1435 drop=0
[QUEUE_STATS] t_ms=21936 q_pkts=4 q_bytes=6016 qdelay_l_ms=0.672023 qdelay_c_ms=0.682523 ecn_mark=1436 drop=0
[QUEUE_STATS] t_ms=21952 q_pkts=6 q_bytes=9024 qdelay_l_ms=0.974982 qdelay_c_ms=2.04932 ecn_mark=1437 drop=0
[QUEUE_STATS] t_ms=21968 q_pkts=4 q_bytes=6016 qdelay_l_ms=0.991112 qdelay_c_ms=2.04983 ecn_mark=1438 drop=0
[QUEUE_STATS] t_ms=21984 q_pkts=4 q_bytes=6016 qdelay_l_ms=1.0834 qdelay_c_ms=1.07717 ecn_mark=1439 drop=0
[QUEUE_STATS] t_ms=22000 q_pkts=4 q_bytes=6016 qdelay_l_ms=0.918937 qdelay_c_ms=0.912315 ecn_mark=1439 drop=0
[QUEUE_STATS] t_ms=22016 q_pkts=5 q_bytes=7520 qdelay_l_ms=1.06481 qdelay_c_ms=1.9772 ecn_mark=1439 drop=0
[QUEUE_STATS] t_ms=22032 q_pkts=4 q_bytes=6016 qdelay_l_ms=0.914108 qdelay_c_ms=0.908337 ecn_mark=1439 drop=0
[QUEUE_STATS] t_ms=22048 q_pkts=2 q_bytes=3008 qdelay_l_ms=0.68628 qdelay_c_ms=0 ecn_mark=1440 drop=0
[QUEUE_STATS] t_ms=22064 q_pkts=5 q_bytes=7520 qdelay_l_ms=1.06499 qdelay_c_ms=1.06001 ecn_mark=1440 drop=0
[QUEUE_STATS] t_ms=22080 q_pkts=3 q_bytes=4512 qdelay_l_ms=1.07041 qdelay_c_ms=2.21052 ecn_mark=1441 drop=0
[QUEUE_STATS] t_ms=22096 q_pkts=3 q_bytes=4512 qdelay_l_ms=0.961186 qdelay_c_ms=2.03234 ecn_mark=1441 drop=0
[QUEUE_STATS] t_ms=22112 q_pkts=4 q_bytes=6016 qdelay_l_ms=1.02835 qdelay_c_ms=1.06164 ecn_mark=1441 drop=0
[QUEUE_STATS] t_ms=22128 q_pkts=3 q_bytes=4512 qdelay_l_ms=1.07244 qdelay_c_ms=1.06672 ecn_mark=1442 drop=0
[QUEUE_STATS] t_ms=22144 q_pkts=6 q_bytes=9024 qdelay_l_ms=1.08625 qdelay_c_ms=2.20882 ecn_mark=1444 drop=0
[QUEUE_STATS] t_ms=22160 q_pkts=3 q_bytes=4512 qdelay_l_ms=0.8992 qdelay_c_ms=2.21471 ecn_mark=1444 drop=0
[QUEUE_STATS] t_ms=22176 q_pkts=4 q_bytes=6016 qdelay_l_ms=0.948242 qdelay_c_ms=0.94157 ecn_mark=1444 drop=0
[QUEUE_STATS] t_ms=22192 q_pkts=4 q_bytes=6016 qdelay_l_ms=1.0808 qdelay_c_ms=2.13632 ecn_mark=1444 drop=0
[QUEUE_STATS] t_ms=22208 q_pkts=6 q_bytes=9024 qdelay_l_ms=1.09495 qdelay_c_ms=1.08954 ecn_mark=1444 drop=0
[QUEUE_STATS] t_ms=22224 q_pkts=4 q_bytes=6016 qdelay_l_ms=1.07349 qdelay_c_ms=1.09278 ecn_mark=1444 drop=0
[QUEUE_STATS] t_ms=22240 q_pkts=2 q_bytes=3008 qdelay_l_ms=1.07271 qdelay_c_ms=0 ecn_mark=1444 drop=0
[QUEUE_STATS] t_ms=22256 q_pkts=5 q_bytes=7520 qdelay_l_ms=1.03847 qdelay_c_ms=2.16102 ecn_mark=1445 drop=0
[QUEUE_STATS] t_ms=22272 q_pkts=5 q_bytes=7520 qdelay_l_ms=1.06991 qdelay_c_ms=1.9515 ecn_mark=1446 drop=0
[QUEUE_STATS] t_ms=22288 q_pkts=4 q_bytes=6016 qdelay_l_ms=1.09119 qdelay_c_ms=1.08473 ecn_mark=1446 drop=0
[QUEUE_STATS] t_ms=22304 q_pkts=4 q_bytes=6016 qdelay_l_ms=0.850459 qdelay_c_ms=1.72764 ecn_mark=1446 drop=0
[QUEUE_STATS] t_ms=22320 q_pkts=5 q_bytes=7520 qdelay_l_ms=1.0344 qdelay_c_ms=2.17214 ecn_mark=1448 drop=0
[QUEUE_STATS] t_ms=22336 q_pkts=4 q_bytes=6016 qdelay_l_ms=1.09309 qdelay_c_ms=1.08643 ecn_mark=1448 drop=0
[QUEUE_STATS] t_ms=22352 q_pkts=4 q_bytes=6016 qdelay_l_ms=0.864155 qdelay_c_ms=0.851571 ecn_mark=1449 drop=0
[QUEUE_STATS] t_ms=22368 q_pkts=4 q_bytes=6016 qdelay_l_ms=1.07064 qdelay_c_ms=1.08895 ecn_mark=1449 drop=0
[QUEUE_STATS] t_ms=22384 q_pkts=2 q_bytes=3008 qdelay_l_ms=1.07893 qdelay_c_ms=0 ecn_mark=1449 drop=0
[QUEUE_STATS] t_ms=22400 q_pkts=6 q_bytes=9024 qdelay_l_ms=1.09215 qdelay_c_ms=1.08064 ecn_mark=1451 drop=0
[QUEUE_STATS] t_ms=22416 q_pkts=5 q_bytes=7520 qdelay_l_ms=1.08434 qdelay_c_ms=1.07722 ecn_mark=1451 drop=0
[QUEUE_STATS] t_ms=22432 q_pkts=5 q_bytes=7520 qdelay_l_ms=1.07152 qdelay_c_ms=1.98042 ecn_mark=1453 drop=0
[QUEUE_STATS] t_ms=22448 q_pkts=5 q_bytes=7520 qdelay_l_ms=0.646956 qdelay_c_ms=1.77604 ecn_mark=1454 drop=0
[QUEUE_STATS] t_ms=22464 q_pkts=3 q_bytes=4512 qdelay_l_ms=1.02794 qdelay_c_ms=0 ecn_mark=1454 drop=0
[QUEUE_STATS] t_ms=22480 q_pkts=4 q_bytes=6016 qdelay_l_ms=1.06832 qdelay_c_ms=1.07892 ecn_mark=1456 drop=0
[QUEUE_STATS] t_ms=22496 q_pkts=4 q_bytes=6016 qdelay_l_ms=0.861419 qdelay_c_ms=1.86949 ecn_mark=1456 drop=0
[QUEUE_STATS] t_ms=22512 q_pkts=2 q_bytes=3008 qdelay_l_ms=1.08296 qdelay_c_ms=0 ecn_mark=1458 drop=0
[QUEUE_STATS] t_ms=22528 q_pkts=4 q_bytes=6016 qdelay_l_ms=1.07426 qdelay_c_ms=1.0695 ecn_mark=1459 drop=0
[QUEUE_STATS] t_ms=22544 q_pkts=7 q_bytes=10528 qdelay_l_ms=1.09195 qdelay_c_ms=2.21331 ecn_mark=1460 drop=0
[QUEUE_STATS] t_ms=22560 q_pkts=4 q_bytes=6016 qdelay_l_ms=1.09031 qdelay_c_ms=1.08415 ecn_mark=1461 drop=0
[QUEUE_STATS] t_ms=22576 q_pkts=1 q_bytes=1504 qdelay_l_ms=1.09383 qdelay_c_ms=0 ecn_mark=1462 drop=0
[QUEUE_STATS] t_ms=22592 q_pkts=8 q_bytes=12032 qdelay_l_ms=1.06815 qdelay_c_ms=1.93284 ecn_mark=1463 drop=0
[QUEUE_STATS] t_ms=22608 q_pkts=5 q_bytes=7520 qdelay_l_ms=1.10794 qdelay_c_ms=1.97029 ecn_mark=1463 drop=0
[QUEUE_STATS] t_ms=22624 q_pkts=4 q_bytes=6016 qdelay_l_ms=1.08944 qdelay_c_ms=1.08279 ecn_mark=1464 drop=0
[QUEUE_STATS] t_ms=22640 q_pkts=4 q_bytes=6016 qdelay_l_ms=0.896525 qdelay_c_ms=0.890965 ecn_mark=1466 drop=0
[QUEUE_STATS] t_ms=22656 q_pkts=4 q_bytes=6016 qdelay_l_ms=1.03579 qdelay_c_ms=2.16047 ecn_mark=1466 drop=0
[QUEUE_STATS] t_ms=22672 q_pkts=7 q_bytes=10528 qdelay_l_ms=0.857702 qdelay_c_ms=1.82975 ecn_mark=1468 drop=0
[QUEUE_STATS] t_ms=22688 q_pkts=4 q_bytes=6016 qdelay_l_ms=1.06926 qdelay_c_ms=2.1871 ecn_mark=1468 drop=0
[QUEUE_STATS] t_ms=22704 q_pkts=3 q_bytes=4512 qdelay_l_ms=1.06111 qdelay_c_ms=1.07121 ecn_mark=1468 drop=0
[QUEUE_STATS] t_ms=22720 q_pkts=2 q_bytes=3008 qdelay_l_ms=1.00089 qdelay_c_ms=2.11456 ecn_mark=1468 drop=0
[QUEUE_STATS] t_ms=22736 q_pkts=7 q_bytes=10528 qdelay_l_ms=1.10696 qdelay_c_ms=1.10067 ecn_mark=1469 drop=0
[QUEUE_STATS] t_ms=22752 q_pkts=5 q_bytes=7520 qdelay_l_ms=0.652928 qdelay_c_ms=0.645995 ecn_mark=1470 drop=0
[QUEUE_STATS] t_ms=22768 q_pkts=3 q_bytes=4512 qdelay_l_ms=1.07479 qdelay_c_ms=1.91399 ecn_mark=1470 drop=0
[QUEUE_STATS] t_ms=22784 q_pkts=6 q_bytes=9024 qdelay_l_ms=1.05884 qdelay_c_ms=2.19358 ecn_mark=1471 drop=0
[QUEUE_STATS] t_ms=22800 q_pkts=5 q_bytes=7520 qdelay_l_ms=1.11252 qdelay_c_ms=1.10174 ecn_mark=1473 drop=0
[QUEUE_STATS] t_ms=22816 q_pkts=4 q_bytes=6016 qdelay_l_ms=0.982958 qdelay_c_ms=0.994109 ecn_mark=1474 drop=0
[QUEUE_STATS] t_ms=22832 q_pkts=5 q_bytes=7520 qdelay_l_ms=1.06017 qdelay_c_ms=1.04916 ecn_mark=1475 drop=0
[QUEUE_STATS] t_ms=22848 q_pkts=4 q_bytes=6016 qdelay_l_ms=0.865045 qdelay_c_ms=1.86505 ecn_mark=1477 drop=0
[QUEUE_STATS] t_ms=22864 q_pkts=4 q_bytes=6016 qdelay_l_ms=1.07818 qdelay_c_ms=1.91467 ecn_mark=1477 drop=0
[QUEUE_STATS] t_ms=22880 q_pkts=4 q_bytes=6016 qdelay_l_ms=1.00263 qdelay_c_ms=0.997265 ecn_mark=1477 drop=0
[QUEUE_STATS] t_ms=22896 q_pkts=5 q_bytes=7520 qdelay_l_ms=0.966336 qdelay_c_ms=2.08525 ecn_mark=1479 drop=0
[QUEUE_STATS] t_ms=22912 q_pkts=5 q_bytes=7520 qdelay_l_ms=1.09151 qdelay_c_ms=1.73486 ecn_mark=1479 drop=0
[QUEUE_STATS] t_ms=22928 q_pkts=7 q_bytes=10528 qdelay_l_ms=1.1103 qdelay_c_ms=2.20842 ecn_mark=1480 drop=0
[QUEUE_STATS] t_ms=22944 q_pkts=5 q_bytes=7520 qdelay_l_ms=0.822105 qdelay_c_ms=1.81265 ecn_mark=1481 drop=0
[QUEUE_STATS] t_ms=22960 q_pkts=5 q_bytes=7520 qdelay_l_ms=0.846621 qdelay_c_ms=0.840048 ecn_mark=1481 drop=0
[QUEUE_STATS] t_ms=22976 q_pkts=6 q_bytes=9024 qdelay_l_ms=1.06673 qdelay_c_ms=2.19491 ecn_mark=1482 drop=0
[QUEUE_STATS] t_ms=22992 q_pkts=3 q_bytes=4512 qdelay_l_ms=0.977948 qdelay_c_ms=0 ecn_mark=1483 drop=0
[QUEUE_STATS] t_ms=23008 q_pkts=4 q_bytes=6016 qdelay_l_ms=1.07342 qdelay_c_ms=1.06811 ecn_mark=1483 drop=0
[QUEUE_STATS] t_ms=23024 q_pkts=6 q_bytes=9024 qdelay_l_ms=1.07674 qdelay_c_ms=2.19902 ecn_mark=1483 drop=0
[QUEUE_STATS] t_ms=23040 q_pkts=5 q_bytes=7520 qdelay_l_ms=0.955956 qdelay_c_ms=2.06526 ecn_mark=1483 drop=0
[QUEUE_STATS] t_ms=23056 q_pkts=5 q_bytes=7520 qdelay_l_ms=1.06824 qdelay_c_ms=2.11968 ecn_mark=1483 drop=0
[QUEUE_STATS] t_ms=23072 q_pkts=7 q_bytes=10528 qdelay_l_ms=1.09781 qdelay_c_ms=1.92905 ecn_mark=1483 drop=0
[QUEUE_STATS] t_ms=23088 q_pkts=5 q_bytes=7520 qdelay_l_ms=0.830942 qdelay_c_ms=1.75207 ecn_mark=1483 drop=0
[QUEUE_STATS] t_ms=23104 q_pkts=6 q_bytes=9024 qdelay_l_ms=1.07307 qdelay_c_ms=2.19394 ecn_mark=1483 drop=0
[QUEUE_STATS] t_ms=23120 q_pkts=6 q_bytes=9024 qdelay_l_ms=1.11194 qdelay_c_ms=1.93625 ecn_mark=1483 drop=0
[QUEUE_STATS] t_ms=23136 q_pkts=4 q_bytes=6016 qdelay_l_ms=1.08603 qdelay_c_ms=1.97059 ecn_mark=1483 drop=0
[QUEUE_STATS] t_ms=23152 q_pkts=6 q_bytes=9024 qdelay_l_ms=0.916913 qdelay_c_ms=2.02546 ecn_mark=1483 drop=0
[QUEUE_STATS] t_ms=23168 q_pkts=6 q_bytes=9024 qdelay_l_ms=1.09304 qdelay_c_ms=1.08729 ecn_mark=1484 drop=0
[QUEUE_STATS] t_ms=23184 q_pkts=5 q_bytes=7520 qdelay_l_ms=1.09082 qdelay_c_ms=1.08391 ecn_mark=1485 drop=0
[QUEUE_STATS] t_ms=23200 q_pkts=6 q_bytes=9024 qdelay_l_ms=0.805253 qdelay_c_ms=2.00414 ecn_mark=1487 drop=0
[QUEUE_STATS] t_ms=23216 q_pkts=4 q_bytes=6016 qdelay_l_ms=1.06051 qdelay_c_ms=1.05468 ecn_mark=1489 drop=0
[QUEUE_STATS] t_ms=23232 q_pkts=4 q_bytes=6016 qdelay_l_ms=1.05639 qdelay_c_ms=1.06705 ecn_mark=1489 drop=0
[QUEUE_STATS] t_ms=23248 q_pkts=5 q_bytes=7520 qdelay_l_ms=1.09422 qdelay_c_ms=1.96727 ecn_mark=1490 drop=0
[QUEUE_STATS] t_ms=23264 q_pkts=7 q_bytes=10528 qdelay_l_ms=0.901935 qdelay_c_ms=2.89199 ecn_mark=1490 drop=0
[QUEUE_STATS] t_ms=23280 q_pkts=4 q_bytes=6016 qdelay_l_ms=0.772662 qdelay_c_ms=0.795495 ecn_mark=1492 drop=0
[QUEUE_STATS] t_ms=23296 q_pkts=5 q_bytes=7520 qdelay_l_ms=0.801206 qdelay_c_ms=2.81679 ecn_mark=1493 drop=0
[QUEUE_STATS] t_ms=23312 q_pkts=4 q_bytes=6016 qdelay_l_ms=1.06218 qdelay_c_ms=2.13771 ecn_mark=1494 drop=0
[QUEUE_STATS] t_ms=23328 q_pkts=6 q_bytes=9024 qdelay_l_ms=1.06951 qdelay_c_ms=1.10247 ecn_mark=1494 drop=0
[QUEUE_STATS] t_ms=23344 q_pkts=4 q_bytes=6016 qdelay_l_ms=1.07667 qdelay_c_ms=2.222 ecn_mark=1495 drop=0
[QUEUE_STATS] t_ms=23360 q_pkts=6 q_bytes=9024 qdelay_l_ms=0.790376 qdelay_c_ms=1.98562 ecn_mark=1495 drop=0
[QUEUE_STATS] t_ms=23376 q_pkts=6 q_bytes=9024 qdelay_l_ms=1.08481 qdelay_c_ms=2.20597 ecn_mark=1497 drop=0
[QUEUE_STATS] t_ms=23392 q_pkts=5 q_bytes=7520 qdelay_l_ms=0.793852 qdelay_c_ms=1.81985 ecn_mark=1498 drop=0
[QUEUE_STATS] t_ms=23408 q_pkts=6 q_bytes=9024 qdelay_l_ms=0.80362 qdelay_c_ms=0.796667 ecn_mark=1500 drop=0
[QUEUE_STATS] t_ms=23424 q_pkts=5 q_bytes=7520 qdelay_l_ms=1.09641 qdelay_c_ms=1.94698 ecn_mark=1500 drop=0
[QUEUE_STATS] t_ms=23440 q_pkts=9 q_bytes=13536 qdelay_l_ms=1.07727 qdelay_c_ms=3.28288 ecn_mark=1500 drop=0
[QUEUE_STATS] t_ms=23456 q_pkts=9 q_bytes=13536 qdelay_l_ms=0.854476 qdelay_c_ms=2.83018 ecn_mark=1500 drop=0
[QUEUE_STATS] t_ms=23472 q_pkts=5 q_bytes=7520 qdelay_l_ms=1.09207 qdelay_c_ms=1.9219 ecn_mark=1501 drop=0
[QUEUE_STATS] t_ms=23488 q_pkts=7 q_bytes=10528 qdelay_l_ms=1.09882 qdelay_c_ms=3.07491 ecn_mark=1501 drop=0
[QUEUE_STATS] t_ms=23504 q_pkts=6 q_bytes=9024 qdelay_l_ms=0.848375 qdelay_c_ms=1.96599 ecn_mark=1502 drop=0
[QUEUE_STATS] t_ms=23520 q_pkts=5 q_bytes=7520 qdelay_l_ms=1.06863 qdelay_c_ms=3.06352 ecn_mark=1503 drop=0
[QUEUE_STATS] t_ms=23536 q_pkts=6 q_bytes=9024 qdelay_l_ms=1.09861 qdelay_c_ms=1.9593 ecn_mark=1505 drop=0
[QUEUE_STATS] t_ms=23552 q_pkts=8 q_bytes=12032 qdelay_l_ms=0.798761 qdelay_c_ms=2.80789 ecn_mark=1507 drop=0
[QUEUE_STATS] t_ms=23568 q_pkts=6 q_bytes=9024 qdelay_l_ms=1.06457 qdelay_c_ms=3.28411 ecn_mark=1507 drop=0
[QUEUE_STATS] t_ms=23584 q_pkts=8 q_bytes=12032 qdelay_l_ms=0.788542 qdelay_c_ms=3.12982 ecn_mark=1509 drop=0
[QUEUE_STATS] t_ms=23600 q_pkts=7 q_bytes=10528 qdelay_l_ms=1.098 qdelay_c_ms=1.91951 ecn_mark=1510 drop=0
[QUEUE_STATS] t_ms=23616 q_pkts=8 q_bytes=12032 qdelay_l_ms=0.211808 qdelay_c_ms=2.37373 ecn_mark=1511 drop=0
[QUEUE_STATS] t_ms=23632 q_pkts=8 q_bytes=12032 qdelay_l_ms=1.09499 qdelay_c_ms=3.02719 ecn_mark=1511 drop=0
[QUEUE_STATS] t_ms=23648 q_pkts=9 q_bytes=13536 qdelay_l_ms=1.11856 qdelay_c_ms=1.91261 ecn_mark=1512 drop=0
[QUEUE_STATS] t_ms=23664 q_pkts=7 q_bytes=10528 qdelay_l_ms=0.82987 qdelay_c_ms=3.726 ecn_mark=1514 drop=0
[QUEUE_STATS] t_ms=23680 q_pkts=9 q_bytes=13536 qdelay_l_ms=1.09531 qdelay_c_ms=3.03494 ecn_mark=1514 drop=0
[QUEUE_STATS] t_ms=23696 q_pkts=8 q_bytes=12032 qdelay_l_ms=1.08948 qdelay_c_ms=3.93024 ecn_mark=1515 drop=0
[QUEUE_STATS] t_ms=23712 q_pkts=8 q_bytes=12032 qdelay_l_ms=0.941399 qdelay_c_ms=3.95698 ecn_mark=1516 drop=0
[QUEUE_STATS] t_ms=23728 q_pkts=9 q_bytes=13536 qdelay_l_ms=0.944935 qdelay_c_ms=5.07622 ecn_mark=1517 drop=0
[QUEUE_STATS] t_ms=23744 q_pkts=8 q_bytes=12032 qdelay_l_ms=1.07067 qdelay_c_ms=3.26076 ecn_mark=1517 drop=0
[QUEUE_STATS] t_ms=23760 q_pkts=7 q_bytes=10528 qdelay_l_ms=1.06466 qdelay_c_ms=4.22708 ecn_mark=1518 drop=0
[QUEUE_STATS] t_ms=23776 q_pkts=9 q_bytes=13536 qdelay_l_ms=1.07562 qdelay_c_ms=4.17897 ecn_mark=1518 drop=0
[QUEUE_STATS] t_ms=23792 q_pkts=11 q_bytes=16544 qdelay_l_ms=1.06642 qdelay_c_ms=4.18147 ecn_mark=1518 drop=0
[QUEUE_STATS] t_ms=23808 q_pkts=10 q_bytes=15040 qdelay_l_ms=0.980643 qdelay_c_ms=2.71601 ecn_mark=1518 drop=0
[QUEUE_STATS] t_ms=23824 q_pkts=11 q_bytes=16544 qdelay_l_ms=1.09583 qdelay_c_ms=3.82435 ecn_mark=1518 drop=0
[QUEUE_STATS] t_ms=23840 q_pkts=11 q_bytes=16544 qdelay_l_ms=1.06821 qdelay_c_ms=4.16867 ecn_mark=1518 drop=0
[QUEUE_STATS] t_ms=23856 q_pkts=9 q_bytes=13536 qdelay_l_ms=1.08321 qdelay_c_ms=5.19632 ecn_mark=1521 drop=0
[QUEUE_STATS] t_ms=23872 q_pkts=13 q_bytes=19552 qdelay_l_ms=1.11124 qdelay_c_ms=5.02502 ecn_mark=1521 drop=0
[QUEUE_STATS] t_ms=23888 q_pkts=11 q_bytes=16544 qdelay_l_ms=0.596832 qdelay_c_ms=6.06381 ecn_mark=1521 drop=0
[QUEUE_STATS] t_ms=23904 q_pkts=11 q_bytes=16544 qdelay_l_ms=0.857261 qdelay_c_ms=5.8275 ecn_mark=1522 drop=0
[QUEUE_STATS] t_ms=23920 q_pkts=13 q_bytes=19552 qdelay_l_ms=0.985993 qdelay_c_ms=6.16664 ecn_mark=1522 drop=0
[QUEUE_STATS] t_ms=23936 q_pkts=14 q_bytes=21056 qdelay_l_ms=1.05861 qdelay_c_ms=6.94351 ecn_mark=1522 drop=0
[QUEUE_STATS] t_ms=23952 q_pkts=13 q_bytes=19552 qdelay_l_ms=1.07914 qdelay_c_ms=4.97229 ecn_mark=1522 drop=0
[QUEUE_STATS] t_ms=23968 q_pkts=12 q_bytes=18048 qdelay_l_ms=1.06871 qdelay_c_ms=6.11026 ecn_mark=1522 drop=0
[QUEUE_STATS] t_ms=23984 q_pkts=13 q_bytes=19552 qdelay_l_ms=1.09603 qdelay_c_ms=5.11975 ecn_mark=1524 drop=0
[QUEUE_STATS] t_ms=24000 q_pkts=13 q_bytes=19552 qdelay_l_ms=1.0774 qdelay_c_ms=5.91565 ecn_mark=1526 drop=0
[QUEUE_STATS] t_ms=24016 q_pkts=13 q_bytes=19552 qdelay_l_ms=0.592294 qdelay_c_ms=6.06283 ecn_mark=1527 drop=0
[QUEUE_STATS] t_ms=24032 q_pkts=15 q_bytes=22560 qdelay_l_ms=1.04075 qdelay_c_ms=6.92563 ecn_mark=1527 drop=0
[QUEUE_STATS] t_ms=24048 q_pkts=15 q_bytes=22560 qdelay_l_ms=1.07932 qdelay_c_ms=6.0236 ecn_mark=1528 drop=0
[QUEUE_STATS] t_ms=24064 q_pkts=15 q_bytes=22560 qdelay_l_ms=0.829569 qdelay_c_ms=7.81445 ecn_mark=1529 drop=0
[QUEUE_STATS] t_ms=24080 q_pkts=16 q_bytes=24064 qdelay_l_ms=1.075 qdelay_c_ms=7.14089 ecn_mark=1530 drop=0
[QUEUE_STATS] t_ms=24096 q_pkts=14 q_bytes=21056 qdelay_l_ms=1.08086 qdelay_c_ms=7.14297 ecn_mark=1530 drop=0
[QUEUE_STATS] t_ms=24112 q_pkts=14 q_bytes=21056 qdelay_l_ms=1.07175 qdelay_c_ms=8.01784 ecn_mark=1531 drop=0
[QUEUE_STATS] t_ms=24128 q_pkts=16 q_bytes=24064 qdelay_l_ms=0.78223 qdelay_c_ms=7.9769 ecn_mark=1531 drop=0
[QUEUE_STATS] t_ms=24144 q_pkts=16 q_bytes=24064 qdelay_l_ms=1.09598 qdelay_c_ms=8.21183 ecn_mark=1533 drop=0
[QUEUE_STATS] t_ms=24160 q_pkts=16 q_bytes=24064 qdelay_l_ms=0.960315 qdelay_c_ms=8.87959 ecn_mark=1534 drop=0
[QUEUE_STATS] t_ms=24176 q_pkts=16 q_bytes=24064 qdelay_l_ms=0.852302 qdelay_c_ms=7.94506 ecn_mark=1534 drop=0
[QUEUE_STATS] t_ms=24192 q_pkts=14 q_bytes=21056 qdelay_l_ms=0.964734 qdelay_c_ms=8.97669 ecn_mark=1535 drop=0
[QUEUE_STATS] t_ms=24208 q_pkts=16 q_bytes=24064 qdelay_l_ms=1.09005 qdelay_c_ms=6.80301 ecn_mark=1537 drop=0
[QUEUE_STATS] t_ms=24224 q_pkts=19 q_bytes=28576 qdelay_l_ms=1.04862 qdelay_c_ms=8.95021 ecn_mark=1538 drop=0
[QUEUE_STATS] t_ms=24240 q_pkts=15 q_bytes=22560 qdelay_l_ms=1.06587 qdelay_c_ms=10.0355 ecn_mark=1541 drop=0
[QUEUE_STATS] t_ms=24256 q_pkts=16 q_bytes=24064 qdelay_l_ms=0.751562 qdelay_c_ms=8.73808 ecn_mark=1542 drop=0
[QUEUE_STATS] t_ms=24272 q_pkts=18 q_bytes=27072 qdelay_l_ms=0.58527 qdelay_c_ms=8.91906 ecn_mark=1543 drop=0
[QUEUE_STATS] t_ms=24288 q_pkts=17 q_bytes=25568 qdelay_l_ms=0.96298 qdelay_c_ms=8.11159 ecn_mark=1544 drop=0
[QUEUE_STATS] t_ms=24304 q_pkts=16 q_bytes=24064 qdelay_l_ms=1.08988 qdelay_c_ms=8.98791 ecn_mark=1544 drop=0
[QUEUE_STATS] t_ms=24320 q_pkts=18 q_bytes=27072 qdelay_l_ms=1.08008 qdelay_c_ms=10.9889 ecn_mark=1545 drop=0
[QUEUE_STATS] t_ms=24336 q_pkts=19 q_bytes=28576 qdelay_l_ms=0.846531 qdelay_c_ms=8.76729 ecn_mark=1546 drop=0
[QUEUE_STATS] t_ms=24352 q_pkts=18 q_bytes=27072 qdelay_l_ms=0.807768 qdelay_c_ms=7.91912 ecn_mark=1547 drop=0
[QUEUE_STATS] t_ms=24368 q_pkts=17 q_bytes=25568 qdelay_l_ms=1.07539 qdelay_c_ms=10.0983 ecn_mark=1547 drop=0
[QUEUE_STATS] t_ms=24384 q_pkts=18 q_bytes=27072 qdelay_l_ms=0.807728 qdelay_c_ms=9.82687 ecn_mark=1548 drop=0
[QUEUE_STATS] t_ms=24400 q_pkts=20 q_bytes=30080 qdelay_l_ms=0.952129 qdelay_c_ms=10.2105 ecn_mark=1549 drop=0
[QUEUE_STATS] t_ms=24416 q_pkts=21 q_bytes=31584 qdelay_l_ms=0.60682 qdelay_c_ms=10.6992 ecn_mark=1551 drop=0
[QUEUE_STATS] t_ms=24432 q_pkts=18 q_bytes=27072 qdelay_l_ms=0.821875 qdelay_c_ms=9.98574 ecn_mark=1551 drop=0
[QUEUE_STATS] t_ms=24448 q_pkts=19 q_bytes=28576 qdelay_l_ms=1.0717 qdelay_c_ms=10.9929 ecn_mark=1552 drop=0
[QUEUE_STATS] t_ms=24464 q_pkts=21 q_bytes=31584 qdelay_l_ms=1.10087 qdelay_c_ms=10.1746 ecn_mark=1552 drop=0
[QUEUE_STATS] t_ms=24480 q_pkts=19 q_bytes=28576 qdelay_l_ms=1.08312 qdelay_c_ms=9.7658 ecn_mark=1553 drop=0
[QUEUE_STATS] t_ms=24496 q_pkts=18 q_bytes=27072 qdelay_l_ms=1.07593 qdelay_c_ms=12.0608 ecn_mark=1553 drop=0
[QUEUE_STATS] t_ms=24512 q_pkts=22 q_bytes=33088 qdelay_l_ms=0.744349 qdelay_c_ms=12.4714 ecn_mark=1554 drop=0
[QUEUE_STATS] t_ms=24528 q_pkts=21 q_bytes=31584 qdelay_l_ms=0.951829 qdelay_c_ms=10.8645 ecn_mark=1554 drop=0
[QUEUE_STATS] t_ms=24544 q_pkts=20 q_bytes=30080 qdelay_l_ms=0.9416 qdelay_c_ms=11.9349 ecn_mark=1554 drop=0
[QUEUE_STATS] t_ms=24560 q_pkts=22 q_bytes=33088 qdelay_l_ms=1.09481 qdelay_c_ms=11.8629 ecn_mark=1556 drop=0
[QUEUE_STATS] t_ms=24576 q_pkts=22 q_bytes=33088 qdelay_l_ms=0.806917 qdelay_c_ms=11.8275 ecn_mark=1556 drop=0
[QUEUE_STATS] t_ms=24592 q_pkts=20 q_bytes=30080 qdelay_l_ms=1.06641 qdelay_c_ms=12.0318 ecn_mark=1556 drop=0
[QUEUE_STATS] t_ms=24608 q_pkts=24 q_bytes=36096 qdelay_l_ms=1.07788 qdelay_c_ms=13.2705 ecn_mark=1556 drop=0
[QUEUE_STATS] t_ms=24624 q_pkts=24 q_bytes=36096 qdelay_l_ms=1.08352 qdelay_c_ms=11.9951 ecn_mark=1557 drop=0
[QUEUE_STATS] t_ms=24640 q_pkts=22 q_bytes=33088 qdelay_l_ms=1.08577 qdelay_c_ms=11.925 ecn_mark=1557 drop=0
[QUEUE_STATS] t_ms=24656 q_pkts=24 q_bytes=36096 qdelay_l_ms=1.10789 qdelay_c_ms=12.9502 ecn_mark=1557 drop=0
[QUEUE_STATS] t_ms=24672 q_pkts=23 q_bytes=34592 qdelay_l_ms=0.763445 qdelay_c_ms=10.8191 ecn_mark=1558 drop=0
[QUEUE_STATS] t_ms=24688 q_pkts=22 q_bytes=33088 qdelay_l_ms=1.09923 qdelay_c_ms=13.0719 ecn_mark=1559 drop=0
[QUEUE_STATS] t_ms=24704 q_pkts=25 q_bytes=37600 qdelay_l_ms=1.09942 qdelay_c_ms=11.0716 ecn_mark=1559 drop=0
[QUEUE_STATS] t_ms=24720 q_pkts=23 q_bytes=34592 qdelay_l_ms=1.06082 qdelay_c_ms=15.149 ecn_mark=1561 drop=0
[QUEUE_STATS] t_ms=24736 q_pkts=24 q_bytes=36096 qdelay_l_ms=0.607031 qdelay_c_ms=13.8964 ecn_mark=1561 drop=0
[QUEUE_STATS] t_ms=24752 q_pkts=25 q_bytes=37600 qdelay_l_ms=1.09351 qdelay_c_ms=12.1012 ecn_mark=1563 drop=0
[QUEUE_STATS] t_ms=24768 q_pkts=25 q_bytes=37600 qdelay_l_ms=1.10458 qdelay_c_ms=12.9809 ecn_mark=1563 drop=0
[QUEUE_STATS] t_ms=24784 q_pkts=23 q_bytes=34592 qdelay_l_ms=1.10136 qdelay_c_ms=14.0076 ecn_mark=1563 drop=0
[QUEUE_STATS] t_ms=24800 q_pkts=24 q_bytes=36096 qdelay_l_ms=1.08249 qdelay_c_ms=13.0045 ecn_mark=1566 drop=0
[QUEUE_STATS] t_ms=24816 q_pkts=26 q_bytes=39104 qdelay_l_ms=0.575201 qdelay_c_ms=12.8145 ecn_mark=1566 drop=0
[QUEUE_STATS] t_ms=24832 q_pkts=26 q_bytes=39104 qdelay_l_ms=1.07975 qdelay_c_ms=16.1313 ecn_mark=1567 drop=0
[QUEUE_STATS] t_ms=24848 q_pkts=27 q_bytes=40608 qdelay_l_ms=1.10493 qdelay_c_ms=14.9026 ecn_mark=1568 drop=0
[QUEUE_STATS] t_ms=24864 q_pkts=26 q_bytes=39104 qdelay_l_ms=1.11413 qdelay_c_ms=15.2682 ecn_mark=1568 drop=0
[QUEUE_STATS] t_ms=24880 q_pkts=27 q_bytes=40608 qdelay_l_ms=0.644732 qdelay_c_ms=14.8035 ecn_mark=1568 drop=0
[QUEUE_STATS] t_ms=24896 q_pkts=28 q_bytes=42112 qdelay_l_ms=1.06378 qdelay_c_ms=15.0549 ecn_mark=1568 drop=0
[QUEUE_STATS] t_ms=24912 q_pkts=27 q_bytes=40608 qdelay_l_ms=1.09698 qdelay_c_ms=15.9474 ecn_mark=1568 drop=0
[QUEUE_STATS] t_ms=24928 q_pkts=27 q_bytes=40608 qdelay_l_ms=1.06918 qdelay_c_ms=14.998 ecn_mark=1568 drop=0
[QUEUE_STATS] t_ms=24944 q_pkts=28 q_bytes=42112 qdelay_l_ms=1.10198 qdelay_c_ms=14.1788 ecn_mark=1570 drop=0
[QUEUE_STATS] t_ms=24960 q_pkts=28 q_bytes=42112 qdelay_l_ms=1.08757 qdelay_c_ms=17.0723 ecn_mark=1570 drop=0
[QUEUE_STATS] t_ms=24976 q_pkts=28 q_bytes=42112 qdelay_l_ms=0.732506 qdelay_c_ms=14.6591 ecn_mark=1570 drop=0
[QUEUE_STATS] t_ms=24992 q_pkts=28 q_bytes=42112 qdelay_l_ms=0.894 qdelay_c_ms=16.8906 ecn_mark=1570 drop=0
[QUEUE_STATS] t_ms=25008 q_pkts=29 q_bytes=43616 qdelay_l_ms=0.742064 qdelay_c_ms=17.8594 ecn_mark=1571 drop=0
[QUEUE_STATS] t_ms=25024 q_pkts=27 q_bytes=40608 qdelay_l_ms=1.08019 qdelay_c_ms=15.0453 ecn_mark=1572 drop=0
[QUEUE_STATS] t_ms=25040 q_pkts=32 q_bytes=48128 qdelay_l_ms=1.09855 qdelay_c_ms=18.0579 ecn_mark=1572 drop=0
[QUEUE_STATS] t_ms=25056 q_pkts=29 q_bytes=43616 qdelay_l_ms=1.08258 qdelay_c_ms=19.1552 ecn_mark=1573 drop=0
[QUEUE_STATS] t_ms=25072 q_pkts=31 q_bytes=46624 qdelay_l_ms=0.729391 qdelay_c_ms=15.0239 ecn_mark=1574 drop=0
[QUEUE_STATS] t_ms=25088 q_pkts=31 q_bytes=46624 qdelay_l_ms=1.09095 qdelay_c_ms=19.1579 ecn_mark=1574 drop=0
[QUEUE_STATS] t_ms=25104 q_pkts=30 q_bytes=45120 qdelay_l_ms=0.726556 qdelay_c_ms=16.8098 ecn_mark=1575 drop=0
[QUEUE_STATS] t_ms=25120 q_pkts=29 q_bytes=43616 qdelay_l_ms=1.09619 qdelay_c_ms=17.9005 ecn_mark=1575 drop=0
[QUEUE_STATS] t_ms=25136 q_pkts=32 q_bytes=48128 qdelay_l_ms=0.72902 qdelay_c_ms=19.7359 ecn_mark=1575 drop=0
[QUEUE_STATS] t_ms=25152 q_pkts=32 q_bytes=48128 qdelay_l_ms=1.09108 qdelay_c_ms=16.2323 ecn_mark=1575 drop=0
[QUEUE_STATS] t_ms=25168 q_pkts=32 q_bytes=48128 qdelay_l_ms=1.08326 qdelay_c_ms=20.1074 ecn_mark=1575 drop=0
[QUEUE_STATS] t_ms=25184 q_pkts=34 q_bytes=51136 qdelay_l_ms=1.0675 qdelay_c_ms=19.9355 ecn_mark=1576 drop=0
[QUEUE_STATS] t_ms=25200 q_pkts=32 q_bytes=48128 qdelay_l_ms=1.06907 qdelay_c_ms=17.1834 ecn_mark=1576 drop=0
[QUEUE_STATS] t_ms=25216 q_pkts=33 q_bytes=49632 qdelay_l_ms=1.06612 qdelay_c_ms=20.9418 ecn_mark=1576 drop=0
[QUEUE_STATS] t_ms=25232 q_pkts=34 q_bytes=51136 qdelay_l_ms=1.08034 qdelay_c_ms=17.7563 ecn_mark=1577 drop=0
[QUEUE_STATS] t_ms=25248 q_pkts=32 q_bytes=48128 qdelay_l_ms=0.54763 qdelay_c_ms=18.8545 ecn_mark=1577 drop=0
[QUEUE_STATS] t_ms=25264 q_pkts=32 q_bytes=48128 qdelay_l_ms=1.07947 qdelay_c_ms=20.9237 ecn_mark=1577 drop=0
[QUEUE_STATS] t_ms=25280 q_pkts=33 q_bytes=49632 qdelay_l_ms=0.715094 qdelay_c_ms=17.7493 ecn_mark=1577 drop=0
[QUEUE_STATS] t_ms=25296 q_pkts=34 q_bytes=51136 qdelay_l_ms=1.07061 qdelay_c_ms=23.5248 ecn_mark=1578 drop=0
[QUEUE_STATS] t_ms=25312 q_pkts=33 q_bytes=49632 qdelay_l_ms=0.71329 qdelay_c_ms=21.8722 ecn_mark=1580 drop=0
[QUEUE_STATS] t_ms=25328 q_pkts=36 q_bytes=54144 qdelay_l_ms=1.07113 qdelay_c_ms=19.1296 ecn_mark=1583 drop=0
[QUEUE_STATS] t_ms=25344 q_pkts=35 q_bytes=52640 qdelay_l_ms=1.07003 qdelay_c_ms=22.7485 ecn_mark=1584 drop=0
[QUEUE_STATS] t_ms=25360 q_pkts=35 q_bytes=52640 qdelay_l_ms=0.536639 qdelay_c_ms=20.6958 ecn_mark=1585 drop=0
[QUEUE_STATS] t_ms=25376 q_pkts=35 q_bytes=52640 qdelay_l_ms=0.714613 qdelay_c_ms=20.8874 ecn_mark=1586 drop=0
[QUEUE_STATS] t_ms=25392 q_pkts=34 q_bytes=51136 qdelay_l_ms=1.06911 qdelay_c_ms=24.0433 ecn_mark=1587 drop=0
[QUEUE_STATS] t_ms=25408 q_pkts=33 q_bytes=49632 qdelay_l_ms=1.07023 qdelay_c_ms=20.126 ecn_mark=1588 drop=0
[QUEUE_STATS] t_ms=25424 q_pkts=37 q_bytes=55648 qdelay_l_ms=1.07214 qdelay_c_ms=22.2987 ecn_mark=1590 drop=0
[QUEUE_STATS] t_ms=25440 q_pkts=36 q_bytes=54144 qdelay_l_ms=1.05787 qdelay_c_ms=23.0648 ecn_mark=1592 drop=0
[QUEUE_STATS] t_ms=25456 q_pkts=35 q_bytes=52640 qdelay_l_ms=1.07144 qdelay_c_ms=20.0914 ecn_mark=1592 drop=0
[QUEUE_STATS] t_ms=25472 q_pkts=36 q_bytes=54144 qdelay_l_ms=1.09346 qdelay_c_ms=24.1119 ecn_mark=1592 drop=0
[QUEUE_STATS] t_ms=25488 q_pkts=37 q_bytes=55648 qdelay_l_ms=1.10349 qdelay_c_ms=22.9859 ecn_mark=1592 drop=0
[QUEUE_STATS] t_ms=25504 q_pkts=36 q_bytes=54144 qdelay_l_ms=1.05859 qdelay_c_ms=20.0533 ecn_mark=1593 drop=0
[QUEUE_STATS] t_ms=25520 q_pkts=39 q_bytes=58656 qdelay_l_ms=0.553049 qdelay_c_ms=24.9626 ecn_mark=1594 drop=0
[QUEUE_STATS] t_ms=25536 q_pkts=39 q_bytes=58656 qdelay_l_ms=1.06143 qdelay_c_ms=23.1985 ecn_mark=1595 drop=0
[QUEUE_STATS] t_ms=25552 q_pkts=36 q_bytes=54144 qdelay_l_ms=1.06796 qdelay_c_ms=23.1232 ecn_mark=1595 drop=0
[QUEUE_STATS] t_ms=25568 q_pkts=40 q_bytes=60160 qdelay_l_ms=0.890294 qdelay_c_ms=24.8242 ecn_mark=1596 drop=0
[QUEUE_STATS] t_ms=25584 q_pkts=39 q_bytes=58656 qdelay_l_ms=1.04697 qdelay_c_ms=24.0201 ecn_mark=1598 drop=0
[QUEUE_STATS] t_ms=25600 q_pkts=39 q_bytes=58656 qdelay_l_ms=1.05755 qdelay_c_ms=23.8402 ecn_mark=1598 drop=0
[QUEUE_STATS] t_ms=25616 q_pkts=38 q_bytes=57152 qdelay_l_ms=1.08269 qdelay_c_ms=25.0369 ecn_mark=1599 drop=0
[QUEUE_STATS] t_ms=25632 q_pkts=39 q_bytes=58656 qdelay_l_ms=1.05212 qdelay_c_ms=22.9817 ecn_mark=1601 drop=0
[QUEUE_STATS] t_ms=25648 q_pkts=39 q_bytes=58656 qdelay_l_ms=1.09596 qdelay_c_ms=24.9763 ecn_mark=1602 drop=0
[QUEUE_STATS] t_ms=25664 q_pkts=40 q_bytes=60160 qdelay_l_ms=1.05163 qdelay_c_ms=25.9087 ecn_mark=1603 drop=0
[QUEUE_STATS] t_ms=25680 q_pkts=39 q_bytes=58656 qdelay_l_ms=1.08752 qdelay_c_ms=24.1434 ecn_mark=1603 drop=0
[QUEUE_STATS] t_ms=25696 q_pkts=40 q_bytes=60160 qdelay_l_ms=1.08882 qdelay_c_ms=28.3007 ecn_mark=1604 drop=0
[QUEUE_STATS] t_ms=25712 q_pkts=40 q_bytes=60160 qdelay_l_ms=1.03837 qdelay_c_ms=22.6755 ecn_mark=1604 drop=0
[QUEUE_STATS] t_ms=25728 q_pkts=39 q_bytes=58656 qdelay_l_ms=1.05464 qdelay_c_ms=26.9228 ecn_mark=1605 drop=0
[QUEUE_STATS] t_ms=25744 q_pkts=41 q_bytes=61664 qdelay_l_ms=1.03146 qdelay_c_ms=26.7815 ecn_mark=1607 drop=0
[QUEUE_STATS] t_ms=25760 q_pkts=43 q_bytes=63220 qdelay_l_ms=1.04804 qdelay_c_ms=24.6786 ecn_mark=1607 drop=0
[QUEUE_STATS] t_ms=25776 q_pkts=39 q_bytes=58656 qdelay_l_ms=1.04022 qdelay_c_ms=27.7765 ecn_mark=1608 drop=0
[QUEUE_STATS] t_ms=25792 q_pkts=42 q_bytes=63168 qdelay_l_ms=1.08536 qdelay_c_ms=27.2609 ecn_mark=1609 drop=0
[QUEUE_STATS] t_ms=25808 q_pkts=40 q_bytes=60160 qdelay_l_ms=1.0425 qdelay_c_ms=24.8108 ecn_mark=1609 drop=0
[QUEUE_STATS] t_ms=25824 q_pkts=39 q_bytes=58656 qdelay_l_ms=1.05372 qdelay_c_ms=26.7444 ecn_mark=1609 drop=0
[QUEUE_STATS] t_ms=25840 q_pkts=39 q_bytes=58656 qdelay_l_ms=1.0438 qdelay_c_ms=23.8834 ecn_mark=1610 drop=0
[QUEUE_STATS] t_ms=25856 q_pkts=38 q_bytes=57152 qdelay_l_ms=1.09688 qdelay_c_ms=27.1217 ecn_mark=1612 drop=0
[QUEUE_STATS] t_ms=25872 q_pkts=39 q_bytes=58656 qdelay_l_ms=1.00192 qdelay_c_ms=26.2486 ecn_mark=1613 drop=0
[QUEUE_STATS] t_ms=25888 q_pkts=39 q_bytes=58656 qdelay_l_ms=1.04472 qdelay_c_ms=23.6976 ecn_mark=1613 drop=0
[QUEUE_STATS] t_ms=25904 q_pkts=41 q_bytes=61664 qdelay_l_ms=1.10247 qdelay_c_ms=26.7634 ecn_mark=1614 drop=0
[QUEUE_STATS] t_ms=25920 q_pkts=42 q_bytes=63168 qdelay_l_ms=1.00737 qdelay_c_ms=27.991 ecn_mark=1614 drop=0
[QUEUE_STATS] t_ms=25936 q_pkts=40 q_bytes=60160 qdelay_l_ms=0.605579 qdelay_c_ms=24.7735 ecn_mark=1616 drop=0
[QUEUE_STATS] t_ms=25952 q_pkts=42 q_bytes=63168 qdelay_l_ms=1.04579 qdelay_c_ms=28.949 ecn_mark=1616 drop=0
[QUEUE_STATS] t_ms=25968 q_pkts=42 q_bytes=63168 qdelay_l_ms=1.03007 qdelay_c_ms=25.9754 ecn_mark=1617 drop=0
[QUEUE_STATS] t_ms=25984 q_pkts=43 q_bytes=64672 qdelay_l_ms=1.03953 qdelay_c_ms=26.7074 ecn_mark=1617 drop=0
[QUEUE_STATS] t_ms=26000 q_pkts=43 q_bytes=64672 qdelay_l_ms=0.611059 qdelay_c_ms=29.9356 ecn_mark=1618 drop=0
[QUEUE_STATS] t_ms=26016 q_pkts=42 q_bytes=63168 qdelay_l_ms=1.04419 qdelay_c_ms=25.6826 ecn_mark=1619 drop=0
[QUEUE_STATS] t_ms=26032 q_pkts=42 q_bytes=63168 qdelay_l_ms=1.07549 qdelay_c_ms=27.0887 ecn_mark=1620 drop=0
[QUEUE_STATS] t_ms=26048 q_pkts=45 q_bytes=67680 qdelay_l_ms=1.04629 qdelay_c_ms=29.9311 ecn_mark=1621 drop=0
[QUEUE_STATS] t_ms=26064 q_pkts=40 q_bytes=60160 qdelay_l_ms=1.03589 qdelay_c_ms=23.8698 ecn_mark=1621 drop=0
[QUEUE_STATS] t_ms=26080 q_pkts=42 q_bytes=63168 qdelay_l_ms=1.10594 qdelay_c_ms=28.4707 ecn_mark=1622 drop=0
[QUEUE_STATS] t_ms=26096 q_pkts=45 q_bytes=67680 qdelay_l_ms=1.04116 qdelay_c_ms=29.9194 ecn_mark=1622 drop=0
[QUEUE_STATS] t_ms=26112 q_pkts=44 q_bytes=66176 qdelay_l_ms=1.03653 qdelay_c_ms=26.009 ecn_mark=1623 drop=0
[QUEUE_STATS] t_ms=26128 q_pkts=42 q_bytes=63168 qdelay_l_ms=1.08963 qdelay_c_ms=31.0919 ecn_mark=1625 drop=0
[QUEUE_STATS] t_ms=26144 q_pkts=45 q_bytes=67680 qdelay_l_ms=1.0651 qdelay_c_ms=31.3676 ecn_mark=1625 drop=0
[QUEUE_STATS] t_ms=26160 q_pkts=45 q_bytes=67680 qdelay_l_ms=1.03757 qdelay_c_ms=27.7865 ecn_mark=1626 drop=0
[QUEUE_STATS] t_ms=26176 q_pkts=44 q_bytes=66176 qdelay_l_ms=1.03623 qdelay_c_ms=29.793 ecn_mark=1627 drop=0
[QUEUE_STATS] t_ms=26192 q_pkts=43 q_bytes=64672 qdelay_l_ms=1.03691 qdelay_c_ms=28.895 ecn_mark=1628 drop=0
[QUEUE_STATS] t_ms=26208 q_pkts=44 q_bytes=66176 qdelay_l_ms=1.03906 qdelay_c_ms=26.9159 ecn_mark=1630 drop=0
[QUEUE_STATS] t_ms=26224 q_pkts=45 q_bytes=67680 qdelay_l_ms=0.551967 qdelay_c_ms=30.697 ecn_mark=1630 drop=0
[QUEUE_STATS] t_ms=26240 q_pkts=46 q_bytes=69184 qdelay_l_ms=0.598104 qdelay_c_ms=29.6017 ecn_mark=1630 drop=0
[QUEUE_STATS] t_ms=26256 q_pkts=45 q_bytes=67680 qdelay_l_ms=0.521701 qdelay_c_ms=29.0783 ecn_mark=1631 drop=0
[QUEUE_STATS] t_ms=26272 q_pkts=46 q_bytes=69184 qdelay_l_ms=1.09017 qdelay_c_ms=32.2966 ecn_mark=1631 drop=0
[QUEUE_STATS] t_ms=26288 q_pkts=47 q_bytes=70688 qdelay_l_ms=1.02632 qdelay_c_ms=30.9707 ecn_mark=1632 drop=0
[QUEUE_STATS] t_ms=26304 q_pkts=45 q_bytes=67680 qdelay_l_ms=1.09807 qdelay_c_ms=29.7295 ecn_mark=1632 drop=0
[QUEUE_STATS] t_ms=26320 q_pkts=47 q_bytes=70688 qdelay_l_ms=1.08726 qdelay_c_ms=32.0873 ecn_mark=1637 drop=0
[QUEUE_STATS] t_ms=26336 q_pkts=46 q_bytes=69184 qdelay_l_ms=1.02241 qdelay_c_ms=30.8622 ecn_mark=1638 drop=0
[QUEUE_STATS] t_ms=26352 q_pkts=47 q_bytes=70688 qdelay_l_ms=1.10724 qdelay_c_ms=29.177 ecn_mark=1638 drop=0
[QUEUE_STATS] t_ms=26368 q_pkts=47 q_bytes=70688 qdelay_l_ms=1.08316 qdelay_c_ms=32.1485 ecn_mark=1638 drop=0
[QUEUE_STATS] t_ms=26384 q_pkts=49 q_bytes=73696 qdelay_l_ms=1.00675 qdelay_c_ms=31.6292 ecn_mark=1638 drop=0
[QUEUE_STATS] t_ms=26400 q_pkts=47 q_bytes=70688 qdelay_l_ms=1.08966 qdelay_c_ms=31.7915 ecn_mark=1638 drop=0
[QUEUE_STATS] t_ms=26416 q_pkts=48 q_bytes=72192 qdelay_l_ms=0.525948 qdelay_c_ms=33.761 ecn_mark=1638 drop=0
[QUEUE_STATS] t_ms=26432 q_pkts=50 q_bytes=75200 qdelay_l_ms=1.00722 qdelay_c_ms=31.8889 ecn_mark=1638 drop=0
[QUEUE_STATS] t_ms=26448 q_pkts=47 q_bytes=70688 qdelay_l_ms=0.520268 qdelay_c_ms=32.1005 ecn_mark=1641 drop=0
[QUEUE_STATS] t_ms=26464 q_pkts=51 q_bytes=76704 qdelay_l_ms=0.841171 qdelay_c_ms=34.938 ecn_mark=1641 drop=0
[QUEUE_STATS] t_ms=26480 q_pkts=50 q_bytes=75200 qdelay_l_ms=1.00918 qdelay_c_ms=30.933 ecn_mark=1641 drop=0
[QUEUE_STATS] t_ms=26496 q_pkts=48 q_bytes=72192 qdelay_l_ms=1.01207 qdelay_c_ms=33.8956 ecn_mark=1642 drop=0
[QUEUE_STATS] t_ms=26512 q_pkts=49 q_bytes=73696 qdelay_l_ms=0.852993 qdelay_c_ms=35.0369 ecn_mark=1643 drop=0
[QUEUE_STATS] t_ms=26528 q_pkts=50 q_bytes=75200 qdelay_l_ms=1.01236 qdelay_c_ms=32.2403 ecn_mark=1643 drop=0
[QUEUE_STATS] t_ms=26544 q_pkts=49 q_bytes=73696 qdelay_l_ms=0.839377 qdelay_c_ms=35.0797 ecn_mark=1643 drop=0
[QUEUE_STATS] t_ms=26560 q_pkts=49 q_bytes=73696 qdelay_l_ms=0.842113 qdelay_c_ms=35.7226 ecn_mark=1645 drop=0
[QUEUE_STATS] t_ms=26576 q_pkts=51 q_bytes=76704 qdelay_l_ms=1.01004 qdelay_c_ms=33.6204 ecn_mark=1646 drop=0
[QUEUE_STATS] t_ms=26592 q_pkts=52 q_bytes=78208 qdelay_l_ms=0.841341 qdelay_c_ms=37.1 ecn_mark=1647 drop=0
[QUEUE_STATS] t_ms=26608 q_pkts=49 q_bytes=73696 qdelay_l_ms=1.00741 qdelay_c_ms=35.7516 ecn_mark=1648 drop=0
[QUEUE_STATS] t_ms=26624 q_pkts=51 q_bytes=76704 qdelay_l_ms=1.07819 qdelay_c_ms=35.1594 ecn_mark=1650 drop=0
[QUEUE_STATS] t_ms=26640 q_pkts=53 q_bytes=79712 qdelay_l_ms=1.01008 qdelay_c_ms=36.8344 ecn_mark=1650 drop=0
[QUEUE_STATS] t_ms=26656 q_pkts=50 q_bytes=75200 qdelay_l_ms=0.994399 qdelay_c_ms=36.1419 ecn_mark=1650 drop=0
[QUEUE_STATS] t_ms=26672 q_pkts=51 q_bytes=76704 qdelay_l_ms=1.0713 qdelay_c_ms=36.9955 ecn_mark=1650 drop=0
[QUEUE_STATS] t_ms=26688 q_pkts=51 q_bytes=76704 qdelay_l_ms=1.00096 qdelay_c_ms=37.8523 ecn_mark=1651 drop=0
[QUEUE_STATS] t_ms=26704 q_pkts=50 q_bytes=75200 qdelay_l_ms=1.00169 qdelay_c_ms=33.9362 ecn_mark=1652 drop=0
[QUEUE_STATS] t_ms=26720 q_pkts=52 q_bytes=78208 qdelay_l_ms=1.07466 qdelay_c_ms=36.1754 ecn_mark=1654 drop=0
[QUEUE_STATS] t_ms=26736 q_pkts=53 q_bytes=79712 qdelay_l_ms=0.973139 qdelay_c_ms=38.9161 ecn_mark=1654 drop=0
[QUEUE_STATS] t_ms=26752 q_pkts=51 q_bytes=76704 qdelay_l_ms=1.0584 qdelay_c_ms=33.1645 ecn_mark=1654 drop=0
[QUEUE_STATS] t_ms=26768 q_pkts=51 q_bytes=76704 qdelay_l_ms=1.07344 qdelay_c_ms=37.1962 ecn_mark=1655 drop=0
[QUEUE_STATS] t_ms=26784 q_pkts=55 q_bytes=82720 qdelay_l_ms=1.05669 qdelay_c_ms=41.1352 ecn_mark=1656 drop=0
[QUEUE_STATS] t_ms=26800 q_pkts=52 q_bytes=78208 qdelay_l_ms=0.993427 qdelay_c_ms=34.7039 ecn_mark=1656 drop=0
[QUEUE_STATS] t_ms=26816 q_pkts=52 q_bytes=78208 qdelay_l_ms=0.499278 qdelay_c_ms=37.9603 ecn_mark=1658 drop=0
[QUEUE_STATS] t_ms=26832 q_pkts=55 q_bytes=82720 qdelay_l_ms=0.971486 qdelay_c_ms=40.994 ecn_mark=1659 drop=0
[QUEUE_STATS] t_ms=26848 q_pkts=53 q_bytes=79712 qdelay_l_ms=0.974522 qdelay_c_ms=35.8482 ecn_mark=1661 drop=0
[QUEUE_STATS] t_ms=26864 q_pkts=52 q_bytes=78208 qdelay_l_ms=0.838425 qdelay_c_ms=39.0872 ecn_mark=1661 drop=0
[QUEUE_STATS] t_ms=26880 q_pkts=56 q_bytes=84224 qdelay_l_ms=0.970624 qdelay_c_ms=40.0285 ecn_mark=1662 drop=0
[QUEUE_STATS] t_ms=26896 q_pkts=52 q_bytes=78208 qdelay_l_ms=1.09377 qdelay_c_ms=36.9824 ecn_mark=1663 drop=0
[QUEUE_STATS] t_ms=26912 q_pkts=54 q_bytes=81216 qdelay_l_ms=0.844638 qdelay_c_ms=39.7596 ecn_mark=1663 drop=0
[QUEUE_STATS] t_ms=26928 q_pkts=54 q_bytes=81216 qdelay_l_ms=0.996402 qdelay_c_ms=39.0817 ecn_mark=1663 drop=0
[QUEUE_STATS] t_ms=26944 q_pkts=53 q_bytes=79712 qdelay_l_ms=0.99486 qdelay_c_ms=36.4935 ecn_mark=1663 drop=0
[QUEUE_STATS] t_ms=26960 q_pkts=55 q_bytes=82720 qdelay_l_ms=0.996664 qdelay_c_ms=40.817 ecn_mark=1664 drop=0
[QUEUE_STATS] t_ms=26976 q_pkts=54 q_bytes=81216 qdelay_l_ms=0.985762 qdelay_c_ms=37.9605 ecn_mark=1664 drop=0
[QUEUE_STATS] t_ms=26992 q_pkts=56 q_bytes=84224 qdelay_l_ms=1.08684 qdelay_c_ms=39.1448 ecn_mark=1664 drop=0
[QUEUE_STATS] t_ms=27008 q_pkts=57 q_bytes=85728 qdelay_l_ms=0.995501 qdelay_c_ms=40.8504 ecn_mark=1665 drop=0
[QUEUE_STATS] t_ms=27024 q_pkts=53 q_bytes=79712 qdelay_l_ms=0.991623 qdelay_c_ms=39.0438 ecn_mark=1665 drop=0
[QUEUE_STATS] t_ms=27040 q_pkts=56 q_bytes=84224 qdelay_l_ms=1.08775 qdelay_c_ms=40.3584 ecn_mark=1666 drop=0
[QUEUE_STATS] t_ms=27056 q_pkts=56 q_bytes=84224 qdelay_l_ms=0.985762 qdelay_c_ms=43.2153 ecn_mark=1666 drop=0
[QUEUE_STATS] t_ms=27072 q_pkts=56 q_bytes=84224 qdelay_l_ms=1.07804 qdelay_c_ms=39.0109 ecn_mark=1667 drop=0
[QUEUE_STATS] t_ms=27088 q_pkts=54 q_bytes=81216 qdelay_l_ms=0.837754 qdelay_c_ms=39.9733 ecn_mark=1669 drop=0
[QUEUE_STATS] t_ms=27104 q_pkts=58 q_bytes=87232 qdelay_l_ms=0.980092 qdelay_c_ms=41.9318 ecn_mark=1669 drop=0
[QUEUE_STATS] t_ms=27120 q_pkts=56 q_bytes=84224 qdelay_l_ms=0.986504 qdelay_c_ms=39.6031 ecn_mark=1671 drop=0
[QUEUE_STATS] t_ms=27136 q_pkts=55 q_bytes=82720 qdelay_l_ms=1.08677 qdelay_c_ms=41.1623 ecn_mark=1671 drop=0
[QUEUE_STATS] t_ms=27152 q_pkts=57 q_bytes=85728 qdelay_l_ms=0.991243 qdelay_c_ms=40.8896 ecn_mark=1671 drop=0
[QUEUE_STATS] t_ms=27168 q_pkts=57 q_bytes=85728 qdelay_l_ms=1.07696 qdelay_c_ms=41.0715 ecn_mark=1672 drop=0
[QUEUE_STATS] t_ms=27184 q_pkts=57 q_bytes=85728 qdelay_l_ms=1.05316 qdelay_c_ms=42.2536 ecn_mark=1674 drop=0
[QUEUE_STATS] t_ms=27200 q_pkts=57 q_bytes=85728 qdelay_l_ms=1.0768 qdelay_c_ms=43.1517 ecn_mark=1674 drop=0
[QUEUE_STATS] t_ms=27216 q_pkts=58 q_bytes=87232 qdelay_l_ms=0.818899 qdelay_c_ms=41.9798 ecn_mark=1675 drop=0
[QUEUE_STATS] t_ms=27232 q_pkts=58 q_bytes=87232 qdelay_l_ms=0.954835 qdelay_c_ms=43.9731 ecn_mark=1675 drop=0
[QUEUE_STATS] t_ms=27248 q_pkts=57 q_bytes=85728 qdelay_l_ms=1.04169 qdelay_c_ms=42.9597 ecn_mark=1675 drop=0
[QUEUE_STATS] t_ms=27264 q_pkts=57 q_bytes=85728 qdelay_l_ms=1.08953 qdelay_c_ms=42.8641 ecn_mark=1675 drop=0
[QUEUE_STATS] t_ms=27280 q_pkts=58 q_bytes=87232 qdelay_l_ms=0.9734 qdelay_c_ms=42.8565 ecn_mark=1676 drop=0
[QUEUE_STATS] t_ms=27296 q_pkts=61 q_bytes=91744 qdelay_l_ms=0.974181 qdelay_c_ms=43.8671 ecn_mark=1677 drop=0
[QUEUE_STATS] t_ms=27312 q_pkts=59 q_bytes=88736 qdelay_l_ms=0.976044 qdelay_c_ms=46.1526 ecn_mark=1679 drop=0
[QUEUE_STATS] t_ms=27328 q_pkts=59 q_bytes=88736 qdelay_l_ms=1.91257 qdelay_c_ms=44.1866 ecn_mark=1680 drop=0
[QUEUE_STATS] t_ms=27344 q_pkts=58 q_bytes=87232 qdelay_l_ms=1.08951 qdelay_c_ms=44.9172 ecn_mark=1680 drop=0
[QUEUE_STATS] t_ms=27360 q_pkts=59 q_bytes=88736 qdelay_l_ms=1.02102 qdelay_c_ms=45.1606 ecn_mark=1682 drop=0
[QUEUE_STATS] t_ms=27376 q_pkts=57 q_bytes=85728 qdelay_l_ms=1.09956 qdelay_c_ms=42.999 ecn_mark=1682 drop=0
[QUEUE_STATS] t_ms=27392 q_pkts=57 q_bytes=85728 qdelay_l_ms=1.07066 qdelay_c_ms=43.9601 ecn_mark=1683 drop=0
[QUEUE_STATS] t_ms=27408 q_pkts=61 q_bytes=91744 qdelay_l_ms=1.00919 qdelay_c_ms=46.0832 ecn_mark=1684 drop=0
[QUEUE_STATS] t_ms=27424 q_pkts=60 q_bytes=90240 qdelay_l_ms=1.09899 qdelay_c_ms=42.9889 ecn_mark=1686 drop=0
[QUEUE_STATS] t_ms=27440 q_pkts=59 q_bytes=88736 qdelay_l_ms=0.981234 qdelay_c_ms=46.1052 ecn_mark=1686 drop=0
[QUEUE_STATS] t_ms=27456 q_pkts=61 q_bytes=91744 qdelay_l_ms=1.01796 qdelay_c_ms=46.0756 ecn_mark=1687 drop=0
[QUEUE_STATS] t_ms=27472 q_pkts=57 q_bytes=85728 qdelay_l_ms=1.0996 qdelay_c_ms=44.6959 ecn_mark=1688 drop=0
[QUEUE_STATS] t_ms=27488 q_pkts=58 q_bytes=87232 qdelay_l_ms=0.974341 qdelay_c_ms=45.0803 ecn_mark=1690 drop=0
[QUEUE_STATS] t_ms=27504 q_pkts=61 q_bytes=91744 qdelay_l_ms=1.01314 qdelay_c_ms=44.1293 ecn_mark=1691 drop=0
[QUEUE_STATS] t_ms=27520 q_pkts=60 q_bytes=90240 qdelay_l_ms=1.07534 qdelay_c_ms=43.9577 ecn_mark=1692 drop=0
[QUEUE_STATS] t_ms=27536 q_pkts=63 q_bytes=94752 qdelay_l_ms=0.942311 qdelay_c_ms=47.0808 ecn_mark=1693 drop=0
[QUEUE_STATS] t_ms=27552 q_pkts=60 q_bytes=90240 qdelay_l_ms=1.10161 qdelay_c_ms=47.8464 ecn_mark=1693 drop=0
[QUEUE_STATS] t_ms=27568 q_pkts=62 q_bytes=93248 qdelay_l_ms=1.07878 qdelay_c_ms=46.3253 ecn_mark=1694 drop=0
[QUEUE_STATS] t_ms=27584 q_pkts=64 q_bytes=96256 qdelay_l_ms=1.10501 qdelay_c_ms=46.8928 ecn_mark=1697 drop=0
[QUEUE_STATS] t_ms=27600 q_pkts=61 q_bytes=91744 qdelay_l_ms=1.09684 qdelay_c_ms=46.8976 ecn_mark=1698 drop=0
[QUEUE_STATS] t_ms=27616 q_pkts=61 q_bytes=91744 qdelay_l_ms=0.969772 qdelay_c_ms=47.7644 ecn_mark=1699 drop=0
[QUEUE_STATS] t_ms=27632 q_pkts=63 q_bytes=94752 qdelay_l_ms=0.965655 qdelay_c_ms=47.8353 ecn_mark=1701 drop=0
[QUEUE_STATS] t_ms=27648 q_pkts=61 q_bytes=91744 qdelay_l_ms=1.90061 qdelay_c_ms=46.9787 ecn_mark=1701 drop=0
[QUEUE_STATS] t_ms=27664 q_pkts=62 q_bytes=93248 qdelay_l_ms=1.08203 qdelay_c_ms=48.0249 ecn_mark=1702 drop=0
[QUEUE_STATS] t_ms=27680 q_pkts=63 q_bytes=94752 qdelay_l_ms=0.940237 qdelay_c_ms=49.9691 ecn_mark=1703 drop=0
[QUEUE_STATS] t_ms=27696 q_pkts=61 q_bytes=91744 qdelay_l_ms=0.978138 qdelay_c_ms=48.0061 ecn_mark=1706 drop=0
[QUEUE_STATS] t_ms=27712 q_pkts=64 q_bytes=96256 qdelay_l_ms=1.08853 qdelay_c_ms=47.9845 ecn_mark=1706 drop=0
[QUEUE_STATS] t_ms=27728 q_pkts=63 q_bytes=94752 qdelay_l_ms=0.810132 qdelay_c_ms=48.9114 ecn_mark=1708 drop=0
[QUEUE_STATS] t_ms=27744 q_pkts=56 q_bytes=84224 qdelay_l_ms=0.812678 qdelay_c_ms=46.818 ecn_mark=1709 drop=0
[QUEUE_STATS] t_ms=27760 q_pkts=50 q_bytes=75200 qdelay_l_ms=0.974863 qdelay_c_ms=47.9951 ecn_mark=1709 drop=0
[QUEUE_STATS] t_ms=27776 q_pkts=46 q_bytes=69184 qdelay_l_ms=0.970283 qdelay_c_ms=48.7934 ecn_mark=1710 drop=0
[QUEUE_STATS] t_ms=27792 q_pkts=37 q_bytes=55648 qdelay_l_ms=1.91986 qdelay_c_ms=37.8074 ecn_mark=1711 drop=0
[QUEUE_STATS] t_ms=27808 q_pkts=31 q_bytes=46624 qdelay_l_ms=0.817717 qdelay_c_ms=33.905 ecn_mark=1712 drop=0
[QUEUE_STATS] t_ms=27824 q_pkts=30 q_bytes=45120 qdelay_l_ms=0.97367 qdelay_c_ms=26.9381 ecn_mark=1713 drop=0
[QUEUE_STATS] t_ms=27840 q_pkts=27 q_bytes=40608 qdelay_l_ms=0.968931 qdelay_c_ms=20.958 ecn_mark=1714 drop=0
[QUEUE_STATS] t_ms=27856 q_pkts=29 q_bytes=43616 qdelay_l_ms=1.09752 qdelay_c_ms=17.6914 ecn_mark=1715 drop=0
[QUEUE_STATS] t_ms=27872 q_pkts=30 q_bytes=45120 qdelay_l_ms=1.07328 qdelay_c_ms=22.1056 ecn_mark=1716 drop=0
[QUEUE_STATS] t_ms=27888 q_pkts=30 q_bytes=45120 qdelay_l_ms=0.823007 qdelay_c_ms=22.0698 ecn_mark=1717 drop=0
[QUEUE_STATS] t_ms=27904 q_pkts=29 q_bytes=43616 qdelay_l_ms=0.969662 qdelay_c_ms=19.6372 ecn_mark=1718 drop=0
[QUEUE_STATS] t_ms=27920 q_pkts=30 q_bytes=45120 qdelay_l_ms=0.915772 qdelay_c_ms=23.2161 ecn_mark=1719 drop=0
[QUEUE_STATS] t_ms=27936 q_pkts=32 q_bytes=48128 qdelay_l_ms=1.10113 qdelay_c_ms=24.1336 ecn_mark=1720 drop=0
[QUEUE_STATS] t_ms=27952 q_pkts=32 q_bytes=48128 qdelay_l_ms=0.972167 qdelay_c_ms=22.0652 ecn_mark=1720 drop=0
[QUEUE_STATS] t_ms=27968 q_pkts=31 q_bytes=46624 qdelay_l_ms=2.13987 qdelay_c_ms=22.4021 ecn_mark=1720 drop=0
[QUEUE_STATS] t_ms=27984 q_pkts=31 q_bytes=46624 qdelay_l_ms=0.810643 qdelay_c_ms=23.1742 ecn_mark=1721 drop=0
[QUEUE_STATS] t_ms=28000 q_pkts=32 q_bytes=48128 qdelay_l_ms=0.966226 qdelay_c_ms=21.8605 ecn_mark=1721 drop=0
[QUEUE_STATS] t_ms=28016 q_pkts=32 q_bytes=48128 qdelay_l_ms=1.07062 qdelay_c_ms=24.4534 ecn_mark=1721 drop=0
[QUEUE_STATS] t_ms=28032 q_pkts=33 q_bytes=49632 qdelay_l_ms=0.973049 qdelay_c_ms=26.8719 ecn_mark=1722 drop=0
[QUEUE_STATS] t_ms=28048 q_pkts=33 q_bytes=49632 qdelay_l_ms=0.945216 qdelay_c_ms=19.928 ecn_mark=1722 drop=0
[QUEUE_STATS] t_ms=28064 q_pkts=35 q_bytes=52640 qdelay_l_ms=0.951599 qdelay_c_ms=24.8187 ecn_mark=1723 drop=0
[QUEUE_STATS] t_ms=28080 q_pkts=37 q_bytes=55648 qdelay_l_ms=0.926942 qdelay_c_ms=28.0242 ecn_mark=1723 drop=0
[QUEUE_STATS] t_ms=28096 q_pkts=34 q_bytes=51136 qdelay_l_ms=0.95744 qdelay_c_ms=22.8728 ecn_mark=1724 drop=0
[QUEUE_STATS] t_ms=28112 q_pkts=33 q_bytes=49632 qdelay_l_ms=1.07686 qdelay_c_ms=26.0153 ecn_mark=1724 drop=0
[QUEUE_STATS] t_ms=28128 q_pkts=37 q_bytes=55648 qdelay_l_ms=0.945136 qdelay_c_ms=28.993 ecn_mark=1725 drop=0
[QUEUE_STATS] t_ms=28144 q_pkts=36 q_bytes=54144 qdelay_l_ms=0.967648 qdelay_c_ms=23.8522 ecn_mark=1726 drop=0
[QUEUE_STATS] t_ms=28160 q_pkts=36 q_bytes=54144 qdelay_l_ms=1.09574 qdelay_c_ms=27.0041 ecn_mark=1728 drop=0
[QUEUE_STATS] t_ms=28176 q_pkts=39 q_bytes=58656 qdelay_l_ms=1.09127 qdelay_c_ms=29.1157 ecn_mark=1729 drop=0
[QUEUE_STATS] t_ms=28192 q_pkts=38 q_bytes=57152 qdelay_l_ms=0.967608 qdelay_c_ms=25.819 ecn_mark=1729 drop=0
[QUEUE_STATS] t_ms=28208 q_pkts=37 q_bytes=55648 qdelay_l_ms=1.09983 qdelay_c_ms=28.89 ecn_mark=1729 drop=0
[QUEUE_STATS] t_ms=28224 q_pkts=36 q_bytes=54144 qdelay_l_ms=0.809662 qdelay_c_ms=27.7483 ecn_mark=1729 drop=0
[QUEUE_STATS] t_ms=28240 q_pkts=38 q_bytes=57152 qdelay_l_ms=0.959824 qdelay_c_ms=28.0232 ecn_mark=1729 drop=0
[QUEUE_STATS] t_ms=28256 q_pkts=39 q_bytes=58656 qdelay_l_ms=0.955556 qdelay_c_ms=28.8096 ecn_mark=1730 drop=0
[QUEUE_STATS] t_ms=28272 q_pkts=39 q_bytes=58656 qdelay_l_ms=0.965785 qdelay_c_ms=29.0381 ecn_mark=1730 drop=0
[QUEUE_STATS] t_ms=28288 q_pkts=40 q_bytes=60160 qdelay_l_ms=1.09916 qdelay_c_ms=29.7794 ecn_mark=1734 drop=0
[QUEUE_STATS] t_ms=28304 q_pkts=39 q_bytes=58656 qdelay_l_ms=0.80328 qdelay_c_ms=29.7291 ecn_mark=1734 drop=0
[QUEUE_STATS] t_ms=28320 q_pkts=41 q_bytes=61664 qdelay_l_ms=0.802689 qdelay_c_ms=31.8596 ecn_mark=1734 drop=0
[QUEUE_STATS] t_ms=28336 q_pkts=41 q_bytes=61664 qdelay_l_ms=1.06891 qdelay_c_ms=29.1937 ecn_mark=1734 drop=0
[QUEUE_STATS] t_ms=28352 q_pkts=42 q_bytes=63168 qdelay_l_ms=1.0781 qdelay_c_ms=31.1264 ecn_mark=1734 drop=0
[QUEUE_STATS] t_ms=28368 q_pkts=43 q_bytes=64672 qdelay_l_ms=1.05708 qdelay_c_ms=36.0563 ecn_mark=1734 drop=0
[QUEUE_STATS] t_ms=28384 q_pkts=43 q_bytes=64672 qdelay_l_ms=1.09225 qdelay_c_ms=31.8038 ecn_mark=1734 drop=0
[QUEUE_STATS] t_ms=28400 q_pkts=44 q_bytes=66176 qdelay_l_ms=1.06333 qdelay_c_ms=34.4685 ecn_mark=1737 drop=0
[QUEUE_STATS] t_ms=28416 q_pkts=44 q_bytes=66176 qdelay_l_ms=1.10554 qdelay_c_ms=37.825 ecn_mark=1738 drop=0
[QUEUE_STATS] t_ms=28432 q_pkts=44 q_bytes=66176 qdelay_l_ms=1.06945 qdelay_c_ms=32.814 ecn_mark=1740 drop=0
[QUEUE_STATS] t_ms=28448 q_pkts=45 q_bytes=67680 qdelay_l_ms=1.05938 qdelay_c_ms=36.9769 ecn_mark=1741 drop=0
[QUEUE_STATS] t_ms=28464 q_pkts=46 q_bytes=69184 qdelay_l_ms=0.937812 qdelay_c_ms=36.9596 ecn_mark=1743 drop=0
[QUEUE_STATS] t_ms=28480 q_pkts=44 q_bytes=66176 qdelay_l_ms=0.935638 qdelay_c_ms=35.5715 ecn_mark=1743 drop=0
[QUEUE_STATS] t_ms=28496 q_pkts=46 q_bytes=69184 qdelay_l_ms=0.943814 qdelay_c_ms=36.9909 ecn_mark=1744 drop=0
[QUEUE_STATS] t_ms=28512 q_pkts=46 q_bytes=69184 qdelay_l_ms=0.937382 qdelay_c_ms=36.8203 ecn_mark=1744 drop=0
[QUEUE_STATS] t_ms=28528 q_pkts=46 q_bytes=69184 qdelay_l_ms=1.09072 qdelay_c_ms=36.1458 ecn_mark=1744 drop=0
[QUEUE_STATS] t_ms=28544 q_pkts=47 q_bytes=70688 qdelay_l_ms=1.84128 qdelay_c_ms=39.7163 ecn_mark=1745 drop=0
[QUEUE_STATS] t_ms=28560 q_pkts=46 q_bytes=69184 qdelay_l_ms=0.930589 qdelay_c_ms=34.9615 ecn_mark=1748 drop=0
[QUEUE_STATS] t_ms=28576 q_pkts=46 q_bytes=69184 qdelay_l_ms=0.477788 qdelay_c_ms=37.023 ecn_mark=1748 drop=0
[QUEUE_STATS] t_ms=28592 q_pkts=49 q_bytes=73696 qdelay_l_ms=1.04069 qdelay_c_ms=41.0619 ecn_mark=1750 drop=0
[QUEUE_STATS] t_ms=28608 q_pkts=46 q_bytes=69184 qdelay_l_ms=1.08851 qdelay_c_ms=35.8085 ecn_mark=1751 drop=0
[QUEUE_STATS] t_ms=28624 q_pkts=47 q_bytes=70688 qdelay_l_ms=0.792921 qdelay_c_ms=36.7294 ecn_mark=1752 drop=0
[QUEUE_STATS] t_ms=28640 q_pkts=51 q_bytes=76704 qdelay_l_ms=0.917935 qdelay_c_ms=42.0709 ecn_mark=1753 drop=0
[QUEUE_STATS] t_ms=28656 q_pkts=49 q_bytes=73696 qdelay_l_ms=1.09791 qdelay_c_ms=39.1217 ecn_mark=1753 drop=0
[QUEUE_STATS] t_ms=28672 q_pkts=47 q_bytes=70688 qdelay_l_ms=0.933264 qdelay_c_ms=38.848 ecn_mark=1754 drop=0
[QUEUE_STATS] t_ms=28688 q_pkts=49 q_bytes=73696 qdelay_l_ms=0.937001 qdelay_c_ms=42.1318 ecn_mark=1754 drop=0
[QUEUE_STATS] t_ms=28704 q_pkts=51 q_bytes=76704 qdelay_l_ms=1.1107 qdelay_c_ms=38.8929 ecn_mark=1754 drop=0
[QUEUE_STATS] t_ms=28720 q_pkts=50 q_bytes=75200 qdelay_l_ms=1.02984 qdelay_c_ms=42.0029 ecn_mark=1755 drop=0
[QUEUE_STATS] t_ms=28736 q_pkts=50 q_bytes=75200 qdelay_l_ms=1.02246 qdelay_c_ms=41.0256 ecn_mark=1755 drop=0
[QUEUE_STATS] t_ms=28752 q_pkts=50 q_bytes=75200 qdelay_l_ms=0.787049 qdelay_c_ms=40.752 ecn_mark=1755 drop=0
[QUEUE_STATS] t_ms=28768 q_pkts=52 q_bytes=78208 qdelay_l_ms=1.01982 qdelay_c_ms=42.9906 ecn_mark=1755 drop=0
[QUEUE_STATS] t_ms=28784 q_pkts=51 q_bytes=76704 qdelay_l_ms=2.1339 qdelay_c_ms=42.1487 ecn_mark=1755 drop=0
[QUEUE_STATS] t_ms=28800 q_pkts=51 q_bytes=76704 qdelay_l_ms=1.10895 qdelay_c_ms=41.1392 ecn_mark=1757 drop=0
[QUEUE_STATS] t_ms=28816 q_pkts=53 q_bytes=79712 qdelay_l_ms=1.07397 qdelay_c_ms=44.6119 ecn_mark=1757 drop=0
[QUEUE_STATS] t_ms=28832 q_pkts=52 q_bytes=78208 qdelay_l_ms=0.928916 qdelay_c_ms=44.9123 ecn_mark=1759 drop=0
[QUEUE_STATS] t_ms=28848 q_pkts=52 q_bytes=78208 qdelay_l_ms=0.926712 qdelay_c_ms=41.9546 ecn_mark=1759 drop=0
[QUEUE_STATS] t_ms=28864 q_pkts=53 q_bytes=79712 qdelay_l_ms=1.08488 qdelay_c_ms=46.0613 ecn_mark=1759 drop=0
[QUEUE_STATS] t_ms=28880 q_pkts=54 q_bytes=81216 qdelay_l_ms=0.911884 qdelay_c_ms=45.7955 ecn_mark=1759 drop=0
[QUEUE_STATS] t_ms=28896 q_pkts=53 q_bytes=79712 qdelay_l_ms=0.918807 qdelay_c_ms=45.873 ecn_mark=1760 drop=0
[QUEUE_STATS] t_ms=28912 q_pkts=54 q_bytes=81216 qdelay_l_ms=1.07353 qdelay_c_ms=46.0014 ecn_mark=1761 drop=0
[QUEUE_STATS] t_ms=28928 q_pkts=56 q_bytes=84224 qdelay_l_ms=1.1067 qdelay_c_ms=48.0399 ecn_mark=1763 drop=0
[QUEUE_STATS] t_ms=28944 q_pkts=55 q_bytes=82720 qdelay_l_ms=1.07666 qdelay_c_ms=47.1531 ecn_mark=1763 drop=0
[QUEUE_STATS] t_ms=28960 q_pkts=54 q_bytes=81216 qdelay_l_ms=0.916322 qdelay_c_ms=47.7836 ecn_mark=1763 drop=0
[QUEUE_STATS] t_ms=28976 q_pkts=55 q_bytes=82720 qdelay_l_ms=0.770639 qdelay_c_ms=49.0052 ecn_mark=1764 drop=0
[QUEUE_STATS] t_ms=28992 q_pkts=56 q_bytes=84224 qdelay_l_ms=1.07339 qdelay_c_ms=51.0224 ecn_mark=1764 drop=0
[QUEUE_STATS] t_ms=29008 q_pkts=58 q_bytes=87232 qdelay_l_ms=1.82683 qdelay_c_ms=48.036 ecn_mark=1764 drop=0
[QUEUE_STATS] t_ms=29024 q_pkts=57 q_bytes=85728 qdelay_l_ms=0.917895 qdelay_c_ms=49.9611 ecn_mark=1764 drop=0
[QUEUE_STATS] t_ms=29040 q_pkts=56 q_bytes=84224 qdelay_l_ms=0.770499 qdelay_c_ms=49.9951 ecn_mark=1764 drop=0
[QUEUE_STATS] t_ms=29056 q_pkts=56 q_bytes=84224 qdelay_l_ms=1.06014 qdelay_c_ms=49.9479 ecn_mark=1765 drop=0
[QUEUE_STATS] t_ms=29072 q_pkts=57 q_bytes=85728 qdelay_l_ms=1.09179 qdelay_c_ms=53.0872 ecn_mark=1765 drop=0
[QUEUE_STATS] t_ms=29088 q_pkts=56 q_bytes=84224 qdelay_l_ms=1.06865 qdelay_c_ms=51.8858 ecn_mark=1768 drop=0
[QUEUE_STATS] t_ms=29104 q_pkts=59 q_bytes=88736 qdelay_l_ms=1.10005 qdelay_c_ms=51.0927 ecn_mark=1769 drop=0
[QUEUE_STATS] t_ms=29120 q_pkts=59 q_bytes=88736 qdelay_l_ms=1.00001 qdelay_c_ms=55.1721 ecn_mark=1772 drop=0
[QUEUE_STATS] t_ms=29136 q_pkts=59 q_bytes=88736 qdelay_l_ms=0.980252 qdelay_c_ms=53.1388 ecn_mark=1774 drop=0
[QUEUE_STATS] t_ms=29152 q_pkts=59 q_bytes=88736 qdelay_l_ms=1.08523 qdelay_c_ms=54.3039 ecn_mark=1778 drop=0
[QUEUE_STATS] t_ms=29168 q_pkts=61 q_bytes=91744 qdelay_l_ms=1.06968 qdelay_c_ms=56.0883 ecn_mark=1779 drop=0
[QUEUE_STATS] t_ms=29184 q_pkts=61 q_bytes=91744 qdelay_l_ms=0.906394 qdelay_c_ms=54.8823 ecn_mark=1781 drop=0
[QUEUE_STATS] t_ms=29200 q_pkts=59 q_bytes=88736 qdelay_l_ms=1.08696 qdelay_c_ms=55.9078 ecn_mark=1781 drop=0
[QUEUE_STATS] t_ms=29216 q_pkts=61 q_bytes=91744 qdelay_l_ms=1.09223 qdelay_c_ms=55.7492 ecn_mark=1781 drop=0
[QUEUE_STATS] t_ms=29232 q_pkts=59 q_bytes=88736 qdelay_l_ms=0.902987 qdelay_c_ms=52.9097 ecn_mark=1784 drop=0
[QUEUE_STATS] t_ms=29248 q_pkts=62 q_bytes=93248 qdelay_l_ms=0.562848 qdelay_c_ms=58.0837 ecn_mark=1785 drop=0
[QUEUE_STATS] t_ms=29264 q_pkts=63 q_bytes=94752 qdelay_l_ms=0.962078 qdelay_c_ms=57.6975 ecn_mark=1786 drop=0
[QUEUE_STATS] t_ms=29280 q_pkts=59 q_bytes=88736 qdelay_l_ms=1.08849 qdelay_c_ms=54.0024 ecn_mark=1789 drop=0
[QUEUE_STATS] t_ms=29296 q_pkts=61 q_bytes=91744 qdelay_l_ms=1.07334 qdelay_c_ms=58.0272 ecn_mark=1790 drop=0
[QUEUE_STATS] t_ms=29312 q_pkts=61 q_bytes=91744 qdelay_l_ms=0.907215 qdelay_c_ms=54.0211 ecn_mark=1791 drop=0
[QUEUE_STATS] t_ms=29328 q_pkts=61 q_bytes=91744 qdelay_l_ms=0.901925 qdelay_c_ms=55.8484 ecn_mark=1792 drop=0
[QUEUE_STATS] t_ms=29344 q_pkts=60 q_bytes=90240 qdelay_l_ms=1.54872 qdelay_c_ms=56.7853 ecn_mark=1793 drop=0
[QUEUE_STATS] t_ms=29360 q_pkts=66 q_bytes=99264 qdelay_l_ms=0.786959 qdelay_c_ms=54.8079 ecn_mark=1795 drop=0
[QUEUE_STATS] t_ms=29376 q_pkts=62 q_bytes=93248 qdelay_l_ms=1.86347 qdelay_c_ms=57.0523 ecn_mark=1795 drop=0
[QUEUE_STATS] t_ms=29392 q_pkts=61 q_bytes=91744 qdelay_l_ms=0.898228 qdelay_c_ms=56.8711 ecn_mark=1796 drop=0
[QUEUE_STATS] t_ms=29408 q_pkts=65 q_bytes=97760 qdelay_l_ms=1.06118 qdelay_c_ms=56.0479 ecn_mark=1796 drop=0
[QUEUE_STATS] t_ms=29424 q_pkts=61 q_bytes=91744 qdelay_l_ms=1.09491 qdelay_c_ms=58.1163 ecn_mark=1798 drop=0
[QUEUE_STATS] t_ms=29440 q_pkts=62 q_bytes=93248 qdelay_l_ms=1.07574 qdelay_c_ms=59.2466 ecn_mark=1801 drop=0
[QUEUE_STATS] t_ms=29456 q_pkts=62 q_bytes=93248 qdelay_l_ms=0.902736 qdelay_c_ms=55.9096 ecn_mark=1801 drop=0
[QUEUE_STATS] t_ms=29472 q_pkts=62 q_bytes=93248 qdelay_l_ms=0.903609 qdelay_c_ms=58.8712 ecn_mark=1804 drop=0
[QUEUE_STATS] t_ms=29488 q_pkts=63 q_bytes=94752 qdelay_l_ms=1.07558 qdelay_c_ms=56.8153 ecn_mark=1804 drop=0
[QUEUE_STATS] t_ms=29504 q_pkts=63 q_bytes=94752 qdelay_l_ms=1.09102 qdelay_c_ms=56.0439 ecn_mark=1805 drop=0
[QUEUE_STATS] t_ms=29520 q_pkts=62 q_bytes=93248 qdelay_l_ms=1.08599 qdelay_c_ms=59.1985 ecn_mark=1807 drop=0
[QUEUE_STATS] t_ms=29536 q_pkts=64 q_bytes=96256 qdelay_l_ms=0.781198 qdelay_c_ms=58.1737 ecn_mark=1807 drop=0
[QUEUE_STATS] t_ms=29552 q_pkts=67 q_bytes=100768 qdelay_l_ms=0.818929 qdelay_c_ms=58.9018 ecn_mark=1811 drop=0
[QUEUE_STATS] t_ms=29568 q_pkts=63 q_bytes=94752 qdelay_l_ms=2.17757 qdelay_c_ms=58.0037 ecn_mark=1813 drop=0
[QUEUE_STATS] t_ms=29584 q_pkts=64 q_bytes=96256 qdelay_l_ms=1.96164 qdelay_c_ms=55.8941 ecn_mark=1814 drop=0
[QUEUE_STATS] t_ms=29600 q_pkts=64 q_bytes=96256 qdelay_l_ms=0.916693 qdelay_c_ms=55.8908 ecn_mark=1816 drop=0
[QUEUE_STATS] t_ms=29616 q_pkts=62 q_bytes=93248 qdelay_l_ms=1.08325 qdelay_c_ms=59.1322 ecn_mark=1818 drop=0
[QUEUE_STATS] t_ms=29632 q_pkts=63 q_bytes=94752 qdelay_l_ms=0.905522 qdelay_c_ms=56.7209 ecn_mark=1819 drop=0
[QUEUE_STATS] t_ms=29648 q_pkts=66 q_bytes=99264 qdelay_l_ms=0.917004 qdelay_c_ms=55.8717 ecn_mark=1819 drop=0
[QUEUE_STATS] t_ms=29664 q_pkts=64 q_bytes=96256 qdelay_l_ms=1.07676 qdelay_c_ms=58.3029 ecn_mark=1820 drop=0
[QUEUE_STATS] t_ms=29680 q_pkts=65 q_bytes=97760 qdelay_l_ms=1.06974 qdelay_c_ms=57.3798 ecn_mark=1821 drop=0
[QUEUE_STATS] t_ms=29696 q_pkts=64 q_bytes=96256 qdelay_l_ms=0.920701 qdelay_c_ms=55.9596 ecn_mark=1821 drop=0
[QUEUE_STATS] t_ms=29712 q_pkts=62 q_bytes=93248 qdelay_l_ms=0.772252 qdelay_c_ms=57.8735 ecn_mark=1822 drop=0
[QUEUE_STATS] t_ms=29728 q_pkts=62 q_bytes=93248 qdelay_l_ms=1.08622 qdelay_c_ms=54.9465 ecn_mark=1822 drop=0
[QUEUE_STATS] t_ms=29744 q_pkts=64 q_bytes=96256 qdelay_l_ms=1.10307 qdelay_c_ms=58.1064 ecn_mark=1824 drop=0
[QUEUE_STATS] t_ms=29760 q_pkts=65 q_bytes=97760 qdelay_l_ms=0.762283 qdelay_c_ms=57.9825 ecn_mark=1827 drop=0
[QUEUE_STATS] t_ms=29776 q_pkts=66 q_bytes=99264 qdelay_l_ms=0.928475 qdelay_c_ms=56.1197 ecn_mark=1828 drop=0
[QUEUE_STATS] t_ms=29792 q_pkts=65 q_byt