[QUEUE_STATS] t_ms=32 q_pkts=0 q_bytes=0 qdelay_l_ms=0 qdelay_c_ms=0 ecn_mark=0 drop=0
[QUEUE_STATS] t_ms=93 q_pkts=0 q_bytes=0 qdelay_l_ms=0 qdelay_c_ms=0 ecn_mark=0 drop=0
[QUEUE_STATS] t_ms=136 q_pkts=0 q_bytes=0 qdelay_l_ms=0 qdelay_c_ms=0 ecn_mark=0 drop=0
[QUEUE_STATS] t_ms=179 q_pkts=0 q_bytes=0 qdelay_l_ms=0 qdelay_c_ms=0 ecn_mark=0 drop=0
[QUEUE_STATS] t_ms=222 q_pkts=0 q_bytes=0 qdelay_l_ms=0 qdelay_c_ms=0 ecn_mark=0 drop=0
[QUEUE_STATS] t_ms=265 q_pkts=0 q_bytes=0 qdelay_l_ms=0 qdelay_c_ms=0 ecn_mark=0 drop=0
[QUEUE_STATS] t_ms=308 q_pkts=0 q_bytes=0 qdelay_l_ms=0 qdelay_c_ms=0 ecn_mark=0 drop=0
[QUEUE_STATS] t_ms=349 q_pkts=0 q_bytes=0 qdelay_l_ms=0 qdelay_c_ms=0 ecn_mark=0 drop=0
[QUEUE_STATS] t_ms=352 q_pkts=1 q_bytes=1504 qdelay_l_ms=1.07495 qdelay_c_ms=0 ecn_mark=0 drop=0
[QUEUE_STATS] t_ms=368 q_pkts=1 q_bytes=1504 qdelay_l_ms=1.07918 qdelay_c_ms=0 ecn_mark=0 drop=0
[QUEUE_STATS] t_ms=392 q_pkts=0 q_bytes=0 qdelay_l_ms=0 qdelay_c_ms=0 ecn_mark=0 drop=0
[QUEUE_STATS] t_ms=400 q_pkts=23 q_bytes=34592 qdelay_l_ms=1.07957 qdelay_c_ms=3.26734 ecn_mark=0 drop=0
[QUEUE_STATS] t_ms=416 q_pkts=2 q_bytes=3008 qdelay_l_ms=1.08867 qdelay_c_ms=0 ecn_mark=0 drop=0
[QUEUE_STATS] t_ms=435 q_pkts=0 q_bytes=0 qdelay_l_ms=0 qdelay_c_ms=0 ecn_mark=0 drop=0
[QUEUE_STATS] t_ms=448 q_pkts=47 q_bytes=70688 qdelay_l_ms=1.08737 qdelay_c_ms=9.21207 ecn_mark=0 drop=0
[QUEUE_STATS] t_ms=464 q_pkts=36 q_bytes=54144 qdelay_l_ms=3.27796 qdelay_c_ms=21.4657 ecn_mark=0 drop=0
[QUEUE_STATS] t_ms=480 q_pkts=10 q_bytes=15040 qdelay_l_ms=2.02343 qdelay_c_ms=2.04978 ecn_mark=0 drop=0
[QUEUE_STATS] t_ms=496 q_pkts=46 q_bytes=69184 qdelay_l_ms=4.36772 qdelay_c_ms=14.2957 ecn_mark=0 drop=0
[QUEUE_STATS] t_ms=512 q_pkts=88 q_bytes=132352 qdelay_l_ms=11.3611 qdelay_c_ms=28.3702 ecn_mark=7 drop=0
[QUEUE_STATS] t_ms=528 q_pkts=97 q_bytes=144464 qdelay_l_ms=4.79558 qdelay_c_ms=40.7706 ecn_mark=39 drop=0
[QUEUE_STATS] t_ms=544 q_pkts=160 q_bytes=239216 qdelay_l_ms=14.2809 qdelay_c_ms=49.4937 ecn_mark=56 drop=0
[QUEUE_STATS] t_ms=560 q_pkts=153 q_bytes=228688 qdelay_l_ms=21.0752 qdelay_c_ms=62.9442 ecn_mark=116 drop=0
[QUEUE_STATS] t_ms=576 q_pkts=112 q_bytes=167024 qdelay_l_ms=29.0097 qdelay_c_ms=70.9742 ecn_mark=176 drop=0
[QUEUE_STATS] t_ms=592 q_pkts=52 q_bytes=76784 qdelay_l_ms=0 qdelay_c_ms=83.173 ecn_mark=226 drop=0
[QUEUE_STATS] t_ms=608 q_pkts=26 q_bytes=39104 qdelay_l_ms=0.965074 qdelay_c_ms=51.8616 ecn_mark=226 drop=0
[QUEUE_STATS] t_ms=624 q_pkts=3 q_bytes=4512 qdelay_l_ms=1.08863 qdelay_c_ms=1.08079 ecn_mark=226 drop=0
[QUEUE_STATS] t_ms=640 q_pkts=13 q_bytes=19552 qdelay_l_ms=0.540807 qdelay_c_ms=4.07445 ecn_mark=226 drop=0
[QUEUE_STATS] t_ms=656 q_pkts=5 q_bytes=7520 qdelay_l_ms=1.05593 qdelay_c_ms=1.07811 ecn_mark=226 drop=0
[QUEUE_STATS] t_ms=672 q_pkts=2 q_bytes=3008 qdelay_l_ms=1.08816 qdelay_c_ms=0 ecn_mark=226 drop=0
[QUEUE_STATS] t_ms=688 q_pkts=4 q_bytes=6016 qdelay_l_ms=1.06472 qdelay_c_ms=1.05701 ecn_mark=226 drop=0
[QUEUE_STATS] t_ms=704 q_pkts=7 q_bytes=10528 qdelay_l_ms=1.0631 qdelay_c_ms=2.09083 ecn_mark=226 drop=0
[QUEUE_STATS] t_ms=720 q_pkts=6 q_bytes=9024 qdelay_l_ms=1.0712 qdelay_c_ms=1.06478 ecn_mark=226 drop=0
[QUEUE_STATS] t_ms=736 q_pkts=4 q_bytes=6016 qdelay_l_ms=1.04848 qdelay_c_ms=2.06533 ecn_mark=226 drop=0
[QUEUE_STATS] t_ms=752 q_pkts=8 q_bytes=12032 qdelay_l_ms=1.05031 qdelay_c_ms=1.98061 ecn_mark=226 drop=0
[QUEUE_STATS] t_ms=768 q_pkts=6 q_bytes=9024 qdelay_l_ms=1.03931 qdelay_c_ms=2.04086 ecn_mark=226 drop=0
[QUEUE_STATS] t_ms=784 q_pkts=8 q_bytes=12032 qdelay_l_ms=1.07329 qdelay_c_ms=2.19839 ecn_mark=226 drop=0
[QUEUE_STATS] t_ms=800 q_pkts=7 q_bytes=10528 qdelay_l_ms=0.896515 qdelay_c_ms=2.01851 ecn_mark=226 drop=0
[QUEUE_STATS] t_ms=816 q_pkts=6 q_bytes=9024 qdelay_l_ms=1.09647 qdelay_c_ms=1.82278 ecn_mark=226 drop=0
[QUEUE_STATS] t_ms=832 q_pkts=9 q_bytes=13536 qdelay_l_ms=0.256722 qdelay_c_ms=2.44931 ecn_mark=226 drop=0
[QUEUE_STATS] t_ms=848 q_pkts=10 q_bytes=15040 qdelay_l_ms=1.07567 qdelay_c_ms=4.92113 ecn_mark=226 drop=0
[QUEUE_STATS] t_ms=864 q_pkts=8 q_bytes=12032 qdelay_l_ms=1.00835 qdelay_c_ms=2.00178 ecn_mark=226 drop=0
[QUEUE_STATS] t_ms=880 q_pkts=10 q_bytes=15040 qdelay_l_ms=1.08885 qdelay_c_ms=3.82397 ecn_mark=226 drop=0
[QUEUE_STATS] t_ms=896 q_pkts=14 q_bytes=21056 qdelay_l_ms=1.00528 qdelay_c_ms=4.82064 ecn_mark=226 drop=0
[QUEUE_STATS] t_ms=912 q_pkts=15 q_bytes=22560 qdelay_l_ms=0.974231 qdelay_c_ms=4.95755 ecn_mark=226 drop=0
[QUEUE_STATS] t_ms=928 q_pkts=17 q_bytes=25568 qdelay_l_ms=1.07122 qdelay_c_ms=6.16773 ecn_mark=226 drop=0
[QUEUE_STATS] t_ms=944 q_pkts=22 q_bytes=31664 qdelay_l_ms=0.969843 qdelay_c_ms=6.84333 ecn_mark=226 drop=0
[QUEUE_STATS] t_ms=960 q_pkts=21 q_bytes=31584 qdelay_l_ms=0.98924 qdelay_c_ms=7.83988 ecn_mark=226 drop=0
[QUEUE_STATS] t_ms=977 q_pkts=20 q_bytes=30080 qdelay_l_ms=1.11409 qdelay_c_ms=9.82598 ecn_mark=226 drop=0
[QUEUE_STATS] t_ms=992 q_pkts=27 q_bytes=40608 qdelay_l_ms=0.947982 qdelay_c_ms=10.9888 ecn_mark=226 drop=0
[QUEUE_STATS] t_ms=1008 q_pkts=27 q_bytes=40608 qdelay_l_ms=1.09587 qdelay_c_ms=11.0758 ecn_mark=226 drop=0
[QUEUE_STATS] t_ms=1024 q_pkts=30 q_bytes=45120 qdelay_l_ms=1.07753 qdelay_c_ms=11.9694 ecn_mark=226 drop=0
[QUEUE_STATS] t_ms=1040 q_pkts=32 q_bytes=48128 qdelay_l_ms=0.939827 qdelay_c_ms=11.9254 ecn_mark=226 drop=0
[QUEUE_STATS] t_ms=1056 q_pkts=32 q_bytes=48128 qdelay_l_ms=1.0639 qdelay_c_ms=14.1329 ecn_mark=226 drop=0
[QUEUE_STATS] t_ms=1072 q_pkts=35 q_bytes=52640 qdelay_l_ms=0.940939 qdelay_c_ms=14.7616 ecn_mark=226 drop=0
[QUEUE_STATS] t_ms=1088 q_pkts=38 q_bytes=57152 qdelay_l_ms=0.919087 qdelay_c_ms=13.9692 ecn_mark=226 drop=0
[QUEUE_STATS] t_ms=1104 q_pkts=41 q_bytes=61664 qdelay_l_ms=1.07074 qdelay_c_ms=17.401 ecn_mark=226 drop=0
[QUEUE_STATS] t_ms=1120 q_pkts=41 q_bytes=61664 qdelay_l_ms=0.902366 qdelay_c_ms=17.8085 ecn_mark=226 drop=0
[QUEUE_STATS] t_ms=1136 q_pkts=43 q_bytes=64672 qdelay_l_ms=0.938534 qdelay_c_ms=16.7664 ecn_mark=226 drop=0
[QUEUE_STATS] t_ms=1152 q_pkts=47 q_bytes=70688 qdelay_l_ms=0.712028 qdelay_c_ms=21.2521 ecn_mark=226 drop=0
[QUEUE_STATS] t_ms=1168 q_pkts=48 q_bytes=72192 qdelay_l_ms=0.921161 qdelay_c_ms=19.6937 ecn_mark=226 drop=0
[QUEUE_STATS] t_ms=1184 q_pkts=50 q_bytes=75200 qdelay_l_ms=0.897908 qdelay_c_ms=20.9927 ecn_mark=226 drop=0
[QUEUE_STATS] t_ms=1200 q_pkts=50 q_bytes=75200 qdelay_l_ms=0.920781 qdelay_c_ms=23.8038 ecn_mark=226 drop=0
[QUEUE_STATS] t_ms=1216 q_pkts=55 q_bytes=82720 qdelay_l_ms=1.09899 qdelay_c_ms=21.3741 ecn_mark=226 drop=0
[QUEUE_STATS] t_ms=1232 q_pkts=57 q_bytes=85728 qdelay_l_ms=1.04486 qdelay_c_ms=25.2195 ecn_mark=226 drop=0
[QUEUE_STATS] t_ms=1248 q_pkts=58 q_bytes=87232 qdelay_l_ms=1.06564 qdelay_c_ms=26.8903 ecn_mark=226 drop=0
[QUEUE_STATS] t_ms=1264 q_pkts=61 q_bytes=91744 qdelay_l_ms=0.747545 qdelay_c_ms=26.0759 ecn_mark=226 drop=0
[QUEUE_STATS] t_ms=1281 q_pkts=62 q_bytes=93248 qdelay_l_ms=1.0906 qdelay_c_ms=28.3999 ecn_mark=226 drop=0
[QUEUE_STATS] t_ms=1296 q_pkts=65 q_bytes=97760 qdelay_l_ms=1.06683 qdelay_c_ms=28.9458 ecn_mark=226 drop=0
[QUEUE_STATS] t_ms=1312 q_pkts=66 q_bytes=99264 qdelay_l_ms=1.06066 qdelay_c_ms=28.9496 ecn_mark=226 drop=0
[QUEUE_STATS] t_ms=1328 q_pkts=69 q_bytes=103776 qdelay_l_ms=0.873502 qdelay_c_ms=31.0389 ecn_mark=226 drop=0
[QUEUE_STATS] t_ms=1344 q_pkts=71 q_bytes=106784 qdelay_l_ms=0.657726 qdelay_c_ms=30.0971 ecn_mark=226 drop=0
[QUEUE_STATS] t_ms=1360 q_pkts=73 q_bytes=109792 qdelay_l_ms=1.09759 qdelay_c_ms=32.008 ecn_mark=226 drop=0
[QUEUE_STATS] t_ms=1376 q_pkts=76 q_bytes=114304 qdelay_l_ms=0.873692 qdelay_c_ms=34.7665 ecn_mark=226 drop=0
[QUEUE_STATS] t_ms=1392 q_pkts=77 q_bytes=115808 qdelay_l_ms=0.85124 qdelay_c_ms=34.6875 ecn_mark=226 drop=0
[QUEUE_STATS] t_ms=1408 q_pkts=79 q_bytes=118816 qdelay_l_ms=1.06565 qdelay_c_ms=37.4459 ecn_mark=226 drop=0
[QUEUE_STATS] t_ms=1424 q_pkts=81 q_bytes=121824 qdelay_l_ms=1.07257 qdelay_c_ms=38.8886 ecn_mark=226 drop=0
[QUEUE_STATS] t_ms=1440 q_pkts=83 q_bytes=124832 qdelay_l_ms=0.8676 qdelay_c_ms=37.9336 ecn_mark=226 drop=0
[QUEUE_STATS] t_ms=1456 q_pkts=84 q_bytes=126336 qdelay_l_ms=1.08208 qdelay_c_ms=39.1857 ecn_mark=226 drop=0
[QUEUE_STATS] t_ms=1472 q_pkts=89 q_bytes=133856 qdelay_l_ms=0.988568 qdelay_c_ms=40.8928 ecn_mark=226 drop=0
[QUEUE_STATS] t_ms=1488 q_pkts=89 q_bytes=133856 qdelay_l_ms=0.653098 qdelay_c_ms=40.9317 ecn_mark=226 drop=0
[QUEUE_STATS] t_ms=1504 q_pkts=91 q_bytes=136864 qdelay_l_ms=0.985542 qdelay_c_ms=41.8855 ecn_mark=226 drop=0
[QUEUE_STATS] t_ms=1520 q_pkts=94 q_bytes=141376 qdelay_l_ms=1.11327 qdelay_c_ms=42.9817 ecn_mark=226 drop=0
[QUEUE_STATS] t_ms=1537 q_pkts=95 q_bytes=142880 qdelay_l_ms=1.06594 qdelay_c_ms=45.472 ecn_mark=226 drop=0
[QUEUE_STATS] t_ms=1552 q_pkts=97 q_bytes=145888 qdelay_l_ms=1.07055 qdelay_c_ms=45.9638 ecn_mark=226 drop=0
[QUEUE_STATS] t_ms=1568 q_pkts=96 q_bytes=144384 qdelay_l_ms=1.07261 qdelay_c_ms=46.8867 ecn_mark=226 drop=0
[QUEUE_STATS] t_ms=1584 q_pkts=98 q_bytes=147392 qdelay_l_ms=0.948492 qdelay_c_ms=47.203 ecn_mark=226 drop=0
[QUEUE_STATS] t_ms=1600 q_pkts=104 q_bytes=156416 qdelay_l_ms=0.913777 qdelay_c_ms=47.9305 ecn_mark=226 drop=0
[QUEUE_STATS] t_ms=1616 q_pkts=104 q_bytes=156416 qdelay_l_ms=1.10943 qdelay_c_ms=49.9902 ecn_mark=226 drop=0
[QUEUE_STATS] t_ms=1632 q_pkts=107 q_bytes=160928 qdelay_l_ms=0.898649 qdelay_c_ms=51.3264 ecn_mark=226 drop=0
[QUEUE_STATS] t_ms=1648 q_pkts=108 q_bytes=162432 qdelay_l_ms=0.821624 qdelay_c_ms=50.7069 ecn_mark=226 drop=0
[QUEUE_STATS] t_ms=1664 q_pkts=111 q_bytes=166944 qdelay_l_ms=1.07775 qdelay_c_ms=55.3015 ecn_mark=226 drop=0
[QUEUE_STATS] t_ms=1680 q_pkts=112 q_bytes=168448 qdelay_l_ms=1.09512 qdelay_c_ms=55.8293 ecn_mark=226 drop=0
[QUEUE_STATS] t_ms=1696 q_pkts=115 q_bytes=172960 qdelay_l_ms=1.06947 qdelay_c_ms=56.1826 ecn_mark=226 drop=0
[QUEUE_STATS] t_ms=1712 q_pkts=116 q_bytes=174464 qdelay_l_ms=0.862972 qdelay_c_ms=59.9607 ecn_mark=226 drop=0
[QUEUE_STATS] t_ms=1728 q_pkts=119 q_bytes=178976 qdelay_l_ms=1.07019 qdelay_c_ms=59.1177 ecn_mark=226 drop=0
[QUEUE_STATS] t_ms=1744 q_pkts=119 q_bytes=178976 qdelay_l_ms=1.0799 qdelay_c_ms=61.1723 ecn_mark=226 drop=0
[QUEUE_STATS] t_ms=1760 q_pkts=121 q_bytes=181984 qdelay_l_ms=0.850488 qdelay_c_ms=62.967 ecn_mark=226 drop=0
[QUEUE_STATS] t_ms=1776 q_pkts=122 q_bytes=183488 qdelay_l_ms=1.06641 qdelay_c_ms=62.2449 ecn_mark=226 drop=0
[QUEUE_STATS] t_ms=1792 q_pkts=125 q_bytes=188000 qdelay_l_ms=1.05289 qdelay_c_ms=66.2951 ecn_mark=226 drop=0
[QUEUE_STATS] t_ms=1808 q_pkts=129 q_bytes=194016 qdelay_l_ms=0.837223 qdelay_c_ms=65.8443 ecn_mark=226 drop=0
[QUEUE_STATS] t_ms=1824 q_pkts=128 q_bytes=192512 qdelay_l_ms=0.939386 qdelay_c_ms=66.0373 ecn_mark=226 drop=0
[QUEUE_STATS] t_ms=1840 q_pkts=131 q_bytes=197024 qdelay_l_ms=0.822886 qdelay_c_ms=68.7094 ecn_mark=226 drop=0
[QUEUE_STATS] t_ms=1856 q_pkts=131 q_bytes=197024 qdelay_l_ms=1.05869 qdelay_c_ms=68.8469 ecn_mark=226 drop=0
[QUEUE_STATS] t_ms=1872 q_pkts=133 q_bytes=200032 qdelay_l_ms=0.759487 qdelay_c_ms=69.8731 ecn_mark=226 drop=0
[QUEUE_STATS] t_ms=1888 q_pkts=135 q_bytes=203040 qdelay_l_ms=0.779535 qdelay_c_ms=72.8612 ecn_mark=226 drop=0
[QUEUE_STATS] t_ms=1904 q_pkts=137 q_bytes=206048 qdelay_l_ms=1.07187 qdelay_c_ms=71.9233 ecn_mark=226 drop=0
[QUEUE_STATS] t_ms=1920 q_pkts=139 q_bytes=209056 qdelay_l_ms=1.04583 qdelay_c_ms=74.1336 ecn_mark=226 drop=0
[QUEUE_STATS] t_ms=1936 q_pkts=139 q_bytes=209056 qdelay_l_ms=0.866999 qdelay_c_ms=75.7232 ecn_mark=226 drop=0
[QUEUE_STATS] t_ms=1952 q_pkts=142 q_bytes=213568 qdelay_l_ms=0.858062 qdelay_c_ms=74.6077 ecn_mark=226 drop=0
[QUEUE_STATS] t_ms=1968 q_pkts=144 q_bytes=216576 qdelay_l_ms=0.573478 qdelay_c_ms=77.0779 ecn_mark=226 drop=0
[QUEUE_STATS] t_ms=1984 q_pkts=146 q_bytes=219584 qdelay_l_ms=0.790375 qdelay_c_ms=78.8367 ecn_mark=226 drop=0
[QUEUE_STATS] t_ms=2000 q_pkts=148 q_bytes=222592 qdelay_l_ms=1.07476 qdelay_c_ms=79.922 ecn_mark=226 drop=0
[QUEUE_STATS] t_ms=2016 q_pkts=149 q_bytes=224096 qdelay_l_ms=1.09108 qdelay_c_ms=82.0094 ecn_mark=226 drop=0
[QUEUE_STATS] t_ms=2032 q_pkts=152 q_bytes=228608 qdelay_l_ms=1.09621 qdelay_c_ms=81.8846 ecn_mark=226 drop=0
[QUEUE_STATS] t_ms=2048 q_pkts=153 q_bytes=230112 qdelay_l_ms=1.06758 qdelay_c_ms=83.9746 ecn_mark=226 drop=0
[QUEUE_STATS] t_ms=2064 q_pkts=154 q_bytes=231616 qdelay_l_ms=1.08878 qdelay_c_ms=86.1399 ecn_mark=226 drop=0
[QUEUE_STATS] t_ms=2080 q_pkts=156 q_bytes=234624 qdelay_l_ms=1.08136 qdelay_c_ms=88.2766 ecn_mark=226 drop=0
[QUEUE_STATS] t_ms=2096 q_pkts=158 q_bytes=237632 qdelay_l_ms=1.09376 qdelay_c_ms=89.2525 ecn_mark=226 drop=0
[QUEUE_STATS] t_ms=2112 q_pkts=159 q_bytes=239136 qdelay_l_ms=0.721235 qdelay_c_ms=90.0732 ecn_mark=226 drop=0
[QUEUE_STATS] t_ms=2128 q_pkts=162 q_bytes=243648 qdelay_l_ms=0.935198 qdelay_c_ms=92.9934 ecn_mark=226 drop=0
[QUEUE_STATS] t_ms=2144 q_pkts=163 q_bytes=245152 qdelay_l_ms=1.0804 qdelay_c_ms=93.8137 ecn_mark=227 drop=0
[QUEUE_STATS] t_ms=2160 q_pkts=166 q_bytes=249664 qdelay_l_ms=1.07534 qdelay_c_ms=93.9701 ecn_mark=227 drop=0
[QUEUE_STATS] t_ms=2176 q_pkts=161 q_bytes=242144 qdelay_l_ms=1.09577 qdelay_c_ms=92.8733 ecn_mark=227 drop=0
[QUEUE_STATS] t_ms=2192 q_pkts=164 q_bytes=246656 qdelay_l_ms=1.06895 qdelay_c_ms=95.9111 ecn_mark=227 drop=0
[QUEUE_STATS] t_ms=2208 q_pkts=165 q_bytes=248160 qdelay_l_ms=1.08281 qdelay_c_ms=96.7948 ecn_mark=227 drop=0
[QUEUE_STATS] t_ms=2224 q_pkts=166 q_bytes=249664 qdelay_l_ms=1.09298 qdelay_c_ms=95.2792 ecn_mark=227 drop=0
[QUEUE_STATS] t_ms=2240 q_pkts=168 q_bytes=252672 qdelay_l_ms=0.627289 qdelay_c_ms=94.9993 ecn_mark=227 drop=0
[QUEUE_STATS] t_ms=2256 q_pkts=170 q_bytes=255680 qdelay_l_ms=1.10629 qdelay_c_ms=99.1116 ecn_mark=227 drop=0
[QUEUE_STATS] t_ms=2272 q_pkts=173 q_bytes=260192 qdelay_l_ms=1.07698 qdelay_c_ms=97.1669 ecn_mark=227 drop=0
[QUEUE_STATS] t_ms=2288 q_pkts=174 q_bytes=261696 qdelay_l_ms=1.0886 qdelay_c_ms=99.1833 ecn_mark=227 drop=0
[QUEUE_STATS] t_ms=2304 q_pkts=175 q_bytes=263200 qdelay_l_ms=0.756172 qdelay_c_ms=97.7803 ecn_mark=227 drop=0
[QUEUE_STATS] t_ms=2320 q_pkts=176 q_bytes=264704 qdelay_l_ms=1.05147 qdelay_c_ms=99.9576 ecn_mark=227 drop=0
[QUEUE_STATS] t_ms=2336 q_pkts=178 q_bytes=267712 qdelay_l_ms=1.10059 qdelay_c_ms=102.999 ecn_mark=227 drop=0
[QUEUE_STATS] t_ms=2352 q_pkts=181 q_bytes=272224 qdelay_l_ms=1.06293 qdelay_c_ms=101.961 ecn_mark=227 drop=0
[QUEUE_STATS] t_ms=2368 q_pkts=180 q_bytes=270720 qdelay_l_ms=0.562748 qdelay_c_ms=104.742 ecn_mark=227 drop=0
[QUEUE_STATS] t_ms=2384 q_pkts=184 q_bytes=276736 qdelay_l_ms=1.0915 qdelay_c_ms=106.829 ecn_mark=227 drop=0
[QUEUE_STATS] t_ms=2400 q_pkts=185 q_bytes=278240 qdelay_l_ms=0.725594 qdelay_c_ms=105.934 ecn_mark=227 drop=0
[QUEUE_STATS] t_ms=2416 q_pkts=186 q_bytes=279744 qdelay_l_ms=1.09652 qdelay_c_ms=110.296 ecn_mark=227 drop=0
[QUEUE_STATS] t_ms=2432 q_pkts=189 q_bytes=284256 qdelay_l_ms=1.05815 qdelay_c_ms=110.884 ecn_mark=227 drop=0
[QUEUE_STATS] t_ms=2448 q_pkts=187 q_bytes=281248 qdelay_l_ms=1.08147 qdelay_c_ms=109.907 ecn_mark=227 drop=0
[QUEUE_STATS] t_ms=2464 q_pkts=189 q_bytes=284256 qdelay_l_ms=0.722638 qdelay_c_ms=113.741 ecn_mark=227 drop=0
[QUEUE_STATS] t_ms=2480 q_pkts=195 q_bytes=293280 qdelay_l_ms=1.07912 qdelay_c_ms=117.098 ecn_mark=227 drop=0
[QUEUE_STATS] t_ms=2496 q_pkts=195 q_bytes=293280 qdelay_l_ms=0.653989 qdelay_c_ms=115.711 ecn_mark=227 drop=0
[QUEUE_STATS] t_ms=2512 q_pkts=194 q_bytes=291776 qdelay_l_ms=0.893579 qdelay_c_ms=119.028 ecn_mark=227 drop=0
[QUEUE_STATS] t_ms=2528 q_pkts=198 q_bytes=297792 qdelay_l_ms=1.056 qdelay_c_ms=120.993 ecn_mark=227 drop=0
[QUEUE_STATS] t_ms=2544 q_pkts=199 q_bytes=299296 qdelay_l_ms=1.07092 qdelay_c_ms=119.822 ecn_mark=228 drop=0
[QUEUE_STATS] t_ms=2560 q_pkts=202 q_bytes=303808 qdelay_l_ms=0.887147 qdelay_c_ms=123.838 ecn_mark=228 drop=0
[QUEUE_STATS] t_ms=2576 q_pkts=204 q_bytes=306816 qdelay_l_ms=1.08522 qdelay_c_ms=125.13 ecn_mark=228 drop=0
[QUEUE_STATS] t_ms=2592 q_pkts=200 q_bytes=300800 qdelay_l_ms=1.07852 qdelay_c_ms=123.892 ecn_mark=228 drop=0
[QUEUE_STATS] t_ms=2608 q_pkts=203 q_bytes=305312 qdelay_l_ms=0.519827 qdelay_c_ms=127.825 ecn_mark=228 drop=0
[QUEUE_STATS] t_ms=2624 q_pkts=205 q_bytes=308320 qdelay_l_ms=1.07866 qdelay_c_ms=128.974 ecn_mark=229 drop=0
[QUEUE_STATS] t_ms=2640 q_pkts=205 q_bytes=308320 qdelay_l_ms=1.06447 qdelay_c_ms=127.974 ecn_mark=229 drop=0
[QUEUE_STATS] t_ms=2656 q_pkts=208 q_bytes=312832 qdelay_l_ms=1.08125 qdelay_c_ms=130.114 ecn_mark=229 drop=0
[QUEUE_STATS] t_ms=2672 q_pkts=207 q_bytes=311328 qdelay_l_ms=0.695848 qdelay_c_ms=128.829 ecn_mark=229 drop=0
[QUEUE_STATS] t_ms=2688 q_pkts=208 q_bytes=312832 qdelay_l_ms=0.548801 qdelay_c_ms=130.032 ecn_mark=229 drop=0
[QUEUE_STATS] t_ms=2704 q_pkts=208 q_bytes=312832 qdelay_l_ms=1.07436 qdelay_c_ms=132.17 ecn_mark=230 drop=0
[QUEUE_STATS] t_ms=2720 q_pkts=213 q_bytes=320352 qdelay_l_ms=1.07184 qdelay_c_ms=129.862 ecn_mark=230 drop=0
[QUEUE_STATS] t_ms=2736 q_pkts=212 q_bytes=318848 qdelay_l_ms=0.580461 qdelay_c_ms=130.781 ecn_mark=230 drop=0
[QUEUE_STATS] t_ms=2752 q_pkts=212 q_bytes=318848 qdelay_l_ms=1.08525 qdelay_c_ms=131.176 ecn_mark=232 drop=0
[QUEUE_STATS] t_ms=2768 q_pkts=216 q_bytes=324864 qdelay_l_ms=0.721726 qdelay_c_ms=132.711 ecn_mark=232 drop=0
[QUEUE_STATS] t_ms=2784 q_pkts=214 q_bytes=321856 qdelay_l_ms=1.09144 qdelay_c_ms=131.762 ecn_mark=233 drop=0
[QUEUE_STATS] t_ms=2800 q_pkts=217 q_bytes=326368 qdelay_l_ms=1.0768 qdelay_c_ms=133.1 ecn_mark=233 drop=0
[QUEUE_STATS] t_ms=2816 q_pkts=220 q_bytes=330880 qdelay_l_ms=1.09565 qdelay_c_ms=132.116 ecn_mark=233 drop=0
[QUEUE_STATS] t_ms=2832 q_pkts=218 q_bytes=327872 qdelay_l_ms=1.09427 qdelay_c_ms=132.848 ecn_mark=233 drop=0
[QUEUE_STATS] t_ms=2848 q_pkts=220 q_bytes=330880 qdelay_l_ms=1.09176 qdelay_c_ms=133.999 ecn_mark=234 drop=0
[QUEUE_STATS] t_ms=2864 q_pkts=223 q_bytes=332472 qdelay_l_ms=1.10338 qdelay_c_ms=137.135 ecn_mark=234 drop=0
[QUEUE_STATS] t_ms=2880 q_pkts=225 q_bytes=335480 qdelay_l_ms=1.08982 qdelay_c_ms=135.22 ecn_mark=234 drop=0
[QUEUE_STATS] t_ms=2896 q_pkts=226 q_bytes=336984 qdelay_l_ms=1.08762 qdelay_c_ms=134.894 ecn_mark=235 drop=0
[QUEUE_STATS] t_ms=2912 q_pkts=227 q_bytes=338488 qdelay_l_ms=1.08937 qdelay_c_ms=135.98 ecn_mark=235 drop=0
[QUEUE_STATS] t_ms=2928 q_pkts=229 q_bytes=341496 qdelay_l_ms=1.04946 qdelay_c_ms=136.973 ecn_mark=235 drop=0
[QUEUE_STATS] t_ms=2944 q_pkts=230 q_bytes=343000 qdelay_l_ms=1.0809 qdelay_c_ms=139.101 ecn_mark=236 drop=0
[QUEUE_STATS] t_ms=2960 q_pkts=232 q_bytes=346008 qdelay_l_ms=1.07112 qdelay_c_ms=139.089 ecn_mark=237 drop=0
[QUEUE_STATS] t_ms=2976 q_pkts=232 q_bytes=346008 qdelay_l_ms=0.722999 qdelay_c_ms=138.995 ecn_mark=237 drop=0
[QUEUE_STATS] t_ms=2992 q_pkts=233 q_bytes=347512 qdelay_l_ms=1.10091 qdelay_c_ms=140.945 ecn_mark=240 drop=0
[QUEUE_STATS] t_ms=3008 q_pkts=229 q_bytes=344416 qdelay_l_ms=1.07016 qdelay_c_ms=143.402 ecn_mark=241 drop=0
[QUEUE_STATS] t_ms=3024 q_pkts=221 q_bytes=332384 qdelay_l_ms=1.09716 qdelay_c_ms=142.757 ecn_mark=241 drop=0
[QUEUE_STATS] t_ms=3040 q_pkts=210 q_bytes=315840 qdelay_l_ms=1.08676 qdelay_c_ms=142.967 ecn_mark=241 drop=0
[QUEUE_STATS] t_ms=3056 q_pkts=206 q_bytes=309824 qdelay_l_ms=1.09903 qdelay_c_ms=145.017 ecn_mark=241 drop=0
[QUEUE_STATS] t_ms=3072 q_pkts=197 q_bytes=296288 qdelay_l_ms=1.0805 qdelay_c_ms=145.126 ecn_mark=242 drop=0
[QUEUE_STATS] t_ms=3088 q_pkts=191 q_bytes=287264 qdelay_l_ms=0.89913 qdelay_c_ms=146.855 ecn_mark=244 drop=0
[QUEUE_STATS] t_ms=3104 q_pkts=184 q_bytes=276736 qdelay_l_ms=1.03603 qdelay_c_ms=145.02 ecn_mark=245 drop=0
[QUEUE_STATS] t_ms=3120 q_pkts=175 q_bytes=263200 qdelay_l_ms=1.06533 qdelay_c_ms=149.318 ecn_mark=245 drop=0
[QUEUE_STATS] t_ms=3136 q_pkts=166 q_bytes=249664 qdelay_l_ms=1.08254 qdelay_c_ms=149.068 ecn_mark=246 drop=0
[QUEUE_STATS] t_ms=3152 q_pkts=162 q_bytes=243648 qdelay_l_ms=0.911163 qdelay_c_ms=145.128 ecn_mark=248 drop=0
[QUEUE_STATS] t_ms=3168 q_pkts=153 q_bytes=230112 qdelay_l_ms=1.09536 qdelay_c_ms=139.071 ecn_mark=248 drop=0
[QUEUE_STATS] t_ms=3184 q_pkts=146 q_bytes=219584 qdelay_l_ms=0.554201 qdelay_c_ms=131.795 ecn_mark=250 drop=0
[QUEUE_STATS] t_ms=3200 q_pkts=143 q_bytes=215072 qdelay_l_ms=0.913056 qdelay_c_ms=126.29 ecn_mark=250 drop=0
[QUEUE_STATS] t_ms=3216 q_pkts=143 q_bytes=215072 qdelay_l_ms=1.0912 qdelay_c_ms=118.315 ecn_mark=251 drop=0
[QUEUE_STATS] t_ms=3232 q_pkts=144 q_bytes=216576 qdelay_l_ms=1.10779 qdelay_c_ms=111.466 ecn_mark=252 drop=0
[QUEUE_STATS] t_ms=3248 q_pkts=144 q_bytes=216576 qdelay_l_ms=1.07888 qdelay_c_ms=104.663 ecn_mark=252 drop=0
[QUEUE_STATS] t_ms=3264 q_pkts=146 q_bytes=219584 qdelay_l_ms=1.08529 qdelay_c_ms=98.2044 ecn_mark=253 drop=0
[QUEUE_STATS] t_ms=3280 q_pkts=145 q_bytes=218080 qdelay_l_ms=0.568358 qdelay_c_ms=90.4862 ecn_mark=254 drop=0
[QUEUE_STATS] t_ms=3296 q_pkts=146 q_bytes=219584 qdelay_l_ms=1.07116 qdelay_c_ms=91.1172 ecn_mark=254 drop=0
[QUEUE_STATS] t_ms=3312 q_pkts=145 q_bytes=218080 qdelay_l_ms=1.08137 qdelay_c_ms=91.1108 ecn_mark=255 drop=0
[QUEUE_STATS] t_ms=3328 q_pkts=146 q_bytes=219584 qdelay_l_ms=1.0935 qdelay_c_ms=91.1225 ecn_mark=256 drop=0
[QUEUE_STATS] t_ms=3344 q_pkts=146 q_bytes=219584 qdelay_l_ms=1.08694 qdelay_c_ms=90.9435 ecn_mark=256 drop=0
[QUEUE_STATS] t_ms=3360 q_pkts=148 q_bytes=222592 qdelay_l_ms=0.720544 qdelay_c_ms=91.7634 ecn_mark=256 drop=0
[QUEUE_STATS] t_ms=3376 q_pkts=147 q_bytes=221088 qdelay_l_ms=1.08314 qdelay_c_ms=91.894 ecn_mark=257 drop=0
[QUEUE_STATS] t_ms=3392 q_pkts=151 q_bytes=227104 qdelay_l_ms=1.07037 qdelay_c_ms=93.9324 ecn_mark=257 drop=0
[QUEUE_STATS] t_ms=3408 q_pkts=150 q_bytes=225600 qdelay_l_ms=0.725474 qdelay_c_ms=91.7628 ecn_mark=257 drop=0
[QUEUE_STATS] t_ms=3424 q_pkts=148 q_bytes=222592 qdelay_l_ms=1.08483 qdelay_c_ms=92.9036 ecn_mark=259 drop=0
[QUEUE_STATS] t_ms=3440 q_pkts=152 q_bytes=228608 qdelay_l_ms=1.1063 qdelay_c_ms=94.3391 ecn_mark=260 drop=0
[QUEUE_STATS] t_ms=3456 q_pkts=152 q_bytes=228608 qdelay_l_ms=1.10152 qdelay_c_ms=95.0421 ecn_mark=261 drop=0
[QUEUE_STATS] t_ms=3472 q_pkts=149 q_bytes=224096 qdelay_l_ms=1.09157 qdelay_c_ms=92.948 ecn_mark=261 drop=0
[QUEUE_STATS] t_ms=3488 q_pkts=153 q_bytes=230112 qdelay_l_ms=1.09263 qdelay_c_ms=95.292 ecn_mark=263 drop=0
[QUEUE_STATS] t_ms=3504 q_pkts=152 q_bytes=228608 qdelay_l_ms=1.08909 qdelay_c_ms=94.9477 ecn_mark=263 drop=0
[QUEUE_STATS] t_ms=3520 q_pkts=155 q_bytes=233120 qdelay_l_ms=0.696309 qdelay_c_ms=93.7581 ecn_mark=264 drop=0
[QUEUE_STATS] t_ms=3536 q_pkts=154 q_bytes=231616 qdelay_l_ms=1.07661 qdelay_c_ms=95.1074 ecn_mark=265 drop=0
[QUEUE_STATS] t_ms=3552 q_pkts=155 q_bytes=233120 qdelay_l_ms=1.09769 qdelay_c_ms=97.0027 ecn_mark=266 drop=0
[QUEUE_STATS] t_ms=3568 q_pkts=155 q_bytes=233120 qdelay_l_ms=1.10246 qdelay_c_ms=96.1938 ecn_mark=267 drop=0
[QUEUE_STATS] t_ms=3584 q_pkts=154 q_bytes=231616 qdelay_l_ms=1.0896 qdelay_c_ms=95.7732 ecn_mark=268 drop=0
[QUEUE_STATS] t_ms=3600 q_pkts=155 q_bytes=233120 qdelay_l_ms=1.10028 qdelay_c_ms=98.1798 ecn_mark=269 drop=0
[QUEUE_STATS] t_ms=3616 q_pkts=157 q_bytes=236128 qdelay_l_ms=1.07217 qdelay_c_ms=98.2168 ecn_mark=270 drop=0
[QUEUE_STATS] t_ms=3632 q_pkts=158 q_bytes=237632 qdelay_l_ms=1.09782 qdelay_c_ms=97.1073 ecn_mark=270 drop=0
[QUEUE_STATS] t_ms=3648 q_pkts=158 q_bytes=237632 qdelay_l_ms=0.947722 qdelay_c_ms=97.7912 ecn_mark=270 drop=0
[QUEUE_STATS] t_ms=3664 q_pkts=161 q_bytes=242144 qdelay_l_ms=0.89959 qdelay_c_ms=97.9496 ecn_mark=270 drop=0
[QUEUE_STATS] t_ms=3680 q_pkts=160 q_bytes=240640 qdelay_l_ms=1.07615 qdelay_c_ms=99.0269 ecn_mark=271 drop=0
[QUEUE_STATS] t_ms=3696 q_pkts=160 q_bytes=240640 qdelay_l_ms=0.933605 qdelay_c_ms=97.9467 ecn_mark=271 drop=0
[QUEUE_STATS] t_ms=3712 q_pkts=161 q_bytes=242144 qdelay_l_ms=0.663477 qdelay_c_ms=99.8885 ecn_mark=272 drop=0
[QUEUE_STATS] t_ms=3728 q_pkts=162 q_bytes=243648 qdelay_l_ms=0.722658 qdelay_c_ms=98.7395 ecn_mark=273 drop=0
[QUEUE_STATS] t_ms=3744 q_pkts=161 q_bytes=242144 qdelay_l_ms=1.08164 qdelay_c_ms=101.758 ecn_mark=274 drop=0
[QUEUE_STATS] t_ms=3760 q_pkts=161 q_bytes=242144 qdelay_l_ms=1.08553 qdelay_c_ms=98.8672 ecn_mark=274 drop=0
[QUEUE_STATS] t_ms=3776 q_pkts=164 q_bytes=246656 qdelay_l_ms=1.0751 qdelay_c_ms=102.993 ecn_mark=274 drop=0
[QUEUE_STATS] t_ms=3792 q_pkts=164 q_bytes=246656 qdelay_l_ms=1.07083 qdelay_c_ms=103.737 ecn_mark=275 drop=0
[QUEUE_STATS] t_ms=3808 q_pkts=165 q_bytes=248160 qdelay_l_ms=0.721306 qdelay_c_ms=101.008 ecn_mark=276 drop=0
[QUEUE_STATS] t_ms=3824 q_pkts=166 q_bytes=249664 qdelay_l_ms=1.09929 qdelay_c_ms=105.937 ecn_mark=276 drop=0
[QUEUE_STATS] t_ms=3840 q_pkts=166 q_bytes=249664 qdelay_l_ms=0.691961 qdelay_c_ms=104.713 ecn_mark=276 drop=0
[QUEUE_STATS] t_ms=3856 q_pkts=166 q_bytes=249664 qdelay_l_ms=0.719632 qdelay_c_ms=103.013 ecn_mark=276 drop=0
[QUEUE_STATS] t_ms=3872 q_pkts=168 q_bytes=252672 qdelay_l_ms=1.10109 qdelay_c_ms=106.921 ecn_mark=276 drop=0
[QUEUE_STATS] t_ms=3888 q_pkts=168 q_bytes=252672 qdelay_l_ms=0.687672 qdelay_c_ms=103.868 ecn_mark=276 drop=0
[QUEUE_STATS] t_ms=3904 q_pkts=167 q_bytes=251168 qdelay_l_ms=1.10312 qdelay_c_ms=106.037 ecn_mark=277 drop=0
[QUEUE_STATS] t_ms=3920 q_pkts=171 q_bytes=257184 qdelay_l_ms=1.0863 qdelay_c_ms=110.069 ecn_mark=278 drop=0
[QUEUE_STATS] t_ms=3936 q_pkts=170 q_bytes=255680 qdelay_l_ms=0.636687 qdelay_c_ms=104.69 ecn_mark=279 drop=0
[QUEUE_STATS] t_ms=3952 q_pkts=172 q_bytes=258688 qdelay_l_ms=0.543561 qdelay_c_ms=110.035 ecn_mark=279 drop=0
[QUEUE_STATS] t_ms=3968 q_pkts=172 q_bytes=258688 qdelay_l_ms=0.712088 qdelay_c_ms=111.976 ecn_mark=279 drop=0
[QUEUE_STATS] t_ms=3984 q_pkts=171 q_bytes=257184 qdelay_l_ms=1.0653 qdelay_c_ms=106.108 ecn_mark=279 drop=0
[QUEUE_STATS] t_ms=4000 q_pkts=172 q_bytes=258688 qdelay_l_ms=1.0841 qdelay_c_ms=112.528 ecn_mark=279 drop=0
[QUEUE_STATS] t_ms=4016 q_pkts=174 q_bytes=261696 qdelay_l_ms=1.02659 qdelay_c_ms=111.938 ecn_mark=279 drop=0
[QUEUE_STATS] t_ms=4032 q_pkts=174 q_bytes=261696 qdelay_l_ms=1.05737 qdelay_c_ms=108.869 ecn_mark=281 drop=0
[QUEUE_STATS] t_ms=4048 q_pkts=175 q_bytes=263200 qdelay_l_ms=1.05605 qdelay_c_ms=113.935 ecn_mark=282 drop=0
[QUEUE_STATS] t_ms=4064 q_pkts=176 q_bytes=264704 qdelay_l_ms=0.956067 qdelay_c_ms=112.561 ecn_mark=282 drop=0
[QUEUE_STATS] t_ms=4080 q_pkts=176 q_bytes=264704 qdelay_l_ms=0.596922 qdelay_c_ms=111.95 ecn_mark=282 drop=0
[QUEUE_STATS] t_ms=4096 q_pkts=178 q_bytes=267712 qdelay_l_ms=1.04281 qdelay_c_ms=116.758 ecn_mark=283 drop=0
[QUEUE_STATS] t_ms=4112 q_pkts=176 q_bytes=264704 qdelay_l_ms=1.05214 qdelay_c_ms=113.749 ecn_mark=283 drop=0
[QUEUE_STATS] t_ms=4128 q_pkts=178 q_bytes=267712 qdelay_l_ms=1.09763 qdelay_c_ms=115.31 ecn_mark=284 drop=0
[QUEUE_STATS] t_ms=4144 q_pkts=178 q_bytes=266260 qdelay_l_ms=1.03704 qdelay_c_ms=119.724 ecn_mark=285 drop=0
[QUEUE_STATS] t_ms=4160 q_pkts=181 q_bytes=270772 qdelay_l_ms=1.11161 qdelay_c_ms=115.396 ecn_mark=286 drop=0
[QUEUE_STATS] t_ms=4176 q_pkts=180 q_bytes=269268 qdelay_l_ms=0.87798 qdelay_c_ms=117.982 ecn_mark=287 drop=0
[QUEUE_STATS] t_ms=4192 q_pkts=183 q_bytes=273780 qdelay_l_ms=1.04735 qdelay_c_ms=119.891 ecn_mark=288 drop=0
[QUEUE_STATS] t_ms=4208 q_pkts=182 q_bytes=272276 qdelay_l_ms=1.04198 qdelay_c_ms=117.111 ecn_mark=288 drop=0
[QUEUE_STATS] t_ms=4224 q_pkts=184 q_bytes=275284 qdelay_l_ms=1.01272 qdelay_c_ms=120.094 ecn_mark=290 drop=0
[QUEUE_STATS] t_ms=4240 q_pkts=185 q_bytes=276788 qdelay_l_ms=1.10043 qdelay_c_ms=120.992 ecn_mark=290 drop=0
[QUEUE_STATS] t_ms=4256 q_pkts=186 q_bytes=278292 qdelay_l_ms=1.04007 qdelay_c_ms=121.255 ecn_mark=290 drop=0
[QUEUE_STATS] t_ms=4272 q_pkts=183 q_bytes=275232 qdelay_l_ms=1.03949 qdelay_c_ms=123.047 ecn_mark=291 drop=0
[QUEUE_STATS] t_ms=4288 q_pkts=186 q_bytes=279744 qdelay_l_ms=1.0479 qdelay_c_ms=125.156 ecn_mark=291 drop=0
[QUEUE_STATS] t_ms=4304 q_pkts=183 q_bytes=275232 qdelay_l_ms=1.03475 qdelay_c_ms=120.828 ecn_mark=291 drop=0
[QUEUE_STATS] t_ms=4320 q_pkts=185 q_bytes=278240 qdelay_l_ms=1.0393 qdelay_c_ms=126.68 ecn_mark=292 drop=0
[QUEUE_STATS] t_ms=4336 q_pkts=187 q_bytes=281248 qdelay_l_ms=0.555023 qdelay_c_ms=126.989 ecn_mark=292 drop=0
[QUEUE_STATS] t_ms=4352 q_pkts=188 q_bytes=282752 qdelay_l_ms=1.10111 qdelay_c_ms=125.956 ecn_mark=292 drop=0
[QUEUE_STATS] t_ms=4368 q_pkts=187 q_bytes=281248 qdelay_l_ms=1.03951 qdelay_c_ms=128.971 ecn_mark=292 drop=0
[QUEUE_STATS] t_ms=4384 q_pkts=188 q_bytes=282752 qdelay_l_ms=0.688143 qdelay_c_ms=127.698 ecn_mark=293 drop=0
[QUEUE_STATS] t_ms=4400 q_pkts=191 q_bytes=287264 qdelay_l_ms=1.09164 qdelay_c_ms=127.256 ecn_mark=293 drop=0
[QUEUE_STATS] t_ms=4416 q_pkts=190 q_bytes=285760 qdelay_l_ms=1.03677 qdelay_c_ms=131.106 ecn_mark=293 drop=0
[QUEUE_STATS] t_ms=4432 q_pkts=190 q_bytes=285760 qdelay_l_ms=1.09569 qdelay_c_ms=128.251 ecn_mark=293 drop=0
[QUEUE_STATS] t_ms=4448 q_pkts=191 q_bytes=287264 qdelay_l_ms=1.03018 qdelay_c_ms=129.24 ecn_mark=295 drop=0
[QUEUE_STATS] t_ms=4464 q_pkts=191 q_bytes=287264 qdelay_l_ms=0.576233 qdelay_c_ms=129.45 ecn_mark=296 drop=0
[QUEUE_STATS] t_ms=4480 q_pkts=193 q_bytes=290272 qdelay_l_ms=1.03029 qdelay_c_ms=131.759 ecn_mark=296 drop=0
[QUEUE_STATS] t_ms=4496 q_pkts=193 q_bytes=290272 qdelay_l_ms=0.547339 qdelay_c_ms=132.845 ecn_mark=296 drop=0
[QUEUE_STATS] t_ms=4512 q_pkts=192 q_bytes=288768 qdelay_l_ms=0.886747 qdelay_c_ms=132.767 ecn_mark=297 drop=0
[QUEUE_STATS] t_ms=4528 q_pkts=196 q_bytes=294784 qdelay_l_ms=1.09823 qdelay_c_ms=133.343 ecn_mark=297 drop=0
[QUEUE_STATS] t_ms=4544 q_pkts=196 q_bytes=294784 qdelay_l_ms=1.02064 qdelay_c_ms=134.9 ecn_mark=297 drop=0
[QUEUE_STATS] t_ms=4560 q_pkts=197 q_bytes=296288 qdelay_l_ms=0.902647 qdelay_c_ms=135.142 ecn_mark=298 drop=0
[QUEUE_STATS] t_ms=4576 q_pkts=195 q_bytes=293280 qdelay_l_ms=1.00997 qdelay_c_ms=133.589 ecn_mark=299 drop=0
[QUEUE_STATS] t_ms=4592 q_pkts=197 q_bytes=296288 qdelay_l_ms=1.09507 qdelay_c_ms=137.019 ecn_mark=301 drop=0
[QUEUE_STATS] t_ms=4608 q_pkts=196 q_bytes=294784 qdelay_l_ms=0.853995 qdelay_c_ms=135.933 ecn_mark=301 drop=0
[QUEUE_STATS] t_ms=4624 q_pkts=197 q_bytes=296288 qdelay_l_ms=1.08722 qdelay_c_ms=139.052 ecn_mark=301 drop=0
[QUEUE_STATS] t_ms=4640 q_pkts=197 q_bytes=296288 qdelay_l_ms=1.09671 qdelay_c_ms=139.067 ecn_mark=303 drop=0
[QUEUE_STATS] t_ms=4656 q_pkts=198 q_bytes=297792 qdelay_l_ms=0.849446 qdelay_c_ms=140.148 ecn_mark=305 drop=0
[QUEUE_STATS] t_ms=4672 q_pkts=201 q_bytes=302304 qdelay_l_ms=1.08079 qdelay_c_ms=141.314 ecn_mark=307 drop=0
[QUEUE_STATS] t_ms=4688 q_pkts=200 q_bytes=300800 qdelay_l_ms=1.10142 qdelay_c_ms=142.147 ecn_mark=307 drop=0
[QUEUE_STATS] t_ms=4704 q_pkts=201 q_bytes=302304 qdelay_l_ms=0.998657 qdelay_c_ms=142.78 ecn_mark=307 drop=0
[QUEUE_STATS] t_ms=4720 q_pkts=201 q_bytes=302304 qdelay_l_ms=1.10208 qdelay_c_ms=142.787 ecn_mark=308 drop=0
[QUEUE_STATS] t_ms=4736 q_pkts=203 q_bytes=305312 qdelay_l_ms=1.00846 qdelay_c_ms=142.137 ecn_mark=308 drop=0
[QUEUE_STATS] t_ms=4752 q_pkts=201 q_bytes=302304 qdelay_l_ms=1.00591 qdelay_c_ms=147.01 ecn_mark=309 drop=0
[QUEUE_STATS] t_ms=4768 q_pkts=201 q_bytes=302304 qdelay_l_ms=0.870186 qdelay_c_ms=144.905 ecn_mark=309 drop=0
[QUEUE_STATS] t_ms=4784 q_pkts=204 q_bytes=306816 qdelay_l_ms=0.994709 qdelay_c_ms=143.778 ecn_mark=313 drop=0
[QUEUE_STATS] t_ms=4800 q_pkts=204 q_bytes=306816 qdelay_l_ms=0.999949 qdelay_c_ms=146.954 ecn_mark=314 drop=0
[QUEUE_STATS] t_ms=4816 q_pkts=203 q_bytes=305312 qdelay_l_ms=1.089 qdelay_c_ms=147.94 ecn_mark=315 drop=0
[QUEUE_STATS] t_ms=4832 q_pkts=205 q_bytes=308320 qdelay_l_ms=1.09766 qdelay_c_ms=145.919 ecn_mark=315 drop=0
[QUEUE_STATS] t_ms=4848 q_pkts=205 q_bytes=308320 qdelay_l_ms=0.588506 qdelay_c_ms=148.118 ecn_mark=315 drop=0
[QUEUE_STATS] t_ms=4864 q_pkts=206 q_bytes=309824 qdelay_l_ms=1.09363 qdelay_c_ms=149.25 ecn_mark=318 drop=0
[QUEUE_STATS] t_ms=4880 q_pkts=205 q_bytes=308320 qdelay_l_ms=0.979852 qdelay_c_ms=148.656 ecn_mark=319 drop=0
[QUEUE_STATS] t_ms=4896 q_pkts=205 q_bytes=308320 qdelay_l_ms=1.00282 qdelay_c_ms=151.913 ecn_mark=320 drop=0
[QUEUE_STATS] t_ms=4912 q_pkts=206 q_bytes=309824 qdelay_l_ms=0.990782 qdelay_c_ms=146.759 ecn_mark=320 drop=0
[QUEUE_STATS] t_ms=4928 q_pkts=206 q_bytes=309824 qdelay_l_ms=1.08279 qdelay_c_ms=151.721 ecn_mark=321 drop=0
[QUEUE_STATS] t_ms=4944 q_pkts=208 q_bytes=312832 qdelay_l_ms=0.988568 qdelay_c_ms=154.096 ecn_mark=321 drop=0
[QUEUE_STATS] t_ms=4960 q_pkts=206 q_bytes=309824 qdelay_l_ms=0.993458 qdelay_c_ms=149.927 ecn_mark=322 drop=0
[QUEUE_STATS] t_ms=4976 q_pkts=207 q_bytes=311328 qdelay_l_ms=1.07499 qdelay_c_ms=153.296 ecn_mark=323 drop=0
[QUEUE_STATS] t_ms=4992 q_pkts=209 q_bytes=314336 qdelay_l_ms=1.00415 qdelay_c_ms=155.766 ecn_mark=325 drop=0
[QUEUE_STATS] t_ms=5008 q_pkts=210 q_bytes=315840 qdelay_l_ms=0.991964 qdelay_c_ms=151.94 ecn_mark=325 drop=0
[QUEUE_STATS] t_ms=5024 q_pkts=207 q_bytes=311328 qdelay_l_ms=0.995371 qdelay_c_ms=154.829 ecn_mark=326 drop=0
[QUEUE_STATS] t_ms=5040 q_pkts=210 q_bytes=315840 qdelay_l_ms=0.98963 qdelay_c_ms=155.871 ecn_mark=328 drop=0
[QUEUE_STATS] t_ms=5056 q_pkts=209 q_bytes=314336 qdelay_l_ms=0.999609 qdelay_c_ms=151.107 ecn_mark=330 drop=0
[QUEUE_STATS] t_ms=5072 q_pkts=211 q_bytes=317344 qdelay_l_ms=0.838536 qdelay_c_ms=157.084 ecn_mark=331 drop=0
[QUEUE_STATS] t_ms=5088 q_pkts=210 q_bytes=315840 qdelay_l_ms=0.899881 qdelay_c_ms=154.652 ecn_mark=332 drop=0
[QUEUE_STATS] t_ms=5104 q_pkts=212 q_bytes=318848 qdelay_l_ms=0.993517 qdelay_c_ms=153.972 ecn_mark=332 drop=0
[QUEUE_STATS] t_ms=5120 q_pkts=211 q_bytes=317344 qdelay_l_ms=1.0778 qdelay_c_ms=159.226 ecn_mark=332 drop=0
[QUEUE_STATS] t_ms=5136 q_pkts=211 q_bytes=317344 qdelay_l_ms=0.989519 qdelay_c_ms=157.061 ecn_mark=334 drop=0
[QUEUE_STATS] t_ms=5152 q_pkts=210 q_bytes=315840 qdelay_l_ms=1.09136 qdelay_c_ms=157.068 ecn_mark=335 drop=0
[QUEUE_STATS] t_ms=5168 q_pkts=212 q_bytes=318848 qdelay_l_ms=0.990892 qdelay_c_ms=159.788 ecn_mark=336 drop=0
[QUEUE_STATS] t_ms=5184 q_pkts=213 q_bytes=320352 qdelay_l_ms=0.991714 qdelay_c_ms=155.027 ecn_mark=336 drop=0
[QUEUE_STATS] t_ms=5200 q_pkts=211 q_bytes=317344 qdelay_l_ms=0.988878 qdelay_c_ms=158.058 ecn_mark=336 drop=0
[QUEUE_STATS] t_ms=5216 q_pkts=214 q_bytes=321856 qdelay_l_ms=0.987205 qdelay_c_ms=160.804 ecn_mark=336 drop=0
[QUEUE_STATS] t_ms=5232 q_pkts=214 q_bytes=321856 qdelay_l_ms=0.980924 qdelay_c_ms=153.486 ecn_mark=338 drop=0
[QUEUE_STATS] t_ms=5248 q_pkts=215 q_bytes=323360 qdelay_l_ms=0.987336 qdelay_c_ms=158.723 ecn_mark=339 drop=0
[QUEUE_STATS] t_ms=5264 q_pkts=215 q_bytes=323360 qdelay_l_ms=0.988578 qdelay_c_ms=162.828 ecn_mark=341 drop=0
[QUEUE_STATS] t_ms=5280 q_pkts=214 q_bytes=321856 qdelay_l_ms=0.97942 qdelay_c_ms=155.872 ecn_mark=341 drop=0
[QUEUE_STATS] t_ms=5296 q_pkts=213 q_bytes=320352 qdelay_l_ms=1.08839 qdelay_c_ms=159.282 ecn_mark=344 drop=0
[QUEUE_STATS] t_ms=5312 q_pkts=218 q_bytes=327872 qdelay_l_ms=0.983498 qdelay_c_ms=163.039 ecn_mark=345 drop=0
[QUEUE_STATS] t_ms=5328 q_pkts=215 q_bytes=323360 qdelay_l_ms=0.982957 qdelay_c_ms=157.993 ecn_mark=346 drop=0
[QUEUE_STATS] t_ms=5344 q_pkts=215 q_bytes=323360 qdelay_l_ms=0.986985 qdelay_c_ms=161.98 ecn_mark=347 drop=0
[QUEUE_STATS] t_ms=5360 q_pkts=221 q_bytes=332384 qdelay_l_ms=1.0767 qdelay_c_ms=165.99 ecn_mark=350 drop=0
[QUEUE_STATS] t_ms=5376 q_pkts=218 q_bytes=327872 qdelay_l_ms=0.991673 qdelay_c_ms=161.073 ecn_mark=352 drop=0
[QUEUE_STATS] t_ms=5392 q_pkts=216 q_bytes=324864 qdelay_l_ms=1.07638 qdelay_c_ms=165.122 ecn_mark=353 drop=0
[QUEUE_STATS] t_ms=5408 q_pkts=220 q_bytes=330880 qdelay_l_ms=0.984461 qdelay_c_ms=164.699 ecn_mark=354 drop=0
[QUEUE_STATS] t_ms=5424 q_pkts=219 q_bytes=329376 qdelay_l_ms=0.984631 qdelay_c_ms=162.932 ecn_mark=356 drop=0
[QUEUE_STATS] t_ms=5440 q_pkts=217 q_bytes=326368 qdelay_l_ms=1.07356 qdelay_c_ms=168.276 ecn_mark=357 drop=0
[QUEUE_STATS] t_ms=5456 q_pkts=220 q_bytes=330880 qdelay_l_ms=1.10047 qdelay_c_ms=166.232 ecn_mark=358 drop=0
[QUEUE_STATS] t_ms=5472 q_pkts=219 q_bytes=329376 qdelay_l_ms=0.519537 qdelay_c_ms=161.776 ecn_mark=359 drop=0
[QUEUE_STATS] t_ms=5488 q_pkts=219 q_bytes=329376 qdelay_l_ms=1.08289 qdelay_c_ms=171.003 ecn_mark=360 drop=0
[QUEUE_STATS] t_ms=5504 q_pkts=222 q_bytes=333888 qdelay_l_ms=1.00044 qdelay_c_ms=166.808 ecn_mark=363 drop=0
[QUEUE_STATS] t_ms=5520 q_pkts=217 q_bytes=326368 qdelay_l_ms=1.08174 qdelay_c_ms=164.08 ecn_mark=364 drop=0
[QUEUE_STATS] t_ms=5536 q_pkts=220 q_bytes=330880 qdelay_l_ms=0.540145 qdelay_c_ms=167.739 ecn_mark=366 drop=0
[QUEUE_STATS] t_ms=5552 q_pkts=220 q_bytes=330880 qdelay_l_ms=0.995651 qdelay_c_ms=165.977 ecn_mark=367 drop=0
[QUEUE_STATS] t_ms=5568 q_pkts=220 q_bytes=330880 qdelay_l_ms=1.06921 qdelay_c_ms=165.969 ecn_mark=370 drop=0
[QUEUE_STATS] t_ms=5584 q_pkts=219 q_bytes=329376 qdelay_l_ms=1.07855 qdelay_c_ms=168.11 ecn_mark=372 drop=0
[QUEUE_STATS] t_ms=5600 q_pkts=220 q_bytes=330880 qdelay_l_ms=0.994168 qdelay_c_ms=163.93 ecn_mark=374 drop=0
[QUEUE_STATS] t_ms=5616 q_pkts=219 q_bytes=329376 qdelay_l_ms=0.996092 qdelay_c_ms=165.962 ecn_mark=377 drop=0
[QUEUE_STATS] t_ms=5632 q_pkts=221 q_bytes=332384 qdelay_l_ms=0.980242 qdelay_c_ms=166.935 ecn_mark=379 drop=0
[QUEUE_STATS] t_ms=5648 q_pkts=220 q_bytes=330880 qdelay_l_ms=0.863914 qdelay_c_ms=161.974 ecn_mark=380 drop=0
[QUEUE_STATS] t_ms=5664 q_pkts=221 q_bytes=332384 qdelay_l_ms=1.08241 qdelay_c_ms=164.288 ecn_mark=381 drop=0
[QUEUE_STATS] t_ms=5680 q_pkts=220 q_bytes=330880 qdelay_l_ms=0.850108 qdelay_c_ms=165.892 ecn_mark=383 drop=0
[QUEUE_STATS] t_ms=5696 q_pkts=222 q_bytes=333888 qdelay_l_ms=1.00745 qdelay_c_ms=162.881 ecn_mark=384 drop=0
[QUEUE_STATS] t_ms=5712 q_pkts=220 q_bytes=330880 qdelay_l_ms=1.0899 qdelay_c_ms=164.966 ecn_mark=386 drop=0
[QUEUE_STATS] t_ms=5728 q_pkts=220 q_bytes=330880 qdelay_l_ms=0.850458 qdelay_c_ms=167.951 ecn_mark=388 drop=0
[QUEUE_STATS] t_ms=5744 q_pkts=222 q_bytes=333888 qdelay_l_ms=1.00622 qdelay_c_ms=160.825 ecn_mark=390 drop=0
[QUEUE_STATS] t_ms=5760 q_pkts=220 q_bytes=330880 qdelay_l_ms=1.07217 qdelay_c_ms=164.336 ecn_mark=392 drop=0
[QUEUE_STATS] t_ms=5776 q_pkts=222 q_bytes=333888 qdelay_l_ms=0.912515 qdelay_c_ms=164.805 ecn_mark=392 drop=0
[QUEUE_STATS] t_ms=5792 q_pkts=220 q_bytes=330880 qdelay_l_ms=1.0098 qdelay_c_ms=160.001 ecn_mark=394 drop=0
[QUEUE_STATS] t_ms=5808 q_pkts=220 q_bytes=330880 qdelay_l_ms=0.524636 qdelay_c_ms=164 ecn_mark=396 drop=0
[QUEUE_STATS] t_ms=5824 q_pkts=222 q_bytes=333888 qdelay_l_ms=0 qdelay_c_ms=160.898 ecn_mark=397 drop=0
[QUEUE_STATS] t_ms=5840 q_pkts=221 q_bytes=332384 qdelay_l_ms=1.0169 qdelay_c_ms=157.874 ecn_mark=400 drop=0
[QUEUE_STATS] t_ms=5856 q_pkts=219 q_bytes=329376 qdelay_l_ms=1.0309 qdelay_c_ms=162.019 ecn_mark=400 drop=0
[QUEUE_STATS] t_ms=5872 q_pkts=221 q_bytes=332384 qdelay_l_ms=1.02645 qdelay_c_ms=153.933 ecn_mark=400 drop=0
[QUEUE_STATS] t_ms=5888 q_pkts=220 q_bytes=330880 qdelay_l_ms=1.02297 qdelay_c_ms=157.149 ecn_mark=402 drop=0
[QUEUE_STATS] t_ms=5904 q_pkts=220 q_bytes=330880 qdelay_l_ms=1.03846 qdelay_c_ms=161.055 ecn_mark=406 drop=0
[QUEUE_STATS] t_ms=5920 q_pkts=219 q_bytes=329376 qdelay_l_ms=1.02635 qdelay_c_ms=153.94 ecn_mark=408 drop=0
[QUEUE_STATS] t_ms=5936 q_pkts=221 q_bytes=332384 qdelay_l_ms=1.07376 qdelay_c_ms=156.244 ecn_mark=410 drop=0
[QUEUE_STATS] t_ms=5952 q_pkts=222 q_bytes=333888 qdelay_l_ms=1.03942 qdelay_c_ms=158.125 ecn_mark=411 drop=0
[QUEUE_STATS] t_ms=5968 q_pkts=219 q_bytes=329376 qdelay_l_ms=1.03796 qdelay_c_ms=151.935 ecn_mark=412 drop=0
[QUEUE_STATS] t_ms=5984 q_pkts=222 q_bytes=333888 qdelay_l_ms=1.08662 qdelay_c_ms=157.101 ecn_mark=413 drop=0
[QUEUE_STATS] t_ms=6000 q_pkts=223 q_bytes=335392 qdelay_l_ms=0.890583 qdelay_c_ms=155.045 ecn_mark=413 drop=0
[QUEUE_STATS] t_ms=6016 q_pkts=222 q_bytes=333888 qdelay_l_ms=1.04777 qdelay_c_ms=151.08 ecn_mark=415 drop=0
[QUEUE_STATS] t_ms=6032 q_pkts=220 q_bytes=330880 qdelay_l_ms=1.07084 qdelay_c_ms=155.165 ecn_mark=415 drop=0
[QUEUE_STATS] t_ms=6048 q_pkts=223 q_bytes=335392 qdelay_l_ms=1.01843 qdelay_c_ms=152.874 ecn_mark=416 drop=0
[QUEUE_STATS] t_ms=6064 q_pkts=225 q_bytes=338400 qdelay_l_ms=1.01957 qdelay_c_ms=152.909 ecn_mark=418 drop=0
[QUEUE_STATS] t_ms=6080 q_pkts=220 q_bytes=330880 qdelay_l_ms=1.07793 qdelay_c_ms=151.926 ecn_mark=420 drop=0
[QUEUE_STATS] t_ms=6096 q_pkts=222 q_bytes=333888 qdelay_l_ms=0.703061 qdelay_c_ms=151.722 ecn_mark=420 drop=0
[QUEUE_STATS] t_ms=6112 q_pkts=223 q_bytes=335392 qdelay_l_ms=1.04103 qdelay_c_ms=151.013 ecn_mark=422 drop=0
[QUEUE_STATS] t_ms=6128 q_pkts=224 q_bytes=336896 qdelay_l_ms=0.869825 qdelay_c_ms=152.89 ecn_mark=424 drop=0
[QUEUE_STATS] t_ms=6144 q_pkts=226 q_bytes=339904 qdelay_l_ms=0.855608 qdelay_c_ms=149.957 ecn_mark=425 drop=0
[QUEUE_STATS] t_ms=6160 q_pkts=224 q_bytes=336896 qdelay_l_ms=1.0935 qdelay_c_ms=153.126 ecn_mark=426 drop=0
[QUEUE_STATS] t_ms=6176 q_pkts=224 q_bytes=336896 qdelay_l_ms=1.09779 qdelay_c_ms=151.954 ecn_mark=427 drop=0
[QUEUE_STATS] t_ms=6192 q_pkts=224 q_bytes=336896 qdelay_l_ms=1.05513 qdelay_c_ms=152.957 ecn_mark=428 drop=0
[QUEUE_STATS] t_ms=6208 q_pkts=223 q_bytes=335392 qdelay_l_ms=1.04491 qdelay_c_ms=151.891 ecn_mark=428 drop=0
[QUEUE_STATS] t_ms=6224 q_pkts=223 q_bytes=335392 qdelay_l_ms=1.04668 qdelay_c_ms=153.085 ecn_mark=429 drop=0
[QUEUE_STATS] t_ms=6240 q_pkts=224 q_bytes=336896 qdelay_l_ms=1.06665 qdelay_c_ms=150.054 ecn_mark=430 drop=0
[QUEUE_STATS] t_ms=6256 q_pkts=224 q_bytes=336896 qdelay_l_ms=1.09982 qdelay_c_ms=151.407 ecn_mark=431 drop=0
[QUEUE_STATS] t_ms=6272 q_pkts=224 q_bytes=336896 qdelay_l_ms=1.05614 qdelay_c_ms=152.14 ecn_mark=431 drop=0
[QUEUE_STATS] t_ms=6288 q_pkts=225 q_bytes=338400 qdelay_l_ms=1.0398 qdelay_c_ms=149.997 ecn_mark=433 drop=0
[QUEUE_STATS] t_ms=6304 q_pkts=224 q_bytes=336896 qdelay_l_ms=1.07124 qdelay_c_ms=153.223 ecn_mark=434 drop=0
[QUEUE_STATS] t_ms=6320 q_pkts=225 q_bytes=338400 qdelay_l_ms=0.876006 qdelay_c_ms=152.966 ecn_mark=435 drop=0
[QUEUE_STATS] t_ms=6336 q_pkts=225 q_bytes=338400 qdelay_l_ms=0.951779 qdelay_c_ms=148.932 ecn_mark=439 drop=0
[QUEUE_STATS] t_ms=6352 q_pkts=223 q_bytes=335392 qdelay_l_ms=1.06392 qdelay_c_ms=152.948 ecn_mark=441 drop=0
[QUEUE_STATS] t_ms=6368 q_pkts=225 q_bytes=338400 qdelay_l_ms=1.05798 qdelay_c_ms=149.881 ecn_mark=444 drop=0
[QUEUE_STATS] t_ms=6384 q_pkts=223 q_bytes=335392 qdelay_l_ms=0.880204 qdelay_c_ms=150.098 ecn_mark=446 drop=0
[QUEUE_STATS] t_ms=6400 q_pkts=225 q_bytes=338400 qdelay_l_ms=1.05645 qdelay_c_ms=152.814 ecn_mark=446 drop=0
[QUEUE_STATS] t_ms=6416 q_pkts=227 q_bytes=341408 qdelay_l_ms=1.04053 qdelay_c_ms=151.27 ecn_mark=450 drop=0
[QUEUE_STATS] t_ms=6432 q_pkts=224 q_bytes=336896 qdelay_l_ms=0.892898 qdelay_c_ms=150.008 ecn_mark=453 drop=0
[QUEUE_STATS] t_ms=6448 q_pkts=226 q_bytes=339904 qdelay_l_ms=1.07684 qdelay_c_ms=151.233 ecn_mark=455 drop=0
[QUEUE_STATS] t_ms=6464 q_pkts=225 q_bytes=338400 qdelay_l_ms=1.07341 qdelay_c_ms=149.035 ecn_mark=456 drop=0
[QUEUE_STATS] t_ms=6480 q_pkts=224 q_bytes=336896 qdelay_l_ms=1.08416 qdelay_c_ms=149.369 ecn_mark=458 drop=0
[QUEUE_STATS] t_ms=6496 q_pkts=224 q_bytes=336896 qdelay_l_ms=1.09153 qdelay_c_ms=148.946 ecn_mark=458 drop=0
[QUEUE_STATS] t_ms=6512 q_pkts=225 q_bytes=338400 qdelay_l_ms=1.0792 qdelay_c_ms=148.791 ecn_mark=458 drop=0
[QUEUE_STATS] t_ms=6528 q_pkts=221 q_bytes=332384 qdelay_l_ms=0.564972 qdelay_c_ms=146.742 ecn_mark=460 drop=0
[QUEUE_STATS] t_ms=6544 q_pkts=224 q_bytes=336896 qdelay_l_ms=1.09551 qdelay_c_ms=146.725 ecn_mark=461 drop=0
[QUEUE_STATS] t_ms=6560 q_pkts=225 q_bytes=338400 qdelay_l_ms=1.08208 qdelay_c_ms=148.124 ecn_mark=463 drop=0
[QUEUE_STATS] t_ms=6576 q_pkts=223 q_bytes=335392 qdelay_l_ms=0.717759 qdelay_c_ms=144.867 ecn_mark=466 drop=0
[QUEUE_STATS] t_ms=6592 q_pkts=225 q_bytes=338400 qdelay_l_ms=1.09757 qdelay_c_ms=144.968 ecn_mark=469 drop=0
[QUEUE_STATS] t_ms=6608 q_pkts=224 q_bytes=336896 qdelay_l_ms=0.702821 qdelay_c_ms=145.002 ecn_mark=472 drop=0
[QUEUE_STATS] t_ms=6624 q_pkts=222 q_bytes=333888 qdelay_l_ms=0.912815 qdelay_c_ms=142.612 ecn_mark=473 drop=0
[QUEUE_STATS] t_ms=6640 q_pkts=222 q_bytes=333888 qdelay_l_ms=1.08541 qdelay_c_ms=143.218 ecn_mark=473 drop=0
[QUEUE_STATS] t_ms=6656 q_pkts=225 q_bytes=338400 qdelay_l_ms=1.09661 qdelay_c_ms=142.036 ecn_mark=476 drop=0
[QUEUE_STATS] t_ms=6672 q_pkts=222 q_bytes=333888 qdelay_l_ms=1.08707 qdelay_c_ms=141.145 ecn_mark=479 drop=0
[QUEUE_STATS] t_ms=6688 q_pkts=223 q_bytes=335392 qdelay_l_ms=0.554763 qdelay_c_ms=141.821 ecn_mark=481 drop=0
[QUEUE_STATS] t_ms=6704 q_pkts=225 q_bytes=338400 qdelay_l_ms=1.0993 qdelay_c_ms=141.003 ecn_mark=484 drop=0
[QUEUE_STATS] t_ms=6720 q_pkts=219 q_bytes=329376 qdelay_l_ms=0.641846 qdelay_c_ms=138.865 ecn_mark=485 drop=0
[QUEUE_STATS] t_ms=6736 q_pkts=214 q_bytes=321856 qdelay_l_ms=1.0843 qdelay_c_ms=139.973 ecn_mark=485 drop=0
[QUEUE_STATS] t_ms=6752 q_pkts=206 q_bytes=309824 qdelay_l_ms=1.07045 qdelay_c_ms=140.264 ecn_mark=487 drop=0
[QUEUE_STATS] t_ms=6768 q_pkts=195 q_bytes=293280 qdelay_l_ms=0.927714 qdelay_c_ms=136.888 ecn_mark=487 drop=0
[QUEUE_STATS] t_ms=6784 q_pkts=190 q_bytes=285760 qdelay_l_ms=1.07447 qdelay_c_ms=136.023 ecn_mark=488 drop=0
[QUEUE_STATS] t_ms=6800 q_pkts=182 q_bytes=273728 qdelay_l_ms=1.08188 qdelay_c_ms=139.19 ecn_mark=488 drop=0
[QUEUE_STATS] t_ms=6816 q_pkts=174 q_bytes=261696 qdelay_l_ms=1.0997 qdelay_c_ms=137.133 ecn_mark=488 drop=0
[QUEUE_STATS] t_ms=6832 q_pkts=165 q_bytes=248160 qdelay_l_ms=1.07265 qdelay_c_ms=136.868 ecn_mark=491 drop=0
[QUEUE_STATS] t_ms=6848 q_pkts=157 q_bytes=236128 qdelay_l_ms=1.06678 qdelay_c_ms=138.502 ecn_mark=491 drop=0
[QUEUE_STATS] t_ms=6864 q_pkts=149 q_bytes=224096 qdelay_l_ms=0.75541 qdelay_c_ms=129.959 ecn_mark=492 drop=0
[QUEUE_STATS] t_ms=6880 q_pkts=139 q_bytes=209056 qdelay_l_ms=1.09015 qdelay_c_ms=122.979 ecn_mark=494 drop=0
[QUEUE_STATS] t_ms=6896 q_pkts=134 q_bytes=201536 qdelay_l_ms=1.07057 qdelay_c_ms=116.03 ecn_mark=499 drop=0
[QUEUE_STATS] t_ms=6912 q_pkts=135 q_bytes=203040 qdelay_l_ms=1.07167 qdelay_c_ms=109.137 ecn_mark=500 drop=0
[QUEUE_STATS] t_ms=6928 q_pkts=132 q_bytes=198528 qdelay_l_ms=1.08313 qdelay_c_ms=98.7325 ecn_mark=500 drop=0
[QUEUE_STATS] t_ms=6944 q_pkts=135 q_bytes=203040 qdelay_l_ms=0.746623 qdelay_c_ms=92.9978 ecn_mark=503 drop=0
[QUEUE_STATS] t_ms=6960 q_pkts=135 q_bytes=203040 qdelay_l_ms=1.06767 qdelay_c_ms=84.146 ecn_mark=509 drop=0
[QUEUE_STATS] t_ms=6976 q_pkts=134 q_bytes=201536 qdelay_l_ms=1.0651 qdelay_c_ms=78.697 ecn_mark=510 drop=0
[QUEUE_STATS] t_ms=6992 q_pkts=135 q_bytes=203040 qdelay_l_ms=1.07024 qdelay_c_ms=78.9063 ecn_mark=512 drop=0
[QUEUE_STATS] t_ms=7008 q_pkts=132 q_bytes=198528 qdelay_l_ms=1.08518 qdelay_c_ms=76.8494 ecn_mark=514 drop=0
[QUEUE_STATS] t_ms=7024 q_pkts=136 q_bytes=204544 qdelay_l_ms=1.09499 qdelay_c_ms=79.0282 ecn_mark=514 drop=0
[QUEUE_STATS] t_ms=7040 q_pkts=134 q_bytes=201536 qdelay_l_ms=0.731315 qdelay_c_ms=78.6815 ecn_mark=516 drop=0
[QUEUE_STATS] t_ms=7056 q_pkts=136 q_bytes=204544 qdelay_l_ms=0.780156 qdelay_c_ms=78.0401 ecn_mark=517 drop=0
[QUEUE_STATS] t_ms=7072 q_pkts=136 q_bytes=204544 qdelay_l_ms=1.07135 qdelay_c_ms=77.0267 ecn_mark=518 drop=0
[QUEUE_STATS] t_ms=7088 q_pkts=134 q_bytes=201536 qdelay_l_ms=0.834548 qdelay_c_ms=78.0244 ecn_mark=519 drop=0
[QUEUE_STATS] t_ms=7104 q_pkts=136 q_bytes=204544 qdelay_l_ms=0.742746 qdelay_c_ms=78.8555 ecn_mark=521 drop=0
[QUEUE_STATS] t_ms=7120 q_pkts=136 q_bytes=204544 qdelay_l_ms=0.882368 qdelay_c_ms=75.9093 ecn_mark=521 drop=0
[QUEUE_STATS] t_ms=7136 q_pkts=134 q_bytes=201536 qdelay_l_ms=1.08423 qdelay_c_ms=77.1638 ecn_mark=524 drop=0
[QUEUE_STATS] t_ms=7152 q_pkts=136 q_bytes=204544 qdelay_l_ms=1.07038 qdelay_c_ms=80.1478 ecn_mark=527 drop=0
[QUEUE_STATS] t_ms=7168 q_pkts=137 q_bytes=206048 qdelay_l_ms=1.07711 qdelay_c_ms=75.6036 ecn_mark=528 drop=0
[QUEUE_STATS] t_ms=7184 q_pkts=137 q_bytes=206048 qdelay_l_ms=0.624764 qdelay_c_ms=74.7819 ecn_mark=532 drop=0
[QUEUE_STATS] t_ms=7200 q_pkts=136 q_bytes=204544 qdelay_l_ms=1.0959 qdelay_c_ms=78.9497 ecn_mark=533 drop=0
[QUEUE_STATS] t_ms=7216 q_pkts=138 q_bytes=207552 qdelay_l_ms=1.11542 qdelay_c_ms=74.7382 ecn_mark=535 drop=0
[QUEUE_STATS] t_ms=7232 q_pkts=137 q_bytes=206048 qdelay_l_ms=1.00075 qdelay_c_ms=76.1753 ecn_mark=537 drop=0
[QUEUE_STATS] t_ms=7248 q_pkts=137 q_bytes=206048 qdelay_l_ms=1.09042 qdelay_c_ms=78.0046 ecn_mark=538 drop=0
[QUEUE_STATS] t_ms=7264 q_pkts=136 q_bytes=204544 qdelay_l_ms=0.858454 qdelay_c_ms=74.987 ecn_mark=539 drop=0
[QUEUE_STATS] t_ms=7280 q_pkts=136 q_bytes=204544 qdelay_l_ms=0.778454 qdelay_c_ms=75.9929 ecn_mark=541 drop=0
[QUEUE_STATS] t_ms=7296 q_pkts=136 q_bytes=204544 qdelay_l_ms=0.877379 qdelay_c_ms=75.9855 ecn_mark=542 drop=0
[QUEUE_STATS] t_ms=7312 q_pkts=135 q_bytes=203040 qdelay_l_ms=0.8726 qdelay_c_ms=72.7283 ecn_mark=544 drop=0
[QUEUE_STATS] t_ms=7328 q_pkts=137 q_bytes=206048 qdelay_l_ms=0.828938 qdelay_c_ms=72.8783 ecn_mark=546 drop=0
[QUEUE_STATS] t_ms=7344 q_pkts=136 q_bytes=204544 qdelay_l_ms=0.879022 qdelay_c_ms=75.9775 ecn_mark=547 drop=0
[QUEUE_STATS] t_ms=7360 q_pkts=135 q_bytes=203040 qdelay_l_ms=1.06932 qdelay_c_ms=71.7891 ecn_mark=550 drop=0
[QUEUE_STATS] t_ms=7376 q_pkts=137 q_bytes=206048 qdelay_l_ms=0.618051 qdelay_c_ms=73.9866 ecn_mark=550 drop=0
[QUEUE_STATS] t_ms=7392 q_pkts=137 q_bytes=206048 qdelay_l_ms=1.07111 qdelay_c_ms=74.0094 ecn_mark=550 drop=0
[QUEUE_STATS] t_ms=7408 q_pkts=136 q_bytes=204544 qdelay_l_ms=1.06405 qdelay_c_ms=70.9802 ecn_mark=552 drop=0
[QUEUE_STATS] t_ms=7424 q_pkts=133 q_bytes=200032 qdelay_l_ms=0 qdelay_c_ms=73.6586 ecn_mark=554 drop=0
[QUEUE_STATS] t_ms=7440 q_pkts=137 q_bytes=206048 qdelay_l_ms=1.07814 qdelay_c_ms=71.7283 ecn_mark=556 drop=0
[QUEUE_STATS] t_ms=7456 q_pkts=136 q_bytes=204544 qdelay_l_ms=1.0716 qdelay_c_ms=70.0013 ecn_mark=559 drop=0
[QUEUE_STATS] t_ms=7472 q_pkts=136 q_bytes=204544 qdelay_l_ms=0.841421 qdelay_c_ms=72.8772 ecn_mark=561 drop=0
[QUEUE_STATS] t_ms=7488 q_pkts=137 q_bytes=206048 qdelay_l_ms=1.10104 qdelay_c_ms=69.7435 ecn_mark=563 drop=0
[QUEUE_STATS] t_ms=7504 q_pkts=136 q_bytes=204544 qdelay_l_ms=0.811105 qdelay_c_ms=68.8149 ecn_mark=564 drop=0
[QUEUE_STATS] t_ms=7520 q_pkts=136 q_bytes=204544 qdelay_l_ms=1.05608 qdelay_c_ms=73.0652 ecn_mark=564 drop=0
[QUEUE_STATS] t_ms=7536 q_pkts=139 q_bytes=209056 qdelay_l_ms=1.10462 qdelay_c_ms=69.2529 ecn_mark=566 drop=0
[QUEUE_STATS] t_ms=7552 q_pkts=136 q_bytes=204544 qdelay_l_ms=1.06316 qdelay_c_ms=70.2981 ecn_mark=566 drop=0
[QUEUE_STATS] t_ms=7568 q_pkts=137 q_bytes=206048 qdelay_l_ms=1.05589 qdelay_c_ms=71.2969 ecn_mark=569 drop=0
[QUEUE_STATS] t_ms=7584 q_pkts=138 q_bytes=207552 qdelay_l_ms=1.05666 qdelay_c_ms=70.876 ecn_mark=572 drop=0
[QUEUE_STATS] t_ms=7600 q_pkts=139 q_bytes=209056 qdelay_l_ms=1.06255 qdelay_c_ms=71.3704 ecn_mark=573 drop=0
[QUEUE_STATS] t_ms=7616 q_pkts=140 q_bytes=210560 qdelay_l_ms=0.966416 qdelay_c_ms=71.9243 ecn_mark=574 drop=0
[QUEUE_STATS] t_ms=7632 q_pkts=138 q_bytes=207552 qdelay_l_ms=1.09747 qdelay_c_ms=68.9257 ecn_mark=574 drop=0
[QUEUE_STATS] t_ms=7648 q_pkts=137 q_bytes=206048 qdelay_l_ms=1.07117 qdelay_c_ms=70.0024 ecn_mark=576 drop=0
[QUEUE_STATS] t_ms=7664 q_pkts=140 q_bytes=210560 qdelay_l_ms=1.10514 qdelay_c_ms=70.0291 ecn_mark=577 drop=0
[QUEUE_STATS] t_ms=7680 q_pkts=137 q_bytes=206048 qdelay_l_ms=1.05055 qdelay_c_ms=70.0438 ecn_mark=577 drop=0
[QUEUE_STATS] t_ms=7696 q_pkts=137 q_bytes=206048 qdelay_l_ms=0.978459 qdelay_c_ms=70.0171 ecn_mark=579 drop=0
[QUEUE_STATS] t_ms=7712 q_pkts=138 q_bytes=207552 qdelay_l_ms=0.860658 qdelay_c_ms=68.688 ecn_mark=580 drop=0
[QUEUE_STATS] t_ms=7728 q_pkts=138 q_bytes=207552 qdelay_l_ms=0.627649 qdelay_c_ms=69.833 ecn_mark=581 drop=0
[QUEUE_STATS] t_ms=7744 q_pkts=139 q_bytes=209056 qdelay_l_ms=0.859555 qdelay_c_ms=69.9747 ecn_mark=582 drop=0
[QUEUE_STATS] t_ms=7760 q_pkts=138 q_bytes=207552 qdelay_l_ms=0.855859 qdelay_c_ms=69.1819 ecn_mark=582 drop=0
[QUEUE_STATS] t_ms=7776 q_pkts=138 q_bytes=207552 qdelay_l_ms=1.08625 qdelay_c_ms=71.7774 ecn_mark=583 drop=0
[QUEUE_STATS] t_ms=7792 q_pkts=138 q_bytes=207552 qdelay_l_ms=1.07958 qdelay_c_ms=69.8417 ecn_mark=584 drop=0
[QUEUE_STATS] t_ms=7808 q_pkts=140 q_bytes=210560 qdelay_l_ms=1.10263 qdelay_c_ms=68.9019 ecn_mark=586 drop=0
[QUEUE_STATS] t_ms=7824 q_pkts=138 q_bytes=207552 qdelay_l_ms=1.06528 qdelay_c_ms=69.9839 ecn_mark=586 drop=0
[QUEUE_STATS] t_ms=7840 q_pkts=139 q_bytes=209056 qdelay_l_ms=1.09315 qdelay_c_ms=68.0631 ecn_mark=588 drop=0
[QUEUE_STATS] t_ms=7856 q_pkts=140 q_bytes=210560 qdelay_l_ms=0.855047 qdelay_c_ms=69.0867 ecn_mark=589 drop=0
[QUEUE_STATS] t_ms=7872 q_pkts=140 q_bytes=210560 qdelay_l_ms=1.10543 qdelay_c_ms=68.5698 ecn_mark=591 drop=0
[QUEUE_STATS] t_ms=7888 q_pkts=138 q_bytes=207552 qdelay_l_ms=1.08999 qdelay_c_ms=69.0849 ecn_mark=593 drop=0
[QUEUE_STATS] t_ms=7904 q_pkts=140 q_bytes=210560 qdelay_l_ms=1.11963 qdelay_c_ms=69.9749 ecn_mark=595 drop=0
[QUEUE_STATS] t_ms=7920 q_pkts=138 q_bytes=207552 qdelay_l_ms=1.07013 qdelay_c_ms=67.938 ecn_mark=595 drop=0
[QUEUE_STATS] t_ms=7936 q_pkts=139 q_bytes=209056 qdelay_l_ms=0.653058 qdelay_c_ms=67.8418 ecn_mark=597 drop=0
[QUEUE_STATS] t_ms=7952 q_pkts=141 q_bytes=212064 qdelay_l_ms=0.899801 qdelay_c_ms=70.0371 ecn_mark=598 drop=0
[QUEUE_STATS] t_ms=7968 q_pkts=139 q_bytes=209056 qdelay_l_ms=0.877669 qdelay_c_ms=65.3155 ecn_mark=600 drop=0
[QUEUE_STATS] t_ms=7984 q_pkts=139 q_bytes=209056 qdelay_l_ms=1.07075 qdelay_c_ms=67.9328 ecn_mark=603 drop=0
[QUEUE_STATS] t_ms=8000 q_pkts=139 q_bytes=209056 qdelay_l_ms=1.0956 qdelay_c_ms=69.0479 ecn_mark=606 drop=0
[QUEUE_STATS] t_ms=8016 q_pkts=141 q_bytes=212064 qdelay_l_ms=0.89907 qdelay_c_ms=64.7891 ecn_mark=608 drop=0
[QUEUE_STATS] t_ms=8032 q_pkts=139 q_bytes=209056 qdelay_l_ms=1.05658 qdelay_c_ms=68.3087 ecn_mark=612 drop=0
[QUEUE_STATS] t_ms=8048 q_pkts=142 q_bytes=213568 qdelay_l_ms=1.06588 qdelay_c_ms=69.1046 ecn_mark=612 drop=0
[QUEUE_STATS] t_ms=8064 q_pkts=142 q_bytes=213568 qdelay_l_ms=1.0665 qdelay_c_ms=66.7732 ecn_mark=612 drop=0
[QUEUE_STATS] t_ms=8080 q_pkts=139 q_bytes=209056 qdelay_l_ms=1.0709 qdelay_c_ms=68.7537 ecn_mark=617 drop=0
[QUEUE_STATS] t_ms=8096 q_pkts=144 q_bytes=216576 qdelay_l_ms=0.923296 qdelay_c_ms=66.9546 ecn_mark=617 drop=0
[QUEUE_STATS] t_ms=8112 q_pkts=140 q_bytes=210560 qdelay_l_ms=0.882228 qdelay_c_ms=66.066 ecn_mark=618 drop=0
[QUEUE_STATS] t_ms=8128 q_pkts=138 q_bytes=207552 qdelay_l_ms=0.972047 qdelay_c_ms=66.0817 ecn_mark=619 drop=0
[QUEUE_STATS] t_ms=8144 q_pkts=140 q_bytes=210560 qdelay_l_ms=0.930749 qdelay_c_ms=65.9587 ecn_mark=620 drop=0
[QUEUE_STATS] t_ms=8160 q_pkts=140 q_bytes=210560 qdelay_l_ms=0.92078 qdelay_c_ms=65.5796 ecn_mark=621 drop=0
[QUEUE_STATS] t_ms=8176 q_pkts=139 q_bytes=209056 qdelay_l_ms=0.919238 qdelay_c_ms=64.8987 ecn_mark=623 drop=0
[QUEUE_STATS] t_ms=8192 q_pkts=142 q_bytes=213568 qdelay_l_ms=0.927253 qdelay_c_ms=65.8387 ecn_mark=625 drop=0
[QUEUE_STATS] t_ms=8208 q_pkts=141 q_bytes=212064 qdelay_l_ms=0.896575 qdelay_c_ms=64.9104 ecn_mark=625 drop=0
[QUEUE_STATS] t_ms=8224 q_pkts=141 q_bytes=212064 qdelay_l_ms=1.08097 qdelay_c_ms=66.0701 ecn_mark=627 drop=0
[QUEUE_STATS] t_ms=8240 q_pkts=139 q_bytes=209056 qdelay_l_ms=1.07742 qdelay_c_ms=65.1069 ecn_mark=627 drop=0
[QUEUE_STATS] t_ms=8256 q_pkts=141 q_bytes=212064 qdelay_l_ms=1.09486 qdelay_c_ms=64.9752 ecn_mark=627 drop=0
[QUEUE_STATS] t_ms=8272 q_pkts=139 q_bytes=209056 qdelay_l_ms=0.925249 qdelay_c_ms=64.8012 ecn_mark=628 drop=0
[QUEUE_STATS] t_ms=8288 q_pkts=141 q_bytes=212064 qdelay_l_ms=1.06349 qdelay_c_ms=66.1521 ecn_mark=630 drop=0
[QUEUE_STATS] t_ms=8304 q_pkts=141 q_bytes=212064 qdelay_l_ms=0.917084 qdelay_c_ms=63.8066 ecn_mark=633 drop=0
[QUEUE_STATS] t_ms=8320 q_pkts=139 q_bytes=209056 qdelay_l_ms=1.09988 qdelay_c_ms=65.3936 ecn_mark=634 drop=0
[QUEUE_STATS] t_ms=8336 q_pkts=140 q_bytes=210560 qdelay_l_ms=1.07115 qdelay_c_ms=65.1737 ecn_mark=636 drop=0
[QUEUE_STATS] t_ms=8352 q_pkts=141 q_bytes=212064 qdelay_l_ms=0.954634 qdelay_c_ms=63.915 ecn_mark=637 drop=0
[QUEUE_STATS] t_ms=8368 q_pkts=140 q_bytes=210560 qdelay_l_ms=1.06004 qdelay_c_ms=64.9814 ecn_mark=641 drop=0
[QUEUE_STATS] t_ms=8384 q_pkts=139 q_bytes=209056 qdelay_l_ms=0.936841 qdelay_c_ms=63.7544 ecn_mark=642 drop=0
[QUEUE_STATS] t_ms=8400 q_pkts=139 q_bytes=209056 qdelay_l_ms=0.7823 qdelay_c_ms=61.975 ecn_mark=646 drop=0
[QUEUE_STATS] t_ms=8416 q_pkts=141 q_bytes=212064 qdelay_l_ms=0.703292 qdelay_c_ms=64.6747 ecn_mark=647 drop=0
[QUEUE_STATS] t_ms=8432 q_pkts=140 q_bytes=210560 qdelay_l_ms=1.09274 qdelay_c_ms=64.1046 ecn_mark=647 drop=0
[QUEUE_STATS] t_ms=8448 q_pkts=141 q_bytes=212064 qdelay_l_ms=1.0605 qdelay_c_ms=63.0848 ecn_mark=648 drop=0
[QUEUE_STATS] t_ms=8464 q_pkts=141 q_bytes=212064 qdelay_l_ms=0.224963 qdelay_c_ms=63.7943 ecn_mark=648 drop=0
[QUEUE_STATS] t_ms=8480 q_pkts=142 q_bytes=213568 qdelay_l_ms=0.964844 qdelay_c_ms=64.1137 ecn_mark=649 drop=0
[QUEUE_STATS] t_ms=8496 q_pkts=140 q_bytes=210560 qdelay_l_ms=1.08352 qdelay_c_ms=63.1947 ecn_mark=649 drop=0
[QUEUE_STATS] t_ms=8512 q_pkts=142 q_bytes=213568 qdelay_l_ms=0.717549 qdelay_c_ms=63.7714 ecn_mark=649 drop=0
[QUEUE_STATS] t_ms=8528 q_pkts=142 q_bytes=213568 qdelay_l_ms=1.09733 qdelay_c_ms=64.1011 ecn_mark=651 drop=0
[QUEUE_STATS] t_ms=8544 q_pkts=142 q_bytes=213568 qdelay_l_ms=0.915501 qdelay_c_ms=64.9161 ecn_mark=652 drop=0
[QUEUE_STATS] t_ms=8560 q_pkts=144 q_bytes=216576 qdelay_l_ms=1.08252 qdelay_c_ms=63.7585 ecn_mark=652 drop=0
[QUEUE_STATS] t_ms=8576 q_pkts=142 q_bytes=213568 qdelay_l_ms=1.07619 qdelay_c_ms=64.227 ecn_mark=652 drop=0
[QUEUE_STATS] t_ms=8592 q_pkts=141 q_bytes=212064 qdelay_l_ms=1.04852 qdelay_c_ms=65.4881 ecn_mark=652 drop=0
[QUEUE_STATS] t_ms=8608 q_pkts=142 q_bytes=213568 qdelay_l_ms=0.960615 qdelay_c_ms=65.0846 ecn_mark=653 drop=0
[QUEUE_STATS] t_ms=8624 q_pkts=143 q_bytes=215072 qdelay_l_ms=1.08856 qdelay_c_ms=65.2611 ecn_mark=653 drop=0
[QUEUE_STATS] t_ms=8640 q_pkts=142 q_bytes=213568 qdelay_l_ms=0.712509 qdelay_c_ms=65.2346 ecn_mark=654 drop=0
[QUEUE_STATS] t_ms=8656 q_pkts=143 q_bytes=215072 qdelay_l_ms=1.07073 qdelay_c_ms=63.6241 ecn_mark=655 drop=0
[QUEUE_STATS] t_ms=8672 q_pkts=141 q_bytes=212064 qdelay_l_ms=1.09415 qdelay_c_ms=62.9643 ecn_mark=658 drop=0
[QUEUE_STATS] t_ms=8688 q_pkts=144 q_bytes=216576 qdelay_l_ms=1.07168 qdelay_c_ms=66.2685 ecn_mark=660 drop=0
[QUEUE_STATS] t_ms=8704 q_pkts=143 q_bytes=215072 qdelay_l_ms=1.10328 qdelay_c_ms=63.895 ecn_mark=663 drop=0
[QUEUE_STATS] t_ms=8720 q_pkts=144 q_bytes=216576 qdelay_l_ms=0.962509 qdelay_c_ms=64.1525 ecn_mark=663 drop=0
[QUEUE_STATS] t_ms=8736 q_pkts=143 q_bytes=215072 qdelay_l_ms=1.07431 qdelay_c_ms=64.3537 ecn_mark=664 drop=0
[QUEUE_STATS] t_ms=8752 q_pkts=135 q_bytes=203040 qdelay_l_ms=0.9367 qdelay_c_ms=63.7694 ecn_mark=664 drop=0
[QUEUE_STATS] t_ms=8768 q_pkts=123 q_bytes=184992 qdelay_l_ms=1.07119 qdelay_c_ms=65.0475 ecn_mark=666 drop=0
[QUEUE_STATS] t_ms=8784 q_pkts=114 q_bytes=171456 qdelay_l_ms=1.08315 qdelay_c_ms=65.0236 ecn_mark=669 drop=0
[QUEUE_STATS] t_ms=8800 q_pkts=103 q_bytes=154912 qdelay_l_ms=0.977998 qdelay_c_ms=63.4445 ecn_mark=670 drop=0
[QUEUE_STATS] t_ms=8816 q_pkts=91 q_bytes=136864 qdelay_l_ms=1.08456 qdelay_c_ms=58.058 ecn_mark=671 drop=0
[QUEUE_STATS] t_ms=8832 q_pkts=80 q_bytes=120320 qdelay_l_ms=1.0919 qdelay_c_ms=52.1004 ecn_mark=672 drop=0
[QUEUE_STATS] t_ms=8848 q_pkts=75 q_bytes=112800 qdelay_l_ms=1.09995 qdelay_c_ms=45.1522 ecn_mark=674 drop=0
[QUEUE_STATS] t_ms=8864 q_pkts=72 q_bytes=108288 qdelay_l_ms=1.04249 qdelay_c_ms=36.1457 ecn_mark=675 drop=0
[QUEUE_STATS] t_ms=8880 q_pkts=69 q_bytes=103776 qdelay_l_ms=1.08379 qdelay_c_ms=32.1095 ecn_mark=676 drop=0
[QUEUE_STATS] t_ms=8896 q_pkts=73 q_bytes=109792 qdelay_l_ms=0.981785 qdelay_c_ms=32.6732 ecn_mark=680 drop=0
[QUEUE_STATS] t_ms=8912 q_pkts=72 q_bytes=108288 qdelay_l_ms=0.984911 qdelay_c_ms=30.6004 ecn_mark=681 drop=0
[QUEUE_STATS] t_ms=8928 q_pkts=72 q_bytes=108288 qdelay_l_ms=1.07658 qdelay_c_ms=32.1678 ecn_mark=684 drop=0
[QUEUE_STATS] t_ms=8944 q_pkts=75 q_bytes=112800 qdelay_l_ms=0.959664 qdelay_c_ms=32.9236 ecn_mark=685 drop=0
[QUEUE_STATS] t_ms=8960 q_pkts=74 q_bytes=111296 qdelay_l_ms=0.990441 qdelay_c_ms=30.909 ecn_mark=686 drop=0
[QUEUE_STATS] t_ms=8976 q_pkts=73 q_bytes=109792 qdelay_l_ms=1.10531 qdelay_c_ms=32.0285 ecn_mark=688 drop=0
[QUEUE_STATS] t_ms=8992 q_pkts=76 q_bytes=114304 qdelay_l_ms=0 qdelay_c_ms=33.1953 ecn_mark=690 drop=0
[QUEUE_STATS] t_ms=9008 q_pkts=76 q_bytes=114304 qdelay_l_ms=1.00468 qdelay_c_ms=31.1197 ecn_mark=690 drop=0
[QUEUE_STATS] t_ms=9024 q_pkts=73 q_bytes=109792 qdelay_l_ms=1.09809 qdelay_c_ms=32.9554 ecn_mark=691 drop=0
[QUEUE_STATS] t_ms=9040 q_pkts=75 q_bytes=112800 qdelay_l_ms=1.07891 qdelay_c_ms=32.9153 ecn_mark=692 drop=0
[QUEUE_STATS] t_ms=9056 q_pkts=78 q_bytes=117312 qdelay_l_ms=1.10407 qdelay_c_ms=32.0066 ecn_mark=694 drop=0
[QUEUE_STATS] t_ms=9072 q_pkts=75 q_bytes=112800 qdelay_l_ms=0.924908 qdelay_c_ms=32.748 ecn_mark=694 drop=0
[QUEUE_STATS] t_ms=9088 q_pkts=77 q_bytes=115808 qdelay_l_ms=1.09729 qdelay_c_ms=33.0684 ecn_mark=695 drop=0
[QUEUE_STATS] t_ms=9104 q_pkts=78 q_bytes=117312 qdelay_l_ms=0.821634 qdelay_c_ms=32.9791 ecn_mark=698 drop=0
[QUEUE_STATS] t_ms=9120 q_pkts=76 q_bytes=114304 qdelay_l_ms=1.10505 qdelay_c_ms=33.8054 ecn_mark=699 drop=0
[QUEUE_STATS] t_ms=9136 q_pkts=74 q_bytes=111296 qdelay_l_ms=1.07313 qdelay_c_ms=33.3433 ecn_mark=701 drop=0
[QUEUE_STATS] t_ms=9152 q_pkts=80 q_bytes=120320 qdelay_l_ms=1.08259 qdelay_c_ms=33.1608 ecn_mark=703 drop=0
[QUEUE_STATS] t_ms=9168 q_pkts=77 q_bytes=115808 qdelay_l_ms=1.07136 qdelay_c_ms=35.0967 ecn_mark=703 drop=0
[QUEUE_STATS] t_ms=9184 q_pkts=76 q_bytes=114304 qdelay_l_ms=1.09861 qdelay_c_ms=32.9396 ecn_mark=704 drop=0
[QUEUE_STATS] t_ms=9200 q_pkts=79 q_bytes=118816 qdelay_l_ms=1.1201 qdelay_c_ms=33.1196 ecn_mark=706 drop=0
[QUEUE_STATS] t_ms=9216 q_pkts=77 q_bytes=115808 qdelay_l_ms=0.991413 qdelay_c_ms=33.131 ecn_mark=708 drop=0
[QUEUE_STATS] t_ms=9232 q_pkts=72 q_bytes=108288 qdelay_l_ms=1.01357 qdelay_c_ms=32.8625 ecn_mark=712 drop=0
[QUEUE_STATS] t_ms=9248 q_pkts=63 q_bytes=94752 qdelay_l_ms=1.07749 qdelay_c_ms=33.3877 ecn_mark=713 drop=0
[QUEUE_STATS] t_ms=9264 q_pkts=50 q_bytes=75200 qdelay_l_ms=1.02649 qdelay_c_ms=29.9729 ecn_mark=713 drop=0
[QUEUE_STATS] t_ms=9280 q_pkts=38 q_bytes=57152 qdelay_l_ms=1.02548 qdelay_c_ms=21.9248 ecn_mark=714 drop=0
[QUEUE_STATS] t_ms=9296 q_pkts=28 q_bytes=42112 qdelay_l_ms=1.02112 qdelay_c_ms=17.1541 ecn_mark=715 drop=0
[QUEUE_STATS] t_ms=9312 q_pkts=23 q_bytes=34592 qdelay_l_ms=1.03664 qdelay_c_ms=8.7489 ecn_mark=716 drop=0
[QUEUE_STATS] t_ms=9328 q_pkts=23 q_bytes=34592 qdelay_l_ms=1.09037 qdelay_c_ms=10.5655 ecn_mark=717 drop=0
[QUEUE_STATS] t_ms=9344 q_pkts=26 q_bytes=39104 qdelay_l_ms=1.10444 qdelay_c_ms=9.66052 ecn_mark=719 drop=0
[QUEUE_STATS] t_ms=9360 q_pkts=25 q_bytes=37600 qdelay_l_ms=1.02383 qdelay_c_ms=9.03259 ecn_mark=720 drop=0
[QUEUE_STATS] t_ms=9376 q_pkts=26 q_bytes=39104 qdelay_l_ms=0.752604 qdelay_c_ms=9.7041 ecn_mark=722 drop=0
[QUEUE_STATS] t_ms=9392 q_pkts=28 q_bytes=42112 qdelay_l_ms=1.00969 qdelay_c_ms=11.1569 ecn_mark=723 drop=0
[QUEUE_STATS] t_ms=9408 q_pkts=26 q_bytes=39104 qdelay_l_ms=1.05844 qdelay_c_ms=10.8816 ecn_mark=725 drop=0
[QUEUE_STATS] t_ms=9424 q_pkts=26 q_bytes=39104 qdelay_l_ms=1.09554 qdelay_c_ms=10.8055 ecn_mark=727 drop=0
[QUEUE_STATS] t_ms=9440 q_pkts=27 q_bytes=40608 qdelay_l_ms=1.03587 qdelay_c_ms=9.87795 ecn_mark=729 drop=0
[QUEUE_STATS] t_ms=9456 q_pkts=23 q_bytes=34592 qdelay_l_ms=1.08691 qdelay_c_ms=10.0823 ecn_mark=730 drop=0
[QUEUE_STATS] t_ms=9472 q_pkts=25 q_bytes=37600 qdelay_l_ms=1.04866 qdelay_c_ms=10.9791 ecn_mark=730 drop=0
[QUEUE_STATS] t_ms=9488 q_pkts=29 q_bytes=43616 qdelay_l_ms=1.05007 qdelay_c_ms=10.7515 ecn_mark=733 drop=0
[QUEUE_STATS] t_ms=9504 q_pkts=24 q_bytes=36096 qdelay_l_ms=0.044994 qdelay_c_ms=10.2218 ecn_mark=736 drop=0
[QUEUE_STATS] t_ms=9520 q_pkts=25 q_bytes=37600 qdelay_l_ms=0 qdelay_c_ms=9.91958 ecn_mark=737 drop=0
[QUEUE_STATS] t_ms=9536 q_pkts=25 q_bytes=37600 qdelay_l_ms=1.06455 qdelay_c_ms=9.97109 ecn_mark=737 drop=0
[QUEUE_STATS] t_ms=9552 q_pkts=25 q_bytes=37600 qdelay_l_ms=1.05065 qdelay_c_ms=10.9452 ecn_mark=738 drop=0
[QUEUE_STATS] t_ms=9568 q_pkts=27 q_bytes=40608 qdelay_l_ms=1.09875 qdelay_c_ms=9.445 ecn_mark=739 drop=0
[QUEUE_STATS] t_ms=9584 q_pkts=29 q_bytes=43616 qdelay_l_ms=1.06519 qdelay_c_ms=11.1432 ecn_mark=740 drop=0
[QUEUE_STATS] t_ms=9600 q_pkts=26 q_bytes=39104 qdelay_l_ms=1.07621 qdelay_c_ms=11.1566 ecn_mark=742 drop=0
[QUEUE_STATS] t_ms=9616 q_pkts=27 q_bytes=40608 qdelay_l_ms=0.843125 qdelay_c_ms=10.9719 ecn_mark=744 drop=0
[QUEUE_STATS] t_ms=9632 q_pkts=30 q_bytes=45120 qdelay_l_ms=1.10401 qdelay_c_ms=12.1362 ecn_mark=746 drop=0
[QUEUE_STATS] t_ms=9648 q_pkts=27 q_bytes=40608 qdelay_l_ms=1.0813 qdelay_c_ms=11.1382 ecn_mark=747 drop=0
[QUEUE_STATS] t_ms=9664 q_pkts=29 q_bytes=43616 qdelay_l_ms=1.08518 qdelay_c_ms=11.0035 ecn_mark=747 drop=0
[QUEUE_STATS] t_ms=9680 q_pkts=29 q_bytes=43616 qdelay_l_ms=1.08871 qdelay_c_ms=11.3891 ecn_mark=749 drop=0
[QUEUE_STATS] t_ms=9696 q_pkts=26 q_bytes=39104 qdelay_l_ms=1.07369 qdelay_c_ms=12.2941 ecn_mark=751 drop=0
[QUEUE_STATS] t_ms=9712 q_pkts=28 q_bytes=42112 qdelay_l_ms=1.11068 qdelay_c_ms=11.0297 ecn_mark=752 drop=0
[QUEUE_STATS] t_ms=9728 q_pkts=31 q_bytes=46624 qdelay_l_ms=1.08409 qdelay_c_ms=11.371 ecn_mark=752 drop=0
[QUEUE_STATS] t_ms=9744 q_pkts=27 q_bytes=40608 qdelay_l_ms=1.10143 qdelay_c_ms=10.804 ecn_mark=755 drop=0
[QUEUE_STATS] t_ms=9760 q_pkts=27 q_bytes=40608 qdelay_l_ms=1.08398 qdelay_c_ms=10.4674 ecn_mark=756 drop=0
[QUEUE_STATS] t_ms=9776 q_pkts=31 q_bytes=46624 qdelay_l_ms=1.09617 qdelay_c_ms=10.7653 ecn_mark=756 drop=0
[QUEUE_STATS] t_ms=9792 q_pkts=27 q_bytes=40608 qdelay_l_ms=1.071 qdelay_c_ms=10.9338 ecn_mark=756 drop=0
[QUEUE_STATS] t_ms=9808 q_pkts=26 q_bytes=39104 qdelay_l_ms=1.08602 qdelay_c_ms=10.6836 ecn_mark=757 drop=0
[QUEUE_STATS] t_ms=9824 q_pkts=30 q_bytes=45120 qdelay_l_ms=1.09605 qdelay_c_ms=11.4136 ecn_mark=758 drop=0
[QUEUE_STATS] t_ms=9840 q_pkts=30 q_bytes=45120 qdelay_l_ms=1.10699 qdelay_c_ms=11.0081 ecn_mark=759 drop=0
[QUEUE_STATS] t_ms=9856 q_pkts=28 q_bytes=42112 qdelay_l_ms=0.858674 qdelay_c_ms=11.382 ecn_mark=761 drop=0
[QUEUE_STATS] t_ms=9872 q_pkts=31 q_bytes=46624 qdelay_l_ms=1.05462 qdelay_c_ms=11.9269 ecn_mark=762 drop=0
[QUEUE_STATS] t_ms=9888 q_pkts=29 q_bytes=43616 qdelay_l_ms=1.06993 qdelay_c_ms=11.1313 ecn_mark=763 drop=0
[QUEUE_STATS] t_ms=9904 q_pkts=29 q_bytes=43616 qdelay_l_ms=1.06339 qdelay_c_ms=11.2252 ecn_mark=765 drop=0
[QUEUE_STATS] t_ms=9920 q_pkts=29 q_bytes=43616 qdelay_l_ms=1.07086 qdelay_c_ms=10.9535 ecn_mark=768 drop=0
[QUEUE_STATS] t_ms=9936 q_pkts=28 q_bytes=42112 qdelay_l_ms=1.06872 qdelay_c_ms=12.1422 ecn_mark=768 drop=0
[QUEUE_STATS] t_ms=9952 q_pkts=30 q_bytes=45120 qdelay_l_ms=0 qdelay_c_ms=12.1394 ecn_mark=769 drop=0
[QUEUE_STATS] t_ms=9968 q_pkts=30 q_bytes=45120 qdelay_l_ms=0.548361 qdelay_c_ms=10.6008 ecn_mark=771 drop=0
[QUEUE_STATS] t_ms=9984 q_pkts=28 q_bytes=42112 qdelay_l_ms=1.09797 qdelay_c_ms=10.8037 ecn_mark=772 drop=0
[QUEUE_STATS] t_ms=10000 q_pkts=27 q_bytes=40608 qdelay_l_ms=1.06312 qdelay_c_ms=11.1111 ecn_mark=772 drop=0
[QUEUE_STATS] t_ms=10016 q_pkts=30 q_bytes=45120 qdelay_l_ms=1.08599 qdelay_c_ms=11.1383 ecn_mark=772 drop=0
[QUEUE_STATS] t_ms=10032 q_pkts=29 q_bytes=43616 qdelay_l_ms=1.06686 qdelay_c_ms=12.4189 ecn_mark=775 drop=0
[QUEUE_STATS] t_ms=10048 q_pkts=30 q_bytes=45120 qdelay_l_ms=1.0771 qdelay_c_ms=11.8744 ecn_mark=775 drop=0
[QUEUE_STATS] t_ms=10064 q_pkts=32 q_bytes=48128 qdelay_l_ms=1.10437 qdelay_c_ms=12.9123 ecn_mark=776 drop=0
[QUEUE_STATS] t_ms=10080 q_pkts=30 q_bytes=45120 qdelay_l_ms=1.10567 qdelay_c_ms=11.2973 ecn_mark=778 drop=0
[QUEUE_STATS] t_ms=10096 q_pkts=30 q_bytes=45120 qdelay_l_ms=1.0839 qdelay_c_ms=12.5408 ecn_mark=779 drop=0
[QUEUE_STATS] t_ms=10112 q_pkts=32 q_bytes=48128 qdelay_l_ms=1.07088 qdelay_c_ms=12.0065 ecn_mark=779 drop=0
[QUEUE_STATS] t_ms=10128 q_pkts=31 q_bytes=46624 qdelay_l_ms=1.06062 qdelay_c_ms=11.9822 ecn_mark=782 drop=0
[QUEUE_STATS] t_ms=10144 q_pkts=30 q_bytes=45120 qdelay_l_ms=0.291868 qdelay_c_ms=10.9762 ecn_mark=783 drop=0
[QUEUE_STATS] t_ms=10160 q_pkts=31 q_bytes=46624 qdelay_l_ms=1.09896 qdelay_c_ms=11.9117 ecn_mark=784 drop=0
[QUEUE_STATS] t_ms=10176 q_pkts=30 q_bytes=45120 qdelay_l_ms=0.86174 qdelay_c_ms=10.9011 ecn_mark=784 drop=0
[QUEUE_STATS] t_ms=10192 q_pkts=30 q_bytes=45120 qdelay_l_ms=1.06716 qdelay_c_ms=10.4433 ecn_mark=786 drop=0
[QUEUE_STATS] t_ms=10208 q_pkts=34 q_bytes=51136 qdelay_l_ms=1.09267 qdelay_c_ms=12.1176 ecn_mark=786 drop=0
[QUEUE_STATS] t_ms=10224 q_pkts=31 q_bytes=46624 qdelay_l_ms=0.663367 qdelay_c_ms=11.9922 ecn_mark=786 drop=0
[QUEUE_STATS] t_ms=10240 q_pkts=29 q_bytes=43616 qdelay_l_ms=1.06188 qdelay_c_ms=11.997 ecn_mark=786 drop=0
[QUEUE_STATS] t_ms=10256 q_pkts=34 q_bytes=51136 qdelay_l_ms=0.86741 qdelay_c_ms=11.8011 ecn_mark=786 drop=0
[QUEUE_STATS] t_ms=10272 q_pkts=32 q_bytes=48128 qdelay_l_ms=0.673566 qdelay_c_ms=11.838 ecn_mark=787 drop=0
[QUEUE_STATS] t_ms=10288 q_pkts=32 q_bytes=48128 qdelay_l_ms=0.580761 qdelay_c_ms=11.5645 ecn_mark=788 drop=0
[QUEUE_STATS] t_ms=10304 q_pkts=33 q_bytes=49632 qdelay_l_ms=1.08472 qdelay_c_ms=12.9822 ecn_mark=788 drop=0
[QUEUE_STATS] t_ms=10320 q_pkts=31 q_bytes=46624 qdelay_l_ms=1.06693 qdelay_c_ms=11.9277 ecn_mark=790 drop=0
[QUEUE_STATS] t_ms=10336 q_pkts=33 q_bytes=49632 qdelay_l_ms=0.877329 qdelay_c_ms=11.5594 ecn_mark=791 drop=0
[QUEUE_STATS] t_ms=10352 q_pkts=34 q_bytes=51136 qdelay_l_ms=1.07781 qdelay_c_ms=11.9594 ecn_mark=794 drop=0
[QUEUE_STATS] t_ms=10368 q_pkts=31 q_bytes=46624 qdelay_l_ms=1.08995 qdelay_c_ms=11.8349 ecn_mark=796 drop=0
[QUEUE_STATS] t_ms=10384 q_pkts=31 q_bytes=46624 qdelay_l_ms=1.09397 qdelay_c_ms=12.2341 ecn_mark=798 drop=0
[QUEUE_STATS] t_ms=10400 q_pkts=34 q_bytes=51136 qdelay_l_ms=0.741714 qdelay_c_ms=11.7401 ecn_mark=799 drop=0
[QUEUE_STATS] t_ms=10416 q_pkts=32 q_bytes=48128 qdelay_l_ms=0.312778 qdelay_c_ms=12.7144 ecn_mark=799 drop=0
[QUEUE_STATS] t_ms=10432 q_pkts=33 q_bytes=49632 qdelay_l_ms=1.05857 qdelay_c_ms=12.8506 ecn_mark=801 drop=0
[QUEUE_STATS] t_ms=10448 q_pkts=34 q_bytes=51136 qdelay_l_ms=1.06693 qdelay_c_ms=13.1296 ecn_mark=802 drop=0
[QUEUE_STATS] t_ms=10464 q_pkts=33 q_bytes=49632 qdelay_l_ms=1.08076 qdelay_c_ms=13.9086 ecn_mark=804 drop=0
[QUEUE_STATS] t_ms=10480 q_pkts=33 q_bytes=49632 qdelay_l_ms=0.596782 qdelay_c_ms=12.0988 ecn_mark=807 drop=0
[QUEUE_STATS] t_ms=10496 q_pkts=36 q_bytes=54144 qdelay_l_ms=1.08286 qdelay_c_ms=13.427 ecn_mark=808 drop=0
[QUEUE_STATS] t_ms=10512 q_pkts=32 q_bytes=48128 qdelay_l_ms=1.0661 qdelay_c_ms=12.7051 ecn_mark=809 drop=0
[QUEUE_STATS] t_ms=10528 q_pkts=32 q_bytes=48128 qdelay_l_ms=1.06658 qdelay_c_ms=11.8778 ecn_mark=810 drop=0
[QUEUE_STATS] t_ms=10544 q_pkts=33 q_bytes=49632 qdelay_l_ms=1.07823 qdelay_c_ms=13.3901 ecn_mark=810 drop=0
[QUEUE_STATS] t_ms=10560 q_pkts=33 q_bytes=49632 qdelay_l_ms=1.05732 qdelay_c_ms=12.9997 ecn_mark=810 drop=0
[QUEUE_STATS] t_ms=10576 q_pkts=32 q_bytes=48128 qdelay_l_ms=1.07187 qdelay_c_ms=11.7688 ecn_mark=810 drop=0
[QUEUE_STATS] t_ms=10592 q_pkts=35 q_bytes=52640 qdelay_l_ms=1.06111 qdelay_c_ms=11.9617 ecn_mark=810 drop=0
[QUEUE_STATS] t_ms=10608 q_pkts=35 q_bytes=52640 qdelay_l_ms=1.07096 qdelay_c_ms=12.9357 ecn_mark=810 drop=0
[QUEUE_STATS] t_ms=10624 q_pkts=34 q_bytes=51136 qdelay_l_ms=1.06585 qdelay_c_ms=12.8271 ecn_mark=812 drop=0
[QUEUE_STATS] t_ms=10640 q_pkts=36 q_bytes=54144 qdelay_l_ms=1.07968 qdelay_c_ms=12.9887 ecn_mark=812 drop=0
[QUEUE_STATS] t_ms=10656 q_pkts=37 q_bytes=55648 qdelay_l_ms=0 qdelay_c_ms=13.5635 ecn_mark=815 drop=0
[QUEUE_STATS] t_ms=10672 q_pkts=34 q_bytes=51136 qdelay_l_ms=1.09424 qdelay_c_ms=12.8139 ecn_mark=815 drop=0
[QUEUE_STATS] t_ms=10688 q_pkts=36 q_bytes=54144 qdelay_l_ms=1.08902 qdelay_c_ms=14.0087 ecn_mark=816 drop=0
[QUEUE_STATS] t_ms=10704 q_pkts=36 q_bytes=54144 qdelay_l_ms=0.834889 qdelay_c_ms=13.1066 ecn_mark=817 drop=0
[QUEUE_STATS] t_ms=10720 q_pkts=37 q_bytes=55648 qdelay_l_ms=0.717599 qdelay_c_ms=13.4604 ecn_mark=817 drop=0
[QUEUE_STATS] t_ms=10736 q_pkts=36 q_bytes=54144 qdelay_l_ms=0.843926 qdelay_c_ms=14.049 ecn_mark=820 drop=0
[QUEUE_STATS] t_ms=10752 q_pkts=34 q_bytes=51136 qdelay_l_ms=0.913326 qdelay_c_ms=13.2125 ecn_mark=820 drop=0
[QUEUE_STATS] t_ms=10768 q_pkts=37 q_bytes=55648 qdelay_l_ms=1.09117 qdelay_c_ms=14.8415 ecn_mark=820 drop=0
[QUEUE_STATS] t_ms=10784 q_pkts=36 q_bytes=54144 qdelay_l_ms=0.720865 qdelay_c_ms=12.786 ecn_mark=822 drop=0
[QUEUE_STATS] t_ms=10800 q_pkts=36 q_bytes=54144 qdelay_l_ms=1.06371 qdelay_c_ms=14.154 ecn_mark=824 drop=0
[QUEUE_STATS] t_ms=10816 q_pkts=35 q_bytes=52640 qdelay_l_ms=1.06906 qdelay_c_ms=13.3813 ecn_mark=827 drop=0
[QUEUE_STATS] t_ms=10832 q_pkts=35 q_bytes=52640 qdelay_l_ms=1.09943 qdelay_c_ms=13.7252 ecn_mark=827 drop=0
[QUEUE_STATS] t_ms=10848 q_pkts=35 q_bytes=52640 qdelay_l_ms=1.09454 qdelay_c_ms=13.9237 ecn_mark=827 drop=0
[QUEUE_STATS] t_ms=10864 q_pkts=37 q_bytes=55648 qdelay_l_ms=1.09153 qdelay_c_ms=12.7259 ecn_mark=829 drop=0
[QUEUE_STATS] t_ms=10880 q_pkts=36 q_bytes=54144 qdelay_l_ms=1.09516 qdelay_c_ms=14.4613 ecn_mark=831 drop=0
[QUEUE_STATS] t_ms=10896 q_pkts=36 q_bytes=54144 qdelay_l_ms=1.05247 qdelay_c_ms=14.4801 ecn_mark=832 drop=0
[QUEUE_STATS] t_ms=10912 q_pkts=35 q_bytes=52640 qdelay_l_ms=1.05477 qdelay_c_ms=14.0853 ecn_mark=834 drop=0
[QUEUE_STATS] t_ms=10928 q_pkts=35 q_bytes=52640 qdelay_l_ms=0.858012 qdelay_c_ms=13.9661 ecn_mark=835 drop=0
[QUEUE_STATS] t_ms=10944 q_pkts=37 q_bytes=55648 qdelay_l_ms=1.07324 qdelay_c_ms=13.2793 ecn_mark=835 drop=0
[QUEUE_STATS] t_ms=10960 q_pkts=35 q_bytes=52640 qdelay_l_ms=1.08536 qdelay_c_ms=14.1756 ecn_mark=835 drop=0
[QUEUE_STATS] t_ms=10976 q_pkts=36 q_bytes=54144 qdelay_l_ms=1.07071 qdelay_c_ms=14.2095 ecn_mark=835 drop=0
[QUEUE_STATS] t_ms=10992 q_pkts=37 q_bytes=55648 qdelay_l_ms=1.09343 qdelay_c_ms=13.036 ecn_mark=835 drop=0
[QUEUE_STATS] t_ms=11008 q_pkts=36 q_bytes=54144 qdelay_l_ms=1.07961 qdelay_c_ms=14.0201 ecn_mark=835 drop=0
[QUEUE_STATS] t_ms=11024 q_pkts=40 q_bytes=60160 qdelay_l_ms=1.0718 qdelay_c_ms=14.668 ecn_mark=835 drop=0
[QUEUE_STATS] t_ms=11040 q_pkts=38 q_bytes=57152 qdelay_l_ms=1.06695 qdelay_c_ms=13.7155 ecn_mark=836 drop=0
[QUEUE_STATS] t_ms=11056 q_pkts=38 q_bytes=57152 qdelay_l_ms=1.07207 qdelay_c_ms=15.5724 ecn_mark=837 drop=0
[QUEUE_STATS] t_ms=11072 q_pkts=40 q_bytes=60160 qdelay_l_ms=1.10302 qdelay_c_ms=15.5653 ecn_mark=840 drop=0
[QUEUE_STATS] t_ms=11088 q_pkts=39 q_bytes=58656 qdelay_l_ms=1.0755 qdelay_c_ms=15.2634 ecn_mark=841 drop=0
[QUEUE_STATS] t_ms=11104 q_pkts=38 q_bytes=57152 qdelay_l_ms=1.08847 qdelay_c_ms=14.8621 ecn_mark=841 drop=0
[QUEUE_STATS] t_ms=11120 q_pkts=41 q_bytes=61664 qdelay_l_ms=1.06498 qdelay_c_ms=14.901 ecn_mark=841 drop=0
[QUEUE_STATS] t_ms=11136 q_pkts=38 q_bytes=57152 qdelay_l_ms=1.06956 qdelay_c_ms=14.7841 ecn_mark=841 drop=0
[QUEUE_STATS] t_ms=11152 q_pkts=38 q_bytes=57152 qdelay_l_ms=0.225213 qdelay_c_ms=14.7054 ecn_mark=843 drop=0
[QUEUE_STATS] t_ms=11168 q_pkts=42 q_bytes=63168 qdelay_l_ms=1.07785 qdelay_c_ms=14.9755 ecn_mark=845 drop=0
[QUEUE_STATS] t_ms=11184 q_pkts=40 q_bytes=60160 qdelay_l_ms=0.648949 qdelay_c_ms=14.7989 ecn_mark=847 drop=0
[QUEUE_STATS] t_ms=11200 q_pkts=37 q_bytes=55648 qdelay_l_ms=1.06652 qdelay_c_ms=15.0157 ecn_mark=847 drop=0
[QUEUE_STATS] t_ms=11216 q_pkts=40 q_bytes=60160 qdelay_l_ms=1.0877 qdelay_c_ms=15.0562 ecn_mark=848 drop=0
[QUEUE_STATS] t_ms=11232 q_pkts=39 q_bytes=58656 qdelay_l_ms=0.621859 qdelay_c_ms=15.6642 ecn_mark=851 drop=0
[QUEUE_STATS] t_ms=11248 q_pkts=39 q_bytes=58656 qdelay_l_ms=1.09295 qdelay_c_ms=16.2653 ecn_mark=851 drop=0
[QUEUE_STATS] t_ms=11264 q_pkts=40 q_bytes=60160 qdelay_l_ms=1.06802 qdelay_c_ms=15.3166 ecn_mark=855 drop=0
[QUEUE_STATS] t_ms=11280 q_pkts=40 q_bytes=60160 qdelay_l_ms=1.05155 qdelay_c_ms=15.7847 ecn_mark=856 drop=0
[QUEUE_STATS] t_ms=11296 q_pkts=40 q_bytes=60160 qdelay_l_ms=1.09007 qdelay_c_ms=16.0303 ecn_mark=856 drop=0
[QUEUE_STATS] t_ms=11312 q_pkts=42 q_bytes=63168 qdelay_l_ms=1.04459 qdelay_c_ms=15.0677 ecn_mark=858 drop=0
[QUEUE_STATS] t_ms=11328 q_pkts=40 q_bytes=60160 qdelay_l_ms=0.837944 qdelay_c_ms=15.9509 ecn_mark=858 drop=0
[QUEUE_STATS] t_ms=11344 q_pkts=40 q_bytes=60160 qdelay_l_ms=1.06317 qdelay_c_ms=14.8132 ecn_mark=858 drop=0
[QUEUE_STATS] t_ms=11360 q_pkts=41 q_bytes=61664 qdelay_l_ms=1.06885 qdelay_c_ms=14.9871 ecn_mark=858 drop=0
[QUEUE_STATS] t_ms=11376 q_pkts=41 q_bytes=61664 qdelay_l_ms=1.0672 qdelay_c_ms=15.826 ecn_mark=859 drop=0
[QUEUE_STATS] t_ms=11392 q_pkts=42 q_bytes=63168 qdelay_l_ms=1.08098 qdelay_c_ms=16.0599 ecn_mark=859 drop=0
[QUEUE_STATS] t_ms=11408 q_pkts=43 q_bytes=64672 qdelay_l_ms=1.06817 qdelay_c_ms=17.0557 ecn_mark=860 drop=0
[QUEUE_STATS] t_ms=11424 q_pkts=39 q_bytes=58656 qdelay_l_ms=1.07351 qdelay_c_ms=16.1243 ecn_mark=860 drop=0
[QUEUE_STATS] t_ms=11440 q_pkts=41 q_bytes=61664 qdelay_l_ms=0.270478 qdelay_c_ms=15.5272 ecn_mark=863 drop=0
[QUEUE_STATS] t_ms=11456 q_pkts=42 q_bytes=63168 qdelay_l_ms=1.06781 qdelay_c_ms=16.4166 ecn_mark=864 drop=0
[QUEUE_STATS] t_ms=11472 q_pkts=42 q_bytes=63168 qdelay_l_ms=1.04747 qdelay_c_ms=15.7286 ecn_mark=866 drop=0
[QUEUE_STATS] t_ms=11488 q_pkts=42 q_bytes=63168 qdelay_l_ms=1.09768 qdelay_c_ms=16.1039 ecn_mark=866 drop=0
[QUEUE_STATS] t_ms=11504 q_pkts=43 q_bytes=64672 qdelay_l_ms=0.839087 qdelay_c_ms=15.8906 ecn_mark=867 drop=0
[QUEUE_STATS] t_ms=11520 q_pkts=41 q_bytes=61664 qdelay_l_ms=1.06884 qdelay_c_ms=16.8488 ecn_mark=868 drop=0
[QUEUE_STATS] t_ms=11536 q_pkts=41 q_bytes=61664 qdelay_l_ms=0.619945 qdelay_c_ms=15.8217 ecn_mark=870 drop=0
[QUEUE_STATS] t_ms=11552 q_pkts=41 q_bytes=61664 qdelay_l_ms=1.10522 qdelay_c_ms=16.3058 ecn_mark=870 drop=0
[QUEUE_STATS] t_ms=11568 q_pkts=41 q_bytes=61664 qdelay_l_ms=1.10042 qdelay_c_ms=17.1891 ecn_mark=870 drop=0
[QUEUE_STATS] t_ms=11584 q_pkts=41 q_bytes=61664 qdelay_l_ms=1.09086 qdelay_c_ms=16.8122 ecn_mark=873 drop=0
[QUEUE_STATS] t_ms=11600 q_pkts=43 q_bytes=64672 qdelay_l_ms=1.09037 qdelay_c_ms=16.0635 ecn_mark=873 drop=0
[QUEUE_STATS] t_ms=11616 q_pkts=42 q_bytes=63168 qdelay_l_ms=1.06264 qdelay_c_ms=17.0529 ecn_mark=873 drop=0
[QUEUE_STATS] t_ms=11632 q_pkts=44 q_bytes=66176 qdelay_l_ms=0.82493 qdelay_c_ms=15.9196 ecn_mark=874 drop=0
[QUEUE_STATS] t_ms=11648 q_pkts=41 q_bytes=61664 qdelay_l_ms=1.09422 qdelay_c_ms=16.8234 ecn_mark=874 drop=0
[QUEUE_STATS] t_ms=11664 q_pkts=44 q_bytes=66176 qdelay_l_ms=1.07366 qdelay_c_ms=17.1068 ecn_mark=876 drop=0
[QUEUE_STATS] t_ms=11680 q_pkts=42 q_bytes=63168 qdelay_l_ms=1.06124 qdelay_c_ms=16.1284 ecn_mark=877 drop=0
[QUEUE_STATS] t_ms=11696 q_pkts=43 q_bytes=64672 qdelay_l_ms=1.06575 qdelay_c_ms=18.2538 ecn_mark=877 drop=0
[QUEUE_STATS] t_ms=11712 q_pkts=43 q_bytes=64672 qdelay_l_ms=1.10553 qdelay_c_ms=16.6684 ecn_mark=877 drop=0
[QUEUE_STATS] t_ms=11728 q_pkts=43 q_bytes=64672 qdelay_l_ms=1.10811 qdelay_c_ms=16.1093 ecn_mark=878 drop=0
[QUEUE_STATS] t_ms=11744 q_pkts=42 q_bytes=63168 qdelay_l_ms=0.349667 qdelay_c_ms=17.9772 ecn_mark=881 drop=0
[QUEUE_STATS] t_ms=11760 q_pkts=42 q_bytes=63168 qdelay_l_ms=0.672925 qdelay_c_ms=15.9806 ecn_mark=882 drop=0
[QUEUE_STATS] t_ms=11776 q_pkts=40 q_bytes=60160 qdelay_l_ms=1.0812 qdelay_c_ms=16.0956 ecn_mark=884 drop=0
[QUEUE_STATS] t_ms=11792 q_pkts=42 q_bytes=63168 qdelay_l_ms=1.08031 qdelay_c_ms=17.3648 ecn_mark=885 drop=0
[QUEUE_STATS] t_ms=11808 q_pkts=43 q_bytes=64672 qdelay_l_ms=0.678395 qdelay_c_ms=15.5385 ecn_mark=885 drop=0
[QUEUE_STATS] t_ms=11824 q_pkts=40 q_bytes=60160 qdelay_l_ms=1.06384 qdelay_c_ms=16.2471 ecn_mark=885 drop=0
[QUEUE_STATS] t_ms=11840 q_pkts=42 q_bytes=63168 qdelay_l_ms=0.53758 qdelay_c_ms=16.8474 ecn_mark=885 drop=0
[QUEUE_STATS] t_ms=11856 q_pkts=44 q_bytes=66176 qdelay_l_ms=1.0392 qdelay_c_ms=16.1791 ecn_mark=886 drop=0
[QUEUE_STATS] t_ms=11872 q_pkts=42 q_bytes=63168 qdelay_l_ms=1.06833 qdelay_c_ms=17.171 ecn_mark=887 drop=0
[QUEUE_STATS] t_ms=11888 q_pkts=42 q_bytes=63168 qdelay_l_ms=1.05124 qdelay_c_ms=16.931 ecn_mark=888 drop=0
[QUEUE_STATS] t_ms=11904 q_pkts=42 q_bytes=63168 qdelay_l_ms=0.597213 qdelay_c_ms=15.7856 ecn_mark=889 drop=0
[QUEUE_STATS] t_ms=11920 q_pkts=41 q_bytes=61664 qdelay_l_ms=1.10227 qdelay_c_ms=17.214 ecn_mark=890 drop=0
[QUEUE_STATS] t_ms=11936 q_pkts=45 q_bytes=67680 qdelay_l_ms=1.08938 qdelay_c_ms=16.5651 ecn_mark=891 drop=0
[QUEUE_STATS] t_ms=11952 q_pkts=39 q_bytes=58656 qdelay_l_ms=1.08403 qdelay_c_ms=15.024 ecn_mark=892 drop=0
[QUEUE_STATS] t_ms=11968 q_pkts=42 q_bytes=63168 qdelay_l_ms=1.06545 qdelay_c_ms=16.3765 ecn_mark=894 drop=0
[QUEUE_STATS] t_ms=11984 q_pkts=46 q_bytes=69184 qdelay_l_ms=1.09483 qdelay_c_ms=15.8127 ecn_mark=894 drop=0
[QUEUE_STATS] t_ms=12000 q_pkts=42 q_bytes=63168 qdelay_l_ms=1.10198 qdelay_c_ms=17.0094 ecn_mark=896 drop=0
[QUEUE_STATS] t_ms=12016 q_pkts=43 q_bytes=64672 qdelay_l_ms=1.08136 qdelay_c_ms=17.4464 ecn_mark=897 drop=0
[QUEUE_STATS] t_ms=12032 q_pkts=45 q_bytes=67680 qdelay_l_ms=1.06585 qdelay_c_ms=16.4171 ecn_mark=899 drop=0
[QUEUE_STATS] t_ms=12048 q_pkts=43 q_bytes=64672 qdelay_l_ms=0.57472 qdelay_c_ms=17.0205 ecn_mark=900 drop=0
[QUEUE_STATS] t_ms=12064 q_pkts=42 q_bytes=63168 qdelay_l_ms=1.06904 qdelay_c_ms=16.8268 ecn_mark=902 drop=0
[QUEUE_STATS] t_ms=12080 q_pkts=46 q_bytes=69184 qdelay_l_ms=1.08486 qdelay_c_ms=17.1801 ecn_mark=902 drop=0
[QUEUE_STATS] t_ms=12096 q_pkts=36 q_bytes=54144 qdelay_l_ms=1.0631 qdelay_c_ms=18.1179 ecn_mark=903 drop=0
[QUEUE_STATS] t_ms=12112 q_pkts=25 q_bytes=37600 qdelay_l_ms=1.07683 qdelay_c_ms=12.8134 ecn_mark=904 drop=0
[QUEUE_STATS] t_ms=12128 q_pkts=14 q_bytes=21056 qdelay_l_ms=1.09152 qdelay_c_ms=6.12162 ecn_mark=906 drop=0
[QUEUE_STATS] t_ms=12144 q_pkts=2 q_bytes=3008 qdelay_l_ms=1.06529 qdelay_c_ms=1.07237 ecn_mark=908 drop=0
[QUEUE_STATS] t_ms=12160 q_pkts=4 q_bytes=6016 qdelay_l_ms=0.694726 qdelay_c_ms=0.687182 ecn_mark=909 drop=0
[QUEUE_STATS] t_ms=12176 q_pkts=7 q_bytes=10528 qdelay_l_ms=1.07835 qdelay_c_ms=2.13591 ecn_mark=909 drop=0
[QUEUE_STATS] t_ms=12192 q_pkts=4 q_bytes=6016 qdelay_l_ms=0.84055 qdelay_c_ms=0.852082 ecn_mark=911 drop=0
[QUEUE_STATS] t_ms=12208 q_pkts=5 q_bytes=7520 qdelay_l_ms=1.06583 qdelay_c_ms=2.19495 ecn_mark=912 drop=0
[QUEUE_STATS] t_ms=12224 q_pkts=6 q_bytes=9024 qdelay_l_ms=0.34052 qdelay_c_ms=1.41626 ecn_mark=915 drop=0
[QUEUE_STATS] t_ms=12240 q_pkts=7 q_bytes=10528 qdelay_l_ms=1.08316 qdelay_c_ms=2.15881 ecn_mark=917 drop=0
[QUEUE_STATS] t_ms=12256 q_pkts=7 q_bytes=10528 qdelay_l_ms=0.628742 qdelay_c_ms=1.7256 ecn_mark=917 drop=0
[QUEUE_STATS] t_ms=12272 q_pkts=6 q_bytes=9024 qdelay_l_ms=0.858313 qdelay_c_ms=1.99739 ecn_mark=919 drop=0
[QUEUE_STATS] t_ms=12288 q_pkts=5 q_bytes=7520 qdelay_l_ms=1.09335 qdelay_c_ms=1.65582 ecn_mark=920 drop=0
[QUEUE_STATS] t_ms=12304 q_pkts=6 q_bytes=9024 qdelay_l_ms=1.0663 qdelay_c_ms=2.23093 ecn_mark=920 drop=0
[QUEUE_STATS] t_ms=12320 q_pkts=8 q_bytes=12032 qdelay_l_ms=1.06362 qdelay_c_ms=2.20086 ecn_mark=920 drop=0
[QUEUE_STATS] t_ms=12336 q_pkts=6 q_bytes=9024 qdelay_l_ms=1.10015 qdelay_c_ms=2.17089 ecn_mark=921 drop=0
[QUEUE_STATS] t_ms=12353 q_pkts=6 q_bytes=9024 qdelay_l_ms=1.10469 qdelay_c_ms=3.29438 ecn_mark=922 drop=0
[QUEUE_STATS] t_ms=12368 q_pkts=9 q_bytes=13536 qdelay_l_ms=1.10335 qdelay_c_ms=2.77929 ecn_mark=924 drop=0
[QUEUE_STATS] t_ms=12384 q_pkts=8 q_bytes=12032 qdelay_l_ms=0.6227 qdelay_c_ms=1.73523 ecn_mark=924 drop=0
[QUEUE_STATS] t_ms=12400 q_pkts=8 q_bytes=12032 qdelay_l_ms=0.851951 qdelay_c_ms=2.98752 ecn_mark=924 drop=0
[QUEUE_STATS] t_ms=12416 q_pkts=10 q_bytes=15040 qdelay_l_ms=1.11377 qdelay_c_ms=2.7145 ecn_mark=925 drop=0
[QUEUE_STATS] t_ms=12432 q_pkts=8 q_bytes=12032 qdelay_l_ms=0.846621 qdelay_c_ms=3.05033 ecn_mark=926 drop=0
[QUEUE_STATS] t_ms=12448 q_pkts=9 q_bytes=13536 qdelay_l_ms=1.04 qdelay_c_ms=2.84189 ecn_mark=927 drop=0
[QUEUE_STATS] t_ms=12464 q_pkts=11 q_bytes=16544 qdelay_l_ms=0.574249 qdelay_c_ms=3.82569 ecn_mark=929 drop=0
[QUEUE_STATS] t_ms=12480 q_pkts=9 q_bytes=13536 qdelay_l_ms=1.09819 qdelay_c_ms=3.30106 ecn_mark=930 drop=0
[QUEUE_STATS] t_ms=12496 q_pkts=9 q_bytes=13536 qdelay_l_ms=0.62258 qdelay_c_ms=3.87802 ecn_mark=930 drop=0
[QUEUE_STATS] t_ms=12512 q_pkts=10 q_bytes=15040 qdelay_l_ms=1.08177 qdelay_c_ms=3.87081 ecn_mark=931 drop=0
[QUEUE_STATS] t_ms=12528 q_pkts=10 q_bytes=15040 qdelay_l_ms=1.05457 qdelay_c_ms=3.55997 ecn_mark=933 drop=0
[QUEUE_STATS] t_ms=12544 q_pkts=12 q_bytes=18048 qdelay_l_ms=1.07943 qdelay_c_ms=4.35546 ecn_mark=933 drop=0
[QUEUE_STATS] t_ms=12560 q_pkts=11 q_bytes=16544 qdelay_l_ms=1.06619 qdelay_c_ms=3.86115 ecn_mark=933 drop=0
[QUEUE_STATS] t_ms=12576 q_pkts=9 q_bytes=13536 qdelay_l_ms=1.11561 qdelay_c_ms=4.39834 ecn_mark=935 drop=0
[QUEUE_STATS] t_ms=12592 q_pkts=12 q_bytes=18048 qdelay_l_ms=0.61683 qdelay_c_ms=4.21194 ecn_mark=936 drop=0
[QUEUE_STATS] t_ms=12608 q_pkts=11 q_bytes=16544 qdelay_l_ms=1.10485 qdelay_c_ms=3.90471 ecn_mark=937 drop=0
[QUEUE_STATS] t_ms=12624 q_pkts=11 q_bytes=16544 qdelay_l_ms=1.09396 qdelay_c_ms=4.37382 ecn_mark=940 drop=0
[QUEUE_STATS] t_ms=12640 q_pkts=13 q_bytes=19552 qdelay_l_ms=1.07143 qdelay_c_ms=4.38428 ecn_mark=940 drop=0
[QUEUE_STATS] t_ms=12656 q_pkts=12 q_bytes=18048 qdelay_l_ms=0.601089 qdelay_c_ms=4.48542 ecn_mark=941 drop=0
[QUEUE_STATS] t_ms=12672 q_pkts=10 q_bytes=15040 qdelay_l_ms=1.11292 qdelay_c_ms=4.41463 ecn_mark=942 drop=0
[QUEUE_STATS] t_ms=12688 q_pkts=13 q_bytes=19552 qdelay_l_ms=0.90996 qdelay_c_ms=5.24899 ecn_mark=943 drop=0
[QUEUE_STATS] t_ms=12704 q_pkts=14 q_bytes=21056 qdelay_l_ms=1.09229 qdelay_c_ms=4.69303 ecn_mark=943 drop=0
[QUEUE_STATS] t_ms=12720 q_pkts=12 q_bytes=18048 qdelay_l_ms=1.09927 qdelay_c_ms=5.44362 ecn_mark=945 drop=0
[QUEUE_STATS] t_ms=12736 q_pkts=15 q_bytes=22560 qdelay_l_ms=1.09464 qdelay_c_ms=3.99446 ecn_mark=946 drop=0
[QUEUE_STATS] t_ms=12752 q_pkts=14 q_bytes=21056 qdelay_l_ms=0.666353 qdelay_c_ms=5.06476 ecn_mark=947 drop=0
[QUEUE_STATS] t_ms=12768 q_pkts=12 q_bytes=18048 qdelay_l_ms=1.10287 qdelay_c_ms=5.24911 ecn_mark=950 drop=0
[QUEUE_STATS] t_ms=12784 q_pkts=15 q_bytes=22560 qdelay_l_ms=0.694616 qdelay_c_ms=5.7258 ecn_mark=951 drop=0
[QUEUE_STATS] t_ms=12800 q_pkts=12 q_bytes=18048 qdelay_l_ms=1.07101 qdelay_c_ms=5.03663 ecn_mark=952 drop=0
[QUEUE_STATS] t_ms=12816 q_pkts=12 q_bytes=18048 qdelay_l_ms=1.06669 qdelay_c_ms=5.25215 ecn_mark=953 drop=0
[QUEUE_STATS] t_ms=12832 q_pkts=16 q_bytes=24064 qdelay_l_ms=0.838316 qdelay_c_ms=5.21433 ecn_mark=954 drop=0
[QUEUE_STATS] t_ms=12848 q_pkts=16 q_bytes=24064 qdelay_l_ms=1.09245 qdelay_c_ms=6.15251 ecn_mark=955 drop=0
[QUEUE_STATS] t_ms=12864 q_pkts=14 q_bytes=21056 qdelay_l_ms=1.05631 qdelay_c_ms=5.77297 ecn_mark=955 drop=0
[QUEUE_STATS] t_ms=12880 q_pkts=17 q_bytes=25568 qdelay_l_ms=1.059 qdelay_c_ms=6.62592 ecn_mark=956 drop=0
[QUEUE_STATS] t_ms=12896 q_pkts=18 q_bytes=27072 qdelay_l_ms=1.10247 qdelay_c_ms=6.94687 ecn_mark=959 drop=0
[QUEUE_STATS] t_ms=12912 q_pkts=15 q_bytes=22560 qdelay_l_ms=1.039 qdelay_c_ms=5.63336 ecn_mark=960 drop=0
[QUEUE_STATS] t_ms=12928 q_pkts=16 q_bytes=24064 qdelay_l_ms=1.09635 qdelay_c_ms=5.8246 ecn_mark=961 drop=0
[QUEUE_STATS] t_ms=12944 q_pkts=18 q_bytes=27072 qdelay_l_ms=0.826464 qdelay_c_ms=6.99053 ecn_mark=962 drop=0
[QUEUE_STATS] t_ms=12960 q_pkts=16 q_bytes=24064 qdelay_l_ms=1.08251 qdelay_c_ms=7.07739 ecn_mark=962 drop=0
[QUEUE_STATS] t_ms=12976 q_pkts=16 q_bytes=24064 qdelay_l_ms=1.03645 qdelay_c_ms=6.14584 ecn_mark=963 drop=0
[QUEUE_STATS] t_ms=12992 q_pkts=15 q_bytes=22560 qdelay_l_ms=1.0733 qdelay_c_ms=7.43607 ecn_mark=963 drop=0
[QUEUE_STATS] t_ms=13008 q_pkts=18 q_bytes=27072 qdelay_l_ms=1.04134 qdelay_c_ms=6.12031 ecn_mark=964 drop=0
[QUEUE_STATS] t_ms=13024 q_pkts=19 q_bytes=28576 qdelay_l_ms=1.05953 qdelay_c_ms=6.89435 ecn_mark=965 drop=0
[QUEUE_STATS] t_ms=13040 q_pkts=20 q_bytes=30080 qdelay_l_ms=0.332294 qdelay_c_ms=6.79108 ecn_mark=966 drop=0
[QUEUE_STATS] t_ms=13056 q_pkts=19 q_bytes=28576 qdelay_l_ms=1.03227 qdelay_c_ms=7.20035 ecn_mark=966 drop=0
[QUEUE_STATS] t_ms=13072 q_pkts=20 q_bytes=30080 qdelay_l_ms=1.08364 qdelay_c_ms=7.86464 ecn_mark=966 drop=0
[QUEUE_STATS] t_ms=13088 q_pkts=21 q_bytes=31584 qdelay_l_ms=0.024987 qdelay_c_ms=7.64455 ecn_mark=967 drop=0
[QUEUE_STATS] t_ms=13104 q_pkts=22 q_bytes=33088 qdelay_l_ms=1.07655 qdelay_c_ms=7.65317 ecn_mark=969 drop=0
[QUEUE_STATS] t_ms=13120 q_pkts=20 q_bytes=30080 qdelay_l_ms=1.06568 qdelay_c_ms=8.30212 ecn_mark=970 drop=0
[QUEUE_STATS] t_ms=13136 q_pkts=21 q_bytes=31584 qdelay_l_ms=1.06652 qdelay_c_ms=8.82454 ecn_mark=973 drop=0
[QUEUE_STATS] t_ms=13152 q_pkts=21 q_bytes=31584 qdelay_l_ms=1.09467 qdelay_c_ms=8.16231 ecn_mark=973 drop=0
[QUEUE_STATS] t_ms=13168 q_pkts=20 q_bytes=30080 qdelay_l_ms=0.844467 qdelay_c_ms=8.06577 ecn_mark=974 drop=0
[QUEUE_STATS] t_ms=13184 q_pkts=23 q_bytes=34592 qdelay_l_ms=1.08269 qdelay_c_ms=7.67233 ecn_mark=974 drop=0
[QUEUE_STATS] t_ms=13200 q_pkts=23 q_bytes=34592 qdelay_l_ms=0.73955 qdelay_c_ms=8.85282 ecn_mark=974 drop=0
[QUEUE_STATS] t_ms=13216 q_pkts=22 q_bytes=33088 qdelay_l_ms=0.852813 qdelay_c_ms=8.138 ecn_mark=974 drop=0
[QUEUE_STATS] t_ms=13232 q_pkts=24 q_bytes=36096 qdelay_l_ms=0.917765 qdelay_c_ms=9.39815 ecn_mark=976 drop=0
[QUEUE_STATS] t_ms=13248 q_pkts=24 q_bytes=36096 qdelay_l_ms=1.09703 qdelay_c_ms=9.01201 ecn_mark=978 drop=0
[QUEUE_STATS] t_ms=13264 q_pkts=23 q_bytes=34592 qdelay_l_ms=0.597693 qdelay_c_ms=7.74862 ecn_mark=979 drop=0
[QUEUE_STATS] t_ms=13280 q_pkts=24 q_bytes=36096 qdelay_l_ms=0.667044 qdelay_c_ms=8.46054 ecn_mark=980 drop=0
[QUEUE_STATS] t_ms=13296 q_pkts=24 q_bytes=36096 qdelay_l_ms=1.09537 qdelay_c_ms=7.85406 ecn_mark=980 drop=0
[QUEUE_STATS] t_ms=13312 q_pkts=21 q_bytes=31584 qdelay_l_ms=0 qdelay_c_ms=9.03227 ecn_mark=981 drop=0
[QUEUE_STATS] t_ms=13328 q_pkts=24 q_bytes=36096 qdelay_l_ms=0.732036 qdelay_c_ms=8.57674 ecn_mark=984 drop=0
[QUEUE_STATS] t_ms=13344 q_pkts=22 q_bytes=33088 qdelay_l_ms=1.06561 qdelay_c_ms=8.80378 ecn_mark=984 drop=0
[QUEUE_STATS] t_ms=13360 q_pkts=22 q_bytes=33088 qdelay_l_ms=0.865416 qdelay_c_ms=7.75922 ecn_mark=984 drop=0
[QUEUE_STATS] t_ms=13376 q_pkts=23 q_bytes=34592 qdelay_l_ms=1.07236 qdelay_c_ms=8.83365 ecn_mark=985 drop=0
[QUEUE_STATS] t_ms=13392 q_pkts=23 q_bytes=34592 qdelay_l_ms=0.573638 qdelay_c_ms=9.75139 ecn_mark=985 drop=0
[QUEUE_STATS] t_ms=13408 q_pkts=25 q_bytes=37600 qdelay_l_ms=1.08244 qdelay_c_ms=9.44531 ecn_mark=985 drop=0
[QUEUE_STATS] t_ms=13424 q_pkts=26 q_bytes=39104 qdelay_l_ms=0.578868 qdelay_c_ms=8.71896 ecn_mark=987 drop=0
[QUEUE_STATS] t_ms=13440 q_pkts=25 q_bytes=37600 qdelay_l_ms=0.737035 qdelay_c_ms=9.83497 ecn_mark=987 drop=0
[QUEUE_STATS] t_ms=13456 q_pkts=24 q_bytes=36096 qdelay_l_ms=1.09241 qdelay_c_ms=8.81679 ecn_mark=987 drop=0
[QUEUE_STATS] t_ms=13472 q_pkts=24 q_bytes=36096 qdelay_l_ms=1.08105 qdelay_c_ms=8.90638 ecn_mark=988 drop=0
[QUEUE_STATS] t_ms=13488 q_pkts=24 q_bytes=36096 qdelay_l_ms=1.08275 qdelay_c_ms=8.67753 ecn_mark=989 drop=0
[QUEUE_STATS] t_ms=13504 q_pkts=26 q_bytes=39104 qdelay_l_ms=1.06133 qdelay_c_ms=9.98008 ecn_mark=991 drop=0
[QUEUE_STATS] t_ms=13520 q_pkts=25 q_bytes=37600 qdelay_l_ms=1.09439 qdelay_c_ms=8.98846 ecn_mark=991 drop=0
[QUEUE_STATS] t_ms=13536 q_pkts=25 q_bytes=37600 qdelay_l_ms=1.04115 qdelay_c_ms=9.92172 ecn_mark=992 drop=0
[QUEUE_STATS] t_ms=13552 q_pkts=26 q_bytes=39104 qdelay_l_ms=1.03973 qdelay_c_ms=10.2414 ecn_mark=992 drop=0
[QUEUE_STATS] t_ms=13568 q_pkts=27 q_bytes=40608 qdelay_l_ms=1.06998 qdelay_c_ms=10.0024 ecn_mark=995 drop=0
[QUEUE_STATS] t_ms=13584 q_pkts=25 q_bytes=37600 qdelay_l_ms=1.04563 qdelay_c_ms=10.9956 ecn_mark=995 drop=0
[QUEUE_STATS] t_ms=13600 q_pkts=29 q_bytes=43616 qdelay_l_ms=1.10171 qdelay_c_ms=8.91224 ecn_mark=996 drop=0
[QUEUE_STATS] t_ms=13616 q_pkts=30 q_bytes=45120 qdelay_l_ms=1.11238 qdelay_c_ms=10.7785 ecn_mark=997 drop=0
[QUEUE_STATS] t_ms=13632 q_pkts=28 q_bytes=42112 qdelay_l_ms=1.09547 qdelay_c_ms=10.6521 ecn_mark=998 drop=0
[QUEUE_STATS] t_ms=13648 q_pkts=29 q_bytes=43616 qdelay_l_ms=1.06729 qdelay_c_ms=10.1943 ecn_mark=998 drop=0
[QUEUE_STATS] t_ms=13664 q_pkts=30 q_bytes=45120 qdelay_l_ms=1.10118 qdelay_c_ms=10.6739 ecn_mark=1000 drop=0
[QUEUE_STATS] t_ms=13680 q_pkts=28 q_bytes=42112 qdelay_l_ms=1.07657 qdelay_c_ms=10.8623 ecn_mark=1000 drop=0
[QUEUE_STATS] t_ms=13696 q_pkts=29 q_bytes=43616 qdelay_l_ms=1.06337 qdelay_c_ms=11.5685 ecn_mark=1000 drop=0
[QUEUE_STATS] t_ms=13712 q_pkts=29 q_bytes=43616 qdelay_l_ms=1.10269 qdelay_c_ms=10.9482 ecn_mark=1000 drop=0
[QUEUE_STATS] t_ms=13728 q_pkts=30 q_bytes=45120 qdelay_l_ms=1.08303 qdelay_c_ms=11.4469 ecn_mark=1000 drop=0
[QUEUE_STATS] t_ms=13744 q_pkts=30 q_bytes=45120 qdelay_l_ms=0.844227 qdelay_c_ms=10.8486 ecn_mark=1000 drop=0
[QUEUE_STATS] t_ms=13760 q_pkts=31 q_bytes=46624 qdelay_l_ms=1.10186 qdelay_c_ms=11.6456 ecn_mark=1002 drop=0
[QUEUE_STATS] t_ms=13776 q_pkts=31 q_bytes=46624 qdelay_l_ms=1.04456 qdelay_c_ms=12.3463 ecn_mark=1004 drop=0
[QUEUE_STATS] t_ms=13792 q_pkts=29 q_bytes=43616 qdelay_l_ms=0.896686 qdelay_c_ms=11.1548 ecn_mark=1004 drop=0
[QUEUE_STATS] t_ms=13808 q_pkts=32 q_bytes=48128 qdelay_l_ms=1.07916 qdelay_c_ms=13.0333 ecn_mark=1005 drop=0
[QUEUE_STATS] t_ms=13824 q_pkts=31 q_bytes=46624 qdelay_l_ms=1.09537 qdelay_c_ms=12.9829 ecn_mark=1006 drop=0
[QUEUE_STATS] t_ms=13840 q_pkts=31 q_bytes=46624 qdelay_l_ms=1.06593 qdelay_c_ms=11.5419 ecn_mark=1008 drop=0
[QUEUE_STATS] t_ms=13856 q_pkts=33 q_bytes=49632 qdelay_l_ms=1.09884 qdelay_c_ms=13.3169 ecn_mark=1008 drop=0
[QUEUE_STATS] t_ms=13872 q_pkts=32 q_bytes=48128 qdelay_l_ms=1.06632 qdelay_c_ms=13.0576 ecn_mark=1008 drop=0
[QUEUE_STATS] t_ms=13888 q_pkts=32 q_bytes=48128 qdelay_l_ms=1.09298 qdelay_c_ms=11.6715 ecn_mark=1008 drop=0
[QUEUE_STATS] t_ms=13904 q_pkts=34 q_bytes=51136 qdelay_l_ms=1.07423 qdelay_c_ms=13.2831 ecn_mark=1009 drop=0
[QUEUE_STATS] t_ms=13920 q_pkts=33 q_bytes=49632 qdelay_l_ms=1.0635 qdelay_c_ms=13.7748 ecn_mark=1009 drop=0
[QUEUE_STATS] t_ms=13936 q_pkts=34 q_bytes=51136 qdelay_l_ms=0.634994 qdelay_c_ms=12.5866 ecn_mark=1010 drop=0
[QUEUE_STATS] t_ms=13952 q_pkts=34 q_bytes=51136 qdelay_l_ms=0.844247 qdelay_c_ms=13.0241 ecn_mark=1013 drop=0
[QUEUE_STATS] t_ms=13968 q_pkts=34 q_bytes=51136 qdelay_l_ms=1.07772 qdelay_c_ms=13.2145 ecn_mark=1014 drop=0
[QUEUE_STATS] t_ms=13984 q_pkts=32 q_bytes=48128 qdelay_l_ms=1.0653 qdelay_c_ms=13.8402 ecn_mark=1015 drop=0
[QUEUE_STATS] t_ms=14000 q_pkts=35 q_bytes=52640 qdelay_l_ms=1.08386 qdelay_c_ms=14.275 ecn_mark=1016 drop=0
[QUEUE_STATS] t_ms=14016 q_pkts=33 q_bytes=49632 qdelay_l_ms=0.567096 qdelay_c_ms=12.7136 ecn_mark=1017 drop=0
[QUEUE_STATS] t_ms=14032 q_pkts=34 q_bytes=51136 qdelay_l_ms=0.331564 qdelay_c_ms=13.8149 ecn_mark=1017 drop=0
[QUEUE_STATS] t_ms=14048 q_pkts=36 q_bytes=54144 qdelay_l_ms=1.04846 qdelay_c_ms=14.1383 ecn_mark=1018 drop=0
[QUEUE_STATS] t_ms=14064 q_pkts=37 q_bytes=55648 qdelay_l_ms=1.07364 qdelay_c_ms=14.1087 ecn_mark=1019 drop=0
[QUEUE_STATS] t_ms=14080 q_pkts=35 q_bytes=52640 qdelay_l_ms=1.07476 qdelay_c_ms=14.2656 ecn_mark=1020 drop=0
[QUEUE_STATS] t_ms=14096 q_pkts=37 q_bytes=55648 qdelay_l_ms=0.55895 qdelay_c_ms=13.4672 ecn_mark=1020 drop=0
[QUEUE_STATS] t_ms=14112 q_pkts=36 q_bytes=54144 qdelay_l_ms=1.09143 qdelay_c_ms=14.2121 ecn_mark=1020 drop=0
[QUEUE_STATS] t_ms=14128 q_pkts=35 q_bytes=52640 qdelay_l_ms=1.09086 qdelay_c_ms=15.4811 ecn_mark=1022 drop=0
[QUEUE_STATS] t_ms=14144 q_pkts=38 q_bytes=57152 qdelay_l_ms=1.09175 qdelay_c_ms=13.4673 ecn_mark=1025 drop=0
[QUEUE_STATS] t_ms=14160 q_pkts=37 q_bytes=55648 qdelay_l_ms=1.07266 qdelay_c_ms=15.0699 ecn_mark=1025 drop=0
[QUEUE_STATS] t_ms=14176 q_pkts=36 q_bytes=54144 qdelay_l_ms=1.09029 qdelay_c_ms=13.9167 ecn_mark=1028 drop=0
[QUEUE_STATS] t_ms=14192 q_pkts=40 q_bytes=60160 qdelay_l_ms=0.831843 qdelay_c_ms=15.0714 ecn_mark=1029 drop=0
[QUEUE_STATS] t_ms=14208 q_pkts=38 q_bytes=57152 qdelay_l_ms=1.06688 qdelay_c_ms=15.0994 ecn_mark=1032 drop=0
[QUEUE_STATS] t_ms=14224 q_pkts=36 q_bytes=54144 qdelay_l_ms=1.07402 qdelay_c_ms=15.1939 ecn_mark=1032 drop=0
[QUEUE_STATS] t_ms=14240 q_pkts=40 q_bytes=60160 qdelay_l_ms=1.09493 qdelay_c_ms=15.0405 ecn_mark=1033 drop=0
[QUEUE_STATS] t_ms=14256 q_pkts=37 q_bytes=55648 qdelay_l_ms=1.08873 qdelay_c_ms=14.76 ecn_mark=1033 drop=0
[QUEUE_STATS] t_ms=14272 q_pkts=37 q_bytes=55648 qdelay_l_ms=1.06819 qdelay_c_ms=14.8382 ecn_mark=1034 drop=0
[QUEUE_STATS] t_ms=14288 q_pkts=38 q_bytes=57152 qdelay_l_ms=1.00118 qdelay_c_ms=14.9773 ecn_mark=1035 drop=0
[QUEUE_STATS] t_ms=14304 q_pkts=39 q_bytes=58656 qdelay_l_ms=1.08611 qdelay_c_ms=15.0353 ecn_mark=1035 drop=0
[QUEUE_STATS] t_ms=14320 q_pkts=37 q_bytes=55648 qdelay_l_ms=1.0898 qdelay_c_ms=15.3688 ecn_mark=1035 drop=0
[QUEUE_STATS] t_ms=14336 q_pkts=39 q_bytes=58656 qdelay_l_ms=1.06314 qdelay_c_ms=15.846 ecn_mark=1036 drop=0
[QUEUE_STATS] t_ms=14352 q_pkts=38 q_bytes=57152 qdelay_l_ms=1.07661 qdelay_c_ms=15.0275 ecn_mark=1037 drop=0
[QUEUE_STATS] t_ms=14368 q_pkts=38 q_bytes=57152 qdelay_l_ms=1.07866 qdelay_c_ms=15.1388 ecn_mark=1037 drop=0
[QUEUE_STATS] t_ms=14384 q_pkts=39 q_bytes=58656 qdelay_l_ms=1.06235 qdelay_c_ms=15.445 ecn_mark=1037 drop=0
[QUEUE_STATS] t_ms=14400 q_pkts=37 q_bytes=55648 qdelay_l_ms=1.07852 qdelay_c_ms=15.4807 ecn_mark=1038 drop=0
[QUEUE_STATS] t_ms=14416 q_pkts=40 q_bytes=60160 qdelay_l_ms=1.09363 qdelay_c_ms=15.3747 ecn_mark=1041 drop=0
[QUEUE_STATS] t_ms=14432 q_pkts=41 q_bytes=61664 qdelay_l_ms=1.0776 qdelay_c_ms=15.128 ecn_mark=1041 drop=0
[QUEUE_STATS] t_ms=14448 q_pkts=38 q_bytes=57152 qdelay_l_ms=1.07385 qdelay_c_ms=16.0842 ecn_mark=1043 drop=0
[QUEUE_STATS] t_ms=14464 q_pkts=39 q_bytes=58656 qdelay_l_ms=1.09635 qdelay_c_ms=14.7999 ecn_mark=1044 drop=0
[QUEUE_STATS] t_ms=14480 q_pkts=40 q_bytes=60160 qdelay_l_ms=1.07896 qdelay_c_ms=16.1574 ecn_mark=1045 drop=0
[QUEUE_STATS] t_ms=14496 q_pkts=40 q_bytes=60160 qdelay_l_ms=1.09637 qdelay_c_ms=15.5575 ecn_mark=1045 drop=0
[QUEUE_STATS] t_ms=14512 q_pkts=39 q_bytes=58656 qdelay_l_ms=0.848154 qdelay_c_ms=15.8934 ecn_mark=1046 drop=0
[QUEUE_STATS] t_ms=14528 q_pkts=40 q_bytes=60160 qdelay_l_ms=1.06139 qdelay_c_ms=15.2422 ecn_mark=1047 drop=0
[QUEUE_STATS] t_ms=14544 q_pkts=39 q_bytes=58656 qdelay_l_ms=1.07891 qdelay_c_ms=15.6647 ecn_mark=1048 drop=0
[QUEUE_STATS] t_ms=14560 q_pkts=39 q_bytes=58656 qdelay_l_ms=0.549022 qdelay_c_ms=15.8698 ecn_mark=1049 drop=0
[QUEUE_STATS] t_ms=14576 q_pkts=40 q_bytes=60160 qdelay_l_ms=1.0976 qdelay_c_ms=15.1055 ecn_mark=1051 drop=0
[QUEUE_STATS] t_ms=14592 q_pkts=42 q_bytes=63168 qdelay_l_ms=1.06612 qdelay_c_ms=16.2188 ecn_mark=1052 drop=0
[QUEUE_STATS] t_ms=14608 q_pkts=40 q_bytes=60160 qdelay_l_ms=1.09095 qdelay_c_ms=17.1508 ecn_mark=1054 drop=0
[QUEUE_STATS] t_ms=14624 q_pkts=42 q_bytes=63168 qdelay_l_ms=1.09754 qdelay_c_ms=15.7805 ecn_mark=1056 drop=0
[QUEUE_STATS] t_ms=14640 q_pkts=40 q_bytes=60160 qdelay_l_ms=0.840609 qdelay_c_ms=17.05 ecn_mark=1058 drop=0
[QUEUE_STATS] t_ms=14656 q_pkts=40 q_bytes=60160 qdelay_l_ms=1.07695 qdelay_c_ms=15.9017 ecn_mark=1060 drop=0
[QUEUE_STATS] t_ms=14672 q_pkts=42 q_bytes=63168 qdelay_l_ms=1.06736 qdelay_c_ms=16.3121 ecn_mark=1060 drop=0
[QUEUE_STATS] t_ms=14688 q_pkts=42 q_bytes=63168 qdelay_l_ms=1.09101 qdelay_c_ms=16.5643 ecn_mark=1061 drop=0
[QUEUE_STATS] t_ms=14704 q_pkts=42 q_bytes=63168 qdelay_l_ms=0.541317 qdelay_c_ms=15.9488 ecn_mark=1062 drop=0
[QUEUE_STATS] t_ms=14720 q_pkts=39 q_bytes=58656 qdelay_l_ms=1.09743 qdelay_c_ms=16.8796 ecn_mark=1063 drop=0
[QUEUE_STATS] t_ms=14736 q_pkts=40 q_bytes=60160 qdelay_l_ms=1.05312 qdelay_c_ms=16.0118 ecn_mark=1064 drop=0
[QUEUE_STATS] t_ms=14752 q_pkts=39 q_bytes=58656 qdelay_l_ms=1.0872 qdelay_c_ms=15.3503 ecn_mark=1064 drop=0
[QUEUE_STATS] t_ms=14768 q_pkts=41 q_bytes=61664 qdelay_l_ms=0.29806 qdelay_c_ms=16.7243 ecn_mark=1065 drop=0
[QUEUE_STATS] t_ms=14784 q_pkts=42 q_bytes=63168 qdelay_l_ms=1.08024 qdelay_c_ms=16.1239 ecn_mark=1066 drop=0
[QUEUE_STATS] t_ms=14800 q_pkts=41 q_bytes=61664 qdelay_l_ms=1.06652 qdelay_c_ms=16.2919 ecn_mark=1067 drop=0
[QUEUE_STATS] t_ms=14816 q_pkts=30 q_bytes=45120 qdelay_l_ms=0.832024 qdelay_c_ms=16.724 ecn_mark=1068 drop=0
[QUEUE_STATS] t_ms=14832 q_pkts=16 q_bytes=24064 qdelay_l_ms=1.07254 qdelay_c_ms=9.3037 ecn_mark=1071 drop=0
[QUEUE_STATS] t_ms=14848 q_pkts=4 q_bytes=6016 qdelay_l_ms=1.07191 qdelay_c_ms=2.23532 ecn_mark=1072 drop=0
[QUEUE_STATS] t_ms=14864 q_pkts=7 q_bytes=10528 qdelay_l_ms=1.09606 qdelay_c_ms=1.61929 ecn_mark=1072 drop=0
[QUEUE_STATS] t_ms=14880 q_pkts=6 q_bytes=9024 qdelay_l_ms=1.10009 qdelay_c_ms=1.0923 ecn_mark=1072 drop=0
[QUEUE_STATS] t_ms=14896 q_pkts=4 q_bytes=6016 qdelay_l_ms=1.07864 qdelay_c_ms=2.1041 ecn_mark=1072 drop=0
[QUEUE_STATS] t_ms=14912 q_pkts=8 q_bytes=12032 qdelay_l_ms=1.09339 qdelay_c_ms=2.17415 ecn_mark=1072 drop=0
[QUEUE_STATS] t_ms=14928 q_pkts=5 q_bytes=7520 qdelay_l_ms=1.09112 qdelay_c_ms=2.08637 ecn_mark=1073 drop=0
[QUEUE_STATS] t_ms=14944 q_pkts=6 q_bytes=9024 qdelay_l_ms=1.05354 qdelay_c_ms=2.18182 ecn_mark=1073 drop=0
[QUEUE_STATS] t_ms=14960 q_pkts=7 q_bytes=10528 qdelay_l_ms=1.09158 qdelay_c_ms=2.15642 ecn_mark=1074 drop=0
[QUEUE_STATS] t_ms=14976 q_pkts=6 q_bytes=9024 qdelay_l_ms=1.08216 qdelay_c_ms=1.59903 ecn_mark=1074 drop=0
[QUEUE_STATS] t_ms=14992 q_pkts=4 q_bytes=6016 qdelay_l_ms=1.05574 qdelay_c_ms=1.05079 ecn_mark=1074 drop=0
[QUEUE_STATS] t_ms=15008 q_pkts=6 q_bytes=9024 qdelay_l_ms=1.07987 qdelay_c_ms=2.09456 ecn_mark=1075 drop=0
[QUEUE_STATS] t_ms=15024 q_pkts=5 q_bytes=7520 qdelay_l_ms=1.09293 qdelay_c_ms=2.16914 ecn_mark=1075 drop=0
[QUEUE_STATS] t_ms=15040 q_pkts=5 q_bytes=7520 qdelay_l_ms=1.09549 qdelay_c_ms=2.15358 ecn_mark=1075 drop=0
[QUEUE_STATS] t_ms=15056 q_pkts=6 q_bytes=9024 qdelay_l_ms=1.07426 qdelay_c_ms=2.09611 ecn_mark=1076 drop=0
[QUEUE_STATS] t_ms=15072 q_pkts=6 q_bytes=9024 qdelay_l_ms=1.09813 qdelay_c_ms=1.09165 ecn_mark=1077 drop=0
[QUEUE_STATS] t_ms=15088 q_pkts=5 q_bytes=7520 qdelay_l_ms=1.08895 qdelay_c_ms=1.58752 ecn_mark=1078 drop=0
[QUEUE_STATS] t_ms=15104 q_pkts=6 q_bytes=9024 qdelay_l_ms=1.07729 qdelay_c_ms=2.1264 ecn_mark=1080 drop=0
[QUEUE_STATS] t_ms=15120 q_pkts=6 q_bytes=9024 qdelay_l_ms=1.08555 qdelay_c_ms=2.14744 ecn_mark=1081 drop=0
[QUEUE_STATS] t_ms=15136 q_pkts=6 q_bytes=9024 qdelay_l_ms=1.09531 qdelay_c_ms=2.16722 ecn_mark=1083 drop=0
[QUEUE_STATS] t_ms=15152 q_pkts=6 q_bytes=9024 qdelay_l_ms=1.07389 qdelay_c_ms=2.65464 ecn_mark=1083 drop=0
[QUEUE_STATS] t_ms=15168 q_pkts=5 q_bytes=7520 qdelay_l_ms=1.09513 qdelay_c_ms=1.8945 ecn_mark=1083 drop=0
[QUEUE_STATS] t_ms=15184 q_pkts=6 q_bytes=9024 qdelay_l_ms=0.557698 qdelay_c_ms=2.69843 ecn_mark=1085 drop=0
[QUEUE_STATS] t_ms=15200 q_pkts=6 q_bytes=9024 qdelay_l_ms=1.08605 qdelay_c_ms=2.15373 ecn_mark=1085 drop=0
[QUEUE_STATS] t_ms=15216 q_pkts=8 q_bytes=12032 qdelay_l_ms=1.10012 qdelay_c_ms=3.25435 ecn_mark=1085 drop=0
[QUEUE_STATS] t_ms=15232 q_pkts=7 q_bytes=10528 qdelay_l_ms=1.09221 qdelay_c_ms=3.23462 ecn_mark=1085 drop=0
[QUEUE_STATS] t_ms=15248 q_pkts=8 q_bytes=12032 qdelay_l_ms=0.844778 qdelay_c_ms=2.98378 ecn_mark=1085 drop=0
[QUEUE_STATS] t_ms=15264 q_pkts=8 q_bytes=12032 qdelay_l_ms=0.290657 qdelay_c_ms=1.41413 ecn_mark=1085 drop=0
[QUEUE_STATS] t_ms=15280 q_pkts=9 q_bytes=13536 qdelay_l_ms=0.827335 qdelay_c_ms=1.9096 ecn_mark=1086 drop=0
[QUEUE_STATS] t_ms=15296 q_pkts=9 q_bytes=13536 qdelay_l_ms=1.06784 qdelay_c_ms=3.15733 ecn_mark=1087 drop=0
[QUEUE_STATS] t_ms=15312 q_pkts=7 q_bytes=10528 qdelay_l_ms=1.07842 qdelay_c_ms=2.67123 ecn_mark=1087 drop=0
[QUEUE_STATS] t_ms=15328 q_pkts=9 q_bytes=13536 qdelay_l_ms=1.08246 qdelay_c_ms=3.73771 ecn_mark=1087 drop=0
[QUEUE_STATS] t_ms=15344 q_pkts=11 q_bytes=16544 qdelay_l_ms=1.09669 qdelay_c_ms=3.19687 ecn_mark=1087 drop=0
[QUEUE_STATS] t_ms=15360 q_pkts=9 q_bytes=13536 qdelay_l_ms=1.09596 qdelay_c_ms=3.72398 ecn_mark=1088 drop=0
[QUEUE_STATS] t_ms=15376 q_pkts=10 q_bytes=15040 qdelay_l_ms=1.06771 qdelay_c_ms=3.75056 ecn_mark=1089 drop=0
[QUEUE_STATS] t_ms=15392 q_pkts=11 q_bytes=16544 qdelay_l_ms=1.07152 qdelay_c_ms=4.77065 ecn_mark=1089 drop=0
[QUEUE_STATS] t_ms=15408 q_pkts=10 q_bytes=15040 qdelay_l_ms=0.411434 qdelay_c_ms=4.61429 ecn_mark=1089 drop=0
[QUEUE_STATS] t_ms=15424 q_pkts=12 q_bytes=18048 qdelay_l_ms=1.10601 qdelay_c_ms=4.06205 ecn_mark=1090 drop=0
[QUEUE_STATS] t_ms=15440 q_pkts=13 q_bytes=19552 qdelay_l_ms=1.05119 qdelay_c_ms=4.79367 ecn_mark=1091 drop=0
[QUEUE_STATS] t_ms=15456 q_pkts=13 q_bytes=19552 qdelay_l_ms=1.10486 qdelay_c_ms=5.1826 ecn_mark=1091 drop=0
[QUEUE_STATS] t_ms=15472 q_pkts=12 q_bytes=18048 qdelay_l_ms=1.05559 qdelay_c_ms=3.95275 ecn_mark=1091 drop=0
[QUEUE_STATS] t_ms=15488 q_pkts=13 q_bytes=19552 qdelay_l_ms=1.04985 qdelay_c_ms=4.70458 ecn_mark=1092 drop=0
[QUEUE_STATS] t_ms=15504 q_pkts=14 q_bytes=21056 qdelay_l_ms=1.06996 qdelay_c_ms=4.61432 ecn_mark=1094 drop=0
[QUEUE_STATS] t_ms=15520 q_pkts=13 q_bytes=19552 qdelay_l_ms=0.897417 qdelay_c_ms=5.20062 ecn_mark=1094 drop=0
[QUEUE_STATS] t_ms=15536 q_pkts=14 q_bytes=21056 qdelay_l_ms=0.536468 qdelay_c_ms=4.52562 ecn_mark=1096 drop=0
[QUEUE_STATS] t_ms=15552 q_pkts=16 q_bytes=24064 qdelay_l_ms=1.07717 qdelay_c_ms=5.3791 ecn_mark=1097 drop=0
[QUEUE_STATS] t_ms=15568 q_pkts=14 q_bytes=21056 qdelay_l_ms=0.529345 qdelay_c_ms=4.67719 ecn_mark=1098 drop=0
[QUEUE_STATS] t_ms=15584 q_pkts=14 q_bytes=21056 qdelay_l_ms=1.05019 qdelay_c_ms=4.70033 ecn_mark=1099 drop=0
[QUEUE_STATS] t_ms=15600 q_pkts=14 q_bytes=21056 qdelay_l_ms=0.788633 qdelay_c_ms=5.86472 ecn_mark=1100 drop=0
[QUEUE_STATS] t_ms=15616 q_pkts=14 q_bytes=21056 qdelay_l_ms=1.05042 qdelay_c_ms=5.1041 ecn_mark=1101 drop=0
[QUEUE_STATS] t_ms=15632 q_pkts=16 q_bytes=24064 qdelay_l_ms=1.10039 qdelay_c_ms=6.48534 ecn_mark=1104 drop=0
[QUEUE_STATS] t_ms=15648 q_pkts=14 q_bytes=21056 qdelay_l_ms=0.525358 qdelay_c_ms=5.57107 ecn_mark=1104 drop=0
[QUEUE_STATS] t_ms=15664 q_pkts=16 q_bytes=24064 qdelay_l_ms=1.06668 qdelay_c_ms=5.76323 ecn_mark=1105 drop=0
[QUEUE_STATS] t_ms=15680 q_pkts=16 q_bytes=24064 qdelay_l_ms=1.05582 qdelay_c_ms=5.65694 ecn_mark=1105 drop=0
[QUEUE_STATS] t_ms=15696 q_pkts=15 q_bytes=22560 qdelay_l_ms=0.499358 qdelay_c_ms=4.66464 ecn_mark=1108 drop=0
[QUEUE_STATS] t_ms=15712 q_pkts=15 q_bytes=22560 qdelay_l_ms=1.05877 qdelay_c_ms=5.56589 ecn_mark=1108 drop=0
[QUEUE_STATS] t_ms=15728 q_pkts=18 q_bytes=27072 qdelay_l_ms=1.05791 qdelay_c_ms=5.54101 ecn_mark=1109 drop=0
[QUEUE_STATS] t_ms=15744 q_pkts=14 q_bytes=21056 qdelay_l_ms=1.04002 qdelay_c_ms=4.50693 ecn_mark=1111 drop=0
[QUEUE_STATS] t_ms=15760 q_pkts=16 q_bytes=24064 qdelay_l_ms=0.374334 qdelay_c_ms=5.65942 ecn_mark=1113 drop=0
[QUEUE_STATS] t_ms=15776 q_pkts=18 q_bytes=27072 qdelay_l_ms=1.09985 qdelay_c_ms=6.13771 ecn_mark=1113 drop=0
[QUEUE_STATS] t_ms=15792 q_pkts=6 q_bytes=9024 qdelay_l_ms=1.05042 qdelay_c_ms=3.52661 ecn_mark=1113 drop=0
[QUEUE_STATS] t_ms=15808 q_pkts=4 q_bytes=6016 qdelay_l_ms=1.09577 qdelay_c_ms=1.08866 ecn_mark=1115 drop=0
[QUEUE_STATS] t_ms=15824 q_pkts=2 q_bytes=3008 qdelay_l_ms=1.05024 qdelay_c_ms=0 ecn_mark=1116 drop=0
[QUEUE_STATS] t_ms=15840 q_pkts=5 q_bytes=7520 qdelay_l_ms=1.05 qdelay_c_ms=3.11579 ecn_mark=1116 drop=0
[QUEUE_STATS] t_ms=15856 q_pkts=3 q_bytes=4512 qdelay_l_ms=1.04498 qdelay_c_ms=1.03814 ecn_mark=1116 drop=0
[QUEUE_STATS] t_ms=15872 q_pkts=8 q_bytes=12032 qdelay_l_ms=0.900242 qdelay_c_ms=0.894651 ecn_mark=1118 drop=0
[QUEUE_STATS] t_ms=15888 q_pkts=2 q_bytes=3008 qdelay_l_ms=1.04976 qdelay_c_ms=2.07009 ecn_mark=1118 drop=0
[QUEUE_STATS] t_ms=15904 q_pkts=3 q_bytes=4512 qdelay_l_ms=1.06274 qdelay_c_ms=1.05734 ecn_mark=1119 drop=0
[QUEUE_STATS] t_ms=15920 q_pkts=8 q_bytes=12032 qdelay_l_ms=1.09899 qdelay_c_ms=2.12172 ecn_mark=1120 drop=0
[QUEUE_STATS] t_ms=15936 q_pkts=4 q_bytes=6016 qdelay_l_ms=1.09405 qdelay_c_ms=1.08675 ecn_mark=1121 drop=0
[QUEUE_STATS] t_ms=15952 q_pkts=2 q_bytes=3008 qdelay_l_ms=1.03868 qdelay_c_ms=1.03196 ecn_mark=1122 drop=0
[QUEUE_STATS] t_ms=15969 q_pkts=6 q_bytes=9024 qdelay_l_ms=1.0951 qdelay_c_ms=1.0888 ecn_mark=1123 drop=0
[QUEUE_STATS] t_ms=15984 q_pkts=4 q_bytes=6016 qdelay_l_ms=1.03963 qdelay_c_ms=1.03263 ecn_mark=1124 drop=0
[QUEUE_STATS] t_ms=16000 q_pkts=2 q_bytes=3008 qdelay_l_ms=0 qdelay_c_ms=1.04117 ecn_mark=1124 drop=0
[QUEUE_STATS] t_ms=16016 q_pkts=8 q_bytes=12032 qdelay_l_ms=1.03701 qdelay_c_ms=2.01283 ecn_mark=1124 drop=0
[QUEUE_STATS] t_ms=16032 q_pkts=4 q_bytes=6016 qdelay_l_ms=1.01209 qdelay_c_ms=1.03327 ecn_mark=1125 drop=0
[QUEUE_STATS] t_ms=16048 q_pkts=4 q_bytes=6016 qdelay_l_ms=1.02095 qdelay_c_ms=1.01319 ecn_mark=1126 drop=0
[QUEUE_STATS] t_ms=16064 q_pkts=4 q_bytes=6016 qdelay_l_ms=1.09537 qdelay_c_ms=1.08865 ecn_mark=1126 drop=0
[QUEUE_STATS] t_ms=16080 q_pkts=4 q_bytes=6016 qdelay_l_ms=1.03449 qdelay_c_ms=1.02785 ecn_mark=1126 drop=0
[QUEUE_STATS] t_ms=16096 q_pkts=4 q_bytes=6016 qdelay_l_ms=1.02994 qdelay_c_ms=2.02356 ecn_mark=1128 drop=0
[QUEUE_STATS] t_ms=16112 q_pkts=6 q_bytes=9024 qdelay_l_ms=1.12165 qdelay_c_ms=1.1107 ecn_mark=1129 drop=0
[QUEUE_STATS] t_ms=16128 q_pkts=4 q_bytes=6016 qdelay_l_ms=0.786368 qdelay_c_ms=0.780166 ecn_mark=1130 drop=0
[QUEUE_STATS] t_ms=16144 q_pkts=6 q_bytes=9024 qdelay_l_ms=1.02175 qdelay_c_ms=2.00962 ecn_mark=1130 drop=0
[QUEUE_STATS] t_ms=16160 q_pkts=2 q_bytes=3008 qdelay_l_ms=0.377579 qdelay_c_ms=0 ecn_mark=1131 drop=0
[QUEUE_STATS] t_ms=16176 q_pkts=3 q_bytes=4512 qdelay_l_ms=1.03833 qdelay_c_ms=2.02362 ecn_mark=1135 drop=0
[QUEUE_STATS] t_ms=16192 q_pkts=4 q_bytes=6016 qdelay_l_ms=1.00101 qdelay_c_ms=1.0255 ecn_mark=1136 drop=0
[QUEUE_STATS] t_ms=16208 q_pkts=3 q_bytes=4512 qdelay_l_ms=0.887358 qdelay_c_ms=2.02028 ecn_mark=1136 drop=0
[QUEUE_STATS] t_ms=16224 q_pkts=4 q_bytes=6016 qdelay_l_ms=1.09723 qdelay_c_ms=1.08979 ecn_mark=1137 drop=0
[QUEUE_STATS] t_ms=16240 q_pkts=4 q_bytes=6016 qdelay_l_ms=1.03019 qdelay_c_ms=1.02239 ecn_mark=1140 drop=0
[QUEUE_STATS] t_ms=16256 q_pkts=5 q_bytes=7520 qdelay_l_ms=0.876488 qdelay_c_ms=2.01859 ecn_mark=1141 drop=0
[QUEUE_STATS] t_ms=16272 q_pkts=3 q_bytes=4512 qdelay_l_ms=0.759938 qdelay_c_ms=1.88312 ecn_mark=1141 drop=0
[QUEUE_STATS] t_ms=16288 q_pkts=4 q_bytes=6016 qdelay_l_ms=0.517332 qdelay_c_ms=0.511722 ecn_mark=1141 drop=0
[QUEUE_STATS] t_ms=16304 q_pkts=6 q_bytes=9024 qdelay_l_ms=1.0967 qdelay_c_ms=1.09025 ecn_mark=1141 drop=0
[QUEUE_STATS] t_ms=16320 q_pkts=5 q_bytes=7520 qdelay_l_ms=1.03717 qdelay_c_ms=1.91769 ecn_mark=1141 drop=0
[QUEUE_STATS] t_ms=16336 q_pkts=4 q_bytes=6016 qdelay_l_ms=1.00705 qdelay_c_ms=0.995982 ecn_mark=1141 drop=0
[QUEUE_STATS] t_ms=16352 q_pkts=7 q_bytes=10528 qdelay_l_ms=1.10181 qdelay_c_ms=2.33473 ecn_mark=1141 drop=0
[QUEUE_STATS] t_ms=16368 q_pkts=8 q_bytes=12032 qdelay_l_ms=1.01325 qdelay_c_ms=3.28017 ecn_mark=1141 drop=0
[QUEUE_STATS] t_ms=16384 q_pkts=2 q_bytes=3008 qdelay_l_ms=0.998947 qdelay_c_ms=1.95565 ecn_mark=1141 drop=0
[QUEUE_STATS] t_ms=16400 q_pkts=4 q_bytes=6016 qdelay_l_ms=1.0029 qdelay_c_ms=0.995872 ecn_mark=1141 drop=0
[QUEUE_STATS] t_ms=16416 q_pkts=4 q_bytes=6016 qdelay_l_ms=0.786849 qdelay_c_ms=0.781048 ecn_mark=1141 drop=0
[QUEUE_STATS] t_ms=16432 q_pkts=6 q_bytes=9024 qdelay_l_ms=0.979221 qdelay_c_ms=0.973109 ecn_mark=1142 drop=0
[QUEUE_STATS] t_ms=16448 q_pkts=4 q_bytes=6016 qdelay_l_ms=1.04608 qdelay_c_ms=1.04111 ecn_mark=1144 drop=0
[QUEUE_STATS] t_ms=16464 q_pkts=4 q_bytes=6016 qdelay_l_ms=0.985953 qdelay_c_ms=0.978449 ecn_mark=1145 drop=0
[QUEUE_STATS] t_ms=16480 q_pkts=5 q_bytes=7520 qdelay_l_ms=0.962459 qdelay_c_ms=2.91253 ecn_mark=1145 drop=0
[QUEUE_STATS] t_ms=16496 q_pkts=4 q_bytes=6016 qdelay_l_ms=1.0941 qdelay_c_ms=1.08737 ecn_mark=1146 drop=0
[QUEUE_STATS] t_ms=16512 q_pkts=6 q_bytes=9024 qdelay_l_ms=0.972558 qdelay_c_ms=0.966436 ecn_mark=1148 drop=0
[QUEUE_STATS] t_ms=16528 q_pkts=4 q_bytes=6016 qdelay_l_ms=1.07868 qdelay_c_ms=2.12429 ecn_mark=1148 drop=0
[QUEUE_STATS] t_ms=16544 q_pkts=6 q_bytes=9024 qdelay_l_ms=0.986584 qdelay_c_ms=0.980042 ecn_mark=1150 drop=0
[QUEUE_STATS] t_ms=16560 q_pkts=5 q_bytes=7520 qdelay_l_ms=0.949083 qdelay_c_ms=1.89527 ecn_mark=1151 drop=0
[QUEUE_STATS] t_ms=16576 q_pkts=7 q_bytes=10528 qdelay_l_ms=1.10535 qdelay_c_ms=2.14701 ecn_mark=1152 drop=0
[QUEUE_STATS] t_ms=16592 q_pkts=5 q_bytes=7520 qdelay_l_ms=0.814401 qdelay_c_ms=1.95299 ecn_mark=1154 drop=0
[QUEUE_STATS] t_ms=16608 q_pkts=4 q_bytes=6016 qdelay_l_ms=1.04454 qdelay_c_ms=2.10119 ecn_mark=1154 drop=0
[QUEUE_STATS] t_ms=16624 q_pkts=4 q_bytes=6016 qdelay_l_ms=1.05786 qdelay_c_ms=2.21312 ecn_mark=1155 drop=0
[QUEUE_STATS] t_ms=16640 q_pkts=7 q_bytes=10528 qdelay_l_ms=0.979942 qdelay_c_ms=1.18539 ecn_mark=1156 drop=0
[QUEUE_STATS] t_ms=16656 q_pkts=4 q_bytes=6016 qdelay_l_ms=0.977017 qdelay_c_ms=0.969563 ecn_mark=1157 drop=0
[QUEUE_STATS] t_ms=16672 q_pkts=4 q_bytes=6016 qdelay_l_ms=1.08439 qdelay_c_ms=1.84302 ecn_mark=1159 drop=0
[QUEUE_STATS] t_ms=16688 q_pkts=5 q_bytes=7520 qdelay_l_ms=0.784725 qdelay_c_ms=1.95302 ecn_mark=1160 drop=0
[QUEUE_STATS] t_ms=16704 q_pkts=6 q_bytes=9024 qdelay_l_ms=0.971576 qdelay_c_ms=1.91598 ecn_mark=1160 drop=0
[QUEUE_STATS] t_ms=16720 q_pkts=7 q_bytes=10528 qdelay_l_ms=1.08154 qdelay_c_ms=3.19857 ecn_mark=1160 drop=0
[QUEUE_STATS] t_ms=16736 q_pkts=5 q_bytes=7520 qdelay_l_ms=0.97412 qdelay_c_ms=1.92238 ecn_mark=1161 drop=0
[QUEUE_STATS] t_ms=16752 q_pkts=4 q_bytes=6016 qdelay_l_ms=1.07194 qdelay_c_ms=1.08941 ecn_mark=1162 drop=0
[QUEUE_STATS] t_ms=16768 q_pkts=5 q_bytes=7520 qdelay_l_ms=0.712689 qdelay_c_ms=1.88233 ecn_mark=1162 drop=0
[QUEUE_STATS] t_ms=16784 q_pkts=5 q_bytes=7520 qdelay_l_ms=0.956077 qdelay_c_ms=0.983719 ecn_mark=1163 drop=0
[QUEUE_STATS] t_ms=16800 q_pkts=3 q_bytes=4512 qdelay_l_ms=0.771971 qdelay_c_ms=0.766791 ecn_mark=1164 drop=0
[QUEUE_STATS] t_ms=16816 q_pkts=7 q_bytes=10528 qdelay_l_ms=1.07255 qdelay_c_ms=2.95154 ecn_mark=1165 drop=0
[QUEUE_STATS] t_ms=16832 q_pkts=6 q_bytes=9024 qdelay_l_ms=0.710124 qdelay_c_ms=2.84822 ecn_mark=1166 drop=0
[QUEUE_STATS] t_ms=16848 q_pkts=6 q_bytes=9024 qdelay_l_ms=1.06373 qdelay_c_ms=1.05849 ecn_mark=1169 drop=0
[QUEUE_STATS] t_ms=16864 q_pkts=4 q_bytes=6016 qdelay_l_ms=1.05051 qdelay_c_ms=2.19826 ecn_mark=1171 drop=0
[QUEUE_STATS] t_ms=16880 q_pkts=6 q_bytes=9024 qdelay_l_ms=1.06807 qdelay_c_ms=1.06192 ecn_mark=1172 drop=0
[QUEUE_STATS] t_ms=16896 q_pkts=5 q_bytes=7520 qdelay_l_ms=1.04483 qdelay_c_ms=3.13768 ecn_mark=1172 drop=0
[QUEUE_STATS] t_ms=16912 q_pkts=6 q_bytes=9024 qdelay_l_ms=0.955736 qdelay_c_ms=2.88243 ecn_mark=1172 drop=0
[QUEUE_STATS] t_ms=16928 q_pkts=6 q_bytes=9024 qdelay_l_ms=0.972518 qdelay_c_ms=1.91256 ecn_mark=1174 drop=0
[QUEUE_STATS] t_ms=16944 q_pkts=5 q_bytes=7520 qdelay_l_ms=1.0741 qdelay_c_ms=2.12911 ecn_mark=1178 drop=0
[QUEUE_STATS] t_ms=16960 q_pkts=5 q_bytes=7520 qdelay_l_ms=0.973239 qdelay_c_ms=2.03883 ecn_mark=1180 drop=0
[QUEUE_STATS] t_ms=16976 q_pkts=4 q_bytes=6016 qdelay_l_ms=0.970554 qdelay_c_ms=1.8801 ecn_mark=1180 drop=0
[QUEUE_STATS] t_ms=16992 q_pkts=6 q_bytes=9024 qdelay_l_ms=0.957099 qdelay_c_ms=1.94577 ecn_mark=1180 drop=0
[QUEUE_STATS] t_ms=17008 q_pkts=7 q_bytes=10528 qdelay_l_ms=0.967138 qdelay_c_ms=2.84516 ecn_mark=1181 drop=0
[QUEUE_STATS] t_ms=17024 q_pkts=6 q_bytes=9024 qdelay_l_ms=1.0952 qdelay_c_ms=1.08936 ecn_mark=1183 drop=0
[QUEUE_STATS] t_ms=17040 q_pkts=7 q_bytes=10528 qdelay_l_ms=0.738428 qdelay_c_ms=1.77764 ecn_mark=1184 drop=0
[QUEUE_STATS] t_ms=17056 q_pkts=8 q_bytes=12032 qdelay_l_ms=1.0475 qdelay_c_ms=3.16219 ecn_mark=1185 drop=0
[QUEUE_STATS] t_ms=17072 q_pkts=6 q_bytes=9024 qdelay_l_ms=1.11007 qdelay_c_ms=1.10397 ecn_mark=1187 drop=0
[QUEUE_STATS] t_ms=17088 q_pkts=6 q_bytes=9024 qdelay_l_ms=1.05401 qdelay_c_ms=2.1218 ecn_mark=1188 drop=0
[QUEUE_STATS] t_ms=17104 q_pkts=7 q_bytes=10528 qdelay_l_ms=1.09699 qdelay_c_ms=3.00032 ecn_mark=1191 drop=0
[QUEUE_STATS] t_ms=17120 q_pkts=6 q_bytes=9024 qdelay_l_ms=0.92561 qdelay_c_ms=1.19568 ecn_mark=1193 drop=0
[QUEUE_STATS] t_ms=17136 q_pkts=8 q_bytes=12032 qdelay_l_ms=1.10216 qdelay_c_ms=1.87264 ecn_mark=1194 drop=0
[QUEUE_STATS] t_ms=17152 q_pkts=6 q_bytes=9024 qdelay_l_ms=0 qdelay_c_ms=3.07992 ecn_mark=1194 drop=0
[QUEUE_STATS] t_ms=17168 q_pkts=5 q_bytes=7520 qdelay_l_ms=1.09746 qdelay_c_ms=1.0903 ecn_mark=1195 drop=0
[QUEUE_STATS] t_ms=17184 q_pkts=7 q_bytes=10528 qdelay_l_ms=0.989119 qdelay_c_ms=2.19916 ecn_mark=1195 drop=0
[QUEUE_STATS] t_ms=17200 q_pkts=5 q_bytes=7520 qdelay_l_ms=1.09135 qdelay_c_ms=3.26974 ecn_mark=1196 drop=0
[QUEUE_STATS] t_ms=17216 q_pkts=4 q_bytes=6016 qdelay_l_ms=1.08525 qdelay_c_ms=2.1174 ecn_mark=1196 drop=0
[QUEUE_STATS] t_ms=17232 q_pkts=5 q_bytes=7520 qdelay_l_ms=0.976365 qdelay_c_ms=1.91736 ecn_mark=1196 drop=0
[QUEUE_STATS] t_ms=17248 q_pkts=6 q_bytes=9024 qdelay_l_ms=0.961207 qdelay_c_ms=1.90852 ecn_mark=1197 drop=0
[QUEUE_STATS] t_ms=17264 q_pkts=6 q_bytes=9024 qdelay_l_ms=1.0509 qdelay_c_ms=2.20327 ecn_mark=1199 drop=0
[QUEUE_STATS] t_ms=17280 q_pkts=7 q_bytes=10528 qdelay_l_ms=1.10316 qdelay_c_ms=1.79784 ecn_mark=1199 drop=0
[QUEUE_STATS] t_ms=17296 q_pkts=5 q_bytes=7520 qdelay_l_ms=1.08822 qdelay_c_ms=2.04636 ecn_mark=1199 drop=0
[QUEUE_STATS] t_ms=17312 q_pkts=7 q_bytes=10528 qdelay_l_ms=1.09308 qdelay_c_ms=1.82557 ecn_mark=1199 drop=0
[QUEUE_STATS] t_ms=17328 q_pkts=7 q_bytes=10528 qdelay_l_ms=0.953792 qdelay_c_ms=2.86339 ecn_mark=1200 drop=0
[QUEUE_STATS] t_ms=17344 q_pkts=6 q_bytes=9024 qdelay_l_ms=1.09476 qdelay_c_ms=2.16346 ecn_mark=1201 drop=0
[QUEUE_STATS] t_ms=17360 q_pkts=6 q_bytes=9024 qdelay_l_ms=0.96309 qdelay_c_ms=1.89202 ecn_mark=1203 drop=0
[QUEUE_STATS] t_ms=17376 q_pkts=6 q_bytes=9024 qdelay_l_ms=0.965104 qdelay_c_ms=1.93902 ecn_mark=1204 drop=0
[QUEUE_STATS] t_ms=17392 q_pkts=7 q_bytes=10528 qdelay_l_ms=1.08718 qdelay_c_ms=3.25609 ecn_mark=1204 drop=0
[QUEUE_STATS] t_ms=17408 q_pkts=9 q_bytes=13536 qdelay_l_ms=0.977297 qdelay_c_ms=3.94502 ecn_mark=1205 drop=0
[QUEUE_STATS] t_ms=17424 q_pkts=8 q_bytes=12032 qdelay_l_ms=0.728829 qdelay_c_ms=2.86549 ecn_mark=1207 drop=0
[QUEUE_STATS] t_ms=17440 q_pkts=7 q_bytes=10528 qdelay_l_ms=1.09021 qdelay_c_ms=3.29974 ecn_mark=1208 drop=0
[QUEUE_STATS] t_ms=17456 q_pkts=11 q_bytes=16544 qdelay_l_ms=0.939787 qdelay_c_ms=4.81107 ecn_mark=1208 drop=0
[QUEUE_STATS] t_ms=17472 q_pkts=7 q_bytes=10528 qdelay_l_ms=0.960545 qdelay_c_ms=2.84296 ecn_mark=1209 drop=0
[QUEUE_STATS] t_ms=17488 q_pkts=8 q_bytes=12032 qdelay_l_ms=0.955025 qdelay_c_ms=1.25609 ecn_mark=1209 drop=0
[QUEUE_STATS] t_ms=17504 q_pkts=11 q_bytes=16544 qdelay_l_ms=0.97405 qdelay_c_ms=2.75659 ecn_mark=1210 drop=0
[QUEUE_STATS] t_ms=17520 q_pkts=8 q_bytes=12032 qdelay_l_ms=1.06814 qdelay_c_ms=3.14701 ecn_mark=1211 drop=0
[QUEUE_STATS] t_ms=17536 q_pkts=7 q_bytes=10528 qdelay_l_ms=1.09407 qdelay_c_ms=2.97908 ecn_mark=1213 drop=0
[QUEUE_STATS] t_ms=17552 q_pkts=10 q_bytes=15040 qdelay_l_ms=0.975132 qdelay_c_ms=3.87847 ecn_mark=1214 drop=0
[QUEUE_STATS] t_ms=17568 q_pkts=8 q_bytes=12032 qdelay_l_ms=1.09541 qdelay_c_ms=4.25058 ecn_mark=1215 drop=0
[QUEUE_STATS] t_ms=17584 q_pkts=8 q_bytes=12032 qdelay_l_ms=0.962008 qdelay_c_ms=2.87938 ecn_mark=1216 drop=0
[QUEUE_STATS] t_ms=17600 q_pkts=9 q_bytes=13536 qdelay_l_ms=1.09267 qdelay_c_ms=4.37795 ecn_mark=1217 drop=0
[QUEUE_STATS] t_ms=17616 q_pkts=11 q_bytes=16544 qdelay_l_ms=1.10994 qdelay_c_ms=5.47683 ecn_mark=1217 drop=0
[QUEUE_STATS] t_ms=17632 q_pkts=11 q_bytes=16544 qdelay_l_ms=0.967699 qdelay_c_ms=2.97996 ecn_mark=1219 drop=0
[QUEUE_STATS] t_ms=17648 q_pkts=11 q_bytes=16544 qdelay_l_ms=0.937032 qdelay_c_ms=4.75629 ecn_mark=1220 drop=0
[QUEUE_STATS] t_ms=17664 q_pkts=10 q_bytes=15040 qdelay_l_ms=1.08381 qdelay_c_ms=4.39042 ecn_mark=1220 drop=0
[QUEUE_STATS] t_ms=17680 q_pkts=10 q_bytes=15040 qdelay_l_ms=0 qdelay_c_ms=3.86705 ecn_mark=1221 drop=0
[QUEUE_STATS] t_ms=17696 q_pkts=10 q_bytes=15040 qdelay_l_ms=1.04712 qdelay_c_ms=4.13609 ecn_mark=1221 drop=0
[QUEUE_STATS] t_ms=17712 q_pkts=9 q_bytes=13536 qdelay_l_ms=0.963681 qdelay_c_ms=3.60137 ecn_mark=1221 drop=0
[QUEUE_STATS] t_ms=17728 q_pkts=13 q_bytes=19552 qdelay_l_ms=0.956017 qdelay_c_ms=3.80775 ecn_mark=1222 drop=0
[QUEUE_STATS] t_ms=17744 q_pkts=12 q_bytes=18048 qdelay_l_ms=1.04435 qdelay_c_ms=5.48758 ecn_mark=1223 drop=0
[QUEUE_STATS] t_ms=17760 q_pkts=12 q_bytes=18048 qdelay_l_ms=0.965144 qdelay_c_ms=4.78299 ecn_mark=1226 drop=0
[QUEUE_STATS] t_ms=17776 q_pkts=12 q_bytes=18048 qdelay_l_ms=1.01754 qdelay_c_ms=4.29799 ecn_mark=1227 drop=0
[QUEUE_STATS] t_ms=17792 q_pkts=13 q_bytes=19552 qdelay_l_ms=1.04816 qdelay_c_ms=6.19958 ecn_mark=1227 drop=0
[QUEUE_STATS] t_ms=17808 q_pkts=13 q_bytes=19552 qdelay_l_ms=0.990662 qdelay_c_ms=5.05291 ecn_mark=1227 drop=0
[QUEUE_STATS] t_ms=17824 q_pkts=11 q_bytes=16544 qdelay_l_ms=0.960876 qdelay_c_ms=4.74768 ecn_mark=1227 drop=0
[QUEUE_STATS] t_ms=17840 q_pkts=14 q_bytes=21056 qdelay_l_ms=1.08185 qdelay_c_ms=4.625 ecn_mark=1228 drop=0
[QUEUE_STATS] t_ms=17856 q_pkts=14 q_bytes=21056 qdelay_l_ms=0.953372 qdelay_c_ms=4.98276 ecn_mark=1229 drop=0
[QUEUE_STATS] t_ms=17872 q_pkts=13 q_bytes=19552 qdelay_l_ms=1.07221 qdelay_c_ms=5.22377 ecn_mark=1231 drop=0
[QUEUE_STATS] t_ms=17888 q_pkts=14 q_bytes=21056 qdelay_l_ms=1.09045 qdelay_c_ms=6.2912 ecn_mark=1231 drop=0
[QUEUE_STATS] t_ms=17904 q_pkts=14 q_bytes=21056 qdelay_l_ms=1.08486 qdelay_c_ms=6.12787 ecn_mark=1231 drop=0
[QUEUE_STATS] t_ms=17920 q_pkts=7 q_bytes=10528 qdelay_l_ms=0.949996 qdelay_c_ms=2.72843 ecn_mark=1232 drop=0
[QUEUE_STATS] t_ms=17936 q_pkts=4 q_bytes=6016 qdelay_l_ms=1.07821 qdelay_c_ms=1.07293 ecn_mark=1234 drop=0
[QUEUE_STATS] t_ms=17952 q_pkts=5 q_bytes=7520 qdelay_l_ms=0.956358 qdelay_c_ms=0.950166 ecn_mark=1234 drop=0
[QUEUE_STATS] t_ms=17968 q_pkts=7 q_bytes=10528 qdelay_l_ms=0.919488 qdelay_c_ms=1.90388 ecn_mark=1235 drop=0
[QUEUE_STATS] t_ms=17984 q_pkts=5 q_bytes=7520 qdelay_l_ms=0.757203 qdelay_c_ms=0.751582 ecn_mark=1236 drop=0
[QUEUE_STATS] t_ms=18000 q_pkts=3 q_bytes=4512 qdelay_l_ms=0.963952 qdelay_c_ms=0.955756 ecn_mark=1238 drop=0
[QUEUE_STATS] t_ms=18016 q_pkts=5 q_bytes=7520 qdelay_l_ms=0.923075 qdelay_c_ms=1.89891 ecn_mark=1240 drop=0
[QUEUE_STATS] t_ms=18032 q_pkts=4 q_bytes=6016 qdelay_l_ms=1.06963 qdelay_c_ms=1.09092 ecn_mark=1241 drop=0
[QUEUE_STATS] t_ms=18048 q_pkts=4 q_bytes=6016 qdelay_l_ms=1.09531 qdelay_c_ms=1.08819 ecn_mark=1241 drop=0
[QUEUE_STATS] t_ms=18064 q_pkts=3 q_bytes=4512 qdelay_l_ms=0.944495 qdelay_c_ms=1.84034 ecn_mark=1242 drop=0
[QUEUE_STATS] t_ms=18080 q_pkts=2 q_bytes=3008 qdelay_l_ms=0 qdelay_c_ms=0.030788 ecn_mark=1243 drop=0
[QUEUE_STATS] t_ms=18096 q_pkts=5 q_bytes=7520 qdelay_l_ms=0.959363 qdelay_c_ms=1.8918 ecn_mark=1243 drop=0
[QUEUE_STATS] t_ms=18112 q_pkts=4 q_bytes=6016 qdelay_l_ms=0.952069 qdelay_c_ms=0.944845 ecn_mark=1246 drop=0
[QUEUE_STATS] t_ms=18128 q_pkts=5 q_bytes=7520 qdelay_l_ms=0.96854 qdelay_c_ms=1.88938 ecn_mark=1248 drop=0
[QUEUE_STATS] t_ms=18144 q_pkts=4 q_bytes=6016 qdelay_l_ms=1.065 qdelay_c_ms=1.07988 ecn_mark=1249 drop=0
[QUEUE_STATS] t_ms=18160 q_pkts=2 q_bytes=3008 qdelay_l_ms=0.956298 qdelay_c_ms=0 ecn_mark=1250 drop=0
[QUEUE_STATS] t_ms=18176 q_pkts=5 q_bytes=7520 qdelay_l_ms=0.950175 qdelay_c_ms=1.88778 ecn_mark=1250 drop=0
[QUEUE_STATS] t_ms=18192 q_pkts=6 q_bytes=9024 qdelay_l_ms=1.08621 qdelay_c_ms=1.07937 ecn_mark=1250 drop=0
[QUEUE_STATS] t_ms=18208 q_pkts=4 q_bytes=6016 qdelay_l_ms=1.0793 qdelay_c_ms=1.07298 ecn_mark=1251 drop=0
[QUEUE_STATS] t_ms=18224 q_pkts=6 q_bytes=9024 qdelay_l_ms=1.06801 qdelay_c_ms=2.13383 ecn_mark=1251 drop=0
[QUEUE_STATS] t_ms=18240 q_pkts=6 q_bytes=9024 qdelay_l_ms=0.966387 qdelay_c_ms=0.960646 ecn_mark=1251 drop=0
[QUEUE_STATS] t_ms=18256 q_pkts=4 q_bytes=6016 qdelay_l_ms=0.963 qdelay_c_ms=0.956628 ecn_mark=1253 drop=0
[QUEUE_STATS] t_ms=18272 q_pkts=6 q_bytes=9024 qdelay_l_ms=1.07249 qdelay_c_ms=2.18042 ecn_mark=1253 drop=0
[QUEUE_STATS] t_ms=18288 q_pkts=4 q_bytes=6016 qdelay_l_ms=0.947351 qdelay_c_ms=0.940337 ecn_mark=1253 drop=0
[QUEUE_STATS] t_ms=18304 q_pkts=4 q_bytes=6016 qdelay_l_ms=1.0881 qdelay_c_ms=1.08153 ecn_mark=1253 drop=0
[QUEUE_STATS] t_ms=18320 q_pkts=4 q_bytes=6016 qdelay_l_ms=0.941369 qdelay_c_ms=0.934697 ecn_mark=1254 drop=0
[QUEUE_STATS] t_ms=18336 q_pkts=7 q_bytes=10528 qdelay_l_ms=0.69705 qdelay_c_ms=1.85076 ecn_mark=1255 drop=0
[QUEUE_STATS] t_ms=18352 q_pkts=6 q_bytes=9024 qdelay_l_ms=0.93151 qdelay_c_ms=1.87267 ecn_mark=1255 drop=0
[QUEUE_STATS] t_ms=18368 q_pkts=4 q_bytes=6016 qdelay_l_ms=0.912455 qdelay_c_ms=0.933034 ecn_mark=1256 drop=0
[QUEUE_STATS] t_ms=18384 q_pkts=7 q_bytes=10528 qdelay_l_ms=0.95769 qdelay_c_ms=0.950106 ecn_mark=1256 drop=0
[QUEUE_STATS] t_ms=18400 q_pkts=7 q_bytes=10528 qdelay_l_ms=1.05495 qdelay_c_ms=2.22469 ecn_mark=1257 drop=0
[QUEUE_STATS] t_ms=18416 q_pkts=3 q_bytes=4512 qdelay_l_ms=1.09043 qdelay_c_ms=1.08347 ecn_mark=1258 drop=0
[QUEUE_STATS] t_ms=18432 q_pkts=6 q_bytes=9024 qdelay_l_ms=1.0537 qdelay_c_ms=2.21482 ecn_mark=1259 drop=0
[QUEUE_STATS] t_ms=18448 q_pkts=8 q_bytes=12032 qdelay_l_ms=1.09633 qdelay_c_ms=4.05046 ecn_mark=1259 drop=0
[QUEUE_STATS] t_ms=18464 q_pkts=6 q_bytes=9024 qdelay_l_ms=0.901073 qdelay_c_ms=0.937832 ecn_mark=1259 drop=0
[QUEUE_STATS] t_ms=18480 q_pkts=5 q_bytes=7520 qdelay_l_ms=1.11832 qdelay_c_ms=1.10818 ecn_mark=1259 drop=0
[QUEUE_STATS] t_ms=18496 q_pkts=7 q_bytes=10528 qdelay_l_ms=0.939926 qdelay_c_ms=2.78073 ecn_mark=1260 drop=0
[QUEUE_STATS] t_ms=18512 q_pkts=4 q_bytes=6016 qdelay_l_ms=1.04862 qdelay_c_ms=1.05985 ecn_mark=1262 drop=0
[QUEUE_STATS] t_ms=18528 q_pkts=4 q_bytes=6016 qdelay_l_ms=1.04295 qdelay_c_ms=1.0373 ecn_mark=1263 drop=0
[QUEUE_STATS] t_ms=18544 q_pkts=4 q_bytes=6016 qdelay_l_ms=1.04624 qdelay_c_ms=2.18806 ecn_mark=1264 drop=0
[QUEUE_STATS] t_ms=18560 q_pkts=5 q_bytes=7520 qdelay_l_ms=0.930288 qdelay_c_ms=1.82336 ecn_mark=1265 drop=0
[QUEUE_STATS] t_ms=18576 q_pkts=5 q_bytes=7520 qdelay_l_ms=1.08912 qdelay_c_ms=1.08204 ecn_mark=1267 drop=0
[QUEUE_STATS] t_ms=18592 q_pkts=4 q_bytes=6016 qdelay_l_ms=0.935539 qdelay_c_ms=1.96551 ecn_mark=1270 drop=0
[QUEUE_STATS] t_ms=18608 q_pkts=5 q_bytes=7520 qdelay_l_ms=1.09604 qdelay_c_ms=1.99341 ecn_mark=1270 drop=0
[QUEUE_STATS] t_ms=18624 q_pkts=6 q_bytes=9024 qdelay_l_ms=1.04841 qdelay_c_ms=2.21226 ecn_mark=1270 drop=0
[QUEUE_STATS] t_ms=18640 q_pkts=2 q_bytes=3008 qdelay_l_ms=0.935358 qdelay_c_ms=0 ecn_mark=1270 drop=0
[QUEUE_STATS] t_ms=18656 q_pkts=7 q_bytes=10528 qdelay_l_ms=1.07045 qdelay_c_ms=1.06456 ecn_mark=1271 drop=0
[QUEUE_STATS] t_ms=18672 q_pkts=8 q_bytes=12032 qdelay_l_ms=1.05301 qdelay_c_ms=2.20192 ecn_mark=1273 drop=0
[QUEUE_STATS] t_ms=18688 q_pkts=3 q_bytes=4512 qdelay_l_ms=0.921993 qdelay_c_ms=1.8187 ecn_mark=1273 drop=0
[QUEUE_STATS] t_ms=18704 q_pkts=9 q_bytes=13536 qdelay_l_ms=0.686059 qdelay_c_ms=1.74443 ecn_mark=1277 drop=0
[QUEUE_STATS] t_ms=18720 q_pkts=8 q_bytes=12032 qdelay_l_ms=1.03028 qdelay_c_ms=4.13582 ecn_mark=1279 drop=0
[QUEUE_STATS] t_ms=18736 q_pkts=4 q_bytes=6016 qdelay_l_ms=1.09472 qdelay_c_ms=1.08791 ecn_mark=1279 drop=0
[QUEUE_STATS] t_ms=18752 q_pkts=4 q_bytes=6016 qdelay_l_ms=1.07121 qdelay_c_ms=2.2031 ecn_mark=1279 drop=0
[QUEUE_STATS] t_ms=18768 q_pkts=8 q_bytes=12032 qdelay_l_ms=0.91487 qdelay_c_ms=2.9471 ecn_mark=1282 drop=0
[QUEUE_STATS] t_ms=18784 q_pkts=6 q_bytes=9024 qdelay_l_ms=0.745511 qdelay_c_ms=1.82207 ecn_mark=1282 drop=0
[QUEUE_STATS] t_ms=18800 q_pkts=5 q_bytes=7520 qdelay_l_ms=0.929447 qdelay_c_ms=0.922484 ecn_mark=1283 drop=0
[QUEUE_STATS] t_ms=18816 q_pkts=6 q_bytes=9024 qdelay_l_ms=0.922674 qdelay_c_ms=1.88706 ecn_mark=1283 drop=0
[QUEUE_STATS] t_ms=18832 q_pkts=9 q_bytes=13536 qdelay_l_ms=0.837984 qdelay_c_ms=3.16513 ecn_mark=1283 drop=0
[QUEUE_STATS] t_ms=18848 q_pkts=4 q_bytes=6016 qdelay_l_ms=1.07236 qdelay_c_ms=1.09031 ecn_mark=1283 drop=0
[QUEUE_STATS] t_ms=18864 q_pkts=8 q_bytes=12032 qdelay_l_ms=0.917635 qdelay_c_ms=2.93286 ecn_mark=1283 drop=0
[QUEUE_STATS] t_ms=18880 q_pkts=5 q_bytes=7520 qdelay_l_ms=0.914438 qdelay_c_ms=1.70747 ecn_mark=1283 drop=0
[QUEUE_STATS] t_ms=18896 q_pkts=5 q_bytes=7520 qdelay_l_ms=1.0972 qdelay_c_ms=1.09026 ecn_mark=1283 drop=0
[QUEUE_STATS] t_ms=18912 q_pkts=3 q_bytes=4512 qdelay_l_ms=0.934376 qdelay_c_ms=2.00434 ecn_mark=1284 drop=0
[QUEUE_STATS] t_ms=18928 q_pkts=5 q_bytes=7520 qdelay_l_ms=1.07215 qdelay_c_ms=2.12884 ecn_mark=1284 drop=0
[QUEUE_STATS] t_ms=18944 q_pkts=6 q_bytes=9024 qdelay_l_ms=1.0451 qdelay_c_ms=2.19536 ecn_mark=1284 drop=0
[QUEUE_STATS] t_ms=18960 q_pkts=5 q_bytes=7520 qdelay_l_ms=1.09717 qdelay_c_ms=1.99018 ecn_mark=1286 drop=0
[QUEUE_STATS] t_ms=18976 q_pkts=7 q_bytes=10528 qdelay_l_ms=0.886656 qdelay_c_ms=1.8853 ecn_mark=1287 drop=0
[QUEUE_STATS] t_ms=18992 q_pkts=6 q_bytes=9024 qdelay_l_ms=1.10003 qdelay_c_ms=1.09326 ecn_mark=1288 drop=0
[QUEUE_STATS] t_ms=19008 q_pkts=6 q_bytes=9024 qdelay_l_ms=0.945587 qdelay_c_ms=3.13748 ecn_mark=1288 drop=0
[QUEUE_STATS] t_ms=19024 q_pkts=4 q_bytes=6016 qdelay_l_ms=0.906554 qdelay_c_ms=1.86091 ecn_mark=1290 drop=0
[QUEUE_STATS] t_ms=19040 q_pkts=6 q_bytes=9024 qdelay_l_ms=0.917414 qdelay_c_ms=1.62115 ecn_mark=1291 drop=0
[QUEUE_STATS] t_ms=19056 q_pkts=7 q_bytes=10528 qdelay_l_ms=1.06385 qdelay_c_ms=2.20252 ecn_mark=1292 drop=0
[QUEUE_STATS] t_ms=19072 q_pkts=6 q_bytes=9024 qdelay_l_ms=1.07156 qdelay_c_ms=1.74601 ecn_mark=1294 drop=0
[QUEUE_STATS] t_ms=19088 q_pkts=9 q_bytes=13536 qdelay_l_ms=0.764306 qdelay_c_ms=3.98894 ecn_mark=1295 drop=0
[QUEUE_STATS] t_ms=19104 q_pkts=8 q_bytes=12032 qdelay_l_ms=0.929457 qdelay_c_ms=4.04148 ecn_mark=1298 drop=0
[QUEUE_STATS] t_ms=19120 q_pkts=7 q_bytes=10528 qdelay_l_ms=0.966857 qdelay_c_ms=2.02103 ecn_mark=1299 drop=0
[QUEUE_STATS] t_ms=19136 q_pkts=10 q_bytes=15040 qdelay_l_ms=0.896455 qdelay_c_ms=3.77913 ecn_mark=1301 drop=0
[QUEUE_STATS] t_ms=19152 q_pkts=10 q_bytes=15040 qdelay_l_ms=0.95747 qdelay_c_ms=3.15356 ecn_mark=1301 drop=0
[QUEUE_STATS] t_ms=19168 q_pkts=7 q_bytes=10528 qdelay_l_ms=1.07054 qdelay_c_ms=2.91919 ecn_mark=1302 drop=0
[QUEUE_STATS] t_ms=19184 q_pkts=10 q_bytes=15040 qdelay_l_ms=0.980964 qdelay_c_ms=3.17939 ecn_mark=1302 drop=0
[QUEUE_STATS] t_ms=19200 q_pkts=9 q_bytes=13536 qdelay_l_ms=1.09521 qdelay_c_ms=4.24536 ecn_mark=1305 drop=0
[QUEUE_STATS] t_ms=19216 q_pkts=8 q_bytes=12032 qdelay_l_ms=0.723761 qdelay_c_ms=2.92692 ecn_mark=1306 drop=0
[QUEUE_STATS] t_ms=19232 q_pkts=10 q_bytes=15040 qdelay_l_ms=0.963842 qdelay_c_ms=4.09571 ecn_mark=1308 drop=0
[QUEUE_STATS] t_ms=19248 q_pkts=8 q_bytes=12032 qdelay_l_ms=0.996694 qdelay_c_ms=3.17097 ecn_mark=1308 drop=0
[QUEUE_STATS] t_ms=19264 q_pkts=8 q_bytes=12032 qdelay_l_ms=1.09105 qdelay_c_ms=2.85304 ecn_mark=1312 drop=0
[QUEUE_STATS] t_ms=19280 q_pkts=11 q_bytes=16544 qdelay_l_ms=0.914689 qdelay_c_ms=4.08887 ecn_mark=1313 drop=0
[QUEUE_STATS] t_ms=19296 q_pkts=9 q_bytes=13536 qdelay_l_ms=0.91533 qdelay_c_ms=3.60299 ecn_mark=1314 drop=0
[QUEUE_STATS] t_ms=19312 q_pkts=11 q_bytes=16544 qdelay_l_ms=1.09983 qdelay_c_ms=3.29643 ecn_mark=1314 drop=0
[QUEUE_STATS] t_ms=19328 q_pkts=10 q_bytes=15040 qdelay_l_ms=0.667785 qdelay_c_ms=3.85102 ecn_mark=1317 drop=0
[QUEUE_STATS] t_ms=19344 q_pkts=10 q_bytes=15040 qdelay_l_ms=0.682813 qdelay_c_ms=3.92981 ecn_mark=1317 drop=0
[QUEUE_STATS] t_ms=19360 q_pkts=10 q_bytes=15040 qdelay_l_ms=1.10172 qdelay_c_ms=3.6014 ecn_mark=1321 drop=0
[QUEUE_STATS] t_ms=19376 q_pkts=11 q_bytes=16544 qdelay_l_ms=1.07966 qdelay_c_ms=3.1468 ecn_mark=1321 drop=0
[QUEUE_STATS] t_ms=19392 q_pkts=9 q_bytes=13536 qdelay_l_ms=1.07997 qdelay_c_ms=4.30178 ecn_mark=1325 drop=0
[QUEUE_STATS] t_ms=19408 q_pkts=13 q_bytes=19552 qdelay_l_ms=0.969713 qdelay_c_ms=4.10563 ecn_mark=1328 drop=0
[QUEUE_STATS] t_ms=19424 q_pkts=11 q_bytes=16544 qdelay_l_ms=0.984771 qdelay_c_ms=4.09009 ecn_mark=1328 drop=0
[QUEUE_STATS] t_ms=19440 q_pkts=9 q_bytes=13536 qdelay_l_ms=0.909219 qdelay_c_ms=4.61714 ecn_mark=1330 drop=0
[QUEUE_STATS] t_ms=19456 q_pkts=11 q_bytes=16544 qdelay_l_ms=1.03369 qdelay_c_ms=3.24996 ecn_mark=1331 drop=0
[QUEUE_STATS] t_ms=19472 q_pkts=12 q_bytes=18048 qdelay_l_ms=1.01892 qdelay_c_ms=4.99947 ecn_mark=1333 drop=0
[QUEUE_STATS] t_ms=19488 q_pkts=11 q_bytes=16544 qdelay_l_ms=1.07513 qdelay_c_ms=4.01322 ecn_mark=1337 drop=0
[QUEUE_STATS] t_ms=19504 q_pkts=12 q_bytes=18048 qdelay_l_ms=1.10368 qdelay_c_ms=4.99048 ecn_mark=1337 drop=0
[QUEUE_STATS] t_ms=19520 q_pkts=12 q_bytes=18048 qdelay_l_ms=0.889331 qdelay_c_ms=5.07627 ecn_mark=1337 drop=0
[QUEUE_STATS] t_ms=19536 q_pkts=9 q_bytes=13536 qdelay_l_ms=1.10564 qdelay_c_ms=5.28739 ecn_mark=1338 drop=0
[QUEUE_STATS] t_ms=19552 q_pkts=10 q_bytes=15040 qdelay_l_ms=1.05362 qdelay_c_ms=3.99453 ecn_mark=1339 drop=0
[QUEUE_STATS] t_ms=19568 q_pkts=12 q_bytes=18048 qdelay_l_ms=1.06849 qdelay_c_ms=4.88632 ecn_mark=1341 drop=0
[QUEUE_STATS] t_ms=19584 q_pkts=9 q_bytes=13536 qdelay_l_ms=0.910842 qdelay_c_ms=3.81284 ecn_mark=1341 drop=0
[QUEUE_STATS] t_ms=19600 q_pkts=11 q_bytes=16544 qdelay_l_ms=1.10049 qdelay_c_ms=4.27834 ecn_mark=1342 drop=0
[QUEUE_STATS] t_ms=19616 q_pkts=12 q_bytes=18048 qdelay_l_ms=0.980553 qdelay_c_ms=4.99041 ecn_mark=1344 drop=0
[QUEUE_STATS] t_ms=19632 q_pkts=10 q_bytes=15040 qdelay_l_ms=0.929207 qdelay_c_ms=4.40771 ecn_mark=1345 drop=0
[QUEUE_STATS] t_ms=19648 q_pkts=10 q_bytes=15040 qdelay_l_ms=1.05218 qdelay_c_ms=4.03367 ecn_mark=1347 drop=0
[QUEUE_STATS] t_ms=19664 q_pkts=13 q_bytes=19552 qdelay_l_ms=1.11026 qdelay_c_ms=4.06794 ecn_mark=1348 drop=0
[QUEUE_STATS] t_ms=19680 q_pkts=11 q_bytes=16544 qdelay_l_ms=1.06 qdelay_c_ms=4.2161 ecn_mark=1350 drop=0
[QUEUE_STATS] t_ms=19696 q_pkts=8 q_bytes=12032 qdelay_l_ms=0.762283 qdelay_c_ms=2.89453 ecn_mark=1350 drop=0
[QUEUE_STATS] t_ms=19712 q_pkts=13 q_bytes=19552 qdelay_l_ms=1.06353 qdelay_c_ms=5.0015 ecn_mark=1350 drop=0
[QUEUE_STATS] t_ms=19728 q_pkts=11 q_bytes=16544 qdelay_l_ms=1.10536 qdelay_c_ms=4.85676 ecn_mark=1351 drop=0
[QUEUE_STATS] t_ms=19744 q_pkts=11 q_bytes=16544 qdelay_l_ms=1.07576 qdelay_c_ms=5.426 ecn_mark=1351 drop=0
[QUEUE_STATS] t_ms=19760 q_pkts=14 q_bytes=21056 qdelay_l_ms=0.716937 qdelay_c_ms=4.9443 ecn_mark=1351 drop=0
[QUEUE_STATS] t_ms=19776 q_pkts=9 q_bytes=13536 qdelay_l_ms=0.929096 qdelay_c_ms=3.89969 ecn_mark=1351 drop=0
[QUEUE_STATS] t_ms=19792 q_pkts=12 q_bytes=18048 qdelay_l_ms=0.263936 qdelay_c_ms=4.62952 ecn_mark=1351 drop=0
[QUEUE_STATS] t_ms=19808 q_pkts=14 q_bytes=21056 qdelay_l_ms=1.05086 qdelay_c_ms=5.1877 ecn_mark=1351 drop=0
[QUEUE_STATS] t_ms=19824 q_pkts=13 q_bytes=19552 qdelay_l_ms=1.04357 qdelay_c_ms=4.93369 ecn_mark=1352 drop=0
[QUEUE_STATS] t_ms=19840 q_pkts=11 q_bytes=16544 qdelay_l_ms=1.09533 qdelay_c_ms=4.75385 ecn_mark=1353 drop=0
[QUEUE_STATS] t_ms=19856 q_pkts=13 q_bytes=19552 qdelay_l_ms=0.924057 qdelay_c_ms=5.05103 ecn_mark=1354 drop=0
[QUEUE_STATS] t_ms=19872 q_pkts=12 q_bytes=18048 qdelay_l_ms=1.09429 qdelay_c_ms=4.9842 ecn_mark=1355 drop=0
[QUEUE_STATS] t_ms=19888 q_pkts=12 q_bytes=18048 qdelay_l_ms=0.925068 qdelay_c_ms=5.0002 ecn_mark=1355 drop=0
[QUEUE_STATS] t_ms=19904 q_pkts=14 q_bytes=21056 qdelay_l_ms=1.10652 qdelay_c_ms=5.89927 ecn_mark=1358 drop=0
[QUEUE_STATS] t_ms=19920 q_pkts=13 q_bytes=19552 qdelay_l_ms=0.680028 qdelay_c_ms=5.97353 ecn_mark=1362 drop=0
[QUEUE_STATS] t_ms=19936 q_pkts=13 q_bytes=19552 qdelay_l_ms=1.10026 qdelay_c_ms=5.45933 ecn_mark=1364 drop=0
[QUEUE_STATS] t_ms=19952 q_pkts=14 q_bytes=21056 qdelay_l_ms=1.11127 qdelay_c_ms=5.9828 ecn_mark=1364 drop=0
[QUEUE_STATS] t_ms=19968 q_pkts=12 q_bytes=18048 qdelay_l_ms=0.670179 qdelay_c_ms=5.13014 ecn_mark=1364 drop=0
[QUEUE_STATS] t_ms=19984 q_pkts=12 q_bytes=18048 qdelay_l_ms=1.04271 qdelay_c_ms=4.28764 ecn_mark=1364 drop=0
[QUEUE_STATS] t_ms=20000 q_pkts=14 q_bytes=21056 qdelay_l_ms=1.11697 qdelay_c_ms=4.96222 ecn_mark=1365 drop=0
[QUEUE_STATS] t_ms=20016 q_pkts=12 q_bytes=18048 qdelay_l_ms=0.897627 qdelay_c_ms=4.86658 ecn_mark=1367 drop=0
[QUEUE_STATS] t_ms=20032 q_pkts=13 q_bytes=19552 qdelay_l_ms=1.10955 qdelay_c_ms=3.87545 ecn_mark=1367 drop=0
[QUEUE_STATS] t_ms=20048 q_pkts=14 q_bytes=21056 qdelay_l_ms=0.886256 qdelay_c_ms=6.86479 ecn_mark=1369 drop=0
[QUEUE_STATS] t_ms=20064 q_pkts=14 q_bytes=21056 qdelay_l_ms=1.05658 qdelay_c_ms=6.39563 ecn_mark=1369 drop=0
[QUEUE_STATS] t_ms=20080 q_pkts=15 q_bytes=22560 qdelay_l_ms=0.932072 qdelay_c_ms=4.85951 ecn_mark=1370 drop=0
[QUEUE_STATS] t_ms=20096 q_pkts=15 q_bytes=22560 qdelay_l_ms=0.896355 qdelay_c_ms=6.8666 ecn_mark=1370 drop=0
[QUEUE_STATS] t_ms=20112 q_pkts=11 q_bytes=16544 qdelay_l_ms=0.928655 qdelay_c_ms=4.72469 ecn_mark=1370 drop=0
[QUEUE_STATS] t_ms=20128 q_pkts=15 q_bytes=22560 qdelay_l_ms=0 qdelay_c_ms=6.06489 ecn_mark=1371 drop=0
[QUEUE_STATS] t_ms=20144 q_pkts=15 q_bytes=22560 qdelay_l_ms=1.07396 qdelay_c_ms=6.901 ecn_mark=1373 drop=0
[QUEUE_STATS] t_ms=20160 q_pkts=15 q_bytes=22560 qdelay_l_ms=0.928906 qdelay_c_ms=6.92333 ecn_mark=1374 drop=0
[QUEUE_STATS] t_ms=20176 q_pkts=13 q_bytes=19552 qdelay_l_ms=1.0482 qdelay_c_ms=5.87814 ecn_mark=1374 drop=0
[QUEUE_STATS] t_ms=20192 q_pkts=14 q_bytes=21056 qdelay_l_ms=1.05135 qdelay_c_ms=5.90924 ecn_mark=1377 drop=0
[QUEUE_STATS] t_ms=20208 q_pkts=14 q_bytes=21056 qdelay_l_ms=0.932813 qdelay_c_ms=6.95404 ecn_mark=1379 drop=0
[QUEUE_STATS] t_ms=20224 q_pkts=13 q_bytes=19552 qdelay_l_ms=0.899951 qdelay_c_ms=5.97893 ecn_mark=1380 drop=0
[QUEUE_STATS] t_ms=20240 q_pkts=15 q_bytes=22560 qdelay_l_ms=1.07848 qdelay_c_ms=7.08512 ecn_mark=1380 drop=0
[QUEUE_STATS] t_ms=20256 q_pkts=17 q_bytes=25568 qdelay_l_ms=1.10684 qdelay_c_ms=4.82524 ecn_mark=1381 drop=0
[QUEUE_STATS] t_ms=20272 q_pkts=15 q_bytes=22560 qdelay_l_ms=0.927102 qdelay_c_ms=5.98148 ecn_mark=1382 drop=0
[QUEUE_STATS] t_ms=20288 q_pkts=14 q_bytes=21056 qdelay_l_ms=1.10731 qdelay_c_ms=6.08839 ecn_mark=1382 drop=0
[QUEUE_STATS] t_ms=20304 q_pkts=15 q_bytes=22560 qdelay_l_ms=1.09645 qdelay_c_ms=6.19115 ecn_mark=1382 drop=0
[QUEUE_STATS] t_ms=20320 q_pkts=14 q_bytes=21056 qdelay_l_ms=1.07231 qdelay_c_ms=5.83549 ecn_mark=1382 drop=0
[QUEUE_STATS] t_ms=20336 q_pkts=16 q_bytes=24064 qdelay_l_ms=0.928155 qdelay_c_ms=7.04505 ecn_mark=1384 drop=0
[QUEUE_STATS] t_ms=20352 q_pkts=17 q_bytes=25568 qdelay_l_ms=1.04596 qdelay_c_ms=5.59921 ecn_mark=1385 drop=0
[QUEUE_STATS] t_ms=20368 q_pkts=13 q_bytes=19552 qdelay_l_ms=0.933244 qdelay_c_ms=6.03417 ecn_mark=1386 drop=0
[QUEUE_STATS] t_ms=20384 q_pkts=14 q_bytes=21056 qdelay_l_ms=1.03357 qdelay_c_ms=7.09392 ecn_mark=1386 drop=0
[QUEUE_STATS] t_ms=20400 q_pkts=15 q_bytes=22560 qdelay_l_ms=1.10506 qdelay_c_ms=7.12678 ecn_mark=1386 drop=0
[QUEUE_STATS] t_ms=20416 q_pkts=14 q_bytes=21056 qdelay_l_ms=1.07125 qdelay_c_ms=7.1336 ecn_mark=1386 drop=0
[QUEUE_STATS] t_ms=20433 q_pkts=14 q_bytes=21056 qdelay_l_ms=1.09838 qdelay_c_ms=6.56339 ecn_mark=1387 drop=0
[QUEUE_STATS] t_ms=20448 q_pkts=15 q_bytes=22560 qdelay_l_ms=0.993207 qdelay_c_ms=6.04307 ecn_mark=1389 drop=0
[QUEUE_STATS] t_ms=20464 q_pkts=13 q_bytes=19552 qdelay_l_ms=1.10092 qdelay_c_ms=6.39397 ecn_mark=1390 drop=0
[QUEUE_STATS] t_ms=20480 q_pkts=16 q_bytes=24064 qdelay_l_ms=1.12515 qdelay_c_ms=6.58683 ecn_mark=1390 drop=0
[QUEUE_STATS] t_ms=20496 q_pkts=17 q_bytes=25568 qdelay_l_ms=1.09869 qdelay_c_ms=4.87216 ecn_mark=1391 drop=0
[QUEUE_STATS] t_ms=20512 q_pkts=14 q_bytes=21056 qdelay_l_ms=1.06445 qdelay_c_ms=6.3876 ecn_mark=1391 drop=0
[QUEUE_STATS] t_ms=20528 q_pkts=17 q_bytes=25568 qdelay_l_ms=0.939575 qdelay_c_ms=6.89814 ecn_mark=1391 drop=0
[QUEUE_STATS] t_ms=20544 q_pkts=17 q_bytes=25568 qdelay_l_ms=0.932713 qdelay_c_ms=6.01146 ecn_mark=1392 drop=0
[QUEUE_STATS] t_ms=20560 q_pkts=15 q_bytes=22560 qdelay_l_ms=1.09495 qdelay_c_ms=6.05943 ecn_mark=1392 drop=0
[QUEUE_STATS] t_ms=20576 q_pkts=15 q_bytes=22560 qdelay_l_ms=0.943153 qdelay_c_ms=6.44024 ecn_mark=1392 drop=0
[QUEUE_STATS] t_ms=20592 q_pkts=15 q_bytes=22560 qdelay_l_ms=1.06864 qdelay_c_ms=7.07586 ecn_mark=1392 drop=0
[QUEUE_STATS] t_ms=20608 q_pkts=15 q_bytes=22560 qdelay_l_ms=1.08831 qdelay_c_ms=8.17306 ecn_mark=1392 drop=0
[QUEUE_STATS] t_ms=20624 q_pkts=19 q_bytes=28576 qdelay_l_ms=0.930789 qdelay_c_ms=6.28282 ecn_mark=1392 drop=0
[QUEUE_STATS] t_ms=20640 q_pkts=17 q_bytes=25568 qdelay_l_ms=0.895273 qdelay_c_ms=7.82462 ecn_mark=1393 drop=0
[QUEUE_STATS] t_ms=20656 q_pkts=17 q_bytes=25568 qdelay_l_ms=0.703342 qdelay_c_ms=8.03429 ecn_mark=1394 drop=0
[QUEUE_STATS] t_ms=20672 q_pkts=21 q_bytes=31584 qdelay_l_ms=0.920169 qdelay_c_ms=7.92904 ecn_mark=1395 drop=0
[QUEUE_STATS] t_ms=20688 q_pkts=17 q_bytes=25568 qdelay_l_ms=0.971987 qdelay_c_ms=9.13938 ecn_mark=1395 drop=0
[QUEUE_STATS] t_ms=20704 q_pkts=16 q_bytes=24064 qdelay_l_ms=0.687893 qdelay_c_ms=9.28942 ecn_mark=1396 drop=0
[QUEUE_STATS] t_ms=20720 q_pkts=20 q_bytes=30080 qdelay_l_ms=1.05706 qdelay_c_ms=8.08554 ecn_mark=1397 drop=0
[QUEUE_STATS] t_ms=20736 q_pkts=18 q_bytes=27072 qdelay_l_ms=1.09194 qdelay_c_ms=8.82706 ecn_mark=1397 drop=0
[QUEUE_STATS] t_ms=20752 q_pkts=19 q_bytes=28576 qdelay_l_ms=1.07188 qdelay_c_ms=7.82589 ecn_mark=1397 drop=0
[QUEUE_STATS] t_ms=20768 q_pkts=20 q_bytes=30080 qdelay_l_ms=1.1052 qdelay_c_ms=7.03915 ecn_mark=1397 drop=0
[QUEUE_STATS] t_ms=20784 q_pkts=20 q_bytes=30080 qdelay_l_ms=0.905342 qdelay_c_ms=8.09318 ecn_mark=1397 drop=0
[QUEUE_STATS] t_ms=20800 q_pkts=20 q_bytes=30080 qdelay_l_ms=1.07423 qdelay_c_ms=8.59459 ecn_mark=1397 drop=0
[QUEUE_STATS] t_ms=20816 q_pkts=23 q_bytes=34592 qdelay_l_ms=1.06904 qdelay_c_ms=9.96731 ecn_mark=1398 drop=0
[QUEUE_STATS] t_ms=20832 q_pkts=21 q_bytes=31584 qdelay_l_ms=1.08199 qdelay_c_ms=10.1729 ecn_mark=1400 drop=0
[QUEUE_STATS] t_ms=20848 q_pkts=21 q_bytes=31584 qdelay_l_ms=0.687472 qdelay_c_ms=10.0003 ecn_mark=1400 drop=0
[QUEUE_STATS] t_ms=20864 q_pkts=22 q_bytes=33088 qdelay_l_ms=0.873742 qdelay_c_ms=9.81003 ecn_mark=1402 drop=0
[QUEUE_STATS] t_ms=20880 q_pkts=23 q_bytes=34592 qdelay_l_ms=1.08582 qdelay_c_ms=10.8016 ecn_mark=1403 drop=0
[QUEUE_STATS] t_ms=20896 q_pkts=23 q_bytes=34592 qdelay_l_ms=1.06607 qdelay_c_ms=10.1229 ecn_mark=1404 drop=0
[QUEUE_STATS] t_ms=20912 q_pkts=22 q_bytes=33088 qdelay_l_ms=0.887458 qdelay_c_ms=9.78911 ecn_mark=1405 drop=0
[QUEUE_STATS] t_ms=20928 q_pkts=20 q_bytes=30080 qdelay_l_ms=0.94133 qdelay_c_ms=9.99069 ecn_mark=1405 drop=0
[QUEUE_STATS] t_ms=20944 q_pkts=22 q_bytes=33088 qdelay_l_ms=0.759848 qdelay_c_ms=8.04663 ecn_mark=1408 drop=0
[QUEUE_STATS] t_ms=20960 q_pkts=25 q_bytes=37600 qdelay_l_ms=1.08217 qdelay_c_ms=11.0905 ecn_mark=1408 drop=0
[QUEUE_STATS] t_ms=20976 q_pkts=23 q_bytes=34592 qdelay_l_ms=1.03389 qdelay_c_ms=10.9168 ecn_mark=1410 drop=0
[QUEUE_STATS] t_ms=20992 q_pkts=24 q_bytes=36096 qdelay_l_ms=1.0732 qdelay_c_ms=9.75743 ecn_mark=1410 drop=0
[QUEUE_STATS] t_ms=21008 q_pkts=26 q_bytes=39104 qdelay_l_ms=1.1062 qdelay_c_ms=10.939 ecn_mark=1410 drop=0
[QUEUE_STATS] t_ms=21024 q_pkts=23 q_bytes=34592 qdelay_l_ms=0.897226 qdelay_c_ms=10.6994 ecn_mark=1410 drop=0
[QUEUE_STATS] t_ms=21040 q_pkts=23 q_bytes=34592 qdelay_l_ms=0.894621 qdelay_c_ms=10.8068 ecn_mark=1411 drop=0
[QUEUE_STATS] t_ms=21056 q_pkts=25 q_bytes=37600 qdelay_l_ms=1.10699 qdelay_c_ms=9.91604 ecn_mark=1411 drop=0
[QUEUE_STATS] t_ms=21072 q_pkts=26 q_bytes=39104 qdelay_l_ms=1.06029 qdelay_c_ms=11.7783 ecn_mark=1413 drop=0
[QUEUE_STATS] t_ms=21088 q_pkts=24 q_bytes=36096 qdelay_l_ms=0.88849 qdelay_c_ms=11.7724 ecn_mark=1413 drop=0
[QUEUE_STATS] t_ms=21104 q_pkts=25 q_bytes=37600 qdelay_l_ms=1.10447 qdelay_c_ms=12.1669 ecn_mark=1415 drop=0
[QUEUE_STATS] t_ms=21120 q_pkts=25 q_bytes=37600 qdelay_l_ms=1.08891 qdelay_c_ms=11.0727 ecn_mark=1415 drop=0
[QUEUE_STATS] t_ms=21136 q_pkts=27 q_bytes=40608 qdelay_l_ms=0.885465 qdelay_c_ms=11.9983 ecn_mark=1415 drop=0
[QUEUE_STATS] t_ms=21152 q_pkts=26 q_bytes=39104 qdelay_l_ms=0.609887 qdelay_c_ms=11.8671 ecn_mark=1415 drop=0
[QUEUE_STATS] t_ms=21168 q_pkts=27 q_bytes=40608 qdelay_l_ms=1.05681 qdelay_c_ms=12.9236 ecn_mark=1416 drop=0
[QUEUE_STATS] t_ms=21184 q_pkts=29 q_bytes=43616 qdelay_l_ms=0.673035 qdelay_c_ms=11.8901 ecn_mark=1416 drop=0
[QUEUE_STATS] t_ms=21200 q_pkts=28 q_bytes=42112 qdelay_l_ms=1.0811 qdelay_c_ms=13.523 ecn_mark=1416 drop=0
[QUEUE_STATS] t_ms=21216 q_pkts=29 q_bytes=43616 qdelay_l_ms=0.923686 qdelay_c_ms=13.0236 ecn_mark=1417 drop=0
[QUEUE_STATS] t_ms=21232 q_pkts=27 q_bytes=40608 qdelay_l_ms=0.897407 qdelay_c_ms=12.0689 ecn_mark=1418 drop=0
[QUEUE_STATS] t_ms=21248 q_pkts=28 q_bytes=42112 qdelay_l_ms=1.07039 qdelay_c_ms=13.3478 ecn_mark=1420 drop=0
[QUEUE_STATS] t_ms=21264 q_pkts=29 q_bytes=43616 qdelay_l_ms=1.10014 qdelay_c_ms=12.9577 ecn_mark=1423 drop=0
[QUEUE_STATS] t_ms=21280 q_pkts=29 q_bytes=43616 qdelay_l_ms=0.890765 qdelay_c_ms=13.032 ecn_mark=1424 drop=0
[QUEUE_STATS] t_ms=21296 q_pkts=30 q_bytes=45120 qdelay_l_ms=1.09264 qdelay_c_ms=14.8702 ecn_mark=1424 drop=0
[QUEUE_STATS] t_ms=21312 q_pkts=29 q_bytes=43616 qdelay_l_ms=0.876517 qdelay_c_ms=11.8517 ecn_mark=1426 drop=0
[QUEUE_STATS] t_ms=21328 q_pkts=29 q_bytes=43616 qdelay_l_ms=1.09464 qdelay_c_ms=13.8405 ecn_mark=1427 drop=0
[QUEUE_STATS] t_ms=21344 q_pkts=30 q_bytes=45120 qdelay_l_ms=0.887639 qdelay_c_ms=13.1405 ecn_mark=1427 drop=0
[QUEUE_STATS] t_ms=21360 q_pkts=28 q_bytes=42112 qdelay_l_ms=1.06653 qdelay_c_ms=12.0492 ecn_mark=1427 drop=0
[QUEUE_STATS] t_ms=21376 q_pkts=29 q_bytes=43616 qdelay_l_ms=1.10677 qdelay_c_ms=14.1505 ecn_mark=1428 drop=0
[QUEUE_STATS] t_ms=21392 q_pkts=32 q_bytes=48128 qdelay_l_ms=0.878822 qdelay_c_ms=13.898 ecn_mark=1430 drop=0
[QUEUE_STATS] t_ms=21408 q_pkts=30 q_bytes=45120 qdelay_l_ms=0.990612 qdelay_c_ms=13.0306 ecn_mark=1431 drop=0
[QUEUE_STATS] t_ms=21424 q_pkts=25 q_bytes=37600 qdelay_l_ms=0 qdelay_c_ms=14.8486 ecn_mark=1432 drop=0
[QUEUE_STATS] t_ms=21440 q_pkts=32 q_bytes=48128 qdelay_l_ms=1.04052 qdelay_c_ms=15.0891 ecn_mark=1434 drop=0
[QUEUE_STATS] t_ms=21456 q_pkts=29 q_bytes=43616 qdelay_l_ms=1.00021 qdelay_c_ms=14.1097 ecn_mark=1434 drop=0
[QUEUE_STATS] t_ms=21472 q_pkts=30 q_bytes=45120 qdelay_l_ms=1.0902 qdelay_c_ms=13.8964 ecn_mark=1434 drop=0
[QUEUE_STATS] t_ms=21488 q_pkts=34 q_bytes=51136 qdelay_l_ms=1.10614 qdelay_c_ms=13.7581 ecn_mark=1434 drop=0
[QUEUE_STATS] t_ms=21504 q_pkts=31 q_bytes=46624 qdelay_l_ms=1.09367 qdelay_c_ms=15.9435 ecn_mark=1434 drop=0
[QUEUE_STATS] t_ms=21520 q_pkts=29 q_bytes=43616 qdelay_l_ms=1.08217 qdelay_c_ms=15.0114 ecn_mark=1434 drop=0
[QUEUE_STATS] t_ms=21536 q_pkts=33 q_bytes=49632 qdelay_l_ms=1.01699 qdelay_c_ms=15.8747 ecn_mark=1434 drop=0
[QUEUE_STATS] t_ms=21552 q_pkts=33 q_bytes=49632 qdelay_l_ms=1.07015 qdelay_c_ms=15.9535 ecn_mark=1434 drop=0
[QUEUE_STATS] t_ms=21568 q_pkts=33 q_bytes=49632 qdelay_l_ms=1.00114 qdelay_c_ms=15.0893 ecn_mark=1435 drop=0
[QUEUE_STATS] t_ms=21584 q_pkts=37 q_bytes=55648 qdelay_l_ms=0.87787 qdelay_c_ms=16.7279 ecn_mark=1436 drop=0
[QUEUE_STATS] t_ms=21600 q_pkts=34 q_bytes=51136 qdelay_l_ms=0.921582 qdelay_c_ms=16.177 ecn_mark=1436 drop=0
[QUEUE_STATS] t_ms=21616 q_pkts=33 q_bytes=49632 qdelay_l_ms=1.09573 qdelay_c_ms=16.8853 ecn_mark=1438 drop=0
[QUEUE_STATS] t_ms=21632 q_pkts=35 q_bytes=52640 qdelay_l_ms=0.944976 qdelay_c_ms=17.7042 ecn_mark=1438 drop=0
[QUEUE_STATS] t_ms=21648 q_pkts=34 q_bytes=51136 qdelay_l_ms=1.09313 qdelay_c_ms=15.1379 ecn_mark=1438 drop=0
[QUEUE_STATS] t_ms=21664 q_pkts=34 q_bytes=51136 qdelay_l_ms=1.0871 qdelay_c_ms=17.5698 ecn_mark=1440 drop=0
[QUEUE_STATS] t_ms=21680 q_pkts=37 q_bytes=55648 qdelay_l_ms=1.10324 qdelay_c_ms=17.5932 ecn_mark=1440 drop=0
[QUEUE_STATS] t_ms=21696 q_pkts=35 q_bytes=52640 qdelay_l_ms=0.938013 qdelay_c_ms=15.9989 ecn_mark=1440 drop=0
[QUEUE_STATS] t_ms=21712 q_pkts=35 q_bytes=52640 qdelay_l_ms=0.769997 qdelay_c_ms=17.9869 ecn_mark=1441 drop=0
[QUEUE_STATS] t_ms=21728 q_pkts=37 q_bytes=55648 qdelay_l_ms=0.825001 qdelay_c_ms=16.95 ecn_mark=1444 drop=0
[QUEUE_STATS] t_ms=21744 q_pkts=35 q_bytes=52640 qdelay_l_ms=1.09014 qdelay_c_ms=18.0609 ecn_mark=1445 drop=0
[QUEUE_STATS] t_ms=21760 q_pkts=36 q_bytes=54144 qdelay_l_ms=0.837464 qdelay_c_ms=19.0407 ecn_mark=1446 drop=0
[QUEUE_STATS] t_ms=21776 q_pkts=37 q_bytes=55648 qdelay_l_ms=0.852312 qdelay_c_ms=16.0138 ecn_mark=1446 drop=0
[QUEUE_STATS] t_ms=21792 q_pkts=37 q_bytes=55648 qdelay_l_ms=0.691289 qdelay_c_ms=19.1227 ecn_mark=1446 drop=0
[QUEUE_STATS] t_ms=21808 q_pkts=36 q_bytes=54144 qdelay_l_ms=0.925489 qdelay_c_ms=18.7114 ecn_mark=1448 drop=0
[QUEUE_STATS] t_ms=21824 q_pkts=37 q_bytes=55648 qdelay_l_ms=0.945397 qdelay_c_ms=16.0043 ecn_mark=1450 drop=0
[QUEUE_STATS] t_ms=21840 q_pkts=37 q_bytes=55648 qdelay_l_ms=1.10001 qdelay_c_ms=19.0122 ecn_mark=1451 drop=0
[QUEUE_STATS] t_ms=21856 q_pkts=36 q_bytes=54144 qdelay_l_ms=0.960776 qdelay_c_ms=15.9095 ecn_mark=1451 drop=0
[QUEUE_STATS] t_ms=21872 q_pkts=37 q_bytes=55648 qdelay_l_ms=0.906504 qdelay_c_ms=18.1298 ecn_mark=1452 drop=0
[QUEUE_STATS] t_ms=21888 q_pkts=36 q_bytes=54144 qdelay_l_ms=1.04528 qdelay_c_ms=19.0312 ecn_mark=1452 drop=0
[QUEUE_STATS] t_ms=21904 q_pkts=39 q_bytes=58656 qdelay_l_ms=0.909299 qdelay_c_ms=15.936 ecn_mark=1452 drop=0
[QUEUE_STATS] t_ms=21920 q_pkts=38 q_bytes=57152 qdelay_l_ms=0.647938 qdelay_c_ms=19.7002 ecn_mark=1452 drop=0
[QUEUE_STATS] t_ms=21936 q_pkts=38 q_bytes=57152 qdelay_l_ms=0.855698 qdelay_c_ms=19.7389 ecn_mark=1454 drop=0
[QUEUE_STATS] t_ms=21952 q_pkts=39 q_bytes=58656 qdelay_l_ms=0.958021 qdelay_c_ms=17.7725 ecn_mark=1455 drop=0
[QUEUE_STATS] t_ms=21968 q_pkts=39 q_bytes=58656 qdelay_l_ms=1.00374 qdelay_c_ms=19.1683 ecn_mark=1455 drop=0
[QUEUE_STATS] t_ms=21984 q_pkts=39 q_bytes=58656 qdelay_l_ms=1.06091 qdelay_c_ms=19.1239 ecn_mark=1455 drop=0
[QUEUE_STATS] t_ms=22000 q_pkts=39 q_bytes=58656 qdelay_l_ms=0.897477 qdelay_c_ms=18.8734 ecn_mark=1456 drop=0
[QUEUE_STATS] t_ms=22016 q_pkts=41 q_bytes=61664 qdelay_l_ms=1.10022 qdelay_c_ms=18.8728 ecn_mark=1457 drop=0
[QUEUE_STATS] t_ms=22032 q_pkts=42 q_bytes=63168 qdelay_l_ms=0.863523 qdelay_c_ms=18.8316 ecn_mark=1458 drop=0
[QUEUE_STATS] t_ms=22048 q_pkts=40 q_bytes=60160 qdelay_l_ms=1.09247 qdelay_c_ms=20.1281 ecn_mark=1459 drop=0
[QUEUE_STATS] t_ms=22064 q_pkts=39 q_bytes=58656 qdelay_l_ms=0.884472 qdelay_c_ms=20.9053 ecn_mark=1459 drop=0
[QUEUE_STATS] t_ms=22080 q_pkts=39 q_bytes=58656 qdelay_l_ms=0.88346 qdelay_c_ms=18.8948 ecn_mark=1459 drop=0
[QUEUE_STATS] t_ms=22096 q_pkts=39 q_bytes=58656 qdelay_l_ms=1.10288 qdelay_c_ms=18.1726 ecn_mark=1459 drop=0
[QUEUE_STATS] t_ms=22112 q_pkts=39 q_bytes=58656 qdelay_l_ms=1.06909 qdelay_c_ms=21.0422 ecn_mark=1461 drop=0
[QUEUE_STATS] t_ms=22128 q_pkts=41 q_bytes=61664 qdelay_l_ms=0.847162 qdelay_c_ms=18.8368 ecn_mark=1463 drop=0
[QUEUE_STATS] t_ms=22144 q_pkts=41 q_bytes=61664 qdelay_l_ms=1.097 qdelay_c_ms=19.0042 ecn_mark=1465 drop=0
[QUEUE_STATS] t_ms=22160 q_pkts=42 q_bytes=63168 qdelay_l_ms=0.810924 qdelay_c_ms=22.1443 ecn_mark=1466 drop=0
[QUEUE_STATS] t_ms=22176 q_pkts=41 q_bytes=61664 qdelay_l_ms=1.09546 qdelay_c_ms=20.8643 ecn_mark=1468 drop=0
[QUEUE_STATS] t_ms=22192 q_pkts=41 q_bytes=61664 qdelay_l_ms=1.0639 qdelay_c_ms=20.194 ecn_mark=1468 drop=0
[QUEUE_STATS] t_ms=22208 q_pkts=41 q_bytes=61664 qdelay_l_ms=1.09899 qdelay_c_ms=21.8135 ecn_mark=1468 drop=0
[QUEUE_STATS] t_ms=22224 q_pkts=43 q_bytes=64672 qdelay_l_ms=0.89357 qdelay_c_ms=19.9684 ecn_mark=1468 drop=0
[QUEUE_STATS] t_ms=22240 q_pkts=43 q_bytes=64672 qdelay_l_ms=1.08883 qdelay_c_ms=21.4901 ecn_mark=1470 drop=0
[QUEUE_STATS] t_ms=22256 q_pkts=45 q_bytes=67680 qdelay_l_ms=0.909429 qdelay_c_ms=24.0838 ecn_mark=1474 drop=0
[QUEUE_STATS] t_ms=22272 q_pkts=44 q_bytes=66176 qdelay_l_ms=0.926671 qdelay_c_ms=19.8976 ecn_mark=1475 drop=0
[QUEUE_STATS] t_ms=22288 q_pkts=41 q_bytes=61664 qdelay_l_ms=0 qdelay_c_ms=22.6419 ecn_mark=1477 drop=0
[QUEUE_STATS] t_ms=22304 q_pkts=46 q_bytes=69184 qdelay_l_ms=1.02769 qdelay_c_ms=23.0047 ecn_mark=1477 drop=0
[QUEUE_STATS] t_ms=22320 q_pkts=42 q_bytes=63168 qdelay_l_ms=0.837454 qdelay_c_ms=20.0012 ecn_mark=1478 drop=0
[QUEUE_STATS] t_ms=22336 q_pkts=43 q_bytes=64672 qdelay_l_ms=0.862361 qdelay_c_ms=22.005 ecn_mark=1479 drop=0
[QUEUE_STATS] t_ms=22352 q_pkts=45 q_bytes=67680 qdelay_l_ms=1.10581 qdelay_c_ms=18.8459 ecn_mark=1480 drop=0
[QUEUE_STATS] t_ms=22368 q_pkts=44 q_bytes=66176 qdelay_l_ms=0.882869 qdelay_c_ms=20.8079 ecn_mark=1481 drop=0
[QUEUE_STATS] t_ms=22384 q_pkts=43 q_bytes=64672 qdelay_l_ms=0.894431 qdelay_c_ms=23.0642 ecn_mark=1481 drop=0
[QUEUE_STATS] t_ms=22400 q_pkts=45 q_bytes=67680 qdelay_l_ms=0.838395 qdelay_c_ms=21.9474 ecn_mark=1483 drop=0
[QUEUE_STATS] t_ms=22416 q_pkts=44 q_bytes=66176 qdelay_l_ms=1.09659 qdelay_c_ms=23.1732 ecn_mark=1484 drop=0
[QUEUE_STATS] t_ms=22432 q_pkts=44 q_bytes=66176 qdelay_l_ms=0.808409 qdelay_c_ms=22.6894 ecn_mark=1485 drop=0
[QUEUE_STATS] t_ms=22448 q_pkts=44 q_bytes=66176 qdelay_l_ms=0.839949 qdelay_c_ms=20.9375 ecn_mark=1485 drop=0
[QUEUE_STATS] t_ms=22464 q_pkts=44 q_bytes=66176 qdelay_l_ms=0.829278 qdelay_c_ms=22.6837 ecn_mark=1486 drop=0
[QUEUE_STATS] t_ms=22480 q_pkts=47 q_bytes=70688 qdelay_l_ms=0.885855 qdelay_c_ms=21.9069 ecn_mark=1487 drop=0
[QUEUE_STATS] t_ms=22496 q_pkts=45 q_bytes=67680 qdelay_l_ms=1.09565 qdelay_c_ms=21.854 ecn_mark=1487 drop=0
[QUEUE_STATS] t_ms=22512 q_pkts=45 q_bytes=67680 qdelay_l_ms=1.08831 qdelay_c_ms=24.0823 ecn_mark=1488 drop=0
[QUEUE_STATS] t_ms=22528 q_pkts=45 q_bytes=67680 qdelay_l_ms=1.06994 qdelay_c_ms=20.8466 ecn_mark=1488 drop=0
[QUEUE_STATS] t_ms=22544 q_pkts=47 q_bytes=70688 qdelay_l_ms=0.589077 qdelay_c_ms=24.1287 ecn_mark=1488 drop=0
[QUEUE_STATS] t_ms=22560 q_pkts=45 q_bytes=67680 qdelay_l_ms=1.09646 qdelay_c_ms=25.2701 ecn_mark=1488 drop=0
[QUEUE_STATS] t_ms=22576 q_pkts=46 q_bytes=69184 qdelay_l_ms=0.858293 qdelay_c_ms=21.0645 ecn_mark=1488 drop=0
[QUEUE_STATS] t_ms=22592 q_pkts=47 q_bytes=70688 qdelay_l_ms=0.855478 qdelay_c_ms=24.9942 ecn_mark=1488 drop=0
[QUEUE_STATS] t_ms=22608 q_pkts=47 q_bytes=70688 qdelay_l_ms=0.820542 qdelay_c_ms=23.776 ecn_mark=1490 drop=0
[QUEUE_STATS] t_ms=22624 q_pkts=47 q_bytes=70688 qdelay_l_ms=1.08385 qdelay_c_ms=23.0253 ecn_mark=1490 drop=0
[QUEUE_STATS] t_ms=22640 q_pkts=48 q_bytes=72192 qdelay_l_ms=1.09986 qdelay_c_ms=25.9165 ecn_mark=1490 drop=0
[QUEUE_STATS] t_ms=22656 q_pkts=48 q_bytes=72192 qdelay_l_ms=1.06976 qdelay_c_ms=23.1881 ecn_mark=1490 drop=0
[QUEUE_STATS] t_ms=22672 q_pkts=48 q_bytes=72192 qdelay_l_ms=1.08094 qdelay_c_ms=24.1624 ecn_mark=1490 drop=0
[QUEUE_STATS] t_ms=22688 q_pkts=50 q_bytes=75200 qdelay_l_ms=1.10709 qdelay_c_ms=26.0629 ecn_mark=1491 drop=0
[QUEUE_STATS] t_ms=22704 q_pkts=49 q_bytes=73696 qdelay_l_ms=0.831333 qdelay_c_ms=23.935 ecn_mark=1491 drop=0
[QUEUE_STATS] t_ms=22720 q_pkts=50 q_bytes=75200 qdelay_l_ms=0.795555 qdelay_c_ms=26.9755 ecn_mark=1493 drop=0
[QUEUE_STATS] t_ms=22736 q_pkts=51 q_bytes=76704 qdelay_l_ms=0.80901 qdelay_c_ms=26.8031 ecn_mark=1493 drop=0
[QUEUE_STATS] t_ms=22752 q_pkts=50 q_bytes=75200 qdelay_l_ms=0.805775 qdelay_c_ms=23.9444 ecn_mark=1493 drop=0
[QUEUE_STATS] t_ms=22768 q_pkts=50 q_bytes=75200 qdelay_l_ms=0.995942 qdelay_c_ms=27.1401 ecn_mark=1493 drop=0
[QUEUE_STATS] t_ms=22784 q_pkts=52 q_bytes=78208 qdelay_l_ms=0.798731 qdelay_c_ms=25.7333 ecn_mark=1493 drop=0
[QUEUE_STATS] t_ms=22800 q_pkts=51 q_bytes=76704 qdelay_l_ms=1.00671 qdelay_c_ms=27.1681 ecn_mark=1493 drop=0
[QUEUE_STATS] t_ms=22816 q_pkts=52 q_bytes=78208 qdelay_l_ms=1.04268 qdelay_c_ms=29.01 ecn_mark=1495 drop=0
[QUEUE_STATS] t_ms=22832 q_pkts=54 q_bytes=81216 qdelay_l_ms=1.10276 qdelay_c_ms=25.9732 ecn_mark=1496 drop=0
[QUEUE_STATS] t_ms=22848 q_pkts=52 q_bytes=78208 qdelay_l_ms=1.09991 qdelay_c_ms=26.963 ecn_mark=1497 drop=0
[QUEUE_STATS] t_ms=22864 q_pkts=53 q_bytes=79712 qdelay_l_ms=0.943513 qdelay_c_ms=29.9391 ecn_mark=1498 drop=0
[QUEUE_STATS] t_ms=22880 q_pkts=54 q_bytes=81216 qdelay_l_ms=1.00869 qdelay_c_ms=26.7162 ecn_mark=1498 drop=0
[QUEUE_STATS] t_ms=22896 q_pkts=52 q_bytes=78208 qdelay_l_ms=1.08271 qdelay_c_ms=29.1341 ecn_mark=1499 drop=0
[QUEUE_STATS] t_ms=22912 q_pkts=53 q_bytes=79712 qdelay_l_ms=1.07131 qdelay_c_ms=28.7888 ecn_mark=1502 drop=0
[QUEUE_STATS] t_ms=22928 q_pkts=53 q_bytes=79712 qdelay_l_ms=1.07961 qdelay_c_ms=27.1085 ecn_mark=1504 drop=0
[QUEUE_STATS] t_ms=22944 q_pkts=53 q_bytes=79712 qdelay_l_ms=0.75533 qdelay_c_ms=29.9647 ecn_mark=1504 drop=0
[QUEUE_STATS] t_ms=22960 q_pkts=54 q_bytes=81216 qdelay_l_ms=0.760991 qdelay_c_ms=27.0247 ecn_mark=1507 drop=0
[QUEUE_STATS] t_ms=22976 q_pkts=52 q_bytes=78208 qdelay_l_ms=1.06686 qdelay_c_ms=28.2235 ecn_mark=1507 drop=0
[QUEUE_STATS] t_ms=22992 q_pkts=54 q_bytes=81216 qdelay_l_ms=1.09214 qdelay_c_ms=31.0545 ecn_mark=1509 drop=0
[QUEUE_STATS] t_ms=23008 q_pkts=53 q_bytes=79712 qdelay_l_ms=1.06832 qdelay_c_ms=26.9416 ecn_mark=1509 drop=0
[QUEUE_STATS] t_ms=23024 q_pkts=53 q_bytes=79712 qdelay_l_ms=1.08934 qdelay_c_ms=28.103 ecn_mark=1510 drop=0
[QUEUE_STATS] t_ms=23040 q_pkts=55 q_bytes=82720 qdelay_l_ms=1.10371 qdelay_c_ms=31.0672 ecn_mark=1511 drop=0
[QUEUE_STATS] t_ms=23056 q_pkts=53 q_bytes=79712 qdelay_l_ms=0.878681 qdelay_c_ms=26.9445 ecn_mark=1513 drop=0
[QUEUE_STATS] t_ms=23072 q_pkts=53 q_bytes=79712 qdelay_l_ms=1.10148 qdelay_c_ms=29.3463 ecn_mark=1514 drop=0
[QUEUE_STATS] t_ms=23088 q_pkts=56 q_bytes=84224 qdelay_l_ms=0.938283 qdelay_c_ms=28.0286 ecn_mark=1516 drop=0
[QUEUE_STATS] t_ms=23104 q_pkts=53 q_bytes=79712 qdelay_l_ms=0.837675 qdelay_c_ms=26.9938 ecn_mark=1517 drop=0
[QUEUE_STATS] t_ms=23120 q_pkts=55 q_bytes=82720 qdelay_l_ms=1.07193 qdelay_c_ms=30.7548 ecn_mark=1518 drop=0
[QUEUE_STATS] t_ms=23136 q_pkts=55 q_bytes=82720 qdelay_l_ms=1.09422 qdelay_c_ms=27.7462 ecn_mark=1518 drop=0
[QUEUE_STATS] t_ms=23152 q_pkts=55 q_bytes=82720 qdelay_l_ms=1.09712 qdelay_c_ms=27.1165 ecn_mark=1519 drop=0
[QUEUE_STATS] t_ms=23168 q_pkts=54 q_bytes=81216 qdelay_l_ms=1.07122 qdelay_c_ms=32.0153 ecn_mark=1519 drop=0
[QUEUE_STATS] t_ms=23184 q_pkts=55 q_bytes=82720 qdelay_l_ms=0.775177 qdelay_c_ms=28.9977 ecn_mark=1519 drop=0
[QUEUE_STATS] t_ms=23200 q_pkts=54 q_bytes=81216 qdelay_l_ms=1.09733 qdelay_c_ms=28.8156 ecn_mark=1520 drop=0
[QUEUE_STATS] t_ms=23216 q_pkts=56 q_bytes=84224 qdelay_l_ms=1.09173 qdelay_c_ms=30.8096 ecn_mark=1522 drop=0
[QUEUE_STATS] t_ms=23232 q_pkts=54 q_bytes=81216 qdelay_l_ms=1.0911 qdelay_c_ms=28.812 ecn_mark=1523 drop=0
[QUEUE_STATS] t_ms=23248 q_pkts=56 q_bytes=84224 qdelay_l_ms=1.06596 qdelay_c_ms=31.2541 ecn_mark=1527 drop=0
[QUEUE_STATS] t_ms=23264 q_pkts=57 q_bytes=85728 qdelay_l_ms=0.911313 qdelay_c_ms=30.7638 ecn_mark=1528 drop=0
[QUEUE_STATS] t_ms=23280 q_pkts=55 q_bytes=82720 qdelay_l_ms=0.611029 qdelay_c_ms=28.9079 ecn_mark=1529 drop=0
[QUEUE_STATS] t_ms=23296 q_pkts=55 q_bytes=82720 qdelay_l_ms=1.02431 qdelay_c_ms=30.8974 ecn_mark=1532 drop=0
[QUEUE_STATS] t_ms=23312 q_pkts=56 q_bytes=84224 qdelay_l_ms=1.06534 qdelay_c_ms=30.0013 ecn_mark=1533 drop=0
[QUEUE_STATS] t_ms=23328 q_pkts=55 q_bytes=82720 qdelay_l_ms=0.98401 qdelay_c_ms=31.0587 ecn_mark=1537 drop=0
[QUEUE_STATS] t_ms=23344 q_pkts=56 q_bytes=84224 qdelay_l_ms=0.915651 qdelay_c_ms=29.8229 ecn_mark=1537 drop=0
[QUEUE_STATS] t_ms=23360 q_pkts=56 q_bytes=84224 qdelay_l_ms=1.09627 qdelay_c_ms=29.1012 ecn_mark=1537 drop=0
[QUEUE_STATS] t_ms=23376 q_pkts=56 q_bytes=84224 qdelay_l_ms=1.08052 qdelay_c_ms=32.0142 ecn_mark=1539 drop=0
[QUEUE_STATS] t_ms=23392 q_pkts=58 q_bytes=87232 qdelay_l_ms=1.0721 qdelay_c_ms=28.8326 ecn_mark=1540 drop=0
[QUEUE_STATS] t_ms=23408 q_pkts=58 q_bytes=87232 qdelay_l_ms=1.11227 qdelay_c_ms=29.9557 ecn_mark=1540 drop=0
[QUEUE_STATS] t_ms=23424 q_pkts=57 q_bytes=85728 qdelay_l_ms=0 qdelay_c_ms=31.9767 ecn_mark=1541 drop=0
[QUEUE_STATS] t_ms=23440 q_pkts=55 q_bytes=82720 qdelay_l_ms=1.09017 qdelay_c_ms=29.8773 ecn_mark=1542 drop=0
[QUEUE_STATS] t_ms=23456 q_pkts=56 q_bytes=84224 qdelay_l_ms=0.784364 qdelay_c_ms=31.7776 ecn_mark=1542 drop=0
[QUEUE_STATS] t_ms=23472 q_pkts=55 q_bytes=82720 qdelay_l_ms=0.788051 qdelay_c_ms=29.5716 ecn_mark=1544 drop=0
[QUEUE_STATS] t_ms=23488 q_pkts=56 q_bytes=84224 qdelay_l_ms=0.613503 qdelay_c_ms=28.993 ecn_mark=1545 drop=0
[QUEUE_STATS] t_ms=23504 q_pkts=60 q_bytes=90240 qdelay_l_ms=0.750721 qdelay_c_ms=30.8378 ecn_mark=1545 drop=0
[QUEUE_STATS] t_ms=23520 q_pkts=56 q_bytes=84224 qdelay_l_ms=0.799071 qdelay_c_ms=30.6722 ecn_mark=1546 drop=0
[QUEUE_STATS] t_ms=23536 q_pkts=57 q_bytes=85728 qdelay_l_ms=1.08385 qdelay_c_ms=31.1199 ecn_mark=1546 drop=0
[QUEUE_STATS] t_ms=23552 q_pkts=59 q_bytes=88736 qdelay_l_ms=0.786187 qdelay_c_ms=29.7731 ecn_mark=1547 drop=0
[QUEUE_STATS] t_ms=23568 q_pkts=56 q_bytes=84224 qdelay_l_ms=0.998266 qdelay_c_ms=29.6486 ecn_mark=1547 drop=0
[QUEUE_STATS] t_ms=23584 q_pkts=57 q_bytes=85728 qdelay_l_ms=1.06434 qdelay_c_ms=32.3992 ecn_mark=1547 drop=0
[QUEUE_STATS] t_ms=23600 q_pkts=58 q_bytes=87232 qdelay_l_ms=1.09703 qdelay_c_ms=30.8509 ecn_mark=1547 drop=0
[QUEUE_STATS] t_ms=23616 q_pkts=58 q_bytes=87232 qdelay_l_ms=1.09227 qdelay_c_ms=29.3354 ecn_mark=1547 drop=0
[QUEUE_STATS] t_ms=23632 q_pkts=59 q_bytes=88736 qdelay_l_ms=1.07129 qdelay_c_ms=33.3315 ecn_mark=1550 drop=0
[QUEUE_STATS] t_ms=23648 q_pkts=60 q_bytes=90240 qdelay_l_ms=1.09069 qdelay_c_ms=31.0412 ecn_mark=1551 drop=0
[QUEUE_STATS] t_ms=23664 q_pkts=57 q_bytes=85728 qdelay_l_ms=1.09174 qdelay_c_ms=30.6415 ecn_mark=1552 drop=0
[QUEUE_STATS] t_ms=23680 q_pkts=60 q_bytes=90240 qdelay_l_ms=1.1041 qdelay_c_ms=34.0545 ecn_mark=1552 drop=0
[QUEUE_STATS] t_ms=23696 q_pkts=60 q_bytes=90240 qdelay_l_ms=0.851651 qdelay_c_ms=31.7805 ecn_mark=1552 drop=0
[QUEUE_STATS] t_ms=23712 q_pkts=56 q_bytes=84224 qdelay_l_ms=1.07192 qdelay_c_ms=30.7753 ecn_mark=1552 drop=0
[QUEUE_STATS] t_ms=23728 q_pkts=58 q_bytes=87232 qdelay_l_ms=1.08457 qdelay_c_ms=32.6856 ecn_mark=1555 drop=0
[QUEUE_STATS] t_ms=23744 q_pkts=60 q_bytes=90240 qdelay_l_ms=1.10129 qdelay_c_ms=33.0822 ecn_mark=1556 drop=0
[QUEUE_STATS] t_ms=23760 q_pkts=57 q_bytes=85728 qdelay_l_ms=0.732737 qdelay_c_ms=31.1187 ecn_mark=1557 drop=0
[QUEUE_STATS] t_ms=23776 q_pkts=58 q_bytes=87232 qdelay_l_ms=1.09933 qdelay_c_ms=31.0395 ecn_mark=1558 drop=0
[QUEUE_STATS] t_ms=23792 q_pkts=62 q_bytes=93248 qdelay_l_ms=1.08374 qdelay_c_ms=32.0014 ecn_mark=1559 drop=0
[QUEUE_STATS] t_ms=23808 q_pkts=59 q_bytes=88736 qdelay_l_ms=0.951167 qdelay_c_ms=31.152 ecn_mark=1559 drop=0
[QUEUE_STATS] t_ms=23824 q_pkts=60 q_bytes=90240 qdelay_l_ms=1.08415 qdelay_c_ms=34.0487 ecn_mark=1562 drop=0
[QUEUE_STATS] t_ms=23840 q_pkts=61 q_bytes=91744 qdelay_l_ms=1.10039 qdelay_c_ms=33.8675 ecn_mark=1564 drop=0
[QUEUE_STATS] t_ms=23856 q_pkts=58 q_bytes=87232 qdelay_l_ms=0.743718 qdelay_c_ms=30.5795 ecn_mark=1564 drop=0
[QUEUE_STATS] t_ms=23872 q_pkts=60 q_bytes=90240 qdelay_l_ms=0.754568 qdelay_c_ms=31.8961 ecn_mark=1565 drop=0
[QUEUE_STATS] t_ms=23888 q_pkts=61 q_bytes=91744 qdelay_l_ms=0.602082 qdelay_c_ms=31.9843 ecn_mark=1565 drop=0
[QUEUE_STATS] t_ms=23904 q_pkts=60 q_bytes=90240 qdelay_l_ms=0.954273 qdelay_c_ms=32.8353 ecn_mark=1567 drop=0
[QUEUE_STATS] t_ms=23920 q_pkts=60 q_bytes=90240 qdelay_l_ms=1.07097 qdelay_c_ms=32.8024 ecn_mark=1568 drop=0
[QUEUE_STATS] t_ms=23936 q_pkts=60 q_bytes=90240 qdelay_l_ms=1.06351 qdelay_c_ms=32.3464 ecn_mark=1570 drop=0
[QUEUE_STATS] t_ms=23952 q_pkts=61 q_bytes=91744 qdelay_l_ms=1.08851 qdelay_c_ms=33.0005 ecn_mark=1570 drop=0
[QUEUE_STATS] t_ms=23968 q_pkts=61 q_bytes=91744 qdelay_l_ms=0.753055 qdelay_c_ms=32.5936 ecn_mark=1571 drop=0
[QUEUE_STATS] t_ms=23984 q_pkts=60 q_bytes=90240 qdelay_l_ms=1.07207 qdelay_c_ms=33.0641 ecn_mark=1575 drop=0
[QUEUE_STATS] t_ms=24000 q_pkts=61 q_bytes=91744 qdelay_l_ms=1.07316 qdelay_c_ms=32.9063 ecn_mark=1577 drop=0
[QUEUE_STATS] t_ms=24016 q_pkts=61 q_bytes=91744 qdelay_l_ms=0.765669 qdelay_c_ms=31.8323 ecn_mark=1577 drop=0
[QUEUE_STATS] t_ms=24032 q_pkts=62 q_bytes=93248 qdelay_l_ms=0.81968 qdelay_c_ms=33.0828 ecn_mark=1577 drop=0
[QUEUE_STATS] t_ms=24048 q_pkts=61 q_bytes=91744 qdelay_l_ms=1.0816 qdelay_c_ms=32.8365 ecn_mark=1578 drop=0
[QUEUE_STATS] t_ms=24064 q_pkts=63 q_bytes=94752 qdelay_l_ms=1.04957 qdelay_c_ms=32.9634 ecn_mark=1579 drop=0
[QUEUE_STATS] t_ms=24080 q_pkts=64 q_bytes=96256 qdelay_l_ms=0.80334 qdelay_c_ms=34.939 ecn_mark=1580 drop=0
[QUEUE_STATS] t_ms=24096 q_pkts=62 q_bytes=93248 qdelay_l_ms=1.06856 qdelay_c_ms=34.0016 ecn_mark=1581 drop=0
[QUEUE_STATS] t_ms=24112 q_pkts=60 q_bytes=90240 qdelay_l_ms=0.640844 qdelay_c_ms=32.934 ecn_mark=1582 drop=0
[QUEUE_STATS] t_ms=24128 q_pkts=62 q_bytes=93248 qdelay_l_ms=1.08645 qdelay_c_ms=35.0832 ecn_mark=1582 drop=0
[QUEUE_STATS] t_ms=24144 q_pkts=62 q_bytes=93248 qdelay_l_ms=1.07915 qdelay_c_ms=33.675 ecn_mark=1582 drop=0
[QUEUE_STATS] t_ms=24160 q_pkts=62 q_bytes=93248 qdelay_l_ms=1.10766 qdelay_c_ms=31.929 ecn_mark=1584 drop=0
[QUEUE_STATS] t_ms=24176 q_pkts=65 q_bytes=97760 qdelay_l_ms=1.1031 qdelay_c_ms=33.856 ecn_mark=1586 drop=0
[QUEUE_STATS] t_ms=24192 q_pkts=64 q_bytes=96256 qdelay_l_ms=0.800224 qdelay_c_ms=33.0326 ecn_mark=1587 drop=0
[QUEUE_STATS] t_ms=24208 q_pkts=62 q_bytes=93248 qdelay_l_ms=1.0678 qdelay_c_ms=34.032 ecn_mark=1588 drop=0
[QUEUE_STATS] t_ms=24224 q_pkts=64 q_bytes=96256 qdelay_l_ms=1.06097 qdelay_c_ms=35.0555 ecn_mark=1588 drop=0
[QUEUE_STATS] t_ms=24240 q_pkts=63 q_bytes=94752 qdelay_l_ms=0.810443 qdelay_c_ms=32.8627 ecn_mark=1590 drop=0
[QUEUE_STATS] t_ms=24256 q_pkts=63 q_bytes=94752 qdelay_l_ms=1.06592 qdelay_c_ms=33.1476 ecn_mark=1590 drop=0
[QUEUE_STATS] t_ms=24272 q_pkts=62 q_bytes=93248 qdelay_l_ms=1.09772 qdelay_c_ms=35.9739 ecn_mark=1591 drop=0
[QUEUE_STATS] t_ms=24288 q_pkts=63 q_bytes=94752 qdelay_l_ms=1.09909 qdelay_c_ms=32.8217 ecn_mark=1592 drop=0
[QUEUE_STATS] t_ms=24304 q_pkts=64 q_bytes=96256 qdelay_l_ms=0.608834 qdelay_c_ms=33.2067 ecn_mark=1592 drop=0
[QUEUE_STATS] t_ms=24320 q_pkts=64 q_bytes=96256 qdelay_l_ms=0.963311 qdelay_c_ms=35.0412 ecn_mark=1593 drop=0
[QUEUE_STATS] t_ms=24336 q_pkts=63 q_bytes=94752 qdelay_l_ms=1.10046 qdelay_c_ms=32.5716 ecn_mark=1594 drop=0
[QUEUE_STATS] t_ms=24352 q_pkts=62 q_bytes=93248 qdelay_l_ms=0.803851 qdelay_c_ms=32.8582 ecn_mark=1594 drop=0
[QUEUE_STATS] t_ms=24368 q_pkts=65 q_bytes=97760 qdelay_l_ms=0.796087 qdelay_c_ms=33.8233 ecn_mark=1594 drop=0
[QUEUE_STATS] t_ms=24384 q_pkts=63 q_bytes=94752 qdelay_l_ms=1.06861 qdelay_c_ms=32.9745 ecn_mark=1596 drop=0
[QUEUE_STATS] t_ms=24400 q_pkts=62 q_bytes=93248 qdelay_l_ms=1.01278 qdelay_c_ms=35.0652 ecn_mark=1598 drop=0
[QUEUE_STATS] t_ms=24416 q_pkts=65 q_bytes=97760 qdelay_l_ms=1.10029 qdelay_c_ms=35.0667 ecn_mark=1599 drop=0
[QUEUE_STATS] t_ms=24432 q_pkts=63 q_bytes=94752 qdelay_l_ms=0.763806 qdelay_c_ms=33.8637 ecn_mark=1599 drop=0
[QUEUE_STATS] t_ms=24448 q_pkts=64 q_bytes=96256 qdelay_l_ms=1.09265 qdelay_c_ms=34.9214 ecn_mark=1600 drop=0
[QUEUE_STATS] t_ms=24464 q_pkts=67 q_bytes=100768 qdelay_l_ms=1.08801 qdelay_c_ms=35.1711 ecn_mark=1600 drop=0
[QUEUE_STATS] t_ms=24480 q_pkts=66 q_bytes=99264 qdelay_l_ms=1.07913 qdelay_c_ms=34.952 ecn_mark=1601 drop=0
[QUEUE_STATS] t_ms=24496 q_pkts=63 q_bytes=94752 qdelay_l_ms=1.0898 qdelay_c_ms=34.9818 ecn_mark=1602 drop=0
[QUEUE_STATS] t_ms=24512 q_pkts=65 q_bytes=97760 qdelay_l_ms=0.793171 qdelay_c_ms=35.0697 ecn_mark=1604 drop=0
[QUEUE_STATS] t_ms=24528 q_pkts=66 q_bytes=99264 qdelay_l_ms=0.962419 qdelay_c_ms=35.9438 ecn_mark=1604 drop=0
[QUEUE_STATS] t_ms=24544 q_pkts=65 q_bytes=97760 qdelay_l_ms=0.974652 qdelay_c_ms=36.2681 ecn_mark=1606 drop=0
[QUEUE_STATS] t_ms=24560 q_pkts=66 q_bytes=99264 qdelay_l_ms=1.09407 qdelay_c_ms=35.0235 ecn_mark=1607 drop=0
[QUEUE_STATS] t_ms=24576 q_pkts=66 q_bytes=99264 qdelay_l_ms=0.804081 qdelay_c_ms=35.8056 ecn_mark=1608 drop=0
[QUEUE_STATS] t_ms=24592 q_pkts=65 q_bytes=97760 qdelay_l_ms=1.09353 qdelay_c_ms=33.8189 ecn_mark=1608 drop=0
[QUEUE_STATS] t_ms=24608 q_pkts=67 q_bytes=100768 qdelay_l_ms=1.10242 qdelay_c_ms=34.8962 ecn_mark=1611 drop=0
[QUEUE_STATS] t_ms=24624 q_pkts=67 q_bytes=100768 qdelay_l_ms=0.600369 qdelay_c_ms=35.8262 ecn_mark=1611 drop=0
[QUEUE_STATS] t_ms=24640 q_pkts=65 q_bytes=97760 qdelay_l_ms=1.07906 qdelay_c_ms=34.7197 ecn_mark=1611 drop=0
[QUEUE_STATS] t_ms=24656 q_pkts=66 q_bytes=99264 qdelay_l_ms=0.729781 qdelay_c_ms=35.9142 ecn_mark=1611 drop=0
[QUEUE_STATS] t_ms=24672 q_pkts=66 q_bytes=99264 qdelay_l_ms=1.09667 qdelay_c_ms=36.191 ecn_mark=1611 drop=0
[QUEUE_STATS] t_ms=24688 q_pkts=67 q_bytes=100768 qdelay_l_ms=1.08992 qdelay_c_ms=35.9441 ecn_mark=1612 drop=0
[QUEUE_STATS] t_ms=24704 q_pkts=69 q_bytes=103776 qdelay_l_ms=1.09133 qdelay_c_ms=36.9469 ecn_mark=1613 drop=0
[QUEUE_STATS] t_ms=24720 q_pkts=65 q_bytes=97760 qdelay_l_ms=0.763796 qdelay_c_ms=35.7065 ecn_mark=1613 drop=0
[QUEUE_STATS] t_ms=24736 q_pkts=68 q_bytes=102272 qdelay_l_ms=1.09268 qdelay_c_ms=36.2464 ecn_mark=1613 drop=0
[QUEUE_STATS] t_ms=24752 q_pkts=68 q_bytes=102272 qdelay_l_ms=0.751873 qdelay_c_ms=36.7344 ecn_mark=1613 drop=0
[QUEUE_STATS] t_ms=24768 q_pkts=67 q_bytes=100768 qdelay_l_ms=1.09849 qdelay_c_ms=35.0188 ecn_mark=1613 drop=0
[QUEUE_STATS] t_ms=24784 q_pkts=69 q_bytes=103776 qdelay_l_ms=0.744118 qdelay_c_ms=37.8544 ecn_mark=1613 drop=0
[QUEUE_STATS] t_ms=24800 q_pkts=69 q_bytes=103776 qdelay_l_ms=0.88297 qdelay_c_ms=36.5887 ecn_mark=1614 drop=0
[QUEUE_STATS] t_ms=24816 q_pkts=70 q_bytes=105280 qdelay_l_ms=1.10174 qdelay_c_ms=37.752 ecn_mark=1616 drop=0
[QUEUE_STATS] t_ms=24832 q_pkts=69 q_bytes=103776 qdelay_l_ms=1.08509 qdelay_c_ms=38.8902 ecn_mark=1617 drop=0
[QUEUE_STATS] t_ms=24848 q_pkts=68 q_bytes=102272 qdelay_l_ms=1.03904 qdelay_c_ms=38.9996 ecn_mark=1618 drop=0
[QUEUE_STATS] t_ms=24864 q_pkts=68 q_bytes=102272 qdelay_l_ms=0.964182 qdelay_c_ms=39.1484 ecn_mark=1620 drop=0
[QUEUE_STATS] t_ms=24880 q_pkts=70 q_bytes=105280 qdelay_l_ms=1.08767 qdelay_c_ms=40.0871 ecn_mark=1620 drop=0
[QUEUE_STATS] t_ms=24896 q_pkts=71 q_bytes=106784 qdelay_l_ms=1.0891 qdelay_c_ms=37.9285 ecn_mark=1622 drop=0
[QUEUE_STATS] t_ms=24912 q_pkts=68 q_bytes=102272 qdelay_l_ms=0.751383 qdelay_c_ms=37.958 ecn_mark=1624 drop=0
[QUEUE_STATS] t_ms=24928 q_pkts=71 q_bytes=106784 qdelay_l_ms=0.788772 qdelay_c_ms=38.9939 ecn_mark=1625 drop=0
[QUEUE_STATS] t_ms=24944 q_pkts=72 q_bytes=108288 qdelay_l_ms=1.06444 qdelay_c_ms=38.9603 ecn_mark=1626 drop=0
[QUEUE_STATS] t_ms=24960 q_pkts=69 q_bytes=103776 qdelay_l_ms=1.09377 qdelay_c_ms=40.0857 ecn_mark=1626 drop=0
[QUEUE_STATS] t_ms=24976 q_pkts=70 q_bytes=105280 qdelay_l_ms=1.09627 qdelay_c_ms=38.6814 ecn_mark=1628 drop=0
[QUEUE_STATS] t_ms=24992 q_pkts=69 q_bytes=103776 qdelay_l_ms=0.753807 qdelay_c_ms=37.7683 ecn_mark=1628 drop=0
[QUEUE_STATS] t_ms=25008 q_pkts=69 q_bytes=103776 qdelay_l_ms=1.09047 qdelay_c_ms=40.8288 ecn_mark=1631 drop=0
[QUEUE_STATS] t_ms=25024 q_pkts=70 q_bytes=105280 qdelay_l_ms=0.852482 qdelay_c_ms=39.8651 ecn_mark=1632 drop=0
[QUEUE_STATS] t_ms=25040 q_pkts=70 q_bytes=105280 qdelay_l_ms=1.1026 qdelay_c_ms=38.938 ecn_mark=1633 drop=0
[QUEUE_STATS] t_ms=25056 q_pkts=68 q_bytes=102272 qdelay_l_ms=0.873181 qdelay_c_ms=37.7966 ecn_mark=1633 drop=0
[QUEUE_STATS] t_ms=25072 q_pkts=69 q_bytes=103776 qdelay_l_ms=1.09238 qdelay_c_ms=38.6446 ecn_mark=1634 drop=0
[QUEUE_STATS] t_ms=25088 q_pkts=73 q_bytes=109792 qdelay_l_ms=1.07109 qdelay_c_ms=40.1982 ecn_mark=1635 drop=0
[QUEUE_STATS] t_ms=25104 q_pkts=71 q_bytes=106784 qdelay_l_ms=1.0879 qdelay_c_ms=38.787 ecn_mark=1637 drop=0
[QUEUE_STATS] t_ms=25120 q_pkts=71 q_bytes=106784 qdelay_l_ms=1.04684 qdelay_c_ms=40.2952 ecn_mark=1638 drop=0
[QUEUE_STATS] t_ms=25136 q_pkts=73 q_bytes=109792 qdelay_l_ms=0.781088 qdelay_c_ms=42.7998 ecn_mark=1640 drop=0
[QUEUE_STATS] t_ms=25152 q_pkts=71 q_bytes=106784 qdelay_l_ms=0.780276 qdelay_c_ms=39.7275 ecn_mark=1640 drop=0
[QUEUE_STATS] t_ms=25168 q_pkts=69 q_bytes=103776 qdelay_l_ms=0.621218 qdelay_c_ms=38.9184 ecn_mark=1642 drop=0
[QUEUE_STATS] t_ms=25184 q_pkts=72 q_bytes=108288 qdelay_l_ms=0.568599 qdelay_c_ms=40.9311 ecn_mark=1644 drop=0
[QUEUE_STATS] t_ms=25200 q_pkts=73 q_bytes=109792 qdelay_l_ms=0.769607 qdelay_c_ms=40.6505 ecn_mark=1644 drop=0
[QUEUE_STATS] t_ms=25216 q_pkts=72 q_bytes=108288 qdelay_l_ms=0.724973 qdelay_c_ms=38.9416 ecn_mark=1645 drop=0
[QUEUE_STATS] t_ms=25232 q_pkts=73 q_bytes=109792 qdelay_l_ms=1.08889 qdelay_c_ms=41.306 ecn_mark=1646 drop=0
[QUEUE_STATS] t_ms=25248 q_pkts=74 q_bytes=111296 qdelay_l_ms=0.786729 qdelay_c_ms=41.0072 ecn_mark=1646 drop=0
[QUEUE_STATS] t_ms=25264 q_pkts=73 q_bytes=109792 qdelay_l_ms=0.749459 qdelay_c_ms=39.6901 ecn_mark=1647 drop=0
[QUEUE_STATS] t_ms=25280 q_pkts=72 q_bytes=108288 qdelay_l_ms=1.05745 qdelay_c_ms=41.1352 ecn_mark=1648 drop=0
[QUEUE_STATS] t_ms=25296 q_pkts=74 q_bytes=111296 qdelay_l_ms=1.05631 qdelay_c_ms=41.1446 ecn_mark=1649 drop=0
[QUEUE_STATS] t_ms=25312 q_pkts=73 q_bytes=109792 qdelay_l_ms=1.10015 qdelay_c_ms=40.0237 ecn_mark=1649 drop=0
[QUEUE_STATS] t_ms=25328 q_pkts=72 q_bytes=108288 qdelay_l_ms=1.09411 qdelay_c_ms=39.7137 ecn_mark=1649 drop=0
[QUEUE_STATS] t_ms=25344 q_pkts=73 q_bytes=109792 qdelay_l_ms=0.775387 qdelay_c_ms=41.7838 ecn_mark=1650 drop=0
[QUEUE_STATS] t_ms=25360 q_pkts=73 q_bytes=109792 qdelay_l_ms=1.05994 qdelay_c_ms=40.1579 ecn_mark=1652 drop=0
[QUEUE_STATS] t_ms=25376 q_pkts=74 q_bytes=111296 qdelay_l_ms=0.55861 qdelay_c_ms=39.9364 ecn_mark=1655 drop=0
[QUEUE_STATS] t_ms=25392 q_pkts=73 q_bytes=109792 qdelay_l_ms=1.02878 qdelay_c_ms=41.7834 ecn_mark=1656 drop=0
[QUEUE_STATS] t_ms=25408 q_pkts=73 q_bytes=109792 qdelay_l_ms=0.956999 qdelay_c_ms=41.9554 ecn_mark=1656 drop=0
[QUEUE_STATS] t_ms=25424 q_pkts=74 q_bytes=111296 qdelay_l_ms=0.569139 qdelay_c_ms=41.7225 ecn_mark=1656 drop=0
[QUEUE_STATS] t_ms=25440 q_pkts=72 q_bytes=108288 qdelay_l_ms=1.08807 qdelay_c_ms=40.081 ecn_mark=1656 drop=0
[QUEUE_STATS] t_ms=25456 q_pkts=73 q_bytes=109792 qdelay_l_ms=1.06866 qdelay_c_ms=42.3305 ecn_mark=1657 drop=0
[QUEUE_STATS] t_ms=25472 q_pkts=75 q_bytes=112800 qdelay_l_ms=0.774466 qdelay_c_ms=41.0053 ecn_mark=1658 drop=0
[QUEUE_STATS] t_ms=25488 q_pkts=74 q_bytes=111296 qdelay_l_ms=1.09609 qdelay_c_ms=40.916 ecn_mark=1658 drop=0
[QUEUE_STATS] t_ms=25504 q_pkts=74 q_bytes=111296 qdelay_l_ms=1.05607 qdelay_c_ms=42.0274 ecn_mark=1658 drop=0
[QUEUE_STATS] t_ms=25520 q_pkts=76 q_bytes=114304 qdelay_l_ms=1.07845 qdelay_c_ms=42.9443 ecn_mark=1658 drop=0
[QUEUE_STATS] t_ms=25536 q_pkts=74 q_bytes=111296 qdelay_l_ms=0.827255 qdelay_c_ms=40.8817 ecn_mark=1660 drop=0
[QUEUE_STATS] t_ms=25552 q_pkts=75 q_bytes=112800 qdelay_l_ms=0.985192 qdelay_c_ms=42.0381 ecn_mark=1660 drop=0
[QUEUE_STATS] t_ms=25568 q_pkts=75 q_bytes=112800 qdelay_l_ms=1.07001 qdelay_c_ms=44.0767 ecn_mark=1662 drop=0
[QUEUE_STATS] t_ms=25584 q_pkts=74 q_bytes=111296 qdelay_l_ms=1.0658 qdelay_c_ms=41.9778 ecn_mark=1662 drop=0
[QUEUE_STATS] t_ms=25600 q_pkts=75 q_bytes=112800 qdelay_l_ms=0.806045 qdelay_c_ms=43.6964 ecn_mark=1663 drop=0
[QUEUE_STATS] t_ms=25616 q_pkts=77 q_bytes=115808 qdelay_l_ms=1.10351 qdelay_c_ms=43.0085 ecn_mark=1666 drop=0
[QUEUE_STATS] t_ms=25632 q_pkts=73 q_bytes=109792 qdelay_l_ms=0.999949 qdelay_c_ms=41.7216 ecn_mark=1667 drop=0
[QUEUE_STATS] t_ms=25648 q_pkts=74 q_bytes=111296 qdelay_l_ms=0.831343 qdelay_c_ms=41.8258 ecn_mark=1670 drop=0
[QUEUE_STATS] t_ms=25664 q_pkts=77 q_bytes=115808 qdelay_l_ms=1.10465 qdelay_c_ms=42.8203 ecn_mark=1671 drop=0
[QUEUE_STATS] t_ms=25680 q_pkts=76 q_bytes=114304 qdelay_l_ms=1.08814 qdelay_c_ms=42.1019 ecn_mark=1672 drop=0
[QUEUE_STATS] t_ms=25696 q_pkts=76 q_bytes=114304 qdelay_l_ms=1.09646 qdelay_c_ms=43.9925 ecn_mark=1672 drop=0
[QUEUE_STATS] t_ms=25712 q_pkts=77 q_bytes=115808 qdelay_l_ms=0.707199 qdelay_c_ms=42.8517 ecn_mark=1674 drop=0
[QUEUE_STATS] t_ms=25728 q_pkts=76 q_bytes=114304 qdelay_l_ms=0.835801 qdelay_c_ms=42.044 ecn_mark=1675 drop=0
[QUEUE_STATS] t_ms=25744 q_pkts=74 q_bytes=111296 qdelay_l_ms=1.09323 qdelay_c_ms=42.8312 ecn_mark=1677 drop=0
[QUEUE_STATS] t_ms=25760 q_pkts=77 q_bytes=115808 qdelay_l_ms=0.973019 qdelay_c_ms=43.9827 ecn_mark=1678 drop=0
[QUEUE_STATS] t_ms=25776 q_pkts=76 q_bytes=114304 qdelay_l_ms=0.855458 qdelay_c_ms=43.7427 ecn_mark=1682 drop=0
[QUEUE_STATS] t_ms=25792 q_pkts=74 q_bytes=111296 qdelay_l_ms=0.732847 qdelay_c_ms=41.6911 ecn_mark=1683 drop=0
[QUEUE_STATS] t_ms=25808 q_pkts=76 q_bytes=114304 qdelay_l_ms=1.09696 qdelay_c_ms=43.476 ecn_mark=1686 drop=0
[QUEUE_STATS] t_ms=25824 q_pkts=76 q_bytes=114304 qdelay_l_ms=0.858985 qdelay_c_ms=43.8845 ecn_mark=1687 drop=0
[QUEUE_STATS] t_ms=25840 q_pkts=77 q_bytes=115808 qdelay_l_ms=1.062 qdelay_c_ms=40.9803 ecn_mark=1687 drop=0
[QUEUE_STATS] t_ms=25856 q_pkts=78 q_bytes=117312 qdelay_l_ms=0.836652 qdelay_c_ms=42.7604 ecn_mark=1688 drop=0
[QUEUE_STATS] t_ms=25872 q_pkts=76 q_bytes=114304 qdelay_l_ms=1.08306 qdelay_c_ms=42.1303 ecn_mark=1690 drop=0
[QUEUE_STATS] t_ms=25888 q_pkts=76 q_bytes=114304 qdelay_l_ms=1.07249 qdelay_c_ms=42.9481 ecn_mark=1691 drop=0
[QUEUE_STATS] t_ms=25904 q_pkts=76 q_bytes=114304 qdelay_l_ms=0.776339 qdelay_c_ms=42.9241 ecn_mark=1691 drop=0
[QUEUE_STATS] t_ms=25920 q_pkts=77 q_bytes=115808 qdelay_l_ms=0.547529 qdelay_c_ms=42.9987 ecn_mark=1691 drop=0
[QUEUE_STATS] t_ms=25936 q_pkts=77 q_bytes=115808 qdelay_l_ms=1.09899 qdelay_c_ms=42.0322 ecn_mark=1693 drop=0
[QUEUE_STATS] t_ms=25952 q_pkts=79 q_bytes=118816 qdelay_l_ms=0.771991 qdelay_c_ms=43.902 ecn_mark=1694 drop=0
[QUEUE_STATS] t_ms=25968 q_pkts=77 q_bytes=115808 qdelay_l_ms=0.737406 qdelay_c_ms=43.7595 ecn_mark=1695 drop=0
[QUEUE_STATS] t_ms=25984 q_pkts=79 q_bytes=118816 qdelay_l_ms=1.10664 qdelay_c_ms=42.9945 ecn_mark=1695 drop=0
[QUEUE_STATS] t_ms=26000 q_pkts=79 q_bytes=118816 qdelay_l_ms=1.10023 qdelay_c_ms=44.9756 ecn_mark=1696 drop=0
[QUEUE_STATS] t_ms=26016 q_pkts=79 q_bytes=118816 qdelay_l_ms=0.727457 qdelay_c_ms=43.7469 ecn_mark=1696 drop=0
[QUEUE_STATS] t_ms=26032 q_pkts=78 q_bytes=117312 qdelay_l_ms=1.07638 qdelay_c_ms=44.9515 ecn_mark=1696 drop=0
[QUEUE_STATS] t_ms=26048 q_pkts=78 q_bytes=117312 qdelay_l_ms=0.85135 qdelay_c_ms=44.804 ecn_mark=1696 drop=0
[QUEUE_STATS] t_ms=26064 q_pkts=78 q_bytes=117312 qdelay_l_ms=1.10152 qdelay_c_ms=44.7665 ecn_mark=1699 drop=0
[QUEUE_STATS] t_ms=26080 q_pkts=79 q_bytes=118816 qdelay_l_ms=1.08818 qdelay_c_ms=44.9042 ecn_mark=1699 drop=0
[QUEUE_STATS] t_ms=26096 q_pkts=79 q_bytes=118816 qdelay_l_ms=1.04135 qdelay_c_ms=43.9109 ecn_mark=1699 drop=0
[QUEUE_STATS] t_ms=26112 q_pkts=75 q_bytes=112800 qdelay_l_ms=1.08427 qdelay_c_ms=45.1346 ecn_mark=1700 drop=0
[QUEUE_STATS] t_ms=26128 q_pkts=78 q_bytes=117312 qdelay_l_ms=1.07171 qdelay_c_ms=44.8225 ecn_mark=1701 drop=0
[QUEUE_STATS] t_ms=26144 q_pkts=80 q_bytes=120320 qdelay_l_ms=1.10067 qdelay_c_ms=45.0926 ecn_mark=1703 drop=0
[QUEUE_STATS] t_ms=26160 q_pkts=77 q_bytes=115808 qdelay_l_ms=1.03321 qdelay_c_ms=43.9007 ecn_mark=1705 drop=0
[QUEUE_STATS] t_ms=26176 q_pkts=80 q_bytes=120320 qdelay_l_ms=0.765549 qdelay_c_ms=45.0444 ecn_mark=1708 drop=0
[QUEUE_STATS] t_ms=26192 q_pkts=80 q_bytes=120320 qdelay_l_ms=1.08666 qdelay_c_ms=44.9352 ecn_mark=1709 drop=0
[QUEUE_STATS] t_ms=26208 q_pkts=77 q_bytes=115808 qdelay_l_ms=0.746112 qdelay_c_ms=43.7971 ecn_mark=1709 drop=0
[QUEUE_STATS] t_ms=26224 q_pkts=78 q_bytes=117312 qdelay_l_ms=1.08677 qdelay_c_ms=44.9374 ecn_mark=1709 drop=0
[QUEUE_STATS] t_ms=26240 q_pkts=80 q_bytes=120320 qdelay_l_ms=0.732917 qdelay_c_ms=42.7867 ecn_mark=1710 drop=0
[QUEUE_STATS] t_ms=26256 q_pkts=77 q_bytes=115808 qdelay_l_ms=1.08433 qdelay_c_ms=43.8076 ecn_mark=1710 drop=0
[QUEUE_STATS] t_ms=26272 q_pkts=77 q_bytes=115808 qdelay_l_ms=0.855368 qdelay_c_ms=44.8521 ecn_mark=1710 drop=0
[QUEUE_STATS] t_ms=26288 q_pkts=80 q_bytes=120320 qdelay_l_ms=1.10677 qdelay_c_ms=43.7704 ecn_mark=1713 drop=0
[QUEUE_STATS] t_ms=26304 q_pkts=78 q_bytes=117312 qdelay_l_ms=1.09333 qdelay_c_ms=46.2142 ecn_mark=1713 drop=0
[QUEUE_STATS] t_ms=26320 q_pkts=81 q_bytes=121824 qdelay_l_ms=0.779926 qdelay_c_ms=43.7297 ecn_mark=1714 drop=0
[QUEUE_STATS] t_ms=26336 q_pkts=80 q_bytes=120320 qdelay_l_ms=0.778723 qdelay_c_ms=43.678 ecn_mark=1716 drop=0
[QUEUE_STATS] t_ms=26352 q_pkts=80 q_bytes=120320 qdelay_l_ms=0.572486 qdelay_c_ms=44.7707 ecn_mark=1717 drop=0
[QUEUE_STATS] t_ms=26368 q_pkts=80 q_bytes=120320 qdelay_l_ms=1.08984 qdelay_c_ms=45.1013 ecn_mark=1718 drop=0
[QUEUE_STATS] t_ms=26384 q_pkts=79 q_bytes=118816 qdelay_l_ms=1.06415 qdelay_c_ms=45.3673 ecn_mark=1718 drop=0
[QUEUE_STATS] t_ms=26400 q_pkts=79 q_bytes=118816 qdelay_l_ms=1.08916 qdelay_c_ms=46.1921 ecn_mark=1719 drop=0
[QUEUE_STATS] t_ms=26416 q_pkts=79 q_bytes=118816 qdelay_l_ms=1.09057 qdelay_c_ms=44.877 ecn_mark=1720 drop=0
[QUEUE_STATS] t_ms=26432 q_pkts=80 q_bytes=120320 qdelay_l_ms=1.06191 qdelay_c_ms=44.1165 ecn_mark=1720 drop=0
[QUEUE_STATS] t_ms=26448 q_pkts=79 q_bytes=118816 qdelay_l_ms=1.08894 qdelay_c_ms=44.8464 ecn_mark=1721 drop=0
[QUEUE_STATS] t_ms=26464 q_pkts=80 q_bytes=120320 qdelay_l_ms=1.0785 qdelay_c_ms=44.9423 ecn_mark=1723 drop=0
[QUEUE_STATS] t_ms=26480 q_pkts=81 q_bytes=121824 qdelay_l_ms=0.73961 qdelay_c_ms=44.9637 ecn_mark=1723 drop=0
[QUEUE_STATS] t_ms=26496 q_pkts=81 q_bytes=121824 qdelay_l_ms=1.08903 qdelay_c_ms=44.887 ecn_mark=1724 drop=0
[QUEUE_STATS] t_ms=26512 q_pkts=81 q_bytes=121824 qdelay_l_ms=0.681862 qdelay_c_ms=44.8323 ecn_mark=1724 drop=0
[QUEUE_STATS] t_ms=26528 q_pkts=82 q_bytes=123328 qdelay_l_ms=1.08476 qdelay_c_ms=45.1753 ecn_mark=1725 drop=0
[QUEUE_STATS] t_ms=26544 q_pkts=78 q_bytes=117312 qdelay_l_ms=0.880845 qdelay_c_ms=44.8223 ecn_mark=1727 drop=0
[QUEUE_STATS] t_ms=26560 q_pkts=80 q_bytes=120320 qdelay_l_ms=1.10418 qdelay_c_ms=45.2269 ecn_mark=1727 drop=0
[QUEUE_STATS] t_ms=26576 q_pkts=82 q_bytes=123328 qdelay_l_ms=1.08819 qdelay_c_ms=45.9942 ecn_mark=1728 drop=0
[QUEUE_STATS] t_ms=26592 q_pkts=79 q_bytes=118816 qdelay_l_ms=1.08941 qdelay_c_ms=45.1368 ecn_mark=1731 drop=0
[QUEUE_STATS] t_ms=26608 q_pkts=80 q_bytes=120320 qdelay_l_ms=1.09882 qdelay_c_ms=44.7691 ecn_mark=1733 drop=0
[QUEUE_STATS] t_ms=26624 q_pkts=82 q_bytes=123328 qdelay_l_ms=1.10074 qdelay_c_ms=45.135 ecn_mark=1733 drop=0
[QUEUE_STATS] t_ms=26640 q_pkts=80 q_bytes=120320 qdelay_l_ms=0.842594 qdelay_c_ms=42.7423 ecn_mark=1733 drop=0
[QUEUE_STATS] t_ms=26656 q_pkts=79 q_bytes=118816 qdelay_l_ms=1.07675 qdelay_c_ms=45.1844 ecn_mark=1733 drop=0
[QUEUE_STATS] t_ms=26672 q_pkts=82 q_bytes=123328 qdelay_l_ms=0.775066 qdelay_c_ms=44.8122 ecn_mark=1734 drop=0
[QUEUE_STATS] t_ms=26688 q_pkts=82 q_bytes=123328 qdelay_l_ms=1.10031 qdelay_c_ms=45.8139 ecn_mark=1734 drop=0
[QUEUE_STATS] t_ms=26704 q_pkts=82 q_bytes=123328 qdelay_l_ms=1.07381 qdelay_c_ms=45.95 ecn_mark=1735 drop=0
[QUEUE_STATS] t_ms=26720 q_pkts=82 q_bytes=123328 qdelay_l_ms=1.06808 qdelay_c_ms=47.0214 ecn_mark=1735 drop=0
[QUEUE_STATS] t_ms=26736 q_pkts=81 q_bytes=121824 qdelay_l_ms=0.833747 qdelay_c_ms=45.8291 ecn_mark=1735 drop=0
[QUEUE_STATS] t_ms=26752 q_pkts=82 q_bytes=123328 qdelay_l_ms=0.736625 qdelay_c_ms=45.7334 ecn_mark=1736 drop=0
[QUEUE_STATS] t_ms=26768 q_pkts=83 q_bytes=124832 qdelay_l_ms=0.847503 qdelay_c_ms=46.9798 ecn_mark=1737 drop=0
[QUEUE_STATS] t_ms=26784 q_pkts=82 q_bytes=123328 qdelay_l_ms=1.05868 qdelay_c_ms=45.8696 ecn_mark=1738 drop=0
[QUEUE_STATS] t_ms=26800 q_pkts=81 q_bytes=121824 qdelay_l_ms=1.07079 qdelay_c_ms=45.8225 ecn_mark=1740 drop=0
[QUEUE_STATS] t_ms=26816 q_pkts=84 q_bytes=126336 qdelay_l_ms=1.07143 qdelay_c_ms=48.4305 ecn_mark=1742 drop=0
[QUEUE_STATS] t_ms=26832 q_pkts=84 q_bytes=126336 qdelay_l_ms=0.837083 qdelay_c_ms=46.74 ecn_mark=1742 drop=0
[QUEUE_STATS] t_ms=26848 q_pkts=83 q_bytes=124832 qdelay_l_ms=1.10035 qdelay_c_ms=45.8376 ecn_mark=1742 drop=0
[QUEUE_STATS] t_ms=26864 q_pkts=84 q_bytes=126336 qdelay_l_ms=1.09389 qdelay_c_ms=47.7604 ecn_mark=1743 drop=0
[QUEUE_STATS] t_ms=26880 q_pkts=84 q_bytes=126336 qdelay_l_ms=0.773855 qdelay_c_ms=47.9596 ecn_mark=1747 drop=0
[QUEUE_STATS] t_ms=26896 q_pkts=81 q_bytes=121824 qdelay_l_ms=1.08861 qdelay_c_ms=44.5233 ecn_mark=1747 drop=0
[QUEUE_STATS] t_ms=26912 q_pkts=83 q_bytes=124832 qdelay_l_ms=1.0979 qdelay_c_ms=47.7917 ecn_mark=1748 drop=0
[QUEUE_STATS] t_ms=26928 q_pkts=83 q_bytes=124832 qdelay_l_ms=1.09946 qdelay_c_ms=48.3682 ecn_mark=1749 drop=0
[QUEUE_STATS] t_ms=26944 q_pkts=84 q_bytes=126336 qdelay_l_ms=1.05951 qdelay_c_ms=48.1554 ecn_mark=1749 drop=0
[QUEUE_STATS] t_ms=26960 q_pkts=83 q_bytes=124832 qdelay_l_ms=0.828186 qdelay_c_ms=47.8602 ecn_mark=1750 drop=0
[QUEUE_STATS] t_ms=26976 q_pkts=84 q_bytes=126336 qdelay_l_ms=0.934035 qdelay_c_ms=47.579 ecn_mark=1750 drop=0
[QUEUE_STATS] t_ms=26992 q_pkts=84 q_bytes=126336 qdelay_l_ms=1.0976 qdelay_c_ms=48.9881 ecn_mark=1751 drop=0
[QUEUE_STATS] t_ms=27008 q_pkts=85 q_bytes=127840 qdelay_l_ms=1.07955 qdelay_c_ms=48.2149 ecn_mark=1753 drop=0
[QUEUE_STATS] t_ms=27024 q_pkts=84 q_bytes=126336 qdelay_l_ms=1.10102 qdelay_c_ms=48.5229 ecn_mark=1755 drop=0
[QUEUE_STATS] t_ms=27040 q_pkts=85 q_bytes=127840 qdelay_l_ms=1.09747 qdelay_c_ms=49.0113 ecn_mark=1756 drop=0
[QUEUE_STATS] t_ms=27056 q_pkts=86 q_bytes=129344 qdelay_l_ms=1.03615 qdelay_c_ms=47.9651 ecn_mark=1756 drop=0
[QUEUE_STATS] t_ms=27072 q_pkts=82 q_bytes=123328 qdelay_l_ms=1.06936 qdelay_c_ms=46.7996 ecn_mark=1756 drop=0
[QUEUE_STATS] t_ms=27088 q_pkts=85 q_bytes=127840 qdelay_l_ms=1.08567 qdelay_c_ms=49.2443 ecn_mark=1759 drop=0
[QUEUE_STATS] t_ms=27104 q_pkts=86 q_bytes=129344 qdelay_l_ms=0.81447 qdelay_c_ms=48.8496 ecn_mark=1760 drop=0
[QUEUE_STATS] t_ms=27120 q_pkts=85 q_bytes=127840 qdelay_l_ms=1.06004 qdelay_c_ms=47.705 ecn_mark=1761 drop=0
[QUEUE_STATS] t_ms=27136 q_pkts=85 q_bytes=127840 qdelay_l_ms=1.09222 qdelay_c_ms=48.9332 ecn_mark=1762 drop=0
[QUEUE_STATS] t_ms=27152 q_pkts=87 q_bytes=130848 qdelay_l_ms=1.06627 qdelay_c_ms=48.9487 ecn_mark=1764 drop=0
[QUEUE_STATS] t_ms=27168 q_pkts=85 q_bytes=127840 qdelay_l_ms=1.07016 qdelay_c_ms=50.1027 ecn_mark=1767 drop=0
[QUEUE_STATS] t_ms=27184 q_pkts=84 q_bytes=126336 qdelay_l_ms=1.07302 qdelay_c_ms=49.1682 ecn_mark=1767 drop=0
[QUEUE_STATS] t_ms=27200 q_pkts=87 q_bytes=130848 qdelay_l_ms=1.08944 qdelay_c_ms=50.344 ecn_mark=1767 drop=0
[QUEUE_STATS] t_ms=27216 q_pkts=85 q_bytes=127840 qdelay_l_ms=0.797449 qdelay_c_ms=48.9352 ecn_mark=1769 drop=0
[QUEUE_STATS] t_ms=27232 q_pkts=87 q_bytes=130848 qdelay_l_ms=0.825722 qdelay_c_ms=49.9385 ecn_mark=1770 drop=0
[QUEUE_STATS] t_ms=27248 q_pkts=88 q_bytes=132352 qdelay_l_ms=1.10421 qdelay_c_ms=49.9663 ecn_mark=1771 drop=0
[QUEUE_STATS] t_ms=27264 q_pkts=88 q_bytes=132352 qdelay_l_ms=0.835761 qdelay_c_ms=48.0742 ecn_mark=1771 drop=0
[QUEUE_STATS] t_ms=27280 q_pkts=87 q_bytes=130848 qdelay_l_ms=0.774386 qdelay_c_ms=49.9235 ecn_mark=1773 drop=0
[QUEUE_STATS] t_ms=27296 q_pkts=91 q_bytes=136864 qdelay_l_ms=1.10491 qdelay_c_ms=51.2378 ecn_mark=1774 drop=0
[QUEUE_STATS] t_ms=27312 q_pkts=87 q_bytes=130848 qdelay_l_ms=1.07939 qdelay_c_ms=49.9084 ecn_mark=1775 drop=0
[QUEUE_STATS] t_ms=27328 q_pkts=88 q_bytes=132352 qdelay_l_ms=1.07858 qdelay_c_ms=51.3336 ecn_mark=1776 drop=0
[QUEUE_STATS] t_ms=27344 q_pkts=89 q_bytes=133856 qdelay_l_ms=1.06411 qdelay_c_ms=51.2278 ecn_mark=1777 drop=0
[QUEUE_STATS] t_ms=27360 q_pkts=89 q_bytes=133856 qdelay_l_ms=1.09181 qdelay_c_ms=51.8517 ecn_mark=1777 drop=0
[QUEUE_STATS] t_ms=27376 q_pkts=90 q_bytes=135360 qdelay_l_ms=0.976756 qdelay_c_ms=51.0856 ecn_mark=1779 drop=0
[QUEUE_STATS] t_ms=27392 q_pkts=90 q_bytes=135360 qdelay_l_ms=1.10148 qdelay_c_ms=49.8727 ecn_mark=1781 drop=0
[QUEUE_STATS] t_ms=27408 q_pkts=92 q_bytes=138368 qdelay_l_ms=1.05865 qdelay_c_ms=51.9315 ecn_mark=1782 drop=0
[QUEUE_STATS] t_ms=27424 q_pkts=89 q_bytes=133856 qdelay_l_ms=0.753066 qdelay_c_ms=50.8591 ecn_mark=1784 drop=0
[QUEUE_STATS] t_ms=27440 q_pkts=92 q_bytes=138368 qdelay_l_ms=1.09525 qdelay_c_ms=51.0913 ecn_mark=1785 drop=0
[QUEUE_STATS] t_ms=27456 q_pkts=92 q_bytes=138368 qdelay_l_ms=1.09735 qdelay_c_ms=51.9414 ecn_mark=1785 drop=0
[QUEUE_STATS] t_ms=27472 q_pkts=90 q_bytes=135360 qdelay_l_ms=1.05672 qdelay_c_ms=50.9018 ecn_mark=1786 drop=0
[QUEUE_STATS] t_ms=27488 q_pkts=92 q_bytes=138368 qdelay_l_ms=0.967899 qdelay_c_ms=52.0658 ecn_mark=1787 drop=0
[QUEUE_STATS] t_ms=27504 q_pkts=93 q_bytes=139872 qdelay_l_ms=1.09876 qdelay_c_ms=51.8306 ecn_mark=1788 drop=0
[QUEUE_STATS] t_ms=27520 q_pkts=92 q_bytes=138368 qdelay_l_ms=1.08119 qdelay_c_ms=50.9756 ecn_mark=1788 drop=0
[QUEUE_STATS] t_ms=27536 q_pkts=94 q_bytes=141376 qdelay_l_ms=1.06987 qdelay_c_ms=52.3684 ecn_mark=1790 drop=0
[QUEUE_STATS] t_ms=27552 q_pkts=95 q_bytes=142880 qdelay_l_ms=0.86774 qdelay_c_ms=51.7548 ecn_mark=1791 drop=0
[QUEUE_STATS] t_ms=27568 q_pkts=94 q_bytes=141376 qdelay_l_ms=1.08831 qdelay_c_ms=52.3397 ecn_mark=1791 drop=0
[QUEUE_STATS] t_ms=27584 q_pkts=95 q_bytes=142880 qdelay_l_ms=1.04461 qdelay_c_ms=54.0044 ecn_mark=1792 drop=0
[QUEUE_STATS] t_ms=27600 q_pkts=94 q_bytes=141376 qdelay_l_ms=0.754007 qdelay_c_ms=53.6734 ecn_mark=1793 drop=0
[QUEUE_STATS] t_ms=27616 q_pkts=95 q_bytes=142880 qdelay_l_ms=0.592804 qdelay_c_ms=52.8777 ecn_mark=1796 drop=0
[QUEUE_STATS] t_ms=27632 q_pkts=98 q_bytes=147392 qdelay_l_ms=0.530858 qdelay_c_ms=53.9079 ecn_mark=1796 drop=0
[QUEUE_STATS] t_ms=27648 q_pkts=97 q_bytes=145888 qdelay_l_ms=1.09318 qdelay_c_ms=53.7927 ecn_mark=1798 drop=0
[QUEUE_STATS] t_ms=27664 q_pkts=95 q_bytes=142880 qdelay_l_ms=0.623762 qdelay_c_ms=54.2651 ecn_mark=1799 drop=0
[QUEUE_STATS] t_ms=27680 q_pkts=99 q_bytes=148896 qdelay_l_ms=1.07108 qdelay_c_ms=55.0076 ecn_mark=1800 drop=0
[QUEUE_STATS] t_ms=27696 q_pkts=97 q_bytes=145888 qdelay_l_ms=0.762112 qdelay_c_ms=53.7745 ecn_mark=1801 drop=0
[QUEUE_STATS] t_ms=27712 q_pkts=98 q_bytes=147392 qdelay_l_ms=1.04324 qdelay_c_ms=55.2258 ecn_mark=1802 drop=0
[QUEUE_STATS] t_ms=27728 q_pkts=100 q_bytes=150400 qdelay_l_ms=1.09809 qdelay_c_ms=55.0827 ecn_mark=1804 drop=0
[QUEUE_STATS] t_ms=27744 q_pkts=100 q_bytes=150400 qdelay_l_ms=1.05986 qdelay_c_ms=54.0807 ecn_mark=1806 drop=0
[QUEUE_STATS] t_ms=27760 q_pkts=101 q_bytes=151904 qdelay_l_ms=0.992034 qdelay_c_ms=56.0721 ecn_mark=1806 drop=0
[QUEUE_STATS] t_ms=27776 q_pkts=100 q_bytes=150400 qdelay_l_ms=1.10115 qdelay_c_ms=54.7744 ecn_mark=1806 drop=0
[QUEUE_STATS] t_ms=27792 q_pkts=101 q_bytes=151904 qdelay_l_ms=1.09573 qdelay_c_ms=56.2538 ecn_mark=1807 drop=0
[QUEUE_STATS] t_ms=27808 q_pkts=102 q_bytes=153408 qdelay_l_ms=0.792559 qdelay_c_ms=56.9724 ecn_mark=1808 drop=0
[QUEUE_STATS] t_ms=27824 q_pkts=104 q_bytes=156416 qdelay_l_ms=1.10552 qdelay_c_ms=56.0553 ecn_mark=1811 drop=0
[QUEUE_STATS] t_ms=27840 q_pkts=102 q_bytes=153408 qdelay_l_ms=0.746472 qdelay_c_ms=56.6795 ecn_mark=1813 drop=0
[QUEUE_STATS] t_ms=27856 q_pkts=104 q_bytes=156416 qdelay_l_ms=1.09786 qdelay_c_ms=56.8335 ecn_mark=1815 drop=0
[QUEUE_STATS] t_ms=27872 q_pkts=102 q_bytes=153408 qdelay_l_ms=0.75574 qdelay_c_ms=56.0423 ecn_mark=1816 drop=0
[QUEUE_STATS] t_ms=27888 q_pkts=102 q_bytes=153408 qdelay_l_ms=1.06535 qdelay_c_ms=57.1161 ecn_mark=1818 drop=0
[QUEUE_STATS] t_ms=27904 q_pkts=103 q_bytes=154912 qdelay_l_ms=0.789474 qdelay_c_ms=56.2338 ecn_mark=1819 drop=0
[QUEUE_STATS] t_ms=27920 q_pkts=105 q_bytes=157920 qdelay_l_ms=1.09453 qdelay_c_ms=56.0948 ecn_mark=1820 drop=0
[QUEUE_STATS] t_ms=27936 q_pkts=102 q_bytes=153408 qdelay_l_ms=0.563358 qdelay_c_ms=56.913 ecn_mark=1824 drop=0
[QUEUE_STATS] t_ms=27952 q_pkts=108 q_bytes=162432 qdelay_l_ms=1.10041 qdelay_c_ms=57.1462 ecn_mark=1824 drop=0
[QUEUE_STATS] t_ms=27968 q_pkts=108 q_bytes=162432 qdelay_l_ms=1.10526 qdelay_c_ms=58.9295 ecn_mark=1825 drop=0
[QUEUE_STATS] t_ms=27984 q_pkts=106 q_bytes=159424 qdelay_l_ms=1.09603 qdelay_c_ms=59.1417 ecn_mark=1826 drop=0
[QUEUE_STATS] t_ms=28000 q_pkts=109 q_bytes=163936 qdelay_l_ms=0.606069 qdelay_c_ms=57.0684 ecn_mark=1827 drop=0
[QUEUE_STATS] t_ms=28016 q_pkts=109 q_bytes=163936 qdelay_l_ms=0.760128 qdelay_c_ms=59.8452 ecn_mark=1829 drop=0
[QUEUE_STATS] t_ms=28032 q_pkts=108 q_bytes=162432 qdelay_l_ms=1.09818 qdelay_c_ms=58.857 ecn_mark=1829 drop=0
[QUEUE_STATS] t_ms=28048 q_pkts=110 q_bytes=165440 qdelay_l_ms=1.09593 qdelay_c_ms=58.8725 ecn_mark=1832 drop=0
[QUEUE_STATS] t_ms=28064 q_pkts=111 q_bytes=166944 qdelay_l_ms=1.09303 qdelay_c_ms=61.1548 ecn_mark=1832 drop=0
[QUEUE_STATS] t_ms=28080 q_pkts=110 q_bytes=165440 qdelay_l_ms=1.07214 qdelay_c_ms=61.15 ecn_mark=1832 drop=0
[QUEUE_STATS] t_ms=28096 q_pkts=110 q_bytes=165440 qdelay_l_ms=1.06431 qdelay_c_ms=59.2842 ecn_mark=1833 drop=0
[QUEUE_STATS] t_ms=28112 q_pkts=112 q_bytes=168448 qdelay_l_ms=0.62256 qdelay_c_ms=62.0102 ecn_mark=1835 drop=0
[QUEUE_STATS] t_ms=28128 q_pkts=112 q_bytes=168448 qdelay_l_ms=1.09005 qdelay_c_ms=61.1113 ecn_mark=1837 drop=0
[QUEUE_STATS] t_ms=28144 q_pkts=112 q_bytes=168448 qdelay_l_ms=1.07211 qdelay_c_ms=61.1319 ecn_mark=1838 drop=0
[QUEUE_STATS] t_ms=28160 q_pkts=115 q_bytes=172960 qdelay_l_ms=0.818198 qdelay_c_ms=61.9583 ecn_mark=1839 drop=0
[QUEUE_STATS] t_ms=28176 q_pkts=112 q_bytes=168448 qdelay_l_ms=0.804211 qdelay_c_ms=60.9018 ecn_mark=1839 drop=0
[QUEUE_STATS] t_ms=28192 q_pkts=112 q_bytes=168448 qdelay_l_ms=1.1001 qdelay_c_ms=59.7293 ecn_mark=1840 drop=0
[QUEUE_STATS] t_ms=28208 q_pkts=115 q_bytes=172960 qdelay_l_ms=1.10062 qdelay_c_ms=61.9122 ecn_mark=1842 drop=0
[QUEUE_STATS] t_ms=28224 q_pkts=116 q_bytes=174464 qdelay_l_ms=0.795025 qdelay_c_ms=61.5378 ecn_mark=1844 drop=0
[QUEUE_STATS] t_ms=28240 q_pkts=114 q_bytes=171456 qdelay_l_ms=0.73949 qdelay_c_ms=62.833 ecn_mark=1847 drop=0
[QUEUE_STATS] t_ms=28256 q_pkts=118 q_bytes=177472 qdelay_l_ms=0.828287 qdelay_c_ms=61.8026 ecn_mark=1847 drop=0
[QUEUE_STATS] t_ms=28272 q_pkts=117 q_bytes=175968 qdelay_l_ms=1.09007 qdelay_c_ms=62.7831 ecn_mark=1847 drop=0
[QUEUE_STATS] t_ms=28288 q_pkts=117 q_bytes=175968 qdelay_l_ms=1.06337 qdelay_c_ms=63.3752 ecn_mark=1847 drop=0
[QUEUE_STATS] t_ms=28304 q_pkts=118 q_bytes=177472 qdelay_l_ms=0.799893 qdelay_c_ms=62.7539 ecn_mark=1849 drop=0
[QUEUE_STATS] t_ms=28320 q_pkts=120 q_bytes=180480 qdelay_l_ms=0.816094 qdelay_c_ms=63.9417 ecn_mark=1849 drop=0
[QUEUE_STATS] t_ms=28336 q_pkts=118 q_bytes=177472 qdelay_l_ms=1.09447 qdelay_c_ms=63.8213 ecn_mark=1851 drop=0
[QUEUE_STATS] t_ms=28352 q_pkts=121 q_bytes=181984 qdelay_l_ms=0.799383 qdelay_c_ms=62.3821 ecn_mark=1851 drop=0
[QUEUE_STATS] t_ms=28368 q_pkts=121 q_bytes=181984 qdelay_l_ms=0.969743 qdelay_c_ms=64.093 ecn_mark=1852 drop=0
[QUEUE_STATS] t_ms=28384 q_pkts=121 q_bytes=181984 qdelay_l_ms=1.09791 qdelay_c_ms=66.1756 ecn_mark=1854 drop=0
[QUEUE_STATS] t_ms=28400 q_pkts=123 q_bytes=184992 qdelay_l_ms=1.06361 qdelay_c_ms=64.1078 ecn_mark=1855 drop=0
[QUEUE_STATS] t_ms=28416 q_pkts=123 q_bytes=184992 qdelay_l_ms=0.824019 qdelay_c_ms=64.856 ecn_mark=1858 drop=0
[QUEUE_STATS] t_ms=28432 q_pkts=124 q_bytes=186496 qdelay_l_ms=1.06627 qdelay_c_ms=64.9756 ecn_mark=1860 drop=0
[QUEUE_STATS] t_ms=28448 q_pkts=123 q_bytes=184992 qdelay_l_ms=0.820833 qdelay_c_ms=64.8418 ecn_mark=1861 drop=0
[QUEUE_STATS] t_ms=28464 q_pkts=124 q_bytes=186496 qdelay_l_ms=1.07707 qdelay_c_ms=66.2177 ecn_mark=1861 drop=0
[QUEUE_STATS] t_ms=28480 q_pkts=124 q_bytes=186496 qdelay_l_ms=1.06915 qdelay_c_ms=66.8431 ecn_mark=1862 drop=0
[QUEUE_STATS] t_ms=28496 q_pkts=129 q_bytes=194016 qdelay_l_ms=1.10603 qdelay_c_ms=65.9567 ecn_mark=1868 drop=0
[QUEUE_STATS] t_ms=28512 q_pkts=125 q_bytes=188000 qdelay_l_ms=0.603845 qdelay_c_ms=66.0149 ecn_mark=1872 drop=0
[QUEUE_STATS] t_ms=28528 q_pkts=128 q_bytes=192512 qdelay_l_ms=1.10238 qdelay_c_ms=66.9554 ecn_mark=1873 drop=0
[QUEUE_STATS] t_ms=28544 q_pkts=130 q_bytes=195520 qdelay_l_ms=1.10318 qdelay_c_ms=67.9846 ecn_mark=1874 drop=0
[QUEUE_STATS] t_ms=28560 q_pkts=127 q_bytes=191008 qdelay_l_ms=1.09064 qdelay_c_ms=67.7925 ecn_mark=1876 drop=0
[QUEUE_STATS] t_ms=28576 q_pkts=128 q_bytes=192512 qdelay_l_ms=0.783402 qdelay_c_ms=67.723 ecn_mark=1876 drop=0
[QUEUE_STATS] t_ms=28592 q_pkts=131 q_bytes=197024 qdelay_l_ms=1.1066 qdelay_c_ms=68.8201 ecn_mark=1879 drop=0
[QUEUE_STATS] t_ms=28608 q_pkts=130 q_bytes=195520 qdelay_l_ms=0.836101 qdelay_c_ms=69.8706 ecn_mark=1879 drop=0
[QUEUE_STATS] t_ms=28624 q_pkts=129 q_bytes=194016 qdelay_l_ms=1.08785 qdelay_c_ms=69.2067 ecn_mark=1881 drop=0
[QUEUE_STATS] t_ms=28640 q_pkts=132 q_bytes=198528 qdelay_l_ms=1.10618 qdelay_c_ms=68.9524 ecn_mark=1882 drop=0
[QUEUE_STATS] t_ms=28656 q_pkts=133 q_bytes=200032 qdelay_l_ms=1.0504 qdelay_c_ms=69.0237 ecn_mark=1883 drop=0
[QUEUE_STATS] t_ms=28672 q_pkts=131 q_bytes=197024 qdelay_l_ms=0.78747 qdelay_c_ms=67.8427 ecn_mark=1885 drop=0
[QUEUE_STATS] t_ms=28688 q_pkts=133 q_bytes=200032 qdelay_l_ms=1.01124 qdelay_c_ms=70.1718 ecn_mark=1885 drop=0
[QUEUE_STATS] t_ms=28704 q_pkts=133 q_bytes=200032 qdelay_l_ms=0.83527 qdelay_c_ms=69.5274 ecn_mark=1888 drop=0
[QUEUE_STATS] t_ms=28720 q_pkts=134 q_bytes=201536 qdelay_l_ms=0.834208 qdelay_c_ms=69.9818 ecn_mark=1889 drop=0
[QUEUE_STATS] t_ms=28736 q_pkts=136 q_bytes=204544 qdelay_l_ms=1.10206 qdelay_c_ms=68.871 ecn_mark=1889 drop=0
[QUEUE_STATS] t_ms=28752 q_pkts=137 q_bytes=206048 qdelay_l_ms=1.09716 qdelay_c_ms=70.9318 ecn_mark=1891 drop=0
[QUEUE_STATS] t_ms=28768 q_pkts=135 q_bytes=203040 qdelay_l_ms=0.849417 qdelay_c_ms=68.7526 ecn_mark=1892 drop=0
[QUEUE_STATS] t_ms=28784 q_pkts=136 q_bytes=204544 qdelay_l_ms=0.821173 qdelay_c_ms=69.7084 ecn_mark=1893 drop=0
[QUEUE_STATS] t_ms=28800 q_pkts=138 q_bytes=207552 qdelay_l_ms=0.902857 qdelay_c_ms=69.8615 ecn_mark=1894 drop=0
[QUEUE_STATS] t_ms=28816 q_pkts=136 q_bytes=204544 qdelay_l_ms=0.843755 qdelay_c_ms=67.6111 ecn_mark=1894 drop=0
[QUEUE_STATS] t_ms=28832 q_pkts=137 q_bytes=206048 qdelay_l_ms=1.0825 qdelay_c_ms=70.1281 ecn_mark=1895 drop=0
[QUEUE_STATS] t_ms=28848 q_pkts=138 q_bytes=207552 qdelay_l_ms=1.08281 qdelay_c_ms=70.0054 ecn_mark=1896 drop=0
[QUEUE_STATS] t_ms=28864 q_pkts=139 q_bytes=209056 qdelay_l_ms=1.08333 qdelay_c_ms=69.8939 ecn_mark=1897 drop=0
[QUEUE_STATS] t_ms=28880 q_pkts=141 q_bytes=212064 qdelay_l_ms=1.07002 qdelay_c_ms=72.4374 ecn_mark=1898 drop=0
[QUEUE_STATS] t_ms=28896 q_pkts=140 q_bytes=210560 qdelay_l_ms=1.03242 qdelay_c_ms=71.207 ecn_mark=1899 drop=0
[QUEUE_STATS] t_ms=28912 q_pkts=142 q_bytes=213568 qdelay_l_ms=1.03264 qdelay_c_ms=71.0438 ecn_mark=1900 drop=0
[QUEUE_STATS] t_ms=28928 q_pkts=144 q_bytes=216576 qdelay_l_ms=1.10736 qdelay_c_ms=74.2619 ecn_mark=1902 drop=0
[QUEUE_STATS] t_ms=28944 q_pkts=145 q_bytes=218080 qdelay_l_ms=1.09477 qdelay_c_ms=72.1226 ecn_mark=1902 drop=0
[QUEUE_STATS] t_ms=28960 q_pkts=143 q_bytes=215072 qdelay_l_ms=0.818628 qdelay_c_ms=71.8455 ecn_mark=1904 drop=0
[QUEUE_STATS] t_ms=28976 q_pkts=148 q_bytes=222592 qdelay_l_ms=0.826523 qdelay_c_ms=73.9667 ecn_mark=1906 drop=0
[QUEUE_STATS] t_ms=28992 q_pkts=146 q_bytes=219584 qdelay_l_ms=0.932293 qdelay_c_ms=73.719 ecn_mark=1907 drop=0
[QUEUE_STATS] t_ms=29008 q_pkts=145 q_bytes=218080 qdelay_l_ms=0.918967 qdelay_c_ms=73.0603 ecn_mark=1907 drop=0
[QUEUE_STATS] t_ms=29024 q_pkts=148 q_bytes=222592 qdelay_l_ms=0.842754 qdelay_c_ms=73.8292 ecn_mark=1909 drop=0
[QUEUE_STATS] t_ms=29040 q_pkts=150 q_bytes=225600 qdelay_l_ms=1.10248 qdelay_c_ms=74.9358 ecn_mark=1911 drop=0
[QUEUE_STATS] t_ms=29056 q_pkts=148 q_bytes=222592 qdelay_l_ms=0.857893 qdelay_c_ms=74.9719 ecn_mark=1912 drop=0
[QUEUE_STATS] t_ms=29072 q_pkts=141 q_bytes=212064 qdelay_l_ms=1.10328 qdelay_c_ms=76.1089 ecn_mark=1913 drop=0
[QUEUE_STATS] t_ms=29088 q_pkts=131 q_bytes=197024 qdelay_l_ms=1.02736 qdelay_c_ms=75.1303 ecn_mark=1914 drop=0
[QUEUE_STATS] t_ms=29104 q_pkts=121 q_bytes=181984 qdelay_l_ms=0.830741 qdelay_c_ms=75.7987 ecn_mark=1914 drop=0
[QUEUE_STATS] t_ms=29120 q_pkts=112 q_bytes=168448 qdelay_l_ms=1.06176 qdelay_c_ms=77.143 ecn_mark=1916 drop=0
[QUEUE_STATS] t_ms=29136 q_pkts=104 q_bytes=156416 qdelay_l_ms=0.865958 qdelay_c_ms=74.9583 ecn_mark=1919 drop=0
[QUEUE_STATS] t_ms=29152 q_pkts=91 q_bytes=136864 qdelay_l_ms=0.627489 qdelay_c_ms=65.9292 ecn_mark=1922 drop=0
[QUEUE_STATS] t_ms=29168 q_pkts=84 q_bytes=126336 qdelay_l_ms=0.905131 qdelay_c_ms=59.728 ecn_mark=1923 drop=0
[QUEUE_STATS] t_ms=29184 q_pkts=80 q_bytes=120320 qdelay_l_ms=0.864204 qdelay_c_ms=54.5894 ecn_mark=1925 drop=0
[QUEUE_STATS] t_ms=29200 q_pkts=78 q_bytes=117312 qdelay_l_ms=0.934126 qdelay_c_ms=45.2349 ecn_mark=1926 drop=0
[QUEUE_STATS] t_ms=29216 q_pkts=80 q_bytes=120320 qdelay_l_ms=1.09269 qdelay_c_ms=39.2111 ecn_mark=1926 drop=0
[QUEUE_STATS] t_ms=29232 q_pkts=81 q_bytes=121824 qdelay_l_ms=1.0231 qdelay_c_ms=41.1904 ecn_mark=1929 drop=0
[QUEUE_STATS] t_ms=29248 q_pkts=82 q_bytes=123328 qdelay_l_ms=0.868543 qdelay_c_ms=38.9266 ecn_mark=1930 drop=0
[QUEUE_STATS] t_ms=29264 q_pkts=82 q_bytes=123328 qdelay_l_ms=0.866138 qdelay_c_ms=40.9756 ecn_mark=1934 drop=0
[QUEUE_STATS] t_ms=29280 q_pkts=81 q_bytes=121824 qdelay_l_ms=1.09434 qdelay_c_ms=40.7683 ecn_mark=1934 drop=0
[QUEUE_STATS] t_ms=29296 q_pkts=81 q_bytes=121824 qdelay_l_ms=0.871067 qdelay_c_ms=40.8348 ecn_mark=1935 drop=0
[QUEUE_STATS] t_ms=29312 q_pkts=81 q_bytes=121824 qdelay_l_ms=0.961417 qdelay_c_ms=40.0273 ecn_mark=1935 drop=0
[QUEUE_STATS] t_ms=29328 q_pkts=82 q_bytes=123328 qdelay_l_ms=1.08843 qdelay_c_ms=40.2398 ecn_mark=1935 drop=0
[QUEUE_STATS] t_ms=29344 q_pkts=84 q_bytes=126336 qdelay_l_ms=1.10755 qdelay_c_ms=39.5187 ecn_mark=1936 drop=0
[QUEUE_STATS] t_ms=29360 q_pkts=84 q_bytes=126336 qdelay_l_ms=1.10494 qdelay_c_ms=41.2414 ecn_mark=1938 drop=0
[QUEUE_STATS] t_ms=29376 q_pkts=83 q_bytes=124832 qdelay_l_ms=0.870186 qdelay_c_ms=40.6641 ecn_mark=1940 drop=0
[QUEUE_STATS] t_ms=29392 q_pkts=86 q_bytes=129344 qdelay_l_ms=1.09122 qdelay_c_ms=42.153 ecn_mark=1941 drop=0
[QUEUE_STATS] t_ms=29408 q_pkts=88 q_bytes=132352 qdelay_l_ms=0.928345 qdelay_c_ms=43.0351 ecn_mark=1942 drop=0
[QUEUE_STATS] t_ms=29424 q_pkts=85 q_bytes=127840 qdelay_l_ms=1.08854 qdelay_c_ms=42.0758 ecn_mark=1943 drop=0
[QUEUE_STATS] t_ms=29440 q_pkts=84 q_bytes=126336 qdelay_l_ms=1.01588 qdelay_c_ms=42.1449 ecn_mark=1944 drop=0
[QUEUE_STATS] t_ms=29456 q_pkts=88 q_bytes=132352 qdelay_l_ms=1.0467 qdelay_c_ms=43.895 ecn_mark=1944 drop=0
[QUEUE_STATS] t_ms=29472 q_pkts=89 q_bytes=133856 qdelay_l_ms=1.0974 qdelay_c_ms=42.0785 ecn_mark=1944 drop=0
[QUEUE_STATS] t_ms=29488 q_pkts=87 q_bytes=130848 qdelay_l_ms=0.78222 qdelay_c_ms=42.8931 ecn_mark=1946 drop=0
[QUEUE_STATS] t_ms=29504 q_pkts=90 q_bytes=135360 qdelay_l_ms=0.974231 qdelay_c_ms=43.7659 ecn_mark=1947 drop=0
[QUEUE_STATS] t_ms=29520 q_pkts=88 q_bytes=132352 qdelay_l_ms=0.79268 qdelay_c_ms=43.9492 ecn_mark=1947 drop=0
[QUEUE_STATS] t_ms=29536 q_pkts=90 q_bytes=135360 qdelay_l_ms=1.07633 qdelay_c_ms=44.08 ecn_mark=1948 drop=0
[QUEUE_STATS] t_ms=29552 q_pkts=90 q_bytes=135360 qdelay_l_ms=0.94193 qdelay_c_ms=44.8326 ecn_mark=1950 drop=0
[QUEUE_STATS] t_ms=29568 q_pkts=91 q_bytes=136864 qdelay_l_ms=0.869605 qdelay_c_ms=44.1024 ecn_mark=1950 drop=0
[QUEUE_STATS] t_ms=29584 q_pkts=90 q_bytes=135360 qdelay_l_ms=0.676601 qdelay_c_ms=43.4467 ecn_mark=1951 drop=0
[QUEUE_STATS] t_ms=29600 q_pkts=95 q_bytes=142880 qdelay_l_ms=1.06616 qdelay_c_ms=43.8788 ecn_mark=1952 drop=0
[QUEUE_STATS] t_ms=29616 q_pkts=92 q_bytes=138368 qdelay_l_ms=1.09554 qdelay_c_ms=45.0258 ecn_mark=1952 drop=0
[QUEUE_STATS] t_ms=29632 q_pkts=90 q_bytes=135360 qdelay_l_ms=0.979812 qdelay_c_ms=45.0092 ecn_mark=1953 drop=0
[QUEUE_STATS] t_ms=29648 q_pkts=93 q_bytes=139872 qdelay_l_ms=1.09224 qdelay_c_ms=46.3619 ecn_mark=1954 drop=0
[QUEUE_STATS] t_ms=29664 q_pkts=93 q_bytes=139872 qdelay_l_ms=1.09838 qdelay_c_ms=46.0903 ecn_mark=1955 drop=0
[QUEUE_STATS] t_ms=29680 q_pkts=91 q_bytes=136864 qdelay_l_ms=0.645694 qdelay_c_ms=44.8937 ecn_mark=1956 drop=0
[QUEUE_STATS] t_ms=29696 q_pkts=94 q_bytes=141376 qdelay_l_ms=0.639652 qdelay_c_ms=45.6492 ecn_mark=1957 drop=0
[QUEUE_STATS] t_ms=29712 q_pkts=94 q_bytes=141376 qdelay_l_ms=1.06021 qdelay_c_ms=46.9526 ecn_mark=1959 drop=0
[QUEUE_STATS] t_ms=29728 q_pkts=95 q_bytes=142880 qdelay_l_ms=1.01816 qdelay_c_ms=44.671 ecn_mark=1962 drop=0
[QUEUE_STATS] t_ms=29744 q_pkts=97 q_bytes=145888 qdelay_l_ms=0.971356 qdelay_c_ms=47.0221 ecn_mark=1963 drop=0
[QUEUE_STATS] t_ms=29760 q_pkts=97 q_bytes=145888 qdelay_l_ms=0.913086 qdelay_c_ms=46.7983 ecn_mark=1963 drop=0
[QUEUE_STATS] t_ms=29776 q_pkts=96 q_bytes=144384 qdelay_l_ms=0.881708 qdelay_c_ms=44.5687 ecn_mark=1964 drop=0
[QUEUE_STATS] t_ms=29792 q_pkts=96 q_bytes=144384 qdelay_l_ms=1.08083 qdelay_c_ms=47.0759 ecn_mark=1966 drop=0
[QUEUE_STATS] t_ms=29808 q_pkts=96 q_bytes=144384 qdelay_l_ms=0.889591 qdelay_c_ms=47.0262 ecn_mark=1966 drop=0
[QUEUE_STATS] t_ms=29824 q_pkts=95 q_bytes=142880 qdelay_l_ms=1.09558 qdelay_c_ms=45.8813 ecn_mark=1968 drop=0
[QUEUE_STATS] t_ms=29840 q_pkts=96 q_bytes=144384 qdelay_l_ms=1.03463 qdelay_c_ms=46.2114 ecn_mark=1970 drop=0
[QUEUE_STATS] t_ms=29856 q_pkts=98 q_bytes=147392 qdelay_l_ms=1.03862 qdelay_c_ms=45.9383 ecn_mark=1971 drop=0
[QUEUE_STATS] t_ms=29872 q_pkts=97 q_bytes=145888 qdelay_l_ms=0.64929 qdelay_c_ms=45.835 ecn_mark=1972 drop=0
[QUEUE_STATS] t_ms=29888 q_pkts=99 q_bytes=148896 qdelay_l_ms=0.862972 qdelay_c_ms=46.9285 ecn_mark=1973 drop=0
[QUEUE_STATS] t_ms=29904 q_pkts=98 q_bytes=147392 qdelay_l_ms=1.09796 qdelay_c_ms=47.1727 ecn_mark=1973 drop=0
[QUEUE_STATS] t_ms=29920 q_pkts=99 q_bytes=148896 qdelay_l_ms=1.06414 qdelay_c_ms=46.8615 ecn_mark=1974 drop=0
[QUEUE_STATS] t_ms=29936 q_pkts=101 q_bytes=151904 qdelay_l_ms=1.1186 qdelay_c_ms=48.1567 ecn_mark=1974 drop=0
[QUEUE_STATS] t_ms=29952 q_pkts=100 q_bytes=150400 qdelay_l_ms=1.05285 qdelay_c_ms=47.8972 ecn_mark=1975 drop=0
[QUEUE_STATS] t_ms=29968 q_pkts=100 q_bytes=150400 qdelay_l_ms=1.1028 qdelay_c_ms=47.8317 ecn_mark=1975 drop=0
[QUEUE_STATS] t_ms=29984 q_pkts=104 q_bytes=156416 qdelay_l_ms=0 qdelay_c_ms=48.9839 ecn_mark=1979 drop=0
[QUEUE_STATS] t_ms=30000 q_pkts=101 q_bytes=151904 qdelay_l_ms=1.0307 qdelay_c_ms=47.9139 ecn_mark=1979 drop=0
[QUEUE_STATS] t_ms=30016 q_pkts=102 q_bytes=153408 qdelay_l_ms=1.08488 qdelay_c_ms=48.1827 ecn_mark=1981 drop=0
[QUEUE_STATS] t_ms=30032 q_pkts=103 q_bytes=154912 qdelay_l_ms=1.04387 qdelay_c_ms=49.2695 ecn_mark=1981 drop=0
[QUEUE_STATS] t_ms=30048 q_pkts=103 q_bytes=154912 qdelay_l_ms=1.09391 qdelay_c_ms=49.1312 ecn_mark=1981 drop=0
[QUEUE_STATS] t_ms=30064 q_pkts=102 q_bytes=153408 qdelay_l_ms=1.09177 qdelay_c_ms=49.7235 ecn_mark=1981 drop=0
[QUEUE_STATS] t_ms=30080 q_pkts=105 q_bytes=157920 qdelay_l_ms=0.8885 qdelay_c_ms=49.9518 ecn_mark=1982 drop=0
[QUEUE_STATS] t_ms=30096 q_pkts=104 q_bytes=156416 qde