[QUEUE_STATS] t_ms=33 q_pkts=0 q_bytes=0 qdelay_l_ms=0 qdelay_c_ms=0 ecn_mark=0 drop=0
[QUEUE_STATS] t_ms=91 q_pkts=0 q_bytes=0 qdelay_l_ms=0 qdelay_c_ms=0 ecn_mark=0 drop=0
[QUEUE_STATS] t_ms=96 q_pkts=2 q_bytes=128 qdelay_l_ms=1.1015 qdelay_c_ms=0 ecn_mark=0 drop=0
[QUEUE_STATS] t_ms=138 q_pkts=0 q_bytes=0 qdelay_l_ms=0 qdelay_c_ms=0 ecn_mark=0 drop=0
[QUEUE_STATS] t_ms=180 q_pkts=0 q_bytes=0 qdelay_l_ms=0 qdelay_c_ms=0 ecn_mark=0 drop=0
[QUEUE_STATS] t_ms=222 q_pkts=0 q_bytes=0 qdelay_l_ms=0 qdelay_c_ms=0 ecn_mark=0 drop=0
[QUEUE_STATS] t_ms=224 q_pkts=2 q_bytes=132 qdelay_l_ms=1.11196 qdelay_c_ms=0 ecn_mark=0 drop=0
[QUEUE_STATS] t_ms=265 q_pkts=0 q_bytes=0 qdelay_l_ms=0 qdelay_c_ms=0 ecn_mark=0 drop=0
[QUEUE_STATS] t_ms=308 q_pkts=0 q_bytes=0 qdelay_l_ms=0 qdelay_c_ms=0 ecn_mark=0 drop=0
[QUEUE_STATS] t_ms=350 q_pkts=0 q_bytes=0 qdelay_l_ms=0 qdelay_c_ms=0 ecn_mark=0 drop=0
[QUEUE_STATS] t_ms=352 q_pkts=3 q_bytes=1640 qdelay_l_ms=1.07297 qdelay_c_ms=0 ecn_mark=0 drop=0
[QUEUE_STATS] t_ms=368 q_pkts=1 q_bytes=1504 qdelay_l_ms=1.05844 qdelay_c_ms=0 ecn_mark=0 drop=0
[QUEUE_STATS] t_ms=392 q_pkts=0 q_bytes=0 qdelay_l_ms=0 qdelay_c_ms=0 ecn_mark=0 drop=0
[QUEUE_STATS] t_ms=400 q_pkts=25 q_bytes=37600 qdelay_l_ms=1.00327 qdelay_c_ms=4.17813 ecn_mark=0 drop=0
[QUEUE_STATS] t_ms=416 q_pkts=2 q_bytes=3008 qdelay_l_ms=1.07713 qdelay_c_ms=0 ecn_mark=0 drop=0
[QUEUE_STATS] t_ms=434 q_pkts=0 q_bytes=0 qdelay_l_ms=0 qdelay_c_ms=0 ecn_mark=0 drop=0
[QUEUE_STATS] t_ms=448 q_pkts=48 q_bytes=72192 qdelay_l_ms=2.12917 qdelay_c_ms=8.1613 ecn_mark=0 drop=0
[QUEUE_STATS] t_ms=464 q_pkts=44 q_bytes=66176 qdelay_l_ms=0 qdelay_c_ms=21.5215 ecn_mark=0 drop=0
[QUEUE_STATS] t_ms=480 q_pkts=11 q_bytes=16544 qdelay_l_ms=1.99623 qdelay_c_ms=2.02199 ecn_mark=0 drop=0
[QUEUE_STATS] t_ms=496 q_pkts=72 q_bytes=108288 qdelay_l_ms=3.27111 qdelay_c_ms=15.9766 ecn_mark=0 drop=0
[QUEUE_STATS] t_ms=512 q_pkts=133 q_bytes=200032 qdelay_l_ms=11.0882 qdelay_c_ms=31.1974 ecn_mark=7 drop=0
[QUEUE_STATS] t_ms=528 q_pkts=160 q_bytes=240640 qdelay_l_ms=6.54322 qdelay_c_ms=43.5194 ecn_mark=36 drop=0
[QUEUE_STATS] t_ms=544 q_pkts=222 q_bytes=333888 qdelay_l_ms=14.45 qdelay_c_ms=58.4323 ecn_mark=62 drop=0
[QUEUE_STATS] t_ms=560 q_pkts=234 q_bytes=351936 qdelay_l_ms=22.0226 qdelay_c_ms=72.808 ecn_mark=121 drop=0
[QUEUE_STATS] t_ms=576 q_pkts=193 q_bytes=290272 qdelay_l_ms=30.3175 qdelay_c_ms=86.9037 ecn_mark=181 drop=0
[QUEUE_STATS] t_ms=592 q_pkts=132 q_bytes=198528 qdelay_l_ms=27.7775 qdelay_c_ms=99.4958 ecn_mark=242 drop=0
[QUEUE_STATS] t_ms=608 q_pkts=95 q_bytes=142880 qdelay_l_ms=1.02644 qdelay_c_ms=101.89 ecn_mark=251 drop=0
[QUEUE_STATS] t_ms=624 q_pkts=69 q_bytes=103776 qdelay_l_ms=1.07661 qdelay_c_ms=111.999 ecn_mark=251 drop=0
[QUEUE_STATS] t_ms=640 q_pkts=52 q_bytes=78208 qdelay_l_ms=1.064 qdelay_c_ms=81.2886 ecn_mark=251 drop=0
[QUEUE_STATS] t_ms=656 q_pkts=44 q_bytes=66176 qdelay_l_ms=1.05571 qdelay_c_ms=19.2441 ecn_mark=251 drop=0
[QUEUE_STATS] t_ms=672 q_pkts=42 q_bytes=63168 qdelay_l_ms=1.04741 qdelay_c_ms=17.9357 ecn_mark=251 drop=0
[QUEUE_STATS] t_ms=688 q_pkts=46 q_bytes=69184 qdelay_l_ms=0.994008 qdelay_c_ms=18.2589 ecn_mark=251 drop=0
[QUEUE_STATS] t_ms=704 q_pkts=52 q_bytes=78208 qdelay_l_ms=1.05105 qdelay_c_ms=18.7162 ecn_mark=251 drop=0
[QUEUE_STATS] t_ms=720 q_pkts=53 q_bytes=79712 qdelay_l_ms=1.10159 qdelay_c_ms=22.6228 ecn_mark=251 drop=0
[QUEUE_STATS] t_ms=736 q_pkts=54 q_bytes=81216 qdelay_l_ms=1.04974 qdelay_c_ms=22.2581 ecn_mark=251 drop=0
[QUEUE_STATS] t_ms=752 q_pkts=54 q_bytes=81216 qdelay_l_ms=0.036849 qdelay_c_ms=19.7158 ecn_mark=251 drop=0
[QUEUE_STATS] t_ms=768 q_pkts=59 q_bytes=88736 qdelay_l_ms=1.03999 qdelay_c_ms=23.7495 ecn_mark=251 drop=0
[QUEUE_STATS] t_ms=784 q_pkts=64 q_bytes=96256 qdelay_l_ms=1.03967 qdelay_c_ms=25.0192 ecn_mark=251 drop=0
[QUEUE_STATS] t_ms=800 q_pkts=65 q_bytes=97760 qdelay_l_ms=1.0119 qdelay_c_ms=24.8735 ecn_mark=251 drop=0
[QUEUE_STATS] t_ms=816 q_pkts=65 q_bytes=97760 qdelay_l_ms=1.01109 qdelay_c_ms=27.1273 ecn_mark=251 drop=0
[QUEUE_STATS] t_ms=832 q_pkts=68 q_bytes=100848 qdelay_l_ms=0.836722 qdelay_c_ms=27.0058 ecn_mark=251 drop=0
[QUEUE_STATS] t_ms=848 q_pkts=70 q_bytes=103856 qdelay_l_ms=0.033953 qdelay_c_ms=26.7137 ecn_mark=251 drop=0
[QUEUE_STATS] t_ms=864 q_pkts=72 q_bytes=108288 qdelay_l_ms=1.02961 qdelay_c_ms=29.4121 ecn_mark=251 drop=0
[QUEUE_STATS] t_ms=880 q_pkts=74 q_bytes=111296 qdelay_l_ms=0.990883 qdelay_c_ms=30.0657 ecn_mark=251 drop=0
[QUEUE_STATS] t_ms=896 q_pkts=79 q_bytes=118816 qdelay_l_ms=0.744599 qdelay_c_ms=31.2657 ecn_mark=251 drop=0
[QUEUE_STATS] t_ms=912 q_pkts=80 q_bytes=120320 qdelay_l_ms=0.853294 qdelay_c_ms=34.7904 ecn_mark=251 drop=0
[QUEUE_STATS] t_ms=928 q_pkts=80 q_bytes=120320 qdelay_l_ms=1.06658 qdelay_c_ms=32.7552 ecn_mark=251 drop=0
[QUEUE_STATS] t_ms=944 q_pkts=81 q_bytes=121824 qdelay_l_ms=0.982287 qdelay_c_ms=33.6109 ecn_mark=251 drop=0
[QUEUE_STATS] t_ms=960 q_pkts=86 q_bytes=129344 qdelay_l_ms=1.07249 qdelay_c_ms=35.2955 ecn_mark=251 drop=0
[QUEUE_STATS] t_ms=976 q_pkts=87 q_bytes=130848 qdelay_l_ms=1.06242 qdelay_c_ms=35.4963 ecn_mark=251 drop=0
[QUEUE_STATS] t_ms=992 q_pkts=91 q_bytes=136864 qdelay_l_ms=1.09248 qdelay_c_ms=38.1683 ecn_mark=251 drop=0
[QUEUE_STATS] t_ms=1008 q_pkts=91 q_bytes=136864 qdelay_l_ms=0.937562 qdelay_c_ms=39.1123 ecn_mark=251 drop=0
[QUEUE_STATS] t_ms=1024 q_pkts=93 q_bytes=139872 qdelay_l_ms=1.06797 qdelay_c_ms=40.2222 ecn_mark=251 drop=0
[QUEUE_STATS] t_ms=1040 q_pkts=98 q_bytes=147392 qdelay_l_ms=1.08934 qdelay_c_ms=41.3816 ecn_mark=251 drop=0
[QUEUE_STATS] t_ms=1056 q_pkts=100 q_bytes=150400 qdelay_l_ms=0.951288 qdelay_c_ms=41.8401 ecn_mark=251 drop=0
[QUEUE_STATS] t_ms=1072 q_pkts=100 q_bytes=150400 qdelay_l_ms=0.710515 qdelay_c_ms=42.0357 ecn_mark=251 drop=0
[QUEUE_STATS] t_ms=1088 q_pkts=104 q_bytes=156416 qdelay_l_ms=1.08076 qdelay_c_ms=43.9647 ecn_mark=251 drop=0
[QUEUE_STATS] t_ms=1104 q_pkts=104 q_bytes=156416 qdelay_l_ms=0.90982 qdelay_c_ms=44.9775 ecn_mark=251 drop=0
[QUEUE_STATS] t_ms=1120 q_pkts=105 q_bytes=157920 qdelay_l_ms=1.07944 qdelay_c_ms=45.2992 ecn_mark=251 drop=0
[QUEUE_STATS] t_ms=1136 q_pkts=111 q_bytes=166944 qdelay_l_ms=1.03932 qdelay_c_ms=48.0423 ecn_mark=251 drop=0
[QUEUE_STATS] t_ms=1152 q_pkts=110 q_bytes=165440 qdelay_l_ms=1.06711 qdelay_c_ms=47.8493 ecn_mark=251 drop=0
[QUEUE_STATS] t_ms=1168 q_pkts=110 q_bytes=165440 qdelay_l_ms=0.015159 qdelay_c_ms=47.5385 ecn_mark=251 drop=0
[QUEUE_STATS] t_ms=1184 q_pkts=118 q_bytes=177472 qdelay_l_ms=0.912105 qdelay_c_ms=51.0296 ecn_mark=251 drop=0
[QUEUE_STATS] t_ms=1200 q_pkts=116 q_bytes=174464 qdelay_l_ms=1.08143 qdelay_c_ms=53.0391 ecn_mark=251 drop=0
[QUEUE_STATS] t_ms=1217 q_pkts=120 q_bytes=180480 qdelay_l_ms=1.0661 qdelay_c_ms=52.5346 ecn_mark=251 drop=0
[QUEUE_STATS] t_ms=1232 q_pkts=123 q_bytes=184992 qdelay_l_ms=1.09649 qdelay_c_ms=54.1563 ecn_mark=251 drop=0
[QUEUE_STATS] t_ms=1248 q_pkts=121 q_bytes=181984 qdelay_l_ms=0.686991 qdelay_c_ms=55.9217 ecn_mark=251 drop=0
[QUEUE_STATS] t_ms=1264 q_pkts=125 q_bytes=188000 qdelay_l_ms=1.07167 qdelay_c_ms=55.8132 ecn_mark=251 drop=0
[QUEUE_STATS] t_ms=1280 q_pkts=128 q_bytes=192512 qdelay_l_ms=1.08039 qdelay_c_ms=56.1144 ecn_mark=251 drop=0
[QUEUE_STATS] t_ms=1296 q_pkts=129 q_bytes=194016 qdelay_l_ms=1.05408 qdelay_c_ms=59.0356 ecn_mark=251 drop=0
[QUEUE_STATS] t_ms=1312 q_pkts=132 q_bytes=198528 qdelay_l_ms=0.88329 qdelay_c_ms=59.823 ecn_mark=251 drop=0
[QUEUE_STATS] t_ms=1329 q_pkts=131 q_bytes=197024 qdelay_l_ms=1.08625 qdelay_c_ms=59.9656 ecn_mark=251 drop=0
[QUEUE_STATS] t_ms=1344 q_pkts=134 q_bytes=201536 qdelay_l_ms=1.08245 qdelay_c_ms=63.1079 ecn_mark=251 drop=0
[QUEUE_STATS] t_ms=1360 q_pkts=138 q_bytes=207552 qdelay_l_ms=1.03952 qdelay_c_ms=61.6618 ecn_mark=251 drop=0
[QUEUE_STATS] t_ms=1376 q_pkts=139 q_bytes=209056 qdelay_l_ms=1.07062 qdelay_c_ms=63.9681 ecn_mark=251 drop=0
[QUEUE_STATS] t_ms=1392 q_pkts=141 q_bytes=212064 qdelay_l_ms=1.04941 qdelay_c_ms=65.7888 ecn_mark=251 drop=0
[QUEUE_STATS] t_ms=1408 q_pkts=144 q_bytes=216576 qdelay_l_ms=1.03055 qdelay_c_ms=63.9807 ecn_mark=251 drop=0
[QUEUE_STATS] t_ms=1424 q_pkts=146 q_bytes=219584 qdelay_l_ms=1.07214 qdelay_c_ms=68.2136 ecn_mark=251 drop=0
[QUEUE_STATS] t_ms=1440 q_pkts=148 q_bytes=222592 qdelay_l_ms=1.10125 qdelay_c_ms=70.9638 ecn_mark=251 drop=0
[QUEUE_STATS] t_ms=1456 q_pkts=149 q_bytes=224096 qdelay_l_ms=0.784594 qdelay_c_ms=68.9533 ecn_mark=251 drop=0
[QUEUE_STATS] t_ms=1472 q_pkts=151 q_bytes=227104 qdelay_l_ms=0.847493 qdelay_c_ms=72.0084 ecn_mark=251 drop=0
[QUEUE_STATS] t_ms=1488 q_pkts=154 q_bytes=231616 qdelay_l_ms=1.04015 qdelay_c_ms=72.9127 ecn_mark=251 drop=0
[QUEUE_STATS] t_ms=1504 q_pkts=155 q_bytes=233120 qdelay_l_ms=1.09267 qdelay_c_ms=72.9877 ecn_mark=251 drop=0
[QUEUE_STATS] t_ms=1520 q_pkts=159 q_bytes=239136 qdelay_l_ms=1.09149 qdelay_c_ms=76.0092 ecn_mark=251 drop=0
[QUEUE_STATS] t_ms=1536 q_pkts=158 q_bytes=237632 qdelay_l_ms=0.96297 qdelay_c_ms=76.0132 ecn_mark=251 drop=0
[QUEUE_STATS] t_ms=1552 q_pkts=160 q_bytes=240640 qdelay_l_ms=1.06652 qdelay_c_ms=76.936 ecn_mark=251 drop=0
[QUEUE_STATS] t_ms=1569 q_pkts=162 q_bytes=243648 qdelay_l_ms=1.09488 qdelay_c_ms=79.9643 ecn_mark=251 drop=0
[QUEUE_STATS] t_ms=1584 q_pkts=166 q_bytes=249664 qdelay_l_ms=1.08285 qdelay_c_ms=79.2547 ecn_mark=251 drop=0
[QUEUE_STATS] t_ms=1600 q_pkts=165 q_bytes=248160 qdelay_l_ms=1.08126 qdelay_c_ms=82.1185 ecn_mark=251 drop=0
[QUEUE_STATS] t_ms=1616 q_pkts=169 q_bytes=254176 qdelay_l_ms=1.0705 qdelay_c_ms=84.2837 ecn_mark=251 drop=0
[QUEUE_STATS] t_ms=1632 q_pkts=172 q_bytes=258688 qdelay_l_ms=1.09244 qdelay_c_ms=83.8465 ecn_mark=251 drop=0
[QUEUE_STATS] t_ms=1648 q_pkts=173 q_bytes=260192 qdelay_l_ms=1.05392 qdelay_c_ms=85.8249 ecn_mark=251 drop=0
[QUEUE_STATS] t_ms=1664 q_pkts=176 q_bytes=264704 qdelay_l_ms=0.81365 qdelay_c_ms=87.054 ecn_mark=251 drop=0
[QUEUE_STATS] t_ms=1680 q_pkts=175 q_bytes=263200 qdelay_l_ms=1.07511 qdelay_c_ms=89.1642 ecn_mark=252 drop=0
[QUEUE_STATS] t_ms=1696 q_pkts=178 q_bytes=267712 qdelay_l_ms=1.03462 qdelay_c_ms=90.4118 ecn_mark=253 drop=0
[QUEUE_STATS] t_ms=1712 q_pkts=178 q_bytes=267712 qdelay_l_ms=0.869424 qdelay_c_ms=91.0125 ecn_mark=254 drop=0
[QUEUE_STATS] t_ms=1729 q_pkts=166 q_bytes=249664 qdelay_l_ms=1.08381 qdelay_c_ms=85.5573 ecn_mark=254 drop=0
[QUEUE_STATS] t_ms=1744 q_pkts=170 q_bytes=255680 qdelay_l_ms=1.1105 qdelay_c_ms=86.1232 ecn_mark=254 drop=0
[QUEUE_STATS] t_ms=1760 q_pkts=170 q_bytes=255680 qdelay_l_ms=0.944606 qdelay_c_ms=80.9871 ecn_mark=254 drop=0
[QUEUE_STATS] t_ms=1777 q_pkts=167 q_bytes=251168 qdelay_l_ms=1.08329 qdelay_c_ms=78.8651 ecn_mark=254 drop=0
[QUEUE_STATS] t_ms=1793 q_pkts=166 q_bytes=249664 qdelay_l_ms=1.09467 qdelay_c_ms=77.8708 ecn_mark=254 drop=0
[QUEUE_STATS] t_ms=1808 q_pkts=174 q_bytes=261696 qdelay_l_ms=0.955306 qdelay_c_ms=74.8991 ecn_mark=254 drop=0
[QUEUE_STATS] t_ms=1824 q_pkts=178 q_bytes=267712 qdelay_l_ms=1.10001 qdelay_c_ms=74.3552 ecn_mark=254 drop=0
[QUEUE_STATS] t_ms=1840 q_pkts=178 q_bytes=267712 qdelay_l_ms=1.06728 qdelay_c_ms=79.0238 ecn_mark=254 drop=0
[QUEUE_STATS] t_ms=1856 q_pkts=180 q_bytes=270720 qdelay_l_ms=0.938955 qdelay_c_ms=75.8308 ecn_mark=254 drop=0
[QUEUE_STATS] t_ms=1872 q_pkts=182 q_bytes=273728 qdelay_l_ms=0.939446 qdelay_c_ms=75.9373 ecn_mark=255 drop=0
[QUEUE_STATS] t_ms=1888 q_pkts=185 q_bytes=278240 qdelay_l_ms=1.06363 qdelay_c_ms=81.174 ecn_mark=256 drop=0
[QUEUE_STATS] t_ms=1904 q_pkts=190 q_bytes=285760 qdelay_l_ms=0.96311 qdelay_c_ms=82.0353 ecn_mark=256 drop=0
[QUEUE_STATS] t_ms=1920 q_pkts=183 q_bytes=275232 qdelay_l_ms=0.840901 qdelay_c_ms=80.0384 ecn_mark=257 drop=0
[QUEUE_STATS] t_ms=1936 q_pkts=186 q_bytes=279744 qdelay_l_ms=1.0712 qdelay_c_ms=81.5019 ecn_mark=257 drop=0
[QUEUE_STATS] t_ms=1952 q_pkts=190 q_bytes=285760 qdelay_l_ms=0.9949 qdelay_c_ms=80.9756 ecn_mark=257 drop=0
[QUEUE_STATS] t_ms=1968 q_pkts=182 q_bytes=273728 qdelay_l_ms=1.04777 qdelay_c_ms=77.8564 ecn_mark=257 drop=0
[QUEUE_STATS] t_ms=1984 q_pkts=182 q_bytes=273728 qdelay_l_ms=1.0379 qdelay_c_ms=77.701 ecn_mark=257 drop=0
[QUEUE_STATS] t_ms=2001 q_pkts=191 q_bytes=287264 qdelay_l_ms=1.08647 qdelay_c_ms=75.8712 ecn_mark=257 drop=0
[QUEUE_STATS] t_ms=2016 q_pkts=192 q_bytes=288768 qdelay_l_ms=1.1004 qdelay_c_ms=76.1495 ecn_mark=257 drop=0
[QUEUE_STATS] t_ms=2033 q_pkts=193 q_bytes=290272 qdelay_l_ms=1.03653 qdelay_c_ms=78.6599 ecn_mark=257 drop=0
[QUEUE_STATS] t_ms=2048 q_pkts=197 q_bytes=296288 qdelay_l_ms=1.02325 qdelay_c_ms=78.642 ecn_mark=258 drop=0
[QUEUE_STATS] t_ms=2064 q_pkts=199 q_bytes=299296 qdelay_l_ms=1.07768 qdelay_c_ms=78.2857 ecn_mark=258 drop=0
[QUEUE_STATS] t_ms=2080 q_pkts=200 q_bytes=300800 qdelay_l_ms=1.06788 qdelay_c_ms=81.6653 ecn_mark=258 drop=0
[QUEUE_STATS] t_ms=2096 q_pkts=199 q_bytes=299296 qdelay_l_ms=1.07007 qdelay_c_ms=80.7633 ecn_mark=258 drop=0
[QUEUE_STATS] t_ms=2112 q_pkts=198 q_bytes=297792 qdelay_l_ms=1.08254 qdelay_c_ms=81.3674 ecn_mark=259 drop=0
[QUEUE_STATS] t_ms=2128 q_pkts=201 q_bytes=302304 qdelay_l_ms=1.06249 qdelay_c_ms=83.6368 ecn_mark=259 drop=0
[QUEUE_STATS] t_ms=2145 q_pkts=204 q_bytes=306816 qdelay_l_ms=1.07442 qdelay_c_ms=81.7077 ecn_mark=259 drop=0
[QUEUE_STATS] t_ms=2160 q_pkts=201 q_bytes=302304 qdelay_l_ms=1.08687 qdelay_c_ms=80.1965 ecn_mark=259 drop=0
[QUEUE_STATS] t_ms=2176 q_pkts=205 q_bytes=308320 qdelay_l_ms=1.07961 qdelay_c_ms=82.4077 ecn_mark=259 drop=0
[QUEUE_STATS] t_ms=2192 q_pkts=210 q_bytes=315840 qdelay_l_ms=1.09138 qdelay_c_ms=80.6744 ecn_mark=259 drop=0
[QUEUE_STATS] t_ms=2208 q_pkts=211 q_bytes=317344 qdelay_l_ms=1.06999 qdelay_c_ms=80.5489 ecn_mark=259 drop=0
[QUEUE_STATS] t_ms=2224 q_pkts=213 q_bytes=320352 qdelay_l_ms=0.880435 qdelay_c_ms=84.2191 ecn_mark=259 drop=0
[QUEUE_STATS] t_ms=2240 q_pkts=217 q_bytes=326368 qdelay_l_ms=1.05163 qdelay_c_ms=84.2078 ecn_mark=260 drop=0
[QUEUE_STATS] t_ms=2256 q_pkts=216 q_bytes=324864 qdelay_l_ms=1.06653 qdelay_c_ms=83.8548 ecn_mark=261 drop=0
[QUEUE_STATS] t_ms=2272 q_pkts=219 q_bytes=329376 qdelay_l_ms=1.10503 qdelay_c_ms=85.6879 ecn_mark=261 drop=0
[QUEUE_STATS] t_ms=2288 q_pkts=222 q_bytes=333888 qdelay_l_ms=1.06206 qdelay_c_ms=86.9465 ecn_mark=261 drop=0
[QUEUE_STATS] t_ms=2304 q_pkts=221 q_bytes=332384 qdelay_l_ms=1.10601 qdelay_c_ms=86.232 ecn_mark=261 drop=0
[QUEUE_STATS] t_ms=2320 q_pkts=226 q_bytes=339904 qdelay_l_ms=1.07892 qdelay_c_ms=87.1056 ecn_mark=261 drop=0
[QUEUE_STATS] t_ms=2337 q_pkts=224 q_bytes=336896 qdelay_l_ms=1.09158 qdelay_c_ms=86.7758 ecn_mark=261 drop=0
[QUEUE_STATS] t_ms=2352 q_pkts=229 q_bytes=344416 qdelay_l_ms=1.07926 qdelay_c_ms=89.3091 ecn_mark=262 drop=0
[QUEUE_STATS] t_ms=2368 q_pkts=231 q_bytes=347424 qdelay_l_ms=0.559021 qdelay_c_ms=87.683 ecn_mark=264 drop=0
[QUEUE_STATS] t_ms=2385 q_pkts=231 q_bytes=347424 qdelay_l_ms=1.08954 qdelay_c_ms=88.6115 ecn_mark=264 drop=0
[QUEUE_STATS] t_ms=2400 q_pkts=232 q_bytes=348928 qdelay_l_ms=1.08436 qdelay_c_ms=89.772 ecn_mark=264 drop=0
[QUEUE_STATS] t_ms=2416 q_pkts=234 q_bytes=351936 qdelay_l_ms=1.08893 qdelay_c_ms=91.9704 ecn_mark=264 drop=0
[QUEUE_STATS] t_ms=2432 q_pkts=236 q_bytes=354944 qdelay_l_ms=1.08057 qdelay_c_ms=91.8485 ecn_mark=264 drop=0
[QUEUE_STATS] t_ms=2448 q_pkts=240 q_bytes=360960 qdelay_l_ms=1.06311 qdelay_c_ms=92.5809 ecn_mark=264 drop=0
[QUEUE_STATS] t_ms=2464 q_pkts=241 q_bytes=362464 qdelay_l_ms=1.10536 qdelay_c_ms=94.0963 ecn_mark=264 drop=0
[QUEUE_STATS] t_ms=2480 q_pkts=242 q_bytes=363968 qdelay_l_ms=0.045365 qdelay_c_ms=92.7115 ecn_mark=264 drop=0
[QUEUE_STATS] t_ms=2496 q_pkts=248 q_bytes=372992 qdelay_l_ms=1.07362 qdelay_c_ms=96.2506 ecn_mark=264 drop=0
[QUEUE_STATS] t_ms=2512 q_pkts=246 q_bytes=369984 qdelay_l_ms=1.00528 qdelay_c_ms=97.3744 ecn_mark=265 drop=0
[QUEUE_STATS] t_ms=2528 q_pkts=251 q_bytes=377504 qdelay_l_ms=1.08012 qdelay_c_ms=99.2575 ecn_mark=265 drop=0
[QUEUE_STATS] t_ms=2544 q_pkts=254 q_bytes=382016 qdelay_l_ms=1.09491 qdelay_c_ms=100.133 ecn_mark=265 drop=0
[QUEUE_STATS] t_ms=2560 q_pkts=254 q_bytes=382016 qdelay_l_ms=1.09295 qdelay_c_ms=100.075 ecn_mark=266 drop=0
[QUEUE_STATS] t_ms=2576 q_pkts=257 q_bytes=386528 qdelay_l_ms=1.04425 qdelay_c_ms=102.144 ecn_mark=266 drop=0
[QUEUE_STATS] t_ms=2592 q_pkts=258 q_bytes=388032 qdelay_l_ms=1.08649 qdelay_c_ms=101.666 ecn_mark=267 drop=0
[QUEUE_STATS] t_ms=2608 q_pkts=261 q_bytes=392544 qdelay_l_ms=1.03584 qdelay_c_ms=102.123 ecn_mark=267 drop=0
[QUEUE_STATS] t_ms=2624 q_pkts=262 q_bytes=394048 qdelay_l_ms=0.879213 qdelay_c_ms=103.112 ecn_mark=268 drop=0
[QUEUE_STATS] t_ms=2640 q_pkts=264 q_bytes=397056 qdelay_l_ms=1.06593 qdelay_c_ms=105.014 ecn_mark=268 drop=0
[QUEUE_STATS] t_ms=2656 q_pkts=267 q_bytes=401568 qdelay_l_ms=1.08272 qdelay_c_ms=103.908 ecn_mark=268 drop=0
[QUEUE_STATS] t_ms=2672 q_pkts=266 q_bytes=400064 qdelay_l_ms=1.05439 qdelay_c_ms=104.363 ecn_mark=268 drop=0
[QUEUE_STATS] t_ms=2688 q_pkts=269 q_bytes=404576 qdelay_l_ms=0.824279 qdelay_c_ms=106.161 ecn_mark=268 drop=0
[QUEUE_STATS] t_ms=2704 q_pkts=270 q_bytes=406080 qdelay_l_ms=1.08001 qdelay_c_ms=106.058 ecn_mark=268 drop=0
[QUEUE_STATS] t_ms=2720 q_pkts=272 q_bytes=409088 qdelay_l_ms=1.06318 qdelay_c_ms=105.872 ecn_mark=268 drop=0
[QUEUE_STATS] t_ms=2736 q_pkts=274 q_bytes=412096 qdelay_l_ms=1.08676 qdelay_c_ms=108.14 ecn_mark=269 drop=0
[QUEUE_STATS] t_ms=2752 q_pkts=279 q_bytes=416696 qdelay_l_ms=1.06894 qdelay_c_ms=107.634 ecn_mark=269 drop=0
[QUEUE_STATS] t_ms=2768 q_pkts=282 q_bytes=421208 qdelay_l_ms=1.05409 qdelay_c_ms=108.908 ecn_mark=269 drop=0
[QUEUE_STATS] t_ms=2784 q_pkts=282 q_bytes=421208 qdelay_l_ms=1.0601 qdelay_c_ms=110.121 ecn_mark=269 drop=0
[QUEUE_STATS] t_ms=2800 q_pkts=285 q_bytes=425720 qdelay_l_ms=1.06022 qdelay_c_ms=109.577 ecn_mark=269 drop=0
[QUEUE_STATS] t_ms=2816 q_pkts=288 q_bytes=430232 qdelay_l_ms=1.10777 qdelay_c_ms=112.119 ecn_mark=269 drop=0
[QUEUE_STATS] t_ms=2832 q_pkts=289 q_bytes=431736 qdelay_l_ms=1.00248 qdelay_c_ms=112.966 ecn_mark=269 drop=0
[QUEUE_STATS] t_ms=2848 q_pkts=292 q_bytes=436248 qdelay_l_ms=0.989069 qdelay_c_ms=113.012 ecn_mark=269 drop=0
[QUEUE_STATS] t_ms=2864 q_pkts=294 q_bytes=439256 qdelay_l_ms=1.10031 qdelay_c_ms=116.181 ecn_mark=269 drop=0
[QUEUE_STATS] t_ms=2880 q_pkts=294 q_bytes=442176 qdelay_l_ms=0.943363 qdelay_c_ms=117.033 ecn_mark=270 drop=0
[QUEUE_STATS] t_ms=2896 q_pkts=296 q_bytes=445184 qdelay_l_ms=1.05598 qdelay_c_ms=117.513 ecn_mark=270 drop=0
[QUEUE_STATS] t_ms=2912 q_pkts=300 q_bytes=451200 qdelay_l_ms=1.05106 qdelay_c_ms=118.811 ecn_mark=270 drop=0
[QUEUE_STATS] t_ms=2928 q_pkts=300 q_bytes=451200 qdelay_l_ms=1.07129 qdelay_c_ms=118.943 ecn_mark=270 drop=0
[QUEUE_STATS] t_ms=2944 q_pkts=302 q_bytes=454208 qdelay_l_ms=1.1148 qdelay_c_ms=120.242 ecn_mark=270 drop=0
[QUEUE_STATS] t_ms=2960 q_pkts=305 q_bytes=458720 qdelay_l_ms=0.986885 qdelay_c_ms=122.045 ecn_mark=270 drop=0
[QUEUE_STATS] t_ms=2976 q_pkts=307 q_bytes=461728 qdelay_l_ms=1.0376 qdelay_c_ms=121.948 ecn_mark=271 drop=0
[QUEUE_STATS] t_ms=2992 q_pkts=310 q_bytes=466240 qdelay_l_ms=1.03293 qdelay_c_ms=124.075 ecn_mark=271 drop=0
[QUEUE_STATS] t_ms=3008 q_pkts=313 q_bytes=470752 qdelay_l_ms=1.01368 qdelay_c_ms=124.934 ecn_mark=271 drop=0
[QUEUE_STATS] t_ms=3024 q_pkts=310 q_bytes=466240 qdelay_l_ms=0.897516 qdelay_c_ms=125.708 ecn_mark=273 drop=0
[QUEUE_STATS] t_ms=3040 q_pkts=315 q_bytes=473760 qdelay_l_ms=1.03777 qdelay_c_ms=125.897 ecn_mark=273 drop=0
[QUEUE_STATS] t_ms=3056 q_pkts=319 q_bytes=479776 qdelay_l_ms=0.984981 qdelay_c_ms=128.021 ecn_mark=273 drop=0
[QUEUE_STATS] t_ms=3072 q_pkts=317 q_bytes=476768 qdelay_l_ms=1.0714 qdelay_c_ms=128.03 ecn_mark=273 drop=0
[QUEUE_STATS] t_ms=3088 q_pkts=320 q_bytes=481280 qdelay_l_ms=1.0767 qdelay_c_ms=130.017 ecn_mark=274 drop=0
[QUEUE_STATS] t_ms=3104 q_pkts=323 q_bytes=485792 qdelay_l_ms=0.922343 qdelay_c_ms=131.6 ecn_mark=274 drop=0
[QUEUE_STATS] t_ms=3120 q_pkts=326 q_bytes=490304 qdelay_l_ms=1.03583 qdelay_c_ms=131.247 ecn_mark=274 drop=0
[QUEUE_STATS] t_ms=3136 q_pkts=326 q_bytes=490304 qdelay_l_ms=0 qdelay_c_ms=133.641 ecn_mark=274 drop=0
[QUEUE_STATS] t_ms=3152 q_pkts=331 q_bytes=497824 qdelay_l_ms=1.00342 qdelay_c_ms=133.209 ecn_mark=275 drop=0
[QUEUE_STATS] t_ms=3168 q_pkts=330 q_bytes=496320 qdelay_l_ms=1.04012 qdelay_c_ms=133.799 ecn_mark=275 drop=0
[QUEUE_STATS] t_ms=3184 q_pkts=332 q_bytes=499328 qdelay_l_ms=1.012 qdelay_c_ms=135.154 ecn_mark=275 drop=0
[QUEUE_STATS] t_ms=3200 q_pkts=334 q_bytes=502336 qdelay_l_ms=1.00572 qdelay_c_ms=135.99 ecn_mark=275 drop=0
[QUEUE_STATS] t_ms=3216 q_pkts=334 q_bytes=502336 qdelay_l_ms=0.037641 qdelay_c_ms=135.814 ecn_mark=277 drop=0
[QUEUE_STATS] t_ms=3232 q_pkts=340 q_bytes=511360 qdelay_l_ms=1.07938 qdelay_c_ms=136.865 ecn_mark=277 drop=0
[QUEUE_STATS] t_ms=3248 q_pkts=340 q_bytes=511360 qdelay_l_ms=0.78186 qdelay_c_ms=139.084 ecn_mark=277 drop=0
[QUEUE_STATS] t_ms=3264 q_pkts=341 q_bytes=512864 qdelay_l_ms=0.926141 qdelay_c_ms=139.91 ecn_mark=277 drop=0
[QUEUE_STATS] t_ms=3280 q_pkts=343 q_bytes=515872 qdelay_l_ms=1.00652 qdelay_c_ms=140.318 ecn_mark=277 drop=0
[QUEUE_STATS] t_ms=3296 q_pkts=345 q_bytes=518880 qdelay_l_ms=0.034605 qdelay_c_ms=140.658 ecn_mark=277 drop=0
[QUEUE_STATS] t_ms=3312 q_pkts=348 q_bytes=523392 qdelay_l_ms=0.995651 qdelay_c_ms=143.07 ecn_mark=278 drop=0
[QUEUE_STATS] t_ms=3328 q_pkts=350 q_bytes=526400 qdelay_l_ms=0.871838 qdelay_c_ms=142.652 ecn_mark=278 drop=0
[QUEUE_STATS] t_ms=3344 q_pkts=352 q_bytes=529408 qdelay_l_ms=0.986774 qdelay_c_ms=144.851 ecn_mark=278 drop=0
[QUEUE_STATS] t_ms=3360 q_pkts=356 q_bytes=535424 qdelay_l_ms=1.09 qdelay_c_ms=145.396 ecn_mark=278 drop=0
[QUEUE_STATS] t_ms=3376 q_pkts=356 q_bytes=535424 qdelay_l_ms=1.09949 qdelay_c_ms=147.191 ecn_mark=280 drop=0
[QUEUE_STATS] t_ms=3392 q_pkts=358 q_bytes=538432 qdelay_l_ms=0.994259 qdelay_c_ms=147.595 ecn_mark=280 drop=0
[QUEUE_STATS] t_ms=3408 q_pkts=359 q_bytes=539936 qdelay_l_ms=0.991965 qdelay_c_ms=149.158 ecn_mark=280 drop=0
[QUEUE_STATS] t_ms=3424 q_pkts=360 q_bytes=541440 qdelay_l_ms=0.986725 qdelay_c_ms=149.716 ecn_mark=280 drop=0
[QUEUE_STATS] t_ms=3440 q_pkts=365 q_bytes=548960 qdelay_l_ms=0.990191 qdelay_c_ms=152.242 ecn_mark=280 drop=0
[QUEUE_STATS] t_ms=3456 q_pkts=366 q_bytes=550464 qdelay_l_ms=0.981295 qdelay_c_ms=150.14 ecn_mark=280 drop=0
[QUEUE_STATS] t_ms=3472 q_pkts=367 q_bytes=551968 qdelay_l_ms=1.04573 qdelay_c_ms=153.883 ecn_mark=281 drop=0
[QUEUE_STATS] t_ms=3488 q_pkts=372 q_bytes=559488 qdelay_l_ms=1.06584 qdelay_c_ms=155.01 ecn_mark=281 drop=0
[QUEUE_STATS] t_ms=3504 q_pkts=373 q_bytes=560992 qdelay_l_ms=0.958341 qdelay_c_ms=155.318 ecn_mark=282 drop=0
[QUEUE_STATS] t_ms=3520 q_pkts=374 q_bytes=562496 qdelay_l_ms=1.06354 qdelay_c_ms=157.612 ecn_mark=282 drop=0
[QUEUE_STATS] t_ms=3536 q_pkts=378 q_bytes=568512 qdelay_l_ms=1.10746 qdelay_c_ms=158.066 ecn_mark=283 drop=0
[QUEUE_STATS] t_ms=3552 q_pkts=378 q_bytes=568512 qdelay_l_ms=1.07277 qdelay_c_ms=158.214 ecn_mark=284 drop=0
[QUEUE_STATS] t_ms=3568 q_pkts=378 q_bytes=568512 qdelay_l_ms=0.971035 qdelay_c_ms=159.883 ecn_mark=284 drop=0
[QUEUE_STATS] t_ms=3584 q_pkts=381 q_bytes=573024 qdelay_l_ms=0.241854 qdelay_c_ms=159.906 ecn_mark=284 drop=0
[QUEUE_STATS] t_ms=3600 q_pkts=384 q_bytes=577536 qdelay_l_ms=1.08919 qdelay_c_ms=160.875 ecn_mark=284 drop=0
[QUEUE_STATS] t_ms=3616 q_pkts=385 q_bytes=579040 qdelay_l_ms=0.755209 qdelay_c_ms=165.228 ecn_mark=285 drop=0
[QUEUE_STATS] t_ms=3632 q_pkts=389 q_bytes=585056 qdelay_l_ms=1.04282 qdelay_c_ms=163.835 ecn_mark=285 drop=0
[QUEUE_STATS] t_ms=3648 q_pkts=389 q_bytes=585056 qdelay_l_ms=1.06555 qdelay_c_ms=164.948 ecn_mark=285 drop=0
[QUEUE_STATS] t_ms=3664 q_pkts=390 q_bytes=586560 qdelay_l_ms=1.06061 qdelay_c_ms=168.13 ecn_mark=285 drop=0
[QUEUE_STATS] t_ms=3680 q_pkts=394 q_bytes=592576 qdelay_l_ms=0.962088 qdelay_c_ms=167.95 ecn_mark=287 drop=0
[QUEUE_STATS] t_ms=3696 q_pkts=395 q_bytes=594080 qdelay_l_ms=1.05301 qdelay_c_ms=168.02 ecn_mark=287 drop=0
[QUEUE_STATS] t_ms=3712 q_pkts=397 q_bytes=597088 qdelay_l_ms=1.0872 qdelay_c_ms=169.093 ecn_mark=287 drop=0
[QUEUE_STATS] t_ms=3728 q_pkts=398 q_bytes=598592 qdelay_l_ms=0.795135 qdelay_c_ms=170.322 ecn_mark=287 drop=0
[QUEUE_STATS] t_ms=3744 q_pkts=400 q_bytes=601600 qdelay_l_ms=0.960836 qdelay_c_ms=172.112 ecn_mark=287 drop=0
[QUEUE_STATS] t_ms=3760 q_pkts=401 q_bytes=603104 qdelay_l_ms=0.040526 qdelay_c_ms=171.826 ecn_mark=287 drop=0
[QUEUE_STATS] t_ms=3776 q_pkts=406 q_bytes=610624 qdelay_l_ms=0.764466 qdelay_c_ms=175.034 ecn_mark=287 drop=0
[QUEUE_STATS] t_ms=3792 q_pkts=407 q_bytes=612128 qdelay_l_ms=1.06597 qdelay_c_ms=175.877 ecn_mark=288 drop=0
[QUEUE_STATS] t_ms=3809 q_pkts=411 q_bytes=618144 qdelay_l_ms=1.09425 qdelay_c_ms=176.989 ecn_mark=288 drop=0
[QUEUE_STATS] t_ms=3824 q_pkts=411 q_bytes=618144 qdelay_l_ms=1.07192 qdelay_c_ms=178.776 ecn_mark=288 drop=0
[QUEUE_STATS] t_ms=3840 q_pkts=414 q_bytes=622656 qdelay_l_ms=0.91498 qdelay_c_ms=179.114 ecn_mark=289 drop=0
[QUEUE_STATS] t_ms=3856 q_pkts=416 q_bytes=625664 qdelay_l_ms=1.06377 qdelay_c_ms=181.131 ecn_mark=292 drop=0
[QUEUE_STATS] t_ms=3872 q_pkts=416 q_bytes=625664 qdelay_l_ms=0.922354 qdelay_c_ms=181.68 ecn_mark=293 drop=0
[QUEUE_STATS] t_ms=3888 q_pkts=418 q_bytes=628672 qdelay_l_ms=1.04315 qdelay_c_ms=183.186 ecn_mark=295 drop=0
[QUEUE_STATS] t_ms=3904 q_pkts=420 q_bytes=631680 qdelay_l_ms=1.03723 qdelay_c_ms=185.314 ecn_mark=296 drop=0
[QUEUE_STATS] t_ms=3920 q_pkts=422 q_bytes=634688 qdelay_l_ms=1.05972 qdelay_c_ms=185.68 ecn_mark=297 drop=0
[QUEUE_STATS] t_ms=3936 q_pkts=421 q_bytes=633184 qdelay_l_ms=0.031158 qdelay_c_ms=184.981 ecn_mark=298 drop=0
[QUEUE_STATS] t_ms=3952 q_pkts=426 q_bytes=640704 qdelay_l_ms=1.07051 qdelay_c_ms=188.262 ecn_mark=298 drop=0
[QUEUE_STATS] t_ms=3968 q_pkts=429 q_bytes=645216 qdelay_l_ms=0 qdelay_c_ms=189.621 ecn_mark=298 drop=0
[QUEUE_STATS] t_ms=3984 q_pkts=429 q_bytes=645216 qdelay_l_ms=1.02997 qdelay_c_ms=189.825 ecn_mark=298 drop=0
[QUEUE_STATS] t_ms=4000 q_pkts=429 q_bytes=645216 qdelay_l_ms=1.07235 qdelay_c_ms=192.212 ecn_mark=300 drop=0
[QUEUE_STATS] t_ms=4016 q_pkts=434 q_bytes=652736 qdelay_l_ms=0.927212 qdelay_c_ms=190.9 ecn_mark=300 drop=0
[QUEUE_STATS] t_ms=4032 q_pkts=435 q_bytes=652788 qdelay_l_ms=1.08214 qdelay_c_ms=192.996 ecn_mark=301 drop=0
[QUEUE_STATS] t_ms=4048 q_pkts=438 q_bytes=657300 qdelay_l_ms=0.991624 qdelay_c_ms=194.098 ecn_mark=302 drop=0
[QUEUE_STATS] t_ms=4064 q_pkts=440 q_bytes=660308 qdelay_l_ms=0.918386 qdelay_c_ms=194.767 ecn_mark=303 drop=0
[QUEUE_STATS] t_ms=4080 q_pkts=441 q_bytes=661812 qdelay_l_ms=1.07361 qdelay_c_ms=197.39 ecn_mark=303 drop=0
[QUEUE_STATS] t_ms=4096 q_pkts=444 q_bytes=666324 qdelay_l_ms=0.692782 qdelay_c_ms=196.81 ecn_mark=303 drop=0
[QUEUE_STATS] t_ms=4112 q_pkts=446 q_bytes=669332 qdelay_l_ms=1.07794 qdelay_c_ms=198.984 ecn_mark=304 drop=0
[QUEUE_STATS] t_ms=4128 q_pkts=447 q_bytes=670836 qdelay_l_ms=1.05529 qdelay_c_ms=200.213 ecn_mark=304 drop=0
[QUEUE_STATS] t_ms=4144 q_pkts=449 q_bytes=673844 qdelay_l_ms=1.06351 qdelay_c_ms=199.945 ecn_mark=305 drop=0
[QUEUE_STATS] t_ms=4160 q_pkts=450 q_bytes=675348 qdelay_l_ms=1.09111 qdelay_c_ms=202.457 ecn_mark=306 drop=0
[QUEUE_STATS] t_ms=4176 q_pkts=452 q_bytes=678356 qdelay_l_ms=0.912435 qdelay_c_ms=204.025 ecn_mark=306 drop=0
[QUEUE_STATS] t_ms=4192 q_pkts=456 q_bytes=684372 qdelay_l_ms=1.07107 qdelay_c_ms=203.957 ecn_mark=308 drop=0
[QUEUE_STATS] t_ms=4208 q_pkts=457 q_bytes=685876 qdelay_l_ms=1.05824 qdelay_c_ms=205.232 ecn_mark=309 drop=0
[QUEUE_STATS] t_ms=4224 q_pkts=456 q_bytes=684372 qdelay_l_ms=1.07736 qdelay_c_ms=208.097 ecn_mark=309 drop=0
[QUEUE_STATS] t_ms=4240 q_pkts=457 q_bytes=687328 qdelay_l_ms=0.906523 qdelay_c_ms=206.747 ecn_mark=310 drop=0
[QUEUE_STATS] t_ms=4256 q_pkts=459 q_bytes=690336 qdelay_l_ms=1.08086 qdelay_c_ms=207.065 ecn_mark=311 drop=0
[QUEUE_STATS] t_ms=4272 q_pkts=463 q_bytes=696352 qdelay_l_ms=1.05187 qdelay_c_ms=212.043 ecn_mark=314 drop=0
[QUEUE_STATS] t_ms=4289 q_pkts=464 q_bytes=697856 qdelay_l_ms=1.07229 qdelay_c_ms=209.452 ecn_mark=314 drop=0
[QUEUE_STATS] t_ms=4304 q_pkts=466 q_bytes=700864 qdelay_l_ms=1.09098 qdelay_c_ms=211.561 ecn_mark=318 drop=0
[QUEUE_STATS] t_ms=4320 q_pkts=468 q_bytes=703872 qdelay_l_ms=0.884272 qdelay_c_ms=213.904 ecn_mark=318 drop=0
[QUEUE_STATS] t_ms=4336 q_pkts=469 q_bytes=705376 qdelay_l_ms=0.977667 qdelay_c_ms=212.255 ecn_mark=318 drop=0
[QUEUE_STATS] t_ms=4352 q_pkts=471 q_bytes=708384 qdelay_l_ms=1.07623 qdelay_c_ms=213.907 ecn_mark=318 drop=0
[QUEUE_STATS] t_ms=4368 q_pkts=474 q_bytes=712896 qdelay_l_ms=1.0572 qdelay_c_ms=215.062 ecn_mark=318 drop=0
[QUEUE_STATS] t_ms=4384 q_pkts=473 q_bytes=711392 qdelay_l_ms=1.07167 qdelay_c_ms=216.169 ecn_mark=318 drop=0
[QUEUE_STATS] t_ms=4400 q_pkts=477 q_bytes=717408 qdelay_l_ms=1.06193 qdelay_c_ms=217.064 ecn_mark=318 drop=0
[QUEUE_STATS] t_ms=4416 q_pkts=479 q_bytes=720416 qdelay_l_ms=0.891836 qdelay_c_ms=216.971 ecn_mark=319 drop=0
[QUEUE_STATS] t_ms=4432 q_pkts=479 q_bytes=720416 qdelay_l_ms=1.07071 qdelay_c_ms=219.401 ecn_mark=320 drop=0
[QUEUE_STATS] t_ms=4448 q_pkts=484 q_bytes=727936 qdelay_l_ms=1.05092 qdelay_c_ms=221.055 ecn_mark=321 drop=0
[QUEUE_STATS] t_ms=4464 q_pkts=483 q_bytes=726432 qdelay_l_ms=0.891966 qdelay_c_ms=221.833 ecn_mark=321 drop=0
[QUEUE_STATS] t_ms=4480 q_pkts=485 q_bytes=729440 qdelay_l_ms=0.874674 qdelay_c_ms=222.865 ecn_mark=321 drop=0
[QUEUE_STATS] t_ms=4496 q_pkts=489 q_bytes=735456 qdelay_l_ms=1.04963 qdelay_c_ms=224.032 ecn_mark=322 drop=0
[QUEUE_STATS] t_ms=4512 q_pkts=490 q_bytes=736960 qdelay_l_ms=1.06247 qdelay_c_ms=225.845 ecn_mark=325 drop=0
[QUEUE_STATS] t_ms=4528 q_pkts=491 q_bytes=738464 qdelay_l_ms=0.863482 qdelay_c_ms=226.411 ecn_mark=326 drop=0
[QUEUE_STATS] t_ms=4544 q_pkts=494 q_bytes=742976 qdelay_l_ms=1.05724 qdelay_c_ms=225.952 ecn_mark=326 drop=0
[QUEUE_STATS] t_ms=4560 q_pkts=494 q_bytes=742976 qdelay_l_ms=1.09671 qdelay_c_ms=229.26 ecn_mark=326 drop=0
[QUEUE_STATS] t_ms=4577 q_pkts=496 q_bytes=745984 qdelay_l_ms=1.09456 qdelay_c_ms=231.068 ecn_mark=326 drop=0
[QUEUE_STATS] t_ms=4592 q_pkts=497 q_bytes=747488 qdelay_l_ms=1.09298 qdelay_c_ms=231.023 ecn_mark=326 drop=0
[QUEUE_STATS] t_ms=4608 q_pkts=500 q_bytes=752000 qdelay_l_ms=0.85135 qdelay_c_ms=234.116 ecn_mark=329 drop=0
[QUEUE_STATS] t_ms=4624 q_pkts=503 q_bytes=756512 qdelay_l_ms=1.07925 qdelay_c_ms=233.802 ecn_mark=331 drop=0
[QUEUE_STATS] t_ms=4640 q_pkts=505 q_bytes=759520 qdelay_l_ms=1.02429 qdelay_c_ms=235.799 ecn_mark=333 drop=0
[QUEUE_STATS] t_ms=4656 q_pkts=505 q_bytes=759520 qdelay_l_ms=0.851089 qdelay_c_ms=239.055 ecn_mark=334 drop=0
[QUEUE_STATS] t_ms=4672 q_pkts=504 q_bytes=758016 qdelay_l_ms=0.030527 qdelay_c_ms=236.959 ecn_mark=336 drop=0
[QUEUE_STATS] t_ms=4688 q_pkts=510 q_bytes=767040 qdelay_l_ms=1.05729 qdelay_c_ms=241.329 ecn_mark=340 drop=0
[QUEUE_STATS] t_ms=4704 q_pkts=509 q_bytes=765536 qdelay_l_ms=0.996713 qdelay_c_ms=243.065 ecn_mark=342 drop=0
[QUEUE_STATS] t_ms=4720 q_pkts=511 q_bytes=768544 qdelay_l_ms=1.0322 qdelay_c_ms=241.794 ecn_mark=342 drop=0
[QUEUE_STATS] t_ms=4736 q_pkts=515 q_bytes=774560 qdelay_l_ms=0.586452 qdelay_c_ms=244.217 ecn_mark=343 drop=0
[QUEUE_STATS] t_ms=4752 q_pkts=515 q_bytes=774560 qdelay_l_ms=0 qdelay_c_ms=245.934 ecn_mark=346 drop=0
[QUEUE_STATS] t_ms=4768 q_pkts=515 q_bytes=774560 qdelay_l_ms=1.06997 qdelay_c_ms=244.955 ecn_mark=348 drop=0
[QUEUE_STATS] t_ms=4784 q_pkts=519 q_bytes=780576 qdelay_l_ms=1.09939 qdelay_c_ms=246.961 ecn_mark=348 drop=0
[QUEUE_STATS] t_ms=4800 q_pkts=517 q_bytes=777568 qdelay_l_ms=0.013024 qdelay_c_ms=246.801 ecn_mark=349 drop=0
[QUEUE_STATS] t_ms=4816 q_pkts=521 q_bytes=783584 qdelay_l_ms=1.08038 qdelay_c_ms=247.968 ecn_mark=352 drop=0
[QUEUE_STATS] t_ms=4832 q_pkts=523 q_bytes=786592 qdelay_l_ms=1.09296 qdelay_c_ms=251.99 ecn_mark=354 drop=0
[QUEUE_STATS] t_ms=4848 q_pkts=522 q_bytes=785088 qdelay_l_ms=1.06745 qdelay_c_ms=249.755 ecn_mark=354 drop=0
[QUEUE_STATS] t_ms=4864 q_pkts=523 q_bytes=786592 qdelay_l_ms=1.07517 qdelay_c_ms=251.211 ecn_mark=354 drop=0
[QUEUE_STATS] t_ms=4881 q_pkts=528 q_bytes=794112 qdelay_l_ms=1.0719 qdelay_c_ms=253.899 ecn_mark=355 drop=0
[QUEUE_STATS] t_ms=4896 q_pkts=530 q_bytes=797120 qdelay_l_ms=1.02252 qdelay_c_ms=253.12 ecn_mark=357 drop=0
[QUEUE_STATS] t_ms=4912 q_pkts=530 q_bytes=797120 qdelay_l_ms=1.07271 qdelay_c_ms=254.101 ecn_mark=361 drop=0
[QUEUE_STATS] t_ms=4928 q_pkts=533 q_bytes=801632 qdelay_l_ms=0 qdelay_c_ms=256.022 ecn_mark=362 drop=0
[QUEUE_STATS] t_ms=4944 q_pkts=533 q_bytes=801632 qdelay_l_ms=0.656103 qdelay_c_ms=255.87 ecn_mark=364 drop=0
[QUEUE_STATS] t_ms=4960 q_pkts=535 q_bytes=804640 qdelay_l_ms=1.02779 qdelay_c_ms=255.041 ecn_mark=366 drop=0
[QUEUE_STATS] t_ms=4976 q_pkts=538 q_bytes=809152 qdelay_l_ms=1.04823 qdelay_c_ms=257.064 ecn_mark=367 drop=0
[QUEUE_STATS] t_ms=4992 q_pkts=539 q_bytes=810656 qdelay_l_ms=1.08309 qdelay_c_ms=256.405 ecn_mark=368 drop=0
[QUEUE_STATS] t_ms=5008 q_pkts=543 q_bytes=816672 qdelay_l_ms=0.863292 qdelay_c_ms=260.02 ecn_mark=368 drop=0
[QUEUE_STATS] t_ms=5024 q_pkts=538 q_bytes=809152 qdelay_l_ms=0.022642 qdelay_c_ms=258.039 ecn_mark=369 drop=0
[QUEUE_STATS] t_ms=5040 q_pkts=542 q_bytes=815168 qdelay_l_ms=1.06221 qdelay_c_ms=259.1 ecn_mark=370 drop=0
[QUEUE_STATS] t_ms=5056 q_pkts=545 q_bytes=819680 qdelay_l_ms=0 qdelay_c_ms=262.092 ecn_mark=371 drop=0
[QUEUE_STATS] t_ms=5072 q_pkts=546 q_bytes=821184 qdelay_l_ms=1.03899 qdelay_c_ms=261.896 ecn_mark=373 drop=0
[QUEUE_STATS] t_ms=5088 q_pkts=547 q_bytes=822688 qdelay_l_ms=1.0751 qdelay_c_ms=262.211 ecn_mark=373 drop=0
[QUEUE_STATS] t_ms=5104 q_pkts=549 q_bytes=825696 qdelay_l_ms=1.01945 qdelay_c_ms=263.941 ecn_mark=374 drop=0
[QUEUE_STATS] t_ms=5120 q_pkts=551 q_bytes=828704 qdelay_l_ms=1.0004 qdelay_c_ms=265.023 ecn_mark=377 drop=0
[QUEUE_STATS] t_ms=5136 q_pkts=553 q_bytes=831712 qdelay_l_ms=1.04682 qdelay_c_ms=264.093 ecn_mark=379 drop=0
[QUEUE_STATS] t_ms=5152 q_pkts=553 q_bytes=831712 qdelay_l_ms=0.864354 qdelay_c_ms=265.914 ecn_mark=380 drop=0
[QUEUE_STATS] t_ms=5168 q_pkts=557 q_bytes=837728 qdelay_l_ms=1.0796 qdelay_c_ms=266.082 ecn_mark=384 drop=0
[QUEUE_STATS] t_ms=5184 q_pkts=557 q_bytes=837728 qdelay_l_ms=1.06019 qdelay_c_ms=267.164 ecn_mark=385 drop=0
[QUEUE_STATS] t_ms=5200 q_pkts=556 q_bytes=836224 qdelay_l_ms=0 qdelay_c_ms=265.784 ecn_mark=386 drop=0
[QUEUE_STATS] t_ms=5216 q_pkts=559 q_bytes=840736 qdelay_l_ms=1.0236 qdelay_c_ms=266.821 ecn_mark=386 drop=0
[QUEUE_STATS] t_ms=5232 q_pkts=564 q_bytes=848256 qdelay_l_ms=1.0697 qdelay_c_ms=267.991 ecn_mark=387 drop=0
[QUEUE_STATS] t_ms=5248 q_pkts=563 q_bytes=846752 qdelay_l_ms=1.02937 qdelay_c_ms=267.929 ecn_mark=391 drop=0
[QUEUE_STATS] t_ms=5264 q_pkts=564 q_bytes=848256 qdelay_l_ms=1.06768 qdelay_c_ms=269.236 ecn_mark=392 drop=0
[QUEUE_STATS] t_ms=5281 q_pkts=567 q_bytes=852768 qdelay_l_ms=1.0728 qdelay_c_ms=268.859 ecn_mark=395 drop=0
[QUEUE_STATS] t_ms=5296 q_pkts=566 q_bytes=851264 qdelay_l_ms=1.05928 qdelay_c_ms=269.838 ecn_mark=396 drop=0
[QUEUE_STATS] t_ms=5312 q_pkts=569 q_bytes=855776 qdelay_l_ms=0.735963 qdelay_c_ms=269.932 ecn_mark=399 drop=0
[QUEUE_STATS] t_ms=5328 q_pkts=571 q_bytes=858784 qdelay_l_ms=0.879232 qdelay_c_ms=271.918 ecn_mark=401 drop=0
[QUEUE_STATS] t_ms=5344 q_pkts=570 q_bytes=857280 qdelay_l_ms=1.08017 qdelay_c_ms=271.001 ecn_mark=402 drop=0
[QUEUE_STATS] t_ms=5360 q_pkts=574 q_bytes=863296 qdelay_l_ms=1.07413 qdelay_c_ms=270.841 ecn_mark=403 drop=0
[QUEUE_STATS] t_ms=5376 q_pkts=575 q_bytes=864800 qdelay_l_ms=0.903689 qdelay_c_ms=272.015 ecn_mark=405 drop=0
[QUEUE_STATS] t_ms=5392 q_pkts=576 q_bytes=866304 qdelay_l_ms=1.06298 qdelay_c_ms=272.237 ecn_mark=405 drop=0
[QUEUE_STATS] t_ms=5408 q_pkts=579 q_bytes=870816 qdelay_l_ms=1.06929 qdelay_c_ms=272.031 ecn_mark=407 drop=0
[QUEUE_STATS] t_ms=5424 q_pkts=578 q_bytes=869312 qdelay_l_ms=1.06115 qdelay_c_ms=274.341 ecn_mark=407 drop=0
[QUEUE_STATS] t_ms=5440 q_pkts=582 q_bytes=875328 qdelay_l_ms=1.06635 qdelay_c_ms=272.968 ecn_mark=410 drop=0
[QUEUE_STATS] t_ms=5456 q_pkts=582 q_bytes=875328 qdelay_l_ms=0.684627 qdelay_c_ms=272.968 ecn_mark=412 drop=0
[QUEUE_STATS] t_ms=5472 q_pkts=584 q_bytes=878336 qdelay_l_ms=0.674418 qdelay_c_ms=275.176 ecn_mark=412 drop=0
[QUEUE_STATS] t_ms=5488 q_pkts=581 q_bytes=873824 qdelay_l_ms=0 qdelay_c_ms=273.976 ecn_mark=415 drop=0
[QUEUE_STATS] t_ms=5504 q_pkts=571 q_bytes=858784 qdelay_l_ms=1.07241 qdelay_c_ms=274.251 ecn_mark=417 drop=0
[QUEUE_STATS] t_ms=5520 q_pkts=560 q_bytes=842240 qdelay_l_ms=1.0616 qdelay_c_ms=274.943 ecn_mark=419 drop=0
[QUEUE_STATS] t_ms=5536 q_pkts=550 q_bytes=827200 qdelay_l_ms=1.05861 qdelay_c_ms=274.14 ecn_mark=420 drop=0
[QUEUE_STATS] t_ms=5552 q_pkts=542 q_bytes=815168 qdelay_l_ms=0.89366 qdelay_c_ms=275.998 ecn_mark=423 drop=0
[QUEUE_STATS] t_ms=5568 q_pkts=530 q_bytes=797120 qdelay_l_ms=1.07383 qdelay_c_ms=277.243 ecn_mark=425 drop=0
[QUEUE_STATS] t_ms=5584 q_pkts=519 q_bytes=780576 qdelay_l_ms=1.06954 qdelay_c_ms=274.912 ecn_mark=427 drop=0
[QUEUE_STATS] t_ms=5600 q_pkts=511 q_bytes=768544 qdelay_l_ms=1.05288 qdelay_c_ms=277.159 ecn_mark=432 drop=0
[QUEUE_STATS] t_ms=5616 q_pkts=501 q_bytes=753504 qdelay_l_ms=0.899 qdelay_c_ms=277.903 ecn_mark=433 drop=0
[QUEUE_STATS] t_ms=5632 q_pkts=488 q_bytes=733952 qdelay_l_ms=0.690608 qdelay_c_ms=276.03 ecn_mark=434 drop=0
[QUEUE_STATS] t_ms=5648 q_pkts=481 q_bytes=723424 qdelay_l_ms=1.07324 qdelay_c_ms=277.4 ecn_mark=437 drop=0
[QUEUE_STATS] t_ms=5664 q_pkts=471 q_bytes=708384 qdelay_l_ms=0.911753 qdelay_c_ms=278.815 ecn_mark=438 drop=0
[QUEUE_STATS] t_ms=5680 q_pkts=458 q_bytes=688832 qdelay_l_ms=0.916623 qdelay_c_ms=276.993 ecn_mark=442 drop=0
[QUEUE_STATS] t_ms=5696 q_pkts=450 q_bytes=676800 qdelay_l_ms=1.06215 qdelay_c_ms=279.262 ecn_mark=443 drop=0
[QUEUE_STATS] t_ms=5712 q_pkts=440 q_bytes=661760 qdelay_l_ms=1.06663 qdelay_c_ms=279.119 ecn_mark=445 drop=0
[QUEUE_STATS] t_ms=5728 q_pkts=426 q_bytes=640704 qdelay_l_ms=0.919148 qdelay_c_ms=278.001 ecn_mark=446 drop=0
[QUEUE_STATS] t_ms=5744 q_pkts=416 q_bytes=625664 qdelay_l_ms=0.728439 qdelay_c_ms=278.237 ecn_mark=446 drop=0
[QUEUE_STATS] t_ms=5760 q_pkts=409 q_bytes=615136 qdelay_l_ms=0.911974 qdelay_c_ms=278.939 ecn_mark=451 drop=0
[QUEUE_STATS] t_ms=5776 q_pkts=396 q_bytes=595584 qdelay_l_ms=0.935428 qdelay_c_ms=270.913 ecn_mark=458 drop=0
[QUEUE_STATS] t_ms=5792 q_pkts=387 q_bytes=582048 qdelay_l_ms=1.07612 qdelay_c_ms=262.724 ecn_mark=463 drop=0
[QUEUE_STATS] t_ms=5808 q_pkts=380 q_bytes=571520 qdelay_l_ms=0.922193 qdelay_c_ms=256.142 ecn_mark=464 drop=0
[QUEUE_STATS] t_ms=5824 q_pkts=378 q_bytes=568512 qdelay_l_ms=1.07377 qdelay_c_ms=247.731 ecn_mark=467 drop=0
[QUEUE_STATS] t_ms=5840 q_pkts=377 q_bytes=567008 qdelay_l_ms=1.05893 qdelay_c_ms=237.551 ecn_mark=468 drop=0
[QUEUE_STATS] t_ms=5856 q_pkts=380 q_bytes=571520 qdelay_l_ms=1.07133 qdelay_c_ms=232.085 ecn_mark=472 drop=0
[QUEUE_STATS] t_ms=5872 q_pkts=380 q_bytes=571520 qdelay_l_ms=0.983308 qdelay_c_ms=222.342 ecn_mark=473 drop=0
[QUEUE_STATS] t_ms=5888 q_pkts=378 q_bytes=568512 qdelay_l_ms=1.06624 qdelay_c_ms=214.004 ecn_mark=474 drop=0
[QUEUE_STATS] t_ms=5904 q_pkts=378 q_bytes=568512 qdelay_l_ms=1.07162 qdelay_c_ms=206.434 ecn_mark=474 drop=0
[QUEUE_STATS] t_ms=5920 q_pkts=381 q_bytes=573024 qdelay_l_ms=0.983328 qdelay_c_ms=198.832 ecn_mark=475 drop=0
[QUEUE_STATS] t_ms=5936 q_pkts=379 q_bytes=570016 qdelay_l_ms=0.959523 qdelay_c_ms=186.726 ecn_mark=476 drop=0
[QUEUE_STATS] t_ms=5952 q_pkts=380 q_bytes=571520 qdelay_l_ms=1.06809 qdelay_c_ms=182.937 ecn_mark=477 drop=0
[QUEUE_STATS] t_ms=5968 q_pkts=382 q_bytes=574528 qdelay_l_ms=1.06212 qdelay_c_ms=172.802 ecn_mark=480 drop=0
[QUEUE_STATS] t_ms=5984 q_pkts=382 q_bytes=574528 qdelay_l_ms=0.873652 qdelay_c_ms=169.918 ecn_mark=483 drop=0
[QUEUE_STATS] t_ms=6000 q_pkts=381 q_bytes=573024 qdelay_l_ms=1.00502 qdelay_c_ms=170.021 ecn_mark=487 drop=0
[QUEUE_STATS] t_ms=6016 q_pkts=385 q_bytes=579040 qdelay_l_ms=0 qdelay_c_ms=168.787 ecn_mark=487 drop=0
[QUEUE_STATS] t_ms=6032 q_pkts=382 q_bytes=574528 qdelay_l_ms=1.00269 qdelay_c_ms=166.859 ecn_mark=487 drop=0
[QUEUE_STATS] t_ms=6048 q_pkts=382 q_bytes=574528 qdelay_l_ms=0.889372 qdelay_c_ms=168.162 ecn_mark=488 drop=0
[QUEUE_STATS] t_ms=6064 q_pkts=385 q_bytes=579040 qdelay_l_ms=0.983017 qdelay_c_ms=164.93 ecn_mark=489 drop=0
[QUEUE_STATS] t_ms=6080 q_pkts=386 q_bytes=580544 qdelay_l_ms=0.925609 qdelay_c_ms=165.028 ecn_mark=491 drop=0
[QUEUE_STATS] t_ms=6096 q_pkts=385 q_bytes=579040 qdelay_l_ms=0.956748 qdelay_c_ms=166.976 ecn_mark=493 drop=0
[QUEUE_STATS] t_ms=6112 q_pkts=384 q_bytes=577536 qdelay_l_ms=1.02862 qdelay_c_ms=164.568 ecn_mark=494 drop=0
[QUEUE_STATS] t_ms=6128 q_pkts=382 q_bytes=574528 qdelay_l_ms=1.03951 qdelay_c_ms=163.912 ecn_mark=494 drop=0
[QUEUE_STATS] t_ms=6144 q_pkts=385 q_bytes=579040 qdelay_l_ms=1.06415 qdelay_c_ms=166.113 ecn_mark=495 drop=0
[QUEUE_STATS] t_ms=6160 q_pkts=387 q_bytes=582048 qdelay_l_ms=1.06417 qdelay_c_ms=163.997 ecn_mark=495 drop=0
[QUEUE_STATS] t_ms=6176 q_pkts=390 q_bytes=586560 qdelay_l_ms=1.07923 qdelay_c_ms=164.182 ecn_mark=497 drop=0
[QUEUE_STATS] t_ms=6192 q_pkts=389 q_bytes=585056 qdelay_l_ms=1.09118 qdelay_c_ms=164.32 ecn_mark=497 drop=0
[QUEUE_STATS] t_ms=6208 q_pkts=388 q_bytes=583552 qdelay_l_ms=1.03846 qdelay_c_ms=162.869 ecn_mark=499 drop=0
[QUEUE_STATS] t_ms=6224 q_pkts=393 q_bytes=591072 qdelay_l_ms=1.06641 qdelay_c_ms=165.02 ecn_mark=501 drop=0
[QUEUE_STATS] t_ms=6240 q_pkts=393 q_bytes=591072 qdelay_l_ms=1.03533 qdelay_c_ms=164.171 ecn_mark=503 drop=0
[QUEUE_STATS] t_ms=6256 q_pkts=383 q_bytes=576032 qdelay_l_ms=1.06333 qdelay_c_ms=162.95 ecn_mark=504 drop=0
[QUEUE_STATS] t_ms=6272 q_pkts=374 q_bytes=562496 qdelay_l_ms=1.06284 qdelay_c_ms=164.071 ecn_mark=505 drop=0
[QUEUE_STATS] t_ms=6288 q_pkts=361 q_bytes=542944 qdelay_l_ms=1.06107 qdelay_c_ms=161.462 ecn_mark=509 drop=0
[QUEUE_STATS] t_ms=6304 q_pkts=350 q_bytes=526400 qdelay_l_ms=1.04987 qdelay_c_ms=161.849 ecn_mark=511 drop=0
[QUEUE_STATS] t_ms=6320 q_pkts=339 q_bytes=509856 qdelay_l_ms=0.831042 qdelay_c_ms=163.851 ecn_mark=513 drop=0
[QUEUE_STATS] t_ms=6336 q_pkts=326 q_bytes=490304 qdelay_l_ms=1.05733 qdelay_c_ms=163.917 ecn_mark=515 drop=0
[QUEUE_STATS] t_ms=6352 q_pkts=314 q_bytes=472256 qdelay_l_ms=1.07125 qdelay_c_ms=163.5 ecn_mark=516 drop=0
[QUEUE_STATS] t_ms=6368 q_pkts=304 q_bytes=457216 qdelay_l_ms=1.05896 qdelay_c_ms=162.953 ecn_mark=517 drop=0
[QUEUE_STATS] t_ms=6384 q_pkts=291 q_bytes=437664 qdelay_l_ms=1.06849 qdelay_c_ms=162.45 ecn_mark=519 drop=0
[QUEUE_STATS] t_ms=6401 q_pkts=277 q_bytes=416608 qdelay_l_ms=1.07139 qdelay_c_ms=162.689 ecn_mark=523 drop=0
[QUEUE_STATS] t_ms=6416 q_pkts=270 q_bytes=406080 qdelay_l_ms=1.06223 qdelay_c_ms=159.932 ecn_mark=523 drop=0
[QUEUE_STATS] t_ms=6432 q_pkts=256 q_bytes=385024 qdelay_l_ms=1.06539 qdelay_c_ms=153.297 ecn_mark=525 drop=0
[QUEUE_STATS] t_ms=6448 q_pkts=238 q_bytes=357952 qdelay_l_ms=0.020689 qdelay_c_ms=141.711 ecn_mark=527 drop=0
[QUEUE_STATS] t_ms=6464 q_pkts=244 q_bytes=366976 qdelay_l_ms=1.03721 qdelay_c_ms=137.848 ecn_mark=529 drop=0
[QUEUE_STATS] t_ms=6480 q_pkts=242 q_bytes=363968 qdelay_l_ms=1.05646 qdelay_c_ms=128.549 ecn_mark=530 drop=0
[QUEUE_STATS] t_ms=6496 q_pkts=229 q_bytes=344416 qdelay_l_ms=1.05929 qdelay_c_ms=123.124 ecn_mark=531 drop=0
[QUEUE_STATS] t_ms=6512 q_pkts=221 q_bytes=332384 qdelay_l_ms=1.06109 qdelay_c_ms=114.79 ecn_mark=536 drop=0
[QUEUE_STATS] t_ms=6528 q_pkts=207 q_bytes=311328 qdelay_l_ms=1.06896 qdelay_c_ms=106.888 ecn_mark=536 drop=0
[QUEUE_STATS] t_ms=6544 q_pkts=195 q_bytes=293280 qdelay_l_ms=1.06317 qdelay_c_ms=98.9223 ecn_mark=536 drop=0
[QUEUE_STATS] t_ms=6560 q_pkts=183 q_bytes=275232 qdelay_l_ms=1.07023 qdelay_c_ms=98.023 ecn_mark=538 drop=0
[QUEUE_STATS] t_ms=6576 q_pkts=170 q_bytes=255680 qdelay_l_ms=1.06743 qdelay_c_ms=98.1724 ecn_mark=539 drop=0
[QUEUE_STATS] t_ms=6592 q_pkts=159 q_bytes=239136 qdelay_l_ms=1.07445 qdelay_c_ms=90.0219 ecn_mark=540 drop=0
[QUEUE_STATS] t_ms=6609 q_pkts=146 q_bytes=219584 qdelay_l_ms=1.06005 qdelay_c_ms=85.066 ecn_mark=543 drop=0
[QUEUE_STATS] t_ms=6624 q_pkts=135 q_bytes=203040 qdelay_l_ms=0 qdelay_c_ms=76.5852 ecn_mark=544 drop=0
[QUEUE_STATS] t_ms=6640 q_pkts=136 q_bytes=204544 qdelay_l_ms=1.0405 qdelay_c_ms=68.1517 ecn_mark=548 drop=0
[QUEUE_STATS] t_ms=6657 q_pkts=137 q_bytes=206048 qdelay_l_ms=1.07813 qdelay_c_ms=61.4268 ecn_mark=548 drop=0
[QUEUE_STATS] t_ms=6672 q_pkts=136 q_bytes=204544 qdelay_l_ms=1.05835 qdelay_c_ms=53.8485 ecn_mark=550 drop=0
[QUEUE_STATS] t_ms=6688 q_pkts=136 q_bytes=204544 qdelay_l_ms=1.05821 qdelay_c_ms=52.9315 ecn_mark=552 drop=0
[QUEUE_STATS] t_ms=6704 q_pkts=137 q_bytes=206048 qdelay_l_ms=1.04783 qdelay_c_ms=52.7254 ecn_mark=554 drop=0
[QUEUE_STATS] t_ms=6720 q_pkts=136 q_bytes=204544 qdelay_l_ms=1.04679 qdelay_c_ms=53.945 ecn_mark=556 drop=0
[QUEUE_STATS] t_ms=6737 q_pkts=136 q_bytes=204544 qdelay_l_ms=1.08838 qdelay_c_ms=51.8899 ecn_mark=556 drop=0
[QUEUE_STATS] t_ms=6752 q_pkts=138 q_bytes=207552 qdelay_l_ms=1.06566 qdelay_c_ms=53.2313 ecn_mark=556 drop=0
[QUEUE_STATS] t_ms=6768 q_pkts=137 q_bytes=206048 qdelay_l_ms=1.07065 qdelay_c_ms=52.9033 ecn_mark=558 drop=0
[QUEUE_STATS] t_ms=6784 q_pkts=136 q_bytes=204544 qdelay_l_ms=0.89903 qdelay_c_ms=52.8926 ecn_mark=561 drop=0
[QUEUE_STATS] t_ms=6800 q_pkts=139 q_bytes=209056 qdelay_l_ms=1.05231 qdelay_c_ms=53.0258 ecn_mark=564 drop=0
[QUEUE_STATS] t_ms=6816 q_pkts=138 q_bytes=207552 qdelay_l_ms=0.882789 qdelay_c_ms=51.9116 ecn_mark=564 drop=0
[QUEUE_STATS] t_ms=6832 q_pkts=139 q_bytes=209056 qdelay_l_ms=1.06065 qdelay_c_ms=54.1703 ecn_mark=564 drop=0
[QUEUE_STATS] t_ms=6848 q_pkts=139 q_bytes=209056 qdelay_l_ms=0.689616 qdelay_c_ms=53.9414 ecn_mark=565 drop=0
[QUEUE_STATS] t_ms=6864 q_pkts=141 q_bytes=212064 qdelay_l_ms=1.0804 qdelay_c_ms=52.9019 ecn_mark=567 drop=0
[QUEUE_STATS] t_ms=6880 q_pkts=142 q_bytes=213568 qdelay_l_ms=1.06316 qdelay_c_ms=54.3939 ecn_mark=568 drop=0
[QUEUE_STATS] t_ms=6896 q_pkts=139 q_bytes=209056 qdelay_l_ms=1.05096 qdelay_c_ms=53.4203 ecn_mark=571 drop=0
[QUEUE_STATS] t_ms=6912 q_pkts=141 q_bytes=212064 qdelay_l_ms=0.977057 qdelay_c_ms=54.184 ecn_mark=574 drop=0
[QUEUE_STATS] t_ms=6928 q_pkts=141 q_bytes=212064 qdelay_l_ms=0.939707 qdelay_c_ms=55.3113 ecn_mark=576 drop=0
[QUEUE_STATS] t_ms=6944 q_pkts=130 q_bytes=195520 qdelay_l_ms=1.07943 qdelay_c_ms=53.6403 ecn_mark=580 drop=0
[QUEUE_STATS] t_ms=6960 q_pkts=115 q_bytes=172960 qdelay_l_ms=1.07423 qdelay_c_ms=54.1298 ecn_mark=582 drop=0
[QUEUE_STATS] t_ms=6976 q_pkts=103 q_bytes=154912 qdelay_l_ms=1.05547 qdelay_c_ms=53.0324 ecn_mark=583 drop=0
[QUEUE_STATS] t_ms=6992 q_pkts=91 q_bytes=136864 qdelay_l_ms=0.907465 qdelay_c_ms=49.0411 ecn_mark=584 drop=0
[QUEUE_STATS] t_ms=7008 q_pkts=79 q_bytes=118816 qdelay_l_ms=0.502294 qdelay_c_ms=42.902 ecn_mark=586 drop=0
[QUEUE_STATS] t_ms=7025 q_pkts=66 q_bytes=99264 qdelay_l_ms=1.08011 qdelay_c_ms=35.9558 ecn_mark=586 drop=0
[QUEUE_STATS] t_ms=7040 q_pkts=64 q_bytes=96256 qdelay_l_ms=1.0643 qdelay_c_ms=26.8305 ecn_mark=586 drop=0
[QUEUE_STATS] t_ms=7057 q_pkts=64 q_bytes=96256 qdelay_l_ms=1.06615 qdelay_c_ms=23.9206 ecn_mark=590 drop=0
[QUEUE_STATS] t_ms=7072 q_pkts=65 q_bytes=97760 qdelay_l_ms=1.07958 qdelay_c_ms=23.8501 ecn_mark=591 drop=0
[QUEUE_STATS] t_ms=7088 q_pkts=66 q_bytes=99264 qdelay_l_ms=1.08023 qdelay_c_ms=24.0159 ecn_mark=591 drop=0
[QUEUE_STATS] t_ms=7105 q_pkts=65 q_bytes=97760 qdelay_l_ms=1.0806 qdelay_c_ms=24.8589 ecn_mark=592 drop=0
[QUEUE_STATS] t_ms=7120 q_pkts=65 q_bytes=97760 qdelay_l_ms=1.07107 qdelay_c_ms=25.267 ecn_mark=592 drop=0
[QUEUE_STATS] t_ms=7136 q_pkts=66 q_bytes=99264 qdelay_l_ms=0.037961 qdelay_c_ms=22.6977 ecn_mark=592 drop=0
[QUEUE_STATS] t_ms=7152 q_pkts=65 q_bytes=97760 qdelay_l_ms=1.07763 qdelay_c_ms=23.9266 ecn_mark=593 drop=0
[QUEUE_STATS] t_ms=7168 q_pkts=66 q_bytes=99264 qdelay_l_ms=1.06834 qdelay_c_ms=23.9682 ecn_mark=593 drop=0
[QUEUE_STATS] t_ms=7184 q_pkts=67 q_bytes=100768 qdelay_l_ms=0.991784 qdelay_c_ms=25.0521 ecn_mark=598 drop=0
[QUEUE_STATS] t_ms=7200 q_pkts=63 q_bytes=94752 qdelay_l_ms=1.07042 qdelay_c_ms=24.1359 ecn_mark=599 drop=0
[QUEUE_STATS] t_ms=7216 q_pkts=67 q_bytes=100768 qdelay_l_ms=0.307789 qdelay_c_ms=24.9221 ecn_mark=600 drop=0
[QUEUE_STATS] t_ms=7232 q_pkts=70 q_bytes=105280 qdelay_l_ms=0.982507 qdelay_c_ms=25.1689 ecn_mark=600 drop=0
[QUEUE_STATS] t_ms=7248 q_pkts=66 q_bytes=99264 qdelay_l_ms=0.79252 qdelay_c_ms=22.9604 ecn_mark=600 drop=0
[QUEUE_STATS] t_ms=7264 q_pkts=66 q_bytes=99264 qdelay_l_ms=0.771199 qdelay_c_ms=24.9924 ecn_mark=602 drop=0
[QUEUE_STATS] t_ms=7280 q_pkts=68 q_bytes=102272 qdelay_l_ms=1.0782 qdelay_c_ms=24.806 ecn_mark=604 drop=0
[QUEUE_STATS] t_ms=7296 q_pkts=65 q_bytes=97760 qdelay_l_ms=1.03878 qdelay_c_ms=22.6559 ecn_mark=605 drop=0
[QUEUE_STATS] t_ms=7312 q_pkts=67 q_bytes=100768 qdelay_l_ms=1.06733 qdelay_c_ms=25.2765 ecn_mark=607 drop=0
[QUEUE_STATS] t_ms=7328 q_pkts=68 q_bytes=102272 qdelay_l_ms=1.06345 qdelay_c_ms=25.1951 ecn_mark=610 drop=0
[QUEUE_STATS] t_ms=7344 q_pkts=69 q_bytes=103776 qdelay_l_ms=1.04724 qdelay_c_ms=24.7209 ecn_mark=611 drop=0
[QUEUE_STATS] t_ms=7360 q_pkts=66 q_bytes=99264 qdelay_l_ms=1.07574 qdelay_c_ms=25.4838 ecn_mark=612 drop=0
[QUEUE_STATS] t_ms=7376 q_pkts=70 q_bytes=105280 qdelay_l_ms=1.06995 qdelay_c_ms=25.12 ecn_mark=613 drop=0
[QUEUE_STATS] t_ms=7392 q_pkts=68 q_bytes=102272 qdelay_l_ms=1.05907 qdelay_c_ms=23.8982 ecn_mark=615 drop=0
[QUEUE_STATS] t_ms=7408 q_pkts=68 q_bytes=102272 qdelay_l_ms=1.07764 qdelay_c_ms=23.9455 ecn_mark=616 drop=0
[QUEUE_STATS] t_ms=7424 q_pkts=69 q_bytes=103776 qdelay_l_ms=0.360016 qdelay_c_ms=24.912 ecn_mark=617 drop=0
[QUEUE_STATS] t_ms=7440 q_pkts=67 q_bytes=100768 qdelay_l_ms=0.860918 qdelay_c_ms=23.6874 ecn_mark=618 drop=0
[QUEUE_STATS] t_ms=7456 q_pkts=66 q_bytes=99264 qdelay_l_ms=0.023705 qdelay_c_ms=22.7798 ecn_mark=619 drop=0
[QUEUE_STATS] t_ms=7472 q_pkts=67 q_bytes=100768 qdelay_l_ms=1.06836 qdelay_c_ms=25.162 ecn_mark=619 drop=0
[QUEUE_STATS] t_ms=7488 q_pkts=69 q_bytes=103776 qdelay_l_ms=1.08003 qdelay_c_ms=23.7609 ecn_mark=620 drop=0
[QUEUE_STATS] t_ms=7504 q_pkts=68 q_bytes=102272 qdelay_l_ms=1.06927 qdelay_c_ms=23.857 ecn_mark=621 drop=0
[QUEUE_STATS] t_ms=7520 q_pkts=69 q_bytes=103776 qdelay_l_ms=0.609105 qdelay_c_ms=25.1402 ecn_mark=621 drop=0
[QUEUE_STATS] t_ms=7536 q_pkts=69 q_bytes=103776 qdelay_l_ms=0.392498 qdelay_c_ms=24.8845 ecn_mark=623 drop=0
[QUEUE_STATS] t_ms=7552 q_pkts=69 q_bytes=103776 qdelay_l_ms=1.07555 qdelay_c_ms=24.103 ecn_mark=624 drop=0
[QUEUE_STATS] t_ms=7568 q_pkts=69 q_bytes=103776 qdelay_l_ms=1.07691 qdelay_c_ms=25.2194 ecn_mark=626 drop=0
[QUEUE_STATS] t_ms=7584 q_pkts=69 q_bytes=103776 qdelay_l_ms=1.06215 qdelay_c_ms=25.3064 ecn_mark=626 drop=0
[QUEUE_STATS] t_ms=7600 q_pkts=69 q_bytes=103776 qdelay_l_ms=0.937973 qdelay_c_ms=24.7085 ecn_mark=627 drop=0
[QUEUE_STATS] t_ms=7616 q_pkts=72 q_bytes=108288 qdelay_l_ms=1.05761 qdelay_c_ms=25.2528 ecn_mark=628 drop=0
[QUEUE_STATS] t_ms=7632 q_pkts=70 q_bytes=105280 qdelay_l_ms=1.05221 qdelay_c_ms=25.2928 ecn_mark=630 drop=0
[QUEUE_STATS] t_ms=7648 q_pkts=69 q_bytes=103776 qdelay_l_ms=0.905913 qdelay_c_ms=23.9884 ecn_mark=631 drop=0
[QUEUE_STATS] t_ms=7664 q_pkts=72 q_bytes=108288 qdelay_l_ms=1.05708 qdelay_c_ms=25.57 ecn_mark=631 drop=0
[QUEUE_STATS] t_ms=7680 q_pkts=71 q_bytes=106784 qdelay_l_ms=0.967639 qdelay_c_ms=25.0833 ecn_mark=631 drop=0
[QUEUE_STATS] t_ms=7696 q_pkts=68 q_bytes=102272 qdelay_l_ms=0.961157 qdelay_c_ms=23.8886 ecn_mark=632 drop=0
[QUEUE_STATS] t_ms=7712 q_pkts=71 q_bytes=106784 qdelay_l_ms=0.371257 qdelay_c_ms=25.0857 ecn_mark=635 drop=0
[QUEUE_STATS] t_ms=7728 q_pkts=70 q_bytes=105280 qdelay_l_ms=1.05821 qdelay_c_ms=24.0232 ecn_mark=637 drop=0
[QUEUE_STATS] t_ms=7745 q_pkts=70 q_bytes=105280 qdelay_l_ms=1.06273 qdelay_c_ms=23.7347 ecn_mark=637 drop=0
[QUEUE_STATS] t_ms=7760 q_pkts=73 q_bytes=109792 qdelay_l_ms=0.956768 qdelay_c_ms=24.952 ecn_mark=637 drop=0
[QUEUE_STATS] t_ms=7776 q_pkts=71 q_bytes=106784 qdelay_l_ms=1.06129 qdelay_c_ms=23.9577 ecn_mark=638 drop=0
[QUEUE_STATS] t_ms=7792 q_pkts=71 q_bytes=106784 qdelay_l_ms=1.05726 qdelay_c_ms=25.9865 ecn_mark=638 drop=0
[QUEUE_STATS] t_ms=7808 q_pkts=72 q_bytes=108288 qdelay_l_ms=1.03208 qdelay_c_ms=25.748 ecn_mark=638 drop=0
[QUEUE_STATS] t_ms=7824 q_pkts=71 q_bytes=106784 qdelay_l_ms=0.962248 qdelay_c_ms=25.1127 ecn_mark=639 drop=0
[QUEUE_STATS] t_ms=7840 q_pkts=72 q_bytes=108288 qdelay_l_ms=1.05931 qdelay_c_ms=25.2395 ecn_mark=639 drop=0
[QUEUE_STATS] t_ms=7856 q_pkts=75 q_bytes=112800 qdelay_l_ms=0.990061 qdelay_c_ms=26.9087 ecn_mark=641 drop=0
[QUEUE_STATS] t_ms=7872 q_pkts=73 q_bytes=109792 qdelay_l_ms=0.953141 qdelay_c_ms=23.7142 ecn_mark=644 drop=0
[QUEUE_STATS] t_ms=7888 q_pkts=72 q_bytes=108288 qdelay_l_ms=1.06022 qdelay_c_ms=26.3616 ecn_mark=648 drop=0
[QUEUE_STATS] t_ms=7904 q_pkts=77 q_bytes=115808 qdelay_l_ms=1.06176 qdelay_c_ms=26.0837 ecn_mark=650 drop=0
[QUEUE_STATS] t_ms=7920 q_pkts=74 q_bytes=111296 qdelay_l_ms=0.991303 qdelay_c_ms=24.9915 ecn_mark=650 drop=0
[QUEUE_STATS] t_ms=7936 q_pkts=73 q_bytes=109792 qdelay_l_ms=1.06746 qdelay_c_ms=25.9336 ecn_mark=653 drop=0
[QUEUE_STATS] t_ms=7952 q_pkts=61 q_bytes=91744 qdelay_l_ms=1.0395 qdelay_c_ms=25.7969 ecn_mark=654 drop=0
[QUEUE_STATS] t_ms=7968 q_pkts=48 q_bytes=72192 qdelay_l_ms=0.986033 qdelay_c_ms=23.9964 ecn_mark=655 drop=0
[QUEUE_STATS] t_ms=7984 q_pkts=34 q_bytes=51136 qdelay_l_ms=0.365156 qdelay_c_ms=16.8676 ecn_mark=655 drop=0
[QUEUE_STATS] t_ms=8000 q_pkts=23 q_bytes=34592 qdelay_l_ms=1.06785 qdelay_c_ms=10.0129 ecn_mark=658 drop=0
[QUEUE_STATS] t_ms=8016 q_pkts=16 q_bytes=24064 qdelay_l_ms=1.06097 qdelay_c_ms=5.08814 ecn_mark=661 drop=0
[QUEUE_STATS] t_ms=8033 q_pkts=17 q_bytes=25568 qdelay_l_ms=1.07912 qdelay_c_ms=6.01152 ecn_mark=661 drop=0
[QUEUE_STATS] t_ms=8048 q_pkts=17 q_bytes=25568 qdelay_l_ms=1.07163 qdelay_c_ms=4.78438 ecn_mark=665 drop=0
[QUEUE_STATS] t_ms=8064 q_pkts=17 q_bytes=25568 qdelay_l_ms=1.07013 qdelay_c_ms=5.77937 ecn_mark=666 drop=0
[QUEUE_STATS] t_ms=8080 q_pkts=17 q_bytes=25568 qdelay_l_ms=1.07258 qdelay_c_ms=5.44729 ecn_mark=668 drop=0
[QUEUE_STATS] t_ms=8096 q_pkts=18 q_bytes=27072 qdelay_l_ms=1.06662 qdelay_c_ms=6.15542 ecn_mark=670 drop=0
[QUEUE_STATS] t_ms=8112 q_pkts=16 q_bytes=24064 qdelay_l_ms=1.06267 qdelay_c_ms=6.06916 ecn_mark=670 drop=0
[QUEUE_STATS] t_ms=8128 q_pkts=18 q_bytes=27072 qdelay_l_ms=1.05569 qdelay_c_ms=7.29468 ecn_mark=670 drop=0
[QUEUE_STATS] t_ms=8144 q_pkts=16 q_bytes=24064 qdelay_l_ms=0 qdelay_c_ms=6.05743 ecn_mark=670 drop=0
[QUEUE_STATS] t_ms=8160 q_pkts=17 q_bytes=25568 qdelay_l_ms=1.08146 qdelay_c_ms=6.11514 ecn_mark=670 drop=0
[QUEUE_STATS] t_ms=8176 q_pkts=18 q_bytes=27072 qdelay_l_ms=1.07584 qdelay_c_ms=5.79105 ecn_mark=674 drop=0
[QUEUE_STATS] t_ms=8192 q_pkts=20 q_bytes=30080 qdelay_l_ms=1.07126 qdelay_c_ms=6.95699 ecn_mark=675 drop=0
[QUEUE_STATS] t_ms=8208 q_pkts=19 q_bytes=28576 qdelay_l_ms=1.06911 qdelay_c_ms=6.08326 ecn_mark=675 drop=0
[QUEUE_STATS] t_ms=8224 q_pkts=21 q_bytes=31584 qdelay_l_ms=1.08251 qdelay_c_ms=5.46069 ecn_mark=676 drop=0
[QUEUE_STATS] t_ms=8241 q_pkts=20 q_bytes=30080 qdelay_l_ms=1.06539 qdelay_c_ms=6.45535 ecn_mark=678 drop=0
[QUEUE_STATS] t_ms=8256 q_pkts=20 q_bytes=30080 qdelay_l_ms=1.07055 qdelay_c_ms=6.15948 ecn_mark=681 drop=0
[QUEUE_STATS] t_ms=8272 q_pkts=21 q_bytes=31584 qdelay_l_ms=0.737526 qdelay_c_ms=5.84025 ecn_mark=681 drop=0
[QUEUE_STATS] t_ms=8288 q_pkts=19 q_bytes=28576 qdelay_l_ms=1.06016 qdelay_c_ms=6.92129 ecn_mark=681 drop=0
[QUEUE_STATS] t_ms=8304 q_pkts=21 q_bytes=31584 qdelay_l_ms=1.07901 qdelay_c_ms=6.87181 ecn_mark=682 drop=0
[QUEUE_STATS] t_ms=8320 q_pkts=21 q_bytes=31584 qdelay_l_ms=1.0588 qdelay_c_ms=7.67139 ecn_mark=682 drop=0
[QUEUE_STATS] t_ms=8336 q_pkts=21 q_bytes=31584 qdelay_l_ms=1.067 qdelay_c_ms=7.55107 ecn_mark=683 drop=0
[QUEUE_STATS] t_ms=8352 q_pkts=21 q_bytes=31584 qdelay_l_ms=1.05833 qdelay_c_ms=7.14304 ecn_mark=685 drop=0
[QUEUE_STATS] t_ms=8368 q_pkts=22 q_bytes=33088 qdelay_l_ms=1.05821 qdelay_c_ms=7.97208 ecn_mark=685 drop=0
[QUEUE_STATS] t_ms=8385 q_pkts=21 q_bytes=31584 qdelay_l_ms=0 qdelay_c_ms=6.58522 ecn_mark=686 drop=0
[QUEUE_STATS] t_ms=8400 q_pkts=22 q_bytes=33088 qdelay_l_ms=0.766742 qdelay_c_ms=6.92742 ecn_mark=687 drop=0
[QUEUE_STATS] t_ms=8417 q_pkts=23 q_bytes=34592 qdelay_l_ms=1.06285 qdelay_c_ms=7.64395 ecn_mark=688 drop=0
[QUEUE_STATS] t_ms=8432 q_pkts=23 q_bytes=34592 qdelay_l_ms=0.732948 qdelay_c_ms=6.63718 ecn_mark=690 drop=0
[QUEUE_STATS] t_ms=8448 q_pkts=22 q_bytes=33088 qdelay_l_ms=1.06767 qdelay_c_ms=7.30534 ecn_mark=690 drop=0
[QUEUE_STATS] t_ms=8464 q_pkts=18 q_bytes=27072 qdelay_l_ms=1.06224 qdelay_c_ms=6.68255 ecn_mark=692 drop=0
[QUEUE_STATS] t_ms=8480 q_pkts=7 q_bytes=10528 qdelay_l_ms=1.07812 qdelay_c_ms=1.82028 ecn_mark=693 drop=0
[QUEUE_STATS] t_ms=8496 q_pkts=4 q_bytes=6016 qdelay_l_ms=0.749709 qdelay_c_ms=1.55732 ecn_mark=693 drop=0
[QUEUE_STATS] t_ms=8512 q_pkts=5 q_bytes=7520 qdelay_l_ms=1.0556 qdelay_c_ms=1.06682 ecn_mark=693 drop=0
[QUEUE_STATS] t_ms=8528 q_pkts=4 q_bytes=6016 qdelay_l_ms=0.448282 qdelay_c_ms=0.441349 ecn_mark=694 drop=0
[QUEUE_STATS] t_ms=8544 q_pkts=3 q_bytes=4512 qdelay_l_ms=1.06361 qdelay_c_ms=1.0609 ecn_mark=695 drop=0
[QUEUE_STATS] t_ms=8560 q_pkts=5 q_bytes=7520 qdelay_l_ms=1.06403 qdelay_c_ms=2.15065 ecn_mark=695 drop=0
[QUEUE_STATS] t_ms=8576 q_pkts=3 q_bytes=4512 qdelay_l_ms=1.05845 qdelay_c_ms=1.06407 ecn_mark=695 drop=0
[QUEUE_STATS] t_ms=8592 q_pkts=4 q_bytes=6016 qdelay_l_ms=1.06255 qdelay_c_ms=1.0599 ecn_mark=696 drop=0
[QUEUE_STATS] t_ms=8608 q_pkts=5 q_bytes=7520 qdelay_l_ms=1.08312 qdelay_c_ms=1.45996 ecn_mark=696 drop=0
[QUEUE_STATS] t_ms=8624 q_pkts=5 q_bytes=7520 qdelay_l_ms=0.764527 qdelay_c_ms=0.770258 ecn_mark=697 drop=0
[QUEUE_STATS] t_ms=8640 q_pkts=4 q_bytes=6016 qdelay_l_ms=1.06709 qdelay_c_ms=1.06386 ecn_mark=701 drop=0
[QUEUE_STATS] t_ms=8656 q_pkts=5 q_bytes=7520 qdelay_l_ms=1.06659 qdelay_c_ms=2.17769 ecn_mark=702 drop=0
[QUEUE_STATS] t_ms=8672 q_pkts=3 q_bytes=4512 qdelay_l_ms=1.06103 qdelay_c_ms=1.06682 ecn_mark=702 drop=0
[QUEUE_STATS] t_ms=8688 q_pkts=2 q_bytes=3008 qdelay_l_ms=0.009889 qdelay_c_ms=0.734962 ecn_mark=703 drop=0
[QUEUE_STATS] t_ms=8705 q_pkts=6 q_bytes=9024 qdelay_l_ms=1.06402 qdelay_c_ms=1.07749 ecn_mark=704 drop=0
[QUEUE_STATS] t_ms=8720 q_pkts=6 q_bytes=9024 qdelay_l_ms=0.815473 qdelay_c_ms=1.87142 ecn_mark=705 drop=0
[QUEUE_STATS] t_ms=8736 q_pkts=4 q_bytes=6016 qdelay_l_ms=1.07082 qdelay_c_ms=1.06716 ecn_mark=705 drop=0
[QUEUE_STATS] t_ms=8752 q_pkts=5 q_bytes=7520 qdelay_l_ms=1.06109 qdelay_c_ms=1.07207 ecn_mark=707 drop=0
[QUEUE_STATS] t_ms=8768 q_pkts=5 q_bytes=7520 qdelay_l_ms=1.06024 qdelay_c_ms=1.06564 ecn_mark=707 drop=0
[QUEUE_STATS] t_ms=8784 q_pkts=3 q_bytes=4512 qdelay_l_ms=0.81408 qdelay_c_ms=0.811305 ecn_mark=707 drop=0
[QUEUE_STATS] t_ms=8800 q_pkts=4 q_bytes=6016 qdelay_l_ms=0.764727 qdelay_c_ms=0.760209 ecn_mark=708 drop=0
[QUEUE_STATS] t_ms=8816 q_pkts=5 q_bytes=7520 qdelay_l_ms=1.06879 qdelay_c_ms=1.06607 ecn_mark=708 drop=0
[QUEUE_STATS] t_ms=8832 q_pkts=3 q_bytes=4512 qdelay_l_ms=0.763735 qdelay_c_ms=0.760419 ecn_mark=710 drop=0
[QUEUE_STATS] t_ms=8848 q_pkts=2 q_bytes=3008 qdelay_l_ms=1.06998 qdelay_c_ms=0 ecn_mark=710 drop=0
[QUEUE_STATS] t_ms=8864 q_pkts=5 q_bytes=7520 qdelay_l_ms=1.05742 qdelay_c_ms=1.06939 ecn_mark=711 drop=0
[QUEUE_STATS] t_ms=8880 q_pkts=2 q_bytes=3008 qdelay_l_ms=1.0715 qdelay_c_ms=0 ecn_mark=714 drop=0
[QUEUE_STATS] t_ms=8896 q_pkts=7 q_bytes=10528 qdelay_l_ms=1.07604 qdelay_c_ms=2.13923 ecn_mark=714 drop=0
[QUEUE_STATS] t_ms=8912 q_pkts=1 q_bytes=1504 qdelay_l_ms=1.05859 qdelay_c_ms=0 ecn_mark=715 drop=0
[QUEUE_STATS] t_ms=8928 q_pkts=2 q_bytes=3008 qdelay_l_ms=1.06317 qdelay_c_ms=0 ecn_mark=715 drop=0
[QUEUE_STATS] t_ms=8944 q_pkts=3 q_bytes=4512 qdelay_l_ms=1.06648 qdelay_c_ms=2.07488 ecn_mark=719 drop=0
[QUEUE_STATS] t_ms=8960 q_pkts=2 q_bytes=3008 qdelay_l_ms=1.07409 qdelay_c_ms=0 ecn_mark=724 drop=0
[QUEUE_STATS] t_ms=8976 q_pkts=1 q_bytes=1504 qdelay_l_ms=0.712249 qdelay_c_ms=0 ecn_mark=724 drop=0
[QUEUE_STATS] t_ms=8992 q_pkts=5 q_bytes=7520 qdelay_l_ms=0.743848 qdelay_c_ms=0.740752 ecn_mark=724 drop=0
[QUEUE_STATS] t_ms=9008 q_pkts=2 q_bytes=3008 qdelay_l_ms=0 qdelay_c_ms=0.845789 ecn_mark=724 drop=0
[QUEUE_STATS] t_ms=9024 q_pkts=7 q_bytes=10528 qdelay_l_ms=1.05966 qdelay_c_ms=1.79028 ecn_mark=725 drop=0
[QUEUE_STATS] t_ms=9040 q_pkts=1 q_bytes=1504 qdelay_l_ms=1.06764 qdelay_c_ms=0 ecn_mark=727 drop=0
[QUEUE_STATS] t_ms=9056 q_pkts=1 q_bytes=1504 qdelay_l_ms=1.06775 qdelay_c_ms=0 ecn_mark=728 drop=0
[QUEUE_STATS] t_ms=9072 q_pkts=5 q_bytes=7520 qdelay_l_ms=1.05834 qdelay_c_ms=2.16901 ecn_mark=728 drop=0
[QUEUE_STATS] t_ms=9088 q_pkts=4 q_bytes=6016 qdelay_l_ms=1.042 qdelay_c_ms=1.04791 ecn_mark=728 drop=0
[QUEUE_STATS] t_ms=9104 q_pkts=2 q_bytes=3008 qdelay_l_ms=1.0399 qdelay_c_ms=0 ecn_mark=730 drop=0
[QUEUE_STATS] t_ms=9120 q_pkts=4 q_bytes=6016 qdelay_l_ms=1.0774 qdelay_c_ms=1.07344 ecn_mark=731 drop=0
[QUEUE_STATS] t_ms=9136 q_pkts=3 q_bytes=4512 qdelay_l_ms=0.761952 qdelay_c_ms=0.767472 ecn_mark=731 drop=0
[QUEUE_STATS] t_ms=9152 q_pkts=6 q_bytes=9024 qdelay_l_ms=0.715064 qdelay_c_ms=0.712119 ecn_mark=736 drop=0
[QUEUE_STATS] t_ms=9168 q_pkts=4 q_bytes=6016 qdelay_l_ms=1.07775 qdelay_c_ms=1.07469 ecn_mark=737 drop=0
[QUEUE_STATS] t_ms=9184 q_pkts=2 q_bytes=3008 qdelay_l_ms=0 qdelay_c_ms=1.06607 ecn_mark=738 drop=0
[QUEUE_STATS] t_ms=9200 q_pkts=5 q_bytes=7520 qdelay_l_ms=1.06858 qdelay_c_ms=1.08195 ecn_mark=738 drop=0
[QUEUE_STATS] t_ms=9216 q_pkts=3 q_bytes=4512 qdelay_l_ms=1.03519 qdelay_c_ms=1.03252 ecn_mark=739 drop=0
[QUEUE_STATS] t_ms=9232 q_pkts=4 q_bytes=6016 qdelay_l_ms=1.07723 qdelay_c_ms=1.07382 ecn_mark=739 drop=0
[QUEUE_STATS] t_ms=9248 q_pkts=2 q_bytes=3008 qdelay_l_ms=1.06391 qdelay_c_ms=0 ecn_mark=739 drop=0
[QUEUE_STATS] t_ms=9265 q_pkts=4 q_bytes=6016 qdelay_l_ms=1.0657 qdelay_c_ms=1.07449 ecn_mark=741 drop=0
[QUEUE_STATS] t_ms=9280 q_pkts=4 q_bytes=6016 qdelay_l_ms=1.06243 qdelay_c_ms=2.12785 ecn_mark=743 drop=0
[QUEUE_STATS] t_ms=9296 q_pkts=10 q_bytes=15040 qdelay_l_ms=1.06008 qdelay_c_ms=2.12493 ecn_mark=744 drop=0
[QUEUE_STATS] t_ms=9312 q_pkts=1 q_bytes=1504 qdelay_l_ms=1.05753 qdelay_c_ms=0 ecn_mark=746 drop=0
[QUEUE_STATS] t_ms=9328 q_pkts=5 q_bytes=7520 qdelay_l_ms=0.712509 qdelay_c_ms=0.724302 ecn_mark=748 drop=0
[QUEUE_STATS] t_ms=9344 q_pkts=2 q_bytes=3008 qdelay_l_ms=1.0694 qdelay_c_ms=2.12507 ecn_mark=749 drop=0
[QUEUE_STATS] t_ms=9360 q_pkts=3 q_bytes=4512 qdelay_l_ms=1.03347 qdelay_c_ms=1.04917 ecn_mark=753 drop=0
[QUEUE_STATS] t_ms=9376 q_pkts=1 q_bytes=1504 qdelay_l_ms=1.06628 qdelay_c_ms=0 ecn_mark=755 drop=0
[QUEUE_STATS] t_ms=9392 q_pkts=1 q_bytes=1504 qdelay_l_ms=0.804613 qdelay_c_ms=0 ecn_mark=756 drop=0
[QUEUE_STATS] t_ms=9408 q_pkts=5 q_bytes=7520 qdelay_l_ms=1.07856 qdelay_c_ms=1.8442 ecn_mark=758 drop=0
[QUEUE_STATS] t_ms=9424 q_pkts=4 q_bytes=6016 qdelay_l_ms=0.862391 qdelay_c_ms=1.93217 ecn_mark=760 drop=0
[QUEUE_STATS] t_ms=9441 q_pkts=2 q_bytes=3008 qdelay_l_ms=1.06834 qdelay_c_ms=1.06522 ecn_mark=761 drop=0
[QUEUE_STATS] t_ms=9456 q_pkts=2 q_bytes=3008 qdelay_l_ms=0.68664 qdelay_c_ms=2.19108 ecn_mark=762 drop=0
[QUEUE_STATS] t_ms=9472 q_pkts=3 q_bytes=4512 qdelay_l_ms=1.06257 qdelay_c_ms=2.15257 ecn_mark=765 drop=0
[QUEUE_STATS] t_ms=9488 q_pkts=5 q_bytes=7520 qdelay_l_ms=1.07861 qdelay_c_ms=1.07513 ecn_mark=765 drop=0
[QUEUE_STATS] t_ms=9504 q_pkts=1 q_bytes=1504 qdelay_l_ms=1.0662 qdelay_c_ms=0 ecn_mark=766 drop=0
[QUEUE_STATS] t_ms=9520 q_pkts=4 q_bytes=6016 qdelay_l_ms=0.798671 qdelay_c_ms=1.85939 ecn_mark=768 drop=0
[QUEUE_STATS] t_ms=9536 q_pkts=7 q_bytes=10528 qdelay_l_ms=1.05974 qdelay_c_ms=1.07637 ecn_mark=768 drop=0
[QUEUE_STATS] t_ms=9552 q_pkts=4 q_bytes=6016 qdelay_l_ms=1.06841 qdelay_c_ms=1.06536 ecn_mark=769 drop=0
[QUEUE_STATS] t_ms=9568 q_pkts=4 q_bytes=6016 qdelay_l_ms=0.647487 qdelay_c_ms=0.644401 ecn_mark=771 drop=0
[QUEUE_STATS] t_ms=9584 q_pkts=4 q_bytes=6016 qdelay_l_ms=1.05215 qdelay_c_ms=1.04865 ecn_mark=773 drop=0
[QUEUE_STATS] t_ms=9600 q_pkts=2 q_bytes=3008 qdelay_l_ms=0.884622 qdelay_c_ms=0 ecn_mark=775 drop=0
[QUEUE_STATS] t_ms=9616 q_pkts=1 q_bytes=1504 qdelay_l_ms=1.05523 qdelay_c_ms=0 ecn_mark=776 drop=0
[QUEUE_STATS] t_ms=9632 q_pkts=1 q_bytes=1504 qdelay_l_ms=1.07007 qdelay_c_ms=0 ecn_mark=776 drop=0
[QUEUE_STATS] t_ms=9648 q_pkts=5 q_bytes=7520 qdelay_l_ms=1.07999 qdelay_c_ms=2.01535 ecn_mark=776 drop=0
[QUEUE_STATS] t_ms=9664 q_pkts=3 q_bytes=4512 qdelay_l_ms=1.04927 qdelay_c_ms=1.04571 ecn_mark=776 drop=0
[QUEUE_STATS] t_ms=9680 q_pkts=6 q_bytes=9024 qdelay_l_ms=1.08403 qdelay_c_ms=1.08051 ecn_mark=777 drop=0
[QUEUE_STATS] t_ms=9696 q_pkts=4 q_bytes=6016 qdelay_l_ms=1.07155 qdelay_c_ms=1.06759 ecn_mark=780 drop=0
[QUEUE_STATS] t_ms=9712 q_pkts=5 q_bytes=7520 qdelay_l_ms=0.924428 qdelay_c_ms=0.935459 ecn_mark=781 drop=0
[QUEUE_STATS] t_ms=9728 q_pkts=1 q_bytes=1504 qdelay_l_ms=1.05782 qdelay_c_ms=0 ecn_mark=782 drop=0
[QUEUE_STATS] t_ms=9744 q_pkts=4 q_bytes=6016 qdelay_l_ms=1.0676 qdelay_c_ms=1.06431 ecn_mark=783 drop=0
[QUEUE_STATS] t_ms=9760 q_pkts=1 q_bytes=1504 qdelay_l_ms=0.906293 qdelay_c_ms=0 ecn_mark=784 drop=0
[QUEUE_STATS] t_ms=9776 q_pkts=3 q_bytes=4512 qdelay_l_ms=0.690308 qdelay_c_ms=1.73947 ecn_mark=785 drop=0
[QUEUE_STATS] t_ms=9792 q_pkts=3 q_bytes=4512 qdelay_l_ms=1.06306 qdelay_c_ms=1.07701 ecn_mark=785 drop=0
[QUEUE_STATS] t_ms=9808 q_pkts=5 q_bytes=7520 qdelay_l_ms=0.781098 qdelay_c_ms=0.777682 ecn_mark=785 drop=0
[QUEUE_STATS] t_ms=9824 q_pkts=6 q_bytes=9024 qdelay_l_ms=1.08112 qdelay_c_ms=1.07773 ecn_mark=786 drop=0
[QUEUE_STATS] t_ms=9840 q_pkts=5 q_bytes=7520 qdelay_l_ms=1.07601 qdelay_c_ms=1.07254 ecn_mark=787 drop=0
[QUEUE_STATS] t_ms=9856 q_pkts=2 q_bytes=3008 qdelay_l_ms=0.903889 qdelay_c_ms=0 ecn_mark=789 drop=0
[QUEUE_STATS] t_ms=9872 q_pkts=5 q_bytes=7520 qdelay_l_ms=1.05722 qdelay_c_ms=1.06835 ecn_mark=790 drop=0
[QUEUE_STATS] t_ms=9888 q_pkts=4 q_bytes=6016 qdelay_l_ms=1.07071 qdelay_c_ms=1.06728 ecn_mark=790 drop=0
[QUEUE_STATS] t_ms=9904 q_pkts=2 q_bytes=3008 qdelay_l_ms=0 qdelay_c_ms=1.06107 ecn_mark=791 drop=0
[QUEUE_STATS] t_ms=9920 q_pkts=4 q_bytes=6016 qdelay_l_ms=0.778974 qdelay_c_ms=0.775748 ecn_mark=793 drop=0
[QUEUE_STATS] t_ms=9936 q_pkts=5 q_bytes=7520 qdelay_l_ms=1.05751 qdelay_c_ms=2.1869 ecn_mark=793 drop=0
[QUEUE_STATS] t_ms=9952 q_pkts=2 q_bytes=3008 qdelay_l_ms=1.06681 qdelay_c_ms=0 ecn_mark=793 drop=0
[QUEUE_STATS] t_ms=9968 q_pkts=3 q_bytes=4512 qdelay_l_ms=1.06883 qdelay_c_ms=1.7569 ecn_mark=793 drop=0
[QUEUE_STATS] t_ms=9984 q_pkts=3 q_bytes=4512 qdelay_l_ms=1.06115 qdelay_c_ms=1.0669 ecn_mark=794 drop=0
[QUEUE_STATS] t_ms=10000 q_pkts=3 q_bytes=4512 qdelay_l_ms=0.402096 qdelay_c_ms=0.398759 ecn_mark=795 drop=0
[QUEUE_STATS] t_ms=10016 q_pkts=3 q_bytes=4512 qdelay_l_ms=1.06437 qdelay_c_ms=1.06137 ecn_mark=797 drop=0
[QUEUE_STATS] t_ms=10032 q_pkts=4 q_bytes=6016 qdelay_l_ms=0.906063 qdelay_c_ms=1.97291 ecn_mark=798 drop=0
[QUEUE_STATS] t_ms=10048 q_pkts=4 q_bytes=6016 qdelay_l_ms=1.06487 qdelay_c_ms=1.07661 ecn_mark=799 drop=0
[QUEUE_STATS] t_ms=10064 q_pkts=4 q_bytes=6016 qdelay_l_ms=1.06053 qdelay_c_ms=2.16327 ecn_mark=801 drop=0
[QUEUE_STATS] t_ms=10080 q_pkts=2 q_bytes=3008 qdelay_l_ms=1.07768 qdelay_c_ms=0 ecn_mark=801 drop=0
[QUEUE_STATS] t_ms=10096 q_pkts=4 q_bytes=6016 qdelay_l_ms=1.06686 qdelay_c_ms=1.06411 ecn_mark=802 drop=0
[QUEUE_STATS] t_ms=10112 q_pkts=3 q_bytes=4512 qdelay_l_ms=1.06203 qdelay_c_ms=1.07187 ecn_mark=802 drop=0
[QUEUE_STATS] t_ms=10128 q_pkts=3 q_bytes=4512 qdelay_l_ms=1.0744 qdelay_c_ms=1.07077 ecn_mark=802 drop=0
[QUEUE_STATS] t_ms=10144 q_pkts=3 q_bytes=4512 qdelay_l_ms=0 qdelay_c_ms=0.795455 ecn_mark=803 drop=0
[QUEUE_STATS] t_ms=10160 q_pkts=5 q_bytes=7520 qdelay_l_ms=1.07606 qdelay_c_ms=2.04416 ecn_mark=803 drop=0
[QUEUE_STATS] t_ms=10176 q_pkts=5 q_bytes=7520 qdelay_l_ms=1.07211 qdelay_c_ms=1.06894 ecn_mark=803 drop=0
[QUEUE_STATS] t_ms=10192 q_pkts=3 q_bytes=4512 qdelay_l_ms=1.06328 qdelay_c_ms=1.07798 ecn_mark=804 drop=0
[QUEUE_STATS] t_ms=10208 q_pkts=3 q_bytes=4512 qdelay_l_ms=1.06624 qdelay_c_ms=1.06332 ecn_mark=806 drop=0
[QUEUE_STATS] t_ms=10224 q_pkts=2 q_bytes=3008 qdelay_l_ms=0 qdelay_c_ms=1.06063 ecn_mark=807 drop=0
[QUEUE_STATS] t_ms=10240 q_pkts=4 q_bytes=6016 qdelay_l_ms=0.901164 qdelay_c_ms=0.898068 ecn_mark=807 drop=0
[QUEUE_STATS] t_ms=10256 q_pkts=5 q_bytes=7520 qdelay_l_ms=0.75 qdelay_c_ms=0.778724 ecn_mark=808 drop=0
[QUEUE_STATS] t_ms=10272 q_pkts=3 q_bytes=4512 qdelay_l_ms=1.06408 qdelay_c_ms=1.06099 ecn_mark=809 drop=0
[QUEUE_STATS] t_ms=10288 q_pkts=5 q_bytes=7520 qdelay_l_ms=1.05968 qdelay_c_ms=1.07072 ecn_mark=811 drop=0
[QUEUE_STATS] t_ms=10304 q_pkts=2 q_bytes=3008 qdelay_l_ms=1.06333 qdelay_c_ms=1.70274 ecn_mark=813 drop=0
[QUEUE_STATS] t_ms=10320 q_pkts=4 q_bytes=6016 qdelay_l_ms=1.07388 qdelay_c_ms=2.12395 ecn_mark=814 drop=0
[QUEUE_STATS] t_ms=10336 q_pkts=4 q_bytes=6016 qdelay_l_ms=1.03176 qdelay_c_ms=1.0286 ecn_mark=815 drop=0
[QUEUE_STATS] t_ms=10353 q_pkts=4 q_bytes=6016 qdelay_l_ms=1.07532 qdelay_c_ms=1.07211 ecn_mark=816 drop=0
[QUEUE_STATS] t_ms=10368 q_pkts=3 q_bytes=4512 qdelay_l_ms=0.381808 qdelay_c_ms=0.395293 ecn_mark=816 drop=0
[QUEUE_STATS] t_ms=10384 q_pkts=4 q_bytes=6016 qdelay_l_ms=1.06673 qdelay_c_ms=1.06397 ecn_mark=819 drop=0
[QUEUE_STATS] t_ms=10400 q_pkts=4 q_bytes=6016 qdelay_l_ms=1.06755 qdelay_c_ms=1.06445 ecn_mark=820 drop=0
[QUEUE_STATS] t_ms=10416 q_pkts=4 q_bytes=6016 qdelay_l_ms=1.06603 qdelay_c_ms=1.06325 ecn_mark=824 drop=0
[QUEUE_STATS] t_ms=10432 q_pkts=4 q_bytes=6016 qdelay_l_ms=1.06295 qdelay_c_ms=1.07707 ecn_mark=824 drop=0
[QUEUE_STATS] t_ms=10448 q_pkts=2 q_bytes=3008 qdelay_l_ms=1.06048 qdelay_c_ms=2.18634 ecn_mark=825 drop=0
[QUEUE_STATS] t_ms=10464 q_pkts=2 q_bytes=3008 qdelay_l_ms=1.07656 qdelay_c_ms=0 ecn_mark=826 drop=0
[QUEUE_STATS] t_ms=10480 q_pkts=4 q_bytes=6016 qdelay_l_ms=0.89392 qdelay_c_ms=0.891396 ecn_mark=826 drop=0
[QUEUE_STATS] t_ms=10496 q_pkts=5 q_bytes=7520 qdelay_l_ms=1.06925 qdelay_c_ms=1.06629 ecn_mark=826 drop=0
[QUEUE_STATS] t_ms=10512 q_pkts=5 q_bytes=7520 qdelay_l_ms=1.04657 qdelay_c_ms=1.78463 ecn_mark=826 drop=0
[QUEUE_STATS] t_ms=10528 q_pkts=4 q_bytes=6016 qdelay_l_ms=0.667425 qdelay_c_ms=2.16789 ecn_mark=826 drop=0
[QUEUE_STATS] t_ms=10544 q_pkts=4 q_bytes=6016 qdelay_l_ms=0.874103 qdelay_c_ms=0.870496 ecn_mark=826 drop=0
[QUEUE_STATS] t_ms=10560 q_pkts=4 q_bytes=6016 qdelay_l_ms=1.06555 qdelay_c_ms=1.06262 ecn_mark=826 drop=0
[QUEUE_STATS] t_ms=10576 q_pkts=3 q_bytes=4512 qdelay_l_ms=0.827184 qdelay_c_ms=0.836752 ecn_mark=827 drop=0
[QUEUE_STATS] t_ms=10592 q_pkts=4 q_bytes=6016 qdelay_l_ms=1.06702 qdelay_c_ms=1.06398 ecn_mark=829 drop=0
[QUEUE_STATS] t_ms=10608 q_pkts=3 q_bytes=4512 qdelay_l_ms=1.06424 qdelay_c_ms=2.16296 ecn_mark=831 drop=0
[QUEUE_STATS] t_ms=10624 q_pkts=5 q_bytes=7520 qdelay_l_ms=1.06709 qdelay_c_ms=2.13387 ecn_mark=832 drop=0
[QUEUE_STATS] t_ms=10640 q_pkts=6 q_bytes=9024 qdelay_l_ms=0.959002 qdelay_c_ms=2.04407 ecn_mark=832 drop=0
[QUEUE_STATS] t_ms=10656 q_pkts=3 q_bytes=4512 qdelay_l_ms=1.06116 qdelay_c_ms=2.15661 ecn_mark=833 drop=0
[QUEUE_STATS] t_ms=10673 q_pkts=3 q_bytes=4512 qdelay_l_ms=1.05562 qdelay_c_ms=1.06926 ecn_mark=833 drop=0
[QUEUE_STATS] t_ms=10688 q_pkts=5 q_bytes=7520 qdelay_l_ms=0 qdelay_c_ms=0.849968 ecn_mark=835 drop=0
[QUEUE_STATS] t_ms=10704 q_pkts=3 q_bytes=4512 qdelay_l_ms=0.829048 qdelay_c_ms=0.834428 ecn_mark=836 drop=0
[QUEUE_STATS] t_ms=10720 q_pkts=4 q_bytes=6016 qdelay_l_ms=1.05785 qdelay_c_ms=2.161 ecn_mark=837 drop=0
[QUEUE_STATS] t_ms=10736 q_pkts=5 q_bytes=7520 qdelay_l_ms=1.07501 qdelay_c_ms=1.07178 ecn_mark=837 drop=0
[QUEUE_STATS] t_ms=10752 q_pkts=5 q_bytes=7520 qdelay_l_ms=1.06924 qdelay_c_ms=2.16854 ecn_mark=839 drop=0
[QUEUE_STATS] t_ms=10768 q_pkts=4 q_bytes=6016 qdelay_l_ms=1.07058 qdelay_c_ms=1.06693 ecn_mark=841 drop=0
[QUEUE_STATS] t_ms=10784 q_pkts=3 q_bytes=4512 qdelay_l_ms=0 qdelay_c_ms=0.887508 ecn_mark=841 drop=0
[QUEUE_STATS] t_ms=10800 q_pkts=1 q_bytes=1504 qdelay_l_ms=0.828187 qdelay_c_ms=0 ecn_mark=843 drop=0
[QUEUE_STATS] t_ms=10816 q_pkts=5 q_bytes=7520 qdelay_l_ms=1.05959 qdelay_c_ms=1.07003 ecn_mark=844 drop=0
[QUEUE_STATS] t_ms=10832 q_pkts=4 q_bytes=6016 qdelay_l_ms=1.06924 qdelay_c_ms=1.06472 ecn_mark=844 drop=0
[QUEUE_STATS] t_ms=10848 q_pkts=4 q_bytes=6016 qdelay_l_ms=1.06024 qdelay_c_ms=2.1711 ecn_mark=846 drop=0
[QUEUE_STATS] t_ms=10864 q_pkts=4 q_bytes=6016 qdelay_l_ms=1.06547 qdelay_c_ms=1.06248 ecn_mark=846 drop=0
[QUEUE_STATS] t_ms=10880 q_pkts=6 q_bytes=9024 qdelay_l_ms=1.08112 qdelay_c_ms=2.19431 ecn_mark=847 drop=0
[QUEUE_STATS] t_ms=10896 q_pkts=4 q_bytes=6016 qdelay_l_ms=1.06914 qdelay_c_ms=1.06635 ecn_mark=849 drop=0
[QUEUE_STATS] t_ms=10912 q_pkts=0 q_bytes=0 qdelay_l_ms=0 qdelay_c_ms=0 ecn_mark=852 drop=0
[QUEUE_STATS] t_ms=10928 q_pkts=2 q_bytes=3008 qdelay_l_ms=0.778363 qdelay_c_ms=0 ecn_mark=853 drop=0
[QUEUE_STATS] t_ms=10944 q_pkts=5 q_bytes=7520 qdelay_l_ms=1.05732 qdelay_c_ms=2.18949 ecn_mark=856 drop=0
[QUEUE_STATS] t_ms=10960 q_pkts=2 q_bytes=3008 qdelay_l_ms=1.05799 qdelay_c_ms=1.06067 ecn_mark=857 drop=0
[QUEUE_STATS] t_ms=10976 q_pkts=0 q_bytes=0 qdelay_l_ms=0 qdelay_c_ms=0 ecn_mark=859 drop=0
[QUEUE_STATS] t_ms=10992 q_pkts=6 q_bytes=9024 qdelay_l_ms=0.76665 qdelay_c_ms=1.96045 ecn_mark=861 drop=0
[QUEUE_STATS] t_ms=11008 q_pkts=5 q_bytes=7520 qdelay_l_ms=1.05829 qdelay_c_ms=1.84617 ecn_mark=861 drop=0
[QUEUE_STATS] t_ms=11024 q_pkts=5 q_bytes=7520 qdelay_l_ms=1.06498 qdelay_c_ms=2.17141 ecn_mark=861 drop=0
[QUEUE_STATS] t_ms=11040 q_pkts=2 q_bytes=3008 qdelay_l_ms=0.618412 qdelay_c_ms=0.621318 ecn_mark=861 drop=0
[QUEUE_STATS] t_ms=11056 q_pkts=3 q_bytes=4512 qdelay_l_ms=1.05874 qdelay_c_ms=1.07002 ecn_mark=861 drop=0
[QUEUE_STATS] t_ms=11072 q_pkts=6 q_bytes=9024 qdelay_l_ms=0.902727 qdelay_c_ms=1.96924 ecn_mark=861 drop=0
[QUEUE_STATS] t_ms=11088 q_pkts=3 q_bytes=4512 qdelay_l_ms=1.06324 qdelay_c_ms=1.08648 ecn_mark=863 drop=0
[QUEUE_STATS] t_ms=11104 q_pkts=4 q_bytes=6016 qdelay_l_ms=0.914649 qdelay_c_ms=0.910341 ecn_mark=864 drop=0
[QUEUE_STATS] t_ms=11120 q_pkts=6 q_bytes=9024 qdelay_l_ms=0 qdelay_c_ms=1.60152 ecn_mark=865 drop=0
[QUEUE_STATS] t_ms=11136 q_pkts=5 q_bytes=7520 qdelay_l_ms=1.05817 qdelay_c_ms=1.06901 ecn_mark=867 drop=0
[QUEUE_STATS] t_ms=11152 q_pkts=4 q_bytes=6016 qdelay_l_ms=0 qdelay_c_ms=1.05216 ecn_mark=868 drop=0
[QUEUE_STATS] t_ms=11168 q_pkts=4 q_bytes=6016 qdelay_l_ms=0.974221 qdelay_c_ms=0.970504 ecn_mark=869 drop=0
[QUEUE_STATS] t_ms=11184 q_pkts=3 q_bytes=4512 qdelay_l_ms=1.06698 qdelay_c_ms=2.12133 ecn_mark=870 drop=0
[QUEUE_STATS] t_ms=11200 q_pkts=5 q_bytes=7520 qdelay_l_ms=1.0628 qdelay_c_ms=1.07429 ecn_mark=871 drop=0
[QUEUE_STATS] t_ms=11216 q_pkts=7 q_bytes=10528 qdelay_l_ms=1.0791 qdelay_c_ms=2.14259 ecn_mark=871 drop=0
[QUEUE_STATS] t_ms=11232 q_pkts=4 q_bytes=6016 qdelay_l_ms=0 qdelay_c_ms=1.0638 ecn_mark=874 drop=0
[QUEUE_STATS] t_ms=11248 q_pkts=6 q_bytes=9024 qdelay_l_ms=1.07252 qdelay_c_ms=1.06942 ecn_mark=876 drop=0
[QUEUE_STATS] t_ms=11264 q_pkts=5 q_bytes=7520 qdelay_l_ms=1.06377 qdelay_c_ms=2.13661 ecn_mark=876 drop=0
[QUEUE_STATS] t_ms=11280 q_pkts=5 q_bytes=7520 qdelay_l_ms=0.777781 qdelay_c_ms=0.795545 ecn_mark=876 drop=0
[QUEUE_STATS] t_ms=11296 q_pkts=3 q_bytes=4512 qdelay_l_ms=0.019787 qdelay_c_ms=0.016211 ecn_mark=877 drop=0
[QUEUE_STATS] t_ms=11312 q_pkts=4 q_bytes=6016 qdelay_l_ms=1.07263 qdelay_c_ms=1.49041 ecn_mark=878 drop=0
[QUEUE_STATS] t_ms=11328 q_pkts=4 q_bytes=6016 qdelay_l_ms=1.06578 qdelay_c_ms=2.18778 ecn_mark=878 drop=0
[QUEUE_STATS] t_ms=11344 q_pkts=5 q_bytes=7520 qdelay_l_ms=0.953482 qdelay_c_ms=2.0086 ecn_mark=878 drop=0
[QUEUE_STATS] t_ms=11360 q_pkts=4 q_bytes=6016 qdelay_l_ms=1.06285 qdelay_c_ms=1.08012 ecn_mark=880 drop=0
[QUEUE_STATS] t_ms=11376 q_pkts=4 q_bytes=6016 qdelay_l_ms=0.902937 qdelay_c_ms=0.893108 ecn_mark=880 drop=0
[QUEUE_STATS] t_ms=11392 q_pkts=3 q_bytes=4512 qdelay_l_ms=1.04403 qdelay_c_ms=1.05565 ecn_mark=881 drop=0
[QUEUE_STATS] t_ms=11408 q_pkts=6 q_bytes=9024 qdelay_l_ms=0.962479 qdelay_c_ms=0.959664 ecn_mark=882 drop=0
[QUEUE_STATS] t_ms=11424 q_pkts=3 q_bytes=4512 qdelay_l_ms=1.0618 qdelay_c_ms=1.07458 ecn_mark=883 drop=0
[QUEUE_STATS] t_ms=11440 q_pkts=4 q_bytes=6016 qdelay_l_ms=0.42 qdelay_c_ms=0.417275 ecn_mark=884 drop=0
[QUEUE_STATS] t_ms=11456 q_pkts=8 q_bytes=12032 qdelay_l_ms=0 qdelay_c_ms=2.19174 ecn_mark=886 drop=0
[QUEUE_STATS] t_ms=11472 q_pkts=4 q_bytes=6016 qdelay_l_ms=0.967578 qdelay_c_ms=0.963891 ecn_mark=887 drop=0
[QUEUE_STATS] t_ms=11488 q_pkts=2 q_bytes=3008 qdelay_l_ms=1.06033 qdelay_c_ms=1.06337 ecn_mark=888 drop=0
[QUEUE_STATS] t_ms=11504 q_pkts=7 q_bytes=10528 qdelay_l_ms=0 qdelay_c_ms=2.18924 ecn_mark=888 drop=0
[QUEUE_STATS] t_ms=11520 q_pkts=4 q_bytes=6016 qdelay_l_ms=0.963261 qdelay_c_ms=2.02355 ecn_mark=888 drop=0
[QUEUE_STATS] t_ms=11536 q_pkts=3 q_bytes=4512 qdelay_l_ms=1.05827 qdelay_c_ms=1.06424 ecn_mark=889 drop=0
[QUEUE_STATS] t_ms=11553 q_pkts=4 q_bytes=6016 qdelay_l_ms=1.06021 qdelay_c_ms=1.83061 ecn_mark=891 drop=0
[QUEUE_STATS] t_ms=11568 q_pkts=3 q_bytes=4512 qdelay_l_ms=1.05638 qdelay_c_ms=1.07025 ecn_mark=891 drop=0
[QUEUE_STATS] t_ms=11584 q_pkts=6 q_bytes=9024 qdelay_l_ms=0.977777 qdelay_c_ms=2.03649 ecn_mark=891 drop=0
[QUEUE_STATS] t_ms=11600 q_pkts=1 q_bytes=1504 qdelay_l_ms=0 qdelay_c_ms=0.009037 ecn_mark=891 drop=0
[QUEUE_STATS] t_ms=11616 q_pkts=3 q_bytes=4512 qdelay_l_ms=1.0555 qdelay_c_ms=1.06096 ecn_mark=892 drop=0
[QUEUE_STATS] t_ms=11632 q_pkts=6 q_bytes=9024 qdelay_l_ms=0.953091 qdelay_c_ms=2.03171 ecn_mark=893 drop=0
[QUEUE_STATS] t_ms=11648 q_pkts=3 q_bytes=4512 qdelay_l_ms=1.07435 qdelay_c_ms=1.07095 ecn_mark=894 drop=0
[QUEUE_STATS] t_ms=11664 q_pkts=5 q_bytes=7520 qdelay_l_ms=1.07135 qdelay_c_ms=1.0625 ecn_mark=895 drop=0
[QUEUE_STATS] t_ms=11680 q_pkts=5 q_bytes=7520 qdelay_l_ms=0.680539 qdelay_c_ms=1.74905 ecn_mark=896 drop=0
[QUEUE_STATS] t_ms=11697 q_pkts=3 q_bytes=4512 qdelay_l_ms=1.07407 qdelay_c_ms=1.07037 ecn_mark=897 drop=0
[QUEUE_STATS] t_ms=11712 q_pkts=5 q_bytes=7520 qdelay_l_ms=1.06418 qdelay_c_ms=1.06107 ecn_mark=898 drop=0
[QUEUE_STATS] t_ms=11728 q_pkts=4 q_bytes=6016 qdelay_l_ms=1.05549 qdelay_c_ms=2.16303 ecn_mark=901 drop=0
[QUEUE_STATS] t_ms=11744 q_pkts=5 q_bytes=7520 qdelay_l_ms=1.06966 qdelay_c_ms=1.06572 ecn_mark=903 drop=0
[QUEUE_STATS] t_ms=11760 q_pkts=4 q_bytes=6016 qdelay_l_ms=0.768674 qdelay_c_ms=1.66565 ecn_mark=904 drop=0
[QUEUE_STATS] t_ms=11776 q_pkts=3 q_bytes=4512 qdelay_l_ms=0 qdelay_c_ms=2.17608 ecn_mark=905 drop=0
[QUEUE_STATS] t_ms=11792 q_pkts=8 q_bytes=12032 qdelay_l_ms=0.794113 qdelay_c_ms=0.790646 ecn_mark=905 drop=0
[QUEUE_STATS] t_ms=11808 q_pkts=5 q_bytes=7520 qdelay_l_ms=1.05419 qdelay_c_ms=2.18354 ecn_mark=907 drop=0
[QUEUE_STATS] t_ms=11824 q_pkts=4 q_bytes=6016 qdelay_l_ms=1.05812 qdelay_c_ms=2.09416 ecn_mark=908 drop=0
[QUEUE_STATS] t_ms=11840 q_pkts=4 q_bytes=6016 qdelay_l_ms=1.07362 qdelay_c_ms=1.06988 ecn_mark=910 drop=0
[QUEUE_STATS] t_ms=11856 q_pkts=4 q_bytes=6016 qdelay_l_ms=0.956328 qdelay_c_ms=0.953302 ecn_mark=910 drop=0
[QUEUE_STATS] t_ms=11872 q_pkts=3 q_bytes=4512 qdelay_l_ms=1.07234 qdelay_c_ms=1.95598 ecn_mark=912 drop=0
[QUEUE_STATS] t_ms=11888 q_pkts=5 q_bytes=7520 qdelay_l_ms=1.05276 qdelay_c_ms=1.04855 ecn_mark=913 drop=0
[QUEUE_STATS] t_ms=11904 q_pkts=4 q_bytes=6016 qdelay_l_ms=0.958251 qdelay_c_ms=0.949544 ecn_mark=914 drop=0
[QUEUE_STATS] t_ms=11920 q_pkts=4 q_bytes=6016 qdelay_l_ms=1.06195 qdelay_c_ms=1.0781 ecn_mark=914 drop=0
[QUEUE_STATS] t_ms=11936 q_pkts=6 q_bytes=9024 qdelay_l_ms=0.806296 qdelay_c_ms=2.12644 ecn_mark=914 drop=0
[QUEUE_STATS] t_ms=11952 q_pkts=3 q_bytes=4512 qdelay_l_ms=1.06238 qdelay_c_ms=1.07214 ecn_mark=914 drop=0
[QUEUE_STATS] t_ms=11968 q_pkts=5 q_bytes=7520 qdelay_l_ms=1.07324 qdelay_c_ms=1.07059 ecn_mark=914 drop=0
[QUEUE_STATS] t_ms=11984 q_pkts=11 q_bytes=16544 qdelay_l_ms=1.06262 qdelay_c_ms=3.01331 ecn_mark=914 drop=0
[QUEUE_STATS] t_ms=12000 q_pkts=5 q_bytes=7520 qdelay_l_ms=1.07539 qdelay_c_ms=1.07138 ecn_mark=914 drop=0
[QUEUE_STATS] t_ms=12016 q_pkts=4 q_bytes=6016 qdelay_l_ms=1.07176 qdelay_c_ms=1.06832 ecn_mark=914 drop=0
[QUEUE_STATS] t_ms=12032 q_pkts=6 q_bytes=9024 qdelay_l_ms=1.06013 qdelay_c_ms=1.43216 ecn_mark=915 drop=0
[QUEUE_STATS] t_ms=12048 q_pkts=5 q_bytes=7520 qdelay_l_ms=1.06803 qdelay_c_ms=1.06542 ecn_mark=916 drop=0
[QUEUE_STATS] t_ms=12064 q_pkts=5 q_bytes=7520 qdelay_l_ms=1.06191 qdelay_c_ms=2.13656 ecn_mark=918 drop=0
[QUEUE_STATS] t_ms=12080 q_pkts=5 q_bytes=7520 qdelay_l_ms=1.06133 qdelay_c_ms=2.17696 ecn_mark=920 drop=0
[QUEUE_STATS] t_ms=12096 q_pkts=4 q_bytes=6016 qdelay_l_ms=0 qdelay_c_ms=2.18187 ecn_mark=920 drop=0
[QUEUE_STATS] t_ms=12112 q_pkts=4 q_bytes=6016 qdelay_l_ms=1.063 qdelay_c_ms=1.07749 ecn_mark=921 drop=0
[QUEUE_STATS] t_ms=12128 q_pkts=5 q_bytes=7520 qdelay_l_ms=1.08379 qdelay_c_ms=1.07992 ecn_mark=921 drop=0
[QUEUE_STATS] t_ms=12144 q_pkts=5 q_bytes=7520 qdelay_l_ms=0.404922 qdelay_c_ms=1.45584 ecn_mark=921 drop=0
[QUEUE_STATS] t_ms=12160 q_pkts=7 q_bytes=10528 qdelay_l_ms=0 qdelay_c_ms=1.8861 ecn_mark=922 drop=0
[QUEUE_STATS] t_ms=12176 q_pkts=5 q_bytes=7520 qdelay_l_ms=1.04227 qdelay_c_ms=2.1751 ecn_mark=922 drop=0
[QUEUE_STATS] t_ms=12192 q_pkts=5 q_bytes=7520 qdelay_l_ms=1.06602 qdelay_c_ms=2.18613 ecn_mark=922 drop=0
[QUEUE_STATS] t_ms=12209 q_pkts=4 q_bytes=6016 qdelay_l_ms=1.06191 qdelay_c_ms=1.82641 ecn_mark=922 drop=0
[QUEUE_STATS] t_ms=12224 q_pkts=7 q_bytes=10528 qdelay_l_ms=1.06063 qdelay_c_ms=2.14113 ecn_mark=923 drop=0
[QUEUE_STATS] t_ms=12240 q_pkts=4 q_bytes=6016 qdelay_l_ms=1.07418 qdelay_c_ms=1.06571 ecn_mark=925 drop=0
[QUEUE_STATS] t_ms=12256 q_pkts=3 q_bytes=4512 qdelay_l_ms=0 qdelay_c_ms=1.04819 ecn_mark=926 drop=0
[QUEUE_STATS] t_ms=12272 q_pkts=5 q_bytes=7520 qdelay_l_ms=1.07507 qdelay_c_ms=2.11067 ecn_mark=928 drop=0
[QUEUE_STATS] t_ms=12288 q_pkts=5 q_bytes=7520 qdelay_l_ms=0.842413 qdelay_c_ms=1.8994 ecn_mark=928 drop=0
[QUEUE_STATS] t_ms=12304 q_pkts=3 q_bytes=4512 qdelay_l_ms=1.06803 qdelay_c_ms=1.06491 ecn_mark=928 drop=0
[QUEUE_STATS] t_ms=12320 q_pkts=8 q_bytes=12032 qdelay_l_ms=1.06069 qdelay_c_ms=1.83083 ecn_mark=928 drop=0
[QUEUE_STATS] t_ms=12336 q_pkts=6 q_bytes=9024 qdelay_l_ms=0.725674 qdelay_c_ms=1.48294 ecn_mark=928 drop=0
[QUEUE_STATS] t_ms=12352 q_pkts=4 q_bytes=6016 qdelay_l_ms=1.05611 qdelay_c_ms=1.07296 ecn_mark=928 drop=0
[QUEUE_STATS] t_ms=12368 q_pkts=8 q_bytes=12032 qdelay_l_ms=1.08361 qdelay_c_ms=2.16317 ecn_mark=928 drop=0
[QUEUE_STATS] t_ms=12384 q_pkts=4 q_bytes=6016 qdelay_l_ms=0 qdelay_c_ms=1.78519 ecn_mark=930 drop=0
[QUEUE_STATS] t_ms=12400 q_pkts=5 q_bytes=7520 qdelay_l_ms=1.0431 qdelay_c_ms=2.15577 ecn_mark=931 drop=0
[QUEUE_STATS] t_ms=12416 q_pkts=6 q_bytes=9024 qdelay_l_ms=0.385815 qdelay_c_ms=1.45485 ecn_mark=932 drop=0
[QUEUE_STATS] t_ms=12432 q_pkts=5 q_bytes=7520 qdelay_l_ms=1.03421 qdelay_c_ms=2.15594 ecn_mark=934 drop=0
[QUEUE_STATS] t_ms=12448 q_pkts=5 q_bytes=7520 qdelay_l_ms=1.08238 qdelay_c_ms=1.07865 ecn_mark=934 drop=0
[QUEUE_STATS] t_ms=12464 q_pkts=7 q_bytes=10528 qdelay_l_ms=1.07869 qdelay_c_ms=2.20298 ecn_mark=934 drop=0
[QUEUE_STATS] t_ms=12480 q_pkts=5 q_bytes=7520 qdelay_l_ms=1.02852 qdelay_c_ms=1.03673 ecn_mark=934 drop=0
[QUEUE_STATS] t_ms=12496 q_pkts=5 q_bytes=7520 qdelay_l_ms=1.06966 qdelay_c_ms=1.06682 ecn_mark=934 drop=0
[QUEUE_STATS] t_ms=12512 q_pkts=6 q_bytes=9024 qdelay_l_ms=1.07212 qdelay_c_ms=2.14784 ecn_mark=935 drop=0
[QUEUE_STATS] t_ms=12528 q_pkts=5 q_bytes=7520 qdelay_l_ms=1.0369 qdelay_c_ms=2.16152 ecn_mark=935 drop=0
[QUEUE_STATS] t_ms=12544 q_pkts=3 q_bytes=4512 qdelay_l_ms=1.05604 qdelay_c_ms=2.16908 ecn_mark=935 drop=0
[QUEUE_STATS] t_ms=12560 q_pkts=7 q_bytes=10528 qdelay_l_ms=0.753436 qdelay_c_ms=0.748096 ecn_mark=936 drop=0
[QUEUE_STATS] t_ms=12576 q_pkts=5 q_bytes=7520 qdelay_l_ms=0.95787 qdelay_c_ms=0.966276 ecn_mark=936 drop=0
[QUEUE_STATS] t_ms=12592 q_pkts=6 q_bytes=9024 qdelay_l_ms=1.06124 qdelay_c_ms=2.16568 ecn_mark=938 drop=0
[QUEUE_STATS] t_ms=12608 q_pkts=5 q_bytes=7520 qdelay_l_ms=1.08158 qdelay_c_ms=1.07829 ecn_mark=940 drop=0
[QUEUE_STATS] t_ms=12625 q_pkts=6 q_bytes=9024 qdelay_l_ms=1.07599 qdelay_c_ms=1.78708 ecn_mark=941 drop=0
[QUEUE_STATS] t_ms=12640 q_pkts=5 q_bytes=7520 qdelay_l_ms=0.717378 qdelay_c_ms=0.71335 ecn_mark=941 drop=0
[QUEUE_STATS] t_ms=12656 q_pkts=9 q_bytes=13536 qdelay_l_ms=1.01135 qdelay_c_ms=2.14919 ecn_mark=942 drop=0
[QUEUE_STATS] t_ms=12672 q_pkts=4 q_bytes=6016 qdelay_l_ms=1.07366 qdelay_c_ms=1.07013 ecn_mark=942 drop=0
[QUEUE_STATS] t_ms=12688 q_pkts=5 q_bytes=7520 qdelay_l_ms=1.06743 qdelay_c_ms=3.07629 ecn_mark=942 drop=0
[QUEUE_STATS] t_ms=12704 q_pkts=8 q_bytes=12032 qdelay_l_ms=1.08127 qdelay_c_ms=2.12682 ecn_mark=943 drop=0
[QUEUE_STATS] t_ms=12720 q_pkts=5 q_bytes=7520 qdelay_l_ms=1.08161 qdelay_c_ms=1.07817 ecn_mark=944 drop=0
[QUEUE_STATS] t_ms=12736 q_pkts=6 q_bytes=9024 qdelay_l_ms=1.04958 qdelay_c_ms=2.12696 ecn_mark=946 drop=0
[QUEUE_STATS] t_ms=12752 q_pkts=5 q_bytes=7520 qdelay_l_ms=1.06276 qdelay_c_ms=2.13833 ecn_mark=948 drop=0
[QUEUE_STATS] t_ms=12768 q_pkts=4 q_bytes=6016 qdelay_l_ms=0.920961 qdelay_c_ms=2.06939 ecn_mark=949 drop=0
[QUEUE_STATS] t_ms=12784 q_pkts=5 q_bytes=7520 qdelay_l_ms=1.06047 qdelay_c_ms=2.14429 ecn_mark=950 drop=0
[QUEUE_STATS] t_ms=12800 q_pkts=9 q_bytes=13536 qdelay_l_ms=0.482236 qdelay_c_ms=1.59268 ecn_mark=950 drop=0
[QUEUE_STATS] t_ms=12816 q_pkts=6 q_bytes=9024 qdelay_l_ms=0.935258 qdelay_c_ms=2.07602 ecn_mark=951 drop=0
[QUEUE_STATS] t_ms=12832 q_pkts=5 q_bytes=7520 qdelay_l_ms=1.07917 qdelay_c_ms=1.07582 ecn_mark=952 drop=0
[QUEUE_STATS] t_ms=12848 q_pkts=10 q_bytes=15040 qdelay_l_ms=1.08693 qdelay_c_ms=1.46466 ecn_mark=952 drop=0
[QUEUE_STATS] t_ms=12864 q_pkts=7 q_bytes=10528 qdelay_l_ms=1.08056 qdelay_c_ms=2.01034 ecn_mark=952 drop=0
[QUEUE_STATS] t_ms=12881 q_pkts=5 q_bytes=7520 qdelay_l_ms=1.06296 qdelay_c_ms=1.45102 ecn_mark=953 drop=0
[QUEUE_STATS] t_ms=12896 q_pkts=10 q_bytes=15040 qdelay_l_ms=1.08234 qdelay_c_ms=2.10541 ecn_mark=955 drop=0
[QUEUE_STATS] t_ms=12912 q_pkts=8 q_bytes=12032 qdelay_l_ms=1.0798 qdelay_c_ms=2.00498 ecn_mark=956 drop=0
[QUEUE_STATS] t_ms=12928 q_pkts=6 q_bytes=9024 qdelay_l_ms=1.07634 qdelay_c_ms=2.09057 ecn_mark=956 drop=0
[QUEUE_STATS] t_ms=12944 q_pkts=8 q_bytes=12032 qdelay_l_ms=1.05729 qdelay_c_ms=2.99958 ecn_mark=958 drop=0
[QUEUE_STATS] t_ms=12960 q_pkts=7 q_bytes=10528 qdelay_l_ms=1.05812 qdelay_c_ms=3.20098 ecn_mark=959 drop=0
[QUEUE_STATS] t_ms=12976 q_pkts=7 q_bytes=10528 qdelay_l_ms=1.07104 qdelay_c_ms=2.16726 ecn_mark=960 drop=0
[QUEUE_STATS] t_ms=12992 q_pkts=9 q_bytes=13536 qdelay_l_ms=1.08639 qdelay_c_ms=3.22578 ecn_mark=961 drop=0
[QUEUE_STATS] t_ms=13008 q_pkts=8 q_bytes=12032 qdelay_l_ms=0.973831 qdelay_c_ms=2.47556 ecn_mark=962 drop=0
[QUEUE_STATS] t_ms=13024 q_pkts=7 q_bytes=10528 qdelay_l_ms=0.950597 qdelay_c_ms=2.07408 ecn_mark=965 drop=0
[QUEUE_STATS] t_ms=13040 q_pkts=9 q_bytes=13536 qdelay_l_ms=1.08151 qdelay_c_ms=3.14049 ecn_mark=965 drop=0
[QUEUE_STATS] t_ms=13056 q_pkts=10 q_bytes=15040 qdelay_l_ms=1.06091 qdelay_c_ms=3.78099 ecn_mark=967 drop=0
[QUEUE_STATS] t_ms=13072 q_pkts=8 q_bytes=12032 qdelay_l_ms=1.02012 qdelay_c_ms=2.62577 ecn_mark=969 drop=0
[QUEUE_STATS] t_ms=13088 q_pkts=11 q_bytes=16544 qdelay_l_ms=1.01178 qdelay_c_ms=2.62943 ecn_mark=970 drop=0
[QUEUE_STATS] t_ms=13104 q_pkts=10 q_bytes=15040 qdelay_l_ms=0.37245 qdelay_c_ms=2.55252 ecn_mark=970 drop=0
[QUEUE_STATS] t_ms=13120 q_pkts=10 q_bytes=15040 qdelay_l_ms=0.954925 qdelay_c_ms=2.77307 ecn_mark=971 drop=0
[QUEUE_STATS] t_ms=13136 q_pkts=9 q_bytes=13536 qdelay_l_ms=1.06807 qdelay_c_ms=3.19304 ecn_mark=971 drop=0
[QUEUE_STATS] t_ms=13152 q_pkts=10 q_bytes=15040 qdelay_l_ms=1.07457 qdelay_c_ms=3.21042 ecn_mark=973 drop=0
[QUEUE_STATS] t_ms=13169 q_pkts=10 q_bytes=15040 qdelay_l_ms=1.07866 qdelay_c_ms=3.79356 ecn_mark=974 drop=0
[QUEUE_STATS] t_ms=13184 q_pkts=12 q_bytes=18048 qdelay_l_ms=1.05334 qdelay_c_ms=4.29672 ecn_mark=974 drop=0
[QUEUE_STATS] t_ms=13200 q_pkts=11 q_bytes=16544 qdelay_l_ms=1.07625 qdelay_c_ms=4.27099 ecn_mark=975 drop=0
[QUEUE_STATS] t_ms=13217 q_pkts=11 q_bytes=16544 qdelay_l_ms=1.07594 qdelay_c_ms=3.95187 ecn_mark=977 drop=0
[QUEUE_STATS] t_ms=13232 q_pkts=12 q_bytes=18048 qdelay_l_ms=1.07843 qdelay_c_ms=3.82211 ecn_mark=977 drop=0
[QUEUE_STATS] t_ms=13248 q_pkts=11 q_bytes=16544 qdelay_l_ms=1.06848 qdelay_c_ms=2.80889 ecn_mark=978 drop=0
[QUEUE_STATS] t_ms=13264 q_pkts=12 q_bytes=18048 qdelay_l_ms=1.07074 qdelay_c_ms=3.61644 ecn_mark=978 drop=0
[QUEUE_STATS] t_ms=13280 q_pkts=12 q_bytes=18048 qdelay_l_ms=1.08426 qdelay_c_ms=3.9771 ecn_mark=978 drop=0
[QUEUE_STATS] t_ms=13296 q_pkts=11 q_bytes=16544 qdelay_l_ms=0.960856 qdelay_c_ms=2.78689 ecn_mark=978 drop=0
[QUEUE_STATS] t_ms=13312 q_pkts=11 q_bytes=16544 qdelay_l_ms=1.06557 qdelay_c_ms=3.26223 ecn_mark=978 drop=0
[QUEUE_STATS] t_ms=13328 q_pkts=13 q_bytes=19552 qdelay_l_ms=1.07858 qdelay_c_ms=3.50951 ecn_mark=981 drop=0
[QUEUE_STATS] t_ms=13344 q_pkts=12 q_bytes=18048 qdelay_l_ms=0.694725 qdelay_c_ms=3.92632 ecn_mark=984 drop=0
[QUEUE_STATS] t_ms=13360 q_pkts=12 q_bytes=18048 qdelay_l_ms=1.05184 qdelay_c_ms=3.92983 ecn_mark=986 drop=0
[QUEUE_STATS] t_ms=13376 q_pkts=14 q_bytes=21056 qdelay_l_ms=0.976265 qdelay_c_ms=4.6595 ecn_mark=987 drop=0
[QUEUE_STATS] t_ms=13392 q_pkts=13 q_bytes=19552 qdelay_l_ms=0.967078 qdelay_c_ms=3.79588 ecn_mark=989 drop=0
[QUEUE_STATS] t_ms=13409 q_pkts=11 q_bytes=16544 qdelay_l_ms=1.06216 qdelay_c_ms=3.60442 ecn_mark=989 drop=0
[QUEUE_STATS] t_ms=13424 q_pkts=13 q_bytes=19552 qdelay_l_ms=1.05334 qdelay_c_ms=3.59707 ecn_mark=989 drop=0
[QUEUE_STATS] t_ms=13440 q_pkts=14 q_bytes=21056 qdelay_l_ms=0.918075 qdelay_c_ms=4.95636 ecn_mark=990 drop=0
[QUEUE_STATS] t_ms=13456 q_pkts=13 q_bytes=19552 qdelay_l_ms=0.605498 qdelay_c_ms=4.95811 ecn_mark=991 drop=0
[QUEUE_STATS] t_ms=13472 q_pkts=15 q_bytes=22560 qdelay_l_ms=0.953091 qdelay_c_ms=4.76334 ecn_mark=992 drop=0
[QUEUE_STATS] t_ms=13488 q_pkts=14 q_bytes=21056 qdelay_l_ms=0.955496 qdelay_c_ms=4.85328 ecn_mark=992 drop=0
[QUEUE_STATS] t_ms=13504 q_pkts=14 q_bytes=21056 qdelay_l_ms=1.08166 qdelay_c_ms=5.16228 ecn_mark=994 drop=0
[QUEUE_STATS] t_ms=13520 q_pkts=14 q_bytes=21056 qdelay_l_ms=1.09377 qdelay_c_ms=4.73567 ecn_mark=994 drop=0
[QUEUE_STATS] t_ms=13536 q_pkts=16 q_bytes=24064 qdelay_l_ms=1.06331 qdelay_c_ms=6.49138 ecn_mark=994 drop=0
[QUEUE_STATS] t_ms=13552 q_pkts=15 q_bytes=22560 qdelay_l_ms=0.910081 qdelay_c_ms=5.04355 ecn_mark=995 drop=0
[QUEUE_STATS] t_ms=13568 q_pkts=14 q_bytes=21056 qdelay_l_ms=0.384453 qdelay_c_ms=5.76271 ecn_mark=996 drop=0
[QUEUE_STATS] t_ms=13584 q_pkts=18 q_bytes=27072 qdelay_l_ms=0.572026 qdelay_c_ms=4.84619 ecn_mark=996 drop=0
[QUEUE_STATS] t_ms=13601 q_pkts=16 q_bytes=24064 qdelay_l_ms=1.06189 qdelay_c_ms=4.80498 ecn_mark=996 drop=0
[QUEUE_STATS] t_ms=13616 q_pkts=18 q_bytes=27072 qdelay_l_ms=1.07248 qdelay_c_ms=6.08132 ecn_mark=996 drop=0
[QUEUE_STATS] t_ms=13632 q_pkts=17 q_bytes=25568 qdelay_l_ms=1.08559 qdelay_c_ms=5.69774 ecn_mark=996 drop=0
[QUEUE_STATS] t_ms=13648 q_pkts=16 q_bytes=24064 qdelay_l_ms=0.891245 qdelay_c_ms=6.05548 ecn_mark=996 drop=0
[QUEUE_STATS] t_ms=13664 q_pkts=19 q_bytes=28576 qdelay_l_ms=1.01188 qdelay_c_ms=5.98758 ecn_mark=998 drop=0
[QUEUE_STATS] t_ms=13680 q_pkts=17 q_bytes=25568 qdelay_l_ms=0 qdelay_c_ms=6.42633 ecn_mark=1001 drop=0
[QUEUE_STATS] t_ms=13696 q_pkts=17 q_bytes=25568 qdelay_l_ms=1.08096 qdelay_c_ms=5.54101 ecn_mark=1003 drop=0
[QUEUE_STATS] t_ms=13712 q_pkts=19 q_bytes=28576 qdelay_l_ms=1.07054 qdelay_c_ms=7.0692 ecn_mark=1004 drop=0
[QUEUE_STATS] t_ms=13728 q_pkts=19 q_bytes=28576 qdelay_l_ms=1.06676 qdelay_c_ms=6.84875 ecn_mark=1004 drop=0
[QUEUE_STATS] t_ms=13744 q_pkts=18 q_bytes=27072 qdelay_l_ms=0.364686 qdelay_c_ms=5.79029 ecn_mark=1005 drop=0
[QUEUE_STATS] t_ms=13760 q_pkts=18 q_bytes=27072 qdelay_l_ms=0.667164 qdelay_c_ms=5.89323 ecn_mark=1007 drop=0
[QUEUE_STATS] t_ms=13776 q_pkts=20 q_bytes=30080 qdelay_l_ms=1.01257 qdelay_c_ms=6.66989 ecn_mark=1007 drop=0
[QUEUE_STATS] t_ms=13792 q_pkts=19 q_bytes=28576 qdelay_l_ms=1.08162 qdelay_c_ms=5.87641 ecn_mark=1008 drop=0
[QUEUE_STATS] t_ms=13808 q_pkts=21 q_bytes=31584 qdelay_l_ms=1.0605 qdelay_c_ms=7.11111 ecn_mark=1009 drop=0
[QUEUE_STATS] t_ms=13824 q_pkts=21 q_bytes=31584 qdelay_l_ms=1.08056 qdelay_c_ms=7.4439 ecn_mark=1010 drop=0
[QUEUE_STATS] t_ms=13840 q_pkts=20 q_bytes=30080 qdelay_l_ms=1.06943 qdelay_c_ms=7.33642 ecn_mark=1010 drop=0
[QUEUE_STATS] t_ms=13856 q_pkts=20 q_bytes=30080 qdelay_l_ms=1.05665 qdelay_c_ms=6.73094 ecn_mark=1010 drop=0
[QUEUE_STATS] t_ms=13872 q_pkts=19 q_bytes=28576 qdelay_l_ms=0.892127 qdelay_c_ms=7.78195 ecn_mark=1010 drop=0
[QUEUE_STATS] t_ms=13888 q_pkts=22 q_bytes=33088 qdelay_l_ms=1.08197 qdelay_c_ms=8.15907 ecn_mark=1011 drop=0
[QUEUE_STATS] t_ms=13904 q_pkts=21 q_bytes=31584 qdelay_l_ms=1.06319 qdelay_c_ms=6.82425 ecn_mark=1012 drop=0
[QUEUE_STATS] t_ms=13920 q_pkts=22 q_bytes=33088 qdelay_l_ms=1.08164 qdelay_c_ms=7.24363 ecn_mark=1013 drop=0
[QUEUE_STATS] t_ms=13936 q_pkts=21 q_bytes=31584 qdelay_l_ms=0.604416 qdelay_c_ms=6.63058 ecn_mark=1016 drop=0
[QUEUE_STATS] t_ms=13952 q_pkts=21 q_bytes=31584 qdelay_l_ms=1.0646 qdelay_c_ms=7.08316 ecn_mark=1019 drop=0
[QUEUE_STATS] t_ms=13968 q_pkts=22 q_bytes=33088 qdelay_l_ms=0.877199 qdelay_c_ms=8.01139 ecn_mark=1022 drop=0
[QUEUE_STATS] t_ms=13984 q_pkts=20 q_bytes=30080 qdelay_l_ms=0.736534 qdelay_c_ms=6.91953 ecn_mark=1024 drop=0
[QUEUE_STATS] t_ms=14000 q_pkts=22 q_bytes=33088 qdelay_l_ms=1.06298 qdelay_c_ms=7.95677 ecn_mark=1026 drop=0
[QUEUE_STATS] t_ms=14016 q_pkts=23 q_bytes=34592 qdelay_l_ms=0.905452 qdelay_c_ms=6.82355 ecn_mark=1026 drop=0
[QUEUE_STATS] t_ms=14032 q_pkts=19 q_bytes=28576 qdelay_l_ms=1.05269 qdelay_c_ms=6.64159 ecn_mark=1027 drop=0
[QUEUE_STATS] t_ms=14048 q_pkts=20 q_bytes=30080 qdelay_l_ms=0.892597 qdelay_c_ms=6.75438 ecn_mark=1030 drop=0
[QUEUE_STATS] t_ms=14064 q_pkts=24 q_bytes=36096 qdelay_l_ms=0 qdelay_c_ms=6.83276 ecn_mark=1032 drop=0
[QUEUE_STATS] t_ms=14080 q_pkts=21 q_bytes=31584 qdelay_l_ms=0.919488 qdelay_c_ms=8.85152 ecn_mark=1033 drop=0
[QUEUE_STATS] t_ms=14096 q_pkts=22 q_bytes=33088 qdelay_l_ms=1.01906 qdelay_c_ms=8.12821 ecn_mark=1034 drop=0
[QUEUE_STATS] t_ms=14112 q_pkts=24 q_bytes=36096 qdelay_l_ms=0.923967 qdelay_c_ms=7.77421 ecn_mark=1034 drop=0
[QUEUE_STATS] t_ms=14128 q_pkts=20 q_bytes=30080 qdelay_l_ms=1.07907 qdelay_c_ms=6.76899 ecn_mark=1034 drop=0
[QUEUE_STATS] t_ms=14144 q_pkts=23 q_bytes=34592 qdelay_l_ms=1.06974 qdelay_c_ms=7.84192 ecn_mark=1034 drop=0
[QUEUE_STATS] t_ms=14160 q_pkts=24 q_bytes=36096 qdelay_l_ms=0 qdelay_c_ms=8.04502 ecn_mark=1035 drop=0
[QUEUE_STATS] t_ms=14176 q_pkts=22 q_bytes=33088 qdelay_l_ms=1.05066 qdelay_c_ms=8.36155 ecn_mark=1036 drop=0
[QUEUE_STATS] t_ms=14192 q_pkts=23 q_bytes=34592 qdelay_l_ms=1.06911 qdelay_c_ms=9.20178 ecn_mark=1038 drop=0
[QUEUE_STATS] t_ms=14209 q_pkts=23 q_bytes=34592 qdelay_l_ms=1.07729 qdelay_c_ms=7.93983 ecn_mark=1038 drop=0
[QUEUE_STATS] t_ms=14224 q_pkts=23 q_bytes=34592 qdelay_l_ms=1.06953 qdelay_c_ms=8.21822 ecn_mark=1040 drop=0
[QUEUE_STATS] t_ms=14240 q_pkts=23 q_bytes=34592 qdelay_l_ms=1.05452 qdelay_c_ms=8.2279 ecn_mark=1041 drop=0
[QUEUE_STATS] t_ms=14256 q_pkts=24 q_bytes=36096 qdelay_l_ms=1.08085 qdelay_c_ms=8.16783 ecn_mark=1043 drop=0
[QUEUE_STATS] t_ms=14272 q_pkts=10 q_bytes=15040 qdelay_l_ms=1.06452 qdelay_c_ms=5.44934 ecn_mark=1043 drop=0
[QUEUE_STATS] t_ms=14288 q_pkts=4 q_bytes=6016 qdelay_l_ms=1.07224 qdelay_c_ms=1.06923 ecn_mark=1044 drop=0
[QUEUE_STATS] t_ms=14304 q_pkts=3 q_bytes=4512 qdelay_l_ms=1.06306 qdelay_c_ms=1.06857 ecn_mark=1046 drop=0
[QUEUE_STATS] t_ms=14320 q_pkts=6 q_bytes=9024 qdelay_l_ms=0.912405 qdelay_c_ms=2.02834 ecn_mark=1046 drop=0
[QUEUE_STATS] t_ms=14336 q_pkts=2 q_bytes=3008 qdelay_l_ms=1.01629 qdelay_c_ms=1.01885 ecn_mark=1046 drop=0
[QUEUE_STATS] t_ms=14352 q_pkts=4 q_bytes=6016 qdelay_l_ms=0.587174 qdelay_c_ms=1.68692 ecn_mark=1046 drop=0
[QUEUE_STATS] t_ms=14368 q_pkts=3 q_bytes=4512 qdelay_l_ms=0.376778 qdelay_c_ms=1.43888 ecn_mark=1046 drop=0
[QUEUE_STATS] t_ms=14384 q_pkts=4 q_bytes=6016 qdelay_l_ms=1.05142 qdelay_c_ms=1.05517 ecn_mark=1047 drop=0
[QUEUE_STATS] t_ms=14400 q_pkts=5 q_bytes=7520 qdelay_l_ms=1.06717 qdelay_c_ms=2.17225 ecn_mark=1049 drop=0
[QUEUE_STATS] t_ms=14416 q_pkts=3 q_bytes=4512 qdelay_l_ms=1.06291 qdelay_c_ms=1.07354 ecn_mark=1049 drop=0
[QUEUE_STATS] t_ms=14432 q_pkts=6 q_bytes=9024 qdelay_l_ms=1.08069 qdelay_c_ms=1.077 ecn_mark=1049 drop=0
[QUEUE_STATS] t_ms=14448 q_pkts=5 q_bytes=7520 qdelay_l_ms=1.07373 qdelay_c_ms=1.90919 ecn_mark=1050 drop=0
[QUEUE_STATS] t_ms=14464 q_pkts=4 q_bytes=6016 qdelay_l_ms=1.07271 qdelay_c_ms=1.06542 ecn_mark=1053 drop=0
[QUEUE_STATS] t_ms=14481 q_pkts=4 q_bytes=6016 qdelay_l_ms=1.07502 qdelay_c_ms=1.07137 ecn_mark=1054 drop=0
[QUEUE_STATS] t_ms=14496 q_pkts=3 q_bytes=4512 qdelay_l_ms=1.05812 qdelay_c_ms=1.06335 ecn_mark=1054 drop=0
[QUEUE_STATS] t_ms=14512 q_pkts=3 q_bytes=4512 qdelay_l_ms=1.01216 qdelay_c_ms=1.01774 ecn_mark=1056 drop=0
[QUEUE_STATS] t_ms=14528 q_pkts=4 q_bytes=6016 qdelay_l_ms=1.07737 qdelay_c_ms=1.07381 ecn_mark=1058 drop=0
[QUEUE_STATS] t_ms=14544 q_pkts=4 q_bytes=6016 qdelay_l_ms=1.07366 qdelay_c_ms=1.06932 ecn_mark=1061 drop=0
[QUEUE_STATS] t_ms=14560 q_pkts=4 q_bytes=6016 qdelay_l_ms=1.06402 qdelay_c_ms=1.06073 ecn_mark=1061 drop=0
[QUEUE_STATS] t_ms=14576 q_pkts=6 q_bytes=9024 qdelay_l_ms=1.06002 qdelay_c_ms=1.95294 ecn_mark=1061 drop=0
[QUEUE_STATS] t_ms=14592 q_pkts=4 q_bytes=6016 qdelay_l_ms=1.02944 qdelay_c_ms=1.0258 ecn_mark=1062 drop=0
[QUEUE_STATS] t_ms=14608 q_pkts=2 q_bytes=3008 qdelay_l_ms=0 qdelay_c_ms=2.05862 ecn_mark=1062 drop=0
[QUEUE_STATS] t_ms=14624 q_pkts=3 q_bytes=4512 qdelay_l_ms=1.07905 qdelay_c_ms=1.07514 ecn_mark=1063 drop=0
[QUEUE_STATS] t_ms=14640 q_pkts=4 q_bytes=6016 qdelay_l_ms=1.06611 qdelay_c_ms=1.06311 ecn_mark=1065 drop=0
[QUEUE_STATS] t_ms=14656 q_pkts=3 q_bytes=4512 qdelay_l_ms=1.05954 qdelay_c_ms=1.06889 ecn_mark=1067 drop=0
[QUEUE_STATS] t_ms=14672 q_pkts=4 q_bytes=6016 qdelay_l_ms=0.907366 qdelay_c_ms=0.904671 ecn_mark=1068 drop=0
[QUEUE_STATS] t_ms=14688 q_pkts=1 q_bytes=1504 qdelay_l_ms=1.06291 qdelay_c_ms=0 ecn_mark=1068 drop=0
[QUEUE_STATS] t_ms=14704 q_pkts=6 q_bytes=9024 qdelay_l_ms=0.909389 qdelay_c_ms=0.906694 ecn_mark=1068 drop=0
[QUEUE_STATS] t_ms=14720 q_pkts=1 q_bytes=1504 qdelay_l_ms=1.07171 qdelay_c_ms=0 ecn_mark=1069 drop=0
[QUEUE_STATS] t_ms=14736 q_pkts=4 q_bytes=6016 qdelay_l_ms=0.625836 qdelay_c_ms=0.623371 ecn_mark=1071 drop=0
[QUEUE_STATS] t_ms=14752 q_pkts=2 q_bytes=3008 qdelay_l_ms=1.07193 qdelay_c_ms=1.06847 ecn_mark=1073 drop=0
[QUEUE_STATS] t_ms=14768 q_pkts=2 q_bytes=3008 qdelay_l_ms=0.882128 qdelay_c_ms=0 ecn_mark=1073 drop=0
[QUEUE_STATS] t_ms=14784 q_pkts=3 q_bytes=4512 qdelay_l_ms=1.06123 qdelay_c_ms=1.07204 ecn_mark=1075 drop=0
[QUEUE_STATS] t_ms=14800 q_pkts=1 q_bytes=1504 qdelay_l_ms=0.858874 qdelay_c_ms=0 ecn_mark=1077 drop=0
[QUEUE_STATS] t_ms=14816 q_pkts=5 q_bytes=7520 qdelay_l_ms=1.06197 qdelay_c_ms=1.08241 ecn_mark=1079 drop=0
[QUEUE_STATS] t_ms=14832 q_pkts=5 q_bytes=7520 qdelay_l_ms=1.06973 qdelay_c_ms=1.95524 ecn_mark=1080 drop=0
[QUEUE_STATS] t_ms=14848 q_pkts=5 q_bytes=7520 qdelay_l_ms=1.07862 qdelay_c_ms=1.07512 ecn_mark=1080 drop=0
[QUEUE_STATS] t_ms=14864 q_pkts=4 q_bytes=6016 qdelay_l_ms=1.04868 qdelay_c_ms=1.04537 ecn_mark=1081 drop=0
[QUEUE_STATS] t_ms=14880 q_pkts=4 q_bytes=6016 qdelay_l_ms=1.06119 qdelay_c_ms=1.06735 ecn_mark=1081 drop=0
[QUEUE_STATS] t_ms=14896 q_pkts=4 q_bytes=6016 qdelay_l_ms=0.786668 qdelay_c_ms=0.784093 ecn_mark=1082 drop=0
[QUEUE_STATS] t_ms=14912 q_pkts=1 q_bytes=1504 qdelay_l_ms=1.05149 qdelay_c_ms=0 ecn_mark=1083 drop=0
[QUEUE_STATS] t_ms=14928 q_pkts=7 q_bytes=10528 qdelay_l_ms=0.907045 qdelay_c_ms=2.00918 ecn_mark=1083 drop=0
[QUEUE_STATS] t_ms=14944 q_pkts=3 q_bytes=4512 qdelay_l_ms=1.05801 qdelay_c_ms=1.06374 ecn_mark=1084 drop=0
[QUEUE_STATS] t_ms=14960 q_pkts=5 q_bytes=7520 qdelay_l_ms=1.01198 qdelay_c_ms=2.08815 ecn_mark=1084 drop=0
[QUEUE_STATS] t_ms=14976 q_pkts=3 q_bytes=4512 qdelay_l_ms=1.08067 qdelay_c_ms=1.9713 ecn_mark=1084 drop=0
[QUEUE_STATS] t_ms=14992 q_pkts=3 q_bytes=4512 qdelay_l_ms=0.895574 qdelay_c_ms=0.892598 ecn_mark=1085 drop=0
[QUEUE_STATS] t_ms=15008 q_pkts=5 q_bytes=7520 qdelay_l_ms=1.05846 qdelay_c_ms=1.06978 ecn_mark=1087 drop=0
[QUEUE_STATS] t_ms=15024 q_pkts=2 q_bytes=3008 qdelay_l_ms=1.06016 qdelay_c_ms=0 ecn_mark=1087 drop=0
[QUEUE_STATS] t_ms=15041 q_pkts=5 q_bytes=7520 qdelay_l_ms=1.08246 qdelay_c_ms=1.07851 ecn_mark=1087 drop=0
[QUEUE_STATS] t_ms=15056 q_pkts=5 q_bytes=7520 qdelay_l_ms=1.0838 qdelay_c_ms=2.08804 ecn_mark=1088 drop=0
[QUEUE_STATS] t_ms=15072 q_pkts=4 q_bytes=6016 qdelay_l_ms=1.05969 qdelay_c_ms=2.08289 ecn_mark=1089 drop=0
[QUEUE_STATS] t_ms=15088 q_pkts=4 q_bytes=6016 qdelay_l_ms=1.07135 qdelay_c_ms=1.06794 ecn_mark=1090 drop=0
[QUEUE_STATS] t_ms=15104 q_pkts=1 q_bytes=1504 qdelay_l_ms=1.07035 qdelay_c_ms=0 ecn_mark=1090 drop=0
[QUEUE_STATS] t_ms=15120 q_pkts=4 q_bytes=6016 qdelay_l_ms=1.07409 qdelay_c_ms=1.06917 ecn_mark=1090 drop=0
[QUEUE_STATS] t_ms=15136 q_pkts=1 q_bytes=1504 qdelay_l_ms=1.02466 qdelay_c_ms=0 ecn_mark=1091 drop=0
[QUEUE_STATS] t_ms=15152 q_pkts=4 q_bytes=6016 qdelay_l_ms=1.07168 qdelay_c_ms=1.06817 ecn_mark=1092 drop=0
[QUEUE_STATS] t_ms=15168 q_pkts=5 q_bytes=7520 qdelay_l_ms=0.672785 qdelay_c_ms=2.00129 ecn_mark=1093 drop=0
[QUEUE_STATS] t_ms=15184 q_pkts=6 q_bytes=9024 qdelay_l_ms=1.00387 qdelay_c_ms=3.11506 ecn_mark=1093 drop=0
[QUEUE_STATS] t_ms=15200 q_pkts=4 q_bytes=6016 qdelay_l_ms=0.896044 qdelay_c_ms=0.892958 ecn_mark=1094 drop=0
[QUEUE_STATS] t_ms=15216 q_pkts=4 q_bytes=6016 qdelay_l_ms=1.07032 qdelay_c_ms=1.93433 ecn_mark=1094 drop=0
[QUEUE_STATS] t_ms=15232 q_pkts=4 q_bytes=6016 qdelay_l_ms=1.06583 qdelay_c_ms=1.06318 ecn_mark=1094 drop=0
[QUEUE_STATS] t_ms=15248 q_pkts=2 q_bytes=3008 qdelay_l_ms=1.06024 qdelay_c_ms=0 ecn_mark=1095 drop=0
[QUEUE_STATS] t_ms=15264 q_pkts=2 q_bytes=3008 qdelay_l_ms=1.07238 qdelay_c_ms=0 ecn_mark=1095 drop=0
[QUEUE_STATS] t_ms=15280 q_pkts=4 q_bytes=6016 qdelay_l_ms=1.03494 qdelay_c_ms=1.03136 ecn_mark=1096 drop=0
[QUEUE_STATS] t_ms=15296 q_pkts=5 q_bytes=7520 qdelay_l_ms=1.07611 qdelay_c_ms=1.68013 ecn_mark=1097 drop=0
[QUEUE_STATS] t_ms=15313 q_pkts=6 q_bytes=9024 qdelay_l_ms=1.07631 qdelay_c_ms=1.07297 ecn_mark=1097 drop=0
[QUEUE_STATS] t_ms=15328 q_pkts=5 q_bytes=7520 qdelay_l_ms=1.00627 qdelay_c_ms=1.01768 ecn_mark=1097 drop=0
[QUEUE_STATS] t_ms=15344 q_pkts=4 q_bytes=6016 qdelay_l_ms=1.07871 qdelay_c_ms=1.07538 ecn_mark=1099 drop=0
[QUEUE_STATS] t_ms=15360 q_pkts=2 q_bytes=3008 qdelay_l_ms=1.07433 qdelay_c_ms=0 ecn_mark=1100 drop=0
[QUEUE_STATS] t_ms=15376 q_pkts=3 q_bytes=4512 qdelay_l_ms=1.07389 qdelay_c_ms=1.07017 ecn_mark=1100 drop=0
[QUEUE_STATS] t_ms=15392 q_pkts=4 q_bytes=6016 qdelay_l_ms=1.07189 qdelay_c_ms=1.06851 ecn_mark=1102 drop=0
[QUEUE_STATS] t_ms=15408 q_pkts=4 q_bytes=6016 qdelay_l_ms=0.999959 qdelay_c_ms=0.996853 ecn_mark=1102 drop=0
[QUEUE_STATS] t_ms=15424 q_pkts=6 q_bytes=9024 qdelay_l_ms=0.87267 qdelay_c_ms=0.869845 ecn_mark=1103 drop=0
[QUEUE_STATS] t_ms=15440 q_pkts=4 q_bytes=6016 qdelay_l_ms=1.07753 qdelay_c_ms=1.07399 ecn_mark=1103 drop=0
[QUEUE_STATS] t_ms=15456 q_pkts=4 q_bytes=6016 qdelay_l_ms=0.997104 qdelay_c_ms=1.00287 ecn_mark=1103 drop=0
[QUEUE_STATS] t_ms=15472 q_pkts=6 q_bytes=9024 qdelay_l_ms=1.08402 qdelay_c_ms=1.08044 ecn_mark=1103 drop=0
[QUEUE_STATS] t_ms=15488 q_pkts=2 q_bytes=3008 qdelay_l_ms=0.793642 qdelay_c_ms=0.790737 ecn_mark=1104 drop=0
[QUEUE_STATS] t_ms=15504 q_pkts=3 q_bytes=4512 qdelay_l_ms=0.336733 qdelay_c_ms=0.350499 ecn_mark=1105 drop=0
[QUEUE_STATS] t_ms=15520 q_pkts=4 q_bytes=6016 qdelay_l_ms=0.843716 qdelay_c_ms=1.95888 ecn_mark=1106 drop=0
[QUEUE_STATS] t_ms=15536 q_pkts=3 q_bytes=4512 qdelay_l_ms=1.06289 qdelay_c_ms=1.06043 ecn_mark=1109 drop=0
[QUEUE_STATS] t_ms=15552 q_pkts=5 q_bytes=7520 qdelay_l_ms=1.07523 qdelay_c_ms=1.43672 ecn_mark=1109 drop=0
[QUEUE_STATS] t_ms=15568 q_pkts=5 q_bytes=7520 qdelay_l_ms=1.06749 qdelay_c_ms=1.06438 ecn_mark=1110 drop=0
[QUEUE_STATS] t_ms=15584 q_pkts=1 q_bytes=1504 qdelay_l_ms=1.02388 qdelay_c_ms=0 ecn_mark=1113 drop=0
[QUEUE_STATS] t_ms=15600 q_pkts=4 q_bytes=6016 qdelay_l_ms=0.832996 qdelay_c_ms=0.82998 ecn_mark=1114 drop=0
[QUEUE_STATS] t_ms=15616 q_pkts=3 q_bytes=4512 qdelay_l_ms=1.07182 qdelay_c_ms=1.06852 ecn_mark=1114 drop=0
[QUEUE_STATS] t_ms=15632 q_pkts=4 q_bytes=6016 qdelay_l_ms=1.07713 qdelay_c_ms=1.70482 ecn_mark=1114 drop=0
[QUEUE_STATS] t_ms=15648 q_pkts=4 q_bytes=6016 qdelay_l_ms=1.07006 qdelay_c_ms=1.06645 ecn_mark=1115 drop=0
[QUEUE_STATS] t_ms=15664 q_pkts=2 q_bytes=3008 qdelay_l_ms=1.07145 qdelay_c_ms=1.06705 ecn_mark=1117 drop=0
[QUEUE_STATS] t_ms=15680 q_pkts=6 q_bytes=9024 qdelay_l_ms=1.05578 qdelay_c_ms=2.17472 ecn_mark=1117 drop=0
[QUEUE_STATS] t_ms=15696 q_pkts=4 q_bytes=6016 qdelay_l_ms=1.06914 qdelay_c_ms=2.02606 ecn_mark=1118 drop=0
[QUEUE_STATS] t_ms=15712 q_pkts=3 q_bytes=4512 qdelay_l_ms=1.0676 qdelay_c_ms=1.06446 ecn_mark=1118 drop=0
[QUEUE_STATS] t_ms=15728 q_pkts=3 q_bytes=4512 qdelay_l_ms=1.06918 qdelay_c_ms=1.06583 ecn_mark=1119 drop=0
[QUEUE_STATS] t_ms=15744 q_pkts=4 q_bytes=6016 qdelay_l_ms=1.06686 qdelay_c_ms=1.0641 ecn_mark=1120 drop=0
[QUEUE_STATS] t_ms=15760 q_pkts=4 q_bytes=6016 qdelay_l_ms=1.07761 qdelay_c_ms=1.07433 ecn_mark=1122 drop=0
[QUEUE_STATS] t_ms=15777 q_pkts=4 q_bytes=6016 qdelay_l_ms=1.07322 qdelay_c_ms=1.07004 ecn_mark=1124 drop=0
[QUEUE_STATS] t_ms=15792 q_pkts=3 q_bytes=4512 qdelay_l_ms=1.07378 qdelay_c_ms=1.43062 ecn_mark=1127 drop=0
[QUEUE_STATS] t_ms=15808 q_pkts=2 q_bytes=3008 qdelay_l_ms=0 qdelay_c_ms=0.799984 ecn_mark=1129 drop=0
[QUEUE_STATS] t_ms=15824 q_pkts=3 q_bytes=4512 qdelay_l_ms=0.755921 qdelay_c_ms=0.753065 ecn_mark=1130 drop=0
[QUEUE_STATS] t_ms=15840 q_pkts=4 q_bytes=6016 qdelay_l_ms=1.06804 qdelay_c_ms=1.06535 ecn_mark=1130 drop=0
[QUEUE_STATS] t_ms=15856 q_pkts=2 q_bytes=3008 qdelay_l_ms=0 qdelay_c_ms=1.85254 ecn_mark=1130 drop=0
[QUEUE_STATS] t_ms=15872 q_pkts=5 q_bytes=7520 qdelay_l_ms=0.996713 qdelay_c_ms=0.993727 ecn_mark=1131 drop=0
[QUEUE_STATS] t_ms=15888 q_pkts=4 q_bytes=6016 qdelay_l_ms=1.06669 qdelay_c_ms=1.06373 ecn_mark=1131 drop=0
[QUEUE_STATS] t_ms=15904 q_pkts=4 q_bytes=6016 qdelay_l_ms=1.06717 qdelay_c_ms=1.06409 ecn_mark=1131 drop=0
[QUEUE_STATS] t_ms=15920 q_pkts=2 q_bytes=3008 qdelay_l_ms=0.731796 qdelay_c_ms=0 ecn_mark=1131 drop=0
[QUEUE_STATS] t_ms=15937 q_pkts=6 q_bytes=9024 qdelay_l_ms=1.07014 qdelay_c_ms=1.69111 ecn_mark=1133 drop=0
[QUEUE_STATS] t_ms=15952 q_pkts=2 q_bytes=3008 qdelay_l_ms=0 qdelay_c_ms=1.06966 ecn_mark=1137 drop=0
[QUEUE_STATS] t_ms=15968 q_pkts=2 q_bytes=3008 qdelay_l_ms=1.05603 qdelay_c_ms=1.05861 ecn_mark=1138 drop=0
[QUEUE_STATS] t_ms=15984 q_pkts=5 q_bytes=7520 qdelay_l_ms=1.06261 qdelay_c_ms=1.08201 ecn_mark=1139 drop=0
[QUEUE_STATS] t_ms=16000 q_pkts=3 q_bytes=4512 qdelay_l_ms=1.0542 qdelay_c_ms=1.06023 ecn_mark=1139 drop=0
[QUEUE_STATS] t_ms=16016 q_pkts=4 q_bytes=6016 qdelay_l_ms=1.04714 qdelay_c_ms=1.04431 ecn_mark=1139 drop=0
[QUEUE_STATS] t_ms=16032 q_pkts=4 q_bytes=6016 qdelay_l_ms=1.05826 qdelay_c_ms=2.17193 ecn_mark=1139 drop=0
[QUEUE_STATS] t_ms=16049 q_pkts=4 q_bytes=6016 qdelay_l_ms=1.07558 qdelay_c_ms=1.0701 ecn_mark=1139 drop=0
[QUEUE_STATS] t_ms=16064 q_pkts=6 q_bytes=9024 qdelay_l_ms=1.05842 qdelay_c_ms=2.1571 ecn_mark=1140 drop=0
[QUEUE_STATS] t_ms=16080 q_pkts=5 q_bytes=7520 qdelay_l_ms=0.955766 qdelay_c_ms=0.966627 ecn_mark=1140 drop=0
[QUEUE_STATS] t_ms=16096 q_pkts=3 q_bytes=4512 qdelay_l_ms=1.05929 qdelay_c_ms=1.06485 ecn_mark=1140 drop=0
[QUEUE_STATS] t_ms=16112 q_pkts=6 q_bytes=9024 qdelay_l_ms=0.554922 qdelay_c_ms=1.62576 ecn_mark=1142 drop=0
[QUEUE_STATS] t_ms=16128 q_pkts=2 q_bytes=3008 qdelay_l_ms=0 qdelay_c_ms=1.0612 ecn_mark=1144 drop=0
[QUEUE_STATS] t_ms=16144 q_pkts=5 q_bytes=7520 qdelay_l_ms=1.06666 qdelay_c_ms=2.16823 ecn_mark=1145 drop=0
[QUEUE_STATS] t_ms=16160 q_pkts=5 q_bytes=7520 qdelay_l_ms=1.05554 qdelay_c_ms=2.15273 ecn_mark=1145 drop=0
[QUEUE_STATS] t_ms=16176 q_pkts=1 q_bytes=1504 qdelay_l_ms=0.974681 qdelay_c_ms=0 ecn_mark=1145 drop=0
[QUEUE_STATS] t_ms=16192 q_pkts=5 q_bytes=7520 qdelay_l_ms=1.06702 qdelay_c_ms=2.17902 ecn_mark=1145 drop=0
[QUEUE_STATS] t_ms=16209 q_pkts=5 q_bytes=7520 qdelay_l_ms=1.0751 qdelay_c_ms=1.7941 ecn_mark=1148 drop=0
[QUEUE_STATS] t_ms=16224 q_pkts=4 q_bytes=6016 qdelay_l_ms=0.771581 qdelay_c_ms=0.768655 ecn_mark=1150 drop=0
[QUEUE_STATS] t_ms=16240 q_pkts=5 q_bytes=7520 qdelay_l_ms=1.07335 qdelay_c_ms=1.99236 ecn_mark=1150 drop=0
[QUEUE_STATS] t_ms=16256 q_pkts=3 q_bytes=4512 qdelay_l_ms=1.05481 qdelay_c_ms=2.16214 ecn_mark=1150 drop=0
[QUEUE_STATS] t_ms=16272 q_pkts=6 q_bytes=9024 qdelay_l_ms=0.916442 qdelay_c_ms=1.99687 ecn_mark=1151 drop=0
[QUEUE_STATS] t_ms=16288 q_pkts=4 q_bytes=6016 qdelay_l_ms=1.0784 qdelay_c_ms=1.07439 ecn_mark=1152 drop=0
[QUEUE_STATS] t_ms=16304 q_pkts=4 q_bytes=6016 qdelay_l_ms=1.07029 qdelay_c_ms=1.06688 ecn_mark=1153 drop=0
[QUEUE_STATS] t_ms=16320 q_pkts=4 q_bytes=6016 qdelay_l_ms=1.06412 qdelay_c_ms=1.06106 ecn_mark=1154 drop=0
[QUEUE_STATS] t_ms=16336 q_pkts=4 q_bytes=6016 qdelay_l_ms=1.02893 qdelay_c_ms=1.6492 ecn_mark=1155 drop=0
[QUEUE_STATS] t_ms=16352 q_pkts=4 q_bytes=6016 qdelay_l_ms=1.07397 qdelay_c_ms=1.07053 ecn_mark=1157 drop=0
[QUEUE_STATS] t_ms=16368 q_pkts=3 q_bytes=4512 qdelay_l_ms=0.962849 qdelay_c_ms=2.03619 ecn_mark=1157 drop=0
[QUEUE_STATS] t_ms=16384 q_pkts=4 q_bytes=6016 qdelay_l_ms=1.07205 qdelay_c_ms=2.13374 ecn_mark=1158 drop=0
[QUEUE_STATS] t_ms=16400 q_pkts=6 q_bytes=9024 qdelay_l_ms=0.953823 qdelay_c_ms=0.951048 ecn_mark=1158 drop=0
[QUEUE_STATS] t_ms=16416 q_pkts=2 q_bytes=3008 qdelay_l_ms=0 qdelay_c_ms=1.0733 ecn_mark=1159 drop=0
[QUEUE_STATS] t_ms=16432 q_pkts=5 q_bytes=7520 qdelay_l_ms=1.06025 qdelay_c_ms=1.071 ecn_mark=1162 drop=0
[QUEUE_STATS] t_ms=16448 q_pkts=5 q_bytes=7520 qdelay_l_ms=0.932804 qdelay_c_ms=2.01014 ecn_mark=1162 drop=0
[QUEUE_STATS] t_ms=16464 q_pkts=4 q_bytes=6016 qdelay_l_ms=1.0761 qdelay_c_ms=1.0727 ecn_mark=1162 drop=0
[QUEUE_STATS] t_ms=16480 q_pkts=2 q_bytes=3008 qdelay_l_ms=1.05834 qdelay_c_ms=1.06126 ecn_mark=1164 drop=0
[QUEUE_STATS] t_ms=16496 q_pkts=7 q_bytes=10528 qdelay_l_ms=1.06016 qdelay_c_ms=1.70577 ecn_mark=1167 drop=0
[QUEUE_STATS] t_ms=16512 q_pkts=4 q_bytes=6016 qdelay_l_ms=0.938714 qdelay_c_ms=2.01091 ecn_mark=1167 drop=0
[QUEUE_STATS] t_ms=16528 q_pkts=4 q_bytes=6016 qdelay_l_ms=1.06573 qdelay_c_ms=1.06283 ecn_mark=1168 drop=0
[QUEUE_STATS] t_ms=16544 q_pkts=4 q_bytes=6016 qdelay_l_ms=1.0639 qdelay_c_ms=1.06907 ecn_mark=1171 drop=0
[QUEUE_STATS] t_ms=16560 q_pkts=4 q_bytes=6016 qdelay_l_ms=0.762533 qdelay_c_ms=0.759577 ecn_mark=1173 drop=0
[QUEUE_STATS] t_ms=16576 q_pkts=3 q_bytes=4512 qdelay_l_ms=0.939215 qdelay_c_ms=0.935779 ecn_mark=1174 drop=0
[QUEUE_STATS] t_ms=16592 q_pkts=4 q_bytes=6016 qdelay_l_ms=1.05813 qdelay_c_ms=2.11095 ecn_mark=1174 drop=0
[QUEUE_STATS] t_ms=16608 q_pkts=4 q_bytes=6016 qdelay_l_ms=0.930519 qdelay_c_ms=1.97305 ecn_mark=1175 drop=0
[QUEUE_STATS] t_ms=16624 q_pkts=3 q_bytes=4512 qdelay_l_ms=1.0647 qdelay_c_ms=1.06163 ecn_mark=1175 drop=0
[QUEUE_STATS] t_ms=16640 q_pkts=4 q_bytes=6016 qdelay_l_ms=1.07537 qdelay_c_ms=1.98107 ecn_mark=1175 drop=0
[QUEUE_STATS] t_ms=16656 q_pkts=5 q_bytes=7520 qdelay_l_ms=0.711257 qdelay_c_ms=2.75881 ecn_mark=1176 drop=0
[QUEUE_STATS] t_ms=16672 q_pkts=4 q_bytes=6016 qdelay_l_ms=1.06132 qdelay_c_ms=2.16345 ecn_mark=1176 drop=0
[QUEUE_STATS] t_ms=16689 q_pkts=4 q_bytes=6016 qdelay_l_ms=1.06014 qdelay_c_ms=1.72592 ecn_mark=1177 drop=0
[QUEUE_STATS] t_ms=16704 q_pkts=5 q_bytes=7520 qdelay_l_ms=1.07532 qdelay_c_ms=1.77795 ecn_mark=1177 drop=0
[QUEUE_STATS] t_ms=16720 q_pkts=6 q_bytes=9024 qdelay_l_ms=1.06582 qdelay_c_ms=1.08414 ecn_mark=1177 drop=0
[QUEUE_STATS] t_ms=16736 q_pkts=2 q_bytes=3008 qdelay_l_ms=0 qdelay_c_ms=2.04491 ecn_mark=1178 drop=0
[QUEUE_STATS] t_ms=16752 q_pkts=5 q_bytes=7520 qdelay_l_ms=1.06395 qdelay_c_ms=2.1771 ecn_mark=1178 drop=0
[QUEUE_STATS] t_ms=16768 q_pkts=6 q_bytes=9024 qdelay_l_ms=0.93105 qdelay_c_ms=0.924658 ecn_mark=1178 drop=0
[QUEUE_STATS] t_ms=16784 q_pkts=5 q_bytes=7520 qdelay_l_ms=0.912485 qdelay_c_ms=2.00641 ecn_mark=1180 drop=0
[QUEUE_STATS] t_ms=16800 q_pkts=5 q_bytes=7520 qdelay_l_ms=1.06719 qdelay_c_ms=2.16324 ecn_mark=1183 drop=0
[QUEUE_STATS] t_ms=16816 q_pkts=2 q_bytes=3008 qdelay_l_ms=0.962739 qdelay_c_ms=2.03381 ecn_mark=1184 drop=0
[QUEUE_STATS] t_ms=16832 q_pkts=4 q_bytes=6016 qdelay_l_ms=1.0561 qdelay_c_ms=1.05306 ecn_mark=1184 drop=0
[QUEUE_STATS] t_ms=16848 q_pkts=4 q_bytes=6016 qdelay_l_ms=1.05734 qdelay_c_ms=1.05428 ecn_mark=1185 drop=0
[QUEUE_STATS] t_ms=16864 q_pkts=2 q_bytes=3008 qdelay_l_ms=1.04823 qdelay_c_ms=0 ecn_mark=1187 drop=0
[QUEUE_STATS] t_ms=16880 q_pkts=6 q_bytes=9024 qdelay_l_ms=1.0814 qdelay_c_ms=1.68857 ecn_mark=1190 drop=0
[QUEUE_STATS] t_ms=16897 q_pkts=5 q_bytes=7520 qdelay_l_ms=1.06285 qdelay_c_ms=1.08169 ecn_mark=1190 drop=0
[QUEUE_STATS] t_ms=16912 q_pkts=4 q_bytes=6016 qdelay_l_ms=0.918246 qdelay_c_ms=2.03757 ecn_mark=1191 drop=0
[QUEUE_STATS] t_ms=16928 q_pkts=6 q_bytes=9024 qdelay_l_ms=0.601871 qdelay_c_ms=1.54571 ecn_mark=1193 drop=0
[QUEUE_STATS] t_ms=16944 q_pkts=4 q_bytes=6016 qdelay_l_ms=0.582956 qdelay_c_ms=0.58014 ecn_mark=1194 drop=0
[QUEUE_STATS] t_ms=16960 q_pkts=4 q_bytes=6016 qdelay_l_ms=0.917224 qdelay_c_ms=0.913577 ecn_mark=1194 drop=0
[QUEUE_STATS] t_ms=16976 q_pkts=5 q_bytes=7520 qdelay_l_ms=0.86755 qdelay_c_ms=0.858383 ecn_mark=1194 drop=0
[QUEUE_STATS] t_ms=16992 q_pkts=3 q_bytes=4512 qdelay_l_ms=1.06962 qdelay_c_ms=1.0661 ecn_mark=1196 drop=0
[QUEUE_STATS] t_ms=17008 q_pkts=5 q_bytes=7520 qdelay_l_ms=0.912034 qdelay_c_ms=2.02745 ecn_mark=1196 drop=0
[QUEUE_STATS] t_ms=17024 q_pkts=6 q_bytes=9024 qdelay_l_ms=1.04148 qdelay_c_ms=2.18384 ecn_mark=1198 drop=0
[QUEUE_STATS] t_ms=17041 q_pkts=7 q_bytes=10528 qdelay_l_ms=1.08366 qdelay_c_ms=1.6921 ecn_mark=1198 drop=0
[QUEUE_STATS] t_ms=17056 q_pkts=5 q_bytes=7520 qdelay_l_ms=1.06002 qdelay_c_ms=2.17112 ecn_mark=1199 drop=0
[QUEUE_STATS] t_ms=17072 q_pkts=6 q_bytes=9024 qdelay_l_ms=1.05135 qdelay_c_ms=1.04773 ecn_mark=1199 drop=0
[QUEUE_STATS] t_ms=17088 q_pkts=4 q_bytes=6016 qdelay_l_ms=1.0702 qdelay_c_ms=1.89887 ecn_mark=1199 drop=0
[QUEUE_STATS] t_ms=17104 q_pkts=3 q_bytes=4512 qdelay_l_ms=1.04357 qdelay_c_ms=1.04081 ecn_mark=1200 drop=0
[QUEUE_STATS] t_ms=17120 q_pkts=2 q_bytes=3008 qdelay_l_ms=0 qdelay_c_ms=0.034094 ecn_mark=1204 drop=0
[QUEUE_STATS] t_ms=17136 q_pkts=5 q_bytes=7520 qdelay_l_ms=1.06999 qdelay_c_ms=2.19255 ecn_mark=1204 drop=0
[QUEUE_STATS] t_ms=17152 q_pkts=4 q_bytes=6016 qdelay_l_ms=1.01272 qdelay_c_ms=1.00898 ecn_mark=1205 drop=0
[QUEUE_STATS] t_ms=17168 q_pkts=5 q_bytes=7520 qdelay_l_ms=1.06191 qdelay_c_ms=1.08094 ecn_mark=1205 drop=0
[QUEUE_STATS] t_ms=17185 q_pkts=5 q_bytes=7520 qdelay_l_ms=1.05954 qdelay_c_ms=1.07876 ecn_mark=1207 drop=0
[QUEUE_STATS] t_ms=17200 q_pkts=4 q_bytes=6016 qdelay_l_ms=1.06478 qdelay_c_ms=1.0617 ecn_mark=1209 drop=0
[QUEUE_STATS] t_ms=17216 q_pkts=5 q_bytes=7520 qdelay_l_ms=1.07035 qdelay_c_ms=2.15667 ecn_mark=1209 drop=0
[QUEUE_STATS] t_ms=17232 q_pkts=5 q_bytes=7520 qdelay_l_ms=0.742415 qdelay_c_ms=1.84667 ecn_mark=1211 drop=0
[QUEUE_STATS] t_ms=17248 q_pkts=4 q_bytes=6016 qdelay_l_ms=0.868542 qdelay_c_ms=0.864765 ecn_mark=1212 drop=0
[QUEUE_STATS] t_ms=17264 q_pkts=6 q_bytes=9024 qdelay_l_ms=1.06779 qdelay_c_ms=1.07967 ecn_mark=1214 drop=0
[QUEUE_STATS] t_ms=17280 q_pkts=6 q_bytes=9024 qdelay_l_ms=1.06524 qdelay_c_ms=2.18133 ecn_mark=1215 drop=0
[QUEUE_STATS] t_ms=17296 q_pkts=3 q_bytes=4512 qdelay_l_ms=1.06441 qdelay_c_ms=1.0616 ecn_mark=1216 drop=0
[QUEUE_STATS] t_ms=17312 q_pkts=5 q_bytes=7520 qdelay_l_ms=0.966727 qdelay_c_ms=0.984982 ecn_mark=1216 drop=0
[QUEUE_STATS] t_ms=17328 q_pkts=6 q_bytes=9024 qdelay_l_ms=1.07538 qdelay_c_ms=3.02428 ecn_mark=1216 drop=0
[QUEUE_STATS] t_ms=17344 q_pkts=5 q_bytes=7520 qdelay_l_ms=1.05988 qdelay_c_ms=1.95082 ecn_mark=1217 drop=0
[QUEUE_STATS] t_ms=17360 q_pkts=5 q_bytes=7520 qdelay_l_ms=1.05803 qdelay_c_ms=2.16706 ecn_mark=1219 drop=0
[QUEUE_STATS] t_ms=17376 q_pkts=5 q_bytes=7520 qdelay_l_ms=1.06256 qdelay_c_ms=1.08293 ecn_mark=1220 drop=0
[QUEUE_STATS] t_ms=17392 q_pkts=6 q_bytes=9024 qdelay_l_ms=1.06252 qdelay_c_ms=1.08196 ecn_mark=1221 drop=0
[QUEUE_STATS] t_ms=17408 q_pkts=5 q_bytes=7520 qdelay_l_ms=1.06237 qdelay_c_ms=1.08162 ecn_mark=1221 drop=0
[QUEUE_STATS] t_ms=17424 q_pkts=3 q_bytes=4512 qdelay_l_ms=0.884071 qdelay_c_ms=0.880955 ecn_mark=1223 drop=0
[QUEUE_STATS] t_ms=17441 q_pkts=5 q_bytes=7520 qdelay_l_ms=1.05544 qdelay_c_ms=1.67272 ecn_mark=1224 drop=0
[QUEUE_STATS] t_ms=17456 q_pkts=6 q_bytes=9024 qdelay_l_ms=1.0778 qdelay_c_ms=2.13355 ecn_mark=1225 drop=0
[QUEUE_STATS] t_ms=17472 q_pkts=5 q_bytes=7520 qdelay_l_ms=1.06618 qdelay_c_ms=2.1649 ecn_mark=1226 drop=0
[QUEUE_STATS] t_ms=17488 q_pkts=4 q_bytes=6016 qdelay_l_ms=1.05984 qdelay_c_ms=1.93072 ecn_mark=1226 drop=0
[QUEUE_STATS] t_ms=17504 q_pkts=7 q_bytes=10528 qdelay_l_ms=1.0628 qdelay_c_ms=3.03782 ecn_mark=1228 drop=0
[QUEUE_STATS] t_ms=17520 q_pkts=3 q_bytes=4512 qdelay_l_ms=1.05508 qdelay_c_ms=1.06089 ecn_mark=1228 drop=0
[QUEUE_STATS] t_ms=17536 q_pkts=6 q_bytes=9024 qdelay_l_ms=1.06017 qdelay_c_ms=2.1404 ecn_mark=1229 drop=0
[QUEUE_STATS] t_ms=17552 q_pkts=7 q_bytes=10528 qdelay_l_ms=1.05599 qdelay_c_ms=2.18967 ecn_mark=1231 drop=0
[QUEUE_STATS] t_ms=17568 q_pkts=4 q_bytes=6016 qdelay_l_ms=0.888019 qdelay_c_ms=0.884944 ecn_mark=1232 drop=0
[QUEUE_STATS] t_ms=17584 q_pkts=5 q_bytes=7520 qdelay_l_ms=0.337794 qdelay_c_ms=1.42031 ecn_mark=1233 drop=0
[QUEUE_STATS] t_ms=17600 q_pkts=7 q_bytes=10528 qdelay_l_ms=1.05826 qdelay_c_ms=2.19864 ecn_mark=1235 drop=0
[QUEUE_STATS] t_ms=17616 q_pkts=3 q_bytes=4512 qdelay_l_ms=0.888891 qdelay_c_ms=0.886356 ecn_mark=1235 drop=0
[QUEUE_STATS] t_ms=17632 q_pkts=5 q_bytes=7520 qdelay_l_ms=1.06959 qdelay_c_ms=2.20511 ecn_mark=1237 drop=0
[QUEUE_STATS] t_ms=17648 q_pkts=8 q_bytes=12032 qdelay_l_ms=1.03778 qdelay_c_ms=2.61591 ecn_mark=1237 drop=0
[QUEUE_STATS] t_ms=17664 q_pkts=5 q_bytes=7520 qdelay_l_ms=1.06463 qdelay_c_ms=2.16317 ecn_mark=1238 drop=0
[QUEUE_STATS] t_ms=17680 q_pkts=4 q_bytes=6016 qdelay_l_ms=1.06037 qdelay_c_ms=2.0097 ecn_mark=1240 drop=0
[QUEUE_STATS] t_ms=17696 q_pkts=7 q_bytes=10528 qdelay_l_ms=0 qdelay_c_ms=1.42818 ecn_mark=1242 drop=0
[QUEUE_STATS] t_ms=17712 q_pkts=5 q_bytes=7520 qdelay_l_ms=0.738938 qdelay_c_ms=1.86717 ecn_mark=1243 drop=0
[QUEUE_STATS] t_ms=17728 q_pkts=6 q_bytes=9024 qdelay_l_ms=1.07022 qdelay_c_ms=2.12673 ecn_mark=1243 drop=0
[QUEUE_STATS] t_ms=17744 q_pkts=6 q_bytes=9024 qdelay_l_ms=1.06996 qdelay_c_ms=2.12709 ecn_mark=1244 drop=0
[QUEUE_STATS] t_ms=17760 q_pkts=5 q_bytes=7520 qdelay_l_ms=0.936119 qdelay_c_ms=2.0027 ecn_mark=1245 drop=0
[QUEUE_STATS] t_ms=17776 q_pkts=6 q_bytes=9024 qdelay_l_ms=1.08144 qdelay_c_ms=2.14824 ecn_mark=1246 drop=0
[QUEUE_STATS] t_ms=17792 q_pkts=5 q_bytes=7520 qdelay_l_ms=0.724342 qdelay_c_ms=0.721406 ecn_mark=1247 drop=0
[QUEUE_STATS] t_ms=17808 q_pkts=6 q_bytes=9024 qdelay_l_ms=1.07924 qdelay_c_ms=2.91361 ecn_mark=1248 drop=0
[QUEUE_STATS] t_ms=17824 q_pkts=7 q_bytes=10528 qdelay_l_ms=1.06374 qdelay_c_ms=1.9765 ecn_mark=1248 drop=0
[QUEUE_STATS] t_ms=17840 q_pkts=5 q_bytes=7520 qdelay_l_ms=0 qdelay_c_ms=3.13794 ecn_mark=1249 drop=0
[QUEUE_STATS] t_ms=17856 q_pkts=6 q_bytes=9024 qdelay_l_ms=1.07774 qdelay_c_ms=1.97262 ecn_mark=1249 drop=0
[QUEUE_STATS] t_ms=17872 q_pkts=5 q_bytes=7520 qdelay_l_ms=0.932182 qdelay_c_ms=2.0393 ecn_mark=1250 drop=0
[QUEUE_STATS] t_ms=17888 q_pkts=9 q_bytes=13536 qdelay_l_ms=1.06181 qdelay_c_ms=2.92548 ecn_mark=1251 drop=0
[QUEUE_STATS] t_ms=17904 q_pkts=5 q_bytes=7520 qdelay_l_ms=1.05843 qdelay_c_ms=2.18075 ecn_mark=1254 drop=0
[QUEUE_STATS] t_ms=17920 q_pkts=4 q_bytes=6016 qdelay_l_ms=1.06859 qdelay_c_ms=1.06608 ecn_mark=1254 drop=0
[QUEUE_STATS] t_ms=17936 q_pkts=7 q_bytes=10528 qdelay_l_ms=1.07862 qdelay_c_ms=2.11528 ecn_mark=1256 drop=0
[QUEUE_STATS] t_ms=17952 q_pkts=6 q_bytes=9024 qdelay_l_ms=1.06097 qdelay_c_ms=2.17641 ecn_mark=1256 drop=0
[QUEUE_STATS] t_ms=17968 q_pkts=5 q_bytes=7520 qdelay_l_ms=0.919598 qdelay_c_ms=2.03782 ecn_mark=1256 drop=0
[QUEUE_STATS] t_ms=17984 q_pkts=6 q_bytes=9024 qdelay_l_ms=0.921321 qdelay_c_ms=1.9516 ecn_mark=1256 drop=0
[QUEUE_STATS] t_ms=18000 q_pkts=6 q_bytes=9024 qdelay_l_ms=1.08099 qdelay_c_ms=1.98265 ecn_mark=1256 drop=0
[QUEUE_STATS] t_ms=18016 q_pkts=5 q_bytes=7520 qdelay_l_ms=1.01883 qdelay_c_ms=2.92393 ecn_mark=1258 drop=0
[QUEUE_STATS] t_ms=18032 q_pkts=6 q_bytes=9024 qdelay_l_ms=1.07079 qdelay_c_ms=2.89811 ecn_mark=1259 drop=0
[QUEUE_STATS] t_ms=18048 q_pkts=5 q_bytes=7520 qdelay_l_ms=0.938995 qdelay_c_ms=1.98215 ecn_mark=1259 drop=0
[QUEUE_STATS] t_ms=18064 q_pkts=7 q_bytes=10528 qdelay_l_ms=1.06557 qdelay_c_ms=2.17919 ecn_mark=1260 drop=0
[QUEUE_STATS] t_ms=18080 q_pkts=6 q_bytes=9024 qdelay_l_ms=1.06317 qdelay_c_ms=1.99323 ecn_mark=1260 drop=0
[QUEUE_STATS] t_ms=18096 q_pkts=4 q_bytes=6016 qdelay_l_ms=0 qdelay_c_ms=2.14321 ecn_mark=1260 drop=0
[QUEUE_STATS] t_ms=18113 q_pkts=5 q_bytes=7520 qdelay_l_ms=1.07859 qdelay_c_ms=1.80146 ecn_mark=1261 drop=0
[QUEUE_STATS] t_ms=18128 q_pkts=9 q_bytes=13536 qdelay_l_ms=1.08477 qdelay_c_ms=2.18927 ecn_mark=1261 drop=0
[QUEUE_STATS] t_ms=18144 q_pkts=7 q_bytes=10528 qdelay_l_ms=1.07018 qdelay_c_ms=2.17054 ecn_mark=1263 drop=0
[QUEUE_STATS] t_ms=18160 q_pkts=6 q_bytes=9024 qdelay_l_ms=0.599857 qdelay_c_ms=2.66675 ecn_mark=1264 drop=0
[QUEUE_STATS] t_ms=18176 q_pkts=7 q_bytes=10528 qdelay_l_ms=1.0701 qdelay_c_ms=2.18607 ecn_mark=1264 drop=0
[QUEUE_STATS] t_ms=18192 q_pkts=6 q_bytes=9024 qdelay_l_ms=0 qdelay_c_ms=1.97076 ecn_mark=1264 drop=0
[QUEUE_STATS] t_ms=18208 q_pkts=6 q_bytes=9024 qdelay_l_ms=1.06619 qdelay_c_ms=2.12497 ecn_mark=1266 drop=0
[QUEUE_STATS] t_ms=18224 q_pkts=7 q_bytes=10528 qdelay_l_ms=1.0374 qdelay_c_ms=2.56953 ecn_mark=1266 drop=0
[QUEUE_STATS] t_ms=18240 q_pkts=7 q_bytes=10528 qdelay_l_ms=1.04709 qdelay_c_ms=3.08882 ecn_mark=1267 drop=0
[QUEUE_STATS] t_ms=18256 q_pkts=7 q_bytes=10528 qdelay_l_ms=1.07958 qdelay_c_ms=2.13523 ecn_mark=1269 drop=0
[QUEUE_STATS] t_ms=18272 q_pkts=8 q_bytes=12032 qdelay_l_ms=0.312287 qdelay_c_ms=1.39698 ecn_mark=1271 drop=0
[QUEUE_STATS] t_ms=18288 q_pkts=8 q_bytes=12032 qdelay_l_ms=1.06292 qdelay_c_ms=3.08752 ecn_mark=1272 drop=0
[QUEUE_STATS] t_ms=18304 q_pkts=6 q_bytes=9024 qdelay_l_ms=1.05569 qdelay_c_ms=2.17232 ecn_mark=1273 drop=0
[QUEUE_STATS] t_ms=18320 q_pkts=7 q_bytes=10528 qdelay_l_ms=1.05861 qdelay_c_ms=3.24417 ecn_mark=1273 drop=0
[QUEUE_STATS] t_ms=18336 q_pkts=9 q_bytes=13536 qdelay_l_ms=0.868683 qdelay_c_ms=3.03966 ecn_mark=1274 drop=0
[QUEUE_STATS] t_ms=18352 q_pkts=9 q_bytes=13536 qdelay_l_ms=1.06785 qdelay_c_ms=3.07581 ecn_mark=1274 drop=0
[QUEUE_STATS] t_ms=18368 q_pkts=9 q_bytes=13536 qdelay_l_ms=1.08196 qdelay_c_ms=3.12386 ecn_mark=1275 drop=0
[QUEUE_STATS] t_ms=18384 q_pkts=9 q_bytes=13536 qdelay_l_ms=1.04299 qdelay_c_ms=4.28646 ecn_mark=1276 drop=0
[QUEUE_STATS] t_ms=18400 q_pkts=9 q_bytes=13536 qdelay_l_ms=1.05787 qdelay_c_ms=3.27217 ecn_mark=1278 drop=0
[QUEUE_STATS] t_ms=18416 q_pkts=9 q_bytes=13536 qdelay_l_ms=1.06325 qdelay_c_ms=4.01922 ecn_mark=1280 drop=0
[QUEUE_STATS] t_ms=18433 q_pkts=10 q_bytes=15040 qdelay_l_ms=1.06283 qdelay_c_ms=3.67613 ecn_mark=1281 drop=0
[QUEUE_STATS] t_ms=18448 q_pkts=10 q_bytes=15040 qdelay_l_ms=0.945396 qdelay_c_ms=2.97569 ecn_mark=1282 drop=0
[QUEUE_STATS] t_ms=18464 q_pkts=10 q_bytes=15040 qdelay_l_ms=1.0583 qdelay_c_ms=3.08992 ecn_mark=1284 drop=0
[QUEUE_STATS] t_ms=18481 q_pkts=9 q_bytes=13536 qdelay_l_ms=1.06509 qdelay_c_ms=2.92546 ecn_mark=1285 drop=0
[QUEUE_STATS] t_ms=18496 q_pkts=9 q_bytes=13536 qdelay_l_ms=1.08311 qdelay_c_ms=3.14309 ecn_mark=1285 drop=0
[QUEUE_STATS] t_ms=18512 q_pkts=11 q_bytes=16544 qdelay_l_ms=1.07299 qdelay_c_ms=4.16726 ecn_mark=1285 drop=0
[QUEUE_STATS] t_ms=18528 q_pkts=9 q_bytes=13536 qdelay_l_ms=1.06059 qdelay_c_ms=4.14471 ecn_mark=1286 drop=0
[QUEUE_STATS] t_ms=18544 q_pkts=10 q_bytes=15040 qdelay_l_ms=1.06028 qdelay_c_ms=3.25061 ecn_mark=1287 drop=0
[QUEUE_STATS] t_ms=18560 q_pkts=12 q_bytes=18048 qdelay_l_ms=0.635524 qdelay_c_ms=3.78128 ecn_mark=1288 drop=0
[QUEUE_STATS] t_ms=18576 q_pkts=10 q_bytes=15040 qdelay_l_ms=1.07779 qdelay_c_ms=3.26269 ecn_mark=1291 drop=0
[QUEUE_STATS] t_ms=18593 q_pkts=13 q_bytes=19552 qdelay_l_ms=1.06273 qdelay_c_ms=3.45486 ecn_mark=1292 drop=0
[QUEUE_STATS] t_ms=18608 q_pkts=12 q_bytes=18048 qdelay_l_ms=1.06638 qdelay_c_ms=4.99511 ecn_mark=1294 drop=0
[QUEUE_STATS] t_ms=18624 q_pkts=11 q_bytes=16544 qdelay_l_ms=1.06871 qdelay_c_ms=4.09526 ecn_mark=1295 drop=0
[QUEUE_STATS] t_ms=18640 q_pkts=9 q_bytes=13536 qdelay_l_ms=0.951679 qdelay_c_ms=3.01841 ecn_mark=1296 drop=0
[QUEUE_STATS] t_ms=18656 q_pkts=12 q_bytes=18048 qdelay_l_ms=1.07727 qdelay_c_ms=3.85312 ecn_mark=1297 drop=0
[QUEUE_STATS] t_ms=18672 q_pkts=12 q_bytes=18048 qdelay_l_ms=0.992435 qdelay_c_ms=4.79746 ecn_mark=1297 drop=0
[QUEUE_STATS] t_ms=18688 q_pkts=12 q_bytes=18048 qdelay_l_ms=1.062 qdelay_c_ms=4.1983 ecn_mark=1300 drop=0
[QUEUE_STATS] t_ms=18704 q_pkts=13 q_bytes=19552 qdelay_l_ms=1.03176 qdelay_c_ms=4.69199 ecn_mark=1300 drop=0
[QUEUE_STATS] t_ms=18720 q_pkts=11 q_bytes=16544 qdelay_l_ms=1.0676 qdelay_c_ms=4.19914 ecn_mark=1300 drop=0
[QUEUE_STATS] t_ms=18736 q_pkts=12 q_bytes=18048 qdelay_l_ms=1.04303 qdelay_c_ms=3.71631 ecn_mark=1300 drop=0
[QUEUE_STATS] t_ms=18752 q_pkts=12 q_bytes=18048 qdelay_l_ms=1.0626 qdelay_c_ms=4.9092 ecn_mark=1304 drop=0
[QUEUE_STATS] t_ms=18768 q_pkts=13 q_bytes=19552 qdelay_l_ms=1.0635 qdelay_c_ms=5.11988 ecn_mark=1304 drop=0
[QUEUE_STATS] t_ms=18784 q_pkts=13 q_bytes=19552 qdelay_l_ms=1.05584 qdelay_c_ms=3.87366 ecn_mark=1306 drop=0
[QUEUE_STATS] t_ms=18800 q_pkts=13 q_bytes=19552 qdelay_l_ms=0.914469 qdelay_c_ms=4.94951 ecn_mark=1307 drop=0
[QUEUE_STATS] t_ms=18816 q_pkts=13 q_bytes=19552 qdelay_l_ms=1.08208 qdelay_c_ms=4.47619 ecn_mark=1307 drop=0
[QUEUE_STATS] t_ms=18832 q_pkts=14 q_bytes=21056 qdelay_l_ms=1.0671 qdelay_c_ms=5.12261 ecn_mark=1307 drop=0
[QUEUE_STATS] t_ms=18849 q_pkts=13 q_bytes=19552 qdelay_l_ms=1.06284 qdelay_c_ms=4.83779 ecn_mark=1309 drop=0
[QUEUE_STATS] t_ms=18864 q_pkts=14 q_bytes=21056 qdelay_l_ms=1.06277 qdelay_c_ms=5.17104 ecn_mark=1309 drop=0
[QUEUE_STATS] t_ms=18880 q_pkts=16 q_bytes=24064 qdelay_l_ms=0 qdelay_c_ms=4.72389 ecn_mark=1310 drop=0
[QUEUE_STATS] t_ms=18896 q_pkts=16 q_bytes=24064 qdelay_l_ms=1.05967 qdelay_c_ms=4.97785 ecn_mark=1311 drop=0
[QUEUE_STATS] t_ms=18913 q_pkts=14 q_bytes=21056 qdelay_l_ms=1.07908 qdelay_c_ms=4.88682 ecn_mark=1311 drop=0
[QUEUE_STATS] t_ms=18929 q_pkts=15 q_bytes=22560 qdelay_l_ms=1.06272 qdelay_c_ms=4.84081 ecn_mark=1311 drop=0
[QUEUE_STATS] t_ms=18944 q_pkts=13 q_bytes=19552 qdelay_l_ms=1.02585 qdelay_c_ms=4.90364 ecn_mark=1311 drop=0
[QUEUE_STATS] t_ms=18960 q_pkts=15 q_bytes=22560 qdelay_l_ms=1.05097 qdelay_c_ms=5.03275 ecn_mark=1312 drop=0
[QUEUE_STATS] t_ms=18976 q_pkts=14 q_bytes=21056 qdelay_l_ms=0.970905 qdelay_c_ms=6.22845 ecn_mark=1312 drop=0
[QUEUE_STATS] t_ms=18992 q_pkts=15 q_bytes=22560 qdelay_l_ms=1.07628 qdelay_c_ms=5.11911 ecn_mark=1314 drop=0
[QUEUE_STATS] t_ms=19008 q_pkts=15 q_bytes=22560 qdelay_l_ms=1.08145 qdelay_c_ms=4.98398 ecn_mark=1316 drop=0
[QUEUE_STATS] t_ms=19024 q_pkts=15 q_bytes=22560 qdelay_l_ms=1.05598 qdelay_c_ms=6.3506 ecn_mark=1316 drop=0
[QUEUE_STATS] t_ms=19040 q_pkts=15 q_bytes=22560 qdelay_l_ms=1.07909 qdelay_c_ms=4.84158 ecn_mark=1319 drop=0
[QUEUE_STATS] t_ms=19056 q_pkts=14 q_bytes=21056 qdelay_l_ms=1.06575 qdelay_c_ms=4.8677 ecn_mark=1319 drop=0
[QUEUE_STATS] t_ms=19072 q_pkts=16 q_bytes=24064 qdelay_l_ms=1.06945 qdelay_c_ms=6.23651 ecn_mark=1320 drop=0
[QUEUE_STATS] t_ms=19088 q_pkts=15 q_bytes=22560 qdelay_l_ms=0.955907 qdelay_c_ms=5.81769 ecn_mark=1321 drop=0
[QUEUE_STATS] t_ms=19104 q_pkts=16 q_bytes=24064 qdelay_l_ms=1.08147 qdelay_c_ms=5.82611 ecn_mark=1321 drop=0
[QUEUE_STATS] t_ms=19120 q_pkts=17 q_bytes=25568 qdelay_l_ms=1.0782 qdelay_c_ms=5.22238 ecn_mark=1322 drop=0
[QUEUE_STATS] t_ms=19136 q_pkts=16 q_bytes=24064 qdelay_l_ms=0.795695 qdelay_c_ms=5.90042 ecn_mark=1324 drop=0
[QUEUE_STATS] t_ms=19152 q_pkts=16 q_bytes=24064 qdelay_l_ms=1.0719 qdelay_c_ms=5.94049 ecn_mark=1324 drop=0
[QUEUE_STATS] t_ms=19168 q_pkts=17 q_bytes=25568 qdelay_l_ms=0.647787 qdelay_c_ms=5.76825 ecn_mark=1324 drop=0
[QUEUE_STATS] t_ms=19184 q_pkts=18 q_bytes=27072 qdelay_l_ms=0.783322 qdelay_c_ms=6.99157 ecn_mark=1326 drop=0
[QUEUE_STATS] t_ms=19200 q_pkts=16 q_bytes=24064 qdelay_l_ms=1.07583 qdelay_c_ms=6.21659 ecn_mark=1327 drop=0
[QUEUE_STATS] t_ms=19216 q_pkts=19 q_bytes=28576 qdelay_l_ms=0.779545 qdelay_c_ms=6.7118 ecn_mark=1327 drop=0
[QUEUE_STATS] t_ms=19232 q_pkts=16 q_bytes=24064 qdelay_l_ms=0.807247 qdelay_c_ms=5.90788 ecn_mark=1328 drop=0
[QUEUE_STATS] t_ms=19248 q_pkts=17 q_bytes=25568 qdelay_l_ms=1.05912 qdelay_c_ms=5.73524 ecn_mark=1328 drop=0
[QUEUE_STATS] t_ms=19264 q_pkts=20 q_bytes=30080 qdelay_l_ms=0.966798 qdelay_c_ms=5.56571 ecn_mark=1328 drop=0
[QUEUE_STATS] t_ms=19281 q_pkts=18 q_bytes=27072 qdelay_l_ms=1.07385 qdelay_c_ms=6.72053 ecn_mark=1330 drop=0
[QUEUE_STATS] t_ms=19296 q_pkts=18 q_bytes=27072 qdelay_l_ms=1.05859 qdelay_c_ms=7.03645 ecn_mark=1330 drop=0
[QUEUE_STATS] t_ms=19312 q_pkts=20 q_bytes=30080 qdelay_l_ms=1.06611 qdelay_c_ms=7.0339 ecn_mark=1330 drop=0
[QUEUE_STATS] t_ms=19328 q_pkts=21 q_bytes=31584 qdelay_l_ms=1.08578 qdelay_c_ms=7.013 ecn_mark=1331 drop=0
[QUEUE_STATS] t_ms=19344 q_pkts=18 q_bytes=27072 qdelay_l_ms=1.06174 qdelay_c_ms=6.96381 ecn_mark=1332 drop=0
[QUEUE_STATS] t_ms=19360 q_pkts=17 q_bytes=25568 qdelay_l_ms=1.03705 qdelay_c_ms=6.03125 ecn_mark=1335 drop=0
[QUEUE_STATS] t_ms=19376 q_pkts=20 q_bytes=30080 qdelay_l_ms=1.06289 qdelay_c_ms=7.19773 ecn_mark=1336 drop=0
[QUEUE_STATS] t_ms=19392 q_pkts=19 q_bytes=28576 qdelay_l_ms=0.343916 qdelay_c_ms=6.73041 ecn_mark=1336 drop=0
[QUEUE_STATS] t_ms=19408 q_pkts=19 q_bytes=28576 qdelay_l_ms=1.06899 qdelay_c_ms=7.20695 ecn_mark=1339 drop=0
[QUEUE_STATS] t_ms=19424 q_pkts=20 q_bytes=30080 qdelay_l_ms=1.05781 qdelay_c_ms=7.14044 ecn_mark=1341 drop=0
[QUEUE_STATS] t_ms=19440 q_pkts=19 q_bytes=28576 qdelay_l_ms=0.784444 qdelay_c_ms=5.69764 ecn_mark=1342 drop=0
[QUEUE_STATS] t_ms=19456 q_pkts=19 q_bytes=28576 qdelay_l_ms=0 qdelay_c_ms=7.78076 ecn_mark=1342 drop=0
[QUEUE_STATS] t_ms=19472 q_pkts=21 q_bytes=31584 qdelay_l_ms=1.07672 qdelay_c_ms=7.15439 ecn_mark=1342 drop=0
[QUEUE_STATS] t_ms=19488 q_pkts=19 q_bytes=28576 qdelay_l_ms=0.940378 qdelay_c_ms=6.65348 ecn_mark=1343 drop=0
[QUEUE_STATS] t_ms=19504 q_pkts=21 q_bytes=31584 qdelay_l_ms=1.06625 qdelay_c_ms=8.0638 ecn_mark=1344 drop=0
[QUEUE_STATS] t_ms=19520 q_pkts=21 q_bytes=31584 qdelay_l_ms=1.06004 qdelay_c_ms=7.79083 ecn_mark=1345 drop=0
[QUEUE_STATS] t_ms=19537 q_pkts=21 q_bytes=31584 qdelay_l_ms=0 qdelay_c_ms=8.00185 ecn_mark=1345 drop=0
[QUEUE_STATS] t_ms=19552 q_pkts=22 q_bytes=33088 qdelay_l_ms=1.07899 qdelay_c_ms=7.84588 ecn_mark=1345 drop=0
[QUEUE_STATS] t_ms=19568 q_pkts=21 q_bytes=31584 qdelay_l_ms=1.06397 qdelay_c_ms=8.42558 ecn_mark=1346 drop=0
[QUEUE_STATS] t_ms=19584 q_pkts=24 q_bytes=36096 qdelay_l_ms=0.929537 qdelay_c_ms=7.86437 ecn_mark=1347 drop=0
[QUEUE_STATS] t_ms=19601 q_pkts=22 q_bytes=33088 qdelay_l_ms=1.07949 qdelay_c_ms=7.67481 ecn_mark=1348 drop=0
[QUEUE_STATS] t_ms=19616 q_pkts=22 q_bytes=33088 qdelay_l_ms=1.08046 qdelay_c_ms=7.86702 ecn_mark=1348 drop=0
[QUEUE_STATS] t_ms=19632 q_pkts=23 q_bytes=34592 qdelay_l_ms=1.0868 qdelay_c_ms=8.36699 ecn_mark=1350 drop=0
[QUEUE_STATS] t_ms=19648 q_pkts=25 q_bytes=37600 qdelay_l_ms=1.08272 qdelay_c_ms=9.14697 ecn_mark=1350 drop=0
[QUEUE_STATS] t_ms=19664 q_pkts=23 q_bytes=34592 qdelay_l_ms=1.05762 qdelay_c_ms=8.61422 ecn_mark=1353 drop=0
[QUEUE_STATS] t_ms=19680 q_pkts=23 q_bytes=34592 qdelay_l_ms=1.06277 qdelay_c_ms=7.97406 ecn_mark=1354 drop=0
[QUEUE_STATS] t_ms=19696 q_pkts=25 q_bytes=37600 qdelay_l_ms=1.0596 qdelay_c_ms=8.30179 ecn_mark=1355 drop=0
[QUEUE_STATS] t_ms=19712 q_pkts=25 q_bytes=37600 qdelay_l_ms=1.05554 qdelay_c_ms=8.01993 ecn_mark=1355 drop=0
[QUEUE_STATS] t_ms=19728 q_pkts=22 q_bytes=33088 qdelay_l_ms=0.895833 qdelay_c_ms=8.91145 ecn_mark=1355 drop=0
[QUEUE_STATS] t_ms=19744 q_pkts=23 q_bytes=34592 qdelay_l_ms=1.06965 qdelay_c_ms=8.86324 ecn_mark=1356 drop=0
[QUEUE_STATS] t_ms=19760 q_pkts=25 q_bytes=37600 qdelay_l_ms=1.07775 qdelay_c_ms=8.06636 ecn_mark=1356 drop=0
[QUEUE_STATS] t_ms=19776 q_pkts=23 q_bytes=34592 qdelay_l_ms=0 qdelay_c_ms=8.82527 ecn_mark=1356 drop=0
[QUEUE_STATS] t_ms=19792 q_pkts=24 q_bytes=36096 qdelay_l_ms=1.08108 qdelay_c_ms=7.58417 ecn_mark=1357 drop=0
[QUEUE_STATS] t_ms=19808 q_pkts=25 q_bytes=37600 qdelay_l_ms=1.0634 qdelay_c_ms=9.40852 ecn_mark=1358 drop=0
[QUEUE_STATS] t_ms=19824 q_pkts=24 q_bytes=36096 qdelay_l_ms=1.0561 qdelay_c_ms=10.287 ecn_mark=1358 drop=0
[QUEUE_STATS] t_ms=19840 q_pkts=25 q_bytes=37600 qdelay_l_ms=1.08203 qdelay_c_ms=9.00179 ecn_mark=1360 drop=0
[QUEUE_STATS] t_ms=19856 q_pkts=27 q_bytes=40608 qdelay_l_ms=1.06315 qdelay_c_ms=10.0968 ecn_mark=1361 drop=0
[QUEUE_STATS] t_ms=19872 q_pkts=28 q_bytes=42112 qdelay_l_ms=0.932553 qdelay_c_ms=9.026 ecn_mark=1361 drop=0
[QUEUE_STATS] t_ms=19888 q_pkts=25 q_bytes=37600 qdelay_l_ms=1.06133 qdelay_c_ms=9.10364 ecn_mark=1362 drop=0
[QUEUE_STATS] t_ms=19904 q_pkts=26 q_bytes=39104 qdelay_l_ms=1.05745 qdelay_c_ms=10.013 ecn_mark=1364 drop=0
[QUEUE_STATS] t_ms=19920 q_pkts=27 q_bytes=40608 qdelay_l_ms=1.0687 qdelay_c_ms=8.74255 ecn_mark=1365 drop=0
[QUEUE_STATS] t_ms=19936 q_pkts=27 q_bytes=40608 qdelay_l_ms=1.07929 qdelay_c_ms=9.09074 ecn_mark=1366 drop=0
[QUEUE_STATS] t_ms=19952 q_pkts=26 q_bytes=39104 qdelay_l_ms=1.0427 qdelay_c_ms=9.54562 ecn_mark=1366 drop=0
[QUEUE_STATS] t_ms=19969 q_pkts=27 q_bytes=40608 qdelay_l_ms=1.07853 qdelay_c_ms=9.8273 ecn_mark=1367 drop=0
[QUEUE_STATS] t_ms=19984 q_pkts=26 q_bytes=39104 qdelay_l_ms=1.0601 qdelay_c_ms=10.2459 ecn_mark=1367 drop=0
[QUEUE_STATS] t_ms=20000 q_pkts=28 q_bytes=42112 qdelay_l_ms=1.08207 qdelay_c_ms=11.0271 ecn_mark=1368 drop=0
[QUEUE_STATS] t_ms=20016 q_pkts=27 q_bytes=40608 qdelay_l_ms=1.07697 qdelay_c_ms=9.85113 ecn_mark=1369 drop=0
[QUEUE_STATS] t_ms=20032 q_pkts=28 q_bytes=42112 qdelay_l_ms=0.996533 qdelay_c_ms=10.3243 ecn_mark=1370 drop=0
[QUEUE_STATS] t_ms=20048 q_pkts=27 q_bytes=40608 qdelay_l_ms=1.06304 qdelay_c_ms=10.7989 ecn_mark=1370 drop=0
[QUEUE_STATS] t_ms=20064 q_pkts=28 q_bytes=42112 qdelay_l_ms=1.06581 qdelay_c_ms=10.1741 ecn_mark=1370 drop=0
[QUEUE_STATS] t_ms=20080 q_pkts=28 q_bytes=42112 qdelay_l_ms=1.05837 qdelay_c_ms=10.0463 ecn_mark=1371 drop=0
[QUEUE_STATS] t_ms=20096 q_pkts=28 q_bytes=42112 qdelay_l_ms=1.05818 qdelay_c_ms=10.9362 ecn_mark=1371 drop=0
[QUEUE_STATS] t_ms=20112 q_pkts=31 q_bytes=46624 qdelay_l_ms=0.911884 qdelay_c_ms=11.4454 ecn_mark=1372 drop=0
[QUEUE_STATS] t_ms=20128 q_pkts=28 q_bytes=42112 qdelay_l_ms=0.851801 qdelay_c_ms=10.9637 ecn_mark=1373 drop=0
[QUEUE_STATS] t_ms=20144 q_pkts=30 q_bytes=45120 qdelay_l_ms=1.05745 qdelay_c_ms=10.9686 ecn_mark=1374 drop=0
[QUEUE_STATS] t_ms=20160 q_pkts=28 q_bytes=42112 qdelay_l_ms=0 qdelay_c_ms=10.0948 ecn_mark=1374 drop=0
[QUEUE_STATS] t_ms=20176 q_pkts=28 q_bytes=42112 qdelay_l_ms=1.06069 qdelay_c_ms=10.735 ecn_mark=1375 drop=0
[QUEUE_STATS] t_ms=20192 q_pkts=29 q_bytes=43616 qdelay_l_ms=0.939876 qdelay_c_ms=10.8096 ecn_mark=1376 drop=0
[QUEUE_STATS] t_ms=20208 q_pkts=31 q_bytes=46624 qdelay_l_ms=1.05103 qdelay_c_ms=10.8945 ecn_mark=1376 drop=0
[QUEUE_STATS] t_ms=20224 q_pkts=30 q_bytes=45120 qdelay_l_ms=0.85142 qdelay_c_ms=10.8397 ecn_mark=1377 drop=0
[QUEUE_STATS] t_ms=20240 q_pkts=33 q_bytes=49632 qdelay_l_ms=1.05817 qdelay_c_ms=11.7931 ecn_mark=1379 drop=0
[QUEUE_STATS] t_ms=20256 q_pkts=31 q_bytes=46624 qdelay_l_ms=1.08245 qdelay_c_ms=11.0656 ecn_mark=1380 drop=0
[QUEUE_STATS] t_ms=20272 q_pkts=29 q_bytes=43616 qdelay_l_ms=1.05961 qdelay_c_ms=10.9384 ecn_mark=1381 drop=0
[QUEUE_STATS] t_ms=20288 q_pkts=32 q_bytes=48128 qdelay_l_ms=1.06008 qdelay_c_ms=11.852 ecn_mark=1382 drop=0
[QUEUE_STATS] t_ms=20305 q_pkts=31 q_bytes=46624 qdelay_l_ms=1.07713 qdelay_c_ms=10.7114 ecn_mark=1382 drop=0
[QUEUE_STATS] t_ms=20321 q_pkts=31 q_bytes=46624 qdelay_l_ms=1.07807 qdelay_c_ms=11.6005 ecn_mark=1383 drop=0
[QUEUE_STATS] t_ms=20336 q_pkts=32 q_bytes=48128 qdelay_l_ms=1.08251 qdelay_c_ms=11.8633 ecn_mark=1384 drop=0
[QUEUE_STATS] t_ms=20352 q_pkts=31 q_bytes=46624 qdelay_l_ms=0.737617 qdelay_c_ms=10.8329 ecn_mark=1384 drop=0
[QUEUE_STATS] t_ms=20368 q_pkts=32 q_bytes=48128 qdelay_l_ms=1.03181 qdelay_c_ms=12.1934 ecn_mark=1385 drop=0
[QUEUE_STATS] t_ms=20385 q_pkts=32 q_bytes=48128 qdelay_l_ms=1.06567 qdelay_c_ms=11.8699 ecn_mark=1387 drop=0
[QUEUE_STATS] t_ms=20400 q_pkts=33 q_bytes=49632 qdelay_l_ms=0.911242 qdelay_c_ms=10.7627 ecn_mark=1388 drop=0
[QUEUE_STATS] t_ms=20416 q_pkts=32 q_bytes=48128 qdelay_l_ms=1.06907 qdelay_c_ms=11.4965 ecn_mark=1388 drop=0
[QUEUE_STATS] t_ms=20432 q_pkts=34 q_bytes=51136 qdelay_l_ms=1.09503 qdelay_c_ms=11.9599 ecn_mark=1389 drop=0
[QUEUE_STATS] t_ms=20448 q_pkts=33 q_bytes=49632 qdelay_l_ms=1.06933 qdelay_c_ms=12.3777 ecn_mark=1389 drop=0
[QUEUE_STATS] t_ms=20464 q_pkts=32 q_bytes=48128 qdelay_l_ms=1.07873 qdelay_c_ms=12.0811 ecn_mark=1389 drop=0
[QUEUE_STATS] t_ms=20481 q_pkts=31 q_bytes=46624 qdelay_l_ms=1.08456 qdelay_c_ms=11.4676 ecn_mark=1390 drop=0
[QUEUE_STATS] t_ms=20497 q_pkts=34 q_bytes=51136 qdelay_l_ms=1.07653 qdelay_c_ms=11.8524 ecn_mark=1392 drop=0
[QUEUE_STATS] t_ms=20512 q_pkts=35 q_bytes=52640 qdelay_l_ms=1.07013 qdelay_c_ms=12.8973 ecn_mark=1394 drop=0
[QUEUE_STATS] t_ms=20528 q_pkts=34 q_bytes=51136 qdelay_l_ms=1.07197 qdelay_c_ms=13.1335 ecn_mark=1394 drop=0
[QUEUE_STATS] t_ms=20544 q_pkts=33 q_bytes=49632 qdelay_l_ms=1.07401 qdelay_c_ms=12.1851 ecn_mark=1395 drop=0
[QUEUE_STATS] t_ms=20560 q_pkts=35 q_bytes=52640 qdelay_l_ms=0.628721 qdelay_c_ms=12.8051 ecn_mark=1396 drop=0
[QUEUE_STATS] t_ms=20576 q_pkts=33 q_bytes=49632 qdelay_l_ms=0.926411 qdelay_c_ms=12.8405 ecn_mark=1396 drop=0
[QUEUE_STATS] t_ms=20592 q_pkts=34 q_bytes=51136 qdelay_l_ms=1.06308 qdelay_c_ms=12.9462 ecn_mark=1399 drop=0
[QUEUE_STATS] t_ms=20608 q_pkts=35 q_bytes=52640 qdelay_l_ms=0.96883 qdelay_c_ms=12.7306 ecn_mark=1400 drop=0
[QUEUE_STATS] t_ms=20624 q_pkts=35 q_bytes=52640 qdelay_l_ms=0.616538 qdelay_c_ms=12.6469 ecn_mark=1402 drop=0
[QUEUE_STATS] t_ms=20640 q_pkts=35 q_bytes=52640 qdelay_l_ms=1.04712 qdelay_c_ms=12.7418 ecn_mark=1403 drop=0
[QUEUE_STATS] t_ms=20656 q_pkts=35 q_bytes=52640 qdelay_l_ms=0.907135 qdelay_c_ms=12.8731 ecn_mark=1405 drop=0
[QUEUE_STATS] t_ms=20672 q_pkts=34 q_bytes=51136 qdelay_l_ms=0.860377 qdelay_c_ms=12.9399 ecn_mark=1406 drop=0
[QUEUE_STATS] t_ms=20688 q_pkts=33 q_bytes=49632 qdelay_l_ms=1.07077 qdelay_c_ms=13.1023 ecn_mark=1407 drop=0
[QUEUE_STATS] t_ms=20704 q_pkts=36 q_bytes=54144 qdelay_l_ms=0.943112 qdelay_c_ms=12.9628 ecn_mark=1407 drop=0
[QUEUE_STATS] t_ms=20720 q_pkts=35 q_bytes=52640 qdelay_l_ms=1.08048 qdelay_c_ms=12.8705 ecn_mark=1407 drop=0
[QUEUE_STATS] t_ms=20736 q_pkts=35 q_bytes=52640 qdelay_l_ms=1.07565 qdelay_c_ms=13.3011 ecn_mark=1407 drop=0
[QUEUE_STATS] t_ms=20752 q_pkts=36 q_bytes=54144 qdelay_l_ms=1.06628 qdelay_c_ms=13.6278 ecn_mark=1410 drop=0
[QUEUE_STATS] t_ms=20768 q_pkts=38 q_bytes=57152 qdelay_l_ms=1.07813 qdelay_c_ms=13.6908 ecn_mark=1410 drop=0
[QUEUE_STATS] t_ms=20784 q_pkts=34 q_bytes=51136 qdelay_l_ms=0 qdelay_c_ms=13.9498 ecn_mark=1413 drop=0
[QUEUE_STATS] t_ms=20800 q_pkts=27 q_bytes=40608 qdelay_l_ms=1.08308 qdelay_c_ms=12.9809 ecn_mark=1413 drop=0
[QUEUE_STATS] t_ms=20816 q_pkts=16 q_bytes=24064 qdelay_l_ms=1.06968 qdelay_c_ms=7.851 ecn_mark=1413 drop=0
[QUEUE_STATS] t_ms=20832 q_pkts=4 q_bytes=6016 qdelay_l_ms=1.06595 qdelay_c_ms=1.06325 ecn_mark=1413 drop=0
[QUEUE_STATS] t_ms=20848 q_pkts=5 q_bytes=7520 qdelay_l_ms=0.829649 qdelay_c_ms=1.88317 ecn_mark=1415 drop=0
[QUEUE_STATS] t_ms=20864 q_pkts=7 q_bytes=10528 qdelay_l_ms=0.889502 qdelay_c_ms=1.97649 ecn_mark=1416 drop=0
[QUEUE_STATS] t_ms=20880 q_pkts=3 q_bytes=4512 qdelay_l_ms=0.803349 qdelay_c_ms=0.809461 ecn_mark=1417 drop=0
[QUEUE_STATS] t_ms=20896 q_pkts=7 q_bytes=10528 qdelay_l_ms=1.0661 qdelay_c_ms=2.15624 ecn_mark=1417 drop=0
[QUEUE_STATS] t_ms=20912 q_pkts=8 q_bytes=12032 qdelay_l_ms=1.08476 qdelay_c_ms=1.82746 ecn_mark=1417 drop=0
[QUEUE_STATS] t_ms=20928 q_pkts=3 q_bytes=4512 qdelay_l_ms=0.891606 qdelay_c_ms=0.897317 ecn_mark=1419 drop=0
[QUEUE_STATS] t_ms=20944 q_pkts=7 q_bytes=10528 qdelay_l_ms=1.02342 qdelay_c_ms=2.58625 ecn_mark=1419 drop=0
[QUEUE_STATS] t_ms=20961 q_pkts=6 q_bytes=9024 qdelay_l_ms=1.07511 qdelay_c_ms=1.37737 ecn_mark=1419 drop=0
[QUEUE_STATS] t_ms=20976 q_pkts=4 q_bytes=6016 qdelay_l_ms=0.880776 qdelay_c_ms=1.95139 ecn_mark=1419 drop=0
[QUEUE_STATS] t_ms=20992 q_pkts=6 q_bytes=9024 qdelay_l_ms=1.00339 qdelay_c_ms=2.18425 ecn_mark=1419 drop=0
[QUEUE_STATS] t_ms=21008 q_pkts=7 q_bytes=10528 qdelay_l_ms=0.808019 qdelay_c_ms=2.95409 ecn_mark=1420 drop=0
[QUEUE_STATS] t_ms=21024 q_pkts=3 q_bytes=4512 qdelay_l_ms=0.02131 qdelay_c_ms=0.716828 ecn_mark=1420 drop=0
[QUEUE_STATS] t_ms=21040 q_pkts=7 q_bytes=10528 qdelay_l_ms=0.773563 qdelay_c_ms=1.8489 ecn_mark=1421 drop=0
[QUEUE_STATS] t_ms=21056 q_pkts=4 q_bytes=6016 qdelay_l_ms=0 qdelay_c_ms=0.02648 ecn_mark=1422 drop=0
[QUEUE_STATS] t_ms=21072 q_pkts=6 q_bytes=9024 qdelay_l_ms=1.05255 qdelay_c_ms=1.77978 ecn_mark=1422 drop=0
[QUEUE_STATS] t_ms=21088 q_pkts=6 q_bytes=9024 qdelay_l_ms=1.07651 qdelay_c_ms=3.19149 ecn_mark=1422 drop=0
[QUEUE_STATS] t_ms=21104 q_pkts=4 q_bytes=6016 qdelay_l_ms=1.04353 qdelay_c_ms=1.79502 ecn_mark=1422 drop=0
[QUEUE_STATS] t_ms=21120 q_pkts=5 q_bytes=7520 qdelay_l_ms=1.07826 qdelay_c_ms=2.45859 ecn_mark=1424 drop=0
[QUEUE_STATS] t_ms=21136 q_pkts=8 q_bytes=12032 qdelay_l_ms=1.06037 qdelay_c_ms=2.14266 ecn_mark=1425 drop=0
[QUEUE_STATS] t_ms=21152 q_pkts=7 q_bytes=10528 qdelay_l_ms=1.06167 qdelay_c_ms=2.17785 ecn_mark=1425 drop=0
[QUEUE_STATS] t_ms=21168 q_pkts=5 q_bytes=7520 qdelay_l_ms=1.06607 qdelay_c_ms=1.93821 ecn_mark=1425 drop=0
[QUEUE_STATS] t_ms=21184 q_pkts=4 q_bytes=6016 qdelay_l_ms=0 qdelay_c_ms=1.73628 ecn_mark=1427 drop=0
[QUEUE_STATS] t_ms=21200 q_pkts=5 q_bytes=7520 qdelay_l_ms=1.07729 qdelay_c_ms=1.07371 ecn_mark=1428 drop=0
[QUEUE_STATS] t_ms=21216 q_pkts=7 q_bytes=10528 qdelay_l_ms=1.06576 qdelay_c_ms=2.88493 ecn_mark=1428 drop=0
[QUEUE_STATS] t_ms=21232 q_pkts=6 q_bytes=9024 qdelay_l_ms=1.07839 qdelay_c_ms=2.1771 ecn_mark=1428 drop=0
[QUEUE_STATS] t_ms=21248 q_pkts=8 q_bytes=12032 qdelay_l_ms=1.06589 qdelay_c_ms=2.83882 ecn_mark=1429 drop=0
[QUEUE_STATS] t_ms=21264 q_pkts=8 q_bytes=12032 qdelay_l_ms=0.871919 qdelay_c_ms=2.99357 ecn_mark=1430 drop=0
[QUEUE_STATS] t_ms=21280 q_pkts=8 q_bytes=12032 qdelay_l_ms=1.06606 qdelay_c_ms=2.9313 ecn_mark=1431 drop=0
[QUEUE_STATS] t_ms=21296 q_pkts=11 q_bytes=16544 qdelay_l_ms=1.0502 qdelay_c_ms=2.8337 ecn_mark=1431 drop=0
[QUEUE_STATS] t_ms=21312 q_pkts=8 q_bytes=12032 qdelay_l_ms=1.07023 qdelay_c_ms=3.28366 ecn_mark=1431 drop=0
[QUEUE_STATS] t_ms=21328 q_pkts=9 q_bytes=13536 qdelay_l_ms=0.716056 qdelay_c_ms=3.97921 ecn_mark=1432 drop=0
[QUEUE_STATS] t_ms=21344 q_pkts=10 q_bytes=15040 qdelay_l_ms=1.05726 qdelay_c_ms=3.97993 ecn_mark=1432 drop=0
[QUEUE_STATS] t_ms=21360 q_pkts=10 q_bytes=15040 qdelay_l_ms=0.863994 qdelay_c_ms=3.74051 ecn_mark=1432 drop=0
[QUEUE_STATS] t_ms=21376 q_pkts=11 q_bytes=16544 qdelay_l_ms=1.08071 qdelay_c_ms=3.22526 ecn_mark=1432 drop=0
[QUEUE_STATS] t_ms=21392 q_pkts=11 q_bytes=16544 qdelay_l_ms=0.859446 qdelay_c_ms=5.17679 ecn_mark=1433 drop=0
[QUEUE_STATS] t_ms=21408 q_pkts=11 q_bytes=16544 qdelay_l_ms=0.019406 qdelay_c_ms=2.88988 ecn_mark=1435 drop=0
[QUEUE_STATS] t_ms=21424 q_pkts=11 q_bytes=16544 qdelay_l_ms=1.06899 qdelay_c_ms=3.96236 ecn_mark=1435 drop=0
[QUEUE_STATS] t_ms=21440 q_pkts=13 q_bytes=19552 qdelay_l_ms=1.06589 qdelay_c_ms=4.6254 ecn_mark=1437 drop=0
[QUEUE_STATS] t_ms=21457 q_pkts=14 q_bytes=21056 qdelay_l_ms=1.07878 qdelay_c_ms=5.07948 ecn_mark=1437 drop=0
[QUEUE_STATS] t_ms=21472 q_pkts=12 q_bytes=18048 qdelay_l_ms=1.07192 qdelay_c_ms=5.00787 ecn_mark=1437 drop=0
[QUEUE_STATS] t_ms=21488 q_pkts=13 q_bytes=19552 qdelay_l_ms=1.05332 qdelay_c_ms=4.58591 ecn_mark=1437 drop=0
[QUEUE_STATS] t_ms=21505 q_pkts=14 q_bytes=21056 qdelay_l_ms=1.07449 qdelay_c_ms=6.07895 ecn_mark=1438 drop=0
[QUEUE_STATS] t_ms=21520 q_pkts=14 q_bytes=21056 qdelay_l_ms=1.07074 qdelay_c_ms=4.96723 ecn_mark=1438 drop=0
[QUEUE_STATS] t_ms=21536 q_pkts=18 q_bytes=27072 qdelay_l_ms=1.04467 qdelay_c_ms=6.29172 ecn_mark=1438 drop=0
[QUEUE_STATS] t_ms=21552 q_pkts=15 q_bytes=22560 qdelay_l_ms=1.06682 qdelay_c_ms=5.01871 ecn_mark=1440 drop=0
[QUEUE_STATS] t_ms=21568 q_pkts=17 q_bytes=25568 qdelay_l_ms=1.06338 qdelay_c_ms=6.04859 ecn_mark=1444 drop=0
[QUEUE_STATS] t_ms=21584 q_pkts=19 q_bytes=28576 qdelay_l_ms=0.870867 qdelay_c_ms=6.98402 ecn_mark=1444 drop=0
[QUEUE_STATS] t_ms=21600 q_pkts=17 q_bytes=25568 qdelay_l_ms=1.0695 qdelay_c_ms=6.09357 ecn_mark=1444 drop=0
[QUEUE_STATS] t_ms=21616 q_pkts=16 q_bytes=24064 qdelay_l_ms=1.0603 qdelay_c_ms=7.16989 ecn_mark=1445 drop=0
[QUEUE_STATS] t_ms=21632 q_pkts=20 q_bytes=30080 qdelay_l_ms=1.07903 qdelay_c_ms=6.69149 ecn_mark=1445 drop=0
[QUEUE_STATS] t_ms=21648 q_pkts=17 q_bytes=25568 qdelay_l_ms=1.06767 qdelay_c_ms=6.04903 ecn_mark=1446 drop=0
[QUEUE_STATS] t_ms=21664 q_pkts=19 q_bytes=28576 qdelay_l_ms=1.06344 qdelay_c_ms=7.57176 ecn_mark=1446 drop=0
[QUEUE_STATS] t_ms=21680 q_pkts=22 q_bytes=33088 qdelay_l_ms=1.07265 qdelay_c_ms=7.12842 ecn_mark=1449 drop=0
[QUEUE_STATS] t_ms=21697 q_pkts=21 q_bytes=31584 qdelay_l_ms=1.06549 qdelay_c_ms=6.67804 ecn_mark=1449 drop=0
[QUEUE_STATS] t_ms=21712 q_pkts=17 q_bytes=25568 qdelay_l_ms=1.05591 qdelay_c_ms=6.91474 ecn_mark=1449 drop=0
[QUEUE_STATS] t_ms=21728 q_pkts=22 q_bytes=33088 qdelay_l_ms=1.06976 qdelay_c_ms=8.20603 ecn_mark=1449 drop=0
[QUEUE_STATS] t_ms=21744 q_pkts=20 q_bytes=30080 qdelay_l_ms=1.05891 qdelay_c_ms=7.89395 ecn_mark=1451 drop=0
[QUEUE_STATS] t_ms=21760 q_pkts=21 q_bytes=31584 qdelay_l_ms=1.07322 qdelay_c_ms=8.46762 ecn_mark=1451 drop=0
[QUEUE_STATS] t_ms=21776 q_pkts=22 q_bytes=33088 qdelay_l_ms=1.0442 qdelay_c_ms=6.59964 ecn_mark=1451 drop=0
[QUEUE_STATS] t_ms=21792 q_pkts=22 q_bytes=33088 qdelay_l_ms=0.604126 qdelay_c_ms=7.71839 ecn_mark=1452 drop=0
[QUEUE_STATS] t_ms=21808 q_pkts=22 q_bytes=33088 qdelay_l_ms=1.07867 qdelay_c_ms=8.72691 ecn_mark=1453 drop=0
[QUEUE_STATS] t_ms=21824 q_pkts=24 q_bytes=36096 qdelay_l_ms=1.07419 qdelay_c_ms=9.28551 ecn_mark=1453 drop=0
[QUEUE_STATS] t_ms=21840 q_pkts=21 q_bytes=31584 qdelay_l_ms=1.05555 qdelay_c_ms=8.8247 ecn_mark=1453 drop=0
[QUEUE_STATS] t_ms=21856 q_pkts=24 q_bytes=36096 qdelay_l_ms=1.04428 qdelay_c_ms=8.92728 ecn_mark=1453 drop=0
[QUEUE_STATS] t_ms=21872 q_pkts=26 q_bytes=39104 qdelay_l_ms=1.05889 qdelay_c_ms=8.69272 ecn_mark=1454 drop=0
[QUEUE_STATS] t_ms=21888 q_pkts=25 q_bytes=37600 qdelay_l_ms=1.0775 qdelay_c_ms=10.5245 ecn_mark=1455 drop=0
[QUEUE_STATS] t_ms=21904 q_pkts=26 q_bytes=39104 qdelay_l_ms=1.07556 qdelay_c_ms=9.76288 ecn_mark=1455 drop=0
[QUEUE_STATS] t_ms=21920 q_pkts=27 q_bytes=40608 qdelay_l_ms=1.08087 qdelay_c_ms=9.75349 ecn_mark=1455 drop=0
[QUEUE_STATS] t_ms=21936 q_pkts=25 q_bytes=37600 qdelay_l_ms=1.06675 qdelay_c_ms=10.0293 ecn_mark=1456 drop=0
[QUEUE_STATS] t_ms=21952 q_pkts=27 q_bytes=40608 qdelay_l_ms=1.07277 qdelay_c_ms=9.11413 ecn_mark=1456 drop=0
[QUEUE_STATS] t_ms=21968 q_pkts=29 q_bytes=43616 qdelay_l_ms=1.07229 qdelay_c_ms=11.1024 ecn_mark=1456 drop=0
[QUEUE_STATS] t_ms=21984 q_pkts=26 q_bytes=39104 qdelay_l_ms=1.06747 qdelay_c_ms=11.0512 ecn_mark=1456 drop=0
[QUEUE_STATS] t_ms=22000 q_pkts=27 q_bytes=40608 qdelay_l_ms=1.05223 qdelay_c_ms=10.159 ecn_mark=1456 drop=0
[QUEUE_STATS] t_ms=22016 q_pkts=29 q_bytes=43616 qdelay_l_ms=1.07877 qdelay_c_ms=11.8749 ecn_mark=1456 drop=0
[QUEUE_STATS] t_ms=22032 q_pkts=27 q_bytes=40608 qdelay_l_ms=0.809922 qdelay_c_ms=11.7064 ecn_mark=1457 drop=0
[QUEUE_STATS] t_ms=22048 q_pkts=29 q_bytes=43616 qdelay_l_ms=1.06779 qdelay_c_ms=12.2877 ecn_mark=1457 drop=0
[QUEUE_STATS] t_ms=22064 q_pkts=30 q_bytes=45120 qdelay_l_ms=1.06573 qdelay_c_ms=12.7924 ecn_mark=1459 drop=0
[QUEUE_STATS] t_ms=22080 q_pkts=29 q_bytes=43616 qdelay_l_ms=1.06444 qdelay_c_ms=11.9631 ecn_mark=1459 drop=0
[QUEUE_STATS] t_ms=22096 q_pkts=30 q_bytes=45120 qdelay_l_ms=1.07605 qdelay_c_ms=12.6076 ecn_mark=1459 drop=0
[QUEUE_STATS] t_ms=22112 q_pkts=31 q_bytes=46624 qdelay_l_ms=1.09807 qdelay_c_ms=13.0935 ecn_mark=1459 drop=0
[QUEUE_STATS] t_ms=22128 q_pkts=31 q_bytes=46624 qdelay_l_ms=1.05769 qdelay_c_ms=11.8114 ecn_mark=1460 drop=0
[QUEUE_STATS] t_ms=22144 q_pkts=31 q_bytes=46624 qdelay_l_ms=1.03431 qdelay_c_ms=12.8316 ecn_mark=1460 drop=0
[QUEUE_STATS] t_ms=22160 q_pkts=34 q_bytes=51136 qdelay_l_ms=1.03209 qdelay_c_ms=12.6526 ecn_mark=1461 drop=0
[QUEUE_STATS] t_ms=22176 q_pkts=31 q_bytes=46624 qdelay_l_ms=1.03531 qdelay_c_ms=12.7993 ecn_mark=1462 drop=0
[QUEUE_STATS] t_ms=22192 q_pkts=32 q_bytes=48128 qdelay_l_ms=1.07771 qdelay_c_ms=13.1325 ecn_mark=1462 drop=0
[QUEUE_STATS] t_ms=22208 q_pkts=33 q_bytes=49632 qdelay_l_ms=1.047 qdelay_c_ms=12.4378 ecn_mark=1462 drop=0
[QUEUE_STATS] t_ms=22224 q_pkts=32 q_bytes=48128 qdelay_l_ms=1.00239 qdelay_c_ms=12.9035 ecn_mark=1463 drop=0
[QUEUE_STATS] t_ms=22240 q_pkts=30 q_bytes=45120 qdelay_l_ms=1.06835 qdelay_c_ms=14.1049 ecn_mark=1463 drop=0
[QUEUE_STATS] t_ms=22256 q_pkts=34 q_bytes=51136 qdelay_l_ms=1.03559 qdelay_c_ms=13.8051 ecn_mark=1463 drop=0
[QUEUE_STATS] t_ms=22272 q_pkts=34 q_bytes=51136 qdelay_l_ms=1.0113 qdelay_c_ms=14.198 ecn_mark=1464 drop=0
[QUEUE_STATS] t_ms=22288 q_pkts=36 q_bytes=54144 qdelay_l_ms=1.03253 qdelay_c_ms=13.7691 ecn_mark=1465 drop=0
[QUEUE_STATS] t_ms=22304 q_pkts=35 q_bytes=52640 qdelay_l_ms=1.02449 qdelay_c_ms=12.9911 ecn_mark=1465 drop=0
[QUEUE_STATS] t_ms=22320 q_pkts=36 q_bytes=54144 qdelay_l_ms=1.01332 qdelay_c_ms=14.691 ecn_mark=1467 drop=0
[QUEUE_STATS] t_ms=22336 q_pkts=35 q_bytes=52640 qdelay_l_ms=1.01921 qdelay_c_ms=14.8988 ecn_mark=1467 drop=0
[QUEUE_STATS] t_ms=22352 q_pkts=37 q_bytes=55648 qdelay_l_ms=0.764928 qdelay_c_ms=13.964 ecn_mark=1468 drop=0
[QUEUE_STATS] t_ms=22368 q_pkts=36 q_bytes=54144 qdelay_l_ms=1.07368 qdelay_c_ms=15.3774 ecn_mark=1471 drop=0
[QUEUE_STATS] t_ms=22384 q_pkts=36 q_bytes=54144 qdelay_l_ms=0.913637 qdelay_c_ms=14.3145 ecn_mark=1472 drop=0
[QUEUE_STATS] t_ms=22400 q_pkts=40 q_bytes=60160 qdelay_l_ms=1.02039 qdelay_c_ms=14.9981 ecn_mark=1472 drop=0
[QUEUE_STATS] t_ms=22416 q_pkts=37 q_bytes=55648 qdelay_l_ms=0.914038 qdelay_c_ms=17.1397 ecn_mark=1473 drop=0
[QUEUE_STATS] t_ms=22432 q_pkts=39 q_bytes=58656 qdelay_l_ms=1.01334 qdelay_c_ms=15.4536 ecn_mark=1473 drop=0
[QUEUE_STATS] t_ms=22448 q_pkts=40 q_bytes=60160 qdelay_l_ms=1.01826 qdelay_c_ms=16.599 ecn_mark=1474 drop=0
[QUEUE_STATS] t_ms=22464 q_pkts=39 q_bytes=58656 qdelay_l_ms=0.994309 qdelay_c_ms=17.2142 ecn_mark=1476 drop=0
[QUEUE_STATS] t_ms=22480 q_pkts=39 q_bytes=58656 qdelay_l_ms=1.04951 qdelay_c_ms=15.7302 ecn_mark=1477 drop=0
[QUEUE_STATS] t_ms=22496 q_pkts=39 q_bytes=58656 qdelay_l_ms=0.906244 qdelay_c_ms=17.0882 ecn_mark=1477 drop=0
[QUEUE_STATS] t_ms=22512 q_pkts=39 q_bytes=58656 qdelay_l_ms=1.05705 qdelay_c_ms=16.8515 ecn_mark=1478 drop=0
[QUEUE_STATS] t_ms=22528 q_pkts=40 q_bytes=60160 qdelay_l_ms=0.913908 qdelay_c_ms=16.0815 ecn_mark=1480 drop=0
[QUEUE_STATS] t_ms=22544 q_pkts=41 q_bytes=61664 qdelay_l_ms=0.995681 qdelay_c_ms=16.8349 ecn_mark=1481 drop=0
[QUEUE_STATS] t_ms=22560 q_pkts=42 q_bytes=63168 qdelay_l_ms=0.912915 qdelay_c_ms=17.1494 ecn_mark=1481 drop=0
[QUEUE_STATS] t_ms=22576 q_pkts=41 q_bytes=61664 qdelay_l_ms=1.00011 qdelay_c_ms=16.8052 ecn_mark=1482 drop=0
[QUEUE_STATS] t_ms=22592 q_pkts=40 q_bytes=60160 qdelay_l_ms=1.07961 qdelay_c_ms=17.2225 ecn_mark=1482 drop=0
[QUEUE_STATS] t_ms=22608 q_pkts=41 q_bytes=61664 qdelay_l_ms=1.0775 qdelay_c_ms=16.6979 ecn_mark=1482 drop=0
[QUEUE_STATS] t_ms=22624 q_pkts=43 q_bytes=64672 qdelay_l_ms=1.07955 qdelay_c_ms=17.5794 ecn_mark=1482 drop=0
[QUEUE_STATS] t_ms=22640 q_pkts=41 q_bytes=61664 qdelay_l_ms=0.848254 qdelay_c_ms=17.9128 ecn_mark=1483 drop=0
[QUEUE_STATS] t_ms=22656 q_pkts=42 q_bytes=63168 qdelay_l_ms=1.06703 qdelay_c_ms=18.0209 ecn_mark=1483 drop=0
[QUEUE_STATS] t_ms=22673 q_pkts=43 q_bytes=64672 qdelay_l_ms=1.07995 qdelay_c_ms=17.9659 ecn_mark=1483 drop=0
[QUEUE_STATS] t_ms=22688 q_pkts=43 q_bytes=64672 qdelay_l_ms=0.976726 qdelay_c_ms=18.0716 ecn_mark=1483 drop=0
[QUEUE_STATS] t_ms=22704 q_pkts=42 q_bytes=63168 qdelay_l_ms=0.731625 qdelay_c_ms=19.0885 ecn_mark=1483 drop=0
[QUEUE_STATS] t_ms=22720 q_pkts=44 q_bytes=66176 qdelay_l_ms=0.95206 qdelay_c_ms=19.8938 ecn_mark=1484 drop=0
[QUEUE_STATS] t_ms=22736 q_pkts=45 q_bytes=67680 qdelay_l_ms=1.06108 qdelay_c_ms=19.0675 ecn_mark=1484 drop=0
[QUEUE_STATS] t_ms=22752 q_pkts=44 q_bytes=66176 qdelay_l_ms=0.2658 qdelay_c_ms=21.0466 ecn_mark=1484 drop=0
[QUEUE_STATS] t_ms=22768 q_pkts=44 q_bytes=66176 qdelay_l_ms=0 qdelay_c_ms=17.3195 ecn_mark=1485 drop=0
[QUEUE_STATS] t_ms=22785 q_pkts=43 q_bytes=64672 qdelay_l_ms=1.07485 qdelay_c_ms=19.9218 ecn_mark=1485 drop=0
[QUEUE_STATS] t_ms=22800 q_pkts=46 q_bytes=69184 qdelay_l_ms=0.954234 qdelay_c_ms=20.6654 ecn_mark=1485 drop=0
[QUEUE_STATS] t_ms=22816 q_pkts=45 q_bytes=67680 qdelay_l_ms=0.96829 qdelay_c_ms=18.8277 ecn_mark=1485 drop=0
[QUEUE_STATS] t_ms=22832 q_pkts=45 q_bytes=67680 qdelay_l_ms=0.763796 qdelay_c_ms=19.9621 ecn_mark=1485 drop=0
[QUEUE_STATS] t_ms=22848 q_pkts=47 q_bytes=70688 qdelay_l_ms=1.07085 qdelay_c_ms=21.128 ecn_mark=1485 drop=0
[QUEUE_STATS] t_ms=22864 q_pkts=46 q_bytes=69184 qdelay_l_ms=0.946299 qdelay_c_ms=19.1035 ecn_mark=1485 drop=0
[QUEUE_STATS] t_ms=22880 q_pkts=47 q_bytes=70688 qdelay_l_ms=1.06119 qdelay_c_ms=22.3171 ecn_mark=1486 drop=0
[QUEUE_STATS] t_ms=22896 q_pkts=48 q_bytes=72192 qdelay_l_ms=1.06272 qdelay_c_ms=22.2072 ecn_mark=1486 drop=0
[QUEUE_STATS] t_ms=22912 q_pkts=47 q_bytes=70688 qdelay_l_ms=0.946639 qdelay_c_ms=20.1552 ecn_mark=1487 drop=0
[QUEUE_STATS] t_ms=22928 q_pkts=48 q_bytes=72192 qdelay_l_ms=0.269036 qdelay_c_ms=22.9461 ecn_mark=1488 drop=0
[QUEUE_STATS] t_ms=22944 q_pkts=49 q_bytes=73696 qdelay_l_ms=1.07479 qdelay_c_ms=22.6895 ecn_mark=1489 drop=0
[QUEUE_STATS] t_ms=22960 q_pkts=50 q_bytes=75200 qdelay_l_ms=1.05099 qdelay_c_ms=20.8654 ecn_mark=1491 drop=0
[QUEUE_STATS] t_ms=22976 q_pkts=50 q_bytes=75200 qdelay_l_ms=1.03531 qdelay_c_ms=22.865 ecn_mark=1491 drop=0
[QUEUE_STATS] t_ms=22992 q_pkts=49 q_bytes=73696 qdelay_l_ms=0.851501 qdelay_c_ms=21.935 ecn_mark=1491 drop=0
[QUEUE_STATS] t_ms=23008 q_pkts=38 q_bytes=57152 qdelay_l_ms=0.972618 qdelay_c_ms=21.1937 ecn_mark=1492 drop=0
[QUEUE_STATS] t_ms=23024 q_pkts=28 q_bytes=42112 qdelay_l_ms=1.05594 qdelay_c_ms=19.1949 ecn_mark=1492 drop=0
[QUEUE_STATS] t_ms=23040 q_pkts=19 q_bytes=28576 qdelay_l_ms=0.937051 qdelay_c_ms=11.1785 ecn_mark=1492 drop=0
[QUEUE_STATS] t_ms=23056 q_pkts=7 q_bytes=10528 qdelay_l_ms=1.0607 qdelay_c_ms=3.09086 ecn_mark=1494 drop=0
[QUEUE_STATS] t_ms=23072 q_pkts=10 q_bytes=15040 qdelay_l_ms=0.699975 qdelay_c_ms=2.84448 ecn_mark=1496 drop=0
[QUEUE_STATS] t_ms=23088 q_pkts=11 q_bytes=16544 qdelay_l_ms=0 qdelay_c_ms=5.09464 ecn_mark=1497 drop=0
[QUEUE_STATS] t_ms=23104 q_pkts=10 q_bytes=15040 qdelay_l_ms=1.04887 qdelay_c_ms=2.88763 ecn_mark=1498 drop=0
[QUEUE_STATS] t_ms=23120 q_pkts=12 q_bytes=18048 qdelay_l_ms=1.06528 qdelay_c_ms=4.72888 ecn_mark=1500 drop=0
[QUEUE_STATS] t_ms=23136 q_pkts=11 q_bytes=16544 qdelay_l_ms=0.926291 qdelay_c_ms=5.16994 ecn_mark=1501 drop=0
[QUEUE_STATS] t_ms=23152 q_pkts=11 q_bytes=16544 qdelay_l_ms=1.06407 qdelay_c_ms=3.82763 ecn_mark=1502 drop=0
[QUEUE_STATS] t_ms=23169 q_pkts=11 q_bytes=16544 qdelay_l_ms=1.08562 qdelay_c_ms=4.7488 ecn_mark=1503 drop=0
[QUEUE_STATS] t_ms=23185 q_pkts=12 q_bytes=18048 qdelay_l_ms=1.07899 qdelay_c_ms=5.91707 ecn_mark=1504 drop=0
[QUEUE_STATS] t_ms=23200 q_pkts=12 q_bytes=18048 qdelay_l_ms=1.06139 qdelay_c_ms=5.03844 ecn_mark=1504 drop=0
[QUEUE_STATS] t_ms=23216 q_pkts=14 q_bytes=21056 qdelay_l_ms=0.912695 qdelay_c_ms=5.0144 ecn_mark=1505 drop=0
[QUEUE_STATS] t_ms=23232 q_pkts=13 q_bytes=19552 qdelay_l_ms=1.08537 qdelay_c_ms=5.2286 ecn_mark=1505 drop=0
[QUEUE_STATS] t_ms=23248 q_pkts=12 q_bytes=18048 qdelay_l_ms=1.07106 qdelay_c_ms=6.45878 ecn_mark=1507 drop=0
[QUEUE_STATS] t_ms=23264 q_pkts=16 q_bytes=24064 qdelay_l_ms=1.0688 qdelay_c_ms=6.05865 ecn_mark=1508 drop=0
[QUEUE_STATS] t_ms=23280 q_pkts=13 q_bytes=19552 qdelay_l_ms=1.06128 qdelay_c_ms=7.20341 ecn_mark=1511 drop=0
[QUEUE_STATS] t_ms=23296 q_pkts=15 q_bytes=22560 qdelay_l_ms=1.06574 qdelay_c_ms=6.7652 ecn_mark=1511 drop=0
[QUEUE_STATS] t_ms=23312 q_pkts=15 q_bytes=22560 qdelay_l_ms=1.05775 qdelay_c_ms=6.04826 ecn_mark=1512 drop=0
[QUEUE_STATS] t_ms=23328 q_pkts=15 q_bytes=22560 qdelay_l_ms=1.05184 qdelay_c_ms=6.4603 ecn_mark=1512 drop=0
[QUEUE_STATS] t_ms=23344 q_pkts=16 q_bytes=24064 qdelay_l_ms=0.831192 qdelay_c_ms=5.91913 ecn_mark=1512 drop=0
[QUEUE_STATS] t_ms=23361 q_pkts=17 q_bytes=25568 qdelay_l_ms=1.08346 qdelay_c_ms=6.08812 ecn_mark=1512 drop=0
[QUEUE_STATS] t_ms=23376 q_pkts=17 q_bytes=25568 qdelay_l_ms=1.08763 qdelay_c_ms=6.11946 ecn_mark=1514 drop=0
[QUEUE_STATS] t_ms=23392 q_pkts=18 q_bytes=27072 qdelay_l_ms=1.06224 qdelay_c_ms=8.03014 ecn_mark=1517 drop=0
[QUEUE_STATS] t_ms=23408 q_pkts=12 q_bytes=18048 qdelay_l_ms=0.007254 qdelay_c_ms=6.81779 ecn_mark=1517 drop=0
[QUEUE_STATS] t_ms=23424 q_pkts=18 q_bytes=27072 qdelay_l_ms=0.911814 qdelay_c_ms=6.70036 ecn_mark=1517 drop=0
[QUEUE_STATS] t_ms=23440 q_pkts=19 q_bytes=28576 qdelay_l_ms=1.08386 qdelay_c_ms=6.93442 ecn_mark=1518 drop=0
[QUEUE_STATS] t_ms=23456 q_pkts=19 q_bytes=28576 qdelay_l_ms=1.05466 qdelay_c_ms=8.86148 ecn_mark=1519 drop=0
[QUEUE_STATS] t_ms=23472 q_pkts=16 q_bytes=24064 qdelay_l_ms=0.018675 qdelay_c_ms=7.99808 ecn_mark=1521 drop=0
[QUEUE_STATS] t_ms=23488 q_pkts=17 q_bytes=25568 qdelay_l_ms=0.943633 qdelay_c_ms=7.1987 ecn_mark=1521 drop=0
[QUEUE_STATS] t_ms=23504 q_pkts=19 q_bytes=28576 qdelay_l_ms=1.06584 qdelay_c_ms=8.17497 ecn_mark=1522 drop=0
[QUEUE_STATS] t_ms=23520 q_pkts=21 q_bytes=31584 qdelay_l_ms=0.905922 qdelay_c_ms=8.89161 ecn_mark=1523 drop=0
[QUEUE_STATS] t_ms=23536 q_pkts=17 q_bytes=25568 qdelay_l_ms=1.06656 qdelay_c_ms=8.03066 ecn_mark=1524 drop=0
[QUEUE_STATS] t_ms=23553 q_pkts=18 q_bytes=27072 qdelay_l_ms=1.07455 qdelay_c_ms=7.84219 ecn_mark=1528 drop=0
[QUEUE_STATS] t_ms=23568 q_pkts=21 q_bytes=31584 qdelay_l_ms=0.961527 qdelay_c_ms=8.10549 ecn_mark=1529 drop=0
[QUEUE_STATS] t_ms=23584 q_pkts=19 q_bytes=28576 qdelay_l_ms=1.06651 qdelay_c_ms=8.92921 ecn_mark=1531 drop=0
[QUEUE_STATS] t_ms=23600 q_pkts=22 q_bytes=33088 qdelay_l_ms=1.07174 qdelay_c_ms=10.1031 ecn_mark=1531 drop=0
[QUEUE_STATS] t_ms=23616 q_pkts=20 q_bytes=30080 qdelay_l_ms=1.07927 qdelay_c_ms=7.89127 ecn_mark=1532 drop=0
[QUEUE_STATS] t_ms=23632 q_pkts=20 q_bytes=30080 qdelay_l_ms=0.926922 qdelay_c_ms=8.98801 ecn_mark=1535 drop=0
[QUEUE_STATS] t_ms=23648 q_pkts=19 q_bytes=28576 qdelay_l_ms=1.07699 qdelay_c_ms=8.56584 ecn_mark=1535 drop=0
[QUEUE_STATS] t_ms=23664 q_pkts=21 q_bytes=31584 qdelay_l_ms=1.07174 qdelay_c_ms=8.79641 ecn_mark=1535 drop=0
[QUEUE_STATS] t_ms=23680 q_pkts=20 q_bytes=30080 qdelay_l_ms=0.892037 qdelay_c_ms=9.00831 ecn_mark=1535 drop=0
[QUEUE_STATS] t_ms=23696 q_pkts=20 q_bytes=30080 qdelay_l_ms=0.91008 qdelay_c_ms=9.90341 ecn_mark=1536 drop=0
[QUEUE_STATS] t_ms=23712 q_pkts=22 q_bytes=33088 qdelay_l_ms=0.912304 qdelay_c_ms=9.05288 ecn_mark=1537 drop=0
[QUEUE_STATS] t_ms=23728 q_pkts=21 q_bytes=31584 qdelay_l_ms=1.06605 qdelay_c_ms=9.14916 ecn_mark=1538 drop=0
[QUEUE_STATS] t_ms=23744 q_pkts=21 q_bytes=31584 qdelay_l_ms=0.896705 qdelay_c_ms=10.065 ecn_mark=1540 drop=0
[QUEUE_STATS] t_ms=23760 q_pkts=23 q_bytes=34592 qdelay_l_ms=1.05842 qdelay_c_ms=11.2202 ecn_mark=1540 drop=0
[QUEUE_STATS] t_ms=23776 q_pkts=23 q_bytes=34592 qdelay_l_ms=1.06195 qdelay_c_ms=9.33314 ecn_mark=1540 drop=0
[QUEUE_STATS] t_ms=23792 q_pkts=21 q_bytes=31584 qdelay_l_ms=1.07831 qdelay_c_ms=9.98284 ecn_mark=1541 drop=0
[QUEUE_STATS] t_ms=23809 q_pkts=23 q_bytes=34592 qdelay_l_ms=1.06541 qdelay_c_ms=11.0109 ecn_mark=1543 drop=0
[QUEUE_STATS] t_ms=23825 q_pkts=21 q_bytes=31584 qdelay_l_ms=1.07026 qdelay_c_ms=9.49474 ecn_mark=1543 drop=0
[QUEUE_STATS] t_ms=23840 q_pkts=23 q_bytes=34592 qdelay_l_ms=1.07374 qdelay_c_ms=10.0729 ecn_mark=1544 drop=0
[QUEUE_STATS] t_ms=23856 q_pkts=23 q_bytes=34592 qdelay_l_ms=1.08483 qdelay_c_ms=9.6878 ecn_mark=1544 drop=0
[QUEUE_STATS] t_ms=23872 q_pkts=22 q_bytes=33088 qdelay_l_ms=1.005 qdelay_c_ms=9.11538 ecn_mark=1545 drop=0
[QUEUE_STATS] t_ms=23888 q_pkts=23 q_bytes=34592 qdelay_l_ms=0.791898 qdelay_c_ms=10.8477 ecn_mark=1545 drop=0
[QUEUE_STATS] t_ms=23904 q_pkts=23 q_bytes=34592 qdelay_l_ms=1.06713 qdelay_c_ms=11.051 ecn_mark=1545 drop=0
[QUEUE_STATS] t_ms=23920 q_pkts=24 q_bytes=36096 qdelay_l_ms=0.928304 qdelay_c_ms=8.96491 ecn_mark=1545 drop=0
[QUEUE_STATS] t_ms=23936 q_pkts=22 q_bytes=33088 qdelay_l_ms=1.06139 qdelay_c_ms=11.0704 ecn_mark=1545 drop=0
[QUEUE_STATS] t_ms=23952 q_pkts=22 q_bytes=33088 qdelay_l_ms=0.891506 qdelay_c_ms=10.9499 ecn_mark=1545 drop=0
[QUEUE_STATS] t_ms=23968 q_pkts=26 q_bytes=39104 qdelay_l_ms=1.06054 qdelay_c_ms=11.1643 ecn_mark=1545 drop=0
[QUEUE_STATS] t_ms=23984 q_pkts=27 q_bytes=40608 qdelay_l_ms=1.06392 qdelay_c_ms=12.0316 ecn_mark=1545 drop=0
[QUEUE_STATS] t_ms=24000 q_pkts=26 q_bytes=39104 qdelay_l_ms=0.873783 qdelay_c_ms=12.9213 ecn_mark=1547 drop=0
[QUEUE_STATS] t_ms=24016 q_pkts=26 q_bytes=39104 qdelay_l_ms=0.86147 qdelay_c_ms=11.1707 ecn_mark=1549 drop=0
[QUEUE_STATS] t_ms=24032 q_pkts=28 q_bytes=42112 qdelay_l_ms=1.08131 qdelay_c_ms=12.9455 ecn_mark=1550 drop=0
[QUEUE_STATS] t_ms=24048 q_pkts=27 q_bytes=40608 qdelay_l_ms=0.892838 qdelay_c_ms=12.0526 ecn_mark=1551 drop=0
[QUEUE_STATS] t_ms=24064 q_pkts=28 q_bytes=42112 qdelay_l_ms=1.0781 qdelay_c_ms=10.9797 ecn_mark=1553 drop=0
[QUEUE_STATS] t_ms=24080 q_pkts=28 q_bytes=42112 qdelay_l_ms=1.07616 qdelay_c_ms=13.9631 ecn_mark=1554 drop=0
[QUEUE_STATS] t_ms=24096 q_pkts=27 q_bytes=40608 qdelay_l_ms=1.07671 qdelay_c_ms=12.0419 ecn_mark=1555 drop=0
[QUEUE_STATS] t_ms=24112 q_pkts=22 q_bytes=33088 qdelay_l_ms=1.06092 qdelay_c_ms=13.1905 ecn_mark=1556 drop=0
[QUEUE_STATS] t_ms=24128 q_pkts=14 q_bytes=21056 qdelay_l_ms=1.07258 qdelay_c_ms=8.71736 ecn_mark=1557 drop=0
[QUEUE_STATS] t_ms=24144 q_pkts=3 q_bytes=4512 qdelay_l_ms=1.06583 qdelay_c_ms=1.063 ecn_mark=1557 drop=0
[QUEUE_STATS] t_ms=24160 q_pkts=5 q_bytes=7520 qdelay_l_ms=1.06398 qdelay_c_ms=2.16657 ecn_mark=1557 drop=0
[QUEUE_STATS] t_ms=24176 q_pkts=9 q_bytes=13536 qdelay_l_ms=0.874834 qdelay_c_ms=3.04604 ecn_mark=1557 drop=0
[QUEUE_STATS] t_ms=24192 q_pkts=4 q_bytes=6016 qdelay_l_ms=1.03653 qdelay_c_ms=1.04182 ecn_mark=1557 drop=0
[QUEUE_STATS] t_ms=24208 q_pkts=4 q_bytes=6016 qdelay_l_ms=1.0653 qdelay_c_ms=2.13169 ecn_mark=1558 drop=0
[QUEUE_STATS] t_ms=24224 q_pkts=6 q_bytes=9024 qdelay_l_ms=1.05561 qdelay_c_ms=2.12968 ecn_mark=1558 drop=0
[QUEUE_STATS] t_ms=24240 q_pkts=5 q_bytes=7520 qdelay_l_ms=1.02036 qdelay_c_ms=1.88467 ecn_mark=1558 drop=0
[QUEUE_STATS] t_ms=24256 q_pkts=5 q_bytes=7520 qdelay_l_ms=0.8673 qdelay_c_ms=1.73134 ecn_mark=1560 drop=0
[QUEUE_STATS] t_ms=24272 q_pkts=10 q_bytes=15040 qdelay_l_ms=1.08441 qdelay_c_ms=3.88542 ecn_mark=1563 drop=0
[QUEUE_STATS] t_ms=24288 q_pkts=4 q_bytes=6016 qdelay_l_ms=1.02369 qdelay_c_ms=1.02005 ecn_mark=1564 drop=0
[QUEUE_STATS] t_ms=24304 q_pkts=6 q_bytes=9024 qdelay_l_ms=1.03907 qdelay_c_ms=1.03536 ecn_mark=1566 drop=0
[QUEUE_STATS] t_ms=24320 q_pkts=7 q_bytes=10528 qdelay_l_ms=1.06043 qdelay_c_ms=3.04137 ecn_mark=1569 drop=0
[QUEUE_STATS] t_ms=24336 q_pkts=4 q_bytes=6016 qdelay_l_ms=0.859755 qdelay_c_ms=0.856189 ecn_mark=1570 drop=0
[QUEUE_STATS] t_ms=24352 q_pkts=5 q_bytes=7520 qdelay_l_ms=1.02943 qdelay_c_ms=1.88598 ecn_mark=1573 drop=0
[QUEUE_STATS] t_ms=24368 q_pkts=6 q_bytes=9024 qdelay_l_ms=1.03131 qdelay_c_ms=1.68674 ecn_mark=1574 drop=0
[QUEUE_STATS] t_ms=24384 q_pkts=3 q_bytes=4512 qdelay_l_ms=1.06609 qdelay_c_ms=2.11507 ecn_mark=1575 drop=0
[QUEUE_STATS] t_ms=24400 q_pkts=7 q_bytes=10528 qdelay_l_ms=1.0303 qdelay_c_ms=1.6946 ecn_mark=1575 drop=0
[QUEUE_STATS] t_ms=24416 q_pkts=7 q_bytes=10528 qdelay_l_ms=1.01235 qdelay_c_ms=2.13482 ecn_mark=1576 drop=0
[QUEUE_STATS] t_ms=24433 q_pkts=6 q_bytes=9024 qdelay_l_ms=1.08107 qdelay_c_ms=1.9332 ecn_mark=1578 drop=0
[QUEUE_STATS] t_ms=24448 q_pkts=9 q_bytes=13536 qdelay_l_ms=0.873382 qdelay_c_ms=2.16534 ecn_mark=1578 drop=0
[QUEUE_STATS] t_ms=24464 q_pkts=7 q_bytes=10528 qdelay_l_ms=1.03535 qdelay_c_ms=1.03272 ecn_mark=1579 drop=0
[QUEUE_STATS] t_ms=24480 q_pkts=6 q_bytes=9024 qdelay_l_ms=1.02746 qdelay_c_ms=2.1375 ecn_mark=1579 drop=0
[QUEUE_STATS] t_ms=24496 q_pkts=6 q_bytes=9024 qdelay_l_ms=1.07022 qdelay_c_ms=2.17349 ecn_mark=1579 drop=0
[QUEUE_STATS] t_ms=24512 q_pkts=6 q_bytes=9024 qdelay_l_ms=1.06346 qdelay_c_ms=2.17334 ecn_mark=1581 drop=0
[QUEUE_STATS] t_ms=24528 q_pkts=5 q_bytes=7520 qdelay_l_ms=1.06474 qdelay_c_ms=2.13523 ecn_mark=1581 drop=0
[QUEUE_STATS] t_ms=24544 q_pkts=8 q_bytes=12032 qdelay_l_ms=1.04939 qdelay_c_ms=1.88648 ecn_mark=1583 drop=0
[QUEUE_STATS] t_ms=24561 q_pkts=5 q_bytes=7520 qdelay_l_ms=1.07908 qdelay_c_ms=1.91546 ecn_mark=1584 drop=0
[QUEUE_STATS] t_ms=24576 q_pkts=6 q_bytes=9024 qdelay_l_ms=1.07231 qdelay_c_ms=1.92401 ecn_mark=1584 drop=0
[QUEUE_STATS] t_ms=24592 q_pkts=6 q_bytes=9024 qdelay_l_ms=1.02371 qdelay_c_ms=2.12893 ecn_mark=1585 drop=0
[QUEUE_STATS] t_ms=24608 q_pkts=8 q_bytes=12032 qdelay_l_ms=1.08258 qdelay_c_ms=2.1473 ecn_mark=1585 drop=0
[QUEUE_STATS] t_ms=24624 q_pkts=5 q_bytes=7520 qdelay_l_ms=1.08347 qdelay_c_ms=1.96494 ecn_mark=1587 drop=0
[QUEUE_STATS] t_ms=24640 q_pkts=5 q_bytes=7520 qdelay_l_ms=1.08067 qdelay_c_ms=2.14175 ecn_mark=1592 drop=0
[QUEUE_STATS] t_ms=24656 q_pkts=7 q_bytes=10528 qdelay_l_ms=1.04841 qdelay_c_ms=2.16927 ecn_mark=1592 drop=0
[QUEUE_STATS] t_ms=24673 q_pkts=4 q_bytes=6016 qdelay_l_ms=0 qdelay_c_ms=1.08026 ecn_mark=1593 drop=0
[QUEUE_STATS] t_ms=24688 q_pkts=5 q_bytes=7520 qdelay_l_ms=0.650392 qdelay_c_ms=2.78097 ecn_mark=1593 drop=0
[QUEUE_STATS] t_ms=24704 q_pkts=8 q_bytes=12032 qdelay_l_ms=1.06288 qdelay_c_ms=2.15039 ecn_mark=1593 drop=0
[QUEUE_STATS] t_ms=24720 q_pkts=6 q_bytes=9024 qdelay_l_ms=1.06605 qdelay_c_ms=2.17545 ecn_mark=1593 drop=0
[QUEUE_STATS] t_ms=24736 q_pkts=8 q_bytes=12032 qdelay_l_ms=1.03917 qdelay_c_ms=2.84946 ecn_mark=1594 drop=0
[QUEUE_STATS] t_ms=24752 q_pkts=7 q_bytes=10528 qdelay_l_ms=0.670581 qdelay_c_ms=3.8928 ecn_mark=1594 drop=0
[QUEUE_STATS] t_ms=24768 q_pkts=6 q_bytes=9024 qdelay_l_ms=1.03995 qdelay_c_ms=2.91262 ecn_mark=1594 drop=0
[QUEUE_STATS] t_ms=24784 q_pkts=6 q_bytes=9024 qdelay_l_ms=1.02946 qdelay_c_ms=2.14307 ecn_mark=1594 drop=0
[QUEUE_STATS] t_ms=24800 q_pkts=6 q_bytes=9024 qdelay_l_ms=1.06285 qdelay_c_ms=2.98269 ecn_mark=1595 drop=0
[QUEUE_STATS] t_ms=24817 q_pkts=5 q_bytes=7520 qdelay_l_ms=1.06988 qdelay_c_ms=2.81508 ecn_mark=1596 drop=0
[QUEUE_STATS] t_ms=24832 q_pkts=7 q_bytes=10528 qdelay_l_ms=1.07285 qdelay_c_ms=3.19412 ecn_mark=1597 drop=0
[QUEUE_STATS] t_ms=24848 q_pkts=5 q_bytes=7520 qdelay_l_ms=0.018915 qdelay_c_ms=0.85653 ecn_mark=1598 drop=0
[QUEUE_STATS] t_ms=24864 q_pkts=7 q_bytes=10528 qdelay_l_ms=1.07996 qdelay_c_ms=2.0688 ecn_mark=1599 drop=0
[QUEUE_STATS] t_ms=24880 q_pkts=7 q_bytes=10528 qdelay_l_ms=1.07294 qdelay_c_ms=3.2116 ecn_mark=1601 drop=0
[QUEUE_STATS] t_ms=24896 q_pkts=9 q_bytes=13536 qdelay_l_ms=1.08258 qdelay_c_ms=4.01873 ecn_mark=1601 drop=0
[QUEUE_STATS] t_ms=24912 q_pkts=7 q_bytes=10528 qdelay_l_ms=1.063 qdelay_c_ms=3.16948 ecn_mark=1602 drop=0
[QUEUE_STATS] t_ms=24928 q_pkts=7 q_bytes=10528 qdelay_l_ms=1.06512 qdelay_c_ms=3.19931 ecn_mark=1602 drop=0
[QUEUE_STATS] t_ms=24944 q_pkts=8 q_bytes=12032 qdelay_l_ms=0.985973 qdelay_c_ms=2.92721 ecn_mark=1604 drop=0
[QUEUE_STATS] t_ms=24960 q_pkts=6 q_bytes=9024 qdelay_l_ms=0.981294 qdelay_c_ms=2.09344 ecn_mark=1604 drop=0
[QUEUE_STATS] t_ms=24977 q_pkts=5 q_bytes=7520 qdelay_l_ms=1.07267 qdelay_c_ms=2.91714 ecn_mark=1605 drop=0
[QUEUE_STATS] t_ms=24992 q_pkts=10 q_bytes=15040 qdelay_l_ms=0.839067 qdelay_c_ms=2.81271 ecn_mark=1605 drop=0
[QUEUE_STATS] t_ms=25008 q_pkts=9 q_bytes=13536 qdelay_l_ms=1.07009 qdelay_c_ms=4.30766 ecn_mark=1605 drop=0
[QUEUE_STATS] t_ms=25024 q_pkts=8 q_bytes=12032 qdelay_l_ms=0.965294 qdelay_c_ms=3.94484 ecn_mark=1606 drop=0
[QUEUE_STATS] t_ms=25040 q_pkts=10 q_bytes=15040 qdelay_l_ms=0.963901 qdelay_c_ms=3.88084 ecn_mark=1608 drop=0
[QUEUE_STATS] t_ms=25056 q_pkts=7 q_bytes=10528 qdelay_l_ms=1.06658 qdelay_c_ms=4.0183 ecn_mark=1609 drop=0
[QUEUE_STATS] t_ms=25072 q_pkts=11 q_bytes=16544 qdelay_l_ms=1.08814 qdelay_c_ms=4.08479 ecn_mark=1610 drop=0
[QUEUE_STATS] t_ms=25088 q_pkts=10 q_bytes=15040 qdelay_l_ms=1.06939 qdelay_c_ms=5.15544 ecn_mark=1610 drop=0
[QUEUE_STATS] t_ms=25104 q_pkts=8 q_bytes=12032 qdelay_l_ms=0.672814 qdelay_c_ms=3.88489 ecn_mark=1611 drop=0
[QUEUE_STATS] t_ms=25120 q_pkts=11 q_bytes=16544 qdelay_l_ms=1.08314 qdelay_c_ms=2.91024 ecn_mark=1611 drop=0
[QUEUE_STATS] t_ms=25136 q_pkts=9 q_bytes=13536 qdelay_l_ms=1.06514 qdelay_c_ms=3.65299 ecn_mark=1611 drop=0
[QUEUE_STATS] t_ms=25153 q_pkts=9 q_bytes=13536 qdelay_l_ms=1.08222 qdelay_c_ms=3.988 ecn_mark=1613 drop=0
[QUEUE_STATS] t_ms=25168 q_pkts=12 q_bytes=18048 qdelay_l_ms=1.0681 qdelay_c_ms=4.07691 ecn_mark=1613 drop=0
[QUEUE_STATS] t_ms=25184 q_pkts=10 q_bytes=15040 qdelay_l_ms=1.06584 qdelay_c_ms=6.11777 ecn_mark=1613 drop=0
[QUEUE_STATS] t_ms=25200 q_pkts=12 q_bytes=18048 qdelay_l_ms=0.825782 qdelay_c_ms=4.88753 ecn_mark=1614 drop=0
[QUEUE_STATS] t_ms=25216 q_pkts=11 q_bytes=16544 qdelay_l_ms=1.06722 qdelay_c_ms=5.32071 ecn_mark=1614 drop=0
[QUEUE_STATS] t_ms=25232 q_pkts=14 q_bytes=21056 qdelay_l_ms=0.835871 qdelay_c_ms=5.94444 ecn_mark=1614 drop=0
[QUEUE_STATS] t_ms=25248 q_pkts=11 q_bytes=16544 qdelay_l_ms=1.0771 qdelay_c_ms=5.11583 ecn_mark=1614 drop=0
[QUEUE_STATS] t_ms=25264 q_pkts=11 q_bytes=16544 qdelay_l_ms=1.07326 qdelay_c_ms=5.1479 ecn_mark=1615 drop=0
[QUEUE_STATS] t_ms=25281 q_pkts=12 q_bytes=18048 qdelay_l_ms=1.07582 qdelay_c_ms=4.93774 ecn_mark=1616 drop=0
[QUEUE_STATS] t_ms=25296 q_pkts=14 q_bytes=21056 qdelay_l_ms=1.06949 qdelay_c_ms=6.06411 ecn_mark=1617 drop=0
[QUEUE_STATS] t_ms=25312 q_pkts=14 q_bytes=21056 qdelay_l_ms=1.08193 qdelay_c_ms=6.08623 ecn_mark=1617 drop=0
[QUEUE_STATS] t_ms=25328 q_pkts=14 q_bytes=21056 qdelay_l_ms=0.6172 qdelay_c_ms=6.06955 ecn_mark=1618 drop=0
[QUEUE_STATS] t_ms=25344 q_pkts=15 q_bytes=22560 qdelay_l_ms=0.823157 qdelay_c_ms=5.83742 ecn_mark=1619 drop=0
[QUEUE_STATS] t_ms=25360 q_pkts=15 q_bytes=22560 qdelay_l_ms=1.08062 qdelay_c_ms=5.88811 ecn_mark=1620 drop=0
[QUEUE_STATS] t_ms=25377 q_pkts=14 q_bytes=21056 qdelay_l_ms=1.08012 qdelay_c_ms=6.01161 ecn_mark=1621 drop=0
[QUEUE_STATS] t_ms=25392 q_pkts=15 q_bytes=22560 qdelay_l_ms=1.05424 qdelay_c_ms=5.56415 ecn_mark=1622 drop=0
[QUEUE_STATS] t_ms=25408 q_pkts=16 q_bytes=24064 qdelay_l_ms=1.07921 qdelay_c_ms=5.02918 ecn_mark=1623 drop=0
[QUEUE_STATS] t_ms=25424 q_pkts=15 q_bytes=22560 qdelay_l_ms=0.923816 qdelay_c_ms=6.99618 ecn_mark=1623 drop=0
[QUEUE_STATS] t_ms=25440 q_pkts=15 q_bytes=22560 qdelay_l_ms=1.06613 qdelay_c_ms=6.95419 ecn_mark=1624 drop=0
[QUEUE_STATS] t_ms=25456 q_pkts=14 q_bytes=21056 qdelay_l_ms=1.026 qdelay_c_ms=6.54621 ecn_mark=1625 drop=0
[QUEUE_STATS] t_ms=25472 q_pkts=16 q_bytes=24064 qdelay_l_ms=1.05773 qdelay_c_ms=7.09304 ecn_mark=1627 drop=0
[QUEUE_STATS] t_ms=25488 q_pkts=16 q_bytes=24064 qdelay_l_ms=0.944314 qdelay_c_ms=5.83743 ecn_mark=1627 drop=0
[QUEUE_STATS] t_ms=25504 q_pkts=15 q_bytes=22560 qdelay_l_ms=1.07557 qdelay_c_ms=6.09167 ecn_mark=1627 drop=0
[QUEUE_STATS] t_ms=25520 q_pkts=18 q_bytes=27072 qdelay_l_ms=0.637969 qdelay_c_ms=9.04389 ecn_mark=1627 drop=0
[QUEUE_STATS] t_ms=25536 q_pkts=17 q_bytes=25568 qdelay_l_ms=1.03905 qdelay_c_ms=9.22904 ecn_mark=1627 drop=0
[QUEUE_STATS] t_ms=25552 q_pkts=18 q_bytes=27072 qdelay_l_ms=1.04513 qdelay_c_ms=7.91696 ecn_mark=1628 drop=0
[QUEUE_STATS] t_ms=25568 q_pkts=20 q_bytes=30080 qdelay_l_ms=1.03603 qdelay_c_ms=8.9823 ecn_mark=1630 drop=0
[QUEUE_STATS] t_ms=25584 q_pkts=20 q_bytes=30080 qdelay_l_ms=1.03008 qdelay_c_ms=8.72394 ecn_mark=1630 drop=0
[QUEUE_STATS] t_ms=25601 q_pkts=19 q_bytes=28576 qdelay_l_ms=1.07743 qdelay_c_ms=8.74135 ecn_mark=1631 drop=0
[QUEUE_STATS] t_ms=25616 q_pkts=21 q_bytes=31584 qdelay_l_ms=1.08251 qdelay_c_ms=9.75831 ecn_mark=1631 drop=0
[QUEUE_STATS] t_ms=25632 q_pkts=20 q_bytes=30080 qdelay_l_ms=1.06968 qdelay_c_ms=8.61689 ecn_mark=1631 drop=0
[QUEUE_STATS] t_ms=25648 q_pkts=19 q_bytes=28576 qdelay_l_ms=1.07309 qdelay_c_ms=9.08901 ecn_mark=1631 drop=0
[QUEUE_STATS] t_ms=25664 q_pkts=21 q_bytes=31584 qdelay_l_ms=0.80362 qdelay_c_ms=9.86406 ecn_mark=1632 drop=0
[QUEUE_STATS] t_ms=25681 q_pkts=21 q_bytes=31584 qdelay_l_ms=1.06454 qdelay_c_ms=10.7749 ecn_mark=1633 drop=0
[QUEUE_STATS] t_ms=25696 q_pkts=21 q_bytes=31584 qdelay_l_ms=0.608614 qdelay_c_ms=9.84821 ecn_mark=1634 drop=0
[QUEUE_STATS] t_ms=25712 q_pkts=21 q_bytes=31584 qdelay_l_ms=1.00111 qdelay_c_ms=12.2764 ecn_mark=1634 drop=0
[QUEUE_STATS] t_ms=25729 q_pkts=21 q_bytes=31584 qdelay_l_ms=1.06897 qdelay_c_ms=11.9331 ecn_mark=1634 drop=0
[QUEUE_STATS] t_ms=25744 q_pkts=20 q_bytes=30080 qdelay_l_ms=1.06316 qdelay_c_ms=11.0392 ecn_mark=1635 drop=0
[QUEUE_STATS] t_ms=25760 q_pkts=23 q_bytes=34592 qdelay_l_ms=1.08208 qdelay_c_ms=10.8882 ecn_mark=1636 drop=0
[QUEUE_STATS] t_ms=25776 q_pkts=22 q_bytes=33088 qdelay_l_ms=1.03653 qdelay_c_ms=10.7449 ecn_mark=1636 drop=0
[QUEUE_STATS] t_ms=25793 q_pkts=21 q_bytes=31584 qdelay_l_ms=1.08014 qdelay_c_ms=9.964 ecn_mark=1636 drop=0
[QUEUE_STATS] t_ms=25808 q_pkts=22 q_bytes=33088 qdelay_l_ms=1.07447 qdelay_c_ms=11.3839 ecn_mark=1636 drop=0
[QUEUE_STATS] t_ms=25824 q_pkts=23 q_bytes=34592 qdelay_l_ms=1.06329 qdelay_c_ms=11.319 ecn_mark=1637 drop=0
[QUEUE_STATS] t_ms=25841 q_pkts=25 q_bytes=37600 qdelay_l_ms=1.08119 qdelay_c_ms=12.7641 ecn_mark=1637 drop=0
[QUEUE_STATS] t_ms=25856 q_pkts=24 q_bytes=36096 qdelay_l_ms=0.868151 qdelay_c_ms=13.0085 ecn_mark=1637 drop=0
[QUEUE_STATS] t_ms=25872 q_pkts=24 q_bytes=36096 qdelay_l_ms=1.04116 qdelay_c_ms=13.0088 ecn_mark=1640 drop=0
[QUEUE_STATS] t_ms=25889 q_pkts=24 q_bytes=36096 qdelay_l_ms=1.07913 qdelay_c_ms=12.6154 ecn_mark=1640 drop=0
[QUEUE_STATS] t_ms=25904 q_pkts=26 q_bytes=39104 qdelay_l_ms=1.08173 qdelay_c_ms=12.9711 ecn_mark=1640 drop=0
[QUEUE_STATS] t_ms=25920 q_pkts=25 q_bytes=37600 qdelay_l_ms=0.848926 qdelay_c_ms=11.9432 ecn_mark=1640 drop=0
[QUEUE_STATS] t_ms=25936 q_pkts=25 q_bytes=37600 qdelay_l_ms=1.0739 qdelay_c_ms=12.0056 ecn_mark=1640 drop=0
[QUEUE_STATS] t_ms=25952 q_pkts=25 q_bytes=37600 qdelay_l_ms=1.07506 qdelay_c_ms=12.9725 ecn_mark=1642 drop=0
[QUEUE_STATS] t_ms=25968 q_pkts=26 q_bytes=39104 qdelay_l_ms=0.972618 qdelay_c_ms=13.1142 ecn_mark=1643 drop=0
[QUEUE_STATS] t_ms=25985 q_pkts=24 q_bytes=36096 qdelay_l_ms=1.06477 qdelay_c_ms=12.9173 ecn_mark=1644 drop=0
[QUEUE_STATS] t_ms=26000 q_pkts=28 q_bytes=42112 qdelay_l_ms=1.07774 qdelay_c_ms=14.1498 ecn_mark=1645 drop=0
[QUEUE_STATS] t_ms=26016 q_pkts=28 q_bytes=42112 qdelay_l_ms=1.07874 qdelay_c_ms=15.0936 ecn_mark=1646 drop=0
[QUEUE_STATS] t_ms=26032 q_pkts=27 q_bytes=40608 qdelay_l_ms=1.07892 qdelay_c_ms=15.1315 ecn_mark=1648 drop=0
[QUEUE_STATS] t_ms=26048 q_pkts=27 q_bytes=40608 qdelay_l_ms=1.06432 qdelay_c_ms=13.8244 ecn_mark=1648 drop=0
[QUEUE_STATS] t_ms=26064 q_pkts=28 q_bytes=42112 qdelay_l_ms=1.06783 qdelay_c_ms=14.1818 ecn_mark=1649 drop=0
[QUEUE_STATS] t_ms=26080 q_pkts=28 q_bytes=42112 qdelay_l_ms=1.06288 qdelay_c_ms=14.7724 ecn_mark=1651 drop=0
[QUEUE_STATS] t_ms=26096 q_pkts=27 q_bytes=40608 qdelay_l_ms=0.970795 qdelay_c_ms=14.7213 ecn_mark=1653 drop=0
[QUEUE_STATS] t_ms=26112 q_pkts=28 q_bytes=42112 qdelay_l_ms=1.07821 qdelay_c_ms=16.0745 ecn_mark=1653 drop=0
[QUEUE_STATS] t_ms=26128 q_pkts=29 q_bytes=43616 qdelay_l_ms=0.768665 qdelay_c_ms=14.8033 ecn_mark=1654 drop=0
[QUEUE_STATS] t_ms=26144 q_pkts=29 q_bytes=43616 qdelay_l_ms=1.04527 qdelay_c_ms=14.8446 ecn_mark=1657 drop=0
[QUEUE_STATS] t_ms=26160 q_pkts=30 q_bytes=45120 qdelay_l_ms=0.826343 qdelay_c_ms=17.0348 ecn_mark=1659 drop=0
[QUEUE_STATS] t_ms=26176 q_pkts=28 q_bytes=42112 qdelay_l_ms=1.06174 qdelay_c_ms=16.1351 ecn_mark=1660 drop=0
[QUEUE_STATS] t_ms=26192 q_pkts=30 q_bytes=45120 qdelay_l_ms=0.882368 qdelay_c_ms=15.9144 ecn_mark=1663 drop=0
[QUEUE_STATS] t_ms=26209 q_pkts=30 q_bytes=45120 qdelay_l_ms=1.06532 qdelay_c_ms=15.812 ecn_mark=1665 drop=0
[QUEUE_STATS] t_ms=26224 q_pkts=31 q_bytes=46624 qdelay_l_ms=1.07056 qdelay_c_ms=16.1717 ecn_mark=1666 drop=0
[QUEUE_STATS] t_ms=26240 q_pkts=29 q_bytes=43616 qdelay_l_ms=1.05615 qdelay_c_ms=17.1837 ecn_mark=1666 drop=0
[QUEUE_STATS] t_ms=26256 q_pkts=30 q_bytes=45120 qdelay_l_ms=1.07228 qdelay_c_ms=16.9074 ecn_mark=1667 drop=0
[QUEUE_STATS] t_ms=26273 q_pkts=31 q_bytes=46624 qdelay_l_ms=1.07925 qdelay_c_ms=14.1151 ecn_mark=1668 drop=0
[QUEUE_STATS] t_ms=26288 q_pkts=31 q_bytes=46624 qdelay_l_ms=0.969342 qdelay_c_ms=18.0452 ecn_mark=1670 drop=0
[QUEUE_STATS] t_ms=26304 q_pkts=33 q_bytes=49632 qdelay_l_ms=1.06688 qdelay_c_ms=16.9614 ecn_mark=1671 drop=0
[QUEUE_STATS] t_ms=26320 q_pkts=31 q_bytes=46624 qdelay_l_ms=0.769847 qdelay_c_ms=16.9403 ecn_mark=1672 drop=0
[QUEUE_STATS] t_ms=26336 q_pkts=31 q_bytes=46624 qdelay_l_ms=1.08279 qdelay_c_ms=18.2716 ecn_mark=1672 drop=0
[QUEUE_STATS] t_ms=26352 q_pkts=34 q_bytes=51136 qdelay_l_ms=1.07061 qdelay_c_ms=16.8946 ecn_mark=1672 drop=0
[QUEUE_STATS] t_ms=26368 q_pkts=32 q_bytes=48128 qdelay_l_ms=1.06134 qdelay_c_ms=17.1138 ecn_mark=1672 drop=0
[QUEUE_STATS] t_ms=26384 q_pkts=33 q_bytes=49632 qdelay_l_ms=1.06065 qdelay_c_ms=19.1751 ecn_mark=1673 drop=0
[QUEUE_STATS] t_ms=26400 q_pkts=32 q_bytes=48128 qdelay_l_ms=1.06471 qdelay_c_ms=16.008 ecn_mark=1673 drop=0
[QUEUE_STATS] t_ms=26416 q_pkts=33 q_bytes=49632 qdelay_l_ms=1.07814 qdelay_c_ms=18.8501 ecn_mark=1676 drop=0
[QUEUE_STATS] t_ms=26432 q_pkts=34 q_bytes=51136 qdelay_l_ms=1.02812 qdelay_c_ms=18.757 ecn_mark=1677 drop=0
[QUEUE_STATS] t_ms=26448 q_pkts=33 q_bytes=49632 qdelay_l_ms=0.884732 qdelay_c_ms=17.0744 ecn_mark=1677 drop=0
[QUEUE_STATS] t_ms=26464 q_pkts=31 q_bytes=46624 qdelay_l_ms=1.09148 qdelay_c_ms=19.3532 ecn_mark=1677 drop=0
[QUEUE_STATS] t_ms=26480 q_pkts=34 q_bytes=51136 qdelay_l_ms=1.06488 qdelay_c_ms=18.0077 ecn_mark=1678 drop=0
[QUEUE_STATS] t_ms=26496 q_pkts=31 q_bytes=46624 qdelay_l_ms=1.07238 qdelay_c_ms=17.1185 ecn_mark=1679 drop=0
[QUEUE_STATS] t_ms=26512 q_pkts=31 q_bytes=46624 qdelay_l_ms=0.77693 qdelay_c_ms=18.8986 ecn_mark=1681 drop=0
[QUEUE_STATS] t_ms=26528 q_pkts=34 q_bytes=51136 qdelay_l_ms=0.773704 qdelay_c_ms=15.9735 ecn_mark=1682 drop=0
[QUEUE_STATS] t_ms=26544 q_pkts=33 q_bytes=49632 qdelay_l_ms=0.811044 qdelay_c_ms=16.7727 ecn_mark=1682 drop=0
[QUEUE_STATS] t_ms=26560 q_pkts=33 q_bytes=49632 qdelay_l_ms=0.795174 qdelay_c_ms=17.9418 ecn_mark=1682 drop=0
[QUEUE_STATS] t_ms=26576 q_pkts=34 q_bytes=51136 qdelay_l_ms=1.09234 qdelay_c_ms=16.8762 ecn_mark=1683 drop=0
[QUEUE_STATS] t_ms=26592 q_pkts=31 q_bytes=46624 qdelay_l_ms=1.06518 qdelay_c_ms=20.5537 ecn_mark=1684 drop=0
[QUEUE_STATS] t_ms=26608 q_pkts=33 q_bytes=49632 qdelay_l_ms=0.852152 qdelay_c_ms=18.8392 ecn_mark=1684 drop=0
[QUEUE_STATS] t_ms=26624 q_pkts=32 q_bytes=48128 qdelay_l_ms=0.972298 qdelay_c_ms=17.0363 ecn_mark=1685 drop=0
[QUEUE_STATS] t_ms=26640 q_pkts=34 q_bytes=51136 qdelay_l_ms=0.585551 qdelay_c_ms=18.9 ecn_mark=1685 drop=0
[QUEUE_STATS] t_ms=26656 q_pkts=34 q_bytes=51136 qdelay_l_ms=1.06093 qdelay_c_ms=16.7563 ecn_mark=1686 drop=0
[QUEUE_STATS] t_ms=26672 q_pkts=32 q_bytes=48128 qdelay_l_ms=0.857762 qdelay_c_ms=18.0563 ecn_mark=1686 drop=0
[QUEUE_STATS] t_ms=26688 q_pkts=34 q_bytes=51136 qdelay_l_ms=0.866208 qdelay_c_ms=19.1019 ecn_mark=1686 drop=0
[QUEUE_STATS] t_ms=26704 q_pkts=35 q_bytes=52640 qdelay_l_ms=1.08769 qdelay_c_ms=16.8488 ecn_mark=1686 drop=0
[QUEUE_STATS] t_ms=26720 q_pkts=36 q_bytes=54144 qdelay_l_ms=1.06613 qdelay_c_ms=21.0817 ecn_mark=1687 drop=0
[QUEUE_STATS] t_ms=26736 q_pkts=36 q_bytes=54144 qdelay_l_ms=0.852031 qdelay_c_ms=20.7932 ecn_mark=1688 drop=0
[QUEUE_STATS] t_ms=26752 q_pkts=34 q_bytes=51136 qdelay_l_ms=1.0752 qdelay_c_ms=16.998 ecn_mark=1690 drop=0
[QUEUE_STATS] t_ms=26768 q_pkts=36 q_bytes=54144 qdelay_l_ms=1.04767 qdelay_c_ms=21.0143 ecn_mark=1690 drop=0
[QUEUE_STATS] t_ms=26784 q_pkts=36 q_bytes=54144 qdelay_l_ms=0.837975 qdelay_c_ms=20.7604 ecn_mark=1690 drop=0
[QUEUE_STATS] t_ms=26800 q_pkts=33 q_bytes=49632 qdelay_l_ms=0.014347 qdelay_c_ms=17.8589 ecn_mark=1690 drop=0
[QUEUE_STATS] t_ms=26816 q_pkts=38 q_bytes=57152 qdelay_l_ms=1.09392 qdelay_c_ms=23.0401 ecn_mark=1690 drop=0
[QUEUE_STATS] t_ms=26832 q_pkts=37 q_bytes=55648 qdelay_l_ms=1.07091 qdelay_c_ms=20.7568 ecn_mark=1690 drop=0
[QUEUE_STATS] t_ms=26848 q_pkts=38 q_bytes=57152 qdelay_l_ms=1.07824 qdelay_c_ms=22.1822 ecn_mark=1690 drop=0
[QUEUE_STATS] t_ms=26864 q_pkts=39 q_bytes=58656 qdelay_l_ms=1.06498 qdelay_c_ms=24.2999 ecn_mark=1691 drop=0
[QUEUE_STATS] t_ms=26880 q_pkts=41 q_bytes=61664 qdelay_l_ms=0.78755 qdelay_c_ms=20.9295 ecn_mark=1691 drop=0
[QUEUE_STATS] t_ms=26896 q_pkts=39 q_bytes=58656 qdelay_l_ms=1.07269 qdelay_c_ms=23.9923 ecn_mark=1692 drop=0
[QUEUE_STATS] t_ms=26912 q_pkts=40 q_bytes=60160 qdelay_l_ms=1.04427 qdelay_c_ms=21.9472 ecn_mark=1693 drop=0
[QUEUE_STATS] t_ms=26928 q_pkts=40 q_bytes=60160 qdelay_l_ms=1.1016 qdelay_c_ms=21.7829 ecn_mark=1693 drop=0
[QUEUE_STATS] t_ms=26944 q_pkts=39 q_bytes=58656 qdelay_l_ms=1.07068 qdelay_c_ms=23.8707 ecn_mark=1693 drop=0
[QUEUE_STATS] t_ms=26960 q_pkts=41 q_bytes=61664 qdelay_l_ms=1.06612 qdelay_c_ms=22.061 ecn_mark=1693 drop=0
[QUEUE_STATS] t_ms=26976 q_pkts=39 q_bytes=58656 qdelay_l_ms=0.966045 qdelay_c_ms=23.1581 ecn_mark=1693 drop=0
[QUEUE_STATS] t_ms=26992 q_pkts=38 q_bytes=57152 qdelay_l_ms=0.014768 qdelay_c_ms=24.0403 ecn_mark=1693 drop=0
[QUEUE_STATS] t_ms=27008 q_pkts=43 q_bytes=64672 qdelay_l_ms=1.08212 qdelay_c_ms=22.0913 ecn_mark=1695 drop=0
[QUEUE_STATS] t_ms=27024 q_pkts=42 q_bytes=63168 qdelay_l_ms=1.11461 qdelay_c_ms=24.0305 ecn_mark=1696 drop=0
[QUEUE_STATS] t_ms=27040 q_pkts=41 q_bytes=61664 qdelay_l_ms=1.07708 qdelay_c_ms=24.9603 ecn_mark=1697 drop=0
[QUEUE_STATS] t_ms=27056 q_pkts=42 q_bytes=63168 qdelay_l_ms=0.928315 qdelay_c_ms=21.6819 ecn_mark=1697 drop=0
[QUEUE_STATS] t_ms=27072 q_pkts=44 q_bytes=66176 qdelay_l_ms=1.08316 qdelay_c_ms=26.089 ecn_mark=1697 drop=0
[QUEUE_STATS] t_ms=27088 q_pkts=44 q_bytes=66176 qdelay_l_ms=0.715655 qdelay_c_ms=23.9478 ecn_mark=1699 drop=0
[QUEUE_STATS] t_ms=27104 q_pkts=44 q_bytes=66176 qdelay_l_ms=1.08449 qdelay_c_ms=25.1582 ecn_mark=1701 drop=0
[QUEUE_STATS] t_ms=27120 q_pkts=42 q_bytes=63168 qdelay_l_ms=1.07853 qdelay_c_ms=28.0979 ecn_mark=1701 drop=0
[QUEUE_STATS] t_ms=27136 q_pkts=43 q_bytes=64672 qdelay_l_ms=1.09662 qdelay_c_ms=22.9671 ecn_mark=1701 drop=0
[QUEUE_STATS] t_ms=27152 q_pkts=44 q_bytes=66176 qdelay_l_ms=1.08942 qdelay_c_ms=28.0511 ecn_mark=1701 drop=0
[QUEUE_STATS] t_ms=27168 q_pkts=45 q_bytes=67680 qdelay_l_ms=0.710595 qdelay_c_ms=25.6645 ecn_mark=1702 drop=0
[QUEUE_STATS] t_ms=27185 q_pkts=44 q_bytes=66176 qdelay_l_ms=1.11455 qdelay_c_ms=23.9146 ecn_mark=1703 drop=0
[QUEUE_STATS] t_ms=27200 q_pkts=45 q_bytes=67680 qdelay_l_ms=0.736113 qdelay_c_ms=29.808 ecn_mark=1703 drop=0
[QUEUE_STATS] t_ms=27216 q_pkts=46 q_bytes=69184 qdelay_l_ms=1.07631 qdelay_c_ms=25.7432 ecn_mark=1704 drop=0
[QUEUE_STATS] t_ms=27232 q_pkts=45 q_bytes=67680 qdelay_l_ms=1.10001 qdelay_c_ms=25.2599 ecn_mark=1708 drop=0
[QUEUE_STATS] t_ms=27248 q_pkts=47 q_bytes=70688 qdelay_l_ms=1.08795 qdelay_c_ms=30.1199 ecn_mark=1710 drop=0
[QUEUE_STATS] t_ms=27264 q_pkts=46 q_bytes=69184 qdelay_l_ms=0.912565 qdelay_c_ms=27.1231 ecn_mark=1711 drop=0
[QUEUE_STATS] t_ms=27280 q_pkts=45 q_bytes=67680 qdelay_l_ms=1.09126 qdelay_c_ms=29.3105 ecn_mark=1712 drop=0
[QUEUE_STATS] t_ms=27296 q_pkts=48 q_bytes=72192 qdelay_l_ms=1.08807 qdelay_c_ms=29.0761 ecn_mark=1714 drop=0
[QUEUE_STATS] t_ms=27312 q_pkts=45 q_bytes=67680 qdelay_l_ms=1.09593 qdelay_c_ms=25.9629 ecn_mark=1714 drop=0
[QUEUE_STATS] t_ms=27328 q_pkts=46 q_bytes=69184 qdelay_l_ms=1.08623 qdelay_c_ms=30.0271 ecn_mark=1714 drop=0
[QUEUE_STATS] t_ms=27344 q_pkts=39 q_bytes=58656 qdelay_l_ms=1.07932 qdelay_c_ms=27.9829 ecn_mark=1714 drop=0
[QUEUE_STATS] t_ms=27360 q_pkts=32 q_bytes=48128 qdelay_l_ms=1.08133 qdelay_c_ms=23.9765 ecn_mark=1715 drop=0
[QUEUE_STATS] t_ms=27376 q_pkts=25 q_bytes=37600 qdelay_l_ms=1.07847 qdelay_c_ms=22.5019 ecn_mark=1715 drop=0
[QUEUE_STATS] t_ms=27392 q_pkts=17 q_bytes=25568 qdelay_l_ms=1.08127 qdelay_c_ms=13.2322 ecn_mark=1721 drop=0
[QUEUE_STATS] t_ms=27408 q_pkts=14 q_bytes=21056 qdelay_l_ms=1.09336 qdelay_c_ms=9.18216 ecn_mark=1721 drop=0
[QUEUE_STATS] t_ms=27424 q_pkts=15 q_bytes=22560 qdelay_l_ms=1.07934 qdelay_c_ms=7.99351 ecn_mark=1721 drop=0
[QUEUE_STATS] t_ms=27440 q_pkts=16 q_bytes=24064 qdelay_l_ms=1.07071 qdelay_c_ms=8.10094 ecn_mark=1722 drop=0
[QUEUE_STATS] t_ms=27456 q_pkts=16 q_bytes=24064 qdelay_l_ms=1.08345 qdelay_c_ms=9.92467 ecn_mark=1723 drop=0
[QUEUE_STATS] t_ms=27472 q_pkts=14 q_bytes=21056 qdelay_l_ms=0.014888 qdelay_c_ms=7.05572 ecn_mark=1723 drop=0
[QUEUE_STATS] t_ms=27489 q_pkts=17 q_bytes=25568 qdelay_l_ms=1.05688 qdelay_c_ms=7.81027 ecn_mark=1723 drop=0
[QUEUE_STATS] t_ms=27504 q_pkts=17 q_bytes=25568 qdelay_l_ms=1.07564 qdelay_c_ms=10.9084 ecn_mark=1725 drop=0
[QUEUE_STATS] t_ms=27520 q_pkts=18 q_bytes=27072 qdelay_l_ms=1.05447 qdelay_c_ms=9.80634 ecn_mark=1726 drop=0
[QUEUE_STATS] t_ms=27536 q_pkts=21 q_bytes=31584 qdelay_l_ms=0.898689 qdelay_c_ms=11.7814 ecn_mark=1727 drop=0
[QUEUE_STATS] t_ms=27552 q_pkts=19 q_bytes=28576 qdelay_l_ms=1.07336 qdelay_c_ms=12.5868 ecn_mark=1727 drop=0
[QUEUE_STATS] t_ms=27568 q_pkts=19 q_bytes=28576 qdelay_l_ms=0.979401 qdelay_c_ms=10.2667 ecn_mark=1727 drop=0
[QUEUE_STATS] t_ms=27584 q_pkts=21 q_bytes=31584 qdelay_l_ms=1.06199 qdelay_c_ms=11.9509 ecn_mark=1727 drop=0
[QUEUE_STATS] t_ms=27600 q_pkts=22 q_bytes=33088 qdelay_l_ms=1.09822 qdelay_c_ms=11.8224 ecn_mark=1727 drop=0
[QUEUE_STATS] t_ms=27616 q_pkts=22 q_bytes=33088 qdelay_l_ms=1.03575 qdelay_c_ms=11.1742 ecn_mark=1730 drop=0
[QUEUE_STATS] t_ms=27632 q_pkts=23 q_bytes=34592 qdelay_l_ms=1.10306 qdelay_c_ms=13.135 ecn_mark=1731 drop=0
[QUEUE_STATS] t_ms=27648 q_pkts=23 q_bytes=34592 qdelay_l_ms=1.07235 qdelay_c_ms=14.6252 ecn_mark=1731 drop=0
[QUEUE_STATS] t_ms=27664 q_pkts=23 q_bytes=34592 qdelay_l_ms=1.03995 qdelay_c_ms=12.714 ecn_mark=1732 drop=0
[QUEUE_STATS] t_ms=27680 q_pkts=22 q_bytes=33088 qdelay_l_ms=1.09052 qdelay_c_ms=16.12 ecn_mark=1732 drop=0
[QUEUE_STATS] t_ms=27696 q_pkts=24 q_bytes=36096 qdelay_l_ms=1.05655 qdelay_c_ms=12.9542 ecn_mark=1732 drop=0
[QUEUE_STATS] t_ms=27712 q_pkts=24 q_bytes=36096 qdelay_l_ms=1.05276 qdelay_c_ms=14.9524 ecn_mark=1733 drop=0
[QUEUE_STATS] t_ms=27728 q_pkts=24 q_bytes=36096 qdelay_l_ms=1.04631 qdelay_c_ms=16.9877 ecn_mark=1735 drop=0
[QUEUE_STATS] t_ms=27744 q_pkts=26 q_bytes=39104 qdelay_l_ms=1.0429 qdelay_c_ms=13.8512 ecn_mark=1737 drop=0
[QUEUE_STATS] t_ms=27760 q_pkts=23 q_bytes=34592 qdelay_l_ms=1.09707 qdelay_c_ms=15.1745 ecn_mark=1738 drop=0
[QUEUE_STATS] t_ms=27776 q_pkts=24 q_bytes=36096 qdelay_l_ms=1.07436 qdelay_c_ms=15.8015 ecn_mark=1739 drop=0
[QUEUE_STATS] t_ms=27792 q_pkts=26 q_bytes=39104 qdelay_l_ms=1.04696 qdelay_c_ms=14.6705 ecn_mark=1741 drop=0
[QUEUE_STATS] t_ms=27808 q_pkts=24 q_bytes=36096 qdelay_l_ms=1.04975 qdelay_c_ms=15.029 ecn_mark=1741 drop=0
[QUEUE_STATS] t_ms=27824 q_pkts=26 q_bytes=39104 qdelay_l_ms=0.035707 qdelay_c_ms=14.771 ecn_mark=1741 drop=0
[QUEUE_STATS] t_ms=27840 q_pkts=28 q_bytes=42112 qdelay_l_ms=1.10401 qdelay_c_ms=17.1867 ecn_mark=1741 drop=0
[QUEUE_STATS] t_ms=27856 q_pkts=27 q_bytes=40608 qdelay_l_ms=1.07276 qdelay_c_ms=17.1526 ecn_mark=1743 drop=0
[QUEUE_STATS] t_ms=27872 q_pkts=29 q_bytes=43616 qdelay_l_ms=1.05442 qdelay_c_ms=19.0218 ecn_mark=1743 drop=0
[QUEUE_STATS] t_ms=27888 q_pkts=25 q_bytes=37600 qdelay_l_ms=1.03558 qdelay_c_ms=13.8998 ecn_mark=1743 drop=0
[QUEUE_STATS] t_ms=27904 q_pkts=27 q_bytes=40608 qdelay_l_ms=1.07627 qdelay_c_ms=19.1891 ecn_mark=1746 drop=0
[QUEUE_STATS] t_ms=27920 q_pkts=29 q_bytes=43616 qdelay_l_ms=1.10424 qdelay_c_ms=19.0375 ecn_mark=1747 drop=0
[QUEUE_STATS] t_ms=27936 q_pkts=31 q_bytes=46624 qdelay_l_ms=1.03549 qdelay_c_ms=15.9693 ecn_mark=1747 drop=0
[QUEUE_STATS] t_ms=27952 q_pkts=28 q_bytes=42112 qdelay_l_ms=1.04491 qdelay_c_ms=20.085 ecn_mark=1747 drop=0
[QUEUE_STATS] t_ms=27968 q_pkts=32 q_bytes=48128 qdelay_l_ms=1.03006 qdelay_c_ms=18.6741 ecn_mark=1748 drop=0
[QUEUE_STATS] t_ms=27984 q_pkts=28 q_bytes=42112 qdelay_l_ms=1.05221 qdelay_c_ms=17.8076 ecn_mark=1750 drop=0
[QUEUE_STATS] t_ms=28000 q_pkts=31 q_bytes=46624 qdelay_l_ms=1.08933 qdelay_c_ms=19.1578 ecn_mark=1750 drop=0
[QUEUE_STATS] t_ms=28016 q_pkts=32 q_bytes=48128 qdelay_l_ms=1.10571 qdelay_c_ms=19.3658 ecn_mark=1752 drop=0
[QUEUE_STATS] t_ms=28032 q_pkts=31 q_bytes=46624 qdelay_l_ms=1.08677 qdelay_c_ms=19.9867 ecn_mark=1754 drop=0
[QUEUE_STATS] t_ms=28048 q_pkts=30 q_bytes=45120 qdelay_l_ms=1.08978 qdelay_c_ms=19.7627 ecn_mark=1754 drop=0
[QUEUE_STATS] t_ms=28064 q_pkts=32 q_bytes=48128 qdelay_l_ms=1.04296 qdelay_c_ms=18.8063 ecn_mark=1755 drop=0
[QUEUE_STATS] t_ms=28080 q_pkts=31 q_bytes=46624 qdelay_l_ms=1.08099 qdelay_c_ms=21.2391 ecn_mark=1757 drop=0
[QUEUE_STATS] t_ms=28096 q_pkts=32 q_bytes=48128 qdelay_l_ms=1.1125 qdelay_c_ms=20.0163 ecn_mark=1757 drop=0
[QUEUE_STATS] t_ms=28112 q_pkts=33 q_bytes=49632 qdelay_l_ms=1.07518 qdelay_c_ms=21.2254 ecn_mark=1759 drop=0
[QUEUE_STATS] t_ms=28128 q_pkts=29 q_bytes=43616 qdelay_l_ms=0.015278 qdelay_c_ms=20.5026 ecn_mark=1760 drop=0
[QUEUE_STATS] t_ms=28144 q_pkts=31 q_bytes=46624 qdelay_l_ms=0.031189 qdelay_c_ms=17.0368 ecn_mark=1761 drop=0
[QUEUE_STATS] t_ms=28160 q_pkts=32 q_bytes=48128 qdelay_l_ms=1.0776 qdelay_c_ms=22.3558 ecn_mark=1761 drop=0
[QUEUE_STATS] t_ms=28176 q_pkts=34 q_bytes=51136 qdelay_l_ms=1.09393 qdelay_c_ms=23.108 ecn_mark=1763 drop=0
[QUEUE_STATS] t_ms=28192 q_pkts=35 q_bytes=52640 qdelay_l_ms=1.09524 qdelay_c_ms=21.0339 ecn_mark=1764 drop=0
[QUEUE_STATS] t_ms=28208 q_pkts=34 q_bytes=51136 qdelay_l_ms=1.04447 qdelay_c_ms=22.8083 ecn_mark=1765 drop=0
[QUEUE_STATS] t_ms=28224 q_pkts=33 q_bytes=49632 qdelay_l_ms=1.07631 qdelay_c_ms=22.0533 ecn_mark=1765 drop=0
[QUEUE_STATS] t_ms=28240 q_pkts=35 q_bytes=52640 qdelay_l_ms=1.03128 qdelay_c_ms=21.0057 ecn_mark=1766 drop=0
[QUEUE_STATS] t_ms=28256 q_pkts=36 q_bytes=54144 qdelay_l_ms=1.08238 qdelay_c_ms=22.1263 ecn_mark=1768 drop=0
[QUEUE_STATS] t_ms=28272 q_pkts=34 q_bytes=51136 qdelay_l_ms=1.04276 qdelay_c_ms=22.5502 ecn_mark=1768 drop=0
[QUEUE_STATS] t_ms=28288 q_pkts=35 q_bytes=52640 qdelay_l_ms=1.09707 qdelay_c_ms=22.3225 ecn_mark=1769 drop=0
[QUEUE_STATS] t_ms=28304 q_pkts=37 q_bytes=55648 qdelay_l_ms=1.07432 qdelay_c_ms=24.2082 ecn_mark=1769 drop=0
[QUEUE_STATS] t_ms=28320 q_pkts=37 q_bytes=55648 qdelay_l_ms=1.02642 qdelay_c_ms=22.9909 ecn_mark=1769 drop=0
[QUEUE_STATS] t_ms=28336 q_pkts=35 q_bytes=52640 qdelay_l_ms=1.04357 qdelay_c_ms=22.0419 ecn_mark=1770 drop=0
[QUEUE_STATS] t_ms=28352 q_pkts=37 q_bytes=55648 qdelay_l_ms=0.526038 qdelay_c_ms=24.9285 ecn_mark=1771 drop=0
[QUEUE_STATS] t_ms=28368 q_pkts=36 q_bytes=54144 qdelay_l_ms=1.04301 qdelay_c_ms=23.9596 ecn_mark=1771 drop=0
[QUEUE_STATS] t_ms=28384 q_pkts=36 q_bytes=54144 qdelay_l_ms=1.02811 qdelay_c_ms=22.1925 ecn_mark=1772 drop=0
[QUEUE_STATS] t_ms=28401 q_pkts=37 q_bytes=55648 qdelay_l_ms=1.04144 qdelay_c_ms=23.4817 ecn_mark=1774 drop=0
[QUEUE_STATS] t_ms=28416 q_pkts=35 q_bytes=52640 qdelay_l_ms=1.11333 qdelay_c_ms=22.8276 ecn_mark=1776 drop=0
[QUEUE_STATS] t_ms=28432 q_pkts=36 q_bytes=54144 qdelay_l_ms=1.08272 qdelay_c_ms=22.453 ecn_mark=1776 drop=0
[QUEUE_STATS] t_ms=28448 q_pkts=39 q_bytes=58656 qdelay_l_ms=1.03459 qdelay_c_ms=25.8662 ecn_mark=1777 drop=0
[QUEUE_STATS] t_ms=28464 q_pkts=39 q_bytes=58656 qdelay_l_ms=1.04362 qdelay_c_ms=23.8387 ecn_mark=1778 drop=0
[QUEUE_STATS] t_ms=28480 q_pkts=37 q_bytes=55648 qdelay_l_ms=1.1007 qdelay_c_ms=26.0394 ecn_mark=1778 drop=0
[QUEUE_STATS] t_ms=28496 q_pkts=39 q_bytes=58656 qdelay_l_ms=1.02769 qdelay_c_ms=26.0122 ecn_mark=1779 drop=0
[QUEUE_STATS] t_ms=28512 q_pkts=38 q_bytes=57152 qdelay_l_ms=1.0442 qdelay_c_ms=22.6761 ecn_mark=1781 drop=0
[QUEUE_STATS] t_ms=28528 q_pkts=40 q_bytes=60160 qdelay_l_ms=0.522943 qdelay_c_ms=27.737 ecn_mark=1781 drop=0
[QUEUE_STATS] t_ms=28544 q_pkts=39 q_bytes=58656 qdelay_l_ms=0.869975 qdelay_c_ms=25.2306 ecn_mark=1781 drop=0
[QUEUE_STATS] t_ms=28560 q_pkts=40 q_bytes=60160 qdelay_l_ms=1.06812 qdelay_c_ms=24.5101 ecn_mark=1783 drop=0
[QUEUE_STATS] t_ms=28576 q_pkts=41 q_bytes=61664 qdelay_l_ms=1.04119 qdelay_c_ms=27.9542 ecn_mark=1784 drop=0
[QUEUE_STATS] t_ms=28592 q_pkts=42 q_bytes=63168 qdelay_l_ms=1.04363 qdelay_c_ms=24.724 ecn_mark=1787 drop=0
[QUEUE_STATS] t_ms=28608 q_pkts=40 q_bytes=60160 qdelay_l_ms=1.02029 qdelay_c_ms=27.0954 ecn_mark=1788 drop=0
[QUEUE_STATS] t_ms=28624 q_pkts=41 q_bytes=61664 qdelay_l_ms=0 qdelay_c_ms=26.8913 ecn_mark=1788 drop=0
[QUEUE_STATS] t_ms=28640 q_pkts=42 q_bytes=63168 qdelay_l_ms=1.0449 qdelay_c_ms=25.885 ecn_mark=1789 drop=0
[QUEUE_STATS] t_ms=28656 q_pkts=41 q_bytes=61664 qdelay_l_ms=1.03225 qdelay_c_ms=27.1478 ecn_mark=1790 drop=0
[QUEUE_STATS] t_ms=28672 q_pkts=39 q_bytes=58656 qdelay_l_ms=0.032602 qdelay_c_ms=25.6378 ecn_mark=1791 drop=0
[QUEUE_STATS] t_ms=28688 q_pkts=41 q_bytes=61664 qdelay_l_ms=1.11438 qdelay_c_ms=25.8108 ecn_mark=1793 drop=0
[QUEUE_STATS] t_ms=28704 q_pkts=42 q_bytes=63168 qdelay_l_ms=1.10873 qdelay_c_ms=26.1752 ecn_mark=1794 drop=0
[QUEUE_STATS] t_ms=28720 q_pkts=40 q_bytes=60160 qdelay_l_ms=1.10117 qdelay_c_ms=28.1557 ecn_mark=1794 drop=0
[QUEUE_STATS] t_ms=28736 q_pkts=44 q_bytes=66176 qdelay_l_ms=1.03135 qdelay_c_ms=28.6387 ecn_mark=1796 drop=0
[QUEUE_STATS] t_ms=28752 q_pkts=40 q_bytes=60160 qdelay_l_ms=0.032151 qdelay_c_ms=26.9359 ecn_mark=1796 drop=0
[QUEUE_STATS] t_ms=28768 q_pkts=41 q_bytes=61664 qdelay_l_ms=1.08937 qdelay_c_ms=28.4079 ecn_mark=1797 drop=0
[QUEUE_STATS] t_ms=28784 q_pkts=43 q_bytes=64672 qdelay_l_ms=1.08225 qdelay_c_ms=29.2676 ecn_mark=1799 drop=0
[QUEUE_STATS] t_ms=28800 q_pkts=44 q_bytes=66176 qdelay_l_ms=1.04274 qdelay_c_ms=27.8832 ecn_mark=1799 drop=0
[QUEUE_STATS] t_ms=28816 q_pkts=44 q_bytes=66176 qdelay_l_ms=1.03549 qdelay_c_ms=29.0731 ecn_mark=1800 drop=0
[QUEUE_STATS] t_ms=28832 q_pkts=44 q_bytes=66176 qdelay_l_ms=1.10397 qdelay_c_ms=28.974 ecn_mark=1800 drop=0
[QUEUE_STATS] t_ms=28848 q_pkts=45 q_bytes=67680 qdelay_l_ms=1.07821 qdelay_c_ms=29.3259 ecn_mark=1800 drop=0
[QUEUE_STATS] t_ms=28864 q_pkts=42 q_bytes=63168 qdelay_l_ms=1.03313 qdelay_c_ms=28.0811 ecn_mark=1800 drop=0
[QUEUE_STATS] t_ms=28880 q_pkts=44 q_bytes=66176 qdelay_l_ms=0.519957 qdelay_c_ms=27.9136 ecn_mark=1801 drop=0
[QUEUE_STATS] t_ms=28896 q_pkts=46 q_bytes=69184 qdelay_l_ms=1.03863 qdelay_c_ms=29.8419 ecn_mark=1802 drop=0
[QUEUE_STATS] t_ms=28912 q_pkts=42 q_bytes=63168 qdelay_l_ms=1.10337 qdelay_c_ms=25.7606 ecn_mark=1802 drop=0
[QUEUE_STATS] t_ms=28928 q_pkts=44 q_bytes=66176 qdelay_l_ms=1.0327 qdelay_c_ms=29.07 ecn_mark=1804 drop=0
[QUEUE_STATS] t_ms=28944 q_pkts=44 q_bytes=66176 qdelay_l_ms=1.0225 qdelay_c_ms=30.0997 ecn_mark=1805 drop=0
[QUEUE_STATS] t_ms=28960 q_pkts=43 q_bytes=64672 qdelay_l_ms=1.04112 qdelay_c_ms=25.2968 ecn_mark=1805 drop=0
[QUEUE_STATS] t_ms=28976 q_pkts=45 q_bytes=67680 qdelay_l_ms=1.0978 qdelay_c_ms=29.0787 ecn_mark=1805 drop=0
[QUEUE_STATS] t_ms=28992 q_pkts=43 q_bytes=64672 qdelay_l_ms=1.03108 qdelay_c_ms=30.9696 ecn_mark=1805 drop=0
[QUEUE_STATS] t_ms=29008 q_pkts=44 q_bytes=66176 qdelay_l_ms=1.01033 qdelay_c_ms=27.0172 ecn_mark=1805 drop=0
[QUEUE_STATS] t_ms=29024 q_pkts=47 q_bytes=70688 qdelay_l_ms=1.02723 qdelay_c_ms=29.9194 ecn_mark=1805 drop=0
[QUEUE_STATS] t_ms=29040 q_pkts=47 q_bytes=70688 qdelay_l_ms=1.01254 qdelay_c_ms=30.0432 ecn_mark=1806 drop=0
[QUEUE_STATS] t_ms=29056 q_pkts=44 q_bytes=66176 qdelay_l_ms=0.015669 qdelay_c_ms=28.9078 ecn_mark=1807 drop=0
[QUEUE_STATS] t_ms=29072 q_pkts=46 q_bytes=69184 qdelay_l_ms=1.01198 qdelay_c_ms=33.928 ecn_mark=1808 drop=0
[QUEUE_STATS] t_ms=29088 q_pkts=46 q_bytes=69184 qdelay_l_ms=1.09079 qdelay_c_ms=30.4166 ecn_mark=1809 drop=0
[QUEUE_STATS] t_ms=29104 q_pkts=47 q_bytes=70688 qdelay_l_ms=1.09373 qdelay_c_ms=31.3713 ecn_mark=1809 drop=0
[QUEUE_STATS] t_ms=29120 q_pkts=49 q_bytes=72244 qdelay_l_ms=1.00765 qdelay_c_ms=34.9467 ecn_mark=1811 drop=0
[QUEUE_STATS] t_ms=29136 q_pkts=49 q_bytes=72244 qdelay_l_ms=1.0278 qdelay_c_ms=31.6866 ecn_mark=1811 drop=0
[QUEUE_STATS] t_ms=29152 q_pkts=47 q_bytes=70688 qdelay_l_ms=1.08939 qdelay_c_ms=31.9741 ecn_mark=1813 drop=0
[QUEUE_STATS] t_ms=29168 q_pkts=49 q_bytes=73696 qdelay_l_ms=1.01404 qdelay_c_ms=33.9477 ecn_mark=1814 drop=0
[QUEUE_STATS] t_ms=29184 q_pkts=48 q_bytes=72192 qdelay_l_ms=1.02145 qdelay_c_ms=33.2 ecn_mark=1814 drop=0
[QUEUE_STATS] t_ms=29200 q_pkts=44 q_bytes=66176 qdelay_l_ms=1.08609 qdelay_c_ms=32.2592 ecn_mark=1815 drop=0
[QUEUE_STATS] t_ms=29216 q_pkts=49 q_bytes=73696 qdelay_l_ms=1.0972 qdelay_c_ms=34.0577 ecn_mark=1815 drop=0
[QUEUE_STATS] t_ms=29232 q_pkts=47 q_bytes=70688 qdelay_l_ms=0.912996 qdelay_c_ms=31.7846 ecn_mark=1815 drop=0
[QUEUE_STATS] t_ms=29248 q_pkts=47 q_bytes=70688 qdelay_l_ms=1.00463 qdelay_c_ms=30.6838 ecn_mark=1817 drop=0
[QUEUE_STATS] t_ms=29264 q_pkts=49 q_bytes=73696 qdelay_l_ms=0.561335 qdelay_c_ms=31.7941 ecn_mark=1818 drop=0
[QUEUE_STATS] t_ms=29280 q_pkts=48 q_bytes=72192 qdelay_l_ms=1.02279 qdelay_c_ms=33.8722 ecn_mark=1818 drop=0
[QUEUE_STATS] t_ms=29296 q_pkts=45 q_bytes=67680 qdelay_l_ms=1.02222 qdelay_c_ms=29.8537 ecn_mark=1819 drop=0
[QUEUE_STATS] t_ms=29312 q_pkts=48 q_bytes=72192 qdelay_l_ms=1.09803 qdelay_c_ms=33.055 ecn_mark=1820 drop=0
[QUEUE_STATS] t_ms=29328 q_pkts=47 q_bytes=70688 qdelay_l_ms=1.03099 qdelay_c_ms=30.0064 ecn_mark=1820 drop=0
[QUEUE_STATS] t_ms=29344 q_pkts=47 q_bytes=70688 qdelay_l_ms=0.867731 qdelay_c_ms=28.9891 ecn_mark=1822 drop=0
[QUEUE_STATS] t_ms=29360 q_pkts=48 q_bytes=72192 qdelay_l_ms=1.03336 qdelay_c_ms=35.8887 ecn_mark=1824 drop=0
[QUEUE_STATS] t_ms=29376 q_pkts=46 q_bytes=69184 qdelay_l_ms=1.01048 qdelay_c_ms=29.7605 ecn_mark=1824 drop=0
[QUEUE_STATS] t_ms=29392 q_pkts=47 q_bytes=70688 qdelay_l_ms=0.842033 qdelay_c_ms=30.1171 ecn_mark=1824 drop=0
[QUEUE_STATS] t_ms=29409 q_pkts=47 q_bytes=70688 qdelay_l_ms=1.10264 qdelay_c_ms=35.86 ecn_mark=1824 drop=0
[QUEUE_STATS] t_ms=29424 q_pkts=49 q_bytes=73696 qdelay_l_ms=1.00695 qdelay_c_ms=31.9209 ecn_mark=1825 drop=0
[QUEUE_STATS] t_ms=29440 q_pkts=49 q_bytes=73696 qdelay_l_ms=1.08959 qdelay_c_ms=31.2126 ecn_mark=1825 drop=0
[QUEUE_STATS] t_ms=29457 q_pkts=50 q_bytes=75200 qdelay_l_ms=1.08302 qdelay_c_ms=35.9989 ecn_mark=1825 drop=0
[QUEUE_STATS] t_ms=29472 q_pkts=49 q_bytes=73696 qdelay_l_ms=1.00744 qdelay_c_ms=32.8394 ecn_mark=1825 drop=0
[QUEUE_STATS] t_ms=29488 q_pkts=49 q_bytes=73696 qdelay_l_ms=0.89939 qdelay_c_ms=34.8792 ecn_mark=1825 drop=0
[QUEUE_STATS] t_ms=29504 q_pkts=48 q_bytes=72192 qdelay_l_ms=0 qdelay_c_ms=33.9131 ecn_mark=1826 drop=0
[QUEUE_STATS] t_ms=29520 q_pkts=50 q_bytes=75200 qdelay_l_ms=0.038933 qdelay_c_ms=32.6596 ecn_mark=1828 drop=0
[QUEUE_STATS] t_ms=29536 q_pkts=46 q_bytes=69184 qdelay_l_ms=0.015268 qdelay_c_ms=35.0474 ecn_mark=1830 drop=0
[QUEUE_STATS] t_ms=29552 q_pkts=47 q_bytes=70688 qdelay_l_ms=0 qdelay_c_ms=34.0185 ecn_mark=1831 drop=0
[QUEUE_STATS] t_ms=29568 q_pkts=52 q_bytes=78208 qdelay_l_ms=1.06869 qdelay_c_ms=35.2007 ecn_mark=1831 drop=0
[QUEUE_STATS] t_ms=29584 q_pkts=50 q_bytes=75200 qdelay_l_ms=0.033904 qdelay_c_ms=36.9006 ecn_mark=1831 drop=0
[QUEUE_STATS] t_ms=29600 q_pkts=49 q_bytes=73696 qdelay_l_ms=0.982457 qdelay_c_ms=34.0324 ecn_mark=1831 drop=0
[QUEUE_STATS] t_ms=29616 q_pkts=52 q_bytes=78208 qdelay_l_ms=1.02093 qdelay_c_ms=34.9529 ecn_mark=1833 drop=0
[QUEUE_STATS] t_ms=29632 q_pkts=53 q_bytes=79712 qdelay_l_ms=1.01893 qdelay_c_ms=40.1931 ecn_mark=1835 drop=0
[QUEUE_STATS] t_ms=29648 q_pkts=51 q_bytes=76704 qdelay_l_ms=1.0042 qdelay_c_ms=34.6374 ecn_mark=1835 drop=0
[QUEUE_STATS] t_ms=29664 q_pkts=50 q_bytes=75200 qdelay_l_ms=0.832174 qdelay_c_ms=33.6864 ecn_mark=1837 drop=0
[QUEUE_STATS] t_ms=29680 q_pkts=54 q_bytes=81216 qdelay_l_ms=0.962228 qdelay_c_ms=40.2301 ecn_mark=1838 drop=0
[QUEUE_STATS] t_ms=29696 q_pkts=53 q_bytes=79712 qdelay_l_ms=0.991744 qdelay_c_ms=35.7383 ecn_mark=1840 drop=0
[QUEUE_STATS] t_ms=29712 q_pkts=51 q_bytes=76704 qdelay_l_ms=1.09731 qdelay_c_ms=35.1124 ecn_mark=1841 drop=0
[QUEUE_STATS] t_ms=29728 q_pkts=53 q_bytes=79712 qdelay_l_ms=1.07108 qdelay_c_ms=39.0489 ecn_mark=1841 drop=0
[QUEUE_STATS] t_ms=29744 q_pkts=54 q_bytes=81216 qdelay_l_ms=1.03253 qdelay_c_ms=36.5373 ecn_mark=1842 drop=0
[QUEUE_STATS] t_ms=29760 q_pkts=50 q_bytes=75200 qdelay_l_ms=0.03731 qdelay_c_ms=35.7768 ecn_mark=1842 drop=0
[QUEUE_STATS] t_ms=29776 q_pkts=53 q_bytes=79712 qdelay_l_ms=1.09498 qdelay_c_ms=37.4953 ecn_mark=1842 drop=0
[QUEUE_STATS] t_ms=29792 q_pkts=54 q_bytes=81216 qdelay_l_ms=0.877139 qdelay_c_ms=38.2468 ecn_mark=1844 drop=0
[QUEUE_STATS] t_ms=29808 q_pkts=55 q_bytes=82720 qdelay_l_ms=1.08779 qdelay_c_ms=37.3278 ecn_mark=1844 drop=0
[QUEUE_STATS] t_ms=29824 q_pkts=54 q_bytes=81216 qdelay_l_ms=1.09939 qdelay_c_ms=38.8706 ecn_mark=1844 drop=0
[QUEUE_STATS] t_ms=29840 q_pkts=55 q_bytes=82720 qdelay_l_ms=0.964533 qdelay_c_ms=39.0396 ecn_mark=1848 drop=0
[QUEUE_STATS] t_ms=29856 q_pkts=53 q_bytes=79712 qdelay_l_ms=0.858203 qdelay_c_ms=38.872 ecn_mark=1848 drop=0
[QUEUE_STATS] t_ms=29872 q_pkts=54 q_bytes=81216 qdelay_l_ms=1.01788 qdelay_c_ms=37.7304 ecn_mark=1850 drop=0
[QUEUE_STATS] t_ms=29888 q_pkts=54 q_bytes=81216 qdelay_l_ms=1.06199 qdelay_c_ms=38.2925 ecn_mark=1851 drop=0
[QUEUE_STATS] t_ms=29904 q_pkts=52 q_bytes=78208 qdelay_l_ms=1.00696 qdelay_c_ms=39.8509 ecn_mark=1852 drop=0
[QUEUE_STATS] t_ms=29920 q_pkts=54 q_bytes=81216 qdelay_l_ms=1.00704 qdelay_c_ms=38.9688 ecn_mark=1854 drop=0
[QUEUE_STATS] t_ms=29936 q_pkts=54 q_bytes=81216 qdelay_l_ms=0.978639 qdelay_c_ms=35.0104 ecn_mark=1854 drop=0
[QUEUE_STATS] t_ms=29952 q_pkts=52 q_bytes=78208 qdelay_l_ms=1.08095 qdelay_c_ms=38.4792 ecn_mark=1854 drop=0
[QUEUE_STATS] t_ms=29968 q_pkts=52 q_bytes=78208 qdelay_l_ms=0.032181 qdelay_c_ms=38.8078 ecn_mark=1854 drop=0
[QUEUE_STATS] t_ms=29984 q_pkts=54 q_bytes=81216 qdelay_l_ms=1.08411 qdelay_c_ms=38.0459 ecn_mark=1857 drop=0
[QUEUE_STATS] t_ms=30000 q_pkts=50 q_bytes=75200 qdelay_l_ms=0.030347 qdelay_c_ms=38.9671 ecn_mark=1858 drop=0
[QUEUE_STATS] t_ms=30016 q_pkts=56 q_bytes=84224 qdelay_l_ms=1.09398 qdelay_c_ms=38.8443 ecn_mark=1859 drop=0
[QUEUE_STATS] t_ms=30032 q_pkts=55 q_bytes=82720 qdelay_l_ms=1.09955 qdelay_c_ms=38.1789 ecn_mark=1859 drop=0
[QUEUE_STATS] t_ms=30048 q_pkts=55 q_bytes=82720 qdelay_l_ms=2.03619 qdelay_c_ms=38.9849 ecn_mark=1860 drop=0
[QUEUE_STATS] t_ms=30064 q_pkts=54 q_bytes=81216 qdelay_l_ms=0.846331 qdelay_c_ms=38.2008 ecn_mark=1860 drop=0
[QUEUE_STATS] t_ms=30080 q_pkts=56 q_bytes=84224 qdelay_l_ms=0.996993 qdelay_c_ms=38.6538 ecn_mark=1862 drop=0
[QUEUE_STATS] t_ms=30096 q_pkts=54 q_bytes=81216 qdelay_l_ms=0.847383 qdelay_c_ms=39.9747 ecn_mark=1864 drop=0
[QUEUE_STATS] t_ms=30112 q_pkts=54 q_bytes=81216 qdelay_l_ms=0.869605 qdelay_c_ms=39.0061 ecn_mark=1865 drop=0
[QUEUE_STATS] t_ms=30128 q_pkts=55 q_bytes=82720 qdelay_l_ms=1.10179 qdelay_c_ms=40.1644 ecn_mark=1866 drop=0
[QUEUE_STATS] t_ms=30144 q_pkts=53 q_bytes=79712 qdelay_l_ms=0.864295 qdelay_c_ms=40.8908 ecn_mark=1867 drop=0
[QUEUE_STATS] t_ms=30160 q_pkts=53 q_bytes=79712 qdelay_l_ms=0.840941 qdelay_c_ms=37.8017 ecn_mark=1868 drop=0
[QUEUE_STATS] t_ms=30176 q_pkts=53 q_bytes=79712 qdelay_l_ms=0.847803 qdelay_c_ms=39.8884 ecn_mark=1868 drop=0
[QUEUE_STATS] t_ms=30192 q_pkts=55 q_bytes=82720 qdelay_l_ms=1.01043 qdelay_c_ms=40.0157 ecn_mark=1868 drop=0
[QUEUE_STATS] t_ms=30208 q_pkts=52 q_bytes=78208 qdelay_l_ms=0.995691 qdelay_c_ms=35.1005 ecn_mark=1869 drop=0
[QUEUE_STATS] t_ms=30224 q_pkts=53 q_bytes=79712 qdelay_l_ms=1.06964 qdelay_c_ms=39.2713 ecn_mark=1870 drop=0
[QUEUE_STATS] t_ms=30240 q_pkts=55 q_bytes=82720 qdelay_l_ms=1.01282 qdelay_c_ms=37.0208 ecn_mark=1870 drop=0
[QUEUE_STATS] t_ms=30256 q_pkts=52 q_bytes=78208 qdelay_l_ms=0.991674 qdelay_c_ms=35.0059 ecn_mark=1870 drop=0
[QUEUE_STATS] t_ms=30272 q_pkts=49 q_bytes=73696 qdelay_l_ms=0.032882 qdelay_c_ms=37.8159 ecn_mark=1872 drop=0
[QUEUE_STATS] t_ms=30288 q_pkts=54 q_bytes=81216 qdelay_l_ms=1.00525 qdelay_c_ms=39.7859 ecn_mark=1873 drop=0
[QUEUE_STATS] t_ms=30304 q_pkts=54 q_bytes=81216 qdelay_l_ms=1.07716 qdelay_c_ms=37.6873 ecn_mark=1874 drop=0
[QUEUE_STATS] t_ms=30320 q_pkts=54 q_bytes=81216 qdelay_l_ms=1.00765 qdelay_c_ms=40.0678 ecn_mark=1874 drop=0
[QUEUE_STATS] t_ms=30336 q_pkts=54 q_bytes=81216 qdelay_l_ms=1.06303 qdelay_c_ms=38.6804 ecn_mark=1877 drop=0
[QUEUE_STATS] t_ms=30352 q_pkt