[QUEUE_STATS] t_ms=32 q_pkts=0 q_bytes=0 qdelay_l_ms=0 qdelay_c_ms=0 ecn_mark=0 drop=0
[QUEUE_STATS] t_ms=93 q_pkts=0 q_bytes=0 qdelay_l_ms=0 qdelay_c_ms=0 ecn_mark=0 drop=0
[QUEUE_STATS] t_ms=136 q_pkts=0 q_bytes=0 qdelay_l_ms=0 qdelay_c_ms=0 ecn_mark=0 drop=0
[QUEUE_STATS] t_ms=179 q_pkts=0 q_bytes=0 qdelay_l_ms=0 qdelay_c_ms=0 ecn_mark=0 drop=0
[QUEUE_STATS] t_ms=221 q_pkts=0 q_bytes=0 qdelay_l_ms=0 qdelay_c_ms=0 ecn_mark=0 drop=0
[QUEUE_STATS] t_ms=264 q_pkts=0 q_bytes=0 qdelay_l_ms=0 qdelay_c_ms=0 ecn_mark=0 drop=0
[QUEUE_STATS] t_ms=307 q_pkts=0 q_bytes=0 qdelay_l_ms=0 qdelay_c_ms=0 ecn_mark=0 drop=0
[QUEUE_STATS] t_ms=349 q_pkts=0 q_bytes=0 qdelay_l_ms=0 qdelay_c_ms=0 ecn_mark=0 drop=0
[QUEUE_STATS] t_ms=352 q_pkts=1 q_bytes=1504 qdelay_l_ms=1.07648 qdelay_c_ms=0 ecn_mark=0 drop=0
[QUEUE_STATS] t_ms=368 q_pkts=0 q_bytes=0 qdelay_l_ms=0 qdelay_c_ms=0 ecn_mark=0 drop=0
[QUEUE_STATS] t_ms=391 q_pkts=0 q_bytes=0 qdelay_l_ms=0 qdelay_c_ms=0 ecn_mark=0 drop=0
[QUEUE_STATS] t_ms=400 q_pkts=26 q_bytes=39104 qdelay_l_ms=1.10004 qdelay_c_ms=3.20123 ecn_mark=0 drop=0
[QUEUE_STATS] t_ms=416 q_pkts=2 q_bytes=3008 qdelay_l_ms=0.942461 qdelay_c_ms=0 ecn_mark=0 drop=0
[QUEUE_STATS] t_ms=433 q_pkts=0 q_bytes=0 qdelay_l_ms=0 qdelay_c_ms=0 ecn_mark=0 drop=0
[QUEUE_STATS] t_ms=448 q_pkts=42 q_bytes=63168 qdelay_l_ms=1.0452 qdelay_c_ms=8.94932 ecn_mark=0 drop=0
[QUEUE_STATS] t_ms=464 q_pkts=42 q_bytes=63168 qdelay_l_ms=0 qdelay_c_ms=21.7834 ecn_mark=0 drop=0
[QUEUE_STATS] t_ms=480 q_pkts=14 q_bytes=21056 qdelay_l_ms=2.02912 qdelay_c_ms=2.03512 ecn_mark=0 drop=0
[QUEUE_STATS] t_ms=496 q_pkts=69 q_bytes=103776 qdelay_l_ms=3.40298 qdelay_c_ms=17.2984 ecn_mark=0 drop=0
[QUEUE_STATS] t_ms=512 q_pkts=118 q_bytes=177472 qdelay_l_ms=10.8948 qdelay_c_ms=31.0838 ecn_mark=7 drop=0
[QUEUE_STATS] t_ms=528 q_pkts=145 q_bytes=218080 qdelay_l_ms=7.03628 qdelay_c_ms=45.3606 ecn_mark=33 drop=0
[QUEUE_STATS] t_ms=544 q_pkts=199 q_bytes=299296 qdelay_l_ms=13.0915 qdelay_c_ms=58.4756 ecn_mark=59 drop=0
[QUEUE_STATS] t_ms=560 q_pkts=193 q_bytes=290272 qdelay_l_ms=22.171 qdelay_c_ms=70.724 ecn_mark=118 drop=0
[QUEUE_STATS] t_ms=576 q_pkts=144 q_bytes=216576 qdelay_l_ms=31.1402 qdelay_c_ms=86.5432 ecn_mark=178 drop=0
[QUEUE_STATS] t_ms=592 q_pkts=89 q_bytes=133856 qdelay_l_ms=0.905793 qdelay_c_ms=88.582 ecn_mark=219 drop=0
[QUEUE_STATS] t_ms=608 q_pkts=70 q_bytes=105280 qdelay_l_ms=0.929967 qdelay_c_ms=98.6535 ecn_mark=219 drop=0
[QUEUE_STATS] t_ms=624 q_pkts=45 q_bytes=66256 qdelay_l_ms=0.767082 qdelay_c_ms=91.3035 ecn_mark=219 drop=0
[QUEUE_STATS] t_ms=640 q_pkts=46 q_bytes=67760 qdelay_l_ms=1.09429 qdelay_c_ms=42.8779 ecn_mark=219 drop=0
[QUEUE_STATS] t_ms=656 q_pkts=45 q_bytes=66256 qdelay_l_ms=0 qdelay_c_ms=22.7919 ecn_mark=219 drop=0
[QUEUE_STATS] t_ms=672 q_pkts=26 q_bytes=39104 qdelay_l_ms=1.0697 qdelay_c_ms=11.1607 ecn_mark=219 drop=0
[QUEUE_STATS] t_ms=688 q_pkts=16 q_bytes=24064 qdelay_l_ms=1.04053 qdelay_c_ms=8.04554 ecn_mark=219 drop=0
[QUEUE_STATS] t_ms=704 q_pkts=28 q_bytes=42112 qdelay_l_ms=1.05149 qdelay_c_ms=6.64809 ecn_mark=219 drop=0
[QUEUE_STATS] t_ms=720 q_pkts=33 q_bytes=49632 qdelay_l_ms=1.02636 qdelay_c_ms=13.0463 ecn_mark=219 drop=0
[QUEUE_STATS] t_ms=736 q_pkts=31 q_bytes=46624 qdelay_l_ms=0 qdelay_c_ms=13.3264 ecn_mark=219 drop=0
[QUEUE_STATS] t_ms=752 q_pkts=40 q_bytes=60160 qdelay_l_ms=1.00343 qdelay_c_ms=14.4118 ecn_mark=219 drop=0
[QUEUE_STATS] t_ms=768 q_pkts=41 q_bytes=61664 qdelay_l_ms=1.0369 qdelay_c_ms=16.8221 ecn_mark=219 drop=0
[QUEUE_STATS] t_ms=784 q_pkts=42 q_bytes=63168 qdelay_l_ms=1.02315 qdelay_c_ms=17.863 ecn_mark=219 drop=0
[QUEUE_STATS] t_ms=800 q_pkts=45 q_bytes=67680 qdelay_l_ms=0.908838 qdelay_c_ms=17.1651 ecn_mark=219 drop=0
[QUEUE_STATS] t_ms=816 q_pkts=46 q_bytes=69184 qdelay_l_ms=1.07579 qdelay_c_ms=19.0672 ecn_mark=219 drop=0
[QUEUE_STATS] t_ms=832 q_pkts=49 q_bytes=73696 qdelay_l_ms=1.011 qdelay_c_ms=18.881 ecn_mark=219 drop=0
[QUEUE_STATS] t_ms=848 q_pkts=50 q_bytes=75200 qdelay_l_ms=1.00673 qdelay_c_ms=20.0277 ecn_mark=219 drop=0
[QUEUE_STATS] t_ms=864 q_pkts=53 q_bytes=79712 qdelay_l_ms=1.09041 qdelay_c_ms=23.2151 ecn_mark=219 drop=0
[QUEUE_STATS] t_ms=880 q_pkts=56 q_bytes=84224 qdelay_l_ms=1.00272 qdelay_c_ms=22.0781 ecn_mark=219 drop=0
[QUEUE_STATS] t_ms=896 q_pkts=58 q_bytes=87232 qdelay_l_ms=1.06938 qdelay_c_ms=23.9248 ecn_mark=219 drop=0
[QUEUE_STATS] t_ms=912 q_pkts=59 q_bytes=88736 qdelay_l_ms=0.981304 qdelay_c_ms=25.8033 ecn_mark=219 drop=0
[QUEUE_STATS] t_ms=928 q_pkts=61 q_bytes=91744 qdelay_l_ms=0.995772 qdelay_c_ms=24.2484 ecn_mark=219 drop=0
[QUEUE_STATS] t_ms=944 q_pkts=60 q_bytes=90240 qdelay_l_ms=1.06208 qdelay_c_ms=26.9197 ecn_mark=219 drop=0
[QUEUE_STATS] t_ms=960 q_pkts=67 q_bytes=100768 qdelay_l_ms=1.09597 qdelay_c_ms=27.8982 ecn_mark=219 drop=0
[QUEUE_STATS] t_ms=976 q_pkts=69 q_bytes=103776 qdelay_l_ms=1.08069 qdelay_c_ms=27.8336 ecn_mark=219 drop=0
[QUEUE_STATS] t_ms=992 q_pkts=71 q_bytes=106784 qdelay_l_ms=0.963892 qdelay_c_ms=29.7552 ecn_mark=219 drop=0
[QUEUE_STATS] t_ms=1008 q_pkts=73 q_bytes=109792 qdelay_l_ms=1.09002 qdelay_c_ms=31.0932 ecn_mark=219 drop=0
[QUEUE_STATS] t_ms=1024 q_pkts=75 q_bytes=112800 qdelay_l_ms=0.731335 qdelay_c_ms=31.049 ecn_mark=219 drop=0
[QUEUE_STATS] t_ms=1040 q_pkts=78 q_bytes=117312 qdelay_l_ms=0.918887 qdelay_c_ms=32.7593 ecn_mark=219 drop=0
[QUEUE_STATS] t_ms=1056 q_pkts=81 q_bytes=121824 qdelay_l_ms=1.05946 qdelay_c_ms=34.0067 ecn_mark=219 drop=0
[QUEUE_STATS] t_ms=1072 q_pkts=82 q_bytes=123328 qdelay_l_ms=1.07733 qdelay_c_ms=35.0455 ecn_mark=219 drop=0
[QUEUE_STATS] t_ms=1088 q_pkts=85 q_bytes=127840 qdelay_l_ms=1.04668 qdelay_c_ms=36.1993 ecn_mark=219 drop=0
[QUEUE_STATS] t_ms=1104 q_pkts=82 q_bytes=123328 qdelay_l_ms=0.030307 qdelay_c_ms=35.5511 ecn_mark=219 drop=0
[QUEUE_STATS] t_ms=1120 q_pkts=89 q_bytes=133856 qdelay_l_ms=0.735592 qdelay_c_ms=38.0954 ecn_mark=219 drop=0
[QUEUE_STATS] t_ms=1136 q_pkts=92 q_bytes=138368 qdelay_l_ms=0.924347 qdelay_c_ms=37.7184 ecn_mark=219 drop=0
[QUEUE_STATS] t_ms=1152 q_pkts=92 q_bytes=138368 qdelay_l_ms=1.01151 qdelay_c_ms=40.1141 ecn_mark=219 drop=0
[QUEUE_STATS] t_ms=1168 q_pkts=95 q_bytes=142880 qdelay_l_ms=0.993728 qdelay_c_ms=40.1419 ecn_mark=219 drop=0
[QUEUE_STATS] t_ms=1184 q_pkts=96 q_bytes=144384 qdelay_l_ms=0.830771 qdelay_c_ms=41.9488 ecn_mark=219 drop=0
[QUEUE_STATS] t_ms=1200 q_pkts=96 q_bytes=144384 qdelay_l_ms=1.09502 qdelay_c_ms=42.8578 ecn_mark=219 drop=0
[QUEUE_STATS] t_ms=1216 q_pkts=101 q_bytes=151904 qdelay_l_ms=0.885043 qdelay_c_ms=43.6525 ecn_mark=219 drop=0
[QUEUE_STATS] t_ms=1232 q_pkts=101 q_bytes=151904 qdelay_l_ms=1.06771 qdelay_c_ms=46.3448 ecn_mark=219 drop=0
[QUEUE_STATS] t_ms=1248 q_pkts=104 q_bytes=156416 qdelay_l_ms=0.674257 qdelay_c_ms=46.9634 ecn_mark=219 drop=0
[QUEUE_STATS] t_ms=1264 q_pkts=105 q_bytes=157920 qdelay_l_ms=1.07047 qdelay_c_ms=48.0653 ecn_mark=219 drop=0
[QUEUE_STATS] t_ms=1280 q_pkts=111 q_bytes=166944 qdelay_l_ms=0.748968 qdelay_c_ms=47.7842 ecn_mark=219 drop=0
[QUEUE_STATS] t_ms=1296 q_pkts=111 q_bytes=166944 qdelay_l_ms=1.08566 qdelay_c_ms=49.8136 ecn_mark=219 drop=0
[QUEUE_STATS] t_ms=1312 q_pkts=113 q_bytes=169952 qdelay_l_ms=1.02954 qdelay_c_ms=51.0229 ecn_mark=219 drop=0
[QUEUE_STATS] t_ms=1328 q_pkts=115 q_bytes=172960 qdelay_l_ms=0.876447 qdelay_c_ms=53.0865 ecn_mark=219 drop=0
[QUEUE_STATS] t_ms=1344 q_pkts=116 q_bytes=174464 qdelay_l_ms=1.06544 qdelay_c_ms=52.4705 ecn_mark=219 drop=0
[QUEUE_STATS] t_ms=1360 q_pkts=119 q_bytes=178976 qdelay_l_ms=1.10058 qdelay_c_ms=55.0641 ecn_mark=219 drop=0
[QUEUE_STATS] t_ms=1376 q_pkts=121 q_bytes=181984 qdelay_l_ms=1.09701 qdelay_c_ms=56.8793 ecn_mark=219 drop=0
[QUEUE_STATS] t_ms=1392 q_pkts=120 q_bytes=180480 qdelay_l_ms=1.08373 qdelay_c_ms=56.0549 ecn_mark=219 drop=0
[QUEUE_STATS] t_ms=1408 q_pkts=125 q_bytes=188000 qdelay_l_ms=1.10564 qdelay_c_ms=58.0873 ecn_mark=219 drop=0
[QUEUE_STATS] t_ms=1424 q_pkts=127 q_bytes=191008 qdelay_l_ms=1.10282 qdelay_c_ms=60.008 ecn_mark=219 drop=0
[QUEUE_STATS] t_ms=1440 q_pkts=129 q_bytes=194016 qdelay_l_ms=1.00738 qdelay_c_ms=59.0727 ecn_mark=219 drop=0
[QUEUE_STATS] t_ms=1456 q_pkts=130 q_bytes=195520 qdelay_l_ms=1.10064 qdelay_c_ms=60.8999 ecn_mark=219 drop=0
[QUEUE_STATS] t_ms=1472 q_pkts=135 q_bytes=203040 qdelay_l_ms=1.08354 qdelay_c_ms=62.7666 ecn_mark=219 drop=0
[QUEUE_STATS] t_ms=1488 q_pkts=134 q_bytes=201536 qdelay_l_ms=1.06763 qdelay_c_ms=62.9941 ecn_mark=219 drop=0
[QUEUE_STATS] t_ms=1504 q_pkts=136 q_bytes=204544 qdelay_l_ms=0.829189 qdelay_c_ms=66.0562 ecn_mark=219 drop=0
[QUEUE_STATS] t_ms=1520 q_pkts=140 q_bytes=210560 qdelay_l_ms=0.704714 qdelay_c_ms=64.8669 ecn_mark=219 drop=0
[QUEUE_STATS] t_ms=1536 q_pkts=140 q_bytes=210560 qdelay_l_ms=1.07089 qdelay_c_ms=68.0657 ecn_mark=219 drop=0
[QUEUE_STATS] t_ms=1552 q_pkts=142 q_bytes=213568 qdelay_l_ms=0.832254 qdelay_c_ms=70.0366 ecn_mark=219 drop=0
[QUEUE_STATS] t_ms=1568 q_pkts=145 q_bytes=218080 qdelay_l_ms=1.05469 qdelay_c_ms=69.0336 ecn_mark=219 drop=0
[QUEUE_STATS] t_ms=1584 q_pkts=146 q_bytes=219584 qdelay_l_ms=1.06325 qdelay_c_ms=72.432 ecn_mark=220 drop=0
[QUEUE_STATS] t_ms=1600 q_pkts=148 q_bytes=222592 qdelay_l_ms=1.07713 qdelay_c_ms=73.007 ecn_mark=220 drop=0
[QUEUE_STATS] t_ms=1616 q_pkts=151 q_bytes=227104 qdelay_l_ms=1.10148 qdelay_c_ms=74.0805 ecn_mark=220 drop=0
[QUEUE_STATS] t_ms=1632 q_pkts=140 q_bytes=210560 qdelay_l_ms=1.06424 qdelay_c_ms=71.9604 ecn_mark=220 drop=0
[QUEUE_STATS] t_ms=1648 q_pkts=143 q_bytes=215072 qdelay_l_ms=1.08183 qdelay_c_ms=71.4435 ecn_mark=220 drop=0
[QUEUE_STATS] t_ms=1664 q_pkts=146 q_bytes=219584 qdelay_l_ms=1.07059 qdelay_c_ms=71.0547 ecn_mark=220 drop=0
[QUEUE_STATS] t_ms=1680 q_pkts=148 q_bytes=222592 qdelay_l_ms=0.943944 qdelay_c_ms=69.1972 ecn_mark=220 drop=0
[QUEUE_STATS] t_ms=1696 q_pkts=149 q_bytes=224096 qdelay_l_ms=1.09078 qdelay_c_ms=68.8817 ecn_mark=220 drop=0
[QUEUE_STATS] t_ms=1712 q_pkts=152 q_bytes=228608 qdelay_l_ms=0.727537 qdelay_c_ms=66.5676 ecn_mark=220 drop=0
[QUEUE_STATS] t_ms=1728 q_pkts=153 q_bytes=230112 qdelay_l_ms=0.89356 qdelay_c_ms=66.6753 ecn_mark=220 drop=0
[QUEUE_STATS] t_ms=1744 q_pkts=155 q_bytes=233120 qdelay_l_ms=0.888921 qdelay_c_ms=70.9403 ecn_mark=220 drop=0
[QUEUE_STATS] t_ms=1760 q_pkts=159 q_bytes=239136 qdelay_l_ms=1.11134 qdelay_c_ms=70.6629 ecn_mark=220 drop=0
[QUEUE_STATS] t_ms=1776 q_pkts=159 q_bytes=239136 qdelay_l_ms=1.0717 qdelay_c_ms=72.0824 ecn_mark=220 drop=0
[QUEUE_STATS] t_ms=1792 q_pkts=162 q_bytes=243648 qdelay_l_ms=0.870957 qdelay_c_ms=74.9146 ecn_mark=220 drop=0
[QUEUE_STATS] t_ms=1808 q_pkts=164 q_bytes=246656 qdelay_l_ms=1.03273 qdelay_c_ms=74.6676 ecn_mark=220 drop=0
[QUEUE_STATS] t_ms=1824 q_pkts=165 q_bytes=248160 qdelay_l_ms=1.05635 qdelay_c_ms=77.274 ecn_mark=220 drop=0
[QUEUE_STATS] t_ms=1840 q_pkts=168 q_bytes=252672 qdelay_l_ms=1.07277 qdelay_c_ms=78.8161 ecn_mark=220 drop=0
[QUEUE_STATS] t_ms=1856 q_pkts=169 q_bytes=254176 qdelay_l_ms=1.08199 qdelay_c_ms=79.0234 ecn_mark=220 drop=0
[QUEUE_STATS] t_ms=1872 q_pkts=170 q_bytes=255680 qdelay_l_ms=0.763685 qdelay_c_ms=80.7864 ecn_mark=220 drop=0
[QUEUE_STATS] t_ms=1888 q_pkts=174 q_bytes=261696 qdelay_l_ms=0.641927 qdelay_c_ms=80.9042 ecn_mark=220 drop=0
[QUEUE_STATS] t_ms=1904 q_pkts=177 q_bytes=266208 qdelay_l_ms=1.06234 qdelay_c_ms=84.1746 ecn_mark=220 drop=0
[QUEUE_STATS] t_ms=1920 q_pkts=177 q_bytes=266208 qdelay_l_ms=0.827035 qdelay_c_ms=84.9547 ecn_mark=220 drop=0
[QUEUE_STATS] t_ms=1936 q_pkts=180 q_bytes=270720 qdelay_l_ms=0.850608 qdelay_c_ms=86.8489 ecn_mark=221 drop=0
[QUEUE_STATS] t_ms=1952 q_pkts=183 q_bytes=275232 qdelay_l_ms=1.09834 qdelay_c_ms=86.1126 ecn_mark=221 drop=0
[QUEUE_STATS] t_ms=1968 q_pkts=184 q_bytes=276736 qdelay_l_ms=1.06673 qdelay_c_ms=88.969 ecn_mark=221 drop=0
[QUEUE_STATS] t_ms=1984 q_pkts=178 q_bytes=267712 qdelay_l_ms=0.87247 qdelay_c_ms=85.9708 ecn_mark=221 drop=0
[QUEUE_STATS] t_ms=2000 q_pkts=180 q_bytes=270720 qdelay_l_ms=0.672885 qdelay_c_ms=88.1575 ecn_mark=221 drop=0
[QUEUE_STATS] t_ms=2016 q_pkts=183 q_bytes=275232 qdelay_l_ms=0.864465 qdelay_c_ms=87.1358 ecn_mark=221 drop=0
[QUEUE_STATS] t_ms=2032 q_pkts=186 q_bytes=279744 qdelay_l_ms=1.03117 qdelay_c_ms=87.2285 ecn_mark=221 drop=0
[QUEUE_STATS] t_ms=2048 q_pkts=188 q_bytes=282752 qdelay_l_ms=1.09825 qdelay_c_ms=86.9918 ecn_mark=221 drop=0
[QUEUE_STATS] t_ms=2064 q_pkts=189 q_bytes=284256 qdelay_l_ms=0.865677 qdelay_c_ms=87.7562 ecn_mark=221 drop=0
[QUEUE_STATS] t_ms=2080 q_pkts=190 q_bytes=285760 qdelay_l_ms=1.06894 qdelay_c_ms=88.2154 ecn_mark=221 drop=0
[QUEUE_STATS] t_ms=2096 q_pkts=194 q_bytes=291776 qdelay_l_ms=0.868242 qdelay_c_ms=89.9532 ecn_mark=221 drop=0
[QUEUE_STATS] t_ms=2112 q_pkts=196 q_bytes=294784 qdelay_l_ms=1.078 qdelay_c_ms=90.9084 ecn_mark=221 drop=0
[QUEUE_STATS] t_ms=2128 q_pkts=197 q_bytes=296288 qdelay_l_ms=1.06448 qdelay_c_ms=93.1273 ecn_mark=222 drop=0
[QUEUE_STATS] t_ms=2144 q_pkts=200 q_bytes=300800 qdelay_l_ms=0.896896 qdelay_c_ms=93.91 ecn_mark=222 drop=0
[QUEUE_STATS] t_ms=2160 q_pkts=197 q_bytes=296288 qdelay_l_ms=0.890724 qdelay_c_ms=93.8926 ecn_mark=223 drop=0
[QUEUE_STATS] t_ms=2176 q_pkts=197 q_bytes=296288 qdelay_l_ms=0.686661 qdelay_c_ms=94.1575 ecn_mark=223 drop=0
[QUEUE_STATS] t_ms=2192 q_pkts=203 q_bytes=305312 qdelay_l_ms=1.07558 qdelay_c_ms=95.0185 ecn_mark=224 drop=0
[QUEUE_STATS] t_ms=2208 q_pkts=203 q_bytes=305312 qdelay_l_ms=0.90419 qdelay_c_ms=95.0003 ecn_mark=224 drop=0
[QUEUE_STATS] t_ms=2224 q_pkts=202 q_bytes=303808 qdelay_l_ms=1.06055 qdelay_c_ms=96.2362 ecn_mark=224 drop=0
[QUEUE_STATS] t_ms=2240 q_pkts=204 q_bytes=306816 qdelay_l_ms=0.978138 qdelay_c_ms=96.1841 ecn_mark=224 drop=0
[QUEUE_STATS] t_ms=2256 q_pkts=203 q_bytes=305312 qdelay_l_ms=0.90419 qdelay_c_ms=95.9128 ecn_mark=224 drop=0
[QUEUE_STATS] t_ms=2272 q_pkts=208 q_bytes=312832 qdelay_l_ms=1.05916 qdelay_c_ms=95.0403 ecn_mark=225 drop=0
[QUEUE_STATS] t_ms=2288 q_pkts=210 q_bytes=315840 qdelay_l_ms=1.06569 qdelay_c_ms=95.9201 ecn_mark=226 drop=0
[QUEUE_STATS] t_ms=2304 q_pkts=208 q_bytes=312832 qdelay_l_ms=0.923626 qdelay_c_ms=94.9994 ecn_mark=226 drop=0
[QUEUE_STATS] t_ms=2320 q_pkts=207 q_bytes=311328 qdelay_l_ms=1.03009 qdelay_c_ms=95.1488 ecn_mark=226 drop=0
[QUEUE_STATS] t_ms=2336 q_pkts=215 q_bytes=323360 qdelay_l_ms=1.07857 qdelay_c_ms=95.0112 ecn_mark=227 drop=0
[QUEUE_STATS] t_ms=2352 q_pkts=211 q_bytes=317344 qdelay_l_ms=0.948242 qdelay_c_ms=94.8798 ecn_mark=227 drop=0
[QUEUE_STATS] t_ms=2368 q_pkts=213 q_bytes=320352 qdelay_l_ms=1.07292 qdelay_c_ms=96.1214 ecn_mark=227 drop=0
[QUEUE_STATS] t_ms=2384 q_pkts=216 q_bytes=324864 qdelay_l_ms=0.761892 qdelay_c_ms=97.0272 ecn_mark=227 drop=0
[QUEUE_STATS] t_ms=2400 q_pkts=216 q_bytes=324864 qdelay_l_ms=0.93639 qdelay_c_ms=96.9424 ecn_mark=227 drop=0
[QUEUE_STATS] t_ms=2416 q_pkts=220 q_bytes=330880 qdelay_l_ms=0.713451 qdelay_c_ms=96.254 ecn_mark=227 drop=0
[QUEUE_STATS] t_ms=2432 q_pkts=221 q_bytes=332384 qdelay_l_ms=0.92061 qdelay_c_ms=97.0372 ecn_mark=227 drop=0
[QUEUE_STATS] t_ms=2448 q_pkts=223 q_bytes=335392 qdelay_l_ms=1.06902 qdelay_c_ms=99.379 ecn_mark=227 drop=0
[QUEUE_STATS] t_ms=2464 q_pkts=226 q_bytes=339904 qdelay_l_ms=1.03116 qdelay_c_ms=100.244 ecn_mark=228 drop=0
[QUEUE_STATS] t_ms=2480 q_pkts=227 q_bytes=341408 qdelay_l_ms=1.07884 qdelay_c_ms=99.3444 ecn_mark=228 drop=0
[QUEUE_STATS] t_ms=2496 q_pkts=229 q_bytes=344416 qdelay_l_ms=0.713791 qdelay_c_ms=100.975 ecn_mark=228 drop=0
[QUEUE_STATS] t_ms=2512 q_pkts=229 q_bytes=344416 qdelay_l_ms=0.809401 qdelay_c_ms=102.004 ecn_mark=228 drop=0
[QUEUE_STATS] t_ms=2528 q_pkts=231 q_bytes=347424 qdelay_l_ms=0.711127 qdelay_c_ms=102.755 ecn_mark=229 drop=0
[QUEUE_STATS] t_ms=2544 q_pkts=234 q_bytes=351936 qdelay_l_ms=0.77173 qdelay_c_ms=103.834 ecn_mark=229 drop=0
[QUEUE_STATS] t_ms=2560 q_pkts=232 q_bytes=348928 qdelay_l_ms=0.783122 qdelay_c_ms=101.686 ecn_mark=229 drop=0
[QUEUE_STATS] t_ms=2576 q_pkts=236 q_bytes=354944 qdelay_l_ms=1.08417 qdelay_c_ms=103.884 ecn_mark=230 drop=0
[QUEUE_STATS] t_ms=2592 q_pkts=238 q_bytes=357952 qdelay_l_ms=0.970885 qdelay_c_ms=104.816 ecn_mark=230 drop=0
[QUEUE_STATS] t_ms=2608 q_pkts=237 q_bytes=356448 qdelay_l_ms=1.05879 qdelay_c_ms=102.95 ecn_mark=230 drop=0
[QUEUE_STATS] t_ms=2624 q_pkts=239 q_bytes=359456 qdelay_l_ms=1.07664 qdelay_c_ms=105.184 ecn_mark=230 drop=0
[QUEUE_STATS] t_ms=2640 q_pkts=239 q_bytes=359456 qdelay_l_ms=1.06423 qdelay_c_ms=106.004 ecn_mark=230 drop=0
[QUEUE_STATS] t_ms=2656 q_pkts=243 q_bytes=365472 qdelay_l_ms=1.07279 qdelay_c_ms=104.851 ecn_mark=230 drop=0
[QUEUE_STATS] t_ms=2672 q_pkts=247 q_bytes=371488 qdelay_l_ms=1.09613 qdelay_c_ms=107.187 ecn_mark=231 drop=0
[QUEUE_STATS] t_ms=2688 q_pkts=248 q_bytes=372992 qdelay_l_ms=0.962329 qdelay_c_ms=107.878 ecn_mark=231 drop=0
[QUEUE_STATS] t_ms=2704 q_pkts=247 q_bytes=371488 qdelay_l_ms=0.961246 qdelay_c_ms=104.767 ecn_mark=231 drop=0
[QUEUE_STATS] t_ms=2720 q_pkts=249 q_bytes=374496 qdelay_l_ms=1.11309 qdelay_c_ms=108.383 ecn_mark=231 drop=0
[QUEUE_STATS] t_ms=2736 q_pkts=254 q_bytes=382016 qdelay_l_ms=1.08166 qdelay_c_ms=107.553 ecn_mark=232 drop=0
[QUEUE_STATS] t_ms=2752 q_pkts=256 q_bytes=385024 qdelay_l_ms=0.962539 qdelay_c_ms=108.859 ecn_mark=232 drop=0
[QUEUE_STATS] t_ms=2768 q_pkts=256 q_bytes=385024 qdelay_l_ms=1.06714 qdelay_c_ms=112.053 ecn_mark=232 drop=0
[QUEUE_STATS] t_ms=2784 q_pkts=258 q_bytes=388032 qdelay_l_ms=1.06745 qdelay_c_ms=110.806 ecn_mark=232 drop=0
[QUEUE_STATS] t_ms=2800 q_pkts=257 q_bytes=386528 qdelay_l_ms=0.950857 qdelay_c_ms=110.766 ecn_mark=233 drop=0
[QUEUE_STATS] t_ms=2816 q_pkts=260 q_bytes=391040 qdelay_l_ms=0.954945 qdelay_c_ms=114.028 ecn_mark=233 drop=0
[QUEUE_STATS] t_ms=2832 q_pkts=267 q_bytes=398648 qdelay_l_ms=1.10384 qdelay_c_ms=112.958 ecn_mark=233 drop=0
[QUEUE_STATS] t_ms=2848 q_pkts=265 q_bytes=395640 qdelay_l_ms=1.08262 qdelay_c_ms=113.132 ecn_mark=233 drop=0
[QUEUE_STATS] t_ms=2864 q_pkts=267 q_bytes=398648 qdelay_l_ms=0.726966 qdelay_c_ms=116.688 ecn_mark=233 drop=0
[QUEUE_STATS] t_ms=2880 q_pkts=272 q_bytes=406168 qdelay_l_ms=0.751663 qdelay_c_ms=115.912 ecn_mark=233 drop=0
[QUEUE_STATS] t_ms=2896 q_pkts=272 q_bytes=406168 qdelay_l_ms=1.07885 qdelay_c_ms=116.623 ecn_mark=233 drop=0
[QUEUE_STATS] t_ms=2912 q_pkts=277 q_bytes=413688 qdelay_l_ms=1.04418 qdelay_c_ms=120.481 ecn_mark=233 drop=0
[QUEUE_STATS] t_ms=2928 q_pkts=277 q_bytes=413688 qdelay_l_ms=1.09553 qdelay_c_ms=118.764 ecn_mark=233 drop=0
[QUEUE_STATS] t_ms=2944 q_pkts=277 q_bytes=416608 qdelay_l_ms=1.07963 qdelay_c_ms=120.769 ecn_mark=233 drop=0
[QUEUE_STATS] t_ms=2960 q_pkts=280 q_bytes=421120 qdelay_l_ms=1.04445 qdelay_c_ms=122.64 ecn_mark=233 drop=0
[QUEUE_STATS] t_ms=2976 q_pkts=282 q_bytes=424128 qdelay_l_ms=1.09366 qdelay_c_ms=122.999 ecn_mark=234 drop=0
[QUEUE_STATS] t_ms=2992 q_pkts=282 q_bytes=424128 qdelay_l_ms=0.936681 qdelay_c_ms=123.641 ecn_mark=235 drop=0
[QUEUE_STATS] t_ms=3008 q_pkts=284 q_bytes=427136 qdelay_l_ms=0.931761 qdelay_c_ms=125.896 ecn_mark=236 drop=0
[QUEUE_STATS] t_ms=3024 q_pkts=288 q_bytes=433152 qdelay_l_ms=1.0051 qdelay_c_ms=125.973 ecn_mark=236 drop=0
[QUEUE_STATS] t_ms=3040 q_pkts=287 q_bytes=431648 qdelay_l_ms=1.09744 qdelay_c_ms=126.609 ecn_mark=237 drop=0
[QUEUE_STATS] t_ms=3056 q_pkts=291 q_bytes=437664 qdelay_l_ms=0.898319 qdelay_c_ms=128.06 ecn_mark=238 drop=0
[QUEUE_STATS] t_ms=3072 q_pkts=292 q_bytes=439168 qdelay_l_ms=0.730934 qdelay_c_ms=130.067 ecn_mark=238 drop=0
[QUEUE_STATS] t_ms=3088 q_pkts=294 q_bytes=442176 qdelay_l_ms=0.92572 qdelay_c_ms=130.61 ecn_mark=239 drop=0
[QUEUE_STATS] t_ms=3104 q_pkts=295 q_bytes=443680 qdelay_l_ms=0.917815 qdelay_c_ms=131.007 ecn_mark=240 drop=0
[QUEUE_STATS] t_ms=3120 q_pkts=297 q_bytes=446688 qdelay_l_ms=1.09439 qdelay_c_ms=131.796 ecn_mark=241 drop=0
[QUEUE_STATS] t_ms=3136 q_pkts=299 q_bytes=449696 qdelay_l_ms=1.06336 qdelay_c_ms=134.949 ecn_mark=241 drop=0
[QUEUE_STATS] t_ms=3152 q_pkts=301 q_bytes=452704 qdelay_l_ms=1.10966 qdelay_c_ms=132.889 ecn_mark=241 drop=0
[QUEUE_STATS] t_ms=3168 q_pkts=300 q_bytes=451200 qdelay_l_ms=1.0709 qdelay_c_ms=135.035 ecn_mark=241 drop=0
[QUEUE_STATS] t_ms=3184 q_pkts=304 q_bytes=457216 qdelay_l_ms=0.984671 qdelay_c_ms=137.156 ecn_mark=241 drop=0
[QUEUE_STATS] t_ms=3200 q_pkts=308 q_bytes=463232 qdelay_l_ms=0.915541 qdelay_c_ms=135.998 ecn_mark=241 drop=0
[QUEUE_STATS] t_ms=3216 q_pkts=307 q_bytes=461728 qdelay_l_ms=1.0695 qdelay_c_ms=137.754 ecn_mark=241 drop=0
[QUEUE_STATS] t_ms=3232 q_pkts=311 q_bytes=467744 qdelay_l_ms=1.07752 qdelay_c_ms=138.886 ecn_mark=241 drop=0
[QUEUE_STATS] t_ms=3248 q_pkts=314 q_bytes=472256 qdelay_l_ms=0.897837 qdelay_c_ms=138.772 ecn_mark=242 drop=0
[QUEUE_STATS] t_ms=3264 q_pkts=314 q_bytes=472256 qdelay_l_ms=1.08846 qdelay_c_ms=141.887 ecn_mark=242 drop=0
[QUEUE_STATS] t_ms=3280 q_pkts=317 q_bytes=476768 qdelay_l_ms=0.899931 qdelay_c_ms=140.998 ecn_mark=242 drop=0
[QUEUE_STATS] t_ms=3296 q_pkts=317 q_bytes=476768 qdelay_l_ms=0.928856 qdelay_c_ms=142.939 ecn_mark=243 drop=0
[QUEUE_STATS] t_ms=3312 q_pkts=317 q_bytes=476768 qdelay_l_ms=1.06965 qdelay_c_ms=143.853 ecn_mark=243 drop=0
[QUEUE_STATS] t_ms=3328 q_pkts=321 q_bytes=482784 qdelay_l_ms=0.668968 qdelay_c_ms=145.729 ecn_mark=243 drop=0
[QUEUE_STATS] t_ms=3344 q_pkts=324 q_bytes=487296 qdelay_l_ms=0.696299 qdelay_c_ms=147.177 ecn_mark=243 drop=0
[QUEUE_STATS] t_ms=3360 q_pkts=324 q_bytes=487296 qdelay_l_ms=0.903759 qdelay_c_ms=148.534 ecn_mark=243 drop=0
[QUEUE_STATS] t_ms=3376 q_pkts=327 q_bytes=491808 qdelay_l_ms=0.886365 qdelay_c_ms=148.885 ecn_mark=243 drop=0
[QUEUE_STATS] t_ms=3392 q_pkts=330 q_bytes=496320 qdelay_l_ms=0.887859 qdelay_c_ms=150.819 ecn_mark=243 drop=0
[QUEUE_STATS] t_ms=3408 q_pkts=329 q_bytes=494816 qdelay_l_ms=0 qdelay_c_ms=152.463 ecn_mark=245 drop=0
[QUEUE_STATS] t_ms=3424 q_pkts=333 q_bytes=500832 qdelay_l_ms=0.862801 qdelay_c_ms=151.851 ecn_mark=245 drop=0
[QUEUE_STATS] t_ms=3440 q_pkts=335 q_bytes=503840 qdelay_l_ms=1.10767 qdelay_c_ms=155.231 ecn_mark=246 drop=0
[QUEUE_STATS] t_ms=3456 q_pkts=335 q_bytes=503840 qdelay_l_ms=1.07099 qdelay_c_ms=154.047 ecn_mark=246 drop=0
[QUEUE_STATS] t_ms=3472 q_pkts=337 q_bytes=506848 qdelay_l_ms=1.05835 qdelay_c_ms=156.103 ecn_mark=246 drop=0
[QUEUE_STATS] t_ms=3488 q_pkts=340 q_bytes=511360 qdelay_l_ms=0.666122 qdelay_c_ms=159.12 ecn_mark=247 drop=0
[QUEUE_STATS] t_ms=3504 q_pkts=343 q_bytes=515872 qdelay_l_ms=1.01467 qdelay_c_ms=159.108 ecn_mark=247 drop=0
[QUEUE_STATS] t_ms=3520 q_pkts=342 q_bytes=514368 qdelay_l_ms=1.10466 qdelay_c_ms=159.984 ecn_mark=248 drop=0
[QUEUE_STATS] t_ms=3536 q_pkts=347 q_bytes=521888 qdelay_l_ms=1.11187 qdelay_c_ms=161.924 ecn_mark=249 drop=0
[QUEUE_STATS] t_ms=3552 q_pkts=347 q_bytes=521888 qdelay_l_ms=1.06495 qdelay_c_ms=161.922 ecn_mark=250 drop=0
[QUEUE_STATS] t_ms=3568 q_pkts=347 q_bytes=521888 qdelay_l_ms=0.863393 qdelay_c_ms=163.996 ecn_mark=250 drop=0
[QUEUE_STATS] t_ms=3584 q_pkts=349 q_bytes=524896 qdelay_l_ms=0.832023 qdelay_c_ms=164.862 ecn_mark=251 drop=0
[QUEUE_STATS] t_ms=3600 q_pkts=353 q_bytes=530912 qdelay_l_ms=1.07037 qdelay_c_ms=164.936 ecn_mark=251 drop=0
[QUEUE_STATS] t_ms=3616 q_pkts=353 q_bytes=530912 qdelay_l_ms=1.07281 qdelay_c_ms=166.873 ecn_mark=251 drop=0
[QUEUE_STATS] t_ms=3632 q_pkts=356 q_bytes=535424 qdelay_l_ms=1.08672 qdelay_c_ms=168.066 ecn_mark=252 drop=0
[QUEUE_STATS] t_ms=3648 q_pkts=354 q_bytes=532416 qdelay_l_ms=1.08184 qdelay_c_ms=169.096 ecn_mark=253 drop=0
[QUEUE_STATS] t_ms=3664 q_pkts=358 q_bytes=538432 qdelay_l_ms=1.0593 qdelay_c_ms=171.202 ecn_mark=253 drop=0
[QUEUE_STATS] t_ms=3680 q_pkts=363 q_bytes=545952 qdelay_l_ms=1.02977 qdelay_c_ms=172.893 ecn_mark=253 drop=0
[QUEUE_STATS] t_ms=3696 q_pkts=362 q_bytes=544448 qdelay_l_ms=1.09633 qdelay_c_ms=172.331 ecn_mark=253 drop=0
[QUEUE_STATS] t_ms=3712 q_pkts=365 q_bytes=548960 qdelay_l_ms=0.852703 qdelay_c_ms=172.908 ecn_mark=253 drop=0
[QUEUE_STATS] t_ms=3728 q_pkts=367 q_bytes=551968 qdelay_l_ms=1.08299 qdelay_c_ms=176.075 ecn_mark=253 drop=0
[QUEUE_STATS] t_ms=3744 q_pkts=366 q_bytes=550464 qdelay_l_ms=1.06945 qdelay_c_ms=175.038 ecn_mark=253 drop=0
[QUEUE_STATS] t_ms=3760 q_pkts=370 q_bytes=556480 qdelay_l_ms=0.846882 qdelay_c_ms=177.883 ecn_mark=255 drop=0
[QUEUE_STATS] t_ms=3776 q_pkts=371 q_bytes=557984 qdelay_l_ms=0.849557 qdelay_c_ms=179.048 ecn_mark=256 drop=0
[QUEUE_STATS] t_ms=3792 q_pkts=374 q_bytes=562496 qdelay_l_ms=1.11967 qdelay_c_ms=178.89 ecn_mark=256 drop=0
[QUEUE_STATS] t_ms=3808 q_pkts=375 q_bytes=564000 qdelay_l_ms=1.10873 qdelay_c_ms=182.04 ecn_mark=257 drop=0
[QUEUE_STATS] t_ms=3824 q_pkts=377 q_bytes=567008 qdelay_l_ms=1.07042 qdelay_c_ms=181.905 ecn_mark=257 drop=0
[QUEUE_STATS] t_ms=3840 q_pkts=378 q_bytes=568512 qdelay_l_ms=1.10964 qdelay_c_ms=183.136 ecn_mark=258 drop=0
[QUEUE_STATS] t_ms=3856 q_pkts=380 q_bytes=571520 qdelay_l_ms=0.943213 qdelay_c_ms=185.107 ecn_mark=259 drop=0
[QUEUE_STATS] t_ms=3872 q_pkts=383 q_bytes=576032 qdelay_l_ms=1.1121 qdelay_c_ms=185.919 ecn_mark=259 drop=0
[QUEUE_STATS] t_ms=3888 q_pkts=383 q_bytes=576032 qdelay_l_ms=1.09492 qdelay_c_ms=186.869 ecn_mark=262 drop=0
[QUEUE_STATS] t_ms=3904 q_pkts=385 q_bytes=579040 qdelay_l_ms=1.06609 qdelay_c_ms=189.095 ecn_mark=262 drop=0
[QUEUE_STATS] t_ms=3920 q_pkts=390 q_bytes=586560 qdelay_l_ms=1.10248 qdelay_c_ms=190.933 ecn_mark=264 drop=0
[QUEUE_STATS] t_ms=3936 q_pkts=388 q_bytes=583552 qdelay_l_ms=1.10807 qdelay_c_ms=190.893 ecn_mark=264 drop=0
[QUEUE_STATS] t_ms=3952 q_pkts=390 q_bytes=586560 qdelay_l_ms=0.827606 qdelay_c_ms=190.87 ecn_mark=264 drop=0
[QUEUE_STATS] t_ms=3968 q_pkts=392 q_bytes=589568 qdelay_l_ms=0.897907 qdelay_c_ms=194.986 ecn_mark=266 drop=0
[QUEUE_STATS] t_ms=3984 q_pkts=395 q_bytes=594080 qdelay_l_ms=0.836262 qdelay_c_ms=195.774 ecn_mark=266 drop=0
[QUEUE_STATS] t_ms=4000 q_pkts=394 q_bytes=592576 qdelay_l_ms=0 qdelay_c_ms=195.847 ecn_mark=269 drop=0
[QUEUE_STATS] t_ms=4016 q_pkts=398 q_bytes=598592 qdelay_l_ms=1.10106 qdelay_c_ms=199.039 ecn_mark=270 drop=0
[QUEUE_STATS] t_ms=4032 q_pkts=398 q_bytes=598592 qdelay_l_ms=1.10539 qdelay_c_ms=199.003 ecn_mark=272 drop=0
[QUEUE_STATS] t_ms=4048 q_pkts=401 q_bytes=603104 qdelay_l_ms=1.09562 qdelay_c_ms=199.059 ecn_mark=272 drop=0
[QUEUE_STATS] t_ms=4064 q_pkts=402 q_bytes=604608 qdelay_l_ms=1.08153 qdelay_c_ms=202.165 ecn_mark=272 drop=0
[QUEUE_STATS] t_ms=4080 q_pkts=404 q_bytes=607616 qdelay_l_ms=1.08814 qdelay_c_ms=203.214 ecn_mark=273 drop=0
[QUEUE_STATS] t_ms=4096 q_pkts=403 q_bytes=606112 qdelay_l_ms=0.818338 qdelay_c_ms=202.817 ecn_mark=274 drop=0
[QUEUE_STATS] t_ms=4112 q_pkts=409 q_bytes=613684 qdelay_l_ms=0.856319 qdelay_c_ms=204.86 ecn_mark=274 drop=0
[QUEUE_STATS] t_ms=4128 q_pkts=409 q_bytes=613684 qdelay_l_ms=1.08066 qdelay_c_ms=205.819 ecn_mark=275 drop=0
[QUEUE_STATS] t_ms=4144 q_pkts=411 q_bytes=616692 qdelay_l_ms=1.06101 qdelay_c_ms=205.888 ecn_mark=275 drop=0
[QUEUE_STATS] t_ms=4160 q_pkts=412 q_bytes=618196 qdelay_l_ms=1.01302 qdelay_c_ms=210.057 ecn_mark=277 drop=0
[QUEUE_STATS] t_ms=4176 q_pkts=415 q_bytes=622708 qdelay_l_ms=1.11097 qdelay_c_ms=208.992 ecn_mark=277 drop=0
[QUEUE_STATS] t_ms=4192 q_pkts=416 q_bytes=624212 qdelay_l_ms=1.06704 qdelay_c_ms=210.018 ecn_mark=277 drop=0
[QUEUE_STATS] t_ms=4208 q_pkts=418 q_bytes=627220 qdelay_l_ms=0.597493 qdelay_c_ms=211.985 ecn_mark=277 drop=0
[QUEUE_STATS] t_ms=4224 q_pkts=420 q_bytes=630228 qdelay_l_ms=1.06992 qdelay_c_ms=213.122 ecn_mark=277 drop=0
[QUEUE_STATS] t_ms=4240 q_pkts=419 q_bytes=628724 qdelay_l_ms=0.65443 qdelay_c_ms=213.926 ecn_mark=278 drop=0
[QUEUE_STATS] t_ms=4256 q_pkts=423 q_bytes=634740 qdelay_l_ms=1.01808 qdelay_c_ms=216.222 ecn_mark=279 drop=0
[QUEUE_STATS] t_ms=4272 q_pkts=423 q_bytes=634740 qdelay_l_ms=1.0839 qdelay_c_ms=216.82 ecn_mark=280 drop=0
[QUEUE_STATS] t_ms=4288 q_pkts=424 q_bytes=636244 qdelay_l_ms=1.02269 qdelay_c_ms=218.024 ecn_mark=280 drop=0
[QUEUE_STATS] t_ms=4304 q_pkts=427 q_bytes=640756 qdelay_l_ms=1.06979 qdelay_c_ms=219.162 ecn_mark=280 drop=0
[QUEUE_STATS] t_ms=4320 q_pkts=430 q_bytes=645268 qdelay_l_ms=0.829409 qdelay_c_ms=220.918 ecn_mark=282 drop=0
[QUEUE_STATS] t_ms=4336 q_pkts=429 q_bytes=645216 qdelay_l_ms=1.06863 qdelay_c_ms=221.766 ecn_mark=282 drop=0
[QUEUE_STATS] t_ms=4352 q_pkts=430 q_bytes=646720 qdelay_l_ms=1.08814 qdelay_c_ms=223.144 ecn_mark=282 drop=0
[QUEUE_STATS] t_ms=4368 q_pkts=432 q_bytes=649728 qdelay_l_ms=0.977717 qdelay_c_ms=226.301 ecn_mark=285 drop=0
[QUEUE_STATS] t_ms=4384 q_pkts=434 q_bytes=652736 qdelay_l_ms=0.819942 qdelay_c_ms=225.963 ecn_mark=285 drop=0
[QUEUE_STATS] t_ms=4400 q_pkts=435 q_bytes=654240 qdelay_l_ms=1.04904 qdelay_c_ms=228.035 ecn_mark=285 drop=0
[QUEUE_STATS] t_ms=4416 q_pkts=435 q_bytes=654240 qdelay_l_ms=0.806676 qdelay_c_ms=228.7 ecn_mark=288 drop=0
[QUEUE_STATS] t_ms=4432 q_pkts=440 q_bytes=661760 qdelay_l_ms=1.1001 qdelay_c_ms=228.861 ecn_mark=290 drop=0
[QUEUE_STATS] t_ms=4448 q_pkts=441 q_bytes=663264 qdelay_l_ms=0.808159 qdelay_c_ms=231.106 ecn_mark=291 drop=0
[QUEUE_STATS] t_ms=4464 q_pkts=442 q_bytes=664768 qdelay_l_ms=1.10019 qdelay_c_ms=233.082 ecn_mark=292 drop=0
[QUEUE_STATS] t_ms=4480 q_pkts=443 q_bytes=666272 qdelay_l_ms=1.0513 qdelay_c_ms=230.982 ecn_mark=292 drop=0
[QUEUE_STATS] t_ms=4496 q_pkts=445 q_bytes=669280 qdelay_l_ms=1.06636 qdelay_c_ms=235.16 ecn_mark=292 drop=0
[QUEUE_STATS] t_ms=4512 q_pkts=446 q_bytes=670784 qdelay_l_ms=1.06954 qdelay_c_ms=237.944 ecn_mark=293 drop=0
[QUEUE_STATS] t_ms=4528 q_pkts=449 q_bytes=675296 qdelay_l_ms=1.10751 qdelay_c_ms=234.339 ecn_mark=296 drop=0
[QUEUE_STATS] t_ms=4544 q_pkts=448 q_bytes=673792 qdelay_l_ms=1.04489 qdelay_c_ms=240.028 ecn_mark=299 drop=0
[QUEUE_STATS] t_ms=4560 q_pkts=450 q_bytes=676800 qdelay_l_ms=1.06689 qdelay_c_ms=239.012 ecn_mark=300 drop=0
[QUEUE_STATS] t_ms=4576 q_pkts=451 q_bytes=678304 qdelay_l_ms=0.604506 qdelay_c_ms=238.93 ecn_mark=300 drop=0
[QUEUE_STATS] t_ms=4592 q_pkts=454 q_bytes=682816 qdelay_l_ms=1.07032 qdelay_c_ms=241.933 ecn_mark=301 drop=0
[QUEUE_STATS] t_ms=4608 q_pkts=455 q_bytes=684320 qdelay_l_ms=1.08541 qdelay_c_ms=238.679 ecn_mark=301 drop=0
[QUEUE_STATS] t_ms=4624 q_pkts=455 q_bytes=684320 qdelay_l_ms=1.10035 qdelay_c_ms=240.864 ecn_mark=304 drop=0
[QUEUE_STATS] t_ms=4640 q_pkts=460 q_bytes=691840 qdelay_l_ms=0.627961 qdelay_c_ms=245.142 ecn_mark=305 drop=0
[QUEUE_STATS] t_ms=4656 q_pkts=459 q_bytes=690336 qdelay_l_ms=1.00058 qdelay_c_ms=241.91 ecn_mark=308 drop=0
[QUEUE_STATS] t_ms=4672 q_pkts=460 q_bytes=691840 qdelay_l_ms=1.08466 qdelay_c_ms=244.221 ecn_mark=308 drop=0
[QUEUE_STATS] t_ms=4688 q_pkts=464 q_bytes=697856 qdelay_l_ms=1.09048 qdelay_c_ms=247.29 ecn_mark=311 drop=0
[QUEUE_STATS] t_ms=4704 q_pkts=465 q_bytes=699360 qdelay_l_ms=0.79275 qdelay_c_ms=244.828 ecn_mark=312 drop=0
[QUEUE_STATS] t_ms=4720 q_pkts=465 q_bytes=699360 qdelay_l_ms=1.07285 qdelay_c_ms=248.03 ecn_mark=314 drop=0
[QUEUE_STATS] t_ms=4736 q_pkts=467 q_bytes=702368 qdelay_l_ms=1.07401 qdelay_c_ms=249.054 ecn_mark=314 drop=0
[QUEUE_STATS] t_ms=4752 q_pkts=469 q_bytes=705376 qdelay_l_ms=0.583627 qdelay_c_ms=248.885 ecn_mark=315 drop=0
[QUEUE_STATS] t_ms=4768 q_pkts=469 q_bytes=705376 qdelay_l_ms=1.0848 qdelay_c_ms=251.123 ecn_mark=319 drop=0
[QUEUE_STATS] t_ms=4784 q_pkts=473 q_bytes=711392 qdelay_l_ms=1.07665 qdelay_c_ms=251.903 ecn_mark=321 drop=0
[QUEUE_STATS] t_ms=4800 q_pkts=472 q_bytes=709888 qdelay_l_ms=1.08239 qdelay_c_ms=250.934 ecn_mark=324 drop=0
[QUEUE_STATS] t_ms=4816 q_pkts=475 q_bytes=714400 qdelay_l_ms=1.08748 qdelay_c_ms=253.949 ecn_mark=324 drop=0
[QUEUE_STATS] t_ms=4832 q_pkts=477 q_bytes=717408 qdelay_l_ms=1.08709 qdelay_c_ms=252.929 ecn_mark=326 drop=0
[QUEUE_STATS] t_ms=4848 q_pkts=476 q_bytes=715904 qdelay_l_ms=0.70781 qdelay_c_ms=252.81 ecn_mark=328 drop=0
[QUEUE_STATS] t_ms=4864 q_pkts=478 q_bytes=718912 qdelay_l_ms=0.795095 qdelay_c_ms=256.94 ecn_mark=329 drop=0
[QUEUE_STATS] t_ms=4880 q_pkts=479 q_bytes=720416 qdelay_l_ms=1.08928 qdelay_c_ms=255.971 ecn_mark=331 drop=0
[QUEUE_STATS] t_ms=4896 q_pkts=480 q_bytes=721920 qdelay_l_ms=1.0792 qdelay_c_ms=256.793 ecn_mark=332 drop=0
[QUEUE_STATS] t_ms=4912 q_pkts=483 q_bytes=726432 qdelay_l_ms=1.04279 qdelay_c_ms=259.289 ecn_mark=333 drop=0
[QUEUE_STATS] t_ms=4928 q_pkts=484 q_bytes=727936 qdelay_l_ms=0.798441 qdelay_c_ms=258.381 ecn_mark=333 drop=0
[QUEUE_STATS] t_ms=4944 q_pkts=481 q_bytes=723424 qdelay_l_ms=0.856379 qdelay_c_ms=257.675 ecn_mark=334 drop=0
[QUEUE_STATS] t_ms=4960 q_pkts=486 q_bytes=730944 qdelay_l_ms=0 qdelay_c_ms=261.053 ecn_mark=337 drop=0
[QUEUE_STATS] t_ms=4976 q_pkts=487 q_bytes=732448 qdelay_l_ms=0.851009 qdelay_c_ms=259.853 ecn_mark=339 drop=0
[QUEUE_STATS] t_ms=4992 q_pkts=487 q_bytes=732448 qdelay_l_ms=0.944735 qdelay_c_ms=259.802 ecn_mark=340 drop=0
[QUEUE_STATS] t_ms=5008 q_pkts=489 q_bytes=735456 qdelay_l_ms=0.629643 qdelay_c_ms=258.949 ecn_mark=341 drop=0
[QUEUE_STATS] t_ms=5024 q_pkts=494 q_bytes=742976 qdelay_l_ms=1.07035 qdelay_c_ms=260.97 ecn_mark=343 drop=0
[QUEUE_STATS] t_ms=5040 q_pkts=491 q_bytes=738464 qdelay_l_ms=1.078 qdelay_c_ms=260.939 ecn_mark=343 drop=0
[QUEUE_STATS] t_ms=5056 q_pkts=492 q_bytes=739968 qdelay_l_ms=1.08336 qdelay_c_ms=260.949 ecn_mark=345 drop=0
[QUEUE_STATS] t_ms=5072 q_pkts=495 q_bytes=744480 qdelay_l_ms=0.852372 qdelay_c_ms=261.923 ecn_mark=345 drop=0
[QUEUE_STATS] t_ms=5088 q_pkts=494 q_bytes=742976 qdelay_l_ms=0.998818 qdelay_c_ms=262.038 ecn_mark=347 drop=0
[QUEUE_STATS] t_ms=5104 q_pkts=497 q_bytes=747488 qdelay_l_ms=0.870415 qdelay_c_ms=262.047 ecn_mark=348 drop=0
[QUEUE_STATS] t_ms=5120 q_pkts=501 q_bytes=753504 qdelay_l_ms=1.08824 qdelay_c_ms=263.186 ecn_mark=348 drop=0
[QUEUE_STATS] t_ms=5136 q_pkts=500 q_bytes=752000 qdelay_l_ms=1.06841 qdelay_c_ms=265.04 ecn_mark=350 drop=0
[QUEUE_STATS] t_ms=5152 q_pkts=502 q_bytes=755008 qdelay_l_ms=1.02058 qdelay_c_ms=264.994 ecn_mark=350 drop=0
[QUEUE_STATS] t_ms=5168 q_pkts=505 q_bytes=759520 qdelay_l_ms=1.09764 qdelay_c_ms=265.084 ecn_mark=351 drop=0
[QUEUE_STATS] t_ms=5184 q_pkts=505 q_bytes=759520 qdelay_l_ms=1.10111 qdelay_c_ms=264.383 ecn_mark=353 drop=0
[QUEUE_STATS] t_ms=5200 q_pkts=505 q_bytes=759520 qdelay_l_ms=1.06516 qdelay_c_ms=267.193 ecn_mark=354 drop=0
[QUEUE_STATS] t_ms=5216 q_pkts=507 q_bytes=762528 qdelay_l_ms=1.071 qdelay_c_ms=264.981 ecn_mark=357 drop=0
[QUEUE_STATS] t_ms=5232 q_pkts=509 q_bytes=765536 qdelay_l_ms=1.07024 qdelay_c_ms=266.998 ecn_mark=359 drop=0
[QUEUE_STATS] t_ms=5248 q_pkts=510 q_bytes=767040 qdelay_l_ms=1.0278 qdelay_c_ms=268.338 ecn_mark=360 drop=0
[QUEUE_STATS] t_ms=5264 q_pkts=512 q_bytes=770048 qdelay_l_ms=1.1181 qdelay_c_ms=265.889 ecn_mark=362 drop=0
[QUEUE_STATS] t_ms=5280 q_pkts=513 q_bytes=771552 qdelay_l_ms=1.06772 qdelay_c_ms=267.949 ecn_mark=363 drop=0
[QUEUE_STATS] t_ms=5296 q_pkts=513 q_bytes=771552 qdelay_l_ms=1.08026 qdelay_c_ms=270.155 ecn_mark=363 drop=0
[QUEUE_STATS] t_ms=5312 q_pkts=515 q_bytes=774560 qdelay_l_ms=1.07267 qdelay_c_ms=269.065 ecn_mark=366 drop=0
[QUEUE_STATS] t_ms=5328 q_pkts=516 q_bytes=776064 qdelay_l_ms=0.669989 qdelay_c_ms=268.962 ecn_mark=367 drop=0
[QUEUE_STATS] t_ms=5344 q_pkts=519 q_bytes=780576 qdelay_l_ms=0.801958 qdelay_c_ms=270.787 ecn_mark=369 drop=0
[QUEUE_STATS] t_ms=5360 q_pkts=519 q_bytes=780576 qdelay_l_ms=0.913197 qdelay_c_ms=269.881 ecn_mark=371 drop=0
[QUEUE_STATS] t_ms=5376 q_pkts=518 q_bytes=779072 qdelay_l_ms=0.826914 qdelay_c_ms=270.062 ecn_mark=374 drop=0
[QUEUE_STATS] t_ms=5392 q_pkts=521 q_bytes=783584 qdelay_l_ms=0.811144 qdelay_c_ms=268.935 ecn_mark=375 drop=0
[QUEUE_STATS] t_ms=5408 q_pkts=523 q_bytes=786592 qdelay_l_ms=1.09598 qdelay_c_ms=269.809 ecn_mark=376 drop=0
[QUEUE_STATS] t_ms=5424 q_pkts=522 q_bytes=785088 qdelay_l_ms=0.974361 qdelay_c_ms=271.144 ecn_mark=377 drop=0
[QUEUE_STATS] t_ms=5440 q_pkts=524 q_bytes=788096 qdelay_l_ms=1.09232 qdelay_c_ms=268.196 ecn_mark=378 drop=0
[QUEUE_STATS] t_ms=5456 q_pkts=526 q_bytes=791104 qdelay_l_ms=1.07074 qdelay_c_ms=269.667 ecn_mark=379 drop=0
[QUEUE_STATS] t_ms=5472 q_pkts=528 q_bytes=794112 qdelay_l_ms=1.09978 qdelay_c_ms=270.722 ecn_mark=381 drop=0
[QUEUE_STATS] t_ms=5488 q_pkts=528 q_bytes=794112 qdelay_l_ms=1.08385 qdelay_c_ms=269.948 ecn_mark=384 drop=0
[QUEUE_STATS] t_ms=5504 q_pkts=532 q_bytes=800128 qdelay_l_ms=0.651123 qdelay_c_ms=271.158 ecn_mark=385 drop=0
[QUEUE_STATS] t_ms=5520 q_pkts=532 q_bytes=800128 qdelay_l_ms=1.09924 qdelay_c_ms=271.823 ecn_mark=386 drop=0
[QUEUE_STATS] t_ms=5536 q_pkts=532 q_bytes=800128 qdelay_l_ms=1.09087 qdelay_c_ms=270.156 ecn_mark=387 drop=0
[QUEUE_STATS] t_ms=5552 q_pkts=533 q_bytes=801632 qdelay_l_ms=1.07543 qdelay_c_ms=271.076 ecn_mark=390 drop=0
[QUEUE_STATS] t_ms=5568 q_pkts=538 q_bytes=809152 qdelay_l_ms=1.08388 qdelay_c_ms=270.211 ecn_mark=390 drop=0
[QUEUE_STATS] t_ms=5584 q_pkts=535 q_bytes=804640 qdelay_l_ms=0.825551 qdelay_c_ms=268.919 ecn_mark=392 drop=0
[QUEUE_STATS] t_ms=5600 q_pkts=538 q_bytes=809152 qdelay_l_ms=1.06256 qdelay_c_ms=270.022 ecn_mark=395 drop=0
[QUEUE_STATS] t_ms=5616 q_pkts=540 q_bytes=812160 qdelay_l_ms=1.09407 qdelay_c_ms=270.058 ecn_mark=397 drop=0
[QUEUE_STATS] t_ms=5632 q_pkts=540 q_bytes=812160 qdelay_l_ms=1.09095 qdelay_c_ms=269.06 ecn_mark=397 drop=0
[QUEUE_STATS] t_ms=5648 q_pkts=544 q_bytes=818176 qdelay_l_ms=0.687662 qdelay_c_ms=269.219 ecn_mark=397 drop=0
[QUEUE_STATS] t_ms=5664 q_pkts=546 q_bytes=821184 qdelay_l_ms=1.11436 qdelay_c_ms=271.177 ecn_mark=398 drop=0
[QUEUE_STATS] t_ms=5680 q_pkts=546 q_bytes=821184 qdelay_l_ms=1.07333 qdelay_c_ms=269.877 ecn_mark=399 drop=0
[QUEUE_STATS] t_ms=5696 q_pkts=545 q_bytes=819680 qdelay_l_ms=0.767923 qdelay_c_ms=268.962 ecn_mark=403 drop=0
[QUEUE_STATS] t_ms=5712 q_pkts=548 q_bytes=824192 qdelay_l_ms=1.06825 qdelay_c_ms=270.901 ecn_mark=404 drop=0
[QUEUE_STATS] t_ms=5728 q_pkts=549 q_bytes=825696 qdelay_l_ms=1.09717 qdelay_c_ms=269.745 ecn_mark=404 drop=0
[QUEUE_STATS] t_ms=5744 q_pkts=551 q_bytes=828704 qdelay_l_ms=0.865788 qdelay_c_ms=269.997 ecn_mark=407 drop=0
[QUEUE_STATS] t_ms=5760 q_pkts=552 q_bytes=830208 qdelay_l_ms=1.07025 qdelay_c_ms=271.998 ecn_mark=410 drop=0
[QUEUE_STATS] t_ms=5776 q_pkts=553 q_bytes=831712 qdelay_l_ms=0.671472 qdelay_c_ms=271.869 ecn_mark=412 drop=0
[QUEUE_STATS] t_ms=5792 q_pkts=556 q_bytes=836224 qdelay_l_ms=0.865988 qdelay_c_ms=271.848 ecn_mark=413 drop=0
[QUEUE_STATS] t_ms=5808 q_pkts=555 q_bytes=834720 qdelay_l_ms=0.834328 qdelay_c_ms=270.812 ecn_mark=415 drop=0
[QUEUE_STATS] t_ms=5824 q_pkts=558 q_bytes=839232 qdelay_l_ms=1.07311 qdelay_c_ms=271.249 ecn_mark=420 drop=0
[QUEUE_STATS] t_ms=5840 q_pkts=562 q_bytes=845248 qdelay_l_ms=1.09702 qdelay_c_ms=272.918 ecn_mark=422 drop=0
[QUEUE_STATS] t_ms=5856 q_pkts=561 q_bytes=843744 qdelay_l_ms=1.10324 qdelay_c_ms=272.137 ecn_mark=422 drop=0
[QUEUE_STATS] t_ms=5872 q_pkts=562 q_bytes=845248 qdelay_l_ms=0.871859 qdelay_c_ms=271.721 ecn_mark=424 drop=0
[QUEUE_STATS] t_ms=5888 q_pkts=565 q_bytes=849760 qdelay_l_ms=1.11041 qdelay_c_ms=272.042 ecn_mark=427 drop=0
[QUEUE_STATS] t_ms=5904 q_pkts=564 q_bytes=848256 qdelay_l_ms=1.06849 qdelay_c_ms=274.152 ecn_mark=429 drop=0
[QUEUE_STATS] t_ms=5920 q_pkts=567 q_bytes=852768 qdelay_l_ms=1.07316 qdelay_c_ms=272.084 ecn_mark=430 drop=0
[QUEUE_STATS] t_ms=5936 q_pkts=570 q_bytes=857280 qdelay_l_ms=0.866137 qdelay_c_ms=272.953 ecn_mark=431 drop=0
[QUEUE_STATS] t_ms=5952 q_pkts=569 q_bytes=855776 qdelay_l_ms=0.888641 qdelay_c_ms=273.02 ecn_mark=432 drop=0
[QUEUE_STATS] t_ms=5968 q_pkts=570 q_bytes=857280 qdelay_l_ms=1.09592 qdelay_c_ms=270.856 ecn_mark=435 drop=0
[QUEUE_STATS] t_ms=5984 q_pkts=572 q_bytes=860288 qdelay_l_ms=1.08532 qdelay_c_ms=275.122 ecn_mark=439 drop=0
[QUEUE_STATS] t_ms=6000 q_pkts=571 q_bytes=858784 qdelay_l_ms=0.896675 qdelay_c_ms=270.797 ecn_mark=441 drop=0
[QUEUE_STATS] t_ms=6016 q_pkts=574 q_bytes=863296 qdelay_l_ms=0.702461 qdelay_c_ms=272.794 ecn_mark=443 drop=0
[QUEUE_STATS] t_ms=6032 q_pkts=576 q_bytes=866304 qdelay_l_ms=1.07023 qdelay_c_ms=275.071 ecn_mark=446 drop=0
[QUEUE_STATS] t_ms=6048 q_pkts=576 q_bytes=866304 qdelay_l_ms=0.953763 qdelay_c_ms=271.093 ecn_mark=448 drop=0
[QUEUE_STATS] t_ms=6064 q_pkts=577 q_bytes=867808 qdelay_l_ms=1.10534 qdelay_c_ms=272.024 ecn_mark=450 drop=0
[QUEUE_STATS] t_ms=6080 q_pkts=582 q_bytes=875328 qdelay_l_ms=0.939656 qdelay_c_ms=273.2 ecn_mark=455 drop=0
[QUEUE_STATS] t_ms=6096 q_pkts=580 q_bytes=872320 qdelay_l_ms=1.09173 qdelay_c_ms=268.843 ecn_mark=457 drop=0
[QUEUE_STATS] t_ms=6112 q_pkts=581 q_bytes=873824 qdelay_l_ms=1.06401 qdelay_c_ms=273.295 ecn_mark=459 drop=0
[QUEUE_STATS] t_ms=6128 q_pkts=586 q_bytes=881344 qdelay_l_ms=0 qdelay_c_ms=272.989 ecn_mark=461 drop=0
[QUEUE_STATS] t_ms=6144 q_pkts=584 q_bytes=878336 qdelay_l_ms=0.926331 qdelay_c_ms=269.103 ecn_mark=462 drop=0
[QUEUE_STATS] t_ms=6160 q_pkts=583 q_bytes=876832 qdelay_l_ms=0.717699 qdelay_c_ms=270.649 ecn_mark=465 drop=0
[QUEUE_STATS] t_ms=6176 q_pkts=590 q_bytes=887360 qdelay_l_ms=0.693824 qdelay_c_ms=269.922 ecn_mark=465 drop=0
[QUEUE_STATS] t_ms=6192 q_pkts=590 q_bytes=887360 qdelay_l_ms=0.94709 qdelay_c_ms=268.856 ecn_mark=466 drop=0
[QUEUE_STATS] t_ms=6208 q_pkts=589 q_bytes=885856 qdelay_l_ms=0.910821 qdelay_c_ms=268.857 ecn_mark=469 drop=0
[QUEUE_STATS] t_ms=6224 q_pkts=594 q_bytes=893376 qdelay_l_ms=1.01225 qdelay_c_ms=270.043 ecn_mark=472 drop=0
[QUEUE_STATS] t_ms=6240 q_pkts=592 q_bytes=890368 qdelay_l_ms=0.938213 qdelay_c_ms=267.725 ecn_mark=473 drop=0
[QUEUE_STATS] t_ms=6256 q_pkts=592 q_bytes=890368 qdelay_l_ms=1.06722 qdelay_c_ms=267.285 ecn_mark=475 drop=0
[QUEUE_STATS] t_ms=6272 q_pkts=598 q_bytes=899392 qdelay_l_ms=1.04763 qdelay_c_ms=270.296 ecn_mark=478 drop=0
[QUEUE_STATS] t_ms=6288 q_pkts=598 q_bytes=899392 qdelay_l_ms=1.01091 qdelay_c_ms=266.98 ecn_mark=480 drop=0
[QUEUE_STATS] t_ms=6304 q_pkts=597 q_bytes=897888 qdelay_l_ms=1.11238 qdelay_c_ms=266.417 ecn_mark=486 drop=0
[QUEUE_STATS] t_ms=6320 q_pkts=601 q_bytes=903904 qdelay_l_ms=1.07283 qdelay_c_ms=267.158 ecn_mark=491 drop=0
[QUEUE_STATS] t_ms=6336 q_pkts=602 q_bytes=905408 qdelay_l_ms=0 qdelay_c_ms=264.962 ecn_mark=493 drop=0
[QUEUE_STATS] t_ms=6352 q_pkts=602 q_bytes=905408 qdelay_l_ms=1.09819 qdelay_c_ms=264.856 ecn_mark=496 drop=0
[QUEUE_STATS] t_ms=6368 q_pkts=605 q_bytes=909920 qdelay_l_ms=1.10303 qdelay_c_ms=265.316 ecn_mark=499 drop=0
[QUEUE_STATS] t_ms=6384 q_pkts=605 q_bytes=909920 qdelay_l_ms=1.00087 qdelay_c_ms=262.1 ecn_mark=502 drop=0
[QUEUE_STATS] t_ms=6400 q_pkts=604 q_bytes=908416 qdelay_l_ms=1.00002 qdelay_c_ms=265.048 ecn_mark=503 drop=0
[QUEUE_STATS] t_ms=6416 q_pkts=608 q_bytes=914432 qdelay_l_ms=1.02015 qdelay_c_ms=264.97 ecn_mark=505 drop=0
[QUEUE_STATS] t_ms=6432 q_pkts=609 q_bytes=915936 qdelay_l_ms=1.02302 qdelay_c_ms=262.398 ecn_mark=507 drop=0
[QUEUE_STATS] t_ms=6448 q_pkts=609 q_bytes=915936 qdelay_l_ms=1.08107 qdelay_c_ms=263.323 ecn_mark=509 drop=0
[QUEUE_STATS] t_ms=6464 q_pkts=613 q_bytes=921952 qdelay_l_ms=1.03317 qdelay_c_ms=263.248 ecn_mark=512 drop=0
[QUEUE_STATS] t_ms=6480 q_pkts=611 q_bytes=918944 qdelay_l_ms=1.03355 qdelay_c_ms=259.189 ecn_mark=512 drop=0
[QUEUE_STATS] t_ms=6497 q_pkts=614 q_bytes=923456 qdelay_l_ms=1.08241 qdelay_c_ms=261.444 ecn_mark=512 drop=0
[QUEUE_STATS] t_ms=6512 q_pkts=620 q_bytes=932480 qdelay_l_ms=1.00298 qdelay_c_ms=260.208 ecn_mark=514 drop=0
[QUEUE_STATS] t_ms=6528 q_pkts=619 q_bytes=930976 qdelay_l_ms=1.11045 qdelay_c_ms=258.102 ecn_mark=518 drop=0
[QUEUE_STATS] t_ms=6544 q_pkts=619 q_bytes=930976 qdelay_l_ms=1.05343 qdelay_c_ms=260.125 ecn_mark=518 drop=0
[QUEUE_STATS] t_ms=6560 q_pkts=623 q_bytes=936992 qdelay_l_ms=1.03667 qdelay_c_ms=257.848 ecn_mark=521 drop=0
[QUEUE_STATS] t_ms=6576 q_pkts=621 q_bytes=933984 qdelay_l_ms=0.857201 qdelay_c_ms=257.167 ecn_mark=522 drop=0
[QUEUE_STATS] t_ms=6592 q_pkts=623 q_bytes=936992 qdelay_l_ms=1.04908 qdelay_c_ms=258.298 ecn_mark=524 drop=0
[QUEUE_STATS] t_ms=6608 q_pkts=626 q_bytes=941504 qdelay_l_ms=1.06785 qdelay_c_ms=254.982 ecn_mark=524 drop=0
[QUEUE_STATS] t_ms=6624 q_pkts=624 q_bytes=938496 qdelay_l_ms=1.07015 qdelay_c_ms=255.67 ecn_mark=527 drop=0
[QUEUE_STATS] t_ms=6640 q_pkts=630 q_bytes=947520 qdelay_l_ms=1.09719 qdelay_c_ms=256.643 ecn_mark=530 drop=0
[QUEUE_STATS] t_ms=6656 q_pkts=631 q_bytes=949024 qdelay_l_ms=1.0444 qdelay_c_ms=253.699 ecn_mark=534 drop=0
[QUEUE_STATS] t_ms=6672 q_pkts=632 q_bytes=950528 qdelay_l_ms=1.05981 qdelay_c_ms=252.796 ecn_mark=537 drop=0
[QUEUE_STATS] t_ms=6688 q_pkts=636 q_bytes=956544 qdelay_l_ms=0.55859 qdelay_c_ms=255.525 ecn_mark=537 drop=0
[QUEUE_STATS] t_ms=6704 q_pkts=635 q_bytes=955040 qdelay_l_ms=1.09287 qdelay_c_ms=252.775 ecn_mark=537 drop=0
[QUEUE_STATS] t_ms=6720 q_pkts=634 q_bytes=953536 qdelay_l_ms=1.09367 qdelay_c_ms=253.218 ecn_mark=537 drop=0
[QUEUE_STATS] t_ms=6736 q_pkts=639 q_bytes=961056 qdelay_l_ms=1.01827 qdelay_c_ms=254.79 ecn_mark=540 drop=0
[QUEUE_STATS] t_ms=6752 q_pkts=643 q_bytes=967072 qdelay_l_ms=1.06505 qdelay_c_ms=253.295 ecn_mark=541 drop=0
[QUEUE_STATS] t_ms=6768 q_pkts=641 q_bytes=964064 qdelay_l_ms=1.09382 qdelay_c_ms=254.969 ecn_mark=543 drop=0
[QUEUE_STATS] t_ms=6784 q_pkts=643 q_bytes=967072 qdelay_l_ms=1.11091 qdelay_c_ms=254.764 ecn_mark=546 drop=0
[QUEUE_STATS] t_ms=6800 q_pkts=645 q_bytes=970080 qdelay_l_ms=0.945878 qdelay_c_ms=252.855 ecn_mark=546 drop=0
[QUEUE_STATS] t_ms=6816 q_pkts=648 q_bytes=974592 qdelay_l_ms=1.12 qdelay_c_ms=255.053 ecn_mark=547 drop=0
[QUEUE_STATS] t_ms=6832 q_pkts=647 q_bytes=973088 qdelay_l_ms=1.06137 qdelay_c_ms=253.925 ecn_mark=549 drop=0
[QUEUE_STATS] t_ms=6848 q_pkts=652 q_bytes=980608 qdelay_l_ms=1.08623 qdelay_c_ms=252.9 ecn_mark=551 drop=0
[QUEUE_STATS] t_ms=6864 q_pkts=653 q_bytes=982112 qdelay_l_ms=1.09174 qdelay_c_ms=254.026 ecn_mark=552 drop=0
[QUEUE_STATS] t_ms=6880 q_pkts=652 q_bytes=980608 qdelay_l_ms=1.0618 qdelay_c_ms=252.739 ecn_mark=553 drop=0
[QUEUE_STATS] t_ms=6896 q_pkts=650 q_bytes=977600 qdelay_l_ms=1.07302 qdelay_c_ms=254.355 ecn_mark=554 drop=0
[QUEUE_STATS] t_ms=6912 q_pkts=639 q_bytes=961056 qdelay_l_ms=1.07281 qdelay_c_ms=255.007 ecn_mark=558 drop=0
[QUEUE_STATS] t_ms=6928 q_pkts=623 q_bytes=936992 qdelay_l_ms=1.06187 qdelay_c_ms=252.142 ecn_mark=560 drop=0
[QUEUE_STATS] t_ms=6944 q_pkts=612 q_bytes=920448 qdelay_l_ms=1.06065 qdelay_c_ms=255.527 ecn_mark=561 drop=0
[QUEUE_STATS] t_ms=6960 q_pkts=602 q_bytes=905408 qdelay_l_ms=1.0775 qdelay_c_ms=254.121 ecn_mark=564 drop=0
[QUEUE_STATS] t_ms=6976 q_pkts=586 q_bytes=881344 qdelay_l_ms=0.81404 qdelay_c_ms=252.56 ecn_mark=566 drop=0
[QUEUE_STATS] t_ms=6992 q_pkts=574 q_bytes=863296 qdelay_l_ms=1.06377 qdelay_c_ms=253.693 ecn_mark=569 drop=0
[QUEUE_STATS] t_ms=7008 q_pkts=563 q_bytes=846752 qdelay_l_ms=1.06385 qdelay_c_ms=255.204 ecn_mark=570 drop=0
[QUEUE_STATS] t_ms=7024 q_pkts=548 q_bytes=824192 qdelay_l_ms=1.06126 qdelay_c_ms=252.526 ecn_mark=573 drop=0
[QUEUE_STATS] t_ms=7040 q_pkts=536 q_bytes=806144 qdelay_l_ms=0.82453 qdelay_c_ms=252.572 ecn_mark=573 drop=0
[QUEUE_STATS] t_ms=7056 q_pkts=523 q_bytes=786592 qdelay_l_ms=0 qdelay_c_ms=252.695 ecn_mark=575 drop=0
[QUEUE_STATS] t_ms=7072 q_pkts=509 q_bytes=765536 qdelay_l_ms=0.812337 qdelay_c_ms=251.755 ecn_mark=578 drop=0
[QUEUE_STATS] t_ms=7088 q_pkts=498 q_bytes=748992 qdelay_l_ms=1.07097 qdelay_c_ms=252.74 ecn_mark=580 drop=0
[QUEUE_STATS] t_ms=7104 q_pkts=484 q_bytes=727936 qdelay_l_ms=0.900142 qdelay_c_ms=251.614 ecn_mark=581 drop=0
[QUEUE_STATS] t_ms=7120 q_pkts=471 q_bytes=708384 qdelay_l_ms=1.05812 qdelay_c_ms=253.046 ecn_mark=581 drop=0
[QUEUE_STATS] t_ms=7136 q_pkts=459 q_bytes=690336 qdelay_l_ms=1.06192 qdelay_c_ms=253.175 ecn_mark=581 drop=0
[QUEUE_STATS] t_ms=7152 q_pkts=448 q_bytes=673792 qdelay_l_ms=1.08559 qdelay_c_ms=246.984 ecn_mark=584 drop=0
[QUEUE_STATS] t_ms=7168 q_pkts=433 q_bytes=651232 qdelay_l_ms=1.07259 qdelay_c_ms=239.35 ecn_mark=586 drop=0
[QUEUE_STATS] t_ms=7184 q_pkts=423 q_bytes=636192 qdelay_l_ms=1.12039 qdelay_c_ms=230.859 ecn_mark=586 drop=0
[QUEUE_STATS] t_ms=7200 q_pkts=422 q_bytes=634688 qdelay_l_ms=0 qdelay_c_ms=224.077 ecn_mark=588 drop=0
[QUEUE_STATS] t_ms=7216 q_pkts=422 q_bytes=634688 qdelay_l_ms=1.06192 qdelay_c_ms=215.917 ecn_mark=588 drop=0
[QUEUE_STATS] t_ms=7232 q_pkts=425 q_bytes=639200 qdelay_l_ms=1.06101 qdelay_c_ms=209.216 ecn_mark=594 drop=0
[QUEUE_STATS] t_ms=7248 q_pkts=422 q_bytes=634688 qdelay_l_ms=1.08945 qdelay_c_ms=198.92 ecn_mark=595 drop=0
[QUEUE_STATS] t_ms=7264 q_pkts=420 q_bytes=631680 qdelay_l_ms=0.939636 qdelay_c_ms=192.977 ecn_mark=597 drop=0
[QUEUE_STATS] t_ms=7280 q_pkts=408 q_bytes=613632 qdelay_l_ms=0.81398 qdelay_c_ms=185.819 ecn_mark=601 drop=0
[QUEUE_STATS] t_ms=7296 q_pkts=393 q_bytes=591072 qdelay_l_ms=0.794794 qdelay_c_ms=177.796 ecn_mark=602 drop=0
[QUEUE_STATS] t_ms=7312 q_pkts=378 q_bytes=568512 qdelay_l_ms=0.745531 qdelay_c_ms=170.643 ecn_mark=603 drop=0
[QUEUE_STATS] t_ms=7328 q_pkts=367 q_bytes=551968 qdelay_l_ms=1.04663 qdelay_c_ms=163.897 ecn_mark=603 drop=0
[QUEUE_STATS] t_ms=7344 q_pkts=352 q_bytes=529408 qdelay_l_ms=1.09251 qdelay_c_ms=156.814 ecn_mark=605 drop=0
[QUEUE_STATS] t_ms=7360 q_pkts=339 q_bytes=509856 qdelay_l_ms=1.09013 qdelay_c_ms=155.876 ecn_mark=608 drop=0
[QUEUE_STATS] t_ms=7376 q_pkts=329 q_bytes=494816 qdelay_l_ms=0.364304 qdelay_c_ms=156.459 ecn_mark=609 drop=0
[QUEUE_STATS] t_ms=7392 q_pkts=313 q_bytes=470752 qdelay_l_ms=1.09206 qdelay_c_ms=155.321 ecn_mark=610 drop=0
[QUEUE_STATS] t_ms=7408 q_pkts=299 q_bytes=449696 qdelay_l_ms=1.05123 qdelay_c_ms=154.938 ecn_mark=615 drop=0
[QUEUE_STATS] t_ms=7424 q_pkts=287 q_bytes=431648 qdelay_l_ms=1.08098 qdelay_c_ms=151.914 ecn_mark=616 drop=0
[QUEUE_STATS] t_ms=7440 q_pkts=271 q_bytes=407584 qdelay_l_ms=0.879534 qdelay_c_ms=143.024 ecn_mark=619 drop=0
[QUEUE_STATS] t_ms=7456 q_pkts=258 q_bytes=388032 qdelay_l_ms=1.04942 qdelay_c_ms=135.44 ecn_mark=621 drop=0
[QUEUE_STATS] t_ms=7472 q_pkts=259 q_bytes=389536 qdelay_l_ms=1.05644 qdelay_c_ms=130.361 ecn_mark=622 drop=0
[QUEUE_STATS] t_ms=7488 q_pkts=257 q_bytes=386528 qdelay_l_ms=0.894822 qdelay_c_ms=118.71 ecn_mark=623 drop=0
[QUEUE_STATS] t_ms=7504 q_pkts=259 q_bytes=389536 qdelay_l_ms=1.07486 qdelay_c_ms=113.216 ecn_mark=624 drop=0
[QUEUE_STATS] t_ms=7520 q_pkts=261 q_bytes=392544 qdelay_l_ms=0 qdelay_c_ms=106.028 ecn_mark=625 drop=0
[QUEUE_STATS] t_ms=7536 q_pkts=259 q_bytes=389536 qdelay_l_ms=0.698954 qdelay_c_ms=96.7551 ecn_mark=625 drop=0
[QUEUE_STATS] t_ms=7552 q_pkts=255 q_bytes=383520 qdelay_l_ms=1.08802 qdelay_c_ms=92.1005 ecn_mark=628 drop=0
[QUEUE_STATS] t_ms=7568 q_pkts=244 q_bytes=366976 qdelay_l_ms=1.04875 qdelay_c_ms=93.3179 ecn_mark=630 drop=0
[QUEUE_STATS] t_ms=7584 q_pkts=228 q_bytes=342912 qdelay_l_ms=1.08969 qdelay_c_ms=90.9531 ecn_mark=630 drop=0
[QUEUE_STATS] t_ms=7600 q_pkts=215 q_bytes=323360 qdelay_l_ms=1.03948 qdelay_c_ms=91.0146 ecn_mark=631 drop=0
[QUEUE_STATS] t_ms=7616 q_pkts=203 q_bytes=305312 qdelay_l_ms=1.06984 qdelay_c_ms=93.0577 ecn_mark=633 drop=0
[QUEUE_STATS] t_ms=7632 q_pkts=187 q_bytes=281248 qdelay_l_ms=1.01649 qdelay_c_ms=92.0422 ecn_mark=633 drop=0
[QUEUE_STATS] t_ms=7648 q_pkts=172 q_bytes=258688 qdelay_l_ms=0.71285 qdelay_c_ms=86.6486 ecn_mark=635 drop=0
[QUEUE_STATS] t_ms=7664 q_pkts=161 q_bytes=242144 qdelay_l_ms=1.06153 qdelay_c_ms=82.007 ecn_mark=638 drop=0
[QUEUE_STATS] t_ms=7680 q_pkts=144 q_bytes=216576 qdelay_l_ms=0.714272 qdelay_c_ms=72.6721 ecn_mark=640 drop=0
[QUEUE_STATS] t_ms=7696 q_pkts=144 q_bytes=216576 qdelay_l_ms=1.10209 qdelay_c_ms=65.0231 ecn_mark=641 drop=0
[QUEUE_STATS] t_ms=7712 q_pkts=146 q_bytes=219584 qdelay_l_ms=1.06156 qdelay_c_ms=58.9634 ecn_mark=646 drop=0
[QUEUE_STATS] t_ms=7728 q_pkts=135 q_bytes=203040 qdelay_l_ms=1.05434 qdelay_c_ms=52.1003 ecn_mark=647 drop=0
[QUEUE_STATS] t_ms=7744 q_pkts=119 q_bytes=178976 qdelay_l_ms=1.0635 qdelay_c_ms=50.2166 ecn_mark=649 drop=0
[QUEUE_STATS] t_ms=7760 q_pkts=108 q_bytes=162432 qdelay_l_ms=1.05095 qdelay_c_ms=50.3488 ecn_mark=650 drop=0
[QUEUE_STATS] t_ms=7776 q_pkts=94 q_bytes=141376 qdelay_l_ms=0.772572 qdelay_c_ms=45.872 ecn_mark=650 drop=0
[QUEUE_STATS] t_ms=7792 q_pkts=77 q_bytes=115808 qdelay_l_ms=1.03678 qdelay_c_ms=37.784 ecn_mark=652 drop=0
[QUEUE_STATS] t_ms=7808 q_pkts=64 q_bytes=96256 qdelay_l_ms=1.07616 qdelay_c_ms=31.2111 ecn_mark=653 drop=0
[QUEUE_STATS] t_ms=7824 q_pkts=64 q_bytes=96256 qdelay_l_ms=1.06545 qdelay_c_ms=24.0203 ecn_mark=654 drop=0
[QUEUE_STATS] t_ms=7840 q_pkts=64 q_bytes=96256 qdelay_l_ms=1.07934 qdelay_c_ms=21.0357 ecn_mark=655 drop=0
[QUEUE_STATS] t_ms=7856 q_pkts=63 q_bytes=94752 qdelay_l_ms=1.07151 qdelay_c_ms=22.1503 ecn_mark=655 drop=0
[QUEUE_STATS] t_ms=7872 q_pkts=64 q_bytes=96256 qdelay_l_ms=0.761231 qdelay_c_ms=21.806 ecn_mark=655 drop=0
[QUEUE_STATS] t_ms=7888 q_pkts=64 q_bytes=96256 qdelay_l_ms=0.720695 qdelay_c_ms=22.0541 ecn_mark=656 drop=0
[QUEUE_STATS] t_ms=7904 q_pkts=65 q_bytes=97760 qdelay_l_ms=1.07011 qdelay_c_ms=23.2347 ecn_mark=657 drop=0
[QUEUE_STATS] t_ms=7920 q_pkts=67 q_bytes=100768 qdelay_l_ms=1.09509 qdelay_c_ms=21.6595 ecn_mark=657 drop=0
[QUEUE_STATS] t_ms=7936 q_pkts=66 q_bytes=99264 qdelay_l_ms=1.04154 qdelay_c_ms=22.3092 ecn_mark=660 drop=0
[QUEUE_STATS] t_ms=7952 q_pkts=67 q_bytes=100768 qdelay_l_ms=1.08642 qdelay_c_ms=23.1852 ecn_mark=660 drop=0
[QUEUE_STATS] t_ms=7968 q_pkts=66 q_bytes=99264 qdelay_l_ms=1.06173 qdelay_c_ms=21.6113 ecn_mark=660 drop=0
[QUEUE_STATS] t_ms=7984 q_pkts=67 q_bytes=100768 qdelay_l_ms=0.79788 qdelay_c_ms=21.8304 ecn_mark=660 drop=0
[QUEUE_STATS] t_ms=8001 q_pkts=66 q_bytes=99264 qdelay_l_ms=1.06265 qdelay_c_ms=23.4439 ecn_mark=662 drop=0
[QUEUE_STATS] t_ms=8016 q_pkts=68 q_bytes=102272 qdelay_l_ms=0.740602 qdelay_c_ms=22.6896 ecn_mark=663 drop=0
[QUEUE_STATS] t_ms=8032 q_pkts=68 q_bytes=102272 qdelay_l_ms=0.42038 qdelay_c_ms=22.6866 ecn_mark=664 drop=0
[QUEUE_STATS] t_ms=8048 q_pkts=68 q_bytes=102272 qdelay_l_ms=1.09251 qdelay_c_ms=25.3276 ecn_mark=668 drop=0
[QUEUE_STATS] t_ms=8064 q_pkts=68 q_bytes=102272 qdelay_l_ms=1.06086 qdelay_c_ms=23.5007 ecn_mark=669 drop=0
[QUEUE_STATS] t_ms=8080 q_pkts=69 q_bytes=103776 qdelay_l_ms=0.540215 qdelay_c_ms=22.6994 ecn_mark=674 drop=0
[QUEUE_STATS] t_ms=8096 q_pkts=68 q_bytes=102272 qdelay_l_ms=1.0629 qdelay_c_ms=22.6512 ecn_mark=675 drop=0
[QUEUE_STATS] t_ms=8112 q_pkts=69 q_bytes=103776 qdelay_l_ms=1.06874 qdelay_c_ms=22.9493 ecn_mark=678 drop=0
[QUEUE_STATS] t_ms=8128 q_pkts=69 q_bytes=103776 qdelay_l_ms=1.05836 qdelay_c_ms=22.7461 ecn_mark=678 drop=0
[QUEUE_STATS] t_ms=8144 q_pkts=69 q_bytes=103776 qdelay_l_ms=1.07759 qdelay_c_ms=22.6963 ecn_mark=680 drop=0
[QUEUE_STATS] t_ms=8160 q_pkts=68 q_bytes=102272 qdelay_l_ms=1.06058 qdelay_c_ms=23.5692 ecn_mark=680 drop=0
[QUEUE_STATS] t_ms=8176 q_pkts=67 q_bytes=100768 qdelay_l_ms=0 qdelay_c_ms=22.8777 ecn_mark=680 drop=0
[QUEUE_STATS] t_ms=8192 q_pkts=69 q_bytes=103776 qdelay_l_ms=0.794614 qdelay_c_ms=22.7446 ecn_mark=683 drop=0
[QUEUE_STATS] t_ms=8208 q_pkts=69 q_bytes=103776 qdelay_l_ms=0.48419 qdelay_c_ms=22.7781 ecn_mark=687 drop=0
[QUEUE_STATS] t_ms=8224 q_pkts=71 q_bytes=106784 qdelay_l_ms=1.06916 qdelay_c_ms=23.0139 ecn_mark=687 drop=0
[QUEUE_STATS] t_ms=8240 q_pkts=70 q_bytes=105280 qdelay_l_ms=1.0685 qdelay_c_ms=23.0889 ecn_mark=688 drop=0
[QUEUE_STATS] t_ms=8256 q_pkts=70 q_bytes=105280 qdelay_l_ms=1.08262 qdelay_c_ms=23.7911 ecn_mark=689 drop=0
[QUEUE_STATS] t_ms=8272 q_pkts=73 q_bytes=109792 qdelay_l_ms=0 qdelay_c_ms=22.5699 ecn_mark=691 drop=0
[QUEUE_STATS] t_ms=8288 q_pkts=70 q_bytes=105280 qdelay_l_ms=0.808028 qdelay_c_ms=22.8091 ecn_mark=691 drop=0
[QUEUE_STATS] t_ms=8304 q_pkts=64 q_bytes=96256 qdelay_l_ms=1.06431 qdelay_c_ms=22.9784 ecn_mark=691 drop=0
[QUEUE_STATS] t_ms=8320 q_pkts=50 q_bytes=75200 qdelay_l_ms=0.955095 qdelay_c_ms=21.536 ecn_mark=692 drop=0
[QUEUE_STATS] t_ms=8336 q_pkts=37 q_bytes=55648 qdelay_l_ms=0.804712 qdelay_c_ms=17.1428 ecn_mark=693 drop=0
[QUEUE_STATS] t_ms=8352 q_pkts=21 q_bytes=31584 qdelay_l_ms=1.05855 qdelay_c_ms=10.7086 ecn_mark=694 drop=0
[QUEUE_STATS] t_ms=8368 q_pkts=12 q_bytes=18048 qdelay_l_ms=1.056 qdelay_c_ms=2.98005 ecn_mark=696 drop=0
[QUEUE_STATS] t_ms=8384 q_pkts=11 q_bytes=16544 qdelay_l_ms=1.05138 qdelay_c_ms=3.7742 ecn_mark=698 drop=0
[QUEUE_STATS] t_ms=8400 q_pkts=11 q_bytes=16544 qdelay_l_ms=1.06108 qdelay_c_ms=3.86978 ecn_mark=699 drop=0
[QUEUE_STATS] t_ms=8416 q_pkts=11 q_bytes=16544 qdelay_l_ms=0.787911 qdelay_c_ms=4.0097 ecn_mark=703 drop=0
[QUEUE_STATS] t_ms=8432 q_pkts=14 q_bytes=21056 qdelay_l_ms=1.07697 qdelay_c_ms=3.2291 ecn_mark=703 drop=0
[QUEUE_STATS] t_ms=8448 q_pkts=13 q_bytes=19552 qdelay_l_ms=0 qdelay_c_ms=4.06041 ecn_mark=706 drop=0
[QUEUE_STATS] t_ms=8464 q_pkts=11 q_bytes=16544 qdelay_l_ms=1.07271 qdelay_c_ms=3.85441 ecn_mark=708 drop=0
[QUEUE_STATS] t_ms=8480 q_pkts=14 q_bytes=21056 qdelay_l_ms=0.818939 qdelay_c_ms=3.91144 ecn_mark=710 drop=0
[QUEUE_STATS] t_ms=8496 q_pkts=11 q_bytes=16544 qdelay_l_ms=1.08331 qdelay_c_ms=2.85277 ecn_mark=712 drop=0
[QUEUE_STATS] t_ms=8512 q_pkts=10 q_bytes=15040 qdelay_l_ms=1.06043 qdelay_c_ms=2.819 ecn_mark=713 drop=0
[QUEUE_STATS] t_ms=8528 q_pkts=14 q_bytes=21056 qdelay_l_ms=0.836733 qdelay_c_ms=3.78884 ecn_mark=715 drop=0
[QUEUE_STATS] t_ms=8544 q_pkts=13 q_bytes=19552 qdelay_l_ms=0.832795 qdelay_c_ms=5.10615 ecn_mark=717 drop=0
[QUEUE_STATS] t_ms=8560 q_pkts=10 q_bytes=15040 qdelay_l_ms=1.08241 qdelay_c_ms=3.21225 ecn_mark=717 drop=0
[QUEUE_STATS] t_ms=8576 q_pkts=12 q_bytes=18048 qdelay_l_ms=0.028344 qdelay_c_ms=3.28958 ecn_mark=717 drop=0
[QUEUE_STATS] t_ms=8592 q_pkts=12 q_bytes=18048 qdelay_l_ms=0.848975 qdelay_c_ms=5.12648 ecn_mark=718 drop=0
[QUEUE_STATS] t_ms=8608 q_pkts=9 q_bytes=13536 qdelay_l_ms=1.08024 qdelay_c_ms=4.09125 ecn_mark=720 drop=0
[QUEUE_STATS] t_ms=8624 q_pkts=15 q_bytes=22560 qdelay_l_ms=0.889351 qdelay_c_ms=5.22818 ecn_mark=723 drop=0
[QUEUE_STATS] t_ms=8640 q_pkts=12 q_bytes=18048 qdelay_l_ms=1.06595 qdelay_c_ms=4.15254 ecn_mark=724 drop=0
[QUEUE_STATS] t_ms=8656 q_pkts=13 q_bytes=19552 qdelay_l_ms=1.05686 qdelay_c_ms=3.72338 ecn_mark=726 drop=0
[QUEUE_STATS] t_ms=8672 q_pkts=17 q_bytes=25568 qdelay_l_ms=0.890874 qdelay_c_ms=4.07922 ecn_mark=727 drop=0
[QUEUE_STATS] t_ms=8688 q_pkts=13 q_bytes=19552 qdelay_l_ms=0.967298 qdelay_c_ms=4.21646 ecn_mark=728 drop=0
[QUEUE_STATS] t_ms=8704 q_pkts=12 q_bytes=18048 qdelay_l_ms=1.08596 qdelay_c_ms=4.33157 ecn_mark=728 drop=0
[QUEUE_STATS] t_ms=8720 q_pkts=17 q_bytes=25568 qdelay_l_ms=1.07796 qdelay_c_ms=4.33731 ecn_mark=730 drop=0
[QUEUE_STATS] t_ms=8736 q_pkts=14 q_bytes=21056 qdelay_l_ms=1.06829 qdelay_c_ms=5.37731 ecn_mark=732 drop=0
[QUEUE_STATS] t_ms=8752 q_pkts=15 q_bytes=22560 qdelay_l_ms=1.05842 qdelay_c_ms=4.31665 ecn_mark=734 drop=0
[QUEUE_STATS] t_ms=8768 q_pkts=17 q_bytes=25568 qdelay_l_ms=0 qdelay_c_ms=5.36822 ecn_mark=735 drop=0
[QUEUE_STATS] t_ms=8784 q_pkts=15 q_bytes=22560 qdelay_l_ms=0.879453 qdelay_c_ms=4.96968 ecn_mark=737 drop=0
[QUEUE_STATS] t_ms=8800 q_pkts=14 q_bytes=21056 qdelay_l_ms=1.06124 qdelay_c_ms=5.42651 ecn_mark=740 drop=0
[QUEUE_STATS] t_ms=8816 q_pkts=17 q_bytes=25568 qdelay_l_ms=1.07694 qdelay_c_ms=5.03133 ecn_mark=741 drop=0
[QUEUE_STATS] t_ms=8832 q_pkts=15 q_bytes=22560 qdelay_l_ms=1.07365 qdelay_c_ms=5.03238 ecn_mark=743 drop=0
[QUEUE_STATS] t_ms=8848 q_pkts=16 q_bytes=24064 qdelay_l_ms=1.07595 qdelay_c_ms=4.71587 ecn_mark=744 drop=0
[QUEUE_STATS] t_ms=8864 q_pkts=16 q_bytes=24064 qdelay_l_ms=0.930398 qdelay_c_ms=5.2536 ecn_mark=745 drop=0
[QUEUE_STATS] t_ms=8880 q_pkts=15 q_bytes=22560 qdelay_l_ms=1.06193 qdelay_c_ms=5.37788 ecn_mark=747 drop=0
[QUEUE_STATS] t_ms=8896 q_pkts=18 q_bytes=27072 qdelay_l_ms=0 qdelay_c_ms=3.60397 ecn_mark=748 drop=0
[QUEUE_STATS] t_ms=8912 q_pkts=18 q_bytes=27072 qdelay_l_ms=0.92042 qdelay_c_ms=4.65642 ecn_mark=749 drop=0
[QUEUE_STATS] t_ms=8928 q_pkts=14 q_bytes=21056 qdelay_l_ms=1.0685 qdelay_c_ms=4.35327 ecn_mark=751 drop=0
[QUEUE_STATS] t_ms=8944 q_pkts=16 q_bytes=24064 qdelay_l_ms=1.06068 qdelay_c_ms=5.4151 ecn_mark=751 drop=0
[QUEUE_STATS] t_ms=8960 q_pkts=16 q_bytes=24064 qdelay_l_ms=0.955657 qdelay_c_ms=5.29976 ecn_mark=752 drop=0
[QUEUE_STATS] t_ms=8976 q_pkts=17 q_bytes=25568 qdelay_l_ms=0.909619 qdelay_c_ms=5.12131 ecn_mark=753 drop=0
[QUEUE_STATS] t_ms=8992 q_pkts=15 q_bytes=22560 qdelay_l_ms=1.06272 qdelay_c_ms=5.38659 ecn_mark=756 drop=0
[QUEUE_STATS] t_ms=9008 q_pkts=19 q_bytes=28576 qdelay_l_ms=1.07144 qdelay_c_ms=5.06307 ecn_mark=756 drop=0
[QUEUE_STATS] t_ms=9024 q_pkts=11 q_bytes=16544 qdelay_l_ms=0.943173 qdelay_c_ms=4.74026 ecn_mark=759 drop=0
[QUEUE_STATS] t_ms=9040 q_pkts=3 q_bytes=4512 qdelay_l_ms=0.940838 qdelay_c_ms=0.93658 ecn_mark=759 drop=0
[QUEUE_STATS] t_ms=9056 q_pkts=3 q_bytes=4512 qdelay_l_ms=1.07158 qdelay_c_ms=1.06797 ecn_mark=760 drop=0
[QUEUE_STATS] t_ms=9072 q_pkts=5 q_bytes=7520 qdelay_l_ms=0.962078 qdelay_c_ms=0.95765 ecn_mark=761 drop=0
[QUEUE_STATS] t_ms=9088 q_pkts=3 q_bytes=4512 qdelay_l_ms=1.08642 qdelay_c_ms=1.08256 ecn_mark=762 drop=0
[QUEUE_STATS] t_ms=9104 q_pkts=2 q_bytes=3008 qdelay_l_ms=0 qdelay_c_ms=0.029425 ecn_mark=764 drop=0
[QUEUE_STATS] t_ms=9120 q_pkts=6 q_bytes=9024 qdelay_l_ms=1.07411 qdelay_c_ms=2.13483 ecn_mark=765 drop=0
[QUEUE_STATS] t_ms=9136 q_pkts=3 q_bytes=4512 qdelay_l_ms=1.07764 qdelay_c_ms=1.07419 ecn_mark=766 drop=0
[QUEUE_STATS] t_ms=9152 q_pkts=1 q_bytes=1504 qdelay_l_ms=1.05815 qdelay_c_ms=0 ecn_mark=768 drop=0
[QUEUE_STATS] t_ms=9168 q_pkts=2 q_bytes=3008 qdelay_l_ms=0 qdelay_c_ms=0.990582 ecn_mark=768 drop=0
[QUEUE_STATS] t_ms=9184 q_pkts=6 q_bytes=9024 qdelay_l_ms=0.986373 qdelay_c_ms=1.9217 ecn_mark=768 drop=0
[QUEUE_STATS] t_ms=9200 q_pkts=7 q_bytes=10528 qdelay_l_ms=1.06257 qdelay_c_ms=3.24284 ecn_mark=768 drop=0
[QUEUE_STATS] t_ms=9216 q_pkts=3 q_bytes=4512 qdelay_l_ms=0.944305 qdelay_c_ms=0.950457 ecn_mark=769 drop=0
[QUEUE_STATS] t_ms=9232 q_pkts=4 q_bytes=6016 qdelay_l_ms=0.923926 qdelay_c_ms=2.18232 ecn_mark=769 drop=0
[QUEUE_STATS] t_ms=9248 q_pkts=1 q_bytes=1504 qdelay_l_ms=0 qdelay_c_ms=2.12025 ecn_mark=769 drop=0
[QUEUE_STATS] t_ms=9264 q_pkts=3 q_bytes=4512 qdelay_l_ms=0.996333 qdelay_c_ms=1.96821 ecn_mark=769 drop=0
[QUEUE_STATS] t_ms=9280 q_pkts=3 q_bytes=4512 qdelay_l_ms=1.06296 qdelay_c_ms=1.07113 ecn_mark=772 drop=0
[QUEUE_STATS] t_ms=9296 q_pkts=5 q_bytes=7520 qdelay_l_ms=1.08179 qdelay_c_ms=1.07815 ecn_mark=772 drop=0
[QUEUE_STATS] t_ms=9312 q_pkts=6 q_bytes=9024 qdelay_l_ms=1.06335 qdelay_c_ms=2.15682 ecn_mark=772 drop=0
[QUEUE_STATS] t_ms=9328 q_pkts=4 q_bytes=6016 qdelay_l_ms=1.07436 qdelay_c_ms=3.20667 ecn_mark=773 drop=0
[QUEUE_STATS] t_ms=9344 q_pkts=7 q_bytes=10528 qdelay_l_ms=1.05866 qdelay_c_ms=2.16998 ecn_mark=776 drop=0
[QUEUE_STATS] t_ms=9360 q_pkts=6 q_bytes=9024 qdelay_l_ms=1.08209 qdelay_c_ms=2.15312 ecn_mark=776 drop=0
[QUEUE_STATS] t_ms=9376 q_pkts=7 q_bytes=10528 qdelay_l_ms=1.05818 qdelay_c_ms=3.23018 ecn_mark=776 drop=0
[QUEUE_STATS] t_ms=9392 q_pkts=4 q_bytes=6016 qdelay_l_ms=1.0731 qdelay_c_ms=1.06925 ecn_mark=778 drop=0
[QUEUE_STATS] t_ms=9408 q_pkts=3 q_bytes=4512 qdelay_l_ms=1.00941 qdelay_c_ms=1.00454 ecn_mark=780 drop=0
[QUEUE_STATS] t_ms=9424 q_pkts=7 q_bytes=10528 qdelay_l_ms=1.07091 qdelay_c_ms=2.1096 ecn_mark=780 drop=0
[QUEUE_STATS] t_ms=9440 q_pkts=4 q_bytes=6016 qdelay_l_ms=0.972919 qdelay_c_ms=0.990983 ecn_mark=781 drop=0
[QUEUE_STATS] t_ms=9456 q_pkts=3 q_bytes=4512 qdelay_l_ms=0.822586 qdelay_c_ms=0.819009 ecn_mark=782 drop=0
[QUEUE_STATS] t_ms=9472 q_pkts=3 q_bytes=4512 qdelay_l_ms=1.09088 qdelay_c_ms=1.08691 ecn_mark=782 drop=0
[QUEUE_STATS] t_ms=9488 q_pkts=1 q_bytes=1504 qdelay_l_ms=0.987696 qdelay_c_ms=0 ecn_mark=784 drop=0
[QUEUE_STATS] t_ms=9504 q_pkts=3 q_bytes=4512 qdelay_l_ms=1.07777 qdelay_c_ms=1.07063 ecn_mark=785 drop=0
[QUEUE_STATS] t_ms=9520 q_pkts=5 q_bytes=7520 qdelay_l_ms=1.06134 qdelay_c_ms=1.07397 ecn_mark=786 drop=0
[QUEUE_STATS] t_ms=9536 q_pkts=5 q_bytes=7520 qdelay_l_ms=0.99451 qdelay_c_ms=1.01284 ecn_mark=788 drop=0
[QUEUE_STATS] t_ms=9552 q_pkts=3 q_bytes=4512 qdelay_l_ms=1.08315 qdelay_c_ms=1.07657 ecn_mark=789 drop=0
[QUEUE_STATS] t_ms=9568 q_pkts=5 q_bytes=7520 qdelay_l_ms=1.07187 qdelay_c_ms=1.06881 ecn_mark=789 drop=0
[QUEUE_STATS] t_ms=9584 q_pkts=0 q_bytes=0 qdelay_l_ms=0 qdelay_c_ms=0 ecn_mark=790 drop=0
[QUEUE_STATS] t_ms=9600 q_pkts=3 q_bytes=4512 qdelay_l_ms=0.988298 qdelay_c_ms=1.00141 ecn_mark=792 drop=0
[QUEUE_STATS] t_ms=9617 q_pkts=3 q_bytes=4512 qdelay_l_ms=1.10022 qdelay_c_ms=1.09353 ecn_mark=793 drop=0
[QUEUE_STATS] t_ms=9632 q_pkts=4 q_bytes=6016 qdelay_l_ms=1.01447 qdelay_c_ms=1.033 ecn_mark=795 drop=0
[QUEUE_STATS] t_ms=9648 q_pkts=1 q_bytes=1504 qdelay_l_ms=1.0657 qdelay_c_ms=0 ecn_mark=797 drop=0
[QUEUE_STATS] t_ms=9664 q_pkts=3 q_bytes=4512 qdelay_l_ms=1.06457 qdelay_c_ms=1.0618 ecn_mark=798 drop=0
[QUEUE_STATS] t_ms=9680 q_pkts=4 q_bytes=6016 qdelay_l_ms=1.00766 qdelay_c_ms=1.98946 ecn_mark=801 drop=0
[QUEUE_STATS] t_ms=9697 q_pkts=3 q_bytes=4512 qdelay_l_ms=1.09238 qdelay_c_ms=1.08774 ecn_mark=801 drop=0
[QUEUE_STATS] t_ms=9712 q_pkts=3 q_bytes=4512 qdelay_l_ms=1.04966 qdelay_c_ms=1.04425 ecn_mark=803 drop=0
[QUEUE_STATS] t_ms=9728 q_pkts=4 q_bytes=6016 qdelay_l_ms=1.02673 qdelay_c_ms=1.02026 ecn_mark=804 drop=0
[QUEUE_STATS] t_ms=9744 q_pkts=4 q_bytes=6016 qdelay_l_ms=1.08632 qdelay_c_ms=1.06193 ecn_mark=804 drop=0
[QUEUE_STATS] t_ms=9760 q_pkts=3 q_bytes=4512 qdelay_l_ms=1.0699 qdelay_c_ms=2.14669 ecn_mark=805 drop=0
[QUEUE_STATS] t_ms=9776 q_pkts=0 q_bytes=0 qdelay_l_ms=0 qdelay_c_ms=0 ecn_mark=809 drop=0
[QUEUE_STATS] t_ms=9792 q_pkts=4 q_bytes=6016 qdelay_l_ms=1.07197 qdelay_c_ms=1.06831 ecn_mark=811 drop=0
[QUEUE_STATS] t_ms=9808 q_pkts=3 q_bytes=4512 qdelay_l_ms=0.561926 qdelay_c_ms=0.557928 ecn_mark=812 drop=0
[QUEUE_STATS] t_ms=9824 q_pkts=0 q_bytes=0 qdelay_l_ms=0 qdelay_c_ms=0 ecn_mark=813 drop=0
[QUEUE_STATS] t_ms=9840 q_pkts=1 q_bytes=1504 qdelay_l_ms=1.0612 qdelay_c_ms=0 ecn_mark=813 drop=0
[QUEUE_STATS] t_ms=9856 q_pkts=3 q_bytes=4512 qdelay_l_ms=1.08182 qdelay_c_ms=1.05804 ecn_mark=816 drop=0
[QUEUE_STATS] t_ms=9872 q_pkts=3 q_bytes=4512 qdelay_l_ms=1.02568 qdelay_c_ms=1.02224 ecn_mark=818 drop=0
[QUEUE_STATS] t_ms=9888 q_pkts=1 q_bytes=1504 qdelay_l_ms=1.07628 qdelay_c_ms=0 ecn_mark=819 drop=0
[QUEUE_STATS] t_ms=9904 q_pkts=2 q_bytes=3008 qdelay_l_ms=1.06224 qdelay_c_ms=1.05923 ecn_mark=820 drop=0
[QUEUE_STATS] t_ms=9920 q_pkts=4 q_bytes=6016 qdelay_l_ms=1.08863 qdelay_c_ms=1.08378 ecn_mark=820 drop=0
[QUEUE_STATS] t_ms=9936 q_pkts=2 q_bytes=3008 qdelay_l_ms=1.06751 qdelay_c_ms=1.06385 ecn_mark=822 drop=0
[QUEUE_STATS] t_ms=9952 q_pkts=0 q_bytes=0 qdelay_l_ms=0 qdelay_c_ms=0 ecn_mark=824 drop=0
[QUEUE_STATS] t_ms=9968 q_pkts=5 q_bytes=7520 qdelay_l_ms=1.07205 qdelay_c_ms=1.06903 ecn_mark=825 drop=0
[QUEUE_STATS] t_ms=9984 q_pkts=1 q_bytes=1504 qdelay_l_ms=1.06163 qdelay_c_ms=0 ecn_mark=827 drop=0
[QUEUE_STATS] t_ms=10000 q_pkts=3 q_bytes=4512 qdelay_l_ms=1.06275 qdelay_c_ms=1.07176 ecn_mark=827 drop=0
[QUEUE_STATS] t_ms=10016 q_pkts=0 q_bytes=0 qdelay_l_ms=0 qdelay_c_ms=0 ecn_mark=827 drop=0
[QUEUE_STATS] t_ms=10032 q_pkts=5 q_bytes=7520 qdelay_l_ms=1.06672 qdelay_c_ms=1.06384 ecn_mark=828 drop=0
[QUEUE_STATS] t_ms=10048 q_pkts=1 q_bytes=1504 qdelay_l_ms=1.06777 qdelay_c_ms=0 ecn_mark=829 drop=0
[QUEUE_STATS] t_ms=10064 q_pkts=0 q_bytes=0 qdelay_l_ms=0 qdelay_c_ms=0 ecn_mark=830 drop=0
[QUEUE_STATS] t_ms=10080 q_pkts=0 q_bytes=0 qdelay_l_ms=0 qdelay_c_ms=0 ecn_mark=830 drop=0
[QUEUE_STATS] t_ms=10096 q_pkts=1 q_bytes=1504 qdelay_l_ms=1.05823 qdelay_c_ms=0 ecn_mark=832 drop=0
[QUEUE_STATS] t_ms=10112 q_pkts=0 q_bytes=0 qdelay_l_ms=0 qdelay_c_ms=0 ecn_mark=833 drop=0
[QUEUE_STATS] t_ms=10128 q_pkts=3 q_bytes=4512 qdelay_l_ms=1.0746 qdelay_c_ms=1.0711 ecn_mark=835 drop=0
[QUEUE_STATS] t_ms=10144 q_pkts=3 q_bytes=4512 qdelay_l_ms=1.06324 qdelay_c_ms=1.07121 ecn_mark=835 drop=0
[QUEUE_STATS] t_ms=10160 q_pkts=5 q_bytes=7520 qdelay_l_ms=1.05861 qdelay_c_ms=2.15272 ecn_mark=837 drop=0
[QUEUE_STATS] t_ms=10176 q_pkts=0 q_bytes=0 qdelay_l_ms=0 qdelay_c_ms=0 ecn_mark=837 drop=0
[QUEUE_STATS] t_ms=10192 q_pkts=3 q_bytes=4512 qdelay_l_ms=1.05499 qdelay_c_ms=1.06133 ecn_mark=838 drop=0
[QUEUE_STATS] t_ms=10208 q_pkts=1 q_bytes=1504 qdelay_l_ms=1.05843 qdelay_c_ms=0 ecn_mark=838 drop=0
[QUEUE_STATS] t_ms=10224 q_pkts=5 q_bytes=7520 qdelay_l_ms=1.06639 qdelay_c_ms=1.69116 ecn_mark=839 drop=0
[QUEUE_STATS] t_ms=10240 q_pkts=0 q_bytes=0 qdelay_l_ms=0 qdelay_c_ms=0 ecn_mark=840 drop=0
[QUEUE_STATS] t_ms=10256 q_pkts=5 q_bytes=7520 qdelay_l_ms=0.85631 qdelay_c_ms=0.849246 ecn_mark=842 drop=0
[QUEUE_STATS] t_ms=10272 q_pkts=1 q_bytes=1504 qdelay_l_ms=1.07195 qdelay_c_ms=0 ecn_mark=843 drop=0
[QUEUE_STATS] t_ms=10288 q_pkts=3 q_bytes=4512 qdelay_l_ms=1.06362 qdelay_c_ms=1.07713 ecn_mark=843 drop=0
[QUEUE_STATS] t_ms=10304 q_pkts=0 q_bytes=0 qdelay_l_ms=0 qdelay_c_ms=0 ecn_mark=843 drop=0
[QUEUE_STATS] t_ms=10320 q_pkts=0 q_bytes=0 qdelay_l_ms=0 qdelay_c_ms=0 ecn_mark=843 drop=0
[QUEUE_STATS] t_ms=10336 q_pkts=3 q_bytes=4512 qdelay_l_ms=1.07148 qdelay_c_ms=1.08402 ecn_mark=843 drop=0
[QUEUE_STATS] t_ms=10353 q_pkts=4 q_bytes=6016 qdelay_l_ms=1.09701 qdelay_c_ms=2.19098 ecn_mark=844 drop=0
[QUEUE_STATS] t_ms=10368 q_pkts=0 q_bytes=0 qdelay_l_ms=0 qdelay_c_ms=0 ecn_mark=844 drop=0
[QUEUE_STATS] t_ms=10385 q_pkts=2 q_bytes=3008 qdelay_l_ms=1.07901 qdelay_c_ms=2.12982 ecn_mark=846 drop=0
[QUEUE_STATS] t_ms=10400 q_pkts=2 q_bytes=3008 qdelay_l_ms=1.06724 qdelay_c_ms=1.0636 ecn_mark=848 drop=0
[QUEUE_STATS] t_ms=10416 q_pkts=5 q_bytes=7520 qdelay_l_ms=1.02762 qdelay_c_ms=1.06227 ecn_mark=849 drop=0
[QUEUE_STATS] t_ms=10432 q_pkts=1 q_bytes=1504 qdelay_l_ms=1.06625 qdelay_c_ms=0 ecn_mark=849 drop=0
[QUEUE_STATS] t_ms=10448 q_pkts=1 q_bytes=1504 qdelay_l_ms=1.06678 qdelay_c_ms=0 ecn_mark=850 drop=0
[QUEUE_STATS] t_ms=10464 q_pkts=0 q_bytes=0 qdelay_l_ms=0 qdelay_c_ms=0 ecn_mark=851 drop=0
[QUEUE_STATS] t_ms=10481 q_pkts=0 q_bytes=0 qdelay_l_ms=0 qdelay_c_ms=0 ecn_mark=851 drop=0
[QUEUE_STATS] t_ms=10497 q_pkts=1 q_bytes=1504 qdelay_l_ms=1.07619 qdelay_c_ms=0 ecn_mark=851 drop=0
[QUEUE_STATS] t_ms=10512 q_pkts=1 q_bytes=1504 qdelay_l_ms=1.05597 qdelay_c_ms=0 ecn_mark=851 drop=0
[QUEUE_STATS] t_ms=10528 q_pkts=3 q_bytes=4512 qdelay_l_ms=1.02437 qdelay_c_ms=1.03099 ecn_mark=855 drop=0
[QUEUE_STATS] t_ms=10544 q_pkts=7 q_bytes=10528 qdelay_l_ms=1.07171 qdelay_c_ms=3.20142 ecn_mark=856 drop=0
[QUEUE_STATS] t_ms=10560 q_pkts=5 q_bytes=7520 qdelay_l_ms=1.06957 qdelay_c_ms=1.06613 ecn_mark=856 drop=0
[QUEUE_STATS] t_ms=10576 q_pkts=1 q_bytes=1504 qdelay_l_ms=1.06376 qdelay_c_ms=0 ecn_mark=857 drop=0
[QUEUE_STATS] t_ms=10592 q_pkts=2 q_bytes=3008 qdelay_l_ms=1.06852 qdelay_c_ms=1.06563 ecn_mark=860 drop=0
[QUEUE_STATS] t_ms=10608 q_pkts=0 q_bytes=0 qdelay_l_ms=0 qdelay_c_ms=0 ecn_mark=862 drop=0
[QUEUE_STATS] t_ms=10624 q_pkts=1 q_bytes=1504 qdelay_l_ms=1.01239 qdelay_c_ms=0 ecn_mark=862 drop=0
[QUEUE_STATS] t_ms=10640 q_pkts=1 q_bytes=1504 qdelay_l_ms=1.06915 qdelay_c_ms=0 ecn_mark=864 drop=0
[QUEUE_STATS] t_ms=10656 q_pkts=6 q_bytes=9024 qdelay_l_ms=1.06984 qdelay_c_ms=1.07919 ecn_mark=866 drop=0
[QUEUE_STATS] t_ms=10672 q_pkts=0 q_bytes=0 qdelay_l_ms=0 qdelay_c_ms=0 ecn_mark=867 drop=0
[QUEUE_STATS] t_ms=10688 q_pkts=5 q_bytes=7520 qdelay_l_ms=1.04164 qdelay_c_ms=1.03597 ecn_mark=867 drop=0
[QUEUE_STATS] t_ms=10704 q_pkts=1 q_bytes=1504 qdelay_l_ms=1.06258 qdelay_c_ms=0 ecn_mark=868 drop=0
[QUEUE_STATS] t_ms=10720 q_pkts=2 q_bytes=3008 qdelay_l_ms=1.06491 qdelay_c_ms=1.06182 ecn_mark=869 drop=0
[QUEUE_STATS] t_ms=10737 q_pkts=0 q_bytes=0 qdelay_l_ms=0 qdelay_c_ms=0 ecn_mark=871 drop=0
[QUEUE_STATS] t_ms=10752 q_pkts=4 q_bytes=6016 qdelay_l_ms=1.06753 qdelay_c_ms=1.06414 ecn_mark=871 drop=0
[QUEUE_STATS] t_ms=10768 q_pkts=1 q_bytes=1504 qdelay_l_ms=1.03149 qdelay_c_ms=0 ecn_mark=872 drop=0
[QUEUE_STATS] t_ms=10784 q_pkts=6 q_bytes=9024 qdelay_l_ms=1.07788 qdelay_c_ms=1.09195 ecn_mark=872 drop=0
[QUEUE_STATS] t_ms=10800 q_pkts=1 q_bytes=1504 qdelay_l_ms=1.06261 qdelay_c_ms=0 ecn_mark=873 drop=0
[QUEUE_STATS] t_ms=10816 q_pkts=4 q_bytes=6016 qdelay_l_ms=0 qdelay_c_ms=1.60677 ecn_mark=876 drop=0
[QUEUE_STATS] t_ms=10832 q_pkts=5 q_bytes=7520 qdelay_l_ms=1.03401 qdelay_c_ms=1.07901 ecn_mark=877 drop=0
[QUEUE_STATS] t_ms=10848 q_pkts=1 q_bytes=1504 qdelay_l_ms=1.07184 qdelay_c_ms=0 ecn_mark=878 drop=0
[QUEUE_STATS] t_ms=10864 q_pkts=3 q_bytes=4512 qdelay_l_ms=1.06422 qdelay_c_ms=1.0735 ecn_mark=880 drop=0
[QUEUE_STATS] t_ms=10880 q_pkts=0 q_bytes=0 qdelay_l_ms=0 qdelay_c_ms=0 ecn_mark=881 drop=0
[QUEUE_STATS] t_ms=10896 q_pkts=1 q_bytes=1504 qdelay_l_ms=1.0633 qdelay_c_ms=0 ecn_mark=881 drop=0
[QUEUE_STATS] t_ms=10912 q_pkts=4 q_bytes=6016 qdelay_l_ms=1.05396 qdelay_c_ms=1.27338 ecn_mark=883 drop=0
[QUEUE_STATS] t_ms=10928 q_pkts=3 q_bytes=4512 qdelay_l_ms=1.02183 qdelay_c_ms=1.01869 ecn_mark=884 drop=0
[QUEUE_STATS] t_ms=10944 q_pkts=0 q_bytes=0 qdelay_l_ms=0 qdelay_c_ms=0 ecn_mark=884 drop=0
[QUEUE_STATS] t_ms=10960 q_pkts=1 q_bytes=1504 qdelay_l_ms=1.0895 qdelay_c_ms=0 ecn_mark=884 drop=0
[QUEUE_STATS] t_ms=10976 q_pkts=1 q_bytes=1504 qdelay_l_ms=1.06673 qdelay_c_ms=0 ecn_mark=884 drop=0
[QUEUE_STATS] t_ms=10992 q_pkts=1 q_bytes=1504 qdelay_l_ms=1.06638 qdelay_c_ms=0 ecn_mark=888 drop=0
[QUEUE_STATS] t_ms=11009 q_pkts=1 q_bytes=1504 qdelay_l_ms=1.07902 qdelay_c_ms=0 ecn_mark=888 drop=0
[QUEUE_STATS] t_ms=11024 q_pkts=2 q_bytes=3008 qdelay_l_ms=1.07103 qdelay_c_ms=1.06705 ecn_mark=888 drop=0
[QUEUE_STATS] t_ms=11040 q_pkts=3 q_bytes=4512 qdelay_l_ms=1.07466 qdelay_c_ms=1.0717 ecn_mark=888 drop=0
[QUEUE_STATS] t_ms=11056 q_pkts=2 q_bytes=3008 qdelay_l_ms=1.0871 qdelay_c_ms=2.13515 ecn_mark=889 drop=0
[QUEUE_STATS] t_ms=11072 q_pkts=2 q_bytes=3008 qdelay_l_ms=1.08707 qdelay_c_ms=1.09299 ecn_mark=890 drop=0
[QUEUE_STATS] t_ms=11088 q_pkts=1 q_bytes=1504 qdelay_l_ms=1.03875 qdelay_c_ms=0 ecn_mark=891 drop=0
[QUEUE_STATS] t_ms=11104 q_pkts=1 q_bytes=1504 qdelay_l_ms=1.01661 qdelay_c_ms=0 ecn_mark=892 drop=0
[QUEUE_STATS] t_ms=11120 q_pkts=3 q_bytes=4512 qdelay_l_ms=1.06236 qdelay_c_ms=1.05929 ecn_mark=894 drop=0
[QUEUE_STATS] t_ms=11136 q_pkts=1 q_bytes=1504 qdelay_l_ms=1.06101 qdelay_c_ms=0 ecn_mark=896 drop=0
[QUEUE_STATS] t_ms=11152 q_pkts=3 q_bytes=4512 qdelay_l_ms=1.00475 qdelay_c_ms=1.00166 ecn_mark=898 drop=0
[QUEUE_STATS] t_ms=11168 q_pkts=4 q_bytes=6016 qdelay_l_ms=0 qdelay_c_ms=1.05891 ecn_mark=898 drop=0
[QUEUE_STATS] t_ms=11184 q_pkts=7 q_bytes=10528 qdelay_l_ms=1.05844 qdelay_c_ms=2.19414 ecn_mark=899 drop=0
[QUEUE_STATS] t_ms=11200 q_pkts=0 q_bytes=0 qdelay_l_ms=0 qdelay_c_ms=0 ecn_mark=900 drop=0
[QUEUE_STATS] t_ms=11216 q_pkts=3 q_bytes=4512 qdelay_l_ms=1.06863 qdelay_c_ms=1.08348 ecn_mark=900 drop=0
[QUEUE_STATS] t_ms=11232 q_pkts=1 q_bytes=1504 qdelay_l_ms=1.06325 qdelay_c_ms=0 ecn_mark=900 drop=0
[QUEUE_STATS] t_ms=11248 q_pkts=0 q_bytes=0 qdelay_l_ms=0 qdelay_c_ms=0 ecn_mark=901 drop=0
[QUEUE_STATS] t_ms=11264 q_pkts=3 q_bytes=4512 qdelay_l_ms=1.06422 qdelay_c_ms=1.05887 ecn_mark=902 drop=0
[QUEUE_STATS] t_ms=11280 q_pkts=3 q_bytes=4512 qdelay_l_ms=1.06248 qdelay_c_ms=1.07649 ecn_mark=903 drop=0
[QUEUE_STATS] t_ms=11296 q_pkts=1 q_bytes=1504 qdelay_l_ms=0 qdelay_c_ms=1.12204 ecn_mark=906 drop=0
[QUEUE_STATS] t_ms=11312 q_pkts=3 q_bytes=4512 qdelay_l_ms=1.06211 qdelay_c_ms=1.05501 ecn_mark=906 drop=0
[QUEUE_STATS] t_ms=11329 q_pkts=1 q_bytes=1504 qdelay_l_ms=1.08037 qdelay_c_ms=0 ecn_mark=906 drop=0
[QUEUE_STATS] t_ms=11344 q_pkts=3 q_bytes=4512 qdelay_l_ms=1.06306 qdelay_c_ms=1.07628 ecn_mark=908 drop=0
[QUEUE_STATS] t_ms=11360 q_pkts=1 q_bytes=1504 qdelay_l_ms=0.935709 qdelay_c_ms=0 ecn_mark=909 drop=0
[QUEUE_STATS] t_ms=11376 q_pkts=0 q_bytes=0 qdelay_l_ms=0 qdelay_c_ms=0 ecn_mark=909 drop=0
[QUEUE_STATS] t_ms=11392 q_pkts=1 q_bytes=1504 qdelay_l_ms=1.06719 qdelay_c_ms=0 ecn_mark=910 drop=0
[QUEUE_STATS] t_ms=11408 q_pkts=1 q_bytes=1504 qdelay_l_ms=0 qdelay_c_ms=1.08015 ecn_mark=910 drop=0
[QUEUE_STATS] t_ms=11424 q_pkts=1 q_bytes=1504 qdelay_l_ms=1.0631 qdelay_c_ms=0 ecn_mark=910 drop=0
[QUEUE_STATS] t_ms=11440 q_pkts=0 q_bytes=0 qdelay_l_ms=0 qdelay_c_ms=0 ecn_mark=910 drop=0
[QUEUE_STATS] t_ms=11456 q_pkts=3 q_bytes=4512 qdelay_l_ms=1.0777 qdelay_c_ms=1.08428 ecn_mark=911 drop=0
[QUEUE_STATS] t_ms=11472 q_pkts=1 q_bytes=1504 qdelay_l_ms=1.06759 qdelay_c_ms=0 ecn_mark=913 drop=0
[QUEUE_STATS] t_ms=11488 q_pkts=1 q_bytes=1504 qdelay_l_ms=0.97877 qdelay_c_ms=0 ecn_mark=914 drop=0
[QUEUE_STATS] t_ms=11504 q_pkts=0 q_bytes=0 qdelay_l_ms=0 qdelay_c_ms=0 ecn_mark=914 drop=0
[QUEUE_STATS] t_ms=11520 q_pkts=4 q_bytes=6016 qdelay_l_ms=1.08691 qdelay_c_ms=2.14 ecn_mark=914 drop=0
[QUEUE_STATS] t_ms=11536 q_pkts=1 q_bytes=1504 qdelay_l_ms=1.06351 qdelay_c_ms=0 ecn_mark=914 drop=0
[QUEUE_STATS] t_ms=11552 q_pkts=2 q_bytes=3008 qdelay_l_ms=1.06825 qdelay_c_ms=2.11848 ecn_mark=915 drop=0
[QUEUE_STATS] t_ms=11568 q_pkts=1 q_bytes=1504 qdelay_l_ms=0.683715 qdelay_c_ms=0 ecn_mark=916 drop=0
[QUEUE_STATS] t_ms=11584 q_pkts=2 q_bytes=3008 qdelay_l_ms=0 qdelay_c_ms=1.06396 ecn_mark=917 drop=0
[QUEUE_STATS] t_ms=11600 q_pkts=0 q_bytes=0 qdelay_l_ms=0 qdelay_c_ms=0 ecn_mark=917 drop=0
[QUEUE_STATS] t_ms=11616 q_pkts=3 q_bytes=4512 qdelay_l_ms=1.06354 qdelay_c_ms=1.086 ecn_mark=919 drop=0
[QUEUE_STATS] t_ms=11632 q_pkts=0 q_bytes=0 qdelay_l_ms=0 qdelay_c_ms=0 ecn_mark=920 drop=0
[QUEUE_STATS] t_ms=11648 q_pkts=3 q_bytes=4512 qdelay_l_ms=1.05755 qdelay_c_ms=1.06658 ecn_mark=920 drop=0
[QUEUE_STATS] t_ms=11664 q_pkts=1 q_bytes=1504 qdelay_l_ms=1.06315 qdelay_c_ms=0 ecn_mark=922 drop=0
[QUEUE_STATS] t_ms=11680 q_pkts=2 q_bytes=3008 qdelay_l_ms=0 qdelay_c_ms=1.06066 ecn_mark=922 drop=0
[QUEUE_STATS] t_ms=11696 q_pkts=1 q_bytes=1504 qdelay_l_ms=1.06973 qdelay_c_ms=0 ecn_mark=922 drop=0
[QUEUE_STATS] t_ms=11712 q_pkts=1 q_bytes=1504 qdelay_l_ms=1.05983 qdelay_c_ms=0 ecn_mark=922 drop=0
[QUEUE_STATS] t_ms=11728 q_pkts=3 q_bytes=4512 qdelay_l_ms=1.04467 qdelay_c_ms=1.06292 ecn_mark=922 drop=0
[QUEUE_STATS] t_ms=11744 q_pkts=10 q_bytes=15040 qdelay_l_ms=1.07702 qdelay_c_ms=1.0735 ecn_mark=923 drop=0
[QUEUE_STATS] t_ms=11760 q_pkts=4 q_bytes=6016 qdelay_l_ms=1.06016 qdelay_c_ms=1.06339 ecn_mark=923 drop=0
[QUEUE_STATS] t_ms=11777 q_pkts=0 q_bytes=0 qdelay_l_ms=0 qdelay_c_ms=0 ecn_mark=923 drop=0
[QUEUE_STATS] t_ms=11792 q_pkts=1 q_bytes=1504 qdelay_l_ms=1.0813 qdelay_c_ms=0 ecn_mark=925 drop=0
[QUEUE_STATS] t_ms=11808 q_pkts=2 q_bytes=3008 qdelay_l_ms=1.04753 qdelay_c_ms=1.04269 ecn_mark=927 drop=0
[QUEUE_STATS] t_ms=11824 q_pkts=1 q_bytes=1504 qdelay_l_ms=1.06574 qdelay_c_ms=0 ecn_mark=929 drop=0
[QUEUE_STATS] t_ms=11840 q_pkts=1 q_bytes=1504 qdelay_l_ms=1.06038 qdelay_c_ms=0 ecn_mark=931 drop=0
[QUEUE_STATS] t_ms=11856 q_pkts=0 q_bytes=0 qdelay_l_ms=0 qdelay_c_ms=0 ecn_mark=933 drop=0
[QUEUE_STATS] t_ms=11872 q_pkts=3 q_bytes=4512 qdelay_l_ms=0 qdelay_c_ms=1.77384 ecn_mark=934 drop=0
[QUEUE_STATS] t_ms=11888 q_pkts=3 q_bytes=4512 qdelay_l_ms=1.06572 qdelay_c_ms=1.07309 ecn_mark=936 drop=0
[QUEUE_STATS] t_ms=11904 q_pkts=1 q_bytes=1504 qdelay_l_ms=1.06968 qdelay_c_ms=0 ecn_mark=936 drop=0
[QUEUE_STATS] t_ms=11920 q_pkts=0 q_bytes=0 qdelay_l_ms=0 qdelay_c_ms=0 ecn_mark=937 drop=0
[QUEUE_STATS] t_ms=11936 q_pkts=1 q_bytes=1504 qdelay_l_ms=1.05851 qdelay_c_ms=0 ecn_mark=938 drop=0
[QUEUE_STATS] t_ms=11952 q_pkts=0 q_bytes=0 qdelay_l_ms=0 qdelay_c_ms=0 ecn_mark=939 drop=0
[QUEUE_STATS] t_ms=11968 q_pkts=1 q_bytes=1504 qdelay_l_ms=1.06029 qdelay_c_ms=0 ecn_mark=939 drop=0
[QUEUE_STATS] t_ms=11984 q_pkts=1 q_bytes=1504 qdelay_l_ms=1.06276 qdelay_c_ms=0 ecn_mark=939 drop=0
[QUEUE_STATS] t_ms=12000 q_pkts=4 q_bytes=6016 qdelay_l_ms=1.06995 qdelay_c_ms=2.12855 ecn_mark=941 drop=0
[QUEUE_STATS] t_ms=12016 q_pkts=1 q_bytes=1504 qdelay_l_ms=0 qdelay_c_ms=2.13061 ecn_mark=941 drop=0
[QUEUE_STATS] t_ms=12032 q_pkts=3 q_bytes=4512 qdelay_l_ms=1.06819 qdelay_c_ms=1.06503 ecn_mark=942 drop=0
[QUEUE_STATS] t_ms=12048 q_pkts=5 q_bytes=7520 qdelay_l_ms=0.999138 qdelay_c_ms=0.991674 ecn_mark=943 drop=0
[QUEUE_STATS] t_ms=12064 q_pkts=1 q_bytes=1504 qdelay_l_ms=1.08264 qdelay_c_ms=0 ecn_mark=943 drop=0
[QUEUE_STATS] t_ms=12080 q_pkts=0 q_bytes=0 qdelay_l_ms=0 qdelay_c_ms=0 ecn_mark=944 drop=0
[QUEUE_STATS] t_ms=12096 q_pkts=1 q_bytes=1504 qdelay_l_ms=1.09319 qdelay_c_ms=0 ecn_mark=945 drop=0
[QUEUE_STATS] t_ms=12112 q_pkts=3 q_bytes=4512 qdelay_l_ms=0.854486 qdelay_c_ms=0.847683 ecn_mark=946 drop=0
[QUEUE_STATS] t_ms=12128 q_pkts=7 q_bytes=10528 qdelay_l_ms=0.937151 qdelay_c_ms=1.00496 ecn_mark=946 drop=0
[QUEUE_STATS] t_ms=12144 q_pkts=0 q_bytes=0 qdelay_l_ms=0 qdelay_c_ms=0 ecn_mark=947 drop=0
[QUEUE_STATS] t_ms=12160 q_pkts=0 q_bytes=0 qdelay_l_ms=0 qdelay_c_ms=0 ecn_mark=948 drop=0
[QUEUE_STATS] t_ms=12176 q_pkts=3 q_bytes=4512 qdelay_l_ms=1.08868 qdelay_c_ms=2.18732 ecn_mark=948 drop=0
[QUEUE_STATS] t_ms=12192 q_pkts=3 q_bytes=4512 qdelay_l_ms=1.06686 qdelay_c_ms=1.09179 ecn_mark=948 drop=0
[QUEUE_STATS] t_ms=12208 q_pkts=3 q_bytes=4512 qdelay_l_ms=1.0357 qdelay_c_ms=1.05002 ecn_mark=949 drop=0
[QUEUE_STATS] t_ms=12224 q_pkts=3 q_bytes=4512 qdelay_l_ms=0.997014 qdelay_c_ms=0.989129 ecn_mark=949 drop=0
[QUEUE_STATS] t_ms=12240 q_pkts=1 q_bytes=1504 qdelay_l_ms=1.06649 qdelay_c_ms=0 ecn_mark=949 drop=0
[QUEUE_STATS] t_ms=12256 q_pkts=5 q_bytes=7520 qdelay_l_ms=1.10812 qdelay_c_ms=1.08784 ecn_mark=949 drop=0
[QUEUE_STATS] t_ms=12272 q_pkts=4 q_bytes=6016 qdelay_l_ms=1.09047 qdelay_c_ms=1.08296 ecn_mark=949 drop=0
[QUEUE_STATS] t_ms=12288 q_pkts=3 q_bytes=4512 qdelay_l_ms=0.969262 qdelay_c_ms=0.982617 ecn_mark=952 drop=0
[QUEUE_STATS] t_ms=12304 q_pkts=1 q_bytes=1504 qdelay_l_ms=0 qdelay_c_ms=2.1623 ecn_mark=954 drop=0
[QUEUE_STATS] t_ms=12320 q_pkts=1 q_bytes=1504 qdelay_l_ms=1.02793 qdelay_c_ms=0 ecn_mark=955 drop=0
[QUEUE_STATS] t_ms=12336 q_pkts=3 q_bytes=4512 qdelay_l_ms=1.06669 qdelay_c_ms=1.08017 ecn_mark=955 drop=0
[QUEUE_STATS] t_ms=12352 q_pkts=5 q_bytes=7520 qdelay_l_ms=1.08625 qdelay_c_ms=1.12169 ecn_mark=956 drop=0
[QUEUE_STATS] t_ms=12368 q_pkts=1 q_bytes=1504 qdelay_l_ms=0.945156 qdelay_c_ms=0 ecn_mark=956 drop=0
[QUEUE_STATS] t_ms=12385 q_pkts=2 q_bytes=3008 qdelay_l_ms=1.09304 qdelay_c_ms=2.12534 ecn_mark=956 drop=0
[QUEUE_STATS] t_ms=12400 q_pkts=1 q_bytes=1504 qdelay_l_ms=0 qdelay_c_ms=2.1202 ecn_mark=957 drop=0
[QUEUE_STATS] t_ms=12416 q_pkts=1 q_bytes=1504 qdelay_l_ms=1.0816 qdelay_c_ms=0 ecn_mark=957 drop=0
[QUEUE_STATS] t_ms=12432 q_pkts=3 q_bytes=4512 qdelay_l_ms=1.10724 qdelay_c_ms=2.09107 ecn_mark=957 drop=0
[QUEUE_STATS] t_ms=12448 q_pkts=0 q_bytes=0 qdelay_l_ms=0 qdelay_c_ms=0 ecn_mark=957 drop=0
[QUEUE_STATS] t_ms=12464 q_pkts=5 q_bytes=7520 qdelay_l_ms=1.05367 qdelay_c_ms=1.04601 ecn_mark=958 drop=0
[QUEUE_STATS] t_ms=12480 q_pkts=1 q_bytes=1504 qdelay_l_ms=1.08682 qdelay_c_ms=0 ecn_mark=958 drop=0
[QUEUE_STATS] t_ms=12496 q_pkts=0 q_bytes=0 qdelay_l_ms=0 qdelay_c_ms=0 ecn_mark=958 drop=0
[QUEUE_STATS] t_ms=12512 q_pkts=4 q_bytes=6016 qdelay_l_ms=1.07413 qdelay_c_ms=2.06494 ecn_mark=958 drop=0
[QUEUE_STATS] t_ms=12528 q_pkts=1 q_bytes=1504 qdelay_l_ms=1.09867 qdelay_c_ms=0 ecn_mark=961 drop=0
[QUEUE_STATS] t_ms=12544 q_pkts=1 q_bytes=1504 qdelay_l_ms=1.07272 qdelay_c_ms=0 ecn_mark=961 drop=0
[QUEUE_STATS] t_ms=12560 q_pkts=5 q_bytes=7520 qdelay_l_ms=1.03744 qdelay_c_ms=1.07477 ecn_mark=961 drop=0
[QUEUE_STATS] t_ms=12576 q_pkts=1 q_bytes=1504 qdelay_l_ms=1.09708 qdelay_c_ms=0 ecn_mark=961 drop=0
[QUEUE_STATS] t_ms=12592 q_pkts=3 q_bytes=4512 qdelay_l_ms=1.04674 qdelay_c_ms=1.0369 ecn_mark=961 drop=0
[QUEUE_STATS] t_ms=12608 q_pkts=5 q_bytes=7520 qdelay_l_ms=1.04384 qdelay_c_ms=1.03533 ecn_mark=962 drop=0
[QUEUE_STATS] t_ms=12624 q_pkts=4 q_bytes=6016 qdelay_l_ms=1.08008 qdelay_c_ms=2.10021 ecn_mark=963 drop=0
[QUEUE_STATS] t_ms=12640 q_pkts=0 q_bytes=0 qdelay_l_ms=0 qdelay_c_ms=0 ecn_mark=963 drop=0
[QUEUE_STATS] t_ms=12656 q_pkts=2 q_bytes=3008 qdelay_l_ms=1.03774 qdelay_c_ms=1.0288 ecn_mark=965 drop=0
[QUEUE_STATS] t_ms=12672 q_pkts=3 q_bytes=4512 qdelay_l_ms=1.10161 qdelay_c_ms=1.09277 ecn_mark=965 drop=0
[QUEUE_STATS] t_ms=12688 q_pkts=3 q_bytes=4512 qdelay_l_ms=1.02763 qdelay_c_ms=1.01756 ecn_mark=965 drop=0
[QUEUE_STATS] t_ms=12704 q_pkts=0 q_bytes=0 qdelay_l_ms=0 qdelay_c_ms=0 ecn_mark=965 drop=0
[QUEUE_STATS] t_ms=12720 q_pkts=5 q_bytes=7520 qdelay_l_ms=1.11439 qdelay_c_ms=1.79875 ecn_mark=965 drop=0
[QUEUE_STATS] t_ms=12736 q_pkts=3 q_bytes=4512 qdelay_l_ms=1.08098 qdelay_c_ms=1.0731 ecn_mark=965 drop=0
[QUEUE_STATS] t_ms=12752 q_pkts=5 q_bytes=7520 qdelay_l_ms=1.08187 qdelay_c_ms=2.17671 ecn_mark=967 drop=0
[QUEUE_STATS] t_ms=12768 q_pkts=3 q_bytes=4512 qdelay_l_ms=1.06584 qdelay_c_ms=1.09314 ecn_mark=970 drop=0
[QUEUE_STATS] t_ms=12784 q_pkts=1 q_bytes=1504 qdelay_l_ms=1.00728 qdelay_c_ms=0 ecn_mark=971 drop=0
[QUEUE_STATS] t_ms=12800 q_pkts=5 q_bytes=7520 qdelay_l_ms=1.093 qdelay_c_ms=1.08479 ecn_mark=971 drop=0
[QUEUE_STATS] t_ms=12816 q_pkts=4 q_bytes=6016 qdelay_l_ms=1.0693 qdelay_c_ms=2.2223 ecn_mark=974 drop=0
[QUEUE_STATS] t_ms=12832 q_pkts=1 q_bytes=1504 qdelay_l_ms=1.06933 qdelay_c_ms=0 ecn_mark=974 drop=0
[QUEUE_STATS] t_ms=12848 q_pkts=1 q_bytes=1504 qdelay_l_ms=0.746352 qdelay_c_ms=0 ecn_mark=975 drop=0
[QUEUE_STATS] t_ms=12864 q_pkts=3 q_bytes=4512 qdelay_l_ms=0.908437 qdelay_c_ms=0.902025 ecn_mark=975 drop=0
[QUEUE_STATS] t_ms=12880 q_pkts=1 q_bytes=1504 qdelay_l_ms=1.08649 qdelay_c_ms=0 ecn_mark=976 drop=0
[QUEUE_STATS] t_ms=12896 q_pkts=0 q_bytes=0 qdelay_l_ms=0 qdelay_c_ms=0 ecn_mark=976 drop=0
[QUEUE_STATS] t_ms=12912 q_pkts=3 q_bytes=4512 qdelay_l_ms=1.07217 qdelay_c_ms=1.10902 ecn_mark=977 drop=0
[QUEUE_STATS] t_ms=12928 q_pkts=7 q_bytes=10528 qdelay_l_ms=0.942331 qdelay_c_ms=0.981775 ecn_mark=977 drop=0
[QUEUE_STATS] t_ms=12944 q_pkts=5 q_bytes=7520 qdelay_l_ms=1.05176 qdelay_c_ms=1.0434 ecn_mark=977 drop=0
[QUEUE_STATS] t_ms=12960 q_pkts=3 q_bytes=4512 qdelay_l_ms=0.955727 qdelay_c_ms=0.948092 ecn_mark=977 drop=0
[QUEUE_STATS] t_ms=12976 q_pkts=5 q_bytes=7520 qdelay_l_ms=1.128 qdelay_c_ms=1.11983 ecn_mark=978 drop=0
[QUEUE_STATS] t_ms=12992 q_pkts=4 q_bytes=6016 qdelay_l_ms=0.948413 qdelay_c_ms=0.938745 ecn_mark=978 drop=0
[QUEUE_STATS] t_ms=13009 q_pkts=0 q_bytes=0 qdelay_l_ms=0 qdelay_c_ms=0 ecn_mark=979 drop=0
[QUEUE_STATS] t_ms=13024 q_pkts=3 q_bytes=4512 qdelay_l_ms=1.06228 qdelay_c_ms=1.07315 ecn_mark=980 drop=0
[QUEUE_STATS] t_ms=13040 q_pkts=1 q_bytes=1504 qdelay_l_ms=1.07099 qdelay_c_ms=0 ecn_mark=980 drop=0
[QUEUE_STATS] t_ms=13056 q_pkts=3 q_bytes=4512 qdelay_l_ms=0.667825 qdelay_c_ms=0.697762 ecn_mark=981 drop=0
[QUEUE_STATS] t_ms=13072 q_pkts=1 q_bytes=1504 qdelay_l_ms=1.05104 qdelay_c_ms=0 ecn_mark=981 drop=0
[QUEUE_STATS] t_ms=13088 q_pkts=4 q_bytes=6016 qdelay_l_ms=1.07774 qdelay_c_ms=1.9918 ecn_mark=981 drop=0
[QUEUE_STATS] t_ms=13104 q_pkts=0 q_bytes=0 qdelay_l_ms=0 qdelay_c_ms=0 ecn_mark=981 drop=0
[QUEUE_STATS] t_ms=13120 q_pkts=5 q_bytes=7520 qdelay_l_ms=1.1009 qdelay_c_ms=1.09188 ecn_mark=981 drop=0
[QUEUE_STATS] t_ms=13136 q_pkts=0 q_bytes=0 qdelay_l_ms=0 qdelay_c_ms=0 ecn_mark=981 drop=0
[QUEUE_STATS] t_ms=13152 q_pkts=3 q_bytes=4512 qdelay_l_ms=1.0862 qdelay_c_ms=1.07973 ecn_mark=981 drop=0
[QUEUE_STATS] t_ms=13168 q_pkts=1 q_bytes=1504 qdelay_l_ms=0.899631 qdelay_c_ms=0 ecn_mark=981 drop=0
[QUEUE_STATS] t_ms=13184 q_pkts=4 q_bytes=6016 qdelay_l_ms=0.551978 qdelay_c_ms=0.586843 ecn_mark=982 drop=0
[QUEUE_STATS] t_ms=13200 q_pkts=1 q_bytes=1504 qdelay_l_ms=1.06215 qdelay_c_ms=0 ecn_mark=984 drop=0
[QUEUE_STATS] t_ms=13216 q_pkts=1 q_bytes=1504 qdelay_l_ms=1.06508 qdelay_c_ms=0 ecn_mark=986 drop=0
[QUEUE_STATS] t_ms=13232 q_pkts=1 q_bytes=1504 qdelay_l_ms=0 qdelay_c_ms=1.75241 ecn_mark=986 drop=0
[QUEUE_STATS] t_ms=13248 q_pkts=3 q_bytes=4512 qdelay_l_ms=1.09115 qdelay_c_ms=1.08282 ecn_mark=986 drop=0
[QUEUE_STATS] t_ms=13264 q_pkts=1 q_bytes=1504 qdelay_l_ms=0.87779 qdelay_c_ms=0 ecn_mark=988 drop=0
[QUEUE_STATS] t_ms=13280 q_pkts=4 q_bytes=6016 qdelay_l_ms=0 qdelay_c_ms=1.10538 ecn_mark=990 drop=0
[QUEUE_STATS] t_ms=13296 q_pkts=3 q_bytes=4512 qdelay_l_ms=1.06996 qdelay_c_ms=1.08153 ecn_mark=991 drop=0
[QUEUE_STATS] t_ms=13312 q_pkts=5 q_bytes=7520 qdelay_l_ms=1.09606 qdelay_c_ms=1.08919 ecn_mark=991 drop=0
[QUEUE_STATS] t_ms=13328 q_pkts=1 q_bytes=1504 qdelay_l_ms=0.635775 qdelay_c_ms=0 ecn_mark=991 drop=0
[QUEUE_STATS] t_ms=13344 q_pkts=1 q_bytes=1504 qdelay_l_ms=0.694746 qdelay_c_ms=0 ecn_mark=992 drop=0
[QUEUE_STATS] t_ms=13360 q_pkts=6 q_bytes=9024 qdelay_l_ms=1.09478 qdelay_c_ms=1.08875 ecn_mark=993 drop=0
[QUEUE_STATS] t_ms=13376 q_pkts=2 q_bytes=3008 qdelay_l_ms=1.08229 qdelay_c_ms=1.06778 ecn_mark=994 drop=0
[QUEUE_STATS] t_ms=13392 q_pkts=1 q_bytes=1504 qdelay_l_ms=0 qdelay_c_ms=1.07419 ecn_mark=994 drop=0
[QUEUE_STATS] t_ms=13408 q_pkts=3 q_bytes=4512 qdelay_l_ms=0.844867 qdelay_c_ms=0.865616 ecn_mark=994 drop=0
[QUEUE_STATS] t_ms=13424 q_pkts=5 q_bytes=7520 qdelay_l_ms=1.09867 qdelay_c_ms=1.49395 ecn_mark=995 drop=0
[QUEUE_STATS] t_ms=13440 q_pkts=0 q_bytes=0 qdelay_l_ms=0 qdelay_c_ms=0 ecn_mark=995 drop=0
[QUEUE_STATS] t_ms=13456 q_pkts=5 q_bytes=7520 qdelay_l_ms=0.86182 qdelay_c_ms=0.852562 ecn_mark=996 drop=0
[QUEUE_STATS] t_ms=13472 q_pkts=2 q_bytes=3008 qdelay_l_ms=0.743448 qdelay_c_ms=0 ecn_mark=996 drop=0
[QUEUE_STATS] t_ms=13488 q_pkts=4 q_bytes=6016 qdelay_l_ms=0.881256 qdelay_c_ms=0.874172 ecn_mark=998 drop=0
[QUEUE_STATS] t_ms=13504 q_pkts=0 q_bytes=0 qdelay_l_ms=0 qdelay_c_ms=0 ecn_mark=998 drop=0
[QUEUE_STATS] t_ms=13520 q_pkts=1 q_bytes=1504 qdelay_l_ms=1.07142 qdelay_c_ms=0 ecn_mark=999 drop=0
[QUEUE_STATS] t_ms=13536 q_pkts=1 q_bytes=1504 qdelay_l_ms=0.787409 qdelay_c_ms=0 ecn_mark=1000 drop=0
[QUEUE_STATS] t_ms=13552 q_pkts=3 q_bytes=4512 qdelay_l_ms=1.06715 qdelay_c_ms=1.09036 ecn_mark=1002 drop=0
[QUEUE_STATS] t_ms=13568 q_pkts=3 q_bytes=4512 qdelay_l_ms=1.06644 qdelay_c_ms=1.05984 ecn_mark=1003 drop=0
[QUEUE_STATS] t_ms=13584 q_pkts=1 q_bytes=1504 qdelay_l_ms=0 qdelay_c_ms=1.67157 ecn_mark=1003 drop=0
[QUEUE_STATS] t_ms=13600 q_pkts=3 q_bytes=4512 qdelay_l_ms=0.541228 qdelay_c_ms=0.552218 ecn_mark=1004 drop=0
[QUEUE_STATS] t_ms=13616 q_pkts=2 q_bytes=3008 qdelay_l_ms=1.07256 qdelay_c_ms=1.06522 ecn_mark=1006 drop=0
[QUEUE_STATS] t_ms=13632 q_pkts=1 q_bytes=1504 qdelay_l_ms=1.06911 qdelay_c_ms=0 ecn_mark=1007 drop=0
[QUEUE_STATS] t_ms=13648 q_pkts=3 q_bytes=4512 qdelay_l_ms=1.09009 qdelay_c_ms=1.08356 ecn_mark=1007 drop=0
[QUEUE_STATS] t_ms=13664 q_pkts=4 q_bytes=6016 qdelay_l_ms=1.06077 qdelay_c_ms=1.05465 ecn_mark=1009 drop=0
[QUEUE_STATS] t_ms=13680 q_pkts=2 q_bytes=3008 qdelay_l_ms=1.07376 qdelay_c_ms=2.12353 ecn_mark=1009 drop=0
[QUEUE_STATS] t_ms=13696 q_pkts=3 q_bytes=4512 qdelay_l_ms=0.692982 qdelay_c_ms=0.715745 ecn_mark=1009 drop=0
[QUEUE_STATS] t_ms=13712 q_pkts=1 q_bytes=1504 qdelay_l_ms=0.823057 qdelay_c_ms=0 ecn_mark=1011 drop=0
[QUEUE_STATS] t_ms=13728 q_pkts=2 q_bytes=3008 qdelay_l_ms=1.07231 qdelay_c_ms=1.06561 ecn_mark=1013 drop=0
[QUEUE_STATS] t_ms=13744 q_pkts=2 q_bytes=3008 qdelay_l_ms=1.06581 qdelay_c_ms=2.42416 ecn_mark=1013 drop=0
[QUEUE_STATS] t_ms=13760 q_pkts=5 q_bytes=7520 qdelay_l_ms=0.837564 qdelay_c_ms=0.880515 ecn_mark=1015 drop=0
[QUEUE_STATS] t_ms=13776 q_pkts=3 q_bytes=4512 qdelay_l_ms=1.08755 qdelay_c_ms=1.0774 ecn_mark=1016 drop=0
[QUEUE_STATS] t_ms=13792 q_pkts=2 q_bytes=3008 qdelay_l_ms=0 qdelay_c_ms=0.486163 ecn_mark=1016 drop=0
[QUEUE_STATS] t_ms=13808 q_pkts=1 q_bytes=1504 qdelay_l_ms=0.526159 qdelay_c_ms=0 ecn_mark=1017 drop=0
[QUEUE_STATS] t_ms=13824 q_pkts=3 q_bytes=4512 qdelay_l_ms=1.07906 qdelay_c_ms=2.13016 ecn_mark=1018 drop=0
[QUEUE_STATS] t_ms=13840 q_pkts=1 q_bytes=1504 qdelay_l_ms=1.05677 qdelay_c_ms=0 ecn_mark=1019 drop=0
[QUEUE_STATS] t_ms=13856 q_pkts=1 q_bytes=1504 qdelay_l_ms=1.06442 qdelay_c_ms=0 ecn_mark=1020 drop=0
[QUEUE_STATS] t_ms=13872 q_pkts=1 q_bytes=1504 qdelay_l_ms=1.07428 qdelay_c_ms=0 ecn_mark=1023 drop=0
[QUEUE_STATS] t_ms=13888 q_pkts=5 q_bytes=7520 qdelay_l_ms=1.06747 qdelay_c_ms=1.10252 ecn_mark=1026 drop=0
[QUEUE_STATS] t_ms=13904 q_pkts=3 q_bytes=4512 qdelay_l_ms=0.849747 qdelay_c_ms=0.843044 ecn_mark=1028 drop=0
[QUEUE_STATS] t_ms=13920 q_pkts=2 q_bytes=3008 qdelay_l_ms=0 qdelay_c_ms=1.07958 ecn_mark=1030 drop=0
[QUEUE_STATS] t_ms=13936 q_pkts=4 q_bytes=6016 qdelay_l_ms=0.842383 qdelay_c_ms=0.836873 ecn_mark=1032 drop=0
[QUEUE_STATS] t_ms=13952 q_pkts=5 q_bytes=7520 qdelay_l_ms=0.841541 qdelay_c_ms=0.834358 ecn_mark=1033 drop=0
[QUEUE_STATS] t_ms=13968 q_pkts=2 q_bytes=3008 qdelay_l_ms=1.07456 qdelay_c_ms=0 ecn_mark=1033 drop=0
[QUEUE_STATS] t_ms=13984 q_pkts=3 q_bytes=4512 qdelay_l_ms=1.06574 qdelay_c_ms=1.07693 ecn_mark=1034 drop=0
[QUEUE_STATS] t_ms=14000 q_pkts=3 q_bytes=4512 qdelay_l_ms=1.06873 qdelay_c_ms=2.18317 ecn_mark=1035 drop=0
[QUEUE_STATS] t_ms=14016 q_pkts=4 q_bytes=6016 qdelay_l_ms=1.06627 qdelay_c_ms=2.12117 ecn_mark=1036 drop=0
[QUEUE_STATS] t_ms=14032 q_pkts=2 q_bytes=3008 qdelay_l_ms=1.07146 qdelay_c_ms=1.06535 ecn_mark=1038 drop=0
[QUEUE_STATS] t_ms=14048 q_pkts=4 q_bytes=6016 qdelay_l_ms=1.08908 qdelay_c_ms=1.08313 ecn_mark=1039 drop=0
[QUEUE_STATS] t_ms=14064 q_pkts=5 q_bytes=7520 qdelay_l_ms=1.09706 qdelay_c_ms=2.1262 ecn_mark=1040 drop=0
[QUEUE_STATS] t_ms=14080 q_pkts=4 q_bytes=6016 qdelay_l_ms=0.701499 qdelay_c_ms=0.694496 ecn_mark=1041 drop=0
[QUEUE_STATS] t_ms=14096 q_pkts=3 q_bytes=4512 qdelay_l_ms=1.08824 qdelay_c_ms=1.08173 ecn_mark=1041 drop=0
[QUEUE_STATS] t_ms=14112 q_pkts=3 q_bytes=4512 qdelay_l_ms=1.06512 qdelay_c_ms=1.07588 ecn_mark=1044 drop=0
[QUEUE_STATS] t_ms=14128 q_pkts=1 q_bytes=1504 qdelay_l_ms=1.074 qdelay_c_ms=0 ecn_mark=1046 drop=0
[QUEUE_STATS] t_ms=14144 q_pkts=5 q_bytes=7520 qdelay_l_ms=1.05997 qdelay_c_ms=2.18147 ecn_mark=1049 drop=0
[QUEUE_STATS] t_ms=14160 q_pkts=3 q_bytes=4512 qdelay_l_ms=0.834739 qdelay_c_ms=0.856891 ecn_mark=1051 drop=0
[QUEUE_STATS] t_ms=14177 q_pkts=1 q_bytes=1504 qdelay_l_ms=1.07774 qdelay_c_ms=0 ecn_mark=1053 drop=0
[QUEUE_STATS] t_ms=14192 q_pkts=1 q_bytes=1504 qdelay_l_ms=0.88816 qdelay_c_ms=0 ecn_mark=1055 drop=0
[QUEUE_STATS] t_ms=14208 q_pkts=2 q_bytes=3008 qdelay_l_ms=1.07342 qdelay_c_ms=0 ecn_mark=1056 drop=0
[QUEUE_STATS] t_ms=14224 q_pkts=3 q_bytes=4512 qdelay_l_ms=1.06642 qdelay_c_ms=1.07715 ecn_mark=1056 drop=0
[QUEUE_STATS] t_ms=14240 q_pkts=5 q_bytes=7520 qdelay_l_ms=1.09604 qdelay_c_ms=1.08871 ecn_mark=1056 drop=0
[QUEUE_STATS] t_ms=14256 q_pkts=2 q_bytes=3008 qdelay_l_ms=1.06696 qdelay_c_ms=1.073 ecn_mark=1056 drop=0
[QUEUE_STATS] t_ms=14272 q_pkts=4 q_bytes=6016 qdelay_l_ms=0.836973 qdelay_c_ms=1.65111 ecn_mark=1057 drop=0
[QUEUE_STATS] t_ms=14288 q_pkts=4 q_bytes=6016 qdelay_l_ms=0 qdelay_c_ms=0.865286 ecn_mark=1057 drop=0
[QUEUE_STATS] t_ms=14304 q_pkts=1 q_bytes=1504 qdelay_l_ms=1.06893 qdelay_c_ms=0 ecn_mark=1057 drop=0
[QUEUE_STATS] t_ms=14320 q_pkts=0 q_bytes=0 qdelay_l_ms=0 qdelay_c_ms=0 ecn_mark=1057 drop=0
[QUEUE_STATS] t_ms=14336 q_pkts=3 q_bytes=4512 qdelay_l_ms=1.08473 qdelay_c_ms=1.07828 ecn_mark=1057 drop=0
[QUEUE_STATS] t_ms=14352 q_pkts=3 q_bytes=4512 qdelay_l_ms=0.639462 qdelay_c_ms=0.663256 ecn_mark=1058 drop=0
[QUEUE_STATS] t_ms=14368 q_pkts=4 q_bytes=6016 qdelay_l_ms=1.07333 qdelay_c_ms=1.068 ecn_mark=1060 drop=0
[QUEUE_STATS] t_ms=14384 q_pkts=6 q_bytes=9024 qdelay_l_ms=0 qdelay_c_ms=1.10303 ecn_mark=1061 drop=0
[QUEUE_STATS] t_ms=14400 q_pkts=5 q_bytes=7520 qdelay_l_ms=0.828176 qdelay_c_ms=1.77535 ecn_mark=1061 drop=0
[QUEUE_STATS] t_ms=14416 q_pkts=2 q_bytes=3008 qdelay_l_ms=1.05788 qdelay_c_ms=0 ecn_mark=1062 drop=0
[QUEUE_STATS] t_ms=14432 q_pkts=1 q_bytes=1504 qdelay_l_ms=1.06969 qdelay_c_ms=0 ecn_mark=1062 drop=0
[QUEUE_STATS] t_ms=14448 q_pkts=3 q_bytes=4512 qdelay_l_ms=1.04106 qdelay_c_ms=1.07059 ecn_mark=1065 drop=0
[QUEUE_STATS] t_ms=14464 q_pkts=5 q_bytes=7520 qdelay_l_ms=1.05373 qdelay_c_ms=1.046 ecn_mark=1065 drop=0
[QUEUE_STATS] t_ms=14480 q_pkts=5 q_bytes=7520 qdelay_l_ms=0.824018 qdelay_c_ms=0.834708 ecn_mark=1065 drop=0
[QUEUE_STATS] t_ms=14496 q_pkts=3 q_bytes=4512 qdelay_l_ms=1.05319 qdelay_c_ms=1.04359 ecn_mark=1065 drop=0
[QUEUE_STATS] t_ms=14512 q_pkts=4 q_bytes=6016 qdelay_l_ms=1.0769 qdelay_c_ms=2.12011 ecn_mark=1066 drop=0
[QUEUE_STATS] t_ms=14528 q_pkts=2 q_bytes=3008 qdelay_l_ms=0.05275 qdelay_c_ms=0.039905 ecn_mark=1067 drop=0
[QUEUE_STATS] t_ms=14544 q_pkts=3 q_bytes=4512 qdelay_l_ms=1.06471 qdelay_c_ms=2.17392 ecn_mark=1069 drop=0
[QUEUE_STATS] t_ms=14560 q_pkts=1 q_bytes=1504 qdelay_l_ms=0.860848 qdelay_c_ms=0 ecn_mark=1071 drop=0
[QUEUE_STATS] t_ms=14576 q_pkts=3 q_bytes=4512 qdelay_l_ms=0.03751 qdelay_c_ms=0.029385 ecn_mark=1072 drop=0
[QUEUE_STATS] t_ms=14592 q_pkts=2 q_bytes=3008 qdelay_l_ms=1.07899 qdelay_c_ms=1.10382 ecn_mark=1074 drop=0
[QUEUE_STATS] t_ms=14608 q_pkts=4 q_bytes=6016 qdelay_l_ms=1.06682 qdelay_c_ms=1.09468 ecn_mark=1077 drop=0
[QUEUE_STATS] t_ms=14624 q_pkts=4 q_bytes=6016 qdelay_l_ms=0 qdelay_c_ms=0.029666 ecn_mark=1077 drop=0
[QUEUE_STATS] t_ms=14640 q_pkts=0 q_bytes=0 qdelay_l_ms=0 qdelay_c_ms=0 ecn_mark=1077 drop=0
[QUEUE_STATS] t_ms=14656 q_pkts=3 q_bytes=4512 qdelay_l_ms=1.07249 qdelay_c_ms=1.06693 ecn_mark=1077 drop=0
[QUEUE_STATS] t_ms=14672 q_pkts=5 q_bytes=7520 qdelay_l_ms=1.09901 qdelay_c_ms=1.09247 ecn_mark=1079 drop=0
[QUEUE_STATS] t_ms=14688 q_pkts=1 q_bytes=1504 qdelay_l_ms=0.975313 qdelay_c_ms=0 ecn_mark=1079 drop=0
[QUEUE_STATS] t_ms=14704 q_pkts=7 q_bytes=10528 qdelay_l_ms=0.870927 qdelay_c_ms=1.94663 ecn_mark=1079 drop=0
[QUEUE_STATS] t_ms=14720 q_pkts=4 q_bytes=6016 qdelay_l_ms=1.08745 qdelay_c_ms=1.08161 ecn_mark=1080 drop=0
[QUEUE_STATS] t_ms=14736 q_pkts=5 q_bytes=7520 qdelay_l_ms=1.06699 qdelay_c_ms=1.10104 ecn_mark=1081 drop=0
[QUEUE_STATS] t_ms=14752 q_pkts=5 q_bytes=7520 qdelay_l_ms=0.674918 qdelay_c_ms=0.668607 ecn_mark=1081 drop=0
[QUEUE_STATS] t_ms=14769 q_pkts=3 q_bytes=4512 qdelay_l_ms=1.07491 qdelay_c_ms=1.12069 ecn_mark=1082 drop=0
[QUEUE_STATS] t_ms=14784 q_pkts=2 q_bytes=3008 qdelay_l_ms=0.8673 qdelay_c_ms=0.874193 ecn_mark=1084 drop=0
[QUEUE_STATS] t_ms=14800 q_pkts=3 q_bytes=4512 qdelay_l_ms=1.06588 qdelay_c_ms=1.08463 ecn_mark=1084 drop=0
[QUEUE_STATS] t_ms=14816 q_pkts=1 q_bytes=1504 qdelay_l_ms=1.0728 qdelay_c_ms=0 ecn_mark=1085 drop=0
[QUEUE_STATS] t_ms=14832 q_pkts=2 q_bytes=3008 qdelay_l_ms=0 qdelay_c_ms=1.06598 ecn_mark=1087 drop=0
[QUEUE_STATS] t_ms=14848 q_pkts=3 q_bytes=4512 qdelay_l_ms=0.858924 qdelay_c_ms=0.88319 ecn_mark=1090 drop=0
[QUEUE_STATS] t_ms=14864 q_pkts=5 q_bytes=7520 qdelay_l_ms=0.859495 qdelay_c_ms=0.898909 ecn_mark=1092 drop=0
[QUEUE_STATS] t_ms=14880 q_pkts=5 q_bytes=7520 qdelay_l_ms=1.06773 qdelay_c_ms=1.10498 ecn_mark=1092 drop=0
[QUEUE_STATS] t_ms=14896 q_pkts=1 q_bytes=1504 qdelay_l_ms=1.06235 qdelay_c_ms=0 ecn_mark=1092 drop=0
[QUEUE_STATS] t_ms=14912 q_pkts=2 q_bytes=3008 qdelay_l_ms=1.08328 qdelay_c_ms=2.12204 ecn_mark=1093 drop=0
[QUEUE_STATS] t_ms=14928 q_pkts=3 q_bytes=4512 qdelay_l_ms=0.456017 qdelay_c_ms=0.480493 ecn_mark=1094 drop=0
[QUEUE_STATS] t_ms=14944 q_pkts=3 q_bytes=4512 qdelay_l_ms=1.03082 qdelay_c_ms=1.07529 ecn_mark=1094 drop=0
[QUEUE_STATS] t_ms=14960 q_pkts=2 q_bytes=3008 qdelay_l_ms=0.879834 qdelay_c_ms=1.73596 ecn_mark=1096 drop=0
[QUEUE_STATS] t_ms=14976 q_pkts=5 q_bytes=7520 qdelay_l_ms=1.06752 qdelay_c_ms=1.11238 ecn_mark=1097 drop=0
[QUEUE_STATS] t_ms=14992 q_pkts=3 q_bytes=4512 qdelay_l_ms=1.05186 qdelay_c_ms=1.06255 ecn_mark=1097 drop=0
[QUEUE_STATS] t_ms=15008 q_pkts=5 q_bytes=7520 qdelay_l_ms=0.872019 qdelay_c_ms=0.864946 ecn_mark=1098 drop=0
[QUEUE_STATS] t_ms=15024 q_pkts=4 q_bytes=6016 qdelay_l_ms=0.880886 qdelay_c_ms=0.873772 ecn_mark=1099 drop=0
[QUEUE_STATS] t_ms=15040 q_pkts=1 q_bytes=1504 qdelay_l_ms=0.902186 qdelay_c_ms=0 ecn_mark=1102 drop=0
[QUEUE_STATS] t_ms=15056 q_pkts=3 q_bytes=4512 qdelay_l_ms=0.855438 qdelay_c_ms=0.878181 ecn_mark=1104 drop=0
[QUEUE_STATS] t_ms=15072 q_pkts=3 q_bytes=4512 qdelay_l_ms=1.08414 qdelay_c_ms=2.14902 ecn_mark=1107 drop=0
[QUEUE_STATS] t_ms=15088 q_pkts=1 q_bytes=1504 qdelay_l_ms=1.06251 qdelay_c_ms=0 ecn_mark=1108 drop=0
[QUEUE_STATS] t_ms=15104 q_pkts=3 q_bytes=4512 qdelay_l_ms=1.08847 qdelay_c_ms=1.0816 ecn_mark=1109 drop=0
[QUEUE_STATS] t_ms=15120 q_pkts=3 q_bytes=4512 qdelay_l_ms=1.09814 qdelay_c_ms=1.08918 ecn_mark=1110 drop=0
[QUEUE_STATS] t_ms=15136 q_pkts=3 q_bytes=4512 qdelay_l_ms=0.882068 qdelay_c_ms=0.902176 ecn_mark=1110 drop=0
[QUEUE_STATS] t_ms=15152 q_pkts=6 q_bytes=9024 qdelay_l_ms=0 qdelay_c_ms=0.898258 ecn_mark=1111 drop=0
[QUEUE_STATS] t_ms=15168 q_pkts=4 q_bytes=6016 qdelay_l_ms=1.09438 qdelay_c_ms=1.07968 ecn_mark=1112 drop=0
[QUEUE_STATS] t_ms=15184 q_pkts=4 q_bytes=6016 qdelay_l_ms=0.924738 qdelay_c_ms=0.917965 ecn_mark=1113 drop=0
[QUEUE_STATS] t_ms=15200 q_pkts=5 q_bytes=7520 qdelay_l_ms=1.10424 qdelay_c_ms=1.08309 ecn_mark=1113 drop=0
[QUEUE_STATS] t_ms=15216 q_pkts=5 q_bytes=7520 qdelay_l_ms=1.11099 qdelay_c_ms=1.10172 ecn_mark=1116 drop=0
[QUEUE_STATS] t_ms=15232 q_pkts=1 q_bytes=1504 qdelay_l_ms=0.922093 qdelay_c_ms=0 ecn_mark=1119 drop=0
[QUEUE_STATS] t_ms=15248 q_pkts=0 q_bytes=0 qdelay_l_ms=0 qdelay_c_ms=0 ecn_mark=1120 drop=0
[QUEUE_STATS] t_ms=15264 q_pkts=3 q_bytes=4512 qdelay_l_ms=0.890063 qdelay_c_ms=0.880856 ecn_mark=1121 drop=0
[QUEUE_STATS] t_ms=15280 q_pkts=5 q_bytes=7520 qdelay_l_ms=0.864044 qdelay_c_ms=0.901214 ecn_mark=1123 drop=0
[QUEUE_STATS] t_ms=15296 q_pkts=5 q_bytes=7520 qdelay_l_ms=1.00581 qdelay_c_ms=1.05422 ecn_mark=1124 drop=0
[QUEUE_STATS] t_ms=15312 q_pkts=5 q_bytes=7520 qdelay_l_ms=0.731876 qdelay_c_ms=0.772222 ecn_mark=1125 drop=0
[QUEUE_STATS] t_ms=15328 q_pkts=3 q_bytes=4512 qdelay_l_ms=1.06218 qdelay_c_ms=1.08167 ecn_mark=1126 drop=0
[QUEUE_STATS] t_ms=15344 q_pkts=7 q_bytes=10528 qdelay_l_ms=1.08073 qdelay_c_ms=1.07582 ecn_mark=1126 drop=0
[QUEUE_STATS] t_ms=15360 q_pkts=3 q_bytes=4512 qdelay_l_ms=1.0791 qdelay_c_ms=1.07298 ecn_mark=1127 drop=0
[QUEUE_STATS] t_ms=15376 q_pkts=6 q_bytes=9024 qdelay_l_ms=0.942651 qdelay_c_ms=0.935738 ecn_mark=1127 drop=0
[QUEUE_STATS] t_ms=15392 q_pkts=4 q_bytes=6016 qdelay_l_ms=1.06665 qdelay_c_ms=1.09545 ecn_mark=1127 drop=0
[QUEUE_STATS] t_ms=15408 q_pkts=3 q_bytes=4512 qdelay_l_ms=1.09261 qdelay_c_ms=1.08279 ecn_mark=1127 drop=0
[QUEUE_STATS] t_ms=15424 q_pkts=1 q_bytes=1504 qdelay_l_ms=1.07733 qdelay_c_ms=0 ecn_mark=1129 drop=0
[QUEUE_STATS] t_ms=15440 q_pkts=4 q_bytes=6016 qdelay_l_ms=1.09702 qdelay_c_ms=1.0897 ecn_mark=1129 drop=0
[QUEUE_STATS] t_ms=15456 q_pkts=3 q_bytes=4512 qdelay_l_ms=0.536408 qdelay_c_ms=0.527932 ecn_mark=1129 drop=0
[QUEUE_STATS] t_ms=15472 q_pkts=3 q_bytes=4512 qdelay_l_ms=1.06469 qdelay_c_ms=2.17256 ecn_mark=1130 drop=0
[QUEUE_STATS] t_ms=15488 q_pkts=3 q_bytes=4512 qdelay_l_ms=1.09889 qdelay_c_ms=1.09201 ecn_mark=1134 drop=0
[QUEUE_STATS] t_ms=15504 q_pkts=4 q_bytes=6016 qdelay_l_ms=0.940708 qdelay_c_ms=0.93117 ecn_mark=1134 drop=0
[QUEUE_STATS] t_ms=15520 q_pkts=2 q_bytes=3008 qdelay_l_ms=0.942041 qdelay_c_ms=0 ecn_mark=1135 drop=0
[QUEUE_STATS] t_ms=15536 q_pkts=7 q_bytes=10528 qdelay_l_ms=0.86702 qdelay_c_ms=0.918647 ecn_mark=1136 drop=0
[QUEUE_STATS] t_ms=15552 q_pkts=4 q_bytes=6016 qdelay_l_ms=0.91521 qdelay_c_ms=0.943594 ecn_mark=1138 drop=0
[QUEUE_STATS] t_ms=15568 q_pkts=1 q_bytes=1504 qdelay_l_ms=0.94713 qdelay_c_ms=0 ecn_mark=1139 drop=0
[QUEUE_STATS] t_ms=15584 q_pkts=4 q_bytes=6016 qdelay_l_ms=1.09993 qdelay_c_ms=1.0804 ecn_mark=1140 drop=0
[QUEUE_STATS] t_ms=15600 q_pkts=3 q_bytes=4512 qdelay_l_ms=1.09404 qdelay_c_ms=2.14912 ecn_mark=1141 drop=0
[QUEUE_STATS] t_ms=15616 q_pkts=3 q_bytes=4512 qdelay_l_ms=0.943142 qdelay_c_ms=0.936059 ecn_mark=1141 drop=0
[QUEUE_STATS] t_ms=15632 q_pkts=2 q_bytes=3008 qdelay_l_ms=0 qdelay_c_ms=1.07291 ecn_mark=1142 drop=0
[QUEUE_STATS] t_ms=15648 q_pkts=3 q_bytes=4512 qdelay_l_ms=1.07691 qdelay_c_ms=1.07054 ecn_mark=1142 drop=0
[QUEUE_STATS] t_ms=15664 q_pkts=5 q_bytes=7520 qdelay_l_ms=1.09054 qdelay_c_ms=2.14508 ecn_mark=1142 drop=0
[QUEUE_STATS] t_ms=15680 q_pkts=5 q_bytes=7520 qdelay_l_ms=1.04637 qdelay_c_ms=2.13115 ecn_mark=1144 drop=0
[QUEUE_STATS] t_ms=15696 q_pkts=3 q_bytes=4512 qdelay_l_ms=1.08983 qdelay_c_ms=1.08117 ecn_mark=1148 drop=0
[QUEUE_STATS] t_ms=15712 q_pkts=3 q_bytes=4512 qdelay_l_ms=0.964032 qdelay_c_ms=0.958041 ecn_mark=1150 drop=0
[QUEUE_STATS] t_ms=15728 q_pkts=7 q_bytes=10528 qdelay_l_ms=0.925088 qdelay_c_ms=1.91586 ecn_mark=1151 drop=0
[QUEUE_STATS] t_ms=15744 q_pkts=5 q_bytes=7520 qdelay_l_ms=0.477568 qdelay_c_ms=1.58137 ecn_mark=1153 drop=0
[QUEUE_STATS] t_ms=15760 q_pkts=4 q_bytes=6016 qdelay_l_ms=1.103 qdelay_c_ms=1.09398 ecn_mark=1154 drop=0
[QUEUE_STATS] t_ms=15776 q_pkts=5 q_bytes=7520 qdelay_l_ms=1.06649 qdelay_c_ms=1.09957 ecn_mark=1154 drop=0
[QUEUE_STATS] t_ms=15792 q_pkts=4 q_bytes=6016 qdelay_l_ms=1.07606 qdelay_c_ms=2.14898 ecn_mark=1154 drop=0
[QUEUE_STATS] t_ms=15808 q_pkts=4 q_bytes=6016 qdelay_l_ms=1.08779 qdelay_c_ms=1.08097 ecn_mark=1154 drop=0
[QUEUE_STATS] t_ms=15824 q_pkts=5 q_bytes=7520 qdelay_l_ms=1.08353 qdelay_c_ms=1.07769 ecn_mark=1156 drop=0
[QUEUE_STATS] t_ms=15840 q_pkts=4 q_bytes=6016 qdelay_l_ms=0.79832 qdelay_c_ms=0.792319 ecn_mark=1156 drop=0
[QUEUE_STATS] t_ms=15856 q_pkts=2 q_bytes=3008 qdelay_l_ms=0 qdelay_c_ms=0.944625 ecn_mark=1156 drop=0
[QUEUE_STATS] t_ms=15872 q_pkts=7 q_bytes=10528 qdelay_l_ms=1.0949 qdelay_c_ms=1.08894 ecn_mark=1156 drop=0
[QUEUE_STATS] t_ms=15888 q_pkts=4 q_bytes=6016 qdelay_l_ms=1.0779 qdelay_c_ms=1.7306 ecn_mark=1156 drop=0
[QUEUE_STATS] t_ms=15904 q_pkts=2 q_bytes=3008 qdelay_l_ms=0.920269 qdelay_c_ms=0 ecn_mark=1157 drop=0
[QUEUE_STATS] t_ms=15920 q_pkts=6 q_bytes=9024 qdelay_l_ms=1.04812 qdelay_c_ms=2.20315 ecn_mark=1158 drop=0
[QUEUE_STATS] t_ms=15936 q_pkts=2 q_bytes=3008 qdelay_l_ms=1.09227 qdelay_c_ms=2.1666 ecn_mark=1160 drop=0
[QUEUE_STATS] t_ms=15952 q_pkts=2 q_bytes=3008 qdelay_l_ms=0.945698 qdelay_c_ms=0 ecn_mark=1161 drop=0
[QUEUE_STATS] t_ms=15968 q_pkts=1 q_bytes=1504 qdelay_l_ms=0 qdelay_c_ms=0.013014 ecn_mark=1163 drop=0
[QUEUE_STATS] t_ms=15985 q_pkts=4 q_bytes=6016 qdelay_l_ms=1.07644 qdelay_c_ms=1.10461 ecn_mark=1163 drop=0
[QUEUE_STATS] t_ms=16000 q_pkts=0 q_bytes=0 qdelay_l_ms=0 qdelay_c_ms=0 ecn_mark=1163 drop=0
[QUEUE_STATS] t_ms=16016 q_pkts=0 q_bytes=0 qdelay_l_ms=0 qdelay_c_ms=0 ecn_mark=1164 drop=0
[QUEUE_STATS] t_ms=16032 q_pkts=2 q_bytes=3008 qdelay_l_ms=0.652978 qdelay_c_ms=0 ecn_mark=1165 drop=0
[QUEUE_STATS] t_ms=16048 q_pkts=4 q_bytes=6016 qdelay_l_ms=0.944815 qdelay_c_ms=0.938353 ecn_mark=1165 drop=0
[QUEUE_STATS] t_ms=16064 q_pkts=3 q_bytes=4512 qdelay_l_ms=0.941119 qdelay_c_ms=0.935629 ecn_mark=1166 drop=0
[QUEUE_STATS] t_ms=16080 q_pkts=2 q_bytes=3008 qdelay_l_ms=1.07624 qdelay_c_ms=1.08197 ecn_mark=1166 drop=0
[QUEUE_STATS] t_ms=16096 q_pkts=4 q_bytes=6016 qdelay_l_ms=1.41885 qdelay_c_ms=0.938123 ecn_mark=1166 drop=0
[QUEUE_STATS] t_ms=16112 q_pkts=0 q_bytes=0 qdelay_l_ms=0 qdelay_c_ms=0 ecn_mark=1167 drop=0
[QUEUE_STATS] t_ms=16128 q_pkts=3 q_bytes=4512 qdelay_l_ms=1.06747 qdelay_c_ms=1.08499 ecn_mark=1169 drop=0
[QUEUE_STATS] t_ms=16144 q_pkts=3 q_bytes=4512 qdelay_l_ms=1.09491 qdelay_c_ms=1.08768 ecn_mark=1169 drop=0
[QUEUE_STATS] t_ms=16160 q_pkts=5 q_bytes=7520 qdelay_l_ms=0.797819 qdelay_c_ms=0.825732 ecn_mark=1170 drop=0
[QUEUE_STATS] t_ms=16176 q_pkts=3 q_bytes=4512 qdelay_l_ms=1.07561 qdelay_c_ms=1.09657 ecn_mark=1171 drop=0
[QUEUE_STATS] t_ms=16192 q_pkts=6 q_bytes=9024 qdelay_l_ms=1.06606 qdelay_c_ms=2.00773 ecn_mark=1172 drop=0
[QUEUE_STATS] t_ms=16208 q_pkts=0 q_bytes=0 qdelay_l_ms=0 qdelay_c_ms=0 ecn_mark=1172 drop=0
[QUEUE_STATS] t_ms=16224 q_pkts=3 q_bytes=4512 qdelay_l_ms=1.07241 qdelay_c_ms=1.0675 ecn_mark=1173 drop=0
[QUEUE_STATS] t_ms=16240 q_pkts=0 q_bytes=0 qdelay_l_ms=0 qdelay_c_ms=0 ecn_mark=1175 drop=0
[QUEUE_STATS] t_ms=16256 q_pkts=5 q_bytes=7520 qdelay_l_ms=0.9208 qdelay_c_ms=0.947831 ecn_mark=1176 drop=0
[QUEUE_STATS] t_ms=16272 q_pkts=3 q_bytes=4512 qdelay_l_ms=1.09141 qdelay_c_ms=1.0847 ecn_mark=1178 drop=0
[QUEUE_STATS] t_ms=16288 q_pkts=1 q_bytes=1504 qdelay_l_ms=1.09492 qdelay_c_ms=0 ecn_mark=1179 drop=0
[QUEUE_STATS] t_ms=16304 q_pkts=1 q_bytes=1504 qdelay_l_ms=1.06715 qdelay_c_ms=0 ecn_mark=1180 drop=0
[QUEUE_STATS] t_ms=16320 q_pkts=3 q_bytes=4512 qdelay_l_ms=1.06878 qdelay_c_ms=1.0903 ecn_mark=1182 drop=0
[QUEUE_STATS] t_ms=16336 q_pkts=4 q_bytes=6016 qdelay_l_ms=0.950406 qdelay_c_ms=0.943824 ecn_mark=1183 drop=0
[QUEUE_STATS] t_ms=16352 q_pkts=0 q_bytes=0 qdelay_l_ms=0 qdelay_c_ms=0 ecn_mark=1183 drop=0
[QUEUE_STATS] t_ms=16368 q_pkts=4 q_bytes=6016 qdelay_l_ms=1.0869 qdelay_c_ms=1.07992 ecn_mark=1185 drop=0
[QUEUE_STATS] t_ms=16384 q_pkts=3 q_bytes=4512 qdelay_l_ms=0.942832 qdelay_c_ms=0.936771 ecn_mark=1185 drop=0
[QUEUE_STATS] t_ms=16400 q_pkts=2 q_bytes=3008 qdelay_l_ms=0.906734 qdelay_c_ms=0 ecn_mark=1187 drop=0
[QUEUE_STATS] t_ms=16416 q_pkts=3 q_bytes=4512 qdelay_l_ms=1.07159 qdelay_c_ms=1.06572 ecn_mark=1188 drop=0
[QUEUE_STATS] t_ms=16432 q_pkts=1 q_bytes=1504 qdelay_l_ms=1.06129 qdelay_c_ms=0 ecn_mark=1192 drop=0
[QUEUE_STATS] t_ms=16448 q_pkts=8 q_bytes=12032 qdelay_l_ms=1.08162 qdelay_c_ms=1.07577 ecn_mark=1193 drop=0
[QUEUE_STATS] t_ms=16464 q_pkts=3 q_bytes=4512 qdelay_l_ms=0.967578 qdelay_c_ms=0.961146 ecn_mark=1196 drop=0
[QUEUE_STATS] t_ms=16480 q_pkts=2 q_bytes=3008 qdelay_l_ms=0.942732 qdelay_c_ms=0.935759 ecn_mark=1196 drop=0
[QUEUE_STATS] t_ms=16496 q_pkts=3 q_bytes=4512 qdelay_l_ms=1.06175 qdelay_c_ms=1.07168 ecn_mark=1197 drop=0
[QUEUE_STATS] t_ms=16512 q_pkts=1 q_bytes=1504 qdelay_l_ms=1.06606 qdelay_c_ms=0 ecn_mark=1198 drop=0
[QUEUE_STATS] t_ms=16528 q_pkts=5 q_bytes=7520 qdelay_l_ms=1.0612 qdelay_c_ms=1.08489 ecn_mark=1199 drop=0
[QUEUE_STATS] t_ms=16544 q_pkts=5 q_bytes=7520 qdelay_l_ms=1.09222 qdelay_c_ms=1.08591 ecn_mark=1202 drop=0
[QUEUE_STATS] t_ms=16560 q_pkts=1 q_bytes=1504 qdelay_l_ms=1.07265 qdelay_c_ms=0 ecn_mark=1204 drop=0
[QUEUE_STATS] t_ms=16576 q_pkts=4 q_bytes=6016 qdelay_l_ms=1.08407 qdelay_c_ms=1.0775 ecn_mark=1204 drop=0
[QUEUE_STATS] t_ms=16592 q_pkts=3 q_bytes=4512 qdelay_l_ms=1.0611 qdelay_c_ms=1.07252 ecn_mark=1204 drop=0
[QUEUE_STATS] t_ms=16608 q_pkts=1 q_bytes=1504 qdelay_l_ms=0.951549 qdelay_c_ms=0 ecn_mark=1205 drop=0
[QUEUE_STATS] t_ms=16624 q_pkts=1 q_bytes=1504 qdelay_l_ms=1.07497 qdelay_c_ms=0 ecn_mark=1206 drop=0
[QUEUE_STATS] t_ms=16640 q_pkts=3 q_bytes=4512 qdelay_l_ms=1.08016 qdelay_c_ms=1.0911 ecn_mark=1208 drop=0
[QUEUE_STATS] t_ms=16656 q_pkts=2 q_bytes=3008 qdelay_l_ms=1.07921 qdelay_c_ms=1.08755 ecn_mark=1211 drop=0
[QUEUE_STATS] t_ms=16672 q_pkts=3 q_bytes=4512 qdelay_l_ms=1.08549 qdelay_c_ms=2.12346 ecn_mark=1213 drop=0
[QUEUE_STATS] t_ms=16688 q_pkts=4 q_bytes=6016 qdelay_l_ms=0.964253 qdelay_c_ms=0.957921 ecn_mark=1216 drop=0
[QUEUE_STATS] t_ms=16705 q_pkts=3 q_bytes=4512 qdelay_l_ms=1.09207 qdelay_c_ms=1.08624 ecn_mark=1219 drop=0
[QUEUE_STATS] t_ms=16720 q_pkts=3 q_bytes=4512 qdelay_l_ms=1.07127 qdelay_c_ms=1.06553 ecn_mark=1219 drop=0
[QUEUE_STATS] t_ms=16736 q_pkts=0 q_bytes=0 qdelay_l_ms=0 qdelay_c_ms=0 ecn_mark=1222 drop=0
[QUEUE_STATS] t_ms=16752 q_pkts=2 q_bytes=3008 qdelay_l_ms=1.04098 qdelay_c_ms=0 ecn_mark=1223 drop=0
[QUEUE_STATS] t_ms=16768 q_pkts=1 q_bytes=1504 qdelay_l_ms=1.00334 qdelay_c_ms=0 ecn_mark=1224 drop=0
[QUEUE_STATS] t_ms=16784 q_pkts=5 q_bytes=7520 qdelay_l_ms=0.985823 qdelay_c_ms=0.97868 ecn_mark=1224 drop=0
[QUEUE_STATS] t_ms=16800 q_pkts=0 q_bytes=0 qdelay_l_ms=0 qdelay_c_ms=0 ecn_mark=1224 drop=0
[QUEUE_STATS] t_ms=16816 q_pkts=3 q_bytes=4512 qdelay_l_ms=0 qdelay_c_ms=1.07195 ecn_mark=1226 drop=0
[QUEUE_STATS] t_ms=16832 q_pkts=3 q_bytes=4512 qdelay_l_ms=0.934987 qdelay_c_ms=2.1987 ecn_mark=1226 drop=0
[QUEUE_STATS] t_ms=16848 q_pkts=1 q_bytes=1504 qdelay_l_ms=0.014126 qdelay_c_ms=0 ecn_mark=1227 drop=0
[QUEUE_STATS] t_ms=16864 q_pkts=1 q_bytes=1504 qdelay_l_ms=0.99014 qdelay_c_ms=0 ecn_mark=1228 drop=0
[QUEUE_STATS] t_ms=16880 q_pkts=1 q_bytes=1504 qdelay_l_ms=1.06709 qdelay_c_ms=0 ecn_mark=1229 drop=0
[QUEUE_STATS] t_ms=16896 q_pkts=2 q_bytes=3008 qdelay_l_ms=1.08125 qdelay_c_ms=1.07453 ecn_mark=1229 drop=0
[QUEUE_STATS] t_ms=16913 q_pkts=1 q_bytes=1504 qdelay_l_ms=1.08627 qdelay_c_ms=0 ecn_mark=1229 drop=0
[QUEUE_STATS] t_ms=16928 q_pkts=5 q_bytes=7520 qdelay_l_ms=0.964042 qdelay_c_ms=1.00055 ecn_mark=1230 drop=0
[QUEUE_STATS] t_ms=16944 q_pkts=1 q_bytes=1504 qdelay_l_ms=1.07488 qdelay_c_ms=0 ecn_mark=1233 drop=0
[QUEUE_STATS] t_ms=16960 q_pkts=3 q_bytes=4512 qdelay_l_ms=1.01237 qdelay_c_ms=1.0059 ecn_mark=1235 drop=0
[QUEUE_STATS] t_ms=16976 q_pkts=5 q_bytes=7520 qdelay_l_ms=1.01095 qdelay_c_ms=1.00436 ecn_mark=1235 drop=0
[QUEUE_STATS] t_ms=16992 q_pkts=1 q_bytes=1504 qdelay_l_ms=1.061 qdelay_c_ms=0 ecn_mark=1235 drop=0
[QUEUE_STATS] t_ms=17009 q_pkts=1 q_bytes=1504 qdelay_l_ms=1.09671 qdelay_c_ms=0 ecn_mark=1236 drop=0
[QUEUE_STATS] t_ms=17024 q_pkts=5 q_bytes=7520 qdelay_l_ms=1.02861 qdelay_c_ms=1.02213 ecn_mark=1239 drop=0
[QUEUE_STATS] t_ms=17041 q_pkts=2 q_bytes=3008 qdelay_l_ms=0 qdelay_c_ms=1.02856 ecn_mark=1240 drop=0
[QUEUE_STATS] t_ms=17056 q_pkts=7 q_bytes=10528 qdelay_l_ms=1.09257 qdelay_c_ms=1.08746 ecn_mark=1241 drop=0
[QUEUE_STATS] t_ms=17073 q_pkts=5 q_bytes=7520 qdelay_l_ms=1.10161 qdelay_c_ms=1.09516 ecn_mark=1243 drop=0
[QUEUE_STATS] t_ms=17088 q_pkts=8 q_bytes=12032 qdelay_l_ms=1.06652 qdelay_c_ms=2.33044 ecn_mark=1246 drop=0
[QUEUE_STATS] t_ms=17104 q_pkts=1 q_bytes=1504 qdelay_l_ms=1.06979 qdelay_c_ms=0 ecn_mark=1246 drop=0
[QUEUE_STATS] t_ms=17120 q_pkts=5 q_bytes=7520 qdelay_l_ms=1.0634 qdelay_c_ms=2.181 ecn_mark=1249 drop=0
[QUEUE_STATS] t_ms=17136 q_pkts=5 q_bytes=7520 qdelay_l_ms=1.0999 qdelay_c_ms=1.09131 ecn_mark=1250 drop=0
[QUEUE_STATS] t_ms=17152 q_pkts=2 q_bytes=3008 qdelay_l_ms=1.09576 qdelay_c_ms=1.08787 ecn_mark=1250 drop=0
[QUEUE_STATS] t_ms=17168 q_pkts=1 q_bytes=1504 qdelay_l_ms=1.06612 qdelay_c_ms=0 ecn_mark=1250 drop=0
[QUEUE_STATS] t_ms=17184 q_pkts=4 q_bytes=6016 qdelay_l_ms=1.07587 qdelay_c_ms=1.13963 ecn_mark=1252 drop=0
[QUEUE_STATS] t_ms=17200 q_pkts=3 q_bytes=4512 qdelay_l_ms=1.09266 qdelay_c_ms=1.08456 ecn_mark=1252 drop=0
[QUEUE_STATS] t_ms=17216 q_pkts=1 q_bytes=1504 qdelay_l_ms=1.02102 qdelay_c_ms=0 ecn_mark=1252 drop=0
[QUEUE_STATS] t_ms=17232 q_pkts=1 q_bytes=1504 qdelay_l_ms=1.01604 qdelay_c_ms=0 ecn_mark=1252 drop=0
[QUEUE_STATS] t_ms=17248 q_pkts=1 q_bytes=1504 qdelay_l_ms=1.09683 qdelay_c_ms=0 ecn_mark=1253 drop=0
[QUEUE_STATS] t_ms=17264 q_pkts=1 q_bytes=1504 qdelay_l_ms=1.07979 qdelay_c_ms=0 ecn_mark=1254 drop=0
[QUEUE_STATS] t_ms=17280 q_pkts=1 q_bytes=1504 qdelay_l_ms=1.0106 qdelay_c_ms=0 ecn_mark=1255 drop=0
[QUEUE_STATS] t_ms=17297 q_pkts=2 q_bytes=3008 qdelay_l_ms=1.0857 qdelay_c_ms=1.07624 ecn_mark=1255 drop=0
[QUEUE_STATS] t_ms=17312 q_pkts=1 q_bytes=1504 qdelay_l_ms=1.07157 qdelay_c_ms=0 ecn_mark=1257 drop=0
[QUEUE_STATS] t_ms=17328 q_pkts=1 q_bytes=1504 qdelay_l_ms=1.06513 qdelay_c_ms=0 ecn_mark=1257 drop=0
[QUEUE_STATS] t_ms=17344 q_pkts=0 q_bytes=0 qdelay_l_ms=0 qdelay_c_ms=0 ecn_mark=1258 drop=0
[QUEUE_STATS] t_ms=17360 q_pkts=7 q_bytes=10528 qdelay_l_ms=1.11833 qdelay_c_ms=1.10817 ecn_mark=1258 drop=0
[QUEUE_STATS] t_ms=17376 q_pkts=0 q_bytes=0 qdelay_l_ms=0 qdelay_c_ms=0 ecn_mark=1258 drop=0
[QUEUE_STATS] t_ms=17392 q_pkts=1 q_bytes=1504 qdelay_l_ms=0.992094 qdelay_c_ms=0 ecn_mark=1258 drop=0
[QUEUE_STATS] t_ms=17408 q_pkts=1 q_bytes=1504 qdelay_l_ms=1.06625 qdelay_c_ms=0 ecn_mark=1258 drop=0
[QUEUE_STATS] t_ms=17424 q_pkts=1 q_bytes=1504 qdelay_l_ms=1.06388 qdelay_c_ms=0 ecn_mark=1258 drop=0
[QUEUE_STATS] t_ms=17440 q_pkts=2 q_bytes=3008 qdelay_l_ms=0 qdelay_c_ms=1.07558 ecn_mark=1259 drop=0
[QUEUE_STATS] t_ms=17456 q_pkts=3 q_bytes=4512 qdelay_l_ms=1.07799 qdelay_c_ms=1.07227 ecn_mark=1259 drop=0
[QUEUE_STATS] t_ms=17472 q_pkts=0 q_bytes=0 qdelay_l_ms=0 qdelay_c_ms=0 ecn_mark=1260 drop=0
[QUEUE_STATS] t_ms=17488 q_pkts=5 q_bytes=7520 qdelay_l_ms=0.93648 qdelay_c_ms=0.970294 ecn_mark=1260 drop=0
[QUEUE_STATS] t_ms=17504 q_pkts=1 q_bytes=1504 qdelay_l_ms=1.08178 qdelay_c_ms=0 ecn_mark=1260 drop=0
[QUEUE_STATS] t_ms=17520 q_pkts=2 q_bytes=3008 qdelay_l_ms=1.06141 qdelay_c_ms=1.06675 ecn_mark=1263 drop=0
[QUEUE_STATS] t_ms=17536 q_pkts=1 q_bytes=1504 qdelay_l_ms=1.08104 qdelay_c_ms=0 ecn_mark=1264 drop=0
[QUEUE_STATS] t_ms=17552 q_pkts=5 q_bytes=7520 qdelay_l_ms=1.07445 qdelay_c_ms=1.06761 ecn_mark=1265 drop=0
[QUEUE_STATS] t_ms=17568 q_pkts=0 q_bytes=0 qdelay_l_ms=0 qdelay_c_ms=0 ecn_mark=1265 drop=0
[QUEUE_STATS] t_ms=17584 q_pkts=1 q_bytes=1504 qdelay_l_ms=1.0614 qdelay_c_ms=0 ecn_mark=1266 drop=0
[QUEUE_STATS] t_ms=17600 q_pkts=1 q_bytes=1504 qdelay_l_ms=1.12283 qdelay_c_ms=0 ecn_mark=1266 drop=0
[QUEUE_STATS] t_ms=17616 q_pkts=1 q_bytes=1504 qdelay_l_ms=0.977477 qdelay_c_ms=0 ecn_mark=1266 drop=0
[QUEUE_STATS] t_ms=17632 q_pkts=0 q_bytes=0 qdelay_l_ms=0 qdelay_c_ms=0 ecn_mark=1267 drop=0
[QUEUE_STATS] t_ms=17648 q_pkts=1 q_bytes=1504 qdelay_l_ms=0.948062 qdelay_c_ms=0 ecn_mark=1269 drop=0
[QUEUE_STATS] t_ms=17664 q_pkts=1 q_bytes=1504 qdelay_l_ms=1.07803 qdelay_c_ms=0 ecn_mark=1271 drop=0
[QUEUE_STATS] t_ms=17680 q_pkts=1 q_bytes=1504 qdelay_l_ms=1.08075 qdelay_c_ms=0 ecn_mark=1273 drop=0
[QUEUE_STATS] t_ms=17696 q_pkts=3 q_bytes=4512 qdelay_l_ms=1.07433 qdelay_c_ms=1.06671 ecn_mark=1273 drop=0
[QUEUE_STATS] t_ms=17712 q_pkts=1 q_bytes=1504 qdelay_l_ms=1.06821 qdelay_c_ms=0 ecn_mark=1274 drop=0
[QUEUE_STATS] t_ms=17728 q_pkts=3 q_bytes=4512 qdelay_l_ms=0.955616 qdelay_c_ms=0.950716 ecn_mark=1276 drop=0
[QUEUE_STATS] t_ms=17744 q_pkts=4 q_bytes=6016 qdelay_l_ms=1.00195 qdelay_c_ms=2.15349 ecn_mark=1276 drop=0
[QUEUE_STATS] t_ms=17760 q_pkts=6 q_bytes=9024 qdelay_l_ms=1.07771 qdelay_c_ms=1.06944 ecn_mark=1277 drop=0
[QUEUE_STATS] t_ms=17776 q_pkts=1 q_bytes=1504 qdelay_l_ms=0.970835 qdelay_c_ms=0 ecn_mark=1279 drop=0
[QUEUE_STATS] t_ms=17792 q_pkts=4 q_bytes=6016 qdelay_l_ms=1.07142 qdelay_c_ms=1.06355 ecn_mark=1279 drop=0
[QUEUE_STATS] t_ms=17808 q_pkts=1 q_bytes=1504 qdelay_l_ms=1.06922 qdelay_c_ms=0 ecn_mark=1279 drop=0
[QUEUE_STATS] t_ms=17824 q_pkts=1 q_bytes=1504 qdelay_l_ms=1.06729 qdelay_c_ms=0 ecn_mark=1280 drop=0
[QUEUE_STATS] t_ms=17840 q_pkts=1 q_bytes=1504 qdelay_l_ms=1.09357 qdelay_c_ms=0 ecn_mark=1284 drop=0
[QUEUE_STATS] t_ms=17856 q_pkts=0 q_bytes=0 qdelay_l_ms=0 qdelay_c_ms=0 ecn_mark=1284 drop=0
[QUEUE_STATS] t_ms=17872 q_pkts=3 q_bytes=4512 qdelay_l_ms=0.965455 qdelay_c_ms=1.87764 ecn_mark=1285 drop=0
[QUEUE_STATS] t_ms=17888 q_pkts=3 q_bytes=4512 qdelay_l_ms=1.08434 qdelay_c_ms=1.07859 ecn_mark=1285 drop=0
[QUEUE_STATS] t_ms=17904 q_pkts=2 q_bytes=3008 qdelay_l_ms=0.053591 qdelay_c_ms=0.04265 ecn_mark=1285 drop=0
[QUEUE_STATS] t_ms=17920 q_pkts=5 q_bytes=7520 qdelay_l_ms=0.982166 qdelay_c_ms=1.92827 ecn_mark=1285 drop=0
[QUEUE_STATS] t_ms=17936 q_pkts=5 q_bytes=7520 qdelay_l_ms=0.969432 qdelay_c_ms=0.963972 ecn_mark=1286 drop=0
[QUEUE_STATS] t_ms=17952 q_pkts=3 q_bytes=4512 qdelay_l_ms=0.968229 qdelay_c_ms=1.47317 ecn_mark=1288 drop=0
[QUEUE_STATS] t_ms=17968 q_pkts=1 q_bytes=1504 qdelay_l_ms=1.07746 qdelay_c_ms=0 ecn_mark=1289 drop=0
[QUEUE_STATS] t_ms=17984 q_pkts=1 q_bytes=1504 qdelay_l_ms=1.09213 qdelay_c_ms=0 ecn_mark=1292 drop=0
[QUEUE_STATS] t_ms=18000 q_pkts=1 q_bytes=1504 qdelay_l_ms=1.01497 qdelay_c_ms=0 ecn_mark=1294 drop=0
[QUEUE_STATS] t_ms=18016 q_pkts=1 q_bytes=1504 qdelay_l_ms=0.980663 qdelay_c_ms=0 ecn_mark=1295 drop=0
[QUEUE_STATS] t_ms=18032 q_pkts=1 q_bytes=1504 qdelay_l_ms=1.07971 qdelay_c_ms=0 ecn_mark=1297 drop=0
[QUEUE_STATS] t_ms=18048 q_pkts=6 q_bytes=9024 qdelay_l_ms=1.00446 qdelay_c_ms=2.50456 ecn_mark=1298 drop=0
[QUEUE_STATS] t_ms=18064 q_pkts=2 q_bytes=3008 qdelay_l_ms=0.998036 qdelay_c_ms=1.91985 ecn_mark=1298 drop=0
[QUEUE_STATS] t_ms=18080 q_pkts=7 q_bytes=10528 qdelay_l_ms=1.02462 qdelay_c_ms=1.07856 ecn_mark=1299 drop=0
[QUEUE_STATS] t_ms=18096 q_pkts=1 q_bytes=1504 qdelay_l_ms=1.07201 qdelay_c_ms=0 ecn_mark=1301 drop=0
[QUEUE_STATS] t_ms=18112 q_pkts=1 q_bytes=1504 qdelay_l_ms=1.06765 qdelay_c_ms=0 ecn_mark=1302 drop=0
[QUEUE_STATS] t_ms=18128 q_pkts=1 q_bytes=1504 qdelay_l_ms=0.622269 qdelay_c_ms=0 ecn_mark=1304 drop=0
[QUEUE_STATS] t_ms=18144 q_pkts=0 q_bytes=0 qdelay_l_ms=0 qdelay_c_ms=0 ecn_mark=1304 drop=0
[QUEUE_STATS] t_ms=18160 q_pkts=1 q_bytes=1504 qdelay_l_ms=1.00791 qdelay_c_ms=0 ecn_mark=1306 drop=0
[QUEUE_STATS] t_ms=18176 q_pkts=3 q_bytes=4512 qdelay_l_ms=1.00429 qdelay_c_ms=0.998307 ecn_mark=1307 drop=0
[QUEUE_STATS] t_ms=18193 q_pkts=4 q_bytes=6016 qdelay_l_ms=1.09046 qdelay_c_ms=2.12099 ecn_mark=1307 drop=0
[QUEUE_STATS] t_ms=18208 q_pkts=1 q_bytes=1504 qdelay_l_ms=0 qdelay_c_ms=1.97047 ecn_mark=1307 drop=0
[QUEUE_STATS] t_ms=18224 q_pkts=1 q_bytes=1504 qdelay_l_ms=1.02309 qdelay_c_ms=0 ecn_mark=1307 drop=0
[QUEUE_STATS] t_ms=18240 q_pkts=2 q_bytes=3008 qdelay_l_ms=1.06794 qdelay_c_ms=1.06235 ecn_mark=1308 drop=0
[QUEUE_STATS] t_ms=18256 q_pkts=0 q_bytes=0 qdelay_l_ms=0 qdelay_c_ms=0 ecn_mark=1310 drop=0
[QUEUE_STATS] t_ms=18272 q_pkts=2 q_bytes=3008 qdelay_l_ms=1.0627 qdelay_c_ms=1.06878 ecn_mark=1310 drop=0
[QUEUE_STATS] t_ms=18288 q_pkts=2 q_bytes=3008 qdelay_l_ms=1.0652 qdelay_c_ms=0 ecn_mark=1310 drop=0
[QUEUE_STATS] t_ms=18304 q_pkts=1 q_bytes=1504 qdelay_l_ms=1.06727 qdelay_c_ms=0 ecn_mark=1310 drop=0
[QUEUE_STATS] t_ms=18320 q_pkts=5 q_bytes=7520 qdelay_l_ms=0.986123 qdelay_c_ms=0.97901 ecn_mark=1310 drop=0
[QUEUE_STATS] t_ms=18336 q_pkts=5 q_bytes=7520 qdelay_l_ms=0.985312 qdelay_c_ms=0.977958 ecn_mark=1311 drop=0
[QUEUE_STATS] t_ms=18352 q_pkts=0 q_bytes=0 qdelay_l_ms=0 qdelay_c_ms=0 ecn_mark=1312 drop=0
[QUEUE_STATS] t_ms=18368 q_pkts=0 q_bytes=0 qdelay_l_ms=0 qdelay_c_ms=0 ecn_mark=1313 drop=0
[QUEUE_STATS] t_ms=18384 q_pkts=2 q_bytes=3008 qdelay_l_ms=0.985552 qdelay_c_ms=0.979952 ecn_mark=1314 drop=0
[QUEUE_STATS] t_ms=18400 q_pkts=1 q_bytes=1504 qdelay_l_ms=1.07582 qdelay_c_ms=0 ecn_mark=1314 drop=0
[QUEUE_STATS] t_ms=18416 q_pkts=3 q_bytes=4512 qdelay_l_ms=1.07244 qdelay_c_ms=1.06596 ecn_mark=1316 drop=0
[QUEUE_STATS] t_ms=18432 q_pkts=1 q_bytes=1504 qdelay_l_ms=1.06985 qdelay_c_ms=0 ecn_mark=1316 drop=0
[QUEUE_STATS] t_ms=18448 q_pkts=3 q_bytes=4512 qdelay_l_ms=1.10966 qdelay_c_ms=1.10209 ecn_mark=1318 drop=0
[QUEUE_STATS] t_ms=18464 q_pkts=4 q_bytes=6016 qdelay_l_ms=1.04411 qdelay_c_ms=1.50335 ecn_mark=1319 drop=0
[QUEUE_STATS] t_ms=18481 q_pkts=2 q_bytes=3008 qdelay_l_ms=1.10111 qdelay_c_ms=1.11181 ecn_mark=1321 drop=0
[QUEUE_STATS] t_ms=18496 q_pkts=2 q_bytes=3008 qdelay_l_ms=1.06305 qdelay_c_ms=0 ecn_mark=1321 drop=0
[QUEUE_STATS] t_ms=18512 q_pkts=5 q_bytes=7520 qdelay_l_ms=1.09792 qdelay_c_ms=1.09234 ecn_mark=1321 drop=0
[QUEUE_STATS] t_ms=18528 q_pkts=6 q_bytes=9024 qdelay_l_ms=1.10574 qdelay_c_ms=1.72908 ecn_mark=1322 drop=0
[QUEUE_STATS] t_ms=18544 q_pkts=4 q_bytes=6016 qdelay_l_ms=1.07816 qdelay_c_ms=1.07184 ecn_mark=1322 drop=0
[QUEUE_STATS] t_ms=18560 q_pkts=0 q_bytes=0 qdelay_l_ms=0 qdelay_c_ms=0 ecn_mark=1322 drop=0
[QUEUE_STATS] t_ms=18576 q_pkts=3 q_bytes=4512 qdelay_l_ms=1.0629 qdelay_c_ms=2.759 ecn_mark=1322 drop=0
[QUEUE_STATS] t_ms=18592 q_pkts=1 q_bytes=1504 qdelay_l_ms=1.1003 qdelay_c_ms=0 ecn_mark=1322 drop=0
[QUEUE_STATS] t_ms=18608 q_pkts=3 q_bytes=4512 qdelay_l_ms=0.950066 qdelay_c_ms=0.943203 ecn_mark=1324 drop=0
[QUEUE_STATS] t_ms=18624 q_pkts=1 q_bytes=1504 qdelay_l_ms=1.08725 qdelay_c_ms=0 ecn_mark=1325 drop=0
[QUEUE_STATS] t_ms=18640 q_pkts=1 q_bytes=1504 qdelay_l_ms=1.06888 qdelay_c_ms=0 ecn_mark=1326 drop=0
[QUEUE_STATS] t_ms=18656 q_pkts=5 q_bytes=7520 qdelay_l_ms=1.06154 qdelay_c_ms=1.05535 ecn_mark=1326 drop=0
[QUEUE_STATS] t_ms=18672 q_pkts=3 q_bytes=4512 qdelay_l_ms=0.966336 qdelay_c_ms=0.959663 ecn_mark=1327 drop=0
[QUEUE_STATS] t_ms=18688 q_pkts=1 q_bytes=1504 qdelay_l_ms=1.06774 qdelay_c_ms=0 ecn_mark=1329 drop=0
[QUEUE_STATS] t_ms=18704 q_pkts=3 q_bytes=4512 qdelay_l_ms=1.09447 qdelay_c_ms=1.08783 ecn_mark=1329 drop=0
[QUEUE_STATS] t_ms=18720 q_pkts=1 q_bytes=1504 qdelay_l_ms=0.940357 qdelay_c_ms=0 ecn_mark=1330 drop=0
[QUEUE_STATS] t_ms=18736 q_pkts=1 q_bytes=1504 qdelay_l_ms=1.05896 qdelay_c_ms=0 ecn_mark=1332 drop=0
[QUEUE_STATS] t_ms=18752 q_pkts=3 q_bytes=4512 qdelay_l_ms=0.960265 qdelay_c_ms=0.953843 ecn_mark=1332 drop=0
[QUEUE_STATS] t_ms=18768 q_pkts=1 q_bytes=1504 qdelay_l_ms=0.943403 qdelay_c_ms=0 ecn_mark=1332 drop=0
[QUEUE_STATS] t_ms=18784 q_pkts=1 q_bytes=1504 qdelay_l_ms=0 qdelay_c_ms=0.014988 ecn_mark=1332 drop=0
[QUEUE_STATS] t_ms=18800 q_pkts=2 q_bytes=3008 qdelay_l_ms=1.06648 qdelay_c_ms=1.06136 ecn_mark=1332 drop=0
[QUEUE_STATS] t_ms=18816 q_pkts=3 q_bytes=4512 qdelay_l_ms=1.08854 qdelay_c_ms=1.9775 ecn_mark=1333 drop=0
[QUEUE_STATS] t_ms=18832 q_pkts=5 q_bytes=7520 qdelay_l_ms=1.09604 qdelay_c_ms=3.23092 ecn_mark=1334 drop=0
[QUEUE_STATS] t_ms=18848 q_pkts=3 q_bytes=4512 qdelay_l_ms=1.07408 qdelay_c_ms=1.06794 ecn_mark=1335 drop=0
[QUEUE_STATS] t_ms=18864 q_pkts=3 q_bytes=4512 qdelay_l_ms=0.921792 qdelay_c_ms=0.916282 ecn_mark=1335 drop=0
[QUEUE_STATS] t_ms=18880 q_pkts=1 q_bytes=1504 qdelay_l_ms=1.09551 qdelay_c_ms=0 ecn_mark=1337 drop=0
[QUEUE_STATS] t_ms=18896 q_pkts=1 q_bytes=1504 qdelay_l_ms=1.06168 qdelay_c_ms=0 ecn_mark=1338 drop=0
[QUEUE_STATS] t_ms=18912 q_pkts=3 q_bytes=4512 qdelay_l_ms=0.909279 qdelay_c_ms=0.920359 ecn_mark=1339 drop=0
[QUEUE_STATS] t_ms=18928 q_pkts=1 q_bytes=1504 qdelay_l_ms=1.09349 qdelay_c_ms=0 ecn_mark=1340 drop=0
[QUEUE_STATS] t_ms=18944 q_pkts=3 q_bytes=4512 qdelay_l_ms=0.944344 qdelay_c_ms=1.84759 ecn_mark=1340 drop=0
[QUEUE_STATS] t_ms=18960 q_pkts=1 q_bytes=1504 qdelay_l_ms=0.819079 qdelay_c_ms=0 ecn_mark=1341 drop=0
[QUEUE_STATS] t_ms=18976 q_pkts=1 q_bytes=1504 qdelay_l_ms=0.93154 qdelay_c_ms=0 ecn_mark=1341 drop=0
[QUEUE_STATS] t_ms=18992 q_pkts=2 q_bytes=3008 qdelay_l_ms=1.0858 qdelay_c_ms=1.96209 ecn_mark=1342 drop=0
[QUEUE_STATS] t_ms=19008 q_pkts=3 q_bytes=4512 qdelay_l_ms=1.02645 qdelay_c_ms=1.03755 ecn_mark=1343 drop=0
[QUEUE_STATS] t_ms=19024 q_pkts=2 q_bytes=3008 qdelay_l_ms=0.775427 qdelay_c_ms=0 ecn_mark=1344 drop=0
[QUEUE_STATS] t_ms=19040 q_pkts=3 q_bytes=4512 qdelay_l_ms=1.0725 qdelay_c_ms=1.06656 ecn_mark=1344 drop=0
[QUEUE_STATS] t_ms=19057 q_pkts=1 q_bytes=1504 qdelay_l_ms=1.07871 qdelay_c_ms=0 ecn_mark=1348 drop=0
[QUEUE_STATS] t_ms=19072 q_pkts=2 q_bytes=3008 qdelay_l_ms=0 qdelay_c_ms=1.03374 ecn_mark=1349 drop=0
[QUEUE_STATS] t_ms=19088 q_pkts=1 q_bytes=1504 qdelay_l_ms=0.919949 qdelay_c_ms=0 ecn_mark=1350 drop=0
[QUEUE_STATS] t_ms=19104 q_pkts=0 q_bytes=0 qdelay_l_ms=0 qdelay_c_ms=0 ecn_mark=1352 drop=0
[QUEUE_STATS] t_ms=19120 q_pkts=5 q_bytes=7520 qdelay_l_ms=0.910922 qdelay_c_ms=0.932743 ecn_mark=1353 drop=0
[QUEUE_STATS] t_ms=19136 q_pkts=7 q_bytes=10528 qdelay_l_ms=0.919378 qdelay_c_ms=0.911924 ecn_mark=1354 drop=0
[QUEUE_STATS] t_ms=19152 q_pkts=5 q_bytes=7520 qdelay_l_ms=0.700306 qdelay_c_ms=0.694976 ecn_mark=1356 drop=0
[QUEUE_STATS] t_ms=19168 q_pkts=3 q_bytes=4512 qdelay_l_ms=0.939907 qdelay_c_ms=0.930148 ecn_mark=1357 drop=0
[QUEUE_STATS] t_ms=19184 q_pkts=3 q_bytes=4512 qdelay_l_ms=1.09229 qdelay_c_ms=1.08505 ecn_mark=1358 drop=0
[QUEUE_STATS] t_ms=19200 q_pkts=4 q_bytes=6016 qdelay_l_ms=1.09386 qdelay_c_ms=2.14411 ecn_mark=1359 drop=0
[QUEUE_STATS] t_ms=19216 q_pkts=2 q_bytes=3008 qdelay_l_ms=1.0769 qdelay_c_ms=1.07061 ecn_mark=1359 drop=0
[QUEUE_STATS] t_ms=19232 q_pkts=1 q_bytes=1504 qdelay_l_ms=1.06732 qdelay_c_ms=0 ecn_mark=1360 drop=0
[QUEUE_STATS] t_ms=19248 q_pkts=1 q_bytes=1504 qdelay_l_ms=0.925389 qdelay_c_ms=0 ecn_mark=1360 drop=0
[QUEUE_STATS] t_ms=19264 q_pkts=5 q_bytes=7520 qdelay_l_ms=1.07997 qdelay_c_ms=2.14256 ecn_mark=1361 drop=0
[QUEUE_STATS] t_ms=19280 q_pkts=2 q_bytes=3008 qdelay_l_ms=0 qdelay_c_ms=1.09179 ecn_mark=1361 drop=0
[QUEUE_STATS] t_ms=19296 q_pkts=3 q_bytes=4512 qdelay_l_ms=0.921362 qdelay_c_ms=1.80206 ecn_mark=1361 drop=0
[QUEUE_STATS] t_ms=19312 q_pkts=1 q_bytes=1504 qdelay_l_ms=1.06114 qdelay_c_ms=0 ecn_mark=1361 drop=0
[QUEUE_STATS] t_ms=19328 q_pkts=3 q_bytes=4512 qdelay_l_ms=1.07713 qdelay_c_ms=2.14385 ecn_mark=1361 drop=0
[QUEUE_STATS] t_ms=19344 q_pkts=2 q_bytes=3008 qdelay_l_ms=0.794183 qdelay_c_ms=0 ecn_mark=1361 drop=0
[QUEUE_STATS] t_ms=19360 q_pkts=1 q_bytes=1504 qdelay_l_ms=0.901334 qdelay_c_ms=0 ecn_mark=1362 drop=0
[QUEUE_STATS] t_ms=19376 q_pkts=3 q_bytes=4512 qdelay_l_ms=1.04407 qdelay_c_ms=1.07237 ecn_mark=1364 drop=0
[QUEUE_STATS] t_ms=19392 q_pkts=3 q_bytes=4512 qdelay_l_ms=1.06637 qdelay_c_ms=1.09675 ecn_mark=1364 drop=0
[QUEUE_STATS] t_ms=19408 q_pkts=3 q_bytes=4512 qdelay_l_ms=0.897467 qdelay_c_ms=0.890825 ecn_mark=1364 drop=0
[QUEUE_STATS] t_ms=19424 q_pkts=1 q_bytes=1504 qdelay_l_ms=0 qdelay_c_ms=1.43004 ecn_mark=1364 drop=0
[QUEUE_STATS] t_ms=19440 q_pkts=3 q_bytes=4512 qdelay_l_ms=1.07893 qdelay_c_ms=1.07359 ecn_mark=1364 drop=0
[QUEUE_STATS] t_ms=19456 q_pkts=3 q_bytes=4512 qdelay_l_ms=0.60123 qdelay_c_ms=0.612221 ecn_mark=1365 drop=0
[QUEUE_STATS] t_ms=19472 q_pkts=2 q_bytes=3008 qdelay_l_ms=0.450056 qdelay_c_ms=0.455897 ecn_mark=1365 drop=0
[QUEUE_STATS] t_ms=19488 q_pkts=2 q_bytes=3008 qdelay_l_ms=0 qdelay_c_ms=1.08335 ecn_mark=1366 drop=0
[QUEUE_STATS] t_ms=19504 q_pkts=4 q_bytes=6016 qdelay_l_ms=1.06767 qdelay_c_ms=1.09874 ecn_mark=1367 drop=0
[QUEUE_STATS] t_ms=19520 q_pkts=3 q_bytes=4512 qdelay_l_ms=1.07633 qdelay_c_ms=1.06897 ecn_mark=1367 drop=0
[QUEUE_STATS] t_ms=19536 q_pkts=3 q_bytes=4512 qdelay_l_ms=0.854736 qdelay_c_ms=0.880425 ecn_mark=1367 drop=0
[QUEUE_STATS] t_ms=19552 q_pkts=4 q_bytes=6016 qdelay_l_ms=1.10719 qdelay_c_ms=1.09574 ecn_mark=1368 drop=0
[QUEUE_STATS] t_ms=19568 q_pkts=1 q_bytes=1504 qdelay_l_ms=0.878401 qdelay_c_ms=0 ecn_mark=1369 drop=0
[QUEUE_STATS] t_ms=19584 q_pkts=2 q_bytes=3008 qdelay_l_ms=1.07429 qdelay_c_ms=0 ecn_mark=1370 drop=0
[QUEUE_STATS] t_ms=19600 q_pkts=5 q_bytes=7520 qdelay_l_ms=0.877749 qdelay_c_ms=0.870536 ecn_mark=1371 drop=0
[QUEUE_STATS] t_ms=19616 q_pkts=2 q_bytes=3008 qdelay_l_ms=0 qdelay_c_ms=1.05559 ecn_mark=1373 drop=0
[QUEUE_STATS] t_ms=19632 q_pkts=3 q_bytes=4512 qdelay_l_ms=0.881678 qdelay_c_ms=0.874474 ecn_mark=1376 drop=0
[QUEUE_STATS] t_ms=19648 q_pkts=2 q_bytes=3008 qdelay_l_ms=0.688885 qdelay_c_ms=0 ecn_mark=1377 drop=0
[QUEUE_STATS] t_ms=19665 q_pkts=5 q_bytes=7520 qdelay_l_ms=1.09092 qdelay_c_ms=1.08552 ecn_mark=1378 drop=0
[QUEUE_STATS] t_ms=19680 q_pkts=2 q_bytes=3008 qdelay_l_ms=1.07956 qdelay_c_ms=0 ecn_mark=1378 drop=0
[QUEUE_STATS] t_ms=19696 q_pkts=1 q_bytes=1504 qdelay_l_ms=0.879583 qdelay_c_ms=0 ecn_mark=1378 drop=0
[QUEUE_STATS] t_ms=19712 q_pkts=5 q_bytes=7520 qdelay_l_ms=0.816264 qdelay_c_ms=0.870827 ecn_mark=1378 drop=0
[QUEUE_STATS] t_ms=19728 q_pkts=3 q_bytes=4512 qdelay_l_ms=1.08978 qdelay_c_ms=1.08148 ecn_mark=1379 drop=0
[QUEUE_STATS] t_ms=19744 q_pkts=1 q_bytes=1504 qdelay_l_ms=1.0796 qdelay_c_ms=0 ecn_mark=1381 drop=0
[QUEUE_STATS] t_ms=19760 q_pkts=0 q_bytes=0 qdelay_l_ms=0 qdelay_c_ms=0 ecn_mark=1381 drop=0
[QUEUE_STATS] t_ms=19776 q_pkts=4 q_bytes=6016 qdelay_l_ms=0.854185 qdelay_c_ms=0.847934 ecn_mark=1381 drop=0
[QUEUE_STATS] t_ms=19792 q_pkts=6 q_bytes=9024 qdelay_l_ms=1.10166 qdelay_c_ms=1.09542 ecn_mark=1382 drop=0
[QUEUE_STATS] t_ms=19808 q_pkts=0 q_bytes=0 qdelay_l_ms=0 qdelay_c_ms=0 ecn_mark=1383 drop=0
[QUEUE_STATS] t_ms=19824 q_pkts=4 q_bytes=6016 qdelay_l_ms=1.0704 qdelay_c_ms=1.08939 ecn_mark=1383 drop=0
[QUEUE_STATS] t_ms=19840 q_pkts=3 q_bytes=4512 qdelay_l_ms=1.09254 qdelay_c_ms=1.08607 ecn_mark=1384 drop=0
[QUEUE_STATS] t_ms=19856 q_pkts=5 q_bytes=7520 qdelay_l_ms=1.06914 qdelay_c_ms=1.10871 ecn_mark=1386 drop=0
[QUEUE_STATS] t_ms=19872 q_pkts=3 q_bytes=4512 qdelay_l_ms=0.829299 qdelay_c_ms=0.860447 ecn_mark=1387 drop=0
[QUEUE_STATS] t_ms=19888 q_pkts=7 q_bytes=10528 qdelay_l_ms=0.865076 qdelay_c_ms=1.33815 ecn_mark=1388 drop=0
[QUEUE_STATS] t_ms=19904 q_pkts=1 q_bytes=1504 qdelay_l_ms=0 qdelay_c_ms=2.12594 ecn_mark=1388 drop=0
[QUEUE_STATS] t_ms=19920 q_pkts=3 q_bytes=4512 qdelay_l_ms=0.858554 qdelay_c_ms=0.851591 ecn_mark=1389 drop=0
[QUEUE_STATS] t_ms=19936 q_pkts=3 q_bytes=4512 qdelay_l_ms=0.864164 qdelay_c_ms=0.857532 ecn_mark=1393 drop=0
[QUEUE_STATS] t_ms=19952 q_pkts=7 q_bytes=10528 qdelay_l_ms=1.02525 qdelay_c_ms=1.01761 ecn_mark=1393 drop=0
[QUEUE_STATS] t_ms=19968 q_pkts=2 q_bytes=3008 qdelay_l_ms=0.897086 qdelay_c_ms=0.891896 ecn_mark=1394 drop=0
[QUEUE_STATS] t_ms=19984 q_pkts=1 q_bytes=1504 qdelay_l_ms=1.06473 qdelay_c_ms=0 ecn_mark=1394 drop=0
[QUEUE_STATS] t_ms=20000 q_pkts=4 q_bytes=6016 qdelay_l_ms=0.466667 qdelay_c_ms=0.459334 ecn_mark=1394 drop=0
[QUEUE_STATS] t_ms=20016 q_pkts=5 q_bytes=7520 qdelay_l_ms=0.913146 qdelay_c_ms=1.9868 ecn_mark=1395 drop=0
[QUEUE_STATS] t_ms=20032 q_pkts=1 q_bytes=1504 qdelay_l_ms=1.02288 qdelay_c_ms=0 ecn_mark=1396 drop=0
[QUEUE_STATS] t_ms=20048 q_pkts=3 q_bytes=4512 qdelay_l_ms=1.07011 qdelay_c_ms=1.0628 ecn_mark=1399 drop=0
[QUEUE_STATS] t_ms=20064 q_pkts=6 q_bytes=9024 qdelay_l_ms=1.07924 qdelay_c_ms=1.07223 ecn_mark=1400 drop=0
[QUEUE_STATS] t_ms=20081 q_pkts=3 q_bytes=4512 qdelay_l_ms=1.07454 qdelay_c_ms=1.08626 ecn_mark=1401 drop=0
[QUEUE_STATS] t_ms=20096 q_pkts=1 q_bytes=1504 qdelay_l_ms=1.07538 qdelay_c_ms=0 ecn_mark=1402 drop=0
[QUEUE_STATS] t_ms=20112 q_pkts=5 q_bytes=7520 qdelay_l_ms=1.06861 qdelay_c_ms=1.09939 ecn_mark=1402 drop=0
[QUEUE_STATS] t_ms=20128 q_pkts=0 q_bytes=0 qdelay_l_ms=0 qdelay_c_ms=0 ecn_mark=1403 drop=0
[QUEUE_STATS] t_ms=20144 q_pkts=5 q_bytes=7520 qdelay_l_ms=1.07871 qdelay_c_ms=2.19459 ecn_mark=1403 drop=0
[QUEUE_STATS] t_ms=20160 q_pkts=3 q_bytes=4512 qdelay_l_ms=0.739119 qdelay_c_ms=0.757624 ecn_mark=1404 drop=0
[QUEUE_STATS] t_ms=20176 q_pkts=2 q_bytes=3008 qdelay_l_ms=0.848896 qdelay_c_ms=0 ecn_mark=1404 drop=0
[QUEUE_STATS] t_ms=20192 q_pkts=2 q_bytes=3008 qdelay_l_ms=0.037932 qdelay_c_ms=0.030778 ecn_mark=1404 drop=0
[QUEUE_STATS] t_ms=20208 q_pkts=3 q_bytes=4512 qdelay_l_ms=1.06866 qdelay_c_ms=1.10306 ecn_mark=1404 drop=0
[QUEUE_STATS] t_ms=20224 q_pkts=5 q_bytes=7520 qdelay_l_ms=0.83015 qdelay_c_ms=0.824339 ecn_mark=1404 drop=0
[QUEUE_STATS] t_ms=20240 q_pkts=5 q_bytes=7520 qdelay_l_ms=0.613754 qdelay_c_ms=2.19572 ecn_mark=1405 drop=0
[QUEUE_STATS] t_ms=20256 q_pkts=3 q_bytes=4512 qdelay_l_ms=1.06948 qdelay_c_ms=1.09951 ecn_mark=1405 drop=0
[QUEUE_STATS] t_ms=20272 q_pkts=1 q_bytes=1504 qdelay_l_ms=1.04841 qdelay_c_ms=0 ecn_mark=1405 drop=0
[QUEUE_STATS] t_ms=20288 q_pkts=5 q_bytes=7520 qdelay_l_ms=1.06729 qdelay_c_ms=1.097 ecn_mark=1407 drop=0
[QUEUE_STATS] t_ms=20304 q_pkts=3 q_bytes=4512 qdelay_l_ms=1.0684 qdelay_c_ms=1.10015 ecn_mark=1407 drop=0
[QUEUE_STATS] t_ms=20320 q_pkts=2 q_bytes=3008 qdelay_l_ms=0 qdelay_c_ms=1.08771 ecn_mark=1408 drop=0
[QUEUE_STATS] t_ms=20336 q_pkts=3 q_bytes=4512 qdelay_l_ms=0.80355 qdelay_c_ms=0.821093 ecn_mark=1409 drop=0
[QUEUE_STATS] t_ms=20352 q_pkts=6 q_bytes=9024 qdelay_l_ms=1.06699 qdelay_c_ms=1.06133 ecn_mark=1411 drop=0
[QUEUE_STATS] t_ms=20368 q_pkts=1 q_bytes=1504 qdelay_l_ms=1.06182 qdelay_c_ms=0 ecn_mark=1412 drop=0
[QUEUE_STATS] t_ms=20384 q_pkts=5 q_bytes=7520 qdelay_l_ms=1.03715 qdelay_c_ms=1.07896 ecn_mark=1412 drop=0
[QUEUE_STATS] t_ms=20400 q_pkts=3 q_bytes=4512 qdelay_l_ms=1.09269 qdelay_c_ms=1.08622 ecn_mark=1412 drop=0
[QUEUE_STATS] t_ms=20416 q_pkts=2 q_bytes=3008 qdelay_l_ms=1.07429 qdelay_c_ms=0 ecn_mark=1412 drop=0
[QUEUE_STATS] t_ms=20432 q_pkts=5 q_bytes=7520 qdelay_l_ms=1.04256 qdelay_c_ms=2.10907 ecn_mark=1413 drop=0
[QUEUE_STATS] t_ms=20448 q_pkts=3 q_bytes=4512 qdelay_l_ms=1.08393 qdelay_c_ms=1.07145 ecn_mark=1414 drop=0
[QUEUE_STATS] t_ms=20464 q_pkts=3 q_bytes=4512 qdelay_l_ms=0.784584 qdelay_c_ms=0.804311 ecn_mark=1414 drop=0
[QUEUE_STATS] t_ms=20480 q_pkts=5 q_bytes=7520 qdelay_l_ms=0.809471 qdelay_c_ms=0.801947 ecn_mark=1415 drop=0
[QUEUE_STATS] t_ms=20496 q_pkts=3 q_bytes=4512 qdelay_l_ms=0.797549 qdelay_c_ms=0.817908 ecn_mark=1415 drop=0
[QUEUE_STATS] t_ms=20512 q_pkts=4 q_bytes=6016 qdelay_l_ms=1.09838 qdelay_c_ms=1.09253 ecn_mark=1416 drop=0
[QUEUE_STATS] t_ms=20528 q_pkts=6 q_bytes=9024 qdelay_l_ms=1.06749 qdelay_c_ms=1.06137 ecn_mark=1419 drop=0
[QUEUE_STATS] t_ms=20544 q_pkts=2 q_bytes=3008 qdelay_l_ms=1.07184 qdelay_c_ms=1.06689 ecn_mark=1420 drop=0
[QUEUE_STATS] t_ms=20560 q_pkts=3 q_bytes=4512 qdelay_l_ms=1.05998 qdelay_c_ms=1.07068 ecn_mark=1421 drop=0
[QUEUE_STATS] t_ms=20576 q_pkts=5 q_bytes=7520 qdelay_l_ms=1.06144 qdelay_c_ms=1.09796 ecn_mark=1423 drop=0
[QUEUE_STATS] t_ms=20592 q_pkts=3 q_bytes=4512 qdelay_l_ms=0.759598 qdelay_c_ms=0.790446 ecn_mark=1423 drop=0
[QUEUE_STATS] t_ms=20608 q_pkts=5 q_bytes=7520 qdelay_l_ms=0.927913 qdelay_c_ms=0.953832 ecn_mark=1425 drop=0
[QUEUE_STATS] t_ms=20624 q_pkts=3 q_bytes=4512 qdelay_l_ms=1.05454 qdelay_c_ms=1.08519 ecn_mark=1426 drop=0
[QUEUE_STATS] t_ms=20640 q_pkts=4 q_bytes=6016 qdelay_l_ms=0.812808 qdelay_c_ms=0.806306 ecn_mark=1428 drop=0
[QUEUE_STATS] t_ms=20656 q_pkts=2 q_bytes=3008 qdelay_l_ms=0.956628 qdelay_c_ms=0.950437 ecn_mark=1431 drop=0
[QUEUE_STATS] t_ms=20672 q_pkts=7 q_bytes=10528 qdelay_l_ms=1.05016 qdelay_c_ms=1.08314 ecn_mark=1432 drop=0
[QUEUE_STATS] t_ms=20688 q_pkts=5 q_bytes=7520 qdelay_l_ms=0.809001 qdelay_c_ms=0.80313 ecn_mark=1432 drop=0
[QUEUE_STATS] t_ms=20704 q_pkts=2 q_bytes=3008 qdelay_l_ms=1.0623 qdelay_c_ms=2.23097 ecn_mark=1432 drop=0
[QUEUE_STATS] t_ms=20720 q_pkts=1 q_bytes=1504 qdelay_l_ms=0.015398 qdelay_c_ms=0 ecn_mark=1433 drop=0
[QUEUE_STATS] t_ms=20736 q_pkts=5 q_bytes=7520 qdelay_l_ms=0.957279 qdelay_c_ms=2.07967 ecn_mark=1433 drop=0
[QUEUE_STATS] t_ms=20752 q_pkts=5 q_bytes=7520 qdelay_l_ms=1.0628 qdelay_c_ms=1.1016 ecn_mark=1434 drop=0
[QUEUE_STATS] t_ms=20768 q_pkts=8 q_bytes=12032 qdelay_l_ms=1.10415 qdelay_c_ms=1.0988 ecn_mark=1434 drop=0
[QUEUE_STATS] t_ms=20784 q_pkts=4 q_bytes=6016 qdelay_l_ms=1.07395 qdelay_c_ms=1.06744 ecn_mark=1434 drop=0
[QUEUE_STATS] t_ms=20800 q_pkts=6 q_bytes=9024 qdelay_l_ms=1.06753 qdelay_c_ms=1.11831 ecn_mark=1435 drop=0
[QUEUE_STATS] t_ms=20816 q_pkts=2 q_bytes=3008 qdelay_l_ms=0.891165 qdelay_c_ms=1.95707 ecn_mark=1435 drop=0
[QUEUE_STATS] t_ms=20832 q_pkts=3 q_bytes=4512 qdelay_l_ms=1.06656 qdelay_c_ms=1.07793 ecn_mark=1438 drop=0
[QUEUE_STATS] t_ms=20848 q_pkts=4 q_bytes=6016 qdelay_l_ms=1.10055 qdelay_c_ms=1.09468 ecn_mark=1439 drop=0
[QUEUE_STATS] t_ms=20864 q_pkts=4 q_bytes=6016 qdelay_l_ms=1.10698 qdelay_c_ms=1.09982 ecn_mark=1439 drop=0
[QUEUE_STATS] t_ms=20880 q_pkts=4 q_bytes=6016 qdelay_l_ms=1.09937 qdelay_c_ms=1.09279 ecn_mark=1439 drop=0
[QUEUE_STATS] t_ms=20896 q_pkts=5 q_bytes=7520 qdelay_l_ms=1.06814 qdelay_c_ms=1.09698 ecn_mark=1440 drop=0
[QUEUE_STATS] t_ms=20912 q_pkts=3 q_bytes=4512 qdelay_l_ms=1.06817 qdelay_c_ms=1.10775 ecn_mark=1440 drop=0
[QUEUE_STATS] t_ms=20928 q_pkts=4 q_bytes=6016 qdelay_l_ms=0.857572 qdelay_c_ms=0.838627 ecn_mark=1441 drop=0
[QUEUE_STATS] t_ms=20944 q_pkts=3 q_bytes=4512 qdelay_l_ms=0.756943 qdelay_c_ms=0.750731 ecn_mark=1442 drop=0
[QUEUE_STATS] t_ms=20960 q_pkts=3 q_bytes=4512 qdelay_l_ms=1.0893 qdelay_c_ms=1.08358 ecn_mark=1443 drop=0
[QUEUE_STATS] t_ms=20976 q_pkts=2 q_bytes=3008 qdelay_l_ms=1.08031 qdelay_c_ms=1.087 ecn_mark=1443 drop=0
[QUEUE_STATS] t_ms=20992 q_pkts=1 q_bytes=1504 qdelay_l_ms=1.06268 qdelay_c_ms=0 ecn_mark=1444 drop=0
[QUEUE_STATS] t_ms=21008 q_pkts=4 q_bytes=6016 qdelay_l_ms=1.09591 qdelay_c_ms=1.08959 ecn_mark=1444 drop=0
[QUEUE_STATS] t_ms=21024 q_pkts=1 q_bytes=1504 qdelay_l_ms=1.07144 qdelay_c_ms=0 ecn_mark=1446 drop=0
[QUEUE_STATS] t_ms=21040 q_pkts=1 q_bytes=1504 qdelay_l_ms=1.07747 qdelay_c_ms=0 ecn_mark=1449 drop=0
[QUEUE_STATS] t_ms=21056 q_pkts=2 q_bytes=3008 qdelay_l_ms=0 qdelay_c_ms=1.08886 ecn_mark=1449 drop=0
[QUEUE_STATS] t_ms=21072 q_pkts=4 q_bytes=6016 qdelay_l_ms=1.07063 qdelay_c_ms=1.06425 ecn_mark=1451 drop=0
[QUEUE_STATS] t_ms=21088 q_pkts=2 q_bytes=3008 qdelay_l_ms=0.761291 qdelay_c_ms=0.766711 ecn_mark=1451 drop=0
[QUEUE_STATS] t_ms=21104 q_pkts=2 q_bytes=3008 qdelay_l_ms=0.765739 qdelay_c_ms=0.76065 ecn_mark=1452 drop=0
[QUEUE_STATS] t_ms=21120 q_pkts=6 q_bytes=9024 qdelay_l_ms=1.11198 qdelay_c_ms=1.10505 ecn_mark=1453 drop=0
[QUEUE_STATS] t_ms=21136 q_pkts=5 q_bytes=7520 qdelay_l_ms=1.06088 qdelay_c_ms=1.0824 ecn_mark=1454 drop=0
[QUEUE_STATS] t_ms=21152 q_pkts=3 q_bytes=4512 qdelay_l_ms=0.766191 qdelay_c_ms=0.777973 ecn_mark=1456 drop=0
[QUEUE_STATS] t_ms=21168 q_pkts=1 q_bytes=1504 qdelay_l_ms=0.866038 qdelay_c_ms=0 ecn_mark=1456 drop=0
[QUEUE_STATS] t_ms=21184 q_pkts=4 q_bytes=6016 qdelay_l_ms=1.09096 qdelay_c_ms=1.08569 ecn_mark=1456 drop=0
[QUEUE_STATS] t_ms=21200 q_pkts=4 q_bytes=6016 qdelay_l_ms=1.06814 qdelay_c_ms=1.10404 ecn_mark=1458 drop=0
[QUEUE_STATS] t_ms=21216 q_pkts=4 q_bytes=6016 qdelay_l_ms=1.08946 qdelay_c_ms=1.08374 ecn_mark=1459 drop=0
[QUEUE_STATS] t_ms=21232 q_pkts=4 q_bytes=6016 qdelay_l_ms=1.0916 qdelay_c_ms=1.08543 ecn_mark=1459 drop=0
[QUEUE_STATS] t_ms=21248 q_pkts=5 q_bytes=7520 qdelay_l_ms=1.10424 qdelay_c_ms=1.09753 ecn_mark=1459 drop=0
[QUEUE_STATS] t_ms=21264 q_pkts=5 q_bytes=7520 qdelay_l_ms=1.04973 qdelay_c_ms=1.10335 ecn_mark=1460 drop=0
[QUEUE_STATS] t_ms=21280 q_pkts=3 q_bytes=4512 qdelay_l_ms=1.09333 qdelay_c_ms=1.08715 ecn_mark=1460 drop=0
[QUEUE_STATS] t_ms=21296 q_pkts=6 q_bytes=9024 qdelay_l_ms=1.11062 qdelay_c_ms=1.10321 ecn_mark=1461 drop=0
[QUEUE_STATS] t_ms=21312 q_pkts=4 q_bytes=6016 qdelay_l_ms=1.07528 qdelay_c_ms=1.06957 ecn_mark=1462 drop=0
[QUEUE_STATS] t_ms=21328 q_pkts=4 q_bytes=6016 qdelay_l_ms=1.09967 qdelay_c_ms=1.09271 ecn_mark=1462 drop=0
[QUEUE_STATS] t_ms=21344 q_pkts=4 q_bytes=6016 qdelay_l_ms=1.10362 qdelay_c_ms=1.09666 ecn_mark=1462 drop=0
[QUEUE_STATS] t_ms=21360 q_pkts=1 q_bytes=1504 qdelay_l_ms=1.0789 qdelay_c_ms=0 ecn_mark=1462 drop=0
[QUEUE_STATS] t_ms=21376 q_pkts=0 q_bytes=0 qdelay_l_ms=0 qdelay_c_ms=0 ecn_mark=1464 drop=0
[QUEUE_STATS] t_ms=21392 q_pkts=4 q_bytes=6016 qdelay_l_ms=1.0437 qdelay_c_ms=1.07367 ecn_mark=1466 drop=0
[QUEUE_STATS] t_ms=21408 q_pkts=2 q_bytes=3008 qdelay_l_ms=0 qdelay_c_ms=0.052469 ecn_mark=1468 drop=0
[QUEUE_STATS] t_ms=21424 q_pkts=3 q_bytes=4512 qdelay_l_ms=1.08984 qdelay_c_ms=1.08284 ecn_mark=1468 drop=0
[QUEUE_STATS] t_ms=21440 q_pkts=1 q_bytes=1504 qdelay_l_ms=1.07914 qdelay_c_ms=0 ecn_mark=1470 drop=0
[QUEUE_STATS] t_ms=21456 q_pkts=6 q_bytes=9024 qdelay_l_ms=1.10407 qdelay_c_ms=2.13739 ecn_mark=1471 drop=0
[QUEUE_STATS] t_ms=21472 q_pkts=3 q_bytes=4512 qdelay_l_ms=0.86209 qdelay_c_ms=0.856279 ecn_mark=1473 drop=0
[QUEUE_STATS] t_ms=21488 q_pkts=5 q_bytes=7520 qdelay_l_ms=1.10218 qdelay_c_ms=1.87279 ecn_mark=1473 drop=0
[QUEUE_STATS] t_ms=21504 q_pkts=1 q_bytes=1504 qdelay_l_ms=1.08101 qdelay_c_ms=0 ecn_mark=1473 drop=0
[QUEUE_STATS] t_ms=21520 q_pkts=3 q_bytes=4512 qdelay_l_ms=1.08153 qdelay_c_ms=1.07481 ecn_mark=1473 drop=0
[QUEUE_STATS] t_ms=21536 q_pkts=1 q_bytes=1504 qdelay_l_ms=1.07031 qdelay_c_ms=0 ecn_mark=1473 drop=0
[QUEUE_STATS] t_ms=21552 q_pkts=4 q_bytes=6016 qdelay_l_ms=1.08019 qdelay_c_ms=1.07617 ecn_mark=1475 drop=0
[QUEUE_STATS] t_ms=21568 q_pkts=3 q_bytes=4512 qdelay_l_ms=1.07271 qdelay_c_ms=1.06938 ecn_mark=1476 drop=0
[QUEUE_STATS] t_ms=21584 q_pkts=4 q_bytes=6016 qdelay_l_ms=0 qdelay_c_ms=1.06925 ecn_mark=1477 drop=0
[QUEUE_STATS] t_ms=21600 q_pkts=4 q_bytes=6016 qdelay_l_ms=0.702911 qdelay_c_ms=0.700085 ecn_mark=1478 drop=0
[QUEUE_STATS] t_ms=21616 q_pkts=2 q_bytes=3008 qdelay_l_ms=1.0618 qdelay_c_ms=0 ecn_mark=1479 drop=0
[QUEUE_STATS] t_ms=21632 q_pkts=6 q_bytes=9024 qdelay_l_ms=0 qdelay_c_ms=0.797168 ecn_mark=1480 drop=0
[QUEUE_STATS] t_ms=21648 q_pkts=4 q_bytes=6016 qdelay_l_ms=0.812257 qdelay_c_ms=1.86319 ecn_mark=1481 drop=0
[QUEUE_STATS] t_ms=21664 q_pkts=4 q_bytes=6016 qdelay_l_ms=1.08068 qdelay_c_ms=1.07646 ecn_mark=1483 drop=0
[QUEUE_STATS] t_ms=21680 q_pkts=5 q_bytes=7520 qdelay_l_ms=1.05521 qdelay_c_ms=1.06702 ecn_mark=1483 drop=0
[QUEUE_STATS] t_ms=21696 q_pkts=1 q_bytes=1504 qdelay_l_ms=1.05524 qdelay_c_ms=0 ecn_mark=1485 drop=0
[QUEUE_STATS] t_ms=21712 q_pkts=2 q_bytes=3008 qdelay_l_ms=1.06575 qdelay_c_ms=0 ecn_mark=1487 drop=0
[QUEUE_STATS] t_ms=21728 q_pkts=3 q_bytes=4512 qdelay_l_ms=1.06309 qdelay_c_ms=1.07664 ecn_mark=1487 drop=0
[QUEUE_STATS] t_ms=21744 q_pkts=3 q_bytes=4512 qdelay_l_ms=0.756161 qdelay_c_ms=0.753165 ecn_mark=1489 drop=0
[QUEUE_STATS] t_ms=21760 q_pkts=4 q_bytes=6016 qdelay_l_ms=1.05517 qdelay_c_ms=1.04854 ecn_mark=1490 drop=0
[QUEUE_STATS] t_ms=21776 q_pkts=1 q_bytes=1504 qdelay_l_ms=0.749268 qdelay_c_ms=0 ecn_mark=1491 drop=0
[QUEUE_STATS] t_ms=21792 q_pkts=5 q_bytes=7520 qdelay_l_ms=1.05728 qdelay_c_ms=2.1631 ecn_mark=1492 drop=0
[QUEUE_STATS] t_ms=21808 q_pkts=4 q_bytes=6016 qdelay_l_ms=1.08832 qdelay_c_ms=1.0816 ecn_mark=1492 drop=0
[QUEUE_STATS] t_ms=21824 q_pkts=0 q_bytes=0 qdelay_l_ms=0 qdelay_c_ms=0 ecn_mark=1492 drop=0
[QUEUE_STATS] t_ms=21840 q_pkts=1 q_bytes=1504 qdelay_l_ms=1.0658 qdelay_c_ms=0 ecn_mark=1492 drop=0
[QUEUE_STATS] t_ms=21856 q_pkts=3 q_bytes=4512 qdelay_l_ms=1.06262 qdelay_c_ms=1.06839 ecn_mark=1493 drop=0
[QUEUE_STATS] t_ms=21872 q_pkts=2 q_bytes=3008 qdelay_l_ms=1.06584 qdelay_c_ms=0 ecn_mark=1495 drop=0
[QUEUE_STATS] t_ms=21888 q_pkts=6 q_bytes=9024 qdelay_l_ms=1.08103 qdelay_c_ms=1.07752 ecn_mark=1497 drop=0
[QUEUE_STATS] t_ms=21904 q_pkts=3 q_bytes=4512 qdelay_l_ms=1.05708 qdelay_c_ms=1.06364 ecn_mark=1497 drop=0
[QUEUE_STATS] t_ms=21920 q_pkts=5 q_bytes=7520 qdelay_l_ms=1.0624 qdelay_c_ms=1.08176 ecn_mark=1497 drop=0
[QUEUE_STATS] t_ms=21936 q_pkts=2 q_bytes=3008 qdelay_l_ms=1.07658 qdelay_c_ms=1.07986 ecn_mark=1500 drop=0
[QUEUE_STATS] t_ms=21952 q_pkts=4 q_bytes=6016 qdelay_l_ms=1.06902 qdelay_c_ms=1.06614 ecn_mark=1503 drop=0
[QUEUE_STATS] t_ms=21968 q_pkts=6 q_bytes=9024 qdelay_l_ms=1.08512 qdelay_c_ms=1.08149 ecn_mark=1504 drop=0
[QUEUE_STATS] t_ms=21984 q_pkts=4 q_bytes=6016 qdelay_l_ms=1.06195 qdelay_c_ms=2.1311 ecn_mark=1504 drop=0
[QUEUE_STATS] t_ms=22000 q_pkts=3 q_bytes=4512 qdelay_l_ms=1.0641 qdelay_c_ms=1.07927 ecn_mark=1506 drop=0
[QUEUE_STATS] t_ms=22016 q_pkts=4 q_bytes=6016 qdelay_l_ms=0.777812 qdelay_c_ms=0.773734 ecn_mark=1508 drop=0
[QUEUE_STATS] t_ms=22032 q_pkts=1 q_bytes=1504 qdelay_l_ms=1.06521 qdelay_c_ms=0 ecn_mark=1510 drop=0
[QUEUE_STATS] t_ms=22048 q_pkts=1 q_bytes=1504 qdelay_l_ms=0.735151 qdelay_c_ms=0 ecn_mark=1513 drop=0
[QUEUE_STATS] t_ms=22065 q_pkts=3 q_bytes=4512 qdelay_l_ms=1.07291 qdelay_c_ms=1.07851 ecn_mark=1513 drop=0
[QUEUE_STATS] t_ms=22080 q_pkts=3 q_bytes=4512 qdelay_l_ms=1.05863 qdelay_c_ms=1.06437 ecn_mark=1514 drop=0
[QUEUE_STATS] t_ms=22096 q_pkts=3 q_bytes=4512 qdelay_l_ms=0 qdelay_c_ms=1.03063 ecn_mark=1514 drop=0
[QUEUE_STATS] t_ms=22112 q_pkts=4 q_bytes=6016 qdelay_l_ms=1.06948 qdelay_c_ms=2.14494 ecn_mark=1517 drop=0
[QUEUE_STATS] t_ms=22128 q_pkts=4 q_bytes=6016 qdelay_l_ms=0.789394 qdelay_c_ms=0.795575 ecn_mark=1517 drop=0
[QUEUE_STATS] t_ms=22144 q_pkts=3 q_bytes=4512 qdelay_l_ms=0.865526 qdelay_c_ms=0.862781 ecn_mark=1518 drop=0
[QUEUE_STATS] t_ms=22160 q_pkts=3 q_bytes=4512 qdelay_l_ms=1.07243 qdelay_c_ms=1.06902 ecn_mark=1520 drop=0
[QUEUE_STATS] t_ms=22176 q_pkts=1 q_bytes=1504 qdelay_l_ms=0.817437 qdelay_c_ms=0 ecn_mark=1521 drop=0
[QUEUE_STATS] t_ms=22192 q_pkts=2 q_bytes=3008 qdelay_l_ms=0 qdelay_c_ms=1.06381 ecn_mark=1521 drop=0
[QUEUE_STATS] t_ms=22208 q_pkts=2 q_bytes=3008 qdelay_l_ms=1.07005 qdelay_c_ms=0 ecn_mark=1521 drop=0
[QUEUE_STATS] t_ms=22224 q_pkts=5 q_bytes=7520 qdelay_l_ms=0.804141 qdelay_c_ms=1.89454 ecn_mark=1522 drop=0
[QUEUE_STATS] t_ms=22240 q_pkts=4 q_bytes=6016 qdelay_l_ms=0.400643 qdelay_c_ms=0.396836 ecn_mark=1522 drop=0
[QUEUE_STATS] t_ms=22256 q_pkts=4 q_bytes=6016 qdelay_l_ms=0 qdelay_c_ms=1.06323 ecn_mark=1522 drop=0
[QUEUE_STATS] t_ms=22272 q_pkts=4 q_bytes=6016 qdelay_l_ms=1.05934 qdelay_c_ms=2.15216 ecn_mark=1524 drop=0
[QUEUE_STATS] t_ms=22288 q_pkts=4 q_bytes=6016 qdelay_l_ms=1.05988 qdelay_c_ms=2.13124 ecn_mark=1524 drop=0
[QUEUE_STATS] t_ms=22304 q_pkts=3 q_bytes=4512 qdelay_l_ms=1.05962 qdelay_c_ms=1.07164 ecn_mark=1525 drop=0
[QUEUE_STATS] t_ms=22320 q_pkts=2 q_bytes=3008 qdelay_l_ms=1.05837 qdelay_c_ms=2.15336 ecn_mark=1525 drop=0
[QUEUE_STATS] t_ms=22336 q_pkts=1 q_bytes=1504 qdelay_l_ms=1.06878 qdelay_c_ms=0 ecn_mark=1526 drop=0
[QUEUE_STATS] t_ms=22352 q_pkts=3 q_bytes=4512 qdelay_l_ms=1.06699 qdelay_c_ms=1.06341 ecn_mark=1528 drop=0
[QUEUE_STATS] t_ms=22368 q_pkts=1 q_bytes=1504 qdelay_l_ms=1.05886 qdelay_c_ms=0 ecn_mark=1528 drop=0
[QUEUE_STATS] t_ms=22384 q_pkts=4 q_bytes=6016 qdelay_l_ms=0 qdelay_c_ms=1.0776 ecn_mark=1529 drop=0
[QUEUE_STATS] t_ms=22400 q_pkts=3 q_bytes=4512 qdelay_l_ms=0.729681 qdelay_c_ms=0.726716 ecn_mark=1529 drop=0
[QUEUE_STATS] t_ms=22416 q_pkts=6 q_bytes=9024 qdelay_l_ms=1.05984 qdelay_c_ms=1.87975 ecn_mark=1530 drop=0
[QUEUE_STATS] t_ms=22432 q_pkts=3 q_bytes=4512 qdelay_l_ms=0.743888 qdelay_c_ms=0.749979 ecn_mark=1530 drop=0
[QUEUE_STATS] t_ms=22448 q_pkts=4 q_bytes=6016 qdelay_l_ms=1.07076 qdelay_c_ms=1.06768 ecn_mark=1532 drop=0
[QUEUE_STATS] t_ms=22464 q_pkts=3 q_bytes=4512 qdelay_l_ms=1.06079 qdelay_c_ms=1.05788 ecn_mark=1532 drop=0
[QUEUE_STATS] t_ms=22480 q_pkts=4 q_bytes=6016 qdelay_l_ms=1.06793 qdelay_c_ms=1.05907 ecn_mark=1533 drop=0
[QUEUE_STATS] t_ms=22496 q_pkts=1 q_bytes=1504 qdelay_l_ms=1.06787 qdelay_c_ms=0 ecn_mark=1533 drop=0
[QUEUE_STATS] t_ms=22512 q_pkts=0 q_bytes=0 qdelay_l_ms=0 qdelay_c_ms=0 ecn_mark=1533 drop=0
[QUEUE_STATS] t_ms=22528 q_pkts=2 q_bytes=3008 qdelay_l_ms=0.76618 qdelay_c_ms=0.769286 ecn_mark=1534 drop=0
[QUEUE_STATS] t_ms=22544 q_pkts=8 q_bytes=12032 qdelay_l_ms=0.780026 qdelay_c_ms=0.777 ecn_mark=1535 drop=0
[QUEUE_STATS] t_ms=22560 q_pkts=3 q_bytes=4512 qdelay_l_ms=1.06079 qdelay_c_ms=1.05731 ecn_mark=1535 drop=0
[QUEUE_STATS] t_ms=22576 q_pkts=3 q_bytes=4512 qdelay_l_ms=1.05655 qdelay_c_ms=1.0529 ecn_mark=1536 drop=0
[QUEUE_STATS] t_ms=22592 q_pkts=5 q_bytes=7520 qdelay_l_ms=1.06218 qdelay_c_ms=1.08295 ecn_mark=1536 drop=0
[QUEUE_STATS] t_ms=22608 q_pkts=3 q_bytes=4512 qdelay_l_ms=0.859074 qdelay_c_ms=0.855037 ecn_mark=1539 drop=0
[QUEUE_STATS] t_ms=22624 q_pkts=2 q_bytes=3008 qdelay_l_ms=0 qdelay_c_ms=1.07539 ecn_mark=1539 drop=0
[QUEUE_STATS] t_ms=22640 q_pkts=3 q_bytes=4512 qdelay_l_ms=1.07088 qdelay_c_ms=1.0775 ecn_mark=1539 drop=0
[QUEUE_STATS] t_ms=22656 q_pkts=3 q_bytes=4512 qdelay_l_ms=0.712449 qdelay_c_ms=0.727477 ecn_mark=1539 drop=0
[QUEUE_STATS] t_ms=22672 q_pkts=3 q_bytes=4512 qdelay_l_ms=1.06921 qdelay_c_ms=2.12123 ecn_mark=1541 drop=0
[QUEUE_STATS] t_ms=22688 q_pkts=4 q_bytes=6016 qdelay_l_ms=1.0806 qdelay_c_ms=1.07703 ecn_mark=1541 drop=0
[QUEUE_STATS] t_ms=22704 q_pkts=3 q_bytes=4512 qdelay_l_ms=1.06275 qdelay_c_ms=1.06864 ecn_mark=1542 drop=0
[QUEUE_STATS] t_ms=22720 q_pkts=3 q_bytes=4512 qdelay_l_ms=1.07333 qdelay_c_ms=1.06987 ecn_mark=1545 drop=0
[QUEUE_STATS] t_ms=22736 q_pkts=5 q_bytes=7520 qdelay_l_ms=1.09079 qdelay_c_ms=1.08681 ecn_mark=1545 drop=0
[QUEUE_STATS] t_ms=22752 q_pkts=5 q_bytes=7520 qdelay_l_ms=1.07815 qdelay_c_ms=1.0747 ecn_mark=1547 drop=0
[QUEUE_STATS] t_ms=22768 q_pkts=4 q_bytes=6016 qdelay_l_ms=1.06426 qdelay_c_ms=1.07056 ecn_mark=1548 drop=0
[QUEUE_STATS] t_ms=22784 q_pkts=4 q_bytes=6016 qdelay_l_ms=1.06347 qdelay_c_ms=1.06062 ecn_mark=1549 drop=0
[QUEUE_STATS] t_ms=22800 q_pkts=3 q_bytes=4512 qdelay_l_ms=1.0642 qdelay_c_ms=1.06156 ecn_mark=1549 drop=0
[QUEUE_STATS] t_ms=22816 q_pkts=4 q_bytes=6016 qdelay_l_ms=1.0528 qdelay_c_ms=1.04968 ecn_mark=1549 drop=0
[QUEUE_STATS] t_ms=22832 q_pkts=1 q_bytes=1504 qdelay_l_ms=0.775587 qdelay_c_ms=0 ecn_mark=1550 drop=0
[QUEUE_STATS] t_ms=22848 q_pkts=2 q_bytes=3008 qdelay_l_ms=0.384613 qdelay_c_ms=0.38861 ecn_mark=1551 drop=0
[QUEUE_STATS] t_ms=22864 q_pkts=4 q_bytes=6016 qdelay_l_ms=0.813349 qdelay_c_ms=1.88278 ecn_mark=1551 drop=0
[QUEUE_STATS] t_ms=22880 q_pkts=4 q_bytes=6016 qdelay_l_ms=1.06751 qdelay_c_ms=1.06391 ecn_mark=1552 drop=0
[QUEUE_STATS] t_ms=22896 q_pkts=4 q_bytes=6016 qdelay_l_ms=1.07696 qdelay_c_ms=1.07299 ecn_mark=1553 drop=0
[QUEUE_STATS] t_ms=22912 q_pkts=5 q_bytes=7520 qdelay_l_ms=0.759016 qdelay_c_ms=0.755389 ecn_mark=1554 drop=0
[QUEUE_STATS] t_ms=22928 q_pkts=3 q_bytes=4512 qdelay_l_ms=1.06382 qdelay_c_ms=1.07855 ecn_mark=1554 drop=0
[QUEUE_STATS] t_ms=22944 q_pkts=5 q_bytes=7520 qdelay_l_ms=0.731615 qdelay_c_ms=1.79905 ecn_mark=1554 drop=0
[QUEUE_STATS] t_ms=22960 q_pkts=4 q_bytes=6016 qdelay_l_ms=0.780136 qdelay_c_ms=0.77682 ecn_mark=1555 drop=0
[QUEUE_STATS] t_ms=22976 q_pkts=5 q_bytes=7520 qdelay_l_ms=1.07107 qdelay_c_ms=1.06771 ecn_mark=1556 drop=0
[QUEUE_STATS] t_ms=22992 q_pkts=5 q_bytes=7520 qdelay_l_ms=1.06355 qdelay_c_ms=1.47273 ecn_mark=1562 drop=0
[QUEUE_STATS] t_ms=23008 q_pkts=5 q_bytes=7520 qdelay_l_ms=0.721416 qdelay_c_ms=0.71828 ecn_mark=1563 drop=0
[QUEUE_STATS] t_ms=23024 q_pkts=4 q_bytes=6016 qdelay_l_ms=1.07531 qdelay_c_ms=1.07197 ecn_mark=1563 drop=0
[QUEUE_STATS] t_ms=23040 q_pkts=2 q_bytes=3008 qdelay_l_ms=0.718821 qdelay_c_ms=0.722928 ecn_mark=1565 drop=0
[QUEUE_STATS] t_ms=23056 q_pkts=3 q_bytes=4512 qdelay_l_ms=1.06299 qdelay_c_ms=1.07764 ecn_mark=1566 drop=0
[QUEUE_STATS] t_ms=23072 q_pkts=5 q_bytes=7520 qdelay_l_ms=1.06325 qdelay_c_ms=1.08276 ecn_mark=1566 drop=0
[QUEUE_STATS] t_ms=23088 q_pkts=4 q_bytes=6016 qdelay_l_ms=1.06424 qdelay_c_ms=1.07512 ecn_mark=1566 drop=0
[QUEUE_STATS] t_ms=23104 q_pkts=3 q_bytes=4512 qdelay_l_ms=1.06313 qdelay_c_ms=1.0749 ecn_mark=1567 drop=0
[QUEUE_STATS] t_ms=23120 q_pkts=5 q_bytes=7520 qdelay_l_ms=1.05423 qdelay_c_ms=1.05061 ecn_mark=1568 drop=0
[QUEUE_STATS] t_ms=23136 q_pkts=4 q_bytes=6016 qdelay_l_ms=1.04734 qdelay_c_ms=1.04436 ecn_mark=1569 drop=0
[QUEUE_STATS] t_ms=23152 q_pkts=2 q_bytes=3008 qdelay_l_ms=0.943293 qdelay_c_ms=0.940277 ecn_mark=1570 drop=0
[QUEUE_STATS] t_ms=23168 q_pkts=2 q_bytes=3008 qdelay_l_ms=1.07053 qdelay_c_ms=0 ecn_mark=1570 drop=0
[QUEUE_STATS] t_ms=23184 q_pkts=3 q_bytes=4512 qdelay_l_ms=1.07271 qdelay_c_ms=1.06878 ecn_mark=1570 drop=0
[QUEUE_STATS] t_ms=23200 q_pkts=3 q_bytes=4512 qdelay_l_ms=0.713782 qdelay_c_ms=0.710416 ecn_mark=1570 drop=0
[QUEUE_STATS] t_ms=23216 q_pkts=2 q_bytes=3008 qdelay_l_ms=1.06737 qdelay_c_ms=0 ecn_mark=1570 drop=0
[QUEUE_STATS] t_ms=23232 q_pkts=4 q_bytes=6016 qdelay_l_ms=1.08145 qdelay_c_ms=1.72996 ecn_mark=1571 drop=0
[QUEUE_STATS] t_ms=23248 q_pkts=6 q_bytes=9024 qdelay_l_ms=0.695156 qdelay_c_ms=0.71303 ecn_mark=1571 drop=0
[QUEUE_STATS] t_ms=23264 q_pkts=6 q_bytes=9024 qdelay_l_ms=1.07252 qdelay_c_ms=1.06969 ecn_mark=1571 drop=0
[QUEUE_STATS] t_ms=23280 q_pkts=3 q_bytes=4512 qdelay_l_ms=0.715145 qdelay_c_ms=0.711097 ecn_mark=1571 drop=0
[QUEUE_STATS] t_ms=23296 q_pkts=4 q_bytes=6016 qdelay_l_ms=1.07995 qdelay_c_ms=1.0773 ecn_mark=1572 drop=0
[QUEUE_STATS] t_ms=23312 q_pkts=4 q_bytes=6016 qdelay_l_ms=1.10765 qdelay_c_ms=1.80947 ecn_mark=1572 drop=0
[QUEUE_STATS] t_ms=23328 q_pkts=4 q_bytes=6016 qdelay_l_ms=1.08034 qdelay_c_ms=1.0767 ecn_mark=1572 drop=0
[QUEUE_STATS] t_ms=23344 q_pkts=3 q_bytes=4512 qdelay_l_ms=1.06681 qdelay_c_ms=1.06238 ecn_mark=1572 drop=0
[QUEUE_STATS] t_ms=23360 q_pkts=7 q_bytes=10528 qdelay_l_ms=0.876969 qdelay_c_ms=1.94004 ecn_mark=1572 drop=0
[QUEUE_STATS] t_ms=23376 q_pkts=5 q_bytes=7520 qdelay_l_ms=1.06349 qdelay_c_ms=1.08384 ecn_mark=1574 drop=0
[QUEUE_STATS] t_ms=23392 q_pkts=6 q_bytes=9024 qdelay_l_ms=1.06414 qdelay_c_ms=1.06039 ecn_mark=1574 drop=0
[QUEUE_STATS] t_ms=23408 q_pkts=3 q_bytes=4512 qdelay_l_ms=1.05936 qdelay_c_ms=1.07978 ecn_mark=1576 drop=0
[QUEUE_STATS] t_ms=23424 q_pkts=3 q_bytes=4512 qdelay_l_ms=1.06106 qdelay_c_ms=1.07739 ecn_mark=1576 drop=0
[QUEUE_STATS] t_ms=23440 q_pkts=6 q_bytes=9024 qdelay_l_ms=1.09094 qdelay_c_ms=1.08717 ecn_mark=1578 drop=0
[QUEUE_STATS] t_ms=23456 q_pkts=5 q_bytes=7520 qdelay_l_ms=1.05936 qdelay_c_ms=2.12801 ecn_mark=1579 drop=0
[QUEUE_STATS] t_ms=23472 q_pkts=4 q_bytes=6016 qdelay_l_ms=0.943964 qdelay_c_ms=0.940988 ecn_mark=1579 drop=0
[QUEUE_STATS] t_ms=23488 q_pkts=3 q_bytes=4512 qdelay_l_ms=1.05861 qdelay_c_ms=1.07822 ecn_mark=1580 drop=0
[QUEUE_STATS] t_ms=23504 q_pkts=1 q_bytes=1504 qdelay_l_ms=1.06887 qdelay_c_ms=0 ecn_mark=1582 drop=0
[QUEUE_STATS] t_ms=23520 q_pkts=5 q_bytes=7520 qdelay_l_ms=1.08807 qdelay_c_ms=1.08356 ecn_mark=1583 drop=0
[QUEUE_STATS] t_ms=23536 q_pkts=5 q_bytes=7520 qdelay_l_ms=1.0686 qdelay_c_ms=1.06496 ecn_mark=1583 drop=0
[QUEUE_STATS] t_ms=23552 q_pkts=3 q_bytes=4512 qdelay_l_ms=1.0635 qdelay_c_ms=1.08272 ecn_mark=1583 drop=0
[QUEUE_STATS] t_ms=23568 q_pkts=5 q_bytes=7520 qdelay_l_ms=1.08133 qdelay_c_ms=1.73946 ecn_mark=1583 drop=0
[QUEUE_STATS] t_ms=23584 q_pkts=3 q_bytes=4512 qdelay_l_ms=1.06264 qdelay_c_ms=2.0859 ecn_mark=1584 drop=0
[QUEUE_STATS] t_ms=23600 q_pkts=4 q_bytes=6016 qdelay_l_ms=1.0856 qdelay_c_ms=2.09685 ecn_mark=1584 drop=0
[QUEUE_STATS] t_ms=23616 q_pkts=3 q_bytes=4512 qdelay_l_ms=0.904761 qdelay_c_ms=0.910472 ecn_mark=1585 drop=0
[QUEUE_STATS] t_ms=23632 q_pkts=5 q_bytes=7520 qdelay_l_ms=1.06249 qdelay_c_ms=1.07849 ecn_mark=1586 drop=0
[QUEUE_STATS] t_ms=23648 q_pkts=7 q_bytes=10528 qdelay_l_ms=1.07287 qdelay_c_ms=2.08411 ecn_mark=1586 drop=0
[QUEUE_STATS] t_ms=23664 q_pkts=1 q_bytes=1504 qdelay_l_ms=1.07076 qdelay_c_ms=0 ecn_mark=1587 drop=0
[QUEUE_STATS] t_ms=23680 q_pkts=2 q_bytes=3008 qdelay_l_ms=1.06906 qdelay_c_ms=0 ecn_mark=1587 drop=0
[QUEUE_STATS] t_ms=23696 q_pkts=9 q_bytes=13536 qdelay_l_ms=1.07979 qdelay_c_ms=3.06922 ecn_mark=1587 drop=0
[QUEUE_STATS] t_ms=23712 q_pkts=0 q_bytes=0 qdelay_l_ms=0 qdelay_c_ms=0 ecn_mark=1589 drop=0
[QUEUE_STATS] t_ms=23728 q_pkts=3 q_bytes=4512 qdelay_l_ms=1.0611 qdelay_c_ms=2.14927 ecn_mark=1589 drop=0
[QUEUE_STATS] t_ms=23744 q_pkts=6 q_bytes=9024 qdelay_l_ms=1.06248 qdelay_c_ms=1.94418 ecn_mark=1590 drop=0
[QUEUE_STATS] t_ms=23760 q_pkts=3 q_bytes=4512 qdelay_l_ms=1.07335 qdelay_c_ms=1.93158 ecn_mark=1591 drop=0
[QUEUE_STATS] t_ms=23777 q_pkts=4 q_bytes=6016 qdelay_l_ms=1.06766 qdelay_c_ms=1.0639 ecn_mark=1592 drop=0
[QUEUE_STATS] t_ms=23792 q_pkts=9 q_bytes=13536 qdelay_l_ms=0.873442 qdelay_c_ms=1.99866 ecn_mark=1593 drop=0
[QUEUE_STATS] t_ms=23808 q_pkts=3 q_bytes=4512 qdelay_l_ms=1.07442 qdelay_c_ms=1.07025 ecn_mark=1595 drop=0
[QUEUE_STATS] t_ms=23824 q_pkts=5 q_bytes=7520 qdelay_l_ms=0.620026 qdelay_c_ms=1.7025 ecn_mark=1596 drop=0
[QUEUE_STATS] t_ms=23840 q_pkts=2 q_bytes=3008 qdelay_l_ms=1.0693 qdelay_c_ms=1.07285 ecn_mark=1598 drop=0
[QUEUE_STATS] t_ms=23856 q_pkts=4 q_bytes=6016 qdelay_l_ms=0.823618 qdelay_c_ms=0.820081 ecn_mark=1601 drop=0
[QUEUE_STATS] t_ms=23872 q_pkts=5 q_bytes=7520 qdelay_l_ms=1.01029 qdelay_c_ms=2.07567 ecn_mark=1605 drop=0
[QUEUE_STATS] t_ms=23888 q_pkts=5 q_bytes=7520 qdelay_l_ms=1.06771 qdelay_c_ms=1.06348 ecn_mark=1606 drop=0
[QUEUE_STATS] t_ms=23904 q_pkts=6 q_bytes=9024 qdelay_l_ms=1.07118 qdelay_c_ms=1.07999 ecn_mark=1607 drop=0
[QUEUE_STATS] t_ms=23920 q_pkts=6 q_bytes=9024 qdelay_l_ms=1.09201 qdelay_c_ms=1.08693 ecn_mark=1607 drop=0
[QUEUE_STATS] t_ms=23936 q_pkts=4 q_bytes=6016 qdelay_l_ms=0.862271 qdelay_c_ms=0.858774 ecn_mark=1607 drop=0
[QUEUE_STATS] t_ms=23952 q_pkts=3 q_bytes=4512 qdelay_l_ms=1.06104 qdelay_c_ms=2.16469 ecn_mark=1610 drop=0
[QUEUE_STATS] t_ms=23968 q_pkts=5 q_bytes=7520 qdelay_l_ms=1.06285 qdelay_c_ms=1.43372 ecn_mark=1610 drop=0
[QUEUE_STATS] t_ms=23984 q_pkts=3 q_bytes=4512 qdelay_l_ms=1.06353 qdelay_c_ms=1.07843 ecn_mark=1610 drop=0
[QUEUE_STATS] t_ms=24000 q_pkts=6 q_bytes=9024 qdelay_l_ms=1.08328 qdelay_c_ms=1.07908 ecn_mark=1610 drop=0
[QUEUE_STATS] t_ms=24016 q_pkts=5 q_bytes=7520 qdelay_l_ms=1.08982 qdelay_c_ms=1.66126 ecn_mark=1610 drop=0
[QUEUE_STATS] t_ms=24032 q_pkts=6 q_bytes=9024 qdelay_l_ms=1.06973 qdelay_c_ms=1.06624 ecn_mark=1610 drop=0
[QUEUE_STATS] t_ms=24048 q_pkts=5 q_bytes=7520 qdelay_l_ms=1.07866 qdelay_c_ms=2.19719 ecn_mark=1611 drop=0
[QUEUE_STATS] t_ms=24064 q_pkts=5 q_bytes=7520 qdelay_l_ms=1.06567 qdelay_c_ms=1.10411 ecn_mark=1611 drop=0
[QUEUE_STATS] t_ms=24080 q_pkts=5 q_bytes=7520 qdelay_l_ms=1.00947 qdelay_c_ms=1.00386 ecn_mark=1613 drop=0
[QUEUE_STATS] t_ms=24096 q_pkts=6 q_bytes=9024 qdelay_l_ms=0.853043 qdelay_c_ms=1.97657 ecn_mark=1614 drop=0
[QUEUE_STATS] t_ms=24112 q_pkts=1 q_bytes=1504 qdelay_l_ms=0.860146 qdelay_c_ms=0 ecn_mark=1616 drop=0
[QUEUE_STATS] t_ms=24128 q_pkts=5 q_bytes=7520 qdelay_l_ms=1.03791 qdelay_c_ms=1.07249 ecn_mark=1616 drop=0
[QUEUE_STATS] t_ms=24144 q_pkts=6 q_bytes=9024 qdelay_l_ms=1.04086 qdelay_c_ms=2.12965 ecn_mark=1617 drop=0
[QUEUE_STATS] t_ms=24160 q_pkts=4 q_bytes=6016 qdelay_l_ms=0.846 qdelay_c_ms=0.840189 ecn_mark=1618 drop=0
[QUEUE_STATS] t_ms=24176 q_pkts=5 q_bytes=7520 qdelay_l_ms=1.06632 qdelay_c_ms=1.05986 ecn_mark=1618 drop=0
[QUEUE_STATS] t_ms=24192 q_pkts=3 q_bytes=4512 qdelay_l_ms=1.06167 qdelay_c_ms=1.08373 ecn_mark=1619 drop=0
[QUEUE_STATS] t_ms=24208 q_pkts=3 q_bytes=4512 qdelay_l_ms=1.0877 qdelay_c_ms=1.08095 ecn_mark=1619 drop=0
[QUEUE_STATS] t_ms=24224 q_pkts=5 q_bytes=7520 qdelay_l_ms=1.04341 qdelay_c_ms=2.12495 ecn_mark=1621 drop=0
[QUEUE_STATS] t_ms=24240 q_pkts=4 q_bytes=6016 qdelay_l_ms=0.656634 qdelay_c_ms=0.668476 ecn_mark=1621 drop=0
[QUEUE_STATS] t_ms=24256 q_pkts=3 q_bytes=4512 qdelay_l_ms=0.67056 qdelay_c_ms=0.663767 ecn_mark=1623 drop=0
[QUEUE_STATS] t_ms=24272 q_pkts=6 q_bytes=9024 qdelay_l_ms=1.04461 qdelay_c_ms=2.13789 ecn_mark=1626 drop=0
[QUEUE_STATS] t_ms=24288 q_pkts=4 q_bytes=6016 qdelay_l_ms=1.09643 qdelay_c_ms=1.39967 ecn_mark=1627 drop=0
[QUEUE_STATS] t_ms=24304 q_pkts=2 q_bytes=3008 qdelay_l_ms=0 qdelay_c_ms=1.09317 ecn_mark=1629 drop=0
[QUEUE_STATS] t_ms=24320 q_pkts=7 q_bytes=10528 qdelay_l_ms=1.05722 qdelay_c_ms=1.1018 ecn_mark=1629 drop=0
[QUEUE_STATS] t_ms=24336 q_pkts=5 q_bytes=7520 qdelay_l_ms=0.995511 qdelay_c_ms=2.11027 ecn_mark=1630 drop=0
[QUEUE_STATS] t_ms=24352 q_pkts=6 q_bytes=9024 qdelay_l_ms=1.09587 qdelay_c_ms=1.08244 ecn_mark=1631 drop=0
[QUEUE_STATS] t_ms=24368 q_pkts=5 q_bytes=7520 qdelay_l_ms=1.06637 qdelay_c_ms=1.09607 ecn_mark=1632 drop=0
[QUEUE_STATS] t_ms=24384 q_pkts=5 q_bytes=7520 qdelay_l_ms=1.09423 qdelay_c_ms=2.07013 ecn_mark=1632 drop=0
[QUEUE_STATS] t_ms=24400 q_pkts=5 q_bytes=7520 qdelay_l_ms=0.359506 qdelay_c_ms=1.44038 ecn_mark=1632 drop=0
[QUEUE_STATS] t_ms=24416 q_pkts=7 q_bytes=10528 qdelay_l_ms=1.09914 qdelay_c_ms=1.94152 ecn_mark=1632 drop=0
[QUEUE_STATS] t_ms=24432 q_pkts=3 q_bytes=4512 qdelay_l_ms=0 qdelay_c_ms=1.43684 ecn_mark=1634 drop=0
[QUEUE_STATS] t_ms=24448 q_pkts=3 q_bytes=4512 qdelay_l_ms=1.00364 qdelay_c_ms=0.997976 ecn_mark=1634 drop=0
[QUEUE_STATS] t_ms=24464 q_pkts=4 q_bytes=6016 qdelay_l_ms=1.05932 qdelay_c_ms=2.18626 ecn_mark=1637 drop=0
[QUEUE_STATS] t_ms=24480 q_pkts=3 q_bytes=4512 qdelay_l_ms=1.08336 qdelay_c_ms=1.07726 ecn_mark=1638 drop=0
[QUEUE_STATS] t_ms=24496 q_pkts=5 q_bytes=7520 qdelay_l_ms=1.09437 qdelay_c_ms=2.12787 ecn_mark=1638 drop=0
[QUEUE_STATS] t_ms=24512 q_pkts=4 q_bytes=6016 qdelay_l_ms=0.9901 qdelay_c_ms=2.11487 ecn_mark=1639 drop=0
[QUEUE_STATS] t_ms=24528 q_pkts=4 q_bytes=6016 qdelay_l_ms=1.06632 qdelay_c_ms=2.14163 ecn_mark=1642 drop=0
[QUEUE_STATS] t_ms=24545 q_pkts=5 q_bytes=7520 qdelay_l_ms=1.08361 qdelay_c_ms=1.0782 ecn_mark=1645 drop=0
[QUEUE_STATS] t_ms=24560 q_pkts=6 q_bytes=9024 qdelay_l_ms=0.85686 qdelay_c_ms=1.98081 ecn_mark=1646 drop=0
[QUEUE_STATS] t_ms=24576 q_pkts=2 q_bytes=3008 qdelay_l_ms=0.343555 qdelay_c_ms=0.349927 ecn_mark=1647 drop=0
[QUEUE_STATS] t_ms=24592 q_pkts=5 q_bytes=7520 qdelay_l_ms=0.849927 qdelay_c_ms=1.94718 ecn_mark=1648 drop=0
[QUEUE_STATS] t_ms=24608 q_pkts=4 q_bytes=6016 qdelay_l_ms=0 qdelay_c_ms=1.09152 ecn_mark=1648 drop=0
[QUEUE_STATS] t_ms=24624 q_pkts=4 q_bytes=6016 qdelay_l_ms=1.09291 qdelay_c_ms=1.08494 ecn_mark=1648 drop=0
[QUEUE_STATS] t_ms=24640 q_pkts=6 q_bytes=9024 qdelay_l_ms=1.0834 qdelay_c_ms=1.07988 ecn_mark=1651 drop=0
[QUEUE_STATS] t_ms=24656 q_pkts=6 q_bytes=9024 qdelay_l_ms=1.03982 qdelay_c_ms=1.03295 ecn_mark=1653 drop=0
[QUEUE_STATS] t_ms=24672 q_pkts=4 q_bytes=6016 qdelay_l_ms=1.06472 qdelay_c_ms=1.06116 ecn_mark=1656 drop=0
[QUEUE_STATS] t_ms=24688 q_pkts=5 q_bytes=7520 qdelay_l_ms=1.04347 qdelay_c_ms=1.06608 ecn_mark=1656 drop=0
[QUEUE_STATS] t_ms=24704 q_pkts=3 q_bytes=4512 qdelay_l_ms=1.06534 qdelay_c_ms=1.0898 ecn_mark=1656 drop=0
[QUEUE_STATS] t_ms=24720 q_pkts=6 q_bytes=9024 qdelay_l_ms=1.07132 qdelay_c_ms=1.06513 ecn_mark=1657 drop=0
[QUEUE_STATS] t_ms=24736 q_pkts=4 q_bytes=6016 qdelay_l_ms=1.09169 qdelay_c_ms=1.08524 ecn_mark=1658 drop=0
[QUEUE_STATS] t_ms=24752 q_pkts=4 q_bytes=6016 qdelay_l_ms=1.09339 qdelay_c_ms=1.08659 ecn_mark=1658 drop=0
[QUEUE_STATS] t_ms=24768 q_pkts=5 q_bytes=7520 qdelay_l_ms=0.689186 qdelay_c_ms=1.6879 ecn_mark=1658 drop=0
[QUEUE_STATS] t_ms=24784 q_pkts=5 q_bytes=7520 qdelay_l_ms=0.635615 qdelay_c_ms=0.667154 ecn_mark=1658 drop=0
[QUEUE_STATS] t_ms=24800 q_pkts=3 q_bytes=4512 qdelay_l_ms=1.05892 qdelay_c_ms=1.0693 ecn_mark=1658 drop=0
[QUEUE_STATS] t_ms=24816 q_pkts=7 q_bytes=10528 qdelay_l_ms=1.09522 qdelay_c_ms=2.15391 ecn_mark=1659 drop=0
[QUEUE_STATS] t_ms=24832 q_pkts=5 q_bytes=7520 qdelay_l_ms=1.07348 qdelay_c_ms=1.0661 ecn_mark=1659 drop=0
[QUEUE_STATS] t_ms=24848 q_pkts=5 q_bytes=7520 qdelay_l_ms=1.11128 qdelay_c_ms=1.09999 ecn_mark=1659 drop=0
[QUEUE_STATS] t_ms=24864 q_pkts=5 q_bytes=7520 qdelay_l_ms=1.05243 qdelay_c_ms=2.19217 ecn_mark=1659 drop=0
[QUEUE_STATS] t_ms=24880 q_pkts=4 q_bytes=6016 qdelay_l_ms=1.06542 qdelay_c_ms=2.06981 ecn_mark=1659 drop=0
[QUEUE_STATS] t_ms=24896 q_pkts=3 q_bytes=4512 qdelay_l_ms=1.05361 qdelay_c_ms=1.0454 ecn_mark=1659 drop=0
[QUEUE_STATS] t_ms=24912 q_pkts=6 q_bytes=9024 qdelay_l_ms=1.07046 qdelay_c_ms=2.12182 ecn_mark=1660 drop=0
[QUEUE_STATS] t_ms=24928 q_pkts=4 q_bytes=6016 qdelay_l_ms=1.06599 qdelay_c_ms=2.07244 ecn_mark=1661 drop=0
[QUEUE_STATS] t_ms=24944 q_pkts=4 q_bytes=6016 qdelay_l_ms=1.09482 qdelay_c_ms=1.0879 ecn_mark=1662 drop=0
[QUEUE_STATS] t_ms=24960 q_pkts=7 q_bytes=10528 qdelay_l_ms=0.997525 qdelay_c_ms=2.10443 ecn_mark=1663 drop=0
[QUEUE_STATS] t_ms=24976 q_pkts=4 q_bytes=6016 qdelay_l_ms=1.10054 qdelay_c_ms=2.07051 ecn_mark=1664 drop=0
[QUEUE_STATS] t_ms=24992 q_pkts=3 q_bytes=4512 qdelay_l_ms=0 qdelay_c_ms=1.90104 ecn_mark=1666 drop=0
[QUEUE_STATS] t_ms=25008 q_pkts=8 q_bytes=12032 qdelay_l_ms=1.06074 qdelay_c_ms=2.18229 ecn_mark=1668 drop=0
[QUEUE_STATS] t_ms=25024 q_pkts=5 q_bytes=7520 qdelay_l_ms=1.03246 qdelay_c_ms=2.09613 ecn_mark=1668 drop=0
[QUEUE_STATS] t_ms=25040 q_pkts=6 q_bytes=9024 qdelay_l_ms=0 qdelay_c_ms=1.92111 ecn_mark=1668 drop=0
[QUEUE_STATS] t_ms=25056 q_pkts=7 q_bytes=10528 qdelay_l_ms=1.07429 qdelay_c_ms=2.20166 ecn_mark=1671 drop=0
[QUEUE_STATS] t_ms=25072 q_pkts=6 q_bytes=9024 qdelay_l_ms=1.09405 qdelay_c_ms=2.15906 ecn_mark=1671 drop=0
[QUEUE_STATS] t_ms=25088 q_pkts=2 q_bytes=3008 qdelay_l_ms=1.06699 qdelay_c_ms=1.06099 ecn_mark=1671 drop=0
[QUEUE_STATS] t_ms=25104 q_pkts=7 q_bytes=10528 qdelay_l_ms=0.78207 qdelay_c_ms=1.94321 ecn_mark=1672 drop=0
[QUEUE_STATS] t_ms=25120 q_pkts=6 q_bytes=9024 qdelay_l_ms=1.06588 qdelay_c_ms=2.11072 ecn_mark=1673 drop=0
[QUEUE_STATS] t_ms=25136 q_pkts=4 q_bytes=6016 qdelay_l_ms=0.863122 qdelay_c_ms=0.857452 ecn_mark=1673 drop=0
[QUEUE_STATS] t_ms=25152 q_pkts=5 q_bytes=7520 qdelay_l_ms=1.03317 qdelay_c_ms=2.12685 ecn_mark=1673 drop=0
[QUEUE_STATS] t_ms=25168 q_pkts=7 q_bytes=10528 qdelay_l_ms=1.09678 qdelay_c_ms=1.90846 ecn_mark=1673 drop=0
[QUEUE_STATS] t_ms=25184 q_pkts=5 q_bytes=7520 qdelay_l_ms=1.03243 qdelay_c_ms=1.02575 ecn_mark=1674 drop=0
[QUEUE_STATS] t_ms=25200 q_pkts=6 q_bytes=9024 qdelay_l_ms=1.07402 qdelay_c_ms=2.14843 ecn_mark=1674 drop=0
[QUEUE_STATS] t_ms=25216 q_pkts=7 q_bytes=10528 qdelay_l_ms=1.09926 qdelay_c_ms=1.90992 ecn_mark=1674 drop=0
[QUEUE_STATS] t_ms=25232 q_pkts=9 q_bytes=13536 qdelay_l_ms=0.987786 qdelay_c_ms=2.0792 ecn_mark=1674 drop=0
[QUEUE_STATS] t_ms=25249 q_pkts=5 q_bytes=7520 qdelay_l_ms=1.07074 qdelay_c_ms=1.06545 ecn_mark=1675 drop=0
[QUEUE_STATS] t_ms=25264 q_pkts=8 q_bytes=12032 qdelay_l_ms=0.985943 qdelay_c_ms=2.4514 ecn_mark=1676 drop=0
[QUEUE_STATS] t_ms=25280 q_pkts=5 q_bytes=7520 qdelay_l_ms=1.07132 qdelay_c_ms=1.09948 ecn_mark=1677 drop=0
[QUEUE_STATS] t_ms=25296 q_pkts=5 q_bytes=7520 qdelay_l_ms=1.08252 qdelay_c_ms=1.07538 ecn_mark=1678 drop=0
[QUEUE_STATS] t_ms=25312 q_pkts=8 q_bytes=12032 qdelay_l_ms=1.04636 qdelay_c_ms=3.2259 ecn_mark=1678 drop=0
[QUEUE_STATS] t_ms=25328 q_pkts=6 q_bytes=9024 qdelay_l_ms=1.09994 qdelay_c_ms=1.8947 ecn_mark=1682 drop=0
[QUEUE_STATS] t_ms=25344 q_pkts=5 q_bytes=7520 qdelay_l_ms=1.09332 qdelay_c_ms=1.08677 ecn_mark=1684 drop=0
[QUEUE_STATS] t_ms=25360 q_pkts=6 q_bytes=9024 qdelay_l_ms=1.09966 qdelay_c_ms=1.92811 ecn_mark=1685 drop=0
[QUEUE_STATS] t_ms=25376 q_pkts=5 q_bytes=7520 qdelay_l_ms=1.09782 qdelay_c_ms=1.09106 ecn_mark=1685 drop=0
[QUEUE_STATS] t_ms=25392 q_pkts=4 q_bytes=6016 qdelay_l_ms=1.06538 qdelay_c_ms=2.12661 ecn_mark=1685 drop=0
[QUEUE_STATS] t_ms=25408 q_pkts=6 q_bytes=9024 qdelay_l_ms=0.953933 qdelay_c_ms=2.06985 ecn_mark=1686 drop=0
[QUEUE_STATS] t_ms=25424 q_pkts=9 q_bytes=13536 qdelay_l_ms=0.825351 qdelay_c_ms=2.28505 ecn_mark=1687 drop=0
[QUEUE_STATS] t_ms=25440 q_pkts=5 q_bytes=7520 qdelay_l_ms=0.768845 qdelay_c_ms=0.784575 ecn_mark=1687 drop=0
[QUEUE_STATS] t_ms=25456 q_pkts=3 q_bytes=4512 qdelay_l_ms=0.336803 qdelay_c_ms=0.347173 ecn_mark=1688 drop=0
[QUEUE_STATS] t_ms=25472 q_pkts=4 q_bytes=6016 qdelay_l_ms=1.08805 qdelay_c_ms=1.0818 ecn_mark=1689 drop=0
[QUEUE_STATS] t_ms=25488 q_pkts=3 q_bytes=4512 qdelay_l_ms=1.08898 qdelay_c_ms=1.08262 ecn_mark=1689 drop=0
[QUEUE_STATS] t_ms=25504 q_pkts=4 q_bytes=6016 qdelay_l_ms=1.05621 qdelay_c_ms=1.06713 ecn_mark=1689 drop=0
[QUEUE_STATS] t_ms=25520 q_pkts=4 q_bytes=6016 qdelay_l_ms=1.08882 qdelay_c_ms=1.0824 ecn_mark=1692 drop=0
[QUEUE_STATS] t_ms=25536 q_pkts=6 q_bytes=9024 qdelay_l_ms=1.06519 qdelay_c_ms=1.05981 ecn_mark=1693 drop=0
[QUEUE_STATS] t_ms=25552 q_pkts=4 q_bytes=6016 qdelay_l_ms=1.09326 qdelay_c_ms=1.08636 ecn_mark=1694 drop=0
[QUEUE_STATS] t_ms=25568 q_pkts=4 q_bytes=6016 qdelay_l_ms=1.07934 qdelay_c_ms=1.0744 ecn_mark=1696 drop=0
[QUEUE_STATS] t_ms=25584 q_pkts=6 q_bytes=9024 qdelay_l_ms=0.966998 qdelay_c_ms=0.961147 ecn_mark=1696 drop=0
[QUEUE_STATS] t_ms=25600 q_pkts=3 q_bytes=4512 qdelay_l_ms=0.813919 qdelay_c_ms=0.824469 ecn_mark=1696 drop=0
[QUEUE_STATS] t_ms=25616 q_pkts=4 q_bytes=6016 qdelay_l_ms=1.0701 qdelay_c_ms=1.06487 ecn_mark=1696 drop=0
[QUEUE_STATS] t_ms=25632 q_pkts=3 q_bytes=4512 qdelay_l_ms=0.930519 qdelay_c_ms=0.953762 ecn_mark=1697 drop=0
[QUEUE_STATS] t_ms=25648 q_pkts=4 q_bytes=6016 qdelay_l_ms=0.529896 qdelay_c_ms=0.552969 ecn_mark=1700 drop=0
[QUEUE_STATS] t_ms=25664 q_pkts=6 q_bytes=9024 qdelay_l_ms=0.760589 qdelay_c_ms=0.77148 ecn_mark=1701 drop=0
[QUEUE_STATS] t_ms=25680 q_pkts=5 q_bytes=7520 qdelay_l_ms=1.06561 qdelay_c_ms=1.09629 ecn_mark=1703 drop=0
[QUEUE_STATS] t_ms=25696 q_pkts=3 q_bytes=4512 qdelay_l_ms=1.06539 qdelay_c_ms=1.08476 ecn_mark=1704 drop=0
[QUEUE_STATS] t_ms=25712 q_pkts=5 q_bytes=7520 qdelay_l_ms=0.988458 qdelay_c_ms=2.07481 ecn_mark=1706 drop=0
[QUEUE_STATS] t_ms=25728 q_pkts=4 q_bytes=6016 qdelay_l_ms=1.09333 qdelay_c_ms=1.08631 ecn_mark=1709 drop=0
[QUEUE_STATS] t_ms=25744 q_pkts=2 q_bytes=3008 qdelay_l_ms=0.644642 qdelay_c_ms=0 ecn_mark=1709 drop=0
[QUEUE_STATS] t_ms=25760 q_pkts=5 q_bytes=7520 qdelay_l_ms=1.07073 qdelay_c_ms=1.06483 ecn_mark=1710 drop=0
[QUEUE_STATS] t_ms=25776 q_pkts=4 q_bytes=6016 qdelay_l_ms=1.08942 qdelay_c_ms=1.08359 ecn_mark=1710 drop=0
[QUEUE_STATS] t_ms=25792 q_pkts=5 q_bytes=7520 qdelay_l_ms=0.622831 qdelay_c_ms=0.644732 ecn_mark=1711 drop=0
[QUEUE_STATS] t_ms=25808 q_pkts=4 q_bytes=6016 qdelay_l_ms=0.642819 qdelay_c_ms=0.632018 ecn_mark=1713 drop=0
[QUEUE_STATS] t_ms=25824 q_pkts=3 q_bytes=4512 qdelay_l_ms=1.05291 qdelay_c_ms=1.06392 ecn_mark=1714 drop=0
[QUEUE_STATS] t_ms=25840 q_pkts=5 q_bytes=7520 qdelay_l_ms=0.782671 qdelay_c_ms=1.90281 ecn_mark=1714 drop=0
[QUEUE_STATS] t_ms=25856 q_pkts=5 q_bytes=7520 qdelay_l_ms=0.977647 qdelay_c_ms=2.05304 ecn_mark=1714 drop=0
[QUEUE_STATS] t_ms=25872 q_pkts=2 q_bytes=3008 qdelay_l_ms=1.06651 qdelay_c_ms=0 ecn_mark=1714 drop=0
[QUEUE_STATS] t_ms=25888 q_pkts=8 q_bytes=12032 qdelay_l_ms=0.66005 qdelay_c_ms=2.71343 ecn_mark=1716 drop=0
[QUEUE_STATS] t_ms=25904 q_pkts=3 q_bytes=4512 qdelay_l_ms=1.0636 qdelay_c_ms=1.05844 ecn_mark=1718 drop=0
[QUEUE_STATS] t_ms=25920 q_pkts=4 q_bytes=6016 qdelay_l_ms=0.961246 qdelay_c_ms=0.986644 ecn_mark=1719 drop=0
[QUEUE_STATS] t_ms=25936 q_pkts=4 q_bytes=6016 qdelay_l_ms=0.633561 qdelay_c_ms=1.8812 ecn_mark=1720 drop=0
[QUEUE_STATS] t_ms=25952 q_pkts=3 q_bytes=4512 qdelay_l_ms=1.08877 qdelay_c_ms=1.08212 ecn_mark=1721 drop=0
[QUEUE_STATS] t_ms=25968 q_pkts=6 q_bytes=9024 qdelay_l_ms=1.06734 qdelay_c_ms=2.03511 ecn_mark=1721 drop=0
[QUEUE_STATS] t_ms=25984 q_pkts=4 q_bytes=6016 qdelay_l_ms=1.07295 qdelay_c_ms=2.18796 ecn_mark=1723 drop=0
[QUEUE_STATS] t_ms=26000 q_pkts=3 q_bytes=4512 qdelay_l_ms=1.08986 qdelay_c_ms=1.08288 ecn_mark=1726 drop=0
[QUEUE_STATS] t_ms=26016 q_pkts=4 q_bytes=6016 qdelay_l_ms=1.07358 qdelay_c_ms=2.13248 ecn_mark=1727 drop=0
[QUEUE_STATS] t_ms=26032 q_pkts=5 q_bytes=7520 qdelay_l_ms=0.985231 qdelay_c_ms=0.970744 ecn_mark=1729 drop=0
[QUEUE_STATS] t_ms=26048 q_pkts=4 q_bytes=6016 qdelay_l_ms=1.07093 qdelay_c_ms=1.08915 ecn_mark=1729 drop=0
[QUEUE_STATS] t_ms=26064 q_pkts=7 q_bytes=10528 qdelay_l_ms=0.73424 qdelay_c_ms=1.87086 ecn_mark=1731 drop=0
[QUEUE_STATS] t_ms=26080 q_pkts=4 q_bytes=6016 qdelay_l_ms=1.06776 qdelay_c_ms=1.06259 ecn_mark=1731 drop=0
[QUEUE_STATS] t_ms=26096 q_pkts=8 q_bytes=12032 qdelay_l_ms=1.09138 qdelay_c_ms=2.07192 ecn_mark=1732 drop=0
[QUEUE_STATS] t_ms=26112 q_pkts=5 q_bytes=7520 qdelay_l_ms=0.758716 qdelay_c_ms=1.88095 ecn_mark=1733 drop=0
[QUEUE_STATS] t_ms=26128 q_pkts=3 q_bytes=4512 qdelay_l_ms=0.381788 qdelay_c_ms=0.375626 ecn_mark=1733 drop=0
[QUEUE_STATS] t_ms=26144 q_pkts=6 q_bytes=9024 qdelay_l_ms=0.788161 qdelay_c_ms=1.89476 ecn_mark=1734 drop=0
[QUEUE_STATS] t_ms=26160 q_pkts=5 q_bytes=7520 qdelay_l_ms=0.977868 qdelay_c_ms=2.05816 ecn_mark=1734 drop=0
[QUEUE_STATS] t_ms=26176 q_pkts=4 q_bytes=6016 qdelay_l_ms=0.96823 qdelay_c_ms=0.96292 ecn_mark=1734 drop=0
[QUEUE_STATS] t_ms=26192 q_pkts=5 q_bytes=7520 qdelay_l_ms=1.09496 qdelay_c_ms=1.0881 ecn_mark=1735 drop=0
[QUEUE_STATS] t_ms=26208 q_pkts=2 q_bytes=3008 qdelay_l_ms=1.06295 qdelay_c_ms=0 ecn_mark=1736 drop=0
[QUEUE_STATS] t_ms=26224 q_pkts=4 q_bytes=6016 qdelay_l_ms=0.985853 qdelay_c_ms=0.980312 ecn_mark=1736 drop=0
[QUEUE_STATS] t_ms=26240 q_pkts=4 q_bytes=6016 qdelay_l_ms=1.0808 qdelay_c_ms=1.99787 ecn_mark=1736 drop=0
[QUEUE_STATS] t_ms=26256 q_pkts=3 q_bytes=4512 qdelay_l_ms=1.06493 qdelay_c_ms=1.08865 ecn_mark=1736 drop=0
[QUEUE_STATS] t_ms=26272 q_pkts=6 q_bytes=9024 qdelay_l_ms=0.961367 qdelay_c_ms=2.08036 ecn_mark=1737 drop=0
[QUEUE_STATS] t_ms=26288 q_pkts=4 q_bytes=6016 qdelay_l_ms=1.09145 qdelay_c_ms=1.08541 ecn_mark=1737 drop=0
[QUEUE_STATS] t_ms=26304 q_pkts=3 q_bytes=4512 qdelay_l_ms=0.612792 qdelay_c_ms=0.637789 ecn_mark=1737 drop=0
[QUEUE_STATS] t_ms=26320 q_pkts=4 q_bytes=6016 qdelay_l_ms=1.08621 qdelay_c_ms=2.03603 ecn_mark=1738 drop=0
[QUEUE_STATS] t_ms=26336 q_pkts=4 q_bytes=6016 qdelay_l_ms=1.06944 qdelay_c_ms=1.09231 ecn_mark=1738 drop=0
[QUEUE_STATS] t_ms=26352 q_pkts=5 q_bytes=7520 qdelay_l_ms=1.0523 qdelay_c_ms=2.17888 ecn_mark=1739 drop=0
[QUEUE_STATS] t_ms=26368 q_pkts=5 q_bytes=7520 qdelay_l_ms=1.07004 qdelay_c_ms=2.18349 ecn_mark=1739 drop=0
[QUEUE_STATS] t_ms=26384 q_pkts=4 q_bytes=6016 qdelay_l_ms=0.912816 qdelay_c_ms=0.906704 ecn_mark=1739 drop=0
[QUEUE_STATS] t_ms=26400 q_pkts=5 q_bytes=7520 qdelay_l_ms=1.07108 qdelay_c_ms=2.19278 ecn_mark=1739 drop=0
[QUEUE_STATS] t_ms=26416 q_pkts=4 q_bytes=6016 qdelay_l_ms=0.720674 qdelay_c_ms=1.83901 ecn_mark=1740 drop=0
[QUEUE_STATS] t_ms=26432 q_pkts=4 q_bytes=6016 qdelay_l_ms=0.699535 qdelay_c_ms=0.694465 ecn_mark=1740 drop=0
[QUEUE_STATS] t_ms=26448 q_pkts=6 q_bytes=9024 qdelay_l_ms=1.08188 qdelay_c_ms=2.19241 ecn_mark=1740 drop=0
[QUEUE_STATS] t_ms=26464 q_pkts=3 q_bytes=4512 qdelay_l_ms=0.942401 qdelay_c_ms=2.03344 ecn_mark=1743 drop=0
[QUEUE_STATS] t_ms=26480 q_pkts=6 q_bytes=9024 qdelay_l_ms=1.06355 qdelay_c_ms=1.05799 ecn_mark=1743 drop=0
[QUEUE_STATS] t_ms=26496 q_pkts=8 q_bytes=12032 qdelay_l_ms=0.922383 qdelay_c_ms=2.06396 ecn_mark=1744 drop=0
[QUEUE_STATS] t_ms=26512 q_pkts=3 q_bytes=4512 qdelay_l_ms=1.08316 qdelay_c_ms=1.64132 ecn_mark=1745 drop=0
[QUEUE_STATS] t_ms=26528 q_pkts=6 q_bytes=9024 qdelay_l_ms=0.852483 qdelay_c_ms=1.89867 ecn_mark=1746 drop=0
[QUEUE_STATS] t_ms=26544 q_pkts=9 q_bytes=13536 qdelay_l_ms=1.09452 qdelay_c_ms=2.94534 ecn_mark=1748 drop=0
[QUEUE_STATS] t_ms=26560 q_pkts=5 q_bytes=7520 qdelay_l_ms=1.06681 qdelay_c_ms=1.09002 ecn_mark=1749 drop=0
[QUEUE_STATS] t_ms=26576 q_pkts=5 q_bytes=7520 qdelay_l_ms=1.06565 qdelay_c_ms=1.09987 ecn_mark=1751 drop=0
[QUEUE_STATS] t_ms=26592 q_pkts=3 q_bytes=4512 qdelay_l_ms=0.864665 qdelay_c_ms=0.886186 ecn_mark=1754 drop=0
[QUEUE_STATS] t_ms=26608 q_pkts=4 q_bytes=6016 qdelay_l_ms=0.626989 qdelay_c_ms=0.620416 ecn_mark=1754 drop=0
[QUEUE_STATS] t_ms=26624 q_pkts=3 q_bytes=4512 qdelay_l_ms=1.07128 qdelay_c_ms=1.0657 ecn_mark=1756 drop=0
[QUEUE_STATS] t_ms=26640 q_pkts=4 q_bytes=6016 qdelay_l_ms=1.10162 qdelay_c_ms=1.0951 ecn_mark=1756 drop=0
[QUEUE_STATS] t_ms=26656 q_pkts=3 q_bytes=4512 qdelay_l_ms=0.716887 qdelay_c_ms=0.711327 ecn_mark=1756 drop=0
[QUEUE_STATS] t_ms=26672 q_pkts=4 q_bytes=6016 qdelay_l_ms=1.06498 qdelay_c_ms=1.05964 ecn_mark=1759 drop=0
[QUEUE_STATS] t_ms=26688 q_pkts=5 q_bytes=7520 qdelay_l_ms=1.08969 qdelay_c_ms=1.08375 ecn_mark=1759 drop=0
[QUEUE_STATS] t_ms=26704 q_pkts=3 q_bytes=4512 qdelay_l_ms=0.937492 qdelay_c_ms=0.930489 ecn_mark=1759 drop=0
[QUEUE_STATS] t_ms=26720 q_pkts=4 q_bytes=6016 qdelay_l_ms=1.08952 qdelay_c_ms=1.08302 ecn_mark=1760 drop=0
[QUEUE_STATS] t_ms=26736 q_pkts=3 q_bytes=4512 qdelay_l_ms=1.05753 qdelay_c_ms=1.06914 ecn_mark=1761 drop=0
[QUEUE_STATS] t_ms=26752 q_pkts=4 q_bytes=6016 qdelay_l_ms=0.619174 qdelay_c_ms=0.613293 ecn_mark=1762 drop=0
[QUEUE_STATS] t_ms=26768 q_pkts=7 q_bytes=10528 qdelay_l_ms=1.09685 qdelay_c_ms=1.09138 ecn_mark=1762 drop=0
[QUEUE_STATS] t_ms=26784 q_pkts=0 q_bytes=0 qdelay_l_ms=0 qdelay_c_ms=0 ecn_mark=1763 drop=0
[QUEUE_STATS] t_ms=26800 q_pkts=2 q_bytes=3008 qdelay_l_ms=1.06848 qdelay_c_ms=0 ecn_mark=1763 drop=0
[QUEUE_STATS] t_ms=26816 q_pkts=5 q_bytes=7520 qdelay_l_ms=0.916071 qdelay_c_ms=0.909709 ecn_mark=1763 drop=0
[QUEUE_STATS] t_ms=26832 q_pkts=2 q_bytes=3008 qdelay_l_ms=1.0798 qdelay_c_ms=0 ecn_mark=1763 drop=0
[QUEUE_STATS] t_ms=26848 q_pkts=1 q_bytes=1504 qdelay_l_ms=0.618432 qdelay_c_ms=0 ecn_mark=1763 drop=0
[QUEUE_STATS] t_ms=26864 q_pkts=2 q_bytes=3008 qdelay_l_ms=0 qdelay_c_ms=0.60165 ecn_mark=1764 drop=0
[QUEUE_STATS] t_ms=26880 q_pkts=6 q_bytes=9024 qdelay_l_ms=1.04479 qdelay_c_ms=1.06741 ecn_mark=1766 drop=0
[QUEUE_STATS] t_ms=26896 q_pkts=5 q_bytes=7520 qdelay_l_ms=0.917875 qdelay_c_ms=2.03843 ecn_mark=1767 drop=0
[QUEUE_STATS] t_ms=26912 q_pkts=5 q_bytes=7520 qdelay_l_ms=1.06004 qdelay_c_ms=1.05422 ecn_mark=1768 drop=0
[QUEUE_STATS] t_ms=26928 q_pkts=4 q_bytes=6016 qdelay_l_ms=0.974411 qdelay_c_ms=0.967779 ecn_mark=1770 drop=0
[QUEUE_STATS] t_ms=26944 q_pkts=2 q_bytes=3008 qdelay_l_ms=1.06736 qdelay_c_ms=0 ecn_mark=1770 drop=0
[QUEUE_STATS] t_ms=26960 q_pkts=6 q_bytes=9024 qdelay_l_ms=0.794303 qdelay_c_ms=0.815553 ecn_mark=1770 drop=0
[QUEUE_STATS] t_ms=26976 q_pkts=2 q_bytes=3008 qdelay_l_ms=1.08022 qdelay_c_ms=0 ecn_mark=1773 drop=0
[QUEUE_STATS] t_ms=26992 q_pkts=2 q_bytes=3008 qdelay_l_ms=1.00974 qdelay_c_ms=1.0154 ecn_mark=1774 drop=0
[QUEUE_STATS] t_ms=27008 q_pkts=2 q_bytes=3008 qdelay_l_ms=1.08254 qdelay_c_ms=0 ecn_mark=1775 drop=0
[QUEUE_STATS] t_ms=27024 q_pkts=2 q_bytes=3008 qdelay_l_ms=1.07786 qdelay_c_ms=2.10494 ecn_mark=1778 drop=0
[QUEUE_STATS] t_ms=27040 q_pkts=4 q_bytes=6016 qdelay_l_ms=0.339638 qdelay_c_ms=1.40483 ecn_mark=1778 drop=0
[QUEUE_STATS] t_ms=27056 q_pkts=6 q_bytes=9024 qdelay_l_ms=1.06852 qdelay_c_ms=1.06369 ecn_mark=1778 drop=0
[QUEUE_STATS] t_ms=27072 q_pkts=3 q_bytes=4512 qdelay_l_ms=0.380656 qdelay_c_ms=1.44004 ecn_mark=1780 drop=0
[QUEUE_STATS] t_ms=27088 q_pkts=3 q_bytes=4512 qdelay_l_ms=1.07026 qdelay_c_ms=1.07599 ecn_mark=1780 drop=0
[QUEUE_STATS] t_ms=27104 q_pkts=3 q_bytes=4512 qdelay_l_ms=1.06526 qdelay_c_ms=1.06008 ecn_mark=1780 drop=0
[QUEUE_STATS] t_ms=27120 q_pkts=3 q_bytes=4512 qdelay_l_ms=0.802418 qdelay_c_ms=1.86079 ecn_mark=1781 drop=0
[QUEUE_STATS] t_ms=27136 q_pkts=2 q_bytes=3008 qdelay_l_ms=1.06249 qdelay_c_ms=0 ecn_mark=1783 drop=0
[QUEUE_STATS] t_ms=27152 q_pkts=2 q_bytes=3008 qdelay_l_ms=0.615858 qdelay_c_ms=0 ecn_mark=1783 drop=0
[QUEUE_STATS] t_ms=27168 q_pkts=3 q_bytes=4512 qdelay_l_ms=1.06876 qdelay_c_ms=2.18798 ecn_mark=1783 drop=0
[QUEUE_STATS] t_ms=27184 q_pkts=3 q_bytes=4512 qdelay_l_ms=1.06561 qdelay_c_ms=1.08909 ecn_mark=1784 drop=0
[QUEUE_STATS] t_ms=27200 q_pkts=5 q_bytes=7520 qdelay_l_ms=0.581092 qdelay_c_ms=0.603694 ecn_mark=1785 drop=0
[QUEUE_STATS] t_ms=27216 q_pkts=4 q_bytes=6016 qdelay_l_ms=1.08903 qdelay_c_ms=1.08231 ecn_mark=1785 drop=0
[QUEUE_STATS] t_ms=27232 q_pkts=4 q_bytes=6016 qdelay_l_ms=1.06816 qdelay_c_ms=1.06268 ecn_mark=1785 drop=0
[QUEUE_STATS] t_ms=27248 q_pkts=4 q_bytes=6016 qdelay_l_ms=1.0917 qdelay_c_ms=1.08522 ecn_mark=1786 drop=0
[QUEUE_STATS] t_ms=27264 q_pkts=3 q_bytes=4512 qdelay_l_ms=0.952801 qdelay_c_ms=0.946118 ecn_mark=1788 drop=0
[QUEUE_STATS] t_ms=27280 q_pkts=3 q_bytes=4512 qdelay_l_ms=0.80829 qdelay_c_ms=0.801146 ecn_mark=1789 drop=0
[QUEUE_STATS] t_ms=27296 q_pkts=7 q_bytes=10528 qdelay_l_ms=0.926972 qdelay_c_ms=2.0052 ecn_mark=1789 drop=0
[QUEUE_STATS] t_ms=27312 q_pkts=6 q_bytes=9024 qdelay_l_ms=1.04045 qdelay_c_ms=2.1311 ecn_mark=1790 drop=0
[QUEUE_STATS] t_ms=27328 q_pkts=4 q_bytes=6016 qdelay_l_ms=0.805734 qdelay_c_ms=0.800274 ecn_mark=1792 drop=0
[QUEUE_STATS] t_ms=27344 q_pkts=4 q_bytes=6016 qdelay_l_ms=1.07036 qdelay_c_ms=1.09311 ecn_mark=1793 drop=0
[QUEUE_STATS] t_ms=27360 q_pkts=4 q_bytes=6016 qdelay_l_ms=1.06002 qdelay_c_ms=2.22184 ecn_mark=1793 drop=0
[QUEUE_STATS] t_ms=27376 q_pkts=2 q_bytes=3008 qdelay_l_ms=1.06731 qdelay_c_ms=0 ecn_mark=1795 drop=0
[QUEUE_STATS] t_ms=27392 q_pkts=6 q_bytes=9024 qdelay_l_ms=1.06403 qdelay_c_ms=1.09379 ecn_mark=1796 drop=0
[QUEUE_STATS] t_ms=27408 q_pkts=3 q_bytes=4512 qdelay_l_ms=1.08438 qdelay_c_ms=1.82815 ecn_mark=1799 drop=0
[QUEUE_STATS] t_ms=27424 q_pkts=4 q_bytes=6016 qdelay_l_ms=0.747815 qdelay_c_ms=1.84044 ecn_mark=1800 drop=0
[QUEUE_STATS] t_ms=27440 q_pkts=5 q_bytes=7520 qdelay_l_ms=0.926742 qdelay_c_ms=1.96211 ecn_mark=1801 drop=0
[QUEUE_STATS] t_ms=27456 q_pkts=4 q_bytes=6016 qdelay_l_ms=1.08566 qdelay_c_ms=1.96487 ecn_mark=1802 drop=0
[QUEUE_STATS] t_ms=27472 q_pkts=2 q_bytes=3008 qdelay_l_ms=0.804682 qdelay_c_ms=0 ecn_mark=1803 drop=0
[QUEUE_STATS] t_ms=27488 q_pkts=6 q_bytes=9024 qdelay_l_ms=0.747064 qdelay_c_ms=2.92597 ecn_mark=1803 drop=0
[QUEUE_STATS] t_ms=27504 q_pkts=4 q_bytes=6016 qdelay_l_ms=1.02805 qdelay_c_ms=1.02216 ecn_mark=1804 drop=0
[QUEUE_STATS] t_ms=27520 q_pkts=3 q_bytes=4512 qdelay_l_ms=0.771631 qdelay_c_ms=0.765219 ecn_mark=1807 drop=0
[QUEUE_STATS] t_ms=27536 q_pkts=4 q_bytes=6016 qdelay_l_ms=1.07116 qdelay_c_ms=1.08894 ecn_mark=1807 drop=0
[QUEUE_STATS] t_ms=27552 q_pkts=5 q_bytes=7520 qdelay_l_ms=1.05388 qdelay_c_ms=2.19181 ecn_mark=1807 drop=0
[QUEUE_STATS] t_ms=27568 q_pkts=4 q_bytes=6016 qdelay_l_ms=1.07979 qdelay_c_ms=1.07239 ecn_mark=1809 drop=0
[QUEUE_STATS] t_ms=27584 q_pkts=6 q_bytes=9024 qdelay_l_ms=1.06874 qdelay_c_ms=2.18925 ecn_mark=1811 drop=0
[QUEUE_STATS] t_ms=27600 q_pkts=1 q_bytes=1504 qdelay_l_ms=0 qdelay_c_ms=1.06038 ecn_mark=1812 drop=0
[QUEUE_STATS] t_ms=27616 q_pkts=4 q_bytes=6016 qdelay_l_ms=1.07919 qdelay_c_ms=2.16321 ecn_mark=1812 drop=0
[QUEUE_STATS] t_ms=27632 q_pkts=4 q_bytes=6016 qdelay_l_ms=1.07074 qdelay_c_ms=1.06483 ecn_mark=1814 drop=0
[QUEUE_STATS] t_ms=27648 q_pkts=4 q_bytes=6016 qdelay_l_ms=1.09296 qdelay_c_ms=1.08624 ecn_mark=1814 drop=0
[QUEUE_STATS] t_ms=27664 q_pkts=4 q_bytes=6016 qdelay_l_ms=1.09356 qdelay_c_ms=1.08639 ecn_mark=1815 drop=0
[QUEUE_STATS] t_ms=27680 q_pkts=6 q_bytes=9024 qdelay_l_ms=1.07704 qdelay_c_ms=1.07208 ecn_mark=1815 drop=0
[QUEUE_STATS] t_ms=27696 q_pkts=5 q_bytes=7520 qdelay_l_ms=1.09293 qdelay_c_ms=1.86626 ecn_mark=1816 drop=0
[QUEUE_STATS] t_ms=27712 q_pkts=4 q_bytes=6016 qdelay_l_ms=0.427163 qdelay_c_ms=0.41986 ecn_mark=1816 drop=0
[QUEUE_STATS] t_ms=27728 q_pkts=2 q_bytes=3008 qdelay_l_ms=0 qdelay_c_ms=1.05768 ecn_mark=1816 drop=0
[QUEUE_STATS] t_ms=27744 q_pkts=4 q_bytes=6016 qdelay_l_ms=1.08083 qdelay_c_ms=1.0749 ecn_mark=1818 drop=0
[QUEUE_STATS] t_ms=27760 q_pkts=4 q_bytes=6016 qdelay_l_ms=1.09184 qdelay_c_ms=1.08548 ecn_mark=1820 drop=0
[QUEUE_STATS] t_ms=27776 q_pkts=4 q_bytes=6016 qdelay_l_ms=1.08974 qdelay_c_ms=1.08255 ecn_mark=1822 drop=0
[QUEUE_STATS] t_ms=27792 q_pkts=4 q_bytes=6016 qdelay_l_ms=0.591482 qdelay_c_ms=1.47396 ecn_mark=1823 drop=0
[QUEUE_STATS] t_ms=27808 q_pkts=3 q_bytes=4512 qdelay_l_ms=1.08412 qdelay_c_ms=1.68563 ecn_mark=1824 drop=0
[QUEUE_STATS] t_ms=27824 q_pkts=5 q_bytes=7520 qdelay_l_ms=1.06348 qdelay_c_ms=1.09675 ecn_mark=1824 drop=0
[QUEUE_STATS] t_ms=27840 q_pkts=4 q_bytes=6016 qdelay_l_ms=1.06717 qdelay_c_ms=1.06178 ecn_mark=1825 drop=0
[QUEUE_STATS] t_ms=27856 q_pkts=5 q_bytes=7520 qdelay_l_ms=0.913116 qdelay_c_ms=0.907205 ecn_mark=1827 drop=0
[QUEUE_STATS] t_ms=27872 q_pkts=5 q_bytes=7520 qdelay_l_ms=0.762373 qdelay_c_ms=0.796918 ecn_mark=1827 drop=0
[QUEUE_STATS] t_ms=27888 q_pkts=5 q_bytes=7520 qdelay_l_ms=0.758065 qdelay_c_ms=1.81177 ecn_mark=1827 drop=0
[QUEUE_STATS] t_ms=27904 q_pkts=4 q_bytes=6016 qdelay_l_ms=1.0513 qdelay_c_ms=1.06206 ecn_mark=1829 drop=0
[QUEUE_STATS] t_ms=27920 q_pkts=4 q_bytes=6016 qdelay_l_ms=1.06992 qdelay_c_ms=1.092 ecn_mark=1829 drop=0
[QUEUE_STATS] t_ms=27936 q_pkts=5 q_bytes=7520 qdelay_l_ms=1.11302 qdelay_c_ms=1.99883 ecn_mark=1830 drop=0
[QUEUE_STATS] t_ms=27952 q_pkts=6 q_bytes=9024 qdelay_l_ms=0.88825 qdelay_c_ms=1.97629 ecn_mark=1830 drop=0
[QUEUE_STATS] t_ms=27968 q_pkts=3 q_bytes=4512 qdelay_l_ms=0.892247 qdelay_c_ms=1.95868 ecn_mark=1830 drop=0
[QUEUE_STATS] t_ms=27984 q_pkts=2 q_bytes=3008 qdelay_l_ms=0.466617 qdelay_c_ms=0.47329 ecn_mark=1831 drop=0
[QUEUE_STATS] t_ms=28000 q_pkts=6 q_bytes=9024 qdelay_l_ms=0.887278 qdelay_c_ms=2.03948 ecn_mark=1832 drop=0
[QUEUE_STATS] t_ms=28016 q_pkts=3 q_bytes=4512 qdelay_l_ms=1.07614 qdelay_c_ms=1.07102 ecn_mark=1833 drop=0
[QUEUE_STATS] t_ms=28032 q_pkts=2 q_bytes=3008 qdelay_l_ms=1.06916 qdelay_c_ms=0 ecn_mark=1835 drop=0
[QUEUE_STATS] t_ms=28048 q_pkts=4 q_bytes=6016 qdelay_l_ms=1.09357 qdelay_c_ms=1.08609 ecn_mark=1836 drop=0
[QUEUE_STATS] t_ms=28064 q_pkts=6 q_bytes=9024 qdelay_l_ms=1.06931 qdelay_c_ms=1.06353 ecn_mark=1837 drop=0
[QUEUE_STATS] t_ms=28080 q_pkts=4 q_bytes=6016 qdelay_l_ms=1.07084 qdelay_c_ms=1.09418 ecn_mark=1838 drop=0
[QUEUE_STATS] t_ms=28096 q_pkts=3 q_bytes=4512 qdelay_l_ms=0.597293 qdelay_c_ms=1.81634 ecn_mark=1838 drop=0
[QUEUE_STATS] t_ms=28112 q_pkts=4 q_bytes=6016 qdelay_l_ms=1.07143 qdelay_c_ms=1.06647 ecn_mark=1839 drop=0
[QUEUE_STATS] t_ms=28128 q_pkts=5 q_bytes=7520 qdelay_l_ms=1.06592 qdelay_c_ms=2.16058 ecn_mark=1840 drop=0
[QUEUE_STATS] t_ms=28144 q_pkts=5 q_bytes=7520 qdelay_l_ms=0.815492 qdelay_c_ms=1.86239 ecn_mark=1843 drop=0
[QUEUE_STATS] t_ms=28160 q_pkts=3 q_bytes=4512 qdelay_l_ms=0.762182 qdelay_c_ms=0.756111 ecn_mark=1844 drop=0
[QUEUE_STATS] t_ms=28176 q_pkts=3 q_bytes=4512 qdelay_l_ms=0.889331 qdelay_c_ms=0.896114 ecn_mark=1846 drop=0
[QUEUE_STATS] t_ms=28192 q_pkts=6 q_bytes=9024 qdelay_l_ms=0.609686 qdelay_c_ms=0.602552 ecn_mark=1850 drop=0
[QUEUE_STATS] t_ms=28208 q_pkts=6 q_bytes=9024 qdelay_l_ms=0.841772 qdelay_c_ms=0.873722 ecn_mark=1852 drop=0
[QUEUE_STATS] t_ms=28224 q_pkts=3 q_bytes=4512 qdelay_l_ms=1.07204 qdelay_c_ms=2.14006 ecn_mark=1852 drop=0
[QUEUE_STATS] t_ms=28240 q_pkts=2 q_bytes=3008 qdelay_l_ms=1.06363 qdelay_c_ms=0 ecn_mark=1853 drop=0
[QUEUE_STATS] t_ms=28256 q_pkts=6 q_bytes=9024 qdelay_l_ms=0.817487 qdelay_c_ms=0.810784 ecn_mark=1853 drop=0
[QUEUE_STATS] t_ms=28272 q_pkts=4 q_bytes=6016 qdelay_l_ms=1.06262 qdelay_c_ms=2.14285 ecn_mark=1853 drop=0
[QUEUE_STATS] t_ms=28288 q_pkts=3 q_bytes=4512 qdelay_l_ms=1.07814 qdelay_c_ms=1.08493 ecn_mark=1853 drop=0
[QUEUE_STATS] t_ms=28304 q_pkts=0 q_bytes=0 qdelay_l_ms=0 qdelay_c_ms=0 ecn_mark=1853 drop=0
[QUEUE_STATS] t_ms=28320 q_pkts=4 q_bytes=6016 qdelay_l_ms=1.07628 qdelay_c_ms=2.12885 ecn_mark=1855 drop=0
[QUEUE_STATS] t_ms=28336 q_pkts=4 q_bytes=6016 qdelay_l_ms=1.07144 qdelay_c_ms=1.09462 ecn_mark=1855 drop=0
[QUEUE_STATS] t_ms=28352 q_pkts=4 q_bytes=6016 qdelay_l_ms=0 qdelay_c_ms=1.0895 ecn_mark=1856 drop=0
[QUEUE_STATS] t_ms=28368 q_pkts=2 q_bytes=3008 qdelay_l_ms=1.07634 qdelay_c_ms=1.08391 ecn_mark=1856 drop=0
[QUEUE_STATS] t_ms=28384 q_pkts=5 q_bytes=7520 qdelay_l_ms=1.07567 qdelay_c_ms=2.1921 ecn_mark=1857 drop=0
[QUEUE_STATS] t_ms=28400 q_pkts=6 q_bytes=9024 qdelay_l_ms=1.07725 qdelay_c_ms=1.1003 ecn_mark=1858 drop=0
[QUEUE_STATS] t_ms=28416 q_pkts=4 q_bytes=6016 qdelay_l_ms=1.09357 qdelay_c_ms=1.08597 ecn_mark=1859 drop=0
[QUEUE_STATS] t_ms=28432 q_pkts=1 q_bytes=1504 qdelay_l_ms=1.07816 qdelay_c_ms=0 ecn_mark=1861 drop=0
[QUEUE_STATS] t_ms=28448 q_pkts=5 q_bytes=7520 qdelay_l_ms=1.08116 qdelay_c_ms=1.93201 ecn_mark=1863 drop=0
[QUEUE_STATS] t_ms=28464 q_pkts=3 q_bytes=4512 qdelay_l_ms=1.08328 qdelay_c_ms=1.71934 ecn_mark=1863 drop=0
[QUEUE_STATS] t_ms=28480 q_pkts=5 q_bytes=7520 qdelay_l_ms=1.06698 qdelay_c_ms=2.18415 ecn_mark=1863 drop=0
[QUEUE_STATS] t_ms=28496 q_pkts=2 q_bytes=3008 qdelay_l_ms=0.599266 qdelay_c_ms=0 ecn_mark=1864 drop=0
[QUEUE_STATS] t_ms=28512 q_pkts=5 q_bytes=7520 qdelay_l_ms=0.788001 qdelay_c_ms=0.821434 ecn_mark=1865 drop=0
[QUEUE_STATS] t_ms=28528 q_pkts=5 q_bytes=7520 qdelay_l_ms=1.06932 qdelay_c_ms=2.08835 ecn_mark=1865 drop=0
[QUEUE_STATS] t_ms=28544 q_pkts=6 q_bytes=9024 qdelay_l_ms=0 qdelay_c_ms=1.90827 ecn_mark=1865 drop=0
[QUEUE_STATS] t_ms=28560 q_pkts=4 q_bytes=6016 qdelay_l_ms=0.93653 qdelay_c_ms=0.93107 ecn_mark=1866 drop=0
[QUEUE_STATS] t_ms=28576 q_pkts=5 q_bytes=7520 qdelay_l_ms=1.06822 qdelay_c_ms=1.72649 ecn_mark=1867 drop=0
[QUEUE_STATS] t_ms=28592 q_pkts=2 q_bytes=3008 qdelay_l_ms=0 qdelay_c_ms=1.07992 ecn_mark=1868 drop=0
[QUEUE_STATS] t_ms=28608 q_pkts=4 q_bytes=6016 qdelay_l_ms=0.736795 qdelay_c_ms=0.730653 ecn_mark=1868 drop=0
[QUEUE_STATS] t_ms=28625 q_pkts=2 q_bytes=3008 qdelay_l_ms=1.09354 qdelay_c_ms=0 ecn_mark=1868 drop=0
[QUEUE_STATS] t_ms=28640 q_pkts=6 q_bytes=9024 qdelay_l_ms=1.05167 qdelay_c_ms=2.20381 ecn_mark=1869 drop=0
[QUEUE_STATS] t_ms=28656 q_pkts=4 q_bytes=6016 qdelay_l_ms=1.07349 qdelay_c_ms=1.06615 ecn_mark=1870 drop=0
[QUEUE_STATS] t_ms=28672 q_pkts=4 q_bytes=6016 qdelay_l_ms=1.06815 qdelay_c_ms=1.09114 ecn_mark=1870 drop=0
[QUEUE_STATS] t_ms=28688 q_pkts=5 q_bytes=7520 qdelay_l_ms=0.59094 qdelay_c_ms=1.88582 ecn_mark=1871 drop=0
[QUEUE_STATS] t_ms=28704 q_pkts=6 q_bytes=9024 qdelay_l_ms=1.04584 qdelay_c_ms=2.14927 ecn_mark=1871 drop=0
[QUEUE_STATS] t_ms=28720 q_pkts=3 q_bytes=4512 qdelay_l_ms=1.07654 qdelay_c_ms=1.07063 ecn_mark=1872 drop=0
[QUEUE_STATS] t_ms=28736 q_pkts=5 q_bytes=7520 qdelay_l_ms=1.10277 qdelay_c_ms=1.09305 ecn_mark=1872 drop=0
[QUEUE_STATS] t_ms=28752 q_pkts=4 q_bytes=6016 qdelay_l_ms=1.03947 qdelay_c_ms=1.07014 ecn_mark=1873 drop=0
[QUEUE_STATS] t_ms=28768 q_pkts=5 q_bytes=7520 qdelay_l_ms=1.09379 qdelay_c_ms=2.15679 ecn_mark=1875 drop=0
[QUEUE_STATS] t_ms=28784 q_pkts=4 q_bytes=6016 qdelay_l_ms=1.09029 qdelay_c_ms=1.875 ecn_mark=1875 drop=0
[QUEUE_STATS] t_ms=28800 q_pkts=6 q_bytes=9024 qdelay_l_ms=0.873241 qdelay_c_ms=1.93537 ecn_mark=1875 drop=0
[QUEUE_STATS] t_ms=28816 q_pkts=6 q_bytes=9024 qdelay_l_ms=0.871909 qdelay_c_ms=3.01602 ecn_mark=1876 drop=0
[QUEUE_STATS] t_ms=28832 q_pkts=8 q_bytes=12032 qdelay_l_ms=1.05411 qdelay_c_ms=2.17534 ecn_mark=1877 drop=0
[QUEUE_STATS] t_ms=28848 q_pkts=4 q_bytes=6016 qdelay_l_ms=1.0922 qdelay_c_ms=1.08508 ecn_mark=1878 drop=0
[QUEUE_STATS] t_ms=28864 q_pkts=3 q_bytes=4512 qdelay_l_ms=1.08216 qdelay_c_ms=1.07519 ecn_mark=1879 drop=0
[QUEUE_STATS] t_ms=28880 q_pkts=3 q_bytes=4512 qdelay_l_ms=1.08196 qdelay_c_ms=1.089 ecn_mark=1879 drop=0
[QUEUE_STATS] t_ms=28896 q_pkts=6 q_bytes=9024 qdelay_l_ms=1.10603 qdelay_c_ms=1.46026 ecn_mark=1879 drop=0
[QUEUE_STATS] t_ms=28912 q_pkts=3 q_bytes=4512 qdelay_l_ms=1.08905 qdelay_c_ms=1.08166 ecn_mark=1881 drop=0
[QUEUE_STATS] t_ms=28928 q_pkts=4 q_bytes=6016 qdelay_l_ms=1.08459 qdelay_c_ms=1.91844 ecn_mark=1881 drop=0
[QUEUE_STATS] t_ms=28944 q_pkts=5 q_bytes=7520 qdelay_l_ms=1.06659 qdelay_c_ms=2.13411 ecn_mark=1881 drop=0
[QUEUE_STATS] t_ms=28960 q_pkts=4 q_bytes=6016 qdelay_l_ms=1.06581 qdelay_c_ms=1.7867 ecn_mark=1882 drop=0
[QUEUE_STATS] t_ms=28976 q_pkts=6 q_bytes=9024 qdelay_l_ms=0.878181 qdelay_c_ms=1.92576 ecn_mark=1882 drop=0
[QUEUE_STATS] t_ms=28992 q_pkts=5 q_bytes=7520 qdelay_l_ms=0.588226 qdelay_c_ms=1.48633 ecn_mark=1884 drop=0
[QUEUE_STATS] t_ms=29008 q_pkts=6 q_bytes=9024 qdelay_l_ms=1.06536 qdelay_c_ms=3.1978 ecn_mark=1884 drop=0
[QUEUE_STATS] t_ms=29024 q_pkts=6 q_bytes=9024 qdelay_l_ms=1.04674 qdelay_c_ms=2.14403 ecn_mark=1886 drop=0
[QUEUE_STATS] t_ms=29040 q_pkts=6 q_bytes=9024 qdelay_l_ms=0.862581 qdelay_c_ms=0.85634 ecn_mark=1890 drop=0
[QUEUE_STATS] t_ms=29056 q_pkts=4 q_bytes=6016 qdelay_l_ms=1.07897 qdelay_c_ms=1.07319 ecn_mark=1890 drop=0
[QUEUE_STATS] t_ms=29072 q_pkts=5 q_bytes=7520 qdelay_l_ms=0.669528 qdelay_c_ms=1.74747 ecn_mark=1892 drop=0
[QUEUE_STATS] t_ms=29088 q_pkts=6 q_bytes=9024 qdelay_l_ms=1.11585 qdelay_c_ms=1.10953 ecn_mark=1892 drop=0
[QUEUE_STATS] t_ms=29104 q_pkts=6 q_bytes=9024 qdelay_l_ms=1.06862 qdelay_c_ms=1.78516 ecn_mark=1893 drop=0
[QUEUE_STATS] t_ms=29120 q_pkts=7 q_bytes=10528 qdelay_l_ms=1.09728 qdelay_c_ms=2.15718 ecn_mark=1894 drop=0
[QUEUE_STATS] t_ms=29136 q_pkts=5 q_bytes=7520 qdelay_l_ms=1.07747 qdelay_c_ms=2.18418 ecn_mark=1894 drop=0
[QUEUE_STATS] t_ms=29152 q_pkts=5 q_bytes=7520 qdelay_l_ms=1.08784 qdelay_c_ms=1.76707 ecn_mark=1894 drop=0
[QUEUE_STATS] t_ms=29168 q_pkts=5 q_bytes=7520 qdelay_l_ms=0.859385 qdelay_c_ms=1.92537 ecn_mark=1895 drop=0
[QUEUE_STATS] t_ms=29184 q_pkts=6 q_bytes=9024 qdelay_l_ms=1.05801 qdelay_c_ms=2.19797 ecn_mark=1896 drop=0
[QUEUE_STATS] t_ms=29200 q_pkts=5 q_bytes=7520 qdelay_l_ms=1.09381 qdelay_c_ms=1.0882 ecn_mark=1896 drop=0
[QUEUE_STATS] t_ms=29216 q_pkts=7 q_bytes=10528 qdelay_l_ms=1.04238 qdelay_c_ms=2.13538 ecn_mark=1897 drop=0
[QUEUE_STATS] t_ms=29232 q_pkts=6 q_bytes=9024 qdelay_l_ms=1.12769 qdelay_c_ms=2.17469 ecn_mark=1898 drop=0
[QUEUE_STATS] t_ms=29248 q_pkts=5 q_bytes=7520 qdelay_l_ms=1.07025 qdelay_c_ms=1.78506 ecn_mark=1899 drop=0
[QUEUE_STATS] t_ms=29264 q_pkts=4 q_bytes=6016 qdelay_l_ms=1.07174 qdelay_c_ms=2.15567 ecn_mark=1899 drop=0
[QUEUE_STATS] t_ms=29280 q_pkts=5 q_bytes=7520 qdelay_l_ms=1.0935 qdelay_c_ms=1.8994 ecn_mark=1901 drop=0
[QUEUE_STATS] t_ms=29296 q_pkts=6 q_bytes=9024 qdelay_l_ms=1.07626 qdelay_c_ms=1.11121 ecn_mark=1902 drop=0
[QUEUE_STATS] t_ms=29312 q_pkts=2 q_bytes=3008 qdelay_l_ms=0 qdelay_c_ms=0.030447 ecn_mark=1904 drop=0
[QUEUE_STATS] t_ms=29328 q_pkts=5 q_bytes=7520 qdelay_l_ms=1.07835 qdelay_c_ms=2.15853 ecn_mark=1905 drop=0
[QUEUE_STATS] t_ms=29344 q_pkts=6 q_bytes=9024 qdelay_l_ms=1.0934 qdelay_c_ms=1.08627 ecn_mark=1905 drop=0
[QUEUE_STATS] t_ms=29360 q_pkts=8 q_bytes=12032 qdelay_l_ms=0.832886 qdelay_c_ms=1.9669 ecn_mark=1905 drop=0
[QUEUE_STATS] t_ms=29376 q_pkts=6 q_bytes=9024 qdelay_l_ms=1.08692 qdelay_c_ms=2.17922 ecn_mark=1907 drop=0
[QUEUE_STATS] t_ms=29392 q_pkts=5 q_bytes=7520 qdelay_l_ms=1.06661 qdelay_c_ms=1.91962 ecn_mark=1908 drop=0
[QUEUE_STATS] t_ms=29408 q_pkts=9 q_bytes=13536 qdelay_l_ms=0.615577 qdelay_c_ms=1.72835 ecn_mark=1908 drop=0
[QUEUE_STATS] t_ms=29424 q_pkts=2 q_bytes=3008 qdelay_l_ms=0.564551 qdelay_c_ms=0 ecn_mark=1908 drop=0
[QUEUE_STATS] t_ms=29440 q_pkts=5 q_bytes=7520 qdelay_l_ms=1.07122 qdelay_c_ms=2.1636 ecn_mark=1908 drop=0
[QUEUE_STATS] t_ms=29456 q_pkts=8 q_bytes=12032 qdelay_l_ms=1.07716 qdelay_c_ms=2.17521 ecn_mark=1908 drop=0
[QUEUE_STATS] t_ms=29472 q_pkts=5 q_bytes=7520 qdelay_l_ms=1.08254 qdelay_c_ms=1.57369 ecn_mark=1908 drop=0
[QUEUE_STATS] t_ms=29489 q_pkts=6 q_bytes=9024 qdelay_l_ms=1.1013 qdelay_c_ms=2.16993 ecn_mark=1908 drop=0
[QUEUE_STATS] t_ms=29504 q_pkts=9 q_bytes=13536 qdelay_l_ms=1.08065 qdelay_c_ms=2.16789 ecn_mark=1909 drop=0
[QUEUE_STATS] t_ms=29520 q_pkts=6 q_bytes=9024 qdelay_l_ms=1.0863 qdelay_c_ms=1.59744 ecn_mark=1909 drop=0
[QUEUE_STATS] t_ms=29536 q_pkts=7 q_bytes=10528 qdelay_l_ms=0.855238 qdelay_c_ms=2.974 ecn_mark=1910 drop=0
[QUEUE_STATS] t_ms=29552 q_pkts=9 q_bytes=13536 qdelay_l_ms=1.04221 qdelay_c_ms=2.6447 ecn_mark=1910 drop=0
[QUEUE_STATS] t_ms=29568 q_pkts=7 q_bytes=10528 qdelay_l_ms=1.07643 qdelay_c_ms=2.14336 ecn_mark=1911 drop=0
[QUEUE_STATS] t_ms=29584 q_pkts=8 q_bytes=12032 qdelay_l_ms=1.07943 qdelay_c_ms=3.26164 ecn_mark=1912 drop=0
[QUEUE_STATS] t_ms=29600 q_pkts=8 q_bytes=12032 qdelay_l_ms=0 qdelay_c_ms=4.25896 ecn_mark=1913 drop=0
[QUEUE_STATS] t_ms=29616 q_pkts=7 q_bytes=10528 qdelay_l_ms=0.541217 qdelay_c_ms=2.65251 ecn_mark=1913 drop=0
[QUEUE_STATS] t_ms=29632 q_pkts=7 q_bytes=10528 qdelay_l_ms=0.817998 qdelay_c_ms=1.88123 ecn_mark=1913 drop=0
[QUEUE_STATS] t_ms=29648 q_pkts=13 q_bytes=19552 qdelay_l_ms=1.07264 qdelay_c_ms=4.22201 ecn_mark=1915 drop=0
[QUEUE_STATS] t_ms=29664 q_pkts=10 q_bytes=15040 qdelay_l_ms=1.08917 qdelay_c_ms=4.26777 ecn_mark=1915 drop=0
[QUEUE_STATS] t_ms=29680 q_pkts=10 q_bytes=15040 qdelay_l_ms=1.07201 qdelay_c_ms=2.71589 ecn_mark=1916 drop=0
[QUEUE_STATS] t_ms=29696 q_pkts=13 q_bytes=19552 qdelay_l_ms=1.06265 qdelay_c_ms=4.64245 ecn_mark=1918 drop=0
[QUEUE_STATS] t_ms=29712 q_pkts=11 q_bytes=16544 qdelay_l_ms=1.09899 qdelay_c_ms=4.09656 ecn_mark=1918 drop=0
[QUEUE_STATS] t_ms=29728 q_pkts=9 q_bytes=13536 qdelay_l_ms=0 qdelay_c_ms=4.05762 ecn_mark=1918 drop=0
[QUEUE_STATS] t_ms=29744 q_pkts=11 q_bytes=16544 qdelay_l_ms=1.0557 qdelay_c_ms=4.72321 ecn_mark=1919 drop=0
[QUEUE_STATS] t_ms=29760 q_pkts=11 q_bytes=16544 qdelay_l_ms=1.09298 qdelay_c_ms=4.34989 ecn_mark=1920 drop=0
[QUEUE_STATS] t_ms=29776 q_pkts=13 q_bytes=19552 qdelay_l_ms=0.544824 qdelay_c_ms=3.48754 ecn_mark=1923 drop=0
[QUEUE_STATS] t_ms=29792 q_pkts=14 q_bytes=21056 qdelay_l_ms=1.05954 qdelay_c_ms=5.2523 ecn_mark=1923 drop=0
[QUEUE_STATS] t_ms=29809 q_pkts=12 q_bytes=18048 qdelay_l_ms=1.08142 qdelay_c_ms=4.29061 ecn_mark=1923 drop=0
[QUEUE_STATS] t_ms=29824 q_pkts=13 q_bytes=19552 qdelay_l_ms=1.05093 qdelay_c_ms=5.53127 ecn_mark=1923 drop=0
[QUEUE_STATS] t_ms=29840 q_pkts=14 q_bytes=21056 qdelay_l_ms=1.05206 qdelay_c_ms=5.21567 ecn_mark=1923 drop=0
[QUEUE_STATS] t_ms=29856 q_pkts=14 q_bytes=21056 qdelay_l_ms=1.05501 qdelay_c_ms=5.00047 ecn_mark=1923 drop=0
[QUEUE_STATS] t_ms=29872 q_pkts=14 q_bytes=21056 qdelay_l_ms=1.03909 qdelay_c_ms=5.14923 ecn_mark=1924 drop=0
[QUEUE_STATS] t_ms=29888 q_pkts=15 q_bytes=22560 qdelay_l_ms=0.94131 qdelay_c_ms=6.21708 ecn_mark=1925 drop=0
[QUEUE_STATS] t_ms=29904 q_pkts=13 q_bytes=19552 qdelay_l_ms=1.07286 qdelay_c_ms=4.84592 ecn_mark=1928 drop=0
[QUEUE_STATS] t_ms=29920 q_pkts=15 q_bytes=22560 qdelay_l_ms=1.08869 qdelay_c_ms=6.19697 ecn_mark=1929 drop=0
[QUEUE_STATS] t_ms=29936 q_pkts=17 q_bytes=25568 qdelay_l_ms=1.07494 qdelay_c_ms=7.23677 ecn_mark=1931 drop=0
[QUEUE_STATS] t_ms=29952 q_pkts=15 q_bytes=22560 qdelay_l_ms=1.08883 qdelay_c_ms=6.50869 ecn_mark=1931 drop=0
[QUEUE_STATS] t_ms=29968 q_pkts=17 q_bytes=25568 qdelay_l_ms=1.03411 qdelay_c_ms=5.13737 ecn_mark=1932 drop=0
[QUEUE_STATS] t_ms=29984 q_pkts=16 q_bytes=24064 qdelay_l_ms=1.07889 qdelay_c_ms=6.78363 ecn_mark=1935 drop=0
[QUEUE_STATS] t_ms=30000 q_pkts=17 q_bytes=25568 qdelay_l_ms=1.0682 qdelay_c_ms=6.78058 ecn_mark=1938 drop=0
[QUEUE_STATS] t_ms=30016 q_pkts=18 q_bytes=27072 qdelay_l_ms=1.01367 qdelay_c_ms=6.17462 ecn_mark=1939 drop=0
[QUEUE_STATS] t_ms=30033 q_pkts=16 q_bytes=24064 qdelay_l_ms=1.075 qdelay_c_ms=7.61833 ecn_mark=1940 drop=0
[QUEUE_STATS] t_ms=30048 q_pkts=17 q_bytes=25568 qdelay_l_ms=1.06781 qdelay_c_ms=6.25411 ecn_mark=1940 drop=0
[QUEUE_STATS] t_ms=30064 q_pkts=17 q_bytes=25568 qdelay_l_ms=1.02889 qdelay_c_ms=6.63571 ecn_mark=1940 drop=0
[QUEUE_STATS] t_ms=30080 q_pkts=18 q_bytes=27072 qdelay_l_ms=0.780036 qdelay_c_ms=6.99303 ecn_mark=1940 drop=0
[QUEUE_STATS] t_ms=30096 q_pkts=18 q_bytes=27072 qdelay_l_ms=1.04168 qdelay_c_ms=7.16603 ecn_mark=1940 drop=0
[QUEUE_STATS] t_ms=30112 q_pkts=18 q_bytes=27072 qdelay_l_ms=1.0221 qdelay_c_ms=7.0998 ecn_mark=1940 drop=0
[QUEUE_STATS] t_ms=30128 q_pkts=20 q_bytes=30080 qdelay_l_ms=1.07634 qdelay_c_ms=7.90212 ecn_mark=1941 drop=0
[QUEUE_STATS] t_ms=30144 q_pkts=20 q_bytes=30080 qdelay_l_ms=1.04068 qdelay_c_ms=7.77225 ecn_mark=1944 drop=0
[QUEUE_STATS] t_ms=30160 q_pkts=18 q_bytes=27072 qdelay_l_ms=1.02695 qdelay_c_ms=6.61755 ecn_mark=1944 drop=0
[QUEUE_STATS] t_ms=30176 q_pkts=18 q_bytes=27072 qdelay_l_ms=1.07997 qdelay_c_ms=6.9865 ecn_mark=1944 drop=0
[QUEUE_STATS] t_ms=30192 q_pkts=21 q_bytes=31584 qdelay_l_ms=1.02238 qdelay_c_ms=8.36336 ecn_mark=1945 drop=0
[QUEUE_STATS] t_ms=30208 q_pkts=20 q_bytes=30080 qdelay_l_ms=1.02164 qdelay_c_ms=7.19138 ecn_mark=1945 drop=0
[QUEUE_STATS] t_ms=30224 q_pkts=16 q_bytes=24064 qdelay_l_ms=1.02054 qdelay_c_ms=7.63263 ecn_mark=1947 drop=0
[QUEUE_STATS] t_ms=30240 q_pkts=19 q_bytes=28576 qdelay_l_ms=1.01337 qdelay_c_ms=8.0599 ecn_mark=1949 drop=0
[QUEUE_STATS] t_ms=30256 q_pkts=20 q_bytes=30080 qdelay_l_ms=1.01967 qdelay_c_ms=8.72964 ecn_mark=1949 drop=0
[QUEUE_STATS] t_ms=30272 q_pkts=20 q_bytes=30080 qdelay_l_ms=0.883851 qdelay_c_ms=9.02628 ecn_mark=1949 drop=0
[QUEUE_STATS] t_ms=30288 q_pkts=22 q_bytes=33088 qdelay_l_ms=1.02924 qdelay_c_ms=7.71228 ecn_mark=19