[QUEUE_STATS] t_ms=32 q_pkts=0 q_bytes=0 qdelay_l_ms=0 qdelay_c_ms=0 ecn_mark=0 drop=0
[QUEUE_STATS] t_ms=94 q_pkts=0 q_bytes=0 qdelay_l_ms=0 qdelay_c_ms=0 ecn_mark=0 drop=0
[QUEUE_STATS] t_ms=136 q_pkts=0 q_bytes=0 qdelay_l_ms=0 qdelay_c_ms=0 ecn_mark=0 drop=0
[QUEUE_STATS] t_ms=179 q_pkts=0 q_bytes=0 qdelay_l_ms=0 qdelay_c_ms=0 ecn_mark=0 drop=0
[QUEUE_STATS] t_ms=222 q_pkts=0 q_bytes=0 qdelay_l_ms=0 qdelay_c_ms=0 ecn_mark=0 drop=0
[QUEUE_STATS] t_ms=265 q_pkts=0 q_bytes=0 qdelay_l_ms=0 qdelay_c_ms=0 ecn_mark=0 drop=0
[QUEUE_STATS] t_ms=308 q_pkts=0 q_bytes=0 qdelay_l_ms=0 qdelay_c_ms=0 ecn_mark=0 drop=0
[QUEUE_STATS] t_ms=349 q_pkts=0 q_bytes=0 qdelay_l_ms=0 qdelay_c_ms=0 ecn_mark=0 drop=0
[QUEUE_STATS] t_ms=352 q_pkts=1 q_bytes=1504 qdelay_l_ms=1.08015 qdelay_c_ms=0 ecn_mark=0 drop=0
[QUEUE_STATS] t_ms=368 q_pkts=1 q_bytes=1504 qdelay_l_ms=1.0664 qdelay_c_ms=0 ecn_mark=0 drop=0
[QUEUE_STATS] t_ms=392 q_pkts=0 q_bytes=0 qdelay_l_ms=0 qdelay_c_ms=0 ecn_mark=0 drop=0
[QUEUE_STATS] t_ms=401 q_pkts=23 q_bytes=34592 qdelay_l_ms=1.02135 qdelay_c_ms=3.16585 ecn_mark=0 drop=0
[QUEUE_STATS] t_ms=416 q_pkts=0 q_bytes=0 qdelay_l_ms=0 qdelay_c_ms=0 ecn_mark=0 drop=0
[QUEUE_STATS] t_ms=434 q_pkts=0 q_bytes=0 qdelay_l_ms=0 qdelay_c_ms=0 ecn_mark=0 drop=0
[QUEUE_STATS] t_ms=448 q_pkts=45 q_bytes=67680 qdelay_l_ms=1.06639 qdelay_c_ms=9.15529 ecn_mark=0 drop=0
[QUEUE_STATS] t_ms=464 q_pkts=42 q_bytes=63168 qdelay_l_ms=2.14096 qdelay_c_ms=22.4514 ecn_mark=0 drop=0
[QUEUE_STATS] t_ms=480 q_pkts=7 q_bytes=10528 qdelay_l_ms=2.07466 qdelay_c_ms=1.08299 ecn_mark=0 drop=0
[QUEUE_STATS] t_ms=496 q_pkts=40 q_bytes=60160 qdelay_l_ms=4.28322 qdelay_c_ms=13.93 ecn_mark=0 drop=0
[QUEUE_STATS] t_ms=512 q_pkts=84 q_bytes=126336 qdelay_l_ms=10.9733 qdelay_c_ms=27.2689 ecn_mark=0 drop=0
[QUEUE_STATS] t_ms=528 q_pkts=95 q_bytes=142880 qdelay_l_ms=5.88008 qdelay_c_ms=38.7864 ecn_mark=32 drop=0
[QUEUE_STATS] t_ms=544 q_pkts=154 q_bytes=231616 qdelay_l_ms=13.461 qdelay_c_ms=46.8528 ecn_mark=54 drop=0
[QUEUE_STATS] t_ms=560 q_pkts=166 q_bytes=249664 qdelay_l_ms=20.859 qdelay_c_ms=56.1893 ecn_mark=118 drop=0
[QUEUE_STATS] t_ms=576 q_pkts=123 q_bytes=184992 qdelay_l_ms=29.2471 qdelay_c_ms=69.1391 ecn_mark=174 drop=0
[QUEUE_STATS] t_ms=592 q_pkts=59 q_bytes=88736 qdelay_l_ms=0 qdelay_c_ms=83.0537 ecn_mark=235 drop=0
[QUEUE_STATS] t_ms=608 q_pkts=30 q_bytes=45120 qdelay_l_ms=0.985983 qdelay_c_ms=62.9413 ecn_mark=235 drop=0
[QUEUE_STATS] t_ms=624 q_pkts=7 q_bytes=10528 qdelay_l_ms=0.786468 qdelay_c_ms=12.0154 ecn_mark=235 drop=0
[QUEUE_STATS] t_ms=640 q_pkts=13 q_bytes=19552 qdelay_l_ms=1.074 qdelay_c_ms=4.31257 ecn_mark=235 drop=0
[QUEUE_STATS] t_ms=656 q_pkts=11 q_bytes=16544 qdelay_l_ms=0 qdelay_c_ms=4.71177 ecn_mark=235 drop=0
[QUEUE_STATS] t_ms=672 q_pkts=3 q_bytes=4512 qdelay_l_ms=1.06323 qdelay_c_ms=1.05948 ecn_mark=235 drop=0
[QUEUE_STATS] t_ms=688 q_pkts=3 q_bytes=4512 qdelay_l_ms=1.09541 qdelay_c_ms=1.90109 ecn_mark=235 drop=0
[QUEUE_STATS] t_ms=704 q_pkts=16 q_bytes=24064 qdelay_l_ms=1.0816 qdelay_c_ms=5.1774 ecn_mark=235 drop=0
[QUEUE_STATS] t_ms=720 q_pkts=4 q_bytes=6016 qdelay_l_ms=1.07928 qdelay_c_ms=1.07531 ecn_mark=235 drop=0
[QUEUE_STATS] t_ms=736 q_pkts=4 q_bytes=6016 qdelay_l_ms=1.06976 qdelay_c_ms=1.06702 ecn_mark=235 drop=0
[QUEUE_STATS] t_ms=752 q_pkts=9 q_bytes=13536 qdelay_l_ms=1.08971 qdelay_c_ms=3.28892 ecn_mark=235 drop=0
[QUEUE_STATS] t_ms=768 q_pkts=5 q_bytes=7520 qdelay_l_ms=1.01039 qdelay_c_ms=1.99086 ecn_mark=235 drop=0
[QUEUE_STATS] t_ms=784 q_pkts=3 q_bytes=4512 qdelay_l_ms=0.01581 qdelay_c_ms=1.03652 ecn_mark=235 drop=0
[QUEUE_STATS] t_ms=800 q_pkts=9 q_bytes=13536 qdelay_l_ms=1.09434 qdelay_c_ms=1.97832 ecn_mark=235 drop=0
[QUEUE_STATS] t_ms=816 q_pkts=7 q_bytes=10528 qdelay_l_ms=0.996704 qdelay_c_ms=1.9815 ecn_mark=235 drop=0
[QUEUE_STATS] t_ms=832 q_pkts=5 q_bytes=7520 qdelay_l_ms=1.09552 qdelay_c_ms=1.92657 ecn_mark=235 drop=0
[QUEUE_STATS] t_ms=848 q_pkts=8 q_bytes=12032 qdelay_l_ms=0.856961 qdelay_c_ms=2.73292 ecn_mark=235 drop=0
[QUEUE_STATS] t_ms=864 q_pkts=9 q_bytes=13536 qdelay_l_ms=1.08911 qdelay_c_ms=3.8863 ecn_mark=235 drop=0
[QUEUE_STATS] t_ms=880 q_pkts=11 q_bytes=16544 qdelay_l_ms=0.794754 qdelay_c_ms=4.80256 ecn_mark=235 drop=0
[QUEUE_STATS] t_ms=896 q_pkts=14 q_bytes=21056 qdelay_l_ms=0.99529 qdelay_c_ms=6.34928 ecn_mark=235 drop=0
[QUEUE_STATS] t_ms=912 q_pkts=17 q_bytes=25568 qdelay_l_ms=0.939065 qdelay_c_ms=6.24131 ecn_mark=235 drop=0
[QUEUE_STATS] t_ms=928 q_pkts=16 q_bytes=24064 qdelay_l_ms=1.12222 qdelay_c_ms=7.62721 ecn_mark=235 drop=0
[QUEUE_STATS] t_ms=944 q_pkts=22 q_bytes=33088 qdelay_l_ms=0.934757 qdelay_c_ms=8.10254 ecn_mark=235 drop=0
[QUEUE_STATS] t_ms=960 q_pkts=22 q_bytes=33088 qdelay_l_ms=1.05803 qdelay_c_ms=9.00141 ecn_mark=235 drop=0
[QUEUE_STATS] t_ms=976 q_pkts=25 q_bytes=37600 qdelay_l_ms=1.10133 qdelay_c_ms=10.6275 ecn_mark=235 drop=0
[QUEUE_STATS] t_ms=992 q_pkts=29 q_bytes=43616 qdelay_l_ms=0.964703 qdelay_c_ms=11.0226 ecn_mark=235 drop=0
[QUEUE_STATS] t_ms=1008 q_pkts=29 q_bytes=43616 qdelay_l_ms=0.967699 qdelay_c_ms=12.2484 ecn_mark=235 drop=0
[QUEUE_STATS] t_ms=1024 q_pkts=29 q_bytes=43616 qdelay_l_ms=1.08885 qdelay_c_ms=13.025 ecn_mark=235 drop=0
[QUEUE_STATS] t_ms=1040 q_pkts=34 q_bytes=51136 qdelay_l_ms=1.05371 qdelay_c_ms=12.1288 ecn_mark=235 drop=0
[QUEUE_STATS] t_ms=1056 q_pkts=34 q_bytes=51136 qdelay_l_ms=0.937822 qdelay_c_ms=13.967 ecn_mark=235 drop=0
[QUEUE_STATS] t_ms=1072 q_pkts=35 q_bytes=52640 qdelay_l_ms=0.937502 qdelay_c_ms=16.0488 ecn_mark=235 drop=0
[QUEUE_STATS] t_ms=1088 q_pkts=37 q_bytes=55648 qdelay_l_ms=1.07843 qdelay_c_ms=14.1635 ecn_mark=235 drop=0
[QUEUE_STATS] t_ms=1104 q_pkts=40 q_bytes=60160 qdelay_l_ms=1.07276 qdelay_c_ms=18.3129 ecn_mark=235 drop=0
[QUEUE_STATS] t_ms=1120 q_pkts=43 q_bytes=64672 qdelay_l_ms=0.966336 qdelay_c_ms=19.9959 ecn_mark=235 drop=0
[QUEUE_STATS] t_ms=1136 q_pkts=44 q_bytes=66176 qdelay_l_ms=0.857161 qdelay_c_ms=18.0242 ecn_mark=235 drop=0
[QUEUE_STATS] t_ms=1152 q_pkts=47 q_bytes=70688 qdelay_l_ms=1.10634 qdelay_c_ms=22.1976 ecn_mark=235 drop=0
[QUEUE_STATS] t_ms=1168 q_pkts=49 q_bytes=73696 qdelay_l_ms=1.06754 qdelay_c_ms=21.841 ecn_mark=235 drop=0
[QUEUE_STATS] t_ms=1184 q_pkts=51 q_bytes=76704 qdelay_l_ms=0.883049 qdelay_c_ms=19.8659 ecn_mark=235 drop=0
[QUEUE_STATS] t_ms=1200 q_pkts=52 q_bytes=78208 qdelay_l_ms=0.899351 qdelay_c_ms=24.062 ecn_mark=235 drop=0
[QUEUE_STATS] t_ms=1216 q_pkts=56 q_bytes=84224 qdelay_l_ms=0 qdelay_c_ms=23.8939 ecn_mark=235 drop=0
[QUEUE_STATS] t_ms=1232 q_pkts=58 q_bytes=87232 qdelay_l_ms=1.09707 qdelay_c_ms=25.0239 ecn_mark=235 drop=0
[QUEUE_STATS] t_ms=1248 q_pkts=59 q_bytes=88736 qdelay_l_ms=1.069 qdelay_c_ms=29.0314 ecn_mark=235 drop=0
[QUEUE_STATS] t_ms=1264 q_pkts=63 q_bytes=94752 qdelay_l_ms=1.08067 qdelay_c_ms=26.928 ecn_mark=235 drop=0
[QUEUE_STATS] t_ms=1280 q_pkts=64 q_bytes=96256 qdelay_l_ms=1.12342 qdelay_c_ms=28.5881 ecn_mark=235 drop=0
[QUEUE_STATS] t_ms=1296 q_pkts=66 q_bytes=99264 qdelay_l_ms=0.868863 qdelay_c_ms=30.9078 ecn_mark=235 drop=0
[QUEUE_STATS] t_ms=1312 q_pkts=67 q_bytes=100768 qdelay_l_ms=1.08929 qdelay_c_ms=30.2764 ecn_mark=235 drop=0
[QUEUE_STATS] t_ms=1328 q_pkts=69 q_bytes=103776 qdelay_l_ms=0.836162 qdelay_c_ms=32.0165 ecn_mark=235 drop=0
[QUEUE_STATS] t_ms=1344 q_pkts=72 q_bytes=108288 qdelay_l_ms=0.863292 qdelay_c_ms=32.7508 ecn_mark=235 drop=0
[QUEUE_STATS] t_ms=1360 q_pkts=73 q_bytes=109792 qdelay_l_ms=1.07736 qdelay_c_ms=33.1963 ecn_mark=235 drop=0
[QUEUE_STATS] t_ms=1376 q_pkts=75 q_bytes=112800 qdelay_l_ms=1.01519 qdelay_c_ms=36.0733 ecn_mark=235 drop=0
[QUEUE_STATS] t_ms=1392 q_pkts=79 q_bytes=118816 qdelay_l_ms=1.07365 qdelay_c_ms=36.1926 ecn_mark=235 drop=0
[QUEUE_STATS] t_ms=1408 q_pkts=80 q_bytes=120320 qdelay_l_ms=1.09119 qdelay_c_ms=36.8094 ecn_mark=235 drop=0
[QUEUE_STATS] t_ms=1424 q_pkts=82 q_bytes=123328 qdelay_l_ms=0.821784 qdelay_c_ms=38.8008 ecn_mark=235 drop=0
[QUEUE_STATS] t_ms=1440 q_pkts=85 q_bytes=127840 qdelay_l_ms=0.831723 qdelay_c_ms=39.9147 ecn_mark=235 drop=0
[QUEUE_STATS] t_ms=1456 q_pkts=86 q_bytes=129344 qdelay_l_ms=1.09678 qdelay_c_ms=40.2201 ecn_mark=235 drop=0
[QUEUE_STATS] t_ms=1472 q_pkts=88 q_bytes=132352 qdelay_l_ms=1.0886 qdelay_c_ms=43.0293 ecn_mark=235 drop=0
[QUEUE_STATS] t_ms=1488 q_pkts=87 q_bytes=130848 qdelay_l_ms=0.969151 qdelay_c_ms=41.9144 ecn_mark=235 drop=0
[QUEUE_STATS] t_ms=1504 q_pkts=89 q_bytes=133856 qdelay_l_ms=1.09257 qdelay_c_ms=43.1416 ecn_mark=235 drop=0
[QUEUE_STATS] t_ms=1520 q_pkts=92 q_bytes=138368 qdelay_l_ms=0.80865 qdelay_c_ms=44.768 ecn_mark=235 drop=0
[QUEUE_STATS] t_ms=1536 q_pkts=96 q_bytes=144384 qdelay_l_ms=1.09796 qdelay_c_ms=46.1851 ecn_mark=235 drop=0
[QUEUE_STATS] t_ms=1552 q_pkts=96 q_bytes=144384 qdelay_l_ms=1.08954 qdelay_c_ms=45.9875 ecn_mark=235 drop=0
[QUEUE_STATS] t_ms=1568 q_pkts=100 q_bytes=150400 qdelay_l_ms=1.09538 qdelay_c_ms=48.1769 ecn_mark=235 drop=0
[QUEUE_STATS] t_ms=1584 q_pkts=100 q_bytes=150400 qdelay_l_ms=1.04244 qdelay_c_ms=51.563 ecn_mark=235 drop=0
[QUEUE_STATS] t_ms=1600 q_pkts=102 q_bytes=153408 qdelay_l_ms=0.897436 qdelay_c_ms=49.7026 ecn_mark=235 drop=0
[QUEUE_STATS] t_ms=1616 q_pkts=104 q_bytes=156416 qdelay_l_ms=1.09265 qdelay_c_ms=51.995 ecn_mark=235 drop=0
[QUEUE_STATS] t_ms=1632 q_pkts=106 q_bytes=159424 qdelay_l_ms=0.881406 qdelay_c_ms=53.9158 ecn_mark=235 drop=0
[QUEUE_STATS] t_ms=1648 q_pkts=109 q_bytes=163936 qdelay_l_ms=1.06669 qdelay_c_ms=52.9823 ecn_mark=235 drop=0
[QUEUE_STATS] t_ms=1664 q_pkts=110 q_bytes=165440 qdelay_l_ms=1.09493 qdelay_c_ms=56.2588 ecn_mark=235 drop=0
[QUEUE_STATS] t_ms=1680 q_pkts=112 q_bytes=168448 qdelay_l_ms=1.09624 qdelay_c_ms=57.9916 ecn_mark=235 drop=0
[QUEUE_STATS] t_ms=1696 q_pkts=113 q_bytes=169952 qdelay_l_ms=1.08539 qdelay_c_ms=56.7864 ecn_mark=235 drop=0
[QUEUE_STATS] t_ms=1712 q_pkts=115 q_bytes=172960 qdelay_l_ms=0.996413 qdelay_c_ms=61.1203 ecn_mark=235 drop=0
[QUEUE_STATS] t_ms=1728 q_pkts=118 q_bytes=177472 qdelay_l_ms=1.06382 qdelay_c_ms=59.8546 ecn_mark=235 drop=0
[QUEUE_STATS] t_ms=1744 q_pkts=119 q_bytes=178976 qdelay_l_ms=1.07694 qdelay_c_ms=60.9494 ecn_mark=235 drop=0
[QUEUE_STATS] t_ms=1760 q_pkts=120 q_bytes=180480 qdelay_l_ms=1.07098 qdelay_c_ms=63.1264 ecn_mark=235 drop=0
[QUEUE_STATS] t_ms=1776 q_pkts=124 q_bytes=186496 qdelay_l_ms=1.09154 qdelay_c_ms=64.0215 ecn_mark=235 drop=0
[QUEUE_STATS] t_ms=1792 q_pkts=124 q_bytes=186496 qdelay_l_ms=1.07129 qdelay_c_ms=65.8285 ecn_mark=235 drop=0
[QUEUE_STATS] t_ms=1808 q_pkts=126 q_bytes=189504 qdelay_l_ms=1.06568 qdelay_c_ms=67.9157 ecn_mark=236 drop=0
[QUEUE_STATS] t_ms=1824 q_pkts=128 q_bytes=192512 qdelay_l_ms=1.09024 qdelay_c_ms=67.7308 ecn_mark=236 drop=0
[QUEUE_STATS] t_ms=1840 q_pkts=129 q_bytes=194016 qdelay_l_ms=0.933845 qdelay_c_ms=69.9675 ecn_mark=236 drop=0
[QUEUE_STATS] t_ms=1856 q_pkts=126 q_bytes=189504 qdelay_l_ms=1.07306 qdelay_c_ms=66.885 ecn_mark=236 drop=0
[QUEUE_STATS] t_ms=1872 q_pkts=123 q_bytes=184992 qdelay_l_ms=1.06835 qdelay_c_ms=66.8938 ecn_mark=236 drop=0
[QUEUE_STATS] t_ms=1888 q_pkts=123 q_bytes=184992 qdelay_l_ms=1.07132 qdelay_c_ms=68.0975 ecn_mark=236 drop=0
[QUEUE_STATS] t_ms=1904 q_pkts=129 q_bytes=194016 qdelay_l_ms=1.07616 qdelay_c_ms=65.1011 ecn_mark=236 drop=0
[QUEUE_STATS] t_ms=1920 q_pkts=131 q_bytes=197024 qdelay_l_ms=1.06808 qdelay_c_ms=66.02 ecn_mark=236 drop=0
[QUEUE_STATS] t_ms=1936 q_pkts=133 q_bytes=200032 qdelay_l_ms=0.862862 qdelay_c_ms=67.1563 ecn_mark=236 drop=0
[QUEUE_STATS] t_ms=1952 q_pkts=135 q_bytes=203040 qdelay_l_ms=1.06535 qdelay_c_ms=64.8793 ecn_mark=236 drop=0
[QUEUE_STATS] t_ms=1968 q_pkts=136 q_bytes=204544 qdelay_l_ms=1.08249 qdelay_c_ms=70.1217 ecn_mark=237 drop=0
[QUEUE_STATS] t_ms=1984 q_pkts=140 q_bytes=210560 qdelay_l_ms=1.0928 qdelay_c_ms=70.0444 ecn_mark=237 drop=0
[QUEUE_STATS] t_ms=2000 q_pkts=141 q_bytes=212064 qdelay_l_ms=1.06626 qdelay_c_ms=70.9663 ecn_mark=237 drop=0
[QUEUE_STATS] t_ms=2016 q_pkts=136 q_bytes=204544 qdelay_l_ms=0.823818 qdelay_c_ms=69.6769 ecn_mark=237 drop=0
[QUEUE_STATS] t_ms=2032 q_pkts=137 q_bytes=206048 qdelay_l_ms=1.09069 qdelay_c_ms=71.3669 ecn_mark=237 drop=0
[QUEUE_STATS] t_ms=2048 q_pkts=143 q_bytes=215072 qdelay_l_ms=0.796316 qdelay_c_ms=70.544 ecn_mark=237 drop=0
[QUEUE_STATS] t_ms=2064 q_pkts=141 q_bytes=212064 qdelay_l_ms=1.09201 qdelay_c_ms=70.878 ecn_mark=238 drop=0
[QUEUE_STATS] t_ms=2080 q_pkts=143 q_bytes=215072 qdelay_l_ms=0.831462 qdelay_c_ms=71.0488 ecn_mark=238 drop=0
[QUEUE_STATS] t_ms=2096 q_pkts=146 q_bytes=219584 qdelay_l_ms=0.669498 qdelay_c_ms=69.9783 ecn_mark=238 drop=0
[QUEUE_STATS] t_ms=2112 q_pkts=144 q_bytes=216576 qdelay_l_ms=1.09456 qdelay_c_ms=69.1966 ecn_mark=238 drop=0
[QUEUE_STATS] t_ms=2128 q_pkts=143 q_bytes=215072 qdelay_l_ms=1.07824 qdelay_c_ms=73.1235 ecn_mark=238 drop=0
[QUEUE_STATS] t_ms=2144 q_pkts=147 q_bytes=221088 qdelay_l_ms=0.855087 qdelay_c_ms=70.7775 ecn_mark=238 drop=0
[QUEUE_STATS] t_ms=2160 q_pkts=148 q_bytes=222592 qdelay_l_ms=1.00647 qdelay_c_ms=71.2203 ecn_mark=238 drop=0
[QUEUE_STATS] t_ms=2176 q_pkts=151 q_bytes=227104 qdelay_l_ms=0.868873 qdelay_c_ms=72.9631 ecn_mark=239 drop=0
[QUEUE_STATS] t_ms=2192 q_pkts=153 q_bytes=230112 qdelay_l_ms=1.06639 qdelay_c_ms=71.9523 ecn_mark=239 drop=0
[QUEUE_STATS] t_ms=2208 q_pkts=155 q_bytes=233120 qdelay_l_ms=1.09868 qdelay_c_ms=72.8972 ecn_mark=240 drop=0
[QUEUE_STATS] t_ms=2224 q_pkts=153 q_bytes=230112 qdelay_l_ms=1.10297 qdelay_c_ms=75.0159 ecn_mark=240 drop=0
[QUEUE_STATS] t_ms=2240 q_pkts=154 q_bytes=231616 qdelay_l_ms=1.10428 qdelay_c_ms=73.9568 ecn_mark=240 drop=0
[QUEUE_STATS] t_ms=2256 q_pkts=155 q_bytes=233120 qdelay_l_ms=1.08629 qdelay_c_ms=74.9381 ecn_mark=240 drop=0
[QUEUE_STATS] t_ms=2272 q_pkts=158 q_bytes=237632 qdelay_l_ms=0.864305 qdelay_c_ms=75.7636 ecn_mark=240 drop=0
[QUEUE_STATS] t_ms=2288 q_pkts=161 q_bytes=242144 qdelay_l_ms=1.05786 qdelay_c_ms=76.3255 ecn_mark=240 drop=0
[QUEUE_STATS] t_ms=2304 q_pkts=163 q_bytes=245152 qdelay_l_ms=1.08428 qdelay_c_ms=77.3277 ecn_mark=240 drop=0
[QUEUE_STATS] t_ms=2320 q_pkts=164 q_bytes=246656 qdelay_l_ms=0.831773 qdelay_c_ms=77.4621 ecn_mark=240 drop=0
[QUEUE_STATS] t_ms=2336 q_pkts=166 q_bytes=249664 qdelay_l_ms=1.0088 qdelay_c_ms=77.6198 ecn_mark=240 drop=0
[QUEUE_STATS] t_ms=2352 q_pkts=170 q_bytes=255680 qdelay_l_ms=0.853854 qdelay_c_ms=79.9798 ecn_mark=240 drop=0
[QUEUE_STATS] t_ms=2368 q_pkts=170 q_bytes=255680 qdelay_l_ms=0.825602 qdelay_c_ms=79.7916 ecn_mark=240 drop=0
[QUEUE_STATS] t_ms=2384 q_pkts=172 q_bytes=258688 qdelay_l_ms=0.984209 qdelay_c_ms=80.8367 ecn_mark=240 drop=0
[QUEUE_STATS] t_ms=2400 q_pkts=173 q_bytes=260192 qdelay_l_ms=0.968941 qdelay_c_ms=83.887 ecn_mark=240 drop=0
[QUEUE_STATS] t_ms=2416 q_pkts=177 q_bytes=266208 qdelay_l_ms=0.842614 qdelay_c_ms=84.6209 ecn_mark=240 drop=0
[QUEUE_STATS] t_ms=2432 q_pkts=179 q_bytes=269216 qdelay_l_ms=1.08808 qdelay_c_ms=84.8131 ecn_mark=240 drop=0
[QUEUE_STATS] t_ms=2448 q_pkts=179 q_bytes=269216 qdelay_l_ms=0.795375 qdelay_c_ms=87.9989 ecn_mark=240 drop=0
[QUEUE_STATS] t_ms=2464 q_pkts=183 q_bytes=275232 qdelay_l_ms=1.08073 qdelay_c_ms=88.9021 ecn_mark=240 drop=0
[QUEUE_STATS] t_ms=2480 q_pkts=184 q_bytes=276736 qdelay_l_ms=1.07077 qdelay_c_ms=89.833 ecn_mark=240 drop=0
[QUEUE_STATS] t_ms=2496 q_pkts=187 q_bytes=281248 qdelay_l_ms=0.907145 qdelay_c_ms=91.9191 ecn_mark=241 drop=0
[QUEUE_STATS] t_ms=2512 q_pkts=187 q_bytes=281248 qdelay_l_ms=1.09102 qdelay_c_ms=93.9497 ecn_mark=241 drop=0
[QUEUE_STATS] t_ms=2528 q_pkts=188 q_bytes=282752 qdelay_l_ms=0.916983 qdelay_c_ms=91.9416 ecn_mark=242 drop=0
[QUEUE_STATS] t_ms=2544 q_pkts=189 q_bytes=284256 qdelay_l_ms=0.84051 qdelay_c_ms=93.8037 ecn_mark=242 drop=0
[QUEUE_STATS] t_ms=2560 q_pkts=191 q_bytes=287264 qdelay_l_ms=1.08858 qdelay_c_ms=95.993 ecn_mark=242 drop=0
[QUEUE_STATS] t_ms=2576 q_pkts=192 q_bytes=288768 qdelay_l_ms=1.07082 qdelay_c_ms=95.882 ecn_mark=242 drop=0
[QUEUE_STATS] t_ms=2592 q_pkts=196 q_bytes=294784 qdelay_l_ms=1.04359 qdelay_c_ms=97.2147 ecn_mark=242 drop=0
[QUEUE_STATS] t_ms=2608 q_pkts=197 q_bytes=296288 qdelay_l_ms=1.08716 qdelay_c_ms=100.232 ecn_mark=242 drop=0
[QUEUE_STATS] t_ms=2624 q_pkts=201 q_bytes=302304 qdelay_l_ms=0.646575 qdelay_c_ms=98.6921 ecn_mark=243 drop=0
[QUEUE_STATS] t_ms=2640 q_pkts=200 q_bytes=300800 qdelay_l_ms=0.632669 qdelay_c_ms=100.998 ecn_mark=243 drop=0
[QUEUE_STATS] t_ms=2656 q_pkts=200 q_bytes=300800 qdelay_l_ms=1.09142 qdelay_c_ms=101.351 ecn_mark=243 drop=0
[QUEUE_STATS] t_ms=2672 q_pkts=203 q_bytes=305312 qdelay_l_ms=0.921552 qdelay_c_ms=102.805 ecn_mark=243 drop=0
[QUEUE_STATS] t_ms=2688 q_pkts=204 q_bytes=306816 qdelay_l_ms=0.844788 qdelay_c_ms=103.898 ecn_mark=243 drop=0
[QUEUE_STATS] t_ms=2704 q_pkts=204 q_bytes=306816 qdelay_l_ms=0.840269 qdelay_c_ms=101.957 ecn_mark=243 drop=0
[QUEUE_STATS] t_ms=2720 q_pkts=207 q_bytes=311328 qdelay_l_ms=1.04606 qdelay_c_ms=104.112 ecn_mark=244 drop=0
[QUEUE_STATS] t_ms=2736 q_pkts=209 q_bytes=314336 qdelay_l_ms=1.06859 qdelay_c_ms=106.849 ecn_mark=245 drop=0
[QUEUE_STATS] t_ms=2752 q_pkts=209 q_bytes=314336 qdelay_l_ms=0.929767 qdelay_c_ms=104.711 ecn_mark=245 drop=0
[QUEUE_STATS] t_ms=2768 q_pkts=209 q_bytes=314336 qdelay_l_ms=0 qdelay_c_ms=105.161 ecn_mark=245 drop=0
[QUEUE_STATS] t_ms=2784 q_pkts=213 q_bytes=320352 qdelay_l_ms=0.820242 qdelay_c_ms=107.818 ecn_mark=245 drop=0
[QUEUE_STATS] t_ms=2800 q_pkts=215 q_bytes=323360 qdelay_l_ms=0.916222 qdelay_c_ms=106.746 ecn_mark=245 drop=0
[QUEUE_STATS] t_ms=2816 q_pkts=217 q_bytes=326368 qdelay_l_ms=1.09933 qdelay_c_ms=110.065 ecn_mark=245 drop=0
[QUEUE_STATS] t_ms=2832 q_pkts=218 q_bytes=327872 qdelay_l_ms=0.671512 qdelay_c_ms=108.754 ecn_mark=245 drop=0
[QUEUE_STATS] t_ms=2848 q_pkts=222 q_bytes=333888 qdelay_l_ms=1.09357 qdelay_c_ms=109.887 ecn_mark=245 drop=0
[QUEUE_STATS] t_ms=2864 q_pkts=222 q_bytes=333888 qdelay_l_ms=1.07339 qdelay_c_ms=112.953 ecn_mark=245 drop=0
[QUEUE_STATS] t_ms=2880 q_pkts=221 q_bytes=332384 qdelay_l_ms=1.08434 qdelay_c_ms=112.608 ecn_mark=245 drop=0
[QUEUE_STATS] t_ms=2896 q_pkts=228 q_bytes=339992 qdelay_l_ms=1.02832 qdelay_c_ms=114.35 ecn_mark=246 drop=0
[QUEUE_STATS] t_ms=2912 q_pkts=230 q_bytes=343000 qdelay_l_ms=1.0361 qdelay_c_ms=117.99 ecn_mark=246 drop=0
[QUEUE_STATS] t_ms=2928 q_pkts=231 q_bytes=344504 qdelay_l_ms=0.869404 qdelay_c_ms=116.981 ecn_mark=247 drop=0
[QUEUE_STATS] t_ms=2944 q_pkts=231 q_bytes=344504 qdelay_l_ms=1.09718 qdelay_c_ms=117.91 ecn_mark=248 drop=0
[QUEUE_STATS] t_ms=2960 q_pkts=234 q_bytes=349016 qdelay_l_ms=1.09443 qdelay_c_ms=118.995 ecn_mark=248 drop=0
[QUEUE_STATS] t_ms=2976 q_pkts=233 q_bytes=347512 qdelay_l_ms=0.905672 qdelay_c_ms=118.831 ecn_mark=248 drop=0
[QUEUE_STATS] t_ms=2992 q_pkts=236 q_bytes=352024 qdelay_l_ms=1.06497 qdelay_c_ms=122.089 ecn_mark=248 drop=0
[QUEUE_STATS] t_ms=3008 q_pkts=236 q_bytes=354944 qdelay_l_ms=1.07613 qdelay_c_ms=122.127 ecn_mark=248 drop=0
[QUEUE_STATS] t_ms=3024 q_pkts=239 q_bytes=359456 qdelay_l_ms=1.07285 qdelay_c_ms=123.003 ecn_mark=248 drop=0
[QUEUE_STATS] t_ms=3040 q_pkts=237 q_bytes=356448 qdelay_l_ms=0.748948 qdelay_c_ms=125.861 ecn_mark=248 drop=0
[QUEUE_STATS] t_ms=3056 q_pkts=243 q_bytes=365472 qdelay_l_ms=0.859916 qdelay_c_ms=124.867 ecn_mark=248 drop=0
[QUEUE_STATS] t_ms=3072 q_pkts=243 q_bytes=365472 qdelay_l_ms=0.845829 qdelay_c_ms=125.841 ecn_mark=248 drop=0
[QUEUE_STATS] t_ms=3088 q_pkts=245 q_bytes=368480 qdelay_l_ms=1.13238 qdelay_c_ms=128.439 ecn_mark=248 drop=0
[QUEUE_STATS] t_ms=3104 q_pkts=248 q_bytes=372992 qdelay_l_ms=0.830581 qdelay_c_ms=129.888 ecn_mark=248 drop=0
[QUEUE_STATS] t_ms=3120 q_pkts=248 q_bytes=372992 qdelay_l_ms=1.06953 qdelay_c_ms=128.97 ecn_mark=248 drop=0
[QUEUE_STATS] t_ms=3136 q_pkts=250 q_bytes=376000 qdelay_l_ms=1.08032 qdelay_c_ms=131.828 ecn_mark=248 drop=0
[QUEUE_STATS] t_ms=3152 q_pkts=253 q_bytes=380512 qdelay_l_ms=0.891896 qdelay_c_ms=132.905 ecn_mark=248 drop=0
[QUEUE_STATS] t_ms=3168 q_pkts=254 q_bytes=382016 qdelay_l_ms=0.790305 qdelay_c_ms=133.768 ecn_mark=250 drop=0
[QUEUE_STATS] t_ms=3184 q_pkts=255 q_bytes=383520 qdelay_l_ms=0.815112 qdelay_c_ms=135.735 ecn_mark=250 drop=0
[QUEUE_STATS] t_ms=3200 q_pkts=259 q_bytes=389536 qdelay_l_ms=1.08005 qdelay_c_ms=138.106 ecn_mark=250 drop=0
[QUEUE_STATS] t_ms=3216 q_pkts=258 q_bytes=388032 qdelay_l_ms=0.802088 qdelay_c_ms=138.94 ecn_mark=250 drop=0
[QUEUE_STATS] t_ms=3232 q_pkts=258 q_bytes=388032 qdelay_l_ms=1.10315 qdelay_c_ms=141.26 ecn_mark=250 drop=0
[QUEUE_STATS] t_ms=3248 q_pkts=262 q_bytes=394048 qdelay_l_ms=0.778052 qdelay_c_ms=141.742 ecn_mark=250 drop=0
[QUEUE_STATS] t_ms=3264 q_pkts=262 q_bytes=394048 qdelay_l_ms=0.789694 qdelay_c_ms=141.892 ecn_mark=251 drop=0
[QUEUE_STATS] t_ms=3280 q_pkts=265 q_bytes=398560 qdelay_l_ms=1.10308 qdelay_c_ms=143.922 ecn_mark=251 drop=0
[QUEUE_STATS] t_ms=3296 q_pkts=267 q_bytes=401568 qdelay_l_ms=0.857832 qdelay_c_ms=144.849 ecn_mark=253 drop=0
[QUEUE_STATS] t_ms=3312 q_pkts=267 q_bytes=401568 qdelay_l_ms=0.785786 qdelay_c_ms=146.018 ecn_mark=253 drop=0
[QUEUE_STATS] t_ms=3328 q_pkts=269 q_bytes=404576 qdelay_l_ms=0.799643 qdelay_c_ms=147.689 ecn_mark=253 drop=0
[QUEUE_STATS] t_ms=3344 q_pkts=269 q_bytes=404576 qdelay_l_ms=1.11105 qdelay_c_ms=145.903 ecn_mark=254 drop=0
[QUEUE_STATS] t_ms=3360 q_pkts=270 q_bytes=406080 qdelay_l_ms=1.07256 qdelay_c_ms=149.13 ecn_mark=254 drop=0
[QUEUE_STATS] t_ms=3376 q_pkts=271 q_bytes=407584 qdelay_l_ms=0.807077 qdelay_c_ms=150.992 ecn_mark=254 drop=0
[QUEUE_STATS] t_ms=3392 q_pkts=273 q_bytes=410592 qdelay_l_ms=0.773914 qdelay_c_ms=149.083 ecn_mark=255 drop=0
[QUEUE_STATS] t_ms=3408 q_pkts=269 q_bytes=404576 qdelay_l_ms=0 qdelay_c_ms=150.368 ecn_mark=256 drop=0
[QUEUE_STATS] t_ms=3424 q_pkts=279 q_bytes=419616 qdelay_l_ms=1.07047 qdelay_c_ms=153.15 ecn_mark=256 drop=0
[QUEUE_STATS] t_ms=3440 q_pkts=278 q_bytes=418112 qdelay_l_ms=0.774766 qdelay_c_ms=152.083 ecn_mark=256 drop=0
[QUEUE_STATS] t_ms=3456 q_pkts=279 q_bytes=419616 qdelay_l_ms=0.781468 qdelay_c_ms=155.772 ecn_mark=256 drop=0
[QUEUE_STATS] t_ms=3472 q_pkts=282 q_bytes=424128 qdelay_l_ms=0.752574 qdelay_c_ms=153.354 ecn_mark=256 drop=0
[QUEUE_STATS] t_ms=3488 q_pkts=283 q_bytes=425632 qdelay_l_ms=1.09136 qdelay_c_ms=154.019 ecn_mark=256 drop=0
[QUEUE_STATS] t_ms=3504 q_pkts=285 q_bytes=428640 qdelay_l_ms=0.826323 qdelay_c_ms=157.939 ecn_mark=258 drop=0
[QUEUE_STATS] t_ms=3520 q_pkts=286 q_bytes=430144 qdelay_l_ms=1.09466 qdelay_c_ms=154.982 ecn_mark=258 drop=0
[QUEUE_STATS] t_ms=3536 q_pkts=288 q_bytes=433152 qdelay_l_ms=1.06107 qdelay_c_ms=158.012 ecn_mark=258 drop=0
[QUEUE_STATS] t_ms=3552 q_pkts=290 q_bytes=436160 qdelay_l_ms=0.770598 qdelay_c_ms=162.948 ecn_mark=258 drop=0
[QUEUE_STATS] t_ms=3568 q_pkts=291 q_bytes=437664 qdelay_l_ms=0.964653 qdelay_c_ms=159.664 ecn_mark=258 drop=0
[QUEUE_STATS] t_ms=3584 q_pkts=293 q_bytes=440672 qdelay_l_ms=1.07369 qdelay_c_ms=162.499 ecn_mark=259 drop=0
[QUEUE_STATS] t_ms=3600 q_pkts=297 q_bytes=446688 qdelay_l_ms=1.09714 qdelay_c_ms=168.048 ecn_mark=259 drop=0
[QUEUE_STATS] t_ms=3616 q_pkts=297 q_bytes=446688 qdelay_l_ms=0.77682 qdelay_c_ms=165.474 ecn_mark=261 drop=0
[QUEUE_STATS] t_ms=3632 q_pkts=298 q_bytes=448192 qdelay_l_ms=1.10164 qdelay_c_ms=167.006 ecn_mark=261 drop=0
[QUEUE_STATS] t_ms=3648 q_pkts=299 q_bytes=449696 qdelay_l_ms=1.08693 qdelay_c_ms=167.855 ecn_mark=261 drop=0
[QUEUE_STATS] t_ms=3664 q_pkts=300 q_bytes=451200 qdelay_l_ms=1.06289 qdelay_c_ms=169.914 ecn_mark=261 drop=0
[QUEUE_STATS] t_ms=3680 q_pkts=302 q_bytes=454208 qdelay_l_ms=1.08772 qdelay_c_ms=172.009 ecn_mark=262 drop=0
[QUEUE_STATS] t_ms=3696 q_pkts=305 q_bytes=458720 qdelay_l_ms=0.769075 qdelay_c_ms=172.81 ecn_mark=262 drop=0
[QUEUE_STATS] t_ms=3713 q_pkts=307 q_bytes=461728 qdelay_l_ms=1.12515 qdelay_c_ms=174.421 ecn_mark=263 drop=0
[QUEUE_STATS] t_ms=3728 q_pkts=305 q_bytes=458720 qdelay_l_ms=1.11537 qdelay_c_ms=176.18 ecn_mark=263 drop=0
[QUEUE_STATS] t_ms=3744 q_pkts=307 q_bytes=461728 qdelay_l_ms=0.756021 qdelay_c_ms=175.816 ecn_mark=263 drop=0
[QUEUE_STATS] t_ms=3760 q_pkts=308 q_bytes=463232 qdelay_l_ms=1.10953 qdelay_c_ms=177.484 ecn_mark=263 drop=0
[QUEUE_STATS] t_ms=3776 q_pkts=312 q_bytes=469248 qdelay_l_ms=1.11279 qdelay_c_ms=178.898 ecn_mark=264 drop=0
[QUEUE_STATS] t_ms=3792 q_pkts=313 q_bytes=470752 qdelay_l_ms=1.09456 qdelay_c_ms=181.097 ecn_mark=264 drop=0
[QUEUE_STATS] t_ms=3808 q_pkts=313 q_bytes=470752 qdelay_l_ms=1.09067 qdelay_c_ms=182.451 ecn_mark=266 drop=0
[QUEUE_STATS] t_ms=3824 q_pkts=315 q_bytes=473760 qdelay_l_ms=0.742305 qdelay_c_ms=182.894 ecn_mark=266 drop=0
[QUEUE_STATS] t_ms=3840 q_pkts=318 q_bytes=478272 qdelay_l_ms=1.07848 qdelay_c_ms=186.031 ecn_mark=266 drop=0
[QUEUE_STATS] t_ms=3856 q_pkts=318 q_bytes=478272 qdelay_l_ms=0.742816 qdelay_c_ms=187.507 ecn_mark=267 drop=0
[QUEUE_STATS] t_ms=3872 q_pkts=319 q_bytes=479776 qdelay_l_ms=1.08271 qdelay_c_ms=187.158 ecn_mark=267 drop=0
[QUEUE_STATS] t_ms=3888 q_pkts=323 q_bytes=485792 qdelay_l_ms=1.02827 qdelay_c_ms=192.145 ecn_mark=267 drop=0
[QUEUE_STATS] t_ms=3904 q_pkts=325 q_bytes=488800 qdelay_l_ms=1.06248 qdelay_c_ms=192.845 ecn_mark=267 drop=0
[QUEUE_STATS] t_ms=3920 q_pkts=324 q_bytes=485844 qdelay_l_ms=0.908718 qdelay_c_ms=191.978 ecn_mark=267 drop=0
[QUEUE_STATS] t_ms=3936 q_pkts=329 q_bytes=493364 qdelay_l_ms=1.07294 qdelay_c_ms=196.828 ecn_mark=270 drop=0
[QUEUE_STATS] t_ms=3952 q_pkts=331 q_bytes=496372 qdelay_l_ms=1.07135 qdelay_c_ms=194.813 ecn_mark=272 drop=0
[QUEUE_STATS] t_ms=3968 q_pkts=331 q_bytes=496372 qdelay_l_ms=1.07265 qdelay_c_ms=197.019 ecn_mark=272 drop=0
[QUEUE_STATS] t_ms=3984 q_pkts=331 q_bytes=496372 qdelay_l_ms=1.08158 qdelay_c_ms=204.255 ecn_mark=273 drop=0
[QUEUE_STATS] t_ms=4000 q_pkts=334 q_bytes=500884 qdelay_l_ms=1.08838 qdelay_c_ms=200.513 ecn_mark=273 drop=0
[QUEUE_STATS] t_ms=4016 q_pkts=333 q_bytes=499380 qdelay_l_ms=1.07588 qdelay_c_ms=201.915 ecn_mark=273 drop=0
[QUEUE_STATS] t_ms=4032 q_pkts=336 q_bytes=503892 qdelay_l_ms=0.724992 qdelay_c_ms=206.837 ecn_mark=273 drop=0
[QUEUE_STATS] t_ms=4048 q_pkts=336 q_bytes=503892 qdelay_l_ms=1.0614 qdelay_c_ms=204.683 ecn_mark=274 drop=0
[QUEUE_STATS] t_ms=4064 q_pkts=337 q_bytes=505396 qdelay_l_ms=0.04261 qdelay_c_ms=205.285 ecn_mark=274 drop=0
[QUEUE_STATS] t_ms=4080 q_pkts=340 q_bytes=509908 qdelay_l_ms=1.0614 qdelay_c_ms=210.934 ecn_mark=275 drop=0
[QUEUE_STATS] t_ms=4096 q_pkts=342 q_bytes=512916 qdelay_l_ms=1.06625 qdelay_c_ms=209.986 ecn_mark=276 drop=0
[QUEUE_STATS] t_ms=4112 q_pkts=342 q_bytes=512916 qdelay_l_ms=0.727267 qdelay_c_ms=211.018 ecn_mark=277 drop=0
[QUEUE_STATS] t_ms=4128 q_pkts=344 q_bytes=517376 qdelay_l_ms=1.0226 qdelay_c_ms=215.926 ecn_mark=277 drop=0
[QUEUE_STATS] t_ms=4144 q_pkts=346 q_bytes=520384 qdelay_l_ms=1.05638 qdelay_c_ms=215.261 ecn_mark=277 drop=0
[QUEUE_STATS] t_ms=4160 q_pkts=344 q_bytes=517376 qdelay_l_ms=1.05884 qdelay_c_ms=215.75 ecn_mark=279 drop=0
[QUEUE_STATS] t_ms=4176 q_pkts=348 q_bytes=523392 qdelay_l_ms=1.09913 qdelay_c_ms=220.323 ecn_mark=279 drop=0
[QUEUE_STATS] t_ms=4192 q_pkts=349 q_bytes=524896 qdelay_l_ms=1.05711 qdelay_c_ms=217.864 ecn_mark=279 drop=0
[QUEUE_STATS] t_ms=4208 q_pkts=350 q_bytes=526400 qdelay_l_ms=1.06805 qdelay_c_ms=221.083 ecn_mark=281 drop=0
[QUEUE_STATS] t_ms=4224 q_pkts=350 q_bytes=526400 qdelay_l_ms=1.05301 qdelay_c_ms=223.885 ecn_mark=281 drop=0
[QUEUE_STATS] t_ms=4240 q_pkts=355 q_bytes=533920 qdelay_l_ms=1.11636 qdelay_c_ms=223.144 ecn_mark=283 drop=0
[QUEUE_STATS] t_ms=4256 q_pkts=355 q_bytes=533920 qdelay_l_ms=1.08722 qdelay_c_ms=224.244 ecn_mark=284 drop=0
[QUEUE_STATS] t_ms=4272 q_pkts=356 q_bytes=535424 qdelay_l_ms=1.05675 qdelay_c_ms=227.727 ecn_mark=285 drop=0
[QUEUE_STATS] t_ms=4288 q_pkts=356 q_bytes=535424 qdelay_l_ms=1.04866 qdelay_c_ms=225.645 ecn_mark=285 drop=0
[QUEUE_STATS] t_ms=4304 q_pkts=358 q_bytes=538432 qdelay_l_ms=0.951769 qdelay_c_ms=227.06 ecn_mark=286 drop=0
[QUEUE_STATS] t_ms=4320 q_pkts=359 q_bytes=539936 qdelay_l_ms=1.09851 qdelay_c_ms=230.294 ecn_mark=286 drop=0
[QUEUE_STATS] t_ms=4336 q_pkts=360 q_bytes=541440 qdelay_l_ms=1.04747 qdelay_c_ms=232.034 ecn_mark=286 drop=0
[QUEUE_STATS] t_ms=4352 q_pkts=360 q_bytes=541440 qdelay_l_ms=1.04358 qdelay_c_ms=231.968 ecn_mark=286 drop=0
[QUEUE_STATS] t_ms=4368 q_pkts=363 q_bytes=545952 qdelay_l_ms=1.10134 qdelay_c_ms=236.313 ecn_mark=287 drop=0
[QUEUE_STATS] t_ms=4384 q_pkts=365 q_bytes=548960 qdelay_l_ms=1.04386 qdelay_c_ms=236.927 ecn_mark=288 drop=0
[QUEUE_STATS] t_ms=4400 q_pkts=366 q_bytes=550464 qdelay_l_ms=1.10733 qdelay_c_ms=235.992 ecn_mark=289 drop=0
[QUEUE_STATS] t_ms=4416 q_pkts=365 q_bytes=548960 qdelay_l_ms=1.03618 qdelay_c_ms=238.002 ecn_mark=290 drop=0
[QUEUE_STATS] t_ms=4432 q_pkts=368 q_bytes=553472 qdelay_l_ms=1.06261 qdelay_c_ms=240.271 ecn_mark=290 drop=0
[QUEUE_STATS] t_ms=4448 q_pkts=371 q_bytes=557984 qdelay_l_ms=1.10624 qdelay_c_ms=240.105 ecn_mark=293 drop=0
[QUEUE_STATS] t_ms=4464 q_pkts=371 q_bytes=557984 qdelay_l_ms=1.08851 qdelay_c_ms=243.233 ecn_mark=293 drop=0
[QUEUE_STATS] t_ms=4480 q_pkts=372 q_bytes=559488 qdelay_l_ms=0.933725 qdelay_c_ms=242.88 ecn_mark=295 drop=0
[QUEUE_STATS] t_ms=4496 q_pkts=374 q_bytes=562496 qdelay_l_ms=1.08681 qdelay_c_ms=243.066 ecn_mark=295 drop=0
[QUEUE_STATS] t_ms=4512 q_pkts=375 q_bytes=564000 qdelay_l_ms=1.02885 qdelay_c_ms=246.92 ecn_mark=295 drop=0
[QUEUE_STATS] t_ms=4528 q_pkts=374 q_bytes=562496 qdelay_l_ms=1.03226 qdelay_c_ms=246.944 ecn_mark=296 drop=0
[QUEUE_STATS] t_ms=4544 q_pkts=377 q_bytes=567008 qdelay_l_ms=1.04674 qdelay_c_ms=247.102 ecn_mark=298 drop=0
[QUEUE_STATS] t_ms=4560 q_pkts=380 q_bytes=571520 qdelay_l_ms=0.997304 qdelay_c_ms=250.654 ecn_mark=298 drop=0
[QUEUE_STATS] t_ms=4576 q_pkts=380 q_bytes=571520 qdelay_l_ms=1.02245 qdelay_c_ms=252.136 ecn_mark=301 drop=0
[QUEUE_STATS] t_ms=4592 q_pkts=381 q_bytes=573024 qdelay_l_ms=0.868573 qdelay_c_ms=252.91 ecn_mark=301 drop=0
[QUEUE_STATS] t_ms=4608 q_pkts=383 q_bytes=576032 qdelay_l_ms=1.08538 qdelay_c_ms=256.096 ecn_mark=304 drop=0
[QUEUE_STATS] t_ms=4624 q_pkts=378 q_bytes=568512 qdelay_l_ms=1.01941 qdelay_c_ms=254.805 ecn_mark=306 drop=0
[QUEUE_STATS] t_ms=4640 q_pkts=372 q_bytes=559488 qdelay_l_ms=1.11542 qdelay_c_ms=257.889 ecn_mark=306 drop=0
[QUEUE_STATS] t_ms=4657 q_pkts=365 q_bytes=548960 qdelay_l_ms=1.07029 qdelay_c_ms=259.428 ecn_mark=310 drop=0
[QUEUE_STATS] t_ms=4672 q_pkts=358 q_bytes=538432 qdelay_l_ms=1.11634 qdelay_c_ms=259.018 ecn_mark=312 drop=0
[QUEUE_STATS] t_ms=4688 q_pkts=352 q_bytes=529408 qdelay_l_ms=1.02088 qdelay_c_ms=260.95 ecn_mark=313 drop=0
[QUEUE_STATS] t_ms=4704 q_pkts=345 q_bytes=518880 qdelay_l_ms=1.03135 qdelay_c_ms=262.989 ecn_mark=314 drop=0
[QUEUE_STATS] t_ms=4720 q_pkts=338 q_bytes=508352 qdelay_l_ms=1.01327 qdelay_c_ms=264 ecn_mark=316 drop=0
[QUEUE_STATS] t_ms=4736 q_pkts=332 q_bytes=499328 qdelay_l_ms=1.03147 qdelay_c_ms=266.045 ecn_mark=316 drop=0
[QUEUE_STATS] t_ms=4752 q_pkts=324 q_bytes=487296 qdelay_l_ms=1.03194 qdelay_c_ms=263.987 ecn_mark=316 drop=0
[QUEUE_STATS] t_ms=4768 q_pkts=318 q_bytes=478272 qdelay_l_ms=1.10685 qdelay_c_ms=267.001 ecn_mark=317 drop=0
[QUEUE_STATS] t_ms=4784 q_pkts=313 q_bytes=470752 qdelay_l_ms=1.07847 qdelay_c_ms=267.927 ecn_mark=318 drop=0
[QUEUE_STATS] t_ms=4800 q_pkts=305 q_bytes=458720 qdelay_l_ms=1.02839 qdelay_c_ms=269.041 ecn_mark=318 drop=0
[QUEUE_STATS] t_ms=4817 q_pkts=297 q_bytes=446688 qdelay_l_ms=1.10401 qdelay_c_ms=268.075 ecn_mark=318 drop=0
[QUEUE_STATS] t_ms=4832 q_pkts=290 q_bytes=436160 qdelay_l_ms=1.1219 qdelay_c_ms=272.091 ecn_mark=319 drop=0
[QUEUE_STATS] t_ms=4848 q_pkts=287 q_bytes=431648 qdelay_l_ms=1.01795 qdelay_c_ms=272.809 ecn_mark=320 drop=0
[QUEUE_STATS] t_ms=4864 q_pkts=279 q_bytes=419616 qdelay_l_ms=0.854686 qdelay_c_ms=273.809 ecn_mark=324 drop=0
[QUEUE_STATS] t_ms=4880 q_pkts=272 q_bytes=409088 qdelay_l_ms=1.07609 qdelay_c_ms=275.224 ecn_mark=328 drop=0
[QUEUE_STATS] t_ms=4896 q_pkts=267 q_bytes=401568 qdelay_l_ms=1.02714 qdelay_c_ms=271.05 ecn_mark=330 drop=0
[QUEUE_STATS] t_ms=4912 q_pkts=259 q_bytes=389536 qdelay_l_ms=0.904179 qdelay_c_ms=264.097 ecn_mark=330 drop=0
[QUEUE_STATS] t_ms=4928 q_pkts=251 q_bytes=377504 qdelay_l_ms=1.08176 qdelay_c_ms=257.078 ecn_mark=332 drop=0
[QUEUE_STATS] t_ms=4944 q_pkts=251 q_bytes=377504 qdelay_l_ms=1.09161 qdelay_c_ms=252.117 ecn_mark=334 drop=0
[QUEUE_STATS] t_ms=4960 q_pkts=251 q_bytes=377504 qdelay_l_ms=1.08169 qdelay_c_ms=246.859 ecn_mark=342 drop=0
[QUEUE_STATS] t_ms=4976 q_pkts=251 q_bytes=377504 qdelay_l_ms=1.10289 qdelay_c_ms=238.187 ecn_mark=344 drop=0
[QUEUE_STATS] t_ms=4992 q_pkts=253 q_bytes=380512 qdelay_l_ms=1.10234 qdelay_c_ms=233.248 ecn_mark=347 drop=0
[QUEUE_STATS] t_ms=5008 q_pkts=252 q_bytes=379008 qdelay_l_ms=1.0287 qdelay_c_ms=222.829 ecn_mark=350 drop=0
[QUEUE_STATS] t_ms=5024 q_pkts=252 q_bytes=379008 qdelay_l_ms=1.08434 qdelay_c_ms=218.226 ecn_mark=351 drop=0
[QUEUE_STATS] t_ms=5040 q_pkts=252 q_bytes=379008 qdelay_l_ms=1.03538 qdelay_c_ms=209.165 ecn_mark=352 drop=0
[QUEUE_STATS] t_ms=5056 q_pkts=252 q_bytes=379008 qdelay_l_ms=1.10263 qdelay_c_ms=202.237 ecn_mark=353 drop=0
[QUEUE_STATS] t_ms=5072 q_pkts=253 q_bytes=380512 qdelay_l_ms=1.11329 qdelay_c_ms=195.565 ecn_mark=355 drop=0
[QUEUE_STATS] t_ms=5088 q_pkts=256 q_bytes=385024 qdelay_l_ms=1.0407 qdelay_c_ms=192.753 ecn_mark=358 drop=0
[QUEUE_STATS] t_ms=5104 q_pkts=251 q_bytes=377504 qdelay_l_ms=1.0358 qdelay_c_ms=173.697 ecn_mark=362 drop=0
[QUEUE_STATS] t_ms=5120 q_pkts=253 q_bytes=380512 qdelay_l_ms=1.10243 qdelay_c_ms=176.202 ecn_mark=362 drop=0
[QUEUE_STATS] t_ms=5136 q_pkts=256 q_bytes=385024 qdelay_l_ms=1.02182 qdelay_c_ms=175.18 ecn_mark=362 drop=0
[QUEUE_STATS] t_ms=5152 q_pkts=253 q_bytes=380512 qdelay_l_ms=1.04563 qdelay_c_ms=173.094 ecn_mark=364 drop=0
[QUEUE_STATS] t_ms=5168 q_pkts=253 q_bytes=380512 qdelay_l_ms=1.05652 qdelay_c_ms=174.913 ecn_mark=364 drop=0
[QUEUE_STATS] t_ms=5184 q_pkts=254 q_bytes=382016 qdelay_l_ms=1.04849 qdelay_c_ms=172.875 ecn_mark=364 drop=0
[QUEUE_STATS] t_ms=5200 q_pkts=253 q_bytes=380512 qdelay_l_ms=1.08507 qdelay_c_ms=171.594 ecn_mark=367 drop=0
[QUEUE_STATS] t_ms=5216 q_pkts=254 q_bytes=382016 qdelay_l_ms=1.08836 qdelay_c_ms=172.01 ecn_mark=368 drop=0
[QUEUE_STATS] t_ms=5232 q_pkts=255 q_bytes=383520 qdelay_l_ms=1.10622 qdelay_c_ms=169.186 ecn_mark=368 drop=0
[QUEUE_STATS] t_ms=5248 q_pkts=254 q_bytes=382016 qdelay_l_ms=1.10283 qdelay_c_ms=169.535 ecn_mark=370 drop=0
[QUEUE_STATS] t_ms=5264 q_pkts=257 q_bytes=386528 qdelay_l_ms=1.11077 qdelay_c_ms=173.179 ecn_mark=372 drop=0
[QUEUE_STATS] t_ms=5280 q_pkts=259 q_bytes=389536 qdelay_l_ms=1.06057 qdelay_c_ms=169.06 ecn_mark=373 drop=0
[QUEUE_STATS] t_ms=5296 q_pkts=258 q_bytes=388032 qdelay_l_ms=1.10556 qdelay_c_ms=166.126 ecn_mark=376 drop=0
[QUEUE_STATS] t_ms=5312 q_pkts=260 q_bytes=391040 qdelay_l_ms=1.0855 qdelay_c_ms=172.278 ecn_mark=377 drop=0
[QUEUE_STATS] t_ms=5328 q_pkts=260 q_bytes=391040 qdelay_l_ms=1.06963 qdelay_c_ms=168.032 ecn_mark=377 drop=0
[QUEUE_STATS] t_ms=5344 q_pkts=260 q_bytes=391040 qdelay_l_ms=1.10251 qdelay_c_ms=167.172 ecn_mark=382 drop=0
[QUEUE_STATS] t_ms=5360 q_pkts=262 q_bytes=394048 qdelay_l_ms=1.09184 qdelay_c_ms=168.892 ecn_mark=384 drop=0
[QUEUE_STATS] t_ms=5376 q_pkts=260 q_bytes=391040 qdelay_l_ms=1.0883 qdelay_c_ms=165.847 ecn_mark=386 drop=0
[QUEUE_STATS] t_ms=5392 q_pkts=258 q_bytes=388032 qdelay_l_ms=1.01545 qdelay_c_ms=168.135 ecn_mark=387 drop=0
[QUEUE_STATS] t_ms=5408 q_pkts=265 q_bytes=398560 qdelay_l_ms=1.09678 qdelay_c_ms=169.031 ecn_mark=388 drop=0
[QUEUE_STATS] t_ms=5424 q_pkts=263 q_bytes=395552 qdelay_l_ms=1.08088 qdelay_c_ms=167.013 ecn_mark=389 drop=0
[QUEUE_STATS] t_ms=5440 q_pkts=260 q_bytes=391040 qdelay_l_ms=1.07965 qdelay_c_ms=168.186 ecn_mark=390 drop=0
[QUEUE_STATS] t_ms=5456 q_pkts=264 q_bytes=397056 qdelay_l_ms=1.08713 qdelay_c_ms=169.943 ecn_mark=393 drop=0
[QUEUE_STATS] t_ms=5472 q_pkts=266 q_bytes=400064 qdelay_l_ms=1.10857 qdelay_c_ms=166.882 ecn_mark=394 drop=0
[QUEUE_STATS] t_ms=5488 q_pkts=264 q_bytes=397056 qdelay_l_ms=1.06795 qdelay_c_ms=168.144 ecn_mark=395 drop=0
[QUEUE_STATS] t_ms=5505 q_pkts=266 q_bytes=400064 qdelay_l_ms=1.08421 qdelay_c_ms=168.064 ecn_mark=397 drop=0
[QUEUE_STATS] t_ms=5520 q_pkts=266 q_bytes=400064 qdelay_l_ms=1.08485 qdelay_c_ms=167.358 ecn_mark=398 drop=0
[QUEUE_STATS] t_ms=5536 q_pkts=267 q_bytes=401568 qdelay_l_ms=1.07919 qdelay_c_ms=166.938 ecn_mark=402 drop=0
[QUEUE_STATS] t_ms=5552 q_pkts=265 q_bytes=398560 qdelay_l_ms=1.07585 qdelay_c_ms=169.001 ecn_mark=402 drop=0
[QUEUE_STATS] t_ms=5568 q_pkts=268 q_bytes=403072 qdelay_l_ms=1.1136 qdelay_c_ms=166.994 ecn_mark=405 drop=0
[QUEUE_STATS] t_ms=5584 q_pkts=271 q_bytes=407584 qdelay_l_ms=0.751452 qdelay_c_ms=168.707 ecn_mark=405 drop=0
[QUEUE_STATS] t_ms=5600 q_pkts=269 q_bytes=404576 qdelay_l_ms=1.07104 qdelay_c_ms=167.991 ecn_mark=405 drop=0
[QUEUE_STATS] t_ms=5616 q_pkts=270 q_bytes=406080 qdelay_l_ms=1.08403 qdelay_c_ms=166.987 ecn_mark=407 drop=0
[QUEUE_STATS] t_ms=5632 q_pkts=270 q_bytes=406080 qdelay_l_ms=1.08169 qdelay_c_ms=167.133 ecn_mark=410 drop=0
[QUEUE_STATS] t_ms=5648 q_pkts=274 q_bytes=412096 qdelay_l_ms=0.754748 qdelay_c_ms=169.909 ecn_mark=413 drop=0
[QUEUE_STATS] t_ms=5664 q_pkts=270 q_bytes=406080 qdelay_l_ms=1.08317 qdelay_c_ms=166.001 ecn_mark=414 drop=0
[QUEUE_STATS] t_ms=5680 q_pkts=272 q_bytes=409088 qdelay_l_ms=1.09845 qdelay_c_ms=167.856 ecn_mark=420 drop=0
[QUEUE_STATS] t_ms=5696 q_pkts=273 q_bytes=410592 qdelay_l_ms=0.783012 qdelay_c_ms=168.848 ecn_mark=424 drop=0
[QUEUE_STATS] t_ms=5712 q_pkts=270 q_bytes=406080 qdelay_l_ms=1.09491 qdelay_c_ms=164.816 ecn_mark=425 drop=0
[QUEUE_STATS] t_ms=5728 q_pkts=273 q_bytes=410592 qdelay_l_ms=1.11253 qdelay_c_ms=167.394 ecn_mark=425 drop=0
[QUEUE_STATS] t_ms=5744 q_pkts=275 q_bytes=413600 qdelay_l_ms=1.06695 qdelay_c_ms=167.102 ecn_mark=428 drop=0
[QUEUE_STATS] t_ms=5760 q_pkts=272 q_bytes=409088 qdelay_l_ms=1.07714 qdelay_c_ms=165.185 ecn_mark=428 drop=0
[QUEUE_STATS] t_ms=5776 q_pkts=273 q_bytes=410592 qdelay_l_ms=1.10147 qdelay_c_ms=166.312 ecn_mark=430 drop=0
[QUEUE_STATS] t_ms=5792 q_pkts=276 q_bytes=415104 qdelay_l_ms=0.779936 qdelay_c_ms=165.932 ecn_mark=431 drop=0
[QUEUE_STATS] t_ms=5808 q_pkts=277 q_bytes=416608 qdelay_l_ms=1.09637 qdelay_c_ms=163.839 ecn_mark=431 drop=0
[QUEUE_STATS] t_ms=5824 q_pkts=276 q_bytes=415104 qdelay_l_ms=1.07063 qdelay_c_ms=166.099 ecn_mark=433 drop=0
[QUEUE_STATS] t_ms=5840 q_pkts=277 q_bytes=416608 qdelay_l_ms=1.08875 qdelay_c_ms=161.745 ecn_mark=433 drop=0
[QUEUE_STATS] t_ms=5856 q_pkts=277 q_bytes=416608 qdelay_l_ms=0.76593 qdelay_c_ms=162.978 ecn_mark=437 drop=0
[QUEUE_STATS] t_ms=5872 q_pkts=276 q_bytes=415104 qdelay_l_ms=1.084 qdelay_c_ms=165.767 ecn_mark=440 drop=0
[QUEUE_STATS] t_ms=5888 q_pkts=278 q_bytes=418112 qdelay_l_ms=1.06631 qdelay_c_ms=161.818 ecn_mark=440 drop=0
[QUEUE_STATS] t_ms=5905 q_pkts=279 q_bytes=419616 qdelay_l_ms=1.08687 qdelay_c_ms=163.267 ecn_mark=440 drop=0
[QUEUE_STATS] t_ms=5920 q_pkts=279 q_bytes=419616 qdelay_l_ms=1.09826 qdelay_c_ms=164.08 ecn_mark=443 drop=0
[QUEUE_STATS] t_ms=5936 q_pkts=277 q_bytes=416608 qdelay_l_ms=0.77143 qdelay_c_ms=159.635 ecn_mark=444 drop=0
[QUEUE_STATS] t_ms=5952 q_pkts=279 q_bytes=419616 qdelay_l_ms=1.06698 qdelay_c_ms=163.891 ecn_mark=446 drop=0
[QUEUE_STATS] t_ms=5968 q_pkts=281 q_bytes=422624 qdelay_l_ms=0 qdelay_c_ms=161.841 ecn_mark=450 drop=0
[QUEUE_STATS] t_ms=5984 q_pkts=280 q_bytes=421120 qdelay_l_ms=0.636747 qdelay_c_ms=159.006 ecn_mark=452 drop=0
[QUEUE_STATS] t_ms=6000 q_pkts=281 q_bytes=422624 qdelay_l_ms=1.07484 qdelay_c_ms=164.149 ecn_mark=454 drop=0
[QUEUE_STATS] t_ms=6016 q_pkts=281 q_bytes=422624 qdelay_l_ms=1.07076 qdelay_c_ms=159.019 ecn_mark=455 drop=0
[QUEUE_STATS] t_ms=6032 q_pkts=280 q_bytes=421120 qdelay_l_ms=1.04414 qdelay_c_ms=159.078 ecn_mark=456 drop=0
[QUEUE_STATS] t_ms=6048 q_pkts=285 q_bytes=428640 qdelay_l_ms=1.08873 qdelay_c_ms=162.139 ecn_mark=459 drop=0
[QUEUE_STATS] t_ms=6064 q_pkts=282 q_bytes=424128 qdelay_l_ms=1.1026 qdelay_c_ms=157.466 ecn_mark=460 drop=0
[QUEUE_STATS] t_ms=6080 q_pkts=283 q_bytes=425632 qdelay_l_ms=1.07725 qdelay_c_ms=159.285 ecn_mark=460 drop=0
[QUEUE_STATS] t_ms=6096 q_pkts=285 q_bytes=428640 qdelay_l_ms=1.06949 qdelay_c_ms=160.087 ecn_mark=465 drop=0
[QUEUE_STATS] t_ms=6112 q_pkts=286 q_bytes=430144 qdelay_l_ms=1.091 qdelay_c_ms=156.811 ecn_mark=467 drop=0
[QUEUE_STATS] t_ms=6128 q_pkts=286 q_bytes=430144 qdelay_l_ms=0.800915 qdelay_c_ms=161.053 ecn_mark=468 drop=0
[QUEUE_STATS] t_ms=6144 q_pkts=280 q_bytes=421120 qdelay_l_ms=0.795575 qdelay_c_ms=157.722 ecn_mark=472 drop=0
[QUEUE_STATS] t_ms=6160 q_pkts=269 q_bytes=404576 qdelay_l_ms=1.08266 qdelay_c_ms=156.981 ecn_mark=473 drop=0
[QUEUE_STATS] t_ms=6176 q_pkts=262 q_bytes=394048 qdelay_l_ms=1.07115 qdelay_c_ms=160 ecn_mark=476 drop=0
[QUEUE_STATS] t_ms=6192 q_pkts=253 q_bytes=380512 qdelay_l_ms=1.07941 qdelay_c_ms=155.791 ecn_mark=476 drop=0
[QUEUE_STATS] t_ms=6208 q_pkts=244 q_bytes=366976 qdelay_l_ms=1.11546 qdelay_c_ms=158.146 ecn_mark=478 drop=0
[QUEUE_STATS] t_ms=6224 q_pkts=235 q_bytes=353440 qdelay_l_ms=1.07617 qdelay_c_ms=160 ecn_mark=479 drop=0
[QUEUE_STATS] t_ms=6240 q_pkts=226 q_bytes=339904 qdelay_l_ms=1.09048 qdelay_c_ms=154.976 ecn_mark=480 drop=0
[QUEUE_STATS] t_ms=6256 q_pkts=218 q_bytes=327872 qdelay_l_ms=1.05727 qdelay_c_ms=158.261 ecn_mark=480 drop=0
[QUEUE_STATS] t_ms=6272 q_pkts=209 q_bytes=314336 qdelay_l_ms=1.10688 qdelay_c_ms=156.913 ecn_mark=481 drop=0
[QUEUE_STATS] t_ms=6288 q_pkts=199 q_bytes=299296 qdelay_l_ms=1.10404 qdelay_c_ms=155.191 ecn_mark=481 drop=0
[QUEUE_STATS] t_ms=6304 q_pkts=190 q_bytes=285760 qdelay_l_ms=1.08603 qdelay_c_ms=151.74 ecn_mark=482 drop=0
[QUEUE_STATS] t_ms=6320 q_pkts=179 q_bytes=269216 qdelay_l_ms=1.08615 qdelay_c_ms=138.817 ecn_mark=484 drop=0
[QUEUE_STATS] t_ms=6337 q_pkts=172 q_bytes=258688 qdelay_l_ms=1.07452 qdelay_c_ms=134.244 ecn_mark=485 drop=0
[QUEUE_STATS] t_ms=6352 q_pkts=172 q_bytes=258688 qdelay_l_ms=1.09339 qdelay_c_ms=125.812 ecn_mark=486 drop=0
[QUEUE_STATS] t_ms=6368 q_pkts=172 q_bytes=258688 qdelay_l_ms=1.0996 qdelay_c_ms=114.95 ecn_mark=488 drop=0
[QUEUE_STATS] t_ms=6384 q_pkts=173 q_bytes=260192 qdelay_l_ms=0.845479 qdelay_c_ms=110.866 ecn_mark=490 drop=0
[QUEUE_STATS] t_ms=6400 q_pkts=173 q_bytes=260192 qdelay_l_ms=0 qdelay_c_ms=100.05 ecn_mark=492 drop=0
[QUEUE_STATS] t_ms=6416 q_pkts=172 q_bytes=258688 qdelay_l_ms=0.837564 qdelay_c_ms=91.7091 ecn_mark=494 drop=0
[QUEUE_STATS] t_ms=6432 q_pkts=173 q_bytes=260192 qdelay_l_ms=0.858153 qdelay_c_ms=89.82 ecn_mark=495 drop=0
[QUEUE_STATS] t_ms=6448 q_pkts=171 q_bytes=257184 qdelay_l_ms=0.854826 qdelay_c_ms=88.8451 ecn_mark=496 drop=0
[QUEUE_STATS] t_ms=6464 q_pkts=172 q_bytes=258688 qdelay_l_ms=1.0928 qdelay_c_ms=88.129 ecn_mark=499 drop=0
[QUEUE_STATS] t_ms=6480 q_pkts=172 q_bytes=258688 qdelay_l_ms=0.775707 qdelay_c_ms=89.0563 ecn_mark=499 drop=0
[QUEUE_STATS] t_ms=6496 q_pkts=175 q_bytes=263200 qdelay_l_ms=1.10699 qdelay_c_ms=87.9986 ecn_mark=504 drop=0
[QUEUE_STATS] t_ms=6512 q_pkts=172 q_bytes=258688 qdelay_l_ms=1.07087 qdelay_c_ms=88.2906 ecn_mark=505 drop=0
[QUEUE_STATS] t_ms=6528 q_pkts=177 q_bytes=266208 qdelay_l_ms=1.08339 qdelay_c_ms=89.2556 ecn_mark=508 drop=0
[QUEUE_STATS] t_ms=6544 q_pkts=176 q_bytes=264704 qdelay_l_ms=0.860908 qdelay_c_ms=88.012 ecn_mark=508 drop=0
[QUEUE_STATS] t_ms=6560 q_pkts=175 q_bytes=263200 qdelay_l_ms=1.10976 qdelay_c_ms=86.0549 ecn_mark=511 drop=0
[QUEUE_STATS] t_ms=6576 q_pkts=174 q_bytes=261696 qdelay_l_ms=0.763304 qdelay_c_ms=89.5789 ecn_mark=513 drop=0
[QUEUE_STATS] t_ms=6592 q_pkts=177 q_bytes=266208 qdelay_l_ms=0.86191 qdelay_c_ms=87.7888 ecn_mark=513 drop=0
[QUEUE_STATS] t_ms=6608 q_pkts=176 q_bytes=264704 qdelay_l_ms=1.07088 qdelay_c_ms=85.8916 ecn_mark=514 drop=0
[QUEUE_STATS] t_ms=6624 q_pkts=176 q_bytes=264704 qdelay_l_ms=1.06248 qdelay_c_ms=88.3025 ecn_mark=515 drop=0
[QUEUE_STATS] t_ms=6640 q_pkts=177 q_bytes=266208 qdelay_l_ms=1.10763 qdelay_c_ms=88.0602 ecn_mark=518 drop=0
[QUEUE_STATS] t_ms=6656 q_pkts=175 q_bytes=263200 qdelay_l_ms=1.09785 qdelay_c_ms=86.0524 ecn_mark=523 drop=0
[QUEUE_STATS] t_ms=6672 q_pkts=178 q_bytes=267712 qdelay_l_ms=1.08054 qdelay_c_ms=88.1287 ecn_mark=523 drop=0
[QUEUE_STATS] t_ms=6688 q_pkts=174 q_bytes=261696 qdelay_l_ms=0.877269 qdelay_c_ms=85.8539 ecn_mark=523 drop=0
[QUEUE_STATS] t_ms=6704 q_pkts=177 q_bytes=266208 qdelay_l_ms=1.02859 qdelay_c_ms=85.1025 ecn_mark=526 drop=0
[QUEUE_STATS] t_ms=6720 q_pkts=176 q_bytes=264704 qdelay_l_ms=1.09571 qdelay_c_ms=86.8759 ecn_mark=527 drop=0
[QUEUE_STATS] t_ms=6736 q_pkts=175 q_bytes=263200 qdelay_l_ms=1.10269 qdelay_c_ms=83.839 ecn_mark=529 drop=0
[QUEUE_STATS] t_ms=6752 q_pkts=170 q_bytes=255680 qdelay_l_ms=0 qdelay_c_ms=85.1013 ecn_mark=530 drop=0
[QUEUE_STATS] t_ms=6768 q_pkts=178 q_bytes=267712 qdelay_l_ms=0.987456 qdelay_c_ms=85.2384 ecn_mark=531 drop=0
[QUEUE_STATS] t_ms=6784 q_pkts=176 q_bytes=264704 qdelay_l_ms=0.91009 qdelay_c_ms=82.9207 ecn_mark=535 drop=0
[QUEUE_STATS] t_ms=6800 q_pkts=175 q_bytes=263200 qdelay_l_ms=1.11935 qdelay_c_ms=83.9913 ecn_mark=535 drop=0
[QUEUE_STATS] t_ms=6816 q_pkts=178 q_bytes=267712 qdelay_l_ms=1.10829 qdelay_c_ms=86.0208 ecn_mark=535 drop=0
[QUEUE_STATS] t_ms=6832 q_pkts=172 q_bytes=258688 qdelay_l_ms=0.898499 qdelay_c_ms=83.942 ecn_mark=536 drop=0
[QUEUE_STATS] t_ms=6848 q_pkts=164 q_bytes=246656 qdelay_l_ms=1.07562 qdelay_c_ms=85.3254 ecn_mark=537 drop=0
[QUEUE_STATS] t_ms=6864 q_pkts=155 q_bytes=233120 qdelay_l_ms=0.910672 qdelay_c_ms=87.9234 ecn_mark=539 drop=0
[QUEUE_STATS] t_ms=6880 q_pkts=140 q_bytes=210560 qdelay_l_ms=0.92031 qdelay_c_ms=82.0413 ecn_mark=539 drop=0
[QUEUE_STATS] t_ms=6896 q_pkts=131 q_bytes=197024 qdelay_l_ms=1.05685 qdelay_c_ms=84.0568 ecn_mark=542 drop=0
[QUEUE_STATS] t_ms=6912 q_pkts=123 q_bytes=184992 qdelay_l_ms=1.06314 qdelay_c_ms=85.8658 ecn_mark=543 drop=0
[QUEUE_STATS] t_ms=6928 q_pkts=111 q_bytes=166944 qdelay_l_ms=1.06851 qdelay_c_ms=74.5707 ecn_mark=544 drop=0
[QUEUE_STATS] t_ms=6944 q_pkts=102 q_bytes=153408 qdelay_l_ms=1.0535 qdelay_c_ms=70.1323 ecn_mark=548 drop=0
[QUEUE_STATS] t_ms=6960 q_pkts=99 q_bytes=148896 qdelay_l_ms=1.00939 qdelay_c_ms=61.063 ecn_mark=551 drop=0
[QUEUE_STATS] t_ms=6976 q_pkts=95 q_bytes=142880 qdelay_l_ms=0.913326 qdelay_c_ms=56.0459 ecn_mark=552 drop=0
[QUEUE_STATS] t_ms=6992 q_pkts=95 q_bytes=142880 qdelay_l_ms=1.07709 qdelay_c_ms=46.6376 ecn_mark=555 drop=0
[QUEUE_STATS] t_ms=7008 q_pkts=97 q_bytes=145888 qdelay_l_ms=0.925059 qdelay_c_ms=45.988 ecn_mark=559 drop=0
[QUEUE_STATS] t_ms=7024 q_pkts=97 q_bytes=145888 qdelay_l_ms=1.06496 qdelay_c_ms=45.0851 ecn_mark=561 drop=0
[QUEUE_STATS] t_ms=7040 q_pkts=97 q_bytes=145888 qdelay_l_ms=1.06526 qdelay_c_ms=43.956 ecn_mark=561 drop=0
[QUEUE_STATS] t_ms=7056 q_pkts=98 q_bytes=147392 qdelay_l_ms=0.937983 qdelay_c_ms=45.7508 ecn_mark=563 drop=0
[QUEUE_STATS] t_ms=7072 q_pkts=97 q_bytes=145888 qdelay_l_ms=1.05598 qdelay_c_ms=43.9952 ecn_mark=563 drop=0
[QUEUE_STATS] t_ms=7089 q_pkts=96 q_bytes=144384 qdelay_l_ms=1.09002 qdelay_c_ms=45.0374 ecn_mark=565 drop=0
[QUEUE_STATS] t_ms=7105 q_pkts=89 q_bytes=133856 qdelay_l_ms=1.0758 qdelay_c_ms=45.3015 ecn_mark=568 drop=0
[QUEUE_STATS] t_ms=7120 q_pkts=77 q_bytes=115808 qdelay_l_ms=1.06026 qdelay_c_ms=45.1556 ecn_mark=570 drop=0
[QUEUE_STATS] t_ms=7136 q_pkts=64 q_bytes=96256 qdelay_l_ms=1.06851 qdelay_c_ms=42.3386 ecn_mark=573 drop=0
[QUEUE_STATS] t_ms=7152 q_pkts=56 q_bytes=84224 qdelay_l_ms=1.1017 qdelay_c_ms=36.3121 ecn_mark=574 drop=0
[QUEUE_STATS] t_ms=7168 q_pkts=44 q_bytes=66176 qdelay_l_ms=0.773183 qdelay_c_ms=27.8894 ecn_mark=575 drop=0
[QUEUE_STATS] t_ms=7184 q_pkts=40 q_bytes=60160 qdelay_l_ms=0.932543 qdelay_c_ms=19.9197 ecn_mark=575 drop=0
[QUEUE_STATS] t_ms=7200 q_pkts=42 q_bytes=63168 qdelay_l_ms=1.08102 qdelay_c_ms=18.3869 ecn_mark=577 drop=0
[QUEUE_STATS] t_ms=7216 q_pkts=41 q_bytes=61664 qdelay_l_ms=1.05271 qdelay_c_ms=16.4774 ecn_mark=579 drop=0
[QUEUE_STATS] t_ms=7232 q_pkts=38 q_bytes=57152 qdelay_l_ms=1.07474 qdelay_c_ms=18.2352 ecn_mark=580 drop=0
[QUEUE_STATS] t_ms=7248 q_pkts=40 q_bytes=60160 qdelay_l_ms=0.961307 qdelay_c_ms=17.7615 ecn_mark=581 drop=0
[QUEUE_STATS] t_ms=7264 q_pkts=40 q_bytes=60160 qdelay_l_ms=0.975263 qdelay_c_ms=16.1111 ecn_mark=582 drop=0
[QUEUE_STATS] t_ms=7280 q_pkts=42 q_bytes=63168 qdelay_l_ms=1.07241 qdelay_c_ms=19.4241 ecn_mark=584 drop=0
[QUEUE_STATS] t_ms=7296 q_pkts=41 q_bytes=61664 qdelay_l_ms=1.03988 qdelay_c_ms=18.6324 ecn_mark=585 drop=0
[QUEUE_STATS] t_ms=7312 q_pkts=40 q_bytes=60160 qdelay_l_ms=0.983969 qdelay_c_ms=15.8785 ecn_mark=585 drop=0
[QUEUE_STATS] t_ms=7328 q_pkts=40 q_bytes=60160 qdelay_l_ms=1.07807 qdelay_c_ms=19.0971 ecn_mark=587 drop=0
[QUEUE_STATS] t_ms=7344 q_pkts=40 q_bytes=60160 qdelay_l_ms=1.07184 qdelay_c_ms=18.1828 ecn_mark=588 drop=0
[QUEUE_STATS] t_ms=7360 q_pkts=40 q_bytes=60160 qdelay_l_ms=1.01167 qdelay_c_ms=15.9598 ecn_mark=589 drop=0
[QUEUE_STATS] t_ms=7376 q_pkts=41 q_bytes=61664 qdelay_l_ms=0.757924 qdelay_c_ms=18.6763 ecn_mark=590 drop=0
[QUEUE_STATS] t_ms=7392 q_pkts=42 q_bytes=63168 qdelay_l_ms=1.06139 qdelay_c_ms=17.5756 ecn_mark=590 drop=0
[QUEUE_STATS] t_ms=7408 q_pkts=43 q_bytes=64672 qdelay_l_ms=1.08028 qdelay_c_ms=17.3698 ecn_mark=593 drop=0
[QUEUE_STATS] t_ms=7424 q_pkts=42 q_bytes=63168 qdelay_l_ms=1.08093 qdelay_c_ms=18.1873 ecn_mark=595 drop=0
[QUEUE_STATS] t_ms=7440 q_pkts=42 q_bytes=63168 qdelay_l_ms=0.89935 qdelay_c_ms=17.8437 ecn_mark=595 drop=0
[QUEUE_STATS] t_ms=7456 q_pkts=41 q_bytes=61664 qdelay_l_ms=1.07256 qdelay_c_ms=17.168 ecn_mark=596 drop=0
[QUEUE_STATS] t_ms=7472 q_pkts=41 q_bytes=61664 qdelay_l_ms=1.01244 qdelay_c_ms=17.798 ecn_mark=597 drop=0
[QUEUE_STATS] t_ms=7488 q_pkts=41 q_bytes=61664 qdelay_l_ms=1.00326 qdelay_c_ms=18.042 ecn_mark=598 drop=0
[QUEUE_STATS] t_ms=7504 q_pkts=41 q_bytes=61664 qdelay_l_ms=1.08131 qdelay_c_ms=17.2898 ecn_mark=599 drop=0
[QUEUE_STATS] t_ms=7520 q_pkts=42 q_bytes=63168 qdelay_l_ms=1.07811 qdelay_c_ms=17.9218 ecn_mark=599 drop=0
[QUEUE_STATS] t_ms=7536 q_pkts=41 q_bytes=61664 qdelay_l_ms=1.0053 qdelay_c_ms=18.0279 ecn_mark=602 drop=0
[QUEUE_STATS] t_ms=7552 q_pkts=43 q_bytes=64672 qdelay_l_ms=1.08421 qdelay_c_ms=17.9118 ecn_mark=602 drop=0
[QUEUE_STATS] t_ms=7568 q_pkts=45 q_bytes=67680 qdelay_l_ms=0 qdelay_c_ms=18.602 ecn_mark=603 drop=0
[QUEUE_STATS] t_ms=7584 q_pkts=44 q_bytes=66176 qdelay_l_ms=1.02359 qdelay_c_ms=18.8663 ecn_mark=604 drop=0
[QUEUE_STATS] t_ms=7600 q_pkts=42 q_bytes=63168 qdelay_l_ms=1.03837 qdelay_c_ms=18.0324 ecn_mark=608 drop=0
[QUEUE_STATS] t_ms=7616 q_pkts=42 q_bytes=63168 qdelay_l_ms=1.02717 qdelay_c_ms=15.9476 ecn_mark=612 drop=0
[QUEUE_STATS] t_ms=7632 q_pkts=43 q_bytes=64672 qdelay_l_ms=1.0919 qdelay_c_ms=18.4784 ecn_mark=615 drop=0
[QUEUE_STATS] t_ms=7648 q_pkts=43 q_bytes=64672 qdelay_l_ms=1.04564 qdelay_c_ms=18.936 ecn_mark=616 drop=0
[QUEUE_STATS] t_ms=7664 q_pkts=43 q_bytes=64672 qdelay_l_ms=1.06147 qdelay_c_ms=15.9983 ecn_mark=616 drop=0
[QUEUE_STATS] t_ms=7680 q_pkts=38 q_bytes=57152 qdelay_l_ms=1.01887 qdelay_c_ms=18.0472 ecn_mark=617 drop=0
[QUEUE_STATS] t_ms=7696 q_pkts=41 q_bytes=61664 qdelay_l_ms=1.07804 qdelay_c_ms=16.4594 ecn_mark=617 drop=0
[QUEUE_STATS] t_ms=7712 q_pkts=44 q_bytes=66176 qdelay_l_ms=1.07943 qdelay_c_ms=16.5812 ecn_mark=620 drop=0
[QUEUE_STATS] t_ms=7728 q_pkts=42 q_bytes=63168 qdelay_l_ms=1.09749 qdelay_c_ms=18.4257 ecn_mark=620 drop=0
[QUEUE_STATS] t_ms=7744 q_pkts=44 q_bytes=66176 qdelay_l_ms=1.0532 qdelay_c_ms=17.9729 ecn_mark=620 drop=0
[QUEUE_STATS] t_ms=7760 q_pkts=45 q_bytes=67680 qdelay_l_ms=1.0747 qdelay_c_ms=17.0622 ecn_mark=622 drop=0
[QUEUE_STATS] t_ms=7776 q_pkts=45 q_bytes=67680 qdelay_l_ms=1.04996 qdelay_c_ms=18.9923 ecn_mark=623 drop=0
[QUEUE_STATS] t_ms=7792 q_pkts=45 q_bytes=67680 qdelay_l_ms=1.06615 qdelay_c_ms=19.0398 ecn_mark=626 drop=0
[QUEUE_STATS] t_ms=7808 q_pkts=47 q_bytes=70688 qdelay_l_ms=1.04468 qdelay_c_ms=18.0534 ecn_mark=627 drop=0
[QUEUE_STATS] t_ms=7824 q_pkts=45 q_bytes=67680 qdelay_l_ms=1.07208 qdelay_c_ms=18.9146 ecn_mark=628 drop=0
[QUEUE_STATS] t_ms=7840 q_pkts=46 q_bytes=69184 qdelay_l_ms=1.04584 qdelay_c_ms=19.248 ecn_mark=629 drop=0
[QUEUE_STATS] t_ms=7856 q_pkts=45 q_bytes=67680 qdelay_l_ms=1.04789 qdelay_c_ms=18.7597 ecn_mark=629 drop=0
[QUEUE_STATS] t_ms=7872 q_pkts=45 q_bytes=67680 qdelay_l_ms=1.04741 qdelay_c_ms=19.3532 ecn_mark=631 drop=0
[QUEUE_STATS] t_ms=7888 q_pkts=45 q_bytes=67680 qdelay_l_ms=1.09484 qdelay_c_ms=18.1834 ecn_mark=634 drop=0
[QUEUE_STATS] t_ms=7904 q_pkts=46 q_bytes=69184 qdelay_l_ms=1.06184 qdelay_c_ms=19.922 ecn_mark=635 drop=0
[QUEUE_STATS] t_ms=7920 q_pkts=46 q_bytes=69184 qdelay_l_ms=1.05019 qdelay_c_ms=20.1543 ecn_mark=635 drop=0
[QUEUE_STATS] t_ms=7936 q_pkts=48 q_bytes=72192 qdelay_l_ms=1.05199 qdelay_c_ms=18.8006 ecn_mark=636 drop=0
[QUEUE_STATS] t_ms=7952 q_pkts=49 q_bytes=73696 qdelay_l_ms=1.07454 qdelay_c_ms=19.1951 ecn_mark=636 drop=0
[QUEUE_STATS] t_ms=7968 q_pkts=47 q_bytes=70688 qdelay_l_ms=1.07915 qdelay_c_ms=20.1889 ecn_mark=638 drop=0
[QUEUE_STATS] t_ms=7984 q_pkts=45 q_bytes=67680 qdelay_l_ms=0.977848 qdelay_c_ms=17.9341 ecn_mark=640 drop=0
[QUEUE_STATS] t_ms=8000 q_pkts=46 q_bytes=69184 qdelay_l_ms=1.06207 qdelay_c_ms=19.2411 ecn_mark=642 drop=0
[QUEUE_STATS] t_ms=8016 q_pkts=48 q_bytes=72192 qdelay_l_ms=1.06914 qdelay_c_ms=19.9112 ecn_mark=644 drop=0
[QUEUE_STATS] t_ms=8032 q_pkts=45 q_bytes=67680 qdelay_l_ms=1.07184 qdelay_c_ms=18.1984 ecn_mark=645 drop=0
[QUEUE_STATS] t_ms=8048 q_pkts=43 q_bytes=64672 qdelay_l_ms=1.07884 qdelay_c_ms=19.1277 ecn_mark=648 drop=0
[QUEUE_STATS] t_ms=8064 q_pkts=50 q_bytes=75200 qdelay_l_ms=0 qdelay_c_ms=19.1334 ecn_mark=649 drop=0
[QUEUE_STATS] t_ms=8080 q_pkts=47 q_bytes=70688 qdelay_l_ms=1.06335 qdelay_c_ms=18.5861 ecn_mark=650 drop=0
[QUEUE_STATS] t_ms=8096 q_pkts=43 q_bytes=64672 qdelay_l_ms=1.07545 qdelay_c_ms=19.0332 ecn_mark=651 drop=0
[QUEUE_STATS] t_ms=8112 q_pkts=47 q_bytes=70688 qdelay_l_ms=1.07179 qdelay_c_ms=18.1257 ecn_mark=652 drop=0
[QUEUE_STATS] t_ms=8128 q_pkts=45 q_bytes=67680 qdelay_l_ms=1.07523 qdelay_c_ms=17.8966 ecn_mark=652 drop=0
[QUEUE_STATS] t_ms=8144 q_pkts=44 q_bytes=66176 qdelay_l_ms=1.09067 qdelay_c_ms=19.2672 ecn_mark=654 drop=0
[QUEUE_STATS] t_ms=8160 q_pkts=45 q_bytes=67680 qdelay_l_ms=0.615597 qdelay_c_ms=17.7535 ecn_mark=655 drop=0
[QUEUE_STATS] t_ms=8176 q_pkts=45 q_bytes=67680 qdelay_l_ms=1.08176 qdelay_c_ms=16.432 ecn_mark=657 drop=0
[QUEUE_STATS] t_ms=8192 q_pkts=45 q_bytes=67680 qdelay_l_ms=1.07707 qdelay_c_ms=19.0379 ecn_mark=659 drop=0
[QUEUE_STATS] t_ms=8208 q_pkts=47 q_bytes=70688 qdelay_l_ms=1.08489 qdelay_c_ms=19.2436 ecn_mark=660 drop=0
[QUEUE_STATS] t_ms=8224 q_pkts=46 q_bytes=69184 qdelay_l_ms=0.542299 qdelay_c_ms=16.2423 ecn_mark=660 drop=0
[QUEUE_STATS] t_ms=8240 q_pkts=45 q_bytes=67680 qdelay_l_ms=1.08796 qdelay_c_ms=18.0971 ecn_mark=661 drop=0
[QUEUE_STATS] t_ms=8256 q_pkts=45 q_bytes=67680 qdelay_l_ms=0.821894 qdelay_c_ms=18.8413 ecn_mark=662 drop=0
[QUEUE_STATS] t_ms=8272 q_pkts=49 q_bytes=73696 qdelay_l_ms=1.06773 qdelay_c_ms=17.0678 ecn_mark=663 drop=0
[QUEUE_STATS] t_ms=8288 q_pkts=46 q_bytes=69184 qdelay_l_ms=1.08531 qdelay_c_ms=19.3677 ecn_mark=665 drop=0
[QUEUE_STATS] t_ms=8304 q_pkts=47 q_bytes=70688 qdelay_l_ms=0.631767 qdelay_c_ms=18.8715 ecn_mark=665 drop=0
[QUEUE_STATS] t_ms=8320 q_pkts=46 q_bytes=69184 qdelay_l_ms=1.06663 qdelay_c_ms=16.871 ecn_mark=665 drop=0
[QUEUE_STATS] t_ms=8336 q_pkts=46 q_bytes=69184 qdelay_l_ms=1.05789 qdelay_c_ms=18.2524 ecn_mark=666 drop=0
[QUEUE_STATS] t_ms=8352 q_pkts=44 q_bytes=66176 qdelay_l_ms=1.07069 qdelay_c_ms=19.3027 ecn_mark=667 drop=0
[QUEUE_STATS] t_ms=8368 q_pkts=44 q_bytes=66176 qdelay_l_ms=0 qdelay_c_ms=17.2625 ecn_mark=668 drop=0
[QUEUE_STATS] t_ms=8384 q_pkts=46 q_bytes=69184 qdelay_l_ms=1.10276 qdelay_c_ms=17.9512 ecn_mark=668 drop=0
[QUEUE_STATS] t_ms=8400 q_pkts=45 q_bytes=67680 qdelay_l_ms=1.09096 qdelay_c_ms=19.0794 ecn_mark=670 drop=0
[QUEUE_STATS] t_ms=8416 q_pkts=48 q_bytes=72192 qdelay_l_ms=0.857772 qdelay_c_ms=18.4492 ecn_mark=671 drop=0
[QUEUE_STATS] t_ms=8432 q_pkts=47 q_bytes=70688 qdelay_l_ms=1.07118 qdelay_c_ms=17.9381 ecn_mark=672 drop=0
[QUEUE_STATS] t_ms=8448 q_pkts=48 q_bytes=72192 qdelay_l_ms=1.08841 qdelay_c_ms=18.9446 ecn_mark=672 drop=0
[QUEUE_STATS] t_ms=8464 q_pkts=47 q_bytes=70688 qdelay_l_ms=1.09503 qdelay_c_ms=17.8097 ecn_mark=673 drop=0
[QUEUE_STATS] t_ms=8480 q_pkts=38 q_bytes=57152 qdelay_l_ms=0 qdelay_c_ms=18.131 ecn_mark=673 drop=0
[QUEUE_STATS] t_ms=8496 q_pkts=29 q_bytes=43616 qdelay_l_ms=1.1007 qdelay_c_ms=16.7728 ecn_mark=674 drop=0
[QUEUE_STATS] t_ms=8512 q_pkts=16 q_bytes=24064 qdelay_l_ms=0.865406 qdelay_c_ms=9.78616 ecn_mark=675 drop=0
[QUEUE_STATS] t_ms=8528 q_pkts=5 q_bytes=7520 qdelay_l_ms=1.08693 qdelay_c_ms=3.30211 ecn_mark=676 drop=0
[QUEUE_STATS] t_ms=8544 q_pkts=6 q_bytes=9024 qdelay_l_ms=1.08516 qdelay_c_ms=2.19689 ecn_mark=678 drop=0
[QUEUE_STATS] t_ms=8560 q_pkts=5 q_bytes=7520 qdelay_l_ms=1.11285 qdelay_c_ms=2.15853 ecn_mark=679 drop=0
[QUEUE_STATS] t_ms=8576 q_pkts=5 q_bytes=7520 qdelay_l_ms=1.06845 qdelay_c_ms=2.13591 ecn_mark=679 drop=0
[QUEUE_STATS] t_ms=8592 q_pkts=7 q_bytes=10528 qdelay_l_ms=1.11258 qdelay_c_ms=2.16819 ecn_mark=682 drop=0
[QUEUE_STATS] t_ms=8608 q_pkts=7 q_bytes=10528 qdelay_l_ms=1.07482 qdelay_c_ms=1.97759 ecn_mark=685 drop=0
[QUEUE_STATS] t_ms=8624 q_pkts=6 q_bytes=9024 qdelay_l_ms=1.09757 qdelay_c_ms=2.17827 ecn_mark=687 drop=0
[QUEUE_STATS] t_ms=8640 q_pkts=6 q_bytes=9024 qdelay_l_ms=0.694786 qdelay_c_ms=1.80213 ecn_mark=689 drop=0
[QUEUE_STATS] t_ms=8656 q_pkts=5 q_bytes=7520 qdelay_l_ms=1.0802 qdelay_c_ms=2.1406 ecn_mark=691 drop=0
[QUEUE_STATS] t_ms=8672 q_pkts=5 q_bytes=7520 qdelay_l_ms=1.11004 qdelay_c_ms=1.69345 ecn_mark=692 drop=0
[QUEUE_STATS] t_ms=8688 q_pkts=6 q_bytes=9024 qdelay_l_ms=1.09408 qdelay_c_ms=2.17279 ecn_mark=692 drop=0
[QUEUE_STATS] t_ms=8704 q_pkts=7 q_bytes=10528 qdelay_l_ms=1.04856 qdelay_c_ms=3.26975 ecn_mark=693 drop=0
[QUEUE_STATS] t_ms=8721 q_pkts=7 q_bytes=10528 qdelay_l_ms=1.06068 qdelay_c_ms=2.13045 ecn_mark=695 drop=0
[QUEUE_STATS] t_ms=8736 q_pkts=6 q_bytes=9024 qdelay_l_ms=1.10548 qdelay_c_ms=2.16241 ecn_mark=696 drop=0
[QUEUE_STATS] t_ms=8752 q_pkts=6 q_bytes=9024 qdelay_l_ms=1.09618 qdelay_c_ms=1.39756 ecn_mark=698 drop=0
[QUEUE_STATS] t_ms=8768 q_pkts=7 q_bytes=10528 qdelay_l_ms=1.05427 qdelay_c_ms=2.86354 ecn_mark=700 drop=0
[QUEUE_STATS] t_ms=8784 q_pkts=3 q_bytes=4512 qdelay_l_ms=0.01587 qdelay_c_ms=0.86683 ecn_mark=702 drop=0
[QUEUE_STATS] t_ms=8800 q_pkts=7 q_bytes=10528 qdelay_l_ms=1.11298 qdelay_c_ms=1.88497 ecn_mark=702 drop=0
[QUEUE_STATS] t_ms=8816 q_pkts=6 q_bytes=9024 qdelay_l_ms=1.13475 qdelay_c_ms=1.80237 ecn_mark=702 drop=0
[QUEUE_STATS] t_ms=8832 q_pkts=6 q_bytes=9024 qdelay_l_ms=0.77678 qdelay_c_ms=2.92072 ecn_mark=703 drop=0
[QUEUE_STATS] t_ms=8848 q_pkts=6 q_bytes=9024 qdelay_l_ms=0.045255 qdelay_c_ms=2.18818 ecn_mark=704 drop=0
[QUEUE_STATS] t_ms=8864 q_pkts=5 q_bytes=7520 qdelay_l_ms=0 qdelay_c_ms=1.86566 ecn_mark=705 drop=0
[QUEUE_STATS] t_ms=8881 q_pkts=5 q_bytes=7520 qdelay_l_ms=1.06566 qdelay_c_ms=2.19801 ecn_mark=706 drop=0
[QUEUE_STATS] t_ms=8896 q_pkts=8 q_bytes=12032 qdelay_l_ms=1.02742 qdelay_c_ms=3.25859 ecn_mark=706 drop=0
[QUEUE_STATS] t_ms=8912 q_pkts=7 q_bytes=10528 qdelay_l_ms=1.04426 qdelay_c_ms=2.95134 ecn_mark=707 drop=0
[QUEUE_STATS] t_ms=8928 q_pkts=7 q_bytes=10528 qdelay_l_ms=1.12844 qdelay_c_ms=1.80138 ecn_mark=708 drop=0
[QUEUE_STATS] t_ms=8944 q_pkts=6 q_bytes=9024 qdelay_l_ms=1.05135 qdelay_c_ms=2.65825 ecn_mark=710 drop=0
[QUEUE_STATS] t_ms=8960 q_pkts=10 q_bytes=15040 qdelay_l_ms=0.724602 qdelay_c_ms=1.82396 ecn_mark=711 drop=0
[QUEUE_STATS] t_ms=8976 q_pkts=8 q_bytes=12032 qdelay_l_ms=1.05553 qdelay_c_ms=3.26619 ecn_mark=711 drop=0
[QUEUE_STATS] t_ms=8992 q_pkts=0 q_bytes=0 qdelay_l_ms=0 qdelay_c_ms=0 ecn_mark=712 drop=0
[QUEUE_STATS] t_ms=9008 q_pkts=4 q_bytes=6016 qdelay_l_ms=1.02347 qdelay_c_ms=1.05735 ecn_mark=714 drop=0
[QUEUE_STATS] t_ms=9024 q_pkts=4 q_bytes=6016 qdelay_l_ms=0.725894 qdelay_c_ms=0.760158 ecn_mark=715 drop=0
[QUEUE_STATS] t_ms=9040 q_pkts=4 q_bytes=6016 qdelay_l_ms=1.11384 qdelay_c_ms=1.10342 ecn_mark=717 drop=0
[QUEUE_STATS] t_ms=9056 q_pkts=4 q_bytes=6016 qdelay_l_ms=1.04605 qdelay_c_ms=2.18585 ecn_mark=719 drop=0
[QUEUE_STATS] t_ms=9072 q_pkts=4 q_bytes=6016 qdelay_l_ms=1.10175 qdelay_c_ms=1.81393 ecn_mark=720 drop=0
[QUEUE_STATS] t_ms=9088 q_pkts=5 q_bytes=7520 qdelay_l_ms=0.831413 qdelay_c_ms=0.868002 ecn_mark=721 drop=0
[QUEUE_STATS] t_ms=9104 q_pkts=4 q_bytes=6016 qdelay_l_ms=1.11136 qdelay_c_ms=1.10126 ecn_mark=723 drop=0
[QUEUE_STATS] t_ms=9120 q_pkts=0 q_bytes=0 qdelay_l_ms=0 qdelay_c_ms=0 ecn_mark=724 drop=0
[QUEUE_STATS] t_ms=9136 q_pkts=3 q_bytes=4512 qdelay_l_ms=1.04445 qdelay_c_ms=1.05805 ecn_mark=725 drop=0
[QUEUE_STATS] t_ms=9152 q_pkts=6 q_bytes=9024 qdelay_l_ms=0.76124 qdelay_c_ms=0.752855 ecn_mark=726 drop=0
[QUEUE_STATS] t_ms=9168 q_pkts=4 q_bytes=6016 qdelay_l_ms=1.06014 qdelay_c_ms=1.07314 ecn_mark=728 drop=0
[QUEUE_STATS] t_ms=9184 q_pkts=6 q_bytes=9024 qdelay_l_ms=0.609185 qdelay_c_ms=0.601781 ecn_mark=728 drop=0
[QUEUE_STATS] t_ms=9200 q_pkts=3 q_bytes=4512 qdelay_l_ms=1.07262 qdelay_c_ms=2.16809 ecn_mark=728 drop=0
[QUEUE_STATS] t_ms=9216 q_pkts=4 q_bytes=6016 qdelay_l_ms=1.09062 qdelay_c_ms=1.0819 ecn_mark=730 drop=0
[QUEUE_STATS] t_ms=9232 q_pkts=3 q_bytes=4512 qdelay_l_ms=0.650272 qdelay_c_ms=0.644 ecn_mark=730 drop=0
[QUEUE_STATS] t_ms=9248 q_pkts=6 q_bytes=9024 qdelay_l_ms=1.08203 qdelay_c_ms=2.18102 ecn_mark=730 drop=0
[QUEUE_STATS] t_ms=9264 q_pkts=4 q_bytes=6016 qdelay_l_ms=0.878932 qdelay_c_ms=0.868623 ecn_mark=732 drop=0
[QUEUE_STATS] t_ms=9280 q_pkts=4 q_bytes=6016 qdelay_l_ms=0 qdelay_c_ms=1.03533 ecn_mark=738 drop=0
[QUEUE_STATS] t_ms=9296 q_pkts=4 q_bytes=6016 qdelay_l_ms=1.06865 qdelay_c_ms=1.05819 ecn_mark=738 drop=0
[QUEUE_STATS] t_ms=9312 q_pkts=4 q_bytes=6016 qdelay_l_ms=1.11884 qdelay_c_ms=1.10781 ecn_mark=741 drop=0
[QUEUE_STATS] t_ms=9328 q_pkts=3 q_bytes=4512 qdelay_l_ms=1.02513 qdelay_c_ms=1.04127 ecn_mark=741 drop=0
[QUEUE_STATS] t_ms=9344 q_pkts=2 q_bytes=3008 qdelay_l_ms=1.09354 qdelay_c_ms=0 ecn_mark=741 drop=0
[QUEUE_STATS] t_ms=9360 q_pkts=4 q_bytes=6016 qdelay_l_ms=0.821604 qdelay_c_ms=0.813248 ecn_mark=743 drop=0
[QUEUE_STATS] t_ms=9376 q_pkts=6 q_bytes=9024 qdelay_l_ms=1.08066 qdelay_c_ms=1.12942 ecn_mark=743 drop=0
[QUEUE_STATS] t_ms=9392 q_pkts=3 q_bytes=4512 qdelay_l_ms=0.838987 qdelay_c_ms=0.875175 ecn_mark=743 drop=0
[QUEUE_STATS] t_ms=9408 q_pkts=4 q_bytes=6016 qdelay_l_ms=0.969673 qdelay_c_ms=0.982737 ecn_mark=744 drop=0
[QUEUE_STATS] t_ms=9424 q_pkts=2 q_bytes=3008 qdelay_l_ms=0.034565 qdelay_c_ms=0.019918 ecn_mark=745 drop=0
[QUEUE_STATS] t_ms=9440 q_pkts=4 q_bytes=6016 qdelay_l_ms=1.07329 qdelay_c_ms=1.10555 ecn_mark=747 drop=0
[QUEUE_STATS] t_ms=9456 q_pkts=3 q_bytes=4512 qdelay_l_ms=1.07956 qdelay_c_ms=1.11215 ecn_mark=750 drop=0
[QUEUE_STATS] t_ms=9472 q_pkts=6 q_bytes=9024 qdelay_l_ms=1.02726 qdelay_c_ms=1.05148 ecn_mark=751 drop=0
[QUEUE_STATS] t_ms=9488 q_pkts=4 q_bytes=6016 qdelay_l_ms=1.09349 qdelay_c_ms=1.08521 ecn_mark=754 drop=0
[QUEUE_STATS] t_ms=9504 q_pkts=3 q_bytes=4512 qdelay_l_ms=1.03173 qdelay_c_ms=1.07324 ecn_mark=755 drop=0
[QUEUE_STATS] t_ms=9520 q_pkts=4 q_bytes=6016 qdelay_l_ms=0.960836 qdelay_c_ms=1.99648 ecn_mark=755 drop=0
[QUEUE_STATS] t_ms=9536 q_pkts=6 q_bytes=9024 qdelay_l_ms=1.12875 qdelay_c_ms=1.11911 ecn_mark=756 drop=0
[QUEUE_STATS] t_ms=9552 q_pkts=4 q_bytes=6016 qdelay_l_ms=1.06235 qdelay_c_ms=1.05066 ecn_mark=759 drop=0
[QUEUE_STATS] t_ms=9568 q_pkts=3 q_bytes=4512 qdelay_l_ms=0.732627 qdelay_c_ms=0.754158 ecn_mark=760 drop=0
[QUEUE_STATS] t_ms=9584 q_pkts=3 q_bytes=4512 qdelay_l_ms=1.06711 qdelay_c_ms=1.1057 ecn_mark=760 drop=0
[QUEUE_STATS] t_ms=9600 q_pkts=3 q_bytes=4512 qdelay_l_ms=1.03587 qdelay_c_ms=1.05383 ecn_mark=762 drop=0
[QUEUE_STATS] t_ms=9616 q_pkts=4 q_bytes=6016 qdelay_l_ms=1.0685 qdelay_c_ms=1.05918 ecn_mark=762 drop=0
[QUEUE_STATS] t_ms=9632 q_pkts=4 q_bytes=6016 qdelay_l_ms=1.10862 qdelay_c_ms=1.09992 ecn_mark=763 drop=0
[QUEUE_STATS] t_ms=9648 q_pkts=4 q_bytes=6016 qdelay_l_ms=1.07371 qdelay_c_ms=1.11031 ecn_mark=763 drop=0
[QUEUE_STATS] t_ms=9664 q_pkts=3 q_bytes=4512 qdelay_l_ms=1.06362 qdelay_c_ms=1.1116 ecn_mark=763 drop=0
[QUEUE_STATS] t_ms=9680 q_pkts=4 q_bytes=6016 qdelay_l_ms=1.11172 qdelay_c_ms=1.10183 ecn_mark=763 drop=0
[QUEUE_STATS] t_ms=9696 q_pkts=3 q_bytes=4512 qdelay_l_ms=1.06736 qdelay_c_ms=1.10566 ecn_mark=763 drop=0
[QUEUE_STATS] t_ms=9712 q_pkts=4 q_bytes=6016 qdelay_l_ms=1.07792 qdelay_c_ms=1.11394 ecn_mark=765 drop=0
[QUEUE_STATS] t_ms=9728 q_pkts=4 q_bytes=6016 qdelay_l_ms=1.10724 qdelay_c_ms=1.09669 ecn_mark=768 drop=0
[QUEUE_STATS] t_ms=9744 q_pkts=3 q_bytes=4512 qdelay_l_ms=0.910581 qdelay_c_ms=0.89945 ecn_mark=769 drop=0
[QUEUE_STATS] t_ms=9760 q_pkts=3 q_bytes=4512 qdelay_l_ms=1.06838 qdelay_c_ms=2.1732 ecn_mark=769 drop=0
[QUEUE_STATS] t_ms=9776 q_pkts=5 q_bytes=7520 qdelay_l_ms=1.07018 qdelay_c_ms=1.76469 ecn_mark=769 drop=0
[QUEUE_STATS] t_ms=9792 q_pkts=4 q_bytes=6016 qdelay_l_ms=0.94159 qdelay_c_ms=0.934366 ecn_mark=771 drop=0
[QUEUE_STATS] t_ms=9808 q_pkts=3 q_bytes=4512 qdelay_l_ms=1.09034 qdelay_c_ms=1.08362 ecn_mark=773 drop=0
[QUEUE_STATS] t_ms=9824 q_pkts=3 q_bytes=4512 qdelay_l_ms=0.934627 qdelay_c_ms=0.924838 ecn_mark=773 drop=0
[QUEUE_STATS] t_ms=9840 q_pkts=3 q_bytes=4512 qdelay_l_ms=1.07234 qdelay_c_ms=1.10943 ecn_mark=773 drop=0
[QUEUE_STATS] t_ms=9856 q_pkts=3 q_bytes=4512 qdelay_l_ms=1.0708 qdelay_c_ms=1.06029 ecn_mark=773 drop=0
[QUEUE_STATS] t_ms=9872 q_pkts=5 q_bytes=7520 qdelay_l_ms=1.05235 qdelay_c_ms=1.11559 ecn_mark=775 drop=0
[QUEUE_STATS] t_ms=9888 q_pkts=3 q_bytes=4512 qdelay_l_ms=1.10396 qdelay_c_ms=1.99943 ecn_mark=777 drop=0
[QUEUE_STATS] t_ms=9904 q_pkts=5 q_bytes=7520 qdelay_l_ms=1.10229 qdelay_c_ms=1.09181 ecn_mark=778 drop=0
[QUEUE_STATS] t_ms=9920 q_pkts=4 q_bytes=6016 qdelay_l_ms=0.934476 qdelay_c_ms=0.927453 ecn_mark=779 drop=0
[QUEUE_STATS] t_ms=9936 q_pkts=4 q_bytes=6016 qdelay_l_ms=1.06494 qdelay_c_ms=1.05892 ecn_mark=781 drop=0
[QUEUE_STATS] t_ms=9952 q_pkts=2 q_bytes=3008 qdelay_l_ms=0 qdelay_c_ms=1.32605 ecn_mark=781 drop=0
[QUEUE_STATS] t_ms=9968 q_pkts=1 q_bytes=1504 qdelay_l_ms=1.08637 qdelay_c_ms=0 ecn_mark=783 drop=0
[QUEUE_STATS] t_ms=9984 q_pkts=4 q_bytes=6016 qdelay_l_ms=1.07866 qdelay_c_ms=1.07088 ecn_mark=784 drop=0
[QUEUE_STATS] t_ms=10001 q_pkts=4 q_bytes=6016 qdelay_l_ms=1.07707 qdelay_c_ms=1.06835 ecn_mark=784 drop=0
[QUEUE_STATS] t_ms=10016 q_pkts=5 q_bytes=7520 qdelay_l_ms=0.91016 qdelay_c_ms=0.939646 ecn_mark=785 drop=0
[QUEUE_STATS] t_ms=10032 q_pkts=0 q_bytes=0 qdelay_l_ms=0 qdelay_c_ms=0 ecn_mark=785 drop=0
[QUEUE_STATS] t_ms=10048 q_pkts=6 q_bytes=9024 qdelay_l_ms=0.854997 qdelay_c_ms=0.893048 ecn_mark=786 drop=0
[QUEUE_STATS] t_ms=10064 q_pkts=4 q_bytes=6016 qdelay_l_ms=0.894792 qdelay_c_ms=0.887658 ecn_mark=786 drop=0
[QUEUE_STATS] t_ms=10080 q_pkts=4 q_bytes=6016 qdelay_l_ms=1.08897 qdelay_c_ms=1.08178 ecn_mark=786 drop=0
[QUEUE_STATS] t_ms=10096 q_pkts=4 q_bytes=6016 qdelay_l_ms=1.00081 qdelay_c_ms=0.992866 ecn_mark=790 drop=0
[QUEUE_STATS] t_ms=10112 q_pkts=1 q_bytes=1504 qdelay_l_ms=0.018165 qdelay_c_ms=0 ecn_mark=790 drop=0
[QUEUE_STATS] t_ms=10128 q_pkts=4 q_bytes=6016 qdelay_l_ms=1.05717 qdelay_c_ms=1.07782 ecn_mark=792 drop=0
[QUEUE_STATS] t_ms=10144 q_pkts=5 q_bytes=7520 qdelay_l_ms=0.709013 qdelay_c_ms=0.70248 ecn_mark=793 drop=0
[QUEUE_STATS] t_ms=10160 q_pkts=3 q_bytes=4512 qdelay_l_ms=1.07971 qdelay_c_ms=1.07217 ecn_mark=794 drop=0
[QUEUE_STATS] t_ms=10176 q_pkts=3 q_bytes=4512 qdelay_l_ms=1.06888 qdelay_c_ms=1.08966 ecn_mark=795 drop=0
[QUEUE_STATS] t_ms=10192 q_pkts=1 q_bytes=1504 qdelay_l_ms=1.08824 qdelay_c_ms=0 ecn_mark=797 drop=0
[QUEUE_STATS] t_ms=10208 q_pkts=4 q_bytes=6016 qdelay_l_ms=1.10864 qdelay_c_ms=1.10062 ecn_mark=799 drop=0
[QUEUE_STATS] t_ms=10224 q_pkts=2 q_bytes=3008 qdelay_l_ms=1.0674 qdelay_c_ms=0 ecn_mark=800 drop=0
[QUEUE_STATS] t_ms=10240 q_pkts=3 q_bytes=4512 qdelay_l_ms=1.06626 qdelay_c_ms=1.09473 ecn_mark=801 drop=0
[QUEUE_STATS] t_ms=10256 q_pkts=4 q_bytes=6016 qdelay_l_ms=0.94711 qdelay_c_ms=0.964002 ecn_mark=802 drop=0
[QUEUE_STATS] t_ms=10272 q_pkts=5 q_bytes=7520 qdelay_l_ms=1.05822 qdelay_c_ms=2.17312 ecn_mark=803 drop=0
[QUEUE_STATS] t_ms=10288 q_pkts=3 q_bytes=4512 qdelay_l_ms=1.08176 qdelay_c_ms=1.0742 ecn_mark=803 drop=0
[QUEUE_STATS] t_ms=10304 q_pkts=1 q_bytes=1504 qdelay_l_ms=1.06545 qdelay_c_ms=0 ecn_mark=805 drop=0
[QUEUE_STATS] t_ms=10321 q_pkts=4 q_bytes=6016 qdelay_l_ms=1.09545 qdelay_c_ms=2.08169 ecn_mark=807 drop=0
[QUEUE_STATS] t_ms=10336 q_pkts=4 q_bytes=6016 qdelay_l_ms=1.03321 qdelay_c_ms=1.05983 ecn_mark=808 drop=0
[QUEUE_STATS] t_ms=10352 q_pkts=2 q_bytes=3008 qdelay_l_ms=1.08238 qdelay_c_ms=0 ecn_mark=808 drop=0
[QUEUE_STATS] t_ms=10368 q_pkts=3 q_bytes=4512 qdelay_l_ms=1.07034 qdelay_c_ms=1.10827 ecn_mark=812 drop=0
[QUEUE_STATS] t_ms=10384 q_pkts=3 q_bytes=4512 qdelay_l_ms=1.10484 qdelay_c_ms=1.0965 ecn_mark=812 drop=0
[QUEUE_STATS] t_ms=10400 q_pkts=4 q_bytes=6016 qdelay_l_ms=1.10529 qdelay_c_ms=1.82845 ecn_mark=814 drop=0
[QUEUE_STATS] t_ms=10416 q_pkts=4 q_bytes=6016 qdelay_l_ms=0.649921 qdelay_c_ms=0.644311 ecn_mark=815 drop=0
[QUEUE_STATS] t_ms=10432 q_pkts=4 q_bytes=6016 qdelay_l_ms=1.10922 qdelay_c_ms=1.0993 ecn_mark=816 drop=0
[QUEUE_STATS] t_ms=10448 q_pkts=4 q_bytes=6016 qdelay_l_ms=1.07245 qdelay_c_ms=1.83648 ecn_mark=818 drop=0
[QUEUE_STATS] t_ms=10464 q_pkts=3 q_bytes=4512 qdelay_l_ms=1.0308 qdelay_c_ms=1.06835 ecn_mark=819 drop=0
[QUEUE_STATS] t_ms=10480 q_pkts=2 q_bytes=3008 qdelay_l_ms=1.08952 qdelay_c_ms=0 ecn_mark=821 drop=0
[QUEUE_STATS] t_ms=10496 q_pkts=3 q_bytes=4512 qdelay_l_ms=1.11189 qdelay_c_ms=1.10253 ecn_mark=822 drop=0
[QUEUE_STATS] t_ms=10512 q_pkts=2 q_bytes=3008 qdelay_l_ms=1.09818 qdelay_c_ms=0 ecn_mark=822 drop=0
[QUEUE_STATS] t_ms=10528 q_pkts=5 q_bytes=7520 qdelay_l_ms=1.08111 qdelay_c_ms=1.13291 ecn_mark=824 drop=0
[QUEUE_STATS] t_ms=10544 q_pkts=3 q_bytes=4512 qdelay_l_ms=1.10294 qdelay_c_ms=1.09377 ecn_mark=825 drop=0
[QUEUE_STATS] t_ms=10561 q_pkts=3 q_bytes=4512 qdelay_l_ms=1.06232 qdelay_c_ms=1.09797 ecn_mark=828 drop=0
[QUEUE_STATS] t_ms=10576 q_pkts=4 q_bytes=6016 qdelay_l_ms=0.892107 qdelay_c_ms=0.903689 ecn_mark=830 drop=0
[QUEUE_STATS] t_ms=10592 q_pkts=2 q_bytes=3008 qdelay_l_ms=0.802318 qdelay_c_ms=0.80829 ecn_mark=830 drop=0
[QUEUE_STATS] t_ms=10608 q_pkts=3 q_bytes=4512 qdelay_l_ms=1.05636 qdelay_c_ms=1.08465 ecn_mark=831 drop=0
[QUEUE_STATS] t_ms=10624 q_pkts=4 q_bytes=6016 qdelay_l_ms=0.792951 qdelay_c_ms=0.784895 ecn_mark=833 drop=0
[QUEUE_STATS] t_ms=10640 q_pkts=3 q_bytes=4512 qdelay_l_ms=1.06662 qdelay_c_ms=1.09622 ecn_mark=833 drop=0
[QUEUE_STATS] t_ms=10656 q_pkts=2 q_bytes=3008 qdelay_l_ms=1.10645 qdelay_c_ms=0 ecn_mark=835 drop=0
[QUEUE_STATS] t_ms=10672 q_pkts=0 q_bytes=0 qdelay_l_ms=0 qdelay_c_ms=0 ecn_mark=837 drop=0
[QUEUE_STATS] t_ms=10688 q_pkts=1 q_bytes=1504 qdelay_l_ms=0.851861 qdelay_c_ms=0 ecn_mark=840 drop=0
[QUEUE_STATS] t_ms=10704 q_pkts=5 q_bytes=7520 qdelay_l_ms=1.01163 qdelay_c_ms=1.05163 ecn_mark=840 drop=0
[QUEUE_STATS] t_ms=10720 q_pkts=3 q_bytes=4512 qdelay_l_ms=1.07462 qdelay_c_ms=1.06632 ecn_mark=841 drop=0
[QUEUE_STATS] t_ms=10736 q_pkts=3 q_bytes=4512 qdelay_l_ms=0.831021 qdelay_c_ms=0.823728 ecn_mark=841 drop=0
[QUEUE_STATS] t_ms=10752 q_pkts=4 q_bytes=6016 qdelay_l_ms=1.00887 qdelay_c_ms=1.01976 ecn_mark=841 drop=0
[QUEUE_STATS] t_ms=10769 q_pkts=2 q_bytes=3008 qdelay_l_ms=1.09615 qdelay_c_ms=1.10486 ecn_mark=841 drop=0
[QUEUE_STATS] t_ms=10784 q_pkts=3 q_bytes=4512 qdelay_l_ms=1.07495 qdelay_c_ms=1.11549 ecn_mark=844 drop=0
[QUEUE_STATS] t_ms=10800 q_pkts=5 q_bytes=7520 qdelay_l_ms=1.08945 qdelay_c_ms=3.09832 ecn_mark=845 drop=0
[QUEUE_STATS] t_ms=10816 q_pkts=3 q_bytes=4512 qdelay_l_ms=1.04673 qdelay_c_ms=1.03713 ecn_mark=846 drop=0
[QUEUE_STATS] t_ms=10832 q_pkts=5 q_bytes=7520 qdelay_l_ms=0.758826 qdelay_c_ms=0.796377 ecn_mark=847 drop=0
[QUEUE_STATS] t_ms=10848 q_pkts=1 q_bytes=1504 qdelay_l_ms=0.670951 qdelay_c_ms=0 ecn_mark=847 drop=0
[QUEUE_STATS] t_ms=10864 q_pkts=3 q_bytes=4512 qdelay_l_ms=0.061205 qdelay_c_ms=0.050866 ecn_mark=848 drop=0
[QUEUE_STATS] t_ms=10880 q_pkts=1 q_bytes=1504 qdelay_l_ms=0.656334 qdelay_c_ms=0 ecn_mark=850 drop=0
[QUEUE_STATS] t_ms=10896 q_pkts=3 q_bytes=4512 qdelay_l_ms=0.995821 qdelay_c_ms=2.0861 ecn_mark=851 drop=0
[QUEUE_STATS] t_ms=10912 q_pkts=5 q_bytes=7520 qdelay_l_ms=1.08222 qdelay_c_ms=1.0744 ecn_mark=851 drop=0
[QUEUE_STATS] t_ms=10928 q_pkts=3 q_bytes=4512 qdelay_l_ms=0.871398 qdelay_c_ms=0.841301 ecn_mark=851 drop=0
[QUEUE_STATS] t_ms=10944 q_pkts=1 q_bytes=1504 qdelay_l_ms=1.09575 qdelay_c_ms=0 ecn_mark=851 drop=0
[QUEUE_STATS] t_ms=10960 q_pkts=3 q_bytes=4512 qdelay_l_ms=1.11344 qdelay_c_ms=1.10193 ecn_mark=852 drop=0
[QUEUE_STATS] t_ms=10976 q_pkts=3 q_bytes=4512 qdelay_l_ms=1.06046 qdelay_c_ms=1.08864 ecn_mark=852 drop=0
[QUEUE_STATS] t_ms=10992 q_pkts=2 q_bytes=3008 qdelay_l_ms=0.858844 qdelay_c_ms=0 ecn_mark=853 drop=0
[QUEUE_STATS] t_ms=11008 q_pkts=6 q_bytes=9024 qdelay_l_ms=1.00045 qdelay_c_ms=0.997735 ecn_mark=854 drop=0
[QUEUE_STATS] t_ms=11024 q_pkts=1 q_bytes=1504 qdelay_l_ms=1.07717 qdelay_c_ms=0 ecn_mark=854 drop=0
[QUEUE_STATS] t_ms=11040 q_pkts=3 q_bytes=4512 qdelay_l_ms=1.07527 qdelay_c_ms=1.07136 ecn_mark=855 drop=0
[QUEUE_STATS] t_ms=11056 q_pkts=3 q_bytes=4512 qdelay_l_ms=0.991594 qdelay_c_ms=2.09063 ecn_mark=856 drop=0
[QUEUE_STATS] t_ms=11072 q_pkts=0 q_bytes=0 qdelay_l_ms=0 qdelay_c_ms=0 ecn_mark=857 drop=0
[QUEUE_STATS] t_ms=11088 q_pkts=6 q_bytes=9024 qdelay_l_ms=0.679256 qdelay_c_ms=2.02909 ecn_mark=857 drop=0
[QUEUE_STATS] t_ms=11104 q_pkts=4 q_bytes=6016 qdelay_l_ms=0.844658 qdelay_c_ms=0.841472 ecn_mark=857 drop=0
[QUEUE_STATS] t_ms=11120 q_pkts=4 q_bytes=6016 qdelay_l_ms=1.06446 qdelay_c_ms=1.0613 ecn_mark=857 drop=0
[QUEUE_STATS] t_ms=11136 q_pkts=2 q_bytes=3008 qdelay_l_ms=0.946339 qdelay_c_ms=0 ecn_mark=859 drop=0
[QUEUE_STATS] t_ms=11152 q_pkts=3 q_bytes=4512 qdelay_l_ms=1.06219 qdelay_c_ms=1.07577 ecn_mark=861 drop=0
[QUEUE_STATS] t_ms=11169 q_pkts=4 q_bytes=6016 qdelay_l_ms=1.08342 qdelay_c_ms=1.07883 ecn_mark=862 drop=0
[QUEUE_STATS] t_ms=11184 q_pkts=1 q_bytes=1504 qdelay_l_ms=1.06047 qdelay_c_ms=0 ecn_mark=863 drop=0
[QUEUE_STATS] t_ms=11200 q_pkts=1 q_bytes=1504 qdelay_l_ms=0.919769 qdelay_c_ms=0 ecn_mark=865 drop=0
[QUEUE_STATS] t_ms=11216 q_pkts=3 q_bytes=4512 qdelay_l_ms=1.00111 qdelay_c_ms=2.10723 ecn_mark=865 drop=0
[QUEUE_STATS] t_ms=11232 q_pkts=5 q_bytes=7520 qdelay_l_ms=1.06734 qdelay_c_ms=1.06354 ecn_mark=865 drop=0
[QUEUE_STATS] t_ms=11248 q_pkts=1 q_bytes=1504 qdelay_l_ms=0.986865 qdelay_c_ms=0 ecn_mark=866 drop=0
[QUEUE_STATS] t_ms=11264 q_pkts=3 q_bytes=4512 qdelay_l_ms=0.657276 qdelay_c_ms=0.663387 ecn_mark=868 drop=0
[QUEUE_STATS] t_ms=11280 q_pkts=3 q_bytes=4512 qdelay_l_ms=1.0637 qdelay_c_ms=1.06049 ecn_mark=868 drop=0
[QUEUE_STATS] t_ms=11296 q_pkts=6 q_bytes=9024 qdelay_l_ms=0.917384 qdelay_c_ms=0.938464 ecn_mark=868 drop=0
[QUEUE_STATS] t_ms=11312 q_pkts=4 q_bytes=6016 qdelay_l_ms=1.08679 qdelay_c_ms=1.08008 ecn_mark=869 drop=0
[QUEUE_STATS] t_ms=11328 q_pkts=4 q_bytes=6016 qdelay_l_ms=1.0687 qdelay_c_ms=1.04815 ecn_mark=870 drop=0
[QUEUE_STATS] t_ms=11344 q_pkts=6 q_bytes=9024 qdelay_l_ms=1.10043 qdelay_c_ms=1.09007 ecn_mark=870 drop=0
[QUEUE_STATS] t_ms=11360 q_pkts=1 q_bytes=1504 qdelay_l_ms=1.07979 qdelay_c_ms=0 ecn_mark=873 drop=0
[QUEUE_STATS] t_ms=11376 q_pkts=3 q_bytes=4512 qdelay_l_ms=1.08164 qdelay_c_ms=1.07563 ecn_mark=875 drop=0
[QUEUE_STATS] t_ms=11392 q_pkts=0 q_bytes=0 qdelay_l_ms=0 qdelay_c_ms=0 ecn_mark=877 drop=0
[QUEUE_STATS] t_ms=11408 q_pkts=4 q_bytes=6016 qdelay_l_ms=1.10149 qdelay_c_ms=1.09553 ecn_mark=878 drop=0
[QUEUE_STATS] t_ms=11424 q_pkts=6 q_bytes=9024 qdelay_l_ms=0.692602 qdelay_c_ms=0.687572 ecn_mark=878 drop=0
[QUEUE_STATS] t_ms=11440 q_pkts=3 q_bytes=4512 qdelay_l_ms=0.852632 qdelay_c_ms=0.862791 ecn_mark=879 drop=0
[QUEUE_STATS] t_ms=11456 q_pkts=5 q_bytes=7520 qdelay_l_ms=1.06031 qdelay_c_ms=1.08861 ecn_mark=879 drop=0
[QUEUE_STATS] t_ms=11472 q_pkts=5 q_bytes=7520 qdelay_l_ms=1.09114 qdelay_c_ms=1.41549 ecn_mark=881 drop=0
[QUEUE_STATS] t_ms=11488 q_pkts=3 q_bytes=4512 qdelay_l_ms=1.08945 qdelay_c_ms=1.0825 ecn_mark=881 drop=0
[QUEUE_STATS] t_ms=11504 q_pkts=4 q_bytes=6016 qdelay_l_ms=1.07076 qdelay_c_ms=1.08662 ecn_mark=881 drop=0
[QUEUE_STATS] t_ms=11520 q_pkts=0 q_bytes=0 qdelay_l_ms=0 qdelay_c_ms=0 ecn_mark=883 drop=0
[QUEUE_STATS] t_ms=11536 q_pkts=2 q_bytes=3008 qdelay_l_ms=1.01976 qdelay_c_ms=0 ecn_mark=884 drop=0
[QUEUE_STATS] t_ms=11552 q_pkts=0 q_bytes=0 qdelay_l_ms=0 qdelay_c_ms=0 ecn_mark=884 drop=0
[QUEUE_STATS] t_ms=11568 q_pkts=4 q_bytes=6016 qdelay_l_ms=0.896936 qdelay_c_ms=2.20345 ecn_mark=884 drop=0
[QUEUE_STATS] t_ms=11584 q_pkts=4 q_bytes=6016 qdelay_l_ms=1.08959 qdelay_c_ms=1.07869 ecn_mark=884 drop=0
[QUEUE_STATS] t_ms=11600 q_pkts=0 q_bytes=0 qdelay_l_ms=0 qdelay_c_ms=0 ecn_mark=885 drop=0
[QUEUE_STATS] t_ms=11616 q_pkts=3 q_bytes=4512 qdelay_l_ms=0.683615 qdelay_c_ms=0.677253 ecn_mark=887 drop=0
[QUEUE_STATS] t_ms=11632 q_pkts=3 q_bytes=4512 qdelay_l_ms=1.0654 qdelay_c_ms=1.08274 ecn_mark=888 drop=0
[QUEUE_STATS] t_ms=11648 q_pkts=4 q_bytes=6016 qdelay_l_ms=1.07116 qdelay_c_ms=1.09612 ecn_mark=890 drop=0
[QUEUE_STATS] t_ms=11664 q_pkts=6 q_bytes=9024 qdelay_l_ms=1.06962 qdelay_c_ms=1.10169 ecn_mark=891 drop=0
[QUEUE_STATS] t_ms=11680 q_pkts=4 q_bytes=6016 qdelay_l_ms=1.06295 qdelay_c_ms=1.0525 ecn_mark=891 drop=0
[QUEUE_STATS] t_ms=11696 q_pkts=4 q_bytes=6016 qdelay_l_ms=0 qdelay_c_ms=2.05926 ecn_mark=892 drop=0
[QUEUE_STATS] t_ms=11712 q_pkts=4 q_bytes=6016 qdelay_l_ms=1.05076 qdelay_c_ms=1.04542 ecn_mark=893 drop=0
[QUEUE_STATS] t_ms=11728 q_pkts=2 q_bytes=3008 qdelay_l_ms=1.08219 qdelay_c_ms=0 ecn_mark=893 drop=0
[QUEUE_STATS] t_ms=11744 q_pkts=4 q_bytes=6016 qdelay_l_ms=0.843074 qdelay_c_ms=0.837203 ecn_mark=894 drop=0
[QUEUE_STATS] t_ms=11760 q_pkts=3 q_bytes=4512 qdelay_l_ms=1.0516 qdelay_c_ms=1.0749 ecn_mark=895 drop=0
[QUEUE_STATS] t_ms=11776 q_pkts=2 q_bytes=3008 qdelay_l_ms=1.08282 qdelay_c_ms=0 ecn_mark=896 drop=0
[QUEUE_STATS] t_ms=11792 q_pkts=5 q_bytes=7520 qdelay_l_ms=0.64396 qdelay_c_ms=0.66551 ecn_mark=897 drop=0
[QUEUE_STATS] t_ms=11808 q_pkts=4 q_bytes=6016 qdelay_l_ms=1.1116 qdelay_c_ms=2.1633 ecn_mark=901 drop=0
[QUEUE_STATS] t_ms=11824 q_pkts=3 q_bytes=4512 qdelay_l_ms=1.02491 qdelay_c_ms=2.12343 ecn_mark=901 drop=0
[QUEUE_STATS] t_ms=11840 q_pkts=1 q_bytes=1504 qdelay_l_ms=1.07674 qdelay_c_ms=0 ecn_mark=902 drop=0
[QUEUE_STATS] t_ms=11856 q_pkts=4 q_bytes=6016 qdelay_l_ms=1.00006 qdelay_c_ms=0.993908 ecn_mark=902 drop=0
[QUEUE_STATS] t_ms=11872 q_pkts=1 q_bytes=1504 qdelay_l_ms=1.03688 qdelay_c_ms=0 ecn_mark=903 drop=0
[QUEUE_STATS] t_ms=11888 q_pkts=4 q_bytes=6016 qdelay_l_ms=0.797829 qdelay_c_ms=0.79288 ecn_mark=905 drop=0
[QUEUE_STATS] t_ms=11904 q_pkts=7 q_bytes=10528 qdelay_l_ms=1.06077 qdelay_c_ms=3.22273 ecn_mark=906 drop=0
[QUEUE_STATS] t_ms=11920 q_pkts=0 q_bytes=0 qdelay_l_ms=0 qdelay_c_ms=0 ecn_mark=906 drop=0
[QUEUE_STATS] t_ms=11936 q_pkts=3 q_bytes=4512 qdelay_l_ms=1.08871 qdelay_c_ms=1.08143 ecn_mark=906 drop=0
[QUEUE_STATS] t_ms=11952 q_pkts=7 q_bytes=10528 qdelay_l_ms=1.01442 qdelay_c_ms=2.11828 ecn_mark=907 drop=0
[QUEUE_STATS] t_ms=11968 q_pkts=2 q_bytes=3008 qdelay_l_ms=1.06639 qdelay_c_ms=0 ecn_mark=907 drop=0
[QUEUE_STATS] t_ms=11984 q_pkts=4 q_bytes=6016 qdelay_l_ms=0.683445 qdelay_c_ms=0.678225 ecn_mark=907 drop=0
[QUEUE_STATS] t_ms=12000 q_pkts=2 q_bytes=3008 qdelay_l_ms=1.06147 qdelay_c_ms=2.17324 ecn_mark=909 drop=0
[QUEUE_STATS] t_ms=12016 q_pkts=5 q_bytes=7520 qdelay_l_ms=1.02745 qdelay_c_ms=2.06881 ecn_mark=911 drop=0
[QUEUE_STATS] t_ms=12032 q_pkts=4 q_bytes=6016 qdelay_l_ms=0.656364 qdelay_c_ms=1.93017 ecn_mark=911 drop=0
[QUEUE_STATS] t_ms=12048 q_pkts=5 q_bytes=7520 qdelay_l_ms=1.0908 qdelay_c_ms=1.08468 ecn_mark=911 drop=0
[QUEUE_STATS] t_ms=12064 q_pkts=4 q_bytes=6016 qdelay_l_ms=1.10337 qdelay_c_ms=1.09622 ecn_mark=911 drop=0
[QUEUE_STATS] t_ms=12080 q_pkts=4 q_bytes=6016 qdelay_l_ms=1.09909 qdelay_c_ms=1.09177 ecn_mark=911 drop=0
[QUEUE_STATS] t_ms=12096 q_pkts=3 q_bytes=4512 qdelay_l_ms=1.08796 qdelay_c_ms=1.08154 ecn_mark=911 drop=0
[QUEUE_STATS] t_ms=12112 q_pkts=3 q_bytes=4512 qdelay_l_ms=1.07401 qdelay_c_ms=1.09641 ecn_mark=912 drop=0
[QUEUE_STATS] t_ms=12128 q_pkts=5 q_bytes=7520 qdelay_l_ms=1.09149 qdelay_c_ms=1.08518 ecn_mark=913 drop=0
[QUEUE_STATS] t_ms=12144 q_pkts=3 q_bytes=4512 qdelay_l_ms=1.00757 qdelay_c_ms=2.06 ecn_mark=913 drop=0
[QUEUE_STATS] t_ms=12160 q_pkts=5 q_bytes=7520 qdelay_l_ms=1.03177 qdelay_c_ms=1.0795 ecn_mark=914 drop=0
[QUEUE_STATS] t_ms=12176 q_pkts=4 q_bytes=6016 qdelay_l_ms=1.09562 qdelay_c_ms=1.08959 ecn_mark=916 drop=0
[QUEUE_STATS] t_ms=12192 q_pkts=4 q_bytes=6016 qdelay_l_ms=0.802408 qdelay_c_ms=0.796697 ecn_mark=918 drop=0
[QUEUE_STATS] t_ms=12208 q_pkts=3 q_bytes=4512 qdelay_l_ms=1.06564 qdelay_c_ms=1.08938 ecn_mark=919 drop=0
[QUEUE_STATS] t_ms=12224 q_pkts=4 q_bytes=6016 qdelay_l_ms=1.10434 qdelay_c_ms=1.09784 ecn_mark=919 drop=0
[QUEUE_STATS] t_ms=12240 q_pkts=3 q_bytes=4512 qdelay_l_ms=0.772562 qdelay_c_ms=0.766972 ecn_mark=919 drop=0
[QUEUE_STATS] t_ms=12256 q_pkts=4 q_bytes=6016 qdelay_l_ms=1.10505 qdelay_c_ms=1.09459 ecn_mark=920 drop=0
[QUEUE_STATS] t_ms=12272 q_pkts=4 q_bytes=6016 qdelay_l_ms=1.1106 qdelay_c_ms=1.09997 ecn_mark=920 drop=0
[QUEUE_STATS] t_ms=12288 q_pkts=4 q_bytes=6016 qdelay_l_ms=0.735372 qdelay_c_ms=0.727998 ecn_mark=920 drop=0
[QUEUE_STATS] t_ms=12304 q_pkts=3 q_bytes=4512 qdelay_l_ms=1.10152 qdelay_c_ms=1.80218 ecn_mark=922 drop=0
[QUEUE_STATS] t_ms=12320 q_pkts=5 q_bytes=7520 qdelay_l_ms=1.08163 qdelay_c_ms=2.06438 ecn_mark=924 drop=0
[QUEUE_STATS] t_ms=12336 q_pkts=4 q_bytes=6016 qdelay_l_ms=0.740481 qdelay_c_ms=0.732887 ecn_mark=924 drop=0
[QUEUE_STATS] t_ms=12352 q_pkts=2 q_bytes=3008 qdelay_l_ms=1.09844 qdelay_c_ms=1.85058 ecn_mark=924 drop=0
[QUEUE_STATS] t_ms=12368 q_pkts=6 q_bytes=9024 qdelay_l_ms=0.925189 qdelay_c_ms=0.971035 ecn_mark=926 drop=0
[QUEUE_STATS] t_ms=12384 q_pkts=1 q_bytes=1504 qdelay_l_ms=0 qdelay_c_ms=0.031619 ecn_mark=926 drop=0
[QUEUE_STATS] t_ms=12400 q_pkts=6 q_bytes=9024 qdelay_l_ms=0.913487 qdelay_c_ms=0.950036 ecn_mark=927 drop=0
[QUEUE_STATS] t_ms=12416 q_pkts=5 q_bytes=7520 qdelay_l_ms=1.07513 qdelay_c_ms=2.02479 ecn_mark=928 drop=0
[QUEUE_STATS] t_ms=12432 q_pkts=4 q_bytes=6016 qdelay_l_ms=0.733258 qdelay_c_ms=0.727116 ecn_mark=929 drop=0
[QUEUE_STATS] t_ms=12448 q_pkts=6 q_bytes=9024 qdelay_l_ms=1.10943 qdelay_c_ms=2.05848 ecn_mark=929 drop=0
[QUEUE_STATS] t_ms=12464 q_pkts=1 q_bytes=1504 qdelay_l_ms=0.972247 qdelay_c_ms=0 ecn_mark=930 drop=0
[QUEUE_STATS] t_ms=12480 q_pkts=4 q_bytes=6016 qdelay_l_ms=1.11154 qdelay_c_ms=1.10195 ecn_mark=932 drop=0
[QUEUE_STATS] t_ms=12496 q_pkts=6 q_bytes=9024 qdelay_l_ms=0.934467 qdelay_c_ms=1.98343 ecn_mark=932 drop=0
[QUEUE_STATS] t_ms=12512 q_pkts=6 q_bytes=9024 qdelay_l_ms=1.09034 qdelay_c_ms=1.06263 ecn_mark=936 drop=0
[QUEUE_STATS] t_ms=12528 q_pkts=4 q_bytes=6016 qdelay_l_ms=1.10656 qdelay_c_ms=1.99257 ecn_mark=936 drop=0
[QUEUE_STATS] t_ms=12544 q_pkts=3 q_bytes=4512 qdelay_l_ms=1.0696 qdelay_c_ms=1.97302 ecn_mark=936 drop=0
[QUEUE_STATS] t_ms=12560 q_pkts=5 q_bytes=7520 qdelay_l_ms=1.07329 qdelay_c_ms=1.13401 ecn_mark=939 drop=0
[QUEUE_STATS] t_ms=12576 q_pkts=5 q_bytes=7520 qdelay_l_ms=1.06696 qdelay_c_ms=1.1105 ecn_mark=941 drop=0
[QUEUE_STATS] t_ms=12592 q_pkts=2 q_bytes=3008 qdelay_l_ms=1.09591 qdelay_c_ms=0 ecn_mark=942 drop=0
[QUEUE_STATS] t_ms=12608 q_pkts=3 q_bytes=4512 qdelay_l_ms=1.06244 qdelay_c_ms=1.05519 ecn_mark=944 drop=0
[QUEUE_STATS] t_ms=12624 q_pkts=3 q_bytes=4512 qdelay_l_ms=1.07287 qdelay_c_ms=1.10569 ecn_mark=944 drop=0
[QUEUE_STATS] t_ms=12640 q_pkts=4 q_bytes=6016 qdelay_l_ms=1.10856 qdelay_c_ms=1.84815 ecn_mark=945 drop=0
[QUEUE_STATS] t_ms=12656 q_pkts=4 q_bytes=6016 qdelay_l_ms=0.953523 qdelay_c_ms=2.15839 ecn_mark=945 drop=0
[QUEUE_STATS] t_ms=12672 q_pkts=6 q_bytes=9024 qdelay_l_ms=1.07146 qdelay_c_ms=2.23186 ecn_mark=945 drop=0
[QUEUE_STATS] t_ms=12688 q_pkts=4 q_bytes=6016 qdelay_l_ms=0.024917 qdelay_c_ms=1.132 ecn_mark=945 drop=0
[QUEUE_STATS] t_ms=12704 q_pkts=4 q_bytes=6016 qdelay_l_ms=1.11437 qdelay_c_ms=1.10597 ecn_mark=945 drop=0
[QUEUE_STATS] t_ms=12720 q_pkts=4 q_bytes=6016 qdelay_l_ms=0.991744 qdelay_c_ms=0.981775 ecn_mark=946 drop=0
[QUEUE_STATS] t_ms=12736 q_pkts=2 q_bytes=3008 qdelay_l_ms=0 qdelay_c_ms=0.019246 ecn_mark=946 drop=0
[QUEUE_STATS] t_ms=12752 q_pkts=4 q_bytes=6016 qdelay_l_ms=1.0777 qdelay_c_ms=1.11761 ecn_mark=946 drop=0
[QUEUE_STATS] t_ms=12769 q_pkts=3 q_bytes=4512 qdelay_l_ms=1.06089 qdelay_c_ms=2.10657 ecn_mark=946 drop=0
[QUEUE_STATS] t_ms=12784 q_pkts=2 q_bytes=3008 qdelay_l_ms=1.07479 qdelay_c_ms=0 ecn_mark=947 drop=0
[QUEUE_STATS] t_ms=12800 q_pkts=3 q_bytes=4512 qdelay_l_ms=1.04943 qdelay_c_ms=1.07639 ecn_mark=948 drop=0
[QUEUE_STATS] t_ms=12816 q_pkts=4 q_bytes=6016 qdelay_l_ms=1.1275 qdelay_c_ms=1.11759 ecn_mark=948 drop=0
[QUEUE_STATS] t_ms=12832 q_pkts=4 q_bytes=6016 qdelay_l_ms=1.11172 qdelay_c_ms=1.73192 ecn_mark=951 drop=0
[QUEUE_STATS] t_ms=12848 q_pkts=4 q_bytes=6016 qdelay_l_ms=1.10852 qdelay_c_ms=1.09914 ecn_mark=953 drop=0
[QUEUE_STATS] t_ms=12864 q_pkts=4 q_bytes=6016 qdelay_l_ms=1.09231 qdelay_c_ms=1.79055 ecn_mark=955 drop=0
[QUEUE_STATS] t_ms=12880 q_pkts=4 q_bytes=6016 qdelay_l_ms=0.587554 qdelay_c_ms=0.617791 ecn_mark=957 drop=0
[QUEUE_STATS] t_ms=12896 q_pkts=4 q_bytes=6016 qdelay_l_ms=1.08602 qdelay_c_ms=1.07814 ecn_mark=957 drop=0
[QUEUE_STATS] t_ms=12912 q_pkts=5 q_bytes=7520 qdelay_l_ms=1.07803 qdelay_c_ms=2.13339 ecn_mark=958 drop=0
[QUEUE_STATS] t_ms=12928 q_pkts=2 q_bytes=3008 qdelay_l_ms=1.04478 qdelay_c_ms=0 ecn_mark=958 drop=0
[QUEUE_STATS] t_ms=12944 q_pkts=5 q_bytes=7520 qdelay_l_ms=1.01498 qdelay_c_ms=1.06134 ecn_mark=960 drop=0
[QUEUE_STATS] t_ms=12960 q_pkts=4 q_bytes=6016 qdelay_l_ms=0.885264 qdelay_c_ms=1.94541 ecn_mark=961 drop=0
[QUEUE_STATS] t_ms=12976 q_pkts=3 q_bytes=4512 qdelay_l_ms=0.890454 qdelay_c_ms=0.88315 ecn_mark=963 drop=0
[QUEUE_STATS] t_ms=12992 q_pkts=2 q_bytes=3008 qdelay_l_ms=0.943022 qdelay_c_ms=0 ecn_mark=963 drop=0
[QUEUE_STATS] t_ms=13008 q_pkts=3 q_bytes=4512 qdelay_l_ms=0.97405 qdelay_c_ms=0.967598 ecn_mark=963 drop=0
[QUEUE_STATS] t_ms=13024 q_pkts=2 q_bytes=3008 qdelay_l_ms=1.09262 qdelay_c_ms=0 ecn_mark=965 drop=0
[QUEUE_STATS] t_ms=13040 q_pkts=4 q_bytes=6016 qdelay_l_ms=1.0337 qdelay_c_ms=1.07414 ecn_mark=966 drop=0
[QUEUE_STATS] t_ms=13056 q_pkts=3 q_bytes=4512 qdelay_l_ms=1.10087 qdelay_c_ms=1.09312 ecn_mark=966 drop=0
[QUEUE_STATS] t_ms=13072 q_pkts=6 q_bytes=9024 qdelay_l_ms=0.796758 qdelay_c_ms=0.845009 ecn_mark=968 drop=0
[QUEUE_STATS] t_ms=13088 q_pkts=5 q_bytes=7520 qdelay_l_ms=0.926461 qdelay_c_ms=1.98392 ecn_mark=970 drop=0
[QUEUE_STATS] t_ms=13104 q_pkts=3 q_bytes=4512 qdelay_l_ms=1.05571 qdelay_c_ms=1.06669 ecn_mark=971 drop=0
[QUEUE_STATS] t_ms=13120 q_pkts=2 q_bytes=3008 qdelay_l_ms=1.06077 qdelay_c_ms=0 ecn_mark=972 drop=0
[QUEUE_STATS] t_ms=13136 q_pkts=4 q_bytes=6016 qdelay_l_ms=1.10722 qdelay_c_ms=1.09985 ecn_mark=973 drop=0
[QUEUE_STATS] t_ms=13152 q_pkts=3 q_bytes=4512 qdelay_l_ms=0.019396 qdelay_c_ms=0.04237 ecn_mark=974 drop=0
[QUEUE_STATS] t_ms=13168 q_pkts=2 q_bytes=3008 qdelay_l_ms=1.10352 qdelay_c_ms=0 ecn_mark=977 drop=0
[QUEUE_STATS] t_ms=13184 q_pkts=5 q_bytes=7520 qdelay_l_ms=1.07942 qdelay_c_ms=1.06948 ecn_mark=978 drop=0
[QUEUE_STATS] t_ms=13200 q_pkts=4 q_bytes=6016 qdelay_l_ms=1.08509 qdelay_c_ms=1.06902 ecn_mark=980 drop=0
[QUEUE_STATS] t_ms=13216 q_pkts=3 q_bytes=4512 qdelay_l_ms=1.05715 qdelay_c_ms=1.08258 ecn_mark=980 drop=0
[QUEUE_STATS] t_ms=13232 q_pkts=4 q_bytes=6016 qdelay_l_ms=1.09962 qdelay_c_ms=1.09192 ecn_mark=981 drop=0
[QUEUE_STATS] t_ms=13248 q_pkts=3 q_bytes=4512 qdelay_l_ms=1.05723 qdelay_c_ms=1.08435 ecn_mark=981 drop=0
[QUEUE_STATS] t_ms=13264 q_pkts=4 q_bytes=6016 qdelay_l_ms=0.955156 qdelay_c_ms=0.94694 ecn_mark=982 drop=0
[QUEUE_STATS] t_ms=13280 q_pkts=2 q_bytes=3008 qdelay_l_ms=0.046247 qdelay_c_ms=0.03699 ecn_mark=982 drop=0
[QUEUE_STATS] t_ms=13296 q_pkts=4 q_bytes=6016 qdelay_l_ms=0.867761 qdelay_c_ms=0.861108 ecn_mark=984 drop=0
[QUEUE_STATS] t_ms=13312 q_pkts=4 q_bytes=6016 qdelay_l_ms=1.10949 qdelay_c_ms=1.09988 ecn_mark=984 drop=0
[QUEUE_STATS] t_ms=13328 q_pkts=1 q_bytes=1504 qdelay_l_ms=0.950276 qdelay_c_ms=0 ecn_mark=984 drop=0
[QUEUE_STATS] t_ms=13344 q_pkts=4 q_bytes=6016 qdelay_l_ms=1.09682 qdelay_c_ms=1.0884 ecn_mark=984 drop=0
[QUEUE_STATS] t_ms=13360 q_pkts=1 q_bytes=1504 qdelay_l_ms=1.09538 qdelay_c_ms=0 ecn_mark=984 drop=0
[QUEUE_STATS] t_ms=13376 q_pkts=3 q_bytes=4512 qdelay_l_ms=1.11081 qdelay_c_ms=1.10121 ecn_mark=984 drop=0
[QUEUE_STATS] t_ms=13392 q_pkts=4 q_bytes=6016 qdelay_l_ms=1.07602 qdelay_c_ms=1.11116 ecn_mark=984 drop=0
[QUEUE_STATS] t_ms=13408 q_pkts=4 q_bytes=6016 qdelay_l_ms=0.816525 qdelay_c_ms=0.80855 ecn_mark=985 drop=0
[QUEUE_STATS] t_ms=13424 q_pkts=3 q_bytes=4512 qdelay_l_ms=1.09891 qdelay_c_ms=1.10936 ecn_mark=985 drop=0
[QUEUE_STATS] t_ms=13440 q_pkts=2 q_bytes=3008 qdelay_l_ms=1.0986 qdelay_c_ms=0 ecn_mark=985 drop=0
[QUEUE_STATS] t_ms=13457 q_pkts=2 q_bytes=3008 qdelay_l_ms=1.10901 qdelay_c_ms=0 ecn_mark=985 drop=0
[QUEUE_STATS] t_ms=13472 q_pkts=0 q_bytes=0 qdelay_l_ms=0 qdelay_c_ms=0 ecn_mark=986 drop=0
[QUEUE_STATS] t_ms=13488 q_pkts=6 q_bytes=9024 qdelay_l_ms=1.12955 qdelay_c_ms=1.12207 ecn_mark=986 drop=0
[QUEUE_STATS] t_ms=13504 q_pkts=4 q_bytes=6016 qdelay_l_ms=1.0628 qdelay_c_ms=1.09754 ecn_mark=987 drop=0
[QUEUE_STATS] t_ms=13520 q_pkts=4 q_bytes=6016 qdelay_l_ms=0.654881 qdelay_c_ms=1.76573 ecn_mark=987 drop=0
[QUEUE_STATS] t_ms=13536 q_pkts=4 q_bytes=6016 qdelay_l_ms=0.777791 qdelay_c_ms=0.769756 ecn_mark=987 drop=0
[QUEUE_STATS] t_ms=13552 q_pkts=5 q_bytes=7520 qdelay_l_ms=0.708692 qdelay_c_ms=0.748887 ecn_mark=987 drop=0
[QUEUE_STATS] t_ms=13568 q_pkts=4 q_bytes=6016 qdelay_l_ms=1.06237 qdelay_c_ms=1.10055 ecn_mark=987 drop=0
[QUEUE_STATS] t_ms=13584 q_pkts=1 q_bytes=1504 qdelay_l_ms=0.813449 qdelay_c_ms=0 ecn_mark=987 drop=0
[QUEUE_STATS] t_ms=13600 q_pkts=3 q_bytes=4512 qdelay_l_ms=1.09871 qdelay_c_ms=2.13972 ecn_mark=988 drop=0
[QUEUE_STATS] t_ms=13616 q_pkts=6 q_bytes=9024 qdelay_l_ms=1.09491 qdelay_c_ms=1.12758 ecn_mark=991 drop=0
[QUEUE_STATS] t_ms=13632 q_pkts=3 q_bytes=4512 qdelay_l_ms=1.06609 qdelay_c_ms=1.09313 ecn_mark=992 drop=0
[QUEUE_STATS] t_ms=13648 q_pkts=6 q_bytes=9024 qdelay_l_ms=1.06778 qdelay_c_ms=1.11873 ecn_mark=993 drop=0
[QUEUE_STATS] t_ms=13664 q_pkts=4 q_bytes=6016 qdelay_l_ms=0.687793 qdelay_c_ms=0.678866 ecn_mark=994 drop=0
[QUEUE_STATS] t_ms=13680 q_pkts=4 q_bytes=6016 qdelay_l_ms=1.05196 qdelay_c_ms=1.09075 ecn_mark=995 drop=0
[QUEUE_STATS] t_ms=13696 q_pkts=5 q_bytes=7520 qdelay_l_ms=1.0482 qdelay_c_ms=2.47774 ecn_mark=996 drop=0
[QUEUE_STATS] t_ms=13712 q_pkts=6 q_bytes=9024 qdelay_l_ms=1.13922 qdelay_c_ms=1.13101 ecn_mark=996 drop=0
[QUEUE_STATS] t_ms=13728 q_pkts=3 q_bytes=4512 qdelay_l_ms=0.711097 qdelay_c_ms=0.746844 ecn_mark=997 drop=0
[QUEUE_STATS] t_ms=13744 q_pkts=4 q_bytes=6016 qdelay_l_ms=1.03242 qdelay_c_ms=2.19604 ecn_mark=998 drop=0
[QUEUE_STATS] t_ms=13760 q_pkts=4 q_bytes=6016 qdelay_l_ms=1.08209 qdelay_c_ms=1.07514 ecn_mark=1000 drop=0
[QUEUE_STATS] t_ms=13776 q_pkts=4 q_bytes=6016 qdelay_l_ms=1.11328 qdelay_c_ms=2.13199 ecn_mark=1001 drop=0
[QUEUE_STATS] t_ms=13792 q_pkts=6 q_bytes=9024 qdelay_l_ms=0.844397 qdelay_c_ms=1.96053 ecn_mark=1002 drop=0
[QUEUE_STATS] t_ms=13808 q_pkts=4 q_bytes=6016 qdelay_l_ms=1.10414 qdelay_c_ms=1.09504 ecn_mark=1002 drop=0
[QUEUE_STATS] t_ms=13824 q_pkts=3 q_bytes=4512 qdelay_l_ms=1.07681 qdelay_c_ms=1.11542 ecn_mark=1002 drop=0
[QUEUE_STATS] t_ms=13840 q_pkts=4 q_bytes=6016 qdelay_l_ms=1.05304 qdelay_c_ms=1.04441 ecn_mark=1004 drop=0
[QUEUE_STATS] t_ms=13856 q_pkts=4 q_bytes=6016 qdelay_l_ms=1.06511 qdelay_c_ms=1.05814 ecn_mark=1005 drop=0
[QUEUE_STATS] t_ms=13872 q_pkts=4 q_bytes=6016 qdelay_l_ms=1.06417 qdelay_c_ms=1.05679 ecn_mark=1005 drop=0
[QUEUE_STATS] t_ms=13888 q_pkts=4 q_bytes=6016 qdelay_l_ms=1.02915 qdelay_c_ms=1.04675 ecn_mark=1007 drop=0
[QUEUE_STATS] t_ms=13904 q_pkts=4 q_bytes=6016 qdelay_l_ms=0.590891 qdelay_c_ms=1.68992 ecn_mark=1007 drop=0
[QUEUE_STATS] t_ms=13920 q_pkts=6 q_bytes=9024 qdelay_l_ms=0.84103 qdelay_c_ms=0.875996 ecn_mark=1008 drop=0
[QUEUE_STATS] t_ms=13936 q_pkts=3 q_bytes=4512 qdelay_l_ms=1.05268 qdelay_c_ms=1.06476 ecn_mark=1008 drop=0
[QUEUE_STATS] t_ms=13952 q_pkts=6 q_bytes=9024 qdelay_l_ms=1.12868 qdelay_c_ms=1.11828 ecn_mark=1009 drop=0
[QUEUE_STATS] t_ms=13968 q_pkts=6 q_bytes=9024 qdelay_l_ms=0.863433 qdelay_c_ms=0.854366 ecn_mark=1010 drop=0
[QUEUE_STATS] t_ms=13984 q_pkts=4 q_bytes=6016 qdelay_l_ms=0.543441 qdelay_c_ms=0.586172 ecn_mark=1011 drop=0
[QUEUE_STATS] t_ms=14000 q_pkts=5 q_bytes=7520 qdelay_l_ms=1.05294 qdelay_c_ms=2.1219 ecn_mark=1013 drop=0
[QUEUE_STATS] t_ms=14016 q_pkts=2 q_bytes=3008 qdelay_l_ms=0.044403 qdelay_c_ms=0.034615 ecn_mark=1014 drop=0
[QUEUE_STATS] t_ms=14032 q_pkts=4 q_bytes=6016 qdelay_l_ms=1.11034 qdelay_c_ms=1.09969 ecn_mark=1015 drop=0
[QUEUE_STATS] t_ms=14048 q_pkts=4 q_bytes=6016 qdelay_l_ms=1.10953 qdelay_c_ms=2.18023 ecn_mark=1017 drop=0
[QUEUE_STATS] t_ms=14064 q_pkts=4 q_bytes=6016 qdelay_l_ms=1.07283 qdelay_c_ms=1.10795 ecn_mark=1019 drop=0
[QUEUE_STATS] t_ms=14080 q_pkts=5 q_bytes=7520 qdelay_l_ms=1.11458 qdelay_c_ms=1.74702 ecn_mark=1021 drop=0
[QUEUE_STATS] t_ms=14096 q_pkts=3 q_bytes=4512 qdelay_l_ms=0.747034 qdelay_c_ms=0.736504 ecn_mark=1021 drop=0
[QUEUE_STATS] t_ms=14112 q_pkts=2 q_bytes=3008 qdelay_l_ms=1.03669 qdelay_c_ms=0 ecn_mark=1023 drop=0
[QUEUE_STATS] t_ms=14128 q_pkts=6 q_bytes=9024 qdelay_l_ms=1.03762 qdelay_c_ms=1.07482 ecn_mark=1023 drop=0
[QUEUE_STATS] t_ms=14144 q_pkts=4 q_bytes=6016 qdelay_l_ms=0.696189 qdelay_c_ms=1.77873 ecn_mark=1023 drop=0
[QUEUE_STATS] t_ms=14160 q_pkts=5 q_bytes=7520 qdelay_l_ms=1.07298 qdelay_c_ms=2.13719 ecn_mark=1023 drop=0
[QUEUE_STATS] t_ms=14176 q_pkts=2 q_bytes=3008 qdelay_l_ms=1.10862 qdelay_c_ms=1.09939 ecn_mark=1025 drop=0
[QUEUE_STATS] t_ms=14192 q_pkts=3 q_bytes=4512 qdelay_l_ms=1.07218 qdelay_c_ms=1.10265 ecn_mark=1025 drop=0
[QUEUE_STATS] t_ms=14208 q_pkts=4 q_bytes=6016 qdelay_l_ms=0.54829 qdelay_c_ms=0.566655 ecn_mark=1025 drop=0
[QUEUE_STATS] t_ms=14224 q_pkts=2 q_bytes=3008 qdelay_l_ms=0.049473 qdelay_c_ms=0.038272 ecn_mark=1026 drop=0
[QUEUE_STATS] t_ms=14240 q_pkts=4 q_bytes=6016 qdelay_l_ms=1.05851 qdelay_c_ms=1.04958 ecn_mark=1027 drop=0
[QUEUE_STATS] t_ms=14256 q_pkts=4 q_bytes=6016 qdelay_l_ms=1.06248 qdelay_c_ms=1.05462 ecn_mark=1027 drop=0
[QUEUE_STATS] t_ms=14272 q_pkts=3 q_bytes=4512 qdelay_l_ms=1.08183 qdelay_c_ms=1.08828 ecn_mark=1027 drop=0
[QUEUE_STATS] t_ms=14288 q_pkts=4 q_bytes=6016 qdelay_l_ms=1.107 qdelay_c_ms=1.75125 ecn_mark=1028 drop=0
[QUEUE_STATS] t_ms=14304 q_pkts=4 q_bytes=6016 qdelay_l_ms=1.11554 qdelay_c_ms=1.10507 ecn_mark=1029 drop=0
[QUEUE_STATS] t_ms=14320 q_pkts=2 q_bytes=3008 qdelay_l_ms=1.06668 qdelay_c_ms=1.05988 ecn_mark=1029 drop=0
[QUEUE_STATS] t_ms=14336 q_pkts=4 q_bytes=6016 qdelay_l_ms=1.10927 qdelay_c_ms=1.10113 ecn_mark=1030 drop=0
[QUEUE_STATS] t_ms=14352 q_pkts=4 q_bytes=6016 qdelay_l_ms=1.07811 qdelay_c_ms=1.07187 ecn_mark=1030 drop=0
[QUEUE_STATS] t_ms=14368 q_pkts=3 q_bytes=4512 qdelay_l_ms=1.07139 qdelay_c_ms=1.05426 ecn_mark=1032 drop=0
[QUEUE_STATS] t_ms=14384 q_pkts=3 q_bytes=4512 qdelay_l_ms=1.10147 qdelay_c_ms=1.10962 ecn_mark=1033 drop=0
[QUEUE_STATS] t_ms=14400 q_pkts=3 q_bytes=4512 qdelay_l_ms=1.0851 qdelay_c_ms=1.09164 ecn_mark=1035 drop=0
[QUEUE_STATS] t_ms=14416 q_pkts=4 q_bytes=6016 qdelay_l_ms=1.07771 qdelay_c_ms=1.05192 ecn_mark=1035 drop=0
[QUEUE_STATS] t_ms=14432 q_pkts=4 q_bytes=6016 qdelay_l_ms=1.08121 qdelay_c_ms=1.11581 ecn_mark=1036 drop=0
[QUEUE_STATS] t_ms=14448 q_pkts=3 q_bytes=4512 qdelay_l_ms=0.570983 qdelay_c_ms=0.561395 ecn_mark=1036 drop=0
[QUEUE_STATS] t_ms=14464 q_pkts=2 q_bytes=3008 qdelay_l_ms=1.10733 qdelay_c_ms=0 ecn_mark=1037 drop=0
[QUEUE_STATS] t_ms=14480 q_pkts=4 q_bytes=6016 qdelay_l_ms=1.05415 qdelay_c_ms=1.08262 ecn_mark=1038 drop=0
[QUEUE_STATS] t_ms=14496 q_pkts=3 q_bytes=4512 qdelay_l_ms=1.09797 qdelay_c_ms=1.09023 ecn_mark=1039 drop=0
[QUEUE_STATS] t_ms=14512 q_pkts=2 q_bytes=3008 qdelay_l_ms=0.867129 qdelay_c_ms=0 ecn_mark=1039 drop=0
[QUEUE_STATS] t_ms=14528 q_pkts=2 q_bytes=3008 qdelay_l_ms=1.08786 qdelay_c_ms=1.09753 ecn_mark=1040 drop=0
[QUEUE_STATS] t_ms=14544 q_pkts=2 q_bytes=3008 qdelay_l_ms=1.10692 qdelay_c_ms=0 ecn_mark=1040 drop=0
[QUEUE_STATS] t_ms=14560 q_pkts=6 q_bytes=9024 qdelay_l_ms=1.12353 qdelay_c_ms=1.09692 ecn_mark=1040 drop=0
[QUEUE_STATS] t_ms=14576 q_pkts=3 q_bytes=4512 qdelay_l_ms=1.0996 qdelay_c_ms=1.10975 ecn_mark=1040 drop=0
[QUEUE_STATS] t_ms=14592 q_pkts=2 q_bytes=3008 qdelay_l_ms=1.07241 qdelay_c_ms=1.06669 ecn_mark=1040 drop=0
[QUEUE_STATS] t_ms=14608 q_pkts=5 q_bytes=7520 qdelay_l_ms=0.561556 qdelay_c_ms=1.59601 ecn_mark=1042 drop=0
[QUEUE_STATS] t_ms=14624 q_pkts=3 q_bytes=4512 qdelay_l_ms=1.08237 qdelay_c_ms=1.0763 ecn_mark=1045 drop=0
[QUEUE_STATS] t_ms=14640 q_pkts=2 q_bytes=3008 qdelay_l_ms=0.565052 qdelay_c_ms=0 ecn_mark=1045 drop=0
[QUEUE_STATS] t_ms=14657 q_pkts=2 q_bytes=3008 qdelay_l_ms=1.06867 qdelay_c_ms=0 ecn_mark=1045 drop=0
[QUEUE_STATS] t_ms=14672 q_pkts=6 q_bytes=9024 qdelay_l_ms=1.11365 qdelay_c_ms=1.10307 ecn_mark=1048 drop=0
[QUEUE_STATS] t_ms=14688 q_pkts=4 q_bytes=6016 qdelay_l_ms=1.10853 qdelay_c_ms=1.09787 ecn_mark=1050 drop=0
[QUEUE_STATS] t_ms=14704 q_pkts=2 q_bytes=3008 qdelay_l_ms=1.11434 qdelay_c_ms=0 ecn_mark=1051 drop=0
[QUEUE_STATS] t_ms=14721 q_pkts=3 q_bytes=4512 qdelay_l_ms=0 qdelay_c_ms=2.14709 ecn_mark=1054 drop=0
[QUEUE_STATS] t_ms=14736 q_pkts=4 q_bytes=6016 qdelay_l_ms=0.577375 qdelay_c_ms=0.570252 ecn_mark=1055 drop=0
[QUEUE_STATS] t_ms=14753 q_pkts=4 q_bytes=6016 qdelay_l_ms=1.10221 qdelay_c_ms=1.09308 ecn_mark=1055 drop=0
[QUEUE_STATS] t_ms=14769 q_pkts=4 q_bytes=6016 qdelay_l_ms=1.11753 qdelay_c_ms=1.10751 ecn_mark=1055 drop=0
[QUEUE_STATS] t_ms=14784 q_pkts=3 q_bytes=4512 qdelay_l_ms=1.09299 qdelay_c_ms=1.08292 ecn_mark=1055 drop=0
[QUEUE_STATS] t_ms=14800 q_pkts=2 q_bytes=3008 qdelay_l_ms=1.09484 qdelay_c_ms=0 ecn_mark=1055 drop=0
[QUEUE_STATS] t_ms=14816 q_pkts=2 q_bytes=3008 qdelay_l_ms=0.04255 qdelay_c_ms=0.032391 ecn_mark=1055 drop=0
[QUEUE_STATS] t_ms=14832 q_pkts=1 q_bytes=1504 qdelay_l_ms=1.10675 qdelay_c_ms=0 ecn_mark=1058 drop=0
[QUEUE_STATS] t_ms=14849 q_pkts=4 q_bytes=6016 qdelay_l_ms=1.10106 qdelay_c_ms=1.09118 ecn_mark=1059 drop=0
[QUEUE_STATS] t_ms=14864 q_pkts=6 q_bytes=9024 qdelay_l_ms=1.08992 qdelay_c_ms=1.08076 ecn_mark=1060 drop=0
[QUEUE_STATS] t_ms=14881 q_pkts=4 q_bytes=6016 qdelay_l_ms=1.11772 qdelay_c_ms=1.10593 ecn_mark=1060 drop=0
[QUEUE_STATS] t_ms=14896 q_pkts=6 q_bytes=9024 qdelay_l_ms=1.07163 qdelay_c_ms=1.06437 ecn_mark=1060 drop=0
[QUEUE_STATS] t_ms=14913 q_pkts=3 q_bytes=4512 qdelay_l_ms=1.08465 qdelay_c_ms=1.07444 ecn_mark=1060 drop=0
[QUEUE_STATS] t_ms=14928 q_pkts=3 q_bytes=4512 qdelay_l_ms=1.1101 qdelay_c_ms=1.10211 ecn_mark=1064 drop=0
[QUEUE_STATS] t_ms=14944 q_pkts=4 q_bytes=6016 qdelay_l_ms=1.09386 qdelay_c_ms=1.86287 ecn_mark=1065 drop=0
[QUEUE_STATS] t_ms=14960 q_pkts=4 q_bytes=6016 qdelay_l_ms=1.07878 qdelay_c_ms=1.06977 ecn_mark=1065 drop=0
[QUEUE_STATS] t_ms=14976 q_pkts=4 q_bytes=6016 qdelay_l_ms=1.11856 qdelay_c_ms=1.10816 ecn_mark=1066 drop=0
[QUEUE_STATS] t_ms=14992 q_pkts=2 q_bytes=3008 qdelay_l_ms=1.07872 qdelay_c_ms=0 ecn_mark=1066 drop=0
[QUEUE_STATS] t_ms=15008 q_pkts=5 q_bytes=7520 qdelay_l_ms=1.09489 qdelay_c_ms=1.08368 ecn_mark=1067 drop=0
[QUEUE_STATS] t_ms=15024 q_pkts=5 q_bytes=7520 qdelay_l_ms=1.11039 qdelay_c_ms=1.60575 ecn_mark=1068 drop=0
[QUEUE_STATS] t_ms=15041 q_pkts=4 q_bytes=6016 qdelay_l_ms=1.08285 qdelay_c_ms=1.11719 ecn_mark=1072 drop=0
[QUEUE_STATS] t_ms=15056 q_pkts=4 q_bytes=6016 qdelay_l_ms=1.08969 qdelay_c_ms=1.08274 ecn_mark=1073 drop=0
[QUEUE_STATS] t_ms=15072 q_pkts=4 q_bytes=6016 qdelay_l_ms=1.07655 qdelay_c_ms=1.06651 ecn_mark=1075 drop=0
[QUEUE_STATS] t_ms=15088 q_pkts=4 q_bytes=6016 qdelay_l_ms=1.10679 qdelay_c_ms=1.09951 ecn_mark=1075 drop=0
[QUEUE_STATS] t_ms=15104 q_pkts=2 q_bytes=3008 qdelay_l_ms=1.0803 qdelay_c_ms=0 ecn_mark=1078 drop=0
[QUEUE_STATS] t_ms=15120 q_pkts=0 q_bytes=0 qdelay_l_ms=0 qdelay_c_ms=0 ecn_mark=1079 drop=0
[QUEUE_STATS] t_ms=15136 q_pkts=4 q_bytes=6016 qdelay_l_ms=1.07867 qdelay_c_ms=1.07136 ecn_mark=1080 drop=0
[QUEUE_STATS] t_ms=15152 q_pkts=3 q_bytes=4512 qdelay_l_ms=1.07844 qdelay_c_ms=1.06811 ecn_mark=1082 drop=0
[QUEUE_STATS] t_ms=15168 q_pkts=4 q_bytes=6016 qdelay_l_ms=1.07993 qdelay_c_ms=1.07071 ecn_mark=1082 drop=0
[QUEUE_STATS] t_ms=15184 q_pkts=4 q_bytes=6016 qdelay_l_ms=1.11389 qdelay_c_ms=1.10518 ecn_mark=1083 drop=0
[QUEUE_STATS] t_ms=15200 q_pkts=4 q_bytes=6016 qdelay_l_ms=1.06283 qdelay_c_ms=1.05608 ecn_mark=1086 drop=0
[QUEUE_STATS] t_ms=15216 q_pkts=4 q_bytes=6016 qdelay_l_ms=1.08687 qdelay_c_ms=1.07881 ecn_mark=1086 drop=0
[QUEUE_STATS] t_ms=15232 q_pkts=2 q_bytes=3008 qdelay_l_ms=1.07509 qdelay_c_ms=0 ecn_mark=1086 drop=0
[QUEUE_STATS] t_ms=15248 q_pkts=2 q_bytes=3008 qdelay_l_ms=1.09262 qdelay_c_ms=0 ecn_mark=1087 drop=0
[QUEUE_STATS] t_ms=15264 q_pkts=3 q_bytes=4512 qdelay_l_ms=1.11711 qdelay_c_ms=1.10631 ecn_mark=1087 drop=0
[QUEUE_STATS] t_ms=15280 q_pkts=4 q_bytes=6016 qdelay_l_ms=1.07389 qdelay_c_ms=1.06504 ecn_mark=1087 drop=0
[QUEUE_STATS] t_ms=15296 q_pkts=3 q_bytes=4512 qdelay_l_ms=1.07453 qdelay_c_ms=1.06543 ecn_mark=1090 drop=0
[QUEUE_STATS] t_ms=15312 q_pkts=4 q_bytes=6016 qdelay_l_ms=1.07218 qdelay_c_ms=1.06597 ecn_mark=1094 drop=0
[QUEUE_STATS] t_ms=15328 q_pkts=4 q_bytes=6016 qdelay_l_ms=1.04203 qdelay_c_ms=1.07789 ecn_mark=1094 drop=0
[QUEUE_STATS] t_ms=15344 q_pkts=6 q_bytes=9024 qdelay_l_ms=1.13268 qdelay_c_ms=1.12279 ecn_mark=1094 drop=0
[QUEUE_STATS] t_ms=15361 q_pkts=4 q_bytes=6016 qdelay_l_ms=1.09618 qdelay_c_ms=1.08872 ecn_mark=1095 drop=0
[QUEUE_STATS] t_ms=15377 q_pkts=3 q_bytes=4512 qdelay_l_ms=1.06575 qdelay_c_ms=1.05523 ecn_mark=1096 drop=0
[QUEUE_STATS] t_ms=15392 q_pkts=5 q_bytes=7520 qdelay_l_ms=1.0902 qdelay_c_ms=2.09258 ecn_mark=1096 drop=0
[QUEUE_STATS] t_ms=15408 q_pkts=4 q_bytes=6016 qdelay_l_ms=1.07542 qdelay_c_ms=1.0662 ecn_mark=1096 drop=0
[QUEUE_STATS] t_ms=15424 q_pkts=1 q_bytes=1504 qdelay_l_ms=1.08071 qdelay_c_ms=0 ecn_mark=1096 drop=0
[QUEUE_STATS] t_ms=15440 q_pkts=2 q_bytes=3008 qdelay_l_ms=1.09901 qdelay_c_ms=0 ecn_mark=1097 drop=0
[QUEUE_STATS] t_ms=15456 q_pkts=2 q_bytes=3008 qdelay_l_ms=0.059491 qdelay_c_ms=0.049382 ecn_mark=1098 drop=0
[QUEUE_STATS] t_ms=15472 q_pkts=4 q_bytes=6016 qdelay_l_ms=1.08279 qdelay_c_ms=1.07584 ecn_mark=1098 drop=0
[QUEUE_STATS] t_ms=15488 q_pkts=4 q_bytes=6016 qdelay_l_ms=1.06282 qdelay_c_ms=1.05251 ecn_mark=1098 drop=0
[QUEUE_STATS] t_ms=15504 q_pkts=5 q_bytes=7520 qdelay_l_ms=0.823418 qdelay_c_ms=1.91545 ecn_mark=1098 drop=0
[QUEUE_STATS] t_ms=15520 q_pkts=3 q_bytes=4512 qdelay_l_ms=0.884723 qdelay_c_ms=0.874243 ecn_mark=1099 drop=0
[QUEUE_STATS] t_ms=15536 q_pkts=3 q_bytes=4512 qdelay_l_ms=1.07856 qdelay_c_ms=1.06836 ecn_mark=1100 drop=0
[QUEUE_STATS] t_ms=15552 q_pkts=4 q_bytes=6016 qdelay_l_ms=1.11359 qdelay_c_ms=1.1039 ecn_mark=1101 drop=0
[QUEUE_STATS] t_ms=15568 q_pkts=4 q_bytes=6016 qdelay_l_ms=1.07427 qdelay_c_ms=1.06722 ecn_mark=1102 drop=0
[QUEUE_STATS] t_ms=15584 q_pkts=1 q_bytes=1504 qdelay_l_ms=1.0873 qdelay_c_ms=0 ecn_mark=1102 drop=0
[QUEUE_STATS] t_ms=15600 q_pkts=6 q_bytes=9024 qdelay_l_ms=1.05615 qdelay_c_ms=1.04616 ecn_mark=1102 drop=0
[QUEUE_STATS] t_ms=15617 q_pkts=3 q_bytes=4512 qdelay_l_ms=1.08396 qdelay_c_ms=1.0764 ecn_mark=1103 drop=0
[QUEUE_STATS] t_ms=15632 q_pkts=6 q_bytes=9024 qdelay_l_ms=1.05484 qdelay_c_ms=1.04682 ecn_mark=1106 drop=0
[QUEUE_STATS] t_ms=15648 q_pkts=6 q_bytes=9024 qdelay_l_ms=1.07394 qdelay_c_ms=2.08263 ecn_mark=1106 drop=0
[QUEUE_STATS] t_ms=15664 q_pkts=4 q_bytes=6016 qdelay_l_ms=0.822405 qdelay_c_ms=0.813248 ecn_mark=1108 drop=0
[QUEUE_STATS] t_ms=15681 q_pkts=4 q_bytes=6016 qdelay_l_ms=1.10716 qdelay_c_ms=1.0993 ecn_mark=1110 drop=0
[QUEUE_STATS] t_ms=15696 q_pkts=3 q_bytes=4512 qdelay_l_ms=1.08289 qdelay_c_ms=1.07294 ecn_mark=1111 drop=0
[QUEUE_STATS] t_ms=15712 q_pkts=4 q_bytes=6016 qdelay_l_ms=1.0201 qdelay_c_ms=1.05775 ecn_mark=1112 drop=0
[QUEUE_STATS] t_ms=15728 q_pkts=5 q_bytes=7520 qdelay_l_ms=1.1152 qdelay_c_ms=1.86454 ecn_mark=1113 drop=0
[QUEUE_STATS] t_ms=15745 q_pkts=4 q_bytes=6016 qdelay_l_ms=1.12598 qdelay_c_ms=1.11586 ecn_mark=1113 drop=0
[QUEUE_STATS] t_ms=15760 q_pkts=5 q_bytes=7520 qdelay_l_ms=1.06487 qdelay_c_ms=1.05536 ecn_mark=1113 drop=0
[QUEUE_STATS] t_ms=15776 q_pkts=4 q_bytes=6016 qdelay_l_ms=1.06566 qdelay_c_ms=1.05543 ecn_mark=1113 drop=0
[QUEUE_STATS] t_ms=15792 q_pkts=4 q_bytes=6016 qdelay_l_ms=1.11128 qdelay_c_ms=1.1027 ecn_mark=1113 drop=0
[QUEUE_STATS] t_ms=15808 q_pkts=0 q_bytes=0 qdelay_l_ms=0 qdelay_c_ms=0 ecn_mark=1113 drop=0
[QUEUE_STATS] t_ms=15824 q_pkts=2 q_bytes=3008 qdelay_l_ms=0.796998 qdelay_c_ms=0 ecn_mark=1114 drop=0
[QUEUE_STATS] t_ms=15840 q_pkts=4 q_bytes=6016 qdelay_l_ms=1.03506 qdelay_c_ms=1.02411 ecn_mark=1114 drop=0
[QUEUE_STATS] t_ms=15856 q_pkts=4 q_bytes=6016 qdelay_l_ms=1.11838 qdelay_c_ms=1.10849 ecn_mark=1116 drop=0
[QUEUE_STATS] t_ms=15872 q_pkts=6 q_bytes=9024 qdelay_l_ms=1.05654 qdelay_c_ms=1.04751 ecn_mark=1118 drop=0
[QUEUE_STATS] t_ms=15888 q_pkts=2 q_bytes=3008 qdelay_l_ms=1.06463 qdelay_c_ms=0 ecn_mark=1118 drop=0
[QUEUE_STATS] t_ms=15904 q_pkts=4 q_bytes=6016 qdelay_l_ms=1.09895 qdelay_c_ms=2.13328 ecn_mark=1119 drop=0
[QUEUE_STATS] t_ms=15920 q_pkts=1 q_bytes=1504 qdelay_l_ms=1.05767 qdelay_c_ms=0 ecn_mark=1119 drop=0
[QUEUE_STATS] t_ms=15937 q_pkts=4 q_bytes=6016 qdelay_l_ms=1.11883 qdelay_c_ms=1.10716 ecn_mark=1120 drop=0
[QUEUE_STATS] t_ms=15953 q_pkts=4 q_bytes=6016 qdelay_l_ms=1.12089 qdelay_c_ms=1.10943 ecn_mark=1120 drop=0
[QUEUE_STATS] t_ms=15968 q_pkts=6 q_bytes=9024 qdelay_l_ms=1.00802 qdelay_c_ms=1.04288 ecn_mark=1121 drop=0
[QUEUE_STATS] t_ms=15984 q_pkts=6 q_bytes=9024 qdelay_l_ms=1.02832 qdelay_c_ms=1.05971 ecn_mark=1122 drop=0
[QUEUE_STATS] t_ms=16000 q_pkts=4 q_bytes=6016 qdelay_l_ms=1.12106 qdelay_c_ms=1.11168 ecn_mark=1124 drop=0
[QUEUE_STATS] t_ms=16016 q_pkts=2 q_bytes=3008 qdelay_l_ms=1.04534 qdelay_c_ms=0 ecn_mark=1126 drop=0
[QUEUE_STATS] t_ms=16032 q_pkts=4 q_bytes=6016 qdelay_l_ms=1.04398 qdelay_c_ms=2.01622 ecn_mark=1127 drop=0
[QUEUE_STATS] t_ms=16048 q_pkts=2 q_bytes=3008 qdelay_l_ms=0 qdelay_c_ms=1.0446 ecn_mark=1130 drop=0
[QUEUE_STATS] t_ms=16064 q_pkts=5 q_bytes=7520 qdelay_l_ms=1.04486 qdelay_c_ms=1.03453 ecn_mark=1132 drop=0
[QUEUE_STATS] t_ms=16080 q_pkts=4 q_bytes=6016 qdelay_l_ms=1.13253 qdelay_c_ms=1.12164 ecn_mark=1135 drop=0
[QUEUE_STATS] t_ms=16096 q_pkts=7 q_bytes=10528 qdelay_l_ms=1.05407 qdelay_c_ms=1.56262 ecn_mark=1135 drop=0
[QUEUE_STATS] t_ms=16112 q_pkts=3 q_bytes=4512 qdelay_l_ms=0.045376 qdelay_c_ms=1.11251 ecn_mark=1135 drop=0
[QUEUE_STATS] t_ms=16128 q_pkts=4 q_bytes=6016 qdelay_l_ms=1.11224 qdelay_c_ms=1.10157 ecn_mark=1138 drop=0
[QUEUE_STATS] t_ms=16144 q_pkts=5 q_bytes=7520 qdelay_l_ms=1.0613 qdelay_c_ms=2.06523 ecn_mark=1139 drop=0
[QUEUE_STATS] t_ms=16160 q_pkts=4 q_bytes=6016 qdelay_l_ms=1.11324 qdelay_c_ms=1.10309 ecn_mark=1139 drop=0
[QUEUE_STATS] t_ms=16176 q_pkts=4 q_bytes=6016 qdelay_l_ms=1.03397 qdelay_c_ms=1.02416 ecn_mark=1142 drop=0
[QUEUE_STATS] t_ms=16192 q_pkts=2 q_bytes=3008 qdelay_l_ms=0.046337 qdelay_c_ms=0.035988 ecn_mark=1142 drop=0
[QUEUE_STATS] t_ms=16208 q_pkts=2 q_bytes=3008 qdelay_l_ms=0.047539 qdelay_c_ms=0.036889 ecn_mark=1142 drop=0
[QUEUE_STATS] t_ms=16224 q_pkts=5 q_bytes=7520 qdelay_l_ms=1.08851 qdelay_c_ms=1.0779 ecn_mark=1144 drop=0
[QUEUE_STATS] t_ms=16240 q_pkts=5 q_bytes=7520 qdelay_l_ms=1.11301 qdelay_c_ms=1.90223 ecn_mark=1144 drop=0
[QUEUE_STATS] t_ms=16256 q_pkts=2 q_bytes=3008 qdelay_l_ms=1.11408 qdelay_c_ms=0 ecn_mark=1144 drop=0
[QUEUE_STATS] t_ms=16272 q_pkts=3 q_bytes=4512 qdelay_l_ms=1.0867 qdelay_c_ms=1.07959 ecn_mark=1145 drop=0
[QUEUE_STATS] t_ms=16288 q_pkts=7 q_bytes=10528 qdelay_l_ms=1.10703 qdelay_c_ms=2.13017 ecn_mark=1146 drop=0
[QUEUE_STATS] t_ms=16305 q_pkts=5 q_bytes=7520 qdelay_l_ms=1.1375 qdelay_c_ms=2.11626 ecn_mark=1146 drop=0
[QUEUE_STATS] t_ms=16320 q_pkts=5 q_bytes=7520 qdelay_l_ms=1.06099 qdelay_c_ms=2.15724 ecn_mark=1146 drop=0
[QUEUE_STATS] t_ms=16336 q_pkts=3 q_bytes=4512 qdelay_l_ms=0.022883 qdelay_c_ms=1.15391 ecn_mark=1147 drop=0
[QUEUE_STATS] t_ms=16352 q_pkts=3 q_bytes=4512 qdelay_l_ms=1.1156 qdelay_c_ms=1.10451 ecn_mark=1148 drop=0
[QUEUE_STATS] t_ms=16368 q_pkts=5 q_bytes=7520 qdelay_l_ms=1.04729 qdelay_c_ms=2.05428 ecn_mark=1148 drop=0
[QUEUE_STATS] t_ms=16384 q_pkts=5 q_bytes=7520 qdelay_l_ms=0.76122 qdelay_c_ms=1.88315 ecn_mark=1149 drop=0
[QUEUE_STATS] t_ms=16400 q_pkts=4 q_bytes=6016 qdelay_l_ms=1.11502 qdelay_c_ms=1.10495 ecn_mark=1150 drop=0
[QUEUE_STATS] t_ms=16416 q_pkts=4 q_bytes=6016 qdelay_l_ms=1.06879 qdelay_c_ms=1.0614 ecn_mark=1150 drop=0
[QUEUE_STATS] t_ms=16432 q_pkts=4 q_bytes=6016 qdelay_l_ms=1.05625 qdelay_c_ms=1.04523 ecn_mark=1150 drop=0
[QUEUE_STATS] t_ms=16448 q_pkts=4 q_bytes=6016 qdelay_l_ms=1.04056 qdelay_c_ms=1.02948 ecn_mark=1150 drop=0
[QUEUE_STATS] t_ms=16464 q_pkts=4 q_bytes=6016 qdelay_l_ms=0.918006 qdelay_c_ms=0.89889 ecn_mark=1150 drop=0
[QUEUE_STATS] t_ms=16480 q_pkts=4 q_bytes=6016 qdelay_l_ms=1.04496 qdelay_c_ms=1.03435 ecn_mark=1150 drop=0
[QUEUE_STATS] t_ms=16496 q_pkts=4 q_bytes=6016 qdelay_l_ms=1.02459 qdelay_c_ms=1.01683 ecn_mark=1151 drop=0
[QUEUE_STATS] t_ms=16512 q_pkts=4 q_bytes=6016 qdelay_l_ms=1.04872 qdelay_c_ms=1.04055 ecn_mark=1151 drop=0
[QUEUE_STATS] t_ms=16528 q_pkts=4 q_bytes=6016 qdelay_l_ms=1.08828 qdelay_c_ms=1.08231 ecn_mark=1153 drop=0
[QUEUE_STATS] t_ms=16544 q_pkts=4 q_bytes=6016 qdelay_l_ms=1.01953 qdelay_c_ms=1.00782 ecn_mark=1156 drop=0
[QUEUE_STATS] t_ms=16560 q_pkts=5 q_bytes=7520 qdelay_l_ms=1.08752 qdelay_c_ms=2.1242 ecn_mark=1157 drop=0
[QUEUE_STATS] t_ms=16576 q_pkts=4 q_bytes=6016 qdelay_l_ms=1.04901 qdelay_c_ms=1.04042 ecn_mark=1158 drop=0
[QUEUE_STATS] t_ms=16592 q_pkts=6 q_bytes=9024 qdelay_l_ms=1.03879 qdelay_c_ms=1.03194 ecn_mark=1159 drop=0
[QUEUE_STATS] t_ms=16608 q_pkts=6 q_bytes=9024 qdelay_l_ms=0.906284 qdelay_c_ms=2.0407 ecn_mark=1161 drop=0
[QUEUE_STATS] t_ms=16624 q_pkts=1 q_bytes=1504 qdelay_l_ms=0.922103 qdelay_c_ms=0 ecn_mark=1161 drop=0
[QUEUE_STATS] t_ms=16640 q_pkts=4 q_bytes=6016 qdelay_l_ms=1.027 qdelay_c_ms=1.01585 ecn_mark=1161 drop=0
[QUEUE_STATS] t_ms=16656 q_pkts=4 q_bytes=6016 qdelay_l_ms=1.12343 qdelay_c_ms=1.113 ecn_mark=1162 drop=0
[QUEUE_STATS] t_ms=16673 q_pkts=3 q_bytes=4512 qdelay_l_ms=1.0911 qdelay_c_ms=1.08407 ecn_mark=1162 drop=0
[QUEUE_STATS] t_ms=16688 q_pkts=6 q_bytes=9024 qdelay_l_ms=1.14589 qdelay_c_ms=1.1355 ecn_mark=1163 drop=0
[QUEUE_STATS] t_ms=16704 q_pkts=4 q_bytes=6016 qdelay_l_ms=1.06402 qdelay_c_ms=1.05738 ecn_mark=1163 drop=0
[QUEUE_STATS] t_ms=16720 q_pkts=6 q_bytes=9024 qdelay_l_ms=1.08022 qdelay_c_ms=1.05838 ecn_mark=1163 drop=0
[QUEUE_STATS] t_ms=16737 q_pkts=6 q_bytes=9024 qdelay_l_ms=1.14085 qdelay_c_ms=1.1307 ecn_mark=1166 drop=0
[QUEUE_STATS] t_ms=16752 q_pkts=5 q_bytes=7520 qdelay_l_ms=0 qdelay_c_ms=2.03663 ecn_mark=1170 drop=0
[QUEUE_STATS] t_ms=16768 q_pkts=4 q_bytes=6016 qdelay_l_ms=1.11471 qdelay_c_ms=1.10577 ecn_mark=1170 drop=0
[QUEUE_STATS] t_ms=16784 q_pkts=5 q_bytes=7520 qdelay_l_ms=1.02808 qdelay_c_ms=1.99207 ecn_mark=1171 drop=0
[QUEUE_STATS] t_ms=16800 q_pkts=5 q_bytes=7520 qdelay_l_ms=0.871458 qdelay_c_ms=0.861068 ecn_mark=1171 drop=0
[QUEUE_STATS] t_ms=16817 q_pkts=4 q_bytes=6016 qdelay_l_ms=1.11068 qdelay_c_ms=1.09942 ecn_mark=1174 drop=0
[QUEUE_STATS] t_ms=16832 q_pkts=6 q_bytes=9024 qdelay_l_ms=1.13479 qdelay_c_ms=1.12463 ecn_mark=1175 drop=0
[QUEUE_STATS] t_ms=16848 q_pkts=4 q_bytes=6016 qdelay_l_ms=1.0432 qdelay_c_ms=1.03337 ecn_mark=1177 drop=0
[QUEUE_STATS] t_ms=16864 q_pkts=4 q_bytes=6016 qdelay_l_ms=1.10775 qdelay_c_ms=2.06686 ecn_mark=1181 drop=0
[QUEUE_STATS] t_ms=16880 q_pkts=6 q_bytes=9024 qdelay_l_ms=1.11919 qdelay_c_ms=1.10856 ecn_mark=1181 drop=0
[QUEUE_STATS] t_ms=16896 q_pkts=6 q_bytes=9024 qdelay_l_ms=1.03919 qdelay_c_ms=1.03002 ecn_mark=1182 drop=0
[QUEUE_STATS] t_ms=16912 q_pkts=4 q_bytes=6016 qdelay_l_ms=1.03095 qdelay_c_ms=1.02099 ecn_mark=1182 drop=0
[QUEUE_STATS] t_ms=16928 q_pkts=5 q_bytes=7520 qdelay_l_ms=1.11328 qdelay_c_ms=1.97057 ecn_mark=1182 drop=0
[QUEUE_STATS] t_ms=16944 q_pkts=5 q_bytes=7520 qdelay_l_ms=1.1203 qdelay_c_ms=1.11016 ecn_mark=1183 drop=0
[QUEUE_STATS] t_ms=16960 q_pkts=4 q_bytes=6016 qdelay_l_ms=1.11747 qdelay_c_ms=1.10749 ecn_mark=1183 drop=0
[QUEUE_STATS] t_ms=16976 q_pkts=4 q_bytes=6016 qdelay_l_ms=1.02705 qdelay_c_ms=1.01644 ecn_mark=1187 drop=0
[QUEUE_STATS] t_ms=16992 q_pkts=4 q_bytes=6016 qdelay_l_ms=1.10851 qdelay_c_ms=1.09989 ecn_mark=1187 drop=0
[QUEUE_STATS] t_ms=17008 q_pkts=6 q_bytes=9024 qdelay_l_ms=1.06688 qdelay_c_ms=1.05621 ecn_mark=1187 drop=0
[QUEUE_STATS] t_ms=17024 q_pkts=6 q_bytes=9024 qdelay_l_ms=1.04009 qdelay_c_ms=1.02993 ecn_mark=1187 drop=0
[QUEUE_STATS] t_ms=17040 q_pkts=4 q_bytes=6016 qdelay_l_ms=1.01628 qdelay_c_ms=1.00651 ecn_mark=1187 drop=0
[QUEUE_STATS] t_ms=17057 q_pkts=5 q_bytes=7520 qdelay_l_ms=1.07713 qdelay_c_ms=2.18204 ecn_mark=1188 drop=0
[QUEUE_STATS] t_ms=17072 q_pkts=7 q_bytes=10528 qdelay_l_ms=1.11856 qdelay_c_ms=1.99876 ecn_mark=1188 drop=0
[QUEUE_STATS] t_ms=17088 q_pkts=2 q_bytes=3008 qdelay_l_ms=0 qdelay_c_ms=1.02432 ecn_mark=1188 drop=0
[QUEUE_STATS] t_ms=17104 q_pkts=5 q_bytes=7520 qdelay_l_ms=1.05769 qdelay_c_ms=2.20019 ecn_mark=1188 drop=0
[QUEUE_STATS] t_ms=17120 q_pkts=9 q_bytes=13536 qdelay_l_ms=1.01077 qdelay_c_ms=2.97887 ecn_mark=1188 drop=0
[QUEUE_STATS] t_ms=17136 q_pkts=4 q_bytes=6016 qdelay_l_ms=1.00441 qdelay_c_ms=0.994128 ecn_mark=1189 drop=0
[QUEUE_STATS] t_ms=17152 q_pkts=6 q_bytes=9024 qdelay_l_ms=1.10512 qdelay_c_ms=2.11552 ecn_mark=1190 drop=0
[QUEUE_STATS] t_ms=17168 q_pkts=7 q_bytes=10528 qdelay_l_ms=1.07386 qdelay_c_ms=1.88458 ecn_mark=1192 drop=0
[QUEUE_STATS] t_ms=17184 q_pkts=7 q_bytes=10528 qdelay_l_ms=1.00825 qdelay_c_ms=1.98327 ecn_mark=1192 drop=0
[QUEUE_STATS] t_ms=17201 q_pkts=4 q_bytes=6016 qdelay_l_ms=1.07302 qdelay_c_ms=1.06622 ecn_mark=1192 drop=0
[QUEUE_STATS] t_ms=17216 q_pkts=6 q_bytes=9024 qdelay_l_ms=0.740081 qdelay_c_ms=1.86867 ecn_mark=1192 drop=0
[QUEUE_STATS] t_ms=17232 q_pkts=8 q_bytes=12032 qdelay_l_ms=0.991223 qdelay_c_ms=1.97645 ecn_mark=1192 drop=0
[QUEUE_STATS] t_ms=17248 q_pkts=6 q_bytes=9024 qdelay_l_ms=1.07628 qdelay_c_ms=2.18683 ecn_mark=1192 drop=0
[QUEUE_STATS] t_ms=17264 q_pkts=8 q_bytes=12032 qdelay_l_ms=0.988899 qdelay_c_ms=2.18839 ecn_mark=1193 drop=0
[QUEUE_STATS] t_ms=17281 q_pkts=8 q_bytes=12032 qdelay_l_ms=1.12785 qdelay_c_ms=3.11228 ecn_mark=1193 drop=0
[QUEUE_STATS] t_ms=17297 q_pkts=7 q_bytes=10528 qdelay_l_ms=1.10795 qdelay_c_ms=4.23294 ecn_mark=1193 drop=0
[QUEUE_STATS] t_ms=17312 q_pkts=7 q_bytes=10528 qdelay_l_ms=0.995632 qdelay_c_ms=2.8131 ecn_mark=1194 drop=0
[QUEUE_STATS] t_ms=17328 q_pkts=7 q_bytes=10528 qdelay_l_ms=0.983348 qdelay_c_ms=2.9097 ecn_mark=1195 drop=0
[QUEUE_STATS] t_ms=17344 q_pkts=8 q_bytes=12032 qdelay_l_ms=0.790386 qdelay_c_ms=2.90774 ecn_mark=1195 drop=0
[QUEUE_STATS] t_ms=17360 q_pkts=9 q_bytes=13536 qdelay_l_ms=1.09319 qdelay_c_ms=3.28717 ecn_mark=1197 drop=0
[QUEUE_STATS] t_ms=17376 q_pkts=8 q_bytes=12032 qdelay_l_ms=1.06061 qdelay_c_ms=4.03071 ecn_mark=1197 drop=0
[QUEUE_STATS] t_ms=17392 q_pkts=10 q_bytes=15040 qdelay_l_ms=0.768164 qdelay_c_ms=2.95254 ecn_mark=1198 drop=0
[QUEUE_STATS] t_ms=17408 q_pkts=9 q_bytes=13536 qdelay_l_ms=1.08013 qdelay_c_ms=3.18245 ecn_mark=1198 drop=0
[QUEUE_STATS] t_ms=17424 q_pkts=4 q_bytes=6016 qdelay_l_ms=0.046628 qdelay_c_ms=2.15135 ecn_mark=1198 drop=0
[QUEUE_STATS] t_ms=17440 q_pkts=10 q_bytes=15040 qdelay_l_ms=0.993607 qdelay_c_ms=3.16217 ecn_mark=1200 drop=0
[QUEUE_STATS] t_ms=17456 q_pkts=11 q_bytes=16544 qdelay_l_ms=0.98428 qdelay_c_ms=3.90234 ecn_mark=1201 drop=0
[QUEUE_STATS] t_ms=17472 q_pkts=10 q_bytes=15040 qdelay_l_ms=0.999659 qdelay_c_ms=4.94271 ecn_mark=1203 drop=0
[QUEUE_STATS] t_ms=17488 q_pkts=11 q_bytes=16544 qdelay_l_ms=1.10926 qdelay_c_ms=3.87831 ecn_mark=1204 drop=0
[QUEUE_STATS] t_ms=17504 q_pkts=12 q_bytes=18048 qdelay_l_ms=0.975022 qdelay_c_ms=3.85199 ecn_mark=1206 drop=0
[QUEUE_STATS] t_ms=17520 q_pkts=11 q_bytes=16544 qdelay_l_ms=1.11514 qdelay_c_ms=4.28671 ecn_mark=1206 drop=0
[QUEUE_STATS] t_ms=17536 q_pkts=12 q_bytes=18048 qdelay_l_ms=1.0875 qdelay_c_ms=3.85313 ecn_mark=1206 drop=0
[QUEUE_STATS] t_ms=17552 q_pkts=11 q_bytes=16544 qdelay_l_ms=1.09292 qdelay_c_ms=4.27654 ecn_mark=1206 drop=0
[QUEUE_STATS] t_ms=17568 q_pkts=10 q_bytes=15040 qdelay_l_ms=0.973199 qdelay_c_ms=4.20919 ecn_mark=1206 drop=0
[QUEUE_STATS] t_ms=17584 q_pkts=13 q_bytes=19552 qdelay_l_ms=0.949635 qdelay_c_ms=4.82877 ecn_mark=1206 drop=0
[QUEUE_STATS] t_ms=17600 q_pkts=14 q_bytes=21056 qdelay_l_ms=1.05022 qdelay_c_ms=5.05441 ecn_mark=1206 drop=0
[QUEUE_STATS] t_ms=17616 q_pkts=14 q_bytes=21056 qdelay_l_ms=1.03404 qdelay_c_ms=6.5781 ecn_mark=1207 drop=0
[QUEUE_STATS] t_ms=17632 q_pkts=15 q_bytes=22560 qdelay_l_ms=0.977347 qdelay_c_ms=6.21683 ecn_mark=1208 drop=0
[QUEUE_STATS] t_ms=17648 q_pkts=13 q_bytes=19552 qdelay_l_ms=0.768544 qdelay_c_ms=5.11763 ecn_mark=1209 drop=0
[QUEUE_STATS] t_ms=17664 q_pkts=16 q_bytes=24064 qdelay_l_ms=0.957249 qdelay_c_ms=5.53883 ecn_mark=1212 drop=0
[QUEUE_STATS] t_ms=17680 q_pkts=15 q_bytes=22560 qdelay_l_ms=0.923706 qdelay_c_ms=5.01264 ecn_mark=1213 drop=0
[QUEUE_STATS] t_ms=17696 q_pkts=14 q_bytes=21056 qdelay_l_ms=0.955726 qdelay_c_ms=5.68091 ecn_mark=1215 drop=0
[QUEUE_STATS] t_ms=17712 q_pkts=14 q_bytes=21056 qdelay_l_ms=1.10804 qdelay_c_ms=6.07336 ecn_mark=1216 drop=0
[QUEUE_STATS] t_ms=17728 q_pkts=15 q_bytes=22560 qdelay_l_ms=0.941369 qdelay_c_ms=5.78415 ecn_mark=1218 drop=0
[QUEUE_STATS] t_ms=17745 q_pkts=15 q_bytes=22560 qdelay_l_ms=1.06748 qdelay_c_ms=6.41252 ecn_mark=1219 drop=0
[QUEUE_STATS] t_ms=17761 q_pkts=16 q_bytes=24064 qdelay_l_ms=1.07785 qdelay_c_ms=7.22215 ecn_mark=1219 drop=0
[QUEUE_STATS] t_ms=17776 q_pkts=17 q_bytes=25568 qdelay_l_ms=0.943343 qdelay_c_ms=7.03 ecn_mark=1219 drop=0
[QUEUE_STATS] t_ms=17792 q_pkts=15 q_bytes=22560 qdelay_l_ms=1.03891 qdelay_c_ms=7.64498 ecn_mark=1219 drop=0
[QUEUE_STATS] t_ms=17808 q_pkts=18 q_bytes=27072 qdelay_l_ms=1.09923 qdelay_c_ms=8.50158 ecn_mark=1220 drop=0
[QUEUE_STATS] t_ms=17824 q_pkts=18 q_bytes=27072 qdelay_l_ms=1.0699 qdelay_c_ms=8.302 ecn_mark=1223 drop=0
[QUEUE_STATS] t_ms=17840 q_pkts=17 q_bytes=25568 qdelay_l_ms=0.948392 qdelay_c_ms=8.19364 ecn_mark=1223 drop=0
[QUEUE_STATS] t_ms=17856 q_pkts=17 q_bytes=25568 qdelay_l_ms=1.10564 qdelay_c_ms=6.76178 ecn_mark=1226 drop=0
[QUEUE_STATS] t_ms=17872 q_pkts=18 q_bytes=27072 qdelay_l_ms=1.06675 qdelay_c_ms=7.85127 ecn_mark=1226 drop=0
[QUEUE_STATS] t_ms=17888 q_pkts=18 q_bytes=27072 qdelay_l_ms=0.94223 qdelay_c_ms=7.14009 ecn_mark=1227 drop=0
[QUEUE_STATS] t_ms=17904 q_pkts=16 q_bytes=24064 qdelay_l_ms=0 qdelay_c_ms=7.34345 ecn_mark=1227 drop=0
[QUEUE_STATS] t_ms=17920 q_pkts=19 q_bytes=28576 qdelay_l_ms=0.738458 qdelay_c_ms=7.95903 ecn_mark=1229 drop=0
[QUEUE_STATS] t_ms=17936 q_pkts=18 q_bytes=27072 qdelay_l_ms=1.0597 qdelay_c_ms=7.35574 ecn_mark=1230 drop=0
[QUEUE_STATS] t_ms=17952 q_pkts=18 q_bytes=27072 qdelay_l_ms=1.07287 qdelay_c_ms=8.09804 ecn_mark=1230 drop=0
[QUEUE_STATS] t_ms=17968 q_pkts=19 q_bytes=28576 qdelay_l_ms=1.06714 qdelay_c_ms=7.71018 ecn_mark=1230 drop=0
[QUEUE_STATS] t_ms=17984 q_pkts=18 q_bytes=27072 qdelay_l_ms=1.07935 qdelay_c_ms=8.70777 ecn_mark=1230 drop=0
[QUEUE_STATS] t_ms=18000 q_pkts=19 q_bytes=28576 qdelay_l_ms=1.04591 qdelay_c_ms=6.90955 ecn_mark=1230 drop=0
[QUEUE_STATS] t_ms=18016 q_pkts=18 q_bytes=27072 qdelay_l_ms=0.938313 qdelay_c_ms=7.97398 ecn_mark=1230 drop=0
[QUEUE_STATS] t_ms=18032 q_pkts=18 q_bytes=27072 qdelay_l_ms=1.1361 qdelay_c_ms=7.34685 ecn_mark=1230 drop=0
[QUEUE_STATS] t_ms=18048 q_pkts=23 q_bytes=34592 qdelay_l_ms=1.07751 qdelay_c_ms=8.80841 ecn_mark=1232 drop=0
[QUEUE_STATS] t_ms=18064 q_pkts=23 q_bytes=34592 qdelay_l_ms=1.05869 qdelay_c_ms=9.14962 ecn_mark=1233 drop=0
[QUEUE_STATS] t_ms=18080 q_pkts=20 q_bytes=30080 qdelay_l_ms=0.948663 qdelay_c_ms=8.98041 ecn_mark=1234 drop=0
[QUEUE_STATS] t_ms=18096 q_pkts=21 q_bytes=31584 qdelay_l_ms=1.10156 qdelay_c_ms=9.52742 ecn_mark=1234 drop=0
[QUEUE_STATS] t_ms=18112 q_pkts=23 q_bytes=34592 qdelay_l_ms=0.92026 qdelay_c_ms=9.64153 ecn_mark=1236 drop=0
[QUEUE_STATS] t_ms=18128 q_pkts=21 q_bytes=31584 qdelay_l_ms=0.679217 qdelay_c_ms=8.75527 ecn_mark=1236 drop=0
[QUEUE_STATS] t_ms=18144 q_pkts=22 q_bytes=33088 qdelay_l_ms=1.11625 qdelay_c_ms=9.56162 ecn_mark=1238 drop=0
[QUEUE_STATS] t_ms=18160 q_pkts=24 q_bytes=36096 qdelay_l_ms=0.89433 qdelay_c_ms=9.00868 ecn_mark=1240 drop=0
[QUEUE_STATS] t_ms=18176 q_pkts=21 q_bytes=31584 qdelay_l_ms=0.94179 qdelay_c_ms=9.89852 ecn_mark=1242 drop=0
[QUEUE_STATS] t_ms=18192 q_pkts=24 q_bytes=36096 qdelay_l_ms=1.12332 qdelay_c_ms=10.5609 ecn_mark=1244 drop=0
[QUEUE_STATS] t_ms=18208 q_pkts=22 q_bytes=33088 qdelay_l_ms=1.00231 qdelay_c_ms=10.1801 ecn_mark=1246 drop=0
[QUEUE_STATS] t_ms=18224 q_pkts=21 q_bytes=31584 qdelay_l_ms=1.11594 qdelay_c_ms=9.93098 ecn_mark=1246 drop=0
[QUEUE_STATS] t_ms=18240 q_pkts=25 q_bytes=37600 qdelay_l_ms=1.11679 qdelay_c_ms=9.37131 ecn_mark=1248 drop=0
[QUEUE_STATS] t_ms=18256 q_pkts=24 q_bytes=36096 qdelay_l_ms=1.08634 qdelay_c_ms=10.1015 ecn_mark=1249 drop=0
[QUEUE_STATS] t_ms=18272 q_pkts=22 q_bytes=33088 qdelay_l_ms=0.948081 qdelay_c_ms=9.80509 ecn_mark=1250 drop=0
[QUEUE_STATS] t_ms=18288 q_pkts=24 q_bytes=36096 qdelay_l_ms=1.11807 qdelay_c_ms=9.86006 ecn_mark=1250 drop=0
[QUEUE_STATS] t_ms=18304 q_pkts=23 q_bytes=34592 qdelay_l_ms=1.08281 qdelay_c_ms=9.32516 ecn_mark=1250 drop=0
[QUEUE_STATS] t_ms=18320 q_pkts=24 q_bytes=36096 qdelay_l_ms=0.924458 qdelay_c_ms=10.8704 ecn_mark=1251 drop=0
[QUEUE_STATS] t_ms=18336 q_pkts=25 q_bytes=37600 qdelay_l_ms=0.895313 qdelay_c_ms=10.5769 ecn_mark=1251 drop=0
[QUEUE_STATS] t_ms=18352 q_pkts=24 q_bytes=36096 qdelay_l_ms=0.944345 qdelay_c_ms=10.194 ecn_mark=1251 drop=0
[QUEUE_STATS] t_ms=18368 q_pkts=25 q_bytes=37600 qdelay_l_ms=0.714623 qdelay_c_ms=11.9942 ecn_mark=1251 drop=0
[QUEUE_STATS] t_ms=18384 q_pkts=25 q_bytes=37600 qdelay_l_ms=0.690298 qdelay_c_ms=10.88 ecn_mark=1251 drop=0
[QUEUE_STATS] t_ms=18400 q_pkts=26 q_bytes=39104 qdelay_l_ms=0.930268 qdelay_c_ms=10.8318 ecn_mark=1253 drop=0
[QUEUE_STATS] t_ms=18416 q_pkts=24 q_bytes=36096 qdelay_l_ms=0.022412 qdelay_c_ms=10.4053 ecn_mark=1254 drop=0
[QUEUE_STATS] t_ms=18432 q_pkts=25 q_bytes=37600 qdelay_l_ms=1.02786 qdelay_c_ms=10.865 ecn_mark=1256 drop=0
[QUEUE_STATS] t_ms=18448 q_pkts=26 q_bytes=39104 qdelay_l_ms=0.928896 qdelay_c_ms=11.8374 ecn_mark=1257 drop=0
[QUEUE_STATS] t_ms=18464 q_pkts=26 q_bytes=39104 qdelay_l_ms=1.05662 qdelay_c_ms=11.8799 ecn_mark=1258 drop=0
[QUEUE_STATS] t_ms=18480 q_pkts=25 q_bytes=37600 qdelay_l_ms=1.10883 qdelay_c_ms=10.8767 ecn_mark=1259 drop=0
[QUEUE_STATS] t_ms=18496 q_pkts=26 q_bytes=39104 qdelay_l_ms=1.09074 qdelay_c_ms=11.6185 ecn_mark=1259 drop=0
[QUEUE_STATS] t_ms=18512 q_pkts=26 q_bytes=39104 qdelay_l_ms=0.916182 qdelay_c_ms=10.9144 ecn_mark=1261 drop=0
[QUEUE_STATS] t_ms=18528 q_pkts=27 q_bytes=40608 qdelay_l_ms=1.08177 qdelay_c_ms=11.1284 ecn_mark=1262 drop=0
[QUEUE_STATS] t_ms=18544 q_pkts=28 q_bytes=42112 qdelay_l_ms=1.0267 qdelay_c_ms=12.3299 ecn_mark=1262 drop=0
[QUEUE_STATS] t_ms=18560 q_pkts=27 q_bytes=40608 qdelay_l_ms=0.972929 qdelay_c_ms=13.1151 ecn_mark=1262 drop=0
[QUEUE_STATS] t_ms=18576 q_pkts=27 q_bytes=40608 qdelay_l_ms=1.11181 qdelay_c_ms=12.9092 ecn_mark=1263 drop=0
[QUEUE_STATS] t_ms=18592 q_pkts=27 q_bytes=40608 qdelay_l_ms=0 qdelay_c_ms=13.0066 ecn_mark=1265 drop=0
[QUEUE_STATS] t_ms=18608 q_pkts=28 q_bytes=42112 qdelay_l_ms=0.932783 qdelay_c_ms=11.9799 ecn_mark=1266 drop=0
[QUEUE_STATS] t_ms=18624 q_pkts=27 q_bytes=40608 qdelay_l_ms=0.892858 qdelay_c_ms=12.8037 ecn_mark=1267 drop=0
[QUEUE_STATS] t_ms=18640 q_pkts=29 q_bytes=43616 qdelay_l_ms=0.940218 qdelay_c_ms=12.17 ecn_mark=1267 drop=0
[QUEUE_STATS] t_ms=18656 q_pkts=31 q_bytes=46624 qdelay_l_ms=0.929517 qdelay_c_ms=11.9709 ecn_mark=1269 drop=0
[QUEUE_STATS] t_ms=18672 q_pkts=27 q_bytes=40608 qdelay_l_ms=0.880164 qdelay_c_ms=12.668 ecn_mark=1271 drop=0
[QUEUE_STATS] t_ms=18688 q_pkts=28 q_bytes=42112 qdelay_l_ms=1.07842 qdelay_c_ms=12.8847 ecn_mark=1272 drop=0
[QUEUE_STATS] t_ms=18704 q_pkts=31 q_bytes=46624 qdelay_l_ms=0.926792 qdelay_c_ms=11.9393 ecn_mark=1273 drop=0
[QUEUE_STATS] t_ms=18720 q_pkts=28 q_bytes=42112 qdelay_l_ms=1.09944 qdelay_c_ms=14.0278 ecn_mark=1277 drop=0
[QUEUE_STATS] t_ms=18736 q_pkts=30 q_bytes=45120 qdelay_l_ms=0.702821 qdelay_c_ms=12.9063 ecn_mark=1279 drop=0
[QUEUE_STATS] t_ms=18752 q_pkts=31 q_bytes=46624 qdelay_l_ms=1.11451 qdelay_c_ms=11.9248 ecn_mark=1279 drop=0
[QUEUE_STATS] t_ms=18768 q_pkts=30 q_bytes=45120 qdelay_l_ms=0.777751 qdelay_c_ms=14.0014 ecn_mark=1279 drop=0
[QUEUE_STATS] t_ms=18784 q_pkts=31 q_bytes=46624 qdelay_l_ms=1.13548 qdelay_c_ms=14.065 ecn_mark=1279 drop=0
[QUEUE_STATS] t_ms=18800 q_pkts=30 q_bytes=45120 qdelay_l_ms=0.996613 qdelay_c_ms=14.094 ecn_mark=1279 drop=0
[QUEUE_STATS] t_ms=18816 q_pkts=30 q_bytes=45120 qdelay_l_ms=0.914499 qdelay_c_ms=14.9042 ecn_mark=1281 drop=0
[QUEUE_STATS] t_ms=18832 q_pkts=31 q_bytes=46624 qdelay_l_ms=1.1129 qdelay_c_ms=12.836 ecn_mark=1282 drop=0
[QUEUE_STATS] t_ms=18848 q_pkts=32 q_bytes=48128 qdelay_l_ms=1.04026 qdelay_c_ms=15.0889 ecn_mark=1282 drop=0
[QUEUE_STATS] t_ms=18864 q_pkts=32 q_bytes=48128 qdelay_l_ms=1.07769 qdelay_c_ms=14.8097 ecn_mark=1282 drop=0
[QUEUE_STATS] t_ms=18880 q_pkts=32 q_bytes=48128 qdelay_l_ms=1.10025 qdelay_c_ms=12.9405 ecn_mark=1282 drop=0
[QUEUE_STATS] t_ms=18896 q_pkts=31 q_bytes=46624 qdelay_l_ms=1.04279 qdelay_c_ms=15.0554 ecn_mark=1283 drop=0
[QUEUE_STATS] t_ms=18912 q_pkts=33 q_bytes=49632 qdelay_l_ms=1.09848 qdelay_c_ms=15.9847 ecn_mark=1285 drop=0
[QUEUE_STATS] t_ms=18928 q_pkts=29 q_bytes=43616 qdelay_l_ms=0.90414 qdelay_c_ms=14.0658 ecn_mark=1286 drop=0
[QUEUE_STATS] t_ms=18944 q_pkts=32 q_bytes=48128 qdelay_l_ms=1.0707 qdelay_c_ms=14.4333 ecn_mark=1287 drop=0
[QUEUE_STATS] t_ms=18960 q_pkts=34 q_bytes=51136 qdelay_l_ms=1.03704 qdelay_c_ms=13.8956 ecn_mark=1288 drop=0
[QUEUE_STATS] t_ms=18976 q_pkts=32 q_bytes=48128 qdelay_l_ms=0.990893 qdelay_c_ms=15.9558 ecn_mark=1289 drop=0
[QUEUE_STATS] t_ms=18992 q_pkts=31 q_bytes=46624 qdelay_l_ms=1.11572 qdelay_c_ms=14.9709 ecn_mark=1290 drop=0
[QUEUE_STATS] t_ms=19008 q_pkts=33 q_bytes=49632 qdelay_l_ms=1.07197 qdelay_c_ms=14.043 ecn_mark=1290 drop=0
[QUEUE_STATS] t_ms=19024 q_pkts=32 q_bytes=48128 qdelay_l_ms=0.943834 qdelay_c_ms=14.9936 ecn_mark=1292 drop=0
[QUEUE_STATS] t_ms=19040 q_pkts=34 q_bytes=51136 qdelay_l_ms=1.05412 qdelay_c_ms=15.9416 ecn_mark=1293 drop=0
[QUEUE_STATS] t_ms=19056 q_pkts=33 q_bytes=49632 qdelay_l_ms=0.916102 qdelay_c_ms=13.8669 ecn_mark=1295 drop=0
[QUEUE_STATS] t_ms=19072 q_pkts=32 q_bytes=48128 qdelay_l_ms=0.807046 qdelay_c_ms=14.096 ecn_mark=1296 drop=0
[QUEUE_STATS] t_ms=19088 q_pkts=33 q_bytes=49632 qdelay_l_ms=1.13893 qdelay_c_ms=13.9068 ecn_mark=1297 drop=0
[QUEUE_STATS] t_ms=19104 q_pkts=33 q_bytes=49632 qdelay_l_ms=1.00146 qdelay_c_ms=14.9451 ecn_mark=1298 drop=0
[QUEUE_STATS] t_ms=19120 q_pkts=32 q_bytes=48128 qdelay_l_ms=0.98976 qdelay_c_ms=15.0391 ecn_mark=1298 drop=0
[QUEUE_STATS] t_ms=19136 q_pkts=32 q_bytes=48128 qdelay_l_ms=1.12346 qdelay_c_ms=15.2666 ecn_mark=1299 drop=0
[QUEUE_STATS] t_ms=19152 q_pkts=35 q_bytes=52640 qdelay_l_ms=1.03194 qdelay_c_ms=14.7364 ecn_mark=1300 drop=0
[QUEUE_STATS] t_ms=19168 q_pkts=33 q_bytes=49632 qdelay_l_ms=1.04289 qdelay_c_ms=15.9068 ecn_mark=1300 drop=0
[QUEUE_STATS] t_ms=19184 q_pkts=33 q_bytes=49632 qdelay_l_ms=0.932372 qdelay_c_ms=15.7703 ecn_mark=1302 drop=0
[QUEUE_STATS] t_ms=19200 q_pkts=35 q_bytes=52640 qdelay_l_ms=0.926382 qdelay_c_ms=14.8208 ecn_mark=1302 drop=0
[QUEUE_STATS] t_ms=19216 q_pkts=34 q_bytes=51136 qdelay_l_ms=1.08608 qdelay_c_ms=16.2872 ecn_mark=1303 drop=0
[QUEUE_STATS] t_ms=19232 q_pkts=26 q_bytes=39104 qdelay_l_ms=0.914489 qdelay_c_ms=15.6981 ecn_mark=1305 drop=0
[QUEUE_STATS] t_ms=19248 q_pkts=16 q_bytes=24064 qdelay_l_ms=1.12605 qdelay_c_ms=8.80935 ecn_mark=1306 drop=0
[QUEUE_STATS] t_ms=19264 q_pkts=4 q_bytes=6016 qdelay_l_ms=0 qdelay_c_ms=2.78545 ecn_mark=1306 drop=0
[QUEUE_STATS] t_ms=19280 q_pkts=6 q_bytes=9024 qdelay_l_ms=1.03797 qdelay_c_ms=2.16677 ecn_mark=1308 drop=0
[QUEUE_STATS] t_ms=19296 q_pkts=8 q_bytes=12032 qdelay_l_ms=1.02227 qdelay_c_ms=3.24267 ecn_mark=1309 drop=0
[QUEUE_STATS] t_ms=19312 q_pkts=5 q_bytes=7520 qdelay_l_ms=0.930369 qdelay_c_ms=1.62887 ecn_mark=1311 drop=0
[QUEUE_STATS] t_ms=19328 q_pkts=4 q_bytes=6016 qdelay_l_ms=1.10971 qdelay_c_ms=1.96507 ecn_mark=1312 drop=0
[QUEUE_STATS] t_ms=19344 q_pkts=7 q_bytes=10528 qdelay_l_ms=1.10773 qdelay_c_ms=2.1839 ecn_mark=1313 drop=0
[QUEUE_STATS] t_ms=19360 q_pkts=2 q_bytes=3008 qdelay_l_ms=1.02936 qdelay_c_ms=0 ecn_mark=1315 drop=0
[QUEUE_STATS] t_ms=19376 q_pkts=5 q_bytes=7520 qdelay_l_ms=1.09357 qdelay_c_ms=2.15318 ecn_mark=1316 drop=0
[QUEUE_STATS] t_ms=19392 q_pkts=5 q_bytes=7520 qdelay_l_ms=0.893991 qdelay_c_ms=2.9639 ecn_mark=1317 drop=0
[QUEUE_STATS] t_ms=19408 q_pkts=4 q_bytes=6016 qdelay_l_ms=1.06016 qdelay_c_ms=2.19322 ecn_mark=1317 drop=0
[QUEUE_STATS] t_ms=19424 q_pkts=5 q_bytes=7520 qdelay_l_ms=1.05865 qdelay_c_ms=2.13217 ecn_mark=1317 drop=0
[QUEUE_STATS] t_ms=19440 q_pkts=6 q_bytes=9024 qdelay_l_ms=1.07723 qdelay_c_ms=2.90548 ecn_mark=1317 drop=0
[QUEUE_STATS] t_ms=19456 q_pkts=8 q_bytes=12032 qdelay_l_ms=0.925669 qdelay_c_ms=2.94156 ecn_mark=1317 drop=0
[QUEUE_STATS] t_ms=19472 q_pkts=9 q_bytes=13536 qdelay_l_ms=1.08385 qdelay_c_ms=2.19262 ecn_mark=1317 drop=0
[QUEUE_STATS] t_ms=19489 q_pkts=4 q_bytes=6016 qdelay_l_ms=1.06984 qdelay_c_ms=4.30025 ecn_mark=1321 drop=0
[QUEUE_STATS] t_ms=19504 q_pkts=8 q_bytes=12032 qdelay_l_ms=1.11537 qdelay_c_ms=3.25894 ecn_mark=1321 drop=0
[QUEUE_STATS] t_ms=19520 q_pkts=6 q_bytes=9024 qdelay_l_ms=1.06492 qdelay_c_ms=2.21993 ecn_mark=1322 drop=0
[QUEUE_STATS] t_ms=19536 q_pkts=7 q_bytes=10528 qdelay_l_ms=1.07783 qdelay_c_ms=1.99219 ecn_mark=1322 drop=0
[QUEUE_STATS] t_ms=19552 q_pkts=6 q_bytes=9024 qdelay_l_ms=0.896665 qdelay_c_ms=2.61587 ecn_mark=1324 drop=0
[QUEUE_STATS] t_ms=19568 q_pkts=6 q_bytes=9024 qdelay_l_ms=1.0359 qdelay_c_ms=2.16985 ecn_mark=1326 drop=0
[QUEUE_STATS] t_ms=19584 q_pkts=8 q_bytes=12032 qdelay_l_ms=0.879803 qdelay_c_ms=2.7876 ecn_mark=1326 drop=0
[QUEUE_STATS] t_ms=19600 q_pkts=6 q_bytes=9024 qdelay_l_ms=0.940638 qdelay_c_ms=1.98546 ecn_mark=1327 drop=0
[QUEUE_STATS] t_ms=19616 q_pkts=8 q_bytes=12032 qdelay_l_ms=1.07883 qdelay_c_ms=3.21016 ecn_mark=1327 drop=0
[QUEUE_STATS] t_ms=19632 q_pkts=9 q_bytes=13536 qdelay_l_ms=0.91508 qdelay_c_ms=2.72981 ecn_mark=1327 drop=0
[QUEUE_STATS] t_ms=19648 q_pkts=8 q_bytes=12032 qdelay_l_ms=1.14201 qdelay_c_ms=2.93148 ecn_mark=1327 drop=0
[QUEUE_STATS] t_ms=19664 q_pkts=7 q_bytes=10528 qdelay_l_ms=1.05292 qdelay_c_ms=2.1824 ecn_mark=1329 drop=0
[QUEUE_STATS] t_ms=19680 q_pkts=6 q_bytes=9024 qdelay_l_ms=0.046828 qdelay_c_ms=3.24118 ecn_mark=1331 drop=0
[QUEUE_STATS] t_ms=19696 q_pkts=10 q_bytes=15040 qdelay_l_ms=0.902527 qdelay_c_ms=4.03337 ecn_mark=1332 drop=0
[QUEUE_STATS] t_ms=19712 q_pkts=9 q_bytes=13536 qdelay_l_ms=0.906734 qdelay_c_ms=1.79263 ecn_mark=1332 drop=0
[QUEUE_STATS] t_ms=19728 q_pkts=10 q_bytes=15040 qdelay_l_ms=0.980293 qdelay_c_ms=3.45589 ecn_mark=1332 drop=0
[QUEUE_STATS] t_ms=19744 q_pkts=10 q_bytes=15040 qdelay_l_ms=1.06286 qdelay_c_ms=4.00467 ecn_mark=1332 drop=0
[QUEUE_STATS] t_ms=19760 q_pkts=10 q_bytes=15040 qdelay_l_ms=1.08047 qdelay_c_ms=3.85008 ecn_mark=1333 drop=0
[QUEUE_STATS] t_ms=19776 q_pkts=13 q_bytes=19552 qdelay_l_ms=1.10261 qdelay_c_ms=4.89927 ecn_mark=1333 drop=0
[QUEUE_STATS] t_ms=19792 q_pkts=9 q_bytes=13536 qdelay_l_ms=1.06768 qdelay_c_ms=5.10145 ecn_mark=1334 drop=0
[QUEUE_STATS] t_ms=19808 q_pkts=11 q_bytes=16544 qdelay_l_ms=1.03156 qdelay_c_ms=5.0153 ecn_mark=1334 drop=0
[QUEUE_STATS] t_ms=19824 q_pkts=14 q_bytes=21056 qdelay_l_ms=1.0886 qdelay_c_ms=6.00262 ecn_mark=1336 drop=0
[QUEUE_STATS] t_ms=19840 q_pkts=11 q_bytes=16544 qdelay_l_ms=1.10636 qdelay_c_ms=5.07524 ecn_mark=1337 drop=0
[QUEUE_STATS] t_ms=19856 q_pkts=14 q_bytes=21056 qdelay_l_ms=1.13518 qdelay_c_ms=6.40751 ecn_mark=1338 drop=0
[QUEUE_STATS] t_ms=19872 q_pkts=14 q_bytes=21056 qdelay_l_ms=1.10085 qdelay_c_ms=5.92863 ecn_mark=1339 drop=0
[QUEUE_STATS] t_ms=19888 q_pkts=14 q_bytes=21056 qdelay_l_ms=1.07211 qdelay_c_ms=5.9954 ecn_mark=1341 drop=0
[QUEUE_STATS] t_ms=19904 q_pkts=14 q_bytes=21056 qdelay_l_ms=1.0761 qdelay_c_ms=6.83564 ecn_mark=1342 drop=0
[QUEUE_STATS] t_ms=19920 q_pkts=15 q_bytes=22560 qdelay_l_ms=0.939786 qdelay_c_ms=5.81168 ecn_mark=1342 drop=0
[QUEUE_STATS] t_ms=19936 q_pkts=15 q_bytes=22560 qdelay_l_ms=0.885945 qdelay_c_ms=7.00369 ecn_mark=1342 drop=0
[QUEUE_STATS] t_ms=19952 q_pkts=15 q_bytes=22560 qdelay_l_ms=0.640163 qdelay_c_ms=6.76332 ecn_mark=1342 drop=0
[QUEUE_STATS] t_ms=19968 q_pkts=17 q_bytes=25568 qdelay_l_ms=1.11565 qdelay_c_ms=6.88746 ecn_mark=1343 drop=0
[QUEUE_STATS] t_ms=19984 q_pkts=18 q_bytes=27072 qdelay_l_ms=1.08431 qdelay_c_ms=7.02239 ecn_mark=1345 drop=0
[QUEUE_STATS] t_ms=20000 q_pkts=17 q_bytes=25568 qdelay_l_ms=1.07198 qdelay_c_ms=7.07718 ecn_mark=1345 drop=0
[QUEUE_STATS] t_ms=20016 q_pkts=18 q_bytes=27072 qdelay_l_ms=1.02328 qdelay_c_ms=9.03167 ecn_mark=1345 drop=0
[QUEUE_STATS] t_ms=20032 q_pkts=17 q_bytes=25568 qdelay_l_ms=1.05404 qdelay_c_ms=8.97011 ecn_mark=1345 drop=0
[QUEUE_STATS] t_ms=20048 q_pkts=22 q_bytes=33088 qdelay_l_ms=1.08316 qdelay_c_ms=8.54367 ecn_mark=1345 drop=0
[QUEUE_STATS] t_ms=20064 q_pkts=21 q_bytes=31584 qdelay_l_ms=0.678355 qdelay_c_ms=8.74228 ecn_mark=1346 drop=0
[QUEUE_STATS] t_ms=20080 q_pkts=19 q_bytes=28576 qdelay_l_ms=1.04676 qdelay_c_ms=8.80597 ecn_mark=1346 drop=0
[QUEUE_STATS] t_ms=20096 q_pkts=18 q_bytes=27072 qdelay_l_ms=1.00925 qdelay_c_ms=8.07839 ecn_mark=1346 drop=0
[QUEUE_STATS] t_ms=20112 q_pkts=20 q_bytes=30080 qdelay_l_ms=1.09292 qdelay_c_ms=8.90279 ecn_mark=1346 drop=0
[QUEUE_STATS] t_ms=20128 q_pkts=19 q_bytes=28576 qdelay_l_ms=1.10633 qdelay_c_ms=9.90439 ecn_mark=1347 drop=0
[QUEUE_STATS] t_ms=20144 q_pkts=21 q_bytes=31584 qdelay_l_ms=0.876096 qdelay_c_ms=9.60562 ecn_mark=1347 drop=0
[QUEUE_STATS] t_ms=20160 q_pkts=19 q_bytes=28576 qdelay_l_ms=1.10454 qdelay_c_ms=8.94358 ecn_mark=1347 drop=0
[QUEUE_STATS] t_ms=20176 q_pkts=21 q_bytes=31584 qdelay_l_ms=1.0729 qdelay_c_ms=8.84539 ecn_mark=1349 drop=0
[QUEUE_STATS] t_ms=20192 q_pkts=21 q_bytes=31584 qdelay_l_ms=1.1063 qdelay_c_ms=9.85081 ecn_mark=1349 drop=0
[QUEUE_STATS] t_ms=20208 q_pkts=23 q_bytes=34592 qdelay_l_ms=0.844908 qdelay_c_ms=9.73381 ecn_mark=1351 drop=0
[QUEUE_STATS] t_ms=20224 q_pkts=21 q_bytes=31584 qdelay_l_ms=1.10896 qdelay_c_ms=10.1237 ecn_mark=1351 drop=0
[QUEUE_STATS] t_ms=20240 q_pkts=22 q_bytes=33088 qdelay_l_ms=1.12119 qdelay_c_ms=9.34468 ecn_mark=1353 drop=0
[QUEUE_STATS] t_ms=20256 q_pkts=24 q_bytes=36096 qdelay_l_ms=0.975995 qdelay_c_ms=11.8054 ecn_mark=1354 drop=0
[QUEUE_STATS] t_ms=20272 q_pkts=23 q_bytes=34592 qdelay_l_ms=0.864825 qdelay_c_ms=11.0515 ecn_mark=1354 drop=0
[QUEUE_STATS] t_ms=20288 q_pkts=23 q_bytes=34592 qdelay_l_ms=1.11149 qdelay_c_ms=11.1101 ecn_mark=1354 drop=0
[QUEUE_STATS] t_ms=20304 q_pkts=24 q_bytes=36096 qdelay_l_ms=0.857492 qdelay_c_ms=11.7072 ecn_mark=1355 drop=0
[QUEUE_STATS] t_ms=20320 q_pkts=25 q_bytes=37600 qdelay_l_ms=0.957018 qdelay_c_ms=12.0861 ecn_mark=1356 drop=0
[QUEUE_STATS] t_ms=20336 q_pkts=25 q_bytes=37600 qdelay_l_ms=0.878902 qdelay_c_ms=11.9668 ecn_mark=1357 drop=0
[QUEUE_STATS] t_ms=20352 q_pkts=24 q_bytes=36096 qdelay_l_ms=1.10062 qdelay_c_ms=11.8489 ecn_mark=1358 drop=0
[QUEUE_STATS] t_ms=20368 q_pkts=24 q_bytes=36096 qdelay_l_ms=0.993296 qdelay_c_ms=12.745 ecn_mark=1359 drop=0
[QUEUE_STATS] t_ms=20384 q_pkts=26 q_bytes=39104 qdelay_l_ms=0.070523 qdelay_c_ms=10.292 ecn_mark=1360 drop=0
[QUEUE_STATS] t_ms=20400 q_pkts=27 q_bytes=40608 qdelay_l_ms=1.10918 qdelay_c_ms=12.031 ecn_mark=1360 drop=0
[QUEUE_STATS] t_ms=20416 q_pkts=26 q_bytes=39104 qdelay_l_ms=0.702841 qdelay_c_ms=12.5367 ecn_mark=1361 drop=0
[QUEUE_STATS] t_ms=20432 q_pkts=28 q_bytes=42112 qdelay_l_ms=1.1369 qdelay_c_ms=11.9597 ecn_mark=1362 drop=0
[QUEUE_STATS] t_ms=20448 q_pkts=24 q_bytes=36096 qdelay_l_ms=0.045295 qdelay_c_ms=12.1489 ecn_mark=1362 drop=0
[QUEUE_STATS] t_ms=20464 q_pkts=28 q_bytes=42112 qdelay_l_ms=1.05742 qdelay_c_ms=13.0815 ecn_mark=1364 drop=0
[QUEUE_STATS] t_ms=20480 q_pkts=27 q_bytes=40608 qdelay_l_ms=1.12402 qdelay_c_ms=11.9132 ecn_mark=1364 drop=0
[QUEUE_STATS] t_ms=20496 q_pkts=27 q_bytes=40608 qdelay_l_ms=1.11049 qdelay_c_ms=12.9989 ecn_mark=1365 drop=0
[QUEUE_STATS] t_ms=20512 q_pkts=26 q_bytes=39104 qdelay_l_ms=0.850969 qdelay_c_ms=12.6039 ecn_mark=1366 drop=0
[QUEUE_STATS] t_ms=20528 q_pkts=26 q_bytes=39104 qdelay_l_ms=0.841211 qdelay_c_ms=11.9548 ecn_mark=1367 drop=0
[QUEUE_STATS] t_ms=20544 q_pkts=27 q_bytes=40608 qdelay_l_ms=1.05382 qdelay_c_ms=14.1047 ecn_mark=1367 drop=0
[QUEUE_STATS] t_ms=20560 q_pkts=27 q_bytes=40608 qdelay_l_ms=0.682953 qdelay_c_ms=12.8565 ecn_mark=1368 drop=0
[QUEUE_STATS] t_ms=20576 q_pkts=28 q_bytes=42112 qdelay_l_ms=0.859876 qdelay_c_ms=13.676 ecn_mark=1370 drop=0
[QUEUE_STATS] t_ms=20592 q_pkts=28 q_bytes=42112 qdelay_l_ms=1.0622 qdelay_c_ms=14.1755 ecn_mark=1370 drop=0
[QUEUE_STATS] t_ms=20608 q_pkts=29 q_bytes=43616 qdelay_l_ms=0.858914 qdelay_c_ms=12.0502 ecn_mark=1371 drop=0
[QUEUE_STATS] t_ms=20624 q_pkts=31 q_bytes=46624 qdelay_l_ms=1.13494 qdelay_c_ms=13.8932 ecn_mark=1371 drop=0
[QUEUE_STATS] t_ms=20640 q_pkts=29 q_bytes=43616 qdelay_l_ms=1.10886 qdelay_c_ms=16.0311 ecn_mark=1372 drop=0
[QUEUE_STATS] t_ms=20656 q_pkts=30 q_bytes=45120 qdelay_l_ms=1.10877 qdelay_c_ms=14.1782 ecn_mark=1372 drop=0
[QUEUE_STATS] t_ms=20672 q_pkts=31 q_bytes=46624 qdelay_l_ms=1.1267 qdelay_c_ms=14.922 ecn_mark=1373 drop=0
[QUEUE_STATS] t_ms=20688 q_pkts=31 q_bytes=46624 qdelay_l_ms=1.11622 qdelay_c_ms=15.9772 ecn_mark=1374 drop=0
[QUEUE_STATS] t_ms=20704 q_pkts=30 q_bytes=45120 qdelay_l_ms=1.10031 qdelay_c_ms=14.889 ecn_mark=1375 drop=0
[QUEUE_STATS] t_ms=20720 q_pkts=31 q_bytes=46624 qdelay_l_ms=1.07207 qdelay_c_ms=15.9672 ecn_mark=1375 drop=0
[QUEUE_STATS] t_ms=20736 q_pkts=33 q_bytes=49632 qdelay_l_ms=1.07496 qdelay_c_ms=14.8972 ecn_mark=1376 drop=0
[QUEUE_STATS] t_ms=20752 q_pkts=32 q_bytes=48128 qdelay_l_ms=0.710165 qdelay_c_ms=15.7412 ecn_mark=1376 drop=0
[QUEUE_STATS] t_ms=20768 q_pkts=33 q_bytes=49632 qdelay_l_ms=1.06859 qdelay_c_ms=15.1179 ecn_mark=1376 drop=0
[QUEUE_STATS] t_ms=20784 q_pkts=32 q_bytes=48128 qdelay_l_ms=0.641676 qdelay_c_ms=14.0036 ecn_mark=1376 drop=0
[QUEUE_STATS] t_ms=20801 q_pkts=32 q_bytes=48128 qdelay_l_ms=1.07339 qdelay_c_ms=17.1444 ecn_mark=1376 drop=0
[QUEUE_STATS] t_ms=20816 q_pkts=34 q_bytes=51136 qdelay_l_ms=1.07448 qdelay_c_ms=16.7947 ecn_mark=1378 drop=0
[QUEUE_STATS] t_ms=20832 q_pkts=34 q_bytes=51136 qdelay_l_ms=1.06415 qdelay_c_ms=16.0491 ecn_mark=1380 drop=0
[QUEUE_STATS] t_ms=20848 q_pkts=33 q_bytes=49632 qdelay_l_ms=0.942421 qdelay_c_ms=17.9972 ecn_mark=1381 drop=0
[QUEUE_STATS] t_ms=20864 q_pkts=35 q_bytes=52640 qdelay_l_ms=0.932051 qdelay_c_ms=16.8503 ecn_mark=1381 drop=0
[QUEUE_STATS] t_ms=20880 q_pkts=34 q_bytes=51136 qdelay_l_ms=0.800665 qdelay_c_ms=16.8188 ecn_mark=1382 drop=0
[QUEUE_STATS] t_ms=20896 q_pkts=34 q_bytes=51136 qdelay_l_ms=0.848896 qdelay_c_ms=16.8149 ecn_mark=1383 drop=0
[QUEUE_STATS] t_ms=20912 q_pkts=33 q_bytes=49632 qdelay_l_ms=0.84064 qdelay_c_ms=16.0602 ecn_mark=1383 drop=0
[QUEUE_STATS] t_ms=20928 q_pkts=33 q_bytes=49632 qdelay_l_ms=0.929547 qdelay_c_ms=17.8087 ecn_mark=1383 drop=0
[QUEUE_STATS] t_ms=20944 q_pkts=35 q_bytes=52640 qdelay_l_ms=1.05845 qdelay_c_ms=16.29 ecn_mark=1383 drop=0
[QUEUE_STATS] t_ms=20960 q_pkts=36 q_bytes=54144 qdelay_l_ms=0.886016 qdelay_c_ms=16.7114 ecn_mark=1384 drop=0
[QUEUE_STATS] t_ms=20976 q_pkts=35 q_bytes=52640 qdelay_l_ms=1.10849 qdelay_c_ms=19.0927 ecn_mark=1386 drop=0
[QUEUE_STATS] t_ms=20992 q_pkts=37 q_bytes=55648 qdelay_l_ms=1.04933 qdelay_c_ms=19.1663 ecn_mark=1386 drop=0
[QUEUE_STATS] t_ms=21008 q_pkts=35 q_bytes=52640 qdelay_l_ms=0.833837 qdelay_c_ms=16.6617 ecn_mark=1386 drop=0
[QUEUE_STATS] t_ms=21024 q_pkts=35 q_bytes=52640 qdelay_l_ms=1.11037 qdelay_c_ms=18.1976 ecn_mark=1386 drop=0
[QUEUE_STATS] t_ms=21040 q_pkts=36 q_bytes=54144 qdelay_l_ms=1.02557 qdelay_c_ms=18.9739 ecn_mark=1386 drop=0
[QUEUE_STATS] t_ms=21056 q_pkts=37 q_bytes=55648 qdelay_l_ms=0.898198 qdelay_c_ms=18.1301 ecn_mark=1387 drop=0
[QUEUE_STATS] t_ms=21072 q_pkts=38 q_bytes=57152 qdelay_l_ms=1.07832 qdelay_c_ms=17.9798 ecn_mark=1387 drop=0
[QUEUE_STATS] t_ms=21088 q_pkts=39 q_bytes=58656 qdelay_l_ms=1.06774 qdelay_c_ms=19.7992 ecn_mark=1390 drop=0
[QUEUE_STATS] t_ms=21104 q_pkts=36 q_bytes=54144 qdelay_l_ms=1.11164 qdelay_c_ms=18.0983 ecn_mark=1390 drop=0
[QUEUE_STATS] t_ms=21120 q_pkts=37 q_bytes=55648 qdelay_l_ms=1.06024 qdelay_c_ms=20.078 ecn_mark=1391 drop=0
[QUEUE_STATS] t_ms=21136 q_pkts=39 q_bytes=58656 qdelay_l_ms=1.11422 qdelay_c_ms=19.9031 ecn_mark=1392 drop=0
[QUEUE_STATS] t_ms=21152 q_pkts=39 q_bytes=58656 qdelay_l_ms=0.88275 qdelay_c_ms=17.8792 ecn_mark=1393 drop=0
[QUEUE_STATS] t_ms=21168 q_pkts=39 q_bytes=58656 qdelay_l_ms=1.04296 qdelay_c_ms=22.2364 ecn_mark=1394 drop=0
[QUEUE_STATS] t_ms=21184 q_pkts=40 q_bytes=60160 qdelay_l_ms=0.804312 qdelay_c_ms=19.8686 ecn_mark=1394 drop=0
[QUEUE_STATS] t_ms=21200 q_pkts=40 q_bytes=60160 qdelay_l_ms=1.07287 qdelay_c_ms=20.0426 ecn_mark=1396 drop=0
[QUEUE_STATS] t_ms=21216 q_pkts=39 q_bytes=58656 qdelay_l_ms=1.08117 qdelay_c_ms=22.365 ecn_mark=1396 drop=0
[QUEUE_STATS] t_ms=21232 q_pkts=39 q_bytes=58656 qdelay_l_ms=1.11234 qdelay_c_ms=18.965 ecn_mark=1397 drop=0
[QUEUE_STATS] t_ms=21248 q_pkts=41 q_bytes=61664 qdelay_l_ms=1.12436 qdelay_c_ms=20.0474 ecn_mark=1397 drop=0
[QUEUE_STATS] t_ms=21264 q_pkts=41 q_bytes=61664 qdelay_l_ms=1.10835 qdelay_c_ms=22.0563 ecn_mark=1398 drop=0
[QUEUE_STATS] t_ms=21280 q_pkts=41 q_bytes=61664 qdelay_l_ms=1.11597 qdelay_c_ms=20.8445 ecn_mark=1398 drop=0
[QUEUE_STATS] t_ms=21296 q_pkts=41 q_bytes=61664 qdelay_l_ms=1.10996 qdelay_c_ms=20.9756 ecn_mark=1401 drop=0
[QUEUE_STATS] t_ms=21312 q_pkts=43 q_bytes=64672 qdelay_l_ms=0.870195 qdelay_c_ms=21.7037 ecn_mark=1402 drop=0
[QUEUE_STATS] t_ms=21328 q_pkts=42 q_bytes=63168 qdelay_l_ms=1.0635 qdelay_c_ms=21.0557 ecn_mark=1403 drop=0
[QUEUE_STATS] t_ms=21344 q_pkts=41 q_bytes=61664 qdelay_l_ms=1.10671 qdelay_c_ms=22.9754 ecn_mark=1403 drop=0
[QUEUE_STATS] t_ms=21360 q_pkts=43 q_bytes=64672 qdelay_l_ms=0.831462 qdelay_c_ms=21.5961 ecn_mark=1403 drop=0
[QUEUE_STATS] t_ms=21376 q_pkts=42 q_bytes=63168 qdelay_l_ms=0.986594 qdelay_c_ms=23.009 ecn_mark=1403 drop=0
[QUEUE_STATS] t_ms=21392 q_pkts=44 q_bytes=66176 qdelay_l_ms=1.13245 qdelay_c_ms=23.0704 ecn_mark=1403 drop=0
[QUEUE_STATS] t_ms=21408 q_pkts=42 q_bytes=63168 qdelay_l_ms=0.772241 qdelay_c_ms=21.4764 ecn_mark=1404 drop=0
[QUEUE_STATS] t_ms=21424 q_pkts=44 q_bytes=66176 qdelay_l_ms=1.07805 qdelay_c_ms=23.9948 ecn_mark=1405 drop=0
[QUEUE_STATS] t_ms=21440 q_pkts=44 q_bytes=66176 qdelay_l_ms=1.13783 qdelay_c_ms=21.1969 ecn_mark=1405 drop=0
[QUEUE_STATS] t_ms=21456 q_pkts=43 q_bytes=64672 qdelay_l_ms=0.828938 qdelay_c_ms=23.9884 ecn_mark=1405 drop=0
[QUEUE_STATS] t_ms=21472 q_pkts=44 q_bytes=66176 qdelay_l_ms=1.10704 qdelay_c_ms=25.9197 ecn_mark=1405 drop=0
[QUEUE_STATS] t_ms=21488 q_pkts=45 q_bytes=67680 qdelay_l_ms=0.929998 qdelay_c_ms=21.8921 ecn_mark=1405 drop=0
[QUEUE_STATS] t_ms=21504 q_pkts=45 q_bytes=67680 qdelay_l_ms=1.07441 qdelay_c_ms=24.4595 ecn_mark=1405 drop=0
[QUEUE_STATS] t_ms=21520 q_pkts=46 q_bytes=69184 qdelay_l_ms=0.767252 qdelay_c_ms=25.7486 ecn_mark=1405 drop=0
[QUEUE_STATS] t_ms=21536 q_pkts=44 q_bytes=66176 qdelay_l_ms=1.11184 qdelay_c_ms=23.0597 ecn_mark=1406 drop=0
[QUEUE_STATS] t_ms=21552 q_pkts=46 q_bytes=69184 qdelay_l_ms=0.797679 qdelay_c_ms=25.9024 ecn_mark=1406 drop=0
[QUEUE_STATS] t_ms=21568 q_pkts=45 q_bytes=67680 qdelay_l_ms=1.0682 qdelay_c_ms=23.9871 ecn_mark=1406 drop=0
[QUEUE_STATS] t_ms=21584 q_pkts=46 q_bytes=69184 qdelay_l_ms=0.841792 qdelay_c_ms=23.8208 ecn_mark=1406 drop=0
[QUEUE_STATS] t_ms=21600 q_pkts=45 q_bytes=67680 qdelay_l_ms=1.06831 qdelay_c_ms=28.0655 ecn_mark=1407 drop=0
[QUEUE_STATS] t_ms=21616 q_pkts=47 q_bytes=70688 qdelay_l_ms=1.06552 qdelay_c_ms=23.4268 ecn_mark=1407 drop=0
[QUEUE_STATS] t_ms=21632 q_pkts=47 q_bytes=70688 qdelay_l_ms=1.07772 qdelay_c_ms=25.0661 ecn_mark=1407 drop=0
[QUEUE_STATS] t_ms=21648 q_pkts=49 q_bytes=73696 qdelay_l_ms=0.759718 qdelay_c_ms=28.9865 ecn_mark=1407 drop=0
[QUEUE_STATS] t_ms=21664 q_pkts=48 q_bytes=72192 qdelay_l_ms=0.770078 qdelay_c_ms=24.7588 ecn_mark=1409 drop=0
[QUEUE_STATS] t_ms=21680 q_pkts=48 q_bytes=72192 qdelay_l_ms=0.767442 qdelay_c_ms=27.8377 ecn_mark=1412 drop=0
[QUEUE_STATS] t_ms=21696 q_pkts=49 q_bytes=73696 qdelay_l_ms=1.06428 qdelay_c_ms=26.8842 ecn_mark=1412 drop=0
[QUEUE_STATS] t_ms=21712 q_pkts=48 q_bytes=72192 qdelay_l_ms=0.844397 qdelay_c_ms=25.0403 ecn_mark=1415 drop=0
[QUEUE_STATS] t_ms=21728 q_pkts=49 q_bytes=73696 qdelay_l_ms=1.1186 qdelay_c_ms=29.9942 ecn_mark=1416 drop=0
[QUEUE_STATS] t_ms=21744 q_pkts=51 q_bytes=76704 qdelay_l_ms=1.08911 qdelay_c_ms=27.988 ecn_mark=1417 drop=0
[QUEUE_STATS] t_ms=21760 q_pkts=49 q_bytes=73696 qdelay_l_ms=1.06215 qdelay_c_ms=27.0273 ecn_mark=1419 drop=0
[QUEUE_STATS] t_ms=21776 q_pkts=49 q_bytes=73696 qdelay_l_ms=1.06826 qdelay_c_ms=30.4148 ecn_mark=1419 drop=0
[QUEUE_STATS] t_ms=21792 q_pkts=51 q_bytes=76704 qdelay_l_ms=1.11253 qdelay_c_ms=29.1346 ecn_mark=1421 drop=0
[QUEUE_STATS] t_ms=21808 q_pkts=48 q_bytes=72192 qdelay_l_ms=1.07484 qdelay_c_ms=27.9449 ecn_mark=1422 drop=0
[QUEUE_STATS] t_ms=21824 q_pkts=50 q_bytes=75200 qdelay_l_ms=1.08282 qdelay_c_ms=29.9679 ecn_mark=1422 drop=0
[QUEUE_STATS] t_ms=21840 q_pkts=51 q_bytes=76704 qdelay_l_ms=1.10653 qdelay_c_ms=28.9919 ecn_mark=1423 drop=0
[QUEUE_STATS] t_ms=21856 q_pkts=50 q_bytes=75200 qdelay_l_ms=1.08022 qdelay_c_ms=27.8842 ecn_mark=1424 drop=0
[QUEUE_STATS] t_ms=21872 q_pkts=51 q_bytes=76704 qdelay_l_ms=1.0864 qdelay_c_ms=31.0575 ecn_mark=1424 drop=0
[QUEUE_STATS] t_ms=21888 q_pkts=50 q_bytes=75200 qdelay_l_ms=1.10666 qdelay_c_ms=27.7456 ecn_mark=1426 drop=0
[QUEUE_STATS] t_ms=21904 q_pkts=49 q_bytes=73696 qdelay_l_ms=0.761711 qdelay_c_ms=27.8927 ecn_mark=1426 drop=0
[QUEUE_STATS] t_ms=21920 q_pkts=51 q_bytes=76704 qdelay_l_ms=0.822436 qdelay_c_ms=28.8443 ecn_mark=1429 drop=0
[QUEUE_STATS] t_ms=21936 q_pkts=51 q_bytes=76704 qdelay_l_ms=0.766261 qdelay_c_ms=28.6576 ecn_mark=1431 drop=0
[QUEUE_STATS] t_ms=21952 q_pkts=51 q_bytes=76704 qdelay_l_ms=1.108 qdelay_c_ms=29.1872 ecn_mark=1431 drop=0
[QUEUE_STATS] t_ms=21968 q_pkts=51 q_bytes=76704 qdelay_l_ms=0.813649 qdelay_c_ms=29.8732 ecn_mark=1432 drop=0
[QUEUE_STATS] t_ms=21984 q_pkts=50 q_bytes=75200 qdelay_l_ms=1.03841 qdelay_c_ms=27.7055 ecn_mark=1434 drop=0
[QUEUE_STATS] t_ms=22000 q_pkts=51 q_bytes=76704 qdelay_l_ms=1.1095 qdelay_c_ms=31.2132 ecn_mark=1434 drop=0
[QUEUE_STATS] t_ms=22016 q_pkts=51 q_bytes=76704 qdelay_l_ms=0.77137 qdelay_c_ms=28.9772 ecn_mark=1435 drop=0
[QUEUE_STATS] t_ms=22032 q_pkts=51 q_bytes=76704 qdelay_l_ms=1.10173 qdelay_c_ms=29.2619 ecn_mark=1436 drop=0
[QUEUE_STATS] t_ms=22048 q_pkts=53 q_bytes=79712 qdelay_l_ms=1.09854 qdelay_c_ms=29.8685 ecn_mark=1437 drop=0
[QUEUE_STATS] t_ms=22064 q_pkts=51 q_bytes=76704 qdelay_l_ms=1.13314 qdelay_c_ms=27.818 ecn_mark=1437 drop=0
[QUEUE_STATS] t_ms=22080 q_pkts=50 q_bytes=75200 qdelay_l_ms=0.02133 qdelay_c_ms=29.4233 ecn_mark=1438 drop=0
[QUEUE_STATS] t_ms=22096 q_pkts=53 q_bytes=79712 qdelay_l_ms=1.10022 qdelay_c_ms=32.1086 ecn_mark=1440 drop=0
[QUEUE_STATS] t_ms=22112 q_pkts=51 q_bytes=76704 qdelay_l_ms=1.11045 qdelay_c_ms=28.2565 ecn_mark=1442 drop=0
[QUEUE_STATS] t_ms=22128 q_pkts=52 q_bytes=78208 qdelay_l_ms=1.12269 qdelay_c_ms=29.0263 ecn_mark=1444 drop=0
[QUEUE_STATS] t_ms=22144 q_pkts=53 q_bytes=79712 qdelay_l_ms=1.06407 qdelay_c_ms=31.9063 ecn_mark=1445 drop=0
[QUEUE_STATS] t_ms=22160 q_pkts=52 q_bytes=78208 qdelay_l_ms=1.11833 qdelay_c_ms=28.123 ecn_mark=1447 drop=0
[QUEUE_STATS] t_ms=22176 q_pkts=52 q_bytes=78208 qdelay_l_ms=0.605398 qdelay_c_ms=30.9457 ecn_mark=1449 drop=0
[QUEUE_STATS] t_ms=22192 q_pkts=52 q_bytes=78208 qdelay_l_ms=1.0605 qdelay_c_ms=32.1043 ecn_mark=1449 drop=0
[QUEUE_STATS] t_ms=22208 q_pkts=53 q_bytes=79712 qdelay_l_ms=1.11183 qdelay_c_ms=28.851 ecn_mark=1449 drop=0
[QUEUE_STATS] t_ms=22224 q_pkts=52 q_bytes=78208 qdelay_l_ms=1.07791 qdelay_c_ms=30.7393 ecn_mark=1449 drop=0
[QUEUE_STATS] t_ms=22240 q_pkts=52 q_bytes=78208 qdelay_l_ms=1.10883 qdelay_c_ms=29.6705 ecn_mark=1450 drop=0
[QUEUE_STATS] t_ms=22256 q_pkts=52 q_bytes=78208 qdelay_l_ms=1.07482 qdelay_c_ms=29.6968 ecn_mark=1450 drop=0
[QUEUE_STATS] t_ms=22272 q_pkts=53 q_bytes=79712 qdelay_l_ms=1.11666 qdelay_c_ms=31.0922 ecn_mark=1453 drop=0
[QUEUE_STATS] t_ms=22288 q_pkts=51 q_bytes=76704 qdelay_l_ms=1.10791 qdelay_c_ms=28.6961 ecn_mark=1454 drop=0
[QUEUE_STATS] t_ms=22304 q_pkts=53 q_bytes=79712 qdelay_l_ms=1.07939 qdelay_c_ms=30.3612 ecn_mark=1454 drop=0
[QUEUE_STATS] t_ms=22320 q_pkts=52 q_bytes=78208 qdelay_l_ms=0.740492 qdelay_c_ms=31.8286 ecn_mark=1455 drop=0
[QUEUE_STATS] t_ms=22336 q_pkts=52 q_bytes=78208 qdelay_l_ms=0.768334 qdelay_c_ms=27.7096 ecn_mark=1457 drop=0
[QUEUE_STATS] t_ms=22352 q_pkts=53 q_bytes=79712 qdelay_l_ms=1.07849 qdelay_c_ms=31.0857 ecn_mark=1457 drop=0
[QUEUE_STATS] t_ms=22368 q_pkts=54 q_bytes=81216 qdelay_l_ms=0.738427 qdelay_c_ms=30.9798 ecn_mark=1458 drop=0
[QUEUE_STATS] t_ms=22384 q_pkts=53 q_bytes=79712 qdelay_l_ms=0.827936 qdelay_c_ms=28.8046 ecn_mark=1460 drop=0
[QUEUE_STATS] t_ms=22400 q_pkts=53 q_bytes=79712 qdelay_l_ms=0.745872 qdelay_c_ms=32.7175 ecn_mark=1461 drop=0
[QUEUE_STATS] t_ms=22416 q_pkts=55 q_bytes=82720 qdelay_l_ms=1.06437 qdelay_c_ms=31.0227 ecn_mark=1462 drop=0
[QUEUE_STATS] t_ms=22432 q_pkts=52 q_bytes=78208 qdelay_l_ms=1.07675 qdelay_c_ms=29.0136 ecn_mark=1462 drop=0
[QUEUE_STATS] t_ms=22448 q_pkts=54 q_bytes=81216 qdelay_l_ms=1.09656 qdelay_c_ms=32.9136 ecn_mark=1462 drop=0
[QUEUE_STATS] t_ms=22464 q_pkts=55 q_bytes=82720 qdelay_l_ms=1.09821 qdelay_c_ms=30.7579 ecn_mark=1463 drop=0
[QUEUE_STATS] t_ms=22480 q_pkts=56 q_bytes=84224 qdelay_l_ms=1.08189 qdelay_c_ms=31.9679 ecn_mark=1464 drop=0
[QUEUE_STATS] t_ms=22496 q_pkts=56 q_bytes=84224 qdelay_l_ms=1.07992 qdelay_c_ms=33.108 ecn_mark=1464 drop=0
[QUEUE_STATS] t_ms=22512 q_pkts=54 q_bytes=81216 qdelay_l_ms=1.0735 qdelay_c_ms=30.9876 ecn_mark=1464 drop=0
[QUEUE_STATS] t_ms=22528 q_pkts=54 q_bytes=81216 qdelay_l_ms=1.08539 qdelay_c_ms=33.0237 ecn_mark=1464 drop=0
[QUEUE_STATS] t_ms=22544 q_pkts=54 q_bytes=81216 qdelay_l_ms=1.0962 qdelay_c_ms=32.9983 ecn_mark=1464 drop=0
[QUEUE_STATS] t_ms=22560 q_pkts=55 q_bytes=82720 qdelay_l_ms=1.11566 qdelay_c_ms=32.2049 ecn_mark=1464 drop=0
[QUEUE_STATS] t_ms=22576 q_pkts=55 q_bytes=82720 qdelay_l_ms=1.0868 qdelay_c_ms=33.087 ecn_mark=1465 drop=0
[QUEUE_STATS] t_ms=22592 q_pkts=57 q_bytes=85728 qdelay_l_ms=0.755079 qdelay_c_ms=34.8711 ecn_mark=1466 drop=0
[QUEUE_STATS] t_ms=22608 q_pkts=56 q_bytes=84224 qdelay_l_ms=1.0953 qdelay_c_ms=33.0514 ecn_mark=1467 drop=0
[QUEUE_STATS] t_ms=22624 q_pkts=55 q_bytes=82720 qdelay_l_ms=1.07759 qdelay_c_ms=33.0573 ecn_mark=1467 drop=0
[QUEUE_STATS] t_ms=22640 q_pkts=57 q_bytes=85728 qdelay_l_ms=0.761762 qdelay_c_ms=34.9144 ecn_mark=1467 drop=0
[QUEUE_STATS] t_ms=22656 q_pkts=55 q_bytes=82720 qdelay_l_ms=1.08981 qdelay_c_ms=34.1456 ecn_mark=1468 drop=0
[QUEUE_STATS] t_ms=22672 q_pkts=56 q_bytes=84224 qdelay_l_ms=1.0875 qdelay_c_ms=33.077 ecn_mark=1468 drop=0
[QUEUE_STATS] t_ms=22689 q_pkts=54 q_bytes=81216 qdelay_l_ms=1.10063 qdelay_c_ms=35.4176 ecn_mark=1468 drop=0
[QUEUE_STATS] t_ms=22704 q_pkts=56 q_bytes=84224 qdelay_l_ms=0.732277 qdelay_c_ms=35.9386 ecn_mark=1468 drop=0
[QUEUE_STATS] t_ms=22720 q_pkts=57 q_bytes=85728 qdelay_l_ms=1.0784 qdelay_c_ms=31.5952 ecn_mark=1468 drop=0
[QUEUE_STATS] t_ms=22736 q_pkts=58 q_bytes=87232 qdelay_l_ms=0.727067 qdelay_c_ms=34.7693 ecn_mark=1468 drop=0
[QUEUE_STATS] t_ms=22752 q_pkts=58 q_bytes=87232 qdelay_l_ms=1.07702 qdelay_c_ms=36.0161 ecn_mark=1468 drop=0
[QUEUE_STATS] t_ms=22768 q_pkts=58 q_bytes=87232 qdelay_l_ms=1.0789 qdelay_c_ms=33.8999 ecn_mark=1469 drop=0
[QUEUE_STATS] t_ms=22784 q_pkts=57 q_bytes=85728 qdelay_l_ms=1.09697 qdelay_c_ms=36.3626 ecn_mark=1469 drop=0
[QUEUE_STATS] t_ms=22800 q_pkts=57 q_bytes=85728 qdelay_l_ms=0.729451 qdelay_c_ms=36.0254 ecn_mark=1471 drop=0
[QUEUE_STATS] t_ms=22816 q_pkts=57 q_bytes=85728 qdelay_l_ms=1.07887 qdelay_c_ms=36.1654 ecn_mark=1475 drop=0
[QUEUE_STATS] t_ms=22832 q_pkts=60 q_bytes=90240 qdelay_l_ms=0.738638 qdelay_c_ms=37.0141 ecn_mark=1476 drop=0
[QUEUE_STATS] t_ms=22848 q_pkts=58 q_bytes=87232 qdelay_l_ms=1.08084 qdelay_c_ms=35.8528 ecn_mark=1477 drop=0
[QUEUE_STATS] t_ms=22864 q_pkts=58 q_bytes=87232 qdelay_l_ms=1.08599 qdelay_c_ms=36.0203 ecn_mark=1479 drop=0
[QUEUE_STATS] t_ms=22880 q_pkts=60 q_bytes=90240 qdelay_l_ms=1.08708 qdelay_c_ms=38.0211 ecn_mark=1480 drop=0
[QUEUE_STATS] t_ms=22896 q_pkts=59 q_bytes=88736 qdelay_l_ms=0.740431 qdelay_c_ms=35.6976 ecn_mark=1480 drop=0
[QUEUE_STATS] t_ms=22912 q_pkts=57 q_bytes=85728 qdelay_l_ms=1.06574 qdelay_c_ms=35.123 ecn_mark=1483 drop=0
[QUEUE_STATS] t_ms=22928 q_pkts=58 q_bytes=87232 qdelay_l_ms=1.08885 qdelay_c_ms=37.7407 ecn_mark=1485 drop=0
[QUEUE_STATS] t_ms=22944 q_pkts=57 q_bytes=85728 qdelay_l_ms=1.08373 qdelay_c_ms=35.0338 ecn_mark=1485 drop=0
[QUEUE_STATS] t_ms=22960 q_pkts=51 q_bytes=76704 qdelay_l_ms=1.05971 qdelay_c_ms=35.3256 ecn_mark=1488 drop=0
[QUEUE_STATS] t_ms=22976 q_pkts=43 q_bytes=64672 qdelay_l_ms=1.0941 qdelay_c_ms=38.1319 ecn_mark=1488 drop=0
[QUEUE_STATS] t_ms=22992 q_pkts=36 q_bytes=54144 qdelay_l_ms=0.735402 qdelay_c_ms=29.7923 ecn_mark=1488 drop=0
[QUEUE_STATS] t_ms=23008 q_pkts=28 q_bytes=42112 qdelay_l_ms=1.08767 qdelay_c_ms=26.9454 ecn_mark=1490 drop=0
[QUEUE_STATS] t_ms=23024 q_pkts=21 q_bytes=31584 qdelay_l_ms=0.734159 qdelay_c_ms=12.8384 ecn_mark=1491 drop=0
[QUEUE_STATS] t_ms=23040 q_pkts=22 q_bytes=33088 qdelay_l_ms=1.08321 qdelay_c_ms=15.023 ecn_mark=1491 drop=0
[QUEUE_STATS] t_ms=23056 q_pkts=23 q_bytes=34592 qdelay_l_ms=1.08403 qdelay_c_ms=13.8018 ecn_mark=1491 drop=0
[QUEUE_STATS] t_ms=23072 q_pkts=24 q_bytes=36096 qdelay_l_ms=1.05129 qdelay_c_ms=12.2325 ecn_mark=1492 drop=0
[QUEUE_STATS] t_ms=23089 q_pkts=26 q_bytes=39104 qdelay_l_ms=1.10309 qdelay_c_ms=15.1654 ecn_mark=1493 drop=0
[QUEUE_STATS] t_ms=23104 q_pkts=26 q_bytes=39104 qdelay_l_ms=0.649621 qdelay_c_ms=14.9908 ecn_mark=1495 drop=0
[QUEUE_STATS] t_ms=23120 q_pkts=25 q_bytes=37600 qdelay_l_ms=0.716066 qdelay_c_ms=13.8106 ecn_mark=1495 drop=0
[QUEUE_STATS] t_ms=23136 q_pkts=25 q_bytes=37600 qdelay_l_ms=1.07337 qdelay_c_ms=18.08 ecn_mark=1495 drop=0
[QUEUE_STATS] t_ms=23152 q_pkts=25 q_bytes=37600 qdelay_l_ms=0.730052 qdelay_c_ms=10.7135 ecn_mark=1495 drop=0
[QUEUE_STATS] t_ms=23168 q_pkts=24 q_bytes=36096 qdelay_l_ms=1.07936 qdelay_c_ms=15.2796 ecn_mark=1495 drop=0
[QUEUE_STATS] t_ms=23184 q_pkts=25 q_bytes=37600 qdelay_l_ms=1.07622 qdelay_c_ms=15.8266 ecn_mark=1497 drop=0
[QUEUE_STATS] t_ms=23200 q_pkts=25 q_bytes=37600 qdelay_l_ms=1.0842 qdelay_c_ms=13.1978 ecn_mark=1499 drop=0
[QUEUE_STATS] t_ms=23216 q_pkts=28 q_bytes=42112 qdelay_l_ms=1.06891 qdelay_c_ms=15.8324 ecn_mark=1499 drop=0
[QUEUE_STATS] t_ms=23232 q_pkts=28 q_bytes=42112 qdelay_l_ms=1.07099 qdelay_c_ms=17.0473 ecn_mark=1501 drop=0
[QUEUE_STATS] t_ms=23248 q_pkts=29 q_bytes=43616 qdelay_l_ms=1.08535 qdelay_c_ms=15.9813 ecn_mark=1501 drop=0
[QUEUE_STATS] t_ms=23264 q_pkts=29 q_bytes=43616 qdelay_l_ms=0.72899 qdelay_c_ms=18.7434 ecn_mark=1502 drop=0
[QUEUE_STATS] t_ms=23280 q_pkts=28 q_bytes=42112 qdelay_l_ms=0.731455 qdelay_c_ms=13.8573 ecn_mark=1502 drop=0
[QUEUE_STATS] t_ms=23296 q_pkts=28 q_bytes=42112 qdelay_l_ms=1.05929 qdelay_c_ms=19.224 ecn_mark=1503 drop=0
[QUEUE_STATS] t_ms=23312 q_pkts=30 q_bytes=45120 qdelay_l_ms=1.06993 qdelay_c_ms=20.2342 ecn_mark=1504 drop=0
[QUEUE_STATS] t_ms=23328 q_pkts=29 q_bytes=43616 qdelay_l_ms=1.06884 qdelay_c_ms=15.9867 ecn_mark=1504 drop=0
[QUEUE_STATS] t_ms=23344 q_pkts=28 q_bytes=42112 qdelay_l_ms=1.0747 qdelay_c_ms=20.1633 ecn_mark=1505 drop=0
[QUEUE_STATS] t_ms=23360 q_pkts=32 q_bytes=48128 qdelay_l_ms=1.10189 qdelay_c_ms=18.681 ecn_mark=1507 drop=0
[QUEUE_STATS] t_ms=23376 q_pkts=32 q_bytes=48128 qdelay_l_ms=1.06894 qdelay_c_ms=16.9484 ecn_mark=1509 drop=0
[QUEUE_STATS] t_ms=23392 q_pkts=30 q_bytes=45120 qdelay_l_ms=1.06845 qdelay_c_ms=19.8658 ecn_mark=1513 drop=0
[QUEUE_STATS] t_ms=23408 q_pkts=33 q_bytes=49632 qdelay_l_ms=0.728699 qdelay_c_ms=15.945 ecn_mark=1514 drop=0
[QUEUE_STATS] t_ms=23424 q_pkts=31 q_bytes=46624 qdelay_l_ms=1.06947 qdelay_c_ms=21.0333 ecn_mark=1514 drop=0
[QUEUE_STATS] t_ms=23440 q_pkts=32 q_bytes=48128 qdelay_l_ms=1.07967 qdelay_c_ms=22.1625 ecn_mark=1515 drop=0
[QUEUE_STATS] t_ms=23456 q_pkts=34 q_bytes=51136 qdelay_l_ms=1.08531 qdelay_c_ms=18.9554 ecn_mark=1515 drop=0
[QUEUE_STATS] t_ms=23472 q_pkts=34 q_bytes=51136 qdelay_l_ms=1.11587 qdelay_c_ms=22.501 ecn_mark=1515 drop=0
[QUEUE_STATS] t_ms=23488 q_pkts=34 q_bytes=51136 qdelay_l_ms=0.705887 qdelay_c_ms=21.9043 ecn_mark=1517 drop=0
[QUEUE_STATS] t_ms=23504 q_pkts=33 q_bytes=49632 qdelay_l_ms=1.11328 qdelay_c_ms=19.1085 ecn_mark=1518 drop=0
[QUEUE_STATS] t_ms=23520 q_pkts=34 q_bytes=51136 qdelay_l_ms=0.740121 qdelay_c_ms=20.7825 ecn_mark=1518 drop=0
[QUEUE_STATS] t_ms=23536 q_pkts=33 q_bytes=49632 qdelay_l_ms=1.06627 qdelay_c_ms=19.798 ecn_mark=1519 drop=0
[QUEUE_STATS] t_ms=23552 q_pkts=33 q_bytes=49632 qdelay_l_ms=1.08618 qdelay_c_ms=21.2281 ecn_mark=1519 drop=0
[QUEUE_STATS] t_ms=23568 q_pkts=35 q_bytes=52640 qdelay_l_ms=1.08668 qdelay_c_ms=22.2473 ecn_mark=1519 drop=0
[QUEUE_STATS] t_ms=23584 q_pkts=35 q_bytes=52640 qdelay_l_ms=1.06983 qdelay_c_ms=19.2405 ecn_mark=1519 drop=0
[QUEUE_STATS] t_ms=23601 q_pkts=34 q_bytes=51136 qdelay_l_ms=1.09575 qdelay_c_ms=23.2984 ecn_mark=1519 drop=0
[QUEUE_STATS] t_ms=23616 q_pkts=36 q_bytes=54144 qdelay_l_ms=1.07156 qdelay_c_ms=23.2149 ecn_mark=1520 drop=0
[QUEUE_STATS] t_ms=23632 q_pkts=36 q_bytes=54144 qdelay_l_ms=1.05997 qdelay_c_ms=20.7966 ecn_mark=1520 drop=0
[QUEUE_STATS] t_ms=23648 q_pkts=38 q_bytes=57152 qdelay_l_ms=0.729321 qdelay_c_ms=25.0212 ecn_mark=1521 drop=0
[QUEUE_STATS] t_ms=23664 q_pkts=37 q_bytes=55648 qdelay_l_ms=1.07035 qdelay_c_ms=21.8271 ecn_mark=1523 drop=0
[QUEUE_STATS] t_ms=23680 q_pkts=38 q_bytes=57152 qdelay_l_ms=1.061 qdelay_c_ms=21.758 ecn_mark=1524 drop=0
[QUEUE_STATS] t_ms=23696 q_pkts=35 q_bytes=52640 qdelay_l_ms=1.08691 qdelay_c_ms=25.0184 ecn_mark=1524 drop=0
[QUEUE_STATS] t_ms=23712 q_pkts=36 q_bytes=54144 qdelay_l_ms=1.06587 qdelay_c_ms=19.1238 ecn_mark=1524 drop=0
[QUEUE_STATS] t_ms=23729 q_pkts=36 q_bytes=54144 qdelay_l_ms=1.04835 qdelay_c_ms=24.4028 ecn_mark=1526 drop=0
[QUEUE_STATS] t_ms=23744 q_pkts=35 q_bytes=52640 qdelay_l_ms=0.01594 qdelay_c_ms=24.2058 ecn_mark=1526 drop=0
[QUEUE_STATS] t_ms=23760 q_pkts=40 q_bytes=60160 qdelay_l_ms=1.06899 qdelay_c_ms=22.2051 ecn_mark=1526 drop=0
[QUEUE_STATS] t_ms=23776 q_pkts=40 q_bytes=60160 qdelay_l_ms=0.642237 qdelay_c_ms=25.0045 ecn_mark=1526 drop=0
[QUEUE_STATS] t_ms=23793 q_pkts=39 q_bytes=58656 qdelay_l_ms=0 qdelay_c_ms=26.393 ecn_mark=1527 drop=0
[QUEUE_STATS] t_ms=23808 q_pkts=40 q_bytes=60160 qdelay_l_ms=1.055 qdelay_c_ms=23.1139 ecn_mark=1528 drop=0
[QUEUE_STATS] t_ms=23824 q_pkts=42 q_bytes=63168 qdelay_l_ms=1.06605 qdelay_c_ms=27.9907 ecn_mark=1528 drop=0
[QUEUE_STATS] t_ms=23840 q_pkts=42 q_bytes=63168 qdelay_l_ms=1.11025 qdelay_c_ms=24.1387 ecn_mark=1528 drop=0
[QUEUE_STATS] t_ms=23856 q_pkts=41 q_bytes=61664 qdelay_l_ms=1.10025 qdelay_c_ms=24.0803 ecn_mark=1528 drop=0
[QUEUE_STATS] t_ms=23872 q_pkts=40 q_bytes=60160 qdelay_l_ms=1.06647 qdelay_c_ms=28.1959 ecn_mark=1528 drop=0
[QUEUE_STATS] t_ms=23888 q_pkts=42 q_bytes=63168 qdelay_l_ms=1.05976 qdelay_c_ms=25.7868 ecn_mark=1528 drop=0
[QUEUE_STATS] t_ms=23904 q_pkts=44 q_bytes=66176 qdelay_l_ms=1.02924 qdelay_c_ms=27.8425 ecn_mark=1529 drop=0
[QUEUE_STATS] t_ms=23920 q_pkts=46 q_bytes=69184 qdelay_l_ms=1.05063 qdelay_c_ms=29.9314 ecn_mark=1530 drop=0
[QUEUE_STATS] t_ms=23936 q_pkts=45 q_bytes=67680 qdelay_l_ms=1.03948 qdelay_c_ms=27.7369 ecn_mark=1533 drop=0
[QUEUE_STATS] t_ms=23952 q_pkts=43 q_bytes=64672 qdelay_l_ms=1.05554 qdelay_c_ms=31.0793 ecn_mark=1534 drop=0
[QUEUE_STATS] t_ms=23968 q_pkts=46 q_bytes=69184 qdelay_l_ms=0.865637 qdelay_c_ms=29.8186 ecn_mark=1535 drop=0
[QUEUE_STATS] t_ms=23984 q_pkts=43 q_bytes=64672 qdelay_l_ms=1.04112 qdelay_c_ms=28.1566 ecn_mark=1537 drop=0
[QUEUE_STATS] t_ms=24000 q_pkts=44 q_bytes=66176 qdelay_l_ms=0.913807 qdelay_c_ms=29.9712 ecn_mark=1538 drop=0
[QUEUE_STATS] t_ms=24016 q_pkts=46 q_bytes=69184 qdelay_l_ms=1.06535 qdelay_c_ms=28.8503 ecn_mark=1538 drop=0
[QUEUE_STATS] t_ms=24032 q_pkts=44 q_bytes=66176 qdelay_l_ms=1.1037 qdelay_c_ms=28.3132 ecn_mark=1538 drop=0
[QUEUE_STATS] t_ms=24048 q_pkts=45 q_bytes=67680 qdelay_l_ms=0.528754 qdelay_c_ms=29.9804 ecn_mark=1538 drop=0
[QUEUE_STATS] t_ms=24064 q_pkts=47 q_bytes=70688 qdelay_l_ms=1.04333 qdelay_c_ms=28.0745 ecn_mark=1538 drop=0
[QUEUE_STATS] t_ms=24080 q_pkts=46 q_bytes=69184 qdelay_l_ms=0.844748 qdelay_c_ms=30.9443 ecn_mark=1538 drop=0
[QUEUE_STATS] t_ms=24096 q_pkts=48 q_bytes=72192 qdelay_l_ms=1.11429 qdelay_c_ms=33.2111 ecn_mark=1538 drop=0
[QUEUE_STATS] t_ms=24112 q_pkts=49 q_bytes=73696 qdelay_l_ms=1.02625 qdelay_c_ms=32.1693 ecn_mark=1538 drop=0
[QUEUE_STATS] t_ms=24129 q_pkts=49 q_bytes=73696 qdelay_l_ms=1.11397 qdelay_c_ms=30.939 ecn_mark=1539 drop=0
[QUEUE_STATS] t_ms=24144 q_pkts=50 q_bytes=75200 qdelay_l_ms=1.09011 qdelay_c_ms=34.2478 ecn_mark=1541 drop=0
[QUEUE_STATS] t_ms=24160 q_pkts=49 q_bytes=73696 qdelay_l_ms=1.03935 qdelay_c_ms=32.9203 ecn_mark=1543 drop=0
[QUEUE_STATS] t_ms=24176 q_pkts=49 q_bytes=73696 qdelay_l_ms=1.02458 qdelay_c_ms=32.1367 ecn_mark=1544 drop=0
[QUEUE_STATS] t_ms=24192 q_pkts=51 q_bytes=76704 qdelay_l_ms=1.07678 qdelay_c_ms=35.2033 ecn_mark=1545 drop=0
[QUEUE_STATS] t_ms=24208 q_pkts=50 q_bytes=75200 qdelay_l_ms=1.03981 qdelay_c_ms=33.1389 ecn_mark=1547 drop=0
[QUEUE_STATS] t_ms=24224 q_pkts=50 q_bytes=75200 qdelay_l_ms=1.06023 qdelay_c_ms=33.877 ecn_mark=1548 drop=0
[QUEUE_STATS] t_ms=24240 q_pkts=50 q_bytes=75200 qdelay_l_ms=1.03196 qdelay_c_ms=36.0232 ecn_mark=1548 drop=0
[QUEUE_STATS] t_ms=24256 q_pkts=49 q_bytes=73696 qdelay_l_ms=1.02754 qdelay_c_ms=33.0981 ecn_mark=1548 drop=0
[QUEUE_STATS] t_ms=24272 q_pkts=50 q_bytes=75200 qdelay_l_ms=1.10134 qdelay_c_ms=34.1597 ecn_mark=1548 drop=0
[QUEUE_STATS] t_ms=24288 q_pkts=52 q_bytes=78208 qdelay_l_ms=1.01687 qdelay_c_ms=36.903 ecn_mark=1549 drop=0
[QUEUE_STATS] t_ms=24304 q_pkts=50 q_bytes=75200 qdelay_l_ms=0.833176 qdelay_c_ms=32.8695 ecn_mark=1550 drop=0
[QUEUE_STATS] t_ms=24320 q_pkts=54 q_bytes=81216 qdelay_l_ms=1.09505 qdelay_c_ms=37.4409 ecn_mark=1552 drop=0
[QUEUE_STATS] t_ms=24336 q_pkts=52 q_bytes=78208 qdelay_l_ms=1.01642 qdelay_c_ms=36.9024 ecn_mark=1553 drop=0
[QUEUE_STATS] t_ms=24352 q_pkts=53 q_bytes=79712 qdelay_l_ms=1.09718 qdelay_c_ms=35.1167 ecn_mark=1554 drop=0
[QUEUE_STATS] t_ms=24368 q_pkts=53 q_bytes=79712 qdelay_l_ms=1.01984 qdelay_c_ms=37.0065 ecn_mark=1555 drop=0
[QUEUE_STATS] t_ms=24384 q_pkts=54 q_bytes=81216 qdelay_l_ms=1.01508 qdelay_c_ms=36.0307 ecn_mark=1557 drop=0
[QUEUE_STATS] t_ms=24400 q_pkts=52 q_bytes=78208 qdelay_l_ms=1.0973 qdelay_c_ms=35.9151 ecn_mark=1557 drop=0
[QUEUE_STATS] t_ms=24416 q_pkts=52 q_bytes=78208 qdelay_l_ms=1.02179 qdelay_c_ms=37.9759 ecn_mark=1557 drop=0
[QUEUE_STATS] t_ms=24432 q_pkts=54 q_bytes=81216 qdelay_l_ms=1.0192 qdelay_c_ms=35.9569 ecn_mark=1557 drop=0
[QUEUE_STATS] t_ms=24448 q_pkts=54 q_bytes=81216 qdelay_l_ms=1.0182 qdelay_c_ms=36.1433 ecn_mark=1557 drop=0
[QUEUE_STATS] t_ms=24464 q_pkts=55 q_bytes=82720 qdelay_l_ms=1.0103 qdelay_c_ms=38.7279 ecn_mark=1557 drop=0
[QUEUE_STATS] t_ms=24480 q_pkts=54 q_bytes=81216 qdelay_l_ms=1.0118 qdelay_c_ms=35.6964 ecn_mark=1558 drop=0
[QUEUE_STATS] t_ms=24496 q_pkts=56 q_bytes=84224 qdelay_l_ms=1.06821 qdelay_c_ms=39.4926 ecn_mark=1559 drop=0
[QUEUE_STATS] t_ms=24512 q_pkts=56 q_bytes=84224 qdelay_l_ms=1.00907 qdelay_c_ms=39.8063 ecn_mark=1559 drop=0
[QUEUE_STATS] t_ms=24528 q_pkts=55 q_bytes=82720 qdelay_l_ms=1.00908 qdelay_c_ms=35.8187 ecn_mark=1559 drop=0
[QUEUE_STATS] t_ms=24544 q_pkts=57 q_bytes=85728 qdelay_l_ms=1.1001 qdelay_c_ms=41.1318 ecn_mark=1560 drop=0
[QUEUE_STATS] t_ms=24560 q_pkts=59 q_bytes=88736 qdelay_l_ms=1.06112 qdelay_c_ms=42.3939 ecn_mark=1560 drop=0
[QUEUE_STATS] t_ms=24576 q_pkts=59 q_bytes=88736 qdelay_l_ms=1.04457 qdelay_c_ms=38.8063 ecn_mark=1561 drop=0
[QUEUE_STATS] t_ms=24592 q_pkts=57 q_bytes=85728 qdelay_l_ms=0.838716 qdelay_c_ms=43.0546 ecn_mark=1561 drop=0
[QUEUE_STATS] t_ms=24608 q_pkts=57 q_bytes=85728 qdelay_l_ms=0.993827 qdelay_c_ms=40.0244 ecn_mark=1563 drop=0
[QUEUE_STATS] t_ms=24624 q_pkts=59 q_bytes=88736 qdelay_l_ms=1.08801 qdelay_c_ms=43.1503 ecn_mark=1563 drop=0
[QUEUE_STATS] t_ms=24640 q_pkts=57 q_bytes=85728 qdelay_l_ms=1.00264 qdelay_c_ms=42.0115 ecn_mark=1565 drop=0
[QUEUE_STATS] t_ms=24656 q_pkts=57 q_bytes=85728 qdelay_l_ms=1.0928 qdelay_c_ms=39.9843 ecn_mark=1567 drop=0
[QUEUE_STATS] t_ms=24672 q_pkts=59 q_bytes=88736 qdelay_l_ms=1.01173 qdelay_c_ms=41.9403 ecn_mark=1567 drop=0
[QUEUE_STATS] t_ms=24688 q_pkts=60 q_bytes=90240 qdelay_l_ms=1.00688 qdelay_c_ms=44.2264 ecn_mark=1568 drop=0
[QUEUE_STATS] t_ms=24704 q_pkts=58 q_bytes=87232 qdelay_l_ms=0.035908 qdelay_c_ms=41.3777 ecn_mark=1569 drop=0
[QUEUE_STATS] t_ms=24720 q_pkts=58 q_bytes=87232 qdelay_l_ms=1.02048 qdelay_c_ms=43.8856 ecn_mark=1570 drop=0
[QUEUE_STATS] t_ms=24736 q_pkts=59 q_bytes=88736 qdelay_l_ms=0.999028 qdelay_c_ms=41.9268 ecn_mark=1573 drop=0
[QUEUE_STATS] t_ms=24752 q_pkts=60 q_bytes=90240 qdelay_l_ms=1.10475 qdelay_c_ms=43.2006 ecn_mark=1576 drop=0
[QUEUE_STATS] t_ms=24768 q_pkts=62 q_bytes=93248 qdelay_l_ms=1.00108 qdelay_c_ms=43.7992 ecn_mark=1580 drop=0
[QUEUE_STATS] t_ms=24784 q_pkts=60 q_bytes=90240 qdelay_l_ms=0.998227 qdelay_c_ms=43.0539 ecn_mark=1582 drop=0
[QUEUE_STATS] t_ms=24800 q_pkts=61 q_bytes=91744 qdelay_l_ms=1.0017 qdelay_c_ms=43.1338 ecn_mark=1585 drop=0
[QUEUE_STATS] t_ms=24816 q_pkts=61 q_bytes=91744 qdelay_l_ms=0 qdelay_c_ms=45.0157 ecn_mark=1585 drop=0
[QUEUE_STATS] t_ms=24832 q_pkts=60 q_bytes=90240 qdelay_l_ms=0.997955 qdelay_c_ms=43.0109 ecn_mark=1586 drop=0
[QUEUE_STATS] t_ms=24848 q_pkts=61 q_bytes=91744 qdelay_l_ms=1.00107 qdelay_c_ms=44.023 ecn_mark=1587 drop=0
[QUEUE_STATS] t_ms=24864 q_pkts=60 q_bytes=90240 qdelay_l_ms=1.00685 qdelay_c_ms=43.9924 ecn_mark=1590 drop=0
[QUEUE_STATS] t_ms=24880 q_pkts=61 q_bytes=91744 qdelay_l_ms=1.05278 qdelay_c_ms=42.7985 ecn_mark=1591 drop=0
[QUEUE_STATS] t_ms=24896 q_pkts=59 q_bytes=88736 qdelay_l_ms=1.0026 qdelay_c_ms=43.0793 ecn_mark=1592 drop=0
[QUEUE_STATS] t_ms=24912 q_pkts=59 q_bytes=88736 qdelay_l_ms=1.00812 qdelay_c_ms=44.1485 ecn_mark=1593 drop=0
[QUEUE_STATS] t_ms=24928 q_pkts=62 q_bytes=93248 qdelay_l_ms=1.06536 qdelay_c_ms=44.0076 ecn_mark=1595 drop=0
[QUEUE_STATS] t_ms=24944 q_pkts=60 q_bytes=90240 qdelay_l_ms=1.11725 qdelay_c_ms=44.1448 ecn_mark=1596 drop=0
[QUEUE_STATS] t_ms=24960 q_pkts=60 q_bytes=90240 qdelay_l_ms=0.995781 qdelay_c_ms=42.8595 ecn_mark=1597 drop=0
[QUEUE_STATS] t_ms=24976 q_pkts=61 q_bytes=91744 qdelay_l_ms=1.00849 qdelay_c_ms=44.9897 ecn_mark=1597 drop=0
[QUEUE_STATS] t_ms=24992 q_pkts=62 q_bytes=93248 qdelay_l_ms=1.00476 qdelay_c_ms=43.7339 ecn_mark=1598 drop=0
[QUEUE_STATS] t_ms=25008 q_pkts=60 q_bytes=90240 qdelay_l_ms=1.05856 qdelay_c_ms=44.2159 ecn_mark=1598 drop=0
[QUEUE_STATS] t_ms=25024 q_pkts=62 q_bytes=93248 qdelay_l_ms=0.978449 qdelay_c_ms=44.9925 ecn_mark=1598 drop=0
[QUEUE_STATS] t_ms=25040 q_pkts=62 q_bytes=93248 qdelay_l_ms=1.09427 qdelay_c_ms=45.4532 ecn_mark=1600 drop=0
[QUEUE_STATS] t_ms=25056 q_pkts=63 q_bytes=94752 qdelay_l_ms=1.09454 qdelay_c_ms=42.5628 ecn_mark=1601 drop=0
[QUEUE_STATS] t_ms=25072 q_pkts=64 q_bytes=96256 qdelay_l_ms=1.00186 qdelay_c_ms=45.9908 ecn_mark=1601 drop=0
[QUEUE_STATS] t_ms=25088 q_pkts=64 q_bytes=96256 qdelay_l_ms=0.989589 qdelay_c_ms=46.4534 ecn_mark=1603 drop=0
[QUEUE_STATS] t_ms=25104 q_pkts=63 q_bytes=94752 qdelay_l_ms=1.05089 qdelay_c_ms=47.1399 ecn_mark=1604 drop=0
[QUEUE_STATS] t_ms=25120 q_pkts=63 q_bytes=94752 qdelay_l_ms=1.00755 qdelay_c_ms=46.0093 ecn_mark=1604 drop=0
[QUEUE_STATS] t_ms=25136 q_pkts=62 q_bytes=93248 qdelay_l_ms=1.10228 qdelay_c_ms=44.14 ecn_mark=1605 drop=0
[QUEUE_STATS] t_ms=25153 q_pkts=63 q_bytes=94752 qdelay_l_ms=1.10437 qdelay_c_ms=47.0716 ecn_mark=1606 drop=0
[QUEUE_STATS] t_ms=25168 q_pkts=63 q_bytes=94752 qdelay_l_ms=1.0075 qdelay_c_ms=46.031 ecn_mark=1610 drop=0
[QUEUE_STATS] t_ms=25184 q_pkts=62 q_bytes=93248 qdelay_l_ms=1.07241 qdelay_c_ms=43.0134 ecn_mark=1610 drop=0
[QUEUE_STATS] t_ms=25200 q_pkts=63 q_bytes=94752 qdelay_l_ms=1.10892 qdelay_c_ms=45.507 ecn_mark=1612 drop=0
[QUEUE_STATS] t_ms=25216 q_pkts=65 q_bytes=97760 qdelay_l_ms=1.00534 qdelay_c_ms=46.8856 ecn_mark=1613 drop=0
[QUEUE_STATS] t_ms=25232 q_pkts=62 q_bytes=93248 qdelay_l_ms=1.01126 qdelay_c_ms=44.9188 ecn_mark=1614 drop=0
[QUEUE_STATS] t_ms=25248 q_pkts=63 q_bytes=94752 qdelay_l_ms=1.00212 qdelay_c_ms=45.9393 ecn_mark=1614 drop=0
[QUEUE_STATS] t_ms=25264 q_pkts=63 q_bytes=94752 qdelay_l_ms=0.843696 qdelay_c_ms=46.021 ecn_mark=1615 drop=0
[QUEUE_STATS] t_ms=25280 q_pkts=63 q_bytes=94752 qdelay_l_ms=1.11184 qdelay_c_ms=46.1092 ecn_mark=1616 drop=0
[QUEUE_STATS] t_ms=25296 q_pkts=63 q_bytes=94752 qdelay_l_ms=0.846581 qdelay_c_ms=46.1121 ecn_mark=1619 drop=0
[QUEUE_STATS] t_ms=25312 q_pkts=62 q_bytes=93248 qdelay_l_ms=1.08825 qdelay_c_ms=46.0685 ecn_mark=1620 drop=0
[QUEUE_STATS] t_ms=25328 q_pkts=65 q_bytes=97760 qdelay_l_ms=1.10441 qdelay_c_ms=47.1214 ecn_mark=1621 drop=0
[QUEUE_STATS] t_ms=25344 q_pkts=64 q_bytes=96256 qdelay_l_ms=1.01544 qdelay_c_ms=46.9509 ecn_mark=1623 drop=0
[QUEUE_STATS] t_ms=25360 q_pkts=63 q_bytes=94752 qdelay_l_ms=1.00431 qdelay_c_ms=44.8542 ecn_mark=1624 drop=0
[QUEUE_STATS] t_ms=25376 q_pkts=64 q_bytes=96256 qdelay_l_ms=1.00513 qdelay_c_ms=45.9513 ecn_mark=1625 drop=0
[QUEUE_STATS] t_ms=25392 q_pkts=65 q_bytes=97760 qdelay_l_ms=1.00698 qdelay_c_ms=47.0849 ecn_mark=1625 drop=0
[QUEUE_STATS] t_ms=25408 q_pkts=62 q_bytes=93248 qdelay_l_ms=1.00756 qdelay_c_ms=45.9939 ecn_mark=1627 drop=0
[QUEUE_STATS] t_ms=25424 q_pkts=65 q_bytes=97760 qdelay_l_ms=1.10856 qdelay_c_ms=46.3688 ecn_mark=1627 drop=0
[QUEUE_STATS] t_ms=25440 q_pkts=63 q_bytes=94752 qdelay_l_ms=1.09422 qdelay_c_ms=48.0737 ecn_mark=1628 drop=0
[QUEUE_STATS] t_ms=25457 q_pkts=63 q_bytes=94752 qdelay_l_ms=1.0778 qdelay_c_ms=45.1938 ecn_mark=1631 drop=0
[QUEUE_STATS] t_ms=25472 q_pkts=64 q_bytes=96256 qdelay_l_ms=1.01161 qdelay_c_ms=46.0508 ecn_mark=1633 drop=0
[QUEUE_STATS] t_ms=25488 q_pkts=62 q_bytes=93248 qdelay_l_ms=1.01529 qdelay_c_ms=45.0836 ecn_mark=1636 drop=0
[QUEUE_STATS] t_ms=25504 q_pkts=64 q_bytes=96256 qdelay_l_ms=0.992075 qdelay_c_ms=45.0247 ecn_mark=1638 drop=0
[QUEUE_STATS] t_ms=25520 q_pkts=64 q_bytes=96256 qdelay_l_ms=0.990972 qdelay_c_ms=44.9454 ecn_mark=1640 drop=0
[QUEUE_STATS] t_ms=25536 q_pkts=59 q_bytes=88736 qdelay_l_ms=1.0053 qdelay_c_ms=45.0501 ecn_mark=1641 drop=0
[QUEUE_STATS] t_ms=25552 q_pkts=52 q_bytes=78208 qdelay_l_ms=1.08757 qdelay_c_ms=46.1061 ecn_mark=1641 drop=0
[QUEUE_STATS] t_ms=25568 q_pkts=46 q_bytes=69184 qdelay_l_ms=1.00793 qdelay_c_ms=45.8744 ecn_mark=1641 drop=0
[QUEUE_STATS] t_ms=25584 q_pkts=40 q_bytes=60160 qdelay_l_ms=1.11496 qdelay_c_ms=38.0865 ecn_mark=1641 drop=0
[QUEUE_STATS] t_ms=25600 q_pkts=33 q_bytes=49632 qdelay_l_ms=1.00019 qdelay_c_ms=32.9851 ecn_mark=1641 drop=0
[QUEUE_STATS] t_ms=25616 q_pkts=28 q_bytes=42112 qdelay_l_ms=0.998075 qdelay_c_ms=24.9329 ecn_mark=1642 drop=0
[QUEUE_STATS] t_ms=25632 q_pkts=29 q_bytes=43616 qdelay_l_ms=1.06624 qdelay_c_ms=20.1527 ecn_mark=1644 drop=0
[QUEUE_STATS] t_ms=25648 q_pkts=31 q_bytes=46624 qdelay_l_ms=1.01012 qdelay_c_ms=21.9936 ecn_mark=1648 drop=0
[QUEUE_STATS] t_ms=25664 q_pkts=28 q_bytes=42112 qdelay_l_ms=1.00911 qdelay_c_ms=19.044 ecn_mark=1649 drop=0
[QUEUE_STATS] t_ms=25680 q_pkts=29 q_bytes=43616 qdelay_l_ms=1.1107 qdelay_c_ms=21.9624 ecn_mark=1650 drop=0
[QUEUE_STATS] t_ms=25696 q_pkts=30 q_bytes=45120 qdelay_l_ms=1.0141 qdelay_c_ms=21.6951 ecn_mark=1650 drop=0
[QUEUE_STATS] t_ms=25712 q_pkts=30 q_bytes=45120 qdelay_l_ms=1.00214 qdelay_c_ms=17.9371 ecn_mark=1652 drop=0
[QUEUE_STATS] t_ms=25728 q_pkts=29 q_bytes=43616 qdelay_l_ms=1.09719 qdelay_c_ms=22.5536 ecn_mark=1654 drop=0
[QUEUE_STATS] t_ms=25744 q_pkts=30 q_bytes=45120 qdelay_l_ms=1.01502 qdelay_c_ms=20.6841 ecn_mark=1655 drop=0
[QUEUE_STATS] t_ms=25760 q_pkts=30 q_bytes=45120 qdelay_l_ms=1.01839 qdelay_c_ms=19.2104 ecn_mark=1655 drop=0
[QUEUE_STATS] t_ms=25776 q_pkts=30 q_bytes=45120 qdelay_l_ms=1.07226 qdelay_c_ms=23.9837 ecn_mark=1656 drop=0
[QUEUE_STATS] t_ms=25792 q_pkts=32 q_bytes=48128 qdelay_l_ms=1.01156 qdelay_c_ms=20.5497 ecn_mark=1657 drop=0
[QUEUE_STATS] t_ms=25808 q_pkts=31 q_bytes=46624 qdelay_l_ms=1.09894 qdelay_c_ms=20.3849 ecn_mark=1657 drop=0
[QUEUE_STATS] t_ms=25824 q_pkts=31 q_bytes=46624 qdelay_l_ms=1.09143 qdelay_c_ms=24.3775 ecn_mark=1658 drop=0
[QUEUE_STATS] t_ms=25840 q_pkts=32 q_bytes=48128 qdelay_l_ms=1.12285 qdelay_c_ms=20.3559 ecn_mark=1659 drop=0
[QUEUE_STATS] t_ms=25856 q_pkts=34 q_bytes=51136 qdelay_l_ms=1.10918 qdelay_c_ms=23.46 ecn_mark=1661 drop=0
[QUEUE_STATS] t_ms=25872 q_pkts=32 q_bytes=48128 qdelay_l_ms=1.01659 qdelay_c_ms=23.9452 ecn_mark=1662 drop=0
[QUEUE_STATS] t_ms=25888 q_pkts=31 q_bytes=46624 qdelay_l_ms=1.02723 qdelay_c_ms=19.0733 ecn_mark=1664 drop=0
[QUEUE_STATS] t_ms=25904 q_pkts=34 q_bytes=51136 qdelay_l_ms=1.02051 qdelay_c_ms=20.5835 ecn_mark=1665 drop=0
[QUEUE_STATS] t_ms=25920 q_pkts=31 q_bytes=46624 qdelay_l_ms=1.11105 qdelay_c_ms=22.2529 ecn_mark=1667 drop=0
[QUEUE_STATS] t_ms=25936 q_pkts=31 q_bytes=46624 qdelay_l_ms=1.03027 qdelay_c_ms=21.7983 ecn_mark=1668 drop=0
[QUEUE_STATS] t_ms=25952 q_pkts=31 q_bytes=46624 qdelay_l_ms=1.06906 qdelay_c_ms=23.0146 ecn_mark=1668 drop=0
[QUEUE_STATS] t_ms=25968 q_pkts=34 q_bytes=51136 qdelay_l_ms=1.10032 qdelay_c_ms=20.8595 ecn_mark=1669 drop=0
[QUEUE_STATS] t_ms=25984 q_pkts=32 q_bytes=48128 qdelay_l_ms=1.07702 qdelay_c_ms=22.0479 ecn_mark=1670 drop=0
[QUEUE_STATS] t_ms=26000 q_pkts=33 q_bytes=49632 qdelay_l_ms=0.700015 qdelay_c_ms=20.5574 ecn_mark=1671 drop=0
[QUEUE_STATS] t_ms=26016 q_pkts=31 q_bytes=46624 qdelay_l_ms=1.08636 qdelay_c_ms=21.2859 ecn_mark=1674 drop=0
[QUEUE_STATS] t_ms=26033 q_pkts=34 q_bytes=51136 qdelay_l_ms=1.11132 qdelay_c_ms=23.373 ecn_mark=1677 drop=0
[QUEUE_STATS] t_ms=26048 q_pkts=31 q_bytes=46624 qdelay_l_ms=1.03275 qdelay_c_ms=20.0737 ecn_mark=1677 drop=0
[QUEUE_STATS] t_ms=26064 q_pkts=33 q_bytes=49632 qdelay_l_ms=1.02663 qdelay_c_ms=22.173 ecn_mark=1678 drop=0
[QUEUE_STATS] t_ms=26080 q_pkts=34 q_bytes=51136 qdelay_l_ms=1.06773 qdelay_c_ms=24.1809 ecn_mark=1679 drop=0
[QUEUE_STATS] t_ms=26096 q_pkts=34 q_bytes=51136 qdelay_l_ms=1.03545 qdelay_c_ms=19.5505 ecn_mark=1679 drop=0
[QUEUE_STATS] t_ms=26112 q_pkts=32 q_bytes=48128 qdelay_l_ms=1.1125 qdelay_c_ms=23.1246 ecn_mark=1679 drop=0
[QUEUE_STATS] t_ms=26128 q_pkts=35 q_bytes=52640 qdelay_l_ms=1.0232 qdelay_c_ms=21.7428 ecn_mark=1679 drop=0
[QUEUE_STATS] t_ms=26144 q_pkts=34 q_bytes=51136 qdelay_l_ms=0.700928 qdelay_c_ms=19.622 ecn_mark=1679 drop=0
[QUEUE_STATS] t_ms=26160 q_pkts=35 q_bytes=52640 qdelay_l_ms=1.12093 qdelay_c_ms=22.9164 ecn_mark=1679 drop=0
[QUEUE_STATS] t_ms=26176 q_pkts=33 q_bytes=49632 qdelay_l_ms=1.01866 qdelay_c_ms=23.866 ecn_mark=1682 drop=0
[QUEUE_STATS] t_ms=26192 q_pkts=35 q_bytes=52640 qdelay_l_ms=1.02531 qdelay_c_ms=21.0009 ecn_mark=1682 drop=0
[QUEUE_STATS] t_ms=26208 q_pkts=36 q_bytes=54144 qdelay_l_ms=1.08641 qdelay_c_ms=25.2489 ecn_mark=1682 drop=0
[QUEUE_STATS] t_ms=26224 q_pkts=36 q_bytes=54144 qdelay_l_ms=1.0253 qdelay_c_ms=21.8344 ecn_mark=1682 drop=0
[QUEUE_STATS] t_ms=26240 q_pkts=36 q_bytes=54144 qdelay_l_ms=0.695737 qdelay_c_ms=21.9044 ecn_mark=1682 drop=0
[QUEUE_STATS] t_ms=26256 q_pkts=37 q_bytes=55648 qdelay_l_ms=1.12 qdelay_c_ms=28.1068 ecn_mark=1682 drop=0
[QUEUE_STATS] t_ms=26272 q_pkts=36 q_bytes=54144 qdelay_l_ms=1.01132 qdelay_c_ms=23.0892 ecn_mark=1682 drop=0
[QUEUE_STATS] t_ms=26288 q_pkts=35 q_bytes=52640 qdelay_l_ms=0.790756 qdelay_c_ms=24.8961 ecn_mark=1683 drop=0
[QUEUE_STATS] t_ms=26304 q_pkts=39 q_bytes=58656 qdelay_l_ms=1.09513 qdelay_c_ms=28.3357 ecn_mark=1683 drop=0
[QUEUE_STATS] t_ms=26320 q_pkts=38 q_bytes=57152 qdelay_l_ms=1.01924 qdelay_c_ms=23.0805 ecn_mark=1684 drop=0
[QUEUE_STATS] t_ms=26336 q_pkts=38 q_bytes=57152 qdelay_l_ms=1.08149 qdelay_c_ms=25.106 ecn_mark=1684 drop=0
[QUEUE_STATS] t_ms=26352 q_pkts=39 q_bytes=58656 qdelay_l_ms=1.013 qdelay_c_ms=29.8091 ecn_mark=1684 drop=0
[QUEUE_STATS] t_ms=26368 q_pkts=39 q_bytes=58656 qdelay_l_ms=1.00451 qdelay_c_ms=24.0466 ecn_mark=1686 drop=0
[QUEUE_STATS] t_ms=26384 q_pkts=38 q_bytes=57152 qdelay_l_ms=1.009 qdelay_c_ms=27.991 ecn_mark=1690 drop=0
[QUEUE_STATS] t_ms=26400 q_pkts=38 q_bytes=57152 qdelay_l_ms=1.00668 qdelay_c_ms=27.9052 ecn_mark=1690 drop=0
[QUEUE_STATS] t_ms=26416 q_pkts=40 q_bytes=60160 qdelay_l_ms=1.00641 qdelay_c_ms=24.8969 ecn_mark=1693 drop=0
[QUEUE_STATS] t_ms=26432 q_pkts=41 q_bytes=61664 qdelay_l_ms=1.12417 qdelay_c_ms=30.4287 ecn_mark=1693 drop=0
[QUEUE_STATS] t_ms=26448 q_pkts=42 q_bytes=63168 qdelay_l_ms=1.01634 qdelay_c_ms=27.8565 ecn_mark=1695 drop=0
[QUEUE_STATS] t_ms=26464 q_pkts=39 q_bytes=58656 qdelay_l_ms=1.08726 qdelay_c_ms=26.4094 ecn_mark=1695 drop=0
[QUEUE_STATS] t_ms=26480 q_pkts=40 q_bytes=60160 qdelay_l_ms=0.996864 qdelay_c_ms=30.9385 ecn_mark=1696 drop=0
[QUEUE_STATS] t_ms=26496 q_pkts=39 q_bytes=58656 qdelay_l_ms=1.01794 qdelay_c_ms=27.2088 ecn_mark=1697 drop=0
[QUEUE_STATS] t_ms=26512 q_pkts=40 q_bytes=60160 qdelay_l_ms=1.00147 qdelay_c_ms=29.0531 ecn_mark=1698 drop=0
[QUEUE_STATS] t_ms=26528 q_pkts=39 q_bytes=58656 qdelay_l_ms=1.01912 qdelay_c_ms=28.518 ecn_mark=1698 drop=0
[QUEUE_STATS] t_ms=26544 q_pkts=40 q_bytes=60160 qdelay_l_ms=0.907485 qdelay_c_ms=24.6722 ecn_mark=1700 drop=0
[QUEUE_STATS] t_ms=26560 q_pkts=38 q_bytes=57152 qdelay_l_ms=1.09398 qdelay_c_ms=29.2844 ecn_mark=1700 drop=0
[QUEUE_STATS] t_ms=26576 q_pkts=40 q_bytes=60160 qdelay_l_ms=1.00617 qdelay_c_ms=25.9886 ecn_mark=1703 drop=0
[QUEUE_STATS] t_ms=26592 q_pkts=41 q_bytes=61664 qdelay_l_ms=1.00166 qdelay_c_ms=27.9432 ecn_mark=1708 drop=0
[QUEUE_STATS] t_ms=26608 q_pkts=41 q_bytes=61664 qdelay_l_ms=1.00665 qdelay_c_ms=30.9366 ecn_mark=1708 drop=0
[QUEUE_STATS] t_ms=26624 q_pkts=41 q_bytes=61664 qdelay_l_ms=1.00439 qdelay_c_ms=26.409 ecn_mark=1711 drop=0
[QUEUE_STATS] t_ms=26640 q_pkts=41 q_bytes=61664 qdelay_l_ms=1.10339 qdelay_c_ms=29.5522 ecn_mark=1712 drop=0
[QUEUE_STATS] t_ms=26656 q_pkts=41 q_bytes=61664 qdelay_l_ms=1.01237 qdelay_c_ms=30.9869 ecn_mark=1715 drop=0
[QUEUE_STATS] t_ms=26672 q_pkts=41 q_bytes=61664 qdelay_l_ms=1.01136 qdelay_c_ms=26.2027 ecn_mark=1716 drop=0
[QUEUE_STATS] t_ms=26688 q_pkts=41 q_bytes=61664 qdelay_l_ms=1.06427 qdelay_c_ms=29.1041 ecn_mark=1718 drop=0
[QUEUE_STATS] t_ms=26704 q_pkts=41 q_bytes=61664 qdelay_l_ms=1.01569 qdelay_c_ms=26.6775 ecn_mark=1718 drop=0
[QUEUE_STATS] t_ms=26720 q_pkts=40 q_bytes=60160 qdelay_l_ms=1.01347 qdelay_c_ms=24.1518 ecn_mark=1720 drop=0
[QUEUE_STATS] t_ms=26736 q_pkts=39 q_bytes=58656 qdelay_l_ms=0.859275 qdelay_c_ms=30.0271 ecn_mark=1720 drop=0
[QUEUE_STATS] t_ms=26752 q_pkts=41 q_bytes=61664 qdelay_l_ms=1.01961 qdelay_c_ms=25.9639 ecn_mark=1722 drop=0
[QUEUE_STATS] t_ms=26768 q_pkts=38 q_bytes=57152 qdelay_l_ms=1.05366 qdelay_c_ms=25.9465 ecn_mark=1724 drop=0
[QUEUE_STATS] t_ms=26784 q_pkts=40 q_bytes=60160 qdelay_l_ms=1.01477 qdelay_c_ms=29.9851 ecn_mark=1726 drop=0
[QUEUE_STATS] t_ms=26800 q_pkts=38 q_bytes=57152 qdelay_l_ms=1.01993 qdelay_c_ms=22.7387 ecn_mark=1726 drop=0
[QUEUE_STATS] t_ms=26816 q_pkts=39 q_bytes=58656 qdelay_l_ms=1.0421 qdelay_c_ms=27.0283 ecn_mark=1726 drop=0
[QUEUE_STATS] t_ms=26832 q_pkts=40 q_bytes=60160 qdelay_l_ms=1.01576 qdelay_c_ms=27.7953 ecn_mark=1727 drop=0
[QUEUE_STATS] t_ms=26848 q_pkts=41 q_bytes=61664 qdelay_l_ms=1.02146 qdelay_c_ms=24.9073 ecn_mark=1729 drop=0
[QUEUE_STATS] t_ms=26864 q_pkts=39 q_bytes=58656 qdelay_l_ms=1.02044 qdelay_c_ms=27.9351 ecn_mark=1730 drop=0
[QUEUE_STATS] t_ms=26880 q_pkts=41 q_bytes=61664 qdelay_l_ms=1.02934 qdelay_c_ms=27.7277 ecn_mark=1731 drop=0
[QUEUE_STATS] t_ms=26896 q_pkts=41 q_bytes=61664 qdelay_l_ms=1.06374 qdelay_c_ms=26.1779 ecn_mark=1731 drop=0
[QUEUE_STATS] t_ms=26912 q_pkts=40 q_bytes=60160 qdelay_l_ms=1.02384 qdelay_c_ms=28.8973 ecn_mark=1732 drop=0
[QUEUE_STATS] t_ms=26928 q_pkts=40 q_bytes=60160 qdelay_l_ms=1.02781 qdelay_c_ms=24.8126 ecn_mark=1732 drop=0
[QUEUE_STATS] t_ms=26944 q_pkts=38 q_bytes=57152 qdelay_l_ms=1.03459 qdelay_c_ms=27.8839 ecn_mark=1734 drop=0
[QUEUE_STATS] t_ms=26960 q_pkts=41 q_bytes=60212 qdelay_l_ms=1.03036 qdelay_c_ms=26.7789 ecn_mark=1736 drop=0
[QUEUE_STATS] t_ms=26976 q_pkts=40 q_bytes=60160 qdelay_l_ms=1.03904 qdelay_c_ms=23.703 ecn_mark=1737 drop=0
[QUEUE_STATS] t_ms=26992 q_pkts=39 q_bytes=58656 qdelay_l_ms=1.1128 qdelay_c_ms=27.169 ecn_mark=1738 drop=0
[QUEUE_STATS] t_ms=27008 q_pkts=41 q_bytes=61664 qdelay_l_ms=1.03527 qdelay_c_ms=24.8786 ecn_mark=1738 drop=0
[QUEUE_STATS] t_ms=27024 q_pkts=39 q_bytes=58656 qdelay_l_ms=1.07267 qdelay_c_ms=26.022 ecn_mark=1739 drop=0
[QUEUE_STATS] t_ms=27040 q_pkts=37 q_bytes=55648 qdelay_l_ms=0.863573 qdelay_c_ms=26.0428 ecn_mark=1740 drop=0
[QUEUE_STATS] t_ms=27056 q_pkts=39 q_bytes=58656 qdelay_l_ms=1.08144 qdelay_c_ms=23.2485 ecn_mark=1742 drop=0
[QUEUE_STATS] t_ms=27072 q_pkts=35 q_bytes=52640 qdelay_l_ms=0.852021 qdelay_c_ms=25.8976 ecn_mark=1743 drop=0
[QUEUE_STATS] t_ms=27088 q_pkts=40 q_bytes=60160 qdelay_l_ms=1.11111 qdelay_c_ms=26.942 ecn_mark=1746 drop=0
[QUEUE_STATS] t_ms=27104 q_pkts=38 q_bytes=57152 qdelay_l_ms=0.711307 qdelay_c_ms=23.8543 ecn_mark=1746 drop=0
[QUEUE_STATS] t_ms=27120 q_pkts=37 q_bytes=55648 qdelay_l_ms=1.09902 qdelay_c_ms=25.9086 ecn_mark=1746 drop=0
[QUEUE_STATS] t_ms=27136 q_pkts=38 q_bytes=57152 qdelay_l_ms=1.0347 qdelay_c_ms=25.7314 ecn_mark=1746 drop=0
[QUEUE_STATS] t_ms=27152 q_pkts=39 q_bytes=58656 qdelay_l_ms=1.04072 qdelay_c_ms=22.9509 ecn_mark=1746 drop=0
[QUEUE_STATS] t_ms=27168 q_pkts=38 q_bytes=57152 qdelay_l_ms=1.10894 qdelay_c_ms=24.8663 ecn_mark=1746 drop=0
[QUEUE_STATS] t_ms=27184 q_pkts=41 q_bytes=61664 qdelay_l_ms=1.00578 qdelay_c_ms=23.9528 ecn_mark=1747 drop=0
[QUEUE_STATS] t_ms=27200 q_pkts=39 q_bytes=58656 qdelay_l_ms=0.05326 qdelay_c_ms=24.291 ecn_mark=1749 drop=0
[QUEUE_STATS] t_ms=27216 q_pkts=42 q_bytes=63168 qdelay_l_ms=1.13327 qdelay_c_ms=30.2042 ecn_mark=1750 drop=0
[QUEUE_STATS] t_ms=27232 q_pkts=40 q_bytes=60160 qdelay_l_ms=1.13301 qdelay_c_ms=25.3837 ecn_mark=1750 drop=0
[QUEUE_STATS] t_ms=27248 q_pkts=40 q_bytes=60160 qdelay_l_ms=1.07369 qdelay_c_ms=28.2762 ecn_mark=1753 drop=0
[QUEUE_STATS] t_ms=27265 q_pkts=41 q_bytes=61664 qdelay_l_ms=1.09953 qdelay_c_ms=29.4861 ecn_mark=1754 drop=0
[QUEUE_STATS] t_ms=27280 q_pkts=40 q_bytes=60160 qdelay_l_ms=1.04005 qdelay_c_ms=25.1863 ecn_mark=1754 drop=0
[QUEUE_STATS] t_ms=27296 q_pkts=39 q_bytes=58656 qdelay_l_ms=1.06719 qdelay_c_ms=28.511 ecn_mark=1756 drop=0
[QUEUE_STATS] t_ms=27312 q_pkts=42 q_bytes=63168 qdelay_l_ms=1.03209 qdelay_c_ms=29.0397 ecn_mark=1758 drop=0
[QUEUE_STATS] t_ms=27328 q_pkts=43 q_bytes=64672 qdelay_l_ms=0.944706 qdelay_c_ms=24.13 ecn_mark=1758 drop=0
[QUEUE_STATS] t_ms=27344 q_pkts=36 q_bytes=54144 qdelay_l_ms=0 qdelay_c_ms=26.0189 ecn_mark=1761 drop=0
[QUEUE_STATS] t_ms=27360 q_pkts=40 q_bytes=60160 qdelay_l_ms=1.03163 qdelay_c_ms=27.059 ecn_mark=1763 drop=0
[QUEUE_STATS] t_ms=27376 q_pkts=41 q_bytes=61664 qdelay_l_ms=0.908217 qdelay_c_ms=25.0096 ecn_mark=1765 drop=0
[QUEUE_STATS] t_ms=27392 q_pkts=40 q_bytes=60160 qdelay_l_ms=1.03848 qdelay_c_ms=26.899 ecn_mark=1766 drop=0
[QUEUE_STATS] t_ms=27408 q_pkts=42 q_bytes=63168 qdelay_l_ms=0.700036 qdelay_c_ms=25.5525 ecn_mark=1767 drop=0
[QUEUE_STATS] t_ms=27424 q_pkts=39 q_bytes=58656 qdelay_l_ms=0.924107 qdelay_c_ms=26.0316 ecn_mark=1770 drop=0
[QUEUE_STATS] t_ms=27440 q_pkts=41 q_bytes=61664 qdelay_l_ms=1.05112 qdelay_c_ms=28.4009 ecn_mark=1771 drop=0
[QUEUE_STATS] t_ms=27456 q_pkts=42 q_bytes=63168 qdelay_l_ms=1.03934 qdelay_c_ms=25.0681 ecn_mark=1773 drop=0
[QUEUE_STATS] t_ms=27472 q_pkts=42 q_bytes=63168 qdelay_l_ms=1.05491 qdelay_c_ms=26.1467 ecn_mark=1773 drop=0
[QUEUE_STATS] t_ms=27488 q_pkts=39 q_bytes=58656 qdelay_l_ms=1.10403 qdelay_c_ms=28.1222 ecn_mark=1773 drop=0
[QUEUE_STATS] t_ms=27504 q_pkts=40 q_bytes=60160 qdelay_l_ms=1.1133 qdelay_c_ms=25.1977 ecn_mark=1773 drop=0
[QUEUE_STATS] t_ms=27520 q_pkts=41 q_bytes=61664 qdelay_l_ms=1.10659 qdelay_c_ms=27.8243 ecn_mark=1774 drop=0
[QUEUE_STATS] t_ms=27536 q_pkts=42 q_bytes=63168 qdelay_l_ms=1.03541 qdelay_c_ms=25.8908 ecn_mark=1775 drop=0
[QUEUE_STATS] t_ms=27552 q_pkts=39 q_bytes=58656 qdelay_l_ms=1.06385 qdelay_c_ms=26.0771 ecn_mark=1777 drop=0
[QUEUE_STATS] t_ms=27568 q_pkts=39 q_bytes=58656 qdelay_l_ms=0.878731 qdelay_c_ms=27.7526 ecn_mark=1777 drop=0
[QUEUE_STATS] t_ms=27584 q_pkts=40 q_bytes=60160 qdelay_l_ms=0.899581 qdelay_c_ms=26.0482 ecn_mark=1777 drop=0
[QUEUE_STATS] t_ms=27600 q_pkts=42 q_bytes=63168 qdelay_l_ms=1.04082 qdelay_c_ms=26.6726 ecn_mark=1778 drop=0
[QUEUE_STATS] t_ms=27616 q_pkts=41 q_bytes=61664 qdelay_l_ms=0.626588 qdelay_c_ms=26.4577 ecn_mark=1778 drop=0
[QUEUE_STATS] t_ms=27632 q_pkts=42 q_bytes=63168 qdelay_l_ms=1.11893 qdelay_c_ms=26.8209 ecn_mark=1778 drop=0
[QUEUE_STATS] t_ms=27648 q_pkts=40 q_bytes=60160 qdelay_l_ms=1.11193 qdelay_c_ms=28.1764 ecn_mark=1779 drop=0
[QUEUE_STATS] t_ms=27664 q_pkts=40 q_bytes=60160 qdelay_l_ms=1.05746 qdelay_c_ms=27.2107 ecn_mark=1779 drop=0
[QUEUE_STATS] t_ms=27680 q_pkts=41 q_bytes=61664 qdelay_l_ms=1.04626 qdelay_c_ms=27.1312 ecn_mark=1779 drop=0
[QUEUE_STATS] t_ms=27696 q_pkts=38 q_bytes=57152 qdelay_l_ms=1.02944 qdelay_c_ms=25.8709 ecn_mark=1780 drop=0
[QUEUE_STATS] t_ms=27712 q_pkts=42 q_bytes=63168 qdelay_l_ms=1.09572 qdelay_c_ms=28.1798 ecn_mark=1781 drop=0
[QUEUE_STATS] t_ms=27728 q_pkts=40 q_bytes=60160 qdelay_l_ms=0.612181 qdelay_c_ms=24.6492 ecn_mark=1781 drop=0
[QUEUE_STATS] t_ms=27744 q_pkts=40 q_bytes=60160 qdelay_l_ms=1.03589 qdelay_c_ms=25.2433 ecn_mark=1782 drop=0
[QUEUE_STATS] t_ms=27760 q_pkts=40 q_bytes=60160 qdelay_l_ms=1.0417 qdelay_c_ms=29.1196 ecn_mark=1782 drop=0
[QUEUE_STATS] t_ms=27776 q_pkts=41 q_bytes=61664 qdelay_l_ms=1.03418 qdelay_c_ms=23.6516 ecn_mark=1784 drop=0
[QUEUE_STATS] t_ms=27793 q_pkts=40 q_bytes=60160 qdelay_l_ms=1.1249 qdelay_c_ms=26.4845 ecn_mark=1785 drop=0
[QUEUE_STATS] t_ms=27808 q_pkts=40 q_bytes=60160 qdelay_l_ms=0.889642 qdelay_c_ms=27.9351 ecn_mark=1785 drop=0
[QUEUE_STATS] t_ms=27824 q_pkts=42 q_bytes=63168 qdelay_l_ms=1.03916 qdelay_c_ms=25.746 ecn_mark=1787 drop=0
[QUEUE_STATS] t_ms=27840 q_pkts=42 q_bytes=63168 qdelay_l_ms=1.05053 qdelay_c_ms=28.723 ecn_mark=1791 drop=0
[QUEUE_STATS] t_ms=27856 q_pkts=44 q_bytes=66176 qdelay_l_ms=1.12324 qdelay_c_ms=28.1145 ecn_mark=1791 drop=0
[QUEUE_STATS] t_ms=27872 q_pkts=39 q_bytes=58656 qdelay_l_ms=0.030768 qdelay_c_ms=23.2023 ecn_mark=1792 drop=0
[QUEUE_STATS] t_ms=27888 q_pkts=42 q_bytes=63168 qdelay_l_ms=0.703923 qdelay_c_ms=28.5817 ecn_mark=1793 drop=0
[QUEUE_STATS] t_ms=27904 q_pkts=41 q_bytes=61664 qdelay_l_ms=1.04413 qdelay_c_ms=27.0158 ecn_mark=1795 drop=0
[QUEUE_STATS] t_ms=27920 q_pkts=39 q_bytes=58656 qdelay_l_ms=1.04388 qdelay_c_ms=25.0401 ecn_mark=1795 drop=0
[QUEUE_STATS] t_ms=27936 q_pkts=41 q_bytes=61664 qdelay_l_ms=1.02849 qdelay_c_ms=29.0775 ecn_mark=1797 drop=0
[QUEUE_STATS] t_ms=27952 q_pkts=44 q_bytes=66176 qdelay_l_ms=0.880615 qdelay_c_ms=26.6746 ecn_mark=1797 drop=0
[QUEUE_STATS] t_ms=27968 q_pkts=41 q_bytes=61664 qdelay_l_ms=1.08661 qdelay_c_ms=25.9826 ecn_mark=1797 drop=0
[QUEUE_STATS] t_ms=27984 q_pkts=40 q_bytes=60160 qdelay_l_ms=1.07807 qdelay_c_ms=28.2529 ecn_mark=1797 drop=0
[QUEUE_STATS] t_ms=28000 q_pkts=42 q_bytes=63168 qdelay_l_ms=1.03815 qdelay_c_ms=27.2282 ecn_mark=1797 drop=0
[QUEUE_STATS] t_ms=28016 q_pkts=44 q_bytes=66176 qdelay_l_ms=0.662465 qdelay_c_ms=26.9287 ecn_mark=1797 drop=0
[QUEUE_STATS] t_ms=28032 q_pkts=43 q_bytes=64672 qdelay_l_ms=1.03656 qdelay_c_ms=29.6551 ecn_mark=1798 drop=0
[QUEUE_STATS] t_ms=28048 q_pkts=43 q_bytes=64672 qdelay_l_ms=0.046717 qdelay_c_ms=27.274 ecn_mark=1798 drop=0
[QUEUE_STATS] t_ms=28064 q_pkts=42 q_bytes=63168 qdelay_l_ms=1.03599 qdelay_c_ms=27.9405 ecn_mark=1800 drop=0
[QUEUE_STATS] t_ms=28080 q_pkts=41 q_bytes=61664 qdelay_l_ms=1.03579 qdelay_c_ms=30.103 ecn_mark=1802 drop=0
[QUEUE_STATS] t_ms=28096 q_pkts=45 q_bytes=67680 qdelay_l_ms=1.1164 qdelay_c_ms=31.0065 ecn_mark=1802 drop=0
[QUEUE_STATS] t_ms=28112 q_pkts=45 q_bytes=67680 qdelay_l_ms=0.907686 qdelay_c_ms=28.0486 ecn_mark=1803 drop=0
[QUEUE_STATS] t_ms=28128 q_pkts=43 q_bytes=64672 qdelay_l_ms=1.1111 qdelay_c_ms=29.0689 ecn_mark=1804 drop=0
[QUEUE_STATS] t_ms=28144 q_pkts=43 q_bytes=64672 qdelay_l_ms=1.12387 qdelay_c_ms=31.8971 ecn_mark=1805 drop=0
[QUEUE_STATS] t_ms=28160 q_pkts=44 q_bytes=66176 qdelay_l_ms=1.02693 qdelay_c_ms=26.1223 ecn_mark=1806 drop=0
[QUEUE_STATS] t_ms=28176 q_pkts=38 q_bytes=57152 qdelay_l_ms=0 qdelay_c_ms=27.1866 ecn_mark=1806 drop=0
[QUEUE_STATS] t_ms=28192 q_pkts=44 q_bytes=66176 qdelay_l_ms=1.017 qdelay_c_ms=33.0088 ecn_mark=1808 drop=0
[QUEUE_STATS] t_ms=28208 q_pkts=45 q_bytes=67680 qdelay_l_ms=1.04238 qdelay_c_ms=26.7104 ecn_mark=1809 drop=0
[QUEUE_STATS] t_ms=28224 q_pkts=42 q_bytes=63168 qdelay_l_ms=0.016722 qdelay_c_ms=29.2142 ecn_mark=1811 drop=0
[QUEUE_STATS] t_ms=28240 q_pkts=44 q_bytes=66176 qdelay_l_ms=1.1109 qdelay_c_ms=31.9204 ecn_mark=1814 drop=0
[QUEUE_STATS] t_ms=28256 q_pkts=44 q_bytes=66176 qdelay_l_ms=1.05864 qdelay_c_ms=28.1748 ecn_mark=1814 drop=0
[QUEUE_STATS] t_ms=28272 q_pkts=45 q_bytes=67680 qdelay_l_ms=1.09703 qdelay_c_ms=29.9654 ecn_mark=1814 drop=0
[QUEUE_STATS] t_ms=28288 q_pkts=45 q_bytes=67680 qdelay_l_ms=1.03871 qdelay_c_ms=29.1816 ecn_mark=1814 drop=0
[QUEUE_STATS] t_ms=28304 q_pkts=46 q_bytes=69184 qdelay_l_ms=1.13697 qdelay_c_ms=28.7841 ecn_mark=1815 drop=0
[QUEUE_STATS] t_ms=28320 q_pkts=47 q_bytes=70688 qdelay_l_ms=1.12076 qdelay_c_ms=33.9386 ecn_mark=1816 drop=0
[QUEUE_STATS] t_ms=28336 q_pkts=45 q_bytes=67680 qdelay_l_ms=1.03036 qdelay_c_ms=29.1531 ecn_mark=1819 drop=0
[QUEUE_STATS] t_ms=28352 q_pkts=44 q_bytes=66176 qdelay_l_ms=1.13166 qdelay_c_ms=31.0368 ecn_mark=1820 drop=0
[QUEUE_STATS] t_ms=28368 q_pkts=44 q_bytes=66176 qdelay_l_ms=1.03956 qdelay_c_ms=31.8886 ecn_mark=1820 drop=0
[QUEUE_STATS] t_ms=28384 q_pkts=48 q_bytes=72192 qdelay_l_ms=0.998937 qdelay_c_ms=30.8434 ecn_mark=1821 drop=0
[QUEUE_STATS] t_ms=28400 q_pkts=44 q_bytes=66176 qdelay_l_ms=0.066444 qdelay_c_ms=29.2888 ecn_mark=1821 drop=0
[QUEUE_STATS] t_ms=28416 q_pkts=47 q_bytes=70688 qdelay_l_ms=1.0972 qdelay_c_ms=32.9878 ecn_mark=1823 drop=0
[QUEUE_STATS] t_ms=28432 q_pkts=46 q_bytes=69184 qdelay_l_ms=0.911483 qdelay_c_ms=29.8297 ecn_mark=1824 drop=0
[QUEUE_STATS] t_ms=28448 q_pkts=47 q_bytes=70688 qdelay_l_ms=0.88347 qdelay_c_ms=31.1249 ecn_mark=1825 drop=0
[QUEUE_STATS] t_ms=28464 q_pkts=47 q_bytes=70688 qdelay_l_ms=1.02914 qdelay_c_ms=31.1398 ecn_mark=1828 drop=0
[QUEUE_STATS] t_ms=28480 q_pkts=48 q_bytes=72192 qdelay_l_ms=0.88318 qdelay_c_ms=31.8999 ecn_mark=1829 drop=0
[QUEUE_STATS] t_ms=28496 q_pkts=48 q_bytes=72192 qdelay_l_ms=1.13849 qdelay_c_ms=32.0828 ecn_mark=1829 drop=0
[QUEUE_STATS] t_ms=28512 q_pkts=46 q_bytes=69184 qdelay_l_ms=1.14048 qdelay_c_ms=30.0828 ecn_mark=1830 drop=0
[QUEUE_STATS] t_ms=28528 q_pkts=47 q_bytes=70688 qdelay_l_ms=1.04052 qdelay_c_ms=31.8669 ecn_mark=1830 drop=0
[QUEUE_STATS] t_ms=28544 q_pkts=45 q_bytes=67680 qdelay_l_ms=1.01298 qdelay_c_ms=35.0931 ecn_mark=1831 drop=0
[QUEUE_STATS] t_ms=28560 q_pkts=46 q_bytes=69184 qdelay_l_ms=1.03721 qdelay_c_ms=28.8569 ecn_mark=1832 drop=0
[QUEUE_STATS] t_ms=28576 q_pkts=44 q_bytes=66176 qdelay_l_ms=1.05197 qdelay_c_ms=31.9171 ecn_mark=1832 drop=0
[QUEUE_STATS] t_ms=28592 q_pkts=48 q_bytes=72192 qdelay_l_ms=0.958231 qdelay_c_ms=30.759 ecn_mark=1832 drop=0
[QUEUE_STATS] t_ms=28608 q_pkts=47 q_bytes=70688 qdelay_l_ms=1.04005 qdelay_c_ms=29.2256 ecn_mark=1833 drop=0
[QUEUE_STATS] t_ms=28624 q_pkts=45 q_bytes=67680 qdelay_l_ms=1.11446 qdelay_c_ms=33.0969 ecn_mark=1834 drop=0
[QUEUE_STATS] t_ms=28640 q_pkts=48 q_bytes=72192 qdelay_l_ms=1.05058 qdelay_c_ms=29.9386 ecn_mark=1835 drop=0
[QUEUE_STATS] t_ms=28656 q_pkts=46 q_bytes=69184 qdelay_l_ms=1.06037 qdelay_c_ms=27.9585 ecn_mark=1837 drop=0
[QUEUE_STATS] t_ms=28672 q_pkts=45 q_bytes=67680 qdelay_l_ms=1.09695 qdelay_c_ms=32.9452 ecn_mark=1837 drop=0
[QUEUE_STATS] t_ms=28688 q_pkts=48 q_bytes=72192 qdelay_l_ms=1.03646 qdelay_c_ms=29.558 ecn_mark=1839 drop=0
[QUEUE_STATS] t_ms=28704 q_pkts=47 q_bytes=70688 qdelay_l_ms=0.880915 qdelay_c_ms=29.7577 ecn_mark=1839 drop=0
[QUEUE_STATS] t_ms=28720 q_pkts=48 q_bytes=72192 qdelay_l_ms=1.10525 qdelay_c_ms=33.2931 ecn_mark=1839 drop=0
[QUEUE_STATS] t_ms=28736 q_pkts=50 q_bytes=75200 qdelay_l_ms=1.0334 qdelay_c_ms=30.8066 ecn_mark=1839 drop=0
[QUEUE_STATS] t_ms=28752 q_pkts=50 q_bytes=75200 qdelay_l_ms=1.11578 qdelay_c_ms=31.3485 ecn_mark=1840 drop=0
[QUEUE_STATS] t_ms=28768 q_pkts=49 q_bytes=73696 qdelay_l_ms=1.03684 qdelay_c_ms=34.1971 ecn_mark=1841 drop=0
[QUEUE_STATS] t_ms=28784 q_pkts=46 q_bytes=69184 qdelay_l_ms=0.703311 qdelay_c_ms=29.582 ecn_mark=1842 drop=0
[QUEUE_STATS] t_ms=28800 q_pkts=48 q_bytes=72192 qdelay_l_ms=1.02787 qdelay_c_ms=32.0002 ecn_mark=1845 drop=0
[QUEUE_STATS] t_ms=28816 q_pkts=49 q_bytes=73696 qdelay_l_ms=1.02803 qdelay_c_ms=34.8394 ecn_mark=1847 drop=0
[QUEUE_STATS] t_ms=28832 q_pkts=47 q_bytes=70688 qdelay_l_ms=1.04974 qdelay_c_ms=29.7942 ecn_mark=1848 drop=0
[QUEUE_STATS] t_ms=28849 q_pkts=49 q_bytes=73696 qdelay_l_ms=1.09801 qdelay_c_ms=31.4141 ecn_mark=1849 drop=0
[QUEUE_STATS] t_ms=28864 q_pkts=50 q_bytes=75200 qdelay_l_ms=1.03998 qdelay_c_ms=34.8184 ecn_mark=1849 drop=0
[QUEUE_STATS] t_ms=28880 q_pkts=49 q_bytes=73696 qdelay_l_ms=1.04421 qdelay_c_ms=31.0258 ecn_mark=1849 drop=0
[QUEUE_STATS] t_ms=28896 q_pkts=49 q_bytes=73696 qdelay_l_ms=1.11993 qdelay_c_ms=32.342 ecn_mark=1849 drop=0
[QUEUE_STATS] t_ms=28912 q_pkts=51 q_bytes=76704 qdelay_l_ms=1.12516 qdelay_c_ms=34.0948 ecn_mark=1850 drop=0
[QUEUE_STATS] t_ms=28928 q_pkts=49 q_bytes=73696 qdelay_l_ms=1.02898 qdelay_c_ms=30.6818 ecn_mark=1850 drop=0
[QUEUE_STATS] t_ms=28944 q_pkts=46 q_bytes=69184 qdelay_l_ms=0.017453 qdelay_c_ms=34.3221 ecn_mark=1852 drop=0
[QUEUE_STATS] t_ms=28960 q_pkts=50 q_bytes=75200 qdelay_l_ms=1.03237 qdelay_c_ms=35.2167 ecn_mark=1854 drop=0
[QUEUE_STATS] t_ms=28976 q_pkts=49 q_bytes=73696 qdelay_l_ms=0.061937 qdelay_c_ms=31.5138 ecn_mark=1854 drop=0
[QUEUE_STATS] t_ms=28992 q_pkts=51 q_bytes=76704 qdelay_l_ms=1.02656 qdelay_c_ms=35.9817 ecn_mark=1855 drop=0
[QUEUE_STATS] t_ms=29008 q_pkts=52 q_bytes=78208 qdelay_l_ms=1.029 qdelay_c_ms=32.7317 ecn_mark=1855 drop=0
[QUEUE_STATS] t_ms=29024 q_pkts=50 q_bytes=75200 qdelay_l_ms=1.07774 qdelay_c_ms=31.961 ecn_mark=1857 drop=0
[QUEUE_STATS] t_ms=29040 q_pkts=50 q_bytes=75200 qdelay_l_ms=0 qdelay_c_ms=37.3595 ecn_mark=1859 drop=0
[QUEUE_STATS] t_ms=29056 q_pkts=52 q_bytes=78208 qdelay_l_ms=1.02329 qdelay_c_ms=33.0583 ecn_mark=1861 drop=0
[QUEUE_STATS] t_ms=29072 q_pkts=46 q_bytes=69184 qdelay_l_ms=0.043602 qdelay_c_ms=31.9713 ecn_mark=1861 drop=0
[QUEUE_STATS] t_ms=29088 q_pkts=51 q_bytes=76704 qdelay_l_ms=1.09823 qdelay_c_ms=35.9223 ecn_mark=1863 drop=0
[QUEUE_STATS] t_ms=29105 q_pkts=52 q_bytes=78208 qdelay_l_ms=1.04365 qdelay_c_ms=33.0564 ecn_mark=1863 drop=0
[QUEUE_STATS] t_ms=29120 q_pkts=52 q_bytes=78208 qdelay_l_ms=1.03007 qdelay_c_ms=33.9396 ecn_mark=1864 drop=0
[QUEUE_STATS] t_ms=29136 q_pkts=51 q_bytes=76704 qdelay_l_ms=1.02943 qdelay_c_ms=34.6569 ecn_mark=1864 drop=0
[QUEUE_STATS] t_ms=29152 q_pkts=51 q_bytes=76704 qdelay_l_ms=1.02971 qdelay_c_ms=35.0618 ecn_mark=1865 drop=0
[QUEUE_STATS] t_ms=29168 q_pkts=53 q_bytes=79712 qdelay_l_ms=0.999879 qdelay_c_ms=35.8073 ecn_mark=1866 drop=0
[QUEUE_STATS] t_ms=29184 q_pkts=51 q_bytes=76704 qdelay_l_ms=1.03182 qdelay_c_ms=36.1601 ecn_mark=1866 drop=0
[QUEUE_STATS] t_ms=29200 q_pkts=51 q_bytes=76704 qdelay_l_ms=1.1039 qdelay_c_ms=34.292 ecn_mark=1868 drop=0
[QUEUE_STATS] t_ms=29216 q_pkts=52 q_bytes=78208 qdelay_l_ms=0.927504 qdelay_c_ms=36.6645 ecn_mark=1868 drop=0
[QUEUE_STATS] t_ms=29232 q_pkts=52 q_bytes=78208 qdelay_l_ms=1.03094 qdelay_c_ms=33.9525 ecn_mark=1870 drop=0
[QUEUE_STATS] t_ms=29248 q_pkts=52 q_bytes=78208 qdelay_l_ms=1.05782 qdelay_c_ms=34.1253 ecn_mark=1871 drop=0
[QUEUE_STATS] t_ms=29264 q_pkts=51 q_bytes=76704 qdelay_l_ms=1.11258 qdelay_c_ms=36.8857 ecn_mark=1872 drop=0
[QUEUE_STATS] t_ms=29280 q_pkts=53 q_bytes=79712 qdelay_l_ms=1.1022 qdelay_c_ms=34.9687 ecn_mark=1873 drop=0
[QUEUE_STATS] t_ms=29296 q_pkts=52 q_bytes=78208 qdelay_l_ms=1.03835 qdelay_c_ms=34.0233 ecn_mark=1876 drop=0
[QUEUE_STATS] t_ms=29312 q_pkts=53 q_bytes=79712 qdelay_l_ms=0.988618 qdelay_c_ms=37.7655 ecn_mark=1876 drop=0
[QUEUE_STATS] t_ms=29328 q_pkts=52 q_bytes=78208 qdelay_l_ms=1.03534 qdelay_c_ms=33.3918 ecn_mark=1876 drop=0
[QUEUE_STATS] t_ms=29344 q_pkts=52 q_bytes=78208 qdelay_l_ms=0.906324 qdelay_c_ms=35.0705 ecn_mark=1877 drop=0
[QUEUE_STATS] t_ms=29360 q_pkts=54 q_bytes=81216 qdelay_l_ms=1.03502 qdelay_c_ms=36.024 ecn_mark=1880 drop=0
[QUEUE_STATS] t_ms=29376 q_pkts=51 q_bytes=76704 qdelay_l_ms=1.04618 qdelay_c_ms=33.1246 ecn_mark=1881 drop=0
[QUEUE_STATS] t_ms=29392 q_pkts=51 q_bytes=76704 qdelay_l_ms=1.03112 qdelay_c_ms=37.0882 ecn_mark=1883 drop=0
[QUEUE_STATS] t_ms=29408 q_pkts=54 q_bytes=81216 qdelay_l_ms=0.927644 qdelay_c_ms=34.8603 ecn_mark=1886 drop=0
[QUEUE_STATS] t_ms=29424 q_pkts=52 q_bytes=78208 qdelay_l_ms=0.057428 qdelay_c_ms=34.4452 ecn_mark=1886 drop=0
[QUEUE_STATS] t_ms=29440 q_pkts=53 q_bytes=79712 qdelay_l_ms=1.11848 qdelay_c_ms=38.0856 ecn_mark=1887 drop=0
[QUEUE_STATS] t_ms=29456 q_pkts=53 q_bytes=79712 qdelay_l_ms=1.10976 qdelay_c_ms=36.0526 ecn_mark=1888 drop=0
[QUEUE_STATS] t_ms=29472 q_pkts=54 q_bytes=81216 qdelay_l_ms=1.0343 qdelay_c_ms=34.8368 ecn_mark=1888 drop=0
[QUEUE_STATS] t_ms=29488 q_pkts=54 q_bytes=81216 qdelay_l_ms=1.02982 qdelay_c_ms=37.8287 ecn_mark=1889 drop=0
[QUEUE_STATS] t_ms=29504 q_pkts=52 q_bytes=78208 qdelay_l_ms=1.02782 qdelay_c_ms=35.1696 ecn_mark=1890 drop=0
[QUEUE_STATS] t_ms=29520 q_pkts=53 q_bytes=79712 qdelay_l_ms=1.05452 qdelay_c_ms=35.9485 ecn_mark=1890 drop=0
[QUEUE_STATS] t_ms=29536 q_pkts=53 q_bytes=79712 qdelay_l_ms=1.00801 qdelay_c_ms=34.9231 ecn_mark=1890 drop=0
[QUEUE_STATS] t_ms=29552 q_pkts=54 q_bytes=81216 qdelay_l_ms=0.057778 qdelay_c_ms=34.4512 ecn_mark=1891 drop=0
[QUEUE_STATS] t_ms=29568 q_pkts=54 q_bytes=81216 qdelay_l_ms=1.05822 qdelay_c_ms=38.2172 ecn_mark=1892 drop=0
[QUEUE_STATS] t_ms=29584 q_pkts=52 q_bytes=78208 qdelay_l_ms=1.0449 qdelay_c_ms=34.9272 ecn_mark=1892 drop=0
[QUEUE_STATS] t_ms=29600 q_pkts=53 q_bytes=79712 qdelay_l_ms=1.07892 qdelay_c_ms=36.4293 ecn_mark=1893 drop=0
[QUEUE_STATS] t_ms=29616 q_pkts=55 q_bytes=82720 qdelay_l_ms=1.03081 qdelay_c_ms=38.9499 ecn_mark=1895 drop=0
[QUEUE_STATS] t_ms=29632 q_pkts=52 q_bytes=78208 qdelay_l_ms=1.03531 qdelay_c_ms=32.5122 ecn_mark=1896 drop=0
[QUEUE_STATS] t_ms=29648 q_pkts=46 q_bytes=69184 qdelay_l_ms=0 qdelay_c_ms=33.3264 ecn_mark=1898 drop=0
[QUEUE_STATS] t_ms=29664 q_pkts=55 q_bytes=82720 qdelay_l_ms=1.03826 qdelay_c_ms=36.2543 ecn_mark=1898 drop=0
[QUEUE_STATS] t_ms=29680 q_pkts=54 q_bytes=81216 qdelay_l_ms=1.04403 qdelay_c_ms=32.586 ecn_mark=1898 drop=0
[QUEUE_STATS] t_ms=29696 q_pkts=50 q_bytes=75200 qdelay_l_ms=0.049733 qdelay_c_ms=34.3388 ecn_mark=1901 drop=0
[QUEUE_STATS] t_ms=29712 q_pkts=56 q_bytes=84224 qdelay_l_ms=1.10076 qdelay_c_ms=35.9297 ecn_mark=1901 drop=0
[QUEUE_STATS] t_ms=29728 q_pkts=54 q_bytes=81216 qdelay_l_ms=1.03797 qdelay_c_ms=33.7051 ecn_mark=1902 drop=0
[QUEUE_STATS] t_ms=29744 q_pkts=53 q_bytes=79712 qdelay_l_ms=1.03428 qdelay_c_ms=36.0069 ecn_mark=1902 drop=0
[QUEUE_STATS] t_ms=29760 q_pkts=56 q_bytes=84224 qdelay_l_ms=1.02963 qdelay_c_ms=37.8315 ecn_mark=1904 drop=0
[QUEUE_STATS] t_ms=29776 q_pkts=53 q_bytes=79712 qdelay_l_ms=1.10753 qdelay_c_ms=35.8966 ecn_mark=1905 drop=0
[QUEUE_STATS] t_ms=29792 q_pkts=53 q_bytes=79712 qdelay_l_ms=0.951038 qdelay_c_ms=36.2116 ecn_mark=1905 drop=0
[QUEUE_STATS] t_ms=29808 q_pkts=54 q_bytes=81216 qdelay_l_ms=0.706818 qdelay_c_ms=35.9087 ecn_mark=1905 drop=0
[QUEUE_STATS] t_ms=29824 q_pk