[QUEUE_STATS] t_ms=32 q_pkts=0 q_bytes=0 qdelay_l_ms=0 qdelay_c_ms=0 ecn_mark=0 drop=0
[QUEUE_STATS] t_ms=94 q_pkts=0 q_bytes=0 qdelay_l_ms=0 qdelay_c_ms=0 ecn_mark=0 drop=0
[QUEUE_STATS] t_ms=137 q_pkts=0 q_bytes=0 qdelay_l_ms=0 qdelay_c_ms=0 ecn_mark=0 drop=0
[QUEUE_STATS] t_ms=180 q_pkts=0 q_bytes=0 qdelay_l_ms=0 qdelay_c_ms=0 ecn_mark=0 drop=0
[QUEUE_STATS] t_ms=222 q_pkts=0 q_bytes=0 qdelay_l_ms=0 qdelay_c_ms=0 ecn_mark=0 drop=0
[QUEUE_STATS] t_ms=265 q_pkts=0 q_bytes=0 qdelay_l_ms=0 qdelay_c_ms=0 ecn_mark=0 drop=0
[QUEUE_STATS] t_ms=307 q_pkts=0 q_bytes=0 qdelay_l_ms=0 qdelay_c_ms=0 ecn_mark=0 drop=0
[QUEUE_STATS] t_ms=348 q_pkts=0 q_bytes=0 qdelay_l_ms=0 qdelay_c_ms=0 ecn_mark=0 drop=0
[QUEUE_STATS] t_ms=352 q_pkts=1 q_bytes=1504 qdelay_l_ms=1.06897 qdelay_c_ms=0 ecn_mark=0 drop=0
[QUEUE_STATS] t_ms=368 q_pkts=1 q_bytes=1504 qdelay_l_ms=1.08405 qdelay_c_ms=0 ecn_mark=0 drop=0
[QUEUE_STATS] t_ms=391 q_pkts=0 q_bytes=0 qdelay_l_ms=0 qdelay_c_ms=0 ecn_mark=0 drop=0
[QUEUE_STATS] t_ms=400 q_pkts=16 q_bytes=24064 qdelay_l_ms=1.07317 qdelay_c_ms=4.62272 ecn_mark=0 drop=0
[QUEUE_STATS] t_ms=416 q_pkts=1 q_bytes=1504 qdelay_l_ms=1.07953 qdelay_c_ms=0 ecn_mark=0 drop=0
[QUEUE_STATS] t_ms=433 q_pkts=0 q_bytes=0 qdelay_l_ms=0 qdelay_c_ms=0 ecn_mark=0 drop=0
[QUEUE_STATS] t_ms=448 q_pkts=52 q_bytes=78208 qdelay_l_ms=1.06352 qdelay_c_ms=10.1938 ecn_mark=0 drop=0
[QUEUE_STATS] t_ms=464 q_pkts=35 q_bytes=52640 qdelay_l_ms=0 qdelay_c_ms=24.2515 ecn_mark=0 drop=0
[QUEUE_STATS] t_ms=480 q_pkts=24 q_bytes=36096 qdelay_l_ms=0.971887 qdelay_c_ms=3.87087 ecn_mark=0 drop=0
[QUEUE_STATS] t_ms=496 q_pkts=82 q_bytes=123328 qdelay_l_ms=4.39596 qdelay_c_ms=18.8919 ecn_mark=0 drop=0
[QUEUE_STATS] t_ms=512 q_pkts=138 q_bytes=207552 qdelay_l_ms=10.7291 qdelay_c_ms=34.1085 ecn_mark=4 drop=0
[QUEUE_STATS] t_ms=528 q_pkts=155 q_bytes=233120 qdelay_l_ms=4.84543 qdelay_c_ms=48.2332 ecn_mark=37 drop=0
[QUEUE_STATS] t_ms=544 q_pkts=215 q_bytes=323360 qdelay_l_ms=13.4571 qdelay_c_ms=63.4338 ecn_mark=64 drop=0
[QUEUE_STATS] t_ms=560 q_pkts=212 q_bytes=318848 qdelay_l_ms=20.2471 qdelay_c_ms=76.8996 ecn_mark=124 drop=0
[QUEUE_STATS] t_ms=576 q_pkts=174 q_bytes=261696 qdelay_l_ms=28.6682 qdelay_c_ms=91.4669 ecn_mark=184 drop=0
[QUEUE_STATS] t_ms=592 q_pkts=113 q_bytes=169952 qdelay_l_ms=0 qdelay_c_ms=104.027 ecn_mark=238 drop=0
[QUEUE_STATS] t_ms=608 q_pkts=85 q_bytes=127840 qdelay_l_ms=0.533433 qdelay_c_ms=102.564 ecn_mark=238 drop=0
[QUEUE_STATS] t_ms=624 q_pkts=61 q_bytes=90320 qdelay_l_ms=0.967749 qdelay_c_ms=110.905 ecn_mark=238 drop=0
[QUEUE_STATS] t_ms=640 q_pkts=55 q_bytes=81296 qdelay_l_ms=1.09092 qdelay_c_ms=60.1625 ecn_mark=238 drop=0
[QUEUE_STATS] t_ms=656 q_pkts=39 q_bytes=58656 qdelay_l_ms=0.559802 qdelay_c_ms=19.0309 ecn_mark=238 drop=0
[QUEUE_STATS] t_ms=672 q_pkts=36 q_bytes=54144 qdelay_l_ms=1.09774 qdelay_c_ms=16.1868 ecn_mark=238 drop=0
[QUEUE_STATS] t_ms=688 q_pkts=37 q_bytes=55648 qdelay_l_ms=1.09471 qdelay_c_ms=15.0851 ecn_mark=238 drop=0
[QUEUE_STATS] t_ms=704 q_pkts=46 q_bytes=69184 qdelay_l_ms=0.54275 qdelay_c_ms=14.9998 ecn_mark=238 drop=0
[QUEUE_STATS] t_ms=720 q_pkts=46 q_bytes=69184 qdelay_l_ms=1.09609 qdelay_c_ms=18.3433 ecn_mark=238 drop=0
[QUEUE_STATS] t_ms=736 q_pkts=49 q_bytes=73696 qdelay_l_ms=1.07051 qdelay_c_ms=18.5672 ecn_mark=238 drop=0
[QUEUE_STATS] t_ms=752 q_pkts=52 q_bytes=78208 qdelay_l_ms=1.06428 qdelay_c_ms=18.9835 ecn_mark=238 drop=0
[QUEUE_STATS] t_ms=768 q_pkts=53 q_bytes=79712 qdelay_l_ms=1.08253 qdelay_c_ms=21.3183 ecn_mark=238 drop=0
[QUEUE_STATS] t_ms=784 q_pkts=57 q_bytes=85728 qdelay_l_ms=1.06389 qdelay_c_ms=21.0587 ecn_mark=238 drop=0
[QUEUE_STATS] t_ms=800 q_pkts=58 q_bytes=87232 qdelay_l_ms=1.04152 qdelay_c_ms=21.9286 ecn_mark=238 drop=0
[QUEUE_STATS] t_ms=816 q_pkts=60 q_bytes=88816 qdelay_l_ms=0.80348 qdelay_c_ms=24.9987 ecn_mark=238 drop=0
[QUEUE_STATS] t_ms=832 q_pkts=63 q_bytes=94752 qdelay_l_ms=1.00835 qdelay_c_ms=24.1538 ecn_mark=238 drop=0
[QUEUE_STATS] t_ms=848 q_pkts=67 q_bytes=100768 qdelay_l_ms=1.05347 qdelay_c_ms=25.3523 ecn_mark=238 drop=0
[QUEUE_STATS] t_ms=864 q_pkts=66 q_bytes=99264 qdelay_l_ms=0.903558 qdelay_c_ms=27.3507 ecn_mark=238 drop=0
[QUEUE_STATS] t_ms=880 q_pkts=70 q_bytes=105280 qdelay_l_ms=1.02832 qdelay_c_ms=26.9946 ecn_mark=238 drop=0
[QUEUE_STATS] t_ms=896 q_pkts=72 q_bytes=108288 qdelay_l_ms=1.01505 qdelay_c_ms=29.0139 ecn_mark=238 drop=0
[QUEUE_STATS] t_ms=912 q_pkts=74 q_bytes=111296 qdelay_l_ms=0.885514 qdelay_c_ms=31.1861 ecn_mark=238 drop=0
[QUEUE_STATS] t_ms=928 q_pkts=76 q_bytes=114304 qdelay_l_ms=0.992535 qdelay_c_ms=29.9374 ecn_mark=238 drop=0
[QUEUE_STATS] t_ms=944 q_pkts=80 q_bytes=120320 qdelay_l_ms=1.10002 qdelay_c_ms=31.6516 ecn_mark=238 drop=0
[QUEUE_STATS] t_ms=960 q_pkts=81 q_bytes=121824 qdelay_l_ms=0.765789 qdelay_c_ms=34.183 ecn_mark=238 drop=0
[QUEUE_STATS] t_ms=976 q_pkts=84 q_bytes=126336 qdelay_l_ms=0.87254 qdelay_c_ms=33.9094 ecn_mark=238 drop=0
[QUEUE_STATS] t_ms=992 q_pkts=87 q_bytes=130848 qdelay_l_ms=1.09827 qdelay_c_ms=35.9502 ecn_mark=238 drop=0
[QUEUE_STATS] t_ms=1008 q_pkts=88 q_bytes=132352 qdelay_l_ms=0.960655 qdelay_c_ms=36.0583 ecn_mark=238 drop=0
[QUEUE_STATS] t_ms=1024 q_pkts=90 q_bytes=135360 qdelay_l_ms=1.0716 qdelay_c_ms=37.2303 ecn_mark=238 drop=0
[QUEUE_STATS] t_ms=1040 q_pkts=93 q_bytes=139872 qdelay_l_ms=0.857622 qdelay_c_ms=39.1096 ecn_mark=238 drop=0
[QUEUE_STATS] t_ms=1056 q_pkts=95 q_bytes=142880 qdelay_l_ms=1.08771 qdelay_c_ms=38.3928 ecn_mark=238 drop=0
[QUEUE_STATS] t_ms=1072 q_pkts=96 q_bytes=144384 qdelay_l_ms=1.09469 qdelay_c_ms=40.4586 ecn_mark=238 drop=0
[QUEUE_STATS] t_ms=1088 q_pkts=101 q_bytes=151904 qdelay_l_ms=1.04958 qdelay_c_ms=43.006 ecn_mark=238 drop=0
[QUEUE_STATS] t_ms=1104 q_pkts=100 q_bytes=150400 qdelay_l_ms=1.09356 qdelay_c_ms=42.1665 ecn_mark=238 drop=0
[QUEUE_STATS] t_ms=1120 q_pkts=104 q_bytes=156416 qdelay_l_ms=1.07989 qdelay_c_ms=43.8999 ecn_mark=238 drop=0
[QUEUE_STATS] t_ms=1136 q_pkts=107 q_bytes=160928 qdelay_l_ms=1.06957 qdelay_c_ms=45.7902 ecn_mark=238 drop=0
[QUEUE_STATS] t_ms=1152 q_pkts=106 q_bytes=159424 qdelay_l_ms=0.768454 qdelay_c_ms=45.7417 ecn_mark=238 drop=0
[QUEUE_STATS] t_ms=1168 q_pkts=110 q_bytes=165440 qdelay_l_ms=0.916262 qdelay_c_ms=46.9581 ecn_mark=238 drop=0
[QUEUE_STATS] t_ms=1184 q_pkts=111 q_bytes=166944 qdelay_l_ms=0.938313 qdelay_c_ms=47.8492 ecn_mark=238 drop=0
[QUEUE_STATS] t_ms=1200 q_pkts=111 q_bytes=166944 qdelay_l_ms=1.04857 qdelay_c_ms=48.2994 ecn_mark=238 drop=0
[QUEUE_STATS] t_ms=1216 q_pkts=114 q_bytes=171456 qdelay_l_ms=0.923315 qdelay_c_ms=48.9701 ecn_mark=238 drop=0
[QUEUE_STATS] t_ms=1232 q_pkts=117 q_bytes=175968 qdelay_l_ms=1.07179 qdelay_c_ms=51.0222 ecn_mark=238 drop=0
[QUEUE_STATS] t_ms=1248 q_pkts=119 q_bytes=178976 qdelay_l_ms=1.09118 qdelay_c_ms=52.9774 ecn_mark=238 drop=0
[QUEUE_STATS] t_ms=1264 q_pkts=123 q_bytes=184992 qdelay_l_ms=1.07813 qdelay_c_ms=52.1747 ecn_mark=238 drop=0
[QUEUE_STATS] t_ms=1280 q_pkts=127 q_bytes=191008 qdelay_l_ms=0.961116 qdelay_c_ms=56.1963 ecn_mark=238 drop=0
[QUEUE_STATS] t_ms=1296 q_pkts=126 q_bytes=189504 qdelay_l_ms=0.971777 qdelay_c_ms=56.8439 ecn_mark=238 drop=0
[QUEUE_STATS] t_ms=1312 q_pkts=128 q_bytes=192512 qdelay_l_ms=1.09526 qdelay_c_ms=55.8663 ecn_mark=238 drop=0
[QUEUE_STATS] t_ms=1328 q_pkts=131 q_bytes=197024 qdelay_l_ms=1.07419 qdelay_c_ms=59.1195 ecn_mark=238 drop=0
[QUEUE_STATS] t_ms=1344 q_pkts=132 q_bytes=198528 qdelay_l_ms=1.10177 qdelay_c_ms=59.8301 ecn_mark=238 drop=0
[QUEUE_STATS] t_ms=1360 q_pkts=134 q_bytes=201536 qdelay_l_ms=1.10886 qdelay_c_ms=58.0527 ecn_mark=238 drop=0
[QUEUE_STATS] t_ms=1376 q_pkts=137 q_bytes=206048 qdelay_l_ms=1.06932 qdelay_c_ms=63.1839 ecn_mark=238 drop=0
[QUEUE_STATS] t_ms=1392 q_pkts=139 q_bytes=209056 qdelay_l_ms=0.905953 qdelay_c_ms=61.6075 ecn_mark=238 drop=0
[QUEUE_STATS] t_ms=1408 q_pkts=138 q_bytes=207552 qdelay_l_ms=0.862982 qdelay_c_ms=61.9333 ecn_mark=238 drop=0
[QUEUE_STATS] t_ms=1424 q_pkts=141 q_bytes=212064 qdelay_l_ms=0.882349 qdelay_c_ms=65.8459 ecn_mark=238 drop=0
[QUEUE_STATS] t_ms=1440 q_pkts=145 q_bytes=218080 qdelay_l_ms=0 qdelay_c_ms=66.0502 ecn_mark=238 drop=0
[QUEUE_STATS] t_ms=1456 q_pkts=147 q_bytes=221088 qdelay_l_ms=0.877339 qdelay_c_ms=65.6798 ecn_mark=238 drop=0
[QUEUE_STATS] t_ms=1472 q_pkts=150 q_bytes=225600 qdelay_l_ms=0.831592 qdelay_c_ms=69.7805 ecn_mark=239 drop=0
[QUEUE_STATS] t_ms=1488 q_pkts=151 q_bytes=227104 qdelay_l_ms=0.858554 qdelay_c_ms=68.7421 ecn_mark=239 drop=0
[QUEUE_STATS] t_ms=1504 q_pkts=152 q_bytes=228608 qdelay_l_ms=1.04819 qdelay_c_ms=70.1362 ecn_mark=240 drop=0
[QUEUE_STATS] t_ms=1520 q_pkts=143 q_bytes=215072 qdelay_l_ms=1.08005 qdelay_c_ms=69.0257 ecn_mark=240 drop=0
[QUEUE_STATS] t_ms=1536 q_pkts=140 q_bytes=210560 qdelay_l_ms=1.07504 qdelay_c_ms=64.9797 ecn_mark=241 drop=0
[QUEUE_STATS] t_ms=1552 q_pkts=139 q_bytes=209056 qdelay_l_ms=1.09773 qdelay_c_ms=67.7385 ecn_mark=241 drop=0
[QUEUE_STATS] t_ms=1568 q_pkts=150 q_bytes=225600 qdelay_l_ms=0.525467 qdelay_c_ms=64.7384 ecn_mark=241 drop=0
[QUEUE_STATS] t_ms=1584 q_pkts=141 q_bytes=212064 qdelay_l_ms=1.09047 qdelay_c_ms=60.0226 ecn_mark=241 drop=0
[QUEUE_STATS] t_ms=1600 q_pkts=137 q_bytes=206048 qdelay_l_ms=0 qdelay_c_ms=56.6858 ecn_mark=241 drop=0
[QUEUE_STATS] t_ms=1616 q_pkts=149 q_bytes=224096 qdelay_l_ms=1.05188 qdelay_c_ms=58.0288 ecn_mark=241 drop=0
[QUEUE_STATS] t_ms=1632 q_pkts=148 q_bytes=222592 qdelay_l_ms=1.04547 qdelay_c_ms=58.9089 ecn_mark=241 drop=0
[QUEUE_STATS] t_ms=1648 q_pkts=150 q_bytes=225600 qdelay_l_ms=0.827274 qdelay_c_ms=57.7743 ecn_mark=242 drop=0
[QUEUE_STATS] t_ms=1664 q_pkts=157 q_bytes=236128 qdelay_l_ms=0.306797 qdelay_c_ms=57.9249 ecn_mark=242 drop=0
[QUEUE_STATS] t_ms=1680 q_pkts=154 q_bytes=231616 qdelay_l_ms=0 qdelay_c_ms=61.7168 ecn_mark=242 drop=0
[QUEUE_STATS] t_ms=1696 q_pkts=148 q_bytes=222592 qdelay_l_ms=1.07313 qdelay_c_ms=59.1826 ecn_mark=242 drop=0
[QUEUE_STATS] t_ms=1712 q_pkts=153 q_bytes=230112 qdelay_l_ms=1.06523 qdelay_c_ms=59.0175 ecn_mark=242 drop=0
[QUEUE_STATS] t_ms=1728 q_pkts=157 q_bytes=236128 qdelay_l_ms=1.04516 qdelay_c_ms=60.1173 ecn_mark=242 drop=0
[QUEUE_STATS] t_ms=1744 q_pkts=159 q_bytes=239136 qdelay_l_ms=1.04976 qdelay_c_ms=59.1436 ecn_mark=242 drop=0
[QUEUE_STATS] t_ms=1760 q_pkts=162 q_bytes=243648 qdelay_l_ms=1.05038 qdelay_c_ms=59.2855 ecn_mark=242 drop=0
[QUEUE_STATS] t_ms=1776 q_pkts=162 q_bytes=243648 qdelay_l_ms=0.644552 qdelay_c_ms=58.6861 ecn_mark=244 drop=0
[QUEUE_STATS] t_ms=1792 q_pkts=165 q_bytes=248160 qdelay_l_ms=1.07368 qdelay_c_ms=62.2725 ecn_mark=244 drop=0
[QUEUE_STATS] t_ms=1808 q_pkts=162 q_bytes=243648 qdelay_l_ms=0.78757 qdelay_c_ms=61.7279 ecn_mark=244 drop=0
[QUEUE_STATS] t_ms=1824 q_pkts=164 q_bytes=246656 qdelay_l_ms=1.06517 qdelay_c_ms=60.6829 ecn_mark=244 drop=0
[QUEUE_STATS] t_ms=1840 q_pkts=164 q_bytes=246656 qdelay_l_ms=1.05562 qdelay_c_ms=63.5016 ecn_mark=244 drop=0
[QUEUE_STATS] t_ms=1856 q_pkts=172 q_bytes=258688 qdelay_l_ms=1.07698 qdelay_c_ms=62.7064 ecn_mark=244 drop=0
[QUEUE_STATS] t_ms=1872 q_pkts=170 q_bytes=255680 qdelay_l_ms=1.07329 qdelay_c_ms=61.7769 ecn_mark=244 drop=0
[QUEUE_STATS] t_ms=1888 q_pkts=172 q_bytes=258688 qdelay_l_ms=0.87813 qdelay_c_ms=63.1241 ecn_mark=244 drop=0
[QUEUE_STATS] t_ms=1904 q_pkts=179 q_bytes=269216 qdelay_l_ms=0.773013 qdelay_c_ms=62.3338 ecn_mark=244 drop=0
[QUEUE_STATS] t_ms=1920 q_pkts=178 q_bytes=267712 qdelay_l_ms=0.8776 qdelay_c_ms=65.7736 ecn_mark=245 drop=0
[QUEUE_STATS] t_ms=1936 q_pkts=180 q_bytes=270720 qdelay_l_ms=1.07478 qdelay_c_ms=66.9873 ecn_mark=245 drop=0
[QUEUE_STATS] t_ms=1952 q_pkts=184 q_bytes=276736 qdelay_l_ms=1.0944 qdelay_c_ms=65.9154 ecn_mark=245 drop=0
[QUEUE_STATS] t_ms=1968 q_pkts=181 q_bytes=272224 qdelay_l_ms=1.07046 qdelay_c_ms=68.0974 ecn_mark=245 drop=0
[QUEUE_STATS] t_ms=1984 q_pkts=182 q_bytes=273728 qdelay_l_ms=1.05522 qdelay_c_ms=68.2319 ecn_mark=245 drop=0
[QUEUE_STATS] t_ms=2000 q_pkts=187 q_bytes=281248 qdelay_l_ms=1.07359 qdelay_c_ms=69.2561 ecn_mark=245 drop=0
[QUEUE_STATS] t_ms=2016 q_pkts=188 q_bytes=282752 qdelay_l_ms=1.0571 qdelay_c_ms=69.1033 ecn_mark=245 drop=0
[QUEUE_STATS] t_ms=2032 q_pkts=193 q_bytes=290272 qdelay_l_ms=0.88361 qdelay_c_ms=69.8415 ecn_mark=245 drop=0
[QUEUE_STATS] t_ms=2048 q_pkts=195 q_bytes=293280 qdelay_l_ms=1.06585 qdelay_c_ms=70.8418 ecn_mark=245 drop=0
[QUEUE_STATS] t_ms=2064 q_pkts=197 q_bytes=296288 qdelay_l_ms=0.859335 qdelay_c_ms=71.0029 ecn_mark=245 drop=0
[QUEUE_STATS] t_ms=2080 q_pkts=199 q_bytes=299296 qdelay_l_ms=0.727217 qdelay_c_ms=72.955 ecn_mark=245 drop=0
[QUEUE_STATS] t_ms=2096 q_pkts=203 q_bytes=305312 qdelay_l_ms=1.04963 qdelay_c_ms=71.8871 ecn_mark=245 drop=0
[QUEUE_STATS] t_ms=2112 q_pkts=203 q_bytes=305312 qdelay_l_ms=0.78259 qdelay_c_ms=73.976 ecn_mark=245 drop=0
[QUEUE_STATS] t_ms=2128 q_pkts=204 q_bytes=306816 qdelay_l_ms=1.07455 qdelay_c_ms=75.8713 ecn_mark=245 drop=0
[QUEUE_STATS] t_ms=2144 q_pkts=208 q_bytes=312832 qdelay_l_ms=1.07552 qdelay_c_ms=75.7251 ecn_mark=245 drop=0
[QUEUE_STATS] t_ms=2160 q_pkts=210 q_bytes=315840 qdelay_l_ms=1.04067 qdelay_c_ms=77.4679 ecn_mark=245 drop=0
[QUEUE_STATS] t_ms=2176 q_pkts=212 q_bytes=318848 qdelay_l_ms=0.700917 qdelay_c_ms=79.8257 ecn_mark=245 drop=0
[QUEUE_STATS] t_ms=2192 q_pkts=215 q_bytes=323360 qdelay_l_ms=1.1012 qdelay_c_ms=79.1195 ecn_mark=246 drop=0
[QUEUE_STATS] t_ms=2208 q_pkts=218 q_bytes=327872 qdelay_l_ms=1.06597 qdelay_c_ms=81.3503 ecn_mark=246 drop=0
[QUEUE_STATS] t_ms=2224 q_pkts=217 q_bytes=326368 qdelay_l_ms=1.06665 qdelay_c_ms=81.848 ecn_mark=247 drop=0
[QUEUE_STATS] t_ms=2240 q_pkts=219 q_bytes=329376 qdelay_l_ms=1.09089 qdelay_c_ms=81.959 ecn_mark=248 drop=0
[QUEUE_STATS] t_ms=2256 q_pkts=219 q_bytes=329376 qdelay_l_ms=0.732637 qdelay_c_ms=81.8104 ecn_mark=249 drop=0
[QUEUE_STATS] t_ms=2272 q_pkts=223 q_bytes=335392 qdelay_l_ms=1.06395 qdelay_c_ms=83.2657 ecn_mark=249 drop=0
[QUEUE_STATS] t_ms=2288 q_pkts=225 q_bytes=338400 qdelay_l_ms=0.909459 qdelay_c_ms=83.4338 ecn_mark=249 drop=0
[QUEUE_STATS] t_ms=2304 q_pkts=224 q_bytes=336896 qdelay_l_ms=1.00395 qdelay_c_ms=84.3954 ecn_mark=251 drop=0
[QUEUE_STATS] t_ms=2320 q_pkts=229 q_bytes=344416 qdelay_l_ms=0 qdelay_c_ms=85.1802 ecn_mark=251 drop=0
[QUEUE_STATS] t_ms=2336 q_pkts=234 q_bytes=351936 qdelay_l_ms=1.07025 qdelay_c_ms=84.8114 ecn_mark=251 drop=0
[QUEUE_STATS] t_ms=2352 q_pkts=231 q_bytes=347424 qdelay_l_ms=1.06122 qdelay_c_ms=85.7909 ecn_mark=251 drop=0
[QUEUE_STATS] t_ms=2368 q_pkts=233 q_bytes=350432 qdelay_l_ms=1.06177 qdelay_c_ms=86.1933 ecn_mark=251 drop=0
[QUEUE_STATS] t_ms=2384 q_pkts=237 q_bytes=356448 qdelay_l_ms=1.0998 qdelay_c_ms=87.1413 ecn_mark=251 drop=0
[QUEUE_STATS] t_ms=2400 q_pkts=239 q_bytes=359456 qdelay_l_ms=0.728799 qdelay_c_ms=87.7869 ecn_mark=251 drop=0
[QUEUE_STATS] t_ms=2416 q_pkts=242 q_bytes=363968 qdelay_l_ms=0.886526 qdelay_c_ms=88.812 ecn_mark=251 drop=0
[QUEUE_STATS] t_ms=2432 q_pkts=244 q_bytes=366976 qdelay_l_ms=1.06116 qdelay_c_ms=89.4471 ecn_mark=251 drop=0
[QUEUE_STATS] t_ms=2448 q_pkts=246 q_bytes=369984 qdelay_l_ms=1.0499 qdelay_c_ms=90.0403 ecn_mark=251 drop=0
[QUEUE_STATS] t_ms=2464 q_pkts=248 q_bytes=372992 qdelay_l_ms=1.06657 qdelay_c_ms=91.2094 ecn_mark=251 drop=0
[QUEUE_STATS] t_ms=2480 q_pkts=252 q_bytes=379008 qdelay_l_ms=0.706127 qdelay_c_ms=92.7056 ecn_mark=252 drop=0
[QUEUE_STATS] t_ms=2496 q_pkts=252 q_bytes=379008 qdelay_l_ms=0 qdelay_c_ms=93.1802 ecn_mark=252 drop=0
[QUEUE_STATS] t_ms=2512 q_pkts=256 q_bytes=385024 qdelay_l_ms=1.09967 qdelay_c_ms=94.9756 ecn_mark=252 drop=0
[QUEUE_STATS] t_ms=2528 q_pkts=256 q_bytes=385024 qdelay_l_ms=1.09098 qdelay_c_ms=94.9719 ecn_mark=252 drop=0
[QUEUE_STATS] t_ms=2544 q_pkts=257 q_bytes=386528 qdelay_l_ms=1.06823 qdelay_c_ms=96.1758 ecn_mark=252 drop=0
[QUEUE_STATS] t_ms=2560 q_pkts=261 q_bytes=392544 qdelay_l_ms=1.0614 qdelay_c_ms=97.0473 ecn_mark=252 drop=0
[QUEUE_STATS] t_ms=2576 q_pkts=265 q_bytes=398560 qdelay_l_ms=0.709935 qdelay_c_ms=97.6695 ecn_mark=252 drop=0
[QUEUE_STATS] t_ms=2592 q_pkts=266 q_bytes=400064 qdelay_l_ms=0.892458 qdelay_c_ms=99.1297 ecn_mark=252 drop=0
[QUEUE_STATS] t_ms=2608 q_pkts=268 q_bytes=403072 qdelay_l_ms=1.07896 qdelay_c_ms=100.232 ecn_mark=252 drop=0
[QUEUE_STATS] t_ms=2624 q_pkts=274 q_bytes=412096 qdelay_l_ms=0.661082 qdelay_c_ms=100.61 ecn_mark=253 drop=0
[QUEUE_STATS] t_ms=2640 q_pkts=273 q_bytes=410592 qdelay_l_ms=1.0701 qdelay_c_ms=102.59 ecn_mark=253 drop=0
[QUEUE_STATS] t_ms=2656 q_pkts=274 q_bytes=412096 qdelay_l_ms=0 qdelay_c_ms=102.882 ecn_mark=253 drop=0
[QUEUE_STATS] t_ms=2672 q_pkts=276 q_bytes=415104 qdelay_l_ms=1.06519 qdelay_c_ms=104.07 ecn_mark=255 drop=0
[QUEUE_STATS] t_ms=2688 q_pkts=278 q_bytes=418112 qdelay_l_ms=0.762142 qdelay_c_ms=105.815 ecn_mark=255 drop=0
[QUEUE_STATS] t_ms=2704 q_pkts=280 q_bytes=421120 qdelay_l_ms=1.08211 qdelay_c_ms=103.978 ecn_mark=255 drop=0
[QUEUE_STATS] t_ms=2720 q_pkts=282 q_bytes=424128 qdelay_l_ms=1.0656 qdelay_c_ms=105.835 ecn_mark=255 drop=0
[QUEUE_STATS] t_ms=2736 q_pkts=286 q_bytes=430144 qdelay_l_ms=1.06056 qdelay_c_ms=106.734 ecn_mark=255 drop=0
[QUEUE_STATS] t_ms=2752 q_pkts=288 q_bytes=433152 qdelay_l_ms=1.07554 qdelay_c_ms=107.407 ecn_mark=255 drop=0
[QUEUE_STATS] t_ms=2768 q_pkts=292 q_bytes=436248 qdelay_l_ms=1.04438 qdelay_c_ms=109.202 ecn_mark=256 drop=0
[QUEUE_STATS] t_ms=2784 q_pkts=294 q_bytes=439256 qdelay_l_ms=0.869925 qdelay_c_ms=109.597 ecn_mark=256 drop=0
[QUEUE_STATS] t_ms=2800 q_pkts=294 q_bytes=439256 qdelay_l_ms=1.06108 qdelay_c_ms=109.295 ecn_mark=257 drop=0
[QUEUE_STATS] t_ms=2816 q_pkts=297 q_bytes=443768 qdelay_l_ms=1.08062 qdelay_c_ms=111.107 ecn_mark=257 drop=0
[QUEUE_STATS] t_ms=2832 q_pkts=300 q_bytes=448280 qdelay_l_ms=1.05765 qdelay_c_ms=112.149 ecn_mark=257 drop=0
[QUEUE_STATS] t_ms=2848 q_pkts=302 q_bytes=451288 qdelay_l_ms=0.647918 qdelay_c_ms=112.927 ecn_mark=257 drop=0
[QUEUE_STATS] t_ms=2864 q_pkts=304 q_bytes=454296 qdelay_l_ms=1.07974 qdelay_c_ms=114.881 ecn_mark=257 drop=0
[QUEUE_STATS] t_ms=2880 q_pkts=304 q_bytes=457216 qdelay_l_ms=1.05181 qdelay_c_ms=114.997 ecn_mark=257 drop=0
[QUEUE_STATS] t_ms=2896 q_pkts=307 q_bytes=461728 qdelay_l_ms=1.06639 qdelay_c_ms=116.445 ecn_mark=257 drop=0
[QUEUE_STATS] t_ms=2912 q_pkts=309 q_bytes=464736 qdelay_l_ms=1.0645 qdelay_c_ms=118.408 ecn_mark=257 drop=0
[QUEUE_STATS] t_ms=2928 q_pkts=312 q_bytes=469248 qdelay_l_ms=0.864895 qdelay_c_ms=118.178 ecn_mark=257 drop=0
[QUEUE_STATS] t_ms=2944 q_pkts=314 q_bytes=472256 qdelay_l_ms=0.258957 qdelay_c_ms=118.75 ecn_mark=257 drop=0
[QUEUE_STATS] t_ms=2960 q_pkts=319 q_bytes=479776 qdelay_l_ms=1.04738 qdelay_c_ms=120.855 ecn_mark=258 drop=0
[QUEUE_STATS] t_ms=2976 q_pkts=319 q_bytes=479776 qdelay_l_ms=0.565312 qdelay_c_ms=120.706 ecn_mark=258 drop=0
[QUEUE_STATS] t_ms=2992 q_pkts=320 q_bytes=481280 qdelay_l_ms=0.834158 qdelay_c_ms=121.789 ecn_mark=258 drop=0
[QUEUE_STATS] t_ms=3008 q_pkts=323 q_bytes=485792 qdelay_l_ms=1.0844 qdelay_c_ms=123.858 ecn_mark=258 drop=0
[QUEUE_STATS] t_ms=3024 q_pkts=324 q_bytes=487296 qdelay_l_ms=1.09305 qdelay_c_ms=124.437 ecn_mark=258 drop=0
[QUEUE_STATS] t_ms=3040 q_pkts=327 q_bytes=491808 qdelay_l_ms=1.06661 qdelay_c_ms=126.201 ecn_mark=258 drop=0
[QUEUE_STATS] t_ms=3056 q_pkts=329 q_bytes=494816 qdelay_l_ms=1.06357 qdelay_c_ms=127.47 ecn_mark=258 drop=0
[QUEUE_STATS] t_ms=3072 q_pkts=331 q_bytes=497824 qdelay_l_ms=1.08085 qdelay_c_ms=128.599 ecn_mark=258 drop=0
[QUEUE_STATS] t_ms=3088 q_pkts=333 q_bytes=500832 qdelay_l_ms=1.06679 qdelay_c_ms=130.33 ecn_mark=258 drop=0
[QUEUE_STATS] t_ms=3104 q_pkts=336 q_bytes=505344 qdelay_l_ms=1.10442 qdelay_c_ms=130.942 ecn_mark=259 drop=0
[QUEUE_STATS] t_ms=3120 q_pkts=338 q_bytes=508352 qdelay_l_ms=1.09601 qdelay_c_ms=131.944 ecn_mark=259 drop=0
[QUEUE_STATS] t_ms=3136 q_pkts=340 q_bytes=511360 qdelay_l_ms=1.07528 qdelay_c_ms=132.84 ecn_mark=260 drop=0
[QUEUE_STATS] t_ms=3152 q_pkts=341 q_bytes=512864 qdelay_l_ms=0.976726 qdelay_c_ms=134.219 ecn_mark=260 drop=0
[QUEUE_STATS] t_ms=3168 q_pkts=343 q_bytes=515872 qdelay_l_ms=1.08126 qdelay_c_ms=136.236 ecn_mark=260 drop=0
[QUEUE_STATS] t_ms=3184 q_pkts=346 q_bytes=520384 qdelay_l_ms=1.02236 qdelay_c_ms=135.953 ecn_mark=260 drop=0
[QUEUE_STATS] t_ms=3200 q_pkts=349 q_bytes=524896 qdelay_l_ms=1.06678 qdelay_c_ms=136.826 ecn_mark=261 drop=0
[QUEUE_STATS] t_ms=3216 q_pkts=351 q_bytes=527904 qdelay_l_ms=1.0498 qdelay_c_ms=138.476 ecn_mark=261 drop=0
[QUEUE_STATS] t_ms=3232 q_pkts=352 q_bytes=529408 qdelay_l_ms=0.530618 qdelay_c_ms=138.899 ecn_mark=261 drop=0
[QUEUE_STATS] t_ms=3248 q_pkts=355 q_bytes=533920 qdelay_l_ms=1.10068 qdelay_c_ms=140.752 ecn_mark=261 drop=0
[QUEUE_STATS] t_ms=3264 q_pkts=355 q_bytes=533920 qdelay_l_ms=0.928825 qdelay_c_ms=142.559 ecn_mark=261 drop=0
[QUEUE_STATS] t_ms=3280 q_pkts=358 q_bytes=538432 qdelay_l_ms=1.03631 qdelay_c_ms=142.037 ecn_mark=261 drop=0
[QUEUE_STATS] t_ms=3296 q_pkts=361 q_bytes=542944 qdelay_l_ms=1.06825 qdelay_c_ms=144.015 ecn_mark=261 drop=0
[QUEUE_STATS] t_ms=3312 q_pkts=363 q_bytes=545952 qdelay_l_ms=1.01785 qdelay_c_ms=144.865 ecn_mark=261 drop=0
[QUEUE_STATS] t_ms=3328 q_pkts=365 q_bytes=548960 qdelay_l_ms=0.515519 qdelay_c_ms=146.687 ecn_mark=263 drop=0
[QUEUE_STATS] t_ms=3344 q_pkts=369 q_bytes=554976 qdelay_l_ms=0.791959 qdelay_c_ms=148.982 ecn_mark=264 drop=0
[QUEUE_STATS] t_ms=3360 q_pkts=371 q_bytes=557984 qdelay_l_ms=1.00411 qdelay_c_ms=148.974 ecn_mark=264 drop=0
[QUEUE_STATS] t_ms=3376 q_pkts=372 q_bytes=559488 qdelay_l_ms=1.08833 qdelay_c_ms=151.413 ecn_mark=265 drop=0
[QUEUE_STATS] t_ms=3392 q_pkts=374 q_bytes=562496 qdelay_l_ms=1.00836 qdelay_c_ms=152.822 ecn_mark=266 drop=0
[QUEUE_STATS] t_ms=3408 q_pkts=376 q_bytes=565504 qdelay_l_ms=1.02329 qdelay_c_ms=152.107 ecn_mark=268 drop=0
[QUEUE_STATS] t_ms=3424 q_pkts=377 q_bytes=567008 qdelay_l_ms=1.09433 qdelay_c_ms=153.706 ecn_mark=268 drop=0
[QUEUE_STATS] t_ms=3440 q_pkts=381 q_bytes=573024 qdelay_l_ms=0.76599 qdelay_c_ms=155.815 ecn_mark=268 drop=0
[QUEUE_STATS] t_ms=3456 q_pkts=383 q_bytes=576032 qdelay_l_ms=1.01407 qdelay_c_ms=156.327 ecn_mark=268 drop=0
[QUEUE_STATS] t_ms=3472 q_pkts=384 q_bytes=577536 qdelay_l_ms=1.08902 qdelay_c_ms=158.952 ecn_mark=268 drop=0
[QUEUE_STATS] t_ms=3488 q_pkts=388 q_bytes=583552 qdelay_l_ms=0.254078 qdelay_c_ms=159.999 ecn_mark=268 drop=0
[QUEUE_STATS] t_ms=3504 q_pkts=389 q_bytes=585056 qdelay_l_ms=0.937873 qdelay_c_ms=160.008 ecn_mark=268 drop=0
[QUEUE_STATS] t_ms=3520 q_pkts=391 q_bytes=588064 qdelay_l_ms=1.0666 qdelay_c_ms=163.095 ecn_mark=268 drop=0
[QUEUE_STATS] t_ms=3536 q_pkts=394 q_bytes=592576 qdelay_l_ms=0.964803 qdelay_c_ms=163.651 ecn_mark=269 drop=0
[QUEUE_STATS] t_ms=3552 q_pkts=396 q_bytes=595584 qdelay_l_ms=0.976184 qdelay_c_ms=162.935 ecn_mark=269 drop=0
[QUEUE_STATS] t_ms=3568 q_pkts=397 q_bytes=597088 qdelay_l_ms=0.24473 qdelay_c_ms=165.852 ecn_mark=270 drop=0
[QUEUE_STATS] t_ms=3584 q_pkts=400 q_bytes=601600 qdelay_l_ms=0.971346 qdelay_c_ms=167.738 ecn_mark=270 drop=0
[QUEUE_STATS] t_ms=3600 q_pkts=400 q_bytes=601600 qdelay_l_ms=1.10211 qdelay_c_ms=166.756 ecn_mark=271 drop=0
[QUEUE_STATS] t_ms=3616 q_pkts=402 q_bytes=604608 qdelay_l_ms=0.980092 qdelay_c_ms=168.658 ecn_mark=271 drop=0
[QUEUE_STATS] t_ms=3632 q_pkts=407 q_bytes=612128 qdelay_l_ms=0.949354 qdelay_c_ms=170.715 ecn_mark=272 drop=0
[QUEUE_STATS] t_ms=3648 q_pkts=406 q_bytes=610624 qdelay_l_ms=1.07134 qdelay_c_ms=171.37 ecn_mark=273 drop=0
[QUEUE_STATS] t_ms=3664 q_pkts=407 q_bytes=612128 qdelay_l_ms=1.06986 qdelay_c_ms=173.198 ecn_mark=273 drop=0
[QUEUE_STATS] t_ms=3680 q_pkts=411 q_bytes=618144 qdelay_l_ms=0.969332 qdelay_c_ms=174.898 ecn_mark=273 drop=0
[QUEUE_STATS] t_ms=3696 q_pkts=411 q_bytes=618144 qdelay_l_ms=1.07439 qdelay_c_ms=175.126 ecn_mark=273 drop=0
[QUEUE_STATS] t_ms=3712 q_pkts=414 q_bytes=622656 qdelay_l_ms=0.933534 qdelay_c_ms=177.063 ecn_mark=273 drop=0
[QUEUE_STATS] t_ms=3728 q_pkts=416 q_bytes=625664 qdelay_l_ms=1.07137 qdelay_c_ms=177.954 ecn_mark=273 drop=0
[QUEUE_STATS] t_ms=3744 q_pkts=417 q_bytes=627168 qdelay_l_ms=1.08411 qdelay_c_ms=178.817 ecn_mark=274 drop=0
[QUEUE_STATS] t_ms=3760 q_pkts=421 q_bytes=633184 qdelay_l_ms=0.783362 qdelay_c_ms=180.931 ecn_mark=275 drop=0
[QUEUE_STATS] t_ms=3776 q_pkts=424 q_bytes=637696 qdelay_l_ms=0.977006 qdelay_c_ms=182.05 ecn_mark=275 drop=0
[QUEUE_STATS] t_ms=3792 q_pkts=425 q_bytes=639200 qdelay_l_ms=0.950857 qdelay_c_ms=181.543 ecn_mark=275 drop=0
[QUEUE_STATS] t_ms=3808 q_pkts=425 q_bytes=639200 qdelay_l_ms=0 qdelay_c_ms=182.844 ecn_mark=275 drop=0
[QUEUE_STATS] t_ms=3824 q_pkts=430 q_bytes=646720 qdelay_l_ms=1.06593 qdelay_c_ms=185.816 ecn_mark=275 drop=0
[QUEUE_STATS] t_ms=3840 q_pkts=430 q_bytes=646720 qdelay_l_ms=0.92064 qdelay_c_ms=185.915 ecn_mark=275 drop=0
[QUEUE_STATS] t_ms=3856 q_pkts=432 q_bytes=649728 qdelay_l_ms=0.904781 qdelay_c_ms=185.263 ecn_mark=275 drop=0
[QUEUE_STATS] t_ms=3872 q_pkts=436 q_bytes=655744 qdelay_l_ms=1.06679 qdelay_c_ms=189.234 ecn_mark=275 drop=0
[QUEUE_STATS] t_ms=3888 q_pkts=437 q_bytes=657248 qdelay_l_ms=0.932142 qdelay_c_ms=190.546 ecn_mark=275 drop=0
[QUEUE_STATS] t_ms=3904 q_pkts=439 q_bytes=660256 qdelay_l_ms=0.898389 qdelay_c_ms=190.935 ecn_mark=277 drop=0
[QUEUE_STATS] t_ms=3920 q_pkts=441 q_bytes=663264 qdelay_l_ms=0.921762 qdelay_c_ms=193.037 ecn_mark=277 drop=0
[QUEUE_STATS] t_ms=3936 q_pkts=443 q_bytes=666272 qdelay_l_ms=0.916141 qdelay_c_ms=193.796 ecn_mark=278 drop=0
[QUEUE_STATS] t_ms=3952 q_pkts=445 q_bytes=669280 qdelay_l_ms=0.695477 qdelay_c_ms=194.558 ecn_mark=279 drop=0
[QUEUE_STATS] t_ms=3968 q_pkts=447 q_bytes=672288 qdelay_l_ms=1.10687 qdelay_c_ms=198.062 ecn_mark=279 drop=0
[QUEUE_STATS] t_ms=3984 q_pkts=449 q_bytes=675296 qdelay_l_ms=1.07538 qdelay_c_ms=197.872 ecn_mark=279 drop=0
[QUEUE_STATS] t_ms=4000 q_pkts=450 q_bytes=676800 qdelay_l_ms=1.07115 qdelay_c_ms=199.059 ecn_mark=279 drop=0
[QUEUE_STATS] t_ms=4016 q_pkts=453 q_bytes=681312 qdelay_l_ms=0.67604 qdelay_c_ms=202.746 ecn_mark=280 drop=0
[QUEUE_STATS] t_ms=4032 q_pkts=453 q_bytes=681312 qdelay_l_ms=0.687733 qdelay_c_ms=201.693 ecn_mark=280 drop=0
[QUEUE_STATS] t_ms=4048 q_pkts=457 q_bytes=685876 qdelay_l_ms=1.08389 qdelay_c_ms=203.518 ecn_mark=282 drop=0
[QUEUE_STATS] t_ms=4064 q_pkts=460 q_bytes=690388 qdelay_l_ms=1.09758 qdelay_c_ms=207.022 ecn_mark=282 drop=0
[QUEUE_STATS] t_ms=4080 q_pkts=459 q_bytes=688884 qdelay_l_ms=0.902326 qdelay_c_ms=205.783 ecn_mark=283 drop=0
[QUEUE_STATS] t_ms=4096 q_pkts=460 q_bytes=690388 qdelay_l_ms=1.0727 qdelay_c_ms=208.249 ecn_mark=284 drop=0
[QUEUE_STATS] t_ms=4112 q_pkts=466 q_bytes=699412 qdelay_l_ms=1.08004 qdelay_c_ms=210.866 ecn_mark=284 drop=0
[QUEUE_STATS] t_ms=4128 q_pkts=466 q_bytes=699412 qdelay_l_ms=1.10966 qdelay_c_ms=209.369 ecn_mark=284 drop=0
[QUEUE_STATS] t_ms=4144 q_pkts=466 q_bytes=699412 qdelay_l_ms=0.892277 qdelay_c_ms=211.867 ecn_mark=284 drop=0
[QUEUE_STATS] t_ms=4160 q_pkts=472 q_bytes=708436 qdelay_l_ms=1.0865 qdelay_c_ms=214.042 ecn_mark=284 drop=0
[QUEUE_STATS] t_ms=4176 q_pkts=472 q_bytes=708436 qdelay_l_ms=1.08315 qdelay_c_ms=214.617 ecn_mark=284 drop=0
[QUEUE_STATS] t_ms=4192 q_pkts=473 q_bytes=709940 qdelay_l_ms=0.849026 qdelay_c_ms=215.813 ecn_mark=285 drop=0
[QUEUE_STATS] t_ms=4208 q_pkts=478 q_bytes=717460 qdelay_l_ms=1.06906 qdelay_c_ms=216.88 ecn_mark=287 drop=0
[QUEUE_STATS] t_ms=4224 q_pkts=477 q_bytes=715956 qdelay_l_ms=0.656854 qdelay_c_ms=218.39 ecn_mark=288 drop=0
[QUEUE_STATS] t_ms=4240 q_pkts=481 q_bytes=721972 qdelay_l_ms=1.08987 qdelay_c_ms=219.815 ecn_mark=289 drop=0
[QUEUE_STATS] t_ms=4256 q_pkts=481 q_bytes=723424 qdelay_l_ms=0.866118 qdelay_c_ms=222.993 ecn_mark=289 drop=0
[QUEUE_STATS] t_ms=4272 q_pkts=481 q_bytes=723424 qdelay_l_ms=1.05015 qdelay_c_ms=223.137 ecn_mark=289 drop=0
[QUEUE_STATS] t_ms=4288 q_pkts=483 q_bytes=726432 qdelay_l_ms=1.02701 qdelay_c_ms=224.008 ecn_mark=290 drop=0
[QUEUE_STATS] t_ms=4304 q_pkts=485 q_bytes=729440 qdelay_l_ms=1.07109 qdelay_c_ms=226.996 ecn_mark=293 drop=0
[QUEUE_STATS] t_ms=4320 q_pkts=486 q_bytes=730944 qdelay_l_ms=1.0488 qdelay_c_ms=227.101 ecn_mark=296 drop=0
[QUEUE_STATS] t_ms=4336 q_pkts=488 q_bytes=733952 qdelay_l_ms=0.853234 qdelay_c_ms=227.975 ecn_mark=296 drop=0
[QUEUE_STATS] t_ms=4352 q_pkts=491 q_bytes=738464 qdelay_l_ms=1.08187 qdelay_c_ms=231.19 ecn_mark=297 drop=0
[QUEUE_STATS] t_ms=4368 q_pkts=492 q_bytes=739968 qdelay_l_ms=1.09396 qdelay_c_ms=231.949 ecn_mark=297 drop=0
[QUEUE_STATS] t_ms=4384 q_pkts=493 q_bytes=741472 qdelay_l_ms=1.10344 qdelay_c_ms=232.057 ecn_mark=297 drop=0
[QUEUE_STATS] t_ms=4400 q_pkts=495 q_bytes=744480 qdelay_l_ms=1.10979 qdelay_c_ms=235.943 ecn_mark=298 drop=0
[QUEUE_STATS] t_ms=4416 q_pkts=498 q_bytes=748992 qdelay_l_ms=0.839026 qdelay_c_ms=234.764 ecn_mark=298 drop=0
[QUEUE_STATS] t_ms=4432 q_pkts=498 q_bytes=748992 qdelay_l_ms=0.853664 qdelay_c_ms=236.662 ecn_mark=299 drop=0
[QUEUE_STATS] t_ms=4448 q_pkts=501 q_bytes=753504 qdelay_l_ms=0.838626 qdelay_c_ms=239.897 ecn_mark=301 drop=0
[QUEUE_STATS] t_ms=4464 q_pkts=503 q_bytes=756512 qdelay_l_ms=1.07771 qdelay_c_ms=239.04 ecn_mark=301 drop=0
[QUEUE_STATS] t_ms=4480 q_pkts=504 q_bytes=758016 qdelay_l_ms=1.09259 qdelay_c_ms=241.282 ecn_mark=302 drop=0
[QUEUE_STATS] t_ms=4496 q_pkts=506 q_bytes=761024 qdelay_l_ms=0.86189 qdelay_c_ms=241.763 ecn_mark=304 drop=0
[QUEUE_STATS] t_ms=4512 q_pkts=507 q_bytes=762528 qdelay_l_ms=0.99493 qdelay_c_ms=242.152 ecn_mark=304 drop=0
[QUEUE_STATS] t_ms=4528 q_pkts=510 q_bytes=767040 qdelay_l_ms=1.09503 qdelay_c_ms=242.782 ecn_mark=305 drop=0
[QUEUE_STATS] t_ms=4544 q_pkts=512 q_bytes=770048 qdelay_l_ms=0.860888 qdelay_c_ms=244.902 ecn_mark=306 drop=0
[QUEUE_STATS] t_ms=4560 q_pkts=513 q_bytes=771552 qdelay_l_ms=1.09324 qdelay_c_ms=245.056 ecn_mark=307 drop=0
[QUEUE_STATS] t_ms=4576 q_pkts=514 q_bytes=773056 qdelay_l_ms=1.08067 qdelay_c_ms=247.036 ecn_mark=307 drop=0
[QUEUE_STATS] t_ms=4592 q_pkts=518 q_bytes=779072 qdelay_l_ms=0.993367 qdelay_c_ms=250.034 ecn_mark=310 drop=0
[QUEUE_STATS] t_ms=4608 q_pkts=517 q_bytes=777568 qdelay_l_ms=0.982426 qdelay_c_ms=247.82 ecn_mark=310 drop=0
[QUEUE_STATS] t_ms=4624 q_pkts=519 q_bytes=780576 qdelay_l_ms=0.668105 qdelay_c_ms=251.034 ecn_mark=311 drop=0
[QUEUE_STATS] t_ms=4640 q_pkts=523 q_bytes=786592 qdelay_l_ms=0.648439 qdelay_c_ms=250.979 ecn_mark=312 drop=0
[QUEUE_STATS] t_ms=4656 q_pkts=522 q_bytes=785088 qdelay_l_ms=1.07037 qdelay_c_ms=251.051 ecn_mark=314 drop=0
[QUEUE_STATS] t_ms=4672 q_pkts=525 q_bytes=789600 qdelay_l_ms=1.0984 qdelay_c_ms=254.019 ecn_mark=316 drop=0
[QUEUE_STATS] t_ms=4688 q_pkts=526 q_bytes=791104 qdelay_l_ms=1.10279 qdelay_c_ms=254.956 ecn_mark=316 drop=0
[QUEUE_STATS] t_ms=4704 q_pkts=527 q_bytes=792608 qdelay_l_ms=1.07274 qdelay_c_ms=254.342 ecn_mark=318 drop=0
[QUEUE_STATS] t_ms=4720 q_pkts=530 q_bytes=797120 qdelay_l_ms=1.07007 qdelay_c_ms=257.979 ecn_mark=318 drop=0
[QUEUE_STATS] t_ms=4736 q_pkts=531 q_bytes=798624 qdelay_l_ms=1.10331 qdelay_c_ms=259.03 ecn_mark=319 drop=0
[QUEUE_STATS] t_ms=4752 q_pkts=533 q_bytes=801632 qdelay_l_ms=0.724261 qdelay_c_ms=257.958 ecn_mark=319 drop=0
[QUEUE_STATS] t_ms=4768 q_pkts=534 q_bytes=803136 qdelay_l_ms=1.08189 qdelay_c_ms=261.195 ecn_mark=320 drop=0
[QUEUE_STATS] t_ms=4784 q_pkts=536 q_bytes=806144 qdelay_l_ms=1.09495 qdelay_c_ms=260.859 ecn_mark=322 drop=0
[QUEUE_STATS] t_ms=4800 q_pkts=534 q_bytes=803136 qdelay_l_ms=0.655762 qdelay_c_ms=261.875 ecn_mark=323 drop=0
[QUEUE_STATS] t_ms=4816 q_pkts=540 q_bytes=812160 qdelay_l_ms=1.08617 qdelay_c_ms=264.098 ecn_mark=325 drop=0
[QUEUE_STATS] t_ms=4832 q_pkts=539 q_bytes=810656 qdelay_l_ms=0.948753 qdelay_c_ms=265.113 ecn_mark=326 drop=0
[QUEUE_STATS] t_ms=4848 q_pkts=541 q_bytes=813664 qdelay_l_ms=0.839387 qdelay_c_ms=265.774 ecn_mark=327 drop=0
[QUEUE_STATS] t_ms=4864 q_pkts=545 q_bytes=819680 qdelay_l_ms=0.966657 qdelay_c_ms=266.77 ecn_mark=328 drop=0
[QUEUE_STATS] t_ms=4880 q_pkts=543 q_bytes=816672 qdelay_l_ms=0.950417 qdelay_c_ms=266.828 ecn_mark=330 drop=0
[QUEUE_STATS] t_ms=4896 q_pkts=545 q_bytes=819680 qdelay_l_ms=0.640133 qdelay_c_ms=267.853 ecn_mark=334 drop=0
[QUEUE_STATS] t_ms=4912 q_pkts=548 q_bytes=824192 qdelay_l_ms=1.11152 qdelay_c_ms=270.013 ecn_mark=335 drop=0
[QUEUE_STATS] t_ms=4928 q_pkts=550 q_bytes=827200 qdelay_l_ms=1.07549 qdelay_c_ms=270.047 ecn_mark=336 drop=0
[QUEUE_STATS] t_ms=4944 q_pkts=549 q_bytes=825696 qdelay_l_ms=0.838666 qdelay_c_ms=270.838 ecn_mark=340 drop=0
[QUEUE_STATS] t_ms=4960 q_pkts=551 q_bytes=828704 qdelay_l_ms=1.09408 qdelay_c_ms=271.796 ecn_mark=342 drop=0
[QUEUE_STATS] t_ms=4976 q_pkts=556 q_bytes=836224 qdelay_l_ms=0.848144 qdelay_c_ms=272.679 ecn_mark=342 drop=0
[QUEUE_STATS] t_ms=4992 q_pkts=556 q_bytes=836224 qdelay_l_ms=1.11256 qdelay_c_ms=273.061 ecn_mark=343 drop=0
[QUEUE_STATS] t_ms=5008 q_pkts=556 q_bytes=836224 qdelay_l_ms=0.978368 qdelay_c_ms=274.804 ecn_mark=344 drop=0
[QUEUE_STATS] t_ms=5024 q_pkts=558 q_bytes=839232 qdelay_l_ms=1.07795 qdelay_c_ms=273.999 ecn_mark=344 drop=0
[QUEUE_STATS] t_ms=5040 q_pkts=559 q_bytes=840736 qdelay_l_ms=0.988117 qdelay_c_ms=275.814 ecn_mark=345 drop=0
[QUEUE_STATS] t_ms=5056 q_pkts=560 q_bytes=842240 qdelay_l_ms=1.07423 qdelay_c_ms=276.268 ecn_mark=348 drop=0
[QUEUE_STATS] t_ms=5072 q_pkts=564 q_bytes=848256 qdelay_l_ms=1.08803 qdelay_c_ms=276.612 ecn_mark=350 drop=0
[QUEUE_STATS] t_ms=5088 q_pkts=564 q_bytes=848256 qdelay_l_ms=1.0604 qdelay_c_ms=279.112 ecn_mark=352 drop=0
[QUEUE_STATS] t_ms=5104 q_pkts=567 q_bytes=852768 qdelay_l_ms=0.680469 qdelay_c_ms=277.741 ecn_mark=354 drop=0
[QUEUE_STATS] t_ms=5120 q_pkts=569 q_bytes=855776 qdelay_l_ms=0.863663 qdelay_c_ms=279.014 ecn_mark=356 drop=0
[QUEUE_STATS] t_ms=5136 q_pkts=569 q_bytes=855776 qdelay_l_ms=1.07733 qdelay_c_ms=277.999 ecn_mark=356 drop=0
[QUEUE_STATS] t_ms=5152 q_pkts=569 q_bytes=855776 qdelay_l_ms=1.06017 qdelay_c_ms=278.97 ecn_mark=357 drop=0
[QUEUE_STATS] t_ms=5168 q_pkts=573 q_bytes=861792 qdelay_l_ms=1.0948 qdelay_c_ms=280.086 ecn_mark=357 drop=0
[QUEUE_STATS] t_ms=5184 q_pkts=571 q_bytes=858784 qdelay_l_ms=1.00408 qdelay_c_ms=281.166 ecn_mark=358 drop=0
[QUEUE_STATS] t_ms=5200 q_pkts=574 q_bytes=863296 qdelay_l_ms=1.09886 qdelay_c_ms=282.989 ecn_mark=360 drop=0
[QUEUE_STATS] t_ms=5216 q_pkts=575 q_bytes=864800 qdelay_l_ms=0.664108 qdelay_c_ms=281.947 ecn_mark=362 drop=0
[QUEUE_STATS] t_ms=5232 q_pkts=579 q_bytes=870816 qdelay_l_ms=1.07348 qdelay_c_ms=283.135 ecn_mark=363 drop=0
[QUEUE_STATS] t_ms=5248 q_pkts=578 q_bytes=869312 qdelay_l_ms=1.09808 qdelay_c_ms=283.835 ecn_mark=367 drop=0
[QUEUE_STATS] t_ms=5264 q_pkts=581 q_bytes=873824 qdelay_l_ms=1.07184 qdelay_c_ms=284.796 ecn_mark=369 drop=0
[QUEUE_STATS] t_ms=5280 q_pkts=580 q_bytes=872320 qdelay_l_ms=0.861158 qdelay_c_ms=281.692 ecn_mark=370 drop=0
[QUEUE_STATS] t_ms=5296 q_pkts=582 q_bytes=875328 qdelay_l_ms=0.748317 qdelay_c_ms=284.895 ecn_mark=371 drop=0
[QUEUE_STATS] t_ms=5312 q_pkts=586 q_bytes=881344 qdelay_l_ms=1.02241 qdelay_c_ms=285.624 ecn_mark=372 drop=0
[QUEUE_STATS] t_ms=5328 q_pkts=587 q_bytes=882848 qdelay_l_ms=0.861308 qdelay_c_ms=284.779 ecn_mark=374 drop=0
[QUEUE_STATS] t_ms=5344 q_pkts=586 q_bytes=881344 qdelay_l_ms=1.06652 qdelay_c_ms=285.127 ecn_mark=377 drop=0
[QUEUE_STATS] t_ms=5360 q_pkts=591 q_bytes=888864 qdelay_l_ms=1.10468 qdelay_c_ms=286.096 ecn_mark=378 drop=0
[QUEUE_STATS] t_ms=5376 q_pkts=590 q_bytes=887360 qdelay_l_ms=0.902195 qdelay_c_ms=286.157 ecn_mark=380 drop=0
[QUEUE_STATS] t_ms=5392 q_pkts=591 q_bytes=888864 qdelay_l_ms=0.660702 qdelay_c_ms=288.157 ecn_mark=381 drop=0
[QUEUE_STATS] t_ms=5408 q_pkts=594 q_bytes=893376 qdelay_l_ms=1.08037 qdelay_c_ms=287.979 ecn_mark=382 drop=0
[QUEUE_STATS] t_ms=5424 q_pkts=595 q_bytes=894880 qdelay_l_ms=1.1024 qdelay_c_ms=289.026 ecn_mark=386 drop=0
[QUEUE_STATS] t_ms=5440 q_pkts=597 q_bytes=897888 qdelay_l_ms=0.868081 qdelay_c_ms=286.817 ecn_mark=386 drop=0
[QUEUE_STATS] t_ms=5456 q_pkts=599 q_bytes=900896 qdelay_l_ms=1.06614 qdelay_c_ms=288.847 ecn_mark=387 drop=0
[QUEUE_STATS] t_ms=5472 q_pkts=600 q_bytes=902400 qdelay_l_ms=1.06008 qdelay_c_ms=287.208 ecn_mark=387 drop=0
[QUEUE_STATS] t_ms=5488 q_pkts=599 q_bytes=900896 qdelay_l_ms=0.871618 qdelay_c_ms=287.898 ecn_mark=389 drop=0
[QUEUE_STATS] t_ms=5504 q_pkts=601 q_bytes=903904 qdelay_l_ms=0.869585 qdelay_c_ms=288.37 ecn_mark=392 drop=0
[QUEUE_STATS] t_ms=5520 q_pkts=604 q_bytes=908416 qdelay_l_ms=1.07566 qdelay_c_ms=290.264 ecn_mark=392 drop=0
[QUEUE_STATS] t_ms=5536 q_pkts=605 q_bytes=909920 qdelay_l_ms=0.908648 qdelay_c_ms=289.849 ecn_mark=393 drop=0
[QUEUE_STATS] t_ms=5552 q_pkts=607 q_bytes=912928 qdelay_l_ms=1.06071 qdelay_c_ms=289.265 ecn_mark=394 drop=0
[QUEUE_STATS] t_ms=5568 q_pkts=608 q_bytes=914432 qdelay_l_ms=0.879723 qdelay_c_ms=291.892 ecn_mark=396 drop=0
[QUEUE_STATS] t_ms=5584 q_pkts=608 q_bytes=914432 qdelay_l_ms=1.06127 qdelay_c_ms=290.042 ecn_mark=396 drop=0
[QUEUE_STATS] t_ms=5600 q_pkts=613 q_bytes=921952 qdelay_l_ms=0.867771 qdelay_c_ms=290.788 ecn_mark=398 drop=0
[QUEUE_STATS] t_ms=5616 q_pkts=610 q_bytes=917440 qdelay_l_ms=1.07214 qdelay_c_ms=291.491 ecn_mark=398 drop=0
[QUEUE_STATS] t_ms=5632 q_pkts=614 q_bytes=923456 qdelay_l_ms=0.900973 qdelay_c_ms=290.852 ecn_mark=399 drop=0
[QUEUE_STATS] t_ms=5648 q_pkts=616 q_bytes=926464 qdelay_l_ms=0.893259 qdelay_c_ms=288.976 ecn_mark=400 drop=0
[QUEUE_STATS] t_ms=5664 q_pkts=615 q_bytes=924960 qdelay_l_ms=0.888791 qdelay_c_ms=291.82 ecn_mark=402 drop=0
[QUEUE_STATS] t_ms=5680 q_pkts=620 q_bytes=932480 qdelay_l_ms=1.08156 qdelay_c_ms=290.733 ecn_mark=404 drop=0
[QUEUE_STATS] t_ms=5696 q_pkts=619 q_bytes=930976 qdelay_l_ms=0.877339 qdelay_c_ms=288.884 ecn_mark=406 drop=0
[QUEUE_STATS] t_ms=5712 q_pkts=620 q_bytes=932480 qdelay_l_ms=1.08565 qdelay_c_ms=291.337 ecn_mark=412 drop=0
[QUEUE_STATS] t_ms=5728 q_pkts=623 q_bytes=936992 qdelay_l_ms=1.09554 qdelay_c_ms=291.954 ecn_mark=413 drop=0
[QUEUE_STATS] t_ms=5744 q_pkts=626 q_bytes=941504 qdelay_l_ms=0.913527 qdelay_c_ms=290.863 ecn_mark=414 drop=0
[QUEUE_STATS] t_ms=5760 q_pkts=624 q_bytes=938496 qdelay_l_ms=1.10717 qdelay_c_ms=293.135 ecn_mark=416 drop=0
[QUEUE_STATS] t_ms=5776 q_pkts=628 q_bytes=944512 qdelay_l_ms=0.71805 qdelay_c_ms=291.163 ecn_mark=418 drop=0
[QUEUE_STATS] t_ms=5792 q_pkts=632 q_bytes=950528 qdelay_l_ms=0.9153 qdelay_c_ms=291.993 ecn_mark=419 drop=0
[QUEUE_STATS] t_ms=5808 q_pkts=628 q_bytes=944512 qdelay_l_ms=0.911533 qdelay_c_ms=291.909 ecn_mark=422 drop=0
[QUEUE_STATS] t_ms=5824 q_pkts=633 q_bytes=952032 qdelay_l_ms=0.909139 qdelay_c_ms=292.729 ecn_mark=425 drop=0
[QUEUE_STATS] t_ms=5840 q_pkts=634 q_bytes=953536 qdelay_l_ms=0 qdelay_c_ms=293.027 ecn_mark=428 drop=0
[QUEUE_STATS] t_ms=5856 q_pkts=631 q_bytes=949024 qdelay_l_ms=0.925038 qdelay_c_ms=292.263 ecn_mark=431 drop=0
[QUEUE_STATS] t_ms=5872 q_pkts=637 q_bytes=958048 qdelay_l_ms=0.935178 qdelay_c_ms=292.656 ecn_mark=433 drop=0
[QUEUE_STATS] t_ms=5888 q_pkts=637 q_bytes=958048 qdelay_l_ms=1.07086 qdelay_c_ms=292.089 ecn_mark=435 drop=0
[QUEUE_STATS] t_ms=5904 q_pkts=637 q_bytes=958048 qdelay_l_ms=1.08188 qdelay_c_ms=290.826 ecn_mark=438 drop=0
[QUEUE_STATS] t_ms=5920 q_pkts=642 q_bytes=965568 qdelay_l_ms=0.91515 qdelay_c_ms=292.915 ecn_mark=442 drop=0
[QUEUE_STATS] t_ms=5936 q_pkts=643 q_bytes=967072 qdelay_l_ms=1.04355 qdelay_c_ms=292.986 ecn_mark=442 drop=0
[QUEUE_STATS] t_ms=5952 q_pkts=641 q_bytes=964064 qdelay_l_ms=0.798601 qdelay_c_ms=291.883 ecn_mark=442 drop=0
[QUEUE_STATS] t_ms=5968 q_pkts=645 q_bytes=970080 qdelay_l_ms=1.1034 qdelay_c_ms=290.944 ecn_mark=445 drop=0
[QUEUE_STATS] t_ms=5984 q_pkts=647 q_bytes=973088 qdelay_l_ms=0.766531 qdelay_c_ms=293.024 ecn_mark=448 drop=0
[QUEUE_STATS] t_ms=6000 q_pkts=646 q_bytes=971584 qdelay_l_ms=1.0659 qdelay_c_ms=292.617 ecn_mark=448 drop=0
[QUEUE_STATS] t_ms=6016 q_pkts=650 q_bytes=977600 qdelay_l_ms=1.06069 qdelay_c_ms=290.814 ecn_mark=449 drop=0
[QUEUE_STATS] t_ms=6032 q_pkts=648 q_bytes=974592 qdelay_l_ms=0.925019 qdelay_c_ms=292.893 ecn_mark=451 drop=0
[QUEUE_STATS] t_ms=6048 q_pkts=653 q_bytes=982112 qdelay_l_ms=0.962459 qdelay_c_ms=292.728 ecn_mark=452 drop=0
[QUEUE_STATS] t_ms=6064 q_pkts=655 q_bytes=985120 qdelay_l_ms=1.08027 qdelay_c_ms=290.797 ecn_mark=454 drop=0
[QUEUE_STATS] t_ms=6080 q_pkts=655 q_bytes=985120 qdelay_l_ms=1.08278 qdelay_c_ms=292.262 ecn_mark=455 drop=0
[QUEUE_STATS] t_ms=6096 q_pkts=655 q_bytes=985120 qdelay_l_ms=1.07667 qdelay_c_ms=291.681 ecn_mark=455 drop=0
[QUEUE_STATS] t_ms=6112 q_pkts=657 q_bytes=988128 qdelay_l_ms=0.994659 qdelay_c_ms=290.934 ecn_mark=455 drop=0
[QUEUE_STATS] t_ms=6128 q_pkts=658 q_bytes=989632 qdelay_l_ms=0.791257 qdelay_c_ms=291.996 ecn_mark=457 drop=0
[QUEUE_STATS] t_ms=6144 q_pkts=661 q_bytes=994144 qdelay_l_ms=0.988698 qdelay_c_ms=290.31 ecn_mark=459 drop=0
[QUEUE_STATS] t_ms=6160 q_pkts=662 q_bytes=995648 qdelay_l_ms=0.955917 qdelay_c_ms=290.896 ecn_mark=460 drop=0
[QUEUE_STATS] t_ms=6176 q_pkts=665 q_bytes=1000160 qdelay_l_ms=1.07476 qdelay_c_ms=292.075 ecn_mark=462 drop=0
[QUEUE_STATS] t_ms=6192 q_pkts=667 q_bytes=1003168 qdelay_l_ms=0.982957 qdelay_c_ms=290.763 ecn_mark=464 drop=0
[QUEUE_STATS] t_ms=6208 q_pkts=666 q_bytes=1001664 qdelay_l_ms=0 qdelay_c_ms=290.016 ecn_mark=464 drop=0
[QUEUE_STATS] t_ms=6224 q_pkts=667 q_bytes=1003168 qdelay_l_ms=1.09823 qdelay_c_ms=291.929 ecn_mark=467 drop=0
[QUEUE_STATS] t_ms=6240 q_pkts=671 q_bytes=1009184 qdelay_l_ms=0.991593 qdelay_c_ms=291.07 ecn_mark=470 drop=0
[QUEUE_STATS] t_ms=6256 q_pkts=672 q_bytes=1010688 qdelay_l_ms=1.07058 qdelay_c_ms=289.21 ecn_mark=472 drop=0
[QUEUE_STATS] t_ms=6272 q_pkts=672 q_bytes=1010688 qdelay_l_ms=1.09594 qdelay_c_ms=291.956 ecn_mark=474 drop=0
[QUEUE_STATS] t_ms=6288 q_pkts=673 q_bytes=1012192 qdelay_l_ms=0.979992 qdelay_c_ms=289.353 ecn_mark=475 drop=0
[QUEUE_STATS] t_ms=6304 q_pkts=675 q_bytes=1015200 qdelay_l_ms=0.994088 qdelay_c_ms=289.909 ecn_mark=476 drop=0
[QUEUE_STATS] t_ms=6320 q_pkts=679 q_bytes=1021216 qdelay_l_ms=1.00086 qdelay_c_ms=289.794 ecn_mark=477 drop=0
[QUEUE_STATS] t_ms=6336 q_pkts=681 q_bytes=1024224 qdelay_l_ms=1.07572 qdelay_c_ms=288.943 ecn_mark=477 drop=0
[QUEUE_STATS] t_ms=6352 q_pkts=681 q_bytes=1024224 qdelay_l_ms=0.857262 qdelay_c_ms=290.919 ecn_mark=478 drop=0
[QUEUE_STATS] t_ms=6368 q_pkts=686 q_bytes=1031744 qdelay_l_ms=0.99487 qdelay_c_ms=291.834 ecn_mark=480 drop=0
[QUEUE_STATS] t_ms=6384 q_pkts=684 q_bytes=1028736 qdelay_l_ms=1.01228 qdelay_c_ms=289.998 ecn_mark=482 drop=0
[QUEUE_STATS] t_ms=6400 q_pkts=687 q_bytes=1033248 qdelay_l_ms=1.0709 qdelay_c_ms=292.149 ecn_mark=484 drop=0
[QUEUE_STATS] t_ms=6416 q_pkts=688 q_bytes=1034752 qdelay_l_ms=1.09582 qdelay_c_ms=291.93 ecn_mark=487 drop=0
[QUEUE_STATS] t_ms=6432 q_pkts=690 q_bytes=1037760 qdelay_l_ms=1.09912 qdelay_c_ms=290.665 ecn_mark=488 drop=0
[QUEUE_STATS] t_ms=6448 q_pkts=690 q_bytes=1037760 qdelay_l_ms=1.07767 qdelay_c_ms=292.43 ecn_mark=491 drop=0
[QUEUE_STATS] t_ms=6464 q_pkts=695 q_bytes=1045280 qdelay_l_ms=1.11553 qdelay_c_ms=291.341 ecn_mark=495 drop=0
[QUEUE_STATS] t_ms=6480 q_pkts=696 q_bytes=1046784 qdelay_l_ms=0.784164 qdelay_c_ms=291.084 ecn_mark=500 drop=0
[QUEUE_STATS] t_ms=6496 q_pkts=696 q_bytes=1046784 qdelay_l_ms=1.01577 qdelay_c_ms=291.795 ecn_mark=502 drop=0
[QUEUE_STATS] t_ms=6512 q_pkts=696 q_bytes=1046784 qdelay_l_ms=1.08691 qdelay_c_ms=291.052 ecn_mark=503 drop=0
[QUEUE_STATS] t_ms=6528 q_pkts=702 q_bytes=1055808 qdelay_l_ms=0.505 qdelay_c_ms=291.774 ecn_mark=507 drop=0
[QUEUE_STATS] t_ms=6544 q_pkts=701 q_bytes=1054304 qdelay_l_ms=1.04398 qdelay_c_ms=292.237 ecn_mark=509 drop=0
[QUEUE_STATS] t_ms=6560 q_pkts=701 q_bytes=1054304 qdelay_l_ms=1.07522 qdelay_c_ms=291.996 ecn_mark=511 drop=0
[QUEUE_STATS] t_ms=6576 q_pkts=704 q_bytes=1058816 qdelay_l_ms=0.99529 qdelay_c_ms=290.264 ecn_mark=511 drop=0
[QUEUE_STATS] t_ms=6592 q_pkts=704 q_bytes=1058816 qdelay_l_ms=1.0538 qdelay_c_ms=291.043 ecn_mark=514 drop=0
[QUEUE_STATS] t_ms=6608 q_pkts=707 q_bytes=1063328 qdelay_l_ms=1.07889 qdelay_c_ms=291.687 ecn_mark=518 drop=0
[QUEUE_STATS] t_ms=6624 q_pkts=707 q_bytes=1063328 qdelay_l_ms=1.06441 qdelay_c_ms=289.8 ecn_mark=520 drop=0
[QUEUE_STATS] t_ms=6640 q_pkts=710 q_bytes=1067840 qdelay_l_ms=1.061 qdelay_c_ms=290.802 ecn_mark=521 drop=0
[QUEUE_STATS] t_ms=6656 q_pkts=713 q_bytes=1072352 qdelay_l_ms=1.05154 qdelay_c_ms=291.266 ecn_mark=523 drop=0
[QUEUE_STATS] t_ms=6672 q_pkts=713 q_bytes=1072352 qdelay_l_ms=1.08872 qdelay_c_ms=290.256 ecn_mark=525 drop=0
[QUEUE_STATS] t_ms=6688 q_pkts=714 q_bytes=1073856 qdelay_l_ms=1.04972 qdelay_c_ms=291.396 ecn_mark=526 drop=0
[QUEUE_STATS] t_ms=6704 q_pkts=719 q_bytes=1081376 qdelay_l_ms=1.08004 qdelay_c_ms=291.332 ecn_mark=527 drop=0
[QUEUE_STATS] t_ms=6720 q_pkts=719 q_bytes=1081376 qdelay_l_ms=0.314772 qdelay_c_ms=288.623 ecn_mark=529 drop=0
[QUEUE_STATS] t_ms=6736 q_pkts=719 q_bytes=1081376 qdelay_l_ms=1.06753 qdelay_c_ms=290.043 ecn_mark=531 drop=0
[QUEUE_STATS] t_ms=6752 q_pkts=721 q_bytes=1084384 qdelay_l_ms=1.08522 qdelay_c_ms=288.893 ecn_mark=534 drop=0
[QUEUE_STATS] t_ms=6768 q_pkts=722 q_bytes=1085888 qdelay_l_ms=1.10145 qdelay_c_ms=289.767 ecn_mark=534 drop=0
[QUEUE_STATS] t_ms=6784 q_pkts=723 q_bytes=1087392 qdelay_l_ms=1.0728 qdelay_c_ms=288.406 ecn_mark=537 drop=0
[QUEUE_STATS] t_ms=6800 q_pkts=725 q_bytes=1090400 qdelay_l_ms=1.07602 qdelay_c_ms=288.116 ecn_mark=538 drop=0
[QUEUE_STATS] t_ms=6816 q_pkts=727 q_bytes=1093408 qdelay_l_ms=1.08568 qdelay_c_ms=288.836 ecn_mark=540 drop=0
[QUEUE_STATS] t_ms=6832 q_pkts=714 q_bytes=1073856 qdelay_l_ms=1.09485 qdelay_c_ms=287.245 ecn_mark=546 drop=0
[QUEUE_STATS] t_ms=6848 q_pkts=702 q_bytes=1055808 qdelay_l_ms=1.06816 qdelay_c_ms=287.477 ecn_mark=547 drop=0
[QUEUE_STATS] t_ms=6864 q_pkts=691 q_bytes=1039264 qdelay_l_ms=1.10498 qdelay_c_ms=288.784 ecn_mark=550 drop=0
[QUEUE_STATS] t_ms=6880 q_pkts=675 q_bytes=1015200 qdelay_l_ms=1.06354 qdelay_c_ms=285.885 ecn_mark=552 drop=0
[QUEUE_STATS] t_ms=6896 q_pkts=665 q_bytes=1000160 qdelay_l_ms=1.03455 qdelay_c_ms=284.799 ecn_mark=555 drop=0
[QUEUE_STATS] t_ms=6912 q_pkts=653 q_bytes=982112 qdelay_l_ms=0 qdelay_c_ms=286.951 ecn_mark=557 drop=0
[QUEUE_STATS] t_ms=6928 q_pkts=638 q_bytes=959552 qdelay_l_ms=1.08766 qdelay_c_ms=285.113 ecn_mark=557 drop=0
[QUEUE_STATS] t_ms=6944 q_pkts=627 q_bytes=943008 qdelay_l_ms=0.69709 qdelay_c_ms=284.293 ecn_mark=559 drop=0
[QUEUE_STATS] t_ms=6960 q_pkts=614 q_bytes=923456 qdelay_l_ms=0.682793 qdelay_c_ms=284.496 ecn_mark=561 drop=0
[QUEUE_STATS] t_ms=6976 q_pkts=601 q_bytes=903904 qdelay_l_ms=0.595209 qdelay_c_ms=283.95 ecn_mark=564 drop=0
[QUEUE_STATS] t_ms=6992 q_pkts=589 q_bytes=885856 qdelay_l_ms=1.06761 qdelay_c_ms=283.896 ecn_mark=568 drop=0
[QUEUE_STATS] t_ms=7008 q_pkts=577 q_bytes=867808 qdelay_l_ms=1.08223 qdelay_c_ms=283.787 ecn_mark=569 drop=0
[QUEUE_STATS] t_ms=7024 q_pkts=560 q_bytes=842240 qdelay_l_ms=1.07652 qdelay_c_ms=282.816 ecn_mark=569 drop=0
[QUEUE_STATS] t_ms=7040 q_pkts=549 q_bytes=825696 qdelay_l_ms=1.05294 qdelay_c_ms=282.67 ecn_mark=572 drop=0
[QUEUE_STATS] t_ms=7056 q_pkts=538 q_bytes=809152 qdelay_l_ms=0.487707 qdelay_c_ms=282.905 ecn_mark=573 drop=0
[QUEUE_STATS] t_ms=7072 q_pkts=525 q_bytes=789600 qdelay_l_ms=1.01904 qdelay_c_ms=282.062 ecn_mark=574 drop=0
[QUEUE_STATS] t_ms=7088 q_pkts=512 q_bytes=770048 qdelay_l_ms=1.06543 qdelay_c_ms=281.829 ecn_mark=576 drop=0
[QUEUE_STATS] t_ms=7104 q_pkts=500 q_bytes=752000 qdelay_l_ms=0.370807 qdelay_c_ms=279.102 ecn_mark=578 drop=0
[QUEUE_STATS] t_ms=7120 q_pkts=485 q_bytes=729440 qdelay_l_ms=1.08168 qdelay_c_ms=268.207 ecn_mark=581 drop=0
[QUEUE_STATS] t_ms=7136 q_pkts=471 q_bytes=708384 qdelay_l_ms=1.05802 qdelay_c_ms=260.134 ecn_mark=584 drop=0
[QUEUE_STATS] t_ms=7152 q_pkts=471 q_bytes=708384 qdelay_l_ms=0.779755 qdelay_c_ms=251.718 ecn_mark=588 drop=0
[QUEUE_STATS] t_ms=7168 q_pkts=470 q_bytes=706880 qdelay_l_ms=1.07441 qdelay_c_ms=243.236 ecn_mark=590 drop=0
[QUEUE_STATS] t_ms=7184 q_pkts=471 q_bytes=708384 qdelay_l_ms=1.08107 qdelay_c_ms=234.974 ecn_mark=591 drop=0
[QUEUE_STATS] t_ms=7200 q_pkts=468 q_bytes=703872 qdelay_l_ms=1.01418 qdelay_c_ms=228.949 ecn_mark=592 drop=0
[QUEUE_STATS] t_ms=7216 q_pkts=468 q_bytes=703872 qdelay_l_ms=1.09353 qdelay_c_ms=217.828 ecn_mark=593 drop=0
[QUEUE_STATS] t_ms=7232 q_pkts=470 q_bytes=706880 qdelay_l_ms=1.07813 qdelay_c_ms=211.223 ecn_mark=593 drop=0
[QUEUE_STATS] t_ms=7248 q_pkts=471 q_bytes=708384 qdelay_l_ms=1.05778 qdelay_c_ms=203.577 ecn_mark=594 drop=0
[QUEUE_STATS] t_ms=7264 q_pkts=471 q_bytes=708384 qdelay_l_ms=1.05253 qdelay_c_ms=196.13 ecn_mark=595 drop=0
[QUEUE_STATS] t_ms=7280 q_pkts=475 q_bytes=714400 qdelay_l_ms=0.352823 qdelay_c_ms=187.876 ecn_mark=596 drop=0
[QUEUE_STATS] t_ms=7296 q_pkts=474 q_bytes=712896 qdelay_l_ms=1.08172 qdelay_c_ms=180.06 ecn_mark=598 drop=0
[QUEUE_STATS] t_ms=7312 q_pkts=474 q_bytes=712896 qdelay_l_ms=1.07452 qdelay_c_ms=171.784 ecn_mark=600 drop=0
[QUEUE_STATS] t_ms=7328 q_pkts=473 q_bytes=711392 qdelay_l_ms=1.05137 qdelay_c_ms=173.108 ecn_mark=602 drop=0
[QUEUE_STATS] t_ms=7344 q_pkts=475 q_bytes=714400 qdelay_l_ms=0.843195 qdelay_c_ms=171.69 ecn_mark=603 drop=0
[QUEUE_STATS] t_ms=7360 q_pkts=466 q_bytes=700864 qdelay_l_ms=1.07773 qdelay_c_ms=170.569 ecn_mark=606 drop=0
[QUEUE_STATS] t_ms=7376 q_pkts=456 q_bytes=685824 qdelay_l_ms=0.916292 qdelay_c_ms=171.98 ecn_mark=608 drop=0
[QUEUE_STATS] t_ms=7392 q_pkts=436 q_bytes=655744 qdelay_l_ms=0.884071 qdelay_c_ms=169.996 ecn_mark=609 drop=0
[QUEUE_STATS] t_ms=7408 q_pkts=424 q_bytes=637696 qdelay_l_ms=1.079 qdelay_c_ms=169.893 ecn_mark=613 drop=0
[QUEUE_STATS] t_ms=7424 q_pkts=412 q_bytes=619648 qdelay_l_ms=1.05991 qdelay_c_ms=172.371 ecn_mark=615 drop=0
[QUEUE_STATS] t_ms=7440 q_pkts=398 q_bytes=598592 qdelay_l_ms=0.689376 qdelay_c_ms=169.406 ecn_mark=615 drop=0
[QUEUE_STATS] t_ms=7456 q_pkts=384 q_bytes=577536 qdelay_l_ms=1.05072 qdelay_c_ms=169.347 ecn_mark=616 drop=0
[QUEUE_STATS] t_ms=7472 q_pkts=373 q_bytes=560992 qdelay_l_ms=0.34031 qdelay_c_ms=170.684 ecn_mark=617 drop=0
[QUEUE_STATS] t_ms=7488 q_pkts=359 q_bytes=539936 qdelay_l_ms=0.673385 qdelay_c_ms=168.749 ecn_mark=620 drop=0
[QUEUE_STATS] t_ms=7504 q_pkts=344 q_bytes=517376 qdelay_l_ms=0.698553 qdelay_c_ms=168.714 ecn_mark=623 drop=0
[QUEUE_STATS] t_ms=7520 q_pkts=330 q_bytes=496320 qdelay_l_ms=0.707821 qdelay_c_ms=169.756 ecn_mark=625 drop=0
[QUEUE_STATS] t_ms=7536 q_pkts=316 q_bytes=475264 qdelay_l_ms=0.983568 qdelay_c_ms=158.198 ecn_mark=627 drop=0
[QUEUE_STATS] t_ms=7552 q_pkts=302 q_bytes=454208 qdelay_l_ms=1.06455 qdelay_c_ms=152.828 ecn_mark=629 drop=0
[QUEUE_STATS] t_ms=7568 q_pkts=295 q_bytes=443680 qdelay_l_ms=1.03827 qdelay_c_ms=145.729 ecn_mark=629 drop=0
[QUEUE_STATS] t_ms=7584 q_pkts=294 q_bytes=442176 qdelay_l_ms=0.723109 qdelay_c_ms=136.742 ecn_mark=630 drop=0
[QUEUE_STATS] t_ms=7600 q_pkts=292 q_bytes=439168 qdelay_l_ms=1.05987 qdelay_c_ms=128.821 ecn_mark=631 drop=0
[QUEUE_STATS] t_ms=7616 q_pkts=294 q_bytes=442176 qdelay_l_ms=0.678896 qdelay_c_ms=124.824 ecn_mark=634 drop=0
[QUEUE_STATS] t_ms=7632 q_pkts=297 q_bytes=446688 qdelay_l_ms=0.737967 qdelay_c_ms=114.876 ecn_mark=636 drop=0
[QUEUE_STATS] t_ms=7648 q_pkts=296 q_bytes=445184 qdelay_l_ms=1.05863 qdelay_c_ms=109.347 ecn_mark=636 drop=0
[QUEUE_STATS] t_ms=7664 q_pkts=299 q_bytes=449696 qdelay_l_ms=1.01351 qdelay_c_ms=101.45 ecn_mark=640 drop=0
[QUEUE_STATS] t_ms=7680 q_pkts=296 q_bytes=445184 qdelay_l_ms=1.08153 qdelay_c_ms=102.176 ecn_mark=643 drop=0
[QUEUE_STATS] t_ms=7696 q_pkts=294 q_bytes=442176 qdelay_l_ms=0 qdelay_c_ms=102.018 ecn_mark=644 drop=0
[QUEUE_STATS] t_ms=7712 q_pkts=299 q_bytes=449696 qdelay_l_ms=0.737186 qdelay_c_ms=101.301 ecn_mark=646 drop=0
[QUEUE_STATS] t_ms=7728 q_pkts=296 q_bytes=445184 qdelay_l_ms=0.759868 qdelay_c_ms=103.047 ecn_mark=648 drop=0
[QUEUE_STATS] t_ms=7744 q_pkts=298 q_bytes=448192 qdelay_l_ms=1.07001 qdelay_c_ms=101.785 ecn_mark=650 drop=0
[QUEUE_STATS] t_ms=7760 q_pkts=296 q_bytes=445184 qdelay_l_ms=1.05927 qdelay_c_ms=101.285 ecn_mark=650 drop=0
[QUEUE_STATS] t_ms=7776 q_pkts=297 q_bytes=446688 qdelay_l_ms=1.06601 qdelay_c_ms=102.184 ecn_mark=651 drop=0
[QUEUE_STATS] t_ms=7792 q_pkts=300 q_bytes=451200 qdelay_l_ms=1.06478 qdelay_c_ms=101.995 ecn_mark=651 drop=0
[QUEUE_STATS] t_ms=7808 q_pkts=299 q_bytes=449696 qdelay_l_ms=0.758205 qdelay_c_ms=100.402 ecn_mark=654 drop=0
[QUEUE_STATS] t_ms=7824 q_pkts=297 q_bytes=446688 qdelay_l_ms=1.05797 qdelay_c_ms=101.026 ecn_mark=655 drop=0
[QUEUE_STATS] t_ms=7840 q_pkts=300 q_bytes=451200 qdelay_l_ms=1.04935 qdelay_c_ms=101.812 ecn_mark=659 drop=0
[QUEUE_STATS] t_ms=7856 q_pkts=294 q_bytes=442176 qdelay_l_ms=0 qdelay_c_ms=102.013 ecn_mark=662 drop=0
[QUEUE_STATS] t_ms=7872 q_pkts=281 q_bytes=422624 qdelay_l_ms=1.06555 qdelay_c_ms=100.858 ecn_mark=664 drop=0
[QUEUE_STATS] t_ms=7888 q_pkts=266 q_bytes=400064 qdelay_l_ms=1.07711 qdelay_c_ms=100.757 ecn_mark=665 drop=0
[QUEUE_STATS] t_ms=7904 q_pkts=252 q_bytes=379008 qdelay_l_ms=1.07933 qdelay_c_ms=100.893 ecn_mark=665 drop=0
[QUEUE_STATS] t_ms=7920 q_pkts=237 q_bytes=356448 qdelay_l_ms=1.07432 qdelay_c_ms=101.062 ecn_mark=667 drop=0
[QUEUE_STATS] t_ms=7936 q_pkts=222 q_bytes=333888 qdelay_l_ms=1.06249 qdelay_c_ms=100.054 ecn_mark=669 drop=0
[QUEUE_STATS] t_ms=7952 q_pkts=209 q_bytes=314336 qdelay_l_ms=1.01931 qdelay_c_ms=102.349 ecn_mark=670 drop=0
[QUEUE_STATS] t_ms=7968 q_pkts=193 q_bytes=290272 qdelay_l_ms=1.06061 qdelay_c_ms=93.1027 ecn_mark=672 drop=0
[QUEUE_STATS] t_ms=7984 q_pkts=180 q_bytes=270720 qdelay_l_ms=0.953192 qdelay_c_ms=85.8514 ecn_mark=672 drop=0
[QUEUE_STATS] t_ms=8000 q_pkts=171 q_bytes=257184 qdelay_l_ms=1.06706 qdelay_c_ms=78.8775 ecn_mark=672 drop=0
[QUEUE_STATS] t_ms=8016 q_pkts=170 q_bytes=255680 qdelay_l_ms=0.761782 qdelay_c_ms=70.6526 ecn_mark=674 drop=0
[QUEUE_STATS] t_ms=8032 q_pkts=170 q_bytes=255680 qdelay_l_ms=1.05646 qdelay_c_ms=63.9196 ecn_mark=675 drop=0
[QUEUE_STATS] t_ms=8048 q_pkts=172 q_bytes=258688 qdelay_l_ms=1.10224 qdelay_c_ms=56.546 ecn_mark=675 drop=0
[QUEUE_STATS] t_ms=8064 q_pkts=169 q_bytes=254176 qdelay_l_ms=1.04299 qdelay_c_ms=56.059 ecn_mark=677 drop=0
[QUEUE_STATS] t_ms=8080 q_pkts=169 q_bytes=254176 qdelay_l_ms=1.09908 qdelay_c_ms=56.3857 ecn_mark=680 drop=0
[QUEUE_STATS] t_ms=8096 q_pkts=173 q_bytes=260192 qdelay_l_ms=0.903849 qdelay_c_ms=56.0447 ecn_mark=681 drop=0
[QUEUE_STATS] t_ms=8112 q_pkts=169 q_bytes=254176 qdelay_l_ms=0.841902 qdelay_c_ms=56.0051 ecn_mark=684 drop=0
[QUEUE_STATS] t_ms=8128 q_pkts=170 q_bytes=255680 qdelay_l_ms=1.11161 qdelay_c_ms=54.7151 ecn_mark=685 drop=0
[QUEUE_STATS] t_ms=8144 q_pkts=174 q_bytes=261696 qdelay_l_ms=1.06295 qdelay_c_ms=55.1964 ecn_mark=688 drop=0
[QUEUE_STATS] t_ms=8160 q_pkts=172 q_bytes=258688 qdelay_l_ms=0.834067 qdelay_c_ms=55.759 ecn_mark=690 drop=0
[QUEUE_STATS] t_ms=8176 q_pkts=159 q_bytes=239136 qdelay_l_ms=1.0653 qdelay_c_ms=54.9297 ecn_mark=690 drop=0
[QUEUE_STATS] t_ms=8192 q_pkts=147 q_bytes=221088 qdelay_l_ms=1.07195 qdelay_c_ms=55.0687 ecn_mark=693 drop=0
[QUEUE_STATS] t_ms=8208 q_pkts=129 q_bytes=194016 qdelay_l_ms=1.05509 qdelay_c_ms=55.9767 ecn_mark=694 drop=0
[QUEUE_STATS] t_ms=8224 q_pkts=116 q_bytes=174464 qdelay_l_ms=1.08951 qdelay_c_ms=53.6493 ecn_mark=697 drop=0
[QUEUE_STATS] t_ms=8240 q_pkts=99 q_bytes=148896 qdelay_l_ms=1.08904 qdelay_c_ms=45.9141 ecn_mark=700 drop=0
[QUEUE_STATS] t_ms=8256 q_pkts=84 q_bytes=126336 qdelay_l_ms=0.878671 qdelay_c_ms=37.8528 ecn_mark=703 drop=0
[QUEUE_STATS] t_ms=8272 q_pkts=77 q_bytes=115808 qdelay_l_ms=0.66489 qdelay_c_ms=31.9625 ecn_mark=705 drop=0
[QUEUE_STATS] t_ms=8288 q_pkts=63 q_bytes=94752 qdelay_l_ms=1.08779 qdelay_c_ms=24.7191 ecn_mark=705 drop=0
[QUEUE_STATS] t_ms=8304 q_pkts=46 q_bytes=69184 qdelay_l_ms=1.05182 qdelay_c_ms=21.2647 ecn_mark=706 drop=0
[QUEUE_STATS] t_ms=8320 q_pkts=31 q_bytes=46624 qdelay_l_ms=1.08831 qdelay_c_ms=13.6658 ecn_mark=709 drop=0
[QUEUE_STATS] t_ms=8336 q_pkts=16 q_bytes=24064 qdelay_l_ms=0.913808 qdelay_c_ms=4.73042 ecn_mark=710 drop=0
[QUEUE_STATS] t_ms=8352 q_pkts=13 q_bytes=19552 qdelay_l_ms=1.0658 qdelay_c_ms=5.28302 ecn_mark=712 drop=0
[QUEUE_STATS] t_ms=8368 q_pkts=3 q_bytes=4512 qdelay_l_ms=0.942011 qdelay_c_ms=0.935559 ecn_mark=715 drop=0
[QUEUE_STATS] t_ms=8384 q_pkts=4 q_bytes=6016 qdelay_l_ms=1.09144 qdelay_c_ms=1.09714 ecn_mark=716 drop=0
[QUEUE_STATS] t_ms=8400 q_pkts=3 q_bytes=4512 qdelay_l_ms=1.07417 qdelay_c_ms=1.065 ecn_mark=717 drop=0
[QUEUE_STATS] t_ms=8416 q_pkts=5 q_bytes=7520 qdelay_l_ms=1.08291 qdelay_c_ms=1.07808 ecn_mark=719 drop=0
[QUEUE_STATS] t_ms=8432 q_pkts=5 q_bytes=7520 qdelay_l_ms=1.09194 qdelay_c_ms=1.08486 ecn_mark=720 drop=0
[QUEUE_STATS] t_ms=8448 q_pkts=6 q_bytes=9024 qdelay_l_ms=1.04292 qdelay_c_ms=2.12335 ecn_mark=721 drop=0
[QUEUE_STATS] t_ms=8464 q_pkts=3 q_bytes=4512 qdelay_l_ms=0.943093 qdelay_c_ms=0.937773 ecn_mark=723 drop=0
[QUEUE_STATS] t_ms=8480 q_pkts=6 q_bytes=9024 qdelay_l_ms=1.09689 qdelay_c_ms=2.15631 ecn_mark=726 drop=0
[QUEUE_STATS] t_ms=8496 q_pkts=4 q_bytes=6016 qdelay_l_ms=1.08573 qdelay_c_ms=1.07777 ecn_mark=727 drop=0
[QUEUE_STATS] t_ms=8512 q_pkts=5 q_bytes=7520 qdelay_l_ms=1.0779 qdelay_c_ms=2.17506 ecn_mark=729 drop=0
[QUEUE_STATS] t_ms=8528 q_pkts=3 q_bytes=4512 qdelay_l_ms=0.970574 qdelay_c_ms=0.990351 ecn_mark=731 drop=0
[QUEUE_STATS] t_ms=8544 q_pkts=3 q_bytes=4512 qdelay_l_ms=1.07764 qdelay_c_ms=1.07221 ecn_mark=734 drop=0
[QUEUE_STATS] t_ms=8561 q_pkts=1 q_bytes=1504 qdelay_l_ms=1.06492 qdelay_c_ms=0 ecn_mark=734 drop=0
[QUEUE_STATS] t_ms=8576 q_pkts=6 q_bytes=9024 qdelay_l_ms=0 qdelay_c_ms=1.02093 ecn_mark=735 drop=0
[QUEUE_STATS] t_ms=8592 q_pkts=5 q_bytes=7520 qdelay_l_ms=0.784695 qdelay_c_ms=0.778804 ecn_mark=735 drop=0
[QUEUE_STATS] t_ms=8609 q_pkts=3 q_bytes=4512 qdelay_l_ms=1.08577 qdelay_c_ms=1.07915 ecn_mark=735 drop=0
[QUEUE_STATS] t_ms=8624 q_pkts=1 q_bytes=1504 qdelay_l_ms=0.992626 qdelay_c_ms=0 ecn_mark=739 drop=0
[QUEUE_STATS] t_ms=8640 q_pkts=3 q_bytes=4512 qdelay_l_ms=1.06621 qdelay_c_ms=1.09572 ecn_mark=739 drop=0
[QUEUE_STATS] t_ms=8656 q_pkts=0 q_bytes=0 qdelay_l_ms=0 qdelay_c_ms=0 ecn_mark=740 drop=0
[QUEUE_STATS] t_ms=8672 q_pkts=1 q_bytes=1504 qdelay_l_ms=1.00906 qdelay_c_ms=0 ecn_mark=742 drop=0
[QUEUE_STATS] t_ms=8688 q_pkts=3 q_bytes=4512 qdelay_l_ms=1.03972 qdelay_c_ms=1.03439 ecn_mark=744 drop=0
[QUEUE_STATS] t_ms=8704 q_pkts=1 q_bytes=1504 qdelay_l_ms=0 qdelay_c_ms=2.13694 ecn_mark=744 drop=0
[QUEUE_STATS] t_ms=8720 q_pkts=4 q_bytes=6016 qdelay_l_ms=1.06139 qdelay_c_ms=1.05109 ecn_mark=744 drop=0
[QUEUE_STATS] t_ms=8736 q_pkts=2 q_bytes=3008 qdelay_l_ms=1.00751 qdelay_c_ms=1.00154 ecn_mark=747 drop=0
[QUEUE_STATS] t_ms=8752 q_pkts=5 q_bytes=7520 qdelay_l_ms=1.08794 qdelay_c_ms=1.0801 ecn_mark=748 drop=0
[QUEUE_STATS] t_ms=8768 q_pkts=0 q_bytes=0 qdelay_l_ms=0 qdelay_c_ms=0 ecn_mark=748 drop=0
[QUEUE_STATS] t_ms=8784 q_pkts=4 q_bytes=6016 qdelay_l_ms=1.0794 qdelay_c_ms=2.14288 ecn_mark=749 drop=0
[QUEUE_STATS] t_ms=8800 q_pkts=1 q_bytes=1504 qdelay_l_ms=1.07826 qdelay_c_ms=0 ecn_mark=750 drop=0
[QUEUE_STATS] t_ms=8816 q_pkts=1 q_bytes=1504 qdelay_l_ms=0.528283 qdelay_c_ms=0 ecn_mark=751 drop=0
[QUEUE_STATS] t_ms=8832 q_pkts=2 q_bytes=3008 qdelay_l_ms=1.04168 qdelay_c_ms=2.03689 ecn_mark=751 drop=0
[QUEUE_STATS] t_ms=8848 q_pkts=3 q_bytes=4512 qdelay_l_ms=1.08634 qdelay_c_ms=1.0805 ecn_mark=753 drop=0
[QUEUE_STATS] t_ms=8864 q_pkts=2 q_bytes=3008 qdelay_l_ms=1.00688 qdelay_c_ms=1.00177 ecn_mark=753 drop=0
[QUEUE_STATS] t_ms=8880 q_pkts=3 q_bytes=4512 qdelay_l_ms=1.06938 qdelay_c_ms=1.06378 ecn_mark=753 drop=0
[QUEUE_STATS] t_ms=8896 q_pkts=3 q_bytes=4512 qdelay_l_ms=1.03352 qdelay_c_ms=1.0238 ecn_mark=755 drop=0
[QUEUE_STATS] t_ms=8912 q_pkts=4 q_bytes=6016 qdelay_l_ms=1.0396 qdelay_c_ms=1.03247 ecn_mark=755 drop=0
[QUEUE_STATS] t_ms=8928 q_pkts=2 q_bytes=3008 qdelay_l_ms=1.06247 qdelay_c_ms=1.06767 ecn_mark=755 drop=0
[QUEUE_STATS] t_ms=8944 q_pkts=3 q_bytes=4512 qdelay_l_ms=1.04159 qdelay_c_ms=1.03466 ecn_mark=755 drop=0
[QUEUE_STATS] t_ms=8960 q_pkts=5 q_bytes=7520 qdelay_l_ms=1.0607 qdelay_c_ms=1.09526 ecn_mark=756 drop=0
[QUEUE_STATS] t_ms=8976 q_pkts=3 q_bytes=4512 qdelay_l_ms=1.05855 qdelay_c_ms=1.04868 ecn_mark=756 drop=0
[QUEUE_STATS] t_ms=8992 q_pkts=3 q_bytes=4512 qdelay_l_ms=1.02604 qdelay_c_ms=1.01594 ecn_mark=758 drop=0
[QUEUE_STATS] t_ms=9008 q_pkts=3 q_bytes=4512 qdelay_l_ms=1.06638 qdelay_c_ms=1.05892 ecn_mark=760 drop=0
[QUEUE_STATS] t_ms=9024 q_pkts=1 q_bytes=1504 qdelay_l_ms=1.0783 qdelay_c_ms=0 ecn_mark=762 drop=0
[QUEUE_STATS] t_ms=9040 q_pkts=3 q_bytes=4512 qdelay_l_ms=1.06666 qdelay_c_ms=1.10283 ecn_mark=762 drop=0
[QUEUE_STATS] t_ms=9056 q_pkts=3 q_bytes=4512 qdelay_l_ms=1.01328 qdelay_c_ms=1.00429 ecn_mark=763 drop=0
[QUEUE_STATS] t_ms=9072 q_pkts=7 q_bytes=10528 qdelay_l_ms=1.07823 qdelay_c_ms=1.07173 ecn_mark=765 drop=0
[QUEUE_STATS] t_ms=9088 q_pkts=6 q_bytes=9024 qdelay_l_ms=1.0544 qdelay_c_ms=2.11324 ecn_mark=766 drop=0
[QUEUE_STATS] t_ms=9105 q_pkts=1 q_bytes=1504 qdelay_l_ms=1.06658 qdelay_c_ms=0 ecn_mark=766 drop=0
[QUEUE_STATS] t_ms=9120 q_pkts=4 q_bytes=6016 qdelay_l_ms=1.06259 qdelay_c_ms=2.16718 ecn_mark=766 drop=0
[QUEUE_STATS] t_ms=9136 q_pkts=3 q_bytes=4512 qdelay_l_ms=0.986985 qdelay_c_ms=0.980613 ecn_mark=766 drop=0
[QUEUE_STATS] t_ms=9152 q_pkts=7 q_bytes=10528 qdelay_l_ms=1.04449 qdelay_c_ms=2.12629 ecn_mark=769 drop=0
[QUEUE_STATS] t_ms=9168 q_pkts=4 q_bytes=6016 qdelay_l_ms=1.06395 qdelay_c_ms=1.09851 ecn_mark=772 drop=0
[QUEUE_STATS] t_ms=9184 q_pkts=1 q_bytes=1504 qdelay_l_ms=1.02686 qdelay_c_ms=0 ecn_mark=775 drop=0
[QUEUE_STATS] t_ms=9200 q_pkts=5 q_bytes=7520 qdelay_l_ms=1.07157 qdelay_c_ms=1.06315 ecn_mark=776 drop=0
[QUEUE_STATS] t_ms=9216 q_pkts=3 q_bytes=4512 qdelay_l_ms=1.06088 qdelay_c_ms=2.06087 ecn_mark=777 drop=0
[QUEUE_STATS] t_ms=9232 q_pkts=3 q_bytes=4512 qdelay_l_ms=1.02865 qdelay_c_ms=1.01903 ecn_mark=779 drop=0
[QUEUE_STATS] t_ms=9248 q_pkts=1 q_bytes=1504 qdelay_l_ms=1.03157 qdelay_c_ms=0 ecn_mark=781 drop=0
[QUEUE_STATS] t_ms=9264 q_pkts=7 q_bytes=10528 qdelay_l_ms=1.05787 qdelay_c_ms=1.05195 ecn_mark=783 drop=0
[QUEUE_STATS] t_ms=9280 q_pkts=3 q_bytes=4512 qdelay_l_ms=0.816454 qdelay_c_ms=0.827264 ecn_mark=784 drop=0
[QUEUE_STATS] t_ms=9296 q_pkts=3 q_bytes=4512 qdelay_l_ms=0 qdelay_c_ms=1.06642 ecn_mark=785 drop=0
[QUEUE_STATS] t_ms=9312 q_pkts=1 q_bytes=1504 qdelay_l_ms=0.528824 qdelay_c_ms=0 ecn_mark=787 drop=0
[QUEUE_STATS] t_ms=9328 q_pkts=3 q_bytes=4512 qdelay_l_ms=1.06156 qdelay_c_ms=1.07204 ecn_mark=787 drop=0
[QUEUE_STATS] t_ms=9344 q_pkts=5 q_bytes=7520 qdelay_l_ms=1.07316 qdelay_c_ms=2.0827 ecn_mark=788 drop=0
[QUEUE_STATS] t_ms=9360 q_pkts=5 q_bytes=7520 qdelay_l_ms=1.06469 qdelay_c_ms=1.05846 ecn_mark=788 drop=0
[QUEUE_STATS] t_ms=9377 q_pkts=3 q_bytes=4512 qdelay_l_ms=1.06661 qdelay_c_ms=1.06146 ecn_mark=790 drop=0
[QUEUE_STATS] t_ms=9392 q_pkts=8 q_bytes=12032 qdelay_l_ms=0.491324 qdelay_c_ms=1.6421 ecn_mark=790 drop=0
[QUEUE_STATS] t_ms=9408 q_pkts=1 q_bytes=1504 qdelay_l_ms=1.07207 qdelay_c_ms=0 ecn_mark=791 drop=0
[QUEUE_STATS] t_ms=9425 q_pkts=1 q_bytes=1504 qdelay_l_ms=1.08389 qdelay_c_ms=0 ecn_mark=792 drop=0
[QUEUE_STATS] t_ms=9440 q_pkts=1 q_bytes=1504 qdelay_l_ms=1.0378 qdelay_c_ms=0 ecn_mark=793 drop=0
[QUEUE_STATS] t_ms=9456 q_pkts=5 q_bytes=7520 qdelay_l_ms=1.10648 qdelay_c_ms=1.09657 ecn_mark=794 drop=0
[QUEUE_STATS] t_ms=9472 q_pkts=5 q_bytes=7520 qdelay_l_ms=1.0411 qdelay_c_ms=1.06338 ecn_mark=796 drop=0
[QUEUE_STATS] t_ms=9488 q_pkts=4 q_bytes=6016 qdelay_l_ms=1.04082 qdelay_c_ms=1.07254 ecn_mark=796 drop=0
[QUEUE_STATS] t_ms=9504 q_pkts=1 q_bytes=1504 qdelay_l_ms=1.05402 qdelay_c_ms=0 ecn_mark=797 drop=0
[QUEUE_STATS] t_ms=9520 q_pkts=5 q_bytes=7520 qdelay_l_ms=0 qdelay_c_ms=2.15697 ecn_mark=797 drop=0
[QUEUE_STATS] t_ms=9536 q_pkts=3 q_bytes=4512 qdelay_l_ms=0.554572 qdelay_c_ms=0.565803 ecn_mark=799 drop=0
[QUEUE_STATS] t_ms=9552 q_pkts=2 q_bytes=3008 qdelay_l_ms=1.07657 qdelay_c_ms=1.0827 ecn_mark=799 drop=0
[QUEUE_STATS] t_ms=9568 q_pkts=0 q_bytes=0 qdelay_l_ms=0 qdelay_c_ms=0 ecn_mark=799 drop=0
[QUEUE_STATS] t_ms=9584 q_pkts=5 q_bytes=7520 qdelay_l_ms=1.07395 qdelay_c_ms=1.06622 ecn_mark=800 drop=0
[QUEUE_STATS] t_ms=9600 q_pkts=4 q_bytes=6016 qdelay_l_ms=1.03368 qdelay_c_ms=2.07734 ecn_mark=801 drop=0
[QUEUE_STATS] t_ms=9616 q_pkts=3 q_bytes=4512 qdelay_l_ms=1.07051 qdelay_c_ms=1.06389 ecn_mark=802 drop=0
[QUEUE_STATS] t_ms=9632 q_pkts=2 q_bytes=3008 qdelay_l_ms=1.07819 qdelay_c_ms=1.07163 ecn_mark=802 drop=0
[QUEUE_STATS] t_ms=9648 q_pkts=6 q_bytes=9024 qdelay_l_ms=1.06262 qdelay_c_ms=2.15161 ecn_mark=806 drop=0
[QUEUE_STATS] t_ms=9665 q_pkts=5 q_bytes=7520 qdelay_l_ms=1.0837 qdelay_c_ms=1.07775 ecn_mark=806 drop=0
[QUEUE_STATS] t_ms=9680 q_pkts=7 q_bytes=10528 qdelay_l_ms=1.04377 qdelay_c_ms=1.09858 ecn_mark=807 drop=0
[QUEUE_STATS] t_ms=9696 q_pkts=2 q_bytes=3008 qdelay_l_ms=0 qdelay_c_ms=1.07241 ecn_mark=807 drop=0
[QUEUE_STATS] t_ms=9712 q_pkts=4 q_bytes=6016 qdelay_l_ms=1.0665 qdelay_c_ms=2.16041 ecn_mark=808 drop=0
[QUEUE_STATS] t_ms=9729 q_pkts=4 q_bytes=6016 qdelay_l_ms=1.06729 qdelay_c_ms=1.06109 ecn_mark=808 drop=0
[QUEUE_STATS] t_ms=9744 q_pkts=5 q_bytes=7520 qdelay_l_ms=1.07238 qdelay_c_ms=1.0674 ecn_mark=810 drop=0
[QUEUE_STATS] t_ms=9760 q_pkts=5 q_bytes=7520 qdelay_l_ms=1.0593 qdelay_c_ms=1.08599 ecn_mark=810 drop=0
[QUEUE_STATS] t_ms=9777 q_pkts=2 q_bytes=3008 qdelay_l_ms=1.08575 qdelay_c_ms=2.11641 ecn_mark=811 drop=0
[QUEUE_STATS] t_ms=9792 q_pkts=4 q_bytes=6016 qdelay_l_ms=0 qdelay_c_ms=1.08821 ecn_mark=813 drop=0
[QUEUE_STATS] t_ms=9808 q_pkts=6 q_bytes=9024 qdelay_l_ms=1.09488 qdelay_c_ms=2.13471 ecn_mark=816 drop=0
[QUEUE_STATS] t_ms=9824 q_pkts=5 q_bytes=7520 qdelay_l_ms=1.08979 qdelay_c_ms=1.07781 ecn_mark=818 drop=0
[QUEUE_STATS] t_ms=9840 q_pkts=4 q_bytes=6016 qdelay_l_ms=1.08696 qdelay_c_ms=2.14982 ecn_mark=819 drop=0
[QUEUE_STATS] t_ms=9856 q_pkts=1 q_bytes=1504 qdelay_l_ms=0.008666 qdelay_c_ms=0 ecn_mark=821 drop=0
[QUEUE_STATS] t_ms=9872 q_pkts=3 q_bytes=4512 qdelay_l_ms=1.06727 qdelay_c_ms=2.15941 ecn_mark=822 drop=0
[QUEUE_STATS] t_ms=9888 q_pkts=2 q_bytes=3008 qdelay_l_ms=1.06554 qdelay_c_ms=1.05756 ecn_mark=824 drop=0
[QUEUE_STATS] t_ms=9904 q_pkts=4 q_bytes=6016 qdelay_l_ms=1.10755 qdelay_c_ms=1.12553 ecn_mark=824 drop=0
[QUEUE_STATS] t_ms=9920 q_pkts=7 q_bytes=10528 qdelay_l_ms=1.09559 qdelay_c_ms=1.10677 ecn_mark=825 drop=0
[QUEUE_STATS] t_ms=9936 q_pkts=3 q_bytes=4512 qdelay_l_ms=1.06157 qdelay_c_ms=1.07269 ecn_mark=826 drop=0
[QUEUE_STATS] t_ms=9952 q_pkts=2 q_bytes=3008 qdelay_l_ms=0 qdelay_c_ms=1.07993 ecn_mark=826 drop=0
[QUEUE_STATS] t_ms=9968 q_pkts=6 q_bytes=9024 qdelay_l_ms=1.0979 qdelay_c_ms=2.05297 ecn_mark=828 drop=0
[QUEUE_STATS] t_ms=9984 q_pkts=6 q_bytes=9024 qdelay_l_ms=1.11524 qdelay_c_ms=1.06081 ecn_mark=828 drop=0
[QUEUE_STATS] t_ms=10000 q_pkts=4 q_bytes=6016 qdelay_l_ms=0 qdelay_c_ms=1.06239 ecn_mark=832 drop=0
[QUEUE_STATS] t_ms=10016 q_pkts=8 q_bytes=12032 qdelay_l_ms=1.05438 qdelay_c_ms=1.09579 ecn_mark=834 drop=0
[QUEUE_STATS] t_ms=10032 q_pkts=5 q_bytes=7520 qdelay_l_ms=1.09805 qdelay_c_ms=1.09098 ecn_mark=835 drop=0
[QUEUE_STATS] t_ms=10048 q_pkts=3 q_bytes=4512 qdelay_l_ms=1.06122 qdelay_c_ms=1.07161 ecn_mark=836 drop=0
[QUEUE_STATS] t_ms=10064 q_pkts=3 q_bytes=4512 qdelay_l_ms=1.06262 qdelay_c_ms=1.07395 ecn_mark=839 drop=0
[QUEUE_STATS] t_ms=10080 q_pkts=3 q_bytes=4512 qdelay_l_ms=1.08999 qdelay_c_ms=1.08275 ecn_mark=839 drop=0
[QUEUE_STATS] t_ms=10096 q_pkts=3 q_bytes=4512 qdelay_l_ms=0 qdelay_c_ms=2.1219 ecn_mark=839 drop=0
[QUEUE_STATS] t_ms=10112 q_pkts=3 q_bytes=4512 qdelay_l_ms=1.07598 qdelay_c_ms=1.0708 ecn_mark=840 drop=0
[QUEUE_STATS] t_ms=10128 q_pkts=0 q_bytes=0 qdelay_l_ms=0 qdelay_c_ms=0 ecn_mark=841 drop=0
[QUEUE_STATS] t_ms=10144 q_pkts=4 q_bytes=6016 qdelay_l_ms=1.05149 qdelay_c_ms=2.12873 ecn_mark=845 drop=0
[QUEUE_STATS] t_ms=10160 q_pkts=6 q_bytes=9024 qdelay_l_ms=1.08705 qdelay_c_ms=2.11895 ecn_mark=845 drop=0
[QUEUE_STATS] t_ms=10176 q_pkts=0 q_bytes=0 qdelay_l_ms=0 qdelay_c_ms=0 ecn_mark=847 drop=0
[QUEUE_STATS] t_ms=10192 q_pkts=5 q_bytes=7520 qdelay_l_ms=1.08966 qdelay_c_ms=1.08357 ecn_mark=847 drop=0
[QUEUE_STATS] t_ms=10208 q_pkts=4 q_bytes=6016 qdelay_l_ms=0 qdelay_c_ms=1.10039 ecn_mark=849 drop=0
[QUEUE_STATS] t_ms=10224 q_pkts=1 q_bytes=1504 qdelay_l_ms=0 qdelay_c_ms=1.48939 ecn_mark=851 drop=0
[QUEUE_STATS] t_ms=10240 q_pkts=1 q_bytes=1504 qdelay_l_ms=1.05468 qdelay_c_ms=0 ecn_mark=852 drop=0
[QUEUE_STATS] t_ms=10256 q_pkts=4 q_bytes=6016 qdelay_l_ms=1.06608 qdelay_c_ms=1.75911 ecn_mark=853 drop=0
[QUEUE_STATS] t_ms=10272 q_pkts=4 q_bytes=6016 qdelay_l_ms=1.06133 qdelay_c_ms=2.15066 ecn_mark=854 drop=0
[QUEUE_STATS] t_ms=10288 q_pkts=0 q_bytes=0 qdelay_l_ms=0 qdelay_c_ms=0 ecn_mark=854 drop=0
[QUEUE_STATS] t_ms=10304 q_pkts=1 q_bytes=1504 qdelay_l_ms=0 qdelay_c_ms=0.018144 ecn_mark=854 drop=0
[QUEUE_STATS] t_ms=10320 q_pkts=2 q_bytes=3008 qdelay_l_ms=1.07043 qdelay_c_ms=1.06533 ecn_mark=854 drop=0
[QUEUE_STATS] t_ms=10336 q_pkts=5 q_bytes=7520 qdelay_l_ms=0.614435 qdelay_c_ms=0.635003 ecn_mark=855 drop=0
[QUEUE_STATS] t_ms=10352 q_pkts=0 q_bytes=0 qdelay_l_ms=0 qdelay_c_ms=0 ecn_mark=855 drop=0
[QUEUE_STATS] t_ms=10368 q_pkts=2 q_bytes=3008 qdelay_l_ms=1.01522 qdelay_c_ms=2.10277 ecn_mark=855 drop=0
[QUEUE_STATS] t_ms=10384 q_pkts=5 q_bytes=7520 qdelay_l_ms=1.09054 qdelay_c_ms=1.08447 ecn_mark=856 drop=0
[QUEUE_STATS] t_ms=10400 q_pkts=5 q_bytes=7520 qdelay_l_ms=1.03252 qdelay_c_ms=1.05404 ecn_mark=857 drop=0
[QUEUE_STATS] t_ms=10416 q_pkts=1 q_bytes=1504 qdelay_l_ms=1.06162 qdelay_c_ms=0 ecn_mark=859 drop=0
[QUEUE_STATS] t_ms=10432 q_pkts=4 q_bytes=6016 qdelay_l_ms=0 qdelay_c_ms=1.08512 ecn_mark=859 drop=0
[QUEUE_STATS] t_ms=10448 q_pkts=4 q_bytes=6016 qdelay_l_ms=1.10503 qdelay_c_ms=1.09856 ecn_mark=861 drop=0
[QUEUE_STATS] t_ms=10464 q_pkts=3 q_bytes=4512 qdelay_l_ms=1.01662 qdelay_c_ms=1.04732 ecn_mark=862 drop=0
[QUEUE_STATS] t_ms=10481 q_pkts=0 q_bytes=0 qdelay_l_ms=0 qdelay_c_ms=0 ecn_mark=862 drop=0
[QUEUE_STATS] t_ms=10496 q_pkts=2 q_bytes=3008 qdelay_l_ms=0.997485 qdelay_c_ms=2.15984 ecn_mark=863 drop=0
[QUEUE_STATS] t_ms=10512 q_pkts=5 q_bytes=7520 qdelay_l_ms=1.05158 qdelay_c_ms=1.05908 ecn_mark=863 drop=0
[QUEUE_STATS] t_ms=10528 q_pkts=4 q_bytes=6016 qdelay_l_ms=1.08715 qdelay_c_ms=2.14538 ecn_mark=863 drop=0
[QUEUE_STATS] t_ms=10544 q_pkts=0 q_bytes=0 qdelay_l_ms=0 qdelay_c_ms=0 ecn_mark=864 drop=0
[QUEUE_STATS] t_ms=10560 q_pkts=4 q_bytes=6016 qdelay_l_ms=1.07283 qdelay_c_ms=1.44086 ecn_mark=865 drop=0
[QUEUE_STATS] t_ms=10576 q_pkts=3 q_bytes=4512 qdelay_l_ms=0.505971 qdelay_c_ms=0.50012 ecn_mark=865 drop=0
[QUEUE_STATS] t_ms=10592 q_pkts=3 q_bytes=4512 qdelay_l_ms=1.08573 qdelay_c_ms=1.07841 ecn_mark=865 drop=0
[QUEUE_STATS] t_ms=10608 q_pkts=1 q_bytes=1504 qdelay_l_ms=0 qdelay_c_ms=1.06553 ecn_mark=865 drop=0
[QUEUE_STATS] t_ms=10624 q_pkts=1 q_bytes=1504 qdelay_l_ms=1.0713 qdelay_c_ms=0 ecn_mark=868 drop=0
[QUEUE_STATS] t_ms=10640 q_pkts=3 q_bytes=4512 qdelay_l_ms=1.03533 qdelay_c_ms=1.06717 ecn_mark=869 drop=0
[QUEUE_STATS] t_ms=10656 q_pkts=1 q_bytes=1504 qdelay_l_ms=1.06104 qdelay_c_ms=0 ecn_mark=869 drop=0
[QUEUE_STATS] t_ms=10672 q_pkts=6 q_bytes=9024 qdelay_l_ms=1.08545 qdelay_c_ms=2.22559 ecn_mark=870 drop=0
[QUEUE_STATS] t_ms=10688 q_pkts=6 q_bytes=9024 qdelay_l_ms=1.03654 qdelay_c_ms=2.14603 ecn_mark=871 drop=0
[QUEUE_STATS] t_ms=10704 q_pkts=2 q_bytes=3008 qdelay_l_ms=0 qdelay_c_ms=1.07158 ecn_mark=872 drop=0
[QUEUE_STATS] t_ms=10720 q_pkts=0 q_bytes=0 qdelay_l_ms=0 qdelay_c_ms=0 ecn_mark=874 drop=0
[QUEUE_STATS] t_ms=10736 q_pkts=1 q_bytes=1504 qdelay_l_ms=1.07861 qdelay_c_ms=0 ecn_mark=875 drop=0
[QUEUE_STATS] t_ms=10752 q_pkts=2 q_bytes=3008 qdelay_l_ms=1.07212 qdelay_c_ms=1.06685 ecn_mark=877 drop=0
[QUEUE_STATS] t_ms=10768 q_pkts=3 q_bytes=4512 qdelay_l_ms=1.06559 qdelay_c_ms=1.08576 ecn_mark=880 drop=0
[QUEUE_STATS] t_ms=10784 q_pkts=1 q_bytes=1504 qdelay_l_ms=1.0652 qdelay_c_ms=0 ecn_mark=881 drop=0
[QUEUE_STATS] t_ms=10800 q_pkts=3 q_bytes=4512 qdelay_l_ms=0 qdelay_c_ms=0.173536 ecn_mark=883 drop=0
[QUEUE_STATS] t_ms=10817 q_pkts=0 q_bytes=0 qdelay_l_ms=0 qdelay_c_ms=0 ecn_mark=885 drop=0
[QUEUE_STATS] t_ms=10832 q_pkts=2 q_bytes=3008 qdelay_l_ms=0 qdelay_c_ms=1.06427 ecn_mark=886 drop=0
[QUEUE_STATS] t_ms=10848 q_pkts=1 q_bytes=1504 qdelay_l_ms=1.07527 qdelay_c_ms=0 ecn_mark=888 drop=0
[QUEUE_STATS] t_ms=10864 q_pkts=2 q_bytes=3008 qdelay_l_ms=1.04988 qdelay_c_ms=1.05555 ecn_mark=889 drop=0
[QUEUE_STATS] t_ms=10880 q_pkts=1 q_bytes=1504 qdelay_l_ms=1.07463 qdelay_c_ms=0 ecn_mark=890 drop=0
[QUEUE_STATS] t_ms=10896 q_pkts=1 q_bytes=1504 qdelay_l_ms=1.07351 qdelay_c_ms=0 ecn_mark=891 drop=0
[QUEUE_STATS] t_ms=10912 q_pkts=2 q_bytes=3008 qdelay_l_ms=0 qdelay_c_ms=0.405251 ecn_mark=893 drop=0
[QUEUE_STATS] t_ms=10928 q_pkts=5 q_bytes=7520 qdelay_l_ms=0 qdelay_c_ms=2.44289 ecn_mark=893 drop=0
[QUEUE_STATS] t_ms=10944 q_pkts=4 q_bytes=6016 qdelay_l_ms=1.08243 qdelay_c_ms=1.07684 ecn_mark=895 drop=0
[QUEUE_STATS] t_ms=10960 q_pkts=5 q_bytes=7520 qdelay_l_ms=1.07946 qdelay_c_ms=1.11563 ecn_mark=896 drop=0
[QUEUE_STATS] t_ms=10976 q_pkts=1 q_bytes=1504 qdelay_l_ms=0.710476 qdelay_c_ms=0 ecn_mark=897 drop=0
[QUEUE_STATS] t_ms=10992 q_pkts=1 q_bytes=1504 qdelay_l_ms=0.761992 qdelay_c_ms=0 ecn_mark=897 drop=0
[QUEUE_STATS] t_ms=11008 q_pkts=1 q_bytes=1504 qdelay_l_ms=0.62249 qdelay_c_ms=0 ecn_mark=898 drop=0
[QUEUE_STATS] t_ms=11024 q_pkts=3 q_bytes=4512 qdelay_l_ms=1.03719 qdelay_c_ms=1.05034 ecn_mark=899 drop=0
[QUEUE_STATS] t_ms=11040 q_pkts=0 q_bytes=0 qdelay_l_ms=0 qdelay_c_ms=0 ecn_mark=900 drop=0
[QUEUE_STATS] t_ms=11056 q_pkts=0 q_bytes=0 qdelay_l_ms=0 qdelay_c_ms=0 ecn_mark=900 drop=0
[QUEUE_STATS] t_ms=11072 q_pkts=0 q_bytes=0 qdelay_l_ms=0 qdelay_c_ms=0 ecn_mark=900 drop=0
[QUEUE_STATS] t_ms=11088 q_pkts=5 q_bytes=7520 qdelay_l_ms=1.0803 qdelay_c_ms=1.07399 ecn_mark=901 drop=0
[QUEUE_STATS] t_ms=11104 q_pkts=2 q_bytes=3008 qdelay_l_ms=1.0817 qdelay_c_ms=1.07526 ecn_mark=902 drop=0
[QUEUE_STATS] t_ms=11120 q_pkts=1 q_bytes=1504 qdelay_l_ms=0.845419 qdelay_c_ms=0 ecn_mark=902 drop=0
[QUEUE_STATS] t_ms=11136 q_pkts=3 q_bytes=4512 qdelay_l_ms=0 qdelay_c_ms=1.06758 ecn_mark=903 drop=0
[QUEUE_STATS] t_ms=11152 q_pkts=4 q_bytes=6016 qdelay_l_ms=1.08583 qdelay_c_ms=1.07797 ecn_mark=905 drop=0
[QUEUE_STATS] t_ms=11168 q_pkts=1 q_bytes=1504 qdelay_l_ms=0.736715 qdelay_c_ms=0 ecn_mark=905 drop=0
[QUEUE_STATS] t_ms=11184 q_pkts=1 q_bytes=1504 qdelay_l_ms=1.06154 qdelay_c_ms=0 ecn_mark=907 drop=0
[QUEUE_STATS] t_ms=11200 q_pkts=3 q_bytes=4512 qdelay_l_ms=1.06544 qdelay_c_ms=1.08838 ecn_mark=907 drop=0
[QUEUE_STATS] t_ms=11216 q_pkts=2 q_bytes=3008 qdelay_l_ms=0 qdelay_c_ms=1.07507 ecn_mark=909 drop=0
[QUEUE_STATS] t_ms=11232 q_pkts=2 q_bytes=3008 qdelay_l_ms=0 qdelay_c_ms=1.07068 ecn_mark=909 drop=0
[QUEUE_STATS] t_ms=11248 q_pkts=5 q_bytes=7520 qdelay_l_ms=1.07862 qdelay_c_ms=1.12057 ecn_mark=910 drop=0
[QUEUE_STATS] t_ms=11264 q_pkts=0 q_bytes=0 qdelay_l_ms=0 qdelay_c_ms=0 ecn_mark=910 drop=0
[QUEUE_STATS] t_ms=11280 q_pkts=0 q_bytes=0 qdelay_l_ms=0 qdelay_c_ms=0 ecn_mark=911 drop=0
[QUEUE_STATS] t_ms=11296 q_pkts=2 q_bytes=3008 qdelay_l_ms=1.08289 qdelay_c_ms=1.07559 ecn_mark=911 drop=0
[QUEUE_STATS] t_ms=11312 q_pkts=2 q_bytes=3008 qdelay_l_ms=1.05957 qdelay_c_ms=2.1597 ecn_mark=912 drop=0
[QUEUE_STATS] t_ms=11328 q_pkts=2 q_bytes=3008 qdelay_l_ms=1.06753 qdelay_c_ms=2.12706 ecn_mark=914 drop=0
[QUEUE_STATS] t_ms=11344 q_pkts=0 q_bytes=0 qdelay_l_ms=0 qdelay_c_ms=0 ecn_mark=916 drop=0
[QUEUE_STATS] t_ms=11360 q_pkts=0 q_bytes=0 qdelay_l_ms=0 qdelay_c_ms=0 ecn_mark=919 drop=0
[QUEUE_STATS] t_ms=11376 q_pkts=3 q_bytes=4512 qdelay_l_ms=1.03149 qdelay_c_ms=1.02481 ecn_mark=919 drop=0
[QUEUE_STATS] t_ms=11392 q_pkts=5 q_bytes=7520 qdelay_l_ms=1.06071 qdelay_c_ms=1.08873 ecn_mark=919 drop=0
[QUEUE_STATS] t_ms=11408 q_pkts=1 q_bytes=1504 qdelay_l_ms=0.215014 qdelay_c_ms=0 ecn_mark=919 drop=0
[QUEUE_STATS] t_ms=11424 q_pkts=1 q_bytes=1504 qdelay_l_ms=0.834668 qdelay_c_ms=0 ecn_mark=920 drop=0
[QUEUE_STATS] t_ms=11440 q_pkts=1 q_bytes=1504 qdelay_l_ms=1.07193 qdelay_c_ms=0 ecn_mark=922 drop=0
[QUEUE_STATS] t_ms=11456 q_pkts=3 q_bytes=4512 qdelay_l_ms=0.925219 qdelay_c_ms=0.92022 ecn_mark=922 drop=0
[QUEUE_STATS] t_ms=11472 q_pkts=0 q_bytes=0 qdelay_l_ms=0 qdelay_c_ms=0 ecn_mark=922 drop=0
[QUEUE_STATS] t_ms=11488 q_pkts=0 q_bytes=0 qdelay_l_ms=0 qdelay_c_ms=0 ecn_mark=923 drop=0
[QUEUE_STATS] t_ms=11504 q_pkts=0 q_bytes=0 qdelay_l_ms=0 qdelay_c_ms=0 ecn_mark=924 drop=0
[QUEUE_STATS] t_ms=11520 q_pkts=8 q_bytes=12032 qdelay_l_ms=1.06564 qdelay_c_ms=2.19696 ecn_mark=924 drop=0
[QUEUE_STATS] t_ms=11536 q_pkts=1 q_bytes=1504 qdelay_l_ms=1.07119 qdelay_c_ms=0 ecn_mark=925 drop=0
[QUEUE_STATS] t_ms=11552 q_pkts=3 q_bytes=4512 qdelay_l_ms=1.08146 qdelay_c_ms=1.07366 ecn_mark=925 drop=0
[QUEUE_STATS] t_ms=11568 q_pkts=1 q_bytes=1504 qdelay_l_ms=1.06106 qdelay_c_ms=0 ecn_mark=927 drop=0
[QUEUE_STATS] t_ms=11584 q_pkts=3 q_bytes=4512 qdelay_l_ms=1.05669 qdelay_c_ms=1.05114 ecn_mark=927 drop=0
[QUEUE_STATS] t_ms=11600 q_pkts=1 q_bytes=1504 qdelay_l_ms=1.06713 qdelay_c_ms=0 ecn_mark=928 drop=0
[QUEUE_STATS] t_ms=11616 q_pkts=3 q_bytes=4512 qdelay_l_ms=1.08339 qdelay_c_ms=1.09888 ecn_mark=931 drop=0
[QUEUE_STATS] t_ms=11632 q_pkts=3 q_bytes=4512 qdelay_l_ms=1.07734 qdelay_c_ms=1.07137 ecn_mark=933 drop=0
[QUEUE_STATS] t_ms=11648 q_pkts=6 q_bytes=9024 qdelay_l_ms=0 qdelay_c_ms=1.07077 ecn_mark=933 drop=0
[QUEUE_STATS] t_ms=11664 q_pkts=2 q_bytes=3008 qdelay_l_ms=0.168747 qdelay_c_ms=0.173506 ecn_mark=933 drop=0
[QUEUE_STATS] t_ms=11680 q_pkts=5 q_bytes=7520 qdelay_l_ms=1.08814 qdelay_c_ms=1.08237 ecn_mark=933 drop=0
[QUEUE_STATS] t_ms=11696 q_pkts=2 q_bytes=3008 qdelay_l_ms=1.07191 qdelay_c_ms=1.05957 ecn_mark=933 drop=0
[QUEUE_STATS] t_ms=11712 q_pkts=2 q_bytes=3008 qdelay_l_ms=0 qdelay_c_ms=1.08128 ecn_mark=934 drop=0
[QUEUE_STATS] t_ms=11728 q_pkts=3 q_bytes=4512 qdelay_l_ms=1.04944 qdelay_c_ms=1.07127 ecn_mark=934 drop=0
[QUEUE_STATS] t_ms=11744 q_pkts=3 q_bytes=4512 qdelay_l_ms=0.806787 qdelay_c_ms=0.801557 ecn_mark=934 drop=0
[QUEUE_STATS] t_ms=11760 q_pkts=1 q_bytes=1504 qdelay_l_ms=1.06554 qdelay_c_ms=0 ecn_mark=936 drop=0
[QUEUE_STATS] t_ms=11776 q_pkts=5 q_bytes=7520 qdelay_l_ms=1.05985 qdelay_c_ms=2.14731 ecn_mark=937 drop=0
[QUEUE_STATS] t_ms=11792 q_pkts=5 q_bytes=7520 qdelay_l_ms=1.07989 qdelay_c_ms=1.07391 ecn_mark=937 drop=0
[QUEUE_STATS] t_ms=11808 q_pkts=4 q_bytes=6016 qdelay_l_ms=0.578086 qdelay_c_ms=1.68633 ecn_mark=937 drop=0
[QUEUE_STATS] t_ms=11824 q_pkts=1 q_bytes=1504 qdelay_l_ms=1.07162 qdelay_c_ms=0 ecn_mark=938 drop=0
[QUEUE_STATS] t_ms=11840 q_pkts=0 q_bytes=0 qdelay_l_ms=0 qdelay_c_ms=0 ecn_mark=938 drop=0
[QUEUE_STATS] t_ms=11856 q_pkts=5 q_bytes=7520 qdelay_l_ms=1.08144 qdelay_c_ms=1.07521 ecn_mark=940 drop=0
[QUEUE_STATS] t_ms=11873 q_pkts=1 q_bytes=1504 qdelay_l_ms=1.05806 qdelay_c_ms=0 ecn_mark=940 drop=0
[QUEUE_STATS] t_ms=11888 q_pkts=1 q_bytes=1504 qdelay_l_ms=1.0636 qdelay_c_ms=0 ecn_mark=943 drop=0
[QUEUE_STATS] t_ms=11904 q_pkts=3 q_bytes=4512 qdelay_l_ms=1.07332 qdelay_c_ms=1.06713 ecn_mark=943 drop=0
[QUEUE_STATS] t_ms=11920 q_pkts=2 q_bytes=3008 qdelay_l_ms=0 qdelay_c_ms=1.07061 ecn_mark=944 drop=0
[QUEUE_STATS] t_ms=11936 q_pkts=0 q_bytes=0 qdelay_l_ms=0 qdelay_c_ms=0 ecn_mark=945 drop=0
[QUEUE_STATS] t_ms=11952 q_pkts=1 q_bytes=1504 qdelay_l_ms=1.05765 qdelay_c_ms=0 ecn_mark=946 drop=0
[QUEUE_STATS] t_ms=11968 q_pkts=3 q_bytes=4512 qdelay_l_ms=1.03548 qdelay_c_ms=1.06584 ecn_mark=946 drop=0
[QUEUE_STATS] t_ms=11984 q_pkts=5 q_bytes=7520 qdelay_l_ms=1.066 qdelay_c_ms=1.08767 ecn_mark=950 drop=0
[QUEUE_STATS] t_ms=12000 q_pkts=1 q_bytes=1504 qdelay_l_ms=1.06329 qdelay_c_ms=0 ecn_mark=950 drop=0
[QUEUE_STATS] t_ms=12016 q_pkts=1 q_bytes=1504 qdelay_l_ms=1.07055 qdelay_c_ms=0 ecn_mark=951 drop=0
[QUEUE_STATS] t_ms=12032 q_pkts=6 q_bytes=9024 qdelay_l_ms=1.07823 qdelay_c_ms=2.13591 ecn_mark=952 drop=0
[QUEUE_STATS] t_ms=12049 q_pkts=3 q_bytes=4512 qdelay_l_ms=0 qdelay_c_ms=1.08029 ecn_mark=954 drop=0
[QUEUE_STATS] t_ms=12064 q_pkts=0 q_bytes=0 qdelay_l_ms=0 qdelay_c_ms=0 ecn_mark=955 drop=0
[QUEUE_STATS] t_ms=12080 q_pkts=3 q_bytes=4512 qdelay_l_ms=1.07235 qdelay_c_ms=1.06591 ecn_mark=958 drop=0
[QUEUE_STATS] t_ms=12096 q_pkts=4 q_bytes=6016 qdelay_l_ms=1.08023 qdelay_c_ms=1.09706 ecn_mark=958 drop=0
[QUEUE_STATS] t_ms=12112 q_pkts=4 q_bytes=6016 qdelay_l_ms=0 qdelay_c_ms=1.06108 ecn_mark=960 drop=0
[QUEUE_STATS] t_ms=12128 q_pkts=2 q_bytes=3008 qdelay_l_ms=0.715925 qdelay_c_ms=2.18386 ecn_mark=960 drop=0
[QUEUE_STATS] t_ms=12144 q_pkts=1 q_bytes=1504 qdelay_l_ms=1.01395 qdelay_c_ms=0 ecn_mark=961 drop=0
[QUEUE_STATS] t_ms=12160 q_pkts=5 q_bytes=7520 qdelay_l_ms=1.0659 qdelay_c_ms=2.13479 ecn_mark=961 drop=0
[QUEUE_STATS] t_ms=12176 q_pkts=3 q_bytes=4512 qdelay_l_ms=1.05885 qdelay_c_ms=1.07823 ecn_mark=961 drop=0
[QUEUE_STATS] t_ms=12192 q_pkts=3 q_bytes=4512 qdelay_l_ms=0.640143 qdelay_c_ms=0.629243 ecn_mark=962 drop=0
[QUEUE_STATS] t_ms=12208 q_pkts=3 q_bytes=4512 qdelay_l_ms=1.06517 qdelay_c_ms=1.08096 ecn_mark=963 drop=0
[QUEUE_STATS] t_ms=12224 q_pkts=1 q_bytes=1504 qdelay_l_ms=1.02491 qdelay_c_ms=0 ecn_mark=965 drop=0
[QUEUE_STATS] t_ms=12240 q_pkts=5 q_bytes=7520 qdelay_l_ms=0 qdelay_c_ms=1.45562 ecn_mark=967 drop=0
[QUEUE_STATS] t_ms=12256 q_pkts=5 q_bytes=7520 qdelay_l_ms=1.07032 qdelay_c_ms=1.06202 ecn_mark=968 drop=0
[QUEUE_STATS] t_ms=12272 q_pkts=3 q_bytes=4512 qdelay_l_ms=0.881136 qdelay_c_ms=0.874984 ecn_mark=969 drop=0
[QUEUE_STATS] t_ms=12288 q_pkts=4 q_bytes=6016 qdelay_l_ms=1.06003 qdelay_c_ms=2.16599 ecn_mark=970 drop=0
[QUEUE_STATS] t_ms=12304 q_pkts=1 q_bytes=1504 qdelay_l_ms=1.07885 qdelay_c_ms=0 ecn_mark=971 drop=0
[QUEUE_STATS] t_ms=12320 q_pkts=0 q_bytes=0 qdelay_l_ms=0 qdelay_c_ms=0 ecn_mark=971 drop=0
[QUEUE_STATS] t_ms=12336 q_pkts=3 q_bytes=4512 qdelay_l_ms=1.07447 qdelay_c_ms=1.08959 ecn_mark=972 drop=0
[QUEUE_STATS] t_ms=12353 q_pkts=0 q_bytes=0 qdelay_l_ms=0 qdelay_c_ms=0 ecn_mark=976 drop=0
[QUEUE_STATS] t_ms=12368 q_pkts=6 q_bytes=9024 qdelay_l_ms=0 qdelay_c_ms=1.09258 ecn_mark=977 drop=0
[QUEUE_STATS] t_ms=12384 q_pkts=2 q_bytes=3008 qdelay_l_ms=0 qdelay_c_ms=0.939575 ecn_mark=977 drop=0
[QUEUE_STATS] t_ms=12400 q_pkts=3 q_bytes=4512 qdelay_l_ms=1.07373 qdelay_c_ms=1.0887 ecn_mark=977 drop=0
[QUEUE_STATS] t_ms=12416 q_pkts=4 q_bytes=6016 qdelay_l_ms=1.06739 qdelay_c_ms=2.22164 ecn_mark=978 drop=0
[QUEUE_STATS] t_ms=12432 q_pkts=3 q_bytes=4512 qdelay_l_ms=1.0334 qdelay_c_ms=1.04831 ecn_mark=980 drop=0
[QUEUE_STATS] t_ms=12448 q_pkts=4 q_bytes=6016 qdelay_l_ms=0 qdelay_c_ms=1.07621 ecn_mark=982 drop=0
[QUEUE_STATS] t_ms=12464 q_pkts=4 q_bytes=6016 qdelay_l_ms=1.05049 qdelay_c_ms=2.19426 ecn_mark=983 drop=0
[QUEUE_STATS] t_ms=12481 q_pkts=0 q_bytes=0 qdelay_l_ms=0 qdelay_c_ms=0 ecn_mark=984 drop=0
[QUEUE_STATS] t_ms=12496 q_pkts=8 q_bytes=12032 qdelay_l_ms=1.08087 qdelay_c_ms=2.14148 ecn_mark=984 drop=0
[QUEUE_STATS] t_ms=12512 q_pkts=6 q_bytes=9024 qdelay_l_ms=1.07044 qdelay_c_ms=1.1098 ecn_mark=984 drop=0
[QUEUE_STATS] t_ms=12529 q_pkts=3 q_bytes=4512 qdelay_l_ms=1.06652 qdelay_c_ms=1.08546 ecn_mark=985 drop=0
[QUEUE_STATS] t_ms=12545 q_pkts=1 q_bytes=1504 qdelay_l_ms=1.07282 qdelay_c_ms=0 ecn_mark=986 drop=0
[QUEUE_STATS] t_ms=12560 q_pkts=2 q_bytes=3008 qdelay_l_ms=0 qdelay_c_ms=0.880785 ecn_mark=986 drop=0
[QUEUE_STATS] t_ms=12576 q_pkts=6 q_bytes=9024 qdelay_l_ms=1.07845 qdelay_c_ms=3.21361 ecn_mark=987 drop=0
[QUEUE_STATS] t_ms=12592 q_pkts=0 q_bytes=0 qdelay_l_ms=0 qdelay_c_ms=0 ecn_mark=987 drop=0
[QUEUE_STATS] t_ms=12608 q_pkts=1 q_bytes=1504 qdelay_l_ms=1.06566 qdelay_c_ms=0 ecn_mark=988 drop=0
[QUEUE_STATS] t_ms=12624 q_pkts=1 q_bytes=1504 qdelay_l_ms=0 qdelay_c_ms=2.13977 ecn_mark=988 drop=0
[QUEUE_STATS] t_ms=12640 q_pkts=3 q_bytes=4512 qdelay_l_ms=1.07489 qdelay_c_ms=1.09459 ecn_mark=988 drop=0
[QUEUE_STATS] t_ms=12656 q_pkts=2 q_bytes=3008 qdelay_l_ms=0 qdelay_c_ms=1.08434 ecn_mark=989 drop=0
[QUEUE_STATS] t_ms=12672 q_pkts=0 q_bytes=0 qdelay_l_ms=0 qdelay_c_ms=0 ecn_mark=989 drop=0
[QUEUE_STATS] t_ms=12688 q_pkts=1 q_bytes=1504 qdelay_l_ms=1.04676 qdelay_c_ms=0 ecn_mark=991 drop=0
[QUEUE_STATS] t_ms=12704 q_pkts=3 q_bytes=4512 qdelay_l_ms=1.07204 qdelay_c_ms=1.06714 ecn_mark=992 drop=0
[QUEUE_STATS] t_ms=12720 q_pkts=3 q_bytes=4512 qdelay_l_ms=1.06385 qdelay_c_ms=1.07511 ecn_mark=993 drop=0
[QUEUE_STATS] t_ms=12736 q_pkts=1 q_bytes=1504 qdelay_l_ms=1.06726 qdelay_c_ms=0 ecn_mark=995 drop=0
[QUEUE_STATS] t_ms=12752 q_pkts=5 q_bytes=7520 qdelay_l_ms=1.06631 qdelay_c_ms=1.08588 ecn_mark=996 drop=0
[QUEUE_STATS] t_ms=12768 q_pkts=2 q_bytes=3008 qdelay_l_ms=0 qdelay_c_ms=0.633601 ecn_mark=997 drop=0
[QUEUE_STATS] t_ms=12784 q_pkts=2 q_bytes=3008 qdelay_l_ms=0 qdelay_c_ms=1.04127 ecn_mark=997 drop=0
[QUEUE_STATS] t_ms=12800 q_pkts=6 q_bytes=9024 qdelay_l_ms=1.08753 qdelay_c_ms=1.08289 ecn_mark=997 drop=0
[QUEUE_STATS] t_ms=12816 q_pkts=1 q_bytes=1504 qdelay_l_ms=1.07823 qdelay_c_ms=0 ecn_mark=1000 drop=0
[QUEUE_STATS] t_ms=12832 q_pkts=2 q_bytes=3008 qdelay_l_ms=0 qdelay_c_ms=1.08434 ecn_mark=1001 drop=0
[QUEUE_STATS] t_ms=12848 q_pkts=0 q_bytes=0 qdelay_l_ms=0 qdelay_c_ms=0 ecn_mark=1002 drop=0
[QUEUE_STATS] t_ms=12864 q_pkts=3 q_bytes=4512 qdelay_l_ms=1.06568 qdelay_c_ms=1.08134 ecn_mark=1002 drop=0
[QUEUE_STATS] t_ms=12880 q_pkts=5 q_bytes=7520 qdelay_l_ms=0 qdelay_c_ms=1.08636 ecn_mark=1003 drop=0
[QUEUE_STATS] t_ms=12896 q_pkts=3 q_bytes=4512 qdelay_l_ms=0.602332 qdelay_c_ms=1.73754 ecn_mark=1003 drop=0
[QUEUE_STATS] t_ms=12912 q_pkts=5 q_bytes=7520 qdelay_l_ms=1.08691 qdelay_c_ms=1.08193 ecn_mark=1005 drop=0
[QUEUE_STATS] t_ms=12928 q_pkts=2 q_bytes=3008 qdelay_l_ms=1.08034 qdelay_c_ms=1.08603 ecn_mark=1005 drop=0
[QUEUE_STATS] t_ms=12944 q_pkts=1 q_bytes=1504 qdelay_l_ms=1.07532 qdelay_c_ms=0 ecn_mark=1005 drop=0
[QUEUE_STATS] t_ms=12960 q_pkts=5 q_bytes=7520 qdelay_l_ms=1.09912 qdelay_c_ms=1.09163 ecn_mark=1006 drop=0
[QUEUE_STATS] t_ms=12976 q_pkts=6 q_bytes=9024 qdelay_l_ms=1.08732 qdelay_c_ms=1.11303 ecn_mark=1007 drop=0
[QUEUE_STATS] t_ms=12992 q_pkts=5 q_bytes=7520 qdelay_l_ms=1.08836 qdelay_c_ms=1.08271 ecn_mark=1009 drop=0
[QUEUE_STATS] t_ms=13008 q_pkts=7 q_bytes=10528 qdelay_l_ms=1.0613 qdelay_c_ms=1.09231 ecn_mark=1011 drop=0
[QUEUE_STATS] t_ms=13024 q_pkts=3 q_bytes=4512 qdelay_l_ms=1.0647 qdelay_c_ms=1.08567 ecn_mark=1012 drop=0
[QUEUE_STATS] t_ms=13040 q_pkts=4 q_bytes=6016 qdelay_l_ms=1.06602 qdelay_c_ms=1.07641 ecn_mark=1013 drop=0
[QUEUE_STATS] t_ms=13056 q_pkts=2 q_bytes=3008 qdelay_l_ms=1.06053 qdelay_c_ms=2.17534 ecn_mark=1013 drop=0
[QUEUE_STATS] t_ms=13072 q_pkts=0 q_bytes=0 qdelay_l_ms=0 qdelay_c_ms=0 ecn_mark=1014 drop=0
[QUEUE_STATS] t_ms=13088 q_pkts=5 q_bytes=7520 qdelay_l_ms=1.09923 qdelay_c_ms=1.0933 ecn_mark=1015 drop=0
[QUEUE_STATS] t_ms=13104 q_pkts=5 q_bytes=7520 qdelay_l_ms=1.04521 qdelay_c_ms=1.07706 ecn_mark=1016 drop=0
[QUEUE_STATS] t_ms=13120 q_pkts=0 q_bytes=0 qdelay_l_ms=0 qdelay_c_ms=0 ecn_mark=1017 drop=0
[QUEUE_STATS] t_ms=13136 q_pkts=0 q_bytes=0 qdelay_l_ms=0 qdelay_c_ms=0 ecn_mark=1019 drop=0
[QUEUE_STATS] t_ms=13152 q_pkts=1 q_bytes=1504 qdelay_l_ms=1.06129 qdelay_c_ms=0 ecn_mark=1020 drop=0
[QUEUE_STATS] t_ms=13168 q_pkts=5 q_bytes=7520 qdelay_l_ms=1.05864 qdelay_c_ms=1.07945 ecn_mark=1021 drop=0
[QUEUE_STATS] t_ms=13184 q_pkts=1 q_bytes=1504 qdelay_l_ms=1.07016 qdelay_c_ms=0 ecn_mark=1023 drop=0
[QUEUE_STATS] t_ms=13200 q_pkts=1 q_bytes=1504 qdelay_l_ms=0.939976 qdelay_c_ms=0 ecn_mark=1024 drop=0
[QUEUE_STATS] t_ms=13216 q_pkts=8 q_bytes=12032 qdelay_l_ms=1.07583 qdelay_c_ms=2.7178 ecn_mark=1025 drop=0
[QUEUE_STATS] t_ms=13232 q_pkts=5 q_bytes=7520 qdelay_l_ms=1.08504 qdelay_c_ms=1.07945 ecn_mark=1026 drop=0
[QUEUE_STATS] t_ms=13248 q_pkts=1 q_bytes=1504 qdelay_l_ms=1.06096 qdelay_c_ms=0 ecn_mark=1027 drop=0
[QUEUE_STATS] t_ms=13264 q_pkts=6 q_bytes=9024 qdelay_l_ms=0 qdelay_c_ms=4.59969 ecn_mark=1029 drop=0
[QUEUE_STATS] t_ms=13281 q_pkts=1 q_bytes=1504 qdelay_l_ms=1.07144 qdelay_c_ms=0 ecn_mark=1030 drop=0
[QUEUE_STATS] t_ms=13296 q_pkts=0 q_bytes=0 qdelay_l_ms=0 qdelay_c_ms=0 ecn_mark=1030 drop=0
[QUEUE_STATS] t_ms=13312 q_pkts=5 q_bytes=7520 qdelay_l_ms=0.906805 qdelay_c_ms=2.08952 ecn_mark=1031 drop=0
[QUEUE_STATS] t_ms=13328 q_pkts=5 q_bytes=7520 qdelay_l_ms=1.05901 qdelay_c_ms=1.05363 ecn_mark=1031 drop=0
[QUEUE_STATS] t_ms=13344 q_pkts=3 q_bytes=4512 qdelay_l_ms=0 qdelay_c_ms=2.17016 ecn_mark=1031 drop=0
[QUEUE_STATS] t_ms=13360 q_pkts=4 q_bytes=6016 qdelay_l_ms=1.06639 qdelay_c_ms=2.12802 ecn_mark=1032 drop=0
[QUEUE_STATS] t_ms=13376 q_pkts=1 q_bytes=1504 qdelay_l_ms=0.598375 qdelay_c_ms=0 ecn_mark=1033 drop=0
[QUEUE_STATS] t_ms=13392 q_pkts=7 q_bytes=10528 qdelay_l_ms=1.102 qdelay_c_ms=2.18652 ecn_mark=1034 drop=0
[QUEUE_STATS] t_ms=13408 q_pkts=0 q_bytes=0 qdelay_l_ms=0 qdelay_c_ms=0 ecn_mark=1035 drop=0
[QUEUE_STATS] t_ms=13424 q_pkts=1 q_bytes=1504 qdelay_l_ms=1.06151 qdelay_c_ms=0 ecn_mark=1037 drop=0
[QUEUE_STATS] t_ms=13440 q_pkts=4 q_bytes=6016 qdelay_l_ms=1.08713 qdelay_c_ms=3.2573 ecn_mark=1037 drop=0
[QUEUE_STATS] t_ms=13456 q_pkts=0 q_bytes=0 qdelay_l_ms=0 qdelay_c_ms=0 ecn_mark=1037 drop=0
[QUEUE_STATS] t_ms=13472 q_pkts=3 q_bytes=4512 qdelay_l_ms=1.06622 qdelay_c_ms=1.07665 ecn_mark=1038 drop=0
[QUEUE_STATS] t_ms=13488 q_pkts=1 q_bytes=1504 qdelay_l_ms=0 qdelay_c_ms=1.4556 ecn_mark=1040 drop=0
[QUEUE_STATS] t_ms=13504 q_pkts=4 q_bytes=6016 qdelay_l_ms=1.00214 qdelay_c_ms=1.03286 ecn_mark=1042 drop=0
[QUEUE_STATS] t_ms=13520 q_pkts=4 q_bytes=6016 qdelay_l_ms=0.029285 qdelay_c_ms=0.023074 ecn_mark=1044 drop=0
[QUEUE_STATS] t_ms=13536 q_pkts=0 q_bytes=0 qdelay_l_ms=0 qdelay_c_ms=0 ecn_mark=1046 drop=0
[QUEUE_STATS] t_ms=13552 q_pkts=2 q_bytes=3008 qdelay_l_ms=1.06822 qdelay_c_ms=1.06349 ecn_mark=1050 drop=0
[QUEUE_STATS] t_ms=13568 q_pkts=4 q_bytes=6016 qdelay_l_ms=0 qdelay_c_ms=1.08452 ecn_mark=1050 drop=0
[QUEUE_STATS] t_ms=13584 q_pkts=2 q_bytes=3008 qdelay_l_ms=0 qdelay_c_ms=1.06535 ecn_mark=1051 drop=0
[QUEUE_STATS] t_ms=13600 q_pkts=2 q_bytes=3008 qdelay_l_ms=1.07302 qdelay_c_ms=1.06707 ecn_mark=1052 drop=0
[QUEUE_STATS] t_ms=13616 q_pkts=6 q_bytes=9024 qdelay_l_ms=1.03096 qdelay_c_ms=2.03093 ecn_mark=1054 drop=0
[QUEUE_STATS] t_ms=13632 q_pkts=1 q_bytes=1504 qdelay_l_ms=1.06841 qdelay_c_ms=0 ecn_mark=1055 drop=0
[QUEUE_STATS] t_ms=13648 q_pkts=5 q_bytes=7520 qdelay_l_ms=1.06402 qdelay_c_ms=1.05346 ecn_mark=1056 drop=0
[QUEUE_STATS] t_ms=13664 q_pkts=5 q_bytes=7520 qdelay_l_ms=1.09181 qdelay_c_ms=1.0837 ecn_mark=1057 drop=0
[QUEUE_STATS] t_ms=13680 q_pkts=1 q_bytes=1504 qdelay_l_ms=1.08024 qdelay_c_ms=0 ecn_mark=1060 drop=0
[QUEUE_STATS] t_ms=13696 q_pkts=3 q_bytes=4512 qdelay_l_ms=0.934145 qdelay_c_ms=0.928274 ecn_mark=1063 drop=0
[QUEUE_STATS] t_ms=13712 q_pkts=5 q_bytes=7520 qdelay_l_ms=1.04802 qdelay_c_ms=1.04122 ecn_mark=1065 drop=0
[QUEUE_STATS] t_ms=13728 q_pkts=3 q_bytes=4512 qdelay_l_ms=1.08008 qdelay_c_ms=1.0726 ecn_mark=1067 drop=0
[QUEUE_STATS] t_ms=13744 q_pkts=4 q_bytes=6016 qdelay_l_ms=0 qdelay_c_ms=2.3924 ecn_mark=1068 drop=0
[QUEUE_STATS] t_ms=13760 q_pkts=2 q_bytes=3008 qdelay_l_ms=0.657085 qdelay_c_ms=0.650964 ecn_mark=1068 drop=0
[QUEUE_STATS] t_ms=13776 q_pkts=5 q_bytes=7520 qdelay_l_ms=0 qdelay_c_ms=2.1208 ecn_mark=1068 drop=0
[QUEUE_STATS] t_ms=13792 q_pkts=2 q_bytes=3008 qdelay_l_ms=1.06299 qdelay_c_ms=1.0693 ecn_mark=1069 drop=0
[QUEUE_STATS] t_ms=13809 q_pkts=1 q_bytes=1504 qdelay_l_ms=1.06855 qdelay_c_ms=0 ecn_mark=1069 drop=0
[QUEUE_STATS] t_ms=13824 q_pkts=3 q_bytes=4512 qdelay_l_ms=1.09195 qdelay_c_ms=1.0857 ecn_mark=1069 drop=0
[QUEUE_STATS] t_ms=13840 q_pkts=1 q_bytes=1504 qdelay_l_ms=1.06781 qdelay_c_ms=0 ecn_mark=1069 drop=0
[QUEUE_STATS] t_ms=13856 q_pkts=7 q_bytes=10528 qdelay_l_ms=1.09522 qdelay_c_ms=3.34276 ecn_mark=1069 drop=0
[QUEUE_STATS] t_ms=13872 q_pkts=1 q_bytes=1504 qdelay_l_ms=1.10394 qdelay_c_ms=0 ecn_mark=1070 drop=0
[QUEUE_STATS] t_ms=13888 q_pkts=1 q_bytes=1504 qdelay_l_ms=1.0679 qdelay_c_ms=0 ecn_mark=1070 drop=0
[QUEUE_STATS] t_ms=13904 q_pkts=8 q_bytes=12032 qdelay_l_ms=1.08853 qdelay_c_ms=1.13062 ecn_mark=1071 drop=0
[QUEUE_STATS] t_ms=13920 q_pkts=1 q_bytes=1504 qdelay_l_ms=0 qdelay_c_ms=1.23378 ecn_mark=1071 drop=0
[QUEUE_STATS] t_ms=13937 q_pkts=0 q_bytes=0 qdelay_l_ms=0 qdelay_c_ms=0 ecn_mark=1072 drop=0
[QUEUE_STATS] t_ms=13952 q_pkts=2 q_bytes=3008 qdelay_l_ms=1.06675 qdelay_c_ms=1.07453 ecn_mark=1072 drop=0
[QUEUE_STATS] t_ms=13968 q_pkts=1 q_bytes=1504 qdelay_l_ms=1.10217 qdelay_c_ms=0 ecn_mark=1072 drop=0
[QUEUE_STATS] t_ms=13984 q_pkts=0 q_bytes=0 qdelay_l_ms=0 qdelay_c_ms=0 ecn_mark=1073 drop=0
[QUEUE_STATS] t_ms=14000 q_pkts=5 q_bytes=7520 qdelay_l_ms=1.09728 qdelay_c_ms=1.0891 ecn_mark=1073 drop=0
[QUEUE_STATS] t_ms=14016 q_pkts=2 q_bytes=3008 qdelay_l_ms=1.09658 qdelay_c_ms=1.10446 ecn_mark=1073 drop=0
[QUEUE_STATS] t_ms=14032 q_pkts=10 q_bytes=15040 qdelay_l_ms=0 qdelay_c_ms=2.0983 ecn_mark=1075 drop=0
[QUEUE_STATS] t_ms=14048 q_pkts=3 q_bytes=4512 qdelay_l_ms=1.02279 qdelay_c_ms=1.0175 ecn_mark=1076 drop=0
[QUEUE_STATS] t_ms=14064 q_pkts=2 q_bytes=3008 qdelay_l_ms=1.08168 qdelay_c_ms=1.0881 ecn_mark=1077 drop=0
[QUEUE_STATS] t_ms=14080 q_pkts=8 q_bytes=12032 qdelay_l_ms=0.532621 qdelay_c_ms=2.66669 ecn_mark=1077 drop=0
[QUEUE_STATS] t_ms=14096 q_pkts=1 q_bytes=1504 qdelay_l_ms=1.07023 qdelay_c_ms=0 ecn_mark=1078 drop=0
[QUEUE_STATS] t_ms=14112 q_pkts=0 q_bytes=0 qdelay_l_ms=0 qdelay_c_ms=0 ecn_mark=1080 drop=0
[QUEUE_STATS] t_ms=14128 q_pkts=0 q_bytes=0 qdelay_l_ms=0 qdelay_c_ms=0 ecn_mark=1080 drop=0
[QUEUE_STATS] t_ms=14144 q_pkts=1 q_bytes=1504 qdelay_l_ms=1.08857 qdelay_c_ms=0 ecn_mark=1084 drop=0
[QUEUE_STATS] t_ms=14160 q_pkts=3 q_bytes=4512 qdelay_l_ms=1.06889 qdelay_c_ms=1.06007 ecn_mark=1084 drop=0
[QUEUE_STATS] t_ms=14176 q_pkts=1 q_bytes=1504 qdelay_l_ms=1.06227 qdelay_c_ms=0 ecn_mark=1086 drop=0
[QUEUE_STATS] t_ms=14192 q_pkts=2 q_bytes=3008 qdelay_l_ms=0 qdelay_c_ms=1.10433 ecn_mark=1086 drop=0
[QUEUE_STATS] t_ms=14208 q_pkts=1 q_bytes=1504 qdelay_l_ms=1.08038 qdelay_c_ms=0 ecn_mark=1086 drop=0
[QUEUE_STATS] t_ms=14224 q_pkts=1 q_bytes=1504 qdelay_l_ms=0.405503 qdelay_c_ms=0 ecn_mark=1086 drop=0
[QUEUE_STATS] t_ms=14240 q_pkts=3 q_bytes=4512 qdelay_l_ms=0.742685 qdelay_c_ms=0.736404 ecn_mark=1090 drop=0
[QUEUE_STATS] t_ms=14256 q_pkts=8 q_bytes=12032 qdelay_l_ms=1.09838 qdelay_c_ms=2.17018 ecn_mark=1090 drop=0
[QUEUE_STATS] t_ms=14272 q_pkts=1 q_bytes=1504 qdelay_l_ms=1.06654 qdelay_c_ms=0 ecn_mark=1090 drop=0
[QUEUE_STATS] t_ms=14288 q_pkts=4 q_bytes=6016 qdelay_l_ms=0 qdelay_c_ms=0.166904 ecn_mark=1091 drop=0
[QUEUE_STATS] t_ms=14304 q_pkts=3 q_bytes=4512 qdelay_l_ms=1.08018 qdelay_c_ms=1.07197 ecn_mark=1093 drop=0
[QUEUE_STATS] t_ms=14320 q_pkts=2 q_bytes=3008 qdelay_l_ms=0 qdelay_c_ms=2.18837 ecn_mark=1095 drop=0
[QUEUE_STATS] t_ms=14336 q_pkts=3 q_bytes=4512 qdelay_l_ms=0.174057 qdelay_c_ms=0.186951 ecn_mark=1095 drop=0
[QUEUE_STATS] t_ms=14352 q_pkts=3 q_bytes=4512 qdelay_l_ms=0.613012 qdelay_c_ms=0.6066 ecn_mark=1096 drop=0
[QUEUE_STATS] t_ms=14368 q_pkts=1 q_bytes=1504 qdelay_l_ms=1.07819 qdelay_c_ms=0 ecn_mark=1098 drop=0
[QUEUE_STATS] t_ms=14384 q_pkts=6 q_bytes=9024 qdelay_l_ms=0 qdelay_c_ms=2.09931 ecn_mark=1099 drop=0
[QUEUE_STATS] t_ms=14400 q_pkts=3 q_bytes=4512 qdelay_l_ms=0.676862 qdelay_c_ms=0.705606 ecn_mark=1102 drop=0
[QUEUE_STATS] t_ms=14416 q_pkts=5 q_bytes=7520 qdelay_l_ms=1.07959 qdelay_c_ms=1.07276 ecn_mark=1103 drop=0
[QUEUE_STATS] t_ms=14432 q_pkts=4 q_bytes=6016 qdelay_l_ms=1.0863 qdelay_c_ms=1.07804 ecn_mark=1104 drop=0
[QUEUE_STATS] t_ms=14448 q_pkts=1 q_bytes=1504 qdelay_l_ms=1.07948 qdelay_c_ms=0 ecn_mark=1106 drop=0
[QUEUE_STATS] t_ms=14464 q_pkts=3 q_bytes=4512 qdelay_l_ms=1.07478 qdelay_c_ms=1.10297 ecn_mark=1108 drop=0
[QUEUE_STATS] t_ms=14480 q_pkts=0 q_bytes=0 qdelay_l_ms=0 qdelay_c_ms=0 ecn_mark=1108 drop=0
[QUEUE_STATS] t_ms=14496 q_pkts=3 q_bytes=4512 qdelay_l_ms=1.07878 qdelay_c_ms=1.07243 ecn_mark=1109 drop=0
[QUEUE_STATS] t_ms=14512 q_pkts=1 q_bytes=1504 qdelay_l_ms=0 qdelay_c_ms=1.06859 ecn_mark=1109 drop=0
[QUEUE_STATS] t_ms=14528 q_pkts=4 q_bytes=6016 qdelay_l_ms=1.09483 qdelay_c_ms=1.08622 ecn_mark=1109 drop=0
[QUEUE_STATS] t_ms=14544 q_pkts=3 q_bytes=4512 qdelay_l_ms=0.242265 qdelay_c_ms=0.254418 ecn_mark=1112 drop=0
[QUEUE_STATS] t_ms=14560 q_pkts=0 q_bytes=0 qdelay_l_ms=0 qdelay_c_ms=0 ecn_mark=1113 drop=0
[QUEUE_STATS] t_ms=14576 q_pkts=1 q_bytes=1504 qdelay_l_ms=0 qdelay_c_ms=1.06888 ecn_mark=1113 drop=0
[QUEUE_STATS] t_ms=14592 q_pkts=1 q_bytes=1504 qdelay_l_ms=0.623211 qdelay_c_ms=0 ecn_mark=1114 drop=0
[QUEUE_STATS] t_ms=14608 q_pkts=0 q_bytes=0 qdelay_l_ms=0 qdelay_c_ms=0 ecn_mark=1115 drop=0
[QUEUE_STATS] t_ms=14624 q_pkts=0 q_bytes=0 qdelay_l_ms=0 qdelay_c_ms=0 ecn_mark=1116 drop=0
[QUEUE_STATS] t_ms=14640 q_pkts=2 q_bytes=3008 qdelay_l_ms=1.07345 qdelay_c_ms=1.06678 ecn_mark=1117 drop=0
[QUEUE_STATS] t_ms=14656 q_pkts=5 q_bytes=7520 qdelay_l_ms=1.02825 qdelay_c_ms=1.07263 ecn_mark=1117 drop=0
[QUEUE_STATS] t_ms=14672 q_pkts=2 q_bytes=3008 qdelay_l_ms=0.018956 qdelay_c_ms=0.013445 ecn_mark=1117 drop=0
[QUEUE_STATS] t_ms=14688 q_pkts=1 q_bytes=1504 qdelay_l_ms=0.581252 qdelay_c_ms=0 ecn_mark=1117 drop=0
[QUEUE_STATS] t_ms=14704 q_pkts=1 q_bytes=1504 qdelay_l_ms=1.1039 qdelay_c_ms=0 ecn_mark=1117 drop=0
[QUEUE_STATS] t_ms=14720 q_pkts=4 q_bytes=6016 qdelay_l_ms=0.892498 qdelay_c_ms=0.900402 ecn_mark=1117 drop=0
[QUEUE_STATS] t_ms=14736 q_pkts=2 q_bytes=3008 qdelay_l_ms=1.08143 qdelay_c_ms=1.08831 ecn_mark=1118 drop=0
[QUEUE_STATS] t_ms=14752 q_pkts=2 q_bytes=3008 qdelay_l_ms=0 qdelay_c_ms=1.08195 ecn_mark=1118 drop=0
[QUEUE_STATS] t_ms=14768 q_pkts=2 q_bytes=3008 qdelay_l_ms=0 qdelay_c_ms=1.08102 ecn_mark=1118 drop=0
[QUEUE_STATS] t_ms=14784 q_pkts=0 q_bytes=0 qdelay_l_ms=0 qdelay_c_ms=0 ecn_mark=1120 drop=0
[QUEUE_STATS] t_ms=14800 q_pkts=3 q_bytes=4512 qdelay_l_ms=1.06705 qdelay_c_ms=1.08113 ecn_mark=1122 drop=0
[QUEUE_STATS] t_ms=14816 q_pkts=3 q_bytes=4512 qdelay_l_ms=1.07221 qdelay_c_ms=1.11027 ecn_mark=1123 drop=0
[QUEUE_STATS] t_ms=14832 q_pkts=1 q_bytes=1504 qdelay_l_ms=1.06895 qdelay_c_ms=0 ecn_mark=1123 drop=0
[QUEUE_STATS] t_ms=14848 q_pkts=3 q_bytes=4512 qdelay_l_ms=1.00082 qdelay_c_ms=2.11349 ecn_mark=1124 drop=0
[QUEUE_STATS] t_ms=14864 q_pkts=1 q_bytes=1504 qdelay_l_ms=1.08389 qdelay_c_ms=0 ecn_mark=1125 drop=0
[QUEUE_STATS] t_ms=14880 q_pkts=2 q_bytes=3008 qdelay_l_ms=1.092 qdelay_c_ms=1.08314 ecn_mark=1125 drop=0
[QUEUE_STATS] t_ms=14896 q_pkts=1 q_bytes=1504 qdelay_l_ms=1.07785 qdelay_c_ms=0 ecn_mark=1126 drop=0
[QUEUE_STATS] t_ms=14912 q_pkts=3 q_bytes=4512 qdelay_l_ms=1.02332 qdelay_c_ms=1.03637 ecn_mark=1126 drop=0
[QUEUE_STATS] t_ms=14928 q_pkts=3 q_bytes=4512 qdelay_l_ms=1.06323 qdelay_c_ms=1.05566 ecn_mark=1127 drop=0
[QUEUE_STATS] t_ms=14944 q_pkts=1 q_bytes=1504 qdelay_l_ms=1.07984 qdelay_c_ms=0 ecn_mark=1128 drop=0
[QUEUE_STATS] t_ms=14960 q_pkts=1 q_bytes=1504 qdelay_l_ms=1.08941 qdelay_c_ms=0 ecn_mark=1128 drop=0
[QUEUE_STATS] t_ms=14976 q_pkts=1 q_bytes=1504 qdelay_l_ms=1.05377 qdelay_c_ms=0 ecn_mark=1128 drop=0
[QUEUE_STATS] t_ms=14992 q_pkts=3 q_bytes=4512 qdelay_l_ms=0.700527 qdelay_c_ms=0.693845 ecn_mark=1128 drop=0
[QUEUE_STATS] t_ms=15008 q_pkts=1 q_bytes=1504 qdelay_l_ms=1.08734 qdelay_c_ms=0 ecn_mark=1130 drop=0
[QUEUE_STATS] t_ms=15024 q_pkts=5 q_bytes=7520 qdelay_l_ms=1.03613 qdelay_c_ms=1.09155 ecn_mark=1130 drop=0
[QUEUE_STATS] t_ms=15040 q_pkts=3 q_bytes=4512 qdelay_l_ms=1.0738 qdelay_c_ms=1.06638 ecn_mark=1130 drop=0
[QUEUE_STATS] t_ms=15056 q_pkts=1 q_bytes=1504 qdelay_l_ms=1.09253 qdelay_c_ms=0 ecn_mark=1130 drop=0
[QUEUE_STATS] t_ms=15072 q_pkts=5 q_bytes=7520 qdelay_l_ms=0.982526 qdelay_c_ms=1.00667 ecn_mark=1130 drop=0
[QUEUE_STATS] t_ms=15088 q_pkts=3 q_bytes=4512 qdelay_l_ms=1.10884 qdelay_c_ms=1.10042 ecn_mark=1130 drop=0
[QUEUE_STATS] t_ms=15105 q_pkts=0 q_bytes=0 qdelay_l_ms=0 qdelay_c_ms=0 ecn_mark=1130 drop=0
[QUEUE_STATS] t_ms=15120 q_pkts=4 q_bytes=6016 qdelay_l_ms=1.07934 qdelay_c_ms=1.56805 ecn_mark=1133 drop=0
[QUEUE_STATS] t_ms=15136 q_pkts=3 q_bytes=4512 qdelay_l_ms=1.07267 qdelay_c_ms=1.11304 ecn_mark=1133 drop=0
[QUEUE_STATS] t_ms=15152 q_pkts=5 q_bytes=7520 qdelay_l_ms=1.06615 qdelay_c_ms=1.05708 ecn_mark=1135 drop=0
[QUEUE_STATS] t_ms=15168 q_pkts=3 q_bytes=4512 qdelay_l_ms=1.05117 qdelay_c_ms=1.04418 ecn_mark=1135 drop=0
[QUEUE_STATS] t_ms=15184 q_pkts=4 q_bytes=6016 qdelay_l_ms=1.02723 qdelay_c_ms=2.12587 ecn_mark=1135 drop=0
[QUEUE_STATS] t_ms=15200 q_pkts=3 q_bytes=4512 qdelay_l_ms=1.07577 qdelay_c_ms=1.11223 ecn_mark=1136 drop=0
[QUEUE_STATS] t_ms=15216 q_pkts=2 q_bytes=3008 qdelay_l_ms=1.0841 qdelay_c_ms=1.092 ecn_mark=1136 drop=0
[QUEUE_STATS] t_ms=15232 q_pkts=0 q_bytes=0 qdelay_l_ms=0 qdelay_c_ms=0 ecn_mark=1136 drop=0
[QUEUE_STATS] t_ms=15248 q_pkts=4 q_bytes=6016 qdelay_l_ms=1.05285 qdelay_c_ms=2.19462 ecn_mark=1137 drop=0
[QUEUE_STATS] t_ms=15264 q_pkts=0 q_bytes=0 qdelay_l_ms=0 qdelay_c_ms=0 ecn_mark=1140 drop=0
[QUEUE_STATS] t_ms=15280 q_pkts=4 q_bytes=6016 qdelay_l_ms=1.0503 qdelay_c_ms=2.12654 ecn_mark=1140 drop=0
[QUEUE_STATS] t_ms=15296 q_pkts=0 q_bytes=0 qdelay_l_ms=0 qdelay_c_ms=0 ecn_mark=1141 drop=0
[QUEUE_STATS] t_ms=15312 q_pkts=2 q_bytes=3008 qdelay_l_ms=1.06318 qdelay_c_ms=2.14187 ecn_mark=1141 drop=0
[QUEUE_STATS] t_ms=15328 q_pkts=2 q_bytes=3008 qdelay_l_ms=1.03784 qdelay_c_ms=1.04473 ecn_mark=1141 drop=0
[QUEUE_STATS] t_ms=15344 q_pkts=3 q_bytes=4512 qdelay_l_ms=1.08381 qdelay_c_ms=1.07729 ecn_mark=1141 drop=0
[QUEUE_STATS] t_ms=15360 q_pkts=5 q_bytes=7520 qdelay_l_ms=0.706578 qdelay_c_ms=0.731765 ecn_mark=1141 drop=0
[QUEUE_STATS] t_ms=15376 q_pkts=2 q_bytes=3008 qdelay_l_ms=0 qdelay_c_ms=0.666813 ecn_mark=1142 drop=0
[QUEUE_STATS] t_ms=15392 q_pkts=4 q_bytes=6016 qdelay_l_ms=1.078 qdelay_c_ms=1.07249 ecn_mark=1143 drop=0
[QUEUE_STATS] t_ms=15408 q_pkts=1 q_bytes=1504 qdelay_l_ms=1.06136 qdelay_c_ms=0 ecn_mark=1144 drop=0
[QUEUE_STATS] t_ms=15424 q_pkts=0 q_bytes=0 qdelay_l_ms=0 qdelay_c_ms=0 ecn_mark=1145 drop=0
[QUEUE_STATS] t_ms=15440 q_pkts=4 q_bytes=6016 qdelay_l_ms=1.07508 qdelay_c_ms=2.08657 ecn_mark=1146 drop=0
[QUEUE_STATS] t_ms=15456 q_pkts=3 q_bytes=4512 qdelay_l_ms=1.07238 qdelay_c_ms=1.06722 ecn_mark=1146 drop=0
[QUEUE_STATS] t_ms=15472 q_pkts=1 q_bytes=1504 qdelay_l_ms=0.992075 qdelay_c_ms=0 ecn_mark=1149 drop=0
[QUEUE_STATS] t_ms=15488 q_pkts=3 q_bytes=4512 qdelay_l_ms=1.07201 qdelay_c_ms=1.06663 ecn_mark=1149 drop=0
[QUEUE_STATS] t_ms=15504 q_pkts=2 q_bytes=3008 qdelay_l_ms=1.08045 qdelay_c_ms=2.10092 ecn_mark=1150 drop=0
[QUEUE_STATS] t_ms=15520 q_pkts=1 q_bytes=1504 qdelay_l_ms=1.08629 qdelay_c_ms=0 ecn_mark=1151 drop=0
[QUEUE_STATS] t_ms=15537 q_pkts=1 q_bytes=1504 qdelay_l_ms=1.0657 qdelay_c_ms=0 ecn_mark=1151 drop=0
[QUEUE_STATS] t_ms=15552 q_pkts=2 q_bytes=3008 qdelay_l_ms=1.07491 qdelay_c_ms=2.12268 ecn_mark=1152 drop=0
[QUEUE_STATS] t_ms=15568 q_pkts=1 q_bytes=1504 qdelay_l_ms=1.03553 qdelay_c_ms=0 ecn_mark=1153 drop=0
[QUEUE_STATS] t_ms=15584 q_pkts=1 q_bytes=1504 qdelay_l_ms=1.07231 qdelay_c_ms=0 ecn_mark=1153 drop=0
[QUEUE_STATS] t_ms=15600 q_pkts=1 q_bytes=1504 qdelay_l_ms=1.06124 qdelay_c_ms=0 ecn_mark=1154 drop=0
[QUEUE_STATS] t_ms=15616 q_pkts=1 q_bytes=1504 qdelay_l_ms=1.07212 qdelay_c_ms=0 ecn_mark=1155 drop=0
[QUEUE_STATS] t_ms=15632 q_pkts=1 q_bytes=1504 qdelay_l_ms=1.06694 qdelay_c_ms=0 ecn_mark=1156 drop=0
[QUEUE_STATS] t_ms=15648 q_pkts=2 q_bytes=3008 qdelay_l_ms=1.06753 qdelay_c_ms=1.07362 ecn_mark=1158 drop=0
[QUEUE_STATS] t_ms=15664 q_pkts=2 q_bytes=3008 qdelay_l_ms=0.882629 qdelay_c_ms=0.877259 ecn_mark=1158 drop=0
[QUEUE_STATS] t_ms=15680 q_pkts=3 q_bytes=4512 qdelay_l_ms=0 qdelay_c_ms=1.0927 ecn_mark=1159 drop=0
[QUEUE_STATS] t_ms=15696 q_pkts=2 q_bytes=3008 qdelay_l_ms=0.919068 qdelay_c_ms=0.911083 ecn_mark=1159 drop=0
[QUEUE_STATS] t_ms=15712 q_pkts=3 q_bytes=4512 qdelay_l_ms=1.06167 qdelay_c_ms=1.07273 ecn_mark=1159 drop=0
[QUEUE_STATS] t_ms=15728 q_pkts=5 q_bytes=7520 qdelay_l_ms=1.05915 qdelay_c_ms=1.08628 ecn_mark=1159 drop=0
[QUEUE_STATS] t_ms=15744 q_pkts=2 q_bytes=3008 qdelay_l_ms=1.00086 qdelay_c_ms=0.994439 ecn_mark=1159 drop=0
[QUEUE_STATS] t_ms=15760 q_pkts=5 q_bytes=7520 qdelay_l_ms=1.06127 qdelay_c_ms=1.09242 ecn_mark=1159 drop=0
[QUEUE_STATS] t_ms=15776 q_pkts=3 q_bytes=4512 qdelay_l_ms=1.04942 qdelay_c_ms=1.07116 ecn_mark=1159 drop=0
[QUEUE_STATS] t_ms=15792 q_pkts=1 q_bytes=1504 qdelay_l_ms=1.07673 qdelay_c_ms=0 ecn_mark=1160 drop=0
[QUEUE_STATS] t_ms=15808 q_pkts=1 q_bytes=1504 qdelay_l_ms=0 qdelay_c_ms=1.06658 ecn_mark=1161 drop=0
[QUEUE_STATS] t_ms=15824 q_pkts=0 q_bytes=0 qdelay_l_ms=0 qdelay_c_ms=0 ecn_mark=1161 drop=0
[QUEUE_STATS] t_ms=15841 q_pkts=4 q_bytes=6016 qdelay_l_ms=1.07387 qdelay_c_ms=2.17885 ecn_mark=1163 drop=0
[QUEUE_STATS] t_ms=15856 q_pkts=6 q_bytes=9024 qdelay_l_ms=1.09086 qdelay_c_ms=2.10857 ecn_mark=1163 drop=0
[QUEUE_STATS] t_ms=15872 q_pkts=2 q_bytes=3008 qdelay_l_ms=1.05519 qdelay_c_ms=1.04727 ecn_mark=1164 drop=0
[QUEUE_STATS] t_ms=15888 q_pkts=5 q_bytes=7520 qdelay_l_ms=1.10884 qdelay_c_ms=1.05915 ecn_mark=1166 drop=0
[QUEUE_STATS] t_ms=15905 q_pkts=3 q_bytes=4512 qdelay_l_ms=1.06779 qdelay_c_ms=1.09916 ecn_mark=1166 drop=0
[QUEUE_STATS] t_ms=15920 q_pkts=4 q_bytes=6016 qdelay_l_ms=1.077 qdelay_c_ms=1.07188 ecn_mark=1166 drop=0
[QUEUE_STATS] t_ms=15936 q_pkts=4 q_bytes=6016 qdelay_l_ms=1.07101 qdelay_c_ms=1.07598 ecn_mark=1167 drop=0
[QUEUE_STATS] t_ms=15952 q_pkts=2 q_bytes=3008 qdelay_l_ms=1.08793 qdelay_c_ms=1.07862 ecn_mark=1168 drop=0
[QUEUE_STATS] t_ms=15968 q_pkts=0 q_bytes=0 qdelay_l_ms=0 qdelay_c_ms=0 ecn_mark=1168 drop=0
[QUEUE_STATS] t_ms=15984 q_pkts=2 q_bytes=3008 qdelay_l_ms=1.08944 qdelay_c_ms=2.15079 ecn_mark=1169 drop=0
[QUEUE_STATS] t_ms=16000 q_pkts=2 q_bytes=3008 qdelay_l_ms=1.08182 qdelay_c_ms=2.13045 ecn_mark=1170 drop=0
[QUEUE_STATS] t_ms=16016 q_pkts=7 q_bytes=10528 qdelay_l_ms=1.10572 qdelay_c_ms=1.08051 ecn_mark=1170 drop=0
[QUEUE_STATS] t_ms=16033 q_pkts=3 q_bytes=4512 qdelay_l_ms=1.06843 qdelay_c_ms=1.09787 ecn_mark=1170 drop=0
[QUEUE_STATS] t_ms=16048 q_pkts=2 q_bytes=3008 qdelay_l_ms=1.07169 qdelay_c_ms=1.06559 ecn_mark=1171 drop=0
[QUEUE_STATS] t_ms=16064 q_pkts=3 q_bytes=4512 qdelay_l_ms=1.0717 qdelay_c_ms=1.08748 ecn_mark=1173 drop=0
[QUEUE_STATS] t_ms=16080 q_pkts=5 q_bytes=7520 qdelay_l_ms=1.09016 qdelay_c_ms=1.08387 ecn_mark=1174 drop=0
[QUEUE_STATS] t_ms=16096 q_pkts=3 q_bytes=4512 qdelay_l_ms=0.517162 qdelay_c_ms=0.528162 ecn_mark=1176 drop=0
[QUEUE_STATS] t_ms=16112 q_pkts=5 q_bytes=7520 qdelay_l_ms=1.1071 qdelay_c_ms=1.09916 ecn_mark=1177 drop=0
[QUEUE_STATS] t_ms=16128 q_pkts=2 q_bytes=3008 qdelay_l_ms=1.07287 qdelay_c_ms=1.06756 ecn_mark=1178 drop=0
[QUEUE_STATS] t_ms=16144 q_pkts=5 q_bytes=7520 qdelay_l_ms=1.06128 qdelay_c_ms=1.05481 ecn_mark=1178 drop=0
[QUEUE_STATS] t_ms=16160 q_pkts=2 q_bytes=3008 qdelay_l_ms=1.06376 qdelay_c_ms=2.12086 ecn_mark=1178 drop=0
[QUEUE_STATS] t_ms=16176 q_pkts=2 q_bytes=3008 qdelay_l_ms=1.07144 qdelay_c_ms=1.06571 ecn_mark=1179 drop=0
[QUEUE_STATS] t_ms=16192 q_pkts=3 q_bytes=4512 qdelay_l_ms=1.06099 qdelay_c_ms=1.04884 ecn_mark=1181 drop=0
[QUEUE_STATS] t_ms=16208 q_pkts=3 q_bytes=4512 qdelay_l_ms=1.05742 qdelay_c_ms=2.10571 ecn_mark=1181 drop=0
[QUEUE_STATS] t_ms=16224 q_pkts=1 q_bytes=1504 qdelay_l_ms=0.015699 qdelay_c_ms=0 ecn_mark=1181 drop=0
[QUEUE_STATS] t_ms=16240 q_pkts=3 q_bytes=4512 qdelay_l_ms=1.02264 qdelay_c_ms=1.01555 ecn_mark=1183 drop=0
[QUEUE_STATS] t_ms=16256 q_pkts=1 q_bytes=1504 qdelay_l_ms=1.09136 qdelay_c_ms=0 ecn_mark=1185 drop=0
[QUEUE_STATS] t_ms=16272 q_pkts=1 q_bytes=1504 qdelay_l_ms=0.757965 qdelay_c_ms=0 ecn_mark=1185 drop=0
[QUEUE_STATS] t_ms=16288 q_pkts=5 q_bytes=7520 qdelay_l_ms=0.195637 qdelay_c_ms=0.189235 ecn_mark=1186 drop=0
[QUEUE_STATS] t_ms=16304 q_pkts=2 q_bytes=3008 qdelay_l_ms=1.08035 qdelay_c_ms=1.07403 ecn_mark=1186 drop=0
[QUEUE_STATS] t_ms=16320 q_pkts=5 q_bytes=7520 qdelay_l_ms=1.07088 qdelay_c_ms=1.06409 ecn_mark=1186 drop=0
[QUEUE_STATS] t_ms=16336 q_pkts=2 q_bytes=3008 qdelay_l_ms=0 qdelay_c_ms=1.02353 ecn_mark=1187 drop=0
[QUEUE_STATS] t_ms=16352 q_pkts=5 q_bytes=7520 qdelay_l_ms=1.09318 qdelay_c_ms=1.08611 ecn_mark=1187 drop=0
[QUEUE_STATS] t_ms=16368 q_pkts=0 q_bytes=0 qdelay_l_ms=0 qdelay_c_ms=0 ecn_mark=1187 drop=0
[QUEUE_STATS] t_ms=16384 q_pkts=3 q_bytes=4512 qdelay_l_ms=0 qdelay_c_ms=1.01916 ecn_mark=1188 drop=0
[QUEUE_STATS] t_ms=16400 q_pkts=1 q_bytes=1504 qdelay_l_ms=1.0847 qdelay_c_ms=0 ecn_mark=1190 drop=0
[QUEUE_STATS] t_ms=16416 q_pkts=5 q_bytes=7520 qdelay_l_ms=1.08264 qdelay_c_ms=1.07651 ecn_mark=1191 drop=0
[QUEUE_STATS] t_ms=16432 q_pkts=7 q_bytes=10528 qdelay_l_ms=1.04022 qdelay_c_ms=1.03493 ecn_mark=1192 drop=0
[QUEUE_STATS] t_ms=16448 q_pkts=3 q_bytes=4512 qdelay_l_ms=1.08995 qdelay_c_ms=1.08349 ecn_mark=1194 drop=0
[QUEUE_STATS] t_ms=16464 q_pkts=7 q_bytes=10528 qdelay_l_ms=1.06184 qdelay_c_ms=2.18061 ecn_mark=1195 drop=0
[QUEUE_STATS] t_ms=16480 q_pkts=3 q_bytes=4512 qdelay_l_ms=1.09662 qdelay_c_ms=1.08654 ecn_mark=1197 drop=0
[QUEUE_STATS] t_ms=16496 q_pkts=4 q_bytes=6016 qdelay_l_ms=0 qdelay_c_ms=1.08008 ecn_mark=1197 drop=0
[QUEUE_STATS] t_ms=16512 q_pkts=3 q_bytes=4512 qdelay_l_ms=1.0448 qdelay_c_ms=1.03816 ecn_mark=1197 drop=0
[QUEUE_STATS] t_ms=16528 q_pkts=1 q_bytes=1504 qdelay_l_ms=0.999929 qdelay_c_ms=0 ecn_mark=1198 drop=0
[QUEUE_STATS] t_ms=16544 q_pkts=4 q_bytes=6016 qdelay_l_ms=1.02958 qdelay_c_ms=1.99451 ecn_mark=1199 drop=0
[QUEUE_STATS] t_ms=16560 q_pkts=5 q_bytes=7520 qdelay_l_ms=1.09713 qdelay_c_ms=1.0877 ecn_mark=1201 drop=0
[QUEUE_STATS] t_ms=16576 q_pkts=1 q_bytes=1504 qdelay_l_ms=1.06231 qdelay_c_ms=0 ecn_mark=1201 drop=0
[QUEUE_STATS] t_ms=16592 q_pkts=7 q_bytes=10528 qdelay_l_ms=1.06173 qdelay_c_ms=1.10566 ecn_mark=1201 drop=0
[QUEUE_STATS] t_ms=16608 q_pkts=3 q_bytes=4512 qdelay_l_ms=1.07276 qdelay_c_ms=1.06742 ecn_mark=1201 drop=0
[QUEUE_STATS] t_ms=16624 q_pkts=3 q_bytes=4512 qdelay_l_ms=0.962499 qdelay_c_ms=0.984481 ecn_mark=1202 drop=0
[QUEUE_STATS] t_ms=16640 q_pkts=9 q_bytes=13536 qdelay_l_ms=0.981154 qdelay_c_ms=3.85718 ecn_mark=1203 drop=0
[QUEUE_STATS] t_ms=16656 q_pkts=1 q_bytes=1504 qdelay_l_ms=1.08087 qdelay_c_ms=0 ecn_mark=1203 drop=0
[QUEUE_STATS] t_ms=16672 q_pkts=1 q_bytes=1504 qdelay_l_ms=1.0084 qdelay_c_ms=0 ecn_mark=1204 drop=0
[QUEUE_STATS] t_ms=16688 q_pkts=6 q_bytes=9024 qdelay_l_ms=1.09412 qdelay_c_ms=2.14074 ecn_mark=1206 drop=0
[QUEUE_STATS] t_ms=16704 q_pkts=2 q_bytes=3008 qdelay_l_ms=1.06724 qdelay_c_ms=0 ecn_mark=1208 drop=0
[QUEUE_STATS] t_ms=16720 q_pkts=0 q_bytes=0 qdelay_l_ms=0 qdelay_c_ms=0 ecn_mark=1208 drop=0
[QUEUE_STATS] t_ms=16736 q_pkts=5 q_bytes=7520 qdelay_l_ms=0.960826 qdelay_c_ms=0.985673 ecn_mark=1210 drop=0
[QUEUE_STATS] t_ms=16752 q_pkts=4 q_bytes=6016 qdelay_l_ms=1.07228 qdelay_c_ms=2.14551 ecn_mark=1212 drop=0
[QUEUE_STATS] t_ms=16768 q_pkts=4 q_bytes=6016 qdelay_l_ms=1.07517 qdelay_c_ms=2.14781 ecn_mark=1212 drop=0
[QUEUE_STATS] t_ms=16784 q_pkts=5 q_bytes=7520 qdelay_l_ms=1.06992 qdelay_c_ms=1.06313 ecn_mark=1212 drop=0
[QUEUE_STATS] t_ms=16800 q_pkts=3 q_bytes=4512 qdelay_l_ms=0.988528 qdelay_c_ms=0.982697 ecn_mark=1212 drop=0
[QUEUE_STATS] t_ms=16816 q_pkts=4 q_bytes=6016 qdelay_l_ms=0.988678 qdelay_c_ms=1.9402 ecn_mark=1214 drop=0
[QUEUE_STATS] t_ms=16832 q_pkts=0 q_bytes=0 qdelay_l_ms=0 qdelay_c_ms=0 ecn_mark=1214 drop=0
[QUEUE_STATS] t_ms=16848 q_pkts=3 q_bytes=4512 qdelay_l_ms=0.688945 qdelay_c_ms=0.682663 ecn_mark=1214 drop=0
[QUEUE_STATS] t_ms=16864 q_pkts=1 q_bytes=1504 qdelay_l_ms=1.08031 qdelay_c_ms=0 ecn_mark=1216 drop=0
[QUEUE_STATS] t_ms=16880 q_pkts=3 q_bytes=4512 qdelay_l_ms=1.05281 qdelay_c_ms=1.04759 ecn_mark=1217 drop=0
[QUEUE_STATS] t_ms=16896 q_pkts=7 q_bytes=10528 qdelay_l_ms=0.96302 qdelay_c_ms=1.94506 ecn_mark=1218 drop=0
[QUEUE_STATS] t_ms=16912 q_pkts=1 q_bytes=1504 qdelay_l_ms=0.985352 qdelay_c_ms=0 ecn_mark=1219 drop=0
[QUEUE_STATS] t_ms=16928 q_pkts=6 q_bytes=9024 qdelay_l_ms=1.09552 qdelay_c_ms=1.0819 ecn_mark=1220 drop=0
[QUEUE_STATS] t_ms=16944 q_pkts=8 q_bytes=12032 qdelay_l_ms=0.984891 qdelay_c_ms=3.08361 ecn_mark=1222 drop=0
[QUEUE_STATS] t_ms=16960 q_pkts=3 q_bytes=4512 qdelay_l_ms=1.07885 qdelay_c_ms=2.12502 ecn_mark=1223 drop=0
[QUEUE_STATS] t_ms=16976 q_pkts=4 q_bytes=6016 qdelay_l_ms=1.07943 qdelay_c_ms=2.1329 ecn_mark=1223 drop=0
[QUEUE_STATS] t_ms=16992 q_pkts=1 q_bytes=1504 qdelay_l_ms=1.01391 qdelay_c_ms=0 ecn_mark=1226 drop=0
[QUEUE_STATS] t_ms=17009 q_pkts=5 q_bytes=7520 qdelay_l_ms=1.10783 qdelay_c_ms=1.09758 ecn_mark=1227 drop=0
[QUEUE_STATS] t_ms=17024 q_pkts=4 q_bytes=6016 qdelay_l_ms=1.07447 qdelay_c_ms=1.06732 ecn_mark=1228 drop=0
[QUEUE_STATS] t_ms=17040 q_pkts=2 q_bytes=3008 qdelay_l_ms=1.02466 qdelay_c_ms=1.03228 ecn_mark=1229 drop=0
[QUEUE_STATS] t_ms=17056 q_pkts=3 q_bytes=4512 qdelay_l_ms=0.973059 qdelay_c_ms=0.993608 ecn_mark=1231 drop=0
[QUEUE_STATS] t_ms=17072 q_pkts=7 q_bytes=10528 qdelay_l_ms=1.05036 qdelay_c_ms=1.06682 ecn_mark=1232 drop=0
[QUEUE_STATS] t_ms=17088 q_pkts=2 q_bytes=3008 qdelay_l_ms=1.08402 qdelay_c_ms=1.07659 ecn_mark=1233 drop=0
[QUEUE_STATS] t_ms=17104 q_pkts=0 q_bytes=0 qdelay_l_ms=0 qdelay_c_ms=0 ecn_mark=1233 drop=0
[QUEUE_STATS] t_ms=17120 q_pkts=5 q_bytes=7520 qdelay_l_ms=0.984921 qdelay_c_ms=0.978689 ecn_mark=1234 drop=0
[QUEUE_STATS] t_ms=17137 q_pkts=5 q_bytes=7520 qdelay_l_ms=1.12538 qdelay_c_ms=1.11748 ecn_mark=1234 drop=0
[QUEUE_STATS] t_ms=17152 q_pkts=5 q_bytes=7520 qdelay_l_ms=1.09594 qdelay_c_ms=1.08993 ecn_mark=1234 drop=0
[QUEUE_STATS] t_ms=17168 q_pkts=1 q_bytes=1504 qdelay_l_ms=0.980873 qdelay_c_ms=0 ecn_mark=1235 drop=0
[QUEUE_STATS] t_ms=17184 q_pkts=3 q_bytes=4512 qdelay_l_ms=0.990782 qdelay_c_ms=0.98436 ecn_mark=1237 drop=0
[QUEUE_STATS] t_ms=17200 q_pkts=0 q_bytes=0 qdelay_l_ms=0 qdelay_c_ms=0 ecn_mark=1237 drop=0
[QUEUE_STATS] t_ms=17216 q_pkts=8 q_bytes=12032 qdelay_l_ms=1.10692 qdelay_c_ms=1.09938 ecn_mark=1238 drop=0
[QUEUE_STATS] t_ms=17232 q_pkts=5 q_bytes=7520 qdelay_l_ms=0.980563 qdelay_c_ms=0.970184 ecn_mark=1239 drop=0
[QUEUE_STATS] t_ms=17248 q_pkts=1 q_bytes=1504 qdelay_l_ms=0.987956 qdelay_c_ms=0 ecn_mark=1239 drop=0
[QUEUE_STATS] t_ms=17264 q_pkts=6 q_bytes=9024 qdelay_l_ms=1.011 qdelay_c_ms=1.98182 ecn_mark=1240 drop=0
[QUEUE_STATS] t_ms=17280 q_pkts=5 q_bytes=7520 qdelay_l_ms=1.0498 qdelay_c_ms=1.04288 ecn_mark=1242 drop=0
[QUEUE_STATS] t_ms=17296 q_pkts=4 q_bytes=6016 qdelay_l_ms=1.08535 qdelay_c_ms=2.12838 ecn_mark=1243 drop=0
[QUEUE_STATS] t_ms=17312 q_pkts=4 q_bytes=6016 qdelay_l_ms=0 qdelay_c_ms=1.13026 ecn_mark=1244 drop=0
[QUEUE_STATS] t_ms=17328 q_pkts=3 q_bytes=4512 qdelay_l_ms=1.0719 qdelay_c_ms=1.06655 ecn_mark=1244 drop=0
[QUEUE_STATS] t_ms=17345 q_pkts=4 q_bytes=6016 qdelay_l_ms=1.09106 qdelay_c_ms=1.08468 ecn_mark=1245 drop=0
[QUEUE_STATS] t_ms=17360 q_pkts=5 q_bytes=7520 qdelay_l_ms=1.06639 qdelay_c_ms=1.08713 ecn_mark=1247 drop=0
[QUEUE_STATS] t_ms=17376 q_pkts=3 q_bytes=4512 qdelay_l_ms=1.06716 qdelay_c_ms=1.05914 ecn_mark=1248 drop=0
[QUEUE_STATS] t_ms=17392 q_pkts=4 q_bytes=6016 qdelay_l_ms=1.06143 qdelay_c_ms=1.09043 ecn_mark=1251 drop=0
[QUEUE_STATS] t_ms=17408 q_pkts=3 q_bytes=4512 qdelay_l_ms=1.08415 qdelay_c_ms=1.07727 ecn_mark=1251 drop=0
[QUEUE_STATS] t_ms=17424 q_pkts=5 q_bytes=7520 qdelay_l_ms=1.06574 qdelay_c_ms=1.10217 ecn_mark=1252 drop=0
[QUEUE_STATS] t_ms=17440 q_pkts=1 q_bytes=1504 qdelay_l_ms=1.00661 qdelay_c_ms=0 ecn_mark=1252 drop=0
[QUEUE_STATS] t_ms=17456 q_pkts=3 q_bytes=4512 qdelay_l_ms=0.970263 qdelay_c_ms=0.991754 ecn_mark=1253 drop=0
[QUEUE_STATS] t_ms=17472 q_pkts=5 q_bytes=7520 qdelay_l_ms=0.922183 qdelay_c_ms=0.911002 ecn_mark=1253 drop=0
[QUEUE_STATS] t_ms=17488 q_pkts=1 q_bytes=1504 qdelay_l_ms=1.00314 qdelay_c_ms=0 ecn_mark=1256 drop=0
[QUEUE_STATS] t_ms=17504 q_pkts=1 q_bytes=1504 qdelay_l_ms=1.01196 qdelay_c_ms=0 ecn_mark=1258 drop=0
[QUEUE_STATS] t_ms=17520 q_pkts=4 q_bytes=6016 qdelay_l_ms=1.01399 qdelay_c_ms=1.98896 ecn_mark=1259 drop=0
[QUEUE_STATS] t_ms=17536 q_pkts=3 q_bytes=4512 qdelay_l_ms=1.051 qdelay_c_ms=1.04482 ecn_mark=1260 drop=0
[QUEUE_STATS] t_ms=17552 q_pkts=1 q_bytes=1504 qdelay_l_ms=1.01932 qdelay_c_ms=0 ecn_mark=1263 drop=0
[QUEUE_STATS] t_ms=17568 q_pkts=2 q_bytes=3008 qdelay_l_ms=1.04689 qdelay_c_ms=1.03861 ecn_mark=1265 drop=0
[QUEUE_STATS] t_ms=17584 q_pkts=3 q_bytes=4512 qdelay_l_ms=0.88863 qdelay_c_ms=0.89913 ecn_mark=1266 drop=0
[QUEUE_STATS] t_ms=17600 q_pkts=4 q_bytes=6016 qdelay_l_ms=0 qdelay_c_ms=1.06983 ecn_mark=1266 drop=0
[QUEUE_STATS] t_ms=17616 q_pkts=1 q_bytes=1504 qdelay_l_ms=1.06809 qdelay_c_ms=0 ecn_mark=1266 drop=0
[QUEUE_STATS] t_ms=17632 q_pkts=1 q_bytes=1504 qdelay_l_ms=0.99534 qdelay_c_ms=0 ecn_mark=1271 drop=0
[QUEUE_STATS] t_ms=17648 q_pkts=8 q_bytes=12032 qdelay_l_ms=0.963901 qdelay_c_ms=1.5635 ecn_mark=1271 drop=0
[QUEUE_STATS] t_ms=17664 q_pkts=2 q_bytes=3008 qdelay_l_ms=1.00427 qdelay_c_ms=0.996153 ecn_mark=1272 drop=0
[QUEUE_STATS] t_ms=17680 q_pkts=1 q_bytes=1504 qdelay_l_ms=1.02119 qdelay_c_ms=0 ecn_mark=1273 drop=0
[QUEUE_STATS] t_ms=17696 q_pkts=3 q_bytes=4512 qdelay_l_ms=1.07559 qdelay_c_ms=1.09653 ecn_mark=1273 drop=0
[QUEUE_STATS] t_ms=17712 q_pkts=4 q_bytes=6016 qdelay_l_ms=1.09254 qdelay_c_ms=2.13183 ecn_mark=1273 drop=0
[QUEUE_STATS] t_ms=17728 q_pkts=4 q_bytes=6016 qdelay_l_ms=1.08494 qdelay_c_ms=1.0771 ecn_mark=1273 drop=0
[QUEUE_STATS] t_ms=17744 q_pkts=1 q_bytes=1504 qdelay_l_ms=1.07111 qdelay_c_ms=0 ecn_mark=1276 drop=0
[QUEUE_STATS] t_ms=17760 q_pkts=0 q_bytes=0 qdelay_l_ms=0 qdelay_c_ms=0 ecn_mark=1276 drop=0
[QUEUE_STATS] t_ms=17776 q_pkts=4 q_bytes=6016 qdelay_l_ms=1.00431 qdelay_c_ms=2.00976 ecn_mark=1276 drop=0
[QUEUE_STATS] t_ms=17792 q_pkts=0 q_bytes=0 qdelay_l_ms=0 qdelay_c_ms=0 ecn_mark=1276 drop=0
[QUEUE_STATS] t_ms=17808 q_pkts=5 q_bytes=7520 qdelay_l_ms=1.02992 qdelay_c_ms=1.02043 ecn_mark=1277 drop=0
[QUEUE_STATS] t_ms=17825 q_pkts=5 q_bytes=7520 qdelay_l_ms=1.10539 qdelay_c_ms=2.17806 ecn_mark=1279 drop=0
[QUEUE_STATS] t_ms=17840 q_pkts=7 q_bytes=10528 qdelay_l_ms=0.988598 qdelay_c_ms=2.01687 ecn_mark=1280 drop=0
[QUEUE_STATS] t_ms=17856 q_pkts=3 q_bytes=4512 qdelay_l_ms=1.05903 qdelay_c_ms=1.04971 ecn_mark=1281 drop=0
[QUEUE_STATS] t_ms=17872 q_pkts=8 q_bytes=12032 qdelay_l_ms=1.06223 qdelay_c_ms=1.05337 ecn_mark=1282 drop=0
[QUEUE_STATS] t_ms=17888 q_pkts=5 q_bytes=7520 qdelay_l_ms=1.01833 qdelay_c_ms=1.00994 ecn_mark=1285 drop=0
[QUEUE_STATS] t_ms=17904 q_pkts=9 q_bytes=13536 qdelay_l_ms=1.00031 qdelay_c_ms=3.0109 ecn_mark=1285 drop=0
[QUEUE_STATS] t_ms=17920 q_pkts=5 q_bytes=7520 qdelay_l_ms=1.09936 qdelay_c_ms=1.09243 ecn_mark=1285 drop=0
[QUEUE_STATS] t_ms=17936 q_pkts=9 q_bytes=13536 qdelay_l_ms=1.072 qdelay_c_ms=1.06278 ecn_mark=1285 drop=0
[QUEUE_STATS] t_ms=17952 q_pkts=5 q_bytes=7520 qdelay_l_ms=0.978228 qdelay_c_ms=1.92935 ecn_mark=1287 drop=0
[QUEUE_STATS] t_ms=17968 q_pkts=5 q_bytes=7520 qdelay_l_ms=1.05665 qdelay_c_ms=1.04611 ecn_mark=1289 drop=0
[QUEUE_STATS] t_ms=17984 q_pkts=1 q_bytes=1504 qdelay_l_ms=1.06181 qdelay_c_ms=0 ecn_mark=1289 drop=0
[QUEUE_STATS] t_ms=18000 q_pkts=3 q_bytes=4512 qdelay_l_ms=0 qdelay_c_ms=1.07159 ecn_mark=1290 drop=0
[QUEUE_STATS] t_ms=18016 q_pkts=2 q_bytes=3008 qdelay_l_ms=1.09053 qdelay_c_ms=2.16338 ecn_mark=1290 drop=0
[QUEUE_STATS] t_ms=18032 q_pkts=2 q_bytes=3008 qdelay_l_ms=0 qdelay_c_ms=1.00522 ecn_mark=1290 drop=0
[QUEUE_STATS] t_ms=18048 q_pkts=3 q_bytes=4512 qdelay_l_ms=0 qdelay_c_ms=1.91099 ecn_mark=1290 drop=0
[QUEUE_STATS] t_ms=18064 q_pkts=4 q_bytes=6016 qdelay_l_ms=0.969382 qdelay_c_ms=1.96599 ecn_mark=1291 drop=0
[QUEUE_STATS] t_ms=18080 q_pkts=7 q_bytes=10528 qdelay_l_ms=1.0433 qdelay_c_ms=2.14633 ecn_mark=1293 drop=0
[QUEUE_STATS] t_ms=18096 q_pkts=5 q_bytes=7520 qdelay_l_ms=1.06762 qdelay_c_ms=4.05047 ecn_mark=1293 drop=0
[QUEUE_STATS] t_ms=18112 q_pkts=5 q_bytes=7520 qdelay_l_ms=1.00855 qdelay_c_ms=1.00245 ecn_mark=1294 drop=0
[QUEUE_STATS] t_ms=18128 q_pkts=1 q_bytes=1504 qdelay_l_ms=1.07841 qdelay_c_ms=0 ecn_mark=1294 drop=0
[QUEUE_STATS] t_ms=18144 q_pkts=5 q_bytes=7520 qdelay_l_ms=0.584298 qdelay_c_ms=0.577385 ecn_mark=1294 drop=0
[QUEUE_STATS] t_ms=18160 q_pkts=3 q_bytes=4512 qdelay_l_ms=0 qdelay_c_ms=1.01436 ecn_mark=1296 drop=0
[QUEUE_STATS] t_ms=18176 q_pkts=6 q_bytes=9024 qdelay_l_ms=1.06965 qdelay_c_ms=2.14625 ecn_mark=1296 drop=0
[QUEUE_STATS] t_ms=18192 q_pkts=2 q_bytes=3008 qdelay_l_ms=1.01734 qdelay_c_ms=1.99425 ecn_mark=1296 drop=0
[QUEUE_STATS] t_ms=18208 q_pkts=5 q_bytes=7520 qdelay_l_ms=1.02046 qdelay_c_ms=1.01419 ecn_mark=1297 drop=0
[QUEUE_STATS] t_ms=18224 q_pkts=11 q_bytes=16544 qdelay_l_ms=1.0698 qdelay_c_ms=2.15314 ecn_mark=1297 drop=0
[QUEUE_STATS] t_ms=18240 q_pkts=1 q_bytes=1504 qdelay_l_ms=0 qdelay_c_ms=2.08352 ecn_mark=1299 drop=0
[QUEUE_STATS] t_ms=18256 q_pkts=5 q_bytes=7520 qdelay_l_ms=1.03551 qdelay_c_ms=1.08542 ecn_mark=1300 drop=0
[QUEUE_STATS] t_ms=18272 q_pkts=7 q_bytes=10528 qdelay_l_ms=1.09761 qdelay_c_ms=2.16659 ecn_mark=1300 drop=0
[QUEUE_STATS] t_ms=18288 q_pkts=8 q_bytes=12032 qdelay_l_ms=1.08989 qdelay_c_ms=1.12405 ecn_mark=1301 drop=0
[QUEUE_STATS] t_ms=18304 q_pkts=1 q_bytes=1504 qdelay_l_ms=0.990201 qdelay_c_ms=0 ecn_mark=1302 drop=0
[QUEUE_STATS] t_ms=18320 q_pkts=6 q_bytes=9024 qdelay_l_ms=1.09521 qdelay_c_ms=2.14129 ecn_mark=1303 drop=0
[QUEUE_STATS] t_ms=18336 q_pkts=6 q_bytes=9024 qdelay_l_ms=1.06118 qdelay_c_ms=1.10255 ecn_mark=1304 drop=0
[QUEUE_STATS] t_ms=18352 q_pkts=4 q_bytes=6016 qdelay_l_ms=0.998206 qdelay_c_ms=1.98827 ecn_mark=1304 drop=0
[QUEUE_STATS] t_ms=18368 q_pkts=3 q_bytes=4512 qdelay_l_ms=1.072 qdelay_c_ms=1.06707 ecn_mark=1308 drop=0
[QUEUE_STATS] t_ms=18384 q_pkts=5 q_bytes=7520 qdelay_l_ms=1.0377 qdelay_c_ms=1.03124 ecn_mark=1309 drop=0
[QUEUE_STATS] t_ms=18400 q_pkts=3 q_bytes=4512 qdelay_l_ms=1.02691 qdelay_c_ms=1.01949 ecn_mark=1310 drop=0
[QUEUE_STATS] t_ms=18416 q_pkts=7 q_bytes=10528 qdelay_l_ms=1.08929 qdelay_c_ms=1.08387 ecn_mark=1311 drop=0
[QUEUE_STATS] t_ms=18432 q_pkts=3 q_bytes=4512 qdelay_l_ms=1.03788 qdelay_c_ms=1.03071 ecn_mark=1312 drop=0
[QUEUE_STATS] t_ms=18448 q_pkts=6 q_bytes=9024 qdelay_l_ms=1.04017 qdelay_c_ms=2.0342 ecn_mark=1313 drop=0
[QUEUE_STATS] t_ms=18464 q_pkts=5 q_bytes=7520 qdelay_l_ms=1.07835 qdelay_c_ms=1.09254 ecn_mark=1314 drop=0
[QUEUE_STATS] t_ms=18480 q_pkts=5 q_bytes=7520 qdelay_l_ms=1.05553 qdelay_c_ms=1.07618 ecn_mark=1314 drop=0
[QUEUE_STATS] t_ms=18496 q_pkts=3 q_bytes=4512 qdelay_l_ms=1.06671 qdelay_c_ms=1.08218 ecn_mark=1316 drop=0
[QUEUE_STATS] t_ms=18512 q_pkts=1 q_bytes=1504 qdelay_l_ms=0.998868 qdelay_c_ms=0 ecn_mark=1316 drop=0
[QUEUE_STATS] t_ms=18528 q_pkts=6 q_bytes=9024 qdelay_l_ms=1.0849 qdelay_c_ms=2.14065 ecn_mark=1317 drop=0
[QUEUE_STATS] t_ms=18544 q_pkts=5 q_bytes=7520 qdelay_l_ms=1.02049 qdelay_c_ms=2.12045 ecn_mark=1318 drop=0
[QUEUE_STATS] t_ms=18560 q_pkts=5 q_bytes=7520 qdelay_l_ms=1.06699 qdelay_c_ms=1.11551 ecn_mark=1318 drop=0
[QUEUE_STATS] t_ms=18576 q_pkts=7 q_bytes=10528 qdelay_l_ms=0.99514 qdelay_c_ms=1.99148 ecn_mark=1319 drop=0
[QUEUE_STATS] t_ms=18592 q_pkts=5 q_bytes=7520 qdelay_l_ms=1.00629 qdelay_c_ms=2.00587 ecn_mark=1320 drop=0
[QUEUE_STATS] t_ms=18608 q_pkts=3 q_bytes=4512 qdelay_l_ms=0.043091 qdelay_c_ms=1.10946 ecn_mark=1320 drop=0
[QUEUE_STATS] t_ms=18624 q_pkts=2 q_bytes=3008 qdelay_l_ms=0 qdelay_c_ms=1.09537 ecn_mark=1320 drop=0
[QUEUE_STATS] t_ms=18640 q_pkts=5 q_bytes=7520 qdelay_l_ms=0.988548 qdelay_c_ms=0.978369 ecn_mark=1320 drop=0
[QUEUE_STATS] t_ms=18656 q_pkts=6 q_bytes=9024 qdelay_l_ms=1.00575 qdelay_c_ms=1.97394 ecn_mark=1323 drop=0
[QUEUE_STATS] t_ms=18672 q_pkts=3 q_bytes=4512 qdelay_l_ms=1.07678 qdelay_c_ms=1.07166 ecn_mark=1323 drop=0
[QUEUE_STATS] t_ms=18688 q_pkts=1 q_bytes=1504 qdelay_l_ms=1.09378 qdelay_c_ms=0 ecn_mark=1324 drop=0
[QUEUE_STATS] t_ms=18704 q_pkts=2 q_bytes=3008 qdelay_l_ms=1.06613 qdelay_c_ms=2.1386 ecn_mark=1326 drop=0
[QUEUE_STATS] t_ms=18720 q_pkts=5 q_bytes=7520 qdelay_l_ms=1.06728 qdelay_c_ms=2.15776 ecn_mark=1327 drop=0
[QUEUE_STATS] t_ms=18736 q_pkts=6 q_bytes=9024 qdelay_l_ms=0 qdelay_c_ms=2.17256 ecn_mark=1329 drop=0
[QUEUE_STATS] t_ms=18752 q_pkts=4 q_bytes=6016 qdelay_l_ms=0.965024 qdelay_c_ms=1.99744 ecn_mark=1330 drop=0
[QUEUE_STATS] t_ms=18768 q_pkts=5 q_bytes=7520 qdelay_l_ms=1.11273 qdelay_c_ms=1.10234 ecn_mark=1334 drop=0
[QUEUE_STATS] t_ms=18784 q_pkts=9 q_bytes=13536 qdelay_l_ms=1.06563 qdelay_c_ms=2.2333 ecn_mark=1334 drop=0
[QUEUE_STATS] t_ms=18800 q_pkts=4 q_bytes=6016 qdelay_l_ms=1.0544 qdelay_c_ms=2.03801 ecn_mark=1336 drop=0
[QUEUE_STATS] t_ms=18816 q_pkts=3 q_bytes=4512 qdelay_l_ms=1.0326 qdelay_c_ms=1.02668 ecn_mark=1336 drop=0
[QUEUE_STATS] t_ms=18832 q_pkts=1 q_bytes=1504 qdelay_l_ms=1.07936 qdelay_c_ms=0 ecn_mark=1337 drop=0
[QUEUE_STATS] t_ms=18848 q_pkts=4 q_bytes=6016 qdelay_l_ms=0.964773 qdelay_c_ms=1.92244 ecn_mark=1337 drop=0
[QUEUE_STATS] t_ms=18864 q_pkts=2 q_bytes=3008 qdelay_l_ms=0.992055 qdelay_c_ms=1.9777 ecn_mark=1337 drop=0
[QUEUE_STATS] t_ms=18880 q_pkts=4 q_bytes=6016 qdelay_l_ms=0 qdelay_c_ms=1.00869 ecn_mark=1337 drop=0
[QUEUE_STATS] t_ms=18896 q_pkts=0 q_bytes=0 qdelay_l_ms=0 qdelay_c_ms=0 ecn_mark=1337 drop=0
[QUEUE_STATS] t_ms=18912 q_pkts=6 q_bytes=9024 qdelay_l_ms=1.0949 qdelay_c_ms=2.18601 ecn_mark=1337 drop=0
[QUEUE_STATS] t_ms=18928 q_pkts=1 q_bytes=1504 qdelay_l_ms=1.07432 qdelay_c_ms=0 ecn_mark=1337 drop=0
[QUEUE_STATS] t_ms=18944 q_pkts=7 q_bytes=10528 qdelay_l_ms=0.966326 qdelay_c_ms=0.959814 ecn_mark=1337 drop=0
[QUEUE_STATS] t_ms=18960 q_pkts=3 q_bytes=4512 qdelay_l_ms=1.0801 qdelay_c_ms=1.07456 ecn_mark=1338 drop=0
[QUEUE_STATS] t_ms=18977 q_pkts=3 q_bytes=4512 qdelay_l_ms=1.04609 qdelay_c_ms=1.07713 ecn_mark=1338 drop=0
[QUEUE_STATS] t_ms=18992 q_pkts=0 q_bytes=0 qdelay_l_ms=0 qdelay_c_ms=0 ecn_mark=1339 drop=0
[QUEUE_STATS] t_ms=19008 q_pkts=3 q_bytes=4512 qdelay_l_ms=0.496183 qdelay_c_ms=0.487797 ecn_mark=1340 drop=0
[QUEUE_STATS] t_ms=19024 q_pkts=5 q_bytes=7520 qdelay_l_ms=0.964934 qdelay_c_ms=0.958201 ecn_mark=1341 drop=0
[QUEUE_STATS] t_ms=19040 q_pkts=4 q_bytes=6016 qdelay_l_ms=0 qdelay_c_ms=0.960716 ecn_mark=1341 drop=0
[QUEUE_STATS] t_ms=19056 q_pkts=1 q_bytes=1504 qdelay_l_ms=0.967609 qdelay_c_ms=0 ecn_mark=1343 drop=0
[QUEUE_STATS] t_ms=19072 q_pkts=7 q_bytes=10528 qdelay_l_ms=1.07382 qdelay_c_ms=1.06858 ecn_mark=1346 drop=0
[QUEUE_STATS] t_ms=19088 q_pkts=0 q_bytes=0 qdelay_l_ms=0 qdelay_c_ms=0 ecn_mark=1349 drop=0
[QUEUE_STATS] t_ms=19104 q_pkts=5 q_bytes=7520 qdelay_l_ms=0.968931 qdelay_c_ms=0.961537 ecn_mark=1349 drop=0
[QUEUE_STATS] t_ms=19121 q_pkts=3 q_bytes=4512 qdelay_l_ms=1.06704 qdelay_c_ms=1.06207 ecn_mark=1352 drop=0
[QUEUE_STATS] t_ms=19136 q_pkts=3 q_bytes=4512 qdelay_l_ms=0.985062 qdelay_c_ms=0.97869 ecn_mark=1354 drop=0
[QUEUE_STATS] t_ms=19152 q_pkts=5 q_bytes=7520 qdelay_l_ms=0.969793 qdelay_c_ms=0.963741 ecn_mark=1356 drop=0
[QUEUE_STATS] t_ms=19168 q_pkts=2 q_bytes=3008 qdelay_l_ms=0.960635 qdelay_c_ms=0.967709 ecn_mark=1357 drop=0
[QUEUE_STATS] t_ms=19184 q_pkts=0 q_bytes=0 qdelay_l_ms=0 qdelay_c_ms=0 ecn_mark=1357 drop=0
[QUEUE_STATS] t_ms=19200 q_pkts=3 q_bytes=4512 qdelay_l_ms=1.08602 qdelay_c_ms=1.07927 ecn_mark=1358 drop=0
[QUEUE_STATS] t_ms=19216 q_pkts=1 q_bytes=1504 qdelay_l_ms=0.806065 qdelay_c_ms=0 ecn_mark=1361 drop=0
[QUEUE_STATS] t_ms=19232 q_pkts=3 q_bytes=4512 qdelay_l_ms=1.03187 qdelay_c_ms=1.06518 ecn_mark=1363 drop=0
[QUEUE_STATS] t_ms=19248 q_pkts=1 q_bytes=1504 qdelay_l_ms=1.09072 qdelay_c_ms=0 ecn_mark=1364 drop=0
[QUEUE_STATS] t_ms=19264 q_pkts=1 q_bytes=1504 qdelay_l_ms=1.03419 qdelay_c_ms=0 ecn_mark=1365 drop=0
[QUEUE_STATS] t_ms=19280 q_pkts=3 q_bytes=4512 qdelay_l_ms=1.00974 qdelay_c_ms=1.0036 ecn_mark=1365 drop=0
[QUEUE_STATS] t_ms=19296 q_pkts=6 q_bytes=9024 qdelay_l_ms=1.08951 qdelay_c_ms=2.2146 ecn_mark=1367 drop=0
[QUEUE_STATS] t_ms=19312 q_pkts=1 q_bytes=1504 qdelay_l_ms=1.07131 qdelay_c_ms=0 ecn_mark=1367 drop=0
[QUEUE_STATS] t_ms=19328 q_pkts=1 q_bytes=1504 qdelay_l_ms=1.08132 qdelay_c_ms=0 ecn_mark=1367 drop=0
[QUEUE_STATS] t_ms=19344 q_pkts=0 q_bytes=0 qdelay_l_ms=0 qdelay_c_ms=0 ecn_mark=1368 drop=0
[QUEUE_STATS] t_ms=19360 q_pkts=7 q_bytes=10528 qdelay_l_ms=1.10472 qdelay_c_ms=1.09551 ecn_mark=1368 drop=0
[QUEUE_STATS] t_ms=19376 q_pkts=1 q_bytes=1504 qdelay_l_ms=1.01216 qdelay_c_ms=0 ecn_mark=1368 drop=0
[QUEUE_STATS] t_ms=19392 q_pkts=1 q_bytes=1504 qdelay_l_ms=1.01846 qdelay_c_ms=0 ecn_mark=1368 drop=0
[QUEUE_STATS] t_ms=19408 q_pkts=1 q_bytes=1504 qdelay_l_ms=1.08741 qdelay_c_ms=0 ecn_mark=1369 drop=0
[QUEUE_STATS] t_ms=19424 q_pkts=3 q_bytes=4512 qdelay_l_ms=0.125125 qdelay_c_ms=0.13816 ecn_mark=1369 drop=0
[QUEUE_STATS] t_ms=19440 q_pkts=2 q_bytes=3008 qdelay_l_ms=1.03178 qdelay_c_ms=1.03744 ecn_mark=1370 drop=0
[QUEUE_STATS] t_ms=19456 q_pkts=4 q_bytes=6016 qdelay_l_ms=1.08684 qdelay_c_ms=1.07939 ecn_mark=1371 drop=0
[QUEUE_STATS] t_ms=19472 q_pkts=1 q_bytes=1504 qdelay_l_ms=0.993307 qdelay_c_ms=0 ecn_mark=1371 drop=0
[QUEUE_STATS] t_ms=19488 q_pkts=5 q_bytes=7520 qdelay_l_ms=1.08814 qdelay_c_ms=1.08174 ecn_mark=1372 drop=0
[QUEUE_STATS] t_ms=19504 q_pkts=6 q_bytes=9024 qdelay_l_ms=1.11359 qdelay_c_ms=1.16854 ecn_mark=1372 drop=0
[QUEUE_STATS] t_ms=19520 q_pkts=3 q_bytes=4512 qdelay_l_ms=0.981856 qdelay_c_ms=0.976075 ecn_mark=1372 drop=0
[QUEUE_STATS] t_ms=19536 q_pkts=3 q_bytes=4512 qdelay_l_ms=0.641145 qdelay_c_ms=1.95078 ecn_mark=1373 drop=0
[QUEUE_STATS] t_ms=19552 q_pkts=3 q_bytes=4512 qdelay_l_ms=1.07163 qdelay_c_ms=1.06612 ecn_mark=1376 drop=0
[QUEUE_STATS] t_ms=19568 q_pkts=3 q_bytes=4512 qdelay_l_ms=0.987967 qdelay_c_ms=0.982246 ecn_mark=1376 drop=0
[QUEUE_STATS] t_ms=19584 q_pkts=1 q_bytes=1504 qdelay_l_ms=0.986714 qdelay_c_ms=0 ecn_mark=1377 drop=0
[QUEUE_STATS] t_ms=19600 q_pkts=7 q_bytes=10528 qdelay_l_ms=1.07813 qdelay_c_ms=2.15394 ecn_mark=1378 drop=0
[QUEUE_STATS] t_ms=19616 q_pkts=7 q_bytes=10528 qdelay_l_ms=1.08449 qdelay_c_ms=1.07853 ecn_mark=1379 drop=0
[QUEUE_STATS] t_ms=19632 q_pkts=2 q_bytes=3008 qdelay_l_ms=0 qdelay_c_ms=0.98971 ecn_mark=1380 drop=0
[QUEUE_STATS] t_ms=19648 q_pkts=1 q_bytes=1504 qdelay_l_ms=1.07231 qdelay_c_ms=0 ecn_mark=1380 drop=0
[QUEUE_STATS] t_ms=19664 q_pkts=3 q_bytes=4512 qdelay_l_ms=1.07093 qdelay_c_ms=1.06519 ecn_mark=1381 drop=0
[QUEUE_STATS] t_ms=19680 q_pkts=2 q_bytes=3008 qdelay_l_ms=1.00002 qdelay_c_ms=1.9936 ecn_mark=1381 drop=0
[QUEUE_STATS] t_ms=19696 q_pkts=1 q_bytes=1504 qdelay_l_ms=0.987175 qdelay_c_ms=0 ecn_mark=1381 drop=0
[QUEUE_STATS] t_ms=19712 q_pkts=1 q_bytes=1504 qdelay_l_ms=0.011843 qdelay_c_ms=0 ecn_mark=1382 drop=0
[QUEUE_STATS] t_ms=19728 q_pkts=2 q_bytes=3008 qdelay_l_ms=1.06962 qdelay_c_ms=1.07922 ecn_mark=1382 drop=0
[QUEUE_STATS] t_ms=19745 q_pkts=4 q_bytes=6016 qdelay_l_ms=1.07058 qdelay_c_ms=2.144 ecn_mark=1382 drop=0
[QUEUE_STATS] t_ms=19760 q_pkts=2 q_bytes=3008 qdelay_l_ms=0.986264 qdelay_c_ms=1.94025 ecn_mark=1386 drop=0
[QUEUE_STATS] t_ms=19776 q_pkts=1 q_bytes=1504 qdelay_l_ms=1.06807 qdelay_c_ms=0 ecn_mark=1386 drop=0
[QUEUE_STATS] t_ms=19792 q_pkts=1 q_bytes=1504 qdelay_l_ms=1.06041 qdelay_c_ms=0 ecn_mark=1387 drop=0
[QUEUE_STATS] t_ms=19808 q_pkts=3 q_bytes=4512 qdelay_l_ms=0.97387 qdelay_c_ms=0.992806 ecn_mark=1388 drop=0
[QUEUE_STATS] t_ms=19824 q_pkts=2 q_bytes=3008 qdelay_l_ms=0.942782 qdelay_c_ms=0.934497 ecn_mark=1391 drop=0
[QUEUE_STATS] t_ms=19840 q_pkts=3 q_bytes=4512 qdelay_l_ms=0.482236 qdelay_c_ms=0.502835 ecn_mark=1391 drop=0
[QUEUE_STATS] t_ms=19856 q_pkts=2 q_bytes=3008 qdelay_l_ms=0 qdelay_c_ms=1.06789 ecn_mark=1393 drop=0
[QUEUE_STATS] t_ms=19872 q_pkts=5 q_bytes=7520 qdelay_l_ms=1.09775 qdelay_c_ms=1.09152 ecn_mark=1393 drop=0
[QUEUE_STATS] t_ms=19888 q_pkts=3 q_bytes=4512 qdelay_l_ms=0.993698 qdelay_c_ms=0.986845 ecn_mark=1394 drop=0
[QUEUE_STATS] t_ms=19904 q_pkts=5 q_bytes=7520 qdelay_l_ms=0.993307 qdelay_c_ms=0.986785 ecn_mark=1394 drop=0
[QUEUE_STATS] t_ms=19920 q_pkts=2 q_bytes=3008 qdelay_l_ms=1.08681 qdelay_c_ms=1.07573 ecn_mark=1395 drop=0
[QUEUE_STATS] t_ms=19936 q_pkts=1 q_bytes=1504 qdelay_l_ms=1.08259 qdelay_c_ms=0 ecn_mark=1396 drop=0
[QUEUE_STATS] t_ms=19952 q_pkts=1 q_bytes=1504 qdelay_l_ms=0.983488 qdelay_c_ms=0 ecn_mark=1399 drop=0
[QUEUE_STATS] t_ms=19968 q_pkts=1 q_bytes=1504 qdelay_l_ms=1.08184 qdelay_c_ms=0 ecn_mark=1403 drop=0
[QUEUE_STATS] t_ms=19984 q_pkts=3 q_bytes=4512 qdelay_l_ms=1.08209 qdelay_c_ms=1.07406 ecn_mark=1403 drop=0
[QUEUE_STATS] t_ms=20000 q_pkts=4 q_bytes=6016 qdelay_l_ms=0.997094 qdelay_c_ms=1.94985 ecn_mark=1403 drop=0
[QUEUE_STATS] t_ms=20016 q_pkts=0 q_bytes=0 qdelay_l_ms=0 qdelay_c_ms=0 ecn_mark=1405 drop=0
[QUEUE_STATS] t_ms=20032 q_pkts=1 q_bytes=1504 qdelay_l_ms=1.06848 qdelay_c_ms=0 ecn_mark=1406 drop=0
[QUEUE_STATS] t_ms=20048 q_pkts=4 q_bytes=6016 qdelay_l_ms=1.08372 qdelay_c_ms=1.07845 ecn_mark=1407 drop=0
[QUEUE_STATS] t_ms=20064 q_pkts=6 q_bytes=9024 qdelay_l_ms=0.955616 qdelay_c_ms=2.94694 ecn_mark=1408 drop=0
[QUEUE_STATS] t_ms=20080 q_pkts=1 q_bytes=1504 qdelay_l_ms=1.07177 qdelay_c_ms=0 ecn_mark=1409 drop=0
[QUEUE_STATS] t_ms=20096 q_pkts=5 q_bytes=7520 qdelay_l_ms=1.07639 qdelay_c_ms=1.07109 ecn_mark=1410 drop=0
[QUEUE_STATS] t_ms=20112 q_pkts=1 q_bytes=1504 qdelay_l_ms=1.02011 qdelay_c_ms=0 ecn_mark=1410 drop=0
[QUEUE_STATS] t_ms=20128 q_pkts=0 q_bytes=0 qdelay_l_ms=0 qdelay_c_ms=0 ecn_mark=1410 drop=0
[QUEUE_STATS] t_ms=20144 q_pkts=1 q_bytes=1504 qdelay_l_ms=1.07541 qdelay_c_ms=0 ecn_mark=1412 drop=0
[QUEUE_STATS] t_ms=20160 q_pkts=4 q_bytes=6016 qdelay_l_ms=1.07245 qdelay_c_ms=1.06709 ecn_mark=1413 drop=0
[QUEUE_STATS] t_ms=20176 q_pkts=2 q_bytes=3008 qdelay_l_ms=0 qdelay_c_ms=1.96409 ecn_mark=1414 drop=0
[QUEUE_STATS] t_ms=20192 q_pkts=0 q_bytes=0 qdelay_l_ms=0 qdelay_c_ms=0 ecn_mark=1415 drop=0
[QUEUE_STATS] t_ms=20208 q_pkts=1 q_bytes=1504 qdelay_l_ms=1.01199 qdelay_c_ms=0 ecn_mark=1417 drop=0
[QUEUE_STATS] t_ms=20224 q_pkts=5 q_bytes=7520 qdelay_l_ms=1.01699 qdelay_c_ms=1.01056 ecn_mark=1417 drop=0
[QUEUE_STATS] t_ms=20240 q_pkts=5 q_bytes=7520 qdelay_l_ms=0.986274 qdelay_c_ms=0.979551 ecn_mark=1417 drop=0
[QUEUE_STATS] t_ms=20256 q_pkts=1 q_bytes=1504 qdelay_l_ms=0.012764 qdelay_c_ms=0 ecn_mark=1418 drop=0
[QUEUE_STATS] t_ms=20272 q_pkts=2 q_bytes=3008 qdelay_l_ms=1.06689 qdelay_c_ms=2.14132 ecn_mark=1419 drop=0
[QUEUE_STATS] t_ms=20288 q_pkts=3 q_bytes=4512 qdelay_l_ms=1.04968 qdelay_c_ms=2.16247 ecn_mark=1420 drop=0
[QUEUE_STATS] t_ms=20304 q_pkts=1 q_bytes=1504 qdelay_l_ms=1.07256 qdelay_c_ms=0 ecn_mark=1422 drop=0
[QUEUE_STATS] t_ms=20320 q_pkts=1 q_bytes=1504 qdelay_l_ms=1.06082 qdelay_c_ms=0 ecn_mark=1422 drop=0
[QUEUE_STATS] t_ms=20336 q_pkts=5 q_bytes=7520 qdelay_l_ms=1.01636 qdelay_c_ms=1.0098 ecn_mark=1423 drop=0
[QUEUE_STATS] t_ms=20352 q_pkts=3 q_bytes=4512 qdelay_l_ms=0.984009 qdelay_c_ms=0.975613 ecn_mark=1423 drop=0
[QUEUE_STATS] t_ms=20368 q_pkts=1 q_bytes=1504 qdelay_l_ms=0.991063 qdelay_c_ms=0 ecn_mark=1423 drop=0
[QUEUE_STATS] t_ms=20384 q_pkts=8 q_bytes=12032 qdelay_l_ms=1.0578 qdelay_c_ms=1.04995 ecn_mark=1425 drop=0
[QUEUE_STATS] t_ms=20400 q_pkts=8 q_bytes=12032 qdelay_l_ms=1.0443 qdelay_c_ms=1.06749 ecn_mark=1425 drop=0
[QUEUE_STATS] t_ms=20416 q_pkts=1 q_bytes=1504 qdelay_l_ms=1.07719 qdelay_c_ms=0 ecn_mark=1426 drop=0
[QUEUE_STATS] t_ms=20432 q_pkts=1 q_bytes=1504 qdelay_l_ms=0.979321 qdelay_c_ms=0 ecn_mark=1427 drop=0
[QUEUE_STATS] t_ms=20448 q_pkts=3 q_bytes=4512 qdelay_l_ms=1.08333 qdelay_c_ms=1.07368 ecn_mark=1428 drop=0
[QUEUE_STATS] t_ms=20464 q_pkts=3 q_bytes=4512 qdelay_l_ms=1.08679 qdelay_c_ms=1.08051 ecn_mark=1430 drop=0
[QUEUE_STATS] t_ms=20480 q_pkts=8 q_bytes=12032 qdelay_l_ms=1.08117 qdelay_c_ms=1.07643 ecn_mark=1431 drop=0
[QUEUE_STATS] t_ms=20496 q_pkts=4 q_bytes=6016 qdelay_l_ms=1.0233 qdelay_c_ms=1.01684 ecn_mark=1432 drop=0
[QUEUE_STATS] t_ms=20512 q_pkts=3 q_bytes=4512 qdelay_l_ms=1.07251 qdelay_c_ms=2.10903 ecn_mark=1432 drop=0
[QUEUE_STATS] t_ms=20528 q_pkts=3 q_bytes=4512 qdelay_l_ms=1.01667 qdelay_c_ms=1.03664 ecn_mark=1433 drop=0
[QUEUE_STATS] t_ms=20545 q_pkts=3 q_bytes=4512 qdelay_l_ms=1.06219 qdelay_c_ms=1.08384 ecn_mark=1436 drop=0
[QUEUE_STATS] t_ms=20560 q_pkts=3 q_bytes=4512 qdelay_l_ms=0.990722 qdelay_c_ms=0.980022 ecn_mark=1436 drop=0
[QUEUE_STATS] t_ms=20576 q_pkts=5 q_bytes=7520 qdelay_l_ms=1.11509 qdelay_c_ms=1.10329 ecn_mark=1436 drop=0
[QUEUE_STATS] t_ms=20592 q_pkts=1 q_bytes=1504 qdelay_l_ms=0.992806 qdelay_c_ms=0 ecn_mark=1437 drop=0
[QUEUE_STATS] t_ms=20608 q_pkts=2 q_bytes=3008 qdelay_l_ms=1.06652 qdelay_c_ms=1.06123 ecn_mark=1439 drop=0
[QUEUE_STATS] t_ms=20624 q_pkts=2 q_bytes=3008 qdelay_l_ms=1.00899 qdelay_c_ms=1.98463 ecn_mark=1439 drop=0
[QUEUE_STATS] t_ms=20640 q_pkts=5 q_bytes=7520 qdelay_l_ms=1.08662 qdelay_c_ms=1.08094 ecn_mark=1440 drop=0
[QUEUE_STATS] t_ms=20656 q_pkts=1 q_bytes=1504 qdelay_l_ms=0.513234 qdelay_c_ms=0 ecn_mark=1441 drop=0
[QUEUE_STATS] t_ms=20672 q_pkts=3 q_bytes=4512 qdelay_l_ms=1.06398 qdelay_c_ms=1.07445 ecn_mark=1443 drop=0
[QUEUE_STATS] t_ms=20688 q_pkts=1 q_bytes=1504 qdelay_l_ms=0.97909 qdelay_c_ms=0 ecn_mark=1443 drop=0
[QUEUE_STATS] t_ms=20704 q_pkts=3 q_bytes=4512 qdelay_l_ms=1.07253 qdelay_c_ms=1.06776 ecn_mark=1443 drop=0
[QUEUE_STATS] t_ms=20720 q_pkts=1 q_bytes=1504 qdelay_l_ms=1.03113 qdelay_c_ms=0 ecn_mark=1443 drop=0
[QUEUE_STATS] t_ms=20736 q_pkts=8 q_bytes=12032 qdelay_l_ms=0.796186 qdelay_c_ms=2.86348 ecn_mark=1444 drop=0
[QUEUE_STATS] t_ms=20752 q_pkts=1 q_bytes=1504 qdelay_l_ms=0.988167 qdelay_c_ms=0 ecn_mark=1445 drop=0
[QUEUE_STATS] t_ms=20768 q_pkts=5 q_bytes=7520 qdelay_l_ms=1.07231 qdelay_c_ms=1.06431 ecn_mark=1447 drop=0
[QUEUE_STATS] t_ms=20784 q_pkts=5 q_bytes=7520 qdelay_l_ms=0.990291 qdelay_c_ms=0.98432 ecn_mark=1448 drop=0
[QUEUE_STATS] t_ms=20800 q_pkts=3 q_bytes=4512 qdelay_l_ms=0.995341 qdelay_c_ms=0.988308 ecn_mark=1450 drop=0
[QUEUE_STATS] t_ms=20816 q_pkts=5 q_bytes=7520 qdelay_l_ms=0.973099 qdelay_c_ms=0.993668 ecn_mark=1451 drop=0
[QUEUE_STATS] t_ms=20833 q_pkts=0 q_bytes=0 qdelay_l_ms=0 qdelay_c_ms=0 ecn_mark=1452 drop=0
[QUEUE_STATS] t_ms=20848 q_pkts=3 q_bytes=4512 qdelay_l_ms=1.07462 qdelay_c_ms=1.06859 ecn_mark=1453 drop=0
[QUEUE_STATS] t_ms=20864 q_pkts=7 q_bytes=10528 qdelay_l_ms=0.954845 qdelay_c_ms=1.9629 ecn_mark=1456 drop=0
[QUEUE_STATS] t_ms=20880 q_pkts=1 q_bytes=1504 qdelay_l_ms=1.04772 qdelay_c_ms=0 ecn_mark=1456 drop=0
[QUEUE_STATS] t_ms=20896 q_pkts=1 q_bytes=1504 qdelay_l_ms=1.07428 qdelay_c_ms=0 ecn_mark=1457 drop=0
[QUEUE_STATS] t_ms=20912 q_pkts=6 q_bytes=9024 qdelay_l_ms=0.965545 qdelay_c_ms=1.89098 ecn_mark=1458 drop=0
[QUEUE_STATS] t_ms=20928 q_pkts=4 q_bytes=6016 qdelay_l_ms=0.970855 qdelay_c_ms=1.95255 ecn_mark=1458 drop=0
[QUEUE_STATS] t_ms=20944 q_pkts=6 q_bytes=9024 qdelay_l_ms=0.656714 qdelay_c_ms=2.18011 ecn_mark=1458 drop=0
[QUEUE_STATS] t_ms=20961 q_pkts=5 q_bytes=7520 qdelay_l_ms=1.07777 qdelay_c_ms=1.07193 ecn_mark=1459 drop=0
[QUEUE_STATS] t_ms=20976 q_pkts=1 q_bytes=1504 qdelay_l_ms=1.07029 qdelay_c_ms=0 ecn_mark=1459 drop=0
[QUEUE_STATS] t_ms=20992 q_pkts=7 q_bytes=10528 qdelay_l_ms=1.1165 qdelay_c_ms=2.08018 ecn_mark=1460 drop=0
[QUEUE_STATS] t_ms=21008 q_pkts=3 q_bytes=4512 qdelay_l_ms=1.05861 qdelay_c_ms=1.05267 ecn_mark=1461 drop=0
[QUEUE_STATS] t_ms=21024 q_pkts=4 q_bytes=6016 qdelay_l_ms=1.08271 qdelay_c_ms=1.07607 ecn_mark=1461 drop=0
[QUEUE_STATS] t_ms=21040 q_pkts=5 q_bytes=7520 qdelay_l_ms=0.981374 qdelay_c_ms=1.96413 ecn_mark=1461 drop=0
[QUEUE_STATS] t_ms=21056 q_pkts=5 q_bytes=7520 qdelay_l_ms=1.10185 qdelay_c_ms=1.09281 ecn_mark=1461 drop=0
[QUEUE_STATS] t_ms=21072 q_pkts=6 q_bytes=9024 qdelay_l_ms=1.08974 qdelay_c_ms=2.15341 ecn_mark=1461 drop=0
[QUEUE_STATS] t_ms=21088 q_pkts=0 q_bytes=0 qdelay_l_ms=0 qdelay_c_ms=0 ecn_mark=1463 drop=0
[QUEUE_STATS] t_ms=21104 q_pkts=1 q_bytes=1504 qdelay_l_ms=1.08652 qdelay_c_ms=0 ecn_mark=1464 drop=0
[QUEUE_STATS] t_ms=21120 q_pkts=4 q_bytes=6016 qdelay_l_ms=1.05637 qdelay_c_ms=2.11245 ecn_mark=1465 drop=0
[QUEUE_STATS] t_ms=21136 q_pkts=3 q_bytes=4512 qdelay_l_ms=1.07542 qdelay_c_ms=1.09674 ecn_mark=1467 drop=0
[QUEUE_STATS] t_ms=21152 q_pkts=2 q_bytes=3008 qdelay_l_ms=0.964744 qdelay_c_ms=1.89475 ecn_mark=1469 drop=0
[QUEUE_STATS] t_ms=21169 q_pkts=5 q_bytes=7520 qdelay_l_ms=1.07078 qdelay_c_ms=2.21525 ecn_mark=1471 drop=0
[QUEUE_STATS] t_ms=21184 q_pkts=6 q_bytes=9024 qdelay_l_ms=0.998025 qdelay_c_ms=0.991253 ecn_mark=1471 drop=0
[QUEUE_STATS] t_ms=21200 q_pkts=4 q_bytes=6016 qdelay_l_ms=0.970424 qdelay_c_ms=1.90272 ecn_mark=1472 drop=0
[QUEUE_STATS] t_ms=21216 q_pkts=3 q_bytes=4512 qdelay_l_ms=0.712819 qdelay_c_ms=0.705856 ecn_mark=1473 drop=0
[QUEUE_STATS] t_ms=21232 q_pkts=0 q_bytes=0 qdelay_l_ms=0 qdelay_c_ms=0 ecn_mark=1473 drop=0
[QUEUE_STATS] t_ms=21248 q_pkts=8 q_bytes=12032 qdelay_l_ms=1.10645 qdelay_c_ms=1.10051 ecn_mark=1473 drop=0
[QUEUE_STATS] t_ms=21264 q_pkts=5 q_bytes=7520 qdelay_l_ms=1.09014 qdelay_c_ms=1.08354 ecn_mark=1475 drop=0
[QUEUE_STATS] t_ms=21280 q_pkts=3 q_bytes=4512 qdelay_l_ms=0.908939 qdelay_c_ms=0.919749 ecn_mark=1475 drop=0
[QUEUE_STATS] t_ms=21296 q_pkts=3 q_bytes=4512 qdelay_l_ms=0.966847 qdelay_c_ms=0.959984 ecn_mark=1476 drop=0
[QUEUE_STATS] t_ms=21312 q_pkts=3 q_bytes=4512 qdelay_l_ms=1.06507 qdelay_c_ms=1.08427 ecn_mark=1476 drop=0
[QUEUE_STATS] t_ms=21328 q_pkts=0 q_bytes=0 qdelay_l_ms=0 qdelay_c_ms=0 ecn_mark=1477 drop=0
[QUEUE_STATS] t_ms=21344 q_pkts=4 q_bytes=6016 qdelay_l_ms=1.03983 qdelay_c_ms=1.03472 ecn_mark=1477 drop=0
[QUEUE_STATS] t_ms=21360 q_pkts=1 q_bytes=1504 qdelay_l_ms=1.06879 qdelay_c_ms=0 ecn_mark=1480 drop=0
[QUEUE_STATS] t_ms=21376 q_pkts=2 q_bytes=3008 qdelay_l_ms=0 qdelay_c_ms=1.05924 ecn_mark=1481 drop=0
[QUEUE_STATS] t_ms=21392 q_pkts=2 q_bytes=3008 qdelay_l_ms=1.08965 qdelay_c_ms=0 ecn_mark=1481 drop=0
[QUEUE_STATS] t_ms=21408 q_pkts=2 q_bytes=3008 qdelay_l_ms=0.967298 qdelay_c_ms=0.961177 ecn_mark=1481 drop=0
[QUEUE_STATS] t_ms=21424 q_pkts=1 q_bytes=1504 qdelay_l_ms=0.968841 qdelay_c_ms=0 ecn_mark=1481 drop=0
[QUEUE_STATS] t_ms=21440 q_pkts=5 q_bytes=7520 qdelay_l_ms=1.06167 qdelay_c_ms=1.0801 ecn_mark=1483 drop=0
[QUEUE_STATS] t_ms=21456 q_pkts=3 q_bytes=4512 qdelay_l_ms=1.07646 qdelay_c_ms=1.09453 ecn_mark=1483 drop=0
[QUEUE_STATS] t_ms=21472 q_pkts=3 q_bytes=4512 qdelay_l_ms=0.969552 qdelay_c_ms=0.964112 ecn_mark=1484 drop=0
[QUEUE_STATS] t_ms=21488 q_pkts=1 q_bytes=1504 qdelay_l_ms=1.05696 qdelay_c_ms=0 ecn_mark=1485 drop=0
[QUEUE_STATS] t_ms=21504 q_pkts=6 q_bytes=9024 qdelay_l_ms=0.938964 qdelay_c_ms=1.85167 ecn_mark=1487 drop=0
[QUEUE_STATS] t_ms=21520 q_pkts=3 q_bytes=4512 qdelay_l_ms=0.700907 qdelay_c_ms=0.711467 ecn_mark=1488 drop=0
[QUEUE_STATS] t_ms=21536 q_pkts=3 q_bytes=4512 qdelay_l_ms=1.08871 qdelay_c_ms=1.08136 ecn_mark=1490 drop=0
[QUEUE_STATS] t_ms=21552 q_pkts=3 q_bytes=4512 qdelay_l_ms=0 qdelay_c_ms=2.0139 ecn_mark=1491 drop=0
[QUEUE_STATS] t_ms=21568 q_pkts=1 q_bytes=1504 qdelay_l_ms=1.06669 qdelay_c_ms=0 ecn_mark=1491 drop=0
[QUEUE_STATS] t_ms=21584 q_pkts=6 q_bytes=9024 qdelay_l_ms=1.09065 qdelay_c_ms=1.08296 ecn_mark=1491 drop=0
[QUEUE_STATS] t_ms=21600 q_pkts=1 q_bytes=1504 qdelay_l_ms=0.802509 qdelay_c_ms=0 ecn_mark=1492 drop=0
[QUEUE_STATS] t_ms=21616 q_pkts=1 q_bytes=1504 qdelay_l_ms=1.07351 qdelay_c_ms=0 ecn_mark=1494 drop=0
[QUEUE_STATS] t_ms=21632 q_pkts=5 q_bytes=7520 qdelay_l_ms=0.461468 qdelay_c_ms=0.490933 ecn_mark=1496 drop=0
[QUEUE_STATS] t_ms=21648 q_pkts=2 q_bytes=3008 qdelay_l_ms=1.06345 qdelay_c_ms=2.16136 ecn_mark=1497 drop=0
[QUEUE_STATS] t_ms=21664 q_pkts=3 q_bytes=4512 qdelay_l_ms=0.948312 qdelay_c_ms=0.942842 ecn_mark=1500 drop=0
[QUEUE_STATS] t_ms=21680 q_pkts=7 q_bytes=10528 qdelay_l_ms=0.502044 qdelay_c_ms=0.493137 ecn_mark=1502 drop=0
[QUEUE_STATS] t_ms=21696 q_pkts=1 q_bytes=1504 qdelay_l_ms=1.08264 qdelay_c_ms=0 ecn_mark=1503 drop=0
[QUEUE_STATS] t_ms=21712 q_pkts=4 q_bytes=6016 qdelay_l_ms=1.08832 qdelay_c_ms=2.12898 ecn_mark=1505 drop=0
[QUEUE_STATS] t_ms=21728 q_pkts=4 q_bytes=6016 qdelay_l_ms=1.08854 qdelay_c_ms=1.08238 ecn_mark=1506 drop=0
[QUEUE_STATS] t_ms=21744 q_pkts=2 q_bytes=3008 qdelay_l_ms=1.03687 qdelay_c_ms=1.03128 ecn_mark=1509 drop=0
[QUEUE_STATS] t_ms=21760 q_pkts=2 q_bytes=3008 qdelay_l_ms=1.08993 qdelay_c_ms=2.01445 ecn_mark=1509 drop=0
[QUEUE_STATS] t_ms=21776 q_pkts=5 q_bytes=7520 qdelay_l_ms=1.0745 qdelay_c_ms=1.06929 ecn_mark=1510 drop=0
[QUEUE_STATS] t_ms=21792 q_pkts=1 q_bytes=1504 qdelay_l_ms=1.07017 qdelay_c_ms=0 ecn_mark=1510 drop=0
[QUEUE_STATS] t_ms=21808 q_pkts=4 q_bytes=6016 qdelay_l_ms=0.945577 qdelay_c_ms=0.956047 ecn_mark=1511 drop=0
[QUEUE_STATS] t_ms=21824 q_pkts=1 q_bytes=1504 qdelay_l_ms=0.969141 qdelay_c_ms=0 ecn_mark=1512 drop=0
[QUEUE_STATS] t_ms=21840 q_pkts=0 q_bytes=0 qdelay_l_ms=0 qdelay_c_ms=0 ecn_mark=1513 drop=0
[QUEUE_STATS] t_ms=21856 q_pkts=5 q_bytes=7520 qdelay_l_ms=0.50554 qdelay_c_ms=0.499428 ecn_mark=1513 drop=0
[QUEUE_STATS] t_ms=21872 q_pkts=3 q_bytes=4512 qdelay_l_ms=1.06046 qdelay_c_ms=1.08095 ecn_mark=1513 drop=0
[QUEUE_STATS] t_ms=21888 q_pkts=4 q_bytes=6016 qdelay_l_ms=0.955075 qdelay_c_ms=2.88056 ecn_mark=1513 drop=0
[QUEUE_STATS] t_ms=21904 q_pkts=2 q_bytes=3008 qdelay_l_ms=0.980744 qdelay_c_ms=2.10543 ecn_mark=1514 drop=0
[QUEUE_STATS] t_ms=21920 q_pkts=0 q_bytes=0 qdelay_l_ms=0 qdelay_c_ms=0 ecn_mark=1516 drop=0
[QUEUE_STATS] t_ms=21936 q_pkts=2 q_bytes=3008 qdelay_l_ms=0.94661 qdelay_c_ms=0 ecn_mark=1516 drop=0
[QUEUE_STATS] t_ms=21952 q_pkts=3 q_bytes=4512 qdelay_l_ms=1.08077 qdelay_c_ms=1.0746 ecn_mark=1516 drop=0
[QUEUE_STATS] t_ms=21968 q_pkts=5 q_bytes=7520 qdelay_l_ms=0.933374 qdelay_c_ms=0.922544 ecn_mark=1517 drop=0
[QUEUE_STATS] t_ms=21984 q_pkts=5 q_bytes=7520 qdelay_l_ms=0 qdelay_c_ms=1.85095 ecn_mark=1518 drop=0
[QUEUE_STATS] t_ms=22000 q_pkts=2 q_bytes=3008 qdelay_l_ms=0.964152 qdelay_c_ms=0.958551 ecn_mark=1518 drop=0
[QUEUE_STATS] t_ms=22016 q_pkts=4 q_bytes=6016 qdelay_l_ms=0.967207 qdelay_c_ms=1.90622 ecn_mark=1518 drop=0
[QUEUE_STATS] t_ms=22032 q_pkts=1 q_bytes=1504 qdelay_l_ms=0.946829 qdelay_c_ms=0 ecn_mark=1518 drop=0
[QUEUE_STATS] t_ms=22048 q_pkts=1 q_bytes=1504 qdelay_l_ms=1.077 qdelay_c_ms=0 ecn_mark=1518 drop=0
[QUEUE_STATS] t_ms=22064 q_pkts=5 q_bytes=7520 qdelay_l_ms=1.08455 qdelay_c_ms=1.07862 ecn_mark=1519 drop=0
[QUEUE_STATS] t_ms=22080 q_pkts=3 q_bytes=4512 qdelay_l_ms=0.898479 qdelay_c_ms=0.917114 ecn_mark=1520 drop=0
[QUEUE_STATS] t_ms=22096 q_pkts=3 q_bytes=4512 qdelay_l_ms=1.05386 qdelay_c_ms=1.07519 ecn_mark=1520 drop=0
[QUEUE_STATS] t_ms=22112 q_pkts=8 q_bytes=12032 qdelay_l_ms=0.77646 qdelay_c_ms=1.87056 ecn_mark=1521 drop=0
[QUEUE_STATS] t_ms=22128 q_pkts=1 q_bytes=1504 qdelay_l_ms=0.918206 qdelay_c_ms=0 ecn_mark=1521 drop=0
[QUEUE_STATS] t_ms=22144 q_pkts=7 q_bytes=10528 qdelay_l_ms=1.06638 qdelay_c_ms=3.25605 ecn_mark=1522 drop=0
[QUEUE_STATS] t_ms=22161 q_pkts=0 q_bytes=0 qdelay_l_ms=0 qdelay_c_ms=0 ecn_mark=1524 drop=0
[QUEUE_STATS] t_ms=22176 q_pkts=2 q_bytes=3008 qdelay_l_ms=1.06402 qdelay_c_ms=1.07128 ecn_mark=1524 drop=0
[QUEUE_STATS] t_ms=22192 q_pkts=1 q_bytes=1504 qdelay_l_ms=0.948162 qdelay_c_ms=0 ecn_mark=1524 drop=0
[QUEUE_STATS] t_ms=22208 q_pkts=2 q_bytes=3008 qdelay_l_ms=1.06227 qdelay_c_ms=2.8703 ecn_mark=1527 drop=0
[QUEUE_STATS] t_ms=22224 q_pkts=2 q_bytes=3008 qdelay_l_ms=1.06984 qdelay_c_ms=1.07568 ecn_mark=1528 drop=0
[QUEUE_STATS] t_ms=22240 q_pkts=4 q_bytes=6016 qdelay_l_ms=0.942541 qdelay_c_ms=1.84283 ecn_mark=1528 drop=0
[QUEUE_STATS] t_ms=22256 q_pkts=2 q_bytes=3008 qdelay_l_ms=1.06681 qdelay_c_ms=1.07221 ecn_mark=1528 drop=0
[QUEUE_STATS] t_ms=22272 q_pkts=5 q_bytes=7520 qdelay_l_ms=1.09084 qdelay_c_ms=1.08153 ecn_mark=1529 drop=0
[QUEUE_STATS] t_ms=22288 q_pkts=0 q_bytes=0 qdelay_l_ms=0 qdelay_c_ms=0 ecn_mark=1530 drop=0
[QUEUE_STATS] t_ms=22304 q_pkts=7 q_bytes=10528 qdelay_l_ms=1.06683 qdelay_c_ms=1.09941 ecn_mark=1530 drop=0
[QUEUE_STATS] t_ms=22320 q_pkts=4 q_bytes=6016 qdelay_l_ms=1.0857 qdelay_c_ms=1.07955 ecn_mark=1532 drop=0
[QUEUE_STATS] t_ms=22336 q_pkts=2 q_bytes=3008 qdelay_l_ms=0.544383 qdelay_c_ms=1.58908 ecn_mark=1532 drop=0
[QUEUE_STATS] t_ms=22352 q_pkts=1 q_bytes=1504 qdelay_l_ms=0 qdelay_c_ms=0.015599 ecn_mark=1533 drop=0
[QUEUE_STATS] t_ms=22368 q_pkts=2 q_bytes=3008 qdelay_l_ms=1.07391 qdelay_c_ms=1.84631 ecn_mark=1533 drop=0
[QUEUE_STATS] t_ms=22384 q_pkts=3 q_bytes=4512 qdelay_l_ms=1.06664 qdelay_c_ms=1.08326 ecn_mark=1533 drop=0
[QUEUE_STATS] t_ms=22400 q_pkts=6 q_bytes=9024 qdelay_l_ms=1.05202 qdelay_c_ms=2.1742 ecn_mark=1534 drop=0
[QUEUE_STATS] t_ms=22416 q_pkts=1 q_bytes=1504 qdelay_l_ms=0.502605 qdelay_c_ms=0 ecn_mark=1534 drop=0
[QUEUE_STATS] t_ms=22432 q_pkts=2 q_bytes=3008 qdelay_l_ms=0.921141 qdelay_c_ms=1.77672 ecn_mark=1534 drop=0
[QUEUE_STATS] t_ms=22448 q_pkts=5 q_bytes=7520 qdelay_l_ms=1.08599 qdelay_c_ms=1.08093 ecn_mark=1536 drop=0
[QUEUE_STATS] t_ms=22464 q_pkts=1 q_bytes=1504 qdelay_l_ms=0.923014 qdelay_c_ms=0 ecn_mark=1536 drop=0
[QUEUE_STATS] t_ms=22480 q_pkts=9 q_bytes=13536 qdelay_l_ms=0.928535 qdelay_c_ms=1.74328 ecn_mark=1537 drop=0
[QUEUE_STATS] t_ms=22496 q_pkts=1 q_bytes=1504 qdelay_l_ms=0.920059 qdelay_c_ms=0 ecn_mark=1538 drop=0
[QUEUE_STATS] t_ms=22512 q_pkts=2 q_bytes=3008 qdelay_l_ms=1.06628 qdelay_c_ms=1.06137 ecn_mark=1538 drop=0
[QUEUE_STATS] t_ms=22528 q_pkts=6 q_bytes=9024 qdelay_l_ms=1.06832 qdelay_c_ms=2.16602 ecn_mark=1539 drop=0
[QUEUE_STATS] t_ms=22544 q_pkts=1 q_bytes=1504 qdelay_l_ms=1.05968 qdelay_c_ms=0 ecn_mark=1541 drop=0
[QUEUE_STATS] t_ms=22560 q_pkts=3 q_bytes=4512 qdelay_l_ms=0.921752 qdelay_c_ms=0.916011 ecn_mark=1542 drop=0
[QUEUE_STATS] t_ms=22576 q_pkts=5 q_bytes=7520 qdelay_l_ms=0.900903 qdelay_c_ms=0.895543 ecn_mark=1542 drop=0
[QUEUE_STATS] t_ms=22592 q_pkts=3 q_bytes=4512 qdelay_l_ms=1.06612 qdelay_c_ms=1.08554 ecn_mark=1542 drop=0
[QUEUE_STATS] t_ms=22608 q_pkts=3 q_bytes=4512 qdelay_l_ms=0 qdelay_c_ms=2.17338 ecn_mark=1542 drop=0
[QUEUE_STATS] t_ms=22624 q_pkts=1 q_bytes=1504 qdelay_l_ms=1.07111 qdelay_c_ms=0 ecn_mark=1542 drop=0
[QUEUE_STATS] t_ms=22640 q_pkts=3 q_bytes=4512 qdelay_l_ms=0.881046 qdelay_c_ms=0.875084 ecn_mark=1542 drop=0
[QUEUE_STATS] t_ms=22656 q_pkts=4 q_bytes=6016 qdelay_l_ms=1.03506 qdelay_c_ms=2.14559 ecn_mark=1543 drop=0
[QUEUE_STATS] t_ms=22672 q_pkts=4 q_bytes=6016 qdelay_l_ms=1.08999 qdelay_c_ms=1.08316 ecn_mark=1543 drop=0
[QUEUE_STATS] t_ms=22688 q_pkts=1 q_bytes=1504 qdelay_l_ms=0.885444 qdelay_c_ms=0 ecn_mark=1544 drop=0
[QUEUE_STATS] t_ms=22704 q_pkts=5 q_bytes=7520 qdelay_l_ms=1.03331 qdelay_c_ms=1.06517 ecn_mark=1545 drop=0
[QUEUE_STATS] t_ms=22720 q_pkts=3 q_bytes=4512 qdelay_l_ms=1.07273 qdelay_c_ms=1.0677 ecn_mark=1545 drop=0
[QUEUE_STATS] t_ms=22736 q_pkts=4 q_bytes=6016 qdelay_l_ms=0.437433 qdelay_c_ms=1.55545 ecn_mark=1547 drop=0
[QUEUE_STATS] t_ms=22752 q_pkts=2 q_bytes=3008 qdelay_l_ms=0.857161 qdelay_c_ms=0.863223 ecn_mark=1547 drop=0
[QUEUE_STATS] t_ms=22768 q_pkts=2 q_bytes=3008 qdelay_l_ms=1.07703 qdelay_c_ms=1.08371 ecn_mark=1548 drop=0
[QUEUE_STATS] t_ms=22784 q_pkts=3 q_bytes=4512 qdelay_l_ms=1.08484 qdelay_c_ms=1.76666 ecn_mark=1548 drop=0
[QUEUE_STATS] t_ms=22800 q_pkts=3 q_bytes=4512 qdelay_l_ms=1.06 qdelay_c_ms=1.07715 ecn_mark=1548 drop=0
[QUEUE_STATS] t_ms=22816 q_pkts=3 q_bytes=4512 qdelay_l_ms=1.08567 qdelay_c_ms=1.079 ecn_mark=1548 drop=0
[QUEUE_STATS] t_ms=22832 q_pkts=6 q_bytes=9024 qdelay_l_ms=0.983899 qdelay_c_ms=2.05716 ecn_mark=1548 drop=0
[QUEUE_STATS] t_ms=22848 q_pkts=3 q_bytes=4512 qdelay_l_ms=0.924468 qdelay_c_ms=0.918707 ecn_mark=1548 drop=0
[QUEUE_STATS] t_ms=22864 q_pkts=4 q_bytes=6016 qdelay_l_ms=1.08888 qdelay_c_ms=2.12639 ecn_mark=1549 drop=0
[QUEUE_STATS] t_ms=22880 q_pkts=1 q_bytes=1504 qdelay_l_ms=0.464283 qdelay_c_ms=0 ecn_mark=1550 drop=0
[QUEUE_STATS] t_ms=22896 q_pkts=2 q_bytes=3008 qdelay_l_ms=0 qdelay_c_ms=0.839017 ecn_mark=1550 drop=0
[QUEUE_STATS] t_ms=22912 q_pkts=4 q_bytes=6016 qdelay_l_ms=1.08585 qdelay_c_ms=1.07924 ecn_mark=1550 drop=0
[QUEUE_STATS] t_ms=22928 q_pkts=3 q_bytes=4512 qdelay_l_ms=1.08717 qdelay_c_ms=1.08055 ecn_mark=1551 drop=0
[QUEUE_STATS] t_ms=22944 q_pkts=4 q_bytes=6016 qdelay_l_ms=0.851189 qdelay_c_ms=0.845879 ecn_mark=1552 drop=0
[QUEUE_STATS] t_ms=22960 q_pkts=3 q_bytes=4512 qdelay_l_ms=1.06619 qdelay_c_ms=1.0868 ecn_mark=1553 drop=0
[QUEUE_STATS] t_ms=22976 q_pkts=4 q_bytes=6016 qdelay_l_ms=1.08012 qdelay_c_ms=1.0743 ecn_mark=1553 drop=0
[QUEUE_STATS] t_ms=22992 q_pkts=4 q_bytes=6016 qdelay_l_ms=0 qdelay_c_ms=2.16952 ecn_mark=1554 drop=0
[QUEUE_STATS] t_ms=23008 q_pkts=3 q_bytes=4512 qdelay_l_ms=1.05082 qdelay_c_ms=1.07529 ecn_mark=1554 drop=0
[QUEUE_STATS] t_ms=23024 q_pkts=1 q_bytes=1504 qdelay_l_ms=0.838346 qdelay_c_ms=0 ecn_mark=1554 drop=0
[QUEUE_STATS] t_ms=23040 q_pkts=1 q_bytes=1504 qdelay_l_ms=0.586843 qdelay_c_ms=0 ecn_mark=1555 drop=0
[QUEUE_STATS] t_ms=23056 q_pkts=2 q_bytes=3008 qdelay_l_ms=1.07405 qdelay_c_ms=1.06814 ecn_mark=1556 drop=0
[QUEUE_STATS] t_ms=23072 q_pkts=3 q_bytes=4512 qdelay_l_ms=1.0953 qdelay_c_ms=1.08895 ecn_mark=1557 drop=0
[QUEUE_STATS] t_ms=23088 q_pkts=3 q_bytes=4512 qdelay_l_ms=0.6437 qdelay_c_ms=0.654841 ecn_mark=1558 drop=0
[QUEUE_STATS] t_ms=23104 q_pkts=3 q_bytes=4512 qdelay_l_ms=0.943583 qdelay_c_ms=0.954934 ecn_mark=1558 drop=0
[QUEUE_STATS] t_ms=23120 q_pkts=5 q_bytes=7520 qdelay_l_ms=1.05092 qdelay_c_ms=1.08568 ecn_mark=1558 drop=0
[QUEUE_STATS] t_ms=23136 q_pkts=3 q_bytes=4512 qdelay_l_ms=1.05825 qdelay_c_ms=1.0688 ecn_mark=1558 drop=0
[QUEUE_STATS] t_ms=23152 q_pkts=3 q_bytes=4512 qdelay_l_ms=1.08435 qdelay_c_ms=1.51854 ecn_mark=1560 drop=0
[QUEUE_STATS] t_ms=23168 q_pkts=1 q_bytes=1504 qdelay_l_ms=1.07483 qdelay_c_ms=0 ecn_mark=1561 drop=0
[QUEUE_STATS] t_ms=23184 q_pkts=3 q_bytes=4512 qdelay_l_ms=1.07542 qdelay_c_ms=1.09316 ecn_mark=1562 drop=0
[QUEUE_STATS] t_ms=23200 q_pkts=2 q_bytes=3008 qdelay_l_ms=1.05754 qdelay_c_ms=0 ecn_mark=1562 drop=0
[QUEUE_STATS] t_ms=23216 q_pkts=2 q_bytes=3008 qdelay_l_ms=1.06143 qdelay_c_ms=2.16413 ecn_mark=1565 drop=0
[QUEUE_STATS] t_ms=23232 q_pkts=4 q_bytes=6016 qdelay_l_ms=1.07723 qdelay_c_ms=1.07148 ecn_mark=1565 drop=0
[QUEUE_STATS] t_ms=23248 q_pkts=7 q_bytes=10528 qdelay_l_ms=1.05126 qdelay_c_ms=1.62243 ecn_mark=1565 drop=0
[QUEUE_STATS] t_ms=23264 q_pkts=3 q_bytes=4512 qdelay_l_ms=1.06471 qdelay_c_ms=1.0857 ecn_mark=1566 drop=0
[QUEUE_STATS] t_ms=23280 q_pkts=3 q_bytes=4512 qdelay_l_ms=1.09286 qdelay_c_ms=1.85666 ecn_mark=1566 drop=0
[QUEUE_STATS] t_ms=23296 q_pkts=3 q_bytes=4512 qdelay_l_ms=1.03985 qdelay_c_ms=1.033 ecn_mark=1567 drop=0
[QUEUE_STATS] t_ms=23312 q_pkts=3 q_bytes=4512 qdelay_l_ms=0.959633 qdelay_c_ms=0.977236 ecn_mark=1568 drop=0
[QUEUE_STATS] t_ms=23328 q_pkts=4 q_bytes=6016 qdelay_l_ms=1.04652 qdelay_c_ms=1.07111 ecn_mark=1570 drop=0
[QUEUE_STATS] t_ms=23344 q_pkts=4 q_bytes=6016 qdelay_l_ms=0.995441 qdelay_c_ms=1.01552 ecn_mark=1570 drop=0
[QUEUE_STATS] t_ms=23360 q_pkts=1 q_bytes=1504 qdelay_l_ms=0.971616 qdelay_c_ms=0 ecn_mark=1572 drop=0
[QUEUE_STATS] t_ms=23376 q_pkts=4 q_bytes=6016 qdelay_l_ms=0.76602 qdelay_c_ms=1.20702 ecn_mark=1572 drop=0
[QUEUE_STATS] t_ms=23392 q_pkts=2 q_bytes=3008 qdelay_l_ms=0.786078 qdelay_c_ms=0.780367 ecn_mark=1574 drop=0
[QUEUE_STATS] t_ms=23408 q_pkts=3 q_bytes=4512 qdelay_l_ms=1.09653 qdelay_c_ms=1.09025 ecn_mark=1574 drop=0
[QUEUE_STATS] t_ms=23424 q_pkts=4 q_bytes=6016 qdelay_l_ms=0.811856 qdelay_c_ms=0.805163 ecn_mark=1574 drop=0
[QUEUE_STATS] t_ms=23440 q_pkts=3 q_bytes=4512 qdelay_l_ms=0.795475 qdelay_c_ms=0.788702 ecn_mark=1574 drop=0
[QUEUE_STATS] t_ms=23456 q_pkts=3 q_bytes=4512 qdelay_l_ms=1.09466 qdelay_c_ms=1.08804 ecn_mark=1574 drop=0
[QUEUE_STATS] t_ms=23472 q_pkts=5 q_bytes=7520 qdelay_l_ms=1.07081 qdelay_c_ms=2.16705 ecn_mark=1576 drop=0
[QUEUE_STATS] t_ms=23488 q_pkts=3 q_bytes=4512 qdelay_l_ms=0.768064 qdelay_c_ms=0.79234 ecn_mark=1578 drop=0
[QUEUE_STATS] t_ms=23504 q_pkts=5 q_bytes=7520 qdelay_l_ms=1.06235 qdelay_c_ms=1.09328 ecn_mark=1578 drop=0
[QUEUE_STATS] t_ms=23520 q_pkts=3 q_bytes=4512 qdelay_l_ms=0.953922 qdelay_c_ms=0.948422 ecn_mark=1578 drop=0
[QUEUE_STATS] t_ms=23536 q_pkts=6 q_bytes=9024 qdelay_l_ms=0.777532 qdelay_c_ms=0.770989 ecn_mark=1579 drop=0
[QUEUE_STATS] t_ms=23552 q_pkts=4 q_bytes=6016 qdelay_l_ms=1.04829 qdelay_c_ms=2.1155 ecn_mark=1581 drop=0
[QUEUE_STATS] t_ms=23568 q_pkts=2 q_bytes=3008 qdelay_l_ms=0 qdelay_c_ms=0.951689 ecn_mark=1583 drop=0
[QUEUE_STATS] t_ms=23584 q_pkts=4 q_bytes=6016 qdelay_l_ms=1.06534 qdelay_c_ms=1.08117 ecn_mark=1583 drop=0
[QUEUE_STATS] t_ms=23600 q_pkts=6 q_bytes=9024 qdelay_l_ms=0.874353 qdelay_c_ms=0.866408 ecn_mark=1583 drop=0
[QUEUE_STATS] t_ms=23616 q_pkts=2 q_bytes=3008 qdelay_l_ms=0 qdelay_c_ms=1.06678 ecn_mark=1583 drop=0
[QUEUE_STATS] t_ms=23632 q_pkts=5 q_bytes=7520 qdelay_l_ms=0.807969 qdelay_c_ms=0.841291 ecn_mark=1583 drop=0
[QUEUE_STATS] t_ms=23648 q_pkts=3 q_bytes=4512 qdelay_l_ms=1.05962 qdelay_c_ms=1.07123 ecn_mark=1585 drop=0
[QUEUE_STATS] t_ms=23664 q_pkts=3 q_bytes=4512 qdelay_l_ms=0.817226 qdelay_c_ms=0.837183 ecn_mark=1587 drop=0
[QUEUE_STATS] t_ms=23680 q_pkts=3 q_bytes=4512 qdelay_l_ms=1.05059 qdelay_c_ms=1.06943 ecn_mark=1589 drop=0
[QUEUE_STATS] t_ms=23696 q_pkts=1 q_bytes=1504 qdelay_l_ms=1.06084 qdelay_c_ms=0 ecn_mark=1589 drop=0
[QUEUE_STATS] t_ms=23712 q_pkts=2 q_bytes=3008 qdelay_l_ms=0.828106 qdelay_c_ms=0 ecn_mark=1589 drop=0
[QUEUE_STATS] t_ms=23728 q_pkts=4 q_bytes=6016 qdelay_l_ms=1.09651 qdelay_c_ms=1.09017 ecn_mark=1590 drop=0
[QUEUE_STATS] t_ms=23744 q_pkts=3 q_bytes=4512 qdelay_l_ms=0.740552 qdelay_c_ms=0.765849 ecn_mark=1590 drop=0
[QUEUE_STATS] t_ms=23760 q_pkts=4 q_bytes=6016 qdelay_l_ms=0.748476 qdelay_c_ms=1.81615 ecn_mark=1590 drop=0
[QUEUE_STATS] t_ms=23776 q_pkts=3 q_bytes=4512 qdelay_l_ms=0.814911 qdelay_c_ms=1.86022 ecn_mark=1590 drop=0
[QUEUE_STATS] t_ms=23792 q_pkts=3 q_bytes=4512 qdelay_l_ms=1.05738 qdelay_c_ms=1.06877 ecn_mark=1590 drop=0
[QUEUE_STATS] t_ms=23808 q_pkts=4 q_bytes=6016 qdelay_l_ms=1.04137 qdelay_c_ms=1.05853 ecn_mark=1590 drop=0
[QUEUE_STATS] t_ms=23824 q_pkts=4 q_bytes=6016 qdelay_l_ms=1.07504 qdelay_c_ms=1.06853 ecn_mark=1590 drop=0
[QUEUE_STATS] t_ms=23840 q_pkts=3 q_bytes=4512 qdelay_l_ms=1.07055 qdelay_c_ms=1.06557 ecn_mark=1591 drop=0
[QUEUE_STATS] t_ms=23856 q_pkts=7 q_bytes=10528 qdelay_l_ms=1.10783 qdelay_c_ms=2.83501 ecn_mark=1591 drop=0
[QUEUE_STATS] t_ms=23872 q_pkts=5 q_bytes=7520 qdelay_l_ms=1.09502 qdelay_c_ms=1.08817 ecn_mark=1593 drop=0
[QUEUE_STATS] t_ms=23888 q_pkts=6 q_bytes=9024 qdelay_l_ms=0 qdelay_c_ms=2.22281 ecn_mark=1593 drop=0
[QUEUE_STATS] t_ms=23904 q_pkts=3 q_bytes=4512 qdelay_l_ms=0.689115 qdelay_c_ms=0.711988 ecn_mark=1593 drop=0
[QUEUE_STATS] t_ms=23920 q_pkts=4 q_bytes=6016 qdelay_l_ms=0.740963 qdelay_c_ms=0.733919 ecn_mark=1593 drop=0
[QUEUE_STATS] t_ms=23936 q_pkts=6 q_bytes=9024 qdelay_l_ms=0.622239 qdelay_c_ms=0.61735 ecn_mark=1593 drop=0
[QUEUE_STATS] t_ms=23952 q_pkts=4 q_bytes=6016 qdelay_l_ms=1.05975 qdelay_c_ms=1.0541 ecn_mark=1594 drop=0
[QUEUE_STATS] t_ms=23968 q_pkts=3 q_bytes=4512 qdelay_l_ms=1.00588 qdelay_c_ms=1.00033 ecn_mark=1595 drop=0
[QUEUE_STATS] t_ms=23984 q_pkts=5 q_bytes=7520 qdelay_l_ms=0.98443 qdelay_c_ms=0.978719 ecn_mark=1596 drop=0
[QUEUE_STATS] t_ms=24000 q_pkts=3 q_bytes=4512 qdelay_l_ms=0.718771 qdelay_c_ms=0.713691 ecn_mark=1597 drop=0
[QUEUE_STATS] t_ms=24016 q_pkts=4 q_bytes=6016 qdelay_l_ms=0 qdelay_c_ms=1.06625 ecn_mark=1597 drop=0
[QUEUE_STATS] t_ms=24032 q_pkts=1 q_bytes=1504 qdelay_l_ms=1.07375 qdelay_c_ms=0 ecn_mark=1601 drop=0
[QUEUE_STATS] t_ms=24048 q_pkts=4 q_bytes=6016 qdelay_l_ms=1.07791 qdelay_c_ms=2.18515 ecn_mark=1602 drop=0
[QUEUE_STATS] t_ms=24064 q_pkts=4 q_bytes=6016 qdelay_l_ms=0.957159 qdelay_c_ms=0.951649 ecn_mark=1606 drop=0
[QUEUE_STATS] t_ms=24080 q_pkts=3 q_bytes=4512 qdelay_l_ms=1.06244 qdelay_c_ms=1.05681 ecn_mark=1606 drop=0
[QUEUE_STATS] t_ms=24096 q_pkts=1 q_bytes=1504 qdelay_l_ms=1.07204 qdelay_c_ms=0 ecn_mark=1606 drop=0
[QUEUE_STATS] t_ms=24112 q_pkts=6 q_bytes=9024 qdelay_l_ms=1.10964 qdelay_c_ms=1.10323 ecn_mark=1607 drop=0
[QUEUE_STATS] t_ms=24128 q_pkts=5 q_bytes=7520 qdelay_l_ms=1.05619 qdelay_c_ms=1.07568 ecn_mark=1608 drop=0
[QUEUE_STATS] t_ms=24144 q_pkts=4 q_bytes=6016 qdelay_l_ms=1.07616 qdelay_c_ms=1.06933 ecn_mark=1609 drop=0
[QUEUE_STATS] t_ms=24160 q_pkts=1 q_bytes=1504 qdelay_l_ms=0.704674 qdelay_c_ms=0 ecn_mark=1610 drop=0
[QUEUE_STATS] t_ms=24176 q_pkts=6 q_bytes=9024 qdelay_l_ms=1.09671 qdelay_c_ms=1.09111 ecn_mark=1612 drop=0
[QUEUE_STATS] t_ms=24192 q_pkts=3 q_bytes=4512 qdelay_l_ms=1.05602 qdelay_c_ms=1.07919 ecn_mark=1613 drop=0
[QUEUE_STATS] t_ms=24208 q_pkts=2 q_bytes=3008 qdelay_l_ms=1.08266 qdelay_c_ms=0 ecn_mark=1614 drop=0
[QUEUE_STATS] t_ms=24224 q_pkts=0 q_bytes=0 qdelay_l_ms=0 qdelay_c_ms=0 ecn_mark=1614 drop=0
[QUEUE_STATS] t_ms=24240 q_pkts=3 q_bytes=4512 qdelay_l_ms=1.05914 qdelay_c_ms=2.17289 ecn_mark=1614 drop=0
[QUEUE_STATS] t_ms=24256 q_pkts=5 q_bytes=7520 qdelay_l_ms=0.999528 qdelay_c_ms=0.994509 ecn_mark=1615 drop=0
[QUEUE_STATS] t_ms=24272 q_pkts=5 q_bytes=7520 qdelay_l_ms=1.07884 qdelay_c_ms=2.19367 ecn_mark=1616 drop=0
[QUEUE_STATS] t_ms=24288 q_pkts=4 q_bytes=6016 qdelay_l_ms=0.717568 qdelay_c_ms=0.710735 ecn_mark=1616 drop=0
[QUEUE_STATS] t_ms=24304 q_pkts=3 q_bytes=4512 qdelay_l_ms=1.08817 qdelay_c_ms=1.08125 ecn_mark=1616 drop=0
[QUEUE_STATS] t_ms=24320 q_pkts=3 q_bytes=4512 qdelay_l_ms=1.06978 qdelay_c_ms=1.06447 ecn_mark=1618 drop=0
[QUEUE_STATS] t_ms=24336 q_pkts=4 q_bytes=6016 qdelay_l_ms=0.709644 qdelay_c_ms=0.704625 ecn_mark=1618 drop=0
[QUEUE_STATS] t_ms=24352 q_pkts=3 q_bytes=4512 qdelay_l_ms=1.01683 qdelay_c_ms=1.00835 ecn_mark=1619 drop=0
[QUEUE_STATS] t_ms=24368 q_pkts=6 q_bytes=9024 qdelay_l_ms=1.08882 qdelay_c_ms=1.11009 ecn_mark=1621 drop=0
[QUEUE_STATS] t_ms=24384 q_pkts=4 q_bytes=6016 qdelay_l_ms=1.06554 qdelay_c_ms=1.76589 ecn_mark=1621 drop=0
[QUEUE_STATS] t_ms=24400 q_pkts=8 q_bytes=12032 qdelay_l_ms=0.708031 qdelay_c_ms=2.18445 ecn_mark=1623 drop=0
[QUEUE_STATS] t_ms=24416 q_pkts=2 q_bytes=3008 qdelay_l_ms=0.935728 qdelay_c_ms=0.940948 ecn_mark=1625 drop=0
[QUEUE_STATS] t_ms=24432 q_pkts=5 q_bytes=7520 qdelay_l_ms=1.06474 qdelay_c_ms=2.13999 ecn_mark=1626 drop=0
[QUEUE_STATS] t_ms=24448 q_pkts=4 q_bytes=6016 qdelay_l_ms=1.08828 qdelay_c_ms=2.14278 ecn_mark=1626 drop=0
[QUEUE_STATS] t_ms=24464 q_pkts=3 q_bytes=4512 qdelay_l_ms=0.950968 qdelay_c_ms=0.945588 ecn_mark=1627 drop=0
[QUEUE_STATS] t_ms=24480 q_pkts=4 q_bytes=6016 qdelay_l_ms=1.06949 qdelay_c_ms=1.06274 ecn_mark=1629 drop=0
[QUEUE_STATS] t_ms=24496 q_pkts=2 q_bytes=3008 qdelay_l_ms=1.08231 qdelay_c_ms=1.07509 ecn_mark=1630 drop=0
[QUEUE_STATS] t_ms=24512 q_pkts=6 q_bytes=9024 qdelay_l_ms=1.0962 qdelay_c_ms=1.09024 ecn_mark=1631 drop=0
[QUEUE_STATS] t_ms=24528 q_pkts=4 q_bytes=6016 qdelay_l_ms=1.06538 qdelay_c_ms=1.09445 ecn_mark=1631 drop=0
[QUEUE_STATS] t_ms=24544 q_pkts=0 q_bytes=0 qdelay_l_ms=0 qdelay_c_ms=0 ecn_mark=1632 drop=0
[QUEUE_STATS] t_ms=24560 q_pkts=4 q_bytes=6016 qdelay_l_ms=0.970343 qdelay_c_ms=0.96317 ecn_mark=1633 drop=0
[QUEUE_STATS] t_ms=24576 q_pkts=4 q_bytes=6016 qdelay_l_ms=1.03317 qdelay_c_ms=2.09522 ecn_mark=1633 drop=0
[QUEUE_STATS] t_ms=24592 q_pkts=3 q_bytes=4512 qdelay_l_ms=0.725454 qdelay_c_ms=0.720224 ecn_mark=1636 drop=0
[QUEUE_STATS] t_ms=24608 q_pkts=2 q_bytes=3008 qdelay_l_ms=0.701779 qdelay_c_ms=0 ecn_mark=1637 drop=0
[QUEUE_STATS] t_ms=24624 q_pkts=4 q_bytes=6016 qdelay_l_ms=1.09017 qdelay_c_ms=1.08334 ecn_mark=1638 drop=0
[QUEUE_STATS] t_ms=24640 q_pkts=4 q_bytes=6016 qdelay_l_ms=1.0706 qdelay_c_ms=2.19878 ecn_mark=1639 drop=0
[QUEUE_STATS] t_ms=24656 q_pkts=4 q_bytes=6016 qdelay_l_ms=1.09088 qdelay_c_ms=1.0844 ecn_mark=1640 drop=0
[QUEUE_STATS] t_ms=24672 q_pkts=4 q_bytes=6016 qdelay_l_ms=0.698873 qdelay_c_ms=0.692982 ecn_mark=1640 drop=0
[QUEUE_STATS] t_ms=24688 q_pkts=3 q_bytes=4512 qdelay_l_ms=0 qdelay_c_ms=1.9422 ecn_mark=1640 drop=0
[QUEUE_STATS] t_ms=24704 q_pkts=6 q_bytes=9024 qdelay_l_ms=1.09279 qdelay_c_ms=1.99304 ecn_mark=1640 drop=0
[QUEUE_STATS] t_ms=24720 q_pkts=3 q_bytes=4512 qdelay_l_ms=1.06318 qdelay_c_ms=1.08683 ecn_mark=1641 drop=0
[QUEUE_STATS] t_ms=24736 q_pkts=2 q_bytes=3008 qdelay_l_ms=0.830561 qdelay_c_ms=0 ecn_mark=1643 drop=0
[QUEUE_STATS] t_ms=24752 q_pkts=9 q_bytes=13536 qdelay_l_ms=1.0659 qdelay_c_ms=2.88653 ecn_mark=1644 drop=0
[QUEUE_STATS] t_ms=24768 q_pkts=5 q_bytes=7520 qdelay_l_ms=1.09292 qdelay_c_ms=2.03203 ecn_mark=1645 drop=0
[QUEUE_STATS] t_ms=24784 q_pkts=0 q_bytes=0 qdelay_l_ms=0 qdelay_c_ms=0 ecn_mark=1646 drop=0
[QUEUE_STATS] t_ms=24800 q_pkts=1 q_bytes=1504 qdelay_l_ms=1.07399 qdelay_c_ms=0 ecn_mark=1648 drop=0
[QUEUE_STATS] t_ms=24816 q_pkts=5 q_bytes=7520 qdelay_l_ms=0.403068 qdelay_c_ms=1.48987 ecn_mark=1648 drop=0
[QUEUE_STATS] t_ms=24832 q_pkts=6 q_bytes=9024 qdelay_l_ms=1.07326 qdelay_c_ms=2.14056 ecn_mark=1650 drop=0
[QUEUE_STATS] t_ms=24848 q_pkts=4 q_bytes=6016 qdelay_l_ms=1.05818 qdelay_c_ms=1.04857 ecn_mark=1651 drop=0
[QUEUE_STATS] t_ms=24864 q_pkts=4 q_bytes=6016 qdelay_l_ms=1.07168 qdelay_c_ms=1.09 ecn_mark=1652 drop=0
[QUEUE_STATS] t_ms=24880 q_pkts=7 q_bytes=10528 qdelay_l_ms=1.10038 qdelay_c_ms=2.00088 ecn_mark=1652 drop=0
[QUEUE_STATS] t_ms=24896 q_pkts=6 q_bytes=9024 qdelay_l_ms=1.0985 qdelay_c_ms=1.09095 ecn_mark=1654 drop=0
[QUEUE_STATS] t_ms=24912 q_pkts=4 q_bytes=6016 qdelay_l_ms=0.810774 qdelay_c_ms=0.831482 ecn_mark=1655 drop=0
[QUEUE_STATS] t_ms=24928 q_pkts=1 q_bytes=1504 qdelay_l_ms=1.08967 qdelay_c_ms=0 ecn_mark=1658 drop=0
[QUEUE_STATS] t_ms=24944 q_pkts=5 q_bytes=7520 qdelay_l_ms=1.06527 qdelay_c_ms=1.10088 ecn_mark=1659 drop=0
[QUEUE_STATS] t_ms=24960 q_pkts=3 q_bytes=4512 qdelay_l_ms=1.09273 qdelay_c_ms=1.40981 ecn_mark=1659 drop=0
[QUEUE_STATS] t_ms=24976 q_pkts=4 q_bytes=6016 qdelay_l_ms=0.359235 qdelay_c_ms=1.44837 ecn_mark=1659 drop=0
[QUEUE_STATS] t_ms=24992 q_pkts=6 q_bytes=9024 qdelay_l_ms=0.821625 qdelay_c_ms=0.816796 ecn_mark=1660 drop=0
[QUEUE_STATS] t_ms=25008 q_pkts=5 q_bytes=7520 qdelay_l_ms=1.06143 qdelay_c_ms=1.08166 ecn_mark=1661 drop=0
[QUEUE_STATS] t_ms=25024 q_pkts=6 q_bytes=9024 qdelay_l_ms=1.08845 qdelay_c_ms=1.0815 ecn_mark=1662 drop=0
[QUEUE_STATS] t_ms=25040 q_pkts=5 q_bytes=7520 qdelay_l_ms=0.477007 qdelay_c_ms=0.497916 ecn_mark=1662 drop=0
[QUEUE_STATS] t_ms=25056 q_pkts=4 q_bytes=6016 qdelay_l_ms=1.09013 qdelay_c_ms=1.08333 ecn_mark=1662 drop=0
[QUEUE_STATS] t_ms=25072 q_pkts=6 q_bytes=9024 qdelay_l_ms=1.0729 qdelay_c_ms=2.10591 ecn_mark=1663 drop=0
[QUEUE_STATS] t_ms=25088 q_pkts=4 q_bytes=6016 qdelay_l_ms=1.07939 qdelay_c_ms=1.10197 ecn_mark=1666 drop=0
[QUEUE_STATS] t_ms=25104 q_pkts=5 q_bytes=7520 qdelay_l_ms=0.895242 qdelay_c_ms=0.88844 ecn_mark=1666 drop=0
[QUEUE_STATS] t_ms=25120 q_pkts=5 q_bytes=7520 qdelay_l_ms=0.654811 qdelay_c_ms=0.689205 ecn_mark=1667 drop=0
[QUEUE_STATS] t_ms=25136 q_pkts=6 q_bytes=9024 qdelay_l_ms=0.898318 qdelay_c_ms=2.05077 ecn_mark=1667 drop=0
[QUEUE_STATS] t_ms=25152 q_pkts=3 q_bytes=4512 qdelay_l_ms=0.953663 qdelay_c_ms=0.948533 ecn_mark=1669 drop=0
[QUEUE_STATS] t_ms=25168 q_pkts=2 q_bytes=3008 qdelay_l_ms=1.06631 qdelay_c_ms=0 ecn_mark=1670 drop=0
[QUEUE_STATS] t_ms=25184 q_pkts=5 q_bytes=7520 qdelay_l_ms=1.05558 qdelay_c_ms=2.17262 ecn_mark=1670 drop=0
[QUEUE_STATS] t_ms=25200 q_pkts=3 q_bytes=4512 qdelay_l_ms=1.07832 qdelay_c_ms=2.12735 ecn_mark=1672 drop=0
[QUEUE_STATS] t_ms=25216 q_pkts=3 q_bytes=4512 qdelay_l_ms=1.04425 qdelay_c_ms=1.0555 ecn_mark=1674 drop=0
[QUEUE_STATS] t_ms=25232 q_pkts=4 q_bytes=6016 qdelay_l_ms=0 qdelay_c_ms=0.396526 ecn_mark=1674 drop=0
[QUEUE_STATS] t_ms=25248 q_pkts=7 q_bytes=10528 qdelay_l_ms=1.05099 qdelay_c_ms=2.16023 ecn_mark=1677 drop=0
[QUEUE_STATS] t_ms=25264 q_pkts=3 q_bytes=4512 qdelay_l_ms=1.07988 qdelay_c_ms=2.13686 ecn_mark=1679 drop=0
[QUEUE_STATS] t_ms=25280 q_pkts=6 q_bytes=9024 qdelay_l_ms=1.09886 qdelay_c_ms=1.09285 ecn_mark=1679 drop=0
[QUEUE_STATS] t_ms=25296 q_pkts=3 q_bytes=4512 qdelay_l_ms=1.06514 qdelay_c_ms=1.08857 ecn_mark=1681 drop=0
[QUEUE_STATS] t_ms=25312 q_pkts=7 q_bytes=10528 qdelay_l_ms=1.07743 qdelay_c_ms=2.09212 ecn_mark=1681 drop=0
[QUEUE_STATS] t_ms=25328 q_pkts=6 q_bytes=9024 qdelay_l_ms=1.06187 qdelay_c_ms=2.15104 ecn_mark=1681 drop=0
[QUEUE_STATS] t_ms=25344 q_pkts=3 q_bytes=4512 qdelay_l_ms=0.924428 qdelay_c_ms=0.919218 ecn_mark=1683 drop=0
[QUEUE_STATS] t_ms=25360 q_pkts=4 q_bytes=6016 qdelay_l_ms=0.688955 qdelay_c_ms=1.72054 ecn_mark=1686 drop=0
[QUEUE_STATS] t_ms=25376 q_pkts=6 q_bytes=9024 qdelay_l_ms=1.0699 qdelay_c_ms=2.12076 ecn_mark=1686 drop=0
[QUEUE_STATS] t_ms=25392 q_pkts=3 q_bytes=4512 qdelay_l_ms=1.06584 qdelay_c_ms=1.08912 ecn_mark=1688 drop=0
[QUEUE_STATS] t_ms=25408 q_pkts=3 q_bytes=4512 qdelay_l_ms=0.906704 qdelay_c_ms=0.917023 ecn_mark=1690 drop=0
[QUEUE_STATS] t_ms=25424 q_pkts=4 q_bytes=6016 qdelay_l_ms=1.07208 qdelay_c_ms=1.06605 ecn_mark=1692 drop=0
[QUEUE_STATS] t_ms=25440 q_pkts=4 q_bytes=6016 qdelay_l_ms=0.948663 qdelay_c_ms=2.05636 ecn_mark=1692 drop=0
[QUEUE_STATS] t_ms=25456 q_pkts=5 q_bytes=7520 qdelay_l_ms=1.06599 qdelay_c_ms=1.96422 ecn_mark=1693 drop=0
[QUEUE_STATS] t_ms=25472 q_pkts=6 q_bytes=9024 qdelay_l_ms=0.409971 qdelay_c_ms=0.396115 ecn_mark=1694 drop=0
[QUEUE_STATS] t_ms=25488 q_pkts=3 q_bytes=4512 qdelay_l_ms=0.95215 qdelay_c_ms=2.0649 ecn_mark=1694 drop=0
[QUEUE_STATS] t_ms=25504 q_pkts=6 q_bytes=9024 qdelay_l_ms=0.693373 qdelay_c_ms=0.687061 ecn_mark=1695 drop=0
[QUEUE_STATS] t_ms=25520 q_pkts=5 q_bytes=7520 qdelay_l_ms=1.07563 qdelay_c_ms=1.06845 ecn_mark=1696 drop=0
[QUEUE_STATS] t_ms=25536 q_pkts=3 q_bytes=4512 qdelay_l_ms=1.09361 qdelay_c_ms=1.0877 ecn_mark=1697 drop=0
[QUEUE_STATS] t_ms=25552 q_pkts=5 q_bytes=7520 qdelay_l_ms=1.0981 qdelay_c_ms=1.09081 ecn_mark=1697 drop=0
[QUEUE_STATS] t_ms=25568 q_pkts=5 q_bytes=7520 qdelay_l_ms=1.04673 qdelay_c_ms=1.04171 ecn_mark=1698 drop=0
[QUEUE_STATS] t_ms=25584 q_pkts=3 q_bytes=4512 qdelay_l_ms=1.09827 qdelay_c_ms=1.08804 ecn_mark=1699 drop=0
[QUEUE_STATS] t_ms=25600 q_pkts=5 q_bytes=7520 qdelay_l_ms=1.06945 qdelay_c_ms=1.06234 ecn_mark=1700 drop=0
[QUEUE_STATS] t_ms=25616 q_pkts=5 q_bytes=7520 qdelay_l_ms=1.10317 qdelay_c_ms=1.79333 ecn_mark=1701 drop=0
[QUEUE_STATS] t_ms=25632 q_pkts=5 q_bytes=7520 qdelay_l_ms=1.06477 qdelay_c_ms=1.77379 ecn_mark=1703 drop=0
[QUEUE_STATS] t_ms=25648 q_pkts=5 q_bytes=7520 qdelay_l_ms=0.416072 qdelay_c_ms=0.4096 ecn_mark=1703 drop=0
[QUEUE_STATS] t_ms=25664 q_pkts=5 q_bytes=7520 qdelay_l_ms=0.958922 qdelay_c_ms=2.63818 ecn_mark=1703 drop=0
[QUEUE_STATS] t_ms=25680 q_pkts=10 q_bytes=15040 qdelay_l_ms=1.04925 qdelay_c_ms=3.09122 ecn_mark=1704 drop=0
[QUEUE_STATS] t_ms=25696 q_pkts=5 q_bytes=7520 qdelay_l_ms=1.06133 qdelay_c_ms=2.12279 ecn_mark=1706 drop=0
[QUEUE_STATS] t_ms=25712 q_pkts=6 q_bytes=9024 qdelay_l_ms=0.9897 qdelay_c_ms=0.983869 ecn_mark=1709 drop=0
[QUEUE_STATS] t_ms=25728 q_pkts=6 q_bytes=9024 qdelay_l_ms=0.948112 qdelay_c_ms=2.05916 ecn_mark=1709 drop=0
[QUEUE_STATS] t_ms=25744 q_pkts=4 q_bytes=6016 qdelay_l_ms=1.07784 qdelay_c_ms=1.07012 ecn_mark=1710 drop=0
[QUEUE_STATS] t_ms=25760 q_pkts=3 q_bytes=4512 qdelay_l_ms=1.07838 qdelay_c_ms=1.07201 ecn_mark=1710 drop=0
[QUEUE_STATS] t_ms=25776 q_pkts=7 q_bytes=10528 qdelay_l_ms=1.05614 qdelay_c_ms=2.16551 ecn_mark=1710 drop=0
[QUEUE_STATS] t_ms=25792 q_pkts=4 q_bytes=6016 qdelay_l_ms=0.955515 qdelay_c_ms=2.08365 ecn_mark=1713 drop=0
[QUEUE_STATS] t_ms=25808 q_pkts=5 q_bytes=7520 qdelay_l_ms=1.08917 qdelay_c_ms=2.1407 ecn_mark=1713 drop=0
[QUEUE_STATS] t_ms=25824 q_pkts=5 q_bytes=7520 qdelay_l_ms=0.994168 qdelay_c_ms=2.07877 ecn_mark=1714 drop=0
[QUEUE_STATS] t_ms=25840 q_pkts=5 q_bytes=7520 qdelay_l_ms=0.98977 qdelay_c_ms=0.98441 ecn_mark=1714 drop=0
[QUEUE_STATS] t_ms=25856 q_pkts=4 q_bytes=6016 qdelay_l_ms=1.04445 qdelay_c_ms=1.0376 ecn_mark=1714 drop=0
[QUEUE_STATS] t_ms=25872 q_pkts=6 q_bytes=9024 qdelay_l_ms=1.01579 qdelay_c_ms=2.08063 ecn_mark=1715 drop=0
[QUEUE_STATS] t_ms=25888 q_pkts=4 q_bytes=6016 qdelay_l_ms=1.09184 qdelay_c_ms=1.08246 ecn_mark=1715 drop=0
[QUEUE_STATS] t_ms=25904 q_pkts=5 q_bytes=7520 qdelay_l_ms=1.05581 qdelay_c_ms=1.05042 ecn_mark=1716 drop=0
[QUEUE_STATS] t_ms=25920 q_pkts=5 q_bytes=7520 qdelay_l_ms=1.05625 qdelay_c_ms=2.11259 ecn_mark=1716 drop=0
[QUEUE_STATS] t_ms=25936 q_pkts=4 q_bytes=6016 qdelay_l_ms=1.07603 qdelay_c_ms=1.0691 ecn_mark=1717 drop=0
[QUEUE_STATS] t_ms=25952 q_pkts=5 q_bytes=7520 qdelay_l_ms=1.05527 qdelay_c_ms=2.12682 ecn_mark=1717 drop=0
[QUEUE_STATS] t_ms=25968 q_pkts=5 q_bytes=7520 qdelay_l_ms=0.699344 qdelay_c_ms=0.692652 ecn_mark=1717 drop=0
[QUEUE_STATS] t_ms=25984 q_pkts=4 q_bytes=6016 qdelay_l_ms=1.07317 qdelay_c_ms=1.06586 ecn_mark=1718 drop=0
[QUEUE_STATS] t_ms=26000 q_pkts=5 q_bytes=7520 qdelay_l_ms=1.09692 qdelay_c_ms=1.69683 ecn_mark=1720 drop=0
[QUEUE_STATS] t_ms=26016 q_pkts=3 q_bytes=4512 qdelay_l_ms=1.09683 qdelay_c_ms=1.08998 ecn_mark=1721 drop=0
[QUEUE_STATS] t_ms=26032 q_pkts=5 q_bytes=7520 qdelay_l_ms=0.935628 qdelay_c_ms=2.05743 ecn_mark=1722 drop=0
[QUEUE_STATS] t_ms=26048 q_pkts=8 q_bytes=12032 qdelay_l_ms=1.05327 qdelay_c_ms=2.17484 ecn_mark=1722 drop=0
[QUEUE_STATS] t_ms=26064 q_pkts=4 q_bytes=6016 qdelay_l_ms=1.0932 qdelay_c_ms=1.08673 ecn_mark=1722 drop=0
[QUEUE_STATS] t_ms=26080 q_pkts=5 q_bytes=7520 qdelay_l_ms=1.07489 qdelay_c_ms=1.77278 ecn_mark=1722 drop=0
[QUEUE_STATS] t_ms=26096 q_pkts=5 q_bytes=7520 qdelay_l_ms=1.02883 qdelay_c_ms=2.10776 ecn_mark=1722 drop=0
[QUEUE_STATS] t_ms=26112 q_pkts=5 q_bytes=7520 qdelay_l_ms=0.917154 qdelay_c_ms=0.911884 ecn_mark=1724 drop=0
[QUEUE_STATS] t_ms=26128 q_pkts=5 q_bytes=7520 qdelay_l_ms=0.496283 qdelay_c_ms=1.57603 ecn_mark=1724 drop=0
[QUEUE_STATS] t_ms=26144 q_pkts=7 q_bytes=10528 qdelay_l_ms=1.04644 qdelay_c_ms=2.11552 ecn_mark=1725 drop=0
[QUEUE_STATS] t_ms=26160 q_pkts=5 q_bytes=7520 qdelay_l_ms=1.0982 qdelay_c_ms=1.09142 ecn_mark=1726 drop=0
[QUEUE_STATS] t_ms=26176 q_pkts=5 q_bytes=7520 qdelay_l_ms=1.09882 qdelay_c_ms=1.09186 ecn_mark=1727 drop=0
[QUEUE_STATS] t_ms=26192 q_pkts=8 q_bytes=12032 qdelay_l_ms=0.674578 qdelay_c_ms=1.78502 ecn_mark=1727 drop=0
[QUEUE_STATS] t_ms=26208 q_pkts=5 q_bytes=7520 qdelay_l_ms=0.924798 qdelay_c_ms=2.02989 ecn_mark=1728 drop=0
[QUEUE_STATS] t_ms=26224 q_pkts=5 q_bytes=7520 qdelay_l_ms=1.02246 qdelay_c_ms=2.10909 ecn_mark=1729 drop=0
[QUEUE_STATS] t_ms=26240 q_pkts=7 q_bytes=10528 qdelay_l_ms=1.06592 qdelay_c_ms=2.16066 ecn_mark=1729 drop=0
[QUEUE_STATS] t_ms=26256 q_pkts=5 q_bytes=7520 qdelay_l_ms=1.0923 qdelay_c_ms=1.08552 ecn_mark=1729 drop=0
[QUEUE_STATS] t_ms=26272 q_pkts=5 q_bytes=7520 qdelay_l_ms=1.07961 qdelay_c_ms=1.07289 ecn_mark=1730 drop=0
[QUEUE_STATS] t_ms=26288 q_pkts=7 q_bytes=10528 qdelay_l_ms=1.04385 qdelay_c_ms=2.14227 ecn_mark=1732 drop=0
[QUEUE_STATS] t_ms=26304 q_pkts=5 q_bytes=7520 qdelay_l_ms=1.095 qdelay_c_ms=1.75482 ecn_mark=1733 drop=0
[QUEUE_STATS] t_ms=26320 q_pkts=5 q_bytes=7520 qdelay_l_ms=1.05705 qdelay_c_ms=2.1121 ecn_mark=1733 drop=0
[QUEUE_STATS] t_ms=26336 q_pkts=6 q_bytes=9024 qdelay_l_ms=1.0468 qdelay_c_ms=2.10117 ecn_mark=1735 drop=0
[QUEUE_STATS] t_ms=26352 q_pkts=7 q_bytes=10528 qdelay_l_ms=1.0478 qdelay_c_ms=3.15984 ecn_mark=1736 drop=0
[QUEUE_STATS] t_ms=26368 q_pkts=4 q_bytes=6016 qdelay_l_ms=0.912144 qdelay_c_ms=0.907405 ecn_mark=1739 drop=0
[QUEUE_STATS] t_ms=26384 q_pkts=4 q_bytes=6016 qdelay_l_ms=1.06631 qdelay_c_ms=1.95056 ecn_mark=1740 drop=0
[QUEUE_STATS] t_ms=26400 q_pkts=6 q_bytes=9024 qdelay_l_ms=0.899049 qdelay_c_ms=2.02581 ecn_mark=1740 drop=0
[QUEUE_STATS] t_ms=26416 q_pkts=5 q_bytes=7520 qdelay_l_ms=1.0641 qdelay_c_ms=1.98868 ecn_mark=1741 drop=0
[QUEUE_STATS] t_ms=26432 q_pkts=8 q_bytes=12032 qdelay_l_ms=1.05096 qdelay_c_ms=2.1361 ecn_mark=1742 drop=0
[QUEUE_STATS] t_ms=26448 q_pkts=6 q_bytes=9024 qdelay_l_ms=1.09436 qdelay_c_ms=1.99982 ecn_mark=1743 drop=0
[QUEUE_STATS] t_ms=26464 q_pkts=5 q_bytes=7520 qdelay_l_ms=1.09111 qdelay_c_ms=1.99871 ecn_mark=1746 drop=0
[QUEUE_STATS] t_ms=26480 q_pkts=6 q_bytes=9024 qdelay_l_ms=1.10227 qdelay_c_ms=1.09485 ecn_mark=1747 drop=0
[QUEUE_STATS] t_ms=26496 q_pkts=8 q_bytes=12032 qdelay_l_ms=1.06692 qdelay_c_ms=2.87805 ecn_mark=1747 drop=0
[QUEUE_STATS] t_ms=26512 q_pkts=8 q_bytes=12032 qdelay_l_ms=1.09683 qdelay_c_ms=3.14092 ecn_mark=1747 drop=0
[QUEUE_STATS] t_ms=26528 q_pkts=5 q_bytes=7520 qdelay_l_ms=0.901925 qdelay_c_ms=2.02703 ecn_mark=1747 drop=0
[QUEUE_STATS] t_ms=26544 q_pkts=5 q_bytes=7520 qdelay_l_ms=0.371298 qdelay_c_ms=1.46295 ecn_mark=1748 drop=0
[QUEUE_STATS] t_ms=26560 q_pkts=7 q_bytes=10528 qdelay_l_ms=0.967088 qdelay_c_ms=2.44727 ecn_mark=1748 drop=0
[QUEUE_STATS] t_ms=26576 q_pkts=7 q_bytes=10528 qdelay_l_ms=0.914128 qdelay_c_ms=2.02879 ecn_mark=1748 drop=0
[QUEUE_STATS] t_ms=26592 q_pkts=6 q_bytes=9024 qdelay_l_ms=1.08693 qdelay_c_ms=1.69775 ecn_mark=1750 drop=0
[QUEUE_STATS] t_ms=26608 q_pkts=7 q_bytes=10528 qdelay_l_ms=1.09864 qdelay_c_ms=2.15902 ecn_mark=1751 drop=0
[QUEUE_STATS] t_ms=26624 q_pkts=6 q_bytes=9024 qdelay_l_ms=0 qdelay_c_ms=1.99434 ecn_mark=1751 drop=0
[QUEUE_STATS] t_ms=26640 q_pkts=6 q_bytes=9024 qdelay_l_ms=1.05516 qdelay_c_ms=2.15037 ecn_mark=1751 drop=0
[QUEUE_STATS] t_ms=26656 q_pkts=6 q_bytes=9024 qdelay_l_ms=1.06679 qdelay_c_ms=3.08994 ecn_mark=1751 drop=0
[QUEUE_STATS] t_ms=26672 q_pkts=8 q_bytes=12032 qdelay_l_ms=1.09363 qdelay_c_ms=3.08242 ecn_mark=1754 drop=0
[QUEUE_STATS] t_ms=26688 q_pkts=9 q_bytes=13536 qdelay_l_ms=0.35651 qdelay_c_ms=2.53952 ecn_mark=1755 drop=0
[QUEUE_STATS] t_ms=26704 q_pkts=7 q_bytes=10528 qdelay_l_ms=0 qdelay_c_ms=3.10503 ecn_mark=1757 drop=0
[QUEUE_STATS] t_ms=26720 q_pkts=8 q_bytes=12032 qdelay_l_ms=0.870065 qdelay_c_ms=2.87947 ecn_mark=1759 drop=0
[QUEUE_STATS] t_ms=26736 q_pkts=7 q_bytes=10528 qdelay_l_ms=1.0315 qdelay_c_ms=3.19859 ecn_mark=1761 drop=0
[QUEUE_STATS] t_ms=26752 q_pkts=8 q_bytes=12032 qdelay_l_ms=1.0775 qdelay_c_ms=3.10578 ecn_mark=1762 drop=0
[QUEUE_STATS] t_ms=26768 q_pkts=8 q_bytes=12032 qdelay_l_ms=0.887097 qdelay_c_ms=2.70066 ecn_mark=1763 drop=0
[QUEUE_STATS] t_ms=26784 q_pkts=9 q_bytes=13536 qdelay_l_ms=1.05408 qdelay_c_ms=3.05844 ecn_mark=1765 drop=0
[QUEUE_STATS] t_ms=26800 q_pkts=8 q_bytes=12032 qdelay_l_ms=1.09301 qdelay_c_ms=3.13261 ecn_mark=1765 drop=0
[QUEUE_STATS] t_ms=26816 q_pkts=9 q_bytes=13536 qdelay_l_ms=0.896194 qdelay_c_ms=3.03482 ecn_mark=1765 drop=0
[QUEUE_STATS] t_ms=26832 q_pkts=10 q_bytes=15040 qdelay_l_ms=1.06477 qdelay_c_ms=3.24724 ecn_mark=1765 drop=0
[QUEUE_STATS] t_ms=26848 q_pkts=11 q_bytes=16544 qdelay_l_ms=1.08275 qdelay_c_ms=3.09605 ecn_mark=1767 drop=0
[QUEUE_STATS] t_ms=26864 q_pkts=10 q_bytes=15040 qdelay_l_ms=1.07376 qdelay_c_ms=4.28728 ecn_mark=1768 drop=0
[QUEUE_STATS] t_ms=26880 q_pkts=10 q_bytes=15040 qdelay_l_ms=1.09314 qdelay_c_ms=4.01351 ecn_mark=1769 drop=0
[QUEUE_STATS] t_ms=26896 q_pkts=10 q_bytes=15040 qdelay_l_ms=1.01676 qdelay_c_ms=2.73158 ecn_mark=1771 drop=0
[QUEUE_STATS] t_ms=26912 q_pkts=13 q_bytes=19552 qdelay_l_ms=1.06174 qdelay_c_ms=3.15579 ecn_mark=1771 drop=0
[QUEUE_STATS] t_ms=26928 q_pkts=11 q_bytes=16544 qdelay_l_ms=0.690358 qdelay_c_ms=1.72786 ecn_mark=1773 drop=0
[QUEUE_STATS] t_ms=26944 q_pkts=10 q_bytes=15040 qdelay_l_ms=0.884402 qdelay_c_ms=2.90098 ecn_mark=1773 drop=0
[QUEUE_STATS] t_ms=26960 q_pkts=11 q_bytes=16544 qdelay_l_ms=1.06052 qdelay_c_ms=4.34532 ecn_mark=1773 drop=0
[QUEUE_STATS] t_ms=26976 q_pkts=12 q_bytes=18048 qdelay_l_ms=1.06355 qdelay_c_ms=4.25214 ecn_mark=1778 drop=0
[QUEUE_STATS] t_ms=26992 q_pkts=13 q_bytes=19552 qdelay_l_ms=1.02334 qdelay_c_ms=4.29541 ecn_mark=1778 drop=0
[QUEUE_STATS] t_ms=27008 q_pkts=13 q_bytes=19552 qdelay_l_ms=1.04643 qdelay_c_ms=5.35574 ecn_mark=1778 drop=0
[QUEUE_STATS] t_ms=27024 q_pkts=13 q_bytes=19552 qdelay_l_ms=0.889843 qdelay_c_ms=4.79113 ecn_mark=1778 drop=0
[QUEUE_STATS] t_ms=27040 q_pkts=12 q_bytes=18048 qdelay_l_ms=1.08776 qdelay_c_ms=3.65921 ecn_mark=1779 drop=0
[QUEUE_STATS] t_ms=27056 q_pkts=16 q_bytes=24064 qdelay_l_ms=1.0069 qdelay_c_ms=3.87145 ecn_mark=1779 drop=0
[QUEUE_STATS] t_ms=27072 q_pkts=14 q_bytes=21056 qdelay_l_ms=1.09512 qdelay_c_ms=4.56542 ecn_mark=1781 drop=0
[QUEUE_STATS] t_ms=27088 q_pkts=13 q_bytes=19552 qdelay_l_ms=0.878281 qdelay_c_ms=4.90357 ecn_mark=1781 drop=0
[QUEUE_STATS] t_ms=27104 q_pkts=14 q_bytes=21056 qdelay_l_ms=1.04578 qdelay_c_ms=5.20458 ecn_mark=1782 drop=0
[QUEUE_STATS] t_ms=27120 q_pkts=14 q_bytes=21056 qdelay_l_ms=0.337885 qdelay_c_ms=4.71029 ecn_mark=1783 drop=0
[QUEUE_STATS] t_ms=27136 q_pkts=15 q_bytes=22560 qdelay_l_ms=1.09857 qdelay_c_ms=5.11999 ecn_mark=1784 drop=0
[QUEUE_STATS] t_ms=27152 q_pkts=15 q_bytes=22560 qdelay_l_ms=1.01704 qdelay_c_ms=5.39343 ecn_mark=1784 drop=0
[QUEUE_STATS] t_ms=27168 q_pkts=16 q_bytes=24064 qdelay_l_ms=1.11082 qdelay_c_ms=4.64792 ecn_mark=1785 drop=0
[QUEUE_STATS] t_ms=27184 q_pkts=16 q_bytes=24064 qdelay_l_ms=0 qdelay_c_ms=6.40994 ecn_mark=1785 drop=0
[QUEUE_STATS] t_ms=27200 q_pkts=15 q_bytes=22560 qdelay_l_ms=1.05978 qdelay_c_ms=5.22801 ecn_mark=1786 drop=0
[QUEUE_STATS] t_ms=27216 q_pkts=14 q_bytes=21056 qdelay_l_ms=1.06624 qdelay_c_ms=6.35447 ecn_mark=1787 drop=0
[QUEUE_STATS] t_ms=27232 q_pkts=16 q_bytes=24064 qdelay_l_ms=1.09738 qdelay_c_ms=4.89101 ecn_mark=1787 drop=0
[QUEUE_STATS] t_ms=27248 q_pkts=16 q_bytes=24064 qdelay_l_ms=1.07028 qdelay_c_ms=5.63347 ecn_mark=1788 drop=0
[QUEUE_STATS] t_ms=27264 q_pkts=15 q_bytes=22560 qdelay_l_ms=1.09017 qdelay_c_ms=5.91233 ecn_mark=1790 drop=0
[QUEUE_STATS] t_ms=27280 q_pkts=17 q_bytes=25568 qdelay_l_ms=1.07012 qdelay_c_ms=4.94643 ecn_mark=1792 drop=0
[QUEUE_STATS] t_ms=27296 q_pkts=17 q_bytes=25568 qdelay_l_ms=1.06546 qdelay_c_ms=6.02765 ecn_mark=1793 drop=0
[QUEUE_STATS] t_ms=27312 q_pkts=16 q_bytes=24064 qdelay_l_ms=1.02934 qdelay_c_ms=6.17015 ecn_mark=1793 drop=0
[QUEUE_STATS] t_ms=27328 q_pkts=15 q_bytes=22560 qdelay_l_ms=0.31886 qdelay_c_ms=4.70571 ecn_mark=1793 drop=0
[QUEUE_STATS] t_ms=27344 q_pkts=18 q_bytes=27072 qdelay_l_ms=0.339999 qdelay_c_ms=5.71662 ecn_mark=1794 drop=0
[QUEUE_STATS] t_ms=27360 q_pkts=19 q_bytes=28576 qdelay_l_ms=1.02606 qdelay_c_ms=6.42105 ecn_mark=1795 drop=0
[QUEUE_STATS] t_ms=27376 q_pkts=17 q_bytes=25568 qdelay_l_ms=1.07613 qdelay_c_ms=6.15586 ecn_mark=1797 drop=0
[QUEUE_STATS] t_ms=27392 q_pkts=18 q_bytes=27072 qdelay_l_ms=1.06469 qdelay_c_ms=5.71532 ecn_mark=1799 drop=0
[QUEUE_STATS] t_ms=27408 q_pkts=19 q_bytes=28576 qdelay_l_ms=1.0626 qdelay_c_ms=6.81127 ecn_mark=1799 drop=0
[QUEUE_STATS] t_ms=27424 q_pkts=17 q_bytes=25568 qdelay_l_ms=1.07247 qdelay_c_ms=6.15936 ecn_mark=1801 drop=0
[QUEUE_STATS] t_ms=27440 q_pkts=18 q_bytes=27072 qdelay_l_ms=1.09188 qdelay_c_ms=7.23344 ecn_mark=1803 drop=0
[QUEUE_STATS] t_ms=27456 q_pkts=19 q_bytes=28576 qdelay_l_ms=1.09614 qdelay_c_ms=5.6438 ecn_mark=1805 drop=0
[QUEUE_STATS] t_ms=27472 q_pkts=19 q_bytes=28576 qdelay_l_ms=0.870616 qdelay_c_ms=6.87483 ecn_mark=1805 drop=0
[QUEUE_STATS] t_ms=27488 q_pkts=17 q_bytes=25568 qdelay_l_ms=1.06547 qdelay_c_ms=6.03463 ecn_mark=1805 drop=0
[QUEUE_STATS] t_ms=27504 q_pkts=19 q_bytes=28576 qdelay_l_ms=1.10042 qdelay_c_ms=5.7619 ecn_mark=1806 drop=0
[QUEUE_STATS] t_ms=27520 q_pkts=19 q_bytes=28576 qdelay_l_ms=1.07873 qdelay_c_ms=7.2013 ecn_mark=1806 drop=0
[QUEUE_STATS] t_ms=27536 q_pkts=20 q_bytes=30080 qdelay_l_ms=0.88844 qdelay_c_ms=6.96476 ecn_mark=1808 drop=0
[QUEUE_STATS] t_ms=27552 q_pkts=18 q_bytes=27072 qdelay_l_ms=1.06723 qdelay_c_ms=6.31667 ecn_mark=1809 drop=0
[QUEUE_STATS] t_ms=27568 q_pkts=19 q_bytes=28576 qdelay_l_ms=1.07986 qdelay_c_ms=5.79758 ecn_mark=1810 drop=0
[QUEUE_STATS] t_ms=27584 q_pkts=20 q_bytes=30080 qdelay_l_ms=1.09549 qdelay_c_ms=7.14344 ecn_mark=1812 drop=0
[QUEUE_STATS] t_ms=27600 q_pkts=17 q_bytes=25568 qdelay_l_ms=0.851541 qdelay_c_ms=6.02223 ecn_mark=1812 drop=0
[QUEUE_STATS] t_ms=27616 q_pkts=18 q_bytes=27072 qdelay_l_ms=1.06552 qdelay_c_ms=7.09656 ecn_mark=1812 drop=0
[QUEUE_STATS] t_ms=27632 q_pkts=21 q_bytes=31584 qdelay_l_ms=0.85658 qdelay_c_ms=6.46884 ecn_mark=1812 drop=0
[QUEUE_STATS] t_ms=27648 q_pkts=20 q_bytes=30080 qdelay_l_ms=1.09161 qdelay_c_ms=7.51506 ecn_mark=1813 drop=0
[QUEUE_STATS] t_ms=27664 q_pkts=19 q_bytes=28576 qdelay_l_ms=0.353094 qdelay_c_ms=6.8188 ecn_mark=1814 drop=0
[QUEUE_STATS] t_ms=27680 q_pkts=21 q_bytes=31584 qdelay_l_ms=0 qdelay_c_ms=7.81907 ecn_mark=1814 drop=0
[QUEUE_STATS] t_ms=27696 q_pkts=21 q_bytes=31584 qdelay_l_ms=1.08722 qdelay_c_ms=7.9597 ecn_mark=1814 drop=0
[QUEUE_STATS] t_ms=27712 q_pkts=23 q_bytes=34592 qdelay_l_ms=1.10803 qdelay_c_ms=7.92219 ecn_mark=1815 drop=0
[QUEUE_STATS] t_ms=27728 q_pkts=24 q_bytes=36096 qdelay_l_ms=0 qdelay_c_ms=8.16811 ecn_mark=1815 drop=0
[QUEUE_STATS] t_ms=27744 q_pkts=24 q_bytes=36096 qdelay_l_ms=1.07098 qdelay_c_ms=7.63868 ecn_mark=1815 drop=0
[QUEUE_STATS] t_ms=27760 q_pkts=22 q_bytes=33088 qdelay_l_ms=1.06603 qdelay_c_ms=8.18255 ecn_mark=1816 drop=0
[QUEUE_STATS] t_ms=27776 q_pkts=25 q_bytes=37600 qdelay_l_ms=1.07224 qdelay_c_ms=7.92039 ecn_mark=1817 drop=0
[QUEUE_STATS] t_ms=27792 q_pkts=24 q_bytes=36096 qdelay_l_ms=1.09936 qdelay_c_ms=8.1014 ecn_mark=1818 drop=0
[QUEUE_STATS] t_ms=27808 q_pkts=23 q_bytes=34592 qdelay_l_ms=1.09496 qdelay_c_ms=9.11674 ecn_mark=1819 drop=0
[QUEUE_STATS] t_ms=27824 q_pkts=23 q_bytes=34592 qdelay_l_ms=1.04818 qdelay_c_ms=9.04037 ecn_mark=1819 drop=0
[QUEUE_STATS] t_ms=27840 q_pkts=24 q_bytes=36096 qdelay_l_ms=1.09626 qdelay_c_ms=8.37383 ecn_mark=1821 drop=0
[QUEUE_STATS] t_ms=27856 q_pkts=23 q_bytes=34592 qdelay_l_ms=0 qdelay_c_ms=7.86932 ecn_mark=1821 drop=0
[QUEUE_STATS] t_ms=27872 q_pkts=23 q_bytes=34592 qdelay_l_ms=1.09958 qdelay_c_ms=7.75567 ecn_mark=1822 drop=0
[QUEUE_STATS] t_ms=27888 q_pkts=24 q_bytes=36096 qdelay_l_ms=0.583396 qdelay_c_ms=7.5764 ecn_mark=1822 drop=0
[QUEUE_STATS] t_ms=27904 q_pkts=24 q_bytes=36096 qdelay_l_ms=1.08882 qdelay_c_ms=8.91673 ecn_mark=1822 drop=0
[QUEUE_STATS] t_ms=27920 q_pkts=25 q_bytes=37600 qdelay_l_ms=1.09315 qdelay_c_ms=8.88297 ecn_mark=1823 drop=0
[QUEUE_STATS] t_ms=27936 q_pkts=26 q_bytes=39104 qdelay_l_ms=0.971045 qdelay_c_ms=8.87237 ecn_mark=1824 drop=0
[QUEUE_STATS] t_ms=27952 q_pkts=26 q_bytes=39104 qdelay_l_ms=1.10036 qdelay_c_ms=8.72989 ecn_mark=1824 drop=0
[QUEUE_STATS] t_ms=27968 q_pkts=25 q_bytes=37600 qdelay_l_ms=1.06522 qdelay_c_ms=9.09298 ecn_mark=1825 drop=0
[QUEUE_STATS] t_ms=27984 q_pkts=24 q_bytes=36096 qdelay_l_ms=1.02166 qdelay_c_ms=9.2375 ecn_mark=1825 drop=0
[QUEUE_STATS] t_ms=28000 q_pkts=27 q_bytes=40608 qdelay_l_ms=0.754958 qdelay_c_ms=8.84817 ecn_mark=1826 drop=0
[QUEUE_STATS] t_ms=28016 q_pkts=27 q_bytes=40608 qdelay_l_ms=1.08656 qdelay_c_ms=10.2292 ecn_mark=1828 drop=0
[QUEUE_STATS] t_ms=28032 q_pkts=27 q_bytes=40608 qdelay_l_ms=1.09282 qdelay_c_ms=11.0904 ecn_mark=1828 drop=0
[QUEUE_STATS] t_ms=28048 q_pkts=27 q_bytes=40608 qdelay_l_ms=1.07882 qdelay_c_ms=9.78876 ecn_mark=1830 drop=0
[QUEUE_STATS] t_ms=28064 q_pkts=26 q_bytes=39104 qdelay_l_ms=0.773143 qdelay_c_ms=9.95415 ecn_mark=1830 drop=0
[QUEUE_STATS] t_ms=28080 q_pkts=26 q_bytes=39104 qdelay_l_ms=0 qdelay_c_ms=10.0936 ecn_mark=1830 drop=0
[QUEUE_STATS] t_ms=28096 q_pkts=29 q_bytes=43616 qdelay_l_ms=1.09861 qdelay_c_ms=9.27706 ecn_mark=1830 drop=0
[QUEUE_STATS] t_ms=28112 q_pkts=27 q_bytes=40608 qdelay_l_ms=1.05828 qdelay_c_ms=10.8852 ecn_mark=1830 drop=0
[QUEUE_STATS] t_ms=28128 q_pkts=28 q_bytes=42112 qdelay_l_ms=0.973359 qdelay_c_ms=9.99357 ecn_mark=1830 drop=0
[QUEUE_STATS] t_ms=28144 q_pkts=29 q_bytes=43616 qdelay_l_ms=1.09918 qdelay_c_ms=9.88668 ecn_mark=1832 drop=0
[QUEUE_STATS] t_ms=28160 q_pkts=29 q_bytes=43616 qdelay_l_ms=0.914959 qdelay_c_ms=11.1062 ecn_mark=1832 drop=0
[QUEUE_STATS] t_ms=28176 q_pkts=31 q_bytes=46624 qdelay_l_ms=1.10542 qdelay_c_ms=10.8801 ecn_mark=1835 drop=0
[QUEUE_STATS] t_ms=28192 q_pkts=31 q_bytes=46624 qdelay_l_ms=1.10202 qdelay_c_ms=11.055 ecn_mark=1840 drop=0
[QUEUE_STATS] t_ms=28208 q_pkts=32 q_bytes=48128 qdelay_l_ms=0.461427 qdelay_c_ms=12.1799 ecn_mark=1840 drop=0
[QUEUE_STATS] t_ms=28224 q_pkts=31 q_bytes=46624 qdelay_l_ms=0.641024 qdelay_c_ms=10.8822 ecn_mark=1840 drop=0
[QUEUE_STATS] t_ms=28240 q_pkts=31 q_bytes=46624 qdelay_l_ms=0.882368 qdelay_c_ms=11.1098 ecn_mark=1842 drop=0
[QUEUE_STATS] t_ms=28256 q_pkts=32 q_bytes=48128 qdelay_l_ms=0.928315 qdelay_c_ms=11.1367 ecn_mark=1842 drop=0
[QUEUE_STATS] t_ms=28272 q_pkts=31 q_bytes=46624 qdelay_l_ms=1.08402 qdelay_c_ms=10.7145 ecn_mark=1842 drop=0
[QUEUE_STATS] t_ms=28288 q_pkts=31 q_bytes=46624 qdelay_l_ms=0.859886 qdelay_c_ms=11.9397 ecn_mark=1842 drop=0
[QUEUE_STATS] t_ms=28304 q_pkts=33 q_bytes=49632 qdelay_l_ms=0.913116 qdelay_c_ms=11.8928 ecn_mark=1844 drop=0
[QUEUE_STATS] t_ms=28320 q_pkts=32 q_bytes=48128 qdelay_l_ms=0.757224 qdelay_c_ms=10.7142 ecn_mark=1844 drop=0
[QUEUE_STATS] t_ms=28336 q_pkts=31 q_bytes=46624 qdelay_l_ms=0.700496 qdelay_c_ms=11.595 ecn_mark=1845 drop=0
[QUEUE_STATS] t_ms=28352 q_pkts=31 q_bytes=46624 qdelay_l_ms=0.731475 qdelay_c_ms=11.7523 ecn_mark=1846 drop=0
[QUEUE_STATS] t_ms=28368 q_pkts=34 q_bytes=51136 qdelay_l_ms=1.09741 qdelay_c_ms=11.697 ecn_mark=1849 drop=0
[QUEUE_STATS] t_ms=28384 q_pkts=32 q_bytes=48128 qdelay_l_ms=0.937502 qdelay_c_ms=11.9138 ecn_mark=1852 drop=0
[QUEUE_STATS] t_ms=28400 q_pkts=31 q_bytes=46624 qdelay_l_ms=1.08077 qdelay_c_ms=12.9134 ecn_mark=1853 drop=0
[QUEUE_STATS] t_ms=28416 q_pkts=34 q_bytes=51136 qdelay_l_ms=1.07191 qdelay_c_ms=11.8658 ecn_mark=1853 drop=0
[QUEUE_STATS] t_ms=28432 q_pkts=31 q_bytes=46624 qdelay_l_ms=0.734019 qdelay_c_ms=10.59 ecn_mark=1854 drop=0
[QUEUE_STATS] t_ms=28448 q_pkts=32 q_bytes=48128 qdelay_l_ms=1.07841 qdelay_c_ms=12.1219 ecn_mark=1855 drop=0
[QUEUE_STATS] t_ms=28464 q_pkts=32 q_bytes=48128 qdelay_l_ms=0.896314 qdelay_c_ms=11.9423 ecn_mark=1857 drop=0
[QUEUE_STATS] t_ms=28480 q_pkts=32 q_bytes=48128 qdelay_l_ms=1.09439 qdelay_c_ms=12.1608 ecn_mark=1858 drop=0
[QUEUE_STATS] t_ms=28496 q_pkts=33 q_bytes=49632 qdelay_l_ms=1.07266 qdelay_c_ms=12.62 ecn_mark=1859 drop=0
[QUEUE_STATS] t_ms=28512 q_pkts=34 q_bytes=51136 qdelay_l_ms=0 qdelay_c_ms=12.0575 ecn_mark=1860 drop=0
[QUEUE_STATS] t_ms=28528 q_pkts=30 q_bytes=45120 qdelay_l_ms=0.730683 qdelay_c_ms=11.8822 ecn_mark=1862 drop=0
[QUEUE_STATS] t_ms=28544 q_pkts=31 q_bytes=46624 qdelay_l_ms=0.966246 qdelay_c_ms=11.8112 ecn_mark=1862 drop=0
[QUEUE_STATS] t_ms=28560 q_pkts=33 q_bytes=49632 qdelay_l_ms=1.06988 qdelay_c_ms=10.8531 ecn_mark=1864 drop=0
[QUEUE_STATS] t_ms=28576 q_pkts=32 q_bytes=48128 qdelay_l_ms=1.06543 qdelay_c_ms=11.9188 ecn_mark=1865 drop=0
[QUEUE_STATS] t_ms=28592 q_pkts=32 q_bytes=48128 qdelay_l_ms=1.07025 qdelay_c_ms=12.8649 ecn_mark=1865 drop=0
[QUEUE_STATS] t_ms=28608 q_pkts=33 q_bytes=49632 qdelay_l_ms=0.957339 qdelay_c_ms=11.383 ecn_mark=1865 drop=0
[QUEUE_STATS] t_ms=28624 q_pkts=33 q_bytes=49632 qdelay_l_ms=1.09519 qdelay_c_ms=12.0794 ecn_mark=1866 drop=0
[QUEUE_STATS] t_ms=28640 q_pkts=34 q_bytes=51136 qdelay_l_ms=1.06702 qdelay_c_ms=12.1455 ecn_mark=1867 drop=0
[QUEUE_STATS] t_ms=28656 q_pkts=34 q_bytes=51136 qdelay_l_ms=0.952941 qdelay_c_ms=11.0662 ecn_mark=1867 drop=0
[QUEUE_STATS] t_ms=28672 q_pkts=34 q_bytes=51136 qdelay_l_ms=1.07906 qdelay_c_ms=12.8018 ecn_mark=1868 drop=0
[QUEUE_STATS] t_ms=28688 q_pkts=33 q_bytes=49632 qdelay_l_ms=0.746072 qdelay_c_ms=12.5355 ecn_mark=1870 drop=0
[QUEUE_STATS] t_ms=28704 q_pkts=34 q_bytes=51136 qdelay_l_ms=1.07338 qdelay_c_ms=12.0958 ecn_mark=1870 drop=0
[QUEUE_STATS] t_ms=28720 q_pkts=35 q_bytes=52640 qdelay_l_ms=0.96829 qdelay_c_ms=12.0431 ecn_mark=1871 drop=0
[QUEUE_STATS] t_ms=28736 q_pkts=33 q_bytes=49632 qdelay_l_ms=0.96311 qdelay_c_ms=13.3715 ecn_mark=1872 drop=0
[QUEUE_STATS] t_ms=28752 q_pkts=34 q_bytes=51136 qdelay_l_ms=1.07214 qdelay_c_ms=13.6052 ecn_mark=1872 drop=0
[QUEUE_STATS] t_ms=28768 q_pkts=36 q_bytes=54144 qdelay_l_ms=1.09179 qdelay_c_ms=13.0034 ecn_mark=1874 drop=0
[QUEUE_STATS] t_ms=28784 q_pkts=36 q_bytes=54144 qdelay_l_ms=0.966747 qdelay_c_ms=13.4886 ecn_mark=1874 drop=0
[QUEUE_STATS] t_ms=28800 q_pkts=34 q_bytes=51136 qdelay_l_ms=1.06966 qdelay_c_ms=13.1232 ecn_mark=1874 drop=0
[QUEUE_STATS] t_ms=28816 q_pkts=35 q_bytes=52640 qdelay_l_ms=0 qdelay_c_ms=12.9885 ecn_mark=1875 drop=0
[QUEUE_STATS] t_ms=28832 q_pkts=35 q_bytes=52640 qdelay_l_ms=1.06563 qdelay_c_ms=12.8076 ecn_mark=1877 drop=0
[QUEUE_STATS] t_ms=28848 q_pkts=36 q_bytes=54144 qdelay_l_ms=1.07646 qdelay_c_ms=14.0053 ecn_mark=1880 drop=0
[QUEUE_STATS] t_ms=28864 q_pkts=35 q_bytes=52640 qdelay_l_ms=1.07767 qdelay_c_ms=13.3162 ecn_mark=1880 drop=0
[QUEUE_STATS] t_ms=28880 q_pkts=37 q_bytes=55648 qdelay_l_ms=1.07008 qdelay_c_ms=13.8153 ecn_mark=1881 drop=0
[QUEUE_STATS] t_ms=28896 q_pkts=36 q_bytes=54144 qdelay_l_ms=1.07207 qdelay_c_ms=13.6371 ecn_mark=1882 drop=0
[QUEUE_STATS] t_ms=28912 q_pkts=38 q_bytes=57152 qdelay_l_ms=0.607802 qdelay_c_ms=13.8381 ecn_mark=1882 drop=0
[QUEUE_STATS] t_ms=28928 q_pkts=39 q_bytes=58656 qdelay_l_ms=0.907235 qdelay_c_ms=14.0736 ecn_mark=1883 drop=0
[QUEUE_STATS] t_ms=28944 q_pkts=37 q_bytes=55648 qdelay_l_ms=1.06234 qdelay_c_ms=13.9913 ecn_mark=1884 drop=0
[QUEUE_STATS] t_ms=28960 q_pkts=37 q_bytes=55648 qdelay_l_ms=1.06745 qdelay_c_ms=13.6241 ecn_mark=1884 drop=0
[QUEUE_STATS] t_ms=28976 q_pkts=36 q_bytes=54144 qdelay_l_ms=0.951409 qdelay_c_ms=14.0928 ecn_mark=1884 drop=0
[QUEUE_STATS] t_ms=28992 q_pkts=38 q_bytes=57152 qdelay_l_ms=1.07314 qdelay_c_ms=14.0821 ecn_mark=1885 drop=0
[QUEUE_STATS] t_ms=29008 q_pkts=39 q_bytes=58656 qdelay_l_ms=0.777261 qdelay_c_ms=14.0864 ecn_mark=1887 drop=0
[QUEUE_STATS] t_ms=29024 q_pkts=38 q_bytes=57152 qdelay_l_ms=0.951839 qdelay_c_ms=14.1732 ecn_mark=1887 drop=0
[QUEUE_STATS] t_ms=29040 q_pkts=38 q_bytes=57152 qdelay_l_ms=1.07703 qdelay_c_ms=14.0467 ecn_mark=1887 drop=0
[QUEUE_STATS] t_ms=29056 q_pkts=39 q_bytes=58656 qdelay_l_ms=1.10879 qdelay_c_ms=14.1259 ecn_mark=1888 drop=0
[QUEUE_STATS] t_ms=29072 q_pkts=41 q_bytes=61664 qdelay_l_ms=1.06637 qdelay_c_ms=14.116 ecn_mark=1889 drop=0
[QUEUE_STATS] t_ms=29088 q_pkts=39 q_bytes=58656 qdelay_l_ms=0.475373 qdelay_c_ms=14.7423 ecn_mark=1890 drop=0
[QUEUE_STATS] t_ms=29104 q_pkts=38 q_bytes=57152 qdelay_l_ms=1.09839 qdelay_c_ms=13.9735 ecn_mark=1894 drop=0
[QUEUE_STATS] t_ms=29120 q_pkts=40 q_bytes=60160 qdelay_l_ms=1.09461 qdelay_c_ms=14.0696 ecn_mark=1896 drop=0
[QUEUE_STATS] t_ms=29136 q_pkts=39 q_bytes=58656 qdelay_l_ms=0.979411 qdelay_c_ms=15.0846 ecn_mark=1896 drop=0
[QUEUE_STATS] t_ms=29152 q_pkts=40 q_bytes=60160 qdelay_l_ms=0.966125 qdelay_c_ms=14.1974 ecn_mark=1897 drop=0
[QUEUE_STATS] t_ms=29168 q_pkts=40 q_bytes=60160 qdelay_l_ms=0.930819 qdelay_c_ms=13.8728 ecn_mark=1897 drop=0
[QUEUE_STATS] t_ms=29184 q_pkts=38 q_bytes=57152 qdelay_l_ms=1.09003 qdelay_c_ms=13.935 ecn_mark=1897 drop=0
[QUEUE_STATS] t_ms=29200 q_pkts=40 q_bytes=60160 qdelay_l_ms=1.06914 qdelay_c_ms=14.0177 ecn_mark=1901 drop=0
[QUEUE_STATS] t_ms=29216 q_pkts=41 q_bytes=61664 qdelay_l_ms=0.538092 qdelay_c_ms=15.1042 ecn_mark=1902 drop=0
[QUEUE_STATS] t_ms=29232 q_pkts=41 q_bytes=61664 qdelay_l_ms=1.05645 qdelay_c_ms=15.0256 ecn_mark=1905 drop=0
[QUEUE_STATS] t_ms=29248 q_pkts=40 q_bytes=60160 qdelay_l_ms=1.0978 qdelay_c_ms=14.8818 ecn_mark=1906 drop=0
[QUEUE_STATS] t_ms=29264 q_pkts=39 q_bytes=58656 qdelay_l_ms=1.05221 qdelay_c_ms=15.1713 ecn_mark=1906 drop=0
[QUEUE_STATS] t_ms=29280 q_pkts=30 q_bytes=45120 qdelay_l_ms=1.00687 qdelay_c_ms=13.7478 ecn_mark=1906 drop=0
[QUEUE_STATS] t_ms=29296 q_pkts=16 q_bytes=24064 qdelay_l_ms=0.935468 qdelay_c_ms=7.73822 ecn_mark=1906 drop=0
[QUEUE_STATS] t_ms=29312 q_pkts=6 q_bytes=9024 qdelay_l_ms=1.08699 qdelay_c_ms=1.08124 ecn_mark=1907 drop=0
[QUEUE_STATS] t_ms=29328 q_pkts=5 q_bytes=7520 qdelay_l_ms=0.634151 qdelay_c_ms=0.627198 ecn_mark=1907 drop=0
[QUEUE_STATS] t_ms=29344 q_pkts=6 q_bytes=9024 qdelay_l_ms=0.770057 qdelay_c_ms=1.91221 ecn_mark=1907 drop=0
[QUEUE_STATS] t_ms=29360 q_pkts=4 q_bytes=6016 qdelay_l_ms=1.09139 qdelay_c_ms=1.08545 ecn_mark=1908 drop=0
[QUEUE_STATS] t_ms=29376 q_pkts=8 q_bytes=12032 qdelay_l_ms=1.06569 qdelay_c_ms=3.22256 ecn_mark=1909 drop=0
[QUEUE_STATS] t_ms=29392 q_pkts=7 q_bytes=10528 qdelay_l_ms=1.08537 qdelay_c_ms=2.04105 ecn_mark=1909 drop=0
[QUEUE_STATS] t_ms=29408 q_pkts=4 q_bytes=6016 qdelay_l_ms=1.08824 qdelay_c_ms=1.08258 ecn_mark=1909 drop=0
[QUEUE_STATS] t_ms=29424 q_pkts=6 q_bytes=9024 qdelay_l_ms=1.073 qdelay_c_ms=2.1777 ecn_mark=1910 drop=0
[QUEUE_STATS] t_ms=29440 q_pkts=6 q_bytes=9024 qdelay_l_ms=1.06888 qdelay_c_ms=2.07381 ecn_mark=1910 drop=0
[QUEUE_STATS] t_ms=29456 q_pkts=6 q_bytes=9024 qdelay_l_ms=1.07097 qdelay_c_ms=2.17383 ecn_mark=1910 drop=0
[QUEUE_STATS] t_ms=29472 q_pkts=6 q_bytes=9024 qdelay_l_ms=1.03849 qdelay_c_ms=2.03089 ecn_mark=1910 drop=0
[QUEUE_STATS] t_ms=29488 q_pkts=7 q_bytes=10528 qdelay_l_ms=1.10706 qdelay_c_ms=1.40925 ecn_mark=1913 drop=0
[QUEUE_STATS] t_ms=29504 q_pkts=5 q_bytes=7520 qdelay_l_ms=1.08872 qdelay_c_ms=2.02082 ecn_mark=1914 drop=0
[QUEUE_STATS] t_ms=29520 q_pkts=5 q_bytes=7520 qdelay_l_ms=1.06692 qdelay_c_ms=2.14382 ecn_mark=1915 drop=0
[QUEUE_STATS] t_ms=29536 q_pkts=2 q_bytes=3008 qdelay_l_ms=1.08143 qdelay_c_ms=0 ecn_mark=1916 drop=0
[QUEUE_STATS] t_ms=29552 q_pkts=5 q_bytes=7520 qdelay_l_ms=1.06977 qdelay_c_ms=2.11982 ecn_mark=1916 drop=0
[QUEUE_STATS] t_ms=29568 q_pkts=6 q_bytes=9024 qdelay_l_ms=1.09722 qdelay_c_ms=2.16343 ecn_mark=1918 drop=0
[QUEUE_STATS] t_ms=29584 q_pkts=4 q_bytes=6016 qdelay_l_ms=1.0621 qdelay_c_ms=2.19849 ecn_mark=1919 drop=0
[QUEUE_STATS] t_ms=29600 q_pkts=5 q_bytes=7520 qdelay_l_ms=0.948272 qdelay_c_ms=2.03608 ecn_mark=1921 drop=0
[QUEUE_STATS] t_ms=29616 q_pkts=6 q_bytes=9024 qdelay_l_ms=1.09808 qdelay_c_ms=2.04609 ecn_mark=1921 drop=0
[QUEUE_STATS] t_ms=29632 q_pkts=6 q_bytes=9024 qdelay_l_ms=0.728309 qdelay_c_ms=1.85926 ecn_mark=1921 drop=0
[QUEUE_STATS] t_ms=29648 q_pkts=10 q_bytes=15040 qdelay_l_ms=0.9842 qdelay_c_ms=2.12005 ecn_mark=1922 drop=0
[QUEUE_STATS] t_ms=29664 q_pkts=5 q_bytes=7520 qdelay_l_ms=0.76603 qdelay_c_ms=0.76066 ecn_mark=1922 drop=0
[QUEUE_STATS] t_ms=29680 q_pkts=6 q_bytes=9024 qdelay_l_ms=0.322586 qdelay_c_ms=1.43441 ecn_mark=1923 drop=0
[QUEUE_STATS] t_ms=29696 q_pkts=8 q_bytes=12032 qdelay_l_ms=1.06452 qdelay_c_ms=3.11048 ecn_mark=1924 drop=0
[QUEUE_STATS] t_ms=29712 q_pkts=3 q_bytes=4512 qdelay_l_ms=0.726756 qdelay_c_ms=1.83771 ecn_mark=1925 drop=0
[QUEUE_STATS] t_ms=29728 q_pkts=5 q_bytes=7520 qdelay_l_ms=0.955806 qdelay_c_ms=2.10136 ecn_mark=1925 drop=0
[QUEUE_STATS] t_ms=29744 q_pkts=7 q_bytes=10528 qdelay_l_ms=1.09314 qdelay_c_ms=1.79924 ecn_mark=1926 drop=0
[QUEUE_STATS] t_ms=29760 q_pkts=7 q_bytes=10528 qdelay_l_ms=1.09687 qdelay_c_ms=1.96606 ecn_mark=1927 drop=0
[QUEUE_STATS] t_ms=29776 q_pkts=6 q_bytes=9024 qdelay_l_ms=0.930749 qdelay_c_ms=2.06937 ecn_mark=1928 drop=0
[QUEUE_STATS] t_ms=29792 q_pkts=8 q_bytes=12032 qdelay_l_ms=1.09836 qdelay_c_ms=2.96023 ecn_mark=1930 drop=0
[QUEUE_STATS] t_ms=29808 q_pkts=8 q_bytes=12032 qdelay_l_ms=1.09459 qdelay_c_ms=3.03339 ecn_mark=1933 drop=0
[QUEUE_STATS] t_ms=29824 q_pkts=8 q_bytes=12032 qdelay_l_ms=1.06428 qdelay_c_ms=2.92673 ecn_mark=1934 drop=0
[QUEUE_STATS] t_ms=29840 q_pkts=9 q_bytes=13536 qdelay_l_ms=1.0715 qdelay_c_ms=2.92925 ecn_mark=1935 drop=0
[QUEUE_STATS] t_ms=29856 q_pkts=8 q_bytes=12032 qdelay_l_ms=1.07657 qdelay_c_ms=2.93823 ecn_mark=1935 drop=0
[QUEUE_STATS] t_ms=29872 q_pkts=7 q_bytes=10528 qdelay_l_ms=0.923786 qdelay_c_ms=2.99902 ecn_mark=1935 drop=0
[QUEUE_STATS] t_ms=29888 q_pkts=11 q_bytes=16544 qdelay_l_ms=0.628722 qdelay_c_ms=2.67875 ecn_mark=1936 drop=0
[QUEUE_STATS] t_ms=29904 q_pkts=10 q_bytes=15040 qdelay_l_ms=0.799002 qdelay_c_ms=3.86906 ecn_mark=1937 drop=0
[QUEUE_STATS] t_ms=29920 q_pkts=12 q_bytes=18048 qdelay_l_ms=1.05662 qdelay_c_ms=3.59455 ecn_mark=1938 drop=0
[QUEUE_STATS] t_ms=29936 q_pkts=12 q_bytes=18048 qdelay_l_ms=1.08102 qdelay_c_ms=3.76224 ecn_mark=1938 drop=0
[QUEUE_STATS] t_ms=29952 q_pkts=12 q_bytes=18048 qdelay_l_ms=1.07147 qdelay_c_ms=4.14695 ecn_mark=1940 drop=0
[QUEUE_STATS] t_ms=29968 q_pkts=12 q_bytes=18048 qdelay_l_ms=1.0999 qdelay_c_ms=3.68431 ecn_mark=1940 drop=0
[QUEUE_STATS] t_ms=29984 q_pkts=15 q_bytes=22560 qdelay_l_ms=1.07252 qdelay_c_ms=4.18647 ecn_mark=1943 drop=0
[QUEUE_STATS] t_ms=30000 q_pkts=11 q_bytes=16544 qdelay_l_ms=1.08428 qdelay_c_ms=4.87252 ecn_mark=1943 drop=0
[QUEUE_STATS] t_ms=30016 q_pkts=13 q_bytes=19552 qdelay_l_ms=1.06876 qdelay_c_ms=4.11444 ecn_mark=1943 drop=0
[QUEUE_STATS] t_ms=30032 q_pkts=14 q_bytes=21056 qdelay_l_ms=0.977608 qdelay_c_ms=4.88545 ecn_mark=1944 drop=0
[QUEUE_STATS] t_ms=30048 q_pkts=13 q_bytes=19552 qdelay_l_ms=1.06189 qdelay_c_ms=5.41592 ecn_mark=1945 drop=0
[QUEUE_STATS] t_ms=30064 q_pkts=15 q_bytes=22560 qdelay_l_ms=1.0658 qdelay_c_ms=4.99443 ecn_mark=1945 drop=0
[QUEUE_STATS] t_ms=30080 q_pkts=16 q_bytes=24064 qdelay_l_ms=0.841812 qdelay_c_ms=6.07776 ecn_mark=1945 drop=0
[QUEUE_STATS] t_ms=30096 q_pkts=15 q_bytes=22560 qdelay_l_ms=1.0821 qdelay_c_ms=5.73159 ecn_mark=1945 drop=0
[QUEUE_STATS] t_ms=30112 q_pkts=17 q_bytes=25568 qdelay_l_ms=1.05792 qdelay_c_ms=5.20462 ecn_mark=1946 drop=0
[QUEUE_STATS] t_ms=30128 q_pkts=18 q_bytes=27072 qdelay_l_ms=0.917374 qdelay_c_ms=6.08657 ecn_mark=1947 drop=0
[QUEUE_STATS] t_ms=30144 q_pkts=17 q_bytes=25568 qdelay_l_ms=0.601571 qdelay_c_ms=5.84907 ecn_mark=1947 drop=0
[QUEUE_STATS] t_ms=30160 q_pkts=17 q_bytes=25568 qdelay_l_ms=1.05072 qdelay_c_ms=5.87749 ecn_mark=1948 drop=0
[QUEUE_STATS] t_ms=30176 q_pkts=18 q_bytes=27072 qdelay_l_ms=1.08285 qdelay_c_ms=7.17084 ecn_mark=1950 drop=0
[QUEUE_STATS] t_ms=30192 q_pkts=20 q_bytes=30080 qdelay_l_ms=1.11293 qdelay_c_ms=6.92719 ecn_mark=1951 drop=0
[QUEUE_STATS] t_ms=30208 q_pkts=19 q_bytes=28576 qdelay_l_ms=0.804622 qdelay_c_ms=6.86362 ecn_mark=1951 drop=0
[QUEUE_STATS] t_ms=30224 q_pkts=11 q_bytes=16544 qdelay_l_ms=1.07946 qdelay_c_ms=6.33112 ecn_mark=1951 drop=0
[QUEUE_STATS] t_ms=30240 q_pkts=4 q_bytes=6016 qdelay_l_ms=0.753697 qdelay_c_ms=0.746