[QUEUE_STATS] t_ms=33 q_pkts=0 q_bytes=0 qdelay_l_ms=0 qdelay_c_ms=0 ecn_mark=0 drop=0
[QUEUE_STATS] t_ms=94 q_pkts=0 q_bytes=0 qdelay_l_ms=0 qdelay_c_ms=0 ecn_mark=0 drop=0
[QUEUE_STATS] t_ms=136 q_pkts=0 q_bytes=0 qdelay_l_ms=0 qdelay_c_ms=0 ecn_mark=0 drop=0
[QUEUE_STATS] t_ms=179 q_pkts=0 q_bytes=0 qdelay_l_ms=0 qdelay_c_ms=0 ecn_mark=0 drop=0
[QUEUE_STATS] t_ms=222 q_pkts=0 q_bytes=0 qdelay_l_ms=0 qdelay_c_ms=0 ecn_mark=0 drop=0
[QUEUE_STATS] t_ms=264 q_pkts=0 q_bytes=0 qdelay_l_ms=0 qdelay_c_ms=0 ecn_mark=0 drop=0
[QUEUE_STATS] t_ms=307 q_pkts=0 q_bytes=0 qdelay_l_ms=0 qdelay_c_ms=0 ecn_mark=0 drop=0
[QUEUE_STATS] t_ms=349 q_pkts=0 q_bytes=0 qdelay_l_ms=0 qdelay_c_ms=0 ecn_mark=0 drop=0
[QUEUE_STATS] t_ms=352 q_pkts=1 q_bytes=1504 qdelay_l_ms=1.06979 qdelay_c_ms=0 ecn_mark=0 drop=0
[QUEUE_STATS] t_ms=368 q_pkts=1 q_bytes=1504 qdelay_l_ms=1.08264 qdelay_c_ms=0 ecn_mark=0 drop=0
[QUEUE_STATS] t_ms=392 q_pkts=0 q_bytes=0 qdelay_l_ms=0 qdelay_c_ms=0 ecn_mark=0 drop=0
[QUEUE_STATS] t_ms=400 q_pkts=29 q_bytes=43616 qdelay_l_ms=1.07115 qdelay_c_ms=4.6611 ecn_mark=0 drop=0
[QUEUE_STATS] t_ms=416 q_pkts=2 q_bytes=3008 qdelay_l_ms=1.07658 qdelay_c_ms=0 ecn_mark=0 drop=0
[QUEUE_STATS] t_ms=433 q_pkts=0 q_bytes=0 qdelay_l_ms=0 qdelay_c_ms=0 ecn_mark=0 drop=0
[QUEUE_STATS] t_ms=448 q_pkts=44 q_bytes=66176 qdelay_l_ms=1.07746 qdelay_c_ms=9.24908 ecn_mark=0 drop=0
[QUEUE_STATS] t_ms=464 q_pkts=33 q_bytes=49632 qdelay_l_ms=0 qdelay_c_ms=21.6462 ecn_mark=0 drop=0
[QUEUE_STATS] t_ms=480 q_pkts=10 q_bytes=15040 qdelay_l_ms=2.04593 qdelay_c_ms=2.07342 ecn_mark=0 drop=0
[QUEUE_STATS] t_ms=496 q_pkts=47 q_bytes=70688 qdelay_l_ms=3.26974 qdelay_c_ms=14.9865 ecn_mark=0 drop=0
[QUEUE_STATS] t_ms=512 q_pkts=78 q_bytes=117312 qdelay_l_ms=11.1566 qdelay_c_ms=26.0688 ecn_mark=11 drop=0
[QUEUE_STATS] t_ms=528 q_pkts=97 q_bytes=144464 qdelay_l_ms=5.93419 qdelay_c_ms=40.0156 ecn_mark=38 drop=0
[QUEUE_STATS] t_ms=544 q_pkts=158 q_bytes=236208 qdelay_l_ms=13.1346 qdelay_c_ms=49.0483 ecn_mark=72 drop=0
[QUEUE_STATS] t_ms=560 q_pkts=149 q_bytes=222672 qdelay_l_ms=20.6956 qdelay_c_ms=55.8837 ecn_mark=127 drop=0
[QUEUE_STATS] t_ms=577 q_pkts=90 q_bytes=133936 qdelay_l_ms=30.0462 qdelay_c_ms=71.2087 ecn_mark=191 drop=0
[QUEUE_STATS] t_ms=592 q_pkts=40 q_bytes=58736 qdelay_l_ms=0.938915 qdelay_c_ms=79.8157 ecn_mark=222 drop=0
[QUEUE_STATS] t_ms=608 q_pkts=18 q_bytes=27072 qdelay_l_ms=1.06825 qdelay_c_ms=40.1042 ecn_mark=222 drop=0
[QUEUE_STATS] t_ms=624 q_pkts=2 q_bytes=3008 qdelay_l_ms=1.07688 qdelay_c_ms=0 ecn_mark=222 drop=0
[QUEUE_STATS] t_ms=640 q_pkts=12 q_bytes=18048 qdelay_l_ms=1.06794 qdelay_c_ms=8.66559 ecn_mark=222 drop=0
[QUEUE_STATS] t_ms=656 q_pkts=14 q_bytes=21056 qdelay_l_ms=1.05568 qdelay_c_ms=5.84478 ecn_mark=222 drop=0
[QUEUE_STATS] t_ms=672 q_pkts=3 q_bytes=4512 qdelay_l_ms=1.06787 qdelay_c_ms=1.06062 ecn_mark=222 drop=0
[QUEUE_STATS] t_ms=688 q_pkts=4 q_bytes=6016 qdelay_l_ms=1.06376 qdelay_c_ms=1.05679 ecn_mark=222 drop=0
[QUEUE_STATS] t_ms=704 q_pkts=18 q_bytes=27072 qdelay_l_ms=1.10135 qdelay_c_ms=5.20506 ecn_mark=222 drop=0
[QUEUE_STATS] t_ms=720 q_pkts=5 q_bytes=7520 qdelay_l_ms=1.04195 qdelay_c_ms=2.05438 ecn_mark=222 drop=0
[QUEUE_STATS] t_ms=736 q_pkts=4 q_bytes=6016 qdelay_l_ms=1.06297 qdelay_c_ms=1.05519 ecn_mark=222 drop=0
[QUEUE_STATS] t_ms=752 q_pkts=8 q_bytes=12032 qdelay_l_ms=1.10942 qdelay_c_ms=2.12893 ecn_mark=222 drop=0
[QUEUE_STATS] t_ms=768 q_pkts=5 q_bytes=7520 qdelay_l_ms=1.02721 qdelay_c_ms=2.02871 ecn_mark=222 drop=0
[QUEUE_STATS] t_ms=784 q_pkts=5 q_bytes=7520 qdelay_l_ms=1.08369 qdelay_c_ms=2.18707 ecn_mark=222 drop=0
[QUEUE_STATS] t_ms=800 q_pkts=9 q_bytes=13536 qdelay_l_ms=1.03594 qdelay_c_ms=3.0658 ecn_mark=222 drop=0
[QUEUE_STATS] t_ms=816 q_pkts=3 q_bytes=4512 qdelay_l_ms=1.02856 qdelay_c_ms=1.02193 ecn_mark=222 drop=0
[QUEUE_STATS] t_ms=832 q_pkts=5 q_bytes=7520 qdelay_l_ms=1.01087 qdelay_c_ms=1.88033 ecn_mark=222 drop=0
[QUEUE_STATS] t_ms=848 q_pkts=7 q_bytes=10528 qdelay_l_ms=1.06779 qdelay_c_ms=3.2144 ecn_mark=222 drop=0
[QUEUE_STATS] t_ms=864 q_pkts=4 q_bytes=6016 qdelay_l_ms=1.00094 qdelay_c_ms=0.993377 ecn_mark=222 drop=0
[QUEUE_STATS] t_ms=880 q_pkts=6 q_bytes=9024 qdelay_l_ms=1.10515 qdelay_c_ms=1.96893 ecn_mark=222 drop=0
[QUEUE_STATS] t_ms=896 q_pkts=9 q_bytes=13536 qdelay_l_ms=0.983278 qdelay_c_ms=2.94178 ecn_mark=222 drop=0
[QUEUE_STATS] t_ms=912 q_pkts=9 q_bytes=13536 qdelay_l_ms=1.06548 qdelay_c_ms=4.19871 ecn_mark=222 drop=0
[QUEUE_STATS] t_ms=928 q_pkts=14 q_bytes=21056 qdelay_l_ms=1.0463 qdelay_c_ms=4.30589 ecn_mark=222 drop=0
[QUEUE_STATS] t_ms=944 q_pkts=17 q_bytes=25568 qdelay_l_ms=0.984701 qdelay_c_ms=5.80826 ecn_mark=222 drop=0
[QUEUE_STATS] t_ms=960 q_pkts=17 q_bytes=25568 qdelay_l_ms=0.972699 qdelay_c_ms=8.00893 ecn_mark=222 drop=0
[QUEUE_STATS] t_ms=976 q_pkts=19 q_bytes=28576 qdelay_l_ms=1.06516 qdelay_c_ms=7.1294 ecn_mark=222 drop=0
[QUEUE_STATS] t_ms=992 q_pkts=22 q_bytes=33088 qdelay_l_ms=1.07201 qdelay_c_ms=8.91558 ecn_mark=222 drop=0
[QUEUE_STATS] t_ms=1008 q_pkts=25 q_bytes=37600 qdelay_l_ms=1.08034 qdelay_c_ms=10.9247 ecn_mark=222 drop=0
[QUEUE_STATS] t_ms=1024 q_pkts=24 q_bytes=36096 qdelay_l_ms=0.939015 qdelay_c_ms=9.96832 ecn_mark=222 drop=0
[QUEUE_STATS] t_ms=1040 q_pkts=30 q_bytes=45120 qdelay_l_ms=1.10137 qdelay_c_ms=11.9945 ecn_mark=222 drop=0
[QUEUE_STATS] t_ms=1056 q_pkts=30 q_bytes=45120 qdelay_l_ms=1.06383 qdelay_c_ms=13.2252 ecn_mark=222 drop=0
[QUEUE_STATS] t_ms=1072 q_pkts=32 q_bytes=48128 qdelay_l_ms=0.918837 qdelay_c_ms=13.0973 ecn_mark=222 drop=0
[QUEUE_STATS] t_ms=1089 q_pkts=33 q_bytes=49632 qdelay_l_ms=1.0708 qdelay_c_ms=15.1682 ecn_mark=222 drop=0
[QUEUE_STATS] t_ms=1104 q_pkts=36 q_bytes=54144 qdelay_l_ms=0.916612 qdelay_c_ms=14.7588 ecn_mark=222 drop=0
[QUEUE_STATS] t_ms=1120 q_pkts=40 q_bytes=60160 qdelay_l_ms=1.07454 qdelay_c_ms=15.9863 ecn_mark=222 drop=0
[QUEUE_STATS] t_ms=1136 q_pkts=40 q_bytes=60160 qdelay_l_ms=1.02289 qdelay_c_ms=18.2085 ecn_mark=222 drop=0
[QUEUE_STATS] t_ms=1152 q_pkts=40 q_bytes=60160 qdelay_l_ms=0.031058 qdelay_c_ms=17.0279 ecn_mark=222 drop=0
[QUEUE_STATS] t_ms=1168 q_pkts=45 q_bytes=67680 qdelay_l_ms=1.08774 qdelay_c_ms=18.9278 ecn_mark=222 drop=0
[QUEUE_STATS] t_ms=1184 q_pkts=48 q_bytes=72192 qdelay_l_ms=1.06179 qdelay_c_ms=22.0383 ecn_mark=222 drop=0
[QUEUE_STATS] t_ms=1200 q_pkts=49 q_bytes=73696 qdelay_l_ms=0 qdelay_c_ms=20.8363 ecn_mark=222 drop=0
[QUEUE_STATS] t_ms=1216 q_pkts=51 q_bytes=76704 qdelay_l_ms=1.08285 qdelay_c_ms=22.1579 ecn_mark=222 drop=0
[QUEUE_STATS] t_ms=1232 q_pkts=53 q_bytes=79712 qdelay_l_ms=1.06242 qdelay_c_ms=24.7649 ecn_mark=222 drop=0
[QUEUE_STATS] t_ms=1248 q_pkts=56 q_bytes=84224 qdelay_l_ms=1.09052 qdelay_c_ms=22.9415 ecn_mark=222 drop=0
[QUEUE_STATS] t_ms=1264 q_pkts=57 q_bytes=85728 qdelay_l_ms=1.07163 qdelay_c_ms=25.1588 ecn_mark=222 drop=0
[QUEUE_STATS] t_ms=1280 q_pkts=61 q_bytes=91744 qdelay_l_ms=0.912445 qdelay_c_ms=26.8874 ecn_mark=222 drop=0
[QUEUE_STATS] t_ms=1296 q_pkts=60 q_bytes=90240 qdelay_l_ms=1.08698 qdelay_c_ms=26.521 ecn_mark=222 drop=0
[QUEUE_STATS] t_ms=1312 q_pkts=63 q_bytes=94752 qdelay_l_ms=1.06601 qdelay_c_ms=29.0702 ecn_mark=222 drop=0
[QUEUE_STATS] t_ms=1328 q_pkts=67 q_bytes=100768 qdelay_l_ms=1.05831 qdelay_c_ms=30.0823 ecn_mark=222 drop=0
[QUEUE_STATS] t_ms=1344 q_pkts=63 q_bytes=94752 qdelay_l_ms=0.008866 qdelay_c_ms=28.1309 ecn_mark=222 drop=0
[QUEUE_STATS] t_ms=1360 q_pkts=70 q_bytes=105280 qdelay_l_ms=1.12979 qdelay_c_ms=33.0584 ecn_mark=222 drop=0
[QUEUE_STATS] t_ms=1376 q_pkts=74 q_bytes=111296 qdelay_l_ms=1.12429 qdelay_c_ms=31.8319 ecn_mark=222 drop=0
[QUEUE_STATS] t_ms=1392 q_pkts=74 q_bytes=111296 qdelay_l_ms=1.06909 qdelay_c_ms=33.9232 ecn_mark=222 drop=0
[QUEUE_STATS] t_ms=1408 q_pkts=75 q_bytes=112800 qdelay_l_ms=0.986784 qdelay_c_ms=34.9891 ecn_mark=222 drop=0
[QUEUE_STATS] t_ms=1424 q_pkts=78 q_bytes=117312 qdelay_l_ms=1.09878 qdelay_c_ms=36.7637 ecn_mark=222 drop=0
[QUEUE_STATS] t_ms=1440 q_pkts=79 q_bytes=118816 qdelay_l_ms=1.05459 qdelay_c_ms=37.3918 ecn_mark=222 drop=0
[QUEUE_STATS] t_ms=1456 q_pkts=82 q_bytes=123328 qdelay_l_ms=0.839408 qdelay_c_ms=38.9223 ecn_mark=222 drop=0
[QUEUE_STATS] t_ms=1472 q_pkts=83 q_bytes=124832 qdelay_l_ms=1.05849 qdelay_c_ms=39.1602 ecn_mark=222 drop=0
[QUEUE_STATS] t_ms=1488 q_pkts=84 q_bytes=126336 qdelay_l_ms=1.09755 qdelay_c_ms=40.0562 ecn_mark=222 drop=0
[QUEUE_STATS] t_ms=1504 q_pkts=86 q_bytes=129344 qdelay_l_ms=0.97381 qdelay_c_ms=41.9054 ecn_mark=222 drop=0
[QUEUE_STATS] t_ms=1520 q_pkts=89 q_bytes=133856 qdelay_l_ms=0.854627 qdelay_c_ms=41.4703 ecn_mark=222 drop=0
[QUEUE_STATS] t_ms=1536 q_pkts=90 q_bytes=135360 qdelay_l_ms=1.10101 qdelay_c_ms=44.2002 ecn_mark=222 drop=0
[QUEUE_STATS] t_ms=1552 q_pkts=91 q_bytes=136864 qdelay_l_ms=0.9417 qdelay_c_ms=43.8704 ecn_mark=222 drop=0
[QUEUE_STATS] t_ms=1568 q_pkts=93 q_bytes=139872 qdelay_l_ms=1.02085 qdelay_c_ms=46.0918 ecn_mark=222 drop=0
[QUEUE_STATS] t_ms=1584 q_pkts=95 q_bytes=142880 qdelay_l_ms=1.08407 qdelay_c_ms=46.9664 ecn_mark=222 drop=0
[QUEUE_STATS] t_ms=1600 q_pkts=98 q_bytes=147392 qdelay_l_ms=1.11234 qdelay_c_ms=48.1068 ecn_mark=222 drop=0
[QUEUE_STATS] t_ms=1616 q_pkts=98 q_bytes=147392 qdelay_l_ms=0.029095 qdelay_c_ms=49.0338 ecn_mark=222 drop=0
[QUEUE_STATS] t_ms=1632 q_pkts=101 q_bytes=151904 qdelay_l_ms=1.04021 qdelay_c_ms=48.9966 ecn_mark=222 drop=0
[QUEUE_STATS] t_ms=1648 q_pkts=104 q_bytes=156416 qdelay_l_ms=1.08002 qdelay_c_ms=51.9128 ecn_mark=222 drop=0
[QUEUE_STATS] t_ms=1664 q_pkts=102 q_bytes=153408 qdelay_l_ms=0.013215 qdelay_c_ms=52.9125 ecn_mark=222 drop=0
[QUEUE_STATS] t_ms=1680 q_pkts=107 q_bytes=160928 qdelay_l_ms=1.08208 qdelay_c_ms=52.9118 ecn_mark=222 drop=0
[QUEUE_STATS] t_ms=1696 q_pkts=109 q_bytes=163936 qdelay_l_ms=1.08135 qdelay_c_ms=57.2227 ecn_mark=222 drop=0
[QUEUE_STATS] t_ms=1712 q_pkts=113 q_bytes=169952 qdelay_l_ms=1.1264 qdelay_c_ms=57.1085 ecn_mark=222 drop=0
[QUEUE_STATS] t_ms=1728 q_pkts=114 q_bytes=171456 qdelay_l_ms=1.04635 qdelay_c_ms=57.9611 ecn_mark=222 drop=0
[QUEUE_STATS] t_ms=1744 q_pkts=115 q_bytes=172960 qdelay_l_ms=1.08504 qdelay_c_ms=59.0283 ecn_mark=222 drop=0
[QUEUE_STATS] t_ms=1760 q_pkts=112 q_bytes=168448 qdelay_l_ms=0 qdelay_c_ms=58.1809 ecn_mark=222 drop=0
[QUEUE_STATS] t_ms=1777 q_pkts=116 q_bytes=174464 qdelay_l_ms=1.08757 qdelay_c_ms=62.0489 ecn_mark=222 drop=0
[QUEUE_STATS] t_ms=1792 q_pkts=121 q_bytes=181984 qdelay_l_ms=0.902877 qdelay_c_ms=62.9945 ecn_mark=222 drop=0
[QUEUE_STATS] t_ms=1808 q_pkts=121 q_bytes=181984 qdelay_l_ms=0.783091 qdelay_c_ms=61.6886 ecn_mark=222 drop=0
[QUEUE_STATS] t_ms=1824 q_pkts=123 q_bytes=184992 qdelay_l_ms=1.07158 qdelay_c_ms=66.3901 ecn_mark=222 drop=0
[QUEUE_STATS] t_ms=1840 q_pkts=127 q_bytes=191008 qdelay_l_ms=1.07298 qdelay_c_ms=67.1376 ecn_mark=223 drop=0
[QUEUE_STATS] t_ms=1856 q_pkts=129 q_bytes=194016 qdelay_l_ms=1.06732 qdelay_c_ms=67.2249 ecn_mark=223 drop=0
[QUEUE_STATS] t_ms=1872 q_pkts=128 q_bytes=192512 qdelay_l_ms=0.846551 qdelay_c_ms=70.9722 ecn_mark=223 drop=0
[QUEUE_STATS] t_ms=1888 q_pkts=124 q_bytes=186496 qdelay_l_ms=0.919708 qdelay_c_ms=64.4779 ecn_mark=223 drop=0
[QUEUE_STATS] t_ms=1904 q_pkts=124 q_bytes=186496 qdelay_l_ms=1.051 qdelay_c_ms=65.9235 ecn_mark=223 drop=0
[QUEUE_STATS] t_ms=1921 q_pkts=127 q_bytes=191008 qdelay_l_ms=1.11933 qdelay_c_ms=68.9493 ecn_mark=223 drop=0
[QUEUE_STATS] t_ms=1936 q_pkts=126 q_bytes=189504 qdelay_l_ms=0 qdelay_c_ms=63.2251 ecn_mark=223 drop=0
[QUEUE_STATS] t_ms=1952 q_pkts=130 q_bytes=195520 qdelay_l_ms=1.07392 qdelay_c_ms=66.4563 ecn_mark=223 drop=0
[QUEUE_STATS] t_ms=1968 q_pkts=134 q_bytes=201536 qdelay_l_ms=0.988247 qdelay_c_ms=68.1852 ecn_mark=223 drop=0
[QUEUE_STATS] t_ms=1984 q_pkts=131 q_bytes=197024 qdelay_l_ms=0 qdelay_c_ms=64.1084 ecn_mark=223 drop=0
[QUEUE_STATS] t_ms=2000 q_pkts=133 q_bytes=200032 qdelay_l_ms=0 qdelay_c_ms=71.2409 ecn_mark=223 drop=0
[QUEUE_STATS] t_ms=2016 q_pkts=138 q_bytes=207552 qdelay_l_ms=0.84622 qdelay_c_ms=71.0214 ecn_mark=223 drop=0
[QUEUE_STATS] t_ms=2032 q_pkts=140 q_bytes=210560 qdelay_l_ms=1.07903 qdelay_c_ms=70.1271 ecn_mark=223 drop=0
[QUEUE_STATS] t_ms=2048 q_pkts=137 q_bytes=206048 qdelay_l_ms=0 qdelay_c_ms=73.1417 ecn_mark=223 drop=0
[QUEUE_STATS] t_ms=2064 q_pkts=143 q_bytes=215072 qdelay_l_ms=1.08787 qdelay_c_ms=72.9101 ecn_mark=224 drop=0
[QUEUE_STATS] t_ms=2080 q_pkts=145 q_bytes=218080 qdelay_l_ms=1.07129 qdelay_c_ms=74.2813 ecn_mark=224 drop=0
[QUEUE_STATS] t_ms=2096 q_pkts=146 q_bytes=219584 qdelay_l_ms=0.821234 qdelay_c_ms=77.941 ecn_mark=224 drop=0
[QUEUE_STATS] t_ms=2112 q_pkts=145 q_bytes=218080 qdelay_l_ms=1.09029 qdelay_c_ms=72.9976 ecn_mark=224 drop=0
[QUEUE_STATS] t_ms=2128 q_pkts=145 q_bytes=218080 qdelay_l_ms=1.07151 qdelay_c_ms=74.9633 ecn_mark=224 drop=0
[QUEUE_STATS] t_ms=2144 q_pkts=148 q_bytes=222592 qdelay_l_ms=1.07381 qdelay_c_ms=77.0234 ecn_mark=224 drop=0
[QUEUE_STATS] t_ms=2161 q_pkts=150 q_bytes=225600 qdelay_l_ms=1.06792 qdelay_c_ms=76.0148 ecn_mark=224 drop=0
[QUEUE_STATS] t_ms=2176 q_pkts=150 q_bytes=225600 qdelay_l_ms=1.094 qdelay_c_ms=77.0359 ecn_mark=224 drop=0
[QUEUE_STATS] t_ms=2192 q_pkts=153 q_bytes=230112 qdelay_l_ms=1.07896 qdelay_c_ms=77.0222 ecn_mark=224 drop=0
[QUEUE_STATS] t_ms=2208 q_pkts=155 q_bytes=233120 qdelay_l_ms=1.07578 qdelay_c_ms=77.2883 ecn_mark=224 drop=0
[QUEUE_STATS] t_ms=2224 q_pkts=158 q_bytes=237632 qdelay_l_ms=1.08603 qdelay_c_ms=81.929 ecn_mark=224 drop=0
[QUEUE_STATS] t_ms=2240 q_pkts=155 q_bytes=233120 qdelay_l_ms=0 qdelay_c_ms=80.1026 ecn_mark=224 drop=0
[QUEUE_STATS] t_ms=2256 q_pkts=160 q_bytes=240640 qdelay_l_ms=1.07483 qdelay_c_ms=81.7914 ecn_mark=224 drop=0
[QUEUE_STATS] t_ms=2272 q_pkts=165 q_bytes=248160 qdelay_l_ms=1.09263 qdelay_c_ms=85.9824 ecn_mark=224 drop=0
[QUEUE_STATS] t_ms=2288 q_pkts=161 q_bytes=242144 qdelay_l_ms=0 qdelay_c_ms=84.1292 ecn_mark=224 drop=0
[QUEUE_STATS] t_ms=2304 q_pkts=167 q_bytes=251168 qdelay_l_ms=0.956729 qdelay_c_ms=85.8766 ecn_mark=224 drop=0
[QUEUE_STATS] t_ms=2320 q_pkts=164 q_bytes=246656 qdelay_l_ms=0 qdelay_c_ms=87.1217 ecn_mark=224 drop=0
[QUEUE_STATS] t_ms=2336 q_pkts=169 q_bytes=254176 qdelay_l_ms=1.07484 qdelay_c_ms=90.1197 ecn_mark=224 drop=0
[QUEUE_STATS] t_ms=2352 q_pkts=171 q_bytes=257184 qdelay_l_ms=1.08061 qdelay_c_ms=91.9654 ecn_mark=224 drop=0
[QUEUE_STATS] t_ms=2368 q_pkts=173 q_bytes=260192 qdelay_l_ms=1.07537 qdelay_c_ms=93.1552 ecn_mark=224 drop=0
[QUEUE_STATS] t_ms=2384 q_pkts=175 q_bytes=263200 qdelay_l_ms=1.07077 qdelay_c_ms=93.8657 ecn_mark=224 drop=0
[QUEUE_STATS] t_ms=2400 q_pkts=179 q_bytes=269216 qdelay_l_ms=0.867801 qdelay_c_ms=94.772 ecn_mark=225 drop=0
[QUEUE_STATS] t_ms=2416 q_pkts=178 q_bytes=267712 qdelay_l_ms=1.06077 qdelay_c_ms=97.155 ecn_mark=225 drop=0
[QUEUE_STATS] t_ms=2432 q_pkts=177 q_bytes=266208 qdelay_l_ms=0.957499 qdelay_c_ms=97.8463 ecn_mark=226 drop=0
[QUEUE_STATS] t_ms=2448 q_pkts=180 q_bytes=270720 qdelay_l_ms=0.924818 qdelay_c_ms=95.1258 ecn_mark=226 drop=0
[QUEUE_STATS] t_ms=2464 q_pkts=179 q_bytes=269216 qdelay_l_ms=1.0708 qdelay_c_ms=99.2764 ecn_mark=226 drop=0
[QUEUE_STATS] t_ms=2480 q_pkts=184 q_bytes=276736 qdelay_l_ms=1.06061 qdelay_c_ms=101.009 ecn_mark=226 drop=0
[QUEUE_STATS] t_ms=2496 q_pkts=184 q_bytes=276736 qdelay_l_ms=1.06898 qdelay_c_ms=97.9593 ecn_mark=227 drop=0
[QUEUE_STATS] t_ms=2512 q_pkts=185 q_bytes=278240 qdelay_l_ms=1.03032 qdelay_c_ms=101.9 ecn_mark=227 drop=0
[QUEUE_STATS] t_ms=2528 q_pkts=191 q_bytes=287264 qdelay_l_ms=1.0925 qdelay_c_ms=102.139 ecn_mark=227 drop=0
[QUEUE_STATS] t_ms=2544 q_pkts=186 q_bytes=279744 qdelay_l_ms=1.05892 qdelay_c_ms=101.955 ecn_mark=227 drop=0
[QUEUE_STATS] t_ms=2560 q_pkts=189 q_bytes=284256 qdelay_l_ms=1.0656 qdelay_c_ms=103.034 ecn_mark=227 drop=0
[QUEUE_STATS] t_ms=2576 q_pkts=189 q_bytes=284256 qdelay_l_ms=0 qdelay_c_ms=102.072 ecn_mark=228 drop=0
[QUEUE_STATS] t_ms=2592 q_pkts=193 q_bytes=290272 qdelay_l_ms=1.07001 qdelay_c_ms=104.119 ecn_mark=228 drop=0
[QUEUE_STATS] t_ms=2608 q_pkts=192 q_bytes=288768 qdelay_l_ms=1.07169 qdelay_c_ms=105.952 ecn_mark=228 drop=0
[QUEUE_STATS] t_ms=2624 q_pkts=194 q_bytes=291776 qdelay_l_ms=1.0784 qdelay_c_ms=103.023 ecn_mark=228 drop=0
[QUEUE_STATS] t_ms=2640 q_pkts=194 q_bytes=291776 qdelay_l_ms=1.04711 qdelay_c_ms=106.267 ecn_mark=228 drop=0
[QUEUE_STATS] t_ms=2656 q_pkts=197 q_bytes=296288 qdelay_l_ms=1.08944 qdelay_c_ms=106.89 ecn_mark=228 drop=0
[QUEUE_STATS] t_ms=2672 q_pkts=203 q_bytes=302392 qdelay_l_ms=0.82487 qdelay_c_ms=104.056 ecn_mark=228 drop=0
[QUEUE_STATS] t_ms=2688 q_pkts=201 q_bytes=299384 qdelay_l_ms=1.07618 qdelay_c_ms=108.938 ecn_mark=228 drop=0
[QUEUE_STATS] t_ms=2704 q_pkts=205 q_bytes=305400 qdelay_l_ms=1.08893 qdelay_c_ms=107.826 ecn_mark=228 drop=0
[QUEUE_STATS] t_ms=2720 q_pkts=208 q_bytes=309912 qdelay_l_ms=1.07315 qdelay_c_ms=108.19 ecn_mark=228 drop=0
[QUEUE_STATS] t_ms=2736 q_pkts=207 q_bytes=308408 qdelay_l_ms=1.02052 qdelay_c_ms=111.112 ecn_mark=228 drop=0
[QUEUE_STATS] t_ms=2752 q_pkts=205 q_bytes=305400 qdelay_l_ms=0 qdelay_c_ms=109.807 ecn_mark=228 drop=0
[QUEUE_STATS] t_ms=2769 q_pkts=213 q_bytes=317432 qdelay_l_ms=1.07164 qdelay_c_ms=112.037 ecn_mark=228 drop=0
[QUEUE_STATS] t_ms=2784 q_pkts=212 q_bytes=318848 qdelay_l_ms=1.08271 qdelay_c_ms=114.819 ecn_mark=229 drop=0
[QUEUE_STATS] t_ms=2801 q_pkts=214 q_bytes=321856 qdelay_l_ms=1.06814 qdelay_c_ms=113.877 ecn_mark=230 drop=0
[QUEUE_STATS] t_ms=2816 q_pkts=215 q_bytes=323360 qdelay_l_ms=1.06675 qdelay_c_ms=117.321 ecn_mark=230 drop=0
[QUEUE_STATS] t_ms=2832 q_pkts=214 q_bytes=321856 qdelay_l_ms=0.786458 qdelay_c_ms=118.971 ecn_mark=230 drop=0
[QUEUE_STATS] t_ms=2848 q_pkts=216 q_bytes=324864 qdelay_l_ms=1.09087 qdelay_c_ms=119.13 ecn_mark=230 drop=0
[QUEUE_STATS] t_ms=2864 q_pkts=219 q_bytes=329376 qdelay_l_ms=1.02439 qdelay_c_ms=121.068 ecn_mark=230 drop=0
[QUEUE_STATS] t_ms=2880 q_pkts=217 q_bytes=326368 qdelay_l_ms=1.07266 qdelay_c_ms=123.055 ecn_mark=231 drop=0
[QUEUE_STATS] t_ms=2896 q_pkts=220 q_bytes=330880 qdelay_l_ms=1.0796 qdelay_c_ms=122.11 ecn_mark=231 drop=0
[QUEUE_STATS] t_ms=2912 q_pkts=222 q_bytes=333888 qdelay_l_ms=0.977407 qdelay_c_ms=124.24 ecn_mark=231 drop=0
[QUEUE_STATS] t_ms=2928 q_pkts=223 q_bytes=335392 qdelay_l_ms=1.06263 qdelay_c_ms=124.171 ecn_mark=232 drop=0
[QUEUE_STATS] t_ms=2944 q_pkts=224 q_bytes=336896 qdelay_l_ms=0.964513 qdelay_c_ms=123.974 ecn_mark=232 drop=0
[QUEUE_STATS] t_ms=2960 q_pkts=226 q_bytes=339904 qdelay_l_ms=1.06293 qdelay_c_ms=125.9 ecn_mark=233 drop=0
[QUEUE_STATS] t_ms=2976 q_pkts=228 q_bytes=342912 qdelay_l_ms=1.04049 qdelay_c_ms=124.958 ecn_mark=233 drop=0
[QUEUE_STATS] t_ms=2992 q_pkts=229 q_bytes=344416 qdelay_l_ms=1.08698 qdelay_c_ms=128.029 ecn_mark=234 drop=0
[QUEUE_STATS] t_ms=3008 q_pkts=230 q_bytes=345920 qdelay_l_ms=1.09596 qdelay_c_ms=128.047 ecn_mark=234 drop=0
[QUEUE_STATS] t_ms=3024 q_pkts=232 q_bytes=348928 qdelay_l_ms=1.09042 qdelay_c_ms=128.8 ecn_mark=234 drop=0
[QUEUE_STATS] t_ms=3040 q_pkts=232 q_bytes=348928 qdelay_l_ms=0.84104 qdelay_c_ms=130.984 ecn_mark=234 drop=0
[QUEUE_STATS] t_ms=3056 q_pkts=234 q_bytes=351936 qdelay_l_ms=1.06386 qdelay_c_ms=131.188 ecn_mark=234 drop=0
[QUEUE_STATS] t_ms=3072 q_pkts=238 q_bytes=357952 qdelay_l_ms=1.06271 qdelay_c_ms=132.868 ecn_mark=234 drop=0
[QUEUE_STATS] t_ms=3088 q_pkts=240 q_bytes=360960 qdelay_l_ms=1.06892 qdelay_c_ms=133.864 ecn_mark=234 drop=0
[QUEUE_STATS] t_ms=3104 q_pkts=239 q_bytes=359456 qdelay_l_ms=1.09395 qdelay_c_ms=136.015 ecn_mark=235 drop=0
[QUEUE_STATS] t_ms=3120 q_pkts=240 q_bytes=360960 qdelay_l_ms=1.07593 qdelay_c_ms=137.097 ecn_mark=235 drop=0
[QUEUE_STATS] t_ms=3136 q_pkts=244 q_bytes=366976 qdelay_l_ms=1.07923 qdelay_c_ms=137.075 ecn_mark=236 drop=0
[QUEUE_STATS] t_ms=3152 q_pkts=244 q_bytes=366976 qdelay_l_ms=1.06878 qdelay_c_ms=137.168 ecn_mark=236 drop=0
[QUEUE_STATS] t_ms=3168 q_pkts=243 q_bytes=365472 qdelay_l_ms=1.0049 qdelay_c_ms=140.249 ecn_mark=236 drop=0
[QUEUE_STATS] t_ms=3184 q_pkts=248 q_bytes=372992 qdelay_l_ms=1.09337 qdelay_c_ms=141.107 ecn_mark=236 drop=0
[QUEUE_STATS] t_ms=3200 q_pkts=248 q_bytes=372992 qdelay_l_ms=1.0879 qdelay_c_ms=143.056 ecn_mark=236 drop=0
[QUEUE_STATS] t_ms=3216 q_pkts=247 q_bytes=371488 qdelay_l_ms=0 qdelay_c_ms=144.293 ecn_mark=237 drop=0
[QUEUE_STATS] t_ms=3232 q_pkts=253 q_bytes=380512 qdelay_l_ms=1.06877 qdelay_c_ms=143.965 ecn_mark=237 drop=0
[QUEUE_STATS] t_ms=3248 q_pkts=247 q_bytes=371488 qdelay_l_ms=0 qdelay_c_ms=146.091 ecn_mark=237 drop=0
[QUEUE_STATS] t_ms=3264 q_pkts=254 q_bytes=382016 qdelay_l_ms=1.06086 qdelay_c_ms=148.89 ecn_mark=239 drop=0
[QUEUE_STATS] t_ms=3281 q_pkts=256 q_bytes=385024 qdelay_l_ms=1.07793 qdelay_c_ms=148.131 ecn_mark=240 drop=0
[QUEUE_STATS] t_ms=3296 q_pkts=256 q_bytes=385024 qdelay_l_ms=1.0274 qdelay_c_ms=151.185 ecn_mark=240 drop=0
[QUEUE_STATS] t_ms=3313 q_pkts=258 q_bytes=388032 qdelay_l_ms=1.08629 qdelay_c_ms=150.942 ecn_mark=240 drop=0
[QUEUE_STATS] t_ms=3328 q_pkts=260 q_bytes=391040 qdelay_l_ms=1.08026 qdelay_c_ms=150.821 ecn_mark=240 drop=0
[QUEUE_STATS] t_ms=3345 q_pkts=262 q_bytes=394048 qdelay_l_ms=1.06699 qdelay_c_ms=154.241 ecn_mark=240 drop=0
[QUEUE_STATS] t_ms=3361 q_pkts=264 q_bytes=397056 qdelay_l_ms=1.06651 qdelay_c_ms=155.228 ecn_mark=240 drop=0
[QUEUE_STATS] t_ms=3377 q_pkts=265 q_bytes=398560 qdelay_l_ms=1.08911 qdelay_c_ms=154.049 ecn_mark=240 drop=0
[QUEUE_STATS] t_ms=3392 q_pkts=262 q_bytes=394048 qdelay_l_ms=0 qdelay_c_ms=157.224 ecn_mark=240 drop=0
[QUEUE_STATS] t_ms=3408 q_pkts=269 q_bytes=404576 qdelay_l_ms=1.07094 qdelay_c_ms=156.922 ecn_mark=240 drop=0
[QUEUE_STATS] t_ms=3424 q_pkts=268 q_bytes=403072 qdelay_l_ms=0.950597 qdelay_c_ms=158.102 ecn_mark=242 drop=0
[QUEUE_STATS] t_ms=3440 q_pkts=272 q_bytes=409088 qdelay_l_ms=1.06253 qdelay_c_ms=162.269 ecn_mark=242 drop=0
[QUEUE_STATS] t_ms=3456 q_pkts=274 q_bytes=412096 qdelay_l_ms=1.08585 qdelay_c_ms=163.08 ecn_mark=242 drop=0
[QUEUE_STATS] t_ms=3473 q_pkts=274 q_bytes=412096 qdelay_l_ms=1.07873 qdelay_c_ms=162.187 ecn_mark=242 drop=0
[QUEUE_STATS] t_ms=3488 q_pkts=276 q_bytes=415104 qdelay_l_ms=1.06375 qdelay_c_ms=168.44 ecn_mark=242 drop=0
[QUEUE_STATS] t_ms=3505 q_pkts=277 q_bytes=416608 qdelay_l_ms=1.07981 qdelay_c_ms=167.075 ecn_mark=244 drop=0
[QUEUE_STATS] t_ms=3520 q_pkts=276 q_bytes=415104 qdelay_l_ms=1.07442 qdelay_c_ms=167.082 ecn_mark=245 drop=0
[QUEUE_STATS] t_ms=3536 q_pkts=277 q_bytes=416608 qdelay_l_ms=1.06121 qdelay_c_ms=171.944 ecn_mark=245 drop=0
[QUEUE_STATS] t_ms=3552 q_pkts=281 q_bytes=422624 qdelay_l_ms=1.0747 qdelay_c_ms=172.95 ecn_mark=245 drop=0
[QUEUE_STATS] t_ms=3568 q_pkts=281 q_bytes=422624 qdelay_l_ms=0.013986 qdelay_c_ms=172.208 ecn_mark=245 drop=0
[QUEUE_STATS] t_ms=3584 q_pkts=285 q_bytes=428640 qdelay_l_ms=1.04783 qdelay_c_ms=174.758 ecn_mark=245 drop=0
[QUEUE_STATS] t_ms=3600 q_pkts=286 q_bytes=430144 qdelay_l_ms=1.08667 qdelay_c_ms=176.161 ecn_mark=246 drop=0
[QUEUE_STATS] t_ms=3616 q_pkts=287 q_bytes=431648 qdelay_l_ms=1.03591 qdelay_c_ms=178.011 ecn_mark=246 drop=0
[QUEUE_STATS] t_ms=3633 q_pkts=289 q_bytes=434656 qdelay_l_ms=1.07831 qdelay_c_ms=179.292 ecn_mark=246 drop=0
[QUEUE_STATS] t_ms=3648 q_pkts=291 q_bytes=437664 qdelay_l_ms=1.06532 qdelay_c_ms=182.843 ecn_mark=246 drop=0
[QUEUE_STATS] t_ms=3664 q_pkts=290 q_bytes=436160 qdelay_l_ms=1.04469 qdelay_c_ms=183.028 ecn_mark=246 drop=0
[QUEUE_STATS] t_ms=3680 q_pkts=293 q_bytes=440672 qdelay_l_ms=1.06913 qdelay_c_ms=183.919 ecn_mark=246 drop=0
[QUEUE_STATS] t_ms=3696 q_pkts=297 q_bytes=445236 qdelay_l_ms=1.03059 qdelay_c_ms=188.135 ecn_mark=247 drop=0
[QUEUE_STATS] t_ms=3712 q_pkts=298 q_bytes=446740 qdelay_l_ms=1.05674 qdelay_c_ms=186.293 ecn_mark=247 drop=0
[QUEUE_STATS] t_ms=3728 q_pkts=296 q_bytes=443732 qdelay_l_ms=0.040527 qdelay_c_ms=187.095 ecn_mark=249 drop=0
[QUEUE_STATS] t_ms=3744 q_pkts=297 q_bytes=445236 qdelay_l_ms=0.040787 qdelay_c_ms=190.055 ecn_mark=249 drop=0
[QUEUE_STATS] t_ms=3760 q_pkts=300 q_bytes=449748 qdelay_l_ms=1.07312 qdelay_c_ms=189.14 ecn_mark=249 drop=0
[QUEUE_STATS] t_ms=3776 q_pkts=301 q_bytes=451252 qdelay_l_ms=1.06451 qdelay_c_ms=193.111 ecn_mark=253 drop=0
[QUEUE_STATS] t_ms=3792 q_pkts=304 q_bytes=455764 qdelay_l_ms=1.02621 qdelay_c_ms=194.851 ecn_mark=254 drop=0
[QUEUE_STATS] t_ms=3808 q_pkts=303 q_bytes=454260 qdelay_l_ms=1.06253 qdelay_c_ms=193.174 ecn_mark=254 drop=0
[QUEUE_STATS] t_ms=3824 q_pkts=304 q_bytes=455764 qdelay_l_ms=1.09729 qdelay_c_ms=197.304 ecn_mark=254 drop=0
[QUEUE_STATS] t_ms=3840 q_pkts=306 q_bytes=458772 qdelay_l_ms=0.053942 qdelay_c_ms=198.142 ecn_mark=255 drop=0
[QUEUE_STATS] t_ms=3856 q_pkts=305 q_bytes=457268 qdelay_l_ms=1.06602 qdelay_c_ms=197.039 ecn_mark=255 drop=0
[QUEUE_STATS] t_ms=3873 q_pkts=307 q_bytes=460276 qdelay_l_ms=1.10104 qdelay_c_ms=201.185 ecn_mark=256 drop=0
[QUEUE_STATS] t_ms=3888 q_pkts=310 q_bytes=466240 qdelay_l_ms=1.02257 qdelay_c_ms=200.811 ecn_mark=257 drop=0
[QUEUE_STATS] t_ms=3904 q_pkts=310 q_bytes=466240 qdelay_l_ms=1.04584 qdelay_c_ms=199.977 ecn_mark=258 drop=0
[QUEUE_STATS] t_ms=3920 q_pkts=311 q_bytes=467744 qdelay_l_ms=1.05454 qdelay_c_ms=205.089 ecn_mark=259 drop=0
[QUEUE_STATS] t_ms=3936 q_pkts=313 q_bytes=470752 qdelay_l_ms=1.05093 qdelay_c_ms=203.028 ecn_mark=261 drop=0
[QUEUE_STATS] t_ms=3952 q_pkts=314 q_bytes=472256 qdelay_l_ms=1.04819 qdelay_c_ms=205.152 ecn_mark=262 drop=0
[QUEUE_STATS] t_ms=3968 q_pkts=315 q_bytes=473760 qdelay_l_ms=1.04833 qdelay_c_ms=206.857 ecn_mark=263 drop=0
[QUEUE_STATS] t_ms=3984 q_pkts=313 q_bytes=470752 qdelay_l_ms=1.0626 qdelay_c_ms=206.127 ecn_mark=263 drop=0
[QUEUE_STATS] t_ms=4000 q_pkts=316 q_bytes=475264 qdelay_l_ms=1.06366 qdelay_c_ms=209.089 ecn_mark=264 drop=0
[QUEUE_STATS] t_ms=4016 q_pkts=317 q_bytes=476768 qdelay_l_ms=0.009428 qdelay_c_ms=207.947 ecn_mark=264 drop=0
[QUEUE_STATS] t_ms=4032 q_pkts=318 q_bytes=478272 qdelay_l_ms=1.03325 qdelay_c_ms=208.637 ecn_mark=264 drop=0
[QUEUE_STATS] t_ms=4048 q_pkts=322 q_bytes=484288 qdelay_l_ms=1.07789 qdelay_c_ms=213.064 ecn_mark=265 drop=0
[QUEUE_STATS] t_ms=4064 q_pkts=324 q_bytes=487296 qdelay_l_ms=1.04377 qdelay_c_ms=213.116 ecn_mark=265 drop=0
[QUEUE_STATS] t_ms=4080 q_pkts=322 q_bytes=484288 qdelay_l_ms=1.07217 qdelay_c_ms=214.098 ecn_mark=265 drop=0
[QUEUE_STATS] t_ms=4096 q_pkts=325 q_bytes=488800 qdelay_l_ms=0.892688 qdelay_c_ms=212.925 ecn_mark=266 drop=0
[QUEUE_STATS] t_ms=4112 q_pkts=328 q_bytes=493312 qdelay_l_ms=1.11103 qdelay_c_ms=217.011 ecn_mark=267 drop=0
[QUEUE_STATS] t_ms=4128 q_pkts=329 q_bytes=494816 qdelay_l_ms=1.07584 qdelay_c_ms=217.25 ecn_mark=268 drop=0
[QUEUE_STATS] t_ms=4144 q_pkts=330 q_bytes=496320 qdelay_l_ms=1.08947 qdelay_c_ms=217.371 ecn_mark=268 drop=0
[QUEUE_STATS] t_ms=4160 q_pkts=331 q_bytes=497824 qdelay_l_ms=1.08517 qdelay_c_ms=222.032 ecn_mark=269 drop=0
[QUEUE_STATS] t_ms=4176 q_pkts=333 q_bytes=500832 qdelay_l_ms=1.02707 qdelay_c_ms=222.725 ecn_mark=269 drop=0
[QUEUE_STATS] t_ms=4192 q_pkts=334 q_bytes=502336 qdelay_l_ms=1.07237 qdelay_c_ms=223.273 ecn_mark=270 drop=0
[QUEUE_STATS] t_ms=4208 q_pkts=335 q_bytes=503840 qdelay_l_ms=1.08997 qdelay_c_ms=224.724 ecn_mark=271 drop=0
[QUEUE_STATS] t_ms=4224 q_pkts=334 q_bytes=502336 qdelay_l_ms=1.02846 qdelay_c_ms=226.21 ecn_mark=271 drop=0
[QUEUE_STATS] t_ms=4240 q_pkts=338 q_bytes=508352 qdelay_l_ms=1.04292 qdelay_c_ms=228.128 ecn_mark=272 drop=0
[QUEUE_STATS] t_ms=4257 q_pkts=336 q_bytes=505344 qdelay_l_ms=1.07723 qdelay_c_ms=230.037 ecn_mark=275 drop=0
[QUEUE_STATS] t_ms=4272 q_pkts=340 q_bytes=511360 qdelay_l_ms=1.03866 qdelay_c_ms=227.997 ecn_mark=278 drop=0
[QUEUE_STATS] t_ms=4288 q_pkts=341 q_bytes=512864 qdelay_l_ms=1.0858 qdelay_c_ms=231.838 ecn_mark=278 drop=0
[QUEUE_STATS] t_ms=4304 q_pkts=342 q_bytes=514368 qdelay_l_ms=1.01233 qdelay_c_ms=233.652 ecn_mark=279 drop=0
[QUEUE_STATS] t_ms=4320 q_pkts=341 q_bytes=512864 qdelay_l_ms=1.03005 qdelay_c_ms=232.822 ecn_mark=280 drop=0
[QUEUE_STATS] t_ms=4336 q_pkts=344 q_bytes=517376 qdelay_l_ms=1.07833 qdelay_c_ms=235.821 ecn_mark=280 drop=0
[QUEUE_STATS] t_ms=4352 q_pkts=339 q_bytes=509856 qdelay_l_ms=0 qdelay_c_ms=235.219 ecn_mark=280 drop=0
[QUEUE_STATS] t_ms=4368 q_pkts=346 q_bytes=520384 qdelay_l_ms=1.02935 qdelay_c_ms=237.049 ecn_mark=281 drop=0
[QUEUE_STATS] t_ms=4384 q_pkts=345 q_bytes=518880 qdelay_l_ms=1.01111 qdelay_c_ms=240.186 ecn_mark=282 drop=0
[QUEUE_STATS] t_ms=4401 q_pkts=348 q_bytes=523392 qdelay_l_ms=1.08448 qdelay_c_ms=240.054 ecn_mark=283 drop=0
[QUEUE_STATS] t_ms=4416 q_pkts=346 q_bytes=520384 qdelay_l_ms=0.918987 qdelay_c_ms=240.269 ecn_mark=284 drop=0
[QUEUE_STATS] t_ms=4432 q_pkts=348 q_bytes=523392 qdelay_l_ms=1.06519 qdelay_c_ms=240.727 ecn_mark=285 drop=0
[QUEUE_STATS] t_ms=4448 q_pkts=352 q_bytes=529408 qdelay_l_ms=1.08167 qdelay_c_ms=243.018 ecn_mark=285 drop=0
[QUEUE_STATS] t_ms=4464 q_pkts=353 q_bytes=530912 qdelay_l_ms=0.897407 qdelay_c_ms=242.732 ecn_mark=288 drop=0
[QUEUE_STATS] t_ms=4480 q_pkts=353 q_bytes=530912 qdelay_l_ms=1.02099 qdelay_c_ms=242.929 ecn_mark=288 drop=0
[QUEUE_STATS] t_ms=4496 q_pkts=351 q_bytes=527904 qdelay_l_ms=0 qdelay_c_ms=244.09 ecn_mark=289 drop=0
[QUEUE_STATS] t_ms=4512 q_pkts=356 q_bytes=535424 qdelay_l_ms=1.02376 qdelay_c_ms=246.97 ecn_mark=291 drop=0
[QUEUE_STATS] t_ms=4529 q_pkts=355 q_bytes=533920 qdelay_l_ms=1.07373 qdelay_c_ms=245.79 ecn_mark=293 drop=0
[QUEUE_STATS] t_ms=4544 q_pkts=359 q_bytes=539936 qdelay_l_ms=1.06978 qdelay_c_ms=249.385 ecn_mark=295 drop=0
[QUEUE_STATS] t_ms=4560 q_pkts=360 q_bytes=541440 qdelay_l_ms=0.988688 qdelay_c_ms=248.91 ecn_mark=297 drop=0
[QUEUE_STATS] t_ms=4576 q_pkts=357 q_bytes=536928 qdelay_l_ms=1.01097 qdelay_c_ms=247.728 ecn_mark=298 drop=0
[QUEUE_STATS] t_ms=4592 q_pkts=358 q_bytes=538432 qdelay_l_ms=0 qdelay_c_ms=251.064 ecn_mark=298 drop=0
[QUEUE_STATS] t_ms=4608 q_pkts=362 q_bytes=544448 qdelay_l_ms=1.00478 qdelay_c_ms=249.836 ecn_mark=299 drop=0
[QUEUE_STATS] t_ms=4624 q_pkts=360 q_bytes=541440 qdelay_l_ms=1.01603 qdelay_c_ms=250.985 ecn_mark=300 drop=0
[QUEUE_STATS] t_ms=4641 q_pkts=367 q_bytes=551968 qdelay_l_ms=1.05487 qdelay_c_ms=254.984 ecn_mark=301 drop=0
[QUEUE_STATS] t_ms=4656 q_pkts=367 q_bytes=551968 qdelay_l_ms=1.00178 qdelay_c_ms=251.859 ecn_mark=301 drop=0
[QUEUE_STATS] t_ms=4672 q_pkts=366 q_bytes=550464 qdelay_l_ms=1.058 qdelay_c_ms=252.473 ecn_mark=303 drop=0
[QUEUE_STATS] t_ms=4688 q_pkts=368 q_bytes=553472 qdelay_l_ms=1.08057 qdelay_c_ms=255.875 ecn_mark=304 drop=0
[QUEUE_STATS] t_ms=4704 q_pkts=369 q_bytes=554976 qdelay_l_ms=0.922394 qdelay_c_ms=254.048 ecn_mark=305 drop=0
[QUEUE_STATS] t_ms=4720 q_pkts=369 q_bytes=554976 qdelay_l_ms=1.06987 qdelay_c_ms=254.164 ecn_mark=306 drop=0
[QUEUE_STATS] t_ms=4736 q_pkts=367 q_bytes=551968 qdelay_l_ms=0 qdelay_c_ms=258.206 ecn_mark=306 drop=0
[QUEUE_STATS] t_ms=4752 q_pkts=372 q_bytes=559488 qdelay_l_ms=1.01723 qdelay_c_ms=256.71 ecn_mark=306 drop=0
[QUEUE_STATS] t_ms=4768 q_pkts=371 q_bytes=557984 qdelay_l_ms=1.05208 qdelay_c_ms=258.073 ecn_mark=307 drop=0
[QUEUE_STATS] t_ms=4785 q_pkts=375 q_bytes=564000 qdelay_l_ms=1.06798 qdelay_c_ms=261.148 ecn_mark=309 drop=0
[QUEUE_STATS] t_ms=4800 q_pkts=371 q_bytes=557984 qdelay_l_ms=0 qdelay_c_ms=256.895 ecn_mark=313 drop=0
[QUEUE_STATS] t_ms=4816 q_pkts=375 q_bytes=564000 qdelay_l_ms=1.05974 qdelay_c_ms=260.212 ecn_mark=314 drop=0
[QUEUE_STATS] t_ms=4832 q_pkts=378 q_bytes=568512 qdelay_l_ms=1.0925 qdelay_c_ms=263.262 ecn_mark=314 drop=0
[QUEUE_STATS] t_ms=4849 q_pkts=379 q_bytes=570016 qdelay_l_ms=1.07591 qdelay_c_ms=259.953 ecn_mark=320 drop=0
[QUEUE_STATS] t_ms=4864 q_pkts=379 q_bytes=570016 qdelay_l_ms=1.09247 qdelay_c_ms=262.17 ecn_mark=321 drop=0
[QUEUE_STATS] t_ms=4881 q_pkts=381 q_bytes=573024 qdelay_l_ms=1.06455 qdelay_c_ms=267.189 ecn_mark=323 drop=0
[QUEUE_STATS] t_ms=4896 q_pkts=382 q_bytes=574528 qdelay_l_ms=1.02134 qdelay_c_ms=262.756 ecn_mark=324 drop=0
[QUEUE_STATS] t_ms=4912 q_pkts=383 q_bytes=576032 qdelay_l_ms=1.07258 qdelay_c_ms=266.111 ecn_mark=327 drop=0
[QUEUE_STATS] t_ms=4928 q_pkts=384 q_bytes=577536 qdelay_l_ms=1.06615 qdelay_c_ms=268.176 ecn_mark=329 drop=0
[QUEUE_STATS] t_ms=4944 q_pkts=384 q_bytes=577536 qdelay_l_ms=0.026079 qdelay_c_ms=264.887 ecn_mark=332 drop=0
[QUEUE_STATS] t_ms=4960 q_pkts=384 q_bytes=577536 qdelay_l_ms=1.08438 qdelay_c_ms=267.289 ecn_mark=335 drop=0
[QUEUE_STATS] t_ms=4976 q_pkts=387 q_bytes=582048 qdelay_l_ms=1.09859 qdelay_c_ms=271.032 ecn_mark=337 drop=0
[QUEUE_STATS] t_ms=4992 q_pkts=387 q_bytes=582048 qdelay_l_ms=1.02974 qdelay_c_ms=265.764 ecn_mark=338 drop=0
[QUEUE_STATS] t_ms=5008 q_pkts=387 q_bytes=582048 qdelay_l_ms=1.03833 qdelay_c_ms=267.944 ecn_mark=338 drop=0
[QUEUE_STATS] t_ms=5024 q_pkts=392 q_bytes=589568 qdelay_l_ms=1.03191 qdelay_c_ms=271.125 ecn_mark=338 drop=0
[QUEUE_STATS] t_ms=5040 q_pkts=391 q_bytes=588064 qdelay_l_ms=1.03361 qdelay_c_ms=269.054 ecn_mark=339 drop=0
[QUEUE_STATS] t_ms=5056 q_pkts=394 q_bytes=592576 qdelay_l_ms=1.00429 qdelay_c_ms=269.836 ecn_mark=343 drop=0
[QUEUE_STATS] t_ms=5072 q_pkts=394 q_bytes=592576 qdelay_l_ms=1.02033 qdelay_c_ms=272.829 ecn_mark=344 drop=0
[QUEUE_STATS] t_ms=5088 q_pkts=393 q_bytes=591072 qdelay_l_ms=1.01854 qdelay_c_ms=270.521 ecn_mark=344 drop=0
[QUEUE_STATS] t_ms=5104 q_pkts=395 q_bytes=594080 qdelay_l_ms=1.04712 qdelay_c_ms=273.01 ecn_mark=345 drop=0
[QUEUE_STATS] t_ms=5120 q_pkts=395 q_bytes=594080 qdelay_l_ms=1.03045 qdelay_c_ms=275.135 ecn_mark=348 drop=0
[QUEUE_STATS] t_ms=5136 q_pkts=399 q_bytes=600096 qdelay_l_ms=1.07549 qdelay_c_ms=273.937 ecn_mark=350 drop=0
[QUEUE_STATS] t_ms=5152 q_pkts=398 q_bytes=598592 qdelay_l_ms=0.94711 qdelay_c_ms=273.95 ecn_mark=351 drop=0
[QUEUE_STATS] t_ms=5168 q_pkts=400 q_bytes=601600 qdelay_l_ms=1.01647 qdelay_c_ms=274.025 ecn_mark=352 drop=0
[QUEUE_STATS] t_ms=5184 q_pkts=402 q_bytes=604608 qdelay_l_ms=0.911873 qdelay_c_ms=275.318 ecn_mark=354 drop=0
[QUEUE_STATS] t_ms=5200 q_pkts=403 q_bytes=606112 qdelay_l_ms=1.04043 qdelay_c_ms=277.141 ecn_mark=355 drop=0
[QUEUE_STATS] t_ms=5216 q_pkts=401 q_bytes=603104 qdelay_l_ms=1.02122 qdelay_c_ms=273.933 ecn_mark=356 drop=0
[QUEUE_STATS] t_ms=5232 q_pkts=403 q_bytes=606112 qdelay_l_ms=1.02866 qdelay_c_ms=276.961 ecn_mark=358 drop=0
[QUEUE_STATS] t_ms=5248 q_pkts=404 q_bytes=607616 qdelay_l_ms=1.04425 qdelay_c_ms=276.071 ecn_mark=358 drop=0
[QUEUE_STATS] t_ms=5264 q_pkts=406 q_bytes=610624 qdelay_l_ms=1.0279 qdelay_c_ms=276.875 ecn_mark=359 drop=0
[QUEUE_STATS] t_ms=5280 q_pkts=404 q_bytes=607616 qdelay_l_ms=1.05435 qdelay_c_ms=279.144 ecn_mark=361 drop=0
[QUEUE_STATS] t_ms=5296 q_pkts=407 q_bytes=612128 qdelay_l_ms=1.0317 qdelay_c_ms=276.007 ecn_mark=366 drop=0
[QUEUE_STATS] t_ms=5313 q_pkts=406 q_bytes=610624 qdelay_l_ms=1.08198 qdelay_c_ms=280.051 ecn_mark=367 drop=0
[QUEUE_STATS] t_ms=5328 q_pkts=408 q_bytes=613632 qdelay_l_ms=1.0588 qdelay_c_ms=280.078 ecn_mark=371 drop=0
[QUEUE_STATS] t_ms=5345 q_pkts=409 q_bytes=615136 qdelay_l_ms=1.04335 qdelay_c_ms=278.253 ecn_mark=374 drop=0
[QUEUE_STATS] t_ms=5360 q_pkts=411 q_bytes=618144 qdelay_l_ms=1.02072 qdelay_c_ms=280.03 ecn_mark=375 drop=0
[QUEUE_STATS] t_ms=5376 q_pkts=410 q_bytes=616640 qdelay_l_ms=1.04278 qdelay_c_ms=277.881 ecn_mark=378 drop=0
[QUEUE_STATS] t_ms=5392 q_pkts=413 q_bytes=621152 qdelay_l_ms=1.06673 qdelay_c_ms=275.872 ecn_mark=380 drop=0
[QUEUE_STATS] t_ms=5408 q_pkts=412 q_bytes=619648 qdelay_l_ms=1.07901 qdelay_c_ms=279.405 ecn_mark=382 drop=0
[QUEUE_STATS] t_ms=5424 q_pkts=416 q_bytes=625664 qdelay_l_ms=1.07474 qdelay_c_ms=276.198 ecn_mark=387 drop=0
[QUEUE_STATS] t_ms=5441 q_pkts=414 q_bytes=622656 qdelay_l_ms=1.05546 qdelay_c_ms=275.888 ecn_mark=389 drop=0
[QUEUE_STATS] t_ms=5457 q_pkts=413 q_bytes=621152 qdelay_l_ms=1.0531 qdelay_c_ms=275.99 ecn_mark=390 drop=0
[QUEUE_STATS] t_ms=5472 q_pkts=418 q_bytes=628672 qdelay_l_ms=1.07272 qdelay_c_ms=273.993 ecn_mark=392 drop=0
[QUEUE_STATS] t_ms=5488 q_pkts=416 q_bytes=625664 qdelay_l_ms=1.0895 qdelay_c_ms=272.984 ecn_mark=395 drop=0
[QUEUE_STATS] t_ms=5504 q_pkts=415 q_bytes=624160 qdelay_l_ms=0.030347 qdelay_c_ms=272.959 ecn_mark=397 drop=0
[QUEUE_STATS] t_ms=5520 q_pkts=421 q_bytes=633184 qdelay_l_ms=1.09512 qdelay_c_ms=275.202 ecn_mark=399 drop=0
[QUEUE_STATS] t_ms=5536 q_pkts=418 q_bytes=628672 qdelay_l_ms=1.08341 qdelay_c_ms=272.183 ecn_mark=399 drop=0
[QUEUE_STATS] t_ms=5552 q_pkts=419 q_bytes=630176 qdelay_l_ms=1.07265 qdelay_c_ms=272.168 ecn_mark=401 drop=0
[QUEUE_STATS] t_ms=5569 q_pkts=424 q_bytes=637696 qdelay_l_ms=1.0675 qdelay_c_ms=273.226 ecn_mark=404 drop=0
[QUEUE_STATS] t_ms=5584 q_pkts=422 q_bytes=634688 qdelay_l_ms=1.0448 qdelay_c_ms=270.905 ecn_mark=405 drop=0
[QUEUE_STATS] t_ms=5600 q_pkts=423 q_bytes=636192 qdelay_l_ms=1.01923 qdelay_c_ms=268.172 ecn_mark=407 drop=0
[QUEUE_STATS] t_ms=5616 q_pkts=425 q_bytes=639200 qdelay_l_ms=1.07631 qdelay_c_ms=272.153 ecn_mark=407 drop=0
[QUEUE_STATS] t_ms=5632 q_pkts=426 q_bytes=640704 qdelay_l_ms=0.731855 qdelay_c_ms=267.95 ecn_mark=411 drop=0
[QUEUE_STATS] t_ms=5648 q_pkts=428 q_bytes=643712 qdelay_l_ms=1.07808 qdelay_c_ms=271.129 ecn_mark=412 drop=0
[QUEUE_STATS] t_ms=5664 q_pkts=424 q_bytes=637696 qdelay_l_ms=0 qdelay_c_ms=268.031 ecn_mark=414 drop=0
[QUEUE_STATS] t_ms=5680 q_pkts=427 q_bytes=642208 qdelay_l_ms=0.03698 qdelay_c_ms=265.167 ecn_mark=416 drop=0
[QUEUE_STATS] t_ms=5696 q_pkts=429 q_bytes=645216 qdelay_l_ms=1.09129 qdelay_c_ms=268.989 ecn_mark=418 drop=0
[QUEUE_STATS] t_ms=5713 q_pkts=431 q_bytes=648224 qdelay_l_ms=1.08666 qdelay_c_ms=269.233 ecn_mark=420 drop=0
[QUEUE_STATS] t_ms=5728 q_pkts=431 q_bytes=648224 qdelay_l_ms=0.790986 qdelay_c_ms=265.711 ecn_mark=420 drop=0
[QUEUE_STATS] t_ms=5744 q_pkts=433 q_bytes=651232 qdelay_l_ms=1.07948 qdelay_c_ms=268.207 ecn_mark=422 drop=0
[QUEUE_STATS] t_ms=5760 q_pkts=436 q_bytes=655744 qdelay_l_ms=0.743307 qdelay_c_ms=264.7 ecn_mark=424 drop=0
[QUEUE_STATS] t_ms=5776 q_pkts=436 q_bytes=655744 qdelay_l_ms=1.06618 qdelay_c_ms=265.719 ecn_mark=426 drop=0
[QUEUE_STATS] t_ms=5792 q_pkts=433 q_bytes=651232 qdelay_l_ms=1.06792 qdelay_c_ms=266.073 ecn_mark=428 drop=0
[QUEUE_STATS] t_ms=5809 q_pkts=437 q_bytes=657248 qdelay_l_ms=1.07254 qdelay_c_ms=265.273 ecn_mark=431 drop=0
[QUEUE_STATS] t_ms=5825 q_pkts=440 q_bytes=661760 qdelay_l_ms=1.09935 qdelay_c_ms=262.91 ecn_mark=432 drop=0
[QUEUE_STATS] t_ms=5840 q_pkts=434 q_bytes=652736 qdelay_l_ms=0 qdelay_c_ms=262.354 ecn_mark=432 drop=0
[QUEUE_STATS] t_ms=5856 q_pkts=439 q_bytes=660256 qdelay_l_ms=1.07566 qdelay_c_ms=261.968 ecn_mark=432 drop=0
[QUEUE_STATS] t_ms=5872 q_pkts=439 q_bytes=660256 qdelay_l_ms=1.0944 qdelay_c_ms=261.094 ecn_mark=435 drop=0
[QUEUE_STATS] t_ms=5888 q_pkts=442 q_bytes=664768 qdelay_l_ms=0.759828 qdelay_c_ms=262.014 ecn_mark=438 drop=0
[QUEUE_STATS] t_ms=5904 q_pkts=442 q_bytes=664768 qdelay_l_ms=1.06365 qdelay_c_ms=261.925 ecn_mark=439 drop=0
[QUEUE_STATS] t_ms=5920 q_pkts=445 q_bytes=669280 qdelay_l_ms=0.826303 qdelay_c_ms=260.86 ecn_mark=441 drop=0
[QUEUE_STATS] t_ms=5936 q_pkts=445 q_bytes=669280 qdelay_l_ms=1.07218 qdelay_c_ms=262.324 ecn_mark=441 drop=0
[QUEUE_STATS] t_ms=5952 q_pkts=445 q_bytes=669280 qdelay_l_ms=1.05401 qdelay_c_ms=259.059 ecn_mark=444 drop=0
[QUEUE_STATS] t_ms=5968 q_pkts=449 q_bytes=675296 qdelay_l_ms=1.0772 qdelay_c_ms=258.955 ecn_mark=446 drop=0
[QUEUE_STATS] t_ms=5984 q_pkts=448 q_bytes=673792 qdelay_l_ms=1.06535 qdelay_c_ms=259.765 ecn_mark=449 drop=0
[QUEUE_STATS] t_ms=6000 q_pkts=451 q_bytes=678304 qdelay_l_ms=0.912505 qdelay_c_ms=258.034 ecn_mark=450 drop=0
[QUEUE_STATS] t_ms=6016 q_pkts=451 q_bytes=678304 qdelay_l_ms=1.10585 qdelay_c_ms=258.046 ecn_mark=452 drop=0
[QUEUE_STATS] t_ms=6032 q_pkts=452 q_bytes=679808 qdelay_l_ms=0.783072 qdelay_c_ms=260.024 ecn_mark=454 drop=0
[QUEUE_STATS] t_ms=6049 q_pkts=454 q_bytes=682816 qdelay_l_ms=1.07673 qdelay_c_ms=257.314 ecn_mark=456 drop=0
[QUEUE_STATS] t_ms=6064 q_pkts=454 q_bytes=682816 qdelay_l_ms=0.897687 qdelay_c_ms=256.87 ecn_mark=457 drop=0
[QUEUE_STATS] t_ms=6080 q_pkts=450 q_bytes=676800 qdelay_l_ms=0.015819 qdelay_c_ms=256.048 ecn_mark=460 drop=0
[QUEUE_STATS] t_ms=6096 q_pkts=449 q_bytes=675296 qdelay_l_ms=1.11806 qdelay_c_ms=258.058 ecn_mark=462 drop=0
[QUEUE_STATS] t_ms=6113 q_pkts=440 q_bytes=661760 qdelay_l_ms=1.1086 qdelay_c_ms=255.213 ecn_mark=466 drop=0
[QUEUE_STATS] t_ms=6128 q_pkts=431 q_bytes=648224 qdelay_l_ms=1.0406 qdelay_c_ms=258.082 ecn_mark=467 drop=0
[QUEUE_STATS] t_ms=6145 q_pkts=424 q_bytes=637696 qdelay_l_ms=1.0998 qdelay_c_ms=257.058 ecn_mark=470 drop=0
[QUEUE_STATS] t_ms=6160 q_pkts=413 q_bytes=621152 qdelay_l_ms=0.848004 qdelay_c_ms=255.008 ecn_mark=473 drop=0
[QUEUE_STATS] t_ms=6176 q_pkts=403 q_bytes=606112 qdelay_l_ms=0 qdelay_c_ms=256.133 ecn_mark=478 drop=0
[QUEUE_STATS] t_ms=6192 q_pkts=396 q_bytes=595584 qdelay_l_ms=1.11407 qdelay_c_ms=255.766 ecn_mark=480 drop=0
[QUEUE_STATS] t_ms=6208 q_pkts=384 q_bytes=577536 qdelay_l_ms=0.055113 qdelay_c_ms=253.156 ecn_mark=480 drop=0
[QUEUE_STATS] t_ms=6224 q_pkts=378 q_bytes=568512 qdelay_l_ms=0.855628 qdelay_c_ms=253.941 ecn_mark=481 drop=0
[QUEUE_STATS] t_ms=6240 q_pkts=370 q_bytes=556480 qdelay_l_ms=1.07391 qdelay_c_ms=254.119 ecn_mark=483 drop=0
[QUEUE_STATS] t_ms=6256 q_pkts=361 q_bytes=542944 qdelay_l_ms=1.10304 qdelay_c_ms=254.85 ecn_mark=487 drop=0
[QUEUE_STATS] t_ms=6272 q_pkts=350 q_bytes=526400 qdelay_l_ms=1.07616 qdelay_c_ms=252.936 ecn_mark=489 drop=0
[QUEUE_STATS] t_ms=6288 q_pkts=337 q_bytes=506848 qdelay_l_ms=0.016571 qdelay_c_ms=249.99 ecn_mark=490 drop=0
[QUEUE_STATS] t_ms=6304 q_pkts=333 q_bytes=500832 qdelay_l_ms=0.916353 qdelay_c_ms=253.737 ecn_mark=492 drop=0
[QUEUE_STATS] t_ms=6320 q_pkts=323 q_bytes=485792 qdelay_l_ms=1.0775 qdelay_c_ms=250.755 ecn_mark=495 drop=0
[QUEUE_STATS] t_ms=6336 q_pkts=314 q_bytes=472256 qdelay_l_ms=0.852603 qdelay_c_ms=250.007 ecn_mark=499 drop=0
[QUEUE_STATS] t_ms=6352 q_pkts=303 q_bytes=455712 qdelay_l_ms=0.956067 qdelay_c_ms=238.143 ecn_mark=500 drop=0
[QUEUE_STATS] t_ms=6368 q_pkts=295 q_bytes=443680 qdelay_l_ms=1.07812 qdelay_c_ms=228.899 ecn_mark=501 drop=0
[QUEUE_STATS] t_ms=6384 q_pkts=291 q_bytes=437664 qdelay_l_ms=0.928445 qdelay_c_ms=224.009 ecn_mark=504 drop=0
[QUEUE_STATS] t_ms=6400 q_pkts=292 q_bytes=439168 qdelay_l_ms=0.982998 qdelay_c_ms=211.799 ecn_mark=505 drop=0
[QUEUE_STATS] t_ms=6417 q_pkts=291 q_bytes=437664 qdelay_l_ms=1.08968 qdelay_c_ms=205.196 ecn_mark=506 drop=0
[QUEUE_STATS] t_ms=6432 q_pkts=290 q_bytes=436160 qdelay_l_ms=1.06333 qdelay_c_ms=198.027 ecn_mark=508 drop=0
[QUEUE_STATS] t_ms=6448 q_pkts=292 q_bytes=439168 qdelay_l_ms=1.03668 qdelay_c_ms=187.963 ecn_mark=510 drop=0
[QUEUE_STATS] t_ms=6464 q_pkts=290 q_bytes=436160 qdelay_l_ms=1.09599 qdelay_c_ms=176.877 ecn_mark=514 drop=0
[QUEUE_STATS] t_ms=6480 q_pkts=291 q_bytes=437664 qdelay_l_ms=1.07542 qdelay_c_ms=172.924 ecn_mark=515 drop=0
[QUEUE_STATS] t_ms=6496 q_pkts=293 q_bytes=440672 qdelay_l_ms=0.87244 qdelay_c_ms=164.435 ecn_mark=519 drop=0
[QUEUE_STATS] t_ms=6512 q_pkts=290 q_bytes=436160 qdelay_l_ms=1.07554 qdelay_c_ms=153.867 ecn_mark=522 drop=0
[QUEUE_STATS] t_ms=6528 q_pkts=289 q_bytes=434656 qdelay_l_ms=1.07622 qdelay_c_ms=147.141 ecn_mark=526 drop=0
[QUEUE_STATS] t_ms=6545 q_pkts=294 q_bytes=442176 qdelay_l_ms=1.09099 qdelay_c_ms=150.067 ecn_mark=531 drop=0
[QUEUE_STATS] t_ms=6560 q_pkts=293 q_bytes=440672 qdelay_l_ms=1.08054 qdelay_c_ms=145.986 ecn_mark=533 drop=0
[QUEUE_STATS] t_ms=6576 q_pkts=292 q_bytes=439168 qdelay_l_ms=0.666051 qdelay_c_ms=145.19 ecn_mark=533 drop=0
[QUEUE_STATS] t_ms=6592 q_pkts=284 q_bytes=427136 qdelay_l_ms=0.895052 qdelay_c_ms=144.806 ecn_mark=537 drop=0
[QUEUE_STATS] t_ms=6608 q_pkts=274 q_bytes=412096 qdelay_l_ms=1.07922 qdelay_c_ms=143.873 ecn_mark=539 drop=0
[QUEUE_STATS] t_ms=6624 q_pkts=263 q_bytes=395552 qdelay_l_ms=0.903178 qdelay_c_ms=143.789 ecn_mark=543 drop=0
[QUEUE_STATS] t_ms=6640 q_pkts=250 q_bytes=376000 qdelay_l_ms=0 qdelay_c_ms=141.106 ecn_mark=543 drop=0
[QUEUE_STATS] t_ms=6656 q_pkts=241 q_bytes=362464 qdelay_l_ms=1.07048 qdelay_c_ms=142.05 ecn_mark=547 drop=0
[QUEUE_STATS] t_ms=6672 q_pkts=232 q_bytes=348928 qdelay_l_ms=0.934456 qdelay_c_ms=141.018 ecn_mark=549 drop=0
[QUEUE_STATS] t_ms=6688 q_pkts=222 q_bytes=333888 qdelay_l_ms=0.929196 qdelay_c_ms=142.02 ecn_mark=550 drop=0
[QUEUE_STATS] t_ms=6704 q_pkts=210 q_bytes=315840 qdelay_l_ms=1.08006 qdelay_c_ms=139.832 ecn_mark=551 drop=0
[QUEUE_STATS] t_ms=6721 q_pkts=200 q_bytes=300800 qdelay_l_ms=1.04778 qdelay_c_ms=136.902 ecn_mark=553 drop=0
[QUEUE_STATS] t_ms=6736 q_pkts=191 q_bytes=287264 qdelay_l_ms=0.950327 qdelay_c_ms=131.861 ecn_mark=555 drop=0
[QUEUE_STATS] t_ms=6752 q_pkts=179 q_bytes=269216 qdelay_l_ms=1.05611 qdelay_c_ms=120.958 ecn_mark=556 drop=0
[QUEUE_STATS] t_ms=6768 q_pkts=171 q_bytes=257184 qdelay_l_ms=0.93654 qdelay_c_ms=114.997 ecn_mark=558 drop=0
[QUEUE_STATS] t_ms=6785 q_pkts=177 q_bytes=266208 qdelay_l_ms=1.08099 qdelay_c_ms=105.793 ecn_mark=558 drop=0
[QUEUE_STATS] t_ms=6800 q_pkts=174 q_bytes=261696 qdelay_l_ms=1.06997 qdelay_c_ms=97.1275 ecn_mark=559 drop=0
[QUEUE_STATS] t_ms=6816 q_pkts=173 q_bytes=260192 qdelay_l_ms=1.06964 qdelay_c_ms=90.2829 ecn_mark=560 drop=0
[QUEUE_STATS] t_ms=6832 q_pkts=176 q_bytes=264704 qdelay_l_ms=1.06655 qdelay_c_ms=84.0162 ecn_mark=561 drop=0
[QUEUE_STATS] t_ms=6848 q_pkts=174 q_bytes=261696 qdelay_l_ms=0.958552 qdelay_c_ms=77.9435 ecn_mark=561 drop=0
[QUEUE_STATS] t_ms=6864 q_pkts=173 q_bytes=260192 qdelay_l_ms=0.963651 qdelay_c_ms=79.7973 ecn_mark=562 drop=0
[QUEUE_STATS] t_ms=6880 q_pkts=175 q_bytes=263200 qdelay_l_ms=0.900102 qdelay_c_ms=78.8921 ecn_mark=564 drop=0
[QUEUE_STATS] t_ms=6896 q_pkts=176 q_bytes=264704 qdelay_l_ms=0.937132 qdelay_c_ms=76.9536 ecn_mark=565 drop=0
[QUEUE_STATS] t_ms=6913 q_pkts=176 q_bytes=264704 qdelay_l_ms=1.09224 qdelay_c_ms=80.1512 ecn_mark=566 drop=0
[QUEUE_STATS] t_ms=6928 q_pkts=171 q_bytes=257184 qdelay_l_ms=0 qdelay_c_ms=75.2859 ecn_mark=566 drop=0
[QUEUE_STATS] t_ms=6944 q_pkts=177 q_bytes=266208 qdelay_l_ms=1.0713 qdelay_c_ms=76.8355 ecn_mark=567 drop=0
[QUEUE_STATS] t_ms=6960 q_pkts=174 q_bytes=261696 qdelay_l_ms=1.06261 qdelay_c_ms=80.5376 ecn_mark=568 drop=0
[QUEUE_STATS] t_ms=6976 q_pkts=176 q_bytes=264704 qdelay_l_ms=0.949545 qdelay_c_ms=76.7325 ecn_mark=570 drop=0
[QUEUE_STATS] t_ms=6992 q_pkts=176 q_bytes=264704 qdelay_l_ms=1.10603 qdelay_c_ms=78.264 ecn_mark=573 drop=0
[QUEUE_STATS] t_ms=7008 q_pkts=178 q_bytes=267712 qdelay_l_ms=0.992746 qdelay_c_ms=79.9966 ecn_mark=576 drop=0
[QUEUE_STATS] t_ms=7024 q_pkts=175 q_bytes=263200 qdelay_l_ms=0.978119 qdelay_c_ms=77.0688 ecn_mark=581 drop=0
[QUEUE_STATS] t_ms=7040 q_pkts=164 q_bytes=246656 qdelay_l_ms=1.08126 qdelay_c_ms=77.9687 ecn_mark=583 drop=0
[QUEUE_STATS] t_ms=7056 q_pkts=155 q_bytes=233120 qdelay_l_ms=0.88885 qdelay_c_ms=77.9126 ecn_mark=583 drop=0
[QUEUE_STATS] t_ms=7072 q_pkts=141 q_bytes=212064 qdelay_l_ms=0.99487 qdelay_c_ms=75.1335 ecn_mark=585 drop=0
[QUEUE_STATS] t_ms=7088 q_pkts=131 q_bytes=197024 qdelay_l_ms=1.06619 qdelay_c_ms=78.2726 ecn_mark=587 drop=0
[QUEUE_STATS] t_ms=7104 q_pkts=121 q_bytes=181984 qdelay_l_ms=1.03263 qdelay_c_ms=76.1864 ecn_mark=588 drop=0
[QUEUE_STATS] t_ms=7120 q_pkts=106 q_bytes=159424 qdelay_l_ms=1.00382 qdelay_c_ms=64.8915 ecn_mark=591 drop=0
[QUEUE_STATS] t_ms=7136 q_pkts=94 q_bytes=141376 qdelay_l_ms=1.11401 qdelay_c_ms=59.0917 ecn_mark=592 drop=0
[QUEUE_STATS] t_ms=7152 q_pkts=91 q_bytes=136864 qdelay_l_ms=0 qdelay_c_ms=50.9024 ecn_mark=596 drop=0
[QUEUE_STATS] t_ms=7168 q_pkts=91 q_bytes=136864 qdelay_l_ms=1.00172 qdelay_c_ms=43.1131 ecn_mark=600 drop=0
[QUEUE_STATS] t_ms=7184 q_pkts=88 q_bytes=132352 qdelay_l_ms=0 qdelay_c_ms=35.8978 ecn_mark=601 drop=0
[QUEUE_STATS] t_ms=7201 q_pkts=93 q_bytes=139872 qdelay_l_ms=0 qdelay_c_ms=39.8055 ecn_mark=601 drop=0
[QUEUE_STATS] t_ms=7216 q_pkts=84 q_bytes=126336 qdelay_l_ms=0.038122 qdelay_c_ms=36.6862 ecn_mark=601 drop=0
[QUEUE_STATS] t_ms=7232 q_pkts=71 q_bytes=106784 qdelay_l_ms=0 qdelay_c_ms=37.2463 ecn_mark=603 drop=0
[QUEUE_STATS] t_ms=7248 q_pkts=64 q_bytes=96256 qdelay_l_ms=1.08024 qdelay_c_ms=38.0111 ecn_mark=605 drop=0
[QUEUE_STATS] t_ms=7264 q_pkts=52 q_bytes=78208 qdelay_l_ms=1.0673 qdelay_c_ms=29.0561 ecn_mark=607 drop=0
[QUEUE_STATS] t_ms=7280 q_pkts=41 q_bytes=61664 qdelay_l_ms=1.02812 qdelay_c_ms=25.123 ecn_mark=609 drop=0
[QUEUE_STATS] t_ms=7296 q_pkts=35 q_bytes=52640 qdelay_l_ms=1.03009 qdelay_c_ms=15.8933 ecn_mark=613 drop=0
[QUEUE_STATS] t_ms=7312 q_pkts=31 q_bytes=46624 qdelay_l_ms=0.028033 qdelay_c_ms=12.2442 ecn_mark=616 drop=0
[QUEUE_STATS] t_ms=7328 q_pkts=34 q_bytes=51136 qdelay_l_ms=1.07424 qdelay_c_ms=14.1837 ecn_mark=619 drop=0
[QUEUE_STATS] t_ms=7344 q_pkts=35 q_bytes=52640 qdelay_l_ms=1.05698 qdelay_c_ms=13.6444 ecn_mark=620 drop=0
[QUEUE_STATS] t_ms=7360 q_pkts=34 q_bytes=51136 qdelay_l_ms=1.07935 qdelay_c_ms=13.4377 ecn_mark=623 drop=0
[QUEUE_STATS] t_ms=7376 q_pkts=34 q_bytes=51136 qdelay_l_ms=1.07653 qdelay_c_ms=15.5919 ecn_mark=625 drop=0
[QUEUE_STATS] t_ms=7392 q_pkts=34 q_bytes=51136 qdelay_l_ms=1.0622 qdelay_c_ms=13.4212 ecn_mark=628 drop=0
[QUEUE_STATS] t_ms=7408 q_pkts=19 q_bytes=28576 qdelay_l_ms=0 qdelay_c_ms=10.9777 ecn_mark=630 drop=0
[QUEUE_STATS] t_ms=7424 q_pkts=9 q_bytes=13536 qdelay_l_ms=1.10109 qdelay_c_ms=6.57245 ecn_mark=630 drop=0
[QUEUE_STATS] t_ms=7440 q_pkts=3 q_bytes=4512 qdelay_l_ms=1.09362 qdelay_c_ms=1.0875 ecn_mark=631 drop=0
[QUEUE_STATS] t_ms=7456 q_pkts=4 q_bytes=6016 qdelay_l_ms=0 qdelay_c_ms=1.07522 ecn_mark=632 drop=0
[QUEUE_STATS] t_ms=7472 q_pkts=5 q_bytes=7520 qdelay_l_ms=1.06109 qdelay_c_ms=2.16751 ecn_mark=635 drop=0
[QUEUE_STATS] t_ms=7488 q_pkts=2 q_bytes=3008 qdelay_l_ms=1.0783 qdelay_c_ms=0 ecn_mark=635 drop=0
[QUEUE_STATS] t_ms=7504 q_pkts=1 q_bytes=1504 qdelay_l_ms=0.014667 qdelay_c_ms=0 ecn_mark=638 drop=0
[QUEUE_STATS] t_ms=7520 q_pkts=5 q_bytes=7520 qdelay_l_ms=1.12052 qdelay_c_ms=2.17983 ecn_mark=638 drop=0
[QUEUE_STATS] t_ms=7536 q_pkts=7 q_bytes=10528 qdelay_l_ms=1.12287 qdelay_c_ms=1.87141 ecn_mark=639 drop=0
[QUEUE_STATS] t_ms=7552 q_pkts=2 q_bytes=3008 qdelay_l_ms=1.0703 qdelay_c_ms=0 ecn_mark=642 drop=0
[QUEUE_STATS] t_ms=7568 q_pkts=5 q_bytes=7520 qdelay_l_ms=1.09436 qdelay_c_ms=1.3625 ecn_mark=643 drop=0
[QUEUE_STATS] t_ms=7584 q_pkts=0 q_bytes=0 qdelay_l_ms=0 qdelay_c_ms=0 ecn_mark=645 drop=0
[QUEUE_STATS] t_ms=7600 q_pkts=4 q_bytes=6016 qdelay_l_ms=1.07964 qdelay_c_ms=1.11438 ecn_mark=646 drop=0
[QUEUE_STATS] t_ms=7616 q_pkts=2 q_bytes=3008 qdelay_l_ms=0.029526 qdelay_c_ms=0.022352 ecn_mark=647 drop=0
[QUEUE_STATS] t_ms=7632 q_pkts=5 q_bytes=7520 qdelay_l_ms=1.11392 qdelay_c_ms=1.10465 ecn_mark=650 drop=0
[QUEUE_STATS] t_ms=7648 q_pkts=5 q_bytes=7520 qdelay_l_ms=1.06603 qdelay_c_ms=1.82449 ecn_mark=653 drop=0
[QUEUE_STATS] t_ms=7664 q_pkts=4 q_bytes=6016 qdelay_l_ms=1.11152 qdelay_c_ms=1.10232 ecn_mark=653 drop=0
[QUEUE_STATS] t_ms=7680 q_pkts=3 q_bytes=4512 qdelay_l_ms=0.836292 qdelay_c_ms=0.842884 ecn_mark=653 drop=0
[QUEUE_STATS] t_ms=7696 q_pkts=3 q_bytes=4512 qdelay_l_ms=1.01925 qdelay_c_ms=1.03307 ecn_mark=654 drop=0
[QUEUE_STATS] t_ms=7712 q_pkts=6 q_bytes=9024 qdelay_l_ms=1.03634 qdelay_c_ms=1.05964 ecn_mark=656 drop=0
[QUEUE_STATS] t_ms=7728 q_pkts=3 q_bytes=4512 qdelay_l_ms=1.05769 qdelay_c_ms=1.04958 ecn_mark=657 drop=0
[QUEUE_STATS] t_ms=7744 q_pkts=4 q_bytes=6016 qdelay_l_ms=1.11983 qdelay_c_ms=1.10971 ecn_mark=660 drop=0
[QUEUE_STATS] t_ms=7760 q_pkts=3 q_bytes=4512 qdelay_l_ms=1.07436 qdelay_c_ms=1.08696 ecn_mark=663 drop=0
[QUEUE_STATS] t_ms=7776 q_pkts=3 q_bytes=4512 qdelay_l_ms=1.01153 qdelay_c_ms=1.00436 ecn_mark=664 drop=0
[QUEUE_STATS] t_ms=7792 q_pkts=3 q_bytes=4512 qdelay_l_ms=1.11265 qdelay_c_ms=1.10279 ecn_mark=664 drop=0
[QUEUE_STATS] t_ms=7808 q_pkts=2 q_bytes=3008 qdelay_l_ms=1.04646 qdelay_c_ms=0 ecn_mark=664 drop=0
[QUEUE_STATS] t_ms=7825 q_pkts=6 q_bytes=9024 qdelay_l_ms=1.07698 qdelay_c_ms=1.11429 ecn_mark=664 drop=0
[QUEUE_STATS] t_ms=7840 q_pkts=6 q_bytes=9024 qdelay_l_ms=1.09254 qdelay_c_ms=1.12339 ecn_mark=664 drop=0
[QUEUE_STATS] t_ms=7856 q_pkts=0 q_bytes=0 qdelay_l_ms=0 qdelay_c_ms=0 ecn_mark=667 drop=0
[QUEUE_STATS] t_ms=7872 q_pkts=2 q_bytes=3008 qdelay_l_ms=1.09359 qdelay_c_ms=1.10165 ecn_mark=669 drop=0
[QUEUE_STATS] t_ms=7889 q_pkts=1 q_bytes=1504 qdelay_l_ms=1.08022 qdelay_c_ms=0 ecn_mark=670 drop=0
[QUEUE_STATS] t_ms=7904 q_pkts=4 q_bytes=6016 qdelay_l_ms=0.919378 qdelay_c_ms=0.911313 ecn_mark=673 drop=0
[QUEUE_STATS] t_ms=7920 q_pkts=5 q_bytes=7520 qdelay_l_ms=1.06772 qdelay_c_ms=2.42048 ecn_mark=673 drop=0
[QUEUE_STATS] t_ms=7936 q_pkts=4 q_bytes=6016 qdelay_l_ms=1.11219 qdelay_c_ms=1.10298 ecn_mark=675 drop=0
[QUEUE_STATS] t_ms=7952 q_pkts=0 q_bytes=0 qdelay_l_ms=0 qdelay_c_ms=0 ecn_mark=677 drop=0
[QUEUE_STATS] t_ms=7968 q_pkts=5 q_bytes=7520 qdelay_l_ms=1.01235 qdelay_c_ms=2.01301 ecn_mark=677 drop=0
[QUEUE_STATS] t_ms=7984 q_pkts=6 q_bytes=9024 qdelay_l_ms=1.08639 qdelay_c_ms=1.06986 ecn_mark=679 drop=0
[QUEUE_STATS] t_ms=8000 q_pkts=1 q_bytes=1504 qdelay_l_ms=1.07178 qdelay_c_ms=0 ecn_mark=682 drop=0
[QUEUE_STATS] t_ms=8016 q_pkts=3 q_bytes=4512 qdelay_l_ms=1.07635 qdelay_c_ms=1.10055 ecn_mark=684 drop=0
[QUEUE_STATS] t_ms=8032 q_pkts=4 q_bytes=6016 qdelay_l_ms=0 qdelay_c_ms=1.09404 ecn_mark=685 drop=0
[QUEUE_STATS] t_ms=8048 q_pkts=2 q_bytes=3008 qdelay_l_ms=1.09784 qdelay_c_ms=0 ecn_mark=685 drop=0
[QUEUE_STATS] t_ms=8064 q_pkts=4 q_bytes=6016 qdelay_l_ms=0.93649 qdelay_c_ms=0.920711 ecn_mark=685 drop=0
[QUEUE_STATS] t_ms=8080 q_pkts=2 q_bytes=3008 qdelay_l_ms=1.0954 qdelay_c_ms=1.73848 ecn_mark=686 drop=0
[QUEUE_STATS] t_ms=8096 q_pkts=3 q_bytes=4512 qdelay_l_ms=1.10754 qdelay_c_ms=2.13136 ecn_mark=690 drop=0
[QUEUE_STATS] t_ms=8112 q_pkts=4 q_bytes=6016 qdelay_l_ms=1.06609 qdelay_c_ms=1.05886 ecn_mark=690 drop=0
[QUEUE_STATS] t_ms=8128 q_pkts=3 q_bytes=4512 qdelay_l_ms=1.09882 qdelay_c_ms=1.09139 ecn_mark=691 drop=0
[QUEUE_STATS] t_ms=8144 q_pkts=4 q_bytes=6016 qdelay_l_ms=1.09526 qdelay_c_ms=1.08747 ecn_mark=693 drop=0
[QUEUE_STATS] t_ms=8160 q_pkts=2 q_bytes=3008 qdelay_l_ms=1.05892 qdelay_c_ms=0 ecn_mark=694 drop=0
[QUEUE_STATS] t_ms=8177 q_pkts=4 q_bytes=6016 qdelay_l_ms=1.07904 qdelay_c_ms=1.11229 ecn_mark=695 drop=0
[QUEUE_STATS] t_ms=8192 q_pkts=3 q_bytes=4512 qdelay_l_ms=1.09026 qdelay_c_ms=1.09972 ecn_mark=695 drop=0
[QUEUE_STATS] t_ms=8208 q_pkts=4 q_bytes=6016 qdelay_l_ms=1.11157 qdelay_c_ms=1.10167 ecn_mark=695 drop=0
[QUEUE_STATS] t_ms=8224 q_pkts=3 q_bytes=4512 qdelay_l_ms=1.10804 qdelay_c_ms=1.09861 ecn_mark=696 drop=0
[QUEUE_STATS] t_ms=8240 q_pkts=3 q_bytes=4512 qdelay_l_ms=0.946929 qdelay_c_ms=0.938874 ecn_mark=696 drop=0
[QUEUE_STATS] t_ms=8256 q_pkts=3 q_bytes=4512 qdelay_l_ms=1.06106 qdelay_c_ms=1.05105 ecn_mark=700 drop=0
[QUEUE_STATS] t_ms=8272 q_pkts=4 q_bytes=6016 qdelay_l_ms=1.10847 qdelay_c_ms=1.10165 ecn_mark=701 drop=0
[QUEUE_STATS] t_ms=8288 q_pkts=4 q_bytes=6016 qdelay_l_ms=1.09114 qdelay_c_ms=1.08485 ecn_mark=702 drop=0
[QUEUE_STATS] t_ms=8304 q_pkts=4 q_bytes=6016 qdelay_l_ms=0.970614 qdelay_c_ms=0.947992 ecn_mark=705 drop=0
[QUEUE_STATS] t_ms=8320 q_pkts=4 q_bytes=6016 qdelay_l_ms=1.07158 qdelay_c_ms=1.09752 ecn_mark=705 drop=0
[QUEUE_STATS] t_ms=8336 q_pkts=4 q_bytes=6016 qdelay_l_ms=1.08608 qdelay_c_ms=1.07861 ecn_mark=706 drop=0
[QUEUE_STATS] t_ms=8352 q_pkts=4 q_bytes=6016 qdelay_l_ms=0.988487 qdelay_c_ms=2.08928 ecn_mark=707 drop=0
[QUEUE_STATS] t_ms=8368 q_pkts=1 q_bytes=1504 qdelay_l_ms=1.09214 qdelay_c_ms=0 ecn_mark=709 drop=0
[QUEUE_STATS] t_ms=8384 q_pkts=2 q_bytes=3008 qdelay_l_ms=1.09893 qdelay_c_ms=0 ecn_mark=714 drop=0
[QUEUE_STATS] t_ms=8400 q_pkts=0 q_bytes=0 qdelay_l_ms=0 qdelay_c_ms=0 ecn_mark=716 drop=0
[QUEUE_STATS] t_ms=8416 q_pkts=3 q_bytes=4512 qdelay_l_ms=1.02978 qdelay_c_ms=1.05598 ecn_mark=718 drop=0
[QUEUE_STATS] t_ms=8432 q_pkts=4 q_bytes=6016 qdelay_l_ms=1.07646 qdelay_c_ms=1.06708 ecn_mark=718 drop=0
[QUEUE_STATS] t_ms=8448 q_pkts=4 q_bytes=6016 qdelay_l_ms=1.04698 qdelay_c_ms=1.0862 ecn_mark=722 drop=0
[QUEUE_STATS] t_ms=8464 q_pkts=4 q_bytes=6016 qdelay_l_ms=0.998787 qdelay_c_ms=1.03082 ecn_mark=723 drop=0
[QUEUE_STATS] t_ms=8480 q_pkts=4 q_bytes=6016 qdelay_l_ms=1.0772 qdelay_c_ms=1.11169 ecn_mark=723 drop=0
[QUEUE_STATS] t_ms=8496 q_pkts=0 q_bytes=0 qdelay_l_ms=0 qdelay_c_ms=0 ecn_mark=723 drop=0
[QUEUE_STATS] t_ms=8512 q_pkts=4 q_bytes=6016 qdelay_l_ms=1.06879 qdelay_c_ms=1.05934 ecn_mark=725 drop=0
[QUEUE_STATS] t_ms=8528 q_pkts=3 q_bytes=4512 qdelay_l_ms=1.08913 qdelay_c_ms=2.14172 ecn_mark=726 drop=0
[QUEUE_STATS] t_ms=8544 q_pkts=3 q_bytes=4512 qdelay_l_ms=1.10445 qdelay_c_ms=1.0969 ecn_mark=727 drop=0
[QUEUE_STATS] t_ms=8560 q_pkts=1 q_bytes=1504 qdelay_l_ms=0.024937 qdelay_c_ms=0 ecn_mark=728 drop=0
[QUEUE_STATS] t_ms=8576 q_pkts=2 q_bytes=3008 qdelay_l_ms=0 qdelay_c_ms=0.0427 ecn_mark=729 drop=0
[QUEUE_STATS] t_ms=8592 q_pkts=0 q_bytes=0 qdelay_l_ms=0 qdelay_c_ms=0 ecn_mark=731 drop=0
[QUEUE_STATS] t_ms=8608 q_pkts=3 q_bytes=4512 qdelay_l_ms=0.846251 qdelay_c_ms=0.857071 ecn_mark=731 drop=0
[QUEUE_STATS] t_ms=8624 q_pkts=3 q_bytes=4512 qdelay_l_ms=1.09346 qdelay_c_ms=2.05756 ecn_mark=732 drop=0
[QUEUE_STATS] t_ms=8640 q_pkts=4 q_bytes=6016 qdelay_l_ms=1.10424 qdelay_c_ms=1.09535 ecn_mark=733 drop=0
[QUEUE_STATS] t_ms=8656 q_pkts=4 q_bytes=6016 qdelay_l_ms=1.11362 qdelay_c_ms=1.10362 ecn_mark=734 drop=0
[QUEUE_STATS] t_ms=8672 q_pkts=4 q_bytes=6016 qdelay_l_ms=1.10059 qdelay_c_ms=1.09217 ecn_mark=735 drop=0
[QUEUE_STATS] t_ms=8688 q_pkts=5 q_bytes=7520 qdelay_l_ms=1.10266 qdelay_c_ms=1.89916 ecn_mark=737 drop=0
[QUEUE_STATS] t_ms=8704 q_pkts=3 q_bytes=4512 qdelay_l_ms=1.02394 qdelay_c_ms=1.0651 ecn_mark=739 drop=0
[QUEUE_STATS] t_ms=8720 q_pkts=2 q_bytes=3008 qdelay_l_ms=1.09395 qdelay_c_ms=0 ecn_mark=741 drop=0
[QUEUE_STATS] t_ms=8736 q_pkts=3 q_bytes=4512 qdelay_l_ms=1.0742 qdelay_c_ms=1.06462 ecn_mark=743 drop=0
[QUEUE_STATS] t_ms=8752 q_pkts=3 q_bytes=4512 qdelay_l_ms=1.051 qdelay_c_ms=1.0735 ecn_mark=743 drop=0
[QUEUE_STATS] t_ms=8768 q_pkts=0 q_bytes=0 qdelay_l_ms=0 qdelay_c_ms=0 ecn_mark=744 drop=0
[QUEUE_STATS] t_ms=8784 q_pkts=1 q_bytes=1504 qdelay_l_ms=1.0372 qdelay_c_ms=0 ecn_mark=746 drop=0
[QUEUE_STATS] t_ms=8800 q_pkts=3 q_bytes=4512 qdelay_l_ms=1.02263 qdelay_c_ms=1.04946 ecn_mark=748 drop=0
[QUEUE_STATS] t_ms=8817 q_pkts=5 q_bytes=7520 qdelay_l_ms=1.0723 qdelay_c_ms=2.06663 ecn_mark=748 drop=0
[QUEUE_STATS] t_ms=8832 q_pkts=3 q_bytes=4512 qdelay_l_ms=1.07543 qdelay_c_ms=1.06783 ecn_mark=748 drop=0
[QUEUE_STATS] t_ms=8848 q_pkts=2 q_bytes=3008 qdelay_l_ms=1.0861 qdelay_c_ms=1.09613 ecn_mark=748 drop=0
[QUEUE_STATS] t_ms=8864 q_pkts=5 q_bytes=7520 qdelay_l_ms=1.0479 qdelay_c_ms=1.09385 ecn_mark=750 drop=0
[QUEUE_STATS] t_ms=8880 q_pkts=5 q_bytes=7520 qdelay_l_ms=1.09205 qdelay_c_ms=1.08468 ecn_mark=750 drop=0
[QUEUE_STATS] t_ms=8896 q_pkts=0 q_bytes=0 qdelay_l_ms=0 qdelay_c_ms=0 ecn_mark=754 drop=0
[QUEUE_STATS] t_ms=8912 q_pkts=2 q_bytes=3008 qdelay_l_ms=1.06 qdelay_c_ms=1.05447 ecn_mark=754 drop=0
[QUEUE_STATS] t_ms=8928 q_pkts=2 q_bytes=3008 qdelay_l_ms=1.0516 qdelay_c_ms=0 ecn_mark=755 drop=0
[QUEUE_STATS] t_ms=8944 q_pkts=3 q_bytes=4512 qdelay_l_ms=0.953382 qdelay_c_ms=0.942601 ecn_mark=757 drop=0
[QUEUE_STATS] t_ms=8960 q_pkts=2 q_bytes=3008 qdelay_l_ms=0.951538 qdelay_c_ms=0 ecn_mark=758 drop=0
[QUEUE_STATS] t_ms=8976 q_pkts=3 q_bytes=4512 qdelay_l_ms=1.02312 qdelay_c_ms=1.03566 ecn_mark=758 drop=0
[QUEUE_STATS] t_ms=8993 q_pkts=4 q_bytes=6016 qdelay_l_ms=1.11912 qdelay_c_ms=1.11095 ecn_mark=759 drop=0
[QUEUE_STATS] t_ms=9008 q_pkts=3 q_bytes=4512 qdelay_l_ms=1.13577 qdelay_c_ms=1.12888 ecn_mark=760 drop=0
[QUEUE_STATS] t_ms=9024 q_pkts=3 q_bytes=4512 qdelay_l_ms=1.06585 qdelay_c_ms=1.09271 ecn_mark=762 drop=0
[QUEUE_STATS] t_ms=9040 q_pkts=2 q_bytes=3008 qdelay_l_ms=1.10345 qdelay_c_ms=0 ecn_mark=764 drop=0
[QUEUE_STATS] t_ms=9056 q_pkts=6 q_bytes=9024 qdelay_l_ms=0.908277 qdelay_c_ms=0.902516 ecn_mark=765 drop=0
[QUEUE_STATS] t_ms=9072 q_pkts=1 q_bytes=1504 qdelay_l_ms=0 qdelay_c_ms=1.11508 ecn_mark=767 drop=0
[QUEUE_STATS] t_ms=9088 q_pkts=0 q_bytes=0 qdelay_l_ms=0 qdelay_c_ms=0 ecn_mark=767 drop=0
[QUEUE_STATS] t_ms=9104 q_pkts=3 q_bytes=4512 qdelay_l_ms=0.957379 qdelay_c_ms=0.96845 ecn_mark=770 drop=0
[QUEUE_STATS] t_ms=9120 q_pkts=1 q_bytes=1504 qdelay_l_ms=1.06812 qdelay_c_ms=0 ecn_mark=771 drop=0
[QUEUE_STATS] t_ms=9136 q_pkts=4 q_bytes=6016 qdelay_l_ms=0 qdelay_c_ms=0.992255 ecn_mark=773 drop=0
[QUEUE_STATS] t_ms=9152 q_pkts=3 q_bytes=4512 qdelay_l_ms=0.955987 qdelay_c_ms=0.949124 ecn_mark=774 drop=0
[QUEUE_STATS] t_ms=9168 q_pkts=2 q_bytes=3008 qdelay_l_ms=0.68647 qdelay_c_ms=0.693493 ecn_mark=776 drop=0
[QUEUE_STATS] t_ms=9184 q_pkts=3 q_bytes=4512 qdelay_l_ms=0.027311 qdelay_c_ms=0.019636 ecn_mark=776 drop=0
[QUEUE_STATS] t_ms=9200 q_pkts=5 q_bytes=7520 qdelay_l_ms=1.08037 qdelay_c_ms=1.07284 ecn_mark=776 drop=0
[QUEUE_STATS] t_ms=9216 q_pkts=6 q_bytes=9024 qdelay_l_ms=1.13596 qdelay_c_ms=1.12606 ecn_mark=778 drop=0
[QUEUE_STATS] t_ms=9232 q_pkts=1 q_bytes=1504 qdelay_l_ms=0.026339 qdelay_c_ms=0 ecn_mark=779 drop=0
[QUEUE_STATS] t_ms=9249 q_pkts=3 q_bytes=4512 qdelay_l_ms=1.10757 qdelay_c_ms=1.10019 ecn_mark=781 drop=0
[QUEUE_STATS] t_ms=9264 q_pkts=3 q_bytes=4512 qdelay_l_ms=1.00005 qdelay_c_ms=2.09104 ecn_mark=782 drop=0
[QUEUE_STATS] t_ms=9280 q_pkts=5 q_bytes=7520 qdelay_l_ms=1.05237 qdelay_c_ms=1.07438 ecn_mark=784 drop=0
[QUEUE_STATS] t_ms=9296 q_pkts=4 q_bytes=6016 qdelay_l_ms=1.077 qdelay_c_ms=1.06259 ecn_mark=786 drop=0
[QUEUE_STATS] t_ms=9312 q_pkts=2 q_bytes=3008 qdelay_l_ms=1.03636 qdelay_c_ms=1.0496 ecn_mark=788 drop=0
[QUEUE_STATS] t_ms=9328 q_pkts=4 q_bytes=6016 qdelay_l_ms=1.0814 qdelay_c_ms=1.07003 ecn_mark=790 drop=0
[QUEUE_STATS] t_ms=9344 q_pkts=2 q_bytes=3008 qdelay_l_ms=0.036899 qdelay_c_ms=0.019416 ecn_mark=792 drop=0
[QUEUE_STATS] t_ms=9360 q_pkts=3 q_bytes=4512 qdelay_l_ms=1.07237 qdelay_c_ms=1.10676 ecn_mark=792 drop=0
[QUEUE_STATS] t_ms=9376 q_pkts=5 q_bytes=7520 qdelay_l_ms=1.04139 qdelay_c_ms=1.12116 ecn_mark=793 drop=0
[QUEUE_STATS] t_ms=9392 q_pkts=3 q_bytes=4512 qdelay_l_ms=1.10256 qdelay_c_ms=2.12912 ecn_mark=794 drop=0
[QUEUE_STATS] t_ms=9408 q_pkts=3 q_bytes=4512 qdelay_l_ms=1.09647 qdelay_c_ms=1.78702 ecn_mark=796 drop=0
[QUEUE_STATS] t_ms=9424 q_pkts=2 q_bytes=3008 qdelay_l_ms=0 qdelay_c_ms=0.048271 ecn_mark=798 drop=0
[QUEUE_STATS] t_ms=9440 q_pkts=3 q_bytes=4512 qdelay_l_ms=1.10376 qdelay_c_ms=1.85494 ecn_mark=801 drop=0
[QUEUE_STATS] t_ms=9456 q_pkts=4 q_bytes=6016 qdelay_l_ms=1.04852 qdelay_c_ms=2.1701 ecn_mark=802 drop=0
[QUEUE_STATS] t_ms=9472 q_pkts=5 q_bytes=7520 qdelay_l_ms=1.07596 qdelay_c_ms=1.06517 ecn_mark=803 drop=0
[QUEUE_STATS] t_ms=9489 q_pkts=1 q_bytes=1504 qdelay_l_ms=1.10268 qdelay_c_ms=0 ecn_mark=803 drop=0
[QUEUE_STATS] t_ms=9505 q_pkts=3 q_bytes=4512 qdelay_l_ms=1.09152 qdelay_c_ms=1.08458 ecn_mark=803 drop=0
[QUEUE_STATS] t_ms=9520 q_pkts=4 q_bytes=6016 qdelay_l_ms=1.05876 qdelay_c_ms=1.05159 ecn_mark=804 drop=0
[QUEUE_STATS] t_ms=9536 q_pkts=3 q_bytes=4512 qdelay_l_ms=1.06225 qdelay_c_ms=1.05277 ecn_mark=805 drop=0
[QUEUE_STATS] t_ms=9552 q_pkts=3 q_bytes=4512 qdelay_l_ms=1.0959 qdelay_c_ms=1.08738 ecn_mark=807 drop=0
[QUEUE_STATS] t_ms=9568 q_pkts=3 q_bytes=4512 qdelay_l_ms=1.06741 qdelay_c_ms=1.07916 ecn_mark=808 drop=0
[QUEUE_STATS] t_ms=9584 q_pkts=3 q_bytes=4512 qdelay_l_ms=1.05515 qdelay_c_ms=1.08787 ecn_mark=809 drop=0
[QUEUE_STATS] t_ms=9600 q_pkts=3 q_bytes=4512 qdelay_l_ms=1.09316 qdelay_c_ms=1.8837 ecn_mark=809 drop=0
[QUEUE_STATS] t_ms=9616 q_pkts=4 q_bytes=6016 qdelay_l_ms=0.724402 qdelay_c_ms=0.740993 ecn_mark=810 drop=0
[QUEUE_STATS] t_ms=9632 q_pkts=2 q_bytes=3008 qdelay_l_ms=1.0973 qdelay_c_ms=1.80172 ecn_mark=810 drop=0
[QUEUE_STATS] t_ms=9648 q_pkts=5 q_bytes=7520 qdelay_l_ms=1.07112 qdelay_c_ms=1.11766 ecn_mark=812 drop=0
[QUEUE_STATS] t_ms=9664 q_pkts=3 q_bytes=4512 qdelay_l_ms=1.0794 qdelay_c_ms=1.06237 ecn_mark=813 drop=0
[QUEUE_STATS] t_ms=9680 q_pkts=2 q_bytes=3008 qdelay_l_ms=1.08647 qdelay_c_ms=0 ecn_mark=815 drop=0
[QUEUE_STATS] t_ms=9696 q_pkts=2 q_bytes=3008 qdelay_l_ms=0 qdelay_c_ms=0.911904 ecn_mark=817 drop=0
[QUEUE_STATS] t_ms=9712 q_pkts=4 q_bytes=6016 qdelay_l_ms=0.868673 qdelay_c_ms=1.93529 ecn_mark=819 drop=0
[QUEUE_STATS] t_ms=9728 q_pkts=2 q_bytes=3008 qdelay_l_ms=0 qdelay_c_ms=0.025298 ecn_mark=820 drop=0
[QUEUE_STATS] t_ms=9744 q_pkts=2 q_bytes=3008 qdelay_l_ms=0 qdelay_c_ms=0.795766 ecn_mark=820 drop=0
[QUEUE_STATS] t_ms=9760 q_pkts=3 q_bytes=4512 qdelay_l_ms=1.1036 qdelay_c_ms=1.09504 ecn_mark=822 drop=0
[QUEUE_STATS] t_ms=9776 q_pkts=5 q_bytes=7520 qdelay_l_ms=1.1153 qdelay_c_ms=1.85223 ecn_mark=823 drop=0
[QUEUE_STATS] t_ms=9792 q_pkts=4 q_bytes=6016 qdelay_l_ms=0 qdelay_c_ms=1.08251 ecn_mark=824 drop=0
[QUEUE_STATS] t_ms=9808 q_pkts=2 q_bytes=3008 qdelay_l_ms=0.96314 qdelay_c_ms=0 ecn_mark=825 drop=0
[QUEUE_STATS] t_ms=9824 q_pkts=4 q_bytes=6016 qdelay_l_ms=1.04042 qdelay_c_ms=1.081 ecn_mark=826 drop=0
[QUEUE_STATS] t_ms=9841 q_pkts=5 q_bytes=7520 qdelay_l_ms=1.07094 qdelay_c_ms=1.1338 ecn_mark=826 drop=0
[QUEUE_STATS] t_ms=9856 q_pkts=3 q_bytes=4512 qdelay_l_ms=1.0883 qdelay_c_ms=1.07916 ecn_mark=827 drop=0
[QUEUE_STATS] t_ms=9872 q_pkts=2 q_bytes=3008 qdelay_l_ms=0.044513 qdelay_c_ms=0.035767 ecn_mark=827 drop=0
[QUEUE_STATS] t_ms=9888 q_pkts=2 q_bytes=3008 qdelay_l_ms=1.06958 qdelay_c_ms=1.05486 ecn_mark=829 drop=0
[QUEUE_STATS] t_ms=9904 q_pkts=2 q_bytes=3008 qdelay_l_ms=1.10223 qdelay_c_ms=2.10442 ecn_mark=830 drop=0
[QUEUE_STATS] t_ms=9920 q_pkts=5 q_bytes=7520 qdelay_l_ms=1.05404 qdelay_c_ms=2.20507 ecn_mark=832 drop=0
[QUEUE_STATS] t_ms=9936 q_pkts=3 q_bytes=4512 qdelay_l_ms=1.04991 qdelay_c_ms=1.07383 ecn_mark=833 drop=0
[QUEUE_STATS] t_ms=9953 q_pkts=1 q_bytes=1504 qdelay_l_ms=1.09598 qdelay_c_ms=0 ecn_mark=834 drop=0
[QUEUE_STATS] t_ms=9968 q_pkts=5 q_bytes=7520 qdelay_l_ms=0 qdelay_c_ms=2.17246 ecn_mark=835 drop=0
[QUEUE_STATS] t_ms=9984 q_pkts=1 q_bytes=1504 qdelay_l_ms=0 qdelay_c_ms=1.62308 ecn_mark=836 drop=0
[QUEUE_STATS] t_ms=10001 q_pkts=5 q_bytes=7520 qdelay_l_ms=1.07715 qdelay_c_ms=1.11552 ecn_mark=837 drop=0
[QUEUE_STATS] t_ms=10016 q_pkts=1 q_bytes=1504 qdelay_l_ms=1.03167 qdelay_c_ms=0 ecn_mark=838 drop=0
[QUEUE_STATS] t_ms=10032 q_pkts=2 q_bytes=3008 qdelay_l_ms=0 qdelay_c_ms=2.12406 ecn_mark=839 drop=0
[QUEUE_STATS] t_ms=10049 q_pkts=4 q_bytes=6016 qdelay_l_ms=1.0636 qdelay_c_ms=1.05842 ecn_mark=839 drop=0
[QUEUE_STATS] t_ms=10064 q_pkts=6 q_bytes=9024 qdelay_l_ms=0.950487 qdelay_c_ms=0.944776 ecn_mark=839 drop=0
[QUEUE_STATS] t_ms=10080 q_pkts=3 q_bytes=4512 qdelay_l_ms=0.881357 qdelay_c_ms=0.892428 ecn_mark=839 drop=0
[QUEUE_STATS] t_ms=10096 q_pkts=5 q_bytes=7520 qdelay_l_ms=1.06868 qdelay_c_ms=1.14132 ecn_mark=840 drop=0
[QUEUE_STATS] t_ms=10112 q_pkts=4 q_bytes=6016 qdelay_l_ms=1.10026 qdelay_c_ms=2.12265 ecn_mark=842 drop=0
[QUEUE_STATS] t_ms=10128 q_pkts=3 q_bytes=4512 qdelay_l_ms=1.06567 qdelay_c_ms=1.05863 ecn_mark=845 drop=0
[QUEUE_STATS] t_ms=10145 q_pkts=5 q_bytes=7520 qdelay_l_ms=1.1029 qdelay_c_ms=1.09686 ecn_mark=846 drop=0
[QUEUE_STATS] t_ms=10160 q_pkts=4 q_bytes=6016 qdelay_l_ms=1.06716 qdelay_c_ms=1.08397 ecn_mark=847 drop=0
[QUEUE_STATS] t_ms=10176 q_pkts=4 q_bytes=6016 qdelay_l_ms=0 qdelay_c_ms=0.818488 ecn_mark=849 drop=0
[QUEUE_STATS] t_ms=10192 q_pkts=2 q_bytes=3008 qdelay_l_ms=1.05012 qdelay_c_ms=1.05731 ecn_mark=851 drop=0
[QUEUE_STATS] t_ms=10208 q_pkts=3 q_bytes=4512 qdelay_l_ms=0.541107 qdelay_c_ms=0.551767 ecn_mark=852 drop=0
[QUEUE_STATS] t_ms=10224 q_pkts=4 q_bytes=6016 qdelay_l_ms=1.11034 qdelay_c_ms=1.92664 ecn_mark=853 drop=0
[QUEUE_STATS] t_ms=10240 q_pkts=2 q_bytes=3008 qdelay_l_ms=0.02649 qdelay_c_ms=0.020038 ecn_mark=856 drop=0
[QUEUE_STATS] t_ms=10256 q_pkts=3 q_bytes=4512 qdelay_l_ms=1.0472 qdelay_c_ms=1.9653 ecn_mark=858 drop=0
[QUEUE_STATS] t_ms=10272 q_pkts=4 q_bytes=6016 qdelay_l_ms=1.06083 qdelay_c_ms=2.16792 ecn_mark=859 drop=0
[QUEUE_STATS] t_ms=10288 q_pkts=3 q_bytes=4512 qdelay_l_ms=1.06577 qdelay_c_ms=1.09916 ecn_mark=859 drop=0
[QUEUE_STATS] t_ms=10304 q_pkts=7 q_bytes=10528 qdelay_l_ms=0.893419 qdelay_c_ms=0.925679 ecn_mark=862 drop=0
[QUEUE_STATS] t_ms=10320 q_pkts=1 q_bytes=1504 qdelay_l_ms=0.964233 qdelay_c_ms=0 ecn_mark=862 drop=0
[QUEUE_STATS] t_ms=10336 q_pkts=4 q_bytes=6016 qdelay_l_ms=1.09024 qdelay_c_ms=2.12192 ecn_mark=863 drop=0
[QUEUE_STATS] t_ms=10352 q_pkts=4 q_bytes=6016 qdelay_l_ms=1.09377 qdelay_c_ms=1.08641 ecn_mark=864 drop=0
[QUEUE_STATS] t_ms=10368 q_pkts=5 q_bytes=7520 qdelay_l_ms=1.05625 qdelay_c_ms=1.07746 ecn_mark=865 drop=0
[QUEUE_STATS] t_ms=10384 q_pkts=3 q_bytes=4512 qdelay_l_ms=1.06097 qdelay_c_ms=1.08214 ecn_mark=866 drop=0
[QUEUE_STATS] t_ms=10400 q_pkts=0 q_bytes=0 qdelay_l_ms=0 qdelay_c_ms=0 ecn_mark=868 drop=0
[QUEUE_STATS] t_ms=10417 q_pkts=4 q_bytes=6016 qdelay_l_ms=1.10536 qdelay_c_ms=1.09652 ecn_mark=868 drop=0
[QUEUE_STATS] t_ms=10432 q_pkts=5 q_bytes=7520 qdelay_l_ms=0.939716 qdelay_c_ms=0.932443 ecn_mark=869 drop=0
[QUEUE_STATS] t_ms=10448 q_pkts=0 q_bytes=0 qdelay_l_ms=0 qdelay_c_ms=0 ecn_mark=870 drop=0
[QUEUE_STATS] t_ms=10464 q_pkts=1 q_bytes=1504 qdelay_l_ms=0.016481 qdelay_c_ms=0 ecn_mark=870 drop=0
[QUEUE_STATS] t_ms=10480 q_pkts=6 q_bytes=9024 qdelay_l_ms=0.68608 qdelay_c_ms=2.13264 ecn_mark=871 drop=0
[QUEUE_STATS] t_ms=10496 q_pkts=2 q_bytes=3008 qdelay_l_ms=0.842764 qdelay_c_ms=1.74377 ecn_mark=872 drop=0
[QUEUE_STATS] t_ms=10512 q_pkts=2 q_bytes=3008 qdelay_l_ms=0.88309 qdelay_c_ms=0 ecn_mark=873 drop=0
[QUEUE_STATS] t_ms=10528 q_pkts=4 q_bytes=6016 qdelay_l_ms=1.01217 qdelay_c_ms=1.0063 ecn_mark=873 drop=0
[QUEUE_STATS] t_ms=10544 q_pkts=3 q_bytes=4512 qdelay_l_ms=1.09834 qdelay_c_ms=1.09106 ecn_mark=875 drop=0
[QUEUE_STATS] t_ms=10560 q_pkts=3 q_bytes=4512 qdelay_l_ms=1.07048 qdelay_c_ms=1.05506 ecn_mark=875 drop=0
[QUEUE_STATS] t_ms=10576 q_pkts=3 q_bytes=4512 qdelay_l_ms=1.10022 qdelay_c_ms=1.09396 ecn_mark=875 drop=0
[QUEUE_STATS] t_ms=10592 q_pkts=3 q_bytes=4512 qdelay_l_ms=1.07011 qdelay_c_ms=1.09405 ecn_mark=878 drop=0
[QUEUE_STATS] t_ms=10608 q_pkts=6 q_bytes=9024 qdelay_l_ms=1.07716 qdelay_c_ms=1.0722 ecn_mark=878 drop=0
[QUEUE_STATS] t_ms=10624 q_pkts=5 q_bytes=7520 qdelay_l_ms=1.03551 qdelay_c_ms=1.07149 ecn_mark=878 drop=0
[QUEUE_STATS] t_ms=10640 q_pkts=3 q_bytes=4512 qdelay_l_ms=1.06966 qdelay_c_ms=1.06423 ecn_mark=880 drop=0
[QUEUE_STATS] t_ms=10656 q_pkts=0 q_bytes=0 qdelay_l_ms=0 qdelay_c_ms=0 ecn_mark=882 drop=0
[QUEUE_STATS] t_ms=10672 q_pkts=5 q_bytes=7520 qdelay_l_ms=1.07135 qdelay_c_ms=1.10532 ecn_mark=882 drop=0
[QUEUE_STATS] t_ms=10688 q_pkts=7 q_bytes=10528 qdelay_l_ms=1.1025 qdelay_c_ms=1.51116 ecn_mark=883 drop=0
[QUEUE_STATS] t_ms=10704 q_pkts=3 q_bytes=4512 qdelay_l_ms=1.07652 qdelay_c_ms=1.07042 ecn_mark=886 drop=0
[QUEUE_STATS] t_ms=10720 q_pkts=3 q_bytes=4512 qdelay_l_ms=1.06439 qdelay_c_ms=1.0565 ecn_mark=887 drop=0
[QUEUE_STATS] t_ms=10736 q_pkts=6 q_bytes=9024 qdelay_l_ms=1.11618 qdelay_c_ms=1.10942 ecn_mark=888 drop=0
[QUEUE_STATS] t_ms=10752 q_pkts=3 q_bytes=4512 qdelay_l_ms=1.0796 qdelay_c_ms=1.07366 ecn_mark=888 drop=0
[QUEUE_STATS] t_ms=10768 q_pkts=4 q_bytes=6016 qdelay_l_ms=1.02162 qdelay_c_ms=2.09746 ecn_mark=889 drop=0
[QUEUE_STATS] t_ms=10784 q_pkts=5 q_bytes=7520 qdelay_l_ms=1.06134 qdelay_c_ms=1.05572 ecn_mark=889 drop=0
[QUEUE_STATS] t_ms=10800 q_pkts=5 q_bytes=7520 qdelay_l_ms=1.03634 qdelay_c_ms=2.10695 ecn_mark=890 drop=0
[QUEUE_STATS] t_ms=10816 q_pkts=5 q_bytes=7520 qdelay_l_ms=1.07505 qdelay_c_ms=1.06956 ecn_mark=892 drop=0
[QUEUE_STATS] t_ms=10832 q_pkts=3 q_bytes=4512 qdelay_l_ms=1.0728 qdelay_c_ms=1.06584 ecn_mark=893 drop=0
[QUEUE_STATS] t_ms=10848 q_pkts=1 q_bytes=1504 qdelay_l_ms=0 qdelay_c_ms=0.890594 ecn_mark=894 drop=0
[QUEUE_STATS] t_ms=10864 q_pkts=6 q_bytes=9024 qdelay_l_ms=1.04036 qdelay_c_ms=2.13128 ecn_mark=896 drop=0
[QUEUE_STATS] t_ms=10880 q_pkts=2 q_bytes=3008 qdelay_l_ms=1.06916 qdelay_c_ms=1.06365 ecn_mark=897 drop=0
[QUEUE_STATS] t_ms=10896 q_pkts=5 q_bytes=7520 qdelay_l_ms=1.06016 qdelay_c_ms=1.05304 ecn_mark=898 drop=0
[QUEUE_STATS] t_ms=10912 q_pkts=5 q_bytes=7520 qdelay_l_ms=1.08077 qdelay_c_ms=2.1432 ecn_mark=898 drop=0
[QUEUE_STATS] t_ms=10928 q_pkts=9 q_bytes=13536 qdelay_l_ms=1.05627 qdelay_c_ms=1.09042 ecn_mark=898 drop=0
[QUEUE_STATS] t_ms=10944 q_pkts=3 q_bytes=4512 qdelay_l_ms=1.09473 qdelay_c_ms=1.08784 ecn_mark=898 drop=0
[QUEUE_STATS] t_ms=10960 q_pkts=7 q_bytes=10528 qdelay_l_ms=1.05632 qdelay_c_ms=2.14768 ecn_mark=899 drop=0
[QUEUE_STATS] t_ms=10976 q_pkts=8 q_bytes=12032 qdelay_l_ms=1.07234 qdelay_c_ms=3.2565 ecn_mark=899 drop=0
[QUEUE_STATS] t_ms=10992 q_pkts=4 q_bytes=6016 qdelay_l_ms=1.07805 qdelay_c_ms=1.07217 ecn_mark=899 drop=0
[QUEUE_STATS] t_ms=11008 q_pkts=1 q_bytes=1504 qdelay_l_ms=0.858423 qdelay_c_ms=0 ecn_mark=901 drop=0
[QUEUE_STATS] t_ms=11024 q_pkts=2 q_bytes=3008 qdelay_l_ms=0 qdelay_c_ms=0.029756 ecn_mark=902 drop=0
[QUEUE_STATS] t_ms=11040 q_pkts=4 q_bytes=6016 qdelay_l_ms=1.08531 qdelay_c_ms=2.14062 ecn_mark=903 drop=0
[QUEUE_STATS] t_ms=11056 q_pkts=5 q_bytes=7520 qdelay_l_ms=1.10387 qdelay_c_ms=1.09704 ecn_mark=904 drop=0
[QUEUE_STATS] t_ms=11072 q_pkts=3 q_bytes=4512 qdelay_l_ms=0 qdelay_c_ms=0.03757 ecn_mark=905 drop=0
[QUEUE_STATS] t_ms=11088 q_pkts=1 q_bytes=1504 qdelay_l_ms=0 qdelay_c_ms=1.05621 ecn_mark=906 drop=0
[QUEUE_STATS] t_ms=11104 q_pkts=4 q_bytes=6016 qdelay_l_ms=0.41489 qdelay_c_ms=0.432183 ecn_mark=908 drop=0
[QUEUE_STATS] t_ms=11120 q_pkts=7 q_bytes=10528 qdelay_l_ms=1.06147 qdelay_c_ms=1.10741 ecn_mark=909 drop=0
[QUEUE_STATS] t_ms=11137 q_pkts=1 q_bytes=1504 qdelay_l_ms=1.10041 qdelay_c_ms=0 ecn_mark=910 drop=0
[QUEUE_STATS] t_ms=11152 q_pkts=5 q_bytes=7520 qdelay_l_ms=1.09691 qdelay_c_ms=1.09077 ecn_mark=911 drop=0
[QUEUE_STATS] t_ms=11168 q_pkts=4 q_bytes=6016 qdelay_l_ms=1.06976 qdelay_c_ms=1.09692 ecn_mark=911 drop=0
[QUEUE_STATS] t_ms=11184 q_pkts=3 q_bytes=4512 qdelay_l_ms=1.05891 qdelay_c_ms=1.08104 ecn_mark=912 drop=0
[QUEUE_STATS] t_ms=11200 q_pkts=6 q_bytes=9024 qdelay_l_ms=1.09841 qdelay_c_ms=1.91653 ecn_mark=913 drop=0
[QUEUE_STATS] t_ms=11216 q_pkts=4 q_bytes=6016 qdelay_l_ms=1.07587 qdelay_c_ms=1.09149 ecn_mark=914 drop=0
[QUEUE_STATS] t_ms=11232 q_pkts=3 q_bytes=4512 qdelay_l_ms=1.05896 qdelay_c_ms=1.07954 ecn_mark=914 drop=0
[QUEUE_STATS] t_ms=11248 q_pkts=5 q_bytes=7520 qdelay_l_ms=1.10795 qdelay_c_ms=1.09979 ecn_mark=917 drop=0
[QUEUE_STATS] t_ms=11264 q_pkts=5 q_bytes=7520 qdelay_l_ms=1.05722 qdelay_c_ms=1.05183 ecn_mark=918 drop=0
[QUEUE_STATS] t_ms=11280 q_pkts=1 q_bytes=1504 qdelay_l_ms=0.015769 qdelay_c_ms=0 ecn_mark=918 drop=0
[QUEUE_STATS] t_ms=11296 q_pkts=6 q_bytes=9024 qdelay_l_ms=0 qdelay_c_ms=2.18152 ecn_mark=919 drop=0
[QUEUE_STATS] t_ms=11313 q_pkts=5 q_bytes=7520 qdelay_l_ms=1.05543 qdelay_c_ms=2.17526 ecn_mark=920 drop=0
[QUEUE_STATS] t_ms=11328 q_pkts=5 q_bytes=7520 qdelay_l_ms=0.881527 qdelay_c_ms=1.73243 ecn_mark=921 drop=0
[QUEUE_STATS] t_ms=11344 q_pkts=1 q_bytes=1504 qdelay_l_ms=0 qdelay_c_ms=1.14824 ecn_mark=921 drop=0
[QUEUE_STATS] t_ms=11360 q_pkts=4 q_bytes=6016 qdelay_l_ms=0 qdelay_c_ms=0.038292 ecn_mark=922 drop=0
[QUEUE_STATS] t_ms=11376 q_pkts=3 q_bytes=4512 qdelay_l_ms=1.07469 qdelay_c_ms=1.10798 ecn_mark=922 drop=0
[QUEUE_STATS] t_ms=11392 q_pkts=4 q_bytes=6016 qdelay_l_ms=1.02879 qdelay_c_ms=1.05918 ecn_mark=922 drop=0
[QUEUE_STATS] t_ms=11408 q_pkts=3 q_bytes=4512 qdelay_l_ms=1.07592 qdelay_c_ms=1.07105 ecn_mark=923 drop=0
[QUEUE_STATS] t_ms=11424 q_pkts=4 q_bytes=6016 qdelay_l_ms=1.09065 qdelay_c_ms=1.08379 ecn_mark=925 drop=0
[QUEUE_STATS] t_ms=11440 q_pkts=5 q_bytes=7520 qdelay_l_ms=1.13567 qdelay_c_ms=1.14832 ecn_mark=925 drop=0
[QUEUE_STATS] t_ms=11457 q_pkts=1 q_bytes=1504 qdelay_l_ms=1.07485 qdelay_c_ms=0 ecn_mark=926 drop=0
[QUEUE_STATS] t_ms=11472 q_pkts=1 q_bytes=1504 qdelay_l_ms=0.877699 qdelay_c_ms=0 ecn_mark=926 drop=0
[QUEUE_STATS] t_ms=11488 q_pkts=4 q_bytes=6016 qdelay_l_ms=1.06402 qdelay_c_ms=1.08085 ecn_mark=927 drop=0
[QUEUE_STATS] t_ms=11504 q_pkts=2 q_bytes=3008 qdelay_l_ms=0.031349 qdelay_c_ms=0.023955 ecn_mark=928 drop=0
[QUEUE_STATS] t_ms=11520 q_pkts=4 q_bytes=6016 qdelay_l_ms=1.00974 qdelay_c_ms=1.00419 ecn_mark=930 drop=0
[QUEUE_STATS] t_ms=11536 q_pkts=1 q_bytes=1504 qdelay_l_ms=1.06842 qdelay_c_ms=0 ecn_mark=932 drop=0
[QUEUE_STATS] t_ms=11552 q_pkts=6 q_bytes=9024 qdelay_l_ms=0 qdelay_c_ms=0.880245 ecn_mark=933 drop=0
[QUEUE_STATS] t_ms=11568 q_pkts=5 q_bytes=7520 qdelay_l_ms=0 qdelay_c_ms=2.18878 ecn_mark=933 drop=0
[QUEUE_STATS] t_ms=11584 q_pkts=4 q_bytes=6016 qdelay_l_ms=1.06588 qdelay_c_ms=1.0933 ecn_mark=934 drop=0
[QUEUE_STATS] t_ms=11601 q_pkts=4 q_bytes=6016 qdelay_l_ms=1.07303 qdelay_c_ms=1.06825 ecn_mark=935 drop=0
[QUEUE_STATS] t_ms=11616 q_pkts=4 q_bytes=6016 qdelay_l_ms=1.06755 qdelay_c_ms=1.06255 ecn_mark=936 drop=0
[QUEUE_STATS] t_ms=11633 q_pkts=4 q_bytes=6016 qdelay_l_ms=1.06731 qdelay_c_ms=2.1772 ecn_mark=937 drop=0
[QUEUE_STATS] t_ms=11648 q_pkts=5 q_bytes=7520 qdelay_l_ms=1.06641 qdelay_c_ms=2.08368 ecn_mark=939 drop=0
[QUEUE_STATS] t_ms=11664 q_pkts=4 q_bytes=6016 qdelay_l_ms=1.09286 qdelay_c_ms=1.0868 ecn_mark=939 drop=0
[QUEUE_STATS] t_ms=11680 q_pkts=4 q_bytes=6016 qdelay_l_ms=1.09091 qdelay_c_ms=1.08386 ecn_mark=939 drop=0
[QUEUE_STATS] t_ms=11697 q_pkts=4 q_bytes=6016 qdelay_l_ms=1.0773 qdelay_c_ms=1.07115 ecn_mark=942 drop=0
[QUEUE_STATS] t_ms=11712 q_pkts=3 q_bytes=4512 qdelay_l_ms=1.06289 qdelay_c_ms=1.07298 ecn_mark=942 drop=0
[QUEUE_STATS] t_ms=11728 q_pkts=1 q_bytes=1504 qdelay_l_ms=0 qdelay_c_ms=1.08396 ecn_mark=943 drop=0
[QUEUE_STATS] t_ms=11745 q_pkts=5 q_bytes=7520 qdelay_l_ms=1.04417 qdelay_c_ms=2.12247 ecn_mark=944 drop=0
[QUEUE_STATS] t_ms=11760 q_pkts=3 q_bytes=4512 qdelay_l_ms=1.0661 qdelay_c_ms=1.07664 ecn_mark=944 drop=0
[QUEUE_STATS] t_ms=11776 q_pkts=0 q_bytes=0 qdelay_l_ms=0 qdelay_c_ms=0 ecn_mark=945 drop=0
[QUEUE_STATS] t_ms=11792 q_pkts=5 q_bytes=7520 qdelay_l_ms=1.04939 qdelay_c_ms=2.1149 ecn_mark=945 drop=0
[QUEUE_STATS] t_ms=11808 q_pkts=4 q_bytes=6016 qdelay_l_ms=0.59071 qdelay_c_ms=0.630184 ecn_mark=947 drop=0
[QUEUE_STATS] t_ms=11824 q_pkts=3 q_bytes=4512 qdelay_l_ms=1.08564 qdelay_c_ms=1.0769 ecn_mark=949 drop=0
[QUEUE_STATS] t_ms=11840 q_pkts=2 q_bytes=3008 qdelay_l_ms=0.445127 qdelay_c_ms=0.457971 ecn_mark=951 drop=0
[QUEUE_STATS] t_ms=11856 q_pkts=5 q_bytes=7520 qdelay_l_ms=1.06121 qdelay_c_ms=1.08279 ecn_mark=952 drop=0
[QUEUE_STATS] t_ms=11872 q_pkts=3 q_bytes=4512 qdelay_l_ms=1.06098 qdelay_c_ms=1.08604 ecn_mark=954 drop=0
[QUEUE_STATS] t_ms=11889 q_pkts=3 q_bytes=4512 qdelay_l_ms=1.06527 qdelay_c_ms=1.0903 ecn_mark=954 drop=0
[QUEUE_STATS] t_ms=11904 q_pkts=3 q_bytes=4512 qdelay_l_ms=0.881266 qdelay_c_ms=0.876156 ecn_mark=954 drop=0
[QUEUE_STATS] t_ms=11920 q_pkts=3 q_bytes=4512 qdelay_l_ms=0.863894 qdelay_c_ms=0.858644 ecn_mark=954 drop=0
[QUEUE_STATS] t_ms=11936 q_pkts=3 q_bytes=4512 qdelay_l_ms=1.06106 qdelay_c_ms=1.08122 ecn_mark=956 drop=0
[QUEUE_STATS] t_ms=11952 q_pkts=2 q_bytes=3008 qdelay_l_ms=1.07941 qdelay_c_ms=2.11808 ecn_mark=956 drop=0
[QUEUE_STATS] t_ms=11968 q_pkts=4 q_bytes=6016 qdelay_l_ms=1.08883 qdelay_c_ms=1.08249 ecn_mark=958 drop=0
[QUEUE_STATS] t_ms=11984 q_pkts=4 q_bytes=6016 qdelay_l_ms=1.08178 qdelay_c_ms=1.0755 ecn_mark=958 drop=0
[QUEUE_STATS] t_ms=12000 q_pkts=3 q_bytes=4512 qdelay_l_ms=1.07086 qdelay_c_ms=1.08121 ecn_mark=959 drop=0
[QUEUE_STATS] t_ms=12016 q_pkts=3 q_bytes=4512 qdelay_l_ms=1.03651 qdelay_c_ms=1.04757 ecn_mark=961 drop=0
[QUEUE_STATS] t_ms=12032 q_pkts=4 q_bytes=6016 qdelay_l_ms=0 qdelay_c_ms=1.09159 ecn_mark=962 drop=0
[QUEUE_STATS] t_ms=12048 q_pkts=1 q_bytes=1504 qdelay_l_ms=0.014066 qdelay_c_ms=0 ecn_mark=964 drop=0
[QUEUE_STATS] t_ms=12064 q_pkts=3 q_bytes=4512 qdelay_l_ms=1.04621 qdelay_c_ms=1.07006 ecn_mark=965 drop=0
[QUEUE_STATS] t_ms=12080 q_pkts=2 q_bytes=3008 qdelay_l_ms=1.08877 qdelay_c_ms=0 ecn_mark=966 drop=0
[QUEUE_STATS] t_ms=12097 q_pkts=3 q_bytes=4512 qdelay_l_ms=1.03166 qdelay_c_ms=2.07818 ecn_mark=967 drop=0
[QUEUE_STATS] t_ms=12112 q_pkts=2 q_bytes=3008 qdelay_l_ms=1.07087 qdelay_c_ms=1.91881 ecn_mark=968 drop=0
[QUEUE_STATS] t_ms=12128 q_pkts=4 q_bytes=6016 qdelay_l_ms=0 qdelay_c_ms=1.08721 ecn_mark=968 drop=0
[QUEUE_STATS] t_ms=12144 q_pkts=2 q_bytes=3008 qdelay_l_ms=1.06764 qdelay_c_ms=1.06456 ecn_mark=968 drop=0
[QUEUE_STATS] t_ms=12160 q_pkts=4 q_bytes=6016 qdelay_l_ms=1.02188 qdelay_c_ms=1.70052 ecn_mark=968 drop=0
[QUEUE_STATS] t_ms=12177 q_pkts=4 q_bytes=6016 qdelay_l_ms=1.08326 qdelay_c_ms=1.08078 ecn_mark=968 drop=0
[QUEUE_STATS] t_ms=12192 q_pkts=1 q_bytes=1504 qdelay_l_ms=1.06686 qdelay_c_ms=0 ecn_mark=969 drop=0
[QUEUE_STATS] t_ms=12208 q_pkts=1 q_bytes=1504 qdelay_l_ms=1.07375 qdelay_c_ms=0 ecn_mark=969 drop=0
[QUEUE_STATS] t_ms=12224 q_pkts=0 q_bytes=0 qdelay_l_ms=0 qdelay_c_ms=0 ecn_mark=970 drop=0
[QUEUE_STATS] t_ms=12240 q_pkts=5 q_bytes=7520 qdelay_l_ms=1.08061 qdelay_c_ms=2.13397 ecn_mark=972 drop=0
[QUEUE_STATS] t_ms=12256 q_pkts=0 q_bytes=0 qdelay_l_ms=0 qdelay_c_ms=0 ecn_mark=975 drop=0
[QUEUE_STATS] t_ms=12272 q_pkts=1 q_bytes=1504 qdelay_l_ms=0.856841 qdelay_c_ms=0 ecn_mark=977 drop=0
[QUEUE_STATS] t_ms=12288 q_pkts=2 q_bytes=3008 qdelay_l_ms=1.05809 qdelay_c_ms=1.06219 ecn_mark=978 drop=0
[QUEUE_STATS] t_ms=12304 q_pkts=1 q_bytes=1504 qdelay_l_ms=0.857191 qdelay_c_ms=0 ecn_mark=979 drop=0
[QUEUE_STATS] t_ms=12320 q_pkts=2 q_bytes=3008 qdelay_l_ms=0.844397 qdelay_c_ms=0 ecn_mark=979 drop=0
[QUEUE_STATS] t_ms=12337 q_pkts=4 q_bytes=6016 qdelay_l_ms=1.31952 qdelay_c_ms=1.07211 ecn_mark=979 drop=0
[QUEUE_STATS] t_ms=12353 q_pkts=3 q_bytes=4512 qdelay_l_ms=1.07418 qdelay_c_ms=1.07146 ecn_mark=980 drop=0
[QUEUE_STATS] t_ms=12368 q_pkts=5 q_bytes=7520 qdelay_l_ms=1.05718 qdelay_c_ms=1.89461 ecn_mark=980 drop=0
[QUEUE_STATS] t_ms=12384 q_pkts=5 q_bytes=7520 qdelay_l_ms=0.437222 qdelay_c_ms=1.53909 ecn_mark=980 drop=0
[QUEUE_STATS] t_ms=12400 q_pkts=1 q_bytes=1504 qdelay_l_ms=0 qdelay_c_ms=1.06216 ecn_mark=981 drop=0
[QUEUE_STATS] t_ms=12416 q_pkts=1 q_bytes=1504 qdelay_l_ms=1.06997 qdelay_c_ms=0 ecn_mark=983 drop=0
[QUEUE_STATS] t_ms=12432 q_pkts=3 q_bytes=4512 qdelay_l_ms=0.969913 qdelay_c_ms=0.978038 ecn_mark=983 drop=0
[QUEUE_STATS] t_ms=12448 q_pkts=4 q_bytes=6016 qdelay_l_ms=1.06736 qdelay_c_ms=1.06434 ecn_mark=983 drop=0
[QUEUE_STATS] t_ms=12465 q_pkts=3 q_bytes=4512 qdelay_l_ms=1.08073 qdelay_c_ms=1.07684 ecn_mark=983 drop=0
[QUEUE_STATS] t_ms=12481 q_pkts=3 q_bytes=4512 qdelay_l_ms=1.04624 qdelay_c_ms=1.05166 ecn_mark=983 drop=0
[QUEUE_STATS] t_ms=12497 q_pkts=4 q_bytes=6016 qdelay_l_ms=1.05829 qdelay_c_ms=1.9636 ecn_mark=986 drop=0
[QUEUE_STATS] t_ms=12512 q_pkts=3 q_bytes=4512 qdelay_l_ms=1.07529 qdelay_c_ms=1.07157 ecn_mark=988 drop=0
[QUEUE_STATS] t_ms=12529 q_pkts=3 q_bytes=4512 qdelay_l_ms=1.06696 qdelay_c_ms=2.17149 ecn_mark=989 drop=0
[QUEUE_STATS] t_ms=12544 q_pkts=1 q_bytes=1504 qdelay_l_ms=1.05843 qdelay_c_ms=0 ecn_mark=989 drop=0
[QUEUE_STATS] t_ms=12560 q_pkts=4 q_bytes=6016 qdelay_l_ms=1.05929 qdelay_c_ms=1.07154 ecn_mark=989 drop=0
[QUEUE_STATS] t_ms=12576 q_pkts=3 q_bytes=4512 qdelay_l_ms=1.06853 qdelay_c_ms=1.06525 ecn_mark=991 drop=0
[QUEUE_STATS] t_ms=12593 q_pkts=5 q_bytes=7520 qdelay_l_ms=1.07172 qdelay_c_ms=1.08285 ecn_mark=991 drop=0
[QUEUE_STATS] t_ms=12608 q_pkts=1 q_bytes=1504 qdelay_l_ms=0.849206 qdelay_c_ms=0 ecn_mark=992 drop=0
[QUEUE_STATS] t_ms=12624 q_pkts=6 q_bytes=9024 qdelay_l_ms=0.741473 qdelay_c_ms=0.738678 ecn_mark=992 drop=0
[QUEUE_STATS] t_ms=12641 q_pkts=1 q_bytes=1504 qdelay_l_ms=1.06688 qdelay_c_ms=0 ecn_mark=993 drop=0
[QUEUE_STATS] t_ms=12656 q_pkts=3 q_bytes=4512 qdelay_l_ms=1.07207 qdelay_c_ms=1.08681 ecn_mark=994 drop=0
[QUEUE_STATS] t_ms=12672 q_pkts=2 q_bytes=3008 qdelay_l_ms=0.836563 qdelay_c_ms=0 ecn_mark=994 drop=0
[QUEUE_STATS] t_ms=12688 q_pkts=3 q_bytes=4512 qdelay_l_ms=1.02796 qdelay_c_ms=1.02446 ecn_mark=994 drop=0
[QUEUE_STATS] t_ms=12704 q_pkts=0 q_bytes=0 qdelay_l_ms=0 qdelay_c_ms=0 ecn_mark=995 drop=0
[QUEUE_STATS] t_ms=12721 q_pkts=3 q_bytes=4512 qdelay_l_ms=1.06657 qdelay_c_ms=1.07204 ecn_mark=996 drop=0
[QUEUE_STATS] t_ms=12736 q_pkts=1 q_bytes=1504 qdelay_l_ms=1.05581 qdelay_c_ms=0 ecn_mark=998 drop=0
[QUEUE_STATS] t_ms=12752 q_pkts=1 q_bytes=1504 qdelay_l_ms=1.06454 qdelay_c_ms=0 ecn_mark=1001 drop=0
[QUEUE_STATS] t_ms=12768 q_pkts=2 q_bytes=3008 qdelay_l_ms=0.841501 qdelay_c_ms=1.67901 ecn_mark=1001 drop=0
[QUEUE_STATS] t_ms=12784 q_pkts=1 q_bytes=1504 qdelay_l_ms=1.0578 qdelay_c_ms=0 ecn_mark=1001 drop=0
[QUEUE_STATS] t_ms=12800 q_pkts=5 q_bytes=7520 qdelay_l_ms=1.05801 qdelay_c_ms=1.05285 ecn_mark=1001 drop=0
[QUEUE_STATS] t_ms=12816 q_pkts=3 q_bytes=4512 qdelay_l_ms=1.05842 qdelay_c_ms=1.06475 ecn_mark=1001 drop=0
[QUEUE_STATS] t_ms=12832 q_pkts=4 q_bytes=6016 qdelay_l_ms=1.06713 qdelay_c_ms=2.13682 ecn_mark=1003 drop=0
[QUEUE_STATS] t_ms=12848 q_pkts=3 q_bytes=4512 qdelay_l_ms=1.07423 qdelay_c_ms=1.07076 ecn_mark=1004 drop=0
[QUEUE_STATS] t_ms=12864 q_pkts=0 q_bytes=0 qdelay_l_ms=0 qdelay_c_ms=0 ecn_mark=1005 drop=0
[QUEUE_STATS] t_ms=12880 q_pkts=4 q_bytes=6016 qdelay_l_ms=0 qdelay_c_ms=1.07166 ecn_mark=1006 drop=0
[QUEUE_STATS] t_ms=12896 q_pkts=3 q_bytes=4512 qdelay_l_ms=1.0789 qdelay_c_ms=1.07504 ecn_mark=1006 drop=0
[QUEUE_STATS] t_ms=12912 q_pkts=4 q_bytes=6016 qdelay_l_ms=1.0774 qdelay_c_ms=1.07379 ecn_mark=1007 drop=0
[QUEUE_STATS] t_ms=12928 q_pkts=3 q_bytes=4512 qdelay_l_ms=1.07132 qdelay_c_ms=1.06776 ecn_mark=1008 drop=0
[QUEUE_STATS] t_ms=12944 q_pkts=3 q_bytes=4512 qdelay_l_ms=1.06563 qdelay_c_ms=1.06285 ecn_mark=1009 drop=0
[QUEUE_STATS] t_ms=12960 q_pkts=2 q_bytes=3008 qdelay_l_ms=0.844988 qdelay_c_ms=1.39413 ecn_mark=1009 drop=0
[QUEUE_STATS] t_ms=12976 q_pkts=2 q_bytes=3008 qdelay_l_ms=1.05813 qdelay_c_ms=1.06115 ecn_mark=1009 drop=0
[QUEUE_STATS] t_ms=12992 q_pkts=3 q_bytes=4512 qdelay_l_ms=1.05796 qdelay_c_ms=1.06431 ecn_mark=1009 drop=0
[QUEUE_STATS] t_ms=13008 q_pkts=5 q_bytes=7520 qdelay_l_ms=1.05836 qdelay_c_ms=2.16851 ecn_mark=1010 drop=0
[QUEUE_STATS] t_ms=13025 q_pkts=3 q_bytes=4512 qdelay_l_ms=1.0677 qdelay_c_ms=1.07338 ecn_mark=1012 drop=0
[QUEUE_STATS] t_ms=13040 q_pkts=4 q_bytes=6016 qdelay_l_ms=1.07725 qdelay_c_ms=1.07406 ecn_mark=1013 drop=0
[QUEUE_STATS] t_ms=13056 q_pkts=5 q_bytes=7520 qdelay_l_ms=1.08155 qdelay_c_ms=1.07805 ecn_mark=1013 drop=0
[QUEUE_STATS] t_ms=13072 q_pkts=5 q_bytes=7520 qdelay_l_ms=0.795786 qdelay_c_ms=0.812427 ecn_mark=1013 drop=0
[QUEUE_STATS] t_ms=13088 q_pkts=2 q_bytes=3008 qdelay_l_ms=1.06192 qdelay_c_ms=2.13373 ecn_mark=1013 drop=0
[QUEUE_STATS] t_ms=13104 q_pkts=2 q_bytes=3008 qdelay_l_ms=1.07168 qdelay_c_ms=1.07706 ecn_mark=1013 drop=0
[QUEUE_STATS] t_ms=13120 q_pkts=0 q_bytes=0 qdelay_l_ms=0 qdelay_c_ms=0 ecn_mark=1013 drop=0
[QUEUE_STATS] t_ms=13136 q_pkts=4 q_bytes=6016 qdelay_l_ms=1.09061 qdelay_c_ms=1.08354 ecn_mark=1013 drop=0
[QUEUE_STATS] t_ms=13152 q_pkts=2 q_bytes=3008 qdelay_l_ms=0 qdelay_c_ms=1.11343 ecn_mark=1015 drop=0
[QUEUE_STATS] t_ms=13168 q_pkts=3 q_bytes=4512 qdelay_l_ms=1.08931 qdelay_c_ms=1.08292 ecn_mark=1016 drop=0
[QUEUE_STATS] t_ms=13185 q_pkts=4 q_bytes=6016 qdelay_l_ms=1.0452 qdelay_c_ms=1.0679 ecn_mark=1017 drop=0
[QUEUE_STATS] t_ms=13200 q_pkts=3 q_bytes=4512 qdelay_l_ms=1.09491 qdelay_c_ms=1.08914 ecn_mark=1017 drop=0
[QUEUE_STATS] t_ms=13216 q_pkts=3 q_bytes=4512 qdelay_l_ms=1.05833 qdelay_c_ms=1.06876 ecn_mark=1018 drop=0
[QUEUE_STATS] t_ms=13232 q_pkts=3 q_bytes=4512 qdelay_l_ms=0.756011 qdelay_c_ms=0.784855 ecn_mark=1020 drop=0
[QUEUE_STATS] t_ms=13248 q_pkts=2 q_bytes=3008 qdelay_l_ms=1.09322 qdelay_c_ms=1.08704 ecn_mark=1021 drop=0
[QUEUE_STATS] t_ms=13264 q_pkts=3 q_bytes=4512 qdelay_l_ms=1.07612 qdelay_c_ms=1.07067 ecn_mark=1022 drop=0
[QUEUE_STATS] t_ms=13280 q_pkts=4 q_bytes=6016 qdelay_l_ms=1.07632 qdelay_c_ms=1.09983 ecn_mark=1023 drop=0
[QUEUE_STATS] t_ms=13296 q_pkts=3 q_bytes=4512 qdelay_l_ms=1.10463 qdelay_c_ms=1.09554 ecn_mark=1023 drop=0
[QUEUE_STATS] t_ms=13313 q_pkts=4 q_bytes=6016 qdelay_l_ms=1.07071 qdelay_c_ms=1.06521 ecn_mark=1023 drop=0
[QUEUE_STATS] t_ms=13328 q_pkts=0 q_bytes=0 qdelay_l_ms=0 qdelay_c_ms=0 ecn_mark=1024 drop=0
[QUEUE_STATS] t_ms=13344 q_pkts=3 q_bytes=4512 qdelay_l_ms=1.08611 qdelay_c_ms=1.0795 ecn_mark=1025 drop=0
[QUEUE_STATS] t_ms=13360 q_pkts=1 q_bytes=1504 qdelay_l_ms=1.05838 qdelay_c_ms=0 ecn_mark=1025 drop=0
[QUEUE_STATS] t_ms=13376 q_pkts=4 q_bytes=6016 qdelay_l_ms=1.10036 qdelay_c_ms=1.09372 ecn_mark=1026 drop=0
[QUEUE_STATS] t_ms=13392 q_pkts=5 q_bytes=7520 qdelay_l_ms=0.764436 qdelay_c_ms=0.759367 ecn_mark=1026 drop=0
[QUEUE_STATS] t_ms=13408 q_pkts=1 q_bytes=1504 qdelay_l_ms=0 qdelay_c_ms=0.008286 ecn_mark=1029 drop=0
[QUEUE_STATS] t_ms=13425 q_pkts=5 q_bytes=7520 qdelay_l_ms=1.06372 qdelay_c_ms=1.0876 ecn_mark=1029 drop=0
[QUEUE_STATS] t_ms=13440 q_pkts=2 q_bytes=3008 qdelay_l_ms=0 qdelay_c_ms=1.09411 ecn_mark=1029 drop=0
[QUEUE_STATS] t_ms=13456 q_pkts=0 q_bytes=0 qdelay_l_ms=0 qdelay_c_ms=0 ecn_mark=1029 drop=0
[QUEUE_STATS] t_ms=13472 q_pkts=3 q_bytes=4512 qdelay_l_ms=1.06578 qdelay_c_ms=1.08867 ecn_mark=1029 drop=0
[QUEUE_STATS] t_ms=13488 q_pkts=3 q_bytes=4512 qdelay_l_ms=1.06953 qdelay_c_ms=1.06404 ecn_mark=1029 drop=0
[QUEUE_STATS] t_ms=13504 q_pkts=3 q_bytes=4512 qdelay_l_ms=1.06577 qdelay_c_ms=1.08769 ecn_mark=1030 drop=0
[QUEUE_STATS] t_ms=13520 q_pkts=3 q_bytes=4512 qdelay_l_ms=1.07513 qdelay_c_ms=1.09639 ecn_mark=1032 drop=0
[QUEUE_STATS] t_ms=13536 q_pkts=2 q_bytes=3008 qdelay_l_ms=0 qdelay_c_ms=0.729652 ecn_mark=1032 drop=0
[QUEUE_STATS] t_ms=13552 q_pkts=4 q_bytes=6016 qdelay_l_ms=1.08116 qdelay_c_ms=1.07586 ecn_mark=1036 drop=0
[QUEUE_STATS] t_ms=13568 q_pkts=2 q_bytes=3008 qdelay_l_ms=1.08622 qdelay_c_ms=1.09282 ecn_mark=1037 drop=0
[QUEUE_STATS] t_ms=13584 q_pkts=4 q_bytes=6016 qdelay_l_ms=1.04856 qdelay_c_ms=1.04291 ecn_mark=1038 drop=0
[QUEUE_STATS] t_ms=13600 q_pkts=4 q_bytes=6016 qdelay_l_ms=1.09557 qdelay_c_ms=1.08814 ecn_mark=1039 drop=0
[QUEUE_STATS] t_ms=13616 q_pkts=5 q_bytes=7520 qdelay_l_ms=1.06682 qdelay_c_ms=1.10027 ecn_mark=1040 drop=0
[QUEUE_STATS] t_ms=13632 q_pkts=5 q_bytes=7520 qdelay_l_ms=1.0967 qdelay_c_ms=2.13955 ecn_mark=1040 drop=0
[QUEUE_STATS] t_ms=13648 q_pkts=3 q_bytes=4512 qdelay_l_ms=1.07925 qdelay_c_ms=1.09943 ecn_mark=1040 drop=0
[QUEUE_STATS] t_ms=13664 q_pkts=5 q_bytes=7520 qdelay_l_ms=1.06503 qdelay_c_ms=1.09302 ecn_mark=1040 drop=0
[QUEUE_STATS] t_ms=13680 q_pkts=5 q_bytes=7520 qdelay_l_ms=1.08887 qdelay_c_ms=2.17613 ecn_mark=1041 drop=0
[QUEUE_STATS] t_ms=13696 q_pkts=1 q_bytes=1504 qdelay_l_ms=1.07388 qdelay_c_ms=0 ecn_mark=1041 drop=0
[QUEUE_STATS] t_ms=13712 q_pkts=1 q_bytes=1504 qdelay_l_ms=0 qdelay_c_ms=1.10296 ecn_mark=1043 drop=0
[QUEUE_STATS] t_ms=13728 q_pkts=5 q_bytes=7520 qdelay_l_ms=1.06948 qdelay_c_ms=1.06373 ecn_mark=1044 drop=0
[QUEUE_STATS] t_ms=13744 q_pkts=3 q_bytes=4512 qdelay_l_ms=1.0738 qdelay_c_ms=1.09495 ecn_mark=1044 drop=0
[QUEUE_STATS] t_ms=13760 q_pkts=1 q_bytes=1504 qdelay_l_ms=0.753105 qdelay_c_ms=0 ecn_mark=1044 drop=0
[QUEUE_STATS] t_ms=13777 q_pkts=4 q_bytes=6016 qdelay_l_ms=1.07769 qdelay_c_ms=2.04332 ecn_mark=1047 drop=0
[QUEUE_STATS] t_ms=13792 q_pkts=3 q_bytes=4512 qdelay_l_ms=1.06312 qdelay_c_ms=1.07334 ecn_mark=1047 drop=0
[QUEUE_STATS] t_ms=13809 q_pkts=3 q_bytes=4512 qdelay_l_ms=1.08752 qdelay_c_ms=1.08164 ecn_mark=1048 drop=0
[QUEUE_STATS] t_ms=13825 q_pkts=3 q_bytes=4512 qdelay_l_ms=1.082 qdelay_c_ms=1.1055 ecn_mark=1049 drop=0
[QUEUE_STATS] t_ms=13840 q_pkts=3 q_bytes=4512 qdelay_l_ms=1.06498 qdelay_c_ms=1.08894 ecn_mark=1050 drop=0
[QUEUE_STATS] t_ms=13856 q_pkts=3 q_bytes=4512 qdelay_l_ms=1.09306 qdelay_c_ms=1.08617 ecn_mark=1050 drop=0
[QUEUE_STATS] t_ms=13872 q_pkts=2 q_bytes=3008 qdelay_l_ms=1.07837 qdelay_c_ms=1.76593 ecn_mark=1050 drop=0
[QUEUE_STATS] t_ms=13888 q_pkts=4 q_bytes=6016 qdelay_l_ms=0.717258 qdelay_c_ms=0.709313 ecn_mark=1050 drop=0
[QUEUE_STATS] t_ms=13904 q_pkts=5 q_bytes=7520 qdelay_l_ms=1.06698 qdelay_c_ms=1.10239 ecn_mark=1054 drop=0
[QUEUE_STATS] t_ms=13920 q_pkts=2 q_bytes=3008 qdelay_l_ms=0 qdelay_c_ms=1.45507 ecn_mark=1054 drop=0
[QUEUE_STATS] t_ms=13936 q_pkts=3 q_bytes=4512 qdelay_l_ms=0.712319 qdelay_c_ms=0.706688 ecn_mark=1055 drop=0
[QUEUE_STATS] t_ms=13952 q_pkts=1 q_bytes=1504 qdelay_l_ms=1.04915 qdelay_c_ms=0 ecn_mark=1058 drop=0
[QUEUE_STATS] t_ms=13968 q_pkts=4 q_bytes=6016 qdelay_l_ms=1.05207 qdelay_c_ms=1.04681 ecn_mark=1059 drop=0
[QUEUE_STATS] t_ms=13984 q_pkts=4 q_bytes=6016 qdelay_l_ms=1.06609 qdelay_c_ms=1.06033 ecn_mark=1059 drop=0
[QUEUE_STATS] t_ms=14000 q_pkts=3 q_bytes=4512 qdelay_l_ms=1.07388 qdelay_c_ms=1.05261 ecn_mark=1060 drop=0
[QUEUE_STATS] t_ms=14016 q_pkts=2 q_bytes=3008 qdelay_l_ms=0 qdelay_c_ms=1.49565 ecn_mark=1063 drop=0
[QUEUE_STATS] t_ms=14032 q_pkts=4 q_bytes=6016 qdelay_l_ms=1.02072 qdelay_c_ms=1.01542 ecn_mark=1063 drop=0
[QUEUE_STATS] t_ms=14048 q_pkts=4 q_bytes=6016 qdelay_l_ms=1.0645 qdelay_c_ms=2.13245 ecn_mark=1064 drop=0
[QUEUE_STATS] t_ms=14064 q_pkts=4 q_bytes=6016 qdelay_l_ms=1.07188 qdelay_c_ms=1.08285 ecn_mark=1064 drop=0
[QUEUE_STATS] t_ms=14080 q_pkts=4 q_bytes=6016 qdelay_l_ms=1.06392 qdelay_c_ms=1.05642 ecn_mark=1065 drop=0
[QUEUE_STATS] t_ms=14096 q_pkts=1 q_bytes=1504 qdelay_l_ms=1.0683 qdelay_c_ms=0 ecn_mark=1066 drop=0
[QUEUE_STATS] t_ms=14112 q_pkts=3 q_bytes=4512 qdelay_l_ms=1.07414 qdelay_c_ms=1.06914 ecn_mark=1067 drop=0
[QUEUE_STATS] t_ms=14128 q_pkts=3 q_bytes=4512 qdelay_l_ms=1.08001 qdelay_c_ms=1.07475 ecn_mark=1069 drop=0
[QUEUE_STATS] t_ms=14144 q_pkts=3 q_bytes=4512 qdelay_l_ms=1.02023 qdelay_c_ms=1.03268 ecn_mark=1069 drop=0
[QUEUE_STATS] t_ms=14160 q_pkts=3 q_bytes=4512 qdelay_l_ms=0.76086 qdelay_c_ms=0.75537 ecn_mark=1071 drop=0
[QUEUE_STATS] t_ms=14176 q_pkts=4 q_bytes=6016 qdelay_l_ms=1.10582 qdelay_c_ms=1.09913 ecn_mark=1072 drop=0
[QUEUE_STATS] t_ms=14192 q_pkts=5 q_bytes=7520 qdelay_l_ms=1.104 qdelay_c_ms=1.79774 ecn_mark=1074 drop=0
[QUEUE_STATS] t_ms=14208 q_pkts=3 q_bytes=4512 qdelay_l_ms=1.0872 qdelay_c_ms=1.08064 ecn_mark=1075 drop=0
[QUEUE_STATS] t_ms=14224 q_pkts=4 q_bytes=6016 qdelay_l_ms=1.06732 qdelay_c_ms=1.07846 ecn_mark=1077 drop=0
[QUEUE_STATS] t_ms=14240 q_pkts=7 q_bytes=10528 qdelay_l_ms=1.12748 qdelay_c_ms=1.11667 ecn_mark=1077 drop=0
[QUEUE_STATS] t_ms=14256 q_pkts=3 q_bytes=4512 qdelay_l_ms=1.06737 qdelay_c_ms=1.09036 ecn_mark=1077 drop=0
[QUEUE_STATS] t_ms=14272 q_pkts=5 q_bytes=7520 qdelay_l_ms=1.10723 qdelay_c_ms=1.09675 ecn_mark=1078 drop=0
[QUEUE_STATS] t_ms=14288 q_pkts=3 q_bytes=4512 qdelay_l_ms=1.06221 qdelay_c_ms=1.07616 ecn_mark=1078 drop=0
[QUEUE_STATS] t_ms=14304 q_pkts=5 q_bytes=7520 qdelay_l_ms=1.08348 qdelay_c_ms=1.07808 ecn_mark=1080 drop=0
[QUEUE_STATS] t_ms=14320 q_pkts=7 q_bytes=10528 qdelay_l_ms=1.06146 qdelay_c_ms=1.1042 ecn_mark=1081 drop=0
[QUEUE_STATS] t_ms=14336 q_pkts=0 q_bytes=0 qdelay_l_ms=0 qdelay_c_ms=0 ecn_mark=1082 drop=0
[QUEUE_STATS] t_ms=14352 q_pkts=2 q_bytes=3008 qdelay_l_ms=1.08165 qdelay_c_ms=1.08766 ecn_mark=1082 drop=0
[QUEUE_STATS] t_ms=14368 q_pkts=5 q_bytes=7520 qdelay_l_ms=1.04036 qdelay_c_ms=1.035 ecn_mark=1083 drop=0
[QUEUE_STATS] t_ms=14384 q_pkts=5 q_bytes=7520 qdelay_l_ms=1.03841 qdelay_c_ms=1.08118 ecn_mark=1086 drop=0
[QUEUE_STATS] t_ms=14400 q_pkts=4 q_bytes=6016 qdelay_l_ms=0 qdelay_c_ms=1.08858 ecn_mark=1086 drop=0
[QUEUE_STATS] t_ms=14416 q_pkts=5 q_bytes=7520 qdelay_l_ms=1.07538 qdelay_c_ms=1.06239 ecn_mark=1087 drop=0
[QUEUE_STATS] t_ms=14432 q_pkts=5 q_bytes=7520 qdelay_l_ms=1.07753 qdelay_c_ms=2.12965 ecn_mark=1088 drop=0
[QUEUE_STATS] t_ms=14448 q_pkts=4 q_bytes=6016 qdelay_l_ms=1.10128 qdelay_c_ms=2.14271 ecn_mark=1089 drop=0
[QUEUE_STATS] t_ms=14464 q_pkts=3 q_bytes=4512 qdelay_l_ms=0.784063 qdelay_c_ms=0.778513 ecn_mark=1089 drop=0
[QUEUE_STATS] t_ms=14480 q_pkts=2 q_bytes=3008 qdelay_l_ms=1.07555 qdelay_c_ms=0 ecn_mark=1090 drop=0
[QUEUE_STATS] t_ms=14496 q_pkts=7 q_bytes=10528 qdelay_l_ms=0.699424 qdelay_c_ms=1.81259 ecn_mark=1092 drop=0
[QUEUE_STATS] t_ms=14512 q_pkts=6 q_bytes=9024 qdelay_l_ms=1.05618 qdelay_c_ms=2.20579 ecn_mark=1093 drop=0
[QUEUE_STATS] t_ms=14528 q_pkts=0 q_bytes=0 qdelay_l_ms=0 qdelay_c_ms=0 ecn_mark=1093 drop=0
[QUEUE_STATS] t_ms=14544 q_pkts=4 q_bytes=6016 qdelay_l_ms=1.10347 qdelay_c_ms=1.09542 ecn_mark=1093 drop=0
[QUEUE_STATS] t_ms=14560 q_pkts=2 q_bytes=3008 qdelay_l_ms=1.029 qdelay_c_ms=0 ecn_mark=1093 drop=0
[QUEUE_STATS] t_ms=14577 q_pkts=5 q_bytes=7520 qdelay_l_ms=1.10455 qdelay_c_ms=2.04432 ecn_mark=1096 drop=0
[QUEUE_STATS] t_ms=14592 q_pkts=3 q_bytes=4512 qdelay_l_ms=0 qdelay_c_ms=1.09227 ecn_mark=1097 drop=0
[QUEUE_STATS] t_ms=14608 q_pkts=4 q_bytes=6016 qdelay_l_ms=1.07409 qdelay_c_ms=1.45021 ecn_mark=1098 drop=0
[QUEUE_STATS] t_ms=14624 q_pkts=5 q_bytes=7520 qdelay_l_ms=1.09154 qdelay_c_ms=1.08622 ecn_mark=1099 drop=0
[QUEUE_STATS] t_ms=14640 q_pkts=5 q_bytes=7520 qdelay_l_ms=1.09854 qdelay_c_ms=1.09204 ecn_mark=1099 drop=0
[QUEUE_STATS] t_ms=14656 q_pkts=2 q_bytes=3008 qdelay_l_ms=0 qdelay_c_ms=2.14143 ecn_mark=1100 drop=0
[QUEUE_STATS] t_ms=14672 q_pkts=4 q_bytes=6016 qdelay_l_ms=1.10672 qdelay_c_ms=1.09691 ecn_mark=1100 drop=0
[QUEUE_STATS] t_ms=14689 q_pkts=2 q_bytes=3008 qdelay_l_ms=1.08406 qdelay_c_ms=1.09361 ecn_mark=1104 drop=0
[QUEUE_STATS] t_ms=14705 q_pkts=4 q_bytes=6016 qdelay_l_ms=1.08213 qdelay_c_ms=1.10227 ecn_mark=1104 drop=0
[QUEUE_STATS] t_ms=14720 q_pkts=4 q_bytes=6016 qdelay_l_ms=1.08789 qdelay_c_ms=1.08186 ecn_mark=1106 drop=0
[QUEUE_STATS] t_ms=14736 q_pkts=4 q_bytes=6016 qdelay_l_ms=1.08437 qdelay_c_ms=1.44361 ecn_mark=1108 drop=0
[QUEUE_STATS] t_ms=14752 q_pkts=3 q_bytes=4512 qdelay_l_ms=1.0988 qdelay_c_ms=1.08864 ecn_mark=1109 drop=0
[QUEUE_STATS] t_ms=14768 q_pkts=0 q_bytes=0 qdelay_l_ms=0 qdelay_c_ms=0 ecn_mark=1113 drop=0
[QUEUE_STATS] t_ms=14784 q_pkts=3 q_bytes=4512 qdelay_l_ms=1.0954 qdelay_c_ms=1.08909 ecn_mark=1114 drop=0
[QUEUE_STATS] t_ms=14801 q_pkts=3 q_bytes=4512 qdelay_l_ms=1.08704 qdelay_c_ms=1.08071 ecn_mark=1116 drop=0
[QUEUE_STATS] t_ms=14816 q_pkts=3 q_bytes=4512 qdelay_l_ms=1.09868 qdelay_c_ms=1.09291 ecn_mark=1116 drop=0
[QUEUE_STATS] t_ms=14832 q_pkts=3 q_bytes=4512 qdelay_l_ms=1.07937 qdelay_c_ms=1.07366 ecn_mark=1117 drop=0
[QUEUE_STATS] t_ms=14848 q_pkts=2 q_bytes=3008 qdelay_l_ms=1.03306 qdelay_c_ms=1.02753 ecn_mark=1119 drop=0
[QUEUE_STATS] t_ms=14864 q_pkts=3 q_bytes=4512 qdelay_l_ms=1.08885 qdelay_c_ms=1.0823 ecn_mark=1119 drop=0
[QUEUE_STATS] t_ms=14881 q_pkts=4 q_bytes=6016 qdelay_l_ms=1.07481 qdelay_c_ms=1.83157 ecn_mark=1120 drop=0
[QUEUE_STATS] t_ms=14896 q_pkts=6 q_bytes=9024 qdelay_l_ms=1.05329 qdelay_c_ms=1.09073 ecn_mark=1124 drop=0
[QUEUE_STATS] t_ms=14912 q_pkts=5 q_bytes=7520 qdelay_l_ms=1.04457 qdelay_c_ms=1.06582 ecn_mark=1126 drop=0
[QUEUE_STATS] t_ms=14928 q_pkts=0 q_bytes=0 qdelay_l_ms=0 qdelay_c_ms=0 ecn_mark=1128 drop=0
[QUEUE_STATS] t_ms=14944 q_pkts=3 q_bytes=4512 qdelay_l_ms=1.03138 qdelay_c_ms=1.05297 ecn_mark=1128 drop=0
[QUEUE_STATS] t_ms=14960 q_pkts=2 q_bytes=3008 qdelay_l_ms=1.05188 qdelay_c_ms=1.05704 ecn_mark=1129 drop=0
[QUEUE_STATS] t_ms=14976 q_pkts=5 q_bytes=7520 qdelay_l_ms=0.420721 qdelay_c_ms=0.414699 ecn_mark=1129 drop=0
[QUEUE_STATS] t_ms=14992 q_pkts=4 q_bytes=6016 qdelay_l_ms=1.10431 qdelay_c_ms=1.09645 ecn_mark=1129 drop=0
[QUEUE_STATS] t_ms=15008 q_pkts=4 q_bytes=6016 qdelay_l_ms=1.05015 qdelay_c_ms=1.04486 ecn_mark=1130 drop=0
[QUEUE_STATS] t_ms=15024 q_pkts=5 q_bytes=7520 qdelay_l_ms=1.02233 qdelay_c_ms=2.09041 ecn_mark=1130 drop=0
[QUEUE_STATS] t_ms=15040 q_pkts=3 q_bytes=4512 qdelay_l_ms=1.06536 qdelay_c_ms=1.05762 ecn_mark=1131 drop=0
[QUEUE_STATS] t_ms=15056 q_pkts=1 q_bytes=1504 qdelay_l_ms=0 qdelay_c_ms=0.014577 ecn_mark=1135 drop=0
[QUEUE_STATS] t_ms=15072 q_pkts=1 q_bytes=1504 qdelay_l_ms=1.07794 qdelay_c_ms=0 ecn_mark=1136 drop=0
[QUEUE_STATS] t_ms=15088 q_pkts=3 q_bytes=4512 qdelay_l_ms=0.80877 qdelay_c_ms=0.818679 ecn_mark=1138 drop=0
[QUEUE_STATS] t_ms=15104 q_pkts=3 q_bytes=4512 qdelay_l_ms=1.04826 qdelay_c_ms=1.07162 ecn_mark=1139 drop=0
[QUEUE_STATS] t_ms=15120 q_pkts=5 q_bytes=7520 qdelay_l_ms=1.06147 qdelay_c_ms=2.1401 ecn_mark=1142 drop=0
[QUEUE_STATS] t_ms=15136 q_pkts=4 q_bytes=6016 qdelay_l_ms=1.1046 qdelay_c_ms=1.09381 ecn_mark=1142 drop=0
[QUEUE_STATS] t_ms=15152 q_pkts=4 q_bytes=6016 qdelay_l_ms=1.05329 qdelay_c_ms=2.19238 ecn_mark=1145 drop=0
[QUEUE_STATS] t_ms=15168 q_pkts=3 q_bytes=4512 qdelay_l_ms=1.06108 qdelay_c_ms=1.07144 ecn_mark=1145 drop=0
[QUEUE_STATS] t_ms=15184 q_pkts=2 q_bytes=3008 qdelay_l_ms=0 qdelay_c_ms=1.06744 ecn_mark=1146 drop=0
[QUEUE_STATS] t_ms=15200 q_pkts=4 q_bytes=6016 qdelay_l_ms=0.853595 qdelay_c_ms=0.848485 ecn_mark=1146 drop=0
[QUEUE_STATS] t_ms=15216 q_pkts=5 q_bytes=7520 qdelay_l_ms=1.04691 qdelay_c_ms=1.06794 ecn_mark=1147 drop=0
[QUEUE_STATS] t_ms=15232 q_pkts=1 q_bytes=1504 qdelay_l_ms=1.07368 qdelay_c_ms=0 ecn_mark=1147 drop=0
[QUEUE_STATS] t_ms=15248 q_pkts=6 q_bytes=9024 qdelay_l_ms=1.06114 qdelay_c_ms=2.20068 ecn_mark=1147 drop=0
[QUEUE_STATS] t_ms=15265 q_pkts=3 q_bytes=4512 qdelay_l_ms=1.09034 qdelay_c_ms=1.90256 ecn_mark=1149 drop=0
[QUEUE_STATS] t_ms=15280 q_pkts=3 q_bytes=4512 qdelay_l_ms=1.09049 qdelay_c_ms=1.83679 ecn_mark=1150 drop=0
[QUEUE_STATS] t_ms=15296 q_pkts=3 q_bytes=4512 qdelay_l_ms=1.07258 qdelay_c_ms=1.06454 ecn_mark=1150 drop=0
[QUEUE_STATS] t_ms=15312 q_pkts=7 q_bytes=10528 qdelay_l_ms=1.09812 qdelay_c_ms=1.92567 ecn_mark=1151 drop=0
[QUEUE_STATS] t_ms=15328 q_pkts=3 q_bytes=4512 qdelay_l_ms=1.04429 qdelay_c_ms=1.06846 ecn_mark=1152 drop=0
[QUEUE_STATS] t_ms=15344 q_pkts=3 q_bytes=4512 qdelay_l_ms=1.06084 qdelay_c_ms=1.07204 ecn_mark=1152 drop=0
[QUEUE_STATS] t_ms=15360 q_pkts=2 q_bytes=3008 qdelay_l_ms=1.06925 qdelay_c_ms=1.06147 ecn_mark=1153 drop=0
[QUEUE_STATS] t_ms=15376 q_pkts=6 q_bytes=9024 qdelay_l_ms=1.08533 qdelay_c_ms=1.08081 ecn_mark=1154 drop=0
[QUEUE_STATS] t_ms=15393 q_pkts=3 q_bytes=4512 qdelay_l_ms=1.05959 qdelay_c_ms=1.07086 ecn_mark=1154 drop=0
[QUEUE_STATS] t_ms=15408 q_pkts=4 q_bytes=6016 qdelay_l_ms=0.774927 qdelay_c_ms=0.769647 ecn_mark=1154 drop=0
[QUEUE_STATS] t_ms=15424 q_pkts=1 q_bytes=1504 qdelay_l_ms=0 qdelay_c_ms=0.013365 ecn_mark=1157 drop=0
[QUEUE_STATS] t_ms=15440 q_pkts=4 q_bytes=6016 qdelay_l_ms=0.837073 qdelay_c_ms=1.92497 ecn_mark=1158 drop=0
[QUEUE_STATS] t_ms=15456 q_pkts=3 q_bytes=4512 qdelay_l_ms=1.05238 qdelay_c_ms=1.06312 ecn_mark=1159 drop=0
[QUEUE_STATS] t_ms=15472 q_pkts=3 q_bytes=4512 qdelay_l_ms=1.02984 qdelay_c_ms=1.02428 ecn_mark=1159 drop=0
[QUEUE_STATS] t_ms=15488 q_pkts=2 q_bytes=3008 qdelay_l_ms=1.07935 qdelay_c_ms=1.08657 ecn_mark=1159 drop=0
[QUEUE_STATS] t_ms=15504 q_pkts=3 q_bytes=4512 qdelay_l_ms=0.809731 qdelay_c_ms=0.820081 ecn_mark=1161 drop=0
[QUEUE_STATS] t_ms=15520 q_pkts=2 q_bytes=3008 qdelay_l_ms=1.05999 qdelay_c_ms=1.0651 ecn_mark=1164 drop=0
[QUEUE_STATS] t_ms=15536 q_pkts=3 q_bytes=4512 qdelay_l_ms=0.747084 qdelay_c_ms=0.764076 ecn_mark=1165 drop=0
[QUEUE_STATS] t_ms=15552 q_pkts=1 q_bytes=1504 qdelay_l_ms=1.09917 qdelay_c_ms=0 ecn_mark=1166 drop=0
[QUEUE_STATS] t_ms=15568 q_pkts=3 q_bytes=4512 qdelay_l_ms=1.0607 qdelay_c_ms=1.08352 ecn_mark=1166 drop=0
[QUEUE_STATS] t_ms=15584 q_pkts=4 q_bytes=6016 qdelay_l_ms=1.03594 qdelay_c_ms=1.03041 ecn_mark=1167 drop=0
[QUEUE_STATS] t_ms=15600 q_pkts=4 q_bytes=6016 qdelay_l_ms=0.691369 qdelay_c_ms=0.684527 ecn_mark=1169 drop=0
[QUEUE_STATS] t_ms=15616 q_pkts=4 q_bytes=6016 qdelay_l_ms=1.07256 qdelay_c_ms=1.06706 ecn_mark=1169 drop=0
[QUEUE_STATS] t_ms=15632 q_pkts=4 q_bytes=6016 qdelay_l_ms=0.782721 qdelay_c_ms=0.777151 ecn_mark=1170 drop=0
[QUEUE_STATS] t_ms=15648 q_pkts=0 q_bytes=0 qdelay_l_ms=0 qdelay_c_ms=0 ecn_mark=1171 drop=0
[QUEUE_STATS] t_ms=15664 q_pkts=1 q_bytes=1504 qdelay_l_ms=1.07588 qdelay_c_ms=0 ecn_mark=1172 drop=0
[QUEUE_STATS] t_ms=15680 q_pkts=4 q_bytes=6016 qdelay_l_ms=1.10495 qdelay_c_ms=1.09853 ecn_mark=1172 drop=0
[QUEUE_STATS] t_ms=15696 q_pkts=4 q_bytes=6016 qdelay_l_ms=1.06175 qdelay_c_ms=2.18477 ecn_mark=1172 drop=0
[QUEUE_STATS] t_ms=15712 q_pkts=3 q_bytes=4512 qdelay_l_ms=0.874714 qdelay_c_ms=1.50775 ecn_mark=1175 drop=0
[QUEUE_STATS] t_ms=15728 q_pkts=0 q_bytes=0 qdelay_l_ms=0 qdelay_c_ms=0 ecn_mark=1177 drop=0
[QUEUE_STATS] t_ms=15745 q_pkts=5 q_bytes=7520 qdelay_l_ms=1.11051 qdelay_c_ms=1.10185 ecn_mark=1178 drop=0
[QUEUE_STATS] t_ms=15761 q_pkts=3 q_bytes=4512 qdelay_l_ms=1.06061 qdelay_c_ms=1.08151 ecn_mark=1179 drop=0
[QUEUE_STATS] t_ms=15776 q_pkts=4 q_bytes=6016 qdelay_l_ms=1.07099 qdelay_c_ms=2.12813 ecn_mark=1179 drop=0
[QUEUE_STATS] t_ms=15793 q_pkts=3 q_bytes=4512 qdelay_l_ms=1.10806 qdelay_c_ms=2.00091 ecn_mark=1180 drop=0
[QUEUE_STATS] t_ms=15808 q_pkts=3 q_bytes=4512 qdelay_l_ms=1.05635 qdelay_c_ms=1.06689 ecn_mark=1181 drop=0
[QUEUE_STATS] t_ms=15824 q_pkts=6 q_bytes=9024 qdelay_l_ms=1.10852 qdelay_c_ms=1.10219 ecn_mark=1182 drop=0
[QUEUE_STATS] t_ms=15840 q_pkts=3 q_bytes=4512 qdelay_l_ms=1.06312 qdelay_c_ms=1.05796 ecn_mark=1182 drop=0
[QUEUE_STATS] t_ms=15856 q_pkts=1 q_bytes=1504 qdelay_l_ms=1.07575 qdelay_c_ms=0 ecn_mark=1182 drop=0
[QUEUE_STATS] t_ms=15872 q_pkts=3 q_bytes=4512 qdelay_l_ms=1.07465 qdelay_c_ms=1.09466 ecn_mark=1183 drop=0
[QUEUE_STATS] t_ms=15888 q_pkts=2 q_bytes=3008 qdelay_l_ms=1.07915 qdelay_c_ms=0 ecn_mark=1184 drop=0
[QUEUE_STATS] t_ms=15904 q_pkts=4 q_bytes=6016 qdelay_l_ms=0.769466 qdelay_c_ms=1.95423 ecn_mark=1184 drop=0
[QUEUE_STATS] t_ms=15920 q_pkts=3 q_bytes=4512 qdelay_l_ms=1.06037 qdelay_c_ms=1.07063 ecn_mark=1185 drop=0
[QUEUE_STATS] t_ms=15936 q_pkts=4 q_bytes=6016 qdelay_l_ms=1.07708 qdelay_c_ms=1.49802 ecn_mark=1185 drop=0
[QUEUE_STATS] t_ms=15952 q_pkts=0 q_bytes=0 qdelay_l_ms=0 qdelay_c_ms=0 ecn_mark=1186 drop=0
[QUEUE_STATS] t_ms=15969 q_pkts=3 q_bytes=4512 qdelay_l_ms=1.07729 qdelay_c_ms=1.07158 ecn_mark=1188 drop=0
[QUEUE_STATS] t_ms=15984 q_pkts=1 q_bytes=1504 qdelay_l_ms=0 qdelay_c_ms=0.014728 ecn_mark=1188 drop=0
[QUEUE_STATS] t_ms=16001 q_pkts=0 q_bytes=0 qdelay_l_ms=0 qdelay_c_ms=0 ecn_mark=1189 drop=0
[QUEUE_STATS] t_ms=16017 q_pkts=3 q_bytes=4512 qdelay_l_ms=1.06964 qdelay_c_ms=1.06452 ecn_mark=1192 drop=0
[QUEUE_STATS] t_ms=16032 q_pkts=3 q_bytes=4512 qdelay_l_ms=1.05515 qdelay_c_ms=1.04751 ecn_mark=1194 drop=0
[QUEUE_STATS] t_ms=16048 q_pkts=6 q_bytes=9024 qdelay_l_ms=0.79264 qdelay_c_ms=0.786398 ecn_mark=1194 drop=0
[QUEUE_STATS] t_ms=16064 q_pkts=0 q_bytes=0 qdelay_l_ms=0 qdelay_c_ms=0 ecn_mark=1197 drop=0
[QUEUE_STATS] t_ms=16080 q_pkts=6 q_bytes=9024 qdelay_l_ms=1.09666 qdelay_c_ms=1.08918 ecn_mark=1198 drop=0
[QUEUE_STATS] t_ms=16097 q_pkts=3 q_bytes=4512 qdelay_l_ms=1.06781 qdelay_c_ms=1.06208 ecn_mark=1201 drop=0
[QUEUE_STATS] t_ms=16112 q_pkts=2 q_bytes=3008 qdelay_l_ms=1.04976 qdelay_c_ms=0 ecn_mark=1203 drop=0
[QUEUE_STATS] t_ms=16128 q_pkts=3 q_bytes=4512 qdelay_l_ms=1.05656 qdelay_c_ms=1.06669 ecn_mark=1203 drop=0
[QUEUE_STATS] t_ms=16145 q_pkts=2 q_bytes=3008 qdelay_l_ms=0 qdelay_c_ms=1.06639 ecn_mark=1204 drop=0
[QUEUE_STATS] t_ms=16160 q_pkts=0 q_bytes=0 qdelay_l_ms=0 qdelay_c_ms=0 ecn_mark=1205 drop=0
[QUEUE_STATS] t_ms=16176 q_pkts=3 q_bytes=4512 qdelay_l_ms=0.955175 qdelay_c_ms=0.976165 ecn_mark=1205 drop=0
[QUEUE_STATS] t_ms=16192 q_pkts=2 q_bytes=3008 qdelay_l_ms=1.03376 qdelay_c_ms=1.02812 ecn_mark=1208 drop=0
[QUEUE_STATS] t_ms=16208 q_pkts=3 q_bytes=4512 qdelay_l_ms=0 qdelay_c_ms=0.977407 ecn_mark=1208 drop=0
[QUEUE_STATS] t_ms=16224 q_pkts=4 q_bytes=6016 qdelay_l_ms=1.0861 qdelay_c_ms=1.85414 ecn_mark=1208 drop=0
[QUEUE_STATS] t_ms=16240 q_pkts=0 q_bytes=0 qdelay_l_ms=0 qdelay_c_ms=0 ecn_mark=1208 drop=0
[QUEUE_STATS] t_ms=16256 q_pkts=3 q_bytes=4512 qdelay_l_ms=1.07893 qdelay_c_ms=1.10585 ecn_mark=1210 drop=0
[QUEUE_STATS] t_ms=16272 q_pkts=3 q_bytes=4512 qdelay_l_ms=1.06361 qdelay_c_ms=1.08617 ecn_mark=1210 drop=0
[QUEUE_STATS] t_ms=16288 q_pkts=3 q_bytes=4512 qdelay_l_ms=1.06576 qdelay_c_ms=1.08712 ecn_mark=1210 drop=0
[QUEUE_STATS] t_ms=16304 q_pkts=6 q_bytes=9024 qdelay_l_ms=1.09132 qdelay_c_ms=1.08653 ecn_mark=1211 drop=0
[QUEUE_STATS] t_ms=16320 q_pkts=3 q_bytes=4512 qdelay_l_ms=1.06133 qdelay_c_ms=1.07358 ecn_mark=1211 drop=0
[QUEUE_STATS] t_ms=16336 q_pkts=0 q_bytes=0 qdelay_l_ms=0 qdelay_c_ms=0 ecn_mark=1212 drop=0
[QUEUE_STATS] t_ms=16352 q_pkts=5 q_bytes=7520 qdelay_l_ms=1.0754 qdelay_c_ms=1.10834 ecn_mark=1212 drop=0
[QUEUE_STATS] t_ms=16368 q_pkts=0 q_bytes=0 qdelay_l_ms=0 qdelay_c_ms=0 ecn_mark=1215 drop=0
[QUEUE_STATS] t_ms=16384 q_pkts=1 q_bytes=1504 qdelay_l_ms=0.956187 qdelay_c_ms=0 ecn_mark=1216 drop=0
[QUEUE_STATS] t_ms=16400 q_pkts=0 q_bytes=0 qdelay_l_ms=0 qdelay_c_ms=0 ecn_mark=1217 drop=0
[QUEUE_STATS] t_ms=16416 q_pkts=5 q_bytes=7520 qdelay_l_ms=1.08754 qdelay_c_ms=1.08207 ecn_mark=1217 drop=0
[QUEUE_STATS] t_ms=16432 q_pkts=2 q_bytes=3008 qdelay_l_ms=0.814291 qdelay_c_ms=0 ecn_mark=1218 drop=0
[QUEUE_STATS] t_ms=16448 q_pkts=1 q_bytes=1504 qdelay_l_ms=1.08154 qdelay_c_ms=0 ecn_mark=1221 drop=0
[QUEUE_STATS] t_ms=16464 q_pkts=1 q_bytes=1504 qdelay_l_ms=0 qdelay_c_ms=1.82178 ecn_mark=1222 drop=0
[QUEUE_STATS] t_ms=16480 q_pkts=5 q_bytes=7520 qdelay_l_ms=0.803961 qdelay_c_ms=0.797128 ecn_mark=1225 drop=0
[QUEUE_STATS] t_ms=16496 q_pkts=4 q_bytes=6016 qdelay_l_ms=1.08811 qdelay_c_ms=1.84098 ecn_mark=1227 drop=0
[QUEUE_STATS] t_ms=16512 q_pkts=3 q_bytes=4512 qdelay_l_ms=0.617981 qdelay_c_ms=0.610387 ecn_mark=1228 drop=0
[QUEUE_STATS] t_ms=16528 q_pkts=0 q_bytes=0 qdelay_l_ms=0 qdelay_c_ms=0 ecn_mark=1229 drop=0
[QUEUE_STATS] t_ms=16544 q_pkts=4 q_bytes=6016 qdelay_l_ms=1.09978 qdelay_c_ms=1.0925 ecn_mark=1229 drop=0
[QUEUE_STATS] t_ms=16560 q_pkts=3 q_bytes=4512 qdelay_l_ms=1.06607 qdelay_c_ms=1.06114 ecn_mark=1231 drop=0
[QUEUE_STATS] t_ms=16576 q_pkts=3 q_bytes=4512 qdelay_l_ms=1.06588 qdelay_c_ms=2.16716 ecn_mark=1232 drop=0
[QUEUE_STATS] t_ms=16592 q_pkts=0 q_bytes=0 qdelay_l_ms=0 qdelay_c_ms=0 ecn_mark=1235 drop=0
[QUEUE_STATS] t_ms=16608 q_pkts=4 q_bytes=6016 qdelay_l_ms=1.08176 qdelay_c_ms=1.07626 ecn_mark=1236 drop=0
[QUEUE_STATS] t_ms=16624 q_pkts=5 q_bytes=7520 qdelay_l_ms=1.09455 qdelay_c_ms=1.08829 ecn_mark=1236 drop=0
[QUEUE_STATS] t_ms=16640 q_pkts=5 q_bytes=7520 qdelay_l_ms=1.03516 qdelay_c_ms=1.02965 ecn_mark=1237 drop=0
[QUEUE_STATS] t_ms=16656 q_pkts=0 q_bytes=0 qdelay_l_ms=0 qdelay_c_ms=0 ecn_mark=1238 drop=0
[QUEUE_STATS] t_ms=16672 q_pkts=4 q_bytes=6016 qdelay_l_ms=1.06519 qdelay_c_ms=1.88705 ecn_mark=1239 drop=0
[QUEUE_STATS] t_ms=16688 q_pkts=7 q_bytes=10528 qdelay_l_ms=1.09825 qdelay_c_ms=1.09244 ecn_mark=1240 drop=0
[QUEUE_STATS] t_ms=16704 q_pkts=4 q_bytes=6016 qdelay_l_ms=0.80327 qdelay_c_ms=0.795325 ecn_mark=1240 drop=0
[QUEUE_STATS] t_ms=16720 q_pkts=1 q_bytes=1504 qdelay_l_ms=1.03727 qdelay_c_ms=0 ecn_mark=1240 drop=0
[QUEUE_STATS] t_ms=16736 q_pkts=2 q_bytes=3008 qdelay_l_ms=1.07701 qdelay_c_ms=1.86895 ecn_mark=1240 drop=0
[QUEUE_STATS] t_ms=16752 q_pkts=5 q_bytes=7520 qdelay_l_ms=1.05068 qdelay_c_ms=1.04413 ecn_mark=1241 drop=0
[QUEUE_STATS] t_ms=16768 q_pkts=2 q_bytes=3008 qdelay_l_ms=1.08756 qdelay_c_ms=1.09448 ecn_mark=1241 drop=0
[QUEUE_STATS] t_ms=16784 q_pkts=1 q_bytes=1504 qdelay_l_ms=1.06935 qdelay_c_ms=0 ecn_mark=1241 drop=0
[QUEUE_STATS] t_ms=16800 q_pkts=5 q_bytes=7520 qdelay_l_ms=0.918276 qdelay_c_ms=0.913477 ecn_mark=1243 drop=0
[QUEUE_STATS] t_ms=16816 q_pkts=3 q_bytes=4512 qdelay_l_ms=0.717689 qdelay_c_ms=0.743217 ecn_mark=1244 drop=0
[QUEUE_STATS] t_ms=16832 q_pkts=5 q_bytes=7520 qdelay_l_ms=1.05601 qdelay_c_ms=1.05023 ecn_mark=1244 drop=0
[QUEUE_STATS] t_ms=16848 q_pkts=3 q_bytes=4512 qdelay_l_ms=1.05906 qdelay_c_ms=1.06915 ecn_mark=1245 drop=0
[QUEUE_STATS] t_ms=16864 q_pkts=1 q_bytes=1504 qdelay_l_ms=1.05874 qdelay_c_ms=0 ecn_mark=1245 drop=0
[QUEUE_STATS] t_ms=16880 q_pkts=5 q_bytes=7520 qdelay_l_ms=1.07207 qdelay_c_ms=1.11955 ecn_mark=1246 drop=0
[QUEUE_STATS] t_ms=16896 q_pkts=2 q_bytes=3008 qdelay_l_ms=1.09268 qdelay_c_ms=0 ecn_mark=1246 drop=0
[QUEUE_STATS] t_ms=16912 q_pkts=1 q_bytes=1504 qdelay_l_ms=0.011231 qdelay_c_ms=0 ecn_mark=1246 drop=0
[QUEUE_STATS] t_ms=16928 q_pkts=7 q_bytes=10528 qdelay_l_ms=1.12932 qdelay_c_ms=1.11837 ecn_mark=1247 drop=0
[QUEUE_STATS] t_ms=16944 q_pkts=3 q_bytes=4512 qdelay_l_ms=1.06144 qdelay_c_ms=1.0708 ecn_mark=1248 drop=0
[QUEUE_STATS] t_ms=16960 q_pkts=3 q_bytes=4512 qdelay_l_ms=1.02676 qdelay_c_ms=2.1244 ecn_mark=1248 drop=0
[QUEUE_STATS] t_ms=16976 q_pkts=2 q_bytes=3008 qdelay_l_ms=0.77175 qdelay_c_ms=0.781949 ecn_mark=1248 drop=0
[QUEUE_STATS] t_ms=16992 q_pkts=3 q_bytes=4512 qdelay_l_ms=1.07452 qdelay_c_ms=1.06899 ecn_mark=1249 drop=0
[QUEUE_STATS] t_ms=17008 q_pkts=3 q_bytes=4512 qdelay_l_ms=1.06831 qdelay_c_ms=1.06219 ecn_mark=1249 drop=0
[QUEUE_STATS] t_ms=17024 q_pkts=4 q_bytes=6016 qdelay_l_ms=1.06319 qdelay_c_ms=1.07912 ecn_mark=1250 drop=0
[QUEUE_STATS] t_ms=17040 q_pkts=2 q_bytes=3008 qdelay_l_ms=1.06321 qdelay_c_ms=0 ecn_mark=1250 drop=0
[QUEUE_STATS] t_ms=17056 q_pkts=3 q_bytes=4512 qdelay_l_ms=1.06631 qdelay_c_ms=1.09026 ecn_mark=1251 drop=0
[QUEUE_STATS] t_ms=17072 q_pkts=1 q_bytes=1504 qdelay_l_ms=1.06943 qdelay_c_ms=0 ecn_mark=1253 drop=0
[QUEUE_STATS] t_ms=17088 q_pkts=1 q_bytes=1504 qdelay_l_ms=1.07968 qdelay_c_ms=0 ecn_mark=1254 drop=0
[QUEUE_STATS] t_ms=17105 q_pkts=1 q_bytes=1504 qdelay_l_ms=1.07587 qdelay_c_ms=0 ecn_mark=1254 drop=0
[QUEUE_STATS] t_ms=17120 q_pkts=0 q_bytes=0 qdelay_l_ms=0 qdelay_c_ms=0 ecn_mark=1255 drop=0
[QUEUE_STATS] t_ms=17136 q_pkts=2 q_bytes=3008 qdelay_l_ms=0.958461 qdelay_c_ms=0.966186 ecn_mark=1256 drop=0
[QUEUE_STATS] t_ms=17152 q_pkts=0 q_bytes=0 qdelay_l_ms=0 qdelay_c_ms=0 ecn_mark=1258 drop=0
[QUEUE_STATS] t_ms=17169 q_pkts=2 q_bytes=3008 qdelay_l_ms=1.08731 qdelay_c_ms=1.09412 ecn_mark=1258 drop=0
[QUEUE_STATS] t_ms=17184 q_pkts=3 q_bytes=4512 qdelay_l_ms=0.983889 qdelay_c_ms=0.996703 ecn_mark=1258 drop=0
[QUEUE_STATS] t_ms=17200 q_pkts=6 q_bytes=9024 qdelay_l_ms=1.09836 qdelay_c_ms=1.09188 ecn_mark=1260 drop=0
[QUEUE_STATS] t_ms=17216 q_pkts=4 q_bytes=6016 qdelay_l_ms=1.06164 qdelay_c_ms=1.05658 ecn_mark=1261 drop=0
[QUEUE_STATS] t_ms=17232 q_pkts=0 q_bytes=0 qdelay_l_ms=0 qdelay_c_ms=0 ecn_mark=1261 drop=0
[QUEUE_STATS] t_ms=17248 q_pkts=2 q_bytes=3008 qdelay_l_ms=1.02892 qdelay_c_ms=1.02122 ecn_mark=1261 drop=0
[QUEUE_STATS] t_ms=17264 q_pkts=3 q_bytes=4512 qdelay_l_ms=1.08149 qdelay_c_ms=1.07606 ecn_mark=1262 drop=0
[QUEUE_STATS] t_ms=17280 q_pkts=3 q_bytes=4512 qdelay_l_ms=1.08722 qdelay_c_ms=1.08093 ecn_mark=1265 drop=0
[QUEUE_STATS] t_ms=17296 q_pkts=3 q_bytes=4512 qdelay_l_ms=1.07082 qdelay_c_ms=1.06575 ecn_mark=1265 drop=0
[QUEUE_STATS] t_ms=17312 q_pkts=3 q_bytes=4512 qdelay_l_ms=1.06596 qdelay_c_ms=1.10032 ecn_mark=1266 drop=0
[QUEUE_STATS] t_ms=17328 q_pkts=3 q_bytes=4512 qdelay_l_ms=1.06069 qdelay_c_ms=1.07108 ecn_mark=1266 drop=0
[QUEUE_STATS] t_ms=17344 q_pkts=4 q_bytes=6016 qdelay_l_ms=1.04703 qdelay_c_ms=1.04224 ecn_mark=1267 drop=0
[QUEUE_STATS] t_ms=17360 q_pkts=4 q_bytes=6016 qdelay_l_ms=0.830611 qdelay_c_ms=0.82488 ecn_mark=1267 drop=0
[QUEUE_STATS] t_ms=17376 q_pkts=4 q_bytes=6016 qdelay_l_ms=1.08461 qdelay_c_ms=1.07877 ecn_mark=1267 drop=0
[QUEUE_STATS] t_ms=17392 q_pkts=5 q_bytes=7520 qdelay_l_ms=1.05945 qdelay_c_ms=1.07996 ecn_mark=1267 drop=0
[QUEUE_STATS] t_ms=17408 q_pkts=2 q_bytes=3008 qdelay_l_ms=1.06692 qdelay_c_ms=2.17399 ecn_mark=1268 drop=0
[QUEUE_STATS] t_ms=17424 q_pkts=3 q_bytes=4512 qdelay_l_ms=1.08299 qdelay_c_ms=1.43953 ecn_mark=1269 drop=0
[QUEUE_STATS] t_ms=17440 q_pkts=4 q_bytes=6016 qdelay_l_ms=1.0749 qdelay_c_ms=2.1986 ecn_mark=1271 drop=0
[QUEUE_STATS] t_ms=17456 q_pkts=0 q_bytes=0 qdelay_l_ms=0 qdelay_c_ms=0 ecn_mark=1271 drop=0
[QUEUE_STATS] t_ms=17473 q_pkts=1 q_bytes=1504 qdelay_l_ms=1.06129 qdelay_c_ms=0 ecn_mark=1272 drop=0
[QUEUE_STATS] t_ms=17488 q_pkts=1 q_bytes=1504 qdelay_l_ms=1.06136 qdelay_c_ms=0 ecn_mark=1272 drop=0
[QUEUE_STATS] t_ms=17504 q_pkts=3 q_bytes=4512 qdelay_l_ms=1.0669 qdelay_c_ms=1.08033 ecn_mark=1272 drop=0
[QUEUE_STATS] t_ms=17520 q_pkts=3 q_bytes=4512 qdelay_l_ms=1.0857 qdelay_c_ms=1.08065 ecn_mark=1273 drop=0
[QUEUE_STATS] t_ms=17536 q_pkts=3 q_bytes=4512 qdelay_l_ms=0.756432 qdelay_c_ms=0.766531 ecn_mark=1274 drop=0
[QUEUE_STATS] t_ms=17552 q_pkts=4 q_bytes=6016 qdelay_l_ms=1.07663 qdelay_c_ms=1.1144 ecn_mark=1274 drop=0
[QUEUE_STATS] t_ms=17568 q_pkts=3 q_bytes=4512 qdelay_l_ms=0.83039 qdelay_c_ms=0.84108 ecn_mark=1276 drop=0
[QUEUE_STATS] t_ms=17584 q_pkts=4 q_bytes=6016 qdelay_l_ms=1.07935 qdelay_c_ms=1.10201 ecn_mark=1276 drop=0
[QUEUE_STATS] t_ms=17600 q_pkts=2 q_bytes=3008 qdelay_l_ms=1.08355 qdelay_c_ms=1.09149 ecn_mark=1276 drop=0
[QUEUE_STATS] t_ms=17616 q_pkts=5 q_bytes=7520 qdelay_l_ms=1.05693 qdelay_c_ms=1.08726 ecn_mark=1277 drop=0
[QUEUE_STATS] t_ms=17632 q_pkts=0 q_bytes=0 qdelay_l_ms=0 qdelay_c_ms=0 ecn_mark=1277 drop=0
[QUEUE_STATS] t_ms=17648 q_pkts=0 q_bytes=0 qdelay_l_ms=0 qdelay_c_ms=0 ecn_mark=1278 drop=0
[QUEUE_STATS] t_ms=17664 q_pkts=3 q_bytes=4512 qdelay_l_ms=1.03694 qdelay_c_ms=1.04823 ecn_mark=1279 drop=0
[QUEUE_STATS] t_ms=17680 q_pkts=2 q_bytes=3008 qdelay_l_ms=1.0781 qdelay_c_ms=0 ecn_mark=1280 drop=0
[QUEUE_STATS] t_ms=17696 q_pkts=1 q_bytes=1504 qdelay_l_ms=0 qdelay_c_ms=1.04959 ecn_mark=1281 drop=0
[QUEUE_STATS] t_ms=17712 q_pkts=0 q_bytes=0 qdelay_l_ms=0 qdelay_c_ms=0 ecn_mark=1281 drop=0
[QUEUE_STATS] t_ms=17728 q_pkts=1 q_bytes=1504 qdelay_l_ms=1.06417 qdelay_c_ms=0 ecn_mark=1281 drop=0
[QUEUE_STATS] t_ms=17744 q_pkts=3 q_bytes=4512 qdelay_l_ms=1.07639 qdelay_c_ms=1.09679 ecn_mark=1281 drop=0
[QUEUE_STATS] t_ms=17760 q_pkts=5 q_bytes=7520 qdelay_l_ms=1.05554 qdelay_c_ms=1.08359 ecn_mark=1281 drop=0
[QUEUE_STATS] t_ms=17777 q_pkts=2 q_bytes=3008 qdelay_l_ms=1.07526 qdelay_c_ms=2.12595 ecn_mark=1282 drop=0
[QUEUE_STATS] t_ms=17793 q_pkts=3 q_bytes=4512 qdelay_l_ms=1.08051 qdelay_c_ms=1.09045 ecn_mark=1284 drop=0
[QUEUE_STATS] t_ms=17808 q_pkts=5 q_bytes=7520 qdelay_l_ms=1.10145 qdelay_c_ms=1.09442 ecn_mark=1285 drop=0
[QUEUE_STATS] t_ms=17824 q_pkts=2 q_bytes=3008 qdelay_l_ms=1.04669 qdelay_c_ms=0 ecn_mark=1286 drop=0
[QUEUE_STATS] t_ms=17840 q_pkts=3 q_bytes=4512 qdelay_l_ms=1.04239 qdelay_c_ms=1.06443 ecn_mark=1288 drop=0
[QUEUE_STATS] t_ms=17856 q_pkts=5 q_bytes=7520 qdelay_l_ms=1.10139 qdelay_c_ms=1.08606 ecn_mark=1290 drop=0
[QUEUE_STATS] t_ms=17872 q_pkts=3 q_bytes=4512 qdelay_l_ms=1.07746 qdelay_c_ms=1.10094 ecn_mark=1290 drop=0
[QUEUE_STATS] t_ms=17888 q_pkts=3 q_bytes=4512 qdelay_l_ms=1.04333 qdelay_c_ms=2.08755 ecn_mark=1292 drop=0
[QUEUE_STATS] t_ms=17904 q_pkts=3 q_bytes=4512 qdelay_l_ms=1.05587 qdelay_c_ms=1.0679 ecn_mark=1292 drop=0
[QUEUE_STATS] t_ms=17921 q_pkts=3 q_bytes=4512 qdelay_l_ms=1.03943 qdelay_c_ms=1.03386 ecn_mark=1292 drop=0
[QUEUE_STATS] t_ms=17936 q_pkts=4 q_bytes=6016 qdelay_l_ms=1.08412 qdelay_c_ms=1.07734 ecn_mark=1293 drop=0
[QUEUE_STATS] t_ms=17952 q_pkts=5 q_bytes=7520 qdelay_l_ms=1.08031 qdelay_c_ms=1.07474 ecn_mark=1293 drop=0
[QUEUE_STATS] t_ms=17968 q_pkts=2 q_bytes=3008 qdelay_l_ms=1.04312 qdelay_c_ms=0 ecn_mark=1296 drop=0
[QUEUE_STATS] t_ms=17984 q_pkts=3 q_bytes=4512 qdelay_l_ms=1.08868 qdelay_c_ms=1.0821 ecn_mark=1297 drop=0
[QUEUE_STATS] t_ms=18000 q_pkts=3 q_bytes=4512 qdelay_l_ms=1.06676 qdelay_c_ms=1.06147 ecn_mark=1298 drop=0
[QUEUE_STATS] t_ms=18016 q_pkts=4 q_bytes=6016 qdelay_l_ms=1.02147 qdelay_c_ms=1.03208 ecn_mark=1299 drop=0
[QUEUE_STATS] t_ms=18032 q_pkts=4 q_bytes=6016 qdelay_l_ms=1.06976 qdelay_c_ms=1.06319 ecn_mark=1299 drop=0
[QUEUE_STATS] t_ms=18048 q_pkts=2 q_bytes=3008 qdelay_l_ms=1.06204 qdelay_c_ms=0 ecn_mark=1299 drop=0
[QUEUE_STATS] t_ms=18064 q_pkts=3 q_bytes=4512 qdelay_l_ms=1.0476 qdelay_c_ms=1.04257 ecn_mark=1301 drop=0
[QUEUE_STATS] t_ms=18080 q_pkts=0 q_bytes=0 qdelay_l_ms=0 qdelay_c_ms=0 ecn_mark=1302 drop=0
[QUEUE_STATS] t_ms=18096 q_pkts=5 q_bytes=7520 qdelay_l_ms=1.06237 qdelay_c_ms=1.05648 ecn_mark=1302 drop=0
[QUEUE_STATS] t_ms=18112 q_pkts=3 q_bytes=4512 qdelay_l_ms=0.732026 qdelay_c_ms=0.725554 ecn_mark=1302 drop=0
[QUEUE_STATS] t_ms=18128 q_pkts=4 q_bytes=6016 qdelay_l_ms=1.08064 qdelay_c_ms=1.07504 ecn_mark=1304 drop=0
[QUEUE_STATS] t_ms=18144 q_pkts=2 q_bytes=3008 qdelay_l_ms=1.06695 qdelay_c_ms=0 ecn_mark=1304 drop=0
[QUEUE_STATS] t_ms=18160 q_pkts=3 q_bytes=4512 qdelay_l_ms=1.09984 qdelay_c_ms=1.09269 ecn_mark=1305 drop=0
[QUEUE_STATS] t_ms=18176 q_pkts=3 q_bytes=4512 qdelay_l_ms=1.07534 qdelay_c_ms=1.08641 ecn_mark=1306 drop=0
[QUEUE_STATS] t_ms=18192 q_pkts=4 q_bytes=6016 qdelay_l_ms=0.734681 qdelay_c_ms=0.729171 ecn_mark=1307 drop=0
[QUEUE_STATS] t_ms=18208 q_pkts=1 q_bytes=1504 qdelay_l_ms=1.06072 qdelay_c_ms=0 ecn_mark=1307 drop=0
[QUEUE_STATS] t_ms=18224 q_pkts=3 q_bytes=4512 qdelay_l_ms=1.07352 qdelay_c_ms=2.1524 ecn_mark=1308 drop=0
[QUEUE_STATS] t_ms=18240 q_pkts=5 q_bytes=7520 qdelay_l_ms=1.1046 qdelay_c_ms=1.0991 ecn_mark=1310 drop=0
[QUEUE_STATS] t_ms=18256 q_pkts=4 q_bytes=6016 qdelay_l_ms=0.755961 qdelay_c_ms=1.81996 ecn_mark=1311 drop=0
[QUEUE_STATS] t_ms=18272 q_pkts=4 q_bytes=6016 qdelay_l_ms=1.05348 qdelay_c_ms=1.04817 ecn_mark=1311 drop=0
[QUEUE_STATS] t_ms=18288 q_pkts=3 q_bytes=4512 qdelay_l_ms=1.07985 qdelay_c_ms=2.13092 ecn_mark=1312 drop=0
[QUEUE_STATS] t_ms=18304 q_pkts=3 q_bytes=4512 qdelay_l_ms=1.07672 qdelay_c_ms=1.07033 ecn_mark=1314 drop=0
[QUEUE_STATS] t_ms=18320 q_pkts=5 q_bytes=7520 qdelay_l_ms=1.02671 qdelay_c_ms=2.15886 ecn_mark=1314 drop=0
[QUEUE_STATS] t_ms=18336 q_pkts=3 q_bytes=4512 qdelay_l_ms=0.722608 qdelay_c_ms=0.717308 ecn_mark=1317 drop=0
[QUEUE_STATS] t_ms=18352 q_pkts=1 q_bytes=1504 qdelay_l_ms=1.03012 qdelay_c_ms=0 ecn_mark=1321 drop=0
[QUEUE_STATS] t_ms=18368 q_pkts=2 q_bytes=3008 qdelay_l_ms=0 qdelay_c_ms=1.07061 ecn_mark=1321 drop=0
[QUEUE_STATS] t_ms=18384 q_pkts=3 q_bytes=4512 qdelay_l_ms=1.06782 qdelay_c_ms=1.7473 ecn_mark=1321 drop=0
[QUEUE_STATS] t_ms=18400 q_pkts=3 q_bytes=4512 qdelay_l_ms=1.06241 qdelay_c_ms=1.08733 ecn_mark=1323 drop=0
[QUEUE_STATS] t_ms=18416 q_pkts=1 q_bytes=1504 qdelay_l_ms=1.07526 qdelay_c_ms=0 ecn_mark=1324 drop=0
[QUEUE_STATS] t_ms=18432 q_pkts=4 q_bytes=6016 qdelay_l_ms=1.03908 qdelay_c_ms=1.03374 ecn_mark=1326 drop=0
[QUEUE_STATS] t_ms=18448 q_pkts=4 q_bytes=6016 qdelay_l_ms=1.09669 qdelay_c_ms=1.08903 ecn_mark=1327 drop=0
[QUEUE_STATS] t_ms=18465 q_pkts=6 q_bytes=9024 qdelay_l_ms=1.08655 qdelay_c_ms=2.11462 ecn_mark=1328 drop=0
[QUEUE_STATS] t_ms=18480 q_pkts=4 q_bytes=6016 qdelay_l_ms=0.733439 qdelay_c_ms=0.726616 ecn_mark=1329 drop=0
[QUEUE_STATS] t_ms=18496 q_pkts=1 q_bytes=1504 qdelay_l_ms=0 qdelay_c_ms=0.014407 ecn_mark=1329 drop=0
[QUEUE_STATS] t_ms=18512 q_pkts=5 q_bytes=7520 qdelay_l_ms=1.07686 qdelay_c_ms=2.20134 ecn_mark=1329 drop=0
[QUEUE_STATS] t_ms=18528 q_pkts=5 q_bytes=7520 qdelay_l_ms=0.032702 qdelay_c_ms=0.027923 ecn_mark=1329 drop=0
[QUEUE_STATS] t_ms=18544 q_pkts=1 q_bytes=1504 qdelay_l_ms=1.09162 qdelay_c_ms=0 ecn_mark=1331 drop=0
[QUEUE_STATS] t_ms=18560 q_pkts=3 q_bytes=4512 qdelay_l_ms=1.06543 qdelay_c_ms=1.08372 ecn_mark=1331 drop=0
[QUEUE_STATS] t_ms=18576 q_pkts=3 q_bytes=4512 qdelay_l_ms=1.09729 qdelay_c_ms=1.09091 ecn_mark=1334 drop=0
[QUEUE_STATS] t_ms=18593 q_pkts=3 q_bytes=4512 qdelay_l_ms=1.05739 qdelay_c_ms=1.06792 ecn_mark=1336 drop=0
[QUEUE_STATS] t_ms=18608 q_pkts=0 q_bytes=0 qdelay_l_ms=0 qdelay_c_ms=0 ecn_mark=1336 drop=0
[QUEUE_STATS] t_ms=18624 q_pkts=2 q_bytes=3008 qdelay_l_ms=1.03245 qdelay_c_ms=0 ecn_mark=1336 drop=0
[QUEUE_STATS] t_ms=18640 q_pkts=3 q_bytes=4512 qdelay_l_ms=1.03065 qdelay_c_ms=1.02507 ecn_mark=1338 drop=0
[QUEUE_STATS] t_ms=18657 q_pkts=6 q_bytes=9024 qdelay_l_ms=1.07355 qdelay_c_ms=1.06706 ecn_mark=1338 drop=0
[QUEUE_STATS] t_ms=18672 q_pkts=4 q_bytes=6016 qdelay_l_ms=1.04438 qdelay_c_ms=1.037 ecn_mark=1338 drop=0
[QUEUE_STATS] t_ms=18688 q_pkts=3 q_bytes=4512 qdelay_l_ms=0.96295 qdelay_c_ms=0.957851 ecn_mark=1338 drop=0
[QUEUE_STATS] t_ms=18704 q_pkts=3 q_bytes=4512 qdelay_l_ms=1.05654 qdelay_c_ms=2.16947 ecn_mark=1341 drop=0
[QUEUE_STATS] t_ms=18720 q_pkts=1 q_bytes=1504 qdelay_l_ms=0 qdelay_c_ms=1.12787 ecn_mark=1341 drop=0
[QUEUE_STATS] t_ms=18736 q_pkts=0 q_bytes=0 qdelay_l_ms=0 qdelay_c_ms=0 ecn_mark=1342 drop=0
[QUEUE_STATS] t_ms=18752 q_pkts=4 q_bytes=6016 qdelay_l_ms=0.966286 qdelay_c_ms=0.961337 ecn_mark=1342 drop=0
[QUEUE_STATS] t_ms=18768 q_pkts=3 q_bytes=4512 qdelay_l_ms=1.03809 qdelay_c_ms=1.06147 ecn_mark=1343 drop=0
[QUEUE_STATS] t_ms=18784 q_pkts=7 q_bytes=10528 qdelay_l_ms=1.09483 qdelay_c_ms=2.13541 ecn_mark=1343 drop=0
[QUEUE_STATS] t_ms=18800 q_pkts=4 q_bytes=6016 qdelay_l_ms=1.08446 qdelay_c_ms=1.0791 ecn_mark=1345 drop=0
[QUEUE_STATS] t_ms=18816 q_pkts=4 q_bytes=6016 qdelay_l_ms=0.949073 qdelay_c_ms=0.941078 ecn_mark=1345 drop=0
[QUEUE_STATS] t_ms=18832 q_pkts=3 q_bytes=4512 qdelay_l_ms=1.04861 qdelay_c_ms=1.04166 ecn_mark=1346 drop=0
[QUEUE_STATS] t_ms=18849 q_pkts=3 q_bytes=4512 qdelay_l_ms=1.08729 qdelay_c_ms=1.07995 ecn_mark=1347 drop=0
[QUEUE_STATS] t_ms=18864 q_pkts=4 q_bytes=6016 qdelay_l_ms=1.04275 qdelay_c_ms=1.03665 ecn_mark=1347 drop=0
[QUEUE_STATS] t_ms=18880 q_pkts=1 q_bytes=1504 qdelay_l_ms=1.01836 qdelay_c_ms=0 ecn_mark=1347 drop=0
[QUEUE_STATS] t_ms=18896 q_pkts=3 q_bytes=4512 qdelay_l_ms=1.06381 qdelay_c_ms=2.17285 ecn_mark=1348 drop=0
[QUEUE_STATS] t_ms=18912 q_pkts=6 q_bytes=9024 qdelay_l_ms=1.05553 qdelay_c_ms=2.15388 ecn_mark=1349 drop=0
[QUEUE_STATS] t_ms=18928 q_pkts=3 q_bytes=4512 qdelay_l_ms=1.07707 qdelay_c_ms=1.1013 ecn_mark=1350 drop=0
[QUEUE_STATS] t_ms=18944 q_pkts=5 q_bytes=7520 qdelay_l_ms=1.08709 qdelay_c_ms=2.12809 ecn_mark=1352 drop=0
[QUEUE_STATS] t_ms=18960 q_pkts=4 q_bytes=6016 qdelay_l_ms=1.0743 qdelay_c_ms=1.06864 ecn_mark=1352 drop=0
[QUEUE_STATS] t_ms=18976 q_pkts=2 q_bytes=3008 qdelay_l_ms=0 qdelay_c_ms=2.05503 ecn_mark=1353 drop=0
[QUEUE_STATS] t_ms=18992 q_pkts=4 q_bytes=6016 qdelay_l_ms=1.07686 qdelay_c_ms=1.07133 ecn_mark=1353 drop=0
[QUEUE_STATS] t_ms=19008 q_pkts=3 q_bytes=4512 qdelay_l_ms=1.09635 qdelay_c_ms=1.08652 ecn_mark=1356 drop=0
[QUEUE_STATS] t_ms=19024 q_pkts=1 q_bytes=1504 qdelay_l_ms=0 qdelay_c_ms=0.013225 ecn_mark=1356 drop=0
[QUEUE_STATS] t_ms=19040 q_pkts=5 q_bytes=7520 qdelay_l_ms=1.07878 qdelay_c_ms=2.14529 ecn_mark=1358 drop=0
[QUEUE_STATS] t_ms=19056 q_pkts=4 q_bytes=6016 qdelay_l_ms=1.09177 qdelay_c_ms=1.08528 ecn_mark=1358 drop=0
[QUEUE_STATS] t_ms=19072 q_pkts=4 q_bytes=6016 qdelay_l_ms=1.09198 qdelay_c_ms=2.04489 ecn_mark=1358 drop=0
[QUEUE_STATS] t_ms=19088 q_pkts=5 q_bytes=7520 qdelay_l_ms=1.0869 qdelay_c_ms=1.08012 ecn_mark=1359 drop=0
[QUEUE_STATS] t_ms=19105 q_pkts=4 q_bytes=6016 qdelay_l_ms=1.06293 qdelay_c_ms=2.18201 ecn_mark=1359 drop=0
[QUEUE_STATS] t_ms=19120 q_pkts=4 q_bytes=6016 qdelay_l_ms=0.964572 qdelay_c_ms=0.958942 ecn_mark=1361 drop=0
[QUEUE_STATS] t_ms=19136 q_pkts=0 q_bytes=0 qdelay_l_ms=0 qdelay_c_ms=0 ecn_mark=1363 drop=0
[QUEUE_STATS] t_ms=19152 q_pkts=4 q_bytes=6016 qdelay_l_ms=1.08847 qdelay_c_ms=2.14829 ecn_mark=1363 drop=0
[QUEUE_STATS] t_ms=19168 q_pkts=2 q_bytes=3008 qdelay_l_ms=0.044664 qdelay_c_ms=0.033944 ecn_mark=1364 drop=0
[QUEUE_STATS] t_ms=19184 q_pkts=4 q_bytes=6016 qdelay_l_ms=1.0922 qdelay_c_ms=1.08733 ecn_mark=1365 drop=0
[QUEUE_STATS] t_ms=19200 q_pkts=3 q_bytes=4512 qdelay_l_ms=1.08606 qdelay_c_ms=1.0808 ecn_mark=1368 drop=0
[QUEUE_STATS] t_ms=19216 q_pkts=5 q_bytes=7520 qdelay_l_ms=1.0733 qdelay_c_ms=1.06772 ecn_mark=1368 drop=0
[QUEUE_STATS] t_ms=19232 q_pkts=7 q_bytes=10528 qdelay_l_ms=0.942662 qdelay_c_ms=2.0754 ecn_mark=1369 drop=0
[QUEUE_STATS] t_ms=19248 q_pkts=3 q_bytes=4512 qdelay_l_ms=1.07374 qdelay_c_ms=1.09752 ecn_mark=1369 drop=0
[QUEUE_STATS] t_ms=19264 q_pkts=2 q_bytes=3008 qdelay_l_ms=0 qdelay_c_ms=1.08825 ecn_mark=1369 drop=0
[QUEUE_STATS] t_ms=19280 q_pkts=4 q_bytes=6016 qdelay_l_ms=1.02827 qdelay_c_ms=1.04752 ecn_mark=1369 drop=0
[QUEUE_STATS] t_ms=19296 q_pkts=5 q_bytes=7520 qdelay_l_ms=1.03946 qdelay_c_ms=2.15259 ecn_mark=1370 drop=0
[QUEUE_STATS] t_ms=19312 q_pkts=4 q_bytes=6016 qdelay_l_ms=1.10096 qdelay_c_ms=1.09267 ecn_mark=1370 drop=0
[QUEUE_STATS] t_ms=19328 q_pkts=3 q_bytes=4512 qdelay_l_ms=1.07508 qdelay_c_ms=1.09804 ecn_mark=1370 drop=0
[QUEUE_STATS] t_ms=19344 q_pkts=4 q_bytes=6016 qdelay_l_ms=1.06967 qdelay_c_ms=2.10239 ecn_mark=1370 drop=0
[QUEUE_STATS] t_ms=19360 q_pkts=4 q_bytes=6016 qdelay_l_ms=1.10281 qdelay_c_ms=1.0958 ecn_mark=1370 drop=0
[QUEUE_STATS] t_ms=19376 q_pkts=2 q_bytes=3008 qdelay_l_ms=0 qdelay_c_ms=0.032341 ecn_mark=1371 drop=0
[QUEUE_STATS] t_ms=19392 q_pkts=3 q_bytes=4512 qdelay_l_ms=1.02012 qdelay_c_ms=1.04297 ecn_mark=1372 drop=0
[QUEUE_STATS] t_ms=19408 q_pkts=4 q_bytes=6016 qdelay_l_ms=1.08626 qdelay_c_ms=1.07191 ecn_mark=1374 drop=0
[QUEUE_STATS] t_ms=19424 q_pkts=5 q_bytes=7520 qdelay_l_ms=0.902427 qdelay_c_ms=1.999 ecn_mark=1375 drop=0
[QUEUE_STATS] t_ms=19440 q_pkts=3 q_bytes=4512 qdelay_l_ms=0 qdelay_c_ms=1.11723 ecn_mark=1375 drop=0
[QUEUE_STATS] t_ms=19456 q_pkts=0 q_bytes=0 qdelay_l_ms=0 qdelay_c_ms=0 ecn_mark=1377 drop=0
[QUEUE_STATS] t_ms=19472 q_pkts=0 q_bytes=0 qdelay_l_ms=0 qdelay_c_ms=0 ecn_mark=1377 drop=0
[QUEUE_STATS] t_ms=19488 q_pkts=4 q_bytes=6016 qdelay_l_ms=1.07688 qdelay_c_ms=2.01384 ecn_mark=1380 drop=0
[QUEUE_STATS] t_ms=19504 q_pkts=5 q_bytes=7520 qdelay_l_ms=1.11167 qdelay_c_ms=1.10467 ecn_mark=1381 drop=0
[QUEUE_STATS] t_ms=19520 q_pkts=4 q_bytes=6016 qdelay_l_ms=1.05677 qdelay_c_ms=1.04878 ecn_mark=1381 drop=0
[QUEUE_STATS] t_ms=19536 q_pkts=3 q_bytes=4512 qdelay_l_ms=1.07583 qdelay_c_ms=2.07604 ecn_mark=1383 drop=0
[QUEUE_STATS] t_ms=19552 q_pkts=3 q_bytes=4512 qdelay_l_ms=1.07625 qdelay_c_ms=1.0687 ecn_mark=1383 drop=0
[QUEUE_STATS] t_ms=19569 q_pkts=7 q_bytes=10528 qdelay_l_ms=1.10257 qdelay_c_ms=2.15854 ecn_mark=1383 drop=0
[QUEUE_STATS] t_ms=19584 q_pkts=4 q_bytes=6016 qdelay_l_ms=1.07777 qdelay_c_ms=1.07072 ecn_mark=1386 drop=0
[QUEUE_STATS] t_ms=19600 q_pkts=4 q_bytes=6016 qdelay_l_ms=1.08899 qdelay_c_ms=1.083 ecn_mark=1386 drop=0
[QUEUE_STATS] t_ms=19616 q_pkts=6 q_bytes=9024 qdelay_l_ms=0.910591 qdelay_c_ms=2.01865 ecn_mark=1386 drop=0
[QUEUE_STATS] t_ms=19632 q_pkts=3 q_bytes=4512 qdelay_l_ms=1.01569 qdelay_c_ms=1.02596 ecn_mark=1386 drop=0
[QUEUE_STATS] t_ms=19648 q_pkts=3 q_bytes=4512 qdelay_l_ms=1.07211 qdelay_c_ms=2.06625 ecn_mark=1387 drop=0
[QUEUE_STATS] t_ms=19664 q_pkts=4 q_bytes=6016 qdelay_l_ms=1.10052 qdelay_c_ms=1.09444 ecn_mark=1387 drop=0
[QUEUE_STATS] t_ms=19680 q_pkts=5 q_bytes=7520 qdelay_l_ms=1.0779 qdelay_c_ms=2.19919 ecn_mark=1387 drop=0
[QUEUE_STATS] t_ms=19696 q_pkts=6 q_bytes=9024 qdelay_l_ms=1.01916 qdelay_c_ms=2.09678 ecn_mark=1388 drop=0
[QUEUE_STATS] t_ms=19712 q_pkts=3 q_bytes=4512 qdelay_l_ms=1.05252 qdelay_c_ms=1.04472 ecn_mark=1389 drop=0
[QUEUE_STATS] t_ms=19728 q_pkts=2 q_bytes=3008 qdelay_l_ms=0.880625 qdelay_c_ms=0 ecn_mark=1389 drop=0
[QUEUE_STATS] t_ms=19744 q_pkts=4 q_bytes=6016 qdelay_l_ms=0 qdelay_c_ms=1.12646 ecn_mark=1390 drop=0
[QUEUE_STATS] t_ms=19760 q_pkts=5 q_bytes=7520 qdelay_l_ms=1.11563 qdelay_c_ms=1.10395 ecn_mark=1391 drop=0
[QUEUE_STATS] t_ms=19776 q_pkts=5 q_bytes=7520 qdelay_l_ms=1.09307 qdelay_c_ms=1.0865 ecn_mark=1392 drop=0
[QUEUE_STATS] t_ms=19792 q_pkts=4 q_bytes=6016 qdelay_l_ms=1.03203 qdelay_c_ms=1.05226 ecn_mark=1394 drop=0
[QUEUE_STATS] t_ms=19808 q_pkts=4 q_bytes=6016 qdelay_l_ms=1.07659 qdelay_c_ms=1.92735 ecn_mark=1395 drop=0
[QUEUE_STATS] t_ms=19824 q_pkts=3 q_bytes=4512 qdelay_l_ms=1.07802 qdelay_c_ms=2.06296 ecn_mark=1396 drop=0
[QUEUE_STATS] t_ms=19840 q_pkts=3 q_bytes=4512 qdelay_l_ms=1.06511 qdelay_c_ms=1.07681 ecn_mark=1398 drop=0
[QUEUE_STATS] t_ms=19856 q_pkts=5 q_bytes=7520 qdelay_l_ms=1.05408 qdelay_c_ms=2.19252 ecn_mark=1399 drop=0
[QUEUE_STATS] t_ms=19872 q_pkts=5 q_bytes=7520 qdelay_l_ms=1.0764 qdelay_c_ms=2.20774 ecn_mark=1402 drop=0
[QUEUE_STATS] t_ms=19888 q_pkts=7 q_bytes=10528 qdelay_l_ms=1.00959 qdelay_c_ms=1.0574 ecn_mark=1403 drop=0
[QUEUE_STATS] t_ms=19904 q_pkts=5 q_bytes=7520 qdelay_l_ms=1.09303 qdelay_c_ms=1.08604 ecn_mark=1405 drop=0
[QUEUE_STATS] t_ms=19920 q_pkts=3 q_bytes=4512 qdelay_l_ms=0 qdelay_c_ms=1.97431 ecn_mark=1405 drop=0
[QUEUE_STATS] t_ms=19936 q_pkts=4 q_bytes=6016 qdelay_l_ms=1.07687 qdelay_c_ms=1.9742 ecn_mark=1407 drop=0
[QUEUE_STATS] t_ms=19952 q_pkts=4 q_bytes=6016 qdelay_l_ms=0.748547 qdelay_c_ms=0.741103 ecn_mark=1408 drop=0
[QUEUE_STATS] t_ms=19968 q_pkts=6 q_bytes=9024 qdelay_l_ms=1.0983 qdelay_c_ms=1.0917 ecn_mark=1409 drop=0
[QUEUE_STATS] t_ms=19984 q_pkts=4 q_bytes=6016 qdelay_l_ms=1.10143 qdelay_c_ms=1.09448 ecn_mark=1409 drop=0
[QUEUE_STATS] t_ms=20001 q_pkts=7 q_bytes=10528 qdelay_l_ms=1.10176 qdelay_c_ms=1.93506 ecn_mark=1410 drop=0
[QUEUE_STATS] t_ms=20016 q_pkts=3 q_bytes=4512 qdelay_l_ms=1.04533 qdelay_c_ms=1.0688 ecn_mark=1411 drop=0
[QUEUE_STATS] t_ms=20032 q_pkts=4 q_bytes=6016 qdelay_l_ms=1.08945 qdelay_c_ms=1.08332 ecn_mark=1412 drop=0
[QUEUE_STATS] t_ms=20048 q_pkts=5 q_bytes=7520 qdelay_l_ms=1.03353 qdelay_c_ms=1.06464 ecn_mark=1412 drop=0
[QUEUE_STATS] t_ms=20064 q_pkts=4 q_bytes=6016 qdelay_l_ms=1.07507 qdelay_c_ms=1.4573 ecn_mark=1413 drop=0
[QUEUE_STATS] t_ms=20080 q_pkts=4 q_bytes=6016 qdelay_l_ms=1.00049 qdelay_c_ms=2.07845 ecn_mark=1413 drop=0
[QUEUE_STATS] t_ms=20097 q_pkts=6 q_bytes=9024 qdelay_l_ms=1.07617 qdelay_c_ms=1.99976 ecn_mark=1416 drop=0
[QUEUE_STATS] t_ms=20112 q_pkts=3 q_bytes=4512 qdelay_l_ms=0.651214 qdelay_c_ms=0.675039 ecn_mark=1416 drop=0
[QUEUE_STATS] t_ms=20129 q_pkts=4 q_bytes=6016 qdelay_l_ms=1.11172 qdelay_c_ms=1.10423 ecn_mark=1416 drop=0
[QUEUE_STATS] t_ms=20144 q_pkts=6 q_bytes=9024 qdelay_l_ms=1.08595 qdelay_c_ms=1.08047 ecn_mark=1416 drop=0
[QUEUE_STATS] t_ms=20160 q_pkts=4 q_bytes=6016 qdelay_l_ms=1.04654 qdelay_c_ms=1.04028 ecn_mark=1417 drop=0
[QUEUE_STATS] t_ms=20176 q_pkts=5 q_bytes=7520 qdelay_l_ms=1.01619 qdelay_c_ms=1.0093 ecn_mark=1418 drop=0
[QUEUE_STATS] t_ms=20192 q_pkts=5 q_bytes=7520 qdelay_l_ms=1.0662 qdelay_c_ms=1.93375 ecn_mark=1419 drop=0
[QUEUE_STATS] t_ms=20208 q_pkts=4 q_bytes=6016 qdelay_l_ms=1.0605 qdelay_c_ms=2.16276 ecn_mark=1420 drop=0
[QUEUE_STATS] t_ms=20224 q_pkts=4 q_bytes=6016 qdelay_l_ms=1.03485 qdelay_c_ms=2.12913 ecn_mark=1421 drop=0
[QUEUE_STATS] t_ms=20240 q_pkts=6 q_bytes=9024 qdelay_l_ms=0.871819 qdelay_c_ms=0.866539 ecn_mark=1423 drop=0
[QUEUE_STATS] t_ms=20256 q_pkts=5 q_bytes=7520 qdelay_l_ms=1.09841 qdelay_c_ms=2.16379 ecn_mark=1423 drop=0
[QUEUE_STATS] t_ms=20273 q_pkts=5 q_bytes=7520 qdelay_l_ms=1.04865 qdelay_c_ms=1.06889 ecn_mark=1423 drop=0
[QUEUE_STATS] t_ms=20288 q_pkts=4 q_bytes=6016 qdelay_l_ms=1.08387 qdelay_c_ms=1.10282 ecn_mark=1424 drop=0
[QUEUE_STATS] t_ms=20304 q_pkts=5 q_bytes=7520 qdelay_l_ms=1.06723 qdelay_c_ms=2.16092 ecn_mark=1424 drop=0
[QUEUE_STATS] t_ms=20320 q_pkts=5 q_bytes=7520 qdelay_l_ms=1.08783 qdelay_c_ms=2.50663 ecn_mark=1425 drop=0
[QUEUE_STATS] t_ms=20336 q_pkts=4 q_bytes=6016 qdelay_l_ms=1.07017 qdelay_c_ms=1.0645 ecn_mark=1425 drop=0
[QUEUE_STATS] t_ms=20352 q_pkts=6 q_bytes=9024 qdelay_l_ms=1.09578 qdelay_c_ms=1.08914 ecn_mark=1426 drop=0
[QUEUE_STATS] t_ms=20368 q_pkts=5 q_bytes=7520 qdelay_l_ms=1.0658 qdelay_c_ms=2.10577 ecn_mark=1427 drop=0
[QUEUE_STATS] t_ms=20384 q_pkts=6 q_bytes=9024 qdelay_l_ms=1.10464 qdelay_c_ms=1.96302 ecn_mark=1427 drop=0
[QUEUE_STATS] t_ms=20400 q_pkts=5 q_bytes=7520 qdelay_l_ms=1.03333 qdelay_c_ms=1.06585 ecn_mark=1428 drop=0
[QUEUE_STATS] t_ms=20416 q_pkts=4 q_bytes=6016 qdelay_l_ms=1.10037 qdelay_c_ms=1.09406 ecn_mark=1428 drop=0
[QUEUE_STATS] t_ms=20432 q_pkts=5 q_bytes=7520 qdelay_l_ms=0.912936 qdelay_c_ms=0.907656 ecn_mark=1428 drop=0
[QUEUE_STATS] t_ms=20448 q_pkts=4 q_bytes=6016 qdelay_l_ms=1.08358 qdelay_c_ms=1.93819 ecn_mark=1431 drop=0
[QUEUE_STATS] t_ms=20465 q_pkts=4 q_bytes=6016 qdelay_l_ms=1.07716 qdelay_c_ms=1.07018 ecn_mark=1432 drop=0
[QUEUE_STATS] t_ms=20480 q_pkts=8 q_bytes=12032 qdelay_l_ms=1.10644 qdelay_c_ms=1.10033 ecn_mark=1433 drop=0
[QUEUE_STATS] t_ms=20496 q_pkts=6 q_bytes=9024 qdelay_l_ms=0.035196 qdelay_c_ms=1.1683 ecn_mark=1435 drop=0
[QUEUE_STATS] t_ms=20512 q_pkts=5 q_bytes=7520 qdelay_l_ms=1.06617 qdelay_c_ms=1.0589 ecn_mark=1436 drop=0
[QUEUE_STATS] t_ms=20528 q_pkts=3 q_bytes=4512 qdelay_l_ms=0 qdelay_c_ms=2.02072 ecn_mark=1437 drop=0
[QUEUE_STATS] t_ms=20544 q_pkts=4 q_bytes=6016 qdelay_l_ms=1.08717 qdelay_c_ms=1.96588 ecn_mark=1437 drop=0
[QUEUE_STATS] t_ms=20560 q_pkts=5 q_bytes=7520 qdelay_l_ms=1.09832 qdelay_c_ms=1.0908 ecn_mark=1437 drop=0
[QUEUE_STATS] t_ms=20576 q_pkts=6 q_bytes=9024 qdelay_l_ms=1.10754 qdelay_c_ms=1.95589 ecn_mark=1438 drop=0
[QUEUE_STATS] t_ms=20592 q_pkts=5 q_bytes=7520 qdelay_l_ms=0.878852 qdelay_c_ms=1.98667 ecn_mark=1439 drop=0
[QUEUE_STATS] t_ms=20608 q_pkts=4 q_bytes=6016 qdelay_l_ms=1.10231 qdelay_c_ms=1.09362 ecn_mark=1439 drop=0
[QUEUE_STATS] t_ms=20624 q_pkts=5 q_bytes=7520 qdelay_l_ms=1.07212 qdelay_c_ms=2.15471 ecn_mark=1439 drop=0
[QUEUE_STATS] t_ms=20640 q_pkts=5 q_bytes=7520 qdelay_l_ms=1.05591 qdelay_c_ms=2.1641 ecn_mark=1440 drop=0
[QUEUE_STATS] t_ms=20656 q_pkts=1 q_bytes=1504 qdelay_l_ms=0 qdelay_c_ms=1.10748 ecn_mark=1441 drop=0
[QUEUE_STATS] t_ms=20672 q_pkts=5 q_bytes=7520 qdelay_l_ms=1.06113 qdelay_c_ms=2.20964 ecn_mark=1442 drop=0
[QUEUE_STATS] t_ms=20688 q_pkts=5 q_bytes=7520 qdelay_l_ms=1.06467 qdelay_c_ms=2.10765 ecn_mark=1444 drop=0
[QUEUE_STATS] t_ms=20704 q_pkts=4 q_bytes=6016 qdelay_l_ms=1.06746 qdelay_c_ms=2.13143 ecn_mark=1444 drop=0
[QUEUE_STATS] t_ms=20720 q_pkts=5 q_bytes=7520 qdelay_l_ms=1.06691 qdelay_c_ms=2.16681 ecn_mark=1446 drop=0
[QUEUE_STATS] t_ms=20736 q_pkts=5 q_bytes=7520 qdelay_l_ms=0.849727 qdelay_c_ms=1.97294 ecn_mark=1447 drop=0
[QUEUE_STATS] t_ms=20752 q_pkts=4 q_bytes=6016 qdelay_l_ms=1.07065 qdelay_c_ms=2.12978 ecn_mark=1447 drop=0
[QUEUE_STATS] t_ms=20768 q_pkts=2 q_bytes=3008 qdelay_l_ms=0 qdelay_c_ms=1.09321 ecn_mark=1448 drop=0
[QUEUE_STATS] t_ms=20784 q_pkts=4 q_bytes=6016 qdelay_l_ms=1.01602 qdelay_c_ms=1.03132 ecn_mark=1449 drop=0
[QUEUE_STATS] t_ms=20800 q_pkts=4 q_bytes=6016 qdelay_l_ms=1.09867 qdelay_c_ms=1.09171 ecn_mark=1450 drop=0
[QUEUE_STATS] t_ms=20816 q_pkts=5 q_bytes=7520 qdelay_l_ms=0.996593 qdelay_c_ms=2.06972 ecn_mark=1451 drop=0
[QUEUE_STATS] t_ms=20832 q_pkts=3 q_bytes=4512 qdelay_l_ms=0.033674 qdelay_c_ms=0.027131 ecn_mark=1451 drop=0
[QUEUE_STATS] t_ms=20848 q_pkts=4 q_bytes=6016 qdelay_l_ms=1.08513 qdelay_c_ms=1.88458 ecn_mark=1452 drop=0
[QUEUE_STATS] t_ms=20864 q_pkts=5 q_bytes=7520 qdelay_l_ms=1.06349 qdelay_c_ms=2.15409 ecn_mark=1453 drop=0
[QUEUE_STATS] t_ms=20880 q_pkts=5 q_bytes=7520 qdelay_l_ms=1.09821 qdelay_c_ms=2.08232 ecn_mark=1454 drop=0
[QUEUE_STATS] t_ms=20896 q_pkts=4 q_bytes=6016 qdelay_l_ms=1.07 qdelay_c_ms=1.06478 ecn_mark=1455 drop=0
[QUEUE_STATS] t_ms=20912 q_pkts=5 q_bytes=7520 qdelay_l_ms=1.08886 qdelay_c_ms=2.1223 ecn_mark=1456 drop=0
[QUEUE_STATS] t_ms=20928 q_pkts=7 q_bytes=10528 qdelay_l_ms=1.06143 qdelay_c_ms=2.03433 ecn_mark=1457 drop=0
[QUEUE_STATS] t_ms=20944 q_pkts=5 q_bytes=7520 qdelay_l_ms=0.855778 qdelay_c_ms=0.850879 ecn_mark=1458 drop=0
[QUEUE_STATS] t_ms=20960 q_pkts=4 q_bytes=6016 qdelay_l_ms=0.998617 qdelay_c_ms=2.06387 ecn_mark=1458 drop=0
[QUEUE_STATS] t_ms=20976 q_pkts=7 q_bytes=10528 qdelay_l_ms=1.10205 qdelay_c_ms=1.49357 ecn_mark=1458 drop=0
[QUEUE_STATS] t_ms=20992 q_pkts=4 q_bytes=6016 qdelay_l_ms=1.04708 qdelay_c_ms=2.01947 ecn_mark=1459 drop=0
[QUEUE_STATS] t_ms=21008 q_pkts=5 q_bytes=7520 qdelay_l_ms=1.07533 qdelay_c_ms=2.09904 ecn_mark=1460 drop=0
[QUEUE_STATS] t_ms=21024 q_pkts=8 q_bytes=12032 qdelay_l_ms=1.02692 qdelay_c_ms=2.0667 ecn_mark=1461 drop=0
[QUEUE_STATS] t_ms=21040 q_pkts=2 q_bytes=3008 qdelay_l_ms=0 qdelay_c_ms=1.11901 ecn_mark=1462 drop=0
[QUEUE_STATS] t_ms=21056 q_pkts=5 q_bytes=7520 qdelay_l_ms=1.10353 qdelay_c_ms=1.09638 ecn_mark=1462 drop=0
[QUEUE_STATS] t_ms=21072 q_pkts=4 q_bytes=6016 qdelay_l_ms=0.029676 qdelay_c_ms=1.08528 ecn_mark=1463 drop=0
[QUEUE_STATS] t_ms=21088 q_pkts=4 q_bytes=6016 qdelay_l_ms=0.018034 qdelay_c_ms=1.9562 ecn_mark=1463 drop=0
[QUEUE_STATS] t_ms=21104 q_pkts=6 q_bytes=9024 qdelay_l_ms=1.08295 qdelay_c_ms=2.19117 ecn_mark=1463 drop=0
[QUEUE_STATS] t_ms=21120 q_pkts=8 q_bytes=12032 qdelay_l_ms=1.05988 qdelay_c_ms=2.15395 ecn_mark=1464 drop=0
[QUEUE_STATS] t_ms=21136 q_pkts=8 q_bytes=12032 qdelay_l_ms=1.10033 qdelay_c_ms=2.74032 ecn_mark=1464 drop=0
[QUEUE_STATS] t_ms=21152 q_pkts=7 q_bytes=10528 qdelay_l_ms=1.08557 qdelay_c_ms=2.15092 ecn_mark=1465 drop=0
[QUEUE_STATS] t_ms=21168 q_pkts=6 q_bytes=9024 qdelay_l_ms=1.0738 qdelay_c_ms=2.04966 ecn_mark=1468 drop=0
[QUEUE_STATS] t_ms=21184 q_pkts=6 q_bytes=9024 qdelay_l_ms=1.07542 qdelay_c_ms=2.13866 ecn_mark=1470 drop=0
[QUEUE_STATS] t_ms=21200 q_pkts=8 q_bytes=12032 qdelay_l_ms=0.981525 qdelay_c_ms=2.0561 ecn_mark=1470 drop=0
[QUEUE_STATS] t_ms=21216 q_pkts=5 q_bytes=7520 qdelay_l_ms=1.0785 qdelay_c_ms=2.14769 ecn_mark=1471 drop=0
[QUEUE_STATS] t_ms=21232 q_pkts=6 q_bytes=9024 qdelay_l_ms=1.09816 qdelay_c_ms=2.12427 ecn_mark=1471 drop=0
[QUEUE_STATS] t_ms=21248 q_pkts=8 q_bytes=12032 qdelay_l_ms=1.08597 qdelay_c_ms=2.21092 ecn_mark=1471 drop=0
[QUEUE_STATS] t_ms=21264 q_pkts=6 q_bytes=9024 qdelay_l_ms=1.09774 qdelay_c_ms=2.16495 ecn_mark=1471 drop=0
[QUEUE_STATS] t_ms=21280 q_pkts=9 q_bytes=13536 qdelay_l_ms=1.06695 qdelay_c_ms=2.1824 ecn_mark=1472 drop=0
[QUEUE_STATS] t_ms=21296 q_pkts=8 q_bytes=12032 qdelay_l_ms=1.06516 qdelay_c_ms=3.24884 ecn_mark=1474 drop=0
[QUEUE_STATS] t_ms=21313 q_pkts=8 q_bytes=12032 qdelay_l_ms=1.09245 qdelay_c_ms=3.12004 ecn_mark=1474 drop=0
[QUEUE_STATS] t_ms=21328 q_pkts=8 q_bytes=12032 qdelay_l_ms=1.09044 qdelay_c_ms=2.97717 ecn_mark=1475 drop=0
[QUEUE_STATS] t_ms=21344 q_pkts=8 q_bytes=12032 qdelay_l_ms=1.10314 qdelay_c_ms=3.1383 ecn_mark=1475 drop=0
[QUEUE_STATS] t_ms=21360 q_pkts=8 q_bytes=12032 qdelay_l_ms=0.97343 qdelay_c_ms=2.13868 ecn_mark=1476 drop=0
[QUEUE_STATS] t_ms=21376 q_pkts=8 q_bytes=12032 qdelay_l_ms=1.06468 qdelay_c_ms=3.25993 ecn_mark=1476 drop=0
[QUEUE_STATS] t_ms=21392 q_pkts=8 q_bytes=12032 qdelay_l_ms=1.10719 qdelay_c_ms=2.99596 ecn_mark=1478 drop=0
[QUEUE_STATS] t_ms=21409 q_pkts=10 q_bytes=15040 qdelay_l_ms=1.0438 qdelay_c_ms=3.27307 ecn_mark=1479 drop=0
[QUEUE_STATS] t_ms=21424 q_pkts=8 q_bytes=12032 qdelay_l_ms=0 qdelay_c_ms=2.67232 ecn_mark=1480 drop=0
[QUEUE_STATS] t_ms=21440 q_pkts=10 q_bytes=15040 qdelay_l_ms=0.93147 qdelay_c_ms=3.88808 ecn_mark=1480 drop=0
[QUEUE_STATS] t_ms=21457 q_pkts=10 q_bytes=15040 qdelay_l_ms=1.08536 qdelay_c_ms=3.28548 ecn_mark=1480 drop=0
[QUEUE_STATS] t_ms=21472 q_pkts=11 q_bytes=16544 qdelay_l_ms=1.06205 qdelay_c_ms=3.78736 ecn_mark=1480 drop=0
[QUEUE_STATS] t_ms=21488 q_pkts=11 q_bytes=16544 qdelay_l_ms=1.10834 qdelay_c_ms=4.19552 ecn_mark=1482 drop=0
[QUEUE_STATS] t_ms=21504 q_pkts=11 q_bytes=16544 qdelay_l_ms=1.07042 qdelay_c_ms=3.28777 ecn_mark=1483 drop=0
[QUEUE_STATS] t_ms=21520 q_pkts=7 q_bytes=10528 qdelay_l_ms=0 qdelay_c_ms=2.0922 ecn_mark=1483 drop=0
[QUEUE_STATS] t_ms=21536 q_pkts=11 q_bytes=16544 qdelay_l_ms=1.05195 qdelay_c_ms=5.26864 ecn_mark=1484 drop=0
[QUEUE_STATS] t_ms=21552 q_pkts=12 q_bytes=18048 qdelay_l_ms=1.07725 qdelay_c_ms=4.22134 ecn_mark=1484 drop=0
[QUEUE_STATS] t_ms=21568 q_pkts=7 q_bytes=10528 qdelay_l_ms=0 qdelay_c_ms=3.14888 ecn_mark=1484 drop=0
[QUEUE_STATS] t_ms=21584 q_pkts=9 q_bytes=13536 qdelay_l_ms=0.030768 qdelay_c_ms=2.97342 ecn_mark=1484 drop=0
[QUEUE_STATS] t_ms=21600 q_pkts=13 q_bytes=19552 qdelay_l_ms=1.04162 qdelay_c_ms=4.07101 ecn_mark=1485 drop=0
[QUEUE_STATS] t_ms=21617 q_pkts=14 q_bytes=21056 qdelay_l_ms=1.12176 qdelay_c_ms=5.07103 ecn_mark=1486 drop=0
[QUEUE_STATS] t_ms=21632 q_pkts=14 q_bytes=21056 qdelay_l_ms=1.07182 qdelay_c_ms=5.18896 ecn_mark=1488 drop=0
[QUEUE_STATS] t_ms=21648 q_pkts=14 q_bytes=21056 qdelay_l_ms=1.0625 qdelay_c_ms=4.99021 ecn_mark=1489 drop=0
[QUEUE_STATS] t_ms=21664 q_pkts=13 q_bytes=19552 qdelay_l_ms=1.06429 qdelay_c_ms=5.26549 ecn_mark=1489 drop=0
[QUEUE_STATS] t_ms=21680 q_pkts=14 q_bytes=21056 qdelay_l_ms=1.10721 qdelay_c_ms=5.45673 ecn_mark=1492 drop=0
[QUEUE_STATS] t_ms=21696 q_pkts=14 q_bytes=21056 qdelay_l_ms=1.10922 qdelay_c_ms=5.15759 ecn_mark=1492 drop=0
[QUEUE_STATS] t_ms=21713 q_pkts=15 q_bytes=22560 qdelay_l_ms=1.08234 qdelay_c_ms=5.26064 ecn_mark=1493 drop=0
[QUEUE_STATS] t_ms=21728 q_pkts=14 q_bytes=21056 qdelay_l_ms=1.04779 qdelay_c_ms=6.5063 ecn_mark=1495 drop=0
[QUEUE_STATS] t_ms=21744 q_pkts=18 q_bytes=27072 qdelay_l_ms=0.933665 qdelay_c_ms=4.68514 ecn_mark=1495 drop=0
[QUEUE_STATS] t_ms=21761 q_pkts=16 q_bytes=24064 qdelay_l_ms=1.10901 qdelay_c_ms=5.01803 ecn_mark=1495 drop=0
[QUEUE_STATS] t_ms=21776 q_pkts=13 q_bytes=19552 qdelay_l_ms=1.06335 qdelay_c_ms=4.7159 ecn_mark=1495 drop=0
[QUEUE_STATS] t_ms=21792 q_pkts=17 q_bytes=25568 qdelay_l_ms=0.88873 qdelay_c_ms=5.42676 ecn_mark=1498 drop=0
[QUEUE_STATS] t_ms=21808 q_pkts=17 q_bytes=25568 qdelay_l_ms=1.06764 qdelay_c_ms=5.85023 ecn_mark=1499 drop=0
[QUEUE_STATS] t_ms=21824 q_pkts=17 q_bytes=25568 qdelay_l_ms=1.06519 qdelay_c_ms=6.611 ecn_mark=1500 drop=0
[QUEUE_STATS] t_ms=21841 q_pkts=17 q_bytes=25568 qdelay_l_ms=1.09433 qdelay_c_ms=5.59127 ecn_mark=1500 drop=0
[QUEUE_STATS] t_ms=21856 q_pkts=15 q_bytes=22560 qdelay_l_ms=0.912395 qdelay_c_ms=6.04845 ecn_mark=1504 drop=0
[QUEUE_STATS] t_ms=21872 q_pkts=17 q_bytes=25568 qdelay_l_ms=1.07603 qdelay_c_ms=6.49626 ecn_mark=1506 drop=0
[QUEUE_STATS] t_ms=21888 q_pkts=17 q_bytes=25568 qdelay_l_ms=1.0832 qdelay_c_ms=7.1862 ecn_mark=1506 drop=0
[QUEUE_STATS] t_ms=21905 q_pkts=18 q_bytes=27072 qdelay_l_ms=1.06571 qdelay_c_ms=7.09037 ecn_mark=1507 drop=0
[QUEUE_STATS] t_ms=21920 q_pkts=17 q_bytes=25568 qdelay_l_ms=1.01951 qdelay_c_ms=6.81232 ecn_mark=1508 drop=0
[QUEUE_STATS] t_ms=21936 q_pkts=20 q_bytes=30080 qdelay_l_ms=1.09123 qdelay_c_ms=7.27862 ecn_mark=1511 drop=0
[QUEUE_STATS] t_ms=21953 q_pkts=16 q_bytes=24064 qdelay_l_ms=1.06014 qdelay_c_ms=7.10995 ecn_mark=1512 drop=0
[QUEUE_STATS] t_ms=21968 q_pkts=19 q_bytes=28576 qdelay_l_ms=1.07851 qdelay_c_ms=6.8455 ecn_mark=1513 drop=0
[QUEUE_STATS] t_ms=21984 q_pkts=20 q_bytes=30080 qdelay_l_ms=1.07081 qdelay_c_ms=6.47434 ecn_mark=1515 drop=0
[QUEUE_STATS] t_ms=22000 q_pkts=18 q_bytes=27072 qdelay_l_ms=1.06538 qdelay_c_ms=6.78919 ecn_mark=1515 drop=0
[QUEUE_STATS] t_ms=22016 q_pkts=18 q_bytes=27072 qdelay_l_ms=1.07595 qdelay_c_ms=6.66246 ecn_mark=1516 drop=0
[QUEUE_STATS] t_ms=22032 q_pkts=18 q_bytes=27072 qdelay_l_ms=0.024466 qdelay_c_ms=4.93226 ecn_mark=1516 drop=0
[QUEUE_STATS] t_ms=22048 q_pkts=18 q_bytes=27072 qdelay_l_ms=1.06086 qdelay_c_ms=8.40249 ecn_mark=1517 drop=0
[QUEUE_STATS] t_ms=22064 q_pkts=19 q_bytes=28576 qdelay_l_ms=1.06534 qdelay_c_ms=8.00571 ecn_mark=1519 drop=0
[QUEUE_STATS] t_ms=22080 q_pkts=20 q_bytes=30080 qdelay_l_ms=1.07123 qdelay_c_ms=6.84126 ecn_mark=1520 drop=0
[QUEUE_STATS] t_ms=22096 q_pkts=19 q_bytes=28576 qdelay_l_ms=0 qdelay_c_ms=7.53981 ecn_mark=1520 drop=0
[QUEUE_STATS] t_ms=22112 q_pkts=21 q_bytes=31584 qdelay_l_ms=1.08391 qdelay_c_ms=6.90779 ecn_mark=1520 drop=0
[QUEUE_STATS] t_ms=22128 q_pkts=19 q_bytes=28576 qdelay_l_ms=1.06153 qdelay_c_ms=7.94296 ecn_mark=1520 drop=0
[QUEUE_STATS] t_ms=22144 q_pkts=20 q_bytes=30080 qdelay_l_ms=1.06595 qdelay_c_ms=7.84361 ecn_mark=1521 drop=0
[QUEUE_STATS] t_ms=22161 q_pkts=23 q_bytes=34592 qdelay_l_ms=1.06688 qdelay_c_ms=8.01876 ecn_mark=1521 drop=0
[QUEUE_STATS] t_ms=22176 q_pkts=18 q_bytes=27072 qdelay_l_ms=0 qdelay_c_ms=6.93035 ecn_mark=1521 drop=0
[QUEUE_STATS] t_ms=22193 q_pkts=21 q_bytes=31584 qdelay_l_ms=1.08737 qdelay_c_ms=8.00285 ecn_mark=1523 drop=0
[QUEUE_STATS] t_ms=22208 q_pkts=24 q_bytes=36096 qdelay_l_ms=1.07982 qdelay_c_ms=8.44449 ecn_mark=1525 drop=0
[QUEUE_STATS] t_ms=22225 q_pkts=21 q_bytes=31584 qdelay_l_ms=1.06455 qdelay_c_ms=7.62516 ecn_mark=1525 drop=0
[QUEUE_STATS] t_ms=22240 q_pkts=20 q_bytes=30080 qdelay_l_ms=0 qdelay_c_ms=7.94266 ecn_mark=1527 drop=0
[QUEUE_STATS] t_ms=22256 q_pkts=21 q_bytes=31584 qdelay_l_ms=1.07837 qdelay_c_ms=9.14579 ecn_mark=1529 drop=0
[QUEUE_STATS] t_ms=22272 q_pkts=23 q_bytes=34592 qdelay_l_ms=1.08652 qdelay_c_ms=7.96863 ecn_mark=1529 drop=0
[QUEUE_STATS] t_ms=22288 q_pkts=22 q_bytes=33088 qdelay_l_ms=1.08014 qdelay_c_ms=8.95182 ecn_mark=1529 drop=0
[QUEUE_STATS] t_ms=22305 q_pkts=23 q_bytes=34592 qdelay_l_ms=1.04078 qdelay_c_ms=9.04628 ecn_mark=1529 drop=0
[QUEUE_STATS] t_ms=22320 q_pkts=23 q_bytes=34592 qdelay_l_ms=1.0888 qdelay_c_ms=8.3086 ecn_mark=1529 drop=0
[QUEUE_STATS] t_ms=22336 q_pkts=23 q_bytes=34592 qdelay_l_ms=1.0669 qdelay_c_ms=8.92854 ecn_mark=1530 drop=0
[QUEUE_STATS] t_ms=22352 q_pkts=23 q_bytes=34592 qdelay_l_ms=1.03004 qdelay_c_ms=10.0397 ecn_mark=1530 drop=0
[QUEUE_STATS] t_ms=22368 q_pkts=20 q_bytes=30080 qdelay_l_ms=0 qdelay_c_ms=7.7326 ecn_mark=1532 drop=0
[QUEUE_STATS] t_ms=22384 q_pkts=24 q_bytes=36096 qdelay_l_ms=0.915491 qdelay_c_ms=8.76856 ecn_mark=1532 drop=0
[QUEUE_STATS] t_ms=22401 q_pkts=24 q_bytes=36096 qdelay_l_ms=1.06861 qdelay_c_ms=9.16029 ecn_mark=1534 drop=0
[QUEUE_STATS] t_ms=22416 q_pkts=25 q_bytes=37600 qdelay_l_ms=1.06297 qdelay_c_ms=10.5245 ecn_mark=1535 drop=0
[QUEUE_STATS] t_ms=22432 q_pkts=27 q_bytes=40608 qdelay_l_ms=1.10782 qdelay_c_ms=10.0749 ecn_mark=1536 drop=0
[QUEUE_STATS] t_ms=22448 q_pkts=25 q_bytes=37600 qdelay_l_ms=1.06557 qdelay_c_ms=9.99067 ecn_mark=1537 drop=0
[QUEUE_STATS] t_ms=22465 q_pkts=26 q_bytes=39104 qdelay_l_ms=1.05153 qdelay_c_ms=10.1606 ecn_mark=1538 drop=0
[QUEUE_STATS] t_ms=22481 q_pkts=26 q_bytes=39104 qdelay_l_ms=1.06045 qdelay_c_ms=8.21268 ecn_mark=1539 drop=0
[QUEUE_STATS] t_ms=22497 q_pkts=25 q_bytes=37600 qdelay_l_ms=1.08604 qdelay_c_ms=9.17189 ecn_mark=1539 drop=0
[QUEUE_STATS] t_ms=22513 q_pkts=26 q_bytes=39104 qdelay_l_ms=1.07161 qdelay_c_ms=8.62853 ecn_mark=1540 drop=0
[QUEUE_STATS] t_ms=22528 q_pkts=27 q_bytes=40608 qdelay_l_ms=1.07561 qdelay_c_ms=10.1578 ecn_mark=1542 drop=0
[QUEUE_STATS] t_ms=22544 q_pkts=25 q_bytes=37600 qdelay_l_ms=0 qdelay_c_ms=11.0798 ecn_mark=1544 drop=0
[QUEUE_STATS] t_ms=22560 q_pkts=26 q_bytes=39104 qdelay_l_ms=1.07052 qdelay_c_ms=9.4446 ecn_mark=1544 drop=0
[QUEUE_STATS] t_ms=22576 q_pkts=27 q_bytes=40608 qdelay_l_ms=1.12054 qdelay_c_ms=9.70291 ecn_mark=1547 drop=0
[QUEUE_STATS] t_ms=22592 q_pkts=28 q_bytes=42112 qdelay_l_ms=1.0643 qdelay_c_ms=9.96501 ecn_mark=1549 drop=0
[QUEUE_STATS] t_ms=22609 q_pkts=25 q_bytes=37600 qdelay_l_ms=1.07052 qdelay_c_ms=10.6357 ecn_mark=1549 drop=0
[QUEUE_STATS] t_ms=22625 q_pkts=25 q_bytes=37600 qdelay_l_ms=1.10317 qdelay_c_ms=10.2269 ecn_mark=1550 drop=0
[QUEUE_STATS] t_ms=22640 q_pkts=26 q_bytes=39104 qdelay_l_ms=1.04161 qdelay_c_ms=12.3617 ecn_mark=1550 drop=0
[QUEUE_STATS] t_ms=22656 q_pkts=29 q_bytes=43616 qdelay_l_ms=1.02653 qdelay_c_ms=10.1213 ecn_mark=1551 drop=0
[QUEUE_STATS] t_ms=22672 q_pkts=23 q_bytes=34592 qdelay_l_ms=0.014397 qdelay_c_ms=9.0026 ecn_mark=1552 drop=0
[QUEUE_STATS] t_ms=22688 q_pkts=28 q_bytes=42112 qdelay_l_ms=1.09924 qdelay_c_ms=10.5246 ecn_mark=1553 drop=0
[QUEUE_STATS] t_ms=22704 q_pkts=26 q_bytes=39104 qdelay_l_ms=0.013526 qdelay_c_ms=10.0495 ecn_mark=1553 drop=0
[QUEUE_STATS] t_ms=22721 q_pkts=28 q_bytes=42112 qdelay_l_ms=1.06555 qdelay_c_ms=10.1486 ecn_mark=1554 drop=0
[QUEUE_STATS] t_ms=22736 q_pkts=28 q_bytes=42112 qdelay_l_ms=0.9047 qdelay_c_ms=11.4621 ecn_mark=1555 drop=0
[QUEUE_STATS] t_ms=22753 q_pkts=30 q_bytes=45120 qdelay_l_ms=1.08942 qdelay_c_ms=10.0438 ecn_mark=1555 drop=0
[QUEUE_STATS] t_ms=22768 q_pkts=27 q_bytes=40608 qdelay_l_ms=1.08276 qdelay_c_ms=9.02064 ecn_mark=1557 drop=0
[QUEUE_STATS] t_ms=22784 q_pkts=28 q_bytes=42112 qdelay_l_ms=0.900152 qdelay_c_ms=10.998 ecn_mark=1557 drop=0
[QUEUE_STATS] t_ms=22800 q_pkts=26 q_bytes=39104 qdelay_l_ms=0.014247 qdelay_c_ms=9.00858 ecn_mark=1557 drop=0
[QUEUE_STATS] t_ms=22817 q_pkts=17 q_bytes=25568 qdelay_l_ms=1.04889 qdelay_c_ms=8.08967 ecn_mark=1558 drop=0
[QUEUE_STATS] t_ms=22832 q_pkts=5 q_bytes=7520 qdelay_l_ms=1.06977 qdelay_c_ms=2.1858 ecn_mark=1559 drop=0
[QUEUE_STATS] t_ms=22848 q_pkts=3 q_bytes=4512 qdelay_l_ms=1.10373 qdelay_c_ms=1.09438 ecn_mark=1559 drop=0
[QUEUE_STATS] t_ms=22865 q_pkts=5 q_bytes=7520 qdelay_l_ms=1.10494 qdelay_c_ms=2.00197 ecn_mark=1559 drop=0
[QUEUE_STATS] t_ms=22881 q_pkts=3 q_bytes=4512 qdelay_l_ms=1.0648 qdelay_c_ms=1.08775 ecn_mark=1559 drop=0
[QUEUE_STATS] t_ms=22896 q_pkts=3 q_bytes=4512 qdelay_l_ms=1.08107 qdelay_c_ms=1.74641 ecn_mark=1560 drop=0
[QUEUE_STATS] t_ms=22912 q_pkts=5 q_bytes=7520 qdelay_l_ms=1.06544 qdelay_c_ms=1.6682 ecn_mark=1562 drop=0
[QUEUE_STATS] t_ms=22928 q_pkts=3 q_bytes=4512 qdelay_l_ms=1.07656 qdelay_c_ms=1.10002 ecn_mark=1562 drop=0
[QUEUE_STATS] t_ms=22944 q_pkts=5 q_bytes=7520 qdelay_l_ms=1.06594 qdelay_c_ms=1.66378 ecn_mark=1563 drop=0
[QUEUE_STATS] t_ms=22960 q_pkts=5 q_bytes=7520 qdelay_l_ms=1.1016 qdelay_c_ms=2.16401 ecn_mark=1564 drop=0
[QUEUE_STATS] t_ms=22977 q_pkts=4 q_bytes=6016 qdelay_l_ms=1.07451 qdelay_c_ms=1.09017 ecn_mark=1567 drop=0
[QUEUE_STATS] t_ms=22992 q_pkts=5 q_bytes=7520 qdelay_l_ms=1.09296 qdelay_c_ms=2.15755 ecn_mark=1568 drop=0
[QUEUE_STATS] t_ms=23008 q_pkts=6 q_bytes=9024 qdelay_l_ms=1.06595 qdelay_c_ms=2.87509 ecn_mark=1568 drop=0
[QUEUE_STATS] t_ms=23024 q_pkts=6 q_bytes=9024 qdelay_l_ms=1.06381 qdelay_c_ms=2.22704 ecn_mark=1570 drop=0
[QUEUE_STATS] t_ms=23040 q_pkts=4 q_bytes=6016 qdelay_l_ms=1.0853 qdelay_c_ms=1.36256 ecn_mark=1570 drop=0
[QUEUE_STATS] t_ms=23056 q_pkts=5 q_bytes=7520 qdelay_l_ms=0 qdelay_c_ms=2.19937 ecn_mark=1572 drop=0
[QUEUE_STATS] t_ms=23072 q_pkts=4 q_bytes=6016 qdelay_l_ms=1.02279 qdelay_c_ms=1.04754 ecn_mark=1573 drop=0
[QUEUE_STATS] t_ms=23088 q_pkts=0 q_bytes=0 qdelay_l_ms=0 qdelay_c_ms=0 ecn_mark=1575 drop=0
[QUEUE_STATS] t_ms=23104 q_pkts=5 q_bytes=7520 qdelay_l_ms=0 qdelay_c_ms=2.21079 ecn_mark=1575 drop=0
[QUEUE_STATS] t_ms=23120 q_pkts=3 q_bytes=4512 qdelay_l_ms=1.0335 qdelay_c_ms=1.04398 ecn_mark=1575 drop=0
[QUEUE_STATS] t_ms=23137 q_pkts=5 q_bytes=7520 qdelay_l_ms=1.06887 qdelay_c_ms=2.15255 ecn_mark=1575 drop=0
[QUEUE_STATS] t_ms=23152 q_pkts=3 q_bytes=4512 qdelay_l_ms=0 qdelay_c_ms=2.11102 ecn_mark=1575 drop=0
[QUEUE_STATS] t_ms=23168 q_pkts=4 q_bytes=6016 qdelay_l_ms=1.05111 qdelay_c_ms=1.04448 ecn_mark=1577 drop=0
[QUEUE_STATS] t_ms=23184 q_pkts=6 q_bytes=9024 qdelay_l_ms=0 qdelay_c_ms=1.10821 ecn_mark=1579 drop=0
[QUEUE_STATS] t_ms=23200 q_pkts=2 q_bytes=3008 qdelay_l_ms=0 qdelay_c_ms=0.027822 ecn_mark=1579 drop=0
[QUEUE_STATS] t_ms=23217 q_pkts=3 q_bytes=4512 qdelay_l_ms=1.07691 qdelay_c_ms=2.18025 ecn_mark=1579 drop=0
[QUEUE_STATS] t_ms=23232 q_pkts=6 q_bytes=9024 qdelay_l_ms=0.878361 qdelay_c_ms=0.871368 ecn_mark=1581 drop=0
[QUEUE_STATS] t_ms=23248 q_pkts=5 q_bytes=7520 qdelay_l_ms=0.87816 qdelay_c_ms=2.00519 ecn_mark=1581 drop=0
[QUEUE_STATS] t_ms=23264 q_pkts=4 q_bytes=6016 qdelay_l_ms=1.07161 qdelay_c_ms=2.13408 ecn_mark=1581 drop=0
[QUEUE_STATS] t_ms=23280 q_pkts=5 q_bytes=7520 qdelay_l_ms=1.07274 qdelay_c_ms=2.14271 ecn_mark=1582 drop=0
[QUEUE_STATS] t_ms=23296 q_pkts=6 q_bytes=9024 qdelay_l_ms=1.0657 qdelay_c_ms=2.20018 ecn_mark=1583 drop=0
[QUEUE_STATS] t_ms=23313 q_pkts=6 q_bytes=9024 qdelay_l_ms=1.0918 qdelay_c_ms=2.14635 ecn_mark=1583 drop=0
[QUEUE_STATS] t_ms=23329 q_pkts=5 q_bytes=7520 qdelay_l_ms=1.05748 qdelay_c_ms=2.13978 ecn_mark=1583 drop=0
[QUEUE_STATS] t_ms=23344 q_pkts=5 q_bytes=7520 qdelay_l_ms=1.06571 qdelay_c_ms=2.17376 ecn_mark=1584 drop=0
[QUEUE_STATS] t_ms=23360 q_pkts=7 q_bytes=10528 qdelay_l_ms=1.07799 qdelay_c_ms=1.83164 ecn_mark=1584 drop=0
[QUEUE_STATS] t_ms=23376 q_pkts=3 q_bytes=4512 qdelay_l_ms=1.02986 qdelay_c_ms=2.10059 ecn_mark=1585 drop=0
[QUEUE_STATS] t_ms=23392 q_pkts=5 q_bytes=7520 qdelay_l_ms=1.0439 qdelay_c_ms=2.11025 ecn_mark=1587 drop=0
[QUEUE_STATS] t_ms=23409 q_pkts=9 q_bytes=13536 qdelay_l_ms=1.0466 qdelay_c_ms=3.95563 ecn_mark=1587 drop=0
[QUEUE_STATS] t_ms=23424 q_pkts=5 q_bytes=7520 qdelay_l_ms=1.06122 qdelay_c_ms=2.175 ecn_mark=1587 drop=0
[QUEUE_STATS] t_ms=23440 q_pkts=5 q_bytes=7520 qdelay_l_ms=1.08677 qdelay_c_ms=1.07983 ecn_mark=1587 drop=0
[QUEUE_STATS] t_ms=23456 q_pkts=8 q_bytes=12032 qdelay_l_ms=1.09205 qdelay_c_ms=2.77439 ecn_mark=1588 drop=0
[QUEUE_STATS] t_ms=23472 q_pkts=8 q_bytes=12032 qdelay_l_ms=1.10511 qdelay_c_ms=3.04444 ecn_mark=1589 drop=0
[QUEUE_STATS] t_ms=23489 q_pkts=10 q_bytes=15040 qdelay_l_ms=1.08016 qdelay_c_ms=2.47237 ecn_mark=1590 drop=0
[QUEUE_STATS] t_ms=23504 q_pkts=11 q_bytes=16544 qdelay_l_ms=1.10643 qdelay_c_ms=2.84571 ecn_mark=1590 drop=0
[QUEUE_STATS] t_ms=23521 q_pkts=6 q_bytes=9024 qdelay_l_ms=1.08155 qdelay_c_ms=2.8171 ecn_mark=1590 drop=0
[QUEUE_STATS] t_ms=23537 q_pkts=8 q_bytes=12032 qdelay_l_ms=1.0776 qdelay_c_ms=3.25343 ecn_mark=1590 drop=0
[QUEUE_STATS] t_ms=23553 q_pkts=11 q_bytes=16544 qdelay_l_ms=1.09986 qdelay_c_ms=3.85337 ecn_mark=1590 drop=0
[QUEUE_STATS] t_ms=23569 q_pkts=10 q_bytes=15040 qdelay_l_ms=1.07623 qdelay_c_ms=3.81578 ecn_mark=1591 drop=0
[QUEUE_STATS] t_ms=23584 q_pkts=10 q_bytes=15040 qdelay_l_ms=1.04846 qdelay_c_ms=3.81864 ecn_mark=1591 drop=0
[QUEUE_STATS] t_ms=23600 q_pkts=12 q_bytes=18048 qdelay_l_ms=1.07103 qdelay_c_ms=4.94062 ecn_mark=1593 drop=0
[QUEUE_STATS] t_ms=23616 q_pkts=11 q_bytes=16544 qdelay_l_ms=1.09733 qdelay_c_ms=5.42944 ecn_mark=1593 drop=0
[QUEUE_STATS] t_ms=23633 q_pkts=12 q_bytes=18048 qdelay_l_ms=1.08381 qdelay_c_ms=4.11873 ecn_mark=1593 drop=0
[QUEUE_STATS] t_ms=23648 q_pkts=13 q_bytes=19552 qdelay_l_ms=1.0706 qdelay_c_ms=4.86315 ecn_mark=1594 drop=0
[QUEUE_STATS] t_ms=23664 q_pkts=13 q_bytes=19552 qdelay_l_ms=1.07542 qdelay_c_ms=5.4585 ecn_mark=1595 drop=0
[QUEUE_STATS] t_ms=23680 q_pkts=15 q_bytes=22560 qdelay_l_ms=1.08735 qdelay_c_ms=4.92889 ecn_mark=1595 drop=0
[QUEUE_STATS] t_ms=23696 q_pkts=12 q_bytes=18048 qdelay_l_ms=1.0601 qdelay_c_ms=4.85358 ecn_mark=1596 drop=0
[QUEUE_STATS] t_ms=23712 q_pkts=13 q_bytes=19552 qdelay_l_ms=2.15784 qdelay_c_ms=5.43136 ecn_mark=1596 drop=0
[QUEUE_STATS] t_ms=23729 q_pkts=17 q_bytes=25568 qdelay_l_ms=1.0793 qdelay_c_ms=5.97385 ecn_mark=1596 drop=0
[QUEUE_STATS] t_ms=23744 q_pkts=14 q_bytes=21056 qdelay_l_ms=1.07066 qdelay_c_ms=5.97996 ecn_mark=1599 drop=0
[QUEUE_STATS] t_ms=23760 q_pkts=14 q_bytes=21056 qdelay_l_ms=1.10098 qdelay_c_ms=5.18817 ecn_mark=1600 drop=0
[QUEUE_STATS] t_ms=23776 q_pkts=16 q_bytes=24064 qdelay_l_ms=1.09937 qdelay_c_ms=5.91744 ecn_mark=1600 drop=0
[QUEUE_STATS] t_ms=23793 q_pkts=16 q_bytes=24064 qdelay_l_ms=1.10269 qdelay_c_ms=5.98136 ecn_mark=1601 drop=0
[QUEUE_STATS] t_ms=23808 q_pkts=15 q_bytes=22560 qdelay_l_ms=1.08961 qdelay_c_ms=6.2698 ecn_mark=1602 drop=0
[QUEUE_STATS] t_ms=23824 q_pkts=18 q_bytes=27072 qdelay_l_ms=1.09725 qdelay_c_ms=5.9771 ecn_mark=1604 drop=0
[QUEUE_STATS] t_ms=23841 q_pkts=18 q_bytes=27072 qdelay_l_ms=1.1107 qdelay_c_ms=7.06002 ecn_mark=1606 drop=0
[QUEUE_STATS] t_ms=23856 q_pkts=18 q_bytes=27072 qdelay_l_ms=1.09286 qdelay_c_ms=5.75574 ecn_mark=1607 drop=0
[QUEUE_STATS] t_ms=23873 q_pkts=20 q_bytes=30080 qdelay_l_ms=1.10636 qdelay_c_ms=5.76349 ecn_mark=1607 drop=0
[QUEUE_STATS] t_ms=23888 q_pkts=19 q_bytes=28576 qdelay_l_ms=1.09986 qdelay_c_ms=7.04201 ecn_mark=1607 drop=0
[QUEUE_STATS] t_ms=23905 q_pkts=17 q_bytes=25568 qdelay_l_ms=1.11458 qdelay_c_ms=6.75868 ecn_mark=1608 drop=0
[QUEUE_STATS] t_ms=23920 q_pkts=19 q_bytes=28576 qdelay_l_ms=1.10475 qdelay_c_ms=6.98687 ecn_mark=1609 drop=0
[QUEUE_STATS] t_ms=23936 q_pkts=19 q_bytes=28576 qdelay_l_ms=1.09722 qdelay_c_ms=7.03293 ecn_mark=1609 drop=0
[QUEUE_STATS] t_ms=23952 q_pkts=20 q_bytes=30080 qdelay_l_ms=1.09075 qdelay_c_ms=8.0398 ecn_mark=1609 drop=0
[QUEUE_STATS] t_ms=23968 q_pkts=18 q_bytes=27072 qdelay_l_ms=1.06188 qdelay_c_ms=8.07297 ecn_mark=1609 drop=0
[QUEUE_STATS] t_ms=23984 q_pkts=20 q_bytes=30080 qdelay_l_ms=1.10223 qdelay_c_ms=8.46519 ecn_mark=1609 drop=0
[QUEUE_STATS] t_ms=24000 q_pkts=21 q_bytes=31584 qdelay_l_ms=1.06763 qdelay_c_ms=7.92316 ecn_mark=1610 drop=0
[QUEUE_STATS] t_ms=24016 q_pkts=22 q_bytes=33088 qdelay_l_ms=1.06726 qdelay_c_ms=8.80986 ecn_mark=1611 drop=0
[QUEUE_STATS] t_ms=24032 q_pkts=19 q_bytes=28576 qdelay_l_ms=0.015729 qdelay_c_ms=7.62803 ecn_mark=1611 drop=0
[QUEUE_STATS] t_ms=24048 q_pkts=22 q_bytes=33088 qdelay_l_ms=1.07632 qdelay_c_ms=8.97951 ecn_mark=1611 drop=0
[QUEUE_STATS] t_ms=24064 q_pkts=22 q_bytes=33088 qdelay_l_ms=0.828617 qdelay_c_ms=8.3134 ecn_mark=1611 drop=0
[QUEUE_STATS] t_ms=24080 q_pkts=25 q_bytes=37600 qdelay_l_ms=0.976775 qdelay_c_ms=10.0079 ecn_mark=1611 drop=0
[QUEUE_STATS] t_ms=24096 q_pkts=23 q_bytes=34592 qdelay_l_ms=1.06239 qdelay_c_ms=9.68373 ecn_mark=1611 drop=0
[QUEUE_STATS] t_ms=24112 q_pkts=23 q_bytes=34592 qdelay_l_ms=1.09045 qdelay_c_ms=10.0807 ecn_mark=1613 drop=0
[QUEUE_STATS] t_ms=24128 q_pkts=26 q_bytes=39104 qdelay_l_ms=1.0485 qdelay_c_ms=10.2552 ecn_mark=1614 drop=0
[QUEUE_STATS] t_ms=24144 q_pkts=25 q_bytes=37600 qdelay_l_ms=1.04954 qdelay_c_ms=10.2233 ecn_mark=1614 drop=0
[QUEUE_STATS] t_ms=24160 q_pkts=25 q_bytes=37600 qdelay_l_ms=1.10672 qdelay_c_ms=10.0292 ecn_mark=1615 drop=0
[QUEUE_STATS] t_ms=24176 q_pkts=23 q_bytes=34592 qdelay_l_ms=0.042169 qdelay_c_ms=8.86989 ecn_mark=1615 drop=0
[QUEUE_STATS] t_ms=24193 q_pkts=25 q_bytes=37600 qdelay_l_ms=1.09457 qdelay_c_ms=10.8485 ecn_mark=1617 drop=0
[QUEUE_STATS] t_ms=24208 q_pkts=23 q_bytes=34592 qdelay_l_ms=0.030888 qdelay_c_ms=9.61838 ecn_mark=1617 drop=0
[QUEUE_STATS] t_ms=24224 q_pkts=28 q_bytes=42112 qdelay_l_ms=1.05126 qdelay_c_ms=9.51656 ecn_mark=1618 drop=0
[QUEUE_STATS] t_ms=24240 q_pkts=25 q_bytes=37600 qdelay_l_ms=1.0876 qdelay_c_ms=9.8301 ecn_mark=1618 drop=0
[QUEUE_STATS] t_ms=24256 q_pkts=24 q_bytes=36096 qdelay_l_ms=0.014538 qdelay_c_ms=9.77462 ecn_mark=1618 drop=0
[QUEUE_STATS] t_ms=24272 q_pkts=27 q_bytes=40608 qdelay_l_ms=1.04984 qdelay_c_ms=11.7079 ecn_mark=1619 drop=0
[QUEUE_STATS] t_ms=24288 q_pkts=27 q_bytes=40608 qdelay_l_ms=1.09431 qdelay_c_ms=10.6045 ecn_mark=1620 drop=0
[QUEUE_STATS] t_ms=24304 q_pkts=29 q_bytes=43616 qdelay_l_ms=1.0089 qdelay_c_ms=10.81 ecn_mark=1621 drop=0
[QUEUE_STATS] t_ms=24320 q_pkts=29 q_bytes=43616 qdelay_l_ms=1.03841 qdelay_c_ms=12.1384 ecn_mark=1621 drop=0
[QUEUE_STATS] t_ms=24336 q_pkts=25 q_bytes=37600 qdelay_l_ms=1.04115 qdelay_c_ms=10.4708 ecn_mark=1622 drop=0
[QUEUE_STATS] t_ms=24352 q_pkts=14 q_bytes=21056 qdelay_l_ms=1.04475 qdelay_c_ms=7.27401 ecn_mark=1623 drop=0
[QUEUE_STATS] t_ms=24368 q_pkts=4 q_bytes=6016 qdelay_l_ms=1.02825 qdelay_c_ms=1.02114 ecn_mark=1624 drop=0
[QUEUE_STATS] t_ms=24384 q_pkts=4 q_bytes=6016 qdelay_l_ms=1.0363 qdelay_c_ms=1.02951 ecn_mark=1627 drop=0
[QUEUE_STATS] t_ms=24400 q_pkts=6 q_bytes=9024 qdelay_l_ms=1.10773 qdelay_c_ms=2.11025 ecn_mark=1628 drop=0
[QUEUE_STATS] t_ms=24416 q_pkts=4 q_bytes=6016 qdelay_l_ms=1.09483 qdelay_c_ms=1.08737 ecn_mark=1628 drop=0
[QUEUE_STATS] t_ms=24432 q_pkts=4 q_bytes=6016 qdelay_l_ms=1.02714 qdelay_c_ms=1.02047 ecn_mark=1629 drop=0
[QUEUE_STATS] t_ms=24448 q_pkts=5 q_bytes=7520 qdelay_l_ms=1.07899 qdelay_c_ms=2.14962 ecn_mark=1630 drop=0
[QUEUE_STATS] t_ms=24464 q_pkts=4 q_bytes=6016 qdelay_l_ms=1.09797 qdelay_c_ms=1.09095 ecn_mark=1631 drop=0
[QUEUE_STATS] t_ms=24481 q_pkts=5 q_bytes=7520 qdelay_l_ms=1.09728 qdelay_c_ms=2.09305 ecn_mark=1632 drop=0
[QUEUE_STATS] t_ms=24496 q_pkts=5 q_bytes=7520 qdelay_l_ms=1.02505 qdelay_c_ms=1.90972 ecn_mark=1633 drop=0
[QUEUE_STATS] t_ms=24512 q_pkts=4 q_bytes=6016 qdelay_l_ms=1.04573 qdelay_c_ms=1.04002 ecn_mark=1634 drop=0
[QUEUE_STATS] t_ms=24528 q_pkts=5 q_bytes=7520 qdelay_l_ms=1.02106 qdelay_c_ms=2.03099 ecn_mark=1635 drop=0
[QUEUE_STATS] t_ms=24544 q_pkts=6 q_bytes=9024 qdelay_l_ms=1.00768 qdelay_c_ms=2.98739 ecn_mark=1635 drop=0
[QUEUE_STATS] t_ms=24560 q_pkts=4 q_bytes=6016 qdelay_l_ms=1.00842 qdelay_c_ms=1.00078 ecn_mark=1635 drop=0
[QUEUE_STATS] t_ms=24576 q_pkts=6 q_bytes=9024 qdelay_l_ms=1.05237 qdelay_c_ms=3.09886 ecn_mark=1635 drop=0
[QUEUE_STATS] t_ms=24592 q_pkts=2 q_bytes=3008 qdelay_l_ms=0.998247 qdelay_c_ms=0 ecn_mark=1637 drop=0
[QUEUE_STATS] t_ms=24608 q_pkts=6 q_bytes=9024 qdelay_l_ms=1.01621 qdelay_c_ms=1.0091 ecn_mark=1638 drop=0
[QUEUE_STATS] t_ms=24624 q_pkts=5 q_bytes=7520 qdelay_l_ms=1.10011 qdelay_c_ms=2.15952 ecn_mark=1639 drop=0
[QUEUE_STATS] t_ms=24640 q_pkts=4 q_bytes=6016 qdelay_l_ms=1.01597 qdelay_c_ms=1.00905 ecn_mark=1639 drop=0
[QUEUE_STATS] t_ms=24656 q_pkts=7 q_bytes=10528 qdelay_l_ms=1.1192 qdelay_c_ms=1.97964 ecn_mark=1640 drop=0
[QUEUE_STATS] t_ms=24672 q_pkts=5 q_bytes=7520 qdelay_l_ms=1.01393 qdelay_c_ms=1.2534 ecn_mark=1640 drop=0
[QUEUE_STATS] t_ms=24688 q_pkts=4 q_bytes=6016 qdelay_l_ms=0.998547 qdelay_c_ms=0.991854 ecn_mark=1641 drop=0
[QUEUE_STATS] t_ms=24705 q_pkts=5 q_bytes=7520 qdelay_l_ms=1.09353 qdelay_c_ms=1.94135 ecn_mark=1642 drop=0
[QUEUE_STATS] t_ms=24720 q_pkts=5 q_bytes=7520 qdelay_l_ms=0.989319 qdelay_c_ms=1.97023 ecn_mark=1644 drop=0
[QUEUE_STATS] t_ms=24736 q_pkts=4 q_bytes=6016 qdelay_l_ms=0.994018 qdelay_c_ms=0.986934 ecn_mark=1645 drop=0
[QUEUE_STATS] t_ms=24752 q_pkts=2 q_bytes=3008 qdelay_l_ms=0 qdelay_c_ms=1.11475 ecn_mark=1645 drop=0
[QUEUE_STATS] t_ms=24768 q_pkts=6 q_bytes=9024 qdelay_l_ms=1.07705 qdelay_c_ms=2.1663 ecn_mark=1646 drop=0
[QUEUE_STATS] t_ms=24784 q_pkts=4 q_bytes=6016 qdelay_l_ms=1.02129 qdelay_c_ms=1.01459 ecn_mark=1646 drop=0
[QUEUE_STATS] t_ms=24800 q_pkts=4 q_bytes=6016 qdelay_l_ms=1.08639 qdelay_c_ms=2.13006 ecn_mark=1647 drop=0
[QUEUE_STATS] t_ms=24816 q_pkts=3 q_bytes=4512 qdelay_l_ms=0.041588 qdelay_c_ms=1.10743 ecn_mark=1647 drop=0
[QUEUE_STATS] t_ms=24832 q_pkts=4 q_bytes=6016 qdelay_l_ms=1.07885 qdelay_c_ms=1.07294 ecn_mark=1647 drop=0
[QUEUE_STATS] t_ms=24848 q_pkts=4 q_bytes=6016 qdelay_l_ms=1.06683 qdelay_c_ms=2.18004 ecn_mark=1649 drop=0
[QUEUE_STATS] t_ms=24864 q_pkts=7 q_bytes=10528 qdelay_l_ms=0.999349 qdelay_c_ms=1.9243 ecn_mark=1650 drop=0
[QUEUE_STATS] t_ms=24881 q_pkts=4 q_bytes=6016 qdelay_l_ms=1.07627 qdelay_c_ms=1.07096 ecn_mark=1651 drop=0
[QUEUE_STATS] t_ms=24896 q_pkts=4 q_bytes=6016 qdelay_l_ms=1.04444 qdelay_c_ms=1.75987 ecn_mark=1651 drop=0
[QUEUE_STATS] t_ms=24912 q_pkts=6 q_bytes=9024 qdelay_l_ms=0.968179 qdelay_c_ms=1.94665 ecn_mark=1652 drop=0
[QUEUE_STATS] t_ms=24928 q_pkts=5 q_bytes=7520 qdelay_l_ms=1.10099 qdelay_c_ms=2.06831 ecn_mark=1654 drop=0
[QUEUE_STATS] t_ms=24944 q_pkts=8 q_bytes=12032 qdelay_l_ms=1.10222 qdelay_c_ms=1.33782 ecn_mark=1655 drop=0
[QUEUE_STATS] t_ms=24960 q_pkts=6 q_bytes=9024 qdelay_l_ms=1.09063 qdelay_c_ms=2.21419 ecn_mark=1655 drop=0
[QUEUE_STATS] t_ms=24976 q_pkts=6 q_bytes=9024 qdelay_l_ms=1.12336 qdelay_c_ms=1.1136 ecn_mark=1656 drop=0
[QUEUE_STATS] t_ms=24992 q_pkts=7 q_bytes=10528 qdelay_l_ms=0.989871 qdelay_c_ms=1.95537 ecn_mark=1656 drop=0
[QUEUE_STATS] t_ms=25008 q_pkts=7 q_bytes=10528 qdelay_l_ms=1.0944 qdelay_c_ms=2.03518 ecn_mark=1656 drop=0
[QUEUE_STATS] t_ms=25024 q_pkts=4 q_bytes=6016 qdelay_l_ms=0.979581 qdelay_c_ms=0.971285 ecn_mark=1657 drop=0
[QUEUE_STATS] t_ms=25040 q_pkts=8 q_bytes=12032 qdelay_l_ms=0.960966 qdelay_c_ms=1.91025 ecn_mark=1657 drop=0
[QUEUE_STATS] t_ms=25056 q_pkts=6 q_bytes=9024 qdelay_l_ms=1.0862 qdelay_c_ms=2.24982 ecn_mark=1657 drop=0
[QUEUE_STATS] t_ms=25072 q_pkts=4 q_bytes=6016 qdelay_l_ms=0.968991 qdelay_c_ms=0.961947 ecn_mark=1658 drop=0
[QUEUE_STATS] t_ms=25088 q_pkts=4 q_bytes=6016 qdelay_l_ms=1.07037 qdelay_c_ms=2.12274 ecn_mark=1659 drop=0
[QUEUE_STATS] t_ms=25104 q_pkts=5 q_bytes=7520 qdelay_l_ms=1.06754 qdelay_c_ms=3.26252 ecn_mark=1660 drop=0
[QUEUE_STATS] t_ms=25121 q_pkts=6 q_bytes=9024 qdelay_l_ms=1.06692 qdelay_c_ms=2.14443 ecn_mark=1661 drop=0
[QUEUE_STATS] t_ms=25136 q_pkts=6 q_bytes=9024 qdelay_l_ms=1.10526 qdelay_c_ms=2.04916 ecn_mark=1661 drop=0
[QUEUE_STATS] t_ms=25152 q_pkts=6 q_bytes=9024 qdelay_l_ms=0.961096 qdelay_c_ms=1.26271 ecn_mark=1661 drop=0
[QUEUE_STATS] t_ms=25168 q_pkts=8 q_bytes=12032 qdelay_l_ms=0.961387 qdelay_c_ms=2.02263 ecn_mark=1661 drop=0
[QUEUE_STATS] t_ms=25184 q_pkts=6 q_bytes=9024 qdelay_l_ms=1.05033 qdelay_c_ms=2.07758 ecn_mark=1661 drop=0
[QUEUE_STATS] t_ms=25200 q_pkts=8 q_bytes=12032 qdelay_l_ms=1.05784 qdelay_c_ms=3.27232 ecn_mark=1661 drop=0
[QUEUE_STATS] t_ms=25216 q_pkts=8 q_bytes=12032 qdelay_l_ms=0.927744 qdelay_c_ms=3.98232 ecn_mark=1661 drop=0
[QUEUE_STATS] t_ms=25232 q_pkts=5 q_bytes=7520 qdelay_l_ms=0 qdelay_c_ms=3.00631 ecn_mark=1663 drop=0
[QUEUE_STATS] t_ms=25248 q_pkts=10 q_bytes=15040 qdelay_l_ms=0.905301 qdelay_c_ms=4.34336 ecn_mark=1663 drop=0
[QUEUE_STATS] t_ms=25264 q_pkts=10 q_bytes=15040 qdelay_l_ms=0.953923 qdelay_c_ms=3.82559 ecn_mark=1663 drop=0
[QUEUE_STATS] t_ms=25280 q_pkts=10 q_bytes=15040 qdelay_l_ms=1.08497 qdelay_c_ms=4.3842 ecn_mark=1664 drop=0
[QUEUE_STATS] t_ms=25296 q_pkts=12 q_bytes=18048 qdelay_l_ms=0.954334 qdelay_c_ms=4.92313 ecn_mark=1666 drop=0
[QUEUE_STATS] t_ms=25312 q_pkts=12 q_bytes=18048 qdelay_l_ms=1.07265 qdelay_c_ms=4.07184 ecn_mark=1667 drop=0
[QUEUE_STATS] t_ms=25329 q_pkts=11 q_bytes=16544 qdelay_l_ms=1.07998 qdelay_c_ms=5.00114 ecn_mark=1668 drop=0
[QUEUE_STATS] t_ms=25344 q_pkts=11 q_bytes=16544 qdelay_l_ms=0.94697 qdelay_c_ms=3.7434 ecn_mark=1669 drop=0
[QUEUE_STATS] t_ms=25360 q_pkts=7 q_bytes=10528 qdelay_l_ms=0 qdelay_c_ms=3.16725 ecn_mark=1670 drop=0
[QUEUE_STATS] t_ms=25376 q_pkts=10 q_bytes=15040 qdelay_l_ms=1.07293 qdelay_c_ms=4.22087 ecn_mark=1672 drop=0
[QUEUE_STATS] t_ms=25392 q_pkts=10 q_bytes=15040 qdelay_l_ms=1.07404 qdelay_c_ms=4.14342 ecn_mark=1672 drop=0
[QUEUE_STATS] t_ms=25408 q_pkts=12 q_bytes=18048 qdelay_l_ms=1.06781 qdelay_c_ms=5.00919 ecn_mark=1674 drop=0
[QUEUE_STATS] t_ms=25424 q_pkts=11 q_bytes=16544 qdelay_l_ms=1.0971 qdelay_c_ms=4.842 ecn_mark=1675 drop=0
[QUEUE_STATS] t_ms=25440 q_pkts=11 q_bytes=16544 qdelay_l_ms=1.03645 qdelay_c_ms=5.52181 ecn_mark=1676 drop=0
[QUEUE_STATS] t_ms=25456 q_pkts=12 q_bytes=18048 qdelay_l_ms=1.07321 qdelay_c_ms=4.05844 ecn_mark=1676 drop=0
[QUEUE_STATS] t_ms=25472 q_pkts=13 q_bytes=19552 qdelay_l_ms=0.929136 qdelay_c_ms=4.81287 ecn_mark=1677 drop=0
[QUEUE_STATS] t_ms=25488 q_pkts=12 q_bytes=18048 qdelay_l_ms=1.04926 qdelay_c_ms=5.11402 ecn_mark=1678 drop=0
[QUEUE_STATS] t_ms=25504 q_pkts=12 q_bytes=18048 qdelay_l_ms=0.932783 qdelay_c_ms=3.85886 ecn_mark=1680 drop=0
[QUEUE_STATS] t_ms=25520 q_pkts=14 q_bytes=21056 qdelay_l_ms=1.07966 qdelay_c_ms=4.86149 ecn_mark=1681 drop=0
[QUEUE_STATS] t_ms=25536 q_pkts=12 q_bytes=18048 qdelay_l_ms=0.941139 qdelay_c_ms=5.21839 ecn_mark=1683 drop=0
[QUEUE_STATS] t_ms=25552 q_pkts=14 q_bytes=21056 qdelay_l_ms=1.08102 qdelay_c_ms=4.4999 ecn_mark=1684 drop=0
[QUEUE_STATS] t_ms=25568 q_pkts=13 q_bytes=19552 qdelay_l_ms=0.927763 qdelay_c_ms=5.9576 ecn_mark=1684 drop=0
[QUEUE_STATS] t_ms=25584 q_pkts=13 q_bytes=19552 qdelay_l_ms=1.07519 qdelay_c_ms=5.13121 ecn_mark=1685 drop=0
[QUEUE_STATS] t_ms=25600 q_pkts=13 q_bytes=19552 qdelay_l_ms=1.0869 qdelay_c_ms=5.13403 ecn_mark=1685 drop=0
[QUEUE_STATS] t_ms=25616 q_pkts=12 q_bytes=18048 qdelay_l_ms=0.024426 qdelay_c_ms=5.01573 ecn_mark=1687 drop=0
[QUEUE_STATS] t_ms=25632 q_pkts=13 q_bytes=19552 qdelay_l_ms=0.93089 qdelay_c_ms=5.83326 ecn_mark=1688 drop=0
[QUEUE_STATS] t_ms=25648 q_pkts=16 q_bytes=24064 qdelay_l_ms=0.933816 qdelay_c_ms=5.42786 ecn_mark=1689 drop=0
[QUEUE_STATS] t_ms=25664 q_pkts=15 q_bytes=22560 qdelay_l_ms=1.00429 qdelay_c_ms=5.96512 ecn_mark=1690 drop=0
[QUEUE_STATS] t_ms=25680 q_pkts=14 q_bytes=21056 qdelay_l_ms=1.10778 qdelay_c_ms=5.89823 ecn_mark=1690 drop=0
[QUEUE_STATS] t_ms=25697 q_pkts=15 q_bytes=22560 qdelay_l_ms=1.05827 qdelay_c_ms=6.00577 ecn_mark=1690 drop=0
[QUEUE_STATS] t_ms=25712 q_pkts=13 q_bytes=19552 qdelay_l_ms=0.046137 qdelay_c_ms=6.0156 ecn_mark=1690 drop=0
[QUEUE_STATS] t_ms=25729 q_pkts=15 q_bytes=22560 qdelay_l_ms=1.0889 qdelay_c_ms=7.07628 ecn_mark=1693 drop=0
[QUEUE_STATS] t_ms=25744 q_pkts=17 q_bytes=25568 qdelay_l_ms=1.09211 qdelay_c_ms=7.07826 ecn_mark=1695 drop=0
[QUEUE_STATS] t_ms=25761 q_pkts=17 q_bytes=25568 qdelay_l_ms=1.08405 qdelay_c_ms=8.11415 ecn_mark=1695 drop=0
[QUEUE_STATS] t_ms=25776 q_pkts=17 q_bytes=25568 qdelay_l_ms=1.07371 qdelay_c_ms=8.05535 ecn_mark=1696 drop=0
[QUEUE_STATS] t_ms=25792 q_pkts=18 q_bytes=27072 qdelay_l_ms=1.09816 qdelay_c_ms=6.77035 ecn_mark=1696 drop=0
[QUEUE_STATS] t_ms=25808 q_pkts=14 q_bytes=21056 qdelay_l_ms=0.044864 qdelay_c_ms=6.09331 ecn_mark=1697 drop=0
[QUEUE_STATS] t_ms=25824 q_pkts=17 q_bytes=25568 qdelay_l_ms=1.09469 qdelay_c_ms=7.84474 ecn_mark=1699 drop=0
[QUEUE_STATS] t_ms=25840 q_pkts=18 q_bytes=27072 qdelay_l_ms=0.987766 qdelay_c_ms=7.53025 ecn_mark=1699 drop=0
[QUEUE_STATS] t_ms=25856 q_pkts=18 q_bytes=27072 qdelay_l_ms=1.03571 qdelay_c_ms=9.14002 ecn_mark=1700 drop=0
[QUEUE_STATS] t_ms=25873 q_pkts=18 q_bytes=27072 qdelay_l_ms=1.08203 qdelay_c_ms=7.93549 ecn_mark=1705 drop=0
[QUEUE_STATS] t_ms=25888 q_pkts=18 q_bytes=27072 qdelay_l_ms=0.894261 qdelay_c_ms=7.79969 ecn_mark=1706 drop=0
[QUEUE_STATS] t_ms=25904 q_pkts=21 q_bytes=31584 qdelay_l_ms=1.08588 qdelay_c_ms=8.40738 ecn_mark=1706 drop=0
[QUEUE_STATS] t_ms=25920 q_pkts=19 q_bytes=28576 qdelay_l_ms=1.06863 qdelay_c_ms=8.22185 ecn_mark=1707 drop=0
[QUEUE_STATS] t_ms=25936 q_pkts=17 q_bytes=25568 qdelay_l_ms=0.020228 qdelay_c_ms=7.0936 ecn_mark=1708 drop=0
[QUEUE_STATS] t_ms=25952 q_pkts=19 q_bytes=28576 qdelay_l_ms=1.07181 qdelay_c_ms=8.00452 ecn_mark=1709 drop=0
[QUEUE_STATS] t_ms=25968 q_pkts=17 q_bytes=25568 qdelay_l_ms=0 qdelay_c_ms=8.4781 ecn_mark=1709 drop=0
[QUEUE_STATS] t_ms=25984 q_pkts=19 q_bytes=28576 qdelay_l_ms=1.10104 qdelay_c_ms=9.11811 ecn_mark=1710 drop=0
[QUEUE_STATS] t_ms=26000 q_pkts=22 q_bytes=33088 qdelay_l_ms=0.890694 qdelay_c_ms=8.92897 ecn_mark=1712 drop=0
[QUEUE_STATS] t_ms=26016 q_pkts=20 q_bytes=30080 qdelay_l_ms=1.09523 qdelay_c_ms=8.71412 ecn_mark=1712 drop=0
[QUEUE_STATS] t_ms=26032 q_pkts=19 q_bytes=28576 qdelay_l_ms=0 qdelay_c_ms=7.96499 ecn_mark=1712 drop=0
[QUEUE_STATS] t_ms=26048 q_pkts=19 q_bytes=28576 qdelay_l_ms=0 qdelay_c_ms=8.19419 ecn_mark=1712 drop=0
[QUEUE_STATS] t_ms=26064 q_pkts=20 q_bytes=30080 qdelay_l_ms=0.911433 qdelay_c_ms=9.02157 ecn_mark=1712 drop=0
[QUEUE_STATS] t_ms=26080 q_pkts=21 q_bytes=31584 qdelay_l_ms=1.07405 qdelay_c_ms=9.17144 ecn_mark=1714 drop=0
[QUEUE_STATS] t_ms=26097 q_pkts=23 q_bytes=34592 qdelay_l_ms=1.05884 qdelay_c_ms=10.1584 ecn_mark=1714 drop=0
[QUEUE_STATS] t_ms=26112 q_pkts=22 q_bytes=33088 qdelay_l_ms=1.09434 qdelay_c_ms=10.2842 ecn_mark=1714 drop=0
[QUEUE_STATS] t_ms=26128 q_pkts=24 q_bytes=36096 qdelay_l_ms=0.922684 qdelay_c_ms=9.92515 ecn_mark=1714 drop=0
[QUEUE_STATS] t_ms=26144 q_pkts=24 q_bytes=36096 qdelay_l_ms=1.10046 qdelay_c_ms=8.90526 ecn_mark=1716 drop=0
[QUEUE_STATS] t_ms=26160 q_pkts=23 q_bytes=34592 qdelay_l_ms=1.1157 qdelay_c_ms=10.8816 ecn_mark=1716 drop=0
[QUEUE_STATS] t_ms=26176 q_pkts=19 q_bytes=28576 qdelay_l_ms=0 qdelay_c_ms=8.00689 ecn_mark=1717 drop=0
[QUEUE_STATS] t_ms=26192 q_pkts=22 q_bytes=33088 qdelay_l_ms=0.976145 qdelay_c_ms=11.2757 ecn_mark=1717 drop=0
[QUEUE_STATS] t_ms=26209 q_pkts=23 q_bytes=34592 qdelay_l_ms=1.09114 qdelay_c_ms=11.1228 ecn_mark=1717 drop=0
[QUEUE_STATS] t_ms=26224 q_pkts=25 q_bytes=37600 qdelay_l_ms=1.05926 qdelay_c_ms=9.18941 ecn_mark=1718 drop=0
[QUEUE_STATS] t_ms=26240 q_pkts=21 q_bytes=31584 qdelay_l_ms=0.012955 qdelay_c_ms=10.1007 ecn_mark=1719 drop=0
[QUEUE_STATS] t_ms=26256 q_pkts=24 q_bytes=36096 qdelay_l_ms=0.992675 qdelay_c_ms=11.0003 ecn_mark=1720 drop=0
[QUEUE_STATS] t_ms=26272 q_pkts=23 q_bytes=34592 qdelay_l_ms=1.0951 qdelay_c_ms=9.70754 ecn_mark=1720 drop=0
[QUEUE_STATS] t_ms=26288 q_pkts=24 q_bytes=36096 qdelay_l_ms=1.11081 qdelay_c_ms=9.99356 ecn_mark=1720 drop=0
[QUEUE_STATS] t_ms=26304 q_pkts=22 q_bytes=33088 qdelay_l_ms=0 qdelay_c_ms=10.1896 ecn_mark=1720 drop=0
[QUEUE_STATS] t_ms=26321 q_pkts=25 q_bytes=37600 qdelay_l_ms=1.04591 qdelay_c_ms=11.9101 ecn_mark=1720 drop=0
[QUEUE_STATS] t_ms=26336 q_pkts=25 q_bytes=37600 qdelay_l_ms=1.09088 qdelay_c_ms=11.2197 ecn_mark=1720 drop=0
[QUEUE_STATS] t_ms=26352 q_pkts=26 q_bytes=39104 qdelay_l_ms=1.0698 qdelay_c_ms=12.2997 ecn_mark=1722 drop=0
[QUEUE_STATS] t_ms=26368 q_pkts=28 q_bytes=42112 qdelay_l_ms=1.08907 qdelay_c_ms=11.9959 ecn_mark=1722 drop=0
[QUEUE_STATS] t_ms=26384 q_pkts=26 q_bytes=39104 qdelay_l_ms=1.05454 qdelay_c_ms=11.8378 ecn_mark=1724 drop=0
[QUEUE_STATS] t_ms=26400 q_pkts=27 q_bytes=40608 qdelay_l_ms=1.06607 qdelay_c_ms=10.937 ecn_mark=1726 drop=0
[QUEUE_STATS] t_ms=26416 q_pkts=28 q_bytes=42112 qdelay_l_ms=0.932442 qdelay_c_ms=12.1673 ecn_mark=1726 drop=0
[QUEUE_STATS] t_ms=26432 q_pkts=27 q_bytes=40608 qdelay_l_ms=1.0933 qdelay_c_ms=12.8816 ecn_mark=1727 drop=0
[QUEUE_STATS] t_ms=26448 q_pkts=24 q_bytes=36096 qdelay_l_ms=0.019096 qdelay_c_ms=12.203 ecn_mark=1727 drop=0
[QUEUE_STATS] t_ms=26465 q_pkts=28 q_bytes=42112 qdelay_l_ms=1.06167 qdelay_c_ms=11.9445 ecn_mark=1727 drop=0
[QUEUE_STATS] t_ms=26480 q_pkts=26 q_bytes=39104 qdelay_l_ms=0.844758 qdelay_c_ms=11.8131 ecn_mark=1730 drop=0
[QUEUE_STATS] t_ms=26496 q_pkts=26 q_bytes=39104 qdelay_l_ms=1.06584 qdelay_c_ms=13.4304 ecn_mark=1730 drop=0
[QUEUE_STATS] t_ms=26512 q_pkts=25 q_bytes=37600 qdelay_l_ms=0 qdelay_c_ms=12.2118 ecn_mark=1732 drop=0
[QUEUE_STATS] t_ms=26528 q_pkts=27 q_bytes=40608 qdelay_l_ms=0.853053 qdelay_c_ms=12.6066 ecn_mark=1732 drop=0
[QUEUE_STATS] t_ms=26545 q_pkts=26 q_bytes=39104 qdelay_l_ms=1.07689 qdelay_c_ms=11.9004 ecn_mark=1734 drop=0
[QUEUE_STATS] t_ms=26560 q_pkts=29 q_bytes=43616 qdelay_l_ms=0.969683 qdelay_c_ms=12.7222 ecn_mark=1736 drop=0
[QUEUE_STATS] t_ms=26576 q_pkts=29 q_bytes=43616 qdelay_l_ms=1.07603 qdelay_c_ms=12.8852 ecn_mark=1736 drop=0
[QUEUE_STATS] t_ms=26592 q_pkts=27 q_bytes=40608 qdelay_l_ms=1.08395 qdelay_c_ms=13.6729 ecn_mark=1736 drop=0
[QUEUE_STATS] t_ms=26608 q_pkts=31 q_bytes=46624 qdelay_l_ms=1.01422 qdelay_c_ms=13.0915 ecn_mark=1737 drop=0
[QUEUE_STATS] t_ms=26625 q_pkts=30 q_bytes=45120 qdelay_l_ms=1.08067 qdelay_c_ms=13.0007 ecn_mark=1737 drop=0
[QUEUE_STATS] t_ms=26640 q_pkts=30 q_bytes=45120 qdelay_l_ms=1.07241 qdelay_c_ms=15.4091 ecn_mark=1737 drop=0
[QUEUE_STATS] t_ms=26656 q_pkts=30 q_bytes=45120 qdelay_l_ms=1.01408 qdelay_c_ms=13.057 ecn_mark=1738 drop=0
[QUEUE_STATS] t_ms=26672 q_pkts=28 q_bytes=42112 qdelay_l_ms=1.03575 qdelay_c_ms=14.2653 ecn_mark=1739 drop=0
[QUEUE_STATS] t_ms=26688 q_pkts=29 q_bytes=43616 qdelay_l_ms=1.08292 qdelay_c_ms=13.9918 ecn_mark=1739 drop=0
[QUEUE_STATS] t_ms=26704 q_pkts=31 q_bytes=46624 qdelay_l_ms=0.850418 qdelay_c_ms=12.9754 ecn_mark=1740 drop=0
[QUEUE_STATS] t_ms=26720 q_pkts=30 q_bytes=45120 qdelay_l_ms=1.10477 qdelay_c_ms=14.9833 ecn_mark=1740 drop=0
[QUEUE_STATS] t_ms=26736 q_pkts=31 q_bytes=46624 qdelay_l_ms=1.07867 qdelay_c_ms=15.1334 ecn_mark=1741 drop=0
[QUEUE_STATS] t_ms=26752 q_pkts=32 q_bytes=48128 qdelay_l_ms=0.854286 qdelay_c_ms=12.7579 ecn_mark=1741 drop=0
[QUEUE_STATS] t_ms=26768 q_pkts=32 q_bytes=48128 qdelay_l_ms=1.07316 qdelay_c_ms=16.3126 ecn_mark=1743 drop=0
[QUEUE_STATS] t_ms=26784 q_pkts=32 q_bytes=48128 qdelay_l_ms=0.871457 qdelay_c_ms=15.8144 ecn_mark=1746 drop=0
[QUEUE_STATS] t_ms=26800 q_pkts=33 q_bytes=49632 qdelay_l_ms=1.086 qdelay_c_ms=14.1231 ecn_mark=1747 drop=0
[QUEUE_STATS] t_ms=26816 q_pkts=34 q_bytes=51136 qdelay_l_ms=0.873451 qdelay_c_ms=15.7728 ecn_mark=1748 drop=0
[QUEUE_STATS] t_ms=26832 q_pkts=32 q_bytes=48128 qdelay_l_ms=0.875205 qdelay_c_ms=15.9891 ecn_mark=1749 drop=0
[QUEUE_STATS] t_ms=26848 q_pkts=33 q_bytes=49632 qdelay_l_ms=0.838757 qdelay_c_ms=14.797 ecn_mark=1749 drop=0
[QUEUE_STATS] t_ms=26864 q_pkts=30 q_bytes=45120 qdelay_l_ms=0.872841 qdelay_c_ms=16.0329 ecn_mark=1750 drop=0
[QUEUE_STATS] t_ms=26880 q_pkts=34 q_bytes=51136 qdelay_l_ms=0.864775 qdelay_c_ms=14.8792 ecn_mark=1751 drop=0
[QUEUE_STATS] t_ms=26896 q_pkts=32 q_bytes=48128 qdelay_l_ms=1.07595 qdelay_c_ms=16.0875 ecn_mark=1752 drop=0
[QUEUE_STATS] t_ms=26912 q_pkts=34 q_bytes=51136 qdelay_l_ms=1.07091 qdelay_c_ms=15.6851 ecn_mark=1754 drop=0
[QUEUE_STATS] t_ms=26928 q_pkts=33 q_bytes=49632 qdelay_l_ms=1.06178 qdelay_c_ms=16.4258 ecn_mark=1755 drop=0
[QUEUE_STATS] t_ms=26944 q_pkts=31 q_bytes=46624 qdelay_l_ms=1.0963 qdelay_c_ms=16.05 ecn_mark=1757 drop=0
[QUEUE_STATS] t_ms=26960 q_pkts=36 q_bytes=54144 qdelay_l_ms=0.857862 qdelay_c_ms=15.8116 ecn_mark=1757 drop=0
[QUEUE_STATS] t_ms=26976 q_pkts=34 q_bytes=51136 qdelay_l_ms=0.882068 qdelay_c_ms=16.8555 ecn_mark=1758 drop=0
[QUEUE_STATS] t_ms=26992 q_pkts=33 q_bytes=49632 qdelay_l_ms=1.05598 qdelay_c_ms=16.274 ecn_mark=1764 drop=0
[QUEUE_STATS] t_ms=27008 q_pkts=38 q_bytes=57152 qdelay_l_ms=0.828978 qdelay_c_ms=16.5412 ecn_mark=1766 drop=0
[QUEUE_STATS] t_ms=27024 q_pkts=32 q_bytes=48128 qdelay_l_ms=0.863182 qdelay_c_ms=16.9119 ecn_mark=1767 drop=0
[QUEUE_STATS] t_ms=27040 q_pkts=34 q_bytes=51136 qdelay_l_ms=0.837955 qdelay_c_ms=15.9595 ecn_mark=1767 drop=0
[QUEUE_STATS] t_ms=27056 q_pkts=36 q_bytes=54144 qdelay_l_ms=0.978719 qdelay_c_ms=16.1409 ecn_mark=1770 drop=0
[QUEUE_STATS] t_ms=27072 q_pkts=34 q_bytes=51136 qdelay_l_ms=0.875045 qdelay_c_ms=16.7374 ecn_mark=1772 drop=0
[QUEUE_STATS] t_ms=27088 q_pkts=35 q_bytes=52640 qdelay_l_ms=0.877509 qdelay_c_ms=16.9447 ecn_mark=1773 drop=0
[QUEUE_STATS] t_ms=27104 q_pkts=35 q_bytes=52640 qdelay_l_ms=0.963902 qdelay_c_ms=14.9096 ecn_mark=1773 drop=0
[QUEUE_STATS] t_ms=27120 q_pkts=34 q_bytes=51136 qdelay_l_ms=1.08801 qdelay_c_ms=17.3757 ecn_mark=1773 drop=0
[QUEUE_STATS] t_ms=27136 q_pkts=36 q_bytes=54144 qdelay_l_ms=1.1092 qdelay_c_ms=17.803 ecn_mark=1774 drop=0
[QUEUE_STATS] t_ms=27152 q_pkts=36 q_bytes=54144 qdelay_l_ms=1.06655 qdelay_c_ms=14.9324 ecn_mark=1775 drop=0
[QUEUE_STATS] t_ms=27168 q_pkts=35 q_bytes=52640 qdelay_l_ms=0.99997 qdelay_c_ms=18.9304 ecn_mark=1777 drop=0
[QUEUE_STATS] t_ms=27184 q_pkts=36 q_bytes=54144 qdelay_l_ms=1.02785 qdelay_c_ms=18.1077 ecn_mark=1778 drop=0
[QUEUE_STATS] t_ms=27201 q_pkts=37 q_bytes=55648 qdelay_l_ms=1.05804 qdelay_c_ms=16.9715 ecn_mark=1778 drop=0
[QUEUE_STATS] t_ms=27217 q_pkts=36 q_bytes=54144 qdelay_l_ms=1.07618 qdelay_c_ms=19.3148 ecn_mark=1781 drop=0
[QUEUE_STATS] t_ms=27232 q_pkts=37 q_bytes=55648 qdelay_l_ms=0.990772 qdelay_c_ms=15.8874 ecn_mark=1781 drop=0
[QUEUE_STATS] t_ms=27248 q_pkts=36 q_bytes=54144 qdelay_l_ms=0.035106 qdelay_c_ms=17.9867 ecn_mark=1783 drop=0
[QUEUE_STATS] t_ms=27265 q_pkts=37 q_bytes=55648 qdelay_l_ms=1.06323 qdelay_c_ms=18.1038 ecn_mark=1783 drop=0
[QUEUE_STATS] t_ms=27280 q_pkts=37 q_bytes=55648 qdelay_l_ms=1.08676 qdelay_c_ms=14.6768 ecn_mark=1785 drop=0
[QUEUE_STATS] t_ms=27296 q_pkts=35 q_bytes=52640 qdelay_l_ms=1.09491 qdelay_c_ms=17.9101 ecn_mark=1785 drop=0
[QUEUE_STATS] t_ms=27312 q_pkts=38 q_bytes=57152 qdelay_l_ms=0.869585 qdelay_c_ms=17.9343 ecn_mark=1785 drop=0
[QUEUE_STATS] t_ms=27328 q_pkts=35 q_bytes=52640 qdelay_l_ms=0.876337 qdelay_c_ms=15.9835 ecn_mark=1785 drop=0
[QUEUE_STATS] t_ms=27344 q_pkts=37 q_bytes=55648 qdelay_l_ms=1.09032 qdelay_c_ms=17.3838 ecn_mark=1786 drop=0
[QUEUE_STATS] t_ms=27360 q_pkts=37 q_bytes=55648 qdelay_l_ms=1.0815 qdelay_c_ms=18.7662 ecn_mark=1787 drop=0
[QUEUE_STATS] t_ms=27376 q_pkts=36 q_bytes=54144 qdelay_l_ms=1.10554 qdelay_c_ms=15.9442 ecn_mark=1788 drop=0
[QUEUE_STATS] t_ms=27392 q_pkts=36 q_bytes=54144 qdelay_l_ms=1.10094 qdelay_c_ms=19.3493 ecn_mark=1789 drop=0
[QUEUE_STATS] t_ms=27408 q_pkts=37 q_bytes=55648 qdelay_l_ms=1.06535 qdelay_c_ms=16.6176 ecn_mark=1789 drop=0
[QUEUE_STATS] t_ms=27424 q_pkts=36 q_bytes=54144 qdelay_l_ms=1.11043 qdelay_c_ms=17.2016 ecn_mark=1790 drop=0
[QUEUE_STATS] t_ms=27440 q_pkts=37 q_bytes=55648 qdelay_l_ms=1.1254 qdelay_c_ms=17.9801 ecn_mark=1790 drop=0
[QUEUE_STATS] t_ms=27456 q_pkts=38 q_bytes=57152 qdelay_l_ms=0.871448 qdelay_c_ms=16.9384 ecn_mark=1791 drop=0
[QUEUE_STATS] t_ms=27473 q_pkts=38 q_bytes=57152 qdelay_l_ms=1.10199 qdelay_c_ms=17.0807 ecn_mark=1792 drop=0
[QUEUE_STATS] t_ms=27488 q_pkts=40 q_bytes=60160 qdelay_l_ms=1.01384 qdelay_c_ms=20.0812 ecn_mark=1794 drop=0
[QUEUE_STATS] t_ms=27504 q_pkts=37 q_bytes=55648 qdelay_l_ms=1.02037 qdelay_c_ms=17.0681 ecn_mark=1794 drop=0
[QUEUE_STATS] t_ms=27520 q_pkts=36 q_bytes=54144 qdelay_l_ms=0.044444 qdelay_c_ms=17.1877 ecn_mark=1796 drop=0
[QUEUE_STATS] t_ms=27536 q_pkts=39 q_bytes=58656 qdelay_l_ms=0 qdelay_c_ms=19.6463 ecn_mark=1796 drop=0
[QUEUE_STATS] t_ms=27552 q_pkts=38 q_bytes=57152 qdelay_l_ms=0.863002 qdelay_c_ms=17.7423 ecn_mark=1796 drop=0
[QUEUE_STATS] t_ms=27568 q_pkts=39 q_bytes=58656 qdelay_l_ms=1.09503 qdelay_c_ms=19.0656 ecn_mark=1797 drop=0
[QUEUE_STATS] t_ms=27585 q_pkts=40 q_bytes=60160 qdelay_l_ms=1.11971 qdelay_c_ms=19.1007 ecn_mark=1798 drop=0
[QUEUE_STATS] t_ms=27601 q_pkts=41 q_bytes=61664 qdelay_l_ms=1.08403 qdelay_c_ms=20.053 ecn_mark=1799 drop=0
[QUEUE_STATS] t_ms=27617 q_pkts=39 q_bytes=58656 qdelay_l_ms=1.07073 qdelay_c_ms=20.1281 ecn_mark=1800 drop=0
[QUEUE_STATS] t_ms=27632 q_pkts=41 q_bytes=61664 qdelay_l_ms=1.06868 qdelay_c_ms=19.1067 ecn_mark=1801 drop=0
[QUEUE_STATS] t_ms=27648 q_pkts=41 q_bytes=61664 qdelay_l_ms=1.07639 qdelay_c_ms=19.67 ecn_mark=1804 drop=0
[QUEUE_STATS] t_ms=27664 q_pkts=40 q_bytes=60160 qdelay_l_ms=0.847172 qdelay_c_ms=18.5326 ecn_mark=1806 drop=0
[QUEUE_STATS] t_ms=27680 q_pkts=40 q_bytes=60160 qdelay_l_ms=0.794303 qdelay_c_ms=18.9711 ecn_mark=1806 drop=0
[QUEUE_STATS] t_ms=27696 q_pkts=40 q_bytes=60160 qdelay_l_ms=0.013485 qdelay_c_ms=19.0674 ecn_mark=1807 drop=0
[QUEUE_STATS] t_ms=27712 q_pkts=40 q_bytes=60160 qdelay_l_ms=0 qdelay_c_ms=17.7311 ecn_mark=1808 drop=0
[QUEUE_STATS] t_ms=27729 q_pkts=38 q_bytes=57152 qdelay_l_ms=1.07888 qdelay_c_ms=19.1775 ecn_mark=1809 drop=0
[QUEUE_STATS] t_ms=27744 q_pkts=41 q_bytes=61664 qdelay_l_ms=0.828477 qdelay_c_ms=19.7908 ecn_mark=1811 drop=0
[QUEUE_STATS] t_ms=27760 q_pkts=40 q_bytes=60160 qdelay_l_ms=0.847573 qdelay_c_ms=16.9572 ecn_mark=1812 drop=0
[QUEUE_STATS] t_ms=27777 q_pkts=40 q_bytes=60160 qdelay_l_ms=1.07095 qdelay_c_ms=20.0907 ecn_mark=1814 drop=0
[QUEUE_STATS] t_ms=27792 q_pkts=38 q_bytes=57152 qdelay_l_ms=1.02501 qdelay_c_ms=19.1589 ecn_mark=1814 drop=0
[QUEUE_STATS] t_ms=27808 q_pkts=39 q_bytes=58656 qdelay_l_ms=1.09474 qdelay_c_ms=15.8948 ecn_mark=1814 drop=0
[QUEUE_STATS] t_ms=27824 q_pkts=39 q_bytes=58656 qdelay_l_ms=1.11139 qdelay_c_ms=20.1532 ecn_mark=1815 drop=0
[QUEUE_STATS] t_ms=27840 q_pkts=40 q_bytes=60160 qdelay_l_ms=1.08804 qdelay_c_ms=20.0851 ecn_mark=1817 drop=0
[QUEUE_STATS] t_ms=27856 q_pkts=41 q_bytes=61664 qdelay_l_ms=1.104 qdelay_c_ms=17.958 ecn_mark=1820 drop=0
[QUEUE_STATS] t_ms=27872 q_pkts=39 q_bytes=58656 qdelay_l_ms=1.07993 qdelay_c_ms=20.3029 ecn_mark=1820 drop=0
[QUEUE_STATS] t_ms=27888 q_pkts=40 q_bytes=60160 qdelay_l_ms=1.07264 qdelay_c_ms=21.2414 ecn_mark=1822 drop=0
[QUEUE_STATS] t_ms=27905 q_pkts=43 q_bytes=64672 qdelay_l_ms=1.12258 qdelay_c_ms=17.9784 ecn_mark=1822 drop=0
[QUEUE_STATS] t_ms=27920 q_pkts=42 q_bytes=63168 qdelay_l_ms=1.0235 qdelay_c_ms=20.2854 ecn_mark=1822 drop=0
[QUEUE_STATS] t_ms=27936 q_pkts=42 q_bytes=63168 qdelay_l_ms=1.08082 qdelay_c_ms=19.9269 ecn_mark=1823 drop=0
[QUEUE_STATS] t_ms=27952 q_pkts=39 q_bytes=58656 qdelay_l_ms=0.884903 qdelay_c_ms=20.0047 ecn_mark=1823 drop=0
[QUEUE_STATS] t_ms=27968 q_pkts=43 q_bytes=64672 qdelay_l_ms=0.842904 qdelay_c_ms=19.5406 ecn_mark=1824 drop=0
[QUEUE_STATS] t_ms=27984 q_pkts=41 q_bytes=61664 qdelay_l_ms=1.09319 qdelay_c_ms=19.0791 ecn_mark=1825 drop=0
[QUEUE_STATS] t_ms=28000 q_pkts=42 q_bytes=63168 qdelay_l_ms=1.11198 qdelay_c_ms=20.2876 ecn_mark=1826 drop=0
[QUEUE_STATS] t_ms=28016 q_pkts=40 q_bytes=60160 qdelay_l_ms=1.02441 qdelay_c_ms=19.0369 ecn_mark=1826 drop=0
[QUEUE_STATS] t_ms=28032 q_pkts=41 q_bytes=61664 qdelay_l_ms=1.08642 qdelay_c_ms=19.1064 ecn_mark=1827 drop=0
[QUEUE_STATS] t_ms=28048 q_pkts=37 q_bytes=55648 qdelay_l_ms=0 qdelay_c_ms=20.1621 ecn_mark=1827 drop=0
[QUEUE_STATS] t_ms=28064 q_pkts=42 q_bytes=63168 qdelay_l_ms=0.855127 qdelay_c_ms=18.1187 ecn_mark=1828 drop=0
[QUEUE_STATS] t_ms=28081 q_pkts=41 q_bytes=61664 qdelay_l_ms=1.09631 qdelay_c_ms=21.0556 ecn_mark=1828 drop=0
[QUEUE_STATS] t_ms=28096 q_pkts=42 q_bytes=63168 qdelay_l_ms=1.03638 qdelay_c_ms=20.2769 ecn_mark=1829 drop=0
[QUEUE_STATS] t_ms=28112 q_pkts=43 q_bytes=64672 qdelay_l_ms=1.07272 qdelay_c_ms=17.8301 ecn_mark=1831 drop=0
[QUEUE_STATS] t_ms=28128 q_pkts=41 q_bytes=61664 qdelay_l_ms=1.07932 qdelay_c_ms=21.4231 ecn_mark=1832 drop=0
[QUEUE_STATS] t_ms=28144 q_pkts=43 q_bytes=64672 qdelay_l_ms=1.07708 qdelay_c_ms=20.8888 ecn_mark=1835 drop=0
[QUEUE_STATS] t_ms=28160 q_pkts=43 q_bytes=64672 qdelay_l_ms=0.890464 qdelay_c_ms=18.849 ecn_mark=1836 drop=0
[QUEUE_STATS] t_ms=28176 q_pkts=43 q_bytes=64672 qdelay_l_ms=1.07644 qdelay_c_ms=22.1039 ecn_mark=1837 drop=0
[QUEUE_STATS] t_ms=28192 q_pkts=42 q_bytes=63168 qdelay_l_ms=0.868402 qdelay_c_ms=18.8818 ecn_mark=1838 drop=0
[QUEUE_STATS] t_ms=28208 q_pkts=42 q_bytes=63168 qdelay_l_ms=1.10671 qdelay_c_ms=19.9871 ecn_mark=1839 drop=0
[QUEUE_STATS] t_ms=28225 q_pkts=42 q_bytes=63168 qdelay_l_ms=1.04062 qdelay_c_ms=22.1538 ecn_mark=1839 drop=0
[QUEUE_STATS] t_ms=28240 q_pkts=42 q_bytes=63168 qdelay_l_ms=0.880124 qdelay_c_ms=17.9509 ecn_mark=1840 drop=0
[QUEUE_STATS] t_ms=28256 q_pkts=42 q_bytes=63168 qdelay_l_ms=1.05956 qdelay_c_ms=21.3466 ecn_mark=1841 drop=0
[QUEUE_STATS] t_ms=28272 q_pkts=45 q_bytes=67680 qdelay_l_ms=1.05989 qdelay_c_ms=22.2157 ecn_mark=1842 drop=0
[QUEUE_STATS] t_ms=28288 q_pkts=43 q_bytes=64672 qdelay_l_ms=0.850639 qdelay_c_ms=18.8937 ecn_mark=1842 drop=0
[QUEUE_STATS] t_ms=28304 q_pkts=37 q_bytes=55648 qdelay_l_ms=0 qdelay_c_ms=19.9889 ecn_mark=1843 drop=0
[QUEUE_STATS] t_ms=28320 q_pkts=44 q_bytes=66176 qdelay_l_ms=1.07984 qdelay_c_ms=21.0754 ecn_mark=1846 drop=0
[QUEUE_STATS] t_ms=28336 q_pkts=40 q_bytes=60160 qdelay_l_ms=0 qdelay_c_ms=18.9245 ecn_mark=1847 drop=0
[QUEUE_STATS] t_ms=28352 q_pkts=45 q_bytes=67680 qdelay_l_ms=0.879593 qdelay_c_ms=21.9176 ecn_mark=1847 drop=0
[QUEUE_STATS] t_ms=28368 q_pkts=45 q_bytes=67680 qdelay_l_ms=1.0245 qdelay_c_ms=20.9502 ecn_mark=1848 drop=0
[QUEUE_STATS] t_ms=28384 q_pkts=44 q_bytes=66176 qdelay_l_ms=1.05655 qdelay_c_ms=21.1667 ecn_mark=1848 drop=0
[QUEUE_STATS] t_ms=28400 q_pkts=45 q_bytes=67680 qdelay_l_ms=0.878751 qdelay_c_ms=21.9815 ecn_mark=1848 drop=0
[QUEUE_STATS] t_ms=28416 q_pkts=45 q_bytes=67680 qdelay_l_ms=1.05652 qdelay_c_ms=19.8479 ecn_mark=1848 drop=0
[QUEUE_STATS] t_ms=28432 q_pkts=45 q_bytes=67680 qdelay_l_ms=0.873081 qdelay_c_ms=22.8421 ecn_mark=1848 drop=0
[QUEUE_STATS] t_ms=28448 q_pkts=47 q_bytes=70688 qdelay_l_ms=1.01823 qdelay_c_ms=20.7739 ecn_mark=1848 drop=0
[QUEUE_STATS] t_ms=28464 q_pkts=47 q_bytes=70688 qdelay_l_ms=1.09921 qdelay_c_ms=21.1852 ecn_mark=1848 drop=0
[QUEUE_STATS] t_ms=28480 q_pkts=44 q_bytes=66176 qdelay_l_ms=1.09438 qdelay_c_ms=21.8535 ecn_mark=1850 drop=0
[QUEUE_STATS] t_ms=28496 q_pkts=45 q_bytes=67680 qdelay_l_ms=0.010941 qdelay_c_ms=20.534 ecn_mark=1850 drop=0
[QUEUE_STATS] t_ms=28512 q_pkts=45 q_bytes=67680 qdelay_l_ms=1.10081 qdelay_c_ms=21.8788 ecn_mark=1851 drop=0
[QUEUE_STATS] t_ms=28528 q_pkts=48 q_bytes=72192 qdelay_l_ms=1.11732 qdelay_c_ms=24.155 ecn_mark=1851 drop=0
[QUEUE_STATS] t_ms=28544 q_pkts=47 q_bytes=70688 qdelay_l_ms=0.945557 qdelay_c_ms=21.0154 ecn_mark=1852 drop=0
[QUEUE_STATS] t_ms=28560 q_pkts=46 q_bytes=69184 qdelay_l_ms=1.08681 qdelay_c_ms=23.3522 ecn_mark=1852 drop=0
[QUEUE_STATS] t_ms=28576 q_pkts=47 q_bytes=70688 qdelay_l_ms=0.861629 qdelay_c_ms=25.0482 ecn_mark=1853 drop=0
[QUEUE_STATS] t_ms=28592 q_pkts=48 q_bytes=72192 qdelay_l_ms=1.10688 qdelay_c_ms=21.8377 ecn_mark=1853 drop=0
[QUEUE_STATS] t_ms=28608 q_pkts=46 q_bytes=69184 qdelay_l_ms=1.05663 qdelay_c_ms=23.9268 ecn_mark=1853 drop=0
[QUEUE_STATS] t_ms=28624 q_pkts=46 q_bytes=69184 qdelay_l_ms=0 qdelay_c_ms=23.2155 ecn_mark=1853 drop=0
[QUEUE_STATS] t_ms=28640 q_pkts=50 q_bytes=75200 qdelay_l_ms=1.11139 qdelay_c_ms=21.8209 ecn_mark=1854 drop=0
[QUEUE_STATS] t_ms=28656 q_pkts=49 q_bytes=73696 qdelay_l_ms=0.864104 qdelay_c_ms=25.8964 ecn_mark=1855 drop=0
[QUEUE_STATS] t_ms=28672 q_pkts=49 q_bytes=73696 qdelay_l_ms=0.847192 qdelay_c_ms=23.2487 ecn_mark=1857 drop=0
[QUEUE_STATS] t_ms=28688 q_pkts=51 q_bytes=76704 qdelay_l_ms=1.07148 qdelay_c_ms=25.0319 ecn_mark=1857 drop=0
[QUEUE_STATS] t_ms=28704 q_pkts=50 q_bytes=75200 qdelay_l_ms=1.03187 qdelay_c_ms=26.1162 ecn_mark=1857 drop=0
[QUEUE_STATS] t_ms=28721 q_pkts=50 q_bytes=75200 qdelay_l_ms=1.05151 qdelay_c_ms=22.9687 ecn_mark=1860 drop=0
[QUEUE_STATS] t_ms=28736 q_pkts=51 q_bytes=76704 qdelay_l_ms=1.07723 qdelay_c_ms=25.3756 ecn_mark=1860 drop=0
[QUEUE_STATS] t_ms=28752 q_pkts=52 q_bytes=78208 qdelay_l_ms=1.02455 qdelay_c_ms=28.0852 ecn_mark=1861 drop=0
[QUEUE_STATS] t_ms=28768 q_pkts=51 q_bytes=76704 qdelay_l_ms=1.06623 qdelay_c_ms=25.9404 ecn_mark=1861 drop=0
[QUEUE_STATS] t_ms=28784 q_pkts=49 q_bytes=73696 qdelay_l_ms=0.027803 qdelay_c_ms=26.1537 ecn_mark=1862 drop=0
[QUEUE_STATS] t_ms=28800 q_pkts=52 q_bytes=78208 qdelay_l_ms=1.06086 qdelay_c_ms=26.3104 ecn_mark=1864 drop=0
[QUEUE_STATS] t_ms=28816 q_pkts=52 q_bytes=78208 qdelay_l_ms=1.08083 qdelay_c_ms=24.7806 ecn_mark=1864 drop=0
[QUEUE_STATS] t_ms=28833 q_pkts=52 q_bytes=78208 qdelay_l_ms=1.07824 qdelay_c_ms=26.1679 ecn_mark=1865 drop=0
[QUEUE_STATS] t_ms=28848 q_pkts=52 q_bytes=78208 qdelay_l_ms=0.843305 qdelay_c_ms=25.8005 ecn_mark=1865 drop=0
[QUEUE_STATS] t_ms=28864 q_pkts=49 q_bytes=73696 qdelay_l_ms=0 qdelay_c_ms=25.2993 ecn_mark=1866 drop=0
[QUEUE_STATS] t_ms=28880 q_pkts=53 q_bytes=79712 qdelay_l_ms=1.10173 qdelay_c_ms=27.0605 ecn_mark=1867 drop=0
[QUEUE_STATS] t_ms=28896 q_pkts=54 q_bytes=81216 qdelay_l_ms=1.08511 qdelay_c_ms=28.0596 ecn_mark=1868 drop=0
[QUEUE_STATS] t_ms=28912 q_pkts=54 q_bytes=81216 qdelay_l_ms=0.937151 qdelay_c_ms=26.8863 ecn_mark=1869 drop=0
[QUEUE_STATS] t_ms=28928 q_pkts=53 q_bytes=79712 qdelay_l_ms=1.06204 qdelay_c_ms=28.0046 ecn_mark=1870 drop=0
[QUEUE_STATS] t_ms=28944 q_pkts=55 q_bytes=82720 qdelay_l_ms=1.11342 qdelay_c_ms=26.8783 ecn_mark=1872 drop=0
[QUEUE_STATS] t_ms=28960 q_pkts=54 q_bytes=81216 qdelay_l_ms=1.03216 qdelay_c_ms=25.9804 ecn_mark=1872 drop=0
[QUEUE_STATS] t_ms=28976 q_pkts=49 q_bytes=73696 qdelay_l_ms=0 qdelay_c_ms=27.0045 ecn_mark=1874 drop=0
[QUEUE_STATS] t_ms=28992 q_pkts=55 q_bytes=82720 qdelay_l_ms=1.09874 qdelay_c_ms=27.9543 ecn_mark=1877 drop=0
[QUEUE_STATS] t_ms=29008 q_pkts=52 q_bytes=78208 qdelay_l_ms=0 qdelay_c_ms=25.7481 ecn_mark=1877 drop=0
[QUEUE_STATS] t_ms=29024 q_pkts=54 q_bytes=81216 qdelay_l_ms=0.926912 qdelay_c_ms=28.8748 ecn_mark=1877 drop=0
[QUEUE_STATS] t_ms=29041 q_pkts=56 q_bytes=84224 qdelay_l_ms=1.0317 qdelay_c_ms=27.9454 ecn_mark=1877 drop=0
[QUEUE_STATS] t_ms=29056 q_pkts=55 q_bytes=82720 qdelay_l_ms=1.0939 qdelay_c_ms=26.926 ecn_mark=1879 drop=0
[QUEUE_STATS] t_ms=29072 q_pkts=56 q_bytes=84224 qdelay_l_ms=1.08941 qdelay_c_ms=30.3443 ecn_mark=1879 drop=0
[QUEUE_STATS] t_ms=29088 q_pkts=56 q_bytes=84224 qdelay_l_ms=1.09937 qdelay_c_ms=28.0272 ecn_mark=1879 drop=0
[QUEUE_STATS] t_ms=29104 q_pkts=55 q_bytes=82720 qdelay_l_ms=0.818619 qdelay_c_ms=26.9331 ecn_mark=1880 drop=0
[QUEUE_STATS] t_ms=29120 q_pkts=59 q_bytes=88736 qdelay_l_ms=0.922834 qdelay_c_ms=30.9826 ecn_mark=1880 drop=0
[QUEUE_STATS] t_ms=29136 q_pkts=58 q_bytes=87232 qdelay_l_ms=1.11674 qdelay_c_ms=27.6139 ecn_mark=1882 drop=0
[QUEUE_STATS] t_ms=29153 q_pkts=55 q_bytes=82720 qdelay_l_ms=1.07875 qdelay_c_ms=28.1198 ecn_mark=1884 drop=0
[QUEUE_STATS] t_ms=29168 q_pkts=56 q_bytes=84224 qdelay_l_ms=0.896385 qdelay_c_ms=30.9037 ecn_mark=1885 drop=0
[QUEUE_STATS] t_ms=29184 q_pkts=57 q_bytes=85728 qdelay_l_ms=1.08373 qdelay_c_ms=28.9285 ecn_mark=1886 drop=0
[QUEUE_STATS] t_ms=29200 q_pkts=56 q_bytes=84224 qdelay_l_ms=1.11468 qdelay_c_ms=29.0589 ecn_mark=1886 drop=0
[QUEUE_STATS] t_ms=29216 q_pkts=54 q_bytes=81216 qdelay_l_ms=0.017944 qdelay_c_ms=29.0343 ecn_mark=1886 drop=0
[QUEUE_STATS] t_ms=29232 q_pkts=58 q_bytes=87232 qdelay_l_ms=0.803721 qdelay_c_ms=29.7363 ecn_mark=1886 drop=0
[QUEUE_STATS] t_ms=29248 q_pkts=53 q_bytes=79712 qdelay_l_ms=0 qdelay_c_ms=29.1745 ecn_mark=1886 drop=0
[QUEUE_STATS] t_ms=29264 q_pkts=58 q_bytes=87232 qdelay_l_ms=1.07221 qdelay_c_ms=30.8769 ecn_mark=1887 drop=0
[QUEUE_STATS] t_ms=29280 q_pkts=60 q_bytes=90240 qdelay_l_ms=1.03185 qdelay_c_ms=31.1 ecn_mark=1888 drop=0
[QUEUE_STATS] t_ms=29296 q_pkts=60 q_bytes=90240 qdelay_l_ms=0.807738 qdelay_c_ms=30.9594 ecn_mark=1888 drop=0
[QUEUE_STATS] t_ms=29313 q_pkts=60 q_bytes=90240 qdelay_l_ms=1.07648 qdelay_c_ms=30.8759 ecn_mark=1890 drop=0
[QUEUE_STATS] t_ms=29328 q_pkts=57 q_bytes=85728 qdelay_l_ms=0.013195 qdelay_c_ms=29.2508 ecn_mark=1890 drop=0
[QUEUE_STATS] t_ms=29344 q_pkts=59 q_bytes=88736 qdelay_l_ms=1.0872 qdelay_c_ms=30.1768 ecn_mark=1892 drop=0
[QUEUE_STATS] t_ms=29360 q_pkts=58 q_bytes=87232 qdelay_l_ms=1.09875 qdelay_c_ms=29.9459 ecn_mark=1893 drop=0
[QUEUE_STATS] t_ms=29376 q_pkts=60 q_bytes=90240 qdelay_l_ms=1.02892 qdelay_c_ms=33.0379 ecn_mark=1893 drop=0
[QUEUE_STATS] t_ms=29392 q_pkts=61 q_bytes=91744 qdelay_l_ms=1.09858 qdelay_c_ms=29.852 ecn_mark=1893 drop=0
[QUEUE_STATS] t_ms=29408 q_pkts=60 q_bytes=90240 qdelay_l_ms=1.10397 qdelay_c_ms=30.8497 ecn_mark=1893 drop=0
[QUEUE_STATS] t_ms=29424 q_pkts=55 q_bytes=82720 qdelay_l_ms=0 qdelay_c_ms=32.2267 ecn_mark=1894 drop=0
[QUEUE_STATS] t_ms=29440 q_pkts=59 q_bytes=88736 qdelay_l_ms=0.866388 qdelay_c_ms=30.869 ecn_mark=1895 drop=0
[QUEUE_STATS] t_ms=29457 q_pkts=60 q_bytes=90240 qdelay_l_ms=1.08458 qdelay_c_ms=31.0069 ecn_mark=1895 drop=0
[QUEUE_STATS] t_ms=29472 q_pkts=58 q_bytes=87232 qdelay_l_ms=0 qdelay_c_ms=31.1851 ecn_mark=1897 drop=0
[QUEUE_STATS] t_ms=29488 q_pkts=58 q_bytes=87232 qdelay_l_ms=0.026911 qdelay_c_ms=29.9562 ecn_mark=1898 drop=0
[QUEUE_STATS] t_ms=29504 q_pkts=62 q_bytes=93248 qdelay_l_ms=1.06862 qdelay_c_ms=31.9327 ecn_mark=1898 drop=0
[QUEUE_STATS] t_ms=29520 q_pkts=61 q_bytes=91744 qdelay_l_ms=1.08167 qdelay_c_ms=32.0743 ecn_mark=1899 drop=0
[QUEUE_STATS] t_ms=29536 q_pkts=61 q_bytes=91744 qdelay_l_ms=1.08584 qdelay_c_ms=31.089 ecn_mark=1901 drop=0
[QUEUE_STATS] t_ms=29552 q_pkts=62 q_bytes=93248 qdelay_l_ms=1.10181 qdelay_c_ms=34.3625 ecn_mark=1901 drop=0
[QUEUE_STATS] t_ms=29568 q_pkts=58 q_bytes=87232 qdelay_l_ms=0 qdelay_c_ms=32.1681 ecn_mark=1902 drop=0
[QUEUE_STATS] t_ms=29585 q_pkts=61 q_bytes=91744 qdelay_l_ms=1.05313 qdelay_c_ms=31.761 ecn_mark=1902 drop=0
[QUEUE_STATS] t_ms=29600 q_pkts=61 q_bytes=91744 qdelay_l_ms=1.07675 qdelay_c_ms=33.2459 ecn_mark=1904 drop=0
[QUEUE_STATS] t_ms=29616 q_pkts=61 q_bytes=91744 qdelay_l_ms=1.01566 qdelay_c_ms=32.1642 ecn_mark=1904 drop=0
[QUEUE_STATS] t_ms=29633 q_pkts=61 q_bytes=91744 qdelay_l_ms=1.07685 qdelay_c_ms=31.1717 ecn_mark=1905 drop=0
[QUEUE_STATS] t_ms=29648 q_pkts=64 q_bytes=96256 qdelay_l_ms=1.11109 qdelay_c_ms=33.7437 ecn_mark=1905 drop=0
[QUEUE_STATS] t_ms=29664 q_pkts=63 q_bytes=94752 qdelay_l_ms=0.851901 qdelay_c_ms=31.6782 ecn_mark=1905 drop=0
[QUEUE_STATS] t_ms=29680 q_pkts=62 q_bytes=93248 qdelay_l_ms=1.10702 qdelay_c_ms=32.4022 ecn_mark=1905 drop=0
[QUEUE_STATS] t_ms=29696 q_pkts=64 q_bytes=96256 qdelay_l_ms=0.875746 qdelay_c_ms=34.6314 ecn_mark=1905 drop=0
[QUEUE_STATS] t_ms=29712 q_pkts=63 q_bytes=94752 qdelay_l_ms=0.809842 qdelay_c_ms=32.5805 ecn_mark=1905 drop=0
[QUEUE_STATS] t_ms=29728 q_pkts=63 q_bytes=94752 qdelay_l_ms=1.09426 qdelay_c_ms=33.0611 ecn_mark=1907 drop=0
[QUEUE_STATS] t_ms=29744 q_pkts=67 q_bytes=100768 qdelay_l_ms=1.10231 qdelay_c_ms=36.0535 ecn_mark=1907 drop=0
[QUEUE_STATS] t_ms=29760 q_pkts=65 q_bytes=97760 qdelay_l_ms=1.09922 qdelay_c_ms=33.0114 ecn_mark=1908 drop=0
[QUEUE_STATS] t_ms=29776 q_pkts=64 q_bytes=96256 qdelay_l_ms=1.11618 qdelay_c_ms=33.8034 ecn_mark=1908 drop=0
[QUEUE_STATS] t_ms=29792 q_pkts=60 q_bytes=90240 qdelay_l_ms=0 qdelay_c_ms=36.2026 ecn_mark=1908 drop=0
[QUEUE_STATS] t_ms=29808 q_pkts=63 q_bytes=94752 qdelay_l_ms=0.8193 qdelay_c_ms=32.9175 ecn_mark=1908 drop=0
[QUEUE_STATS] t_ms=29825 q_pkts=64 q_bytes=96256 qdelay_l_ms=1.06524 qdelay_c_ms=33.0136 ecn_mark=1909 drop=0
[QUEUE_STATS] t_ms=29840 q_pkts=65 q_bytes=97760 qdelay_l_ms=1.0409 qdelay_c_ms=34.9916 ecn_mark=1911 drop=0
[QUEUE_STATS] t_ms=29856 q_pkts=65 q_bytes=97760 qdelay_l_ms=1.0775 qdelay_c_ms=34.2786 ecn_mark=1913 drop=0
[QUEUE_STATS] t_ms=29872 q_pkts=62 q_bytes=93248 qdelay_l_ms=0 qdelay_c_ms=35.2724 ecn_mark=1915 drop=0
[QUEUE_STATS] t_ms=29888 q_pkts=65 q_bytes=97760 qdelay_l_ms=0.804873 qdelay_c_ms=36.002 ecn_mark=1917 drop=0
[QUEUE_STATS] t_ms=29904 q_pkts=65 q_bytes=97760 qdelay_l_ms=1.04797 qdelay_c_ms=35.1609 ecn_mark=1919 drop=0
[QUEUE_STATS] t_ms=29920 q_pkts=65 q_bytes=97760 qdelay_l_ms=1.06529 qdelay_c_ms=36.9775 ecn_mark=1920 drop=0
[QUEUE_STATS] t_ms=29936 q_pkts=64 q_bytes=96256 qdelay_l_ms=1.07779 qdelay_c_ms=34.3031 ecn_mark=1920 drop=0
[QUEUE_STATS] t_ms=29952 q_pkts=67 q_bytes=100768 qdelay_l_ms=1.10034 qdelay_c_ms=34.9515 ecn_mark=1922 drop=0
[QUEUE_STATS] t_ms=29968 q_pkts=66 q_bytes=99264 qdelay_l_ms=1.10179 qdelay_c_ms=37.2744 ecn_mark=1923 drop=0
[QUEUE_STATS] t_ms=29984 q_pkts=68 q_bytes=102272 qdelay_l_ms=1.10447 qdelay_c_ms=35.9886 ecn_mark=1923 drop=0
[QUEUE_STATS] t_ms=30000 q_pkts=61 q_bytes=91744 qdelay_l_ms=0 qdelay_c_ms=35.1658 ecn_mark=1925 drop=0
[QUEUE_STATS] t_ms=30016 q_pkts=56 q_bytes=84224 qdelay_l_ms=0 qdelay_c_ms=35.088 ecn_mark=1926 drop=0
[QUEUE_STATS] t_ms=30032 q_pkts=51 q_bytes=76704 qdelay_l_ms=1.09337 qdelay_c_ms=34.9662 ecn_mark=1926 drop=0
[QUEUE_STATS] t_ms=30048 q_pkts=43 q_bytes=64672 qdelay_l_ms=1.09329 qdelay_c_ms=33.9653 ecn_mark=1927 drop=0
[QUEUE_STATS] t_ms=30064 q_pkts=33 q_bytes=49632 qdelay_l_ms=0.907616 qdelay_c_ms=24.9601 ecn_mark=1927 drop=0
[QUEUE_STATS] t_ms=30080 q_pkts=24 q_bytes=36096 qdelay_l_ms=1.03662 qdelay_c_ms=19.105 ecn_mark=1928 drop=0
[QUEUE_STATS] t_ms=30096 q_pkts=21 q_bytes=31584 qdelay_l_ms=0 qdelay_c_ms=11.9448 ecn_mark=1929 drop=0
[QUEUE_STATS] t_ms=30112 q_pkts=23 q_bytes=34592 qdelay_l_ms=0 qdelay_c_ms=12.1137 ecn_mark=1930 drop=0
[QUEUE_STATS] t_ms=30128 q_pkts=27 q_bytes=4060