[QUEUE_STATS] t_ms=33 q_pkts=0 q_bytes=0 qdelay_l_ms=0 qdelay_c_ms=0 ecn_mark=0 drop=0
[QUEUE_STATS] t_ms=93 q_pkts=0 q_bytes=0 qdelay_l_ms=0 qdelay_c_ms=0 ecn_mark=0 drop=0
[QUEUE_STATS] t_ms=136 q_pkts=0 q_bytes=0 qdelay_l_ms=0 qdelay_c_ms=0 ecn_mark=0 drop=0
[QUEUE_STATS] t_ms=179 q_pkts=0 q_bytes=0 qdelay_l_ms=0 qdelay_c_ms=0 ecn_mark=0 drop=0
[QUEUE_STATS] t_ms=214 q_pkts=0 q_bytes=0 qdelay_l_ms=0 qdelay_c_ms=0 ecn_mark=0 drop=0
[QUEUE_STATS] t_ms=264 q_pkts=0 q_bytes=0 qdelay_l_ms=0 qdelay_c_ms=0 ecn_mark=0 drop=0
[QUEUE_STATS] t_ms=306 q_pkts=0 q_bytes=0 qdelay_l_ms=0 qdelay_c_ms=0 ecn_mark=0 drop=0
[QUEUE_STATS] t_ms=350 q_pkts=0 q_bytes=0 qdelay_l_ms=0 qdelay_c_ms=0 ecn_mark=0 drop=0
[QUEUE_STATS] t_ms=352 q_pkts=9 q_bytes=13536 qdelay_l_ms=1.07662 qdelay_c_ms=1.07217 ecn_mark=0 drop=0
[QUEUE_STATS] t_ms=368 q_pkts=1 q_bytes=1504 qdelay_l_ms=1.07491 qdelay_c_ms=0 ecn_mark=0 drop=0
[QUEUE_STATS] t_ms=392 q_pkts=0 q_bytes=0 qdelay_l_ms=0 qdelay_c_ms=0 ecn_mark=0 drop=0
[QUEUE_STATS] t_ms=400 q_pkts=24 q_bytes=36096 qdelay_l_ms=1.02921 qdelay_c_ms=3.22186 ecn_mark=0 drop=0
[QUEUE_STATS] t_ms=416 q_pkts=2 q_bytes=3008 qdelay_l_ms=1.08937 qdelay_c_ms=0 ecn_mark=0 drop=0
[QUEUE_STATS] t_ms=434 q_pkts=0 q_bytes=0 qdelay_l_ms=0 qdelay_c_ms=0 ecn_mark=0 drop=0
[QUEUE_STATS] t_ms=448 q_pkts=45 q_bytes=67680 qdelay_l_ms=1.05937 qdelay_c_ms=8.44076 ecn_mark=0 drop=0
[QUEUE_STATS] t_ms=464 q_pkts=42 q_bytes=63168 qdelay_l_ms=2.12692 qdelay_c_ms=23.2112 ecn_mark=0 drop=0
[QUEUE_STATS] t_ms=480 q_pkts=15 q_bytes=22560 qdelay_l_ms=2.02172 qdelay_c_ms=2.90632 ecn_mark=0 drop=0
[QUEUE_STATS] t_ms=496 q_pkts=69 q_bytes=103776 qdelay_l_ms=4.3316 qdelay_c_ms=16.9373 ecn_mark=0 drop=0
[QUEUE_STATS] t_ms=512 q_pkts=150 q_bytes=225600 qdelay_l_ms=10.8896 qdelay_c_ms=31.118 ecn_mark=3 drop=0
[QUEUE_STATS] t_ms=528 q_pkts=170 q_bytes=255680 qdelay_l_ms=5.64654 qdelay_c_ms=46.0919 ecn_mark=33 drop=0
[QUEUE_STATS] t_ms=544 q_pkts=233 q_bytes=350432 qdelay_l_ms=14.1978 qdelay_c_ms=60.543 ecn_mark=56 drop=0
[QUEUE_STATS] t_ms=560 q_pkts=227 q_bytes=341408 qdelay_l_ms=21.6965 qdelay_c_ms=74.6101 ecn_mark=116 drop=0
[QUEUE_STATS] t_ms=576 q_pkts=167 q_bytes=251168 qdelay_l_ms=29.4602 qdelay_c_ms=87.854 ecn_mark=176 drop=0
[QUEUE_STATS] t_ms=592 q_pkts=115 q_bytes=172960 qdelay_l_ms=1.07809 qdelay_c_ms=94.0653 ecn_mark=208 drop=0
[QUEUE_STATS] t_ms=608 q_pkts=94 q_bytes=141376 qdelay_l_ms=1.00518 qdelay_c_ms=99.9214 ecn_mark=208 drop=0
[QUEUE_STATS] t_ms=624 q_pkts=68 q_bytes=102272 qdelay_l_ms=1.09166 qdelay_c_ms=113.089 ecn_mark=208 drop=0
[QUEUE_STATS] t_ms=640 q_pkts=80 q_bytes=120320 qdelay_l_ms=1.92722 qdelay_c_ms=98.8207 ecn_mark=208 drop=0
[QUEUE_STATS] t_ms=656 q_pkts=102 q_bytes=153408 qdelay_l_ms=1.11471 qdelay_c_ms=93.3343 ecn_mark=208 drop=0
[QUEUE_STATS] t_ms=672 q_pkts=124 q_bytes=186496 qdelay_l_ms=0.84582 qdelay_c_ms=88.0651 ecn_mark=208 drop=0
[QUEUE_STATS] t_ms=688 q_pkts=125 q_bytes=188000 qdelay_l_ms=1.93858 qdelay_c_ms=61.7831 ecn_mark=208 drop=0
[QUEUE_STATS] t_ms=704 q_pkts=129 q_bytes=194016 qdelay_l_ms=0.846851 qdelay_c_ms=76.0312 ecn_mark=208 drop=0
[QUEUE_STATS] t_ms=720 q_pkts=131 q_bytes=197024 qdelay_l_ms=1.0997 qdelay_c_ms=88.9419 ecn_mark=208 drop=0
[QUEUE_STATS] t_ms=736 q_pkts=131 q_bytes=197024 qdelay_l_ms=0.839098 qdelay_c_ms=96.9673 ecn_mark=208 drop=0
[QUEUE_STATS] t_ms=752 q_pkts=131 q_bytes=197024 qdelay_l_ms=1.0967 qdelay_c_ms=107.112 ecn_mark=208 drop=0
[QUEUE_STATS] t_ms=768 q_pkts=133 q_bytes=200032 qdelay_l_ms=0.694956 qdelay_c_ms=116.114 ecn_mark=208 drop=0
[QUEUE_STATS] t_ms=784 q_pkts=135 q_bytes=203040 qdelay_l_ms=1.0835 qdelay_c_ms=126.695 ecn_mark=209 drop=0
[QUEUE_STATS] t_ms=800 q_pkts=135 q_bytes=203040 qdelay_l_ms=1.22381 qdelay_c_ms=137.766 ecn_mark=209 drop=0
[QUEUE_STATS] t_ms=816 q_pkts=122 q_bytes=183488 qdelay_l_ms=0.656795 qdelay_c_ms=142.038 ecn_mark=209 drop=0
[QUEUE_STATS] t_ms=832 q_pkts=91 q_bytes=136864 qdelay_l_ms=1.09792 qdelay_c_ms=110.943 ecn_mark=209 drop=0
[QUEUE_STATS] t_ms=848 q_pkts=71 q_bytes=106784 qdelay_l_ms=0.987607 qdelay_c_ms=86.9634 ecn_mark=209 drop=0
[QUEUE_STATS] t_ms=864 q_pkts=82 q_bytes=121904 qdelay_l_ms=1.10089 qdelay_c_ms=64.236 ecn_mark=209 drop=0
[QUEUE_STATS] t_ms=880 q_pkts=90 q_bytes=133936 qdelay_l_ms=1.09919 qdelay_c_ms=37.1289 ecn_mark=209 drop=0
[QUEUE_STATS] t_ms=896 q_pkts=93 q_bytes=139872 qdelay_l_ms=0.626738 qdelay_c_ms=37.7098 ecn_mark=209 drop=0
[QUEUE_STATS] t_ms=912 q_pkts=93 q_bytes=139872 qdelay_l_ms=1.07288 qdelay_c_ms=44.0583 ecn_mark=209 drop=0
[QUEUE_STATS] t_ms=928 q_pkts=96 q_bytes=144384 qdelay_l_ms=1.06634 qdelay_c_ms=46.2149 ecn_mark=209 drop=0
[QUEUE_STATS] t_ms=944 q_pkts=96 q_bytes=144384 qdelay_l_ms=0.637197 qdelay_c_ms=48.0441 ecn_mark=210 drop=0
[QUEUE_STATS] t_ms=960 q_pkts=97 q_bytes=145888 qdelay_l_ms=1.07153 qdelay_c_ms=47.3167 ecn_mark=210 drop=0
[QUEUE_STATS] t_ms=976 q_pkts=100 q_bytes=150400 qdelay_l_ms=1.07061 qdelay_c_ms=50.0857 ecn_mark=210 drop=0
[QUEUE_STATS] t_ms=992 q_pkts=75 q_bytes=112800 qdelay_l_ms=0 qdelay_c_ms=36.9854 ecn_mark=210 drop=0
[QUEUE_STATS] t_ms=1008 q_pkts=68 q_bytes=102272 qdelay_l_ms=0.709924 qdelay_c_ms=34.0133 ecn_mark=210 drop=0
[QUEUE_STATS] t_ms=1024 q_pkts=72 q_bytes=108288 qdelay_l_ms=1.10004 qdelay_c_ms=29.3002 ecn_mark=210 drop=0
[QUEUE_STATS] t_ms=1040 q_pkts=81 q_bytes=121824 qdelay_l_ms=1.07451 qdelay_c_ms=24.2561 ecn_mark=210 drop=0
[QUEUE_STATS] t_ms=1056 q_pkts=82 q_bytes=123328 qdelay_l_ms=1.07808 qdelay_c_ms=29.0123 ecn_mark=210 drop=0
[QUEUE_STATS] t_ms=1072 q_pkts=85 q_bytes=127840 qdelay_l_ms=1.07131 qdelay_c_ms=33.2826 ecn_mark=210 drop=0
[QUEUE_STATS] t_ms=1088 q_pkts=89 q_bytes=133856 qdelay_l_ms=1.05885 qdelay_c_ms=33.2835 ecn_mark=210 drop=0
[QUEUE_STATS] t_ms=1104 q_pkts=92 q_bytes=138368 qdelay_l_ms=1.0849 qdelay_c_ms=34.7731 ecn_mark=210 drop=0
[QUEUE_STATS] t_ms=1120 q_pkts=93 q_bytes=139872 qdelay_l_ms=0 qdelay_c_ms=36.0817 ecn_mark=210 drop=0
[QUEUE_STATS] t_ms=1136 q_pkts=95 q_bytes=142880 qdelay_l_ms=1.10874 qdelay_c_ms=35.6544 ecn_mark=210 drop=0
[QUEUE_STATS] t_ms=1152 q_pkts=98 q_bytes=147392 qdelay_l_ms=0.73425 qdelay_c_ms=36.9268 ecn_mark=210 drop=0
[QUEUE_STATS] t_ms=1168 q_pkts=100 q_bytes=150400 qdelay_l_ms=1.03887 qdelay_c_ms=37.8424 ecn_mark=210 drop=0
[QUEUE_STATS] t_ms=1184 q_pkts=102 q_bytes=153408 qdelay_l_ms=1.11444 qdelay_c_ms=38.672 ecn_mark=210 drop=0
[QUEUE_STATS] t_ms=1200 q_pkts=104 q_bytes=156416 qdelay_l_ms=1.05191 qdelay_c_ms=40.9201 ecn_mark=210 drop=0
[QUEUE_STATS] t_ms=1216 q_pkts=108 q_bytes=162432 qdelay_l_ms=1.03406 qdelay_c_ms=41.6077 ecn_mark=210 drop=0
[QUEUE_STATS] t_ms=1232 q_pkts=109 q_bytes=163936 qdelay_l_ms=1.07136 qdelay_c_ms=42.7644 ecn_mark=210 drop=0
[QUEUE_STATS] t_ms=1248 q_pkts=111 q_bytes=166944 qdelay_l_ms=1.09396 qdelay_c_ms=43.8243 ecn_mark=210 drop=0
[QUEUE_STATS] t_ms=1264 q_pkts=113 q_bytes=169952 qdelay_l_ms=0.525648 qdelay_c_ms=43.6316 ecn_mark=210 drop=0
[QUEUE_STATS] t_ms=1280 q_pkts=116 q_bytes=174464 qdelay_l_ms=1.05297 qdelay_c_ms=45.7404 ecn_mark=210 drop=0
[QUEUE_STATS] t_ms=1296 q_pkts=120 q_bytes=180480 qdelay_l_ms=1.03598 qdelay_c_ms=46.7577 ecn_mark=210 drop=0
[QUEUE_STATS] t_ms=1312 q_pkts=119 q_bytes=178976 qdelay_l_ms=0.898449 qdelay_c_ms=47.1121 ecn_mark=210 drop=0
[QUEUE_STATS] t_ms=1328 q_pkts=122 q_bytes=183488 qdelay_l_ms=1.02323 qdelay_c_ms=49.0115 ecn_mark=210 drop=0
[QUEUE_STATS] t_ms=1344 q_pkts=125 q_bytes=188000 qdelay_l_ms=1.01197 qdelay_c_ms=49.2619 ecn_mark=210 drop=0
[QUEUE_STATS] t_ms=1360 q_pkts=128 q_bytes=192512 qdelay_l_ms=1.06645 qdelay_c_ms=51.1913 ecn_mark=210 drop=0
[QUEUE_STATS] t_ms=1376 q_pkts=130 q_bytes=195520 qdelay_l_ms=1.0092 qdelay_c_ms=51.9856 ecn_mark=210 drop=0
[QUEUE_STATS] t_ms=1392 q_pkts=130 q_bytes=195520 qdelay_l_ms=1.00411 qdelay_c_ms=52.709 ecn_mark=210 drop=0
[QUEUE_STATS] t_ms=1408 q_pkts=133 q_bytes=200032 qdelay_l_ms=0.778102 qdelay_c_ms=54.834 ecn_mark=210 drop=0
[QUEUE_STATS] t_ms=1424 q_pkts=137 q_bytes=206048 qdelay_l_ms=0.982637 qdelay_c_ms=56.22 ecn_mark=210 drop=0
[QUEUE_STATS] t_ms=1440 q_pkts=138 q_bytes=207552 qdelay_l_ms=1.00658 qdelay_c_ms=57.134 ecn_mark=210 drop=0
[QUEUE_STATS] t_ms=1456 q_pkts=140 q_bytes=210560 qdelay_l_ms=0.997094 qdelay_c_ms=56.8305 ecn_mark=210 drop=0
[QUEUE_STATS] t_ms=1472 q_pkts=144 q_bytes=216576 qdelay_l_ms=0.975263 qdelay_c_ms=57.8292 ecn_mark=210 drop=0
[QUEUE_STATS] t_ms=1488 q_pkts=143 q_bytes=215072 qdelay_l_ms=0.986214 qdelay_c_ms=59.9907 ecn_mark=210 drop=0
[QUEUE_STATS] t_ms=1504 q_pkts=148 q_bytes=222592 qdelay_l_ms=0.971375 qdelay_c_ms=61.9611 ecn_mark=210 drop=0
[QUEUE_STATS] t_ms=1520 q_pkts=149 q_bytes=224096 qdelay_l_ms=0.978058 qdelay_c_ms=60.8182 ecn_mark=210 drop=0
[QUEUE_STATS] t_ms=1536 q_pkts=152 q_bytes=228608 qdelay_l_ms=1.08797 qdelay_c_ms=65.269 ecn_mark=210 drop=0
[QUEUE_STATS] t_ms=1552 q_pkts=153 q_bytes=230112 qdelay_l_ms=1.10977 qdelay_c_ms=64.0498 ecn_mark=210 drop=0
[QUEUE_STATS] t_ms=1568 q_pkts=156 q_bytes=234624 qdelay_l_ms=1.04336 qdelay_c_ms=64.9597 ecn_mark=210 drop=0
[QUEUE_STATS] t_ms=1584 q_pkts=157 q_bytes=236128 qdelay_l_ms=0.993808 qdelay_c_ms=68.005 ecn_mark=210 drop=0
[QUEUE_STATS] t_ms=1600 q_pkts=160 q_bytes=240640 qdelay_l_ms=0.949855 qdelay_c_ms=67.1502 ecn_mark=210 drop=0
[QUEUE_STATS] t_ms=1616 q_pkts=163 q_bytes=245152 qdelay_l_ms=0.924667 qdelay_c_ms=68.9228 ecn_mark=210 drop=0
[QUEUE_STATS] t_ms=1632 q_pkts=165 q_bytes=248160 qdelay_l_ms=1.07056 qdelay_c_ms=72.7668 ecn_mark=210 drop=0
[QUEUE_STATS] t_ms=1648 q_pkts=166 q_bytes=249664 qdelay_l_ms=0.921682 qdelay_c_ms=71.0778 ecn_mark=211 drop=0
[QUEUE_STATS] t_ms=1664 q_pkts=170 q_bytes=255680 qdelay_l_ms=1.07923 qdelay_c_ms=73.0442 ecn_mark=211 drop=0
[QUEUE_STATS] t_ms=1680 q_pkts=166 q_bytes=249664 qdelay_l_ms=0.982997 qdelay_c_ms=74.265 ecn_mark=212 drop=0
[QUEUE_STATS] t_ms=1696 q_pkts=162 q_bytes=243648 qdelay_l_ms=1.0204 qdelay_c_ms=70.0087 ecn_mark=212 drop=0
[QUEUE_STATS] t_ms=1712 q_pkts=161 q_bytes=242144 qdelay_l_ms=1.03371 qdelay_c_ms=72.0332 ecn_mark=213 drop=0
[QUEUE_STATS] t_ms=1728 q_pkts=169 q_bytes=254176 qdelay_l_ms=1.08589 qdelay_c_ms=71.2112 ecn_mark=213 drop=0
[QUEUE_STATS] t_ms=1744 q_pkts=171 q_bytes=257184 qdelay_l_ms=1.08208 qdelay_c_ms=69.0417 ecn_mark=213 drop=0
[QUEUE_STATS] t_ms=1760 q_pkts=165 q_bytes=248160 qdelay_l_ms=0.533243 qdelay_c_ms=66.7877 ecn_mark=214 drop=0
[QUEUE_STATS] t_ms=1776 q_pkts=169 q_bytes=254176 qdelay_l_ms=1.06952 qdelay_c_ms=65.6416 ecn_mark=216 drop=0
[QUEUE_STATS] t_ms=1792 q_pkts=174 q_bytes=261696 qdelay_l_ms=0.789083 qdelay_c_ms=67.7168 ecn_mark=216 drop=0
[QUEUE_STATS] t_ms=1808 q_pkts=168 q_bytes=252672 qdelay_l_ms=1.06189 qdelay_c_ms=66.022 ecn_mark=217 drop=0
[QUEUE_STATS] t_ms=1824 q_pkts=169 q_bytes=254176 qdelay_l_ms=1.06968 qdelay_c_ms=65.2429 ecn_mark=217 drop=0
[QUEUE_STATS] t_ms=1840 q_pkts=175 q_bytes=263200 qdelay_l_ms=0.698533 qdelay_c_ms=66.4387 ecn_mark=217 drop=0
[QUEUE_STATS] t_ms=1856 q_pkts=170 q_bytes=255680 qdelay_l_ms=0.897126 qdelay_c_ms=63.9786 ecn_mark=217 drop=0
[QUEUE_STATS] t_ms=1872 q_pkts=170 q_bytes=255680 qdelay_l_ms=1.11087 qdelay_c_ms=63.0551 ecn_mark=217 drop=0
[QUEUE_STATS] t_ms=1888 q_pkts=174 q_bytes=261696 qdelay_l_ms=0.843846 qdelay_c_ms=61.9178 ecn_mark=218 drop=0
[QUEUE_STATS] t_ms=1904 q_pkts=178 q_bytes=267712 qdelay_l_ms=1.00348 qdelay_c_ms=63.1264 ecn_mark=218 drop=0
[QUEUE_STATS] t_ms=1920 q_pkts=175 q_bytes=263200 qdelay_l_ms=0.993247 qdelay_c_ms=63.3975 ecn_mark=218 drop=0
[QUEUE_STATS] t_ms=1936 q_pkts=178 q_bytes=267712 qdelay_l_ms=1.07105 qdelay_c_ms=61.8644 ecn_mark=218 drop=0
[QUEUE_STATS] t_ms=1952 q_pkts=179 q_bytes=269216 qdelay_l_ms=1.08881 qdelay_c_ms=64.1512 ecn_mark=218 drop=0
[QUEUE_STATS] t_ms=1968 q_pkts=184 q_bytes=276736 qdelay_l_ms=1.11308 qdelay_c_ms=65.1467 ecn_mark=218 drop=0
[QUEUE_STATS] t_ms=1984 q_pkts=186 q_bytes=279744 qdelay_l_ms=0.977066 qdelay_c_ms=63.8394 ecn_mark=218 drop=0
[QUEUE_STATS] t_ms=2000 q_pkts=188 q_bytes=282752 qdelay_l_ms=0.734891 qdelay_c_ms=65.7789 ecn_mark=218 drop=0
[QUEUE_STATS] t_ms=2016 q_pkts=191 q_bytes=287264 qdelay_l_ms=0.655022 qdelay_c_ms=65.9173 ecn_mark=218 drop=0
[QUEUE_STATS] t_ms=2032 q_pkts=193 q_bytes=290272 qdelay_l_ms=1.0962 qdelay_c_ms=67.4804 ecn_mark=218 drop=0
[QUEUE_STATS] t_ms=2048 q_pkts=195 q_bytes=293280 qdelay_l_ms=1.03945 qdelay_c_ms=68.5662 ecn_mark=218 drop=0
[QUEUE_STATS] t_ms=2064 q_pkts=198 q_bytes=297792 qdelay_l_ms=0.919929 qdelay_c_ms=71.1379 ecn_mark=219 drop=0
[QUEUE_STATS] t_ms=2080 q_pkts=201 q_bytes=302304 qdelay_l_ms=1.07576 qdelay_c_ms=71.2136 ecn_mark=219 drop=0
[QUEUE_STATS] t_ms=2096 q_pkts=204 q_bytes=306816 qdelay_l_ms=0.806466 qdelay_c_ms=71.4376 ecn_mark=219 drop=0
[QUEUE_STATS] t_ms=2112 q_pkts=203 q_bytes=305312 qdelay_l_ms=0 qdelay_c_ms=72.9409 ecn_mark=219 drop=0
[QUEUE_STATS] t_ms=2128 q_pkts=205 q_bytes=308320 qdelay_l_ms=0.967869 qdelay_c_ms=73.2346 ecn_mark=219 drop=0
[QUEUE_STATS] t_ms=2144 q_pkts=209 q_bytes=314336 qdelay_l_ms=1.06936 qdelay_c_ms=75.0228 ecn_mark=219 drop=0
[QUEUE_STATS] t_ms=2160 q_pkts=210 q_bytes=315840 qdelay_l_ms=1.07577 qdelay_c_ms=74.0742 ecn_mark=219 drop=0
[QUEUE_STATS] t_ms=2176 q_pkts=212 q_bytes=318848 qdelay_l_ms=1.06579 qdelay_c_ms=75.0967 ecn_mark=219 drop=0
[QUEUE_STATS] t_ms=2192 q_pkts=215 q_bytes=323360 qdelay_l_ms=1.05148 qdelay_c_ms=75.9908 ecn_mark=219 drop=0
[QUEUE_STATS] t_ms=2208 q_pkts=216 q_bytes=324864 qdelay_l_ms=1.05051 qdelay_c_ms=76.9105 ecn_mark=221 drop=0
[QUEUE_STATS] t_ms=2224 q_pkts=219 q_bytes=329376 qdelay_l_ms=0.586893 qdelay_c_ms=78.8146 ecn_mark=221 drop=0
[QUEUE_STATS] t_ms=2240 q_pkts=222 q_bytes=333888 qdelay_l_ms=1.04782 qdelay_c_ms=78.8947 ecn_mark=221 drop=0
[QUEUE_STATS] t_ms=2256 q_pkts=221 q_bytes=332384 qdelay_l_ms=1.06496 qdelay_c_ms=78.8444 ecn_mark=221 drop=0
[QUEUE_STATS] t_ms=2272 q_pkts=222 q_bytes=333888 qdelay_l_ms=1.04577 qdelay_c_ms=80.0323 ecn_mark=221 drop=0
[QUEUE_STATS] t_ms=2288 q_pkts=227 q_bytes=341408 qdelay_l_ms=0.924859 qdelay_c_ms=80.1885 ecn_mark=221 drop=0
[QUEUE_STATS] t_ms=2304 q_pkts=231 q_bytes=347424 qdelay_l_ms=1.05188 qdelay_c_ms=80.929 ecn_mark=221 drop=0
[QUEUE_STATS] t_ms=2320 q_pkts=232 q_bytes=348928 qdelay_l_ms=0.949875 qdelay_c_ms=82.3454 ecn_mark=222 drop=0
[QUEUE_STATS] t_ms=2336 q_pkts=236 q_bytes=354944 qdelay_l_ms=1.09816 qdelay_c_ms=83.1054 ecn_mark=222 drop=0
[QUEUE_STATS] t_ms=2352 q_pkts=235 q_bytes=353440 qdelay_l_ms=1.02582 qdelay_c_ms=83.2228 ecn_mark=222 drop=0
[QUEUE_STATS] t_ms=2368 q_pkts=238 q_bytes=357952 qdelay_l_ms=1.03202 qdelay_c_ms=85.1413 ecn_mark=223 drop=0
[QUEUE_STATS] t_ms=2384 q_pkts=239 q_bytes=359456 qdelay_l_ms=0.819881 qdelay_c_ms=85.8515 ecn_mark=223 drop=0
[QUEUE_STATS] t_ms=2400 q_pkts=240 q_bytes=360960 qdelay_l_ms=0.629774 qdelay_c_ms=84.9954 ecn_mark=223 drop=0
[QUEUE_STATS] t_ms=2416 q_pkts=242 q_bytes=363968 qdelay_l_ms=0.993197 qdelay_c_ms=86.4831 ecn_mark=223 drop=0
[QUEUE_STATS] t_ms=2432 q_pkts=244 q_bytes=366976 qdelay_l_ms=1.09802 qdelay_c_ms=87.3242 ecn_mark=223 drop=0
[QUEUE_STATS] t_ms=2448 q_pkts=247 q_bytes=371488 qdelay_l_ms=1.06216 qdelay_c_ms=87.216 ecn_mark=225 drop=0
[QUEUE_STATS] t_ms=2464 q_pkts=250 q_bytes=376000 qdelay_l_ms=1.06807 qdelay_c_ms=87.6977 ecn_mark=225 drop=0
[QUEUE_STATS] t_ms=2480 q_pkts=254 q_bytes=382016 qdelay_l_ms=1.05168 qdelay_c_ms=90.2566 ecn_mark=225 drop=0
[QUEUE_STATS] t_ms=2496 q_pkts=253 q_bytes=380512 qdelay_l_ms=0.803611 qdelay_c_ms=88.8213 ecn_mark=225 drop=0
[QUEUE_STATS] t_ms=2512 q_pkts=255 q_bytes=383520 qdelay_l_ms=1.07387 qdelay_c_ms=90.2195 ecn_mark=225 drop=0
[QUEUE_STATS] t_ms=2528 q_pkts=261 q_bytes=392544 qdelay_l_ms=1.08299 qdelay_c_ms=91.3439 ecn_mark=225 drop=0
[QUEUE_STATS] t_ms=2544 q_pkts=260 q_bytes=391040 qdelay_l_ms=1.10164 qdelay_c_ms=92.1753 ecn_mark=225 drop=0
[QUEUE_STATS] t_ms=2560 q_pkts=263 q_bytes=395552 qdelay_l_ms=1.07167 qdelay_c_ms=92.466 ecn_mark=225 drop=0
[QUEUE_STATS] t_ms=2576 q_pkts=267 q_bytes=401568 qdelay_l_ms=0.957429 qdelay_c_ms=93.611 ecn_mark=226 drop=0
[QUEUE_STATS] t_ms=2592 q_pkts=268 q_bytes=403072 qdelay_l_ms=1.07648 qdelay_c_ms=95.2101 ecn_mark=226 drop=0
[QUEUE_STATS] t_ms=2608 q_pkts=271 q_bytes=407584 qdelay_l_ms=0.95787 qdelay_c_ms=95.1528 ecn_mark=226 drop=0
[QUEUE_STATS] t_ms=2624 q_pkts=273 q_bytes=410592 qdelay_l_ms=0.769075 qdelay_c_ms=96.4755 ecn_mark=226 drop=0
[QUEUE_STATS] t_ms=2640 q_pkts=274 q_bytes=412096 qdelay_l_ms=1.07461 qdelay_c_ms=98.2227 ecn_mark=226 drop=0
[QUEUE_STATS] t_ms=2656 q_pkts=279 q_bytes=416696 qdelay_l_ms=0.725884 qdelay_c_ms=98.5405 ecn_mark=226 drop=0
[QUEUE_STATS] t_ms=2672 q_pkts=281 q_bytes=419704 qdelay_l_ms=1.07187 qdelay_c_ms=98.8511 ecn_mark=226 drop=0
[QUEUE_STATS] t_ms=2688 q_pkts=283 q_bytes=422712 qdelay_l_ms=1.09078 qdelay_c_ms=101.239 ecn_mark=226 drop=0
[QUEUE_STATS] t_ms=2704 q_pkts=288 q_bytes=430232 qdelay_l_ms=1.08513 qdelay_c_ms=100.875 ecn_mark=226 drop=0
[QUEUE_STATS] t_ms=2720 q_pkts=290 q_bytes=433240 qdelay_l_ms=1.08524 qdelay_c_ms=103.226 ecn_mark=226 drop=0
[QUEUE_STATS] t_ms=2736 q_pkts=293 q_bytes=437752 qdelay_l_ms=0.971806 qdelay_c_ms=103.895 ecn_mark=226 drop=0
[QUEUE_STATS] t_ms=2752 q_pkts=293 q_bytes=437752 qdelay_l_ms=0.784925 qdelay_c_ms=104.379 ecn_mark=226 drop=0
[QUEUE_STATS] t_ms=2768 q_pkts=294 q_bytes=442176 qdelay_l_ms=1.06735 qdelay_c_ms=106.17 ecn_mark=227 drop=0
[QUEUE_STATS] t_ms=2784 q_pkts=297 q_bytes=446688 qdelay_l_ms=1.04891 qdelay_c_ms=106.585 ecn_mark=227 drop=0
[QUEUE_STATS] t_ms=2800 q_pkts=299 q_bytes=449696 qdelay_l_ms=1.0629 qdelay_c_ms=107.024 ecn_mark=227 drop=0
[QUEUE_STATS] t_ms=2816 q_pkts=302 q_bytes=454208 qdelay_l_ms=1.0793 qdelay_c_ms=109.348 ecn_mark=227 drop=0
[QUEUE_STATS] t_ms=2832 q_pkts=304 q_bytes=457216 qdelay_l_ms=0.797469 qdelay_c_ms=109.907 ecn_mark=227 drop=0
[QUEUE_STATS] t_ms=2848 q_pkts=305 q_bytes=458720 qdelay_l_ms=1.06354 qdelay_c_ms=111.313 ecn_mark=227 drop=0
[QUEUE_STATS] t_ms=2864 q_pkts=309 q_bytes=464736 qdelay_l_ms=1.06843 qdelay_c_ms=112.488 ecn_mark=228 drop=0
[QUEUE_STATS] t_ms=2880 q_pkts=311 q_bytes=467744 qdelay_l_ms=1.05859 qdelay_c_ms=114.162 ecn_mark=228 drop=0
[QUEUE_STATS] t_ms=2896 q_pkts=313 q_bytes=470752 qdelay_l_ms=0.847853 qdelay_c_ms=114.006 ecn_mark=228 drop=0
[QUEUE_STATS] t_ms=2912 q_pkts=313 q_bytes=470752 qdelay_l_ms=1.06658 qdelay_c_ms=115.843 ecn_mark=228 drop=0
[QUEUE_STATS] t_ms=2928 q_pkts=318 q_bytes=478272 qdelay_l_ms=1.0627 qdelay_c_ms=116.012 ecn_mark=228 drop=0
[QUEUE_STATS] t_ms=2944 q_pkts=319 q_bytes=479776 qdelay_l_ms=1.11654 qdelay_c_ms=116.913 ecn_mark=228 drop=0
[QUEUE_STATS] t_ms=2960 q_pkts=322 q_bytes=484288 qdelay_l_ms=0.857492 qdelay_c_ms=119.16 ecn_mark=228 drop=0
[QUEUE_STATS] t_ms=2976 q_pkts=324 q_bytes=487296 qdelay_l_ms=1.06704 qdelay_c_ms=119.151 ecn_mark=228 drop=0
[QUEUE_STATS] t_ms=2992 q_pkts=326 q_bytes=490304 qdelay_l_ms=1.05393 qdelay_c_ms=120.01 ecn_mark=229 drop=0
[QUEUE_STATS] t_ms=3008 q_pkts=330 q_bytes=496320 qdelay_l_ms=1.06859 qdelay_c_ms=122.406 ecn_mark=229 drop=0
[QUEUE_STATS] t_ms=3024 q_pkts=331 q_bytes=497824 qdelay_l_ms=1.06108 qdelay_c_ms=122.941 ecn_mark=230 drop=0
[QUEUE_STATS] t_ms=3040 q_pkts=332 q_bytes=499328 qdelay_l_ms=0.847042 qdelay_c_ms=122.219 ecn_mark=231 drop=0
[QUEUE_STATS] t_ms=3056 q_pkts=337 q_bytes=506848 qdelay_l_ms=1.03452 qdelay_c_ms=125.177 ecn_mark=231 drop=0
[QUEUE_STATS] t_ms=3072 q_pkts=337 q_bytes=506848 qdelay_l_ms=0.739229 qdelay_c_ms=124.662 ecn_mark=231 drop=0
[QUEUE_STATS] t_ms=3088 q_pkts=337 q_bytes=506848 qdelay_l_ms=1.06257 qdelay_c_ms=125.809 ecn_mark=231 drop=0
[QUEUE_STATS] t_ms=3104 q_pkts=341 q_bytes=512864 qdelay_l_ms=1.06043 qdelay_c_ms=127.186 ecn_mark=231 drop=0
[QUEUE_STATS] t_ms=3120 q_pkts=343 q_bytes=515872 qdelay_l_ms=1.06579 qdelay_c_ms=128.063 ecn_mark=231 drop=0
[QUEUE_STATS] t_ms=3136 q_pkts=345 q_bytes=518880 qdelay_l_ms=0.859125 qdelay_c_ms=128.716 ecn_mark=231 drop=0
[QUEUE_STATS] t_ms=3152 q_pkts=348 q_bytes=523392 qdelay_l_ms=1.06711 qdelay_c_ms=131.27 ecn_mark=232 drop=0
[QUEUE_STATS] t_ms=3168 q_pkts=351 q_bytes=527904 qdelay_l_ms=1.09595 qdelay_c_ms=130.954 ecn_mark=232 drop=0
[QUEUE_STATS] t_ms=3184 q_pkts=352 q_bytes=529408 qdelay_l_ms=0.827735 qdelay_c_ms=131.85 ecn_mark=232 drop=0
[QUEUE_STATS] t_ms=3200 q_pkts=354 q_bytes=532416 qdelay_l_ms=0.593776 qdelay_c_ms=133.823 ecn_mark=233 drop=0
[QUEUE_STATS] t_ms=3216 q_pkts=357 q_bytes=536928 qdelay_l_ms=1.10003 qdelay_c_ms=133.923 ecn_mark=234 drop=0
[QUEUE_STATS] t_ms=3232 q_pkts=359 q_bytes=539936 qdelay_l_ms=0.641876 qdelay_c_ms=135.472 ecn_mark=234 drop=0
[QUEUE_STATS] t_ms=3248 q_pkts=361 q_bytes=542944 qdelay_l_ms=1.08249 qdelay_c_ms=136.967 ecn_mark=234 drop=0
[QUEUE_STATS] t_ms=3264 q_pkts=364 q_bytes=547456 qdelay_l_ms=1.08071 qdelay_c_ms=139.053 ecn_mark=234 drop=0
[QUEUE_STATS] t_ms=3280 q_pkts=365 q_bytes=548960 qdelay_l_ms=0.84102 qdelay_c_ms=139.672 ecn_mark=234 drop=0
[QUEUE_STATS] t_ms=3296 q_pkts=369 q_bytes=554976 qdelay_l_ms=0.84029 qdelay_c_ms=139.995 ecn_mark=235 drop=0
[QUEUE_STATS] t_ms=3312 q_pkts=370 q_bytes=556480 qdelay_l_ms=1.08248 qdelay_c_ms=142.975 ecn_mark=235 drop=0
[QUEUE_STATS] t_ms=3328 q_pkts=373 q_bytes=560992 qdelay_l_ms=1.1009 qdelay_c_ms=143.234 ecn_mark=235 drop=0
[QUEUE_STATS] t_ms=3344 q_pkts=374 q_bytes=562496 qdelay_l_ms=1.06757 qdelay_c_ms=144.09 ecn_mark=235 drop=0
[QUEUE_STATS] t_ms=3360 q_pkts=377 q_bytes=567008 qdelay_l_ms=0.843205 qdelay_c_ms=145.204 ecn_mark=235 drop=0
[QUEUE_STATS] t_ms=3376 q_pkts=379 q_bytes=570016 qdelay_l_ms=1.08505 qdelay_c_ms=146.191 ecn_mark=235 drop=0
[QUEUE_STATS] t_ms=3392 q_pkts=381 q_bytes=573024 qdelay_l_ms=1.02349 qdelay_c_ms=148.082 ecn_mark=236 drop=0
[QUEUE_STATS] t_ms=3408 q_pkts=383 q_bytes=576032 qdelay_l_ms=1.06747 qdelay_c_ms=148.817 ecn_mark=237 drop=0
[QUEUE_STATS] t_ms=3424 q_pkts=384 q_bytes=577536 qdelay_l_ms=1.0584 qdelay_c_ms=149.029 ecn_mark=238 drop=0
[QUEUE_STATS] t_ms=3440 q_pkts=387 q_bytes=582048 qdelay_l_ms=1.0461 qdelay_c_ms=150.848 ecn_mark=239 drop=0
[QUEUE_STATS] t_ms=3456 q_pkts=390 q_bytes=586560 qdelay_l_ms=1.08629 qdelay_c_ms=151.021 ecn_mark=241 drop=0
[QUEUE_STATS] t_ms=3472 q_pkts=391 q_bytes=588064 qdelay_l_ms=1.06597 qdelay_c_ms=152.387 ecn_mark=241 drop=0
[QUEUE_STATS] t_ms=3488 q_pkts=393 q_bytes=591072 qdelay_l_ms=0.884883 qdelay_c_ms=152.884 ecn_mark=241 drop=0
[QUEUE_STATS] t_ms=3504 q_pkts=394 q_bytes=592576 qdelay_l_ms=1.05448 qdelay_c_ms=154.964 ecn_mark=242 drop=0
[QUEUE_STATS] t_ms=3520 q_pkts=397 q_bytes=597088 qdelay_l_ms=1.03603 qdelay_c_ms=154.748 ecn_mark=243 drop=0
[QUEUE_STATS] t_ms=3536 q_pkts=399 q_bytes=600096 qdelay_l_ms=0.809171 qdelay_c_ms=157.076 ecn_mark=243 drop=0
[QUEUE_STATS] t_ms=3552 q_pkts=401 q_bytes=603104 qdelay_l_ms=1.02196 qdelay_c_ms=157.033 ecn_mark=243 drop=0
[QUEUE_STATS] t_ms=3568 q_pkts=405 q_bytes=609120 qdelay_l_ms=1.0478 qdelay_c_ms=157.962 ecn_mark=243 drop=0
[QUEUE_STATS] t_ms=3584 q_pkts=405 q_bytes=609120 qdelay_l_ms=0.964983 qdelay_c_ms=160.069 ecn_mark=244 drop=0
[QUEUE_STATS] t_ms=3600 q_pkts=407 q_bytes=612128 qdelay_l_ms=0.829659 qdelay_c_ms=161.157 ecn_mark=244 drop=0
[QUEUE_STATS] t_ms=3616 q_pkts=409 q_bytes=615136 qdelay_l_ms=1.05043 qdelay_c_ms=160.705 ecn_mark=244 drop=0
[QUEUE_STATS] t_ms=3632 q_pkts=414 q_bytes=622656 qdelay_l_ms=1.05049 qdelay_c_ms=163.148 ecn_mark=244 drop=0
[QUEUE_STATS] t_ms=3648 q_pkts=416 q_bytes=625664 qdelay_l_ms=0.317557 qdelay_c_ms=165.051 ecn_mark=247 drop=0
[QUEUE_STATS] t_ms=3664 q_pkts=419 q_bytes=630176 qdelay_l_ms=1.04673 qdelay_c_ms=165.059 ecn_mark=247 drop=0
[QUEUE_STATS] t_ms=3680 q_pkts=419 q_bytes=630176 qdelay_l_ms=1.07603 qdelay_c_ms=166.206 ecn_mark=247 drop=0
[QUEUE_STATS] t_ms=3696 q_pkts=421 q_bytes=633184 qdelay_l_ms=1.04633 qdelay_c_ms=167.978 ecn_mark=247 drop=0
[QUEUE_STATS] t_ms=3712 q_pkts=425 q_bytes=639200 qdelay_l_ms=1.08564 qdelay_c_ms=167.787 ecn_mark=248 drop=0
[QUEUE_STATS] t_ms=3728 q_pkts=427 q_bytes=642208 qdelay_l_ms=1.12174 qdelay_c_ms=170.257 ecn_mark=249 drop=0
[QUEUE_STATS] t_ms=3744 q_pkts=429 q_bytes=645216 qdelay_l_ms=1.02984 qdelay_c_ms=171.911 ecn_mark=250 drop=0
[QUEUE_STATS] t_ms=3760 q_pkts=429 q_bytes=645216 qdelay_l_ms=1.03808 qdelay_c_ms=170.817 ecn_mark=250 drop=0
[QUEUE_STATS] t_ms=3776 q_pkts=431 q_bytes=648224 qdelay_l_ms=1.10073 qdelay_c_ms=173.007 ecn_mark=250 drop=0
[QUEUE_STATS] t_ms=3792 q_pkts=434 q_bytes=652736 qdelay_l_ms=1.02155 qdelay_c_ms=174.985 ecn_mark=251 drop=0
[QUEUE_STATS] t_ms=3808 q_pkts=435 q_bytes=654240 qdelay_l_ms=1.08254 qdelay_c_ms=176.264 ecn_mark=251 drop=0
[QUEUE_STATS] t_ms=3824 q_pkts=437 q_bytes=657248 qdelay_l_ms=1.1106 qdelay_c_ms=176.413 ecn_mark=251 drop=0
[QUEUE_STATS] t_ms=3840 q_pkts=438 q_bytes=658752 qdelay_l_ms=1.03365 qdelay_c_ms=178.804 ecn_mark=251 drop=0
[QUEUE_STATS] t_ms=3856 q_pkts=441 q_bytes=663264 qdelay_l_ms=1.07842 qdelay_c_ms=179.244 ecn_mark=252 drop=0
[QUEUE_STATS] t_ms=3872 q_pkts=446 q_bytes=670784 qdelay_l_ms=1.11261 qdelay_c_ms=179.49 ecn_mark=252 drop=0
[QUEUE_STATS] t_ms=3888 q_pkts=446 q_bytes=670784 qdelay_l_ms=1.01295 qdelay_c_ms=180.627 ecn_mark=252 drop=0
[QUEUE_STATS] t_ms=3904 q_pkts=448 q_bytes=673792 qdelay_l_ms=1.10772 qdelay_c_ms=183.067 ecn_mark=252 drop=0
[QUEUE_STATS] t_ms=3920 q_pkts=451 q_bytes=678304 qdelay_l_ms=1.09721 qdelay_c_ms=185.291 ecn_mark=252 drop=0
[QUEUE_STATS] t_ms=3936 q_pkts=450 q_bytes=676800 qdelay_l_ms=1.00382 qdelay_c_ms=184.561 ecn_mark=252 drop=0
[QUEUE_STATS] t_ms=3952 q_pkts=453 q_bytes=681312 qdelay_l_ms=0.99 qdelay_c_ms=185.79 ecn_mark=253 drop=0
[QUEUE_STATS] t_ms=3968 q_pkts=458 q_bytes=688832 qdelay_l_ms=1.11086 qdelay_c_ms=187.516 ecn_mark=254 drop=0
[QUEUE_STATS] t_ms=3984 q_pkts=459 q_bytes=690336 qdelay_l_ms=1.00476 qdelay_c_ms=188.727 ecn_mark=254 drop=0
[QUEUE_STATS] t_ms=4000 q_pkts=460 q_bytes=691840 qdelay_l_ms=0.850829 qdelay_c_ms=189.103 ecn_mark=256 drop=0
[QUEUE_STATS] t_ms=4016 q_pkts=463 q_bytes=696352 qdelay_l_ms=0.982707 qdelay_c_ms=190.813 ecn_mark=258 drop=0
[QUEUE_STATS] t_ms=4032 q_pkts=465 q_bytes=699360 qdelay_l_ms=0.962228 qdelay_c_ms=193.152 ecn_mark=259 drop=0
[QUEUE_STATS] t_ms=4048 q_pkts=463 q_bytes=696352 qdelay_l_ms=1.0682 qdelay_c_ms=193.88 ecn_mark=260 drop=0
[QUEUE_STATS] t_ms=4064 q_pkts=469 q_bytes=705376 qdelay_l_ms=1.09096 qdelay_c_ms=195.336 ecn_mark=261 drop=0
[QUEUE_STATS] t_ms=4080 q_pkts=469 q_bytes=705376 qdelay_l_ms=1.07455 qdelay_c_ms=197.19 ecn_mark=262 drop=0
[QUEUE_STATS] t_ms=4096 q_pkts=473 q_bytes=711392 qdelay_l_ms=0.973179 qdelay_c_ms=197.129 ecn_mark=262 drop=0
[QUEUE_STATS] t_ms=4112 q_pkts=475 q_bytes=714400 qdelay_l_ms=0.820492 qdelay_c_ms=199.139 ecn_mark=262 drop=0
[QUEUE_STATS] t_ms=4128 q_pkts=476 q_bytes=715904 qdelay_l_ms=1.0712 qdelay_c_ms=200.912 ecn_mark=262 drop=0
[QUEUE_STATS] t_ms=4144 q_pkts=478 q_bytes=718912 qdelay_l_ms=1.09347 qdelay_c_ms=200.956 ecn_mark=262 drop=0
[QUEUE_STATS] t_ms=4160 q_pkts=482 q_bytes=724928 qdelay_l_ms=1.01245 qdelay_c_ms=203.179 ecn_mark=263 drop=0
[QUEUE_STATS] t_ms=4176 q_pkts=481 q_bytes=723424 qdelay_l_ms=0.945276 qdelay_c_ms=202.782 ecn_mark=264 drop=0
[QUEUE_STATS] t_ms=4192 q_pkts=484 q_bytes=727936 qdelay_l_ms=1.04086 qdelay_c_ms=206.147 ecn_mark=266 drop=0
[QUEUE_STATS] t_ms=4208 q_pkts=485 q_bytes=729440 qdelay_l_ms=0.7766 qdelay_c_ms=205.955 ecn_mark=268 drop=0
[QUEUE_STATS] t_ms=4224 q_pkts=488 q_bytes=733952 qdelay_l_ms=1.0643 qdelay_c_ms=208.198 ecn_mark=269 drop=0
[QUEUE_STATS] t_ms=4240 q_pkts=490 q_bytes=736960 qdelay_l_ms=1.07766 qdelay_c_ms=209.142 ecn_mark=269 drop=0
[QUEUE_STATS] t_ms=4256 q_pkts=491 q_bytes=738464 qdelay_l_ms=1.1023 qdelay_c_ms=211.11 ecn_mark=269 drop=0
[QUEUE_STATS] t_ms=4272 q_pkts=493 q_bytes=741472 qdelay_l_ms=0.951028 qdelay_c_ms=211.85 ecn_mark=269 drop=0
[QUEUE_STATS] t_ms=4288 q_pkts=496 q_bytes=745984 qdelay_l_ms=0.94722 qdelay_c_ms=212.735 ecn_mark=271 drop=0
[QUEUE_STATS] t_ms=4304 q_pkts=499 q_bytes=750496 qdelay_l_ms=0.92073 qdelay_c_ms=214.836 ecn_mark=271 drop=0
[QUEUE_STATS] t_ms=4320 q_pkts=499 q_bytes=750496 qdelay_l_ms=0.93125 qdelay_c_ms=216.052 ecn_mark=272 drop=0
[QUEUE_STATS] t_ms=4336 q_pkts=502 q_bytes=755008 qdelay_l_ms=1.07613 qdelay_c_ms=215.977 ecn_mark=272 drop=0
[QUEUE_STATS] t_ms=4352 q_pkts=505 q_bytes=759520 qdelay_l_ms=1.08708 qdelay_c_ms=216.826 ecn_mark=274 drop=0
[QUEUE_STATS] t_ms=4368 q_pkts=503 q_bytes=756512 qdelay_l_ms=1.09431 qdelay_c_ms=218.229 ecn_mark=274 drop=0
[QUEUE_STATS] t_ms=4384 q_pkts=507 q_bytes=762528 qdelay_l_ms=1.0923 qdelay_c_ms=219.313 ecn_mark=274 drop=0
[QUEUE_STATS] t_ms=4400 q_pkts=509 q_bytes=765536 qdelay_l_ms=0.93631 qdelay_c_ms=221.114 ecn_mark=274 drop=0
[QUEUE_STATS] t_ms=4416 q_pkts=505 q_bytes=759520 qdelay_l_ms=1.07028 qdelay_c_ms=222.198 ecn_mark=277 drop=0
[QUEUE_STATS] t_ms=4432 q_pkts=512 q_bytes=770048 qdelay_l_ms=0.928996 qdelay_c_ms=223.016 ecn_mark=277 drop=0
[QUEUE_STATS] t_ms=4448 q_pkts=516 q_bytes=774612 qdelay_l_ms=0.906314 qdelay_c_ms=223.775 ecn_mark=278 drop=0
[QUEUE_STATS] t_ms=4464 q_pkts=517 q_bytes=776116 qdelay_l_ms=0.915371 qdelay_c_ms=224.841 ecn_mark=279 drop=0
[QUEUE_STATS] t_ms=4480 q_pkts=521 q_bytes=782132 qdelay_l_ms=0 qdelay_c_ms=227.052 ecn_mark=281 drop=0
[QUEUE_STATS] t_ms=4496 q_pkts=522 q_bytes=783636 qdelay_l_ms=1.07666 qdelay_c_ms=226.988 ecn_mark=281 drop=0
[QUEUE_STATS] t_ms=4512 q_pkts=521 q_bytes=782132 qdelay_l_ms=0.931601 qdelay_c_ms=227.921 ecn_mark=281 drop=0
[QUEUE_STATS] t_ms=4528 q_pkts=524 q_bytes=786644 qdelay_l_ms=0.730352 qdelay_c_ms=228.962 ecn_mark=281 drop=0
[QUEUE_STATS] t_ms=4544 q_pkts=527 q_bytes=791156 qdelay_l_ms=1.03705 qdelay_c_ms=230.913 ecn_mark=282 drop=0
[QUEUE_STATS] t_ms=4560 q_pkts=528 q_bytes=792660 qdelay_l_ms=0.884803 qdelay_c_ms=232.616 ecn_mark=284 drop=0
[QUEUE_STATS] t_ms=4576 q_pkts=531 q_bytes=797172 qdelay_l_ms=0.930209 qdelay_c_ms=231.816 ecn_mark=284 drop=0
[QUEUE_STATS] t_ms=4592 q_pkts=531 q_bytes=797172 qdelay_l_ms=1.08712 qdelay_c_ms=234.145 ecn_mark=286 drop=0
[QUEUE_STATS] t_ms=4608 q_pkts=534 q_bytes=801684 qdelay_l_ms=0.97925 qdelay_c_ms=235.461 ecn_mark=287 drop=0
[QUEUE_STATS] t_ms=4624 q_pkts=534 q_bytes=801684 qdelay_l_ms=1.04248 qdelay_c_ms=236.256 ecn_mark=287 drop=0
[QUEUE_STATS] t_ms=4640 q_pkts=536 q_bytes=804692 qdelay_l_ms=0.246484 qdelay_c_ms=238.946 ecn_mark=287 drop=0
[QUEUE_STATS] t_ms=4656 q_pkts=539 q_bytes=809204 qdelay_l_ms=0.886115 qdelay_c_ms=238.601 ecn_mark=287 drop=0
[QUEUE_STATS] t_ms=4672 q_pkts=541 q_bytes=812212 qdelay_l_ms=0.914098 qdelay_c_ms=238.067 ecn_mark=288 drop=0
[QUEUE_STATS] t_ms=4688 q_pkts=542 q_bytes=815168 qdelay_l_ms=0.921753 qdelay_c_ms=240.999 ecn_mark=289 drop=0
[QUEUE_STATS] t_ms=4704 q_pkts=544 q_bytes=818176 qdelay_l_ms=0.9098 qdelay_c_ms=240.866 ecn_mark=289 drop=0
[QUEUE_STATS] t_ms=4720 q_pkts=545 q_bytes=819680 qdelay_l_ms=1.07147 qdelay_c_ms=243.132 ecn_mark=290 drop=0
[QUEUE_STATS] t_ms=4736 q_pkts=549 q_bytes=825696 qdelay_l_ms=1.05665 qdelay_c_ms=245.002 ecn_mark=291 drop=0
[QUEUE_STATS] t_ms=4752 q_pkts=549 q_bytes=825696 qdelay_l_ms=0.89385 qdelay_c_ms=245.117 ecn_mark=292 drop=0
[QUEUE_STATS] t_ms=4768 q_pkts=549 q_bytes=825696 qdelay_l_ms=1.08413 qdelay_c_ms=247.241 ecn_mark=293 drop=0
[QUEUE_STATS] t_ms=4784 q_pkts=555 q_bytes=834720 qdelay_l_ms=0.911223 qdelay_c_ms=249.034 ecn_mark=295 drop=0
[QUEUE_STATS] t_ms=4800 q_pkts=556 q_bytes=836224 qdelay_l_ms=0.912484 qdelay_c_ms=248.892 ecn_mark=296 drop=0
[QUEUE_STATS] t_ms=4816 q_pkts=555 q_bytes=834720 qdelay_l_ms=0.906334 qdelay_c_ms=250.916 ecn_mark=299 drop=0
[QUEUE_STATS] t_ms=4832 q_pkts=560 q_bytes=842240 qdelay_l_ms=1.06354 qdelay_c_ms=251.185 ecn_mark=300 drop=0
[QUEUE_STATS] t_ms=4848 q_pkts=559 q_bytes=840736 qdelay_l_ms=1.06745 qdelay_c_ms=252.259 ecn_mark=301 drop=0
[QUEUE_STATS] t_ms=4864 q_pkts=561 q_bytes=843744 qdelay_l_ms=0.891505 qdelay_c_ms=254.07 ecn_mark=301 drop=0
[QUEUE_STATS] t_ms=4880 q_pkts=562 q_bytes=845248 qdelay_l_ms=1.06892 qdelay_c_ms=254.137 ecn_mark=301 drop=0
[QUEUE_STATS] t_ms=4896 q_pkts=565 q_bytes=849760 qdelay_l_ms=1.06727 qdelay_c_ms=256.607 ecn_mark=302 drop=0
[QUEUE_STATS] t_ms=4912 q_pkts=568 q_bytes=854272 qdelay_l_ms=0.857502 qdelay_c_ms=257.787 ecn_mark=302 drop=0
[QUEUE_STATS] t_ms=4928 q_pkts=568 q_bytes=854272 qdelay_l_ms=1.07763 qdelay_c_ms=257.999 ecn_mark=302 drop=0
[QUEUE_STATS] t_ms=4944 q_pkts=570 q_bytes=857280 qdelay_l_ms=0.864325 qdelay_c_ms=257.859 ecn_mark=303 drop=0
[QUEUE_STATS] t_ms=4960 q_pkts=572 q_bytes=860288 qdelay_l_ms=0.895854 qdelay_c_ms=260.081 ecn_mark=304 drop=0
[QUEUE_STATS] t_ms=4976 q_pkts=573 q_bytes=861792 qdelay_l_ms=1.05394 qdelay_c_ms=261.245 ecn_mark=306 drop=0
[QUEUE_STATS] t_ms=4992 q_pkts=574 q_bytes=863296 qdelay_l_ms=0.958452 qdelay_c_ms=261.767 ecn_mark=308 drop=0
[QUEUE_STATS] t_ms=5008 q_pkts=576 q_bytes=866304 qdelay_l_ms=1.06149 qdelay_c_ms=264.093 ecn_mark=308 drop=0
[QUEUE_STATS] t_ms=5024 q_pkts=580 q_bytes=872320 qdelay_l_ms=0.655382 qdelay_c_ms=263.919 ecn_mark=311 drop=0
[QUEUE_STATS] t_ms=5040 q_pkts=579 q_bytes=870816 qdelay_l_ms=0.905301 qdelay_c_ms=263.801 ecn_mark=311 drop=0
[QUEUE_STATS] t_ms=5056 q_pkts=580 q_bytes=872320 qdelay_l_ms=0.891696 qdelay_c_ms=264.631 ecn_mark=312 drop=0
[QUEUE_STATS] t_ms=5072 q_pkts=584 q_bytes=878336 qdelay_l_ms=1.09104 qdelay_c_ms=267.238 ecn_mark=313 drop=0
[QUEUE_STATS] t_ms=5088 q_pkts=585 q_bytes=879840 qdelay_l_ms=0.893609 qdelay_c_ms=267.977 ecn_mark=316 drop=0
[QUEUE_STATS] t_ms=5104 q_pkts=584 q_bytes=878336 qdelay_l_ms=0.933845 qdelay_c_ms=266.946 ecn_mark=319 drop=0
[QUEUE_STATS] t_ms=5120 q_pkts=587 q_bytes=882848 qdelay_l_ms=0.859075 qdelay_c_ms=268.836 ecn_mark=322 drop=0
[QUEUE_STATS] t_ms=5136 q_pkts=591 q_bytes=888864 qdelay_l_ms=1.08313 qdelay_c_ms=268.918 ecn_mark=323 drop=0
[QUEUE_STATS] t_ms=5152 q_pkts=591 q_bytes=888864 qdelay_l_ms=0.88319 qdelay_c_ms=269.792 ecn_mark=324 drop=0
[QUEUE_STATS] t_ms=5168 q_pkts=593 q_bytes=891872 qdelay_l_ms=1.0774 qdelay_c_ms=271.319 ecn_mark=326 drop=0
[QUEUE_STATS] t_ms=5184 q_pkts=593 q_bytes=891872 qdelay_l_ms=0.962429 qdelay_c_ms=270.933 ecn_mark=326 drop=0
[QUEUE_STATS] t_ms=5200 q_pkts=595 q_bytes=894880 qdelay_l_ms=1.07292 qdelay_c_ms=273.102 ecn_mark=328 drop=0
[QUEUE_STATS] t_ms=5216 q_pkts=599 q_bytes=900896 qdelay_l_ms=0.859225 qdelay_c_ms=274.567 ecn_mark=332 drop=0
[QUEUE_STATS] t_ms=5232 q_pkts=600 q_bytes=902400 qdelay_l_ms=0.902065 qdelay_c_ms=273.797 ecn_mark=333 drop=0
[QUEUE_STATS] t_ms=5248 q_pkts=601 q_bytes=903904 qdelay_l_ms=0.975243 qdelay_c_ms=275.712 ecn_mark=334 drop=0
[QUEUE_STATS] t_ms=5264 q_pkts=604 q_bytes=908416 qdelay_l_ms=1.07191 qdelay_c_ms=275.56 ecn_mark=336 drop=0
[QUEUE_STATS] t_ms=5280 q_pkts=604 q_bytes=908416 qdelay_l_ms=0.916222 qdelay_c_ms=276.901 ecn_mark=337 drop=0
[QUEUE_STATS] t_ms=5296 q_pkts=603 q_bytes=906912 qdelay_l_ms=1.07297 qdelay_c_ms=276.155 ecn_mark=337 drop=0
[QUEUE_STATS] t_ms=5312 q_pkts=607 q_bytes=912928 qdelay_l_ms=1.06608 qdelay_c_ms=277.202 ecn_mark=339 drop=0
[QUEUE_STATS] t_ms=5328 q_pkts=609 q_bytes=915936 qdelay_l_ms=1.06603 qdelay_c_ms=279.499 ecn_mark=339 drop=0
[QUEUE_STATS] t_ms=5344 q_pkts=612 q_bytes=920448 qdelay_l_ms=1.08759 qdelay_c_ms=277.978 ecn_mark=340 drop=0
[QUEUE_STATS] t_ms=5360 q_pkts=612 q_bytes=920448 qdelay_l_ms=1.08433 qdelay_c_ms=279.161 ecn_mark=340 drop=0
[QUEUE_STATS] t_ms=5376 q_pkts=614 q_bytes=923456 qdelay_l_ms=0.884613 qdelay_c_ms=280.905 ecn_mark=340 drop=0
[QUEUE_STATS] t_ms=5392 q_pkts=616 q_bytes=926464 qdelay_l_ms=1.08649 qdelay_c_ms=280.81 ecn_mark=340 drop=0
[QUEUE_STATS] t_ms=5408 q_pkts=620 q_bytes=932480 qdelay_l_ms=1.07078 qdelay_c_ms=281.02 ecn_mark=342 drop=0
[QUEUE_STATS] t_ms=5424 q_pkts=620 q_bytes=932480 qdelay_l_ms=0.950406 qdelay_c_ms=284.155 ecn_mark=347 drop=0
[QUEUE_STATS] t_ms=5440 q_pkts=621 q_bytes=933984 qdelay_l_ms=1.09502 qdelay_c_ms=281.683 ecn_mark=351 drop=0
[QUEUE_STATS] t_ms=5456 q_pkts=624 q_bytes=938496 qdelay_l_ms=0.874564 qdelay_c_ms=282.775 ecn_mark=351 drop=0
[QUEUE_STATS] t_ms=5472 q_pkts=622 q_bytes=935488 qdelay_l_ms=1.09967 qdelay_c_ms=287.106 ecn_mark=352 drop=0
[QUEUE_STATS] t_ms=5488 q_pkts=624 q_bytes=938496 qdelay_l_ms=1.0499 qdelay_c_ms=282.866 ecn_mark=355 drop=0
[QUEUE_STATS] t_ms=5504 q_pkts=625 q_bytes=940000 qdelay_l_ms=1.06465 qdelay_c_ms=285.268 ecn_mark=356 drop=0
[QUEUE_STATS] t_ms=5520 q_pkts=627 q_bytes=943008 qdelay_l_ms=1.10638 qdelay_c_ms=286.968 ecn_mark=357 drop=0
[QUEUE_STATS] t_ms=5536 q_pkts=629 q_bytes=946016 qdelay_l_ms=1.06477 qdelay_c_ms=284.93 ecn_mark=358 drop=0
[QUEUE_STATS] t_ms=5552 q_pkts=633 q_bytes=952032 qdelay_l_ms=0.651074 qdelay_c_ms=287.451 ecn_mark=359 drop=0
[QUEUE_STATS] t_ms=5568 q_pkts=635 q_bytes=955040 qdelay_l_ms=1.11168 qdelay_c_ms=289.018 ecn_mark=360 drop=0
[QUEUE_STATS] t_ms=5584 q_pkts=636 q_bytes=956544 qdelay_l_ms=1.06669 qdelay_c_ms=287.023 ecn_mark=361 drop=0
[QUEUE_STATS] t_ms=5600 q_pkts=637 q_bytes=958048 qdelay_l_ms=1.05709 qdelay_c_ms=289.268 ecn_mark=363 drop=0
[QUEUE_STATS] t_ms=5616 q_pkts=639 q_bytes=961056 qdelay_l_ms=1.00764 qdelay_c_ms=289.788 ecn_mark=365 drop=0
[QUEUE_STATS] t_ms=5632 q_pkts=640 q_bytes=962560 qdelay_l_ms=1.08938 qdelay_c_ms=289.784 ecn_mark=367 drop=0
[QUEUE_STATS] t_ms=5648 q_pkts=640 q_bytes=962560 qdelay_l_ms=0.922554 qdelay_c_ms=289.846 ecn_mark=367 drop=0
[QUEUE_STATS] t_ms=5664 q_pkts=645 q_bytes=970080 qdelay_l_ms=1.09575 qdelay_c_ms=290.915 ecn_mark=368 drop=0
[QUEUE_STATS] t_ms=5680 q_pkts=638 q_bytes=959552 qdelay_l_ms=0.919378 qdelay_c_ms=290.885 ecn_mark=370 drop=0
[QUEUE_STATS] t_ms=5696 q_pkts=628 q_bytes=944512 qdelay_l_ms=1.03195 qdelay_c_ms=292.936 ecn_mark=370 drop=0
[QUEUE_STATS] t_ms=5712 q_pkts=617 q_bytes=927968 qdelay_l_ms=1.08653 qdelay_c_ms=292.038 ecn_mark=373 drop=0
[QUEUE_STATS] t_ms=5728 q_pkts=606 q_bytes=911424 qdelay_l_ms=0.693063 qdelay_c_ms=292.841 ecn_mark=375 drop=0
[QUEUE_STATS] t_ms=5744 q_pkts=598 q_bytes=899392 qdelay_l_ms=1.02723 qdelay_c_ms=293.97 ecn_mark=377 drop=0
[QUEUE_STATS] t_ms=5760 q_pkts=586 q_bytes=881344 qdelay_l_ms=1.09347 qdelay_c_ms=293.13 ecn_mark=378 drop=0
[QUEUE_STATS] t_ms=5776 q_pkts=578 q_bytes=869312 qdelay_l_ms=1.07454 qdelay_c_ms=295.306 ecn_mark=378 drop=0
[QUEUE_STATS] t_ms=5792 q_pkts=568 q_bytes=854272 qdelay_l_ms=0.947491 qdelay_c_ms=295.098 ecn_mark=381 drop=0
[QUEUE_STATS] t_ms=5808 q_pkts=558 q_bytes=839232 qdelay_l_ms=1.09826 qdelay_c_ms=295.42 ecn_mark=382 drop=0
[QUEUE_STATS] t_ms=5824 q_pkts=547 q_bytes=822688 qdelay_l_ms=1.08331 qdelay_c_ms=297.129 ecn_mark=382 drop=0
[QUEUE_STATS] t_ms=5840 q_pkts=539 q_bytes=810656 qdelay_l_ms=1.02089 qdelay_c_ms=299.085 ecn_mark=385 drop=0
[QUEUE_STATS] t_ms=5856 q_pkts=526 q_bytes=791104 qdelay_l_ms=1.07231 qdelay_c_ms=298.627 ecn_mark=386 drop=0
[QUEUE_STATS] t_ms=5872 q_pkts=516 q_bytes=776064 qdelay_l_ms=0.916192 qdelay_c_ms=299.612 ecn_mark=389 drop=0
[QUEUE_STATS] t_ms=5888 q_pkts=505 q_bytes=759520 qdelay_l_ms=0.901033 qdelay_c_ms=299.846 ecn_mark=390 drop=0
[QUEUE_STATS] t_ms=5904 q_pkts=496 q_bytes=745984 qdelay_l_ms=0.693373 qdelay_c_ms=298.98 ecn_mark=392 drop=0
[QUEUE_STATS] t_ms=5920 q_pkts=487 q_bytes=732448 qdelay_l_ms=0.939295 qdelay_c_ms=300.563 ecn_mark=395 drop=0
[QUEUE_STATS] t_ms=5936 q_pkts=474 q_bytes=712896 qdelay_l_ms=0.939316 qdelay_c_ms=300.839 ecn_mark=397 drop=0
[QUEUE_STATS] t_ms=5952 q_pkts=463 q_bytes=696352 qdelay_l_ms=1.08031 qdelay_c_ms=300.899 ecn_mark=399 drop=0
[QUEUE_STATS] t_ms=5968 q_pkts=454 q_bytes=682816 qdelay_l_ms=0.949935 qdelay_c_ms=300.894 ecn_mark=400 drop=0
[QUEUE_STATS] t_ms=5984 q_pkts=443 q_bytes=666272 qdelay_l_ms=0.968771 qdelay_c_ms=295.05 ecn_mark=401 drop=0
[QUEUE_STATS] t_ms=6000 q_pkts=430 q_bytes=646720 qdelay_l_ms=1.04983 qdelay_c_ms=288.164 ecn_mark=402 drop=0
[QUEUE_STATS] t_ms=6016 q_pkts=423 q_bytes=636192 qdelay_l_ms=1.05516 qdelay_c_ms=281.783 ecn_mark=404 drop=0
[QUEUE_STATS] t_ms=6032 q_pkts=423 q_bytes=636192 qdelay_l_ms=1.07387 qdelay_c_ms=273.004 ecn_mark=404 drop=0
[QUEUE_STATS] t_ms=6048 q_pkts=424 q_bytes=637696 qdelay_l_ms=1.08139 qdelay_c_ms=267.332 ecn_mark=408 drop=0
[QUEUE_STATS] t_ms=6064 q_pkts=423 q_bytes=636192 qdelay_l_ms=1.06376 qdelay_c_ms=259.024 ecn_mark=411 drop=0
[QUEUE_STATS] t_ms=6080 q_pkts=425 q_bytes=639200 qdelay_l_ms=1.12172 qdelay_c_ms=252.171 ecn_mark=412 drop=0
[QUEUE_STATS] t_ms=6096 q_pkts=423 q_bytes=636192 qdelay_l_ms=1.07128 qdelay_c_ms=245.046 ecn_mark=415 drop=0
[QUEUE_STATS] t_ms=6112 q_pkts=425 q_bytes=639200 qdelay_l_ms=0.978509 qdelay_c_ms=235.86 ecn_mark=419 drop=0
[QUEUE_STATS] t_ms=6128 q_pkts=424 q_bytes=637696 qdelay_l_ms=0.918296 qdelay_c_ms=227.75 ecn_mark=419 drop=0
[QUEUE_STATS] t_ms=6144 q_pkts=423 q_bytes=636192 qdelay_l_ms=1.06245 qdelay_c_ms=222.821 ecn_mark=419 drop=0
[QUEUE_STATS] t_ms=6160 q_pkts=426 q_bytes=640704 qdelay_l_ms=1.07914 qdelay_c_ms=212.288 ecn_mark=419 drop=0
[QUEUE_STATS] t_ms=6176 q_pkts=428 q_bytes=643712 qdelay_l_ms=1.12007 qdelay_c_ms=207.079 ecn_mark=420 drop=0
[QUEUE_STATS] t_ms=6192 q_pkts=427 q_bytes=642208 qdelay_l_ms=0.959373 qdelay_c_ms=197.833 ecn_mark=424 drop=0
[QUEUE_STATS] t_ms=6208 q_pkts=429 q_bytes=645216 qdelay_l_ms=0.974963 qdelay_c_ms=192.981 ecn_mark=424 drop=0
[QUEUE_STATS] t_ms=6224 q_pkts=431 q_bytes=648224 qdelay_l_ms=0.945176 qdelay_c_ms=192.984 ecn_mark=425 drop=0
[QUEUE_STATS] t_ms=6240 q_pkts=430 q_bytes=646720 qdelay_l_ms=1.05062 qdelay_c_ms=191.793 ecn_mark=426 drop=0
[QUEUE_STATS] t_ms=6256 q_pkts=430 q_bytes=646720 qdelay_l_ms=1.09002 qdelay_c_ms=191.369 ecn_mark=426 drop=0
[QUEUE_STATS] t_ms=6272 q_pkts=429 q_bytes=645216 qdelay_l_ms=0.978399 qdelay_c_ms=190.581 ecn_mark=427 drop=0
[QUEUE_STATS] t_ms=6288 q_pkts=431 q_bytes=648224 qdelay_l_ms=1.06779 qdelay_c_ms=190.934 ecn_mark=427 drop=0
[QUEUE_STATS] t_ms=6304 q_pkts=429 q_bytes=645216 qdelay_l_ms=0.991202 qdelay_c_ms=191.031 ecn_mark=429 drop=0
[QUEUE_STATS] t_ms=6320 q_pkts=433 q_bytes=651232 qdelay_l_ms=1.0004 qdelay_c_ms=190.317 ecn_mark=431 drop=0
[QUEUE_STATS] t_ms=6336 q_pkts=434 q_bytes=652736 qdelay_l_ms=1.00083 qdelay_c_ms=191.326 ecn_mark=432 drop=0
[QUEUE_STATS] t_ms=6352 q_pkts=435 q_bytes=654240 qdelay_l_ms=1.08969 qdelay_c_ms=190.25 ecn_mark=434 drop=0
[QUEUE_STATS] t_ms=6368 q_pkts=435 q_bytes=654240 qdelay_l_ms=0.98426 qdelay_c_ms=190.115 ecn_mark=434 drop=0
[QUEUE_STATS] t_ms=6384 q_pkts=436 q_bytes=655744 qdelay_l_ms=0.985051 qdelay_c_ms=191.1 ecn_mark=436 drop=0
[QUEUE_STATS] t_ms=6400 q_pkts=438 q_bytes=658752 qdelay_l_ms=1.09211 qdelay_c_ms=190.289 ecn_mark=437 drop=0
[QUEUE_STATS] t_ms=6416 q_pkts=440 q_bytes=661760 qdelay_l_ms=1.10866 qdelay_c_ms=191.035 ecn_mark=440 drop=0
[QUEUE_STATS] t_ms=6432 q_pkts=439 q_bytes=660256 qdelay_l_ms=1.07046 qdelay_c_ms=190.824 ecn_mark=441 drop=0
[QUEUE_STATS] t_ms=6448 q_pkts=439 q_bytes=660256 qdelay_l_ms=0.747736 qdelay_c_ms=189.987 ecn_mark=442 drop=0
[QUEUE_STATS] t_ms=6464 q_pkts=442 q_bytes=664768 qdelay_l_ms=1.10121 qdelay_c_ms=191.748 ecn_mark=444 drop=0
[QUEUE_STATS] t_ms=6480 q_pkts=440 q_bytes=661760 qdelay_l_ms=0.97894 qdelay_c_ms=188.519 ecn_mark=446 drop=0
[QUEUE_STATS] t_ms=6496 q_pkts=442 q_bytes=664768 qdelay_l_ms=0.997515 qdelay_c_ms=189.793 ecn_mark=448 drop=0
[QUEUE_STATS] t_ms=6512 q_pkts=445 q_bytes=669280 qdelay_l_ms=1.01469 qdelay_c_ms=192.014 ecn_mark=451 drop=0
[QUEUE_STATS] t_ms=6528 q_pkts=443 q_bytes=666272 qdelay_l_ms=0.988157 qdelay_c_ms=189.602 ecn_mark=454 drop=0
[QUEUE_STATS] t_ms=6544 q_pkts=443 q_bytes=666272 qdelay_l_ms=1.08171 qdelay_c_ms=190.058 ecn_mark=456 drop=0
[QUEUE_STATS] t_ms=6560 q_pkts=444 q_bytes=667776 qdelay_l_ms=1.03284 qdelay_c_ms=190.876 ecn_mark=458 drop=0
[QUEUE_STATS] t_ms=6576 q_pkts=447 q_bytes=672288 qdelay_l_ms=0.869544 qdelay_c_ms=190.1 ecn_mark=461 drop=0
[QUEUE_STATS] t_ms=6592 q_pkts=447 q_bytes=672288 qdelay_l_ms=1.07032 qdelay_c_ms=190.574 ecn_mark=465 drop=0
[QUEUE_STATS] t_ms=6608 q_pkts=450 q_bytes=676800 qdelay_l_ms=0.334499 qdelay_c_ms=190.792 ecn_mark=466 drop=0
[QUEUE_STATS] t_ms=6624 q_pkts=450 q_bytes=676800 qdelay_l_ms=0.514938 qdelay_c_ms=188.913 ecn_mark=467 drop=0
[QUEUE_STATS] t_ms=6640 q_pkts=448 q_bytes=673792 qdelay_l_ms=1.09632 qdelay_c_ms=190.408 ecn_mark=469 drop=0
[QUEUE_STATS] t_ms=6656 q_pkts=452 q_bytes=679808 qdelay_l_ms=0.258195 qdelay_c_ms=190.884 ecn_mark=472 drop=0
[QUEUE_STATS] t_ms=6672 q_pkts=453 q_bytes=681312 qdelay_l_ms=1.03078 qdelay_c_ms=190.939 ecn_mark=477 drop=0
[QUEUE_STATS] t_ms=6688 q_pkts=451 q_bytes=678304 qdelay_l_ms=0.928445 qdelay_c_ms=188.915 ecn_mark=477 drop=0
[QUEUE_STATS] t_ms=6704 q_pkts=454 q_bytes=682816 qdelay_l_ms=1.04319 qdelay_c_ms=189.903 ecn_mark=480 drop=0
[QUEUE_STATS] t_ms=6720 q_pkts=456 q_bytes=685824 qdelay_l_ms=0.480684 qdelay_c_ms=190.925 ecn_mark=484 drop=0
[QUEUE_STATS] t_ms=6736 q_pkts=455 q_bytes=684320 qdelay_l_ms=1.04773 qdelay_c_ms=188.957 ecn_mark=486 drop=0
[QUEUE_STATS] t_ms=6752 q_pkts=456 q_bytes=685824 qdelay_l_ms=1.08365 qdelay_c_ms=190.25 ecn_mark=487 drop=0
[QUEUE_STATS] t_ms=6768 q_pkts=457 q_bytes=687328 qdelay_l_ms=1.06325 qdelay_c_ms=190.041 ecn_mark=491 drop=0
[QUEUE_STATS] t_ms=6784 q_pkts=455 q_bytes=684320 qdelay_l_ms=1.05981 qdelay_c_ms=187.439 ecn_mark=492 drop=0
[QUEUE_STATS] t_ms=6800 q_pkts=457 q_bytes=687328 qdelay_l_ms=1.05398 qdelay_c_ms=189.228 ecn_mark=494 drop=0
[QUEUE_STATS] t_ms=6816 q_pkts=459 q_bytes=690336 qdelay_l_ms=1.09126 qdelay_c_ms=190.102 ecn_mark=495 drop=0
[QUEUE_STATS] t_ms=6832 q_pkts=458 q_bytes=688832 qdelay_l_ms=0 qdelay_c_ms=188.438 ecn_mark=496 drop=0
[QUEUE_STATS] t_ms=6848 q_pkts=459 q_bytes=690336 qdelay_l_ms=1.0897 qdelay_c_ms=188.451 ecn_mark=500 drop=0
[QUEUE_STATS] t_ms=6864 q_pkts=458 q_bytes=688832 qdelay_l_ms=0.545275 qdelay_c_ms=189.815 ecn_mark=504 drop=0
[QUEUE_STATS] t_ms=6880 q_pkts=461 q_bytes=693344 qdelay_l_ms=1.10103 qdelay_c_ms=185.891 ecn_mark=505 drop=0
[QUEUE_STATS] t_ms=6896 q_pkts=463 q_bytes=696352 qdelay_l_ms=1.11302 qdelay_c_ms=187.096 ecn_mark=505 drop=0
[QUEUE_STATS] t_ms=6912 q_pkts=463 q_bytes=696352 qdelay_l_ms=1.0565 qdelay_c_ms=187.944 ecn_mark=505 drop=0
[QUEUE_STATS] t_ms=6928 q_pkts=465 q_bytes=699360 qdelay_l_ms=1.06281 qdelay_c_ms=186.447 ecn_mark=506 drop=0
[QUEUE_STATS] t_ms=6944 q_pkts=467 q_bytes=702368 qdelay_l_ms=1.08668 qdelay_c_ms=186.882 ecn_mark=508 drop=0
[QUEUE_STATS] t_ms=6960 q_pkts=466 q_bytes=700864 qdelay_l_ms=1.09296 qdelay_c_ms=186.088 ecn_mark=510 drop=0
[QUEUE_STATS] t_ms=6976 q_pkts=465 q_bytes=699360 qdelay_l_ms=1.06376 qdelay_c_ms=186.019 ecn_mark=512 drop=0
[QUEUE_STATS] t_ms=6992 q_pkts=467 q_bytes=702368 qdelay_l_ms=1.06126 qdelay_c_ms=186.364 ecn_mark=517 drop=0
[QUEUE_STATS] t_ms=7008 q_pkts=468 q_bytes=703872 qdelay_l_ms=1.06795 qdelay_c_ms=184.953 ecn_mark=517 drop=0
[QUEUE_STATS] t_ms=7024 q_pkts=469 q_bytes=705376 qdelay_l_ms=1.08165 qdelay_c_ms=184.793 ecn_mark=518 drop=0
[QUEUE_STATS] t_ms=7040 q_pkts=470 q_bytes=706880 qdelay_l_ms=1.08312 qdelay_c_ms=185.743 ecn_mark=522 drop=0
[QUEUE_STATS] t_ms=7056 q_pkts=472 q_bytes=709888 qdelay_l_ms=1.07949 qdelay_c_ms=185.101 ecn_mark=525 drop=0
[QUEUE_STATS] t_ms=7072 q_pkts=470 q_bytes=706880 qdelay_l_ms=1.10843 qdelay_c_ms=185.503 ecn_mark=527 drop=0
[QUEUE_STATS] t_ms=7088 q_pkts=472 q_bytes=709888 qdelay_l_ms=1.08266 qdelay_c_ms=185.626 ecn_mark=531 drop=0
[QUEUE_STATS] t_ms=7104 q_pkts=464 q_bytes=697856 qdelay_l_ms=0.714743 qdelay_c_ms=186.945 ecn_mark=532 drop=0
[QUEUE_STATS] t_ms=7120 q_pkts=449 q_bytes=675296 qdelay_l_ms=1.08146 qdelay_c_ms=184.83 ecn_mark=532 drop=0
[QUEUE_STATS] t_ms=7136 q_pkts=439 q_bytes=660256 qdelay_l_ms=1.06627 qdelay_c_ms=185.511 ecn_mark=536 drop=0
[QUEUE_STATS] t_ms=7152 q_pkts=428 q_bytes=643712 qdelay_l_ms=1.05906 qdelay_c_ms=186.839 ecn_mark=537 drop=0
[QUEUE_STATS] t_ms=7168 q_pkts=412 q_bytes=619648 qdelay_l_ms=1.06896 qdelay_c_ms=182.503 ecn_mark=538 drop=0
[QUEUE_STATS] t_ms=7184 q_pkts=400 q_bytes=601600 qdelay_l_ms=0.786378 qdelay_c_ms=183.743 ecn_mark=540 drop=0
[QUEUE_STATS] t_ms=7200 q_pkts=387 q_bytes=582048 qdelay_l_ms=1.08559 qdelay_c_ms=184.881 ecn_mark=540 drop=0
[QUEUE_STATS] t_ms=7216 q_pkts=374 q_bytes=562496 qdelay_l_ms=1.07783 qdelay_c_ms=182.924 ecn_mark=541 drop=0
[QUEUE_STATS] t_ms=7232 q_pkts=363 q_bytes=545952 qdelay_l_ms=1.0841 qdelay_c_ms=185.213 ecn_mark=542 drop=0
[QUEUE_STATS] t_ms=7248 q_pkts=349 q_bytes=524896 qdelay_l_ms=1.09123 qdelay_c_ms=184.98 ecn_mark=542 drop=0
[QUEUE_STATS] t_ms=7264 q_pkts=335 q_bytes=503840 qdelay_l_ms=0.688093 qdelay_c_ms=181.796 ecn_mark=542 drop=0
[QUEUE_STATS] t_ms=7280 q_pkts=324 q_bytes=487296 qdelay_l_ms=0.928806 qdelay_c_ms=181.155 ecn_mark=547 drop=0
[QUEUE_STATS] t_ms=7296 q_pkts=313 q_bytes=470752 qdelay_l_ms=1.08348 qdelay_c_ms=173.053 ecn_mark=551 drop=0
[QUEUE_STATS] t_ms=7312 q_pkts=299 q_bytes=449696 qdelay_l_ms=1.07381 qdelay_c_ms=164.251 ecn_mark=553 drop=0
[QUEUE_STATS] t_ms=7328 q_pkts=293 q_bytes=440672 qdelay_l_ms=1.09084 qdelay_c_ms=157.458 ecn_mark=554 drop=0
[QUEUE_STATS] t_ms=7344 q_pkts=295 q_bytes=443680 qdelay_l_ms=0.759978 qdelay_c_ms=148.828 ecn_mark=557 drop=0
[QUEUE_STATS] t_ms=7360 q_pkts=293 q_bytes=440672 qdelay_l_ms=0 qdelay_c_ms=141.83 ecn_mark=561 drop=0
[QUEUE_STATS] t_ms=7376 q_pkts=295 q_bytes=443680 qdelay_l_ms=1.08156 qdelay_c_ms=132.91 ecn_mark=564 drop=0
[QUEUE_STATS] t_ms=7392 q_pkts=293 q_bytes=440672 qdelay_l_ms=1.07744 qdelay_c_ms=128.278 ecn_mark=565 drop=0
[QUEUE_STATS] t_ms=7408 q_pkts=293 q_bytes=440672 qdelay_l_ms=1.08569 qdelay_c_ms=116.045 ecn_mark=565 drop=0
[QUEUE_STATS] t_ms=7424 q_pkts=293 q_bytes=440672 qdelay_l_ms=1.07444 qdelay_c_ms=110.086 ecn_mark=567 drop=0
[QUEUE_STATS] t_ms=7440 q_pkts=294 q_bytes=442176 qdelay_l_ms=1.03703 qdelay_c_ms=109.569 ecn_mark=568 drop=0
[QUEUE_STATS] t_ms=7456 q_pkts=292 q_bytes=439168 qdelay_l_ms=0.80848 qdelay_c_ms=109.716 ecn_mark=569 drop=0
[QUEUE_STATS] t_ms=7472 q_pkts=275 q_bytes=413600 qdelay_l_ms=1.06108 qdelay_c_ms=109.222 ecn_mark=570 drop=0
[QUEUE_STATS] t_ms=7488 q_pkts=264 q_bytes=397056 qdelay_l_ms=0.365698 qdelay_c_ms=107.473 ecn_mark=573 drop=0
[QUEUE_STATS] t_ms=7504 q_pkts=250 q_bytes=376000 qdelay_l_ms=0 qdelay_c_ms=108.083 ecn_mark=573 drop=0
[QUEUE_STATS] t_ms=7520 q_pkts=238 q_bytes=357952 qdelay_l_ms=0.801777 qdelay_c_ms=107.981 ecn_mark=576 drop=0
[QUEUE_STATS] t_ms=7536 q_pkts=224 q_bytes=336896 qdelay_l_ms=1.019 qdelay_c_ms=108.135 ecn_mark=577 drop=0
[QUEUE_STATS] t_ms=7552 q_pkts=210 q_bytes=315840 qdelay_l_ms=0.869795 qdelay_c_ms=107.046 ecn_mark=580 drop=0
[QUEUE_STATS] t_ms=7568 q_pkts=195 q_bytes=293280 qdelay_l_ms=1.07049 qdelay_c_ms=103.188 ecn_mark=585 drop=0
[QUEUE_STATS] t_ms=7584 q_pkts=181 q_bytes=272224 qdelay_l_ms=0.411814 qdelay_c_ms=94.9708 ecn_mark=588 drop=0
[QUEUE_STATS] t_ms=7600 q_pkts=170 q_bytes=255680 qdelay_l_ms=1.0677 qdelay_c_ms=87.3653 ecn_mark=591 drop=0
[QUEUE_STATS] t_ms=7616 q_pkts=170 q_bytes=255680 qdelay_l_ms=0.879814 qdelay_c_ms=78.5243 ecn_mark=591 drop=0
[QUEUE_STATS] t_ms=7632 q_pkts=167 q_bytes=251168 qdelay_l_ms=1.0525 qdelay_c_ms=74.2843 ecn_mark=593 drop=0
[QUEUE_STATS] t_ms=7648 q_pkts=172 q_bytes=258688 qdelay_l_ms=1.08893 qdelay_c_ms=64.8584 ecn_mark=595 drop=0
[QUEUE_STATS] t_ms=7664 q_pkts=171 q_bytes=257184 qdelay_l_ms=0.876738 qdelay_c_ms=61.0092 ecn_mark=596 drop=0
[QUEUE_STATS] t_ms=7680 q_pkts=169 q_bytes=254176 qdelay_l_ms=0.89407 qdelay_c_ms=60.0418 ecn_mark=596 drop=0
[QUEUE_STATS] t_ms=7696 q_pkts=169 q_bytes=254176 qdelay_l_ms=1.0816 qdelay_c_ms=60.074 ecn_mark=597 drop=0
[QUEUE_STATS] t_ms=7712 q_pkts=171 q_bytes=257184 qdelay_l_ms=1.07303 qdelay_c_ms=61.1497 ecn_mark=598 drop=0
[QUEUE_STATS] t_ms=7728 q_pkts=169 q_bytes=254176 qdelay_l_ms=1.04473 qdelay_c_ms=60.9764 ecn_mark=600 drop=0
[QUEUE_STATS] t_ms=7744 q_pkts=169 q_bytes=254176 qdelay_l_ms=0.938254 qdelay_c_ms=59.7461 ecn_mark=601 drop=0
[QUEUE_STATS] t_ms=7760 q_pkts=171 q_bytes=257184 qdelay_l_ms=0.986574 qdelay_c_ms=59.7895 ecn_mark=603 drop=0
[QUEUE_STATS] t_ms=7776 q_pkts=172 q_bytes=258688 qdelay_l_ms=1.05663 qdelay_c_ms=61.0222 ecn_mark=607 drop=0
[QUEUE_STATS] t_ms=7792 q_pkts=172 q_bytes=258688 qdelay_l_ms=0 qdelay_c_ms=59.4859 ecn_mark=611 drop=0
[QUEUE_STATS] t_ms=7808 q_pkts=174 q_bytes=261696 qdelay_l_ms=1.08393 qdelay_c_ms=61.1009 ecn_mark=611 drop=0
[QUEUE_STATS] t_ms=7824 q_pkts=173 q_bytes=260192 qdelay_l_ms=1.09994 qdelay_c_ms=59.9999 ecn_mark=612 drop=0
[QUEUE_STATS] t_ms=7840 q_pkts=172 q_bytes=258688 qdelay_l_ms=1.06693 qdelay_c_ms=60.3946 ecn_mark=613 drop=0
[QUEUE_STATS] t_ms=7856 q_pkts=172 q_bytes=258688 qdelay_l_ms=1.05841 qdelay_c_ms=61.2313 ecn_mark=615 drop=0
[QUEUE_STATS] t_ms=7872 q_pkts=175 q_bytes=263200 qdelay_l_ms=1.05389 qdelay_c_ms=60.2266 ecn_mark=617 drop=0
[QUEUE_STATS] t_ms=7888 q_pkts=171 q_bytes=257184 qdelay_l_ms=1.05241 qdelay_c_ms=60.0062 ecn_mark=617 drop=0
[QUEUE_STATS] t_ms=7904 q_pkts=176 q_bytes=264704 qdelay_l_ms=1.0872 qdelay_c_ms=59.8273 ecn_mark=618 drop=0
[QUEUE_STATS] t_ms=7920 q_pkts=175 q_bytes=263200 qdelay_l_ms=1.06961 qdelay_c_ms=60.5418 ecn_mark=620 drop=0
[QUEUE_STATS] t_ms=7936 q_pkts=174 q_bytes=261696 qdelay_l_ms=1.1134 qdelay_c_ms=60.1646 ecn_mark=622 drop=0
[QUEUE_STATS] t_ms=7952 q_pkts=175 q_bytes=263200 qdelay_l_ms=1.05528 qdelay_c_ms=60.0676 ecn_mark=625 drop=0
[QUEUE_STATS] t_ms=7968 q_pkts=175 q_bytes=263200 qdelay_l_ms=0.745672 qdelay_c_ms=60.7032 ecn_mark=626 drop=0
[QUEUE_STATS] t_ms=7984 q_pkts=175 q_bytes=263200 qdelay_l_ms=0.785686 qdelay_c_ms=60.0132 ecn_mark=626 drop=0
[QUEUE_STATS] t_ms=8000 q_pkts=175 q_bytes=263200 qdelay_l_ms=1.04935 qdelay_c_ms=60.0579 ecn_mark=627 drop=0
[QUEUE_STATS] t_ms=8016 q_pkts=174 q_bytes=261696 qdelay_l_ms=1.0794 qdelay_c_ms=59.0557 ecn_mark=630 drop=0
[QUEUE_STATS] t_ms=8032 q_pkts=175 q_bytes=263200 qdelay_l_ms=1.07357 qdelay_c_ms=59.051 ecn_mark=630 drop=0
[QUEUE_STATS] t_ms=8048 q_pkts=175 q_bytes=263200 qdelay_l_ms=0.401685 qdelay_c_ms=59.5917 ecn_mark=632 drop=0
[QUEUE_STATS] t_ms=8064 q_pkts=175 q_bytes=263200 qdelay_l_ms=1.06005 qdelay_c_ms=59.8639 ecn_mark=633 drop=0
[QUEUE_STATS] t_ms=8080 q_pkts=176 q_bytes=264704 qdelay_l_ms=1.10273 qdelay_c_ms=59.045 ecn_mark=635 drop=0
[QUEUE_STATS] t_ms=8096 q_pkts=176 q_bytes=264704 qdelay_l_ms=1.06847 qdelay_c_ms=61.0383 ecn_mark=635 drop=0
[QUEUE_STATS] t_ms=8112 q_pkts=164 q_bytes=246656 qdelay_l_ms=1.06821 qdelay_c_ms=59.9589 ecn_mark=637 drop=0
[QUEUE_STATS] t_ms=8128 q_pkts=149 q_bytes=224096 qdelay_l_ms=0.470905 qdelay_c_ms=58.9085 ecn_mark=641 drop=0
[QUEUE_STATS] t_ms=8144 q_pkts=139 q_bytes=209056 qdelay_l_ms=1.06241 qdelay_c_ms=60.2571 ecn_mark=642 drop=0
[QUEUE_STATS] t_ms=8160 q_pkts=121 q_bytes=181984 qdelay_l_ms=0.87246 qdelay_c_ms=58.023 ecn_mark=643 drop=0
[QUEUE_STATS] t_ms=8176 q_pkts=107 q_bytes=160928 qdelay_l_ms=1.06689 qdelay_c_ms=51.7659 ecn_mark=644 drop=0
[QUEUE_STATS] t_ms=8192 q_pkts=93 q_bytes=139872 qdelay_l_ms=1.06164 qdelay_c_ms=45.2465 ecn_mark=646 drop=0
[QUEUE_STATS] t_ms=8208 q_pkts=84 q_bytes=126336 qdelay_l_ms=0.919749 qdelay_c_ms=36.6723 ecn_mark=647 drop=0
[QUEUE_STATS] t_ms=8224 q_pkts=84 q_bytes=126336 qdelay_l_ms=1.06644 qdelay_c_ms=30.4637 ecn_mark=648 drop=0
[QUEUE_STATS] t_ms=8240 q_pkts=86 q_bytes=129344 qdelay_l_ms=1.08245 qdelay_c_ms=28.6137 ecn_mark=648 drop=0
[QUEUE_STATS] t_ms=8256 q_pkts=84 q_bytes=126336 qdelay_l_ms=1.07105 qdelay_c_ms=27.9102 ecn_mark=649 drop=0
[QUEUE_STATS] t_ms=8272 q_pkts=85 q_bytes=127840 qdelay_l_ms=1.09718 qdelay_c_ms=29.1824 ecn_mark=650 drop=0
[QUEUE_STATS] t_ms=8288 q_pkts=89 q_bytes=133856 qdelay_l_ms=1.07864 qdelay_c_ms=28.4706 ecn_mark=650 drop=0
[QUEUE_STATS] t_ms=8304 q_pkts=73 q_bytes=109792 qdelay_l_ms=0.776209 qdelay_c_ms=27.5046 ecn_mark=652 drop=0
[QUEUE_STATS] t_ms=8320 q_pkts=56 q_bytes=84224 qdelay_l_ms=1.07683 qdelay_c_ms=27.1685 ecn_mark=653 drop=0
[QUEUE_STATS] t_ms=8336 q_pkts=45 q_bytes=67680 qdelay_l_ms=0 qdelay_c_ms=20.4527 ecn_mark=653 drop=0
[QUEUE_STATS] t_ms=8352 q_pkts=31 q_bytes=46624 qdelay_l_ms=1.07397 qdelay_c_ms=14.1104 ecn_mark=655 drop=0
[QUEUE_STATS] t_ms=8368 q_pkts=21 q_bytes=31584 qdelay_l_ms=1.07686 qdelay_c_ms=7.25518 ecn_mark=655 drop=0
[QUEUE_STATS] t_ms=8384 q_pkts=23 q_bytes=34592 qdelay_l_ms=0.99525 qdelay_c_ms=6.87593 ecn_mark=657 drop=0
[QUEUE_STATS] t_ms=8400 q_pkts=22 q_bytes=33088 qdelay_l_ms=1.04922 qdelay_c_ms=7.01712 ecn_mark=659 drop=0
[QUEUE_STATS] t_ms=8416 q_pkts=23 q_bytes=34592 qdelay_l_ms=1.06053 qdelay_c_ms=7.7016 ecn_mark=660 drop=0
[QUEUE_STATS] t_ms=8432 q_pkts=26 q_bytes=39104 qdelay_l_ms=1.0915 qdelay_c_ms=7.77917 ecn_mark=661 drop=0
[QUEUE_STATS] t_ms=8448 q_pkts=23 q_bytes=34592 qdelay_l_ms=1.02028 qdelay_c_ms=8.11059 ecn_mark=663 drop=0
[QUEUE_STATS] t_ms=8464 q_pkts=22 q_bytes=33088 qdelay_l_ms=1.06838 qdelay_c_ms=7.43254 ecn_mark=664 drop=0
[QUEUE_STATS] t_ms=8480 q_pkts=26 q_bytes=39104 qdelay_l_ms=1.04494 qdelay_c_ms=7.93377 ecn_mark=664 drop=0
[QUEUE_STATS] t_ms=8496 q_pkts=17 q_bytes=25568 qdelay_l_ms=1.1114 qdelay_c_ms=7.90419 ecn_mark=665 drop=0
[QUEUE_STATS] t_ms=8512 q_pkts=2 q_bytes=3008 qdelay_l_ms=1.06682 qdelay_c_ms=0 ecn_mark=667 drop=0
[QUEUE_STATS] t_ms=8528 q_pkts=4 q_bytes=6016 qdelay_l_ms=1.06991 qdelay_c_ms=1.06399 ecn_mark=667 drop=0
[QUEUE_STATS] t_ms=8544 q_pkts=6 q_bytes=9024 qdelay_l_ms=1.06504 qdelay_c_ms=2.14087 ecn_mark=667 drop=0
[QUEUE_STATS] t_ms=8560 q_pkts=5 q_bytes=7520 qdelay_l_ms=0.664439 qdelay_c_ms=0.700406 ecn_mark=667 drop=0
[QUEUE_STATS] t_ms=8576 q_pkts=4 q_bytes=6016 qdelay_l_ms=0.434176 qdelay_c_ms=0.427043 ecn_mark=669 drop=0
[QUEUE_STATS] t_ms=8592 q_pkts=3 q_bytes=4512 qdelay_l_ms=0 qdelay_c_ms=2.13675 ecn_mark=669 drop=0
[QUEUE_STATS] t_ms=8608 q_pkts=3 q_bytes=4512 qdelay_l_ms=1.09577 qdelay_c_ms=1.08664 ecn_mark=669 drop=0
[QUEUE_STATS] t_ms=8624 q_pkts=6 q_bytes=9024 qdelay_l_ms=1.09002 qdelay_c_ms=2.13828 ecn_mark=670 drop=0
[QUEUE_STATS] t_ms=8640 q_pkts=5 q_bytes=7520 qdelay_l_ms=1.06167 qdelay_c_ms=1.10008 ecn_mark=670 drop=0
[QUEUE_STATS] t_ms=8656 q_pkts=2 q_bytes=3008 qdelay_l_ms=1.09167 qdelay_c_ms=0 ecn_mark=670 drop=0
[QUEUE_STATS] t_ms=8672 q_pkts=6 q_bytes=9024 qdelay_l_ms=1.11012 qdelay_c_ms=1.10256 ecn_mark=671 drop=0
[QUEUE_STATS] t_ms=8688 q_pkts=5 q_bytes=7520 qdelay_l_ms=1.06763 qdelay_c_ms=2.13525 ecn_mark=671 drop=0
[QUEUE_STATS] t_ms=8704 q_pkts=3 q_bytes=4512 qdelay_l_ms=0.51064 qdelay_c_ms=0.500551 ecn_mark=674 drop=0
[QUEUE_STATS] t_ms=8720 q_pkts=6 q_bytes=9024 qdelay_l_ms=0 qdelay_c_ms=0.838455 ecn_mark=675 drop=0
[QUEUE_STATS] t_ms=8736 q_pkts=5 q_bytes=7520 qdelay_l_ms=0.996332 qdelay_c_ms=0.9899 ecn_mark=677 drop=0
[QUEUE_STATS] t_ms=8752 q_pkts=1 q_bytes=1504 qdelay_l_ms=1.06212 qdelay_c_ms=0 ecn_mark=679 drop=0
[QUEUE_STATS] t_ms=8768 q_pkts=3 q_bytes=4512 qdelay_l_ms=1.05704 qdelay_c_ms=1.06725 ecn_mark=679 drop=0
[QUEUE_STATS] t_ms=8784 q_pkts=3 q_bytes=4512 qdelay_l_ms=0.890474 qdelay_c_ms=1.96327 ecn_mark=682 drop=0
[QUEUE_STATS] t_ms=8800 q_pkts=3 q_bytes=4512 qdelay_l_ms=0.860116 qdelay_c_ms=1.69072 ecn_mark=684 drop=0
[QUEUE_STATS] t_ms=8816 q_pkts=4 q_bytes=6016 qdelay_l_ms=1.07304 qdelay_c_ms=1.06722 ecn_mark=684 drop=0
[QUEUE_STATS] t_ms=8832 q_pkts=2 q_bytes=3008 qdelay_l_ms=1.09743 qdelay_c_ms=1.08611 ecn_mark=684 drop=0
[QUEUE_STATS] t_ms=8848 q_pkts=6 q_bytes=9024 qdelay_l_ms=1.06185 qdelay_c_ms=2.14625 ecn_mark=686 drop=0
[QUEUE_STATS] t_ms=8864 q_pkts=5 q_bytes=7520 qdelay_l_ms=1.0202 qdelay_c_ms=2.07479 ecn_mark=687 drop=0
[QUEUE_STATS] t_ms=8880 q_pkts=4 q_bytes=6016 qdelay_l_ms=0.586523 qdelay_c_ms=0.581373 ecn_mark=689 drop=0
[QUEUE_STATS] t_ms=8896 q_pkts=4 q_bytes=6016 qdelay_l_ms=1.06428 qdelay_c_ms=1.08007 ecn_mark=690 drop=0
[QUEUE_STATS] t_ms=8912 q_pkts=4 q_bytes=6016 qdelay_l_ms=1.06252 qdelay_c_ms=1.07761 ecn_mark=692 drop=0
[QUEUE_STATS] t_ms=8928 q_pkts=3 q_bytes=4512 qdelay_l_ms=1.06583 qdelay_c_ms=1.0879 ecn_mark=694 drop=0
[QUEUE_STATS] t_ms=8944 q_pkts=4 q_bytes=6016 qdelay_l_ms=1.06576 qdelay_c_ms=2.14847 ecn_mark=697 drop=0
[QUEUE_STATS] t_ms=8960 q_pkts=5 q_bytes=7520 qdelay_l_ms=0.880344 qdelay_c_ms=0.873241 ecn_mark=699 drop=0
[QUEUE_STATS] t_ms=8976 q_pkts=4 q_bytes=6016 qdelay_l_ms=1.05727 qdelay_c_ms=1.04963 ecn_mark=700 drop=0
[QUEUE_STATS] t_ms=8992 q_pkts=4 q_bytes=6016 qdelay_l_ms=1.04458 qdelay_c_ms=1.06103 ecn_mark=700 drop=0
[QUEUE_STATS] t_ms=9008 q_pkts=3 q_bytes=4512 qdelay_l_ms=0 qdelay_c_ms=0.855849 ecn_mark=701 drop=0
[QUEUE_STATS] t_ms=9024 q_pkts=5 q_bytes=7520 qdelay_l_ms=1.06465 qdelay_c_ms=2.15772 ecn_mark=702 drop=0
[QUEUE_STATS] t_ms=9040 q_pkts=3 q_bytes=4512 qdelay_l_ms=0.8939 qdelay_c_ms=1.95554 ecn_mark=704 drop=0
[QUEUE_STATS] t_ms=9056 q_pkts=7 q_bytes=10528 qdelay_l_ms=1.06232 qdelay_c_ms=1.10718 ecn_mark=705 drop=0
[QUEUE_STATS] t_ms=9072 q_pkts=5 q_bytes=7520 qdelay_l_ms=1.05574 qdelay_c_ms=2.15979 ecn_mark=706 drop=0
[QUEUE_STATS] t_ms=9088 q_pkts=5 q_bytes=7520 qdelay_l_ms=0.880965 qdelay_c_ms=0.873581 ecn_mark=709 drop=0
[QUEUE_STATS] t_ms=9104 q_pkts=5 q_bytes=7520 qdelay_l_ms=1.06507 qdelay_c_ms=1.94848 ecn_mark=710 drop=0
[QUEUE_STATS] t_ms=9120 q_pkts=3 q_bytes=4512 qdelay_l_ms=0.44676 qdelay_c_ms=0.470765 ecn_mark=710 drop=0
[QUEUE_STATS] t_ms=9136 q_pkts=4 q_bytes=6016 qdelay_l_ms=1.07221 qdelay_c_ms=1.06498 ecn_mark=711 drop=0
[QUEUE_STATS] t_ms=9152 q_pkts=4 q_bytes=6016 qdelay_l_ms=0.865186 qdelay_c_ms=0.854997 ecn_mark=714 drop=0
[QUEUE_STATS] t_ms=9168 q_pkts=5 q_bytes=7520 qdelay_l_ms=1.06347 qdelay_c_ms=1.05771 ecn_mark=715 drop=0
[QUEUE_STATS] t_ms=9184 q_pkts=3 q_bytes=4512 qdelay_l_ms=0.873813 qdelay_c_ms=0.896135 ecn_mark=717 drop=0
[QUEUE_STATS] t_ms=9200 q_pkts=7 q_bytes=10528 qdelay_l_ms=0.960625 qdelay_c_ms=0.955536 ecn_mark=719 drop=0
[QUEUE_STATS] t_ms=9216 q_pkts=5 q_bytes=7520 qdelay_l_ms=1.07099 qdelay_c_ms=1.06388 ecn_mark=719 drop=0
[QUEUE_STATS] t_ms=9232 q_pkts=5 q_bytes=7520 qdelay_l_ms=0.725704 qdelay_c_ms=0.719994 ecn_mark=720 drop=0
[QUEUE_STATS] t_ms=9248 q_pkts=8 q_bytes=12032 qdelay_l_ms=1.03112 qdelay_c_ms=2.14056 ecn_mark=722 drop=0
[QUEUE_STATS] t_ms=9264 q_pkts=4 q_bytes=6016 qdelay_l_ms=1.077 qdelay_c_ms=1.06127 ecn_mark=722 drop=0
[QUEUE_STATS] t_ms=9280 q_pkts=4 q_bytes=6016 qdelay_l_ms=0.908067 qdelay_c_ms=0.896816 ecn_mark=722 drop=0
[QUEUE_STATS] t_ms=9296 q_pkts=9 q_bytes=13536 qdelay_l_ms=1.06074 qdelay_c_ms=2.1777 ecn_mark=723 drop=0
[QUEUE_STATS] t_ms=9312 q_pkts=7 q_bytes=10528 qdelay_l_ms=1.01145 qdelay_c_ms=2.06837 ecn_mark=725 drop=0
[QUEUE_STATS] t_ms=9328 q_pkts=1 q_bytes=1504 qdelay_l_ms=0.952721 qdelay_c_ms=0 ecn_mark=725 drop=0
[QUEUE_STATS] t_ms=9344 q_pkts=4 q_bytes=6016 qdelay_l_ms=1.07577 qdelay_c_ms=1.07058 ecn_mark=726 drop=0
[QUEUE_STATS] t_ms=9360 q_pkts=5 q_bytes=7520 qdelay_l_ms=1.06909 qdelay_c_ms=2.17594 ecn_mark=728 drop=0
[QUEUE_STATS] t_ms=9376 q_pkts=4 q_bytes=6016 qdelay_l_ms=1.09108 qdelay_c_ms=1.08366 ecn_mark=728 drop=0
[QUEUE_STATS] t_ms=9392 q_pkts=5 q_bytes=7520 qdelay_l_ms=0.449715 qdelay_c_ms=1.45912 ecn_mark=728 drop=0
[QUEUE_STATS] t_ms=9408 q_pkts=4 q_bytes=6016 qdelay_l_ms=1.08891 qdelay_c_ms=1.07876 ecn_mark=729 drop=0
[QUEUE_STATS] t_ms=9424 q_pkts=5 q_bytes=7520 qdelay_l_ms=0.864285 qdelay_c_ms=1.97385 ecn_mark=731 drop=0
[QUEUE_STATS] t_ms=9440 q_pkts=7 q_bytes=10528 qdelay_l_ms=1.03075 qdelay_c_ms=2.12447 ecn_mark=731 drop=0
[QUEUE_STATS] t_ms=9456 q_pkts=4 q_bytes=6016 qdelay_l_ms=1.08165 qdelay_c_ms=1.07455 ecn_mark=733 drop=0
[QUEUE_STATS] t_ms=9472 q_pkts=4 q_bytes=6016 qdelay_l_ms=1.09036 qdelay_c_ms=1.08425 ecn_mark=733 drop=0
[QUEUE_STATS] t_ms=9488 q_pkts=4 q_bytes=6016 qdelay_l_ms=1.07123 qdelay_c_ms=1.0648 ecn_mark=733 drop=0
[QUEUE_STATS] t_ms=9504 q_pkts=4 q_bytes=6016 qdelay_l_ms=1.07518 qdelay_c_ms=1.06841 ecn_mark=736 drop=0
[QUEUE_STATS] t_ms=9520 q_pkts=2 q_bytes=3008 qdelay_l_ms=1.08392 qdelay_c_ms=1.07617 ecn_mark=738 drop=0
[QUEUE_STATS] t_ms=9536 q_pkts=4 q_bytes=6016 qdelay_l_ms=0.957039 qdelay_c_ms=0.946218 ecn_mark=739 drop=0
[QUEUE_STATS] t_ms=9552 q_pkts=7 q_bytes=10528 qdelay_l_ms=0.94216 qdelay_c_ms=1.88177 ecn_mark=740 drop=0
[QUEUE_STATS] t_ms=9568 q_pkts=6 q_bytes=9024 qdelay_l_ms=1.07487 qdelay_c_ms=2.0936 ecn_mark=740 drop=0
[QUEUE_STATS] t_ms=9584 q_pkts=5 q_bytes=7520 qdelay_l_ms=0 qdelay_c_ms=0.706357 ecn_mark=740 drop=0
[QUEUE_STATS] t_ms=9600 q_pkts=7 q_bytes=10528 qdelay_l_ms=1.07078 qdelay_c_ms=3.2705 ecn_mark=742 drop=0
[QUEUE_STATS] t_ms=9617 q_pkts=2 q_bytes=3008 qdelay_l_ms=1.07323 qdelay_c_ms=1.06782 ecn_mark=745 drop=0
[QUEUE_STATS] t_ms=9632 q_pkts=7 q_bytes=10528 qdelay_l_ms=0.924778 qdelay_c_ms=1.89692 ecn_mark=745 drop=0
[QUEUE_STATS] t_ms=9648 q_pkts=4 q_bytes=6016 qdelay_l_ms=1.09471 qdelay_c_ms=1.0878 ecn_mark=747 drop=0
[QUEUE_STATS] t_ms=9664 q_pkts=5 q_bytes=7520 qdelay_l_ms=0.982868 qdelay_c_ms=1.95535 ecn_mark=749 drop=0
[QUEUE_STATS] t_ms=9680 q_pkts=7 q_bytes=10528 qdelay_l_ms=1.06983 qdelay_c_ms=1.06456 ecn_mark=751 drop=0
[QUEUE_STATS] t_ms=9696 q_pkts=5 q_bytes=7520 qdelay_l_ms=1.06529 qdelay_c_ms=2.19995 ecn_mark=752 drop=0
[QUEUE_STATS] t_ms=9712 q_pkts=7 q_bytes=10528 qdelay_l_ms=0.517102 qdelay_c_ms=1.56077 ecn_mark=753 drop=0
[QUEUE_STATS] t_ms=9728 q_pkts=8 q_bytes=12032 qdelay_l_ms=0 qdelay_c_ms=2.22511 ecn_mark=754 drop=0
[QUEUE_STATS] t_ms=9744 q_pkts=1 q_bytes=1504 qdelay_l_ms=1.06753 qdelay_c_ms=0 ecn_mark=756 drop=0
[QUEUE_STATS] t_ms=9760 q_pkts=5 q_bytes=7520 qdelay_l_ms=0.967999 qdelay_c_ms=1.902 ecn_mark=757 drop=0
[QUEUE_STATS] t_ms=9776 q_pkts=3 q_bytes=4512 qdelay_l_ms=1.00253 qdelay_c_ms=1.97886 ecn_mark=757 drop=0
[QUEUE_STATS] t_ms=9792 q_pkts=3 q_bytes=4512 qdelay_l_ms=0.975193 qdelay_c_ms=0.965264 ecn_mark=758 drop=0
[QUEUE_STATS] t_ms=9808 q_pkts=10 q_bytes=15040 qdelay_l_ms=1.05101 qdelay_c_ms=2.20009 ecn_mark=759 drop=0
[QUEUE_STATS] t_ms=9824 q_pkts=8 q_bytes=12032 qdelay_l_ms=1.06591 qdelay_c_ms=3.28551 ecn_mark=761 drop=0
[QUEUE_STATS] t_ms=9840 q_pkts=2 q_bytes=3008 qdelay_l_ms=0.977738 qdelay_c_ms=0.967909 ecn_mark=762 drop=0
[QUEUE_STATS] t_ms=9856 q_pkts=9 q_bytes=13536 qdelay_l_ms=1.11291 qdelay_c_ms=1.10662 ecn_mark=763 drop=0
[QUEUE_STATS] t_ms=9872 q_pkts=7 q_bytes=10528 qdelay_l_ms=1.00479 qdelay_c_ms=2.96493 ecn_mark=764 drop=0
[QUEUE_STATS] t_ms=9888 q_pkts=4 q_bytes=6016 qdelay_l_ms=1.0208 qdelay_c_ms=1.0138 ecn_mark=764 drop=0
[QUEUE_STATS] t_ms=9904 q_pkts=8 q_bytes=12032 qdelay_l_ms=1.08118 qdelay_c_ms=3.22821 ecn_mark=764 drop=0
[QUEUE_STATS] t_ms=9920 q_pkts=2 q_bytes=3008 qdelay_l_ms=1.08735 qdelay_c_ms=1.07744 ecn_mark=765 drop=0
[QUEUE_STATS] t_ms=9936 q_pkts=7 q_bytes=10528 qdelay_l_ms=1.09363 qdelay_c_ms=4.32621 ecn_mark=766 drop=0
[QUEUE_STATS] t_ms=9952 q_pkts=10 q_bytes=15040 qdelay_l_ms=0.976776 qdelay_c_ms=3.03867 ecn_mark=770 drop=0
[QUEUE_STATS] t_ms=9968 q_pkts=1 q_bytes=1504 qdelay_l_ms=0.989329 qdelay_c_ms=0 ecn_mark=770 drop=0
[QUEUE_STATS] t_ms=9984 q_pkts=4 q_bytes=6016 qdelay_l_ms=1.08804 qdelay_c_ms=1.08105 ecn_mark=770 drop=0
[QUEUE_STATS] t_ms=10000 q_pkts=9 q_bytes=13536 qdelay_l_ms=1.07316 qdelay_c_ms=2.16365 ecn_mark=770 drop=0
[QUEUE_STATS] t_ms=10016 q_pkts=7 q_bytes=10528 qdelay_l_ms=0.92575 qdelay_c_ms=0.969342 ecn_mark=770 drop=0
[QUEUE_STATS] t_ms=10032 q_pkts=7 q_bytes=10528 qdelay_l_ms=0.946018 qdelay_c_ms=2.15642 ecn_mark=771 drop=0
[QUEUE_STATS] t_ms=10048 q_pkts=10 q_bytes=15040 qdelay_l_ms=1.06643 qdelay_c_ms=3.24132 ecn_mark=772 drop=0
[QUEUE_STATS] t_ms=10064 q_pkts=1 q_bytes=1504 qdelay_l_ms=0 qdelay_c_ms=0.016501 ecn_mark=773 drop=0
[QUEUE_STATS] t_ms=10080 q_pkts=8 q_bytes=12032 qdelay_l_ms=0.960375 qdelay_c_ms=2.88424 ecn_mark=776 drop=0
[QUEUE_STATS] t_ms=10096 q_pkts=8 q_bytes=12032 qdelay_l_ms=0 qdelay_c_ms=2.60302 ecn_mark=777 drop=0
[QUEUE_STATS] t_ms=10112 q_pkts=2 q_bytes=3008 qdelay_l_ms=1.07085 qdelay_c_ms=1.06535 ecn_mark=779 drop=0
[QUEUE_STATS] t_ms=10128 q_pkts=7 q_bytes=10528 qdelay_l_ms=0.937852 qdelay_c_ms=1.96588 ecn_mark=781 drop=0
[QUEUE_STATS] t_ms=10144 q_pkts=8 q_bytes=12032 qdelay_l_ms=1.07318 qdelay_c_ms=3.22148 ecn_mark=782 drop=0
[QUEUE_STATS] t_ms=10160 q_pkts=4 q_bytes=6016 qdelay_l_ms=1.00065 qdelay_c_ms=1.98659 ecn_mark=782 drop=0
[QUEUE_STATS] t_ms=10176 q_pkts=6 q_bytes=9024 qdelay_l_ms=0.99494 qdelay_c_ms=0.988158 ecn_mark=782 drop=0
[QUEUE_STATS] t_ms=10192 q_pkts=6 q_bytes=9024 qdelay_l_ms=0.990631 qdelay_c_ms=2.91386 ecn_mark=783 drop=0
[QUEUE_STATS] t_ms=10208 q_pkts=5 q_bytes=7520 qdelay_l_ms=1.06636 qdelay_c_ms=1.0608 ecn_mark=785 drop=0
[QUEUE_STATS] t_ms=10224 q_pkts=7 q_bytes=10528 qdelay_l_ms=1.08106 qdelay_c_ms=3.28249 ecn_mark=785 drop=0
[QUEUE_STATS] t_ms=10240 q_pkts=8 q_bytes=12032 qdelay_l_ms=0.960546 qdelay_c_ms=1.92867 ecn_mark=787 drop=0
[QUEUE_STATS] t_ms=10256 q_pkts=4 q_bytes=6016 qdelay_l_ms=1.00439 qdelay_c_ms=1.92791 ecn_mark=787 drop=0
[QUEUE_STATS] t_ms=10272 q_pkts=8 q_bytes=12032 qdelay_l_ms=1.09261 qdelay_c_ms=4.27503 ecn_mark=788 drop=0
[QUEUE_STATS] t_ms=10288 q_pkts=2 q_bytes=3008 qdelay_l_ms=0 qdelay_c_ms=2.16519 ecn_mark=789 drop=0
[QUEUE_STATS] t_ms=10304 q_pkts=11 q_bytes=16544 qdelay_l_ms=0.928395 qdelay_c_ms=2.91969 ecn_mark=789 drop=0
[QUEUE_STATS] t_ms=10320 q_pkts=6 q_bytes=9024 qdelay_l_ms=1.00638 qdelay_c_ms=2.06146 ecn_mark=789 drop=0
[QUEUE_STATS] t_ms=10336 q_pkts=8 q_bytes=12032 qdelay_l_ms=1.08576 qdelay_c_ms=2.17365 ecn_mark=789 drop=0
[QUEUE_STATS] t_ms=10352 q_pkts=5 q_bytes=7520 qdelay_l_ms=1.06767 qdelay_c_ms=2.19798 ecn_mark=791 drop=0
[QUEUE_STATS] t_ms=10368 q_pkts=4 q_bytes=6016 qdelay_l_ms=1.07039 qdelay_c_ms=1.06045 ecn_mark=791 drop=0
[QUEUE_STATS] t_ms=10384 q_pkts=7 q_bytes=10528 qdelay_l_ms=1.08004 qdelay_c_ms=3.22439 ecn_mark=791 drop=0
[QUEUE_STATS] t_ms=10400 q_pkts=6 q_bytes=9024 qdelay_l_ms=1.06144 qdelay_c_ms=2.16229 ecn_mark=792 drop=0
[QUEUE_STATS] t_ms=10417 q_pkts=6 q_bytes=9024 qdelay_l_ms=1.09624 qdelay_c_ms=3.14115 ecn_mark=793 drop=0
[QUEUE_STATS] t_ms=10432 q_pkts=4 q_bytes=6016 qdelay_l_ms=1.01913 qdelay_c_ms=1.01231 ecn_mark=793 drop=0
[QUEUE_STATS] t_ms=10448 q_pkts=4 q_bytes=6016 qdelay_l_ms=1.09901 qdelay_c_ms=1.09098 ecn_mark=794 drop=0
[QUEUE_STATS] t_ms=10464 q_pkts=7 q_bytes=10528 qdelay_l_ms=1.06659 qdelay_c_ms=2.13644 ecn_mark=796 drop=0
[QUEUE_STATS] t_ms=10480 q_pkts=6 q_bytes=9024 qdelay_l_ms=1.10033 qdelay_c_ms=2.17718 ecn_mark=796 drop=0
[QUEUE_STATS] t_ms=10496 q_pkts=11 q_bytes=16544 qdelay_l_ms=0.944044 qdelay_c_ms=1.98198 ecn_mark=799 drop=0
[QUEUE_STATS] t_ms=10512 q_pkts=10 q_bytes=15040 qdelay_l_ms=1.08051 qdelay_c_ms=3.18592 ecn_mark=799 drop=0
[QUEUE_STATS] t_ms=10528 q_pkts=4 q_bytes=6016 qdelay_l_ms=1.08926 qdelay_c_ms=1.08187 ecn_mark=800 drop=0
[QUEUE_STATS] t_ms=10544 q_pkts=8 q_bytes=12032 qdelay_l_ms=0 qdelay_c_ms=3.23279 ecn_mark=801 drop=0
[QUEUE_STATS] t_ms=10560 q_pkts=10 q_bytes=15040 qdelay_l_ms=0.079399 qdelay_c_ms=1.19374 ecn_mark=801 drop=0
[QUEUE_STATS] t_ms=10576 q_pkts=10 q_bytes=15040 qdelay_l_ms=1.10081 qdelay_c_ms=3.31005 ecn_mark=802 drop=0
[QUEUE_STATS] t_ms=10592 q_pkts=7 q_bytes=10528 qdelay_l_ms=1.01371 qdelay_c_ms=3.01918 ecn_mark=803 drop=0
[QUEUE_STATS] t_ms=10608 q_pkts=5 q_bytes=7520 qdelay_l_ms=1.09349 qdelay_c_ms=2.14985 ecn_mark=803 drop=0
[QUEUE_STATS] t_ms=10624 q_pkts=5 q_bytes=7520 qdelay_l_ms=0.35659 qdelay_c_ms=0.351391 ecn_mark=803 drop=0
[QUEUE_STATS] t_ms=10640 q_pkts=3 q_bytes=4512 qdelay_l_ms=1.06821 qdelay_c_ms=1.10217 ecn_mark=804 drop=0
[QUEUE_STATS] t_ms=10656 q_pkts=4 q_bytes=6016 qdelay_l_ms=1.05382 qdelay_c_ms=2.01674 ecn_mark=806 drop=0
[QUEUE_STATS] t_ms=10672 q_pkts=5 q_bytes=7520 qdelay_l_ms=1.0706 qdelay_c_ms=1.06293 ecn_mark=807 drop=0
[QUEUE_STATS] t_ms=10688 q_pkts=3 q_bytes=4512 qdelay_l_ms=1.00257 qdelay_c_ms=0.996333 ecn_mark=810 drop=0
[QUEUE_STATS] t_ms=10704 q_pkts=5 q_bytes=7520 qdelay_l_ms=1.08659 qdelay_c_ms=1.0813 ecn_mark=810 drop=0
[QUEUE_STATS] t_ms=10720 q_pkts=4 q_bytes=6016 qdelay_l_ms=1.09204 qdelay_c_ms=1.08109 ecn_mark=811 drop=0
[QUEUE_STATS] t_ms=10736 q_pkts=7 q_bytes=10528 qdelay_l_ms=1.11249 qdelay_c_ms=1.12118 ecn_mark=813 drop=0
[QUEUE_STATS] t_ms=10752 q_pkts=3 q_bytes=4512 qdelay_l_ms=1.08518 qdelay_c_ms=1.0802 ecn_mark=814 drop=0
[QUEUE_STATS] t_ms=10768 q_pkts=4 q_bytes=6016 qdelay_l_ms=1.13465 qdelay_c_ms=1.0679 ecn_mark=816 drop=0
[QUEUE_STATS] t_ms=10784 q_pkts=3 q_bytes=4512 qdelay_l_ms=1.08621 qdelay_c_ms=2.01158 ecn_mark=818 drop=0
[QUEUE_STATS] t_ms=10800 q_pkts=5 q_bytes=7520 qdelay_l_ms=1.01067 qdelay_c_ms=1.0034 ecn_mark=819 drop=0
[QUEUE_STATS] t_ms=10816 q_pkts=3 q_bytes=4512 qdelay_l_ms=0.983799 qdelay_c_ms=0.977898 ecn_mark=819 drop=0
[QUEUE_STATS] t_ms=10832 q_pkts=4 q_bytes=6016 qdelay_l_ms=1.10596 qdelay_c_ms=1.09892 ecn_mark=820 drop=0
[QUEUE_STATS] t_ms=10848 q_pkts=5 q_bytes=7520 qdelay_l_ms=1.06185 qdelay_c_ms=3.2666 ecn_mark=820 drop=0
[QUEUE_STATS] t_ms=10864 q_pkts=2 q_bytes=3008 qdelay_l_ms=1.01008 qdelay_c_ms=0.999288 ecn_mark=821 drop=0
[QUEUE_STATS] t_ms=10880 q_pkts=7 q_bytes=10528 qdelay_l_ms=0.978739 qdelay_c_ms=1.94361 ecn_mark=821 drop=0
[QUEUE_STATS] t_ms=10896 q_pkts=3 q_bytes=4512 qdelay_l_ms=1.08458 qdelay_c_ms=1.07452 ecn_mark=821 drop=0
[QUEUE_STATS] t_ms=10912 q_pkts=2 q_bytes=3008 qdelay_l_ms=1.01406 qdelay_c_ms=1.0076 ecn_mark=823 drop=0
[QUEUE_STATS] t_ms=10928 q_pkts=5 q_bytes=7520 qdelay_l_ms=0.979461 qdelay_c_ms=0.968811 ecn_mark=824 drop=0
[QUEUE_STATS] t_ms=10944 q_pkts=3 q_bytes=4512 qdelay_l_ms=1.01449 qdelay_c_ms=1.00915 ecn_mark=825 drop=0
[QUEUE_STATS] t_ms=10960 q_pkts=4 q_bytes=6016 qdelay_l_ms=0 qdelay_c_ms=1.0132 ecn_mark=825 drop=0
[QUEUE_STATS] t_ms=10976 q_pkts=7 q_bytes=10528 qdelay_l_ms=1.09564 qdelay_c_ms=1.08842 ecn_mark=826 drop=0
[QUEUE_STATS] t_ms=10992 q_pkts=3 q_bytes=4512 qdelay_l_ms=1.08865 qdelay_c_ms=1.08166 ecn_mark=826 drop=0
[QUEUE_STATS] t_ms=11008 q_pkts=6 q_bytes=9024 qdelay_l_ms=1.01106 qdelay_c_ms=1.9601 ecn_mark=827 drop=0
[QUEUE_STATS] t_ms=11024 q_pkts=6 q_bytes=9024 qdelay_l_ms=1.02309 qdelay_c_ms=1.99705 ecn_mark=827 drop=0
[QUEUE_STATS] t_ms=11040 q_pkts=1 q_bytes=1504 qdelay_l_ms=1.05119 qdelay_c_ms=0 ecn_mark=830 drop=0
[QUEUE_STATS] t_ms=11056 q_pkts=5 q_bytes=7520 qdelay_l_ms=1.01309 qdelay_c_ms=1.00609 ecn_mark=833 drop=0
[QUEUE_STATS] t_ms=11072 q_pkts=2 q_bytes=3008 qdelay_l_ms=1.099 qdelay_c_ms=1.09113 ecn_mark=834 drop=0
[QUEUE_STATS] t_ms=11088 q_pkts=2 q_bytes=3008 qdelay_l_ms=0.997595 qdelay_c_ms=0.986705 ecn_mark=835 drop=0
[QUEUE_STATS] t_ms=11105 q_pkts=4 q_bytes=6016 qdelay_l_ms=1.09172 qdelay_c_ms=2.14325 ecn_mark=835 drop=0
[QUEUE_STATS] t_ms=11120 q_pkts=2 q_bytes=3008 qdelay_l_ms=1.06581 qdelay_c_ms=2.13952 ecn_mark=836 drop=0
[QUEUE_STATS] t_ms=11136 q_pkts=5 q_bytes=7520 qdelay_l_ms=1.07005 qdelay_c_ms=1.10286 ecn_mark=836 drop=0
[QUEUE_STATS] t_ms=11152 q_pkts=5 q_bytes=7520 qdelay_l_ms=0.987396 qdelay_c_ms=1.95431 ecn_mark=837 drop=0
[QUEUE_STATS] t_ms=11168 q_pkts=3 q_bytes=4512 qdelay_l_ms=1.09204 qdelay_c_ms=1.08549 ecn_mark=838 drop=0
[QUEUE_STATS] t_ms=11184 q_pkts=1 q_bytes=1504 qdelay_l_ms=0 qdelay_c_ms=0.019326 ecn_mark=840 drop=0
[QUEUE_STATS] t_ms=11200 q_pkts=1 q_bytes=1504 qdelay_l_ms=1.07077 qdelay_c_ms=0 ecn_mark=841 drop=0
[QUEUE_STATS] t_ms=11216 q_pkts=0 q_bytes=0 qdelay_l_ms=0 qdelay_c_ms=0 ecn_mark=843 drop=0
[QUEUE_STATS] t_ms=11232 q_pkts=9 q_bytes=13536 qdelay_l_ms=1.09796 qdelay_c_ms=2.82976 ecn_mark=845 drop=0
[QUEUE_STATS] t_ms=11248 q_pkts=3 q_bytes=4512 qdelay_l_ms=1.00156 qdelay_c_ms=0.994729 ecn_mark=850 drop=0
[QUEUE_STATS] t_ms=11264 q_pkts=9 q_bytes=13536 qdelay_l_ms=1.05894 qdelay_c_ms=1.05228 ecn_mark=851 drop=0
[QUEUE_STATS] t_ms=11280 q_pkts=9 q_bytes=13536 qdelay_l_ms=0 qdelay_c_ms=2.93115 ecn_mark=851 drop=0
[QUEUE_STATS] t_ms=11296 q_pkts=2 q_bytes=3008 qdelay_l_ms=1.01765 qdelay_c_ms=1.99215 ecn_mark=852 drop=0
[QUEUE_STATS] t_ms=11312 q_pkts=5 q_bytes=7520 qdelay_l_ms=1.0453 qdelay_c_ms=2.13666 ecn_mark=852 drop=0
[QUEUE_STATS] t_ms=11328 q_pkts=3 q_bytes=4512 qdelay_l_ms=1.03703 qdelay_c_ms=1.02642 ecn_mark=853 drop=0
[QUEUE_STATS] t_ms=11344 q_pkts=5 q_bytes=7520 qdelay_l_ms=1.03526 qdelay_c_ms=1.02881 ecn_mark=855 drop=0
[QUEUE_STATS] t_ms=11360 q_pkts=8 q_bytes=12032 qdelay_l_ms=1.09977 qdelay_c_ms=3.2376 ecn_mark=855 drop=0
[QUEUE_STATS] t_ms=11376 q_pkts=2 q_bytes=3008 qdelay_l_ms=1.03818 qdelay_c_ms=1.03153 ecn_mark=856 drop=0
[QUEUE_STATS] t_ms=11392 q_pkts=3 q_bytes=4512 qdelay_l_ms=1.07119 qdelay_c_ms=1.05983 ecn_mark=857 drop=0
[QUEUE_STATS] t_ms=11409 q_pkts=7 q_bytes=10528 qdelay_l_ms=1.11544 qdelay_c_ms=1.10818 ecn_mark=857 drop=0
[QUEUE_STATS] t_ms=11424 q_pkts=1 q_bytes=1504 qdelay_l_ms=1.08728 qdelay_c_ms=0 ecn_mark=857 drop=0
[QUEUE_STATS] t_ms=11440 q_pkts=3 q_bytes=4512 qdelay_l_ms=1.0855 qdelay_c_ms=2.12731 ecn_mark=858 drop=0
[QUEUE_STATS] t_ms=11456 q_pkts=7 q_bytes=10528 qdelay_l_ms=1.09464 qdelay_c_ms=2.16511 ecn_mark=861 drop=0
[QUEUE_STATS] t_ms=11472 q_pkts=5 q_bytes=7520 qdelay_l_ms=1.08286 qdelay_c_ms=2.12974 ecn_mark=861 drop=0
[QUEUE_STATS] t_ms=11488 q_pkts=4 q_bytes=6016 qdelay_l_ms=1.05826 qdelay_c_ms=1.05128 ecn_mark=861 drop=0
[QUEUE_STATS] t_ms=11504 q_pkts=0 q_bytes=0 qdelay_l_ms=0 qdelay_c_ms=0 ecn_mark=863 drop=0
[QUEUE_STATS] t_ms=11520 q_pkts=1 q_bytes=1504 qdelay_l_ms=0 qdelay_c_ms=2.15423 ecn_mark=866 drop=0
[QUEUE_STATS] t_ms=11536 q_pkts=4 q_bytes=6016 qdelay_l_ms=1.07743 qdelay_c_ms=1.07235 ecn_mark=867 drop=0
[QUEUE_STATS] t_ms=11552 q_pkts=0 q_bytes=0 qdelay_l_ms=0 qdelay_c_ms=0 ecn_mark=867 drop=0
[QUEUE_STATS] t_ms=11568 q_pkts=2 q_bytes=3008 qdelay_l_ms=1.06608 qdelay_c_ms=1.06162 ecn_mark=871 drop=0
[QUEUE_STATS] t_ms=11584 q_pkts=6 q_bytes=9024 qdelay_l_ms=1.10266 qdelay_c_ms=1.09644 ecn_mark=872 drop=0
[QUEUE_STATS] t_ms=11600 q_pkts=3 q_bytes=4512 qdelay_l_ms=1.05821 qdelay_c_ms=1.04675 ecn_mark=872 drop=0
[QUEUE_STATS] t_ms=11616 q_pkts=7 q_bytes=10528 qdelay_l_ms=1.0467 qdelay_c_ms=2.16296 ecn_mark=873 drop=0
[QUEUE_STATS] t_ms=11632 q_pkts=0 q_bytes=0 qdelay_l_ms=0 qdelay_c_ms=0 ecn_mark=874 drop=0
[QUEUE_STATS] t_ms=11648 q_pkts=6 q_bytes=9024 qdelay_l_ms=1.09683 qdelay_c_ms=1.09 ecn_mark=874 drop=0
[QUEUE_STATS] t_ms=11664 q_pkts=4 q_bytes=6016 qdelay_l_ms=1.0695 qdelay_c_ms=2.19334 ecn_mark=874 drop=0
[QUEUE_STATS] t_ms=11680 q_pkts=3 q_bytes=4512 qdelay_l_ms=1.08597 qdelay_c_ms=1.07897 ecn_mark=874 drop=0
[QUEUE_STATS] t_ms=11696 q_pkts=1 q_bytes=1504 qdelay_l_ms=1.04025 qdelay_c_ms=0 ecn_mark=876 drop=0
[QUEUE_STATS] t_ms=11712 q_pkts=3 q_bytes=4512 qdelay_l_ms=1.0654 qdelay_c_ms=1.05981 ecn_mark=877 drop=0
[QUEUE_STATS] t_ms=11728 q_pkts=5 q_bytes=7520 qdelay_l_ms=1.06287 qdelay_c_ms=1.09716 ecn_mark=877 drop=0
[QUEUE_STATS] t_ms=11744 q_pkts=3 q_bytes=4512 qdelay_l_ms=0 qdelay_c_ms=1.09684 ecn_mark=879 drop=0
[QUEUE_STATS] t_ms=11760 q_pkts=1 q_bytes=1504 qdelay_l_ms=1.04462 qdelay_c_ms=0 ecn_mark=879 drop=0
[QUEUE_STATS] t_ms=11776 q_pkts=4 q_bytes=6016 qdelay_l_ms=0.791077 qdelay_c_ms=0.785777 ecn_mark=879 drop=0
[QUEUE_STATS] t_ms=11792 q_pkts=7 q_bytes=10528 qdelay_l_ms=1.05221 qdelay_c_ms=2.01713 ecn_mark=880 drop=0
[QUEUE_STATS] t_ms=11808 q_pkts=3 q_bytes=4512 qdelay_l_ms=1.05106 qdelay_c_ms=1.04466 ecn_mark=881 drop=0
[QUEUE_STATS] t_ms=11824 q_pkts=0 q_bytes=0 qdelay_l_ms=0 qdelay_c_ms=0 ecn_mark=882 drop=0
[QUEUE_STATS] t_ms=11840 q_pkts=8 q_bytes=12032 qdelay_l_ms=1.04604 qdelay_c_ms=1.10319 ecn_mark=884 drop=0
[QUEUE_STATS] t_ms=11856 q_pkts=2 q_bytes=3008 qdelay_l_ms=1.06143 qdelay_c_ms=2.16425 ecn_mark=884 drop=0
[QUEUE_STATS] t_ms=11872 q_pkts=3 q_bytes=4512 qdelay_l_ms=0.550004 qdelay_c_ms=0.543301 ecn_mark=887 drop=0
[QUEUE_STATS] t_ms=11888 q_pkts=2 q_bytes=3008 qdelay_l_ms=0 qdelay_c_ms=2.11471 ecn_mark=888 drop=0
[QUEUE_STATS] t_ms=11904 q_pkts=4 q_bytes=6016 qdelay_l_ms=1.06107 qdelay_c_ms=2.16221 ecn_mark=890 drop=0
[QUEUE_STATS] t_ms=11920 q_pkts=1 q_bytes=1504 qdelay_l_ms=1.06433 qdelay_c_ms=0 ecn_mark=893 drop=0
[QUEUE_STATS] t_ms=11936 q_pkts=3 q_bytes=4512 qdelay_l_ms=1.106 qdelay_c_ms=1.09906 ecn_mark=895 drop=0
[QUEUE_STATS] t_ms=11952 q_pkts=3 q_bytes=4512 qdelay_l_ms=1.07283 qdelay_c_ms=1.06638 ecn_mark=895 drop=0
[QUEUE_STATS] t_ms=11968 q_pkts=5 q_bytes=7520 qdelay_l_ms=1.08678 qdelay_c_ms=1.10318 ecn_mark=896 drop=0
[QUEUE_STATS] t_ms=11984 q_pkts=1 q_bytes=1504 qdelay_l_ms=1.0776 qdelay_c_ms=0 ecn_mark=896 drop=0
[QUEUE_STATS] t_ms=12000 q_pkts=1 q_bytes=1504 qdelay_l_ms=1.07852 qdelay_c_ms=0 ecn_mark=897 drop=0
[QUEUE_STATS] t_ms=12017 q_pkts=2 q_bytes=3008 qdelay_l_ms=0 qdelay_c_ms=1.08468 ecn_mark=898 drop=0
[QUEUE_STATS] t_ms=12032 q_pkts=5 q_bytes=7520 qdelay_l_ms=0.574139 qdelay_c_ms=2.14728 ecn_mark=898 drop=0
[QUEUE_STATS] t_ms=12048 q_pkts=0 q_bytes=0 qdelay_l_ms=0 qdelay_c_ms=0 ecn_mark=898 drop=0
[QUEUE_STATS] t_ms=12064 q_pkts=4 q_bytes=6016 qdelay_l_ms=1.06551 qdelay_c_ms=2.14787 ecn_mark=900 drop=0
[QUEUE_STATS] t_ms=12080 q_pkts=1 q_bytes=1504 qdelay_l_ms=0 qdelay_c_ms=1.06954 ecn_mark=900 drop=0
[QUEUE_STATS] t_ms=12096 q_pkts=0 q_bytes=0 qdelay_l_ms=0 qdelay_c_ms=0 ecn_mark=900 drop=0
[QUEUE_STATS] t_ms=12112 q_pkts=1 q_bytes=1504 qdelay_l_ms=1.07301 qdelay_c_ms=0 ecn_mark=900 drop=0
[QUEUE_STATS] t_ms=12128 q_pkts=0 q_bytes=0 qdelay_l_ms=0 qdelay_c_ms=0 ecn_mark=903 drop=0
[QUEUE_STATS] t_ms=12144 q_pkts=4 q_bytes=6016 qdelay_l_ms=0 qdelay_c_ms=1.08194 ecn_mark=905 drop=0
[QUEUE_STATS] t_ms=12160 q_pkts=3 q_bytes=4512 qdelay_l_ms=1.09622 qdelay_c_ms=2.14676 ecn_mark=906 drop=0
[QUEUE_STATS] t_ms=12176 q_pkts=2 q_bytes=3008 qdelay_l_ms=0.565784 qdelay_c_ms=2.15038 ecn_mark=906 drop=0
[QUEUE_STATS] t_ms=12192 q_pkts=5 q_bytes=7520 qdelay_l_ms=1.06629 qdelay_c_ms=1.05927 ecn_mark=906 drop=0
[QUEUE_STATS] t_ms=12208 q_pkts=5 q_bytes=7520 qdelay_l_ms=1.08379 qdelay_c_ms=2.17437 ecn_mark=906 drop=0
[QUEUE_STATS] t_ms=12224 q_pkts=4 q_bytes=6016 qdelay_l_ms=1.04954 qdelay_c_ms=1.0394 ecn_mark=907 drop=0
[QUEUE_STATS] t_ms=12240 q_pkts=4 q_bytes=6016 qdelay_l_ms=1.05494 qdelay_c_ms=2.06981 ecn_mark=907 drop=0
[QUEUE_STATS] t_ms=12256 q_pkts=1 q_bytes=1504 qdelay_l_ms=1.06219 qdelay_c_ms=0 ecn_mark=909 drop=0
[QUEUE_STATS] t_ms=12272 q_pkts=9 q_bytes=13536 qdelay_l_ms=0 qdelay_c_ms=3.28581 ecn_mark=909 drop=0
[QUEUE_STATS] t_ms=12288 q_pkts=4 q_bytes=6016 qdelay_l_ms=1.06144 qdelay_c_ms=2.14911 ecn_mark=909 drop=0
[QUEUE_STATS] t_ms=12304 q_pkts=1 q_bytes=1504 qdelay_l_ms=1.08583 qdelay_c_ms=0 ecn_mark=909 drop=0
[QUEUE_STATS] t_ms=12320 q_pkts=7 q_bytes=10528 qdelay_l_ms=1.03042 qdelay_c_ms=1.01997 ecn_mark=912 drop=0
[QUEUE_STATS] t_ms=12336 q_pkts=4 q_bytes=6016 qdelay_l_ms=1.06624 qdelay_c_ms=4.39729 ecn_mark=913 drop=0
[QUEUE_STATS] t_ms=12352 q_pkts=5 q_bytes=7520 qdelay_l_ms=0.976666 qdelay_c_ms=0.998347 ecn_mark=916 drop=0
[QUEUE_STATS] t_ms=12368 q_pkts=1 q_bytes=1504 qdelay_l_ms=1.02964 qdelay_c_ms=0 ecn_mark=918 drop=0
[QUEUE_STATS] t_ms=12384 q_pkts=3 q_bytes=4512 qdelay_l_ms=1.06007 qdelay_c_ms=1.05199 ecn_mark=920 drop=0
[QUEUE_STATS] t_ms=12400 q_pkts=2 q_bytes=3008 qdelay_l_ms=0 qdelay_c_ms=1.07733 ecn_mark=920 drop=0
[QUEUE_STATS] t_ms=12416 q_pkts=3 q_bytes=4512 qdelay_l_ms=0.902175 qdelay_c_ms=0.897246 ecn_mark=920 drop=0
[QUEUE_STATS] t_ms=12432 q_pkts=1 q_bytes=1504 qdelay_l_ms=1.03734 qdelay_c_ms=0 ecn_mark=921 drop=0
[QUEUE_STATS] t_ms=12448 q_pkts=6 q_bytes=9024 qdelay_l_ms=1.09682 qdelay_c_ms=1.08874 ecn_mark=921 drop=0
[QUEUE_STATS] t_ms=12464 q_pkts=5 q_bytes=7520 qdelay_l_ms=1.01426 qdelay_c_ms=1.0035 ecn_mark=923 drop=0
[QUEUE_STATS] t_ms=12480 q_pkts=3 q_bytes=4512 qdelay_l_ms=1.00825 qdelay_c_ms=1.00208 ecn_mark=923 drop=0
[QUEUE_STATS] t_ms=12496 q_pkts=4 q_bytes=6016 qdelay_l_ms=1.10407 qdelay_c_ms=1.09732 ecn_mark=924 drop=0
[QUEUE_STATS] t_ms=12512 q_pkts=3 q_bytes=4512 qdelay_l_ms=1.08559 qdelay_c_ms=1.07947 ecn_mark=925 drop=0
[QUEUE_STATS] t_ms=12528 q_pkts=4 q_bytes=6016 qdelay_l_ms=1.05243 qdelay_c_ms=1.0443 ecn_mark=926 drop=0
[QUEUE_STATS] t_ms=12544 q_pkts=2 q_bytes=3008 qdelay_l_ms=1.03478 qdelay_c_ms=1.02922 ecn_mark=927 drop=0
[QUEUE_STATS] t_ms=12560 q_pkts=1 q_bytes=1504 qdelay_l_ms=1.06622 qdelay_c_ms=0 ecn_mark=929 drop=0
[QUEUE_STATS] t_ms=12576 q_pkts=6 q_bytes=9024 qdelay_l_ms=0 qdelay_c_ms=1.23015 ecn_mark=931 drop=0
[QUEUE_STATS] t_ms=12592 q_pkts=5 q_bytes=7520 qdelay_l_ms=1.04733 qdelay_c_ms=1.06849 ecn_mark=933 drop=0
[QUEUE_STATS] t_ms=12608 q_pkts=3 q_bytes=4512 qdelay_l_ms=1.08685 qdelay_c_ms=1.07986 ecn_mark=934 drop=0
[QUEUE_STATS] t_ms=12624 q_pkts=3 q_bytes=4512 qdelay_l_ms=1.06706 qdelay_c_ms=1.08664 ecn_mark=934 drop=0
[QUEUE_STATS] t_ms=12640 q_pkts=0 q_bytes=0 qdelay_l_ms=0 qdelay_c_ms=0 ecn_mark=934 drop=0
[QUEUE_STATS] t_ms=12656 q_pkts=3 q_bytes=4512 qdelay_l_ms=1.08325 qdelay_c_ms=2.14826 ecn_mark=935 drop=0
[QUEUE_STATS] t_ms=12672 q_pkts=2 q_bytes=3008 qdelay_l_ms=1.07494 qdelay_c_ms=1.06904 ecn_mark=936 drop=0
[QUEUE_STATS] t_ms=12688 q_pkts=1 q_bytes=1504 qdelay_l_ms=1.06207 qdelay_c_ms=0 ecn_mark=937 drop=0
[QUEUE_STATS] t_ms=12704 q_pkts=5 q_bytes=7520 qdelay_l_ms=1.05809 qdelay_c_ms=1.0462 ecn_mark=938 drop=0
[QUEUE_STATS] t_ms=12720 q_pkts=1 q_bytes=1504 qdelay_l_ms=1.07857 qdelay_c_ms=0 ecn_mark=938 drop=0
[QUEUE_STATS] t_ms=12736 q_pkts=0 q_bytes=0 qdelay_l_ms=0 qdelay_c_ms=0 ecn_mark=938 drop=0
[QUEUE_STATS] t_ms=12752 q_pkts=3 q_bytes=4512 qdelay_l_ms=1.04482 qdelay_c_ms=1.0366 ecn_mark=939 drop=0
[QUEUE_STATS] t_ms=12768 q_pkts=5 q_bytes=7520 qdelay_l_ms=1.04379 qdelay_c_ms=1.03389 ecn_mark=939 drop=0
[QUEUE_STATS] t_ms=12784 q_pkts=1 q_bytes=1504 qdelay_l_ms=0 qdelay_c_ms=3.19629 ecn_mark=941 drop=0
[QUEUE_STATS] t_ms=12800 q_pkts=5 q_bytes=7520 qdelay_l_ms=1.018 qdelay_c_ms=1.05334 ecn_mark=942 drop=0
[QUEUE_STATS] t_ms=12816 q_pkts=4 q_bytes=6016 qdelay_l_ms=1.08586 qdelay_c_ms=1.07953 ecn_mark=943 drop=0
[QUEUE_STATS] t_ms=12832 q_pkts=0 q_bytes=0 qdelay_l_ms=0 qdelay_c_ms=0 ecn_mark=944 drop=0
[QUEUE_STATS] t_ms=12848 q_pkts=1 q_bytes=1504 qdelay_l_ms=1.08124 qdelay_c_ms=0 ecn_mark=946 drop=0
[QUEUE_STATS] t_ms=12864 q_pkts=3 q_bytes=4512 qdelay_l_ms=1.06591 qdelay_c_ms=1.05654 ecn_mark=946 drop=0
[QUEUE_STATS] t_ms=12880 q_pkts=9 q_bytes=13536 qdelay_l_ms=1.04684 qdelay_c_ms=2.06346 ecn_mark=948 drop=0
[QUEUE_STATS] t_ms=12896 q_pkts=2 q_bytes=3008 qdelay_l_ms=1.07084 qdelay_c_ms=2.10388 ecn_mark=948 drop=0
[QUEUE_STATS] t_ms=12912 q_pkts=1 q_bytes=1504 qdelay_l_ms=1.07673 qdelay_c_ms=0 ecn_mark=949 drop=0
[QUEUE_STATS] t_ms=12928 q_pkts=1 q_bytes=1504 qdelay_l_ms=0 qdelay_c_ms=2.15536 ecn_mark=951 drop=0
[QUEUE_STATS] t_ms=12944 q_pkts=8 q_bytes=12032 qdelay_l_ms=1.09889 qdelay_c_ms=1.09374 ecn_mark=951 drop=0
[QUEUE_STATS] t_ms=12960 q_pkts=2 q_bytes=3008 qdelay_l_ms=1.06893 qdelay_c_ms=1.0627 ecn_mark=951 drop=0
[QUEUE_STATS] t_ms=12976 q_pkts=1 q_bytes=1504 qdelay_l_ms=1.04805 qdelay_c_ms=0 ecn_mark=951 drop=0
[QUEUE_STATS] t_ms=12992 q_pkts=3 q_bytes=4512 qdelay_l_ms=0.463681 qdelay_c_ms=1.53538 ecn_mark=952 drop=0
[QUEUE_STATS] t_ms=13008 q_pkts=3 q_bytes=4512 qdelay_l_ms=0.536909 qdelay_c_ms=0.531389 ecn_mark=952 drop=0
[QUEUE_STATS] t_ms=13024 q_pkts=1 q_bytes=1504 qdelay_l_ms=1.06615 qdelay_c_ms=0 ecn_mark=952 drop=0
[QUEUE_STATS] t_ms=13040 q_pkts=2 q_bytes=3008 qdelay_l_ms=0 qdelay_c_ms=1.07496 ecn_mark=952 drop=0
[QUEUE_STATS] t_ms=13056 q_pkts=1 q_bytes=1504 qdelay_l_ms=1.07597 qdelay_c_ms=0 ecn_mark=953 drop=0
[QUEUE_STATS] t_ms=13072 q_pkts=6 q_bytes=9024 qdelay_l_ms=1.12014 qdelay_c_ms=1.11248 ecn_mark=954 drop=0
[QUEUE_STATS] t_ms=13088 q_pkts=1 q_bytes=1504 qdelay_l_ms=1.0744 qdelay_c_ms=0 ecn_mark=955 drop=0
[QUEUE_STATS] t_ms=13104 q_pkts=1 q_bytes=1504 qdelay_l_ms=1.02943 qdelay_c_ms=0 ecn_mark=955 drop=0
[QUEUE_STATS] t_ms=13120 q_pkts=8 q_bytes=12032 qdelay_l_ms=1.07508 qdelay_c_ms=3.18472 ecn_mark=956 drop=0
[QUEUE_STATS] t_ms=13136 q_pkts=1 q_bytes=1504 qdelay_l_ms=0 qdelay_c_ms=0.016 ecn_mark=956 drop=0
[QUEUE_STATS] t_ms=13152 q_pkts=0 q_bytes=0 qdelay_l_ms=0 qdelay_c_ms=0 ecn_mark=956 drop=0
[QUEUE_STATS] t_ms=13169 q_pkts=1 q_bytes=1504 qdelay_l_ms=1.08225 qdelay_c_ms=0 ecn_mark=959 drop=0
[QUEUE_STATS] t_ms=13184 q_pkts=4 q_bytes=6016 qdelay_l_ms=1.104 qdelay_c_ms=3.26189 ecn_mark=959 drop=0
[QUEUE_STATS] t_ms=13200 q_pkts=5 q_bytes=7520 qdelay_l_ms=1.07154 qdelay_c_ms=2.09936 ecn_mark=959 drop=0
[QUEUE_STATS] t_ms=13216 q_pkts=1 q_bytes=1504 qdelay_l_ms=1.07276 qdelay_c_ms=0 ecn_mark=960 drop=0
[QUEUE_STATS] t_ms=13232 q_pkts=1 q_bytes=1504 qdelay_l_ms=1.05658 qdelay_c_ms=0 ecn_mark=962 drop=0
[QUEUE_STATS] t_ms=13248 q_pkts=3 q_bytes=4512 qdelay_l_ms=1.07299 qdelay_c_ms=1.06739 ecn_mark=963 drop=0
[QUEUE_STATS] t_ms=13264 q_pkts=3 q_bytes=4512 qdelay_l_ms=1.03637 qdelay_c_ms=1.03013 ecn_mark=963 drop=0
[QUEUE_STATS] t_ms=13280 q_pkts=1 q_bytes=1504 qdelay_l_ms=1.02412 qdelay_c_ms=0 ecn_mark=968 drop=0
[QUEUE_STATS] t_ms=13296 q_pkts=3 q_bytes=4512 qdelay_l_ms=1.00267 qdelay_c_ms=0.995571 ecn_mark=968 drop=0
[QUEUE_STATS] t_ms=13312 q_pkts=2 q_bytes=3008 qdelay_l_ms=1.09788 qdelay_c_ms=0 ecn_mark=969 drop=0
[QUEUE_STATS] t_ms=13328 q_pkts=1 q_bytes=1504 qdelay_l_ms=1.04973 qdelay_c_ms=0 ecn_mark=971 drop=0
[QUEUE_STATS] t_ms=13344 q_pkts=0 q_bytes=0 qdelay_l_ms=0 qdelay_c_ms=0 ecn_mark=975 drop=0
[QUEUE_STATS] t_ms=13360 q_pkts=1 q_bytes=1504 qdelay_l_ms=0.954905 qdelay_c_ms=0 ecn_mark=976 drop=0
[QUEUE_STATS] t_ms=13376 q_pkts=6 q_bytes=9024 qdelay_l_ms=0.529956 qdelay_c_ms=1.56887 ecn_mark=978 drop=0
[QUEUE_STATS] t_ms=13392 q_pkts=1 q_bytes=1504 qdelay_l_ms=0.711989 qdelay_c_ms=0 ecn_mark=980 drop=0
[QUEUE_STATS] t_ms=13408 q_pkts=1 q_bytes=1504 qdelay_l_ms=1.08402 qdelay_c_ms=0 ecn_mark=981 drop=0
[QUEUE_STATS] t_ms=13424 q_pkts=2 q_bytes=3008 qdelay_l_ms=1.06494 qdelay_c_ms=1.07024 ecn_mark=981 drop=0
[QUEUE_STATS] t_ms=13440 q_pkts=1 q_bytes=1504 qdelay_l_ms=1.06911 qdelay_c_ms=0 ecn_mark=983 drop=0
[QUEUE_STATS] t_ms=13456 q_pkts=3 q_bytes=4512 qdelay_l_ms=1.02051 qdelay_c_ms=1.00988 ecn_mark=983 drop=0
[QUEUE_STATS] t_ms=13472 q_pkts=1 q_bytes=1504 qdelay_l_ms=1.0688 qdelay_c_ms=0 ecn_mark=984 drop=0
[QUEUE_STATS] t_ms=13488 q_pkts=1 q_bytes=1504 qdelay_l_ms=1.06261 qdelay_c_ms=0 ecn_mark=986 drop=0
[QUEUE_STATS] t_ms=13504 q_pkts=4 q_bytes=6016 qdelay_l_ms=0 qdelay_c_ms=1.77333 ecn_mark=988 drop=0
[QUEUE_STATS] t_ms=13520 q_pkts=4 q_bytes=6016 qdelay_l_ms=1.08515 qdelay_c_ms=1.07759 ecn_mark=989 drop=0
[QUEUE_STATS] t_ms=13536 q_pkts=2 q_bytes=3008 qdelay_l_ms=1.06648 qdelay_c_ms=2.09842 ecn_mark=989 drop=0
[QUEUE_STATS] t_ms=13552 q_pkts=1 q_bytes=1504 qdelay_l_ms=1.07598 qdelay_c_ms=0 ecn_mark=990 drop=0
[QUEUE_STATS] t_ms=13568 q_pkts=2 q_bytes=3008 qdelay_l_ms=1.07384 qdelay_c_ms=1.08007 ecn_mark=990 drop=0
[QUEUE_STATS] t_ms=13584 q_pkts=3 q_bytes=4512 qdelay_l_ms=1.10323 qdelay_c_ms=1.0962 ecn_mark=990 drop=0
[QUEUE_STATS] t_ms=13600 q_pkts=1 q_bytes=1504 qdelay_l_ms=1.10153 qdelay_c_ms=0 ecn_mark=991 drop=0
[QUEUE_STATS] t_ms=13616 q_pkts=1 q_bytes=1504 qdelay_l_ms=1.06856 qdelay_c_ms=0 ecn_mark=994 drop=0
[QUEUE_STATS] t_ms=13632 q_pkts=3 q_bytes=4512 qdelay_l_ms=1.09298 qdelay_c_ms=2.11304 ecn_mark=995 drop=0
[QUEUE_STATS] t_ms=13648 q_pkts=1 q_bytes=1504 qdelay_l_ms=1.0616 qdelay_c_ms=0 ecn_mark=995 drop=0
[QUEUE_STATS] t_ms=13664 q_pkts=5 q_bytes=7520 qdelay_l_ms=1.09483 qdelay_c_ms=1.08801 ecn_mark=995 drop=0
[QUEUE_STATS] t_ms=13680 q_pkts=1 q_bytes=1504 qdelay_l_ms=1.08501 qdelay_c_ms=0 ecn_mark=995 drop=0
[QUEUE_STATS] t_ms=13696 q_pkts=1 q_bytes=1504 qdelay_l_ms=1.07281 qdelay_c_ms=0 ecn_mark=998 drop=0
[QUEUE_STATS] t_ms=13712 q_pkts=3 q_bytes=4512 qdelay_l_ms=0 qdelay_c_ms=2.16932 ecn_mark=999 drop=0
[QUEUE_STATS] t_ms=13728 q_pkts=3 q_bytes=4512 qdelay_l_ms=0 qdelay_c_ms=1.09283 ecn_mark=999 drop=0
[QUEUE_STATS] t_ms=13744 q_pkts=1 q_bytes=1504 qdelay_l_ms=1.01689 qdelay_c_ms=0 ecn_mark=1000 drop=0
[QUEUE_STATS] t_ms=13760 q_pkts=0 q_bytes=0 qdelay_l_ms=0 qdelay_c_ms=0 ecn_mark=1000 drop=0
[QUEUE_STATS] t_ms=13776 q_pkts=1 q_bytes=1504 qdelay_l_ms=0 qdelay_c_ms=2.1391 ecn_mark=1001 drop=0
[QUEUE_STATS] t_ms=13792 q_pkts=1 q_bytes=1504 qdelay_l_ms=1.0613 qdelay_c_ms=0 ecn_mark=1002 drop=0
[QUEUE_STATS] t_ms=13808 q_pkts=1 q_bytes=1504 qdelay_l_ms=1.08188 qdelay_c_ms=0 ecn_mark=1003 drop=0
[QUEUE_STATS] t_ms=13824 q_pkts=2 q_bytes=3008 qdelay_l_ms=1.07717 qdelay_c_ms=1.07099 ecn_mark=1005 drop=0
[QUEUE_STATS] t_ms=13840 q_pkts=7 q_bytes=10528 qdelay_l_ms=1.07198 qdelay_c_ms=2.15718 ecn_mark=1007 drop=0
[QUEUE_STATS] t_ms=13856 q_pkts=5 q_bytes=7520 qdelay_l_ms=1.06709 qdelay_c_ms=1.101 ecn_mark=1007 drop=0
[QUEUE_STATS] t_ms=13873 q_pkts=0 q_bytes=0 qdelay_l_ms=0 qdelay_c_ms=0 ecn_mark=1007 drop=0
[QUEUE_STATS] t_ms=13888 q_pkts=3 q_bytes=4512 qdelay_l_ms=1.05572 qdelay_c_ms=1.04724 ecn_mark=1007 drop=0
[QUEUE_STATS] t_ms=13904 q_pkts=1 q_bytes=1504 qdelay_l_ms=0 qdelay_c_ms=2.15995 ecn_mark=1008 drop=0
[QUEUE_STATS] t_ms=13920 q_pkts=5 q_bytes=7520 qdelay_l_ms=1.07622 qdelay_c_ms=1.0871 ecn_mark=1008 drop=0
[QUEUE_STATS] t_ms=13937 q_pkts=0 q_bytes=0 qdelay_l_ms=0 qdelay_c_ms=0 ecn_mark=1008 drop=0
[QUEUE_STATS] t_ms=13952 q_pkts=3 q_bytes=4512 qdelay_l_ms=1.08462 qdelay_c_ms=1.07755 ecn_mark=1009 drop=0
[QUEUE_STATS] t_ms=13968 q_pkts=3 q_bytes=4512 qdelay_l_ms=1.07194 qdelay_c_ms=1.06675 ecn_mark=1011 drop=0
[QUEUE_STATS] t_ms=13984 q_pkts=3 q_bytes=4512 qdelay_l_ms=1.08927 qdelay_c_ms=1.08227 ecn_mark=1012 drop=0
[QUEUE_STATS] t_ms=14000 q_pkts=1 q_bytes=1504 qdelay_l_ms=1.07294 qdelay_c_ms=0 ecn_mark=1012 drop=0
[QUEUE_STATS] t_ms=14016 q_pkts=5 q_bytes=7520 qdelay_l_ms=0.546306 qdelay_c_ms=0.540726 ecn_mark=1013 drop=0
[QUEUE_STATS] t_ms=14032 q_pkts=1 q_bytes=1504 qdelay_l_ms=1.0795 qdelay_c_ms=0 ecn_mark=1013 drop=0
[QUEUE_STATS] t_ms=14048 q_pkts=3 q_bytes=4512 qdelay_l_ms=1.06901 qdelay_c_ms=1.06408 ecn_mark=1013 drop=0
[QUEUE_STATS] t_ms=14064 q_pkts=0 q_bytes=0 qdelay_l_ms=0 qdelay_c_ms=0 ecn_mark=1013 drop=0
[QUEUE_STATS] t_ms=14080 q_pkts=1 q_bytes=1504 qdelay_l_ms=0.999579 qdelay_c_ms=0 ecn_mark=1014 drop=0
[QUEUE_STATS] t_ms=14096 q_pkts=1 q_bytes=1504 qdelay_l_ms=0.260159 qdelay_c_ms=0 ecn_mark=1016 drop=0
[QUEUE_STATS] t_ms=14112 q_pkts=2 q_bytes=3008 qdelay_l_ms=1.07886 qdelay_c_ms=2.14603 ecn_mark=1017 drop=0
[QUEUE_STATS] t_ms=14128 q_pkts=2 q_bytes=3008 qdelay_l_ms=0.98941 qdelay_c_ms=0 ecn_mark=1017 drop=0
[QUEUE_STATS] t_ms=14144 q_pkts=2 q_bytes=3008 qdelay_l_ms=1.0189 qdelay_c_ms=2.89737 ecn_mark=1017 drop=0
[QUEUE_STATS] t_ms=14160 q_pkts=1 q_bytes=1504 qdelay_l_ms=1.06268 qdelay_c_ms=0 ecn_mark=1018 drop=0
[QUEUE_STATS] t_ms=14176 q_pkts=3 q_bytes=4512 qdelay_l_ms=1.08491 qdelay_c_ms=2.16516 ecn_mark=1019 drop=0
[QUEUE_STATS] t_ms=14192 q_pkts=5 q_bytes=7520 qdelay_l_ms=1.09405 qdelay_c_ms=1.08836 ecn_mark=1021 drop=0
[QUEUE_STATS] t_ms=14208 q_pkts=2 q_bytes=3008 qdelay_l_ms=1.08743 qdelay_c_ms=0 ecn_mark=1021 drop=0
[QUEUE_STATS] t_ms=14224 q_pkts=0 q_bytes=0 qdelay_l_ms=0 qdelay_c_ms=0 ecn_mark=1024 drop=0
[QUEUE_STATS] t_ms=14240 q_pkts=6 q_bytes=9024 qdelay_l_ms=1.09387 qdelay_c_ms=2.18554 ecn_mark=1024 drop=0
[QUEUE_STATS] t_ms=14256 q_pkts=3 q_bytes=4512 qdelay_l_ms=1.07657 qdelay_c_ms=1.08866 ecn_mark=1024 drop=0
[QUEUE_STATS] t_ms=14272 q_pkts=5 q_bytes=7520 qdelay_l_ms=1.06863 qdelay_c_ms=2.03031 ecn_mark=1024 drop=0
[QUEUE_STATS] t_ms=14288 q_pkts=1 q_bytes=1504 qdelay_l_ms=0.812307 qdelay_c_ms=0 ecn_mark=1025 drop=0
[QUEUE_STATS] t_ms=14304 q_pkts=8 q_bytes=12032 qdelay_l_ms=1.10247 qdelay_c_ms=3.22117 ecn_mark=1025 drop=0
[QUEUE_STATS] t_ms=14320 q_pkts=1 q_bytes=1504 qdelay_l_ms=1.07763 qdelay_c_ms=0 ecn_mark=1026 drop=0
[QUEUE_STATS] t_ms=14336 q_pkts=1 q_bytes=1504 qdelay_l_ms=1.0865 qdelay_c_ms=0 ecn_mark=1027 drop=0
[QUEUE_STATS] t_ms=14352 q_pkts=3 q_bytes=4512 qdelay_l_ms=1.08633 qdelay_c_ms=1.07925 ecn_mark=1028 drop=0
[QUEUE_STATS] t_ms=14368 q_pkts=3 q_bytes=4512 qdelay_l_ms=1.06722 qdelay_c_ms=2.17837 ecn_mark=1030 drop=0
[QUEUE_STATS] t_ms=14384 q_pkts=3 q_bytes=4512 qdelay_l_ms=1.02198 qdelay_c_ms=1.01417 ecn_mark=1030 drop=0
[QUEUE_STATS] t_ms=14400 q_pkts=1 q_bytes=1504 qdelay_l_ms=0.776109 qdelay_c_ms=0 ecn_mark=1031 drop=0
[QUEUE_STATS] t_ms=14416 q_pkts=1 q_bytes=1504 qdelay_l_ms=1.06206 qdelay_c_ms=0 ecn_mark=1031 drop=0
[QUEUE_STATS] t_ms=14432 q_pkts=4 q_bytes=6016 qdelay_l_ms=0 qdelay_c_ms=2.0012 ecn_mark=1032 drop=0
[QUEUE_STATS] t_ms=14448 q_pkts=0 q_bytes=0 qdelay_l_ms=0 qdelay_c_ms=0 ecn_mark=1036 drop=0
[QUEUE_STATS] t_ms=14464 q_pkts=1 q_bytes=1504 qdelay_l_ms=0.565192 qdelay_c_ms=0 ecn_mark=1037 drop=0
[QUEUE_STATS] t_ms=14480 q_pkts=1 q_bytes=1504 qdelay_l_ms=1.07902 qdelay_c_ms=0 ecn_mark=1037 drop=0
[QUEUE_STATS] t_ms=14496 q_pkts=4 q_bytes=6016 qdelay_l_ms=0.991053 qdelay_c_ms=1.9923 ecn_mark=1038 drop=0
[QUEUE_STATS] t_ms=14512 q_pkts=4 q_bytes=6016 qdelay_l_ms=1.07069 qdelay_c_ms=1.06084 ecn_mark=1039 drop=0
[QUEUE_STATS] t_ms=14528 q_pkts=5 q_bytes=7520 qdelay_l_ms=1.05496 qdelay_c_ms=1.04844 ecn_mark=1040 drop=0
[QUEUE_STATS] t_ms=14544 q_pkts=2 q_bytes=3008 qdelay_l_ms=0 qdelay_c_ms=1.0762 ecn_mark=1041 drop=0
[QUEUE_STATS] t_ms=14561 q_pkts=5 q_bytes=7520 qdelay_l_ms=1.08995 qdelay_c_ms=1.08347 ecn_mark=1041 drop=0
[QUEUE_STATS] t_ms=14576 q_pkts=4 q_bytes=6016 qdelay_l_ms=1.03528 qdelay_c_ms=1.02864 ecn_mark=1041 drop=0
[QUEUE_STATS] t_ms=14592 q_pkts=0 q_bytes=0 qdelay_l_ms=0 qdelay_c_ms=0 ecn_mark=1045 drop=0
[QUEUE_STATS] t_ms=14608 q_pkts=3 q_bytes=4512 qdelay_l_ms=1.08601 qdelay_c_ms=1.07962 ecn_mark=1045 drop=0
[QUEUE_STATS] t_ms=14624 q_pkts=6 q_bytes=9024 qdelay_l_ms=1.11541 qdelay_c_ms=1.10819 ecn_mark=1047 drop=0
[QUEUE_STATS] t_ms=14640 q_pkts=4 q_bytes=6016 qdelay_l_ms=1.08597 qdelay_c_ms=2.14755 ecn_mark=1050 drop=0
[QUEUE_STATS] t_ms=14657 q_pkts=4 q_bytes=6016 qdelay_l_ms=1.08898 qdelay_c_ms=1.08365 ecn_mark=1052 drop=0
[QUEUE_STATS] t_ms=14672 q_pkts=1 q_bytes=1504 qdelay_l_ms=1.07459 qdelay_c_ms=0 ecn_mark=1052 drop=0
[QUEUE_STATS] t_ms=14688 q_pkts=3 q_bytes=4512 qdelay_l_ms=1.09566 qdelay_c_ms=1.08875 ecn_mark=1053 drop=0
[QUEUE_STATS] t_ms=14704 q_pkts=1 q_bytes=1504 qdelay_l_ms=1.07604 qdelay_c_ms=0 ecn_mark=1054 drop=0
[QUEUE_STATS] t_ms=14720 q_pkts=2 q_bytes=3008 qdelay_l_ms=1.03052 qdelay_c_ms=1.02484 ecn_mark=1054 drop=0
[QUEUE_STATS] t_ms=14736 q_pkts=1 q_bytes=1504 qdelay_l_ms=1.0351 qdelay_c_ms=0 ecn_mark=1054 drop=0
[QUEUE_STATS] t_ms=14752 q_pkts=3 q_bytes=4512 qdelay_l_ms=1.07197 qdelay_c_ms=1.06622 ecn_mark=1056 drop=0
[QUEUE_STATS] t_ms=14768 q_pkts=2 q_bytes=3008 qdelay_l_ms=1.05693 qdelay_c_ms=2.62091 ecn_mark=1057 drop=0
[QUEUE_STATS] t_ms=14784 q_pkts=5 q_bytes=7520 qdelay_l_ms=1.05381 qdelay_c_ms=1.07531 ecn_mark=1058 drop=0
[QUEUE_STATS] t_ms=14800 q_pkts=1 q_bytes=1504 qdelay_l_ms=1.07006 qdelay_c_ms=0 ecn_mark=1059 drop=0
[QUEUE_STATS] t_ms=14816 q_pkts=3 q_bytes=4512 qdelay_l_ms=1.0721 qdelay_c_ms=1.0653 ecn_mark=1059 drop=0
[QUEUE_STATS] t_ms=14832 q_pkts=0 q_bytes=0 qdelay_l_ms=0 qdelay_c_ms=0 ecn_mark=1059 drop=0
[QUEUE_STATS] t_ms=14848 q_pkts=3 q_bytes=4512 qdelay_l_ms=0.969713 qdelay_c_ms=0.95775 ecn_mark=1059 drop=0
[QUEUE_STATS] t_ms=14864 q_pkts=3 q_bytes=4512 qdelay_l_ms=1.01689 qdelay_c_ms=3.43142 ecn_mark=1059 drop=0
[QUEUE_STATS] t_ms=14880 q_pkts=0 q_bytes=0 qdelay_l_ms=0 qdelay_c_ms=0 ecn_mark=1060 drop=0
[QUEUE_STATS] t_ms=14896 q_pkts=3 q_bytes=4512 qdelay_l_ms=1.04829 qdelay_c_ms=1.071 ecn_mark=1061 drop=0
[QUEUE_STATS] t_ms=14913 q_pkts=7 q_bytes=10528 qdelay_l_ms=1.13707 qdelay_c_ms=1.12942 ecn_mark=1062 drop=0
[QUEUE_STATS] t_ms=14928 q_pkts=1 q_bytes=1504 qdelay_l_ms=1.0217 qdelay_c_ms=0 ecn_mark=1062 drop=0
[QUEUE_STATS] t_ms=14944 q_pkts=3 q_bytes=4512 qdelay_l_ms=0.991143 qdelay_c_ms=0.98416 ecn_mark=1063 drop=0
[QUEUE_STATS] t_ms=14960 q_pkts=4 q_bytes=6016 qdelay_l_ms=0.993498 qdelay_c_ms=2.02194 ecn_mark=1064 drop=0
[QUEUE_STATS] t_ms=14976 q_pkts=3 q_bytes=4512 qdelay_l_ms=1.07088 qdelay_c_ms=1.0652 ecn_mark=1065 drop=0
[QUEUE_STATS] t_ms=14992 q_pkts=2 q_bytes=3008 qdelay_l_ms=0.987636 qdelay_c_ms=1.90263 ecn_mark=1065 drop=0
[QUEUE_STATS] t_ms=15008 q_pkts=1 q_bytes=1504 qdelay_l_ms=1.08525 qdelay_c_ms=0 ecn_mark=1069 drop=0
[QUEUE_STATS] t_ms=15024 q_pkts=5 q_bytes=7520 qdelay_l_ms=1.10041 qdelay_c_ms=1.08996 ecn_mark=1070 drop=0
[QUEUE_STATS] t_ms=15040 q_pkts=3 q_bytes=4512 qdelay_l_ms=1.06328 qdelay_c_ms=2.1119 ecn_mark=1070 drop=0
[QUEUE_STATS] t_ms=15056 q_pkts=4 q_bytes=6016 qdelay_l_ms=1.07675 qdelay_c_ms=1.09899 ecn_mark=1072 drop=0
[QUEUE_STATS] t_ms=15072 q_pkts=3 q_bytes=4512 qdelay_l_ms=0.09038 qdelay_c_ms=0.083958 ecn_mark=1073 drop=0
[QUEUE_STATS] t_ms=15088 q_pkts=3 q_bytes=4512 qdelay_l_ms=1.01698 qdelay_c_ms=2.01734 ecn_mark=1073 drop=0
[QUEUE_STATS] t_ms=15104 q_pkts=5 q_bytes=7520 qdelay_l_ms=1.00127 qdelay_c_ms=0.991053 ecn_mark=1075 drop=0
[QUEUE_STATS] t_ms=15120 q_pkts=2 q_bytes=3008 qdelay_l_ms=1.07148 qdelay_c_ms=1.06658 ecn_mark=1077 drop=0
[QUEUE_STATS] t_ms=15136 q_pkts=1 q_bytes=1504 qdelay_l_ms=0.997255 qdelay_c_ms=0 ecn_mark=1078 drop=0
[QUEUE_STATS] t_ms=15152 q_pkts=3 q_bytes=4512 qdelay_l_ms=1.00022 qdelay_c_ms=0.989921 ecn_mark=1079 drop=0
[QUEUE_STATS] t_ms=15168 q_pkts=5 q_bytes=7520 qdelay_l_ms=1.09747 qdelay_c_ms=2.13481 ecn_mark=1080 drop=0
[QUEUE_STATS] t_ms=15184 q_pkts=2 q_bytes=3008 qdelay_l_ms=1.07153 qdelay_c_ms=0 ecn_mark=1082 drop=0
[QUEUE_STATS] t_ms=15200 q_pkts=1 q_bytes=1504 qdelay_l_ms=0.103875 qdelay_c_ms=0 ecn_mark=1083 drop=0
[QUEUE_STATS] t_ms=15216 q_pkts=3 q_bytes=4512 qdelay_l_ms=1.07191 qdelay_c_ms=1.06557 ecn_mark=1083 drop=0
[QUEUE_STATS] t_ms=15232 q_pkts=5 q_bytes=7520 qdelay_l_ms=1.03687 qdelay_c_ms=1.03109 ecn_mark=1085 drop=0
[QUEUE_STATS] t_ms=15248 q_pkts=3 q_bytes=4512 qdelay_l_ms=0 qdelay_c_ms=2.85962 ecn_mark=1085 drop=0
[QUEUE_STATS] t_ms=15264 q_pkts=3 q_bytes=4512 qdelay_l_ms=1.05939 qdelay_c_ms=1.07438 ecn_mark=1086 drop=0
[QUEUE_STATS] t_ms=15280 q_pkts=5 q_bytes=7520 qdelay_l_ms=1.09156 qdelay_c_ms=1.08275 ecn_mark=1087 drop=0
[QUEUE_STATS] t_ms=15296 q_pkts=3 q_bytes=4512 qdelay_l_ms=1.00574 qdelay_c_ms=0.999168 ecn_mark=1088 drop=0
[QUEUE_STATS] t_ms=15312 q_pkts=1 q_bytes=1504 qdelay_l_ms=1.08706 qdelay_c_ms=0 ecn_mark=1088 drop=0
[QUEUE_STATS] t_ms=15328 q_pkts=3 q_bytes=4512 qdelay_l_ms=1.07717 qdelay_c_ms=1.07171 ecn_mark=1089 drop=0
[QUEUE_STATS] t_ms=15344 q_pkts=0 q_bytes=0 qdelay_l_ms=0 qdelay_c_ms=0 ecn_mark=1090 drop=0
[QUEUE_STATS] t_ms=15360 q_pkts=5 q_bytes=7520 qdelay_l_ms=1.01041 qdelay_c_ms=1.00356 ecn_mark=1090 drop=0
[QUEUE_STATS] t_ms=15376 q_pkts=5 q_bytes=7520 qdelay_l_ms=1.01661 qdelay_c_ms=1.01008 ecn_mark=1093 drop=0
[QUEUE_STATS] t_ms=15392 q_pkts=5 q_bytes=7520 qdelay_l_ms=1.09064 qdelay_c_ms=1.0845 ecn_mark=1094 drop=0
[QUEUE_STATS] t_ms=15408 q_pkts=3 q_bytes=4512 qdelay_l_ms=0.647467 qdelay_c_ms=0.641235 ecn_mark=1094 drop=0
[QUEUE_STATS] t_ms=15424 q_pkts=0 q_bytes=0 qdelay_l_ms=0 qdelay_c_ms=0 ecn_mark=1095 drop=0
[QUEUE_STATS] t_ms=15440 q_pkts=5 q_bytes=7520 qdelay_l_ms=1.06252 qdelay_c_ms=1.09488 ecn_mark=1097 drop=0
[QUEUE_STATS] t_ms=15456 q_pkts=0 q_bytes=0 qdelay_l_ms=0 qdelay_c_ms=0 ecn_mark=1098 drop=0
[QUEUE_STATS] t_ms=15472 q_pkts=0 q_bytes=0 qdelay_l_ms=0 qdelay_c_ms=0 ecn_mark=1099 drop=0
[QUEUE_STATS] t_ms=15488 q_pkts=5 q_bytes=7520 qdelay_l_ms=1.07189 qdelay_c_ms=1.10515 ecn_mark=1100 drop=0
[QUEUE_STATS] t_ms=15505 q_pkts=5 q_bytes=7520 qdelay_l_ms=1.06681 qdelay_c_ms=2.10501 ecn_mark=1102 drop=0
[QUEUE_STATS] t_ms=15520 q_pkts=3 q_bytes=4512 qdelay_l_ms=1.07311 qdelay_c_ms=1.06734 ecn_mark=1102 drop=0
[QUEUE_STATS] t_ms=15536 q_pkts=2 q_bytes=3008 qdelay_l_ms=1.04252 qdelay_c_ms=2.04732 ecn_mark=1102 drop=0
[QUEUE_STATS] t_ms=15552 q_pkts=4 q_bytes=6016 qdelay_l_ms=0 qdelay_c_ms=1.99157 ecn_mark=1102 drop=0
[QUEUE_STATS] t_ms=15568 q_pkts=1 q_bytes=1504 qdelay_l_ms=1.05902 qdelay_c_ms=0 ecn_mark=1103 drop=0
[QUEUE_STATS] t_ms=15584 q_pkts=3 q_bytes=4512 qdelay_l_ms=1.08832 qdelay_c_ms=1.08134 ecn_mark=1104 drop=0
[QUEUE_STATS] t_ms=15600 q_pkts=2 q_bytes=3008 qdelay_l_ms=1.00535 qdelay_c_ms=1.01177 ecn_mark=1105 drop=0
[QUEUE_STATS] t_ms=15616 q_pkts=1 q_bytes=1504 qdelay_l_ms=1.06584 qdelay_c_ms=0 ecn_mark=1105 drop=0
[QUEUE_STATS] t_ms=15632 q_pkts=6 q_bytes=9024 qdelay_l_ms=0 qdelay_c_ms=1.06992 ecn_mark=1105 drop=0
[QUEUE_STATS] t_ms=15648 q_pkts=1 q_bytes=1504 qdelay_l_ms=0.988588 qdelay_c_ms=0 ecn_mark=1106 drop=0
[QUEUE_STATS] t_ms=15664 q_pkts=1 q_bytes=1504 qdelay_l_ms=1.07372 qdelay_c_ms=0 ecn_mark=1106 drop=0
[QUEUE_STATS] t_ms=15680 q_pkts=4 q_bytes=6016 qdelay_l_ms=1.07268 qdelay_c_ms=2.11402 ecn_mark=1106 drop=0
[QUEUE_STATS] t_ms=15696 q_pkts=1 q_bytes=1504 qdelay_l_ms=0.988558 qdelay_c_ms=0 ecn_mark=1106 drop=0
[QUEUE_STATS] t_ms=15712 q_pkts=2 q_bytes=3008 qdelay_l_ms=1.05665 qdelay_c_ms=2.12796 ecn_mark=1107 drop=0
[QUEUE_STATS] t_ms=15728 q_pkts=2 q_bytes=3008 qdelay_l_ms=0.871108 qdelay_c_ms=1.92659 ecn_mark=1109 drop=0
[QUEUE_STATS] t_ms=15745 q_pkts=2 q_bytes=3008 qdelay_l_ms=0 qdelay_c_ms=1.09107 ecn_mark=1111 drop=0
[QUEUE_STATS] t_ms=15760 q_pkts=2 q_bytes=3008 qdelay_l_ms=0.972477 qdelay_c_ms=0.98434 ecn_mark=1112 drop=0
[QUEUE_STATS] t_ms=15776 q_pkts=3 q_bytes=4512 qdelay_l_ms=1.08014 qdelay_c_ms=1.07194 ecn_mark=1112 drop=0
[QUEUE_STATS] t_ms=15792 q_pkts=1 q_bytes=1504 qdelay_l_ms=1.00537 qdelay_c_ms=0 ecn_mark=1114 drop=0
[QUEUE_STATS] t_ms=15808 q_pkts=5 q_bytes=7520 qdelay_l_ms=0.997145 qdelay_c_ms=1.94533 ecn_mark=1114 drop=0
[QUEUE_STATS] t_ms=15824 q_pkts=6 q_bytes=9024 qdelay_l_ms=1.03675 qdelay_c_ms=2.16831 ecn_mark=1114 drop=0
[QUEUE_STATS] t_ms=15840 q_pkts=1 q_bytes=1504 qdelay_l_ms=1.06098 qdelay_c_ms=0 ecn_mark=1114 drop=0
[QUEUE_STATS] t_ms=15856 q_pkts=8 q_bytes=12032 qdelay_l_ms=0.970624 qdelay_c_ms=0.965855 ecn_mark=1114 drop=0
[QUEUE_STATS] t_ms=15872 q_pkts=2 q_bytes=3008 qdelay_l_ms=0.965906 qdelay_c_ms=1.89978 ecn_mark=1114 drop=0
[QUEUE_STATS] t_ms=15888 q_pkts=5 q_bytes=7520 qdelay_l_ms=1.08599 qdelay_c_ms=1.07261 ecn_mark=1114 drop=0
[QUEUE_STATS] t_ms=15904 q_pkts=1 q_bytes=1504 qdelay_l_ms=0 qdelay_c_ms=2.14127 ecn_mark=1114 drop=0
[QUEUE_STATS] t_ms=15920 q_pkts=4 q_bytes=6016 qdelay_l_ms=0.927644 qdelay_c_ms=0.949314 ecn_mark=1115 drop=0
[QUEUE_STATS] t_ms=15936 q_pkts=4 q_bytes=6016 qdelay_l_ms=1.09002 qdelay_c_ms=2.14349 ecn_mark=1115 drop=0
[QUEUE_STATS] t_ms=15952 q_pkts=5 q_bytes=7520 qdelay_l_ms=1.0616 qdelay_c_ms=1.05061 ecn_mark=1116 drop=0
[QUEUE_STATS] t_ms=15968 q_pkts=4 q_bytes=6016 qdelay_l_ms=1.04554 qdelay_c_ms=1.07001 ecn_mark=1120 drop=0
[QUEUE_STATS] t_ms=15984 q_pkts=5 q_bytes=7520 qdelay_l_ms=0.879734 qdelay_c_ms=0.925019 ecn_mark=1120 drop=0
[QUEUE_STATS] t_ms=16000 q_pkts=0 q_bytes=0 qdelay_l_ms=0 qdelay_c_ms=0 ecn_mark=1120 drop=0
[QUEUE_STATS] t_ms=16016 q_pkts=3 q_bytes=4512 qdelay_l_ms=1.06091 qdelay_c_ms=1.08578 ecn_mark=1121 drop=0
[QUEUE_STATS] t_ms=16032 q_pkts=2 q_bytes=3008 qdelay_l_ms=1.06556 qdelay_c_ms=1.07208 ecn_mark=1123 drop=0
[QUEUE_STATS] t_ms=16048 q_pkts=5 q_bytes=7520 qdelay_l_ms=1.07739 qdelay_c_ms=1.06662 ecn_mark=1126 drop=0
[QUEUE_STATS] t_ms=16064 q_pkts=7 q_bytes=10528 qdelay_l_ms=0.459604 qdelay_c_ms=1.54414 ecn_mark=1128 drop=0
[QUEUE_STATS] t_ms=16080 q_pkts=2 q_bytes=3008 qdelay_l_ms=1.09576 qdelay_c_ms=2.01909 ecn_mark=1128 drop=0
[QUEUE_STATS] t_ms=16096 q_pkts=4 q_bytes=6016 qdelay_l_ms=1.06143 qdelay_c_ms=2.13856 ecn_mark=1131 drop=0
[QUEUE_STATS] t_ms=16112 q_pkts=5 q_bytes=7520 qdelay_l_ms=1.07914 qdelay_c_ms=1.0725 ecn_mark=1132 drop=0
[QUEUE_STATS] t_ms=16128 q_pkts=4 q_bytes=6016 qdelay_l_ms=1.0896 qdelay_c_ms=1.08322 ecn_mark=1133 drop=0
[QUEUE_STATS] t_ms=16144 q_pkts=4 q_bytes=6016 qdelay_l_ms=0.964532 qdelay_c_ms=1.87672 ecn_mark=1134 drop=0
[QUEUE_STATS] t_ms=16160 q_pkts=1 q_bytes=1504 qdelay_l_ms=1.07664 qdelay_c_ms=0 ecn_mark=1134 drop=0
[QUEUE_STATS] t_ms=16176 q_pkts=1 q_bytes=1504 qdelay_l_ms=0.932873 qdelay_c_ms=0 ecn_mark=1135 drop=0
[QUEUE_STATS] t_ms=16192 q_pkts=5 q_bytes=7520 qdelay_l_ms=1.0623 qdelay_c_ms=2.18828 ecn_mark=1136 drop=0
[QUEUE_STATS] t_ms=16208 q_pkts=4 q_bytes=6016 qdelay_l_ms=0 qdelay_c_ms=1.10232 ecn_mark=1138 drop=0
[QUEUE_STATS] t_ms=16224 q_pkts=4 q_bytes=6016 qdelay_l_ms=1.07915 qdelay_c_ms=2.15013 ecn_mark=1138 drop=0
[QUEUE_STATS] t_ms=16240 q_pkts=7 q_bytes=10528 qdelay_l_ms=1.01249 qdelay_c_ms=2.09704 ecn_mark=1139 drop=0
[QUEUE_STATS] t_ms=16256 q_pkts=3 q_bytes=4512 qdelay_l_ms=0.944155 qdelay_c_ms=0.965816 ecn_mark=1141 drop=0
[QUEUE_STATS] t_ms=16272 q_pkts=4 q_bytes=6016 qdelay_l_ms=0 qdelay_c_ms=0.963531 ecn_mark=1141 drop=0
[QUEUE_STATS] t_ms=16288 q_pkts=0 q_bytes=0 qdelay_l_ms=0 qdelay_c_ms=0 ecn_mark=1142 drop=0
[QUEUE_STATS] t_ms=16304 q_pkts=5 q_bytes=7520 qdelay_l_ms=1.09369 qdelay_c_ms=1.08768 ecn_mark=1143 drop=0
[QUEUE_STATS] t_ms=16320 q_pkts=4 q_bytes=6016 qdelay_l_ms=0.968681 qdelay_c_ms=1.61692 ecn_mark=1145 drop=0
[QUEUE_STATS] t_ms=16336 q_pkts=1 q_bytes=1504 qdelay_l_ms=1.07729 qdelay_c_ms=0 ecn_mark=1148 drop=0
[QUEUE_STATS] t_ms=16352 q_pkts=0 q_bytes=0 qdelay_l_ms=0 qdelay_c_ms=0 ecn_mark=1149 drop=0
[QUEUE_STATS] t_ms=16368 q_pkts=4 q_bytes=6016 qdelay_l_ms=1.06653 qdelay_c_ms=3.25886 ecn_mark=1150 drop=0
[QUEUE_STATS] t_ms=16384 q_pkts=5 q_bytes=7520 qdelay_l_ms=1.07222 qdelay_c_ms=2.43601 ecn_mark=1151 drop=0
[QUEUE_STATS] t_ms=16400 q_pkts=6 q_bytes=9024 qdelay_l_ms=0.526259 qdelay_c_ms=2.18136 ecn_mark=1153 drop=0
[QUEUE_STATS] t_ms=16416 q_pkts=2 q_bytes=3008 qdelay_l_ms=0 qdelay_c_ms=0.948472 ecn_mark=1153 drop=0
[QUEUE_STATS] t_ms=16432 q_pkts=1 q_bytes=1504 qdelay_l_ms=0.967979 qdelay_c_ms=0 ecn_mark=1154 drop=0
[QUEUE_STATS] t_ms=16448 q_pkts=5 q_bytes=7520 qdelay_l_ms=1.09266 qdelay_c_ms=1.0847 ecn_mark=1155 drop=0
[QUEUE_STATS] t_ms=16464 q_pkts=2 q_bytes=3008 qdelay_l_ms=0 qdelay_c_ms=1.06617 ecn_mark=1156 drop=0
[QUEUE_STATS] t_ms=16480 q_pkts=3 q_bytes=4512 qdelay_l_ms=1.04331 qdelay_c_ms=1.05608 ecn_mark=1156 drop=0
[QUEUE_STATS] t_ms=16496 q_pkts=6 q_bytes=9024 qdelay_l_ms=0.961367 qdelay_c_ms=1.8917 ecn_mark=1156 drop=0
[QUEUE_STATS] t_ms=16512 q_pkts=1 q_bytes=1504 qdelay_l_ms=0.013305 qdelay_c_ms=0 ecn_mark=1158 drop=0
[QUEUE_STATS] t_ms=16528 q_pkts=3 q_bytes=4512 qdelay_l_ms=1.06743 qdelay_c_ms=2.15099 ecn_mark=1158 drop=0
[QUEUE_STATS] t_ms=16544 q_pkts=4 q_bytes=6016 qdelay_l_ms=0.964323 qdelay_c_ms=0.95788 ecn_mark=1158 drop=0
[QUEUE_STATS] t_ms=16560 q_pkts=3 q_bytes=4512 qdelay_l_ms=1.089 qdelay_c_ms=1.08101 ecn_mark=1158 drop=0
[QUEUE_STATS] t_ms=16576 q_pkts=7 q_bytes=10528 qdelay_l_ms=0.96258 qdelay_c_ms=0.957129 ecn_mark=1160 drop=0
[QUEUE_STATS] t_ms=16592 q_pkts=3 q_bytes=4512 qdelay_l_ms=0.962699 qdelay_c_ms=0.956107 ecn_mark=1162 drop=0
[QUEUE_STATS] t_ms=16608 q_pkts=5 q_bytes=7520 qdelay_l_ms=1.0995 qdelay_c_ms=1.08902 ecn_mark=1162 drop=0
[QUEUE_STATS] t_ms=16624 q_pkts=6 q_bytes=9024 qdelay_l_ms=0.929437 qdelay_c_ms=1.89594 ecn_mark=1164 drop=0
[QUEUE_STATS] t_ms=16640 q_pkts=7 q_bytes=10528 qdelay_l_ms=1.08214 qdelay_c_ms=1.07484 ecn_mark=1164 drop=0
[QUEUE_STATS] t_ms=16656 q_pkts=5 q_bytes=7520 qdelay_l_ms=1.08536 qdelay_c_ms=1.0768 ecn_mark=1165 drop=0
[QUEUE_STATS] t_ms=16672 q_pkts=1 q_bytes=1504 qdelay_l_ms=1.08588 qdelay_c_ms=0 ecn_mark=1165 drop=0
[QUEUE_STATS] t_ms=16688 q_pkts=5 q_bytes=7520 qdelay_l_ms=0.940828 qdelay_c_ms=1.89999 ecn_mark=1165 drop=0
[QUEUE_STATS] t_ms=16704 q_pkts=4 q_bytes=6016 qdelay_l_ms=0.947871 qdelay_c_ms=1.85755 ecn_mark=1166 drop=0
[QUEUE_STATS] t_ms=16720 q_pkts=3 q_bytes=4512 qdelay_l_ms=1.07014 qdelay_c_ms=1.06183 ecn_mark=1168 drop=0
[QUEUE_STATS] t_ms=16736 q_pkts=7 q_bytes=10528 qdelay_l_ms=0.955896 qdelay_c_ms=0.945417 ecn_mark=1169 drop=0
[QUEUE_STATS] t_ms=16752 q_pkts=3 q_bytes=4512 qdelay_l_ms=0.953523 qdelay_c_ms=0.94663 ecn_mark=1169 drop=0
[QUEUE_STATS] t_ms=16768 q_pkts=4 q_bytes=6016 qdelay_l_ms=1.05674 qdelay_c_ms=2.13053 ecn_mark=1169 drop=0
[QUEUE_STATS] t_ms=16785 q_pkts=4 q_bytes=6016 qdelay_l_ms=1.08487 qdelay_c_ms=1.0913 ecn_mark=1169 drop=0
[QUEUE_STATS] t_ms=16800 q_pkts=2 q_bytes=3008 qdelay_l_ms=0.912545 qdelay_c_ms=0.918717 ecn_mark=1170 drop=0
[QUEUE_STATS] t_ms=16816 q_pkts=4 q_bytes=6016 qdelay_l_ms=1.0678 qdelay_c_ms=1.07922 ecn_mark=1171 drop=0
[QUEUE_STATS] t_ms=16832 q_pkts=7 q_bytes=10528 qdelay_l_ms=0.940808 qdelay_c_ms=0.933695 ecn_mark=1172 drop=0
[QUEUE_STATS] t_ms=16848 q_pkts=0 q_bytes=0 qdelay_l_ms=0 qdelay_c_ms=0 ecn_mark=1173 drop=0
[QUEUE_STATS] t_ms=16864 q_pkts=4 q_bytes=6016 qdelay_l_ms=1.08824 qdelay_c_ms=2.13559 ecn_mark=1174 drop=0
[QUEUE_STATS] t_ms=16880 q_pkts=3 q_bytes=4512 qdelay_l_ms=1.07432 qdelay_c_ms=1.06757 ecn_mark=1175 drop=0
[QUEUE_STATS] t_ms=16896 q_pkts=3 q_bytes=4512 qdelay_l_ms=1.06419 qdelay_c_ms=1.07591 ecn_mark=1178 drop=0
[QUEUE_STATS] t_ms=16912 q_pkts=3 q_bytes=4512 qdelay_l_ms=1.07181 qdelay_c_ms=1.06473 ecn_mark=1178 drop=0
[QUEUE_STATS] t_ms=16928 q_pkts=1 q_bytes=1504 qdelay_l_ms=1.06571 qdelay_c_ms=0 ecn_mark=1180 drop=0
[QUEUE_STATS] t_ms=16944 q_pkts=3 q_bytes=4512 qdelay_l_ms=0.893619 qdelay_c_ms=0.928244 ecn_mark=1181 drop=0
[QUEUE_STATS] t_ms=16960 q_pkts=2 q_bytes=3008 qdelay_l_ms=0 qdelay_c_ms=0.48975 ecn_mark=1182 drop=0
[QUEUE_STATS] t_ms=16976 q_pkts=5 q_bytes=7520 qdelay_l_ms=1.07421 qdelay_c_ms=1.06926 ecn_mark=1182 drop=0
[QUEUE_STATS] t_ms=16992 q_pkts=2 q_bytes=3008 qdelay_l_ms=0.916442 qdelay_c_ms=0 ecn_mark=1184 drop=0
[QUEUE_STATS] t_ms=17008 q_pkts=3 q_bytes=4512 qdelay_l_ms=1.08396 qdelay_c_ms=1.0776 ecn_mark=1184 drop=0
[QUEUE_STATS] t_ms=17024 q_pkts=7 q_bytes=10528 qdelay_l_ms=1.08588 qdelay_c_ms=1.07625 ecn_mark=1184 drop=0
[QUEUE_STATS] t_ms=17040 q_pkts=3 q_bytes=4512 qdelay_l_ms=1.08902 qdelay_c_ms=1.08295 ecn_mark=1184 drop=0
[QUEUE_STATS] t_ms=17056 q_pkts=1 q_bytes=1504 qdelay_l_ms=0.753316 qdelay_c_ms=0 ecn_mark=1185 drop=0
[QUEUE_STATS] t_ms=17072 q_pkts=3 q_bytes=4512 qdelay_l_ms=1.08232 qdelay_c_ms=1.07627 ecn_mark=1186 drop=0
[QUEUE_STATS] t_ms=17089 q_pkts=4 q_bytes=6016 qdelay_l_ms=1.11945 qdelay_c_ms=1.10957 ecn_mark=1186 drop=0
[QUEUE_STATS] t_ms=17104 q_pkts=7 q_bytes=10528 qdelay_l_ms=1.07393 qdelay_c_ms=2.00506 ecn_mark=1186 drop=0
[QUEUE_STATS] t_ms=17120 q_pkts=1 q_bytes=1504 qdelay_l_ms=0.889572 qdelay_c_ms=0 ecn_mark=1186 drop=0
[QUEUE_STATS] t_ms=17136 q_pkts=2 q_bytes=3008 qdelay_l_ms=1.07796 qdelay_c_ms=1.92513 ecn_mark=1187 drop=0
[QUEUE_STATS] t_ms=17152 q_pkts=2 q_bytes=3008 qdelay_l_ms=0 qdelay_c_ms=2.12203 ecn_mark=1190 drop=0
[QUEUE_STATS] t_ms=17168 q_pkts=3 q_bytes=4512 qdelay_l_ms=1.09681 qdelay_c_ms=1.09 ecn_mark=1190 drop=0
[QUEUE_STATS] t_ms=17184 q_pkts=1 q_bytes=1504 qdelay_l_ms=0.896806 qdelay_c_ms=0 ecn_mark=1191 drop=0
[QUEUE_STATS] t_ms=17200 q_pkts=2 q_bytes=3008 qdelay_l_ms=0.896705 qdelay_c_ms=0.903528 ecn_mark=1193 drop=0
[QUEUE_STATS] t_ms=17216 q_pkts=3 q_bytes=4512 qdelay_l_ms=1.07434 qdelay_c_ms=1.06883 ecn_mark=1193 drop=0
[QUEUE_STATS] t_ms=17232 q_pkts=5 q_bytes=7520 qdelay_l_ms=1.07376 qdelay_c_ms=2.16748 ecn_mark=1194 drop=0
[QUEUE_STATS] t_ms=17248 q_pkts=3 q_bytes=4512 qdelay_l_ms=1.07231 qdelay_c_ms=1.06542 ecn_mark=1194 drop=0
[QUEUE_STATS] t_ms=17264 q_pkts=1 q_bytes=1504 qdelay_l_ms=1.05848 qdelay_c_ms=0 ecn_mark=1196 drop=0
[QUEUE_STATS] t_ms=17280 q_pkts=3 q_bytes=4512 qdelay_l_ms=1.10281 qdelay_c_ms=1.09199 ecn_mark=1197 drop=0
[QUEUE_STATS] t_ms=17296 q_pkts=3 q_bytes=4512 qdelay_l_ms=1.06119 qdelay_c_ms=1.0917 ecn_mark=1199 drop=0
[QUEUE_STATS] t_ms=17312 q_pkts=7 q_bytes=10528 qdelay_l_ms=1.10474 qdelay_c_ms=1.09826 ecn_mark=1199 drop=0
[QUEUE_STATS] t_ms=17328 q_pkts=3 q_bytes=4512 qdelay_l_ms=0.901064 qdelay_c_ms=0.916002 ecn_mark=1200 drop=0
[QUEUE_STATS] t_ms=17344 q_pkts=3 q_bytes=4512 qdelay_l_ms=1.0884 qdelay_c_ms=1.08155 ecn_mark=1201 drop=0
[QUEUE_STATS] t_ms=17360 q_pkts=5 q_bytes=7520 qdelay_l_ms=0 qdelay_c_ms=2.1535 ecn_mark=1201 drop=0
[QUEUE_STATS] t_ms=17376 q_pkts=1 q_bytes=1504 qdelay_l_ms=0.900693 qdelay_c_ms=0 ecn_mark=1201 drop=0
[QUEUE_STATS] t_ms=17392 q_pkts=1 q_bytes=1504 qdelay_l_ms=1.06596 qdelay_c_ms=0 ecn_mark=1202 drop=0
[QUEUE_STATS] t_ms=17408 q_pkts=3 q_bytes=4512 qdelay_l_ms=1.05642 qdelay_c_ms=1.07763 ecn_mark=1204 drop=0
[QUEUE_STATS] t_ms=17424 q_pkts=0 q_bytes=0 qdelay_l_ms=0 qdelay_c_ms=0 ecn_mark=1206 drop=0
[QUEUE_STATS] t_ms=17440 q_pkts=4 q_bytes=6016 qdelay_l_ms=0.872179 qdelay_c_ms=0.867761 ecn_mark=1207 drop=0
[QUEUE_STATS] t_ms=17456 q_pkts=4 q_bytes=6016 qdelay_l_ms=1.0709 qdelay_c_ms=2.03889 ecn_mark=1207 drop=0
[QUEUE_STATS] t_ms=17472 q_pkts=4 q_bytes=6016 qdelay_l_ms=0 qdelay_c_ms=0.904359 ecn_mark=1207 drop=0
[QUEUE_STATS] t_ms=17488 q_pkts=6 q_bytes=9024 qdelay_l_ms=0.831794 qdelay_c_ms=1.78207 ecn_mark=1208 drop=0
[QUEUE_STATS] t_ms=17504 q_pkts=3 q_bytes=4512 qdelay_l_ms=1.07597 qdelay_c_ms=1.09384 ecn_mark=1209 drop=0
[QUEUE_STATS] t_ms=17520 q_pkts=1 q_bytes=1504 qdelay_l_ms=1.06906 qdelay_c_ms=0 ecn_mark=1209 drop=0
[QUEUE_STATS] t_ms=17536 q_pkts=1 q_bytes=1504 qdelay_l_ms=1.06319 qdelay_c_ms=0 ecn_mark=1211 drop=0
[QUEUE_STATS] t_ms=17552 q_pkts=3 q_bytes=4512 qdelay_l_ms=1.06574 qdelay_c_ms=1.06024 ecn_mark=1212 drop=0
[QUEUE_STATS] t_ms=17568 q_pkts=2 q_bytes=3008 qdelay_l_ms=0 qdelay_c_ms=1.08317 ecn_mark=1213 drop=0
[QUEUE_STATS] t_ms=17584 q_pkts=3 q_bytes=4512 qdelay_l_ms=1.06686 qdelay_c_ms=1.09053 ecn_mark=1213 drop=0
[QUEUE_STATS] t_ms=17600 q_pkts=1 q_bytes=1504 qdelay_l_ms=0.866048 qdelay_c_ms=0 ecn_mark=1214 drop=0
[QUEUE_STATS] t_ms=17616 q_pkts=4 q_bytes=6016 qdelay_l_ms=1.10014 qdelay_c_ms=1.94563 ecn_mark=1215 drop=0
[QUEUE_STATS] t_ms=17632 q_pkts=3 q_bytes=4512 qdelay_l_ms=0 qdelay_c_ms=1.70348 ecn_mark=1215 drop=0
[QUEUE_STATS] t_ms=17648 q_pkts=5 q_bytes=7520 qdelay_l_ms=0.84066 qdelay_c_ms=0.874874 ecn_mark=1215 drop=0
[QUEUE_STATS] t_ms=17664 q_pkts=6 q_bytes=9024 qdelay_l_ms=0.474813 qdelay_c_ms=0.468942 ecn_mark=1216 drop=0
[QUEUE_STATS] t_ms=17680 q_pkts=3 q_bytes=4512 qdelay_l_ms=1.08969 qdelay_c_ms=1.08283 ecn_mark=1217 drop=0
[QUEUE_STATS] t_ms=17696 q_pkts=7 q_bytes=10528 qdelay_l_ms=1.10266 qdelay_c_ms=1.09608 ecn_mark=1219 drop=0
[QUEUE_STATS] t_ms=17712 q_pkts=3 q_bytes=4512 qdelay_l_ms=1.0649 qdelay_c_ms=1.08204 ecn_mark=1220 drop=0
[QUEUE_STATS] t_ms=17728 q_pkts=1 q_bytes=1504 qdelay_l_ms=1.06802 qdelay_c_ms=0 ecn_mark=1220 drop=0
[QUEUE_STATS] t_ms=17744 q_pkts=3 q_bytes=4512 qdelay_l_ms=0.716226 qdelay_c_ms=0.706578 ecn_mark=1220 drop=0
[QUEUE_STATS] t_ms=17760 q_pkts=5 q_bytes=7520 qdelay_l_ms=1.06706 qdelay_c_ms=1.10245 ecn_mark=1220 drop=0
[QUEUE_STATS] t_ms=17776 q_pkts=3 q_bytes=4512 qdelay_l_ms=0.8671 qdelay_c_ms=0.881597 ecn_mark=1220 drop=0
[QUEUE_STATS] t_ms=17792 q_pkts=5 q_bytes=7520 qdelay_l_ms=1.03436 qdelay_c_ms=1.0706 ecn_mark=1220 drop=0
[QUEUE_STATS] t_ms=17808 q_pkts=4 q_bytes=6016 qdelay_l_ms=1.08722 qdelay_c_ms=2.13837 ecn_mark=1220 drop=0
[QUEUE_STATS] t_ms=17824 q_pkts=6 q_bytes=9024 qdelay_l_ms=1.07582 qdelay_c_ms=2.12498 ecn_mark=1222 drop=0
[QUEUE_STATS] t_ms=17840 q_pkts=3 q_bytes=4512 qdelay_l_ms=1.08461 qdelay_c_ms=1.07829 ecn_mark=1222 drop=0
[QUEUE_STATS] t_ms=17856 q_pkts=1 q_bytes=1504 qdelay_l_ms=1.06648 qdelay_c_ms=0 ecn_mark=1223 drop=0
[QUEUE_STATS] t_ms=17872 q_pkts=3 q_bytes=4512 qdelay_l_ms=0.844778 qdelay_c_ms=0.86702 ecn_mark=1226 drop=0
[QUEUE_STATS] t_ms=17888 q_pkts=6 q_bytes=9024 qdelay_l_ms=1.05068 qdelay_c_ms=2.0786 ecn_mark=1228 drop=0
[QUEUE_STATS] t_ms=17904 q_pkts=3 q_bytes=4512 qdelay_l_ms=1.07309 qdelay_c_ms=1.06712 ecn_mark=1228 drop=0
[QUEUE_STATS] t_ms=17920 q_pkts=3 q_bytes=4512 qdelay_l_ms=1.08995 qdelay_c_ms=1.08327 ecn_mark=1228 drop=0
[QUEUE_STATS] t_ms=17936 q_pkts=5 q_bytes=7520 qdelay_l_ms=0.808028 qdelay_c_ms=1.86222 ecn_mark=1229 drop=0
[QUEUE_STATS] t_ms=17952 q_pkts=5 q_bytes=7520 qdelay_l_ms=0.919728 qdelay_c_ms=1.96174 ecn_mark=1229 drop=0
[QUEUE_STATS] t_ms=17968 q_pkts=4 q_bytes=6016 qdelay_l_ms=1.08732 qdelay_c_ms=1.08182 ecn_mark=1231 drop=0
[QUEUE_STATS] t_ms=17984 q_pkts=4 q_bytes=6016 qdelay_l_ms=0.847113 qdelay_c_ms=1.8759 ecn_mark=1231 drop=0
[QUEUE_STATS] t_ms=18000 q_pkts=2 q_bytes=3008 qdelay_l_ms=0.826534 qdelay_c_ms=0 ecn_mark=1232 drop=0
[QUEUE_STATS] t_ms=18016 q_pkts=4 q_bytes=6016 qdelay_l_ms=1.09343 qdelay_c_ms=1.08336 ecn_mark=1232 drop=0
[QUEUE_STATS] t_ms=18032 q_pkts=5 q_bytes=7520 qdelay_l_ms=0.833637 qdelay_c_ms=0.864836 ecn_mark=1233 drop=0
[QUEUE_STATS] t_ms=18048 q_pkts=4 q_bytes=6016 qdelay_l_ms=0.89941 qdelay_c_ms=0.89385 ecn_mark=1234 drop=0
[QUEUE_STATS] t_ms=18064 q_pkts=1 q_bytes=1504 qdelay_l_ms=0.843726 qdelay_c_ms=0 ecn_mark=1235 drop=0
[QUEUE_STATS] t_ms=18080 q_pkts=4 q_bytes=6016 qdelay_l_ms=0 qdelay_c_ms=1.10225 ecn_mark=1237 drop=0
[QUEUE_STATS] t_ms=18096 q_pkts=3 q_bytes=4512 qdelay_l_ms=0.825802 qdelay_c_ms=0.846521 ecn_mark=1237 drop=0
[QUEUE_STATS] t_ms=18112 q_pkts=3 q_bytes=4512 qdelay_l_ms=0.84066 qdelay_c_ms=0.834528 ecn_mark=1239 drop=0
[QUEUE_STATS] t_ms=18128 q_pkts=3 q_bytes=4512 qdelay_l_ms=1.04483 qdelay_c_ms=1.06893 ecn_mark=1240 drop=0
[QUEUE_STATS] t_ms=18144 q_pkts=4 q_bytes=6016 qdelay_l_ms=0 qdelay_c_ms=0.88297 ecn_mark=1242 drop=0
[QUEUE_STATS] t_ms=18160 q_pkts=1 q_bytes=1504 qdelay_l_ms=0.950546 qdelay_c_ms=0 ecn_mark=1243 drop=0
[QUEUE_STATS] t_ms=18176 q_pkts=2 q_bytes=3008 qdelay_l_ms=1.06857 qdelay_c_ms=1.06227 ecn_mark=1245 drop=0
[QUEUE_STATS] t_ms=18192 q_pkts=1 q_bytes=1504 qdelay_l_ms=1.07996 qdelay_c_ms=0 ecn_mark=1245 drop=0
[QUEUE_STATS] t_ms=18208 q_pkts=6 q_bytes=9024 qdelay_l_ms=0.891676 qdelay_c_ms=1.97095 ecn_mark=1246 drop=0
[QUEUE_STATS] t_ms=18224 q_pkts=3 q_bytes=4512 qdelay_l_ms=1.08438 qdelay_c_ms=1.07733 ecn_mark=1247 drop=0
[QUEUE_STATS] t_ms=18240 q_pkts=3 q_bytes=4512 qdelay_l_ms=1.0445 qdelay_c_ms=1.06933 ecn_mark=1249 drop=0
[QUEUE_STATS] t_ms=18256 q_pkts=3 q_bytes=4512 qdelay_l_ms=1.07912 qdelay_c_ms=1.07142 ecn_mark=1250 drop=0
[QUEUE_STATS] t_ms=18272 q_pkts=6 q_bytes=9024 qdelay_l_ms=0.834769 qdelay_c_ms=0.823548 ecn_mark=1250 drop=0
[QUEUE_STATS] t_ms=18288 q_pkts=6 q_bytes=9024 qdelay_l_ms=1.06829 qdelay_c_ms=1.0619 ecn_mark=1250 drop=0
[QUEUE_STATS] t_ms=18304 q_pkts=3 q_bytes=4512 qdelay_l_ms=1.07861 qdelay_c_ms=1.07303 ecn_mark=1250 drop=0
[QUEUE_STATS] t_ms=18320 q_pkts=2 q_bytes=3008 qdelay_l_ms=0.807648 qdelay_c_ms=0.816655 ecn_mark=1252 drop=0
[QUEUE_STATS] t_ms=18336 q_pkts=6 q_bytes=9024 qdelay_l_ms=1.08247 qdelay_c_ms=2.19293 ecn_mark=1254 drop=0
[QUEUE_STATS] t_ms=18352 q_pkts=3 q_bytes=4512 qdelay_l_ms=1.07136 qdelay_c_ms=1.06548 ecn_mark=1256 drop=0
[QUEUE_STATS] t_ms=18368 q_pkts=5 q_bytes=7520 qdelay_l_ms=1.08534 qdelay_c_ms=1.07948 ecn_mark=1258 drop=0
[QUEUE_STATS] t_ms=18384 q_pkts=4 q_bytes=6016 qdelay_l_ms=1.06302 qdelay_c_ms=1.08164 ecn_mark=1259 drop=0
[QUEUE_STATS] t_ms=18400 q_pkts=4 q_bytes=6016 qdelay_l_ms=0.843766 qdelay_c_ms=1.24412 ecn_mark=1259 drop=0
[QUEUE_STATS] t_ms=18416 q_pkts=3 q_bytes=4512 qdelay_l_ms=1.08864 qdelay_c_ms=1.08326 ecn_mark=1259 drop=0
[QUEUE_STATS] t_ms=18432 q_pkts=4 q_bytes=6016 qdelay_l_ms=0.441419 qdelay_c_ms=1.49153 ecn_mark=1260 drop=0
[QUEUE_STATS] t_ms=18448 q_pkts=1 q_bytes=1504 qdelay_l_ms=0.910351 qdelay_c_ms=0 ecn_mark=1262 drop=0
[QUEUE_STATS] t_ms=18464 q_pkts=5 q_bytes=7520 qdelay_l_ms=1.09622 qdelay_c_ms=1.08979 ecn_mark=1263 drop=0
[QUEUE_STATS] t_ms=18480 q_pkts=1 q_bytes=1504 qdelay_l_ms=1.07218 qdelay_c_ms=0 ecn_mark=1263 drop=0
[QUEUE_STATS] t_ms=18496 q_pkts=4 q_bytes=6016 qdelay_l_ms=0.853774 qdelay_c_ms=0.847142 ecn_mark=1265 drop=0
[QUEUE_STATS] t_ms=18512 q_pkts=3 q_bytes=4512 qdelay_l_ms=0.920981 qdelay_c_ms=0.916042 ecn_mark=1266 drop=0
[QUEUE_STATS] t_ms=18528 q_pkts=2 q_bytes=3008 qdelay_l_ms=1.07846 qdelay_c_ms=2.12461 ecn_mark=1267 drop=0
[QUEUE_STATS] t_ms=18544 q_pkts=5 q_bytes=7520 qdelay_l_ms=0.834148 qdelay_c_ms=0.829028 ecn_mark=1268 drop=0
[QUEUE_STATS] t_ms=18560 q_pkts=5 q_bytes=7520 qdelay_l_ms=0.449294 qdelay_c_ms=0.49531 ecn_mark=1269 drop=0
[QUEUE_STATS] t_ms=18576 q_pkts=3 q_bytes=4512 qdelay_l_ms=1.08625 qdelay_c_ms=1.07945 ecn_mark=1271 drop=0
[QUEUE_STATS] t_ms=18592 q_pkts=3 q_bytes=4512 qdelay_l_ms=1.09506 qdelay_c_ms=1.08842 ecn_mark=1271 drop=0
[QUEUE_STATS] t_ms=18608 q_pkts=4 q_bytes=6016 qdelay_l_ms=1.05198 qdelay_c_ms=1.06757 ecn_mark=1273 drop=0
[QUEUE_STATS] t_ms=18624 q_pkts=2 q_bytes=3008 qdelay_l_ms=0.894592 qdelay_c_ms=0.901835 ecn_mark=1273 drop=0
[QUEUE_STATS] t_ms=18640 q_pkts=1 q_bytes=1504 qdelay_l_ms=1.07141 qdelay_c_ms=0 ecn_mark=1273 drop=0
[QUEUE_STATS] t_ms=18656 q_pkts=3 q_bytes=4512 qdelay_l_ms=0.845369 qdelay_c_ms=0.839207 ecn_mark=1274 drop=0
[QUEUE_STATS] t_ms=18672 q_pkts=3 q_bytes=4512 qdelay_l_ms=0.844998 qdelay_c_ms=0.838346 ecn_mark=1275 drop=0
[QUEUE_STATS] t_ms=18688 q_pkts=6 q_bytes=9024 qdelay_l_ms=0.822917 qdelay_c_ms=0.817156 ecn_mark=1275 drop=0
[QUEUE_STATS] t_ms=18704 q_pkts=6 q_bytes=9024 qdelay_l_ms=1.08151 qdelay_c_ms=1.07664 ecn_mark=1275 drop=0
[QUEUE_STATS] t_ms=18720 q_pkts=2 q_bytes=3008 qdelay_l_ms=0.8034 qdelay_c_ms=0.81409 ecn_mark=1276 drop=0
[QUEUE_STATS] t_ms=18736 q_pkts=6 q_bytes=9024 qdelay_l_ms=1.06872 qdelay_c_ms=1.06328 ecn_mark=1276 drop=0
[QUEUE_STATS] t_ms=18752 q_pkts=5 q_bytes=7520 qdelay_l_ms=1.05423 qdelay_c_ms=1.0751 ecn_mark=1277 drop=0
[QUEUE_STATS] t_ms=18768 q_pkts=3 q_bytes=4512 qdelay_l_ms=0.822736 qdelay_c_ms=0.843586 ecn_mark=1278 drop=0
[QUEUE_STATS] t_ms=18784 q_pkts=1 q_bytes=1504 qdelay_l_ms=1.06139 qdelay_c_ms=0 ecn_mark=1279 drop=0
[QUEUE_STATS] t_ms=18800 q_pkts=5 q_bytes=7520 qdelay_l_ms=1.05352 qdelay_c_ms=1.07503 ecn_mark=1279 drop=0
[QUEUE_STATS] t_ms=18816 q_pkts=3 q_bytes=4512 qdelay_l_ms=1.07159 qdelay_c_ms=1.06642 ecn_mark=1279 drop=0
[QUEUE_STATS] t_ms=18832 q_pkts=3 q_bytes=4512 qdelay_l_ms=0.834919 qdelay_c_ms=0.855959 ecn_mark=1280 drop=0
[QUEUE_STATS] t_ms=18848 q_pkts=4 q_bytes=6016 qdelay_l_ms=1.06316 qdelay_c_ms=1.12597 ecn_mark=1281 drop=0
[QUEUE_STATS] t_ms=18864 q_pkts=3 q_bytes=4512 qdelay_l_ms=1.06648 qdelay_c_ms=1.08346 ecn_mark=1282 drop=0
[QUEUE_STATS] t_ms=18880 q_pkts=4 q_bytes=6016 qdelay_l_ms=1.08827 qdelay_c_ms=1.08181 ecn_mark=1282 drop=0
[QUEUE_STATS] t_ms=18896 q_pkts=4 q_bytes=6016 qdelay_l_ms=1.0661 qdelay_c_ms=1.10661 ecn_mark=1283 drop=0
[QUEUE_STATS] t_ms=18912 q_pkts=4 q_bytes=6016 qdelay_l_ms=1.07033 qdelay_c_ms=1.06479 ecn_mark=1285 drop=0
[QUEUE_STATS] t_ms=18928 q_pkts=6 q_bytes=9024 qdelay_l_ms=0.821574 qdelay_c_ms=1.92086 ecn_mark=1286 drop=0
[QUEUE_STATS] t_ms=18944 q_pkts=5 q_bytes=7520 qdelay_l_ms=1.09733 qdelay_c_ms=1.09051 ecn_mark=1286 drop=0
[QUEUE_STATS] t_ms=18960 q_pkts=1 q_bytes=1504 qdelay_l_ms=0 qdelay_c_ms=1.07527 ecn_mark=1287 drop=0
[QUEUE_STATS] t_ms=18976 q_pkts=1 q_bytes=1504 qdelay_l_ms=1.06035 qdelay_c_ms=0 ecn_mark=1287 drop=0
[QUEUE_STATS] t_ms=18992 q_pkts=6 q_bytes=9024 qdelay_l_ms=1.08461 qdelay_c_ms=1.06886 ecn_mark=1287 drop=0
[QUEUE_STATS] t_ms=19008 q_pkts=3 q_bytes=4512 qdelay_l_ms=1.0734 qdelay_c_ms=1.09248 ecn_mark=1291 drop=0
[QUEUE_STATS] t_ms=19024 q_pkts=3 q_bytes=4512 qdelay_l_ms=1.05181 qdelay_c_ms=1.07383 ecn_mark=1294 drop=0
[QUEUE_STATS] t_ms=19040 q_pkts=3 q_bytes=4512 qdelay_l_ms=1.06319 qdelay_c_ms=1.05751 ecn_mark=1295 drop=0
[QUEUE_STATS] t_ms=19056 q_pkts=5 q_bytes=7520 qdelay_l_ms=1.06534 qdelay_c_ms=1.09617 ecn_mark=1297 drop=0
[QUEUE_STATS] t_ms=19072 q_pkts=6 q_bytes=9024 qdelay_l_ms=0.986214 qdelay_c_ms=2.09526 ecn_mark=1298 drop=0
[QUEUE_STATS] t_ms=19088 q_pkts=5 q_bytes=7520 qdelay_l_ms=1.09203 qdelay_c_ms=1.08579 ecn_mark=1300 drop=0
[QUEUE_STATS] t_ms=19104 q_pkts=2 q_bytes=3008 qdelay_l_ms=1.06775 qdelay_c_ms=0 ecn_mark=1300 drop=0
[QUEUE_STATS] t_ms=19120 q_pkts=1 q_bytes=1504 qdelay_l_ms=1.06579 qdelay_c_ms=0 ecn_mark=1300 drop=0
[QUEUE_STATS] t_ms=19136 q_pkts=5 q_bytes=7520 qdelay_l_ms=0.781088 qdelay_c_ms=0.811866 ecn_mark=1303 drop=0
[QUEUE_STATS] t_ms=19152 q_pkts=1 q_bytes=1504 qdelay_l_ms=1.06065 qdelay_c_ms=0 ecn_mark=1303 drop=0
[QUEUE_STATS] t_ms=19168 q_pkts=2 q_bytes=3008 qdelay_l_ms=1.07272 qdelay_c_ms=1.07885 ecn_mark=1304 drop=0
[QUEUE_STATS] t_ms=19184 q_pkts=7 q_bytes=10528 qdelay_l_ms=0.832805 qdelay_c_ms=1.89112 ecn_mark=1307 drop=0
[QUEUE_STATS] t_ms=19200 q_pkts=2 q_bytes=3008 qdelay_l_ms=0.434958 qdelay_c_ms=0.44168 ecn_mark=1308 drop=0
[QUEUE_STATS] t_ms=19216 q_pkts=1 q_bytes=1504 qdelay_l_ms=0 qdelay_c_ms=1.89962 ecn_mark=1310 drop=0
[QUEUE_STATS] t_ms=19232 q_pkts=4 q_bytes=6016 qdelay_l_ms=1.07545 qdelay_c_ms=2.41881 ecn_mark=1312 drop=0
[QUEUE_STATS] t_ms=19248 q_pkts=3 q_bytes=4512 qdelay_l_ms=1.062 qdelay_c_ms=1.09656 ecn_mark=1312 drop=0
[QUEUE_STATS] t_ms=19264 q_pkts=3 q_bytes=4512 qdelay_l_ms=1.07884 qdelay_c_ms=1.07254 ecn_mark=1312 drop=0
[QUEUE_STATS] t_ms=19280 q_pkts=2 q_bytes=3008 qdelay_l_ms=1.07104 qdelay_c_ms=2.11984 ecn_mark=1313 drop=0
[QUEUE_STATS] t_ms=19296 q_pkts=3 q_bytes=4512 qdelay_l_ms=0.800564 qdelay_c_ms=0.830761 ecn_mark=1314 drop=0
[QUEUE_STATS] t_ms=19312 q_pkts=4 q_bytes=6016 qdelay_l_ms=0.841692 qdelay_c_ms=1.64921 ecn_mark=1316 drop=0
[QUEUE_STATS] t_ms=19328 q_pkts=5 q_bytes=7520 qdelay_l_ms=1.06397 qdelay_c_ms=2.13734 ecn_mark=1316 drop=0
[QUEUE_STATS] t_ms=19344 q_pkts=4 q_bytes=6016 qdelay_l_ms=1.07354 qdelay_c_ms=1.05854 ecn_mark=1317 drop=0
[QUEUE_STATS] t_ms=19360 q_pkts=4 q_bytes=6016 qdelay_l_ms=1.06588 qdelay_c_ms=1.93576 ecn_mark=1318 drop=0
[QUEUE_STATS] t_ms=19376 q_pkts=4 q_bytes=6016 qdelay_l_ms=1.07864 qdelay_c_ms=1.07131 ecn_mark=1318 drop=0
[QUEUE_STATS] t_ms=19392 q_pkts=4 q_bytes=6016 qdelay_l_ms=1.07435 qdelay_c_ms=1.06919 ecn_mark=1319 drop=0
[QUEUE_STATS] t_ms=19408 q_pkts=3 q_bytes=4512 qdelay_l_ms=0.799242 qdelay_c_ms=0.834668 ecn_mark=1320 drop=0
[QUEUE_STATS] t_ms=19424 q_pkts=5 q_bytes=7520 qdelay_l_ms=0.791628 qdelay_c_ms=0.833397 ecn_mark=1321 drop=0
[QUEUE_STATS] t_ms=19440 q_pkts=1 q_bytes=1504 qdelay_l_ms=1.07609 qdelay_c_ms=0 ecn_mark=1323 drop=0
[QUEUE_STATS] t_ms=19456 q_pkts=3 q_bytes=4512 qdelay_l_ms=1.06334 qdelay_c_ms=1.08579 ecn_mark=1324 drop=0
[QUEUE_STATS] t_ms=19472 q_pkts=3 q_bytes=4512 qdelay_l_ms=1.0652 qdelay_c_ms=1.08661 ecn_mark=1325 drop=0
[QUEUE_STATS] t_ms=19488 q_pkts=3 q_bytes=4512 qdelay_l_ms=1.0749 qdelay_c_ms=1.06858 ecn_mark=1325 drop=0
[QUEUE_STATS] t_ms=19504 q_pkts=3 q_bytes=4512 qdelay_l_ms=0.831442 qdelay_c_ms=0.842012 ecn_mark=1326 drop=0
[QUEUE_STATS] t_ms=19520 q_pkts=5 q_bytes=7520 qdelay_l_ms=1.06914 qdelay_c_ms=1.06407 ecn_mark=1326 drop=0
[QUEUE_STATS] t_ms=19536 q_pkts=1 q_bytes=1504 qdelay_l_ms=1.07332 qdelay_c_ms=0 ecn_mark=1327 drop=0
[QUEUE_STATS] t_ms=19552 q_pkts=5 q_bytes=7520 qdelay_l_ms=1.05621 qdelay_c_ms=2.12878 ecn_mark=1328 drop=0
[QUEUE_STATS] t_ms=19568 q_pkts=4 q_bytes=6016 qdelay_l_ms=1.07344 qdelay_c_ms=1.09661 ecn_mark=1329 drop=0
[QUEUE_STATS] t_ms=19584 q_pkts=3 q_bytes=4512 qdelay_l_ms=0.841943 qdelay_c_ms=0.862732 ecn_mark=1332 drop=0
[QUEUE_STATS] t_ms=19600 q_pkts=4 q_bytes=6016 qdelay_l_ms=1.05423 qdelay_c_ms=1.04815 ecn_mark=1333 drop=0
[QUEUE_STATS] t_ms=19616 q_pkts=4 q_bytes=6016 qdelay_l_ms=0.858844 qdelay_c_ms=0.852723 ecn_mark=1334 drop=0
[QUEUE_STATS] t_ms=19632 q_pkts=2 q_bytes=3008 qdelay_l_ms=1.07916 qdelay_c_ms=1.66528 ecn_mark=1335 drop=0
[QUEUE_STATS] t_ms=19648 q_pkts=3 q_bytes=4512 qdelay_l_ms=1.06125 qdelay_c_ms=1.05598 ecn_mark=1336 drop=0
[QUEUE_STATS] t_ms=19664 q_pkts=4 q_bytes=6016 qdelay_l_ms=1.04818 qdelay_c_ms=1.04008 ecn_mark=1336 drop=0
[QUEUE_STATS] t_ms=19680 q_pkts=3 q_bytes=4512 qdelay_l_ms=1.06591 qdelay_c_ms=1.06079 ecn_mark=1336 drop=0
[QUEUE_STATS] t_ms=19696 q_pkts=3 q_bytes=4512 qdelay_l_ms=0.506882 qdelay_c_ms=0.516941 ecn_mark=1336 drop=0
[QUEUE_STATS] t_ms=19712 q_pkts=3 q_bytes=4512 qdelay_l_ms=1.06844 qdelay_c_ms=1.06305 ecn_mark=1336 drop=0
[QUEUE_STATS] t_ms=19728 q_pkts=3 q_bytes=4512 qdelay_l_ms=1.06011 qdelay_c_ms=1.07026 ecn_mark=1337 drop=0
[QUEUE_STATS] t_ms=19744 q_pkts=2 q_bytes=3008 qdelay_l_ms=1.07931 qdelay_c_ms=1.08942 ecn_mark=1338 drop=0
[QUEUE_STATS] t_ms=19760 q_pkts=4 q_bytes=6016 qdelay_l_ms=0.817447 qdelay_c_ms=0.841973 ecn_mark=1338 drop=0
[QUEUE_STATS] t_ms=19776 q_pkts=4 q_bytes=6016 qdelay_l_ms=1.09093 qdelay_c_ms=1.08511 ecn_mark=1339 drop=0
[QUEUE_STATS] t_ms=19792 q_pkts=3 q_bytes=4512 qdelay_l_ms=0.847483 qdelay_c_ms=0.864996 ecn_mark=1339 drop=0
[QUEUE_STATS] t_ms=19808 q_pkts=0 q_bytes=0 qdelay_l_ms=0 qdelay_c_ms=0 ecn_mark=1340 drop=0
[QUEUE_STATS] t_ms=19824 q_pkts=3 q_bytes=4512 qdelay_l_ms=0.900161 qdelay_c_ms=0.890183 ecn_mark=1341 drop=0
[QUEUE_STATS] t_ms=19840 q_pkts=3 q_bytes=4512 qdelay_l_ms=1.07028 qdelay_c_ms=1.06502 ecn_mark=1341 drop=0
[QUEUE_STATS] t_ms=19856 q_pkts=7 q_bytes=10528 qdelay_l_ms=1.09798 qdelay_c_ms=1.08671 ecn_mark=1341 drop=0
[QUEUE_STATS] t_ms=19872 q_pkts=1 q_bytes=1504 qdelay_l_ms=1.06998 qdelay_c_ms=0 ecn_mark=1342 drop=0
[QUEUE_STATS] t_ms=19888 q_pkts=3 q_bytes=4512 qdelay_l_ms=1.06181 qdelay_c_ms=1.07334 ecn_mark=1342 drop=0
[QUEUE_STATS] t_ms=19904 q_pkts=6 q_bytes=9024 qdelay_l_ms=0.85145 qdelay_c_ms=0.842894 ecn_mark=1343 drop=0
[QUEUE_STATS] t_ms=19920 q_pkts=4 q_bytes=6016 qdelay_l_ms=1.08469 qdelay_c_ms=1.07857 ecn_mark=1344 drop=0
[QUEUE_STATS] t_ms=19936 q_pkts=4 q_bytes=6016 qdelay_l_ms=1.10283 qdelay_c_ms=1.09318 ecn_mark=1347 drop=0
[QUEUE_STATS] t_ms=19952 q_pkts=4 q_bytes=6016 qdelay_l_ms=1.09849 qdelay_c_ms=1.09205 ecn_mark=1348 drop=0
[QUEUE_STATS] t_ms=19968 q_pkts=3 q_bytes=4512 qdelay_l_ms=1.06568 qdelay_c_ms=1.08657 ecn_mark=1350 drop=0
[QUEUE_STATS] t_ms=19984 q_pkts=3 q_bytes=4512 qdelay_l_ms=1.0746 qdelay_c_ms=1.09757 ecn_mark=1350 drop=0
[QUEUE_STATS] t_ms=20000 q_pkts=2 q_bytes=3008 qdelay_l_ms=1.07976 qdelay_c_ms=1.08607 ecn_mark=1351 drop=0
[QUEUE_STATS] t_ms=20016 q_pkts=4 q_bytes=6016 qdelay_l_ms=0.841942 qdelay_c_ms=1.80064 ecn_mark=1353 drop=0
[QUEUE_STATS] t_ms=20032 q_pkts=4 q_bytes=6016 qdelay_l_ms=1.0673 qdelay_c_ms=1.06064 ecn_mark=1354 drop=0
[QUEUE_STATS] t_ms=20048 q_pkts=2 q_bytes=3008 qdelay_l_ms=1.0661 qdelay_c_ms=2.17787 ecn_mark=1355 drop=0
[QUEUE_STATS] t_ms=20064 q_pkts=4 q_bytes=6016 qdelay_l_ms=1.09031 qdelay_c_ms=1.0734 ecn_mark=1355 drop=0
[QUEUE_STATS] t_ms=20080 q_pkts=3 q_bytes=4512 qdelay_l_ms=1.08342 qdelay_c_ms=1.07686 ecn_mark=1355 drop=0
[QUEUE_STATS] t_ms=20096 q_pkts=5 q_bytes=7520 qdelay_l_ms=1.06063 qdelay_c_ms=2.1496 ecn_mark=1356 drop=0
[QUEUE_STATS] t_ms=20112 q_pkts=3 q_bytes=4512 qdelay_l_ms=0.438625 qdelay_c_ms=0.432273 ecn_mark=1358 drop=0
[QUEUE_STATS] t_ms=20128 q_pkts=2 q_bytes=3008 qdelay_l_ms=1.08128 qdelay_c_ms=1.09232 ecn_mark=1358 drop=0
[QUEUE_STATS] t_ms=20144 q_pkts=6 q_bytes=9024 qdelay_l_ms=1.09547 qdelay_c_ms=1.08938 ecn_mark=1359 drop=0
[QUEUE_STATS] t_ms=20160 q_pkts=3 q_bytes=4512 qdelay_l_ms=1.08483 qdelay_c_ms=1.07872 ecn_mark=1360 drop=0
[QUEUE_STATS] t_ms=20176 q_pkts=3 q_bytes=4512 qdelay_l_ms=0 qdelay_c_ms=0.437442 ecn_mark=1361 drop=0
[QUEUE_STATS] t_ms=20192 q_pkts=1 q_bytes=1504 qdelay_l_ms=0.827305 qdelay_c_ms=0 ecn_mark=1361 drop=0
[QUEUE_STATS] t_ms=20208 q_pkts=0 q_bytes=0 qdelay_l_ms=0 qdelay_c_ms=0 ecn_mark=1362 drop=0
[QUEUE_STATS] t_ms=20224 q_pkts=4 q_bytes=6016 qdelay_l_ms=1.10045 qdelay_c_ms=1.0939 ecn_mark=1363 drop=0
[QUEUE_STATS] t_ms=20240 q_pkts=5 q_bytes=7520 qdelay_l_ms=1.04901 qdelay_c_ms=2.13984 ecn_mark=1364 drop=0
[QUEUE_STATS] t_ms=20256 q_pkts=2 q_bytes=3008 qdelay_l_ms=0.78746 qdelay_c_ms=0.792379 ecn_mark=1365 drop=0
[QUEUE_STATS] t_ms=20272 q_pkts=3 q_bytes=4512 qdelay_l_ms=1.06122 qdelay_c_ms=1.05583 ecn_mark=1366 drop=0
[QUEUE_STATS] t_ms=20288 q_pkts=3 q_bytes=4512 qdelay_l_ms=1.0728 qdelay_c_ms=1.0679 ecn_mark=1366 drop=0
[QUEUE_STATS] t_ms=20304 q_pkts=5 q_bytes=7520 qdelay_l_ms=1.06104 qdelay_c_ms=1.08163 ecn_mark=1368 drop=0
[QUEUE_STATS] t_ms=20320 q_pkts=1 q_bytes=1504 qdelay_l_ms=1.06077 qdelay_c_ms=0 ecn_mark=1368 drop=0
[QUEUE_STATS] t_ms=20336 q_pkts=6 q_bytes=9024 qdelay_l_ms=0.967799 qdelay_c_ms=2.09331 ecn_mark=1369 drop=0
[QUEUE_STATS] t_ms=20352 q_pkts=2 q_bytes=3008 qdelay_l_ms=1.08203 qdelay_c_ms=1.07564 ecn_mark=1369 drop=0
[QUEUE_STATS] t_ms=20368 q_pkts=3 q_bytes=4512 qdelay_l_ms=1.06646 qdelay_c_ms=1.08767 ecn_mark=1370 drop=0
[QUEUE_STATS] t_ms=20384 q_pkts=1 q_bytes=1504 qdelay_l_ms=0.86189 qdelay_c_ms=0 ecn_mark=1371 drop=0
[QUEUE_STATS] t_ms=20400 q_pkts=3 q_bytes=4512 qdelay_l_ms=1.06042 qdelay_c_ms=1.07137 ecn_mark=1374 drop=0
[QUEUE_STATS] t_ms=20416 q_pkts=3 q_bytes=4512 qdelay_l_ms=1.08092 qdelay_c_ms=1.07478 ecn_mark=1374 drop=0
[QUEUE_STATS] t_ms=20432 q_pkts=1 q_bytes=1504 qdelay_l_ms=1.08428 qdelay_c_ms=0 ecn_mark=1375 drop=0
[QUEUE_STATS] t_ms=20448 q_pkts=1 q_bytes=1504 qdelay_l_ms=0.826734 qdelay_c_ms=0 ecn_mark=1375 drop=0
[QUEUE_STATS] t_ms=20464 q_pkts=1 q_bytes=1504 qdelay_l_ms=0.620967 qdelay_c_ms=0 ecn_mark=1375 drop=0
[QUEUE_STATS] t_ms=20480 q_pkts=3 q_bytes=4512 qdelay_l_ms=0.776659 qdelay_c_ms=0.813479 ecn_mark=1375 drop=0
[QUEUE_STATS] t_ms=20496 q_pkts=6 q_bytes=9024 qdelay_l_ms=1.0931 qdelay_c_ms=1.08518 ecn_mark=1375 drop=0
[QUEUE_STATS] t_ms=20512 q_pkts=4 q_bytes=6016 qdelay_l_ms=1.08295 qdelay_c_ms=1.07696 ecn_mark=1377 drop=0
[QUEUE_STATS] t_ms=20528 q_pkts=1 q_bytes=1504 qdelay_l_ms=1.07798 qdelay_c_ms=0 ecn_mark=1377 drop=0
[QUEUE_STATS] t_ms=20544 q_pkts=2 q_bytes=3008 qdelay_l_ms=1.07877 qdelay_c_ms=0 ecn_mark=1378 drop=0
[QUEUE_STATS] t_ms=20560 q_pkts=1 q_bytes=1504 qdelay_l_ms=1.06772 qdelay_c_ms=0 ecn_mark=1380 drop=0
[QUEUE_STATS] t_ms=20576 q_pkts=3 q_bytes=4512 qdelay_l_ms=1.06235 qdelay_c_ms=1.08112 ecn_mark=1382 drop=0
[QUEUE_STATS] t_ms=20592 q_pkts=2 q_bytes=3008 qdelay_l_ms=0 qdelay_c_ms=0.791758 ecn_mark=1384 drop=0
[QUEUE_STATS] t_ms=20608 q_pkts=1 q_bytes=1504 qdelay_l_ms=0.826042 qdelay_c_ms=0 ecn_mark=1386 drop=0
[QUEUE_STATS] t_ms=20624 q_pkts=6 q_bytes=9024 qdelay_l_ms=0.849276 qdelay_c_ms=0.842353 ecn_mark=1386 drop=0
[QUEUE_STATS] t_ms=20640 q_pkts=3 q_bytes=4512 qdelay_l_ms=1.06115 qdelay_c_ms=1.07211 ecn_mark=1387 drop=0
[QUEUE_STATS] t_ms=20656 q_pkts=1 q_bytes=1504 qdelay_l_ms=0.830822 qdelay_c_ms=0 ecn_mark=1389 drop=0
[QUEUE_STATS] t_ms=20672 q_pkts=5 q_bytes=7520 qdelay_l_ms=0.823498 qdelay_c_ms=0.844337 ecn_mark=1390 drop=0
[QUEUE_STATS] t_ms=20688 q_pkts=3 q_bytes=4512 qdelay_l_ms=1.0637 qdelay_c_ms=1.08431 ecn_mark=1391 drop=0
[QUEUE_STATS] t_ms=20704 q_pkts=3 q_bytes=4512 qdelay_l_ms=1.06062 qdelay_c_ms=1.07063 ecn_mark=1391 drop=0
[QUEUE_STATS] t_ms=20720 q_pkts=2 q_bytes=3008 qdelay_l_ms=0.845058 qdelay_c_ms=0 ecn_mark=1394 drop=0
[QUEUE_STATS] t_ms=20736 q_pkts=3 q_bytes=4512 qdelay_l_ms=1.05367 qdelay_c_ms=1.06465 ecn_mark=1396 drop=0
[QUEUE_STATS] t_ms=20752 q_pkts=4 q_bytes=6016 qdelay_l_ms=1.06675 qdelay_c_ms=2.44422 ecn_mark=1397 drop=0
[QUEUE_STATS] t_ms=20768 q_pkts=1 q_bytes=1504 qdelay_l_ms=0.831703 qdelay_c_ms=0 ecn_mark=1397 drop=0
[QUEUE_STATS] t_ms=20784 q_pkts=3 q_bytes=4512 qdelay_l_ms=1.06518 qdelay_c_ms=1.08285 ecn_mark=1400 drop=0
[QUEUE_STATS] t_ms=20800 q_pkts=3 q_bytes=4512 qdelay_l_ms=1.06344 qdelay_c_ms=1.08625 ecn_mark=1400 drop=0
[QUEUE_STATS] t_ms=20816 q_pkts=3 q_bytes=4512 qdelay_l_ms=1.01173 qdelay_c_ms=1.00624 ecn_mark=1400 drop=0
[QUEUE_STATS] t_ms=20832 q_pkts=4 q_bytes=6016 qdelay_l_ms=1.0691 qdelay_c_ms=2.16867 ecn_mark=1402 drop=0
[QUEUE_STATS] t_ms=20848 q_pkts=1 q_bytes=1504 qdelay_l_ms=1.0669 qdelay_c_ms=0 ecn_mark=1402 drop=0
[QUEUE_STATS] t_ms=20864 q_pkts=5 q_bytes=7520 qdelay_l_ms=0.862391 qdelay_c_ms=0.855528 ecn_mark=1402 drop=0
[QUEUE_STATS] t_ms=20880 q_pkts=4 q_bytes=6016 qdelay_l_ms=0.935659 qdelay_c_ms=0.950517 ecn_mark=1403 drop=0
[QUEUE_STATS] t_ms=20896 q_pkts=1 q_bytes=1504 qdelay_l_ms=1.07658 qdelay_c_ms=0 ecn_mark=1403 drop=0
[QUEUE_STATS] t_ms=20912 q_pkts=2 q_bytes=3008 qdelay_l_ms=0.748247 qdelay_c_ms=0.73945 ecn_mark=1404 drop=0
[QUEUE_STATS] t_ms=20928 q_pkts=3 q_bytes=4512 qdelay_l_ms=1.07979 qdelay_c_ms=1.07391 ecn_mark=1406 drop=0
[QUEUE_STATS] t_ms=20944 q_pkts=1 q_bytes=1504 qdelay_l_ms=1.07753 qdelay_c_ms=0 ecn_mark=1407 drop=0
[QUEUE_STATS] t_ms=20960 q_pkts=5 q_bytes=7520 qdelay_l_ms=1.11433 qdelay_c_ms=1.10263 ecn_mark=1407 drop=0
[QUEUE_STATS] t_ms=20976 q_pkts=2 q_bytes=3008 qdelay_l_ms=1.03545 qdelay_c_ms=1.04194 ecn_mark=1408 drop=0
[QUEUE_STATS] t_ms=20992 q_pkts=1 q_bytes=1504 qdelay_l_ms=0.919007 qdelay_c_ms=0 ecn_mark=1408 drop=0
[QUEUE_STATS] t_ms=21008 q_pkts=4 q_bytes=6016 qdelay_l_ms=0.855448 qdelay_c_ms=0.860638 ecn_mark=1408 drop=0
[QUEUE_STATS] t_ms=21024 q_pkts=5 q_bytes=7520 qdelay_l_ms=0.582354 qdelay_c_ms=0.603674 ecn_mark=1410 drop=0
[QUEUE_STATS] t_ms=21040 q_pkts=3 q_bytes=4512 qdelay_l_ms=0.823729 qdelay_c_ms=0.842674 ecn_mark=1412 drop=0
[QUEUE_STATS] t_ms=21056 q_pkts=2 q_bytes=3008 qdelay_l_ms=1.07458 qdelay_c_ms=0 ecn_mark=1412 drop=0
[QUEUE_STATS] t_ms=21072 q_pkts=4 q_bytes=6016 qdelay_l_ms=0.816524 qdelay_c_ms=0.811264 ecn_mark=1412 drop=0
[QUEUE_STATS] t_ms=21088 q_pkts=2 q_bytes=3008 qdelay_l_ms=1.07281 qdelay_c_ms=1.07927 ecn_mark=1413 drop=0
[QUEUE_STATS] t_ms=21104 q_pkts=3 q_bytes=4512 qdelay_l_ms=1.06841 qdelay_c_ms=1.06119 ecn_mark=1414 drop=0
[QUEUE_STATS] t_ms=21120 q_pkts=2 q_bytes=3008 qdelay_l_ms=1.08082 qdelay_c_ms=1.07448 ecn_mark=1416 drop=0
[QUEUE_STATS] t_ms=21136 q_pkts=3 q_bytes=4512 qdelay_l_ms=1.0802 qdelay_c_ms=1.07513 ecn_mark=1416 drop=0
[QUEUE_STATS] t_ms=21152 q_pkts=5 q_bytes=7520 qdelay_l_ms=1.08335 qdelay_c_ms=1.07778 ecn_mark=1418 drop=0
[QUEUE_STATS] t_ms=21168 q_pkts=3 q_bytes=4512 qdelay_l_ms=0.455105 qdelay_c_ms=0.47347 ecn_mark=1418 drop=0
[QUEUE_STATS] t_ms=21184 q_pkts=2 q_bytes=3008 qdelay_l_ms=0.856129 qdelay_c_ms=0 ecn_mark=1419 drop=0
[QUEUE_STATS] t_ms=21200 q_pkts=4 q_bytes=6016 qdelay_l_ms=1.07555 qdelay_c_ms=1.07062 ecn_mark=1421 drop=0
[QUEUE_STATS] t_ms=21216 q_pkts=3 q_bytes=4512 qdelay_l_ms=0.966266 qdelay_c_ms=0.976846 ecn_mark=1422 drop=0
[QUEUE_STATS] t_ms=21232 q_pkts=1 q_bytes=1504 qdelay_l_ms=1.06242 qdelay_c_ms=0 ecn_mark=1423 drop=0
[QUEUE_STATS] t_ms=21248 q_pkts=3 q_bytes=4512 qdelay_l_ms=1.0709 qdelay_c_ms=1.0653 ecn_mark=1423 drop=0
[QUEUE_STATS] t_ms=21264 q_pkts=3 q_bytes=4512 qdelay_l_ms=1.06098 qdelay_c_ms=1.07952 ecn_mark=1425 drop=0
[QUEUE_STATS] t_ms=21280 q_pkts=1 q_bytes=1504 qdelay_l_ms=1.07191 qdelay_c_ms=0 ecn_mark=1428 drop=0
[QUEUE_STATS] t_ms=21296 q_pkts=2 q_bytes=3008 qdelay_l_ms=1.05162 qdelay_c_ms=1.04647 ecn_mark=1428 drop=0
[QUEUE_STATS] t_ms=21312 q_pkts=4 q_bytes=6016 qdelay_l_ms=1.07298 qdelay_c_ms=2.1562 ecn_mark=1430 drop=0
[QUEUE_STATS] t_ms=21328 q_pkts=1 q_bytes=1504 qdelay_l_ms=1.06563 qdelay_c_ms=0 ecn_mark=1433 drop=0
[QUEUE_STATS] t_ms=21344 q_pkts=4 q_bytes=6016 qdelay_l_ms=1.06505 qdelay_c_ms=1.08572 ecn_mark=1433 drop=0
[QUEUE_STATS] t_ms=21360 q_pkts=3 q_bytes=4512 qdelay_l_ms=1.06581 qdelay_c_ms=1.08043 ecn_mark=1434 drop=0
[QUEUE_STATS] t_ms=21376 q_pkts=2 q_bytes=3008 qdelay_l_ms=1.07115 qdelay_c_ms=1.06579 ecn_mark=1434 drop=0
[QUEUE_STATS] t_ms=21392 q_pkts=1 q_bytes=1504 qdelay_l_ms=0.693072 qdelay_c_ms=0 ecn_mark=1434 drop=0
[QUEUE_STATS] t_ms=21408 q_pkts=5 q_bytes=7520 qdelay_l_ms=0.630215 qdelay_c_ms=0.654611 ecn_mark=1435 drop=0
[QUEUE_STATS] t_ms=21424 q_pkts=3 q_bytes=4512 qdelay_l_ms=1.04601 qdelay_c_ms=1.06504 ecn_mark=1435 drop=0
[QUEUE_STATS] t_ms=21440 q_pkts=2 q_bytes=3008 qdelay_l_ms=1.06632 qdelay_c_ms=0 ecn_mark=1436 drop=0
[QUEUE_STATS] t_ms=21456 q_pkts=1 q_bytes=1504 qdelay_l_ms=0.864775 qdelay_c_ms=0 ecn_mark=1437 drop=0
[QUEUE_STATS] t_ms=21472 q_pkts=2 q_bytes=3008 qdelay_l_ms=0.471967 qdelay_c_ms=0.478499 ecn_mark=1437 drop=0
[QUEUE_STATS] t_ms=21488 q_pkts=0 q_bytes=0 qdelay_l_ms=0 qdelay_c_ms=0 ecn_mark=1438 drop=0
[QUEUE_STATS] t_ms=21504 q_pkts=3 q_bytes=4512 qdelay_l_ms=0.818649 qdelay_c_ms=0.849887 ecn_mark=1439 drop=0
[QUEUE_STATS] t_ms=21520 q_pkts=1 q_bytes=1504 qdelay_l_ms=1.0744 qdelay_c_ms=0 ecn_mark=1440 drop=0
[QUEUE_STATS] t_ms=21536 q_pkts=2 q_bytes=3008 qdelay_l_ms=0.928475 qdelay_c_ms=0.921863 ecn_mark=1441 drop=0
[QUEUE_STATS] t_ms=21552 q_pkts=2 q_bytes=3008 qdelay_l_ms=1.06588 qdelay_c_ms=1.06059 ecn_mark=1441 drop=0
[QUEUE_STATS] t_ms=21568 q_pkts=1 q_bytes=1504 qdelay_l_ms=1.07221 qdelay_c_ms=0 ecn_mark=1442 drop=0
[QUEUE_STATS] t_ms=21584 q_pkts=6 q_bytes=9024 qdelay_l_ms=1.09522 qdelay_c_ms=1.08757 ecn_mark=1444 drop=0
[QUEUE_STATS] t_ms=21600 q_pkts=1 q_bytes=1504 qdelay_l_ms=1.06488 qdelay_c_ms=0 ecn_mark=1445 drop=0
[QUEUE_STATS] t_ms=21616 q_pkts=1 q_bytes=1504 qdelay_l_ms=1.06383 qdelay_c_ms=0 ecn_mark=1446 drop=0
[QUEUE_STATS] t_ms=21632 q_pkts=3 q_bytes=4512 qdelay_l_ms=0.865396 qdelay_c_ms=0.879553 ecn_mark=1446 drop=0
[QUEUE_STATS] t_ms=21648 q_pkts=2 q_bytes=3008 qdelay_l_ms=1.07018 qdelay_c_ms=2.09273 ecn_mark=1446 drop=0
[QUEUE_STATS] t_ms=21664 q_pkts=2 q_bytes=3008 qdelay_l_ms=1.08018 qdelay_c_ms=0 ecn_mark=1447 drop=0
[QUEUE_STATS] t_ms=21680 q_pkts=4 q_bytes=6016 qdelay_l_ms=1.04312 qdelay_c_ms=1.069 ecn_mark=1447 drop=0
[QUEUE_STATS] t_ms=21696 q_pkts=6 q_bytes=9024 qdelay_l_ms=1.08869 qdelay_c_ms=1.08168 ecn_mark=1447 drop=0
[QUEUE_STATS] t_ms=21712 q_pkts=3 q_bytes=4512 qdelay_l_ms=1.06587 qdelay_c_ms=1.0862 ecn_mark=1448 drop=0
[QUEUE_STATS] t_ms=21728 q_pkts=1 q_bytes=1504 qdelay_l_ms=0.77639 qdelay_c_ms=0 ecn_mark=1448 drop=0
[QUEUE_STATS] t_ms=21744 q_pkts=4 q_bytes=6016 qdelay_l_ms=0.863343 qdelay_c_ms=0.854306 ecn_mark=1448 drop=0
[QUEUE_STATS] t_ms=21760 q_pkts=2 q_bytes=3008 qdelay_l_ms=0 qdelay_c_ms=1.06969 ecn_mark=1450 drop=0
[QUEUE_STATS] t_ms=21776 q_pkts=2 q_bytes=3008 qdelay_l_ms=1.0613 qdelay_c_ms=1.06725 ecn_mark=1452 drop=0
[QUEUE_STATS] t_ms=21792 q_pkts=1 q_bytes=1504 qdelay_l_ms=0.700587 qdelay_c_ms=0 ecn_mark=1453 drop=0
[QUEUE_STATS] t_ms=21808 q_pkts=6 q_bytes=9024 qdelay_l_ms=1.09268 qdelay_c_ms=1.08631 ecn_mark=1454 drop=0
[QUEUE_STATS] t_ms=21824 q_pkts=5 q_bytes=7520 qdelay_l_ms=1.03788 qdelay_c_ms=1.06895 ecn_mark=1455 drop=0
[QUEUE_STATS] t_ms=21840 q_pkts=5 q_bytes=7520 qdelay_l_ms=1.06799 qdelay_c_ms=1.06285 ecn_mark=1455 drop=0
[QUEUE_STATS] t_ms=21856 q_pkts=2 q_bytes=3008 qdelay_l_ms=1.0763 qdelay_c_ms=0 ecn_mark=1455 drop=0
[QUEUE_STATS] t_ms=21872 q_pkts=2 q_bytes=3008 qdelay_l_ms=1.07 qdelay_c_ms=1.07611 ecn_mark=1456 drop=0
[QUEUE_STATS] t_ms=21888 q_pkts=3 q_bytes=4512 qdelay_l_ms=1.09219 qdelay_c_ms=1.08248 ecn_mark=1457 drop=0
[QUEUE_STATS] t_ms=21904 q_pkts=1 q_bytes=1504 qdelay_l_ms=0.843936 qdelay_c_ms=0 ecn_mark=1458 drop=0
[QUEUE_STATS] t_ms=21920 q_pkts=3 q_bytes=4512 qdelay_l_ms=0.855288 qdelay_c_ms=0.866238 ecn_mark=1459 drop=0
[QUEUE_STATS] t_ms=21936 q_pkts=1 q_bytes=1504 qdelay_l_ms=1.06753 qdelay_c_ms=0 ecn_mark=1461 drop=0
[QUEUE_STATS] t_ms=21952 q_pkts=1 q_bytes=1504 qdelay_l_ms=1.07557 qdelay_c_ms=0 ecn_mark=1462 drop=0
[QUEUE_STATS] t_ms=21968 q_pkts=5 q_bytes=7520 qdelay_l_ms=1.02184 qdelay_c_ms=1.01558 ecn_mark=1462 drop=0
[QUEUE_STATS] t_ms=21984 q_pkts=3 q_bytes=4512 qdelay_l_ms=1.05465 qdelay_c_ms=1.04527 ecn_mark=1462 drop=0
[QUEUE_STATS] t_ms=22000 q_pkts=1 q_bytes=1504 qdelay_l_ms=0.839417 qdelay_c_ms=0 ecn_mark=1463 drop=0
[QUEUE_STATS] t_ms=22016 q_pkts=3 q_bytes=4512 qdelay_l_ms=1.00966 qdelay_c_ms=1.00495 ecn_mark=1464 drop=0
[QUEUE_STATS] t_ms=22032 q_pkts=3 q_bytes=4512 qdelay_l_ms=1.07879 qdelay_c_ms=1.07198 ecn_mark=1464 drop=0
[QUEUE_STATS] t_ms=22048 q_pkts=4 q_bytes=6016 qdelay_l_ms=0.85115 qdelay_c_ms=0.843004 ecn_mark=1464 drop=0
[QUEUE_STATS] t_ms=22064 q_pkts=1 q_bytes=1504 qdelay_l_ms=1.06493 qdelay_c_ms=0 ecn_mark=1464 drop=0
[QUEUE_STATS] t_ms=22080 q_pkts=3 q_bytes=4512 qdelay_l_ms=1.07893 qdelay_c_ms=1.07361 ecn_mark=1464 drop=0
[QUEUE_STATS] t_ms=22096 q_pkts=2 q_bytes=3008 qdelay_l_ms=0.572676 qdelay_c_ms=0.562908 ecn_mark=1464 drop=0
[QUEUE_STATS] t_ms=22112 q_pkts=5 q_bytes=7520 qdelay_l_ms=1.05576 qdelay_c_ms=2.15074 ecn_mark=1467 drop=0
[QUEUE_STATS] t_ms=22128 q_pkts=1 q_bytes=1504 qdelay_l_ms=1.07715 qdelay_c_ms=0 ecn_mark=1468 drop=0
[QUEUE_STATS] t_ms=22144 q_pkts=4 q_bytes=6016 qdelay_l_ms=1.09625 qdelay_c_ms=1.09087 ecn_mark=1469 drop=0
[QUEUE_STATS] t_ms=22160 q_pkts=3 q_bytes=4512 qdelay_l_ms=1.06626 qdelay_c_ms=1.08979 ecn_mark=1469 drop=0
[QUEUE_STATS] t_ms=22176 q_pkts=5 q_bytes=7520 qdelay_l_ms=1.06561 qdelay_c_ms=1.09543 ecn_mark=1470 drop=0
[QUEUE_STATS] t_ms=22192 q_pkts=1 q_bytes=1504 qdelay_l_ms=0.817606 qdelay_c_ms=0 ecn_mark=1471 drop=0
[QUEUE_STATS] t_ms=22208 q_pkts=2 q_bytes=3008 qdelay_l_ms=0 qdelay_c_ms=1.07554 ecn_mark=1471 drop=0
[QUEUE_STATS] t_ms=22225 q_pkts=4 q_bytes=6016 qdelay_l_ms=1.08299 qdelay_c_ms=1.07763 ecn_mark=1471 drop=0
[QUEUE_STATS] t_ms=22240 q_pkts=3 q_bytes=4512 qdelay_l_ms=1.07981 qdelay_c_ms=2.13108 ecn_mark=1472 drop=0
[QUEUE_STATS] t_ms=22256 q_pkts=3 q_bytes=4512 qdelay_l_ms=0.833507 qdelay_c_ms=0.844267 ecn_mark=1473 drop=0
[QUEUE_STATS] t_ms=22272 q_pkts=1 q_bytes=1504 qdelay_l_ms=1.077 qdelay_c_ms=0 ecn_mark=1473 drop=0
[QUEUE_STATS] t_ms=22288 q_pkts=0 q_bytes=0 qdelay_l_ms=0 qdelay_c_ms=0 ecn_mark=1473 drop=0
[QUEUE_STATS] t_ms=22304 q_pkts=5 q_bytes=7520 qdelay_l_ms=1.00965 qdelay_c_ms=1.00508 ecn_mark=1475 drop=0
[QUEUE_STATS] t_ms=22320 q_pkts=5 q_bytes=7520 qdelay_l_ms=1.0657 qdelay_c_ms=1.08954 ecn_mark=1476 drop=0
[QUEUE_STATS] t_ms=22336 q_pkts=0 q_bytes=0 qdelay_l_ms=0 qdelay_c_ms=0 ecn_mark=1477 drop=0
[QUEUE_STATS] t_ms=22352 q_pkts=3 q_bytes=4512 qdelay_l_ms=0.81962 qdelay_c_ms=0.812627 ecn_mark=1477 drop=0
[QUEUE_STATS] t_ms=22368 q_pkts=2 q_bytes=3008 qdelay_l_ms=0.665832 qdelay_c_ms=0.671252 ecn_mark=1479 drop=0
[QUEUE_STATS] t_ms=22384 q_pkts=4 q_bytes=6016 qdelay_l_ms=0.998567 qdelay_c_ms=0.993006 ecn_mark=1481 drop=0
[QUEUE_STATS] t_ms=22400 q_pkts=1 q_bytes=1504 qdelay_l_ms=1.06682 qdelay_c_ms=0 ecn_mark=1481 drop=0
[QUEUE_STATS] t_ms=22416 q_pkts=2 q_bytes=3008 qdelay_l_ms=0 qdelay_c_ms=1.0382 ecn_mark=1483 drop=0
[QUEUE_STATS] t_ms=22432 q_pkts=3 q_bytes=4512 qdelay_l_ms=1.08298 qdelay_c_ms=1.07645 ecn_mark=1483 drop=0
[QUEUE_STATS] t_ms=22448 q_pkts=3 q_bytes=4512 qdelay_l_ms=0.867971 qdelay_c_ms=0.879032 ecn_mark=1484 drop=0
[QUEUE_STATS] t_ms=22464 q_pkts=1 q_bytes=1504 qdelay_l_ms=0.812708 qdelay_c_ms=0 ecn_mark=1484 drop=0
[QUEUE_STATS] t_ms=22480 q_pkts=3 q_bytes=4512 qdelay_l_ms=0.794533 qdelay_c_ms=0.78776 ecn_mark=1484 drop=0
[QUEUE_STATS] t_ms=22496 q_pkts=4 q_bytes=6016 qdelay_l_ms=1.06864 qdelay_c_ms=1.08435 ecn_mark=1485 drop=0
[QUEUE_STATS] t_ms=22512 q_pkts=3 q_bytes=4512 qdelay_l_ms=0.776149 qdelay_c_ms=0.808991 ecn_mark=1485 drop=0
[QUEUE_STATS] t_ms=22528 q_pkts=1 q_bytes=1504 qdelay_l_ms=0.799653 qdelay_c_ms=0 ecn_mark=1485 drop=0
[QUEUE_STATS] t_ms=22544 q_pkts=5 q_bytes=7520 qdelay_l_ms=0.794604 qdelay_c_ms=0.789043 ecn_mark=1487 drop=0
[QUEUE_STATS] t_ms=22560 q_pkts=1 q_bytes=1504 qdelay_l_ms=1.07621 qdelay_c_ms=0 ecn_mark=1488 drop=0
[QUEUE_STATS] t_ms=22576 q_pkts=4 q_bytes=6016 qdelay_l_ms=1.08914 qdelay_c_ms=1.08321 ecn_mark=1488 drop=0
[QUEUE_STATS] t_ms=22592 q_pkts=2 q_bytes=3008 qdelay_l_ms=1.06706 qdelay_c_ms=0 ecn_mark=1490 drop=0
[QUEUE_STATS] t_ms=22608 q_pkts=3 q_bytes=4512 qdelay_l_ms=1.0655 qdelay_c_ms=1.05956 ecn_mark=1491 drop=0
[QUEUE_STATS] t_ms=22624 q_pkts=0 q_bytes=0 qdelay_l_ms=0 qdelay_c_ms=0 ecn_mark=1491 drop=0
[QUEUE_STATS] t_ms=22640 q_pkts=4 q_bytes=6016 qdelay_l_ms=1.08269 qdelay_c_ms=1.07715 ecn_mark=1491 drop=0
[QUEUE_STATS] t_ms=22656 q_pkts=3 q_bytes=4512 qdelay_l_ms=1.04899 qdelay_c_ms=1.06722 ecn_mark=1491 drop=0
[QUEUE_STATS] t_ms=22672 q_pkts=4 q_bytes=6016 qdelay_l_ms=0 qdelay_c_ms=0.928666 ecn_mark=1492 drop=0
[QUEUE_STATS] t_ms=22688 q_pkts=3 q_bytes=4512 qdelay_l_ms=1.06767 qdelay_c_ms=1.06184 ecn_mark=1492 drop=0
[QUEUE_STATS] t_ms=22704 q_pkts=3 q_bytes=4512 qdelay_l_ms=1.06678 qdelay_c_ms=1.0571 ecn_mark=1492 drop=0
[QUEUE_STATS] t_ms=22720 q_pkts=3 q_bytes=4512 qdelay_l_ms=1.06551 qdelay_c_ms=1.09577 ecn_mark=1494 drop=0
[QUEUE_STATS] t_ms=22736 q_pkts=1 q_bytes=1504 qdelay_l_ms=1.06206 qdelay_c_ms=0 ecn_mark=1494 drop=0
[QUEUE_STATS] t_ms=22752 q_pkts=3 q_bytes=4512 qdelay_l_ms=1.09285 qdelay_c_ms=1.08255 ecn_mark=1495 drop=0
[QUEUE_STATS] t_ms=22768 q_pkts=3 q_bytes=4512 qdelay_l_ms=0.908297 qdelay_c_ms=0.901755 ecn_mark=1497 drop=0
[QUEUE_STATS] t_ms=22784 q_pkts=5 q_bytes=7520 qdelay_l_ms=0.401835 qdelay_c_ms=0.431291 ecn_mark=1498 drop=0
[QUEUE_STATS] t_ms=22800 q_pkts=1 q_bytes=1504 qdelay_l_ms=0.795154 qdelay_c_ms=0 ecn_mark=1498 drop=0
[QUEUE_STATS] t_ms=22816 q_pkts=5 q_bytes=7520 qdelay_l_ms=1.07808 qdelay_c_ms=1.09855 ecn_mark=1500 drop=0
[QUEUE_STATS] t_ms=22832 q_pkts=3 q_bytes=4512 qdelay_l_ms=1.06443 qdelay_c_ms=1.07509 ecn_mark=1502 drop=0
[QUEUE_STATS] t_ms=22848 q_pkts=4 q_bytes=6016 qdelay_l_ms=0.788272 qdelay_c_ms=0.779355 ecn_mark=1504 drop=0
[QUEUE_STATS] t_ms=22864 q_pkts=1 q_bytes=1504 qdelay_l_ms=0.776039 qdelay_c_ms=0 ecn_mark=1504 drop=0
[QUEUE_STATS] t_ms=22880 q_pkts=5 q_bytes=7520 qdelay_l_ms=1.07104 qdelay_c_ms=1.06525 ecn_mark=1504 drop=0
[QUEUE_STATS] t_ms=22896 q_pkts=3 q_bytes=4512 qdelay_l_ms=1.09611 qdelay_c_ms=1.08762 ecn_mark=1506 drop=0
[QUEUE_STATS] t_ms=22912 q_pkts=3 q_bytes=4512 qdelay_l_ms=0.917034 qdelay_c_ms=0.911944 ecn_mark=1506 drop=0
[QUEUE_STATS] t_ms=22928 q_pkts=1 q_bytes=1504 qdelay_l_ms=1.06501 qdelay_c_ms=0 ecn_mark=1506 drop=0
[QUEUE_STATS] t_ms=22944 q_pkts=2 q_bytes=3008 qdelay_l_ms=1.07799 qdelay_c_ms=1.07071 ecn_mark=1506 drop=0
[QUEUE_STATS] t_ms=22960 q_pkts=3 q_bytes=4512 qdelay_l_ms=0.878952 qdelay_c_ms=0.87277 ecn_mark=1506 drop=0
[QUEUE_STATS] t_ms=22976 q_pkts=3 q_bytes=4512 qdelay_l_ms=1.04469 qdelay_c_ms=1.06774 ecn_mark=1507 drop=0
[QUEUE_STATS] t_ms=22992 q_pkts=2 q_bytes=3008 qdelay_l_ms=0 qdelay_c_ms=0.754829 ecn_mark=1507 drop=0
[QUEUE_STATS] t_ms=23008 q_pkts=3 q_bytes=4512 qdelay_l_ms=0.408417 qdelay_c_ms=0.403027 ecn_mark=1507 drop=0
[QUEUE_STATS] t_ms=23024 q_pkts=3 q_bytes=4512 qdelay_l_ms=0.873853 qdelay_c_ms=0.868272 ecn_mark=1508 drop=0
[QUEUE_STATS] t_ms=23040 q_pkts=3 q_bytes=4512 qdelay_l_ms=0.843245 qdelay_c_ms=0.861038 ecn_mark=1509 drop=0
[QUEUE_STATS] t_ms=23056 q_pkts=1 q_bytes=1504 qdelay_l_ms=1.06686 qdelay_c_ms=0 ecn_mark=1510 drop=0
[QUEUE_STATS] t_ms=23072 q_pkts=1 q_bytes=1504 qdelay_l_ms=1.06974 qdelay_c_ms=0 ecn_mark=1511 drop=0
[QUEUE_STATS] t_ms=23088 q_pkts=1 q_bytes=1504 qdelay_l_ms=1.06098 qdelay_c_ms=0 ecn_mark=1512 drop=0
[QUEUE_STATS] t_ms=23104 q_pkts=5 q_bytes=7520 qdelay_l_ms=0.380185 qdelay_c_ms=0.373623 ecn_mark=1512 drop=0
[QUEUE_STATS] t_ms=23120 q_pkts=7 q_bytes=10528 qdelay_l_ms=1.06104 qdelay_c_ms=1.10069 ecn_mark=1513 drop=0
[QUEUE_STATS] t_ms=23136 q_pkts=1 q_bytes=1504 qdelay_l_ms=1.07897 qdelay_c_ms=0 ecn_mark=1513 drop=0
[QUEUE_STATS] t_ms=23152 q_pkts=2 q_bytes=3008 qdelay_l_ms=1.06154 qdelay_c_ms=1.06665 ecn_mark=1514 drop=0
[QUEUE_STATS] t_ms=23168 q_pkts=2 q_bytes=3008 qdelay_l_ms=0.874885 qdelay_c_ms=0.869304 ecn_mark=1515 drop=0
[QUEUE_STATS] t_ms=23184 q_pkts=3 q_bytes=4512 qdelay_l_ms=1.06455 qdelay_c_ms=1.08006 ecn_mark=1516 drop=0
[QUEUE_STATS] t_ms=23200 q_pkts=1 q_bytes=1504 qdelay_l_ms=0.74976 qdelay_c_ms=0 ecn_mark=1517 drop=0
[QUEUE_STATS] t_ms=23216 q_pkts=3 q_bytes=4512 qdelay_l_ms=1.08017 qdelay_c_ms=1.07418 ecn_mark=1517 drop=0
[QUEUE_STATS] t_ms=23232 q_pkts=6 q_bytes=9024 qdelay_l_ms=1.0941 qdelay_c_ms=1.08851 ecn_mark=1518 drop=0
[QUEUE_STATS] t_ms=23248 q_pkts=5 q_bytes=7520 qdelay_l_ms=1.05507 qdelay_c_ms=2.11663 ecn_mark=1520 drop=0
[QUEUE_STATS] t_ms=23264 q_pkts=1 q_bytes=1504 qdelay_l_ms=1.08433 qdelay_c_ms=0 ecn_mark=1520 drop=0
[QUEUE_STATS] t_ms=23280 q_pkts=2 q_bytes=3008 qdelay_l_ms=0.799543 qdelay_c_ms=1.48589 ecn_mark=1520 drop=0
[QUEUE_STATS] t_ms=23296 q_pkts=3 q_bytes=4512 qdelay_l_ms=0.378522 qdelay_c_ms=0.396035 ecn_mark=1521 drop=0
[QUEUE_STATS] t_ms=23312 q_pkts=1 q_bytes=1504 qdelay_l_ms=1.06159 qdelay_c_ms=0 ecn_mark=1521 drop=0
[QUEUE_STATS] t_ms=23328 q_pkts=4 q_bytes=6016 qdelay_l_ms=0.989691 qdelay_c_ms=0.980453 ecn_mark=1522 drop=0
[QUEUE_STATS] t_ms=23344 q_pkts=5 q_bytes=7520 qdelay_l_ms=1.0645 qdelay_c_ms=1.0926 ecn_mark=1523 drop=0
[QUEUE_STATS] t_ms=23360 q_pkts=3 q_bytes=4512 qdelay_l_ms=0.802278 qdelay_c_ms=0.795976 ecn_mark=1525 drop=0
[QUEUE_STATS] t_ms=23376 q_pkts=5 q_bytes=7520 qdelay_l_ms=0.741774 qdelay_c_ms=2.2589 ecn_mark=1525 drop=0
[QUEUE_STATS] t_ms=23392 q_pkts=1 q_bytes=1504 qdelay_l_ms=1.08979 qdelay_c_ms=0 ecn_mark=1526 drop=0
[QUEUE_STATS] t_ms=23408 q_pkts=2 q_bytes=3008 qdelay_l_ms=1.07787 qdelay_c_ms=0 ecn_mark=1526 drop=0
[QUEUE_STATS] t_ms=23424 q_pkts=2 q_bytes=3008 qdelay_l_ms=1.07972 qdelay_c_ms=0 ecn_mark=1526 drop=0
[QUEUE_STATS] t_ms=23440 q_pkts=5 q_bytes=7520 qdelay_l_ms=0.707299 qdelay_c_ms=0.742385 ecn_mark=1527 drop=0
[QUEUE_STATS] t_ms=23456 q_pkts=2 q_bytes=3008 qdelay_l_ms=0.896365 qdelay_c_ms=0.891105 ecn_mark=1527 drop=0
[QUEUE_STATS] t_ms=23472 q_pkts=2 q_bytes=3008 qdelay_l_ms=0.749759 qdelay_c_ms=0 ecn_mark=1527 drop=0
[QUEUE_STATS] t_ms=23488 q_pkts=4 q_bytes=6016 qdelay_l_ms=1.0835 qdelay_c_ms=1.07868 ecn_mark=1527 drop=0
[QUEUE_STATS] t_ms=23504 q_pkts=5 q_bytes=7520 qdelay_l_ms=1.09578 qdelay_c_ms=1.08915 ecn_mark=1528 drop=0
[QUEUE_STATS] t_ms=23520 q_pkts=3 q_bytes=4512 qdelay_l_ms=1.04583 qdelay_c_ms=1.07281 ecn_mark=1528 drop=0
[QUEUE_STATS] t_ms=23536 q_pkts=1 q_bytes=1504 qdelay_l_ms=0.731094 qdelay_c_ms=0 ecn_mark=1528 drop=0
[QUEUE_STATS] t_ms=23552 q_pkts=4 q_bytes=6016 qdelay_l_ms=0.730924 qdelay_c_ms=0.725394 ecn_mark=1528 drop=0
[QUEUE_STATS] t_ms=23568 q_pkts=4 q_bytes=6016 qdelay_l_ms=0.384974 qdelay_c_ms=0.373923 ecn_mark=1529 drop=0
[QUEUE_STATS] t_ms=23584 q_pkts=1 q_bytes=1504 qdelay_l_ms=0.488859 qdelay_c_ms=0 ecn_mark=1529 drop=0
[QUEUE_STATS] t_ms=23600 q_pkts=1 q_bytes=1504 qdelay_l_ms=0.727317 qdelay_c_ms=0 ecn_mark=1529 drop=0
[QUEUE_STATS] t_ms=23616 q_pkts=4 q_bytes=6016 qdelay_l_ms=1.10339 qdelay_c_ms=1.09306 ecn_mark=1529 drop=0
[QUEUE_STATS] t_ms=23632 q_pkts=4 q_bytes=6016 qdelay_l_ms=0 qdelay_c_ms=0.730683 ecn_mark=1530 drop=0
[QUEUE_STATS] t_ms=23648 q_pkts=5 q_bytes=7520 qdelay_l_ms=0.726816 qdelay_c_ms=0.721817 ecn_mark=1530 drop=0
[QUEUE_STATS] t_ms=23664 q_pkts=3 q_bytes=4512 qdelay_l_ms=1.05484 qdelay_c_ms=1.04965 ecn_mark=1534 drop=0
[QUEUE_STATS] t_ms=23680 q_pkts=3 q_bytes=4512 qdelay_l_ms=0.721767 qdelay_c_ms=0.714493 ecn_mark=1534 drop=0
[QUEUE_STATS] t_ms=23696 q_pkts=5 q_bytes=7520 qdelay_l_ms=1.07777 qdelay_c_ms=2.17952 ecn_mark=1536 drop=0
[QUEUE_STATS] t_ms=23712 q_pkts=2 q_bytes=3008 qdelay_l_ms=1.08079 qdelay_c_ms=0 ecn_mark=1537 drop=0
[QUEUE_STATS] t_ms=23728 q_pkts=2 q_bytes=3008 qdelay_l_ms=0.714122 qdelay_c_ms=0.720975 ecn_mark=1537 drop=0
[QUEUE_STATS] t_ms=23744 q_pkts=5 q_bytes=7520 qdelay_l_ms=1.06087 qdelay_c_ms=1.08204 ecn_mark=1537 drop=0
[QUEUE_STATS] t_ms=23760 q_pkts=3 q_bytes=4512 qdelay_l_ms=1.0773 qdelay_c_ms=1.07143 ecn_mark=1540 drop=0
[QUEUE_STATS] t_ms=23776 q_pkts=3 q_bytes=4512 qdelay_l_ms=0.387448 qdelay_c_ms=0.380154 ecn_mark=1540 drop=0
[QUEUE_STATS] t_ms=23792 q_pkts=2 q_bytes=3008 qdelay_l_ms=1.07887 qdelay_c_ms=1.07254 ecn_mark=1540 drop=0
[QUEUE_STATS] t_ms=23808 q_pkts=2 q_bytes=3008 qdelay_l_ms=1.06633 qdelay_c_ms=0 ecn_mark=1540 drop=0
[QUEUE_STATS] t_ms=23824 q_pkts=3 q_bytes=4512 qdelay_l_ms=1.07055 qdelay_c_ms=1.06404 ecn_mark=1542 drop=0
[QUEUE_STATS] t_ms=23840 q_pkts=3 q_bytes=4512 qdelay_l_ms=1.07675 qdelay_c_ms=1.07131 ecn_mark=1543 drop=0
[QUEUE_STATS] t_ms=23856 q_pkts=3 q_bytes=4512 qdelay_l_ms=1.05673 qdelay_c_ms=1.0679 ecn_mark=1545 drop=0
[QUEUE_STATS] t_ms=23872 q_pkts=1 q_bytes=1504 qdelay_l_ms=1.08986 qdelay_c_ms=0 ecn_mark=1546 drop=0
[QUEUE_STATS] t_ms=23888 q_pkts=3 q_bytes=4512 qdelay_l_ms=1.04506 qdelay_c_ms=1.06796 ecn_mark=1547 drop=0
[QUEUE_STATS] t_ms=23904 q_pkts=3 q_bytes=4512 qdelay_l_ms=1.06864 qdelay_c_ms=1.81871 ecn_mark=1548 drop=0
[QUEUE_STATS] t_ms=23920 q_pkts=3 q_bytes=4512 qdelay_l_ms=1.09629 qdelay_c_ms=1.08718 ecn_mark=1548 drop=0
[QUEUE_STATS] t_ms=23936 q_pkts=1 q_bytes=1504 qdelay_l_ms=1.0647 qdelay_c_ms=0 ecn_mark=1551 drop=0
[QUEUE_STATS] t_ms=23952 q_pkts=4 q_bytes=6016 qdelay_l_ms=1.08471 qdelay_c_ms=2.14696 ecn_mark=1551 drop=0
[QUEUE_STATS] t_ms=23968 q_pkts=3 q_bytes=4512 qdelay_l_ms=1.0858 qdelay_c_ms=1.07911 ecn_mark=1552 drop=0
[QUEUE_STATS] t_ms=23984 q_pkts=4 q_bytes=6016 qdelay_l_ms=1.0937 qdelay_c_ms=1.08678 ecn_mark=1553 drop=0
[QUEUE_STATS] t_ms=24000 q_pkts=4 q_bytes=6016 qdelay_l_ms=1.05655 qdelay_c_ms=1.04753 ecn_mark=1554 drop=0
[QUEUE_STATS] t_ms=24016 q_pkts=3 q_bytes=4512 qdelay_l_ms=0.969322 qdelay_c_ms=0.974922 ecn_mark=1555 drop=0
[QUEUE_STATS] t_ms=24032 q_pkts=1 q_bytes=1504 qdelay_l_ms=1.07901 qdelay_c_ms=0 ecn_mark=1556 drop=0
[QUEUE_STATS] t_ms=24048 q_pkts=1 q_bytes=1504 qdelay_l_ms=0.712128 qdelay_c_ms=0 ecn_mark=1556 drop=0
[QUEUE_STATS] t_ms=24064 q_pkts=2 q_bytes=3008 qdelay_l_ms=0.934696 qdelay_c_ms=0.929757 ecn_mark=1556 drop=0
[QUEUE_STATS] t_ms=24080 q_pkts=5 q_bytes=7520 qdelay_l_ms=0.96838 qdelay_c_ms=0.963321 ecn_mark=1557 drop=0
[QUEUE_STATS] t_ms=24096 q_pkts=3 q_bytes=4512 qdelay_l_ms=0.715816 qdelay_c_ms=0.710205 ecn_mark=1557 drop=0
[QUEUE_STATS] t_ms=24112 q_pkts=0 q_bytes=0 qdelay_l_ms=0 qdelay_c_ms=0 ecn_mark=1557 drop=0
[QUEUE_STATS] t_ms=24128 q_pkts=4 q_bytes=6016 qdelay_l_ms=1.09003 qdelay_c_ms=1.08373 ecn_mark=1557 drop=0
[QUEUE_STATS] t_ms=24144 q_pkts=2 q_bytes=3008 qdelay_l_ms=1.0765 qdelay_c_ms=0 ecn_mark=1557 drop=0
[QUEUE_STATS] t_ms=24160 q_pkts=3 q_bytes=4512 qdelay_l_ms=0.829058 qdelay_c_ms=2.03032 ecn_mark=1557 drop=0
[QUEUE_STATS] t_ms=24176 q_pkts=3 q_bytes=4512 qdelay_l_ms=1.06789 qdelay_c_ms=1.06292 ecn_mark=1560 drop=0
[QUEUE_STATS] t_ms=24192 q_pkts=4 q_bytes=6016 qdelay_l_ms=0.980974 qdelay_c_ms=0.975804 ecn_mark=1562 drop=0
[QUEUE_STATS] t_ms=24208 q_pkts=4 q_bytes=6016 qdelay_l_ms=0.68681 qdelay_c_ms=0.680108 ecn_mark=1563 drop=0
[QUEUE_STATS] t_ms=24224 q_pkts=6 q_bytes=9024 qdelay_l_ms=1.02685 qdelay_c_ms=1.0207 ecn_mark=1564 drop=0
[QUEUE_STATS] t_ms=24240 q_pkts=4 q_bytes=6016 qdelay_l_ms=0.666502 qdelay_c_ms=1.74665 ecn_mark=1564 drop=0
[QUEUE_STATS] t_ms=24256 q_pkts=4 q_bytes=6016 qdelay_l_ms=0.943403 qdelay_c_ms=2.03502 ecn_mark=1564 drop=0
[QUEUE_STATS] t_ms=24272 q_pkts=1 q_bytes=1504 qdelay_l_ms=1.06679 qdelay_c_ms=0 ecn_mark=1564 drop=0
[QUEUE_STATS] t_ms=24288 q_pkts=4 q_bytes=6016 qdelay_l_ms=1.06975 qdelay_c_ms=1.05688 ecn_mark=1564 drop=0
[QUEUE_STATS] t_ms=24304 q_pkts=4 q_bytes=6016 qdelay_l_ms=1.04627 qdelay_c_ms=1.04056 ecn_mark=1564 drop=0
[QUEUE_STATS] t_ms=24320 q_pkts=4 q_bytes=6016 qdelay_l_ms=1.01649 qdelay_c_ms=1.00718 ecn_mark=1564 drop=0
[QUEUE_STATS] t_ms=24336 q_pkts=1 q_bytes=1504 qdelay_l_ms=1.0774 qdelay_c_ms=0 ecn_mark=1564 drop=0
[QUEUE_STATS] t_ms=24352 q_pkts=4 q_bytes=6016 qdelay_l_ms=1.0958 qdelay_c_ms=1.08911 ecn_mark=1565 drop=0
[QUEUE_STATS] t_ms=24368 q_pkts=3 q_bytes=4512 qdelay_l_ms=1.06668 qdelay_c_ms=1.09023 ecn_mark=1566 drop=0
[QUEUE_STATS] t_ms=24384 q_pkts=2 q_bytes=3008 qdelay_l_ms=1.08841 qdelay_c_ms=0 ecn_mark=1567 drop=0
[QUEUE_STATS] t_ms=24400 q_pkts=4 q_bytes=6016 qdelay_l_ms=0.661543 qdelay_c_ms=0.655822 ecn_mark=1569 drop=0
[QUEUE_STATS] t_ms=24416 q_pkts=6 q_bytes=9024 qdelay_l_ms=1.09732 qdelay_c_ms=1.09053 ecn_mark=1569 drop=0
[QUEUE_STATS] t_ms=24432 q_pkts=3 q_bytes=4512 qdelay_l_ms=1.08447 qdelay_c_ms=1.07831 ecn_mark=1570 drop=0
[QUEUE_STATS] t_ms=24448 q_pkts=2 q_bytes=3008 qdelay_l_ms=1.06682 qdelay_c_ms=0 ecn_mark=1570 drop=0
[QUEUE_STATS] t_ms=24464 q_pkts=3 q_bytes=4512 qdelay_l_ms=0.738729 qdelay_c_ms=0.727908 ecn_mark=1571 drop=0
[QUEUE_STATS] t_ms=24480 q_pkts=3 q_bytes=4512 qdelay_l_ms=1.04266 qdelay_c_ms=1.05543 ecn_mark=1571 drop=0
[QUEUE_STATS] t_ms=24496 q_pkts=3 q_bytes=4512 qdelay_l_ms=1.08357 qdelay_c_ms=2.14135 ecn_mark=1571 drop=0
[QUEUE_STATS] t_ms=24512 q_pkts=3 q_bytes=4512 qdelay_l_ms=0.644011 qdelay_c_ms=0.6546 ecn_mark=1573 drop=0
[QUEUE_STATS] t_ms=24528 q_pkts=3 q_bytes=4512 qdelay_l_ms=0.997776 qdelay_c_ms=0.992175 ecn_mark=1573 drop=0
[QUEUE_STATS] t_ms=24544 q_pkts=4 q_bytes=6016 qdelay_l_ms=1.09575 qdelay_c_ms=1.08858 ecn_mark=1573 drop=0
[QUEUE_STATS] t_ms=24560 q_pkts=4 q_bytes=6016 qdelay_l_ms=0.826464 qdelay_c_ms=0.821104 ecn_mark=1574 drop=0
[QUEUE_STATS] t_ms=24576 q_pkts=6 q_bytes=9024 qdelay_l_ms=1.11192 qdelay_c_ms=1.10217 ecn_mark=1576 drop=0
[QUEUE_STATS] t_ms=24592 q_pkts=4 q_bytes=6016 qdelay_l_ms=0.829499 qdelay_c_ms=0.82471 ecn_mark=1577 drop=0
[QUEUE_STATS] t_ms=24608 q_pkts=1 q_bytes=1504 qdelay_l_ms=1.0634 qdelay_c_ms=0 ecn_mark=1579 drop=0
[QUEUE_STATS] t_ms=24624 q_pkts=2 q_bytes=3008 qdelay_l_ms=1.05945 qdelay_c_ms=0 ecn_mark=1579 drop=0
[QUEUE_STATS] t_ms=24640 q_pkts=4 q_bytes=6016 qdelay_l_ms=1.07069 qdelay_c_ms=1.08873 ecn_mark=1580 drop=0
[QUEUE_STATS] t_ms=24656 q_pkts=1 q_bytes=1504 qdelay_l_ms=1.0625 qdelay_c_ms=0 ecn_mark=1580 drop=0
[QUEUE_STATS] t_ms=24672 q_pkts=4 q_bytes=6016 qdelay_l_ms=1.02255 qdelay_c_ms=2.08478 ecn_mark=1580 drop=0
[QUEUE_STATS] t_ms=24688 q_pkts=4 q_bytes=6016 qdelay_l_ms=1.09312 qdelay_c_ms=1.08556 ecn_mark=1583 drop=0
[QUEUE_STATS] t_ms=24704 q_pkts=3 q_bytes=4512 qdelay_l_ms=0.942261 qdelay_c_ms=0.977728 ecn_mark=1584 drop=0
[QUEUE_STATS] t_ms=24720 q_pkts=6 q_bytes=9024 qdelay_l_ms=1.06583 qdelay_c_ms=3.21825 ecn_mark=1586 drop=0
[QUEUE_STATS] t_ms=24736 q_pkts=4 q_bytes=6016 qdelay_l_ms=1.07167 qdelay_c_ms=1.08463 ecn_mark=1586 drop=0
[QUEUE_STATS] t_ms=24752 q_pkts=4 q_bytes=6016 qdelay_l_ms=0.99473 qdelay_c_ms=1.02408 ecn_mark=1586 drop=0
[QUEUE_STATS] t_ms=24768 q_pkts=2 q_bytes=3008 qdelay_l_ms=1.07978 qdelay_c_ms=0 ecn_mark=1587 drop=0
[QUEUE_STATS] t_ms=24784 q_pkts=2 q_bytes=3008 qdelay_l_ms=1.05836 qdelay_c_ms=0 ecn_mark=1588 drop=0
[QUEUE_STATS] t_ms=24800 q_pkts=3 q_bytes=4512 qdelay_l_ms=1.0655 qdelay_c_ms=1.09291 ecn_mark=1588 drop=0
[QUEUE_STATS] t_ms=24816 q_pkts=3 q_bytes=4512 qdelay_l_ms=1.08327 qdelay_c_ms=2.05468 ecn_mark=1590 drop=0
[QUEUE_STATS] t_ms=24832 q_pkts=4 q_bytes=6016 qdelay_l_ms=0.814171 qdelay_c_ms=0.80851 ecn_mark=1592 drop=0
[QUEUE_STATS] t_ms=24848 q_pkts=5 q_bytes=7520 qdelay_l_ms=1.0228 qdelay_c_ms=1.05048 ecn_mark=1593 drop=0
[QUEUE_STATS] t_ms=24864 q_pkts=3 q_bytes=4512 qdelay_l_ms=1.08837 qdelay_c_ms=1.08183 ecn_mark=1594 drop=0
[QUEUE_STATS] t_ms=24880 q_pkts=3 q_bytes=4512 qdelay_l_ms=1.06177 qdelay_c_ms=1.07433 ecn_mark=1596 drop=0
[QUEUE_STATS] t_ms=24896 q_pkts=5 q_bytes=7520 qdelay_l_ms=0.98437 qdelay_c_ms=1.00497 ecn_mark=1596 drop=0
[QUEUE_STATS] t_ms=24912 q_pkts=4 q_bytes=6016 qdelay_l_ms=1.08698 qdelay_c_ms=1.08178 ecn_mark=1598 drop=0
[QUEUE_STATS] t_ms=24928 q_pkts=2 q_bytes=3008 qdelay_l_ms=1.00151 qdelay_c_ms=0.996413 ecn_mark=1599 drop=0
[QUEUE_STATS] t_ms=24944 q_pkts=1 q_bytes=1504 qdelay_l_ms=0.998727 qdelay_c_ms=0 ecn_mark=1599 drop=0
[QUEUE_STATS] t_ms=24960 q_pkts=2 q_bytes=3008 qdelay_l_ms=1.05933 qdelay_c_ms=1.06911 ecn_mark=1601 drop=0
[QUEUE_STATS] t_ms=24976 q_pkts=3 q_bytes=4512 qdelay_l_ms=1.01456 qdelay_c_ms=1.00926 ecn_mark=1602 drop=0
[QUEUE_STATS] t_ms=24992 q_pkts=2 q_bytes=3008 qdelay_l_ms=1.07718 qdelay_c_ms=0 ecn_mark=1605 drop=0
[QUEUE_STATS] t_ms=25008 q_pkts=2 q_bytes=3008 qdelay_l_ms=1.04395 qdelay_c_ms=1.05125 ecn_mark=1605 drop=0
[QUEUE_STATS] t_ms=25024 q_pkts=3 q_bytes=4512 qdelay_l_ms=1.08559 qdelay_c_ms=2.07318 ecn_mark=1606 drop=0
[QUEUE_STATS] t_ms=25040 q_pkts=6 q_bytes=9024 qdelay_l_ms=0.988438 qdelay_c_ms=0.977577 ecn_mark=1606 drop=0
[QUEUE_STATS] t_ms=25056 q_pkts=4 q_bytes=6016 qdelay_l_ms=0.655632 qdelay_c_ms=0.650242 ecn_mark=1607 drop=0
[QUEUE_STATS] t_ms=25072 q_pkts=4 q_bytes=6016 qdelay_l_ms=1.08261 qdelay_c_ms=1.07703 ecn_mark=1607 drop=0
[QUEUE_STATS] t_ms=25088 q_pkts=5 q_bytes=7520 qdelay_l_ms=1.06591 qdelay_c_ms=1.09904 ecn_mark=1607 drop=0
[QUEUE_STATS] t_ms=25104 q_pkts=4 q_bytes=6016 qdelay_l_ms=0.985522 qdelay_c_ms=0.980342 ecn_mark=1608 drop=0
[QUEUE_STATS] t_ms=25120 q_pkts=2 q_bytes=3008 qdelay_l_ms=1.06666 qdelay_c_ms=0 ecn_mark=1609 drop=0
[QUEUE_STATS] t_ms=25136 q_pkts=3 q_bytes=4512 qdelay_l_ms=1.07825 qdelay_c_ms=1.07231 ecn_mark=1610 drop=0
[QUEUE_STATS] t_ms=25152 q_pkts=4 q_bytes=6016 qdelay_l_ms=1.08648 qdelay_c_ms=1.08015 ecn_mark=1610 drop=0
[QUEUE_STATS] t_ms=25168 q_pkts=5 q_bytes=7520 qdelay_l_ms=1.04221 qdelay_c_ms=1.06563 ecn_mark=1610 drop=0
[QUEUE_STATS] t_ms=25184 q_pkts=2 q_bytes=3008 qdelay_l_ms=1.09562 qdelay_c_ms=1.08451 ecn_mark=1611 drop=0
[QUEUE_STATS] t_ms=25200 q_pkts=4 q_bytes=6016 qdelay_l_ms=0.763796 qdelay_c_ms=0.773995 ecn_mark=1613 drop=0
[QUEUE_STATS] t_ms=25216 q_pkts=4 q_bytes=6016 qdelay_l_ms=0.982837 qdelay_c_ms=2.06568 ecn_mark=1614 drop=0
[QUEUE_STATS] t_ms=25232 q_pkts=6 q_bytes=9024 qdelay_l_ms=1.06647 qdelay_c_ms=1.75253 ecn_mark=1614 drop=0
[QUEUE_STATS] t_ms=25248 q_pkts=4 q_bytes=6016 qdelay_l_ms=0.758306 qdelay_c_ms=0.768525 ecn_mark=1615 drop=0
[QUEUE_STATS] t_ms=25264 q_pkts=4 q_bytes=6016 qdelay_l_ms=0.957821 qdelay_c_ms=0.950677 ecn_mark=1616 drop=0
[QUEUE_STATS] t_ms=25280 q_pkts=2 q_bytes=3008 qdelay_l_ms=1.0746 qdelay_c_ms=0 ecn_mark=1616 drop=0
[QUEUE_STATS] t_ms=25296 q_pkts=4 q_bytes=6016 qdelay_l_ms=0.926952 qdelay_c_ms=0.956167 ecn_mark=1616 drop=0
[QUEUE_STATS] t_ms=25312 q_pkts=4 q_bytes=6016 qdelay_l_ms=0.966506 qdelay_c_ms=0.961707 ecn_mark=1617 drop=0
[QUEUE_STATS] t_ms=25328 q_pkts=2 q_bytes=3008 qdelay_l_ms=1.07617 qdelay_c_ms=0 ecn_mark=1618 drop=0
[QUEUE_STATS] t_ms=25344 q_pkts=4 q_bytes=6016 qdelay_l_ms=1.10611 qdelay_c_ms=1.09882 ecn_mark=1618 drop=0
[QUEUE_STATS] t_ms=25360 q_pkts=4 q_bytes=6016 qdelay_l_ms=1.07033 qdelay_c_ms=1.0945 ecn_mark=1619 drop=0
[QUEUE_STATS] t_ms=25376 q_pkts=3 q_bytes=4512 qdelay_l_ms=1.06675 qdelay_c_ms=2.17957 ecn_mark=1621 drop=0
[QUEUE_STATS] t_ms=25392 q_pkts=3 q_bytes=4512 qdelay_l_ms=1.08302 qdelay_c_ms=1.07715 ecn_mark=1622 drop=0
[QUEUE_STATS] t_ms=25408 q_pkts=4 q_bytes=6016 qdelay_l_ms=0.341972 qdelay_c_ms=0.334829 ecn_mark=1622 drop=0
[QUEUE_STATS] t_ms=25424 q_pkts=7 q_bytes=10528 qdelay_l_ms=0.951228 qdelay_c_ms=0.946159 ecn_mark=1624 drop=0
[QUEUE_STATS] t_ms=25440 q_pkts=3 q_bytes=4512 qdelay_l_ms=1.08993 qdelay_c_ms=1.10012 ecn_mark=1625 drop=0
[QUEUE_STATS] t_ms=25456 q_pkts=1 q_bytes=1504 qdelay_l_ms=1.05627 qdelay_c_ms=0 ecn_mark=1627 drop=0
[QUEUE_STATS] t_ms=25472 q_pkts=5 q_bytes=7520 qdelay_l_ms=0.624885 qdelay_c_ms=0.612952 ecn_mark=1627 drop=0
[QUEUE_STATS] t_ms=25488 q_pkts=4 q_bytes=6016 qdelay_l_ms=0.92608 qdelay_c_ms=2.01094 ecn_mark=1627 drop=0
[QUEUE_STATS] t_ms=25504 q_pkts=4 q_bytes=6016 qdelay_l_ms=0.963671 qdelay_c_ms=0.958832 ecn_mark=1627 drop=0
[QUEUE_STATS] t_ms=25520 q_pkts=4 q_bytes=6016 qdelay_l_ms=0.934336 qdelay_c_ms=0.929126 ecn_mark=1627 drop=0
[QUEUE_STATS] t_ms=25536 q_pkts=1 q_bytes=1504 qdelay_l_ms=1.06846 qdelay_c_ms=0 ecn_mark=1629 drop=0
[QUEUE_STATS] t_ms=25552 q_pkts=3 q_bytes=4512 qdelay_l_ms=1.06246 qdelay_c_ms=1.0727 ecn_mark=1630 drop=0
[QUEUE_STATS] t_ms=25568 q_pkts=4 q_bytes=6016 qdelay_l_ms=1.08897 qdelay_c_ms=1.68804 ecn_mark=1631 drop=0
[QUEUE_STATS] t_ms=25584 q_pkts=4 q_bytes=6016 qdelay_l_ms=0.895503 qdelay_c_ms=0.916102 ecn_mark=1631 drop=0
[QUEUE_STATS] t_ms=25600 q_pkts=4 q_bytes=6016 qdelay_l_ms=1.10115 qdelay_c_ms=1.09073 ecn_mark=1632 drop=0
[QUEUE_STATS] t_ms=25616 q_pkts=3 q_bytes=4512 qdelay_l_ms=1.08455 qdelay_c_ms=1.82683 ecn_mark=1633 drop=0
[QUEUE_STATS] t_ms=25632 q_pkts=4 q_bytes=6016 qdelay_l_ms=1.10325 qdelay_c_ms=1.09236 ecn_mark=1634 drop=0
[QUEUE_STATS] t_ms=25648 q_pkts=3 q_bytes=4512 qdelay_l_ms=1.02668 qdelay_c_ms=1.06147 ecn_mark=1635 drop=0
[QUEUE_STATS] t_ms=25664 q_pkts=2 q_bytes=3008 qdelay_l_ms=0.639131 qdelay_c_ms=0 ecn_mark=1636 drop=0
[QUEUE_STATS] t_ms=25680 q_pkts=6 q_bytes=9024 qdelay_l_ms=1.09578 qdelay_c_ms=1.08953 ecn_mark=1636 drop=0
[QUEUE_STATS] t_ms=25696 q_pkts=3 q_bytes=4512 qdelay_l_ms=0.744229 qdelay_c_ms=0.753987 ecn_mark=1637 drop=0
[QUEUE_STATS] t_ms=25712 q_pkts=3 q_bytes=4512 qdelay_l_ms=1.06016 qdelay_c_ms=1.06993 ecn_mark=1637 drop=0
[QUEUE_STATS] t_ms=25728 q_pkts=3 q_bytes=4512 qdelay_l_ms=1.10088 qdelay_c_ms=1.08926 ecn_mark=1639 drop=0
[QUEUE_STATS] t_ms=25744 q_pkts=5 q_bytes=7520 qdelay_l_ms=1.07865 qdelay_c_ms=1.10275 ecn_mark=1639 drop=0
[QUEUE_STATS] t_ms=25760 q_pkts=5 q_bytes=7520 qdelay_l_ms=0.938604 qdelay_c_ms=0.949555 ecn_mark=1639 drop=0
[QUEUE_STATS] t_ms=25776 q_pkts=4 q_bytes=6016 qdelay_l_ms=1.06471 qdelay_c_ms=1.05887 ecn_mark=1641 drop=0
[QUEUE_STATS] t_ms=25792 q_pkts=2 q_bytes=3008 qdelay_l_ms=1.0741 qdelay_c_ms=0 ecn_mark=1641 drop=0
[QUEUE_STATS] t_ms=25808 q_pkts=6 q_bytes=9024 qdelay_l_ms=1.10719 qdelay_c_ms=1.098 ecn_mark=1641 drop=0
[QUEUE_STATS] t_ms=25824 q_pkts=4 q_bytes=6016 qdelay_l_ms=0.716256 qdelay_c_ms=0.727046 ecn_mark=1641 drop=0
[QUEUE_STATS] t_ms=25840 q_pkts=4 q_bytes=6016 qdelay_l_ms=0.934035 qdelay_c_ms=0.928505 ecn_mark=1641 drop=0
[QUEUE_STATS] t_ms=25856 q_pkts=6 q_bytes=9024 qdelay_l_ms=0.623242 qdelay_c_ms=0.617771 ecn_mark=1642 drop=0
[QUEUE_STATS] t_ms=25872 q_pkts=4 q_bytes=6016 qdelay_l_ms=1.0932 qdelay_c_ms=1.08611 ecn_mark=1643 drop=0
[QUEUE_STATS] t_ms=25888 q_pkts=4 q_bytes=6016 qdelay_l_ms=0.90446 qdelay_c_ms=2.06528 ecn_mark=1644 drop=0
[QUEUE_STATS] t_ms=25904 q_pkts=5 q_bytes=7520 qdelay_l_ms=1.08731 qdelay_c_ms=1.94484 ecn_mark=1645 drop=0
[QUEUE_STATS] t_ms=25920 q_pkts=3 q_bytes=4512 qdelay_l_ms=0.981044 qdelay_c_ms=0.975193 ecn_mark=1646 drop=0
[QUEUE_STATS] t_ms=25936 q_pkts=4 q_bytes=6016 qdelay_l_ms=0.732326 qdelay_c_ms=0.727668 ecn_mark=1648 drop=0
[QUEUE_STATS] t_ms=25952 q_pkts=6 q_bytes=9024 qdelay_l_ms=1.09765 qdelay_c_ms=2.14268 ecn_mark=1648 drop=0
[QUEUE_STATS] t_ms=25968 q_pkts=5 q_bytes=7520 qdelay_l_ms=0.839908 qdelay_c_ms=1.90684 ecn_mark=1649 drop=0
[QUEUE_STATS] t_ms=25984 q_pkts=4 q_bytes=6016 qdelay_l_ms=1.04818 qdelay_c_ms=1.06823 ecn_mark=1650 drop=0
[QUEUE_STATS] t_ms=26000 q_pkts=1 q_bytes=1504 qdelay_l_ms=0.96318 qdelay_c_ms=0 ecn_mark=1652 drop=0
[QUEUE_STATS] t_ms=26016 q_pkts=4 q_bytes=6016 qdelay_l_ms=0.853263 qdelay_c_ms=1.91774 ecn_mark=1653 drop=0
[QUEUE_STATS] t_ms=26032 q_pkts=4 q_bytes=6016 qdelay_l_ms=1.06253 qdelay_c_ms=1.05757 ecn_mark=1655 drop=0
[QUEUE_STATS] t_ms=26048 q_pkts=4 q_bytes=6016 qdelay_l_ms=0.327596 qdelay_c_ms=0.322155 ecn_mark=1656 drop=0
[QUEUE_STATS] t_ms=26064 q_pkts=4 q_bytes=6016 qdelay_l_ms=1.08086 qdelay_c_ms=1.07557 ecn_mark=1657 drop=0
[QUEUE_STATS] t_ms=26080 q_pkts=5 q_bytes=7520 qdelay_l_ms=0.922323 qdelay_c_ms=1.98859 ecn_mark=1660 drop=0
[QUEUE_STATS] t_ms=26096 q_pkts=3 q_bytes=4512 qdelay_l_ms=1.06845 qdelay_c_ms=1.09159 ecn_mark=1660 drop=0
[QUEUE_STATS] t_ms=26112 q_pkts=3 q_bytes=4512 qdelay_l_ms=1.0935 qdelay_c_ms=1.08711 ecn_mark=1661 drop=0
[QUEUE_STATS] t_ms=26128 q_pkts=1 q_bytes=1504 qdelay_l_ms=1.06944 qdelay_c_ms=0 ecn_mark=1662 drop=0
[QUEUE_STATS] t_ms=26144 q_pkts=3 q_bytes=4512 qdelay_l_ms=1.09258 qdelay_c_ms=1.82371 ecn_mark=1663 drop=0
[QUEUE_STATS] t_ms=26160 q_pkts=4 q_bytes=6016 qdelay_l_ms=1.07171 qdelay_c_ms=1.105 ecn_mark=1663 drop=0
[QUEUE_STATS] t_ms=26176 q_pkts=4 q_bytes=6016 qdelay_l_ms=0.923005 qdelay_c_ms=0.9577 ecn_mark=1664 drop=0
[QUEUE_STATS] t_ms=26192 q_pkts=5 q_bytes=7520 qdelay_l_ms=0.614084 qdelay_c_ms=1.83285 ecn_mark=1668 drop=0
[QUEUE_STATS] t_ms=26208 q_pkts=6 q_bytes=9024 qdelay_l_ms=0.619365 qdelay_c_ms=0.614475 ecn_mark=1669 drop=0
[QUEUE_STATS] t_ms=26224 q_pkts=6 q_bytes=9024 qdelay_l_ms=1.0967 qdelay_c_ms=1.08992 ecn_mark=1669 drop=0
[QUEUE_STATS] t_ms=26240 q_pkts=4 q_bytes=6016 qdelay_l_ms=0.710676 qdelay_c_ms=0.704665 ecn_mark=1671 drop=0
[QUEUE_STATS] t_ms=26256 q_pkts=2 q_bytes=3008 qdelay_l_ms=1.08251 qdelay_c_ms=0 ecn_mark=1672 drop=0
[QUEUE_STATS] t_ms=26272 q_pkts=4 q_bytes=6016 qdelay_l_ms=1.06459 qdelay_c_ms=1.05864 ecn_mark=1673 drop=0
[QUEUE_STATS] t_ms=26288 q_pkts=4 q_bytes=6016 qdelay_l_ms=1.06719 qdelay_c_ms=2.17828 ecn_mark=1674 drop=0
[QUEUE_STATS] t_ms=26304 q_pkts=4 q_bytes=6016 qdelay_l_ms=0.604526 qdelay_c_ms=0.594447 ecn_mark=1674 drop=0
[QUEUE_STATS] t_ms=26320 q_pkts=4 q_bytes=6016 qdelay_l_ms=1.09553 qdelay_c_ms=1.08868 ecn_mark=1676 drop=0
[QUEUE_STATS] t_ms=26336 q_pkts=2 q_bytes=3008 qdelay_l_ms=0 qdelay_c_ms=1.09075 ecn_mark=1677 drop=0
[QUEUE_STATS] t_ms=26352 q_pkts=3 q_bytes=4512 qdelay_l_ms=1.04857 qdelay_c_ms=1.07268 ecn_mark=1678 drop=0
[QUEUE_STATS] t_ms=26368 q_pkts=4 q_bytes=6016 qdelay_l_ms=0.586202 qdelay_c_ms=0.618563 ecn_mark=1678 drop=0
[QUEUE_STATS] t_ms=26384 q_pkts=3 q_bytes=4512 qdelay_l_ms=1.08988 qdelay_c_ms=1.08291 ecn_mark=1679 drop=0
[QUEUE_STATS] t_ms=26400 q_pkts=4 q_bytes=6016 qdelay_l_ms=0.903158 qdelay_c_ms=0.914509 ecn_mark=1679 drop=0
[QUEUE_STATS] t_ms=26416 q_pkts=4 q_bytes=6016 qdelay_l_ms=0.700196 qdelay_c_ms=0.711708 ecn_mark=1679 drop=0
[QUEUE_STATS] t_ms=26432 q_pkts=2 q_bytes=3008 qdelay_l_ms=0.622019 qdelay_c_ms=0.614985 ecn_mark=1681 drop=0
[QUEUE_STATS] t_ms=26448 q_pkts=6 q_bytes=9024 qdelay_l_ms=1.10865 qdelay_c_ms=1.09915 ecn_mark=1683 drop=0
[QUEUE_STATS] t_ms=26464 q_pkts=0 q_bytes=0 qdelay_l_ms=0 qdelay_c_ms=0 ecn_mark=1683 drop=0
[QUEUE_STATS] t_ms=26480 q_pkts=3 q_bytes=4512 qdelay_l_ms=0.71834 qdelay_c_ms=0.72919 ecn_mark=1683 drop=0
[QUEUE_STATS] t_ms=26496 q_pkts=4 q_bytes=6016 qdelay_l_ms=1.08863 qdelay_c_ms=1.08282 ecn_mark=1685 drop=0
[QUEUE_STATS] t_ms=26512 q_pkts=2 q_bytes=3008 qdelay_l_ms=1.06548 qdelay_c_ms=1.05919 ecn_mark=1688 drop=0
[QUEUE_STATS] t_ms=26528 q_pkts=5 q_bytes=7520 qdelay_l_ms=1.10112 qdelay_c_ms=1.71277 ecn_mark=1690 drop=0
[QUEUE_STATS] t_ms=26544 q_pkts=3 q_bytes=4512 qdelay_l_ms=0.311736 qdelay_c_ms=0.343366 ecn_mark=1690 drop=0
[QUEUE_STATS] t_ms=26560 q_pkts=4 q_bytes=6016 qdelay_l_ms=0.948813 qdelay_c_ms=0.94222 ecn_mark=1690 drop=0
[QUEUE_STATS] t_ms=26576 q_pkts=4 q_bytes=6016 qdelay_l_ms=0 qdelay_c_ms=1.09339 ecn_mark=1691 drop=0
[QUEUE_STATS] t_ms=26592 q_pkts=5 q_bytes=7520 qdelay_l_ms=1.03706 qdelay_c_ms=1.06014 ecn_mark=1691 drop=0
[QUEUE_STATS] t_ms=26608 q_pkts=4 q_bytes=6016 qdelay_l_ms=0.634794 qdelay_c_ms=0.629233 ecn_mark=1693 drop=0
[QUEUE_STATS] t_ms=26624 q_pkts=5 q_bytes=7520 qdelay_l_ms=1.09963 qdelay_c_ms=1.09268 ecn_mark=1693 drop=0
[QUEUE_STATS] t_ms=26640 q_pkts=4 q_bytes=6016 qdelay_l_ms=1.05209 qdelay_c_ms=2.14997 ecn_mark=1693 drop=0
[QUEUE_STATS] t_ms=26656 q_pkts=4 q_bytes=6016 qdelay_l_ms=0.722518 qdelay_c_ms=0.717008 ecn_mark=1694 drop=0
[QUEUE_STATS] t_ms=26672 q_pkts=5 q_bytes=7520 qdelay_l_ms=0.629333 qdelay_c_ms=0.624724 ecn_mark=1697 drop=0
[QUEUE_STATS] t_ms=26688 q_pkts=3 q_bytes=4512 qdelay_l_ms=1.06754 qdelay_c_ms=2.0979 ecn_mark=1697 drop=0
[QUEUE_STATS] t_ms=26704 q_pkts=5 q_bytes=7520 qdelay_l_ms=1.06536 qdelay_c_ms=1.09816 ecn_mark=1697 drop=0
[QUEUE_STATS] t_ms=26720 q_pkts=6 q_bytes=9024 qdelay_l_ms=1.06093 qdelay_c_ms=1.05303 ecn_mark=1698 drop=0
[QUEUE_STATS] t_ms=26736 q_pkts=3 q_bytes=4512 qdelay_l_ms=1.04887 qdelay_c_ms=1.07201 ecn_mark=1698 drop=0
[QUEUE_STATS] t_ms=26752 q_pkts=3 q_bytes=4512 qdelay_l_ms=1.09573 qdelay_c_ms=1.08866 ecn_mark=1699 drop=0
[QUEUE_STATS] t_ms=26768 q_pkts=7 q_bytes=10528 qdelay_l_ms=1.04394 qdelay_c_ms=1.07001 ecn_mark=1700 drop=0
[QUEUE_STATS] t_ms=26784 q_pkts=4 q_bytes=6016 qdelay_l_ms=0.96279 qdelay_c_ms=2.04413 ecn_mark=1701 drop=0
[QUEUE_STATS] t_ms=26800 q_pkts=1 q_bytes=1504 qdelay_l_ms=1.08138 qdelay_c_ms=0 ecn_mark=1701 drop=0
[QUEUE_STATS] t_ms=26816 q_pkts=5 q_bytes=7520 qdelay_l_ms=0.931621 qdelay_c_ms=0.951699 ecn_mark=1701 drop=0
[QUEUE_STATS] t_ms=26832 q_pkts=5 q_bytes=7520 qdelay_l_ms=1.09312 qdelay_c_ms=1.81334 ecn_mark=1701 drop=0
[QUEUE_STATS] t_ms=26848 q_pkts=3 q_bytes=4512 qdelay_l_ms=0.854957 qdelay_c_ms=0.847643 ecn_mark=1701 drop=0
[QUEUE_STATS] t_ms=26864 q_pkts=4 q_bytes=6016 qdelay_l_ms=0.602893 qdelay_c_ms=0.613203 ecn_mark=1701 drop=0
[QUEUE_STATS] t_ms=26880 q_pkts=6 q_bytes=9024 qdelay_l_ms=0.619484 qdelay_c_ms=1.55901 ecn_mark=1702 drop=0
[QUEUE_STATS] t_ms=26896 q_pkts=6 q_bytes=9024 qdelay_l_ms=1.0935 qdelay_c_ms=1.87383 ecn_mark=1703 drop=0
[QUEUE_STATS] t_ms=26912 q_pkts=3 q_bytes=4512 qdelay_l_ms=0.924818 qdelay_c_ms=0.935227 ecn_mark=1703 drop=0
[QUEUE_STATS] t_ms=26928 q_pkts=3 q_bytes=4512 qdelay_l_ms=0.836502 qdelay_c_ms=0.860317 ecn_mark=1705 drop=0
[QUEUE_STATS] t_ms=26944 q_pkts=4 q_bytes=6016 qdelay_l_ms=0.897957 qdelay_c_ms=0.891265 ecn_mark=1705 drop=0
[QUEUE_STATS] t_ms=26960 q_pkts=5 q_bytes=7520 qdelay_l_ms=1.04995 qdelay_c_ms=1.07101 ecn_mark=1705 drop=0
[QUEUE_STATS] t_ms=26976 q_pkts=4 q_bytes=6016 qdelay_l_ms=1.08492 qdelay_c_ms=1.07856 ecn_mark=1706 drop=0
[QUEUE_STATS] t_ms=26992 q_pkts=3 q_bytes=4512 qdelay_l_ms=1.06133 qdelay_c_ms=1.07162 ecn_mark=1706 drop=0
[QUEUE_STATS] t_ms=27008 q_pkts=6 q_bytes=9024 qdelay_l_ms=1.095 qdelay_c_ms=1.0887 ecn_mark=1706 drop=0
[QUEUE_STATS] t_ms=27024 q_pkts=3 q_bytes=4512 qdelay_l_ms=1.07627 qdelay_c_ms=1.07133 ecn_mark=1707 drop=0
[QUEUE_STATS] t_ms=27040 q_pkts=6 q_bytes=9024 qdelay_l_ms=0.918536 qdelay_c_ms=0.908267 ecn_mark=1708 drop=0
[QUEUE_STATS] t_ms=27056 q_pkts=4 q_bytes=6016 qdelay_l_ms=1.06513 qdelay_c_ms=1.67164 ecn_mark=1709 drop=0
[QUEUE_STATS] t_ms=27072 q_pkts=4 q_bytes=6016 qdelay_l_ms=0.768434 qdelay_c_ms=1.81198 ecn_mark=1709 drop=0
[QUEUE_STATS] t_ms=27088 q_pkts=6 q_bytes=9024 qdelay_l_ms=1.05805 qdelay_c_ms=1.07828 ecn_mark=1711 drop=0
[QUEUE_STATS] t_ms=27104 q_pkts=6 q_bytes=9024 qdelay_l_ms=0.779405 qdelay_c_ms=0.774195 ecn_mark=1712 drop=0
[QUEUE_STATS] t_ms=27120 q_pkts=3 q_bytes=4512 qdelay_l_ms=1.06054 qdelay_c_ms=1.05255 ecn_mark=1712 drop=0
[QUEUE_STATS] t_ms=27136 q_pkts=4 q_bytes=6016 qdelay_l_ms=1.07572 qdelay_c_ms=1.07087 ecn_mark=1712 drop=0
[QUEUE_STATS] t_ms=27152 q_pkts=7 q_bytes=10528 qdelay_l_ms=1.06874 qdelay_c_ms=2.19602 ecn_mark=1716 drop=0
[QUEUE_STATS] t_ms=27168 q_pkts=3 q_bytes=4512 qdelay_l_ms=0.722448 qdelay_c_ms=0.747355 ecn_mark=1717 drop=0
[QUEUE_STATS] t_ms=27184 q_pkts=7 q_bytes=10528 qdelay_l_ms=1.0706 qdelay_c_ms=2.0027 ecn_mark=1717 drop=0
[QUEUE_STATS] t_ms=27200 q_pkts=6 q_bytes=9024 qdelay_l_ms=1.07196 qdelay_c_ms=1.11987 ecn_mark=1718 drop=0
[QUEUE_STATS] t_ms=27216 q_pkts=3 q_bytes=4512 qdelay_l_ms=1.05887 qdelay_c_ms=2.17492 ecn_mark=1718 drop=0
[QUEUE_STATS] t_ms=27232 q_pkts=5 q_bytes=7520 qdelay_l_ms=0.27114 qdelay_c_ms=1.37331 ecn_mark=1719 drop=0
[QUEUE_STATS] t_ms=27248 q_pkts=4 q_bytes=6016 qdelay_l_ms=1.06929 qdelay_c_ms=1.06435 ecn_mark=1719 drop=0
[QUEUE_STATS] t_ms=27264 q_pkts=1 q_bytes=1504 qdelay_l_ms=1.06086 qdelay_c_ms=0 ecn_mark=1721 drop=0
[QUEUE_STATS] t_ms=27280 q_pkts=5 q_bytes=7520 qdelay_l_ms=1.09663 qdelay_c_ms=1.68199 ecn_mark=1721 drop=0
[QUEUE_STATS] t_ms=27296 q_pkts=6 q_bytes=9024 qdelay_l_ms=1.0663 qdelay_c_ms=1.09072 ecn_mark=1723 drop=0
[QUEUE_STATS] t_ms=27312 q_pkts=4 q_bytes=6016 qdelay_l_ms=1.08219 qdelay_c_ms=1.07636 ecn_mark=1723 drop=0
[QUEUE_STATS] t_ms=27328 q_pkts=5 q_bytes=7520 qdelay_l_ms=0.89903 qdelay_c_ms=2.16528 ecn_mark=1723 drop=0
[QUEUE_STATS] t_ms=27344 q_pkts=8 q_bytes=12032 qdelay_l_ms=1.05048 qdelay_c_ms=2.18625 ecn_mark=1723 drop=0
[QUEUE_STATS] t_ms=27360 q_pkts=5 q_bytes=7520 qdelay_l_ms=1.05079 qdelay_c_ms=2.13208 ecn_mark=1723 drop=0
[QUEUE_STATS] t_ms=27376 q_pkts=7 q_bytes=10528 qdelay_l_ms=1.06716 qdelay_c_ms=2.01241 ecn_mark=1724 drop=0
[QUEUE_STATS] t_ms=27392 q_pkts=4 q_bytes=6016 qdelay_l_ms=1.07005 qdelay_c_ms=2.14621 ecn_mark=1724 drop=0
[QUEUE_STATS] t_ms=27408 q_pkts=4 q_bytes=6016 qdelay_l_ms=1.07381 qdelay_c_ms=1.06834 ecn_mark=1724 drop=0
[QUEUE_STATS] t_ms=27424 q_pkts=6 q_bytes=9024 qdelay_l_ms=1.07058 qdelay_c_ms=2.17678 ecn_mark=1725 drop=0
[QUEUE_STATS] t_ms=27440 q_pkts=4 q_bytes=6016 qdelay_l_ms=1.082 qdelay_c_ms=1.07538 ecn_mark=1727 drop=0
[QUEUE_STATS] t_ms=27456 q_pkts=5 q_bytes=7520 qdelay_l_ms=1.06586 qdelay_c_ms=1.74852 ecn_mark=1728 drop=0
[QUEUE_STATS] t_ms=27472 q_pkts=6 q_bytes=9024 qdelay_l_ms=1.07981 qdelay_c_ms=1.07422 ecn_mark=1728 drop=0
[QUEUE_STATS] t_ms=27488 q_pkts=6 q_bytes=9024 qdelay_l_ms=1.04272 qdelay_c_ms=1.07533 ecn_mark=1728 drop=0
[QUEUE_STATS] t_ms=27504 q_pkts=5 q_bytes=7520 qdelay_l_ms=1.0688 qdelay_c_ms=2.17927 ecn_mark=1728 drop=0
[QUEUE_STATS] t_ms=27520 q_pkts=6 q_bytes=9024 qdelay_l_ms=0.668547 qdelay_c_ms=2.79815 ecn_mark=1728 drop=0
[QUEUE_STATS] t_ms=27536 q_pkts=5 q_bytes=7520 qdelay_l_ms=1.05004 qdelay_c_ms=1.07204 ecn_mark=1729 drop=0
[QUEUE_STATS] t_ms=27552 q_pkts=6 q_bytes=9024 qdelay_l_ms=1.06685 qdelay_c_ms=1.11132 ecn_mark=1730 drop=0
[QUEUE_STATS] t_ms=27568 q_pkts=6 q_bytes=9024 qdelay_l_ms=1.09254 qdelay_c_ms=1.96755 ecn_mark=1731 drop=0
[QUEUE_STATS] t_ms=27584 q_pkts=6 q_bytes=9024 qdelay_l_ms=1.12051 qdelay_c_ms=1.76582 ecn_mark=1733 drop=0
[QUEUE_STATS] t_ms=27600 q_pkts=4 q_bytes=6016 qdelay_l_ms=1.07029 qdelay_c_ms=1.06492 ecn_mark=1734 drop=0
[QUEUE_STATS] t_ms=27616 q_pkts=8 q_bytes=12032 qdelay_l_ms=1.07553 qdelay_c_ms=2.16265 ecn_mark=1735 drop=0
[QUEUE_STATS] t_ms=27632 q_pkts=5 q_bytes=7520 qdelay_l_ms=0.6224 qdelay_c_ms=0.6118 ecn_mark=1735 drop=0
[QUEUE_STATS] t_ms=27648 q_pkts=4 q_bytes=6016 qdelay_l_ms=1.07685 qdelay_c_ms=1.0719 ecn_mark=1735 drop=0
[QUEUE_STATS] t_ms=27664 q_pkts=6 q_bytes=9024 qdelay_l_ms=1.08233 qdelay_c_ms=3.23425 ecn_mark=1735 drop=0
[QUEUE_STATS] t_ms=27680 q_pkts=9 q_bytes=13536 qdelay_l_ms=1.06668 qdelay_c_ms=2.19223 ecn_mark=1739 drop=0
[QUEUE_STATS] t_ms=27696 q_pkts=4 q_bytes=6016 qdelay_l_ms=1.06159 qdelay_c_ms=1.07464 ecn_mark=1739 drop=0
[QUEUE_STATS] t_ms=27712 q_pkts=7 q_bytes=10528 qdelay_l_ms=0.533393 qdelay_c_ms=1.65837 ecn_mark=1740 drop=0
[QUEUE_STATS] t_ms=27728 q_pkts=4 q_bytes=6016 qdelay_l_ms=1.08048 qdelay_c_ms=1.07395 ecn_mark=1742 drop=0
[QUEUE_STATS] t_ms=27744 q_pkts=4 q_bytes=6016 qdelay_l_ms=1.08225 qdelay_c_ms=1.07205 ecn_mark=1742 drop=0
[QUEUE_STATS] t_ms=27760 q_pkts=7 q_bytes=10528 qdelay_l_ms=1.06684 qdelay_c_ms=2.17255 ecn_mark=1744 drop=0
[QUEUE_STATS] t_ms=27776 q_pkts=4 q_bytes=6016 qdelay_l_ms=0.290386 qdelay_c_ms=1.37156 ecn_mark=1745 drop=0
[QUEUE_STATS] t_ms=27792 q_pkts=8 q_bytes=12032 qdelay_l_ms=1.05917 qdelay_c_ms=2.17541 ecn_mark=1745 drop=0
[QUEUE_STATS] t_ms=27808 q_pkts=5 q_bytes=7520 qdelay_l_ms=1.0762 qdelay_c_ms=3.22586 ecn_mark=1746 drop=0
[QUEUE_STATS] t_ms=27824 q_pkts=6 q_bytes=9024 qdelay_l_ms=0.837223 qdelay_c_ms=0.873141 ecn_mark=1747 drop=0
[QUEUE_STATS] t_ms=27840 q_pkts=7 q_bytes=10528 qdelay_l_ms=1.07145 qdelay_c_ms=2.9822 ecn_mark=1749 drop=0
[QUEUE_STATS] t_ms=27856 q_pkts=8 q_bytes=12032 qdelay_l_ms=1.08807 qdelay_c_ms=2.18011 ecn_mark=1749 drop=0
[QUEUE_STATS] t_ms=27872 q_pkts=6 q_bytes=9024 qdelay_l_ms=1.08427 qdelay_c_ms=1.11973 ecn_mark=1749 drop=0
[QUEUE_STATS] t_ms=27888 q_pkts=5 q_bytes=7520 qdelay_l_ms=0.543461 qdelay_c_ms=1.40506 ecn_mark=1749 drop=0
[QUEUE_STATS] t_ms=27904 q_pkts=8 q_bytes=12032 qdelay_l_ms=1.08936 qdelay_c_ms=2.13044 ecn_mark=1749 drop=0
[QUEUE_STATS] t_ms=27920 q_pkts=6 q_bytes=9024 qdelay_l_ms=1.10129 qdelay_c_ms=2.17009 ecn_mark=1749 drop=0
[QUEUE_STATS] t_ms=27936 q_pkts=9 q_bytes=13536 qdelay_l_ms=0.826593 qdelay_c_ms=2.97437 ecn_mark=1752 drop=0
[QUEUE_STATS] t_ms=27952 q_pkts=8 q_bytes=12032 qdelay_l_ms=1.07864 qdelay_c_ms=3.2307 ecn_mark=1752 drop=0
[QUEUE_STATS] t_ms=27968 q_pkts=9 q_bytes=13536 qdelay_l_ms=1.11683 qdelay_c_ms=3.26504 ecn_mark=1753 drop=0
[QUEUE_STATS] t_ms=27984 q_pkts=8 q_bytes=12032 qdelay_l_ms=1.08653 qdelay_c_ms=2.99061 ecn_mark=1753 drop=0
[QUEUE_STATS] t_ms=28000 q_pkts=8 q_bytes=12032 qdelay_l_ms=1.07425 qdelay_c_ms=3.20466 ecn_mark=1753 drop=0
[QUEUE_STATS] t_ms=28016 q_pkts=11 q_bytes=16544 qdelay_l_ms=1.07253 qdelay_c_ms=2.45524 ecn_mark=1753 drop=0
[QUEUE_STATS] t_ms=28032 q_pkts=10 q_bytes=15040 qdelay_l_ms=1.06963 qdelay_c_ms=3.70887 ecn_mark=1754 drop=0
[QUEUE_STATS] t_ms=28048 q_pkts=11 q_bytes=16544 qdelay_l_ms=1.10346 qdelay_c_ms=4.14103 ecn_mark=1754 drop=0
[QUEUE_STATS] t_ms=28064 q_pkts=12 q_bytes=18048 qdelay_l_ms=1.07767 qdelay_c_ms=4.27977 ecn_mark=1756 drop=0
[QUEUE_STATS] t_ms=28080 q_pkts=10 q_bytes=15040 qdelay_l_ms=0.481144 qdelay_c_ms=3.70252 ecn_mark=1757 drop=0
[QUEUE_STATS] t_ms=28096 q_pkts=11 q_bytes=16544 qdelay_l_ms=1.07956 qdelay_c_ms=4.30837 ecn_mark=1757 drop=0
[QUEUE_STATS] t_ms=28112 q_pkts=12 q_bytes=18048 qdelay_l_ms=1.07471 qdelay_c_ms=5.39972 ecn_mark=1758 drop=0
[QUEUE_STATS] t_ms=28128 q_pkts=12 q_bytes=18048 qdelay_l_ms=1.0625 qdelay_c_ms=4.71377 ecn_mark=1759 drop=0
[QUEUE_STATS] t_ms=28144 q_pkts=11 q_bytes=16544 qdelay_l_ms=1.08481 qdelay_c_ms=4.32357 ecn_mark=1760 drop=0
[QUEUE_STATS] t_ms=28160 q_pkts=14 q_bytes=21056 qdelay_l_ms=0.826033 qdelay_c_ms=4.08521 ecn_mark=1762 drop=0
[QUEUE_STATS] t_ms=28176 q_pkts=10 q_bytes=15040 qdelay_l_ms=1.05933 qdelay_c_ms=5.24878 ecn_mark=1765 drop=0
[QUEUE_STATS] t_ms=28192 q_pkts=12 q_bytes=18048 qdelay_l_ms=1.09299 qdelay_c_ms=3.53094 ecn_mark=1766 drop=0
[QUEUE_STATS] t_ms=28208 q_pkts=13 q_bytes=19552 qdelay_l_ms=0.523053 qdelay_c_ms=4.59857 ecn_mark=1766 drop=0
[QUEUE_STATS] t_ms=28224 q_pkts=13 q_bytes=19552 qdelay_l_ms=0.522441 qdelay_c_ms=4.7259 ecn_mark=1766 drop=0
[QUEUE_STATS] t_ms=28240 q_pkts=11 q_bytes=16544 qdelay_l_ms=1.0929 qdelay_c_ms=4.26352 ecn_mark=1766 drop=0
[QUEUE_STATS] t_ms=28256 q_pkts=15 q_bytes=22560 qdelay_l_ms=1.0742 qdelay_c_ms=4.50058 ecn_mark=1766 drop=0
[QUEUE_STATS] t_ms=28272 q_pkts=15 q_bytes=22560 qdelay_l_ms=0.911283 qdelay_c_ms=5.22268 ecn_mark=1768 drop=0
[QUEUE_STATS] t_ms=28288 q_pkts=14 q_bytes=21056 qdelay_l_ms=1.01776 qdelay_c_ms=4.70582 ecn_mark=1770 drop=0
[QUEUE_STATS] t_ms=28304 q_pkts=14 q_bytes=21056 qdelay_l_ms=1.05218 qdelay_c_ms=6.35353 ecn_mark=1772 drop=0
[QUEUE_STATS] t_ms=28320 q_pkts=13 q_bytes=19552 qdelay_l_ms=1.04753 qdelay_c_ms=4.65347 ecn_mark=1774 drop=0
[QUEUE_STATS] t_ms=28336 q_pkts=13 q_bytes=19552 qdelay_l_ms=1.08593 qdelay_c_ms=5.39889 ecn_mark=1774 drop=0
[QUEUE_STATS] t_ms=28352 q_pkts=17 q_bytes=25568 qdelay_l_ms=1.05176 qdelay_c_ms=5.64554 ecn_mark=1774 drop=0
[QUEUE_STATS] t_ms=28368 q_pkts=17 q_bytes=25568 qdelay_l_ms=1.04757 qdelay_c_ms=6.24612 ecn_mark=1774 drop=0
[QUEUE_STATS] t_ms=28384 q_pkts=14 q_bytes=21056 qdelay_l_ms=0.350359 qdelay_c_ms=5.72037 ecn_mark=1774 drop=0
[QUEUE_STATS] t_ms=28400 q_pkts=19 q_bytes=28576 qdelay_l_ms=1.03976 qdelay_c_ms=6.60586 ecn_mark=1774 drop=0
[QUEUE_STATS] t_ms=28416 q_pkts=16 q_bytes=24064 qdelay_l_ms=1.03271 qdelay_c_ms=6.14792 ecn_mark=1774 drop=0
[QUEUE_STATS] t_ms=28432 q_pkts=16 q_bytes=24064 qdelay_l_ms=1.03955 qdelay_c_ms=6.54901 ecn_mark=1775 drop=0
[QUEUE_STATS] t_ms=28448 q_pkts=19 q_bytes=28576 qdelay_l_ms=1.02991 qdelay_c_ms=7.19621 ecn_mark=1776 drop=0
[QUEUE_STATS] t_ms=28464 q_pkts=19 q_bytes=28576 qdelay_l_ms=1.03726 qdelay_c_ms=8.24002 ecn_mark=1777 drop=0
[QUEUE_STATS] t_ms=28480 q_pkts=17 q_bytes=25568 qdelay_l_ms=1.02903 qdelay_c_ms=8.06219 ecn_mark=1777 drop=0
[QUEUE_STATS] t_ms=28496 q_pkts=19 q_bytes=28576 qdelay_l_ms=1.10046 qdelay_c_ms=7.26198 ecn_mark=1777 drop=0
[QUEUE_STATS] t_ms=28512 q_pkts=18 q_bytes=27072 qdelay_l_ms=0.860658 qdelay_c_ms=7.59915 ecn_mark=1777 drop=0
[QUEUE_STATS] t_ms=28528 q_pkts=19 q_bytes=28576 qdelay_l_ms=1.09456 qdelay_c_ms=8.52828 ecn_mark=1777 drop=0
[QUEUE_STATS] t_ms=28544 q_pkts=21 q_bytes=31584 qdelay_l_ms=1.0017 qdelay_c_ms=8.08715 ecn_mark=1778 drop=0
[QUEUE_STATS] t_ms=28560 q_pkts=20 q_bytes=30080 qdelay_l_ms=1.02583 qdelay_c_ms=8.4696 ecn_mark=1780 drop=0
[QUEUE_STATS] t_ms=28576 q_pkts=22 q_bytes=33088 qdelay_l_ms=1.10518 qdelay_c_ms=8.89737 ecn_mark=1781 drop=0
[QUEUE_STATS] t_ms=28592 q_pkts=10 q_bytes=15040 qdelay_l_ms=1.014 qdelay_c_ms=5.96929 ecn_mark=1781 drop=0
[QUEUE_STATS] t_ms=28608 q_pkts=4 q_bytes=6016 qdelay_l_ms=1.01495 qdelay_c_ms=1.00806 ecn_mark=1784 drop=0
[QUEUE_STATS] t_ms=28624 q_pkts=2 q_bytes=3008 qdelay_l_ms=1.08115 qdelay_c_ms=0 ecn_mark=1785 drop=0
[QUEUE_STATS] t_ms=28640 q_pkts=6 q_bytes=9024 qdelay_l_ms=1.08181 qdelay_c_ms=1.11648 ecn_mark=1787 drop=0
[QUEUE_STATS] t_ms=28656 q_pkts=3 q_bytes=4512 qdelay_l_ms=1.0067 qdelay_c_ms=0.999709 ecn_mark=1789 drop=0
[QUEUE_STATS] t_ms=28672 q_pkts=3 q_bytes=4512 qdelay_l_ms=1.01301 qdelay_c_ms=2.02241 ecn_mark=1789 drop=0
[QUEUE_STATS] t_ms=28688 q_pkts=4 q_bytes=6016 qdelay_l_ms=0.980392 qdelay_c_ms=1.00296 ecn_mark=1789 drop=0
[QUEUE_STATS] t_ms=28704 q_pkts=2 q_bytes=3008 qdelay_l_ms=1.05529 qdelay_c_ms=0 ecn_mark=1789 drop=0
[QUEUE_STATS] t_ms=28720 q_pkts=9 q_bytes=13536 qdelay_l_ms=0.742705 qdelay_c_ms=2.88758 ecn_mark=1790 drop=0
[QUEUE_STATS] t_ms=28736 q_pkts=4 q_bytes=6016 qdelay_l_ms=0.902626 qdelay_c_ms=0.897577 ecn_mark=1790 drop=0
[QUEUE_STATS] t_ms=28752 q_pkts=4 q_bytes=6016 qdelay_l_ms=1.0831 qdelay_c_ms=1.9602 ecn_mark=1791 drop=0
[QUEUE_STATS] t_ms=28768 q_pkts=5 q_bytes=7520 qdelay_l_ms=1.09711 qdelay_c_ms=1.99552 ecn_mark=1791 drop=0
[QUEUE_STATS] t_ms=28784 q_pkts=4 q_bytes=6016 qdelay_l_ms=1.00372 qdelay_c_ms=0.996513 ecn_mark=1791 drop=0
[QUEUE_STATS] t_ms=28800 q_pkts=4 q_bytes=6016 qdelay_l_ms=1.06763 qdelay_c_ms=1.06208 ecn_mark=1792 drop=0
[QUEUE_STATS] t_ms=28816 q_pkts=5 q_bytes=7520 qdelay_l_ms=1.00187 qdelay_c_ms=1.97903 ecn_mark=1794 drop=0
[QUEUE_STATS] t_ms=28832 q_pkts=4 q_bytes=6016 qdelay_l_ms=1.08358 qdelay_c_ms=1.07567 ecn_mark=1795 drop=0
[QUEUE_STATS] t_ms=28848 q_pkts=6 q_bytes=9024 qdelay_l_ms=1.09721 qdelay_c_ms=2.20174 ecn_mark=1795 drop=0
[QUEUE_STATS] t_ms=28864 q_pkts=8 q_bytes=12032 qdelay_l_ms=0.938795 qdelay_c_ms=2.96907 ecn_mark=1795 drop=0
[QUEUE_STATS] t_ms=28880 q_pkts=5 q_bytes=7520 qdelay_l_ms=0.959413 qdelay_c_ms=1.93388 ecn_mark=1795 drop=0
[QUEUE_STATS] t_ms=28896 q_pkts=5 q_bytes=7520 qdelay_l_ms=1.09491 qdelay_c_ms=1.91927 ecn_mark=1795 drop=0
[QUEUE_STATS] t_ms=28912 q_pkts=4 q_bytes=6016 qdelay_l_ms=0.971255 qdelay_c_ms=1.93484 ecn_mark=1796 drop=0
[QUEUE_STATS] t_ms=28928 q_pkts=8 q_bytes=12032 qdelay_l_ms=0.972587 qdelay_c_ms=2.7427 ecn_mark=1797 drop=0
[QUEUE_STATS] t_ms=28944 q_pkts=6 q_bytes=9024 qdelay_l_ms=0.854165 qdelay_c_ms=1.97131 ecn_mark=1799 drop=0
[QUEUE_STATS] t_ms=28960 q_pkts=2 q_bytes=3008 qdelay_l_ms=0.972447 qdelay_c_ms=0 ecn_mark=1800 drop=0
[QUEUE_STATS] t_ms=28976 q_pkts=6 q_bytes=9024 qdelay_l_ms=1.05872 qdelay_c_ms=2.20294 ecn_mark=1801 drop=0
[QUEUE_STATS] t_ms=28992 q_pkts=6 q_bytes=9024 qdelay_l_ms=0.942502 qdelay_c_ms=1.93279 ecn_mark=1802 drop=0
[QUEUE_STATS] t_ms=29008 q_pkts=4 q_bytes=6016 qdelay_l_ms=1.09838 qdelay_c_ms=2.01572 ecn_mark=1802 drop=0
[QUEUE_STATS] t_ms=29024 q_pkts=7 q_bytes=10528 qdelay_l_ms=1.10028 qdelay_c_ms=1.3412 ecn_mark=1803 drop=0
[QUEUE_STATS] t_ms=29040 q_pkts=6 q_bytes=9024 qdelay_l_ms=1.0959 qdelay_c_ms=2.99196 ecn_mark=1803 drop=0
[QUEUE_STATS] t_ms=29056 q_pkts=6 q_bytes=9024 qdelay_l_ms=0.962188 qdelay_c_ms=1.8873 ecn_mark=1803 drop=0
[QUEUE_STATS] t_ms=29072 q_pkts=8 q_bytes=12032 qdelay_l_ms=0.927173 qdelay_c_ms=1.91681 ecn_mark=1804 drop=0
[QUEUE_STATS] t_ms=29088 q_pkts=4 q_bytes=6016 qdelay_l_ms=1.07866 qdelay_c_ms=1.06453 ecn_mark=1805 drop=0
[QUEUE_STATS] t_ms=29104 q_pkts=5 q_bytes=7520 qdelay_l_ms=0.969282 qdelay_c_ms=1.89155 ecn_mark=1805 drop=0
[QUEUE_STATS] t_ms=29120 q_pkts=8 q_bytes=12032 qdelay_l_ms=1.09403 qdelay_c_ms=2.86937 ecn_mark=1805 drop=0
[QUEUE_STATS] t_ms=29136 q_pkts=4 q_bytes=6016 qdelay_l_ms=0.951017 qdelay_c_ms=0.944535 ecn_mark=1806 drop=0
[QUEUE_STATS] t_ms=29152 q_pkts=5 q_bytes=7520 qdelay_l_ms=0.759207 qdelay_c_ms=1.8493 ecn_mark=1806 drop=0
[QUEUE_STATS] t_ms=29168 q_pkts=8 q_bytes=12032 qdelay_l_ms=0.930028 qdelay_c_ms=2.84584 ecn_mark=1807 drop=0
[QUEUE_STATS] t_ms=29184 q_pkts=4 q_bytes=6016 qdelay_l_ms=0.924678 qdelay_c_ms=0.947611 ecn_mark=1808 drop=0
[QUEUE_STATS] t_ms=29200 q_pkts=5 q_bytes=7520 qdelay_l_ms=0.740432 qdelay_c_ms=0.733469 ecn_mark=1811 drop=0
[QUEUE_STATS] t_ms=29216 q_pkts=8 q_bytes=12032 qdelay_l_ms=1.09608 qdelay_c_ms=2.98601 ecn_mark=1811 drop=0
[QUEUE_STATS] t_ms=29232 q_pkts=5 q_bytes=7520 qdelay_l_ms=0.962429 qdelay_c_ms=1.88355 ecn_mark=1812 drop=0
[QUEUE_STATS] t_ms=29248 q_pkts=5 q_bytes=7520 qdelay_l_ms=0.966045 qdelay_c_ms=1.72796 ecn_mark=1812 drop=0
[QUEUE_STATS] t_ms=29264 q_pkts=7 q_bytes=10528 qdelay_l_ms=1.0916 qdelay_c_ms=3.27771 ecn_mark=1812 drop=0
[QUEUE_STATS] t_ms=29280 q_pkts=5 q_bytes=7520 qdelay_l_ms=1.07108 qdelay_c_ms=2.18933 ecn_mark=1813 drop=0
[QUEUE_STATS] t_ms=29296 q_pkts=6 q_bytes=9024 qdelay_l_ms=1.10577 qdelay_c_ms=1.09909 ecn_mark=1814 drop=0
[QUEUE_STATS] t_ms=29312 q_pkts=6 q_bytes=9024 qdelay_l_ms=0.951258 qdelay_c_ms=2.81459 ecn_mark=1814 drop=0
[QUEUE_STATS] t_ms=29328 q_pkts=6 q_bytes=9024 qdelay_l_ms=0.710095 qdelay_c_ms=1.82013 ecn_mark=1816 drop=0
[QUEUE_STATS] t_ms=29344 q_pkts=7 q_bytes=10528 qdelay_l_ms=1.0777 qdelay_c_ms=2.03718 ecn_mark=1817 drop=0
[QUEUE_STATS] t_ms=29360 q_pkts=7 q_bytes=10528 qdelay_l_ms=0.944415 qdelay_c_ms=2.80762 ecn_mark=1818 drop=0
[QUEUE_STATS] t_ms=29376 q_pkts=7 q_bytes=10528 qdelay_l_ms=1.07077 qdelay_c_ms=2.85012 ecn_mark=1819 drop=0
[QUEUE_STATS] t_ms=29392 q_pkts=8 q_bytes=12032 qdelay_l_ms=0.950105 qdelay_c_ms=2.81378 ecn_mark=1819 drop=0
[QUEUE_STATS] t_ms=29408 q_pkts=9 q_bytes=13536 qdelay_l_ms=1.10366 qdelay_c_ms=2.95743 ecn_mark=1820 drop=0
[QUEUE_STATS] t_ms=29424 q_pkts=8 q_bytes=12032 qdelay_l_ms=1.07603 qdelay_c_ms=4.35615 ecn_mark=1821 drop=0
[QUEUE_STATS] t_ms=29440 q_pkts=10 q_bytes=15040 qdelay_l_ms=0 qdelay_c_ms=3.90566 ecn_mark=1823 drop=0
[QUEUE_STATS] t_ms=29456 q_pkts=9 q_bytes=13536 qdelay_l_ms=1.1095 qdelay_c_ms=2.96714 ecn_mark=1823 drop=0
[QUEUE_STATS] t_ms=29472 q_pkts=8 q_bytes=12032 qdelay_l_ms=1.06404 qdelay_c_ms=3.89861 ecn_mark=1824 drop=0
[QUEUE_STATS] t_ms=29488 q_pkts=12 q_bytes=18048 qdelay_l_ms=1.07142 qdelay_c_ms=3.27153 ecn_mark=1824 drop=0
[QUEUE_STATS] t_ms=29504 q_pkts=11 q_bytes=16544 qdelay_l_ms=1.06509 qdelay_c_ms=4.00781 ecn_mark=1825 drop=0
[QUEUE_STATS] t_ms=29520 q_pkts=9 q_bytes=13536 qdelay_l_ms=1.06242 qdelay_c_ms=5.12004 ecn_mark=1825 drop=0
[QUEUE_STATS] t_ms=29536 q_pkts=11 q_bytes=16544 qdelay_l_ms=1.1085 qdelay_c_ms=3.87216 ecn_mark=1827 drop=0
[QUEUE_STATS] t_ms=29552 q_pkts=10 q_bytes=15040 qdelay_l_ms=0.67037 qdelay_c_ms=3.92048 ecn_mark=1827 drop=0
[QUEUE_STATS] t_ms=29568 q_pkts=13 q_bytes=19552 qdelay_l_ms=1.07137 qdelay_c_ms=5.48143 ecn_mark=1827 drop=0
[QUEUE_STATS] t_ms=29584 q_pkts=11 q_bytes=16544 qdelay_l_ms=1.08754 qdelay_c_ms=3.84554 ecn_mark=1829 drop=0
[QUEUE_STATS] t_ms=29600 q_pkts=12 q_bytes=18048 qdelay_l_ms=1.06829 qdelay_c_ms=5.22093 ecn_mark=1830 drop=0
[QUEUE_STATS] t_ms=29616 q_pkts=13 q_bytes=19552 qdelay_l_ms=1.06688 qdelay_c_ms=3.99526 ecn_mark=1830 drop=0
[QUEUE_STATS] t_ms=29632 q_pkts=13 q_bytes=19552 qdelay_l_ms=0 qdelay_c_ms=5.95072 ecn_mark=1831 drop=0
[QUEUE_STATS] t_ms=29648 q_pkts=14 q_bytes=21056 qdelay_l_ms=0.659169 qdelay_c_ms=6.13004 ecn_mark=1831 drop=0
[QUEUE_STATS] t_ms=29664 q_pkts=13 q_bytes=19552 qdelay_l_ms=1.07991 qdelay_c_ms=5.98216 ecn_mark=1834 drop=0
[QUEUE_STATS] t_ms=29680 q_pkts=15 q_bytes=22560 qdelay_l_ms=1.11425 qdelay_c_ms=4.99496 ecn_mark=1835 drop=0
[QUEUE_STATS] t_ms=29696 q_pkts=14 q_bytes=21056 qdelay_l_ms=0.909199 qdelay_c_ms=5.66922 ecn_mark=1835 drop=0
[QUEUE_STATS] t_ms=29712 q_pkts=14 q_bytes=21056 qdelay_l_ms=1.08285 qdelay_c_ms=6.05661 ecn_mark=1835 drop=0
[QUEUE_STATS] t_ms=29728 q_pkts=14 q_bytes=21056 qdelay_l_ms=0.825441 qdelay_c_ms=6.07059 ecn_mark=1835 drop=0
[QUEUE_STATS] t_ms=29744 q_pkts=16 q_bytes=24064 qdelay_l_ms=0.893018 qdelay_c_ms=6.85311 ecn_mark=1835 drop=0
[QUEUE_STATS] t_ms=29760 q_pkts=18 q_bytes=27072 qdelay_l_ms=0.964794 qdelay_c_ms=5.93206 ecn_mark=1835 drop=0
[QUEUE_STATS] t_ms=29776 q_pkts=16 q_bytes=24064 qdelay_l_ms=1.09534 qdelay_c_ms=7.86183 ecn_mark=1835 drop=0
[QUEUE_STATS] t_ms=29792 q_pkts=19 q_bytes=28576 qdelay_l_ms=1.04965 qdelay_c_ms=8.05656 ecn_mark=1836 drop=0
[QUEUE_STATS] t_ms=29808 q_pkts=16 q_bytes=24064 qdelay_l_ms=1.07392 qdelay_c_ms=8.33485 ecn_mark=1838 drop=0
[QUEUE_STATS] t_ms=29824 q_pkts=18 q_bytes=27072 qdelay_l_ms=1.07616 qdelay_c_ms=9.16503 ecn_mark=1840 drop=0
[QUEUE_STATS] t_ms=29840 q_pkts=19 q_bytes=28576 qdelay_l_ms=0.903739 qdelay_c_ms=6.8281 ecn_mark=1840 drop=0
[QUEUE_STATS] t_ms=29856 q_pkts=19 q_bytes=28576 qdelay_l_ms=1.07696 qdelay_c_ms=8.17166 ecn_mark=1841 drop=0
[QUEUE_STATS] t_ms=29872 q_pkts=20 q_bytes=30080 qdelay_l_ms=1.04526 qdelay_c_ms=9.41082 ecn_mark=1841 drop=0
[QUEUE_STATS] t_ms=29888 q_pkts=20 q_bytes=30080 qdelay_l_ms=0.896024 qdelay_c_ms=8.09918 ecn_mark=1842 drop=0
[QUEUE_STATS] t_ms=29904 q_pkts=17 q_bytes=25568 qdelay_l_ms=0.923115 qdelay_c_ms=7.99591 ecn_mark=1844 drop=0
[QUEUE_STATS] t_ms=29920 q_pkts=19 q_bytes=28576 qdelay_l_ms=1.03825 qdelay_c_ms=9.01469 ecn_mark=1845 drop=0
[QUEUE_STATS] t_ms=29936 q_pkts=21 q_bytes=31584 qdelay_l_ms=0.93149 qdelay_c_ms=8.03863 ecn_mark=1845 drop=0
[QUEUE_STATS] t_ms=29952 q_pkts=19 q_bytes=28576 qdelay_l_ms=0.92022 qdelay_c_ms=8.90194 ecn_mark=1845 drop=0
[QUEUE_STATS] t_ms=29968 q_pkts=17 q_bytes=25568 qdelay_l_ms=0.89904 qdelay_c_ms=9.03237 ecn_mark=1847 drop=0
[QUEUE_STATS] t_ms=29984 q_pkts=21 q_bytes=31584 qdelay_l_ms=0.682523 qdelay_c_ms=8.85522 ecn_mark=1847 drop=0
[QUEUE_STATS] t_ms=30000 q_pkts=21 q_bytes=31584 qdelay_l_ms=1.06727 qdelay_c_ms=10.1349 ecn_mark=1847 drop=0
[QUEUE_STATS] t_ms=30016 q_pkts=20 q_bytes=30080 qdelay_l_ms=1.0876 qdelay_c_ms=9.18361 ecn_mark=1851 drop=0
[QUEUE_STATS] t_ms=30032 q_pkts=23 q_bytes=34592 qdelay_l_ms=0.920029 qdelay_c_ms=9.00879 ecn_mark=1852 drop=0
[QUEUE_STATS] t_ms=30048 q_pkts=21 q_bytes=31584 qdelay_l_ms=1.06156 qdelay_c_ms=10.3668 ecn_mark=1852 drop=0
[QUEUE_STATS] t_ms=30064 q_pkts=22 q_bytes=33088 qdelay_l_ms=1.08451 qdelay_c_ms=8.84398 ecn_mark=1854 drop=0
[QUEUE_STATS] t_ms=30080 q_pkts=23 q_bytes=34592 qdelay_l_ms=0.861789 qdelay_c_ms=9.87743 ecn_mark=1854 drop=0
[QUEUE_STATS] t_ms=30096 q_pkts=19 q_bytes=28576 qdelay_l_ms=0.896445 qdelay_c_ms=9.91379 ecn_mark=1854 drop=0
[QUEUE_STATS] t_ms=30112 q_pkts=23 q_bytes=34592 qdelay_l_ms=0.736986 qdelay_c_ms=8.74604 ecn_mark=1855 drop=0
[QUEUE_STATS] t_ms=30128 q_pkts=24 q_bytes=36096 qdelay_l_ms=0.684366 qdelay_c_ms=11.0336 ecn_mark=1859 drop=0
[QUEUE_STATS] t_ms=30144 q_pkts=22 q_bytes=33088 qdelay_l_ms=0.895894 qdelay_c_ms=10.6152 ecn_mark=1859 drop=0
[QUEUE_STATS] t_ms