[QUEUE_STATS] t_ms=33 q_pkts=0 q_bytes=0 qdelay_l_ms=0 qdelay_c_ms=0 ecn_mark=0 drop=0
[QUEUE_STATS] t_ms=93 q_pkts=0 q_bytes=0 qdelay_l_ms=0 qdelay_c_ms=0 ecn_mark=0 drop=0
[QUEUE_STATS] t_ms=96 q_pkts=1 q_bytes=64 qdelay_l_ms=1.06872 qdelay_c_ms=0 ecn_mark=0 drop=0
[QUEUE_STATS] t_ms=136 q_pkts=0 q_bytes=0 qdelay_l_ms=0 qdelay_c_ms=0 ecn_mark=0 drop=0
[QUEUE_STATS] t_ms=179 q_pkts=0 q_bytes=0 qdelay_l_ms=0 qdelay_c_ms=0 ecn_mark=0 drop=0
[QUEUE_STATS] t_ms=221 q_pkts=0 q_bytes=0 qdelay_l_ms=0 qdelay_c_ms=0 ecn_mark=0 drop=0
[QUEUE_STATS] t_ms=264 q_pkts=0 q_bytes=0 qdelay_l_ms=0 qdelay_c_ms=0 ecn_mark=0 drop=0
[QUEUE_STATS] t_ms=307 q_pkts=0 q_bytes=0 qdelay_l_ms=0 qdelay_c_ms=0 ecn_mark=0 drop=0
[QUEUE_STATS] t_ms=350 q_pkts=0 q_bytes=0 qdelay_l_ms=0 qdelay_c_ms=0 ecn_mark=0 drop=0
[QUEUE_STATS] t_ms=352 q_pkts=1 q_bytes=1504 qdelay_l_ms=1.074 qdelay_c_ms=0 ecn_mark=0 drop=0
[QUEUE_STATS] t_ms=368 q_pkts=1 q_bytes=1504 qdelay_l_ms=1.08534 qdelay_c_ms=0 ecn_mark=0 drop=0
[QUEUE_STATS] t_ms=392 q_pkts=0 q_bytes=0 qdelay_l_ms=0 qdelay_c_ms=0 ecn_mark=0 drop=0
[QUEUE_STATS] t_ms=400 q_pkts=19 q_bytes=28576 qdelay_l_ms=1.04746 qdelay_c_ms=2.1507 ecn_mark=0 drop=0
[QUEUE_STATS] t_ms=416 q_pkts=2 q_bytes=3008 qdelay_l_ms=1.07302 qdelay_c_ms=0 ecn_mark=0 drop=0
[QUEUE_STATS] t_ms=434 q_pkts=0 q_bytes=0 qdelay_l_ms=0 qdelay_c_ms=0 ecn_mark=0 drop=0
[QUEUE_STATS] t_ms=448 q_pkts=34 q_bytes=51136 qdelay_l_ms=1.06547 qdelay_c_ms=7.30793 ecn_mark=0 drop=0
[QUEUE_STATS] t_ms=464 q_pkts=42 q_bytes=63168 qdelay_l_ms=2.14503 qdelay_c_ms=20.9196 ecn_mark=0 drop=0
[QUEUE_STATS] t_ms=480 q_pkts=4 q_bytes=6016 qdelay_l_ms=1.02007 qdelay_c_ms=0 ecn_mark=0 drop=0
[QUEUE_STATS] t_ms=496 q_pkts=38 q_bytes=57152 qdelay_l_ms=4.33966 qdelay_c_ms=13.9111 ecn_mark=0 drop=0
[QUEUE_STATS] t_ms=512 q_pkts=84 q_bytes=126336 qdelay_l_ms=10.9673 qdelay_c_ms=24.9666 ecn_mark=2 drop=0
[QUEUE_STATS] t_ms=528 q_pkts=95 q_bytes=142880 qdelay_l_ms=4.90958 qdelay_c_ms=36.5554 ecn_mark=35 drop=0
[QUEUE_STATS] t_ms=544 q_pkts=153 q_bytes=230112 qdelay_l_ms=13.0446 qdelay_c_ms=47.5203 ecn_mark=49 drop=0
[QUEUE_STATS] t_ms=560 q_pkts=147 q_bytes=221088 qdelay_l_ms=20.758 qdelay_c_ms=54.8562 ecn_mark=108 drop=0
[QUEUE_STATS] t_ms=576 q_pkts=90 q_bytes=135360 qdelay_l_ms=28.1647 qdelay_c_ms=68.8161 ecn_mark=172 drop=0
[QUEUE_STATS] t_ms=592 q_pkts=36 q_bytes=54144 qdelay_l_ms=0.922905 qdelay_c_ms=75.3784 ecn_mark=200 drop=0
[QUEUE_STATS] t_ms=608 q_pkts=15 q_bytes=22560 qdelay_l_ms=0.97867 qdelay_c_ms=31.1996 ecn_mark=200 drop=0
[QUEUE_STATS] t_ms=624 q_pkts=3 q_bytes=4512 qdelay_l_ms=0.860056 qdelay_c_ms=0.854907 ecn_mark=200 drop=0
[QUEUE_STATS] t_ms=640 q_pkts=20 q_bytes=30080 qdelay_l_ms=1.0359 qdelay_c_ms=8.73988 ecn_mark=200 drop=0
[QUEUE_STATS] t_ms=656 q_pkts=2 q_bytes=3008 qdelay_l_ms=0 qdelay_c_ms=1.03204 ecn_mark=200 drop=0
[QUEUE_STATS] t_ms=672 q_pkts=4 q_bytes=6016 qdelay_l_ms=1.10628 qdelay_c_ms=1.09944 ecn_mark=200 drop=0
[QUEUE_STATS] t_ms=688 q_pkts=5 q_bytes=7520 qdelay_l_ms=1.09861 qdelay_c_ms=1.0921 ecn_mark=200 drop=0
[QUEUE_STATS] t_ms=705 q_pkts=8 q_bytes=12032 qdelay_l_ms=1.09745 qdelay_c_ms=4.21424 ecn_mark=200 drop=0
[QUEUE_STATS] t_ms=720 q_pkts=4 q_bytes=6016 qdelay_l_ms=1.09787 qdelay_c_ms=2.11875 ecn_mark=200 drop=0
[QUEUE_STATS] t_ms=736 q_pkts=6 q_bytes=9024 qdelay_l_ms=1.08014 qdelay_c_ms=2.11372 ecn_mark=200 drop=0
[QUEUE_STATS] t_ms=752 q_pkts=4 q_bytes=6016 qdelay_l_ms=1.06967 qdelay_c_ms=4.04613 ecn_mark=200 drop=0
[QUEUE_STATS] t_ms=768 q_pkts=4 q_bytes=6016 qdelay_l_ms=1.08222 qdelay_c_ms=1.07542 ecn_mark=200 drop=0
[QUEUE_STATS] t_ms=784 q_pkts=6 q_bytes=9024 qdelay_l_ms=1.05152 qdelay_c_ms=1.56063 ecn_mark=200 drop=0
[QUEUE_STATS] t_ms=800 q_pkts=4 q_bytes=6016 qdelay_l_ms=1.05015 qdelay_c_ms=1.04318 ecn_mark=200 drop=0
[QUEUE_STATS] t_ms=816 q_pkts=7 q_bytes=10528 qdelay_l_ms=1.09889 qdelay_c_ms=2.00754 ecn_mark=200 drop=0
[QUEUE_STATS] t_ms=832 q_pkts=8 q_bytes=12032 qdelay_l_ms=1.02882 qdelay_c_ms=2.48363 ecn_mark=200 drop=0
[QUEUE_STATS] t_ms=848 q_pkts=5 q_bytes=7520 qdelay_l_ms=0 qdelay_c_ms=3.17563 ecn_mark=200 drop=0
[QUEUE_STATS] t_ms=864 q_pkts=8 q_bytes=12032 qdelay_l_ms=1.01169 qdelay_c_ms=3.05302 ecn_mark=200 drop=0
[QUEUE_STATS] t_ms=880 q_pkts=10 q_bytes=15040 qdelay_l_ms=1.03114 qdelay_c_ms=3.05576 ecn_mark=200 drop=0
[QUEUE_STATS] t_ms=896 q_pkts=12 q_bytes=18048 qdelay_l_ms=1.07854 qdelay_c_ms=5.40175 ecn_mark=200 drop=0
[QUEUE_STATS] t_ms=912 q_pkts=16 q_bytes=24064 qdelay_l_ms=1.0043 qdelay_c_ms=4.97357 ecn_mark=200 drop=0
[QUEUE_STATS] t_ms=928 q_pkts=14 q_bytes=21056 qdelay_l_ms=0.862421 qdelay_c_ms=5.99233 ecn_mark=200 drop=0
[QUEUE_STATS] t_ms=944 q_pkts=19 q_bytes=28576 qdelay_l_ms=1.09938 qdelay_c_ms=6.49325 ecn_mark=200 drop=0
[QUEUE_STATS] t_ms=960 q_pkts=21 q_bytes=31584 qdelay_l_ms=1.09761 qdelay_c_ms=7.09521 ecn_mark=200 drop=0
[QUEUE_STATS] t_ms=976 q_pkts=23 q_bytes=34592 qdelay_l_ms=1.09673 qdelay_c_ms=9.3167 ecn_mark=200 drop=0
[QUEUE_STATS] t_ms=992 q_pkts=27 q_bytes=40608 qdelay_l_ms=1.00155 qdelay_c_ms=10.8775 ecn_mark=200 drop=0
[QUEUE_STATS] t_ms=1008 q_pkts=26 q_bytes=39104 qdelay_l_ms=1.06402 qdelay_c_ms=11.0724 ecn_mark=200 drop=0
[QUEUE_STATS] t_ms=1024 q_pkts=26 q_bytes=39104 qdelay_l_ms=1.07804 qdelay_c_ms=11.1047 ecn_mark=200 drop=0
[QUEUE_STATS] t_ms=1040 q_pkts=32 q_bytes=48128 qdelay_l_ms=0.971526 qdelay_c_ms=13.7718 ecn_mark=200 drop=0
[QUEUE_STATS] t_ms=1056 q_pkts=33 q_bytes=49632 qdelay_l_ms=0.971656 qdelay_c_ms=12.8892 ecn_mark=200 drop=0
[QUEUE_STATS] t_ms=1072 q_pkts=36 q_bytes=54144 qdelay_l_ms=0.941179 qdelay_c_ms=15.6851 ecn_mark=200 drop=0
[QUEUE_STATS] t_ms=1088 q_pkts=40 q_bytes=60160 qdelay_l_ms=1.10322 qdelay_c_ms=14.9185 ecn_mark=200 drop=0
[QUEUE_STATS] t_ms=1104 q_pkts=40 q_bytes=60160 qdelay_l_ms=1.08261 qdelay_c_ms=17.2103 ecn_mark=200 drop=0
[QUEUE_STATS] t_ms=1120 q_pkts=42 q_bytes=63168 qdelay_l_ms=1.09809 qdelay_c_ms=18.2733 ecn_mark=200 drop=0
[QUEUE_STATS] t_ms=1136 q_pkts=43 q_bytes=64672 qdelay_l_ms=1.09289 qdelay_c_ms=18.2176 ecn_mark=200 drop=0
[QUEUE_STATS] t_ms=1152 q_pkts=44 q_bytes=66176 qdelay_l_ms=1.06857 qdelay_c_ms=20.3388 ecn_mark=200 drop=0
[QUEUE_STATS] t_ms=1168 q_pkts=46 q_bytes=69184 qdelay_l_ms=0.013506 qdelay_c_ms=20.2388 ecn_mark=200 drop=0
[QUEUE_STATS] t_ms=1184 q_pkts=51 q_bytes=76704 qdelay_l_ms=0.739861 qdelay_c_ms=20.9697 ecn_mark=200 drop=0
[QUEUE_STATS] t_ms=1200 q_pkts=53 q_bytes=79712 qdelay_l_ms=0.938294 qdelay_c_ms=23.8662 ecn_mark=200 drop=0
[QUEUE_STATS] t_ms=1216 q_pkts=55 q_bytes=82720 qdelay_l_ms=1.03047 qdelay_c_ms=23.1738 ecn_mark=200 drop=0
[QUEUE_STATS] t_ms=1232 q_pkts=56 q_bytes=84224 qdelay_l_ms=1.09565 qdelay_c_ms=24.9961 ecn_mark=200 drop=0
[QUEUE_STATS] t_ms=1248 q_pkts=59 q_bytes=88736 qdelay_l_ms=1.00027 qdelay_c_ms=26.9971 ecn_mark=200 drop=0
[QUEUE_STATS] t_ms=1264 q_pkts=62 q_bytes=93248 qdelay_l_ms=0.992926 qdelay_c_ms=25.8767 ecn_mark=200 drop=0
[QUEUE_STATS] t_ms=1280 q_pkts=63 q_bytes=94752 qdelay_l_ms=1.05389 qdelay_c_ms=27.3081 ecn_mark=200 drop=0
[QUEUE_STATS] t_ms=1296 q_pkts=66 q_bytes=99264 qdelay_l_ms=1.08841 qdelay_c_ms=30.1872 ecn_mark=200 drop=0
[QUEUE_STATS] t_ms=1312 q_pkts=68 q_bytes=102272 qdelay_l_ms=0.899711 qdelay_c_ms=29.2584 ecn_mark=200 drop=0
[QUEUE_STATS] t_ms=1328 q_pkts=70 q_bytes=105280 qdelay_l_ms=1.09673 qdelay_c_ms=30.9643 ecn_mark=200 drop=0
[QUEUE_STATS] t_ms=1344 q_pkts=72 q_bytes=108288 qdelay_l_ms=1.08201 qdelay_c_ms=33.025 ecn_mark=200 drop=0
[QUEUE_STATS] t_ms=1360 q_pkts=75 q_bytes=112800 qdelay_l_ms=1.09933 qdelay_c_ms=32.0721 ecn_mark=200 drop=0
[QUEUE_STATS] t_ms=1376 q_pkts=75 q_bytes=112800 qdelay_l_ms=1.07753 qdelay_c_ms=35.0142 ecn_mark=200 drop=0
[QUEUE_STATS] t_ms=1392 q_pkts=78 q_bytes=117312 qdelay_l_ms=0.87778 qdelay_c_ms=35.0457 ecn_mark=200 drop=0
[QUEUE_STATS] t_ms=1408 q_pkts=81 q_bytes=121824 qdelay_l_ms=1.04707 qdelay_c_ms=36.3013 ecn_mark=200 drop=0
[QUEUE_STATS] t_ms=1424 q_pkts=82 q_bytes=123328 qdelay_l_ms=1.06573 qdelay_c_ms=39.0071 ecn_mark=200 drop=0
[QUEUE_STATS] t_ms=1440 q_pkts=83 q_bytes=124832 qdelay_l_ms=0.875315 qdelay_c_ms=37.8736 ecn_mark=200 drop=0
[QUEUE_STATS] t_ms=1456 q_pkts=82 q_bytes=123328 qdelay_l_ms=1.0938 qdelay_c_ms=38.9626 ecn_mark=200 drop=0
[QUEUE_STATS] t_ms=1472 q_pkts=89 q_bytes=133856 qdelay_l_ms=1.0937 qdelay_c_ms=41.882 ecn_mark=200 drop=0
[QUEUE_STATS] t_ms=1488 q_pkts=90 q_bytes=135360 qdelay_l_ms=1.08841 qdelay_c_ms=40.7789 ecn_mark=200 drop=0
[QUEUE_STATS] t_ms=1504 q_pkts=91 q_bytes=136864 qdelay_l_ms=1.00978 qdelay_c_ms=42.2441 ecn_mark=200 drop=0
[QUEUE_STATS] t_ms=1520 q_pkts=94 q_bytes=141376 qdelay_l_ms=1.10043 qdelay_c_ms=44.1081 ecn_mark=201 drop=0
[QUEUE_STATS] t_ms=1536 q_pkts=96 q_bytes=144384 qdelay_l_ms=1.07678 qdelay_c_ms=45.9551 ecn_mark=201 drop=0
[QUEUE_STATS] t_ms=1552 q_pkts=97 q_bytes=145888 qdelay_l_ms=1.0087 qdelay_c_ms=46.0428 ecn_mark=201 drop=0
[QUEUE_STATS] t_ms=1568 q_pkts=89 q_bytes=133856 qdelay_l_ms=1.09448 qdelay_c_ms=42.9108 ecn_mark=201 drop=0
[QUEUE_STATS] t_ms=1584 q_pkts=86 q_bytes=129344 qdelay_l_ms=0.944004 qdelay_c_ms=41.5428 ecn_mark=201 drop=0
[QUEUE_STATS] t_ms=1600 q_pkts=89 q_bytes=133856 qdelay_l_ms=1.07902 qdelay_c_ms=43.3432 ecn_mark=201 drop=0
[QUEUE_STATS] t_ms=1616 q_pkts=97 q_bytes=145888 qdelay_l_ms=0.937061 qdelay_c_ms=41.0269 ecn_mark=201 drop=0
[QUEUE_STATS] t_ms=1632 q_pkts=95 q_bytes=142880 qdelay_l_ms=1.07734 qdelay_c_ms=38.3447 ecn_mark=201 drop=0
[QUEUE_STATS] t_ms=1648 q_pkts=98 q_bytes=147392 qdelay_l_ms=0.94171 qdelay_c_ms=42.9941 ecn_mark=201 drop=0
[QUEUE_STATS] t_ms=1664 q_pkts=102 q_bytes=153408 qdelay_l_ms=1.06833 qdelay_c_ms=43.9479 ecn_mark=201 drop=0
[QUEUE_STATS] t_ms=1680 q_pkts=104 q_bytes=156416 qdelay_l_ms=0.911694 qdelay_c_ms=45.2229 ecn_mark=201 drop=0
[QUEUE_STATS] t_ms=1696 q_pkts=107 q_bytes=160928 qdelay_l_ms=0.917544 qdelay_c_ms=47.1236 ecn_mark=201 drop=0
[QUEUE_STATS] t_ms=1712 q_pkts=109 q_bytes=163936 qdelay_l_ms=0.972909 qdelay_c_ms=47.9338 ecn_mark=201 drop=0
[QUEUE_STATS] t_ms=1728 q_pkts=109 q_bytes=163936 qdelay_l_ms=1.01237 qdelay_c_ms=49.0733 ecn_mark=201 drop=0
[QUEUE_STATS] t_ms=1744 q_pkts=111 q_bytes=166944 qdelay_l_ms=0.906484 qdelay_c_ms=48.7136 ecn_mark=201 drop=0
[QUEUE_STATS] t_ms=1760 q_pkts=112 q_bytes=168448 qdelay_l_ms=1.08119 qdelay_c_ms=49.8566 ecn_mark=201 drop=0
[QUEUE_STATS] t_ms=1776 q_pkts=115 q_bytes=172960 qdelay_l_ms=1.07381 qdelay_c_ms=52.0962 ecn_mark=201 drop=0
[QUEUE_STATS] t_ms=1792 q_pkts=119 q_bytes=178976 qdelay_l_ms=1.06427 qdelay_c_ms=52.3147 ecn_mark=201 drop=0
[QUEUE_STATS] t_ms=1808 q_pkts=121 q_bytes=181984 qdelay_l_ms=1.08349 qdelay_c_ms=55.101 ecn_mark=201 drop=0
[QUEUE_STATS] t_ms=1824 q_pkts=122 q_bytes=183488 qdelay_l_ms=0.887047 qdelay_c_ms=56.0108 ecn_mark=201 drop=0
[QUEUE_STATS] t_ms=1840 q_pkts=124 q_bytes=186496 qdelay_l_ms=0.860938 qdelay_c_ms=57.0156 ecn_mark=201 drop=0
[QUEUE_STATS] t_ms=1856 q_pkts=126 q_bytes=189504 qdelay_l_ms=1.04466 qdelay_c_ms=59.4268 ecn_mark=201 drop=0
[QUEUE_STATS] t_ms=1872 q_pkts=128 q_bytes=192512 qdelay_l_ms=0.862431 qdelay_c_ms=59.0812 ecn_mark=201 drop=0
[QUEUE_STATS] t_ms=1888 q_pkts=131 q_bytes=197024 qdelay_l_ms=0.854246 qdelay_c_ms=60.9134 ecn_mark=201 drop=0
[QUEUE_STATS] t_ms=1904 q_pkts=133 q_bytes=200032 qdelay_l_ms=0.882358 qdelay_c_ms=61.7387 ecn_mark=201 drop=0
[QUEUE_STATS] t_ms=1920 q_pkts=134 q_bytes=201536 qdelay_l_ms=0.836152 qdelay_c_ms=60.8034 ecn_mark=201 drop=0
[QUEUE_STATS] t_ms=1936 q_pkts=136 q_bytes=204544 qdelay_l_ms=1.05686 qdelay_c_ms=63.3875 ecn_mark=201 drop=0
[QUEUE_STATS] t_ms=1952 q_pkts=139 q_bytes=209056 qdelay_l_ms=0.868402 qdelay_c_ms=65.689 ecn_mark=201 drop=0
[QUEUE_STATS] t_ms=1968 q_pkts=141 q_bytes=212064 qdelay_l_ms=1.07987 qdelay_c_ms=65.1424 ecn_mark=201 drop=0
[QUEUE_STATS] t_ms=1984 q_pkts=142 q_bytes=213568 qdelay_l_ms=1.09838 qdelay_c_ms=68.0636 ecn_mark=201 drop=0
[QUEUE_STATS] t_ms=2000 q_pkts=146 q_bytes=219584 qdelay_l_ms=0.860377 qdelay_c_ms=68.9361 ecn_mark=201 drop=0
[QUEUE_STATS] t_ms=2016 q_pkts=147 q_bytes=221088 qdelay_l_ms=0.953533 qdelay_c_ms=68.8075 ecn_mark=201 drop=0
[QUEUE_STATS] t_ms=2032 q_pkts=148 q_bytes=222592 qdelay_l_ms=1.07792 qdelay_c_ms=71.5322 ecn_mark=201 drop=0
[QUEUE_STATS] t_ms=2048 q_pkts=153 q_bytes=230112 qdelay_l_ms=1.08673 qdelay_c_ms=72.181 ecn_mark=201 drop=0
[QUEUE_STATS] t_ms=2064 q_pkts=151 q_bytes=227104 qdelay_l_ms=1.05676 qdelay_c_ms=72.1914 ecn_mark=201 drop=0
[QUEUE_STATS] t_ms=2080 q_pkts=153 q_bytes=230112 qdelay_l_ms=1.10064 qdelay_c_ms=76.1546 ecn_mark=201 drop=0
[QUEUE_STATS] t_ms=2096 q_pkts=156 q_bytes=234624 qdelay_l_ms=0.938404 qdelay_c_ms=75.9727 ecn_mark=201 drop=0
[QUEUE_STATS] t_ms=2112 q_pkts=158 q_bytes=237632 qdelay_l_ms=1.05675 qdelay_c_ms=76.1639 ecn_mark=201 drop=0
[QUEUE_STATS] t_ms=2128 q_pkts=159 q_bytes=239136 qdelay_l_ms=0.907536 qdelay_c_ms=80.7735 ecn_mark=201 drop=0
[QUEUE_STATS] t_ms=2144 q_pkts=162 q_bytes=243648 qdelay_l_ms=1.09339 qdelay_c_ms=78.9107 ecn_mark=202 drop=0
[QUEUE_STATS] t_ms=2160 q_pkts=163 q_bytes=245152 qdelay_l_ms=1.08475 qdelay_c_ms=81.0178 ecn_mark=202 drop=0
[QUEUE_STATS] t_ms=2176 q_pkts=164 q_bytes=246656 qdelay_l_ms=0.870647 qdelay_c_ms=82.0248 ecn_mark=202 drop=0
[QUEUE_STATS] t_ms=2192 q_pkts=162 q_bytes=243648 qdelay_l_ms=0.836052 qdelay_c_ms=80.8934 ecn_mark=202 drop=0
[QUEUE_STATS] t_ms=2208 q_pkts=160 q_bytes=240640 qdelay_l_ms=1.09506 qdelay_c_ms=81.1245 ecn_mark=203 drop=0
[QUEUE_STATS] t_ms=2224 q_pkts=166 q_bytes=249664 qdelay_l_ms=1.08252 qdelay_c_ms=81.7786 ecn_mark=203 drop=0
[QUEUE_STATS] t_ms=2240 q_pkts=169 q_bytes=254176 qdelay_l_ms=1.0716 qdelay_c_ms=82.791 ecn_mark=203 drop=0
[QUEUE_STATS] t_ms=2256 q_pkts=167 q_bytes=251168 qdelay_l_ms=0.88849 qdelay_c_ms=81.8787 ecn_mark=203 drop=0
[QUEUE_STATS] t_ms=2272 q_pkts=167 q_bytes=251168 qdelay_l_ms=0.861069 qdelay_c_ms=79.9011 ecn_mark=203 drop=0
[QUEUE_STATS] t_ms=2288 q_pkts=169 q_bytes=254176 qdelay_l_ms=1.0708 qdelay_c_ms=79.9355 ecn_mark=203 drop=0
[QUEUE_STATS] t_ms=2304 q_pkts=173 q_bytes=260192 qdelay_l_ms=1.00263 qdelay_c_ms=83.9919 ecn_mark=203 drop=0
[QUEUE_STATS] t_ms=2320 q_pkts=173 q_bytes=260192 qdelay_l_ms=1.08631 qdelay_c_ms=81.013 ecn_mark=203 drop=0
[QUEUE_STATS] t_ms=2336 q_pkts=175 q_bytes=263200 qdelay_l_ms=1.06436 qdelay_c_ms=83.3732 ecn_mark=204 drop=0
[QUEUE_STATS] t_ms=2352 q_pkts=179 q_bytes=269216 qdelay_l_ms=0.88307 qdelay_c_ms=86.0026 ecn_mark=204 drop=0
[QUEUE_STATS] t_ms=2368 q_pkts=178 q_bytes=267712 qdelay_l_ms=0.882409 qdelay_c_ms=83.7693 ecn_mark=204 drop=0
[QUEUE_STATS] t_ms=2384 q_pkts=179 q_bytes=269216 qdelay_l_ms=1.07065 qdelay_c_ms=85.7211 ecn_mark=205 drop=0
[QUEUE_STATS] t_ms=2400 q_pkts=181 q_bytes=272224 qdelay_l_ms=1.09001 qdelay_c_ms=87.069 ecn_mark=205 drop=0
[QUEUE_STATS] t_ms=2416 q_pkts=181 q_bytes=272224 qdelay_l_ms=0.735222 qdelay_c_ms=85.9354 ecn_mark=206 drop=0
[QUEUE_STATS] t_ms=2432 q_pkts=182 q_bytes=273728 qdelay_l_ms=1.09518 qdelay_c_ms=86.1161 ecn_mark=206 drop=0
[QUEUE_STATS] t_ms=2448 q_pkts=183 q_bytes=275232 qdelay_l_ms=0.891706 qdelay_c_ms=87.8642 ecn_mark=206 drop=0
[QUEUE_STATS] t_ms=2464 q_pkts=186 q_bytes=279744 qdelay_l_ms=1.08982 qdelay_c_ms=86.9484 ecn_mark=206 drop=0
[QUEUE_STATS] t_ms=2480 q_pkts=190 q_bytes=285760 qdelay_l_ms=0.8568 qdelay_c_ms=88.9937 ecn_mark=206 drop=0
[QUEUE_STATS] t_ms=2496 q_pkts=189 q_bytes=284256 qdelay_l_ms=1.05959 qdelay_c_ms=88.2495 ecn_mark=206 drop=0
[QUEUE_STATS] t_ms=2512 q_pkts=191 q_bytes=287264 qdelay_l_ms=1.07668 qdelay_c_ms=89.1627 ecn_mark=206 drop=0
[QUEUE_STATS] t_ms=2528 q_pkts=196 q_bytes=294784 qdelay_l_ms=0.860026 qdelay_c_ms=89.6201 ecn_mark=206 drop=0
[QUEUE_STATS] t_ms=2544 q_pkts=196 q_bytes=294784 qdelay_l_ms=1.06961 qdelay_c_ms=91.1599 ecn_mark=206 drop=0
[QUEUE_STATS] t_ms=2560 q_pkts=199 q_bytes=299296 qdelay_l_ms=1.03247 qdelay_c_ms=92.6532 ecn_mark=206 drop=0
[QUEUE_STATS] t_ms=2576 q_pkts=202 q_bytes=303808 qdelay_l_ms=0.877359 qdelay_c_ms=93.9782 ecn_mark=207 drop=0
[QUEUE_STATS] t_ms=2592 q_pkts=202 q_bytes=303808 qdelay_l_ms=1.08073 qdelay_c_ms=95.1221 ecn_mark=207 drop=0
[QUEUE_STATS] t_ms=2608 q_pkts=203 q_bytes=305312 qdelay_l_ms=1.09311 qdelay_c_ms=96.9475 ecn_mark=207 drop=0
[QUEUE_STATS] t_ms=2624 q_pkts=204 q_bytes=306816 qdelay_l_ms=0.861489 qdelay_c_ms=96.8715 ecn_mark=207 drop=0
[QUEUE_STATS] t_ms=2640 q_pkts=204 q_bytes=306816 qdelay_l_ms=1.09414 qdelay_c_ms=98.4216 ecn_mark=207 drop=0
[QUEUE_STATS] t_ms=2656 q_pkts=208 q_bytes=312832 qdelay_l_ms=0.876658 qdelay_c_ms=98.2706 ecn_mark=207 drop=0
[QUEUE_STATS] t_ms=2672 q_pkts=209 q_bytes=314336 qdelay_l_ms=0.852903 qdelay_c_ms=98.9 ecn_mark=207 drop=0
[QUEUE_STATS] t_ms=2688 q_pkts=210 q_bytes=315840 qdelay_l_ms=1.06882 qdelay_c_ms=101.207 ecn_mark=207 drop=0
[QUEUE_STATS] t_ms=2704 q_pkts=214 q_bytes=321856 qdelay_l_ms=0.863493 qdelay_c_ms=99.8442 ecn_mark=207 drop=0
[QUEUE_STATS] t_ms=2720 q_pkts=216 q_bytes=324864 qdelay_l_ms=0.814721 qdelay_c_ms=102.871 ecn_mark=208 drop=0
[QUEUE_STATS] t_ms=2736 q_pkts=216 q_bytes=324864 qdelay_l_ms=1.07522 qdelay_c_ms=103.217 ecn_mark=210 drop=0
[QUEUE_STATS] t_ms=2752 q_pkts=219 q_bytes=329376 qdelay_l_ms=0.985171 qdelay_c_ms=102.833 ecn_mark=210 drop=0
[QUEUE_STATS] t_ms=2768 q_pkts=220 q_bytes=330880 qdelay_l_ms=1.09751 qdelay_c_ms=106.895 ecn_mark=210 drop=0
[QUEUE_STATS] t_ms=2784 q_pkts=220 q_bytes=330880 qdelay_l_ms=0.989871 qdelay_c_ms=108.051 ecn_mark=210 drop=0
[QUEUE_STATS] t_ms=2800 q_pkts=223 q_bytes=335392 qdelay_l_ms=0.971977 qdelay_c_ms=105.061 ecn_mark=210 drop=0
[QUEUE_STATS] t_ms=2816 q_pkts=224 q_bytes=336896 qdelay_l_ms=1.069 qdelay_c_ms=109.211 ecn_mark=210 drop=0
[QUEUE_STATS] t_ms=2832 q_pkts=231 q_bytes=344504 qdelay_l_ms=0.948232 qdelay_c_ms=110.909 ecn_mark=210 drop=0
[QUEUE_STATS] t_ms=2848 q_pkts=230 q_bytes=343000 qdelay_l_ms=0.967629 qdelay_c_ms=108.944 ecn_mark=210 drop=0
[QUEUE_STATS] t_ms=2865 q_pkts=235 q_bytes=350520 qdelay_l_ms=1.10752 qdelay_c_ms=114.414 ecn_mark=211 drop=0
[QUEUE_STATS] t_ms=2880 q_pkts=234 q_bytes=349016 qdelay_l_ms=0.8407 qdelay_c_ms=112.988 ecn_mark=212 drop=0
[QUEUE_STATS] t_ms=2896 q_pkts=236 q_bytes=352024 qdelay_l_ms=0.854807 qdelay_c_ms=112.855 ecn_mark=212 drop=0
[QUEUE_STATS] t_ms=2912 q_pkts=237 q_bytes=353528 qdelay_l_ms=1.11287 qdelay_c_ms=116.253 ecn_mark=214 drop=0
[QUEUE_STATS] t_ms=2928 q_pkts=241 q_bytes=359544 qdelay_l_ms=1.0953 qdelay_c_ms=117.162 ecn_mark=214 drop=0
[QUEUE_STATS] t_ms=2944 q_pkts=239 q_bytes=359456 qdelay_l_ms=1.07058 qdelay_c_ms=117.099 ecn_mark=214 drop=0
[QUEUE_STATS] t_ms=2960 q_pkts=240 q_bytes=360960 qdelay_l_ms=1.09223 qdelay_c_ms=120.878 ecn_mark=214 drop=0
[QUEUE_STATS] t_ms=2976 q_pkts=240 q_bytes=360960 qdelay_l_ms=1.06911 qdelay_c_ms=119.651 ecn_mark=214 drop=0
[QUEUE_STATS] t_ms=2992 q_pkts=241 q_bytes=362464 qdelay_l_ms=1.04234 qdelay_c_ms=120.411 ecn_mark=214 drop=0
[QUEUE_STATS] t_ms=3008 q_pkts=244 q_bytes=366976 qdelay_l_ms=1.09671 qdelay_c_ms=122.986 ecn_mark=214 drop=0
[QUEUE_STATS] t_ms=3024 q_pkts=244 q_bytes=366976 qdelay_l_ms=0.678015 qdelay_c_ms=120.784 ecn_mark=214 drop=0
[QUEUE_STATS] t_ms=3040 q_pkts=247 q_bytes=371488 qdelay_l_ms=1.10093 qdelay_c_ms=122.848 ecn_mark=214 drop=0
[QUEUE_STATS] t_ms=3056 q_pkts=251 q_bytes=377504 qdelay_l_ms=1.05287 qdelay_c_ms=123.215 ecn_mark=214 drop=0
[QUEUE_STATS] t_ms=3073 q_pkts=251 q_bytes=377504 qdelay_l_ms=1.06725 qdelay_c_ms=124.956 ecn_mark=214 drop=0
[QUEUE_STATS] t_ms=3088 q_pkts=254 q_bytes=382016 qdelay_l_ms=1.09969 qdelay_c_ms=126.112 ecn_mark=215 drop=0
[QUEUE_STATS] t_ms=3104 q_pkts=253 q_bytes=380512 qdelay_l_ms=0.043722 qdelay_c_ms=125.449 ecn_mark=215 drop=0
[QUEUE_STATS] t_ms=3120 q_pkts=258 q_bytes=388032 qdelay_l_ms=1.09953 qdelay_c_ms=128.625 ecn_mark=216 drop=0
[QUEUE_STATS] t_ms=3136 q_pkts=257 q_bytes=386528 qdelay_l_ms=1.08491 qdelay_c_ms=129.975 ecn_mark=216 drop=0
[QUEUE_STATS] t_ms=3152 q_pkts=259 q_bytes=389536 qdelay_l_ms=1.07175 qdelay_c_ms=129.992 ecn_mark=216 drop=0
[QUEUE_STATS] t_ms=3168 q_pkts=260 q_bytes=391040 qdelay_l_ms=1.07028 qdelay_c_ms=131.989 ecn_mark=216 drop=0
[QUEUE_STATS] t_ms=3184 q_pkts=265 q_bytes=398560 qdelay_l_ms=1.10673 qdelay_c_ms=132.972 ecn_mark=217 drop=0
[QUEUE_STATS] t_ms=3200 q_pkts=265 q_bytes=398560 qdelay_l_ms=0.629253 qdelay_c_ms=134.713 ecn_mark=218 drop=0
[QUEUE_STATS] t_ms=3216 q_pkts=266 q_bytes=400064 qdelay_l_ms=1.0275 qdelay_c_ms=136.222 ecn_mark=219 drop=0
[QUEUE_STATS] t_ms=3232 q_pkts=268 q_bytes=403072 qdelay_l_ms=1.09177 qdelay_c_ms=135.913 ecn_mark=220 drop=0
[QUEUE_STATS] t_ms=3248 q_pkts=269 q_bytes=404576 qdelay_l_ms=1.09995 qdelay_c_ms=139.191 ecn_mark=220 drop=0
[QUEUE_STATS] t_ms=3264 q_pkts=269 q_bytes=404576 qdelay_l_ms=1.08295 qdelay_c_ms=139.847 ecn_mark=221 drop=0
[QUEUE_STATS] t_ms=3280 q_pkts=271 q_bytes=407584 qdelay_l_ms=0.874013 qdelay_c_ms=139.872 ecn_mark=221 drop=0
[QUEUE_STATS] t_ms=3297 q_pkts=275 q_bytes=413600 qdelay_l_ms=1.06177 qdelay_c_ms=142.325 ecn_mark=221 drop=0
[QUEUE_STATS] t_ms=3312 q_pkts=276 q_bytes=415104 qdelay_l_ms=1.06645 qdelay_c_ms=142.186 ecn_mark=221 drop=0
[QUEUE_STATS] t_ms=3328 q_pkts=279 q_bytes=419616 qdelay_l_ms=0.855508 qdelay_c_ms=143.731 ecn_mark=222 drop=0
[QUEUE_STATS] t_ms=3344 q_pkts=278 q_bytes=418112 qdelay_l_ms=1.09151 qdelay_c_ms=145.023 ecn_mark=222 drop=0
[QUEUE_STATS] t_ms=3360 q_pkts=281 q_bytes=422624 qdelay_l_ms=0.879332 qdelay_c_ms=142.985 ecn_mark=222 drop=0
[QUEUE_STATS] t_ms=3377 q_pkts=281 q_bytes=422624 qdelay_l_ms=1.06712 qdelay_c_ms=147.254 ecn_mark=222 drop=0
[QUEUE_STATS] t_ms=3392 q_pkts=284 q_bytes=427136 qdelay_l_ms=1.08353 qdelay_c_ms=149.241 ecn_mark=222 drop=0
[QUEUE_STATS] t_ms=3408 q_pkts=286 q_bytes=430144 qdelay_l_ms=1.07125 qdelay_c_ms=148.128 ecn_mark=222 drop=0
[QUEUE_STATS] t_ms=3424 q_pkts=287 q_bytes=431648 qdelay_l_ms=1.07139 qdelay_c_ms=150.132 ecn_mark=222 drop=0
[QUEUE_STATS] t_ms=3440 q_pkts=292 q_bytes=439168 qdelay_l_ms=0.821624 qdelay_c_ms=151.97 ecn_mark=223 drop=0
[QUEUE_STATS] t_ms=3456 q_pkts=292 q_bytes=439168 qdelay_l_ms=1.09472 qdelay_c_ms=151.047 ecn_mark=223 drop=0
[QUEUE_STATS] t_ms=3472 q_pkts=292 q_bytes=439168 qdelay_l_ms=1.10547 qdelay_c_ms=153.323 ecn_mark=223 drop=0
[QUEUE_STATS] t_ms=3488 q_pkts=294 q_bytes=442176 qdelay_l_ms=1.08209 qdelay_c_ms=156.044 ecn_mark=224 drop=0
[QUEUE_STATS] t_ms=3504 q_pkts=294 q_bytes=442176 qdelay_l_ms=1.1037 qdelay_c_ms=153.879 ecn_mark=225 drop=0
[QUEUE_STATS] t_ms=3520 q_pkts=297 q_bytes=446688 qdelay_l_ms=1.08488 qdelay_c_ms=157.459 ecn_mark=227 drop=0
[QUEUE_STATS] t_ms=3536 q_pkts=300 q_bytes=451200 qdelay_l_ms=1.10577 qdelay_c_ms=158.631 ecn_mark=227 drop=0
[QUEUE_STATS] t_ms=3552 q_pkts=300 q_bytes=451200 qdelay_l_ms=1.0991 qdelay_c_ms=158.068 ecn_mark=228 drop=0
[QUEUE_STATS] t_ms=3568 q_pkts=299 q_bytes=449696 qdelay_l_ms=1.07946 qdelay_c_ms=161.211 ecn_mark=228 drop=0
[QUEUE_STATS] t_ms=3584 q_pkts=305 q_bytes=458720 qdelay_l_ms=0.78724 qdelay_c_ms=162.571 ecn_mark=229 drop=0
[QUEUE_STATS] t_ms=3600 q_pkts=303 q_bytes=455712 qdelay_l_ms=1.06494 qdelay_c_ms=160.929 ecn_mark=230 drop=0
[QUEUE_STATS] t_ms=3616 q_pkts=304 q_bytes=457216 qdelay_l_ms=0.970594 qdelay_c_ms=163.949 ecn_mark=230 drop=0
[QUEUE_STATS] t_ms=3632 q_pkts=308 q_bytes=463232 qdelay_l_ms=1.05774 qdelay_c_ms=164.958 ecn_mark=231 drop=0
[QUEUE_STATS] t_ms=3648 q_pkts=306 q_bytes=460224 qdelay_l_ms=0 qdelay_c_ms=164.186 ecn_mark=231 drop=0
[QUEUE_STATS] t_ms=3664 q_pkts=309 q_bytes=464736 qdelay_l_ms=0.784585 qdelay_c_ms=166.912 ecn_mark=231 drop=0
[QUEUE_STATS] t_ms=3680 q_pkts=313 q_bytes=470752 qdelay_l_ms=0.795355 qdelay_c_ms=167.997 ecn_mark=232 drop=0
[QUEUE_STATS] t_ms=3696 q_pkts=315 q_bytes=473760 qdelay_l_ms=1.08342 qdelay_c_ms=167.079 ecn_mark=233 drop=0
[QUEUE_STATS] t_ms=3712 q_pkts=317 q_bytes=476768 qdelay_l_ms=1.05085 qdelay_c_ms=171.082 ecn_mark=233 drop=0
[QUEUE_STATS] t_ms=3728 q_pkts=319 q_bytes=479776 qdelay_l_ms=1.08109 qdelay_c_ms=172.105 ecn_mark=233 drop=0
[QUEUE_STATS] t_ms=3744 q_pkts=318 q_bytes=478272 qdelay_l_ms=0.76062 qdelay_c_ms=172.64 ecn_mark=234 drop=0
[QUEUE_STATS] t_ms=3760 q_pkts=320 q_bytes=481280 qdelay_l_ms=1.06599 qdelay_c_ms=175.545 ecn_mark=235 drop=0
[QUEUE_STATS] t_ms=3776 q_pkts=323 q_bytes=485792 qdelay_l_ms=1.07207 qdelay_c_ms=175.082 ecn_mark=236 drop=0
[QUEUE_STATS] t_ms=3792 q_pkts=322 q_bytes=484288 qdelay_l_ms=1.07848 qdelay_c_ms=175.847 ecn_mark=238 drop=0
[QUEUE_STATS] t_ms=3808 q_pkts=326 q_bytes=490304 qdelay_l_ms=0.772362 qdelay_c_ms=178.731 ecn_mark=238 drop=0
[QUEUE_STATS] t_ms=3824 q_pkts=328 q_bytes=493312 qdelay_l_ms=0.981445 qdelay_c_ms=180.069 ecn_mark=238 drop=0
[QUEUE_STATS] t_ms=3840 q_pkts=328 q_bytes=493312 qdelay_l_ms=0.778914 qdelay_c_ms=179.995 ecn_mark=238 drop=0
[QUEUE_STATS] t_ms=3856 q_pkts=330 q_bytes=496320 qdelay_l_ms=1.07492 qdelay_c_ms=182.036 ecn_mark=239 drop=0
[QUEUE_STATS] t_ms=3872 q_pkts=330 q_bytes=496320 qdelay_l_ms=1.08913 qdelay_c_ms=183.114 ecn_mark=239 drop=0
[QUEUE_STATS] t_ms=3888 q_pkts=333 q_bytes=500832 qdelay_l_ms=0.768895 qdelay_c_ms=184.036 ecn_mark=241 drop=0
[QUEUE_STATS] t_ms=3904 q_pkts=332 q_bytes=499328 qdelay_l_ms=0.83008 qdelay_c_ms=184.799 ecn_mark=241 drop=0
[QUEUE_STATS] t_ms=3920 q_pkts=336 q_bytes=505344 qdelay_l_ms=1.08627 qdelay_c_ms=186.124 ecn_mark=242 drop=0
[QUEUE_STATS] t_ms=3936 q_pkts=336 q_bytes=505344 qdelay_l_ms=1.0825 qdelay_c_ms=185.84 ecn_mark=243 drop=0
[QUEUE_STATS] t_ms=3952 q_pkts=339 q_bytes=509856 qdelay_l_ms=1.07753 qdelay_c_ms=189.176 ecn_mark=243 drop=0
[QUEUE_STATS] t_ms=3968 q_pkts=339 q_bytes=509856 qdelay_l_ms=1.07079 qdelay_c_ms=189.954 ecn_mark=245 drop=0
[QUEUE_STATS] t_ms=3984 q_pkts=339 q_bytes=509856 qdelay_l_ms=1.06611 qdelay_c_ms=189.233 ecn_mark=247 drop=0
[QUEUE_STATS] t_ms=4000 q_pkts=342 q_bytes=514368 qdelay_l_ms=1.09128 qdelay_c_ms=192.286 ecn_mark=247 drop=0
[QUEUE_STATS] t_ms=4017 q_pkts=345 q_bytes=518880 qdelay_l_ms=1.08309 qdelay_c_ms=194.26 ecn_mark=250 drop=0
[QUEUE_STATS] t_ms=4032 q_pkts=339 q_bytes=509856 qdelay_l_ms=1.06372 qdelay_c_ms=194.071 ecn_mark=250 drop=0
[QUEUE_STATS] t_ms=4048 q_pkts=332 q_bytes=499328 qdelay_l_ms=1.07461 qdelay_c_ms=195.161 ecn_mark=250 drop=0
[QUEUE_STATS] t_ms=4064 q_pkts=324 q_bytes=487296 qdelay_l_ms=1.08456 qdelay_c_ms=196.993 ecn_mark=251 drop=0
[QUEUE_STATS] t_ms=4080 q_pkts=315 q_bytes=473760 qdelay_l_ms=0.748196 qdelay_c_ms=195.89 ecn_mark=251 drop=0
[QUEUE_STATS] t_ms=4096 q_pkts=308 q_bytes=463232 qdelay_l_ms=1.09666 qdelay_c_ms=199.025 ecn_mark=251 drop=0
[QUEUE_STATS] t_ms=4112 q_pkts=298 q_bytes=448192 qdelay_l_ms=0.821083 qdelay_c_ms=198.685 ecn_mark=253 drop=0
[QUEUE_STATS] t_ms=4128 q_pkts=288 q_bytes=433152 qdelay_l_ms=0.015189 qdelay_c_ms=199.192 ecn_mark=254 drop=0
[QUEUE_STATS] t_ms=4144 q_pkts=283 q_bytes=425632 qdelay_l_ms=1.08686 qdelay_c_ms=202.096 ecn_mark=254 drop=0
[QUEUE_STATS] t_ms=4160 q_pkts=273 q_bytes=410592 qdelay_l_ms=1.06372 qdelay_c_ms=201.844 ecn_mark=254 drop=0
[QUEUE_STATS] t_ms=4176 q_pkts=265 q_bytes=398560 qdelay_l_ms=1.0876 qdelay_c_ms=202.102 ecn_mark=254 drop=0
[QUEUE_STATS] t_ms=4192 q_pkts=260 q_bytes=391040 qdelay_l_ms=1.0662 qdelay_c_ms=205.07 ecn_mark=254 drop=0
[QUEUE_STATS] t_ms=4208 q_pkts=251 q_bytes=377504 qdelay_l_ms=0.758245 qdelay_c_ms=204.789 ecn_mark=254 drop=0
[QUEUE_STATS] t_ms=4224 q_pkts=244 q_bytes=366976 qdelay_l_ms=1.07468 qdelay_c_ms=206.15 ecn_mark=256 drop=0
[QUEUE_STATS] t_ms=4240 q_pkts=234 q_bytes=351936 qdelay_l_ms=1.06826 qdelay_c_ms=201.059 ecn_mark=256 drop=0
[QUEUE_STATS] t_ms=4256 q_pkts=229 q_bytes=344416 qdelay_l_ms=1.10672 qdelay_c_ms=194.992 ecn_mark=258 drop=0
[QUEUE_STATS] t_ms=4272 q_pkts=220 q_bytes=330880 qdelay_l_ms=1.07392 qdelay_c_ms=189.881 ecn_mark=259 drop=0
[QUEUE_STATS] t_ms=4288 q_pkts=221 q_bytes=332384 qdelay_l_ms=0.957109 qdelay_c_ms=180.02 ecn_mark=263 drop=0
[QUEUE_STATS] t_ms=4304 q_pkts=222 q_bytes=333888 qdelay_l_ms=1.04993 qdelay_c_ms=177.141 ecn_mark=265 drop=0
[QUEUE_STATS] t_ms=4320 q_pkts=223 q_bytes=335392 qdelay_l_ms=1.10003 qdelay_c_ms=171.851 ecn_mark=267 drop=0
[QUEUE_STATS] t_ms=4336 q_pkts=223 q_bytes=335392 qdelay_l_ms=1.06698 qdelay_c_ms=161.587 ecn_mark=267 drop=0
[QUEUE_STATS] t_ms=4352 q_pkts=224 q_bytes=336896 qdelay_l_ms=1.09666 qdelay_c_ms=159.049 ecn_mark=270 drop=0
[QUEUE_STATS] t_ms=4368 q_pkts=224 q_bytes=336896 qdelay_l_ms=1.0631 qdelay_c_ms=150.68 ecn_mark=272 drop=0
[QUEUE_STATS] t_ms=4384 q_pkts=225 q_bytes=338400 qdelay_l_ms=1.11648 qdelay_c_ms=143.856 ecn_mark=272 drop=0
[QUEUE_STATS] t_ms=4400 q_pkts=226 q_bytes=339904 qdelay_l_ms=1.0614 qdelay_c_ms=140.763 ecn_mark=272 drop=0
[QUEUE_STATS] t_ms=4416 q_pkts=226 q_bytes=339904 qdelay_l_ms=1.09263 qdelay_c_ms=135.958 ecn_mark=272 drop=0
[QUEUE_STATS] t_ms=4432 q_pkts=228 q_bytes=342912 qdelay_l_ms=1.10714 qdelay_c_ms=137.35 ecn_mark=272 drop=0
[QUEUE_STATS] t_ms=4448 q_pkts=228 q_bytes=342912 qdelay_l_ms=1.08429 qdelay_c_ms=139.207 ecn_mark=273 drop=0
[QUEUE_STATS] t_ms=4464 q_pkts=229 q_bytes=344416 qdelay_l_ms=1.11638 qdelay_c_ms=139.005 ecn_mark=273 drop=0
[QUEUE_STATS] t_ms=4480 q_pkts=228 q_bytes=342912 qdelay_l_ms=0.758526 qdelay_c_ms=139.7 ecn_mark=273 drop=0
[QUEUE_STATS] t_ms=4496 q_pkts=233 q_bytes=350432 qdelay_l_ms=0.731385 qdelay_c_ms=138.018 ecn_mark=273 drop=0
[QUEUE_STATS] t_ms=4512 q_pkts=231 q_bytes=347424 qdelay_l_ms=1.1047 qdelay_c_ms=141.071 ecn_mark=274 drop=0
[QUEUE_STATS] t_ms=4528 q_pkts=232 q_bytes=348928 qdelay_l_ms=1.10651 qdelay_c_ms=140.917 ecn_mark=274 drop=0
[QUEUE_STATS] t_ms=4544 q_pkts=232 q_bytes=348928 qdelay_l_ms=1.09456 qdelay_c_ms=139.23 ecn_mark=274 drop=0
[QUEUE_STATS] t_ms=4560 q_pkts=233 q_bytes=350432 qdelay_l_ms=1.10616 qdelay_c_ms=143.155 ecn_mark=274 drop=0
[QUEUE_STATS] t_ms=4576 q_pkts=234 q_bytes=351936 qdelay_l_ms=1.08116 qdelay_c_ms=143.72 ecn_mark=275 drop=0
[QUEUE_STATS] t_ms=4592 q_pkts=235 q_bytes=353440 qdelay_l_ms=0.72848 qdelay_c_ms=141.958 ecn_mark=278 drop=0
[QUEUE_STATS] t_ms=4608 q_pkts=237 q_bytes=356448 qdelay_l_ms=1.0842 qdelay_c_ms=145.11 ecn_mark=279 drop=0
[QUEUE_STATS] t_ms=4624 q_pkts=237 q_bytes=354996 qdelay_l_ms=0 qdelay_c_ms=145.652 ecn_mark=280 drop=0
[QUEUE_STATS] t_ms=4640 q_pkts=237 q_bytes=354996 qdelay_l_ms=1.08151 qdelay_c_ms=144.814 ecn_mark=281 drop=0
[QUEUE_STATS] t_ms=4656 q_pkts=240 q_bytes=359508 qdelay_l_ms=1.08501 qdelay_c_ms=147.117 ecn_mark=283 drop=0
[QUEUE_STATS] t_ms=4672 q_pkts=239 q_bytes=358004 qdelay_l_ms=1.06717 qdelay_c_ms=146.126 ecn_mark=286 drop=0
[QUEUE_STATS] t_ms=4688 q_pkts=239 q_bytes=358004 qdelay_l_ms=0.030377 qdelay_c_ms=147.12 ecn_mark=286 drop=0
[QUEUE_STATS] t_ms=4704 q_pkts=241 q_bytes=361012 qdelay_l_ms=0.93124 qdelay_c_ms=149.134 ecn_mark=288 drop=0
[QUEUE_STATS] t_ms=4720 q_pkts=243 q_bytes=364020 qdelay_l_ms=1.08433 qdelay_c_ms=145.802 ecn_mark=288 drop=0
[QUEUE_STATS] t_ms=4736 q_pkts=244 q_bytes=365524 qdelay_l_ms=1.07284 qdelay_c_ms=151.146 ecn_mark=289 drop=0
[QUEUE_STATS] t_ms=4752 q_pkts=244 q_bytes=365524 qdelay_l_ms=1.08907 qdelay_c_ms=152.032 ecn_mark=289 drop=0
[QUEUE_STATS] t_ms=4768 q_pkts=244 q_bytes=366976 qdelay_l_ms=1.07518 qdelay_c_ms=147.14 ecn_mark=289 drop=0
[QUEUE_STATS] t_ms=4784 q_pkts=246 q_bytes=369984 qdelay_l_ms=1.10691 qdelay_c_ms=152.057 ecn_mark=289 drop=0
[QUEUE_STATS] t_ms=4800 q_pkts=246 q_bytes=369984 qdelay_l_ms=1.06204 qdelay_c_ms=151.572 ecn_mark=291 drop=0
[QUEUE_STATS] t_ms=4816 q_pkts=247 q_bytes=371488 qdelay_l_ms=1.07519 qdelay_c_ms=151.082 ecn_mark=292 drop=0
[QUEUE_STATS] t_ms=4832 q_pkts=248 q_bytes=372992 qdelay_l_ms=1.10314 qdelay_c_ms=155.042 ecn_mark=293 drop=0
[QUEUE_STATS] t_ms=4848 q_pkts=239 q_bytes=359456 qdelay_l_ms=1.06874 qdelay_c_ms=154.068 ecn_mark=293 drop=0
[QUEUE_STATS] t_ms=4864 q_pkts=231 q_bytes=347424 qdelay_l_ms=1.07459 qdelay_c_ms=151.908 ecn_mark=297 drop=0
[QUEUE_STATS] t_ms=4880 q_pkts=225 q_bytes=338400 qdelay_l_ms=1.05834 qdelay_c_ms=157.457 ecn_mark=299 drop=0
[QUEUE_STATS] t_ms=4896 q_pkts=217 q_bytes=326368 qdelay_l_ms=1.0673 qdelay_c_ms=154.913 ecn_mark=303 drop=0
[QUEUE_STATS] t_ms=4912 q_pkts=207 q_bytes=311328 qdelay_l_ms=1.06035 qdelay_c_ms=155.922 ecn_mark=304 drop=0
[QUEUE_STATS] t_ms=4928 q_pkts=203 q_bytes=305312 qdelay_l_ms=1.09842 qdelay_c_ms=158.999 ecn_mark=304 drop=0
[QUEUE_STATS] t_ms=4944 q_pkts=194 q_bytes=291776 qdelay_l_ms=1.09426 qdelay_c_ms=156.142 ecn_mark=306 drop=0
[QUEUE_STATS] t_ms=4961 q_pkts=187 q_bytes=281248 qdelay_l_ms=1.08796 qdelay_c_ms=159.253 ecn_mark=306 drop=0
[QUEUE_STATS] t_ms=4976 q_pkts=180 q_bytes=270720 qdelay_l_ms=1.10314 qdelay_c_ms=162.287 ecn_mark=309 drop=0
[QUEUE_STATS] t_ms=4992 q_pkts=172 q_bytes=258688 qdelay_l_ms=1.07995 qdelay_c_ms=158.188 ecn_mark=310 drop=0
[QUEUE_STATS] t_ms=5008 q_pkts=166 q_bytes=249664 qdelay_l_ms=1.07653 qdelay_c_ms=154.011 ecn_mark=310 drop=0
[QUEUE_STATS] t_ms=5024 q_pkts=158 q_bytes=237632 qdelay_l_ms=1.0467 qdelay_c_ms=143.526 ecn_mark=310 drop=0
[QUEUE_STATS] t_ms=5040 q_pkts=156 q_bytes=234624 qdelay_l_ms=0.733028 qdelay_c_ms=137.869 ecn_mark=311 drop=0
[QUEUE_STATS] t_ms=5056 q_pkts=154 q_bytes=231616 qdelay_l_ms=0.955556 qdelay_c_ms=130.149 ecn_mark=313 drop=0
[QUEUE_STATS] t_ms=5072 q_pkts=155 q_bytes=233120 qdelay_l_ms=0.735372 qdelay_c_ms=124.949 ecn_mark=314 drop=0
[QUEUE_STATS] t_ms=5088 q_pkts=153 q_bytes=230112 qdelay_l_ms=1.05152 qdelay_c_ms=114.895 ecn_mark=317 drop=0
[QUEUE_STATS] t_ms=5104 q_pkts=155 q_bytes=233120 qdelay_l_ms=1.07986 qdelay_c_ms=113.003 ecn_mark=318 drop=0
[QUEUE_STATS] t_ms=5120 q_pkts=155 q_bytes=233120 qdelay_l_ms=1.09625 qdelay_c_ms=99.9799 ecn_mark=318 drop=0
[QUEUE_STATS] t_ms=5137 q_pkts=156 q_bytes=234624 qdelay_l_ms=1.07823 qdelay_c_ms=100.306 ecn_mark=320 drop=0
[QUEUE_STATS] t_ms=5152 q_pkts=156 q_bytes=234624 qdelay_l_ms=1.07534 qdelay_c_ms=98.0152 ecn_mark=320 drop=0
[QUEUE_STATS] t_ms=5168 q_pkts=158 q_bytes=237632 qdelay_l_ms=1.0289 qdelay_c_ms=100.167 ecn_mark=321 drop=0
[QUEUE_STATS] t_ms=5184 q_pkts=156 q_bytes=234624 qdelay_l_ms=1.09006 qdelay_c_ms=100.949 ecn_mark=321 drop=0
[QUEUE_STATS] t_ms=5200 q_pkts=158 q_bytes=237632 qdelay_l_ms=0.727908 qdelay_c_ms=98.7766 ecn_mark=321 drop=0
[QUEUE_STATS] t_ms=5216 q_pkts=157 q_bytes=236128 qdelay_l_ms=0.730392 qdelay_c_ms=99.7153 ecn_mark=321 drop=0
[QUEUE_STATS] t_ms=5233 q_pkts=159 q_bytes=239136 qdelay_l_ms=1.10432 qdelay_c_ms=101.43 ecn_mark=323 drop=0
[QUEUE_STATS] t_ms=5248 q_pkts=159 q_bytes=239136 qdelay_l_ms=0.740792 qdelay_c_ms=99.0083 ecn_mark=323 drop=0
[QUEUE_STATS] t_ms=5264 q_pkts=161 q_bytes=242144 qdelay_l_ms=1.07249 qdelay_c_ms=101.903 ecn_mark=324 drop=0
[QUEUE_STATS] t_ms=5280 q_pkts=158 q_bytes=237632 qdelay_l_ms=0.733498 qdelay_c_ms=101.832 ecn_mark=327 drop=0
[QUEUE_STATS] t_ms=5296 q_pkts=163 q_bytes=245152 qdelay_l_ms=1.05822 qdelay_c_ms=101.072 ecn_mark=327 drop=0
[QUEUE_STATS] t_ms=5312 q_pkts=162 q_bytes=243648 qdelay_l_ms=1.07286 qdelay_c_ms=102.215 ecn_mark=329 drop=0
[QUEUE_STATS] t_ms=5328 q_pkts=160 q_bytes=240640 qdelay_l_ms=1.08668 qdelay_c_ms=101.846 ecn_mark=330 drop=0
[QUEUE_STATS] t_ms=5344 q_pkts=162 q_bytes=243648 qdelay_l_ms=1.08042 qdelay_c_ms=101.06 ecn_mark=332 drop=0
[QUEUE_STATS] t_ms=5360 q_pkts=161 q_bytes=242144 qdelay_l_ms=1.1093 qdelay_c_ms=104.122 ecn_mark=334 drop=0
[QUEUE_STATS] t_ms=5377 q_pkts=160 q_bytes=240640 qdelay_l_ms=1.10636 qdelay_c_ms=103.166 ecn_mark=336 drop=0
[QUEUE_STATS] t_ms=5392 q_pkts=161 q_bytes=242144 qdelay_l_ms=0.736324 qdelay_c_ms=102.942 ecn_mark=340 drop=0
[QUEUE_STATS] t_ms=5408 q_pkts=162 q_bytes=243648 qdelay_l_ms=1.0862 qdelay_c_ms=104.121 ecn_mark=344 drop=0
[QUEUE_STATS] t_ms=5424 q_pkts=161 q_bytes=242144 qdelay_l_ms=1.08536 qdelay_c_ms=102.581 ecn_mark=344 drop=0
[QUEUE_STATS] t_ms=5440 q_pkts=158 q_bytes=237632 qdelay_l_ms=0.724592 qdelay_c_ms=101.768 ecn_mark=346 drop=0
[QUEUE_STATS] t_ms=5456 q_pkts=148 q_bytes=222592 qdelay_l_ms=1.09617 qdelay_c_ms=103.075 ecn_mark=348 drop=0
[QUEUE_STATS] t_ms=5472 q_pkts=142 q_bytes=213568 qdelay_l_ms=1.10349 qdelay_c_ms=102.042 ecn_mark=350 drop=0
[QUEUE_STATS] t_ms=5488 q_pkts=133 q_bytes=200032 qdelay_l_ms=1.10514 qdelay_c_ms=103.064 ecn_mark=350 drop=0
[QUEUE_STATS] t_ms=5504 q_pkts=126 q_bytes=189504 qdelay_l_ms=1.0728 qdelay_c_ms=104.271 ecn_mark=352 drop=0
[QUEUE_STATS] t_ms=5520 q_pkts=119 q_bytes=178976 qdelay_l_ms=1.09301 qdelay_c_ms=102.042 ecn_mark=353 drop=0
[QUEUE_STATS] t_ms=5536 q_pkts=109 q_bytes=163936 qdelay_l_ms=1.08289 qdelay_c_ms=99.0827 ecn_mark=353 drop=0
[QUEUE_STATS] t_ms=5553 q_pkts=103 q_bytes=154912 qdelay_l_ms=1.10319 qdelay_c_ms=93.0503 ecn_mark=353 drop=0
[QUEUE_STATS] t_ms=5568 q_pkts=94 q_bytes=141376 qdelay_l_ms=0.747916 qdelay_c_ms=85.9498 ecn_mark=354 drop=0
[QUEUE_STATS] t_ms=5584 q_pkts=96 q_bytes=144384 qdelay_l_ms=0.73452 qdelay_c_ms=76.7955 ecn_mark=354 drop=0
[QUEUE_STATS] t_ms=5600 q_pkts=92 q_bytes=138368 qdelay_l_ms=1.07828 qdelay_c_ms=72.4001 ecn_mark=354 drop=0
[QUEUE_STATS] t_ms=5616 q_pkts=94 q_bytes=141376 qdelay_l_ms=0.738738 qdelay_c_ms=63.5142 ecn_mark=357 drop=0
[QUEUE_STATS] t_ms=5632 q_pkts=96 q_bytes=144384 qdelay_l_ms=1.09276 qdelay_c_ms=58.0287 ecn_mark=358 drop=0
[QUEUE_STATS] t_ms=5648 q_pkts=96 q_bytes=144384 qdelay_l_ms=1.10221 qdelay_c_ms=59.1923 ecn_mark=361 drop=0
[QUEUE_STATS] t_ms=5664 q_pkts=95 q_bytes=142880 qdelay_l_ms=0.746873 qdelay_c_ms=56.9392 ecn_mark=361 drop=0
[QUEUE_STATS] t_ms=5680 q_pkts=94 q_bytes=141376 qdelay_l_ms=1.09919 qdelay_c_ms=59.0374 ecn_mark=362 drop=0
[QUEUE_STATS] t_ms=5696 q_pkts=96 q_bytes=144384 qdelay_l_ms=1.07502 qdelay_c_ms=61.0363 ecn_mark=363 drop=0
[QUEUE_STATS] t_ms=5712 q_pkts=97 q_bytes=145888 qdelay_l_ms=1.08238 qdelay_c_ms=58.2544 ecn_mark=364 drop=0
[QUEUE_STATS] t_ms=5728 q_pkts=95 q_bytes=142880 qdelay_l_ms=1.09268 qdelay_c_ms=59.0375 ecn_mark=367 drop=0
[QUEUE_STATS] t_ms=5744 q_pkts=98 q_bytes=147392 qdelay_l_ms=1.09371 qdelay_c_ms=61.0215 ecn_mark=367 drop=0
[QUEUE_STATS] t_ms=5760 q_pkts=99 q_bytes=148896 qdelay_l_ms=1.07671 qdelay_c_ms=59.0173 ecn_mark=368 drop=0
[QUEUE_STATS] t_ms=5776 q_pkts=95 q_bytes=142880 qdelay_l_ms=1.09455 qdelay_c_ms=56.9819 ecn_mark=368 drop=0
[QUEUE_STATS] t_ms=5792 q_pkts=96 q_bytes=144384 qdelay_l_ms=1.07648 qdelay_c_ms=59.4276 ecn_mark=369 drop=0
[QUEUE_STATS] t_ms=5808 q_pkts=100 q_bytes=150400 qdelay_l_ms=1.09728 qdelay_c_ms=58.4206 ecn_mark=374 drop=0
[QUEUE_STATS] t_ms=5824 q_pkts=99 q_bytes=148896 qdelay_l_ms=1.11133 qdelay_c_ms=59.1276 ecn_mark=374 drop=0
[QUEUE_STATS] t_ms=5840 q_pkts=96 q_bytes=144384 qdelay_l_ms=1.08061 qdelay_c_ms=59.9874 ecn_mark=376 drop=0
[QUEUE_STATS] t_ms=5856 q_pkts=99 q_bytes=148896 qdelay_l_ms=1.09339 qdelay_c_ms=57.9424 ecn_mark=379 drop=0
[QUEUE_STATS] t_ms=5872 q_pkts=99 q_bytes=148896 qdelay_l_ms=0.775858 qdelay_c_ms=61.7832 ecn_mark=382 drop=0
[QUEUE_STATS] t_ms=5888 q_pkts=99 q_bytes=148896 qdelay_l_ms=1.08573 qdelay_c_ms=61.1598 ecn_mark=384 drop=0
[QUEUE_STATS] t_ms=5904 q_pkts=98 q_bytes=147392 qdelay_l_ms=1.08817 qdelay_c_ms=58.9817 ecn_mark=385 drop=0
[QUEUE_STATS] t_ms=5921 q_pkts=101 q_bytes=151904 qdelay_l_ms=1.09342 qdelay_c_ms=62.19 ecn_mark=386 drop=0
[QUEUE_STATS] t_ms=5936 q_pkts=99 q_bytes=148896 qdelay_l_ms=1.08127 qdelay_c_ms=60.9739 ecn_mark=387 drop=0
[QUEUE_STATS] t_ms=5953 q_pkts=99 q_bytes=148896 qdelay_l_ms=1.09812 qdelay_c_ms=58.4093 ecn_mark=390 drop=0
[QUEUE_STATS] t_ms=5968 q_pkts=100 q_bytes=150400 qdelay_l_ms=1.09477 qdelay_c_ms=60.8308 ecn_mark=392 drop=0
[QUEUE_STATS] t_ms=5984 q_pkts=101 q_bytes=151904 qdelay_l_ms=0.775828 qdelay_c_ms=59.6559 ecn_mark=393 drop=0
[QUEUE_STATS] t_ms=6000 q_pkts=98 q_bytes=147392 qdelay_l_ms=0.950998 qdelay_c_ms=59.9735 ecn_mark=394 drop=0
[QUEUE_STATS] t_ms=6016 q_pkts=100 q_bytes=150400 qdelay_l_ms=0.953772 qdelay_c_ms=60.0514 ecn_mark=394 drop=0
[QUEUE_STATS] t_ms=6032 q_pkts=101 q_bytes=151904 qdelay_l_ms=1.06709 qdelay_c_ms=60.1431 ecn_mark=395 drop=0
[QUEUE_STATS] t_ms=6048 q_pkts=98 q_bytes=147392 qdelay_l_ms=0.937572 qdelay_c_ms=60.0799 ecn_mark=395 drop=0
[QUEUE_STATS] t_ms=6064 q_pkts=99 q_bytes=148896 qdelay_l_ms=1.08969 qdelay_c_ms=58.9055 ecn_mark=396 drop=0
[QUEUE_STATS] t_ms=6080 q_pkts=102 q_bytes=153408 qdelay_l_ms=1.09075 qdelay_c_ms=57.9939 ecn_mark=398 drop=0
[QUEUE_STATS] t_ms=6096 q_pkts=101 q_bytes=151904 qdelay_l_ms=0.94736 qdelay_c_ms=60.0202 ecn_mark=400 drop=0
[QUEUE_STATS] t_ms=6112 q_pkts=102 q_bytes=153408 qdelay_l_ms=1.10836 qdelay_c_ms=60.1251 ecn_mark=401 drop=0
[QUEUE_STATS] t_ms=6128 q_pkts=102 q_bytes=153408 qdelay_l_ms=1.10401 qdelay_c_ms=60.0652 ecn_mark=404 drop=0
[QUEUE_STATS] t_ms=6145 q_pkts=102 q_bytes=153408 qdelay_l_ms=1.07615 qdelay_c_ms=62.3128 ecn_mark=405 drop=0
[QUEUE_STATS] t_ms=6160 q_pkts=102 q_bytes=153408 qdelay_l_ms=1.10295 qdelay_c_ms=58.6352 ecn_mark=405 drop=0
[QUEUE_STATS] t_ms=6176 q_pkts=104 q_bytes=156416 qdelay_l_ms=1.09353 qdelay_c_ms=59.9519 ecn_mark=409 drop=0
[QUEUE_STATS] t_ms=6192 q_pkts=102 q_bytes=153408 qdelay_l_ms=0.777742 qdelay_c_ms=62.0061 ecn_mark=411 drop=0
[QUEUE_STATS] t_ms=6208 q_pkts=102 q_bytes=153408 qdelay_l_ms=1.07022 qdelay_c_ms=58.0318 ecn_mark=413 drop=0
[QUEUE_STATS] t_ms=6224 q_pkts=103 q_bytes=154912 qdelay_l_ms=1.0749 qdelay_c_ms=61.104 ecn_mark=415 drop=0
[QUEUE_STATS] t_ms=6240 q_pkts=101 q_bytes=151904 qdelay_l_ms=0.810413 qdelay_c_ms=60.9222 ecn_mark=415 drop=0
[QUEUE_STATS] t_ms=6256 q_pkts=102 q_bytes=153408 qdelay_l_ms=0.80868 qdelay_c_ms=56.7353 ecn_mark=417 drop=0
[QUEUE_STATS] t_ms=6272 q_pkts=102 q_bytes=153408 qdelay_l_ms=1.06946 qdelay_c_ms=61.2635 ecn_mark=418 drop=0
[QUEUE_STATS] t_ms=6288 q_pkts=105 q_bytes=157920 qdelay_l_ms=1.08329 qdelay_c_ms=60.1467 ecn_mark=419 drop=0
[QUEUE_STATS] t_ms=6304 q_pkts=102 q_bytes=153408 qdelay_l_ms=0.864705 qdelay_c_ms=57.9011 ecn_mark=420 drop=0
[QUEUE_STATS] t_ms=6320 q_pkts=102 q_bytes=153408 qdelay_l_ms=1.08887 qdelay_c_ms=60.2212 ecn_mark=422 drop=0
[QUEUE_STATS] t_ms=6336 q_pkts=104 q_bytes=156416 qdelay_l_ms=0.968801 qdelay_c_ms=58.7758 ecn_mark=423 drop=0
[QUEUE_STATS] t_ms=6352 q_pkts=102 q_bytes=153408 qdelay_l_ms=1.08831 qdelay_c_ms=59.0972 ecn_mark=424 drop=0
[QUEUE_STATS] t_ms=6368 q_pkts=101 q_bytes=151904 qdelay_l_ms=1.0795 qdelay_c_ms=60.4363 ecn_mark=424 drop=0
[QUEUE_STATS] t_ms=6384 q_pkts=105 q_bytes=157920 qdelay_l_ms=1.0761 qdelay_c_ms=58.9057 ecn_mark=424 drop=0
[QUEUE_STATS] t_ms=6400 q_pkts=105 q_bytes=157920 qdelay_l_ms=1.07658 qdelay_c_ms=58.9391 ecn_mark=425 drop=0
[QUEUE_STATS] t_ms=6416 q_pkts=105 q_bytes=157920 qdelay_l_ms=0.677303 qdelay_c_ms=60.8125 ecn_mark=426 drop=0
[QUEUE_STATS] t_ms=6432 q_pkts=104 q_bytes=156416 qdelay_l_ms=1.0756 qdelay_c_ms=57.914 ecn_mark=426 drop=0
[QUEUE_STATS] t_ms=6448 q_pkts=102 q_bytes=153408 qdelay_l_ms=1.0735 qdelay_c_ms=58.0626 ecn_mark=427 drop=0
[QUEUE_STATS] t_ms=6464 q_pkts=103 q_bytes=154912 qdelay_l_ms=1.0665 qdelay_c_ms=61.0134 ecn_mark=427 drop=0
[QUEUE_STATS] t_ms=6480 q_pkts=105 q_bytes=157920 qdelay_l_ms=1.08654 qdelay_c_ms=58.8055 ecn_mark=427 drop=0
[QUEUE_STATS] t_ms=6496 q_pkts=100 q_bytes=150400 qdelay_l_ms=0 qdelay_c_ms=58.2831 ecn_mark=429 drop=0
[QUEUE_STATS] t_ms=6512 q_pkts=101 q_bytes=151904 qdelay_l_ms=0.043161 qdelay_c_ms=58.9188 ecn_mark=433 drop=0
[QUEUE_STATS] t_ms=6528 q_pkts=104 q_bytes=156416 qdelay_l_ms=1.08192 qdelay_c_ms=59.983 ecn_mark=434 drop=0
[QUEUE_STATS] t_ms=6544 q_pkts=107 q_bytes=160928 qdelay_l_ms=0.97876 qdelay_c_ms=60.9263 ecn_mark=436 drop=0
[QUEUE_STATS] t_ms=6560 q_pkts=106 q_bytes=159424 qdelay_l_ms=1.0616 qdelay_c_ms=60.026 ecn_mark=436 drop=0
[QUEUE_STATS] t_ms=6576 q_pkts=105 q_bytes=157920 qdelay_l_ms=1.08716 qdelay_c_ms=60.0171 ecn_mark=436 drop=0
[QUEUE_STATS] t_ms=6592 q_pkts=103 q_bytes=154912 qdelay_l_ms=0.797759 qdelay_c_ms=60.8181 ecn_mark=436 drop=0
[QUEUE_STATS] t_ms=6608 q_pkts=107 q_bytes=160928 qdelay_l_ms=0.990221 qdelay_c_ms=59.9438 ecn_mark=436 drop=0
[QUEUE_STATS] t_ms=6624 q_pkts=106 q_bytes=159424 qdelay_l_ms=0.793041 qdelay_c_ms=59.0554 ecn_mark=438 drop=0
[QUEUE_STATS] t_ms=6640 q_pkts=106 q_bytes=159424 qdelay_l_ms=1.07085 qdelay_c_ms=60.4295 ecn_mark=440 drop=0
[QUEUE_STATS] t_ms=6656 q_pkts=107 q_bytes=160928 qdelay_l_ms=0.805454 qdelay_c_ms=59.8294 ecn_mark=440 drop=0
[QUEUE_STATS] t_ms=6672 q_pkts=106 q_bytes=159424 qdelay_l_ms=0.801767 qdelay_c_ms=58.7317 ecn_mark=442 drop=0
[QUEUE_STATS] t_ms=6689 q_pkts=108 q_bytes=162432 qdelay_l_ms=1.08822 qdelay_c_ms=61.0535 ecn_mark=445 drop=0
[QUEUE_STATS] t_ms=6704 q_pkts=107 q_bytes=160928 qdelay_l_ms=0.799012 qdelay_c_ms=59.9742 ecn_mark=445 drop=0
[QUEUE_STATS] t_ms=6720 q_pkts=105 q_bytes=157920 qdelay_l_ms=0.928785 qdelay_c_ms=59.8253 ecn_mark=447 drop=0
[QUEUE_STATS] t_ms=6736 q_pkts=109 q_bytes=163936 qdelay_l_ms=0.8355 qdelay_c_ms=60.7788 ecn_mark=450 drop=0
[QUEUE_STATS] t_ms=6752 q_pkts=110 q_bytes=165440 qdelay_l_ms=1.09874 qdelay_c_ms=59.7509 ecn_mark=450 drop=0
[QUEUE_STATS] t_ms=6768 q_pkts=105 q_bytes=157920 qdelay_l_ms=1.07244 qdelay_c_ms=60.1708 ecn_mark=452 drop=0
[QUEUE_STATS] t_ms=6784 q_pkts=107 q_bytes=160928 qdelay_l_ms=1.06102 qdelay_c_ms=58.9019 ecn_mark=452 drop=0
[QUEUE_STATS] t_ms=6800 q_pkts=108 q_bytes=162432 qdelay_l_ms=1.06911 qdelay_c_ms=59.772 ecn_mark=453 drop=0
[QUEUE_STATS] t_ms=6816 q_pkts=105 q_bytes=157920 qdelay_l_ms=1.08185 qdelay_c_ms=60.0252 ecn_mark=453 drop=0
[QUEUE_STATS] t_ms=6832 q_pkts=108 q_bytes=162432 qdelay_l_ms=0.817065 qdelay_c_ms=59.7719 ecn_mark=457 drop=0
[QUEUE_STATS] t_ms=6848 q_pkts=111 q_bytes=166944 qdelay_l_ms=0.828878 qdelay_c_ms=60.9093 ecn_mark=458 drop=0
[QUEUE_STATS] t_ms=6864 q_pkts=106 q_bytes=159424 qdelay_l_ms=1.08459 qdelay_c_ms=59.8684 ecn_mark=458 drop=0
[QUEUE_STATS] t_ms=6880 q_pkts=107 q_bytes=160928 qdelay_l_ms=0.968881 qdelay_c_ms=58.0684 ecn_mark=459 drop=0
[QUEUE_STATS] t_ms=6896 q_pkts=109 q_bytes=163936 qdelay_l_ms=0.830281 qdelay_c_ms=59.8276 ecn_mark=461 drop=0
[QUEUE_STATS] t_ms=6912 q_pkts=106 q_bytes=159424 qdelay_l_ms=0.845088 qdelay_c_ms=60.64 ecn_mark=464 drop=0
[QUEUE_STATS] t_ms=6928 q_pkts=105 q_bytes=157920 qdelay_l_ms=1.06039 qdelay_c_ms=59.1294 ecn_mark=464 drop=0
[QUEUE_STATS] t_ms=6944 q_pkts=109 q_bytes=163936 qdelay_l_ms=1.09531 qdelay_c_ms=58.2241 ecn_mark=464 drop=0
[QUEUE_STATS] t_ms=6960 q_pkts=108 q_bytes=162432 qdelay_l_ms=0.677433 qdelay_c_ms=59.8181 ecn_mark=464 drop=0
[QUEUE_STATS] t_ms=6976 q_pkts=109 q_bytes=163936 qdelay_l_ms=1.0617 qdelay_c_ms=59.1595 ecn_mark=464 drop=0
[QUEUE_STATS] t_ms=6992 q_pkts=110 q_bytes=165440 qdelay_l_ms=0.819991 qdelay_c_ms=60.7864 ecn_mark=467 drop=0
[QUEUE_STATS] t_ms=7008 q_pkts=110 q_bytes=165440 qdelay_l_ms=0.740942 qdelay_c_ms=60.8883 ecn_mark=468 drop=0
[QUEUE_STATS] t_ms=7024 q_pkts=109 q_bytes=163936 qdelay_l_ms=0.777271 qdelay_c_ms=59.9132 ecn_mark=470 drop=0
[QUEUE_STATS] t_ms=7040 q_pkts=110 q_bytes=165440 qdelay_l_ms=1.08169 qdelay_c_ms=61.0359 ecn_mark=470 drop=0
[QUEUE_STATS] t_ms=7056 q_pkts=110 q_bytes=165440 qdelay_l_ms=1.0582 qdelay_c_ms=61.062 ecn_mark=472 drop=0
[QUEUE_STATS] t_ms=7072 q_pkts=110 q_bytes=165440 qdelay_l_ms=1.07508 qdelay_c_ms=62.0964 ecn_mark=472 drop=0
[QUEUE_STATS] t_ms=7088 q_pkts=110 q_bytes=165440 qdelay_l_ms=0.812668 qdelay_c_ms=61.9902 ecn_mark=472 drop=0
[QUEUE_STATS] t_ms=7104 q_pkts=109 q_bytes=163936 qdelay_l_ms=0.992966 qdelay_c_ms=60.2504 ecn_mark=474 drop=0
[QUEUE_STATS] t_ms=7120 q_pkts=112 q_bytes=168448 qdelay_l_ms=1.06756 qdelay_c_ms=61.949 ecn_mark=474 drop=0
[QUEUE_STATS] t_ms=7136 q_pkts=111 q_bytes=166944 qdelay_l_ms=0.926541 qdelay_c_ms=60.8626 ecn_mark=477 drop=0
[QUEUE_STATS] t_ms=7152 q_pkts=110 q_bytes=165440 qdelay_l_ms=1.06348 qdelay_c_ms=59.8033 ecn_mark=481 drop=0
[QUEUE_STATS] t_ms=7168 q_pkts=110 q_bytes=165440 qdelay_l_ms=1.07191 qdelay_c_ms=61.9103 ecn_mark=482 drop=0
[QUEUE_STATS] t_ms=7184 q_pkts=109 q_bytes=163936 qdelay_l_ms=0.806866 qdelay_c_ms=59.8722 ecn_mark=483 drop=0
[QUEUE_STATS] t_ms=7200 q_pkts=105 q_bytes=157920 qdelay_l_ms=1.06174 qdelay_c_ms=61.2464 ecn_mark=484 drop=0
[QUEUE_STATS] t_ms=7216 q_pkts=97 q_bytes=145888 qdelay_l_ms=0.854146 qdelay_c_ms=61.7203 ecn_mark=488 drop=0
[QUEUE_STATS] t_ms=7232 q_pkts=86 q_bytes=129344 qdelay_l_ms=0.845169 qdelay_c_ms=59.8249 ecn_mark=488 drop=0
[QUEUE_STATS] t_ms=7248 q_pkts=78 q_bytes=117312 qdelay_l_ms=1.06007 qdelay_c_ms=60.9829 ecn_mark=489 drop=0
[QUEUE_STATS] t_ms=7264 q_pkts=69 q_bytes=103776 qdelay_l_ms=0.593085 qdelay_c_ms=50.7568 ecn_mark=490 drop=0
[QUEUE_STATS] t_ms=7280 q_pkts=61 q_bytes=91744 qdelay_l_ms=0.861829 qdelay_c_ms=48.1418 ecn_mark=491 drop=0
[QUEUE_STATS] t_ms=7296 q_pkts=52 q_bytes=78208 qdelay_l_ms=0.795275 qdelay_c_ms=39.0119 ecn_mark=494 drop=0
[QUEUE_STATS] t_ms=7312 q_pkts=54 q_bytes=81216 qdelay_l_ms=1.06451 qdelay_c_ms=32.0312 ecn_mark=494 drop=0
[QUEUE_STATS] t_ms=7328 q_pkts=56 q_bytes=84224 qdelay_l_ms=1.09081 qdelay_c_ms=28.4106 ecn_mark=495 drop=0
[QUEUE_STATS] t_ms=7344 q_pkts=53 q_bytes=79712 qdelay_l_ms=1.02138 qdelay_c_ms=29.9793 ecn_mark=496 drop=0
[QUEUE_STATS] t_ms=7360 q_pkts=55 q_bytes=82720 qdelay_l_ms=0.819851 qdelay_c_ms=26.7677 ecn_mark=498 drop=0
[QUEUE_STATS] t_ms=7376 q_pkts=55 q_bytes=82720 qdelay_l_ms=0.858834 qdelay_c_ms=29.0175 ecn_mark=498 drop=0
[QUEUE_STATS] t_ms=7392 q_pkts=55 q_bytes=82720 qdelay_l_ms=1.06028 qdelay_c_ms=29.1071 ecn_mark=500 drop=0
[QUEUE_STATS] t_ms=7408 q_pkts=56 q_bytes=84224 qdelay_l_ms=1.0764 qdelay_c_ms=30.0365 ecn_mark=501 drop=0
[QUEUE_STATS] t_ms=7424 q_pkts=55 q_bytes=82720 qdelay_l_ms=0.814601 qdelay_c_ms=29.7645 ecn_mark=503 drop=0
[QUEUE_STATS] t_ms=7440 q_pkts=52 q_bytes=78208 qdelay_l_ms=0 qdelay_c_ms=28.3288 ecn_mark=505 drop=0
[QUEUE_STATS] t_ms=7456 q_pkts=54 q_bytes=81216 qdelay_l_ms=1.06318 qdelay_c_ms=28.0123 ecn_mark=506 drop=0
[QUEUE_STATS] t_ms=7472 q_pkts=59 q_bytes=88736 qdelay_l_ms=0.809201 qdelay_c_ms=29.9916 ecn_mark=507 drop=0
[QUEUE_STATS] t_ms=7488 q_pkts=52 q_bytes=78208 qdelay_l_ms=1.07792 qdelay_c_ms=28.8864 ecn_mark=507 drop=0
[QUEUE_STATS] t_ms=7504 q_pkts=43 q_bytes=64672 qdelay_l_ms=1.07117 qdelay_c_ms=29.2561 ecn_mark=508 drop=0
[QUEUE_STATS] t_ms=7520 q_pkts=35 q_bytes=52640 qdelay_l_ms=0 qdelay_c_ms=26.8293 ecn_mark=509 drop=0
[QUEUE_STATS] t_ms=7536 q_pkts=24 q_bytes=36096 qdelay_l_ms=1.04523 qdelay_c_ms=17.1679 ecn_mark=510 drop=0
[QUEUE_STATS] t_ms=7552 q_pkts=15 q_bytes=22560 qdelay_l_ms=0.892337 qdelay_c_ms=11.0103 ecn_mark=510 drop=0
[QUEUE_STATS] t_ms=7568 q_pkts=17 q_bytes=25568 qdelay_l_ms=0.791388 qdelay_c_ms=7.13686 ecn_mark=510 drop=0
[QUEUE_STATS] t_ms=7584 q_pkts=16 q_bytes=24064 qdelay_l_ms=0.809361 qdelay_c_ms=6.83841 ecn_mark=512 drop=0
[QUEUE_STATS] t_ms=7600 q_pkts=18 q_bytes=27072 qdelay_l_ms=1.06964 qdelay_c_ms=8.98191 ecn_mark=513 drop=0
[QUEUE_STATS] t_ms=7616 q_pkts=19 q_bytes=28576 qdelay_l_ms=1.06519 qdelay_c_ms=8.97311 ecn_mark=513 drop=0
[QUEUE_STATS] t_ms=7632 q_pkts=18 q_bytes=27072 qdelay_l_ms=0.67542 qdelay_c_ms=9.04323 ecn_mark=515 drop=0
[QUEUE_STATS] t_ms=7648 q_pkts=17 q_bytes=25568 qdelay_l_ms=1.07825 qdelay_c_ms=9.19111 ecn_mark=516 drop=0
[QUEUE_STATS] t_ms=7664 q_pkts=19 q_bytes=28576 qdelay_l_ms=1.06579 qdelay_c_ms=10.0055 ecn_mark=517 drop=0
[QUEUE_STATS] t_ms=7680 q_pkts=16 q_bytes=24064 qdelay_l_ms=0.8296 qdelay_c_ms=8.94339 ecn_mark=517 drop=0
[QUEUE_STATS] t_ms=7696 q_pkts=20 q_bytes=30080 qdelay_l_ms=1.06545 qdelay_c_ms=9.17728 ecn_mark=517 drop=0
[QUEUE_STATS] t_ms=7712 q_pkts=18 q_bytes=27072 qdelay_l_ms=0.875004 qdelay_c_ms=9.65857 ecn_mark=520 drop=0
[QUEUE_STATS] t_ms=7728 q_pkts=18 q_bytes=27072 qdelay_l_ms=1.05745 qdelay_c_ms=9.24322 ecn_mark=522 drop=0
[QUEUE_STATS] t_ms=7745 q_pkts=21 q_bytes=31584 qdelay_l_ms=1.09087 qdelay_c_ms=9.13794 ecn_mark=523 drop=0
[QUEUE_STATS] t_ms=7760 q_pkts=21 q_bytes=31584 qdelay_l_ms=1.0759 qdelay_c_ms=9.797 ecn_mark=525 drop=0
[QUEUE_STATS] t_ms=7776 q_pkts=19 q_bytes=28576 qdelay_l_ms=1.08103 qdelay_c_ms=11.0844 ecn_mark=527 drop=0
[QUEUE_STATS] t_ms=7792 q_pkts=18 q_bytes=27072 qdelay_l_ms=0.833346 qdelay_c_ms=9.91226 ecn_mark=528 drop=0
[QUEUE_STATS] t_ms=7808 q_pkts=20 q_bytes=30080 qdelay_l_ms=1.09669 qdelay_c_ms=9.1568 ecn_mark=528 drop=0
[QUEUE_STATS] t_ms=7824 q_pkts=20 q_bytes=30080 qdelay_l_ms=1.08796 qdelay_c_ms=10.7853 ecn_mark=529 drop=0
[QUEUE_STATS] t_ms=7840 q_pkts=21 q_bytes=31584 qdelay_l_ms=0.813149 qdelay_c_ms=9.36403 ecn_mark=530 drop=0
[QUEUE_STATS] t_ms=7857 q_pkts=22 q_bytes=33088 qdelay_l_ms=1.06619 qdelay_c_ms=10.235 ecn_mark=531 drop=0
[QUEUE_STATS] t_ms=7872 q_pkts=20 q_bytes=30080 qdelay_l_ms=1.07119 qdelay_c_ms=11.3625 ecn_mark=533 drop=0
[QUEUE_STATS] t_ms=7888 q_pkts=23 q_bytes=34592 qdelay_l_ms=1.10248 qdelay_c_ms=12.3858 ecn_mark=533 drop=0
[QUEUE_STATS] t_ms=7904 q_pkts=24 q_bytes=36096 qdelay_l_ms=1.10362 qdelay_c_ms=11.8147 ecn_mark=535 drop=0
[QUEUE_STATS] t_ms=7920 q_pkts=20 q_bytes=30080 qdelay_l_ms=1.07091 qdelay_c_ms=11.3488 ecn_mark=535 drop=0
[QUEUE_STATS] t_ms=7936 q_pkts=24 q_bytes=36096 qdelay_l_ms=1.07374 qdelay_c_ms=9.08436 ecn_mark=537 drop=0
[QUEUE_STATS] t_ms=7952 q_pkts=23 q_bytes=34592 qdelay_l_ms=0.901694 qdelay_c_ms=11.9267 ecn_mark=537 drop=0
[QUEUE_STATS] t_ms=7968 q_pkts=22 q_bytes=33088 qdelay_l_ms=0.823037 qdelay_c_ms=11.6269 ecn_mark=539 drop=0
[QUEUE_STATS] t_ms=7984 q_pkts=21 q_bytes=31584 qdelay_l_ms=0.909479 qdelay_c_ms=9.00945 ecn_mark=542 drop=0
[QUEUE_STATS] t_ms=8000 q_pkts=21 q_bytes=31584 qdelay_l_ms=1.09104 qdelay_c_ms=11.2536 ecn_mark=542 drop=0
[QUEUE_STATS] t_ms=8016 q_pkts=23 q_bytes=34592 qdelay_l_ms=1.09833 qdelay_c_ms=11.0315 ecn_mark=543 drop=0
[QUEUE_STATS] t_ms=8032 q_pkts=22 q_bytes=33088 qdelay_l_ms=1.11562 qdelay_c_ms=10.1213 ecn_mark=544 drop=0
[QUEUE_STATS] t_ms=8048 q_pkts=24 q_bytes=36096 qdelay_l_ms=1.08213 qdelay_c_ms=11.9713 ecn_mark=545 drop=0
[QUEUE_STATS] t_ms=8064 q_pkts=23 q_bytes=34592 qdelay_l_ms=1.0967 qdelay_c_ms=9.89198 ecn_mark=546 drop=0
[QUEUE_STATS] t_ms=8080 q_pkts=22 q_bytes=33088 qdelay_l_ms=1.06801 qdelay_c_ms=12.1457 ecn_mark=547 drop=0
[QUEUE_STATS] t_ms=8096 q_pkts=24 q_bytes=36096 qdelay_l_ms=0.90434 qdelay_c_ms=12.699 ecn_mark=550 drop=0
[QUEUE_STATS] t_ms=8112 q_pkts=23 q_bytes=34592 qdelay_l_ms=1.08773 qdelay_c_ms=10.1728 ecn_mark=552 drop=0
[QUEUE_STATS] t_ms=8128 q_pkts=21 q_bytes=31584 qdelay_l_ms=0.633961 qdelay_c_ms=10.8002 ecn_mark=553 drop=0
[QUEUE_STATS] t_ms=8144 q_pkts=23 q_bytes=34592 qdelay_l_ms=1.11355 qdelay_c_ms=11.9116 ecn_mark=554 drop=0
[QUEUE_STATS] t_ms=8160 q_pkts=23 q_bytes=34592 qdelay_l_ms=0.953963 qdelay_c_ms=10.4979 ecn_mark=556 drop=0
[QUEUE_STATS] t_ms=8176 q_pkts=20 q_bytes=30080 qdelay_l_ms=0.850588 qdelay_c_ms=10.8805 ecn_mark=557 drop=0
[QUEUE_STATS] t_ms=8192 q_pkts=23 q_bytes=34592 qdelay_l_ms=1.09636 qdelay_c_ms=10.8993 ecn_mark=557 drop=0
[QUEUE_STATS] t_ms=8208 q_pkts=25 q_bytes=37600 qdelay_l_ms=0.900823 qdelay_c_ms=11.1195 ecn_mark=557 drop=0
[QUEUE_STATS] t_ms=8224 q_pkts=24 q_bytes=36096 qdelay_l_ms=0.892928 qdelay_c_ms=11.9623 ecn_mark=558 drop=0
[QUEUE_STATS] t_ms=8240 q_pkts=25 q_bytes=37600 qdelay_l_ms=1.03581 qdelay_c_ms=13.0704 ecn_mark=558 drop=0
[QUEUE_STATS] t_ms=8256 q_pkts=26 q_bytes=39104 qdelay_l_ms=0.935659 qdelay_c_ms=10.8874 ecn_mark=559 drop=0
[QUEUE_STATS] t_ms=8272 q_pkts=24 q_bytes=36096 qdelay_l_ms=0.921071 qdelay_c_ms=13.194 ecn_mark=559 drop=0
[QUEUE_STATS] t_ms=8288 q_pkts=25 q_bytes=37600 qdelay_l_ms=0.921642 qdelay_c_ms=13.8838 ecn_mark=560 drop=0
[QUEUE_STATS] t_ms=8304 q_pkts=25 q_bytes=37600 qdelay_l_ms=1.10013 qdelay_c_ms=9.94028 ecn_mark=560 drop=0
[QUEUE_STATS] t_ms=8321 q_pkts=25 q_bytes=37600 qdelay_l_ms=1.09532 qdelay_c_ms=13.2923 ecn_mark=561 drop=0
[QUEUE_STATS] t_ms=8336 q_pkts=25 q_bytes=37600 qdelay_l_ms=0.906995 qdelay_c_ms=13.8577 ecn_mark=562 drop=0
[QUEUE_STATS] t_ms=8352 q_pkts=25 q_bytes=37600 qdelay_l_ms=1.10028 qdelay_c_ms=11.8173 ecn_mark=564 drop=0
[QUEUE_STATS] t_ms=8368 q_pkts=25 q_bytes=37600 qdelay_l_ms=0.816304 qdelay_c_ms=12.0459 ecn_mark=565 drop=0
[QUEUE_STATS] t_ms=8384 q_pkts=27 q_bytes=40608 qdelay_l_ms=1.07048 qdelay_c_ms=12.8167 ecn_mark=565 drop=0
[QUEUE_STATS] t_ms=8400 q_pkts=25 q_bytes=37600 qdelay_l_ms=1.07091 qdelay_c_ms=13.8806 ecn_mark=565 drop=0
[QUEUE_STATS] t_ms=8416 q_pkts=27 q_bytes=40608 qdelay_l_ms=0.827605 qdelay_c_ms=12.6859 ecn_mark=565 drop=0
[QUEUE_STATS] t_ms=8432 q_pkts=29 q_bytes=43616 qdelay_l_ms=1.10132 qdelay_c_ms=12.9623 ecn_mark=566 drop=0
[QUEUE_STATS] t_ms=8448 q_pkts=26 q_bytes=39104 qdelay_l_ms=0.618502 qdelay_c_ms=13.6697 ecn_mark=567 drop=0
[QUEUE_STATS] t_ms=8465 q_pkts=29 q_bytes=43616 qdelay_l_ms=1.06425 qdelay_c_ms=15.2558 ecn_mark=568 drop=0
[QUEUE_STATS] t_ms=8480 q_pkts=29 q_bytes=43616 qdelay_l_ms=0.92584 qdelay_c_ms=13.1184 ecn_mark=569 drop=0
[QUEUE_STATS] t_ms=8496 q_pkts=26 q_bytes=39104 qdelay_l_ms=1.08087 qdelay_c_ms=14.2543 ecn_mark=569 drop=0
[QUEUE_STATS] t_ms=8512 q_pkts=29 q_bytes=43616 qdelay_l_ms=0.98453 qdelay_c_ms=13.7164 ecn_mark=569 drop=0
[QUEUE_STATS] t_ms=8528 q_pkts=28 q_bytes=42112 qdelay_l_ms=0.889462 qdelay_c_ms=13.94 ecn_mark=572 drop=0
[QUEUE_STATS] t_ms=8544 q_pkts=28 q_bytes=42112 qdelay_l_ms=0.935077 qdelay_c_ms=13.8842 ecn_mark=572 drop=0
[QUEUE_STATS] t_ms=8560 q_pkts=28 q_bytes=42112 qdelay_l_ms=0.828988 qdelay_c_ms=12.6305 ecn_mark=572 drop=0
[QUEUE_STATS] t_ms=8576 q_pkts=28 q_bytes=42112 qdelay_l_ms=1.09967 qdelay_c_ms=14.1746 ecn_mark=573 drop=0
[QUEUE_STATS] t_ms=8592 q_pkts=26 q_bytes=39104 qdelay_l_ms=1.0645 qdelay_c_ms=15.2474 ecn_mark=573 drop=0
[QUEUE_STATS] t_ms=8608 q_pkts=28 q_bytes=42112 qdelay_l_ms=1.08539 qdelay_c_ms=10.9969 ecn_mark=574 drop=0
[QUEUE_STATS] t_ms=8624 q_pkts=29 q_bytes=43616 qdelay_l_ms=1.06422 qdelay_c_ms=15.0589 ecn_mark=574 drop=0
[QUEUE_STATS] t_ms=8640 q_pkts=27 q_bytes=40608 qdelay_l_ms=0.818709 qdelay_c_ms=15.8039 ecn_mark=575 drop=0
[QUEUE_STATS] t_ms=8656 q_pkts=29 q_bytes=43616 qdelay_l_ms=1.10428 qdelay_c_ms=12.0053 ecn_mark=577 drop=0
[QUEUE_STATS] t_ms=8672 q_pkts=31 q_bytes=46624 qdelay_l_ms=1.12011 qdelay_c_ms=15.0366 ecn_mark=578 drop=0
[QUEUE_STATS] t_ms=8688 q_pkts=29 q_bytes=43616 qdelay_l_ms=1.09717 qdelay_c_ms=15.8013 ecn_mark=579 drop=0
[QUEUE_STATS] t_ms=8704 q_pkts=29 q_bytes=43616 qdelay_l_ms=1.06953 qdelay_c_ms=13.0958 ecn_mark=579 drop=0
[QUEUE_STATS] t_ms=8720 q_pkts=24 q_bytes=36096 qdelay_l_ms=0 qdelay_c_ms=15.1889 ecn_mark=580 drop=0
[QUEUE_STATS] t_ms=8736 q_pkts=31 q_bytes=46624 qdelay_l_ms=1.0909 qdelay_c_ms=15.1717 ecn_mark=582 drop=0
[QUEUE_STATS] t_ms=8752 q_pkts=29 q_bytes=43616 qdelay_l_ms=0.84611 qdelay_c_ms=15.0048 ecn_mark=585 drop=0
[QUEUE_STATS] t_ms=8768 q_pkts=30 q_bytes=45120 qdelay_l_ms=0.813078 qdelay_c_ms=15.1425 ecn_mark=586 drop=0
[QUEUE_STATS] t_ms=8784 q_pkts=30 q_bytes=45120 qdelay_l_ms=1.09358 qdelay_c_ms=15.0723 ecn_mark=586 drop=0
[QUEUE_STATS] t_ms=8800 q_pkts=30 q_bytes=45120 qdelay_l_ms=1.06826 qdelay_c_ms=16.1306 ecn_mark=586 drop=0
[QUEUE_STATS] t_ms=8816 q_pkts=32 q_bytes=48128 qdelay_l_ms=0.826132 qdelay_c_ms=14.6471 ecn_mark=588 drop=0
[QUEUE_STATS] t_ms=8832 q_pkts=31 q_bytes=46624 qdelay_l_ms=1.07567 qdelay_c_ms=12.9956 ecn_mark=589 drop=0
[QUEUE_STATS] t_ms=8848 q_pkts=28 q_bytes=42112 qdelay_l_ms=1.06447 qdelay_c_ms=14.9494 ecn_mark=592 drop=0
[QUEUE_STATS] t_ms=8864 q_pkts=30 q_bytes=45120 qdelay_l_ms=0.910201 qdelay_c_ms=15.7428 ecn_mark=594 drop=0
[QUEUE_STATS] t_ms=8880 q_pkts=29 q_bytes=43616 qdelay_l_ms=1.0518 qdelay_c_ms=14.9562 ecn_mark=595 drop=0
[QUEUE_STATS] t_ms=8896 q_pkts=22 q_bytes=33088 qdelay_l_ms=1.07214 qdelay_c_ms=15.196 ecn_mark=596 drop=0
[QUEUE_STATS] t_ms=8912 q_pkts=14 q_bytes=21056 qdelay_l_ms=0.657947 qdelay_c_ms=9.01403 ecn_mark=596 drop=0
[QUEUE_STATS] t_ms=8928 q_pkts=5 q_bytes=7520 qdelay_l_ms=0.834509 qdelay_c_ms=1.87508 ecn_mark=598 drop=0
[QUEUE_STATS] t_ms=8944 q_pkts=4 q_bytes=6016 qdelay_l_ms=1.07538 qdelay_c_ms=1.0678 ecn_mark=598 drop=0
[QUEUE_STATS] t_ms=8960 q_pkts=5 q_bytes=7520 qdelay_l_ms=0.816113 qdelay_c_ms=1.73731 ecn_mark=598 drop=0
[QUEUE_STATS] t_ms=8976 q_pkts=6 q_bytes=9024 qdelay_l_ms=1.03055 qdelay_c_ms=2.16082 ecn_mark=598 drop=0
[QUEUE_STATS] t_ms=8992 q_pkts=4 q_bytes=6016 qdelay_l_ms=1.07065 qdelay_c_ms=1.09571 ecn_mark=600 drop=0
[QUEUE_STATS] t_ms=9008 q_pkts=5 q_bytes=7520 qdelay_l_ms=1.08699 qdelay_c_ms=1.97909 ecn_mark=600 drop=0
[QUEUE_STATS] t_ms=9024 q_pkts=5 q_bytes=7520 qdelay_l_ms=1.06314 qdelay_c_ms=1.98947 ecn_mark=602 drop=0
[QUEUE_STATS] t_ms=9040 q_pkts=5 q_bytes=7520 qdelay_l_ms=1.0712 qdelay_c_ms=1.98756 ecn_mark=603 drop=0
[QUEUE_STATS] t_ms=9056 q_pkts=5 q_bytes=7520 qdelay_l_ms=1.06877 qdelay_c_ms=2.01644 ecn_mark=604 drop=0
[QUEUE_STATS] t_ms=9072 q_pkts=6 q_bytes=9024 qdelay_l_ms=1.09161 qdelay_c_ms=2.99395 ecn_mark=605 drop=0
[QUEUE_STATS] t_ms=9088 q_pkts=5 q_bytes=7520 qdelay_l_ms=1.09926 qdelay_c_ms=1.0923 ecn_mark=606 drop=0
[QUEUE_STATS] t_ms=9104 q_pkts=6 q_bytes=9024 qdelay_l_ms=0.898248 qdelay_c_ms=2.03923 ecn_mark=608 drop=0
[QUEUE_STATS] t_ms=9120 q_pkts=7 q_bytes=10528 qdelay_l_ms=1.09359 qdelay_c_ms=3.12031 ecn_mark=608 drop=0
[QUEUE_STATS] t_ms=9136 q_pkts=5 q_bytes=7520 qdelay_l_ms=0.913326 qdelay_c_ms=2.03047 ecn_mark=609 drop=0
[QUEUE_STATS] t_ms=9152 q_pkts=5 q_bytes=7520 qdelay_l_ms=1.07696 qdelay_c_ms=2.17025 ecn_mark=610 drop=0
[QUEUE_STATS] t_ms=9168 q_pkts=6 q_bytes=9024 qdelay_l_ms=1.10346 qdelay_c_ms=3.28828 ecn_mark=611 drop=0
[QUEUE_STATS] t_ms=9184 q_pkts=6 q_bytes=9024 qdelay_l_ms=0.917965 qdelay_c_ms=2.83663 ecn_mark=611 drop=0
[QUEUE_STATS] t_ms=9200 q_pkts=5 q_bytes=7520 qdelay_l_ms=1.09651 qdelay_c_ms=1.08961 ecn_mark=612 drop=0
[QUEUE_STATS] t_ms=9216 q_pkts=7 q_bytes=10528 qdelay_l_ms=1.09848 qdelay_c_ms=1.8878 ecn_mark=614 drop=0
[QUEUE_STATS] t_ms=9232 q_pkts=5 q_bytes=7520 qdelay_l_ms=1.09488 qdelay_c_ms=2.00761 ecn_mark=614 drop=0
[QUEUE_STATS] t_ms=9248 q_pkts=6 q_bytes=9024 qdelay_l_ms=1.03781 qdelay_c_ms=1.03212 ecn_mark=616 drop=0
[QUEUE_STATS] t_ms=9264 q_pkts=8 q_bytes=12032 qdelay_l_ms=0.917635 qdelay_c_ms=2.95382 ecn_mark=618 drop=0
[QUEUE_STATS] t_ms=9280 q_pkts=5 q_bytes=7520 qdelay_l_ms=1.10678 qdelay_c_ms=3.28177 ecn_mark=618 drop=0
[QUEUE_STATS] t_ms=9296 q_pkts=6 q_bytes=9024 qdelay_l_ms=1.06693 qdelay_c_ms=1.09742 ecn_mark=618 drop=0
[QUEUE_STATS] t_ms=9312 q_pkts=4 q_bytes=6016 qdelay_l_ms=0.043141 qdelay_c_ms=1.12501 ecn_mark=620 drop=0
[QUEUE_STATS] t_ms=9328 q_pkts=8 q_bytes=12032 qdelay_l_ms=1.09097 qdelay_c_ms=3.14886 ecn_mark=620 drop=0
[QUEUE_STATS] t_ms=9344 q_pkts=6 q_bytes=9024 qdelay_l_ms=1.08602 qdelay_c_ms=2.17066 ecn_mark=623 drop=0
[QUEUE_STATS] t_ms=9360 q_pkts=5 q_bytes=7520 qdelay_l_ms=1.07951 qdelay_c_ms=2.21577 ecn_mark=624 drop=0
[QUEUE_STATS] t_ms=9376 q_pkts=7 q_bytes=10528 qdelay_l_ms=0.833697 qdelay_c_ms=1.89802 ecn_mark=626 drop=0
[QUEUE_STATS] t_ms=9392 q_pkts=5 q_bytes=7520 qdelay_l_ms=1.0462 qdelay_c_ms=2.18664 ecn_mark=628 drop=0
[QUEUE_STATS] t_ms=9408 q_pkts=6 q_bytes=9024 qdelay_l_ms=1.09233 qdelay_c_ms=1.99041 ecn_mark=628 drop=0
[QUEUE_STATS] t_ms=9424 q_pkts=7 q_bytes=10528 qdelay_l_ms=1.09714 qdelay_c_ms=2.15956 ecn_mark=628 drop=0
[QUEUE_STATS] t_ms=9440 q_pkts=7 q_bytes=10528 qdelay_l_ms=1.09041 qdelay_c_ms=2.16203 ecn_mark=632 drop=0
[QUEUE_STATS] t_ms=9456 q_pkts=7 q_bytes=10528 qdelay_l_ms=1.09252 qdelay_c_ms=1.90679 ecn_mark=632 drop=0
[QUEUE_STATS] t_ms=9472 q_pkts=5 q_bytes=7520 qdelay_l_ms=1.04298 qdelay_c_ms=3.24224 ecn_mark=632 drop=0
[QUEUE_STATS] t_ms=9488 q_pkts=8 q_bytes=12032 qdelay_l_ms=1.10716 qdelay_c_ms=2.00916 ecn_mark=634 drop=0
[QUEUE_STATS] t_ms=9504 q_pkts=7 q_bytes=10528 qdelay_l_ms=1.07067 qdelay_c_ms=3.15009 ecn_mark=635 drop=0
[QUEUE_STATS] t_ms=9520 q_pkts=7 q_bytes=10528 qdelay_l_ms=0.930118 qdelay_c_ms=2.98051 ecn_mark=636 drop=0
[QUEUE_STATS] t_ms=9536 q_pkts=5 q_bytes=7520 qdelay_l_ms=1.03367 qdelay_c_ms=2.14138 ecn_mark=636 drop=0
[QUEUE_STATS] t_ms=9552 q_pkts=7 q_bytes=10528 qdelay_l_ms=0.911834 qdelay_c_ms=2.88625 ecn_mark=637 drop=0
[QUEUE_STATS] t_ms=9568 q_pkts=2 q_bytes=3008 qdelay_l_ms=0 qdelay_c_ms=2.15844 ecn_mark=637 drop=0
[QUEUE_STATS] t_ms=9584 q_pkts=7 q_bytes=10528 qdelay_l_ms=1.10852 qdelay_c_ms=1.10123 ecn_mark=637 drop=0
[QUEUE_STATS] t_ms=9600 q_pkts=6 q_bytes=9024 qdelay_l_ms=1.10947 qdelay_c_ms=1.9338 ecn_mark=637 drop=0
[QUEUE_STATS] t_ms=9616 q_pkts=10 q_bytes=15040 qdelay_l_ms=1.06794 qdelay_c_ms=3.94559 ecn_mark=639 drop=0
[QUEUE_STATS] t_ms=9632 q_pkts=11 q_bytes=16544 qdelay_l_ms=1.10377 qdelay_c_ms=3.12308 ecn_mark=639 drop=0
[QUEUE_STATS] t_ms=9648 q_pkts=7 q_bytes=10528 qdelay_l_ms=0.813108 qdelay_c_ms=2.66556 ecn_mark=640 drop=0
[QUEUE_STATS] t_ms=9664 q_pkts=8 q_bytes=12032 qdelay_l_ms=1.08849 qdelay_c_ms=3.13077 ecn_mark=641 drop=0
[QUEUE_STATS] t_ms=9680 q_pkts=8 q_bytes=12032 qdelay_l_ms=0.914368 qdelay_c_ms=2.86294 ecn_mark=641 drop=0
[QUEUE_STATS] t_ms=9696 q_pkts=9 q_bytes=13536 qdelay_l_ms=0.909539 qdelay_c_ms=2.95293 ecn_mark=643 drop=0
[QUEUE_STATS] t_ms=9713 q_pkts=7 q_bytes=10528 qdelay_l_ms=1.08721 qdelay_c_ms=3.21433 ecn_mark=645 drop=0
[QUEUE_STATS] t_ms=9728 q_pkts=10 q_bytes=15040 qdelay_l_ms=1.02624 qdelay_c_ms=3.09479 ecn_mark=645 drop=0
[QUEUE_STATS] t_ms=9744 q_pkts=8 q_bytes=12032 qdelay_l_ms=0.685728 qdelay_c_ms=4.94134 ecn_mark=647 drop=0
[QUEUE_STATS] t_ms=9760 q_pkts=9 q_bytes=13536 qdelay_l_ms=1.09485 qdelay_c_ms=3.29603 ecn_mark=650 drop=0
[QUEUE_STATS] t_ms=9776 q_pkts=9 q_bytes=13536 qdelay_l_ms=0.832294 qdelay_c_ms=3.64619 ecn_mark=650 drop=0
[QUEUE_STATS] t_ms=9792 q_pkts=9 q_bytes=13536 qdelay_l_ms=0.832575 qdelay_c_ms=3.64766 ecn_mark=651 drop=0
[QUEUE_STATS] t_ms=9808 q_pkts=10 q_bytes=15040 qdelay_l_ms=1.07596 qdelay_c_ms=3.14362 ecn_mark=651 drop=0
[QUEUE_STATS] t_ms=9824 q_pkts=11 q_bytes=16544 qdelay_l_ms=0.907325 qdelay_c_ms=4.08576 ecn_mark=652 drop=0
[QUEUE_STATS] t_ms=9840 q_pkts=10 q_bytes=15040 qdelay_l_ms=1.09975 qdelay_c_ms=4.58728 ecn_mark=655 drop=0
[QUEUE_STATS] t_ms=9856 q_pkts=6 q_bytes=9024 qdelay_l_ms=0.831112 qdelay_c_ms=2.86894 ecn_mark=655 drop=0
[QUEUE_STATS] t_ms=9872 q_pkts=8 q_bytes=12032 qdelay_l_ms=0.926401 qdelay_c_ms=4.06706 ecn_mark=655 drop=0
[QUEUE_STATS] t_ms=9888 q_pkts=8 q_bytes=12032 qdelay_l_ms=1.07132 qdelay_c_ms=3.94607 ecn_mark=656 drop=0
[QUEUE_STATS] t_ms=9904 q_pkts=10 q_bytes=15040 qdelay_l_ms=1.09769 qdelay_c_ms=5.97673 ecn_mark=659 drop=0
[QUEUE_STATS] t_ms=9920 q_pkts=11 q_bytes=16544 qdelay_l_ms=1.06571 qdelay_c_ms=4.896 ecn_mark=659 drop=0
[QUEUE_STATS] t_ms=9936 q_pkts=8 q_bytes=12032 qdelay_l_ms=0.92021 qdelay_c_ms=4.86017 ecn_mark=661 drop=0
[QUEUE_STATS] t_ms=9952 q_pkts=9 q_bytes=13536 qdelay_l_ms=1.0816 qdelay_c_ms=4.61764 ecn_mark=663 drop=0
[QUEUE_STATS] t_ms=9968 q_pkts=12 q_bytes=18048 qdelay_l_ms=1.10051 qdelay_c_ms=4.04728 ecn_mark=664 drop=0
[QUEUE_STATS] t_ms=9984 q_pkts=11 q_bytes=16544 qdelay_l_ms=0.839578 qdelay_c_ms=4.89111 ecn_mark=666 drop=0
[QUEUE_STATS] t_ms=10000 q_pkts=10 q_bytes=15040 qdelay_l_ms=1.05561 qdelay_c_ms=5.19778 ecn_mark=667 drop=0
[QUEUE_STATS] t_ms=10016 q_pkts=9 q_bytes=13536 qdelay_l_ms=0.933234 qdelay_c_ms=3.92261 ecn_mark=670 drop=0
[QUEUE_STATS] t_ms=10032 q_pkts=11 q_bytes=16544 qdelay_l_ms=1.10125 qdelay_c_ms=4.93587 ecn_mark=671 drop=0
[QUEUE_STATS] t_ms=10048 q_pkts=11 q_bytes=16544 qdelay_l_ms=0.832325 qdelay_c_ms=4.74697 ecn_mark=673 drop=0
[QUEUE_STATS] t_ms=10064 q_pkts=12 q_bytes=18048 qdelay_l_ms=0.927112 qdelay_c_ms=5.91622 ecn_mark=673 drop=0
[QUEUE_STATS] t_ms=10080 q_pkts=8 q_bytes=12032 qdelay_l_ms=0.932613 qdelay_c_ms=4.76052 ecn_mark=674 drop=0
[QUEUE_STATS] t_ms=10096 q_pkts=12 q_bytes=18048 qdelay_l_ms=1.09803 qdelay_c_ms=2.84003 ecn_mark=674 drop=0
[QUEUE_STATS] t_ms=10112 q_pkts=14 q_bytes=21056 qdelay_l_ms=0.854316 qdelay_c_ms=5.0055 ecn_mark=674 drop=0
[QUEUE_STATS] t_ms=10128 q_pkts=10 q_bytes=15040 qdelay_l_ms=0.923125 qdelay_c_ms=4.97029 ecn_mark=674 drop=0
[QUEUE_STATS] t_ms=10144 q_pkts=9 q_bytes=13536 qdelay_l_ms=1.08365 qdelay_c_ms=3.91639 ecn_mark=674 drop=0
[QUEUE_STATS] t_ms=10161 q_pkts=13 q_bytes=19552 qdelay_l_ms=1.07111 qdelay_c_ms=7.40932 ecn_mark=674 drop=0
[QUEUE_STATS] t_ms=10176 q_pkts=13 q_bytes=19552 qdelay_l_ms=0.907596 qdelay_c_ms=6.10478 ecn_mark=674 drop=0
[QUEUE_STATS] t_ms=10192 q_pkts=11 q_bytes=16544 qdelay_l_ms=1.0535 qdelay_c_ms=5.14944 ecn_mark=675 drop=0
[QUEUE_STATS] t_ms=10208 q_pkts=15 q_bytes=22560 qdelay_l_ms=1.03469 qdelay_c_ms=4.71925 ecn_mark=676 drop=0
[QUEUE_STATS] t_ms=10224 q_pkts=16 q_bytes=24064 qdelay_l_ms=1.11124 qdelay_c_ms=6.17105 ecn_mark=676 drop=0
[QUEUE_STATS] t_ms=10240 q_pkts=14 q_bytes=21056 qdelay_l_ms=1.08134 qdelay_c_ms=7.04473 ecn_mark=677 drop=0
[QUEUE_STATS] t_ms=10256 q_pkts=15 q_bytes=22560 qdelay_l_ms=0.928726 qdelay_c_ms=6.40974 ecn_mark=678 drop=0
[QUEUE_STATS] t_ms=10272 q_pkts=13 q_bytes=19552 qdelay_l_ms=0.939926 qdelay_c_ms=6.17438 ecn_mark=679 drop=0
[QUEUE_STATS] t_ms=10288 q_pkts=14 q_bytes=21056 qdelay_l_ms=1.03072 qdelay_c_ms=6.25622 ecn_mark=681 drop=0
[QUEUE_STATS] t_ms=10304 q_pkts=15 q_bytes=22560 qdelay_l_ms=1.05505 qdelay_c_ms=7.34573 ecn_mark=683 drop=0
[QUEUE_STATS] t_ms=10320 q_pkts=16 q_bytes=24064 qdelay_l_ms=0.93612 qdelay_c_ms=7.00311 ecn_mark=684 drop=0
[QUEUE_STATS] t_ms=10336 q_pkts=13 q_bytes=19552 qdelay_l_ms=1.10034 qdelay_c_ms=7.26062 ecn_mark=684 drop=0
[QUEUE_STATS] t_ms=10352 q_pkts=16 q_bytes=24064 qdelay_l_ms=0.906995 qdelay_c_ms=6.73627 ecn_mark=686 drop=0
[QUEUE_STATS] t_ms=10368 q_pkts=16 q_bytes=24064 qdelay_l_ms=1.06102 qdelay_c_ms=6.95902 ecn_mark=686 drop=0
[QUEUE_STATS] t_ms=10384 q_pkts=16 q_bytes=24064 qdelay_l_ms=0.933464 qdelay_c_ms=7.71505 ecn_mark=687 drop=0
[QUEUE_STATS] t_ms=10400 q_pkts=17 q_bytes=25568 qdelay_l_ms=0.814852 qdelay_c_ms=6.67662 ecn_mark=687 drop=0
[QUEUE_STATS] t_ms=10416 q_pkts=17 q_bytes=25568 qdelay_l_ms=0.93131 qdelay_c_ms=6.80934 ecn_mark=689 drop=0
[QUEUE_STATS] t_ms=10432 q_pkts=16 q_bytes=24064 qdelay_l_ms=0.92578 qdelay_c_ms=7.59499 ecn_mark=690 drop=0
[QUEUE_STATS] t_ms=10448 q_pkts=15 q_bytes=22560 qdelay_l_ms=1.07071 qdelay_c_ms=6.88475 ecn_mark=690 drop=0
[QUEUE_STATS] t_ms=10464 q_pkts=15 q_bytes=22560 qdelay_l_ms=0.903548 qdelay_c_ms=8.16384 ecn_mark=692 drop=0
[QUEUE_STATS] t_ms=10480 q_pkts=17 q_bytes=25568 qdelay_l_ms=1.06555 qdelay_c_ms=8.03278 ecn_mark=695 drop=0
[QUEUE_STATS] t_ms=10496 q_pkts=18 q_bytes=27072 qdelay_l_ms=1.07054 qdelay_c_ms=9.13823 ecn_mark=696 drop=0
[QUEUE_STATS] t_ms=10512 q_pkts=15 q_bytes=22560 qdelay_l_ms=1.10346 qdelay_c_ms=9.20617 ecn_mark=700 drop=0
[QUEUE_STATS] t_ms=10528 q_pkts=17 q_bytes=25568 qdelay_l_ms=1.1051 qdelay_c_ms=8.20969 ecn_mark=703 drop=0
[QUEUE_STATS] t_ms=10544 q_pkts=19 q_bytes=28576 qdelay_l_ms=0.821734 qdelay_c_ms=7.76711 ecn_mark=703 drop=0
[QUEUE_STATS] t_ms=10560 q_pkts=16 q_bytes=24064 qdelay_l_ms=1.07545 qdelay_c_ms=9.11211 ecn_mark=705 drop=0
[QUEUE_STATS] t_ms=10576 q_pkts=18 q_bytes=27072 qdelay_l_ms=0.609165 qdelay_c_ms=7.87758 ecn_mark=705 drop=0
[QUEUE_STATS] t_ms=10592 q_pkts=20 q_bytes=30080 qdelay_l_ms=1.05565 qdelay_c_ms=8.15739 ecn_mark=708 drop=0
[QUEUE_STATS] t_ms=10608 q_pkts=20 q_bytes=30080 qdelay_l_ms=1.10514 qdelay_c_ms=8.95572 ecn_mark=709 drop=0
[QUEUE_STATS] t_ms=10624 q_pkts=17 q_bytes=25568 qdelay_l_ms=0.931982 qdelay_c_ms=7.12523 ecn_mark=710 drop=0
[QUEUE_STATS] t_ms=10640 q_pkts=17 q_bytes=25568 qdelay_l_ms=1.07174 qdelay_c_ms=7.98506 ecn_mark=710 drop=0
[QUEUE_STATS] t_ms=10656 q_pkts=19 q_bytes=28576 qdelay_l_ms=1.08956 qdelay_c_ms=9.2348 ecn_mark=713 drop=0
[QUEUE_STATS] t_ms=10672 q_pkts=18 q_bytes=27072 qdelay_l_ms=0.846982 qdelay_c_ms=7.70322 ecn_mark=713 drop=0
[QUEUE_STATS] t_ms=10688 q_pkts=21 q_bytes=31584 qdelay_l_ms=1.05247 qdelay_c_ms=10.0033 ecn_mark=715 drop=0
[QUEUE_STATS] t_ms=10704 q_pkts=19 q_bytes=28576 qdelay_l_ms=1.07021 qdelay_c_ms=10.0714 ecn_mark=715 drop=0
[QUEUE_STATS] t_ms=10720 q_pkts=18 q_bytes=27072 qdelay_l_ms=1.09753 qdelay_c_ms=8.83116 ecn_mark=716 drop=0
[QUEUE_STATS] t_ms=10736 q_pkts=17 q_bytes=25568 qdelay_l_ms=0.934386 qdelay_c_ms=8.89084 ecn_mark=716 drop=0
[QUEUE_STATS] t_ms=10752 q_pkts=20 q_bytes=30080 qdelay_l_ms=1.09738 qdelay_c_ms=6.97425 ecn_mark=716 drop=0
[QUEUE_STATS] t_ms=10768 q_pkts=18 q_bytes=27072 qdelay_l_ms=1.07081 qdelay_c_ms=10.076 ecn_mark=717 drop=0
[QUEUE_STATS] t_ms=10784 q_pkts=20 q_bytes=30080 qdelay_l_ms=1.07112 qdelay_c_ms=10.065 ecn_mark=718 drop=0
[QUEUE_STATS] t_ms=10800 q_pkts=19 q_bytes=28576 qdelay_l_ms=1.08433 qdelay_c_ms=9.15601 ecn_mark=718 drop=0
[QUEUE_STATS] t_ms=10816 q_pkts=20 q_bytes=30080 qdelay_l_ms=1.11271 qdelay_c_ms=8.95102 ecn_mark=719 drop=0
[QUEUE_STATS] t_ms=10832 q_pkts=19 q_bytes=28576 qdelay_l_ms=0.909239 qdelay_c_ms=8.8041 ecn_mark=720 drop=0
[QUEUE_STATS] t_ms=10848 q_pkts=20 q_bytes=30080 qdelay_l_ms=1.04816 qdelay_c_ms=10.1013 ecn_mark=721 drop=0
[QUEUE_STATS] t_ms=10864 q_pkts=19 q_bytes=28576 qdelay_l_ms=0 qdelay_c_ms=10.2117 ecn_mark=723 drop=0
[QUEUE_STATS] t_ms=10880 q_pkts=21 q_bytes=31584 qdelay_l_ms=0.831703 qdelay_c_ms=9.70517 ecn_mark=724 drop=0
[QUEUE_STATS] t_ms=10896 q_pkts=20 q_bytes=30080 qdelay_l_ms=1.08141 qdelay_c_ms=10.1795 ecn_mark=727 drop=0
[QUEUE_STATS] t_ms=10912 q_pkts=21 q_bytes=31584 qdelay_l_ms=1.06396 qdelay_c_ms=11.3778 ecn_mark=728 drop=0
[QUEUE_STATS] t_ms=10928 q_pkts=22 q_bytes=33088 qdelay_l_ms=0.918196 qdelay_c_ms=10.0107 ecn_mark=729 drop=0
[QUEUE_STATS] t_ms=10944 q_pkts=21 q_bytes=31584 qdelay_l_ms=0.933745 qdelay_c_ms=10.9117 ecn_mark=729 drop=0
[QUEUE_STATS] t_ms=10960 q_pkts=21 q_bytes=31584 qdelay_l_ms=1.08745 qdelay_c_ms=8.95167 ecn_mark=729 drop=0
[QUEUE_STATS] t_ms=10976 q_pkts=23 q_bytes=34592 qdelay_l_ms=1.12908 qdelay_c_ms=11.0801 ecn_mark=730 drop=0
[QUEUE_STATS] t_ms=10992 q_pkts=20 q_bytes=30080 qdelay_l_ms=1.07541 qdelay_c_ms=10.925 ecn_mark=731 drop=0
[QUEUE_STATS] t_ms=11008 q_pkts=22 q_bytes=33088 qdelay_l_ms=1.07204 qdelay_c_ms=8.72146 ecn_mark=731 drop=0
[QUEUE_STATS] t_ms=11024 q_pkts=22 q_bytes=33088 qdelay_l_ms=1.05485 qdelay_c_ms=10.1622 ecn_mark=733 drop=0
[QUEUE_STATS] t_ms=11040 q_pkts=21 q_bytes=31584 qdelay_l_ms=1.09516 qdelay_c_ms=10.0932 ecn_mark=733 drop=0
[QUEUE_STATS] t_ms=11056 q_pkts=22 q_bytes=33088 qdelay_l_ms=0 qdelay_c_ms=9.97843 ecn_mark=734 drop=0
[QUEUE_STATS] t_ms=11072 q_pkts=22 q_bytes=33088 qdelay_l_ms=1.10221 qdelay_c_ms=11.3314 ecn_mark=735 drop=0
[QUEUE_STATS] t_ms=11088 q_pkts=22 q_bytes=33088 qdelay_l_ms=1.08285 qdelay_c_ms=10.3986 ecn_mark=735 drop=0
[QUEUE_STATS] t_ms=11104 q_pkts=23 q_bytes=34592 qdelay_l_ms=1.09954 qdelay_c_ms=9.97806 ecn_mark=735 drop=0
[QUEUE_STATS] t_ms=11120 q_pkts=20 q_bytes=30080 qdelay_l_ms=1.01157 qdelay_c_ms=10.9464 ecn_mark=736 drop=0
[QUEUE_STATS] t_ms=11136 q_pkts=21 q_bytes=31584 qdelay_l_ms=1.06153 qdelay_c_ms=9.93285 ecn_mark=738 drop=0
[QUEUE_STATS] t_ms=11152 q_pkts=22 q_bytes=33088 qdelay_l_ms=1.06613 qdelay_c_ms=9.10864 ecn_mark=738 drop=0
[QUEUE_STATS] t_ms=11168 q_pkts=20 q_bytes=30080 qdelay_l_ms=1.09028 qdelay_c_ms=10.8451 ecn_mark=738 drop=0
[QUEUE_STATS] t_ms=11184 q_pkts=22 q_bytes=33088 qdelay_l_ms=1.09239 qdelay_c_ms=10.0358 ecn_mark=739 drop=0
[QUEUE_STATS] t_ms=11200 q_pkts=23 q_bytes=34592 qdelay_l_ms=0 qdelay_c_ms=11.0843 ecn_mark=739 drop=0
[QUEUE_STATS] t_ms=11216 q_pkts=22 q_bytes=33088 qdelay_l_ms=1.09031 qdelay_c_ms=12.1795 ecn_mark=741 drop=0
[QUEUE_STATS] t_ms=11232 q_pkts=23 q_bytes=34592 qdelay_l_ms=0.926522 qdelay_c_ms=10.8581 ecn_mark=741 drop=0
[QUEUE_STATS] t_ms=11248 q_pkts=25 q_bytes=37600 qdelay_l_ms=1.07632 qdelay_c_ms=10.8534 ecn_mark=743 drop=0
[QUEUE_STATS] t_ms=11264 q_pkts=25 q_bytes=37600 qdelay_l_ms=1.07114 qdelay_c_ms=12.0681 ecn_mark=743 drop=0
[QUEUE_STATS] t_ms=11280 q_pkts=25 q_bytes=37600 qdelay_l_ms=1.07161 qdelay_c_ms=13.0546 ecn_mark=743 drop=0
[QUEUE_STATS] t_ms=11296 q_pkts=25 q_bytes=37600 qdelay_l_ms=0.935798 qdelay_c_ms=12.1871 ecn_mark=745 drop=0
[QUEUE_STATS] t_ms=11312 q_pkts=24 q_bytes=36096 qdelay_l_ms=1.09294 qdelay_c_ms=12.9264 ecn_mark=747 drop=0
[QUEUE_STATS] t_ms=11328 q_pkts=24 q_bytes=36096 qdelay_l_ms=0.837935 qdelay_c_ms=11.1364 ecn_mark=749 drop=0
[QUEUE_STATS] t_ms=11344 q_pkts=24 q_bytes=36096 qdelay_l_ms=0.733549 qdelay_c_ms=11.7672 ecn_mark=750 drop=0
[QUEUE_STATS] t_ms=11360 q_pkts=24 q_bytes=36096 qdelay_l_ms=1.05672 qdelay_c_ms=12.0851 ecn_mark=753 drop=0
[QUEUE_STATS] t_ms=11376 q_pkts=26 q_bytes=39104 qdelay_l_ms=1.11305 qdelay_c_ms=11.029 ecn_mark=753 drop=0
[QUEUE_STATS] t_ms=11392 q_pkts=23 q_bytes=34592 qdelay_l_ms=1.08718 qdelay_c_ms=10.7788 ecn_mark=754 drop=0
[QUEUE_STATS] t_ms=11408 q_pkts=23 q_bytes=34592 qdelay_l_ms=1.08204 qdelay_c_ms=12.7138 ecn_mark=759 drop=0
[QUEUE_STATS] t_ms=11424 q_pkts=24 q_bytes=36096 qdelay_l_ms=0.939866 qdelay_c_ms=10.8529 ecn_mark=760 drop=0
[QUEUE_STATS] t_ms=11440 q_pkts=22 q_bytes=33088 qdelay_l_ms=0.948503 qdelay_c_ms=10.9787 ecn_mark=762 drop=0
[QUEUE_STATS] t_ms=11456 q_pkts=26 q_bytes=39104 qdelay_l_ms=0.850188 qdelay_c_ms=11.679 ecn_mark=762 drop=0
[QUEUE_STATS] t_ms=11472 q_pkts=26 q_bytes=39104 qdelay_l_ms=0.918737 qdelay_c_ms=12.0267 ecn_mark=763 drop=0
[QUEUE_STATS] t_ms=11488 q_pkts=24 q_bytes=36096 qdelay_l_ms=1.09382 qdelay_c_ms=12.0525 ecn_mark=763 drop=0
[QUEUE_STATS] t_ms=11504 q_pkts=25 q_bytes=37600 qdelay_l_ms=1.0929 qdelay_c_ms=11.5869 ecn_mark=764 drop=0
[QUEUE_STATS] t_ms=11520 q_pkts=22 q_bytes=33088 qdelay_l_ms=0.046036 qdelay_c_ms=10.2758 ecn_mark=765 drop=0
[QUEUE_STATS] t_ms=11536 q_pkts=27 q_bytes=40608 qdelay_l_ms=1.0996 qdelay_c_ms=13.0638 ecn_mark=768 drop=0
[QUEUE_STATS] t_ms=11552 q_pkts=27 q_bytes=40608 qdelay_l_ms=0.921542 qdelay_c_ms=12.971 ecn_mark=768 drop=0
[QUEUE_STATS] t_ms=11568 q_pkts=25 q_bytes=37600 qdelay_l_ms=0.938012 qdelay_c_ms=12.0848 ecn_mark=768 drop=0
[QUEUE_STATS] t_ms=11584 q_pkts=26 q_bytes=39104 qdelay_l_ms=0.839929 qdelay_c_ms=12.9952 ecn_mark=770 drop=0
[QUEUE_STATS] t_ms=11600 q_pkts=28 q_bytes=42112 qdelay_l_ms=0.838285 qdelay_c_ms=12.7247 ecn_mark=771 drop=0
[QUEUE_STATS] t_ms=11616 q_pkts=26 q_bytes=39104 qdelay_l_ms=0.830691 qdelay_c_ms=12.8151 ecn_mark=771 drop=0
[QUEUE_STATS] t_ms=11632 q_pkts=27 q_bytes=40608 qdelay_l_ms=1.09794 qdelay_c_ms=13.1598 ecn_mark=772 drop=0
[QUEUE_STATS] t_ms=11648 q_pkts=28 q_bytes=42112 qdelay_l_ms=0.926712 qdelay_c_ms=11.8877 ecn_mark=774 drop=0
[QUEUE_STATS] t_ms=11664 q_pkts=27 q_bytes=40608 qdelay_l_ms=1.07019 qdelay_c_ms=13.3274 ecn_mark=775 drop=0
[QUEUE_STATS] t_ms=11680 q_pkts=26 q_bytes=39104 qdelay_l_ms=0.962459 qdelay_c_ms=12.9226 ecn_mark=776 drop=0
[QUEUE_STATS] t_ms=11696 q_pkts=29 q_bytes=43616 qdelay_l_ms=0.913427 qdelay_c_ms=13.7859 ecn_mark=776 drop=0
[QUEUE_STATS] t_ms=11712 q_pkts=26 q_bytes=39104 qdelay_l_ms=0.938354 qdelay_c_ms=13.0721 ecn_mark=778 drop=0
[QUEUE_STATS] t_ms=11728 q_pkts=27 q_bytes=40608 qdelay_l_ms=0.826614 qdelay_c_ms=11.6933 ecn_mark=778 drop=0
[QUEUE_STATS] t_ms=11744 q_pkts=28 q_bytes=42112 qdelay_l_ms=1.0272 qdelay_c_ms=13.2361 ecn_mark=778 drop=0
[QUEUE_STATS] t_ms=11760 q_pkts=28 q_bytes=42112 qdelay_l_ms=0.929387 qdelay_c_ms=12.9861 ecn_mark=778 drop=0
[QUEUE_STATS] t_ms=11776 q_pkts=28 q_bytes=42112 qdelay_l_ms=0.838125 qdelay_c_ms=12.9697 ecn_mark=778 drop=0
[QUEUE_STATS] t_ms=11792 q_pkts=29 q_bytes=43616 qdelay_l_ms=1.01893 qdelay_c_ms=12.9596 ecn_mark=779 drop=0
[QUEUE_STATS] t_ms=11808 q_pkts=29 q_bytes=43616 qdelay_l_ms=1.06535 qdelay_c_ms=15.0149 ecn_mark=782 drop=0
[QUEUE_STATS] t_ms=11824 q_pkts=28 q_bytes=42112 qdelay_l_ms=0.601561 qdelay_c_ms=13.6054 ecn_mark=784 drop=0
[QUEUE_STATS] t_ms=11840 q_pkts=29 q_bytes=43616 qdelay_l_ms=1.06114 qdelay_c_ms=14.3332 ecn_mark=785 drop=0
[QUEUE_STATS] t_ms=11856 q_pkts=31 q_bytes=46624 qdelay_l_ms=1.09782 qdelay_c_ms=13.7048 ecn_mark=785 drop=0
[QUEUE_STATS] t_ms=11872 q_pkts=29 q_bytes=43616 qdelay_l_ms=1.01533 qdelay_c_ms=14.0822 ecn_mark=786 drop=0
[QUEUE_STATS] t_ms=11888 q_pkts=29 q_bytes=43616 qdelay_l_ms=1.08405 qdelay_c_ms=14.9654 ecn_mark=787 drop=0
[QUEUE_STATS] t_ms=11904 q_pkts=29 q_bytes=43616 qdelay_l_ms=0.858624 qdelay_c_ms=14.8448 ecn_mark=787 drop=0
[QUEUE_STATS] t_ms=11920 q_pkts=30 q_bytes=45120 qdelay_l_ms=0.852983 qdelay_c_ms=14.8175 ecn_mark=788 drop=0
[QUEUE_STATS] t_ms=11936 q_pkts=30 q_bytes=45120 qdelay_l_ms=1.10458 qdelay_c_ms=13.9922 ecn_mark=789 drop=0
[QUEUE_STATS] t_ms=11953 q_pkts=31 q_bytes=46624 qdelay_l_ms=1.07596 qdelay_c_ms=14.1844 ecn_mark=789 drop=0
[QUEUE_STATS] t_ms=11968 q_pkts=30 q_bytes=45120 qdelay_l_ms=0.848235 qdelay_c_ms=13.3479 ecn_mark=790 drop=0
[QUEUE_STATS] t_ms=11984 q_pkts=30 q_bytes=45120 qdelay_l_ms=1.0194 qdelay_c_ms=16.192 ecn_mark=791 drop=0
[QUEUE_STATS] t_ms=12000 q_pkts=27 q_bytes=40608 qdelay_l_ms=0.631988 qdelay_c_ms=13.7833 ecn_mark=791 drop=0
[QUEUE_STATS] t_ms=12016 q_pkts=30 q_bytes=45120 qdelay_l_ms=1.04878 qdelay_c_ms=14.1027 ecn_mark=795 drop=0
[QUEUE_STATS] t_ms=12032 q_pkts=31 q_bytes=46624 qdelay_l_ms=1.11212 qdelay_c_ms=15.0341 ecn_mark=796 drop=0
[QUEUE_STATS] t_ms=12048 q_pkts=30 q_bytes=45120 qdelay_l_ms=0.800494 qdelay_c_ms=14.5555 ecn_mark=796 drop=0
[QUEUE_STATS] t_ms=12064 q_pkts=30 q_bytes=45120 qdelay_l_ms=0.84617 qdelay_c_ms=14.9506 ecn_mark=796 drop=0
[QUEUE_STATS] t_ms=12080 q_pkts=31 q_bytes=46624 qdelay_l_ms=0.867731 qdelay_c_ms=15.1499 ecn_mark=797 drop=0
[QUEUE_STATS] t_ms=12096 q_pkts=31 q_bytes=46624 qdelay_l_ms=0.653639 qdelay_c_ms=15.8153 ecn_mark=800 drop=0
[QUEUE_STATS] t_ms=12112 q_pkts=31 q_bytes=46624 qdelay_l_ms=0.965635 qdelay_c_ms=14.964 ecn_mark=801 drop=0
[QUEUE_STATS] t_ms=12128 q_pkts=30 q_bytes=45120 qdelay_l_ms=1.10062 qdelay_c_ms=15.1228 ecn_mark=801 drop=0
[QUEUE_STATS] t_ms=12144 q_pkts=29 q_bytes=43616 qdelay_l_ms=0 qdelay_c_ms=14.1369 ecn_mark=801 drop=0
[QUEUE_STATS] t_ms=12160 q_pkts=31 q_bytes=46624 qdelay_l_ms=0.920129 qdelay_c_ms=14.1681 ecn_mark=802 drop=0
[QUEUE_STATS] t_ms=12176 q_pkts=32 q_bytes=48128 qdelay_l_ms=1.06322 qdelay_c_ms=16.2669 ecn_mark=803 drop=0
[QUEUE_STATS] t_ms=12192 q_pkts=32 q_bytes=48128 qdelay_l_ms=0.945637 qdelay_c_ms=13.9658 ecn_mark=805 drop=0
[QUEUE_STATS] t_ms=12208 q_pkts=32 q_bytes=48128 qdelay_l_ms=0.854556 qdelay_c_ms=14.8863 ecn_mark=805 drop=0
[QUEUE_STATS] t_ms=12224 q_pkts=31 q_bytes=46624 qdelay_l_ms=0.842593 qdelay_c_ms=16.7188 ecn_mark=806 drop=0
[QUEUE_STATS] t_ms=12240 q_pkts=32 q_bytes=48128 qdelay_l_ms=0.840099 qdelay_c_ms=15.8884 ecn_mark=807 drop=0
[QUEUE_STATS] t_ms=12256 q_pkts=35 q_bytes=52640 qdelay_l_ms=0.868923 qdelay_c_ms=16.1323 ecn_mark=808 drop=0
[QUEUE_STATS] t_ms=12272 q_pkts=32 q_bytes=48128 qdelay_l_ms=0.816114 qdelay_c_ms=16.9264 ecn_mark=809 drop=0
[QUEUE_STATS] t_ms=12288 q_pkts=32 q_bytes=48128 qdelay_l_ms=1.01378 qdelay_c_ms=16.0439 ecn_mark=811 drop=0
[QUEUE_STATS] t_ms=12304 q_pkts=33 q_bytes=49632 qdelay_l_ms=0.841972 qdelay_c_ms=15.89 ecn_mark=811 drop=0
[QUEUE_STATS] t_ms=12320 q_pkts=33 q_bytes=49632 qdelay_l_ms=1.09409 qdelay_c_ms=16.7563 ecn_mark=814 drop=0
[QUEUE_STATS] t_ms=12337 q_pkts=32 q_bytes=48128 qdelay_l_ms=1.10629 qdelay_c_ms=16.2319 ecn_mark=815 drop=0
[QUEUE_STATS] t_ms=12352 q_pkts=34 q_bytes=51136 qdelay_l_ms=1.06341 qdelay_c_ms=15.8189 ecn_mark=816 drop=0
[QUEUE_STATS] t_ms=12368 q_pkts=33 q_bytes=49632 qdelay_l_ms=1.09851 qdelay_c_ms=17.3851 ecn_mark=816 drop=0
[QUEUE_STATS] t_ms=12384 q_pkts=33 q_bytes=49632 qdelay_l_ms=1.09721 qdelay_c_ms=16.8944 ecn_mark=817 drop=0
[QUEUE_STATS] t_ms=12400 q_pkts=34 q_bytes=51136 qdelay_l_ms=0.043922 qdelay_c_ms=15.0755 ecn_mark=819 drop=0
[QUEUE_STATS] t_ms=12416 q_pkts=36 q_bytes=54144 qdelay_l_ms=1.09697 qdelay_c_ms=17.861 ecn_mark=819 drop=0
[QUEUE_STATS] t_ms=12433 q_pkts=33 q_bytes=49632 qdelay_l_ms=1.10105 qdelay_c_ms=17.36 ecn_mark=820 drop=0
[QUEUE_STATS] t_ms=12448 q_pkts=33 q_bytes=49632 qdelay_l_ms=1.09446 qdelay_c_ms=16.7874 ecn_mark=820 drop=0
[QUEUE_STATS] t_ms=12464 q_pkts=34 q_bytes=51136 qdelay_l_ms=1.11799 qdelay_c_ms=15.9355 ecn_mark=821 drop=0
[QUEUE_STATS] t_ms=12480 q_pkts=36 q_bytes=54144 qdelay_l_ms=1.0712 qdelay_c_ms=16.8728 ecn_mark=821 drop=0
[QUEUE_STATS] t_ms=12496 q_pkts=34 q_bytes=51136 qdelay_l_ms=0.845539 qdelay_c_ms=16.9851 ecn_mark=822 drop=0
[QUEUE_STATS] t_ms=12512 q_pkts=36 q_bytes=54144 qdelay_l_ms=1.0268 qdelay_c_ms=17.0886 ecn_mark=823 drop=0
[QUEUE_STATS] t_ms=12528 q_pkts=35 q_bytes=52640 qdelay_l_ms=1.11152 qdelay_c_ms=17.1362 ecn_mark=824 drop=0
[QUEUE_STATS] t_ms=12544 q_pkts=34 q_bytes=51136 qdelay_l_ms=1.09217 qdelay_c_ms=16.8322 ecn_mark=825 drop=0
[QUEUE_STATS] t_ms=12560 q_pkts=35 q_bytes=52640 qdelay_l_ms=1.09445 qdelay_c_ms=17.3422 ecn_mark=825 drop=0
[QUEUE_STATS] t_ms=12576 q_pkts=35 q_bytes=52640 qdelay_l_ms=0.853604 qdelay_c_ms=16.756 ecn_mark=826 drop=0
[QUEUE_STATS] t_ms=12592 q_pkts=37 q_bytes=55648 qdelay_l_ms=0.95249 qdelay_c_ms=17.01 ecn_mark=826 drop=0
[QUEUE_STATS] t_ms=12608 q_pkts=35 q_bytes=52640 qdelay_l_ms=1.03583 qdelay_c_ms=18.0724 ecn_mark=827 drop=0
[QUEUE_STATS] t_ms=12624 q_pkts=38 q_bytes=57152 qdelay_l_ms=1.06686 qdelay_c_ms=18.2636 ecn_mark=827 drop=0
[QUEUE_STATS] t_ms=12640 q_pkts=37 q_bytes=55648 qdelay_l_ms=0.604095 qdelay_c_ms=16.8112 ecn_mark=828 drop=0
[QUEUE_STATS] t_ms=12656 q_pkts=35 q_bytes=52640 qdelay_l_ms=1.08879 qdelay_c_ms=18.0656 ecn_mark=830 drop=0
[QUEUE_STATS] t_ms=12672 q_pkts=36 q_bytes=54144 qdelay_l_ms=0.867952 qdelay_c_ms=17.7789 ecn_mark=833 drop=0
[QUEUE_STATS] t_ms=12688 q_pkts=38 q_bytes=57152 qdelay_l_ms=1.01886 qdelay_c_ms=17.1529 ecn_mark=833 drop=0
[QUEUE_STATS] t_ms=12704 q_pkts=36 q_bytes=54144 qdelay_l_ms=1.05817 qdelay_c_ms=19.0678 ecn_mark=833 drop=0
[QUEUE_STATS] t_ms=12720 q_pkts=38 q_bytes=57152 qdelay_l_ms=0.843054 qdelay_c_ms=18.8494 ecn_mark=833 drop=0
[QUEUE_STATS] t_ms=12736 q_pkts=38 q_bytes=57152 qdelay_l_ms=1.08365 qdelay_c_ms=18.1313 ecn_mark=835 drop=0
[QUEUE_STATS] t_ms=12752 q_pkts=40 q_bytes=60160 qdelay_l_ms=1.10767 qdelay_c_ms=19.0565 ecn_mark=838 drop=0
[QUEUE_STATS] t_ms=12768 q_pkts=39 q_bytes=58656 qdelay_l_ms=0.930098 qdelay_c_ms=17.9055 ecn_mark=839 drop=0
[QUEUE_STATS] t_ms=12784 q_pkts=37 q_bytes=55648 qdelay_l_ms=0.849907 qdelay_c_ms=18.0202 ecn_mark=840 drop=0
[QUEUE_STATS] t_ms=12800 q_pkts=37 q_bytes=55648 qdelay_l_ms=1.02433 qdelay_c_ms=19.3801 ecn_mark=841 drop=0
[QUEUE_STATS] t_ms=12816 q_pkts=39 q_bytes=58656 qdelay_l_ms=0.901184 qdelay_c_ms=18.7639 ecn_mark=841 drop=0
[QUEUE_STATS] t_ms=12832 q_pkts=33 q_bytes=49632 qdelay_l_ms=0 qdelay_c_ms=17.3439 ecn_mark=843 drop=0
[QUEUE_STATS] t_ms=12848 q_pkts=38 q_bytes=57152 qdelay_l_ms=1.10044 qdelay_c_ms=18.8927 ecn_mark=843 drop=0
[QUEUE_STATS] t_ms=12864 q_pkts=39 q_bytes=58656 qdelay_l_ms=1.09158 qdelay_c_ms=18.5025 ecn_mark=846 drop=0
[QUEUE_STATS] t_ms=12880 q_pkts=37 q_bytes=55648 qdelay_l_ms=0.841211 qdelay_c_ms=17.809 ecn_mark=846 drop=0
[QUEUE_STATS] t_ms=12896 q_pkts=38 q_bytes=57152 qdelay_l_ms=1.06521 qdelay_c_ms=19.7311 ecn_mark=847 drop=0
[QUEUE_STATS] t_ms=12912 q_pkts=37 q_bytes=55648 qdelay_l_ms=0 qdelay_c_ms=16.3565 ecn_mark=847 drop=0
[QUEUE_STATS] t_ms=12928 q_pkts=39 q_bytes=58656 qdelay_l_ms=1.01364 qdelay_c_ms=20.1136 ecn_mark=848 drop=0
[QUEUE_STATS] t_ms=12944 q_pkts=40 q_bytes=60160 qdelay_l_ms=0.929998 qdelay_c_ms=19.9613 ecn_mark=849 drop=0
[QUEUE_STATS] t_ms=12960 q_pkts=39 q_bytes=58656 qdelay_l_ms=1.04361 qdelay_c_ms=19.0817 ecn_mark=849 drop=0
[QUEUE_STATS] t_ms=12976 q_pkts=40 q_bytes=60160 qdelay_l_ms=1.09549 qdelay_c_ms=20.0918 ecn_mark=851 drop=0
[QUEUE_STATS] t_ms=12992 q_pkts=38 q_bytes=57152 qdelay_l_ms=0.950867 qdelay_c_ms=18.9573 ecn_mark=851 drop=0
[QUEUE_STATS] t_ms=13008 q_pkts=39 q_bytes=58656 qdelay_l_ms=1.05536 qdelay_c_ms=19.0897 ecn_mark=851 drop=0
[QUEUE_STATS] t_ms=13024 q_pkts=40 q_bytes=60160 qdelay_l_ms=0.85128 qdelay_c_ms=20.7202 ecn_mark=852 drop=0
[QUEUE_STATS] t_ms=13040 q_pkts=41 q_bytes=61664 qdelay_l_ms=1.06945 qdelay_c_ms=19.1225 ecn_mark=852 drop=0
[QUEUE_STATS] t_ms=13056 q_pkts=40 q_bytes=60160 qdelay_l_ms=1.08831 qdelay_c_ms=20.2368 ecn_mark=853 drop=0
[QUEUE_STATS] t_ms=13072 q_pkts=41 q_bytes=61664 qdelay_l_ms=1.09129 qdelay_c_ms=20.6976 ecn_mark=855 drop=0
[QUEUE_STATS] t_ms=13088 q_pkts=41 q_bytes=61664 qdelay_l_ms=0.856169 qdelay_c_ms=18.729 ecn_mark=855 drop=0
[QUEUE_STATS] t_ms=13104 q_pkts=42 q_bytes=63168 qdelay_l_ms=0.921061 qdelay_c_ms=22.0401 ecn_mark=856 drop=0
[QUEUE_STATS] t_ms=13120 q_pkts=40 q_bytes=60160 qdelay_l_ms=1.09554 qdelay_c_ms=18.0626 ecn_mark=856 drop=0
[QUEUE_STATS] t_ms=13136 q_pkts=39 q_bytes=58656 qdelay_l_ms=0.034254 qdelay_c_ms=19.088 ecn_mark=857 drop=0
[QUEUE_STATS] t_ms=13152 q_pkts=42 q_bytes=63168 qdelay_l_ms=1.0879 qdelay_c_ms=20.7535 ecn_mark=857 drop=0
[QUEUE_STATS] t_ms=13168 q_pkts=42 q_bytes=63168 qdelay_l_ms=0.92042 qdelay_c_ms=19.8862 ecn_mark=858 drop=0
[QUEUE_STATS] t_ms=13184 q_pkts=43 q_bytes=64672 qdelay_l_ms=1.03929 qdelay_c_ms=23.2008 ecn_mark=859 drop=0
[QUEUE_STATS] t_ms=13200 q_pkts=42 q_bytes=63168 qdelay_l_ms=0.881045 qdelay_c_ms=23.1575 ecn_mark=859 drop=0
[QUEUE_STATS] t_ms=13216 q_pkts=42 q_bytes=63168 qdelay_l_ms=1.08914 qdelay_c_ms=21.0775 ecn_mark=859 drop=0
[QUEUE_STATS] t_ms=13232 q_pkts=42 q_bytes=63168 qdelay_l_ms=1.05216 qdelay_c_ms=22.3299 ecn_mark=859 drop=0
[QUEUE_STATS] t_ms=13248 q_pkts=40 q_bytes=60160 qdelay_l_ms=0.898008 qdelay_c_ms=20.8788 ecn_mark=860 drop=0
[QUEUE_STATS] t_ms=13264 q_pkts=40 q_bytes=60160 qdelay_l_ms=0.940177 qdelay_c_ms=21.0804 ecn_mark=860 drop=0
[QUEUE_STATS] t_ms=13280 q_pkts=43 q_bytes=64672 qdelay_l_ms=1.09849 qdelay_c_ms=21.0323 ecn_mark=862 drop=0
[QUEUE_STATS] t_ms=13296 q_pkts=43 q_bytes=64672 qdelay_l_ms=0.824149 qdelay_c_ms=19.7014 ecn_mark=863 drop=0
[QUEUE_STATS] t_ms=13312 q_pkts=43 q_bytes=64672 qdelay_l_ms=1.10905 qdelay_c_ms=22.1835 ecn_mark=866 drop=0
[QUEUE_STATS] t_ms=13328 q_pkts=44 q_bytes=66176 qdelay_l_ms=0.774625 qdelay_c_ms=20.8592 ecn_mark=866 drop=0
[QUEUE_STATS] t_ms=13344 q_pkts=43 q_bytes=64672 qdelay_l_ms=1.096 qdelay_c_ms=21.1278 ecn_mark=867 drop=0
[QUEUE_STATS] t_ms=13360 q_pkts=43 q_bytes=64672 qdelay_l_ms=0.82518 qdelay_c_ms=21.8019 ecn_mark=867 drop=0
[QUEUE_STATS] t_ms=13376 q_pkts=47 q_bytes=70688 qdelay_l_ms=1.12168 qdelay_c_ms=21.9066 ecn_mark=868 drop=0
[QUEUE_STATS] t_ms=13392 q_pkts=43 q_bytes=64672 qdelay_l_ms=0.832895 qdelay_c_ms=22.0881 ecn_mark=869 drop=0
[QUEUE_STATS] t_ms=13408 q_pkts=44 q_bytes=66176 qdelay_l_ms=1.06827 qdelay_c_ms=23.2932 ecn_mark=870 drop=0
[QUEUE_STATS] t_ms=13424 q_pkts=45 q_bytes=67680 qdelay_l_ms=1.06613 qdelay_c_ms=21.8165 ecn_mark=871 drop=0
[QUEUE_STATS] t_ms=13440 q_pkts=43 q_bytes=64672 qdelay_l_ms=0.928335 qdelay_c_ms=21.0779 ecn_mark=872 drop=0
[QUEUE_STATS] t_ms=13456 q_pkts=44 q_bytes=66176 qdelay_l_ms=0.843616 qdelay_c_ms=23.0615 ecn_mark=873 drop=0
[QUEUE_STATS] t_ms=13472 q_pkts=45 q_bytes=67680 qdelay_l_ms=1.09938 qdelay_c_ms=21.9548 ecn_mark=874 drop=0
[QUEUE_STATS] t_ms=13488 q_pkts=44 q_bytes=66176 qdelay_l_ms=1.06359 qdelay_c_ms=23.0857 ecn_mark=875 drop=0
[QUEUE_STATS] t_ms=13504 q_pkts=42 q_bytes=63168 qdelay_l_ms=1.0629 qdelay_c_ms=23.2547 ecn_mark=875 drop=0
[QUEUE_STATS] t_ms=13520 q_pkts=45 q_bytes=67680 qdelay_l_ms=0.88327 qdelay_c_ms=22.7705 ecn_mark=876 drop=0
[QUEUE_STATS] t_ms=13536 q_pkts=45 q_bytes=67680 qdelay_l_ms=1.009 qdelay_c_ms=22.9686 ecn_mark=877 drop=0
[QUEUE_STATS] t_ms=13552 q_pkts=45 q_bytes=67680 qdelay_l_ms=1.08645 qdelay_c_ms=22.9188 ecn_mark=879 drop=0
[QUEUE_STATS] t_ms=13568 q_pkts=45 q_bytes=67680 qdelay_l_ms=1.09342 qdelay_c_ms=23.0694 ecn_mark=879 drop=0
[QUEUE_STATS] t_ms=13584 q_pkts=46 q_bytes=67732 qdelay_l_ms=0.854847 qdelay_c_ms=21.8754 ecn_mark=880 drop=0
[QUEUE_STATS] t_ms=13600 q_pkts=47 q_bytes=70688 qdelay_l_ms=0.832905 qdelay_c_ms=23.7728 ecn_mark=880 drop=0
[QUEUE_STATS] t_ms=13616 q_pkts=47 q_bytes=70688 qdelay_l_ms=1.02933 qdelay_c_ms=22.9931 ecn_mark=882 drop=0
[QUEUE_STATS] t_ms=13632 q_pkts=47 q_bytes=70688 qdelay_l_ms=0.795556 qdelay_c_ms=22.8251 ecn_mark=882 drop=0
[QUEUE_STATS] t_ms=13648 q_pkts=46 q_bytes=69184 qdelay_l_ms=1.10354 qdelay_c_ms=24.16 ecn_mark=883 drop=0
[QUEUE_STATS] t_ms=13664 q_pkts=48 q_bytes=72192 qdelay_l_ms=1.10359 qdelay_c_ms=24.0288 ecn_mark=884 drop=0
[QUEUE_STATS] t_ms=13680 q_pkts=47 q_bytes=70688 qdelay_l_ms=1.01602 qdelay_c_ms=23.8191 ecn_mark=885 drop=0
[QUEUE_STATS] t_ms=13696 q_pkts=43 q_bytes=64672 qdelay_l_ms=1.08301 qdelay_c_ms=24.0199 ecn_mark=885 drop=0
[QUEUE_STATS] t_ms=13712 q_pkts=47 q_bytes=70688 qdelay_l_ms=1.02564 qdelay_c_ms=23.3168 ecn_mark=885 drop=0
[QUEUE_STATS] t_ms=13728 q_pkts=47 q_bytes=70688 qdelay_l_ms=1.08264 qdelay_c_ms=24.1096 ecn_mark=885 drop=0
[QUEUE_STATS] t_ms=13744 q_pkts=48 q_bytes=72192 qdelay_l_ms=1.10608 qdelay_c_ms=23.9314 ecn_mark=885 drop=0
[QUEUE_STATS] t_ms=13760 q_pkts=49 q_bytes=73696 qdelay_l_ms=1.09541 qdelay_c_ms=24.893 ecn_mark=885 drop=0
[QUEUE_STATS] t_ms=13776 q_pkts=48 q_bytes=72192 qdelay_l_ms=0.813519 qdelay_c_ms=23.9935 ecn_mark=886 drop=0
[QUEUE_STATS] t_ms=13792 q_pkts=47 q_bytes=70688 qdelay_l_ms=0.043812 qdelay_c_ms=24.4103 ecn_mark=886 drop=0
[QUEUE_STATS] t_ms=13808 q_pkts=49 q_bytes=73696 qdelay_l_ms=0.806846 qdelay_c_ms=26.1224 ecn_mark=886 drop=0
[QUEUE_STATS] t_ms=13824 q_pkts=49 q_bytes=73696 qdelay_l_ms=1.09702 qdelay_c_ms=24.7528 ecn_mark=887 drop=0
[QUEUE_STATS] t_ms=13840 q_pkts=48 q_bytes=72192 qdelay_l_ms=0.820392 qdelay_c_ms=25.954 ecn_mark=888 drop=0
[QUEUE_STATS] t_ms=13856 q_pkts=50 q_bytes=75200 qdelay_l_ms=0.828287 qdelay_c_ms=25.7905 ecn_mark=888 drop=0
[QUEUE_STATS] t_ms=13872 q_pkts=49 q_bytes=73696 qdelay_l_ms=0.815242 qdelay_c_ms=23.674 ecn_mark=888 drop=0
[QUEUE_STATS] t_ms=13888 q_pkts=49 q_bytes=73696 qdelay_l_ms=1.02772 qdelay_c_ms=26.2068 ecn_mark=888 drop=0
[QUEUE_STATS] t_ms=13904 q_pkts=52 q_bytes=78208 qdelay_l_ms=0.898729 qdelay_c_ms=26.0336 ecn_mark=888 drop=0
[QUEUE_STATS] t_ms=13920 q_pkts=49 q_bytes=73696 qdelay_l_ms=1.08115 qdelay_c_ms=25.0336 ecn_mark=889 drop=0
[QUEUE_STATS] t_ms=13937 q_pkts=51 q_bytes=76704 qdelay_l_ms=1.1106 qdelay_c_ms=28.0703 ecn_mark=889 drop=0
[QUEUE_STATS] t_ms=13952 q_pkts=51 q_bytes=76704 qdelay_l_ms=1.06885 qdelay_c_ms=27.0449 ecn_mark=889 drop=0
[QUEUE_STATS] t_ms=13968 q_pkts=50 q_bytes=75200 qdelay_l_ms=0.866669 qdelay_c_ms=25.8126 ecn_mark=890 drop=0
[QUEUE_STATS] t_ms=13984 q_pkts=53 q_bytes=79712 qdelay_l_ms=1.06795 qdelay_c_ms=28.8536 ecn_mark=893 drop=0
[QUEUE_STATS] t_ms=14000 q_pkts=52 q_bytes=78208 qdelay_l_ms=0.873281 qdelay_c_ms=26.8693 ecn_mark=894 drop=0
[QUEUE_STATS] t_ms=14016 q_pkts=51 q_bytes=76704 qdelay_l_ms=1.06492 qdelay_c_ms=28.0191 ecn_mark=894 drop=0
[QUEUE_STATS] t_ms=14032 q_pkts=52 q_bytes=78208 qdelay_l_ms=1.05645 qdelay_c_ms=29.0408 ecn_mark=900 drop=0
[QUEUE_STATS] t_ms=14049 q_pkts=55 q_bytes=82720 qdelay_l_ms=1.09326 qdelay_c_ms=28.2408 ecn_mark=900 drop=0
[QUEUE_STATS] t_ms=14064 q_pkts=54 q_bytes=81216 qdelay_l_ms=1.0159 qdelay_c_ms=29.1309 ecn_mark=901 drop=0
[QUEUE_STATS] t_ms=14080 q_pkts=51 q_bytes=76704 qdelay_l_ms=1.10204 qdelay_c_ms=27.8362 ecn_mark=901 drop=0
[QUEUE_STATS] t_ms=14096 q_pkts=55 q_bytes=82720 qdelay_l_ms=0.674047 qdelay_c_ms=29.7569 ecn_mark=901 drop=0
[QUEUE_STATS] t_ms=14112 q_pkts=53 q_bytes=79712 qdelay_l_ms=0.84078 qdelay_c_ms=28.9425 ecn_mark=902 drop=0
[QUEUE_STATS] t_ms=14128 q_pkts=52 q_bytes=78208 qdelay_l_ms=0.924858 qdelay_c_ms=26.9479 ecn_mark=903 drop=0
[QUEUE_STATS] t_ms=14144 q_pkts=55 q_bytes=82720 qdelay_l_ms=1.10724 qdelay_c_ms=30.1932 ecn_mark=907 drop=0
[QUEUE_STATS] t_ms=14160 q_pkts=54 q_bytes=81216 qdelay_l_ms=1.09326 qdelay_c_ms=27.9003 ecn_mark=907 drop=0
[QUEUE_STATS] t_ms=14176 q_pkts=55 q_bytes=82720 qdelay_l_ms=1.07221 qdelay_c_ms=26.8347 ecn_mark=908 drop=0
[QUEUE_STATS] t_ms=14192 q_pkts=53 q_bytes=79712 qdelay_l_ms=1.085 qdelay_c_ms=31.3526 ecn_mark=908 drop=0
[QUEUE_STATS] t_ms=14208 q_pkts=54 q_bytes=81216 qdelay_l_ms=0.807357 qdelay_c_ms=28.059 ecn_mark=908 drop=0
[QUEUE_STATS] t_ms=14224 q_pkts=54 q_bytes=81216 qdelay_l_ms=1.08419 qdelay_c_ms=28.079 ecn_mark=910 drop=0
[QUEUE_STATS] t_ms=14240 q_pkts=55 q_bytes=82720 qdelay_l_ms=1.06785 qdelay_c_ms=30.0886 ecn_mark=910 drop=0
[QUEUE_STATS] t_ms=14256 q_pkts=54 q_bytes=81216 qdelay_l_ms=0.862982 qdelay_c_ms=28.6084 ecn_mark=911 drop=0
[QUEUE_STATS] t_ms=14272 q_pkts=55 q_bytes=82720 qdelay_l_ms=1.09283 qdelay_c_ms=28.1335 ecn_mark=912 drop=0
[QUEUE_STATS] t_ms=14288 q_pkts=56 q_bytes=84224 qdelay_l_ms=1.07423 qdelay_c_ms=29.8857 ecn_mark=913 drop=0
[QUEUE_STATS] t_ms=14304 q_pkts=54 q_bytes=81216 qdelay_l_ms=1.09413 qdelay_c_ms=29.0368 ecn_mark=916 drop=0
[QUEUE_STATS] t_ms=14320 q_pkts=55 q_bytes=82720 qdelay_l_ms=0.808009 qdelay_c_ms=28.8726 ecn_mark=916 drop=0
[QUEUE_STATS] t_ms=14336 q_pkts=56 q_bytes=84224 qdelay_l_ms=1.07166 qdelay_c_ms=31.1787 ecn_mark=916 drop=0
[QUEUE_STATS] t_ms=14352 q_pkts=54 q_bytes=81216 qdelay_l_ms=1.0699 qdelay_c_ms=28.8957 ecn_mark=917 drop=0
[QUEUE_STATS] t_ms=14368 q_pkts=53 q_bytes=79712 qdelay_l_ms=1.09485 qdelay_c_ms=29.0989 ecn_mark=919 drop=0
[QUEUE_STATS] t_ms=14384 q_pkts=54 q_bytes=81216 qdelay_l_ms=1.09621 qdelay_c_ms=31.153 ecn_mark=919 drop=0
[QUEUE_STATS] t_ms=14400 q_pkts=56 q_bytes=84224 qdelay_l_ms=0.924247 qdelay_c_ms=29.9884 ecn_mark=919 drop=0
[QUEUE_STATS] t_ms=14416 q_pkts=51 q_bytes=76704 qdelay_l_ms=0 qdelay_c_ms=28.1488 ecn_mark=919 drop=0
[QUEUE_STATS] t_ms=14432 q_pkts=56 q_bytes=84224 qdelay_l_ms=1.09047 qdelay_c_ms=31.9294 ecn_mark=920 drop=0
[QUEUE_STATS] t_ms=14448 q_pkts=56 q_bytes=84224 qdelay_l_ms=1.06991 qdelay_c_ms=31.0107 ecn_mark=920 drop=0
[QUEUE_STATS] t_ms=14464 q_pkts=57 q_bytes=85728 qdelay_l_ms=1.06589 qdelay_c_ms=30.0324 ecn_mark=920 drop=0
[QUEUE_STATS] t_ms=14480 q_pkts=57 q_bytes=85728 qdelay_l_ms=1.09505 qdelay_c_ms=31.0979 ecn_mark=920 drop=0
[QUEUE_STATS] t_ms=14496 q_pkts=59 q_bytes=88736 qdelay_l_ms=0.797839 qdelay_c_ms=30.7045 ecn_mark=921 drop=0
[QUEUE_STATS] t_ms=14512 q_pkts=57 q_bytes=85728 qdelay_l_ms=1.09176 qdelay_c_ms=32.155 ecn_mark=921 drop=0
[QUEUE_STATS] t_ms=14528 q_pkts=60 q_bytes=90240 qdelay_l_ms=1.11227 qdelay_c_ms=33.0613 ecn_mark=922 drop=0
[QUEUE_STATS] t_ms=14544 q_pkts=50 q_bytes=75200 qdelay_l_ms=1.08681 qdelay_c_ms=30.6818 ecn_mark=922 drop=0
[QUEUE_STATS] t_ms=14560 q_pkts=42 q_bytes=63168 qdelay_l_ms=0.774596 qdelay_c_ms=32.9587 ecn_mark=923 drop=0
[QUEUE_STATS] t_ms=14576 q_pkts=35 q_bytes=52640 qdelay_l_ms=1.10974 qdelay_c_ms=25.8217 ecn_mark=924 drop=0
[QUEUE_STATS] t_ms=14592 q_pkts=26 q_bytes=39104 qdelay_l_ms=1.06777 qdelay_c_ms=19.8235 ecn_mark=926 drop=0
[QUEUE_STATS] t_ms=14608 q_pkts=17 q_bytes=25568 qdelay_l_ms=0 qdelay_c_ms=11.4426 ecn_mark=927 drop=0
[QUEUE_STATS] t_ms=14624 q_pkts=21 q_bytes=31584 qdelay_l_ms=1.06879 qdelay_c_ms=11.8734 ecn_mark=928 drop=0
[QUEUE_STATS] t_ms=14640 q_pkts=21 q_bytes=31584 qdelay_l_ms=1.06818 qdelay_c_ms=11.0979 ecn_mark=932 drop=0
[QUEUE_STATS] t_ms=14656 q_pkts=20 q_bytes=30080 qdelay_l_ms=1.08068 qdelay_c_ms=10.1982 ecn_mark=932 drop=0
[QUEUE_STATS] t_ms=14672 q_pkts=23 q_bytes=34592 qdelay_l_ms=0.872931 qdelay_c_ms=11.0415 ecn_mark=933 drop=0
[QUEUE_STATS] t_ms=14688 q_pkts=22 q_bytes=33088 qdelay_l_ms=1.09346 qdelay_c_ms=11.867 ecn_mark=935 drop=0
[QUEUE_STATS] t_ms=14704 q_pkts=24 q_bytes=36096 qdelay_l_ms=1.07527 qdelay_c_ms=11.9693 ecn_mark=937 drop=0
[QUEUE_STATS] t_ms=14720 q_pkts=25 q_bytes=37600 qdelay_l_ms=0.778193 qdelay_c_ms=12.8405 ecn_mark=938 drop=0
[QUEUE_STATS] t_ms=14736 q_pkts=24 q_bytes=36096 qdelay_l_ms=1.09795 qdelay_c_ms=12.0155 ecn_mark=939 drop=0
[QUEUE_STATS] t_ms=14752 q_pkts=25 q_bytes=37600 qdelay_l_ms=1.08733 qdelay_c_ms=11.8922 ecn_mark=939 drop=0
[QUEUE_STATS] t_ms=14768 q_pkts=25 q_bytes=37600 qdelay_l_ms=0.826163 qdelay_c_ms=11.8723 ecn_mark=940 drop=0
[QUEUE_STATS] t_ms=14784 q_pkts=22 q_bytes=33088 qdelay_l_ms=0.03166 qdelay_c_ms=12.0784 ecn_mark=941 drop=0
[QUEUE_STATS] t_ms=14800 q_pkts=26 q_bytes=39104 qdelay_l_ms=1.09973 qdelay_c_ms=12.8217 ecn_mark=942 drop=0
[QUEUE_STATS] t_ms=14816 q_pkts=26 q_bytes=39104 qdelay_l_ms=1.0833 qdelay_c_ms=13.2644 ecn_mark=943 drop=0
[QUEUE_STATS] t_ms=14832 q_pkts=24 q_bytes=36096 qdelay_l_ms=1.06258 qdelay_c_ms=14.0434 ecn_mark=943 drop=0
[QUEUE_STATS] t_ms=14848 q_pkts=28 q_bytes=42112 qdelay_l_ms=1.07313 qdelay_c_ms=13.0905 ecn_mark=943 drop=0
[QUEUE_STATS] t_ms=14864 q_pkts=25 q_bytes=37600 qdelay_l_ms=0.777662 qdelay_c_ms=12.733 ecn_mark=943 drop=0
[QUEUE_STATS] t_ms=14880 q_pkts=26 q_bytes=39104 qdelay_l_ms=0.787711 qdelay_c_ms=13.8744 ecn_mark=944 drop=0
[QUEUE_STATS] t_ms=14896 q_pkts=27 q_bytes=40608 qdelay_l_ms=1.08117 qdelay_c_ms=11.8436 ecn_mark=945 drop=0
[QUEUE_STATS] t_ms=14912 q_pkts=28 q_bytes=42112 qdelay_l_ms=1.07598 qdelay_c_ms=15.0498 ecn_mark=947 drop=0
[QUEUE_STATS] t_ms=14928 q_pkts=25 q_bytes=37600 qdelay_l_ms=1.07569 qdelay_c_ms=14.8577 ecn_mark=949 drop=0
[QUEUE_STATS] t_ms=14944 q_pkts=28 q_bytes=42112 qdelay_l_ms=1.0816 qdelay_c_ms=14.0597 ecn_mark=951 drop=0
[QUEUE_STATS] t_ms=14960 q_pkts=31 q_bytes=46624 qdelay_l_ms=1.0856 qdelay_c_ms=17.0063 ecn_mark=954 drop=0
[QUEUE_STATS] t_ms=14976 q_pkts=29 q_bytes=43616 qdelay_l_ms=0.971516 qdelay_c_ms=16.0354 ecn_mark=954 drop=0
[QUEUE_STATS] t_ms=14992 q_pkts=29 q_bytes=43616 qdelay_l_ms=1.07865 qdelay_c_ms=15.2074 ecn_mark=955 drop=0
[QUEUE_STATS] t_ms=15008 q_pkts=32 q_bytes=48128 qdelay_l_ms=0.785967 qdelay_c_ms=18.0408 ecn_mark=958 drop=0
[QUEUE_STATS] t_ms=15024 q_pkts=30 q_bytes=45120 qdelay_l_ms=1.06999 qdelay_c_ms=14.9593 ecn_mark=958 drop=0
[QUEUE_STATS] t_ms=15040 q_pkts=30 q_bytes=45120 qdelay_l_ms=0.86199 qdelay_c_ms=17.0185 ecn_mark=958 drop=0
[QUEUE_STATS] t_ms=15056 q_pkts=32 q_bytes=48128 qdelay_l_ms=1.09012 qdelay_c_ms=17.9912 ecn_mark=959 drop=0
[QUEUE_STATS] t_ms=15072 q_pkts=31 q_bytes=46624 qdelay_l_ms=1.10124 qdelay_c_ms=16.129 ecn_mark=961 drop=0
[QUEUE_STATS] t_ms=15088 q_pkts=32 q_bytes=48128 qdelay_l_ms=0.652346 qdelay_c_ms=17.84 ecn_mark=963 drop=0
[QUEUE_STATS] t_ms=15104 q_pkts=31 q_bytes=46624 qdelay_l_ms=0.871017 qdelay_c_ms=17.903 ecn_mark=964 drop=0
[QUEUE_STATS] t_ms=15120 q_pkts=33 q_bytes=49632 qdelay_l_ms=1.07412 qdelay_c_ms=16.0956 ecn_mark=964 drop=0
[QUEUE_STATS] t_ms=15136 q_pkts=33 q_bytes=49632 qdelay_l_ms=1.09973 qdelay_c_ms=18.9148 ecn_mark=964 drop=0
[QUEUE_STATS] t_ms=15152 q_pkts=32 q_bytes=48128 qdelay_l_ms=0.777882 qdelay_c_ms=16.9498 ecn_mark=965 drop=0
[QUEUE_STATS] t_ms=15168 q_pkts=29 q_bytes=43616 qdelay_l_ms=1.08415 qdelay_c_ms=16.9327 ecn_mark=965 drop=0
[QUEUE_STATS] t_ms=15184 q_pkts=33 q_bytes=49632 qdelay_l_ms=0.859275 qdelay_c_ms=17.9527 ecn_mark=967 drop=0
[QUEUE_STATS] t_ms=15200 q_pkts=34 q_bytes=51136 qdelay_l_ms=1.04301 qdelay_c_ms=16.1181 ecn_mark=968 drop=0
[QUEUE_STATS] t_ms=15216 q_pkts=33 q_bytes=49632 qdelay_l_ms=0.963581 qdelay_c_ms=19.0053 ecn_mark=969 drop=0
[QUEUE_STATS] t_ms=15232 q_pkts=35 q_bytes=52640 qdelay_l_ms=1.06699 qdelay_c_ms=18.937 ecn_mark=969 drop=0
[QUEUE_STATS] t_ms=15248 q_pkts=34 q_bytes=51136 qdelay_l_ms=0.862911 qdelay_c_ms=16.9114 ecn_mark=969 drop=0
[QUEUE_STATS] t_ms=15264 q_pkts=36 q_bytes=54144 qdelay_l_ms=1.08416 qdelay_c_ms=21.3906 ecn_mark=969 drop=0
[QUEUE_STATS] t_ms=15280 q_pkts=37 q_bytes=55648 qdelay_l_ms=1.0962 qdelay_c_ms=21.1064 ecn_mark=971 drop=0
[QUEUE_STATS] t_ms=15296 q_pkts=36 q_bytes=54144 qdelay_l_ms=1.07135 qdelay_c_ms=19.0719 ecn_mark=973 drop=0
[QUEUE_STATS] t_ms=15312 q_pkts=37 q_bytes=55648 qdelay_l_ms=1.07297 qdelay_c_ms=21.9466 ecn_mark=975 drop=0
[QUEUE_STATS] t_ms=15328 q_pkts=36 q_bytes=54144 qdelay_l_ms=1.05851 qdelay_c_ms=19.8999 ecn_mark=975 drop=0
[QUEUE_STATS] t_ms=15344 q_pkts=36 q_bytes=54144 qdelay_l_ms=1.08676 qdelay_c_ms=19.9886 ecn_mark=975 drop=0
[QUEUE_STATS] t_ms=15360 q_pkts=37 q_bytes=55648 qdelay_l_ms=0.812007 qdelay_c_ms=23.0343 ecn_mark=975 drop=0
[QUEUE_STATS] t_ms=15376 q_pkts=39 q_bytes=58656 qdelay_l_ms=1.10245 qdelay_c_ms=21.1277 ecn_mark=975 drop=0
[QUEUE_STATS] t_ms=15392 q_pkts=39 q_bytes=58656 qdelay_l_ms=1.09104 qdelay_c_ms=22.9698 ecn_mark=975 drop=0
[QUEUE_STATS] t_ms=15408 q_pkts=40 q_bytes=60160 qdelay_l_ms=0.925489 qdelay_c_ms=22.9165 ecn_mark=975 drop=0
[QUEUE_STATS] t_ms=15424 q_pkts=39 q_bytes=58656 qdelay_l_ms=0.959223 qdelay_c_ms=22.134 ecn_mark=976 drop=0
[QUEUE_STATS] t_ms=15440 q_pkts=42 q_bytes=63168 qdelay_l_ms=1.0708 qdelay_c_ms=24.7235 ecn_mark=977 drop=0
[QUEUE_STATS] t_ms=15456 q_pkts=40 q_bytes=60160 qdelay_l_ms=0.934887 qdelay_c_ms=21.8108 ecn_mark=980 drop=0
[QUEUE_STATS] t_ms=15472 q_pkts=41 q_bytes=61664 qdelay_l_ms=1.08052 qdelay_c_ms=22.8689 ecn_mark=980 drop=0
[QUEUE_STATS] t_ms=15488 q_pkts=43 q_bytes=64672 qdelay_l_ms=1.07018 qdelay_c_ms=24.9273 ecn_mark=980 drop=0
[QUEUE_STATS] t_ms=15504 q_pkts=43 q_bytes=64672 qdelay_l_ms=1.10183 qdelay_c_ms=22.8658 ecn_mark=980 drop=0
[QUEUE_STATS] t_ms=15520 q_pkts=44 q_bytes=66176 qdelay_l_ms=1.05735 qdelay_c_ms=24.1866 ecn_mark=981 drop=0
[QUEUE_STATS] t_ms=15536 q_pkts=45 q_bytes=67680 qdelay_l_ms=0.761922 qdelay_c_ms=26.0213 ecn_mark=983 drop=0
[QUEUE_STATS] t_ms=15552 q_pkts=45 q_bytes=67680 qdelay_l_ms=0.736093 qdelay_c_ms=25.6173 ecn_mark=984 drop=0
[QUEUE_STATS] t_ms=15568 q_pkts=45 q_bytes=67680 qdelay_l_ms=0.759177 qdelay_c_ms=26.9663 ecn_mark=987 drop=0
[QUEUE_STATS] t_ms=15584 q_pkts=46 q_bytes=69184 qdelay_l_ms=1.09681 qdelay_c_ms=26.9429 ecn_mark=989 drop=0
[QUEUE_STATS] t_ms=15600 q_pkts=42 q_bytes=63168 qdelay_l_ms=0.772161 qdelay_c_ms=25.8422 ecn_mark=990 drop=0
[QUEUE_STATS] t_ms=15616 q_pkts=46 q_bytes=69184 qdelay_l_ms=1.1054 qdelay_c_ms=26.0674 ecn_mark=991 drop=0
[QUEUE_STATS] t_ms=15632 q_pkts=45 q_bytes=67680 qdelay_l_ms=0.759818 qdelay_c_ms=23.6912 ecn_mark=992 drop=0
[QUEUE_STATS] t_ms=15648 q_pkts=42 q_bytes=63168 qdelay_l_ms=1.08325 qdelay_c_ms=26.1853 ecn_mark=993 drop=0
[QUEUE_STATS] t_ms=15664 q_pkts=47 q_bytes=70688 qdelay_l_ms=1.06364 qdelay_c_ms=28.0441 ecn_mark=994 drop=0
[QUEUE_STATS] t_ms=15680 q_pkts=47 q_bytes=70688 qdelay_l_ms=1.09382 qdelay_c_ms=25.1563 ecn_mark=995 drop=0
[QUEUE_STATS] t_ms=15696 q_pkts=46 q_bytes=69184 qdelay_l_ms=1.11392 qdelay_c_ms=27.1153 ecn_mark=995 drop=0
[QUEUE_STATS] t_ms=15712 q_pkts=46 q_bytes=69184 qdelay_l_ms=0.753276 qdelay_c_ms=29.9178 ecn_mark=997 drop=0
[QUEUE_STATS] t_ms=15728 q_pkts=46 q_bytes=69184 qdelay_l_ms=1.09394 qdelay_c_ms=25.7596 ecn_mark=997 drop=0
[QUEUE_STATS] t_ms=15744 q_pkts=47 q_bytes=70688 qdelay_l_ms=1.06588 qdelay_c_ms=29.0083 ecn_mark=997 drop=0
[QUEUE_STATS] t_ms=15760 q_pkts=49 q_bytes=73696 qdelay_l_ms=0.753837 qdelay_c_ms=27.8771 ecn_mark=998 drop=0
[QUEUE_STATS] t_ms=15776 q_pkts=47 q_bytes=70688 qdelay_l_ms=1.08518 qdelay_c_ms=25.9568 ecn_mark=1001 drop=0
[QUEUE_STATS] t_ms=15792 q_pkts=47 q_bytes=70688 qdelay_l_ms=1.09782 qdelay_c_ms=29.0286 ecn_mark=1003 drop=0
[QUEUE_STATS] t_ms=15808 q_pkts=47 q_bytes=70688 qdelay_l_ms=1.08517 qdelay_c_ms=26.8289 ecn_mark=1007 drop=0
[QUEUE_STATS] t_ms=15824 q_pkts=48 q_bytes=72192 qdelay_l_ms=1.09356 qdelay_c_ms=27.2381 ecn_mark=1007 drop=0
[QUEUE_STATS] t_ms=15840 q_pkts=49 q_bytes=73696 qdelay_l_ms=0.985032 qdelay_c_ms=30.1953 ecn_mark=1011 drop=0
[QUEUE_STATS] t_ms=15856 q_pkts=49 q_bytes=73696 qdelay_l_ms=1.08478 qdelay_c_ms=26.9095 ecn_mark=1011 drop=0
[QUEUE_STATS] t_ms=15872 q_pkts=49 q_bytes=73696 qdelay_l_ms=1.10093 qdelay_c_ms=29.348 ecn_mark=1014 drop=0
[QUEUE_STATS] t_ms=15888 q_pkts=48 q_bytes=72192 qdelay_l_ms=1.0672 qdelay_c_ms=30.8751 ecn_mark=1014 drop=0
[QUEUE_STATS] t_ms=15904 q_pkts=48 q_bytes=72192 qdelay_l_ms=0.775768 qdelay_c_ms=26.6915 ecn_mark=1016 drop=0
[QUEUE_STATS] t_ms=15920 q_pkts=49 q_bytes=73696 qdelay_l_ms=1.08544 qdelay_c_ms=30.1604 ecn_mark=1016 drop=0
[QUEUE_STATS] t_ms=15936 q_pkts=51 q_bytes=76704 qdelay_l_ms=1.08994 qdelay_c_ms=30.9618 ecn_mark=1018 drop=0
[QUEUE_STATS] t_ms=15952 q_pkts=50 q_bytes=75200 qdelay_l_ms=1.09645 qdelay_c_ms=28.1252 ecn_mark=1019 drop=0
[QUEUE_STATS] t_ms=15968 q_pkts=52 q_bytes=78208 qdelay_l_ms=1.09209 qdelay_c_ms=30.068 ecn_mark=1019 drop=0
[QUEUE_STATS] t_ms=15984 q_pkts=51 q_bytes=76704 qdelay_l_ms=1.09988 qdelay_c_ms=30.2175 ecn_mark=1019 drop=0
[QUEUE_STATS] t_ms=16000 q_pkts=51 q_bytes=76704 qdelay_l_ms=0.934426 qdelay_c_ms=28.0912 ecn_mark=1021 drop=0
[QUEUE_STATS] t_ms=16016 q_pkts=52 q_bytes=78208 qdelay_l_ms=1.08372 qdelay_c_ms=31.2719 ecn_mark=1024 drop=0
[QUEUE_STATS] t_ms=16032 q_pkts=52 q_bytes=78208 qdelay_l_ms=1.04915 qdelay_c_ms=31.263 ecn_mark=1025 drop=0
[QUEUE_STATS] t_ms=16048 q_pkts=52 q_bytes=78208 qdelay_l_ms=0.753086 qdelay_c_ms=29.7892 ecn_mark=1026 drop=0
[QUEUE_STATS] t_ms=16065 q_pkts=52 q_bytes=78208 qdelay_l_ms=1.07756 qdelay_c_ms=32.3783 ecn_mark=1026 drop=0
[QUEUE_STATS] t_ms=16080 q_pkts=51 q_bytes=76704 qdelay_l_ms=1.09033 qdelay_c_ms=30.9011 ecn_mark=1027 drop=0
[QUEUE_STATS] t_ms=16096 q_pkts=49 q_bytes=73696 qdelay_l_ms=1.09969 qdelay_c_ms=27.7919 ecn_mark=1030 drop=0
[QUEUE_STATS] t_ms=16112 q_pkts=54 q_bytes=81216 qdelay_l_ms=1.0799 qdelay_c_ms=32.0664 ecn_mark=1032 drop=0
[QUEUE_STATS] t_ms=16128 q_pkts=54 q_bytes=81216 qdelay_l_ms=1.06262 qdelay_c_ms=30.9103 ecn_mark=1032 drop=0
[QUEUE_STATS] t_ms=16144 q_pkts=51 q_bytes=76704 qdelay_l_ms=1.09149 qdelay_c_ms=28.6542 ecn_mark=1032 drop=0
[QUEUE_STATS] t_ms=16160 q_pkts=51 q_bytes=76704 qdelay_l_ms=1.06594 qdelay_c_ms=33.1477 ecn_mark=1034 drop=0
[QUEUE_STATS] t_ms=16176 q_pkts=52 q_bytes=78208 qdelay_l_ms=1.09335 qdelay_c_ms=29.1008 ecn_mark=1034 drop=0
[QUEUE_STATS] t_ms=16192 q_pkts=50 q_bytes=75200 qdelay_l_ms=1.09941 qdelay_c_ms=26.8969 ecn_mark=1034 drop=0
[QUEUE_STATS] t_ms=16208 q_pkts=51 q_bytes=76704 qdelay_l_ms=1.08057 qdelay_c_ms=31.913 ecn_mark=1035 drop=0
[QUEUE_STATS] t_ms=16224 q_pkts=52 q_bytes=78208 qdelay_l_ms=0.746743 qdelay_c_ms=30.8005 ecn_mark=1036 drop=0
[QUEUE_STATS] t_ms=16240 q_pkts=52 q_bytes=78208 qdelay_l_ms=1.11261 qdelay_c_ms=28.927 ecn_mark=1037 drop=0
[QUEUE_STATS] t_ms=16256 q_pkts=52 q_bytes=78208 qdelay_l_ms=1.0718 qdelay_c_ms=30.9096 ecn_mark=1038 drop=0
[QUEUE_STATS] t_ms=16272 q_pkts=53 q_bytes=79712 qdelay_l_ms=0.781449 qdelay_c_ms=31.6838 ecn_mark=1039 drop=0
[QUEUE_STATS] t_ms=16288 q_pkts=50 q_bytes=75200 qdelay_l_ms=1.06622 qdelay_c_ms=29.9559 ecn_mark=1041 drop=0
[QUEUE_STATS] t_ms=16304 q_pkts=54 q_bytes=81216 qdelay_l_ms=0.912184 qdelay_c_ms=30.9106 ecn_mark=1041 drop=0
[QUEUE_STATS] t_ms=16320 q_pkts=52 q_bytes=78208 qdelay_l_ms=0.783813 qdelay_c_ms=31.7004 ecn_mark=1042 drop=0
[QUEUE_STATS] t_ms=16336 q_pkts=52 q_bytes=78208 qdelay_l_ms=1.10076 qdelay_c_ms=29.8441 ecn_mark=1043 drop=0
[QUEUE_STATS] t_ms=16352 q_pkts=52 q_bytes=78208 qdelay_l_ms=1.08932 qdelay_c_ms=30.3249 ecn_mark=1045 drop=0
[QUEUE_STATS] t_ms=16368 q_pkts=53 q_bytes=79712 qdelay_l_ms=0.960987 qdelay_c_ms=31.067 ecn_mark=1049 drop=0
[QUEUE_STATS] t_ms=16384 q_pkts=54 q_bytes=81216 qdelay_l_ms=1.09704 qdelay_c_ms=29.9297 ecn_mark=1050 drop=0
[QUEUE_STATS] t_ms=16400 q_pkts=55 q_bytes=82720 qdelay_l_ms=1.07502 qdelay_c_ms=31.9107 ecn_mark=1052 drop=0
[QUEUE_STATS] t_ms=16416 q_pkts=54 q_bytes=81216 qdelay_l_ms=0.618773 qdelay_c_ms=30.6933 ecn_mark=1053 drop=0
[QUEUE_STATS] t_ms=16432 q_pkts=54 q_bytes=81216 qdelay_l_ms=0.951798 qdelay_c_ms=31.9019 ecn_mark=1053 drop=0
[QUEUE_STATS] t_ms=16448 q_pkts=53 q_bytes=79712 qdelay_l_ms=1.08666 qdelay_c_ms=32.2161 ecn_mark=1053 drop=0
[QUEUE_STATS] t_ms=16464 q_pkts=52 q_bytes=78208 qdelay_l_ms=1.10257 qdelay_c_ms=30.7713 ecn_mark=1053 drop=0
[QUEUE_STATS] t_ms=16480 q_pkts=54 q_bytes=81216 qdelay_l_ms=1.06285 qdelay_c_ms=29.8884 ecn_mark=1053 drop=0
[QUEUE_STATS] t_ms=16496 q_pkts=56 q_bytes=84224 qdelay_l_ms=1.09443 qdelay_c_ms=31.0759 ecn_mark=1054 drop=0
[QUEUE_STATS] t_ms=16512 q_pkts=55 q_bytes=82720 qdelay_l_ms=1.06483 qdelay_c_ms=33.1715 ecn_mark=1054 drop=0
[QUEUE_STATS] t_ms=16528 q_pkts=55 q_bytes=82720 qdelay_l_ms=0.775347 qdelay_c_ms=31.0014 ecn_mark=1055 drop=0
[QUEUE_STATS] t_ms=16544 q_pkts=56 q_bytes=84224 qdelay_l_ms=1.08991 qdelay_c_ms=32.0238 ecn_mark=1056 drop=0
[QUEUE_STATS] t_ms=16560 q_pkts=54 q_bytes=81216 qdelay_l_ms=1.06362 qdelay_c_ms=33.3473 ecn_mark=1057 drop=0
[QUEUE_STATS] t_ms=16576 q_pkts=54 q_bytes=81216 qdelay_l_ms=1.07205 qdelay_c_ms=31.9181 ecn_mark=1057 drop=0
[QUEUE_STATS] t_ms=16592 q_pkts=54 q_bytes=81216 qdelay_l_ms=1.08278 qdelay_c_ms=31.0886 ecn_mark=1057 drop=0
[QUEUE_STATS] t_ms=16608 q_pkts=55 q_bytes=82720 qdelay_l_ms=0.924157 qdelay_c_ms=34.2863 ecn_mark=1057 drop=0
[QUEUE_STATS] t_ms=16624 q_pkts=57 q_bytes=85728 qdelay_l_ms=1.0868 qdelay_c_ms=31.8061 ecn_mark=1058 drop=0
[QUEUE_STATS] t_ms=16640 q_pkts=56 q_bytes=84224 qdelay_l_ms=0.953432 qdelay_c_ms=31.8008 ecn_mark=1059 drop=0
[QUEUE_STATS] t_ms=16656 q_pkts=57 q_bytes=85728 qdelay_l_ms=0.79813 qdelay_c_ms=32.8692 ecn_mark=1059 drop=0
[QUEUE_STATS] t_ms=16672 q_pkts=55 q_bytes=82720 qdelay_l_ms=0.801627 qdelay_c_ms=30.7218 ecn_mark=1059 drop=0
[QUEUE_STATS] t_ms=16688 q_pkts=57 q_bytes=85728 qdelay_l_ms=1.10967 qdelay_c_ms=34.0504 ecn_mark=1059 drop=0
[QUEUE_STATS] t_ms=16704 q_pkts=59 q_bytes=88736 qdelay_l_ms=1.07535 qdelay_c_ms=32.9755 ecn_mark=1059 drop=0
[QUEUE_STATS] t_ms=16720 q_pkts=56 q_bytes=84224 qdelay_l_ms=1.09865 qdelay_c_ms=31.0859 ecn_mark=1059 drop=0
[QUEUE_STATS] t_ms=16736 q_pkts=57 q_bytes=85728 qdelay_l_ms=1.09019 qdelay_c_ms=35.1429 ecn_mark=1060 drop=0
[QUEUE_STATS] t_ms=16752 q_pkts=59 q_bytes=88736 qdelay_l_ms=1.0775 qdelay_c_ms=35.0122 ecn_mark=1061 drop=0
[QUEUE_STATS] t_ms=16768 q_pkts=57 q_bytes=85728 qdelay_l_ms=1.08075 qdelay_c_ms=32.8146 ecn_mark=1061 drop=0
[QUEUE_STATS] t_ms=16784 q_pkts=60 q_bytes=90240 qdelay_l_ms=1.09496 qdelay_c_ms=35.0502 ecn_mark=1062 drop=0
[QUEUE_STATS] t_ms=16800 q_pkts=60 q_bytes=90240 qdelay_l_ms=1.07504 qdelay_c_ms=34.8549 ecn_mark=1063 drop=0
[QUEUE_STATS] t_ms=16816 q_pkts=57 q_bytes=85728 qdelay_l_ms=1.10238 qdelay_c_ms=34.2843 ecn_mark=1066 drop=0
[QUEUE_STATS] t_ms=16832 q_pkts=61 q_bytes=91744 qdelay_l_ms=1.09551 qdelay_c_ms=37.1394 ecn_mark=1068 drop=0
[QUEUE_STATS] t_ms=16848 q_pkts=59 q_bytes=88736 qdelay_l_ms=0.767262 qdelay_c_ms=34.9907 ecn_mark=1068 drop=0
[QUEUE_STATS] t_ms=16864 q_pkts=58 q_bytes=87232 qdelay_l_ms=1.08481 qdelay_c_ms=34.2766 ecn_mark=1071 drop=0
[QUEUE_STATS] t_ms=16880 q_pkts=60 q_bytes=90240 qdelay_l_ms=0.972037 qdelay_c_ms=36.3005 ecn_mark=1071 drop=0
[QUEUE_STATS] t_ms=16896 q_pkts=59 q_bytes=88736 qdelay_l_ms=1.10248 qdelay_c_ms=35.1619 ecn_mark=1072 drop=0
[QUEUE_STATS] t_ms=16912 q_pkts=60 q_bytes=90240 qdelay_l_ms=0.933805 qdelay_c_ms=36.1547 ecn_mark=1072 drop=0
[QUEUE_STATS] t_ms=16928 q_pkts=60 q_bytes=90240 qdelay_l_ms=1.09777 qdelay_c_ms=36.0097 ecn_mark=1073 drop=0
[QUEUE_STATS] t_ms=16944 q_pkts=58 q_bytes=87232 qdelay_l_ms=1.08963 qdelay_c_ms=34.9374 ecn_mark=1073 drop=0
[QUEUE_STATS] t_ms=16960 q_pkts=60 q_bytes=90240 qdelay_l_ms=1.07732 qdelay_c_ms=34.9789 ecn_mark=1075 drop=0
[QUEUE_STATS] t_ms=16976 q_pkts=61 q_bytes=91744 qdelay_l_ms=1.11474 qdelay_c_ms=35.9804 ecn_mark=1075 drop=0
[QUEUE_STATS] t_ms=16992 q_pkts=60 q_bytes=90240 qdelay_l_ms=0.789614 qdelay_c_ms=37.0376 ecn_mark=1077 drop=0
[QUEUE_STATS] t_ms=17008 q_pkts=57 q_bytes=85728 qdelay_l_ms=0.768445 qdelay_c_ms=35.0042 ecn_mark=1077 drop=0
[QUEUE_STATS] t_ms=17024 q_pkts=60 q_bytes=90240 qdelay_l_ms=0.925299 qdelay_c_ms=34.988 ecn_mark=1077 drop=0
[QUEUE_STATS] t_ms=17040 q_pkts=60 q_bytes=90240 qdelay_l_ms=1.08777 qdelay_c_ms=36.8966 ecn_mark=1079 drop=0
[QUEUE_STATS] t_ms=17056 q_pkts=60 q_bytes=90240 qdelay_l_ms=1.08873 qdelay_c_ms=34.9143 ecn_mark=1079 drop=0
[QUEUE_STATS] t_ms=17072 q_pkts=61 q_bytes=91744 qdelay_l_ms=1.10189 qdelay_c_ms=35.9742 ecn_mark=1082 drop=0
[QUEUE_STATS] t_ms=17088 q_pkts=61 q_bytes=91744 qdelay_l_ms=1.09037 qdelay_c_ms=40.0719 ecn_mark=1083 drop=0
[QUEUE_STATS] t_ms=17104 q_pkts=62 q_bytes=93248 qdelay_l_ms=0.744499 qdelay_c_ms=35.6762 ecn_mark=1084 drop=0
[QUEUE_STATS] t_ms=17120 q_pkts=63 q_bytes=94752 qdelay_l_ms=1.07245 qdelay_c_ms=36.0292 ecn_mark=1085 drop=0
[QUEUE_STATS] t_ms=17136 q_pkts=61 q_bytes=91744 qdelay_l_ms=1.06769 qdelay_c_ms=37.8351 ecn_mark=1085 drop=0
[QUEUE_STATS] t_ms=17152 q_pkts=60 q_bytes=90240 qdelay_l_ms=0.94165 qdelay_c_ms=36.0271 ecn_mark=1085 drop=0
[QUEUE_STATS] t_ms=17168 q_pkts=61 q_bytes=91744 qdelay_l_ms=1.0842 qdelay_c_ms=36.9734 ecn_mark=1085 drop=0
[QUEUE_STATS] t_ms=17184 q_pkts=61 q_bytes=91744 qdelay_l_ms=0.930458 qdelay_c_ms=36.8584 ecn_mark=1085 drop=0
[QUEUE_STATS] t_ms=17200 q_pkts=63 q_bytes=94752 qdelay_l_ms=1.10038 qdelay_c_ms=37.9803 ecn_mark=1087 drop=0
[QUEUE_STATS] t_ms=17216 q_pkts=64 q_bytes=96256 qdelay_l_ms=1.08451 qdelay_c_ms=40.0484 ecn_mark=1088 drop=0
[QUEUE_STATS] t_ms=17232 q_pkts=63 q_bytes=94752 qdelay_l_ms=0.918987 qdelay_c_ms=38.0561 ecn_mark=1088 drop=0
[QUEUE_STATS] t_ms=17248 q_pkts=64 q_bytes=96256 qdelay_l_ms=1.10127 qdelay_c_ms=39.013 ecn_mark=1089 drop=0
[QUEUE_STATS] t_ms=17264 q_pkts=65 q_bytes=97760 qdelay_l_ms=1.09056 qdelay_c_ms=39.0611 ecn_mark=1092 drop=0
[QUEUE_STATS] t_ms=17280 q_pkts=64 q_bytes=96256 qdelay_l_ms=1.08145 qdelay_c_ms=39.9342 ecn_mark=1092 drop=0
[QUEUE_STATS] t_ms=17296 q_pkts=64 q_bytes=96256 qdelay_l_ms=1.11138 qdelay_c_ms=39.1358 ecn_mark=1093 drop=0
[QUEUE_STATS] t_ms=17312 q_pkts=65 q_bytes=97760 qdelay_l_ms=1.10093 qdelay_c_ms=41.048 ecn_mark=1093 drop=0
[QUEUE_STATS] t_ms=17328 q_pkts=64 q_bytes=96256 qdelay_l_ms=0.930689 qdelay_c_ms=40.0972 ecn_mark=1095 drop=0
[QUEUE_STATS] t_ms=17344 q_pkts=63 q_bytes=94752 qdelay_l_ms=1.09376 qdelay_c_ms=40.1086 ecn_mark=1095 drop=0
[QUEUE_STATS] t_ms=17360 q_pkts=61 q_bytes=91744 qdelay_l_ms=0 qdelay_c_ms=40.0937 ecn_mark=1099 drop=0
[QUEUE_STATS] t_ms=17376 q_pkts=64 q_bytes=96256 qdelay_l_ms=1.09936 qdelay_c_ms=40.0667 ecn_mark=1099 drop=0
[QUEUE_STATS] t_ms=17392 q_pkts=63 q_bytes=94752 qdelay_l_ms=1.07401 qdelay_c_ms=39.9211 ecn_mark=1100 drop=0
[QUEUE_STATS] t_ms=17408 q_pkts=64 q_bytes=96256 qdelay_l_ms=1.07427 qdelay_c_ms=38.9982 ecn_mark=1101 drop=0
[QUEUE_STATS] t_ms=17424 q_pkts=65 q_bytes=97760 qdelay_l_ms=1.12033 qdelay_c_ms=40.4068 ecn_mark=1102 drop=0
[QUEUE_STATS] t_ms=17440 q_pkts=65 q_bytes=97760 qdelay_l_ms=1.07214 qdelay_c_ms=40.0101 ecn_mark=1102 drop=0
[QUEUE_STATS] t_ms=17456 q_pkts=64 q_bytes=96256 qdelay_l_ms=1.08961 qdelay_c_ms=38.1818 ecn_mark=1103 drop=0
[QUEUE_STATS] t_ms=17472 q_pkts=63 q_bytes=94752 qdelay_l_ms=1.0554 qdelay_c_ms=39.1729 ecn_mark=1104 drop=0
[QUEUE_STATS] t_ms=17488 q_pkts=66 q_bytes=99264 qdelay_l_ms=1.08134 qdelay_c_ms=41.0504 ecn_mark=1104 drop=0
[QUEUE_STATS] t_ms=17504 q_pkts=66 q_bytes=99264 qdelay_l_ms=1.0954 qdelay_c_ms=41.1483 ecn_mark=1105 drop=0
[QUEUE_STATS] t_ms=17520 q_pkts=65 q_bytes=97760 qdelay_l_ms=1.09297 qdelay_c_ms=41.2682 ecn_mark=1105 drop=0
[QUEUE_STATS] t_ms=17536 q_pkts=64 q_bytes=96256 qdelay_l_ms=0.737256 qdelay_c_ms=39.9878 ecn_mark=1106 drop=0
[QUEUE_STATS] t_ms=17552 q_pkts=66 q_bytes=99264 qdelay_l_ms=1.10707 qdelay_c_ms=41.2062 ecn_mark=1107 drop=0
[QUEUE_STATS] t_ms=17568 q_pkts=64 q_bytes=96256 qdelay_l_ms=0.735102 qdelay_c_ms=40.6262 ecn_mark=1108 drop=0
[QUEUE_STATS] t_ms=17584 q_pkts=65 q_bytes=97760 qdelay_l_ms=1.10753 qdelay_c_ms=41.039 ecn_mark=1108 drop=0
[QUEUE_STATS] t_ms=17600 q_pkts=66 q_bytes=99264 qdelay_l_ms=1.08958 qdelay_c_ms=41.671 ecn_mark=1111 drop=0
[QUEUE_STATS] t_ms=17616 q_pkts=66 q_bytes=99264 qdelay_l_ms=1.10005 qdelay_c_ms=41.092 ecn_mark=1112 drop=0
[QUEUE_STATS] t_ms=17632 q_pkts=65 q_bytes=97760 qdelay_l_ms=1.10577 qdelay_c_ms=39.1405 ecn_mark=1112 drop=0
[QUEUE_STATS] t_ms=17648 q_pkts=65 q_bytes=97760 qdelay_l_ms=1.08857 qdelay_c_ms=41.6526 ecn_mark=1113 drop=0
[QUEUE_STATS] t_ms=17664 q_pkts=66 q_bytes=99264 qdelay_l_ms=1.09271 qdelay_c_ms=42.3415 ecn_mark=1114 drop=0
[QUEUE_STATS] t_ms=17680 q_pkts=65 q_bytes=97760 qdelay_l_ms=1.08908 qdelay_c_ms=39.0901 ecn_mark=1118 drop=0
[QUEUE_STATS] t_ms=17696 q_pkts=66 q_bytes=99264 qdelay_l_ms=1.08328 qdelay_c_ms=43.1277 ecn_mark=1118 drop=0
[QUEUE_STATS] t_ms=17712 q_pkts=61 q_bytes=91744 qdelay_l_ms=0 qdelay_c_ms=41.3983 ecn_mark=1120 drop=0
[QUEUE_STATS] t_ms=17728 q_pkts=65 q_bytes=97760 qdelay_l_ms=0.745191 qdelay_c_ms=38.8811 ecn_mark=1121 drop=0
[QUEUE_STATS] t_ms=17744 q_pkts=65 q_bytes=97760 qdelay_l_ms=0.721306 qdelay_c_ms=40.7868 ecn_mark=1121 drop=0
[QUEUE_STATS] t_ms=17760 q_pkts=64 q_bytes=96256 qdelay_l_ms=1.08285 qdelay_c_ms=41.0676 ecn_mark=1121 drop=0
[QUEUE_STATS] t_ms=17776 q_pkts=65 q_bytes=97760 qdelay_l_ms=1.06211 qdelay_c_ms=40.1039 ecn_mark=1122 drop=0
[QUEUE_STATS] t_ms=17792 q_pkts=65 q_bytes=97760 qdelay_l_ms=1.09792 qdelay_c_ms=42.0164 ecn_mark=1125 drop=0
[QUEUE_STATS] t_ms=17808 q_pkts=68 q_bytes=102272 qdelay_l_ms=1.06386 qdelay_c_ms=41.6491 ecn_mark=1127 drop=0
[QUEUE_STATS] t_ms=17824 q_pkts=66 q_bytes=99264 qdelay_l_ms=1.11324 qdelay_c_ms=41.1307 ecn_mark=1128 drop=0
[QUEUE_STATS] t_ms=17840 q_pkts=66 q_bytes=99264 qdelay_l_ms=0.029395 qdelay_c_ms=40.2036 ecn_mark=1128 drop=0
[QUEUE_STATS] t_ms=17856 q_pkts=67 q_bytes=100768 qdelay_l_ms=1.07158 qdelay_c_ms=44.0039 ecn_mark=1129 drop=0
[QUEUE_STATS] t_ms=17872 q_pkts=67 q_bytes=100768 qdelay_l_ms=1.07324 qdelay_c_ms=42.9694 ecn_mark=1132 drop=0
[QUEUE_STATS] t_ms=17888 q_pkts=67 q_bytes=100768 qdelay_l_ms=1.02672 qdelay_c_ms=42.1144 ecn_mark=1133 drop=0
[QUEUE_STATS] t_ms=17904 q_pkts=68 q_bytes=102272 qdelay_l_ms=1.02685 qdelay_c_ms=43.9455 ecn_mark=1133 drop=0
[QUEUE_STATS] t_ms=17920 q_pkts=65 q_bytes=97760 qdelay_l_ms=1.0804 qdelay_c_ms=42.3304 ecn_mark=1134 drop=0
[QUEUE_STATS] t_ms=17936 q_pkts=65 q_bytes=97760 qdelay_l_ms=0.044022 qdelay_c_ms=41.3107 ecn_mark=1135 drop=0
[QUEUE_STATS] t_ms=17952 q_pkts=68 q_bytes=102272 qdelay_l_ms=1.04913 qdelay_c_ms=42.0606 ecn_mark=1136 drop=0
[QUEUE_STATS] t_ms=17968 q_pkts=65 q_bytes=97760 qdelay_l_ms=0.97897 qdelay_c_ms=41.6988 ecn_mark=1136 drop=0
[QUEUE_STATS] t_ms=17984 q_pkts=68 q_bytes=102272 qdelay_l_ms=1.08175 qdelay_c_ms=41.8127 ecn_mark=1137 drop=0
[QUEUE_STATS] t_ms=18000 q_pkts=68 q_bytes=102272 qdelay_l_ms=1.05287 qdelay_c_ms=45.2908 ecn_mark=1138 drop=0
[QUEUE_STATS] t_ms=18016 q_pkts=68 q_bytes=102272 qdelay_l_ms=1.07995 qdelay_c_ms=40.3858 ecn_mark=1141 drop=0
[QUEUE_STATS] t_ms=18032 q_pkts=67 q_bytes=100768 qdelay_l_ms=0.73418 qdelay_c_ms=44.0072 ecn_mark=1142 drop=0
[QUEUE_STATS] t_ms=18048 q_pkts=68 q_bytes=102272 qdelay_l_ms=1.06945 qdelay_c_ms=44.1125 ecn_mark=1144 drop=0
[QUEUE_STATS] t_ms=18064 q_pkts=67 q_bytes=100768 qdelay_l_ms=1.07681 qdelay_c_ms=42.9314 ecn_mark=1144 drop=0
[QUEUE_STATS] t_ms=18080 q_pkts=68 q_bytes=102272 qdelay_l_ms=1.02755 qdelay_c_ms=42.9736 ecn_mark=1144 drop=0
[QUEUE_STATS] t_ms=18096 q_pkts=68 q_bytes=102272 qdelay_l_ms=1.07263 qdelay_c_ms=42.8721 ecn_mark=1145 drop=0
[QUEUE_STATS] t_ms=18112 q_pkts=67 q_bytes=100768 qdelay_l_ms=1.10816 qdelay_c_ms=43.2546 ecn_mark=1147 drop=0
[QUEUE_STATS] t_ms=18128 q_pkts=68 q_bytes=102272 qdelay_l_ms=1.1074 qdelay_c_ms=42.918 ecn_mark=1148 drop=0
[QUEUE_STATS] t_ms=18144 q_pkts=65 q_bytes=97760 qdelay_l_ms=0 qdelay_c_ms=42.3638 ecn_mark=1148 drop=0
[QUEUE_STATS] t_ms=18160 q_pkts=67 q_bytes=100768 qdelay_l_ms=1.09921 qdelay_c_ms=41.8701 ecn_mark=1149 drop=0
[QUEUE_STATS] t_ms=18176 q_pkts=68 q_bytes=102272 qdelay_l_ms=1.07141 qdelay_c_ms=44.8514 ecn_mark=1150 drop=0
[QUEUE_STATS] t_ms=18192 q_pkts=67 q_bytes=100768 qdelay_l_ms=1.09055 qdelay_c_ms=43.3332 ecn_mark=1152 drop=0
[QUEUE_STATS] t_ms=18208 q_pkts=66 q_bytes=99264 qdelay_l_ms=1.07527 qdelay_c_ms=42.9335 ecn_mark=1154 drop=0
[QUEUE_STATS] t_ms=18224 q_pkts=68 q_bytes=102272 qdelay_l_ms=0.727567 qdelay_c_ms=42.901 ecn_mark=1156 drop=0
[QUEUE_STATS] t_ms=18240 q_pkts=66 q_bytes=99264 qdelay_l_ms=0.738678 qdelay_c_ms=40.9111 ecn_mark=1157 drop=0
[QUEUE_STATS] t_ms=18256 q_pkts=68 q_bytes=102272 qdelay_l_ms=1.05303 qdelay_c_ms=43.0279 ecn_mark=1159 drop=0
[QUEUE_STATS] t_ms=18272 q_pkts=69 q_bytes=103776 qdelay_l_ms=1.07193 qdelay_c_ms=44.1293 ecn_mark=1160 drop=0
[QUEUE_STATS] t_ms=18288 q_pkts=65 q_bytes=97760 qdelay_l_ms=1.10972 qdelay_c_ms=41.2184 ecn_mark=1163 drop=0
[QUEUE_STATS] t_ms=18304 q_pkts=67 q_bytes=100768 qdelay_l_ms=1.09268 qdelay_c_ms=41.5947 ecn_mark=1163 drop=0
[QUEUE_STATS] t_ms=18320 q_pkts=68 q_bytes=102272 qdelay_l_ms=1.10488 qdelay_c_ms=43.193 ecn_mark=1163 drop=0
[QUEUE_STATS] t_ms=18336 q_pkts=65 q_bytes=97760 qdelay_l_ms=0.735532 qdelay_c_ms=40.6924 ecn_mark=1163 drop=0
[QUEUE_STATS] t_ms=18352 q_pkts=64 q_bytes=96256 qdelay_l_ms=1.06712 qdelay_c_ms=41.2067 ecn_mark=1163 drop=0
[QUEUE_STATS] t_ms=18368 q_pkts=67 q_bytes=100768 qdelay_l_ms=1.07326 qdelay_c_ms=42.9597 ecn_mark=1164 drop=0
[QUEUE_STATS] t_ms=18384 q_pkts=66 q_bytes=99264 qdelay_l_ms=1.09477 qdelay_c_ms=41.0999 ecn_mark=1164 drop=0
[QUEUE_STATS] t_ms=18400 q_pkts=66 q_bytes=99264 qdelay_l_ms=0.89928 qdelay_c_ms=42.0294 ecn_mark=1166 drop=0
[QUEUE_STATS] t_ms=18416 q_pkts=67 q_bytes=100768 qdelay_l_ms=1.0837 qdelay_c_ms=41.9683 ecn_mark=1166 drop=0
[QUEUE_STATS] t_ms=18432 q_pkts=66 q_bytes=99264 qdelay_l_ms=1.07109 qdelay_c_ms=41.9702 ecn_mark=1166 drop=0
[QUEUE_STATS] t_ms=18448 q_pkts=67 q_bytes=100768 qdelay_l_ms=1.07467 qdelay_c_ms=41.012 ecn_mark=1167 drop=0
[QUEUE_STATS] t_ms=18464 q_pkts=70 q_bytes=105280 qdelay_l_ms=1.09319 qdelay_c_ms=43.0719 ecn_mark=1167 drop=0
[QUEUE_STATS] t_ms=18480 q_pkts=67 q_bytes=100768 qdelay_l_ms=1.10019 qdelay_c_ms=42.1974 ecn_mark=1168 drop=0
[QUEUE_STATS] t_ms=18496 q_pkts=68 q_bytes=102272 qdelay_l_ms=1.08431 qdelay_c_ms=43.0098 ecn_mark=1169 drop=0
[QUEUE_STATS] t_ms=18512 q_pkts=68 q_bytes=102272 qdelay_l_ms=1.05723 qdelay_c_ms=42.7083 ecn_mark=1169 drop=0
[QUEUE_STATS] t_ms=18528 q_pkts=66 q_bytes=99264 qdelay_l_ms=1.07382 qdelay_c_ms=42.9823 ecn_mark=1172 drop=0
[QUEUE_STATS] t_ms=18544 q_pkts=67 q_bytes=100768 qdelay_l_ms=1.09195 qdelay_c_ms=42.1488 ecn_mark=1172 drop=0
[QUEUE_STATS] t_ms=18560 q_pkts=67 q_bytes=100768 qdelay_l_ms=1.06885 qdelay_c_ms=42.9154 ecn_mark=1173 drop=0
[QUEUE_STATS] t_ms=18576 q_pkts=66 q_bytes=99264 qdelay_l_ms=1.09241 qdelay_c_ms=43.2198 ecn_mark=1173 drop=0
[QUEUE_STATS] t_ms=18592 q_pkts=68 q_bytes=102272 qdelay_l_ms=0.712229 qdelay_c_ms=42.7648 ecn_mark=1174 drop=0
[QUEUE_STATS] t_ms=18608 q_pkts=66 q_bytes=99264 qdelay_l_ms=1.06659 qdelay_c_ms=41.026 ecn_mark=1174 drop=0
[QUEUE_STATS] t_ms=18624 q_pkts=68 q_bytes=102272 qdelay_l_ms=1.1126 qdelay_c_ms=43.1283 ecn_mark=1176 drop=0
[QUEUE_STATS] t_ms=18640 q_pkts=68 q_bytes=102272 qdelay_l_ms=1.10461 qdelay_c_ms=44.1449 ecn_mark=1178 drop=0
[QUEUE_STATS] t_ms=18656 q_pkts=68 q_bytes=102272 qdelay_l_ms=0.716477 qdelay_c_ms=41.9085 ecn_mark=1179 drop=0
[QUEUE_STATS] t_ms=18672 q_pkts=65 q_bytes=97760 qdelay_l_ms=0.902857 qdelay_c_ms=41.8973 ecn_mark=1180 drop=0
[QUEUE_STATS] t_ms=18688 q_pkts=68 q_bytes=102272 qdelay_l_ms=1.07896 qdelay_c_ms=44.1856 ecn_mark=1180 drop=0
[QUEUE_STATS] t_ms=18704 q_pkts=68 q_bytes=102272 qdelay_l_ms=1.07622 qdelay_c_ms=42.9722 ecn_mark=1181 drop=0
[QUEUE_STATS] t_ms=18720 q_pkts=66 q_bytes=99264 qdelay_l_ms=1.0718 qdelay_c_ms=43.2044 ecn_mark=1181 drop=0
[QUEUE_STATS] t_ms=18736 q_pkts=65 q_bytes=97760 qdelay_l_ms=1.06652 qdelay_c_ms=42.2701 ecn_mark=1183 drop=0
[QUEUE_STATS] t_ms=18752 q_pkts=68 q_bytes=102272 qdelay_l_ms=0.726766 qdelay_c_ms=43.8557 ecn_mark=1184 drop=0
[QUEUE_STATS] t_ms=18768 q_pkts=67 q_bytes=100768 qdelay_l_ms=1.09676 qdelay_c_ms=43.0839 ecn_mark=1186 drop=0
[QUEUE_STATS] t_ms=18784 q_pkts=68 q_bytes=102272 qdelay_l_ms=1.08736 qdelay_c_ms=43.1939 ecn_mark=1189 drop=0
[QUEUE_STATS] t_ms=18800 q_pkts=67 q_bytes=100768 qdelay_l_ms=1.09258 qdelay_c_ms=43.8685 ecn_mark=1189 drop=0
[QUEUE_STATS] t_ms=18816 q_pkts=61 q_bytes=91744 qdelay_l_ms=0.726215 qdelay_c_ms=43.7893 ecn_mark=1191 drop=0
[QUEUE_STATS] t_ms=18832 q_pkts=55 q_bytes=82720 qdelay_l_ms=1.0756 qdelay_c_ms=42.9559 ecn_mark=1191 drop=0
[QUEUE_STATS] t_ms=18848 q_pkts=48 q_bytes=72192 qdelay_l_ms=1.09469 qdelay_c_ms=42.3121 ecn_mark=1193 drop=0
[QUEUE_STATS] t_ms=18864 q_pkts=40 q_bytes=60160 qdelay_l_ms=1.04502 qdelay_c_ms=35.8841 ecn_mark=1193 drop=0
[QUEUE_STATS] t_ms=18880 q_pkts=32 q_bytes=48128 qdelay_l_ms=1.09282 qdelay_c_ms=28.1158 ecn_mark=1195 drop=0
[QUEUE_STATS] t_ms=18896 q_pkts=31 q_bytes=46624 qdelay_l_ms=1.08469 qdelay_c_ms=23.3464 ecn_mark=1197 drop=0
[QUEUE_STATS] t_ms=18912 q_pkts=27 q_bytes=40608 qdelay_l_ms=1.07263 qdelay_c_ms=16.7793 ecn_mark=1198 drop=0
[QUEUE_STATS] t_ms=18928 q_pkts=30 q_bytes=45120 qdelay_l_ms=1.07459 qdelay_c_ms=18.1949 ecn_mark=1198 drop=0
[QUEUE_STATS] t_ms=18944 q_pkts=29 q_bytes=43616 qdelay_l_ms=1.06324 qdelay_c_ms=20.0066 ecn_mark=1198 drop=0
[QUEUE_STATS] t_ms=18960 q_pkts=33 q_bytes=49632 qdelay_l_ms=1.07381 qdelay_c_ms=16.0125 ecn_mark=1198 drop=0
[QUEUE_STATS] t_ms=18977 q_pkts=30 q_bytes=45120 qdelay_l_ms=1.09534 qdelay_c_ms=20.446 ecn_mark=1198 drop=0
[QUEUE_STATS] t_ms=18992 q_pkts=33 q_bytes=49632 qdelay_l_ms=1.10223 qdelay_c_ms=20.2864 ecn_mark=1201 drop=0
[QUEUE_STATS] t_ms=19008 q_pkts=32 q_bytes=48128 qdelay_l_ms=1.10217 qdelay_c_ms=20.1888 ecn_mark=1201 drop=0
[QUEUE_STATS] t_ms=19024 q_pkts=32 q_bytes=48128 qdelay_l_ms=1.07892 qdelay_c_ms=21.0125 ecn_mark=1202 drop=0
[QUEUE_STATS] t_ms=19040 q_pkts=33 q_bytes=49632 qdelay_l_ms=0.887508 qdelay_c_ms=20.0966 ecn_mark=1203 drop=0
[QUEUE_STATS] t_ms=19056 q_pkts=35 q_bytes=52640 qdelay_l_ms=1.07572 qdelay_c_ms=21.4135 ecn_mark=1204 drop=0
[QUEUE_STATS] t_ms=19072 q_pkts=33 q_bytes=49632 qdelay_l_ms=1.08834 qdelay_c_ms=20.9507 ecn_mark=1204 drop=0
[QUEUE_STATS] t_ms=19088 q_pkts=35 q_bytes=52640 qdelay_l_ms=0.707029 qdelay_c_ms=20.6583 ecn_mark=1205 drop=0
[QUEUE_STATS] t_ms=19104 q_pkts=34 q_bytes=51136 qdelay_l_ms=1.06179 qdelay_c_ms=22.0206 ecn_mark=1207 drop=0
[QUEUE_STATS] t_ms=19120 q_pkts=36 q_bytes=54144 qdelay_l_ms=0.89373 qdelay_c_ms=21.9647 ecn_mark=1208 drop=0
[QUEUE_STATS] t_ms=19136 q_pkts=35 q_bytes=52640 qdelay_l_ms=1.06481 qdelay_c_ms=19.9629 ecn_mark=1211 drop=0
[QUEUE_STATS] t_ms=19152 q_pkts=36 q_bytes=54144 qdelay_l_ms=0.906374 qdelay_c_ms=23.0061 ecn_mark=1211 drop=0
[QUEUE_STATS] t_ms=19168 q_pkts=38 q_bytes=57152 qdelay_l_ms=1.07804 qdelay_c_ms=23.9822 ecn_mark=1211 drop=0
[QUEUE_STATS] t_ms=19184 q_pkts=36 q_bytes=54144 qdelay_l_ms=1.06193 qdelay_c_ms=21.8238 ecn_mark=1212 drop=0
[QUEUE_STATS] t_ms=19200 q_pkts=36 q_bytes=54144 qdelay_l_ms=1.09227 qdelay_c_ms=25.0192 ecn_mark=1215 drop=0
[QUEUE_STATS] t_ms=19216 q_pkts=37 q_bytes=55648 qdelay_l_ms=1.06035 qdelay_c_ms=21.633 ecn_mark=1216 drop=0
[QUEUE_STATS] t_ms=19232 q_pkts=35 q_bytes=52640 qdelay_l_ms=0.702581 qdelay_c_ms=21.8383 ecn_mark=1217 drop=0
[QUEUE_STATS] t_ms=19248 q_pkts=35 q_bytes=52640 qdelay_l_ms=1.07342 qdelay_c_ms=24.8909 ecn_mark=1217 drop=0
[QUEUE_STATS] t_ms=19264 q_pkts=39 q_bytes=58656 qdelay_l_ms=0.731144 qdelay_c_ms=20.7812 ecn_mark=1219 drop=0
[QUEUE_STATS] t_ms=19280 q_pkts=37 q_bytes=55648 qdelay_l_ms=1.09888 qdelay_c_ms=23.0191 ecn_mark=1219 drop=0
[QUEUE_STATS] t_ms=19296 q_pkts=37 q_bytes=55648 qdelay_l_ms=1.05263 qdelay_c_ms=26.3914 ecn_mark=1222 drop=0
[QUEUE_STATS] t_ms=19312 q_pkts=41 q_bytes=61664 qdelay_l_ms=0.89902 qdelay_c_ms=22.5985 ecn_mark=1224 drop=0
[QUEUE_STATS] t_ms=19328 q_pkts=41 q_bytes=61664 qdelay_l_ms=1.09315 qdelay_c_ms=25.2467 ecn_mark=1226 drop=0
[QUEUE_STATS] t_ms=19344 q_pkts=40 q_bytes=60160 qdelay_l_ms=1.05498 qdelay_c_ms=27.2177 ecn_mark=1227 drop=0
[QUEUE_STATS] t_ms=19360 q_pkts=39 q_bytes=58656 qdelay_l_ms=1.08192 qdelay_c_ms=22.8931 ecn_mark=1230 drop=0
[QUEUE_STATS] t_ms=19376 q_pkts=40 q_bytes=60160 qdelay_l_ms=1.08552 qdelay_c_ms=25.9173 ecn_mark=1231 drop=0
[QUEUE_STATS] t_ms=19392 q_pkts=41 q_bytes=61664 qdelay_l_ms=1.06229 qdelay_c_ms=22.6399 ecn_mark=1232 drop=0
[QUEUE_STATS] t_ms=19408 q_pkts=41 q_bytes=61664 qdelay_l_ms=1.0958 qdelay_c_ms=24.3124 ecn_mark=1232 drop=0
[QUEUE_STATS] t_ms=19424 q_pkts=42 q_bytes=63168 qdelay_l_ms=1.0686 qdelay_c_ms=27.0715 ecn_mark=1232 drop=0
[QUEUE_STATS] t_ms=19440 q_pkts=41 q_bytes=61664 qdelay_l_ms=1.05887 qdelay_c_ms=23.7284 ecn_mark=1232 drop=0
[QUEUE_STATS] t_ms=19456 q_pkts=42 q_bytes=63168 qdelay_l_ms=1.0555 qdelay_c_ms=25.4824 ecn_mark=1234 drop=0
[QUEUE_STATS] t_ms=19472 q_pkts=43 q_bytes=64672 qdelay_l_ms=0.72903 qdelay_c_ms=24.9485 ecn_mark=1235 drop=0
[QUEUE_STATS] t_ms=19488 q_pkts=41 q_bytes=61664 qdelay_l_ms=1.08161 qdelay_c_ms=24.2333 ecn_mark=1236 drop=0
[QUEUE_STATS] t_ms=19504 q_pkts=40 q_bytes=60160 qdelay_l_ms=1.07811 qdelay_c_ms=26.0962 ecn_mark=1237 drop=0
[QUEUE_STATS] t_ms=19520 q_pkts=44 q_bytes=66176 qdelay_l_ms=1.07969 qdelay_c_ms=26.1932 ecn_mark=1238 drop=0
[QUEUE_STATS] t_ms=19536 q_pkts=42 q_bytes=63168 qdelay_l_ms=1.09398 qdelay_c_ms=24.98 ecn_mark=1238 drop=0
[QUEUE_STATS] t_ms=19552 q_pkts=42 q_bytes=63168 qdelay_l_ms=1.0789 qdelay_c_ms=26.8371 ecn_mark=1240 drop=0
[QUEUE_STATS] t_ms=19568 q_pkts=43 q_bytes=64672 qdelay_l_ms=1.07067 qdelay_c_ms=25.7572 ecn_mark=1243 drop=0
[QUEUE_STATS] t_ms=19584 q_pkts=41 q_bytes=61664 qdelay_l_ms=1.06921 qdelay_c_ms=24.8439 ecn_mark=1243 drop=0
[QUEUE_STATS] t_ms=19600 q_pkts=43 q_bytes=64672 qdelay_l_ms=1.08674 qdelay_c_ms=27.0548 ecn_mark=1243 drop=0
[QUEUE_STATS] t_ms=19616 q_pkts=41 q_bytes=61664 qdelay_l_ms=1.0706 qdelay_c_ms=25.9713 ecn_mark=1244 drop=0
[QUEUE_STATS] t_ms=19632 q_pkts=44 q_bytes=66176 qdelay_l_ms=1.10014 qdelay_c_ms=26.3142 ecn_mark=1245 drop=0
[QUEUE_STATS] t_ms=19648 q_pkts=43 q_bytes=64672 qdelay_l_ms=0.909659 qdelay_c_ms=26.9329 ecn_mark=1246 drop=0
[QUEUE_STATS] t_ms=19664 q_pkts=43 q_bytes=64672 qdelay_l_ms=1.07501 qdelay_c_ms=24.9525 ecn_mark=1246 drop=0
[QUEUE_STATS] t_ms=19680 q_pkts=44 q_bytes=66176 qdelay_l_ms=1.0731 qdelay_c_ms=28.228 ecn_mark=1246 drop=0
[QUEUE_STATS] t_ms=19696 q_pkts=46 q_bytes=69184 qdelay_l_ms=1.02612 qdelay_c_ms=26.9628 ecn_mark=1247 drop=0
[QUEUE_STATS] t_ms=19712 q_pkts=46 q_bytes=69184 qdelay_l_ms=1.05088 qdelay_c_ms=25.7167 ecn_mark=1248 drop=0
[QUEUE_STATS] t_ms=19728 q_pkts=45 q_bytes=67680 qdelay_l_ms=1.08742 qdelay_c_ms=31.1095 ecn_mark=1249 drop=0
[QUEUE_STATS] t_ms=19744 q_pkts=45 q_bytes=67680 qdelay_l_ms=1.08537 qdelay_c_ms=26.8118 ecn_mark=1249 drop=0
[QUEUE_STATS] t_ms=19760 q_pkts=46 q_bytes=69184 qdelay_l_ms=1.11229 qdelay_c_ms=27.0235 ecn_mark=1249 drop=0
[QUEUE_STATS] t_ms=19776 q_pkts=45 q_bytes=67680 qdelay_l_ms=1.05945 qdelay_c_ms=29.0653 ecn_mark=1249 drop=0
[QUEUE_STATS] t_ms=19792 q_pkts=49 q_bytes=73696 qdelay_l_ms=1.11048 qdelay_c_ms=29.2471 ecn_mark=1249 drop=0
[QUEUE_STATS] t_ms=19808 q_pkts=47 q_bytes=70688 qdelay_l_ms=1.05791 qdelay_c_ms=29.0684 ecn_mark=1249 drop=0
[QUEUE_STATS] t_ms=19824 q_pkts=49 q_bytes=73696 qdelay_l_ms=1.05292 qdelay_c_ms=31.0632 ecn_mark=1249 drop=0
[QUEUE_STATS] t_ms=19840 q_pkts=44 q_bytes=66176 qdelay_l_ms=0 qdelay_c_ms=29.257 ecn_mark=1251 drop=0
[QUEUE_STATS] t_ms=19856 q_pkts=50 q_bytes=75200 qdelay_l_ms=1.07076 qdelay_c_ms=31.8887 ecn_mark=1251 drop=0
[QUEUE_STATS] t_ms=19872 q_pkts=49 q_bytes=73696 qdelay_l_ms=1.05519 qdelay_c_ms=30.2278 ecn_mark=1253 drop=0
[QUEUE_STATS] t_ms=19888 q_pkts=48 q_bytes=72192 qdelay_l_ms=1.09472 qdelay_c_ms=31.2027 ecn_mark=1253 drop=0
[QUEUE_STATS] t_ms=19904 q_pkts=50 q_bytes=75200 qdelay_l_ms=0.019326 qdelay_c_ms=32.1673 ecn_mark=1253 drop=0
[QUEUE_STATS] t_ms=19920 q_pkts=51 q_bytes=76704 qdelay_l_ms=0.886797 qdelay_c_ms=31.812 ecn_mark=1257 drop=0
[QUEUE_STATS] t_ms=19936 q_pkts=52 q_bytes=78208 qdelay_l_ms=0.917595 qdelay_c_ms=32.7453 ecn_mark=1257 drop=0
[QUEUE_STATS] t_ms=19952 q_pkts=52 q_bytes=78208 qdelay_l_ms=1.07097 qdelay_c_ms=36.3326 ecn_mark=1260 drop=0
[QUEUE_STATS] t_ms=19968 q_pkts=50 q_bytes=75200 qdelay_l_ms=1.05467 qdelay_c_ms=30.8545 ecn_mark=1260 drop=0
[QUEUE_STATS] t_ms=19985 q_pkts=51 q_bytes=76704 qdelay_l_ms=1.09783 qdelay_c_ms=32.0765 ecn_mark=1261 drop=0
[QUEUE_STATS] t_ms=20000 q_pkts=53 q_bytes=79712 qdelay_l_ms=1.08523 qdelay_c_ms=35.3199 ecn_mark=1262 drop=0
[QUEUE_STATS] t_ms=20016 q_pkts=52 q_bytes=78208 qdelay_l_ms=1.06533 qdelay_c_ms=31.6331 ecn_mark=1264 drop=0
[QUEUE_STATS] t_ms=20032 q_pkts=52 q_bytes=78208 qdelay_l_ms=1.05881 qdelay_c_ms=33.9339 ecn_mark=1264 drop=0
[QUEUE_STATS] t_ms=20048 q_pkts=54 q_bytes=81216 qdelay_l_ms=1.06701 qdelay_c_ms=35.1995 ecn_mark=1265 drop=0
[QUEUE_STATS] t_ms=20064 q_pkts=53 q_bytes=79712 qdelay_l_ms=1.06545 qdelay_c_ms=33.1741 ecn_mark=1266 drop=0
[QUEUE_STATS] t_ms=20080 q_pkts=51 q_bytes=76704 qdelay_l_ms=0.725052 qdelay_c_ms=33.6322 ecn_mark=1269 drop=0
[QUEUE_STATS] t_ms=20096 q_pkts=52 q_bytes=78208 qdelay_l_ms=1.09981 qdelay_c_ms=33.9729 ecn_mark=1270 drop=0
[QUEUE_STATS] t_ms=20112 q_pkts=53 q_bytes=79712 qdelay_l_ms=1.08919 qdelay_c_ms=33.9505 ecn_mark=1271 drop=0
[QUEUE_STATS] t_ms=20128 q_pkts=52 q_bytes=78208 qdelay_l_ms=0.991474 qdelay_c_ms=33.9119 ecn_mark=1271 drop=0
[QUEUE_STATS] t_ms=20144 q_pkts=54 q_bytes=81216 qdelay_l_ms=1.11145 qdelay_c_ms=34.2601 ecn_mark=1272 drop=0
[QUEUE_STATS] t_ms=20160 q_pkts=53 q_bytes=79712 qdelay_l_ms=1.06397 qdelay_c_ms=35.4615 ecn_mark=1274 drop=0
[QUEUE_STATS] t_ms=20176 q_pkts=54 q_bytes=81216 qdelay_l_ms=1.06367 qdelay_c_ms=35.0161 ecn_mark=1277 drop=0
[QUEUE_STATS] t_ms=20192 q_pkts=54 q_bytes=81216 qdelay_l_ms=1.06529 qdelay_c_ms=32.9767 ecn_mark=1278 drop=0
[QUEUE_STATS] t_ms=20208 q_pkts=55 q_bytes=82720 qdelay_l_ms=1.06341 qdelay_c_ms=35.114 ecn_mark=1279 drop=0
[QUEUE_STATS] t_ms=20224 q_pkts=53 q_bytes=79712 qdelay_l_ms=1.09886 qdelay_c_ms=32.8896 ecn_mark=1280 drop=0
[QUEUE_STATS] t_ms=20240 q_pkts=54 q_bytes=81216 qdelay_l_ms=1.10363 qdelay_c_ms=33.0353 ecn_mark=1281 drop=0
[QUEUE_STATS] t_ms=20256 q_pkts=54 q_bytes=81216 qdelay_l_ms=1.05204 qdelay_c_ms=36.1182 ecn_mark=1283 drop=0
[QUEUE_STATS] t_ms=20272 q_pkts=54 q_bytes=81216 qdelay_l_ms=0.727718 qdelay_c_ms=32.9574 ecn_mark=1283 drop=0
[QUEUE_STATS] t_ms=20288 q_pkts=54 q_bytes=81216 qdelay_l_ms=1.07462 qdelay_c_ms=34.4246 ecn_mark=1283 drop=0
[QUEUE_STATS] t_ms=20304 q_pkts=55 q_bytes=82720 qdelay_l_ms=1.10364 qdelay_c_ms=38.4412 ecn_mark=1285 drop=0
[QUEUE_STATS] t_ms=20320 q_pkts=56 q_bytes=84224 qdelay_l_ms=1.07409 qdelay_c_ms=33.6214 ecn_mark=1286 drop=0
[QUEUE_STATS] t_ms=20336 q_pkts=55 q_bytes=82720 qdelay_l_ms=1.08521 qdelay_c_ms=34.0414 ecn_mark=1286 drop=0
[QUEUE_STATS] t_ms=20352 q_pkts=56 q_bytes=84224 qdelay_l_ms=1.01849 qdelay_c_ms=34.8672 ecn_mark=1286 drop=0
[QUEUE_STATS] t_ms=20368 q_pkts=56 q_bytes=84224 qdelay_l_ms=0.724412 qdelay_c_ms=34.8982 ecn_mark=1286 drop=0
[QUEUE_STATS] t_ms=20384 q_pkts=56 q_bytes=84224 qdelay_l_ms=1.07885 qdelay_c_ms=35.2296 ecn_mark=1288 drop=0
[QUEUE_STATS] t_ms=20401 q_pkts=57 q_bytes=85728 qdelay_l_ms=1.0741 qdelay_c_ms=36.1655 ecn_mark=1289 drop=0
[QUEUE_STATS] t_ms=20416 q_pkts=56 q_bytes=84224 qdelay_l_ms=1.06225 qdelay_c_ms=36.0414 ecn_mark=1291 drop=0
[QUEUE_STATS] t_ms=20432 q_pkts=56 q_bytes=84224 qdelay_l_ms=1.05387 qdelay_c_ms=37.1207 ecn_mark=1291 drop=0
[QUEUE_STATS] t_ms=20448 q_pkts=57 q_bytes=85728 qdelay_l_ms=1.0831 qdelay_c_ms=36.9258 ecn_mark=1292 drop=0
[QUEUE_STATS] t_ms=20464 q_pkts=59 q_bytes=88736 qdelay_l_ms=0.88854 qdelay_c_ms=36.7163 ecn_mark=1295 drop=0
[QUEUE_STATS] t_ms=20480 q_pkts=57 q_bytes=85728 qdelay_l_ms=0.977317 qdelay_c_ms=37.1234 ecn_mark=1296 drop=0
[QUEUE_STATS] t_ms=20496 q_pkts=56 q_bytes=84224 qdelay_l_ms=1.06603 qdelay_c_ms=35.9907 ecn_mark=1297 drop=0
[QUEUE_STATS] t_ms=20512 q_pkts=58 q_bytes=87232 qdelay_l_ms=1.0568 qdelay_c_ms=38.0677 ecn_mark=1298 drop=0
[QUEUE_STATS] t_ms=20528 q_pkts=58 q_bytes=87232 qdelay_l_ms=1.07588 qdelay_c_ms=37.3012 ecn_mark=1299 drop=0
[QUEUE_STATS] t_ms=20544 q_pkts=55 q_bytes=82720 qdelay_l_ms=1.05981 qdelay_c_ms=37.0412 ecn_mark=1299 drop=0
[QUEUE_STATS] t_ms=20560 q_pkts=59 q_bytes=88736 qdelay_l_ms=0.917003 qdelay_c_ms=37.8474 ecn_mark=1299 drop=0
[QUEUE_STATS] t_ms=20576 q_pkts=60 q_bytes=90240 qdelay_l_ms=1.07558 qdelay_c_ms=39.1572 ecn_mark=1300 drop=0
[QUEUE_STATS] t_ms=20592 q_pkts=58 q_bytes=87232 qdelay_l_ms=1.07859 qdelay_c_ms=39.1103 ecn_mark=1300 drop=0
[QUEUE_STATS] t_ms=20609 q_pkts=59 q_bytes=88736 qdelay_l_ms=1.10257 qdelay_c_ms=38.1986 ecn_mark=1302 drop=0
[QUEUE_STATS] t_ms=20624 q_pkts=61 q_bytes=91744 qdelay_l_ms=0.948973 qdelay_c_ms=39.8957 ecn_mark=1305 drop=0
[QUEUE_STATS] t_ms=20640 q_pkts=60 q_bytes=90240 qdelay_l_ms=1.06123 qdelay_c_ms=39.9805 ecn_mark=1305 drop=0
[QUEUE_STATS] t_ms=20656 q_pkts=58 q_bytes=87232 qdelay_l_ms=1.10141 qdelay_c_ms=38.0323 ecn_mark=1305 drop=0
[QUEUE_STATS] t_ms=20672 q_pkts=61 q_bytes=91744 qdelay_l_ms=1.07096 qdelay_c_ms=38.9663 ecn_mark=1308 drop=0
[QUEUE_STATS] t_ms=20688 q_pkts=60 q_bytes=90240 qdelay_l_ms=0.726796 qdelay_c_ms=40.707 ecn_mark=1308 drop=0
[QUEUE_STATS] t_ms=20704 q_pkts=59 q_bytes=88736 qdelay_l_ms=1.08061 qdelay_c_ms=38.1616 ecn_mark=1310 drop=0
[QUEUE_STATS] t_ms=20720 q_pkts=62 q_bytes=93248 qdelay_l_ms=1.09781 qdelay_c_ms=38.773 ecn_mark=1311 drop=0
[QUEUE_STATS] t_ms=20736 q_pkts=61 q_bytes=91744 qdelay_l_ms=1.08322 qdelay_c_ms=40.1202 ecn_mark=1311 drop=0
[QUEUE_STATS] t_ms=20752 q_pkts=60 q_bytes=90240 qdelay_l_ms=1.06187 qdelay_c_ms=39.9905 ecn_mark=1312 drop=0
[QUEUE_STATS] t_ms=20768 q_pkts=63 q_bytes=94752 qdelay_l_ms=1.04259 qdelay_c_ms=37.9057 ecn_mark=1315 drop=0
[QUEUE_STATS] t_ms=20784 q_pkts=63 q_bytes=94752 qdelay_l_ms=1.02629 qdelay_c_ms=41.2248 ecn_mark=1317 drop=0
[QUEUE_STATS] t_ms=20800 q_pkts=63 q_bytes=94752 qdelay_l_ms=1.07143 qdelay_c_ms=41.1755 ecn_mark=1319 drop=0
[QUEUE_STATS] t_ms=20816 q_pkts=61 q_bytes=91744 qdelay_l_ms=0.987967 qdelay_c_ms=41.182 ecn_mark=1320 drop=0
[QUEUE_STATS] t_ms=20832 q_pkts=61 q_bytes=91744 qdelay_l_ms=1.09497 qdelay_c_ms=40.1199 ecn_mark=1322 drop=0
[QUEUE_STATS] t_ms=20848 q_pkts=62 q_bytes=93248 qdelay_l_ms=1.06552 qdelay_c_ms=40.2484 ecn_mark=1325 drop=0
[QUEUE_STATS] t_ms=20864 q_pkts=62 q_bytes=93248 qdelay_l_ms=1.07346 qdelay_c_ms=39.0216 ecn_mark=1326 drop=0
[QUEUE_STATS] t_ms=20880 q_pkts=62 q_bytes=93248 qdelay_l_ms=1.06714 qdelay_c_ms=38.0566 ecn_mark=1326 drop=0
[QUEUE_STATS] t_ms=20896 q_pkts=64 q_bytes=96256 qdelay_l_ms=1.00683 qdelay_c_ms=40.9917 ecn_mark=1328 drop=0
[QUEUE_STATS] t_ms=20912 q_pkts=63 q_bytes=94752 qdelay_l_ms=1.10687 qdelay_c_ms=39.1995 ecn_mark=1330 drop=0
[QUEUE_STATS] t_ms=20928 q_pkts=62 q_bytes=93248 qdelay_l_ms=1.0033 qdelay_c_ms=41.1578 ecn_mark=1333 drop=0
[QUEUE_STATS] t_ms=20944 q_pkts=63 q_bytes=94752 qdelay_l_ms=1.06914 qdelay_c_ms=38.8377 ecn_mark=1334 drop=0
[QUEUE_STATS] t_ms=20960 q_pkts=63 q_bytes=94752 qdelay_l_ms=1.09094 qdelay_c_ms=39.9254 ecn_mark=1335 drop=0
[QUEUE_STATS] t_ms=20976 q_pkts=62 q_bytes=93248 qdelay_l_ms=0.98448 qdelay_c_ms=40.6295 ecn_mark=1337 drop=0
[QUEUE_STATS] t_ms=20992 q_pkts=63 q_bytes=94752 qdelay_l_ms=1.0701 qdelay_c_ms=39.7559 ecn_mark=1337 drop=0
[QUEUE_STATS] t_ms=21009 q_pkts=62 q_bytes=93248 qdelay_l_ms=1.09445 qdelay_c_ms=38.3308 ecn_mark=1338 drop=0
[QUEUE_STATS] t_ms=21024 q_pkts=63 q_bytes=94752 qdelay_l_ms=0.903048 qdelay_c_ms=40.8681 ecn_mark=1339 drop=0
[QUEUE_STATS] t_ms=21040 q_pkts=64 q_bytes=96256 qdelay_l_ms=0.712078 qdelay_c_ms=41.9807 ecn_mark=1341 drop=0
[QUEUE_STATS] t_ms=21056 q_pkts=62 q_bytes=93248 qdelay_l_ms=1.10996 qdelay_c_ms=39.2014 ecn_mark=1343 drop=0
[QUEUE_STATS] t_ms=21072 q_pkts=64 q_bytes=96256 qdelay_l_ms=1.09199 qdelay_c_ms=41.1115 ecn_mark=1345 drop=0
[QUEUE_STATS] t_ms=21088 q_pkts=60 q_bytes=90240 qdelay_l_ms=1.09612 qdelay_c_ms=39.0481 ecn_mark=1347 drop=0
[QUEUE_STATS] t_ms=21105 q_pkts=62 q_bytes=93248 qdelay_l_ms=1.08088 qdelay_c_ms=39.1679 ecn_mark=1349 drop=0
[QUEUE_STATS] t_ms=21120 q_pkts=63 q_bytes=94752 qdelay_l_ms=1.08525 qdelay_c_ms=39.1825 ecn_mark=1350 drop=0
[QUEUE_STATS] t_ms=21136 q_pkts=60 q_bytes=90240 qdelay_l_ms=1.07243 qdelay_c_ms=38.8728 ecn_mark=1350 drop=0
[QUEUE_STATS] t_ms=21152 q_pkts=59 q_bytes=88736 qdelay_l_ms=1.07694 qdelay_c_ms=37.1967 ecn_mark=1350 drop=0
[QUEUE_STATS] t_ms=21168 q_pkts=63 q_bytes=94752 qdelay_l_ms=1.0068 qdelay_c_ms=40.0525 ecn_mark=1351 drop=0
[QUEUE_STATS] t_ms=21184 q_pkts=62 q_bytes=93248 qdelay_l_ms=1.09303 qdelay_c_ms=38.2129 ecn_mark=1355 drop=0
[QUEUE_STATS] t_ms=21200 q_pkts=64 q_bytes=96256 qdelay_l_ms=1.09675 qdelay_c_ms=39.1834 ecn_mark=1356 drop=0
[QUEUE_STATS] t_ms=21216 q_pkts=63 q_bytes=94752 qdelay_l_ms=1.09587 qdelay_c_ms=40.2321 ecn_mark=1356 drop=0
[QUEUE_STATS] t_ms=21233 q_pkts=62 q_bytes=93248 qdelay_l_ms=1.10431 qdelay_c_ms=39.1769 ecn_mark=1358 drop=0
[QUEUE_STATS] t_ms=21248 q_pkts=65 q_bytes=97760 qdelay_l_ms=1.12048 qdelay_c_ms=39.1977 ecn_mark=1358 drop=0
[QUEUE_STATS] t_ms=21264 q_pkts=63 q_bytes=94752 qdelay_l_ms=1.06507 qdelay_c_ms=42.0853 ecn_mark=1361 drop=0
[QUEUE_STATS] t_ms=21280 q_pkts=61 q_bytes=91744 qdelay_l_ms=1.08133 qdelay_c_ms=36.6932 ecn_mark=1363 drop=0
[QUEUE_STATS] t_ms=21296 q_pkts=64 q_bytes=96256 qdelay_l_ms=1.06893 qdelay_c_ms=39.8525 ecn_mark=1364 drop=0
[QUEUE_STATS] t_ms=21312 q_pkts=61 q_bytes=91744 qdelay_l_ms=0.74501 qdelay_c_ms=35.6408 ecn_mark=1364 drop=0
[QUEUE_STATS] t_ms=21328 q_pkts=60 q_bytes=90240 qdelay_l_ms=1.09453 qdelay_c_ms=37.2457 ecn_mark=1365 drop=0
[QUEUE_STATS] t_ms=21344 q_pkts=64 q_bytes=96256 qdelay_l_ms=1.09705 qdelay_c_ms=39.1277 ecn_mark=1366 drop=0
[QUEUE_STATS] t_ms=21360 q_pkts=62 q_bytes=93248 qdelay_l_ms=1.08589 qdelay_c_ms=39.0836 ecn_mark=1368 drop=0
[QUEUE_STATS] t_ms=21376 q_pkts=60 q_bytes=90240 qdelay_l_ms=0.948973 qdelay_c_ms=35.7766 ecn_mark=1368 drop=0
[QUEUE_STATS] t_ms=21392 q_pkts=63 q_bytes=94752 qdelay_l_ms=1.09393 qdelay_c_ms=41.2158 ecn_mark=1371 drop=0
[QUEUE_STATS] t_ms=21408 q_pkts=63 q_bytes=94752 qdelay_l_ms=1.06722 qdelay_c_ms=38.0015 ecn_mark=1373 drop=0
[QUEUE_STATS] t_ms=21424 q_pkts=58 q_bytes=87232 qdelay_l_ms=0 qdelay_c_ms=35.9118 ecn_mark=1377 drop=0
[QUEUE_STATS] t_ms=21440 q_pkts=62 q_bytes=93248 qdelay_l_ms=1.09245 qdelay_c_ms=36.8601 ecn_mark=1379 drop=0
[QUEUE_STATS] t_ms=21456 q_pkts=61 q_bytes=91744 qdelay_l_ms=1.09216 qdelay_c_ms=37.6753 ecn_mark=1380 drop=0
[QUEUE_STATS] t_ms=21472 q_pkts=60 q_bytes=90240 qdelay_l_ms=1.09209 qdelay_c_ms=36.9793 ecn_mark=1380 drop=0
[QUEUE_STATS] t_ms=21488 q_pkts=63 q_bytes=94752 qdelay_l_ms=1.08633 qdelay_c_ms=38.1345 ecn_mark=1380 drop=0
[QUEUE_STATS] t_ms=21504 q_pkts=59 q_bytes=88736 qdelay_l_ms=0.902757 qdelay_c_ms=38.2093 ecn_mark=1380 drop=0
[QUEUE_STATS] t_ms=21520 q_pkts=61 q_bytes=91744 qdelay_l_ms=1.1006 qdelay_c_ms=36.3075 ecn_mark=1381 drop=0
[QUEUE_STATS] t_ms=21536 q_pkts=59 q_bytes=88736 qdelay_l_ms=0 qdelay_c_ms=36.4308 ecn_mark=1382 drop=0
[QUEUE_STATS] t_ms=21552 q_pkts=63 q_bytes=94752 qdelay_l_ms=1.0744 qdelay_c_ms=40.0955 ecn_mark=1382 drop=0
[QUEUE_STATS] t_ms=21568 q_pkts=62 q_bytes=93248 qdelay_l_ms=1.06642 qdelay_c_ms=37.8334 ecn_mark=1383 drop=0
[QUEUE_STATS] t_ms=21584 q_pkts=62 q_bytes=93248 qdelay_l_ms=1.07655 qdelay_c_ms=38.0555 ecn_mark=1384 drop=0
[QUEUE_STATS] t_ms=21600 q_pkts=62 q_bytes=93248 qdelay_l_ms=0.73424 qdelay_c_ms=38.8632 ecn_mark=1386 drop=0
[QUEUE_STATS] t_ms=21616 q_pkts=61 q_bytes=91744 qdelay_l_ms=1.08141 qdelay_c_ms=38.048 ecn_mark=1387 drop=0
[QUEUE_STATS] t_ms=21632 q_pkts=63 q_bytes=94752 qdelay_l_ms=1.11174 qdelay_c_ms=38.1974 ecn_mark=1387 drop=0
[QUEUE_STATS] t_ms=21648 q_pkts=63 q_bytes=94752 qdelay_l_ms=1.09789 qdelay_c_ms=36.768 ecn_mark=1388 drop=0
[QUEUE_STATS] t_ms=21664 q_pkts=62 q_bytes=93248 qdelay_l_ms=1.09901 qdelay_c_ms=37.0637 ecn_mark=1389 drop=0
[QUEUE_STATS] t_ms=21681 q_pkts=62 q_bytes=93248 qdelay_l_ms=1.07605 qdelay_c_ms=38.222 ecn_mark=1390 drop=0
[QUEUE_STATS] t_ms=21696 q_pkts=62 q_bytes=93248 qdelay_l_ms=0.799142 qdelay_c_ms=37.948 ecn_mark=1390 drop=0
[QUEUE_STATS] t_ms=21712 q_pkts=61 q_bytes=91744 qdelay_l_ms=1.08964 qdelay_c_ms=33.9429 ecn_mark=1390 drop=0
[QUEUE_STATS] t_ms=21728 q_pkts=62 q_bytes=93248 qdelay_l_ms=0.949655 qdelay_c_ms=36.9397 ecn_mark=1390 drop=0
[QUEUE_STATS] t_ms=21744 q_pkts=63 q_bytes=94752 qdelay_l_ms=1.07962 qdelay_c_ms=37.2062 ecn_mark=1391 drop=0
[QUEUE_STATS] t_ms=21760 q_pkts=63 q_bytes=94752 qdelay_l_ms=1.07654 qdelay_c_ms=35.1365 ecn_mark=1392 drop=0
[QUEUE_STATS] t_ms=21776 q_pkts=63 q_bytes=94752 qdelay_l_ms=0.727968 qdelay_c_ms=37.9849 ecn_mark=1394 drop=0
[QUEUE_STATS] t_ms=21792 q_pkts=63 q_bytes=94752 qdelay_l_ms=1.09631 qdelay_c_ms=36.84 ecn_mark=1394 drop=0
[QUEUE_STATS] t_ms=21808 q_pkts=62 q_bytes=93248 qdelay_l_ms=1.06954 qdelay_c_ms=38.3473 ecn_mark=1397 drop=0
[QUEUE_STATS] t_ms=21824 q_pkts=63 q_bytes=94752 qdelay_l_ms=1.08218 qdelay_c_ms=39.1096 ecn_mark=1399 drop=0
[QUEUE_STATS] t_ms=21840 q_pkts=62 q_bytes=93248 qdelay_l_ms=1.0769 qdelay_c_ms=36.9171 ecn_mark=1399 drop=0
[QUEUE_STATS] t_ms=21856 q_pkts=61 q_bytes=91744 qdelay_l_ms=0.748236 qdelay_c_ms=36.928 ecn_mark=1399 drop=0
[QUEUE_STATS] t_ms=21872 q_pkts=64 q_bytes=96256 qdelay_l_ms=1.10686 qdelay_c_ms=40.0502 ecn_mark=1399 drop=0
[QUEUE_STATS] t_ms=21888 q_pkts=64 q_bytes=96256 qdelay_l_ms=1.11036 qdelay_c_ms=38.2868 ecn_mark=1399 drop=0
[QUEUE_STATS] t_ms=21904 q_pkts=64 q_bytes=96256 qdelay_l_ms=0.943543 qdelay_c_ms=38.0972 ecn_mark=1401 drop=0
[QUEUE_STATS] t_ms=21921 q_pkts=65 q_bytes=97760 qdelay_l_ms=1.08884 qdelay_c_ms=39.1068 ecn_mark=1401 drop=0
[QUEUE_STATS] t_ms=21936 q_pkts=64 q_bytes=96256 qdelay_l_ms=0.770778 qdelay_c_ms=37.6925 ecn_mark=1401 drop=0
[QUEUE_STATS] t_ms=21952 q_pkts=65 q_bytes=97760 qdelay_l_ms=1.09933 qdelay_c_ms=38.8374 ecn_mark=1402 drop=0
[QUEUE_STATS] t_ms=21968 q_pkts=64 q_bytes=96256 qdelay_l_ms=1.1039 qdelay_c_ms=38.1107 ecn_mark=1403 drop=0
[QUEUE_STATS] t_ms=21984 q_pkts=63 q_bytes=94752 qdelay_l_ms=1.0665 qdelay_c_ms=38.866 ecn_mark=1403 drop=0
[QUEUE_STATS] t_ms=22000 q_pkts=61 q_bytes=91744 qdelay_l_ms=1.08768 qdelay_c_ms=38.9473 ecn_mark=1404 drop=0
[QUEUE_STATS] t_ms=22016 q_pkts=63 q_bytes=94752 qdelay_l_ms=1.09109 qdelay_c_ms=37.3048 ecn_mark=1404 drop=0
[QUEUE_STATS] t_ms=22032 q_pkts=63 q_bytes=94752 qdelay_l_ms=1.09532 qdelay_c_ms=38.4288 ecn_mark=1405 drop=0
[QUEUE_STATS] t_ms=22048 q_pkts=64 q_bytes=96256 qdelay_l_ms=1.1007 qdelay_c_ms=41.1522 ecn_mark=1405 drop=0
[QUEUE_STATS] t_ms=22064 q_pkts=64 q_bytes=96256 qdelay_l_ms=1.09262 qdelay_c_ms=40.131 ecn_mark=1406 drop=0
[QUEUE_STATS] t_ms=22080 q_pkts=62 q_bytes=93248 qdelay_l_ms=0.752835 qdelay_c_ms=37.8301 ecn_mark=1407 drop=0
[QUEUE_STATS] t_ms=22096 q_pkts=64 q_bytes=96256 qdelay_l_ms=1.08824 qdelay_c_ms=38.9718 ecn_mark=1407 drop=0
[QUEUE_STATS] t_ms=22112 q_pkts=66 q_bytes=99264 qdelay_l_ms=0.744379 qdelay_c_ms=38.7146 ecn_mark=1408 drop=0
[QUEUE_STATS] t_ms=22128 q_pkts=67 q_bytes=100768 qdelay_l_ms=1.09482 qdelay_c_ms=39.4524 ecn_mark=1410 drop=0
[QUEUE_STATS] t_ms=22144 q_pkts=65 q_bytes=97760 qdelay_l_ms=1.07915 qdelay_c_ms=38.9888 ecn_mark=1411 drop=0
[QUEUE_STATS] t_ms=22161 q_pkts=64 q_bytes=96256 qdelay_l_ms=1.06616 qdelay_c_ms=40.7928 ecn_mark=1411 drop=0
[QUEUE_STATS] t_ms=22176 q_pkts=64 q_bytes=96256 qdelay_l_ms=1.07769 qdelay_c_ms=41.0311 ecn_mark=1412 drop=0
[QUEUE_STATS] t_ms=22192 q_pkts=65 q_bytes=97760 qdelay_l_ms=1.10199 qdelay_c_ms=40.1607 ecn_mark=1413 drop=0
[QUEUE_STATS] t_ms=22208 q_pkts=66 q_bytes=99264 qdelay_l_ms=0.945547 qdelay_c_ms=38.9724 ecn_mark=1414 drop=0
[QUEUE_STATS] t_ms=22224 q_pkts=65 q_bytes=97760 qdelay_l_ms=1.0837 qdelay_c_ms=40.9686 ecn_mark=1415 drop=0
[QUEUE_STATS] t_ms=22240 q_pkts=66 q_bytes=99264 qdelay_l_ms=0.770028 qdelay_c_ms=38.7245 ecn_mark=1415 drop=0
[QUEUE_STATS] t_ms=22256 q_pkts=63 q_bytes=94752 qdelay_l_ms=1.08135 qdelay_c_ms=39.2946 ecn_mark=1416 drop=0
[QUEUE_STATS] t_ms=22272 q_pkts=65 q_bytes=97760 qdelay_l_ms=1.08219 qdelay_c_ms=41.0417 ecn_mark=1418 drop=0
[QUEUE_STATS] t_ms=22288 q_pkts=65 q_bytes=97760 qdelay_l_ms=1.09051 qdelay_c_ms=38.9465 ecn_mark=1419 drop=0
[QUEUE_STATS] t_ms=22304 q_pkts=67 q_bytes=100768 qdelay_l_ms=1.07821 qdelay_c_ms=39.6623 ecn_mark=1420 drop=0
[QUEUE_STATS] t_ms=22320 q_pkts=65 q_bytes=97760 qdelay_l_ms=0.736835 qdelay_c_ms=39.724 ecn_mark=1421 drop=0
[QUEUE_STATS] t_ms=22336 q_pkts=66 q_bytes=99264 qdelay_l_ms=1.1068 qdelay_c_ms=39.2996 ecn_mark=1423 drop=0
[QUEUE_STATS] t_ms=22352 q_pkts=65 q_bytes=97760 qdelay_l_ms=1.08268 qdelay_c_ms=42.0252 ecn_mark=1423 drop=0
[QUEUE_STATS] t_ms=22368 q_pkts=64 q_bytes=96256 qdelay_l_ms=0.747936 qdelay_c_ms=40.7838 ecn_mark=1424 drop=0
[QUEUE_STATS] t_ms=22384 q_pkts=66 q_bytes=99264 qdelay_l_ms=1.04885 qdelay_c_ms=40.0082 ecn_mark=1426 drop=0
[QUEUE_STATS] t_ms=22400 q_pkts=67 q_bytes=100768 qdelay_l_ms=0.764276 qdelay_c_ms=39.8375 ecn_mark=1426 drop=0
[QUEUE_STATS] t_ms=22416 q_pkts=64 q_bytes=96256 qdelay_l_ms=0.743016 qdelay_c_ms=39.6718 ecn_mark=1428 drop=0
[QUEUE_STATS] t_ms=22432 q_pkts=65 q_bytes=97760 qdelay_l_ms=1.06927 qdelay_c_ms=38.1512 ecn_mark=1428 drop=0
[QUEUE_STATS] t_ms=22448 q_pkts=66 q_bytes=99264 qdelay_l_ms=0.756933 qdelay_c_ms=40.8202 ecn_mark=1431 drop=0
[QUEUE_STATS] t_ms=22464 q_pkts=63 q_bytes=94752 qdelay_l_ms=1.10297 qdelay_c_ms=39.9663 ecn_mark=1433 drop=0
[QUEUE_STATS] t_ms=22480 q_pkts=63 q_bytes=94752 qdelay_l_ms=1.09996 qdelay_c_ms=39.0594 ecn_mark=1433 drop=0
[QUEUE_STATS] t_ms=22496 q_pkts=66 q_bytes=99264 qdelay_l_ms=1.08079 qdelay_c_ms=40.93 ecn_mark=1433 drop=0
[QUEUE_STATS] t_ms=22512 q_pkts=65 q_bytes=97760 qdelay_l_ms=1.03609 qdelay_c_ms=39.8246 ecn_mark=1434 drop=0
[QUEUE_STATS] t_ms=22528 q_pkts=66 q_bytes=99264 qdelay_l_ms=1.07019 qdelay_c_ms=39.151 ecn_mark=1436 drop=0
[QUEUE_STATS] t_ms=22544 q_pkts=68 q_bytes=102272 qdelay_l_ms=0.735873 qdelay_c_ms=42.974 ecn_mark=1436 drop=0
[QUEUE_STATS] t_ms=22560 q_pkts=65 q_bytes=97760 qdelay_l_ms=1.08542 qdelay_c_ms=40.2216 ecn_mark=1437 drop=0
[QUEUE_STATS] t_ms=22576 q_pkts=64 q_bytes=96256 qdelay_l_ms=1.07219 qdelay_c_ms=39.9812 ecn_mark=1438 drop=0
[QUEUE_STATS] t_ms=22592 q_pkts=67 q_bytes=100768 qdelay_l_ms=1.07014 qdelay_c_ms=42.6811 ecn_mark=1440 drop=0
[QUEUE_STATS] t_ms=22608 q_pkts=65 q_bytes=97760 qdelay_l_ms=1.1048 qdelay_c_ms=41.2358 ecn_mark=1441 drop=0
[QUEUE_STATS] t_ms=22624 q_pkts=63 q_bytes=94752 qdelay_l_ms=1.10026 qdelay_c_ms=39.1848 ecn_mark=1441 drop=0
[QUEUE_STATS] t_ms=22640 q_pkts=67 q_bytes=100768 qdelay_l_ms=1.01331 qdelay_c_ms=41.9687 ecn_mark=1445 drop=0
[QUEUE_STATS] t_ms=22656 q_pkts=66 q_bytes=99264 qdelay_l_ms=1.09306 qdelay_c_ms=39.807 ecn_mark=1447 drop=0
[QUEUE_STATS] t_ms=22672 q_pkts=66 q_bytes=99264 qdelay_l_ms=0.748467 qdelay_c_ms=39.8997 ecn_mark=1448 drop=0
[QUEUE_STATS] t_ms=22688 q_pkts=65 q_bytes=97760 qdelay_l_ms=1.09083 qdelay_c_ms=40.0993 ecn_mark=1448 drop=0
[QUEUE_STATS] t_ms=22704 q_pkts=64 q_bytes=96256 qdelay_l_ms=1.10198 qdelay_c_ms=38.9865 ecn_mark=1449 drop=0
[QUEUE_STATS] t_ms=22720 q_pkts=62 q_bytes=93248 qdelay_l_ms=1.0722 qdelay_c_ms=40.0376 ecn_mark=1452 drop=0
[QUEUE_STATS] t_ms=22736 q_pkts=67 q_bytes=100768 qdelay_l_ms=1.10033 qdelay_c_ms=40.892 ecn_mark=1453 drop=0
[QUEUE_STATS] t_ms=22752 q_pkts=64 q_bytes=96256 qdelay_l_ms=1.09449 qdelay_c_ms=36.921 ecn_mark=1455 drop=0
[QUEUE_STATS] t_ms=22768 q_pkts=64 q_bytes=96256 qdelay_l_ms=0.917114 qdelay_c_ms=40.7708 ecn_mark=1456 drop=0
[QUEUE_STATS] t_ms=22784 q_pkts=66 q_bytes=99264 qdelay_l_ms=1.08886 qdelay_c_ms=41.1588 ecn_mark=1459 drop=0
[QUEUE_STATS] t_ms=22800 q_pkts=64 q_bytes=96256 qdelay_l_ms=1.10084 qdelay_c_ms=37.9966 ecn_mark=1460 drop=0
[QUEUE_STATS] t_ms=22816 q_pkts=64 q_bytes=96256 qdelay_l_ms=1.104 qdelay_c_ms=38.7798 ecn_mark=1461 drop=0
[QUEUE_STATS] t_ms=22832 q_pkts=67 q_bytes=100768 qdelay_l_ms=1.10283 qdelay_c_ms=40.0223 ecn_mark=1464 drop=0
[QUEUE_STATS] t_ms=22848 q_pkts=63 q_bytes=94752 qdelay_l_ms=1.08945 qdelay_c_ms=36.8174 ecn_mark=1465 drop=0
[QUEUE_STATS] t_ms=22865 q_pkts=62 q_bytes=93248 qdelay_l_ms=1.09367 qdelay_c_ms=38.4518 ecn_mark=1466 drop=0
[QUEUE_STATS] t_ms=22880 q_pkts=66 q_bytes=99264 qdelay_l_ms=1.10635 qdelay_c_ms=39.7559 ecn_mark=1467 drop=0
[QUEUE_STATS] t_ms=22896 q_pkts=62 q_bytes=93248 qdelay_l_ms=1.06672 qdelay_c_ms=37.1401 ecn_mark=1468 drop=0
[QUEUE_STATS] t_ms=22912 q_pkts=63 q_bytes=94752 qdelay_l_ms=1.09948 qdelay_c_ms=37.8729 ecn_mark=1469 drop=0
[QUEUE_STATS] t_ms=22928 q_pkts=63 q_bytes=94752 qdelay_l_ms=0.937381 qdelay_c_ms=37.1532 ecn_mark=1470 drop=0
[QUEUE_STATS] t_ms=22944 q_pkts=63 q_bytes=94752 qdelay_l_ms=1.10204 qdelay_c_ms=35.0692 ecn_mark=1471 drop=0
[QUEUE_STATS] t_ms=22960 q_pkts=61 q_bytes=91744 qdelay_l_ms=1.10011 qdelay_c_ms=37.9186 ecn_mark=1474 drop=0
[QUEUE_STATS] t_ms=22976 q_pkts=64 q_bytes=96256 qdelay_l_ms=1.10104 qdelay_c_ms=37.8916 ecn_mark=1475 drop=0
[QUEUE_STATS] t_ms=22992 q_pkts=60 q_bytes=90240 qdelay_l_ms=1.06822 qdelay_c_ms=35.835 ecn_mark=1475 drop=0
[QUEUE_STATS] t_ms=23008 q_pkts=60 q_bytes=90240 qdelay_l_ms=1.06974 qdelay_c_ms=37.9564 ecn_mark=1475 drop=0
[QUEUE_STATS] t_ms=23024 q_pkts=63 q_bytes=94752 qdelay_l_ms=0.757093 qdelay_c_ms=35.9617 ecn_mark=1475 drop=0
[QUEUE_STATS] t_ms=23040 q_pkts=64 q_bytes=96256 qdelay_l_ms=1.09014 qdelay_c_ms=36.063 ecn_mark=1477 drop=0
[QUEUE_STATS] t_ms=23056 q_pkts=64 q_bytes=96256 qdelay_l_ms=1.0936 qdelay_c_ms=39.0688 ecn_mark=1477 drop=0
[QUEUE_STATS] t_ms=23072 q_pkts=62 q_bytes=93248 qdelay_l_ms=1.06931 qdelay_c_ms=35.6922 ecn_mark=1478 drop=0
[QUEUE_STATS] t_ms=23088 q_pkts=61 q_bytes=91744 qdelay_l_ms=1.07186 qdelay_c_ms=35.9988 ecn_mark=1482 drop=0
[QUEUE_STATS] t_ms=23104 q_pkts=63 q_bytes=94752 qdelay_l_ms=1.08558 qdelay_c_ms=39.0978 ecn_mark=1483 drop=0
[QUEUE_STATS] t_ms=23120 q_pkts=64 q_bytes=96256 qdelay_l_ms=1.09868 qdelay_c_ms=36.0542 ecn_mark=1485 drop=0
[QUEUE_STATS] t_ms=23136 q_pkts=61 q_bytes=91744 qdelay_l_ms=1.08971 qdelay_c_ms=36.4182 ecn_mark=1486 drop=0
[QUEUE_STATS] t_ms=23152 q_pkts=62 q_bytes=93248 qdelay_l_ms=0.776519 qdelay_c_ms=38.8447 ecn_mark=1486 drop=0
[QUEUE_STATS] t_ms=23168 q_pkts=62 q_bytes=93248 qdelay_l_ms=1.10512 qdelay_c_ms=36.0805 ecn_mark=1487 drop=0
[QUEUE_STATS] t_ms=23184 q_pkts=61 q_bytes=91744 qdelay_l_ms=0.765689 qdelay_c_ms=37.9871 ecn_mark=1487 drop=0
[QUEUE_STATS] t_ms=23200 q_pkts=63 q_bytes=94752 qdelay_l_ms=1.06944 qdelay_c_ms=36.9088 ecn_mark=1489 drop=0
[QUEUE_STATS] t_ms=23216 q_pkts=62 q_bytes=93248 qdelay_l_ms=1.0709 qdelay_c_ms=36.7282 ecn_mark=1489 drop=0
[QUEUE_STATS] t_ms=23232 q_pkts=63 q_bytes=94752 qdelay_l_ms=1.09572 qdelay_c_ms=38.0752 ecn_mark=1489 drop=0
[QUEUE_STATS] t_ms=23248 q_pkts=63 q_bytes=94752 qdelay_l_ms=0.800104 qdelay_c_ms=37.9382 ecn_mark=1490 drop=0
[QUEUE_STATS] t_ms=23264 q_pkts=63 q_bytes=94752 qdelay_l_ms=0.756442 qdelay_c_ms=36.8158 ecn_mark=1490 drop=0
[QUEUE_STATS] t_ms=23280 q_pkts=63 q_bytes=94752 qdelay_l_ms=1.0757 qdelay_c_ms=38.8618 ecn_mark=1490 drop=0
[QUEUE_STATS] t_ms=23296 q_pkts=62 q_bytes=93248 qdelay_l_ms=1.07049 qdelay_c_ms=34.5991 ecn_mark=1491 drop=0
[QUEUE_STATS] t_ms=23312 q_pkts=62 q_bytes=93248 qdelay_l_ms=0.767653 qdelay_c_ms=35.4253 ecn_mark=1494 drop=0
[QUEUE_STATS] t_ms=23328 q_pkts=63 q_bytes=94752 qdelay_l_ms=1.08152 qdelay_c_ms=36.3668 ecn_mark=1494 drop=0
[QUEUE_STATS] t_ms=23344 q_pkts=63 q_bytes=94752 qdelay_l_ms=0.812147 qdelay_c_ms=35.7796 ecn_mark=1496 drop=0
[QUEUE_STATS] t_ms=23360 q_pkts=62 q_bytes=93248 qdelay_l_ms=1.08159 qdelay_c_ms=37.2635 ecn_mark=1498 drop=0
[QUEUE_STATS] t_ms=23376 q_pkts=61 q_bytes=91744 qdelay_l_ms=0.964071 qdelay_c_ms=38.1449 ecn_mark=1499 drop=0
[QUEUE_STATS] t_ms=23392 q_pkts=62 q_bytes=93248 qdelay_l_ms=1.07089 qdelay_c_ms=36.261 ecn_mark=1500 drop=0
[QUEUE_STATS] t_ms=23408 q_pkts=61 q_bytes=91744 qdelay_l_ms=1.09808 qdelay_c_ms=35.8767 ecn_mark=1502 drop=0
[QUEUE_STATS] t_ms=23424 q_pkts=61 q_bytes=91744 qdelay_l_ms=1.08427 qdelay_c_ms=34.8431 ecn_mark=1503 drop=0
[QUEUE_STATS] t_ms=23440 q_pkts=61 q_bytes=91744 qdelay_l_ms=1.07834 qdelay_c_ms=33.1965 ecn_mark=1503 drop=0
[QUEUE_STATS] t_ms=23456 q_pkts=60 q_bytes=90240 qdelay_l_ms=0.965675 qdelay_c_ms=35.9936 ecn_mark=1503 drop=0
[QUEUE_STATS] t_ms=23472 q_pkts=61 q_bytes=91744 qdelay_l_ms=1.07844 qdelay_c_ms=36.0963 ecn_mark=1503 drop=0
[QUEUE_STATS] t_ms=23488 q_pkts=62 q_bytes=93248 qdelay_l_ms=1.11313 qdelay_c_ms=34.1786 ecn_mark=1503 drop=0
[QUEUE_STATS] t_ms=23505 q_pkts=62 q_bytes=93248 qdelay_l_ms=1.08097 qdelay_c_ms=38.406 ecn_mark=1504 drop=0
[QUEUE_STATS] t_ms=23520 q_pkts=63 q_bytes=94752 qdelay_l_ms=1.10537 qdelay_c_ms=38.1477 ecn_mark=1506 drop=0
[QUEUE_STATS] t_ms=23536 q_pkts=60 q_bytes=90240 qdelay_l_ms=0.942621 qdelay_c_ms=35.9119 ecn_mark=1506 drop=0
[QUEUE_STATS] t_ms=23552 q_pkts=64 q_bytes=96256 qdelay_l_ms=0.752555 qdelay_c_ms=36.7699 ecn_mark=1507 drop=0
[QUEUE_STATS] t_ms=23568 q_pkts=62 q_bytes=93248 qdelay_l_ms=1.0522 qdelay_c_ms=37.2306 ecn_mark=1507 drop=0
[QUEUE_STATS] t_ms=23584 q_pkts=62 q_bytes=93248 qdelay_l_ms=1.072 qdelay_c_ms=35.0513 ecn_mark=1508 drop=0
[QUEUE_STATS] t_ms=23600 q_pkts=61 q_bytes=91744 qdelay_l_ms=1.07518 qdelay_c_ms=37.0717 ecn_mark=1509 drop=0
[QUEUE_STATS] t_ms=23616 q_pkts=63 q_bytes=94752 qdelay_l_ms=1.07027 qdelay_c_ms=37.9556 ecn_mark=1510 drop=0
[QUEUE_STATS] t_ms=23633 q_pkts=64 q_bytes=96256 qdelay_l_ms=1.08783 qdelay_c_ms=37.1238 ecn_mark=1511 drop=0
[QUEUE_STATS] t_ms=23648 q_pkts=61 q_bytes=91744 qdelay_l_ms=0.776299 qdelay_c_ms=37.7018 ecn_mark=1511 drop=0
[QUEUE_STATS] t_ms=23664 q_pkts=61 q_bytes=91744 qdelay_l_ms=1.08147 qdelay_c_ms=35.0767 ecn_mark=1511 drop=0
[QUEUE_STATS] t_ms=23680 q_pkts=63 q_bytes=94752 qdelay_l_ms=1.07937 qdelay_c_ms=37.1933 ecn_mark=1511 drop=0
[QUEUE_STATS] t_ms=23696 q_pkts=64 q_bytes=96256 qdelay_l_ms=1.08534 qdelay_c_ms=38.0127 ecn_mark=1512 drop=0
[QUEUE_STATS] t_ms=23712 q_pkts=62 q_bytes=93248 qdelay_l_ms=1.10916 qdelay_c_ms=35.8643 ecn_mark=1513 drop=0
[QUEUE_STATS] t_ms=23728 q_pkts=64 q_bytes=96256 qdelay_l_ms=1.07938 qdelay_c_ms=38.0821 ecn_mark=1514 drop=0
[QUEUE_STATS] t_ms=23744 q_pkts=64 q_bytes=96256 qdelay_l_ms=1.06618 qdelay_c_ms=38.0333 ecn_mark=1514 drop=0
[QUEUE_STATS] t_ms=23760 q_pkts=61 q_bytes=91744 qdelay_l_ms=0.774846 qdelay_c_ms=35.5075 ecn_mark=1515 drop=0
[QUEUE_STATS] t_ms=23776 q_pkts=64 q_bytes=96256 qdelay_l_ms=0.810884 qdelay_c_ms=37.0041 ecn_mark=1518 drop=0
[QUEUE_STATS] t_ms=23792 q_pkts=63 q_bytes=94752 qdelay_l_ms=1.08342 qdelay_c_ms=37.0477 ecn_mark=1520 drop=0
[QUEUE_STATS] t_ms=23808 q_pkts=62 q_bytes=93248 qdelay_l_ms=1.07759 qdelay_c_ms=36.4086 ecn_mark=1521 drop=0
[QUEUE_STATS] t_ms=23824 q_pkts=62 q_bytes=93248 qdelay_l_ms=1.08699 qdelay_c_ms=38.1214 ecn_mark=1523 drop=0
[QUEUE_STATS] t_ms=23840 q_pkts=63 q_bytes=94752 qdelay_l_ms=1.07947 qdelay_c_ms=36.0442 ecn_mark=1526 drop=0
[QUEUE_STATS] t_ms=23857 q_pkts=62 q_bytes=93248 qdelay_l_ms=1.11828 qdelay_c_ms=36.2896 ecn_mark=1528 drop=0
[QUEUE_STATS] t_ms=23872 q_pkts=62 q_bytes=93248 qdelay_l_ms=1.07211 qdelay_c_ms=40.0285 ecn_mark=1530 drop=0
[QUEUE_STATS] t_ms=23888 q_pkts=61 q_bytes=91744 qdelay_l_ms=1.06795 qdelay_c_ms=36.0305 ecn_mark=1531 drop=0
[QUEUE_STATS] t_ms=23904 q_pkts=61 q_bytes=91744 qdelay_l_ms=1.09638 qdelay_c_ms=34.4181 ecn_mark=1534 drop=0
[QUEUE_STATS] t_ms=23920 q_pkts=64 q_bytes=96256 qdelay_l_ms=1.07171 qdelay_c_ms=39.2151 ecn_mark=1534 drop=0
[QUEUE_STATS] t_ms=23936 q_pkts=62 q_bytes=93248 qdelay_l_ms=1.0797 qdelay_c_ms=35.9369 ecn_mark=1536 drop=0
[QUEUE_STATS] t_ms=23952 q_pkts=62 q_bytes=93248 qdelay_l_ms=0.953612 qdelay_c_ms=34.8509 ecn_mark=1538 drop=0
[QUEUE_STATS] t_ms=23968 q_pkts=64 q_bytes=96256 qdelay_l_ms=1.0803 qdelay_c_ms=37.131 ecn_mark=1539 drop=0
[QUEUE_STATS] t_ms=23984 q_pkts=63 q_bytes=94752 qdelay_l_ms=1.077 qdelay_c_ms=36.9321 ecn_mark=1541 drop=0
[QUEUE_STATS] t_ms=24000 q_pkts=61 q_bytes=91744 qdelay_l_ms=1.069 qdelay_c_ms=36.8327 ecn_mark=1541 drop=0
[QUEUE_STATS] t_ms=24016 q_pkts=61 q_bytes=91744 qdelay_l_ms=0.937232 qdelay_c_ms=36.8657 ecn_mark=1541 drop=0
[QUEUE_STATS] t_ms=24032 q_pkts=58 q_bytes=87232 qdelay_l_ms=0 qdelay_c_ms=35.3914 ecn_mark=1545 drop=0
[QUEUE_STATS] t_ms=24048 q_pkts=62 q_bytes=93248 qdelay_l_ms=0.816725 qdelay_c_ms=39.0994 ecn_mark=1545 drop=0
[QUEUE_STATS] t_ms=24064 q_pkts=60 q_bytes=90240 qdelay_l_ms=1.08801 qdelay_c_ms=35.9847 ecn_mark=1547 drop=0
[QUEUE_STATS] t_ms=24080 q_pkts=58 q_bytes=87232 qdelay_l_ms=0 qdelay_c_ms=35.1547 ecn_mark=1547 drop=0
[QUEUE_STATS] t_ms=24096 q_pkts=63 q_bytes=94752 qdelay_l_ms=1.09751 qdelay_c_ms=36.7984 ecn_mark=1549 drop=0
[QUEUE_STATS] t_ms=24112 q_pkts=62 q_bytes=93248 qdelay_l_ms=1.06732 qdelay_c_ms=36.0074 ecn_mark=1550 drop=0
[QUEUE_STATS] t_ms=24128 q_pkts=62 q_bytes=93248 qdelay_l_ms=1.0836 qdelay_c_ms=36.9914 ecn_mark=1551 drop=0
[QUEUE_STATS] t_ms=24144 q_pkts=60 q_bytes=90240 qdelay_l_ms=0.796987 qdelay_c_ms=35.7801 ecn_mark=1552 drop=0
[QUEUE_STATS] t_ms=24160 q_pkts=62 q_bytes=93248 qdelay_l_ms=1.09425 qdelay_c_ms=36.1224 ecn_mark=1553 drop=0
[QUEUE_STATS] t_ms=24176 q_pkts=62 q_bytes=93248 qdelay_l_ms=0.787751 qdelay_c_ms=36.8127 ecn_mark=1554 drop=0
[QUEUE_STATS] t_ms=24192 q_pkts=62 q_bytes=93248 qdelay_l_ms=1.07672 qdelay_c_ms=36.2045 ecn_mark=1554 drop=0
[QUEUE_STATS] t_ms=24208 q_pkts=62 q_bytes=93248 qdelay_l_ms=0.948843 qdelay_c_ms=35.9486 ecn_mark=1555 drop=0
[QUEUE_STATS] t_ms=24224 q_pkts=64 q_bytes=96256 qdelay_l_ms=1.11491 qdelay_c_ms=37.9617 ecn_mark=1555 drop=0
[QUEUE_STATS] t_ms=24240 q_pkts=63 q_bytes=94752 qdelay_l_ms=1.07192 qdelay_c_ms=35.2321 ecn_mark=1556 drop=0
[QUEUE_STATS] t_ms=24256 q_pkts=62 q_bytes=93248 qdelay_l_ms=1.1101 qdelay_c_ms=37.3876 ecn_mark=1558 drop=0
[QUEUE_STATS] t_ms=24272 q_pkts=63 q_bytes=94752 qdelay_l_ms=1.1104 qdelay_c_ms=36.8662 ecn_mark=1559 drop=0
[QUEUE_STATS] t_ms=24288 q_pkts=61 q_bytes=91744 qdelay_l_ms=0.814391 qdelay_c_ms=35.6998 ecn_mark=1560 drop=0
[QUEUE_STATS] t_ms=24304 q_pkts=62 q_bytes=93248 qdelay_l_ms=0.950587 qdelay_c_ms=36.2883 ecn_mark=1561 drop=0
[QUEUE_STATS] t_ms=24320 q_pkts=63 q_bytes=94752 qdelay_l_ms=1.07036 qdelay_c_ms=35.8577 ecn_mark=1562 drop=0
[QUEUE_STATS] t_ms=24336 q_pkts=63 q_bytes=94752 qdelay_l_ms=1.0879 qdelay_c_ms=35.1092 ecn_mark=1564 drop=0
[QUEUE_STATS] t_ms=24352 q_pkts=61 q_bytes=91744 qdelay_l_ms=0.768334 qdelay_c_ms=34.8032 ecn_mark=1564 drop=0
[QUEUE_STATS] t_ms=24368 q_pkts=63 q_bytes=94752 qdelay_l_ms=0.955075 qdelay_c_ms=35.913 ecn_mark=1567 drop=0
[QUEUE_STATS] t_ms=24384 q_pkts=61 q_bytes=91744 qdelay_l_ms=1.08666 qdelay_c_ms=33.9403 ecn_mark=1567 drop=0
[QUEUE_STATS] t_ms=24400 q_pkts=62 q_bytes=93248 qdelay_l_ms=0.961937 qdelay_c_ms=36.1611 ecn_mark=1568 drop=0
[QUEUE_STATS] t_ms=24416 q_pkts=61 q_bytes=91744 qdelay_l_ms=1.07211 qdelay_c_ms=35.8963 ecn_mark=1568 drop=0
[QUEUE_STATS] t_ms=24432 q_pkts=62 q_bytes=93248 qdelay_l_ms=1.0817 qdelay_c_ms=36.8594 ecn_mark=1570 drop=0
[QUEUE_STATS] t_ms=24448 q_pkts=61 q_bytes=91744 qdelay_l_ms=1.08807 qdelay_c_ms=35.0003 ecn_mark=1574 drop=0
[QUEUE_STATS] t_ms=24464 q_pkts=60 q_bytes=90240 qdelay_l_ms=0.976715 qdelay_c_ms=35.1287 ecn_mark=1576 drop=0
[QUEUE_STATS] t_ms=24480 q_pkts=61 q_bytes=91744 qdelay_l_ms=1.0772 qdelay_c_ms=35.9824 ecn_mark=1577 drop=0
[QUEUE_STATS] t_ms=24496 q_pkts=62 q_bytes=93248 qdelay_l_ms=1.08561 qdelay_c_ms=35.1859 ecn_mark=1577 drop=0
[QUEUE_STATS] t_ms=24512 q_pkts=60 q_bytes=90240 qdelay_l_ms=1.07558 qdelay_c_ms=34.159 ecn_mark=1577 drop=0
[QUEUE_STATS] t_ms=24528 q_pkts=60 q_bytes=90240 qdelay_l_ms=0.014598 qdelay_c_ms=34.1109 ecn_mark=1577 drop=0
[QUEUE_STATS] t_ms=24544 q_pkts=61 q_bytes=91744 qdelay_l_ms=0.967248 qdelay_c_ms=35.9161 ecn_mark=1577 drop=0
[QUEUE_STATS] t_ms=24560 q_pkts=62 q_bytes=93248 qdelay_l_ms=1.09492 qdelay_c_ms=34.918 ecn_mark=1579 drop=0
[QUEUE_STATS] t_ms=24576 q_pkts=60 q_bytes=90240 qdelay_l_ms=0.865066 qdelay_c_ms=35.0241 ecn_mark=1580 drop=0
[QUEUE_STATS] t_ms=24592 q_pkts=61 q_bytes=91744 qdelay_l_ms=0.755089 qdelay_c_ms=34.8208 ecn_mark=1581 drop=0
[QUEUE_STATS] t_ms=24608 q_pkts=62 q_bytes=93248 qdelay_l_ms=1.10417 qdelay_c_ms=35.607 ecn_mark=1583 drop=0
[QUEUE_STATS] t_ms=24624 q_pkts=60 q_bytes=90240 qdelay_l_ms=1.06405 qdelay_c_ms=35.9856 ecn_mark=1584 drop=0
[QUEUE_STATS] t_ms=24640 q_pkts=56 q_bytes=84224 qdelay_l_ms=1.08066 qdelay_c_ms=33.0666 ecn_mark=1584 drop=0
[QUEUE_STATS] t_ms=24656 q_pkts=57 q_bytes=85728 qdelay_l_ms=1.0762 qdelay_c_ms=33.2111 ecn_mark=1585 drop=0
[QUEUE_STATS] t_ms=24672 q_pkts=59 q_bytes=88736 qdelay_l_ms=0.846992 qdelay_c_ms=34.9241 ecn_mark=1585 drop=0
[QUEUE_STATS] t_ms=24688 q_pkts=59 q_bytes=88736 qdelay_l_ms=1.08831 qdelay_c_ms=31.7112 ecn_mark=1586 drop=0
[QUEUE_STATS] t_ms=24704 q_pkts=59 q_bytes=88736 qdelay_l_ms=1.07143 qdelay_c_ms=32.3227 ecn_mark=1587 drop=0
[QUEUE_STATS] t_ms=24720 q_pkts=63 q_bytes=94752 qdelay_l_ms=1.09603 qdelay_c_ms=35.8284 ecn_mark=1589 drop=0
[QUEUE_STATS] t_ms=24736 q_pkts=60 q_bytes=90240 qdelay_l_ms=1.06372 qdelay_c_ms=32.6641 ecn_mark=1589 drop=0
[QUEUE_STATS] t_ms=24752 q_pkts=60 q_bytes=90240 qdelay_l_ms=1.0712 qdelay_c_ms=33.6565 ecn_mark=1590 drop=0
[QUEUE_STATS] t_ms=24768 q_pkts=61 q_bytes=91744 qdelay_l_ms=1.07737 qdelay_c_ms=36.0359 ecn_mark=1591 drop=0
[QUEUE_STATS] t_ms=24784 q_pkts=61 q_bytes=91744 qdelay_l_ms=1.09375 qdelay_c_ms=33.1491 ecn_mark=1594 drop=0
[QUEUE_STATS] t_ms=24800 q_pkts=60 q_bytes=90240 qdelay_l_ms=1.07976 qdelay_c_ms=35.0501 ecn_mark=1596 drop=0
[QUEUE_STATS] t_ms=24816 q_pkts=60 q_bytes=90240 qdelay_l_ms=1.07177 qdelay_c_ms=36.0389 ecn_mark=1596 drop=0
[QUEUE_STATS] t_ms=24832 q_pkts=59 q_bytes=88736 qdelay_l_ms=1.07442 qdelay_c_ms=31.7536 ecn_mark=1596 drop=0
[QUEUE_STATS] t_ms=24848 q_pkts=59 q_bytes=88736 qdelay_l_ms=1.07441 qdelay_c_ms=33.4149 ecn_mark=1597 drop=0
[QUEUE_STATS] t_ms=24864 q_pkts=62 q_bytes=93248 qdelay_l_ms=0.973459 qdelay_c_ms=36.9298 ecn_mark=1598 drop=0
[QUEUE_STATS] t_ms=24880 q_pkts=60 q_bytes=90240 qdelay_l_ms=1.06946 qdelay_c_ms=31.8175 ecn_mark=1599 drop=0
[QUEUE_STATS] t_ms=24896 q_pkts=60 q_bytes=90240 qdelay_l_ms=1.05488 qdelay_c_ms=34.1897 ecn_mark=1599 drop=0
[QUEUE_STATS] t_ms=24912 q_pkts=62 q_bytes=93248 qdelay_l_ms=0.642437 qdelay_c_ms=35.9022 ecn_mark=1601 drop=0
[QUEUE_STATS] t_ms=24928 q_pkts=62 q_bytes=93248 qdelay_l_ms=1.08472 qdelay_c_ms=33.0288 ecn_mark=1603 drop=0
[QUEUE_STATS] t_ms=24944 q_pkts=61 q_bytes=91744 qdelay_l_ms=0.788261 qdelay_c_ms=34.8267 ecn_mark=1604 drop=0
[QUEUE_STATS] t_ms=24960 q_pkts=61 q_bytes=91744 qdelay_l_ms=1.0998 qdelay_c_ms=34.1689 ecn_mark=1606 drop=0
[QUEUE_STATS] t_ms=24977 q_pkts=61 q_bytes=91744 qdelay_l_ms=1.0671 qdelay_c_ms=34.3085 ecn_mark=1606 drop=0
[QUEUE_STATS] t_ms=24992 q_pkts=62 q_bytes=93248 qdelay_l_ms=1.07028 qdelay_c_ms=36.7995 ecn_mark=1606 drop=0
[QUEUE_STATS] t_ms=25008 q_pkts=62 q_bytes=93248 qdelay_l_ms=0.889311 qdelay_c_ms=34.899 ecn_mark=1606 drop=0
[QUEUE_STATS] t_ms=25024 q_pkts=62 q_bytes=93248 qdelay_l_ms=0.77662 qdelay_c_ms=34.0422 ecn_mark=1608 drop=0
[QUEUE_STATS] t_ms=25040 q_pkts=63 q_bytes=94752 qdelay_l_ms=0.966125 qdelay_c_ms=35.8884 ecn_mark=1610 drop=0
[QUEUE_STATS] t_ms=25056 q_pkts=62 q_bytes=93248 qdelay_l_ms=1.07065 qdelay_c_ms=33.9636 ecn_mark=1612 drop=0
[QUEUE_STATS] t_ms=25072 q_pkts=62 q_bytes=93248 qdelay_l_ms=1.0931 qdelay_c_ms=34.9214 ecn_mark=1614 drop=0
[QUEUE_STATS] t_ms=25088 q_pkts=54 q_bytes=81216 qdelay_l_ms=0.782571 qdelay_c_ms=35.913 ecn_mark=1615 drop=0
[QUEUE_STATS] t_ms=25104 q_pkts=42 q_bytes=63168 qdelay_l_ms=1.08662 qdelay_c_ms=33.0829 ecn_mark=1619 drop=0
[QUEUE_STATS] t_ms=25120 q_pkts=35 q_bytes=52640 qdelay_l_ms=1.07046 qdelay_c_ms=30.2096 ecn_mark=1622 drop=0
[QUEUE_STATS] t_ms=25136 q_pkts=27 q_bytes=40608 qdelay_l_ms=0.817867 qdelay_c_ms=21.7557 ecn_mark=1622 drop=0
[QUEUE_STATS] t_ms=25152 q_pkts=21 q_bytes=31584 qdelay_l_ms=0.794884 qdelay_c_ms=12.8676 ecn_mark=1622 drop=0
[QUEUE_STATS] t_ms=25168 q_pkts=22 q_bytes=33088 qdelay_l_ms=1.10453 qdelay_c_ms=11.1177 ecn_mark=1624 drop=0
[QUEUE_STATS] t_ms=25184 q_pkts=25 q_bytes=37600 qdelay_l_ms=1.07365 qdelay_c_ms=11.1982 ecn_mark=1627 drop=0
[QUEUE_STATS] t_ms=25200 q_pkts=23 q_bytes=34592 qdelay_l_ms=0.818999 qdelay_c_ms=12.9499 ecn_mark=1627 drop=0
[QUEUE_STATS] t_ms=25216 q_pkts=22 q_bytes=33088 qdelay_l_ms=1.079 qdelay_c_ms=13.0494 ecn_mark=1629 drop=0
[QUEUE_STATS] t_ms=25232 q_pkts=22 q_bytes=33088 qdelay_l_ms=1.0863 qdelay_c_ms=10.0268 ecn_mark=1630 drop=0
[QUEUE_STATS] t_ms=25248 q_pkts=25 q_bytes=37600 qdelay_l_ms=1.07228 qdelay_c_ms=12.7631 ecn_mark=1632 drop=0
[QUEUE_STATS] t_ms=25264 q_pkts=23 q_bytes=34592 qdelay_l_ms=0.985352 qdelay_c_ms=12.7879 ecn_mark=1633 drop=0
[QUEUE_STATS] t_ms=25280 q_pkts=25 q_bytes=37600 qdelay_l_ms=1.07544 qdelay_c_ms=10.9523 ecn_mark=1635 drop=0
[QUEUE_STATS] t_ms=25296 q_pkts=25 q_bytes=37600 qdelay_l_ms=0.84052 qdelay_c_ms=13.8911 ecn_mark=1636 drop=0
[QUEUE_STATS] t_ms=25312 q_pkts=24 q_bytes=36096 qdelay_l_ms=0 qdelay_c_ms=12.9625 ecn_mark=1638 drop=0
[QUEUE_STATS] t_ms=25328 q_pkts=26 q_bytes=39104 qdelay_l_ms=0.988899 qdelay_c_ms=12.9301 ecn_mark=1638 drop=0
[QUEUE_STATS] t_ms=25344 q_pkts=26 q_bytes=39104 qdelay_l_ms=0.794543 qdelay_c_ms=13.6883 ecn_mark=1638 drop=0
[QUEUE_STATS] t_ms=25360 q_pkts=25 q_bytes=37600 qdelay_l_ms=0.891726 qdelay_c_ms=12.788 ecn_mark=1638 drop=0
[QUEUE_STATS] t_ms=25376 q_pkts=27 q_bytes=40608 qdelay_l_ms=1.08026 qdelay_c_ms=15.1486 ecn_mark=1639 drop=0
[QUEUE_STATS] t_ms=25392 q_pkts=29 q_bytes=43616 qdelay_l_ms=1.10818 qdelay_c_ms=14.7391 ecn_mark=1641 drop=0
[QUEUE_STATS] t_ms=25408 q_pkts=28 q_bytes=42112 qdelay_l_ms=1.08177 qdelay_c_ms=13.7265 ecn_mark=1642 drop=0
[QUEUE_STATS] t_ms=25424 q_pkts=28 q_bytes=42112 qdelay_l_ms=1.06374 qdelay_c_ms=16.1997 ecn_mark=1643 drop=0
[QUEUE_STATS] t_ms=25440 q_pkts=27 q_bytes=40608 qdelay_l_ms=1.07327 qdelay_c_ms=14.0537 ecn_mark=1645 drop=0
[QUEUE_STATS] t_ms=25456 q_pkts=26 q_bytes=39104 qdelay_l_ms=0.97872 qdelay_c_ms=15.9233 ecn_mark=1647 drop=0
[QUEUE_STATS] t_ms=25472 q_pkts=30 q_bytes=45120 qdelay_l_ms=1.07249 qdelay_c_ms=16.1153 ecn_mark=1649 drop=0
[QUEUE_STATS] t_ms=25488 q_pkts=29 q_bytes=43616 qdelay_l_ms=0.799633 qdelay_c_ms=13.4842 ecn_mark=1649 drop=0
[QUEUE_STATS] t_ms=25504 q_pkts=30 q_bytes=45120 qdelay_l_ms=1.06984 qdelay_c_ms=15.0781 ecn_mark=1650 drop=0
[QUEUE_STATS] t_ms=25520 q_pkts=31 q_bytes=46624 qdelay_l_ms=1.08175 qdelay_c_ms=17.3587 ecn_mark=1652 drop=0
[QUEUE_STATS] t_ms=25536 q_pkts=32 q_bytes=48128 qdelay_l_ms=1.07557 qdelay_c_ms=16.1539 ecn_mark=1652 drop=0
[QUEUE_STATS] t_ms=25552 q_pkts=30 q_bytes=45120 qdelay_l_ms=1.0804 qdelay_c_ms=17.074 ecn_mark=1653 drop=0
[QUEUE_STATS] t_ms=25568 q_pkts=31 q_bytes=46624 qdelay_l_ms=0.805514 qdelay_c_ms=17.712 ecn_mark=1657 drop=0
[QUEUE_STATS] t_ms=25584 q_pkts=31 q_bytes=46624 qdelay_l_ms=1.08469 qdelay_c_ms=16.9855 ecn_mark=1657 drop=0
[QUEUE_STATS] t_ms=25600 q_pkts=31 q_bytes=46624 qdelay_l_ms=0.974422 qdelay_c_ms=15.8986 ecn_mark=1658 drop=0
[QUEUE_STATS] t_ms=25616 q_pkts=33 q_bytes=49632 qdelay_l_ms=0.919088 qdelay_c_ms=16.9901 ecn_mark=1658 drop=0
[QUEUE_STATS] t_ms=25632 q_pkts=29 q_bytes=43616 qdelay_l_ms=1.08942 qdelay_c_ms=16.9546 ecn_mark=1658 drop=0
[QUEUE_STATS] t_ms=25648 q_pkts=30 q_bytes=45120 qdelay_l_ms=1.08889 qdelay_c_ms=15.8981 ecn_mark=1659 drop=0
[QUEUE_STATS] t_ms=25664 q_pkts=32 q_bytes=48128 qdelay_l_ms=0.715505 qdelay_c_ms=15.8569 ecn_mark=1660 drop=0
[QUEUE_STATS] t_ms=25680 q_pkts=35 q_bytes=52640 qdelay_l_ms=1.07631 qdelay_c_ms=16.9005 ecn_mark=1660 drop=0
[QUEUE_STATS] t_ms=25696 q_pkts=33 q_bytes=49632 qdelay_l_ms=1.05573 qdelay_c_ms=17.7345 ecn_mark=1661 drop=0
[QUEUE_STATS] t_ms=25712 q_pkts=34 q_bytes=51136 qdelay_l_ms=1.09576 qdelay_c_ms=18.2625 ecn_mark=1661 drop=0
[QUEUE_STATS] t_ms=25728 q_pkts=33 q_bytes=49632 qdelay_l_ms=0.802649 qdelay_c_ms=16.8774 ecn_mark=1663 drop=0
[QUEUE_STATS] t_ms=25744 q_pkts=33 q_bytes=49632 qdelay_l_ms=1.06631 qdelay_c_ms=16.8281 ecn_mark=1663 drop=0
[QUEUE_STATS] t_ms=25760 q_pkts=34 q_bytes=51136 qdelay_l_ms=1.07042 qdelay_c_ms=18.2239 ecn_mark=1665 drop=0
[QUEUE_STATS] t_ms=25776 q_pkts=32 q_bytes=48128 qdelay_l_ms=0.0215 qdelay_c_ms=16.892 ecn_mark=1667 drop=0
[QUEUE_STATS] t_ms=25792 q_pkts=34 q_bytes=51136 qdelay_l_ms=1.0905 qdelay_c_ms=16.81 ecn_mark=1668 drop=0
[QUEUE_STATS] t_ms=25808 q_pkts=34 q_bytes=51136 qdelay_l_ms=1.11039 qdelay_c_ms=17.9489 ecn_mark=1668 drop=0
[QUEUE_STATS] t_ms=25824 q_pkts=35 q_bytes=52640 qdelay_l_ms=1.09561 qdelay_c_ms=16.9924 ecn_mark=1668 drop=0
[QUEUE_STATS] t_ms=25840 q_pkts=35 q_bytes=52640 qdelay_l_ms=1.06542 qdelay_c_ms=18.054 ecn_mark=1669 drop=0
[QUEUE_STATS] t_ms=25856 q_pkts=36 q_bytes=54144 qdelay_l_ms=0.79846 qdelay_c_ms=18.8787 ecn_mark=1673 drop=0
[QUEUE_STATS] t_ms=25872 q_pkts=33 q_bytes=49632 qdelay_l_ms=1.09636 qdelay_c_ms=17.9784 ecn_mark=1675 drop=0
[QUEUE_STATS] t_ms=25888 q_pkts=37 q_bytes=55648 qdelay_l_ms=1.07354 qdelay_c_ms=17.193 ecn_mark=1678 drop=0
[QUEUE_STATS] t_ms=25904 q_pkts=37 q_bytes=55648 qdelay_l_ms=0.831783 qdelay_c_ms=20.9023 ecn_mark=1679 drop=0
[QUEUE_STATS] t_ms=25920 q_pkts=36 q_bytes=54144 qdelay_l_ms=0.956898 qdelay_c_ms=18.0487 ecn_mark=1681 drop=0
[QUEUE_STATS] t_ms=25936 q_pkts=33 q_bytes=49632 qdelay_l_ms=1.08562 qdelay_c_ms=20.4951 ecn_mark=1681 drop=0
[QUEUE_STATS] t_ms=25952 q_pkts=38 q_bytes=57152 qdelay_l_ms=0.86231 qdelay_c_ms=19.7235 ecn_mark=1682 drop=0
[QUEUE_STATS] t_ms=25968 q_pkts=36 q_bytes=54144 qdelay_l_ms=1.06871 qdelay_c_ms=17.0828 ecn_mark=1684 drop=0
[QUEUE_STATS] t_ms=25984 q_pkts=35 q_bytes=52640 qdelay_l_ms=1.04726 qdelay_c_ms=20.447 ecn_mark=1685 drop=0
[QUEUE_STATS] t_ms=26000 q_pkts=37 q_bytes=55648 qdelay_l_ms=0.874785 qdelay_c_ms=18.5707 ecn_mark=1685 drop=0
[QUEUE_STATS] t_ms=26016 q_pkts=36 q_bytes=54144 qdelay_l_ms=0.861559 qdelay_c_ms=17.9749 ecn_mark=1688 drop=0
[QUEUE_STATS] t_ms=26032 q_pkts=37 q_bytes=55648 qdelay_l_ms=1.09378 qdelay_c_ms=20.324 ecn_mark=1691 drop=0
[QUEUE_STATS] t_ms=26048 q_pkts=38 q_bytes=57152 qdelay_l_ms=1.07059 qdelay_c_ms=17.761 ecn_mark=1692 drop=0
[QUEUE_STATS] t_ms=26064 q_pkts=36 q_bytes=54144 qdelay_l_ms=0.894411 qdelay_c_ms=17.7573 ecn_mark=1692 drop=0
[QUEUE_STATS] t_ms=26080 q_pkts=35 q_bytes=52640 qdelay_l_ms=1.09005 qdelay_c_ms=18.8985 ecn_mark=1694 drop=0
[QUEUE_STATS] t_ms=26096 q_pkts=38 q_bytes=57152 qdelay_l_ms=0.870446 qdelay_c_ms=19.1188 ecn_mark=1695 drop=0
[QUEUE_STATS] t_ms=26112 q_pkts=38 q_bytes=57152 qdelay_l_ms=0.885414 qdelay_c_ms=19.8584 ecn_mark=1695 drop=0
[QUEUE_STATS] t_ms=26128 q_pkts=37 q_bytes=55648 qdelay_l_ms=0.889181 qdelay_c_ms=21.0624 ecn_mark=1695 drop=0
[QUEUE_STATS] t_ms=26144 q_pkts=37 q_bytes=55648 qdelay_l_ms=1.02002 qdelay_c_ms=18.2199 ecn_mark=1695 drop=0
[QUEUE_STATS] t_ms=26160 q_pkts=37 q_bytes=55648 qdelay_l_ms=1.05963 qdelay_c_ms=22.0541 ecn_mark=1696 drop=0
[QUEUE_STATS] t_ms=26176 q_pkts=38 q_bytes=57152 qdelay_l_ms=0.944886 qdelay_c_ms=20.9635 ecn_mark=1696 drop=0
[QUEUE_STATS] t_ms=26192 q_pkts=42 q_bytes=63168 qdelay_l_ms=1.10104 qdelay_c_ms=19.2101 ecn_mark=1696 drop=0
[QUEUE_STATS] t_ms=26208 q_pkts=40 q_bytes=60160 qdelay_l_ms=0.882509 qdelay_c_ms=21.8533 ecn_mark=1700 drop=0
[QUEUE_STATS] t_ms=26224 q_pkts=41 q_bytes=61664 qdelay_l_ms=0.836201 qdelay_c_ms=20.7061 ecn_mark=1701 drop=0
[QUEUE_STATS] t_ms=26240 q_pkts=39 q_bytes=58656 qdelay_l_ms=0.863022 qdelay_c_ms=18.8239 ecn_mark=1703 drop=0
[QUEUE_STATS] t_ms=26256 q_pkts=39 q_bytes=58656 qdelay_l_ms=0.866559 qdelay_c_ms=21.8095 ecn_mark=1704 drop=0
[QUEUE_STATS] t_ms=26272 q_pkts=39 q_bytes=58656 qdelay_l_ms=1.06727 qdelay_c_ms=20.9646 ecn_mark=1704 drop=0
[QUEUE_STATS] t_ms=26288 q_pkts=41 q_bytes=61664 qdelay_l_ms=1.05724 qdelay_c_ms=22.2963 ecn_mark=1704 drop=0
[QUEUE_STATS] t_ms=26304 q_pkts=40 q_bytes=60160 qdelay_l_ms=1.11375 qdelay_c_ms=21.9983 ecn_mark=1704 drop=0
[QUEUE_STATS] t_ms=26320 q_pkts=40 q_bytes=60160 qdelay_l_ms=1.03074 qdelay_c_ms=19.035 ecn_mark=1704 drop=0
[QUEUE_STATS] t_ms=26336 q_pkts=43 q_bytes=64672 qdelay_l_ms=1.03174 qdelay_c_ms=22.0451 ecn_mark=1704 drop=0
[QUEUE_STATS] t_ms=26352 q_pkts=41 q_bytes=61664 qdelay_l_ms=0.853675 qdelay_c_ms=22.8975 ecn_mark=1704 drop=0
[QUEUE_STATS] t_ms=26368 q_pkts=42 q_bytes=63168 qdelay_l_ms=1.06221 qdelay_c_ms=20.9544 ecn_mark=1704 drop=0
[QUEUE_STATS] t_ms=26384 q_pkts=44 q_bytes=66176 qdelay_l_ms=1.08115 qdelay_c_ms=24.9037 ecn_mark=1704 drop=0
[QUEUE_STATS] t_ms=26400 q_pkts=43 q_bytes=64672 qdelay_l_ms=0.826663 qdelay_c_ms=21.6201 ecn_mark=1705 drop=0
[QUEUE_STATS] t_ms=26416 q_pkts=42 q_bytes=63168 qdelay_l_ms=0 qdelay_c_ms=22.1615 ecn_mark=1705 drop=0
[QUEUE_STATS] t_ms=26432 q_pkts=44 q_bytes=66176 qdelay_l_ms=0.857802 qdelay_c_ms=24.9326 ecn_mark=1707 drop=0
[QUEUE_STATS] t_ms=26448 q_pkts=44 q_bytes=66176 qdelay_l_ms=1.07623 qdelay_c_ms=20.9775 ecn_mark=1708 drop=0
[QUEUE_STATS] t_ms=26464 q_pkts=43 q_bytes=64672 qdelay_l_ms=1.0804 qdelay_c_ms=24.2622 ecn_mark=1709 drop=0
[QUEUE_STATS] t_ms=26480 q_pkts=46 q_bytes=69184 qdelay_l_ms=0.846662 qdelay_c_ms=24.8415 ecn_mark=1710 drop=0
[QUEUE_STATS] t_ms=26496 q_pkts=45 q_bytes=67680 qdelay_l_ms=0.857442 qdelay_c_ms=21.7275 ecn_mark=1710 drop=0
[QUEUE_STATS] t_ms=26512 q_pkts=38 q_bytes=57152 qdelay_l_ms=1.07095 qdelay_c_ms=24.8467 ecn_mark=1712 drop=0
[QUEUE_STATS] t_ms=26528 q_pkts=32 q_bytes=48128 qdelay_l_ms=1.02019 qdelay_c_ms=24.0033 ecn_mark=1713 drop=0
[QUEUE_STATS] t_ms=26544 q_pkts=21 q_bytes=31584 qdelay_l_ms=0.89947 qdelay_c_ms=16.016 ecn_mark=1713 drop=0
[QUEUE_STATS] t_ms=26560 q_pkts=12 q_bytes=18048 qdelay_l_ms=1.09328 qdelay_c_ms=7.6823 ecn_mark=1714 drop=0
[QUEUE_STATS] t_ms=26576 q_pkts=9 q_bytes=13536 qdelay_l_ms=1.08087 qdelay_c_ms=4.08149 ecn_mark=1715 drop=0
[QUEUE_STATS] t_ms=26592 q_pkts=10 q_bytes=15040 qdelay_l_ms=1.06633 qdelay_c_ms=4.18408 ecn_mark=1716 drop=0
[QUEUE_STATS] t_ms=26608 q_pkts=9 q_bytes=13536 qdelay_l_ms=0.84058 qdelay_c_ms=4.79072 ecn_mark=1717 drop=0
[QUEUE_STATS] t_ms=26625 q_pkts=9 q_bytes=13536 qdelay_l_ms=1.06591 qdelay_c_ms=5.43723 ecn_mark=1717 drop=0
[QUEUE_STATS] t_ms=26640 q_pkts=9 q_bytes=13536 qdelay_l_ms=1.07736 qdelay_c_ms=5.45101 ecn_mark=1718 drop=0
[QUEUE_STATS] t_ms=26656 q_pkts=11 q_bytes=16544 qdelay_l_ms=0.849026 qdelay_c_ms=4.75192 ecn_mark=1718 drop=0
[QUEUE_STATS] t_ms=26672 q_pkts=10 q_bytes=15040 qdelay_l_ms=0.917544 qdelay_c_ms=5.9361 ecn_mark=1718 drop=0
[QUEUE_STATS] t_ms=26688 q_pkts=11 q_bytes=16544 qdelay_l_ms=0.992395 qdelay_c_ms=4.69473 ecn_mark=1719 drop=0
[QUEUE_STATS] t_ms=26704 q_pkts=12 q_bytes=18048 qdelay_l_ms=1.09255 qdelay_c_ms=3.96209 ecn_mark=1719 drop=0
[QUEUE_STATS] t_ms=26720 q_pkts=11 q_bytes=16544 qdelay_l_ms=0.841281 qdelay_c_ms=5.10987 ecn_mark=1719 drop=0
[QUEUE_STATS] t_ms=26736 q_pkts=11 q_bytes=16544 qdelay_l_ms=1.0976 qdelay_c_ms=5.02444 ecn_mark=1722 drop=0
[QUEUE_STATS] t_ms=26752 q_pkts=13 q_bytes=19552 qdelay_l_ms=0.816255 qdelay_c_ms=5.80064 ecn_mark=1725 drop=0
[QUEUE_STATS] t_ms=26768 q_pkts=13 q_bytes=19552 qdelay_l_ms=1.09885 qdelay_c_ms=6.05634 ecn_mark=1725 drop=0
[QUEUE_STATS] t_ms=26784 q_pkts=12 q_bytes=18048 qdelay_l_ms=1.10066 qdelay_c_ms=6.07134 ecn_mark=1725 drop=0
[QUEUE_STATS] t_ms=26800 q_pkts=13 q_bytes=19552 qdelay_l_ms=0 qdelay_c_ms=6.20062 ecn_mark=1725 drop=0
[QUEUE_STATS] t_ms=26816 q_pkts=14 q_bytes=21056 qdelay_l_ms=1.09298 qdelay_c_ms=6.99959 ecn_mark=1726 drop=0
[QUEUE_STATS] t_ms=26832 q_pkts=14 q_bytes=21056 qdelay_l_ms=1.09619 qdelay_c_ms=7.15185 ecn_mark=1727 drop=0
[QUEUE_STATS] t_ms=26848 q_pkts=16 q_bytes=24064 qdelay_l_ms=0.990141 qdelay_c_ms=7.90649 ecn_mark=1729 drop=0
[QUEUE_STATS] t_ms=26864 q_pkts=15 q_bytes=22560 qdelay_l_ms=1.03234 qdelay_c_ms=8.25601 ecn_mark=1730 drop=0
[QUEUE_STATS] t_ms=26880 q_pkts=15 q_bytes=22560 qdelay_l_ms=0.932933 qdelay_c_ms=8.11744 ecn_mark=1730 drop=0
[QUEUE_STATS] t_ms=26896 q_pkts=17 q_bytes=25568 qdelay_l_ms=0.830641 qdelay_c_ms=6.7254 ecn_mark=1730 drop=0
[QUEUE_STATS] t_ms=26912 q_pkts=17 q_bytes=25568 qdelay_l_ms=0.799483 qdelay_c_ms=7.76627 ecn_mark=1731 drop=0
[QUEUE_STATS] t_ms=26928 q_pkts=15 q_bytes=22560 qdelay_l_ms=1.0706 qdelay_c_ms=9.05665 ecn_mark=1731 drop=0
[QUEUE_STATS] t_ms=26944 q_pkts=16 q_bytes=24064 qdelay_l_ms=0.835771 qdelay_c_ms=7.91764 ecn_mark=1732 drop=0
[QUEUE_STATS] t_ms=26960 q_pkts=17 q_bytes=25568 qdelay_l_ms=0.798831 qdelay_c_ms=8.96455 ecn_mark=1733 drop=0
[QUEUE_STATS] t_ms=26976 q_pkts=17 q_bytes=25568 qdelay_l_ms=1.06623 qdelay_c_ms=8.04657 ecn_mark=1733 drop=0
[QUEUE_STATS] t_ms=26992 q_pkts=17 q_bytes=25568 qdelay_l_ms=1.06583 qdelay_c_ms=6.95544 ecn_mark=1735 drop=0
[QUEUE_STATS] t_ms=27008 q_pkts=16 q_bytes=24064 qdelay_l_ms=0.906053 qdelay_c_ms=8.99098 ecn_mark=1735 drop=0
[QUEUE_STATS] t_ms=27024 q_pkts=17 q_bytes=25568 qdelay_l_ms=1.0716 qdelay_c_ms=8.70127 ecn_mark=1735 drop=0
[QUEUE_STATS] t_ms=27040 q_pkts=17 q_bytes=25568 qdelay_l_ms=0.789053 qdelay_c_ms=7.94372 ecn_mark=1735 drop=0
[QUEUE_STATS] t_ms=27056 q_pkts=17 q_bytes=25568 qdelay_l_ms=1.0409 qdelay_c_ms=9.11967 ecn_mark=1735 drop=0
[QUEUE_STATS] t_ms=27072 q_pkts=18 q_bytes=27072 qdelay_l_ms=0.797208 qdelay_c_ms=9.44991 ecn_mark=1735 drop=0
[QUEUE_STATS] t_ms=27088 q_pkts=20 q_bytes=30080 qdelay_l_ms=0.774516 qdelay_c_ms=8.67812 ecn_mark=1735 drop=0
[QUEUE_STATS] t_ms=27104 q_pkts=20 q_bytes=30080 qdelay_l_ms=1.12007 qdelay_c_ms=9.96212 ecn_mark=1736 drop=0
[QUEUE_STATS] t_ms=27120 q_pkts=20 q_bytes=30080 qdelay_l_ms=1.08047 qdelay_c_ms=10.3167 ecn_mark=1737 drop=0
[QUEUE_STATS] t_ms=27136 q_pkts=19 q_bytes=28576 qdelay_l_ms=1.06954 qdelay_c_ms=10.2503 ecn_mark=1737 drop=0
[QUEUE_STATS] t_ms=27152 q_pkts=19 q_bytes=28576 qdelay_l_ms=0.78248 qdelay_c_ms=10.7746 ecn_mark=1740 drop=0
[QUEUE_STATS] t_ms=27168 q_pkts=21 q_bytes=31584 qdelay_l_ms=1.08618 qdelay_c_ms=10.7023 ecn_mark=1740 drop=0
[QUEUE_STATS] t_ms=27184 q_pkts=20 q_bytes=30080 qdelay_l_ms=0.861489 qdelay_c_ms=9.92594 ecn_mark=1741 drop=0
[QUEUE_STATS] t_ms=27200 q_pkts=20 q_bytes=30080 qdelay_l_ms=1.09682 qdelay_c_ms=11.3083 ecn_mark=1742 drop=0
[QUEUE_STATS] t_ms=27216 q_pkts=21 q_bytes=31584 qdelay_l_ms=1.05914 qdelay_c_ms=11.3056 ecn_mark=1745 drop=0
[QUEUE_STATS] t_ms=27232 q_pkts=21 q_bytes=31584 qdelay_l_ms=1.06706 qdelay_c_ms=9.87982 ecn_mark=1745 drop=0
[QUEUE_STATS] t_ms=27248 q_pkts=19 q_bytes=28576 qdelay_l_ms=1.06154 qdelay_c_ms=11.2245 ecn_mark=1745 drop=0
[QUEUE_STATS] t_ms=27264 q_pkts=21 q_bytes=31584 qdelay_l_ms=1.07132 qdelay_c_ms=11.2584 ecn_mark=1745 drop=0
[QUEUE_STATS] t_ms=27280 q_pkts=22 q_bytes=33088 qdelay_l_ms=0.841542 qdelay_c_ms=9.856 ecn_mark=1746 drop=0
[QUEUE_STATS] t_ms=27296 q_pkts=22 q_bytes=33088 qdelay_l_ms=0.972858 qdelay_c_ms=13.1293 ecn_mark=1746 drop=0
[QUEUE_STATS] t_ms=27312 q_pkts=24 q_bytes=36096 qdelay_l_ms=1.09942 qdelay_c_ms=12.106 ecn_mark=1746 drop=0
[QUEUE_STATS] t_ms=27328 q_pkts=24 q_bytes=36096 qdelay_l_ms=1.07284 qdelay_c_ms=12.0834 ecn_mark=1746 drop=0
[QUEUE_STATS] t_ms=27344 q_pkts=23 q_bytes=34592 qdelay_l_ms=1.06824 qdelay_c_ms=14.1808 ecn_mark=1746 drop=0
[QUEUE_STATS] t_ms=27360 q_pkts=25 q_bytes=37600 qdelay_l_ms=1.10476 qdelay_c_ms=10.8581 ecn_mark=1747 drop=0
[QUEUE_STATS] t_ms=27376 q_pkts=23 q_bytes=34592 qdelay_l_ms=1.06623 qdelay_c_ms=13.0513 ecn_mark=1748 drop=0
[QUEUE_STATS] t_ms=27392 q_pkts=25 q_bytes=37600 qdelay_l_ms=1.06748 qdelay_c_ms=14.0599 ecn_mark=1751 drop=0
[QUEUE_STATS] t_ms=27408 q_pkts=25 q_bytes=37600 qdelay_l_ms=0.808319 qdelay_c_ms=12.6202 ecn_mark=1752 drop=0
[QUEUE_STATS] t_ms=27425 q_pkts=25 q_bytes=37600 qdelay_l_ms=1.0897 qdelay_c_ms=13.3546 ecn_mark=1753 drop=0
[QUEUE_STATS] t_ms=27440 q_pkts=24 q_bytes=36096 qdelay_l_ms=1.07117 qdelay_c_ms=14.6293 ecn_mark=1758 drop=0
[QUEUE_STATS] t_ms=27456 q_pkts=24 q_bytes=36096 qdelay_l_ms=1.06115 qdelay_c_ms=14.1487 ecn_mark=1760 drop=0
[QUEUE_STATS] t_ms=27472 q_pkts=25 q_bytes=37600 qdelay_l_ms=1.11125 qdelay_c_ms=15.1433 ecn_mark=1760 drop=0
[QUEUE_STATS] t_ms=27488 q_pkts=26 q_bytes=39104 qdelay_l_ms=0.827155 qdelay_c_ms=14.7966 ecn_mark=1761 drop=0
[QUEUE_STATS] t_ms=27504 q_pkts=26 q_bytes=39104 qdelay_l_ms=1.10315 qdelay_c_ms=13.1733 ecn_mark=1761 drop=0
[QUEUE_STATS] t_ms=27520 q_pkts=26 q_bytes=39104 qdelay_l_ms=1.08413 qdelay_c_ms=15.8509 ecn_mark=1761 drop=0
[QUEUE_STATS] t_ms=27536 q_pkts=26 q_bytes=39104 qdelay_l_ms=1.07297 qdelay_c_ms=13.9702 ecn_mark=1762 drop=0
[QUEUE_STATS] t_ms=27552 q_pkts=25 q_bytes=37600 qdelay_l_ms=0.770288 qdelay_c_ms=14.99 ecn_mark=1762 drop=0
[QUEUE_STATS] t_ms=27568 q_pkts=27 q_bytes=40608 qdelay_l_ms=0.691389 qdelay_c_ms=14.8806 ecn_mark=1764 drop=0
[QUEUE_STATS] t_ms=27584 q_pkts=26 q_bytes=39104 qdelay_l_ms=1.07122 qdelay_c_ms=13.0609 ecn_mark=1764 drop=0
[QUEUE_STATS] t_ms=27600 q_pkts=25 q_bytes=37600 qdelay_l_ms=1.07295 qdelay_c_ms=15.9353 ecn_mark=1766 drop=0
[QUEUE_STATS] t_ms=27616 q_pkts=27 q_bytes=40608 qdelay_l_ms=1.07502 qdelay_c_ms=14.8259 ecn_mark=1768 drop=0
[QUEUE_STATS] t_ms=27632 q_pkts=27 q_bytes=40608 qdelay_l_ms=1.07822 qdelay_c_ms=13.0643 ecn_mark=1770 drop=0
[QUEUE_STATS] t_ms=27648 q_pkts=27 q_bytes=40608 qdelay_l_ms=1.09522 qdelay_c_ms=15.9869 ecn_mark=1771 drop=0
[QUEUE_STATS] t_ms=27664 q_pkts=29 q_bytes=43616 qdelay_l_ms=1.07746 qdelay_c_ms=15.9656 ecn_mark=1771 drop=0
[QUEUE_STATS] t_ms=27680 q_pkts=29 q_bytes=43616 qdelay_l_ms=0.949364 qdelay_c_ms=15.1613 ecn_mark=1771 drop=0
[QUEUE_STATS] t_ms=27696 q_pkts=27 q_bytes=40608 qdelay_l_ms=0.955226 qdelay_c_ms=16.8167 ecn_mark=1776 drop=0
[QUEUE_STATS] t_ms=27712 q_pkts=29 q_bytes=43616 qdelay_l_ms=0.946529 qdelay_c_ms=14.8736 ecn_mark=1777 drop=0
[QUEUE_STATS] t_ms=27728 q_pkts=28 q_bytes=42112 qdelay_l_ms=0.749278 qdelay_c_ms=15.8348 ecn_mark=1779 drop=0
[QUEUE_STATS] t_ms=27744 q_pkts=27 q_bytes=40608 qdelay_l_ms=0.969021 qdelay_c_ms=16.2597 ecn_mark=1779 drop=0
[QUEUE_STATS] t_ms=27760 q_pkts=28 q_bytes=42112 qdelay_l_ms=1.08764 qdelay_c_ms=15.1901 ecn_mark=1783 drop=0
[QUEUE_STATS] t_ms=27776 q_pkts=30 q_bytes=45120 qdelay_l_ms=1.08137 qdelay_c_ms=14.8605 ecn_mark=1783 drop=0
[QUEUE_STATS] t_ms=27792 q_pkts=28 q_bytes=42112 qdelay_l_ms=0.76081 qdelay_c_ms=16.9433 ecn_mark=1783 drop=0
[QUEUE_STATS] t_ms=27808 q_pkts=29 q_bytes=43616 qdelay_l_ms=1.07353 qdelay_c_ms=13.9806 ecn_mark=1784 drop=0
[QUEUE_STATS] t_ms=27824 q_pkts=28 q_bytes=42112 qdelay_l_ms=1.09745 qdelay_c_ms=17.1069 ecn_mark=1784 drop=0
[QUEUE_STATS] t_ms=27840 q_pkts=31 q_bytes=46624 qdelay_l_ms=1.07043 qdelay_c_ms=16.9751 ecn_mark=1786 drop=0
[QUEUE_STATS] t_ms=27856 q_pkts=29 q_bytes=43616 qdelay_l_ms=1.09736 qdelay_c_ms=15.1439 ecn_mark=1787 drop=0
[QUEUE_STATS] t_ms=27872 q_pkts=28 q_bytes=42112 qdelay_l_ms=1.0456 qdelay_c_ms=17.1956 ecn_mark=1789 drop=0
[QUEUE_STATS] t_ms=27888 q_pkts=31 q_bytes=46624 qdelay_l_ms=1.0672 qdelay_c_ms=16.6425 ecn_mark=1789 drop=0
[QUEUE_STATS] t_ms=27904 q_pkts=27 q_bytes=40608 qdelay_l_ms=1.06449 qdelay_c_ms=14.1793 ecn_mark=1789 drop=0
[QUEUE_STATS] t_ms=27920 q_pkts=27 q_bytes=40608 qdelay_l_ms=1.04045 qdelay_c_ms=17.6797 ecn_mark=1790 drop=0
[QUEUE_STATS] t_ms=27936 q_pkts=28 q_bytes=42112 qdelay_l_ms=0.76103 qdelay_c_ms=15.6868 ecn_mark=1790 drop=0
[QUEUE_STATS] t_ms=27952 q_pkts=28 q_bytes=42112 qdelay_l_ms=1.10398 qdelay_c_ms=14.9777 ecn_mark=1792 drop=0
[QUEUE_STATS] t_ms=27968 q_pkts=28 q_bytes=42112 qdelay_l_ms=1.07011 qdelay_c_ms=17.1655 ecn_mark=1795 drop=0
[QUEUE_STATS] t_ms=27984 q_pkts=30 q_bytes=45120 qdelay_l_ms=1.07528 qdelay_c_ms=14.0301 ecn_mark=1795 drop=0
[QUEUE_STATS] t_ms=28000 q_pkts=30 q_bytes=45120 qdelay_l_ms=1.11312 qdelay_c_ms=16.8456 ecn_mark=1798 drop=0
[QUEUE_STATS] t_ms=28016 q_pkts=27 q_bytes=40608 qdelay_l_ms=1.07049 qdelay_c_ms=17.0897 ecn_mark=1799 drop=0
[QUEUE_STATS] t_ms=28032 q_pkts=28 q_bytes=42112 qdelay_l_ms=1.09773 qdelay_c_ms=16.0344 ecn_mark=1799 drop=0
[QUEUE_STATS] t_ms=28048 q_pkts=30 q_bytes=45120 qdelay_l_ms=1.05179 qdelay_c_ms=16.9334 ecn_mark=1800 drop=0
[QUEUE_STATS] t_ms=28064 q_pkts=29 q_bytes=43616 qdelay_l_ms=1.09717 qdelay_c_ms=16.6529 ecn_mark=1800 drop=0
[QUEUE_STATS] t_ms=28080 q_pkts=29 q_bytes=43616 qdelay_l_ms=0.797629 qdelay_c_ms=15.8099 ecn_mark=1801 drop=0
[QUEUE_STATS] t_ms=28096 q_pkts=29 q_bytes=43616 qdelay_l_ms=1.05982 qdelay_c_ms=17.1135 ecn_mark=1802 drop=0
[QUEUE_STATS] t_ms=28112 q_pkts=31 q_bytes=46624 qdelay_l_ms=0.836442 qdelay_c_ms=14.741 ecn_mark=1804 drop=0
[QUEUE_STATS] t_ms=28128 q_pkts=28 q_bytes=42112 qdelay_l_ms=0.759448 qdelay_c_ms=16.7947 ecn_mark=1804 drop=0
[QUEUE_STATS] t_ms=28144 q_pkts=28 q_bytes=42112 qdelay_l_ms=1.08284 qdelay_c_ms=16.0849 ecn_mark=1807 drop=0
[QUEUE_STATS] t_ms=28160 q_pkts=31 q_bytes=46624 qdelay_l_ms=1.0735 qdelay_c_ms=15.0567 ecn_mark=1808 drop=0
[QUEUE_STATS] t_ms=28176 q_pkts=29 q_bytes=43616 qdelay_l_ms=1.07541 qdelay_c_ms=16.9796 ecn_mark=1808 drop=0
[QUEUE_STATS] t_ms=28192 q_pkts=28 q_bytes=42112 qdelay_l_ms=0.012965 qdelay_c_ms=17.4023 ecn_mark=1809 drop=0
[QUEUE_STATS] t_ms=28208 q_pkts=31 q_bytes=46624 qdelay_l_ms=1.06163 qdelay_c_ms=16.8103 ecn_mark=1810 drop=0
[QUEUE_STATS] t_ms=28225 q_pkts=30 q_bytes=45120 qdelay_l_ms=1.0766 qdelay_c_ms=17.3063 ecn_mark=1811 drop=0
[QUEUE_STATS] t_ms=28240 q_pkts=29 q_bytes=43616 qdelay_l_ms=0.818779 qdelay_c_ms=16.6682 ecn_mark=1812 drop=0
[QUEUE_STATS] t_ms=28256 q_pkts=31 q_bytes=46624 qdelay_l_ms=1.08544 qdelay_c_ms=17.0293 ecn_mark=1812 drop=0
[QUEUE_STATS] t_ms=28272 q_pkts=30 q_bytes=45120 qdelay_l_ms=0.745932 qdelay_c_ms=16.9203 ecn_mark=1813 drop=0
[QUEUE_STATS] t_ms=28288 q_pkts=32 q_bytes=48128 qdelay_l_ms=1.07089 qdelay_c_ms=16.7715 ecn_mark=1813 drop=0
[QUEUE_STATS] t_ms=28304 q_pkts=31 q_bytes=46624 qdelay_l_ms=0.954383 qdelay_c_ms=19.0934 ecn_mark=1815 drop=0
[QUEUE_STATS] t_ms=28320 q_pkts=33 q_bytes=49632 qdelay_l_ms=1.08408 qdelay_c_ms=16.9524 ecn_mark=1815 drop=0
[QUEUE_STATS] t_ms=28336 q_pkts=31 q_bytes=46624 qdelay_l_ms=1.10161 qdelay_c_ms=17.0706 ecn_mark=1818 drop=0
[QUEUE_STATS] t_ms=28352 q_pkts=33 q_bytes=49632 qdelay_l_ms=1.07062 qdelay_c_ms=19.9269 ecn_mark=1818 drop=0
[QUEUE_STATS] t_ms=28368 q_pkts=31 q_bytes=46624 qdelay_l_ms=1.07859 qdelay_c_ms=16.9853 ecn_mark=1822 drop=0
[QUEUE_STATS] t_ms=28384 q_pkts=31 q_bytes=46624 qdelay_l_ms=1.09994 qdelay_c_ms=16.9621 ecn_mark=1822 drop=0
[QUEUE_STATS] t_ms=28400 q_pkts=32 q_bytes=48128 qdelay_l_ms=1.07277 qdelay_c_ms=18.076 ecn_mark=1822 drop=0
[QUEUE_STATS] t_ms=28416 q_pkts=31 q_bytes=46624 qdelay_l_ms=1.06513 qdelay_c_ms=15.9312 ecn_mark=1823 drop=0
[QUEUE_STATS] t_ms=28432 q_pkts=31 q_bytes=46624 qdelay_l_ms=1.06484 qdelay_c_ms=18.2068 ecn_mark=1823 drop=0
[QUEUE_STATS] t_ms=28448 q_pkts=34 q_bytes=51136 qdelay_l_ms=1.06867 qdelay_c_ms=19.0068 ecn_mark=1825 drop=0
[QUEUE_STATS] t_ms=28464 q_pkts=32 q_bytes=48128 qdelay_l_ms=1.09922 qdelay_c_ms=15.8772 ecn_mark=1826 drop=0
[QUEUE_STATS] t_ms=28480 q_pkts=31 q_bytes=46624 qdelay_l_ms=0.947681 qdelay_c_ms=18.0652 ecn_mark=1826 drop=0
[QUEUE_STATS] t_ms=28496 q_pkts=34 q_bytes=51136 qdelay_l_ms=1.09629 qdelay_c_ms=17.8255 ecn_mark=1828 drop=0
[QUEUE_STATS] t_ms=28512 q_pkts=34 q_bytes=51136 qdelay_l_ms=0.745451 qdelay_c_ms=17.7539 ecn_mark=1828 drop=0
[QUEUE_STATS] t_ms=28528 q_pkts=33 q_bytes=49632 qdelay_l_ms=0.782 qdelay_c_ms=17.7814 ecn_mark=1828 drop=0
[QUEUE_STATS] t_ms=28544 q_pkts=34 q_bytes=51136 qdelay_l_ms=0.797328 qdelay_c_ms=16.8168 ecn_mark=1829 drop=0
[QUEUE_STATS] t_ms=28560 q_pkts=32 q_bytes=48128 qdelay_l_ms=1.08832 qdelay_c_ms=19.0494 ecn_mark=1829 drop=0
[QUEUE_STATS] t_ms=28576 q_pkts=34 q_bytes=51136 qdelay_l_ms=0.945778 qdelay_c_ms=20.0557 ecn_mark=1830 drop=0
[QUEUE_STATS] t_ms=28592 q_pkts=33 q_bytes=49632 qdelay_l_ms=1.066 qdelay_c_ms=16.8865 ecn_mark=1831 drop=0
[QUEUE_STATS] t_ms=28608 q_pkts=31 q_bytes=46624 qdelay_l_ms=0.842393 qdelay_c_ms=18.8763 ecn_mark=1831 drop=0
[QUEUE_STATS] t_ms=28624 q_pkts=35 q_bytes=52640 qdelay_l_ms=0.836532 qdelay_c_ms=19.066 ecn_mark=1833 drop=0
[QUEUE_STATS] t_ms=28640 q_pkts=35 q_bytes=52640 qdelay_l_ms=1.05894 qdelay_c_ms=19.1181 ecn_mark=1833 drop=0
[QUEUE_STATS] t_ms=28656 q_pkts=33 q_bytes=49632 qdelay_l_ms=1.05955 qdelay_c_ms=21.3252 ecn_mark=1834 drop=0
[QUEUE_STATS] t_ms=28672 q_pkts=35 q_bytes=52640 qdelay_l_ms=1.07613 qdelay_c_ms=17.7735 ecn_mark=1835 drop=0
[QUEUE_STATS] t_ms=28688 q_pkts=34 q_bytes=51136 qdelay_l_ms=1.07766 qdelay_c_ms=19.078 ecn_mark=1835 drop=0
[QUEUE_STATS] t_ms=28704 q_pkts=34 q_bytes=51136 qdelay_l_ms=1.09892 qdelay_c_ms=20.0039 ecn_mark=1836 drop=0
[QUEUE_STATS] t_ms=28720 q_pkts=34 q_bytes=51136 qdelay_l_ms=1.08344 qdelay_c_ms=17.1405 ecn_mark=1837 drop=0
[QUEUE_STATS] t_ms=28736 q_pkts=33 q_bytes=49632 qdelay_l_ms=1.07147 qdelay_c_ms=20.337 ecn_mark=1837 drop=0
[QUEUE_STATS] t_ms=28752 q_pkts=36 q_bytes=54144 qdelay_l_ms=0.761671 qdelay_c_ms=18.6961 ecn_mark=1839 drop=0
[QUEUE_STATS] t_ms=28768 q_pkts=34 q_bytes=51136 qdelay_l_ms=1.09528 qdelay_c_ms=16.8587 ecn_mark=1839 drop=0
[QUEUE_STATS] t_ms=28784 q_pkts=35 q_bytes=52640 qdelay_l_ms=1.07583 qdelay_c_ms=21.068 ecn_mark=1841 drop=0
[QUEUE_STATS] t_ms=28800 q_pkts=34 q_bytes=51136 qdelay_l_ms=1.06434 qdelay_c_ms=19.1973 ecn_mark=1841 drop=0
[QUEUE_STATS] t_ms=28816 q_pkts=34 q_bytes=51136 qdelay_l_ms=1.08793 qdelay_c_ms=18.0793 ecn_mark=1841 drop=0
[QUEUE_STATS] t_ms=28832 q_pkts=35 q_bytes=52640 qdelay_l_ms=0.831372 qdelay_c_ms=20.8413 ecn_mark=1841 drop=0
[QUEUE_STATS] t_ms=28848 q_pkts=36 q_bytes=54144 qdelay_l_ms=1.06031 qdelay_c_ms=19.1766 ecn_mark=1841 drop=0
[QUEUE_STATS] t_ms=28864 q_pkts=36 q_bytes=54144 qdelay_l_ms=1.08866 qdelay_c_ms=20.155 ecn_mark=1841 drop=0
[QUEUE_STATS] t_ms=28880 q_pkts=38 q_bytes=57152 qdelay_l_ms=1.09908 qdelay_c_ms=23.0091 ecn_mark=1842 drop=0
[QUEUE_STATS] t_ms=28896 q_pkts=37 q_bytes=55648 qdelay_l_ms=1.07405 qdelay_c_ms=19.0238 ecn_mark=1843 drop=0
[QUEUE_STATS] t_ms=28912 q_pkts=38 q_bytes=57152 qdelay_l_ms=1.09232 qdelay_c_ms=23.154 ecn_mark=1846 drop=0
[QUEUE_STATS] t_ms=28928 q_pkts=37 q_bytes=55648 qdelay_l_ms=0.93636 qdelay_c_ms=24.1421 ecn_mark=1846 drop=0
[QUEUE_STATS] t_ms=28944 q_pkts=38 q_bytes=57152 qdelay_l_ms=1.06658 qdelay_c_ms=21.0765 ecn_mark=1848 drop=0
[QUEUE_STATS] t_ms=28960 q_pkts=36 q_bytes=54144 qdelay_l_ms=1.05181 qdelay_c_ms=23.7997 ecn_mark=1849 drop=0
[QUEUE_STATS] t_ms=28976 q_pkts=40 q_bytes=60160 qdelay_l_ms=1.07575 qdelay_c_ms=22.7021 ecn_mark=1851 drop=0
[QUEUE_STATS] t_ms=28992 q_pkts=38 q_bytes=57152 qdelay_l_ms=0.801066 qdelay_c_ms=20.0641 ecn_mark=1852 drop=0
[QUEUE_STATS] t_ms=29008 q_pkts=38 q_bytes=57152 qdelay_l_ms=1.06583 qdelay_c_ms=23.0413 ecn_mark=1853 drop=0
[QUEUE_STATS] t_ms=29024 q_pkts=31 q_bytes=46624 qdelay_l_ms=0.769747 qdelay_c_ms=18.9471 ecn_mark=1854 drop=0
[QUEUE_STATS] t_ms=29040 q_pkts=25 q_bytes=37600 qdelay_l_ms=1.10063 qdelay_c_ms=20.0597 ecn_mark=1857 drop=0
[QUEUE_STATS] t_ms=29056 q_pkts=18 q_bytes=27072 qdelay_l_ms=0.802668 qdelay_c_ms=14.5177 ecn_mark=1860 drop=0
[QUEUE_STATS] t_ms=29072 q_pkts=5 q_bytes=7520 qdelay_l_ms=1.07684 qdelay_c_ms=2.1764 ecn_mark=1860 drop=0
[QUEUE_STATS] t_ms=29088 q_pkts=5 q_bytes=7520 qdelay_l_ms=1.10295 qdelay_c_ms=1.09565 ecn_mark=1861 drop=0
[QUEUE_STATS] t_ms=29104 q_pkts=9 q_bytes=13536 qdelay_l_ms=1.07994 qdelay_c_ms=3.26713 ecn_mark=1861 drop=0
[QUEUE_STATS] t_ms=29120 q_pkts=8 q_bytes=12032 qdelay_l_ms=1.07719 qdelay_c_ms=2.92428 ecn_mark=1862 drop=0
[QUEUE_STATS] t_ms=29136 q_pkts=9 q_bytes=13536 qdelay_l_ms=1.11106 qdelay_c_ms=4.04923 ecn_mark=1862 drop=0
[QUEUE_STATS] t_ms=29152 q_pkts=10 q_bytes=15040 qdelay_l_ms=0.763836 qdelay_c_ms=2.98546 ecn_mark=1866 drop=0
[QUEUE_STATS] t_ms=29168 q_pkts=11 q_bytes=16544 qdelay_l_ms=1.1099 qdelay_c_ms=6.27978 ecn_mark=1866 drop=0
[QUEUE_STATS] t_ms=29184 q_pkts=10 q_bytes=15040 qdelay_l_ms=1.1082 qdelay_c_ms=5.01238 ecn_mark=1866 drop=0
[QUEUE_STATS] t_ms=29200 q_pkts=11 q_bytes=16544 qdelay_l_ms=1.09023 qdelay_c_ms=4.03022 ecn_mark=1867 drop=0
[QUEUE_STATS] t_ms=29216 q_pkts=12 q_bytes=18048 qdelay_l_ms=1.09287 qdelay_c_ms=6.20874 ecn_mark=1870 drop=0
[QUEUE_STATS] t_ms=29232 q_pkts=12 q_bytes=18048 qdelay_l_ms=0.736544 qdelay_c_ms=4.97308 ecn_mark=1870 drop=0
[QUEUE_STATS] t_ms=29248 q_pkts=12 q_bytes=18048 qdelay_l_ms=1.08198 qdelay_c_ms=6.23408 ecn_mark=1870 drop=0
[QUEUE_STATS] t_ms=29264 q_pkts=13 q_bytes=19552 qdelay_l_ms=1.08574 qdelay_c_ms=6.0565 ecn_mark=1871 drop=0
[QUEUE_STATS] t_ms=29280 q_pkts=14 q_bytes=21056 qdelay_l_ms=1.10142 qdelay_c_ms=5.11121 ecn_mark=1871 drop=0
[QUEUE_STATS] t_ms=29296 q_pkts=13 q_bytes=19552 qdelay_l_ms=0.78753 qdelay_c_ms=6.67894 ecn_mark=1871 drop=0
[QUEUE_STATS] t_ms=29312 q_pkts=14 q_bytes=21056 qdelay_l_ms=0.826704 qdelay_c_ms=6.73937 ecn_mark=1871 drop=0
[QUEUE_STATS] t_ms=29328 q_pkts=13 q_bytes=19552 qdelay_l_ms=1.08757 qdelay_c_ms=5.11267 ecn_mark=1871 drop=0
[QUEUE_STATS] t_ms=29345 q_pkts=12 q_bytes=18048 qdelay_l_ms=1.09461 qdelay_c_ms=8.39693 ecn_mark=1872 drop=0
[QUEUE_STATS] t_ms=29360 q_pkts=15 q_bytes=22560 qdelay_l_ms=1.07156 qdelay_c_ms=8.06819 ecn_mark=1873 drop=0
[QUEUE_STATS] t_ms=29376 q_pkts=15 q_bytes=22560 qdelay_l_ms=1.09703 qdelay_c_ms=7.74493 ecn_mark=1874 drop=0
[QUEUE_STATS] t_ms=29392 q_pkts=14 q_bytes=21056 qdelay_l_ms=1.05437 qdelay_c_ms=8.35637 ecn_mark=1874 drop=0
[QUEUE_STATS] t_ms=29408 q_pkts=17 q_bytes=25568 qdelay_l_ms=1.09572 qdelay_c_ms=8.0818 ecn_mark=1875 drop=0
[QUEUE_STATS] t_ms=29424 q_pkts=15 q_bytes=22560 qdelay_l_ms=1.1019 qdelay_c_ms=8.89601 ecn_mark=1876 drop=0
[QUEUE_STATS] t_ms=29440 q_pkts=15 q_bytes=22560 qdelay_l_ms=1.09137 qdelay_c_ms=8.94707 ecn_mark=1876 drop=0
[QUEUE_STATS] t_ms=29456 q_pkts=19 q_bytes=28576 qdelay_l_ms=1.083 qdelay_c_ms=7.10187 ecn_mark=1877 drop=0
[QUEUE_STATS] t_ms=29472 q_pkts=18 q_bytes=27072 qdelay_l_ms=1.08779 qdelay_c_ms=8.80005 ecn_mark=1879 drop=0
[QUEUE_STATS] t_ms=29488 q_pkts=18 q_bytes=27072 qdelay_l_ms=0.748196 qdelay_c_ms=9.95248 ecn_mark=1881 drop=0
[QUEUE_STATS] t_ms=29504 q_pkts=16 q_bytes=24064 qdelay_l_ms=1.08906 qdelay_c_ms=8.05467 ecn_mark=1883 drop=0
[QUEUE_STATS] t_ms=29521 q_pkts=17 q_bytes=25568 qdelay_l_ms=1.08776 qdelay_c_ms=11.1839 ecn_mark=1884 drop=0
[QUEUE_STATS] t_ms=29536 q_pkts=17 q_bytes=25568 qdelay_l_ms=1.0812 qdelay_c_ms=10.0867 ecn_mark=1887 drop=0
[QUEUE_STATS] t_ms=29552 q_pkts=18 q_bytes=27072 qdelay_l_ms=1.08437 qdelay_c_ms=9.9075 ecn_mark=1887 drop=0
[QUEUE_STATS] t_ms=29568 q_pkts=18 q_bytes=27072 qdelay_l_ms=1.07768 qdelay_c_ms=11.891 ecn_mark=1888 drop=0
[QUEUE_STATS] t_ms=29584 q_pkts=18 q_bytes=27072 qdelay_l_ms=0.790566 qdelay_c_ms=7.64552 ecn_mark=1888 drop=0
[QUEUE_STATS] t_ms=29600 q_pkts=20 q_bytes=30080 qdelay_l_ms=1.09445 qdelay_c_ms=12.0883 ecn_mark=1890 drop=0
[QUEUE_STATS] t_ms=29616 q_pkts=18 q_bytes=27072 qdelay_l_ms=1.07113 qdelay_c_ms=11.1496 ecn_mark=1890 drop=0
[QUEUE_STATS] t_ms=29632 q_pkts=20 q_bytes=30080 qdelay_l_ms=0.774586 qdelay_c_ms=9.98172 ecn_mark=1890 drop=0
[QUEUE_STATS] t_ms=29648 q_pkts=22 q_bytes=33088 qdelay_l_ms=1.08129 qdelay_c_ms=12.2758 ecn_mark=1891 drop=0
[QUEUE_STATS] t_ms=29664 q_pkts=18 q_bytes=27072 qdelay_l_ms=0.011942 qdelay_c_ms=10.0963 ecn_mark=1891 drop=0
[QUEUE_STATS] t_ms=29680 q_pkts=21 q_bytes=31584 qdelay_l_ms=0.950286 qdelay_c_ms=10.9007 ecn_mark=1892 drop=0
[QUEUE_STATS] t_ms=29696 q_pkts=21 q_bytes=31584 qdelay_l_ms=0.732136 qdelay_c_ms=12.8632 ecn_mark=1895 drop=0
[QUEUE_STATS] t_ms=29712 q_pkts=21 q_bytes=31584 qdelay_l_ms=1.08161 qdelay_c_ms=11.1438 ecn_mark=1896 drop=0
[QUEUE_STATS] t_ms=29728 q_pkts=22 q_bytes=33088 qdelay_l_ms=0.783873 qdelay_c_ms=11.8711 ecn_mark=1897 drop=0
[QUEUE_STATS] t_ms=29744 q_pkts=23 q_bytes=34592 qdelay_l_ms=1.07217 qdelay_c_ms=13.0215 ecn_mark=1897 drop=0
[QUEUE_STATS] t_ms=29760 q_pkts=22 q_bytes=33088 qdelay_l_ms=0.757053 qdelay_c_ms=10.771 ecn_mark=1897 drop=0
[QUEUE_STATS] t_ms=29776 q_pkts=24 q_bytes=36096 qdelay_l_ms=1.09714 qdelay_c_ms=12.8386 ecn_mark=1898 drop=0
[QUEUE_STATS] t_ms=29792 q_pkts=24 q_bytes=36096 qdelay_l_ms=0.73445 qdelay_c_ms=13.6928 ecn_mark=1898 drop=0
[QUEUE_STATS] t_ms=29808 q_pkts=23 q_bytes=34592 qdelay_l_ms=0.740963 qdelay_c_ms=10.8023 ecn_mark=1899 drop=0
[QUEUE_STATS] t_ms=29824 q_pkts=23 q_bytes=34592 qdelay_l_ms=1.08631 qdelay_c_ms=12.2259 ecn_mark=1899 drop=0
[QUEUE_STATS] t_ms=29840 q_pkts=24 q_bytes=36096 qdelay_l_ms=1.10133 qdelay_c_ms=14.1047 ecn_mark=1900 drop=0
[QUEUE_STATS] t_ms=29856 q_pkts=24 q_bytes=36096 qdelay_l_ms=1.10083 qdelay_c_ms=13.2137 ecn_mark=1901 drop=0
[QUEUE_STATS] t_ms=29872 q_pkts=25 q_bytes=37600 qdelay_l_ms=0.953662 qdelay_c_ms=14.1996 ecn_mark=1901 drop=0
[QUEUE_STATS] t_ms=29888 q_pkts=27 q_bytes=40608 qdelay_l_ms=1.09274 qdelay_c_ms=14.1011 ecn_mark=1901 drop=0
[QUEUE_STATS] t_ms=29904 q_pkts=24 q_bytes=36096 qdelay_l_ms=1.09476 qdelay_c_ms=14.8127 ecn_mark=1902 drop=0
[QUEUE_STATS] t_ms=29920 q_pkts=26 q_bytes=39104 qdelay_l_ms=0.744349 qdelay_c_ms=14.8552 ecn_mark=1905 drop=0
[QUEUE_STATS] t_ms=29936 q_pkts=27 q_bytes=40608 qdelay_l_ms=1.09292 qdelay_c_ms=13.1769 ecn_mark=1905 drop=0
[QUEUE_STATS] t_ms=29952 q_pkts=26 q_bytes=39104 qdelay_l_ms=1.11464 qdelay_c_ms=14.9801 ecn_mark=1905 drop=0
[QUEUE_STATS] t_ms=29968 q_pkts=25 q_bytes=37600 qdelay_l_ms=1.09688 qdelay_c_ms=15.2403 ecn_mark=1907 drop=0
[QUEUE_STATS] t_ms=29984 q_pkts=27 q_bytes=40608 qdelay_l_ms=1.06157 qdelay_c_ms=14.1026 ecn_mark=1907 drop=0
[QUEUE_STATS] t_ms=30000 q_pkts=25 q_bytes=37600 qdelay_l_ms=1.06735 qdelay_c_ms=16.3922 ecn_mark=1908 drop=0
[QUEUE_STATS] t_ms=30016 q_pkts=27 q_bytes=40608 qdelay_l_ms=1.0986 qdelay_c_ms=15.0769 ecn_mark=1908 drop=0
[QUEUE_STATS] t_ms=30032 q_pkts=30 q_bytes=45120 qdelay_l_ms=1.08714 qdelay_c_ms=15.8765 ecn_mark=1908 drop=0
[QUEUE_STATS] t_ms=30048 q_pkts=27 q_bytes=40608 qdelay_l_ms=1.08662 qdelay_c_ms=17.1707 ecn_mark=1908 drop=0
[QUEUE_STATS] t_ms=30064 q_pkts=29 q_bytes=43616 qdelay_l_ms=1.10556 qdelay_c_ms=17.5298 ecn_mark=1908 drop=0
[QUEUE_STATS] t_ms=30080 q_pkts=31 q_bytes=46624 qdelay_l_ms=1.09099 qdelay_c_ms=17.6974 ecn_mark=1909 drop=0
[QUEUE_STATS] t_ms=30096 q_pkts=29 q_bytes=43616 qdelay_l_ms=0.711387 qdelay_c_ms=16.8641 ecn_mark=1909 drop=0
[QUEUE_STATS] t_ms=30112 q_pkts=30 q_bytes=45120 qdelay_l_ms=1.07852 qdelay_c_ms=18.904 ecn_mark=1909 drop=0
[QUEUE_STATS] t_ms=30128 q_pkts=31 q_bytes=46624 qdelay_l_ms=1.09092 qdelay_c_ms=18.2383 ecn_mark=1909 drop=0
[QUEUE_STATS] t_ms=30144 q_pkts=30 q_bytes=45120 qdelay_l_ms=1.09242 qdelay_c_ms=19.2306 ecn_mark=1910 drop=0
[QUEUE_STATS] t_ms=30160 q_pkts=31 q_bytes=46624 qdelay_l_ms=1.07631 qdelay_c_ms=19.1943 ecn_mark=1911 drop=0
[QUEUE_STATS] t_ms=30176 q_pkts=32 q_bytes=48128 qdel