[QUEUE_STATS] t_ms=33 q_pkts=0 q_bytes=0 qdelay_l_ms=0 qdelay_c_ms=0 ecn_mark=0 drop=0
[QUEUE_STATS] t_ms=94 q_pkts=0 q_bytes=0 qdelay_l_ms=0 qdelay_c_ms=0 ecn_mark=0 drop=0
[QUEUE_STATS] t_ms=137 q_pkts=0 q_bytes=0 qdelay_l_ms=0 qdelay_c_ms=0 ecn_mark=0 drop=0
[QUEUE_STATS] t_ms=156 q_pkts=0 q_bytes=0 qdelay_l_ms=0 qdelay_c_ms=0 ecn_mark=0 drop=0
[QUEUE_STATS] t_ms=180 q_pkts=0 q_bytes=0 qdelay_l_ms=0 qdelay_c_ms=0 ecn_mark=0 drop=0
[QUEUE_STATS] t_ms=223 q_pkts=0 q_bytes=0 qdelay_l_ms=0 qdelay_c_ms=0 ecn_mark=0 drop=0
[QUEUE_STATS] t_ms=224 q_pkts=4 q_bytes=264 qdelay_l_ms=1.12162 qdelay_c_ms=0 ecn_mark=0 drop=0
[QUEUE_STATS] t_ms=265 q_pkts=0 q_bytes=0 qdelay_l_ms=0 qdelay_c_ms=0 ecn_mark=0 drop=0
[QUEUE_STATS] t_ms=308 q_pkts=0 q_bytes=0 qdelay_l_ms=0 qdelay_c_ms=0 ecn_mark=0 drop=0
[QUEUE_STATS] t_ms=350 q_pkts=0 q_bytes=0 qdelay_l_ms=0 qdelay_c_ms=0 ecn_mark=0 drop=0
[QUEUE_STATS] t_ms=353 q_pkts=1 q_bytes=1504 qdelay_l_ms=1.05652 qdelay_c_ms=0 ecn_mark=0 drop=0
[QUEUE_STATS] t_ms=368 q_pkts=1 q_bytes=1504 qdelay_l_ms=1.07107 qdelay_c_ms=0 ecn_mark=0 drop=0
[QUEUE_STATS] t_ms=393 q_pkts=0 q_bytes=0 qdelay_l_ms=0 qdelay_c_ms=0 ecn_mark=0 drop=0
[QUEUE_STATS] t_ms=400 q_pkts=11 q_bytes=16544 qdelay_l_ms=0 qdelay_c_ms=2.59899 ecn_mark=0 drop=0
[QUEUE_STATS] t_ms=416 q_pkts=2 q_bytes=3008 qdelay_l_ms=1.08652 qdelay_c_ms=0 ecn_mark=0 drop=0
[QUEUE_STATS] t_ms=435 q_pkts=0 q_bytes=0 qdelay_l_ms=0 qdelay_c_ms=0 ecn_mark=0 drop=0
[QUEUE_STATS] t_ms=448 q_pkts=46 q_bytes=69184 qdelay_l_ms=1.06824 qdelay_c_ms=8.58613 ecn_mark=0 drop=0
[QUEUE_STATS] t_ms=464 q_pkts=45 q_bytes=67680 qdelay_l_ms=0 qdelay_c_ms=22.892 ecn_mark=0 drop=0
[QUEUE_STATS] t_ms=480 q_pkts=6 q_bytes=9024 qdelay_l_ms=1.01219 qdelay_c_ms=1.0049 ecn_mark=0 drop=0
[QUEUE_STATS] t_ms=496 q_pkts=63 q_bytes=94752 qdelay_l_ms=3.24769 qdelay_c_ms=14.9572 ecn_mark=0 drop=0
[QUEUE_STATS] t_ms=512 q_pkts=140 q_bytes=210560 qdelay_l_ms=10.4712 qdelay_c_ms=30.437 ecn_mark=1 drop=0
[QUEUE_STATS] t_ms=528 q_pkts=158 q_bytes=237632 qdelay_l_ms=4.96515 qdelay_c_ms=45.4338 ecn_mark=29 drop=0
[QUEUE_STATS] t_ms=544 q_pkts=218 q_bytes=327872 qdelay_l_ms=14.6399 qdelay_c_ms=59.6602 ecn_mark=51 drop=0
[QUEUE_STATS] t_ms=560 q_pkts=231 q_bytes=347424 qdelay_l_ms=21.2507 qdelay_c_ms=73.1716 ecn_mark=111 drop=0
[QUEUE_STATS] t_ms=576 q_pkts=187 q_bytes=281248 qdelay_l_ms=30.7291 qdelay_c_ms=86.4646 ecn_mark=171 drop=0
[QUEUE_STATS] t_ms=592 q_pkts=127 q_bytes=191008 qdelay_l_ms=26.2144 qdelay_c_ms=100.479 ecn_mark=231 drop=0
[QUEUE_STATS] t_ms=608 q_pkts=95 q_bytes=142880 qdelay_l_ms=1.02685 qdelay_c_ms=101.495 ecn_mark=235 drop=0
[QUEUE_STATS] t_ms=624 q_pkts=70 q_bytes=105280 qdelay_l_ms=1.02961 qdelay_c_ms=112.754 ecn_mark=235 drop=0
[QUEUE_STATS] t_ms=640 q_pkts=58 q_bytes=87232 qdelay_l_ms=1.06305 qdelay_c_ms=85.2517 ecn_mark=235 drop=0
[QUEUE_STATS] t_ms=656 q_pkts=44 q_bytes=66176 qdelay_l_ms=1.07338 qdelay_c_ms=20.0903 ecn_mark=235 drop=0
[QUEUE_STATS] t_ms=672 q_pkts=44 q_bytes=66176 qdelay_l_ms=1.05058 qdelay_c_ms=19.9426 ecn_mark=235 drop=0
[QUEUE_STATS] t_ms=688 q_pkts=45 q_bytes=67680 qdelay_l_ms=1.04751 qdelay_c_ms=19.3217 ecn_mark=235 drop=0
[QUEUE_STATS] t_ms=704 q_pkts=53 q_bytes=79712 qdelay_l_ms=0.519567 qdelay_c_ms=17.6569 ecn_mark=235 drop=0
[QUEUE_STATS] t_ms=720 q_pkts=53 q_bytes=79712 qdelay_l_ms=1.08627 qdelay_c_ms=22.4279 ecn_mark=235 drop=0
[QUEUE_STATS] t_ms=736 q_pkts=56 q_bytes=84224 qdelay_l_ms=1.10427 qdelay_c_ms=22.1421 ecn_mark=235 drop=0
[QUEUE_STATS] t_ms=752 q_pkts=58 q_bytes=87232 qdelay_l_ms=1.02696 qdelay_c_ms=21.7393 ecn_mark=235 drop=0
[QUEUE_STATS] t_ms=768 q_pkts=60 q_bytes=88816 qdelay_l_ms=0.98419 qdelay_c_ms=24.2596 ecn_mark=235 drop=0
[QUEUE_STATS] t_ms=784 q_pkts=62 q_bytes=93248 qdelay_l_ms=1.07235 qdelay_c_ms=24.6187 ecn_mark=235 drop=0
[QUEUE_STATS] t_ms=800 q_pkts=64 q_bytes=96256 qdelay_l_ms=0.993387 qdelay_c_ms=24.583 ecn_mark=235 drop=0
[QUEUE_STATS] t_ms=816 q_pkts=64 q_bytes=96256 qdelay_l_ms=1.08175 qdelay_c_ms=27.078 ecn_mark=235 drop=0
[QUEUE_STATS] t_ms=832 q_pkts=68 q_bytes=102272 qdelay_l_ms=1.09421 qdelay_c_ms=27.1855 ecn_mark=235 drop=0
[QUEUE_STATS] t_ms=848 q_pkts=71 q_bytes=106784 qdelay_l_ms=0.992174 qdelay_c_ms=26.9395 ecn_mark=235 drop=0
[QUEUE_STATS] t_ms=864 q_pkts=72 q_bytes=108288 qdelay_l_ms=1.08095 qdelay_c_ms=29.3737 ecn_mark=235 drop=0
[QUEUE_STATS] t_ms=880 q_pkts=75 q_bytes=112800 qdelay_l_ms=0.982196 qdelay_c_ms=32.1452 ecn_mark=235 drop=0
[QUEUE_STATS] t_ms=896 q_pkts=79 q_bytes=118816 qdelay_l_ms=0.950146 qdelay_c_ms=31.3724 ecn_mark=235 drop=0
[QUEUE_STATS] t_ms=912 q_pkts=80 q_bytes=120320 qdelay_l_ms=0.997254 qdelay_c_ms=32.7684 ecn_mark=235 drop=0
[QUEUE_STATS] t_ms=928 q_pkts=81 q_bytes=121824 qdelay_l_ms=1.06616 qdelay_c_ms=34.3649 ecn_mark=236 drop=0
[QUEUE_STATS] t_ms=944 q_pkts=84 q_bytes=126336 qdelay_l_ms=1.06617 qdelay_c_ms=35.6285 ecn_mark=236 drop=0
[QUEUE_STATS] t_ms=960 q_pkts=80 q_bytes=120320 qdelay_l_ms=0 qdelay_c_ms=34.9144 ecn_mark=236 drop=0
[QUEUE_STATS] t_ms=976 q_pkts=64 q_bytes=96256 qdelay_l_ms=0.904279 qdelay_c_ms=25.8632 ecn_mark=236 drop=0
[QUEUE_STATS] t_ms=992 q_pkts=58 q_bytes=87232 qdelay_l_ms=1.09263 qdelay_c_ms=23.7871 ecn_mark=236 drop=0
[QUEUE_STATS] t_ms=1008 q_pkts=63 q_bytes=94752 qdelay_l_ms=0.847232 qdelay_c_ms=21.6949 ecn_mark=236 drop=0
[QUEUE_STATS] t_ms=1024 q_pkts=71 q_bytes=106784 qdelay_l_ms=1.06686 qdelay_c_ms=20.6835 ecn_mark=236 drop=0
[QUEUE_STATS] t_ms=1040 q_pkts=75 q_bytes=112800 qdelay_l_ms=1.07241 qdelay_c_ms=26.1251 ecn_mark=236 drop=0
[QUEUE_STATS] t_ms=1056 q_pkts=74 q_bytes=111296 qdelay_l_ms=1.0653 qdelay_c_ms=27.0235 ecn_mark=236 drop=0
[QUEUE_STATS] t_ms=1072 q_pkts=76 q_bytes=114304 qdelay_l_ms=0.356039 qdelay_c_ms=25.8298 ecn_mark=236 drop=0
[QUEUE_STATS] t_ms=1088 q_pkts=81 q_bytes=121824 qdelay_l_ms=1.04886 qdelay_c_ms=28.2614 ecn_mark=236 drop=0
[QUEUE_STATS] t_ms=1104 q_pkts=84 q_bytes=126336 qdelay_l_ms=1.07281 qdelay_c_ms=28.9416 ecn_mark=236 drop=0
[QUEUE_STATS] t_ms=1120 q_pkts=87 q_bytes=130848 qdelay_l_ms=1.037 qdelay_c_ms=28.8277 ecn_mark=236 drop=0
[QUEUE_STATS] t_ms=1136 q_pkts=89 q_bytes=133856 qdelay_l_ms=1.07935 qdelay_c_ms=31.3998 ecn_mark=236 drop=0
[QUEUE_STATS] t_ms=1152 q_pkts=91 q_bytes=136864 qdelay_l_ms=0.95798 qdelay_c_ms=32.8967 ecn_mark=236 drop=0
[QUEUE_STATS] t_ms=1168 q_pkts=93 q_bytes=139872 qdelay_l_ms=1.06482 qdelay_c_ms=32.514 ecn_mark=236 drop=0
[QUEUE_STATS] t_ms=1184 q_pkts=95 q_bytes=142880 qdelay_l_ms=1.06297 qdelay_c_ms=33.1151 ecn_mark=236 drop=0
[QUEUE_STATS] t_ms=1200 q_pkts=99 q_bytes=148896 qdelay_l_ms=0.959012 qdelay_c_ms=34.8827 ecn_mark=236 drop=0
[QUEUE_STATS] t_ms=1216 q_pkts=102 q_bytes=153408 qdelay_l_ms=0.73416 qdelay_c_ms=34.8001 ecn_mark=236 drop=0
[QUEUE_STATS] t_ms=1232 q_pkts=105 q_bytes=157920 qdelay_l_ms=1.08884 qdelay_c_ms=36.2992 ecn_mark=236 drop=0
[QUEUE_STATS] t_ms=1248 q_pkts=106 q_bytes=159424 qdelay_l_ms=1.07207 qdelay_c_ms=37.7883 ecn_mark=236 drop=0
[QUEUE_STATS] t_ms=1264 q_pkts=108 q_bytes=162432 qdelay_l_ms=0.68114 qdelay_c_ms=37.7504 ecn_mark=236 drop=0
[QUEUE_STATS] t_ms=1280 q_pkts=111 q_bytes=166944 qdelay_l_ms=1.07514 qdelay_c_ms=38.9886 ecn_mark=236 drop=0
[QUEUE_STATS] t_ms=1296 q_pkts=113 q_bytes=169952 qdelay_l_ms=1.06213 qdelay_c_ms=40.9695 ecn_mark=236 drop=0
[QUEUE_STATS] t_ms=1312 q_pkts=117 q_bytes=175968 qdelay_l_ms=0.747125 qdelay_c_ms=40.8478 ecn_mark=237 drop=0
[QUEUE_STATS] t_ms=1328 q_pkts=118 q_bytes=177472 qdelay_l_ms=1.07255 qdelay_c_ms=43.7558 ecn_mark=237 drop=0
[QUEUE_STATS] t_ms=1344 q_pkts=116 q_bytes=174464 qdelay_l_ms=0.679277 qdelay_c_ms=41.752 ecn_mark=237 drop=0
[QUEUE_STATS] t_ms=1360 q_pkts=114 q_bytes=171456 qdelay_l_ms=0.952831 qdelay_c_ms=41.0662 ecn_mark=237 drop=0
[QUEUE_STATS] t_ms=1376 q_pkts=110 q_bytes=165440 qdelay_l_ms=0.948372 qdelay_c_ms=39.5796 ecn_mark=237 drop=0
[QUEUE_STATS] t_ms=1392 q_pkts=120 q_bytes=180480 qdelay_l_ms=0 qdelay_c_ms=39.8949 ecn_mark=237 drop=0
[QUEUE_STATS] t_ms=1408 q_pkts=120 q_bytes=180480 qdelay_l_ms=1.09684 qdelay_c_ms=39.9278 ecn_mark=237 drop=0
[QUEUE_STATS] t_ms=1424 q_pkts=123 q_bytes=184992 qdelay_l_ms=0.684416 qdelay_c_ms=39.4672 ecn_mark=237 drop=0
[QUEUE_STATS] t_ms=1440 q_pkts=127 q_bytes=191008 qdelay_l_ms=1.08827 qdelay_c_ms=41.9845 ecn_mark=237 drop=0
[QUEUE_STATS] t_ms=1456 q_pkts=128 q_bytes=192512 qdelay_l_ms=0.885264 qdelay_c_ms=43.7592 ecn_mark=237 drop=0
[QUEUE_STATS] t_ms=1472 q_pkts=131 q_bytes=197024 qdelay_l_ms=1.06018 qdelay_c_ms=44.3591 ecn_mark=237 drop=0
[QUEUE_STATS] t_ms=1488 q_pkts=134 q_bytes=201536 qdelay_l_ms=1.06556 qdelay_c_ms=47.2471 ecn_mark=237 drop=0
[QUEUE_STATS] t_ms=1504 q_pkts=136 q_bytes=204544 qdelay_l_ms=0.828597 qdelay_c_ms=45.5962 ecn_mark=237 drop=0
[QUEUE_STATS] t_ms=1520 q_pkts=140 q_bytes=210560 qdelay_l_ms=1.04714 qdelay_c_ms=47.6839 ecn_mark=237 drop=0
[QUEUE_STATS] t_ms=1536 q_pkts=144 q_bytes=216576 qdelay_l_ms=1.11015 qdelay_c_ms=48.8114 ecn_mark=237 drop=0
[QUEUE_STATS] t_ms=1552 q_pkts=143 q_bytes=215072 qdelay_l_ms=1.06534 qdelay_c_ms=50.1911 ecn_mark=237 drop=0
[QUEUE_STATS] t_ms=1568 q_pkts=148 q_bytes=222592 qdelay_l_ms=0.57473 qdelay_c_ms=49.9628 ecn_mark=238 drop=0
[QUEUE_STATS] t_ms=1584 q_pkts=148 q_bytes=222592 qdelay_l_ms=0 qdelay_c_ms=53.4497 ecn_mark=238 drop=0
[QUEUE_STATS] t_ms=1600 q_pkts=151 q_bytes=227104 qdelay_l_ms=1.06097 qdelay_c_ms=53.4061 ecn_mark=238 drop=0
[QUEUE_STATS] t_ms=1616 q_pkts=151 q_bytes=227104 qdelay_l_ms=1.12098 qdelay_c_ms=51.7514 ecn_mark=238 drop=0
[QUEUE_STATS] t_ms=1632 q_pkts=150 q_bytes=225600 qdelay_l_ms=1.08454 qdelay_c_ms=52.9274 ecn_mark=238 drop=0
[QUEUE_STATS] t_ms=1648 q_pkts=155 q_bytes=233120 qdelay_l_ms=0 qdelay_c_ms=53.1431 ecn_mark=238 drop=0
[QUEUE_STATS] t_ms=1664 q_pkts=157 q_bytes=236128 qdelay_l_ms=0.966898 qdelay_c_ms=51.9535 ecn_mark=238 drop=0
[QUEUE_STATS] t_ms=1680 q_pkts=157 q_bytes=236128 qdelay_l_ms=1.0888 qdelay_c_ms=51.6919 ecn_mark=238 drop=0
[QUEUE_STATS] t_ms=1696 q_pkts=161 q_bytes=242144 qdelay_l_ms=0.911693 qdelay_c_ms=51.7429 ecn_mark=238 drop=0
[QUEUE_STATS] t_ms=1712 q_pkts=163 q_bytes=245152 qdelay_l_ms=1.08463 qdelay_c_ms=55.0989 ecn_mark=238 drop=0
[QUEUE_STATS] t_ms=1728 q_pkts=166 q_bytes=249664 qdelay_l_ms=1.09776 qdelay_c_ms=55.8838 ecn_mark=238 drop=0
[QUEUE_STATS] t_ms=1744 q_pkts=169 q_bytes=254176 qdelay_l_ms=0.902837 qdelay_c_ms=56.0567 ecn_mark=238 drop=0
[QUEUE_STATS] t_ms=1760 q_pkts=173 q_bytes=260192 qdelay_l_ms=0.625155 qdelay_c_ms=58.98 ecn_mark=238 drop=0
[QUEUE_STATS] t_ms=1776 q_pkts=172 q_bytes=258688 qdelay_l_ms=0 qdelay_c_ms=58.7659 ecn_mark=238 drop=0
[QUEUE_STATS] t_ms=1792 q_pkts=175 q_bytes=263200 qdelay_l_ms=0.842504 qdelay_c_ms=58.753 ecn_mark=238 drop=0
[QUEUE_STATS] t_ms=1808 q_pkts=180 q_bytes=270720 qdelay_l_ms=1.06095 qdelay_c_ms=60.8043 ecn_mark=238 drop=0
[QUEUE_STATS] t_ms=1824 q_pkts=183 q_bytes=275232 qdelay_l_ms=0 qdelay_c_ms=61.7132 ecn_mark=238 drop=0
[QUEUE_STATS] t_ms=1840 q_pkts=183 q_bytes=275232 qdelay_l_ms=1.08295 qdelay_c_ms=61.8845 ecn_mark=238 drop=0
[QUEUE_STATS] t_ms=1856 q_pkts=189 q_bytes=284256 qdelay_l_ms=0.965836 qdelay_c_ms=65.3847 ecn_mark=238 drop=0
[QUEUE_STATS] t_ms=1872 q_pkts=191 q_bytes=287264 qdelay_l_ms=1.05677 qdelay_c_ms=65.1014 ecn_mark=238 drop=0
[QUEUE_STATS] t_ms=1888 q_pkts=193 q_bytes=290272 qdelay_l_ms=1.06161 qdelay_c_ms=66.0692 ecn_mark=238 drop=0
[QUEUE_STATS] t_ms=1904 q_pkts=194 q_bytes=291776 qdelay_l_ms=1.0655 qdelay_c_ms=68.1147 ecn_mark=238 drop=0
[QUEUE_STATS] t_ms=1920 q_pkts=197 q_bytes=296288 qdelay_l_ms=0.927062 qdelay_c_ms=67.7498 ecn_mark=239 drop=0
[QUEUE_STATS] t_ms=1936 q_pkts=199 q_bytes=299296 qdelay_l_ms=0.365446 qdelay_c_ms=68.7508 ecn_mark=239 drop=0
[QUEUE_STATS] t_ms=1952 q_pkts=199 q_bytes=299296 qdelay_l_ms=1.09945 qdelay_c_ms=70.3542 ecn_mark=239 drop=0
[QUEUE_STATS] t_ms=1968 q_pkts=200 q_bytes=300800 qdelay_l_ms=0.852913 qdelay_c_ms=69.837 ecn_mark=239 drop=0
[QUEUE_STATS] t_ms=1984 q_pkts=200 q_bytes=300800 qdelay_l_ms=0.977588 qdelay_c_ms=71.2622 ecn_mark=239 drop=0
[QUEUE_STATS] t_ms=2000 q_pkts=208 q_bytes=312832 qdelay_l_ms=0.658388 qdelay_c_ms=73.1349 ecn_mark=239 drop=0
[QUEUE_STATS] t_ms=2016 q_pkts=207 q_bytes=311328 qdelay_l_ms=1.13115 qdelay_c_ms=71.799 ecn_mark=239 drop=0
[QUEUE_STATS] t_ms=2032 q_pkts=210 q_bytes=315840 qdelay_l_ms=0.835921 qdelay_c_ms=73.6574 ecn_mark=239 drop=0
[QUEUE_STATS] t_ms=2048 q_pkts=213 q_bytes=320352 qdelay_l_ms=1.07979 qdelay_c_ms=72.966 ecn_mark=239 drop=0
[QUEUE_STATS] t_ms=2064 q_pkts=215 q_bytes=323360 qdelay_l_ms=0.967748 qdelay_c_ms=74.4338 ecn_mark=239 drop=0
[QUEUE_STATS] t_ms=2080 q_pkts=218 q_bytes=327872 qdelay_l_ms=1.06302 qdelay_c_ms=76.9274 ecn_mark=239 drop=0
[QUEUE_STATS] t_ms=2096 q_pkts=220 q_bytes=330880 qdelay_l_ms=0.76597 qdelay_c_ms=77.0426 ecn_mark=239 drop=0
[QUEUE_STATS] t_ms=2112 q_pkts=223 q_bytes=335392 qdelay_l_ms=1.07142 qdelay_c_ms=77.0461 ecn_mark=239 drop=0
[QUEUE_STATS] t_ms=2128 q_pkts=225 q_bytes=338400 qdelay_l_ms=1.06319 qdelay_c_ms=79.9997 ecn_mark=239 drop=0
[QUEUE_STATS] t_ms=2144 q_pkts=231 q_bytes=347424 qdelay_l_ms=0.884452 qdelay_c_ms=79.6542 ecn_mark=239 drop=0
[QUEUE_STATS] t_ms=2160 q_pkts=231 q_bytes=347424 qdelay_l_ms=1.06682 qdelay_c_ms=81.3279 ecn_mark=239 drop=0
[QUEUE_STATS] t_ms=2176 q_pkts=235 q_bytes=353440 qdelay_l_ms=0.689316 qdelay_c_ms=82.7057 ecn_mark=239 drop=0
[QUEUE_STATS] t_ms=2192 q_pkts=237 q_bytes=356448 qdelay_l_ms=0.992536 qdelay_c_ms=84.3626 ecn_mark=239 drop=0
[QUEUE_STATS] t_ms=2208 q_pkts=238 q_bytes=357952 qdelay_l_ms=0.839708 qdelay_c_ms=83.7744 ecn_mark=239 drop=0
[QUEUE_STATS] t_ms=2224 q_pkts=241 q_bytes=362464 qdelay_l_ms=1.0657 qdelay_c_ms=87.0397 ecn_mark=239 drop=0
[QUEUE_STATS] t_ms=2240 q_pkts=244 q_bytes=366976 qdelay_l_ms=0.795244 qdelay_c_ms=86.7402 ecn_mark=239 drop=0
[QUEUE_STATS] t_ms=2256 q_pkts=245 q_bytes=368480 qdelay_l_ms=1.03017 qdelay_c_ms=89.1863 ecn_mark=239 drop=0
[QUEUE_STATS] t_ms=2272 q_pkts=248 q_bytes=372992 qdelay_l_ms=1.05604 qdelay_c_ms=89.1378 ecn_mark=239 drop=0
[QUEUE_STATS] t_ms=2288 q_pkts=251 q_bytes=377504 qdelay_l_ms=1.0756 qdelay_c_ms=91.1383 ecn_mark=239 drop=0
[QUEUE_STATS] t_ms=2304 q_pkts=253 q_bytes=380512 qdelay_l_ms=1.08831 qdelay_c_ms=91.9382 ecn_mark=240 drop=0
[QUEUE_STATS] t_ms=2320 q_pkts=255 q_bytes=383520 qdelay_l_ms=1.07862 qdelay_c_ms=93.0608 ecn_mark=241 drop=0
[QUEUE_STATS] t_ms=2336 q_pkts=259 q_bytes=389536 qdelay_l_ms=0.911012 qdelay_c_ms=95.3789 ecn_mark=241 drop=0
[QUEUE_STATS] t_ms=2352 q_pkts=259 q_bytes=389536 qdelay_l_ms=0.790325 qdelay_c_ms=93.8635 ecn_mark=242 drop=0
[QUEUE_STATS] t_ms=2368 q_pkts=259 q_bytes=389536 qdelay_l_ms=1.06469 qdelay_c_ms=95.8623 ecn_mark=242 drop=0
[QUEUE_STATS] t_ms=2384 q_pkts=263 q_bytes=395552 qdelay_l_ms=0.826303 qdelay_c_ms=97.8181 ecn_mark=242 drop=0
[QUEUE_STATS] t_ms=2400 q_pkts=264 q_bytes=397056 qdelay_l_ms=1.05857 qdelay_c_ms=94.97 ecn_mark=242 drop=0
[QUEUE_STATS] t_ms=2416 q_pkts=264 q_bytes=397056 qdelay_l_ms=1.03988 qdelay_c_ms=97.1917 ecn_mark=242 drop=0
[QUEUE_STATS] t_ms=2432 q_pkts=270 q_bytes=406080 qdelay_l_ms=1.05866 qdelay_c_ms=97.7996 ecn_mark=242 drop=0
[QUEUE_STATS] t_ms=2448 q_pkts=271 q_bytes=407584 qdelay_l_ms=1.06624 qdelay_c_ms=99.1803 ecn_mark=242 drop=0
[QUEUE_STATS] t_ms=2464 q_pkts=272 q_bytes=409088 qdelay_l_ms=1.02442 qdelay_c_ms=99.3832 ecn_mark=242 drop=0
[QUEUE_STATS] t_ms=2480 q_pkts=278 q_bytes=418112 qdelay_l_ms=0.892998 qdelay_c_ms=100.082 ecn_mark=242 drop=0
[QUEUE_STATS] t_ms=2496 q_pkts=280 q_bytes=421120 qdelay_l_ms=1.064 qdelay_c_ms=102.155 ecn_mark=242 drop=0
[QUEUE_STATS] t_ms=2512 q_pkts=281 q_bytes=422624 qdelay_l_ms=0.426071 qdelay_c_ms=101.886 ecn_mark=242 drop=0
[QUEUE_STATS] t_ms=2528 q_pkts=286 q_bytes=430144 qdelay_l_ms=1.06902 qdelay_c_ms=103.06 ecn_mark=242 drop=0
[QUEUE_STATS] t_ms=2544 q_pkts=285 q_bytes=428640 qdelay_l_ms=1.07475 qdelay_c_ms=105.906 ecn_mark=242 drop=0
[QUEUE_STATS] t_ms=2560 q_pkts=287 q_bytes=431648 qdelay_l_ms=1.09099 qdelay_c_ms=106.038 ecn_mark=242 drop=0
[QUEUE_STATS] t_ms=2576 q_pkts=289 q_bytes=434656 qdelay_l_ms=0.735402 qdelay_c_ms=106.775 ecn_mark=242 drop=0
[QUEUE_STATS] t_ms=2592 q_pkts=291 q_bytes=437664 qdelay_l_ms=1.05828 qdelay_c_ms=108.391 ecn_mark=242 drop=0
[QUEUE_STATS] t_ms=2608 q_pkts=294 q_bytes=442176 qdelay_l_ms=1.06096 qdelay_c_ms=110.051 ecn_mark=242 drop=0
[QUEUE_STATS] t_ms=2624 q_pkts=297 q_bytes=446688 qdelay_l_ms=0.851751 qdelay_c_ms=111.216 ecn_mark=242 drop=0
[QUEUE_STATS] t_ms=2640 q_pkts=299 q_bytes=449696 qdelay_l_ms=0.624704 qdelay_c_ms=112.754 ecn_mark=242 drop=0
[QUEUE_STATS] t_ms=2656 q_pkts=301 q_bytes=452704 qdelay_l_ms=0.295775 qdelay_c_ms=113.66 ecn_mark=242 drop=0
[QUEUE_STATS] t_ms=2672 q_pkts=307 q_bytes=461728 qdelay_l_ms=1.0851 qdelay_c_ms=114.901 ecn_mark=242 drop=0
[QUEUE_STATS] t_ms=2688 q_pkts=311 q_bytes=464824 qdelay_l_ms=0.836903 qdelay_c_ms=116.31 ecn_mark=243 drop=0
[QUEUE_STATS] t_ms=2704 q_pkts=311 q_bytes=464824 qdelay_l_ms=1.06184 qdelay_c_ms=118.282 ecn_mark=243 drop=0
[QUEUE_STATS] t_ms=2720 q_pkts=313 q_bytes=467832 qdelay_l_ms=0.638089 qdelay_c_ms=118.638 ecn_mark=243 drop=0
[QUEUE_STATS] t_ms=2736 q_pkts=313 q_bytes=467832 qdelay_l_ms=0.601912 qdelay_c_ms=119.919 ecn_mark=243 drop=0
[QUEUE_STATS] t_ms=2752 q_pkts=316 q_bytes=472344 qdelay_l_ms=1.06747 qdelay_c_ms=121.327 ecn_mark=243 drop=0
[QUEUE_STATS] t_ms=2768 q_pkts=319 q_bytes=476856 qdelay_l_ms=0.824881 qdelay_c_ms=122.196 ecn_mark=243 drop=0
[QUEUE_STATS] t_ms=2784 q_pkts=321 q_bytes=479864 qdelay_l_ms=1.07846 qdelay_c_ms=121.799 ecn_mark=243 drop=0
[QUEUE_STATS] t_ms=2800 q_pkts=323 q_bytes=482872 qdelay_l_ms=1.07135 qdelay_c_ms=124.706 ecn_mark=243 drop=0
[QUEUE_STATS] t_ms=2816 q_pkts=324 q_bytes=487296 qdelay_l_ms=1.0652 qdelay_c_ms=126.005 ecn_mark=244 drop=0
[QUEUE_STATS] t_ms=2832 q_pkts=326 q_bytes=490304 qdelay_l_ms=1.0879 qdelay_c_ms=125.241 ecn_mark=244 drop=0
[QUEUE_STATS] t_ms=2848 q_pkts=328 q_bytes=493312 qdelay_l_ms=1.07002 qdelay_c_ms=128.256 ecn_mark=244 drop=0
[QUEUE_STATS] t_ms=2864 q_pkts=330 q_bytes=496320 qdelay_l_ms=0.544473 qdelay_c_ms=127.971 ecn_mark=244 drop=0
[QUEUE_STATS] t_ms=2880 q_pkts=332 q_bytes=499328 qdelay_l_ms=1.06642 qdelay_c_ms=128.075 ecn_mark=245 drop=0
[QUEUE_STATS] t_ms=2896 q_pkts=334 q_bytes=502336 qdelay_l_ms=0.82452 qdelay_c_ms=129.74 ecn_mark=245 drop=0
[QUEUE_STATS] t_ms=2912 q_pkts=338 q_bytes=508352 qdelay_l_ms=1.06998 qdelay_c_ms=130.779 ecn_mark=245 drop=0
[QUEUE_STATS] t_ms=2928 q_pkts=338 q_bytes=508352 qdelay_l_ms=1.07505 qdelay_c_ms=130.665 ecn_mark=246 drop=0
[QUEUE_STATS] t_ms=2944 q_pkts=341 q_bytes=512864 qdelay_l_ms=1.07606 qdelay_c_ms=134.176 ecn_mark=246 drop=0
[QUEUE_STATS] t_ms=2960 q_pkts=344 q_bytes=517376 qdelay_l_ms=1.06841 qdelay_c_ms=134.251 ecn_mark=246 drop=0
[QUEUE_STATS] t_ms=2976 q_pkts=343 q_bytes=515872 qdelay_l_ms=1.07163 qdelay_c_ms=133.814 ecn_mark=247 drop=0
[QUEUE_STATS] t_ms=2992 q_pkts=345 q_bytes=518880 qdelay_l_ms=1.07134 qdelay_c_ms=135.639 ecn_mark=247 drop=0
[QUEUE_STATS] t_ms=3008 q_pkts=351 q_bytes=527904 qdelay_l_ms=0.836633 qdelay_c_ms=136.746 ecn_mark=247 drop=0
[QUEUE_STATS] t_ms=3024 q_pkts=349 q_bytes=524896 qdelay_l_ms=0.495361 qdelay_c_ms=136.488 ecn_mark=248 drop=0
[QUEUE_STATS] t_ms=3040 q_pkts=351 q_bytes=527904 qdelay_l_ms=1.07166 qdelay_c_ms=138.068 ecn_mark=250 drop=0
[QUEUE_STATS] t_ms=3056 q_pkts=354 q_bytes=532416 qdelay_l_ms=1.08658 qdelay_c_ms=138.708 ecn_mark=250 drop=0
[QUEUE_STATS] t_ms=3072 q_pkts=356 q_bytes=535424 qdelay_l_ms=1.06888 qdelay_c_ms=138.916 ecn_mark=250 drop=0
[QUEUE_STATS] t_ms=3088 q_pkts=357 q_bytes=536928 qdelay_l_ms=0.534355 qdelay_c_ms=139.979 ecn_mark=250 drop=0
[QUEUE_STATS] t_ms=3104 q_pkts=361 q_bytes=542944 qdelay_l_ms=0.527481 qdelay_c_ms=140.517 ecn_mark=252 drop=0
[QUEUE_STATS] t_ms=3120 q_pkts=363 q_bytes=545952 qdelay_l_ms=0.820161 qdelay_c_ms=141.75 ecn_mark=253 drop=0
[QUEUE_STATS] t_ms=3136 q_pkts=365 q_bytes=548960 qdelay_l_ms=1.06952 qdelay_c_ms=142.826 ecn_mark=253 drop=0
[QUEUE_STATS] t_ms=3152 q_pkts=366 q_bytes=550464 qdelay_l_ms=1.04883 qdelay_c_ms=144.877 ecn_mark=253 drop=0
[QUEUE_STATS] t_ms=3168 q_pkts=370 q_bytes=556480 qdelay_l_ms=0.831092 qdelay_c_ms=144.984 ecn_mark=254 drop=0
[QUEUE_STATS] t_ms=3184 q_pkts=371 q_bytes=557984 qdelay_l_ms=1.07439 qdelay_c_ms=145.748 ecn_mark=254 drop=0
[QUEUE_STATS] t_ms=3200 q_pkts=374 q_bytes=562496 qdelay_l_ms=1.09634 qdelay_c_ms=147.054 ecn_mark=255 drop=0
[QUEUE_STATS] t_ms=3216 q_pkts=374 q_bytes=562496 qdelay_l_ms=1.07342 qdelay_c_ms=148.219 ecn_mark=256 drop=0
[QUEUE_STATS] t_ms=3232 q_pkts=376 q_bytes=565504 qdelay_l_ms=0.796517 qdelay_c_ms=149.238 ecn_mark=257 drop=0
[QUEUE_STATS] t_ms=3248 q_pkts=379 q_bytes=570016 qdelay_l_ms=1.04157 qdelay_c_ms=151.006 ecn_mark=257 drop=0
[QUEUE_STATS] t_ms=3264 q_pkts=380 q_bytes=571520 qdelay_l_ms=0.815383 qdelay_c_ms=150.348 ecn_mark=257 drop=0
[QUEUE_STATS] t_ms=3280 q_pkts=382 q_bytes=574528 qdelay_l_ms=0.791387 qdelay_c_ms=151.67 ecn_mark=257 drop=0
[QUEUE_STATS] t_ms=3296 q_pkts=386 q_bytes=580544 qdelay_l_ms=0.801346 qdelay_c_ms=153.105 ecn_mark=258 drop=0
[QUEUE_STATS] t_ms=3312 q_pkts=387 q_bytes=582048 qdelay_l_ms=1.0593 qdelay_c_ms=154.604 ecn_mark=258 drop=0
[QUEUE_STATS] t_ms=3328 q_pkts=390 q_bytes=586560 qdelay_l_ms=1.02425 qdelay_c_ms=154.013 ecn_mark=258 drop=0
[QUEUE_STATS] t_ms=3344 q_pkts=392 q_bytes=589568 qdelay_l_ms=0.413237 qdelay_c_ms=155.554 ecn_mark=258 drop=0
[QUEUE_STATS] t_ms=3360 q_pkts=393 q_bytes=591072 qdelay_l_ms=1.02713 qdelay_c_ms=157.674 ecn_mark=258 drop=0
[QUEUE_STATS] t_ms=3376 q_pkts=394 q_bytes=592576 qdelay_l_ms=1.0364 qdelay_c_ms=156.736 ecn_mark=259 drop=0
[QUEUE_STATS] t_ms=3392 q_pkts=397 q_bytes=597088 qdelay_l_ms=1.03816 qdelay_c_ms=158.616 ecn_mark=259 drop=0
[QUEUE_STATS] t_ms=3408 q_pkts=399 q_bytes=600096 qdelay_l_ms=1.01051 qdelay_c_ms=159.8 ecn_mark=259 drop=0
[QUEUE_STATS] t_ms=3424 q_pkts=400 q_bytes=601600 qdelay_l_ms=1.02293 qdelay_c_ms=158.78 ecn_mark=259 drop=0
[QUEUE_STATS] t_ms=3440 q_pkts=401 q_bytes=603104 qdelay_l_ms=1.07611 qdelay_c_ms=162.206 ecn_mark=259 drop=0
[QUEUE_STATS] t_ms=3456 q_pkts=406 q_bytes=610624 qdelay_l_ms=1.00666 qdelay_c_ms=163.537 ecn_mark=260 drop=0
[QUEUE_STATS] t_ms=3472 q_pkts=407 q_bytes=612128 qdelay_l_ms=1.03424 qdelay_c_ms=162.46 ecn_mark=260 drop=0
[QUEUE_STATS] t_ms=3488 q_pkts=409 q_bytes=615136 qdelay_l_ms=0.795536 qdelay_c_ms=164.869 ecn_mark=261 drop=0
[QUEUE_STATS] t_ms=3504 q_pkts=412 q_bytes=619648 qdelay_l_ms=1.01666 qdelay_c_ms=165.925 ecn_mark=261 drop=0
[QUEUE_STATS] t_ms=3520 q_pkts=414 q_bytes=622656 qdelay_l_ms=1.00996 qdelay_c_ms=166.467 ecn_mark=261 drop=0
[QUEUE_STATS] t_ms=3536 q_pkts=415 q_bytes=624160 qdelay_l_ms=1.02722 qdelay_c_ms=168.638 ecn_mark=261 drop=0
[QUEUE_STATS] t_ms=3552 q_pkts=416 q_bytes=625664 qdelay_l_ms=1.0282 qdelay_c_ms=168.954 ecn_mark=263 drop=0
[QUEUE_STATS] t_ms=3568 q_pkts=419 q_bytes=630176 qdelay_l_ms=1.02899 qdelay_c_ms=169.611 ecn_mark=263 drop=0
[QUEUE_STATS] t_ms=3584 q_pkts=420 q_bytes=631680 qdelay_l_ms=1.00852 qdelay_c_ms=171.672 ecn_mark=263 drop=0
[QUEUE_STATS] t_ms=3600 q_pkts=422 q_bytes=634688 qdelay_l_ms=1.09335 qdelay_c_ms=172.072 ecn_mark=264 drop=0
[QUEUE_STATS] t_ms=3616 q_pkts=425 q_bytes=639200 qdelay_l_ms=1.0774 qdelay_c_ms=172.251 ecn_mark=265 drop=0
[QUEUE_STATS] t_ms=3632 q_pkts=429 q_bytes=645216 qdelay_l_ms=0 qdelay_c_ms=174.757 ecn_mark=265 drop=0
[QUEUE_STATS] t_ms=3648 q_pkts=427 q_bytes=642208 qdelay_l_ms=0.98936 qdelay_c_ms=174.736 ecn_mark=265 drop=0
[QUEUE_STATS] t_ms=3664 q_pkts=430 q_bytes=646720 qdelay_l_ms=1.09854 qdelay_c_ms=176.334 ecn_mark=266 drop=0
[QUEUE_STATS] t_ms=3680 q_pkts=433 q_bytes=651232 qdelay_l_ms=1.08295 qdelay_c_ms=177.902 ecn_mark=266 drop=0
[QUEUE_STATS] t_ms=3696 q_pkts=436 q_bytes=655744 qdelay_l_ms=1.07163 qdelay_c_ms=179.283 ecn_mark=267 drop=0
[QUEUE_STATS] t_ms=3712 q_pkts=437 q_bytes=657248 qdelay_l_ms=1.00268 qdelay_c_ms=179.187 ecn_mark=267 drop=0
[QUEUE_STATS] t_ms=3728 q_pkts=440 q_bytes=661760 qdelay_l_ms=1.00018 qdelay_c_ms=180.9 ecn_mark=268 drop=0
[QUEUE_STATS] t_ms=3744 q_pkts=441 q_bytes=663264 qdelay_l_ms=1.07648 qdelay_c_ms=180.998 ecn_mark=268 drop=0
[QUEUE_STATS] t_ms=3760 q_pkts=444 q_bytes=667776 qdelay_l_ms=1.09725 qdelay_c_ms=183.48 ecn_mark=268 drop=0
[QUEUE_STATS] t_ms=3776 q_pkts=448 q_bytes=673792 qdelay_l_ms=1.02094 qdelay_c_ms=185.193 ecn_mark=268 drop=0
[QUEUE_STATS] t_ms=3792 q_pkts=449 q_bytes=675296 qdelay_l_ms=0.990031 qdelay_c_ms=184.928 ecn_mark=268 drop=0
[QUEUE_STATS] t_ms=3808 q_pkts=450 q_bytes=676800 qdelay_l_ms=1.07631 qdelay_c_ms=186.293 ecn_mark=268 drop=0
[QUEUE_STATS] t_ms=3824 q_pkts=451 q_bytes=678304 qdelay_l_ms=0.972938 qdelay_c_ms=189.056 ecn_mark=269 drop=0
[QUEUE_STATS] t_ms=3840 q_pkts=453 q_bytes=681312 qdelay_l_ms=0.987586 qdelay_c_ms=190.052 ecn_mark=269 drop=0
[QUEUE_STATS] t_ms=3856 q_pkts=456 q_bytes=685824 qdelay_l_ms=0.947511 qdelay_c_ms=189.598 ecn_mark=269 drop=0
[QUEUE_STATS] t_ms=3872 q_pkts=459 q_bytes=690336 qdelay_l_ms=0.813198 qdelay_c_ms=191.894 ecn_mark=270 drop=0
[QUEUE_STATS] t_ms=3888 q_pkts=459 q_bytes=690336 qdelay_l_ms=0.952169 qdelay_c_ms=193.69 ecn_mark=270 drop=0
[QUEUE_STATS] t_ms=3904 q_pkts=461 q_bytes=693344 qdelay_l_ms=1.09314 qdelay_c_ms=194.011 ecn_mark=270 drop=0
[QUEUE_STATS] t_ms=3920 q_pkts=465 q_bytes=699360 qdelay_l_ms=1.04448 qdelay_c_ms=196.281 ecn_mark=270 drop=0
[QUEUE_STATS] t_ms=3936 q_pkts=465 q_bytes=699360 qdelay_l_ms=1.10806 qdelay_c_ms=197.925 ecn_mark=271 drop=0
[QUEUE_STATS] t_ms=3952 q_pkts=467 q_bytes=702368 qdelay_l_ms=1.07729 qdelay_c_ms=198.398 ecn_mark=271 drop=0
[QUEUE_STATS] t_ms=3968 q_pkts=472 q_bytes=708436 qdelay_l_ms=0.93648 qdelay_c_ms=200.152 ecn_mark=273 drop=0
[QUEUE_STATS] t_ms=3984 q_pkts=473 q_bytes=709940 qdelay_l_ms=0.960265 qdelay_c_ms=200.733 ecn_mark=274 drop=0
[QUEUE_STATS] t_ms=4000 q_pkts=473 q_bytes=709940 qdelay_l_ms=0.773804 qdelay_c_ms=201.653 ecn_mark=274 drop=0
[QUEUE_STATS] t_ms=4016 q_pkts=479 q_bytes=718964 qdelay_l_ms=1.07872 qdelay_c_ms=202.726 ecn_mark=275 drop=0
[QUEUE_STATS] t_ms=4032 q_pkts=477 q_bytes=715956 qdelay_l_ms=0.939836 qdelay_c_ms=205.155 ecn_mark=275 drop=0
[QUEUE_STATS] t_ms=4048 q_pkts=479 q_bytes=718964 qdelay_l_ms=0.953563 qdelay_c_ms=205.131 ecn_mark=276 drop=0
[QUEUE_STATS] t_ms=4064 q_pkts=482 q_bytes=723476 qdelay_l_ms=0.95215 qdelay_c_ms=206.902 ecn_mark=276 drop=0
[QUEUE_STATS] t_ms=4080 q_pkts=483 q_bytes=724980 qdelay_l_ms=0.765919 qdelay_c_ms=206.853 ecn_mark=277 drop=0
[QUEUE_STATS] t_ms=4096 q_pkts=485 q_bytes=727988 qdelay_l_ms=1.06897 qdelay_c_ms=209.143 ecn_mark=278 drop=0
[QUEUE_STATS] t_ms=4112 q_pkts=486 q_bytes=729492 qdelay_l_ms=0.913256 qdelay_c_ms=211.18 ecn_mark=279 drop=0
[QUEUE_STATS] t_ms=4128 q_pkts=490 q_bytes=735508 qdelay_l_ms=1.10421 qdelay_c_ms=211.67 ecn_mark=281 drop=0
[QUEUE_STATS] t_ms=4144 q_pkts=490 q_bytes=735508 qdelay_l_ms=0.913237 qdelay_c_ms=211.951 ecn_mark=281 drop=0
[QUEUE_STATS] t_ms=4160 q_pkts=496 q_bytes=744532 qdelay_l_ms=1.08171 qdelay_c_ms=214.654 ecn_mark=281 drop=0
[QUEUE_STATS] t_ms=4176 q_pkts=494 q_bytes=742976 qdelay_l_ms=1.1094 qdelay_c_ms=215.785 ecn_mark=284 drop=0
[QUEUE_STATS] t_ms=4192 q_pkts=495 q_bytes=744480 qdelay_l_ms=0.940728 qdelay_c_ms=214.902 ecn_mark=284 drop=0
[QUEUE_STATS] t_ms=4208 q_pkts=499 q_bytes=750496 qdelay_l_ms=1.10185 qdelay_c_ms=217.935 ecn_mark=284 drop=0
[QUEUE_STATS] t_ms=4224 q_pkts=498 q_bytes=748992 qdelay_l_ms=1.00652 qdelay_c_ms=219.075 ecn_mark=286 drop=0
[QUEUE_STATS] t_ms=4240 q_pkts=502 q_bytes=755008 qdelay_l_ms=0.930949 qdelay_c_ms=219.742 ecn_mark=288 drop=0
[QUEUE_STATS] t_ms=4256 q_pkts=505 q_bytes=759520 qdelay_l_ms=0.903928 qdelay_c_ms=221.959 ecn_mark=290 drop=0
[QUEUE_STATS] t_ms=4272 q_pkts=506 q_bytes=761024 qdelay_l_ms=0.703743 qdelay_c_ms=222.001 ecn_mark=290 drop=0
[QUEUE_STATS] t_ms=4288 q_pkts=507 q_bytes=762528 qdelay_l_ms=1.00936 qdelay_c_ms=224.121 ecn_mark=291 drop=0
[QUEUE_STATS] t_ms=4304 q_pkts=510 q_bytes=767040 qdelay_l_ms=1.09585 qdelay_c_ms=224.722 ecn_mark=291 drop=0
[QUEUE_STATS] t_ms=4320 q_pkts=512 q_bytes=770048 qdelay_l_ms=1.0719 qdelay_c_ms=227.334 ecn_mark=291 drop=0
[QUEUE_STATS] t_ms=4336 q_pkts=512 q_bytes=770048 qdelay_l_ms=1.0979 qdelay_c_ms=226.833 ecn_mark=292 drop=0
[QUEUE_STATS] t_ms=4352 q_pkts=514 q_bytes=773056 qdelay_l_ms=0.71303 qdelay_c_ms=228.438 ecn_mark=293 drop=0
[QUEUE_STATS] t_ms=4368 q_pkts=516 q_bytes=776064 qdelay_l_ms=1.08221 qdelay_c_ms=229.994 ecn_mark=294 drop=0
[QUEUE_STATS] t_ms=4384 q_pkts=519 q_bytes=780576 qdelay_l_ms=1.11045 qdelay_c_ms=230.938 ecn_mark=294 drop=0
[QUEUE_STATS] t_ms=4400 q_pkts=521 q_bytes=783584 qdelay_l_ms=1.06253 qdelay_c_ms=231.81 ecn_mark=295 drop=0
[QUEUE_STATS] t_ms=4416 q_pkts=523 q_bytes=786592 qdelay_l_ms=0.882849 qdelay_c_ms=232.806 ecn_mark=297 drop=0
[QUEUE_STATS] t_ms=4432 q_pkts=523 q_bytes=786592 qdelay_l_ms=1.10057 qdelay_c_ms=232.119 ecn_mark=297 drop=0
[QUEUE_STATS] t_ms=4448 q_pkts=527 q_bytes=792608 qdelay_l_ms=0.665751 qdelay_c_ms=235.628 ecn_mark=298 drop=0
[QUEUE_STATS] t_ms=4464 q_pkts=527 q_bytes=792608 qdelay_l_ms=0.954605 qdelay_c_ms=236.893 ecn_mark=298 drop=0
[QUEUE_STATS] t_ms=4480 q_pkts=527 q_bytes=792608 qdelay_l_ms=0.900122 qdelay_c_ms=236.681 ecn_mark=298 drop=0
[QUEUE_STATS] t_ms=4496 q_pkts=533 q_bytes=801632 qdelay_l_ms=0.912876 qdelay_c_ms=240.078 ecn_mark=300 drop=0
[QUEUE_STATS] t_ms=4512 q_pkts=532 q_bytes=800128 qdelay_l_ms=1.0956 qdelay_c_ms=238.981 ecn_mark=301 drop=0
[QUEUE_STATS] t_ms=4528 q_pkts=534 q_bytes=803136 qdelay_l_ms=1.08736 qdelay_c_ms=240.169 ecn_mark=302 drop=0
[QUEUE_STATS] t_ms=4544 q_pkts=536 q_bytes=806144 qdelay_l_ms=1.07038 qdelay_c_ms=242.792 ecn_mark=302 drop=0
[QUEUE_STATS] t_ms=4560 q_pkts=538 q_bytes=809152 qdelay_l_ms=1.07379 qdelay_c_ms=242.026 ecn_mark=302 drop=0
[QUEUE_STATS] t_ms=4576 q_pkts=538 q_bytes=809152 qdelay_l_ms=1.07026 qdelay_c_ms=244.039 ecn_mark=304 drop=0
[QUEUE_STATS] t_ms=4592 q_pkts=544 q_bytes=818176 qdelay_l_ms=1.06479 qdelay_c_ms=247.205 ecn_mark=304 drop=0
[QUEUE_STATS] t_ms=4608 q_pkts=543 q_bytes=816672 qdelay_l_ms=1.07214 qdelay_c_ms=245.11 ecn_mark=305 drop=0
[QUEUE_STATS] t_ms=4624 q_pkts=543 q_bytes=816672 qdelay_l_ms=1.09554 qdelay_c_ms=248.17 ecn_mark=306 drop=0
[QUEUE_STATS] t_ms=4640 q_pkts=547 q_bytes=822688 qdelay_l_ms=1.06718 qdelay_c_ms=249.965 ecn_mark=310 drop=0
[QUEUE_STATS] t_ms=4656 q_pkts=549 q_bytes=825696 qdelay_l_ms=1.06342 qdelay_c_ms=249.01 ecn_mark=312 drop=0
[QUEUE_STATS] t_ms=4672 q_pkts=550 q_bytes=827200 qdelay_l_ms=1.0286 qdelay_c_ms=252.445 ecn_mark=314 drop=0
[QUEUE_STATS] t_ms=4688 q_pkts=552 q_bytes=830208 qdelay_l_ms=1.1163 qdelay_c_ms=251.9 ecn_mark=315 drop=0
[QUEUE_STATS] t_ms=4704 q_pkts=554 q_bytes=833216 qdelay_l_ms=1.09951 qdelay_c_ms=252.146 ecn_mark=316 drop=0
[QUEUE_STATS] t_ms=4720 q_pkts=555 q_bytes=834720 qdelay_l_ms=1.10529 qdelay_c_ms=254.979 ecn_mark=318 drop=0
[QUEUE_STATS] t_ms=4736 q_pkts=559 q_bytes=840736 qdelay_l_ms=1.07919 qdelay_c_ms=255.111 ecn_mark=320 drop=0
[QUEUE_STATS] t_ms=4752 q_pkts=559 q_bytes=840736 qdelay_l_ms=1.06878 qdelay_c_ms=256.84 ecn_mark=321 drop=0
[QUEUE_STATS] t_ms=4768 q_pkts=560 q_bytes=842240 qdelay_l_ms=1.08177 qdelay_c_ms=258.961 ecn_mark=321 drop=0
[QUEUE_STATS] t_ms=4784 q_pkts=564 q_bytes=848256 qdelay_l_ms=0.856109 qdelay_c_ms=257.9 ecn_mark=323 drop=0
[QUEUE_STATS] t_ms=4800 q_pkts=563 q_bytes=846752 qdelay_l_ms=1.07162 qdelay_c_ms=259.336 ecn_mark=325 drop=0
[QUEUE_STATS] t_ms=4816 q_pkts=566 q_bytes=851264 qdelay_l_ms=0 qdelay_c_ms=261.979 ecn_mark=326 drop=0
[QUEUE_STATS] t_ms=4832 q_pkts=569 q_bytes=855776 qdelay_l_ms=0.865046 qdelay_c_ms=260.884 ecn_mark=327 drop=0
[QUEUE_STATS] t_ms=4848 q_pkts=568 q_bytes=854272 qdelay_l_ms=1.03314 qdelay_c_ms=262.753 ecn_mark=328 drop=0
[QUEUE_STATS] t_ms=4864 q_pkts=571 q_bytes=858784 qdelay_l_ms=0.9151 qdelay_c_ms=265.258 ecn_mark=328 drop=0
[QUEUE_STATS] t_ms=4880 q_pkts=572 q_bytes=860288 qdelay_l_ms=1.07143 qdelay_c_ms=265.109 ecn_mark=328 drop=0
[QUEUE_STATS] t_ms=4896 q_pkts=573 q_bytes=861792 qdelay_l_ms=1.07847 qdelay_c_ms=264.522 ecn_mark=330 drop=0
[QUEUE_STATS] t_ms=4912 q_pkts=577 q_bytes=867808 qdelay_l_ms=1.09738 qdelay_c_ms=267.017 ecn_mark=332 drop=0
[QUEUE_STATS] t_ms=4928 q_pkts=580 q_bytes=872320 qdelay_l_ms=1.10686 qdelay_c_ms=267.908 ecn_mark=332 drop=0
[QUEUE_STATS] t_ms=4944 q_pkts=580 q_bytes=872320 qdelay_l_ms=1.04476 qdelay_c_ms=268.859 ecn_mark=334 drop=0
[QUEUE_STATS] t_ms=4960 q_pkts=579 q_bytes=870816 qdelay_l_ms=0.893409 qdelay_c_ms=269.07 ecn_mark=335 drop=0
[QUEUE_STATS] t_ms=4976 q_pkts=582 q_bytes=875328 qdelay_l_ms=0.642938 qdelay_c_ms=270.758 ecn_mark=336 drop=0
[QUEUE_STATS] t_ms=4992 q_pkts=585 q_bytes=879840 qdelay_l_ms=1.10684 qdelay_c_ms=271.123 ecn_mark=337 drop=0
[QUEUE_STATS] t_ms=5008 q_pkts=585 q_bytes=879840 qdelay_l_ms=0.8889 qdelay_c_ms=271.929 ecn_mark=338 drop=0
[QUEUE_STATS] t_ms=5024 q_pkts=586 q_bytes=881344 qdelay_l_ms=1.07041 qdelay_c_ms=273.329 ecn_mark=339 drop=0
[QUEUE_STATS] t_ms=5040 q_pkts=588 q_bytes=884352 qdelay_l_ms=0.894932 qdelay_c_ms=272.92 ecn_mark=340 drop=0
[QUEUE_STATS] t_ms=5056 q_pkts=590 q_bytes=887360 qdelay_l_ms=0.917524 qdelay_c_ms=273.873 ecn_mark=340 drop=0
[QUEUE_STATS] t_ms=5072 q_pkts=591 q_bytes=888864 qdelay_l_ms=0.884412 qdelay_c_ms=275.655 ecn_mark=342 drop=0
[QUEUE_STATS] t_ms=5088 q_pkts=595 q_bytes=894880 qdelay_l_ms=0.942672 qdelay_c_ms=275.942 ecn_mark=342 drop=0
[QUEUE_STATS] t_ms=5104 q_pkts=595 q_bytes=894880 qdelay_l_ms=0.899882 qdelay_c_ms=277.878 ecn_mark=343 drop=0
[QUEUE_STATS] t_ms=5120 q_pkts=598 q_bytes=899392 qdelay_l_ms=0.879553 qdelay_c_ms=278.006 ecn_mark=345 drop=0
[QUEUE_STATS] t_ms=5136 q_pkts=598 q_bytes=899392 qdelay_l_ms=1.09415 qdelay_c_ms=277.341 ecn_mark=345 drop=0
[QUEUE_STATS] t_ms=5152 q_pkts=591 q_bytes=888864 qdelay_l_ms=0.904129 qdelay_c_ms=280.124 ecn_mark=346 drop=0
[QUEUE_STATS] t_ms=5168 q_pkts=580 q_bytes=872320 qdelay_l_ms=0.950346 qdelay_c_ms=280.122 ecn_mark=350 drop=0
[QUEUE_STATS] t_ms=5184 q_pkts=570 q_bytes=857280 qdelay_l_ms=0.891295 qdelay_c_ms=280.259 ecn_mark=351 drop=0
[QUEUE_STATS] t_ms=5200 q_pkts=561 q_bytes=843744 qdelay_l_ms=1.11015 qdelay_c_ms=281.738 ecn_mark=351 drop=0
[QUEUE_STATS] t_ms=5216 q_pkts=551 q_bytes=828704 qdelay_l_ms=0.892627 qdelay_c_ms=281.728 ecn_mark=354 drop=0
[QUEUE_STATS] t_ms=5232 q_pkts=541 q_bytes=813664 qdelay_l_ms=1.06952 qdelay_c_ms=283.107 ecn_mark=354 drop=0
[QUEUE_STATS] t_ms=5248 q_pkts=530 q_bytes=797120 qdelay_l_ms=1.09194 qdelay_c_ms=282.047 ecn_mark=355 drop=0
[QUEUE_STATS] t_ms=5264 q_pkts=523 q_bytes=786592 qdelay_l_ms=1.10737 qdelay_c_ms=282.868 ecn_mark=357 drop=0
[QUEUE_STATS] t_ms=5280 q_pkts=510 q_bytes=767040 qdelay_l_ms=0.940247 qdelay_c_ms=284.077 ecn_mark=358 drop=0
[QUEUE_STATS] t_ms=5296 q_pkts=501 q_bytes=753504 qdelay_l_ms=0.974281 qdelay_c_ms=284.074 ecn_mark=358 drop=0
[QUEUE_STATS] t_ms=5312 q_pkts=491 q_bytes=738464 qdelay_l_ms=1.07984 qdelay_c_ms=286.123 ecn_mark=359 drop=0
[QUEUE_STATS] t_ms=5328 q_pkts=483 q_bytes=726432 qdelay_l_ms=0.892988 qdelay_c_ms=286.8 ecn_mark=361 drop=0
[QUEUE_STATS] t_ms=5344 q_pkts=471 q_bytes=708384 qdelay_l_ms=0.977357 qdelay_c_ms=286.123 ecn_mark=361 drop=0
[QUEUE_STATS] t_ms=5360 q_pkts=462 q_bytes=694848 qdelay_l_ms=1.10215 qdelay_c_ms=285.815 ecn_mark=363 drop=0
[QUEUE_STATS] t_ms=5376 q_pkts=453 q_bytes=681312 qdelay_l_ms=0.905462 qdelay_c_ms=287.812 ecn_mark=364 drop=0
[QUEUE_STATS] t_ms=5392 q_pkts=442 q_bytes=664768 qdelay_l_ms=1.08228 qdelay_c_ms=289.205 ecn_mark=367 drop=0
[QUEUE_STATS] t_ms=5408 q_pkts=432 q_bytes=649728 qdelay_l_ms=0.887368 qdelay_c_ms=288.846 ecn_mark=367 drop=0
[QUEUE_STATS] t_ms=5424 q_pkts=421 q_bytes=633184 qdelay_l_ms=1.06989 qdelay_c_ms=288.937 ecn_mark=368 drop=0
[QUEUE_STATS] t_ms=5440 q_pkts=411 q_bytes=618144 qdelay_l_ms=1.07086 qdelay_c_ms=285.012 ecn_mark=370 drop=0
[QUEUE_STATS] t_ms=5456 q_pkts=403 q_bytes=606112 qdelay_l_ms=0.951679 qdelay_c_ms=278.93 ecn_mark=372 drop=0
[QUEUE_STATS] t_ms=5472 q_pkts=393 q_bytes=591072 qdelay_l_ms=1.02582 qdelay_c_ms=270.229 ecn_mark=373 drop=0
[QUEUE_STATS] t_ms=5488 q_pkts=392 q_bytes=589568 qdelay_l_ms=1.07231 qdelay_c_ms=263.541 ecn_mark=373 drop=0
[QUEUE_STATS] t_ms=5504 q_pkts=392 q_bytes=589568 qdelay_l_ms=1.05966 qdelay_c_ms=257.144 ecn_mark=374 drop=0
[QUEUE_STATS] t_ms=5520 q_pkts=392 q_bytes=589568 qdelay_l_ms=0.885995 qdelay_c_ms=248.158 ecn_mark=377 drop=0
[QUEUE_STATS] t_ms=5536 q_pkts=394 q_bytes=592576 qdelay_l_ms=1.07122 qdelay_c_ms=243.982 ecn_mark=377 drop=0
[QUEUE_STATS] t_ms=5552 q_pkts=395 q_bytes=594080 qdelay_l_ms=0.962348 qdelay_c_ms=234.013 ecn_mark=379 drop=0
[QUEUE_STATS] t_ms=5568 q_pkts=393 q_bytes=591072 qdelay_l_ms=0.905332 qdelay_c_ms=226.982 ecn_mark=379 drop=0
[QUEUE_STATS] t_ms=5584 q_pkts=396 q_bytes=595584 qdelay_l_ms=0.918697 qdelay_c_ms=219.841 ecn_mark=383 drop=0
[QUEUE_STATS] t_ms=5600 q_pkts=396 q_bytes=595584 qdelay_l_ms=1.06645 qdelay_c_ms=211.04 ecn_mark=386 drop=0
[QUEUE_STATS] t_ms=5616 q_pkts=394 q_bytes=592576 qdelay_l_ms=1.05592 qdelay_c_ms=205.12 ecn_mark=387 drop=0
[QUEUE_STATS] t_ms=5632 q_pkts=396 q_bytes=595584 qdelay_l_ms=0 qdelay_c_ms=199.039 ecn_mark=387 drop=0
[QUEUE_STATS] t_ms=5648 q_pkts=397 q_bytes=597088 qdelay_l_ms=1.07614 qdelay_c_ms=189.123 ecn_mark=390 drop=0
[QUEUE_STATS] t_ms=5664 q_pkts=395 q_bytes=594080 qdelay_l_ms=1.04932 qdelay_c_ms=186.559 ecn_mark=391 drop=0
[QUEUE_STATS] t_ms=5680 q_pkts=398 q_bytes=598592 qdelay_l_ms=0 qdelay_c_ms=185.93 ecn_mark=392 drop=0
[QUEUE_STATS] t_ms=5696 q_pkts=399 q_bytes=600096 qdelay_l_ms=1.1069 qdelay_c_ms=184.874 ecn_mark=392 drop=0
[QUEUE_STATS] t_ms=5712 q_pkts=398 q_bytes=598592 qdelay_l_ms=0.905372 qdelay_c_ms=184.765 ecn_mark=392 drop=0
[QUEUE_STATS] t_ms=5728 q_pkts=400 q_bytes=601600 qdelay_l_ms=0.897216 qdelay_c_ms=184.133 ecn_mark=394 drop=0
[QUEUE_STATS] t_ms=5744 q_pkts=402 q_bytes=604608 qdelay_l_ms=1.10038 qdelay_c_ms=183.953 ecn_mark=395 drop=0
[QUEUE_STATS] t_ms=5760 q_pkts=401 q_bytes=603104 qdelay_l_ms=0.926461 qdelay_c_ms=183.632 ecn_mark=395 drop=0
[QUEUE_STATS] t_ms=5776 q_pkts=404 q_bytes=607616 qdelay_l_ms=1.07581 qdelay_c_ms=183.218 ecn_mark=396 drop=0
[QUEUE_STATS] t_ms=5792 q_pkts=403 q_bytes=606112 qdelay_l_ms=1.06432 qdelay_c_ms=184.405 ecn_mark=398 drop=0
[QUEUE_STATS] t_ms=5808 q_pkts=406 q_bytes=610624 qdelay_l_ms=1.10929 qdelay_c_ms=185.949 ecn_mark=399 drop=0
[QUEUE_STATS] t_ms=5824 q_pkts=402 q_bytes=604608 qdelay_l_ms=0.928615 qdelay_c_ms=184.853 ecn_mark=402 drop=0
[QUEUE_STATS] t_ms=5840 q_pkts=407 q_bytes=612128 qdelay_l_ms=1.0592 qdelay_c_ms=186.309 ecn_mark=406 drop=0
[QUEUE_STATS] t_ms=5856 q_pkts=408 q_bytes=613632 qdelay_l_ms=0.916452 qdelay_c_ms=184.921 ecn_mark=406 drop=0
[QUEUE_STATS] t_ms=5872 q_pkts=406 q_bytes=610624 qdelay_l_ms=1.05657 qdelay_c_ms=185.976 ecn_mark=406 drop=0
[QUEUE_STATS] t_ms=5888 q_pkts=407 q_bytes=612128 qdelay_l_ms=1.09647 qdelay_c_ms=184.889 ecn_mark=407 drop=0
[QUEUE_STATS] t_ms=5904 q_pkts=411 q_bytes=618144 qdelay_l_ms=0 qdelay_c_ms=185.039 ecn_mark=407 drop=0
[QUEUE_STATS] t_ms=5920 q_pkts=412 q_bytes=619648 qdelay_l_ms=0.942731 qdelay_c_ms=185.984 ecn_mark=408 drop=0
[QUEUE_STATS] t_ms=5936 q_pkts=412 q_bytes=619648 qdelay_l_ms=1.05486 qdelay_c_ms=186.904 ecn_mark=408 drop=0
[QUEUE_STATS] t_ms=5952 q_pkts=412 q_bytes=619648 qdelay_l_ms=0.901013 qdelay_c_ms=187.112 ecn_mark=409 drop=0
[QUEUE_STATS] t_ms=5968 q_pkts=412 q_bytes=619648 qdelay_l_ms=0.939937 qdelay_c_ms=188.94 ecn_mark=411 drop=0
[QUEUE_STATS] t_ms=5984 q_pkts=413 q_bytes=621152 qdelay_l_ms=1.10115 qdelay_c_ms=186.661 ecn_mark=413 drop=0
[QUEUE_STATS] t_ms=6000 q_pkts=415 q_bytes=624160 qdelay_l_ms=0.928135 qdelay_c_ms=189.134 ecn_mark=416 drop=0
[QUEUE_STATS] t_ms=6016 q_pkts=415 q_bytes=624160 qdelay_l_ms=0.925178 qdelay_c_ms=188.849 ecn_mark=419 drop=0
[QUEUE_STATS] t_ms=6032 q_pkts=417 q_bytes=627168 qdelay_l_ms=0.917344 qdelay_c_ms=187.759 ecn_mark=422 drop=0
[QUEUE_STATS] t_ms=6048 q_pkts=418 q_bytes=628672 qdelay_l_ms=1.06553 qdelay_c_ms=190.356 ecn_mark=423 drop=0
[QUEUE_STATS] t_ms=6064 q_pkts=418 q_bytes=628672 qdelay_l_ms=0.931641 qdelay_c_ms=189.956 ecn_mark=424 drop=0
[QUEUE_STATS] t_ms=6080 q_pkts=421 q_bytes=633184 qdelay_l_ms=0 qdelay_c_ms=188.054 ecn_mark=424 drop=0
[QUEUE_STATS] t_ms=6096 q_pkts=421 q_bytes=633184 qdelay_l_ms=0.913968 qdelay_c_ms=189.799 ecn_mark=425 drop=0
[QUEUE_STATS] t_ms=6112 q_pkts=422 q_bytes=634688 qdelay_l_ms=0.93625 qdelay_c_ms=189.85 ecn_mark=429 drop=0
[QUEUE_STATS] t_ms=6128 q_pkts=424 q_bytes=637696 qdelay_l_ms=1.04218 qdelay_c_ms=187.87 ecn_mark=430 drop=0
[QUEUE_STATS] t_ms=6144 q_pkts=423 q_bytes=636192 qdelay_l_ms=1.09776 qdelay_c_ms=188.977 ecn_mark=431 drop=0
[QUEUE_STATS] t_ms=6160 q_pkts=425 q_bytes=639200 qdelay_l_ms=1.0566 qdelay_c_ms=189.009 ecn_mark=433 drop=0
[QUEUE_STATS] t_ms=6176 q_pkts=426 q_bytes=640704 qdelay_l_ms=0.955185 qdelay_c_ms=188.958 ecn_mark=434 drop=0
[QUEUE_STATS] t_ms=6192 q_pkts=426 q_bytes=640704 qdelay_l_ms=1.07071 qdelay_c_ms=189.889 ecn_mark=436 drop=0
[QUEUE_STATS] t_ms=6208 q_pkts=427 q_bytes=642208 qdelay_l_ms=0.97379 qdelay_c_ms=189.082 ecn_mark=437 drop=0
[QUEUE_STATS] t_ms=6224 q_pkts=429 q_bytes=645216 qdelay_l_ms=0.821254 qdelay_c_ms=190.091 ecn_mark=440 drop=0
[QUEUE_STATS] t_ms=6240 q_pkts=428 q_bytes=643712 qdelay_l_ms=1.08618 qdelay_c_ms=189.781 ecn_mark=445 drop=0
[QUEUE_STATS] t_ms=6256 q_pkts=429 q_bytes=645216 qdelay_l_ms=1.05638 qdelay_c_ms=190.457 ecn_mark=445 drop=0
[QUEUE_STATS] t_ms=6272 q_pkts=429 q_bytes=645216 qdelay_l_ms=0.983017 qdelay_c_ms=189.176 ecn_mark=449 drop=0
[QUEUE_STATS] t_ms=6288 q_pkts=430 q_bytes=646720 qdelay_l_ms=1.05134 qdelay_c_ms=189.57 ecn_mark=451 drop=0
[QUEUE_STATS] t_ms=6304 q_pkts=434 q_bytes=652736 qdelay_l_ms=0.732476 qdelay_c_ms=190.204 ecn_mark=453 drop=0
[QUEUE_STATS] t_ms=6320 q_pkts=434 q_bytes=652736 qdelay_l_ms=0.957811 qdelay_c_ms=189.756 ecn_mark=453 drop=0
[QUEUE_STATS] t_ms=6336 q_pkts=431 q_bytes=648224 qdelay_l_ms=0.841412 qdelay_c_ms=189.046 ecn_mark=454 drop=0
[QUEUE_STATS] t_ms=6352 q_pkts=435 q_bytes=654240 qdelay_l_ms=0.96262 qdelay_c_ms=188.866 ecn_mark=454 drop=0
[QUEUE_STATS] t_ms=6368 q_pkts=436 q_bytes=655744 qdelay_l_ms=0.97339 qdelay_c_ms=190.059 ecn_mark=454 drop=0
[QUEUE_STATS] t_ms=6384 q_pkts=430 q_bytes=646720 qdelay_l_ms=1.07782 qdelay_c_ms=190.876 ecn_mark=456 drop=0
[QUEUE_STATS] t_ms=6400 q_pkts=419 q_bytes=630176 qdelay_l_ms=0.743347 qdelay_c_ms=190.006 ecn_mark=459 drop=0
[QUEUE_STATS] t_ms=6416 q_pkts=412 q_bytes=619648 qdelay_l_ms=1.04745 qdelay_c_ms=192.492 ecn_mark=462 drop=0
[QUEUE_STATS] t_ms=6432 q_pkts=398 q_bytes=598592 qdelay_l_ms=0.978238 qdelay_c_ms=190.83 ecn_mark=463 drop=0
[QUEUE_STATS] t_ms=6448 q_pkts=387 q_bytes=582048 qdelay_l_ms=1.0915 qdelay_c_ms=191.035 ecn_mark=463 drop=0
[QUEUE_STATS] t_ms=6464 q_pkts=377 q_bytes=567008 qdelay_l_ms=0.987977 qdelay_c_ms=191.685 ecn_mark=465 drop=0
[QUEUE_STATS] t_ms=6480 q_pkts=365 q_bytes=548960 qdelay_l_ms=1.08878 qdelay_c_ms=191.244 ecn_mark=465 drop=0
[QUEUE_STATS] t_ms=6496 q_pkts=355 q_bytes=533920 qdelay_l_ms=1.05641 qdelay_c_ms=192.667 ecn_mark=467 drop=0
[QUEUE_STATS] t_ms=6512 q_pkts=345 q_bytes=518880 qdelay_l_ms=0.754839 qdelay_c_ms=193.091 ecn_mark=467 drop=0
[QUEUE_STATS] t_ms=6528 q_pkts=333 q_bytes=500832 qdelay_l_ms=1.07862 qdelay_c_ms=192.015 ecn_mark=468 drop=0
[QUEUE_STATS] t_ms=6544 q_pkts=322 q_bytes=484288 qdelay_l_ms=1.07455 qdelay_c_ms=194.233 ecn_mark=470 drop=0
[QUEUE_STATS] t_ms=6560 q_pkts=312 q_bytes=469248 qdelay_l_ms=1.09315 qdelay_c_ms=194.084 ecn_mark=472 drop=0
[QUEUE_STATS] t_ms=6576 q_pkts=300 q_bytes=451200 qdelay_l_ms=1.0846 qdelay_c_ms=188.847 ecn_mark=475 drop=0
[QUEUE_STATS] t_ms=6592 q_pkts=289 q_bytes=434656 qdelay_l_ms=1.07763 qdelay_c_ms=182.559 ecn_mark=478 drop=0
[QUEUE_STATS] t_ms=6608 q_pkts=279 q_bytes=419616 qdelay_l_ms=1.0735 qdelay_c_ms=175.577 ecn_mark=481 drop=0
[QUEUE_STATS] t_ms=6624 q_pkts=277 q_bytes=416608 qdelay_l_ms=0.993006 qdelay_c_ms=169.095 ecn_mark=485 drop=0
[QUEUE_STATS] t_ms=6640 q_pkts=274 q_bytes=412096 qdelay_l_ms=0.901043 qdelay_c_ms=159.926 ecn_mark=487 drop=0
[QUEUE_STATS] t_ms=6656 q_pkts=266 q_bytes=400064 qdelay_l_ms=1.07666 qdelay_c_ms=153.276 ecn_mark=488 drop=0
[QUEUE_STATS] t_ms=6672 q_pkts=255 q_bytes=383520 qdelay_l_ms=1.02421 qdelay_c_ms=145.968 ecn_mark=488 drop=0
[QUEUE_STATS] t_ms=6688 q_pkts=241 q_bytes=362464 qdelay_l_ms=1.00654 qdelay_c_ms=135.751 ecn_mark=491 drop=0
[QUEUE_STATS] t_ms=6704 q_pkts=230 q_bytes=345920 qdelay_l_ms=0.275357 qdelay_c_ms=130.736 ecn_mark=492 drop=0
[QUEUE_STATS] t_ms=6720 q_pkts=221 q_bytes=332384 qdelay_l_ms=1.0237 qdelay_c_ms=122.033 ecn_mark=494 drop=0
[QUEUE_STATS] t_ms=6736 q_pkts=208 q_bytes=312832 qdelay_l_ms=0.52148 qdelay_c_ms=116.852 ecn_mark=496 drop=0
[QUEUE_STATS] t_ms=6752 q_pkts=197 q_bytes=296288 qdelay_l_ms=1.05342 qdelay_c_ms=117.875 ecn_mark=497 drop=0
[QUEUE_STATS] t_ms=6768 q_pkts=185 q_bytes=278240 qdelay_l_ms=1.04641 qdelay_c_ms=111.792 ecn_mark=501 drop=0
[QUEUE_STATS] t_ms=6784 q_pkts=173 q_bytes=260192 qdelay_l_ms=1.03998 qdelay_c_ms=104.908 ecn_mark=502 drop=0
[QUEUE_STATS] t_ms=6800 q_pkts=162 q_bytes=243648 qdelay_l_ms=1.03641 qdelay_c_ms=97.6478 ecn_mark=507 drop=0
[QUEUE_STATS] t_ms=6816 q_pkts=161 q_bytes=242144 qdelay_l_ms=1.06224 qdelay_c_ms=91.1315 ecn_mark=508 drop=0
[QUEUE_STATS] t_ms=6832 q_pkts=149 q_bytes=224096 qdelay_l_ms=1.0526 qdelay_c_ms=83.7011 ecn_mark=510 drop=0
[QUEUE_STATS] t_ms=6848 q_pkts=140 q_bytes=210560 qdelay_l_ms=0.522062 qdelay_c_ms=77.7011 ecn_mark=511 drop=0
[QUEUE_STATS] t_ms=6864 q_pkts=127 q_bytes=191008 qdelay_l_ms=1.07963 qdelay_c_ms=68.1862 ecn_mark=511 drop=0
[QUEUE_STATS] t_ms=6880 q_pkts=113 q_bytes=169952 qdelay_l_ms=0 qdelay_c_ms=68.1733 ecn_mark=512 drop=0
[QUEUE_STATS] t_ms=6896 q_pkts=104 q_bytes=156416 qdelay_l_ms=1.07462 qdelay_c_ms=60.8461 ecn_mark=513 drop=0
[QUEUE_STATS] t_ms=6912 q_pkts=92 q_bytes=138368 qdelay_l_ms=1.08769 qdelay_c_ms=54.682 ecn_mark=515 drop=0
[QUEUE_STATS] t_ms=6928 q_pkts=80 q_bytes=120320 qdelay_l_ms=1.07564 qdelay_c_ms=44.8669 ecn_mark=517 drop=0
[QUEUE_STATS] t_ms=6944 q_pkts=81 q_bytes=121824 qdelay_l_ms=1.08485 qdelay_c_ms=38.2747 ecn_mark=520 drop=0
[QUEUE_STATS] t_ms=6960 q_pkts=79 q_bytes=118816 qdelay_l_ms=0.598275 qdelay_c_ms=33.8892 ecn_mark=523 drop=0
[QUEUE_STATS] t_ms=6976 q_pkts=80 q_bytes=120320 qdelay_l_ms=1.0942 qdelay_c_ms=32.0433 ecn_mark=527 drop=0
[QUEUE_STATS] t_ms=6992 q_pkts=82 q_bytes=123328 qdelay_l_ms=1.09925 qdelay_c_ms=31.5114 ecn_mark=530 drop=0
[QUEUE_STATS] t_ms=7008 q_pkts=82 q_bytes=123328 qdelay_l_ms=1.07118 qdelay_c_ms=34.0131 ecn_mark=531 drop=0
[QUEUE_STATS] t_ms=7024 q_pkts=80 q_bytes=120320 qdelay_l_ms=1.06685 qdelay_c_ms=31.5749 ecn_mark=531 drop=0
[QUEUE_STATS] t_ms=7040 q_pkts=82 q_bytes=123328 qdelay_l_ms=1.05431 qdelay_c_ms=32.465 ecn_mark=533 drop=0
[QUEUE_STATS] t_ms=7056 q_pkts=84 q_bytes=126336 qdelay_l_ms=0.672574 qdelay_c_ms=32.8295 ecn_mark=534 drop=0
[QUEUE_STATS] t_ms=7072 q_pkts=80 q_bytes=120320 qdelay_l_ms=1.061 qdelay_c_ms=31.1866 ecn_mark=534 drop=0
[QUEUE_STATS] t_ms=7088 q_pkts=82 q_bytes=123328 qdelay_l_ms=1.09603 qdelay_c_ms=33.0144 ecn_mark=535 drop=0
[QUEUE_STATS] t_ms=7104 q_pkts=83 q_bytes=124832 qdelay_l_ms=1.07729 qdelay_c_ms=32.9764 ecn_mark=538 drop=0
[QUEUE_STATS] t_ms=7120 q_pkts=83 q_bytes=124832 qdelay_l_ms=1.10487 qdelay_c_ms=31.1024 ecn_mark=538 drop=0
[QUEUE_STATS] t_ms=7136 q_pkts=82 q_bytes=123328 qdelay_l_ms=1.09648 qdelay_c_ms=32.2766 ecn_mark=538 drop=0
[QUEUE_STATS] t_ms=7152 q_pkts=84 q_bytes=126336 qdelay_l_ms=0.642607 qdelay_c_ms=33.7257 ecn_mark=541 drop=0
[QUEUE_STATS] t_ms=7168 q_pkts=84 q_bytes=126336 qdelay_l_ms=1.09656 qdelay_c_ms=31.8341 ecn_mark=544 drop=0
[QUEUE_STATS] t_ms=7184 q_pkts=82 q_bytes=123328 qdelay_l_ms=1.08723 qdelay_c_ms=33.0147 ecn_mark=545 drop=0
[QUEUE_STATS] t_ms=7200 q_pkts=82 q_bytes=123328 qdelay_l_ms=1.09043 qdelay_c_ms=33.1289 ecn_mark=546 drop=0
[QUEUE_STATS] t_ms=7216 q_pkts=82 q_bytes=123328 qdelay_l_ms=1.07299 qdelay_c_ms=31.6447 ecn_mark=548 drop=0
[QUEUE_STATS] t_ms=7232 q_pkts=85 q_bytes=127840 qdelay_l_ms=1.0617 qdelay_c_ms=34.3737 ecn_mark=550 drop=0
[QUEUE_STATS] t_ms=7248 q_pkts=76 q_bytes=114304 qdelay_l_ms=0 qdelay_c_ms=33.0046 ecn_mark=551 drop=0
[QUEUE_STATS] t_ms=7264 q_pkts=65 q_bytes=97760 qdelay_l_ms=1.06388 qdelay_c_ms=32.8561 ecn_mark=552 drop=0
[QUEUE_STATS] t_ms=7280 q_pkts=53 q_bytes=79712 qdelay_l_ms=1.06763 qdelay_c_ms=31.0485 ecn_mark=552 drop=0
[QUEUE_STATS] t_ms=7296 q_pkts=39 q_bytes=58656 qdelay_l_ms=0.719492 qdelay_c_ms=20.938 ecn_mark=552 drop=0
[QUEUE_STATS] t_ms=7312 q_pkts=25 q_bytes=37600 qdelay_l_ms=1.06909 qdelay_c_ms=15.3602 ecn_mark=554 drop=0
[QUEUE_STATS] t_ms=7328 q_pkts=26 q_bytes=39104 qdelay_l_ms=1.06961 qdelay_c_ms=10.2857 ecn_mark=556 drop=0
[QUEUE_STATS] t_ms=7344 q_pkts=24 q_bytes=36096 qdelay_l_ms=1.06195 qdelay_c_ms=10.0074 ecn_mark=556 drop=0
[QUEUE_STATS] t_ms=7360 q_pkts=25 q_bytes=37600 qdelay_l_ms=1.06682 qdelay_c_ms=10.0179 ecn_mark=558 drop=0
[QUEUE_STATS] t_ms=7376 q_pkts=29 q_bytes=43616 qdelay_l_ms=1.09896 qdelay_c_ms=8.81564 ecn_mark=560 drop=0
[QUEUE_STATS] t_ms=7392 q_pkts=24 q_bytes=36096 qdelay_l_ms=1.06189 qdelay_c_ms=10.0105 ecn_mark=562 drop=0
[QUEUE_STATS] t_ms=7408 q_pkts=25 q_bytes=37600 qdelay_l_ms=0.896746 qdelay_c_ms=8.88847 ecn_mark=563 drop=0
[QUEUE_STATS] t_ms=7424 q_pkts=27 q_bytes=40608 qdelay_l_ms=0.918917 qdelay_c_ms=9.81024 ecn_mark=564 drop=0
[QUEUE_STATS] t_ms=7440 q_pkts=25 q_bytes=37600 qdelay_l_ms=0.726716 qdelay_c_ms=9.00151 ecn_mark=565 drop=0
[QUEUE_STATS] t_ms=7456 q_pkts=24 q_bytes=36096 qdelay_l_ms=1.07851 qdelay_c_ms=10.3229 ecn_mark=565 drop=0
[QUEUE_STATS] t_ms=7472 q_pkts=25 q_bytes=37600 qdelay_l_ms=0.833597 qdelay_c_ms=9.83015 ecn_mark=566 drop=0
[QUEUE_STATS] t_ms=7488 q_pkts=26 q_bytes=39104 qdelay_l_ms=1.06016 qdelay_c_ms=8.9481 ecn_mark=566 drop=0
[QUEUE_STATS] t_ms=7504 q_pkts=26 q_bytes=39104 qdelay_l_ms=1.11618 qdelay_c_ms=9.84014 ecn_mark=567 drop=0
[QUEUE_STATS] t_ms=7520 q_pkts=27 q_bytes=40608 qdelay_l_ms=1.05099 qdelay_c_ms=9.21973 ecn_mark=568 drop=0
[QUEUE_STATS] t_ms=7536 q_pkts=27 q_bytes=40608 qdelay_l_ms=0.868993 qdelay_c_ms=10.7373 ecn_mark=570 drop=0
[QUEUE_STATS] t_ms=7552 q_pkts=26 q_bytes=39104 qdelay_l_ms=1.06553 qdelay_c_ms=10.134 ecn_mark=572 drop=0
[QUEUE_STATS] t_ms=7568 q_pkts=27 q_bytes=40608 qdelay_l_ms=0 qdelay_c_ms=9.28665 ecn_mark=573 drop=0
[QUEUE_STATS] t_ms=7584 q_pkts=28 q_bytes=42112 qdelay_l_ms=0.878862 qdelay_c_ms=9.98967 ecn_mark=575 drop=0
[QUEUE_STATS] t_ms=7600 q_pkts=26 q_bytes=39104 qdelay_l_ms=1.0627 qdelay_c_ms=10.1714 ecn_mark=577 drop=0
[QUEUE_STATS] t_ms=7616 q_pkts=28 q_bytes=42112 qdelay_l_ms=1.07483 qdelay_c_ms=9.44431 ecn_mark=580 drop=0
[QUEUE_STATS] t_ms=7632 q_pkts=26 q_bytes=39104 qdelay_l_ms=0 qdelay_c_ms=10.2895 ecn_mark=584 drop=0
[QUEUE_STATS] t_ms=7648 q_pkts=26 q_bytes=39104 qdelay_l_ms=0.879624 qdelay_c_ms=9.87338 ecn_mark=586 drop=0
[QUEUE_STATS] t_ms=7664 q_pkts=27 q_bytes=40608 qdelay_l_ms=0.319421 qdelay_c_ms=10.0132 ecn_mark=586 drop=0
[QUEUE_STATS] t_ms=7680 q_pkts=28 q_bytes=42112 qdelay_l_ms=1.04914 qdelay_c_ms=9.08336 ecn_mark=589 drop=0
[QUEUE_STATS] t_ms=7696 q_pkts=29 q_bytes=43616 qdelay_l_ms=1.05347 qdelay_c_ms=8.77687 ecn_mark=592 drop=0
[QUEUE_STATS] t_ms=7712 q_pkts=28 q_bytes=42112 qdelay_l_ms=0.332425 qdelay_c_ms=10.5901 ecn_mark=592 drop=0
[QUEUE_STATS] t_ms=7728 q_pkts=27 q_bytes=40608 qdelay_l_ms=0.781118 qdelay_c_ms=9.71299 ecn_mark=593 drop=0
[QUEUE_STATS] t_ms=7744 q_pkts=26 q_bytes=39104 qdelay_l_ms=1.07116 qdelay_c_ms=9.96048 ecn_mark=594 drop=0
[QUEUE_STATS] t_ms=7760 q_pkts=27 q_bytes=40608 qdelay_l_ms=1.03221 qdelay_c_ms=11.082 ecn_mark=595 drop=0
[QUEUE_STATS] t_ms=7776 q_pkts=28 q_bytes=42112 qdelay_l_ms=1.05854 qdelay_c_ms=9.72476 ecn_mark=595 drop=0
[QUEUE_STATS] t_ms=7792 q_pkts=27 q_bytes=40608 qdelay_l_ms=0.968711 qdelay_c_ms=9.08284 ecn_mark=599 drop=0
[QUEUE_STATS] t_ms=7808 q_pkts=28 q_bytes=42112 qdelay_l_ms=0.986154 qdelay_c_ms=9.93676 ecn_mark=601 drop=0
[QUEUE_STATS] t_ms=7824 q_pkts=27 q_bytes=40608 qdelay_l_ms=1.08992 qdelay_c_ms=9.73049 ecn_mark=602 drop=0
[QUEUE_STATS] t_ms=7840 q_pkts=16 q_bytes=24064 qdelay_l_ms=1.08153 qdelay_c_ms=7.25864 ecn_mark=604 drop=0
[QUEUE_STATS] t_ms=7856 q_pkts=5 q_bytes=7520 qdelay_l_ms=1.06537 qdelay_c_ms=1.75494 ecn_mark=605 drop=0
[QUEUE_STATS] t_ms=7872 q_pkts=3 q_bytes=4512 qdelay_l_ms=1.06596 qdelay_c_ms=1.09096 ecn_mark=605 drop=0
[QUEUE_STATS] t_ms=7888 q_pkts=4 q_bytes=6016 qdelay_l_ms=0.583506 qdelay_c_ms=0.577886 ecn_mark=607 drop=0
[QUEUE_STATS] t_ms=7904 q_pkts=2 q_bytes=3008 qdelay_l_ms=1.01591 qdelay_c_ms=0 ecn_mark=608 drop=0
[QUEUE_STATS] t_ms=7920 q_pkts=4 q_bytes=6016 qdelay_l_ms=0.906003 qdelay_c_ms=0.900613 ecn_mark=608 drop=0
[QUEUE_STATS] t_ms=7936 q_pkts=3 q_bytes=4512 qdelay_l_ms=1.06603 qdelay_c_ms=1.07648 ecn_mark=609 drop=0
[QUEUE_STATS] t_ms=7952 q_pkts=3 q_bytes=4512 qdelay_l_ms=1.0682 qdelay_c_ms=1.06192 ecn_mark=610 drop=0
[QUEUE_STATS] t_ms=7968 q_pkts=0 q_bytes=0 qdelay_l_ms=0 qdelay_c_ms=0 ecn_mark=611 drop=0
[QUEUE_STATS] t_ms=7984 q_pkts=4 q_bytes=6016 qdelay_l_ms=1.08479 qdelay_c_ms=1.07784 ecn_mark=612 drop=0
[QUEUE_STATS] t_ms=8000 q_pkts=2 q_bytes=3008 qdelay_l_ms=0.934266 qdelay_c_ms=0.939406 ecn_mark=613 drop=0
[QUEUE_STATS] t_ms=8016 q_pkts=4 q_bytes=6016 qdelay_l_ms=1.09235 qdelay_c_ms=1.08573 ecn_mark=613 drop=0
[QUEUE_STATS] t_ms=8032 q_pkts=0 q_bytes=0 qdelay_l_ms=0 qdelay_c_ms=0 ecn_mark=616 drop=0
[QUEUE_STATS] t_ms=8048 q_pkts=3 q_bytes=4512 qdelay_l_ms=1.06033 qdelay_c_ms=1.08484 ecn_mark=619 drop=0
[QUEUE_STATS] t_ms=8064 q_pkts=3 q_bytes=4512 qdelay_l_ms=1.062 qdelay_c_ms=1.05669 ecn_mark=619 drop=0
[QUEUE_STATS] t_ms=8080 q_pkts=4 q_bytes=6016 qdelay_l_ms=1.08934 qdelay_c_ms=2.00909 ecn_mark=620 drop=0
[QUEUE_STATS] t_ms=8096 q_pkts=4 q_bytes=6016 qdelay_l_ms=1.07329 qdelay_c_ms=1.06626 ecn_mark=621 drop=0
[QUEUE_STATS] t_ms=8112 q_pkts=3 q_bytes=4512 qdelay_l_ms=1.02908 qdelay_c_ms=1.02304 ecn_mark=622 drop=0
[QUEUE_STATS] t_ms=8128 q_pkts=4 q_bytes=6016 qdelay_l_ms=1.07481 qdelay_c_ms=1.06879 ecn_mark=624 drop=0
[QUEUE_STATS] t_ms=8144 q_pkts=6 q_bytes=9024 qdelay_l_ms=1.06007 qdelay_c_ms=1.05223 ecn_mark=627 drop=0
[QUEUE_STATS] t_ms=8160 q_pkts=4 q_bytes=6016 qdelay_l_ms=1.07717 qdelay_c_ms=1.07155 ecn_mark=628 drop=0
[QUEUE_STATS] t_ms=8176 q_pkts=4 q_bytes=6016 qdelay_l_ms=0.942131 qdelay_c_ms=0.937242 ecn_mark=629 drop=0
[QUEUE_STATS] t_ms=8192 q_pkts=3 q_bytes=4512 qdelay_l_ms=1.07599 qdelay_c_ms=1.07024 ecn_mark=631 drop=0
[QUEUE_STATS] t_ms=8208 q_pkts=3 q_bytes=4512 qdelay_l_ms=0.613974 qdelay_c_ms=0.636186 ecn_mark=631 drop=0
[QUEUE_STATS] t_ms=8224 q_pkts=2 q_bytes=3008 qdelay_l_ms=0.938644 qdelay_c_ms=0 ecn_mark=633 drop=0
[QUEUE_STATS] t_ms=8240 q_pkts=1 q_bytes=1504 qdelay_l_ms=1.06328 qdelay_c_ms=0 ecn_mark=635 drop=0
[QUEUE_STATS] t_ms=8256 q_pkts=3 q_bytes=4512 qdelay_l_ms=0.698623 qdelay_c_ms=0.71816 ecn_mark=635 drop=0
[QUEUE_STATS] t_ms=8272 q_pkts=4 q_bytes=6016 qdelay_l_ms=1.09464 qdelay_c_ms=1.08846 ecn_mark=635 drop=0
[QUEUE_STATS] t_ms=8288 q_pkts=1 q_bytes=1504 qdelay_l_ms=1.06631 qdelay_c_ms=0 ecn_mark=637 drop=0
[QUEUE_STATS] t_ms=8304 q_pkts=4 q_bytes=6016 qdelay_l_ms=0.697841 qdelay_c_ms=0.70769 ecn_mark=638 drop=0
[QUEUE_STATS] t_ms=8320 q_pkts=3 q_bytes=4512 qdelay_l_ms=0.644952 qdelay_c_ms=0.63815 ecn_mark=640 drop=0
[QUEUE_STATS] t_ms=8336 q_pkts=4 q_bytes=6016 qdelay_l_ms=1.01474 qdelay_c_ms=1.02558 ecn_mark=643 drop=0
[QUEUE_STATS] t_ms=8352 q_pkts=2 q_bytes=3008 qdelay_l_ms=1.07039 qdelay_c_ms=1.06421 ecn_mark=643 drop=0
[QUEUE_STATS] t_ms=8368 q_pkts=3 q_bytes=4512 qdelay_l_ms=1.06167 qdelay_c_ms=1.09513 ecn_mark=645 drop=0
[QUEUE_STATS] t_ms=8384 q_pkts=5 q_bytes=7520 qdelay_l_ms=1.09786 qdelay_c_ms=1.09214 ecn_mark=645 drop=0
[QUEUE_STATS] t_ms=8400 q_pkts=5 q_bytes=7520 qdelay_l_ms=1.02911 qdelay_c_ms=2.15297 ecn_mark=646 drop=0
[QUEUE_STATS] t_ms=8416 q_pkts=4 q_bytes=6016 qdelay_l_ms=1.08353 qdelay_c_ms=1.07742 ecn_mark=646 drop=0
[QUEUE_STATS] t_ms=8432 q_pkts=1 q_bytes=1504 qdelay_l_ms=0 qdelay_c_ms=1.07798 ecn_mark=646 drop=0
[QUEUE_STATS] t_ms=8448 q_pkts=4 q_bytes=6016 qdelay_l_ms=1.07963 qdelay_c_ms=1.07368 ecn_mark=646 drop=0
[QUEUE_STATS] t_ms=8464 q_pkts=4 q_bytes=6016 qdelay_l_ms=1.00812 qdelay_c_ms=1.02375 ecn_mark=648 drop=0
[QUEUE_STATS] t_ms=8480 q_pkts=5 q_bytes=7520 qdelay_l_ms=0.746453 qdelay_c_ms=2.18266 ecn_mark=648 drop=0
[QUEUE_STATS] t_ms=8496 q_pkts=2 q_bytes=3008 qdelay_l_ms=1.07784 qdelay_c_ms=0 ecn_mark=648 drop=0
[QUEUE_STATS] t_ms=8512 q_pkts=3 q_bytes=4512 qdelay_l_ms=1.08388 qdelay_c_ms=1.07752 ecn_mark=649 drop=0
[QUEUE_STATS] t_ms=8528 q_pkts=8 q_bytes=12032 qdelay_l_ms=1.05444 qdelay_c_ms=2.14238 ecn_mark=649 drop=0
[QUEUE_STATS] t_ms=8544 q_pkts=6 q_bytes=9024 qdelay_l_ms=0.833586 qdelay_c_ms=0.822445 ecn_mark=650 drop=0
[QUEUE_STATS] t_ms=8560 q_pkts=2 q_bytes=3008 qdelay_l_ms=0 qdelay_c_ms=0.733138 ecn_mark=652 drop=0
[QUEUE_STATS] t_ms=8576 q_pkts=4 q_bytes=6016 qdelay_l_ms=1.06973 qdelay_c_ms=1.08931 ecn_mark=652 drop=0
[QUEUE_STATS] t_ms=8592 q_pkts=1 q_bytes=1504 qdelay_l_ms=0.739429 qdelay_c_ms=0 ecn_mark=653 drop=0
[QUEUE_STATS] t_ms=8608 q_pkts=3 q_bytes=4512 qdelay_l_ms=0 qdelay_c_ms=1.07306 ecn_mark=654 drop=0
[QUEUE_STATS] t_ms=8624 q_pkts=3 q_bytes=4512 qdelay_l_ms=1.06661 qdelay_c_ms=2.14521 ecn_mark=654 drop=0
[QUEUE_STATS] t_ms=8640 q_pkts=2 q_bytes=3008 qdelay_l_ms=0 qdelay_c_ms=1.08268 ecn_mark=655 drop=0
[QUEUE_STATS] t_ms=8656 q_pkts=4 q_bytes=6016 qdelay_l_ms=0.73974 qdelay_c_ms=2.19842 ecn_mark=655 drop=0
[QUEUE_STATS] t_ms=8672 q_pkts=6 q_bytes=9024 qdelay_l_ms=1.09776 qdelay_c_ms=1.0919 ecn_mark=657 drop=0
[QUEUE_STATS] t_ms=8688 q_pkts=3 q_bytes=4512 qdelay_l_ms=1.07594 qdelay_c_ms=1.07049 ecn_mark=659 drop=0
[QUEUE_STATS] t_ms=8704 q_pkts=3 q_bytes=4512 qdelay_l_ms=1.08305 qdelay_c_ms=1.80368 ecn_mark=660 drop=0
[QUEUE_STATS] t_ms=8720 q_pkts=5 q_bytes=7520 qdelay_l_ms=1.07359 qdelay_c_ms=1.06812 ecn_mark=660 drop=0
[QUEUE_STATS] t_ms=8736 q_pkts=5 q_bytes=7520 qdelay_l_ms=1.06098 qdelay_c_ms=1.09377 ecn_mark=662 drop=0
[QUEUE_STATS] t_ms=8752 q_pkts=4 q_bytes=6016 qdelay_l_ms=1.04724 qdelay_c_ms=1.04177 ecn_mark=665 drop=0
[QUEUE_STATS] t_ms=8768 q_pkts=2 q_bytes=3008 qdelay_l_ms=1.08108 qdelay_c_ms=0 ecn_mark=665 drop=0
[QUEUE_STATS] t_ms=8784 q_pkts=5 q_bytes=7520 qdelay_l_ms=1.07399 qdelay_c_ms=2.14059 ecn_mark=666 drop=0
[QUEUE_STATS] t_ms=8800 q_pkts=3 q_bytes=4512 qdelay_l_ms=1.06566 qdelay_c_ms=1.06085 ecn_mark=668 drop=0
[QUEUE_STATS] t_ms=8816 q_pkts=3 q_bytes=4512 qdelay_l_ms=1.06612 qdelay_c_ms=1.077 ecn_mark=669 drop=0
[QUEUE_STATS] t_ms=8832 q_pkts=3 q_bytes=4512 qdelay_l_ms=1.08561 qdelay_c_ms=1.07905 ecn_mark=670 drop=0
[QUEUE_STATS] t_ms=8848 q_pkts=5 q_bytes=7520 qdelay_l_ms=1.08701 qdelay_c_ms=1.08065 ecn_mark=670 drop=0
[QUEUE_STATS] t_ms=8864 q_pkts=5 q_bytes=7520 qdelay_l_ms=1.05086 qdelay_c_ms=1.04397 ecn_mark=672 drop=0
[QUEUE_STATS] t_ms=8880 q_pkts=2 q_bytes=3008 qdelay_l_ms=1.08154 qdelay_c_ms=0 ecn_mark=673 drop=0
[QUEUE_STATS] t_ms=8896 q_pkts=3 q_bytes=4512 qdelay_l_ms=0.747284 qdelay_c_ms=0.738588 ecn_mark=673 drop=0
[QUEUE_STATS] t_ms=8912 q_pkts=3 q_bytes=4512 qdelay_l_ms=1.09673 qdelay_c_ms=1.09013 ecn_mark=675 drop=0
[QUEUE_STATS] t_ms=8928 q_pkts=1 q_bytes=1504 qdelay_l_ms=0.762303 qdelay_c_ms=0 ecn_mark=675 drop=0
[QUEUE_STATS] t_ms=8944 q_pkts=2 q_bytes=3008 qdelay_l_ms=1.07534 qdelay_c_ms=1.08237 ecn_mark=677 drop=0
[QUEUE_STATS] t_ms=8960 q_pkts=3 q_bytes=4512 qdelay_l_ms=0.842373 qdelay_c_ms=0.853194 ecn_mark=680 drop=0
[QUEUE_STATS] t_ms=8976 q_pkts=4 q_bytes=6016 qdelay_l_ms=0.766912 qdelay_c_ms=1.84263 ecn_mark=682 drop=0
[QUEUE_STATS] t_ms=8992 q_pkts=4 q_bytes=6016 qdelay_l_ms=0.757563 qdelay_c_ms=2.23768 ecn_mark=684 drop=0
[QUEUE_STATS] t_ms=9008 q_pkts=7 q_bytes=10528 qdelay_l_ms=1.07815 qdelay_c_ms=2.12122 ecn_mark=684 drop=0
[QUEUE_STATS] t_ms=9024 q_pkts=4 q_bytes=6016 qdelay_l_ms=0.83514 qdelay_c_ms=0.829489 ecn_mark=686 drop=0
[QUEUE_STATS] t_ms=9040 q_pkts=4 q_bytes=6016 qdelay_l_ms=0.806746 qdelay_c_ms=0.801617 ecn_mark=688 drop=0
[QUEUE_STATS] t_ms=9056 q_pkts=2 q_bytes=3008 qdelay_l_ms=0.422123 qdelay_c_ms=0.416973 ecn_mark=689 drop=0
[QUEUE_STATS] t_ms=9072 q_pkts=1 q_bytes=1504 qdelay_l_ms=0 qdelay_c_ms=1.05065 ecn_mark=690 drop=0
[QUEUE_STATS] t_ms=9088 q_pkts=3 q_bytes=4512 qdelay_l_ms=1.04515 qdelay_c_ms=1.06357 ecn_mark=692 drop=0
[QUEUE_STATS] t_ms=9104 q_pkts=5 q_bytes=7520 qdelay_l_ms=1.0617 qdelay_c_ms=1.09546 ecn_mark=693 drop=0
[QUEUE_STATS] t_ms=9120 q_pkts=3 q_bytes=4512 qdelay_l_ms=1.08599 qdelay_c_ms=1.08002 ecn_mark=694 drop=0
[QUEUE_STATS] t_ms=9136 q_pkts=4 q_bytes=6016 qdelay_l_ms=1.05744 qdelay_c_ms=1.76333 ecn_mark=695 drop=0
[QUEUE_STATS] t_ms=9152 q_pkts=5 q_bytes=7520 qdelay_l_ms=1.06189 qdelay_c_ms=1.09065 ecn_mark=695 drop=0
[QUEUE_STATS] t_ms=9168 q_pkts=5 q_bytes=7520 qdelay_l_ms=0.908888 qdelay_c_ms=1.99621 ecn_mark=695 drop=0
[QUEUE_STATS] t_ms=9184 q_pkts=2 q_bytes=3008 qdelay_l_ms=1.06293 qdelay_c_ms=1.05523 ecn_mark=696 drop=0
[QUEUE_STATS] t_ms=9200 q_pkts=6 q_bytes=9024 qdelay_l_ms=1.09789 qdelay_c_ms=1.09088 ecn_mark=697 drop=0
[QUEUE_STATS] t_ms=9216 q_pkts=3 q_bytes=4512 qdelay_l_ms=0.761622 qdelay_c_ms=0.783643 ecn_mark=699 drop=0
[QUEUE_STATS] t_ms=9232 q_pkts=3 q_bytes=4512 qdelay_l_ms=0.408127 qdelay_c_ms=0.430599 ecn_mark=701 drop=0
[QUEUE_STATS] t_ms=9248 q_pkts=5 q_bytes=7520 qdelay_l_ms=1.09251 qdelay_c_ms=1.08584 ecn_mark=702 drop=0
[QUEUE_STATS] t_ms=9264 q_pkts=6 q_bytes=9024 qdelay_l_ms=0.765679 qdelay_c_ms=0.759126 ecn_mark=704 drop=0
[QUEUE_STATS] t_ms=9280 q_pkts=2 q_bytes=3008 qdelay_l_ms=1.09404 qdelay_c_ms=1.49256 ecn_mark=705 drop=0
[QUEUE_STATS] t_ms=9296 q_pkts=5 q_bytes=7520 qdelay_l_ms=0.88334 qdelay_c_ms=0.876518 ecn_mark=706 drop=0
[QUEUE_STATS] t_ms=9312 q_pkts=3 q_bytes=4512 qdelay_l_ms=1.05999 qdelay_c_ms=1.07049 ecn_mark=707 drop=0
[QUEUE_STATS] t_ms=9328 q_pkts=5 q_bytes=7520 qdelay_l_ms=1.07325 qdelay_c_ms=2.15584 ecn_mark=707 drop=0
[QUEUE_STATS] t_ms=9344 q_pkts=4 q_bytes=6016 qdelay_l_ms=1.06713 qdelay_c_ms=2.15389 ecn_mark=708 drop=0
[QUEUE_STATS] t_ms=9360 q_pkts=3 q_bytes=4512 qdelay_l_ms=1.0628 qdelay_c_ms=1.08103 ecn_mark=709 drop=0
[QUEUE_STATS] t_ms=9376 q_pkts=3 q_bytes=4512 qdelay_l_ms=0.416072 qdelay_c_ms=0.410251 ecn_mark=709 drop=0
[QUEUE_STATS] t_ms=9392 q_pkts=0 q_bytes=0 qdelay_l_ms=0 qdelay_c_ms=0 ecn_mark=710 drop=0
[QUEUE_STATS] t_ms=9408 q_pkts=3 q_bytes=4512 qdelay_l_ms=1.05864 qdelay_c_ms=1.07025 ecn_mark=712 drop=0
[QUEUE_STATS] t_ms=9424 q_pkts=4 q_bytes=6016 qdelay_l_ms=1.08798 qdelay_c_ms=1.08099 ecn_mark=714 drop=0
[QUEUE_STATS] t_ms=9440 q_pkts=5 q_bytes=7520 qdelay_l_ms=1.05573 qdelay_c_ms=1.0882 ecn_mark=714 drop=0
[QUEUE_STATS] t_ms=9456 q_pkts=5 q_bytes=7520 qdelay_l_ms=1.07329 qdelay_c_ms=1.06685 ecn_mark=718 drop=0
[QUEUE_STATS] t_ms=9472 q_pkts=5 q_bytes=7520 qdelay_l_ms=1.08359 qdelay_c_ms=1.078 ecn_mark=721 drop=0
[QUEUE_STATS] t_ms=9488 q_pkts=3 q_bytes=4512 qdelay_l_ms=0.901775 qdelay_c_ms=0.919468 ecn_mark=722 drop=0
[QUEUE_STATS] t_ms=9504 q_pkts=5 q_bytes=7520 qdelay_l_ms=1.05309 qdelay_c_ms=1.07362 ecn_mark=724 drop=0
[QUEUE_STATS] t_ms=9520 q_pkts=4 q_bytes=6016 qdelay_l_ms=0.400823 qdelay_c_ms=1.45425 ecn_mark=725 drop=0
[QUEUE_STATS] t_ms=9536 q_pkts=1 q_bytes=1504 qdelay_l_ms=1.0814 qdelay_c_ms=0 ecn_mark=728 drop=0
[QUEUE_STATS] t_ms=9552 q_pkts=2 q_bytes=3008 qdelay_l_ms=0.95769 qdelay_c_ms=0 ecn_mark=728 drop=0
[QUEUE_STATS] t_ms=9568 q_pkts=1 q_bytes=1504 qdelay_l_ms=1.07355 qdelay_c_ms=0 ecn_mark=728 drop=0
[QUEUE_STATS] t_ms=9584 q_pkts=4 q_bytes=6016 qdelay_l_ms=0.807488 qdelay_c_ms=0.801136 ecn_mark=729 drop=0
[QUEUE_STATS] t_ms=9600 q_pkts=3 q_bytes=4512 qdelay_l_ms=1.0779 qdelay_c_ms=2.11038 ecn_mark=730 drop=0
[QUEUE_STATS] t_ms=9616 q_pkts=2 q_bytes=3008 qdelay_l_ms=0.564541 qdelay_c_ms=0.559682 ecn_mark=730 drop=0
[QUEUE_STATS] t_ms=9632 q_pkts=5 q_bytes=7520 qdelay_l_ms=1.07533 qdelay_c_ms=1.87252 ecn_mark=732 drop=0
[QUEUE_STATS] t_ms=9648 q_pkts=6 q_bytes=9024 qdelay_l_ms=1.09581 qdelay_c_ms=1.08884 ecn_mark=733 drop=0
[QUEUE_STATS] t_ms=9664 q_pkts=4 q_bytes=6016 qdelay_l_ms=1.0867 qdelay_c_ms=1.08031 ecn_mark=736 drop=0
[QUEUE_STATS] t_ms=9680 q_pkts=3 q_bytes=4512 qdelay_l_ms=1.05271 qdelay_c_ms=1.0768 ecn_mark=737 drop=0
[QUEUE_STATS] t_ms=9696 q_pkts=5 q_bytes=7520 qdelay_l_ms=1.04973 qdelay_c_ms=1.07128 ecn_mark=738 drop=0
[QUEUE_STATS] t_ms=9712 q_pkts=5 q_bytes=7520 qdelay_l_ms=1.0758 qdelay_c_ms=1.90712 ecn_mark=739 drop=0
[QUEUE_STATS] t_ms=9728 q_pkts=5 q_bytes=7520 qdelay_l_ms=1.07163 qdelay_c_ms=2.10453 ecn_mark=740 drop=0
[QUEUE_STATS] t_ms=9744 q_pkts=3 q_bytes=4512 qdelay_l_ms=1.06574 qdelay_c_ms=1.09333 ecn_mark=740 drop=0
[QUEUE_STATS] t_ms=9760 q_pkts=2 q_bytes=3008 qdelay_l_ms=1.08194 qdelay_c_ms=1.07497 ecn_mark=741 drop=0
[QUEUE_STATS] t_ms=9776 q_pkts=4 q_bytes=6016 qdelay_l_ms=0.824239 qdelay_c_ms=1.65789 ecn_mark=742 drop=0
[QUEUE_STATS] t_ms=9792 q_pkts=4 q_bytes=6016 qdelay_l_ms=0.829629 qdelay_c_ms=0.823438 ecn_mark=743 drop=0
[QUEUE_STATS] t_ms=9808 q_pkts=3 q_bytes=4512 qdelay_l_ms=0.948753 qdelay_c_ms=0.942752 ecn_mark=745 drop=0
[QUEUE_STATS] t_ms=9824 q_pkts=6 q_bytes=9024 qdelay_l_ms=0.84068 qdelay_c_ms=1.72803 ecn_mark=746 drop=0
[QUEUE_STATS] t_ms=9840 q_pkts=4 q_bytes=6016 qdelay_l_ms=1.09533 qdelay_c_ms=1.08817 ecn_mark=747 drop=0
[QUEUE_STATS] t_ms=9856 q_pkts=2 q_bytes=3008 qdelay_l_ms=0 qdelay_c_ms=0.852943 ecn_mark=749 drop=0
[QUEUE_STATS] t_ms=9872 q_pkts=2 q_bytes=3008 qdelay_l_ms=0.916843 qdelay_c_ms=0 ecn_mark=749 drop=0
[QUEUE_STATS] t_ms=9888 q_pkts=5 q_bytes=7520 qdelay_l_ms=1.06788 qdelay_c_ms=1.0629 ecn_mark=750 drop=0
[QUEUE_STATS] t_ms=9904 q_pkts=3 q_bytes=4512 qdelay_l_ms=0.86215 qdelay_c_ms=0.855958 ecn_mark=750 drop=0
[QUEUE_STATS] t_ms=9920 q_pkts=4 q_bytes=6016 qdelay_l_ms=1.07123 qdelay_c_ms=1.06486 ecn_mark=751 drop=0
[QUEUE_STATS] t_ms=9936 q_pkts=6 q_bytes=9024 qdelay_l_ms=1.54973 qdelay_c_ms=1.56051 ecn_mark=751 drop=0
[QUEUE_STATS] t_ms=9952 q_pkts=5 q_bytes=7520 qdelay_l_ms=1.05916 qdelay_c_ms=1.0963 ecn_mark=752 drop=0
[QUEUE_STATS] t_ms=9968 q_pkts=6 q_bytes=9024 qdelay_l_ms=1.06133 qdelay_c_ms=2.07513 ecn_mark=752 drop=0
[QUEUE_STATS] t_ms=9984 q_pkts=2 q_bytes=3008 qdelay_l_ms=1.07501 qdelay_c_ms=0 ecn_mark=752 drop=0
[QUEUE_STATS] t_ms=10000 q_pkts=3 q_bytes=4512 qdelay_l_ms=1.06827 qdelay_c_ms=1.0607 ecn_mark=752 drop=0
[QUEUE_STATS] t_ms=10016 q_pkts=5 q_bytes=7520 qdelay_l_ms=0.88885 qdelay_c_ms=1.96586 ecn_mark=753 drop=0
[QUEUE_STATS] t_ms=10032 q_pkts=3 q_bytes=4512 qdelay_l_ms=1.07059 qdelay_c_ms=1.06545 ecn_mark=755 drop=0
[QUEUE_STATS] t_ms=10048 q_pkts=5 q_bytes=7520 qdelay_l_ms=1.08876 qdelay_c_ms=1.08272 ecn_mark=756 drop=0
[QUEUE_STATS] t_ms=10064 q_pkts=5 q_bytes=7520 qdelay_l_ms=1.02917 qdelay_c_ms=1.06234 ecn_mark=758 drop=0
[QUEUE_STATS] t_ms=10080 q_pkts=5 q_bytes=7520 qdelay_l_ms=1.06451 qdelay_c_ms=1.09329 ecn_mark=758 drop=0
[QUEUE_STATS] t_ms=10096 q_pkts=5 q_bytes=7520 qdelay_l_ms=0.815713 qdelay_c_ms=0.806496 ecn_mark=758 drop=0
[QUEUE_STATS] t_ms=10112 q_pkts=6 q_bytes=9024 qdelay_l_ms=1.06972 qdelay_c_ms=1.06386 ecn_mark=760 drop=0
[QUEUE_STATS] t_ms=10128 q_pkts=3 q_bytes=4512 qdelay_l_ms=1.06855 qdelay_c_ms=1.07909 ecn_mark=761 drop=0
[QUEUE_STATS] t_ms=10144 q_pkts=4 q_bytes=6016 qdelay_l_ms=0.769947 qdelay_c_ms=1.83618 ecn_mark=762 drop=0
[QUEUE_STATS] t_ms=10160 q_pkts=6 q_bytes=9024 qdelay_l_ms=0.456889 qdelay_c_ms=0.450677 ecn_mark=764 drop=0
[QUEUE_STATS] t_ms=10176 q_pkts=5 q_bytes=7520 qdelay_l_ms=0.423095 qdelay_c_ms=1.47101 ecn_mark=765 drop=0
[QUEUE_STATS] t_ms=10192 q_pkts=3 q_bytes=4512 qdelay_l_ms=1.05922 qdelay_c_ms=1.07013 ecn_mark=767 drop=0
[QUEUE_STATS] t_ms=10208 q_pkts=5 q_bytes=7520 qdelay_l_ms=1.05463 qdelay_c_ms=1.07659 ecn_mark=768 drop=0
[QUEUE_STATS] t_ms=10224 q_pkts=5 q_bytes=7520 qdelay_l_ms=1.09823 qdelay_c_ms=1.09178 ecn_mark=769 drop=0
[QUEUE_STATS] t_ms=10240 q_pkts=5 q_bytes=7520 qdelay_l_ms=1.04764 qdelay_c_ms=1.07866 ecn_mark=771 drop=0
[QUEUE_STATS] t_ms=10256 q_pkts=1 q_bytes=1504 qdelay_l_ms=1.08643 qdelay_c_ms=0 ecn_mark=772 drop=0
[QUEUE_STATS] t_ms=10272 q_pkts=4 q_bytes=6016 qdelay_l_ms=1.06981 qdelay_c_ms=1.06314 ecn_mark=773 drop=0
[QUEUE_STATS] t_ms=10288 q_pkts=5 q_bytes=7520 qdelay_l_ms=1.06562 qdelay_c_ms=1.50953 ecn_mark=773 drop=0
[QUEUE_STATS] t_ms=10304 q_pkts=3 q_bytes=4512 qdelay_l_ms=0.956668 qdelay_c_ms=0.950126 ecn_mark=774 drop=0
[QUEUE_STATS] t_ms=10320 q_pkts=3 q_bytes=4512 qdelay_l_ms=0.842944 qdelay_c_ms=0.837945 ecn_mark=774 drop=0
[QUEUE_STATS] t_ms=10336 q_pkts=2 q_bytes=3008 qdelay_l_ms=0.828868 qdelay_c_ms=1.28973 ecn_mark=774 drop=0
[QUEUE_STATS] t_ms=10352 q_pkts=3 q_bytes=4512 qdelay_l_ms=0 qdelay_c_ms=1.07252 ecn_mark=774 drop=0
[QUEUE_STATS] t_ms=10368 q_pkts=3 q_bytes=4512 qdelay_l_ms=1.0656 qdelay_c_ms=1.08791 ecn_mark=776 drop=0
[QUEUE_STATS] t_ms=10384 q_pkts=6 q_bytes=9024 qdelay_l_ms=1.07936 qdelay_c_ms=1.07382 ecn_mark=777 drop=0
[QUEUE_STATS] t_ms=10400 q_pkts=2 q_bytes=3008 qdelay_l_ms=1.06062 qdelay_c_ms=1.06628 ecn_mark=777 drop=0
[QUEUE_STATS] t_ms=10416 q_pkts=4 q_bytes=6016 qdelay_l_ms=0.801847 qdelay_c_ms=1.62519 ecn_mark=779 drop=0
[QUEUE_STATS] t_ms=10432 q_pkts=7 q_bytes=10528 qdelay_l_ms=1.11055 qdelay_c_ms=1.68155 ecn_mark=779 drop=0
[QUEUE_STATS] t_ms=10448 q_pkts=5 q_bytes=7520 qdelay_l_ms=0.552318 qdelay_c_ms=1.65007 ecn_mark=779 drop=0
[QUEUE_STATS] t_ms=10464 q_pkts=4 q_bytes=6016 qdelay_l_ms=1.07489 qdelay_c_ms=1.06933 ecn_mark=781 drop=0
[QUEUE_STATS] t_ms=10480 q_pkts=7 q_bytes=10528 qdelay_l_ms=1.04154 qdelay_c_ms=1.07334 ecn_mark=783 drop=0
[QUEUE_STATS] t_ms=10496 q_pkts=4 q_bytes=6016 qdelay_l_ms=0.596792 qdelay_c_ms=1.74239 ecn_mark=784 drop=0
[QUEUE_STATS] t_ms=10512 q_pkts=4 q_bytes=6016 qdelay_l_ms=1.08665 qdelay_c_ms=1.07995 ecn_mark=786 drop=0
[QUEUE_STATS] t_ms=10528 q_pkts=5 q_bytes=7520 qdelay_l_ms=1.07926 qdelay_c_ms=2.11589 ecn_mark=787 drop=0
[QUEUE_STATS] t_ms=10544 q_pkts=4 q_bytes=6016 qdelay_l_ms=1.07261 qdelay_c_ms=2.16687 ecn_mark=787 drop=0
[QUEUE_STATS] t_ms=10560 q_pkts=4 q_bytes=6016 qdelay_l_ms=0.586993 qdelay_c_ms=1.65844 ecn_mark=791 drop=0
[QUEUE_STATS] t_ms=10576 q_pkts=3 q_bytes=4512 qdelay_l_ms=0 qdelay_c_ms=1.25695 ecn_mark=793 drop=0
[QUEUE_STATS] t_ms=10592 q_pkts=3 q_bytes=4512 qdelay_l_ms=1.08616 qdelay_c_ms=1.08002 ecn_mark=794 drop=0
[QUEUE_STATS] t_ms=10608 q_pkts=3 q_bytes=4512 qdelay_l_ms=0.924878 qdelay_c_ms=0.918686 ecn_mark=794 drop=0
[QUEUE_STATS] t_ms=10624 q_pkts=1 q_bytes=1504 qdelay_l_ms=1.07087 qdelay_c_ms=0 ecn_mark=795 drop=0
[QUEUE_STATS] t_ms=10640 q_pkts=3 q_bytes=4512 qdelay_l_ms=1.0578 qdelay_c_ms=1.06779 ecn_mark=797 drop=0
[QUEUE_STATS] t_ms=10656 q_pkts=4 q_bytes=6016 qdelay_l_ms=0.710485 qdelay_c_ms=1.84165 ecn_mark=797 drop=0
[QUEUE_STATS] t_ms=10672 q_pkts=7 q_bytes=10528 qdelay_l_ms=1.04065 qdelay_c_ms=2.08755 ecn_mark=797 drop=0
[QUEUE_STATS] t_ms=10688 q_pkts=4 q_bytes=6016 qdelay_l_ms=1.08071 qdelay_c_ms=2.12681 ecn_mark=798 drop=0
[QUEUE_STATS] t_ms=10704 q_pkts=2 q_bytes=3008 qdelay_l_ms=1.04238 qdelay_c_ms=1.0355 ecn_mark=799 drop=0
[QUEUE_STATS] t_ms=10720 q_pkts=3 q_bytes=4512 qdelay_l_ms=0.743157 qdelay_c_ms=0.755681 ecn_mark=799 drop=0
[QUEUE_STATS] t_ms=10736 q_pkts=6 q_bytes=9024 qdelay_l_ms=0.841923 qdelay_c_ms=0.834919 ecn_mark=799 drop=0
[QUEUE_STATS] t_ms=10752 q_pkts=2 q_bytes=3008 qdelay_l_ms=1.02154 qdelay_c_ms=0 ecn_mark=799 drop=0
[QUEUE_STATS] t_ms=10768 q_pkts=2 q_bytes=3008 qdelay_l_ms=1.07639 qdelay_c_ms=0 ecn_mark=800 drop=0
[QUEUE_STATS] t_ms=10784 q_pkts=4 q_bytes=6016 qdelay_l_ms=1.06412 qdelay_c_ms=2.15809 ecn_mark=801 drop=0
[QUEUE_STATS] t_ms=10800 q_pkts=3 q_bytes=4512 qdelay_l_ms=0.46293 qdelay_c_ms=0.457489 ecn_mark=801 drop=0
[QUEUE_STATS] t_ms=10816 q_pkts=6 q_bytes=9024 qdelay_l_ms=0 qdelay_c_ms=1.09144 ecn_mark=801 drop=0
[QUEUE_STATS] t_ms=10832 q_pkts=5 q_bytes=7520 qdelay_l_ms=1.09713 qdelay_c_ms=1.09016 ecn_mark=801 drop=0
[QUEUE_STATS] t_ms=10848 q_pkts=4 q_bytes=6016 qdelay_l_ms=1.09621 qdelay_c_ms=1.08436 ecn_mark=802 drop=0
[QUEUE_STATS] t_ms=10864 q_pkts=5 q_bytes=7520 qdelay_l_ms=1.0919 qdelay_c_ms=1.08296 ecn_mark=804 drop=0
[QUEUE_STATS] t_ms=10880 q_pkts=2 q_bytes=3008 qdelay_l_ms=0.820021 qdelay_c_ms=0.827124 ecn_mark=805 drop=0
[QUEUE_STATS] t_ms=10896 q_pkts=1 q_bytes=1504 qdelay_l_ms=0.828868 qdelay_c_ms=0 ecn_mark=806 drop=0
[QUEUE_STATS] t_ms=10912 q_pkts=3 q_bytes=4512 qdelay_l_ms=1.07544 qdelay_c_ms=1.07005 ecn_mark=806 drop=0
[QUEUE_STATS] t_ms=10928 q_pkts=7 q_bytes=10528 qdelay_l_ms=0.814832 qdelay_c_ms=1.73245 ecn_mark=807 drop=0
[QUEUE_STATS] t_ms=10944 q_pkts=6 q_bytes=9024 qdelay_l_ms=0.838836 qdelay_c_ms=0.83046 ecn_mark=807 drop=0
[QUEUE_STATS] t_ms=10960 q_pkts=0 q_bytes=0 qdelay_l_ms=0 qdelay_c_ms=0 ecn_mark=807 drop=0
[QUEUE_STATS] t_ms=10976 q_pkts=5 q_bytes=7520 qdelay_l_ms=1.05019 qdelay_c_ms=2.1292 ecn_mark=809 drop=0
[QUEUE_STATS] t_ms=10992 q_pkts=4 q_bytes=6016 qdelay_l_ms=1.07438 qdelay_c_ms=2.18267 ecn_mark=811 drop=0
[QUEUE_STATS] t_ms=11008 q_pkts=4 q_bytes=6016 qdelay_l_ms=1.03515 qdelay_c_ms=1.05936 ecn_mark=811 drop=0
[QUEUE_STATS] t_ms=11024 q_pkts=5 q_bytes=7520 qdelay_l_ms=1.06419 qdelay_c_ms=1.09554 ecn_mark=811 drop=0
[QUEUE_STATS] t_ms=11040 q_pkts=3 q_bytes=4512 qdelay_l_ms=0.898509 qdelay_c_ms=0.930088 ecn_mark=812 drop=0
[QUEUE_STATS] t_ms=11056 q_pkts=5 q_bytes=7520 qdelay_l_ms=1.07813 qdelay_c_ms=1.07234 ecn_mark=812 drop=0
[QUEUE_STATS] t_ms=11072 q_pkts=7 q_bytes=10528 qdelay_l_ms=1.06433 qdelay_c_ms=1.78941 ecn_mark=814 drop=0
[QUEUE_STATS] t_ms=11088 q_pkts=2 q_bytes=3008 qdelay_l_ms=0 qdelay_c_ms=0.97908 ecn_mark=816 drop=0
[QUEUE_STATS] t_ms=11104 q_pkts=4 q_bytes=6016 qdelay_l_ms=0.410602 qdelay_c_ms=1.51287 ecn_mark=817 drop=0
[QUEUE_STATS] t_ms=11120 q_pkts=6 q_bytes=9024 qdelay_l_ms=0.807218 qdelay_c_ms=1.88033 ecn_mark=817 drop=0
[QUEUE_STATS] t_ms=11136 q_pkts=5 q_bytes=7520 qdelay_l_ms=1.06128 qdelay_c_ms=1.03371 ecn_mark=818 drop=0
[QUEUE_STATS] t_ms=11152 q_pkts=3 q_bytes=4512 qdelay_l_ms=1.06596 qdelay_c_ms=1.09082 ecn_mark=819 drop=0
[QUEUE_STATS] t_ms=11168 q_pkts=5 q_bytes=7520 qdelay_l_ms=1.09552 qdelay_c_ms=1.08538 ecn_mark=819 drop=0
[QUEUE_STATS] t_ms=11184 q_pkts=4 q_bytes=6016 qdelay_l_ms=0.503576 qdelay_c_ms=1.62984 ecn_mark=820 drop=0
[QUEUE_STATS] t_ms=11200 q_pkts=3 q_bytes=4512 qdelay_l_ms=0 qdelay_c_ms=1.07837 ecn_mark=821 drop=0
[QUEUE_STATS] t_ms=11216 q_pkts=2 q_bytes=3008 qdelay_l_ms=1.08252 qdelay_c_ms=1.0895 ecn_mark=821 drop=0
[QUEUE_STATS] t_ms=11232 q_pkts=2 q_bytes=3008 qdelay_l_ms=1.00842 qdelay_c_ms=2.04007 ecn_mark=822 drop=0
[QUEUE_STATS] t_ms=11248 q_pkts=3 q_bytes=4512 qdelay_l_ms=1.08456 qdelay_c_ms=1.07797 ecn_mark=824 drop=0
[QUEUE_STATS] t_ms=11264 q_pkts=6 q_bytes=9024 qdelay_l_ms=1.08904 qdelay_c_ms=1.07983 ecn_mark=825 drop=0
[QUEUE_STATS] t_ms=11280 q_pkts=5 q_bytes=7520 qdelay_l_ms=1.06547 qdelay_c_ms=1.08834 ecn_mark=826 drop=0
[QUEUE_STATS] t_ms=11296 q_pkts=3 q_bytes=4512 qdelay_l_ms=0.806957 qdelay_c_ms=0.818699 ecn_mark=826 drop=0
[QUEUE_STATS] t_ms=11312 q_pkts=4 q_bytes=6016 qdelay_l_ms=1.08566 qdelay_c_ms=1.07861 ecn_mark=827 drop=0
[QUEUE_STATS] t_ms=11328 q_pkts=2 q_bytes=3008 qdelay_l_ms=1.10455 qdelay_c_ms=1.08323 ecn_mark=827 drop=0
[QUEUE_STATS] t_ms=11344 q_pkts=2 q_bytes=3008 qdelay_l_ms=1.07201 qdelay_c_ms=1.08005 ecn_mark=827 drop=0
[QUEUE_STATS] t_ms=11360 q_pkts=5 q_bytes=7520 qdelay_l_ms=1.06617 qdelay_c_ms=1.87732 ecn_mark=828 drop=0
[QUEUE_STATS] t_ms=11376 q_pkts=5 q_bytes=7520 qdelay_l_ms=1.04543 qdelay_c_ms=1.08591 ecn_mark=828 drop=0
[QUEUE_STATS] t_ms=11392 q_pkts=4 q_bytes=6016 qdelay_l_ms=1.09095 qdelay_c_ms=1.91606 ecn_mark=829 drop=0
[QUEUE_STATS] t_ms=11408 q_pkts=6 q_bytes=9024 qdelay_l_ms=1.10165 qdelay_c_ms=1.09387 ecn_mark=831 drop=0
[QUEUE_STATS] t_ms=11424 q_pkts=1 q_bytes=1504 qdelay_l_ms=0.434066 qdelay_c_ms=0 ecn_mark=833 drop=0
[QUEUE_STATS] t_ms=11440 q_pkts=5 q_bytes=7520 qdelay_l_ms=0.919779 qdelay_c_ms=0.942211 ecn_mark=835 drop=0
[QUEUE_STATS] t_ms=11456 q_pkts=6 q_bytes=9024 qdelay_l_ms=1.07051 qdelay_c_ms=1.06386 ecn_mark=836 drop=0
[QUEUE_STATS] t_ms=11472 q_pkts=3 q_bytes=4512 qdelay_l_ms=1.06839 qdelay_c_ms=1.08176 ecn_mark=839 drop=0
[QUEUE_STATS] t_ms=11488 q_pkts=3 q_bytes=4512 qdelay_l_ms=0.834208 qdelay_c_ms=0.827886 ecn_mark=842 drop=0
[QUEUE_STATS] t_ms=11504 q_pkts=5 q_bytes=7520 qdelay_l_ms=1.06495 qdelay_c_ms=1.6295 ecn_mark=844 drop=0
[QUEUE_STATS] t_ms=11520 q_pkts=3 q_bytes=4512 qdelay_l_ms=0.990692 qdelay_c_ms=2.06939 ecn_mark=844 drop=0
[QUEUE_STATS] t_ms=11536 q_pkts=1 q_bytes=1504 qdelay_l_ms=0 qdelay_c_ms=1.60873 ecn_mark=845 drop=0
[QUEUE_STATS] t_ms=11552 q_pkts=6 q_bytes=9024 qdelay_l_ms=1.06666 qdelay_c_ms=1.0589 ecn_mark=846 drop=0
[QUEUE_STATS] t_ms=11568 q_pkts=1 q_bytes=1504 qdelay_l_ms=1.07806 qdelay_c_ms=0 ecn_mark=848 drop=0
[QUEUE_STATS] t_ms=11584 q_pkts=5 q_bytes=7520 qdelay_l_ms=1.06775 qdelay_c_ms=1.10043 ecn_mark=850 drop=0
[QUEUE_STATS] t_ms=11600 q_pkts=5 q_bytes=7520 qdelay_l_ms=1.06638 qdelay_c_ms=1.0922 ecn_mark=850 drop=0
[QUEUE_STATS] t_ms=11616 q_pkts=4 q_bytes=6016 qdelay_l_ms=1.08681 qdelay_c_ms=1.08111 ecn_mark=851 drop=0
[QUEUE_STATS] t_ms=11632 q_pkts=5 q_bytes=7520 qdelay_l_ms=1.09784 qdelay_c_ms=1.0897 ecn_mark=852 drop=0
[QUEUE_STATS] t_ms=11648 q_pkts=5 q_bytes=7520 qdelay_l_ms=1.0471 qdelay_c_ms=1.03851 ecn_mark=852 drop=0
[QUEUE_STATS] t_ms=11664 q_pkts=4 q_bytes=6016 qdelay_l_ms=1.06838 qdelay_c_ms=2.16713 ecn_mark=853 drop=0
[QUEUE_STATS] t_ms=11680 q_pkts=3 q_bytes=4512 qdelay_l_ms=1.06612 qdelay_c_ms=1.08918 ecn_mark=854 drop=0
[QUEUE_STATS] t_ms=11696 q_pkts=6 q_bytes=9024 qdelay_l_ms=1.08032 qdelay_c_ms=1.07371 ecn_mark=855 drop=0
[QUEUE_STATS] t_ms=11712 q_pkts=3 q_bytes=4512 qdelay_l_ms=0.823498 qdelay_c_ms=0.849657 ecn_mark=855 drop=0
[QUEUE_STATS] t_ms=11728 q_pkts=2 q_bytes=3008 qdelay_l_ms=0.82998 qdelay_c_ms=0.836943 ecn_mark=856 drop=0
[QUEUE_STATS] t_ms=11744 q_pkts=3 q_bytes=4512 qdelay_l_ms=1.08503 qdelay_c_ms=1.07827 ecn_mark=856 drop=0
[QUEUE_STATS] t_ms=11760 q_pkts=4 q_bytes=6016 qdelay_l_ms=0 qdelay_c_ms=2.18247 ecn_mark=856 drop=0
[QUEUE_STATS] t_ms=11776 q_pkts=3 q_bytes=4512 qdelay_l_ms=0.82493 qdelay_c_ms=0.842773 ecn_mark=856 drop=0
[QUEUE_STATS] t_ms=11792 q_pkts=4 q_bytes=6016 qdelay_l_ms=1.08902 qdelay_c_ms=1.87228 ecn_mark=858 drop=0
[QUEUE_STATS] t_ms=11808 q_pkts=3 q_bytes=4512 qdelay_l_ms=1.05197 qdelay_c_ms=1.079 ecn_mark=858 drop=0
[QUEUE_STATS] t_ms=11824 q_pkts=2 q_bytes=3008 qdelay_l_ms=0 qdelay_c_ms=1.07078 ecn_mark=858 drop=0
[QUEUE_STATS] t_ms=11840 q_pkts=4 q_bytes=6016 qdelay_l_ms=1.0978 qdelay_c_ms=1.09032 ecn_mark=858 drop=0
[QUEUE_STATS] t_ms=11856 q_pkts=3 q_bytes=4512 qdelay_l_ms=1.07328 qdelay_c_ms=1.09881 ecn_mark=858 drop=0
[QUEUE_STATS] t_ms=11872 q_pkts=3 q_bytes=4512 qdelay_l_ms=1.12522 qdelay_c_ms=1.09478 ecn_mark=858 drop=0
[QUEUE_STATS] t_ms=11888 q_pkts=7 q_bytes=10528 qdelay_l_ms=1.10427 qdelay_c_ms=1.89065 ecn_mark=859 drop=0
[QUEUE_STATS] t_ms=11904 q_pkts=3 q_bytes=4512 qdelay_l_ms=0.828818 qdelay_c_ms=0.81888 ecn_mark=860 drop=0
[QUEUE_STATS] t_ms=11920 q_pkts=10 q_bytes=15040 qdelay_l_ms=0.78229 qdelay_c_ms=1.81559 ecn_mark=861 drop=0
[QUEUE_STATS] t_ms=11936 q_pkts=5 q_bytes=7520 qdelay_l_ms=1.06523 qdelay_c_ms=1.08744 ecn_mark=863 drop=0
[QUEUE_STATS] t_ms=11952 q_pkts=3 q_bytes=4512 qdelay_l_ms=1.04988 qdelay_c_ms=1.07287 ecn_mark=864 drop=0
[QUEUE_STATS] t_ms=11968 q_pkts=5 q_bytes=7520 qdelay_l_ms=0.801747 qdelay_c_ms=2.41657 ecn_mark=866 drop=0
[QUEUE_STATS] t_ms=11984 q_pkts=3 q_bytes=4512 qdelay_l_ms=1.06636 qdelay_c_ms=1.10347 ecn_mark=866 drop=0
[QUEUE_STATS] t_ms=12000 q_pkts=4 q_bytes=6016 qdelay_l_ms=1.08808 qdelay_c_ms=1.08104 ecn_mark=866 drop=0
[QUEUE_STATS] t_ms=12016 q_pkts=6 q_bytes=9024 qdelay_l_ms=0.780607 qdelay_c_ms=1.76381 ecn_mark=866 drop=0
[QUEUE_STATS] t_ms=12032 q_pkts=4 q_bytes=6016 qdelay_l_ms=1.09083 qdelay_c_ms=1.06927 ecn_mark=866 drop=0
[QUEUE_STATS] t_ms=12048 q_pkts=3 q_bytes=4512 qdelay_l_ms=1.07377 qdelay_c_ms=1.06634 ecn_mark=868 drop=0
[QUEUE_STATS] t_ms=12064 q_pkts=1 q_bytes=1504 qdelay_l_ms=0.994168 qdelay_c_ms=0 ecn_mark=869 drop=0
[QUEUE_STATS] t_ms=12080 q_pkts=5 q_bytes=7520 qdelay_l_ms=1.04791 qdelay_c_ms=1.07946 ecn_mark=869 drop=0
[QUEUE_STATS] t_ms=12096 q_pkts=6 q_bytes=9024 qdelay_l_ms=1.00484 qdelay_c_ms=0.998978 ecn_mark=870 drop=0
[QUEUE_STATS] t_ms=12112 q_pkts=4 q_bytes=6016 qdelay_l_ms=1.04553 qdelay_c_ms=2.06737 ecn_mark=871 drop=0
[QUEUE_STATS] t_ms=12128 q_pkts=2 q_bytes=3008 qdelay_l_ms=1.0653 qdelay_c_ms=0 ecn_mark=872 drop=0
[QUEUE_STATS] t_ms=12144 q_pkts=6 q_bytes=9024 qdelay_l_ms=1.09985 qdelay_c_ms=1.89111 ecn_mark=872 drop=0
[QUEUE_STATS] t_ms=12160 q_pkts=4 q_bytes=6016 qdelay_l_ms=1.08667 qdelay_c_ms=1.07987 ecn_mark=872 drop=0
[QUEUE_STATS] t_ms=12176 q_pkts=5 q_bytes=7520 qdelay_l_ms=1.08179 qdelay_c_ms=2.12867 ecn_mark=872 drop=0
[QUEUE_STATS] t_ms=12192 q_pkts=4 q_bytes=6016 qdelay_l_ms=1.09062 qdelay_c_ms=1.86954 ecn_mark=872 drop=0
[QUEUE_STATS] t_ms=12208 q_pkts=4 q_bytes=6016 qdelay_l_ms=1.07464 qdelay_c_ms=1.64898 ecn_mark=872 drop=0
[QUEUE_STATS] t_ms=12224 q_pkts=5 q_bytes=7520 qdelay_l_ms=0.901784 qdelay_c_ms=0.892757 ecn_mark=874 drop=0
[QUEUE_STATS] t_ms=12240 q_pkts=3 q_bytes=4512 qdelay_l_ms=0.772021 qdelay_c_ms=0.795495 ecn_mark=875 drop=0
[QUEUE_STATS] t_ms=12256 q_pkts=3 q_bytes=4512 qdelay_l_ms=1.04575 qdelay_c_ms=1.03746 ecn_mark=875 drop=0
[QUEUE_STATS] t_ms=12272 q_pkts=6 q_bytes=9024 qdelay_l_ms=0 qdelay_c_ms=0.065773 ecn_mark=875 drop=0
[QUEUE_STATS] t_ms=12288 q_pkts=4 q_bytes=6016 qdelay_l_ms=0 qdelay_c_ms=1.09083 ecn_mark=876 drop=0
[QUEUE_STATS] t_ms=12304 q_pkts=5 q_bytes=7520 qdelay_l_ms=0.423225 qdelay_c_ms=0.415 ecn_mark=876 drop=0
[QUEUE_STATS] t_ms=12320 q_pkts=5 q_bytes=7520 qdelay_l_ms=1.06641 qdelay_c_ms=2.1414 ecn_mark=876 drop=0
[QUEUE_STATS] t_ms=12336 q_pkts=4 q_bytes=6016 qdelay_l_ms=0.761992 qdelay_c_ms=0.75542 ecn_mark=876 drop=0
[QUEUE_STATS] t_ms=12352 q_pkts=3 q_bytes=4512 qdelay_l_ms=1.06595 qdelay_c_ms=1.0903 ecn_mark=880 drop=0
[QUEUE_STATS] t_ms=12368 q_pkts=4 q_bytes=6016 qdelay_l_ms=1.06293 qdelay_c_ms=1.09292 ecn_mark=880 drop=0
[QUEUE_STATS] t_ms=12384 q_pkts=3 q_bytes=4512 qdelay_l_ms=1.07487 qdelay_c_ms=1.06814 ecn_mark=882 drop=0
[QUEUE_STATS] t_ms=12400 q_pkts=3 q_bytes=4512 qdelay_l_ms=1.04912 qdelay_c_ms=1.0419 ecn_mark=882 drop=0
[QUEUE_STATS] t_ms=12416 q_pkts=5 q_bytes=7520 qdelay_l_ms=0.836221 qdelay_c_ms=0.871979 ecn_mark=882 drop=0
[QUEUE_STATS] t_ms=12432 q_pkts=3 q_bytes=4512 qdelay_l_ms=0.738609 qdelay_c_ms=0.764006 ecn_mark=884 drop=0
[QUEUE_STATS] t_ms=12448 q_pkts=3 q_bytes=4512 qdelay_l_ms=0.363113 qdelay_c_ms=0.395193 ecn_mark=885 drop=0
[QUEUE_STATS] t_ms=12464 q_pkts=6 q_bytes=9024 qdelay_l_ms=1.0664 qdelay_c_ms=2.14691 ecn_mark=886 drop=0
[QUEUE_STATS] t_ms=12480 q_pkts=3 q_bytes=4512 qdelay_l_ms=1.07674 qdelay_c_ms=1.10202 ecn_mark=886 drop=0
[QUEUE_STATS] t_ms=12496 q_pkts=3 q_bytes=4512 qdelay_l_ms=1.07902 qdelay_c_ms=1.07315 ecn_mark=887 drop=0
[QUEUE_STATS] t_ms=12512 q_pkts=2 q_bytes=3008 qdelay_l_ms=0 qdelay_c_ms=1.07029 ecn_mark=887 drop=0
[QUEUE_STATS] t_ms=12528 q_pkts=3 q_bytes=4512 qdelay_l_ms=0.754117 qdelay_c_ms=0.747645 ecn_mark=887 drop=0
[QUEUE_STATS] t_ms=12544 q_pkts=3 q_bytes=4512 qdelay_l_ms=1.05634 qdelay_c_ms=2.16765 ecn_mark=888 drop=0
[QUEUE_STATS] t_ms=12560 q_pkts=7 q_bytes=10528 qdelay_l_ms=1.09953 qdelay_c_ms=2.06836 ecn_mark=889 drop=0
[QUEUE_STATS] t_ms=12576 q_pkts=7 q_bytes=10528 qdelay_l_ms=1.10103 qdelay_c_ms=1.09446 ecn_mark=892 drop=0
[QUEUE_STATS] t_ms=12592 q_pkts=5 q_bytes=7520 qdelay_l_ms=0.783542 qdelay_c_ms=0.776449 ecn_mark=893 drop=0
[QUEUE_STATS] t_ms=12608 q_pkts=5 q_bytes=7520 qdelay_l_ms=1.06112 qdelay_c_ms=2.17707 ecn_mark=895 drop=0
[QUEUE_STATS] t_ms=12624 q_pkts=3 q_bytes=4512 qdelay_l_ms=1.0831 qdelay_c_ms=1.07674 ecn_mark=895 drop=0
[QUEUE_STATS] t_ms=12640 q_pkts=2 q_bytes=3008 qdelay_l_ms=1.07109 qdelay_c_ms=2.11594 ecn_mark=898 drop=0
[QUEUE_STATS] t_ms=12656 q_pkts=3 q_bytes=4512 qdelay_l_ms=1.06823 qdelay_c_ms=1.06003 ecn_mark=901 drop=0
[QUEUE_STATS] t_ms=12672 q_pkts=3 q_bytes=4512 qdelay_l_ms=1.0648 qdelay_c_ms=1.05917 ecn_mark=903 drop=0
[QUEUE_STATS] t_ms=12688 q_pkts=3 q_bytes=4512 qdelay_l_ms=0.743828 qdelay_c_ms=0.754118 ecn_mark=903 drop=0
[QUEUE_STATS] t_ms=12704 q_pkts=2 q_bytes=3008 qdelay_l_ms=1.07558 qdelay_c_ms=1.08313 ecn_mark=903 drop=0
[QUEUE_STATS] t_ms=12720 q_pkts=2 q_bytes=3008 qdelay_l_ms=1.08591 qdelay_c_ms=1.09184 ecn_mark=904 drop=0
[QUEUE_STATS] t_ms=12736 q_pkts=0 q_bytes=0 qdelay_l_ms=0 qdelay_c_ms=0 ecn_mark=905 drop=0
[QUEUE_STATS] t_ms=12752 q_pkts=2 q_bytes=3008 qdelay_l_ms=0.813198 qdelay_c_ms=0.806977 ecn_mark=905 drop=0
[QUEUE_STATS] t_ms=12768 q_pkts=4 q_bytes=6016 qdelay_l_ms=1.08028 qdelay_c_ms=1.07409 ecn_mark=905 drop=0
[QUEUE_STATS] t_ms=12784 q_pkts=5 q_bytes=7520 qdelay_l_ms=1.09138 qdelay_c_ms=1.83192 ecn_mark=908 drop=0
[QUEUE_STATS] t_ms=12800 q_pkts=2 q_bytes=3008 qdelay_l_ms=1.07469 qdelay_c_ms=1.0812 ecn_mark=908 drop=0
[QUEUE_STATS] t_ms=12816 q_pkts=4 q_bytes=6016 qdelay_l_ms=1.08341 qdelay_c_ms=1.07786 ecn_mark=909 drop=0
[QUEUE_STATS] t_ms=12832 q_pkts=3 q_bytes=4512 qdelay_l_ms=0.748366 qdelay_c_ms=0.743006 ecn_mark=911 drop=0
[QUEUE_STATS] t_ms=12848 q_pkts=3 q_bytes=4512 qdelay_l_ms=1.06606 qdelay_c_ms=1.09009 ecn_mark=911 drop=0
[QUEUE_STATS] t_ms=12864 q_pkts=2 q_bytes=3008 qdelay_l_ms=0 qdelay_c_ms=1.0731 ecn_mark=911 drop=0
[QUEUE_STATS] t_ms=12880 q_pkts=2 q_bytes=3008 qdelay_l_ms=0.746934 qdelay_c_ms=0 ecn_mark=912 drop=0
[QUEUE_STATS] t_ms=12896 q_pkts=1 q_bytes=1504 qdelay_l_ms=1.0752 qdelay_c_ms=0 ecn_mark=913 drop=0
[QUEUE_STATS] t_ms=12912 q_pkts=2 q_bytes=3008 qdelay_l_ms=1.07746 qdelay_c_ms=1.08413 ecn_mark=913 drop=0
[QUEUE_STATS] t_ms=12928 q_pkts=3 q_bytes=4512 qdelay_l_ms=1.06059 qdelay_c_ms=1.07133 ecn_mark=913 drop=0
[QUEUE_STATS] t_ms=12944 q_pkts=3 q_bytes=4512 qdelay_l_ms=0.737566 qdelay_c_ms=0.732046 ecn_mark=913 drop=0
[QUEUE_STATS] t_ms=12960 q_pkts=4 q_bytes=6016 qdelay_l_ms=1.07639 qdelay_c_ms=1.07121 ecn_mark=914 drop=0
[QUEUE_STATS] t_ms=12976 q_pkts=1 q_bytes=1504 qdelay_l_ms=1.06114 qdelay_c_ms=0 ecn_mark=915 drop=0
[QUEUE_STATS] t_ms=12992 q_pkts=3 q_bytes=4512 qdelay_l_ms=0.742866 qdelay_c_ms=0.737005 ecn_mark=915 drop=0
[QUEUE_STATS] t_ms=13008 q_pkts=3 q_bytes=4512 qdelay_l_ms=0.751172 qdelay_c_ms=0.761261 ecn_mark=916 drop=0
[QUEUE_STATS] t_ms=13024 q_pkts=4 q_bytes=6016 qdelay_l_ms=1.09168 qdelay_c_ms=1.08513 ecn_mark=918 drop=0
[QUEUE_STATS] t_ms=13040 q_pkts=4 q_bytes=6016 qdelay_l_ms=0.759147 qdelay_c_ms=0.752113 ecn_mark=919 drop=0
[QUEUE_STATS] t_ms=13056 q_pkts=3 q_bytes=4512 qdelay_l_ms=1.05761 qdelay_c_ms=1.06867 ecn_mark=921 drop=0
[QUEUE_STATS] t_ms=13072 q_pkts=2 q_bytes=3008 qdelay_l_ms=0.769356 qdelay_c_ms=0 ecn_mark=922 drop=0
[QUEUE_STATS] t_ms=13088 q_pkts=3 q_bytes=4512 qdelay_l_ms=1.06039 qdelay_c_ms=1.07689 ecn_mark=924 drop=0
[QUEUE_STATS] t_ms=13104 q_pkts=3 q_bytes=4512 qdelay_l_ms=1.05988 qdelay_c_ms=1.07062 ecn_mark=926 drop=0
[QUEUE_STATS] t_ms=13120 q_pkts=3 q_bytes=4512 qdelay_l_ms=1.07122 qdelay_c_ms=1.06617 ecn_mark=926 drop=0
[QUEUE_STATS] t_ms=13136 q_pkts=5 q_bytes=7520 qdelay_l_ms=0.401605 qdelay_c_ms=0.394572 ecn_mark=928 drop=0
[QUEUE_STATS] t_ms=13152 q_pkts=2 q_bytes=3008 qdelay_l_ms=1.08135 qdelay_c_ms=1.07422 ecn_mark=928 drop=0
[QUEUE_STATS] t_ms=13168 q_pkts=3 q_bytes=4512 qdelay_l_ms=1.06372 qdelay_c_ms=1.08577 ecn_mark=931 drop=0
[QUEUE_STATS] t_ms=13184 q_pkts=3 q_bytes=4512 qdelay_l_ms=1.08198 qdelay_c_ms=1.07557 ecn_mark=933 drop=0
[QUEUE_STATS] t_ms=13200 q_pkts=2 q_bytes=3008 qdelay_l_ms=0.804332 qdelay_c_ms=0 ecn_mark=933 drop=0
[QUEUE_STATS] t_ms=13216 q_pkts=2 q_bytes=3008 qdelay_l_ms=1.07467 qdelay_c_ms=0 ecn_mark=933 drop=0
[QUEUE_STATS] t_ms=13232 q_pkts=5 q_bytes=7520 qdelay_l_ms=1.06567 qdelay_c_ms=1.10189 ecn_mark=933 drop=0
[QUEUE_STATS] t_ms=13248 q_pkts=4 q_bytes=6016 qdelay_l_ms=0.710826 qdelay_c_ms=1.46501 ecn_mark=935 drop=0
[QUEUE_STATS] t_ms=13264 q_pkts=3 q_bytes=4512 qdelay_l_ms=0.713431 qdelay_c_ms=0.724442 ecn_mark=938 drop=0
[QUEUE_STATS] t_ms=13280 q_pkts=6 q_bytes=9024 qdelay_l_ms=1.09642 qdelay_c_ms=1.8222 ecn_mark=939 drop=0
[QUEUE_STATS] t_ms=13296 q_pkts=4 q_bytes=6016 qdelay_l_ms=1.0745 qdelay_c_ms=1.80257 ecn_mark=941 drop=0
[QUEUE_STATS] t_ms=13312 q_pkts=1 q_bytes=1504 qdelay_l_ms=1.0748 qdelay_c_ms=0 ecn_mark=941 drop=0
[QUEUE_STATS] t_ms=13328 q_pkts=3 q_bytes=4512 qdelay_l_ms=1.08678 qdelay_c_ms=1.08049 ecn_mark=941 drop=0
[QUEUE_STATS] t_ms=13344 q_pkts=3 q_bytes=4512 qdelay_l_ms=0.725854 qdelay_c_ms=0.742746 ecn_mark=942 drop=0
[QUEUE_STATS] t_ms=13360 q_pkts=3 q_bytes=4512 qdelay_l_ms=1.06516 qdelay_c_ms=1.09087 ecn_mark=942 drop=0
[QUEUE_STATS] t_ms=13376 q_pkts=2 q_bytes=3008 qdelay_l_ms=0.76092 qdelay_c_ms=1.87668 ecn_mark=942 drop=0
[QUEUE_STATS] t_ms=13392 q_pkts=4 q_bytes=6016 qdelay_l_ms=1.08145 qdelay_c_ms=1.07604 ecn_mark=942 drop=0
[QUEUE_STATS] t_ms=13408 q_pkts=4 q_bytes=6016 qdelay_l_ms=1.07889 qdelay_c_ms=1.07177 ecn_mark=943 drop=0
[QUEUE_STATS] t_ms=13424 q_pkts=4 q_bytes=6016 qdelay_l_ms=1.08691 qdelay_c_ms=1.83521 ecn_mark=944 drop=0
[QUEUE_STATS] t_ms=13440 q_pkts=3 q_bytes=4512 qdelay_l_ms=0.815593 qdelay_c_ms=0.80902 ecn_mark=947 drop=0
[QUEUE_STATS] t_ms=13456 q_pkts=4 q_bytes=6016 qdelay_l_ms=1.09309 qdelay_c_ms=1.08653 ecn_mark=947 drop=0
[QUEUE_STATS] t_ms=13472 q_pkts=5 q_bytes=7520 qdelay_l_ms=1.08629 qdelay_c_ms=1.07988 ecn_mark=949 drop=0
[QUEUE_STATS] t_ms=13488 q_pkts=4 q_bytes=6016 qdelay_l_ms=1.06254 qdelay_c_ms=1.05641 ecn_mark=950 drop=0
[QUEUE_STATS] t_ms=13504 q_pkts=6 q_bytes=9024 qdelay_l_ms=1.066 qdelay_c_ms=1.06016 ecn_mark=950 drop=0
[QUEUE_STATS] t_ms=13520 q_pkts=4 q_bytes=6016 qdelay_l_ms=1.09277 qdelay_c_ms=1.08524 ecn_mark=950 drop=0
[QUEUE_STATS] t_ms=13536 q_pkts=0 q_bytes=0 qdelay_l_ms=0 qdelay_c_ms=0 ecn_mark=950 drop=0
[QUEUE_STATS] t_ms=13552 q_pkts=1 q_bytes=1504 qdelay_l_ms=0.718932 qdelay_c_ms=0 ecn_mark=950 drop=0
[QUEUE_STATS] t_ms=13568 q_pkts=5 q_bytes=7520 qdelay_l_ms=1.06713 qdelay_c_ms=1.10051 ecn_mark=950 drop=0
[QUEUE_STATS] t_ms=13584 q_pkts=4 q_bytes=6016 qdelay_l_ms=0.368933 qdelay_c_ms=1.40852 ecn_mark=951 drop=0
[QUEUE_STATS] t_ms=13600 q_pkts=4 q_bytes=6016 qdelay_l_ms=1.06938 qdelay_c_ms=1.06276 ecn_mark=951 drop=0
[QUEUE_STATS] t_ms=13616 q_pkts=3 q_bytes=4512 qdelay_l_ms=1.07576 qdelay_c_ms=1.09445 ecn_mark=951 drop=0
[QUEUE_STATS] t_ms=13632 q_pkts=5 q_bytes=7520 qdelay_l_ms=1.06963 qdelay_c_ms=1.06421 ecn_mark=951 drop=0
[QUEUE_STATS] t_ms=13648 q_pkts=1 q_bytes=1504 qdelay_l_ms=1.0757 qdelay_c_ms=0 ecn_mark=951 drop=0
[QUEUE_STATS] t_ms=13664 q_pkts=5 q_bytes=7520 qdelay_l_ms=1.09279 qdelay_c_ms=1.08626 ecn_mark=952 drop=0
[QUEUE_STATS] t_ms=13680 q_pkts=4 q_bytes=6016 qdelay_l_ms=1.0718 qdelay_c_ms=1.09101 ecn_mark=952 drop=0
[QUEUE_STATS] t_ms=13696 q_pkts=5 q_bytes=7520 qdelay_l_ms=1.00651 qdelay_c_ms=2.105 ecn_mark=952 drop=0
[QUEUE_STATS] t_ms=13712 q_pkts=5 q_bytes=7520 qdelay_l_ms=1.09374 qdelay_c_ms=1.78269 ecn_mark=953 drop=0
[QUEUE_STATS] t_ms=13728 q_pkts=3 q_bytes=4512 qdelay_l_ms=1.06241 qdelay_c_ms=1.07318 ecn_mark=953 drop=0
[QUEUE_STATS] t_ms=13744 q_pkts=4 q_bytes=6016 qdelay_l_ms=0.980333 qdelay_c_ms=2.10094 ecn_mark=953 drop=0
[QUEUE_STATS] t_ms=13760 q_pkts=6 q_bytes=9024 qdelay_l_ms=0.416122 qdelay_c_ms=0.410271 ecn_mark=953 drop=0
[QUEUE_STATS] t_ms=13776 q_pkts=4 q_bytes=6016 qdelay_l_ms=1.09104 qdelay_c_ms=1.08436 ecn_mark=953 drop=0
[QUEUE_STATS] t_ms=13792 q_pkts=2 q_bytes=3008 qdelay_l_ms=0 qdelay_c_ms=1.07646 ecn_mark=954 drop=0
[QUEUE_STATS] t_ms=13808 q_pkts=6 q_bytes=9024 qdelay_l_ms=0.426501 qdelay_c_ms=0.42027 ecn_mark=955 drop=0
[QUEUE_STATS] t_ms=13824 q_pkts=5 q_bytes=7520 qdelay_l_ms=1.10197 qdelay_c_ms=1.0949 ecn_mark=956 drop=0
[QUEUE_STATS] t_ms=13840 q_pkts=4 q_bytes=6016 qdelay_l_ms=1.08799 qdelay_c_ms=1.08154 ecn_mark=958 drop=0
[QUEUE_STATS] t_ms=13856 q_pkts=4 q_bytes=6016 qdelay_l_ms=1.09119 qdelay_c_ms=1.0854 ecn_mark=958 drop=0
[QUEUE_STATS] t_ms=13872 q_pkts=1 q_bytes=1504 qdelay_l_ms=1.08487 qdelay_c_ms=0 ecn_mark=958 drop=0
[QUEUE_STATS] t_ms=13888 q_pkts=4 q_bytes=6016 qdelay_l_ms=1.08895 qdelay_c_ms=1.08229 ecn_mark=960 drop=0
[QUEUE_STATS] t_ms=13904 q_pkts=6 q_bytes=9024 qdelay_l_ms=1.06637 qdelay_c_ms=1.06086 ecn_mark=961 drop=0
[QUEUE_STATS] t_ms=13920 q_pkts=3 q_bytes=4512 qdelay_l_ms=0.70231 qdelay_c_ms=0.695718 ecn_mark=963 drop=0
[QUEUE_STATS] t_ms=13936 q_pkts=6 q_bytes=9024 qdelay_l_ms=0.590249 qdelay_c_ms=0.583386 ecn_mark=963 drop=0
[QUEUE_STATS] t_ms=13952 q_pkts=4 q_bytes=6016 qdelay_l_ms=1.08741 qdelay_c_ms=1.08112 ecn_mark=964 drop=0
[QUEUE_STATS] t_ms=13968 q_pkts=5 q_bytes=7520 qdelay_l_ms=1.08834 qdelay_c_ms=1.08206 ecn_mark=964 drop=0
[QUEUE_STATS] t_ms=13984 q_pkts=2 q_bytes=3008 qdelay_l_ms=1.07101 qdelay_c_ms=0 ecn_mark=964 drop=0
[QUEUE_STATS] t_ms=14000 q_pkts=4 q_bytes=6016 qdelay_l_ms=1.0737 qdelay_c_ms=1.10421 ecn_mark=966 drop=0
[QUEUE_STATS] t_ms=14016 q_pkts=2 q_bytes=3008 qdelay_l_ms=0 qdelay_c_ms=1.07183 ecn_mark=966 drop=0
[QUEUE_STATS] t_ms=14032 q_pkts=3 q_bytes=4512 qdelay_l_ms=1.05509 qdelay_c_ms=1.08037 ecn_mark=967 drop=0
[QUEUE_STATS] t_ms=14048 q_pkts=3 q_bytes=4512 qdelay_l_ms=0.650583 qdelay_c_ms=0.679488 ecn_mark=969 drop=0
[QUEUE_STATS] t_ms=14064 q_pkts=3 q_bytes=4512 qdelay_l_ms=0.375726 qdelay_c_ms=0.369023 ecn_mark=969 drop=0
[QUEUE_STATS] t_ms=14080 q_pkts=3 q_bytes=4512 qdelay_l_ms=1.06303 qdelay_c_ms=1.08595 ecn_mark=969 drop=0
[QUEUE_STATS] t_ms=14096 q_pkts=3 q_bytes=4512 qdelay_l_ms=0.912004 qdelay_c_ms=0.905962 ecn_mark=970 drop=0
[QUEUE_STATS] t_ms=14112 q_pkts=3 q_bytes=4512 qdelay_l_ms=1.07164 qdelay_c_ms=1.06433 ecn_mark=970 drop=0
[QUEUE_STATS] t_ms=14128 q_pkts=3 q_bytes=4512 qdelay_l_ms=1.0983 qdelay_c_ms=1.09082 ecn_mark=970 drop=0
[QUEUE_STATS] t_ms=14144 q_pkts=2 q_bytes=3008 qdelay_l_ms=0.686189 qdelay_c_ms=0.679867 ecn_mark=971 drop=0
[QUEUE_STATS] t_ms=14160 q_pkts=5 q_bytes=7520 qdelay_l_ms=1.09428 qdelay_c_ms=1.98149 ecn_mark=972 drop=0
[QUEUE_STATS] t_ms=14176 q_pkts=3 q_bytes=4512 qdelay_l_ms=1.04337 qdelay_c_ms=1.06859 ecn_mark=972 drop=0
[QUEUE_STATS] t_ms=14192 q_pkts=5 q_bytes=7520 qdelay_l_ms=1.09244 qdelay_c_ms=1.97719 ecn_mark=972 drop=0
[QUEUE_STATS] t_ms=14208 q_pkts=4 q_bytes=6016 qdelay_l_ms=1.08777 qdelay_c_ms=1.08104 ecn_mark=972 drop=0
[QUEUE_STATS] t_ms=14224 q_pkts=5 q_bytes=7520 qdelay_l_ms=1.07333 qdelay_c_ms=1.10673 ecn_mark=975 drop=0
[QUEUE_STATS] t_ms=14240 q_pkts=6 q_bytes=9024 qdelay_l_ms=1.08373 qdelay_c_ms=1.07469 ecn_mark=977 drop=0
[QUEUE_STATS] t_ms=14256 q_pkts=5 q_bytes=7520 qdelay_l_ms=1.07402 qdelay_c_ms=1.41707 ecn_mark=978 drop=0
[QUEUE_STATS] t_ms=14272 q_pkts=3 q_bytes=4512 qdelay_l_ms=0.887137 qdelay_c_ms=0.881116 ecn_mark=979 drop=0
[QUEUE_STATS] t_ms=14288 q_pkts=4 q_bytes=6016 qdelay_l_ms=1.09373 qdelay_c_ms=1.0874 ecn_mark=980 drop=0
[QUEUE_STATS] t_ms=14304 q_pkts=5 q_bytes=7520 qdelay_l_ms=1.01703 qdelay_c_ms=1.04568 ecn_mark=980 drop=0
[QUEUE_STATS] t_ms=14320 q_pkts=2 q_bytes=3008 qdelay_l_ms=0.87251 qdelay_c_ms=0.878021 ecn_mark=981 drop=0
[QUEUE_STATS] t_ms=14336 q_pkts=3 q_bytes=4512 qdelay_l_ms=1.07429 qdelay_c_ms=1.06879 ecn_mark=982 drop=0
[QUEUE_STATS] t_ms=14352 q_pkts=6 q_bytes=9024 qdelay_l_ms=1.07061 qdelay_c_ms=1.11042 ecn_mark=982 drop=0
[QUEUE_STATS] t_ms=14368 q_pkts=6 q_bytes=9024 qdelay_l_ms=0.882218 qdelay_c_ms=0.892948 ecn_mark=983 drop=0
[QUEUE_STATS] t_ms=14384 q_pkts=3 q_bytes=4512 qdelay_l_ms=1.07592 qdelay_c_ms=2.07831 ecn_mark=983 drop=0
[QUEUE_STATS] t_ms=14400 q_pkts=2 q_bytes=3008 qdelay_l_ms=0.927282 qdelay_c_ms=0 ecn_mark=985 drop=0
[QUEUE_STATS] t_ms=14416 q_pkts=4 q_bytes=6016 qdelay_l_ms=1.09007 qdelay_c_ms=1.0837 ecn_mark=986 drop=0
[QUEUE_STATS] t_ms=14432 q_pkts=6 q_bytes=9024 qdelay_l_ms=1.07214 qdelay_c_ms=1.06614 ecn_mark=987 drop=0
[QUEUE_STATS] t_ms=14448 q_pkts=3 q_bytes=4512 qdelay_l_ms=1.08527 qdelay_c_ms=1.07909 ecn_mark=988 drop=0
[QUEUE_STATS] t_ms=14464 q_pkts=3 q_bytes=4512 qdelay_l_ms=0.889131 qdelay_c_ms=0.883621 ecn_mark=988 drop=0
[QUEUE_STATS] t_ms=14480 q_pkts=4 q_bytes=6016 qdelay_l_ms=1.06522 qdelay_c_ms=1.09141 ecn_mark=990 drop=0
[QUEUE_STATS] t_ms=14496 q_pkts=5 q_bytes=7520 qdelay_l_ms=1.05642 qdelay_c_ms=1.07709 ecn_mark=992 drop=0
[QUEUE_STATS] t_ms=14512 q_pkts=3 q_bytes=4512 qdelay_l_ms=0.879363 qdelay_c_ms=0.873663 ecn_mark=993 drop=0
[QUEUE_STATS] t_ms=14528 q_pkts=5 q_bytes=7520 qdelay_l_ms=1.10134 qdelay_c_ms=1.09422 ecn_mark=993 drop=0
[QUEUE_STATS] t_ms=14544 q_pkts=4 q_bytes=6016 qdelay_l_ms=0.859235 qdelay_c_ms=0.869705 ecn_mark=994 drop=0
[QUEUE_STATS] t_ms=14560 q_pkts=4 q_bytes=6016 qdelay_l_ms=1.07095 qdelay_c_ms=1.09217 ecn_mark=994 drop=0
[QUEUE_STATS] t_ms=14576 q_pkts=4 q_bytes=6016 qdelay_l_ms=1.07144 qdelay_c_ms=1.06476 ecn_mark=995 drop=0
[QUEUE_STATS] t_ms=14592 q_pkts=3 q_bytes=4512 qdelay_l_ms=1.09233 qdelay_c_ms=1.41703 ecn_mark=997 drop=0
[QUEUE_STATS] t_ms=14608 q_pkts=4 q_bytes=6016 qdelay_l_ms=1.01457 qdelay_c_ms=2.08031 ecn_mark=999 drop=0
[QUEUE_STATS] t_ms=14624 q_pkts=5 q_bytes=7520 qdelay_l_ms=1.1021 qdelay_c_ms=1.46012 ecn_mark=1000 drop=0
[QUEUE_STATS] t_ms=14640 q_pkts=1 q_bytes=1504 qdelay_l_ms=0 qdelay_c_ms=1.05882 ecn_mark=1001 drop=0
[QUEUE_STATS] t_ms=14656 q_pkts=5 q_bytes=7520 qdelay_l_ms=1.07635 qdelay_c_ms=2.17817 ecn_mark=1002 drop=0
[QUEUE_STATS] t_ms=14672 q_pkts=4 q_bytes=6016 qdelay_l_ms=0.373752 qdelay_c_ms=1.458 ecn_mark=1003 drop=0
[QUEUE_STATS] t_ms=14688 q_pkts=4 q_bytes=6016 qdelay_l_ms=1.08515 qdelay_c_ms=2.13572 ecn_mark=1005 drop=0
[QUEUE_STATS] t_ms=14704 q_pkts=3 q_bytes=4512 qdelay_l_ms=1.05374 qdelay_c_ms=1.07157 ecn_mark=1009 drop=0
[QUEUE_STATS] t_ms=14720 q_pkts=6 q_bytes=9024 qdelay_l_ms=1.07684 qdelay_c_ms=1.09619 ecn_mark=1012 drop=0
[QUEUE_STATS] t_ms=14736 q_pkts=7 q_bytes=10528 qdelay_l_ms=1.09667 qdelay_c_ms=2.17468 ecn_mark=1012 drop=0
[QUEUE_STATS] t_ms=14752 q_pkts=3 q_bytes=4512 qdelay_l_ms=1.08891 qdelay_c_ms=1.08198 ecn_mark=1013 drop=0
[QUEUE_STATS] t_ms=14768 q_pkts=4 q_bytes=6016 qdelay_l_ms=1.03832 qdelay_c_ms=1.03216 ecn_mark=1014 drop=0
[QUEUE_STATS] t_ms=14784 q_pkts=5 q_bytes=7520 qdelay_l_ms=0.708231 qdelay_c_ms=0.741825 ecn_mark=1014 drop=0
[QUEUE_STATS] t_ms=14800 q_pkts=5 q_bytes=7520 qdelay_l_ms=0.885415 qdelay_c_ms=2.00131 ecn_mark=1014 drop=0
[QUEUE_STATS] t_ms=14816 q_pkts=5 q_bytes=7520 qdelay_l_ms=1.09427 qdelay_c_ms=1.08752 ecn_mark=1016 drop=0
[QUEUE_STATS] t_ms=14832 q_pkts=5 q_bytes=7520 qdelay_l_ms=1.08437 qdelay_c_ms=1.07838 ecn_mark=1017 drop=0
[QUEUE_STATS] t_ms=14848 q_pkts=6 q_bytes=9024 qdelay_l_ms=1.09878 qdelay_c_ms=1.09206 ecn_mark=1017 drop=0
[QUEUE_STATS] t_ms=14864 q_pkts=6 q_bytes=9024 qdelay_l_ms=0.398909 qdelay_c_ms=1.44599 ecn_mark=1017 drop=0
[QUEUE_STATS] t_ms=14880 q_pkts=4 q_bytes=6016 qdelay_l_ms=0.853814 qdelay_c_ms=1.98322 ecn_mark=1017 drop=0
[QUEUE_STATS] t_ms=14896 q_pkts=3 q_bytes=4512 qdelay_l_ms=0.667905 qdelay_c_ms=2.02142 ecn_mark=1019 drop=0
[QUEUE_STATS] t_ms=14912 q_pkts=6 q_bytes=9024 qdelay_l_ms=1.09616 qdelay_c_ms=1.0898 ecn_mark=1021 drop=0
[QUEUE_STATS] t_ms=14928 q_pkts=4 q_bytes=6016 qdelay_l_ms=1.0654 qdelay_c_ms=1.75195 ecn_mark=1021 drop=0
[QUEUE_STATS] t_ms=14944 q_pkts=4 q_bytes=6016 qdelay_l_ms=1.08972 qdelay_c_ms=1.08404 ecn_mark=1022 drop=0
[QUEUE_STATS] t_ms=14960 q_pkts=5 q_bytes=7520 qdelay_l_ms=1.0582 qdelay_c_ms=2.09719 ecn_mark=1022 drop=0
[QUEUE_STATS] t_ms=14976 q_pkts=3 q_bytes=4512 qdelay_l_ms=1.08164 qdelay_c_ms=2.08199 ecn_mark=1023 drop=0
[QUEUE_STATS] t_ms=14992 q_pkts=5 q_bytes=7520 qdelay_l_ms=0.850709 qdelay_c_ms=1.95077 ecn_mark=1023 drop=0
[QUEUE_STATS] t_ms=15008 q_pkts=6 q_bytes=9024 qdelay_l_ms=0.988328 qdelay_c_ms=2.07923 ecn_mark=1023 drop=0
[QUEUE_STATS] t_ms=15024 q_pkts=4 q_bytes=6016 qdelay_l_ms=1.09161 qdelay_c_ms=1.08599 ecn_mark=1023 drop=0
[QUEUE_STATS] t_ms=15040 q_pkts=4 q_bytes=6016 qdelay_l_ms=0.820362 qdelay_c_ms=1.94433 ecn_mark=1023 drop=0
[QUEUE_STATS] t_ms=15056 q_pkts=6 q_bytes=9024 qdelay_l_ms=0.309221 qdelay_c_ms=1.39135 ecn_mark=1024 drop=0
[QUEUE_STATS] t_ms=15072 q_pkts=3 q_bytes=4512 qdelay_l_ms=1.00694 qdelay_c_ms=0.999729 ecn_mark=1024 drop=0
[QUEUE_STATS] t_ms=15088 q_pkts=4 q_bytes=6016 qdelay_l_ms=1.09487 qdelay_c_ms=1.08781 ecn_mark=1024 drop=0
[QUEUE_STATS] t_ms=15104 q_pkts=6 q_bytes=9024 qdelay_l_ms=0.978919 qdelay_c_ms=0.973579 ecn_mark=1024 drop=0
[QUEUE_STATS] t_ms=15120 q_pkts=5 q_bytes=7520 qdelay_l_ms=1.0425 qdelay_c_ms=2.09074 ecn_mark=1026 drop=0
[QUEUE_STATS] t_ms=15136 q_pkts=4 q_bytes=6016 qdelay_l_ms=1.07993 qdelay_c_ms=1.10301 ecn_mark=1027 drop=0
[QUEUE_STATS] t_ms=15152 q_pkts=4 q_bytes=6016 qdelay_l_ms=1.08976 qdelay_c_ms=1.08347 ecn_mark=1028 drop=0
[QUEUE_STATS] t_ms=15168 q_pkts=6 q_bytes=9024 qdelay_l_ms=1.05224 qdelay_c_ms=2.18134 ecn_mark=1028 drop=0
[QUEUE_STATS] t_ms=15184 q_pkts=5 q_bytes=7520 qdelay_l_ms=0.784023 qdelay_c_ms=1.88944 ecn_mark=1028 drop=0
[QUEUE_STATS] t_ms=15200 q_pkts=3 q_bytes=4512 qdelay_l_ms=1.06506 qdelay_c_ms=1.08976 ecn_mark=1029 drop=0
[QUEUE_STATS] t_ms=15216 q_pkts=5 q_bytes=7520 qdelay_l_ms=1.05319 qdelay_c_ms=2.13154 ecn_mark=1029 drop=0
[QUEUE_STATS] t_ms=15232 q_pkts=5 q_bytes=7520 qdelay_l_ms=0.78231 qdelay_c_ms=1.89592 ecn_mark=1029 drop=0
[QUEUE_STATS] t_ms=15248 q_pkts=4 q_bytes=6016 qdelay_l_ms=0.726936 qdelay_c_ms=0.720043 ecn_mark=1031 drop=0
[QUEUE_STATS] t_ms=15264 q_pkts=6 q_bytes=9024 qdelay_l_ms=1.05168 qdelay_c_ms=2.17579 ecn_mark=1032 drop=0
[QUEUE_STATS] t_ms=15280 q_pkts=4 q_bytes=6016 qdelay_l_ms=0.994499 qdelay_c_ms=1.01226 ecn_mark=1032 drop=0
[QUEUE_STATS] t_ms=15296 q_pkts=5 q_bytes=7520 qdelay_l_ms=0.994349 qdelay_c_ms=2.03817 ecn_mark=1032 drop=0
[QUEUE_STATS] t_ms=15312 q_pkts=4 q_bytes=6016 qdelay_l_ms=1.06971 qdelay_c_ms=2.16733 ecn_mark=1033 drop=0
[QUEUE_STATS] t_ms=15328 q_pkts=5 q_bytes=7520 qdelay_l_ms=1.0756 qdelay_c_ms=1.87062 ecn_mark=1034 drop=0
[QUEUE_STATS] t_ms=15344 q_pkts=6 q_bytes=9024 qdelay_l_ms=1.09909 qdelay_c_ms=1.72673 ecn_mark=1034 drop=0
[QUEUE_STATS] t_ms=15360 q_pkts=7 q_bytes=10528 qdelay_l_ms=0.791327 qdelay_c_ms=1.91371 ecn_mark=1035 drop=0
[QUEUE_STATS] t_ms=15376 q_pkts=3 q_bytes=4512 qdelay_l_ms=0 qdelay_c_ms=1.82241 ecn_mark=1035 drop=0
[QUEUE_STATS] t_ms=15392 q_pkts=6 q_bytes=9024 qdelay_l_ms=1.06867 qdelay_c_ms=1.1034 ecn_mark=1035 drop=0
[QUEUE_STATS] t_ms=15408 q_pkts=4 q_bytes=6016 qdelay_l_ms=1.08586 qdelay_c_ms=1.06999 ecn_mark=1036 drop=0
[QUEUE_STATS] t_ms=15424 q_pkts=5 q_bytes=7520 qdelay_l_ms=1.107 qdelay_c_ms=1.10044 ecn_mark=1036 drop=0
[QUEUE_STATS] t_ms=15440 q_pkts=6 q_bytes=9024 qdelay_l_ms=1.09794 qdelay_c_ms=1.09094 ecn_mark=1036 drop=0
[QUEUE_STATS] t_ms=15456 q_pkts=3 q_bytes=4512 qdelay_l_ms=0.636266 qdelay_c_ms=0.629052 ecn_mark=1036 drop=0
[QUEUE_STATS] t_ms=15472 q_pkts=5 q_bytes=7520 qdelay_l_ms=1.06485 qdelay_c_ms=1.09884 ecn_mark=1036 drop=0
[QUEUE_STATS] t_ms=15488 q_pkts=5 q_bytes=7520 qdelay_l_ms=1.03909 qdelay_c_ms=2.12098 ecn_mark=1036 drop=0
[QUEUE_STATS] t_ms=15504 q_pkts=4 q_bytes=6016 qdelay_l_ms=0 qdelay_c_ms=1.79898 ecn_mark=1036 drop=0
[QUEUE_STATS] t_ms=15520 q_pkts=4 q_bytes=6016 qdelay_l_ms=1.03914 qdelay_c_ms=1.06349 ecn_mark=1037 drop=0
[QUEUE_STATS] t_ms=15536 q_pkts=4 q_bytes=6016 qdelay_l_ms=1.05285 qdelay_c_ms=2.13736 ecn_mark=1038 drop=0
[QUEUE_STATS] t_ms=15552 q_pkts=5 q_bytes=7520 qdelay_l_ms=1.0815 qdelay_c_ms=1.07636 ecn_mark=1038 drop=0
[QUEUE_STATS] t_ms=15568 q_pkts=5 q_bytes=7520 qdelay_l_ms=1.07743 qdelay_c_ms=2.18718 ecn_mark=1038 drop=0
[QUEUE_STATS] t_ms=15584 q_pkts=3 q_bytes=4512 qdelay_l_ms=1.08279 qdelay_c_ms=1.7167 ecn_mark=1039 drop=0
[QUEUE_STATS] t_ms=15600 q_pkts=4 q_bytes=6016 qdelay_l_ms=1.03648 qdelay_c_ms=1.04874 ecn_mark=1039 drop=0
[QUEUE_STATS] t_ms=15616 q_pkts=4 q_bytes=6016 qdelay_l_ms=1.07274 qdelay_c_ms=1.09769 ecn_mark=1040 drop=0
[QUEUE_STATS] t_ms=15632 q_pkts=7 q_bytes=10528 qdelay_l_ms=1.07404 qdelay_c_ms=2.18854 ecn_mark=1042 drop=0
[QUEUE_STATS] t_ms=15648 q_pkts=4 q_bytes=6016 qdelay_l_ms=1.09231 qdelay_c_ms=1.08531 ecn_mark=1042 drop=0
[QUEUE_STATS] t_ms=15664 q_pkts=3 q_bytes=4512 qdelay_l_ms=1.07428 qdelay_c_ms=1.51817 ecn_mark=1042 drop=0
[QUEUE_STATS] t_ms=15680 q_pkts=7 q_bytes=10528 qdelay_l_ms=0.800554 qdelay_c_ms=1.88316 ecn_mark=1042 drop=0
[QUEUE_STATS] t_ms=15696 q_pkts=6 q_bytes=9024 qdelay_l_ms=0.88862 qdelay_c_ms=0.922925 ecn_mark=1043 drop=0
[QUEUE_STATS] t_ms=15712 q_pkts=4 q_bytes=6016 qdelay_l_ms=1.07757 qdelay_c_ms=1.07181 ecn_mark=1044 drop=0
[QUEUE_STATS] t_ms=15728 q_pkts=8 q_bytes=12032 qdelay_l_ms=1.07013 qdelay_c_ms=3.02501 ecn_mark=1045 drop=0
[QUEUE_STATS] t_ms=15744 q_pkts=5 q_bytes=7520 qdelay_l_ms=0.913767 qdelay_c_ms=1.96728 ecn_mark=1045 drop=0
[QUEUE_STATS] t_ms=15760 q_pkts=5 q_bytes=7520 qdelay_l_ms=1.04333 qdelay_c_ms=1.07556 ecn_mark=1046 drop=0
[QUEUE_STATS] t_ms=15776 q_pkts=6 q_bytes=9024 qdelay_l_ms=1.08559 qdelay_c_ms=2.20658 ecn_mark=1047 drop=0
[QUEUE_STATS] t_ms=15792 q_pkts=4 q_bytes=6016 qdelay_l_ms=0.797769 qdelay_c_ms=1.85746 ecn_mark=1048 drop=0
[QUEUE_STATS] t_ms=15808 q_pkts=3 q_bytes=4512 qdelay_l_ms=1.092 qdelay_c_ms=1.09882 ecn_mark=1048 drop=0
[QUEUE_STATS] t_ms=15824 q_pkts=8 q_bytes=12032 qdelay_l_ms=1.06777 qdelay_c_ms=2.18498 ecn_mark=1048 drop=0
[QUEUE_STATS] t_ms=15840 q_pkts=4 q_bytes=6016 qdelay_l_ms=1.06992 qdelay_c_ms=2.16365 ecn_mark=1049 drop=0
[QUEUE_STATS] t_ms=15856 q_pkts=4 q_bytes=6016 qdelay_l_ms=0.610067 qdelay_c_ms=0.603104 ecn_mark=1050 drop=0
[QUEUE_STATS] t_ms=15872 q_pkts=7 q_bytes=10528 qdelay_l_ms=1.09864 qdelay_c_ms=2.89975 ecn_mark=1051 drop=0
[QUEUE_STATS] t_ms=15888 q_pkts=2 q_bytes=3008 qdelay_l_ms=1.07838 qdelay_c_ms=1.98171 ecn_mark=1053 drop=0
[QUEUE_STATS] t_ms=15904 q_pkts=8 q_bytes=12032 qdelay_l_ms=1.02992 qdelay_c_ms=2.1824 ecn_mark=1054 drop=0
[QUEUE_STATS] t_ms=15920 q_pkts=9 q_bytes=13536 qdelay_l_ms=0.697541 qdelay_c_ms=2.89952 ecn_mark=1054 drop=0
[QUEUE_STATS] t_ms=15936 q_pkts=5 q_bytes=7520 qdelay_l_ms=1.0643 qdelay_c_ms=2.14586 ecn_mark=1055 drop=0
[QUEUE_STATS] t_ms=15952 q_pkts=4 q_bytes=6016 qdelay_l_ms=1.08403 qdelay_c_ms=1.07783 ecn_mark=1056 drop=0
[QUEUE_STATS] t_ms=15968 q_pkts=6 q_bytes=9024 qdelay_l_ms=1.06583 qdelay_c_ms=1.09936 ecn_mark=1059 drop=0
[QUEUE_STATS] t_ms=15984 q_pkts=7 q_bytes=10528 qdelay_l_ms=0.318488 qdelay_c_ms=1.38092 ecn_mark=1061 drop=0
[QUEUE_STATS] t_ms=16000 q_pkts=7 q_bytes=10528 qdelay_l_ms=1.10401 qdelay_c_ms=1.09713 ecn_mark=1061 drop=0
[QUEUE_STATS] t_ms=16016 q_pkts=5 q_bytes=7520 qdelay_l_ms=1.06877 qdelay_c_ms=1.06271 ecn_mark=1062 drop=0
[QUEUE_STATS] t_ms=16032 q_pkts=5 q_bytes=7520 qdelay_l_ms=1.08292 qdelay_c_ms=1.8296 ecn_mark=1062 drop=0
[QUEUE_STATS] t_ms=16048 q_pkts=6 q_bytes=9024 qdelay_l_ms=0.610758 qdelay_c_ms=2.59461 ecn_mark=1063 drop=0
[QUEUE_STATS] t_ms=16064 q_pkts=6 q_bytes=9024 qdelay_l_ms=1.07142 qdelay_c_ms=1.96551 ecn_mark=1065 drop=0
[QUEUE_STATS] t_ms=16080 q_pkts=7 q_bytes=10528 qdelay_l_ms=1.07784 qdelay_c_ms=2.15266 ecn_mark=1065 drop=0
[QUEUE_STATS] t_ms=16096 q_pkts=5 q_bytes=7520 qdelay_l_ms=1.09093 qdelay_c_ms=1.7761 ecn_mark=1065 drop=0
[QUEUE_STATS] t_ms=16112 q_pkts=6 q_bytes=9024 qdelay_l_ms=1.06118 qdelay_c_ms=2.20665 ecn_mark=1067 drop=0
[QUEUE_STATS] t_ms=16128 q_pkts=9 q_bytes=13536 qdelay_l_ms=0.6115 qdelay_c_ms=2.82347 ecn_mark=1070 drop=0
[QUEUE_STATS] t_ms=16144 q_pkts=7 q_bytes=10528 qdelay_l_ms=1.07097 qdelay_c_ms=1.86895 ecn_mark=1070 drop=0
[QUEUE_STATS] t_ms=16160 q_pkts=7 q_bytes=10528 qdelay_l_ms=1.11158 qdelay_c_ms=1.98603 ecn_mark=1070 drop=0
[QUEUE_STATS] t_ms=16176 q_pkts=8 q_bytes=12032 qdelay_l_ms=1.07121 qdelay_c_ms=2.18457 ecn_mark=1071 drop=0
[QUEUE_STATS] t_ms=16192 q_pkts=8 q_bytes=12032 qdelay_l_ms=0.656183 qdelay_c_ms=1.76463 ecn_mark=1071 drop=0
[QUEUE_STATS] t_ms=16208 q_pkts=8 q_bytes=12032 qdelay_l_ms=1.07025 qdelay_c_ms=2.54887 ecn_mark=1073 drop=0
[QUEUE_STATS] t_ms=16224 q_pkts=8 q_bytes=12032 qdelay_l_ms=1.06151 qdelay_c_ms=3.29239 ecn_mark=1073 drop=0
[QUEUE_STATS] t_ms=16240 q_pkts=8 q_bytes=12032 qdelay_l_ms=1.04933 qdelay_c_ms=2.14734 ecn_mark=1074 drop=0
[QUEUE_STATS] t_ms=16256 q_pkts=8 q_bytes=12032 qdelay_l_ms=1.09259 qdelay_c_ms=2.88053 ecn_mark=1075 drop=0
[QUEUE_STATS] t_ms=16272 q_pkts=7 q_bytes=10528 qdelay_l_ms=1.06696 qdelay_c_ms=2.75771 ecn_mark=1077 drop=0
[QUEUE_STATS] t_ms=16288 q_pkts=9 q_bytes=13536 qdelay_l_ms=1.05931 qdelay_c_ms=2.92113 ecn_mark=1078 drop=0
[QUEUE_STATS] t_ms=16304 q_pkts=12 q_bytes=18048 qdelay_l_ms=0.8513 qdelay_c_ms=3.05842 ecn_mark=1080 drop=0
[QUEUE_STATS] t_ms=16320 q_pkts=8 q_bytes=12032 qdelay_l_ms=1.06709 qdelay_c_ms=3.07505 ecn_mark=1082 drop=0
[QUEUE_STATS] t_ms=16336 q_pkts=10 q_bytes=15040 qdelay_l_ms=0.891375 qdelay_c_ms=3.06843 ecn_mark=1084 drop=0
[QUEUE_STATS] t_ms=16352 q_pkts=11 q_bytes=16544 qdelay_l_ms=1.10198 qdelay_c_ms=4.10163 ecn_mark=1084 drop=0
[QUEUE_STATS] t_ms=16368 q_pkts=11 q_bytes=16544 qdelay_l_ms=1.09624 qdelay_c_ms=4.01862 ecn_mark=1087 drop=0
[QUEUE_STATS] t_ms=16384 q_pkts=10 q_bytes=15040 qdelay_l_ms=1.08096 qdelay_c_ms=3.65077 ecn_mark=1089 drop=0
[QUEUE_STATS] t_ms=16400 q_pkts=12 q_bytes=18048 qdelay_l_ms=1.08148 qdelay_c_ms=3.96328 ecn_mark=1089 drop=0
[QUEUE_STATS] t_ms=16416 q_pkts=12 q_bytes=18048 qdelay_l_ms=1.1095 qdelay_c_ms=3.98116 ecn_mark=1090 drop=0
[QUEUE_STATS] t_ms=16432 q_pkts=10 q_bytes=15040 qdelay_l_ms=1.1269 qdelay_c_ms=3.30752 ecn_mark=1092 drop=0
[QUEUE_STATS] t_ms=16448 q_pkts=12 q_bytes=18048 qdelay_l_ms=0.653078 qdelay_c_ms=4.65898 ecn_mark=1093 drop=0
[QUEUE_STATS] t_ms=16464 q_pkts=13 q_bytes=19552 qdelay_l_ms=0.693764 qdelay_c_ms=4.00903 ecn_mark=1094 drop=0
[QUEUE_STATS] t_ms=16480 q_pkts=12 q_bytes=18048 qdelay_l_ms=0.673215 qdelay_c_ms=3.19632 ecn_mark=1095 drop=0
[QUEUE_STATS] t_ms=16496 q_pkts=11 q_bytes=16544 qdelay_l_ms=1.09247 qdelay_c_ms=4.01233 ecn_mark=1095 drop=0
[QUEUE_STATS] t_ms=16512 q_pkts=11 q_bytes=16544 qdelay_l_ms=1.07487 qdelay_c_ms=3.99503 ecn_mark=1099 drop=0
[QUEUE_STATS] t_ms=16528 q_pkts=11 q_bytes=16544 qdelay_l_ms=0.772602 qdelay_c_ms=2.9543 ecn_mark=1100 drop=0
[QUEUE_STATS] t_ms=16544 q_pkts=12 q_bytes=18048 qdelay_l_ms=0.618943 qdelay_c_ms=3.70439 ecn_mark=1101 drop=0
[QUEUE_STATS] t_ms=16560 q_pkts=13 q_bytes=19552 qdelay_l_ms=1.02961 qdelay_c_ms=5.41204 ecn_mark=1102 drop=0
[QUEUE_STATS] t_ms=16576 q_pkts=12 q_bytes=18048 qdelay_l_ms=1.06456 qdelay_c_ms=5.11313 ecn_mark=1103 drop=0
[QUEUE_STATS] t_ms=16592 q_pkts=12 q_bytes=18048 qdelay_l_ms=0.703211 qdelay_c_ms=3.64634 ecn_mark=1104 drop=0
[QUEUE_STATS] t_ms=16608 q_pkts=12 q_bytes=18048 qdelay_l_ms=1.04339 qdelay_c_ms=5.27278 ecn_mark=1105 drop=0
[QUEUE_STATS] t_ms=16624 q_pkts=13 q_bytes=19552 qdelay_l_ms=1.07933 qdelay_c_ms=4.13085 ecn_mark=1106 drop=0
[QUEUE_STATS] t_ms=16640 q_pkts=13 q_bytes=19552 qdelay_l_ms=1.0432 qdelay_c_ms=3.97326 ecn_mark=1106 drop=0
[QUEUE_STATS] t_ms=16656 q_pkts=12 q_bytes=18048 qdelay_l_ms=1.07024 qdelay_c_ms=4.37673 ecn_mark=1108 drop=0
[QUEUE_STATS] t_ms=16672 q_pkts=13 q_bytes=19552 qdelay_l_ms=0.898689 qdelay_c_ms=4.18238 ecn_mark=1109 drop=0
[QUEUE_STATS] t_ms=16688 q_pkts=12 q_bytes=18048 qdelay_l_ms=1.05125 qdelay_c_ms=5.1594 ecn_mark=1111 drop=0
[QUEUE_STATS] t_ms=16704 q_pkts=13 q_bytes=19552 qdelay_l_ms=0.331243 qdelay_c_ms=3.55405 ecn_mark=1113 drop=0
[QUEUE_STATS] t_ms=16720 q_pkts=15 q_bytes=22560 qdelay_l_ms=1.07812 qdelay_c_ms=4.3725 ecn_mark=1113 drop=0
[QUEUE_STATS] t_ms=16736 q_pkts=14 q_bytes=21056 qdelay_l_ms=0.853064 qdelay_c_ms=4.81719 ecn_mark=1113 drop=0
[QUEUE_STATS] t_ms=16752 q_pkts=12 q_bytes=18048 qdelay_l_ms=1.06601 qdelay_c_ms=4.72923 ecn_mark=1114 drop=0
[QUEUE_STATS] t_ms=16768 q_pkts=14 q_bytes=21056 qdelay_l_ms=1.06699 qdelay_c_ms=4.20966 ecn_mark=1115 drop=0
[QUEUE_STATS] t_ms=16784 q_pkts=15 q_bytes=22560 qdelay_l_ms=1.06868 qdelay_c_ms=6.24622 ecn_mark=1116 drop=0
[QUEUE_STATS] t_ms=16800 q_pkts=14 q_bytes=21056 qdelay_l_ms=1.06756 qdelay_c_ms=5.14863 ecn_mark=1118 drop=0
[QUEUE_STATS] t_ms=16816 q_pkts=14 q_bytes=21056 qdelay_l_ms=1.07372 qdelay_c_ms=4.58373 ecn_mark=1119 drop=0
[QUEUE_STATS] t_ms=16832 q_pkts=13 q_bytes=19552 qdelay_l_ms=0.780937 qdelay_c_ms=4.83651 ecn_mark=1120 drop=0
[QUEUE_STATS] t_ms=16848 q_pkts=14 q_bytes=21056 qdelay_l_ms=0.867331 qdelay_c_ms=4.79647 ecn_mark=1120 drop=0
[QUEUE_STATS] t_ms=16864 q_pkts=13 q_bytes=19552 qdelay_l_ms=0.685679 qdelay_c_ms=5.88114 ecn_mark=1121 drop=0
[QUEUE_STATS] t_ms=16880 q_pkts=15 q_bytes=22560 qdelay_l_ms=1.04909 qdelay_c_ms=5.23478 ecn_mark=1122 drop=0
[QUEUE_STATS] t_ms=16896 q_pkts=14 q_bytes=21056 qdelay_l_ms=1.07323 qdelay_c_ms=5.875 ecn_mark=1123 drop=0
[QUEUE_STATS] t_ms=16912 q_pkts=13 q_bytes=19552 qdelay_l_ms=1.06772 qdelay_c_ms=4.87478 ecn_mark=1123 drop=0
[QUEUE_STATS] t_ms=16928 q_pkts=15 q_bytes=22560 qdelay_l_ms=1.0662 qdelay_c_ms=5.88803 ecn_mark=1124 drop=0
[QUEUE_STATS] t_ms=16944 q_pkts=15 q_bytes=22560 qdelay_l_ms=1.08743 qdelay_c_ms=6.50512 ecn_mark=1124 drop=0
[QUEUE_STATS] t_ms=16960 q_pkts=17 q_bytes=25568 qdelay_l_ms=1.10076 qdelay_c_ms=5.81682 ecn_mark=1125 drop=0
[QUEUE_STATS] t_ms=16976 q_pkts=16 q_bytes=24064 qdelay_l_ms=1.07426 qdelay_c_ms=5.85271 ecn_mark=1125 drop=0
[QUEUE_STATS] t_ms=16992 q_pkts=16 q_bytes=24064 qdelay_l_ms=1.0656 qdelay_c_ms=5.81031 ecn_mark=1127 drop=0
[QUEUE_STATS] t_ms=17008 q_pkts=17 q_bytes=25568 qdelay_l_ms=0.895743 qdelay_c_ms=5.14525 ecn_mark=1128 drop=0
[QUEUE_STATS] t_ms=17024 q_pkts=18 q_bytes=27072 qdelay_l_ms=1.08323 qdelay_c_ms=6.97027 ecn_mark=1128 drop=0
[QUEUE_STATS] t_ms=17040 q_pkts=15 q_bytes=22560 qdelay_l_ms=0.711317 qdelay_c_ms=5.92429 ecn_mark=1130 drop=0
[QUEUE_STATS] t_ms=17056 q_pkts=15 q_bytes=22560 qdelay_l_ms=0.726445 qdelay_c_ms=5.57208 ecn_mark=1131 drop=0
[QUEUE_STATS] t_ms=17072 q_pkts=17 q_bytes=25568 qdelay_l_ms=0.680389 qdelay_c_ms=6.77087 ecn_mark=1132 drop=0
[QUEUE_STATS] t_ms=17088 q_pkts=17 q_bytes=25568 qdelay_l_ms=0.634693 qdelay_c_ms=5.75452 ecn_mark=1134 drop=0
[QUEUE_STATS] t_ms=17104 q_pkts=18 q_bytes=27072 qdelay_l_ms=1.08643 qdelay_c_ms=7.18466 ecn_mark=1134 drop=0
[QUEUE_STATS] t_ms=17120 q_pkts=16 q_bytes=24064 qdelay_l_ms=1.06601 qdelay_c_ms=5.91535 ecn_mark=1135 drop=0
[QUEUE_STATS] t_ms=17136 q_pkts=15 q_bytes=22560 qdelay_l_ms=1.06492 qdelay_c_ms=6.29315 ecn_mark=1136 drop=0
[QUEUE_STATS] t_ms=17152 q_pkts=18 q_bytes=27072 qdelay_l_ms=1.06716 qdelay_c_ms=6.69474 ecn_mark=1136 drop=0
[QUEUE_STATS] t_ms=17168 q_pkts=18 q_bytes=27072 qdelay_l_ms=1.07102 qdelay_c_ms=7.16763 ecn_mark=1136 drop=0
[QUEUE_STATS] t_ms=17184 q_pkts=18 q_bytes=27072 qdelay_l_ms=0.896895 qdelay_c_ms=6.02927 ecn_mark=1136 drop=0
[QUEUE_STATS] t_ms=17200 q_pkts=18 q_bytes=27072 qdelay_l_ms=1.09971 qdelay_c_ms=5.99355 ecn_mark=1138 drop=0
[QUEUE_STATS] t_ms=17216 q_pkts=18 q_bytes=27072 qdelay_l_ms=1.0667 qdelay_c_ms=6.92614 ecn_mark=1140 drop=0
[QUEUE_STATS] t_ms=17232 q_pkts=17 q_bytes=25568 qdelay_l_ms=1.09253 qdelay_c_ms=6.25094 ecn_mark=1140 drop=0
[QUEUE_STATS] t_ms=17248 q_pkts=18 q_bytes=27072 qdelay_l_ms=1.07605 qdelay_c_ms=6.01469 ecn_mark=1142 drop=0
[QUEUE_STATS] t_ms=17264 q_pkts=19 q_bytes=28576 qdelay_l_ms=1.09189 qdelay_c_ms=7.26402 ecn_mark=1143 drop=0
[QUEUE_STATS] t_ms=17280 q_pkts=20 q_bytes=30080 qdelay_l_ms=1.08038 qdelay_c_ms=7.05599 ecn_mark=1143 drop=0
[QUEUE_STATS] t_ms=17296 q_pkts=18 q_bytes=27072 qdelay_l_ms=0.854767 qdelay_c_ms=7.09245 ecn_mark=1143 drop=0
[QUEUE_STATS] t_ms=17312 q_pkts=19 q_bytes=28576 qdelay_l_ms=1.06189 qdelay_c_ms=7.45376 ecn_mark=1144 drop=0
[QUEUE_STATS] t_ms=17328 q_pkts=20 q_bytes=30080 qdelay_l_ms=1.07499 qdelay_c_ms=6.96714 ecn_mark=1144 drop=0
[QUEUE_STATS] t_ms=17344 q_pkts=21 q_bytes=31584 qdelay_l_ms=1.08678 qdelay_c_ms=7.07867 ecn_mark=1144 drop=0
[QUEUE_STATS] t_ms=17360 q_pkts=18 q_bytes=27072 qdelay_l_ms=1.06619 qdelay_c_ms=7.07741 ecn_mark=1145 drop=0
[QUEUE_STATS] t_ms=17376 q_pkts=20 q_bytes=30080 qdelay_l_ms=1.09972 qdelay_c_ms=6.70257 ecn_mark=1148 drop=0
[QUEUE_STATS] t_ms=17392 q_pkts=19 q_bytes=28576 qdelay_l_ms=1.08444 qdelay_c_ms=5.98425 ecn_mark=1150 drop=0
[QUEUE_STATS] t_ms=17408 q_pkts=20 q_bytes=30080 qdelay_l_ms=1.07273 qdelay_c_ms=6.96239 ecn_mark=1151 drop=0
[QUEUE_STATS] t_ms=17424 q_pkts=21 q_bytes=31584 qdelay_l_ms=1.07097 qdelay_c_ms=7.05272 ecn_mark=1152 drop=0
[QUEUE_STATS] t_ms=17440 q_pkts=21 q_bytes=31584 qdelay_l_ms=0.794974 qdelay_c_ms=6.73735 ecn_mark=1152 drop=0
[QUEUE_STATS] t_ms=17456 q_pkts=20 q_bytes=30080 qdelay_l_ms=1.09965 qdelay_c_ms=8.09523 ecn_mark=1154 drop=0
[QUEUE_STATS] t_ms=17472 q_pkts=20 q_bytes=30080 qdelay_l_ms=1.04616 qdelay_c_ms=8.06897 ecn_mark=1154 drop=0
[QUEUE_STATS] t_ms=17488 q_pkts=20 q_bytes=30080 qdelay_l_ms=1.05946 qdelay_c_ms=8.16682 ecn_mark=1154 drop=0
[QUEUE_STATS] t_ms=17504 q_pkts=21 q_bytes=31584 qdelay_l_ms=1.10178 qdelay_c_ms=6.57586 ecn_mark=1155 drop=0
[QUEUE_STATS] t_ms=17520 q_pkts=19 q_bytes=28576 qdelay_l_ms=0.770638 qdelay_c_ms=6.66455 ecn_mark=1156 drop=0
[QUEUE_STATS] t_ms=17536 q_pkts=21 q_bytes=31584 qdelay_l_ms=1.09868 qdelay_c_ms=7.85269 ecn_mark=1159 drop=0
[QUEUE_STATS] t_ms=17552 q_pkts=21 q_bytes=31584 qdelay_l_ms=0.748617 qdelay_c_ms=7.42373 ecn_mark=1161 drop=0
[QUEUE_STATS] t_ms=17568 q_pkts=20 q_bytes=30080 qdelay_l_ms=1.07142 qdelay_c_ms=7.00182 ecn_mark=1163 drop=0
[QUEUE_STATS] t_ms=17584 q_pkts=21 q_bytes=31584 qdelay_l_ms=1.05227 qdelay_c_ms=8.11634 ecn_mark=1163 drop=0
[QUEUE_STATS] t_ms=17600 q_pkts=22 q_bytes=33088 qdelay_l_ms=1.06207 qdelay_c_ms=8.17569 ecn_mark=1164 drop=0
[QUEUE_STATS] t_ms=17616 q_pkts=21 q_bytes=31584 qdelay_l_ms=0.61708 qdelay_c_ms=7.89346 ecn_mark=1167 drop=0
[QUEUE_STATS] t_ms=17632 q_pkts=21 q_bytes=31584 qdelay_l_ms=0.326484 qdelay_c_ms=7.75714 ecn_mark=1167 drop=0
[QUEUE_STATS] t_ms=17648 q_pkts=22 q_bytes=33088 qdelay_l_ms=1.09945 qdelay_c_ms=7.8779 ecn_mark=1167 drop=0
[QUEUE_STATS] t_ms=17664 q_pkts=21 q_bytes=31584 qdelay_l_ms=1.06113 qdelay_c_ms=7.71409 ecn_mark=1171 drop=0
[QUEUE_STATS] t_ms=17680 q_pkts=22 q_bytes=33088 qdelay_l_ms=1.07015 qdelay_c_ms=6.81534 ecn_mark=1172 drop=0
[QUEUE_STATS] t_ms=17696 q_pkts=23 q_bytes=34592 qdelay_l_ms=0.783894 qdelay_c_ms=7.82979 ecn_mark=1173 drop=0
[QUEUE_STATS] t_ms=17712 q_pkts=22 q_bytes=33088 qdelay_l_ms=0.600749 qdelay_c_ms=7.71298 ecn_mark=1174 drop=0
[QUEUE_STATS] t_ms=17728 q_pkts=23 q_bytes=34592 qdelay_l_ms=0.929397 qdelay_c_ms=8.8887 ecn_mark=1175 drop=0
[QUEUE_STATS] t_ms=17744 q_pkts=23 q_bytes=34592 qdelay_l_ms=1.06798 qdelay_c_ms=7.70476 ecn_mark=1176 drop=0
[QUEUE_STATS] t_ms=17760 q_pkts=21 q_bytes=31584 qdelay_l_ms=0.740572 qdelay_c_ms=7.86137 ecn_mark=1176 drop=0
[QUEUE_STATS] t_ms=17776 q_pkts=23 q_bytes=34592 qdelay_l_ms=0.772592 qdelay_c_ms=7.66566 ecn_mark=1180 drop=0
[QUEUE_STATS] t_ms=17792 q_pkts=25 q_bytes=37600 qdelay_l_ms=1.0784 qdelay_c_ms=10.2675 ecn_mark=1180 drop=0
[QUEUE_STATS] t_ms=17808 q_pkts=23 q_bytes=34592 qdelay_l_ms=1.09865 qdelay_c_ms=8.96885 ecn_mark=1182 drop=0
[QUEUE_STATS] t_ms=17824 q_pkts=23 q_bytes=34592 qdelay_l_ms=1.06649 qdelay_c_ms=8.93443 ecn_mark=1182 drop=0
[QUEUE_STATS] t_ms=17840 q_pkts=24 q_bytes=36096 qdelay_l_ms=1.06629 qdelay_c_ms=9.68083 ecn_mark=1182 drop=0
[QUEUE_STATS] t_ms=17856 q_pkts=22 q_bytes=33088 qdelay_l_ms=1.0767 qdelay_c_ms=7.878 ecn_mark=1183 drop=0
[QUEUE_STATS] t_ms=17872 q_pkts=22 q_bytes=33088 qdelay_l_ms=1.07072 qdelay_c_ms=8.62855 ecn_mark=1183 drop=0
[QUEUE_STATS] t_ms=17888 q_pkts=27 q_bytes=40608 qdelay_l_ms=1.06641 qdelay_c_ms=9.20563 ecn_mark=1185 drop=0
[QUEUE_STATS] t_ms=17904 q_pkts=23 q_bytes=34592 qdelay_l_ms=1.10166 qdelay_c_ms=9.06911 ecn_mark=1185 drop=0
[QUEUE_STATS] t_ms=17920 q_pkts=23 q_bytes=34592 qdelay_l_ms=1.07561 qdelay_c_ms=7.95115 ecn_mark=1186 drop=0
[QUEUE_STATS] t_ms=17936 q_pkts=27 q_bytes=40608 qdelay_l_ms=1.0738 qdelay_c_ms=7.89058 ecn_mark=1186 drop=0
[QUEUE_STATS] t_ms=17952 q_pkts=24 q_bytes=36096 qdelay_l_ms=1.08339 qdelay_c_ms=9.34089 ecn_mark=1186 drop=0
[QUEUE_STATS] t_ms=17968 q_pkts=24 q_bytes=36096 qdelay_l_ms=1.07076 qdelay_c_ms=8.70905 ecn_mark=1187 drop=0
[QUEUE_STATS] t_ms=17984 q_pkts=25 q_bytes=37600 qdelay_l_ms=1.09618 qdelay_c_ms=7.79922 ecn_mark=1190 drop=0
[QUEUE_STATS] t_ms=18000 q_pkts=24 q_bytes=36096 qdelay_l_ms=0.664119 qdelay_c_ms=9.70657 ecn_mark=1190 drop=0
[QUEUE_STATS] t_ms=18016 q_pkts=25 q_bytes=37600 qdelay_l_ms=0.863753 qdelay_c_ms=8.53651 ecn_mark=1190 drop=0
[QUEUE_STATS] t_ms=18032 q_pkts=25 q_bytes=37600 qdelay_l_ms=1.07501 qdelay_c_ms=8.96238 ecn_mark=1190 drop=0
[QUEUE_STATS] t_ms=18048 q_pkts=24 q_bytes=36096 qdelay_l_ms=1.08219 qdelay_c_ms=9.4609 ecn_mark=1190 drop=0
[QUEUE_STATS] t_ms=18064 q_pkts=26 q_bytes=39104 qdelay_l_ms=1.07575 qdelay_c_ms=9.73449 ecn_mark=1190 drop=0
[QUEUE_STATS] t_ms=18080 q_pkts=25 q_bytes=37600 qdelay_l_ms=1.07817 qdelay_c_ms=10.0444 ecn_mark=1190 drop=0
[QUEUE_STATS] t_ms=18096 q_pkts=26 q_bytes=39104 qdelay_l_ms=0.883941 qdelay_c_ms=9.80542 ecn_mark=1190 drop=0
[QUEUE_STATS] t_ms=18112 q_pkts=26 q_bytes=39104 qdelay_l_ms=1.0816 qdelay_c_ms=9.90276 ecn_mark=1190 drop=0
[QUEUE_STATS] t_ms=18128 q_pkts=29 q_bytes=43616 qdelay_l_ms=1.10082 qdelay_c_ms=11.0472 ecn_mark=1191 drop=0
[QUEUE_STATS] t_ms=18144 q_pkts=28 q_bytes=42112 qdelay_l_ms=1.08674 qdelay_c_ms=9.8323 ecn_mark=1192 drop=0
[QUEUE_STATS] t_ms=18160 q_pkts=28 q_bytes=42112 qdelay_l_ms=1.06946 qdelay_c_ms=9.97043 ecn_mark=1194 drop=0
[QUEUE_STATS] t_ms=18176 q_pkts=29 q_bytes=43616 qdelay_l_ms=0.897286 qdelay_c_ms=10.8657 ecn_mark=1194 drop=0
[QUEUE_STATS] t_ms=18192 q_pkts=28 q_bytes=42112 qdelay_l_ms=0.895383 qdelay_c_ms=10.6535 ecn_mark=1195 drop=0
[QUEUE_STATS] t_ms=18208 q_pkts=30 q_bytes=45120 qdelay_l_ms=1.07686 qdelay_c_ms=10.9649 ecn_mark=1196 drop=0
[QUEUE_STATS] t_ms=18224 q_pkts=30 q_bytes=45120 qdelay_l_ms=1.06358 qdelay_c_ms=12.1949 ecn_mark=1197 drop=0
[QUEUE_STATS] t_ms=18240 q_pkts=29 q_bytes=43616 qdelay_l_ms=1.0686 qdelay_c_ms=10.9411 ecn_mark=1199 drop=0
[QUEUE_STATS] t_ms=18256 q_pkts=30 q_bytes=45120 qdelay_l_ms=0.764837 qdelay_c_ms=11.0439 ecn_mark=1199 drop=0
[QUEUE_STATS] t_ms=18272 q_pkts=30 q_bytes=45120 qdelay_l_ms=1.06023 qdelay_c_ms=12.1829 ecn_mark=1200 drop=0
[QUEUE_STATS] t_ms=18288 q_pkts=31 q_bytes=46624 qdelay_l_ms=1.08722 qdelay_c_ms=10.9382 ecn_mark=1200 drop=0
[QUEUE_STATS] t_ms=18304 q_pkts=30 q_bytes=45120 qdelay_l_ms=0.682202 qdelay_c_ms=11.0146 ecn_mark=1200 drop=0
[QUEUE_STATS] t_ms=18320 q_pkts=30 q_bytes=45120 qdelay_l_ms=1.08433 qdelay_c_ms=12.2037 ecn_mark=1200 drop=0
[QUEUE_STATS] t_ms=18336 q_pkts=31 q_bytes=46624 qdelay_l_ms=1.07087 qdelay_c_ms=10.6721 ecn_mark=1202 drop=0
[QUEUE_STATS] t_ms=18352 q_pkts=31 q_bytes=46624 qdelay_l_ms=1.08063 qdelay_c_ms=12.3555 ecn_mark=1203 drop=0
[QUEUE_STATS] t_ms=18368 q_pkts=32 q_bytes=48128 qdelay_l_ms=0.878921 qdelay_c_ms=13.1619 ecn_mark=1204 drop=0
[QUEUE_STATS] t_ms=18384 q_pkts=29 q_bytes=43616 qdelay_l_ms=1.0898 qdelay_c_ms=11.0076 ecn_mark=1204 drop=0
[QUEUE_STATS] t_ms=18400 q_pkts=32 q_bytes=48128 qdelay_l_ms=1.10302 qdelay_c_ms=12.1973 ecn_mark=1205 drop=0
[QUEUE_STATS] t_ms=18416 q_pkts=34 q_bytes=51136 qdelay_l_ms=1.05984 qdelay_c_ms=13.3122 ecn_mark=1205 drop=0
[QUEUE_STATS] t_ms=18432 q_pkts=33 q_bytes=49632 qdelay_l_ms=0.69162 qdelay_c_ms=11.7774 ecn_mark=1205 drop=0
[QUEUE_STATS] t_ms=18448 q_pkts=31 q_bytes=46624 qdelay_l_ms=0.689997 qdelay_c_ms=12.7442 ecn_mark=1207 drop=0
[QUEUE_STATS] t_ms=18464 q_pkts=33 q_bytes=49632 qdelay_l_ms=0.676942 qdelay_c_ms=12.6783 ecn_mark=1208 drop=0
[QUEUE_STATS] t_ms=18480 q_pkts=33 q_bytes=49632 qdelay_l_ms=1.06662 qdelay_c_ms=12.9578 ecn_mark=1210 drop=0
[QUEUE_STATS] t_ms=18496 q_pkts=33 q_bytes=49632 qdelay_l_ms=1.08349 qdelay_c_ms=13.1434 ecn_mark=1210 drop=0
[QUEUE_STATS] t_ms=18512 q_pkts=33 q_bytes=49632 qdelay_l_ms=0.654289 qdelay_c_ms=12.6405 ecn_mark=1212 drop=0
[QUEUE_STATS] t_ms=18528 q_pkts=33 q_bytes=49632 qdelay_l_ms=1.08664 qdelay_c_ms=12.7506 ecn_mark=1213 drop=0
[QUEUE_STATS] t_ms=18544 q_pkts=34 q_bytes=51136 qdelay_l_ms=0.703752 qdelay_c_ms=13.8501 ecn_mark=1215 drop=0
[QUEUE_STATS] t_ms=18560 q_pkts=32 q_bytes=48128 qdelay_l_ms=0.840991 qdelay_c_ms=13.8939 ecn_mark=1215 drop=0
[QUEUE_STATS] t_ms=18576 q_pkts=31 q_bytes=46624 qdelay_l_ms=1.09231 qdelay_c_ms=12.9059 ecn_mark=1218 drop=0
[QUEUE_STATS] t_ms=18592 q_pkts=20 q_bytes=30080 qdelay_l_ms=0.654089 qdelay_c_ms=9.82716 ecn_mark=1218 drop=0
[QUEUE_STATS] t_ms=18608 q_pkts=6 q_bytes=9024 qdelay_l_ms=1.10019 qdelay_c_ms=2.81559 ecn_mark=1220 drop=0
[QUEUE_STATS] t_ms=18624 q_pkts=2 q_bytes=3008 qdelay_l_ms=0.883901 qdelay_c_ms=0.889973 ecn_mark=1222 drop=0
[QUEUE_STATS] t_ms=18640 q_pkts=6 q_bytes=9024 qdelay_l_ms=1.10542 qdelay_c_ms=1.79398 ecn_mark=1224 drop=0
[QUEUE_STATS] t_ms=18656 q_pkts=4 q_bytes=6016 qdelay_l_ms=1.07673 qdelay_c_ms=1.07147 ecn_mark=1224 drop=0
[QUEUE_STATS] t_ms=18672 q_pkts=4 q_bytes=6016 qdelay_l_ms=0.865186 qdelay_c_ms=0.88854 ecn_mark=1226 drop=0
[QUEUE_STATS] t_ms=18688 q_pkts=5 q_bytes=7520 qdelay_l_ms=1.06582 qdelay_c_ms=3.03172 ecn_mark=1228 drop=0
[QUEUE_STATS] t_ms=18704 q_pkts=4 q_bytes=6016 qdelay_l_ms=1.07207 qdelay_c_ms=1.06666 ecn_mark=1228 drop=0
[QUEUE_STATS] t_ms=18720 q_pkts=6 q_bytes=9024 qdelay_l_ms=1.04353 qdelay_c_ms=1.07871 ecn_mark=1229 drop=0
[QUEUE_STATS] t_ms=18736 q_pkts=7 q_bytes=10528 qdelay_l_ms=1.05965 qdelay_c_ms=2.17708 ecn_mark=1231 drop=0
[QUEUE_STATS] t_ms=18752 q_pkts=6 q_bytes=9024 qdelay_l_ms=1.07761 qdelay_c_ms=1.072 ecn_mark=1231 drop=0
[QUEUE_STATS] t_ms=18768 q_pkts=5 q_bytes=7520 qdelay_l_ms=1.0675 qdelay_c_ms=2.15177 ecn_mark=1233 drop=0
[QUEUE_STATS] t_ms=18784 q_pkts=6 q_bytes=9024 qdelay_l_ms=1.11162 qdelay_c_ms=2.59568 ecn_mark=1234 drop=0
[QUEUE_STATS] t_ms=18800 q_pkts=3 q_bytes=4512 qdelay_l_ms=1.07708 qdelay_c_ms=1.07199 ecn_mark=1234 drop=0
[QUEUE_STATS] t_ms=18816 q_pkts=5 q_bytes=7520 qdelay_l_ms=1.08244 qdelay_c_ms=1.9543 ecn_mark=1234 drop=0
[QUEUE_STATS] t_ms=18832 q_pkts=5 q_bytes=7520 qdelay_l_ms=0.884863 qdelay_c_ms=1.95756 ecn_mark=1234 drop=0
[QUEUE_STATS] t_ms=18848 q_pkts=4 q_bytes=6016 qdelay_l_ms=1.06733 qdelay_c_ms=1.07771 ecn_mark=1235 drop=0
[QUEUE_STATS] t_ms=18864 q_pkts=5 q_bytes=7520 qdelay_l_ms=1.09235 qdelay_c_ms=1.86054 ecn_mark=1235 drop=0
[QUEUE_STATS] t_ms=18880 q_pkts=4 q_bytes=6016 qdelay_l_ms=1.10221 qdelay_c_ms=1.09563 ecn_mark=1237 drop=0
[QUEUE_STATS] t_ms=18896 q_pkts=6 q_bytes=9024 qdelay_l_ms=1.06619 qdelay_c_ms=1.9293 ecn_mark=1238 drop=0
[QUEUE_STATS] t_ms=18912 q_pkts=6 q_bytes=9024 qdelay_l_ms=1.07839 qdelay_c_ms=2.15463 ecn_mark=1238 drop=0
[QUEUE_STATS] t_ms=18928 q_pkts=6 q_bytes=9024 qdelay_l_ms=1.05974 qdelay_c_ms=1.0803 ecn_mark=1238 drop=0
[QUEUE_STATS] t_ms=18944 q_pkts=4 q_bytes=6016 qdelay_l_ms=1.07652 qdelay_c_ms=2.18334 ecn_mark=1238 drop=0
[QUEUE_STATS] t_ms=18960 q_pkts=8 q_bytes=12032 qdelay_l_ms=1.08333 qdelay_c_ms=3.01332 ecn_mark=1238 drop=0
[QUEUE_STATS] t_ms=18976 q_pkts=6 q_bytes=9024 qdelay_l_ms=1.08791 qdelay_c_ms=1.08235 ecn_mark=1238 drop=0
[QUEUE_STATS] t_ms=18992 q_pkts=6 q_bytes=9024 qdelay_l_ms=1.09694 qdelay_c_ms=1.0902 ecn_mark=1238 drop=0
[QUEUE_STATS] t_ms=19008 q_pkts=8 q_bytes=12032 qdelay_l_ms=1.10228 qdelay_c_ms=1.95167 ecn_mark=1240 drop=0
[QUEUE_STATS] t_ms=19024 q_pkts=8 q_bytes=12032 qdelay_l_ms=1.06479 qdelay_c_ms=3.01849 ecn_mark=1240 drop=0
[QUEUE_STATS] t_ms=19040 q_pkts=6 q_bytes=9024 qdelay_l_ms=0.683054 qdelay_c_ms=0.704815 ecn_mark=1240 drop=0
[QUEUE_STATS] t_ms=19056 q_pkts=5 q_bytes=7520 qdelay_l_ms=0.703002 qdelay_c_ms=1.76994 ecn_mark=1240 drop=0
[QUEUE_STATS] t_ms=19072 q_pkts=6 q_bytes=9024 qdelay_l_ms=1.08947 qdelay_c_ms=1.08349 ecn_mark=1242 drop=0
[QUEUE_STATS] t_ms=19088 q_pkts=8 q_bytes=12032 qdelay_l_ms=1.07184 qdelay_c_ms=1.94726 ecn_mark=1242 drop=0
[QUEUE_STATS] t_ms=19104 q_pkts=7 q_bytes=10528 qdelay_l_ms=0.684857 qdelay_c_ms=2.81012 ecn_mark=1242 drop=0
[QUEUE_STATS] t_ms=19120 q_pkts=5 q_bytes=7520 qdelay_l_ms=1.07584 qdelay_c_ms=1.74981 ecn_mark=1243 drop=0
[QUEUE_STATS] t_ms=19136 q_pkts=8 q_bytes=12032 qdelay_l_ms=0.375897 qdelay_c_ms=1.4453 ecn_mark=1244 drop=0
[QUEUE_STATS] t_ms=19152 q_pkts=8 q_bytes=12032 qdelay_l_ms=0 qdelay_c_ms=2.55868 ecn_mark=1247 drop=0
[QUEUE_STATS] t_ms=19168 q_pkts=7 q_bytes=10528 qdelay_l_ms=1.07873 qdelay_c_ms=3.25998 ecn_mark=1249 drop=0
[QUEUE_STATS] t_ms=19184 q_pkts=8 q_bytes=12032 qdelay_l_ms=1.0708 qdelay_c_ms=3.05318 ecn_mark=1249 drop=0
[QUEUE_STATS] t_ms=19200 q_pkts=9 q_bytes=13536 qdelay_l_ms=1.08271 qdelay_c_ms=3.89771 ecn_mark=1250 drop=0
[QUEUE_STATS] t_ms=19216 q_pkts=10 q_bytes=15040 qdelay_l_ms=1.10946 qdelay_c_ms=2.81529 ecn_mark=1251 drop=0
[QUEUE_STATS] t_ms=19232 q_pkts=10 q_bytes=15040 qdelay_l_ms=1.08961 qdelay_c_ms=3.27775 ecn_mark=1251 drop=0
[QUEUE_STATS] t_ms=19248 q_pkts=10 q_bytes=15040 qdelay_l_ms=0.692682 qdelay_c_ms=3.95224 ecn_mark=1251 drop=0
[QUEUE_STATS] t_ms=19264 q_pkts=11 q_bytes=16544 qdelay_l_ms=1.06149 qdelay_c_ms=3.91397 ecn_mark=1251 drop=0
[QUEUE_STATS] t_ms=19280 q_pkts=12 q_bytes=18048 qdelay_l_ms=0.233649 qdelay_c_ms=3.57408 ecn_mark=1252 drop=0
[QUEUE_STATS] t_ms=19296 q_pkts=12 q_bytes=18048 qdelay_l_ms=1.07526 qdelay_c_ms=3.87166 ecn_mark=1253 drop=0
[QUEUE_STATS] t_ms=19312 q_pkts=12 q_bytes=18048 qdelay_l_ms=1.10606 qdelay_c_ms=3.90073 ecn_mark=1253 drop=0
[QUEUE_STATS] t_ms=19328 q_pkts=12 q_bytes=18048 qdelay_l_ms=1.08712 qdelay_c_ms=3.60374 ecn_mark=1253 drop=0
[QUEUE_STATS] t_ms=19344 q_pkts=13 q_bytes=19552 qdelay_l_ms=1.07786 qdelay_c_ms=5.01821 ecn_mark=1254 drop=0
[QUEUE_STATS] t_ms=19360 q_pkts=14 q_bytes=21056 qdelay_l_ms=1.07168 qdelay_c_ms=4.9435 ecn_mark=1254 drop=0
[QUEUE_STATS] t_ms=19376 q_pkts=13 q_bytes=19552 qdelay_l_ms=1.07774 qdelay_c_ms=5.45537 ecn_mark=1254 drop=0
[QUEUE_STATS] t_ms=19392 q_pkts=14 q_bytes=21056 qdelay_l_ms=0.850268 qdelay_c_ms=5.20658 ecn_mark=1256 drop=0
[QUEUE_STATS] t_ms=19408 q_pkts=14 q_bytes=21056 qdelay_l_ms=1.09081 qdelay_c_ms=3.84337 ecn_mark=1257 drop=0
[QUEUE_STATS] t_ms=19424 q_pkts=14 q_bytes=21056 qdelay_l_ms=1.1228 qdelay_c_ms=5.80753 ecn_mark=1258 drop=0
[QUEUE_STATS] t_ms=19440 q_pkts=17 q_bytes=25568 qdelay_l_ms=1.09725 qdelay_c_ms=6.34831 ecn_mark=1259 drop=0
[QUEUE_STATS] t_ms=19456 q_pkts=15 q_bytes=22560 qdelay_l_ms=1.08235 qdelay_c_ms=4.93424 ecn_mark=1259 drop=0
[QUEUE_STATS] t_ms=19472 q_pkts=16 q_bytes=24064 qdelay_l_ms=1.05664 qdelay_c_ms=6.85212 ecn_mark=1260 drop=0
[QUEUE_STATS] t_ms=19488 q_pkts=16 q_bytes=24064 qdelay_l_ms=1.10868 qdelay_c_ms=5.80727 ecn_mark=1261 drop=0
[QUEUE_STATS] t_ms=19504 q_pkts=16 q_bytes=24064 qdelay_l_ms=1.06343 qdelay_c_ms=6.01506 ecn_mark=1262 drop=0
[QUEUE_STATS] t_ms=19520 q_pkts=17 q_bytes=25568 qdelay_l_ms=1.08818 qdelay_c_ms=6.91464 ecn_mark=1264 drop=0
[QUEUE_STATS] t_ms=19536 q_pkts=16 q_bytes=24064 qdelay_l_ms=1.0805 qdelay_c_ms=5.74656 ecn_mark=1265 drop=0
[QUEUE_STATS] t_ms=19552 q_pkts=17 q_bytes=25568 qdelay_l_ms=1.09015 qdelay_c_ms=7.63853 ecn_mark=1266 drop=0
[QUEUE_STATS] t_ms=19568 q_pkts=18 q_bytes=27072 qdelay_l_ms=1.09719 qdelay_c_ms=6.06296 ecn_mark=1267 drop=0
[QUEUE_STATS] t_ms=19584 q_pkts=19 q_bytes=28576 qdelay_l_ms=0.845028 qdelay_c_ms=6.69888 ecn_mark=1269 drop=0
[QUEUE_STATS] t_ms=19600 q_pkts=17 q_bytes=25568 qdelay_l_ms=0.834439 qdelay_c_ms=7.12884 ecn_mark=1269 drop=0
[QUEUE_STATS] t_ms=19616 q_pkts=20 q_bytes=30080 qdelay_l_ms=1.10182 qdelay_c_ms=7.3859 ecn_mark=1270 drop=0
[QUEUE_STATS] t_ms=19632 q_pkts=18 q_bytes=27072 qdelay_l_ms=1.08363 qdelay_c_ms=6.31239 ecn_mark=1270 drop=0
[QUEUE_STATS] t_ms=19648 q_pkts=19 q_bytes=28576 qdelay_l_ms=0.561876 qdelay_c_ms=6.60965 ecn_mark=1272 drop=0
[QUEUE_STATS] t_ms=19664 q_pkts=21 q_bytes=31584 qdelay_l_ms=1.06916 qdelay_c_ms=7.08022 ecn_mark=1276 drop=0
[QUEUE_STATS] t_ms=19680 q_pkts=19 q_bytes=28576 qdelay_l_ms=1.07182 qdelay_c_ms=6.87548 ecn_mark=1277 drop=0
[QUEUE_STATS] t_ms=19696 q_pkts=19 q_bytes=28576 qdelay_l_ms=0.838135 qdelay_c_ms=7.9842 ecn_mark=1277 drop=0
[QUEUE_STATS] t_ms=19712 q_pkts=20 q_bytes=30080 qdelay_l_ms=0.337244 qdelay_c_ms=6.86469 ecn_mark=1278 drop=0
[QUEUE_STATS] t_ms=19728 q_pkts=21 q_bytes=31584 qdelay_l_ms=0.772873 qdelay_c_ms=8.20549 ecn_mark=1281 drop=0
[QUEUE_STATS] t_ms=19744 q_pkts=20 q_bytes=30080 qdelay_l_ms=1.07828 qdelay_c_ms=7.97103 ecn_mark=1281 drop=0
[QUEUE_STATS] t_ms=19760 q_pkts=19 q_bytes=28576 qdelay_l_ms=1.10543 qdelay_c_ms=7.97589 ecn_mark=1281 drop=0
[QUEUE_STATS] t_ms=19776 q_pkts=22 q_bytes=33088 qdelay_l_ms=1.09499 qdelay_c_ms=7.63546 ecn_mark=1283 drop=0
[QUEUE_STATS] t_ms=19792 q_pkts=21 q_bytes=31584 qdelay_l_ms=0.632128 qdelay_c_ms=8.4311 ecn_mark=1285 drop=0
[QUEUE_STATS] t_ms=19808 q_pkts=21 q_bytes=31584 qdelay_l_ms=0.854506 qdelay_c_ms=7.91306 ecn_mark=1286 drop=0
[QUEUE_STATS] t_ms=19824 q_pkts=22 q_bytes=33088 qdelay_l_ms=1.10889 qdelay_c_ms=7.95392 ecn_mark=1288 drop=0
[QUEUE_STATS] t_ms=19840 q_pkts=23 q_bytes=34592 qdelay_l_ms=0 qdelay_c_ms=9.33797 ecn_mark=1288 drop=0
[QUEUE_STATS] t_ms=19856 q_pkts=23 q_bytes=34592 qdelay_l_ms=0.606951 qdelay_c_ms=8.86318 ecn_mark=1289 drop=0
[QUEUE_STATS] t_ms=19872 q_pkts=20 q_bytes=30080 qdelay_l_ms=1.07781 qdelay_c_ms=8.50753 ecn_mark=1291 drop=0
[QUEUE_STATS] t_ms=19888 q_pkts=22 q_bytes=33088 qdelay_l_ms=1.0767 qdelay_c_ms=8.64805 ecn_mark=1292 drop=0
[QUEUE_STATS] t_ms=19904 q_pkts=23 q_bytes=34592 qdelay_l_ms=1.0851 qdelay_c_ms=8.31658 ecn_mark=1293 drop=0
[QUEUE_STATS] t_ms=19920 q_pkts=22 q_bytes=33088 qdelay_l_ms=0.262102 qdelay_c_ms=8.95776 ecn_mark=1293 drop=0
[QUEUE_STATS] t_ms=19936 q_pkts=24 q_bytes=36096 qdelay_l_ms=0.823979 qdelay_c_ms=9.13153 ecn_mark=1293 drop=0
[QUEUE_STATS] t_ms=19952 q_pkts=23 q_bytes=34592 qdelay_l_ms=1.07532 qdelay_c_ms=8.91468 ecn_mark=1294 drop=0
[QUEUE_STATS] t_ms=19968 q_pkts=22 q_bytes=33088 qdelay_l_ms=0.569551 qdelay_c_ms=8.6712 ecn_mark=1294 drop=0
[QUEUE_STATS] t_ms=19984 q_pkts=23 q_bytes=34592 qdelay_l_ms=0 qdelay_c_ms=8.20068 ecn_mark=1296 drop=0
[QUEUE_STATS] t_ms=20000 q_pkts=25 q_bytes=37600 qdelay_l_ms=1.10123 qdelay_c_ms=8.8553 ecn_mark=1299 drop=0
[QUEUE_STATS] t_ms=20016 q_pkts=23 q_bytes=34592 qdelay_l_ms=0.620436 qdelay_c_ms=9.45113 ecn_mark=1299 drop=0
[QUEUE_STATS] t_ms=20032 q_pkts=23 q_bytes=34592 qdelay_l_ms=1.07912 qdelay_c_ms=8.22283 ecn_mark=1299 drop=0
[QUEUE_STATS] t_ms=20048 q_pkts=26 q_bytes=39104 qdelay_l_ms=1.04838 qdelay_c_ms=10.1405 ecn_mark=1301 drop=0
[QUEUE_STATS] t_ms=20064 q_pkts=25 q_bytes=37600 qdelay_l_ms=0.828847 qdelay_c_ms=9.9566 ecn_mark=1303 drop=0
[QUEUE_STATS] t_ms=20080 q_pkts=25 q_bytes=37600 qdelay_l_ms=1.09133 qdelay_c_ms=9.9479 ecn_mark=1303 drop=0
[QUEUE_STATS] t_ms=20096 q_pkts=25 q_bytes=37600 qdelay_l_ms=1.04877 qdelay_c_ms=11.195 ecn_mark=1303 drop=0
[QUEUE_STATS] t_ms=20112 q_pkts=25 q_bytes=37600 qdelay_l_ms=1.07655 qdelay_c_ms=9.33951 ecn_mark=1303 drop=0
[QUEUE_STATS] t_ms=20128 q_pkts=26 q_bytes=39104 qdelay_l_ms=0.547289 qdelay_c_ms=8.74137 ecn_mark=1304 drop=0
[QUEUE_STATS] t_ms=20144 q_pkts=28 q_bytes=42112 qdelay_l_ms=1.09001 qdelay_c_ms=10.1915 ecn_mark=1304 drop=0
[QUEUE_STATS] t_ms=20160 q_pkts=27 q_bytes=40608 qdelay_l_ms=1.08821 qdelay_c_ms=9.91995 ecn_mark=1305 drop=0
[QUEUE_STATS] t_ms=20176 q_pkts=27 q_bytes=40608 qdelay_l_ms=1.08892 qdelay_c_ms=9.89123 ecn_mark=1305 drop=0
[QUEUE_STATS] t_ms=20192 q_pkts=28 q_bytes=42112 qdelay_l_ms=1.11428 qdelay_c_ms=10.4758 ecn_mark=1305 drop=0
[QUEUE_STATS] t_ms=20208 q_pkts=28 q_bytes=42112 qdelay_l_ms=1.09416 qdelay_c_ms=10.869 ecn_mark=1307 drop=0
[QUEUE_STATS] t_ms=20224 q_pkts=29 q_bytes=43616 qdelay_l_ms=0.837775 qdelay_c_ms=11.99 ecn_mark=1309 drop=0
[QUEUE_STATS] t_ms=20240 q_pkts=29 q_bytes=43616 qdelay_l_ms=1.0949 qdelay_c_ms=10.6817 ecn_mark=1311 drop=0
[QUEUE_STATS] t_ms=20256 q_pkts=27 q_bytes=40608 qdelay_l_ms=0.546698 qdelay_c_ms=10.6159 ecn_mark=1314 drop=0
[QUEUE_STATS] t_ms=20272 q_pkts=29 q_bytes=43616 qdelay_l_ms=1.08591 qdelay_c_ms=11.2455 ecn_mark=1315 drop=0
[QUEUE_STATS] t_ms=20288 q_pkts=30 q_bytes=45120 qdelay_l_ms=1.0834 qdelay_c_ms=11.217 ecn_mark=1316 drop=0
[QUEUE_STATS] t_ms=20304 q_pkts=26 q_bytes=39104 qdelay_l_ms=0.548351 qdelay_c_ms=9.74975 ecn_mark=1316 drop=0
[QUEUE_STATS] t_ms=20320 q_pkts=28 q_bytes=42112 qdelay_l_ms=1.08616 qdelay_c_ms=10.8884 ecn_mark=1317 drop=0
[QUEUE_STATS] t_ms=20336 q_pkts=31 q_bytes=46624 qdelay_l_ms=1.07235 qdelay_c_ms=11.2014 ecn_mark=1318 drop=0
[QUEUE_STATS] t_ms=20352 q_pkts=30 q_bytes=45120 qdelay_l_ms=1.09201 qdelay_c_ms=12.0307 ecn_mark=1318 drop=0
[QUEUE_STATS] t_ms=20368 q_pkts=27 q_bytes=40608 qdelay_l_ms=1.07689 qdelay_c_ms=10.9865 ecn_mark=1320 drop=0
[QUEUE_STATS] t_ms=20384 q_pkts=33 q_bytes=49632 qdelay_l_ms=1.10922 qdelay_c_ms=12.0693 ecn_mark=1321 drop=0
[QUEUE_STATS] t_ms=20400 q_pkts=29 q_bytes=43616 qdelay_l_ms=1.08587 qdelay_c_ms=10.9843 ecn_mark=1322 drop=0
[QUEUE_STATS] t_ms=20416 q_pkts=28 q_bytes=42112 qdelay_l_ms=1.07748 qdelay_c_ms=11.9317 ecn_mark=1326 drop=0
[QUEUE_STATS] t_ms=20432 q_pkts=32 q_bytes=48128 qdelay_l_ms=1.08279 qdelay_c_ms=12.6352 ecn_mark=1327 drop=0
[QUEUE_STATS] t_ms=20448 q_pkts=28 q_bytes=42112 qdelay_l_ms=1.07321 qdelay_c_ms=10.959 ecn_mark=1328 drop=0
[QUEUE_STATS] t_ms=20464 q_pkts=29 q_bytes=43616 qdelay_l_ms=1.10933 qdelay_c_ms=12.6418 ecn_mark=1330 drop=0
[QUEUE_STATS] t_ms=20480 q_pkts=30 q_bytes=45120 qdelay_l_ms=1.09472 qdelay_c_ms=11.8929 ecn_mark=1331 drop=0
[QUEUE_STATS] t_ms=20496 q_pkts=27 q_bytes=40608 qdelay_l_ms=1.07841 qdelay_c_ms=10.9588 ecn_mark=1332 drop=0
[QUEUE_STATS] t_ms=20512 q_pkts=29 q_bytes=43616 qdelay_l_ms=1.06652 qdelay_c_ms=10.9724 ecn_mark=1333 drop=0
[QUEUE_STATS] t_ms=20528 q_pkts=32 q_bytes=48128 qdelay_l_ms=1.08109 qdelay_c_ms=11.8666 ecn_mark=1335 drop=0
[QUEUE_STATS] t_ms=20544 q_pkts=30 q_bytes=45120 qdelay_l_ms=1.07716 qdelay_c_ms=11.1116 ecn_mark=1335 drop=0
[QUEUE_STATS] t_ms=20560 q_pkts=28 q_bytes=42112 qdelay_l_ms=1.07123 qdelay_c_ms=11.5054 ecn_mark=1335 drop=0
[QUEUE_STATS] t_ms=20576 q_pkts=30 q_bytes=45120 qdelay_l_ms=1.07187 qdelay_c_ms=12.1443 ecn_mark=1337 drop=0
[QUEUE_STATS] t_ms=20592 q_pkts=29 q_bytes=43616 qdelay_l_ms=1.0787 qdelay_c_ms=12.3643 ecn_mark=1337 drop=0
[QUEUE_STATS] t_ms=20608 q_pkts=28 q_bytes=42112 qdelay_l_ms=0.86185 qdelay_c_ms=11.9476 ecn_mark=1337 drop=0
[QUEUE_STATS] t_ms=20624 q_pkts=32 q_bytes=48128 qdelay_l_ms=1.05949 qdelay_c_ms=13.1223 ecn_mark=1338 drop=0
[QUEUE_STATS] t_ms=20640 q_pkts=29 q_bytes=43616 qdelay_l_ms=1.07143 qdelay_c_ms=12.0958 ecn_mark=1339 drop=0
[QUEUE_STATS] t_ms=20656 q_pkts=32 q_bytes=48128 qdelay_l_ms=1.10173 qdelay_c_ms=12.1349 ecn_mark=1341 drop=0
[QUEUE_STATS] t_ms=20672 q_pkts=31 q_bytes=46624 qdelay_l_ms=0.561996 qdelay_c_ms=11.8589 ecn_mark=1342 drop=0
[QUEUE_STATS] t_ms=20688 q_pkts=29 q_bytes=43616 qdelay_l_ms=1.08077 qdelay_c_ms=11.9591 ecn_mark=1342 drop=0
[QUEUE_STATS] t_ms=20704 q_pkts=29 q_bytes=43616 qdelay_l_ms=1.09498 qdelay_c_ms=11.042 ecn_mark=1342 drop=0
[QUEUE_STATS] t_ms=20720 q_pkts=33 q_bytes=49632 qdelay_l_ms=1.0929 qdelay_c_ms=11.9276 ecn_mark=1343 drop=0
[QUEUE_STATS] t_ms=20736 q_pkts=32 q_bytes=48128 qdelay_l_ms=1.10145 qdelay_c_ms=11.6228 ecn_mark=1343 drop=0
[QUEUE_STATS] t_ms=20752 q_pkts=30 q_bytes=45120 qdelay_l_ms=1.11188 qdelay_c_ms=10.567 ecn_mark=1346 drop=0
[QUEUE_STATS] t_ms=20768 q_pkts=31 q_bytes=46624 qdelay_l_ms=0.822306 qdelay_c_ms=12.7387 ecn_mark=1346 drop=0
[QUEUE_STATS] t_ms=20784 q_pkts=30 q_bytes=45120 qdelay_l_ms=1.07729 qdelay_c_ms=11.9737 ecn_mark=1347 drop=0
[QUEUE_STATS] t_ms=20800 q_pkts=31 q_bytes=46624 qdelay_l_ms=1.04062 qdelay_c_ms=11.9719 ecn_mark=1347 drop=0
[QUEUE_STATS] t_ms=20816 q_pkts=33 q_bytes=49632 qdelay_l_ms=1.10271 qdelay_c_ms=12.1154 ecn_mark=1347 drop=0
[QUEUE_STATS] t_ms=20832 q_pkts=30 q_bytes=45120 qdelay_l_ms=1.09451 qdelay_c_ms=11.1035 ecn_mark=1348 drop=0
[QUEUE_STATS] t_ms=20848 q_pkts=31 q_bytes=46624 qdelay_l_ms=1.08961 qdelay_c_ms=12.9202 ecn_mark=1349 drop=0
[QUEUE_STATS] t_ms=20864 q_pkts=33 q_bytes=49632 qdelay_l_ms=1.0609 qdelay_c_ms=13.667 ecn_mark=1349 drop=0
[QUEUE_STATS] t_ms=20880 q_pkts=31 q_bytes=46624 qdelay_l_ms=1.06801 qdelay_c_ms=11.139 ecn_mark=1350 drop=0
[QUEUE_STATS] t_ms=20896 q_pkts=32 q_bytes=48128 qdelay_l_ms=1.06622 qdelay_c_ms=14.5469 ecn_mark=1352 drop=0
[QUEUE_STATS] t_ms=20912 q_pkts=34 q_bytes=51136 qdelay_l_ms=0.550585 qdelay_c_ms=12.7751 ecn_mark=1356 drop=0
[QUEUE_STATS] t_ms=20928 q_pkts=31 q_bytes=46624 qdelay_l_ms=1.06643 qdelay_c_ms=12.8326 ecn_mark=1356 drop=0
[QUEUE_STATS] t_ms=20944 q_pkts=31 q_bytes=46624 qdelay_l_ms=1.08554 qdelay_c_ms=12.6645 ecn_mark=1358 drop=0
[QUEUE_STATS] t_ms=20960 q_pkts=34 q_bytes=51136 qdelay_l_ms=1.04951 qdelay_c_ms=13.2311 ecn_mark=1359 drop=0
[QUEUE_STATS] t_ms=20976 q_pkts=32 q_bytes=48128 qdelay_l_ms=0.651384 qdelay_c_ms=11.8144 ecn_mark=1359 drop=0
[QUEUE_STATS] t_ms=20992 q_pkts=30 q_bytes=45120 qdelay_l_ms=1.08443 qdelay_c_ms=11.9264 ecn_mark=1359 drop=0
[QUEUE_STATS] t_ms=21008 q_pkts=36 q_bytes=54144 qdelay_l_ms=1.09719 qdelay_c_ms=12.9889 ecn_mark=1360 drop=0
[QUEUE_STATS] t_ms=21024 q_pkts=33 q_bytes=49632 qdelay_l_ms=1.06217 qdelay_c_ms=13.7657 ecn_mark=1361 drop=0
[QUEUE_STATS] t_ms=21040 q_pkts=33 q_bytes=49632 qdelay_l_ms=0.847703 qdelay_c_ms=12.9367 ecn_mark=1361 drop=0
[QUEUE_STATS] t_ms=21056 q_pkts=34 q_bytes=51136 qdelay_l_ms=0.317106 qdelay_c_ms=12.5066 ecn_mark=1361 drop=0
[QUEUE_STATS] t_ms=21072 q_pkts=34 q_bytes=51136 qdelay_l_ms=1.09533 qdelay_c_ms=13.885 ecn_mark=1361 drop=0
[QUEUE_STATS] t_ms=21088 q_pkts=32 q_bytes=48128 qdelay_l_ms=0.833757 qdelay_c_ms=12.7361 ecn_mark=1362 drop=0
[QUEUE_STATS] t_ms=21104 q_pkts=35 q_bytes=52640 qdelay_l_ms=1.08893 qdelay_c_ms=13.3864 ecn_mark=1362 drop=0
[QUEUE_STATS] t_ms=21120 q_pkts=35 q_bytes=52640 qdelay_l_ms=1.07706 qdelay_c_ms=13.9198 ecn_mark=1362 drop=0
[QUEUE_STATS] t_ms=21136 q_pkts=32 q_bytes=48128 qdelay_l_ms=1.08399 qdelay_c_ms=13.4421 ecn_mark=1362 drop=0
[QUEUE_STATS] t_ms=21152 q_pkts=35 q_bytes=52640 qdelay_l_ms=1.09399 qdelay_c_ms=13.405 ecn_mark=1362 drop=0
[QUEUE_STATS] t_ms=21168 q_pkts=36 q_bytes=54144 qdelay_l_ms=1.07603 qdelay_c_ms=12.6821 ecn_mark=1362 drop=0
[QUEUE_STATS] t_ms=21184 q_pkts=35 q_bytes=52640 qdelay_l_ms=1.0757 qdelay_c_ms=14.0746 ecn_mark=1363 drop=0
[QUEUE_STATS] t_ms=21200 q_pkts=36 q_bytes=54144 qdelay_l_ms=0.351631 qdelay_c_ms=13.4267 ecn_mark=1363 drop=0
[QUEUE_STATS] t_ms=21216 q_pkts=37 q_bytes=55648 qdelay_l_ms=0.559441 qdelay_c_ms=12.6425 ecn_mark=1364 drop=0
[QUEUE_STATS] t_ms=21232 q_pkts=34 q_bytes=51136 qdelay_l_ms=1.07502 qdelay_c_ms=15.158 ecn_mark=1365 drop=0
[QUEUE_STATS] t_ms=21248 q_pkts=36 q_bytes=54144 qdelay_l_ms=0.850389 qdelay_c_ms=13.7199 ecn_mark=1367 drop=0
[QUEUE_STATS] t_ms=21264 q_pkts=35 q_bytes=52640 qdelay_l_ms=1.09047 qdelay_c_ms=12.9031 ecn_mark=1367 drop=0
[QUEUE_STATS] t_ms=21280 q_pkts=34 q_bytes=51136 qdelay_l_ms=1.09034 qdelay_c_ms=14.6543 ecn_mark=1367 drop=0
[QUEUE_STATS] t_ms=21296 q_pkts=34 q_bytes=51136 qdelay_l_ms=1.09774 qdelay_c_ms=14.0123 ecn_mark=1369 drop=0
[QUEUE_STATS] t_ms=21312 q_pkts=36 q_bytes=54144 qdelay_l_ms=1.08289 qdelay_c_ms=13.3113 ecn_mark=1370 drop=0
[QUEUE_STATS] t_ms=21328 q_pkts=35 q_bytes=52640 qdelay_l_ms=1.08698 qdelay_c_ms=15.2077 ecn_mark=1373 drop=0
[QUEUE_STATS] t_ms=21344 q_pkts=39 q_bytes=58656 qdelay_l_ms=1.09084 qdelay_c_ms=15.2207 ecn_mark=1374 drop=0
[QUEUE_STATS] t_ms=21360 q_pkts=37 q_bytes=55648 qdelay_l_ms=0.842624 qdelay_c_ms=14.9408 ecn_mark=1375 drop=0
[QUEUE_STATS] t_ms=21376 q_pkts=37 q_bytes=55648 qdelay_l_ms=1.06964 qdelay_c_ms=14.7151 ecn_mark=1376 drop=0
[QUEUE_STATS] t_ms=21392 q_pkts=39 q_bytes=58656 qdelay_l_ms=1.08184 qdelay_c_ms=16.0511 ecn_mark=1376 drop=0
[QUEUE_STATS] t_ms=21408 q_pkts=37 q_bytes=55648 qdelay_l_ms=1.0949 qdelay_c_ms=14.7061 ecn_mark=1377 drop=0
[QUEUE_STATS] t_ms=21424 q_pkts=39 q_bytes=58656 qdelay_l_ms=0.286439 qdelay_c_ms=15.8936 ecn_mark=1379 drop=0
[QUEUE_STATS] t_ms=21440 q_pkts=39 q_bytes=58656 qdelay_l_ms=1.09382 qdelay_c_ms=16.1421 ecn_mark=1381 drop=0
[QUEUE_STATS] t_ms=21456 q_pkts=37 q_bytes=55648 qdelay_l_ms=0.529836 qdelay_c_ms=15.7802 ecn_mark=1383 drop=0
[QUEUE_STATS] t_ms=21472 q_pkts=36 q_bytes=54144 qdelay_l_ms=0.841322 qdelay_c_ms=14.165 ecn_mark=1384 drop=0
[QUEUE_STATS] t_ms=21488 q_pkts=36 q_bytes=54144 qdelay_l_ms=1.08511 qdelay_c_ms=14.6174 ecn_mark=1384 drop=0
[QUEUE_STATS] t_ms=21504 q_pkts=38 q_bytes=57152 qdelay_l_ms=1.09058 qdelay_c_ms=15.284 ecn_mark=1386 drop=0
[QUEUE_STATS] t_ms=21520 q_pkts=37 q_bytes=55648 qdelay_l_ms=1.09221 qdelay_c_ms=15.0032 ecn_mark=1386 drop=0
[QUEUE_STATS] t_ms=21536 q_pkts=38 q_bytes=57152 qdelay_l_ms=1.09129 qdelay_c_ms=14.7477 ecn_mark=1387 drop=0
[QUEUE_STATS] t_ms=21552 q_pkts=36 q_bytes=54144 qdelay_l_ms=1.09386 qdelay_c_ms=14.9465 ecn_mark=1388 drop=0
[QUEUE_STATS] t_ms=21568 q_pkts=36 q_bytes=54144 qdelay_l_ms=1.07337 qdelay_c_ms=14.9913 ecn_mark=1391 drop=0
[QUEUE_STATS] t_ms=21584 q_pkts=37 q_bytes=55648 qdelay_l_ms=0 qdelay_c_ms=14.2446 ecn_mark=1391 drop=0
[QUEUE_STATS] t_ms=21600 q_pkts=35 q_bytes=52640 qdelay_l_ms=1.07768 qdelay_c_ms=14.0778 ecn_mark=1391 drop=0
[QUEUE_STATS] t_ms=21616 q_pkts=38 q_bytes=57152 qdelay_l_ms=1.09904 qdelay_c_ms=15.0642 ecn_mark=1393 drop=0
[QUEUE_STATS] t_ms=21632 q_pkts=39 q_bytes=58656 qdelay_l_ms=1.08504 qdelay_c_ms=13.9527 ecn_mark=1393 drop=0
[QUEUE_STATS] t_ms=21648 q_pkts=38 q_bytes=57152 qdelay_l_ms=1.09864 qdelay_c_ms=15.2979 ecn_mark=1393 drop=0
[QUEUE_STATS] t_ms=21664 q_pkts=36 q_bytes=54144 qdelay_l_ms=1.07541 qdelay_c_ms=14.5989 ecn_mark=1394 drop=0
[QUEUE_STATS] t_ms=21680 q_pkts=41 q_bytes=61664 qdelay_l_ms=1.1144 qdelay_c_ms=14.9083 ecn_mark=1394 drop=0
[QUEUE_STATS] t_ms=21696 q_pkts=38 q_bytes=57152 qdelay_l_ms=0.28756 qdelay_c_ms=15.8466 ecn_mark=1395 drop=0
[QUEUE_STATS] t_ms=21712 q_pkts=39 q_bytes=58656 qdelay_l_ms=1.08483 qdelay_c_ms=14.964 ecn_mark=1395 drop=0
[QUEUE_STATS] t_ms=21728 q_pkts=39 q_bytes=58656 qdelay_l_ms=1.09266 qdelay_c_ms=16.25 ecn_mark=1396 drop=0
[QUEUE_STATS] t_ms=21744 q_pkts=37 q_bytes=55648 qdelay_l_ms=1.10841 qdelay_c_ms=15.6592 ecn_mark=1397 drop=0
[QUEUE_STATS] t_ms=21760 q_pkts=39 q_bytes=58656 qdelay_l_ms=0.852502 qdelay_c_ms=14.8291 ecn_mark=1397 drop=0
[QUEUE_STATS] t_ms=21776 q_pkts=39 q_bytes=58656 qdelay_l_ms=0.825251 qdelay_c_ms=15.2683 ecn_mark=1397 drop=0
[QUEUE_STATS] t_ms=21792 q_pkts=38 q_bytes=57152 qdelay_l_ms=1.08271 qdelay_c_ms=15.807 ecn_mark=1398 drop=0
[QUEUE_STATS] t_ms=21808 q_pkts=39 q_bytes=58656 qdelay_l_ms=1.09256 qdelay_c_ms=14.9272 ecn_mark=1398 drop=0
[QUEUE_STATS] t_ms=21824 q_pkts=40 q_bytes=60160 qdelay_l_ms=1.11541 qdelay_c_ms=15.7875 ecn_mark=1399 drop=0
[QUEUE_STATS] t_ms=21840 q_pkts=38 q_bytes=57152 qdelay_l_ms=1.08879 qdelay_c_ms=16.042 ecn_mark=1399 drop=0
[QUEUE_STATS] t_ms=21856 q_pkts=39 q_bytes=58656 qdelay_l_ms=1.07909 qdelay_c_ms=15.1421 ecn_mark=1399 drop=0
[QUEUE_STATS] t_ms=21872 q_pkts=41 q_bytes=61664 qdelay_l_ms=1.09182 qdelay_c_ms=15.6918 ecn_mark=1400 drop=0
[QUEUE_STATS] t_ms=21888 q_pkts=39 q_bytes=58656 qdelay_l_ms=1.09651 qdelay_c_ms=16.3481 ecn_mark=1402 drop=0
[QUEUE_STATS] t_ms=21904 q_pkts=38 q_bytes=57152 qdelay_l_ms=0.538462 qdelay_c_ms=14.9614 ecn_mark=1402 drop=0
[QUEUE_STATS] t_ms=21920 q_pkts=40 q_bytes=60160 qdelay_l_ms=1.06856 qdelay_c_ms=16.0531 ecn_mark=1404 drop=0
[QUEUE_STATS] t_ms=21936 q_pkts=41 q_bytes=61664 qdelay_l_ms=1.08731 qdelay_c_ms=16.3828 ecn_mark=1405 drop=0
[QUEUE_STATS] t_ms=21952 q_pkts=39 q_bytes=58656 qdelay_l_ms=0.545575 qdelay_c_ms=14.979 ecn_mark=1406 drop=0
[QUEUE_STATS] t_ms=21968 q_pkts=41 q_bytes=61664 qdelay_l_ms=0.314381 qdelay_c_ms=16.5301 ecn_mark=1408 drop=0
[QUEUE_STATS] t_ms=21984 q_pkts=40 q_bytes=60160 qdelay_l_ms=1.09533 qdelay_c_ms=16.6469 ecn_mark=1410 drop=0
[QUEUE_STATS] t_ms=22000 q_pkts=39 q_bytes=58656 qdelay_l_ms=0.538192 qdelay_c_ms=14.4413 ecn_mark=1410 drop=0
[QUEUE_STATS] t_ms=22016 q_pkts=41 q_bytes=61664 qdelay_l_ms=1.08418 qdelay_c_ms=16.963 ecn_mark=1411 drop=0
[QUEUE_STATS] t_ms=22032 q_pkts=39 q_bytes=58656 qdelay_l_ms=1.08444 qdelay_c_ms=15.8571 ecn_mark=1411 drop=0
[QUEUE_STATS] t_ms=22048 q_pkts=41 q_bytes=61664 qdelay_l_ms=1.07467 qdelay_c_ms=15.8393 ecn_mark=1411 drop=0
[QUEUE_STATS] t_ms=22064 q_pkts=40 q_bytes=60160 qdelay_l_ms=1.0893 qdelay_c_ms=17.1581 ecn_mark=1414 drop=0
[QUEUE_STATS] t_ms=22080 q_pkts=42 q_bytes=63168 qdelay_l_ms=0.81405 qdelay_c_ms=16.1813 ecn_mark=1415 drop=0
[QUEUE_STATS] t_ms=22096 q_pkts=40 q_bytes=60160 qdelay_l_ms=1.08709 qdelay_c_ms=16.7901 ecn_mark=1415 drop=0
[QUEUE_STATS] t_ms=22112 q_pkts=41 q_bytes=61664 qdelay_l_ms=1.07788 qdelay_c_ms=15.6752 ecn_mark=1415 drop=0
[QUEUE_STATS] t_ms=22128 q_pkts=41 q_bytes=61664 qdelay_l_ms=1.07781 qdelay_c_ms=16.1903 ecn_mark=1417 drop=0
[QUEUE_STATS] t_ms=22144 q_pkts=41 q_bytes=61664 qdelay_l_ms=1.02998 qdelay_c_ms=17.2177 ecn_mark=1418 drop=0
[QUEUE_STATS] t_ms=22160 q_pkts=41 q_bytes=61664 qdelay_l_ms=0.529966 qdelay_c_ms=16.5174 ecn_mark=1418 drop=0
[QUEUE_STATS] t_ms=22176 q_pkts=41 q_bytes=61664 qdelay_l_ms=0.811134 qdelay_c_ms=16.2248 ecn_mark=1418 drop=0
[QUEUE_STATS] t_ms=22192 q_pkts=40 q_bytes=60160 qdelay_l_ms=1.03703 qdelay_c_ms=17.0452 ecn_mark=1418 drop=0
[QUEUE_STATS] t_ms=22208 q_pkts=42 q_bytes=63168 qdelay_l_ms=0.533963 qdelay_c_ms=16.4798 ecn_mark=1420 drop=0
[QUEUE_STATS] t_ms=22224 q_pkts=39 q_bytes=58656 qdelay_l_ms=0.040195 qdelay_c_ms=16.4909 ecn_mark=1422 drop=0
[QUEUE_STATS] t_ms=22240 q_pkts=41 q_bytes=61664 qdelay_l_ms=1.07915 qdelay_c_ms=16.0879 ecn_mark=1422 drop=0
[QUEUE_STATS] t_ms=22256 q_pkts=41 q_bytes=61664 qdelay_l_ms=1.00074 qdelay_c_ms=16.2609 ecn_mark=1422 drop=0
[QUEUE_STATS] t_ms=22272 q_pkts=41 q_bytes=61664 qdelay_l_ms=0.804522 qdelay_c_ms=16.7027 ecn_mark=1422 drop=0
[QUEUE_STATS] t_ms=22288 q_pkts=42 q_bytes=63168 qdelay_l_ms=1.09513 qdelay_c_ms=16.8994 ecn_mark=1423 drop=0
[QUEUE_STATS] t_ms=22304 q_pkts=44 q_bytes=66176 qdelay_l_ms=1.07295 qdelay_c_ms=18.2318 ecn_mark=1425 drop=0
[QUEUE_STATS] t_ms=22320 q_pkts=41 q_bytes=61664 qdelay_l_ms=1.07469 qdelay_c_ms=18.4155 ecn_mark=1425 drop=0
[QUEUE_STATS] t_ms=22336 q_pkts=40 q_bytes=60160 qdelay_l_ms=1.03938 qdelay_c_ms=15.7217 ecn_mark=1425 drop=0
[QUEUE_STATS] t_ms=22352 q_pkts=42 q_bytes=63168 qdelay_l_ms=1.10541 qdelay_c_ms=17.1357 ecn_mark=1425 drop=0
[QUEUE_STATS] t_ms=22368 q_pkts=42 q_bytes=63168 qdelay_l_ms=1.0495 qdelay_c_ms=17.0084 ecn_mark=1425 drop=0
[QUEUE_STATS] t_ms=22384 q_pkts=42 q_bytes=63168 qdelay_l_ms=1.03368 qdelay_c_ms=15.9832 ecn_mark=1427 drop=0
[QUEUE_STATS] t_ms=22400 q_pkts=42 q_bytes=63168 qdelay_l_ms=1.09415 qdelay_c_ms=19.2276 ecn_mark=1427 drop=0
[QUEUE_STATS] t_ms=22416 q_pkts=43 q_bytes=64672 qdelay_l_ms=1.06181 qdelay_c_ms=17.7452 ecn_mark=1429 drop=0
[QUEUE_STATS] t_ms=22432 q_pkts=42 q_bytes=63168 qdelay_l_ms=1.03649 qdelay_c_ms=17.0194 ecn_mark=1429 drop=0
[QUEUE_STATS] t_ms=22448 q_pkts=43 q_bytes=64672 qdelay_l_ms=1.09514 qdelay_c_ms=18.728 ecn_mark=1429 drop=0
[QUEUE_STATS] t_ms=22464 q_pkts=43 q_bytes=64672 qdelay_l_ms=1.05235 qdelay_c_ms=17.2628 ecn_mark=1432 drop=0
[QUEUE_STATS] t_ms=22480 q_pkts=42 q_bytes=63168 qdelay_l_ms=1.09585 qdelay_c_ms=17.0784 ecn_mark=1432 drop=0
[QUEUE_STATS] t_ms=22496 q_pkts=43 q_bytes=64672 qdelay_l_ms=1.03202 qdelay_c_ms=18.8365 ecn_mark=1432 drop=0
[QUEUE_STATS] t_ms=22512 q_pkts=43 q_bytes=64672 qdelay_l_ms=1.03265 qdelay_c_ms=17.2667 ecn_mark=1432 drop=0
[QUEUE_STATS] t_ms=22528 q_pkts=43 q_bytes=64672 qdelay_l_ms=1.01119 qdelay_c_ms=18.8404 ecn_mark=1433 drop=0
[QUEUE_STATS] t_ms=22544 q_pkts=42 q_bytes=63168 qdelay_l_ms=1.02428 qdelay_c_ms=19.0587 ecn_mark=1434 drop=0
[QUEUE_STATS] t_ms=22560 q_pkts=45 q_bytes=67680 qdelay_l_ms=1.02159 qdelay_c_ms=17.08 ecn_mark=1434 drop=0
[QUEUE_STATS] t_ms=22576 q_pkts=42 q_bytes=63168 qdelay_l_ms=0.902306 qdelay_c_ms=17.8298 ecn_mark=1435 drop=0
[QUEUE_STATS] t_ms=22592 q_pkts=44 q_bytes=66176 qdelay_l_ms=1.10299 qdelay_c_ms=18.0167 ecn_mark=1435 drop=0
[QUEUE_STATS] t_ms=22608 q_pkts=44 q_bytes=66176 qdelay_l_ms=1.02035 qdelay_c_ms=18.1612 ecn_mark=1436 drop=0
[QUEUE_STATS] t_ms=22624 q_pkts=43 q_bytes=64672 qdelay_l_ms=1.04235 qdelay_c_ms=17.8499 ecn_mark=1438 drop=0
[QUEUE_STATS] t_ms=22640 q_pkts=46 q_bytes=69184 qdelay_l_ms=1.04313 qdelay_c_ms=18.4238 ecn_mark=1442 drop=0
[QUEUE_STATS] t_ms=22656 q_pkts=45 q_bytes=67680 qdelay_l_ms=1.02861 qdelay_c_ms=18.4563 ecn_mark=1442 drop=0
[QUEUE_STATS] t_ms=22672 q_pkts=43 q_bytes=64672 qdelay_l_ms=0.917084 qdelay_c_ms=17.7639 ecn_mark=1443 drop=0
[QUEUE_STATS] t_ms=22688 q_pkts=46 q_bytes=69184 qdelay_l_ms=1.10146 qdelay_c_ms=19.1599 ecn_mark=1444 drop=0
[QUEUE_STATS] t_ms=22704 q_pkts=44 q_bytes=66176 qdelay_l_ms=0.924998 qdelay_c_ms=17.994 ecn_mark=1444 drop=0
[QUEUE_STATS] t_ms=22720 q_pkts=44 q_bytes=66176 qdelay_l_ms=1.00739 qdelay_c_ms=18.6032 ecn_mark=1445 drop=0
[QUEUE_STATS] t_ms=22736 q_pkts=43 q_bytes=64672 qdelay_l_ms=1.08083 qdelay_c_ms=18.7237 ecn_mark=1445 drop=0
[QUEUE_STATS] t_ms=22752 q_pkts=44 q_bytes=66176 qdelay_l_ms=1.03443 qdelay_c_ms=16.3831 ecn_mark=1448 drop=0
[QUEUE_STATS] t_ms=22768 q_pkts=43 q_bytes=64672 qdelay_l_ms=1.09618 qdelay_c_ms=18.6586 ecn_mark=1449 drop=0
[QUEUE_STATS] t_ms=22784 q_pkts=45 q_bytes=67680 qdelay_l_ms=1.02139 qdelay_c_ms=18.7226 ecn_mark=1449 drop=0
[QUEUE_STATS] t_ms=22800 q_pkts=44 q_bytes=66176 qdelay_l_ms=1.01407 qdelay_c_ms=17.0695 ecn_mark=1450 drop=0
[QUEUE_STATS] t_ms=22816 q_pkts=42 q_bytes=63168 qdelay_l_ms=1.03955 qdelay_c_ms=17.8784 ecn_mark=1450 drop=0
[QUEUE_STATS] t_ms=22832 q_pkts=45 q_bytes=67680 qdelay_l_ms=1.10326 qdelay_c_ms=19.2259 ecn_mark=1451 drop=0
[QUEUE_STATS] t_ms=22848 q_pkts=45 q_bytes=67680 qdelay_l_ms=1.07103 qdelay_c_ms=18.5428 ecn_mark=1451 drop=0
[QUEUE_STATS] t_ms=22864 q_pkts=45 q_bytes=67680 qdelay_l_ms=1.09548 qdelay_c_ms=18.955 ecn_mark=1452 drop=0
[QUEUE_STATS] t_ms=22880 q_pkts=45 q_bytes=67680 qdelay_l_ms=1.03086 qdelay_c_ms=19.7639 ecn_mark=1453 drop=0
[QUEUE_STATS] t_ms=22896 q_pkts=45 q_bytes=67680 qdelay_l_ms=0.282631 qdelay_c_ms=19.0178 ecn_mark=1455 drop=0
[QUEUE_STATS] t_ms=22912 q_pkts=46 q_bytes=69184 qdelay_l_ms=1.02317 qdelay_c_ms=18.8095 ecn_mark=1455 drop=0
[QUEUE_STATS] t_ms=22928 q_pkts=47 q_bytes=70688 qdelay_l_ms=1.02628 qdelay_c_ms=18.9659 ecn_mark=1456 drop=0
[QUEUE_STATS] t_ms=22944 q_pkts=46 q_bytes=69184 qdelay_l_ms=1.03759 qdelay_c_ms=17.7736 ecn_mark=1457 drop=0
[QUEUE_STATS] t_ms=22960 q_pkts=44 q_bytes=66176 qdelay_l_ms=1.02509 qdelay_c_ms=19.4155 ecn_mark=1458 drop=0
[QUEUE_STATS] t_ms=22976 q_pkts=44 q_bytes=66176 qdelay_l_ms=1.01779 qdelay_c_ms=18.7778 ecn_mark=1458 drop=0
[QUEUE_STATS] t_ms=22992 q_pkts=46 q_bytes=69184 qdelay_l_ms=1.04864 qdelay_c_ms=18.8991 ecn_mark=1460 drop=0
[QUEUE_STATS] t_ms=23008 q_pkts=45 q_bytes=67680 qdelay_l_ms=1.02585 qdelay_c_ms=17.8936 ecn_mark=1462 drop=0
[QUEUE_STATS] t_ms=23024 q_pkts=46 q_bytes=69184 qdelay_l_ms=1.07662 qdelay_c_ms=20.0033 ecn_mark=1462 drop=0
[QUEUE_STATS] t_ms=23040 q_pkts=45 q_bytes=67680 qdelay_l_ms=1.0394 qdelay_c_ms=19.1384 ecn_mark=1463 drop=0
[QUEUE_STATS] t_ms=23056 q_pkts=46 q_bytes=69184 qdelay_l_ms=1.02049 qdelay_c_ms=17.8189 ecn_mark=1464 drop=0
[QUEUE_STATS] t_ms=23072 q_pkts=45 q_bytes=67680 qdelay_l_ms=1.07916 qdelay_c_ms=20.6607 ecn_mark=1465 drop=0
[QUEUE_STATS] t_ms=23088 q_pkts=49 q_bytes=73696 qdelay_l_ms=1.02126 qdelay_c_ms=19.6027 ecn_mark=1465 drop=0
[QUEUE_STATS] t_ms=23104 q_pkts=46 q_bytes=69184 qdelay_l_ms=1.02696 qdelay_c_ms=19.0055 ecn_mark=1465 drop=0
[QUEUE_STATS] t_ms=23120 q_pkts=48 q_bytes=72192 qdelay_l_ms=1.02252 qdelay_c_ms=19.7941 ecn_mark=1466 drop=0
[QUEUE_STATS] t_ms=23136 q_pkts=49 q_bytes=73696 qdelay_l_ms=1.07345 qdelay_c_ms=19.2853 ecn_mark=1467 drop=0
[QUEUE_STATS] t_ms=23152 q_pkts=49 q_bytes=73696 qdelay_l_ms=1.10608 qdelay_c_ms=18.909 ecn_mark=1469 drop=0
[QUEUE_STATS] t_ms=23168 q_pkts=49 q_bytes=73696 qdelay_l_ms=1.02365 qdelay_c_ms=21.0745 ecn_mark=1470 drop=0
[QUEUE_STATS] t_ms=23184 q_pkts=49 q_bytes=73696 qdelay_l_ms=0.905402 qdelay_c_ms=19.9588 ecn_mark=1470 drop=0
[QUEUE_STATS] t_ms=23200 q_pkts=49 q_bytes=73696 qdelay_l_ms=1.07294 qdelay_c_ms=21.0508 ecn_mark=1473 drop=0
[QUEUE_STATS] t_ms=23216 q_pkts=49 q_bytes=73696 qdelay_l_ms=1.02191 qdelay_c_ms=19.5727 ecn_mark=1475 drop=0
[QUEUE_STATS] t_ms=23232 q_pkts=46 q_bytes=69184 qdelay_l_ms=1.07697 qdelay_c_ms=20.3784 ecn_mark=1476 drop=0
[QUEUE_STATS] t_ms=23248 q_pkts=49 q_bytes=73696 qdelay_l_ms=1.03168 qdelay_c_ms=19.78 ecn_mark=1477 drop=0
[QUEUE_STATS] t_ms=23264 q_pkts=49 q_bytes=73696 qdelay_l_ms=1.0274 qdelay_c_ms=20.0171 ecn_mark=1480 drop=0
[QUEUE_STATS] t_ms=23280 q_pkts=47 q_bytes=70688 qdelay_l_ms=1.07237 qdelay_c_ms=20.0461 ecn_mark=1481 drop=0
[QUEUE_STATS] t_ms=23296 q_pkts=48 q_bytes=72192 qdelay_l_ms=1.10657 qdelay_c_ms=20.314 ecn_mark=1481 drop=0
[QUEUE_STATS] t_ms=23312 q_pkts=49 q_bytes=73696 qdelay_l_ms=1.02165 qdelay_c_ms=20.0408 ecn_mark=1483 drop=0
[QUEUE_STATS] t_ms=23328 q_pkts=47 q_bytes=70688 qdelay_l_ms=1.08003 qdelay_c_ms=21.6214 ecn_mark=1485 drop=0
[QUEUE_STATS] t_ms=23344 q_pkts=49 q_bytes=73696 qdelay_l_ms=0.515529 qdelay_c_ms=19.6336 ecn_mark=1485 drop=0
[QUEUE_STATS] t_ms=23360 q_pkts=48 q_bytes=72192 qdelay_l_ms=1.03998 qdelay_c_ms=19.0511 ecn_mark=1485 drop=0
[QUEUE_STATS] t_ms=23376 q_pkts=48 q_bytes=72192 qdelay_l_ms=1.07567 qdelay_c_ms=22.2969 ecn_mark=1486 drop=0
[QUEUE_STATS] t_ms=23392 q_pkts=51 q_bytes=76704 qdelay_l_ms=1.0701 qdelay_c_ms=19.9416 ecn_mark=1488 drop=0
[QUEUE_STATS] t_ms=23408 q_pkts=52 q_bytes=78208 qdelay_l_ms=1.11219 qdelay_c_ms=20.803 ecn_mark=1489 drop=0
[QUEUE_STATS] t_ms=23424 q_pkts=49 q_bytes=73696 qdelay_l_ms=1.03711 qdelay_c_ms=22.1787 ecn_mark=1489 drop=0
[QUEUE_STATS] t_ms=23440 q_pkts=49 q_bytes=73696 qdelay_l_ms=1.02226 qdelay_c_ms=19.9659 ecn_mark=1489 drop=0
[QUEUE_STATS] t_ms=23456 q_pkts=53 q_bytes=79712 qdelay_l_ms=1.08201 qdelay_c_ms=21.8728 ecn_mark=1490 drop=0
[QUEUE_STATS] t_ms=23472 q_pkts=51 q_bytes=76704 qdelay_l_ms=1.0091 qdelay_c_ms=22.1281 ecn_mark=1492 drop=0
[QUEUE_STATS] t_ms=23488 q_pkts=50 q_bytes=75200 qdelay_l_ms=0.907455 qdelay_c_ms=19.8597 ecn_mark=1493 drop=0
[QUEUE_STATS] t_ms=23504 q_pkts=51 q_bytes=76704 qdelay_l_ms=0.259187 qdelay_c_ms=20.9035 ecn_mark=1493 drop=0
[QUEUE_STATS] t_ms=23520 q_pkts=53 q_bytes=79712 qdelay_l_ms=1.02234 qdelay_c_ms=21.9887 ecn_mark=1495 drop=0
[QUEUE_STATS] t_ms=23536 q_pkts=52 q_bytes=78208 qdelay_l_ms=1.00891 qdelay_c_ms=20.7341 ecn_mark=1496 drop=0
[QUEUE_STATS] t_ms=23552 q_pkts=50 q_bytes=75200 qdelay_l_ms=1.02175 qdelay_c_ms=22.1025 ecn_mark=1497 drop=0
[QUEUE_STATS] t_ms=23568 q_pkts=51 q_bytes=76704 qdelay_l_ms=1.01948 qdelay_c_ms=21.71 ecn_mark=1497 drop=0
[QUEUE_STATS] t_ms=23584 q_pkts=51 q_bytes=76704 qdelay_l_ms=1.01566 qdelay_c_ms=21.7566 ecn_mark=1498 drop=0
[QUEUE_STATS] t_ms=23600 q_pkts=53 q_bytes=79712 qdelay_l_ms=1.04366 qdelay_c_ms=21.6075 ecn_mark=1500 drop=0
[QUEUE_STATS] t_ms=23616 q_pkts=53 q_bytes=79712 qdelay_l_ms=1.02051 qdelay_c_ms=21.8284 ecn_mark=1500 drop=0
[QUEUE_STATS] t_ms=23632 q_pkts=50 q_bytes=75200 qdelay_l_ms=1.03031 qdelay_c_ms=21.8432 ecn_mark=1501 drop=0
[QUEUE_STATS] t_ms=23648 q_pkts=52 q_bytes=78208 qdelay_l_ms=1.09555 qdelay_c_ms=22.9087 ecn_mark=1502 drop=0
[QUEUE_STATS] t_ms=23664 q_pkts=53 q_bytes=79712 qdelay_l_ms=1.00508 qdelay_c_ms=21.5894 ecn_mark=1503 drop=0
[QUEUE_STATS] t_ms=23680 q_pkts=51 q_bytes=76704 qdelay_l_ms=1.03012 qdelay_c_ms=22.2233 ecn_mark=1503 drop=0
[QUEUE_STATS] t_ms=23696 q_pkts=53 q_bytes=79712 qdelay_l_ms=1.06967 qdelay_c_ms=23.9873 ecn_mark=1506 drop=0
[QUEUE_STATS] t_ms=23712 q_pkts=51 q_bytes=76704 qdelay_l_ms=1.02679 qdelay_c_ms=21.2854 ecn_mark=1506 drop=0
[QUEUE_STATS] t_ms=23728 q_pkts=51 q_bytes=76704 qdelay_l_ms=1.02153 qdelay_c_ms=21.8964 ecn_mark=1507 drop=0
[QUEUE_STATS] t_ms=23744 q_pkts=54 q_bytes=81216 qdelay_l_ms=0.267072 qdelay_c_ms=22.0089 ecn_mark=1508 drop=0
[QUEUE_STATS] t_ms=23760 q_pkts=55 q_bytes=82720 qdelay_l_ms=1.01919 qdelay_c_ms=21.8252 ecn_mark=1509 drop=0
[QUEUE_STATS] t_ms=23776 q_pkts=52 q_bytes=78208 qdelay_l_ms=0.913126 qdelay_c_ms=22.4301 ecn_mark=1511 drop=0
[QUEUE_STATS] t_ms=23792 q_pkts=56 q_bytes=84224 qdelay_l_ms=1.11837 qdelay_c_ms=22.7584 ecn_mark=1514 drop=0
[QUEUE_STATS] t_ms=23808 q_pkts=53 q_bytes=79712 qdelay_l_ms=1.0408 qdelay_c_ms=23.2684 ecn_mark=1514 drop=0
[QUEUE_STATS] t_ms=23824 q_pkts=51 q_bytes=76704 qdelay_l_ms=0.918527 qdelay_c_ms=21.8674 ecn_mark=1514 drop=0
[QUEUE_STATS] t_ms=23840 q_pkts=54 q_bytes=81216 qdelay_l_ms=1.08219 qdelay_c_ms=22.6909 ecn_mark=1515 drop=0
[QUEUE_STATS] t_ms=23856 q_pkts=54 q_bytes=81216 qdelay_l_ms=1.09198 qdelay_c_ms=22.9479 ecn_mark=1515 drop=0
[QUEUE_STATS] t_ms=23872 q_pkts=54 q_bytes=81216 qdelay_l_ms=1.04012 qdelay_c_ms=22.3308 ecn_mark=1515 drop=0
[QUEUE_STATS] t_ms=23888 q_pkts=53 q_bytes=79712 qdelay_l_ms=1.10691 qdelay_c_ms=23.2042 ecn_mark=1516 drop=0
[QUEUE_STATS] t_ms=23904 q_pkts=54 q_bytes=81216 qdelay_l_ms=1.0729 qdelay_c_ms=23.043 ecn_mark=1517 drop=0
[QUEUE_STATS] t_ms=23920 q_pkts=55 q_bytes=82720 qdelay_l_ms=0.932382 qdelay_c_ms=22.1316 ecn_mark=1518 drop=0
[QUEUE_STATS] t_ms=23936 q_pkts=56 q_bytes=84224 qdelay_l_ms=1.02405 qdelay_c_ms=22.9505 ecn_mark=1520 drop=0
[QUEUE_STATS] t_ms=23952 q_pkts=54 q_bytes=81216 qdelay_l_ms=0.289895 qdelay_c_ms=22.6463 ecn_mark=1521 drop=0
[QUEUE_STATS] t_ms=23968 q_pkts=55 q_bytes=82720 qdelay_l_ms=1.00392 qdelay_c_ms=22.8808 ecn_mark=1521 drop=0
[QUEUE_STATS] t_ms=23984 q_pkts=56 q_bytes=84224 qdelay_l_ms=1.10119 qdelay_c_ms=22.0719 ecn_mark=1521 drop=0
[QUEUE_STATS] t_ms=24000 q_pkts=54 q_bytes=81216 qdelay_l_ms=1.09645 qdelay_c_ms=23.1149 ecn_mark=1523 drop=0
[QUEUE_STATS] t_ms=24016 q_pkts=55 q_bytes=82720 qdelay_l_ms=1.02306 qdelay_c_ms=22.8207 ecn_mark=1524 drop=0
[QUEUE_STATS] t_ms=24032 q_pkts=56 q_bytes=84224 qdelay_l_ms=1.03385 qdelay_c_ms=20.932 ecn_mark=1525 drop=0
[QUEUE_STATS] t_ms=24048 q_pkts=53 q_bytes=79712 qdelay_l_ms=1.04838 qdelay_c_ms=22.6091 ecn_mark=1527 drop=0
[QUEUE_STATS] t_ms=24064 q_pkts=54 q_bytes=81216 qdelay_l_ms=1.03607 qdelay_c_ms=22.5996 ecn_mark=1528 drop=0
[QUEUE_STATS] t_ms=24080 q_pkts=57 q_bytes=85728 qdelay_l_ms=1.03514 qdelay_c_ms=23.0636 ecn_mark=1528 drop=0
[QUEUE_STATS] t_ms=24096 q_pkts=54 q_bytes=81216 qdelay_l_ms=1.0394 qdelay_c_ms=23.7999 ecn_mark=1530 drop=0
[QUEUE_STATS] t_ms=24112 q_pkts=54 q_bytes=81216 qdelay_l_ms=1.09387 qdelay_c_ms=22.5852 ecn_mark=1531 drop=0
[QUEUE_STATS] t_ms=24128 q_pkts=56 q_bytes=84224 qdelay_l_ms=1.03694 qdelay_c_ms=23.6671 ecn_mark=1532 drop=0
[QUEUE_STATS] t_ms=24144 q_pkts=55 q_bytes=82720 qdelay_l_ms=1.03699 qdelay_c_ms=23.1395 ecn_mark=1534 drop=0
[QUEUE_STATS] t_ms=24160 q_pkts=54 q_bytes=81216 qdelay_l_ms=1.08225 qdelay_c_ms=22.2921 ecn_mark=1535 drop=0
[QUEUE_STATS] t_ms=24176 q_pkts=57 q_bytes=85728 qdelay_l_ms=1.07904 qdelay_c_ms=24.1606 ecn_mark=1535 drop=0
[QUEUE_STATS] t_ms=24192 q_pkts=55 q_bytes=82720 qdelay_l_ms=1.10677 qdelay_c_ms=23.2278 ecn_mark=1537 drop=0
[QUEUE_STATS] t_ms=24208 q_pkts=55 q_bytes=82720 qdelay_l_ms=1.09677 qdelay_c_ms=22.9687 ecn_mark=1538 drop=0
[QUEUE_STATS] t_ms=24224 q_pkts=58 q_bytes=87232 qdelay_l_ms=1.07398 qdelay_c_ms=24.8869 ecn_mark=1540 drop=0
[QUEUE_STATS] t_ms=24240 q_pkts=56 q_bytes=84224 qdelay_l_ms=1.0492 qdelay_c_ms=23.7022 ecn_mark=1540 drop=0
[QUEUE_STATS] t_ms=24256 q_pkts=55 q_bytes=82720 qdelay_l_ms=0.265719 qdelay_c_ms=22.6809 ecn_mark=1540 drop=0
[QUEUE_STATS] t_ms=24272 q_pkts=58 q_bytes=87232 qdelay_l_ms=1.0371 qdelay_c_ms=25.0211 ecn_mark=1540 drop=0
[QUEUE_STATS] t_ms=24288 q_pkts=56 q_bytes=84224 qdelay_l_ms=1.03084 qdelay_c_ms=23.3861 ecn_mark=1541 drop=0
[QUEUE_STATS] t_ms=24304 q_pkts=57 q_bytes=85728 qdelay_l_ms=1.02531 qdelay_c_ms=23.9019 ecn_mark=1541 drop=0
[QUEUE_STATS] t_ms=24320 q_pkts=57 q_bytes=85728 qdelay_l_ms=1.03693 qdelay_c_ms=25.0472 ecn_mark=1541 drop=0
[QUEUE_STATS] t_ms=24336 q_pkts=55 q_bytes=82720 qdelay_l_ms=1.02166 qdelay_c_ms=23.045 ecn_mark=1544 drop=0
[QUEUE_STATS] t_ms=24352 q_pkts=57 q_bytes=85728 qdelay_l_ms=1.06012 qdelay_c_ms=24.8384 ecn_mark=1544 drop=0
[QUEUE_STATS] t_ms=24368 q_pkts=60 q_bytes=90240 qdelay_l_ms=0.518054 qdelay_c_ms=24.749 ecn_mark=1544 drop=0
[QUEUE_STATS] t_ms=24384 q_pkts=57 q_bytes=85728 qdelay_l_ms=0.506131 qdelay_c_ms=22.6908 ecn_mark=1545 drop=0
[QUEUE_STATS] t_ms=24400 q_pkts=58 q_bytes=87232 qdelay_l_ms=1.03131 qdelay_c_ms=25.2853 ecn_mark=1545 drop=0
[QUEUE_STATS] t_ms=24416 q_pkts=60 q_bytes=90240 qdelay_l_ms=0 qdelay_c_ms=25.1942 ecn_mark=1546 drop=0
[QUEUE_STATS] t_ms=24432 q_pkts=57 q_bytes=85728 qdelay_l_ms=0.940027 qdelay_c_ms=23.0649 ecn_mark=1546 drop=0
[QUEUE_STATS] t_ms=24448 q_pkts=58 q_bytes=87232 qdelay_l_ms=1.09539 qdelay_c_ms=25.3277 ecn_mark=1547 drop=0
[QUEUE_STATS] t_ms=24464 q_pkts=59 q_bytes=88736 qdelay_l_ms=0.763865 qdelay_c_ms=23.7938 ecn_mark=1547 drop=0
[QUEUE_STATS] t_ms=24480 q_pkts=59 q_bytes=88736 qdelay_l_ms=1.05092 qdelay_c_ms=24.8099 ecn_mark=1548 drop=0
[QUEUE_STATS] t_ms=24496 q_pkts=58 q_bytes=87232 qdelay_l_ms=1.01995 qdelay_c_ms=25.2243 ecn_mark=1549 drop=0
[QUEUE_STATS] t_ms=24512 q_pkts=57 q_bytes=85728 qdelay_l_ms=1.11388 qdelay_c_ms=24.0096 ecn_mark=1550 drop=0
[QUEUE_STATS] t_ms=24528 q_pkts=58 q_bytes=87232 qdelay_l_ms=0.913577 qdelay_c_ms=24.6721 ecn_mark=1550 drop=0
[QUEUE_STATS] t_ms=24544 q_pkts=61 q_bytes=91744 qdelay_l_ms=1.01915 qdelay_c_ms=24.8153 ecn_mark=1550 drop=0
[QUEUE_STATS] t_ms=24560 q_pkts=58 q_bytes=87232 qdelay_l_ms=1.02556 qdelay_c_ms=24.881 ecn_mark=1552 drop=0
[QUEUE_STATS] t_ms=24576 q_pkts=60 q_bytes=90240 qdelay_l_ms=1.02192 qdelay_c_ms=26.7288 ecn_mark=1553 drop=0
[QUEUE_STATS] t_ms=24592 q_pkts=60 q_bytes=90240 qdelay_l_ms=1.015 qdelay_c_ms=24.188 ecn_mark=1554 drop=0
[QUEUE_STATS] t_ms=24608 q_pkts=61 q_bytes=91744 qdelay_l_ms=1.1103 qdelay_c_ms=24.9267 ecn_mark=1554 drop=0
[QUEUE_STATS] t_ms=24624 q_pkts=60 q_bytes=90240 qdelay_l_ms=1.04486 qdelay_c_ms=26.6332 ecn_mark=1556 drop=0
[QUEUE_STATS] t_ms=24640 q_pkts=60 q_bytes=90240 qdelay_l_ms=1.07581 qdelay_c_ms=25.1591 ecn_mark=1557 drop=0
[QUEUE_STATS] t_ms=24656 q_pkts=62 q_bytes=93248 qdelay_l_ms=1.03265 qdelay_c_ms=26.9899 ecn_mark=1557 drop=0
[QUEUE_STATS] t_ms=24672 q_pkts=60 q_bytes=90240 qdelay_l_ms=1.03147 qdelay_c_ms=25.9228 ecn_mark=1558 drop=0
[QUEUE_STATS] t_ms=24688 q_pkts=60 q_bytes=90240 qdelay_l_ms=1.03324 qdelay_c_ms=24.6513 ecn_mark=1559 drop=0
[QUEUE_STATS] t_ms=24704 q_pkts=59 q_bytes=88736 qdelay_l_ms=1.0207 qdelay_c_ms=26.1006 ecn_mark=1560 drop=0
[QUEUE_STATS] t_ms=24720 q_pkts=61 q_bytes=91744 qdelay_l_ms=1.11018 qdelay_c_ms=24.7541 ecn_mark=1560 drop=0
[QUEUE_STATS] t_ms=24736 q_pkts=61 q_bytes=91744 qdelay_l_ms=1.02471 qdelay_c_ms=26.183 ecn_mark=1560 drop=0
[QUEUE_STATS] t_ms=24752 q_pkts=63 q_bytes=94752 qdelay_l_ms=0.89388 qdelay_c_ms=27.1493 ecn_mark=1560 drop=0
[QUEUE_STATS] t_ms=24768 q_pkts=62 q_bytes=93248 qdelay_l_ms=1.0209 qdelay_c_ms=27.0702 ecn_mark=1560 drop=0
[QUEUE_STATS] t_ms=24784 q_pkts=62 q_bytes=93248 qdelay_l_ms=1.00236 qdelay_c_ms=25.9596 ecn_mark=1560 drop=0
[QUEUE_STATS] t_ms=24800 q_pkts=64 q_bytes=96256 qdelay_l_ms=0.99462 qdelay_c_ms=26.7454 ecn_mark=1561 drop=0
[QUEUE_STATS] t_ms=24816 q_pkts=64 q_bytes=96256 qdelay_l_ms=1.0907 qdelay_c_ms=27.1192 ecn_mark=1561 drop=0
[QUEUE_STATS] t_ms=24832 q_pkts=63 q_bytes=94752 qdelay_l_ms=1.05803 qdelay_c_ms=27.0372 ecn_mark=1561 drop=0
[QUEUE_STATS] t_ms=24848 q_pkts=67 q_bytes=100768 qdelay_l_ms=1.10356 qdelay_c_ms=27.4386 ecn_mark=1562 drop=0
[QUEUE_STATS] t_ms=24864 q_pkts=64 q_bytes=96256 qdelay_l_ms=1.07742 qdelay_c_ms=26.9688 ecn_mark=1564 drop=0
[QUEUE_STATS] t_ms=24880 q_pkts=63 q_bytes=94752 qdelay_l_ms=0.979751 qdelay_c_ms=27.2036 ecn_mark=1565 drop=0
[QUEUE_STATS] t_ms=24896 q_pkts=66 q_bytes=99264 qdelay_l_ms=1.10629 qdelay_c_ms=27.8676 ecn_mark=1565 drop=0
[QUEUE_STATS] t_ms=24912 q_pkts=66 q_bytes=99264 qdelay_l_ms=1.08223 qdelay_c_ms=29.1041 ecn_mark=1566 drop=0
[QUEUE_STATS] t_ms=24928 q_pkts=64 q_bytes=96256 qdelay_l_ms=0.992375 qdelay_c_ms=26.9828 ecn_mark=1567 drop=0
[QUEUE_STATS] t_ms=24944 q_pkts=65 q_bytes=97760 qdelay_l_ms=1.09537 qdelay_c_ms=29.1885 ecn_mark=1567 drop=0
[QUEUE_STATS] t_ms=24960 q_pkts=64 q_bytes=96256 qdelay_l_ms=0.992174 qdelay_c_ms=28.0562 ecn_mark=1569 drop=0
[QUEUE_STATS] t_ms=24976 q_pkts=51 q_bytes=76704 qdelay_l_ms=1.06422 qdelay_c_ms=27.132 ecn_mark=1569 drop=0
[QUEUE_STATS] t_ms=24992 q_pkts=44 q_bytes=66176 qdelay_l_ms=1.07462 qdelay_c_ms=28.1255 ecn_mark=1569 drop=0
[QUEUE_STATS] t_ms=25008 q_pkts=32 q_bytes=48128 qdelay_l_ms=1.00113 qdelay_c_ms=18.9933 ecn_mark=1570 drop=0
[QUEUE_STATS] t_ms=25024 q_pkts=20 q_bytes=30080 qdelay_l_ms=1.03902 qdelay_c_ms=12.1387 ecn_mark=1571 drop=0
[QUEUE_STATS] t_ms=25040 q_pkts=20 q_bytes=30080 qdelay_l_ms=0.999559 qdelay_c_ms=6.97588 ecn_mark=1572 drop=0
[QUEUE_STATS] t_ms=25056 q_pkts=18 q_bytes=27072 qdelay_l_ms=0.985693 qdelay_c_ms=6.86554 ecn_mark=1572 drop=0
[QUEUE_STATS] t_ms=25072 q_pkts=17 q_bytes=25568 qdelay_l_ms=1.09382 qdelay_c_ms=7.61965 ecn_mark=1572 drop=0
[QUEUE_STATS] t_ms=25088 q_pkts=23 q_bytes=34592 qdelay_l_ms=0.95255 qdelay_c_ms=7.66689 ecn_mark=1573 drop=0
[QUEUE_STATS] t_ms=25104 q_pkts=21 q_bytes=31584 qdelay_l_ms=0.837654 qdelay_c_ms=9.85524 ecn_mark=1576 drop=0
[QUEUE_STATS] t_ms=25120 q_pkts=20 q_bytes=30080 qdelay_l_ms=0.984751 qdelay_c_ms=9.13525 ecn_mark=1578 drop=0
[QUEUE_STATS] t_ms=25136 q_pkts=24 q_bytes=36096 qdelay_l_ms=1.1107 qdelay_c_ms=8.89373 ecn_mark=1578 drop=0
[QUEUE_STATS] t_ms=25152 q_pkts=21 q_bytes=31584 qdelay_l_ms=0.834148 qdelay_c_ms=6.85729 ecn_mark=1578 drop=0
[QUEUE_STATS] t_ms=25168 q_pkts=22 q_bytes=33088 qdelay_l_ms=1.09641 qdelay_c_ms=8.61741 ecn_mark=1580 drop=0
[QUEUE_STATS] t_ms=25184 q_pkts=22 q_bytes=33088 qdelay_l_ms=0.972238 qdelay_c_ms=8.82507 ecn_mark=1580 drop=0
[QUEUE_STATS] t_ms=25200 q_pkts=22 q_bytes=33088 qdelay_l_ms=1.09576 qdelay_c_ms=9.90195 ecn_mark=1580 drop=0
[QUEUE_STATS] t_ms=25216 q_pkts=24 q_bytes=36096 qdelay_l_ms=1.08005 qdelay_c_ms=9.60115 ecn_mark=1581 drop=0
[QUEUE_STATS] t_ms=25232 q_pkts=26 q_bytes=39104 qdelay_l_ms=1.08891 qdelay_c_ms=9.79323 ecn_mark=1582 drop=0
[QUEUE_STATS] t_ms=25248 q_pkts=24 q_bytes=36096 qdelay_l_ms=1.07373 qdelay_c_ms=10.9433 ecn_mark=1582 drop=0
[QUEUE_STATS] t_ms=25264 q_pkts=26 q_bytes=39104 qdelay_l_ms=0.977437 qdelay_c_ms=10.2749 ecn_mark=1583 drop=0
[QUEUE_STATS] t_ms=25280 q_pkts=27 q_bytes=40608 qdelay_l_ms=1.09629 qdelay_c_ms=10.8014 ecn_mark=1584 drop=0
[QUEUE_STATS] t_ms=25296 q_pkts=25 q_bytes=37600 qdelay_l_ms=1.10573 qdelay_c_ms=10.9963 ecn_mark=1584 drop=0
[QUEUE_STATS] t_ms=25312 q_pkts=27 q_bytes=40608 qdelay_l_ms=0.984731 qdelay_c_ms=10.643 ecn_mark=1584 drop=0
[QUEUE_STATS] t_ms=25328 q_pkts=26 q_bytes=39104 qdelay_l_ms=0.971526 qdelay_c_ms=10.1488 ecn_mark=1586 drop=0
[QUEUE_STATS] t_ms=25344 q_pkts=27 q_bytes=40608 qdelay_l_ms=1.09441 qdelay_c_ms=12.0713 ecn_mark=1587 drop=0
[QUEUE_STATS] t_ms=25360 q_pkts=28 q_bytes=42112 qdelay_l_ms=1.07238 qdelay_c_ms=11.7257 ecn_mark=1590 drop=0
[QUEUE_STATS] t_ms=25376 q_pkts=29 q_bytes=43616 qdelay_l_ms=1.08582 qdelay_c_ms=11.9907 ecn_mark=1591 drop=0
[QUEUE_STATS] t_ms=25392 q_pkts=27 q_bytes=40608 qdelay_l_ms=0.990621 qdelay_c_ms=12.6321 ecn_mark=1591 drop=0
[QUEUE_STATS] t_ms=25408 q_pkts=28 q_bytes=42112 qdelay_l_ms=1.09031 qdelay_c_ms=11.1931 ecn_mark=1594 drop=0
[QUEUE_STATS] t_ms=25424 q_pkts=30 q_bytes=45120 qdelay_l_ms=0.96853 qdelay_c_ms=12.0388 ecn_mark=1594 drop=0
[QUEUE_STATS] t_ms=25440 q_pkts=30 q_bytes=45120 qdelay_l_ms=0.778513 qdelay_c_ms=12.8632 ecn_mark=1594 drop=0
[QUEUE_STATS] t_ms=25456 q_pkts=30 q_bytes=45120 qdelay_l_ms=0.983589 qdelay_c_ms=10.6576 ecn_mark=1595 drop=0
[QUEUE_STATS] t_ms=25472 q_pkts=31 q_bytes=46624 qdelay_l_ms=1.10095 qdelay_c_ms=13.1566 ecn_mark=1595 drop=0
[QUEUE_STATS] t_ms=25488 q_pkts=30 q_bytes=45120 qdelay_l_ms=0.242155 qdelay_c_ms=13.6382 ecn_mark=1596 drop=0
[QUEUE_STATS] t_ms=25504 q_pkts=33 q_bytes=49632 qdelay_l_ms=0.983408 qdelay_c_ms=12.8118 ecn_mark=1597 drop=0
[QUEUE_STATS] t_ms=25520 q_pkts=33 q_bytes=49632 qdelay_l_ms=0.763946 qdelay_c_ms=14.1146 ecn_mark=1598 drop=0
[QUEUE_STATS] t_ms=25536 q_pkts=34 q_bytes=51136 qdelay_l_ms=1.08734 qdelay_c_ms=12.9497 ecn_mark=1598 drop=0
[QUEUE_STATS] t_ms=25552 q_pkts=33 q_bytes=49632 qdelay_l_ms=0.963261 qdelay_c_ms=13.9183 ecn_mark=1598 drop=0
[QUEUE_STATS] t_ms=25568 q_pkts=33 q_bytes=49632 qdelay_l_ms=1.08131 qdelay_c_ms=13.9931 ecn_mark=1598 drop=0
[QUEUE_STATS] t_ms=25584 q_pkts=36 q_bytes=54144 qdelay_l_ms=1.07106 qdelay_c_ms=15.2007 ecn_mark=1599 drop=0
[QUEUE_STATS] t_ms=25600 q_pkts=36 q_bytes=54144 qdelay_l_ms=0.931231 qdelay_c_ms=14.714 ecn_mark=1600 drop=0
[QUEUE_STATS] t_ms=25616 q_pkts=37 q_bytes=55648 qdelay_l_ms=1.10292 qdelay_c_ms=14.9703 ecn_mark=1601 drop=0
[QUEUE_STATS] t_ms=25632 q_pkts=36 q_bytes=54144 qdelay_l_ms=0.953642 qdelay_c_ms=17.137 ecn_mark=1601 drop=0
[QUEUE_STATS] t_ms=25648 q_pkts=36 q_bytes=54144 qdelay_l_ms=1.07169 qdelay_c_ms=15.9092 ecn_mark=1602 drop=0
[QUEUE_STATS] t_ms=25664 q_pkts=38 q_bytes=57152 qdelay_l_ms=0.938594 qdelay_c_ms=15.8043 ecn_mark=1602 drop=0
[QUEUE_STATS] t_ms=25680 q_pkts=38 q_bytes=57152 qdelay_l_ms=0.751783 qdelay_c_ms=17.0725 ecn_mark=1603 drop=0
[QUEUE_STATS] t_ms=25696 q_pkts=38 q_bytes=57152 qdelay_l_ms=0.956067 qdelay_c_ms=16.0365 ecn_mark=1603 drop=0
[QUEUE_STATS] t_ms=25712 q_pkts=37 q_bytes=55648 qdelay_l_ms=1.09902 qdelay_c_ms=18.1333 ecn_mark=1605 drop=0
[QUEUE_STATS] t_ms=25728 q_pkts=38 q_bytes=57152 qdelay_l_ms=0.952961 qdelay_c_ms=16.7327 ecn_mark=1605 drop=0
[QUEUE_STATS] t_ms=25744 q_pkts=41 q_bytes=61664 qdelay_l_ms=0.735272 qdelay_c_ms=15.9552 ecn_mark=1606 drop=0
[QUEUE_STATS] t_ms=25760 q_pkts=40 q_bytes=60160 qdelay_l_ms=1.05933 qdelay_c_ms=18.8077 ecn_mark=1609 drop=0
[QUEUE_STATS] t_ms=25776 q_pkts=41 q_bytes=61664 qdelay_l_ms=0.917364 qdelay_c_ms=18.1126 ecn_mark=1610 drop=0
[QUEUE_STATS] t_ms=25792 q_pkts=41 q_bytes=61664 qdelay_l_ms=1.08962 qdelay_c_ms=17.2504 ecn_mark=1610 drop=0
[QUEUE_STATS] t_ms=25808 q_pkts=40 q_bytes=60160 qdelay_l_ms=1.06874 qdelay_c_ms=19.1634 ecn_mark=1611 drop=0
[QUEUE_STATS] t_ms=25824 q_pkts=39 q_bytes=58656 qdelay_l_ms=0.940248 qdelay_c_ms=16.8937 ecn_mark=1612 drop=0
[QUEUE_STATS] t_ms=25840 q_pkts=41 q_bytes=61664 qdelay_l_ms=1.09432 qdelay_c_ms=17.1776 ecn_mark=1615 drop=0
[QUEUE_STATS] t_ms=25856 q_pkts=42 q_bytes=63168 qdelay_l_ms=1.11128 qdelay_c_ms=18.9002 ecn_mark=1616 drop=0
[QUEUE_STATS] t_ms=25872 q_pkts=43 q_bytes=64672 qdelay_l_ms=0.931821 qdelay_c_ms=17.9192 ecn_mark=1616 drop=0
[QUEUE_STATS] t_ms=25888 q_pkts=42 q_bytes=63168 qdelay_l_ms=0.705256 qdelay_c_ms=18.9253 ecn_mark=1616 drop=0
[QUEUE_STATS] t_ms=25904 q_pkts=44 q_bytes=66176 qdelay_l_ms=1.05884 qdelay_c_ms=19.0692 ecn_mark=1616 drop=0
[QUEUE_STATS] t_ms=25920 q_pkts=41 q_bytes=61664 qdelay_l_ms=1.05824 qdelay_c_ms=18.0843 ecn_mark=1616 drop=0
[QUEUE_STATS] t_ms=25936 q_pkts=42 q_bytes=63168 qdelay_l_ms=1.07827 qdelay_c_ms=20.3946 ecn_mark=1618 drop=0
[QUEUE_STATS] t_ms=25952 q_pkts=46 q_bytes=69184 qdelay_l_ms=0.954795 qdelay_c_ms=19.9114 ecn_mark=1618 drop=0
[QUEUE_STATS] t_ms=25968 q_pkts=44 q_bytes=66176 qdelay_l_ms=0.941289 qdelay_c_ms=17.6858 ecn_mark=1618 drop=0
[QUEUE_STATS] t_ms=25984 q_pkts=43 q_bytes=64672 qdelay_l_ms=0.915361 qdelay_c_ms=20.7659 ecn_mark=1618 drop=0
[QUEUE_STATS] t_ms=26000 q_pkts=46 q_bytes=69184 qdelay_l_ms=0.944295 qdelay_c_ms=20.7552 ecn_mark=1618 drop=0
[QUEUE_STATS] t_ms=26016 q_pkts=44 q_bytes=66176 qdelay_l_ms=0.928315 qdelay_c_ms=18.837 ecn_mark=1620 drop=0
[QUEUE_STATS] t_ms=26032 q_pkts=45 q_bytes=67680 qdelay_l_ms=1.04592 qdelay_c_ms=21.0718 ecn_mark=1621 drop=0
[QUEUE_STATS] t_ms=26048 q_pkts=48 q_bytes=72192 qdelay_l_ms=0.903689 qdelay_c_ms=20.9091 ecn_mark=1621 drop=0
[QUEUE_STATS] t_ms=26064 q_pkts=45 q_bytes=67680 qdelay_l_ms=0.984941 qdelay_c_ms=20.0293 ecn_mark=1622 drop=0
[QUEUE_STATS] t_ms=26080 q_pkts=45 q_bytes=67680 qdelay_l_ms=1.07926 qdelay_c_ms=21.046 ecn_mark=1622 drop=0
[QUEUE_STATS] t_ms=26096 q_pkts=50 q_bytes=75200 qdelay_l_ms=0 qdelay_c_ms=22.2454 ecn_mark=1623 drop=0
[QUEUE_STATS] t_ms=26112 q_pkts=47 q_bytes=70688 qdelay_l_ms=1.07456 qdelay_c_ms=21.0015 ecn_mark=1623 drop=0
[QUEUE_STATS] t_ms=26128 q_pkts=47 q_bytes=70688 qdelay_l_ms=1.05465 qdelay_c_ms=22.614 ecn_mark=1623 drop=0
[QUEUE_STATS] t_ms=26144 q_pkts=51 q_bytes=76704 qdelay_l_ms=0.881286 qdelay_c_ms=22.0002 ecn_mark=1625 drop=0
[QUEUE_STATS] t_ms=26160 q_pkts=49 q_bytes=73696 qdelay_l_ms=1.08015 qdelay_c_ms=22.056 ecn_mark=1625 drop=0
[QUEUE_STATS] t_ms=26176 q_pkts=49 q_bytes=73696 qdelay_l_ms=1.09131 qdelay_c_ms=24.1508 ecn_mark=1625 drop=0
[QUEUE_STATS] t_ms=26192 q_pkts=49 q_bytes=73696 qdelay_l_ms=0.96819 qdelay_c_ms=21.823 ecn_mark=1626 drop=0
[QUEUE_STATS] t_ms=26208 q_pkts=49 q_bytes=73696 qdelay_l_ms=1.03428 qdelay_c_ms=23.1912 ecn_mark=1628 drop=0
[QUEUE_STATS] t_ms=26224 q_pkts=52 q_bytes=78208 qdelay_l_ms=1.10184 qdelay_c_ms=24.1538 ecn_mark=1628 drop=0
[QUEUE_STATS] t_ms=26240 q_pkts=51 q_bytes=76704 qdelay_l_ms=0.917485 qdelay_c_ms=21.9436 ecn_mark=1629 drop=0
[QUEUE_STATS] t_ms=26256 q_pkts=50 q_bytes=75200 qdelay_l_ms=1.10868 qdelay_c_ms=22.9232 ecn_mark=1630 drop=0
[QUEUE_STATS] t_ms=26272 q_pkts=53 q_bytes=79712 qdelay_l_ms=0.929978 qdelay_c_ms=23.8409 ecn_mark=1630 drop=0
[QUEUE_STATS] t_ms=26288 q_pkts=52 q_bytes=78208 qdelay_l_ms=0.914398 qdelay_c_ms=21.8684 ecn_mark=1631 drop=0
[QUEUE_STATS] t_ms=26304 q_pkts=52 q_bytes=78208 qdelay_l_ms=0.271711 qdelay_c_ms=23.833 ecn_mark=1631 drop=0
[QUEUE_STATS] t_ms=26320 q_pkts=53 q_bytes=79712 qdelay_l_ms=0.883871 qdelay_c_ms=23.7985 ecn_mark=1631 drop=0
[QUEUE_STATS] t_ms=26336 q_pkts=55 q_bytes=82720 qdelay_l_ms=0.963722 qdelay_c_ms=23.0057 ecn_mark=1632 drop=0
[QUEUE_STATS] t_ms=26352 q_pkts=54 q_bytes=81216 qdelay_l_ms=1.06973 qdelay_c_ms=24.9961 ecn_mark=1632 drop=0
[QUEUE_STATS] t_ms=26368 q_pkts=55 q_bytes=82720 qdelay_l_ms=1.10478 qdelay_c_ms=23.9003 ecn_mark=1633 drop=0
[QUEUE_STATS] t_ms=26384 q_pkts=54 q_bytes=81216 qdelay_l_ms=1.08005 qdelay_c_ms=25.0845 ecn_mark=1633 drop=0
[QUEUE_STATS] t_ms=26400 q_pkts=55 q_bytes=82720 qdelay_l_ms=1.08762 qdelay_c_ms=27.4993 ecn_mark=1634 drop=0
[QUEUE_STATS] t_ms=26416 q_pkts=55 q_bytes=82720 qdelay_l_ms=0.898149 qdelay_c_ms=23.4266 ecn_mark=1635 drop=0
[QUEUE_STATS] t_ms=26432 q_pkts=55 q_bytes=82720 qdelay_l_ms=1.08031 qdelay_c_ms=25.1646 ecn_mark=1635 drop=0
[QUEUE_STATS] t_ms=26448 q_pkts=56 q_bytes=84224 qdelay_l_ms=0.894911 qdelay_c_ms=28.0353 ecn_mark=1638 drop=0
[QUEUE_STATS] t_ms=26464 q_pkts=55 q_bytes=82720 qdelay_l_ms=0.915451 qdelay_c_ms=24.8795 ecn_mark=1638 drop=0
[QUEUE_STATS] t_ms=26480 q_pkts=56 q_bytes=84224 qdelay_l_ms=1.0905 qdelay_c_ms=26.0455 ecn_mark=1638 drop=0
[QUEUE_STATS] t_ms=26496 q_pkts=55 q_bytes=82720 qdelay_l_ms=0.903799 qdelay_c_ms=27.0376 ecn_mark=1638 drop=0
[QUEUE_STATS] t_ms=26512 q_pkts=55 q_bytes=82720 qdelay_l_ms=0.873492 qdelay_c_ms=24.2829 ecn_mark=1640 drop=0
[QUEUE_STATS] t_ms=26528 q_pkts=55 q_bytes=82720 qdelay_l_ms=1.06688 qdelay_c_ms=26.5063 ecn_mark=1640 drop=0
[QUEUE_STATS] t_ms=26544 q_pkts=58 q_bytes=87232 qdelay_l_ms=0.872711 qdelay_c_ms=27.8672 ecn_mark=1641 drop=0
[QUEUE_STATS] t_ms=26560 q_pkts=57 q_bytes=85728 qdelay_l_ms=0.892026 qdelay_c_ms=25.7967 ecn_mark=1641 drop=0
[QUEUE_STATS] t_ms=26576 q_pkts=57 q_bytes=85728 qdelay_l_ms=1.09509 qdelay_c_ms=28.1131 ecn_mark=1646 drop=0
[QUEUE_STATS] t_ms=26592 q_pkts=59 q_bytes=88736 qdelay_l_ms=1.10599 qdelay_c_ms=26.9262 ecn_mark=1648 drop=0
[QUEUE_STATS] t_ms=26608 q_pkts=61 q_bytes=91744 qdelay_l_ms=1.11715 qdelay_c_ms=26.8203 ecn_mark=1648 drop=0
[QUEUE_STATS] t_ms=26624 q_pkts=61 q_bytes=91744 qdelay_l_ms=1.0414 qdelay_c_ms=30.9529 ecn_mark=1650 drop=0
[QUEUE_STATS] t_ms=26640 q_pkts=60 q_bytes=90240 qdelay_l_ms=0.861479 qdelay_c_ms=27.8999 ecn_mark=1652 drop=0
[QUEUE_STATS] t_ms=26656 q_pkts=59 q_bytes=88736 qdelay_l_ms=1.08983 qdelay_c_ms=27.2391 ecn_mark=1653 drop=0
[QUEUE_STATS] t_ms=26672 q_pkts=61 q_bytes=91744 qdelay_l_ms=0.89395 qdelay_c_ms=29.794 ecn_mark=1653 drop=0
[QUEUE_STATS] t_ms=26688 q_pkts=60 q_bytes=90240 qdelay_l_ms=1.10246 qdelay_c_ms=27.4229 ecn_mark=1654 drop=0
[QUEUE_STATS] t_ms=26704 q_pkts=59 q_bytes=88736 qdelay_l_ms=0.698493 qdelay_c_ms=29.0695 ecn_mark=1657 drop=0
[QUEUE_STATS] t_ms=26720 q_pkts=63 q_bytes=94752 qdelay_l_ms=1.09669 qdelay_c_ms=29.8064 ecn_mark=1658 drop=0
[QUEUE_STATS] t_ms=26736 q_pkts=61 q_bytes=91744 qdelay_l_ms=1.06149 qdelay_c_ms=27.8286 ecn_mark=1658 drop=0
[QUEUE_STATS] t_ms=26752 q_pkts=62 q_bytes=93248 qdelay_l_ms=0.866399 qdelay_c_ms=29.9388 ecn_mark=1659 drop=0
[QUEUE_STATS] t_ms=26768 q_pkts=62 q_bytes=93248 qdelay_l_ms=1.09117 qdelay_c_ms=29.0503 ecn_mark=1659 drop=0
[QUEUE_STATS] t_ms=26784 q_pkts=62 q_bytes=93248 qdelay_l_ms=0.887498 qdelay_c_ms=28.8578 ecn_mark=1660 drop=0
[QUEUE_STATS] t_ms=26800 q_pkts=59 q_bytes=88736 qdelay_l_ms=1.06699 qdelay_c_ms=30.1174 ecn_mark=1661 drop=0
[QUEUE_STATS] t_ms=26816 q_pkts=64 q_bytes=96256 qdelay_l_ms=1.11772 qdelay_c_ms=28.7939 ecn_mark=1661 drop=0
[QUEUE_STATS] t_ms=26832 q_pkts=63 q_bytes=94752 qdelay_l_ms=1.08626 qdelay_c_ms=29.0674 ecn_mark=1662 drop=0
[QUEUE_STATS] t_ms=26848 q_pkts=64 q_bytes=96256 qdelay_l_ms=0.88337 qdelay_c_ms=32.0284 ecn_mark=1662 drop=0
[QUEUE_STATS] t_ms=26864 q_pkts=65 q_bytes=97760 qdelay_l_ms=1.07534 qdelay_c_ms=30.9338 ecn_mark=1665 drop=0
[QUEUE_STATS] t_ms=26880 q_pkts=65 q_bytes=97760 qdelay_l_ms=0.875766 qdelay_c_ms=29.8768 ecn_mark=1665 drop=0
[QUEUE_STATS] t_ms=26896 q_pkts=67 q_bytes=100768 qdelay_l_ms=1.08917 qdelay_c_ms=31.9901 ecn_mark=1668 drop=0
[QUEUE_STATS] t_ms=26912 q_pkts=66 q_bytes=99264 qdelay_l_ms=0.88841 qdelay_c_ms=32.0279 ecn_mark=1668 drop=0
[QUEUE_STATS] t_ms=26928 q_pkts=66 q_bytes=99264 qdelay_l_ms=1.10366 qdelay_c_ms=32.8751 ecn_mark=1668 drop=0
[QUEUE_STATS] t_ms=26944 q_pkts=65 q_bytes=97760 qdelay_l_ms=1.04435 qdelay_c_ms=31.2847 ecn_mark=1669 drop=0
[QUEUE_STATS] t_ms=26960 q_pkts=66 q_bytes=99264 qdelay_l_ms=0 qdelay_c_ms=33.1571 ecn_mark=1672 drop=0
[QUEUE_STATS] t_ms=26976 q_pkts=65 q_bytes=97760 qdelay_l_ms=1.03333 qdelay_c_ms=31.0826 ecn_mark=1673 drop=0
[QUEUE_STATS] t_ms=26992 q_pkts=65 q_bytes=97760 qdelay_l_ms=1.10003 qdelay_c_ms=30.8573 ecn_mark=1676 drop=0
[QUEUE_STATS] t_ms=27008 q_pkts=68 q_bytes=102272 qdelay_l_ms=1.05311 qdelay_c_ms=33.3146 ecn_mark=1676 drop=0
[QUEUE_STATS] t_ms=27024 q_pkts=66 q_bytes=99264 qdelay_l_ms=1.10391 qdelay_c_ms=30.9229 ecn_mark=1676 drop=0
[QUEUE_STATS] t_ms=27040 q_pkts=63 q_bytes=94752 qdelay_l_ms=1.08373 qdelay_c_ms=30.7006 ecn_mark=1676 drop=0
[QUEUE_STATS] t_ms=27056 q_pkts=67 q_bytes=100768 qdelay_l_ms=0.844347 qdelay_c_ms=33.0127 ecn_mark=1677 drop=0
[QUEUE_STATS] t_ms=27072 q_pkts=66 q_bytes=99264 qdelay_l_ms=1.03626 qdelay_c_ms=31.14 ecn_mark=1677 drop=0
[QUEUE_STATS] t_ms=27088 q_pkts=67 q_bytes=100768 qdelay_l_ms=1.07914 qdelay_c_ms=31.1145 ecn_mark=1677 drop=0
[QUEUE_STATS] t_ms=27104 q_pkts=66 q_bytes=99264 qdelay_l_ms=0.901524 qdelay_c_ms=33.0536 ecn_mark=1678 drop=0
[QUEUE_STATS] t_ms=27120 q_pkts=66 q_bytes=99264 qdelay_l_ms=0.672824 qdelay_c_ms=31.6337 ecn_mark=1678 drop=0
[QUEUE_STATS] t_ms=27136 q_pkts=65 q_bytes=97760 qdelay_l_ms=1.02784 qdelay_c_ms=32.0091 ecn_mark=1681 drop=0
[QUEUE_STATS] t_ms=27152 q_pkts=69 q_bytes=103776 qdelay_l_ms=0.877309 qdelay_c_ms=33.7832 ecn_mark=1682 drop=0
[QUEUE_STATS] t_ms=27168 q_pkts=67 q_bytes=100768 qdelay_l_ms=1.05042 qdelay_c_ms=31.9087 ecn_mark=1683 drop=0
[QUEUE_STATS] t_ms=27184 q_pkts=68 q_bytes=102272 qdelay_l_ms=1.07221 qdelay_c_ms=32.2153 ecn_mark=1684 drop=0
[QUEUE_STATS] t_ms=27200 q_pkts=71 q_bytes=106784 qdelay_l_ms=1.10408 qdelay_c_ms=34.1556 ecn_mark=1685 drop=0
[QUEUE_STATS] t_ms=27216 q_pkts=67 q_bytes=100768 qdelay_l_ms=1.08681 qdelay_c_ms=33.1624 ecn_mark=1686 drop=0
[QUEUE_STATS] t_ms=27232 q_pkts=67 q_bytes=100768 qdelay_l_ms=1.09509 qdelay_c_ms=33.0657 ecn_mark=1688 drop=0
[QUEUE_STATS] t_ms=27248 q_pkts=71 q_bytes=106784 qdelay_l_ms=0 qdelay_c_ms=35.0482 ecn_mark=1690 drop=0
[QUEUE_STATS] t_ms=27264 q_pkts=69 q_bytes=103776 qdelay_l_ms=1.04457 qdelay_c_ms=34.0258 ecn_mark=1691 drop=0
[QUEUE_STATS] t_ms=27280 q_pkts=68 q_bytes=102272 qdelay_l_ms=1.05199 qdelay_c_ms=33.0161 ecn_mark=1692 drop=0
[QUEUE_STATS] t_ms=27296 q_pkts=69 q_bytes=103776 qdelay_l_ms=0.891425 qdelay_c_ms=32.8626 ecn_mark=1694 drop=0
[QUEUE_STATS] t_ms=27312 q_pkts=69 q_bytes=103776 qdelay_l_ms=1.04875 qdelay_c_ms=32.9909 ecn_mark=1695 drop=0
[QUEUE_STATS] t_ms=27328 q_pkts=69 q_bytes=103776 qdelay_l_ms=0.870656 qdelay_c_ms=32.9576 ecn_mark=1698 drop=0
[QUEUE_STATS] t_ms=27344 q_pkts=71 q_bytes=106784 qdelay_l_ms=1.06652 qdelay_c_ms=36.0079 ecn_mark=1698 drop=0
[QUEUE_STATS] t_ms=27360 q_pkts=70 q_bytes=105280 qdelay_l_ms=1.08081 qdelay_c_ms=32.8308 ecn_mark=1700 drop=0
[QUEUE_STATS] t_ms=27376 q_pkts=68 q_bytes=102272 qdelay_l_ms=1.076 qdelay_c_ms=33.3678 ecn_mark=1701 drop=0
[QUEUE_STATS] t_ms=27392 q_pkts=69 q_bytes=103776 qdelay_l_ms=1.06157 qdelay_c_ms=35.1047 ecn_mark=1701 drop=0
[QUEUE_STATS] t_ms=27408 q_pkts=70 q_bytes=105280 qdelay_l_ms=0.882498 qdelay_c_ms=31.6956 ecn_mark=1701 drop=0
[QUEUE_STATS] t_ms=27424 q_pkts=67 q_bytes=100768 qdelay_l_ms=0.660771 qdelay_c_ms=31.8901 ecn_mark=1701 drop=0
[QUEUE_STATS] t_ms=27440 q_pkts=70 q_bytes=105280 qdelay_l_ms=1.09981 qdelay_c_ms=33.9505 ecn_mark=1701 drop=0
[QUEUE_STATS] t_ms=27456 q_pkts=70 q_bytes=105280 qdelay_l_ms=1.04238 qdelay_c_ms=33.7497 ecn_mark=1701 drop=0
[QUEUE_STATS] t_ms=27472 q_pkts=71 q_bytes=106784 qdelay_l_ms=1.09528 qdelay_c_ms=33.3975 ecn_mark=1701 drop=0
[QUEUE_STATS] t_ms=27488 q_pkts=72 q_bytes=108288 qdelay_l_ms=1.0151 qdelay_c_ms=35.9276 ecn_mark=1702 drop=0
[QUEUE_STATS] t_ms=27504 q_pkts=72 q_bytes=108288 qdelay_l_ms=0.834719 qdelay_c_ms=34.8335 ecn_mark=1702 drop=0
[QUEUE_STATS] t_ms=27520 q_pkts=71 q_bytes=106784 qdelay_l_ms=1.10619 qdelay_c_ms=34.7198 ecn_mark=1702 drop=0
[QUEUE_STATS] t_ms=27536 q_pkts=73 q_bytes=109792 qdelay_l_ms=1.09435 qdelay_c_ms=33.972 ecn_mark=1703 drop=0
[QUEUE_STATS] t_ms=27552 q_pkts=69 q_bytes=103776 qdelay_l_ms=0.884242 qdelay_c_ms=34.9952 ecn_mark=1704 drop=0
[QUEUE_STATS] t_ms=27568 q_pkts=72 q_bytes=108288 qdelay_l_ms=1.01563 qdelay_c_ms=35.0386 ecn_mark=1704 drop=0
[QUEUE_STATS] t_ms=27584 q_pkts=72 q_bytes=108288 qdelay_l_ms=1.03562 qdelay_c_ms=33.4668 ecn_mark=1706 drop=0
[QUEUE_STATS] t_ms=27600 q_pkts=73 q_bytes=109792 qdelay_l_ms=1.06774 qdelay_c_ms=35.0244 ecn_mark=1707 drop=0
[QUEUE_STATS] t_ms=27616 q_pkts=72 q_bytes=108288 qdelay_l_ms=1.03732 qdelay_c_ms=35.9024 ecn_mark=1709 drop=0
[QUEUE_STATS] t_ms=27632 q_pkts=72 q_bytes=108288 qdelay_l_ms=0.839408 qdelay_c_ms=34.9528 ecn_mark=1709 drop=0
[QUEUE_STATS] t_ms=27648 q_pkts=71 q_bytes=106784 qdelay_l_ms=1.08183 qdelay_c_ms=35.833 ecn_mark=1710 drop=0
[QUEUE_STATS] t_ms=27664 q_pkts=72 q_bytes=108288 qdelay_l_ms=1.09961 qdelay_c_ms=35.8793 ecn_mark=1710 drop=0
[QUEUE_STATS] t_ms=27680 q_pkts=73 q_bytes=109792 qdelay_l_ms=1.10825 qdelay_c_ms=34.8422 ecn_mark=1710 drop=0
[QUEUE_STATS] t_ms=27696 q_pkts=70 q_bytes=105280 qdelay_l_ms=1.10681 qdelay_c_ms=35.9621 ecn_mark=1712 drop=0
[QUEUE_STATS] t_ms=27712 q_pkts=71 q_bytes=106784 qdelay_l_ms=0.793121 qdelay_c_ms=34.9244 ecn_mark=1712 drop=0
[QUEUE_STATS] t_ms=27728 q_pkts=74 q_bytes=111296 qdelay_l_ms=1.01819 qdelay_c_ms=34.9452 ecn_mark=1712 drop=0
[QUEUE_STATS] t_ms=27744 q_pkts=74 q_bytes=111296 qdelay_l_ms=1.06769 qdelay_c_ms=36.9345 ecn_mark=1716 drop=0
[QUEUE_STATS] t_ms=27760 q_pkts=74 q_bytes=111296 qdelay_l_ms=0.874764 qdelay_c_ms=34.6762 ecn_mark=1719 drop=0
[QUEUE_STATS] t_ms=27776 q_pkts=74 q_bytes=109844 qdelay_l_ms=1.07993 qdelay_c_ms=36.6858 ecn_mark=1720 drop=0
[QUEUE_STATS] t_ms=27792 q_pkts=75 q_bytes=111348 qdelay_l_ms=0.864845 qdelay_c_ms=37.5745 ecn_mark=1721 drop=0
[QUEUE_STATS] t_ms=27808 q_pkts=73 q_bytes=109792 qdelay_l_ms=0.860417 qdelay_c_ms=35.6924 ecn_mark=1722 drop=0
[QUEUE_STATS] t_ms=27824 q_pkts=74 q_bytes=111296 qdelay_l_ms=0.850077 qdelay_c_ms=36.6762 ecn_mark=1723 drop=0
[QUEUE_STATS] t_ms=27840 q_pkts=72 q_bytes=108288 qdelay_l_ms=0.804212 qdelay_c_ms=34.9487 ecn_mark=1723 drop=0
[QUEUE_STATS] t_ms=27856 q_pkts=71 q_bytes=106784 qdelay_l_ms=1.0185 qdelay_c_ms=36.0823 ecn_mark=1725 drop=0
[QUEUE_STATS] t_ms=27872 q_pkts=73 q_bytes=109792 qdelay_l_ms=0.871077 qdelay_c_ms=36.909 ecn_mark=1725 drop=0
[QUEUE_STATS] t_ms=27888 q_pkts=69 q_bytes=103776 qdelay_l_ms=0.865877 qdelay_c_ms=34.8722 ecn_mark=1726 drop=0
[QUEUE_STATS] t_ms=27904 q_pkts=70 q_bytes=105280 qdelay_l_ms=1.07043 qdelay_c_ms=35.1247 ecn_mark=1729 drop=0
[QUEUE_STATS] t_ms=27920 q_pkts=75 q_bytes=112800 qdelay_l_ms=0.853073 qdelay_c_ms=36.9385 ecn_mark=1730 drop=0
[QUEUE_STATS] t_ms=27936 q_pkts=72 q_bytes=108288 qdelay_l_ms=1.08058 qdelay_c_ms=34.8226 ecn_mark=1730 drop=0
[QUEUE_STATS] t_ms=27952 q_pkts=71 q_bytes=106784 qdelay_l_ms=1.08821 qdelay_c_ms=33.2106 ecn_mark=1730 drop=0
[QUEUE_STATS] t_ms=27968 q_pkts=75 q_bytes=112800 qdelay_l_ms=1.06475 qdelay_c_ms=36.2032 ecn_mark=1732 drop=0
[QUEUE_STATS] t_ms=27984 q_pkts=74 q_bytes=111296 qdelay_l_ms=1.07025 qdelay_c_ms=36.2766 ecn_mark=1732 drop=0
[QUEUE_STATS] t_ms=28000 q_pkts=72 q_bytes=108288 qdelay_l_ms=1.06602 qdelay_c_ms=35.9506 ecn_mark=1734 drop=0
[QUEUE_STATS] t_ms=28016 q_pkts=75 q_bytes=112800 qdelay_l_ms=1.05839 qdelay_c_ms=37.1709 ecn_mark=1734 drop=0
[QUEUE_STATS] t_ms=28032 q_pkts=74 q_bytes=111296 qdelay_l_ms=1.09203 qdelay_c_ms=35.9577 ecn_mark=1735 drop=0
[QUEUE_STATS] t_ms=28048 q_pkts=72 q_bytes=108288 qdelay_l_ms=1.06047 qdelay_c_ms=36.5296 ecn_mark=1736 drop=0
[QUEUE_STATS] t_ms=28064 q_pkts=75 q_bytes=112800 qdelay_l_ms=1.10555 qdelay_c_ms=36.8361 ecn_mark=1737 drop=0
[QUEUE_STATS] t_ms=28080 q_pkts=71 q_bytes=106784 qdelay_l_ms=1.04745 qdelay_c_ms=35.0005 ecn_mark=1738 drop=0
[QUEUE_STATS] t_ms=28096 q_pkts=72 q_bytes=108288 qdelay_l_ms=1.06526 qdelay_c_ms=37.2087 ecn_mark=1741 drop=0
[QUEUE_STATS] t_ms=28112 q_pkts=74 q_bytes=111296 qdelay_l_ms=1.03172 qdelay_c_ms=35.6409 ecn_mark=1741 drop=0
[QUEUE_STATS] t_ms=28128 q_pkts=72 q_bytes=108288 qdelay_l_ms=0.859656 qdelay_c_ms=34.8948 ecn_mark=1743 drop=0
[QUEUE_STATS] t_ms=28144 q_pkts=73 q_bytes=109792 qdelay_l_ms=1.06634 qdelay_c_ms=35.8454 ecn_mark=1743 drop=0
[QUEUE_STATS] t_ms=28160 q_pkts=74 q_bytes=111296 qdelay_l_ms=0.875806 qdelay_c_ms=35.6573 ecn_mark=1743 drop=0
[QUEUE_STATS] t_ms=28176 q_pkts=72 q_bytes=108288 qdelay_l_ms=1.06574 qdelay_c_ms=34.9405 ecn_mark=1743 drop=0
[QUEUE_STATS] t_ms=28192 q_pkts=73 q_bytes=109792 qdelay_l_ms=0.859505 qdelay_c_ms=36.0363 ecn_mark=1743 drop=0
[QUEUE_STATS] t_ms=28208 q_pkts=75 q_bytes=112800 qdelay_l_ms=0.834979 qdelay_c_ms=35.8487 ecn_mark=1743 drop=0
[QUEUE_STATS] t_ms=28224 q_pkts=75 q_bytes=112800 qdelay_l_ms=0.840981 qdelay_c_ms=36.9025 ecn_mark=1744 drop=0
[QUEUE_STATS] t_ms=28240 q_pkts=76 q_bytes=114304 qdelay_l_ms=1.09619 qdelay_c_ms=36.9024 ecn_mark=1745 drop=0
[QUEUE_STATS] t_ms=28256 q_pkts=74 q_bytes=111296 qdelay_l_ms=0.859366 qdelay_c_ms=36.9081 ecn_mark=1746 drop=0
[QUEUE_STATS] t_ms=28272 q_pkts=75 q_bytes=112800 qdelay_l_ms=1.06009 qdelay_c_ms=37.4945 ecn_mark=1748 drop=0
[QUEUE_STATS] t_ms=28288 q_pkts=74 q_bytes=111296 qdelay_l_ms=0.655091 qdelay_c_ms=38.2418 ecn_mark=1752 drop=0
[QUEUE_STATS] t_ms=28304 q_pkts=78 q_bytes=117312 qdelay_l_ms=1.10622 qdelay_c_ms=36.9967 ecn_mark=1753 drop=0
[QUEUE_STATS] t_ms=28320 q_pkts=72 q_bytes=108288 qdelay_l_ms=1.0223 qdelay_c_ms=36.929 ecn_mark=1756 drop=0
[QUEUE_STATS] t_ms=28336 q_pkts=75 q_bytes=112800 qdelay_l_ms=1.05849 qdelay_c_ms=36.975 ecn_mark=1756 drop=0
[QUEUE_STATS] t_ms=28352 q_pkts=76 q_bytes=114304 qdelay_l_ms=1.06457 qdelay_c_ms=37.5921 ecn_mark=1756 drop=0
[QUEUE_STATS] t_ms=28368 q_pkts=75 q_bytes=112800 qdelay_l_ms=0.783262 qdelay_c_ms=36.5148 ecn_mark=1756 drop=0
[QUEUE_STATS] t_ms=28384 q_pkts=74 q_bytes=111296 qdelay_l_ms=1.09847 qdelay_c_ms=36.9031 ecn_mark=1757 drop=0
[QUEUE_STATS] t_ms=28400 q_pkts=75 q_bytes=112800 qdelay_l_ms=1.09955 qdelay_c_ms=37.0012 ecn_mark=1759 drop=0
[QUEUE_STATS] t_ms=28416 q_pkts=76 q_bytes=114304 qdelay_l_ms=1.03307 qdelay_c_ms=37.1257 ecn_mark=1760 drop=0
[QUEUE_STATS] t_ms=28432 q_pkts=75 q_bytes=112800 qdelay_l_ms=0.861489 qdelay_c_ms=37.107 ecn_mark=1760 drop=0
[QUEUE_STATS] t_ms=28448 q_pkts=75 q_bytes=112800 qdelay_l_ms=0.837534 qdelay_c_ms=36.9217 ecn_mark=1760 drop=0
[QUEUE_STATS] t_ms=28464 q_pkts=75 q_bytes=112800 qdelay_l_ms=1.08642 qdelay_c_ms=38.4423 ecn_mark=1760 drop=0
[QUEUE_STATS] t_ms=28480 q_pkts=75 q_bytes=112800 qdelay_l_ms=1.08087 qdelay_c_ms=37.7637 ecn_mark=1760 drop=0
[QUEUE_STATS] t_ms=28496 q_pkts=75 q_bytes=112800 qdelay_l_ms=1.10615 qdelay_c_ms=36.9986 ecn_mark=1761 drop=0
[QUEUE_STATS] t_ms=28512 q_pkts=77 q_bytes=115808 qdelay_l_ms=0.841471 qdelay_c_ms=38.9523 ecn_mark=1763 drop=0
[QUEUE_STATS] t_ms=28528 q_pkts=77 q_bytes=115808 qdelay_l_ms=0.745622 qdelay_c_ms=37.7581 ecn_mark=1763 drop=0
[QUEUE_STATS] t_ms=28544 q_pkts=76 q_bytes=114304 qdelay_l_ms=1.05852 qdelay_c_ms=36.9924 ecn_mark=1763 drop=0
[QUEUE_STATS] t_ms=28560 q_pkts=78 q_bytes=117312 qdelay_l_ms=0.847433 qdelay_c_ms=38.0627 ecn_mark=1766 drop=0
[QUEUE_STATS] t_ms=28576 q_pkts=78 q_bytes=117312 qdelay_l_ms=1.06816 qdelay_c_ms=37.4397 ecn_mark=1766 drop=0
[QUEUE_STATS] t_ms=28592 q_pkts=77 q_bytes=115808 qdelay_l_ms=1.09913 qdelay_c_ms=38.2712 ecn_mark=1766 drop=0
[QUEUE_STATS] t_ms=28608 q_pkts=76 q_bytes=114304 qdelay_l_ms=0.847163 qdelay_c_ms=39.7306 ecn_mark=1768 drop=0
[QUEUE_STATS] t_ms=28624 q_pkts=76 q_bytes=114304 qdelay_l_ms=1.11117 qdelay_c_ms=38.0682 ecn_mark=1771 drop=0
[QUEUE_STATS] t_ms=28640 q_pkts=77 q_bytes=115808 qdelay_l_ms=1.05027 qdelay_c_ms=37.2036 ecn_mark=1772 drop=0
[QUEUE_STATS] t_ms=28656 q_pkts=77 q_bytes=115808 qdelay_l_ms=1.10644 qdelay_c_ms=40.0302 ecn_mark=1772 drop=0
[QUEUE_STATS] t_ms=28672 q_pkts=77 q_bytes=115808 qdelay_l_ms=1.06615 qdelay_c_ms=38.0395 ecn_mark=1773 drop=0
[QUEUE_STATS] t_ms=28688 q_pkts=78 q_bytes=117312 qdelay_l_ms=1.06407 qdelay_c_ms=40.0625 ecn_mark=1773 drop=0
[QUEUE_STATS] t_ms=28704 q_pkts=79 q_bytes=118816 qdelay_l_ms=0.709844 qdelay_c_ms=40.0044 ecn_mark=1774 drop=0
[QUEUE_STATS] t_ms=28720 q_pkts=77 q_bytes=115808 qdelay_l_ms=1.09305 qdelay_c_ms=38.9415 ecn_mark=1776 drop=0
[QUEUE_STATS] t_ms=28736 q_pkts=78 q_bytes=117312 qdelay_l_ms=1.07024 qdelay_c_ms=39.0071 ecn_mark=1776 drop=0
[QUEUE_STATS] t_ms=28752 q_pkts=77 q_bytes=115808 qdelay_l_ms=0.976425 qdelay_c_ms=40.9379 ecn_mark=1778 drop=0
[QUEUE_STATS] t_ms=28768 q_pkts=76 q_bytes=114304 qdelay_l_ms=0.84602 qdelay_c_ms=37.9295 ecn_mark=1778 drop=0
[QUEUE_STATS] t_ms=28784 q_pkts=79 q_bytes=118816 qdelay_l_ms=0.851871 qdelay_c_ms=38.8993 ecn_mark=1781 drop=0
[QUEUE_STATS] t_ms=28800 q_pkts=76 q_bytes=114304 qdelay_l_ms=1.06803 qdelay_c_ms=39.1989 ecn_mark=1782 drop=0
[QUEUE_STATS] t_ms=28816 q_pkts=77 q_bytes=115808 qdelay_l_ms=1.09819 qdelay_c_ms=37.9243 ecn_mark=1782 drop=0
[QUEUE_STATS] t_ms=28832 q_pkts=75 q_bytes=112800 qdelay_l_ms=0.843696 qdelay_c_ms=38.7711 ecn_mark=1783 drop=0
[QUEUE_STATS] t_ms=28848 q_pkts=67 q_bytes=100768 qdelay_l_ms=0.747906 qdelay_c_ms=38.7959 ecn_mark=1784 drop=0
[QUEUE_STATS] t_ms=28864 q_pkts=57 q_bytes=85728 qdelay_l_ms=1.07772 qdelay_c_ms=38.218 ecn_mark=1785 drop=0
[QUEUE_STATS] t_ms=28880 q_pkts=48 q_bytes=72192 qdelay_l_ms=1.10245 qdelay_c_ms=35.0947 ecn_mark=1786 drop=0
[QUEUE_STATS] t_ms=28896 q_pkts=38 q_bytes=57152 qdelay_l_ms=0.976536 qdelay_c_ms=27.9865 ecn_mark=1786 drop=0
[QUEUE_STATS] t_ms=28912 q_pkts=31 q_bytes=46624 qdelay_l_ms=1.10942 qdelay_c_ms=20.778 ecn_mark=1788 drop=0
[QUEUE_STATS] t_ms=28928 q_pkts=32 q_bytes=48128 qdelay_l_ms=0.836322 qdelay_c_ms=15.0694 ecn_mark=1789 drop=0
[QUEUE_STATS] t_ms=28944 q_pkts=32 q_bytes=48128 qdelay_l_ms=1.05944 qdelay_c_ms=15.3609 ecn_mark=1789 drop=0
[QUEUE_STATS] t_ms=28960 q_pkts=31 q_bytes=46624 qdelay_l_ms=1.07248 qdelay_c_ms=15.9278 ecn_mark=1789 drop=0
[QUEUE_STATS] t_ms=28976 q_pkts=32 q_bytes=48128 qdelay_l_ms=1.09671 qdelay_c_ms=15.7686 ecn_mark=1790 drop=0
[QUEUE_STATS] t_ms=28992 q_pkts=34 q_bytes=51136 qdelay_l_ms=1.03207 qdelay_c_ms=15.4072 ecn_mark=1792 drop=0
[QUEUE_STATS] t_ms=29008 q_pkts=35 q_bytes=52640 qdelay_l_ms=0.965305 qdelay_c_ms=16.6361 ecn_mark=1792 drop=0
[QUEUE_STATS] t_ms=29024 q_pkts=34 q_bytes=51136 qdelay_l_ms=1.0613 qdelay_c_ms=17.1816 ecn_mark=1793 drop=0
[QUEUE_STATS] t_ms=29040 q_pkts=35 q_bytes=52640 qdelay_l_ms=1.07056 qdelay_c_ms=17.0153 ecn_mark=1796 drop=0
[QUEUE_STATS] t_ms=29056 q_pkts=36 q_bytes=54144 qdelay_l_ms=1.07046 qdelay_c_ms=18.0569 ecn_mark=1797 drop=0
[QUEUE_STATS] t_ms=29072 q_pkts=37 q_bytes=55648 qdelay_l_ms=0.838395 qdelay_c_ms=16.9639 ecn_mark=1797 drop=0
[QUEUE_STATS] t_ms=29088 q_pkts=34 q_bytes=51136 qdelay_l_ms=1.08784 qdelay_c_ms=17.1644 ecn_mark=1798 drop=0
[QUEUE_STATS] t_ms=29104 q_pkts=36 q_bytes=54144 qdelay_l_ms=0.953793 qdelay_c_ms=17.8859 ecn_mark=1798 drop=0
[QUEUE_STATS] t_ms=29120 q_pkts=38 q_bytes=57152 qdelay_l_ms=0.975674 qdelay_c_ms=16.9802 ecn_mark=1798 drop=0
[QUEUE_STATS] t_ms=29136 q_pkts=35 q_bytes=52640 qdelay_l_ms=0.634353 qdelay_c_ms=19.012 ecn_mark=1798 drop=0
[QUEUE_STATS] t_ms=29152 q_pkts=39 q_bytes=58656 qdelay_l_ms=1.04086 qdelay_c_ms=18.9576 ecn_mark=1798 drop=0
[QUEUE_STATS] t_ms=29168 q_pkts=39 q_bytes=58656 qdelay_l_ms=0.947301 qdelay_c_ms=19.0312 ecn_mark=1799 drop=0
[QUEUE_STATS] t_ms=29184 q_pkts=40 q_bytes=60160 qdelay_l_ms=0.934005 qdelay_c_ms=19.7256 ecn_mark=1799 drop=0
[QUEUE_STATS] t_ms=29200 q_pkts=40 q_bytes=60160 qdelay_l_ms=1.06576 qdelay_c_ms=19.7436 ecn_mark=1799 drop=0
[QUEUE_STATS] t_ms=29216 q_pkts=42 q_bytes=63168 qdelay_l_ms=1.11378 qdelay_c_ms=19.7557 ecn_mark=1801 drop=0
[QUEUE_STATS] t_ms=29232 q_pkts=40 q_bytes=60160 qdelay_l_ms=1.07442 qdelay_c_ms=20.4304 ecn_mark=1802 drop=0
[QUEUE_STATS] t_ms=29248 q_pkts=42 q_bytes=63168 qdelay_l_ms=1.06157 qdelay_c_ms=21.049 ecn_mark=1803 drop=0
[QUEUE_STATS] t_ms=29264 q_pkts=42 q_bytes=63168 qdelay_l_ms=1.07277 qdelay_c_ms=19.898 ecn_mark=1805 drop=0
[QUEUE_STATS] t_ms=29280 q_pkts=40 q_bytes=60160 qdelay_l_ms=1.08058 qdelay_c_ms=22.1037 ecn_mark=1805 drop=0
[QUEUE_STATS] t_ms=29296 q_pkts=44 q_bytes=66176 qdelay_l_ms=1.07515 qdelay_c_ms=22.3501 ecn_mark=1805 drop=0
[QUEUE_STATS] t_ms=29312 q_pkts=43 q_bytes=64672 qdelay_l_ms=1.03818 qdelay_c_ms=21.0996 ecn_mark=1805 drop=0
[QUEUE_STATS] t_ms=29328 q_pkts=43 q_bytes=64672 qdelay_l_ms=0.924328 qdelay_c_ms=22.8345 ecn_mark=1807 drop=0
[QUEUE_STATS] t_ms=29344 q_pkts=42 q_bytes=63168 qdelay_l_ms=0.731204 qdelay_c_ms=20.0338 ecn_mark=1808 drop=0
[QUEUE_STATS] t_ms=29360 q_pkts=45 q_bytes=67680 qdelay_l_ms=0.836492 qdelay_c_ms=21.6523 ecn_mark=1810 drop=0
[QUEUE_STATS] t_ms=29376 q_pkts=42 q_bytes=63168 qdelay_l_ms=0.945407 qdelay_c_ms=23.0576 ecn_mark=1811 drop=0
[QUEUE_STATS] t_ms=29392 q_pkts=42 q_bytes=63168 qdelay_l_ms=0.834748 qdelay_c_ms=20.004 ecn_mark=1811 drop=0
[QUEUE_STATS] t_ms=29408 q_pkts=46 q_bytes=69184 qdelay_l_ms=1.06652 qdelay_c_ms=24.051 ecn_mark=1811 drop=0
[QUEUE_STATS] t_ms=29424 q_pkts=47 q_bytes=70688 qdelay_l_ms=1.08546 qdelay_c_ms=22.9818 ecn_mark=1811 drop=0
[QUEUE_STATS] t_ms=29440 q_pkts=44 q_bytes=66176 qdelay_l_ms=1.06927 qdelay_c_ms=22.1979 ecn_mark=1811 drop=0
[QUEUE_STATS] t_ms=29456 q_pkts=47 q_bytes=70688 qdelay_l_ms=0.837244 qdelay_c_ms=23.9242 ecn_mark=1813 drop=0
[QUEUE_STATS] t_ms=29472 q_pkts=46 q_bytes=69184 qdelay_l_ms=1.09953 qdelay_c_ms=21.3821 ecn_mark=1813 drop=0
[QUEUE_STATS] t_ms=29488 q_pkts=47 q_bytes=70688 qdelay_l_ms=1.09446 qdelay_c_ms=22.835 ecn_mark=1813 drop=0
[QUEUE_STATS] t_ms=29504 q_pkts=47 q_bytes=70688 qdelay_l_ms=1.10451 qdelay_c_ms=25.0395 ecn_mark=1813 drop=0
[QUEUE_STATS] t_ms=29520 q_pkts=49 q_bytes=73696 qdelay_l_ms=1.08405 qdelay_c_ms=22.8983 ecn_mark=1813 drop=0
[QUEUE_STATS] t_ms=29536 q_pkts=49 q_bytes=73696 qdelay_l_ms=1.07225 qdelay_c_ms=25.0731 ecn_mark=1815 drop=0
[QUEUE_STATS] t_ms=29552 q_pkts=51 q_bytes=76704 qdelay_l_ms=1.05022 qdelay_c_ms=27.0442 ecn_mark=1815 drop=0
[QUEUE_STATS] t_ms=29568 q_pkts=50 q_bytes=75200 qdelay_l_ms=0.897186 qdelay_c_ms=23.7775 ecn_mark=1815 drop=0
[QUEUE_STATS] t_ms=29584 q_pkts=50 q_bytes=75200 qdelay_l_ms=1.04537 qdelay_c_ms=25.3289 ecn_mark=1815 drop=0
[QUEUE_STATS] t_ms=29600 q_pkts=53 q_bytes=79712 qdelay_l_ms=1.1027 qdelay_c_ms=26.085 ecn_mark=1815 drop=0
[QUEUE_STATS] t_ms=29616 q_pkts=52 q_bytes=78208 qdelay_l_ms=0.895984 qdelay_c_ms=22.824 ecn_mark=1816 drop=0
[QUEUE_STATS] t_ms=29632 q_pkts=51 q_bytes=76704 qdelay_l_ms=1.03914 qdelay_c_ms=27.2133 ecn_mark=1816 drop=0
[QUEUE_STATS] t_ms=29648 q_pkts=54 q_bytes=81216 qdelay_l_ms=1.06412 qdelay_c_ms=28.1539 ecn_mark=1817 drop=0
[QUEUE_STATS] t_ms=29664 q_pkts=53 q_bytes=79712 qdelay_l_ms=1.04588 qdelay_c_ms=27.1892 ecn_mark=1818 drop=0
[QUEUE_STATS] t_ms=29680 q_pkts=54 q_bytes=81216 qdelay_l_ms=1.10963 qdelay_c_ms=27.9595 ecn_mark=1818 drop=0
[QUEUE_STATS] t_ms=29696 q_pkts=54 q_bytes=81216 qdelay_l_ms=1.05156 qdelay_c_ms=26.9779 ecn_mark=1818 drop=0
[QUEUE_STATS] t_ms=29712 q_pkts=53 q_bytes=79712 qdelay_l_ms=1.08981 qdelay_c_ms=27.6203 ecn_mark=1819 drop=0
[QUEUE_STATS] t_ms=29728 q_pkts=55 q_bytes=82720 qdelay_l_ms=0.870336 qdelay_c_ms=28.932 ecn_mark=1819 drop=0
[QUEUE_STATS] t_ms=29744 q_pkts=54 q_bytes=81216 qdelay_l_ms=1.08544 qdelay_c_ms=27.843 ecn_mark=1819 drop=0
[QUEUE_STATS] t_ms=29760 q_pkts=55 q_bytes=82720 qdelay_l_ms=1.06898 qdelay_c_ms=29.1184 ecn_mark=1819 drop=0
[QUEUE_STATS] t_ms=29776 q_pkts=55 q_bytes=82720 qdelay_l_ms=1.09567 qdelay_c_ms=29.0542 ecn_mark=1821 drop=0
[QUEUE_STATS] t_ms=29792 q_pkts=55 q_bytes=82720 qdelay_l_ms=0.888631 qdelay_c_ms=26.9263 ecn_mark=1822 drop=0
[QUEUE_STATS] t_ms=29808 q_pkts=56 q_bytes=84224 qdelay_l_ms=0.859936 qdelay_c_ms=30.9797 ecn_mark=1823 drop=0
[QUEUE_STATS] t_ms=29824 q_pkts=56 q_bytes=84224 qdelay_l_ms=0.858073 qdelay_c_ms=27.8947 ecn_mark=1823 drop=0
[QUEUE_STATS] t_ms=29840 q_pkts=56 q_bytes=84224 qdelay_l_ms=1.06502 qdelay_c_ms=28.1528 ecn_mark=1824 drop=0
[QUEUE_STATS] t_ms=29856 q_pkts=56 q_bytes=84224 qdelay_l_ms=1.09973 qdelay_c_ms=31.9203 ecn_mark=1825 drop=0
[QUEUE_STATS] t_ms=29872 q_pkts=60 q_bytes=90240 qdelay_l_ms=1.10025 qdelay_c_ms=29.0377 ecn_mark=1828 drop=0
[QUEUE_STATS] t_ms=29888 q_pkts=61 q_bytes=91744 qdelay_l_ms=1.08021 qdelay_c_ms=31.6201 ecn_mark=1829 drop=0
[QUEUE_STATS] t_ms=29904 q_pkts=59 q_bytes=88736 qdelay_l_ms=0.854656 qdelay_c_ms=33.0284 ecn_mark=1831 drop=0
[QUEUE_STATS] t_ms=29920 q_pkts=59 q_bytes=88736 qdelay_l_ms=1.07091 qdelay_c_ms=30.9442 ecn_mark=1831 drop=0
[QUEUE_STATS] t_ms=29936 q_pkts=60 q_bytes=90240 qdelay_l_ms=0.873722 qdelay_c_ms=30.8345 ecn_mark=1833 drop=0
[QUEUE_STATS] t_ms=29952 q_pkts=60 q_bytes=90240 qdelay_l_ms=0.822035 qdelay_c_ms=30.8674 ecn_mark=1833 drop=0
[QUEUE_STATS] t_ms=29968 q_pkts=58 q_bytes=87232 qdelay_l_ms=1.07095 qdelay_c_ms=30.9234 ecn_mark=1834 drop=0
[QUEUE_STATS] t_ms=29984 q_pkts=60 q_bytes=90240 qdelay_l_ms=1.10551 qdelay_c_ms=34.0792 ecn_mark=1834 drop=0
[QUEUE_STATS] t_ms=30000 q_pkts=62 q_bytes=93248 qdelay_l_ms=0.981014 qdelay_c_ms=29.7215 ecn_mark=1834 drop=0
[QUEUE_STATS] t_ms=30016 q_pkts=60 q_bytes=90240 qdelay_l_ms=0.808289 qdelay_c_ms=31.0251 ecn_mark=1835 drop=0
[QUEUE_STATS] t_ms=30032 q_pkts=64 q_bytes=96256 qdelay_l_ms=0.838667 qdelay_c_ms=35.0854 ecn_mark=1835 drop=0
[QUEUE_STATS] t_ms=30048 q_pkts=63 q_bytes=94752 qdelay_l_ms=1.07919 qdelay_c_ms=32.0931 ecn_mark=1836 drop=0
[QUEUE_STATS] t_ms=30064 q_pkts=61 q_bytes=91744 qdelay_l_ms=1.0016 qdelay_c_ms=32.9269 ecn_mark=1836 drop=0
[QUEUE_STATS] t_ms=30080 q_pkts=63 q_bytes=94752 qdelay_l_ms=0.838686 qdelay_c_ms=33.8467 ecn_mark=1838 drop=0
[QUEUE_STATS] t_ms=30096 q_pkts=64 q_bytes=96256 qdelay_l_ms=1.08237 qdelay_c_ms=34.1165 ecn_mark=1841 drop=0
[QUEUE_STATS] t_ms=30112 q_pkts=63 q_bytes=94752 qdelay_l_ms=0.797499 qdelay_c_ms=35.8442 ecn_mark=1842 drop=0
[QUEUE_STATS] t_ms=30128 q_pkts=62 q_bytes=93248 qdelay_l_ms=0.937542 qdelay_c_ms=33.7442 ecn_mark=1842 drop=0
[QUEUE_STATS] t_ms=30144 q_pkts=64 q_bytes=96256 qdelay_l_ms=1.09825 qdelay_c_ms=33.9709 ecn_mark=1843 drop=0
[QUEUE_STATS] t_ms=30160 q_pkts=66 q_bytes=99264 qdelay_l_ms=0.81907 qdelay_c_ms=35.9037 ecn_mark=1843 drop=0
[QUEUE_STATS] t_ms=30176 q_pkts=66 q_bytes=99264 qdelay_l_ms=1.10341 qdelay_c_ms=34.848 ecn_mark=1844 drop=0
[QUEUE_STATS] t_ms=30192 q_pkts=64 q_bytes=96256 qdelay_l_ms=0.854125 qdelay_c_ms=33.8611 ecn_mark=1846 drop=0
[QUEUE_STATS] t_ms=30208 q_pkts=66 q_bytes=99264 qdelay_l_ms=0.784925 qdelay_c_ms=34.7564 ecn_mark=1847 drop=0
[QUEUE_STATS] t_ms=30224 q_pkts=65 q_bytes=97760 qdelay_l_ms=0.83538 qdelay_c_ms=34.3211 ecn_mark=1847 drop=0
[QUEUE_STATS] t_ms=30240 q_pkts=65 q_bytes=97760 qdelay_l_ms=0.838045 qdelay_c_ms=35.8557 ecn_mark=1847 drop=0
[QUEUE_STATS] t_ms=30256 q_pkts=66 q_bytes=99264 qdelay_l_ms=1.08308 qdelay_c_ms=34.8357 ecn_mark=1848 drop=0
[QUEUE_STATS] t_ms=30272 q_pkts=67 q_bytes=100768 qdelay_l_ms=1.08211 qdelay_c_ms=35.1364 ecn_mark=1850 drop=0
[QUEUE_STATS] t_ms=30288 q_pkts=67 q_bytes=100768 qdelay_l_ms=0.947671 qdelay_c_ms=37.8452 ecn_mark=1850 drop=0
[QUEUE_STATS] t_ms=30304 q_pkts=56 q_bytes=84224 qdelay_l_ms=1.09986 qdelay_c_ms=35.0699 ecn_mark=1850 drop=0
[QUEUE_STATS] t_ms=30320 q