[QUEUE_STATS] t_ms=32 q_pkts=0 q_bytes=0 qdelay_l_ms=0 qdelay_c_ms=0 ecn_mark=0 drop=0
[QUEUE_STATS] t_ms=93 q_pkts=0 q_bytes=0 qdelay_l_ms=0 qdelay_c_ms=0 ecn_mark=0 drop=0
[QUEUE_STATS] t_ms=136 q_pkts=0 q_bytes=0 qdelay_l_ms=0 qdelay_c_ms=0 ecn_mark=0 drop=0
[QUEUE_STATS] t_ms=179 q_pkts=0 q_bytes=0 qdelay_l_ms=0 qdelay_c_ms=0 ecn_mark=0 drop=0
[QUEUE_STATS] t_ms=222 q_pkts=0 q_bytes=0 qdelay_l_ms=0 qdelay_c_ms=0 ecn_mark=0 drop=0
[QUEUE_STATS] t_ms=264 q_pkts=0 q_bytes=0 qdelay_l_ms=0 qdelay_c_ms=0 ecn_mark=0 drop=0
[QUEUE_STATS] t_ms=307 q_pkts=0 q_bytes=0 qdelay_l_ms=0 qdelay_c_ms=0 ecn_mark=0 drop=0
[QUEUE_STATS] t_ms=351 q_pkts=0 q_bytes=0 qdelay_l_ms=0 qdelay_c_ms=0 ecn_mark=0 drop=0
[QUEUE_STATS] t_ms=352 q_pkts=3 q_bytes=1640 qdelay_l_ms=1.0671 qdelay_c_ms=0 ecn_mark=0 drop=0
[QUEUE_STATS] t_ms=368 q_pkts=1 q_bytes=1504 qdelay_l_ms=1.06514 qdelay_c_ms=0 ecn_mark=0 drop=0
[QUEUE_STATS] t_ms=392 q_pkts=0 q_bytes=0 qdelay_l_ms=0 qdelay_c_ms=0 ecn_mark=0 drop=0
[QUEUE_STATS] t_ms=400 q_pkts=27 q_bytes=40608 qdelay_l_ms=1.06527 qdelay_c_ms=4.13771 ecn_mark=0 drop=0
[QUEUE_STATS] t_ms=417 q_pkts=2 q_bytes=3008 qdelay_l_ms=1.08208 qdelay_c_ms=0 ecn_mark=0 drop=0
[QUEUE_STATS] t_ms=432 q_pkts=1 q_bytes=80 qdelay_l_ms=0 qdelay_c_ms=1.11743 ecn_mark=0 drop=0
[QUEUE_STATS] t_ms=448 q_pkts=47 q_bytes=70688 qdelay_l_ms=1.12904 qdelay_c_ms=8.06726 ecn_mark=0 drop=0
[QUEUE_STATS] t_ms=464 q_pkts=48 q_bytes=72192 qdelay_l_ms=3.06452 qdelay_c_ms=20.5062 ecn_mark=0 drop=0
[QUEUE_STATS] t_ms=480 q_pkts=9 q_bytes=13536 qdelay_l_ms=1.86714 qdelay_c_ms=1.88406 ecn_mark=0 drop=0
[QUEUE_STATS] t_ms=496 q_pkts=67 q_bytes=100768 qdelay_l_ms=4.30067 qdelay_c_ms=15.8603 ecn_mark=0 drop=0
[QUEUE_STATS] t_ms=512 q_pkts=129 q_bytes=194016 qdelay_l_ms=10.3253 qdelay_c_ms=29.3717 ecn_mark=1 drop=0
[QUEUE_STATS] t_ms=528 q_pkts=149 q_bytes=224096 qdelay_l_ms=5.87824 qdelay_c_ms=42.2492 ecn_mark=30 drop=0
[QUEUE_STATS] t_ms=544 q_pkts=211 q_bytes=317344 qdelay_l_ms=14.1412 qdelay_c_ms=57.4285 ecn_mark=49 drop=0
[QUEUE_STATS] t_ms=560 q_pkts=214 q_bytes=321856 qdelay_l_ms=20.9561 qdelay_c_ms=71.8544 ecn_mark=108 drop=0
[QUEUE_STATS] t_ms=576 q_pkts=172 q_bytes=258688 qdelay_l_ms=29.2991 qdelay_c_ms=87.1021 ecn_mark=169 drop=0
[QUEUE_STATS] t_ms=592 q_pkts=113 q_bytes=169952 qdelay_l_ms=0 qdelay_c_ms=98.7473 ecn_mark=226 drop=0
[QUEUE_STATS] t_ms=608 q_pkts=87 q_bytes=130848 qdelay_l_ms=0.997565 qdelay_c_ms=100.663 ecn_mark=226 drop=0
[QUEUE_STATS] t_ms=625 q_pkts=60 q_bytes=90240 qdelay_l_ms=1.08881 qdelay_c_ms=110.999 ecn_mark=226 drop=0
[QUEUE_STATS] t_ms=640 q_pkts=53 q_bytes=79712 qdelay_l_ms=1.03966 qdelay_c_ms=73.228 ecn_mark=226 drop=0
[QUEUE_STATS] t_ms=657 q_pkts=45 q_bytes=67680 qdelay_l_ms=1.04045 qdelay_c_ms=21.6014 ecn_mark=226 drop=0
[QUEUE_STATS] t_ms=672 q_pkts=38 q_bytes=57152 qdelay_l_ms=1.0407 qdelay_c_ms=17.2634 ecn_mark=226 drop=0
[QUEUE_STATS] t_ms=688 q_pkts=33 q_bytes=49632 qdelay_l_ms=1.09589 qdelay_c_ms=16.1739 ecn_mark=226 drop=0
[QUEUE_STATS] t_ms=704 q_pkts=43 q_bytes=64672 qdelay_l_ms=0 qdelay_c_ms=11.9461 ecn_mark=226 drop=0
[QUEUE_STATS] t_ms=720 q_pkts=44 q_bytes=66176 qdelay_l_ms=1.03677 qdelay_c_ms=19.0207 ecn_mark=226 drop=0
[QUEUE_STATS] t_ms=736 q_pkts=47 q_bytes=70688 qdelay_l_ms=1.076 qdelay_c_ms=19.8128 ecn_mark=226 drop=0
[QUEUE_STATS] t_ms=752 q_pkts=50 q_bytes=75200 qdelay_l_ms=1.09237 qdelay_c_ms=19.2669 ecn_mark=226 drop=0
[QUEUE_STATS] t_ms=768 q_pkts=51 q_bytes=76704 qdelay_l_ms=1.05881 qdelay_c_ms=20.9557 ecn_mark=226 drop=0
[QUEUE_STATS] t_ms=784 q_pkts=54 q_bytes=81216 qdelay_l_ms=1.11068 qdelay_c_ms=21.74 ecn_mark=226 drop=0
[QUEUE_STATS] t_ms=800 q_pkts=57 q_bytes=85728 qdelay_l_ms=0.996082 qdelay_c_ms=20.9909 ecn_mark=226 drop=0
[QUEUE_STATS] t_ms=816 q_pkts=59 q_bytes=88736 qdelay_l_ms=1.0819 qdelay_c_ms=24.0552 ecn_mark=226 drop=0
[QUEUE_STATS] t_ms=832 q_pkts=62 q_bytes=93248 qdelay_l_ms=0.996744 qdelay_c_ms=25.9999 ecn_mark=226 drop=0
[QUEUE_STATS] t_ms=848 q_pkts=64 q_bytes=94832 qdelay_l_ms=0.050224 qdelay_c_ms=23.7404 ecn_mark=226 drop=0
[QUEUE_STATS] t_ms=864 q_pkts=66 q_bytes=97840 qdelay_l_ms=1.08242 qdelay_c_ms=28.3655 ecn_mark=226 drop=0
[QUEUE_STATS] t_ms=880 q_pkts=70 q_bytes=105280 qdelay_l_ms=0.995822 qdelay_c_ms=27.9781 ecn_mark=226 drop=0
[QUEUE_STATS] t_ms=896 q_pkts=71 q_bytes=106784 qdelay_l_ms=1.1014 qdelay_c_ms=28.5466 ecn_mark=226 drop=0
[QUEUE_STATS] t_ms=912 q_pkts=72 q_bytes=108288 qdelay_l_ms=1.08141 qdelay_c_ms=31.5527 ecn_mark=226 drop=0
[QUEUE_STATS] t_ms=928 q_pkts=73 q_bytes=109792 qdelay_l_ms=0.951398 qdelay_c_ms=30.7379 ecn_mark=226 drop=0
[QUEUE_STATS] t_ms=944 q_pkts=76 q_bytes=114304 qdelay_l_ms=1.0815 qdelay_c_ms=31.5175 ecn_mark=226 drop=0
[QUEUE_STATS] t_ms=960 q_pkts=76 q_bytes=114304 qdelay_l_ms=0.032922 qdelay_c_ms=31.9928 ecn_mark=226 drop=0
[QUEUE_STATS] t_ms=976 q_pkts=81 q_bytes=121824 qdelay_l_ms=0.968951 qdelay_c_ms=33.2573 ecn_mark=226 drop=0
[QUEUE_STATS] t_ms=992 q_pkts=79 q_bytes=118816 qdelay_l_ms=0 qdelay_c_ms=32.9837 ecn_mark=226 drop=0
[QUEUE_STATS] t_ms=1008 q_pkts=83 q_bytes=124832 qdelay_l_ms=0 qdelay_c_ms=34.9705 ecn_mark=226 drop=0
[QUEUE_STATS] t_ms=1024 q_pkts=87 q_bytes=130848 qdelay_l_ms=0.749729 qdelay_c_ms=35.6141 ecn_mark=226 drop=0
[QUEUE_STATS] t_ms=1040 q_pkts=89 q_bytes=133856 qdelay_l_ms=1.06225 qdelay_c_ms=37.9001 ecn_mark=227 drop=0
[QUEUE_STATS] t_ms=1056 q_pkts=92 q_bytes=138368 qdelay_l_ms=1.0802 qdelay_c_ms=39.127 ecn_mark=227 drop=0
[QUEUE_STATS] t_ms=1072 q_pkts=95 q_bytes=142880 qdelay_l_ms=1.08922 qdelay_c_ms=39.6387 ecn_mark=227 drop=0
[QUEUE_STATS] t_ms=1088 q_pkts=76 q_bytes=114304 qdelay_l_ms=0 qdelay_c_ms=33.0542 ecn_mark=227 drop=0
[QUEUE_STATS] t_ms=1104 q_pkts=72 q_bytes=108288 qdelay_l_ms=1.05238 qdelay_c_ms=30.8537 ecn_mark=227 drop=0
[QUEUE_STATS] t_ms=1120 q_pkts=71 q_bytes=106784 qdelay_l_ms=0.820983 qdelay_c_ms=28.0935 ecn_mark=227 drop=0
[QUEUE_STATS] t_ms=1136 q_pkts=82 q_bytes=123328 qdelay_l_ms=1.06479 qdelay_c_ms=24.7325 ecn_mark=227 drop=0
[QUEUE_STATS] t_ms=1152 q_pkts=83 q_bytes=124832 qdelay_l_ms=1.07527 qdelay_c_ms=28.003 ecn_mark=227 drop=0
[QUEUE_STATS] t_ms=1168 q_pkts=85 q_bytes=127840 qdelay_l_ms=1.04605 qdelay_c_ms=31.847 ecn_mark=227 drop=0
[QUEUE_STATS] t_ms=1184 q_pkts=87 q_bytes=130848 qdelay_l_ms=1.05923 qdelay_c_ms=30.9122 ecn_mark=227 drop=0
[QUEUE_STATS] t_ms=1200 q_pkts=88 q_bytes=132352 qdelay_l_ms=0 qdelay_c_ms=30.8529 ecn_mark=227 drop=0
[QUEUE_STATS] t_ms=1216 q_pkts=94 q_bytes=141376 qdelay_l_ms=0.876628 qdelay_c_ms=34.9894 ecn_mark=227 drop=0
[QUEUE_STATS] t_ms=1233 q_pkts=95 q_bytes=142880 qdelay_l_ms=1.07078 qdelay_c_ms=33.3736 ecn_mark=227 drop=0
[QUEUE_STATS] t_ms=1248 q_pkts=99 q_bytes=148896 qdelay_l_ms=1.06345 qdelay_c_ms=35.9524 ecn_mark=227 drop=0
[QUEUE_STATS] t_ms=1264 q_pkts=100 q_bytes=150400 qdelay_l_ms=0 qdelay_c_ms=35.7809 ecn_mark=227 drop=0
[QUEUE_STATS] t_ms=1280 q_pkts=98 q_bytes=147392 qdelay_l_ms=0 qdelay_c_ms=37.1361 ecn_mark=227 drop=0
[QUEUE_STATS] t_ms=1297 q_pkts=105 q_bytes=157920 qdelay_l_ms=1.09305 qdelay_c_ms=38.9309 ecn_mark=227 drop=0
[QUEUE_STATS] t_ms=1312 q_pkts=107 q_bytes=160928 qdelay_l_ms=1.0468 qdelay_c_ms=38.8604 ecn_mark=227 drop=0
[QUEUE_STATS] t_ms=1328 q_pkts=111 q_bytes=166944 qdelay_l_ms=1.09716 qdelay_c_ms=40.7366 ecn_mark=227 drop=0
[QUEUE_STATS] t_ms=1344 q_pkts=113 q_bytes=169952 qdelay_l_ms=1.01591 qdelay_c_ms=42.1219 ecn_mark=227 drop=0
[QUEUE_STATS] t_ms=1360 q_pkts=116 q_bytes=174464 qdelay_l_ms=1.08908 qdelay_c_ms=43.1842 ecn_mark=227 drop=0
[QUEUE_STATS] t_ms=1376 q_pkts=116 q_bytes=174464 qdelay_l_ms=1.08052 qdelay_c_ms=44.2102 ecn_mark=227 drop=0
[QUEUE_STATS] t_ms=1392 q_pkts=120 q_bytes=180480 qdelay_l_ms=1.06102 qdelay_c_ms=46.0214 ecn_mark=227 drop=0
[QUEUE_STATS] t_ms=1408 q_pkts=121 q_bytes=181984 qdelay_l_ms=1.09522 qdelay_c_ms=46.3437 ecn_mark=227 drop=0
[QUEUE_STATS] t_ms=1424 q_pkts=124 q_bytes=186496 qdelay_l_ms=0.358855 qdelay_c_ms=46.8308 ecn_mark=227 drop=0
[QUEUE_STATS] t_ms=1440 q_pkts=128 q_bytes=192512 qdelay_l_ms=1.04147 qdelay_c_ms=48.106 ecn_mark=227 drop=0
[QUEUE_STATS] t_ms=1456 q_pkts=130 q_bytes=195520 qdelay_l_ms=1.09012 qdelay_c_ms=49.0167 ecn_mark=227 drop=0
[QUEUE_STATS] t_ms=1472 q_pkts=131 q_bytes=197024 qdelay_l_ms=1.07388 qdelay_c_ms=50.8224 ecn_mark=227 drop=0
[QUEUE_STATS] t_ms=1488 q_pkts=135 q_bytes=203040 qdelay_l_ms=1.11121 qdelay_c_ms=51.1196 ecn_mark=227 drop=0
[QUEUE_STATS] t_ms=1504 q_pkts=136 q_bytes=204544 qdelay_l_ms=1.08855 qdelay_c_ms=53.0216 ecn_mark=227 drop=0
[QUEUE_STATS] t_ms=1520 q_pkts=138 q_bytes=207552 qdelay_l_ms=1.07635 qdelay_c_ms=53.5549 ecn_mark=228 drop=0
[QUEUE_STATS] t_ms=1536 q_pkts=142 q_bytes=213568 qdelay_l_ms=1.06385 qdelay_c_ms=54.2167 ecn_mark=228 drop=0
[QUEUE_STATS] t_ms=1552 q_pkts=143 q_bytes=215072 qdelay_l_ms=0.76623 qdelay_c_ms=56.6011 ecn_mark=228 drop=0
[QUEUE_STATS] t_ms=1568 q_pkts=137 q_bytes=206048 qdelay_l_ms=0 qdelay_c_ms=52.8993 ecn_mark=228 drop=0
[QUEUE_STATS] t_ms=1584 q_pkts=139 q_bytes=209056 qdelay_l_ms=1.07682 qdelay_c_ms=54.9263 ecn_mark=228 drop=0
[QUEUE_STATS] t_ms=1600 q_pkts=142 q_bytes=213568 qdelay_l_ms=1.07537 qdelay_c_ms=54.9448 ecn_mark=228 drop=0
[QUEUE_STATS] t_ms=1616 q_pkts=144 q_bytes=216576 qdelay_l_ms=1.07102 qdelay_c_ms=53.0066 ecn_mark=228 drop=0
[QUEUE_STATS] t_ms=1632 q_pkts=147 q_bytes=221088 qdelay_l_ms=1.08265 qdelay_c_ms=54.1514 ecn_mark=228 drop=0
[QUEUE_STATS] t_ms=1649 q_pkts=148 q_bytes=222592 qdelay_l_ms=0 qdelay_c_ms=53.8493 ecn_mark=228 drop=0
[QUEUE_STATS] t_ms=1665 q_pkts=152 q_bytes=228608 qdelay_l_ms=1.09555 qdelay_c_ms=55.8849 ecn_mark=228 drop=0
[QUEUE_STATS] t_ms=1680 q_pkts=153 q_bytes=230112 qdelay_l_ms=1.01244 qdelay_c_ms=58.0134 ecn_mark=228 drop=0
[QUEUE_STATS] t_ms=1696 q_pkts=155 q_bytes=233120 qdelay_l_ms=0.035897 qdelay_c_ms=56.1176 ecn_mark=228 drop=0
[QUEUE_STATS] t_ms=1712 q_pkts=159 q_bytes=239136 qdelay_l_ms=1.0705 qdelay_c_ms=60.3606 ecn_mark=228 drop=0
[QUEUE_STATS] t_ms=1728 q_pkts=161 q_bytes=242144 qdelay_l_ms=1.01562 qdelay_c_ms=60.7523 ecn_mark=228 drop=0
[QUEUE_STATS] t_ms=1744 q_pkts=163 q_bytes=245152 qdelay_l_ms=1.09183 qdelay_c_ms=60.1234 ecn_mark=228 drop=0
[QUEUE_STATS] t_ms=1760 q_pkts=166 q_bytes=249664 qdelay_l_ms=1.04688 qdelay_c_ms=64.5098 ecn_mark=228 drop=0
[QUEUE_STATS] t_ms=1776 q_pkts=170 q_bytes=255680 qdelay_l_ms=1.07699 qdelay_c_ms=63.9224 ecn_mark=228 drop=0
[QUEUE_STATS] t_ms=1793 q_pkts=170 q_bytes=255680 qdelay_l_ms=1.09546 qdelay_c_ms=63.8322 ecn_mark=228 drop=0
[QUEUE_STATS] t_ms=1808 q_pkts=174 q_bytes=261696 qdelay_l_ms=1.08329 qdelay_c_ms=67.1777 ecn_mark=228 drop=0
[QUEUE_STATS] t_ms=1824 q_pkts=174 q_bytes=261696 qdelay_l_ms=1.06038 qdelay_c_ms=66.0371 ecn_mark=228 drop=0
[QUEUE_STATS] t_ms=1840 q_pkts=177 q_bytes=266208 qdelay_l_ms=0.849888 qdelay_c_ms=67.3059 ecn_mark=228 drop=0
[QUEUE_STATS] t_ms=1856 q_pkts=180 q_bytes=270720 qdelay_l_ms=1.0682 qdelay_c_ms=69.8851 ecn_mark=228 drop=0
[QUEUE_STATS] t_ms=1872 q_pkts=182 q_bytes=273728 qdelay_l_ms=1.08243 qdelay_c_ms=69.4722 ecn_mark=228 drop=0
[QUEUE_STATS] t_ms=1888 q_pkts=183 q_bytes=275232 qdelay_l_ms=1.076 qdelay_c_ms=70.6611 ecn_mark=228 drop=0
[QUEUE_STATS] t_ms=1905 q_pkts=186 q_bytes=279744 qdelay_l_ms=1.0658 qdelay_c_ms=72.616 ecn_mark=228 drop=0
[QUEUE_STATS] t_ms=1920 q_pkts=191 q_bytes=287264 qdelay_l_ms=1.06268 qdelay_c_ms=73.202 ecn_mark=228 drop=0
[QUEUE_STATS] t_ms=1937 q_pkts=192 q_bytes=288768 qdelay_l_ms=1.05265 qdelay_c_ms=74.8203 ecn_mark=228 drop=0
[QUEUE_STATS] t_ms=1952 q_pkts=194 q_bytes=291776 qdelay_l_ms=1.05025 qdelay_c_ms=74.9733 ecn_mark=228 drop=0
[QUEUE_STATS] t_ms=1968 q_pkts=196 q_bytes=294784 qdelay_l_ms=1.07012 qdelay_c_ms=76.1634 ecn_mark=228 drop=0
[QUEUE_STATS] t_ms=1984 q_pkts=198 q_bytes=297792 qdelay_l_ms=1.05194 qdelay_c_ms=79.9265 ecn_mark=228 drop=0
[QUEUE_STATS] t_ms=2000 q_pkts=201 q_bytes=302304 qdelay_l_ms=1.04594 qdelay_c_ms=78.9878 ecn_mark=228 drop=0
[QUEUE_STATS] t_ms=2016 q_pkts=202 q_bytes=303808 qdelay_l_ms=1.03707 qdelay_c_ms=80.9617 ecn_mark=229 drop=0
[QUEUE_STATS] t_ms=2032 q_pkts=206 q_bytes=309824 qdelay_l_ms=1.03939 qdelay_c_ms=83.1653 ecn_mark=229 drop=0
[QUEUE_STATS] t_ms=2048 q_pkts=208 q_bytes=312832 qdelay_l_ms=1.08334 qdelay_c_ms=82.7107 ecn_mark=229 drop=0
[QUEUE_STATS] t_ms=2064 q_pkts=206 q_bytes=309824 qdelay_l_ms=1.04506 qdelay_c_ms=82.5703 ecn_mark=229 drop=0
[QUEUE_STATS] t_ms=2080 q_pkts=207 q_bytes=311328 qdelay_l_ms=1.04618 qdelay_c_ms=84.1435 ecn_mark=229 drop=0
[QUEUE_STATS] t_ms=2096 q_pkts=209 q_bytes=314336 qdelay_l_ms=1.06804 qdelay_c_ms=84.8759 ecn_mark=229 drop=0
[QUEUE_STATS] t_ms=2112 q_pkts=211 q_bytes=317344 qdelay_l_ms=1.04754 qdelay_c_ms=84.0561 ecn_mark=229 drop=0
[QUEUE_STATS] t_ms=2128 q_pkts=215 q_bytes=323360 qdelay_l_ms=0.274436 qdelay_c_ms=85.7246 ecn_mark=229 drop=0
[QUEUE_STATS] t_ms=2144 q_pkts=219 q_bytes=329376 qdelay_l_ms=1.11094 qdelay_c_ms=86.6433 ecn_mark=229 drop=0
[QUEUE_STATS] t_ms=2160 q_pkts=218 q_bytes=327872 qdelay_l_ms=0.890855 qdelay_c_ms=87.3244 ecn_mark=229 drop=0
[QUEUE_STATS] t_ms=2176 q_pkts=223 q_bytes=335392 qdelay_l_ms=1.10597 qdelay_c_ms=86.9825 ecn_mark=229 drop=0
[QUEUE_STATS] t_ms=2192 q_pkts=226 q_bytes=339904 qdelay_l_ms=1.05883 qdelay_c_ms=90.5502 ecn_mark=229 drop=0
[QUEUE_STATS] t_ms=2208 q_pkts=226 q_bytes=339904 qdelay_l_ms=1.02122 qdelay_c_ms=90.0017 ecn_mark=229 drop=0
[QUEUE_STATS] t_ms=2224 q_pkts=224 q_bytes=336896 qdelay_l_ms=0.031329 qdelay_c_ms=90.6731 ecn_mark=230 drop=0
[QUEUE_STATS] t_ms=2240 q_pkts=233 q_bytes=350432 qdelay_l_ms=1.01859 qdelay_c_ms=93.6045 ecn_mark=230 drop=0
[QUEUE_STATS] t_ms=2256 q_pkts=232 q_bytes=348928 qdelay_l_ms=1.04962 qdelay_c_ms=93.865 ecn_mark=231 drop=0
[QUEUE_STATS] t_ms=2273 q_pkts=231 q_bytes=347424 qdelay_l_ms=1.05368 qdelay_c_ms=93.332 ecn_mark=231 drop=0
[QUEUE_STATS] t_ms=2288 q_pkts=235 q_bytes=353440 qdelay_l_ms=1.05523 qdelay_c_ms=94.0754 ecn_mark=231 drop=0
[QUEUE_STATS] t_ms=2304 q_pkts=237 q_bytes=356448 qdelay_l_ms=0.833085 qdelay_c_ms=96.2539 ecn_mark=232 drop=0
[QUEUE_STATS] t_ms=2320 q_pkts=239 q_bytes=359456 qdelay_l_ms=1.03651 qdelay_c_ms=96.1285 ecn_mark=232 drop=0
[QUEUE_STATS] t_ms=2336 q_pkts=243 q_bytes=365472 qdelay_l_ms=1.06045 qdelay_c_ms=97.2431 ecn_mark=232 drop=0
[QUEUE_STATS] t_ms=2352 q_pkts=241 q_bytes=362464 qdelay_l_ms=1.05525 qdelay_c_ms=97.0189 ecn_mark=232 drop=0
[QUEUE_STATS] t_ms=2368 q_pkts=241 q_bytes=362464 qdelay_l_ms=1.03793 qdelay_c_ms=97.0758 ecn_mark=232 drop=0
[QUEUE_STATS] t_ms=2384 q_pkts=246 q_bytes=369984 qdelay_l_ms=1.05019 qdelay_c_ms=98.8473 ecn_mark=232 drop=0
[QUEUE_STATS] t_ms=2400 q_pkts=248 q_bytes=372992 qdelay_l_ms=0.921762 qdelay_c_ms=98.9506 ecn_mark=232 drop=0
[QUEUE_STATS] t_ms=2416 q_pkts=248 q_bytes=372992 qdelay_l_ms=1.09734 qdelay_c_ms=99.4861 ecn_mark=232 drop=0
[QUEUE_STATS] t_ms=2432 q_pkts=253 q_bytes=380512 qdelay_l_ms=0.809602 qdelay_c_ms=101.317 ecn_mark=233 drop=0
[QUEUE_STATS] t_ms=2448 q_pkts=252 q_bytes=379008 qdelay_l_ms=0.015299 qdelay_c_ms=101.062 ecn_mark=233 drop=0
[QUEUE_STATS] t_ms=2464 q_pkts=255 q_bytes=383520 qdelay_l_ms=1.05864 qdelay_c_ms=101.803 ecn_mark=233 drop=0
[QUEUE_STATS] t_ms=2480 q_pkts=259 q_bytes=389536 qdelay_l_ms=1.02857 qdelay_c_ms=103.232 ecn_mark=233 drop=0
[QUEUE_STATS] t_ms=2496 q_pkts=258 q_bytes=388032 qdelay_l_ms=0.795816 qdelay_c_ms=104.812 ecn_mark=233 drop=0
[QUEUE_STATS] t_ms=2513 q_pkts=260 q_bytes=391040 qdelay_l_ms=1.08918 qdelay_c_ms=106.022 ecn_mark=233 drop=0
[QUEUE_STATS] t_ms=2528 q_pkts=263 q_bytes=395552 qdelay_l_ms=1.07974 qdelay_c_ms=106.047 ecn_mark=233 drop=0
[QUEUE_STATS] t_ms=2544 q_pkts=265 q_bytes=398560 qdelay_l_ms=1.00494 qdelay_c_ms=107.661 ecn_mark=233 drop=0
[QUEUE_STATS] t_ms=2560 q_pkts=268 q_bytes=403072 qdelay_l_ms=1.08302 qdelay_c_ms=109.247 ecn_mark=234 drop=0
[QUEUE_STATS] t_ms=2576 q_pkts=272 q_bytes=409088 qdelay_l_ms=1.01419 qdelay_c_ms=109.823 ecn_mark=234 drop=0
[QUEUE_STATS] t_ms=2592 q_pkts=272 q_bytes=409088 qdelay_l_ms=1.03931 qdelay_c_ms=109.794 ecn_mark=235 drop=0
[QUEUE_STATS] t_ms=2609 q_pkts=274 q_bytes=412096 qdelay_l_ms=1.09862 qdelay_c_ms=110.146 ecn_mark=236 drop=0
[QUEUE_STATS] t_ms=2624 q_pkts=275 q_bytes=413600 qdelay_l_ms=1.02371 qdelay_c_ms=111.787 ecn_mark=236 drop=0
[QUEUE_STATS] t_ms=2640 q_pkts=276 q_bytes=415104 qdelay_l_ms=1.0904 qdelay_c_ms=113.295 ecn_mark=236 drop=0
[QUEUE_STATS] t_ms=2656 q_pkts=281 q_bytes=419704 qdelay_l_ms=0.880465 qdelay_c_ms=114.063 ecn_mark=236 drop=0
[QUEUE_STATS] t_ms=2672 q_pkts=282 q_bytes=421208 qdelay_l_ms=1.08097 qdelay_c_ms=115.18 ecn_mark=236 drop=0
[QUEUE_STATS] t_ms=2688 q_pkts=285 q_bytes=425720 qdelay_l_ms=1.07428 qdelay_c_ms=116.538 ecn_mark=236 drop=0
[QUEUE_STATS] t_ms=2704 q_pkts=290 q_bytes=433240 qdelay_l_ms=1.01715 qdelay_c_ms=117.3 ecn_mark=236 drop=0
[QUEUE_STATS] t_ms=2720 q_pkts=291 q_bytes=434744 qdelay_l_ms=0.834939 qdelay_c_ms=117.887 ecn_mark=236 drop=0
[QUEUE_STATS] t_ms=2736 q_pkts=292 q_bytes=436248 qdelay_l_ms=1.07775 qdelay_c_ms=119.239 ecn_mark=236 drop=0
[QUEUE_STATS] t_ms=2752 q_pkts=294 q_bytes=439256 qdelay_l_ms=0.969362 qdelay_c_ms=120.671 ecn_mark=236 drop=0
[QUEUE_STATS] t_ms=2768 q_pkts=297 q_bytes=446688 qdelay_l_ms=0.933925 qdelay_c_ms=121.655 ecn_mark=236 drop=0
[QUEUE_STATS] t_ms=2784 q_pkts=296 q_bytes=445184 qdelay_l_ms=0.98957 qdelay_c_ms=122.963 ecn_mark=236 drop=0
[QUEUE_STATS] t_ms=2800 q_pkts=299 q_bytes=449696 qdelay_l_ms=1.0615 qdelay_c_ms=124.164 ecn_mark=236 drop=0
[QUEUE_STATS] t_ms=2816 q_pkts=300 q_bytes=451200 qdelay_l_ms=1.07188 qdelay_c_ms=125.192 ecn_mark=236 drop=0
[QUEUE_STATS] t_ms=2832 q_pkts=302 q_bytes=454208 qdelay_l_ms=1.07865 qdelay_c_ms=126.832 ecn_mark=236 drop=0
[QUEUE_STATS] t_ms=2848 q_pkts=305 q_bytes=458720 qdelay_l_ms=0.912846 qdelay_c_ms=127.928 ecn_mark=236 drop=0
[QUEUE_STATS] t_ms=2864 q_pkts=307 q_bytes=461728 qdelay_l_ms=1.10001 qdelay_c_ms=127.399 ecn_mark=236 drop=0
[QUEUE_STATS] t_ms=2880 q_pkts=307 q_bytes=461728 qdelay_l_ms=1.06409 qdelay_c_ms=130.514 ecn_mark=236 drop=0
[QUEUE_STATS] t_ms=2896 q_pkts=308 q_bytes=463232 qdelay_l_ms=0 qdelay_c_ms=130.947 ecn_mark=238 drop=0
[QUEUE_STATS] t_ms=2912 q_pkts=316 q_bytes=475264 qdelay_l_ms=1.10442 qdelay_c_ms=132.594 ecn_mark=238 drop=0
[QUEUE_STATS] t_ms=2928 q_pkts=316 q_bytes=475264 qdelay_l_ms=1.06265 qdelay_c_ms=135.069 ecn_mark=239 drop=0
[QUEUE_STATS] t_ms=2944 q_pkts=317 q_bytes=476768 qdelay_l_ms=0.929256 qdelay_c_ms=135.026 ecn_mark=239 drop=0
[QUEUE_STATS] t_ms=2960 q_pkts=314 q_bytes=472256 qdelay_l_ms=0 qdelay_c_ms=135.579 ecn_mark=239 drop=0
[QUEUE_STATS] t_ms=2976 q_pkts=323 q_bytes=485792 qdelay_l_ms=0.925871 qdelay_c_ms=137.79 ecn_mark=239 drop=0
[QUEUE_STATS] t_ms=2992 q_pkts=322 q_bytes=484288 qdelay_l_ms=0.023134 qdelay_c_ms=139.11 ecn_mark=239 drop=0
[QUEUE_STATS] t_ms=3008 q_pkts=327 q_bytes=491808 qdelay_l_ms=1.06967 qdelay_c_ms=142.08 ecn_mark=239 drop=0
[QUEUE_STATS] t_ms=3024 q_pkts=327 q_bytes=491808 qdelay_l_ms=0.918536 qdelay_c_ms=140.014 ecn_mark=239 drop=0
[QUEUE_STATS] t_ms=3040 q_pkts=331 q_bytes=497824 qdelay_l_ms=1.07919 qdelay_c_ms=142.013 ecn_mark=239 drop=0
[QUEUE_STATS] t_ms=3056 q_pkts=333 q_bytes=500832 qdelay_l_ms=0.903999 qdelay_c_ms=145.75 ecn_mark=239 drop=0
[QUEUE_STATS] t_ms=3072 q_pkts=332 q_bytes=499328 qdelay_l_ms=0.969171 qdelay_c_ms=145.058 ecn_mark=239 drop=0
[QUEUE_STATS] t_ms=3088 q_pkts=335 q_bytes=503840 qdelay_l_ms=1.07554 qdelay_c_ms=147.582 ecn_mark=239 drop=0
[QUEUE_STATS] t_ms=3104 q_pkts=340 q_bytes=511360 qdelay_l_ms=0.962759 qdelay_c_ms=149.548 ecn_mark=240 drop=0
[QUEUE_STATS] t_ms=3121 q_pkts=339 q_bytes=509856 qdelay_l_ms=1.08174 qdelay_c_ms=150.105 ecn_mark=240 drop=0
[QUEUE_STATS] t_ms=3136 q_pkts=342 q_bytes=514368 qdelay_l_ms=1.08073 qdelay_c_ms=152.046 ecn_mark=240 drop=0
[QUEUE_STATS] t_ms=3152 q_pkts=344 q_bytes=517376 qdelay_l_ms=1.06727 qdelay_c_ms=151.068 ecn_mark=241 drop=0
[QUEUE_STATS] t_ms=3169 q_pkts=343 q_bytes=515872 qdelay_l_ms=1.09499 qdelay_c_ms=152.876 ecn_mark=241 drop=0
[QUEUE_STATS] t_ms=3184 q_pkts=345 q_bytes=518880 qdelay_l_ms=1.08318 qdelay_c_ms=156.116 ecn_mark=241 drop=0
[QUEUE_STATS] t_ms=3200 q_pkts=350 q_bytes=526400 qdelay_l_ms=1.05126 qdelay_c_ms=154.448 ecn_mark=241 drop=0
[QUEUE_STATS] t_ms=3216 q_pkts=350 q_bytes=526400 qdelay_l_ms=1.06176 qdelay_c_ms=157.232 ecn_mark=243 drop=0
[QUEUE_STATS] t_ms=3232 q_pkts=351 q_bytes=527904 qdelay_l_ms=0.699645 qdelay_c_ms=159.056 ecn_mark=244 drop=0
[QUEUE_STATS] t_ms=3249 q_pkts=354 q_bytes=532416 qdelay_l_ms=1.06769 qdelay_c_ms=158.158 ecn_mark=244 drop=0
[QUEUE_STATS] t_ms=3264 q_pkts=353 q_bytes=530912 qdelay_l_ms=1.05898 qdelay_c_ms=159.9 ecn_mark=245 drop=0
[QUEUE_STATS] t_ms=3280 q_pkts=359 q_bytes=539936 qdelay_l_ms=0.933264 qdelay_c_ms=161.916 ecn_mark=245 drop=0
[QUEUE_STATS] t_ms=3296 q_pkts=359 q_bytes=539936 qdelay_l_ms=1.02873 qdelay_c_ms=162.089 ecn_mark=245 drop=0
[QUEUE_STATS] t_ms=3312 q_pkts=358 q_bytes=538432 qdelay_l_ms=0 qdelay_c_ms=162.128 ecn_mark=246 drop=0
[QUEUE_STATS] t_ms=3328 q_pkts=358 q_bytes=538432 qdelay_l_ms=0 qdelay_c_ms=162.845 ecn_mark=247 drop=0
[QUEUE_STATS] t_ms=3345 q_pkts=363 q_bytes=545952 qdelay_l_ms=1.07404 qdelay_c_ms=163.028 ecn_mark=249 drop=0
[QUEUE_STATS] t_ms=3360 q_pkts=365 q_bytes=548960 qdelay_l_ms=1.07553 qdelay_c_ms=167.31 ecn_mark=250 drop=0
[QUEUE_STATS] t_ms=3376 q_pkts=364 q_bytes=547456 qdelay_l_ms=0 qdelay_c_ms=166.912 ecn_mark=250 drop=0
[QUEUE_STATS] t_ms=3392 q_pkts=370 q_bytes=556480 qdelay_l_ms=1.08635 qdelay_c_ms=166.962 ecn_mark=250 drop=0
[QUEUE_STATS] t_ms=3408 q_pkts=370 q_bytes=556480 qdelay_l_ms=1.07479 qdelay_c_ms=170.279 ecn_mark=250 drop=0
[QUEUE_STATS] t_ms=3425 q_pkts=374 q_bytes=562496 qdelay_l_ms=1.06965 qdelay_c_ms=170.942 ecn_mark=250 drop=0
[QUEUE_STATS] t_ms=3441 q_pkts=375 q_bytes=564000 qdelay_l_ms=1.08875 qdelay_c_ms=167.69 ecn_mark=250 drop=0
[QUEUE_STATS] t_ms=3456 q_pkts=375 q_bytes=564000 qdelay_l_ms=1.0689 qdelay_c_ms=173.07 ecn_mark=251 drop=0
[QUEUE_STATS] t_ms=3472 q_pkts=379 q_bytes=570016 qdelay_l_ms=0.888641 qdelay_c_ms=172.993 ecn_mark=251 drop=0
[QUEUE_STATS] t_ms=3488 q_pkts=378 q_bytes=568512 qdelay_l_ms=0 qdelay_c_ms=172.736 ecn_mark=251 drop=0
[QUEUE_STATS] t_ms=3505 q_pkts=382 q_bytes=574528 qdelay_l_ms=1.08112 qdelay_c_ms=175.002 ecn_mark=251 drop=0
[QUEUE_STATS] t_ms=3520 q_pkts=382 q_bytes=574528 qdelay_l_ms=1.06925 qdelay_c_ms=176.051 ecn_mark=251 drop=0
[QUEUE_STATS] t_ms=3536 q_pkts=386 q_bytes=580544 qdelay_l_ms=0.683856 qdelay_c_ms=176.845 ecn_mark=251 drop=0
[QUEUE_STATS] t_ms=3552 q_pkts=384 q_bytes=577536 qdelay_l_ms=0 qdelay_c_ms=178.942 ecn_mark=251 drop=0
[QUEUE_STATS] t_ms=3568 q_pkts=391 q_bytes=588064 qdelay_l_ms=1.08774 qdelay_c_ms=180.401 ecn_mark=251 drop=0
[QUEUE_STATS] t_ms=3584 q_pkts=390 q_bytes=586560 qdelay_l_ms=0.008516 qdelay_c_ms=179.684 ecn_mark=251 drop=0
[QUEUE_STATS] t_ms=3600 q_pkts=394 q_bytes=592576 qdelay_l_ms=1.07314 qdelay_c_ms=183.066 ecn_mark=251 drop=0
[QUEUE_STATS] t_ms=3616 q_pkts=396 q_bytes=595584 qdelay_l_ms=1.0692 qdelay_c_ms=185.503 ecn_mark=252 drop=0
[QUEUE_STATS] t_ms=3632 q_pkts=396 q_bytes=595584 qdelay_l_ms=0 qdelay_c_ms=184.787 ecn_mark=256 drop=0
[QUEUE_STATS] t_ms=3648 q_pkts=401 q_bytes=603104 qdelay_l_ms=0.875656 qdelay_c_ms=184.875 ecn_mark=256 drop=0
[QUEUE_STATS] t_ms=3664 q_pkts=401 q_bytes=603104 qdelay_l_ms=1.09528 qdelay_c_ms=189.365 ecn_mark=256 drop=0
[QUEUE_STATS] t_ms=3681 q_pkts=403 q_bytes=606112 qdelay_l_ms=1.10825 qdelay_c_ms=190.037 ecn_mark=256 drop=0
[QUEUE_STATS] t_ms=3696 q_pkts=405 q_bytes=609120 qdelay_l_ms=1.0681 qdelay_c_ms=190.982 ecn_mark=258 drop=0
[QUEUE_STATS] t_ms=3712 q_pkts=406 q_bytes=610624 qdelay_l_ms=0.996432 qdelay_c_ms=194.914 ecn_mark=258 drop=0
[QUEUE_STATS] t_ms=3728 q_pkts=410 q_bytes=616640 qdelay_l_ms=1.06304 qdelay_c_ms=193.822 ecn_mark=259 drop=0
[QUEUE_STATS] t_ms=3744 q_pkts=410 q_bytes=616640 qdelay_l_ms=1.07397 qdelay_c_ms=194.984 ecn_mark=259 drop=0
[QUEUE_STATS] t_ms=3760 q_pkts=412 q_bytes=619648 qdelay_l_ms=1.08129 qdelay_c_ms=198.949 ecn_mark=261 drop=0
[QUEUE_STATS] t_ms=3776 q_pkts=408 q_bytes=613632 qdelay_l_ms=0 qdelay_c_ms=196.698 ecn_mark=263 drop=0
[QUEUE_STATS] t_ms=3792 q_pkts=413 q_bytes=621152 qdelay_l_ms=1.06876 qdelay_c_ms=200.372 ecn_mark=263 drop=0
[QUEUE_STATS] t_ms=3809 q_pkts=419 q_bytes=630176 qdelay_l_ms=1.1054 qdelay_c_ms=201.975 ecn_mark=263 drop=0
[QUEUE_STATS] t_ms=3824 q_pkts=419 q_bytes=630176 qdelay_l_ms=1.08686 qdelay_c_ms=202.012 ecn_mark=263 drop=0
[QUEUE_STATS] t_ms=3840 q_pkts=419 q_bytes=630176 qdelay_l_ms=1.0725 qdelay_c_ms=204.153 ecn_mark=263 drop=0
[QUEUE_STATS] t_ms=3856 q_pkts=423 q_bytes=636192 qdelay_l_ms=0 qdelay_c_ms=207.188 ecn_mark=264 drop=0
[QUEUE_STATS] t_ms=3872 q_pkts=426 q_bytes=640704 qdelay_l_ms=0.896665 qdelay_c_ms=204.852 ecn_mark=265 drop=0
[QUEUE_STATS] t_ms=3888 q_pkts=421 q_bytes=633184 qdelay_l_ms=0 qdelay_c_ms=206.013 ecn_mark=267 drop=0
[QUEUE_STATS] t_ms=3904 q_pkts=426 q_bytes=640704 qdelay_l_ms=0 qdelay_c_ms=207.878 ecn_mark=268 drop=0
[QUEUE_STATS] t_ms=3920 q_pkts=428 q_bytes=643712 qdelay_l_ms=1.07619 qdelay_c_ms=210.292 ecn_mark=269 drop=0
[QUEUE_STATS] t_ms=3936 q_pkts=430 q_bytes=646720 qdelay_l_ms=1.0587 qdelay_c_ms=213.235 ecn_mark=269 drop=0
[QUEUE_STATS] t_ms=3952 q_pkts=432 q_bytes=649728 qdelay_l_ms=1.07086 qdelay_c_ms=211.811 ecn_mark=269 drop=0
[QUEUE_STATS] t_ms=3968 q_pkts=434 q_bytes=652736 qdelay_l_ms=1.07466 qdelay_c_ms=213.249 ecn_mark=269 drop=0
[QUEUE_STATS] t_ms=3984 q_pkts=437 q_bytes=657248 qdelay_l_ms=1.10129 qdelay_c_ms=215.758 ecn_mark=270 drop=0
[QUEUE_STATS] t_ms=4000 q_pkts=437 q_bytes=657248 qdelay_l_ms=1.09237 qdelay_c_ms=216.002 ecn_mark=271 drop=0
[QUEUE_STATS] t_ms=4016 q_pkts=435 q_bytes=654240 qdelay_l_ms=0.01544 qdelay_c_ms=217.044 ecn_mark=272 drop=0
[QUEUE_STATS] t_ms=4032 q_pkts=440 q_bytes=661760 qdelay_l_ms=1.03597 qdelay_c_ms=219.787 ecn_mark=273 drop=0
[QUEUE_STATS] t_ms=4048 q_pkts=443 q_bytes=666272 qdelay_l_ms=1.05448 qdelay_c_ms=220.067 ecn_mark=275 drop=0
[QUEUE_STATS] t_ms=4064 q_pkts=445 q_bytes=669280 qdelay_l_ms=0.899591 qdelay_c_ms=222.588 ecn_mark=275 drop=0
[QUEUE_STATS] t_ms=4080 q_pkts=445 q_bytes=669280 qdelay_l_ms=0.877179 qdelay_c_ms=221.835 ecn_mark=275 drop=0
[QUEUE_STATS] t_ms=4096 q_pkts=444 q_bytes=667776 qdelay_l_ms=0.041117 qdelay_c_ms=222.783 ecn_mark=276 drop=0
[QUEUE_STATS] t_ms=4112 q_pkts=447 q_bytes=672288 qdelay_l_ms=0.036138 qdelay_c_ms=223.97 ecn_mark=278 drop=0
[QUEUE_STATS] t_ms=4129 q_pkts=450 q_bytes=676800 qdelay_l_ms=1.07803 qdelay_c_ms=225.928 ecn_mark=279 drop=0
[QUEUE_STATS] t_ms=4144 q_pkts=452 q_bytes=679808 qdelay_l_ms=1.0923 qdelay_c_ms=226.203 ecn_mark=282 drop=0
[QUEUE_STATS] t_ms=4160 q_pkts=455 q_bytes=684320 qdelay_l_ms=0 qdelay_c_ms=229.151 ecn_mark=283 drop=0
[QUEUE_STATS] t_ms=4176 q_pkts=457 q_bytes=687328 qdelay_l_ms=1.08437 qdelay_c_ms=229.075 ecn_mark=283 drop=0
[QUEUE_STATS] t_ms=4192 q_pkts=453 q_bytes=681312 qdelay_l_ms=0.032251 qdelay_c_ms=229.853 ecn_mark=284 drop=0
[QUEUE_STATS] t_ms=4208 q_pkts=459 q_bytes=690336 qdelay_l_ms=1.07946 qdelay_c_ms=229.387 ecn_mark=284 drop=0
[QUEUE_STATS] t_ms=4224 q_pkts=461 q_bytes=693344 qdelay_l_ms=1.07444 qdelay_c_ms=233.119 ecn_mark=285 drop=0
[QUEUE_STATS] t_ms=4241 q_pkts=462 q_bytes=694848 qdelay_l_ms=1.09285 qdelay_c_ms=234.098 ecn_mark=285 drop=0
[QUEUE_STATS] t_ms=4256 q_pkts=462 q_bytes=694848 qdelay_l_ms=1.07436 qdelay_c_ms=233.155 ecn_mark=286 drop=0
[QUEUE_STATS] t_ms=4272 q_pkts=466 q_bytes=700864 qdelay_l_ms=1.09407 qdelay_c_ms=237.182 ecn_mark=286 drop=0
[QUEUE_STATS] t_ms=4288 q_pkts=465 q_bytes=699360 qdelay_l_ms=1.07712 qdelay_c_ms=236.777 ecn_mark=288 drop=0
[QUEUE_STATS] t_ms=4305 q_pkts=466 q_bytes=700864 qdelay_l_ms=1.08172 qdelay_c_ms=236.972 ecn_mark=288 drop=0
[QUEUE_STATS] t_ms=4320 q_pkts=469 q_bytes=705376 qdelay_l_ms=1.0271 qdelay_c_ms=240.276 ecn_mark=289 drop=0
[QUEUE_STATS] t_ms=4336 q_pkts=469 q_bytes=705376 qdelay_l_ms=0 qdelay_c_ms=236.731 ecn_mark=289 drop=0
[QUEUE_STATS] t_ms=4352 q_pkts=469 q_bytes=705376 qdelay_l_ms=0 qdelay_c_ms=238.024 ecn_mark=291 drop=0
[QUEUE_STATS] t_ms=4368 q_pkts=468 q_bytes=703872 qdelay_l_ms=1.06813 qdelay_c_ms=243.753 ecn_mark=291 drop=0
[QUEUE_STATS] t_ms=4384 q_pkts=457 q_bytes=687328 qdelay_l_ms=1.08628 qdelay_c_ms=240.966 ecn_mark=291 drop=0
[QUEUE_STATS] t_ms=4400 q_pkts=448 q_bytes=673792 qdelay_l_ms=1.08247 qdelay_c_ms=242.917 ecn_mark=292 drop=0
[QUEUE_STATS] t_ms=4417 q_pkts=441 q_bytes=663264 qdelay_l_ms=1.08697 qdelay_c_ms=247.017 ecn_mark=293 drop=0
[QUEUE_STATS] t_ms=4432 q_pkts=430 q_bytes=645268 qdelay_l_ms=0.046628 qdelay_c_ms=244.074 ecn_mark=294 drop=0
[QUEUE_STATS] t_ms=4448 q_pkts=424 q_bytes=636244 qdelay_l_ms=1.07363 qdelay_c_ms=247.413 ecn_mark=294 drop=0
[QUEUE_STATS] t_ms=4464 q_pkts=414 q_bytes=621204 qdelay_l_ms=0 qdelay_c_ms=249.101 ecn_mark=295 drop=0
[QUEUE_STATS] t_ms=4480 q_pkts=408 q_bytes=612180 qdelay_l_ms=1.00946 qdelay_c_ms=249.189 ecn_mark=296 drop=0
[QUEUE_STATS] t_ms=4496 q_pkts=401 q_bytes=601652 qdelay_l_ms=1.05124 qdelay_c_ms=252.094 ecn_mark=296 drop=0
[QUEUE_STATS] t_ms=4512 q_pkts=390 q_bytes=585108 qdelay_l_ms=1.06059 qdelay_c_ms=252.056 ecn_mark=297 drop=0
[QUEUE_STATS] t_ms=4528 q_pkts=379 q_bytes=568564 qdelay_l_ms=0.029796 qdelay_c_ms=250.733 ecn_mark=300 drop=0
[QUEUE_STATS] t_ms=4544 q_pkts=373 q_bytes=559540 qdelay_l_ms=0.861299 qdelay_c_ms=254.955 ecn_mark=303 drop=0
[QUEUE_STATS] t_ms=4561 q_pkts=363 q_bytes=544500 qdelay_l_ms=1.08721 qdelay_c_ms=253.942 ecn_mark=305 drop=0
[QUEUE_STATS] t_ms=4576 q_pkts=355 q_bytes=532468 qdelay_l_ms=1.06816 qdelay_c_ms=255.985 ecn_mark=305 drop=0
[QUEUE_STATS] t_ms=4592 q_pkts=348 q_bytes=521940 qdelay_l_ms=1.07162 qdelay_c_ms=258.867 ecn_mark=305 drop=0
[QUEUE_STATS] t_ms=4608 q_pkts=335 q_bytes=502388 qdelay_l_ms=0.832735 qdelay_c_ms=257.131 ecn_mark=306 drop=0
[QUEUE_STATS] t_ms=4624 q_pkts=329 q_bytes=493364 qdelay_l_ms=1.06959 qdelay_c_ms=254.053 ecn_mark=307 drop=0
[QUEUE_STATS] t_ms=4641 q_pkts=319 q_bytes=478324 qdelay_l_ms=1.07736 qdelay_c_ms=248.864 ecn_mark=309 drop=0
[QUEUE_STATS] t_ms=4656 q_pkts=308 q_bytes=461780 qdelay_l_ms=1.08175 qdelay_c_ms=239.036 ecn_mark=310 drop=0
[QUEUE_STATS] t_ms=4673 q_pkts=308 q_bytes=463232 qdelay_l_ms=1.08422 qdelay_c_ms=235.078 ecn_mark=311 drop=0
[QUEUE_STATS] t_ms=4688 q_pkts=310 q_bytes=466240 qdelay_l_ms=1.07951 qdelay_c_ms=226.026 ecn_mark=311 drop=0
[QUEUE_STATS] t_ms=4705 q_pkts=311 q_bytes=467744 qdelay_l_ms=1.0968 qdelay_c_ms=221.833 ecn_mark=311 drop=0
[QUEUE_STATS] t_ms=4720 q_pkts=310 q_bytes=466240 qdelay_l_ms=1.07135 qdelay_c_ms=214.24 ecn_mark=311 drop=0
[QUEUE_STATS] t_ms=4736 q_pkts=312 q_bytes=469248 qdelay_l_ms=1.09679 qdelay_c_ms=205.819 ecn_mark=314 drop=0
[QUEUE_STATS] t_ms=4752 q_pkts=312 q_bytes=469248 qdelay_l_ms=1.09481 qdelay_c_ms=201.142 ecn_mark=314 drop=0
[QUEUE_STATS] t_ms=4769 q_pkts=313 q_bytes=470752 qdelay_l_ms=1.08767 qdelay_c_ms=194.86 ecn_mark=316 drop=0
[QUEUE_STATS] t_ms=4784 q_pkts=314 q_bytes=472256 qdelay_l_ms=1.10543 qdelay_c_ms=188.066 ecn_mark=318 drop=0
[QUEUE_STATS] t_ms=4800 q_pkts=313 q_bytes=470752 qdelay_l_ms=0.040917 qdelay_c_ms=179.725 ecn_mark=320 drop=0
[QUEUE_STATS] t_ms=4816 q_pkts=316 q_bytes=475264 qdelay_l_ms=0 qdelay_c_ms=176.872 ecn_mark=320 drop=0
[QUEUE_STATS] t_ms=4832 q_pkts=314 q_bytes=472256 qdelay_l_ms=0.030598 qdelay_c_ms=168.792 ecn_mark=320 drop=0
[QUEUE_STATS] t_ms=4848 q_pkts=315 q_bytes=473760 qdelay_l_ms=1.08241 qdelay_c_ms=170.984 ecn_mark=323 drop=0
[QUEUE_STATS] t_ms=4864 q_pkts=319 q_bytes=479776 qdelay_l_ms=1.10528 qdelay_c_ms=172.141 ecn_mark=323 drop=0
[QUEUE_STATS] t_ms=4880 q_pkts=317 q_bytes=476768 qdelay_l_ms=1.09342 qdelay_c_ms=171.701 ecn_mark=324 drop=0
[QUEUE_STATS] t_ms=4896 q_pkts=316 q_bytes=475264 qdelay_l_ms=1.07176 qdelay_c_ms=171.894 ecn_mark=324 drop=0
[QUEUE_STATS] t_ms=4912 q_pkts=315 q_bytes=473760 qdelay_l_ms=0 qdelay_c_ms=171.996 ecn_mark=325 drop=0
[QUEUE_STATS] t_ms=4928 q_pkts=322 q_bytes=484288 qdelay_l_ms=1.07592 qdelay_c_ms=173.636 ecn_mark=326 drop=0
[QUEUE_STATS] t_ms=4944 q_pkts=322 q_bytes=484288 qdelay_l_ms=1.08015 qdelay_c_ms=175.25 ecn_mark=329 drop=0
[QUEUE_STATS] t_ms=4960 q_pkts=322 q_bytes=484288 qdelay_l_ms=1.0833 qdelay_c_ms=176.207 ecn_mark=329 drop=0
[QUEUE_STATS] t_ms=4976 q_pkts=320 q_bytes=481280 qdelay_l_ms=0 qdelay_c_ms=174.042 ecn_mark=329 drop=0
[QUEUE_STATS] t_ms=4992 q_pkts=323 q_bytes=485792 qdelay_l_ms=1.0748 qdelay_c_ms=177.204 ecn_mark=330 drop=0
[QUEUE_STATS] t_ms=5008 q_pkts=326 q_bytes=490304 qdelay_l_ms=1.07181 qdelay_c_ms=178.361 ecn_mark=330 drop=0
[QUEUE_STATS] t_ms=5025 q_pkts=326 q_bytes=490304 qdelay_l_ms=1.08137 qdelay_c_ms=176.757 ecn_mark=330 drop=0
[QUEUE_STATS] t_ms=5040 q_pkts=328 q_bytes=493312 qdelay_l_ms=1.08906 qdelay_c_ms=179.095 ecn_mark=330 drop=0
[QUEUE_STATS] t_ms=5056 q_pkts=329 q_bytes=494816 qdelay_l_ms=1.07612 qdelay_c_ms=180.11 ecn_mark=331 drop=0
[QUEUE_STATS] t_ms=5072 q_pkts=325 q_bytes=488800 qdelay_l_ms=0 qdelay_c_ms=179.895 ecn_mark=332 drop=0
[QUEUE_STATS] t_ms=5088 q_pkts=329 q_bytes=494816 qdelay_l_ms=1.06722 qdelay_c_ms=179.877 ecn_mark=335 drop=0
[QUEUE_STATS] t_ms=5104 q_pkts=330 q_bytes=496320 qdelay_l_ms=1.06377 qdelay_c_ms=182.994 ecn_mark=336 drop=0
[QUEUE_STATS] t_ms=5120 q_pkts=333 q_bytes=500832 qdelay_l_ms=1.03872 qdelay_c_ms=182.839 ecn_mark=339 drop=0
[QUEUE_STATS] t_ms=5136 q_pkts=330 q_bytes=496320 qdelay_l_ms=1.07943 qdelay_c_ms=181.033 ecn_mark=339 drop=0
[QUEUE_STATS] t_ms=5152 q_pkts=330 q_bytes=496320 qdelay_l_ms=1.05996 qdelay_c_ms=181.841 ecn_mark=339 drop=0
[QUEUE_STATS] t_ms=5168 q_pkts=335 q_bytes=503840 qdelay_l_ms=1.0698 qdelay_c_ms=183.904 ecn_mark=340 drop=0
[QUEUE_STATS] t_ms=5184 q_pkts=333 q_bytes=500832 qdelay_l_ms=1.07172 qdelay_c_ms=180.895 ecn_mark=341 drop=0
[QUEUE_STATS] t_ms=5200 q_pkts=334 q_bytes=502336 qdelay_l_ms=0.985712 qdelay_c_ms=184.835 ecn_mark=343 drop=0
[QUEUE_STATS] t_ms=5216 q_pkts=337 q_bytes=506848 qdelay_l_ms=1.0776 qdelay_c_ms=182.835 ecn_mark=343 drop=0
[QUEUE_STATS] t_ms=5233 q_pkts=336 q_bytes=505344 qdelay_l_ms=1.07496 qdelay_c_ms=184.001 ecn_mark=344 drop=0
[QUEUE_STATS] t_ms=5248 q_pkts=338 q_bytes=508352 qdelay_l_ms=1.05818 qdelay_c_ms=185.492 ecn_mark=345 drop=0
[QUEUE_STATS] t_ms=5264 q_pkts=337 q_bytes=506848 qdelay_l_ms=0 qdelay_c_ms=186.042 ecn_mark=345 drop=0
[QUEUE_STATS] t_ms=5280 q_pkts=335 q_bytes=503840 qdelay_l_ms=0 qdelay_c_ms=184.93 ecn_mark=345 drop=0
[QUEUE_STATS] t_ms=5296 q_pkts=337 q_bytes=506848 qdelay_l_ms=0 qdelay_c_ms=185.241 ecn_mark=346 drop=0
[QUEUE_STATS] t_ms=5312 q_pkts=343 q_bytes=515872 qdelay_l_ms=1.06766 qdelay_c_ms=187.818 ecn_mark=347 drop=0
[QUEUE_STATS] t_ms=5328 q_pkts=337 q_bytes=506848 qdelay_l_ms=0 qdelay_c_ms=186.855 ecn_mark=350 drop=0
[QUEUE_STATS] t_ms=5345 q_pkts=343 q_bytes=515872 qdelay_l_ms=1.0697 qdelay_c_ms=189.082 ecn_mark=350 drop=0
[QUEUE_STATS] t_ms=5360 q_pkts=345 q_bytes=518880 qdelay_l_ms=1.08881 qdelay_c_ms=189.137 ecn_mark=351 drop=0
[QUEUE_STATS] t_ms=5376 q_pkts=345 q_bytes=518880 qdelay_l_ms=1.06383 qdelay_c_ms=191.155 ecn_mark=352 drop=0
[QUEUE_STATS] t_ms=5392 q_pkts=346 q_bytes=520384 qdelay_l_ms=1.06452 qdelay_c_ms=190.998 ecn_mark=355 drop=0
[QUEUE_STATS] t_ms=5408 q_pkts=342 q_bytes=514368 qdelay_l_ms=0 qdelay_c_ms=189.864 ecn_mark=356 drop=0
[QUEUE_STATS] t_ms=5424 q_pkts=347 q_bytes=521888 qdelay_l_ms=1.07221 qdelay_c_ms=193.365 ecn_mark=358 drop=0
[QUEUE_STATS] t_ms=5440 q_pkts=350 q_bytes=526400 qdelay_l_ms=1.07498 qdelay_c_ms=192.455 ecn_mark=360 drop=0
[QUEUE_STATS] t_ms=5456 q_pkts=349 q_bytes=524896 qdelay_l_ms=1.06874 qdelay_c_ms=193.183 ecn_mark=362 drop=0
[QUEUE_STATS] t_ms=5472 q_pkts=350 q_bytes=526400 qdelay_l_ms=1.06983 qdelay_c_ms=195.146 ecn_mark=365 drop=0
[QUEUE_STATS] t_ms=5488 q_pkts=353 q_bytes=530912 qdelay_l_ms=0.856239 qdelay_c_ms=193.15 ecn_mark=366 drop=0
[QUEUE_STATS] t_ms=5504 q_pkts=349 q_bytes=524896 qdelay_l_ms=0 qdelay_c_ms=194.09 ecn_mark=367 drop=0
[QUEUE_STATS] t_ms=5520 q_pkts=351 q_bytes=527904 qdelay_l_ms=0.968571 qdelay_c_ms=197.155 ecn_mark=367 drop=0
[QUEUE_STATS] t_ms=5536 q_pkts=354 q_bytes=532416 qdelay_l_ms=1.06511 qdelay_c_ms=194.993 ecn_mark=371 drop=0
[QUEUE_STATS] t_ms=5552 q_pkts=355 q_bytes=533920 qdelay_l_ms=1.05879 qdelay_c_ms=198.384 ecn_mark=371 drop=0
[QUEUE_STATS] t_ms=5568 q_pkts=354 q_bytes=532416 qdelay_l_ms=1.06966 qdelay_c_ms=197.982 ecn_mark=374 drop=0
[QUEUE_STATS] t_ms=5585 q_pkts=357 q_bytes=536928 qdelay_l_ms=1.06577 qdelay_c_ms=195.868 ecn_mark=376 drop=0
[QUEUE_STATS] t_ms=5600 q_pkts=357 q_bytes=536928 qdelay_l_ms=1.06363 qdelay_c_ms=200.159 ecn_mark=377 drop=0
[QUEUE_STATS] t_ms=5617 q_pkts=359 q_bytes=539936 qdelay_l_ms=1.06583 qdelay_c_ms=200.073 ecn_mark=382 drop=0
[QUEUE_STATS] t_ms=5632 q_pkts=358 q_bytes=538432 qdelay_l_ms=1.05837 qdelay_c_ms=196.962 ecn_mark=383 drop=0
[QUEUE_STATS] t_ms=5648 q_pkts=359 q_bytes=539936 qdelay_l_ms=1.06253 qdelay_c_ms=202.012 ecn_mark=384 drop=0
[QUEUE_STATS] t_ms=5664 q_pkts=359 q_bytes=539936 qdelay_l_ms=0.980072 qdelay_c_ms=197.538 ecn_mark=386 drop=0
[QUEUE_STATS] t_ms=5680 q_pkts=361 q_bytes=542944 qdelay_l_ms=1.0521 qdelay_c_ms=197.798 ecn_mark=387 drop=0
[QUEUE_STATS] t_ms=5696 q_pkts=360 q_bytes=541440 qdelay_l_ms=0.83537 qdelay_c_ms=200.88 ecn_mark=388 drop=0
[QUEUE_STATS] t_ms=5712 q_pkts=359 q_bytes=539936 qdelay_l_ms=1.05428 qdelay_c_ms=196.979 ecn_mark=389 drop=0
[QUEUE_STATS] t_ms=5728 q_pkts=362 q_bytes=544448 qdelay_l_ms=1.08007 qdelay_c_ms=200.146 ecn_mark=390 drop=0
[QUEUE_STATS] t_ms=5745 q_pkts=361 q_bytes=542944 qdelay_l_ms=1.07915 qdelay_c_ms=198.98 ecn_mark=391 drop=0
[QUEUE_STATS] t_ms=5760 q_pkts=360 q_bytes=541440 qdelay_l_ms=1.07036 qdelay_c_ms=197.173 ecn_mark=393 drop=0
[QUEUE_STATS] t_ms=5776 q_pkts=362 q_bytes=544448 qdelay_l_ms=1.08218 qdelay_c_ms=198.131 ecn_mark=398 drop=0
[QUEUE_STATS] t_ms=5792 q_pkts=360 q_bytes=541440 qdelay_l_ms=0.019537 qdelay_c_ms=196.872 ecn_mark=399 drop=0
[QUEUE_STATS] t_ms=5808 q_pkts=365 q_bytes=548960 qdelay_l_ms=1.06448 qdelay_c_ms=196.938 ecn_mark=400 drop=0
[QUEUE_STATS] t_ms=5824 q_pkts=365 q_bytes=548960 qdelay_l_ms=1.02529 qdelay_c_ms=198.92 ecn_mark=402 drop=0
[QUEUE_STATS] t_ms=5840 q_pkts=366 q_bytes=550464 qdelay_l_ms=1.08152 qdelay_c_ms=196.196 ecn_mark=405 drop=0
[QUEUE_STATS] t_ms=5856 q_pkts=366 q_bytes=550464 qdelay_l_ms=1.06255 qdelay_c_ms=198.008 ecn_mark=405 drop=0
[QUEUE_STATS] t_ms=5872 q_pkts=367 q_bytes=551968 qdelay_l_ms=1.07935 qdelay_c_ms=199.028 ecn_mark=408 drop=0
[QUEUE_STATS] t_ms=5889 q_pkts=367 q_bytes=551968 qdelay_l_ms=1.09101 qdelay_c_ms=193.832 ecn_mark=409 drop=0
[QUEUE_STATS] t_ms=5905 q_pkts=369 q_bytes=554976 qdelay_l_ms=1.08037 qdelay_c_ms=198.016 ecn_mark=409 drop=0
[QUEUE_STATS] t_ms=5920 q_pkts=369 q_bytes=554976 qdelay_l_ms=0 qdelay_c_ms=198.003 ecn_mark=414 drop=0
[QUEUE_STATS] t_ms=5936 q_pkts=370 q_bytes=556480 qdelay_l_ms=0.879984 qdelay_c_ms=196.107 ecn_mark=417 drop=0
[QUEUE_STATS] t_ms=5953 q_pkts=369 q_bytes=554976 qdelay_l_ms=1.08035 qdelay_c_ms=197.976 ecn_mark=419 drop=0
[QUEUE_STATS] t_ms=5968 q_pkts=369 q_bytes=554976 qdelay_l_ms=0.913878 qdelay_c_ms=192.798 ecn_mark=421 drop=0
[QUEUE_STATS] t_ms=5984 q_pkts=370 q_bytes=556480 qdelay_l_ms=0.896485 qdelay_c_ms=194.857 ecn_mark=422 drop=0
[QUEUE_STATS] t_ms=6000 q_pkts=369 q_bytes=554976 qdelay_l_ms=1.06526 qdelay_c_ms=197.032 ecn_mark=424 drop=0
[QUEUE_STATS] t_ms=6016 q_pkts=368 q_bytes=553472 qdelay_l_ms=0.911223 qdelay_c_ms=192.01 ecn_mark=426 drop=0
[QUEUE_STATS] t_ms=6032 q_pkts=370 q_bytes=556480 qdelay_l_ms=1.03343 qdelay_c_ms=195.013 ecn_mark=426 drop=0
[QUEUE_STATS] t_ms=6049 q_pkts=371 q_bytes=557984 qdelay_l_ms=1.07685 qdelay_c_ms=195.134 ecn_mark=427 drop=0
[QUEUE_STATS] t_ms=6064 q_pkts=375 q_bytes=564000 qdelay_l_ms=0.827645 qdelay_c_ms=191.152 ecn_mark=429 drop=0
[QUEUE_STATS] t_ms=6080 q_pkts=375 q_bytes=564000 qdelay_l_ms=1.06997 qdelay_c_ms=195.43 ecn_mark=430 drop=0
[QUEUE_STATS] t_ms=6096 q_pkts=375 q_bytes=564000 qdelay_l_ms=0.937322 qdelay_c_ms=193.012 ecn_mark=430 drop=0
[QUEUE_STATS] t_ms=6112 q_pkts=373 q_bytes=560992 qdelay_l_ms=1.04726 qdelay_c_ms=191.945 ecn_mark=432 drop=0
[QUEUE_STATS] t_ms=6128 q_pkts=377 q_bytes=567008 qdelay_l_ms=1.06319 qdelay_c_ms=192.915 ecn_mark=436 drop=0
[QUEUE_STATS] t_ms=6144 q_pkts=378 q_bytes=568512 qdelay_l_ms=1.06638 qdelay_c_ms=190.943 ecn_mark=443 drop=0
[QUEUE_STATS] t_ms=6160 q_pkts=372 q_bytes=559488 qdelay_l_ms=0 qdelay_c_ms=191.241 ecn_mark=444 drop=0
[QUEUE_STATS] t_ms=6176 q_pkts=377 q_bytes=567008 qdelay_l_ms=1.05235 qdelay_c_ms=193.141 ecn_mark=445 drop=0
[QUEUE_STATS] t_ms=6192 q_pkts=379 q_bytes=570016 qdelay_l_ms=1.08783 qdelay_c_ms=190.968 ecn_mark=448 drop=0
[QUEUE_STATS] t_ms=6208 q_pkts=376 q_bytes=565504 qdelay_l_ms=1.06388 qdelay_c_ms=191.182 ecn_mark=448 drop=0
[QUEUE_STATS] t_ms=6224 q_pkts=376 q_bytes=565504 qdelay_l_ms=0.685148 qdelay_c_ms=192.041 ecn_mark=449 drop=0
[QUEUE_STATS] t_ms=6240 q_pkts=380 q_bytes=571520 qdelay_l_ms=0 qdelay_c_ms=190.934 ecn_mark=450 drop=0
[QUEUE_STATS] t_ms=6256 q_pkts=380 q_bytes=571520 qdelay_l_ms=1.07821 qdelay_c_ms=192.892 ecn_mark=451 drop=0
[QUEUE_STATS] t_ms=6272 q_pkts=377 q_bytes=567008 qdelay_l_ms=0 qdelay_c_ms=190.486 ecn_mark=453 drop=0
[QUEUE_STATS] t_ms=6288 q_pkts=381 q_bytes=573024 qdelay_l_ms=1.05742 qdelay_c_ms=191.377 ecn_mark=456 drop=0
[QUEUE_STATS] t_ms=6304 q_pkts=381 q_bytes=573024 qdelay_l_ms=1.07522 qdelay_c_ms=192.203 ecn_mark=457 drop=0
[QUEUE_STATS] t_ms=6320 q_pkts=376 q_bytes=565504 qdelay_l_ms=0 qdelay_c_ms=190.798 ecn_mark=460 drop=0
[QUEUE_STATS] t_ms=6336 q_pkts=382 q_bytes=574528 qdelay_l_ms=1.06063 qdelay_c_ms=191.112 ecn_mark=463 drop=0
[QUEUE_STATS] t_ms=6352 q_pkts=383 q_bytes=576032 qdelay_l_ms=1.06517 qdelay_c_ms=191.602 ecn_mark=465 drop=0
[QUEUE_STATS] t_ms=6368 q_pkts=385 q_bytes=579040 qdelay_l_ms=1.02112 qdelay_c_ms=188.871 ecn_mark=466 drop=0
[QUEUE_STATS] t_ms=6384 q_pkts=382 q_bytes=574528 qdelay_l_ms=0.88345 qdelay_c_ms=190.941 ecn_mark=468 drop=0
[QUEUE_STATS] t_ms=6400 q_pkts=382 q_bytes=574528 qdelay_l_ms=0.885975 qdelay_c_ms=190.042 ecn_mark=470 drop=0
[QUEUE_STATS] t_ms=6416 q_pkts=380 q_bytes=571520 qdelay_l_ms=0 qdelay_c_ms=186.982 ecn_mark=472 drop=0
[QUEUE_STATS] t_ms=6432 q_pkts=381 q_bytes=573024 qdelay_l_ms=0 qdelay_c_ms=190.851 ecn_mark=474 drop=0
[QUEUE_STATS] t_ms=6449 q_pkts=381 q_bytes=573024 qdelay_l_ms=1.07245 qdelay_c_ms=188.826 ecn_mark=475 drop=0
[QUEUE_STATS] t_ms=6465 q_pkts=383 q_bytes=576032 qdelay_l_ms=1.081 qdelay_c_ms=186.11 ecn_mark=476 drop=0
[QUEUE_STATS] t_ms=6480 q_pkts=384 q_bytes=577536 qdelay_l_ms=1.06387 qdelay_c_ms=189.538 ecn_mark=476 drop=0
[QUEUE_STATS] t_ms=6497 q_pkts=387 q_bytes=582048 qdelay_l_ms=1.07374 qdelay_c_ms=188.273 ecn_mark=479 drop=0
[QUEUE_STATS] t_ms=6512 q_pkts=385 q_bytes=579040 qdelay_l_ms=0.911302 qdelay_c_ms=185.9 ecn_mark=481 drop=0
[QUEUE_STATS] t_ms=6528 q_pkts=381 q_bytes=573024 qdelay_l_ms=0 qdelay_c_ms=184.907 ecn_mark=481 drop=0
[QUEUE_STATS] t_ms=6544 q_pkts=388 q_bytes=583552 qdelay_l_ms=0 qdelay_c_ms=186.006 ecn_mark=481 drop=0
[QUEUE_STATS] t_ms=6560 q_pkts=384 q_bytes=577536 qdelay_l_ms=0 qdelay_c_ms=183.982 ecn_mark=482 drop=0
[QUEUE_STATS] t_ms=6576 q_pkts=391 q_bytes=588064 qdelay_l_ms=1.07975 qdelay_c_ms=185.266 ecn_mark=482 drop=0
[QUEUE_STATS] t_ms=6592 q_pkts=390 q_bytes=586560 qdelay_l_ms=0.938644 qdelay_c_ms=184.999 ecn_mark=483 drop=0
[QUEUE_STATS] t_ms=6608 q_pkts=389 q_bytes=585056 qdelay_l_ms=1.0695 qdelay_c_ms=185.092 ecn_mark=483 drop=0
[QUEUE_STATS] t_ms=6624 q_pkts=386 q_bytes=580544 qdelay_l_ms=0.019697 qdelay_c_ms=184.093 ecn_mark=488 drop=0
[QUEUE_STATS] t_ms=6641 q_pkts=391 q_bytes=588064 qdelay_l_ms=1.07798 qdelay_c_ms=185.917 ecn_mark=489 drop=0
[QUEUE_STATS] t_ms=6656 q_pkts=391 q_bytes=588064 qdelay_l_ms=1.06795 qdelay_c_ms=185.079 ecn_mark=491 drop=0
[QUEUE_STATS] t_ms=6672 q_pkts=392 q_bytes=589568 qdelay_l_ms=1.05251 qdelay_c_ms=185.079 ecn_mark=496 drop=0
[QUEUE_STATS] t_ms=6688 q_pkts=393 q_bytes=591072 qdelay_l_ms=0.965134 qdelay_c_ms=187.079 ecn_mark=499 drop=0
[QUEUE_STATS] t_ms=6704 q_pkts=393 q_bytes=591072 qdelay_l_ms=1.06961 qdelay_c_ms=187.73 ecn_mark=501 drop=0
[QUEUE_STATS] t_ms=6720 q_pkts=392 q_bytes=589568 qdelay_l_ms=0.992366 qdelay_c_ms=186.064 ecn_mark=501 drop=0
[QUEUE_STATS] t_ms=6736 q_pkts=392 q_bytes=589568 qdelay_l_ms=0.92589 qdelay_c_ms=186.035 ecn_mark=505 drop=0
[QUEUE_STATS] t_ms=6752 q_pkts=394 q_bytes=592576 qdelay_l_ms=1.07791 qdelay_c_ms=185.851 ecn_mark=506 drop=0
[QUEUE_STATS] t_ms=6768 q_pkts=393 q_bytes=591072 qdelay_l_ms=1.08906 qdelay_c_ms=185.033 ecn_mark=507 drop=0
[QUEUE_STATS] t_ms=6785 q_pkts=394 q_bytes=592576 qdelay_l_ms=1.07479 qdelay_c_ms=184.909 ecn_mark=509 drop=0
[QUEUE_STATS] t_ms=6800 q_pkts=395 q_bytes=594080 qdelay_l_ms=0.933625 qdelay_c_ms=184.824 ecn_mark=512 drop=0
[QUEUE_STATS] t_ms=6816 q_pkts=396 q_bytes=595584 qdelay_l_ms=0.932824 qdelay_c_ms=184.9 ecn_mark=517 drop=0
[QUEUE_STATS] t_ms=6832 q_pkts=394 q_bytes=592576 qdelay_l_ms=1.0848 qdelay_c_ms=184.183 ecn_mark=518 drop=0
[QUEUE_STATS] t_ms=6848 q_pkts=385 q_bytes=579040 qdelay_l_ms=0 qdelay_c_ms=182.972 ecn_mark=519 drop=0
[QUEUE_STATS] t_ms=6864 q_pkts=376 q_bytes=565504 qdelay_l_ms=1.08953 qdelay_c_ms=182.766 ecn_mark=519 drop=0
[QUEUE_STATS] t_ms=6880 q_pkts=366 q_bytes=550464 qdelay_l_ms=1.06554 qdelay_c_ms=183.088 ecn_mark=520 drop=0
[QUEUE_STATS] t_ms=6896 q_pkts=358 q_bytes=538432 qdelay_l_ms=1.06918 qdelay_c_ms=183.071 ecn_mark=520 drop=0
[QUEUE_STATS] t_ms=6912 q_pkts=346 q_bytes=520384 qdelay_l_ms=0.924838 qdelay_c_ms=182.918 ecn_mark=524 drop=0
[QUEUE_STATS] t_ms=6928 q_pkts=333 q_bytes=500832 qdelay_l_ms=1.06771 qdelay_c_ms=181.409 ecn_mark=527 drop=0
[QUEUE_STATS] t_ms=6944 q_pkts=326 q_bytes=490304 qdelay_l_ms=1.08832 qdelay_c_ms=181.339 ecn_mark=527 drop=0
[QUEUE_STATS] t_ms=6960 q_pkts=314 q_bytes=472256 qdelay_l_ms=0.957339 qdelay_c_ms=182.007 ecn_mark=529 drop=0
[QUEUE_STATS] t_ms=6976 q_pkts=302 q_bytes=454208 qdelay_l_ms=1.06942 qdelay_c_ms=179.802 ecn_mark=531 drop=0
[QUEUE_STATS] t_ms=6992 q_pkts=292 q_bytes=439168 qdelay_l_ms=1.08252 qdelay_c_ms=181.834 ecn_mark=532 drop=0
[QUEUE_STATS] t_ms=7008 q_pkts=278 q_bytes=418112 qdelay_l_ms=0 qdelay_c_ms=178.611 ecn_mark=532 drop=0
[QUEUE_STATS] t_ms=7024 q_pkts=269 q_bytes=404576 qdelay_l_ms=1.08792 qdelay_c_ms=175.11 ecn_mark=535 drop=0
[QUEUE_STATS] t_ms=7041 q_pkts=257 q_bytes=386528 qdelay_l_ms=1.10724 qdelay_c_ms=166.779 ecn_mark=537 drop=0
[QUEUE_STATS] t_ms=7056 q_pkts=248 q_bytes=372992 qdelay_l_ms=1.04567 qdelay_c_ms=160.051 ecn_mark=538 drop=0
[QUEUE_STATS] t_ms=7072 q_pkts=242 q_bytes=363968 qdelay_l_ms=0.038192 qdelay_c_ms=147.827 ecn_mark=539 drop=0
[QUEUE_STATS] t_ms=7088 q_pkts=245 q_bytes=368480 qdelay_l_ms=1.09558 qdelay_c_ms=143.767 ecn_mark=542 drop=0
[QUEUE_STATS] t_ms=7104 q_pkts=245 q_bytes=368480 qdelay_l_ms=0.985552 qdelay_c_ms=136.889 ecn_mark=545 drop=0
[QUEUE_STATS] t_ms=7120 q_pkts=243 q_bytes=365472 qdelay_l_ms=1.00124 qdelay_c_ms=125.076 ecn_mark=547 drop=0
[QUEUE_STATS] t_ms=7137 q_pkts=243 q_bytes=365472 qdelay_l_ms=1.09603 qdelay_c_ms=119.026 ecn_mark=548 drop=0
[QUEUE_STATS] t_ms=7152 q_pkts=248 q_bytes=372992 qdelay_l_ms=0.987947 qdelay_c_ms=113.314 ecn_mark=549 drop=0
[QUEUE_STATS] t_ms=7168 q_pkts=249 q_bytes=374496 qdelay_l_ms=0.990963 qdelay_c_ms=106.766 ecn_mark=550 drop=0
[QUEUE_STATS] t_ms=7184 q_pkts=248 q_bytes=372992 qdelay_l_ms=1.00855 qdelay_c_ms=105.935 ecn_mark=551 drop=0
[QUEUE_STATS] t_ms=7200 q_pkts=247 q_bytes=371488 qdelay_l_ms=0.950356 qdelay_c_ms=105.459 ecn_mark=552 drop=0
[QUEUE_STATS] t_ms=7216 q_pkts=247 q_bytes=371488 qdelay_l_ms=0.855277 qdelay_c_ms=107.23 ecn_mark=554 drop=0
[QUEUE_STATS] t_ms=7232 q_pkts=247 q_bytes=371488 qdelay_l_ms=0.01579 qdelay_c_ms=106.121 ecn_mark=554 drop=0
[QUEUE_STATS] t_ms=7248 q_pkts=250 q_bytes=376000 qdelay_l_ms=0.994529 qdelay_c_ms=105.501 ecn_mark=558 drop=0
[QUEUE_STATS] t_ms=7264 q_pkts=248 q_bytes=372992 qdelay_l_ms=1.06997 qdelay_c_ms=106.967 ecn_mark=558 drop=0
[QUEUE_STATS] t_ms=7280 q_pkts=250 q_bytes=376000 qdelay_l_ms=1.0387 qdelay_c_ms=109.227 ecn_mark=562 drop=0
[QUEUE_STATS] t_ms=7296 q_pkts=248 q_bytes=372992 qdelay_l_ms=1.011 qdelay_c_ms=104.683 ecn_mark=565 drop=0
[QUEUE_STATS] t_ms=7312 q_pkts=247 q_bytes=371488 qdelay_l_ms=1.10952 qdelay_c_ms=107.105 ecn_mark=567 drop=0
[QUEUE_STATS] t_ms=7328 q_pkts=251 q_bytes=377504 qdelay_l_ms=0 qdelay_c_ms=107.439 ecn_mark=568 drop=0
[QUEUE_STATS] t_ms=7344 q_pkts=250 q_bytes=376000 qdelay_l_ms=1.02075 qdelay_c_ms=104.965 ecn_mark=568 drop=0
[QUEUE_STATS] t_ms=7360 q_pkts=244 q_bytes=366976 qdelay_l_ms=0 qdelay_c_ms=104.899 ecn_mark=571 drop=0
[QUEUE_STATS] t_ms=7376 q_pkts=254 q_bytes=382016 qdelay_l_ms=1.05413 qdelay_c_ms=106.11 ecn_mark=572 drop=0
[QUEUE_STATS] t_ms=7392 q_pkts=250 q_bytes=376000 qdelay_l_ms=1.04099 qdelay_c_ms=105.458 ecn_mark=572 drop=0
[QUEUE_STATS] t_ms=7408 q_pkts=250 q_bytes=376000 qdelay_l_ms=1.03547 qdelay_c_ms=104.929 ecn_mark=576 drop=0
[QUEUE_STATS] t_ms=7424 q_pkts=251 q_bytes=377504 qdelay_l_ms=1.04827 qdelay_c_ms=103.972 ecn_mark=579 drop=0
[QUEUE_STATS] t_ms=7441 q_pkts=246 q_bytes=369984 qdelay_l_ms=1.06576 qdelay_c_ms=104.73 ecn_mark=579 drop=0
[QUEUE_STATS] t_ms=7456 q_pkts=237 q_bytes=356448 qdelay_l_ms=1.05231 qdelay_c_ms=105.098 ecn_mark=579 drop=0
[QUEUE_STATS] t_ms=7472 q_pkts=225 q_bytes=338400 qdelay_l_ms=1.0495 qdelay_c_ms=102.693 ecn_mark=580 drop=0
[QUEUE_STATS] t_ms=7488 q_pkts=212 q_bytes=318848 qdelay_l_ms=1.08781 qdelay_c_ms=105.984 ecn_mark=582 drop=0
[QUEUE_STATS] t_ms=7504 q_pkts=199 q_bytes=299296 qdelay_l_ms=0.030707 qdelay_c_ms=103.579 ecn_mark=583 drop=0
[QUEUE_STATS] t_ms=7520 q_pkts=188 q_bytes=282752 qdelay_l_ms=1.07549 qdelay_c_ms=103.005 ecn_mark=585 drop=0
[QUEUE_STATS] t_ms=7537 q_pkts=177 q_bytes=266208 qdelay_l_ms=1.06168 qdelay_c_ms=104.875 ecn_mark=587 drop=0
[QUEUE_STATS] t_ms=7552 q_pkts=166 q_bytes=249664 qdelay_l_ms=1.02943 qdelay_c_ms=97.7238 ecn_mark=587 drop=0
[QUEUE_STATS] t_ms=7568 q_pkts=153 q_bytes=230112 qdelay_l_ms=1.07812 qdelay_c_ms=89.7436 ecn_mark=591 drop=0
[QUEUE_STATS] t_ms=7585 q_pkts=143 q_bytes=215072 qdelay_l_ms=1.07992 qdelay_c_ms=82.6813 ecn_mark=596 drop=0
[QUEUE_STATS] t_ms=7600 q_pkts=146 q_bytes=219584 qdelay_l_ms=1.07232 qdelay_c_ms=78.2584 ecn_mark=598 drop=0
[QUEUE_STATS] t_ms=7616 q_pkts=133 q_bytes=200032 qdelay_l_ms=1.07072 qdelay_c_ms=69.2583 ecn_mark=601 drop=0
[QUEUE_STATS] t_ms=7632 q_pkts=121 q_bytes=181984 qdelay_l_ms=1.08961 qdelay_c_ms=61.9795 ecn_mark=601 drop=0
[QUEUE_STATS] t_ms=7648 q_pkts=109 q_bytes=163936 qdelay_l_ms=0.936971 qdelay_c_ms=57.9969 ecn_mark=602 drop=0
[QUEUE_STATS] t_ms=7664 q_pkts=97 q_bytes=145888 qdelay_l_ms=1.06843 qdelay_c_ms=58.3699 ecn_mark=603 drop=0
[QUEUE_STATS] t_ms=7680 q_pkts=87 q_bytes=130848 qdelay_l_ms=1.07734 qdelay_c_ms=51.2306 ecn_mark=603 drop=0
[QUEUE_STATS] t_ms=7696 q_pkts=72 q_bytes=108288 qdelay_l_ms=1.04318 qdelay_c_ms=40.8115 ecn_mark=604 drop=0
[QUEUE_STATS] t_ms=7712 q_pkts=70 q_bytes=105280 qdelay_l_ms=1.08988 qdelay_c_ms=35.2212 ecn_mark=606 drop=0
[QUEUE_STATS] t_ms=7728 q_pkts=72 q_bytes=108288 qdelay_l_ms=1.11123 qdelay_c_ms=28.773 ecn_mark=610 drop=0
[QUEUE_STATS] t_ms=7744 q_pkts=69 q_bytes=103776 qdelay_l_ms=1.06246 qdelay_c_ms=26.2227 ecn_mark=612 drop=0
[QUEUE_STATS] t_ms=7760 q_pkts=68 q_bytes=102272 qdelay_l_ms=1.06046 qdelay_c_ms=28.828 ecn_mark=613 drop=0
[QUEUE_STATS] t_ms=7776 q_pkts=72 q_bytes=108288 qdelay_l_ms=1.06628 qdelay_c_ms=29.0136 ecn_mark=615 drop=0
[QUEUE_STATS] t_ms=7792 q_pkts=68 q_bytes=102272 qdelay_l_ms=1.07318 qdelay_c_ms=27.2492 ecn_mark=617 drop=0
[QUEUE_STATS] t_ms=7808 q_pkts=66 q_bytes=99264 qdelay_l_ms=0 qdelay_c_ms=25.6703 ecn_mark=619 drop=0
[QUEUE_STATS] t_ms=7824 q_pkts=70 q_bytes=105280 qdelay_l_ms=1.09551 qdelay_c_ms=29.1293 ecn_mark=619 drop=0
[QUEUE_STATS] t_ms=7840 q_pkts=71 q_bytes=106784 qdelay_l_ms=1.05846 qdelay_c_ms=26.5933 ecn_mark=621 drop=0
[QUEUE_STATS] t_ms=7856 q_pkts=71 q_bytes=106784 qdelay_l_ms=1.07181 qdelay_c_ms=27.2291 ecn_mark=623 drop=0
[QUEUE_STATS] t_ms=7872 q_pkts=70 q_bytes=105280 qdelay_l_ms=1.07757 qdelay_c_ms=29.296 ecn_mark=624 drop=0
[QUEUE_STATS] t_ms=7888 q_pkts=71 q_bytes=106784 qdelay_l_ms=0.034115 qdelay_c_ms=25.7349 ecn_mark=626 drop=0
[QUEUE_STATS] t_ms=7904 q_pkts=72 q_bytes=108288 qdelay_l_ms=1.06638 qdelay_c_ms=29.0017 ecn_mark=628 drop=0
[QUEUE_STATS] t_ms=7920 q_pkts=73 q_bytes=109792 qdelay_l_ms=0.863422 qdelay_c_ms=28.188 ecn_mark=629 drop=0
[QUEUE_STATS] t_ms=7936 q_pkts=71 q_bytes=106784 qdelay_l_ms=1.0995 qdelay_c_ms=27.9503 ecn_mark=632 drop=0
[QUEUE_STATS] t_ms=7952 q_pkts=73 q_bytes=109792 qdelay_l_ms=0.858464 qdelay_c_ms=28.1488 ecn_mark=633 drop=0
[QUEUE_STATS] t_ms=7968 q_pkts=71 q_bytes=106784 qdelay_l_ms=1.07611 qdelay_c_ms=26.7358 ecn_mark=635 drop=0
[QUEUE_STATS] t_ms=7984 q_pkts=71 q_bytes=106784 qdelay_l_ms=0 qdelay_c_ms=26.9599 ecn_mark=635 drop=0
[QUEUE_STATS] t_ms=8001 q_pkts=70 q_bytes=105280 qdelay_l_ms=1.072 qdelay_c_ms=26.8452 ecn_mark=636 drop=0
[QUEUE_STATS] t_ms=8016 q_pkts=73 q_bytes=109792 qdelay_l_ms=1.09929 qdelay_c_ms=26.8033 ecn_mark=637 drop=0
[QUEUE_STATS] t_ms=8032 q_pkts=70 q_bytes=105280 qdelay_l_ms=1.06198 qdelay_c_ms=27.0071 ecn_mark=638 drop=0
[QUEUE_STATS] t_ms=8048 q_pkts=70 q_bytes=105280 qdelay_l_ms=1.06816 qdelay_c_ms=27.2256 ecn_mark=639 drop=0
[QUEUE_STATS] t_ms=8064 q_pkts=72 q_bytes=108288 qdelay_l_ms=1.06689 qdelay_c_ms=28.1791 ecn_mark=641 drop=0
[QUEUE_STATS] t_ms=8080 q_pkts=70 q_bytes=105280 qdelay_l_ms=1.01603 qdelay_c_ms=26.6156 ecn_mark=643 drop=0
[QUEUE_STATS] t_ms=8096 q_pkts=73 q_bytes=109792 qdelay_l_ms=1.05542 qdelay_c_ms=26.9138 ecn_mark=644 drop=0
[QUEUE_STATS] t_ms=8112 q_pkts=72 q_bytes=108288 qdelay_l_ms=1.09814 qdelay_c_ms=27.964 ecn_mark=646 drop=0
[QUEUE_STATS] t_ms=8128 q_pkts=71 q_bytes=106784 qdelay_l_ms=0.031108 qdelay_c_ms=26.0438 ecn_mark=647 drop=0
[QUEUE_STATS] t_ms=8144 q_pkts=73 q_bytes=109792 qdelay_l_ms=1.04716 qdelay_c_ms=27.1969 ecn_mark=648 drop=0
[QUEUE_STATS] t_ms=8160 q_pkts=69 q_bytes=103776 qdelay_l_ms=0 qdelay_c_ms=26.7624 ecn_mark=648 drop=0
[QUEUE_STATS] t_ms=8176 q_pkts=70 q_bytes=105280 qdelay_l_ms=0 qdelay_c_ms=27.0347 ecn_mark=649 drop=0
[QUEUE_STATS] t_ms=8192 q_pkts=72 q_bytes=108288 qdelay_l_ms=0.948873 qdelay_c_ms=26.218 ecn_mark=651 drop=0
[QUEUE_STATS] t_ms=8208 q_pkts=73 q_bytes=109792 qdelay_l_ms=0.952721 qdelay_c_ms=27.4315 ecn_mark=652 drop=0
[QUEUE_STATS] t_ms=8224 q_pkts=75 q_bytes=112800 qdelay_l_ms=0.883982 qdelay_c_ms=26.9373 ecn_mark=652 drop=0
[QUEUE_STATS] t_ms=8240 q_pkts=74 q_bytes=111296 qdelay_l_ms=1.10447 qdelay_c_ms=26.0991 ecn_mark=652 drop=0
[QUEUE_STATS] t_ms=8256 q_pkts=71 q_bytes=106784 qdelay_l_ms=1.07377 qdelay_c_ms=27.8791 ecn_mark=654 drop=0
[QUEUE_STATS] t_ms=8272 q_pkts=69 q_bytes=103776 qdelay_l_ms=0 qdelay_c_ms=24.8422 ecn_mark=655 drop=0
[QUEUE_STATS] t_ms=8288 q_pkts=72 q_bytes=108288 qdelay_l_ms=1.06672 qdelay_c_ms=25.8939 ecn_mark=657 drop=0
[QUEUE_STATS] t_ms=8304 q_pkts=72 q_bytes=108288 qdelay_l_ms=0.899941 qdelay_c_ms=28.1805 ecn_mark=657 drop=0
[QUEUE_STATS] t_ms=8320 q_pkts=73 q_bytes=109792 qdelay_l_ms=1.07425 qdelay_c_ms=25.8003 ecn_mark=658 drop=0
[QUEUE_STATS] t_ms=8336 q_pkts=74 q_bytes=111296 qdelay_l_ms=1.0785 qdelay_c_ms=26.832 ecn_mark=658 drop=0
[QUEUE_STATS] t_ms=8352 q_pkts=74 q_bytes=111296 qdelay_l_ms=1.1002 qdelay_c_ms=26.855 ecn_mark=660 drop=0
[QUEUE_STATS] t_ms=8368 q_pkts=72 q_bytes=108288 qdelay_l_ms=1.06154 qdelay_c_ms=25.7024 ecn_mark=660 drop=0
[QUEUE_STATS] t_ms=8384 q_pkts=73 q_bytes=109792 qdelay_l_ms=1.05864 qdelay_c_ms=28.1766 ecn_mark=661 drop=0
[QUEUE_STATS] t_ms=8400 q_pkts=60 q_bytes=90240 qdelay_l_ms=1.08058 qdelay_c_ms=27.2007 ecn_mark=661 drop=0
[QUEUE_STATS] t_ms=8416 q_pkts=49 q_bytes=73696 qdelay_l_ms=0.930028 qdelay_c_ms=25.109 ecn_mark=664 drop=0
[QUEUE_STATS] t_ms=8432 q_pkts=34 q_bytes=51136 qdelay_l_ms=0.954324 qdelay_c_ms=18.1574 ecn_mark=664 drop=0
[QUEUE_STATS] t_ms=8448 q_pkts=18 q_bytes=27072 qdelay_l_ms=0 qdelay_c_ms=9.96448 ecn_mark=665 drop=0
[QUEUE_STATS] t_ms=8464 q_pkts=20 q_bytes=30080 qdelay_l_ms=1.07449 qdelay_c_ms=6.85252 ecn_mark=666 drop=0
[QUEUE_STATS] t_ms=8480 q_pkts=19 q_bytes=28576 qdelay_l_ms=0 qdelay_c_ms=6.52935 ecn_mark=666 drop=0
[QUEUE_STATS] t_ms=8496 q_pkts=19 q_bytes=28576 qdelay_l_ms=1.06819 qdelay_c_ms=7.1659 ecn_mark=667 drop=0
[QUEUE_STATS] t_ms=8512 q_pkts=20 q_bytes=30080 qdelay_l_ms=0.991824 qdelay_c_ms=7.21131 ecn_mark=668 drop=0
[QUEUE_STATS] t_ms=8528 q_pkts=23 q_bytes=34592 qdelay_l_ms=1.06888 qdelay_c_ms=6.82709 ecn_mark=670 drop=0
[QUEUE_STATS] t_ms=8544 q_pkts=20 q_bytes=30080 qdelay_l_ms=1.061 qdelay_c_ms=7.09342 ecn_mark=670 drop=0
[QUEUE_STATS] t_ms=8560 q_pkts=20 q_bytes=30080 qdelay_l_ms=1.07737 qdelay_c_ms=6.90056 ecn_mark=672 drop=0
[QUEUE_STATS] t_ms=8576 q_pkts=23 q_bytes=34592 qdelay_l_ms=1.07798 qdelay_c_ms=7.86806 ecn_mark=673 drop=0
[QUEUE_STATS] t_ms=8592 q_pkts=23 q_bytes=34592 qdelay_l_ms=1.08231 qdelay_c_ms=8.13549 ecn_mark=675 drop=0
[QUEUE_STATS] t_ms=8608 q_pkts=20 q_bytes=30080 qdelay_l_ms=0.976595 qdelay_c_ms=7.82953 ecn_mark=677 drop=0
[QUEUE_STATS] t_ms=8624 q_pkts=22 q_bytes=33088 qdelay_l_ms=1.08176 qdelay_c_ms=7.03452 ecn_mark=680 drop=0
[QUEUE_STATS] t_ms=8640 q_pkts=22 q_bytes=33088 qdelay_l_ms=0.79277 qdelay_c_ms=7.92183 ecn_mark=683 drop=0
[QUEUE_STATS] t_ms=8656 q_pkts=20 q_bytes=30080 qdelay_l_ms=1.07754 qdelay_c_ms=7.96315 ecn_mark=686 drop=0
[QUEUE_STATS] t_ms=8672 q_pkts=19 q_bytes=28576 qdelay_l_ms=0.019918 qdelay_c_ms=5.91674 ecn_mark=688 drop=0
[QUEUE_STATS] t_ms=8688 q_pkts=16 q_bytes=24064 qdelay_l_ms=0 qdelay_c_ms=5.81632 ecn_mark=689 drop=0
[QUEUE_STATS] t_ms=8704 q_pkts=22 q_bytes=33088 qdelay_l_ms=1.06759 qdelay_c_ms=7.22587 ecn_mark=690 drop=0
[QUEUE_STATS] t_ms=8720 q_pkts=18 q_bytes=27072 qdelay_l_ms=0 qdelay_c_ms=6.7159 ecn_mark=691 drop=0
[QUEUE_STATS] t_ms=8736 q_pkts=22 q_bytes=33088 qdelay_l_ms=0 qdelay_c_ms=7.91659 ecn_mark=692 drop=0
[QUEUE_STATS] t_ms=8752 q_pkts=20 q_bytes=30080 qdelay_l_ms=1.0595 qdelay_c_ms=8.28649 ecn_mark=692 drop=0
[QUEUE_STATS] t_ms=8768 q_pkts=13 q_bytes=19552 qdelay_l_ms=1.06106 qdelay_c_ms=5.15408 ecn_mark=692 drop=0
[QUEUE_STATS] t_ms=8784 q_pkts=3 q_bytes=4512 qdelay_l_ms=1.07197 qdelay_c_ms=1.07536 ecn_mark=693 drop=0
[QUEUE_STATS] t_ms=8800 q_pkts=0 q_bytes=0 qdelay_l_ms=0 qdelay_c_ms=0 ecn_mark=693 drop=0
[QUEUE_STATS] t_ms=8816 q_pkts=7 q_bytes=10528 qdelay_l_ms=1.04233 qdelay_c_ms=2.99723 ecn_mark=694 drop=0
[QUEUE_STATS] t_ms=8832 q_pkts=4 q_bytes=6016 qdelay_l_ms=1.06681 qdelay_c_ms=1.06374 ecn_mark=697 drop=0
[QUEUE_STATS] t_ms=8848 q_pkts=3 q_bytes=4512 qdelay_l_ms=1.06153 qdelay_c_ms=1.06736 ecn_mark=698 drop=0
[QUEUE_STATS] t_ms=8865 q_pkts=4 q_bytes=6016 qdelay_l_ms=0 qdelay_c_ms=1.08005 ecn_mark=699 drop=0
[QUEUE_STATS] t_ms=8880 q_pkts=6 q_bytes=9024 qdelay_l_ms=1.08207 qdelay_c_ms=1.07821 ecn_mark=699 drop=0
[QUEUE_STATS] t_ms=8896 q_pkts=5 q_bytes=7520 qdelay_l_ms=1.06535 qdelay_c_ms=2.16237 ecn_mark=702 drop=0
[QUEUE_STATS] t_ms=8912 q_pkts=5 q_bytes=7520 qdelay_l_ms=0.665841 qdelay_c_ms=0.662034 ecn_mark=703 drop=0
[QUEUE_STATS] t_ms=8928 q_pkts=3 q_bytes=4512 qdelay_l_ms=0.840139 qdelay_c_ms=0.837044 ecn_mark=703 drop=0
[QUEUE_STATS] t_ms=8944 q_pkts=4 q_bytes=6016 qdelay_l_ms=1.00655 qdelay_c_ms=2.11372 ecn_mark=703 drop=0
[QUEUE_STATS] t_ms=8960 q_pkts=7 q_bytes=10528 qdelay_l_ms=1.05981 qdelay_c_ms=1.08255 ecn_mark=705 drop=0
[QUEUE_STATS] t_ms=8976 q_pkts=4 q_bytes=6016 qdelay_l_ms=1.07648 qdelay_c_ms=1.07286 ecn_mark=707 drop=0
[QUEUE_STATS] t_ms=8992 q_pkts=5 q_bytes=7520 qdelay_l_ms=1.07581 qdelay_c_ms=1.91986 ecn_mark=709 drop=0
[QUEUE_STATS] t_ms=9008 q_pkts=6 q_bytes=9024 qdelay_l_ms=1.06042 qdelay_c_ms=2.19628 ecn_mark=713 drop=0
[QUEUE_STATS] t_ms=9024 q_pkts=4 q_bytes=6016 qdelay_l_ms=1.05449 qdelay_c_ms=1.71727 ecn_mark=715 drop=0
[QUEUE_STATS] t_ms=9040 q_pkts=6 q_bytes=9024 qdelay_l_ms=1.07364 qdelay_c_ms=1.07072 ecn_mark=715 drop=0
[QUEUE_STATS] t_ms=9056 q_pkts=6 q_bytes=9024 qdelay_l_ms=1.0795 qdelay_c_ms=1.07595 ecn_mark=716 drop=0
[QUEUE_STATS] t_ms=9072 q_pkts=6 q_bytes=9024 qdelay_l_ms=1.05062 qdelay_c_ms=1.04753 ecn_mark=719 drop=0
[QUEUE_STATS] t_ms=9088 q_pkts=3 q_bytes=4512 qdelay_l_ms=0.6649 qdelay_c_ms=0.668917 ecn_mark=721 drop=0
[QUEUE_STATS] t_ms=9104 q_pkts=2 q_bytes=3008 qdelay_l_ms=0.045014 qdelay_c_ms=0.032842 ecn_mark=724 drop=0
[QUEUE_STATS] t_ms=9120 q_pkts=5 q_bytes=7520 qdelay_l_ms=1.05152 qdelay_c_ms=1.0852 ecn_mark=724 drop=0
[QUEUE_STATS] t_ms=9137 q_pkts=6 q_bytes=9024 qdelay_l_ms=1.09745 qdelay_c_ms=1.99953 ecn_mark=727 drop=0
[QUEUE_STATS] t_ms=9152 q_pkts=5 q_bytes=7520 qdelay_l_ms=1.05984 qdelay_c_ms=1.96212 ecn_mark=729 drop=0
[QUEUE_STATS] t_ms=9168 q_pkts=6 q_bytes=9024 qdelay_l_ms=1.06598 qdelay_c_ms=2.16512 ecn_mark=730 drop=0
[QUEUE_STATS] t_ms=9184 q_pkts=5 q_bytes=7520 qdelay_l_ms=1.09282 qdelay_c_ms=1.08621 ecn_mark=732 drop=0
[QUEUE_STATS] t_ms=9200 q_pkts=0 q_bytes=0 qdelay_l_ms=0 qdelay_c_ms=0 ecn_mark=734 drop=0
[QUEUE_STATS] t_ms=9216 q_pkts=1 q_bytes=1504 qdelay_l_ms=1.08974 qdelay_c_ms=0 ecn_mark=734 drop=0
[QUEUE_STATS] t_ms=9232 q_pkts=3 q_bytes=4512 qdelay_l_ms=0.014637 qdelay_c_ms=0.945637 ecn_mark=735 drop=0
[QUEUE_STATS] t_ms=9249 q_pkts=5 q_bytes=7520 qdelay_l_ms=1.06374 qdelay_c_ms=1.76171 ecn_mark=737 drop=0
[QUEUE_STATS] t_ms=9264 q_pkts=6 q_bytes=9024 qdelay_l_ms=1.0867 qdelay_c_ms=1.08075 ecn_mark=738 drop=0
[QUEUE_STATS] t_ms=9280 q_pkts=0 q_bytes=0 qdelay_l_ms=0 qdelay_c_ms=0 ecn_mark=740 drop=0
[QUEUE_STATS] t_ms=9296 q_pkts=6 q_bytes=9024 qdelay_l_ms=1.0946 qdelay_c_ms=1.78854 ecn_mark=741 drop=0
[QUEUE_STATS] t_ms=9312 q_pkts=6 q_bytes=9024 qdelay_l_ms=1.09696 qdelay_c_ms=1.08193 ecn_mark=742 drop=0
[QUEUE_STATS] t_ms=9328 q_pkts=4 q_bytes=6016 qdelay_l_ms=1.07161 qdelay_c_ms=1.06521 ecn_mark=744 drop=0
[QUEUE_STATS] t_ms=9344 q_pkts=1 q_bytes=1504 qdelay_l_ms=0 qdelay_c_ms=0.716116 ecn_mark=744 drop=0
[QUEUE_STATS] t_ms=9360 q_pkts=7 q_bytes=10528 qdelay_l_ms=1.08708 qdelay_c_ms=2.16235 ecn_mark=744 drop=0
[QUEUE_STATS] t_ms=9376 q_pkts=3 q_bytes=4512 qdelay_l_ms=1.11217 qdelay_c_ms=1.10214 ecn_mark=745 drop=0
[QUEUE_STATS] t_ms=9392 q_pkts=2 q_bytes=3008 qdelay_l_ms=0 qdelay_c_ms=0.050595 ecn_mark=745 drop=0
[QUEUE_STATS] t_ms=9408 q_pkts=4 q_bytes=6016 qdelay_l_ms=0.963952 qdelay_c_ms=0.95727 ecn_mark=746 drop=0
[QUEUE_STATS] t_ms=9424 q_pkts=3 q_bytes=4512 qdelay_l_ms=1.11122 qdelay_c_ms=1.10194 ecn_mark=746 drop=0
[QUEUE_STATS] t_ms=9440 q_pkts=5 q_bytes=7520 qdelay_l_ms=1.08216 qdelay_c_ms=1.07457 ecn_mark=748 drop=0
[QUEUE_STATS] t_ms=9456 q_pkts=4 q_bytes=6016 qdelay_l_ms=0.981184 qdelay_c_ms=0.973329 ecn_mark=749 drop=0
[QUEUE_STATS] t_ms=9472 q_pkts=3 q_bytes=4512 qdelay_l_ms=1.07973 qdelay_c_ms=1.07222 ecn_mark=750 drop=0
[QUEUE_STATS] t_ms=9488 q_pkts=5 q_bytes=7520 qdelay_l_ms=1.07143 qdelay_c_ms=2.19713 ecn_mark=751 drop=0
[QUEUE_STATS] t_ms=9504 q_pkts=3 q_bytes=4512 qdelay_l_ms=0 qdelay_c_ms=2.09636 ecn_mark=753 drop=0
[QUEUE_STATS] t_ms=9520 q_pkts=3 q_bytes=4512 qdelay_l_ms=1.10296 qdelay_c_ms=1.09512 ecn_mark=755 drop=0
[QUEUE_STATS] t_ms=9536 q_pkts=6 q_bytes=9024 qdelay_l_ms=1.07237 qdelay_c_ms=2.18153 ecn_mark=755 drop=0
[QUEUE_STATS] t_ms=9552 q_pkts=3 q_bytes=4512 qdelay_l_ms=0.69176 qdelay_c_ms=0.727277 ecn_mark=755 drop=0
[QUEUE_STATS] t_ms=9568 q_pkts=3 q_bytes=4512 qdelay_l_ms=0.767182 qdelay_c_ms=0.759608 ecn_mark=756 drop=0
[QUEUE_STATS] t_ms=9584 q_pkts=7 q_bytes=10528 qdelay_l_ms=0.047168 qdelay_c_ms=1.03695 ecn_mark=756 drop=0
[QUEUE_STATS] t_ms=9601 q_pkts=2 q_bytes=3008 qdelay_l_ms=0 qdelay_c_ms=1.10192 ecn_mark=758 drop=0
[QUEUE_STATS] t_ms=9616 q_pkts=5 q_bytes=7520 qdelay_l_ms=0.921682 qdelay_c_ms=0.960255 ecn_mark=760 drop=0
[QUEUE_STATS] t_ms=9632 q_pkts=6 q_bytes=9024 qdelay_l_ms=1.0295 qdelay_c_ms=2.17526 ecn_mark=760 drop=0
[QUEUE_STATS] t_ms=9648 q_pkts=2 q_bytes=3008 qdelay_l_ms=0 qdelay_c_ms=1.02741 ecn_mark=761 drop=0
[QUEUE_STATS] t_ms=9665 q_pkts=4 q_bytes=6016 qdelay_l_ms=1.07308 qdelay_c_ms=1.79374 ecn_mark=762 drop=0
[QUEUE_STATS] t_ms=9680 q_pkts=6 q_bytes=9024 qdelay_l_ms=1.07245 qdelay_c_ms=2.16411 ecn_mark=765 drop=0
[QUEUE_STATS] t_ms=9696 q_pkts=3 q_bytes=4512 qdelay_l_ms=0.700807 qdelay_c_ms=0.737566 ecn_mark=766 drop=0
[QUEUE_STATS] t_ms=9712 q_pkts=4 q_bytes=6016 qdelay_l_ms=1.01025 qdelay_c_ms=1.00425 ecn_mark=769 drop=0
[QUEUE_STATS] t_ms=9728 q_pkts=5 q_bytes=7520 qdelay_l_ms=0.728409 qdelay_c_ms=1.89798 ecn_mark=769 drop=0
[QUEUE_STATS] t_ms=9744 q_pkts=4 q_bytes=6016 qdelay_l_ms=1.12033 qdelay_c_ms=1.10874 ecn_mark=769 drop=0
[QUEUE_STATS] t_ms=9760 q_pkts=5 q_bytes=7520 qdelay_l_ms=1.06498 qdelay_c_ms=1.11108 ecn_mark=770 drop=0
[QUEUE_STATS] t_ms=9776 q_pkts=8 q_bytes=12032 qdelay_l_ms=1.05032 qdelay_c_ms=2.14909 ecn_mark=770 drop=0
[QUEUE_STATS] t_ms=9792 q_pkts=4 q_bytes=6016 qdelay_l_ms=1.11599 qdelay_c_ms=1.10561 ecn_mark=775 drop=0
[QUEUE_STATS] t_ms=9808 q_pkts=3 q_bytes=4512 qdelay_l_ms=1.05736 qdelay_c_ms=1.04726 ecn_mark=778 drop=0
[QUEUE_STATS] t_ms=9825 q_pkts=3 q_bytes=4512 qdelay_l_ms=1.09897 qdelay_c_ms=1.09208 ecn_mark=779 drop=0
[QUEUE_STATS] t_ms=9840 q_pkts=5 q_bytes=7520 qdelay_l_ms=1.01975 qdelay_c_ms=1.06507 ecn_mark=780 drop=0
[QUEUE_STATS] t_ms=9856 q_pkts=5 q_bytes=7520 qdelay_l_ms=1.1146 qdelay_c_ms=2.13277 ecn_mark=782 drop=0
[QUEUE_STATS] t_ms=9872 q_pkts=6 q_bytes=9024 qdelay_l_ms=1.02851 qdelay_c_ms=1.06209 ecn_mark=782 drop=0
[QUEUE_STATS] t_ms=9888 q_pkts=3 q_bytes=4512 qdelay_l_ms=1.07279 qdelay_c_ms=1.11282 ecn_mark=784 drop=0
[QUEUE_STATS] t_ms=9904 q_pkts=3 q_bytes=4512 qdelay_l_ms=1.03722 qdelay_c_ms=1.07517 ecn_mark=785 drop=0
[QUEUE_STATS] t_ms=9921 q_pkts=5 q_bytes=7520 qdelay_l_ms=1.11582 qdelay_c_ms=1.62566 ecn_mark=788 drop=0
[QUEUE_STATS] t_ms=9936 q_pkts=3 q_bytes=4512 qdelay_l_ms=0.784605 qdelay_c_ms=0.816044 ecn_mark=788 drop=0
[QUEUE_STATS] t_ms=9952 q_pkts=6 q_bytes=9024 qdelay_l_ms=1.06728 qdelay_c_ms=2.17526 ecn_mark=788 drop=0
[QUEUE_STATS] t_ms=9968 q_pkts=2 q_bytes=3008 qdelay_l_ms=1.08645 qdelay_c_ms=1.09462 ecn_mark=789 drop=0
[QUEUE_STATS] t_ms=9984 q_pkts=4 q_bytes=6016 qdelay_l_ms=1.08043 qdelay_c_ms=2.15827 ecn_mark=790 drop=0
[QUEUE_STATS] t_ms=10000 q_pkts=4 q_bytes=6016 qdelay_l_ms=1.0269 qdelay_c_ms=2.17574 ecn_mark=792 drop=0
[QUEUE_STATS] t_ms=10017 q_pkts=5 q_bytes=7520 qdelay_l_ms=1.10044 qdelay_c_ms=1.81378 ecn_mark=793 drop=0
[QUEUE_STATS] t_ms=10032 q_pkts=4 q_bytes=6016 qdelay_l_ms=1.0851 qdelay_c_ms=1.06121 ecn_mark=794 drop=0
[QUEUE_STATS] t_ms=10048 q_pkts=4 q_bytes=6016 qdelay_l_ms=0.828457 qdelay_c_ms=0.873802 ecn_mark=794 drop=0
[QUEUE_STATS] t_ms=10064 q_pkts=3 q_bytes=4512 qdelay_l_ms=0 qdelay_c_ms=1.08069 ecn_mark=796 drop=0
[QUEUE_STATS] t_ms=10081 q_pkts=3 q_bytes=4512 qdelay_l_ms=1.06582 qdelay_c_ms=1.08596 ecn_mark=796 drop=0
[QUEUE_STATS] t_ms=10096 q_pkts=1 q_bytes=1504 qdelay_l_ms=1.06051 qdelay_c_ms=0 ecn_mark=796 drop=0
[QUEUE_STATS] t_ms=10112 q_pkts=4 q_bytes=6016 qdelay_l_ms=1.11152 qdelay_c_ms=1.10145 ecn_mark=797 drop=0
[QUEUE_STATS] t_ms=10128 q_pkts=3 q_bytes=4512 qdelay_l_ms=1.09624 qdelay_c_ms=1.0894 ecn_mark=798 drop=0
[QUEUE_STATS] t_ms=10144 q_pkts=3 q_bytes=4512 qdelay_l_ms=1.07337 qdelay_c_ms=1.10781 ecn_mark=800 drop=0
[QUEUE_STATS] t_ms=10160 q_pkts=4 q_bytes=6016 qdelay_l_ms=0.665181 qdelay_c_ms=0.657767 ecn_mark=801 drop=0
[QUEUE_STATS] t_ms=10176 q_pkts=5 q_bytes=7520 qdelay_l_ms=1.05961 qdelay_c_ms=2.19236 ecn_mark=802 drop=0
[QUEUE_STATS] t_ms=10192 q_pkts=2 q_bytes=3008 qdelay_l_ms=0 qdelay_c_ms=1.5715 ecn_mark=803 drop=0
[QUEUE_STATS] t_ms=10208 q_pkts=3 q_bytes=4512 qdelay_l_ms=1.07281 qdelay_c_ms=1.11055 ecn_mark=804 drop=0
[QUEUE_STATS] t_ms=10224 q_pkts=4 q_bytes=6016 qdelay_l_ms=0.768514 qdelay_c_ms=1.83683 ecn_mark=804 drop=0
[QUEUE_STATS] t_ms=10240 q_pkts=1 q_bytes=1504 qdelay_l_ms=1.07517 qdelay_c_ms=0 ecn_mark=806 drop=0
[QUEUE_STATS] t_ms=10256 q_pkts=5 q_bytes=7520 qdelay_l_ms=0.90957 qdelay_c_ms=0.938584 ecn_mark=807 drop=0
[QUEUE_STATS] t_ms=10273 q_pkts=1 q_bytes=1504 qdelay_l_ms=1.09047 qdelay_c_ms=0 ecn_mark=808 drop=0
[QUEUE_STATS] t_ms=10288 q_pkts=3 q_bytes=4512 qdelay_l_ms=1.07641 qdelay_c_ms=1.08702 ecn_mark=808 drop=0
[QUEUE_STATS] t_ms=10304 q_pkts=5 q_bytes=7520 qdelay_l_ms=1.07308 qdelay_c_ms=1.10809 ecn_mark=810 drop=0
[QUEUE_STATS] t_ms=10320 q_pkts=3 q_bytes=4512 qdelay_l_ms=1.08814 qdelay_c_ms=1.72414 ecn_mark=811 drop=0
[QUEUE_STATS] t_ms=10336 q_pkts=3 q_bytes=4512 qdelay_l_ms=1.06928 qdelay_c_ms=1.06426 ecn_mark=814 drop=0
[QUEUE_STATS] t_ms=10352 q_pkts=6 q_bytes=9024 qdelay_l_ms=1.09984 qdelay_c_ms=1.09322 ecn_mark=814 drop=0
[QUEUE_STATS] t_ms=10368 q_pkts=3 q_bytes=4512 qdelay_l_ms=1.05717 qdelay_c_ms=1.07729 ecn_mark=815 drop=0
[QUEUE_STATS] t_ms=10384 q_pkts=5 q_bytes=7520 qdelay_l_ms=1.05454 qdelay_c_ms=2.14887 ecn_mark=817 drop=0
[QUEUE_STATS] t_ms=10400 q_pkts=3 q_bytes=4512 qdelay_l_ms=1.00385 qdelay_c_ms=1.02237 ecn_mark=819 drop=0
[QUEUE_STATS] t_ms=10416 q_pkts=2 q_bytes=3008 qdelay_l_ms=0 qdelay_c_ms=0.826594 ecn_mark=820 drop=0
[QUEUE_STATS] t_ms=10432 q_pkts=1 q_bytes=1504 qdelay_l_ms=1.0791 qdelay_c_ms=0 ecn_mark=822 drop=0
[QUEUE_STATS] t_ms=10448 q_pkts=0 q_bytes=0 qdelay_l_ms=0 qdelay_c_ms=0 ecn_mark=824 drop=0
[QUEUE_STATS] t_ms=10464 q_pkts=3 q_bytes=4512 qdelay_l_ms=1.08136 qdelay_c_ms=1.07563 ecn_mark=825 drop=0
[QUEUE_STATS] t_ms=10480 q_pkts=3 q_bytes=4512 qdelay_l_ms=1.09491 qdelay_c_ms=1.08884 ecn_mark=828 drop=0
[QUEUE_STATS] t_ms=10496 q_pkts=3 q_bytes=4512 qdelay_l_ms=0.820221 qdelay_c_ms=0.813779 ecn_mark=828 drop=0
[QUEUE_STATS] t_ms=10512 q_pkts=3 q_bytes=4512 qdelay_l_ms=0.793932 qdelay_c_ms=0.788552 ecn_mark=831 drop=0
[QUEUE_STATS] t_ms=10528 q_pkts=1 q_bytes=1504 qdelay_l_ms=1.03719 qdelay_c_ms=0 ecn_mark=832 drop=0
[QUEUE_STATS] t_ms=10545 q_pkts=3 q_bytes=4512 qdelay_l_ms=1.09008 qdelay_c_ms=1.08258 ecn_mark=833 drop=0
[QUEUE_STATS] t_ms=10560 q_pkts=1 q_bytes=1504 qdelay_l_ms=0.014107 qdelay_c_ms=0 ecn_mark=836 drop=0
[QUEUE_STATS] t_ms=10576 q_pkts=4 q_bytes=6016 qdelay_l_ms=1.08905 qdelay_c_ms=1.08234 ecn_mark=838 drop=0
[QUEUE_STATS] t_ms=10592 q_pkts=1 q_bytes=1504 qdelay_l_ms=0.753566 qdelay_c_ms=0 ecn_mark=838 drop=0
[QUEUE_STATS] t_ms=10608 q_pkts=5 q_bytes=7520 qdelay_l_ms=1.06157 qdelay_c_ms=1.09313 ecn_mark=839 drop=0
[QUEUE_STATS] t_ms=10624 q_pkts=1 q_bytes=1504 qdelay_l_ms=1.06451 qdelay_c_ms=0 ecn_mark=839 drop=0
[QUEUE_STATS] t_ms=10640 q_pkts=3 q_bytes=4512 qdelay_l_ms=1.07648 qdelay_c_ms=1.0716 ecn_mark=839 drop=0
[QUEUE_STATS] t_ms=10656 q_pkts=3 q_bytes=4512 qdelay_l_ms=0.300505 qdelay_c_ms=0.310624 ecn_mark=840 drop=0
[QUEUE_STATS] t_ms=10673 q_pkts=1 q_bytes=1504 qdelay_l_ms=1.07972 qdelay_c_ms=0 ecn_mark=841 drop=0
[QUEUE_STATS] t_ms=10688 q_pkts=1 q_bytes=1504 qdelay_l_ms=1.089 qdelay_c_ms=0 ecn_mark=841 drop=0
[QUEUE_STATS] t_ms=10704 q_pkts=1 q_bytes=1504 qdelay_l_ms=1.06486 qdelay_c_ms=0 ecn_mark=843 drop=0
[QUEUE_STATS] t_ms=10720 q_pkts=2 q_bytes=3008 qdelay_l_ms=0.831964 qdelay_c_ms=0.838476 ecn_mark=844 drop=0
[QUEUE_STATS] t_ms=10736 q_pkts=4 q_bytes=6016 qdelay_l_ms=0.839799 qdelay_c_ms=0.833156 ecn_mark=845 drop=0
[QUEUE_STATS] t_ms=10753 q_pkts=3 q_bytes=4512 qdelay_l_ms=1.08286 qdelay_c_ms=1.70255 ecn_mark=847 drop=0
[QUEUE_STATS] t_ms=10768 q_pkts=2 q_bytes=3008 qdelay_l_ms=0.863664 qdelay_c_ms=0 ecn_mark=848 drop=0
[QUEUE_STATS] t_ms=10784 q_pkts=2 q_bytes=3008 qdelay_l_ms=0.945557 qdelay_c_ms=0 ecn_mark=849 drop=0
[QUEUE_STATS] t_ms=10800 q_pkts=3 q_bytes=4512 qdelay_l_ms=1.08103 qdelay_c_ms=1.07547 ecn_mark=853 drop=0
[QUEUE_STATS] t_ms=10816 q_pkts=4 q_bytes=6016 qdelay_l_ms=1.06657 qdelay_c_ms=1.06106 ecn_mark=853 drop=0
[QUEUE_STATS] t_ms=10832 q_pkts=3 q_bytes=4512 qdelay_l_ms=1.06593 qdelay_c_ms=1.08639 ecn_mark=854 drop=0
[QUEUE_STATS] t_ms=10848 q_pkts=3 q_bytes=4512 qdelay_l_ms=1.04246 qdelay_c_ms=1.06986 ecn_mark=855 drop=0
[QUEUE_STATS] t_ms=10864 q_pkts=3 q_bytes=4512 qdelay_l_ms=1.08962 qdelay_c_ms=1.5746 ecn_mark=855 drop=0
[QUEUE_STATS] t_ms=10880 q_pkts=3 q_bytes=4512 qdelay_l_ms=0.850479 qdelay_c_ms=0.860848 ecn_mark=855 drop=0
[QUEUE_STATS] t_ms=10896 q_pkts=1 q_bytes=1504 qdelay_l_ms=1.08637 qdelay_c_ms=0 ecn_mark=857 drop=0
[QUEUE_STATS] t_ms=10912 q_pkts=1 q_bytes=1504 qdelay_l_ms=1.06386 qdelay_c_ms=0 ecn_mark=857 drop=0
[QUEUE_STATS] t_ms=10928 q_pkts=1 q_bytes=1504 qdelay_l_ms=0.7023 qdelay_c_ms=0 ecn_mark=858 drop=0
[QUEUE_STATS] t_ms=10944 q_pkts=3 q_bytes=4512 qdelay_l_ms=1.06216 qdelay_c_ms=1.08306 ecn_mark=860 drop=0
[QUEUE_STATS] t_ms=10960 q_pkts=1 q_bytes=1504 qdelay_l_ms=0.467538 qdelay_c_ms=0 ecn_mark=862 drop=0
[QUEUE_STATS] t_ms=10976 q_pkts=5 q_bytes=7520 qdelay_l_ms=0.604166 qdelay_c_ms=2.17754 ecn_mark=862 drop=0
[QUEUE_STATS] t_ms=10992 q_pkts=5 q_bytes=7520 qdelay_l_ms=1.08265 qdelay_c_ms=1.07715 ecn_mark=864 drop=0
[QUEUE_STATS] t_ms=11008 q_pkts=1 q_bytes=1504 qdelay_l_ms=1.02629 qdelay_c_ms=0 ecn_mark=865 drop=0
[QUEUE_STATS] t_ms=11024 q_pkts=2 q_bytes=3008 qdelay_l_ms=1.04962 qdelay_c_ms=1.04385 ecn_mark=865 drop=0
[QUEUE_STATS] t_ms=11040 q_pkts=2 q_bytes=3008 qdelay_l_ms=1.05797 qdelay_c_ms=1.06309 ecn_mark=867 drop=0
[QUEUE_STATS] t_ms=11056 q_pkts=3 q_bytes=4512 qdelay_l_ms=1.06063 qdelay_c_ms=1.07825 ecn_mark=868 drop=0
[QUEUE_STATS] t_ms=11072 q_pkts=5 q_bytes=7520 qdelay_l_ms=1.07463 qdelay_c_ms=1.06658 ecn_mark=868 drop=0
[QUEUE_STATS] t_ms=11088 q_pkts=2 q_bytes=3008 qdelay_l_ms=0 qdelay_c_ms=1.06686 ecn_mark=869 drop=0
[QUEUE_STATS] t_ms=11104 q_pkts=2 q_bytes=3008 qdelay_l_ms=0.033904 qdelay_c_ms=0.025117 ecn_mark=871 drop=0
[QUEUE_STATS] t_ms=11121 q_pkts=2 q_bytes=3008 qdelay_l_ms=1.07069 qdelay_c_ms=1.07703 ecn_mark=871 drop=0
[QUEUE_STATS] t_ms=11136 q_pkts=3 q_bytes=4512 qdelay_l_ms=1.07306 qdelay_c_ms=1.09172 ecn_mark=871 drop=0
[QUEUE_STATS] t_ms=11152 q_pkts=3 q_bytes=4512 qdelay_l_ms=1.07353 qdelay_c_ms=1.09068 ecn_mark=873 drop=0
[QUEUE_STATS] t_ms=11168 q_pkts=3 q_bytes=4512 qdelay_l_ms=1.0503 qdelay_c_ms=1.07102 ecn_mark=875 drop=0
[QUEUE_STATS] t_ms=11184 q_pkts=3 q_bytes=4512 qdelay_l_ms=0.576934 qdelay_c_ms=0.587183 ecn_mark=875 drop=0
[QUEUE_STATS] t_ms=11200 q_pkts=2 q_bytes=3008 qdelay_l_ms=1.07025 qdelay_c_ms=1.06516 ecn_mark=876 drop=0
[QUEUE_STATS] t_ms=11216 q_pkts=3 q_bytes=4512 qdelay_l_ms=1.06557 qdelay_c_ms=1.08689 ecn_mark=876 drop=0
[QUEUE_STATS] t_ms=11232 q_pkts=1 q_bytes=1504 qdelay_l_ms=1.06102 qdelay_c_ms=0 ecn_mark=876 drop=0
[QUEUE_STATS] t_ms=11248 q_pkts=3 q_bytes=4512 qdelay_l_ms=1.07388 qdelay_c_ms=1.06695 ecn_mark=877 drop=0
[QUEUE_STATS] t_ms=11264 q_pkts=3 q_bytes=4512 qdelay_l_ms=1.07704 qdelay_c_ms=1.07154 ecn_mark=878 drop=0
[QUEUE_STATS] t_ms=11280 q_pkts=3 q_bytes=4512 qdelay_l_ms=0.90445 qdelay_c_ms=0.896756 ecn_mark=880 drop=0
[QUEUE_STATS] t_ms=11296 q_pkts=0 q_bytes=0 qdelay_l_ms=0 qdelay_c_ms=0 ecn_mark=881 drop=0
[QUEUE_STATS] t_ms=11312 q_pkts=5 q_bytes=7520 qdelay_l_ms=1.06218 qdelay_c_ms=1.08169 ecn_mark=882 drop=0
[QUEUE_STATS] t_ms=11328 q_pkts=3 q_bytes=4512 qdelay_l_ms=1.08012 qdelay_c_ms=1.074 ecn_mark=883 drop=0
[QUEUE_STATS] t_ms=11345 q_pkts=1 q_bytes=1504 qdelay_l_ms=1.08393 qdelay_c_ms=0 ecn_mark=883 drop=0
[QUEUE_STATS] t_ms=11360 q_pkts=3 q_bytes=4512 qdelay_l_ms=0.932963 qdelay_c_ms=0.926731 ecn_mark=884 drop=0
[QUEUE_STATS] t_ms=11377 q_pkts=3 q_bytes=4512 qdelay_l_ms=1.07672 qdelay_c_ms=1.09767 ecn_mark=886 drop=0
[QUEUE_STATS] t_ms=11392 q_pkts=0 q_bytes=0 qdelay_l_ms=0 qdelay_c_ms=0 ecn_mark=887 drop=0
[QUEUE_STATS] t_ms=11408 q_pkts=5 q_bytes=7520 qdelay_l_ms=0.894611 qdelay_c_ms=0.88864 ecn_mark=888 drop=0
[QUEUE_STATS] t_ms=11424 q_pkts=5 q_bytes=7520 qdelay_l_ms=0.891956 qdelay_c_ms=0.917725 ecn_mark=888 drop=0
[QUEUE_STATS] t_ms=11441 q_pkts=4 q_bytes=6016 qdelay_l_ms=1.06593 qdelay_c_ms=1.09397 ecn_mark=889 drop=0
[QUEUE_STATS] t_ms=11456 q_pkts=2 q_bytes=3008 qdelay_l_ms=1.03534 qdelay_c_ms=1.79011 ecn_mark=891 drop=0
[QUEUE_STATS] t_ms=11472 q_pkts=3 q_bytes=4512 qdelay_l_ms=1.07153 qdelay_c_ms=1.06614 ecn_mark=891 drop=0
[QUEUE_STATS] t_ms=11488 q_pkts=3 q_bytes=4512 qdelay_l_ms=1.07871 qdelay_c_ms=1.07319 ecn_mark=892 drop=0
[QUEUE_STATS] t_ms=11504 q_pkts=5 q_bytes=7520 qdelay_l_ms=0.937902 qdelay_c_ms=0.93121 ecn_mark=892 drop=0
[QUEUE_STATS] t_ms=11520 q_pkts=3 q_bytes=4512 qdelay_l_ms=0.885895 qdelay_c_ms=0.901725 ecn_mark=892 drop=0
[QUEUE_STATS] t_ms=11536 q_pkts=1 q_bytes=1504 qdelay_l_ms=0 qdelay_c_ms=1.76087 ecn_mark=893 drop=0
[QUEUE_STATS] t_ms=11552 q_pkts=6 q_bytes=9024 qdelay_l_ms=1.0636 qdelay_c_ms=1.09861 ecn_mark=894 drop=0
[QUEUE_STATS] t_ms=11568 q_pkts=3 q_bytes=4512 qdelay_l_ms=1.07146 qdelay_c_ms=1.0663 ecn_mark=895 drop=0
[QUEUE_STATS] t_ms=11585 q_pkts=3 q_bytes=4512 qdelay_l_ms=1.08736 qdelay_c_ms=1.08071 ecn_mark=896 drop=0
[QUEUE_STATS] t_ms=11600 q_pkts=1 q_bytes=1504 qdelay_l_ms=1.06982 qdelay_c_ms=0 ecn_mark=899 drop=0
[QUEUE_STATS] t_ms=11616 q_pkts=3 q_bytes=4512 qdelay_l_ms=1.0611 qdelay_c_ms=1.09093 ecn_mark=899 drop=0
[QUEUE_STATS] t_ms=11633 q_pkts=1 q_bytes=1504 qdelay_l_ms=1.07666 qdelay_c_ms=0 ecn_mark=900 drop=0
[QUEUE_STATS] t_ms=11648 q_pkts=1 q_bytes=1504 qdelay_l_ms=1.07411 qdelay_c_ms=0 ecn_mark=900 drop=0
[QUEUE_STATS] t_ms=11665 q_pkts=0 q_bytes=0 qdelay_l_ms=0 qdelay_c_ms=0 ecn_mark=901 drop=0
[QUEUE_STATS] t_ms=11680 q_pkts=1 q_bytes=1504 qdelay_l_ms=1.06146 qdelay_c_ms=0 ecn_mark=901 drop=0
[QUEUE_STATS] t_ms=11696 q_pkts=1 q_bytes=1504 qdelay_l_ms=0 qdelay_c_ms=0.445378 ecn_mark=903 drop=0
[QUEUE_STATS] t_ms=11712 q_pkts=0 q_bytes=0 qdelay_l_ms=0 qdelay_c_ms=0 ecn_mark=904 drop=0
[QUEUE_STATS] t_ms=11728 q_pkts=1 q_bytes=1504 qdelay_l_ms=1.07882 qdelay_c_ms=0 ecn_mark=904 drop=0
[QUEUE_STATS] t_ms=11744 q_pkts=5 q_bytes=7520 qdelay_l_ms=1.07522 qdelay_c_ms=1.069 ecn_mark=904 drop=0
[QUEUE_STATS] t_ms=11760 q_pkts=3 q_bytes=4512 qdelay_l_ms=0.479922 qdelay_c_ms=0.473209 ecn_mark=904 drop=0
[QUEUE_STATS] t_ms=11776 q_pkts=5 q_bytes=7520 qdelay_l_ms=1.05865 qdelay_c_ms=1.091 ecn_mark=905 drop=0
[QUEUE_STATS] t_ms=11792 q_pkts=2 q_bytes=3008 qdelay_l_ms=1.06403 qdelay_c_ms=1.06998 ecn_mark=907 drop=0
[QUEUE_STATS] t_ms=11808 q_pkts=3 q_bytes=4512 qdelay_l_ms=1.06616 qdelay_c_ms=1.08497 ecn_mark=908 drop=0
[QUEUE_STATS] t_ms=11824 q_pkts=4 q_bytes=6016 qdelay_l_ms=0.871778 qdelay_c_ms=0.866007 ecn_mark=910 drop=0
[QUEUE_STATS] t_ms=11840 q_pkts=1 q_bytes=1504 qdelay_l_ms=1.06176 qdelay_c_ms=0 ecn_mark=911 drop=0
[QUEUE_STATS] t_ms=11856 q_pkts=1 q_bytes=1504 qdelay_l_ms=1.06715 qdelay_c_ms=0 ecn_mark=911 drop=0
[QUEUE_STATS] t_ms=11872 q_pkts=1 q_bytes=1504 qdelay_l_ms=1.06949 qdelay_c_ms=0 ecn_mark=913 drop=0
[QUEUE_STATS] t_ms=11888 q_pkts=1 q_bytes=1504 qdelay_l_ms=1.06609 qdelay_c_ms=0 ecn_mark=913 drop=0
[QUEUE_STATS] t_ms=11904 q_pkts=5 q_bytes=7520 qdelay_l_ms=0.888129 qdelay_c_ms=0.880525 ecn_mark=915 drop=0
[QUEUE_STATS] t_ms=11920 q_pkts=3 q_bytes=4512 qdelay_l_ms=0.879864 qdelay_c_ms=0.874824 ecn_mark=916 drop=0
[QUEUE_STATS] t_ms=11936 q_pkts=1 q_bytes=1504 qdelay_l_ms=1.07684 qdelay_c_ms=0 ecn_mark=916 drop=0
[QUEUE_STATS] t_ms=11952 q_pkts=3 q_bytes=4512 qdelay_l_ms=0.72373 qdelay_c_ms=1.77623 ecn_mark=917 drop=0
[QUEUE_STATS] t_ms=11968 q_pkts=3 q_bytes=4512 qdelay_l_ms=1.06458 qdelay_c_ms=1.07427 ecn_mark=917 drop=0
[QUEUE_STATS] t_ms=11984 q_pkts=1 q_bytes=1504 qdelay_l_ms=1.06201 qdelay_c_ms=0 ecn_mark=918 drop=0
[QUEUE_STATS] t_ms=12000 q_pkts=1 q_bytes=1504 qdelay_l_ms=0 qdelay_c_ms=0.679657 ecn_mark=919 drop=0
[QUEUE_STATS] t_ms=12016 q_pkts=1 q_bytes=1504 qdelay_l_ms=1.06192 qdelay_c_ms=0 ecn_mark=921 drop=0
[QUEUE_STATS] t_ms=12032 q_pkts=4 q_bytes=6016 qdelay_l_ms=0 qdelay_c_ms=0.447571 ecn_mark=923 drop=0
[QUEUE_STATS] t_ms=12048 q_pkts=1 q_bytes=1504 qdelay_l_ms=1.06104 qdelay_c_ms=0 ecn_mark=923 drop=0
[QUEUE_STATS] t_ms=12064 q_pkts=1 q_bytes=1504 qdelay_l_ms=1.0588 qdelay_c_ms=0 ecn_mark=923 drop=0
[QUEUE_STATS] t_ms=12080 q_pkts=2 q_bytes=3008 qdelay_l_ms=0 qdelay_c_ms=0.885123 ecn_mark=925 drop=0
[QUEUE_STATS] t_ms=12096 q_pkts=1 q_bytes=1504 qdelay_l_ms=0.014988 qdelay_c_ms=0 ecn_mark=926 drop=0
[QUEUE_STATS] t_ms=12113 q_pkts=3 q_bytes=4512 qdelay_l_ms=1.07674 qdelay_c_ms=1.10426 ecn_mark=927 drop=0
[QUEUE_STATS] t_ms=12128 q_pkts=0 q_bytes=0 qdelay_l_ms=0 qdelay_c_ms=0 ecn_mark=928 drop=0
[QUEUE_STATS] t_ms=12144 q_pkts=3 q_bytes=4512 qdelay_l_ms=1.07096 qdelay_c_ms=1.06562 ecn_mark=929 drop=0
[QUEUE_STATS] t_ms=12160 q_pkts=5 q_bytes=7520 qdelay_l_ms=0.897216 qdelay_c_ms=0.890954 ecn_mark=929 drop=0
[QUEUE_STATS] t_ms=12176 q_pkts=0 q_bytes=0 qdelay_l_ms=0 qdelay_c_ms=0 ecn_mark=930 drop=0
[QUEUE_STATS] t_ms=12192 q_pkts=1 q_bytes=1504 qdelay_l_ms=1.07775 qdelay_c_ms=0 ecn_mark=931 drop=0
[QUEUE_STATS] t_ms=12209 q_pkts=1 q_bytes=1504 qdelay_l_ms=0 qdelay_c_ms=1.07083 ecn_mark=932 drop=0
[QUEUE_STATS] t_ms=12224 q_pkts=1 q_bytes=1504 qdelay_l_ms=1.071 qdelay_c_ms=0 ecn_mark=933 drop=0
[QUEUE_STATS] t_ms=12241 q_pkts=2 q_bytes=3008 qdelay_l_ms=1.08236 qdelay_c_ms=1.07512 ecn_mark=936 drop=0
[QUEUE_STATS] t_ms=12256 q_pkts=2 q_bytes=3008 qdelay_l_ms=0 qdelay_c_ms=1.07525 ecn_mark=936 drop=0
[QUEUE_STATS] t_ms=12272 q_pkts=5 q_bytes=7520 qdelay_l_ms=1.01208 qdelay_c_ms=1.04148 ecn_mark=937 drop=0
[QUEUE_STATS] t_ms=12288 q_pkts=4 q_bytes=6016 qdelay_l_ms=0.857793 qdelay_c_ms=1.93611 ecn_mark=938 drop=0
[QUEUE_STATS] t_ms=12305 q_pkts=3 q_bytes=4512 qdelay_l_ms=1.07959 qdelay_c_ms=1.93338 ecn_mark=939 drop=0
[QUEUE_STATS] t_ms=12320 q_pkts=1 q_bytes=1504 qdelay_l_ms=1.06609 qdelay_c_ms=0 ecn_mark=939 drop=0
[QUEUE_STATS] t_ms=12336 q_pkts=3 q_bytes=4512 qdelay_l_ms=1.08496 qdelay_c_ms=1.07855 ecn_mark=940 drop=0
[QUEUE_STATS] t_ms=12352 q_pkts=1 q_bytes=1504 qdelay_l_ms=0.896395 qdelay_c_ms=0 ecn_mark=940 drop=0
[QUEUE_STATS] t_ms=12368 q_pkts=6 q_bytes=9024 qdelay_l_ms=0.509628 qdelay_c_ms=0.502244 ecn_mark=940 drop=0
[QUEUE_STATS] t_ms=12384 q_pkts=1 q_bytes=1504 qdelay_l_ms=0.695707 qdelay_c_ms=0 ecn_mark=941 drop=0
[QUEUE_STATS] t_ms=12400 q_pkts=1 q_bytes=1504 qdelay_l_ms=0.45726 qdelay_c_ms=0 ecn_mark=943 drop=0
[QUEUE_STATS] t_ms=12416 q_pkts=7 q_bytes=10528 qdelay_l_ms=0.883902 qdelay_c_ms=0.8776 ecn_mark=944 drop=0
[QUEUE_STATS] t_ms=12432 q_pkts=4 q_bytes=6016 qdelay_l_ms=1.04484 qdelay_c_ms=1.03835 ecn_mark=944 drop=0
[QUEUE_STATS] t_ms=12448 q_pkts=1 q_bytes=1504 qdelay_l_ms=0.880194 qdelay_c_ms=0 ecn_mark=944 drop=0
[QUEUE_STATS] t_ms=12464 q_pkts=4 q_bytes=6016 qdelay_l_ms=1.06484 qdelay_c_ms=1.059 ecn_mark=944 drop=0
[QUEUE_STATS] t_ms=12480 q_pkts=3 q_bytes=4512 qdelay_l_ms=1.0182 qdelay_c_ms=1.0348 ecn_mark=945 drop=0
[QUEUE_STATS] t_ms=12496 q_pkts=6 q_bytes=9024 qdelay_l_ms=1.07776 qdelay_c_ms=2.12353 ecn_mark=946 drop=0
[QUEUE_STATS] t_ms=12512 q_pkts=3 q_bytes=4512 qdelay_l_ms=0.8621 qdelay_c_ms=0.855839 ecn_mark=947 drop=0
[QUEUE_STATS] t_ms=12528 q_pkts=1 q_bytes=1504 qdelay_l_ms=1.06174 qdelay_c_ms=0 ecn_mark=949 drop=0
[QUEUE_STATS] t_ms=12544 q_pkts=1 q_bytes=1504 qdelay_l_ms=1.03629 qdelay_c_ms=0 ecn_mark=949 drop=0
[QUEUE_STATS] t_ms=12560 q_pkts=3 q_bytes=4512 qdelay_l_ms=1.08379 qdelay_c_ms=2.12673 ecn_mark=949 drop=0
[QUEUE_STATS] t_ms=12576 q_pkts=2 q_bytes=3008 qdelay_l_ms=1.02679 qdelay_c_ms=1.03398 ecn_mark=950 drop=0
[QUEUE_STATS] t_ms=12592 q_pkts=3 q_bytes=4512 qdelay_l_ms=0.960465 qdelay_c_ms=0.971826 ecn_mark=950 drop=0
[QUEUE_STATS] t_ms=12608 q_pkts=4 q_bytes=6016 qdelay_l_ms=1.04813 qdelay_c_ms=1.06397 ecn_mark=950 drop=0
[QUEUE_STATS] t_ms=12624 q_pkts=4 q_bytes=6016 qdelay_l_ms=1.06605 qdelay_c_ms=1.95948 ecn_mark=950 drop=0
[QUEUE_STATS] t_ms=12640 q_pkts=4 q_bytes=6016 qdelay_l_ms=0.933384 qdelay_c_ms=0.927302 ecn_mark=952 drop=0
[QUEUE_STATS] t_ms=12656 q_pkts=0 q_bytes=0 qdelay_l_ms=0 qdelay_c_ms=0 ecn_mark=953 drop=0
[QUEUE_STATS] t_ms=12672 q_pkts=3 q_bytes=4512 qdelay_l_ms=1.07185 qdelay_c_ms=1.06644 ecn_mark=955 drop=0
[QUEUE_STATS] t_ms=12688 q_pkts=1 q_bytes=1504 qdelay_l_ms=1.06526 qdelay_c_ms=0 ecn_mark=957 drop=0
[QUEUE_STATS] t_ms=12704 q_pkts=3 q_bytes=4512 qdelay_l_ms=1.06578 qdelay_c_ms=1.0844 ecn_mark=959 drop=0
[QUEUE_STATS] t_ms=12720 q_pkts=1 q_bytes=1504 qdelay_l_ms=1.07303 qdelay_c_ms=0 ecn_mark=959 drop=0
[QUEUE_STATS] t_ms=12736 q_pkts=6 q_bytes=9024 qdelay_l_ms=1.09213 qdelay_c_ms=1.08609 ecn_mark=959 drop=0
[QUEUE_STATS] t_ms=12752 q_pkts=4 q_bytes=6016 qdelay_l_ms=1.063 qdelay_c_ms=1.89297 ecn_mark=960 drop=0
[QUEUE_STATS] t_ms=12768 q_pkts=2 q_bytes=3008 qdelay_l_ms=0.856399 qdelay_c_ms=0.850238 ecn_mark=961 drop=0
[QUEUE_STATS] t_ms=12784 q_pkts=3 q_bytes=4512 qdelay_l_ms=1.04998 qdelay_c_ms=1.04325 ecn_mark=962 drop=0
[QUEUE_STATS] t_ms=12800 q_pkts=2 q_bytes=3008 qdelay_l_ms=0 qdelay_c_ms=1.07442 ecn_mark=965 drop=0
[QUEUE_STATS] t_ms=12816 q_pkts=3 q_bytes=4512 qdelay_l_ms=1.06693 qdelay_c_ms=1.08119 ecn_mark=965 drop=0
[QUEUE_STATS] t_ms=12832 q_pkts=2 q_bytes=3008 qdelay_l_ms=0.836843 qdelay_c_ms=0 ecn_mark=967 drop=0
[QUEUE_STATS] t_ms=12848 q_pkts=0 q_bytes=0 qdelay_l_ms=0 qdelay_c_ms=0 ecn_mark=969 drop=0
[QUEUE_STATS] t_ms=12864 q_pkts=3 q_bytes=4512 qdelay_l_ms=1.05855 qdelay_c_ms=1.07662 ecn_mark=970 drop=0
[QUEUE_STATS] t_ms=12880 q_pkts=3 q_bytes=4512 qdelay_l_ms=1.06655 qdelay_c_ms=1.08603 ecn_mark=971 drop=0
[QUEUE_STATS] t_ms=12896 q_pkts=3 q_bytes=4512 qdelay_l_ms=1.07134 qdelay_c_ms=1.0661 ecn_mark=972 drop=0
[QUEUE_STATS] t_ms=12912 q_pkts=4 q_bytes=6016 qdelay_l_ms=1.08359 qdelay_c_ms=2.13361 ecn_mark=972 drop=0
[QUEUE_STATS] t_ms=12928 q_pkts=2 q_bytes=3008 qdelay_l_ms=1.0798 qdelay_c_ms=0 ecn_mark=972 drop=0
[QUEUE_STATS] t_ms=12944 q_pkts=3 q_bytes=4512 qdelay_l_ms=0.912314 qdelay_c_ms=0.923856 ecn_mark=973 drop=0
[QUEUE_STATS] t_ms=12960 q_pkts=2 q_bytes=3008 qdelay_l_ms=1.05607 qdelay_c_ms=1.05105 ecn_mark=973 drop=0
[QUEUE_STATS] t_ms=12976 q_pkts=3 q_bytes=4512 qdelay_l_ms=1.08165 qdelay_c_ms=1.07486 ecn_mark=973 drop=0
[QUEUE_STATS] t_ms=12992 q_pkts=1 q_bytes=1504 qdelay_l_ms=0.850258 qdelay_c_ms=0 ecn_mark=973 drop=0
[QUEUE_STATS] t_ms=13008 q_pkts=8 q_bytes=12032 qdelay_l_ms=1.07052 qdelay_c_ms=3.26357 ecn_mark=974 drop=0
[QUEUE_STATS] t_ms=13024 q_pkts=2 q_bytes=3008 qdelay_l_ms=1.07096 qdelay_c_ms=0 ecn_mark=974 drop=0
[QUEUE_STATS] t_ms=13040 q_pkts=5 q_bytes=7520 qdelay_l_ms=0.823158 qdelay_c_ms=0.856861 ecn_mark=977 drop=0
[QUEUE_STATS] t_ms=13056 q_pkts=2 q_bytes=3008 qdelay_l_ms=0.844357 qdelay_c_ms=0 ecn_mark=978 drop=0
[QUEUE_STATS] t_ms=13072 q_pkts=2 q_bytes=3008 qdelay_l_ms=1.06692 qdelay_c_ms=1.06103 ecn_mark=978 drop=0
[QUEUE_STATS] t_ms=13088 q_pkts=1 q_bytes=1504 qdelay_l_ms=0.870075 qdelay_c_ms=0 ecn_mark=978 drop=0
[QUEUE_STATS] t_ms=13104 q_pkts=4 q_bytes=6016 qdelay_l_ms=0.678085 qdelay_c_ms=0.672054 ecn_mark=979 drop=0
[QUEUE_STATS] t_ms=13120 q_pkts=4 q_bytes=6016 qdelay_l_ms=0.828888 qdelay_c_ms=0.823498 ecn_mark=981 drop=0
[QUEUE_STATS] t_ms=13136 q_pkts=6 q_bytes=7572 qdelay_l_ms=1.11802 qdelay_c_ms=2.15944 ecn_mark=981 drop=0
[QUEUE_STATS] t_ms=13152 q_pkts=4 q_bytes=6016 qdelay_l_ms=1.0461 qdelay_c_ms=1.04005 ecn_mark=981 drop=0
[QUEUE_STATS] t_ms=13168 q_pkts=4 q_bytes=6016 qdelay_l_ms=0.995952 qdelay_c_ms=2.37973 ecn_mark=981 drop=0
[QUEUE_STATS] t_ms=13184 q_pkts=4 q_bytes=6016 qdelay_l_ms=1.07681 qdelay_c_ms=1.07125 ecn_mark=982 drop=0
[QUEUE_STATS] t_ms=13200 q_pkts=3 q_bytes=4512 qdelay_l_ms=1.06989 qdelay_c_ms=1.06414 ecn_mark=982 drop=0
[QUEUE_STATS] t_ms=13216 q_pkts=5 q_bytes=7520 qdelay_l_ms=0.815753 qdelay_c_ms=0.842193 ecn_mark=982 drop=0
[QUEUE_STATS] t_ms=13232 q_pkts=4 q_bytes=6016 qdelay_l_ms=1.07804 qdelay_c_ms=1.07207 ecn_mark=983 drop=0
[QUEUE_STATS] t_ms=13248 q_pkts=2 q_bytes=3008 qdelay_l_ms=0 qdelay_c_ms=1.07088 ecn_mark=984 drop=0
[QUEUE_STATS] t_ms=13264 q_pkts=7 q_bytes=10528 qdelay_l_ms=1.08356 qdelay_c_ms=3.24214 ecn_mark=984 drop=0
[QUEUE_STATS] t_ms=13280 q_pkts=3 q_bytes=4512 qdelay_l_ms=1.02957 qdelay_c_ms=1.0236 ecn_mark=986 drop=0
[QUEUE_STATS] t_ms=13296 q_pkts=4 q_bytes=6016 qdelay_l_ms=1.08672 qdelay_c_ms=1.0805 ecn_mark=986 drop=0
[QUEUE_STATS] t_ms=13312 q_pkts=4 q_bytes=6016 qdelay_l_ms=0.889471 qdelay_c_ms=0.88321 ecn_mark=988 drop=0
[QUEUE_STATS] t_ms=13328 q_pkts=1 q_bytes=1504 qdelay_l_ms=1.06063 qdelay_c_ms=0 ecn_mark=989 drop=0
[QUEUE_STATS] t_ms=13344 q_pkts=3 q_bytes=4512 qdelay_l_ms=1.05845 qdelay_c_ms=1.08087 ecn_mark=990 drop=0
[QUEUE_STATS] t_ms=13360 q_pkts=1 q_bytes=1504 qdelay_l_ms=0.924087 qdelay_c_ms=0 ecn_mark=990 drop=0
[QUEUE_STATS] t_ms=13376 q_pkts=1 q_bytes=1504 qdelay_l_ms=0.848504 qdelay_c_ms=0 ecn_mark=990 drop=0
[QUEUE_STATS] t_ms=13392 q_pkts=5 q_bytes=7520 qdelay_l_ms=0.690137 qdelay_c_ms=0.684707 ecn_mark=990 drop=0
[QUEUE_STATS] t_ms=13408 q_pkts=5 q_bytes=7520 qdelay_l_ms=1.06728 qdelay_c_ms=1.06217 ecn_mark=990 drop=0
[QUEUE_STATS] t_ms=13424 q_pkts=2 q_bytes=3008 qdelay_l_ms=1.04734 qdelay_c_ms=0 ecn_mark=990 drop=0
[QUEUE_STATS] t_ms=13440 q_pkts=6 q_bytes=9024 qdelay_l_ms=0.410061 qdelay_c_ms=0.403879 ecn_mark=990 drop=0
[QUEUE_STATS] t_ms=13456 q_pkts=3 q_bytes=4512 qdelay_l_ms=0.793672 qdelay_c_ms=0.811074 ecn_mark=991 drop=0
[QUEUE_STATS] t_ms=13472 q_pkts=5 q_bytes=7520 qdelay_l_ms=1.04264 qdelay_c_ms=1.07235 ecn_mark=992 drop=0
[QUEUE_STATS] t_ms=13489 q_pkts=1 q_bytes=1504 qdelay_l_ms=1.06967 qdelay_c_ms=0 ecn_mark=993 drop=0
[QUEUE_STATS] t_ms=13504 q_pkts=3 q_bytes=4512 qdelay_l_ms=1.08599 qdelay_c_ms=1.0795 ecn_mark=993 drop=0
[QUEUE_STATS] t_ms=13520 q_pkts=7 q_bytes=10528 qdelay_l_ms=0.396425 qdelay_c_ms=0.389582 ecn_mark=995 drop=0
[QUEUE_STATS] t_ms=13536 q_pkts=2 q_bytes=3008 qdelay_l_ms=0 qdelay_c_ms=0.413367 ecn_mark=995 drop=0
[QUEUE_STATS] t_ms=13553 q_pkts=4 q_bytes=6016 qdelay_l_ms=1.09214 qdelay_c_ms=1.0856 ecn_mark=996 drop=0
[QUEUE_STATS] t_ms=13568 q_pkts=6 q_bytes=9024 qdelay_l_ms=1.10018 qdelay_c_ms=1.0935 ecn_mark=996 drop=0
[QUEUE_STATS] t_ms=13584 q_pkts=4 q_bytes=6016 qdelay_l_ms=1.07057 qdelay_c_ms=1.06498 ecn_mark=996 drop=0
[QUEUE_STATS] t_ms=13600 q_pkts=6 q_bytes=9024 qdelay_l_ms=1.0648 qdelay_c_ms=1.84046 ecn_mark=997 drop=0
[QUEUE_STATS] t_ms=13616 q_pkts=3 q_bytes=4512 qdelay_l_ms=1.05343 qdelay_c_ms=1.06429 ecn_mark=999 drop=0
[QUEUE_STATS] t_ms=13632 q_pkts=2 q_bytes=3008 qdelay_l_ms=0 qdelay_c_ms=1.07619 ecn_mark=1000 drop=0
[QUEUE_STATS] t_ms=13648 q_pkts=5 q_bytes=7520 qdelay_l_ms=0.891455 qdelay_c_ms=1.95129 ecn_mark=1000 drop=0
[QUEUE_STATS] t_ms=13664 q_pkts=0 q_bytes=0 qdelay_l_ms=0 qdelay_c_ms=0 ecn_mark=1001 drop=0
[QUEUE_STATS] t_ms=13680 q_pkts=2 q_bytes=3008 qdelay_l_ms=0 qdelay_c_ms=1.06735 ecn_mark=1001 drop=0
[QUEUE_STATS] t_ms=13696 q_pkts=1 q_bytes=1504 qdelay_l_ms=1.07242 qdelay_c_ms=0 ecn_mark=1001 drop=0
[QUEUE_STATS] t_ms=13712 q_pkts=4 q_bytes=6016 qdelay_l_ms=1.08996 qdelay_c_ms=1.08319 ecn_mark=1001 drop=0
[QUEUE_STATS] t_ms=13729 q_pkts=5 q_bytes=7520 qdelay_l_ms=1.09261 qdelay_c_ms=1.8252 ecn_mark=1001 drop=0
[QUEUE_STATS] t_ms=13744 q_pkts=2 q_bytes=3008 qdelay_l_ms=1.06426 qdelay_c_ms=1.07472 ecn_mark=1001 drop=0
[QUEUE_STATS] t_ms=13761 q_pkts=2 q_bytes=3008 qdelay_l_ms=1.07352 qdelay_c_ms=0 ecn_mark=1003 drop=0
[QUEUE_STATS] t_ms=13776 q_pkts=5 q_bytes=7520 qdelay_l_ms=1.06323 qdelay_c_ms=2.1278 ecn_mark=1004 drop=0
[QUEUE_STATS] t_ms=13792 q_pkts=3 q_bytes=4512 qdelay_l_ms=1.05962 qdelay_c_ms=1.07012 ecn_mark=1004 drop=0
[QUEUE_STATS] t_ms=13808 q_pkts=2 q_bytes=3008 qdelay_l_ms=0 qdelay_c_ms=1.08836 ecn_mark=1005 drop=0
[QUEUE_STATS] t_ms=13824 q_pkts=3 q_bytes=4512 qdelay_l_ms=0.76621 qdelay_c_ms=0.760238 ecn_mark=1007 drop=0
[QUEUE_STATS] t_ms=13840 q_pkts=3 q_bytes=4512 qdelay_l_ms=1.08215 qdelay_c_ms=2.11434 ecn_mark=1007 drop=0
[QUEUE_STATS] t_ms=13856 q_pkts=4 q_bytes=6016 qdelay_l_ms=1.06004 qdelay_c_ms=1.0761 ecn_mark=1009 drop=0
[QUEUE_STATS] t_ms=13872 q_pkts=2 q_bytes=3008 qdelay_l_ms=1.07541 qdelay_c_ms=1.06851 ecn_mark=1009 drop=0
[QUEUE_STATS] t_ms=13888 q_pkts=0 q_bytes=0 qdelay_l_ms=0 qdelay_c_ms=0 ecn_mark=1009 drop=0
[QUEUE_STATS] t_ms=13904 q_pkts=8 q_bytes=12032 qdelay_l_ms=0.741063 qdelay_c_ms=0.751673 ecn_mark=1010 drop=0
[QUEUE_STATS] t_ms=13920 q_pkts=4 q_bytes=6016 qdelay_l_ms=1.07008 qdelay_c_ms=1.06555 ecn_mark=1012 drop=0
[QUEUE_STATS] t_ms=13936 q_pkts=0 q_bytes=0 qdelay_l_ms=0 qdelay_c_ms=0 ecn_mark=1012 drop=0
[QUEUE_STATS] t_ms=13952 q_pkts=2 q_bytes=3008 qdelay_l_ms=0.813008 qdelay_c_ms=0 ecn_mark=1013 drop=0
[QUEUE_STATS] t_ms=13968 q_pkts=3 q_bytes=4512 qdelay_l_ms=0.792259 qdelay_c_ms=0.802439 ecn_mark=1013 drop=0
[QUEUE_STATS] t_ms=13984 q_pkts=3 q_bytes=4512 qdelay_l_ms=0.859215 qdelay_c_ms=0.882138 ecn_mark=1014 drop=0
[QUEUE_STATS] t_ms=14000 q_pkts=2 q_bytes=3008 qdelay_l_ms=1.06287 qdelay_c_ms=0 ecn_mark=1014 drop=0
[QUEUE_STATS] t_ms=14016 q_pkts=2 q_bytes=3008 qdelay_l_ms=1.07081 qdelay_c_ms=0 ecn_mark=1016 drop=0
[QUEUE_STATS] t_ms=14032 q_pkts=5 q_bytes=7520 qdelay_l_ms=0.780437 qdelay_c_ms=0.80325 ecn_mark=1017 drop=0
[QUEUE_STATS] t_ms=14048 q_pkts=1 q_bytes=1504 qdelay_l_ms=0 qdelay_c_ms=1.08831 ecn_mark=1017 drop=0
[QUEUE_STATS] t_ms=14064 q_pkts=4 q_bytes=6016 qdelay_l_ms=0.731124 qdelay_c_ms=1.90144 ecn_mark=1019 drop=0
[QUEUE_STATS] t_ms=14080 q_pkts=3 q_bytes=4512 qdelay_l_ms=0.715385 qdelay_c_ms=0.70717 ecn_mark=1019 drop=0
[QUEUE_STATS] t_ms=14096 q_pkts=2 q_bytes=3008 qdelay_l_ms=1.10695 qdelay_c_ms=0 ecn_mark=1021 drop=0
[QUEUE_STATS] t_ms=14112 q_pkts=5 q_bytes=7520 qdelay_l_ms=1.05884 qdelay_c_ms=2.13285 ecn_mark=1021 drop=0
[QUEUE_STATS] t_ms=14128 q_pkts=2 q_bytes=3008 qdelay_l_ms=1.0689 qdelay_c_ms=1.07476 ecn_mark=1022 drop=0
[QUEUE_STATS] t_ms=14144 q_pkts=3 q_bytes=4512 qdelay_l_ms=1.0407 qdelay_c_ms=1.08361 ecn_mark=1024 drop=0
[QUEUE_STATS] t_ms=14160 q_pkts=6 q_bytes=9024 qdelay_l_ms=1.06623 qdelay_c_ms=1.44285 ecn_mark=1025 drop=0
[QUEUE_STATS] t_ms=14176 q_pkts=3 q_bytes=4512 qdelay_l_ms=0 qdelay_c_ms=1.07648 ecn_mark=1025 drop=0
[QUEUE_STATS] t_ms=14192 q_pkts=4 q_bytes=6016 qdelay_l_ms=1.08838 qdelay_c_ms=1.08144 ecn_mark=1025 drop=0
[QUEUE_STATS] t_ms=14208 q_pkts=2 q_bytes=3008 qdelay_l_ms=0.031379 qdelay_c_ms=0.024476 ecn_mark=1027 drop=0
[QUEUE_STATS] t_ms=14224 q_pkts=3 q_bytes=4512 qdelay_l_ms=1.0879 qdelay_c_ms=1.08062 ecn_mark=1028 drop=0
[QUEUE_STATS] t_ms=14240 q_pkts=5 q_bytes=7520 qdelay_l_ms=0.740472 qdelay_c_ms=1.46787 ecn_mark=1029 drop=0
[QUEUE_STATS] t_ms=14256 q_pkts=2 q_bytes=3008 qdelay_l_ms=1.07655 qdelay_c_ms=0 ecn_mark=1030 drop=0
[QUEUE_STATS] t_ms=14272 q_pkts=3 q_bytes=4512 qdelay_l_ms=1.05978 qdelay_c_ms=1.07048 ecn_mark=1030 drop=0
[QUEUE_STATS] t_ms=14288 q_pkts=6 q_bytes=9024 qdelay_l_ms=1.08787 qdelay_c_ms=1.81245 ecn_mark=1030 drop=0
[QUEUE_STATS] t_ms=14304 q_pkts=4 q_bytes=6016 qdelay_l_ms=1.06669 qdelay_c_ms=1.10101 ecn_mark=1031 drop=0
[QUEUE_STATS] t_ms=14320 q_pkts=4 q_bytes=6016 qdelay_l_ms=1.10518 qdelay_c_ms=1.79323 ecn_mark=1032 drop=0
[QUEUE_STATS] t_ms=14336 q_pkts=2 q_bytes=3008 qdelay_l_ms=1.10276 qdelay_c_ms=2.13954 ecn_mark=1033 drop=0
[QUEUE_STATS] t_ms=14352 q_pkts=2 q_bytes=3008 qdelay_l_ms=1.09864 qdelay_c_ms=1.7777 ecn_mark=1036 drop=0
[QUEUE_STATS] t_ms=14368 q_pkts=4 q_bytes=6016 qdelay_l_ms=0 qdelay_c_ms=1.09036 ecn_mark=1036 drop=0
[QUEUE_STATS] t_ms=14384 q_pkts=3 q_bytes=4512 qdelay_l_ms=0.73956 qdelay_c_ms=0.73447 ecn_mark=1036 drop=0
[QUEUE_STATS] t_ms=14400 q_pkts=3 q_bytes=4512 qdelay_l_ms=1.07971 qdelay_c_ms=1.07346 ecn_mark=1036 drop=0
[QUEUE_STATS] t_ms=14416 q_pkts=3 q_bytes=4512 qdelay_l_ms=1.10613 qdelay_c_ms=1.09534 ecn_mark=1037 drop=0
[QUEUE_STATS] t_ms=14432 q_pkts=1 q_bytes=1504 qdelay_l_ms=1.05889 qdelay_c_ms=0 ecn_mark=1040 drop=0
[QUEUE_STATS] t_ms=14448 q_pkts=4 q_bytes=6016 qdelay_l_ms=1.03587 qdelay_c_ms=2.15622 ecn_mark=1040 drop=0
[QUEUE_STATS] t_ms=14464 q_pkts=3 q_bytes=4512 qdelay_l_ms=1.09669 qdelay_c_ms=1.08754 ecn_mark=1042 drop=0
[QUEUE_STATS] t_ms=14480 q_pkts=5 q_bytes=7520 qdelay_l_ms=1.09595 qdelay_c_ms=1.08658 ecn_mark=1042 drop=0
[QUEUE_STATS] t_ms=14496 q_pkts=4 q_bytes=6016 qdelay_l_ms=1.10923 qdelay_c_ms=1.81883 ecn_mark=1043 drop=0
[QUEUE_STATS] t_ms=14512 q_pkts=3 q_bytes=4512 qdelay_l_ms=0.727578 qdelay_c_ms=0.76603 ecn_mark=1046 drop=0
[QUEUE_STATS] t_ms=14528 q_pkts=6 q_bytes=9024 qdelay_l_ms=1.12343 qdelay_c_ms=1.11569 ecn_mark=1047 drop=0
[QUEUE_STATS] t_ms=14544 q_pkts=4 q_bytes=6016 qdelay_l_ms=0 qdelay_c_ms=1.08311 ecn_mark=1048 drop=0
[QUEUE_STATS] t_ms=14560 q_pkts=3 q_bytes=4512 qdelay_l_ms=1.07943 qdelay_c_ms=1.06689 ecn_mark=1048 drop=0
[QUEUE_STATS] t_ms=14576 q_pkts=4 q_bytes=6016 qdelay_l_ms=0.083066 qdelay_c_ms=0.070532 ecn_mark=1051 drop=0
[QUEUE_STATS] t_ms=14592 q_pkts=1 q_bytes=1504 qdelay_l_ms=1.0904 qdelay_c_ms=0 ecn_mark=1051 drop=0
[QUEUE_STATS] t_ms=14608 q_pkts=6 q_bytes=9024 qdelay_l_ms=1.13389 qdelay_c_ms=1.12436 ecn_mark=1052 drop=0
[QUEUE_STATS] t_ms=14624 q_pkts=6 q_bytes=9024 qdelay_l_ms=1.02999 qdelay_c_ms=2.16429 ecn_mark=1052 drop=0
[QUEUE_STATS] t_ms=14640 q_pkts=6 q_bytes=9024 qdelay_l_ms=1.13166 qdelay_c_ms=1.09783 ecn_mark=1052 drop=0
[QUEUE_STATS] t_ms=14656 q_pkts=4 q_bytes=6016 qdelay_l_ms=1.09929 qdelay_c_ms=2.15425 ecn_mark=1052 drop=0
[QUEUE_STATS] t_ms=14672 q_pkts=7 q_bytes=10528 qdelay_l_ms=0.980313 qdelay_c_ms=2.08471 ecn_mark=1053 drop=0
[QUEUE_STATS] t_ms=14688 q_pkts=3 q_bytes=4512 qdelay_l_ms=1.09514 qdelay_c_ms=1.08446 ecn_mark=1053 drop=0
[QUEUE_STATS] t_ms=14704 q_pkts=5 q_bytes=7520 qdelay_l_ms=0.739821 qdelay_c_ms=1.86105 ecn_mark=1054 drop=0
[QUEUE_STATS] t_ms=14720 q_pkts=3 q_bytes=4512 qdelay_l_ms=0.713 qdelay_c_ms=0.705656 ecn_mark=1057 drop=0
[QUEUE_STATS] t_ms=14736 q_pkts=6 q_bytes=9024 qdelay_l_ms=1.09712 qdelay_c_ms=1.07058 ecn_mark=1058 drop=0
[QUEUE_STATS] t_ms=14752 q_pkts=5 q_bytes=7520 qdelay_l_ms=1.1165 qdelay_c_ms=1.79249 ecn_mark=1058 drop=0
[QUEUE_STATS] t_ms=14768 q_pkts=3 q_bytes=4512 qdelay_l_ms=1.07123 qdelay_c_ms=1.10678 ecn_mark=1058 drop=0
[QUEUE_STATS] t_ms=14784 q_pkts=2 q_bytes=3008 qdelay_l_ms=0.050425 qdelay_c_ms=0.039945 ecn_mark=1059 drop=0
[QUEUE_STATS] t_ms=14800 q_pkts=7 q_bytes=10528 qdelay_l_ms=1.12285 qdelay_c_ms=2.1501 ecn_mark=1059 drop=0
[QUEUE_STATS] t_ms=14816 q_pkts=3 q_bytes=4512 qdelay_l_ms=1.09526 qdelay_c_ms=1.08904 ecn_mark=1059 drop=0
[QUEUE_STATS] t_ms=14832 q_pkts=3 q_bytes=4512 qdelay_l_ms=1.06769 qdelay_c_ms=1.10575 ecn_mark=1060 drop=0
[QUEUE_STATS] t_ms=14848 q_pkts=2 q_bytes=3008 qdelay_l_ms=1.07077 qdelay_c_ms=0 ecn_mark=1060 drop=0
[QUEUE_STATS] t_ms=14864 q_pkts=6 q_bytes=9024 qdelay_l_ms=1.11171 qdelay_c_ms=1.10415 ecn_mark=1061 drop=0
[QUEUE_STATS] t_ms=14880 q_pkts=4 q_bytes=6016 qdelay_l_ms=0.958181 qdelay_c_ms=2.09186 ecn_mark=1061 drop=0
[QUEUE_STATS] t_ms=14896 q_pkts=4 q_bytes=6016 qdelay_l_ms=0.744419 qdelay_c_ms=0.737947 ecn_mark=1063 drop=0
[QUEUE_STATS] t_ms=14912 q_pkts=6 q_bytes=9024 qdelay_l_ms=1.11111 qdelay_c_ms=1.10182 ecn_mark=1064 drop=0
[QUEUE_STATS] t_ms=14928 q_pkts=5 q_bytes=7520 qdelay_l_ms=0.966918 qdelay_c_ms=2.07543 ecn_mark=1064 drop=0
[QUEUE_STATS] t_ms=14944 q_pkts=4 q_bytes=6016 qdelay_l_ms=1.10215 qdelay_c_ms=2.14347 ecn_mark=1064 drop=0
[QUEUE_STATS] t_ms=14960 q_pkts=5 q_bytes=7520 qdelay_l_ms=1.11199 qdelay_c_ms=1.10266 ecn_mark=1067 drop=0
[QUEUE_STATS] t_ms=14976 q_pkts=4 q_bytes=6016 qdelay_l_ms=1.10789 qdelay_c_ms=1.10042 ecn_mark=1067 drop=0
[QUEUE_STATS] t_ms=14992 q_pkts=0 q_bytes=0 qdelay_l_ms=0 qdelay_c_ms=0 ecn_mark=1067 drop=0
[QUEUE_STATS] t_ms=15008 q_pkts=5 q_bytes=7520 qdelay_l_ms=1.07252 qdelay_c_ms=1.76169 ecn_mark=1067 drop=0
[QUEUE_STATS] t_ms=15024 q_pkts=3 q_bytes=4512 qdelay_l_ms=0.94713 qdelay_c_ms=0.941269 ecn_mark=1070 drop=0
[QUEUE_STATS] t_ms=15040 q_pkts=5 q_bytes=7520 qdelay_l_ms=1.0914 qdelay_c_ms=1.08498 ecn_mark=1071 drop=0
[QUEUE_STATS] t_ms=15056 q_pkts=6 q_bytes=9024 qdelay_l_ms=1.10089 qdelay_c_ms=1.09384 ecn_mark=1074 drop=0
[QUEUE_STATS] t_ms=15072 q_pkts=5 q_bytes=7520 qdelay_l_ms=1.05985 qdelay_c_ms=2.03413 ecn_mark=1074 drop=0
[QUEUE_STATS] t_ms=15088 q_pkts=5 q_bytes=7520 qdelay_l_ms=1.0618 qdelay_c_ms=1.10373 ecn_mark=1079 drop=0
[QUEUE_STATS] t_ms=15104 q_pkts=1 q_bytes=1504 qdelay_l_ms=1.07876 qdelay_c_ms=0 ecn_mark=1079 drop=0
[QUEUE_STATS] t_ms=15120 q_pkts=0 q_bytes=0 qdelay_l_ms=0 qdelay_c_ms=0 ecn_mark=1080 drop=0
[QUEUE_STATS] t_ms=15136 q_pkts=5 q_bytes=7520 qdelay_l_ms=1.04754 qdelay_c_ms=1.08574 ecn_mark=1080 drop=0
[QUEUE_STATS] t_ms=15152 q_pkts=1 q_bytes=1504 qdelay_l_ms=0.960535 qdelay_c_ms=0 ecn_mark=1081 drop=0
[QUEUE_STATS] t_ms=15168 q_pkts=5 q_bytes=7520 qdelay_l_ms=0.346652 qdelay_c_ms=1.46683 ecn_mark=1081 drop=0
[QUEUE_STATS] t_ms=15184 q_pkts=4 q_bytes=6016 qdelay_l_ms=1.04946 qdelay_c_ms=1.04265 ecn_mark=1082 drop=0
[QUEUE_STATS] t_ms=15200 q_pkts=5 q_bytes=7520 qdelay_l_ms=1.06371 qdelay_c_ms=1.05667 ecn_mark=1082 drop=0
[QUEUE_STATS] t_ms=15216 q_pkts=3 q_bytes=4512 qdelay_l_ms=1.06634 qdelay_c_ms=1.07713 ecn_mark=1084 drop=0
[QUEUE_STATS] t_ms=15233 q_pkts=2 q_bytes=3008 qdelay_l_ms=1.0775 qdelay_c_ms=0 ecn_mark=1085 drop=0
[QUEUE_STATS] t_ms=15248 q_pkts=2 q_bytes=3008 qdelay_l_ms=1.05828 qdelay_c_ms=0 ecn_mark=1087 drop=0
[QUEUE_STATS] t_ms=15264 q_pkts=6 q_bytes=9024 qdelay_l_ms=1.10363 qdelay_c_ms=1.09732 ecn_mark=1091 drop=0
[QUEUE_STATS] t_ms=15281 q_pkts=3 q_bytes=4512 qdelay_l_ms=1.08746 qdelay_c_ms=1.08055 ecn_mark=1092 drop=0
[QUEUE_STATS] t_ms=15296 q_pkts=5 q_bytes=7520 qdelay_l_ms=1.08551 qdelay_c_ms=1.07964 ecn_mark=1094 drop=0
[QUEUE_STATS] t_ms=15312 q_pkts=7 q_bytes=10528 qdelay_l_ms=0.798691 qdelay_c_ms=2.20165 ecn_mark=1094 drop=0
[QUEUE_STATS] t_ms=15328 q_pkts=0 q_bytes=0 qdelay_l_ms=0 qdelay_c_ms=0 ecn_mark=1095 drop=0
[QUEUE_STATS] t_ms=15344 q_pkts=3 q_bytes=4512 qdelay_l_ms=1.06638 qdelay_c_ms=1.08455 ecn_mark=1097 drop=0
[QUEUE_STATS] t_ms=15361 q_pkts=3 q_bytes=4512 qdelay_l_ms=1.09423 qdelay_c_ms=1.79861 ecn_mark=1098 drop=0
[QUEUE_STATS] t_ms=15376 q_pkts=4 q_bytes=6016 qdelay_l_ms=0.815082 qdelay_c_ms=0.809532 ecn_mark=1099 drop=0
[QUEUE_STATS] t_ms=15392 q_pkts=7 q_bytes=10528 qdelay_l_ms=1.07967 qdelay_c_ms=2.16725 ecn_mark=1099 drop=0
[QUEUE_STATS] t_ms=15408 q_pkts=1 q_bytes=1504 qdelay_l_ms=0 qdelay_c_ms=0.956999 ecn_mark=1100 drop=0
[QUEUE_STATS] t_ms=15424 q_pkts=2 q_bytes=3008 qdelay_l_ms=0 qdelay_c_ms=0.948753 ecn_mark=1101 drop=0
[QUEUE_STATS] t_ms=15440 q_pkts=6 q_bytes=9024 qdelay_l_ms=1.11561 qdelay_c_ms=1.10897 ecn_mark=1102 drop=0
[QUEUE_STATS] t_ms=15457 q_pkts=4 q_bytes=6016 qdelay_l_ms=1.07815 qdelay_c_ms=1.07454 ecn_mark=1105 drop=0
[QUEUE_STATS] t_ms=15472 q_pkts=4 q_bytes=6016 qdelay_l_ms=0.980423 qdelay_c_ms=2.08941 ecn_mark=1106 drop=0
[QUEUE_STATS] t_ms=15488 q_pkts=1 q_bytes=1504 qdelay_l_ms=1.05384 qdelay_c_ms=0 ecn_mark=1106 drop=0
[QUEUE_STATS] t_ms=15505 q_pkts=6 q_bytes=9024 qdelay_l_ms=1.081 qdelay_c_ms=1.07699 ecn_mark=1106 drop=0
[QUEUE_STATS] t_ms=15520 q_pkts=4 q_bytes=6016 qdelay_l_ms=1.0675 qdelay_c_ms=1.06458 ecn_mark=1107 drop=0
[QUEUE_STATS] t_ms=15536 q_pkts=5 q_bytes=7520 qdelay_l_ms=1.08604 qdelay_c_ms=2.18681 ecn_mark=1107 drop=0
[QUEUE_STATS] t_ms=15552 q_pkts=4 q_bytes=6016 qdelay_l_ms=0.676852 qdelay_c_ms=2.10986 ecn_mark=1108 drop=0
[QUEUE_STATS] t_ms=15568 q_pkts=4 q_bytes=6016 qdelay_l_ms=1.06957 qdelay_c_ms=2.14441 ecn_mark=1112 drop=0
[QUEUE_STATS] t_ms=15584 q_pkts=5 q_bytes=7520 qdelay_l_ms=1.06777 qdelay_c_ms=1.10166 ecn_mark=1115 drop=0
[QUEUE_STATS] t_ms=15600 q_pkts=1 q_bytes=1504 qdelay_l_ms=1.02117 qdelay_c_ms=0 ecn_mark=1117 drop=0
[QUEUE_STATS] t_ms=15616 q_pkts=5 q_bytes=7520 qdelay_l_ms=1.10278 qdelay_c_ms=1.09477 ecn_mark=1118 drop=0
[QUEUE_STATS] t_ms=15632 q_pkts=4 q_bytes=6016 qdelay_l_ms=1.06423 qdelay_c_ms=1.09322 ecn_mark=1118 drop=0
[QUEUE_STATS] t_ms=15648 q_pkts=4 q_bytes=6016 qdelay_l_ms=1.0815 qdelay_c_ms=2.14768 ecn_mark=1119 drop=0
[QUEUE_STATS] t_ms=15664 q_pkts=3 q_bytes=4512 qdelay_l_ms=0.712579 qdelay_c_ms=0.725273 ecn_mark=1119 drop=0
[QUEUE_STATS] t_ms=15681 q_pkts=4 q_bytes=6016 qdelay_l_ms=1.10069 qdelay_c_ms=1.0934 ecn_mark=1121 drop=0
[QUEUE_STATS] t_ms=15696 q_pkts=6 q_bytes=9024 qdelay_l_ms=1.0971 qdelay_c_ms=1.09116 ecn_mark=1122 drop=0
[QUEUE_STATS] t_ms=15713 q_pkts=3 q_bytes=4512 qdelay_l_ms=1.09687 qdelay_c_ms=1.49109 ecn_mark=1123 drop=0
[QUEUE_STATS] t_ms=15728 q_pkts=3 q_bytes=4512 qdelay_l_ms=1.08193 qdelay_c_ms=1.07767 ecn_mark=1124 drop=0
[QUEUE_STATS] t_ms=15744 q_pkts=3 q_bytes=4512 qdelay_l_ms=1.06878 qdelay_c_ms=1.08486 ecn_mark=1126 drop=0
[QUEUE_STATS] t_ms=15760 q_pkts=3 q_bytes=4512 qdelay_l_ms=1.09122 qdelay_c_ms=1.0846 ecn_mark=1126 drop=0
[QUEUE_STATS] t_ms=15776 q_pkts=7 q_bytes=10528 qdelay_l_ms=1.01694 qdelay_c_ms=1.06939 ecn_mark=1126 drop=0
[QUEUE_STATS] t_ms=15792 q_pkts=5 q_bytes=7520 qdelay_l_ms=1.09805 qdelay_c_ms=1.09326 ecn_mark=1127 drop=0
[QUEUE_STATS] t_ms=15808 q_pkts=5 q_bytes=7520 qdelay_l_ms=1.03472 qdelay_c_ms=1.06001 ecn_mark=1127 drop=0
[QUEUE_STATS] t_ms=15824 q_pkts=8 q_bytes=12032 qdelay_l_ms=1.04176 qdelay_c_ms=1.03844 ecn_mark=1128 drop=0
[QUEUE_STATS] t_ms=15840 q_pkts=3 q_bytes=4512 qdelay_l_ms=0.74517 qdelay_c_ms=0.740832 ecn_mark=1129 drop=0
[QUEUE_STATS] t_ms=15856 q_pkts=6 q_bytes=9024 qdelay_l_ms=1.10196 qdelay_c_ms=1.09625 ecn_mark=1129 drop=0
[QUEUE_STATS] t_ms=15872 q_pkts=4 q_bytes=6016 qdelay_l_ms=1.0687 qdelay_c_ms=2.14849 ecn_mark=1130 drop=0
[QUEUE_STATS] t_ms=15888 q_pkts=3 q_bytes=4512 qdelay_l_ms=1.0841 qdelay_c_ms=1.0797 ecn_mark=1132 drop=0
[QUEUE_STATS] t_ms=15904 q_pkts=5 q_bytes=7520 qdelay_l_ms=1.07063 qdelay_c_ms=1.08289 ecn_mark=1133 drop=0
[QUEUE_STATS] t_ms=15920 q_pkts=5 q_bytes=7520 qdelay_l_ms=0.763936 qdelay_c_ms=0.794193 ecn_mark=1135 drop=0
[QUEUE_STATS] t_ms=15936 q_pkts=3 q_bytes=4512 qdelay_l_ms=1.09131 qdelay_c_ms=1.84336 ecn_mark=1136 drop=0
[QUEUE_STATS] t_ms=15952 q_pkts=5 q_bytes=7520 qdelay_l_ms=1.06346 qdelay_c_ms=1.13594 ecn_mark=1138 drop=0
[QUEUE_STATS] t_ms=15968 q_pkts=2 q_bytes=3008 qdelay_l_ms=0 qdelay_c_ms=0.032992 ecn_mark=1138 drop=0
[QUEUE_STATS] t_ms=15984 q_pkts=3 q_bytes=4512 qdelay_l_ms=0.746713 qdelay_c_ms=0.769085 ecn_mark=1139 drop=0
[QUEUE_STATS] t_ms=16000 q_pkts=2 q_bytes=3008 qdelay_l_ms=0.746523 qdelay_c_ms=0 ecn_mark=1141 drop=0
[QUEUE_STATS] t_ms=16016 q_pkts=5 q_bytes=7520 qdelay_l_ms=1.03842 qdelay_c_ms=1.03379 ecn_mark=1142 drop=0
[QUEUE_STATS] t_ms=16032 q_pkts=4 q_bytes=6016 qdelay_l_ms=0 qdelay_c_ms=0.77193 ecn_mark=1143 drop=0
[QUEUE_STATS] t_ms=16048 q_pkts=4 q_bytes=6016 qdelay_l_ms=1.03808 qdelay_c_ms=2.13526 ecn_mark=1144 drop=0
[QUEUE_STATS] t_ms=16064 q_pkts=5 q_bytes=7520 qdelay_l_ms=1.00369 qdelay_c_ms=1.03239 ecn_mark=1145 drop=0
[QUEUE_STATS] t_ms=16080 q_pkts=6 q_bytes=9024 qdelay_l_ms=1.0382 qdelay_c_ms=2.17366 ecn_mark=1146 drop=0
[QUEUE_STATS] t_ms=16096 q_pkts=6 q_bytes=9024 qdelay_l_ms=1.07822 qdelay_c_ms=1.07395 ecn_mark=1147 drop=0
[QUEUE_STATS] t_ms=16112 q_pkts=2 q_bytes=3008 qdelay_l_ms=0.817417 qdelay_c_ms=0 ecn_mark=1148 drop=0
[QUEUE_STATS] t_ms=16128 q_pkts=3 q_bytes=4512 qdelay_l_ms=1.06666 qdelay_c_ms=1.08368 ecn_mark=1148 drop=0
[QUEUE_STATS] t_ms=16144 q_pkts=4 q_bytes=6016 qdelay_l_ms=1.08019 qdelay_c_ms=1.80402 ecn_mark=1148 drop=0
[QUEUE_STATS] t_ms=16160 q_pkts=6 q_bytes=9024 qdelay_l_ms=1.05168 qdelay_c_ms=2.20633 ecn_mark=1150 drop=0
[QUEUE_STATS] t_ms=16176 q_pkts=6 q_bytes=9024 qdelay_l_ms=1.07315 qdelay_c_ms=1.44336 ecn_mark=1150 drop=0
[QUEUE_STATS] t_ms=16192 q_pkts=4 q_bytes=6016 qdelay_l_ms=1.09465 qdelay_c_ms=1.08824 ecn_mark=1152 drop=0
[QUEUE_STATS] t_ms=16208 q_pkts=7 q_bytes=10528 qdelay_l_ms=1.05754 qdelay_c_ms=2.17727 ecn_mark=1152 drop=0
[QUEUE_STATS] t_ms=16224 q_pkts=5 q_bytes=7520 qdelay_l_ms=0.742095 qdelay_c_ms=1.81429 ecn_mark=1153 drop=0
[QUEUE_STATS] t_ms=16240 q_pkts=3 q_bytes=4512 qdelay_l_ms=0.822516 qdelay_c_ms=0.869585 ecn_mark=1156 drop=0
[QUEUE_STATS] t_ms=16256 q_pkts=3 q_bytes=4512 qdelay_l_ms=0.466627 qdelay_c_ms=0.462649 ecn_mark=1159 drop=0
[QUEUE_STATS] t_ms=16272 q_pkts=3 q_bytes=4512 qdelay_l_ms=1.12907 qdelay_c_ms=2.1734 ecn_mark=1159 drop=0
[QUEUE_STATS] t_ms=16288 q_pkts=5 q_bytes=7520 qdelay_l_ms=1.06887 qdelay_c_ms=1.09957 ecn_mark=1161 drop=0
[QUEUE_STATS] t_ms=16304 q_pkts=6 q_bytes=9024 qdelay_l_ms=1.04811 qdelay_c_ms=2.1938 ecn_mark=1163 drop=0
[QUEUE_STATS] t_ms=16320 q_pkts=5 q_bytes=7520 qdelay_l_ms=1.10149 qdelay_c_ms=2.15761 ecn_mark=1165 drop=0
[QUEUE_STATS] t_ms=16336 q_pkts=4 q_bytes=6016 qdelay_l_ms=0 qdelay_c_ms=1.05465 ecn_mark=1166 drop=0
[QUEUE_STATS] t_ms=16352 q_pkts=3 q_bytes=4512 qdelay_l_ms=0 qdelay_c_ms=0.798911 ecn_mark=1166 drop=0
[QUEUE_STATS] t_ms=16368 q_pkts=5 q_bytes=7520 qdelay_l_ms=1.06407 qdelay_c_ms=1.09178 ecn_mark=1166 drop=0
[QUEUE_STATS] t_ms=16384 q_pkts=6 q_bytes=9024 qdelay_l_ms=1.07622 qdelay_c_ms=1.07119 ecn_mark=1167 drop=0
[QUEUE_STATS] t_ms=16400 q_pkts=5 q_bytes=7520 qdelay_l_ms=1.06743 qdelay_c_ms=2.15595 ecn_mark=1167 drop=0
[QUEUE_STATS] t_ms=16416 q_pkts=4 q_bytes=6016 qdelay_l_ms=0.818077 qdelay_c_ms=1.88579 ecn_mark=1167 drop=0
[QUEUE_STATS] t_ms=16432 q_pkts=5 q_bytes=7520 qdelay_l_ms=1.0807 qdelay_c_ms=1.07658 ecn_mark=1169 drop=0
[QUEUE_STATS] t_ms=16448 q_pkts=3 q_bytes=4512 qdelay_l_ms=1.07176 qdelay_c_ms=2.12604 ecn_mark=1169 drop=0
[QUEUE_STATS] t_ms=16464 q_pkts=6 q_bytes=9024 qdelay_l_ms=1.07835 qdelay_c_ms=1.83063 ecn_mark=1169 drop=0
[QUEUE_STATS] t_ms=16480 q_pkts=4 q_bytes=6016 qdelay_l_ms=1.05823 qdelay_c_ms=2.16285 ecn_mark=1170 drop=0
[QUEUE_STATS] t_ms=16496 q_pkts=4 q_bytes=6016 qdelay_l_ms=1.07371 qdelay_c_ms=1.79265 ecn_mark=1171 drop=0
[QUEUE_STATS] t_ms=16512 q_pkts=3 q_bytes=4512 qdelay_l_ms=1.06223 qdelay_c_ms=1.05903 ecn_mark=1171 drop=0
[QUEUE_STATS] t_ms=16528 q_pkts=3 q_bytes=4512 qdelay_l_ms=1.06468 qdelay_c_ms=1.06164 ecn_mark=1171 drop=0
[QUEUE_STATS] t_ms=16544 q_pkts=4 q_bytes=6016 qdelay_l_ms=1.07164 qdelay_c_ms=1.06791 ecn_mark=1173 drop=0
[QUEUE_STATS] t_ms=16560 q_pkts=4 q_bytes=6016 qdelay_l_ms=1.06076 qdelay_c_ms=1.0578 ecn_mark=1174 drop=0
[QUEUE_STATS] t_ms=16576 q_pkts=0 q_bytes=0 qdelay_l_ms=0 qdelay_c_ms=0 ecn_mark=1175 drop=0
[QUEUE_STATS] t_ms=16592 q_pkts=3 q_bytes=4512 qdelay_l_ms=0.770578 qdelay_c_ms=0.782771 ecn_mark=1175 drop=0
[QUEUE_STATS] t_ms=16608 q_pkts=4 q_bytes=6016 qdelay_l_ms=1.07795 qdelay_c_ms=1.81413 ecn_mark=1177 drop=0
[QUEUE_STATS] t_ms=16624 q_pkts=1 q_bytes=1504 qdelay_l_ms=0 qdelay_c_ms=1.07746 ecn_mark=1181 drop=0
[QUEUE_STATS] t_ms=16640 q_pkts=3 q_bytes=4512 qdelay_l_ms=1.06055 qdelay_c_ms=1.0746 ecn_mark=1182 drop=0
[QUEUE_STATS] t_ms=16656 q_pkts=3 q_bytes=4512 qdelay_l_ms=1.05793 qdelay_c_ms=1.06388 ecn_mark=1184 drop=0
[QUEUE_STATS] t_ms=16672 q_pkts=5 q_bytes=7520 qdelay_l_ms=1.08014 qdelay_c_ms=1.07665 ecn_mark=1184 drop=0
[QUEUE_STATS] t_ms=16688 q_pkts=5 q_bytes=7520 qdelay_l_ms=1.06199 qdelay_c_ms=1.08326 ecn_mark=1186 drop=0
[QUEUE_STATS] t_ms=16704 q_pkts=3 q_bytes=4512 qdelay_l_ms=0 qdelay_c_ms=2.15958 ecn_mark=1187 drop=0
[QUEUE_STATS] t_ms=16720 q_pkts=4 q_bytes=6016 qdelay_l_ms=1.07236 qdelay_c_ms=1.06921 ecn_mark=1187 drop=0
[QUEUE_STATS] t_ms=16736 q_pkts=4 q_bytes=6016 qdelay_l_ms=1.06498 qdelay_c_ms=2.12299 ecn_mark=1188 drop=0
[QUEUE_STATS] t_ms=16752 q_pkts=3 q_bytes=4512 qdelay_l_ms=1.06268 qdelay_c_ms=1.07555 ecn_mark=1190 drop=0
[QUEUE_STATS] t_ms=16768 q_pkts=1 q_bytes=1504 qdelay_l_ms=1.08687 qdelay_c_ms=0 ecn_mark=1192 drop=0
[QUEUE_STATS] t_ms=16784 q_pkts=0 q_bytes=0 qdelay_l_ms=0 qdelay_c_ms=0 ecn_mark=1192 drop=0
[QUEUE_STATS] t_ms=16800 q_pkts=4 q_bytes=6016 qdelay_l_ms=1.11188 qdelay_c_ms=1.10151 ecn_mark=1193 drop=0
[QUEUE_STATS] t_ms=16816 q_pkts=1 q_bytes=1504 qdelay_l_ms=1.06153 qdelay_c_ms=0 ecn_mark=1194 drop=0
[QUEUE_STATS] t_ms=16832 q_pkts=5 q_bytes=7520 qdelay_l_ms=0.737516 qdelay_c_ms=0.732246 ecn_mark=1195 drop=0
[QUEUE_STATS] t_ms=16848 q_pkts=3 q_bytes=4512 qdelay_l_ms=1.07603 qdelay_c_ms=1.072 ecn_mark=1197 drop=0
[QUEUE_STATS] t_ms=16864 q_pkts=4 q_bytes=6016 qdelay_l_ms=1.04186 qdelay_c_ms=1.88306 ecn_mark=1198 drop=0
[QUEUE_STATS] t_ms=16880 q_pkts=3 q_bytes=4512 qdelay_l_ms=1.0611 qdelay_c_ms=1.07058 ecn_mark=1198 drop=0
[QUEUE_STATS] t_ms=16896 q_pkts=3 q_bytes=4512 qdelay_l_ms=1.06253 qdelay_c_ms=1.07321 ecn_mark=1201 drop=0
[QUEUE_STATS] t_ms=16912 q_pkts=2 q_bytes=3008 qdelay_l_ms=1.05522 qdelay_c_ms=1.05814 ecn_mark=1202 drop=0
[QUEUE_STATS] t_ms=16928 q_pkts=5 q_bytes=7520 qdelay_l_ms=1.05554 qdelay_c_ms=2.15781 ecn_mark=1202 drop=0
[QUEUE_STATS] t_ms=16944 q_pkts=3 q_bytes=4512 qdelay_l_ms=1.05815 qdelay_c_ms=1.06401 ecn_mark=1203 drop=0
[QUEUE_STATS] t_ms=16960 q_pkts=5 q_bytes=7520 qdelay_l_ms=1.08099 qdelay_c_ms=1.07743 ecn_mark=1203 drop=0
[QUEUE_STATS] t_ms=16976 q_pkts=5 q_bytes=7520 qdelay_l_ms=1.07689 qdelay_c_ms=1.07364 ecn_mark=1204 drop=0
[QUEUE_STATS] t_ms=16992 q_pkts=5 q_bytes=7520 qdelay_l_ms=1.05622 qdelay_c_ms=1.0678 ecn_mark=1206 drop=0
[QUEUE_STATS] t_ms=17008 q_pkts=2 q_bytes=3008 qdelay_l_ms=1.05943 qdelay_c_ms=1.05611 ecn_mark=1207 drop=0
[QUEUE_STATS] t_ms=17024 q_pkts=2 q_bytes=3008 qdelay_l_ms=0 qdelay_c_ms=0.934707 ecn_mark=1207 drop=0
[QUEUE_STATS] t_ms=17040 q_pkts=3 q_bytes=4512 qdelay_l_ms=1.06675 qdelay_c_ms=1.06366 ecn_mark=1208 drop=0
[QUEUE_STATS] t_ms=17056 q_pkts=3 q_bytes=4512 qdelay_l_ms=1.05479 qdelay_c_ms=1.0606 ecn_mark=1209 drop=0
[QUEUE_STATS] t_ms=17072 q_pkts=2 q_bytes=3008 qdelay_l_ms=0 qdelay_c_ms=1.05829 ecn_mark=1209 drop=0
[QUEUE_STATS] t_ms=17088 q_pkts=4 q_bytes=6016 qdelay_l_ms=1.07262 qdelay_c_ms=1.06938 ecn_mark=1210 drop=0
[QUEUE_STATS] t_ms=17104 q_pkts=3 q_bytes=4512 qdelay_l_ms=1.06004 qdelay_c_ms=1.06842 ecn_mark=1211 drop=0
[QUEUE_STATS] t_ms=17120 q_pkts=6 q_bytes=9024 qdelay_l_ms=1.08403 qdelay_c_ms=1.08007 ecn_mark=1211 drop=0
[QUEUE_STATS] t_ms=17137 q_pkts=4 q_bytes=6016 qdelay_l_ms=1.06873 qdelay_c_ms=1.06535 ecn_mark=1212 drop=0
[QUEUE_STATS] t_ms=17152 q_pkts=0 q_bytes=0 qdelay_l_ms=0 qdelay_c_ms=0 ecn_mark=1212 drop=0
[QUEUE_STATS] t_ms=17168 q_pkts=0 q_bytes=0 qdelay_l_ms=0 qdelay_c_ms=0 ecn_mark=1214 drop=0
[QUEUE_STATS] t_ms=17184 q_pkts=4 q_bytes=6016 qdelay_l_ms=1.08628 qdelay_c_ms=1.07914 ecn_mark=1215 drop=0
[QUEUE_STATS] t_ms=17200 q_pkts=0 q_bytes=0 qdelay_l_ms=0 qdelay_c_ms=0 ecn_mark=1217 drop=0
[QUEUE_STATS] t_ms=17216 q_pkts=0 q_bytes=0 qdelay_l_ms=0 qdelay_c_ms=0 ecn_mark=1217 drop=0
[QUEUE_STATS] t_ms=17232 q_pkts=4 q_bytes=6016 qdelay_l_ms=1.06866 qdelay_c_ms=1.06582 ecn_mark=1218 drop=0
[QUEUE_STATS] t_ms=17248 q_pkts=3 q_bytes=4512 qdelay_l_ms=1.06058 qdelay_c_ms=1.06628 ecn_mark=1219 drop=0
[QUEUE_STATS] t_ms=17264 q_pkts=7 q_bytes=10528 qdelay_l_ms=0.960505 qdelay_c_ms=2.03034 ecn_mark=1219 drop=0
[QUEUE_STATS] t_ms=17281 q_pkts=3 q_bytes=4512 qdelay_l_ms=1.05533 qdelay_c_ms=1.06125 ecn_mark=1220 drop=0
[QUEUE_STATS] t_ms=17296 q_pkts=4 q_bytes=6016 qdelay_l_ms=1.07962 qdelay_c_ms=1.07191 ecn_mark=1220 drop=0
[QUEUE_STATS] t_ms=17312 q_pkts=6 q_bytes=9024 qdelay_l_ms=1.06805 qdelay_c_ms=2.1678 ecn_mark=1222 drop=0
[QUEUE_STATS] t_ms=17329 q_pkts=3 q_bytes=4512 qdelay_l_ms=1.06271 qdelay_c_ms=1.07777 ecn_mark=1222 drop=0
[QUEUE_STATS] t_ms=17344 q_pkts=4 q_bytes=6016 qdelay_l_ms=1.0561 qdelay_c_ms=2.18379 ecn_mark=1222 drop=0
[QUEUE_STATS] t_ms=17360 q_pkts=4 q_bytes=6016 qdelay_l_ms=1.05531 qdelay_c_ms=1.05233 ecn_mark=1222 drop=0
[QUEUE_STATS] t_ms=17376 q_pkts=4 q_bytes=6016 qdelay_l_ms=1.06583 qdelay_c_ms=1.08328 ecn_mark=1222 drop=0
[QUEUE_STATS] t_ms=17392 q_pkts=5 q_bytes=7520 qdelay_l_ms=1.04274 qdelay_c_ms=1.05624 ecn_mark=1223 drop=0
[QUEUE_STATS] t_ms=17408 q_pkts=2 q_bytes=3008 qdelay_l_ms=1.05089 qdelay_c_ms=0 ecn_mark=1224 drop=0
[QUEUE_STATS] t_ms=17424 q_pkts=3 q_bytes=4512 qdelay_l_ms=1.05823 qdelay_c_ms=1.05488 ecn_mark=1225 drop=0
[QUEUE_STATS] t_ms=17440 q_pkts=5 q_bytes=7520 qdelay_l_ms=0.826844 qdelay_c_ms=1.95071 ecn_mark=1225 drop=0
[QUEUE_STATS] t_ms=17456 q_pkts=6 q_bytes=9024 qdelay_l_ms=1.09702 qdelay_c_ms=1.08148 ecn_mark=1226 drop=0
[QUEUE_STATS] t_ms=17472 q_pkts=4 q_bytes=6016 qdelay_l_ms=1.06835 qdelay_c_ms=1.92076 ecn_mark=1227 drop=0
[QUEUE_STATS] t_ms=17488 q_pkts=1 q_bytes=1504 qdelay_l_ms=1.08578 qdelay_c_ms=0 ecn_mark=1228 drop=0
[QUEUE_STATS] t_ms=17504 q_pkts=5 q_bytes=7520 qdelay_l_ms=1.06427 qdelay_c_ms=1.09301 ecn_mark=1229 drop=0
[QUEUE_STATS] t_ms=17520 q_pkts=4 q_bytes=6016 qdelay_l_ms=1.07917 qdelay_c_ms=2.17004 ecn_mark=1229 drop=0
[QUEUE_STATS] t_ms=17536 q_pkts=4 q_bytes=6016 qdelay_l_ms=1.07573 qdelay_c_ms=1.07289 ecn_mark=1231 drop=0
[QUEUE_STATS] t_ms=17552 q_pkts=5 q_bytes=7520 qdelay_l_ms=1.09671 qdelay_c_ms=1.09035 ecn_mark=1231 drop=0
[QUEUE_STATS] t_ms=17568 q_pkts=6 q_bytes=9024 qdelay_l_ms=1.06016 qdelay_c_ms=2.19914 ecn_mark=1231 drop=0
[QUEUE_STATS] t_ms=17584 q_pkts=1 q_bytes=1504 qdelay_l_ms=0.8409 qdelay_c_ms=0 ecn_mark=1231 drop=0
[QUEUE_STATS] t_ms=17600 q_pkts=5 q_bytes=7520 qdelay_l_ms=1.07855 qdelay_c_ms=2.17996 ecn_mark=1231 drop=0
[QUEUE_STATS] t_ms=17617 q_pkts=4 q_bytes=6016 qdelay_l_ms=1.09719 qdelay_c_ms=1.09064 ecn_mark=1231 drop=0
[QUEUE_STATS] t_ms=17632 q_pkts=5 q_bytes=7520 qdelay_l_ms=1.06882 qdelay_c_ms=1.104 ecn_mark=1232 drop=0
[QUEUE_STATS] t_ms=17648 q_pkts=6 q_bytes=9024 qdelay_l_ms=1.06766 qdelay_c_ms=2.16886 ecn_mark=1233 drop=0
[QUEUE_STATS] t_ms=17664 q_pkts=1 q_bytes=1504 qdelay_l_ms=0 qdelay_c_ms=1.12472 ecn_mark=1234 drop=0
[QUEUE_STATS] t_ms=17680 q_pkts=3 q_bytes=4512 qdelay_l_ms=1.05128 qdelay_c_ms=1.07564 ecn_mark=1234 drop=0
[QUEUE_STATS] t_ms=17696 q_pkts=5 q_bytes=7520 qdelay_l_ms=1.03939 qdelay_c_ms=2.14286 ecn_mark=1236 drop=0
[QUEUE_STATS] t_ms=17712 q_pkts=4 q_bytes=6016 qdelay_l_ms=1.0303 qdelay_c_ms=1.02655 ecn_mark=1236 drop=0
[QUEUE_STATS] t_ms=17728 q_pkts=5 q_bytes=7520 qdelay_l_ms=0.751212 qdelay_c_ms=1.80237 ecn_mark=1236 drop=0
[QUEUE_STATS] t_ms=17744 q_pkts=3 q_bytes=4512 qdelay_l_ms=1.07204 qdelay_c_ms=1.09745 ecn_mark=1237 drop=0
[QUEUE_STATS] t_ms=17760 q_pkts=4 q_bytes=6016 qdelay_l_ms=1.04026 qdelay_c_ms=2.15707 ecn_mark=1238 drop=0
[QUEUE_STATS] t_ms=17776 q_pkts=4 q_bytes=6016 qdelay_l_ms=0 qdelay_c_ms=0.055344 ecn_mark=1239 drop=0
[QUEUE_STATS] t_ms=17792 q_pkts=3 q_bytes=4512 qdelay_l_ms=1.0754 qdelay_c_ms=1.06881 ecn_mark=1239 drop=0
[QUEUE_STATS] t_ms=17808 q_pkts=3 q_bytes=4512 qdelay_l_ms=1.05969 qdelay_c_ms=1.07204 ecn_mark=1239 drop=0
[QUEUE_STATS] t_ms=17824 q_pkts=3 q_bytes=4512 qdelay_l_ms=0.363523 qdelay_c_ms=1.42673 ecn_mark=1240 drop=0
[QUEUE_STATS] t_ms=17841 q_pkts=3 q_bytes=4512 qdelay_l_ms=1.08056 qdelay_c_ms=1.79134 ecn_mark=1241 drop=0
[QUEUE_STATS] t_ms=17856 q_pkts=6 q_bytes=9024 qdelay_l_ms=1.07129 qdelay_c_ms=1.06842 ecn_mark=1243 drop=0
[QUEUE_STATS] t_ms=17872 q_pkts=1 q_bytes=1504 qdelay_l_ms=0.009217 qdelay_c_ms=0 ecn_mark=1245 drop=0
[QUEUE_STATS] t_ms=17888 q_pkts=3 q_bytes=4512 qdelay_l_ms=1.0007 qdelay_c_ms=0.997595 ecn_mark=1247 drop=0
[QUEUE_STATS] t_ms=17904 q_pkts=7 q_bytes=10528 qdelay_l_ms=1.08081 qdelay_c_ms=2.19779 ecn_mark=1248 drop=0
[QUEUE_STATS] t_ms=17920 q_pkts=4 q_bytes=6016 qdelay_l_ms=1.05089 qdelay_c_ms=1.05681 ecn_mark=1250 drop=0
[QUEUE_STATS] t_ms=17936 q_pkts=6 q_bytes=9024 qdelay_l_ms=1.07794 qdelay_c_ms=1.07424 ecn_mark=1251 drop=0
[QUEUE_STATS] t_ms=17952 q_pkts=6 q_bytes=9024 qdelay_l_ms=1.07643 qdelay_c_ms=1.07268 ecn_mark=1251 drop=0
[QUEUE_STATS] t_ms=17968 q_pkts=3 q_bytes=4512 qdelay_l_ms=1.05942 qdelay_c_ms=1.06577 ecn_mark=1251 drop=0
[QUEUE_STATS] t_ms=17984 q_pkts=5 q_bytes=7520 qdelay_l_ms=1.05646 qdelay_c_ms=1.75918 ecn_mark=1251 drop=0
[QUEUE_STATS] t_ms=18000 q_pkts=5 q_bytes=7520 qdelay_l_ms=1.06213 qdelay_c_ms=1.0947 ecn_mark=1253 drop=0
[QUEUE_STATS] t_ms=18016 q_pkts=2 q_bytes=3008 qdelay_l_ms=1.08295 qdelay_c_ms=1.07818 ecn_mark=1253 drop=0
[QUEUE_STATS] t_ms=18032 q_pkts=5 q_bytes=7520 qdelay_l_ms=0.969051 qdelay_c_ms=0.976415 ecn_mark=1254 drop=0
[QUEUE_STATS] t_ms=18048 q_pkts=4 q_bytes=6016 qdelay_l_ms=1.09421 qdelay_c_ms=1.76115 ecn_mark=1254 drop=0
[QUEUE_STATS] t_ms=18064 q_pkts=5 q_bytes=7520 qdelay_l_ms=1.09319 qdelay_c_ms=2.13138 ecn_mark=1255 drop=0
[QUEUE_STATS] t_ms=18080 q_pkts=5 q_bytes=7520 qdelay_l_ms=0.970644 qdelay_c_ms=2.07626 ecn_mark=1255 drop=0
[QUEUE_STATS] t_ms=18096 q_pkts=0 q_bytes=0 qdelay_l_ms=0 qdelay_c_ms=0 ecn_mark=1255 drop=0
[QUEUE_STATS] t_ms=18112 q_pkts=3 q_bytes=4512 qdelay_l_ms=0.92074 qdelay_c_ms=0.94721 ecn_mark=1256 drop=0
[QUEUE_STATS] t_ms=18128 q_pkts=3 q_bytes=4512 qdelay_l_ms=1.07387 qdelay_c_ms=2.18532 ecn_mark=1257 drop=0
[QUEUE_STATS] t_ms=18144 q_pkts=3 q_bytes=4512 qdelay_l_ms=1.0905 qdelay_c_ms=2.0504 ecn_mark=1259 drop=0
[QUEUE_STATS] t_ms=18160 q_pkts=5 q_bytes=7520 qdelay_l_ms=1.06462 qdelay_c_ms=2.13378 ecn_mark=1261 drop=0
[QUEUE_STATS] t_ms=18176 q_pkts=5 q_bytes=7520 qdelay_l_ms=1.09671 qdelay_c_ms=1.08936 ecn_mark=1261 drop=0
[QUEUE_STATS] t_ms=18192 q_pkts=0 q_bytes=0 qdelay_l_ms=0 qdelay_c_ms=0 ecn_mark=1262 drop=0
[QUEUE_STATS] t_ms=18209 q_pkts=5 q_bytes=7520 qdelay_l_ms=1.1004 qdelay_c_ms=1.80028 ecn_mark=1263 drop=0
[QUEUE_STATS] t_ms=18224 q_pkts=6 q_bytes=9024 qdelay_l_ms=1.08837 qdelay_c_ms=1.08417 ecn_mark=1264 drop=0
[QUEUE_STATS] t_ms=18240 q_pkts=4 q_bytes=6016 qdelay_l_ms=0 qdelay_c_ms=1.02765 ecn_mark=1266 drop=0
[QUEUE_STATS] t_ms=18256 q_pkts=5 q_bytes=7520 qdelay_l_ms=1.06323 qdelay_c_ms=2.07706 ecn_mark=1267 drop=0
[QUEUE_STATS] t_ms=18272 q_pkts=5 q_bytes=7520 qdelay_l_ms=1.02792 qdelay_c_ms=1.03909 ecn_mark=1267 drop=0
[QUEUE_STATS] t_ms=18288 q_pkts=3 q_bytes=4512 qdelay_l_ms=1.05818 qdelay_c_ms=2.13237 ecn_mark=1269 drop=0
[QUEUE_STATS] t_ms=18304 q_pkts=4 q_bytes=6016 qdelay_l_ms=1.06795 qdelay_c_ms=1.06495 ecn_mark=1270 drop=0
[QUEUE_STATS] t_ms=18320 q_pkts=4 q_bytes=6016 qdelay_l_ms=1.0712 qdelay_c_ms=1.06815 ecn_mark=1273 drop=0
[QUEUE_STATS] t_ms=18336 q_pkts=3 q_bytes=4512 qdelay_l_ms=0.009268 qdelay_c_ms=1.11042 ecn_mark=1275 drop=0
[QUEUE_STATS] t_ms=18353 q_pkts=5 q_bytes=7520 qdelay_l_ms=1.08801 qdelay_c_ms=1.78472 ecn_mark=1275 drop=0
[QUEUE_STATS] t_ms=18368 q_pkts=6 q_bytes=9024 qdelay_l_ms=1.07663 qdelay_c_ms=1.06935 ecn_mark=1276 drop=0
[QUEUE_STATS] t_ms=18384 q_pkts=3 q_bytes=4512 qdelay_l_ms=1.07629 qdelay_c_ms=1.07284 ecn_mark=1277 drop=0
[QUEUE_STATS] t_ms=18400 q_pkts=6 q_bytes=9024 qdelay_l_ms=1.06252 qdelay_c_ms=1.77825 ecn_mark=1278 drop=0
[QUEUE_STATS] t_ms=18416 q_pkts=4 q_bytes=6016 qdelay_l_ms=1.07327 qdelay_c_ms=1.06958 ecn_mark=1281 drop=0
[QUEUE_STATS] t_ms=18432 q_pkts=3 q_bytes=4512 qdelay_l_ms=1.04171 qdelay_c_ms=1.03845 ecn_mark=1283 drop=0
[QUEUE_STATS] t_ms=18448 q_pkts=2 q_bytes=3008 qdelay_l_ms=1.04696 qdelay_c_ms=1.04358 ecn_mark=1283 drop=0
[QUEUE_STATS] t_ms=18464 q_pkts=5 q_bytes=7520 qdelay_l_ms=1.08028 qdelay_c_ms=1.07685 ecn_mark=1285 drop=0
[QUEUE_STATS] t_ms=18480 q_pkts=4 q_bytes=6016 qdelay_l_ms=0.364806 qdelay_c_ms=1.38428 ecn_mark=1285 drop=0
[QUEUE_STATS] t_ms=18496 q_pkts=5 q_bytes=7520 qdelay_l_ms=1.06932 qdelay_c_ms=1.06611 ecn_mark=1286 drop=0
[QUEUE_STATS] t_ms=18512 q_pkts=6 q_bytes=9024 qdelay_l_ms=1.08625 qdelay_c_ms=1.50363 ecn_mark=1286 drop=0
[QUEUE_STATS] t_ms=18528 q_pkts=5 q_bytes=7520 qdelay_l_ms=1.05912 qdelay_c_ms=2.16953 ecn_mark=1287 drop=0
[QUEUE_STATS] t_ms=18544 q_pkts=4 q_bytes=6016 qdelay_l_ms=1.06706 qdelay_c_ms=1.06395 ecn_mark=1287 drop=0
[QUEUE_STATS] t_ms=18560 q_pkts=0 q_bytes=0 qdelay_l_ms=0 qdelay_c_ms=0 ecn_mark=1288 drop=0
[QUEUE_STATS] t_ms=18576 q_pkts=3 q_bytes=4512 qdelay_l_ms=1.02026 qdelay_c_ms=1.01708 ecn_mark=1288 drop=0
[QUEUE_STATS] t_ms=18592 q_pkts=4 q_bytes=6016 qdelay_l_ms=1.07055 qdelay_c_ms=2.12149 ecn_mark=1289 drop=0
[QUEUE_STATS] t_ms=18608 q_pkts=5 q_bytes=7520 qdelay_l_ms=0.72354 qdelay_c_ms=1.77703 ecn_mark=1289 drop=0
[QUEUE_STATS] t_ms=18624 q_pkts=3 q_bytes=4512 qdelay_l_ms=1.06108 qdelay_c_ms=2.16538 ecn_mark=1290 drop=0
[QUEUE_STATS] t_ms=18640 q_pkts=5 q_bytes=7520 qdelay_l_ms=1.08518 qdelay_c_ms=2.13762 ecn_mark=1290 drop=0
[QUEUE_STATS] t_ms=18656 q_pkts=4 q_bytes=6016 qdelay_l_ms=1.03654 qdelay_c_ms=2.1523 ecn_mark=1290 drop=0
[QUEUE_STATS] t_ms=18673 q_pkts=4 q_bytes=6016 qdelay_l_ms=1.0623 qdelay_c_ms=1.08014 ecn_mark=1290 drop=0
[QUEUE_STATS] t_ms=18688 q_pkts=2 q_bytes=3008 qdelay_l_ms=0 qdelay_c_ms=0.985262 ecn_mark=1291 drop=0
[QUEUE_STATS] t_ms=18704 q_pkts=5 q_bytes=7520 qdelay_l_ms=1.07618 qdelay_c_ms=1.07254 ecn_mark=1291 drop=0
[QUEUE_STATS] t_ms=18720 q_pkts=6 q_bytes=9024 qdelay_l_ms=1.05522 qdelay_c_ms=2.10206 ecn_mark=1292 drop=0
[QUEUE_STATS] t_ms=18736 q_pkts=4 q_bytes=6016 qdelay_l_ms=0 qdelay_c_ms=1.07204 ecn_mark=1292 drop=0
[QUEUE_STATS] t_ms=18752 q_pkts=5 q_bytes=7520 qdelay_l_ms=1.03962 qdelay_c_ms=1.0366 ecn_mark=1292 drop=0
[QUEUE_STATS] t_ms=18768 q_pkts=6 q_bytes=9024 qdelay_l_ms=0.983729 qdelay_c_ms=2.00191 ecn_mark=1293 drop=0
[QUEUE_STATS] t_ms=18784 q_pkts=5 q_bytes=7520 qdelay_l_ms=1.05511 qdelay_c_ms=1.06652 ecn_mark=1295 drop=0
[QUEUE_STATS] t_ms=18800 q_pkts=0 q_bytes=0 qdelay_l_ms=0 qdelay_c_ms=0 ecn_mark=1296 drop=0
[QUEUE_STATS] t_ms=18816 q_pkts=5 q_bytes=7520 qdelay_l_ms=1.06855 qdelay_c_ms=1.76426 ecn_mark=1297 drop=0
[QUEUE_STATS] t_ms=18832 q_pkts=6 q_bytes=9024 qdelay_l_ms=1.06241 qdelay_c_ms=1.05927 ecn_mark=1298 drop=0
[QUEUE_STATS] t_ms=18848 q_pkts=5 q_bytes=7520 qdelay_l_ms=0 qdelay_c_ms=2.04745 ecn_mark=1299 drop=0
[QUEUE_STATS] t_ms=18864 q_pkts=4 q_bytes=6016 qdelay_l_ms=1.06337 qdelay_c_ms=1.06056 ecn_mark=1299 drop=0
[QUEUE_STATS] t_ms=18880 q_pkts=5 q_bytes=7520 qdelay_l_ms=1.06379 qdelay_c_ms=1.09272 ecn_mark=1299 drop=0
[QUEUE_STATS] t_ms=18896 q_pkts=2 q_bytes=3008 qdelay_l_ms=0.020549 qdelay_c_ms=0.01568 ecn_mark=1301 drop=0
[QUEUE_STATS] t_ms=18912 q_pkts=4 q_bytes=6016 qdelay_l_ms=1.07716 qdelay_c_ms=1.76368 ecn_mark=1303 drop=0
[QUEUE_STATS] t_ms=18928 q_pkts=4 q_bytes=6016 qdelay_l_ms=1.06718 qdelay_c_ms=1.06395 ecn_mark=1303 drop=0
[QUEUE_STATS] t_ms=18945 q_pkts=3 q_bytes=4512 qdelay_l_ms=1.06782 qdelay_c_ms=1.62899 ecn_mark=1303 drop=0
[QUEUE_STATS] t_ms=18960 q_pkts=6 q_bytes=9024 qdelay_l_ms=1.05476 qdelay_c_ms=1.05197 ecn_mark=1305 drop=0
[QUEUE_STATS] t_ms=18976 q_pkts=4 q_bytes=6016 qdelay_l_ms=1.0613 qdelay_c_ms=2.18623 ecn_mark=1306 drop=0
[QUEUE_STATS] t_ms=18992 q_pkts=5 q_bytes=7520 qdelay_l_ms=0 qdelay_c_ms=2.17733 ecn_mark=1306 drop=0
[QUEUE_STATS] t_ms=19008 q_pkts=5 q_bytes=7520 qdelay_l_ms=1.06055 qdelay_c_ms=1.05733 ecn_mark=1307 drop=0
[QUEUE_STATS] t_ms=19024 q_pkts=4 q_bytes=6016 qdelay_l_ms=1.06416 qdelay_c_ms=2.1341 ecn_mark=1308 drop=0
[QUEUE_STATS] t_ms=19040 q_pkts=5 q_bytes=7520 qdelay_l_ms=1.06287 qdelay_c_ms=2.02252 ecn_mark=1308 drop=0
[QUEUE_STATS] t_ms=19056 q_pkts=3 q_bytes=4512 qdelay_l_ms=1.05967 qdelay_c_ms=1.07339 ecn_mark=1309 drop=0
[QUEUE_STATS] t_ms=19072 q_pkts=6 q_bytes=9024 qdelay_l_ms=1.07276 qdelay_c_ms=2.1855 ecn_mark=1310 drop=0
[QUEUE_STATS] t_ms=19088 q_pkts=4 q_bytes=6016 qdelay_l_ms=0.966367 qdelay_c_ms=0.971957 ecn_mark=1310 drop=0
[QUEUE_STATS] t_ms=19104 q_pkts=4 q_bytes=6016 qdelay_l_ms=1.07706 qdelay_c_ms=2.12111 ecn_mark=1313 drop=0
[QUEUE_STATS] t_ms=19120 q_pkts=5 q_bytes=7520 qdelay_l_ms=1.06304 qdelay_c_ms=1.09558 ecn_mark=1314 drop=0
[QUEUE_STATS] t_ms=19136 q_pkts=6 q_bytes=9024 qdelay_l_ms=1.08299 qdelay_c_ms=1.07942 ecn_mark=1315 drop=0
[QUEUE_STATS] t_ms=19152 q_pkts=0 q_bytes=0 qdelay_l_ms=0 qdelay_c_ms=0 ecn_mark=1315 drop=0
[QUEUE_STATS] t_ms=19168 q_pkts=4 q_bytes=6016 qdelay_l_ms=1.0558 qdelay_c_ms=2.18434 ecn_mark=1317 drop=0
[QUEUE_STATS] t_ms=19184 q_pkts=3 q_bytes=4512 qdelay_l_ms=1.00089 qdelay_c_ms=2.12121 ecn_mark=1317 drop=0
[QUEUE_STATS] t_ms=19200 q_pkts=3 q_bytes=4512 qdelay_l_ms=0.93656 qdelay_c_ms=0.933444 ecn_mark=1319 drop=0
[QUEUE_STATS] t_ms=19216 q_pkts=2 q_bytes=3008 qdelay_l_ms=1.07438 qdelay_c_ms=1.08222 ecn_mark=1322 drop=0
[QUEUE_STATS] t_ms=19232 q_pkts=8 q_bytes=12032 qdelay_l_ms=0.948983 qdelay_c_ms=0.986344 ecn_mark=1325 drop=0
[QUEUE_STATS] t_ms=19248 q_pkts=5 q_bytes=7520 qdelay_l_ms=0.944826 qdelay_c_ms=0.939145 ecn_mark=1326 drop=0
[QUEUE_STATS] t_ms=19264 q_pkts=0 q_bytes=0 qdelay_l_ms=0 qdelay_c_ms=0 ecn_mark=1327 drop=0
[QUEUE_STATS] t_ms=19280 q_pkts=7 q_bytes=10528 qdelay_l_ms=1.06155 qdelay_c_ms=2.02659 ecn_mark=1327 drop=0
[QUEUE_STATS] t_ms=19296 q_pkts=5 q_bytes=7520 qdelay_l_ms=0.934637 qdelay_c_ms=0.956007 ecn_mark=1327 drop=0
[QUEUE_STATS] t_ms=19312 q_pkts=5 q_bytes=7520 qdelay_l_ms=1.0881 qdelay_c_ms=2.15791 ecn_mark=1327 drop=0
[QUEUE_STATS] t_ms=19328 q_pkts=10 q_bytes=15040 qdelay_l_ms=1.07958 qdelay_c_ms=2.13469 ecn_mark=1327 drop=0
[QUEUE_STATS] t_ms=19344 q_pkts=5 q_bytes=7520 qdelay_l_ms=1.09335 qdelay_c_ms=1.08657 ecn_mark=1327 drop=0
[QUEUE_STATS] t_ms=19360 q_pkts=4 q_bytes=6016 qdelay_l_ms=1.05856 qdelay_c_ms=2.14644 ecn_mark=1328 drop=0
[QUEUE_STATS] t_ms=19376 q_pkts=4 q_bytes=6016 qdelay_l_ms=0 qdelay_c_ms=2.77399 ecn_mark=1328 drop=0
[QUEUE_STATS] t_ms=19392 q_pkts=5 q_bytes=7520 qdelay_l_ms=1.09772 qdelay_c_ms=1.09081 ecn_mark=1330 drop=0
[QUEUE_STATS] t_ms=19408 q_pkts=5 q_bytes=7520 qdelay_l_ms=1.09393 qdelay_c_ms=1.07892 ecn_mark=1331 drop=0
[QUEUE_STATS] t_ms=19424 q_pkts=6 q_bytes=9024 qdelay_l_ms=1.06391 qdelay_c_ms=1.50002 ecn_mark=1331 drop=0
[QUEUE_STATS] t_ms=19440 q_pkts=5 q_bytes=7520 qdelay_l_ms=1.09698 qdelay_c_ms=1.0903 ecn_mark=1332 drop=0
[QUEUE_STATS] t_ms=19456 q_pkts=5 q_bytes=7520 qdelay_l_ms=1.06341 qdelay_c_ms=1.97073 ecn_mark=1333 drop=0
[QUEUE_STATS] t_ms=19472 q_pkts=6 q_bytes=9024 qdelay_l_ms=1.09482 qdelay_c_ms=2.13545 ecn_mark=1334 drop=0
[QUEUE_STATS] t_ms=19488 q_pkts=5 q_bytes=7520 qdelay_l_ms=1.05001 qdelay_c_ms=2.21948 ecn_mark=1336 drop=0
[QUEUE_STATS] t_ms=19505 q_pkts=5 q_bytes=7520 qdelay_l_ms=1.09466 qdelay_c_ms=1.9787 ecn_mark=1337 drop=0
[QUEUE_STATS] t_ms=19520 q_pkts=5 q_bytes=7520 qdelay_l_ms=1.09433 qdelay_c_ms=1.08664 ecn_mark=1337 drop=0
[QUEUE_STATS] t_ms=19536 q_pkts=5 q_bytes=7520 qdelay_l_ms=1.10088 qdelay_c_ms=1.0935 ecn_mark=1338 drop=0
[QUEUE_STATS] t_ms=19552 q_pkts=5 q_bytes=7520 qdelay_l_ms=1.05204 qdelay_c_ms=3.05487 ecn_mark=1340 drop=0
[QUEUE_STATS] t_ms=19568 q_pkts=4 q_bytes=6016 qdelay_l_ms=1.0728 qdelay_c_ms=2.14882 ecn_mark=1340 drop=0
[QUEUE_STATS] t_ms=19584 q_pkts=5 q_bytes=7520 qdelay_l_ms=1.08131 qdelay_c_ms=1.07628 ecn_mark=1340 drop=0
[QUEUE_STATS] t_ms=19600 q_pkts=5 q_bytes=7520 qdelay_l_ms=0.917935 qdelay_c_ms=0.912434 ecn_mark=1340 drop=0
[QUEUE_STATS] t_ms=19616 q_pkts=5 q_bytes=7520 qdelay_l_ms=1.09269 qdelay_c_ms=1.6916 ecn_mark=1341 drop=0
[QUEUE_STATS] t_ms=19632 q_pkts=5 q_bytes=7520 qdelay_l_ms=0.389371 qdelay_c_ms=0.382018 ecn_mark=1341 drop=0
[QUEUE_STATS] t_ms=19648 q_pkts=4 q_bytes=6016 qdelay_l_ms=1.08779 qdelay_c_ms=2.01685 ecn_mark=1341 drop=0
[QUEUE_STATS] t_ms=19664 q_pkts=5 q_bytes=7520 qdelay_l_ms=1.0914 qdelay_c_ms=2.10129 ecn_mark=1342 drop=0
[QUEUE_STATS] t_ms=19680 q_pkts=4 q_bytes=6016 qdelay_l_ms=1.08496 qdelay_c_ms=2.1273 ecn_mark=1342 drop=0
[QUEUE_STATS] t_ms=19696 q_pkts=5 q_bytes=7520 qdelay_l_ms=1.07955 qdelay_c_ms=1.07475 ecn_mark=1342 drop=0
[QUEUE_STATS] t_ms=19712 q_pkts=7 q_bytes=10528 qdelay_l_ms=1.05926 qdelay_c_ms=2.19872 ecn_mark=1342 drop=0
[QUEUE_STATS] t_ms=19728 q_pkts=7 q_bytes=10528 qdelay_l_ms=1.08378 qdelay_c_ms=2.16461 ecn_mark=1342 drop=0
[QUEUE_STATS] t_ms=19744 q_pkts=3 q_bytes=4512 qdelay_l_ms=0 qdelay_c_ms=1.02834 ecn_mark=1343 drop=0
[QUEUE_STATS] t_ms=19760 q_pkts=6 q_bytes=9024 qdelay_l_ms=1.09702 qdelay_c_ms=1.92073 ecn_mark=1345 drop=0
[QUEUE_STATS] t_ms=19776 q_pkts=6 q_bytes=9024 qdelay_l_ms=1.09266 qdelay_c_ms=1.93969 ecn_mark=1345 drop=0
[QUEUE_STATS] t_ms=19792 q_pkts=5 q_bytes=7520 qdelay_l_ms=0.850148 qdelay_c_ms=0.844657 ecn_mark=1346 drop=0
[QUEUE_STATS] t_ms=19808 q_pkts=0 q_bytes=0 qdelay_l_ms=0 qdelay_c_ms=0 ecn_mark=1346 drop=0
[QUEUE_STATS] t_ms=19825 q_pkts=4 q_bytes=6016 qdelay_l_ms=1.06624 qdelay_c_ms=1.09504 ecn_mark=1346 drop=0
[QUEUE_STATS] t_ms=19840 q_pkts=5 q_bytes=7520 qdelay_l_ms=0.889152 qdelay_c_ms=2.00234 ecn_mark=1346 drop=0
[QUEUE_STATS] t_ms=19856 q_pkts=8 q_bytes=12032 qdelay_l_ms=1.06962 qdelay_c_ms=3.26925 ecn_mark=1346 drop=0
[QUEUE_STATS] t_ms=19872 q_pkts=7 q_bytes=10528 qdelay_l_ms=1.09895 qdelay_c_ms=2.1581 ecn_mark=1347 drop=0
[QUEUE_STATS] t_ms=19888 q_pkts=6 q_bytes=9024 qdelay_l_ms=1.01115 qdelay_c_ms=2.13026 ecn_mark=1347 drop=0
[QUEUE_STATS] t_ms=19904 q_pkts=8 q_bytes=12032 qdelay_l_ms=1.08034 qdelay_c_ms=2.15263 ecn_mark=1347 drop=0
[QUEUE_STATS] t_ms=19921 q_pkts=7 q_bytes=10528 qdelay_l_ms=1.09636 qdelay_c_ms=1.94858 ecn_mark=1349 drop=0
[QUEUE_STATS] t_ms=19936 q_pkts=5 q_bytes=7520 qdelay_l_ms=1.08728 qdelay_c_ms=2.14146 ecn_mark=1350 drop=0
[QUEUE_STATS] t_ms=19952 q_pkts=6 q_bytes=9024 qdelay_l_ms=0.825762 qdelay_c_ms=2.01312 ecn_mark=1351 drop=0
[QUEUE_STATS] t_ms=19968 q_pkts=5 q_bytes=7520 qdelay_l_ms=1.09373 qdelay_c_ms=1.08702 ecn_mark=1353 drop=0
[QUEUE_STATS] t_ms=19984 q_pkts=2 q_bytes=3008 qdelay_l_ms=1.07838 qdelay_c_ms=1.08547 ecn_mark=1354 drop=0
[QUEUE_STATS] t_ms=20000 q_pkts=3 q_bytes=4512 qdelay_l_ms=1.06277 qdelay_c_ms=1.08703 ecn_mark=1354 drop=0
[QUEUE_STATS] t_ms=20017 q_pkts=3 q_bytes=4512 qdelay_l_ms=1.06589 qdelay_c_ms=1.08877 ecn_mark=1355 drop=0
[QUEUE_STATS] t_ms=20032 q_pkts=3 q_bytes=4512 qdelay_l_ms=0.5588 qdelay_c_ms=1.66632 ecn_mark=1359 drop=0
[QUEUE_STATS] t_ms=20048 q_pkts=5 q_bytes=7520 qdelay_l_ms=1.10283 qdelay_c_ms=1.09534 ecn_mark=1359 drop=0
[QUEUE_STATS] t_ms=20064 q_pkts=3 q_bytes=4512 qdelay_l_ms=1.07157 qdelay_c_ms=1.06675 ecn_mark=1359 drop=0
[QUEUE_STATS] t_ms=20080 q_pkts=3 q_bytes=4512 qdelay_l_ms=0.578647 qdelay_c_ms=0.602081 ecn_mark=1361 drop=0
[QUEUE_STATS] t_ms=20096 q_pkts=3 q_bytes=4512 qdelay_l_ms=0.86222 qdelay_c_ms=0.85687 ecn_mark=1362 drop=0
[QUEUE_STATS] t_ms=20112 q_pkts=4 q_bytes=6016 qdelay_l_ms=1.10814 qdelay_c_ms=1.8938 ecn_mark=1362 drop=0
[QUEUE_STATS] t_ms=20128 q_pkts=4 q_bytes=6016 qdelay_l_ms=1.08066 qdelay_c_ms=1.09187 ecn_mark=1362 drop=0
[QUEUE_STATS] t_ms=20144 q_pkts=6 q_bytes=9024 qdelay_l_ms=0.804642 qdelay_c_ms=0.796817 ecn_mark=1363 drop=0
[QUEUE_STATS] t_ms=20161 q_pkts=2 q_bytes=3008 qdelay_l_ms=1.10956 qdelay_c_ms=0 ecn_mark=1365 drop=0
[QUEUE_STATS] t_ms=20176 q_pkts=4 q_bytes=6016 qdelay_l_ms=1.07262 qdelay_c_ms=1.06236 ecn_mark=1365 drop=0
[QUEUE_STATS] t_ms=20192 q_pkts=0 q_bytes=0 qdelay_l_ms=0 qdelay_c_ms=0 ecn_mark=1366 drop=0
[QUEUE_STATS] t_ms=20208 q_pkts=5 q_bytes=7520 qdelay_l_ms=1.08518 qdelay_c_ms=1.07539 ecn_mark=1367 drop=0
[QUEUE_STATS] t_ms=20224 q_pkts=6 q_bytes=9024 qdelay_l_ms=1.07274 qdelay_c_ms=2.99269 ecn_mark=1371 drop=0
[QUEUE_STATS] t_ms=20240 q_pkts=5 q_bytes=7520 qdelay_l_ms=1.08384 qdelay_c_ms=1.83552 ecn_mark=1371 drop=0
[QUEUE_STATS] t_ms=20256 q_pkts=2 q_bytes=3008 qdelay_l_ms=1.09996 qdelay_c_ms=0 ecn_mark=1371 drop=0
[QUEUE_STATS] t_ms=20272 q_pkts=3 q_bytes=4512 qdelay_l_ms=0.088487 qdelay_c_ms=0.077626 ecn_mark=1373 drop=0
[QUEUE_STATS] t_ms=20288 q_pkts=5 q_bytes=7520 qdelay_l_ms=1.08422 qdelay_c_ms=1.07578 ecn_mark=1374 drop=0
[QUEUE_STATS] t_ms=20305 q_pkts=5 q_bytes=7520 qdelay_l_ms=1.12299 qdelay_c_ms=1.89651 ecn_mark=1374 drop=0
[QUEUE_STATS] t_ms=20320 q_pkts=1 q_bytes=1504 qdelay_l_ms=0.018435 qdelay_c_ms=0 ecn_mark=1374 drop=0
[QUEUE_STATS] t_ms=20336 q_pkts=5 q_bytes=7520 qdelay_l_ms=1.04019 qdelay_c_ms=1.10826 ecn_mark=1377 drop=0
[QUEUE_STATS] t_ms=20352 q_pkts=6 q_bytes=9024 qdelay_l_ms=1.06219 qdelay_c_ms=2.23747 ecn_mark=1378 drop=0
[QUEUE_STATS] t_ms=20368 q_pkts=4 q_bytes=6016 qdelay_l_ms=0.982216 qdelay_c_ms=0.973469 ecn_mark=1378 drop=0
[QUEUE_STATS] t_ms=20384 q_pkts=0 q_bytes=0 qdelay_l_ms=0 qdelay_c_ms=0 ecn_mark=1378 drop=0
[QUEUE_STATS] t_ms=20400 q_pkts=6 q_bytes=9024 qdelay_l_ms=0.980092 qdelay_c_ms=2.08908 ecn_mark=1379 drop=0
[QUEUE_STATS] t_ms=20416 q_pkts=3 q_bytes=4512 qdelay_l_ms=1.08531 qdelay_c_ms=1.07865 ecn_mark=1379 drop=0
[QUEUE_STATS] t_ms=20432 q_pkts=6 q_bytes=9024 qdelay_l_ms=1.02913 qdelay_c_ms=1.06572 ecn_mark=1380 drop=0
[QUEUE_STATS] t_ms=20448 q_pkts=4 q_bytes=6016 qdelay_l_ms=0.96827 qdelay_c_ms=0.959233 ecn_mark=1380 drop=0
[QUEUE_STATS] t_ms=20464 q_pkts=3 q_bytes=4512 qdelay_l_ms=1.06478 qdelay_c_ms=1.05921 ecn_mark=1381 drop=0
[QUEUE_STATS] t_ms=20480 q_pkts=6 q_bytes=9024 qdelay_l_ms=1.07729 qdelay_c_ms=2.14229 ecn_mark=1382 drop=0
[QUEUE_STATS] t_ms=20496 q_pkts=3 q_bytes=4512 qdelay_l_ms=1.08539 qdelay_c_ms=1.0791 ecn_mark=1382 drop=0
[QUEUE_STATS] t_ms=20512 q_pkts=5 q_bytes=7520 qdelay_l_ms=0.940067 qdelay_c_ms=1.56234 ecn_mark=1383 drop=0
[QUEUE_STATS] t_ms=20528 q_pkts=5 q_bytes=7520 qdelay_l_ms=0 qdelay_c_ms=0.355469 ecn_mark=1384 drop=0
[QUEUE_STATS] t_ms=20544 q_pkts=4 q_bytes=6016 qdelay_l_ms=0 qdelay_c_ms=2.03388 ecn_mark=1384 drop=0
[QUEUE_STATS] t_ms=20561 q_pkts=4 q_bytes=6016 qdelay_l_ms=1.0766 qdelay_c_ms=1.84414 ecn_mark=1385 drop=0
[QUEUE_STATS] t_ms=20576 q_pkts=3 q_bytes=4512 qdelay_l_ms=0.61749 qdelay_c_ms=0.656664 ecn_mark=1387 drop=0
[QUEUE_STATS] t_ms=20592 q_pkts=2 q_bytes=3008 qdelay_l_ms=0 qdelay_c_ms=1.08354 ecn_mark=1387 drop=0
[QUEUE_STATS] t_ms=20608 q_pkts=4 q_bytes=6016 qdelay_l_ms=1.10113 qdelay_c_ms=1.08961 ecn_mark=1387 drop=0
[QUEUE_STATS] t_ms=20624 q_pkts=6 q_bytes=9024 qdelay_l_ms=1.08341 qdelay_c_ms=1.07696 ecn_mark=1389 drop=0
[QUEUE_STATS] t_ms=20641 q_pkts=3 q_bytes=4512 qdelay_l_ms=1.06652 qdelay_c_ms=1.09004 ecn_mark=1389 drop=0
[QUEUE_STATS] t_ms=20656 q_pkts=1 q_bytes=1504 qdelay_l_ms=1.076 qdelay_c_ms=0 ecn_mark=1389 drop=0
[QUEUE_STATS] t_ms=20672 q_pkts=3 q_bytes=4512 qdelay_l_ms=1.02616 qdelay_c_ms=1.04701 ecn_mark=1389 drop=0
[QUEUE_STATS] t_ms=20688 q_pkts=5 q_bytes=7520 qdelay_l_ms=0.940006 qdelay_c_ms=1.99469 ecn_mark=1389 drop=0
[QUEUE_STATS] t_ms=20704 q_pkts=5 q_bytes=7520 qdelay_l_ms=1.1038 qdelay_c_ms=1.09418 ecn_mark=1391 drop=0
[QUEUE_STATS] t_ms=20720 q_pkts=4 q_bytes=6016 qdelay_l_ms=1.0818 qdelay_c_ms=1.0757 ecn_mark=1392 drop=0
[QUEUE_STATS] t_ms=20736 q_pkts=3 q_bytes=4512 qdelay_l_ms=0.768805 qdelay_c_ms=0.780297 ecn_mark=1393 drop=0
[QUEUE_STATS] t_ms=20752 q_pkts=6 q_bytes=9024 qdelay_l_ms=0.32499 qdelay_c_ms=0.317797 ecn_mark=1393 drop=0
[QUEUE_STATS] t_ms=20769 q_pkts=2 q_bytes=3008 qdelay_l_ms=1.08348 qdelay_c_ms=1.07606 ecn_mark=1395 drop=0
[QUEUE_STATS] t_ms=20784 q_pkts=2 q_bytes=3008 qdelay_l_ms=0.956909 qdelay_c_ms=0.951909 ecn_mark=1396 drop=0
[QUEUE_STATS] t_ms=20800 q_pkts=4 q_bytes=6016 qdelay_l_ms=1.07976 qdelay_c_ms=1.07261 ecn_mark=1396 drop=0
[QUEUE_STATS] t_ms=20816 q_pkts=5 q_bytes=7520 qdelay_l_ms=0.923696 qdelay_c_ms=0.946199 ecn_mark=1396 drop=0
[QUEUE_STATS] t_ms=20832 q_pkts=4 q_bytes=6016 qdelay_l_ms=1.09256 qdelay_c_ms=1.08509 ecn_mark=1396 drop=0
[QUEUE_STATS] t_ms=20848 q_pkts=2 q_bytes=3008 qdelay_l_ms=1.07052 qdelay_c_ms=1.07603 ecn_mark=1397 drop=0
[QUEUE_STATS] t_ms=20864 q_pkts=6 q_bytes=9024 qdelay_l_ms=1.09127 qdelay_c_ms=1.99957 ecn_mark=1397 drop=0
[QUEUE_STATS] t_ms=20880 q_pkts=5 q_bytes=7520 qdelay_l_ms=1.07837 qdelay_c_ms=1.07294 ecn_mark=1397 drop=0
[QUEUE_STATS] t_ms=20896 q_pkts=4 q_bytes=6016 qdelay_l_ms=1.06055 qdelay_c_ms=2.20894 ecn_mark=1397 drop=0
[QUEUE_STATS] t_ms=20912 q_pkts=4 q_bytes=6016 qdelay_l_ms=1.0616 qdelay_c_ms=2.20669 ecn_mark=1398 drop=0
[QUEUE_STATS] t_ms=20928 q_pkts=3 q_bytes=4512 qdelay_l_ms=1.0673 qdelay_c_ms=2.17785 ecn_mark=1400 drop=0
[QUEUE_STATS] t_ms=20944 q_pkts=5 q_bytes=7520 qdelay_l_ms=1.06362 qdelay_c_ms=2.1995 ecn_mark=1403 drop=0
[QUEUE_STATS] t_ms=20960 q_pkts=5 q_bytes=7520 qdelay_l_ms=1.10144 qdelay_c_ms=1.09507 ecn_mark=1404 drop=0
[QUEUE_STATS] t_ms=20976 q_pkts=3 q_bytes=4512 qdelay_l_ms=0.930459 qdelay_c_ms=0.941419 ecn_mark=1405 drop=0
[QUEUE_STATS] t_ms=20992 q_pkts=5 q_bytes=7520 qdelay_l_ms=1.07417 qdelay_c_ms=2.19636 ecn_mark=1405 drop=0
[QUEUE_STATS] t_ms=21008 q_pkts=6 q_bytes=9024 qdelay_l_ms=1.08997 qdelay_c_ms=1.08381 ecn_mark=1406 drop=0
[QUEUE_STATS] t_ms=21024 q_pkts=3 q_bytes=4512 qdelay_l_ms=1.05591 qdelay_c_ms=1.0804 ecn_mark=1406 drop=0
[QUEUE_STATS] t_ms=21040 q_pkts=5 q_bytes=7520 qdelay_l_ms=1.09484 qdelay_c_ms=1.456 ecn_mark=1406 drop=0
[QUEUE_STATS] t_ms=21056 q_pkts=3 q_bytes=4512 qdelay_l_ms=1.0841 qdelay_c_ms=1.07802 ecn_mark=1409 drop=0
[QUEUE_STATS] t_ms=21072 q_pkts=5 q_bytes=7520 qdelay_l_ms=1.05868 qdelay_c_ms=1.10002 ecn_mark=1410 drop=0
[QUEUE_STATS] t_ms=21088 q_pkts=5 q_bytes=7520 qdelay_l_ms=1.06153 qdelay_c_ms=1.07761 ecn_mark=1410 drop=0
[QUEUE_STATS] t_ms=21104 q_pkts=3 q_bytes=4512 qdelay_l_ms=0.035807 qdelay_c_ms=0.837784 ecn_mark=1412 drop=0
[QUEUE_STATS] t_ms=21120 q_pkts=5 q_bytes=7520 qdelay_l_ms=0.933234 qdelay_c_ms=1.98701 ecn_mark=1413 drop=0
[QUEUE_STATS] t_ms=21136 q_pkts=4 q_bytes=6016 qdelay_l_ms=0.942702 qdelay_c_ms=1.99141 ecn_mark=1413 drop=0
[QUEUE_STATS] t_ms=21152 q_pkts=4 q_bytes=6016 qdelay_l_ms=1.08426 qdelay_c_ms=1.89677 ecn_mark=1413 drop=0
[QUEUE_STATS] t_ms=21168 q_pkts=4 q_bytes=6016 qdelay_l_ms=0.928746 qdelay_c_ms=2.06237 ecn_mark=1415 drop=0
[QUEUE_STATS] t_ms=21184 q_pkts=4 q_bytes=6016 qdelay_l_ms=0.627499 qdelay_c_ms=0.620325 ecn_mark=1416 drop=0
[QUEUE_STATS] t_ms=21200 q_pkts=5 q_bytes=7520 qdelay_l_ms=0.809341 qdelay_c_ms=0.843896 ecn_mark=1416 drop=0
[QUEUE_STATS] t_ms=21216 q_pkts=5 q_bytes=7520 qdelay_l_ms=1.07244 qdelay_c_ms=2.13764 ecn_mark=1417 drop=0
[QUEUE_STATS] t_ms=21232 q_pkts=4 q_bytes=6016 qdelay_l_ms=0.885354 qdelay_c_ms=0.878421 ecn_mark=1418 drop=0
[QUEUE_STATS] t_ms=21248 q_pkts=5 q_bytes=7520 qdelay_l_ms=1.09827 qdelay_c_ms=1.09154 ecn_mark=1418 drop=0
[QUEUE_STATS] t_ms=21264 q_pkts=5 q_bytes=7520 qdelay_l_ms=1.04769 qdelay_c_ms=2.10793 ecn_mark=1418 drop=0
[QUEUE_STATS] t_ms=21281 q_pkts=5 q_bytes=7520 qdelay_l_ms=1.06529 qdelay_c_ms=1.10086 ecn_mark=1419 drop=0
[QUEUE_STATS] t_ms=21296 q_pkts=6 q_bytes=9024 qdelay_l_ms=1.04094 qdelay_c_ms=1.84787 ecn_mark=1419 drop=0
[QUEUE_STATS] t_ms=21312 q_pkts=4 q_bytes=6016 qdelay_l_ms=1.02331 qdelay_c_ms=1.35198 ecn_mark=1421 drop=0
[QUEUE_STATS] t_ms=21328 q_pkts=0 q_bytes=0 qdelay_l_ms=0 qdelay_c_ms=0 ecn_mark=1421 drop=0
[QUEUE_STATS] t_ms=21344 q_pkts=6 q_bytes=9024 qdelay_l_ms=1.08505 qdelay_c_ms=1.07936 ecn_mark=1421 drop=0
[QUEUE_STATS] t_ms=21360 q_pkts=5 q_bytes=7520 qdelay_l_ms=1.09373 qdelay_c_ms=1.41112 ecn_mark=1421 drop=0
[QUEUE_STATS] t_ms=21376 q_pkts=4 q_bytes=6016 qdelay_l_ms=1.06865 qdelay_c_ms=2.19419 ecn_mark=1422 drop=0
[QUEUE_STATS] t_ms=21392 q_pkts=7 q_bytes=10528 qdelay_l_ms=1.10383 qdelay_c_ms=1.98602 ecn_mark=1422 drop=0
[QUEUE_STATS] t_ms=21408 q_pkts=6 q_bytes=9024 qdelay_l_ms=1.07566 qdelay_c_ms=1.07001 ecn_mark=1422 drop=0
[QUEUE_STATS] t_ms=21424 q_pkts=4 q_bytes=6016 qdelay_l_ms=1.06989 qdelay_c_ms=1.06529 ecn_mark=1423 drop=0
[QUEUE_STATS] t_ms=21440 q_pkts=6 q_bytes=9024 qdelay_l_ms=1.07231 qdelay_c_ms=1.06654 ecn_mark=1424 drop=0
[QUEUE_STATS] t_ms=21456 q_pkts=6 q_bytes=9024 qdelay_l_ms=0.919057 qdelay_c_ms=1.98834 ecn_mark=1427 drop=0
[QUEUE_STATS] t_ms=21472 q_pkts=4 q_bytes=6016 qdelay_l_ms=1.04293 qdelay_c_ms=1.06532 ecn_mark=1427 drop=0
[QUEUE_STATS] t_ms=21488 q_pkts=7 q_bytes=10528 qdelay_l_ms=1.04701 qdelay_c_ms=2.16449 ecn_mark=1427 drop=0
[QUEUE_STATS] t_ms=21504 q_pkts=7 q_bytes=10528 qdelay_l_ms=1.05403 qdelay_c_ms=2.2197 ecn_mark=1429 drop=0
[QUEUE_STATS] t_ms=21520 q_pkts=3 q_bytes=4512 qdelay_l_ms=1.07783 qdelay_c_ms=1.69993 ecn_mark=1429 drop=0
[QUEUE_STATS] t_ms=21536 q_pkts=6 q_bytes=9024 qdelay_l_ms=1.06655 qdelay_c_ms=1.49663 ecn_mark=1429 drop=0
[QUEUE_STATS] t_ms=21552 q_pkts=7 q_bytes=10528 qdelay_l_ms=1.08318 qdelay_c_ms=2.82691 ecn_mark=1429 drop=0
[QUEUE_STATS] t_ms=21568 q_pkts=5 q_bytes=7520 qdelay_l_ms=1.05795 qdelay_c_ms=2.15377 ecn_mark=1429 drop=0
[QUEUE_STATS] t_ms=21584 q_pkts=9 q_bytes=13536 qdelay_l_ms=1.07042 qdelay_c_ms=1.12117 ecn_mark=1430 drop=0
[QUEUE_STATS] t_ms=21600 q_pkts=7 q_bytes=10528 qdelay_l_ms=1.08913 qdelay_c_ms=2.56246 ecn_mark=1432 drop=0
[QUEUE_STATS] t_ms=21617 q_pkts=3 q_bytes=4512 qdelay_l_ms=1.08827 qdelay_c_ms=1.08139 ecn_mark=1432 drop=0
[QUEUE_STATS] t_ms=21632 q_pkts=6 q_bytes=9024 qdelay_l_ms=1.06688 qdelay_c_ms=2.13342 ecn_mark=1433 drop=0
[QUEUE_STATS] t_ms=21648 q_pkts=7 q_bytes=10528 qdelay_l_ms=1.06507 qdelay_c_ms=2.21886 ecn_mark=1433 drop=0
[QUEUE_STATS] t_ms=21664 q_pkts=5 q_bytes=7520 qdelay_l_ms=1.06156 qdelay_c_ms=2.15168 ecn_mark=1435 drop=0
[QUEUE_STATS] t_ms=21680 q_pkts=4 q_bytes=6016 qdelay_l_ms=0.908117 qdelay_c_ms=1.95642 ecn_mark=1437 drop=0
[QUEUE_STATS] t_ms=21696 q_pkts=7 q_bytes=10528 qdelay_l_ms=1.08185 qdelay_c_ms=2.15593 ecn_mark=1437 drop=0
[QUEUE_STATS] t_ms=21712 q_pkts=5 q_bytes=7520 qdelay_l_ms=1.07402 qdelay_c_ms=1.74565 ecn_mark=1439 drop=0
[QUEUE_STATS] t_ms=21728 q_pkts=5 q_bytes=7520 qdelay_l_ms=1.06647 qdelay_c_ms=2.20119 ecn_mark=1440 drop=0
[QUEUE_STATS] t_ms=21744 q_pkts=4 q_bytes=6016 qdelay_l_ms=1.08071 qdelay_c_ms=1.07543 ecn_mark=1441 drop=0
[QUEUE_STATS] t_ms=21760 q_pkts=5 q_bytes=7520 qdelay_l_ms=0.864305 qdelay_c_ms=0.894832 ecn_mark=1442 drop=0
[QUEUE_STATS] t_ms=21776 q_pkts=6 q_bytes=9024 qdelay_l_ms=1.03368 qdelay_c_ms=2.07611 ecn_mark=1443 drop=0
[QUEUE_STATS] t_ms=21792 q_pkts=7 q_bytes=10528 qdelay_l_ms=1.09892 qdelay_c_ms=2.15264 ecn_mark=1444 drop=0
[QUEUE_STATS] t_ms=21808 q_pkts=5 q_bytes=7520 qdelay_l_ms=1.0715 qdelay_c_ms=2.16521 ecn_mark=1446 drop=0
[QUEUE_STATS] t_ms=21824 q_pkts=6 q_bytes=9024 qdelay_l_ms=1.06646 qdelay_c_ms=2.87349 ecn_mark=1448 drop=0
[QUEUE_STATS] t_ms=21840 q_pkts=5 q_bytes=7520 qdelay_l_ms=1.08388 qdelay_c_ms=2.15687 ecn_mark=1449 drop=0
[QUEUE_STATS] t_ms=21856 q_pkts=7 q_bytes=10528 qdelay_l_ms=0.833697 qdelay_c_ms=1.93782 ecn_mark=1451 drop=0
[QUEUE_STATS] t_ms=21872 q_pkts=6 q_bytes=9024 qdelay_l_ms=1.05095 qdelay_c_ms=3.26144 ecn_mark=1454 drop=0
[QUEUE_STATS] t_ms=21888 q_pkts=7 q_bytes=10528 qdelay_l_ms=1.0835 qdelay_c_ms=3.28099 ecn_mark=1455 drop=0
[QUEUE_STATS] t_ms=21904 q_pkts=7 q_bytes=10528 qdelay_l_ms=1.0979 qdelay_c_ms=2.17052 ecn_mark=1456 drop=0
[QUEUE_STATS] t_ms=21921 q_pkts=8 q_bytes=12032 qdelay_l_ms=1.06566 qdelay_c_ms=2.53943 ecn_mark=1456 drop=0
[QUEUE_STATS] t_ms=21936 q_pkts=8 q_bytes=12032 qdelay_l_ms=1.06631 qdelay_c_ms=2.22571 ecn_mark=1457 drop=0
[QUEUE_STATS] t_ms=21952 q_pkts=8 q_bytes=12032 qdelay_l_ms=0.942542 qdelay_c_ms=1.9673 ecn_mark=1458 drop=0
[QUEUE_STATS] t_ms=21968 q_pkts=9 q_bytes=13536 qdelay_l_ms=0.768204 qdelay_c_ms=2.88568 ecn_mark=1458 drop=0
[QUEUE_STATS] t_ms=21984 q_pkts=8 q_bytes=12032 qdelay_l_ms=1.07619 qdelay_c_ms=2.99846 ecn_mark=1458 drop=0
[QUEUE_STATS] t_ms=22001 q_pkts=9 q_bytes=13536 qdelay_l_ms=1.07197 qdelay_c_ms=2.84734 ecn_mark=1459 drop=0
[QUEUE_STATS] t_ms=22016 q_pkts=8 q_bytes=12032 qdelay_l_ms=1.09924 qdelay_c_ms=3.03739 ecn_mark=1459 drop=0
[QUEUE_STATS] t_ms=22032 q_pkts=8 q_bytes=12032 qdelay_l_ms=1.09036 qdelay_c_ms=2.8318 ecn_mark=1459 drop=0
[QUEUE_STATS] t_ms=22048 q_pkts=8 q_bytes=12032 qdelay_l_ms=1.06082 qdelay_c_ms=2.83533 ecn_mark=1462 drop=0
[QUEUE_STATS] t_ms=22064 q_pkts=9 q_bytes=13536 qdelay_l_ms=1.09479 qdelay_c_ms=2.85182 ecn_mark=1464 drop=0
[QUEUE_STATS] t_ms=22080 q_pkts=6 q_bytes=9024 qdelay_l_ms=1.06048 qdelay_c_ms=2.9608 ecn_mark=1465 drop=0
[QUEUE_STATS] t_ms=22096 q_pkts=8 q_bytes=12032 qdelay_l_ms=1.07346 qdelay_c_ms=2.60245 ecn_mark=1465 drop=0
[QUEUE_STATS] t_ms=22112 q_pkts=10 q_bytes=15040 qdelay_l_ms=1.07201 qdelay_c_ms=3.98717 ecn_mark=1465 drop=0
[QUEUE_STATS] t_ms=22128 q_pkts=9 q_bytes=13536 qdelay_l_ms=1.07113 qdelay_c_ms=3.29353 ecn_mark=1466 drop=0
[QUEUE_STATS] t_ms=22144 q_pkts=10 q_bytes=15040 qdelay_l_ms=1.10427 qdelay_c_ms=2.53772 ecn_mark=1466 drop=0
[QUEUE_STATS] t_ms=22160 q_pkts=13 q_bytes=19552 qdelay_l_ms=1.10545 qdelay_c_ms=2.93116 ecn_mark=1466 drop=0
[QUEUE_STATS] t_ms=22176 q_pkts=9 q_bytes=13536 qdelay_l_ms=1.07703 qdelay_c_ms=2.95165 ecn_mark=1466 drop=0
[QUEUE_STATS] t_ms=22192 q_pkts=10 q_bytes=15040 qdelay_l_ms=1.04092 qdelay_c_ms=3.31488 ecn_mark=1468 drop=0
[QUEUE_STATS] t_ms=22208 q_pkts=11 q_bytes=16544 qdelay_l_ms=0.709343 qdelay_c_ms=3.96535 ecn_mark=1468 drop=0
[QUEUE_STATS] t_ms=22224 q_pkts=7 q_bytes=10528 qdelay_l_ms=0 qdelay_c_ms=2.86116 ecn_mark=1468 drop=0
[QUEUE_STATS] t_ms=22241 q_pkts=9 q_bytes=13536 qdelay_l_ms=1.0934 qdelay_c_ms=3.71255 ecn_mark=1469 drop=0
[QUEUE_STATS] t_ms=22257 q_pkts=9 q_bytes=13536 qdelay_l_ms=0 qdelay_c_ms=2.83412 ecn_mark=1469 drop=0
[QUEUE_STATS] t_ms=22273 q_pkts=9 q_bytes=13536 qdelay_l_ms=1.09238 qdelay_c_ms=3.52522 ecn_mark=1470 drop=0
[QUEUE_STATS] t_ms=22288 q_pkts=9 q_bytes=13536 qdelay_l_ms=1.06574 qdelay_c_ms=4.14094 ecn_mark=1470 drop=0
[QUEUE_STATS] t_ms=22304 q_pkts=12 q_bytes=18048 qdelay_l_ms=1.08736 qdelay_c_ms=3.98519 ecn_mark=1471 drop=0
[QUEUE_STATS] t_ms=22320 q_pkts=11 q_bytes=16544 qdelay_l_ms=1.07376 qdelay_c_ms=3.5757 ecn_mark=1471 drop=0
[QUEUE_STATS] t_ms=22336 q_pkts=12 q_bytes=18048 qdelay_l_ms=1.06227 qdelay_c_ms=2.85846 ecn_mark=1471 drop=0
[QUEUE_STATS] t_ms=22352 q_pkts=13 q_bytes=19552 qdelay_l_ms=1.0741 qdelay_c_ms=3.89439 ecn_mark=1472 drop=0
[QUEUE_STATS] t_ms=22368 q_pkts=6 q_bytes=9024 qdelay_l_ms=0 qdelay_c_ms=2.85362 ecn_mark=1474 drop=0
[QUEUE_STATS] t_ms=22384 q_pkts=11 q_bytes=16544 qdelay_l_ms=1.08583 qdelay_c_ms=3.86606 ecn_mark=1474 drop=0
[QUEUE_STATS] t_ms=22400 q_pkts=11 q_bytes=16544 qdelay_l_ms=1.08154 qdelay_c_ms=3.9217 ecn_mark=1476 drop=0
[QUEUE_STATS] t_ms=22416 q_pkts=11 q_bytes=16544 qdelay_l_ms=1.06732 qdelay_c_ms=4.13204 ecn_mark=1477 drop=0
[QUEUE_STATS] t_ms=22432 q_pkts=13 q_bytes=19552 qdelay_l_ms=0.876958 qdelay_c_ms=4.14616 ecn_mark=1477 drop=0
[QUEUE_STATS] t_ms=22448 q_pkts=12 q_bytes=18048 qdelay_l_ms=1.07125 qdelay_c_ms=3.92947 ecn_mark=1477 drop=0
[QUEUE_STATS] t_ms=22465 q_pkts=11 q_bytes=16544 qdelay_l_ms=1.07374 qdelay_c_ms=3.62669 ecn_mark=1477 drop=0
[QUEUE_STATS] t_ms=22480 q_pkts=13 q_bytes=19552 qdelay_l_ms=1.08542 qdelay_c_ms=4.77184 ecn_mark=1478 drop=0
[QUEUE_STATS] t_ms=22496 q_pkts=14 q_bytes=21056 qdelay_l_ms=1.06463 qdelay_c_ms=5.45392 ecn_mark=1480 drop=0
[QUEUE_STATS] t_ms=22512 q_pkts=13 q_bytes=19552 qdelay_l_ms=1.0872 qdelay_c_ms=5.22398 ecn_mark=1481 drop=0
[QUEUE_STATS] t_ms=22528 q_pkts=13 q_bytes=19552 qdelay_l_ms=1.065 qdelay_c_ms=4.69174 ecn_mark=1482 drop=0
[QUEUE_STATS] t_ms=22544 q_pkts=15 q_bytes=22560 qdelay_l_ms=1.09856 qdelay_c_ms=4.78041 ecn_mark=1483 drop=0
[QUEUE_STATS] t_ms=22560 q_pkts=14 q_bytes=21056 qdelay_l_ms=1.09045 qdelay_c_ms=4.09626 ecn_mark=1484 drop=0
[QUEUE_STATS] t_ms=22576 q_pkts=12 q_bytes=18048 qdelay_l_ms=1.07291 qdelay_c_ms=3.96219 ecn_mark=1486 drop=0
[QUEUE_STATS] t_ms=22592 q_pkts=15 q_bytes=22560 qdelay_l_ms=1.08054 qdelay_c_ms=5.0544 ecn_mark=1486 drop=0
[QUEUE_STATS] t_ms=22608 q_pkts=14 q_bytes=21056 qdelay_l_ms=0.85666 qdelay_c_ms=4.99088 ecn_mark=1488 drop=0
[QUEUE_STATS] t_ms=22624 q_pkts=11 q_bytes=16544 qdelay_l_ms=0.031509 qdelay_c_ms=3.65567 ecn_mark=1488 drop=0
[QUEUE_STATS] t_ms=22640 q_pkts=15 q_bytes=22560 qdelay_l_ms=1.07183 qdelay_c_ms=5.06951 ecn_mark=1489 drop=0
[QUEUE_STATS] t_ms=22656 q_pkts=13 q_bytes=19552 qdelay_l_ms=1.07729 qdelay_c_ms=4.73849 ecn_mark=1489 drop=0
[QUEUE_STATS] t_ms=22672 q_pkts=13 q_bytes=19552 qdelay_l_ms=1.07221 qdelay_c_ms=4.3238 ecn_mark=1489 drop=0
[QUEUE_STATS] t_ms=22689 q_pkts=12 q_bytes=18048 qdelay_l_ms=1.09417 qdelay_c_ms=5.04592 ecn_mark=1491 drop=0
[QUEUE_STATS] t_ms=22704 q_pkts=12 q_bytes=18048 qdelay_l_ms=1.06071 qdelay_c_ms=5.22774 ecn_mark=1492 drop=0
[QUEUE_STATS] t_ms=22720 q_pkts=13 q_bytes=19552 qdelay_l_ms=1.07263 qdelay_c_ms=4.78409 ecn_mark=1492 drop=0
[QUEUE_STATS] t_ms=22736 q_pkts=4 q_bytes=6016 qdelay_l_ms=1.07131 qdelay_c_ms=1.0765 ecn_mark=1493 drop=0
[QUEUE_STATS] t_ms=22752 q_pkts=3 q_bytes=4512 qdelay_l_ms=1.06892 qdelay_c_ms=1.064 ecn_mark=1494 drop=0
[QUEUE_STATS] t_ms=22768 q_pkts=3 q_bytes=4512 qdelay_l_ms=1.06188 qdelay_c_ms=1.07361 ecn_mark=1494 drop=0
[QUEUE_STATS] t_ms=22784 q_pkts=3 q_bytes=4512 qdelay_l_ms=1.07193 qdelay_c_ms=1.06655 ecn_mark=1494 drop=0
[QUEUE_STATS] t_ms=22800 q_pkts=3 q_bytes=4512 qdelay_l_ms=1.07007 qdelay_c_ms=1.06448 ecn_mark=1495 drop=0
[QUEUE_STATS] t_ms=22816 q_pkts=4 q_bytes=6016 qdelay_l_ms=1.07544 qdelay_c_ms=1.07016 ecn_mark=1496 drop=0
[QUEUE_STATS] t_ms=22832 q_pkts=3 q_bytes=4512 qdelay_l_ms=1.07464 qdelay_c_ms=1.06936 ecn_mark=1497 drop=0
[QUEUE_STATS] t_ms=22848 q_pkts=2 q_bytes=3008 qdelay_l_ms=1.07153 qdelay_c_ms=0 ecn_mark=1498 drop=0
[QUEUE_STATS] t_ms=22864 q_pkts=6 q_bytes=9024 qdelay_l_ms=1.08298 qdelay_c_ms=2.1734 ecn_mark=1498 drop=0
[QUEUE_STATS] t_ms=22880 q_pkts=3 q_bytes=4512 qdelay_l_ms=1.0613 qdelay_c_ms=1.07228 ecn_mark=1500 drop=0
[QUEUE_STATS] t_ms=22896 q_pkts=3 q_bytes=4512 qdelay_l_ms=0.876838 qdelay_c_ms=0.869674 ecn_mark=1501 drop=0
[QUEUE_STATS] t_ms=22912 q_pkts=3 q_bytes=4512 qdelay_l_ms=1.08517 qdelay_c_ms=1.07803 ecn_mark=1501 drop=0
[QUEUE_STATS] t_ms=22928 q_pkts=6 q_bytes=9024 qdelay_l_ms=1.1004 qdelay_c_ms=1.0937 ecn_mark=1502 drop=0
[QUEUE_STATS] t_ms=22944 q_pkts=4 q_bytes=6016 qdelay_l_ms=1.07316 qdelay_c_ms=1.09402 ecn_mark=1503 drop=0
[QUEUE_STATS] t_ms=22960 q_pkts=4 q_bytes=6016 qdelay_l_ms=1.07811 qdelay_c_ms=1.07312 ecn_mark=1504 drop=0
[QUEUE_STATS] t_ms=22977 q_pkts=2 q_bytes=3008 qdelay_l_ms=1.08361 qdelay_c_ms=0 ecn_mark=1505 drop=0
[QUEUE_STATS] t_ms=22992 q_pkts=6 q_bytes=9024 qdelay_l_ms=1.07197 qdelay_c_ms=2.19031 ecn_mark=1505 drop=0
[QUEUE_STATS] t_ms=23008 q_pkts=1 q_bytes=1504 qdelay_l_ms=0 qdelay_c_ms=1.06646 ecn_mark=1506 drop=0
[QUEUE_STATS] t_ms=23024 q_pkts=6 q_bytes=9024 qdelay_l_ms=1.10208 qdelay_c_ms=1.09444 ecn_mark=1508 drop=0
[QUEUE_STATS] t_ms=23040 q_pkts=4 q_bytes=6016 qdelay_l_ms=1.1063 qdelay_c_ms=1.09809 ecn_mark=1508 drop=0
[QUEUE_STATS] t_ms=23056 q_pkts=4 q_bytes=6016 qdelay_l_ms=1.07457 qdelay_c_ms=1.06942 ecn_mark=1510 drop=0
[QUEUE_STATS] t_ms=23072 q_pkts=6 q_bytes=9024 qdelay_l_ms=1.07136 qdelay_c_ms=2.10829 ecn_mark=1511 drop=0
[QUEUE_STATS] t_ms=23089 q_pkts=5 q_bytes=7520 qdelay_l_ms=1.09642 qdelay_c_ms=1.0895 ecn_mark=1511 drop=0
[QUEUE_STATS] t_ms=23104 q_pkts=4 q_bytes=6016 qdelay_l_ms=0.043972 qdelay_c_ms=0.591572 ecn_mark=1511 drop=0
[QUEUE_STATS] t_ms=23120 q_pkts=6 q_bytes=9024 qdelay_l_ms=0.850017 qdelay_c_ms=0.843164 ecn_mark=1511 drop=0
[QUEUE_STATS] t_ms=23136 q_pkts=3 q_bytes=4512 qdelay_l_ms=1.07211 qdelay_c_ms=1.0663 ecn_mark=1512 drop=0
[QUEUE_STATS] t_ms=23152 q_pkts=5 q_bytes=7520 qdelay_l_ms=1.08476 qdelay_c_ms=2.14828 ecn_mark=1513 drop=0
[QUEUE_STATS] t_ms=23168 q_pkts=7 q_bytes=10528 qdelay_l_ms=0.852572 qdelay_c_ms=1.89443 ecn_mark=1514 drop=0
[QUEUE_STATS] t_ms=23184 q_pkts=3 q_bytes=4512 qdelay_l_ms=1.07265 qdelay_c_ms=1.06735 ecn_mark=1514 drop=0
[QUEUE_STATS] t_ms=23200 q_pkts=5 q_bytes=7520 qdelay_l_ms=1.05287 qdelay_c_ms=1.08767 ecn_mark=1514 drop=0
[QUEUE_STATS] t_ms=23216 q_pkts=2 q_bytes=3008 qdelay_l_ms=1.09665 qdelay_c_ms=0 ecn_mark=1515 drop=0
[QUEUE_STATS] t_ms=23232 q_pkts=4 q_bytes=6016 qdelay_l_ms=0.877199 qdelay_c_ms=0.87241 ecn_mark=1515 drop=0
[QUEUE_STATS] t_ms=23248 q_pkts=6 q_bytes=9024 qdelay_l_ms=1.08696 qdelay_c_ms=1.08186 ecn_mark=1515 drop=0
[QUEUE_STATS] t_ms=23264 q_pkts=4 q_bytes=6016 qdelay_l_ms=1.07689 qdelay_c_ms=1.07177 ecn_mark=1515 drop=0
[QUEUE_STATS] t_ms=23281 q_pkts=3 q_bytes=4512 qdelay_l_ms=1.06753 qdelay_c_ms=1.0567 ecn_mark=1516 drop=0
[QUEUE_STATS] t_ms=23296 q_pkts=4 q_bytes=6016 qdelay_l_ms=0.014888 qdelay_c_ms=1.08137 ecn_mark=1516 drop=0
[QUEUE_STATS] t_ms=23312 q_pkts=4 q_bytes=6016 qdelay_l_ms=1.08935 qdelay_c_ms=1.08319 ecn_mark=1516 drop=0
[QUEUE_STATS] t_ms=23328 q_pkts=4 q_bytes=6016 qdelay_l_ms=1.0638 qdelay_c_ms=1.05323 ecn_mark=1516 drop=0
[QUEUE_STATS] t_ms=23344 q_pkts=4 q_bytes=6016 qdelay_l_ms=1.07958 qdelay_c_ms=1.3446 ecn_mark=1516 drop=0
[QUEUE_STATS] t_ms=23360 q_pkts=6 q_bytes=9024 qdelay_l_ms=1.09521 qdelay_c_ms=1.87874 ecn_mark=1518 drop=0
[QUEUE_STATS] t_ms=23376 q_pkts=4 q_bytes=6016 qdelay_l_ms=1.08678 qdelay_c_ms=2.05649 ecn_mark=1519 drop=0
[QUEUE_STATS] t_ms=23392 q_pkts=4 q_bytes=6016 qdelay_l_ms=1.08572 qdelay_c_ms=2.1063 ecn_mark=1520 drop=0
[QUEUE_STATS] t_ms=23408 q_pkts=4 q_bytes=6016 qdelay_l_ms=1.05979 qdelay_c_ms=2.1103 ecn_mark=1522 drop=0
[QUEUE_STATS] t_ms=23424 q_pkts=5 q_bytes=7520 qdelay_l_ms=1.0752 qdelay_c_ms=2.22317 ecn_mark=1523 drop=0
[QUEUE_STATS] t_ms=23440 q_pkts=4 q_bytes=6016 qdelay_l_ms=1.02825 qdelay_c_ms=1.0233 ecn_mark=1525 drop=0
[QUEUE_STATS] t_ms=23456 q_pkts=6 q_bytes=9024 qdelay_l_ms=1.06108 qdelay_c_ms=1.05483 ecn_mark=1527 drop=0
[QUEUE_STATS] t_ms=23472 q_pkts=4 q_bytes=6016 qdelay_l_ms=1.0974 qdelay_c_ms=1.08994 ecn_mark=1527 drop=0
[QUEUE_STATS] t_ms=23488 q_pkts=4 q_bytes=6016 qdelay_l_ms=1.06733 qdelay_c_ms=1.08784 ecn_mark=1528 drop=0
[QUEUE_STATS] t_ms=23504 q_pkts=6 q_bytes=9024 qdelay_l_ms=1.04301 qdelay_c_ms=1.03172 ecn_mark=1528 drop=0
[QUEUE_STATS] t_ms=23520 q_pkts=2 q_bytes=3008 qdelay_l_ms=0.03196 qdelay_c_ms=0.024386 ecn_mark=1528 drop=0
[QUEUE_STATS] t_ms=23536 q_pkts=5 q_bytes=7520 qdelay_l_ms=1.05047 qdelay_c_ms=2.07024 ecn_mark=1528 drop=0
[QUEUE_STATS] t_ms=23552 q_pkts=4 q_bytes=6016 qdelay_l_ms=1.11154 qdelay_c_ms=1.10004 ecn_mark=1530 drop=0
[QUEUE_STATS] t_ms=23568 q_pkts=2 q_bytes=3008 qdelay_l_ms=0.02655 qdelay_c_ms=0.019797 ecn_mark=1531 drop=0
[QUEUE_STATS] t_ms=23584 q_pkts=3 q_bytes=4512 qdelay_l_ms=1.04895 qdelay_c_ms=1.04236 ecn_mark=1532 drop=0
[QUEUE_STATS] t_ms=23600 q_pkts=5 q_bytes=7520 qdelay_l_ms=1.04032 qdelay_c_ms=1.43997 ecn_mark=1533 drop=0
[QUEUE_STATS] t_ms=23616 q_pkts=4 q_bytes=6016 qdelay_l_ms=1.05355 qdelay_c_ms=1.04772 ecn_mark=1533 drop=0
[QUEUE_STATS] t_ms=23632 q_pkts=7 q_bytes=10528 qdelay_l_ms=0.984961 qdelay_c_ms=1.03186 ecn_mark=1533 drop=0
[QUEUE_STATS] t_ms=23648 q_pkts=5 q_bytes=7520 qdelay_l_ms=1.07306 qdelay_c_ms=2.2621 ecn_mark=1533 drop=0
[QUEUE_STATS] t_ms=23664 q_pkts=5 q_bytes=7520 qdelay_l_ms=1.04424 qdelay_c_ms=2.08491 ecn_mark=1534 drop=0
[QUEUE_STATS] t_ms=23680 q_pkts=3 q_bytes=4512 qdelay_l_ms=1.04879 qdelay_c_ms=1.04207 ecn_mark=1536 drop=0
[QUEUE_STATS] t_ms=23696 q_pkts=7 q_bytes=10528 qdelay_l_ms=1.09779 qdelay_c_ms=2.13703 ecn_mark=1536 drop=0
[QUEUE_STATS] t_ms=23712 q_pkts=4 q_bytes=6016 qdelay_l_ms=1.05299 qdelay_c_ms=1.0457 ecn_mark=1537 drop=0
[QUEUE_STATS] t_ms=23728 q_pkts=5 q_bytes=7520 qdelay_l_ms=0.976345 qdelay_c_ms=1.01052 ecn_mark=1539 drop=0
[QUEUE_STATS] t_ms=23744 q_pkts=4 q_bytes=6016 qdelay_l_ms=1.10608 qdelay_c_ms=1.0985 ecn_mark=1540 drop=0
[QUEUE_STATS] t_ms=23760 q_pkts=4 q_bytes=6016 qdelay_l_ms=1.06365 qdelay_c_ms=1.05668 ecn_mark=1541 drop=0
[QUEUE_STATS] t_ms=23776 q_pkts=6 q_bytes=9024 qdelay_l_ms=1.03507 qdelay_c_ms=1.0239 ecn_mark=1541 drop=0
[QUEUE_STATS] t_ms=23792 q_pkts=6 q_bytes=9024 qdelay_l_ms=1.06843 qdelay_c_ms=1.0627 ecn_mark=1541 drop=0
[QUEUE_STATS] t_ms=23808 q_pkts=6 q_bytes=9024 qdelay_l_ms=1.01866 qdelay_c_ms=1.01168 ecn_mark=1544 drop=0
[QUEUE_STATS] t_ms=23824 q_pkts=5 q_bytes=7520 qdelay_l_ms=1.09096 qdelay_c_ms=2.08672 ecn_mark=1545 drop=0
[QUEUE_STATS] t_ms=23840 q_pkts=6 q_bytes=9024 qdelay_l_ms=1.06237 qdelay_c_ms=1.05652 ecn_mark=1545 drop=0
[QUEUE_STATS] t_ms=23856 q_pkts=8 q_bytes=12032 qdelay_l_ms=1.01768 qdelay_c_ms=3.0758 ecn_mark=1545 drop=0
[QUEUE_STATS] t_ms=23872 q_pkts=6 q_bytes=9024 qdelay_l_ms=1.0271 qdelay_c_ms=1.41067 ecn_mark=1545 drop=0
[QUEUE_STATS] t_ms=23888 q_pkts=5 q_bytes=7520 qdelay_l_ms=1.02351 qdelay_c_ms=1.82774 ecn_mark=1545 drop=0
[QUEUE_STATS] t_ms=23904 q_pkts=7 q_bytes=10528 qdelay_l_ms=1.0255 qdelay_c_ms=2.01984 ecn_mark=1546 drop=0
[QUEUE_STATS] t_ms=23920 q_pkts=6 q_bytes=9024 qdelay_l_ms=1.09237 qdelay_c_ms=1.93553 ecn_mark=1546 drop=0
[QUEUE_STATS] t_ms=23936 q_pkts=8 q_bytes=12032 qdelay_l_ms=1.10474 qdelay_c_ms=2.15998 ecn_mark=1546 drop=0
[QUEUE_STATS] t_ms=23952 q_pkts=4 q_bytes=6016 qdelay_l_ms=0.885494 qdelay_c_ms=0.880084 ecn_mark=1546 drop=0
[QUEUE_STATS] t_ms=23969 q_pkts=6 q_bytes=9024 qdelay_l_ms=1.10826 qdelay_c_ms=2.0973 ecn_mark=1547 drop=0
[QUEUE_STATS] t_ms=23984 q_pkts=8 q_bytes=12032 qdelay_l_ms=1.02573 qdelay_c_ms=2.03636 ecn_mark=1547 drop=0
[QUEUE_STATS] t_ms=24000 q_pkts=4 q_bytes=6016 qdelay_l_ms=1.01851 qdelay_c_ms=2.03146 ecn_mark=1548 drop=0
[QUEUE_STATS] t_ms=24017 q_pkts=5 q_bytes=7520 qdelay_l_ms=1.10092 qdelay_c_ms=2.08387 ecn_mark=1549 drop=0
[QUEUE_STATS] t_ms=24032 q_pkts=9 q_bytes=13536 qdelay_l_ms=0.766741 qdelay_c_ms=1.85322 ecn_mark=1551 drop=0
[QUEUE_STATS] t_ms=24049 q_pkts=5 q_bytes=7520 qdelay_l_ms=1.08238 qdelay_c_ms=1.8463 ecn_mark=1554 drop=0
[QUEUE_STATS] t_ms=24064 q_pkts=4 q_bytes=6016 qdelay_l_ms=0.807918 qdelay_c_ms=1.87498 ecn_mark=1554 drop=0
[QUEUE_STATS] t_ms=24080 q_pkts=8 q_bytes=12032 qdelay_l_ms=0.983969 qdelay_c_ms=1.95695 ecn_mark=1555 drop=0
[QUEUE_STATS] t_ms=24096 q_pkts=7 q_bytes=10528 qdelay_l_ms=1.02743 qdelay_c_ms=2.35507 ecn_mark=1557 drop=0
[QUEUE_STATS] t_ms=24112 q_pkts=5 q_bytes=7520 qdelay_l_ms=0.32418 qdelay_c_ms=1.40572 ecn_mark=1560 drop=0
[QUEUE_STATS] t_ms=24128 q_pkts=8 q_bytes=12032 qdelay_l_ms=0.999869 qdelay_c_ms=1.98116 ecn_mark=1560 drop=0
[QUEUE_STATS] t_ms=24144 q_pkts=5 q_bytes=7520 qdelay_l_ms=0.841732 qdelay_c_ms=1.97346 ecn_mark=1561 drop=0
[QUEUE_STATS] t_ms=24160 q_pkts=5 q_bytes=7520 qdelay_l_ms=1.01381 qdelay_c_ms=1.30526 ecn_mark=1562 drop=0
[QUEUE_STATS] t_ms=24176 q_pkts=7 q_bytes=10528 qdelay_l_ms=0.980693 qdelay_c_ms=2.0055 ecn_mark=1563 drop=0
[QUEUE_STATS] t_ms=24192 q_pkts=3 q_bytes=4512 qdelay_l_ms=0 qdelay_c_ms=1.97029 ecn_mark=1565 drop=0
[QUEUE_STATS] t_ms=24208 q_pkts=7 q_bytes=10528 qdelay_l_ms=1.01774 qdelay_c_ms=3.00579 ecn_mark=1566 drop=0
[QUEUE_STATS] t_ms=24224 q_pkts=5 q_bytes=7520 qdelay_l_ms=1.01865 qdelay_c_ms=1.9856 ecn_mark=1567 drop=0
[QUEUE_STATS] t_ms=24240 q_pkts=5 q_bytes=7520 qdelay_l_ms=1.09874 qdelay_c_ms=1.94871 ecn_mark=1568 drop=0
[QUEUE_STATS] t_ms=24256 q_pkts=7 q_bytes=10528 qdelay_l_ms=1.07788 qdelay_c_ms=3.30827 ecn_mark=1570 drop=0
[QUEUE_STATS] t_ms=24272 q_pkts=8 q_bytes=12032 qdelay_l_ms=1.01572 qdelay_c_ms=1.99359 ecn_mark=1570 drop=0
[QUEUE_STATS] t_ms=24288 q_pkts=4 q_bytes=6016 qdelay_l_ms=1.09342 qdelay_c_ms=1.08571 ecn_mark=1570 drop=0
[QUEUE_STATS] t_ms=24304 q_pkts=5 q_bytes=7520 qdelay_l_ms=1.06897 qdelay_c_ms=2.12338 ecn_mark=1572 drop=0
[QUEUE_STATS] t_ms=24320 q_pkts=11 q_bytes=16544 qdelay_l_ms=0.990892 qdelay_c_ms=4.01416 ecn_mark=1574 drop=0
[QUEUE_STATS] t_ms=24336 q_pkts=6 q_bytes=9024 qdelay_l_ms=1.09529 qdelay_c_ms=3.07541 ecn_mark=1577 drop=0
[QUEUE_STATS] t_ms=24352 q_pkts=5 q_bytes=7520 qdelay_l_ms=1.09906 qdelay_c_ms=2.07845 ecn_mark=1577 drop=0
[QUEUE_STATS] t_ms=24368 q_pkts=7 q_bytes=10528 qdelay_l_ms=1.01943 qdelay_c_ms=1.37118 ecn_mark=1577 drop=0
[QUEUE_STATS] t_ms=24384 q_pkts=8 q_bytes=12032 qdelay_l_ms=1.00272 qdelay_c_ms=1.98184 ecn_mark=1577 drop=0
[QUEUE_STATS] t_ms=24400 q_pkts=8 q_bytes=12032 qdelay_l_ms=1.09201 qdelay_c_ms=2.16806 ecn_mark=1577 drop=0
[QUEUE_STATS] t_ms=24416 q_pkts=10 q_bytes=15040 qdelay_l_ms=1.00441 qdelay_c_ms=2.9861 ecn_mark=1580 drop=0
[QUEUE_STATS] t_ms=24432 q_pkts=7 q_bytes=10528 qdelay_l_ms=1.08452 qdelay_c_ms=2.89491 ecn_mark=1580 drop=0
[QUEUE_STATS] t_ms=24448 q_pkts=7 q_bytes=10528 qdelay_l_ms=0.998386 qdelay_c_ms=1.98536 ecn_mark=1580 drop=0
[QUEUE_STATS] t_ms=24464 q_pkts=10 q_bytes=15040 qdelay_l_ms=1.10111 qdelay_c_ms=3.18224 ecn_mark=1583 drop=0
[QUEUE_STATS] t_ms=24480 q_pkts=9 q_bytes=13536 qdelay_l_ms=1.072 qdelay_c_ms=4.1203 ecn_mark=1583 drop=0
[QUEUE_STATS] t_ms=24496 q_pkts=9 q_bytes=13536 qdelay_l_ms=1.10272 qdelay_c_ms=3.07861 ecn_mark=1584 drop=0
[QUEUE_STATS] t_ms=24512 q_pkts=8 q_bytes=12032 qdelay_l_ms=0.980793 qdelay_c_ms=2.90748 ecn_mark=1585 drop=0
[QUEUE_STATS] t_ms=24528 q_pkts=8 q_bytes=12032 qdelay_l_ms=1.0712 qdelay_c_ms=3.26448 ecn_mark=1585 drop=0
[QUEUE_STATS] t_ms=24544 q_pkts=7 q_bytes=10528 qdelay_l_ms=1.04168 qdelay_c_ms=3.27785 ecn_mark=1585 drop=0
[QUEUE_STATS] t_ms=24560 q_pkts=10 q_bytes=15040 qdelay_l_ms=0.988368 qdelay_c_ms=2.98445 ecn_mark=1586 drop=0
[QUEUE_STATS] t_ms=24576 q_pkts=9 q_bytes=13536 qdelay_l_ms=1.00767 qdelay_c_ms=3.99343 ecn_mark=1586 drop=0
[QUEUE_STATS] t_ms=24592 q_pkts=8 q_bytes=12032 qdelay_l_ms=1.06671 qdelay_c_ms=3.08231 ecn_mark=1587 drop=0
[QUEUE_STATS] t_ms=24608 q_pkts=10 q_bytes=15040 qdelay_l_ms=1.00277 qdelay_c_ms=3.02627 ecn_mark=1587 drop=0
[QUEUE_STATS] t_ms=24624 q_pkts=9 q_bytes=13536 qdelay_l_ms=0.991443 qdelay_c_ms=3.96149 ecn_mark=1588 drop=0
[QUEUE_STATS] t_ms=24640 q_pkts=9 q_bytes=13536 qdelay_l_ms=1.08153 qdelay_c_ms=4.35896 ecn_mark=1589 drop=0
[QUEUE_STATS] t_ms=24656 q_pkts=13 q_bytes=19552 qdelay_l_ms=1.08473 qdelay_c_ms=5.0728 ecn_mark=1589 drop=0
[QUEUE_STATS] t_ms=24672 q_pkts=10 q_bytes=15040 qdelay_l_ms=1.09477 qdelay_c_ms=3.94178 ecn_mark=1590 drop=0
[QUEUE_STATS] t_ms=24688 q_pkts=12 q_bytes=18048 qdelay_l_ms=1.09094 qdelay_c_ms=4.39421 ecn_mark=1590 drop=0
[QUEUE_STATS] t_ms=24704 q_pkts=12 q_bytes=18048 qdelay_l_ms=1.0254 qdelay_c_ms=4.45634 ecn_mark=1594 drop=0
[QUEUE_STATS] t_ms=24720 q_pkts=12 q_bytes=18048 qdelay_l_ms=0.990531 qdelay_c_ms=4.91899 ecn_mark=1596 drop=0
[QUEUE_STATS] t_ms=24736 q_pkts=13 q_bytes=19552 qdelay_l_ms=1.0123 qdelay_c_ms=4.38296 ecn_mark=1596 drop=0
[QUEUE_STATS] t_ms=24752 q_pkts=14 q_bytes=21056 qdelay_l_ms=0.888099 qdelay_c_ms=4.04081 ecn_mark=1597 drop=0
[QUEUE_STATS] t_ms=24768 q_pkts=11 q_bytes=16544 qdelay_l_ms=0.98978 qdelay_c_ms=4.9181 ecn_mark=1598 drop=0
[QUEUE_STATS] t_ms=24784 q_pkts=11 q_bytes=16544 qdelay_l_ms=1.09455 qdelay_c_ms=4.38541 ecn_mark=1598 drop=0
[QUEUE_STATS] t_ms=24800 q_pkts=13 q_bytes=19552 qdelay_l_ms=1.01215 qdelay_c_ms=4.99771 ecn_mark=1601 drop=0
[QUEUE_STATS] t_ms=24816 q_pkts=11 q_bytes=16544 qdelay_l_ms=1.06579 qdelay_c_ms=5.20739 ecn_mark=1602 drop=0
[QUEUE_STATS] t_ms=24832 q_pkts=13 q_bytes=19552 qdelay_l_ms=1.09729 qdelay_c_ms=5.34813 ecn_mark=1604 drop=0
[QUEUE_STATS] t_ms=24848 q_pkts=15 q_bytes=22560 qdelay_l_ms=1.02378 qdelay_c_ms=5.04262 ecn_mark=1604 drop=0
[QUEUE_STATS] t_ms=24864 q_pkts=12 q_bytes=18048 qdelay_l_ms=1.10015 qdelay_c_ms=4.67141 ecn_mark=1604 drop=0
[QUEUE_STATS] t_ms=24880 q_pkts=13 q_bytes=19552 qdelay_l_ms=1.08106 qdelay_c_ms=4.3864 ecn_mark=1604 drop=0
[QUEUE_STATS] t_ms=24896 q_pkts=15 q_bytes=22560 qdelay_l_ms=0.994429 qdelay_c_ms=5.42164 ecn_mark=1604 drop=0
[QUEUE_STATS] t_ms=24912 q_pkts=15 q_bytes=22560 qdelay_l_ms=1.10817 qdelay_c_ms=5.51089 ecn_mark=1605 drop=0
[QUEUE_STATS] t_ms=24928 q_pkts=14 q_bytes=21056 qdelay_l_ms=0.764467 qdelay_c_ms=4.94239 ecn_mark=1606 drop=0
[QUEUE_STATS] t_ms=24944 q_pkts=17 q_bytes=25568 qdelay_l_ms=1.00186 qdelay_c_ms=5.95638 ecn_mark=1607 drop=0
[QUEUE_STATS] t_ms=24960 q_pkts=13 q_bytes=19552 qdelay_l_ms=0.038352 qdelay_c_ms=4.96446 ecn_mark=1608 drop=0
[QUEUE_STATS] t_ms=24976 q_pkts=12 q_bytes=18048 qdelay_l_ms=0.980423 qdelay_c_ms=5.84985 ecn_mark=1609 drop=0
[QUEUE_STATS] t_ms=24992 q_pkts=17 q_bytes=25568 qdelay_l_ms=1.06952 qdelay_c_ms=6.18512 ecn_mark=1610 drop=0
[QUEUE_STATS] t_ms=25008 q_pkts=15 q_bytes=22560 qdelay_l_ms=1.01534 qdelay_c_ms=6.98252 ecn_mark=1614 drop=0
[QUEUE_STATS] t_ms=25024 q_pkts=16 q_bytes=24064 qdelay_l_ms=0.972998 qdelay_c_ms=6.86305 ecn_mark=1615 drop=0
[QUEUE_STATS] t_ms=25040 q_pkts=16 q_bytes=24064 qdelay_l_ms=1.00524 qdelay_c_ms=5.65846 ecn_mark=1618 drop=0
[QUEUE_STATS] t_ms=25056 q_pkts=16 q_bytes=24064 qdelay_l_ms=0.97931 qdelay_c_ms=6.34998 ecn_mark=1618 drop=0
[QUEUE_STATS] t_ms=25072 q_pkts=15 q_bytes=22560 qdelay_l_ms=0.926061 qdelay_c_ms=6.87811 ecn_mark=1618 drop=0
[QUEUE_STATS] t_ms=25088 q_pkts=15 q_bytes=22560 qdelay_l_ms=0.787731 qdelay_c_ms=6.91522 ecn_mark=1620 drop=0
[QUEUE_STATS] t_ms=25104 q_pkts=17 q_bytes=25568 qdelay_l_ms=0.968881 qdelay_c_ms=5.86128 ecn_mark=1621 drop=0
[QUEUE_STATS] t_ms=25120 q_pkts=16 q_bytes=24064 qdelay_l_ms=1.04284 qdelay_c_ms=7.21708 ecn_mark=1621 drop=0
[QUEUE_STATS] t_ms=25136 q_pkts=17 q_bytes=25568 qdelay_l_ms=0.979772 qdelay_c_ms=6.79842 ecn_mark=1622 drop=0
[QUEUE_STATS] t_ms=25152 q_pkts=16 q_bytes=24064 qdelay_l_ms=0.832605 qdelay_c_ms=5.8826 ecn_mark=1623 drop=0
[QUEUE_STATS] t_ms=25168 q_pkts=18 q_bytes=27072 qdelay_l_ms=0.784414 qdelay_c_ms=8.2646 ecn_mark=1624 drop=0
[QUEUE_STATS] t_ms=25184 q_pkts=19 q_bytes=28576 qdelay_l_ms=0.995601 qdelay_c_ms=7.75457 ecn_mark=1624 drop=0
[QUEUE_STATS] t_ms=25200 q_pkts=17 q_bytes=25568 qdelay_l_ms=0.966857 qdelay_c_ms=6.85069 ecn_mark=1624 drop=0
[QUEUE_STATS] t_ms=25216 q_pkts=17 q_bytes=25568 qdelay_l_ms=0.980463 qdelay_c_ms=6.67177 ecn_mark=1624 drop=0
[QUEUE_STATS] t_ms=25232 q_pkts=21 q_bytes=31584 qdelay_l_ms=0.976275 qdelay_c_ms=7.25516 ecn_mark=1624 drop=0
[QUEUE_STATS] t_ms=25248 q_pkts=20 q_bytes=30080 qdelay_l_ms=1.0606 qdelay_c_ms=9.13646 ecn_mark=1624 drop=0
[QUEUE_STATS] t_ms=25264 q_pkts=20 q_bytes=30080 qdelay_l_ms=1.07107 qdelay_c_ms=9.29148 ecn_mark=1625 drop=0
[QUEUE_STATS] t_ms=25280 q_pkts=22 q_bytes=33088 qdelay_l_ms=1.08898 qdelay_c_ms=7.96549 ecn_mark=1625 drop=0
[QUEUE_STATS] t_ms=25296 q_pkts=20 q_bytes=30080 qdelay_l_ms=1.09257 qdelay_c_ms=8.69369 ecn_mark=1625 drop=0
[QUEUE_STATS] t_ms=25312 q_pkts=20 q_bytes=30080 qdelay_l_ms=1.07657 qdelay_c_ms=7.99886 ecn_mark=1625 drop=0
[QUEUE_STATS] t_ms=25328 q_pkts=21 q_bytes=31584 qdelay_l_ms=0.960466 qdelay_c_ms=9.0857 ecn_mark=1627 drop=0
[QUEUE_STATS] t_ms=25344 q_pkts=20 q_bytes=30080 qdelay_l_ms=1.06692 qdelay_c_ms=9.29443 ecn_mark=1628 drop=0
[QUEUE_STATS] t_ms=25360 q_pkts=20 q_bytes=30080 qdelay_l_ms=1.07872 qdelay_c_ms=7.88965 ecn_mark=1629 drop=0
[QUEUE_STATS] t_ms=25376 q_pkts=21 q_bytes=31584 qdelay_l_ms=0.827355 qdelay_c_ms=8.98654 ecn_mark=1629 drop=0
[QUEUE_STATS] t_ms=25392 q_pkts=20 q_bytes=30080 qdelay_l_ms=1.09356 qdelay_c_ms=8.56715 ecn_mark=1629 drop=0
[QUEUE_STATS] t_ms=25408 q_pkts=19 q_bytes=28576 qdelay_l_ms=0.012864 qdelay_c_ms=9.02317 ecn_mark=1631 drop=0
[QUEUE_STATS] t_ms=25424 q_pkts=24 q_bytes=36096 qdelay_l_ms=1.05179 qdelay_c_ms=9.98174 ecn_mark=1631 drop=0
[QUEUE_STATS] t_ms=25441 q_pkts=20 q_bytes=30080 qdelay_l_ms=1.0954 qdelay_c_ms=9.7704 ecn_mark=1631 drop=0
[QUEUE_STATS] t_ms=25456 q_pkts=23 q_bytes=34592 qdelay_l_ms=0.965384 qdelay_c_ms=7.64325 ecn_mark=1632 drop=0
[QUEUE_STATS] t_ms=25472 q_pkts=22 q_bytes=33088 qdelay_l_ms=1.08594 qdelay_c_ms=9.75569 ecn_mark=1633 drop=0
[QUEUE_STATS] t_ms=25488 q_pkts=21 q_bytes=31584 qdelay_l_ms=1.0945 qdelay_c_ms=9.99386 ecn_mark=1637 drop=0
[QUEUE_STATS] t_ms=25504 q_pkts=22 q_bytes=33088 qdelay_l_ms=0.970133 qdelay_c_ms=8.54109 ecn_mark=1638 drop=0
[QUEUE_STATS] t_ms=25520 q_pkts=21 q_bytes=31584 qdelay_l_ms=0.997124 qdelay_c_ms=9.74479 ecn_mark=1639 drop=0
[QUEUE_STATS] t_ms=25537 q_pkts=23 q_bytes=34592 qdelay_l_ms=1.09387 qdelay_c_ms=9.81352 ecn_mark=1640 drop=0
[QUEUE_STATS] t_ms=25552 q_pkts=22 q_bytes=33088 qdelay_l_ms=1.06364 qdelay_c_ms=9.87072 ecn_mark=1641 drop=0
[QUEUE_STATS] t_ms=25568 q_pkts=24 q_bytes=36096 qdelay_l_ms=0.959062 qdelay_c_ms=10.7637 ecn_mark=1641 drop=0
[QUEUE_STATS] t_ms=25585 q_pkts=22 q_bytes=33088 qdelay_l_ms=1.10427 qdelay_c_ms=8.69211 ecn_mark=1644 drop=0
[QUEUE_STATS] t_ms=25600 q_pkts=24 q_bytes=36096 qdelay_l_ms=1.09233 qdelay_c_ms=9.82859 ecn_mark=1644 drop=0
[QUEUE_STATS] t_ms=25616 q_pkts=23 q_bytes=34592 qdelay_l_ms=0.974411 qdelay_c_ms=8.42331 ecn_mark=1645 drop=0
[QUEUE_STATS] t_ms=25632 q_pkts=23 q_bytes=34592 qdelay_l_ms=1.08612 qdelay_c_ms=10.0062 ecn_mark=1647 drop=0
[QUEUE_STATS] t_ms=25648 q_pkts=25 q_bytes=37600 qdelay_l_ms=0.971156 qdelay_c_ms=9.69618 ecn_mark=1647 drop=0
[QUEUE_STATS] t_ms=25664 q_pkts=23 q_bytes=34592 qdelay_l_ms=0.030778 qdelay_c_ms=9.75042 ecn_mark=1647 drop=0
[QUEUE_STATS] t_ms=25680 q_pkts=20 q_bytes=30080 qdelay_l_ms=0 qdelay_c_ms=8.69899 ecn_mark=1648 drop=0
[QUEUE_STATS] t_ms=25696 q_pkts=25 q_bytes=37600 qdelay_l_ms=1.08641 qdelay_c_ms=10.0947 ecn_mark=1650 drop=0
[QUEUE_STATS] t_ms=25713 q_pkts=26 q_bytes=39104 qdelay_l_ms=1.1175 qdelay_c_ms=10.0002 ecn_mark=1651 drop=0
[QUEUE_STATS] t_ms=25728 q_pkts=25 q_bytes=37600 qdelay_l_ms=1.08132 qdelay_c_ms=10.9034 ecn_mark=1652 drop=0
[QUEUE_STATS] t_ms=25744 q_pkts=25 q_bytes=37600 qdelay_l_ms=0.736264 qdelay_c_ms=10.9625 ecn_mark=1652 drop=0
[QUEUE_STATS] t_ms=25760 q_pkts=28 q_bytes=42112 qdelay_l_ms=0.977838 qdelay_c_ms=11.126 ecn_mark=1653 drop=0
[QUEUE_STATS] t_ms=25776 q_pkts=25 q_bytes=37600 qdelay_l_ms=0.971365 qdelay_c_ms=11.0824 ecn_mark=1655 drop=0
[QUEUE_STATS] t_ms=25792 q_pkts=25 q_bytes=37600 qdelay_l_ms=0.960425 qdelay_c_ms=11.3431 ecn_mark=1659 drop=0
[QUEUE_STATS] t_ms=25808 q_pkts=27 q_bytes=40608 qdelay_l_ms=1.0815 qdelay_c_ms=10.1824 ecn_mark=1660 drop=0
[QUEUE_STATS] t_ms=25824 q_pkts=25 q_bytes=37600 qdelay_l_ms=1.09943 qdelay_c_ms=11.2156 ecn_mark=1661 drop=0
[QUEUE_STATS] t_ms=25840 q_pkts=26 q_bytes=39104 qdelay_l_ms=1.07928 qdelay_c_ms=11.7895 ecn_mark=1661 drop=0
[QUEUE_STATS] t_ms=25856 q_pkts=26 q_bytes=39104 qdelay_l_ms=0.973449 qdelay_c_ms=9.69998 ecn_mark=1663 drop=0
[QUEUE_STATS] t_ms=25872 q_pkts=24 q_bytes=36096 qdelay_l_ms=1.0971 qdelay_c_ms=11.0148 ecn_mark=1663 drop=0
[QUEUE_STATS] t_ms=25888 q_pkts=23 q_bytes=34592 qdelay_l_ms=0.973841 qdelay_c_ms=11.0614 ecn_mark=1663 drop=0
[QUEUE_STATS] t_ms=25904 q_pkts=26 q_bytes=39104 qdelay_l_ms=1.09644 qdelay_c_ms=10.8766 ecn_mark=1665 drop=0
[QUEUE_STATS] t_ms=25920 q_pkts=27 q_bytes=40608 qdelay_l_ms=1.07696 qdelay_c_ms=12.4497 ecn_mark=1666 drop=0
[QUEUE_STATS] t_ms=25936 q_pkts=26 q_bytes=39104 qdelay_l_ms=0.014768 qdelay_c_ms=9.97107 ecn_mark=1667 drop=0
[QUEUE_STATS] t_ms=25953 q_pkts=27 q_bytes=40608 qdelay_l_ms=1.11202 qdelay_c_ms=11.8267 ecn_mark=1668 drop=0
[QUEUE_STATS] t_ms=25968 q_pkts=25 q_bytes=37600 qdelay_l_ms=0.97344 qdelay_c_ms=11.7442 ecn_mark=1670 drop=0
[QUEUE_STATS] t_ms=25984 q_pkts=26 q_bytes=39104 qdelay_l_ms=1.07694 qdelay_c_ms=9.78621 ecn_mark=1670 drop=0
[QUEUE_STATS] t_ms=26000 q_pkts=27 q_bytes=40608 qdelay_l_ms=1.08459 qdelay_c_ms=11.8555 ecn_mark=1672 drop=0
[QUEUE_STATS] t_ms=26016 q_pkts=25 q_bytes=37600 qdelay_l_ms=0.9946 qdelay_c_ms=10.5906 ecn_mark=1672 drop=0
[QUEUE_STATS] t_ms=26032 q_pkts=27 q_bytes=40608 qdelay_l_ms=1.07238 qdelay_c_ms=9.99553 ecn_mark=1673 drop=0
[QUEUE_STATS] t_ms=26048 q_pkts=25 q_bytes=37600 qdelay_l_ms=1.01992 qdelay_c_ms=12.8821 ecn_mark=1674 drop=0
[QUEUE_STATS] t_ms=26064 q_pkts=26 q_bytes=39104 qdelay_l_ms=1.07218 qdelay_c_ms=12.2326 ecn_mark=1674 drop=0
[QUEUE_STATS] t_ms=26080 q_pkts=29 q_bytes=43616 qdelay_l_ms=1.07155 qdelay_c_ms=11.9345 ecn_mark=1675 drop=0
[QUEUE_STATS] t_ms=26096 q_pkts=27 q_bytes=40608 qdelay_l_ms=1.06787 qdelay_c_ms=12.3005 ecn_mark=1675 drop=0
[QUEUE_STATS] t_ms=26112 q_pkts=30 q_bytes=45120 qdelay_l_ms=0.731094 qdelay_c_ms=11.7326 ecn_mark=1676 drop=0
[QUEUE_STATS] t_ms=26128 q_pkts=31 q_bytes=46624 qdelay_l_ms=1.09356 qdelay_c_ms=12.4949 ecn_mark=1676 drop=0
[QUEUE_STATS] t_ms=26144 q_pkts=30 q_bytes=45120 qdelay_l_ms=1.08163 qdelay_c_ms=12.6221 ecn_mark=1677 drop=0
[QUEUE_STATS] t_ms=26160 q_pkts=30 q_bytes=45120 qdelay_l_ms=1.09761 qdelay_c_ms=12.2147 ecn_mark=1677 drop=0
[QUEUE_STATS] t_ms=26176 q_pkts=29 q_bytes=43616 qdelay_l_ms=1.0746 qdelay_c_ms=13.5547 ecn_mark=1678 drop=0
[QUEUE_STATS] t_ms=26192 q_pkts=31 q_bytes=46624 qdelay_l_ms=1.07725 qdelay_c_ms=13.1685 ecn_mark=1679 drop=0
[QUEUE_STATS] t_ms=26208 q_pkts=30 q_bytes=45120 qdelay_l_ms=0.963541 qdelay_c_ms=12.7687 ecn_mark=1679 drop=0
[QUEUE_STATS] t_ms=26224 q_pkts=30 q_bytes=45120 qdelay_l_ms=1.08878 qdelay_c_ms=13.0518 ecn_mark=1679 drop=0
[QUEUE_STATS] t_ms=26240 q_pkts=31 q_bytes=46624 qdelay_l_ms=0.94203 qdelay_c_ms=12.9471 ecn_mark=1680 drop=0
[QUEUE_STATS] t_ms=26256 q_pkts=31 q_bytes=46624 qdelay_l_ms=1.09343 qdelay_c_ms=13.0816 ecn_mark=1680 drop=0
[QUEUE_STATS] t_ms=26272 q_pkts=30 q_bytes=45120 qdelay_l_ms=1.02487 qdelay_c_ms=12.8576 ecn_mark=1682 drop=0
[QUEUE_STATS] t_ms=26288 q_pkts=33 q_bytes=49632 qdelay_l_ms=0.928104 qdelay_c_ms=12.2517 ecn_mark=1682 drop=0
[QUEUE_STATS] t_ms=26304 q_pkts=29 q_bytes=43616 qdelay_l_ms=1.06855 qdelay_c_ms=13.1869 ecn_mark=1684 drop=0
[QUEUE_STATS] t_ms=26320 q_pkts=29 q_bytes=43616 qdelay_l_ms=1.09391 qdelay_c_ms=12.6629 ecn_mark=1684 drop=0
[QUEUE_STATS] t_ms=26336 q_pkts=33 q_bytes=49632 qdelay_l_ms=0.930008 qdelay_c_ms=13.9698 ecn_mark=1684 drop=0
[QUEUE_STATS] t_ms=26352 q_pkts=31 q_bytes=46624 qdelay_l_ms=1.07082 qdelay_c_ms=15.4785 ecn_mark=1685 drop=0
[QUEUE_STATS] t_ms=26368 q_pkts=33 q_bytes=49632 qdelay_l_ms=1.08469 qdelay_c_ms=14.2828 ecn_mark=1685 drop=0
[QUEUE_STATS] t_ms=26384 q_pkts=34 q_bytes=51136 qdelay_l_ms=0.95781 qdelay_c_ms=12.8764 ecn_mark=1686 drop=0
[QUEUE_STATS] t_ms=26400 q_pkts=31 q_bytes=46624 qdelay_l_ms=0.948152 qdelay_c_ms=14.0406 ecn_mark=1687 drop=0
[QUEUE_STATS] t_ms=26416 q_pkts=34 q_bytes=51136 qdelay_l_ms=1.08459 qdelay_c_ms=14.51 ecn_mark=1687 drop=0
[QUEUE_STATS] t_ms=26432 q_pkts=34 q_bytes=51136 qdelay_l_ms=0.950967 qdelay_c_ms=13.0241 ecn_mark=1688 drop=0
[QUEUE_STATS] t_ms=26448 q_pkts=31 q_bytes=46624 qdelay_l_ms=1.0881 qdelay_c_ms=14.2833 ecn_mark=1689 drop=0
[QUEUE_STATS] t_ms=26464 q_pkts=28 q_bytes=42112 qdelay_l_ms=0 qdelay_c_ms=12.4673 ecn_mark=1690 drop=0
[QUEUE_STATS] t_ms=26480 q_pkts=33 q_bytes=49632 qdelay_l_ms=1.05904 qdelay_c_ms=13.9822 ecn_mark=1690 drop=0
[QUEUE_STATS] t_ms=26496 q_pkts=31 q_bytes=46624 qdelay_l_ms=1.06978 qdelay_c_ms=15.0788 ecn_mark=1692 drop=0
[QUEUE_STATS] t_ms=26512 q_pkts=32 q_bytes=48128 qdelay_l_ms=1.08258 qdelay_c_ms=14.7085 ecn_mark=1692 drop=0
[QUEUE_STATS] t_ms=26528 q_pkts=35 q_bytes=52640 qdelay_l_ms=0.961748 qdelay_c_ms=13.1883 ecn_mark=1692 drop=0
[QUEUE_STATS] t_ms=26544 q_pkts=33 q_bytes=49632 qdelay_l_ms=1.06488 qdelay_c_ms=14.9413 ecn_mark=1693 drop=0
[QUEUE_STATS] t_ms=26560 q_pkts=32 q_bytes=48128 qdelay_l_ms=0.965164 qdelay_c_ms=15.7306 ecn_mark=1694 drop=0
[QUEUE_STATS] t_ms=26576 q_pkts=35 q_bytes=52640 qdelay_l_ms=0.791799 qdelay_c_ms=14.1724 ecn_mark=1694 drop=0
[QUEUE_STATS] t_ms=26593 q_pkts=34 q_bytes=51136 qdelay_l_ms=1.1049 qdelay_c_ms=15.8101 ecn_mark=1695 drop=0
[QUEUE_STATS] t_ms=26608 q_pkts=34 q_bytes=51136 qdelay_l_ms=0.961737 qdelay_c_ms=14.8101 ecn_mark=1696 drop=0
[QUEUE_STATS] t_ms=26624 q_pkts=36 q_bytes=54144 qdelay_l_ms=0.929858 qdelay_c_ms=15.1336 ecn_mark=1696 drop=0
[QUEUE_STATS] t_ms=26640 q_pkts=36 q_bytes=54144 qdelay_l_ms=0.801767 qdelay_c_ms=15.995 ecn_mark=1696 drop=0
[QUEUE_STATS] t_ms=26656 q_pkts=37 q_bytes=55648 qdelay_l_ms=1.0657 qdelay_c_ms=14.8662 ecn_mark=1696 drop=0
[QUEUE_STATS] t_ms=26672 q_pkts=35 q_bytes=52640 qdelay_l_ms=1.10515 qdelay_c_ms=13.8725 ecn_mark=1696 drop=0
[QUEUE_STATS] t_ms=26688 q_pkts=32 q_bytes=48128 qdelay_l_ms=0 qdelay_c_ms=16.1208 ecn_mark=1699 drop=0
[QUEUE_STATS] t_ms=26704 q_pkts=37 q_bytes=55648 qdelay_l_ms=1.07356 qdelay_c_ms=15.6483 ecn_mark=1700 drop=0
[QUEUE_STATS] t_ms=26720 q_pkts=38 q_bytes=57152 qdelay_l_ms=0.92085 qdelay_c_ms=15.4193 ecn_mark=1702 drop=0
[QUEUE_STATS] t_ms=26736 q_pkts=37 q_bytes=55648 qdelay_l_ms=0.923506 qdelay_c_ms=16.9919 ecn_mark=1703 drop=0
[QUEUE_STATS] t_ms=26752 q_pkts=37 q_bytes=55648 qdelay_l_ms=0.97881 qdelay_c_ms=15.1197 ecn_mark=1704 drop=0
[QUEUE_STATS] t_ms=26768 q_pkts=37 q_bytes=55648 qdelay_l_ms=1.04352 qdelay_c_ms=16.013 ecn_mark=1704 drop=0
[QUEUE_STATS] t_ms=26784 q_pkts=37 q_bytes=55648 qdelay_l_ms=1.09464 qdelay_c_ms=16.8376 ecn_mark=1704 drop=0
[QUEUE_STATS] t_ms=26800 q_pkts=37 q_bytes=55648 qdelay_l_ms=0.939196 qdelay_c_ms=17.1896 ecn_mark=1707 drop=0
[QUEUE_STATS] t_ms=26816 q_pkts=38 q_bytes=57152 qdelay_l_ms=0.769426 qdelay_c_ms=16.0354 ecn_mark=1707 drop=0
[QUEUE_STATS] t_ms=26832 q_pkts=38 q_bytes=57152 qdelay_l_ms=1.05961 qdelay_c_ms=16.5872 ecn_mark=1707 drop=0
[QUEUE_STATS] t_ms=26848 q_pkts=36 q_bytes=54144 qdelay_l_ms=0.936119 qdelay_c_ms=14.9733 ecn_mark=1707 drop=0
[QUEUE_STATS] t_ms=26864 q_pkts=39 q_bytes=58656 qdelay_l_ms=1.10267 qdelay_c_ms=16.0047 ecn_mark=1707 drop=0
[QUEUE_STATS] t_ms=26880 q_pkts=39 q_bytes=58656 qdelay_l_ms=1.06684 qdelay_c_ms=17.844 ecn_mark=1708 drop=0
[QUEUE_STATS] t_ms=26896 q_pkts=39 q_bytes=58656 qdelay_l_ms=1.04917 qdelay_c_ms=17.0415 ecn_mark=1708 drop=0
[QUEUE_STATS] t_ms=26912 q_pkts=41 q_bytes=61664 qdelay_l_ms=1.11113 qdelay_c_ms=18.5365 ecn_mark=1708 drop=0
[QUEUE_STATS] t_ms=26928 q_pkts=41 q_bytes=61664 qdelay_l_ms=1.10445 qdelay_c_ms=17.9452 ecn_mark=1709 drop=0
[QUEUE_STATS] t_ms=26944 q_pkts=40 q_bytes=60160 qdelay_l_ms=0.940217 qdelay_c_ms=16.9393 ecn_mark=1709 drop=0
[QUEUE_STATS] t_ms=26960 q_pkts=39 q_bytes=58656 qdelay_l_ms=1.08022 qdelay_c_ms=18.2477 ecn_mark=1709 drop=0
[QUEUE_STATS] t_ms=26977 q_pkts=41 q_bytes=61664 qdelay_l_ms=1.07067 qdelay_c_ms=18.6804 ecn_mark=1711 drop=0
[QUEUE_STATS] t_ms=26992 q_pkts=41 q_bytes=61664 qdelay_l_ms=1.09861 qdelay_c_ms=18.2137 ecn_mark=1711 drop=0
[QUEUE_STATS] t_ms=27008 q_pkts=41 q_bytes=61664 qdelay_l_ms=0.80892 qdelay_c_ms=18.9269 ecn_mark=1711 drop=0
[QUEUE_STATS] t_ms=27024 q_pkts=41 q_bytes=61664 qdelay_l_ms=1.08754 qdelay_c_ms=19.1006 ecn_mark=1711 drop=0
[QUEUE_STATS] t_ms=27040 q_pkts=41 q_bytes=61664 qdelay_l_ms=1.09603 qdelay_c_ms=17.9336 ecn_mark=1712 drop=0
[QUEUE_STATS] t_ms=27056 q_pkts=38 q_bytes=57152 qdelay_l_ms=0 qdelay_c_ms=17.848 ecn_mark=1712 drop=0
[QUEUE_STATS] t_ms=27072 q_pkts=38 q_bytes=57152 qdelay_l_ms=0 qdelay_c_ms=17.1871 ecn_mark=1712 drop=0
[QUEUE_STATS] t_ms=27088 q_pkts=42 q_bytes=63168 qdelay_l_ms=1.07418 qdelay_c_ms=19.2692 ecn_mark=1712 drop=0
[QUEUE_STATS] t_ms=27104 q_pkts=42 q_bytes=63168 qdelay_l_ms=0.894101 qdelay_c_ms=19.8961 ecn_mark=1712 drop=0
[QUEUE_STATS] t_ms=27120 q_pkts=42 q_bytes=63168 qdelay_l_ms=1.0765 qdelay_c_ms=19.1977 ecn_mark=1713 drop=0
[QUEUE_STATS] t_ms=27136 q_pkts=39 q_bytes=58656 qdelay_l_ms=0 qdelay_c_ms=19.0928 ecn_mark=1714 drop=0
[QUEUE_STATS] t_ms=27152 q_pkts=42 q_bytes=63168 qdelay_l_ms=0.039404 qdelay_c_ms=18.023 ecn_mark=1715 drop=0
[QUEUE_STATS] t_ms=27168 q_pkts=44 q_bytes=66176 qdelay_l_ms=1.08189 qdelay_c_ms=19.2058 ecn_mark=1717 drop=0
[QUEUE_STATS] t_ms=27184 q_pkts=45 q_bytes=67680 qdelay_l_ms=0.912575 qdelay_c_ms=21.1495 ecn_mark=1717 drop=0
[QUEUE_STATS] t_ms=27200 q_pkts=42 q_bytes=63168 qdelay_l_ms=0.043341 qdelay_c_ms=16.8511 ecn_mark=1718 drop=0
[QUEUE_STATS] t_ms=27216 q_pkts=43 q_bytes=64672 qdelay_l_ms=1.09014 qdelay_c_ms=21.4105 ecn_mark=1718 drop=0
[QUEUE_STATS] t_ms=27232 q_pkts=43 q_bytes=64672 qdelay_l_ms=0 qdelay_c_ms=21.0859 ecn_mark=1719 drop=0
[QUEUE_STATS] t_ms=27248 q_pkts=45 q_bytes=67680 qdelay_l_ms=0.705676 qdelay_c_ms=18.9702 ecn_mark=1720 drop=0
[QUEUE_STATS] t_ms=27264 q_pkts=46 q_bytes=69184 qdelay_l_ms=1.08143 qdelay_c_ms=21.0825 ecn_mark=1721 drop=0
[QUEUE_STATS] t_ms=27281 q_pkts=46 q_bytes=69184 qdelay_l_ms=1.10522 qdelay_c_ms=19.8062 ecn_mark=1721 drop=0
[QUEUE_STATS] t_ms=27297 q_pkts=46 q_bytes=69184 qdelay_l_ms=1.11066 qdelay_c_ms=21.0902 ecn_mark=1723 drop=0
[QUEUE_STATS] t_ms=27313 q_pkts=46 q_bytes=69184 qdelay_l_ms=1.11778 qdelay_c_ms=21.6221 ecn_mark=1725 drop=0
[QUEUE_STATS] t_ms=27328 q_pkts=46 q_bytes=69184 qdelay_l_ms=0.904971 qdelay_c_ms=19.9689 ecn_mark=1725 drop=0
[QUEUE_STATS] t_ms=27344 q_pkts=47 q_bytes=70688 qdelay_l_ms=1.06584 qdelay_c_ms=23.4885 ecn_mark=1725 drop=0
[QUEUE_STATS] t_ms=27360 q_pkts=47 q_bytes=70688 qdelay_l_ms=0.900543 qdelay_c_ms=21.4815 ecn_mark=1727 drop=0
[QUEUE_STATS] t_ms=27376 q_pkts=46 q_bytes=69184 qdelay_l_ms=1.02291 qdelay_c_ms=21 ecn_mark=1728 drop=0
[QUEUE_STATS] t_ms=27392 q_pkts=46 q_bytes=69184 qdelay_l_ms=0.676612 qdelay_c_ms=24.0233 ecn_mark=1728 drop=0
[QUEUE_STATS] t_ms=27408 q_pkts=47 q_bytes=70688 qdelay_l_ms=1.05771 qdelay_c_ms=21.9149 ecn_mark=1729 drop=0
[QUEUE_STATS] t_ms=27425 q_pkts=48 q_bytes=72192 qdelay_l_ms=1.07074 qdelay_c_ms=22.0951 ecn_mark=1731 drop=0
[QUEUE_STATS] t_ms=27440 q_pkts=44 q_bytes=66176 qdelay_l_ms=0 qdelay_c_ms=21.8875 ecn_mark=1731 drop=0
[QUEUE_STATS] t_ms=27456 q_pkts=43 q_bytes=64672 qdelay_l_ms=0 qdelay_c_ms=19.9012 ecn_mark=1733 drop=0
[QUEUE_STATS] t_ms=27472 q_pkts=47 q_bytes=70688 qdelay_l_ms=1.0792 qdelay_c_ms=22.4017 ecn_mark=1733 drop=0
[QUEUE_STATS] t_ms=27488 q_pkts=51 q_bytes=76704 qdelay_l_ms=1.06735 qdelay_c_ms=24.0761 ecn_mark=1733 drop=0
[QUEUE_STATS] t_ms=27504 q_pkts=47 q_bytes=70688 qdelay_l_ms=1.06622 qdelay_c_ms=20.0366 ecn_mark=1735 drop=0
[QUEUE_STATS] t_ms=27520 q_pkts=47 q_bytes=70688 qdelay_l_ms=0.665781 qdelay_c_ms=23.0826 ecn_mark=1736 drop=0
[QUEUE_STATS] t_ms=27536 q_pkts=51 q_bytes=76704 qdelay_l_ms=0 qdelay_c_ms=24.0527 ecn_mark=1739 drop=0
[QUEUE_STATS] t_ms=27552 q_pkts=49 q_bytes=73696 qdelay_l_ms=0.881817 qdelay_c_ms=20.9397 ecn_mark=1741 drop=0
[QUEUE_STATS] t_ms=27568 q_pkts=49 q_bytes=73696 qdelay_l_ms=1.09455 qdelay_c_ms=24.8859 ecn_mark=1743 drop=0
[QUEUE_STATS] t_ms=27585 q_pkts=49 q_bytes=73696 qdelay_l_ms=1.1005 qdelay_c_ms=21.3674 ecn_mark=1746 drop=0
[QUEUE_STATS] t_ms=27600 q_pkts=46 q_bytes=69184 qdelay_l_ms=1.0848 qdelay_c_ms=22.8626 ecn_mark=1748 drop=0
[QUEUE_STATS] t_ms=27616 q_pkts=48 q_bytes=72192 qdelay_l_ms=1.02416 qdelay_c_ms=24.2083 ecn_mark=1750 drop=0
[QUEUE_STATS] t_ms=27632 q_pkts=51 q_bytes=76704 qdelay_l_ms=1.10742 qdelay_c_ms=21.5913 ecn_mark=1751 drop=0
[QUEUE_STATS] t_ms=27648 q_pkts=49 q_bytes=73696 qdelay_l_ms=1.09878 qdelay_c_ms=23.0303 ecn_mark=1752 drop=0
[QUEUE_STATS] t_ms=27664 q_pkts=51 q_bytes=76704 qdelay_l_ms=1.10656 qdelay_c_ms=24.3208 ecn_mark=1753 drop=0
[QUEUE_STATS] t_ms=27680 q_pkts=50 q_bytes=75200 qdelay_l_ms=0.905582 qdelay_c_ms=22.7051 ecn_mark=1753 drop=0
[QUEUE_STATS] t_ms=27696 q_pkts=48 q_bytes=72192 qdelay_l_ms=1.0666 qdelay_c_ms=23.0253 ecn_mark=1754 drop=0
[QUEUE_STATS] t_ms=27712 q_pkts=49 q_bytes=73696 qdelay_l_ms=1.08064 qdelay_c_ms=24.182 ecn_mark=1756 drop=0
[QUEUE_STATS] t_ms=27728 q_pkts=50 q_bytes=75200 qdelay_l_ms=1.08187 qdelay_c_ms=23.0515 ecn_mark=1757 drop=0
[QUEUE_STATS] t_ms=27744 q_pkts=49 q_bytes=73696 qdelay_l_ms=0.908889 qdelay_c_ms=23.944 ecn_mark=1757 drop=0
[QUEUE_STATS] t_ms=27760 q_pkts=50 q_bytes=75200 qdelay_l_ms=0.719732 qdelay_c_ms=24.1113 ecn_mark=1757 drop=0
[QUEUE_STATS] t_ms=27776 q_pkts=46 q_bytes=69184 qdelay_l_ms=0 qdelay_c_ms=22.0631 ecn_mark=1758 drop=0
[QUEUE_STATS] t_ms=27792 q_pkts=51 q_bytes=76704 qdelay_l_ms=1.06821 qdelay_c_ms=24.0795 ecn_mark=1758 drop=0
[QUEUE_STATS] t_ms=27808 q_pkts=49 q_bytes=73696 qdelay_l_ms=1.09618 qdelay_c_ms=23.7846 ecn_mark=1760 drop=0
[QUEUE_STATS] t_ms=27824 q_pkts=49 q_bytes=73696 qdelay_l_ms=1.08814 qdelay_c_ms=22.0428 ecn_mark=1762 drop=0
[QUEUE_STATS] t_ms=27840 q_pkts=50 q_bytes=75200 qdelay_l_ms=1.1001 qdelay_c_ms=22.8536 ecn_mark=1762 drop=0
[QUEUE_STATS] t_ms=27856 q_pkts=52 q_bytes=78208 qdelay_l_ms=0.908247 qdelay_c_ms=24.1298 ecn_mark=1766 drop=0
[QUEUE_STATS] t_ms=27872 q_pkts=49 q_bytes=73696 qdelay_l_ms=1.07984 qdelay_c_ms=23.0713 ecn_mark=1766 drop=0
[QUEUE_STATS] t_ms=27888 q_pkts=49 q_bytes=73696 qdelay_l_ms=1.07339 qdelay_c_ms=24.4515 ecn_mark=1766 drop=0
[QUEUE_STATS] t_ms=27905 q_pkts=53 q_bytes=79712 qdelay_l_ms=1.0672 qdelay_c_ms=24.8734 ecn_mark=1767 drop=0
[QUEUE_STATS] t_ms=27920 q_pkts=47 q_bytes=70688 qdelay_l_ms=0 qdelay_c_ms=21.0383 ecn_mark=1768 drop=0
[QUEUE_STATS] t_ms=27936 q_pkts=53 q_bytes=79712 qdelay_l_ms=1.08693 qdelay_c_ms=26.932 ecn_mark=1768 drop=0
[QUEUE_STATS] t_ms=27952 q_pkts=53 q_bytes=79712 qdelay_l_ms=1.10604 qdelay_c_ms=23.9397 ecn_mark=1769 drop=0
[QUEUE_STATS] t_ms=27968 q_pkts=52 q_bytes=78208 qdelay_l_ms=1.05522 qdelay_c_ms=22.8241 ecn_mark=1771 drop=0
[QUEUE_STATS] t_ms=27984 q_pkts=51 q_bytes=76704 qdelay_l_ms=1.08999 qdelay_c_ms=25.4028 ecn_mark=1771 drop=0
[QUEUE_STATS] t_ms=28000 q_pkts=54 q_bytes=81216 qdelay_l_ms=0.898448 qdelay_c_ms=22.4574 ecn_mark=1773 drop=0
[QUEUE_STATS] t_ms=28016 q_pkts=51 q_bytes=76704 qdelay_l_ms=1.06506 qdelay_c_ms=25.0461 ecn_mark=1773 drop=0
[QUEUE_STATS] t_ms=28032 q_pkts=52 q_bytes=78208 qdelay_l_ms=0.675519 qdelay_c_ms=25.0316 ecn_mark=1774 drop=0
[QUEUE_STATS] t_ms=28048 q_pkts=55 q_bytes=82720 qdelay_l_ms=1.06433 qdelay_c_ms=25.2661 ecn_mark=1774 drop=0
[QUEUE_STATS] t_ms=28064 q_pkts=52 q_bytes=78208 qdelay_l_ms=0 qdelay_c_ms=24.7462 ecn_mark=1774 drop=0
[QUEUE_STATS] t_ms=28080 q_pkts=49 q_bytes=73696 qdelay_l_ms=0 qdelay_c_ms=26.0402 ecn_mark=1774 drop=0
[QUEUE_STATS] t_ms=28096 q_pkts=54 q_bytes=81216 qdelay_l_ms=0.87232 qdelay_c_ms=25.8707 ecn_mark=1774 drop=0
[QUEUE_STATS] t_ms=28112 q_pkts=54 q_bytes=81216 qdelay_l_ms=0.849146 qdelay_c_ms=26.0618 ecn_mark=1774 drop=0
[QUEUE_STATS] t_ms=28128 q_pkts=54 q_bytes=81216 qdelay_l_ms=1.0523 qdelay_c_ms=25.8738 ecn_mark=1775 drop=0
[QUEUE_STATS] t_ms=28144 q_pkts=54 q_bytes=81216 qdelay_l_ms=1.07314 qdelay_c_ms=24.907 ecn_mark=1775 drop=0
[QUEUE_STATS] t_ms=28160 q_pkts=58 q_bytes=87232 qdelay_l_ms=0.950176 qdelay_c_ms=27.0943 ecn_mark=1776 drop=0
[QUEUE_STATS] t_ms=28176 q_pkts=55 q_bytes=82720 qdelay_l_ms=1.06206 qdelay_c_ms=25.6153 ecn_mark=1777 drop=0
[QUEUE_STATS] t_ms=28192 q_pkts=55 q_bytes=82720 qdelay_l_ms=1.09395 qdelay_c_ms=26.2114 ecn_mark=1778 drop=0
[QUEUE_STATS] t_ms=28208 q_pkts=58 q_bytes=87232 qdelay_l_ms=1.05202 qdelay_c_ms=27.9038 ecn_mark=1779 drop=0
[QUEUE_STATS] t_ms=28225 q_pkts=56 q_bytes=84224 qdelay_l_ms=1.09254 qdelay_c_ms=24.8969 ecn_mark=1781 drop=0
[QUEUE_STATS] t_ms=28240 q_pkts=55 q_bytes=82720 qdelay_l_ms=1.08245 qdelay_c_ms=27.868 ecn_mark=1781 drop=0
[QUEUE_STATS] t_ms=28256 q_pkts=59 q_bytes=88736 qdelay_l_ms=1.05345 qdelay_c_ms=29.079 ecn_mark=1783 drop=0
[QUEUE_STATS] t_ms=28272 q_pkts=56 q_bytes=84224 qdelay_l_ms=1.07123 qdelay_c_ms=24.8927 ecn_mark=1783 drop=0
[QUEUE_STATS] t_ms=28288 q_pkts=55 q_bytes=82720 qdelay_l_ms=1.05629 qdelay_c_ms=27.1026 ecn_mark=1784 drop=0
[QUEUE_STATS] t_ms=28304 q_pkts=58 q_bytes=87232 qdelay_l_ms=1.07486 qdelay_c_ms=26.2438 ecn_mark=1785 drop=0
[QUEUE_STATS] t_ms=28320 q_pkts=57 q_bytes=85728 qdelay_l_ms=1.06574 qdelay_c_ms=25.975 ecn_mark=1787 drop=0
[QUEUE_STATS] t_ms=28336 q_pkts=56 q_bytes=84224 qdelay_l_ms=0.875065 qdelay_c_ms=27.904 ecn_mark=1789 drop=0
[QUEUE_STATS] t_ms=28352 q_pkts=58 q_bytes=87232 qdelay_l_ms=0.833647 qdelay_c_ms=25.8362 ecn_mark=1792 drop=0
[QUEUE_STATS] t_ms=28368 q_pkts=57 q_bytes=85728 qdelay_l_ms=1.07061 qdelay_c_ms=27.1729 ecn_mark=1793 drop=0
[QUEUE_STATS] t_ms=28385 q_pkts=57 q_bytes=85728 qdelay_l_ms=1.09907 qdelay_c_ms=27.9276 ecn_mark=1793 drop=0
[QUEUE_STATS] t_ms=28400 q_pkts=57 q_bytes=85728 qdelay_l_ms=1.03938 qdelay_c_ms=27.1086 ecn_mark=1794 drop=0
[QUEUE_STATS] t_ms=28416 q_pkts=53 q_bytes=79712 qdelay_l_ms=0 qdelay_c_ms=27.9391 ecn_mark=1796 drop=0
[QUEUE_STATS] t_ms=28432 q_pkts=59 q_bytes=88736 qdelay_l_ms=1.06451 qdelay_c_ms=28.0928 ecn_mark=1797 drop=0
[QUEUE_STATS] t_ms=28448 q_pkts=58 q_bytes=87232 qdelay_l_ms=1.1028 qdelay_c_ms=28.0185 ecn_mark=1797 drop=0
[QUEUE_STATS] t_ms=28464 q_pkts=58 q_bytes=87232 qdelay_l_ms=0.660191 qdelay_c_ms=30.0755 ecn_mark=1798 drop=0
[QUEUE_STATS] t_ms=28480 q_pkts=59 q_bytes=88736 qdelay_l_ms=1.08104 qdelay_c_ms=27.7711 ecn_mark=1799 drop=0
[QUEUE_STATS] t_ms=28496 q_pkts=58 q_bytes=87232 qdelay_l_ms=1.05167 qdelay_c_ms=26.5759 ecn_mark=1799 drop=0
[QUEUE_STATS] t_ms=28512 q_pkts=58 q_bytes=87232 qdelay_l_ms=1.07975 qdelay_c_ms=28.932 ecn_mark=1801 drop=0
[QUEUE_STATS] t_ms=28528 q_pkts=60 q_bytes=90240 qdelay_l_ms=1.0768 qdelay_c_ms=27.5481 ecn_mark=1801 drop=0
[QUEUE_STATS] t_ms=28544 q_pkts=53 q_bytes=79712 qdelay_l_ms=0 qdelay_c_ms=25.849 ecn_mark=1802 drop=0
[QUEUE_STATS] t_ms=28560 q_pkts=53 q_bytes=79712 qdelay_l_ms=0 qdelay_c_ms=28.8615 ecn_mark=1803 drop=0
[QUEUE_STATS] t_ms=28577 q_pkts=60 q_bytes=90240 qdelay_l_ms=1.0705 qdelay_c_ms=29.103 ecn_mark=1804 drop=0
[QUEUE_STATS] t_ms=28593 q_pkts=57 q_bytes=85728 qdelay_l_ms=1.09551 qdelay_c_ms=26.8382 ecn_mark=1804 drop=0
[QUEUE_STATS] t_ms=28608 q_pkts=59 q_bytes=88736 qdelay_l_ms=1.0801 qdelay_c_ms=28.944 ecn_mark=1804 drop=0
[QUEUE_STATS] t_ms=28624 q_pkts=58 q_bytes=87232 qdelay_l_ms=1.0614 qdelay_c_ms=28.9764 ecn_mark=1808 drop=0
[QUEUE_STATS] t_ms=28640 q_pkts=59 q_bytes=88736 qdelay_l_ms=0.698803 qdelay_c_ms=28.2433 ecn_mark=1808 drop=0
[QUEUE_STATS] t_ms=28656 q_pkts=60 q_bytes=90240 qdelay_l_ms=0.69671 qdelay_c_ms=30.0667 ecn_mark=1808 drop=0
[QUEUE_STATS] t_ms=28672 q_pkts=60 q_bytes=90240 qdelay_l_ms=1.01017 qdelay_c_ms=27.9642 ecn_mark=1808 drop=0
[QUEUE_STATS] t_ms=28688 q_pkts=54 q_bytes=81216 qdelay_l_ms=0 qdelay_c_ms=26.8556 ecn_mark=1809 drop=0
[QUEUE_STATS] t_ms=28704 q_pkts=60 q_bytes=90240 qdelay_l_ms=1.09461 qdelay_c_ms=29.9719 ecn_mark=1810 drop=0
[QUEUE_STATS] t_ms=28720 q_pkts=60 q_bytes=90240 qdelay_l_ms=1.10163 qdelay_c_ms=26.8105 ecn_mark=1812 drop=0
[QUEUE_STATS] t_ms=28736 q_pkts=59 q_bytes=88736 qdelay_l_ms=1.0851 qdelay_c_ms=29.2301 ecn_mark=1812 drop=0
[QUEUE_STATS] t_ms=28753 q_pkts=60 q_bytes=90240 qdelay_l_ms=1.08869 qdelay_c_ms=30.0915 ecn_mark=1813 drop=0
[QUEUE_STATS] t_ms=28768 q_pkts=60 q_bytes=90240 qdelay_l_ms=1.09835 qdelay_c_ms=27.6517 ecn_mark=1814 drop=0
[QUEUE_STATS] t_ms=28784 q_pkts=63 q_bytes=94752 qdelay_l_ms=0.676281 qdelay_c_ms=29.9036 ecn_mark=1814 drop=0
[QUEUE_STATS] t_ms=28800 q_pkts=57 q_bytes=85728 qdelay_l_ms=0 qdelay_c_ms=29.9839 ecn_mark=1817 drop=0
[QUEUE_STATS] t_ms=28816 q_pkts=61 q_bytes=91744 qdelay_l_ms=0.902165 qdelay_c_ms=28.7629 ecn_mark=1818 drop=0
[QUEUE_STATS] t_ms=28832 q_pkts=60 q_bytes=90240 qdelay_l_ms=1.04316 qdelay_c_ms=30.0804 ecn_mark=1818 drop=0
[QUEUE_STATS] t_ms=28848 q_pkts=60 q_bytes=90240 qdelay_l_ms=1.07851 qdelay_c_ms=29.921 ecn_mark=1819 drop=0
[QUEUE_STATS] t_ms=28864 q_pkts=57 q_bytes=85728 qdelay_l_ms=0 qdelay_c_ms=26.8583 ecn_mark=1820 drop=0
[QUEUE_STATS] t_ms=28880 q_pkts=60 q_bytes=90240 qdelay_l_ms=1.05797 qdelay_c_ms=29.9413 ecn_mark=1821 drop=0
[QUEUE_STATS] t_ms=28896 q_pkts=60 q_bytes=90240 qdelay_l_ms=0.043091 qdelay_c_ms=27.7995 ecn_mark=1821 drop=0
[QUEUE_STATS] t_ms=28912 q_pkts=62 q_bytes=93248 qdelay_l_ms=1.0721 qdelay_c_ms=30.3048 ecn_mark=1822 drop=0
[QUEUE_STATS] t_ms=28928 q_pkts=59 q_bytes=88736 qdelay_l_ms=0 qdelay_c_ms=28.722 ecn_mark=1822 drop=0
[QUEUE_STATS] t_ms=28944 q_pkts=63 q_bytes=94752 qdelay_l_ms=1.09956 qdelay_c_ms=28.8528 ecn_mark=1823 drop=0
[QUEUE_STATS] t_ms=28960 q_pkts=62 q_bytes=93248 qdelay_l_ms=0.881868 qdelay_c_ms=30.2388 ecn_mark=1823 drop=0
[QUEUE_STATS] t_ms=28976 q_pkts=58 q_bytes=87232 qdelay_l_ms=0 qdelay_c_ms=28.6834 ecn_mark=1824 drop=0
[QUEUE_STATS] t_ms=28993 q_pkts=63 q_bytes=94752 qdelay_l_ms=1.09722 qdelay_c_ms=29.929 ecn_mark=1826 drop=0
[QUEUE_STATS] t_ms=29008 q_pkts=60 q_bytes=90240 qdelay_l_ms=0.014547 qdelay_c_ms=31.9153 ecn_mark=1826 drop=0
[QUEUE_STATS] t_ms=29024 q_pkts=62 q_bytes=93248 qdelay_l_ms=1.01744 qdelay_c_ms=29.8611 ecn_mark=1827 drop=0
[QUEUE_STATS] t_ms=29040 q_pkts=63 q_bytes=94752 qdelay_l_ms=1.07626 qdelay_c_ms=29.8414 ecn_mark=1829 drop=0
[QUEUE_STATS] t_ms=29056 q_pkts=64 q_bytes=96256 qdelay_l_ms=1.09694 qdelay_c_ms=32.0118 ecn_mark=1829 drop=0
[QUEUE_STATS] t_ms=29072 q_pkts=64 q_bytes=96256 qdelay_l_ms=1.10673 qdelay_c_ms=29.6143 ecn_mark=1832 drop=0
[QUEUE_STATS] t_ms=29088 q_pkts=62 q_bytes=93248 qdelay_l_ms=0.033834 qdelay_c_ms=29.9455 ecn_mark=1834 drop=0
[QUEUE_STATS] t_ms=29104 q_pkts=65 q_bytes=97760 qdelay_l_ms=1.07574 qdelay_c_ms=32.3409 ecn_mark=1834 drop=0
[QUEUE_STATS] t_ms=29120 q_pkts=66 q_bytes=99264 qdelay_l_ms=1.02948 qdelay_c_ms=31.0631 ecn_mark=1835 drop=0
[QUEUE_STATS] t_ms=29136 q_pkts=62 q_bytes=93248 qdelay_l_ms=1.08117 qdelay_c_ms=30.4934 ecn_mark=1835 drop=0
[QUEUE_STATS] t_ms=29152 q_pkts=64 q_bytes=96256 qdelay_l_ms=1.09371 qdelay_c_ms=31.8694 ecn_mark=1836 drop=0
[QUEUE_STATS] t_ms=29168 q_pkts=65 q_bytes=97760 qdelay_l_ms=1.04824 qdelay_c_ms=30.9286 ecn_mark=1838 drop=0
[QUEUE_STATS] t_ms=29184 q_pkts=65 q_bytes=97760 qdelay_l_ms=1.04354 qdelay_c_ms=31.8578 ecn_mark=1838 drop=0
[QUEUE_STATS] t_ms=29200 q_pkts=64 q_bytes=96256 qdelay_l_ms=1.07471 qdelay_c_ms=31.8738 ecn_mark=1838 drop=0
[QUEUE_STATS] t_ms=29217 q_pkts=66 q_bytes=99264 qdelay_l_ms=1.06926 qdelay_c_ms=31.9062 ecn_mark=1838 drop=0
[QUEUE_STATS] t_ms=29233 q_pkts=65 q_bytes=97760 qdelay_l_ms=1.0986 qdelay_c_ms=31.0833 ecn_mark=1839 drop=0
[QUEUE_STATS] t_ms=29249 q_pkts=65 q_bytes=97760 qdelay_l_ms=1.10322 qdelay_c_ms=33.0411 ecn_mark=1839 drop=0
[QUEUE_STATS] t_ms=29264 q_pkts=68 q_bytes=102272 qdelay_l_ms=1.0053 qdelay_c_ms=32.9693 ecn_mark=1840 drop=0
[QUEUE_STATS] t_ms=29280 q_pkts=67 q_bytes=100768 qdelay_l_ms=0.994449 qdelay_c_ms=32.1604 ecn_mark=1843 drop=0
[QUEUE_STATS] t_ms=29296 q_pkts=66 q_bytes=99264 qdelay_l_ms=1.08228 qdelay_c_ms=33.3155 ecn_mark=1844 drop=0
[QUEUE_STATS] t_ms=29312 q_pkts=67 q_bytes=100768 qdelay_l_ms=0.823338 qdelay_c_ms=34.0286 ecn_mark=1844 drop=0
[QUEUE_STATS] t_ms=29328 q_pkts=66 q_bytes=99264 qdelay_l_ms=0.855728 qdelay_c_ms=31.6067 ecn_mark=1844 drop=0
[QUEUE_STATS] t_ms=29344 q_pkts=66 q_bytes=99264 qdelay_l_ms=0.672404 qdelay_c_ms=32.2231 ecn_mark=1844 drop=0
[QUEUE_STATS] t_ms=29361 q_pkts=68 q_bytes=102272 qdelay_l_ms=1.10382 qdelay_c_ms=33.8186 ecn_mark=1845 drop=0
[QUEUE_STATS] t_ms=29376 q_pkts=68 q_bytes=102272 qdelay_l_ms=1.00657 qdelay_c_ms=32.5608 ecn_mark=1846 drop=0
[QUEUE_STATS] t_ms=29393 q_pkts=67 q_bytes=100768 qdelay_l_ms=1.06872 qdelay_c_ms=33.9735 ecn_mark=1847 drop=0
[QUEUE_STATS] t_ms=29408 q_pkts=68 q_bytes=102272 qdelay_l_ms=1.04851 qdelay_c_ms=34.0471 ecn_mark=1849 drop=0
[QUEUE_STATS] t_ms=29424 q_pkts=68 q_bytes=102272 qdelay_l_ms=1.05359 qdelay_c_ms=33.883 ecn_mark=1850 drop=0
[QUEUE_STATS] t_ms=29440 q_pkts=66 q_bytes=99264 qdelay_l_ms=1.0855 qdelay_c_ms=33.9657 ecn_mark=1851 drop=0
[QUEUE_STATS] t_ms=29457 q_pkts=66 q_bytes=99264 qdelay_l_ms=1.10326 qdelay_c_ms=32.8842 ecn_mark=1851 drop=0
[QUEUE_STATS] t_ms=29472 q_pkts=68 q_bytes=102272 qdelay_l_ms=0.64889 qdelay_c_ms=35.1718 ecn_mark=1851 drop=0
[QUEUE_STATS] t_ms=29488 q_pkts=70 q_bytes=105280 qdelay_l_ms=1.10479 qdelay_c_ms=33.1585 ecn_mark=1851 drop=0
[QUEUE_STATS] t_ms=29504 q_pkts=66 q_bytes=99264 qdelay_l_ms=0 qdelay_c_ms=33.7382 ecn_mark=1851 drop=0
[QUEUE_STATS] t_ms=29520 q_pkts=66 q_bytes=99264 qdelay_l_ms=0 qdelay_c_ms=32.9441 ecn_mark=1852 drop=0
[QUEUE_STATS] t_ms=29536 q_pkts=69 q_bytes=103776 qdelay_l_ms=1.06083 qdelay_c_ms=35.0606 ecn_mark=1852 drop=0
[QUEUE_STATS] t_ms=29552 q_pkts=72 q_bytes=108288 qdelay_l_ms=1.0997 qdelay_c_ms=35.8274 ecn_mark=1853 drop=0
[QUEUE_STATS] t_ms=29568 q_pkts=68 q_bytes=102272 qdelay_l_ms=1.08335 qdelay_c_ms=35.0246 ecn_mark=1854 drop=0
[QUEUE_STATS] t_ms=29584 q_pkts=68 q_bytes=102272 qdelay_l_ms=1.06024 qdelay_c_ms=33.9343 ecn_mark=1856 drop=0
[QUEUE_STATS] t_ms=29600 q_pkts=72 q_bytes=108288 qdelay_l_ms=1.0695 qdelay_c_ms=36.8128 ecn_mark=1857 drop=0
[QUEUE_STATS] t_ms=29616 q_pkts=70 q_bytes=105280 qdelay_l_ms=1.09929 qdelay_c_ms=34.9191 ecn_mark=1857 drop=0
[QUEUE_STATS] t_ms=29632 q_pkts=71 q_bytes=106784 qdelay_l_ms=1.02098 qdelay_c_ms=33.7321 ecn_mark=1858 drop=0
[QUEUE_STATS] t_ms=29648 q_pkts=72 q_bytes=108288 qdelay_l_ms=1.05684 qdelay_c_ms=36.9001 ecn_mark=1859 drop=0
[QUEUE_STATS] t_ms=29664 q_pkts=73 q_bytes=109792 qdelay_l_ms=1.05565 qdelay_c_ms=36.7536 ecn_mark=1859 drop=0
[QUEUE_STATS] t_ms=29680 q_pkts=66 q_bytes=99264 qdelay_l_ms=0 qdelay_c_ms=33.1073 ecn_mark=1860 drop=0
[QUEUE_STATS] t_ms=29696 q_pkts=72 q_bytes=108288 qdelay_l_ms=0.870035 qdelay_c_ms=36.9659 ecn_mark=1862 drop=0
[QUEUE_STATS] t_ms=29712 q_pkts=72 q_bytes=108288 qdelay_l_ms=0.934987 qdelay_c_ms=35.7593 ecn_mark=1863 drop=0
[QUEUE_STATS] t_ms=29729 q_pkts=71 q_bytes=106784 qdelay_l_ms=1.09969 qdelay_c_ms=34.8594 ecn_mark=1863 drop=0
[QUEUE_STATS] t_ms=29744 q_pkts=68 q_bytes=102272 qdelay_l_ms=0 qdelay_c_ms=36.1867 ecn_mark=1865 drop=0
[QUEUE_STATS] t_ms=29760 q_pkts=72 q_bytes=108288 qdelay_l_ms=0.641505 qdelay_c_ms=37.1091 ecn_mark=1865 drop=0
[QUEUE_STATS] t_ms=29776 q_pkts=72 q_bytes=108288 qdelay_l_ms=1.09508 qdelay_c_ms=38.1824 ecn_mark=1866 drop=0
[QUEUE_STATS] t_ms=29792 q_pkts=73 q_bytes=109792 qdelay_l_ms=1.06635 qdelay_c_ms=38.1018 ecn_mark=1867 drop=0
[QUEUE_STATS] t_ms=29808 q_pkts=74 q_bytes=111296 qdelay_l_ms=1.09732 qdelay_c_ms=36.0894 ecn_mark=1867 drop=0
[QUEUE_STATS] t_ms=29824 q_pkts=73 q_bytes=109792 qdelay_l_ms=1.04309 qdelay_c_ms=37.9337 ecn_mark=1869 drop=0
[QUEUE_STATS] t_ms=29840 q_pkts=71 q_bytes=106784 qdelay_l_ms=0.041417 qdelay_c_ms=36.7546 ecn_mark=1870 drop=0
[QUEUE_STATS] t_ms=29856 q_pkts=70 q_bytes=105280 qdelay_l_ms=0 qdelay_c_ms=36.0175 ecn_mark=1871 drop=0
[QUEUE_STATS] t_ms=29872 q_pkts=70 q_bytes=105280 qdelay_l_ms=1.02981 qdelay_c_ms=34.9729 ecn_mark=1872 drop=0
[QUEUE_STATS] t_ms=29888 q_pkts=73 q_bytes=109792 qdelay_l_ms=1.04206 qdelay_c_ms=37.1057 ecn_mark=1872 drop=0
[QUEUE_STATS] t_ms=29905 q_pkts=74 q_bytes=111296 qdelay_l_ms=1.10034 qdelay_c_ms=37.9512 ecn_mark=1874 drop=0
[QUEUE_STATS] t_ms=29920 q_pkts=74 q_bytes=111296 qdelay_l_ms=1.06435 qdelay_c_ms=36.1428 ecn_mark=1875 drop=0
[QUEUE_STATS] t_ms=29936 q_pkts=74 q_bytes=111296 qdelay_l_ms=1.08174 qdelay_c_ms=37.5069 ecn_mark=1876 drop=0
[QUEUE_STATS] t_ms=29953 q_pkts=75 q_bytes=112800 qdelay_l_ms=1.10019 qdelay_c_ms=38.8968 ecn_mark=1876 drop=0
[QUEUE_STATS] t_ms=29968 q_pkts=73 q_bytes=109792 qdelay_l_ms=0.893439 qdelay_c_ms=36.8957 ecn_mark=1878 drop=0
[QUEUE_STATS] t_ms=29984 q_pkts=73 q_bytes=109792 qdelay_l_ms=1.07163 qdelay_c_ms=38.0026 ecn_mark=1879 drop=0
[QUEUE_STATS] t_ms=30000 q_pkts=74 q_bytes=111296 qdelay_l_ms=1.09283 qdelay_c_ms=37.9024 ecn_mark=1879 drop=0
[QUEUE_STATS] t_ms=30016 q_pkts=74 q_bytes=111296 qdelay_l_ms=0.876206 qdelay_c_ms=36.8713 ecn_mark=1880 drop=0
[QUEUE_STATS] t_ms=30032 q_pkts=74 q_bytes=111296 qdelay_l_ms=1.07709 qdelay_c_ms=39.0212 ecn_mark=1880 drop=0
[QUEUE_STATS] t_ms=30048 q_pkts=75 q_bytes=112800 qdelay_l_ms=1.05442