[QUEUE_STATS] t_ms=33 q_pkts=0 q_bytes=0 qdelay_l_ms=0 qdelay_c_ms=0 ecn_mark=0 drop=0
[QUEUE_STATS] t_ms=95 q_pkts=0 q_bytes=0 qdelay_l_ms=0 qdelay_c_ms=0 ecn_mark=0 drop=0
[QUEUE_STATS] t_ms=96 q_pkts=2 q_bytes=128 qdelay_l_ms=1.10896 qdelay_c_ms=0 ecn_mark=0 drop=0
[QUEUE_STATS] t_ms=136 q_pkts=0 q_bytes=0 qdelay_l_ms=0 qdelay_c_ms=0 ecn_mark=0 drop=0
[QUEUE_STATS] t_ms=179 q_pkts=0 q_bytes=0 qdelay_l_ms=0 qdelay_c_ms=0 ecn_mark=0 drop=0
[QUEUE_STATS] t_ms=222 q_pkts=0 q_bytes=0 qdelay_l_ms=0 qdelay_c_ms=0 ecn_mark=0 drop=0
[QUEUE_STATS] t_ms=252 q_pkts=0 q_bytes=0 qdelay_l_ms=0 qdelay_c_ms=0 ecn_mark=0 drop=0
[QUEUE_STATS] t_ms=264 q_pkts=0 q_bytes=0 qdelay_l_ms=0 qdelay_c_ms=0 ecn_mark=0 drop=0
[QUEUE_STATS] t_ms=307 q_pkts=0 q_bytes=0 qdelay_l_ms=0 qdelay_c_ms=0 ecn_mark=0 drop=0
[QUEUE_STATS] t_ms=348 q_pkts=0 q_bytes=0 qdelay_l_ms=0 qdelay_c_ms=0 ecn_mark=0 drop=0
[QUEUE_STATS] t_ms=352 q_pkts=8 q_bytes=12032 qdelay_l_ms=1.06539 qdelay_c_ms=2.13586 ecn_mark=0 drop=0
[QUEUE_STATS] t_ms=368 q_pkts=1 q_bytes=1504 qdelay_l_ms=1.07085 qdelay_c_ms=0 ecn_mark=0 drop=0
[QUEUE_STATS] t_ms=390 q_pkts=0 q_bytes=0 qdelay_l_ms=0 qdelay_c_ms=0 ecn_mark=0 drop=0
[QUEUE_STATS] t_ms=400 q_pkts=17 q_bytes=25568 qdelay_l_ms=1.06886 qdelay_c_ms=5.21128 ecn_mark=0 drop=0
[QUEUE_STATS] t_ms=416 q_pkts=2 q_bytes=3008 qdelay_l_ms=1.02654 qdelay_c_ms=0 ecn_mark=0 drop=0
[QUEUE_STATS] t_ms=432 q_pkts=0 q_bytes=0 qdelay_l_ms=0 qdelay_c_ms=0 ecn_mark=0 drop=0
[QUEUE_STATS] t_ms=448 q_pkts=48 q_bytes=72192 qdelay_l_ms=1.05841 qdelay_c_ms=8.59682 ecn_mark=0 drop=0
[QUEUE_STATS] t_ms=464 q_pkts=31 q_bytes=46624 qdelay_l_ms=2.13473 qdelay_c_ms=23.5205 ecn_mark=0 drop=0
[QUEUE_STATS] t_ms=480 q_pkts=25 q_bytes=37600 qdelay_l_ms=1.92925 qdelay_c_ms=4.98884 ecn_mark=0 drop=0
[QUEUE_STATS] t_ms=496 q_pkts=88 q_bytes=132352 qdelay_l_ms=4.25788 qdelay_c_ms=17.6871 ecn_mark=0 drop=0
[QUEUE_STATS] t_ms=512 q_pkts=135 q_bytes=203040 qdelay_l_ms=11.1836 qdelay_c_ms=32.1634 ecn_mark=4 drop=0
[QUEUE_STATS] t_ms=528 q_pkts=152 q_bytes=228608 qdelay_l_ms=7.03608 qdelay_c_ms=47.0432 ecn_mark=39 drop=0
[QUEUE_STATS] t_ms=544 q_pkts=212 q_bytes=318848 qdelay_l_ms=13.0412 qdelay_c_ms=63.3757 ecn_mark=60 drop=0
[QUEUE_STATS] t_ms=561 q_pkts=213 q_bytes=320352 qdelay_l_ms=20.6088 qdelay_c_ms=78.6815 ecn_mark=119 drop=0
[QUEUE_STATS] t_ms=576 q_pkts=153 q_bytes=230112 qdelay_l_ms=28.3586 qdelay_c_ms=92.0002 ecn_mark=179 drop=0
[QUEUE_STATS] t_ms=592 q_pkts=99 q_bytes=148896 qdelay_l_ms=0.892197 qdelay_c_ms=98.3736 ecn_mark=213 drop=0
[QUEUE_STATS] t_ms=608 q_pkts=80 q_bytes=120320 qdelay_l_ms=0.992015 qdelay_c_ms=101.079 ecn_mark=213 drop=0
[QUEUE_STATS] t_ms=624 q_pkts=55 q_bytes=82720 qdelay_l_ms=1.07693 qdelay_c_ms=104.241 ecn_mark=213 drop=0
[QUEUE_STATS] t_ms=640 q_pkts=65 q_bytes=97760 qdelay_l_ms=1.9658 qdelay_c_ms=68.3535 ecn_mark=213 drop=0
[QUEUE_STATS] t_ms=656 q_pkts=84 q_bytes=126336 qdelay_l_ms=1.08248 qdelay_c_ms=61.14 ecn_mark=213 drop=0
[QUEUE_STATS] t_ms=672 q_pkts=108 q_bytes=162432 qdelay_l_ms=0.903237 qdelay_c_ms=55.9566 ecn_mark=213 drop=0
[QUEUE_STATS] t_ms=688 q_pkts=111 q_bytes=166944 qdelay_l_ms=0.854316 qdelay_c_ms=59.003 ecn_mark=213 drop=0
[QUEUE_STATS] t_ms=704 q_pkts=111 q_bytes=166944 qdelay_l_ms=1.77664 qdelay_c_ms=71.0748 ecn_mark=213 drop=0
[QUEUE_STATS] t_ms=720 q_pkts=112 q_bytes=168448 qdelay_l_ms=1.07366 qdelay_c_ms=80.2462 ecn_mark=214 drop=0
[QUEUE_STATS] t_ms=736 q_pkts=114 q_bytes=171456 qdelay_l_ms=1.90887 qdelay_c_ms=86.9908 ecn_mark=214 drop=0
[QUEUE_STATS] t_ms=753 q_pkts=114 q_bytes=171456 qdelay_l_ms=2.16857 qdelay_c_ms=98.4935 ecn_mark=214 drop=0
[QUEUE_STATS] t_ms=768 q_pkts=90 q_bytes=135360 qdelay_l_ms=1.07273 qdelay_c_ms=96.8799 ecn_mark=214 drop=0
[QUEUE_STATS] t_ms=784 q_pkts=59 q_bytes=88736 qdelay_l_ms=0.901655 qdelay_c_ms=68.0943 ecn_mark=214 drop=0
[QUEUE_STATS] t_ms=800 q_pkts=46 q_bytes=69184 qdelay_l_ms=1.06417 qdelay_c_ms=46.4788 ecn_mark=214 drop=0
[QUEUE_STATS] t_ms=816 q_pkts=65 q_bytes=96336 qdelay_l_ms=1.05581 qdelay_c_ms=29.1048 ecn_mark=214 drop=0
[QUEUE_STATS] t_ms=832 q_pkts=67 q_bytes=99344 qdelay_l_ms=1.09408 qdelay_c_ms=24.8361 ecn_mark=214 drop=0
[QUEUE_STATS] t_ms=848 q_pkts=69 q_bytes=103776 qdelay_l_ms=1.06752 qdelay_c_ms=30.9562 ecn_mark=214 drop=0
[QUEUE_STATS] t_ms=864 q_pkts=72 q_bytes=108288 qdelay_l_ms=0.885033 qdelay_c_ms=32.9956 ecn_mark=214 drop=0
[QUEUE_STATS] t_ms=880 q_pkts=71 q_bytes=106784 qdelay_l_ms=1.06746 qdelay_c_ms=32.0121 ecn_mark=214 drop=0
[QUEUE_STATS] t_ms=896 q_pkts=75 q_bytes=112800 qdelay_l_ms=1.08427 qdelay_c_ms=33.9315 ecn_mark=214 drop=0
[QUEUE_STATS] t_ms=912 q_pkts=77 q_bytes=115808 qdelay_l_ms=0.893098 qdelay_c_ms=36.0268 ecn_mark=215 drop=0
[QUEUE_STATS] t_ms=928 q_pkts=78 q_bytes=117312 qdelay_l_ms=1.04687 qdelay_c_ms=35.2199 ecn_mark=215 drop=0
[QUEUE_STATS] t_ms=944 q_pkts=74 q_bytes=111296 qdelay_l_ms=1.06238 qdelay_c_ms=36.032 ecn_mark=215 drop=0
[QUEUE_STATS] t_ms=960 q_pkts=53 q_bytes=79712 qdelay_l_ms=1.09023 qdelay_c_ms=23.6467 ecn_mark=215 drop=0
[QUEUE_STATS] t_ms=976 q_pkts=44 q_bytes=66176 qdelay_l_ms=1.06197 qdelay_c_ms=21.0749 ecn_mark=215 drop=0
[QUEUE_STATS] t_ms=992 q_pkts=53 q_bytes=79712 qdelay_l_ms=0.607853 qdelay_c_ms=16.7397 ecn_mark=215 drop=0
[QUEUE_STATS] t_ms=1008 q_pkts=62 q_bytes=93248 qdelay_l_ms=0.892317 qdelay_c_ms=17.9083 ecn_mark=215 drop=0
[QUEUE_STATS] t_ms=1024 q_pkts=64 q_bytes=96256 qdelay_l_ms=1.06284 qdelay_c_ms=24.2326 ecn_mark=215 drop=0
[QUEUE_STATS] t_ms=1040 q_pkts=67 q_bytes=100768 qdelay_l_ms=1.08279 qdelay_c_ms=25.2204 ecn_mark=215 drop=0
[QUEUE_STATS] t_ms=1056 q_pkts=70 q_bytes=105280 qdelay_l_ms=1.09398 qdelay_c_ms=24.148 ecn_mark=215 drop=0
[QUEUE_STATS] t_ms=1072 q_pkts=70 q_bytes=105280 qdelay_l_ms=1.06612 qdelay_c_ms=27.2605 ecn_mark=215 drop=0
[QUEUE_STATS] t_ms=1088 q_pkts=75 q_bytes=112800 qdelay_l_ms=0.882078 qdelay_c_ms=27.7818 ecn_mark=215 drop=0
[QUEUE_STATS] t_ms=1104 q_pkts=77 q_bytes=115808 qdelay_l_ms=1.06648 qdelay_c_ms=27.6477 ecn_mark=215 drop=0
[QUEUE_STATS] t_ms=1120 q_pkts=78 q_bytes=117312 qdelay_l_ms=1.0718 qdelay_c_ms=29.1643 ecn_mark=215 drop=0
[QUEUE_STATS] t_ms=1136 q_pkts=83 q_bytes=124832 qdelay_l_ms=0.660822 qdelay_c_ms=29.9963 ecn_mark=215 drop=0
[QUEUE_STATS] t_ms=1152 q_pkts=83 q_bytes=124832 qdelay_l_ms=0.698062 qdelay_c_ms=29.5805 ecn_mark=215 drop=0
[QUEUE_STATS] t_ms=1168 q_pkts=84 q_bytes=126336 qdelay_l_ms=1.0777 qdelay_c_ms=32.8489 ecn_mark=215 drop=0
[QUEUE_STATS] t_ms=1184 q_pkts=89 q_bytes=133856 qdelay_l_ms=0.86724 qdelay_c_ms=32.8258 ecn_mark=215 drop=0
[QUEUE_STATS] t_ms=1200 q_pkts=90 q_bytes=135360 qdelay_l_ms=0.633932 qdelay_c_ms=33.7384 ecn_mark=215 drop=0
[QUEUE_STATS] t_ms=1216 q_pkts=93 q_bytes=139872 qdelay_l_ms=1.09569 qdelay_c_ms=34.9239 ecn_mark=215 drop=0
[QUEUE_STATS] t_ms=1232 q_pkts=95 q_bytes=142880 qdelay_l_ms=1.09546 qdelay_c_ms=37.3149 ecn_mark=215 drop=0
[QUEUE_STATS] t_ms=1248 q_pkts=95 q_bytes=142880 qdelay_l_ms=0.619805 qdelay_c_ms=37.0301 ecn_mark=216 drop=0
[QUEUE_STATS] t_ms=1264 q_pkts=99 q_bytes=148896 qdelay_l_ms=1.12455 qdelay_c_ms=39.4027 ecn_mark=216 drop=0
[QUEUE_STATS] t_ms=1280 q_pkts=102 q_bytes=153408 qdelay_l_ms=1.08982 qdelay_c_ms=38.8891 ecn_mark=216 drop=0
[QUEUE_STATS] t_ms=1296 q_pkts=91 q_bytes=136864 qdelay_l_ms=1.07832 qdelay_c_ms=34.8192 ecn_mark=216 drop=0
[QUEUE_STATS] t_ms=1312 q_pkts=89 q_bytes=133856 qdelay_l_ms=1.07457 qdelay_c_ms=34.0467 ecn_mark=216 drop=0
[QUEUE_STATS] t_ms=1328 q_pkts=96 q_bytes=144384 qdelay_l_ms=1.10799 qdelay_c_ms=33.8874 ecn_mark=216 drop=0
[QUEUE_STATS] t_ms=1344 q_pkts=99 q_bytes=148896 qdelay_l_ms=1.09501 qdelay_c_ms=30.8155 ecn_mark=216 drop=0
[QUEUE_STATS] t_ms=1360 q_pkts=98 q_bytes=147392 qdelay_l_ms=0 qdelay_c_ms=32.6276 ecn_mark=216 drop=0
[QUEUE_STATS] t_ms=1376 q_pkts=107 q_bytes=160928 qdelay_l_ms=0.962258 qdelay_c_ms=37.0486 ecn_mark=216 drop=0
[QUEUE_STATS] t_ms=1392 q_pkts=106 q_bytes=159424 qdelay_l_ms=1.01201 qdelay_c_ms=36.8678 ecn_mark=216 drop=0
[QUEUE_STATS] t_ms=1408 q_pkts=108 q_bytes=162432 qdelay_l_ms=1.08079 qdelay_c_ms=37.1653 ecn_mark=216 drop=0
[QUEUE_STATS] t_ms=1424 q_pkts=115 q_bytes=172960 qdelay_l_ms=1.0699 qdelay_c_ms=39.3284 ecn_mark=216 drop=0
[QUEUE_STATS] t_ms=1440 q_pkts=115 q_bytes=172960 qdelay_l_ms=1.08665 qdelay_c_ms=39.5914 ecn_mark=216 drop=0
[QUEUE_STATS] t_ms=1456 q_pkts=117 q_bytes=175968 qdelay_l_ms=1.08316 qdelay_c_ms=40.7476 ecn_mark=216 drop=0
[QUEUE_STATS] t_ms=1472 q_pkts=118 q_bytes=177472 qdelay_l_ms=1.05807 qdelay_c_ms=41.8099 ecn_mark=217 drop=0
[QUEUE_STATS] t_ms=1488 q_pkts=121 q_bytes=181984 qdelay_l_ms=1.06178 qdelay_c_ms=43.374 ecn_mark=217 drop=0
[QUEUE_STATS] t_ms=1504 q_pkts=123 q_bytes=184992 qdelay_l_ms=0.964303 qdelay_c_ms=43.7518 ecn_mark=217 drop=0
[QUEUE_STATS] t_ms=1520 q_pkts=118 q_bytes=177472 qdelay_l_ms=0.989259 qdelay_c_ms=42.5328 ecn_mark=217 drop=0
[QUEUE_STATS] t_ms=1536 q_pkts=123 q_bytes=184992 qdelay_l_ms=1.07743 qdelay_c_ms=42.4128 ecn_mark=217 drop=0
[QUEUE_STATS] t_ms=1552 q_pkts=124 q_bytes=186496 qdelay_l_ms=1.09739 qdelay_c_ms=43.1905 ecn_mark=217 drop=0
[QUEUE_STATS] t_ms=1568 q_pkts=129 q_bytes=194016 qdelay_l_ms=1.06119 qdelay_c_ms=43.1254 ecn_mark=217 drop=0
[QUEUE_STATS] t_ms=1584 q_pkts=129 q_bytes=194016 qdelay_l_ms=1.10249 qdelay_c_ms=43.2185 ecn_mark=218 drop=0
[QUEUE_STATS] t_ms=1600 q_pkts=134 q_bytes=201536 qdelay_l_ms=1.05116 qdelay_c_ms=44.9791 ecn_mark=218 drop=0
[QUEUE_STATS] t_ms=1616 q_pkts=135 q_bytes=203040 qdelay_l_ms=1.08687 qdelay_c_ms=46.0727 ecn_mark=218 drop=0
[QUEUE_STATS] t_ms=1632 q_pkts=131 q_bytes=197024 qdelay_l_ms=0.712319 qdelay_c_ms=44.4656 ecn_mark=218 drop=0
[QUEUE_STATS] t_ms=1648 q_pkts=132 q_bytes=198528 qdelay_l_ms=1.06788 qdelay_c_ms=45.7666 ecn_mark=218 drop=0
[QUEUE_STATS] t_ms=1664 q_pkts=140 q_bytes=210560 qdelay_l_ms=0.779856 qdelay_c_ms=45.9634 ecn_mark=218 drop=0
[QUEUE_STATS] t_ms=1680 q_pkts=139 q_bytes=209056 qdelay_l_ms=1.06625 qdelay_c_ms=45.0837 ecn_mark=218 drop=0
[QUEUE_STATS] t_ms=1696 q_pkts=140 q_bytes=210560 qdelay_l_ms=0.719231 qdelay_c_ms=45.3254 ecn_mark=218 drop=0
[QUEUE_STATS] t_ms=1712 q_pkts=146 q_bytes=219584 qdelay_l_ms=0 qdelay_c_ms=48.09 ecn_mark=218 drop=0
[QUEUE_STATS] t_ms=1728 q_pkts=146 q_bytes=219584 qdelay_l_ms=1.06046 qdelay_c_ms=49.1527 ecn_mark=218 drop=0
[QUEUE_STATS] t_ms=1744 q_pkts=149 q_bytes=224096 qdelay_l_ms=1.06651 qdelay_c_ms=49.8343 ecn_mark=218 drop=0
[QUEUE_STATS] t_ms=1760 q_pkts=154 q_bytes=231616 qdelay_l_ms=0 qdelay_c_ms=50.7331 ecn_mark=218 drop=0
[QUEUE_STATS] t_ms=1776 q_pkts=154 q_bytes=231616 qdelay_l_ms=1.07794 qdelay_c_ms=52.0714 ecn_mark=218 drop=0
[QUEUE_STATS] t_ms=1792 q_pkts=157 q_bytes=236128 qdelay_l_ms=1.06545 qdelay_c_ms=52.7387 ecn_mark=218 drop=0
[QUEUE_STATS] t_ms=1808 q_pkts=160 q_bytes=240640 qdelay_l_ms=1.07181 qdelay_c_ms=54.72 ecn_mark=218 drop=0
[QUEUE_STATS] t_ms=1824 q_pkts=162 q_bytes=243648 qdelay_l_ms=1.08662 qdelay_c_ms=54.956 ecn_mark=218 drop=0
[QUEUE_STATS] t_ms=1840 q_pkts=167 q_bytes=251168 qdelay_l_ms=1.08452 qdelay_c_ms=56.2098 ecn_mark=218 drop=0
[QUEUE_STATS] t_ms=1856 q_pkts=169 q_bytes=254176 qdelay_l_ms=0.90992 qdelay_c_ms=56.7725 ecn_mark=218 drop=0
[QUEUE_STATS] t_ms=1872 q_pkts=171 q_bytes=257184 qdelay_l_ms=1.06546 qdelay_c_ms=57.942 ecn_mark=218 drop=0
[QUEUE_STATS] t_ms=1888 q_pkts=175 q_bytes=263200 qdelay_l_ms=0 qdelay_c_ms=59.2238 ecn_mark=218 drop=0
[QUEUE_STATS] t_ms=1904 q_pkts=175 q_bytes=263200 qdelay_l_ms=1.08961 qdelay_c_ms=61.1932 ecn_mark=218 drop=0
[QUEUE_STATS] t_ms=1920 q_pkts=179 q_bytes=269216 qdelay_l_ms=1.09754 qdelay_c_ms=61.1837 ecn_mark=218 drop=0
[QUEUE_STATS] t_ms=1936 q_pkts=180 q_bytes=270720 qdelay_l_ms=1.06114 qdelay_c_ms=62.0768 ecn_mark=218 drop=0
[QUEUE_STATS] t_ms=1952 q_pkts=183 q_bytes=275232 qdelay_l_ms=1.05528 qdelay_c_ms=63.2275 ecn_mark=218 drop=0
[QUEUE_STATS] t_ms=1968 q_pkts=186 q_bytes=279744 qdelay_l_ms=1.06802 qdelay_c_ms=63.9253 ecn_mark=218 drop=0
[QUEUE_STATS] t_ms=1984 q_pkts=188 q_bytes=282752 qdelay_l_ms=1.08984 qdelay_c_ms=64.9019 ecn_mark=218 drop=0
[QUEUE_STATS] t_ms=2000 q_pkts=193 q_bytes=290272 qdelay_l_ms=0.972187 qdelay_c_ms=67.3643 ecn_mark=218 drop=0
[QUEUE_STATS] t_ms=2016 q_pkts=195 q_bytes=293280 qdelay_l_ms=0.937833 qdelay_c_ms=68.1239 ecn_mark=218 drop=0
[QUEUE_STATS] t_ms=2032 q_pkts=197 q_bytes=296288 qdelay_l_ms=1.06754 qdelay_c_ms=67.6612 ecn_mark=218 drop=0
[QUEUE_STATS] t_ms=2048 q_pkts=200 q_bytes=300800 qdelay_l_ms=0.77658 qdelay_c_ms=70.1095 ecn_mark=219 drop=0
[QUEUE_STATS] t_ms=2064 q_pkts=202 q_bytes=303808 qdelay_l_ms=1.06728 qdelay_c_ms=71.0361 ecn_mark=219 drop=0
[QUEUE_STATS] t_ms=2080 q_pkts=206 q_bytes=309824 qdelay_l_ms=1.09004 qdelay_c_ms=70.9267 ecn_mark=219 drop=0
[QUEUE_STATS] t_ms=2096 q_pkts=202 q_bytes=303808 qdelay_l_ms=0.833867 qdelay_c_ms=71.7285 ecn_mark=219 drop=0
[QUEUE_STATS] t_ms=2112 q_pkts=204 q_bytes=306816 qdelay_l_ms=1.05848 qdelay_c_ms=73.38 ecn_mark=219 drop=0
[QUEUE_STATS] t_ms=2128 q_pkts=209 q_bytes=314336 qdelay_l_ms=1.06585 qdelay_c_ms=72.9981 ecn_mark=219 drop=0
[QUEUE_STATS] t_ms=2144 q_pkts=211 q_bytes=317344 qdelay_l_ms=0.798711 qdelay_c_ms=73.0096 ecn_mark=219 drop=0
[QUEUE_STATS] t_ms=2161 q_pkts=213 q_bytes=320352 qdelay_l_ms=1.08904 qdelay_c_ms=75.4589 ecn_mark=219 drop=0
[QUEUE_STATS] t_ms=2176 q_pkts=216 q_bytes=324864 qdelay_l_ms=1.05478 qdelay_c_ms=75.078 ecn_mark=219 drop=0
[QUEUE_STATS] t_ms=2192 q_pkts=219 q_bytes=329376 qdelay_l_ms=1.078 qdelay_c_ms=77.1416 ecn_mark=219 drop=0
[QUEUE_STATS] t_ms=2208 q_pkts=220 q_bytes=330880 qdelay_l_ms=1.07991 qdelay_c_ms=77.79 ecn_mark=219 drop=0
[QUEUE_STATS] t_ms=2224 q_pkts=224 q_bytes=336896 qdelay_l_ms=1.0416 qdelay_c_ms=79.2331 ecn_mark=219 drop=0
[QUEUE_STATS] t_ms=2240 q_pkts=223 q_bytes=335392 qdelay_l_ms=0 qdelay_c_ms=78.9866 ecn_mark=219 drop=0
[QUEUE_STATS] t_ms=2256 q_pkts=227 q_bytes=341408 qdelay_l_ms=1.06194 qdelay_c_ms=81.0672 ecn_mark=219 drop=0
[QUEUE_STATS] t_ms=2272 q_pkts=230 q_bytes=345920 qdelay_l_ms=1.07772 qdelay_c_ms=81.6392 ecn_mark=219 drop=0
[QUEUE_STATS] t_ms=2288 q_pkts=233 q_bytes=350432 qdelay_l_ms=1.06326 qdelay_c_ms=83.8519 ecn_mark=219 drop=0
[QUEUE_STATS] t_ms=2304 q_pkts=235 q_bytes=353440 qdelay_l_ms=1.05259 qdelay_c_ms=83.8258 ecn_mark=219 drop=0
[QUEUE_STATS] t_ms=2320 q_pkts=237 q_bytes=356448 qdelay_l_ms=1.02601 qdelay_c_ms=84.974 ecn_mark=219 drop=0
[QUEUE_STATS] t_ms=2336 q_pkts=243 q_bytes=365472 qdelay_l_ms=0.76592 qdelay_c_ms=86.8933 ecn_mark=219 drop=0
[QUEUE_STATS] t_ms=2352 q_pkts=243 q_bytes=365472 qdelay_l_ms=0.74517 qdelay_c_ms=87.7408 ecn_mark=219 drop=0
[QUEUE_STATS] t_ms=2368 q_pkts=246 q_bytes=369984 qdelay_l_ms=1.05974 qdelay_c_ms=88.7818 ecn_mark=219 drop=0
[QUEUE_STATS] t_ms=2384 q_pkts=249 q_bytes=374496 qdelay_l_ms=1.06884 qdelay_c_ms=91.0345 ecn_mark=219 drop=0
[QUEUE_STATS] t_ms=2400 q_pkts=250 q_bytes=376000 qdelay_l_ms=1.05829 qdelay_c_ms=92.0289 ecn_mark=219 drop=0
[QUEUE_STATS] t_ms=2416 q_pkts=253 q_bytes=380512 qdelay_l_ms=0.7821 qdelay_c_ms=92.4442 ecn_mark=219 drop=0
[QUEUE_STATS] t_ms=2432 q_pkts=255 q_bytes=383520 qdelay_l_ms=1.07906 qdelay_c_ms=93.7592 ecn_mark=219 drop=0
[QUEUE_STATS] t_ms=2448 q_pkts=257 q_bytes=386528 qdelay_l_ms=1.08029 qdelay_c_ms=94.9741 ecn_mark=219 drop=0
[QUEUE_STATS] t_ms=2464 q_pkts=259 q_bytes=389536 qdelay_l_ms=0.71333 qdelay_c_ms=95.7595 ecn_mark=219 drop=0
[QUEUE_STATS] t_ms=2480 q_pkts=262 q_bytes=394048 qdelay_l_ms=1.05909 qdelay_c_ms=97.9969 ecn_mark=220 drop=0
[QUEUE_STATS] t_ms=2496 q_pkts=265 q_bytes=398560 qdelay_l_ms=1.06459 qdelay_c_ms=99.5194 ecn_mark=220 drop=0
[QUEUE_STATS] t_ms=2512 q_pkts=265 q_bytes=398560 qdelay_l_ms=1.06057 qdelay_c_ms=100.223 ecn_mark=220 drop=0
[QUEUE_STATS] t_ms=2528 q_pkts=268 q_bytes=403072 qdelay_l_ms=1.06071 qdelay_c_ms=101.273 ecn_mark=220 drop=0
[QUEUE_STATS] t_ms=2544 q_pkts=270 q_bytes=406080 qdelay_l_ms=1.06562 qdelay_c_ms=101.815 ecn_mark=220 drop=0
[QUEUE_STATS] t_ms=2560 q_pkts=273 q_bytes=410592 qdelay_l_ms=1.06303 qdelay_c_ms=101.796 ecn_mark=220 drop=0
[QUEUE_STATS] t_ms=2576 q_pkts=276 q_bytes=415104 qdelay_l_ms=1.05753 qdelay_c_ms=104.126 ecn_mark=220 drop=0
[QUEUE_STATS] t_ms=2592 q_pkts=277 q_bytes=416608 qdelay_l_ms=1.06519 qdelay_c_ms=105.99 ecn_mark=220 drop=0
[QUEUE_STATS] t_ms=2608 q_pkts=281 q_bytes=422624 qdelay_l_ms=1.08241 qdelay_c_ms=105.088 ecn_mark=220 drop=0
[QUEUE_STATS] t_ms=2624 q_pkts=284 q_bytes=427136 qdelay_l_ms=1.0831 qdelay_c_ms=107.853 ecn_mark=220 drop=0
[QUEUE_STATS] t_ms=2640 q_pkts=287 q_bytes=428728 qdelay_l_ms=1.05477 qdelay_c_ms=108.25 ecn_mark=220 drop=0
[QUEUE_STATS] t_ms=2656 q_pkts=289 q_bytes=431736 qdelay_l_ms=1.08019 qdelay_c_ms=108.325 ecn_mark=220 drop=0
[QUEUE_STATS] t_ms=2672 q_pkts=291 q_bytes=434744 qdelay_l_ms=1.0608 qdelay_c_ms=111.144 ecn_mark=221 drop=0
[QUEUE_STATS] t_ms=2688 q_pkts=293 q_bytes=437752 qdelay_l_ms=0.56373 qdelay_c_ms=110.499 ecn_mark=221 drop=0
[QUEUE_STATS] t_ms=2704 q_pkts=295 q_bytes=440760 qdelay_l_ms=1.06575 qdelay_c_ms=111.831 ecn_mark=221 drop=0
[QUEUE_STATS] t_ms=2720 q_pkts=297 q_bytes=443768 qdelay_l_ms=1.06223 qdelay_c_ms=113.664 ecn_mark=221 drop=0
[QUEUE_STATS] t_ms=2736 q_pkts=299 q_bytes=446776 qdelay_l_ms=0.541067 qdelay_c_ms=113.569 ecn_mark=222 drop=0
[QUEUE_STATS] t_ms=2752 q_pkts=298 q_bytes=448192 qdelay_l_ms=1.07868 qdelay_c_ms=114.777 ecn_mark=222 drop=0
[QUEUE_STATS] t_ms=2768 q_pkts=302 q_bytes=454208 qdelay_l_ms=0.591953 qdelay_c_ms=116.488 ecn_mark=223 drop=0
[QUEUE_STATS] t_ms=2784 q_pkts=303 q_bytes=455712 qdelay_l_ms=1.0696 qdelay_c_ms=116.998 ecn_mark=223 drop=0
[QUEUE_STATS] t_ms=2800 q_pkts=303 q_bytes=455712 qdelay_l_ms=1.06996 qdelay_c_ms=118.023 ecn_mark=223 drop=0
[QUEUE_STATS] t_ms=2816 q_pkts=308 q_bytes=463232 qdelay_l_ms=1.08491 qdelay_c_ms=118.082 ecn_mark=223 drop=0
[QUEUE_STATS] t_ms=2832 q_pkts=309 q_bytes=464736 qdelay_l_ms=1.0676 qdelay_c_ms=119.148 ecn_mark=223 drop=0
[QUEUE_STATS] t_ms=2848 q_pkts=310 q_bytes=466240 qdelay_l_ms=1.05817 qdelay_c_ms=121.806 ecn_mark=223 drop=0
[QUEUE_STATS] t_ms=2864 q_pkts=313 q_bytes=470752 qdelay_l_ms=1.06829 qdelay_c_ms=120.149 ecn_mark=223 drop=0
[QUEUE_STATS] t_ms=2881 q_pkts=315 q_bytes=473760 qdelay_l_ms=1.07008 qdelay_c_ms=121.206 ecn_mark=224 drop=0
[QUEUE_STATS] t_ms=2896 q_pkts=318 q_bytes=478272 qdelay_l_ms=1.05229 qdelay_c_ms=123.966 ecn_mark=224 drop=0
[QUEUE_STATS] t_ms=2912 q_pkts=321 q_bytes=482784 qdelay_l_ms=1.0956 qdelay_c_ms=124.045 ecn_mark=224 drop=0
[QUEUE_STATS] t_ms=2928 q_pkts=321 q_bytes=482784 qdelay_l_ms=1.08915 qdelay_c_ms=124.807 ecn_mark=224 drop=0
[QUEUE_STATS] t_ms=2944 q_pkts=324 q_bytes=487296 qdelay_l_ms=1.06896 qdelay_c_ms=126.16 ecn_mark=224 drop=0
[QUEUE_STATS] t_ms=2960 q_pkts=324 q_bytes=487296 qdelay_l_ms=0.551907 qdelay_c_ms=125.566 ecn_mark=224 drop=0
[QUEUE_STATS] t_ms=2976 q_pkts=327 q_bytes=491808 qdelay_l_ms=1.07832 qdelay_c_ms=126.926 ecn_mark=224 drop=0
[QUEUE_STATS] t_ms=2992 q_pkts=330 q_bytes=496320 qdelay_l_ms=0.528714 qdelay_c_ms=128.725 ecn_mark=224 drop=0
[QUEUE_STATS] t_ms=3008 q_pkts=333 q_bytes=500832 qdelay_l_ms=1.10252 qdelay_c_ms=129.748 ecn_mark=224 drop=0
[QUEUE_STATS] t_ms=3024 q_pkts=336 q_bytes=505344 qdelay_l_ms=1.05096 qdelay_c_ms=130.236 ecn_mark=225 drop=0
[QUEUE_STATS] t_ms=3040 q_pkts=337 q_bytes=506848 qdelay_l_ms=1.02771 qdelay_c_ms=132.025 ecn_mark=225 drop=0
[QUEUE_STATS] t_ms=3056 q_pkts=340 q_bytes=511360 qdelay_l_ms=1.07899 qdelay_c_ms=133.984 ecn_mark=225 drop=0
[QUEUE_STATS] t_ms=3072 q_pkts=341 q_bytes=512864 qdelay_l_ms=1.04659 qdelay_c_ms=134.104 ecn_mark=226 drop=0
[QUEUE_STATS] t_ms=3088 q_pkts=343 q_bytes=515872 qdelay_l_ms=1.03601 qdelay_c_ms=135.288 ecn_mark=227 drop=0
[QUEUE_STATS] t_ms=3104 q_pkts=346 q_bytes=520384 qdelay_l_ms=1.0938 qdelay_c_ms=135.888 ecn_mark=227 drop=0
[QUEUE_STATS] t_ms=3120 q_pkts=347 q_bytes=521888 qdelay_l_ms=1.02573 qdelay_c_ms=137.412 ecn_mark=228 drop=0
[QUEUE_STATS] t_ms=3136 q_pkts=350 q_bytes=526400 qdelay_l_ms=1.09172 qdelay_c_ms=138.746 ecn_mark=229 drop=0
[QUEUE_STATS] t_ms=3152 q_pkts=353 q_bytes=530912 qdelay_l_ms=1.10746 qdelay_c_ms=140.721 ecn_mark=229 drop=0
[QUEUE_STATS] t_ms=3168 q_pkts=353 q_bytes=530912 qdelay_l_ms=1.10058 qdelay_c_ms=141.262 ecn_mark=229 drop=0
[QUEUE_STATS] t_ms=3184 q_pkts=354 q_bytes=532416 qdelay_l_ms=1.09055 qdelay_c_ms=142.17 ecn_mark=229 drop=0
[QUEUE_STATS] t_ms=3200 q_pkts=357 q_bytes=536928 qdelay_l_ms=1.03514 qdelay_c_ms=143.213 ecn_mark=230 drop=0
[QUEUE_STATS] t_ms=3216 q_pkts=362 q_bytes=544448 qdelay_l_ms=1.09814 qdelay_c_ms=144.346 ecn_mark=230 drop=0
[QUEUE_STATS] t_ms=3232 q_pkts=358 q_bytes=538432 qdelay_l_ms=0 qdelay_c_ms=145.415 ecn_mark=230 drop=0
[QUEUE_STATS] t_ms=3249 q_pkts=365 q_bytes=548960 qdelay_l_ms=1.07938 qdelay_c_ms=146.457 ecn_mark=230 drop=0
[QUEUE_STATS] t_ms=3264 q_pkts=366 q_bytes=550464 qdelay_l_ms=1.06455 qdelay_c_ms=148.283 ecn_mark=230 drop=0
[QUEUE_STATS] t_ms=3280 q_pkts=369 q_bytes=554976 qdelay_l_ms=1.02864 qdelay_c_ms=148.785 ecn_mark=231 drop=0
[QUEUE_STATS] t_ms=3296 q_pkts=373 q_bytes=560992 qdelay_l_ms=1.09126 qdelay_c_ms=150.603 ecn_mark=231 drop=0
[QUEUE_STATS] t_ms=3312 q_pkts=373 q_bytes=560992 qdelay_l_ms=1.01861 qdelay_c_ms=151.061 ecn_mark=232 drop=0
[QUEUE_STATS] t_ms=3328 q_pkts=373 q_bytes=560992 qdelay_l_ms=1.097 qdelay_c_ms=152.117 ecn_mark=233 drop=0
[QUEUE_STATS] t_ms=3344 q_pkts=376 q_bytes=565504 qdelay_l_ms=1.02536 qdelay_c_ms=153.097 ecn_mark=233 drop=0
[QUEUE_STATS] t_ms=3360 q_pkts=378 q_bytes=568512 qdelay_l_ms=1.01498 qdelay_c_ms=152.731 ecn_mark=233 drop=0
[QUEUE_STATS] t_ms=3376 q_pkts=380 q_bytes=571520 qdelay_l_ms=0.762533 qdelay_c_ms=155.317 ecn_mark=233 drop=0
[QUEUE_STATS] t_ms=3392 q_pkts=384 q_bytes=577536 qdelay_l_ms=1.11071 qdelay_c_ms=156.896 ecn_mark=233 drop=0
[QUEUE_STATS] t_ms=3408 q_pkts=384 q_bytes=577536 qdelay_l_ms=0.867911 qdelay_c_ms=157.175 ecn_mark=233 drop=0
[QUEUE_STATS] t_ms=3424 q_pkts=387 q_bytes=582048 qdelay_l_ms=0.979661 qdelay_c_ms=158.535 ecn_mark=233 drop=0
[QUEUE_STATS] t_ms=3440 q_pkts=391 q_bytes=588064 qdelay_l_ms=0.987235 qdelay_c_ms=160.921 ecn_mark=233 drop=0
[QUEUE_STATS] t_ms=3456 q_pkts=392 q_bytes=589568 qdelay_l_ms=0.962459 qdelay_c_ms=161.843 ecn_mark=233 drop=0
[QUEUE_STATS] t_ms=3472 q_pkts=395 q_bytes=594080 qdelay_l_ms=1.08291 qdelay_c_ms=163.218 ecn_mark=233 drop=0
[QUEUE_STATS] t_ms=3488 q_pkts=398 q_bytes=598592 qdelay_l_ms=0.977337 qdelay_c_ms=164.124 ecn_mark=234 drop=0
[QUEUE_STATS] t_ms=3504 q_pkts=399 q_bytes=600096 qdelay_l_ms=1.07221 qdelay_c_ms=166.351 ecn_mark=234 drop=0
[QUEUE_STATS] t_ms=3520 q_pkts=401 q_bytes=603104 qdelay_l_ms=1.07309 qdelay_c_ms=166.795 ecn_mark=235 drop=0
[QUEUE_STATS] t_ms=3536 q_pkts=404 q_bytes=607616 qdelay_l_ms=1.02859 qdelay_c_ms=169.257 ecn_mark=236 drop=0
[QUEUE_STATS] t_ms=3552 q_pkts=402 q_bytes=604608 qdelay_l_ms=0.970494 qdelay_c_ms=168.571 ecn_mark=240 drop=0
[QUEUE_STATS] t_ms=3568 q_pkts=407 q_bytes=612128 qdelay_l_ms=1.10748 qdelay_c_ms=171.511 ecn_mark=241 drop=0
[QUEUE_STATS] t_ms=3584 q_pkts=409 q_bytes=615136 qdelay_l_ms=0.94703 qdelay_c_ms=172.919 ecn_mark=241 drop=0
[QUEUE_STATS] t_ms=3600 q_pkts=409 q_bytes=615136 qdelay_l_ms=0.956388 qdelay_c_ms=173.878 ecn_mark=245 drop=0
[QUEUE_STATS] t_ms=3616 q_pkts=412 q_bytes=619648 qdelay_l_ms=1.07033 qdelay_c_ms=175.298 ecn_mark=245 drop=0
[QUEUE_STATS] t_ms=3632 q_pkts=414 q_bytes=622656 qdelay_l_ms=0.964322 qdelay_c_ms=176.911 ecn_mark=247 drop=0
[QUEUE_STATS] t_ms=3648 q_pkts=414 q_bytes=622656 qdelay_l_ms=0.943623 qdelay_c_ms=178.015 ecn_mark=248 drop=0
[QUEUE_STATS] t_ms=3664 q_pkts=416 q_bytes=625664 qdelay_l_ms=1.08596 qdelay_c_ms=178.026 ecn_mark=249 drop=0
[QUEUE_STATS] t_ms=3680 q_pkts=420 q_bytes=631680 qdelay_l_ms=1.07896 qdelay_c_ms=179.962 ecn_mark=250 drop=0
[QUEUE_STATS] t_ms=3696 q_pkts=420 q_bytes=631680 qdelay_l_ms=1.08362 qdelay_c_ms=180.128 ecn_mark=250 drop=0
[QUEUE_STATS] t_ms=3712 q_pkts=423 q_bytes=636192 qdelay_l_ms=0.768335 qdelay_c_ms=181.93 ecn_mark=252 drop=0
[QUEUE_STATS] t_ms=3728 q_pkts=425 q_bytes=639200 qdelay_l_ms=0.958231 qdelay_c_ms=182.073 ecn_mark=253 drop=0
[QUEUE_STATS] t_ms=3744 q_pkts=426 q_bytes=640704 qdelay_l_ms=0.763746 qdelay_c_ms=183.939 ecn_mark=254 drop=0
[QUEUE_STATS] t_ms=3760 q_pkts=430 q_bytes=646720 qdelay_l_ms=0.951318 qdelay_c_ms=184.031 ecn_mark=254 drop=0
[QUEUE_STATS] t_ms=3776 q_pkts=430 q_bytes=646720 qdelay_l_ms=1.05593 qdelay_c_ms=187.364 ecn_mark=255 drop=0
[QUEUE_STATS] t_ms=3792 q_pkts=432 q_bytes=649728 qdelay_l_ms=1.07131 qdelay_c_ms=186.745 ecn_mark=255 drop=0
[QUEUE_STATS] t_ms=3808 q_pkts=435 q_bytes=654240 qdelay_l_ms=0.944676 qdelay_c_ms=186.957 ecn_mark=255 drop=0
[QUEUE_STATS] t_ms=3824 q_pkts=434 q_bytes=652736 qdelay_l_ms=0.7502 qdelay_c_ms=189.097 ecn_mark=256 drop=0
[QUEUE_STATS] t_ms=3840 q_pkts=438 q_bytes=658752 qdelay_l_ms=0.930549 qdelay_c_ms=189.868 ecn_mark=257 drop=0
[QUEUE_STATS] t_ms=3856 q_pkts=438 q_bytes=658752 qdelay_l_ms=1.08526 qdelay_c_ms=188.976 ecn_mark=258 drop=0
[QUEUE_STATS] t_ms=3872 q_pkts=441 q_bytes=663264 qdelay_l_ms=0.927293 qdelay_c_ms=192.846 ecn_mark=258 drop=0
[QUEUE_STATS] t_ms=3888 q_pkts=442 q_bytes=664768 qdelay_l_ms=0.950456 qdelay_c_ms=192.711 ecn_mark=259 drop=0
[QUEUE_STATS] t_ms=3904 q_pkts=444 q_bytes=667776 qdelay_l_ms=1.07735 qdelay_c_ms=193.002 ecn_mark=259 drop=0
[QUEUE_STATS] t_ms=3920 q_pkts=448 q_bytes=673792 qdelay_l_ms=0.768224 qdelay_c_ms=194.997 ecn_mark=259 drop=0
[QUEUE_STATS] t_ms=3936 q_pkts=450 q_bytes=676800 qdelay_l_ms=1.03483 qdelay_c_ms=194.95 ecn_mark=259 drop=0
[QUEUE_STATS] t_ms=3952 q_pkts=448 q_bytes=673792 qdelay_l_ms=0.939385 qdelay_c_ms=194.827 ecn_mark=259 drop=0
[QUEUE_STATS] t_ms=3968 q_pkts=452 q_bytes=679808 qdelay_l_ms=1.06801 qdelay_c_ms=199.064 ecn_mark=260 drop=0
[QUEUE_STATS] t_ms=3984 q_pkts=455 q_bytes=684320 qdelay_l_ms=0.93668 qdelay_c_ms=197.919 ecn_mark=260 drop=0
[QUEUE_STATS] t_ms=4000 q_pkts=456 q_bytes=685824 qdelay_l_ms=0.940006 qdelay_c_ms=199.124 ecn_mark=261 drop=0
[QUEUE_STATS] t_ms=4016 q_pkts=459 q_bytes=690336 qdelay_l_ms=0.929978 qdelay_c_ms=201.725 ecn_mark=264 drop=0
[QUEUE_STATS] t_ms=4032 q_pkts=460 q_bytes=691840 qdelay_l_ms=0.687472 qdelay_c_ms=199.469 ecn_mark=264 drop=0
[QUEUE_STATS] t_ms=4048 q_pkts=461 q_bytes=693344 qdelay_l_ms=1.08583 qdelay_c_ms=202.132 ecn_mark=264 drop=0
[QUEUE_STATS] t_ms=4064 q_pkts=464 q_bytes=697856 qdelay_l_ms=0.926752 qdelay_c_ms=204.753 ecn_mark=265 drop=0
[QUEUE_STATS] t_ms=4080 q_pkts=463 q_bytes=696352 qdelay_l_ms=1.06742 qdelay_c_ms=202.805 ecn_mark=265 drop=0
[QUEUE_STATS] t_ms=4096 q_pkts=466 q_bytes=700864 qdelay_l_ms=1.11167 qdelay_c_ms=205.487 ecn_mark=266 drop=0
[QUEUE_STATS] t_ms=4112 q_pkts=471 q_bytes=708384 qdelay_l_ms=0.898779 qdelay_c_ms=205.868 ecn_mark=267 drop=0
[QUEUE_STATS] t_ms=4128 q_pkts=469 q_bytes=705376 qdelay_l_ms=1.04448 qdelay_c_ms=207.026 ecn_mark=267 drop=0
[QUEUE_STATS] t_ms=4144 q_pkts=472 q_bytes=709888 qdelay_l_ms=0.709814 qdelay_c_ms=207.804 ecn_mark=268 drop=0
[QUEUE_STATS] t_ms=4160 q_pkts=474 q_bytes=712896 qdelay_l_ms=1.12117 qdelay_c_ms=208.033 ecn_mark=269 drop=0
[QUEUE_STATS] t_ms=4176 q_pkts=475 q_bytes=714400 qdelay_l_ms=1.07144 qdelay_c_ms=209.405 ecn_mark=273 drop=0
[QUEUE_STATS] t_ms=4192 q_pkts=477 q_bytes=717408 qdelay_l_ms=1.07333 qdelay_c_ms=212.128 ecn_mark=273 drop=0
[QUEUE_STATS] t_ms=4208 q_pkts=478 q_bytes=718912 qdelay_l_ms=0.930088 qdelay_c_ms=211.678 ecn_mark=273 drop=0
[QUEUE_STATS] t_ms=4224 q_pkts=479 q_bytes=720416 qdelay_l_ms=1.07385 qdelay_c_ms=213.302 ecn_mark=273 drop=0
[QUEUE_STATS] t_ms=4240 q_pkts=483 q_bytes=726432 qdelay_l_ms=0.967198 qdelay_c_ms=214.11 ecn_mark=273 drop=0
[QUEUE_STATS] t_ms=4256 q_pkts=485 q_bytes=729440 qdelay_l_ms=1.0768 qdelay_c_ms=216.163 ecn_mark=273 drop=0
[QUEUE_STATS] t_ms=4272 q_pkts=487 q_bytes=732448 qdelay_l_ms=1.07092 qdelay_c_ms=215.853 ecn_mark=273 drop=0
[QUEUE_STATS] t_ms=4288 q_pkts=489 q_bytes=735456 qdelay_l_ms=0.924998 qdelay_c_ms=218.068 ecn_mark=273 drop=0
[QUEUE_STATS] t_ms=4304 q_pkts=493 q_bytes=741472 qdelay_l_ms=1.05268 qdelay_c_ms=219.067 ecn_mark=273 drop=0
[QUEUE_STATS] t_ms=4320 q_pkts=494 q_bytes=742976 qdelay_l_ms=1.09044 qdelay_c_ms=220.027 ecn_mark=275 drop=0
[QUEUE_STATS] t_ms=4336 q_pkts=495 q_bytes=744480 qdelay_l_ms=1.09585 qdelay_c_ms=222.229 ecn_mark=278 drop=0
[QUEUE_STATS] t_ms=4352 q_pkts=499 q_bytes=750496 qdelay_l_ms=1.0762 qdelay_c_ms=224.282 ecn_mark=278 drop=0
[QUEUE_STATS] t_ms=4368 q_pkts=499 q_bytes=750496 qdelay_l_ms=0.907355 qdelay_c_ms=224.087 ecn_mark=280 drop=0
[QUEUE_STATS] t_ms=4384 q_pkts=499 q_bytes=750496 qdelay_l_ms=1.08008 qdelay_c_ms=226.035 ecn_mark=280 drop=0
[QUEUE_STATS] t_ms=4400 q_pkts=503 q_bytes=756512 qdelay_l_ms=1.04584 qdelay_c_ms=228.228 ecn_mark=281 drop=0
[QUEUE_STATS] t_ms=4416 q_pkts=504 q_bytes=758016 qdelay_l_ms=1.0674 qdelay_c_ms=227.108 ecn_mark=283 drop=0
[QUEUE_STATS] t_ms=4432 q_pkts=506 q_bytes=759572 qdelay_l_ms=0.95226 qdelay_c_ms=230.289 ecn_mark=283 drop=0
[QUEUE_STATS] t_ms=4448 q_pkts=507 q_bytes=761076 qdelay_l_ms=1.09555 qdelay_c_ms=230.917 ecn_mark=284 drop=0
[QUEUE_STATS] t_ms=4464 q_pkts=511 q_bytes=767092 qdelay_l_ms=0.863342 qdelay_c_ms=229.765 ecn_mark=284 drop=0
[QUEUE_STATS] t_ms=4480 q_pkts=511 q_bytes=767092 qdelay_l_ms=1.07777 qdelay_c_ms=235.074 ecn_mark=285 drop=0
[QUEUE_STATS] t_ms=4496 q_pkts=514 q_bytes=771604 qdelay_l_ms=0.881848 qdelay_c_ms=234.827 ecn_mark=285 drop=0
[QUEUE_STATS] t_ms=4512 q_pkts=514 q_bytes=771604 qdelay_l_ms=1.07577 qdelay_c_ms=236.425 ecn_mark=286 drop=0
[QUEUE_STATS] t_ms=4528 q_pkts=517 q_bytes=776116 qdelay_l_ms=0.708011 qdelay_c_ms=237.949 ecn_mark=286 drop=0
[QUEUE_STATS] t_ms=4544 q_pkts=519 q_bytes=779124 qdelay_l_ms=1.07041 qdelay_c_ms=237.78 ecn_mark=286 drop=0
[QUEUE_STATS] t_ms=4560 q_pkts=520 q_bytes=780628 qdelay_l_ms=1.07881 qdelay_c_ms=240.056 ecn_mark=287 drop=0
[QUEUE_STATS] t_ms=4576 q_pkts=523 q_bytes=785140 qdelay_l_ms=1.08794 qdelay_c_ms=241.834 ecn_mark=287 drop=0
[QUEUE_STATS] t_ms=4592 q_pkts=526 q_bytes=789652 qdelay_l_ms=1.10622 qdelay_c_ms=241.807 ecn_mark=288 drop=0
[QUEUE_STATS] t_ms=4608 q_pkts=525 q_bytes=788148 qdelay_l_ms=1.06856 qdelay_c_ms=243.033 ecn_mark=288 drop=0
[QUEUE_STATS] t_ms=4624 q_pkts=528 q_bytes=792660 qdelay_l_ms=1.09882 qdelay_c_ms=243.95 ecn_mark=289 drop=0
[QUEUE_STATS] t_ms=4640 q_pkts=528 q_bytes=792660 qdelay_l_ms=1.08934 qdelay_c_ms=245.012 ecn_mark=289 drop=0
[QUEUE_STATS] t_ms=4656 q_pkts=531 q_bytes=797172 qdelay_l_ms=1.04213 qdelay_c_ms=247.099 ecn_mark=290 drop=0
[QUEUE_STATS] t_ms=4672 q_pkts=532 q_bytes=800128 qdelay_l_ms=1.06478 qdelay_c_ms=246.694 ecn_mark=290 drop=0
[QUEUE_STATS] t_ms=4688 q_pkts=531 q_bytes=798624 qdelay_l_ms=0.034375 qdelay_c_ms=247.507 ecn_mark=291 drop=0
[QUEUE_STATS] t_ms=4704 q_pkts=537 q_bytes=807648 qdelay_l_ms=1.07616 qdelay_c_ms=249.977 ecn_mark=293 drop=0
[QUEUE_STATS] t_ms=4720 q_pkts=538 q_bytes=809152 qdelay_l_ms=0.847713 qdelay_c_ms=250.493 ecn_mark=293 drop=0
[QUEUE_STATS] t_ms=4736 q_pkts=539 q_bytes=810656 qdelay_l_ms=0.87814 qdelay_c_ms=252.698 ecn_mark=293 drop=0
[QUEUE_STATS] t_ms=4752 q_pkts=540 q_bytes=812160 qdelay_l_ms=0.868583 qdelay_c_ms=253.052 ecn_mark=293 drop=0
[QUEUE_STATS] t_ms=4768 q_pkts=542 q_bytes=815168 qdelay_l_ms=1.09371 qdelay_c_ms=254.458 ecn_mark=294 drop=0
[QUEUE_STATS] t_ms=4784 q_pkts=545 q_bytes=819680 qdelay_l_ms=1.09829 qdelay_c_ms=256.17 ecn_mark=297 drop=0
[QUEUE_STATS] t_ms=4800 q_pkts=546 q_bytes=821184 qdelay_l_ms=1.01779 qdelay_c_ms=257.975 ecn_mark=297 drop=0
[QUEUE_STATS] t_ms=4816 q_pkts=547 q_bytes=822688 qdelay_l_ms=1.10146 qdelay_c_ms=258.324 ecn_mark=298 drop=0
[QUEUE_STATS] t_ms=4832 q_pkts=551 q_bytes=828704 qdelay_l_ms=1.11144 qdelay_c_ms=261.045 ecn_mark=301 drop=0
[QUEUE_STATS] t_ms=4848 q_pkts=550 q_bytes=827200 qdelay_l_ms=1.07725 qdelay_c_ms=260.348 ecn_mark=302 drop=0
[QUEUE_STATS] t_ms=4864 q_pkts=552 q_bytes=830208 qdelay_l_ms=0.863613 qdelay_c_ms=262.841 ecn_mark=303 drop=0
[QUEUE_STATS] t_ms=4880 q_pkts=555 q_bytes=834720 qdelay_l_ms=1.07142 qdelay_c_ms=263.238 ecn_mark=303 drop=0
[QUEUE_STATS] t_ms=4896 q_pkts=557 q_bytes=837728 qdelay_l_ms=0.826874 qdelay_c_ms=265.823 ecn_mark=303 drop=0
[QUEUE_STATS] t_ms=4912 q_pkts=558 q_bytes=839232 qdelay_l_ms=1.07147 qdelay_c_ms=266.081 ecn_mark=303 drop=0
[QUEUE_STATS] t_ms=4928 q_pkts=560 q_bytes=842240 qdelay_l_ms=1.06607 qdelay_c_ms=267.226 ecn_mark=304 drop=0
[QUEUE_STATS] t_ms=4944 q_pkts=561 q_bytes=843744 qdelay_l_ms=1.07201 qdelay_c_ms=269.339 ecn_mark=305 drop=0
[QUEUE_STATS] t_ms=4960 q_pkts=562 q_bytes=845248 qdelay_l_ms=0.853995 qdelay_c_ms=268.867 ecn_mark=305 drop=0
[QUEUE_STATS] t_ms=4976 q_pkts=563 q_bytes=846752 qdelay_l_ms=1.06168 qdelay_c_ms=271.171 ecn_mark=306 drop=0
[QUEUE_STATS] t_ms=4992 q_pkts=565 q_bytes=849760 qdelay_l_ms=0.674868 qdelay_c_ms=273.072 ecn_mark=308 drop=0
[QUEUE_STATS] t_ms=5008 q_pkts=568 q_bytes=854272 qdelay_l_ms=0.993156 qdelay_c_ms=270.862 ecn_mark=309 drop=0
[QUEUE_STATS] t_ms=5024 q_pkts=569 q_bytes=855776 qdelay_l_ms=1.10756 qdelay_c_ms=273.898 ecn_mark=314 drop=0
[QUEUE_STATS] t_ms=5040 q_pkts=569 q_bytes=855776 qdelay_l_ms=0.863242 qdelay_c_ms=274.908 ecn_mark=317 drop=0
[QUEUE_STATS] t_ms=5056 q_pkts=573 q_bytes=861792 qdelay_l_ms=1.07084 qdelay_c_ms=273.921 ecn_mark=318 drop=0
[QUEUE_STATS] t_ms=5072 q_pkts=573 q_bytes=861792 qdelay_l_ms=0.67527 qdelay_c_ms=276.98 ecn_mark=320 drop=0
[QUEUE_STATS] t_ms=5088 q_pkts=574 q_bytes=863296 qdelay_l_ms=0.866118 qdelay_c_ms=277.732 ecn_mark=321 drop=0
[QUEUE_STATS] t_ms=5104 q_pkts=576 q_bytes=866304 qdelay_l_ms=1.09149 qdelay_c_ms=276.147 ecn_mark=321 drop=0
[QUEUE_STATS] t_ms=5120 q_pkts=578 q_bytes=869312 qdelay_l_ms=0.836002 qdelay_c_ms=278.806 ecn_mark=323 drop=0
[QUEUE_STATS] t_ms=5136 q_pkts=581 q_bytes=873824 qdelay_l_ms=1.07095 qdelay_c_ms=279.952 ecn_mark=323 drop=0
[QUEUE_STATS] t_ms=5152 q_pkts=581 q_bytes=873824 qdelay_l_ms=0.996553 qdelay_c_ms=278.971 ecn_mark=325 drop=0
[QUEUE_STATS] t_ms=5168 q_pkts=583 q_bytes=876832 qdelay_l_ms=1.06227 qdelay_c_ms=282.209 ecn_mark=328 drop=0
[QUEUE_STATS] t_ms=5184 q_pkts=585 q_bytes=879840 qdelay_l_ms=1.06042 qdelay_c_ms=283.179 ecn_mark=330 drop=0
[QUEUE_STATS] t_ms=5200 q_pkts=585 q_bytes=879840 qdelay_l_ms=0.866739 qdelay_c_ms=281.829 ecn_mark=332 drop=0
[QUEUE_STATS] t_ms=5216 q_pkts=587 q_bytes=882848 qdelay_l_ms=0.648259 qdelay_c_ms=283.797 ecn_mark=334 drop=0
[QUEUE_STATS] t_ms=5232 q_pkts=590 q_bytes=887360 qdelay_l_ms=0 qdelay_c_ms=285.221 ecn_mark=336 drop=0
[QUEUE_STATS] t_ms=5248 q_pkts=592 q_bytes=890368 qdelay_l_ms=1.09408 qdelay_c_ms=284.846 ecn_mark=339 drop=0
[QUEUE_STATS] t_ms=5264 q_pkts=591 q_bytes=888864 qdelay_l_ms=1.09502 qdelay_c_ms=285.001 ecn_mark=340 drop=0
[QUEUE_STATS] t_ms=5280 q_pkts=594 q_bytes=893376 qdelay_l_ms=1.06569 qdelay_c_ms=286.273 ecn_mark=341 drop=0
[QUEUE_STATS] t_ms=5296 q_pkts=594 q_bytes=893376 qdelay_l_ms=0.871618 qdelay_c_ms=287.105 ecn_mark=343 drop=0
[QUEUE_STATS] t_ms=5312 q_pkts=597 q_bytes=897888 qdelay_l_ms=1.07317 qdelay_c_ms=287.844 ecn_mark=343 drop=0
[QUEUE_STATS] t_ms=5328 q_pkts=599 q_bytes=900896 qdelay_l_ms=0.879152 qdelay_c_ms=286.784 ecn_mark=344 drop=0
[QUEUE_STATS] t_ms=5344 q_pkts=599 q_bytes=900896 qdelay_l_ms=1.09502 qdelay_c_ms=289.905 ecn_mark=346 drop=0
[QUEUE_STATS] t_ms=5360 q_pkts=601 q_bytes=903904 qdelay_l_ms=0.881747 qdelay_c_ms=289.712 ecn_mark=347 drop=0
[QUEUE_STATS] t_ms=5376 q_pkts=600 q_bytes=902400 qdelay_l_ms=1.0764 qdelay_c_ms=288.285 ecn_mark=347 drop=0
[QUEUE_STATS] t_ms=5392 q_pkts=603 q_bytes=906912 qdelay_l_ms=0.657436 qdelay_c_ms=290.784 ecn_mark=349 drop=0
[QUEUE_STATS] t_ms=5408 q_pkts=605 q_bytes=909920 qdelay_l_ms=1.09447 qdelay_c_ms=291.961 ecn_mark=352 drop=0
[QUEUE_STATS] t_ms=5424 q_pkts=606 q_bytes=911424 qdelay_l_ms=0.884252 qdelay_c_ms=291.004 ecn_mark=356 drop=0
[QUEUE_STATS] t_ms=5440 q_pkts=605 q_bytes=909920 qdelay_l_ms=1.07519 qdelay_c_ms=293.16 ecn_mark=359 drop=0
[QUEUE_STATS] t_ms=5456 q_pkts=596 q_bytes=896384 qdelay_l_ms=0.874133 qdelay_c_ms=292.94 ecn_mark=361 drop=0
[QUEUE_STATS] t_ms=5472 q_pkts=582 q_bytes=875328 qdelay_l_ms=0.874163 qdelay_c_ms=290.7 ecn_mark=363 drop=0
[QUEUE_STATS] t_ms=5488 q_pkts=575 q_bytes=864800 qdelay_l_ms=1.04097 qdelay_c_ms=294.504 ecn_mark=365 drop=0
[QUEUE_STATS] t_ms=5504 q_pkts=567 q_bytes=852768 qdelay_l_ms=1.07073 qdelay_c_ms=294.974 ecn_mark=366 drop=0
[QUEUE_STATS] t_ms=5520 q_pkts=557 q_bytes=837728 qdelay_l_ms=0.923155 qdelay_c_ms=293.055 ecn_mark=367 drop=0
[QUEUE_STATS] t_ms=5536 q_pkts=546 q_bytes=821184 qdelay_l_ms=0.658177 qdelay_c_ms=295.836 ecn_mark=371 drop=0
[QUEUE_STATS] t_ms=5552 q_pkts=537 q_bytes=807648 qdelay_l_ms=1.08064 qdelay_c_ms=295.937 ecn_mark=372 drop=0
[QUEUE_STATS] t_ms=5568 q_pkts=525 q_bytes=789600 qdelay_l_ms=0.883431 qdelay_c_ms=295.021 ecn_mark=373 drop=0
[QUEUE_STATS] t_ms=5584 q_pkts=515 q_bytes=774560 qdelay_l_ms=0.882158 qdelay_c_ms=294.881 ecn_mark=376 drop=0
[QUEUE_STATS] t_ms=5600 q_pkts=508 q_bytes=764032 qdelay_l_ms=1.0478 qdelay_c_ms=297.085 ecn_mark=384 drop=0
[QUEUE_STATS] t_ms=5616 q_pkts=496 q_bytes=745984 qdelay_l_ms=1.08271 qdelay_c_ms=295.911 ecn_mark=384 drop=0
[QUEUE_STATS] t_ms=5632 q_pkts=486 q_bytes=730944 qdelay_l_ms=0.903929 qdelay_c_ms=296.002 ecn_mark=386 drop=0
[QUEUE_STATS] t_ms=5648 q_pkts=477 q_bytes=717408 qdelay_l_ms=0 qdelay_c_ms=297.757 ecn_mark=388 drop=0
[QUEUE_STATS] t_ms=5664 q_pkts=466 q_bytes=700864 qdelay_l_ms=1.08171 qdelay_c_ms=296.068 ecn_mark=393 drop=0
[QUEUE_STATS] t_ms=5680 q_pkts=454 q_bytes=682816 qdelay_l_ms=0.930008 qdelay_c_ms=295.982 ecn_mark=396 drop=0
[QUEUE_STATS] t_ms=5696 q_pkts=446 q_bytes=670784 qdelay_l_ms=0.895082 qdelay_c_ms=296.734 ecn_mark=398 drop=0
[QUEUE_STATS] t_ms=5712 q_pkts=434 q_bytes=652736 qdelay_l_ms=1.08811 qdelay_c_ms=296.045 ecn_mark=399 drop=0
[QUEUE_STATS] t_ms=5728 q_pkts=422 q_bytes=634688 qdelay_l_ms=1.04355 qdelay_c_ms=296.422 ecn_mark=400 drop=0
[QUEUE_STATS] t_ms=5744 q_pkts=415 q_bytes=624160 qdelay_l_ms=0.960204 qdelay_c_ms=290.079 ecn_mark=400 drop=0
[QUEUE_STATS] t_ms=5760 q_pkts=403 q_bytes=606112 qdelay_l_ms=0.919878 qdelay_c_ms=278.997 ecn_mark=402 drop=0
[QUEUE_STATS] t_ms=5776 q_pkts=394 q_bytes=592576 qdelay_l_ms=1.09485 qdelay_c_ms=272.211 ecn_mark=402 drop=0
[QUEUE_STATS] t_ms=5792 q_pkts=398 q_bytes=598592 qdelay_l_ms=1.09445 qdelay_c_ms=266.055 ecn_mark=406 drop=0
[QUEUE_STATS] t_ms=5808 q_pkts=395 q_bytes=594080 qdelay_l_ms=1.08365 qdelay_c_ms=255.934 ecn_mark=408 drop=0
[QUEUE_STATS] t_ms=5824 q_pkts=395 q_bytes=594080 qdelay_l_ms=0.935849 qdelay_c_ms=248.037 ecn_mark=409 drop=0
[QUEUE_STATS] t_ms=5840 q_pkts=398 q_bytes=598592 qdelay_l_ms=0.894611 qdelay_c_ms=240.843 ecn_mark=413 drop=0
[QUEUE_STATS] t_ms=5856 q_pkts=396 q_bytes=595584 qdelay_l_ms=0.955326 qdelay_c_ms=232.017 ecn_mark=415 drop=0
[QUEUE_STATS] t_ms=5872 q_pkts=396 q_bytes=595584 qdelay_l_ms=0.922744 qdelay_c_ms=223.969 ecn_mark=419 drop=0
[QUEUE_STATS] t_ms=5888 q_pkts=399 q_bytes=600096 qdelay_l_ms=0.901324 qdelay_c_ms=214.988 ecn_mark=424 drop=0
[QUEUE_STATS] t_ms=5904 q_pkts=397 q_bytes=597088 qdelay_l_ms=0.715705 qdelay_c_ms=207.069 ecn_mark=425 drop=0
[QUEUE_STATS] t_ms=5920 q_pkts=397 q_bytes=597088 qdelay_l_ms=0.951548 qdelay_c_ms=197.83 ecn_mark=427 drop=0
[QUEUE_STATS] t_ms=5936 q_pkts=397 q_bytes=597088 qdelay_l_ms=0.948593 qdelay_c_ms=190.132 ecn_mark=430 drop=0
[QUEUE_STATS] t_ms=5952 q_pkts=398 q_bytes=598592 qdelay_l_ms=0.953072 qdelay_c_ms=184.006 ecn_mark=431 drop=0
[QUEUE_STATS] t_ms=5968 q_pkts=397 q_bytes=597088 qdelay_l_ms=0.975002 qdelay_c_ms=179.791 ecn_mark=433 drop=0
[QUEUE_STATS] t_ms=5984 q_pkts=398 q_bytes=598592 qdelay_l_ms=1.075 qdelay_c_ms=180.684 ecn_mark=434 drop=0
[QUEUE_STATS] t_ms=6000 q_pkts=398 q_bytes=598592 qdelay_l_ms=0.995681 qdelay_c_ms=179.726 ecn_mark=437 drop=0
[QUEUE_STATS] t_ms=6016 q_pkts=396 q_bytes=595584 qdelay_l_ms=0.982537 qdelay_c_ms=177.134 ecn_mark=439 drop=0
[QUEUE_STATS] t_ms=6032 q_pkts=398 q_bytes=598592 qdelay_l_ms=1.07746 qdelay_c_ms=177.723 ecn_mark=441 drop=0
[QUEUE_STATS] t_ms=6048 q_pkts=402 q_bytes=604608 qdelay_l_ms=0.896766 qdelay_c_ms=177.992 ecn_mark=442 drop=0
[QUEUE_STATS] t_ms=6064 q_pkts=403 q_bytes=606112 qdelay_l_ms=0.967218 qdelay_c_ms=177.324 ecn_mark=445 drop=0
[QUEUE_STATS] t_ms=6080 q_pkts=400 q_bytes=601600 qdelay_l_ms=1.07648 qdelay_c_ms=175.46 ecn_mark=446 drop=0
[QUEUE_STATS] t_ms=6096 q_pkts=404 q_bytes=607616 qdelay_l_ms=1.02018 qdelay_c_ms=176.083 ecn_mark=447 drop=0
[QUEUE_STATS] t_ms=6112 q_pkts=404 q_bytes=607616 qdelay_l_ms=1.01681 qdelay_c_ms=173.979 ecn_mark=448 drop=0
[QUEUE_STATS] t_ms=6128 q_pkts=405 q_bytes=609120 qdelay_l_ms=1.001 qdelay_c_ms=173.753 ecn_mark=449 drop=0
[QUEUE_STATS] t_ms=6144 q_pkts=407 q_bytes=612128 qdelay_l_ms=0.887038 qdelay_c_ms=175.169 ecn_mark=450 drop=0
[QUEUE_STATS] t_ms=6160 q_pkts=406 q_bytes=610624 qdelay_l_ms=1.02603 qdelay_c_ms=171.885 ecn_mark=450 drop=0
[QUEUE_STATS] t_ms=6176 q_pkts=407 q_bytes=612128 qdelay_l_ms=1.02777 qdelay_c_ms=173.108 ecn_mark=450 drop=0
[QUEUE_STATS] t_ms=6193 q_pkts=406 q_bytes=610624 qdelay_l_ms=1.09282 qdelay_c_ms=173.439 ecn_mark=450 drop=0
[QUEUE_STATS] t_ms=6208 q_pkts=410 q_bytes=616640 qdelay_l_ms=0.890684 qdelay_c_ms=171.616 ecn_mark=451 drop=0
[QUEUE_STATS] t_ms=6224 q_pkts=410 q_bytes=616640 qdelay_l_ms=1.03916 qdelay_c_ms=172.717 ecn_mark=452 drop=0
[QUEUE_STATS] t_ms=6240 q_pkts=410 q_bytes=616640 qdelay_l_ms=1.10618 qdelay_c_ms=174.087 ecn_mark=454 drop=0
[QUEUE_STATS] t_ms=6256 q_pkts=410 q_bytes=616640 qdelay_l_ms=0.75005 qdelay_c_ms=172.218 ecn_mark=456 drop=0
[QUEUE_STATS] t_ms=6273 q_pkts=412 q_bytes=619648 qdelay_l_ms=1.09889 qdelay_c_ms=173.556 ecn_mark=459 drop=0
[QUEUE_STATS] t_ms=6288 q_pkts=411 q_bytes=618144 qdelay_l_ms=0.414308 qdelay_c_ms=173.719 ecn_mark=461 drop=0
[QUEUE_STATS] t_ms=6304 q_pkts=413 q_bytes=621152 qdelay_l_ms=1.0344 qdelay_c_ms=172.04 ecn_mark=465 drop=0
[QUEUE_STATS] t_ms=6320 q_pkts=414 q_bytes=622656 qdelay_l_ms=0.809903 qdelay_c_ms=172.461 ecn_mark=465 drop=0
[QUEUE_STATS] t_ms=6336 q_pkts=414 q_bytes=622656 qdelay_l_ms=1.06893 qdelay_c_ms=172.907 ecn_mark=466 drop=0
[QUEUE_STATS] t_ms=6352 q_pkts=413 q_bytes=621152 qdelay_l_ms=1.03543 qdelay_c_ms=170.45 ecn_mark=468 drop=0
[QUEUE_STATS] t_ms=6368 q_pkts=416 q_bytes=625664 qdelay_l_ms=1.09301 qdelay_c_ms=172.134 ecn_mark=471 drop=0
[QUEUE_STATS] t_ms=6384 q_pkts=418 q_bytes=628672 qdelay_l_ms=1.10676 qdelay_c_ms=172.93 ecn_mark=473 drop=0
[QUEUE_STATS] t_ms=6400 q_pkts=417 q_bytes=627168 qdelay_l_ms=1.06254 qdelay_c_ms=171.09 ecn_mark=473 drop=0
[QUEUE_STATS] t_ms=6416 q_pkts=419 q_bytes=630176 qdelay_l_ms=1.1068 qdelay_c_ms=171.018 ecn_mark=476 drop=0
[QUEUE_STATS] t_ms=6432 q_pkts=418 q_bytes=628672 qdelay_l_ms=1.11279 qdelay_c_ms=171.068 ecn_mark=477 drop=0
[QUEUE_STATS] t_ms=6448 q_pkts=420 q_bytes=631680 qdelay_l_ms=1.10085 qdelay_c_ms=170.794 ecn_mark=478 drop=0
[QUEUE_STATS] t_ms=6464 q_pkts=419 q_bytes=630176 qdelay_l_ms=0.600659 qdelay_c_ms=171.8 ecn_mark=480 drop=0
[QUEUE_STATS] t_ms=6480 q_pkts=419 q_bytes=630176 qdelay_l_ms=1.08909 qdelay_c_ms=170.017 ecn_mark=481 drop=0
[QUEUE_STATS] t_ms=6496 q_pkts=422 q_bytes=634688 qdelay_l_ms=1.06312 qdelay_c_ms=170.392 ecn_mark=481 drop=0
[QUEUE_STATS] t_ms=6512 q_pkts=425 q_bytes=639200 qdelay_l_ms=1.09606 qdelay_c_ms=171.112 ecn_mark=483 drop=0
[QUEUE_STATS] t_ms=6528 q_pkts=424 q_bytes=637696 qdelay_l_ms=1.0776 qdelay_c_ms=170.056 ecn_mark=483 drop=0
[QUEUE_STATS] t_ms=6544 q_pkts=424 q_bytes=637696 qdelay_l_ms=1.04874 qdelay_c_ms=169.938 ecn_mark=487 drop=0
[QUEUE_STATS] t_ms=6560 q_pkts=414 q_bytes=622656 qdelay_l_ms=1.09187 qdelay_c_ms=171.004 ecn_mark=487 drop=0
[QUEUE_STATS] t_ms=6576 q_pkts=399 q_bytes=600096 qdelay_l_ms=1.07849 qdelay_c_ms=169.296 ecn_mark=488 drop=0
[QUEUE_STATS] t_ms=6592 q_pkts=388 q_bytes=583552 qdelay_l_ms=1.08022 qdelay_c_ms=170.435 ecn_mark=490 drop=0
[QUEUE_STATS] t_ms=6608 q_pkts=379 q_bytes=570016 qdelay_l_ms=1.08639 qdelay_c_ms=171.026 ecn_mark=491 drop=0
[QUEUE_STATS] t_ms=6624 q_pkts=362 q_bytes=544448 qdelay_l_ms=1.06137 qdelay_c_ms=171.109 ecn_mark=492 drop=0
[QUEUE_STATS] t_ms=6640 q_pkts=351 q_bytes=527904 qdelay_l_ms=1.06199 qdelay_c_ms=171.918 ecn_mark=494 drop=0
[QUEUE_STATS] t_ms=6656 q_pkts=342 q_bytes=514368 qdelay_l_ms=1.07303 qdelay_c_ms=171.938 ecn_mark=494 drop=0
[QUEUE_STATS] t_ms=6672 q_pkts=326 q_bytes=490304 qdelay_l_ms=1.08975 qdelay_c_ms=170.223 ecn_mark=495 drop=0
[QUEUE_STATS] t_ms=6688 q_pkts=313 q_bytes=470752 qdelay_l_ms=0.84071 qdelay_c_ms=171.253 ecn_mark=496 drop=0
[QUEUE_STATS] t_ms=6704 q_pkts=304 q_bytes=457216 qdelay_l_ms=0.620096 qdelay_c_ms=170.725 ecn_mark=500 drop=0
[QUEUE_STATS] t_ms=6720 q_pkts=290 q_bytes=436160 qdelay_l_ms=1.0662 qdelay_c_ms=167.212 ecn_mark=501 drop=0
[QUEUE_STATS] t_ms=6736 q_pkts=279 q_bytes=419616 qdelay_l_ms=1.06689 qdelay_c_ms=161.218 ecn_mark=503 drop=0
[QUEUE_STATS] t_ms=6752 q_pkts=267 q_bytes=401568 qdelay_l_ms=1.09066 qdelay_c_ms=153.353 ecn_mark=505 drop=0
[QUEUE_STATS] t_ms=6768 q_pkts=265 q_bytes=398560 qdelay_l_ms=1.0692 qdelay_c_ms=145.862 ecn_mark=507 drop=0
[QUEUE_STATS] t_ms=6784 q_pkts=261 q_bytes=392544 qdelay_l_ms=1.07363 qdelay_c_ms=137.218 ecn_mark=509 drop=0
[QUEUE_STATS] t_ms=6800 q_pkts=265 q_bytes=398560 qdelay_l_ms=1.07661 qdelay_c_ms=132.922 ecn_mark=509 drop=0
[QUEUE_STATS] t_ms=6816 q_pkts=263 q_bytes=395552 qdelay_l_ms=1.0919 qdelay_c_ms=122.312 ecn_mark=512 drop=0
[QUEUE_STATS] t_ms=6832 q_pkts=264 q_bytes=397056 qdelay_l_ms=1.08227 qdelay_c_ms=116.019 ecn_mark=514 drop=0
[QUEUE_STATS] t_ms=6848 q_pkts=266 q_bytes=400064 qdelay_l_ms=1.06682 qdelay_c_ms=108.773 ecn_mark=515 drop=0
[QUEUE_STATS] t_ms=6864 q_pkts=266 q_bytes=400064 qdelay_l_ms=1.06546 qdelay_c_ms=104.079 ecn_mark=518 drop=0
[QUEUE_STATS] t_ms=6880 q_pkts=264 q_bytes=397056 qdelay_l_ms=1.077 qdelay_c_ms=103.537 ecn_mark=520 drop=0
[QUEUE_STATS] t_ms=6896 q_pkts=268 q_bytes=403072 qdelay_l_ms=1.06042 qdelay_c_ms=104.88 ecn_mark=521 drop=0
[QUEUE_STATS] t_ms=6912 q_pkts=267 q_bytes=401568 qdelay_l_ms=1.07742 qdelay_c_ms=103.271 ecn_mark=524 drop=0
[QUEUE_STATS] t_ms=6928 q_pkts=264 q_bytes=397056 qdelay_l_ms=1.08244 qdelay_c_ms=103.265 ecn_mark=524 drop=0
[QUEUE_STATS] t_ms=6944 q_pkts=266 q_bytes=400064 qdelay_l_ms=1.06568 qdelay_c_ms=103.052 ecn_mark=526 drop=0
[QUEUE_STATS] t_ms=6960 q_pkts=267 q_bytes=401568 qdelay_l_ms=0.942822 qdelay_c_ms=104.134 ecn_mark=529 drop=0
[QUEUE_STATS] t_ms=6976 q_pkts=266 q_bytes=400064 qdelay_l_ms=1.06652 qdelay_c_ms=104.116 ecn_mark=531 drop=0
[QUEUE_STATS] t_ms=6992 q_pkts=269 q_bytes=404576 qdelay_l_ms=1.10747 qdelay_c_ms=103.032 ecn_mark=533 drop=0
[QUEUE_STATS] t_ms=7008 q_pkts=266 q_bytes=400064 qdelay_l_ms=1.07041 qdelay_c_ms=103.163 ecn_mark=535 drop=0
[QUEUE_STATS] t_ms=7024 q_pkts=266 q_bytes=400064 qdelay_l_ms=1.09792 qdelay_c_ms=101.599 ecn_mark=536 drop=0
[QUEUE_STATS] t_ms=7040 q_pkts=268 q_bytes=403072 qdelay_l_ms=0.896545 qdelay_c_ms=101.846 ecn_mark=539 drop=0
[QUEUE_STATS] t_ms=7056 q_pkts=269 q_bytes=404576 qdelay_l_ms=1.09867 qdelay_c_ms=103.162 ecn_mark=539 drop=0
[QUEUE_STATS] t_ms=7072 q_pkts=267 q_bytes=401568 qdelay_l_ms=1.06429 qdelay_c_ms=101.087 ecn_mark=540 drop=0
[QUEUE_STATS] t_ms=7088 q_pkts=269 q_bytes=404576 qdelay_l_ms=1.09408 qdelay_c_ms=102.387 ecn_mark=543 drop=0
[QUEUE_STATS] t_ms=7104 q_pkts=267 q_bytes=401568 qdelay_l_ms=1.06556 qdelay_c_ms=101.834 ecn_mark=545 drop=0
[QUEUE_STATS] t_ms=7120 q_pkts=267 q_bytes=401568 qdelay_l_ms=1.06084 qdelay_c_ms=100.109 ecn_mark=547 drop=0
[QUEUE_STATS] t_ms=7136 q_pkts=269 q_bytes=404576 qdelay_l_ms=1.06357 qdelay_c_ms=101.503 ecn_mark=549 drop=0
[QUEUE_STATS] t_ms=7152 q_pkts=271 q_bytes=407584 qdelay_l_ms=1.07754 qdelay_c_ms=98.9711 ecn_mark=551 drop=0
[QUEUE_STATS] t_ms=7168 q_pkts=269 q_bytes=404576 qdelay_l_ms=1.06459 qdelay_c_ms=98.8833 ecn_mark=553 drop=0
[QUEUE_STATS] t_ms=7184 q_pkts=269 q_bytes=404576 qdelay_l_ms=1.06983 qdelay_c_ms=100.05 ecn_mark=556 drop=0
[QUEUE_STATS] t_ms=7200 q_pkts=271 q_bytes=407584 qdelay_l_ms=1.06153 qdelay_c_ms=98.9659 ecn_mark=559 drop=0
[QUEUE_STATS] t_ms=7216 q_pkts=268 q_bytes=403072 qdelay_l_ms=1.06281 qdelay_c_ms=98.9913 ecn_mark=560 drop=0
[QUEUE_STATS] t_ms=7232 q_pkts=271 q_bytes=407584 qdelay_l_ms=0.953051 qdelay_c_ms=98.7293 ecn_mark=560 drop=0
[QUEUE_STATS] t_ms=7248 q_pkts=271 q_bytes=407584 qdelay_l_ms=0.815593 qdelay_c_ms=99.8456 ecn_mark=561 drop=0
[QUEUE_STATS] t_ms=7264 q_pkts=269 q_bytes=404576 qdelay_l_ms=1.06526 qdelay_c_ms=98.9336 ecn_mark=561 drop=0
[QUEUE_STATS] t_ms=7280 q_pkts=270 q_bytes=406080 qdelay_l_ms=1.11252 qdelay_c_ms=97.9547 ecn_mark=563 drop=0
[QUEUE_STATS] t_ms=7296 q_pkts=272 q_bytes=409088 qdelay_l_ms=0.832504 qdelay_c_ms=99.8907 ecn_mark=564 drop=0
[QUEUE_STATS] t_ms=7312 q_pkts=271 q_bytes=407584 qdelay_l_ms=1.0761 qdelay_c_ms=97.9594 ecn_mark=565 drop=0
[QUEUE_STATS] t_ms=7328 q_pkts=273 q_bytes=410592 qdelay_l_ms=1.06601 qdelay_c_ms=97.9932 ecn_mark=568 drop=0
[QUEUE_STATS] t_ms=7344 q_pkts=272 q_bytes=409088 qdelay_l_ms=1.05878 qdelay_c_ms=98.3548 ecn_mark=570 drop=0
[QUEUE_STATS] t_ms=7360 q_pkts=272 q_bytes=409088 qdelay_l_ms=1.08081 qdelay_c_ms=98.1103 ecn_mark=572 drop=0
[QUEUE_STATS] t_ms=7376 q_pkts=264 q_bytes=397056 qdelay_l_ms=0.839118 qdelay_c_ms=97.2852 ecn_mark=574 drop=0
[QUEUE_STATS] t_ms=7392 q_pkts=250 q_bytes=376000 qdelay_l_ms=0.900443 qdelay_c_ms=98.2099 ecn_mark=574 drop=0
[QUEUE_STATS] t_ms=7408 q_pkts=237 q_bytes=356448 qdelay_l_ms=1.10225 qdelay_c_ms=98.1864 ecn_mark=575 drop=0
[QUEUE_STATS] t_ms=7424 q_pkts=226 q_bytes=339904 qdelay_l_ms=1.10105 qdelay_c_ms=98.0776 ecn_mark=575 drop=0
[QUEUE_STATS] t_ms=7440 q_pkts=211 q_bytes=317344 qdelay_l_ms=1.0923 qdelay_c_ms=98.8816 ecn_mark=575 drop=0
[QUEUE_STATS] t_ms=7456 q_pkts=195 q_bytes=293280 qdelay_l_ms=1.07845 qdelay_c_ms=97.1068 ecn_mark=575 drop=0
[QUEUE_STATS] t_ms=7473 q_pkts=183 q_bytes=275232 qdelay_l_ms=1.07973 qdelay_c_ms=93.5778 ecn_mark=577 drop=0
[QUEUE_STATS] t_ms=7488 q_pkts=172 q_bytes=258688 qdelay_l_ms=1.08588 qdelay_c_ms=87.3453 ecn_mark=579 drop=0
[QUEUE_STATS] t_ms=7504 q_pkts=156 q_bytes=234624 qdelay_l_ms=1.06545 qdelay_c_ms=78.5867 ecn_mark=581 drop=0
[QUEUE_STATS] t_ms=7520 q_pkts=155 q_bytes=233120 qdelay_l_ms=0.942561 qdelay_c_ms=72.7869 ecn_mark=582 drop=0
[QUEUE_STATS] t_ms=7536 q_pkts=154 q_bytes=231616 qdelay_l_ms=0 qdelay_c_ms=64.8614 ecn_mark=583 drop=0
[QUEUE_STATS] t_ms=7552 q_pkts=157 q_bytes=236128 qdelay_l_ms=0.99542 qdelay_c_ms=57.774 ecn_mark=583 drop=0
[QUEUE_STATS] t_ms=7568 q_pkts=155 q_bytes=233120 qdelay_l_ms=1.08732 qdelay_c_ms=54.3633 ecn_mark=583 drop=0
[QUEUE_STATS] t_ms=7584 q_pkts=155 q_bytes=233120 qdelay_l_ms=1.06739 qdelay_c_ms=54.3345 ecn_mark=583 drop=0
[QUEUE_STATS] t_ms=7600 q_pkts=156 q_bytes=234624 qdelay_l_ms=1.03924 qdelay_c_ms=55.3878 ecn_mark=584 drop=0
[QUEUE_STATS] t_ms=7616 q_pkts=158 q_bytes=237632 qdelay_l_ms=0.38292 qdelay_c_ms=54.5728 ecn_mark=584 drop=0
[QUEUE_STATS] t_ms=7632 q_pkts=156 q_bytes=234624 qdelay_l_ms=1.04222 qdelay_c_ms=55.3743 ecn_mark=586 drop=0
[QUEUE_STATS] t_ms=7648 q_pkts=156 q_bytes=234624 qdelay_l_ms=1.08312 qdelay_c_ms=55.1138 ecn_mark=586 drop=0
[QUEUE_STATS] t_ms=7664 q_pkts=154 q_bytes=231616 qdelay_l_ms=0 qdelay_c_ms=55.8622 ecn_mark=588 drop=0
[QUEUE_STATS] t_ms=7680 q_pkts=140 q_bytes=210560 qdelay_l_ms=0.692642 qdelay_c_ms=55.8348 ecn_mark=589 drop=0
[QUEUE_STATS] t_ms=7696 q_pkts=127 q_bytes=191008 qdelay_l_ms=0.722338 qdelay_c_ms=54.9811 ecn_mark=590 drop=0
[QUEUE_STATS] t_ms=7712 q_pkts=112 q_bytes=168448 qdelay_l_ms=0 qdelay_c_ms=54.6759 ecn_mark=592 drop=0
[QUEUE_STATS] t_ms=7728 q_pkts=99 q_bytes=148896 qdelay_l_ms=1.06673 qdelay_c_ms=49.393 ecn_mark=593 drop=0
[QUEUE_STATS] t_ms=7744 q_pkts=85 q_bytes=127840 qdelay_l_ms=1.07997 qdelay_c_ms=43.0118 ecn_mark=596 drop=0
[QUEUE_STATS] t_ms=7760 q_pkts=76 q_bytes=114304 qdelay_l_ms=0.595048 qdelay_c_ms=34.5214 ecn_mark=601 drop=0
[QUEUE_STATS] t_ms=7776 q_pkts=75 q_bytes=112800 qdelay_l_ms=1.0302 qdelay_c_ms=29.0092 ecn_mark=601 drop=0
[QUEUE_STATS] t_ms=7792 q_pkts=75 q_bytes=112800 qdelay_l_ms=1.04072 qdelay_c_ms=25.9947 ecn_mark=602 drop=0
[QUEUE_STATS] t_ms=7808 q_pkts=76 q_bytes=114304 qdelay_l_ms=0.988558 qdelay_c_ms=25.1862 ecn_mark=603 drop=0
[QUEUE_STATS] t_ms=7824 q_pkts=75 q_bytes=112800 qdelay_l_ms=0.694896 qdelay_c_ms=27.108 ecn_mark=604 drop=0
[QUEUE_STATS] t_ms=7840 q_pkts=76 q_bytes=114304 qdelay_l_ms=1.09411 qdelay_c_ms=25.8382 ecn_mark=604 drop=0
[QUEUE_STATS] t_ms=7856 q_pkts=76 q_bytes=114304 qdelay_l_ms=1.06595 qdelay_c_ms=24.5712 ecn_mark=604 drop=0
[QUEUE_STATS] t_ms=7872 q_pkts=75 q_bytes=112800 qdelay_l_ms=0.683575 qdelay_c_ms=27.0126 ecn_mark=605 drop=0
[QUEUE_STATS] t_ms=7888 q_pkts=77 q_bytes=115808 qdelay_l_ms=0.739109 qdelay_c_ms=25.7278 ecn_mark=607 drop=0
[QUEUE_STATS] t_ms=7904 q_pkts=78 q_bytes=117312 qdelay_l_ms=1.0615 qdelay_c_ms=25.7717 ecn_mark=607 drop=0
[QUEUE_STATS] t_ms=7920 q_pkts=78 q_bytes=117312 qdelay_l_ms=1.05953 qdelay_c_ms=27.1074 ecn_mark=607 drop=0
[QUEUE_STATS] t_ms=7936 q_pkts=77 q_bytes=115808 qdelay_l_ms=1.07323 qdelay_c_ms=26.3192 ecn_mark=608 drop=0
[QUEUE_STATS] t_ms=7952 q_pkts=78 q_bytes=117312 qdelay_l_ms=0.613784 qdelay_c_ms=26.754 ecn_mark=609 drop=0
[QUEUE_STATS] t_ms=7968 q_pkts=79 q_bytes=118816 qdelay_l_ms=1.0585 qdelay_c_ms=27.1892 ecn_mark=609 drop=0
[QUEUE_STATS] t_ms=7984 q_pkts=78 q_bytes=117312 qdelay_l_ms=1.0426 qdelay_c_ms=26.7899 ecn_mark=611 drop=0
[QUEUE_STATS] t_ms=8000 q_pkts=79 q_bytes=118816 qdelay_l_ms=0.679627 qdelay_c_ms=27.9509 ecn_mark=612 drop=0
[QUEUE_STATS] t_ms=8016 q_pkts=80 q_bytes=120320 qdelay_l_ms=1.11246 qdelay_c_ms=27.9138 ecn_mark=614 drop=0
[QUEUE_STATS] t_ms=8032 q_pkts=80 q_bytes=120320 qdelay_l_ms=1.06888 qdelay_c_ms=26.5843 ecn_mark=615 drop=0
[QUEUE_STATS] t_ms=8048 q_pkts=79 q_bytes=118816 qdelay_l_ms=0.420661 qdelay_c_ms=26.7114 ecn_mark=615 drop=0
[QUEUE_STATS] t_ms=8064 q_pkts=75 q_bytes=112800 qdelay_l_ms=0 qdelay_c_ms=27.6514 ecn_mark=616 drop=0
[QUEUE_STATS] t_ms=8080 q_pkts=80 q_bytes=120320 qdelay_l_ms=1.06561 qdelay_c_ms=26.7974 ecn_mark=619 drop=0
[QUEUE_STATS] t_ms=8096 q_pkts=79 q_bytes=118816 qdelay_l_ms=1.06556 qdelay_c_ms=27.9929 ecn_mark=621 drop=0
[QUEUE_STATS] t_ms=8112 q_pkts=82 q_bytes=123328 qdelay_l_ms=1.06609 qdelay_c_ms=28.9935 ecn_mark=621 drop=0
[QUEUE_STATS] t_ms=8128 q_pkts=80 q_bytes=120320 qdelay_l_ms=1.06777 qdelay_c_ms=26.6972 ecn_mark=621 drop=0
[QUEUE_STATS] t_ms=8144 q_pkts=84 q_bytes=126336 qdelay_l_ms=1.06569 qdelay_c_ms=28.1807 ecn_mark=621 drop=0
[QUEUE_STATS] t_ms=8160 q_pkts=83 q_bytes=124832 qdelay_l_ms=0 qdelay_c_ms=28.7637 ecn_mark=621 drop=0
[QUEUE_STATS] t_ms=8176 q_pkts=81 q_bytes=121824 qdelay_l_ms=1.09562 qdelay_c_ms=27.0376 ecn_mark=622 drop=0
[QUEUE_STATS] t_ms=8192 q_pkts=82 q_bytes=123328 qdelay_l_ms=1.06572 qdelay_c_ms=29.1758 ecn_mark=622 drop=0
[QUEUE_STATS] t_ms=8208 q_pkts=83 q_bytes=124832 qdelay_l_ms=1.06545 qdelay_c_ms=29.0863 ecn_mark=622 drop=0
[QUEUE_STATS] t_ms=8224 q_pkts=82 q_bytes=123328 qdelay_l_ms=1.06574 qdelay_c_ms=27.8889 ecn_mark=623 drop=0
[QUEUE_STATS] t_ms=8240 q_pkts=86 q_bytes=129344 qdelay_l_ms=1.05238 qdelay_c_ms=30.3236 ecn_mark=623 drop=0
[QUEUE_STATS] t_ms=8256 q_pkts=84 q_bytes=126336 qdelay_l_ms=0 qdelay_c_ms=28.7492 ecn_mark=623 drop=0
[QUEUE_STATS] t_ms=8272 q_pkts=83 q_bytes=124832 qdelay_l_ms=1.09606 qdelay_c_ms=28.169 ecn_mark=626 drop=0
[QUEUE_STATS] t_ms=8288 q_pkts=85 q_bytes=127840 qdelay_l_ms=1.06685 qdelay_c_ms=30.1635 ecn_mark=629 drop=0
[QUEUE_STATS] t_ms=8304 q_pkts=85 q_bytes=127840 qdelay_l_ms=1.06533 qdelay_c_ms=29.0878 ecn_mark=631 drop=0
[QUEUE_STATS] t_ms=8320 q_pkts=84 q_bytes=126336 qdelay_l_ms=1.06539 qdelay_c_ms=28.1148 ecn_mark=633 drop=0
[QUEUE_STATS] t_ms=8336 q_pkts=86 q_bytes=129344 qdelay_l_ms=0.72381 qdelay_c_ms=30.7142 ecn_mark=635 drop=0
[QUEUE_STATS] t_ms=8352 q_pkts=87 q_bytes=130848 qdelay_l_ms=1.06688 qdelay_c_ms=28.972 ecn_mark=635 drop=0
[QUEUE_STATS] t_ms=8368 q_pkts=84 q_bytes=126336 qdelay_l_ms=0.735162 qdelay_c_ms=27.9406 ecn_mark=635 drop=0
[QUEUE_STATS] t_ms=8384 q_pkts=86 q_bytes=129344 qdelay_l_ms=0.739119 qdelay_c_ms=29.9708 ecn_mark=636 drop=0
[QUEUE_STATS] t_ms=8400 q_pkts=87 q_bytes=130848 qdelay_l_ms=0.825852 qdelay_c_ms=29.0013 ecn_mark=636 drop=0
[QUEUE_STATS] t_ms=8416 q_pkts=85 q_bytes=127840 qdelay_l_ms=0 qdelay_c_ms=29.0022 ecn_mark=640 drop=0
[QUEUE_STATS] t_ms=8432 q_pkts=88 q_bytes=132352 qdelay_l_ms=1.06463 qdelay_c_ms=30.7399 ecn_mark=640 drop=0
[QUEUE_STATS] t_ms=8448 q_pkts=86 q_bytes=129344 qdelay_l_ms=1.06508 qdelay_c_ms=29.5405 ecn_mark=642 drop=0
[QUEUE_STATS] t_ms=8464 q_pkts=86 q_bytes=129344 qdelay_l_ms=1.06337 qdelay_c_ms=29.246 ecn_mark=645 drop=0
[QUEUE_STATS] t_ms=8480 q_pkts=88 q_bytes=132352 qdelay_l_ms=1.08462 qdelay_c_ms=30.5546 ecn_mark=647 drop=0
[QUEUE_STATS] t_ms=8496 q_pkts=87 q_bytes=130848 qdelay_l_ms=0.814621 qdelay_c_ms=29.8877 ecn_mark=648 drop=0
[QUEUE_STATS] t_ms=8512 q_pkts=87 q_bytes=130848 qdelay_l_ms=1.07027 qdelay_c_ms=30.0318 ecn_mark=650 drop=0
[QUEUE_STATS] t_ms=8528 q_pkts=86 q_bytes=129344 qdelay_l_ms=0 qdelay_c_ms=30.3834 ecn_mark=650 drop=0
[QUEUE_STATS] t_ms=8544 q_pkts=88 q_bytes=132352 qdelay_l_ms=1.06517 qdelay_c_ms=30.4054 ecn_mark=651 drop=0
[QUEUE_STATS] t_ms=8560 q_pkts=88 q_bytes=132352 qdelay_l_ms=0.849146 qdelay_c_ms=29.866 ecn_mark=654 drop=0
[QUEUE_STATS] t_ms=8576 q_pkts=88 q_bytes=132352 qdelay_l_ms=1.0503 qdelay_c_ms=30.9206 ecn_mark=654 drop=0
[QUEUE_STATS] t_ms=8592 q_pkts=89 q_bytes=133856 qdelay_l_ms=1.06542 qdelay_c_ms=29.8916 ecn_mark=655 drop=0
[QUEUE_STATS] t_ms=8608 q_pkts=88 q_bytes=132352 qdelay_l_ms=1.09294 qdelay_c_ms=29.2643 ecn_mark=655 drop=0
[QUEUE_STATS] t_ms=8624 q_pkts=88 q_bytes=132352 qdelay_l_ms=1.06682 qdelay_c_ms=30.8166 ecn_mark=657 drop=0
[QUEUE_STATS] t_ms=8640 q_pkts=88 q_bytes=132352 qdelay_l_ms=0.528513 qdelay_c_ms=29.4644 ecn_mark=660 drop=0
[QUEUE_STATS] t_ms=8656 q_pkts=89 q_bytes=133856 qdelay_l_ms=0.868913 qdelay_c_ms=31.0184 ecn_mark=661 drop=0
[QUEUE_STATS] t_ms=8672 q_pkts=90 q_bytes=135360 qdelay_l_ms=0.815954 qdelay_c_ms=31.1473 ecn_mark=662 drop=0
[QUEUE_STATS] t_ms=8688 q_pkts=91 q_bytes=136864 qdelay_l_ms=0.413287 qdelay_c_ms=29.7987 ecn_mark=665 drop=0
[QUEUE_STATS] t_ms=8704 q_pkts=89 q_bytes=133856 qdelay_l_ms=0 qdelay_c_ms=31.2482 ecn_mark=666 drop=0
[QUEUE_STATS] t_ms=8720 q_pkts=89 q_bytes=133856 qdelay_l_ms=1.06547 qdelay_c_ms=30.9087 ecn_mark=666 drop=0
[QUEUE_STATS] t_ms=8736 q_pkts=91 q_bytes=136864 qdelay_l_ms=1.09962 qdelay_c_ms=29.4976 ecn_mark=667 drop=0
[QUEUE_STATS] t_ms=8752 q_pkts=91 q_bytes=136864 qdelay_l_ms=1.0768 qdelay_c_ms=30.9965 ecn_mark=668 drop=0
[QUEUE_STATS] t_ms=8768 q_pkts=90 q_bytes=135360 qdelay_l_ms=1.09549 qdelay_c_ms=30.9314 ecn_mark=669 drop=0
[QUEUE_STATS] t_ms=8784 q_pkts=90 q_bytes=135360 qdelay_l_ms=1.08043 qdelay_c_ms=30.2235 ecn_mark=670 drop=0
[QUEUE_STATS] t_ms=8800 q_pkts=90 q_bytes=135360 qdelay_l_ms=0.773083 qdelay_c_ms=30.8361 ecn_mark=674 drop=0
[QUEUE_STATS] t_ms=8816 q_pkts=92 q_bytes=138368 qdelay_l_ms=1.06494 qdelay_c_ms=30.5367 ecn_mark=675 drop=0
[QUEUE_STATS] t_ms=8832 q_pkts=89 q_bytes=133856 qdelay_l_ms=0.885364 qdelay_c_ms=30.9112 ecn_mark=675 drop=0
[QUEUE_STATS] t_ms=8848 q_pkts=89 q_bytes=133856 qdelay_l_ms=1.06568 qdelay_c_ms=30.9398 ecn_mark=676 drop=0
[QUEUE_STATS] t_ms=8864 q_pkts=91 q_bytes=136864 qdelay_l_ms=1.07528 qdelay_c_ms=29.9529 ecn_mark=676 drop=0
[QUEUE_STATS] t_ms=8880 q_pkts=91 q_bytes=136864 qdelay_l_ms=1.06751 qdelay_c_ms=30.3031 ecn_mark=678 drop=0
[QUEUE_STATS] t_ms=8896 q_pkts=90 q_bytes=135360 qdelay_l_ms=1.07702 qdelay_c_ms=30.961 ecn_mark=680 drop=0
[QUEUE_STATS] t_ms=8912 q_pkts=93 q_bytes=139872 qdelay_l_ms=1.06514 qdelay_c_ms=29.9881 ecn_mark=681 drop=0
[QUEUE_STATS] t_ms=8929 q_pkts=92 q_bytes=138368 qdelay_l_ms=1.09771 qdelay_c_ms=30.4932 ecn_mark=682 drop=0
[QUEUE_STATS] t_ms=8944 q_pkts=91 q_bytes=136864 qdelay_l_ms=0.781259 qdelay_c_ms=31.1172 ecn_mark=683 drop=0
[QUEUE_STATS] t_ms=8960 q_pkts=93 q_bytes=139872 qdelay_l_ms=1.044 qdelay_c_ms=31.1247 ecn_mark=683 drop=0
[QUEUE_STATS] t_ms=8976 q_pkts=92 q_bytes=138368 qdelay_l_ms=0.414899 qdelay_c_ms=30.5479 ecn_mark=683 drop=0
[QUEUE_STATS] t_ms=8992 q_pkts=92 q_bytes=138368 qdelay_l_ms=0.757914 qdelay_c_ms=29.5866 ecn_mark=683 drop=0
[QUEUE_STATS] t_ms=9008 q_pkts=92 q_bytes=138368 qdelay_l_ms=1.09343 qdelay_c_ms=29.8172 ecn_mark=684 drop=0
[QUEUE_STATS] t_ms=9025 q_pkts=92 q_bytes=138368 qdelay_l_ms=1.07675 qdelay_c_ms=32.6632 ecn_mark=686 drop=0
[QUEUE_STATS] t_ms=9040 q_pkts=93 q_bytes=139872 qdelay_l_ms=1.06534 qdelay_c_ms=30.9774 ecn_mark=688 drop=0
[QUEUE_STATS] t_ms=9056 q_pkts=90 q_bytes=135360 qdelay_l_ms=1.09516 qdelay_c_ms=30.2906 ecn_mark=689 drop=0
[QUEUE_STATS] t_ms=9072 q_pkts=75 q_bytes=112800 qdelay_l_ms=1.07033 qdelay_c_ms=31.1333 ecn_mark=691 drop=0
[QUEUE_STATS] t_ms=9088 q_pkts=60 q_bytes=90240 qdelay_l_ms=0 qdelay_c_ms=28.8457 ecn_mark=692 drop=0
[QUEUE_STATS] t_ms=9104 q_pkts=46 q_bytes=69184 qdelay_l_ms=1.09469 qdelay_c_ms=21.179 ecn_mark=693 drop=0
[QUEUE_STATS] t_ms=9120 q_pkts=31 q_bytes=46624 qdelay_l_ms=1.09436 qdelay_c_ms=14.9123 ecn_mark=695 drop=0
[QUEUE_STATS] t_ms=9136 q_pkts=28 q_bytes=42112 qdelay_l_ms=1.07344 qdelay_c_ms=7.64073 ecn_mark=697 drop=0
[QUEUE_STATS] t_ms=9152 q_pkts=29 q_bytes=43616 qdelay_l_ms=0 qdelay_c_ms=9.8992 ecn_mark=697 drop=0
[QUEUE_STATS] t_ms=9168 q_pkts=27 q_bytes=40608 qdelay_l_ms=1.08923 qdelay_c_ms=9.07462 ecn_mark=699 drop=0
[QUEUE_STATS] t_ms=9184 q_pkts=28 q_bytes=42112 qdelay_l_ms=1.06614 qdelay_c_ms=8.926 ecn_mark=700 drop=0
[QUEUE_STATS] t_ms=9200 q_pkts=27 q_bytes=40608 qdelay_l_ms=1.01353 qdelay_c_ms=10.0927 ecn_mark=703 drop=0
[QUEUE_STATS] t_ms=9216 q_pkts=12 q_bytes=18048 qdelay_l_ms=1.06323 qdelay_c_ms=5.10219 ecn_mark=706 drop=0
[QUEUE_STATS] t_ms=9232 q_pkts=2 q_bytes=3008 qdelay_l_ms=1.06644 qdelay_c_ms=1.07154 ecn_mark=708 drop=0
[QUEUE_STATS] t_ms=9248 q_pkts=5 q_bytes=7520 qdelay_l_ms=0.795505 qdelay_c_ms=0.823768 ecn_mark=709 drop=0
[QUEUE_STATS] t_ms=9264 q_pkts=8 q_bytes=12032 qdelay_l_ms=1.07376 qdelay_c_ms=2.12731 ecn_mark=709 drop=0
[QUEUE_STATS] t_ms=9280 q_pkts=3 q_bytes=4512 qdelay_l_ms=1.06564 qdelay_c_ms=1.08902 ecn_mark=710 drop=0
[QUEUE_STATS] t_ms=9296 q_pkts=9 q_bytes=13536 qdelay_l_ms=1.06194 qdelay_c_ms=2.15337 ecn_mark=710 drop=0
[QUEUE_STATS] t_ms=9312 q_pkts=5 q_bytes=7520 qdelay_l_ms=1.08558 qdelay_c_ms=2.13109 ecn_mark=712 drop=0
[QUEUE_STATS] t_ms=9328 q_pkts=5 q_bytes=7520 qdelay_l_ms=1.1106 qdelay_c_ms=1.10063 ecn_mark=713 drop=0
[QUEUE_STATS] t_ms=9344 q_pkts=7 q_bytes=10528 qdelay_l_ms=0.761581 qdelay_c_ms=0.805264 ecn_mark=715 drop=0
[QUEUE_STATS] t_ms=9360 q_pkts=3 q_bytes=4512 qdelay_l_ms=0.843376 qdelay_c_ms=0.837224 ecn_mark=716 drop=0
[QUEUE_STATS] t_ms=9376 q_pkts=3 q_bytes=4512 qdelay_l_ms=0 qdelay_c_ms=2.09144 ecn_mark=718 drop=0
[QUEUE_STATS] t_ms=9392 q_pkts=7 q_bytes=10528 qdelay_l_ms=0 qdelay_c_ms=1.93111 ecn_mark=720 drop=0
[QUEUE_STATS] t_ms=9408 q_pkts=4 q_bytes=6016 qdelay_l_ms=1.07224 qdelay_c_ms=3.24521 ecn_mark=720 drop=0
[QUEUE_STATS] t_ms=9424 q_pkts=4 q_bytes=6016 qdelay_l_ms=1.09449 qdelay_c_ms=1.08735 ecn_mark=721 drop=0
[QUEUE_STATS] t_ms=9440 q_pkts=7 q_bytes=10528 qdelay_l_ms=0.865446 qdelay_c_ms=1.91046 ecn_mark=721 drop=0
[QUEUE_STATS] t_ms=9456 q_pkts=4 q_bytes=6016 qdelay_l_ms=0.948583 qdelay_c_ms=0.942422 ecn_mark=721 drop=0
[QUEUE_STATS] t_ms=9472 q_pkts=4 q_bytes=6016 qdelay_l_ms=1.09468 qdelay_c_ms=1.0877 ecn_mark=721 drop=0
[QUEUE_STATS] t_ms=9488 q_pkts=3 q_bytes=4512 qdelay_l_ms=0 qdelay_c_ms=1.09685 ecn_mark=722 drop=0
[QUEUE_STATS] t_ms=9504 q_pkts=5 q_bytes=7520 qdelay_l_ms=1.05249 qdelay_c_ms=1.0469 ecn_mark=724 drop=0
[QUEUE_STATS] t_ms=9520 q_pkts=5 q_bytes=7520 qdelay_l_ms=1.06046 qdelay_c_ms=2.18254 ecn_mark=726 drop=0
[QUEUE_STATS] t_ms=9536 q_pkts=5 q_bytes=7520 qdelay_l_ms=0.435319 qdelay_c_ms=1.47686 ecn_mark=726 drop=0
[QUEUE_STATS] t_ms=9552 q_pkts=3 q_bytes=4512 qdelay_l_ms=1.06531 qdelay_c_ms=1.08886 ecn_mark=727 drop=0
[QUEUE_STATS] t_ms=9568 q_pkts=4 q_bytes=6016 qdelay_l_ms=1.08531 qdelay_c_ms=1.07875 ecn_mark=727 drop=0
[QUEUE_STATS] t_ms=9584 q_pkts=3 q_bytes=4512 qdelay_l_ms=0 qdelay_c_ms=0.847363 ecn_mark=728 drop=0
[QUEUE_STATS] t_ms=9600 q_pkts=5 q_bytes=7520 qdelay_l_ms=1.09859 qdelay_c_ms=1.09264 ecn_mark=729 drop=0
[QUEUE_STATS] t_ms=9616 q_pkts=5 q_bytes=7520 qdelay_l_ms=0.863002 qdelay_c_ms=0.8568 ecn_mark=730 drop=0
[QUEUE_STATS] t_ms=9632 q_pkts=5 q_bytes=7520 qdelay_l_ms=1.09984 qdelay_c_ms=1.09302 ecn_mark=730 drop=0
[QUEUE_STATS] t_ms=9648 q_pkts=5 q_bytes=7520 qdelay_l_ms=1.09056 qdelay_c_ms=1.92553 ecn_mark=730 drop=0
[QUEUE_STATS] t_ms=9664 q_pkts=3 q_bytes=4512 qdelay_l_ms=1.07666 qdelay_c_ms=2.12871 ecn_mark=730 drop=0
[QUEUE_STATS] t_ms=9680 q_pkts=7 q_bytes=10528 qdelay_l_ms=0.844898 qdelay_c_ms=1.57344 ecn_mark=731 drop=0
[QUEUE_STATS] t_ms=9696 q_pkts=6 q_bytes=9024 qdelay_l_ms=1.09009 qdelay_c_ms=2.15202 ecn_mark=732 drop=0
[QUEUE_STATS] t_ms=9712 q_pkts=3 q_bytes=4512 qdelay_l_ms=0 qdelay_c_ms=1.07187 ecn_mark=733 drop=0
[QUEUE_STATS] t_ms=9728 q_pkts=8 q_bytes=12032 qdelay_l_ms=1.03566 qdelay_c_ms=2.12113 ecn_mark=734 drop=0
[QUEUE_STATS] t_ms=9744 q_pkts=7 q_bytes=10528 qdelay_l_ms=1.0896 qdelay_c_ms=1.94194 ecn_mark=736 drop=0
[QUEUE_STATS] t_ms=9760 q_pkts=3 q_bytes=4512 qdelay_l_ms=0 qdelay_c_ms=0.85617 ecn_mark=737 drop=0
[QUEUE_STATS] t_ms=9776 q_pkts=6 q_bytes=9024 qdelay_l_ms=0.842013 qdelay_c_ms=1.73678 ecn_mark=739 drop=0
[QUEUE_STATS] t_ms=9792 q_pkts=5 q_bytes=7520 qdelay_l_ms=1.07045 qdelay_c_ms=2.12554 ecn_mark=740 drop=0
[QUEUE_STATS] t_ms=9808 q_pkts=5 q_bytes=7520 qdelay_l_ms=1.06298 qdelay_c_ms=2.15614 ecn_mark=743 drop=0
[QUEUE_STATS] t_ms=9824 q_pkts=6 q_bytes=9024 qdelay_l_ms=1.10134 qdelay_c_ms=1.09434 ecn_mark=744 drop=0
[QUEUE_STATS] t_ms=9840 q_pkts=4 q_bytes=6016 qdelay_l_ms=0.840269 qdelay_c_ms=1.68438 ecn_mark=746 drop=0
[QUEUE_STATS] t_ms=9856 q_pkts=3 q_bytes=4512 qdelay_l_ms=0 qdelay_c_ms=1.08316 ecn_mark=748 drop=0
[QUEUE_STATS] t_ms=9872 q_pkts=7 q_bytes=10528 qdelay_l_ms=1.09402 qdelay_c_ms=1.08756 ecn_mark=749 drop=0
[QUEUE_STATS] t_ms=9888 q_pkts=5 q_bytes=7520 qdelay_l_ms=0.864074 qdelay_c_ms=1.9401 ecn_mark=749 drop=0
[QUEUE_STATS] t_ms=9904 q_pkts=5 q_bytes=7520 qdelay_l_ms=1.09557 qdelay_c_ms=1.08851 ecn_mark=749 drop=0
[QUEUE_STATS] t_ms=9920 q_pkts=5 q_bytes=7520 qdelay_l_ms=1.06662 qdelay_c_ms=1.50523 ecn_mark=749 drop=0
[QUEUE_STATS] t_ms=9936 q_pkts=3 q_bytes=4512 qdelay_l_ms=0 qdelay_c_ms=0.764757 ecn_mark=749 drop=0
[QUEUE_STATS] t_ms=9952 q_pkts=4 q_bytes=6016 qdelay_l_ms=0.926702 qdelay_c_ms=1.96964 ecn_mark=750 drop=0
[QUEUE_STATS] t_ms=9968 q_pkts=4 q_bytes=6016 qdelay_l_ms=0.437532 qdelay_c_ms=0.431841 ecn_mark=751 drop=0
[QUEUE_STATS] t_ms=9984 q_pkts=4 q_bytes=6016 qdelay_l_ms=1.05761 qdelay_c_ms=2.13468 ecn_mark=753 drop=0
[QUEUE_STATS] t_ms=10000 q_pkts=4 q_bytes=6016 qdelay_l_ms=1.06587 qdelay_c_ms=1.09204 ecn_mark=753 drop=0
[QUEUE_STATS] t_ms=10016 q_pkts=5 q_bytes=7520 qdelay_l_ms=1.06558 qdelay_c_ms=2.14336 ecn_mark=755 drop=0
[QUEUE_STATS] t_ms=10032 q_pkts=3 q_bytes=4512 qdelay_l_ms=1.07319 qdelay_c_ms=1.09346 ecn_mark=757 drop=0
[QUEUE_STATS] t_ms=10048 q_pkts=5 q_bytes=7520 qdelay_l_ms=1.03412 qdelay_c_ms=1.02891 ecn_mark=759 drop=0
[QUEUE_STATS] t_ms=10064 q_pkts=7 q_bytes=10528 qdelay_l_ms=1.07376 qdelay_c_ms=1.06679 ecn_mark=760 drop=0
[QUEUE_STATS] t_ms=10080 q_pkts=4 q_bytes=6016 qdelay_l_ms=1.06567 qdelay_c_ms=2.16606 ecn_mark=762 drop=0
[QUEUE_STATS] t_ms=10096 q_pkts=4 q_bytes=6016 qdelay_l_ms=1.02722 qdelay_c_ms=1.04268 ecn_mark=763 drop=0
[QUEUE_STATS] t_ms=10112 q_pkts=4 q_bytes=6016 qdelay_l_ms=0 qdelay_c_ms=2.11616 ecn_mark=763 drop=0
[QUEUE_STATS] t_ms=10128 q_pkts=3 q_bytes=4512 qdelay_l_ms=0 qdelay_c_ms=2.17284 ecn_mark=764 drop=0
[QUEUE_STATS] t_ms=10144 q_pkts=3 q_bytes=4512 qdelay_l_ms=1.06186 qdelay_c_ms=1.08312 ecn_mark=766 drop=0
[QUEUE_STATS] t_ms=10160 q_pkts=5 q_bytes=7520 qdelay_l_ms=0.862932 qdelay_c_ms=1.71158 ecn_mark=766 drop=0
[QUEUE_STATS] t_ms=10176 q_pkts=3 q_bytes=4512 qdelay_l_ms=1.01774 qdelay_c_ms=2.07299 ecn_mark=767 drop=0
[QUEUE_STATS] t_ms=10193 q_pkts=4 q_bytes=6016 qdelay_l_ms=1.09841 qdelay_c_ms=1.09139 ecn_mark=768 drop=0
[QUEUE_STATS] t_ms=10208 q_pkts=4 q_bytes=6016 qdelay_l_ms=0 qdelay_c_ms=0.998276 ecn_mark=769 drop=0
[QUEUE_STATS] t_ms=10224 q_pkts=3 q_bytes=4512 qdelay_l_ms=1.0837 qdelay_c_ms=1.0775 ecn_mark=769 drop=0
[QUEUE_STATS] t_ms=10240 q_pkts=4 q_bytes=6016 qdelay_l_ms=1.06585 qdelay_c_ms=2.14389 ecn_mark=770 drop=0
[QUEUE_STATS] t_ms=10256 q_pkts=2 q_bytes=3008 qdelay_l_ms=1.08125 qdelay_c_ms=1.07212 ecn_mark=771 drop=0
[QUEUE_STATS] t_ms=10272 q_pkts=3 q_bytes=4512 qdelay_l_ms=0.876688 qdelay_c_ms=1.73321 ecn_mark=771 drop=0
[QUEUE_STATS] t_ms=10288 q_pkts=2 q_bytes=3008 qdelay_l_ms=1.06243 qdelay_c_ms=1.06776 ecn_mark=772 drop=0
[QUEUE_STATS] t_ms=10304 q_pkts=2 q_bytes=3008 qdelay_l_ms=0.839919 qdelay_c_ms=0.849477 ecn_mark=772 drop=0
[QUEUE_STATS] t_ms=10320 q_pkts=1 q_bytes=1504 qdelay_l_ms=0 qdelay_c_ms=2.11118 ecn_mark=773 drop=0
[QUEUE_STATS] t_ms=10336 q_pkts=5 q_bytes=7520 qdelay_l_ms=1.08202 qdelay_c_ms=2.15586 ecn_mark=777 drop=0
[QUEUE_STATS] t_ms=10352 q_pkts=5 q_bytes=7520 qdelay_l_ms=1.08968 qdelay_c_ms=1.08386 ecn_mark=778 drop=0
[QUEUE_STATS] t_ms=10368 q_pkts=6 q_bytes=9024 qdelay_l_ms=1.10175 qdelay_c_ms=1.09512 ecn_mark=780 drop=0
[QUEUE_STATS] t_ms=10384 q_pkts=5 q_bytes=7520 qdelay_l_ms=1.07739 qdelay_c_ms=2.1346 ecn_mark=783 drop=0
[QUEUE_STATS] t_ms=10400 q_pkts=4 q_bytes=6016 qdelay_l_ms=0 qdelay_c_ms=1.09086 ecn_mark=786 drop=0
[QUEUE_STATS] t_ms=10416 q_pkts=1 q_bytes=1504 qdelay_l_ms=0.860828 qdelay_c_ms=0 ecn_mark=788 drop=0
[QUEUE_STATS] t_ms=10432 q_pkts=2 q_bytes=3008 qdelay_l_ms=0.930979 qdelay_c_ms=0 ecn_mark=788 drop=0
[QUEUE_STATS] t_ms=10448 q_pkts=3 q_bytes=4512 qdelay_l_ms=1.08311 qdelay_c_ms=1.0769 ecn_mark=788 drop=0
[QUEUE_STATS] t_ms=10464 q_pkts=6 q_bytes=9024 qdelay_l_ms=1.06309 qdelay_c_ms=2.15467 ecn_mark=789 drop=0
[QUEUE_STATS] t_ms=10480 q_pkts=3 q_bytes=4512 qdelay_l_ms=1.08369 qdelay_c_ms=2.1301 ecn_mark=790 drop=0
[QUEUE_STATS] t_ms=10496 q_pkts=0 q_bytes=0 qdelay_l_ms=0 qdelay_c_ms=0 ecn_mark=790 drop=0
[QUEUE_STATS] t_ms=10512 q_pkts=1 q_bytes=1504 qdelay_l_ms=1.06109 qdelay_c_ms=0 ecn_mark=791 drop=0
[QUEUE_STATS] t_ms=10528 q_pkts=3 q_bytes=4512 qdelay_l_ms=1.08038 qdelay_c_ms=1.07482 ecn_mark=792 drop=0
[QUEUE_STATS] t_ms=10544 q_pkts=3 q_bytes=4512 qdelay_l_ms=0.898449 qdelay_c_ms=0.892848 ecn_mark=794 drop=0
[QUEUE_STATS] t_ms=10560 q_pkts=2 q_bytes=3008 qdelay_l_ms=0 qdelay_c_ms=1.06743 ecn_mark=794 drop=0
[QUEUE_STATS] t_ms=10576 q_pkts=1 q_bytes=1504 qdelay_l_ms=0.640894 qdelay_c_ms=0 ecn_mark=794 drop=0
[QUEUE_STATS] t_ms=10592 q_pkts=3 q_bytes=4512 qdelay_l_ms=0 qdelay_c_ms=2.12735 ecn_mark=794 drop=0
[QUEUE_STATS] t_ms=10608 q_pkts=3 q_bytes=4512 qdelay_l_ms=0.86202 qdelay_c_ms=0.855237 ecn_mark=794 drop=0
[QUEUE_STATS] t_ms=10624 q_pkts=4 q_bytes=6016 qdelay_l_ms=1.07716 qdelay_c_ms=2.13237 ecn_mark=796 drop=0
[QUEUE_STATS] t_ms=10640 q_pkts=5 q_bytes=7520 qdelay_l_ms=1.08754 qdelay_c_ms=1.08108 ecn_mark=798 drop=0
[QUEUE_STATS] t_ms=10656 q_pkts=3 q_bytes=4512 qdelay_l_ms=1.069 qdelay_c_ms=1.06359 ecn_mark=800 drop=0
[QUEUE_STATS] t_ms=10672 q_pkts=2 q_bytes=3008 qdelay_l_ms=1.08504 qdelay_c_ms=1.09167 ecn_mark=802 drop=0
[QUEUE_STATS] t_ms=10688 q_pkts=4 q_bytes=6016 qdelay_l_ms=0 qdelay_c_ms=1.06976 ecn_mark=802 drop=0
[QUEUE_STATS] t_ms=10704 q_pkts=2 q_bytes=3008 qdelay_l_ms=0 qdelay_c_ms=0.917945 ecn_mark=805 drop=0
[QUEUE_STATS] t_ms=10720 q_pkts=6 q_bytes=9024 qdelay_l_ms=1.08504 qdelay_c_ms=1.07867 ecn_mark=807 drop=0
[QUEUE_STATS] t_ms=10736 q_pkts=6 q_bytes=9024 qdelay_l_ms=0.681701 qdelay_c_ms=1.13129 ecn_mark=807 drop=0
[QUEUE_STATS] t_ms=10752 q_pkts=4 q_bytes=6016 qdelay_l_ms=0.879383 qdelay_c_ms=1.72278 ecn_mark=808 drop=0
[QUEUE_STATS] t_ms=10768 q_pkts=1 q_bytes=1504 qdelay_l_ms=1.06143 qdelay_c_ms=0 ecn_mark=809 drop=0
[QUEUE_STATS] t_ms=10784 q_pkts=3 q_bytes=4512 qdelay_l_ms=1.01782 qdelay_c_ms=1.03053 ecn_mark=810 drop=0
[QUEUE_STATS] t_ms=10800 q_pkts=2 q_bytes=3008 qdelay_l_ms=0.928225 qdelay_c_ms=0.933755 ecn_mark=810 drop=0
[QUEUE_STATS] t_ms=10816 q_pkts=5 q_bytes=7520 qdelay_l_ms=0.876347 qdelay_c_ms=0.870065 ecn_mark=811 drop=0
[QUEUE_STATS] t_ms=10832 q_pkts=6 q_bytes=9024 qdelay_l_ms=0.87245 qdelay_c_ms=1.75658 ecn_mark=811 drop=0
[QUEUE_STATS] t_ms=10848 q_pkts=1 q_bytes=1504 qdelay_l_ms=0 qdelay_c_ms=1.78183 ecn_mark=812 drop=0
[QUEUE_STATS] t_ms=10864 q_pkts=5 q_bytes=7520 qdelay_l_ms=1.06227 qdelay_c_ms=2.19101 ecn_mark=812 drop=0
[QUEUE_STATS] t_ms=10880 q_pkts=6 q_bytes=9024 qdelay_l_ms=1.09128 qdelay_c_ms=1.08566 ecn_mark=813 drop=0
[QUEUE_STATS] t_ms=10896 q_pkts=4 q_bytes=6016 qdelay_l_ms=1.06103 qdelay_c_ms=2.14579 ecn_mark=814 drop=0
[QUEUE_STATS] t_ms=10912 q_pkts=1 q_bytes=1504 qdelay_l_ms=0.470515 qdelay_c_ms=0 ecn_mark=815 drop=0
[QUEUE_STATS] t_ms=10928 q_pkts=3 q_bytes=4512 qdelay_l_ms=1.0737 qdelay_c_ms=1.06821 ecn_mark=818 drop=0
[QUEUE_STATS] t_ms=10944 q_pkts=5 q_bytes=7520 qdelay_l_ms=1.09149 qdelay_c_ms=1.08491 ecn_mark=820 drop=0
[QUEUE_STATS] t_ms=10960 q_pkts=3 q_bytes=4512 qdelay_l_ms=1.08221 qdelay_c_ms=1.07624 ecn_mark=821 drop=0
[QUEUE_STATS] t_ms=10976 q_pkts=3 q_bytes=4512 qdelay_l_ms=1.08358 qdelay_c_ms=1.07749 ecn_mark=821 drop=0
[QUEUE_STATS] t_ms=10992 q_pkts=2 q_bytes=3008 qdelay_l_ms=0.875766 qdelay_c_ms=0.882369 ecn_mark=823 drop=0
[QUEUE_STATS] t_ms=11008 q_pkts=3 q_bytes=4512 qdelay_l_ms=1.09123 qdelay_c_ms=1.08268 ecn_mark=824 drop=0
[QUEUE_STATS] t_ms=11024 q_pkts=3 q_bytes=4512 qdelay_l_ms=1.07099 qdelay_c_ms=1.06614 ecn_mark=825 drop=0
[QUEUE_STATS] t_ms=11040 q_pkts=1 q_bytes=1504 qdelay_l_ms=1.07472 qdelay_c_ms=0 ecn_mark=825 drop=0
[QUEUE_STATS] t_ms=11056 q_pkts=3 q_bytes=4512 qdelay_l_ms=0.858654 qdelay_c_ms=0.880274 ecn_mark=827 drop=0
[QUEUE_STATS] t_ms=11072 q_pkts=2 q_bytes=3008 qdelay_l_ms=1.06041 qdelay_c_ms=1.06627 ecn_mark=828 drop=0
[QUEUE_STATS] t_ms=11088 q_pkts=1 q_bytes=1504 qdelay_l_ms=0 qdelay_c_ms=1.06562 ecn_mark=828 drop=0
[QUEUE_STATS] t_ms=11104 q_pkts=4 q_bytes=6016 qdelay_l_ms=0.899221 qdelay_c_ms=0.894241 ecn_mark=830 drop=0
[QUEUE_STATS] t_ms=11120 q_pkts=6 q_bytes=9024 qdelay_l_ms=0.494299 qdelay_c_ms=0.488639 ecn_mark=831 drop=0
[QUEUE_STATS] t_ms=11136 q_pkts=2 q_bytes=3008 qdelay_l_ms=1.06037 qdelay_c_ms=1.06511 ecn_mark=832 drop=0
[QUEUE_STATS] t_ms=11152 q_pkts=2 q_bytes=3008 qdelay_l_ms=1.07623 qdelay_c_ms=1.06998 ecn_mark=833 drop=0
[QUEUE_STATS] t_ms=11168 q_pkts=3 q_bytes=4512 qdelay_l_ms=1.06495 qdelay_c_ms=1.08199 ecn_mark=836 drop=0
[QUEUE_STATS] t_ms=11184 q_pkts=3 q_bytes=4512 qdelay_l_ms=0.919438 qdelay_c_ms=0.913577 ecn_mark=840 drop=0
[QUEUE_STATS] t_ms=11200 q_pkts=3 q_bytes=4512 qdelay_l_ms=1.06639 qdelay_c_ms=1.08103 ecn_mark=842 drop=0
[QUEUE_STATS] t_ms=11216 q_pkts=6 q_bytes=9024 qdelay_l_ms=1.1135 qdelay_c_ms=1.10227 ecn_mark=845 drop=0
[QUEUE_STATS] t_ms=11232 q_pkts=3 q_bytes=4512 qdelay_l_ms=1.08909 qdelay_c_ms=1.08232 ecn_mark=845 drop=0
[QUEUE_STATS] t_ms=11248 q_pkts=3 q_bytes=4512 qdelay_l_ms=0.930869 qdelay_c_ms=0.923646 ecn_mark=849 drop=0
[QUEUE_STATS] t_ms=11264 q_pkts=1 q_bytes=1504 qdelay_l_ms=1.06057 qdelay_c_ms=0 ecn_mark=851 drop=0
[QUEUE_STATS] t_ms=11280 q_pkts=3 q_bytes=4512 qdelay_l_ms=1.09016 qdelay_c_ms=1.08345 ecn_mark=851 drop=0
[QUEUE_STATS] t_ms=11296 q_pkts=3 q_bytes=4512 qdelay_l_ms=0.935879 qdelay_c_ms=0.930359 ecn_mark=852 drop=0
[QUEUE_STATS] t_ms=11312 q_pkts=2 q_bytes=3008 qdelay_l_ms=0 qdelay_c_ms=0.043081 ecn_mark=853 drop=0
[QUEUE_STATS] t_ms=11328 q_pkts=0 q_bytes=0 qdelay_l_ms=0 qdelay_c_ms=0 ecn_mark=853 drop=0
[QUEUE_STATS] t_ms=11345 q_pkts=2 q_bytes=3008 qdelay_l_ms=1.08721 qdelay_c_ms=1.08048 ecn_mark=853 drop=0
[QUEUE_STATS] t_ms=11360 q_pkts=4 q_bytes=6016 qdelay_l_ms=1.07133 qdelay_c_ms=1.09467 ecn_mark=853 drop=0
[QUEUE_STATS] t_ms=11376 q_pkts=1 q_bytes=1504 qdelay_l_ms=1.07376 qdelay_c_ms=0 ecn_mark=855 drop=0
[QUEUE_STATS] t_ms=11392 q_pkts=3 q_bytes=4512 qdelay_l_ms=1.06045 qdelay_c_ms=1.05523 ecn_mark=856 drop=0
[QUEUE_STATS] t_ms=11408 q_pkts=2 q_bytes=3008 qdelay_l_ms=0 qdelay_c_ms=0.943253 ecn_mark=856 drop=0
[QUEUE_STATS] t_ms=11424 q_pkts=3 q_bytes=4512 qdelay_l_ms=0.923015 qdelay_c_ms=0.915731 ecn_mark=856 drop=0
[QUEUE_STATS] t_ms=11440 q_pkts=1 q_bytes=1504 qdelay_l_ms=0.912625 qdelay_c_ms=0 ecn_mark=858 drop=0
[QUEUE_STATS] t_ms=11456 q_pkts=3 q_bytes=4512 qdelay_l_ms=1.07699 qdelay_c_ms=1.07164 ecn_mark=858 drop=0
[QUEUE_STATS] t_ms=11472 q_pkts=5 q_bytes=7520 qdelay_l_ms=1.10005 qdelay_c_ms=1.09366 ecn_mark=859 drop=0
[QUEUE_STATS] t_ms=11488 q_pkts=6 q_bytes=9024 qdelay_l_ms=1.10059 qdelay_c_ms=1.71376 ecn_mark=860 drop=0
[QUEUE_STATS] t_ms=11504 q_pkts=0 q_bytes=0 qdelay_l_ms=0 qdelay_c_ms=0 ecn_mark=862 drop=0
[QUEUE_STATS] t_ms=11520 q_pkts=2 q_bytes=3008 qdelay_l_ms=0 qdelay_c_ms=0.943854 ecn_mark=863 drop=0
[QUEUE_STATS] t_ms=11536 q_pkts=2 q_bytes=3008 qdelay_l_ms=1.06778 qdelay_c_ms=1.0623 ecn_mark=864 drop=0
[QUEUE_STATS] t_ms=11552 q_pkts=3 q_bytes=4512 qdelay_l_ms=1.07917 qdelay_c_ms=1.07414 ecn_mark=866 drop=0
[QUEUE_STATS] t_ms=11568 q_pkts=3 q_bytes=4512 qdelay_l_ms=1.09762 qdelay_c_ms=1.08787 ecn_mark=866 drop=0
[QUEUE_STATS] t_ms=11584 q_pkts=3 q_bytes=4512 qdelay_l_ms=1.06513 qdelay_c_ms=1.08906 ecn_mark=869 drop=0
[QUEUE_STATS] t_ms=11600 q_pkts=4 q_bytes=6016 qdelay_l_ms=1.08405 qdelay_c_ms=2.13746 ecn_mark=872 drop=0
[QUEUE_STATS] t_ms=11616 q_pkts=0 q_bytes=0 qdelay_l_ms=0 qdelay_c_ms=0 ecn_mark=872 drop=0
[QUEUE_STATS] t_ms=11632 q_pkts=5 q_bytes=7520 qdelay_l_ms=0.976054 qdelay_c_ms=1.89815 ecn_mark=874 drop=0
[QUEUE_STATS] t_ms=11648 q_pkts=3 q_bytes=4512 qdelay_l_ms=1.02493 qdelay_c_ms=1.05954 ecn_mark=874 drop=0
[QUEUE_STATS] t_ms=11664 q_pkts=1 q_bytes=1504 qdelay_l_ms=1.07544 qdelay_c_ms=0 ecn_mark=876 drop=0
[QUEUE_STATS] t_ms=11680 q_pkts=5 q_bytes=7520 qdelay_l_ms=1.06023 qdelay_c_ms=1.07149 ecn_mark=876 drop=0
[QUEUE_STATS] t_ms=11696 q_pkts=0 q_bytes=0 qdelay_l_ms=0 qdelay_c_ms=0 ecn_mark=877 drop=0
[QUEUE_STATS] t_ms=11712 q_pkts=4 q_bytes=6016 qdelay_l_ms=1.06889 qdelay_c_ms=2.10846 ecn_mark=878 drop=0
[QUEUE_STATS] t_ms=11728 q_pkts=0 q_bytes=0 qdelay_l_ms=0 qdelay_c_ms=0 ecn_mark=878 drop=0
[QUEUE_STATS] t_ms=11744 q_pkts=7 q_bytes=10528 qdelay_l_ms=0.969172 qdelay_c_ms=0.96308 ecn_mark=878 drop=0
[QUEUE_STATS] t_ms=11761 q_pkts=5 q_bytes=7520 qdelay_l_ms=1.07474 qdelay_c_ms=1.06921 ecn_mark=879 drop=0
[QUEUE_STATS] t_ms=11776 q_pkts=1 q_bytes=1504 qdelay_l_ms=1.06858 qdelay_c_ms=0 ecn_mark=880 drop=0
[QUEUE_STATS] t_ms=11792 q_pkts=4 q_bytes=6016 qdelay_l_ms=1.0851 qdelay_c_ms=1.07902 ecn_mark=880 drop=0
[QUEUE_STATS] t_ms=11808 q_pkts=5 q_bytes=7520 qdelay_l_ms=0.964873 qdelay_c_ms=0.95799 ecn_mark=880 drop=0
[QUEUE_STATS] t_ms=11824 q_pkts=3 q_bytes=4512 qdelay_l_ms=1.08125 qdelay_c_ms=1.07435 ecn_mark=881 drop=0
[QUEUE_STATS] t_ms=11840 q_pkts=2 q_bytes=3008 qdelay_l_ms=0 qdelay_c_ms=1.08292 ecn_mark=881 drop=0
[QUEUE_STATS] t_ms=11856 q_pkts=5 q_bytes=7520 qdelay_l_ms=0.95219 qdelay_c_ms=0.986564 ecn_mark=882 drop=0
[QUEUE_STATS] t_ms=11872 q_pkts=3 q_bytes=4512 qdelay_l_ms=1.09276 qdelay_c_ms=1.08662 ecn_mark=882 drop=0
[QUEUE_STATS] t_ms=11888 q_pkts=1 q_bytes=1504 qdelay_l_ms=1.07699 qdelay_c_ms=0 ecn_mark=885 drop=0
[QUEUE_STATS] t_ms=11904 q_pkts=2 q_bytes=3008 qdelay_l_ms=0.95738 qdelay_c_ms=0.951188 ecn_mark=886 drop=0
[QUEUE_STATS] t_ms=11920 q_pkts=4 q_bytes=6016 qdelay_l_ms=1.08463 qdelay_c_ms=1.07619 ecn_mark=886 drop=0
[QUEUE_STATS] t_ms=11936 q_pkts=1 q_bytes=1504 qdelay_l_ms=0.963401 qdelay_c_ms=0 ecn_mark=887 drop=0
[QUEUE_STATS] t_ms=11952 q_pkts=4 q_bytes=6016 qdelay_l_ms=1.05981 qdelay_c_ms=1.05399 ecn_mark=888 drop=0
[QUEUE_STATS] t_ms=11968 q_pkts=3 q_bytes=4512 qdelay_l_ms=1.0877 qdelay_c_ms=1.08056 ecn_mark=890 drop=0
[QUEUE_STATS] t_ms=11984 q_pkts=5 q_bytes=7520 qdelay_l_ms=1.0907 qdelay_c_ms=1.08449 ecn_mark=891 drop=0
[QUEUE_STATS] t_ms=12000 q_pkts=3 q_bytes=4512 qdelay_l_ms=0 qdelay_c_ms=2.54278 ecn_mark=891 drop=0
[QUEUE_STATS] t_ms=12017 q_pkts=0 q_bytes=0 qdelay_l_ms=0 qdelay_c_ms=0 ecn_mark=891 drop=0
[QUEUE_STATS] t_ms=12032 q_pkts=1 q_bytes=1504 qdelay_l_ms=0.993057 qdelay_c_ms=0 ecn_mark=892 drop=0
[QUEUE_STATS] t_ms=12048 q_pkts=1 q_bytes=1504 qdelay_l_ms=1.03455 qdelay_c_ms=0 ecn_mark=893 drop=0
[QUEUE_STATS] t_ms=12064 q_pkts=5 q_bytes=7520 qdelay_l_ms=0.958772 qdelay_c_ms=0.991424 ecn_mark=893 drop=0
[QUEUE_STATS] t_ms=12080 q_pkts=5 q_bytes=7520 qdelay_l_ms=1.07332 qdelay_c_ms=1.06669 ecn_mark=893 drop=0
[QUEUE_STATS] t_ms=12096 q_pkts=5 q_bytes=7520 qdelay_l_ms=1.08415 qdelay_c_ms=1.07873 ecn_mark=894 drop=0
[QUEUE_STATS] t_ms=12112 q_pkts=3 q_bytes=4512 qdelay_l_ms=0.952992 qdelay_c_ms=0.945517 ecn_mark=894 drop=0
[QUEUE_STATS] t_ms=12128 q_pkts=9 q_bytes=13536 qdelay_l_ms=1.10039 qdelay_c_ms=2.19282 ecn_mark=894 drop=0
[QUEUE_STATS] t_ms=12144 q_pkts=3 q_bytes=4512 qdelay_l_ms=1.0674 qdelay_c_ms=1.0831 ecn_mark=895 drop=0
[QUEUE_STATS] t_ms=12160 q_pkts=1 q_bytes=1504 qdelay_l_ms=1.07695 qdelay_c_ms=0 ecn_mark=896 drop=0
[QUEUE_STATS] t_ms=12176 q_pkts=5 q_bytes=7520 qdelay_l_ms=0.964202 qdelay_c_ms=0.956798 ecn_mark=896 drop=0
[QUEUE_STATS] t_ms=12192 q_pkts=5 q_bytes=7520 qdelay_l_ms=1.07814 qdelay_c_ms=2.18754 ecn_mark=896 drop=0
[QUEUE_STATS] t_ms=12208 q_pkts=4 q_bytes=6016 qdelay_l_ms=1.06269 qdelay_c_ms=1.05621 ecn_mark=897 drop=0
[QUEUE_STATS] t_ms=12224 q_pkts=1 q_bytes=1504 qdelay_l_ms=0 qdelay_c_ms=1.71429 ecn_mark=897 drop=0
[QUEUE_STATS] t_ms=12240 q_pkts=4 q_bytes=6016 qdelay_l_ms=1.07747 qdelay_c_ms=1.06713 ecn_mark=897 drop=0
[QUEUE_STATS] t_ms=12256 q_pkts=5 q_bytes=7520 qdelay_l_ms=0.933093 qdelay_c_ms=0.963691 ecn_mark=898 drop=0
[QUEUE_STATS] t_ms=12272 q_pkts=3 q_bytes=4512 qdelay_l_ms=1.0778 qdelay_c_ms=1.07133 ecn_mark=898 drop=0
[QUEUE_STATS] t_ms=12288 q_pkts=1 q_bytes=1504 qdelay_l_ms=1.07138 qdelay_c_ms=0 ecn_mark=898 drop=0
[QUEUE_STATS] t_ms=12304 q_pkts=3 q_bytes=4512 qdelay_l_ms=1.07147 qdelay_c_ms=1.06648 ecn_mark=898 drop=0
[QUEUE_STATS] t_ms=12320 q_pkts=6 q_bytes=9024 qdelay_l_ms=0.956247 qdelay_c_ms=0.949234 ecn_mark=899 drop=0
[QUEUE_STATS] t_ms=12336 q_pkts=1 q_bytes=1504 qdelay_l_ms=1.08285 qdelay_c_ms=0 ecn_mark=900 drop=0
[QUEUE_STATS] t_ms=12352 q_pkts=1 q_bytes=1504 qdelay_l_ms=0.952921 qdelay_c_ms=0 ecn_mark=902 drop=0
[QUEUE_STATS] t_ms=12368 q_pkts=3 q_bytes=4512 qdelay_l_ms=0.918096 qdelay_c_ms=0.94137 ecn_mark=902 drop=0
[QUEUE_STATS] t_ms=12384 q_pkts=6 q_bytes=9024 qdelay_l_ms=0.886606 qdelay_c_ms=1.42928 ecn_mark=903 drop=0
[QUEUE_STATS] t_ms=12400 q_pkts=0 q_bytes=0 qdelay_l_ms=0 qdelay_c_ms=0 ecn_mark=903 drop=0
[QUEUE_STATS] t_ms=12416 q_pkts=1 q_bytes=1504 qdelay_l_ms=0.944846 qdelay_c_ms=0 ecn_mark=905 drop=0
[QUEUE_STATS] t_ms=12432 q_pkts=6 q_bytes=9024 qdelay_l_ms=0.912314 qdelay_c_ms=3.06721 ecn_mark=906 drop=0
[QUEUE_STATS] t_ms=12448 q_pkts=0 q_bytes=0 qdelay_l_ms=0 qdelay_c_ms=0 ecn_mark=906 drop=0
[QUEUE_STATS] t_ms=12464 q_pkts=5 q_bytes=7520 qdelay_l_ms=1.05783 qdelay_c_ms=1.05097 ecn_mark=907 drop=0
[QUEUE_STATS] t_ms=12480 q_pkts=3 q_bytes=4512 qdelay_l_ms=0.919758 qdelay_c_ms=0.939195 ecn_mark=908 drop=0
[QUEUE_STATS] t_ms=12496 q_pkts=3 q_bytes=4512 qdelay_l_ms=1.07884 qdelay_c_ms=2.13583 ecn_mark=909 drop=0
[QUEUE_STATS] t_ms=12512 q_pkts=4 q_bytes=6016 qdelay_l_ms=0.028764 qdelay_c_ms=0.023254 ecn_mark=910 drop=0
[QUEUE_STATS] t_ms=12528 q_pkts=4 q_bytes=6016 qdelay_l_ms=0.923836 qdelay_c_ms=1.8614 ecn_mark=911 drop=0
[QUEUE_STATS] t_ms=12544 q_pkts=2 q_bytes=3008 qdelay_l_ms=0.907666 qdelay_c_ms=0.917274 ecn_mark=911 drop=0
[QUEUE_STATS] t_ms=12560 q_pkts=5 q_bytes=7520 qdelay_l_ms=0.471356 qdelay_c_ms=0.506161 ecn_mark=912 drop=0
[QUEUE_STATS] t_ms=12576 q_pkts=3 q_bytes=4512 qdelay_l_ms=1.0859 qdelay_c_ms=1.07759 ecn_mark=914 drop=0
[QUEUE_STATS] t_ms=12592 q_pkts=0 q_bytes=0 qdelay_l_ms=0 qdelay_c_ms=0 ecn_mark=914 drop=0
[QUEUE_STATS] t_ms=12608 q_pkts=1 q_bytes=1504 qdelay_l_ms=1.06983 qdelay_c_ms=0 ecn_mark=916 drop=0
[QUEUE_STATS] t_ms=12624 q_pkts=4 q_bytes=6016 qdelay_l_ms=1.08667 qdelay_c_ms=1.07156 ecn_mark=916 drop=0
[QUEUE_STATS] t_ms=12640 q_pkts=2 q_bytes=3008 qdelay_l_ms=0.922073 qdelay_c_ms=1.82532 ecn_mark=916 drop=0
[QUEUE_STATS] t_ms=12656 q_pkts=0 q_bytes=0 qdelay_l_ms=0 qdelay_c_ms=0 ecn_mark=919 drop=0
[QUEUE_STATS] t_ms=12673 q_pkts=1 q_bytes=1504 qdelay_l_ms=1.08085 qdelay_c_ms=0 ecn_mark=921 drop=0
[QUEUE_STATS] t_ms=12688 q_pkts=2 q_bytes=3008 qdelay_l_ms=0.921101 qdelay_c_ms=0.914399 ecn_mark=923 drop=0
[QUEUE_STATS] t_ms=12704 q_pkts=2 q_bytes=3008 qdelay_l_ms=1.08063 qdelay_c_ms=1.07453 ecn_mark=924 drop=0
[QUEUE_STATS] t_ms=12720 q_pkts=2 q_bytes=3008 qdelay_l_ms=1.08805 qdelay_c_ms=1.08186 ecn_mark=924 drop=0
[QUEUE_STATS] t_ms=12736 q_pkts=2 q_bytes=3008 qdelay_l_ms=1.07459 qdelay_c_ms=1.06675 ecn_mark=926 drop=0
[QUEUE_STATS] t_ms=12752 q_pkts=2 q_bytes=3008 qdelay_l_ms=0.917916 qdelay_c_ms=0 ecn_mark=927 drop=0
[QUEUE_STATS] t_ms=12768 q_pkts=6 q_bytes=9024 qdelay_l_ms=1.02365 qdelay_c_ms=2.14229 ecn_mark=928 drop=0
[QUEUE_STATS] t_ms=12784 q_pkts=0 q_bytes=0 qdelay_l_ms=0 qdelay_c_ms=0 ecn_mark=928 drop=0
[QUEUE_STATS] t_ms=12800 q_pkts=2 q_bytes=3008 qdelay_l_ms=0.922885 qdelay_c_ms=0 ecn_mark=929 drop=0
[QUEUE_STATS] t_ms=12816 q_pkts=2 q_bytes=3008 qdelay_l_ms=1.07182 qdelay_c_ms=1.07713 ecn_mark=929 drop=0
[QUEUE_STATS] t_ms=12832 q_pkts=3 q_bytes=4512 qdelay_l_ms=1.0839 qdelay_c_ms=1.07827 ecn_mark=929 drop=0
[QUEUE_STATS] t_ms=12848 q_pkts=0 q_bytes=0 qdelay_l_ms=0 qdelay_c_ms=0 ecn_mark=930 drop=0
[QUEUE_STATS] t_ms=12864 q_pkts=0 q_bytes=0 qdelay_l_ms=0 qdelay_c_ms=0 ecn_mark=932 drop=0
[QUEUE_STATS] t_ms=12880 q_pkts=2 q_bytes=3008 qdelay_l_ms=1.08193 qdelay_c_ms=1.07529 ecn_mark=933 drop=0
[QUEUE_STATS] t_ms=12897 q_pkts=7 q_bytes=10528 qdelay_l_ms=1.07067 qdelay_c_ms=1.11214 ecn_mark=934 drop=0
[QUEUE_STATS] t_ms=12912 q_pkts=1 q_bytes=1504 qdelay_l_ms=1.06478 qdelay_c_ms=0 ecn_mark=934 drop=0
[QUEUE_STATS] t_ms=12928 q_pkts=1 q_bytes=1504 qdelay_l_ms=1.0032 qdelay_c_ms=0 ecn_mark=935 drop=0
[QUEUE_STATS] t_ms=12944 q_pkts=2 q_bytes=3008 qdelay_l_ms=0.947861 qdelay_c_ms=0 ecn_mark=935 drop=0
[QUEUE_STATS] t_ms=12960 q_pkts=4 q_bytes=6016 qdelay_l_ms=1.07511 qdelay_c_ms=2.52221 ecn_mark=936 drop=0
[QUEUE_STATS] t_ms=12976 q_pkts=2 q_bytes=3008 qdelay_l_ms=0.920159 qdelay_c_ms=0 ecn_mark=938 drop=0
[QUEUE_STATS] t_ms=12992 q_pkts=0 q_bytes=0 qdelay_l_ms=0 qdelay_c_ms=0 ecn_mark=938 drop=0
[QUEUE_STATS] t_ms=13008 q_pkts=1 q_bytes=1504 qdelay_l_ms=0.942902 qdelay_c_ms=0 ecn_mark=939 drop=0
[QUEUE_STATS] t_ms=13024 q_pkts=2 q_bytes=3008 qdelay_l_ms=0.912515 qdelay_c_ms=0.918877 ecn_mark=940 drop=0
[QUEUE_STATS] t_ms=13040 q_pkts=1 q_bytes=1504 qdelay_l_ms=1.06944 qdelay_c_ms=0 ecn_mark=940 drop=0
[QUEUE_STATS] t_ms=13056 q_pkts=1 q_bytes=1504 qdelay_l_ms=0.924768 qdelay_c_ms=0 ecn_mark=941 drop=0
[QUEUE_STATS] t_ms=13072 q_pkts=1 q_bytes=1504 qdelay_l_ms=1.07641 qdelay_c_ms=0 ecn_mark=941 drop=0
[QUEUE_STATS] t_ms=13088 q_pkts=2 q_bytes=3008 qdelay_l_ms=0.90975 qdelay_c_ms=0.915892 ecn_mark=944 drop=0
[QUEUE_STATS] t_ms=13104 q_pkts=3 q_bytes=4512 qdelay_l_ms=0.902035 qdelay_c_ms=0.912395 ecn_mark=945 drop=0
[QUEUE_STATS] t_ms=13120 q_pkts=3 q_bytes=4512 qdelay_l_ms=1.05033 qdelay_c_ms=1.04385 ecn_mark=945 drop=0
[QUEUE_STATS] t_ms=13136 q_pkts=0 q_bytes=0 qdelay_l_ms=0 qdelay_c_ms=0 ecn_mark=946 drop=0
[QUEUE_STATS] t_ms=13152 q_pkts=2 q_bytes=3008 qdelay_l_ms=1.06526 qdelay_c_ms=1.06042 ecn_mark=946 drop=0
[QUEUE_STATS] t_ms=13168 q_pkts=3 q_bytes=4512 qdelay_l_ms=0.908397 qdelay_c_ms=0.89928 ecn_mark=951 drop=0
[QUEUE_STATS] t_ms=13184 q_pkts=3 q_bytes=4512 qdelay_l_ms=0.912926 qdelay_c_ms=0.904921 ecn_mark=952 drop=0
[QUEUE_STATS] t_ms=13200 q_pkts=3 q_bytes=4512 qdelay_l_ms=1.07914 qdelay_c_ms=1.0936 ecn_mark=952 drop=0
[QUEUE_STATS] t_ms=13216 q_pkts=0 q_bytes=0 qdelay_l_ms=0 qdelay_c_ms=0 ecn_mark=954 drop=0
[QUEUE_STATS] t_ms=13232 q_pkts=5 q_bytes=7520 qdelay_l_ms=1.04839 qdelay_c_ms=1.07867 ecn_mark=955 drop=0
[QUEUE_STATS] t_ms=13249 q_pkts=1 q_bytes=1504 qdelay_l_ms=1.07015 qdelay_c_ms=0 ecn_mark=956 drop=0
[QUEUE_STATS] t_ms=13264 q_pkts=2 q_bytes=3008 qdelay_l_ms=0 qdelay_c_ms=0.914258 ecn_mark=957 drop=0
[QUEUE_STATS] t_ms=13280 q_pkts=1 q_bytes=1504 qdelay_l_ms=1.07459 qdelay_c_ms=0 ecn_mark=959 drop=0
[QUEUE_STATS] t_ms=13296 q_pkts=4 q_bytes=6016 qdelay_l_ms=1.089 qdelay_c_ms=1.0819 ecn_mark=960 drop=0
[QUEUE_STATS] t_ms=13312 q_pkts=1 q_bytes=1504 qdelay_l_ms=0.943313 qdelay_c_ms=0 ecn_mark=960 drop=0
[QUEUE_STATS] t_ms=13328 q_pkts=3 q_bytes=4512 qdelay_l_ms=0.725634 qdelay_c_ms=0.736625 ecn_mark=961 drop=0
[QUEUE_STATS] t_ms=13344 q_pkts=1 q_bytes=1504 qdelay_l_ms=1.07112 qdelay_c_ms=0 ecn_mark=961 drop=0
[QUEUE_STATS] t_ms=13360 q_pkts=3 q_bytes=4512 qdelay_l_ms=1.09195 qdelay_c_ms=1.08403 ecn_mark=961 drop=0
[QUEUE_STATS] t_ms=13376 q_pkts=1 q_bytes=1504 qdelay_l_ms=0.88319 qdelay_c_ms=0 ecn_mark=962 drop=0
[QUEUE_STATS] t_ms=13392 q_pkts=2 q_bytes=3008 qdelay_l_ms=1.04623 qdelay_c_ms=1.03974 ecn_mark=963 drop=0
[QUEUE_STATS] t_ms=13408 q_pkts=1 q_bytes=1504 qdelay_l_ms=1.06548 qdelay_c_ms=0 ecn_mark=964 drop=0
[QUEUE_STATS] t_ms=13424 q_pkts=5 q_bytes=7520 qdelay_l_ms=1.07042 qdelay_c_ms=1.06508 ecn_mark=966 drop=0
[QUEUE_STATS] t_ms=13440 q_pkts=3 q_bytes=4512 qdelay_l_ms=1.03188 qdelay_c_ms=1.02617 ecn_mark=966 drop=0
[QUEUE_STATS] t_ms=13456 q_pkts=6 q_bytes=9024 qdelay_l_ms=1.06918 qdelay_c_ms=1.06331 ecn_mark=966 drop=0
[QUEUE_STATS] t_ms=13472 q_pkts=1 q_bytes=1504 qdelay_l_ms=0.524555 qdelay_c_ms=0 ecn_mark=966 drop=0
[QUEUE_STATS] t_ms=13488 q_pkts=4 q_bytes=6016 qdelay_l_ms=1.0857 qdelay_c_ms=1.07556 ecn_mark=967 drop=0
[QUEUE_STATS] t_ms=13504 q_pkts=1 q_bytes=1504 qdelay_l_ms=1.09343 qdelay_c_ms=0 ecn_mark=967 drop=0
[QUEUE_STATS] t_ms=13520 q_pkts=3 q_bytes=4512 qdelay_l_ms=1.04208 qdelay_c_ms=1.03433 ecn_mark=970 drop=0
[QUEUE_STATS] t_ms=13536 q_pkts=1 q_bytes=1504 qdelay_l_ms=0.921011 qdelay_c_ms=0 ecn_mark=971 drop=0
[QUEUE_STATS] t_ms=13552 q_pkts=1 q_bytes=1504 qdelay_l_ms=1.06159 qdelay_c_ms=0 ecn_mark=972 drop=0
[QUEUE_STATS] t_ms=13568 q_pkts=3 q_bytes=4512 qdelay_l_ms=0.955055 qdelay_c_ms=0.949435 ecn_mark=973 drop=0
[QUEUE_STATS] t_ms=13584 q_pkts=2 q_bytes=3008 qdelay_l_ms=0.731365 qdelay_c_ms=0 ecn_mark=973 drop=0
[QUEUE_STATS] t_ms=13600 q_pkts=3 q_bytes=4512 qdelay_l_ms=1.05021 qdelay_c_ms=1.07195 ecn_mark=973 drop=0
[QUEUE_STATS] t_ms=13616 q_pkts=0 q_bytes=0 qdelay_l_ms=0 qdelay_c_ms=0 ecn_mark=973 drop=0
[QUEUE_STATS] t_ms=13632 q_pkts=3 q_bytes=4512 qdelay_l_ms=0.905512 qdelay_c_ms=0.899651 ecn_mark=974 drop=0
[QUEUE_STATS] t_ms=13648 q_pkts=1 q_bytes=1504 qdelay_l_ms=0.720845 qdelay_c_ms=0 ecn_mark=975 drop=0
[QUEUE_STATS] t_ms=13664 q_pkts=4 q_bytes=6016 qdelay_l_ms=0 qdelay_c_ms=1.08859 ecn_mark=976 drop=0
[QUEUE_STATS] t_ms=13680 q_pkts=1 q_bytes=1504 qdelay_l_ms=0.921863 qdelay_c_ms=0 ecn_mark=977 drop=0
[QUEUE_STATS] t_ms=13696 q_pkts=3 q_bytes=4512 qdelay_l_ms=1.06187 qdelay_c_ms=1.08063 ecn_mark=977 drop=0
[QUEUE_STATS] t_ms=13712 q_pkts=2 q_bytes=3008 qdelay_l_ms=0.918757 qdelay_c_ms=0 ecn_mark=977 drop=0
[QUEUE_STATS] t_ms=13728 q_pkts=3 q_bytes=4512 qdelay_l_ms=1.0883 qdelay_c_ms=1.08171 ecn_mark=979 drop=0
[QUEUE_STATS] t_ms=13744 q_pkts=1 q_bytes=1504 qdelay_l_ms=1.07726 qdelay_c_ms=0 ecn_mark=980 drop=0
[QUEUE_STATS] t_ms=13760 q_pkts=5 q_bytes=7520 qdelay_l_ms=1.03965 qdelay_c_ms=1.03432 ecn_mark=981 drop=0
[QUEUE_STATS] t_ms=13776 q_pkts=4 q_bytes=6016 qdelay_l_ms=1.09895 qdelay_c_ms=1.08946 ecn_mark=984 drop=0
[QUEUE_STATS] t_ms=13792 q_pkts=4 q_bytes=6016 qdelay_l_ms=0 qdelay_c_ms=0.930779 ecn_mark=986 drop=0
[QUEUE_STATS] t_ms=13808 q_pkts=0 q_bytes=0 qdelay_l_ms=0 qdelay_c_ms=0 ecn_mark=987 drop=0
[QUEUE_STATS] t_ms=13825 q_pkts=1 q_bytes=1504 qdelay_l_ms=1.08144 qdelay_c_ms=0 ecn_mark=988 drop=0
[QUEUE_STATS] t_ms=13840 q_pkts=5 q_bytes=7520 qdelay_l_ms=0.926521 qdelay_c_ms=0.918236 ecn_mark=989 drop=0
[QUEUE_STATS] t_ms=13856 q_pkts=5 q_bytes=7520 qdelay_l_ms=0.895954 qdelay_c_ms=0.929367 ecn_mark=990 drop=0
[QUEUE_STATS] t_ms=13872 q_pkts=1 q_bytes=1504 qdelay_l_ms=1.06086 qdelay_c_ms=0 ecn_mark=990 drop=0
[QUEUE_STATS] t_ms=13889 q_pkts=1 q_bytes=1504 qdelay_l_ms=1.0864 qdelay_c_ms=0 ecn_mark=990 drop=0
[QUEUE_STATS] t_ms=13904 q_pkts=3 q_bytes=4512 qdelay_l_ms=0.882829 qdelay_c_ms=0.899079 ecn_mark=991 drop=0
[QUEUE_STATS] t_ms=13921 q_pkts=3 q_bytes=4512 qdelay_l_ms=1.06136 qdelay_c_ms=1.07228 ecn_mark=992 drop=0
[QUEUE_STATS] t_ms=13936 q_pkts=3 q_bytes=4512 qdelay_l_ms=1.01792 qdelay_c_ms=1.04007 ecn_mark=992 drop=0
[QUEUE_STATS] t_ms=13952 q_pkts=1 q_bytes=1504 qdelay_l_ms=0.922774 qdelay_c_ms=0 ecn_mark=993 drop=0
[QUEUE_STATS] t_ms=13968 q_pkts=4 q_bytes=6016 qdelay_l_ms=1.08019 qdelay_c_ms=1.07387 ecn_mark=993 drop=0
[QUEUE_STATS] t_ms=13984 q_pkts=1 q_bytes=1504 qdelay_l_ms=0.910671 qdelay_c_ms=0 ecn_mark=993 drop=0
[QUEUE_STATS] t_ms=14000 q_pkts=3 q_bytes=4512 qdelay_l_ms=0.948402 qdelay_c_ms=0.963721 ecn_mark=994 drop=0
[QUEUE_STATS] t_ms=14016 q_pkts=1 q_bytes=1504 qdelay_l_ms=0.918917 qdelay_c_ms=0 ecn_mark=995 drop=0
[QUEUE_STATS] t_ms=14032 q_pkts=3 q_bytes=4512 qdelay_l_ms=1.05859 qdelay_c_ms=1.06406 ecn_mark=997 drop=0
[QUEUE_STATS] t_ms=14048 q_pkts=3 q_bytes=4512 qdelay_l_ms=1.07684 qdelay_c_ms=1.07393 ecn_mark=998 drop=0
[QUEUE_STATS] t_ms=14064 q_pkts=3 q_bytes=4512 qdelay_l_ms=0.908478 qdelay_c_ms=0.92064 ecn_mark=998 drop=0
[QUEUE_STATS] t_ms=14080 q_pkts=0 q_bytes=0 qdelay_l_ms=0 qdelay_c_ms=0 ecn_mark=999 drop=0
[QUEUE_STATS] t_ms=14096 q_pkts=5 q_bytes=7520 qdelay_l_ms=1.03306 qdelay_c_ms=1.03009 ecn_mark=999 drop=0
[QUEUE_STATS] t_ms=14112 q_pkts=2 q_bytes=3008 qdelay_l_ms=0 qdelay_c_ms=1.06854 ecn_mark=999 drop=0
[QUEUE_STATS] t_ms=14128 q_pkts=3 q_bytes=4512 qdelay_l_ms=0.896315 qdelay_c_ms=0.892638 ecn_mark=999 drop=0
[QUEUE_STATS] t_ms=14144 q_pkts=1 q_bytes=1504 qdelay_l_ms=0.971225 qdelay_c_ms=0 ecn_mark=1001 drop=0
[QUEUE_STATS] t_ms=14160 q_pkts=1 q_bytes=1504 qdelay_l_ms=1.05809 qdelay_c_ms=0 ecn_mark=1003 drop=0
[QUEUE_STATS] t_ms=14176 q_pkts=3 q_bytes=4512 qdelay_l_ms=1.06411 qdelay_c_ms=1.06082 ecn_mark=1004 drop=0
[QUEUE_STATS] t_ms=14192 q_pkts=5 q_bytes=7520 qdelay_l_ms=1.09458 qdelay_c_ms=1.08745 ecn_mark=1004 drop=0
[QUEUE_STATS] t_ms=14208 q_pkts=3 q_bytes=4512 qdelay_l_ms=1.07129 qdelay_c_ms=1.06803 ecn_mark=1005 drop=0
[QUEUE_STATS] t_ms=14224 q_pkts=0 q_bytes=0 qdelay_l_ms=0 qdelay_c_ms=0 ecn_mark=1005 drop=0
[QUEUE_STATS] t_ms=14240 q_pkts=3 q_bytes=4512 qdelay_l_ms=1.07969 qdelay_c_ms=1.07668 ecn_mark=1007 drop=0
[QUEUE_STATS] t_ms=14256 q_pkts=3 q_bytes=4512 qdelay_l_ms=0.898919 qdelay_c_ms=0.895793 ecn_mark=1007 drop=0
[QUEUE_STATS] t_ms=14272 q_pkts=3 q_bytes=4512 qdelay_l_ms=1.06812 qdelay_c_ms=1.07439 ecn_mark=1008 drop=0
[QUEUE_STATS] t_ms=14288 q_pkts=5 q_bytes=7520 qdelay_l_ms=0.880835 qdelay_c_ms=0.8777 ecn_mark=1009 drop=0
[QUEUE_STATS] t_ms=14304 q_pkts=3 q_bytes=4512 qdelay_l_ms=0.895744 qdelay_c_ms=0.892548 ecn_mark=1012 drop=0
[QUEUE_STATS] t_ms=14320 q_pkts=3 q_bytes=4512 qdelay_l_ms=1.06198 qdelay_c_ms=1.06832 ecn_mark=1012 drop=0
[QUEUE_STATS] t_ms=14336 q_pkts=2 q_bytes=3008 qdelay_l_ms=1.07089 qdelay_c_ms=1.06682 ecn_mark=1012 drop=0
[QUEUE_STATS] t_ms=14352 q_pkts=2 q_bytes=3008 qdelay_l_ms=1.06925 qdelay_c_ms=0 ecn_mark=1013 drop=0
[QUEUE_STATS] t_ms=14368 q_pkts=3 q_bytes=4512 qdelay_l_ms=1.05696 qdelay_c_ms=1.06259 ecn_mark=1015 drop=0
[QUEUE_STATS] t_ms=14384 q_pkts=4 q_bytes=6016 qdelay_l_ms=1.06825 qdelay_c_ms=1.06529 ecn_mark=1016 drop=0
[QUEUE_STATS] t_ms=14400 q_pkts=1 q_bytes=1504 qdelay_l_ms=0.879934 qdelay_c_ms=0 ecn_mark=1016 drop=0
[QUEUE_STATS] t_ms=14416 q_pkts=0 q_bytes=0 qdelay_l_ms=0 qdelay_c_ms=0 ecn_mark=1016 drop=0
[QUEUE_STATS] t_ms=14432 q_pkts=2 q_bytes=3008 qdelay_l_ms=0.86776 qdelay_c_ms=2.13937 ecn_mark=1017 drop=0
[QUEUE_STATS] t_ms=14448 q_pkts=2 q_bytes=3008 qdelay_l_ms=0 qdelay_c_ms=1.07166 ecn_mark=1018 drop=0
[QUEUE_STATS] t_ms=14464 q_pkts=1 q_bytes=1504 qdelay_l_ms=0 qdelay_c_ms=0.008616 ecn_mark=1018 drop=0
[QUEUE_STATS] t_ms=14480 q_pkts=0 q_bytes=0 qdelay_l_ms=0 qdelay_c_ms=0 ecn_mark=1019 drop=0
[QUEUE_STATS] t_ms=14496 q_pkts=1 q_bytes=1504 qdelay_l_ms=1.0683 qdelay_c_ms=0 ecn_mark=1020 drop=0
[QUEUE_STATS] t_ms=14512 q_pkts=3 q_bytes=4512 qdelay_l_ms=0.94189 qdelay_c_ms=0.951438 ecn_mark=1020 drop=0
[QUEUE_STATS] t_ms=14528 q_pkts=4 q_bytes=6016 qdelay_l_ms=1.07862 qdelay_c_ms=1.07517 ecn_mark=1020 drop=0
[QUEUE_STATS] t_ms=14544 q_pkts=4 q_bytes=6016 qdelay_l_ms=0.908057 qdelay_c_ms=0.904861 ecn_mark=1021 drop=0
[QUEUE_STATS] t_ms=14560 q_pkts=0 q_bytes=0 qdelay_l_ms=0 qdelay_c_ms=0 ecn_mark=1022 drop=0
[QUEUE_STATS] t_ms=14576 q_pkts=3 q_bytes=4512 qdelay_l_ms=1.05834 qdelay_c_ms=1.06382 ecn_mark=1022 drop=0
[QUEUE_STATS] t_ms=14592 q_pkts=3 q_bytes=4512 qdelay_l_ms=1.05572 qdelay_c_ms=1.06157 ecn_mark=1022 drop=0
[QUEUE_STATS] t_ms=14608 q_pkts=4 q_bytes=6016 qdelay_l_ms=1.0682 qdelay_c_ms=1.06526 ecn_mark=1022 drop=0
[QUEUE_STATS] t_ms=14624 q_pkts=1 q_bytes=1504 qdelay_l_ms=1.06774 qdelay_c_ms=0 ecn_mark=1025 drop=0
[QUEUE_STATS] t_ms=14640 q_pkts=5 q_bytes=7520 qdelay_l_ms=0.845039 qdelay_c_ms=0.863964 ecn_mark=1025 drop=0
[QUEUE_STATS] t_ms=14656 q_pkts=4 q_bytes=6016 qdelay_l_ms=1.03958 qdelay_c_ms=2.09025 ecn_mark=1026 drop=0
[QUEUE_STATS] t_ms=14672 q_pkts=4 q_bytes=6016 qdelay_l_ms=1.1399 qdelay_c_ms=1.14655 ecn_mark=1026 drop=0
[QUEUE_STATS] t_ms=14688 q_pkts=1 q_bytes=1504 qdelay_l_ms=0.863273 qdelay_c_ms=0 ecn_mark=1027 drop=0
[QUEUE_STATS] t_ms=14704 q_pkts=3 q_bytes=4512 qdelay_l_ms=0.843135 qdelay_c_ms=0.861379 ecn_mark=1028 drop=0
[QUEUE_STATS] t_ms=14720 q_pkts=4 q_bytes=6016 qdelay_l_ms=0.640434 qdelay_c_ms=0.635615 ecn_mark=1029 drop=0
[QUEUE_STATS] t_ms=14736 q_pkts=4 q_bytes=6016 qdelay_l_ms=1.08122 qdelay_c_ms=1.0751 ecn_mark=1032 drop=0
[QUEUE_STATS] t_ms=14752 q_pkts=3 q_bytes=4512 qdelay_l_ms=1.06352 qdelay_c_ms=1.08374 ecn_mark=1032 drop=0
[QUEUE_STATS] t_ms=14768 q_pkts=5 q_bytes=7520 qdelay_l_ms=1.06577 qdelay_c_ms=1.09845 ecn_mark=1032 drop=0
[QUEUE_STATS] t_ms=14784 q_pkts=3 q_bytes=4512 qdelay_l_ms=1.02702 qdelay_c_ms=1.05122 ecn_mark=1032 drop=0
[QUEUE_STATS] t_ms=14800 q_pkts=3 q_bytes=4512 qdelay_l_ms=0.828727 qdelay_c_ms=0.822055 ecn_mark=1032 drop=0
[QUEUE_STATS] t_ms=14816 q_pkts=1 q_bytes=1504 qdelay_l_ms=0.417564 qdelay_c_ms=0 ecn_mark=1033 drop=0
[QUEUE_STATS] t_ms=14832 q_pkts=3 q_bytes=4512 qdelay_l_ms=1.05451 qdelay_c_ms=2.15183 ecn_mark=1035 drop=0
[QUEUE_STATS] t_ms=14848 q_pkts=2 q_bytes=3008 qdelay_l_ms=0 qdelay_c_ms=1.06291 ecn_mark=1035 drop=0
[QUEUE_STATS] t_ms=14864 q_pkts=5 q_bytes=7520 qdelay_l_ms=0.660161 qdelay_c_ms=0.69158 ecn_mark=1035 drop=0
[QUEUE_STATS] t_ms=14880 q_pkts=6 q_bytes=9024 qdelay_l_ms=1.09593 qdelay_c_ms=1.50347 ecn_mark=1036 drop=0
[QUEUE_STATS] t_ms=14896 q_pkts=4 q_bytes=6016 qdelay_l_ms=1.08857 qdelay_c_ms=1.8652 ecn_mark=1036 drop=0
[QUEUE_STATS] t_ms=14912 q_pkts=3 q_bytes=4512 qdelay_l_ms=1.0512 qdelay_c_ms=1.07111 ecn_mark=1036 drop=0
[QUEUE_STATS] t_ms=14928 q_pkts=3 q_bytes=4512 qdelay_l_ms=1.07483 qdelay_c_ms=1.0671 ecn_mark=1037 drop=0
[QUEUE_STATS] t_ms=14944 q_pkts=2 q_bytes=3008 qdelay_l_ms=0 qdelay_c_ms=1.07878 ecn_mark=1038 drop=0
[QUEUE_STATS] t_ms=14961 q_pkts=2 q_bytes=3008 qdelay_l_ms=1.06688 qdelay_c_ms=0 ecn_mark=1039 drop=0
[QUEUE_STATS] t_ms=14976 q_pkts=3 q_bytes=4512 qdelay_l_ms=1.06552 qdelay_c_ms=1.07597 ecn_mark=1041 drop=0
[QUEUE_STATS] t_ms=14992 q_pkts=2 q_bytes=3008 qdelay_l_ms=1.02946 qdelay_c_ms=2.0768 ecn_mark=1043 drop=0
[QUEUE_STATS] t_ms=15008 q_pkts=5 q_bytes=7520 qdelay_l_ms=1.06414 qdelay_c_ms=1.05685 ecn_mark=1045 drop=0
[QUEUE_STATS] t_ms=15024 q_pkts=2 q_bytes=3008 qdelay_l_ms=1.08009 qdelay_c_ms=1.87196 ecn_mark=1047 drop=0
[QUEUE_STATS] t_ms=15040 q_pkts=3 q_bytes=4512 qdelay_l_ms=0.828246 qdelay_c_ms=0.84595 ecn_mark=1047 drop=0
[QUEUE_STATS] t_ms=15056 q_pkts=3 q_bytes=4512 qdelay_l_ms=0.937803 qdelay_c_ms=0.932413 ecn_mark=1049 drop=0
[QUEUE_STATS] t_ms=15072 q_pkts=1 q_bytes=1504 qdelay_l_ms=1.07063 qdelay_c_ms=0 ecn_mark=1050 drop=0
[QUEUE_STATS] t_ms=15088 q_pkts=3 q_bytes=4512 qdelay_l_ms=1.06133 qdelay_c_ms=1.07169 ecn_mark=1052 drop=0
[QUEUE_STATS] t_ms=15104 q_pkts=5 q_bytes=7520 qdelay_l_ms=1.06615 qdelay_c_ms=1.11023 ecn_mark=1054 drop=0
[QUEUE_STATS] t_ms=15120 q_pkts=4 q_bytes=6016 qdelay_l_ms=0.988217 qdelay_c_ms=0.982025 ecn_mark=1056 drop=0
[QUEUE_STATS] t_ms=15136 q_pkts=4 q_bytes=6016 qdelay_l_ms=0.827816 qdelay_c_ms=0.821324 ecn_mark=1056 drop=0
[QUEUE_STATS] t_ms=15152 q_pkts=4 q_bytes=6016 qdelay_l_ms=0.852543 qdelay_c_ms=0.84594 ecn_mark=1056 drop=0
[QUEUE_STATS] t_ms=15168 q_pkts=1 q_bytes=1504 qdelay_l_ms=1.06055 qdelay_c_ms=0 ecn_mark=1056 drop=0
[QUEUE_STATS] t_ms=15184 q_pkts=2 q_bytes=3008 qdelay_l_ms=0.806586 qdelay_c_ms=0.813068 ecn_mark=1057 drop=0
[QUEUE_STATS] t_ms=15200 q_pkts=6 q_bytes=9024 qdelay_l_ms=1.10625 qdelay_c_ms=1.10052 ecn_mark=1058 drop=0
[QUEUE_STATS] t_ms=15216 q_pkts=4 q_bytes=6016 qdelay_l_ms=1.09153 qdelay_c_ms=1.08468 ecn_mark=1059 drop=0
[QUEUE_STATS] t_ms=15232 q_pkts=4 q_bytes=6016 qdelay_l_ms=0.810233 qdelay_c_ms=0.803239 ecn_mark=1059 drop=0
[QUEUE_STATS] t_ms=15249 q_pkts=3 q_bytes=4512 qdelay_l_ms=1.09513 qdelay_c_ms=1.08822 ecn_mark=1060 drop=0
[QUEUE_STATS] t_ms=15264 q_pkts=3 q_bytes=4512 qdelay_l_ms=1.08229 qdelay_c_ms=1.07611 ecn_mark=1060 drop=0
[QUEUE_STATS] t_ms=15280 q_pkts=2 q_bytes=3008 qdelay_l_ms=0 qdelay_c_ms=0.8035 ecn_mark=1061 drop=0
[QUEUE_STATS] t_ms=15296 q_pkts=1 q_bytes=1504 qdelay_l_ms=0.932212 qdelay_c_ms=0 ecn_mark=1063 drop=0
[QUEUE_STATS] t_ms=15312 q_pkts=3 q_bytes=4512 qdelay_l_ms=0.980623 qdelay_c_ms=0.99502 ecn_mark=1063 drop=0
[QUEUE_STATS] t_ms=15328 q_pkts=2 q_bytes=3008 qdelay_l_ms=0 qdelay_c_ms=0.806115 ecn_mark=1065 drop=0
[QUEUE_STATS] t_ms=15344 q_pkts=6 q_bytes=9024 qdelay_l_ms=1.09689 qdelay_c_ms=1.0907 ecn_mark=1065 drop=0
[QUEUE_STATS] t_ms=15360 q_pkts=0 q_bytes=0 qdelay_l_ms=0 qdelay_c_ms=0 ecn_mark=1067 drop=0
[QUEUE_STATS] t_ms=15376 q_pkts=2 q_bytes=3008 qdelay_l_ms=1.05799 qdelay_c_ms=1.06396 ecn_mark=1068 drop=0
[QUEUE_STATS] t_ms=15392 q_pkts=4 q_bytes=6016 qdelay_l_ms=1.04523 qdelay_c_ms=1.07067 ecn_mark=1069 drop=0
[QUEUE_STATS] t_ms=15408 q_pkts=1 q_bytes=1504 qdelay_l_ms=0.811545 qdelay_c_ms=0 ecn_mark=1071 drop=0
[QUEUE_STATS] t_ms=15424 q_pkts=1 q_bytes=1504 qdelay_l_ms=0.832134 qdelay_c_ms=0 ecn_mark=1073 drop=0
[QUEUE_STATS] t_ms=15440 q_pkts=5 q_bytes=7520 qdelay_l_ms=1.07392 qdelay_c_ms=1.08863 ecn_mark=1074 drop=0
[QUEUE_STATS] t_ms=15456 q_pkts=3 q_bytes=4512 qdelay_l_ms=1.04939 qdelay_c_ms=1.07166 ecn_mark=1074 drop=0
[QUEUE_STATS] t_ms=15472 q_pkts=0 q_bytes=0 qdelay_l_ms=0 qdelay_c_ms=0 ecn_mark=1074 drop=0
[QUEUE_STATS] t_ms=15488 q_pkts=3 q_bytes=4512 qdelay_l_ms=0.848555 qdelay_c_ms=0.858734 ecn_mark=1075 drop=0
[QUEUE_STATS] t_ms=15504 q_pkts=3 q_bytes=4512 qdelay_l_ms=1.08695 qdelay_c_ms=1.08027 ecn_mark=1078 drop=0
[QUEUE_STATS] t_ms=15520 q_pkts=2 q_bytes=3008 qdelay_l_ms=1.06184 qdelay_c_ms=1.06591 ecn_mark=1078 drop=0
[QUEUE_STATS] t_ms=15536 q_pkts=5 q_bytes=7520 qdelay_l_ms=1.06357 qdelay_c_ms=1.07795 ecn_mark=1078 drop=0
[QUEUE_STATS] t_ms=15552 q_pkts=3 q_bytes=4512 qdelay_l_ms=1.05112 qdelay_c_ms=1.04738 ecn_mark=1079 drop=0
[QUEUE_STATS] t_ms=15568 q_pkts=2 q_bytes=3008 qdelay_l_ms=0 qdelay_c_ms=1.0613 ecn_mark=1080 drop=0
[QUEUE_STATS] t_ms=15584 q_pkts=3 q_bytes=4512 qdelay_l_ms=0.810353 qdelay_c_ms=0.823147 ecn_mark=1082 drop=0
[QUEUE_STATS] t_ms=15600 q_pkts=4 q_bytes=6016 qdelay_l_ms=1.06703 qdelay_c_ms=1.06432 ecn_mark=1082 drop=0
[QUEUE_STATS] t_ms=15616 q_pkts=3 q_bytes=4512 qdelay_l_ms=1.06277 qdelay_c_ms=1.06841 ecn_mark=1082 drop=0
[QUEUE_STATS] t_ms=15632 q_pkts=1 q_bytes=1504 qdelay_l_ms=1.06924 qdelay_c_ms=0 ecn_mark=1084 drop=0
[QUEUE_STATS] t_ms=15648 q_pkts=3 q_bytes=4512 qdelay_l_ms=1.06386 qdelay_c_ms=1.06083 ecn_mark=1084 drop=0
[QUEUE_STATS] t_ms=15664 q_pkts=5 q_bytes=7520 qdelay_l_ms=1.06299 qdelay_c_ms=1.86443 ecn_mark=1085 drop=0
[QUEUE_STATS] t_ms=15680 q_pkts=6 q_bytes=9024 qdelay_l_ms=1.06699 qdelay_c_ms=1.06375 ecn_mark=1085 drop=0
[QUEUE_STATS] t_ms=15696 q_pkts=0 q_bytes=0 qdelay_l_ms=0 qdelay_c_ms=0 ecn_mark=1087 drop=0
[QUEUE_STATS] t_ms=15712 q_pkts=2 q_bytes=3008 qdelay_l_ms=0 qdelay_c_ms=1.06851 ecn_mark=1089 drop=0
[QUEUE_STATS] t_ms=15728 q_pkts=5 q_bytes=7520 qdelay_l_ms=1.02755 qdelay_c_ms=1.02475 ecn_mark=1090 drop=0
[QUEUE_STATS] t_ms=15744 q_pkts=2 q_bytes=3008 qdelay_l_ms=0.800694 qdelay_c_ms=1.60599 ecn_mark=1092 drop=0
[QUEUE_STATS] t_ms=15760 q_pkts=1 q_bytes=1504 qdelay_l_ms=1.06953 qdelay_c_ms=0 ecn_mark=1093 drop=0
[QUEUE_STATS] t_ms=15776 q_pkts=3 q_bytes=4512 qdelay_l_ms=1.05753 qdelay_c_ms=1.06361 ecn_mark=1094 drop=0
[QUEUE_STATS] t_ms=15793 q_pkts=5 q_bytes=7520 qdelay_l_ms=1.06459 qdelay_c_ms=1.08275 ecn_mark=1095 drop=0
[QUEUE_STATS] t_ms=15808 q_pkts=5 q_bytes=7520 qdelay_l_ms=1.01879 qdelay_c_ms=1.01567 ecn_mark=1096 drop=0
[QUEUE_STATS] t_ms=15824 q_pkts=3 q_bytes=4512 qdelay_l_ms=1.07157 qdelay_c_ms=1.06776 ecn_mark=1096 drop=0
[QUEUE_STATS] t_ms=15840 q_pkts=2 q_bytes=3008 qdelay_l_ms=1.08179 qdelay_c_ms=0 ecn_mark=1096 drop=0
[QUEUE_STATS] t_ms=15856 q_pkts=3 q_bytes=4512 qdelay_l_ms=0.992075 qdelay_c_ms=0.988999 ecn_mark=1097 drop=0
[QUEUE_STATS] t_ms=15872 q_pkts=3 q_bytes=4512 qdelay_l_ms=1.05909 qdelay_c_ms=1.06507 ecn_mark=1099 drop=0
[QUEUE_STATS] t_ms=15888 q_pkts=2 q_bytes=3008 qdelay_l_ms=0 qdelay_c_ms=1.06153 ecn_mark=1103 drop=0
[QUEUE_STATS] t_ms=15904 q_pkts=3 q_bytes=4512 qdelay_l_ms=1.0585 qdelay_c_ms=1.06445 ecn_mark=1103 drop=0
[QUEUE_STATS] t_ms=15920 q_pkts=6 q_bytes=9024 qdelay_l_ms=1.07124 qdelay_c_ms=1.06801 ecn_mark=1103 drop=0
[QUEUE_STATS] t_ms=15936 q_pkts=1 q_bytes=1504 qdelay_l_ms=1.06978 qdelay_c_ms=0 ecn_mark=1104 drop=0
[QUEUE_STATS] t_ms=15952 q_pkts=6 q_bytes=9024 qdelay_l_ms=1.02712 qdelay_c_ms=1.02393 ecn_mark=1104 drop=0
[QUEUE_STATS] t_ms=15968 q_pkts=5 q_bytes=7520 qdelay_l_ms=1.0485 qdelay_c_ms=1.06474 ecn_mark=1105 drop=0
[QUEUE_STATS] t_ms=15984 q_pkts=3 q_bytes=4512 qdelay_l_ms=1.05548 qdelay_c_ms=1.06124 ecn_mark=1105 drop=0
[QUEUE_STATS] t_ms=16000 q_pkts=3 q_bytes=4512 qdelay_l_ms=1.06238 qdelay_c_ms=1.07285 ecn_mark=1105 drop=0
[QUEUE_STATS] t_ms=16016 q_pkts=2 q_bytes=3008 qdelay_l_ms=0 qdelay_c_ms=0.794664 ecn_mark=1105 drop=0
[QUEUE_STATS] t_ms=16032 q_pkts=5 q_bytes=7520 qdelay_l_ms=1.05758 qdelay_c_ms=1.06894 ecn_mark=1105 drop=0
[QUEUE_STATS] t_ms=16048 q_pkts=6 q_bytes=9024 qdelay_l_ms=1.0802 qdelay_c_ms=1.07717 ecn_mark=1106 drop=0
[QUEUE_STATS] t_ms=16064 q_pkts=7 q_bytes=10528 qdelay_l_ms=1.07329 qdelay_c_ms=1.07002 ecn_mark=1106 drop=0
[QUEUE_STATS] t_ms=16080 q_pkts=5 q_bytes=7520 qdelay_l_ms=1.06222 qdelay_c_ms=1.08118 ecn_mark=1107 drop=0
[QUEUE_STATS] t_ms=16096 q_pkts=3 q_bytes=4512 qdelay_l_ms=0.91005 qdelay_c_ms=1.9886 ecn_mark=1108 drop=0
[QUEUE_STATS] t_ms=16112 q_pkts=2 q_bytes=3008 qdelay_l_ms=1.0575 qdelay_c_ms=1.06042 ecn_mark=1110 drop=0
[QUEUE_STATS] t_ms=16128 q_pkts=2 q_bytes=3008 qdelay_l_ms=1.03668 qdelay_c_ms=0 ecn_mark=1110 drop=0
[QUEUE_STATS] t_ms=16144 q_pkts=3 q_bytes=4512 qdelay_l_ms=1.05777 qdelay_c_ms=1.06375 ecn_mark=1111 drop=0
[QUEUE_STATS] t_ms=16161 q_pkts=4 q_bytes=6016 qdelay_l_ms=1.07132 qdelay_c_ms=1.06834 ecn_mark=1111 drop=0
[QUEUE_STATS] t_ms=16176 q_pkts=5 q_bytes=7520 qdelay_l_ms=1.02837 qdelay_c_ms=1.03971 ecn_mark=1114 drop=0
[QUEUE_STATS] t_ms=16192 q_pkts=5 q_bytes=7520 qdelay_l_ms=1.08272 qdelay_c_ms=1.079 ecn_mark=1115 drop=0
[QUEUE_STATS] t_ms=16208 q_pkts=3 q_bytes=4512 qdelay_l_ms=1.06714 qdelay_c_ms=1.0642 ecn_mark=1115 drop=0
[QUEUE_STATS] t_ms=16224 q_pkts=3 q_bytes=4512 qdelay_l_ms=1.06198 qdelay_c_ms=1.07642 ecn_mark=1116 drop=0
[QUEUE_STATS] t_ms=16240 q_pkts=2 q_bytes=3008 qdelay_l_ms=1.06151 qdelay_c_ms=0 ecn_mark=1116 drop=0
[QUEUE_STATS] t_ms=16256 q_pkts=5 q_bytes=7520 qdelay_l_ms=1.02367 qdelay_c_ms=1.04302 ecn_mark=1117 drop=0
[QUEUE_STATS] t_ms=16272 q_pkts=3 q_bytes=4512 qdelay_l_ms=1.06368 qdelay_c_ms=1.06082 ecn_mark=1117 drop=0
[QUEUE_STATS] t_ms=16288 q_pkts=3 q_bytes=4512 qdelay_l_ms=0.789063 qdelay_c_ms=0.784714 ecn_mark=1117 drop=0
[QUEUE_STATS] t_ms=16304 q_pkts=0 q_bytes=0 qdelay_l_ms=0 qdelay_c_ms=0 ecn_mark=1117 drop=0
[QUEUE_STATS] t_ms=16320 q_pkts=6 q_bytes=9024 qdelay_l_ms=0.929116 qdelay_c_ms=0.92546 ecn_mark=1117 drop=0
[QUEUE_STATS] t_ms=16336 q_pkts=4 q_bytes=6016 qdelay_l_ms=1.06014 qdelay_c_ms=1.06861 ecn_mark=1117 drop=0
[QUEUE_STATS] t_ms=16352 q_pkts=6 q_bytes=9024 qdelay_l_ms=1.09096 qdelay_c_ms=1.08556 ecn_mark=1119 drop=0
[QUEUE_STATS] t_ms=16368 q_pkts=4 q_bytes=6016 qdelay_l_ms=1.06868 qdelay_c_ms=1.06565 ecn_mark=1119 drop=0
[QUEUE_STATS] t_ms=16384 q_pkts=4 q_bytes=6016 qdelay_l_ms=1.07998 qdelay_c_ms=1.06768 ecn_mark=1120 drop=0
[QUEUE_STATS] t_ms=16400 q_pkts=4 q_bytes=6016 qdelay_l_ms=0.865777 qdelay_c_ms=1.94615 ecn_mark=1122 drop=0
[QUEUE_STATS] t_ms=16416 q_pkts=1 q_bytes=1504 qdelay_l_ms=0.849246 qdelay_c_ms=0 ecn_mark=1123 drop=0
[QUEUE_STATS] t_ms=16432 q_pkts=2 q_bytes=3008 qdelay_l_ms=1.06867 qdelay_c_ms=1.07218 ecn_mark=1124 drop=0
[QUEUE_STATS] t_ms=16448 q_pkts=5 q_bytes=7520 qdelay_l_ms=1.09295 qdelay_c_ms=1.08948 ecn_mark=1126 drop=0
[QUEUE_STATS] t_ms=16464 q_pkts=1 q_bytes=1504 qdelay_l_ms=1.0586 qdelay_c_ms=0 ecn_mark=1126 drop=0
[QUEUE_STATS] t_ms=16480 q_pkts=5 q_bytes=7520 qdelay_l_ms=1.05513 qdelay_c_ms=2.16081 ecn_mark=1128 drop=0
[QUEUE_STATS] t_ms=16496 q_pkts=4 q_bytes=6016 qdelay_l_ms=0 qdelay_c_ms=1.07756 ecn_mark=1128 drop=0
[QUEUE_STATS] t_ms=16512 q_pkts=3 q_bytes=4512 qdelay_l_ms=0.824219 qdelay_c_ms=0.821263 ecn_mark=1128 drop=0
[QUEUE_STATS] t_ms=16528 q_pkts=4 q_bytes=6016 qdelay_l_ms=1.07088 qdelay_c_ms=1.06764 ecn_mark=1128 drop=0
[QUEUE_STATS] t_ms=16544 q_pkts=4 q_bytes=6016 qdelay_l_ms=0 qdelay_c_ms=1.08006 ecn_mark=1129 drop=0
[QUEUE_STATS] t_ms=16560 q_pkts=3 q_bytes=4512 qdelay_l_ms=1.07532 qdelay_c_ms=1.07157 ecn_mark=1129 drop=0
[QUEUE_STATS] t_ms=16576 q_pkts=2 q_bytes=3008 qdelay_l_ms=0.824981 qdelay_c_ms=1.89537 ecn_mark=1132 drop=0
[QUEUE_STATS] t_ms=16592 q_pkts=3 q_bytes=4512 qdelay_l_ms=1.03414 qdelay_c_ms=1.03095 ecn_mark=1134 drop=0
[QUEUE_STATS] t_ms=16608 q_pkts=3 q_bytes=4512 qdelay_l_ms=1.06289 qdelay_c_ms=1.07716 ecn_mark=1134 drop=0
[QUEUE_STATS] t_ms=16624 q_pkts=6 q_bytes=9024 qdelay_l_ms=0.992335 qdelay_c_ms=0.98938 ecn_mark=1135 drop=0
[QUEUE_STATS] t_ms=16640 q_pkts=4 q_bytes=6016 qdelay_l_ms=1.06213 qdelay_c_ms=1.07881 ecn_mark=1137 drop=0
[QUEUE_STATS] t_ms=16656 q_pkts=5 q_bytes=7520 qdelay_l_ms=1.07764 qdelay_c_ms=2.11126 ecn_mark=1137 drop=0
[QUEUE_STATS] t_ms=16672 q_pkts=3 q_bytes=4512 qdelay_l_ms=1.0716 qdelay_c_ms=1.06853 ecn_mark=1137 drop=0
[QUEUE_STATS] t_ms=16688 q_pkts=5 q_bytes=7520 qdelay_l_ms=0.863243 qdelay_c_ms=0.860357 ecn_mark=1137 drop=0
[QUEUE_STATS] t_ms=16704 q_pkts=1 q_bytes=1504 qdelay_l_ms=0.794293 qdelay_c_ms=0 ecn_mark=1138 drop=0
[QUEUE_STATS] t_ms=16720 q_pkts=2 q_bytes=3008 qdelay_l_ms=0.01063 qdelay_c_ms=0.007655 ecn_mark=1138 drop=0
[QUEUE_STATS] t_ms=16736 q_pkts=2 q_bytes=3008 qdelay_l_ms=1.07063 qdelay_c_ms=0 ecn_mark=1140 drop=0
[QUEUE_STATS] t_ms=16752 q_pkts=3 q_bytes=4512 qdelay_l_ms=1.05763 qdelay_c_ms=1.06374 ecn_mark=1140 drop=0
[QUEUE_STATS] t_ms=16768 q_pkts=4 q_bytes=6016 qdelay_l_ms=1.06549 qdelay_c_ms=1.0625 ecn_mark=1140 drop=0
[QUEUE_STATS] t_ms=16784 q_pkts=4 q_bytes=6016 qdelay_l_ms=1.08026 qdelay_c_ms=1.07625 ecn_mark=1140 drop=0
[QUEUE_STATS] t_ms=16800 q_pkts=1 q_bytes=1504 qdelay_l_ms=0.738188 qdelay_c_ms=0 ecn_mark=1140 drop=0
[QUEUE_STATS] t_ms=16816 q_pkts=5 q_bytes=7520 qdelay_l_ms=1.05743 qdelay_c_ms=1.06834 ecn_mark=1140 drop=0
[QUEUE_STATS] t_ms=16832 q_pkts=4 q_bytes=6016 qdelay_l_ms=0.765609 qdelay_c_ms=0.762283 ecn_mark=1140 drop=0
[QUEUE_STATS] t_ms=16848 q_pkts=2 q_bytes=3008 qdelay_l_ms=0 qdelay_c_ms=1.06348 ecn_mark=1141 drop=0
[QUEUE_STATS] t_ms=16864 q_pkts=1 q_bytes=1504 qdelay_l_ms=0.72892 qdelay_c_ms=0 ecn_mark=1141 drop=0
[QUEUE_STATS] t_ms=16880 q_pkts=5 q_bytes=7520 qdelay_l_ms=1.06715 qdelay_c_ms=1.06395 ecn_mark=1142 drop=0
[QUEUE_STATS] t_ms=16896 q_pkts=4 q_bytes=6016 qdelay_l_ms=0.713922 qdelay_c_ms=0.708492 ecn_mark=1145 drop=0
[QUEUE_STATS] t_ms=16912 q_pkts=4 q_bytes=6016 qdelay_l_ms=1.07632 qdelay_c_ms=1.07251 ecn_mark=1146 drop=0
[QUEUE_STATS] t_ms=16928 q_pkts=5 q_bytes=7520 qdelay_l_ms=1.05258 qdelay_c_ms=1.07358 ecn_mark=1146 drop=0
[QUEUE_STATS] t_ms=16944 q_pkts=5 q_bytes=7520 qdelay_l_ms=1.05818 qdelay_c_ms=1.07713 ecn_mark=1146 drop=0
[QUEUE_STATS] t_ms=16960 q_pkts=4 q_bytes=6016 qdelay_l_ms=1.07896 qdelay_c_ms=1.07492 ecn_mark=1147 drop=0
[QUEUE_STATS] t_ms=16976 q_pkts=3 q_bytes=4512 qdelay_l_ms=0.776359 qdelay_c_ms=0.773383 ecn_mark=1147 drop=0
[QUEUE_STATS] t_ms=16992 q_pkts=1 q_bytes=1504 qdelay_l_ms=0.716206 qdelay_c_ms=0 ecn_mark=1147 drop=0
[QUEUE_STATS] t_ms=17008 q_pkts=6 q_bytes=9024 qdelay_l_ms=1.08299 qdelay_c_ms=1.07969 ecn_mark=1148 drop=0
[QUEUE_STATS] t_ms=17024 q_pkts=3 q_bytes=4512 qdelay_l_ms=1.06555 qdelay_c_ms=1.05996 ecn_mark=1148 drop=0
[QUEUE_STATS] t_ms=17040 q_pkts=3 q_bytes=4512 qdelay_l_ms=1.0575 qdelay_c_ms=1.064 ecn_mark=1148 drop=0
[QUEUE_STATS] t_ms=17056 q_pkts=3 q_bytes=4512 qdelay_l_ms=0.73967 qdelay_c_ms=0.736584 ecn_mark=1149 drop=0
[QUEUE_STATS] t_ms=17072 q_pkts=2 q_bytes=3008 qdelay_l_ms=0.720133 qdelay_c_ms=0.717428 ecn_mark=1150 drop=0
[QUEUE_STATS] t_ms=17088 q_pkts=5 q_bytes=7520 qdelay_l_ms=1.07918 qdelay_c_ms=1.07594 ecn_mark=1151 drop=0
[QUEUE_STATS] t_ms=17104 q_pkts=3 q_bytes=4512 qdelay_l_ms=1.02132 qdelay_c_ms=1.02659 ecn_mark=1151 drop=0
[QUEUE_STATS] t_ms=17120 q_pkts=3 q_bytes=4512 qdelay_l_ms=0.699805 qdelay_c_ms=0.713902 ecn_mark=1154 drop=0
[QUEUE_STATS] t_ms=17136 q_pkts=2 q_bytes=3008 qdelay_l_ms=0.994539 qdelay_c_ms=0 ecn_mark=1154 drop=0
[QUEUE_STATS] t_ms=17152 q_pkts=3 q_bytes=4512 qdelay_l_ms=1.01666 qdelay_c_ms=1.01391 ecn_mark=1155 drop=0
[QUEUE_STATS] t_ms=17168 q_pkts=5 q_bytes=7520 qdelay_l_ms=0.988568 qdelay_c_ms=1.00003 ecn_mark=1155 drop=0
[QUEUE_STATS] t_ms=17184 q_pkts=4 q_bytes=6016 qdelay_l_ms=1.06668 qdelay_c_ms=1.06364 ecn_mark=1157 drop=0
[QUEUE_STATS] t_ms=17200 q_pkts=4 q_bytes=6016 qdelay_l_ms=1.05588 qdelay_c_ms=2.13039 ecn_mark=1159 drop=0
[QUEUE_STATS] t_ms=17216 q_pkts=6 q_bytes=9024 qdelay_l_ms=0.99498 qdelay_c_ms=0.992084 ecn_mark=1161 drop=0
[QUEUE_STATS] t_ms=17232 q_pkts=3 q_bytes=4512 qdelay_l_ms=1.0627 qdelay_c_ms=1.05989 ecn_mark=1162 drop=0
[QUEUE_STATS] t_ms=17248 q_pkts=4 q_bytes=6016 qdelay_l_ms=0.402136 qdelay_c_ms=1.4671 ecn_mark=1162 drop=0
[QUEUE_STATS] t_ms=17264 q_pkts=3 q_bytes=4512 qdelay_l_ms=1.07507 qdelay_c_ms=1.07119 ecn_mark=1162 drop=0
[QUEUE_STATS] t_ms=17280 q_pkts=4 q_bytes=6016 qdelay_l_ms=1.07652 qdelay_c_ms=1.07177 ecn_mark=1162 drop=0
[QUEUE_STATS] t_ms=17296 q_pkts=4 q_bytes=6016 qdelay_l_ms=0.722718 qdelay_c_ms=0.719652 ecn_mark=1162 drop=0
[QUEUE_STATS] t_ms=17312 q_pkts=5 q_bytes=7520 qdelay_l_ms=1.08234 qdelay_c_ms=1.07857 ecn_mark=1162 drop=0
[QUEUE_STATS] t_ms=17328 q_pkts=4 q_bytes=6016 qdelay_l_ms=1.04757 qdelay_c_ms=1.04462 ecn_mark=1163 drop=0
[QUEUE_STATS] t_ms=17344 q_pkts=4 q_bytes=6016 qdelay_l_ms=0.359405 qdelay_c_ms=0.377619 ecn_mark=1163 drop=0
[QUEUE_STATS] t_ms=17360 q_pkts=3 q_bytes=4512 qdelay_l_ms=0.966317 qdelay_c_ms=0.963271 ecn_mark=1163 drop=0
[QUEUE_STATS] t_ms=17376 q_pkts=6 q_bytes=9024 qdelay_l_ms=1.08416 qdelay_c_ms=1.08134 ecn_mark=1164 drop=0
[QUEUE_STATS] t_ms=17392 q_pkts=4 q_bytes=6016 qdelay_l_ms=1.08058 qdelay_c_ms=2.14656 ecn_mark=1165 drop=0
[QUEUE_STATS] t_ms=17408 q_pkts=5 q_bytes=7520 qdelay_l_ms=1.0606 qdelay_c_ms=1.07866 ecn_mark=1167 drop=0
[QUEUE_STATS] t_ms=17424 q_pkts=6 q_bytes=9024 qdelay_l_ms=1.08226 qdelay_c_ms=1.07859 ecn_mark=1169 drop=0
[QUEUE_STATS] t_ms=17440 q_pkts=7 q_bytes=10528 qdelay_l_ms=0.950657 qdelay_c_ms=2.0318 ecn_mark=1170 drop=0
[QUEUE_STATS] t_ms=17456 q_pkts=2 q_bytes=3008 qdelay_l_ms=0.961778 qdelay_c_ms=0.958722 ecn_mark=1170 drop=0
[QUEUE_STATS] t_ms=17472 q_pkts=3 q_bytes=4512 qdelay_l_ms=1.03912 qdelay_c_ms=1.04471 ecn_mark=1172 drop=0
[QUEUE_STATS] t_ms=17488 q_pkts=4 q_bytes=6016 qdelay_l_ms=0.589728 qdelay_c_ms=1.66111 ecn_mark=1172 drop=0
[QUEUE_STATS] t_ms=17504 q_pkts=6 q_bytes=9024 qdelay_l_ms=0.697121 qdelay_c_ms=0.693584 ecn_mark=1173 drop=0
[QUEUE_STATS] t_ms=17520 q_pkts=4 q_bytes=6016 qdelay_l_ms=1.07037 qdelay_c_ms=1.06714 ecn_mark=1174 drop=0
[QUEUE_STATS] t_ms=17536 q_pkts=5 q_bytes=7520 qdelay_l_ms=1.07946 qdelay_c_ms=1.44305 ecn_mark=1175 drop=0
[QUEUE_STATS] t_ms=17552 q_pkts=9 q_bytes=13536 qdelay_l_ms=1.083 qdelay_c_ms=2.73855 ecn_mark=1175 drop=0
[QUEUE_STATS] t_ms=17569 q_pkts=4 q_bytes=6016 qdelay_l_ms=1.06063 qdelay_c_ms=2.14433 ecn_mark=1176 drop=0
[QUEUE_STATS] t_ms=17584 q_pkts=6 q_bytes=9024 qdelay_l_ms=1.07387 qdelay_c_ms=2.11516 ecn_mark=1177 drop=0
[QUEUE_STATS] t_ms=17600 q_pkts=4 q_bytes=6016 qdelay_l_ms=0.967007 qdelay_c_ms=2.07273 ecn_mark=1178 drop=0
[QUEUE_STATS] t_ms=17617 q_pkts=4 q_bytes=6016 qdelay_l_ms=1.06588 qdelay_c_ms=2.15167 ecn_mark=1184 drop=0
[QUEUE_STATS] t_ms=17632 q_pkts=3 q_bytes=4512 qdelay_l_ms=0.996643 qdelay_c_ms=0.993808 ecn_mark=1185 drop=0
[QUEUE_STATS] t_ms=17648 q_pkts=4 q_bytes=6016 qdelay_l_ms=0 qdelay_c_ms=0.954164 ecn_mark=1186 drop=0
[QUEUE_STATS] t_ms=17664 q_pkts=3 q_bytes=4512 qdelay_l_ms=1.04786 qdelay_c_ms=1.05381 ecn_mark=1189 drop=0
[QUEUE_STATS] t_ms=17680 q_pkts=5 q_bytes=7520 qdelay_l_ms=1.06298 qdelay_c_ms=2.16438 ecn_mark=1191 drop=0
[QUEUE_STATS] t_ms=17696 q_pkts=4 q_bytes=6016 qdelay_l_ms=1.07895 qdelay_c_ms=1.07518 ecn_mark=1193 drop=0
[QUEUE_STATS] t_ms=17712 q_pkts=5 q_bytes=7520 qdelay_l_ms=1.07816 qdelay_c_ms=2.13386 ecn_mark=1193 drop=0
[QUEUE_STATS] t_ms=17728 q_pkts=4 q_bytes=6016 qdelay_l_ms=1.06599 qdelay_c_ms=1.06308 ecn_mark=1193 drop=0
[QUEUE_STATS] t_ms=17744 q_pkts=6 q_bytes=9024 qdelay_l_ms=0.929638 qdelay_c_ms=2.04682 ecn_mark=1195 drop=0
[QUEUE_STATS] t_ms=17761 q_pkts=3 q_bytes=4512 qdelay_l_ms=1.07382 qdelay_c_ms=1.06995 ecn_mark=1195 drop=0
[QUEUE_STATS] t_ms=17776 q_pkts=5 q_bytes=7520 qdelay_l_ms=1.02907 qdelay_c_ms=2.10521 ecn_mark=1195 drop=0
[QUEUE_STATS] t_ms=17792 q_pkts=7 q_bytes=10528 qdelay_l_ms=1.08221 qdelay_c_ms=2.03553 ecn_mark=1195 drop=0
[QUEUE_STATS] t_ms=17808 q_pkts=3 q_bytes=4512 qdelay_l_ms=1.06956 qdelay_c_ms=1.06582 ecn_mark=1195 drop=0
[QUEUE_STATS] t_ms=17824 q_pkts=4 q_bytes=6016 qdelay_l_ms=1.04022 qdelay_c_ms=1.03713 ecn_mark=1195 drop=0
[QUEUE_STATS] t_ms=17840 q_pkts=5 q_bytes=7520 qdelay_l_ms=1.07726 qdelay_c_ms=1.07366 ecn_mark=1196 drop=0
[QUEUE_STATS] t_ms=17856 q_pkts=6 q_bytes=9024 qdelay_l_ms=0.689727 qdelay_c_ms=0.68624 ecn_mark=1198 drop=0
[QUEUE_STATS] t_ms=17872 q_pkts=4 q_bytes=6016 qdelay_l_ms=0 qdelay_c_ms=1.08727 ecn_mark=1199 drop=0
[QUEUE_STATS] t_ms=17888 q_pkts=6 q_bytes=9024 qdelay_l_ms=0.931791 qdelay_c_ms=0.928785 ecn_mark=1199 drop=0
[QUEUE_STATS] t_ms=17904 q_pkts=5 q_bytes=7520 qdelay_l_ms=1.0775 qdelay_c_ms=1.95982 ecn_mark=1200 drop=0
[QUEUE_STATS] t_ms=17920 q_pkts=4 q_bytes=6016 qdelay_l_ms=1.07586 qdelay_c_ms=1.07198 ecn_mark=1200 drop=0
[QUEUE_STATS] t_ms=17936 q_pkts=6 q_bytes=9024 qdelay_l_ms=1.0588 qdelay_c_ms=2.18316 ecn_mark=1202 drop=0
[QUEUE_STATS] t_ms=17952 q_pkts=3 q_bytes=4512 qdelay_l_ms=0.924628 qdelay_c_ms=0.921542 ecn_mark=1203 drop=0
[QUEUE_STATS] t_ms=17968 q_pkts=2 q_bytes=3008 qdelay_l_ms=1.0692 qdelay_c_ms=1.94249 ecn_mark=1205 drop=0
[QUEUE_STATS] t_ms=17984 q_pkts=7 q_bytes=10528 qdelay_l_ms=1.03613 qdelay_c_ms=2.10204 ecn_mark=1206 drop=0
[QUEUE_STATS] t_ms=18000 q_pkts=5 q_bytes=7520 qdelay_l_ms=1.03917 qdelay_c_ms=1.03595 ecn_mark=1207 drop=0
[QUEUE_STATS] t_ms=18016 q_pkts=5 q_bytes=7520 qdelay_l_ms=0.894702 qdelay_c_ms=0.891616 ecn_mark=1207 drop=0
[QUEUE_STATS] t_ms=18032 q_pkts=5 q_bytes=7520 qdelay_l_ms=1.05816 qdelay_c_ms=1.07818 ecn_mark=1209 drop=0
[QUEUE_STATS] t_ms=18048 q_pkts=6 q_bytes=9024 qdelay_l_ms=1.08081 qdelay_c_ms=1.07743 ecn_mark=1210 drop=0
[QUEUE_STATS] t_ms=18064 q_pkts=6 q_bytes=9024 qdelay_l_ms=1.0814 qdelay_c_ms=1.07764 ecn_mark=1211 drop=0
[QUEUE_STATS] t_ms=18080 q_pkts=7 q_bytes=10528 qdelay_l_ms=0.884152 qdelay_c_ms=2.01148 ecn_mark=1214 drop=0
[QUEUE_STATS] t_ms=18096 q_pkts=5 q_bytes=7520 qdelay_l_ms=1.0608 qdelay_c_ms=2.13496 ecn_mark=1215 drop=0
[QUEUE_STATS] t_ms=18112 q_pkts=4 q_bytes=6016 qdelay_l_ms=0.681902 qdelay_c_ms=0.676903 ecn_mark=1216 drop=0
[QUEUE_STATS] t_ms=18128 q_pkts=8 q_bytes=12032 qdelay_l_ms=1.08398 qdelay_c_ms=1.98828 ecn_mark=1217 drop=0
[QUEUE_STATS] t_ms=18144 q_pkts=5 q_bytes=7520 qdelay_l_ms=1.01892 qdelay_c_ms=2.14648 ecn_mark=1217 drop=0
[QUEUE_STATS] t_ms=18161 q_pkts=4 q_bytes=6016 qdelay_l_ms=1.08716 qdelay_c_ms=1.0836 ecn_mark=1217 drop=0
[QUEUE_STATS] t_ms=18176 q_pkts=5 q_bytes=7520 qdelay_l_ms=0.921161 qdelay_c_ms=2.03889 ecn_mark=1217 drop=0
[QUEUE_STATS] t_ms=18192 q_pkts=4 q_bytes=6016 qdelay_l_ms=1.07225 qdelay_c_ms=2.13063 ecn_mark=1218 drop=0
[QUEUE_STATS] t_ms=18208 q_pkts=3 q_bytes=4512 qdelay_l_ms=1.06931 qdelay_c_ms=1.06177 ecn_mark=1219 drop=0
[QUEUE_STATS] t_ms=18224 q_pkts=4 q_bytes=6016 qdelay_l_ms=1.08327 qdelay_c_ms=2.11758 ecn_mark=1219 drop=0
[QUEUE_STATS] t_ms=18240 q_pkts=5 q_bytes=7520 qdelay_l_ms=1.08013 qdelay_c_ms=2.14213 ecn_mark=1220 drop=0
[QUEUE_STATS] t_ms=18256 q_pkts=5 q_bytes=7520 qdelay_l_ms=1.08203 qdelay_c_ms=1.07899 ecn_mark=1222 drop=0
[QUEUE_STATS] t_ms=18272 q_pkts=3 q_bytes=4512 qdelay_l_ms=0 qdelay_c_ms=2.1262 ecn_mark=1222 drop=0
[QUEUE_STATS] t_ms=18288 q_pkts=5 q_bytes=7520 qdelay_l_ms=0.922304 qdelay_c_ms=2.03346 ecn_mark=1222 drop=0
[QUEUE_STATS] t_ms=18304 q_pkts=5 q_bytes=7520 qdelay_l_ms=1.06204 qdelay_c_ms=1.95508 ecn_mark=1223 drop=0
[QUEUE_STATS] t_ms=18320 q_pkts=5 q_bytes=7520 qdelay_l_ms=0.908667 qdelay_c_ms=0.905972 ecn_mark=1224 drop=0
[QUEUE_STATS] t_ms=18336 q_pkts=3 q_bytes=4512 qdelay_l_ms=1.07231 qdelay_c_ms=1.47751 ecn_mark=1224 drop=0
[QUEUE_STATS] t_ms=18352 q_pkts=4 q_bytes=6016 qdelay_l_ms=0.912766 qdelay_c_ms=2.03505 ecn_mark=1225 drop=0
[QUEUE_STATS] t_ms=18368 q_pkts=3 q_bytes=4512 qdelay_l_ms=1.06937 qdelay_c_ms=2.12646 ecn_mark=1227 drop=0
[QUEUE_STATS] t_ms=18384 q_pkts=6 q_bytes=9024 qdelay_l_ms=1.08974 qdelay_c_ms=2.14044 ecn_mark=1227 drop=0
[QUEUE_STATS] t_ms=18400 q_pkts=4 q_bytes=6016 qdelay_l_ms=1.07598 qdelay_c_ms=1.98998 ecn_mark=1228 drop=0
[QUEUE_STATS] t_ms=18416 q_pkts=6 q_bytes=9024 qdelay_l_ms=0.892227 qdelay_c_ms=2.00777 ecn_mark=1230 drop=0
[QUEUE_STATS] t_ms=18433 q_pkts=4 q_bytes=6016 qdelay_l_ms=1.07912 qdelay_c_ms=1.07501 ecn_mark=1231 drop=0
[QUEUE_STATS] t_ms=18448 q_pkts=3 q_bytes=4512 qdelay_l_ms=0.921271 qdelay_c_ms=0.918055 ecn_mark=1231 drop=0
[QUEUE_STATS] t_ms=18464 q_pkts=3 q_bytes=4512 qdelay_l_ms=1.05992 qdelay_c_ms=1.07438 ecn_mark=1231 drop=0
[QUEUE_STATS] t_ms=18480 q_pkts=5 q_bytes=7520 qdelay_l_ms=1.0174 qdelay_c_ms=2.08044 ecn_mark=1231 drop=0
[QUEUE_STATS] t_ms=18496 q_pkts=2 q_bytes=3008 qdelay_l_ms=1.07045 qdelay_c_ms=1.95281 ecn_mark=1231 drop=0
[QUEUE_STATS] t_ms=18512 q_pkts=7 q_bytes=10528 qdelay_l_ms=0.854095 qdelay_c_ms=1.97432 ecn_mark=1232 drop=0
[QUEUE_STATS] t_ms=18528 q_pkts=5 q_bytes=7520 qdelay_l_ms=1.05987 qdelay_c_ms=2.13546 ecn_mark=1233 drop=0
[QUEUE_STATS] t_ms=18544 q_pkts=5 q_bytes=7520 qdelay_l_ms=1.01877 qdelay_c_ms=1.01582 ecn_mark=1233 drop=0
[QUEUE_STATS] t_ms=18560 q_pkts=5 q_bytes=7520 qdelay_l_ms=1.06585 qdelay_c_ms=1.91308 ecn_mark=1233 drop=0
[QUEUE_STATS] t_ms=18576 q_pkts=5 q_bytes=7520 qdelay_l_ms=1.07672 qdelay_c_ms=2.13309 ecn_mark=1234 drop=0
[QUEUE_STATS] t_ms=18592 q_pkts=5 q_bytes=7520 qdelay_l_ms=1.07812 qdelay_c_ms=2.07762 ecn_mark=1234 drop=0
[QUEUE_STATS] t_ms=18608 q_pkts=5 q_bytes=7520 qdelay_l_ms=0.860127 qdelay_c_ms=0.85667 ecn_mark=1236 drop=0
[QUEUE_STATS] t_ms=18624 q_pkts=4 q_bytes=6016 qdelay_l_ms=0.839738 qdelay_c_ms=0.833206 ecn_mark=1237 drop=0
[QUEUE_STATS] t_ms=18640 q_pkts=5 q_bytes=7520 qdelay_l_ms=1.03608 qdelay_c_ms=1.03198 ecn_mark=1239 drop=0
[QUEUE_STATS] t_ms=18656 q_pkts=7 q_bytes=10528 qdelay_l_ms=1.0812 qdelay_c_ms=2.09167 ecn_mark=1241 drop=0
[QUEUE_STATS] t_ms=18672 q_pkts=5 q_bytes=7520 qdelay_l_ms=1.06254 qdelay_c_ms=1.92622 ecn_mark=1241 drop=0
[QUEUE_STATS] t_ms=18688 q_pkts=5 q_bytes=7520 qdelay_l_ms=1.07862 qdelay_c_ms=1.07475 ecn_mark=1244 drop=0
[QUEUE_STATS] t_ms=18705 q_pkts=7 q_bytes=10528 qdelay_l_ms=1.07042 qdelay_c_ms=3.21123 ecn_mark=1247 drop=0
[QUEUE_STATS] t_ms=18720 q_pkts=5 q_bytes=7520 qdelay_l_ms=1.07666 qdelay_c_ms=1.91607 ecn_mark=1248 drop=0
[QUEUE_STATS] t_ms=18736 q_pkts=5 q_bytes=7520 qdelay_l_ms=1.07905 qdelay_c_ms=1.07536 ecn_mark=1248 drop=0
[QUEUE_STATS] t_ms=18752 q_pkts=4 q_bytes=6016 qdelay_l_ms=1.06079 qdelay_c_ms=2.18667 ecn_mark=1250 drop=0
[QUEUE_STATS] t_ms=18768 q_pkts=8 q_bytes=12032 qdelay_l_ms=0.872239 qdelay_c_ms=2.00657 ecn_mark=1253 drop=0
[QUEUE_STATS] t_ms=18784 q_pkts=6 q_bytes=9024 qdelay_l_ms=1.0602 qdelay_c_ms=2.13826 ecn_mark=1253 drop=0
[QUEUE_STATS] t_ms=18800 q_pkts=6 q_bytes=9024 qdelay_l_ms=1.06133 qdelay_c_ms=3.27315 ecn_mark=1255 drop=0
[QUEUE_STATS] t_ms=18816 q_pkts=7 q_bytes=10528 qdelay_l_ms=1.0831 qdelay_c_ms=1.9572 ecn_mark=1256 drop=0
[QUEUE_STATS] t_ms=18832 q_pkts=6 q_bytes=9024 qdelay_l_ms=1.08053 qdelay_c_ms=1.43138 ecn_mark=1258 drop=0
[QUEUE_STATS] t_ms=18848 q_pkts=3 q_bytes=4512 qdelay_l_ms=0.901234 qdelay_c_ms=2.90593 ecn_mark=1259 drop=0
[QUEUE_STATS] t_ms=18864 q_pkts=5 q_bytes=7520 qdelay_l_ms=0.902436 qdelay_c_ms=2.00462 ecn_mark=1260 drop=0
[QUEUE_STATS] t_ms=18880 q_pkts=5 q_bytes=7520 qdelay_l_ms=1.03355 qdelay_c_ms=2.11183 ecn_mark=1260 drop=0
[QUEUE_STATS] t_ms=18896 q_pkts=5 q_bytes=7520 qdelay_l_ms=1.08376 qdelay_c_ms=1.98518 ecn_mark=1261 drop=0
[QUEUE_STATS] t_ms=18912 q_pkts=5 q_bytes=7520 qdelay_l_ms=1.06591 qdelay_c_ms=1.063 ecn_mark=1263 drop=0
[QUEUE_STATS] t_ms=18928 q_pkts=4 q_bytes=6016 qdelay_l_ms=1.04908 qdelay_c_ms=2.12539 ecn_mark=1263 drop=0
[QUEUE_STATS] t_ms=18944 q_pkts=6 q_bytes=9024 qdelay_l_ms=1.02492 qdelay_c_ms=2.10179 ecn_mark=1264 drop=0
[QUEUE_STATS] t_ms=18960 q_pkts=5 q_bytes=7520 qdelay_l_ms=1.08008 qdelay_c_ms=1.9874 ecn_mark=1266 drop=0
[QUEUE_STATS] t_ms=18976 q_pkts=6 q_bytes=9024 qdelay_l_ms=1.08088 qdelay_c_ms=1.7681 ecn_mark=1267 drop=0
[QUEUE_STATS] t_ms=18992 q_pkts=5 q_bytes=7520 qdelay_l_ms=0 qdelay_c_ms=2.955 ecn_mark=1269 drop=0
[QUEUE_STATS] t_ms=19008 q_pkts=4 q_bytes=6016 qdelay_l_ms=1.06212 qdelay_c_ms=1.98476 ecn_mark=1269 drop=0
[QUEUE_STATS] t_ms=19024 q_pkts=4 q_bytes=6016 qdelay_l_ms=0.694555 qdelay_c_ms=0.691269 ecn_mark=1269 drop=0
[QUEUE_STATS] t_ms=19040 q_pkts=3 q_bytes=4512 qdelay_l_ms=1.06301 qdelay_c_ms=1.07634 ecn_mark=1271 drop=0
[QUEUE_STATS] t_ms=19056 q_pkts=4 q_bytes=6016 qdelay_l_ms=1.04008 qdelay_c_ms=1.03728 ecn_mark=1273 drop=0
[QUEUE_STATS] t_ms=19072 q_pkts=3 q_bytes=4512 qdelay_l_ms=0.918837 qdelay_c_ms=0.925038 ecn_mark=1275 drop=0
[QUEUE_STATS] t_ms=19088 q_pkts=4 q_bytes=6016 qdelay_l_ms=1.0773 qdelay_c_ms=1.07365 ecn_mark=1275 drop=0
[QUEUE_STATS] t_ms=19105 q_pkts=2 q_bytes=3008 qdelay_l_ms=1.07423 qdelay_c_ms=2.14521 ecn_mark=1277 drop=0
[QUEUE_STATS] t_ms=19120 q_pkts=5 q_bytes=7520 qdelay_l_ms=1.08087 qdelay_c_ms=1.9482 ecn_mark=1279 drop=0
[QUEUE_STATS] t_ms=19136 q_pkts=3 q_bytes=4512 qdelay_l_ms=1.05048 qdelay_c_ms=2.10828 ecn_mark=1280 drop=0
[QUEUE_STATS] t_ms=19152 q_pkts=4 q_bytes=6016 qdelay_l_ms=0.901695 qdelay_c_ms=2.02343 ecn_mark=1282 drop=0
[QUEUE_STATS] t_ms=19168 q_pkts=4 q_bytes=6016 qdelay_l_ms=0.908398 qdelay_c_ms=0.905512 ecn_mark=1284 drop=0
[QUEUE_STATS] t_ms=19184 q_pkts=7 q_bytes=10528 qdelay_l_ms=1.0632 qdelay_c_ms=1.98221 ecn_mark=1284 drop=0
[QUEUE_STATS] t_ms=19200 q_pkts=3 q_bytes=4512 qdelay_l_ms=1.06078 qdelay_c_ms=1.0636 ecn_mark=1286 drop=0
[QUEUE_STATS] t_ms=19216 q_pkts=4 q_bytes=6016 qdelay_l_ms=1.08886 qdelay_c_ms=1.08282 ecn_mark=1286 drop=0
[QUEUE_STATS] t_ms=19232 q_pkts=3 q_bytes=4512 qdelay_l_ms=0.76619 qdelay_c_ms=0.77187 ecn_mark=1286 drop=0
[QUEUE_STATS] t_ms=19248 q_pkts=6 q_bytes=9024 qdelay_l_ms=1.06191 qdelay_c_ms=1.74661 ecn_mark=1288 drop=0
[QUEUE_STATS] t_ms=19264 q_pkts=4 q_bytes=6016 qdelay_l_ms=1.07965 qdelay_c_ms=1.07687 ecn_mark=1288 drop=0
[QUEUE_STATS] t_ms=19280 q_pkts=3 q_bytes=4512 qdelay_l_ms=1.06427 qdelay_c_ms=1.06114 ecn_mark=1288 drop=0
[QUEUE_STATS] t_ms=19296 q_pkts=4 q_bytes=6016 qdelay_l_ms=1.05182 qdelay_c_ms=1.04829 ecn_mark=1288 drop=0
[QUEUE_STATS] t_ms=19312 q_pkts=4 q_bytes=6016 qdelay_l_ms=1.06824 qdelay_c_ms=1.08556 ecn_mark=1289 drop=0
[QUEUE_STATS] t_ms=19328 q_pkts=2 q_bytes=3008 qdelay_l_ms=1.07293 qdelay_c_ms=1.06984 ecn_mark=1290 drop=0
[QUEUE_STATS] t_ms=19344 q_pkts=4 q_bytes=6016 qdelay_l_ms=1.0704 qdelay_c_ms=1.06664 ecn_mark=1290 drop=0
[QUEUE_STATS] t_ms=19360 q_pkts=2 q_bytes=3008 qdelay_l_ms=0.907045 qdelay_c_ms=0 ecn_mark=1291 drop=0
[QUEUE_STATS] t_ms=19376 q_pkts=4 q_bytes=6016 qdelay_l_ms=0 qdelay_c_ms=1.08135 ecn_mark=1292 drop=0
[QUEUE_STATS] t_ms=19392 q_pkts=4 q_bytes=6016 qdelay_l_ms=1.06814 qdelay_c_ms=1.06499 ecn_mark=1292 drop=0
[QUEUE_STATS] t_ms=19408 q_pkts=5 q_bytes=7520 qdelay_l_ms=1.06098 qdelay_c_ms=2.16626 ecn_mark=1292 drop=0
[QUEUE_STATS] t_ms=19424 q_pkts=3 q_bytes=4512 qdelay_l_ms=1.07821 qdelay_c_ms=1.07408 ecn_mark=1292 drop=0
[QUEUE_STATS] t_ms=19440 q_pkts=5 q_bytes=7520 qdelay_l_ms=1.06283 qdelay_c_ms=1.46509 ecn_mark=1293 drop=0
[QUEUE_STATS] t_ms=19456 q_pkts=3 q_bytes=4512 qdelay_l_ms=1.07601 qdelay_c_ms=1.07244 ecn_mark=1294 drop=0
[QUEUE_STATS] t_ms=19472 q_pkts=2 q_bytes=3008 qdelay_l_ms=1.07527 qdelay_c_ms=0 ecn_mark=1295 drop=0
[QUEUE_STATS] t_ms=19488 q_pkts=2 q_bytes=3008 qdelay_l_ms=0.009408 qdelay_c_ms=1.09645 ecn_mark=1297 drop=0
[QUEUE_STATS] t_ms=19504 q_pkts=4 q_bytes=6016 qdelay_l_ms=0 qdelay_c_ms=0.709413 ecn_mark=1298 drop=0
[QUEUE_STATS] t_ms=19520 q_pkts=3 q_bytes=4512 qdelay_l_ms=0 qdelay_c_ms=1.07637 ecn_mark=1298 drop=0
[QUEUE_STATS] t_ms=19536 q_pkts=3 q_bytes=4512 qdelay_l_ms=1.02043 qdelay_c_ms=1.02623 ecn_mark=1298 drop=0
[QUEUE_STATS] t_ms=19552 q_pkts=1 q_bytes=1504 qdelay_l_ms=1.03789 qdelay_c_ms=0 ecn_mark=1298 drop=0
[QUEUE_STATS] t_ms=19568 q_pkts=3 q_bytes=4512 qdelay_l_ms=0.903798 qdelay_c_ms=0.900833 ecn_mark=1301 drop=0
[QUEUE_STATS] t_ms=19584 q_pkts=0 q_bytes=0 qdelay_l_ms=0 qdelay_c_ms=0 ecn_mark=1302 drop=0
[QUEUE_STATS] t_ms=19600 q_pkts=2 q_bytes=3008 qdelay_l_ms=1.02454 qdelay_c_ms=0 ecn_mark=1304 drop=0
[QUEUE_STATS] t_ms=19616 q_pkts=6 q_bytes=9024 qdelay_l_ms=0.660131 qdelay_c_ms=1.69254 ecn_mark=1305 drop=0
[QUEUE_STATS] t_ms=19632 q_pkts=3 q_bytes=4512 qdelay_l_ms=1.07112 qdelay_c_ms=1.06763 ecn_mark=1305 drop=0
[QUEUE_STATS] t_ms=19648 q_pkts=3 q_bytes=4512 qdelay_l_ms=0.667535 qdelay_c_ms=0.680189 ecn_mark=1305 drop=0
[QUEUE_STATS] t_ms=19664 q_pkts=4 q_bytes=6016 qdelay_l_ms=1.07264 qdelay_c_ms=1.06915 ecn_mark=1305 drop=0
[QUEUE_STATS] t_ms=19680 q_pkts=4 q_bytes=6016 qdelay_l_ms=1.02046 qdelay_c_ms=2.12162 ecn_mark=1305 drop=0
[QUEUE_STATS] t_ms=19696 q_pkts=0 q_bytes=0 qdelay_l_ms=0 qdelay_c_ms=0 ecn_mark=1308 drop=0
[QUEUE_STATS] t_ms=19712 q_pkts=3 q_bytes=4512 qdelay_l_ms=0.934807 qdelay_c_ms=0.940938 ecn_mark=1310 drop=0
[QUEUE_STATS] t_ms=19728 q_pkts=3 q_bytes=4512 qdelay_l_ms=0.903028 qdelay_c_ms=0.899862 ecn_mark=1310 drop=0
[QUEUE_STATS] t_ms=19744 q_pkts=4 q_bytes=6016 qdelay_l_ms=1.05099 qdelay_c_ms=2.10627 ecn_mark=1311 drop=0
[QUEUE_STATS] t_ms=19760 q_pkts=3 q_bytes=4512 qdelay_l_ms=1.07832 qdelay_c_ms=1.07393 ecn_mark=1314 drop=0
[QUEUE_STATS] t_ms=19777 q_pkts=1 q_bytes=1504 qdelay_l_ms=1.06755 qdelay_c_ms=0 ecn_mark=1314 drop=0
[QUEUE_STATS] t_ms=19792 q_pkts=2 q_bytes=3008 qdelay_l_ms=1.02478 qdelay_c_ms=1.02146 ecn_mark=1315 drop=0
[QUEUE_STATS] t_ms=19808 q_pkts=3 q_bytes=4512 qdelay_l_ms=1.0352 qdelay_c_ms=2.09281 ecn_mark=1318 drop=0
[QUEUE_STATS] t_ms=19824 q_pkts=2 q_bytes=3008 qdelay_l_ms=1.03526 qdelay_c_ms=0 ecn_mark=1319 drop=0
[QUEUE_STATS] t_ms=19840 q_pkts=3 q_bytes=4512 qdelay_l_ms=1.06261 qdelay_c_ms=1.07726 ecn_mark=1320 drop=0
[QUEUE_STATS] t_ms=19856 q_pkts=1 q_bytes=1504 qdelay_l_ms=1.07204 qdelay_c_ms=0 ecn_mark=1321 drop=0
[QUEUE_STATS] t_ms=19872 q_pkts=5 q_bytes=7520 qdelay_l_ms=1.06058 qdelay_c_ms=2.14097 ecn_mark=1323 drop=0
[QUEUE_STATS] t_ms=19888 q_pkts=2 q_bytes=3008 qdelay_l_ms=1.07673 qdelay_c_ms=0 ecn_mark=1323 drop=0
[QUEUE_STATS] t_ms=19904 q_pkts=3 q_bytes=4512 qdelay_l_ms=1.06284 qdelay_c_ms=1.07574 ecn_mark=1324 drop=0
[QUEUE_STATS] t_ms=19920 q_pkts=1 q_bytes=1504 qdelay_l_ms=1.06589 qdelay_c_ms=0 ecn_mark=1324 drop=0
[QUEUE_STATS] t_ms=19936 q_pkts=3 q_bytes=4512 qdelay_l_ms=1.07886 qdelay_c_ms=1.07461 ecn_mark=1325 drop=0
[QUEUE_STATS] t_ms=19952 q_pkts=4 q_bytes=6016 qdelay_l_ms=0.67558 qdelay_c_ms=0.672764 ecn_mark=1325 drop=0
[QUEUE_STATS] t_ms=19968 q_pkts=4 q_bytes=6016 qdelay_l_ms=1.06788 qdelay_c_ms=1.06412 ecn_mark=1325 drop=0
[QUEUE_STATS] t_ms=19984 q_pkts=3 q_bytes=4512 qdelay_l_ms=0.633591 qdelay_c_ms=0.639562 ecn_mark=1325 drop=0
[QUEUE_STATS] t_ms=20000 q_pkts=6 q_bytes=9024 qdelay_l_ms=0.841321 qdelay_c_ms=1.97178 ecn_mark=1326 drop=0
[QUEUE_STATS] t_ms=20016 q_pkts=3 q_bytes=4512 qdelay_l_ms=1.06101 qdelay_c_ms=1.06705 ecn_mark=1328 drop=0
[QUEUE_STATS] t_ms=20032 q_pkts=2 q_bytes=3008 qdelay_l_ms=1.05946 qdelay_c_ms=1.05581 ecn_mark=1329 drop=0
[QUEUE_STATS] t_ms=20048 q_pkts=6 q_bytes=9024 qdelay_l_ms=0.903959 qdelay_c_ms=0.900833 ecn_mark=1330 drop=0
[QUEUE_STATS] t_ms=20064 q_pkts=3 q_bytes=4512 qdelay_l_ms=0.897266 qdelay_c_ms=0.8941 ecn_mark=1331 drop=0
[QUEUE_STATS] t_ms=20080 q_pkts=5 q_bytes=7520 qdelay_l_ms=1.03348 qdelay_c_ms=1.04581 ecn_mark=1333 drop=0
[QUEUE_STATS] t_ms=20096 q_pkts=3 q_bytes=4512 qdelay_l_ms=1.05307 qdelay_c_ms=1.06787 ecn_mark=1333 drop=0
[QUEUE_STATS] t_ms=20112 q_pkts=2 q_bytes=3008 qdelay_l_ms=1.07039 qdelay_c_ms=0 ecn_mark=1333 drop=0
[QUEUE_STATS] t_ms=20128 q_pkts=6 q_bytes=9024 qdelay_l_ms=0.88319 qdelay_c_ms=0.880385 ecn_mark=1335 drop=0
[QUEUE_STATS] t_ms=20144 q_pkts=5 q_bytes=7520 qdelay_l_ms=1.05861 qdelay_c_ms=1.07014 ecn_mark=1336 drop=0
[QUEUE_STATS] t_ms=20160 q_pkts=2 q_bytes=3008 qdelay_l_ms=1.06093 qdelay_c_ms=0 ecn_mark=1337 drop=0
[QUEUE_STATS] t_ms=20176 q_pkts=2 q_bytes=3008 qdelay_l_ms=1.07039 qdelay_c_ms=1.81211 ecn_mark=1337 drop=0
[QUEUE_STATS] t_ms=20192 q_pkts=5 q_bytes=7520 qdelay_l_ms=1.01782 qdelay_c_ms=1.01438 ecn_mark=1337 drop=0
[QUEUE_STATS] t_ms=20209 q_pkts=2 q_bytes=3008 qdelay_l_ms=1.06914 qdelay_c_ms=0 ecn_mark=1338 drop=0
[QUEUE_STATS] t_ms=20224 q_pkts=3 q_bytes=4512 qdelay_l_ms=1.07684 qdelay_c_ms=1.07333 ecn_mark=1340 drop=0
[QUEUE_STATS] t_ms=20240 q_pkts=4 q_bytes=6016 qdelay_l_ms=1.0127 qdelay_c_ms=1.00971 ecn_mark=1342 drop=0
[QUEUE_STATS] t_ms=20256 q_pkts=3 q_bytes=4512 qdelay_l_ms=1.0344 qdelay_c_ms=2.12728 ecn_mark=1344 drop=0
[QUEUE_STATS] t_ms=20272 q_pkts=3 q_bytes=4512 qdelay_l_ms=0.871808 qdelay_c_ms=0.877068 ecn_mark=1344 drop=0
[QUEUE_STATS] t_ms=20288 q_pkts=1 q_bytes=1504 qdelay_l_ms=0.772201 qdelay_c_ms=0 ecn_mark=1344 drop=0
[QUEUE_STATS] t_ms=20304 q_pkts=3 q_bytes=4512 qdelay_l_ms=1.06218 qdelay_c_ms=1.07218 ecn_mark=1345 drop=0
[QUEUE_STATS] t_ms=20320 q_pkts=4 q_bytes=6016 qdelay_l_ms=1.07084 qdelay_c_ms=1.06809 ecn_mark=1346 drop=0
[QUEUE_STATS] t_ms=20336 q_pkts=3 q_bytes=4512 qdelay_l_ms=1.07237 qdelay_c_ms=1.06916 ecn_mark=1347 drop=0
[QUEUE_STATS] t_ms=20352 q_pkts=3 q_bytes=4512 qdelay_l_ms=1.06293 qdelay_c_ms=1.07645 ecn_mark=1347 drop=0
[QUEUE_STATS] t_ms=20368 q_pkts=2 q_bytes=3008 qdelay_l_ms=1.08334 qdelay_c_ms=0 ecn_mark=1347 drop=0
[QUEUE_STATS] t_ms=20384 q_pkts=4 q_bytes=6016 qdelay_l_ms=0 qdelay_c_ms=2.12262 ecn_mark=1350 drop=0
[QUEUE_STATS] t_ms=20400 q_pkts=3 q_bytes=4512 qdelay_l_ms=0.901835 qdelay_c_ms=0.898629 ecn_mark=1351 drop=0
[QUEUE_STATS] t_ms=20416 q_pkts=3 q_bytes=4512 qdelay_l_ms=1.06602 qdelay_c_ms=1.06288 ecn_mark=1352 drop=0
[QUEUE_STATS] t_ms=20432 q_pkts=3 q_bytes=4512 qdelay_l_ms=0.674277 qdelay_c_ms=1.99605 ecn_mark=1353 drop=0
[QUEUE_STATS] t_ms=20448 q_pkts=5 q_bytes=7520 qdelay_l_ms=1.06164 qdelay_c_ms=1.07352 ecn_mark=1353 drop=0
[QUEUE_STATS] t_ms=20464 q_pkts=1 q_bytes=1504 qdelay_l_ms=1.06675 qdelay_c_ms=0 ecn_mark=1353 drop=0
[QUEUE_STATS] t_ms=20480 q_pkts=5 q_bytes=7520 qdelay_l_ms=1.08269 qdelay_c_ms=1.07865 ecn_mark=1353 drop=0
[QUEUE_STATS] t_ms=20496 q_pkts=4 q_bytes=6016 qdelay_l_ms=0.663978 qdelay_c_ms=0.660422 ecn_mark=1354 drop=0
[QUEUE_STATS] t_ms=20512 q_pkts=5 q_bytes=7520 qdelay_l_ms=1.07641 qdelay_c_ms=1.63386 ecn_mark=1354 drop=0
[QUEUE_STATS] t_ms=20528 q_pkts=4 q_bytes=6016 qdelay_l_ms=0.858393 qdelay_c_ms=0.855568 ecn_mark=1354 drop=0
[QUEUE_STATS] t_ms=20544 q_pkts=2 q_bytes=3008 qdelay_l_ms=1.06692 qdelay_c_ms=1.07045 ecn_mark=1356 drop=0
[QUEUE_STATS] t_ms=20560 q_pkts=4 q_bytes=6016 qdelay_l_ms=0.86179 qdelay_c_ms=0.858584 ecn_mark=1356 drop=0
[QUEUE_STATS] t_ms=20576 q_pkts=5 q_bytes=7520 qdelay_l_ms=0.85672 qdelay_c_ms=0.868502 ecn_mark=1356 drop=0
[QUEUE_STATS] t_ms=20592 q_pkts=2 q_bytes=3008 qdelay_l_ms=1.06813 qdelay_c_ms=1.07178 ecn_mark=1356 drop=0
[QUEUE_STATS] t_ms=20608 q_pkts=1 q_bytes=1504 qdelay_l_ms=0.583506 qdelay_c_ms=0 ecn_mark=1356 drop=0
[QUEUE_STATS] t_ms=20624 q_pkts=1 q_bytes=1504 qdelay_l_ms=0.836973 qdelay_c_ms=0 ecn_mark=1356 drop=0
[QUEUE_STATS] t_ms=20640 q_pkts=2 q_bytes=3008 qdelay_l_ms=1.06964 qdelay_c_ms=0 ecn_mark=1357 drop=0
[QUEUE_STATS] t_ms=20656 q_pkts=1 q_bytes=1504 qdelay_l_ms=1.06112 qdelay_c_ms=0 ecn_mark=1358 drop=0
[QUEUE_STATS] t_ms=20672 q_pkts=3 q_bytes=4512 qdelay_l_ms=1.07702 qdelay_c_ms=1.0594 ecn_mark=1358 drop=0
[QUEUE_STATS] t_ms=20688 q_pkts=1 q_bytes=1504 qdelay_l_ms=0.63867 qdelay_c_ms=0 ecn_mark=1360 drop=0
[QUEUE_STATS] t_ms=20704 q_pkts=5 q_bytes=7520 qdelay_l_ms=1.06286 qdelay_c_ms=1.39665 ecn_mark=1362 drop=0
[QUEUE_STATS] t_ms=20720 q_pkts=2 q_bytes=3008 qdelay_l_ms=0 qdelay_c_ms=0.665311 ecn_mark=1363 drop=0
[QUEUE_STATS] t_ms=20736 q_pkts=4 q_bytes=6016 qdelay_l_ms=0.896425 qdelay_c_ms=0.893349 ecn_mark=1365 drop=0
[QUEUE_STATS] t_ms=20752 q_pkts=3 q_bytes=4512 qdelay_l_ms=0.88326 qdelay_c_ms=0.880244 ecn_mark=1365 drop=0
[QUEUE_STATS] t_ms=20768 q_pkts=1 q_bytes=1504 qdelay_l_ms=0.97904 qdelay_c_ms=0 ecn_mark=1365 drop=0
[QUEUE_STATS] t_ms=20784 q_pkts=1 q_bytes=1504 qdelay_l_ms=0.802939 qdelay_c_ms=0 ecn_mark=1365 drop=0
[QUEUE_STATS] t_ms=20800 q_pkts=1 q_bytes=1504 qdelay_l_ms=1.06931 qdelay_c_ms=0 ecn_mark=1366 drop=0
[QUEUE_STATS] t_ms=20817 q_pkts=4 q_bytes=6016 qdelay_l_ms=1.05052 qdelay_c_ms=1.06853 ecn_mark=1368 drop=0
[QUEUE_STATS] t_ms=20832 q_pkts=4 q_bytes=6016 qdelay_l_ms=1.07757 qdelay_c_ms=1.07394 ecn_mark=1368 drop=0
[QUEUE_STATS] t_ms=20848 q_pkts=5 q_bytes=7520 qdelay_l_ms=0.97355 qdelay_c_ms=0.970654 ecn_mark=1369 drop=0
[QUEUE_STATS] t_ms=20864 q_pkts=3 q_bytes=4512 qdelay_l_ms=1.05227 qdelay_c_ms=1.04949 ecn_mark=1370 drop=0
[QUEUE_STATS] t_ms=20880 q_pkts=3 q_bytes=4512 qdelay_l_ms=1.0605 qdelay_c_ms=1.05778 ecn_mark=1370 drop=0
[QUEUE_STATS] t_ms=20896 q_pkts=3 q_bytes=4512 qdelay_l_ms=1.05514 qdelay_c_ms=1.06783 ecn_mark=1371 drop=0
[QUEUE_STATS] t_ms=20912 q_pkts=2 q_bytes=3008 qdelay_l_ms=1.06 qdelay_c_ms=1.06916 ecn_mark=1371 drop=0
[QUEUE_STATS] t_ms=20928 q_pkts=2 q_bytes=3008 qdelay_l_ms=0.643188 qdelay_c_ms=0 ecn_mark=1373 drop=0
[QUEUE_STATS] t_ms=20944 q_pkts=3 q_bytes=4512 qdelay_l_ms=0.785947 qdelay_c_ms=0.791848 ecn_mark=1373 drop=0
[QUEUE_STATS] t_ms=20960 q_pkts=3 q_bytes=4512 qdelay_l_ms=0.943824 qdelay_c_ms=2.20114 ecn_mark=1374 drop=0
[QUEUE_STATS] t_ms=20976 q_pkts=4 q_bytes=6016 qdelay_l_ms=0.93629 qdelay_c_ms=0.933334 ecn_mark=1374 drop=0
[QUEUE_STATS] t_ms=20992 q_pkts=3 q_bytes=4512 qdelay_l_ms=1.06273 qdelay_c_ms=1.07554 ecn_mark=1376 drop=0
[QUEUE_STATS] t_ms=21008 q_pkts=6 q_bytes=9024 qdelay_l_ms=0.984841 qdelay_c_ms=0.982376 ecn_mark=1376 drop=0
[QUEUE_STATS] t_ms=21024 q_pkts=2 q_bytes=3008 qdelay_l_ms=1.06399 qdelay_c_ms=0 ecn_mark=1376 drop=0
[QUEUE_STATS] t_ms=21040 q_pkts=3 q_bytes=4512 qdelay_l_ms=1.08009 qdelay_c_ms=1.07492 ecn_mark=1376 drop=0
[QUEUE_STATS] t_ms=21056 q_pkts=4 q_bytes=6016 qdelay_l_ms=1.07777 qdelay_c_ms=1.07441 ecn_mark=1377 drop=0
[QUEUE_STATS] t_ms=21072 q_pkts=4 q_bytes=6016 qdelay_l_ms=1.07229 qdelay_c_ms=1.08977 ecn_mark=1378 drop=0
[QUEUE_STATS] t_ms=21088 q_pkts=4 q_bytes=6016 qdelay_l_ms=1.08951 qdelay_c_ms=1.08256 ecn_mark=1380 drop=0
[QUEUE_STATS] t_ms=21104 q_pkts=1 q_bytes=1504 qdelay_l_ms=1.07703 qdelay_c_ms=0 ecn_mark=1381 drop=0
[QUEUE_STATS] t_ms=21120 q_pkts=3 q_bytes=4512 qdelay_l_ms=1.0835 qdelay_c_ms=1.07709 ecn_mark=1382 drop=0
[QUEUE_STATS] t_ms=21136 q_pkts=3 q_bytes=4512 qdelay_l_ms=0.751452 qdelay_c_ms=1.85658 ecn_mark=1383 drop=0
[QUEUE_STATS] t_ms=21152 q_pkts=5 q_bytes=7520 qdelay_l_ms=0.861689 qdelay_c_ms=0.898248 ecn_mark=1384 drop=0
[QUEUE_STATS] t_ms=21168 q_pkts=2 q_bytes=3008 qdelay_l_ms=1.0748 qdelay_c_ms=0 ecn_mark=1385 drop=0
[QUEUE_STATS] t_ms=21184 q_pkts=0 q_bytes=0 qdelay_l_ms=0 qdelay_c_ms=0 ecn_mark=1387 drop=0
[QUEUE_STATS] t_ms=21200 q_pkts=3 q_bytes=4512 qdelay_l_ms=0.95241 qdelay_c_ms=0.945106 ecn_mark=1388 drop=0
[QUEUE_STATS] t_ms=21216 q_pkts=4 q_bytes=6016 qdelay_l_ms=1.0735 qdelay_c_ms=1.0666 ecn_mark=1389 drop=0
[QUEUE_STATS] t_ms=21232 q_pkts=4 q_bytes=6016 qdelay_l_ms=0.947841 qdelay_c_ms=0.959423 ecn_mark=1389 drop=0
[QUEUE_STATS] t_ms=21248 q_pkts=2 q_bytes=3008 qdelay_l_ms=0.76598 qdelay_c_ms=0 ecn_mark=1389 drop=0
[QUEUE_STATS] t_ms=21264 q_pkts=6 q_bytes=9024 qdelay_l_ms=1.10182 qdelay_c_ms=1.09394 ecn_mark=1391 drop=0
[QUEUE_STATS] t_ms=21280 q_pkts=4 q_bytes=6016 qdelay_l_ms=1.0399 qdelay_c_ms=1.06329 ecn_mark=1392 drop=0
[QUEUE_STATS] t_ms=21296 q_pkts=3 q_bytes=4512 qdelay_l_ms=1.06728 qdelay_c_ms=1.0738 ecn_mark=1393 drop=0
[QUEUE_STATS] t_ms=21312 q_pkts=3 q_bytes=4512 qdelay_l_ms=0.9525 qdelay_c_ms=0.946278 ecn_mark=1393 drop=0
[QUEUE_STATS] t_ms=21328 q_pkts=4 q_bytes=6016 qdelay_l_ms=0.505409 qdelay_c_ms=0.497404 ecn_mark=1393 drop=0
[QUEUE_STATS] t_ms=21344 q_pkts=3 q_bytes=4512 qdelay_l_ms=1.08278 qdelay_c_ms=1.07658 ecn_mark=1395 drop=0
[QUEUE_STATS] t_ms=21360 q_pkts=2 q_bytes=3008 qdelay_l_ms=1.07378 qdelay_c_ms=0 ecn_mark=1396 drop=0
[QUEUE_STATS] t_ms=21376 q_pkts=2 q_bytes=3008 qdelay_l_ms=0.957059 qdelay_c_ms=0 ecn_mark=1396 drop=0
[QUEUE_STATS] t_ms=21392 q_pkts=2 q_bytes=3008 qdelay_l_ms=1.07705 qdelay_c_ms=2.87308 ecn_mark=1396 drop=0
[QUEUE_STATS] t_ms=21408 q_pkts=3 q_bytes=4512 qdelay_l_ms=1.03991 qdelay_c_ms=1.0346 ecn_mark=1398 drop=0
[QUEUE_STATS] t_ms=21424 q_pkts=4 q_bytes=6016 qdelay_l_ms=0.975614 qdelay_c_ms=0.994639 ecn_mark=1398 drop=0
[QUEUE_STATS] t_ms=21440 q_pkts=5 q_bytes=7520 qdelay_l_ms=0.626518 qdelay_c_ms=0.656605 ecn_mark=1398 drop=0
[QUEUE_STATS] t_ms=21456 q_pkts=4 q_bytes=6016 qdelay_l_ms=1.09322 qdelay_c_ms=1.08615 ecn_mark=1398 drop=0
[QUEUE_STATS] t_ms=21472 q_pkts=1 q_bytes=1504 qdelay_l_ms=1.07877 qdelay_c_ms=0 ecn_mark=1398 drop=0
[QUEUE_STATS] t_ms=21488 q_pkts=6 q_bytes=9024 qdelay_l_ms=0.90989 qdelay_c_ms=0.902536 ecn_mark=1401 drop=0
[QUEUE_STATS] t_ms=21504 q_pkts=4 q_bytes=6016 qdelay_l_ms=1.11475 qdelay_c_ms=2.16141 ecn_mark=1402 drop=0
[QUEUE_STATS] t_ms=21520 q_pkts=4 q_bytes=6016 qdelay_l_ms=0.924458 qdelay_c_ms=0.917425 ecn_mark=1404 drop=0
[QUEUE_STATS] t_ms=21536 q_pkts=4 q_bytes=6016 qdelay_l_ms=0.978058 qdelay_c_ms=0.972899 ecn_mark=1404 drop=0
[QUEUE_STATS] t_ms=21553 q_pkts=3 q_bytes=4512 qdelay_l_ms=1.05574 qdelay_c_ms=1.07462 ecn_mark=1404 drop=0
[QUEUE_STATS] t_ms=21568 q_pkts=5 q_bytes=7520 qdelay_l_ms=0.874954 qdelay_c_ms=0.912324 ecn_mark=1404 drop=0
[QUEUE_STATS] t_ms=21584 q_pkts=3 q_bytes=4512 qdelay_l_ms=1.07368 qdelay_c_ms=1.06383 ecn_mark=1404 drop=0
[QUEUE_STATS] t_ms=21600 q_pkts=3 q_bytes=4512 qdelay_l_ms=0.608574 qdelay_c_ms=0.615487 ecn_mark=1404 drop=0
[QUEUE_STATS] t_ms=21616 q_pkts=4 q_bytes=6016 qdelay_l_ms=0.89916 qdelay_c_ms=0.921241 ecn_mark=1406 drop=0
[QUEUE_STATS] t_ms=21632 q_pkts=6 q_bytes=9024 qdelay_l_ms=0.72371 qdelay_c_ms=0.717328 ecn_mark=1406 drop=0
[QUEUE_STATS] t_ms=21648 q_pkts=5 q_bytes=7520 qdelay_l_ms=0.682283 qdelay_c_ms=1.76682 ecn_mark=1407 drop=0
[QUEUE_STATS] t_ms=21664 q_pkts=2 q_bytes=3008 qdelay_l_ms=1.08334 qdelay_c_ms=0 ecn_mark=1408 drop=0
[QUEUE_STATS] t_ms=21680 q_pkts=4 q_bytes=6016 qdelay_l_ms=1.08488 qdelay_c_ms=1.07903 ecn_mark=1409 drop=0
[QUEUE_STATS] t_ms=21696 q_pkts=4 q_bytes=6016 qdelay_l_ms=1.07822 qdelay_c_ms=1.07263 ecn_mark=1409 drop=0
[QUEUE_STATS] t_ms=21712 q_pkts=2 q_bytes=3008 qdelay_l_ms=1.07283 qdelay_c_ms=0 ecn_mark=1412 drop=0
[QUEUE_STATS] t_ms=21728 q_pkts=6 q_bytes=9024 qdelay_l_ms=1.06545 qdelay_c_ms=1.09916 ecn_mark=1414 drop=0
[QUEUE_STATS] t_ms=21744 q_pkts=7 q_bytes=10528 qdelay_l_ms=1.09851 qdelay_c_ms=1.09223 ecn_mark=1414 drop=0
[QUEUE_STATS] t_ms=21760 q_pkts=4 q_bytes=6016 qdelay_l_ms=0.902035 qdelay_c_ms=0.88851 ecn_mark=1414 drop=0
[QUEUE_STATS] t_ms=21776 q_pkts=2 q_bytes=3008 qdelay_l_ms=1.08386 qdelay_c_ms=0 ecn_mark=1415 drop=0
[QUEUE_STATS] t_ms=21792 q_pkts=2 q_bytes=3008 qdelay_l_ms=1.08005 qdelay_c_ms=0 ecn_mark=1416 drop=0
[QUEUE_STATS] t_ms=21808 q_pkts=2 q_bytes=3008 qdelay_l_ms=0.895573 qdelay_c_ms=0 ecn_mark=1417 drop=0
[QUEUE_STATS] t_ms=21824 q_pkts=3 q_bytes=4512 qdelay_l_ms=0.80324 qdelay_c_ms=0.820372 ecn_mark=1420 drop=0
[QUEUE_STATS] t_ms=21840 q_pkts=5 q_bytes=7520 qdelay_l_ms=1.06651 qdelay_c_ms=1.10125 ecn_mark=1422 drop=0
[QUEUE_STATS] t_ms=21856 q_pkts=2 q_bytes=3008 qdelay_l_ms=0 qdelay_c_ms=1.08167 ecn_mark=1423 drop=0
[QUEUE_STATS] t_ms=21872 q_pkts=6 q_bytes=9024 qdelay_l_ms=1.09316 qdelay_c_ms=1.07627 ecn_mark=1423 drop=0
[QUEUE_STATS] t_ms=21888 q_pkts=3 q_bytes=4512 qdelay_l_ms=0.575652 qdelay_c_ms=0.593275 ecn_mark=1425 drop=0
[QUEUE_STATS] t_ms=21904 q_pkts=2 q_bytes=3008 qdelay_l_ms=0.940607 qdelay_c_ms=0.94714 ecn_mark=1426 drop=0
[QUEUE_STATS] t_ms=21920 q_pkts=6 q_bytes=9024 qdelay_l_ms=1.07195 qdelay_c_ms=1.06589 ecn_mark=1426 drop=0
[QUEUE_STATS] t_ms=21936 q_pkts=4 q_bytes=6016 qdelay_l_ms=1.08037 qdelay_c_ms=1.07041 ecn_mark=1428 drop=0
[QUEUE_STATS] t_ms=21952 q_pkts=4 q_bytes=6016 qdelay_l_ms=1.09326 qdelay_c_ms=1.08501 ecn_mark=1429 drop=0
[QUEUE_STATS] t_ms=21968 q_pkts=5 q_bytes=7520 qdelay_l_ms=1.04871 qdelay_c_ms=1.0777 ecn_mark=1429 drop=0
[QUEUE_STATS] t_ms=21984 q_pkts=4 q_bytes=6016 qdelay_l_ms=1.07241 qdelay_c_ms=1.08525 ecn_mark=1429 drop=0
[QUEUE_STATS] t_ms=22000 q_pkts=4 q_bytes=6016 qdelay_l_ms=0.809491 qdelay_c_ms=0.802238 ecn_mark=1429 drop=0
[QUEUE_STATS] t_ms=22016 q_pkts=3 q_bytes=4512 qdelay_l_ms=0.870777 qdelay_c_ms=0.880655 ecn_mark=1430 drop=0
[QUEUE_STATS] t_ms=22032 q_pkts=2 q_bytes=3008 qdelay_l_ms=0.885645 qdelay_c_ms=0 ecn_mark=1431 drop=0
[QUEUE_STATS] t_ms=22048 q_pkts=5 q_bytes=7520 qdelay_l_ms=0.678735 qdelay_c_ms=1.72322 ecn_mark=1431 drop=0
[QUEUE_STATS] t_ms=22064 q_pkts=4 q_bytes=6016 qdelay_l_ms=1.06124 qdelay_c_ms=1.07389 ecn_mark=1431 drop=0
[QUEUE_STATS] t_ms=22080 q_pkts=2 q_bytes=3008 qdelay_l_ms=1.08123 qdelay_c_ms=1.07514 ecn_mark=1432 drop=0
[QUEUE_STATS] t_ms=22096 q_pkts=3 q_bytes=4512 qdelay_l_ms=1.07721 qdelay_c_ms=1.07168 ecn_mark=1435 drop=0
[QUEUE_STATS] t_ms=22112 q_pkts=4 q_bytes=6016 qdelay_l_ms=1.07256 qdelay_c_ms=1.09858 ecn_mark=1435 drop=0
[QUEUE_STATS] t_ms=22128 q_pkts=2 q_bytes=3008 qdelay_l_ms=0.599397 qdelay_c_ms=0 ecn_mark=1435 drop=0
[QUEUE_STATS] t_ms=22144 q_pkts=2 q_bytes=3008 qdelay_l_ms=1.08369 qdelay_c_ms=0 ecn_mark=1437 drop=0
[QUEUE_STATS] t_ms=22160 q_pkts=2 q_bytes=3008 qdelay_l_ms=1.09141 qdelay_c_ms=1.10053 ecn_mark=1438 drop=0
[QUEUE_STATS] t_ms=22176 q_pkts=5 q_bytes=7520 qdelay_l_ms=0 qdelay_c_ms=2.15885 ecn_mark=1439 drop=0
[QUEUE_STATS] t_ms=22192 q_pkts=4 q_bytes=6016 qdelay_l_ms=0.699845 qdelay_c_ms=0.689857 ecn_mark=1440 drop=0
[QUEUE_STATS] t_ms=22208 q_pkts=3 q_bytes=4512 qdelay_l_ms=1.07322 qdelay_c_ms=1.10312 ecn_mark=1441 drop=0
[QUEUE_STATS] t_ms=22224 q_pkts=3 q_bytes=4512 qdelay_l_ms=1.06387 qdelay_c_ms=1.05687 ecn_mark=1441 drop=0
[QUEUE_STATS] t_ms=22240 q_pkts=4 q_bytes=6016 qdelay_l_ms=1.08074 qdelay_c_ms=2.124 ecn_mark=1442 drop=0
[QUEUE_STATS] t_ms=22256 q_pkts=4 q_bytes=6016 qdelay_l_ms=0.629603 qdelay_c_ms=0.670139 ecn_mark=1444 drop=0
[QUEUE_STATS] t_ms=22272 q_pkts=2 q_bytes=3008 qdelay_l_ms=1.06315 qdelay_c_ms=0 ecn_mark=1444 drop=0
[QUEUE_STATS] t_ms=22288 q_pkts=4 q_bytes=6016 qdelay_l_ms=0.737837 qdelay_c_ms=0.729722 ecn_mark=1445 drop=0
[QUEUE_STATS] t_ms=22304 q_pkts=6 q_bytes=9024 qdelay_l_ms=0.683114 qdelay_c_ms=1.77109 ecn_mark=1447 drop=0
[QUEUE_STATS] t_ms=22320 q_pkts=3 q_bytes=4512 qdelay_l_ms=1.06345 qdelay_c_ms=1.10141 ecn_mark=1449 drop=0
[QUEUE_STATS] t_ms=22336 q_pkts=5 q_bytes=7520 qdelay_l_ms=1.07051 qdelay_c_ms=1.13744 ecn_mark=1450 drop=0
[QUEUE_STATS] t_ms=22352 q_pkts=3 q_bytes=4512 qdelay_l_ms=1.11738 qdelay_c_ms=1.10838 ecn_mark=1451 drop=0
[QUEUE_STATS] t_ms=22368 q_pkts=4 q_bytes=6016 qdelay_l_ms=0.598255 qdelay_c_ms=1.70946 ecn_mark=1452 drop=0
[QUEUE_STATS] t_ms=22384 q_pkts=4 q_bytes=6016 qdelay_l_ms=1.07452 qdelay_c_ms=1.06618 ecn_mark=1453 drop=0
[QUEUE_STATS] t_ms=22400 q_pkts=3 q_bytes=4512 qdelay_l_ms=1.0743 qdelay_c_ms=1.0831 ecn_mark=1453 drop=0
[QUEUE_STATS] t_ms=22416 q_pkts=4 q_bytes=6016 qdelay_l_ms=1.04648 qdelay_c_ms=1.08306 ecn_mark=1456 drop=0
[QUEUE_STATS] t_ms=22433 q_pkts=5 q_bytes=7520 qdelay_l_ms=1.10889 qdelay_c_ms=2.16728 ecn_mark=1458 drop=0
[QUEUE_STATS] t_ms=22448 q_pkts=4 q_bytes=6016 qdelay_l_ms=1.11515 qdelay_c_ms=1.10588 ecn_mark=1458 drop=0
[QUEUE_STATS] t_ms=22464 q_pkts=3 q_bytes=4512 qdelay_l_ms=1.10523 qdelay_c_ms=1.09697 ecn_mark=1459 drop=0
[QUEUE_STATS] t_ms=22480 q_pkts=0 q_bytes=0 qdelay_l_ms=0 qdelay_c_ms=0 ecn_mark=1459 drop=0
[QUEUE_STATS] t_ms=22496 q_pkts=6 q_bytes=9024 qdelay_l_ms=1.07342 qdelay_c_ms=1.11543 ecn_mark=1461 drop=0
[QUEUE_STATS] t_ms=22512 q_pkts=4 q_bytes=6016 qdelay_l_ms=1.05734 qdelay_c_ms=1.05025 ecn_mark=1462 drop=0
[QUEUE_STATS] t_ms=22528 q_pkts=4 q_bytes=6016 qdelay_l_ms=0.886826 qdelay_c_ms=0.877559 ecn_mark=1462 drop=0
[QUEUE_STATS] t_ms=22544 q_pkts=3 q_bytes=4512 qdelay_l_ms=1.07224 qdelay_c_ms=1.10015 ecn_mark=1462 drop=0
[QUEUE_STATS] t_ms=22560 q_pkts=4 q_bytes=6016 qdelay_l_ms=1.08587 qdelay_c_ms=1.07861 ecn_mark=1462 drop=0
[QUEUE_STATS] t_ms=22576 q_pkts=5 q_bytes=7520 qdelay_l_ms=0.864385 qdelay_c_ms=1.91271 ecn_mark=1463 drop=0
[QUEUE_STATS] t_ms=22592 q_pkts=4 q_bytes=6016 qdelay_l_ms=0.915962 qdelay_c_ms=2.00854 ecn_mark=1463 drop=0
[QUEUE_STATS] t_ms=22608 q_pkts=4 q_bytes=6016 qdelay_l_ms=1.11009 qdelay_c_ms=1.10098 ecn_mark=1465 drop=0
[QUEUE_STATS] t_ms=22624 q_pkts=3 q_bytes=4512 qdelay_l_ms=1.09233 qdelay_c_ms=2.17297 ecn_mark=1465 drop=0
[QUEUE_STATS] t_ms=22640 q_pkts=4 q_bytes=6016 qdelay_l_ms=1.10851 qdelay_c_ms=1.09919 ecn_mark=1465 drop=0
[QUEUE_STATS] t_ms=22656 q_pkts=3 q_bytes=4512 qdelay_l_ms=1.07962 qdelay_c_ms=1.06956 ecn_mark=1466 drop=0
[QUEUE_STATS] t_ms=22672 q_pkts=4 q_bytes=6016 qdelay_l_ms=1.07949 qdelay_c_ms=2.15804 ecn_mark=1466 drop=0
[QUEUE_STATS] t_ms=22688 q_pkts=6 q_bytes=9024 qdelay_l_ms=0.576544 qdelay_c_ms=0.55311 ecn_mark=1468 drop=0
[QUEUE_STATS] t_ms=22704 q_pkts=4 q_bytes=6016 qdelay_l_ms=1.04712 qdelay_c_ms=1.03497 ecn_mark=1468 drop=0
[QUEUE_STATS] t_ms=22720 q_pkts=4 q_bytes=6016 qdelay_l_ms=1.09395 qdelay_c_ms=1.08329 ecn_mark=1468 drop=0
[QUEUE_STATS] t_ms=22736 q_pkts=6 q_bytes=9024 qdelay_l_ms=0.588766 qdelay_c_ms=2.0554 ecn_mark=1468 drop=0
[QUEUE_STATS] t_ms=22752 q_pkts=5 q_bytes=7520 qdelay_l_ms=0.573578 qdelay_c_ms=0.564771 ecn_mark=1468 drop=0
[QUEUE_STATS] t_ms=22768 q_pkts=2 q_bytes=3008 qdelay_l_ms=1.08724 qdelay_c_ms=1.09474 ecn_mark=1469 drop=0
[QUEUE_STATS] t_ms=22784 q_pkts=4 q_bytes=6016 qdelay_l_ms=1.11219 qdelay_c_ms=1.93343 ecn_mark=1470 drop=0
[QUEUE_STATS] t_ms=22800 q_pkts=4 q_bytes=6016 qdelay_l_ms=1.08098 qdelay_c_ms=1.07081 ecn_mark=1471 drop=0
[QUEUE_STATS] t_ms=22816 q_pkts=2 q_bytes=3008 qdelay_l_ms=1.08592 qdelay_c_ms=0 ecn_mark=1471 drop=0
[QUEUE_STATS] t_ms=22832 q_pkts=4 q_bytes=6016 qdelay_l_ms=1.08555 qdelay_c_ms=1.05488 ecn_mark=1472 drop=0
[QUEUE_STATS] t_ms=22848 q_pkts=3 q_bytes=4512 qdelay_l_ms=0.875606 qdelay_c_ms=0.869284 ecn_mark=1473 drop=0
[QUEUE_STATS] t_ms=22864 q_pkts=4 q_bytes=6016 qdelay_l_ms=1.09879 qdelay_c_ms=1.0889 ecn_mark=1473 drop=0
[QUEUE_STATS] t_ms=22880 q_pkts=2 q_bytes=3008 qdelay_l_ms=1.10262 qdelay_c_ms=0 ecn_mark=1473 drop=0
[QUEUE_STATS] t_ms=22896 q_pkts=5 q_bytes=7520 qdelay_l_ms=1.06301 qdelay_c_ms=1.05272 ecn_mark=1473 drop=0
[QUEUE_STATS] t_ms=22912 q_pkts=7 q_bytes=10528 qdelay_l_ms=1.10209 qdelay_c_ms=1.09256 ecn_mark=1473 drop=0
[QUEUE_STATS] t_ms=22928 q_pkts=6 q_bytes=9024 qdelay_l_ms=1.10193 qdelay_c_ms=1.09355 ecn_mark=1474 drop=0
[QUEUE_STATS] t_ms=22944 q_pkts=2 q_bytes=3008 qdelay_l_ms=0.923876 qdelay_c_ms=0 ecn_mark=1475 drop=0
[QUEUE_STATS] t_ms=22960 q_pkts=5 q_bytes=7520 qdelay_l_ms=1.10036 qdelay_c_ms=2.14662 ecn_mark=1475 drop=0
[QUEUE_STATS] t_ms=22976 q_pkts=4 q_bytes=6016 qdelay_l_ms=1.06264 qdelay_c_ms=1.04977 ecn_mark=1476 drop=0
[QUEUE_STATS] t_ms=22992 q_pkts=3 q_bytes=4512 qdelay_l_ms=0.564561 qdelay_c_ms=0.556225 ecn_mark=1478 drop=0
[QUEUE_STATS] t_ms=23008 q_pkts=6 q_bytes=9024 qdelay_l_ms=1.07601 qdelay_c_ms=2.14886 ecn_mark=1478 drop=0
[QUEUE_STATS] t_ms=23024 q_pkts=6 q_bytes=9024 qdelay_l_ms=0.864355 qdelay_c_ms=0.854225 ecn_mark=1480 drop=0
[QUEUE_STATS] t_ms=23040 q_pkts=3 q_bytes=4512 qdelay_l_ms=1.10529 qdelay_c_ms=1.09463 ecn_mark=1483 drop=0
[QUEUE_STATS] t_ms=23056 q_pkts=5 q_bytes=7520 qdelay_l_ms=1.12856 qdelay_c_ms=1.92687 ecn_mark=1483 drop=0
[QUEUE_STATS] t_ms=23072 q_pkts=5 q_bytes=7520 qdelay_l_ms=1.09488 qdelay_c_ms=1.08569 ecn_mark=1484 drop=0
[QUEUE_STATS] t_ms=23088 q_pkts=4 q_bytes=6016 qdelay_l_ms=1.09945 qdelay_c_ms=1.09043 ecn_mark=1485 drop=0
[QUEUE_STATS] t_ms=23104 q_pkts=4 q_bytes=6016 qdelay_l_ms=1.09687 qdelay_c_ms=2.1888 ecn_mark=1488 drop=0
[QUEUE_STATS] t_ms=23120 q_pkts=5 q_bytes=7520 qdelay_l_ms=1.03602 qdelay_c_ms=2.07884 ecn_mark=1491 drop=0
[QUEUE_STATS] t_ms=23136 q_pkts=4 q_bytes=6016 qdelay_l_ms=1.11097 qdelay_c_ms=1.10285 ecn_mark=1491 drop=0
[QUEUE_STATS] t_ms=23153 q_pkts=4 q_bytes=6016 qdelay_l_ms=1.06712 qdelay_c_ms=2.21932 ecn_mark=1491 drop=0
[QUEUE_STATS] t_ms=23168 q_pkts=2 q_bytes=3008 qdelay_l_ms=1.1036 qdelay_c_ms=0 ecn_mark=1492 drop=0
[QUEUE_STATS] t_ms=23184 q_pkts=3 q_bytes=4512 qdelay_l_ms=0.55322 qdelay_c_ms=0.542911 ecn_mark=1493 drop=0
[QUEUE_STATS] t_ms=23200 q_pkts=3 q_bytes=4512 qdelay_l_ms=0.863163 qdelay_c_ms=0.852823 ecn_mark=1495 drop=0
[QUEUE_STATS] t_ms=23216 q_pkts=2 q_bytes=3008 qdelay_l_ms=0.556156 qdelay_c_ms=0 ecn_mark=1495 drop=0
[QUEUE_STATS] t_ms=23232 q_pkts=4 q_bytes=6016 qdelay_l_ms=1.1076 qdelay_c_ms=2.14055 ecn_mark=1498 drop=0
[QUEUE_STATS] t_ms=23248 q_pkts=4 q_bytes=6016 qdelay_l_ms=1.12387 qdelay_c_ms=1.1156 ecn_mark=1500 drop=0
[QUEUE_STATS] t_ms=23264 q_pkts=5 q_bytes=7520 qdelay_l_ms=1.10117 qdelay_c_ms=1.07119 ecn_mark=1502 drop=0
[QUEUE_STATS] t_ms=23280 q_pkts=3 q_bytes=4512 qdelay_l_ms=0.849877 qdelay_c_ms=1.97904 ecn_mark=1504 drop=0
[QUEUE_STATS] t_ms=23296 q_pkts=5 q_bytes=7520 qdelay_l_ms=1.11609 qdelay_c_ms=1.10584 ecn_mark=1505 drop=0
[QUEUE_STATS] t_ms=23312 q_pkts=5 q_bytes=7520 qdelay_l_ms=0.504979 qdelay_c_ms=0.572385 ecn_mark=1506 drop=0
[QUEUE_STATS] t_ms=23328 q_pkts=2 q_bytes=3008 qdelay_l_ms=1.1 qdelay_c_ms=0 ecn_mark=1506 drop=0
[QUEUE_STATS] t_ms=23344 q_pkts=3 q_bytes=4512 qdelay_l_ms=1.10853 qdelay_c_ms=1.09858 ecn_mark=1508 drop=0
[QUEUE_STATS] t_ms=23360 q_pkts=6 q_bytes=9024 qdelay_l_ms=1.13002 qdelay_c_ms=1.11932 ecn_mark=1509 drop=0
[QUEUE_STATS] t_ms=23376 q_pkts=4 q_bytes=6016 qdelay_l_ms=1.09754 qdelay_c_ms=1.08983 ecn_mark=1510 drop=0
[QUEUE_STATS] t_ms=23392 q_pkts=5 q_bytes=7520 qdelay_l_ms=1.1258 qdelay_c_ms=2.15971 ecn_mark=1511 drop=0
[QUEUE_STATS] t_ms=23408 q_pkts=4 q_bytes=6016 qdelay_l_ms=0.574891 qdelay_c_ms=0.568459 ecn_mark=1513 drop=0
[QUEUE_STATS] t_ms=23424 q_pkts=3 q_bytes=4512 qdelay_l_ms=0.559702 qdelay_c_ms=1.36671 ecn_mark=1513 drop=0
[QUEUE_STATS] t_ms=23440 q_pkts=5 q_bytes=7520 qdelay_l_ms=1.10084 qdelay_c_ms=2.69858 ecn_mark=1513 drop=0
[QUEUE_STATS] t_ms=23456 q_pkts=4 q_bytes=6016 qdelay_l_ms=1.0542 qdelay_c_ms=1.04388 ecn_mark=1514 drop=0
[QUEUE_STATS] t_ms=23472 q_pkts=2 q_bytes=3008 qdelay_l_ms=0.828307 qdelay_c_ms=0 ecn_mark=1514 drop=0
[QUEUE_STATS] t_ms=23488 q_pkts=4 q_bytes=6016 qdelay_l_ms=1.10575 qdelay_c_ms=1.09742 ecn_mark=1515 drop=0
[QUEUE_STATS] t_ms=23504 q_pkts=5 q_bytes=7520 qdelay_l_ms=1.02409 qdelay_c_ms=1.09245 ecn_mark=1516 drop=0
[QUEUE_STATS] t_ms=23520 q_pkts=5 q_bytes=7520 qdelay_l_ms=1.03057 qdelay_c_ms=1.10086 ecn_mark=1518 drop=0
[QUEUE_STATS] t_ms=23536 q_pkts=4 q_bytes=6016 qdelay_l_ms=1.0889 qdelay_c_ms=1.06166 ecn_mark=1520 drop=0
[QUEUE_STATS] t_ms=23552 q_pkts=6 q_bytes=9024 qdelay_l_ms=1.0975 qdelay_c_ms=2.15617 ecn_mark=1520 drop=0
[QUEUE_STATS] t_ms=23568 q_pkts=6 q_bytes=9024 qdelay_l_ms=1.05263 qdelay_c_ms=1.11607 ecn_mark=1521 drop=0
[QUEUE_STATS] t_ms=23584 q_pkts=4 q_bytes=6016 qdelay_l_ms=1.08949 qdelay_c_ms=1.07211 ecn_mark=1521 drop=0
[QUEUE_STATS] t_ms=23600 q_pkts=3 q_bytes=4512 qdelay_l_ms=0.869133 qdelay_c_ms=0.859485 ecn_mark=1522 drop=0
[QUEUE_STATS] t_ms=23616 q_pkts=3 q_bytes=4512 qdelay_l_ms=1.10442 qdelay_c_ms=2.11566 ecn_mark=1524 drop=0
[QUEUE_STATS] t_ms=23632 q_pkts=4 q_bytes=6016 qdelay_l_ms=1.12718 qdelay_c_ms=1.11828 ecn_mark=1524 drop=0
[QUEUE_STATS] t_ms=23648 q_pkts=6 q_bytes=9024 qdelay_l_ms=1.10315 qdelay_c_ms=1.07578 ecn_mark=1524 drop=0
[QUEUE_STATS] t_ms=23665 q_pkts=4 q_bytes=6016 qdelay_l_ms=1.09285 qdelay_c_ms=1.13247 ecn_mark=1525 drop=0
[QUEUE_STATS] t_ms=23680 q_pkts=6 q_bytes=9024 qdelay_l_ms=1.11189 qdelay_c_ms=1.61277 ecn_mark=1526 drop=0
[QUEUE_STATS] t_ms=23696 q_pkts=5 q_bytes=7520 qdelay_l_ms=0.865276 qdelay_c_ms=1.98233 ecn_mark=1528 drop=0
[QUEUE_STATS] t_ms=23712 q_pkts=4 q_bytes=6016 qdelay_l_ms=0.816805 qdelay_c_ms=0.866238 ecn_mark=1530 drop=0
[QUEUE_STATS] t_ms=23728 q_pkts=3 q_bytes=4512 qdelay_l_ms=1.08349 qdelay_c_ms=1.07466 ecn_mark=1530 drop=0
[QUEUE_STATS] t_ms=23744 q_pkts=8 q_bytes=12032 qdelay_l_ms=1.11331 qdelay_c_ms=1.1027 ecn_mark=1530 drop=0
[QUEUE_STATS] t_ms=23760 q_pkts=6 q_bytes=9024 qdelay_l_ms=0.581332 qdelay_c_ms=0.556395 ecn_mark=1532 drop=0
[QUEUE_STATS] t_ms=23776 q_pkts=3 q_bytes=4512 qdelay_l_ms=0.833256 qdelay_c_ms=0.885674 ecn_mark=1533 drop=0
[QUEUE_STATS] t_ms=23792 q_pkts=5 q_bytes=7520 qdelay_l_ms=1.12569 qdelay_c_ms=1.11683 ecn_mark=1533 drop=0
[QUEUE_STATS] t_ms=23808 q_pkts=3 q_bytes=4512 qdelay_l_ms=1.05235 qdelay_c_ms=1.08982 ecn_mark=1534 drop=0
[QUEUE_STATS] t_ms=23824 q_pkts=4 q_bytes=6016 qdelay_l_ms=0.631396 qdelay_c_ms=0.667695 ecn_mark=1534 drop=0
[QUEUE_STATS] t_ms=23840 q_pkts=3 q_bytes=4512 qdelay_l_ms=1.0905 qdelay_c_ms=1.08053 ecn_mark=1534 drop=0
[QUEUE_STATS] t_ms=23856 q_pkts=5 q_bytes=7520 qdelay_l_ms=1.12775 qdelay_c_ms=1.71787 ecn_mark=1536 drop=0
[QUEUE_STATS] t_ms=23872 q_pkts=4 q_bytes=6016 qdelay_l_ms=1.08633 qdelay_c_ms=1.07992 ecn_mark=1536 drop=0
[QUEUE_STATS] t_ms=23888 q_pkts=5 q_bytes=7520 qdelay_l_ms=1.0696 qdelay_c_ms=1.13582 ecn_mark=1536 drop=0
[QUEUE_STATS] t_ms=23904 q_pkts=6 q_bytes=9024 qdelay_l_ms=1.07809 qdelay_c_ms=1.06737 ecn_mark=1536 drop=0
[QUEUE_STATS] t_ms=23920 q_pkts=5 q_bytes=7520 qdelay_l_ms=0.610848 qdelay_c_ms=1.75557 ecn_mark=1536 drop=0
[QUEUE_STATS] t_ms=23936 q_pkts=4 q_bytes=6016 qdelay_l_ms=1.10771 qdelay_c_ms=1.09763 ecn_mark=1536 drop=0
[QUEUE_STATS] t_ms=23952 q_pkts=6 q_bytes=9024 qdelay_l_ms=1.07568 qdelay_c_ms=1.97271 ecn_mark=1536 drop=0
[QUEUE_STATS] t_ms=23968 q_pkts=4 q_bytes=6016 qdelay_l_ms=0.559452 qdelay_c_ms=0.548962 ecn_mark=1536 drop=0
[QUEUE_STATS] t_ms=23984 q_pkts=6 q_bytes=9024 qdelay_l_ms=1.08143 qdelay_c_ms=2.13352 ecn_mark=1536 drop=0
[QUEUE_STATS] t_ms=24000 q_pkts=3 q_bytes=4512 qdelay_l_ms=0.892277 qdelay_c_ms=1.88742 ecn_mark=1536 drop=0
[QUEUE_STATS] t_ms=24016 q_pkts=4 q_bytes=6016 qdelay_l_ms=1.10475 qdelay_c_ms=1.0961 ecn_mark=1537 drop=0
[QUEUE_STATS] t_ms=24032 q_pkts=4 q_bytes=6016 qdelay_l_ms=1.10207 qdelay_c_ms=1.09568 ecn_mark=1537 drop=0
[QUEUE_STATS] t_ms=24048 q_pkts=6 q_bytes=9024 qdelay_l_ms=1.0744 qdelay_c_ms=1.051 ecn_mark=1538 drop=0
[QUEUE_STATS] t_ms=24064 q_pkts=4 q_bytes=6016 qdelay_l_ms=1.105 qdelay_c_ms=1.0969 ecn_mark=1539 drop=0
[QUEUE_STATS] t_ms=24080 q_pkts=5 q_bytes=7520 qdelay_l_ms=1.07815 qdelay_c_ms=2.09132 ecn_mark=1539 drop=0
[QUEUE_STATS] t_ms=24096 q_pkts=7 q_bytes=10528 qdelay_l_ms=1.09537 qdelay_c_ms=2.15098 ecn_mark=1539 drop=0
[QUEUE_STATS] t_ms=24112 q_pkts=3 q_bytes=4512 qdelay_l_ms=1.07965 qdelay_c_ms=1.0705 ecn_mark=1539 drop=0
[QUEUE_STATS] t_ms=24128 q_pkts=6 q_bytes=9024 qdelay_l_ms=1.06726 qdelay_c_ms=1.05733 ecn_mark=1539 drop=0
[QUEUE_STATS] t_ms=24145 q_pkts=5 q_bytes=7520 qdelay_l_ms=1.06909 qdelay_c_ms=2.16966 ecn_mark=1539 drop=0
[QUEUE_STATS] t_ms=24160 q_pkts=4 q_bytes=6016 qdelay_l_ms=1.06961 qdelay_c_ms=1.06041 ecn_mark=1539 drop=0
[QUEUE_STATS] t_ms=24176 q_pkts=3 q_bytes=4512 qdelay_l_ms=1.07345 qdelay_c_ms=2.05369 ecn_mark=1542 drop=0
[QUEUE_STATS] t_ms=24192 q_pkts=5 q_bytes=7520 qdelay_l_ms=0.547058 qdelay_c_ms=1.5303 ecn_mark=1542 drop=0
[QUEUE_STATS] t_ms=24208 q_pkts=4 q_bytes=6016 qdelay_l_ms=0.966597 qdelay_c_ms=2.06003 ecn_mark=1544 drop=0
[QUEUE_STATS] t_ms=24224 q_pkts=5 q_bytes=7520 qdelay_l_ms=1.06094 qdelay_c_ms=2.06261 ecn_mark=1547 drop=0
[QUEUE_STATS] t_ms=24240 q_pkts=5 q_bytes=7520 qdelay_l_ms=1.10859 qdelay_c_ms=2.165 ecn_mark=1547 drop=0
[QUEUE_STATS] t_ms=24256 q_pkts=3 q_bytes=4512 qdelay_l_ms=1.07396 qdelay_c_ms=1.06688 ecn_mark=1547 drop=0
[QUEUE_STATS] t_ms=24272 q_pkts=6 q_bytes=9024 qdelay_l_ms=1.03632 qdelay_c_ms=1.02491 ecn_mark=1548 drop=0
[QUEUE_STATS] t_ms=24288 q_pkts=7 q_bytes=10528 qdelay_l_ms=1.13158 qdelay_c_ms=1.91067 ecn_mark=1548 drop=0
[QUEUE_STATS] t_ms=24304 q_pkts=4 q_bytes=6016 qdelay_l_ms=1.06582 qdelay_c_ms=2.0973 ecn_mark=1549 drop=0
[QUEUE_STATS] t_ms=24320 q_pkts=7 q_bytes=10528 qdelay_l_ms=1.08808 qdelay_c_ms=1.88555 ecn_mark=1551 drop=0
[QUEUE_STATS] t_ms=24336 q_pkts=6 q_bytes=9024 qdelay_l_ms=1.05054 qdelay_c_ms=1.56353 ecn_mark=1551 drop=0
[QUEUE_STATS] t_ms=24352 q_pkts=4 q_bytes=6016 qdelay_l_ms=1.06049 qdelay_c_ms=1.05228 ecn_mark=1552 drop=0
[QUEUE_STATS] t_ms=24368 q_pkts=5 q_bytes=7520 qdelay_l_ms=1.06735 qdelay_c_ms=2.12116 ecn_mark=1552 drop=0
[QUEUE_STATS] t_ms=24384 q_pkts=5 q_bytes=7520 qdelay_l_ms=1.02781 qdelay_c_ms=2.0524 ecn_mark=1552 drop=0
[QUEUE_STATS] t_ms=24400 q_pkts=5 q_bytes=7520 qdelay_l_ms=0.935869 qdelay_c_ms=2.05339 ecn_mark=1552 drop=0
[QUEUE_STATS] t_ms=24416 q_pkts=2 q_bytes=3008 qdelay_l_ms=0.019647 qdelay_c_ms=1.06799 ecn_mark=1554 drop=0
[QUEUE_STATS] t_ms=24432 q_pkts=5 q_bytes=7520 qdelay_l_ms=1.05107 qdelay_c_ms=2.08678 ecn_mark=1555 drop=0
[QUEUE_STATS] t_ms=24448 q_pkts=7 q_bytes=10528 qdelay_l_ms=1.13288 qdelay_c_ms=2.1676 ecn_mark=1555 drop=0
[QUEUE_STATS] t_ms=24464 q_pkts=7 q_bytes=10528 qdelay_l_ms=1.13684 qdelay_c_ms=3.27367 ecn_mark=1555 drop=0
[QUEUE_STATS] t_ms=24480 q_pkts=8 q_bytes=12032 qdelay_l_ms=1.03159 qdelay_c_ms=1.53846 ecn_mark=1556 drop=0
[QUEUE_STATS] t_ms=24496 q_pkts=7 q_bytes=10528 qdelay_l_ms=1.13517 qdelay_c_ms=2.11238 ecn_mark=1556 drop=0
[QUEUE_STATS] t_ms=24512 q_pkts=6 q_bytes=9024 qdelay_l_ms=0 qdelay_c_ms=3.02625 ecn_mark=1557 drop=0
[QUEUE_STATS] t_ms=24528 q_pkts=5 q_bytes=7520 qdelay_l_ms=1.03642 qdelay_c_ms=3.0286 ecn_mark=1557 drop=0
[QUEUE_STATS] t_ms=24544 q_pkts=6 q_bytes=9024 qdelay_l_ms=0.898429 qdelay_c_ms=2.05897 ecn_mark=1557 drop=0
[QUEUE_STATS] t_ms=24560 q_pkts=8 q_bytes=12032 qdelay_l_ms=1.01368 qdelay_c_ms=2.01609 ecn_mark=1557 drop=0
[QUEUE_STATS] t_ms=24576 q_pkts=6 q_bytes=9024 qdelay_l_ms=1.01855 qdelay_c_ms=2.02266 ecn_mark=1558 drop=0
[QUEUE_STATS] t_ms=24592 q_pkts=8 q_bytes=12032 qdelay_l_ms=1.05701 qdelay_c_ms=3.21346 ecn_mark=1558 drop=0
[QUEUE_STATS] t_ms=24608 q_pkts=8 q_bytes=12032 qdelay_l_ms=1.02072 qdelay_c_ms=3.05032 ecn_mark=1558 drop=0
[QUEUE_STATS] t_ms=24624 q_pkts=8 q_bytes=12032 qdelay_l_ms=1.06601 qdelay_c_ms=3.19838 ecn_mark=1558 drop=0
[QUEUE_STATS] t_ms=24640 q_pkts=9 q_bytes=13536 qdelay_l_ms=1.05992 qdelay_c_ms=3.26432 ecn_mark=1559 drop=0
[QUEUE_STATS] t_ms=24656 q_pkts=12 q_bytes=18048 qdelay_l_ms=1.012 qdelay_c_ms=3.99026 ecn_mark=1560 drop=0
[QUEUE_STATS] t_ms=24672 q_pkts=9 q_bytes=13536 qdelay_l_ms=1.00965 qdelay_c_ms=4.03255 ecn_mark=1561 drop=0
[QUEUE_STATS] t_ms=24688 q_pkts=10 q_bytes=15040 qdelay_l_ms=1.00794 qdelay_c_ms=2.99186 ecn_mark=1566 drop=0
[QUEUE_STATS] t_ms=24704 q_pkts=13 q_bytes=19552 qdelay_l_ms=0.905662 qdelay_c_ms=4.07386 ecn_mark=1567 drop=0
[QUEUE_STATS] t_ms=24720 q_pkts=10 q_bytes=15040 qdelay_l_ms=1.02095 qdelay_c_ms=5.01051 ecn_mark=1568 drop=0
[QUEUE_STATS] t_ms=24736 q_pkts=10 q_bytes=15040 qdelay_l_ms=1.07535 qdelay_c_ms=4.33519 ecn_mark=1569 drop=0
[QUEUE_STATS] t_ms=24752 q_pkts=13 q_bytes=19552 qdelay_l_ms=1.01729 qdelay_c_ms=3.91344 ecn_mark=1570 drop=0
[QUEUE_STATS] t_ms=24768 q_pkts=10 q_bytes=15040 qdelay_l_ms=1.10425 qdelay_c_ms=5.03156 ecn_mark=1571 drop=0
[QUEUE_STATS] t_ms=24784 q_pkts=11 q_bytes=16544 qdelay_l_ms=0.519286 qdelay_c_ms=3.42062 ecn_mark=1571 drop=0
[QUEUE_STATS] t_ms=24800 q_pkts=14 q_bytes=21056 qdelay_l_ms=1.00835 qdelay_c_ms=5.97351 ecn_mark=1571 drop=0
[QUEUE_STATS] t_ms=24816 q_pkts=13 q_bytes=19552 qdelay_l_ms=0.98989 qdelay_c_ms=4.91566 ecn_mark=1571 drop=0
[QUEUE_STATS] t_ms=24832 q_pkts=13 q_bytes=19552 qdelay_l_ms=1.12389 qdelay_c_ms=5.04676 ecn_mark=1571 drop=0
[QUEUE_STATS] t_ms=24848 q_pkts=15 q_bytes=22560 qdelay_l_ms=0.981073 qdelay_c_ms=4.94672 ecn_mark=1571 drop=0
[QUEUE_STATS] t_ms=24864 q_pkts=14 q_bytes=21056 qdelay_l_ms=0.985672 qdelay_c_ms=6.17481 ecn_mark=1572 drop=0
[QUEUE_STATS] t_ms=24880 q_pkts=15 q_bytes=22560 qdelay_l_ms=1.10003 qdelay_c_ms=5.79056 ecn_mark=1572 drop=0
[QUEUE_STATS] t_ms=24896 q_pkts=14 q_bytes=21056 qdelay_l_ms=1.1003 qdelay_c_ms=6.35888 ecn_mark=1574 drop=0
[QUEUE_STATS] t_ms=24912 q_pkts=14 q_bytes=21056 qdelay_l_ms=0.743418 qdelay_c_ms=4.90014 ecn_mark=1575 drop=0
[QUEUE_STATS] t_ms=24928 q_pkts=13 q_bytes=19552 qdelay_l_ms=0.78194 qdelay_c_ms=6.0133 ecn_mark=1576 drop=0
[QUEUE_STATS] t_ms=24944 q_pkts=16 q_bytes=24064 qdelay_l_ms=0.975283 qdelay_c_ms=5.86259 ecn_mark=1576 drop=0
[QUEUE_STATS] t_ms=24960 q_pkts=15 q_bytes=22560 qdelay_l_ms=1.13601 qdelay_c_ms=5.8364 ecn_mark=1579 drop=0
[QUEUE_STATS] t_ms=24976 q_pkts=16 q_bytes=24064 qdelay_l_ms=1.1176 qdelay_c_ms=7.70015 ecn_mark=1580 drop=0
[QUEUE_STATS] t_ms=24992 q_pkts=18 q_bytes=27072 qdelay_l_ms=0.938895 qdelay_c_ms=6.96586 ecn_mark=1581 drop=0
[QUEUE_STATS] t_ms=25008 q_pkts=16 q_bytes=24064 qdelay_l_ms=1.11857 qdelay_c_ms=7.35232 ecn_mark=1582 drop=0
[QUEUE_STATS] t_ms=25024 q_pkts=16 q_bytes=24064 qdelay_l_ms=1.0057 qdelay_c_ms=5.28345 ecn_mark=1582 drop=0
[QUEUE_STATS] t_ms=25040 q_pkts=17 q_bytes=25568 qdelay_l_ms=0.975193 qdelay_c_ms=7.13158 ecn_mark=1582 drop=0
[QUEUE_STATS] t_ms=25056 q_pkts=15 q_bytes=22560 qdelay_l_ms=1.09033 qdelay_c_ms=6.4116 ecn_mark=1583 drop=0
[QUEUE_STATS] t_ms=25072 q_pkts=17 q_bytes=25568 qdelay_l_ms=1.05651 qdelay_c_ms=5.59381 ecn_mark=1584 drop=0
[QUEUE_STATS] t_ms=25088 q_pkts=19 q_bytes=28576 qdelay_l_ms=0.988508 qdelay_c_ms=6.81189 ecn_mark=1584 drop=0
[QUEUE_STATS] t_ms=25104 q_pkts=16 q_bytes=24064 qdelay_l_ms=1.07594 qdelay_c_ms=7.54891 ecn_mark=1585 drop=0
[QUEUE_STATS] t_ms=25120 q_pkts=17 q_bytes=25568 qdelay_l_ms=0.978329 qdelay_c_ms=6.8374 ecn_mark=1588 drop=0
[QUEUE_STATS] t_ms=25136 q_pkts=19 q_bytes=28576 qdelay_l_ms=0.988387 qdelay_c_ms=8.28388 ecn_mark=1588 drop=0
[QUEUE_STATS] t_ms=25152 q_pkts=19 q_bytes=28576 qdelay_l_ms=0.979421 qdelay_c_ms=7.86798 ecn_mark=1588 drop=0
[QUEUE_STATS] t_ms=25168 q_pkts=18 q_bytes=27072 qdelay_l_ms=1.12147 qdelay_c_ms=5.9516 ecn_mark=1590 drop=0
[QUEUE_STATS] t_ms=25184 q_pkts=20 q_bytes=30080 qdelay_l_ms=0.987947 qdelay_c_ms=7.84975 ecn_mark=1590 drop=0
[QUEUE_STATS] t_ms=25200 q_pkts=19 q_bytes=28576 qdelay_l_ms=1.07612 qdelay_c_ms=8.60885 ecn_mark=1591 drop=0
[QUEUE_STATS] t_ms=25216 q_pkts=19 q_bytes=28576 qdelay_l_ms=0.96807 qdelay_c_ms=7.72109 ecn_mark=1591 drop=0
[QUEUE_STATS] t_ms=25232 q_pkts=21 q_bytes=31584 qdelay_l_ms=1.07805 qdelay_c_ms=8.13231 ecn_mark=1591 drop=0
[QUEUE_STATS] t_ms=25248 q_pkts=19 q_bytes=28576 qdelay_l_ms=0.984331 qdelay_c_ms=7.82736 ecn_mark=1593 drop=0
[QUEUE_STATS] t_ms=25264 q_pkts=19 q_bytes=28576 qdelay_l_ms=0.816595 qdelay_c_ms=8.22692 ecn_mark=1595 drop=0
[QUEUE_STATS] t_ms=25280 q_pkts=19 q_bytes=28576 qdelay_l_ms=0.978259 qdelay_c_ms=8.93422 ecn_mark=1595 drop=0
[QUEUE_STATS] t_ms=25296 q_pkts=19 q_bytes=28576 qdelay_l_ms=0.768324 qdelay_c_ms=8.33306 ecn_mark=1596 drop=0
[QUEUE_STATS] t_ms=25312 q_pkts=20 q_bytes=30080 qdelay_l_ms=1.06631 qdelay_c_ms=9.10491 ecn_mark=1597 drop=0
[QUEUE_STATS] t_ms=25328 q_pkts=22 q_bytes=33088 qdelay_l_ms=1.10534 qdelay_c_ms=7.5735 ecn_mark=1597 drop=0
[QUEUE_STATS] t_ms=25344 q_pkts=22 q_bytes=33088 qdelay_l_ms=1.04635 qdelay_c_ms=9.45127 ecn_mark=1600 drop=0
[QUEUE_STATS] t_ms=25360 q_pkts=21 q_bytes=31584 qdelay_l_ms=0.786859 qdelay_c_ms=9.23669 ecn_mark=1602 drop=0
[QUEUE_STATS] t_ms=25376 q_pkts=23 q_bytes=34592 qdelay_l_ms=0.843045 qdelay_c_ms=8.73022 ecn_mark=1603 drop=0
[QUEUE_STATS] t_ms=25392 q_pkts=20 q_bytes=30080 qdelay_l_ms=0.777441 qdelay_c_ms=8.93509 ecn_mark=1603 drop=0
[QUEUE_STATS] t_ms=25408 q_pkts=21 q_bytes=31584 qdelay_l_ms=1.07846 qdelay_c_ms=9.13721 ecn_mark=1604 drop=0
[QUEUE_STATS] t_ms=25424 q_pkts=22 q_bytes=33088 qdelay_l_ms=1.083 qdelay_c_ms=8.15603 ecn_mark=1604 drop=0
[QUEUE_STATS] t_ms=25440 q_pkts=22 q_bytes=33088 qdelay_l_ms=1.02625 qdelay_c_ms=10.0265 ecn_mark=1604 drop=0
[QUEUE_STATS] t_ms=25456 q_pkts=22 q_bytes=33088 qdelay_l_ms=1.07823 qdelay_c_ms=8.86124 ecn_mark=1604 drop=0
[QUEUE_STATS] t_ms=25472 q_pkts=24 q_bytes=36096 qdelay_l_ms=0.971757 qdelay_c_ms=9.02528 ecn_mark=1604 drop=0
[QUEUE_STATS] t_ms=25488 q_pkts=22 q_bytes=33088 qdelay_l_ms=1.08371 qdelay_c_ms=11.0207 ecn_mark=1605 drop=0
[QUEUE_STATS] t_ms=25504 q_pkts=24 q_bytes=36096 qdelay_l_ms=0.788802 qdelay_c_ms=11.0785 ecn_mark=1606 drop=0
[QUEUE_STATS] t_ms=25520 q_pkts=23 q_bytes=34592 qdelay_l_ms=1.07084 qdelay_c_ms=10.3459 ecn_mark=1607 drop=0
[QUEUE_STATS] t_ms=25536 q_pkts=24 q_bytes=36096 qdelay_l_ms=0.751012 qdelay_c_ms=9.66673 ecn_mark=1607 drop=0
[QUEUE_STATS] t_ms=25552 q_pkts=23 q_bytes=34592 qdelay_l_ms=1.09352 qdelay_c_ms=8.89247 ecn_mark=1607 drop=0
[QUEUE_STATS] t_ms=25569 q_pkts=27 q_bytes=40608 qdelay_l_ms=1.10992 qdelay_c_ms=11.4368 ecn_mark=1608 drop=0
[QUEUE_STATS] t_ms=25584 q_pkts=25 q_bytes=37600 qdelay_l_ms=0.991433 qdelay_c_ms=11.0337 ecn_mark=1612 drop=0
[QUEUE_STATS] t_ms=25600 q_pkts=24 q_bytes=36096 qdelay_l_ms=0.984851 qdelay_c_ms=8.9766 ecn_mark=1612 drop=0
[QUEUE_STATS] t_ms=25616 q_pkts=25 q_bytes=37600 qdelay_l_ms=0.964112 qdelay_c_ms=11.0321 ecn_mark=1612 drop=0
[QUEUE_STATS] t_ms=25632 q_pkts=26 q_bytes=39104 qdelay_l_ms=0.951318 qdelay_c_ms=10.6884 ecn_mark=1613 drop=0
[QUEUE_STATS] t_ms=25648 q_pkts=25 q_bytes=37600 qdelay_l_ms=0.681631 qdelay_c_ms=10.7914 ecn_mark=1613 drop=0
[QUEUE_STATS] t_ms=25664 q_pkts=27 q_bytes=40608 qdelay_l_ms=1.09607 qdelay_c_ms=11.1731 ecn_mark=1616 drop=0
[QUEUE_STATS] t_ms=25680 q_pkts=26 q_bytes=39104 qdelay_l_ms=1.07132 qdelay_c_ms=9.99771 ecn_mark=1616 drop=0
[QUEUE_STATS] t_ms=25696 q_pkts=25 q_bytes=37600 qdelay_l_ms=1.09367 qdelay_c_ms=11.276 ecn_mark=1618 drop=0
[QUEUE_STATS] t_ms=25712 q_pkts=26 q_bytes=39104 qdelay_l_ms=0.950666 qdelay_c_ms=11.7702 ecn_mark=1618 drop=0
[QUEUE_STATS] t_ms=25728 q_pkts=28 q_bytes=42112 qdelay_l_ms=0 qdelay_c_ms=10.8408 ecn_mark=1618 drop=0
[QUEUE_STATS] t_ms=25744 q_pkts=25 q_bytes=37600 qdelay_l_ms=1.08919 qdelay_c_ms=11.2994 ecn_mark=1620 drop=0
[QUEUE_STATS] t_ms=25760 q_pkts=25 q_bytes=37600 qdelay_l_ms=1.07611 qdelay_c_ms=12.1116 ecn_mark=1621 drop=0
[QUEUE_STATS] t_ms=25776 q_pkts=27 q_bytes=40608 qdelay_l_ms=1.07146 qdelay_c_ms=10.6499 ecn_mark=1623 drop=0
[QUEUE_STATS] t_ms=25792 q_pkts=27 q_bytes=40608 qdelay_l_ms=1.0952 qdelay_c_ms=12.2332 ecn_mark=1624 drop=0
[QUEUE_STATS] t_ms=25808 q_pkts=27 q_bytes=40608 qdelay_l_ms=1.07764 qdelay_c_ms=13.0674 ecn_mark=1625 drop=0
[QUEUE_STATS] t_ms=25824 q_pkts=28 q_bytes=42112 qdelay_l_ms=0.940758 qdelay_c_ms=11.8666 ecn_mark=1626 drop=0
[QUEUE_STATS] t_ms=25840 q_pkts=28 q_bytes=42112 qdelay_l_ms=1.10046 qdelay_c_ms=13.205 ecn_mark=1627 drop=0
[QUEUE_STATS] t_ms=25856 q_pkts=30 q_bytes=45120 qdelay_l_ms=1.06567 qdelay_c_ms=12.7564 ecn_mark=1629 drop=0
[QUEUE_STATS] t_ms=25872 q_pkts=29 q_bytes=43616 qdelay_l_ms=1.05849 qdelay_c_ms=11.5692 ecn_mark=1630 drop=0
[QUEUE_STATS] t_ms=25888 q_pkts=28 q_bytes=42112 qdelay_l_ms=1.09485 qdelay_c_ms=12.2565 ecn_mark=1631 drop=0
[QUEUE_STATS] t_ms=25904 q_pkts=29 q_bytes=43616 qdelay_l_ms=0.74475 qdelay_c_ms=12.6257 ecn_mark=1631 drop=0
[QUEUE_STATS] t_ms=25920 q_pkts=29 q_bytes=43616 qdelay_l_ms=0.757694 qdelay_c_ms=12.9179 ecn_mark=1631 drop=0
[QUEUE_STATS] t_ms=25936 q_pkts=29 q_bytes=43616 qdelay_l_ms=1.09526 qdelay_c_ms=12.8397 ecn_mark=1631 drop=0
[QUEUE_STATS] t_ms=25952 q_pkts=31 q_bytes=46624 qdelay_l_ms=1.04856 qdelay_c_ms=12.7918 ecn_mark=1631 drop=0
[QUEUE_STATS] t_ms=25968 q_pkts=30 q_bytes=45120 qdelay_l_ms=1.07103 qdelay_c_ms=13.8675 ecn_mark=1632 drop=0
[QUEUE_STATS] t_ms=25984 q_pkts=30 q_bytes=45120 qdelay_l_ms=1.06996 qdelay_c_ms=13.7806 ecn_mark=1633 drop=0
[QUEUE_STATS] t_ms=26000 q_pkts=33 q_bytes=49632 qdelay_l_ms=1.06967 qdelay_c_ms=13.6938 ecn_mark=1633 drop=0
[QUEUE_STATS] t_ms=26016 q_pkts=30 q_bytes=45120 qdelay_l_ms=1.04976 qdelay_c_ms=14.0734 ecn_mark=1634 drop=0
[QUEUE_STATS] t_ms=26032 q_pkts=32 q_bytes=48128 qdelay_l_ms=1.09983 qdelay_c_ms=14.9017 ecn_mark=1636 drop=0
[QUEUE_STATS] t_ms=26048 q_pkts=31 q_bytes=46624 qdelay_l_ms=1.07044 qdelay_c_ms=13.86 ecn_mark=1637 drop=0
[QUEUE_STATS] t_ms=26064 q_pkts=18 q_bytes=27072 qdelay_l_ms=0.748517 qdelay_c_ms=10.9697 ecn_mark=1638 drop=0
[QUEUE_STATS] t_ms=26080 q_pkts=7 q_bytes=10528 qdelay_l_ms=0.723119 qdelay_c_ms=3.96832 ecn_mark=1638 drop=0
[QUEUE_STATS] t_ms=26096 q_pkts=2 q_bytes=3008 qdelay_l_ms=1.08339 qdelay_c_ms=0 ecn_mark=1639 drop=0
[QUEUE_STATS] t_ms=26112 q_pkts=5 q_bytes=7520 qdelay_l_ms=0.913778 qdelay_c_ms=1.9984 ecn_mark=1639 drop=0
[QUEUE_STATS] t_ms=26128 q_pkts=5 q_bytes=7520 qdelay_l_ms=1.08922 qdelay_c_ms=2.15406 ecn_mark=1640 drop=0
[QUEUE_STATS] t_ms=26144 q_pkts=5 q_bytes=7520 qdelay_l_ms=0.908057 qdelay_c_ms=2.68098 ecn_mark=1641 drop=0
[QUEUE_STATS] t_ms=26160 q_pkts=7 q_bytes=10528 qdelay_l_ms=0.902246 qdelay_c_ms=1.86133 ecn_mark=1643 drop=0
[QUEUE_STATS] t_ms=26176 q_pkts=5 q_bytes=7520 qdelay_l_ms=0.927053 qdelay_c_ms=0.921312 ecn_mark=1643 drop=0
[QUEUE_STATS] t_ms=26192 q_pkts=7 q_bytes=10528 qdelay_l_ms=1.08877 qdelay_c_ms=2.92479 ecn_mark=1644 drop=0
[QUEUE_STATS] t_ms=26208 q_pkts=6 q_bytes=9024 qdelay_l_ms=1.0716 qdelay_c_ms=2.01679 ecn_mark=1645 drop=0
[QUEUE_STATS] t_ms=26224 q_pkts=6 q_bytes=9024 qdelay_l_ms=1.06586 qdelay_c_ms=1.09911 ecn_mark=1647 drop=0
[QUEUE_STATS] t_ms=26240 q_pkts=6 q_bytes=9024 qdelay_l_ms=1.09878 qdelay_c_ms=1.0936 ecn_mark=1647 drop=0
[QUEUE_STATS] t_ms=26256 q_pkts=5 q_bytes=7520 qdelay_l_ms=1.08232 qdelay_c_ms=2.89117 ecn_mark=1647 drop=0
[QUEUE_STATS] t_ms=26272 q_pkts=6 q_bytes=9024 qdelay_l_ms=0.687653 qdelay_c_ms=1.78966 ecn_mark=1650 drop=0
[QUEUE_STATS] t_ms=26288 q_pkts=4 q_bytes=6016 qdelay_l_ms=1.01821 qdelay_c_ms=2.14656 ecn_mark=1650 drop=0
[QUEUE_STATS] t_ms=26304 q_pkts=6 q_bytes=9024 qdelay_l_ms=1.07528 qdelay_c_ms=2.08948 ecn_mark=1650 drop=0
[QUEUE_STATS] t_ms=26320 q_pkts=7 q_bytes=10528 qdelay_l_ms=0.916683 qdelay_c_ms=2.94105 ecn_mark=1651 drop=0
[QUEUE_STATS] t_ms=26336 q_pkts=7 q_bytes=10528 qdelay_l_ms=1.07058 qdelay_c_ms=3.21835 ecn_mark=1651 drop=0
[QUEUE_STATS] t_ms=26352 q_pkts=5 q_bytes=7520 qdelay_l_ms=0.930258 qdelay_c_ms=0.922884 ecn_mark=1653 drop=0
[QUEUE_STATS] t_ms=26368 q_pkts=8 q_bytes=12032 qdelay_l_ms=0.693764 qdelay_c_ms=2.77408 ecn_mark=1653 drop=0
[QUEUE_STATS] t_ms=26384 q_pkts=7 q_bytes=10528 qdelay_l_ms=0.919549 qdelay_c_ms=1.8275 ecn_mark=1654 drop=0
[QUEUE_STATS] t_ms=26400 q_pkts=8 q_bytes=12032 qdelay_l_ms=0.927373 qdelay_c_ms=3.01618 ecn_mark=1656 drop=0
[QUEUE_STATS] t_ms=26416 q_pkts=4 q_bytes=6016 qdelay_l_ms=1.09444 qdelay_c_ms=1.08683 ecn_mark=1657 drop=0
[QUEUE_STATS] t_ms=26432 q_pkts=7 q_bytes=10528 qdelay_l_ms=1.06884 qdelay_c_ms=2.17572 ecn_mark=1658 drop=0
[QUEUE_STATS] t_ms=26448 q_pkts=7 q_bytes=10528 qdelay_l_ms=1.09457 qdelay_c_ms=2.91155 ecn_mark=1659 drop=0
[QUEUE_STATS] t_ms=26464 q_pkts=7 q_bytes=10528 qdelay_l_ms=0.899421 qdelay_c_ms=2.73078 ecn_mark=1659 drop=0
[QUEUE_STATS] t_ms=26480 q_pkts=8 q_bytes=12032 qdelay_l_ms=0.839828 qdelay_c_ms=1.88227 ecn_mark=1661 drop=0
[QUEUE_STATS] t_ms=26496 q_pkts=7 q_bytes=10528 qdelay_l_ms=1.09526 qdelay_c_ms=3.30846 ecn_mark=1662 drop=0
[QUEUE_STATS] t_ms=26512 q_pkts=7 q_bytes=10528 qdelay_l_ms=1.08373 qdelay_c_ms=3.26747 ecn_mark=1663 drop=0
[QUEUE_STATS] t_ms=26528 q_pkts=6 q_bytes=9024 qdelay_l_ms=1.0965 qdelay_c_ms=2.00647 ecn_mark=1663 drop=0
[QUEUE_STATS] t_ms=26544 q_pkts=8 q_bytes=12032 qdelay_l_ms=1.06856 qdelay_c_ms=3.23063 ecn_mark=1665 drop=0
[QUEUE_STATS] t_ms=26560 q_pkts=8 q_bytes=12032 qdelay_l_ms=1.10017 qdelay_c_ms=2.85315 ecn_mark=1666 drop=0
[QUEUE_STATS] t_ms=26576 q_pkts=10 q_bytes=15040 qdelay_l_ms=1.09573 qdelay_c_ms=3.88085 ecn_mark=1667 drop=0
[QUEUE_STATS] t_ms=26592 q_pkts=8 q_bytes=12032 qdelay_l_ms=1.0829 qdelay_c_ms=3.2532 ecn_mark=1668 drop=0
[QUEUE_STATS] t_ms=26608 q_pkts=9 q_bytes=13536 qdelay_l_ms=1.07938 qdelay_c_ms=3.11179 ecn_mark=1669 drop=0
[QUEUE_STATS] t_ms=26624 q_pkts=11 q_bytes=16544 qdelay_l_ms=0.976184 qdelay_c_ms=4.07561 ecn_mark=1672 drop=0
[QUEUE_STATS] t_ms=26640 q_pkts=9 q_bytes=13536 qdelay_l_ms=1.09599 qdelay_c_ms=3.76106 ecn_mark=1673 drop=0
[QUEUE_STATS] t_ms=26656 q_pkts=11 q_bytes=16544 qdelay_l_ms=1.07177 qdelay_c_ms=4.03117 ecn_mark=1675 drop=0
[QUEUE_STATS] t_ms=26672 q_pkts=10 q_bytes=15040 qdelay_l_ms=1.08238 qdelay_c_ms=4.75221 ecn_mark=1675 drop=0
[QUEUE_STATS] t_ms=26688 q_pkts=10 q_bytes=15040 qdelay_l_ms=1.09432 qdelay_c_ms=4.37355 ecn_mark=1676 drop=0
[QUEUE_STATS] t_ms=26704 q_pkts=12 q_bytes=18048 qdelay_l_ms=0.919759 qdelay_c_ms=5.15698 ecn_mark=1676 drop=0
[QUEUE_STATS] t_ms=26720 q_pkts=13 q_bytes=19552 qdelay_l_ms=0.959222 qdelay_c_ms=4.95797 ecn_mark=1676 drop=0
[QUEUE_STATS] t_ms=26736 q_pkts=9 q_bytes=13536 qdelay_l_ms=0.722197 qdelay_c_ms=5.04975 ecn_mark=1676 drop=0
[QUEUE_STATS] t_ms=26752 q_pkts=14 q_bytes=21056 qdelay_l_ms=1.07984 qdelay_c_ms=5.1249 ecn_mark=1676 drop=0
[QUEUE_STATS] t_ms=26768 q_pkts=16 q_bytes=24064 qdelay_l_ms=1.04767 qdelay_c_ms=6.19626 ecn_mark=1676 drop=0
[QUEUE_STATS] t_ms=26784 q_pkts=14 q_bytes=21056 qdelay_l_ms=1.06863 qdelay_c_ms=5.90054 ecn_mark=1677 drop=0
[QUEUE_STATS] t_ms=26800 q_pkts=15 q_bytes=22560 qdelay_l_ms=1.07098 qdelay_c_ms=6.12287 ecn_mark=1679 drop=0
[QUEUE_STATS] t_ms=26816 q_pkts=17 q_bytes=25568 qdelay_l_ms=1.06845 qdelay_c_ms=7.11116 ecn_mark=1680 drop=0
[QUEUE_STATS] t_ms=26832 q_pkts=14 q_bytes=21056 qdelay_l_ms=1.05807 qdelay_c_ms=6.84199 ecn_mark=1681 drop=0
[QUEUE_STATS] t_ms=26848 q_pkts=16 q_bytes=24064 qdelay_l_ms=1.0598 qdelay_c_ms=7.02885 ecn_mark=1681 drop=0
[QUEUE_STATS] t_ms=26864 q_pkts=15 q_bytes=22560 qdelay_l_ms=1.09072 qdelay_c_ms=5.90013 ecn_mark=1682 drop=0
[QUEUE_STATS] t_ms=26880 q_pkts=16 q_bytes=24064 qdelay_l_ms=1.08953 qdelay_c_ms=6.80801 ecn_mark=1683 drop=0
[QUEUE_STATS] t_ms=26896 q_pkts=17 q_bytes=25568 qdelay_l_ms=0.941109 qdelay_c_ms=6.95109 ecn_mark=1683 drop=0
[QUEUE_STATS] t_ms=26912 q_pkts=16 q_bytes=24064 qdelay_l_ms=0.887959 qdelay_c_ms=6.84422 ecn_mark=1684 drop=0
[QUEUE_STATS] t_ms=26928 q_pkts=17 q_bytes=25568 qdelay_l_ms=1.0814 qdelay_c_ms=8.49682 ecn_mark=1684 drop=0
[QUEUE_STATS] t_ms=26944 q_pkts=19 q_bytes=28576 qdelay_l_ms=0.690798 qdelay_c_ms=7.94526 ecn_mark=1684 drop=0
[QUEUE_STATS] t_ms=26960 q_pkts=18 q_bytes=27072 qdelay_l_ms=0.871588 qdelay_c_ms=8.00547 ecn_mark=1684 drop=0
[QUEUE_STATS] t_ms=26976 q_pkts=19 q_bytes=28576 qdelay_l_ms=1.07136 qdelay_c_ms=8.73864 ecn_mark=1684 drop=0
[QUEUE_STATS] t_ms=26992 q_pkts=21 q_bytes=31584 qdelay_l_ms=0.876277 qdelay_c_ms=7.81989 ecn_mark=1686 drop=0
[QUEUE_STATS] t_ms=27008 q_pkts=21 q_bytes=31584 qdelay_l_ms=0.898949 qdelay_c_ms=9.22741 ecn_mark=1687 drop=0
[QUEUE_STATS] t_ms=27024 q_pkts=21 q_bytes=31584 qdelay_l_ms=1.09805 qdelay_c_ms=10.1313 ecn_mark=1688 drop=0
[QUEUE_STATS] t_ms=27040 q_pkts=20 q_bytes=30080 qdelay_l_ms=0.874674 qdelay_c_ms=8.87712 ecn_mark=1691 drop=0
[QUEUE_STATS] t_ms=27056 q_pkts=20 q_bytes=30080 qdelay_l_ms=1.06983 qdelay_c_ms=10.4055 ecn_mark=1693 drop=0
[QUEUE_STATS] t_ms=27072 q_pkts=19 q_bytes=28576 qdelay_l_ms=1.07813 qdelay_c_ms=10.2307 ecn_mark=1694 drop=0
[QUEUE_STATS] t_ms=27088 q_pkts=21 q_bytes=31584 qdelay_l_ms=1.09893 qdelay_c_ms=8.91995 ecn_mark=1696 drop=0
[QUEUE_STATS] t_ms=27104 q_pkts=21 q_bytes=31584 qdelay_l_ms=1.09305 qdelay_c_ms=9.85746 ecn_mark=1697 drop=0
[QUEUE_STATS] t_ms=27120 q_pkts=21 q_bytes=31584 qdelay_l_ms=0.666973 qdelay_c_ms=10.0354 ecn_mark=1697 drop=0
[QUEUE_STATS] t_ms=27136 q_pkts=23 q_bytes=34592 qdelay_l_ms=0.850679 qdelay_c_ms=9.83739 ecn_mark=1699 drop=0
[QUEUE_STATS] t_ms=27152 q_pkts=23 q_bytes=34592 qdelay_l_ms=0.887538 qdelay_c_ms=10.7754 ecn_mark=1700 drop=0
[QUEUE_STATS] t_ms=27168 q_pkts=21 q_bytes=31584 qdelay_l_ms=1.05061 qdelay_c_ms=9.11071 ecn_mark=1700 drop=0
[QUEUE_STATS] t_ms=27184 q_pkts=23 q_bytes=34592 qdelay_l_ms=1.06858 qdelay_c_ms=10.0602 ecn_mark=1700 drop=0
[QUEUE_STATS] t_ms=27200 q_pkts=24 q_bytes=36096 qdelay_l_ms=1.10005 qdelay_c_ms=9.24941 ecn_mark=1703 drop=0
[QUEUE_STATS] t_ms=27216 q_pkts=23 q_bytes=34592 qdelay_l_ms=1.09398 qdelay_c_ms=9.95403 ecn_mark=1704 drop=0
[QUEUE_STATS] t_ms=27232 q_pkts=22 q_bytes=33088 qdelay_l_ms=1.10069 qdelay_c_ms=11.4628 ecn_mark=1708 drop=0
[QUEUE_STATS] t_ms=27248 q_pkts=25 q_bytes=37600 qdelay_l_ms=0.666002 qdelay_c_ms=11.0094 ecn_mark=1708 drop=0
[QUEUE_STATS] t_ms=27264 q_pkts=23 q_bytes=34592 qdelay_l_ms=1.06869 qdelay_c_ms=10.9743 ecn_mark=1708 drop=0
[QUEUE_STATS] t_ms=27280 q_pkts=22 q_bytes=33088 qdelay_l_ms=0.881186 qdelay_c_ms=10.9266 ecn_mark=1709 drop=0
[QUEUE_STATS] t_ms=27296 q_pkts=26 q_bytes=39104 qdelay_l_ms=1.07596 qdelay_c_ms=9.83328 ecn_mark=1709 drop=0
[QUEUE_STATS] t_ms=27312 q_pkts=25 q_bytes=37600 qdelay_l_ms=1.04937 qdelay_c_ms=11.16 ecn_mark=1710 drop=0
[QUEUE_STATS] t_ms=27328 q_pkts=26 q_bytes=39104 qdelay_l_ms=0.861759 qdelay_c_ms=11.9692 ecn_mark=1712 drop=0
[QUEUE_STATS] t_ms=27344 q_pkts=26 q_bytes=39104 qdelay_l_ms=0.845058 qdelay_c_ms=10.962 ecn_mark=1713 drop=0
[QUEUE_STATS] t_ms=27360 q_pkts=25 q_bytes=37600 qdelay_l_ms=1.06652 qdelay_c_ms=12.2072 ecn_mark=1713 drop=0
[QUEUE_STATS] t_ms=27376 q_pkts=25 q_bytes=37600 qdelay_l_ms=0.866479 qdelay_c_ms=11.9144 ecn_mark=1713 drop=0
[QUEUE_STATS] t_ms=27392 q_pkts=26 q_bytes=39104 qdelay_l_ms=0.852852 qdelay_c_ms=12.9033 ecn_mark=1713 drop=0
[QUEUE_STATS] t_ms=27408 q_pkts=27 q_bytes=40608 qdelay_l_ms=1.09286 qdelay_c_ms=12.4328 ecn_mark=1714 drop=0
[QUEUE_STATS] t_ms=27424 q_pkts=26 q_bytes=39104 qdelay_l_ms=1.0869 qdelay_c_ms=11.8877 ecn_mark=1715 drop=0
[QUEUE_STATS] t_ms=27440 q_pkts=28 q_bytes=42112 qdelay_l_ms=1.0976 qdelay_c_ms=12.9918 ecn_mark=1716 drop=0
[QUEUE_STATS] t_ms=27456 q_pkts=25 q_bytes=37600 qdelay_l_ms=0.868572 qdelay_c_ms=12.8024 ecn_mark=1717 drop=0
[QUEUE_STATS] t_ms=27472 q_pkts=28 q_bytes=42112 qdelay_l_ms=0.863853 qdelay_c_ms=12.9333 ecn_mark=1717 drop=0
[QUEUE_STATS] t_ms=27488 q_pkts=27 q_bytes=40608 qdelay_l_ms=1.06767 qdelay_c_ms=13.0009 ecn_mark=1717 drop=0
[QUEUE_STATS] t_ms=27504 q_pkts=27 q_bytes=40608 qdelay_l_ms=1.07769 qdelay_c_ms=13.2774 ecn_mark=1718 drop=0
[QUEUE_STATS] t_ms=27520 q_pkts=28 q_bytes=42112 qdelay_l_ms=1.0947 qdelay_c_ms=13.8389 ecn_mark=1718 drop=0
[QUEUE_STATS] t_ms=27536 q_pkts=30 q_bytes=45120 qdelay_l_ms=1.01736 qdelay_c_ms=12.9862 ecn_mark=1718 drop=0
[QUEUE_STATS] t_ms=27552 q_pkts=28 q_bytes=42112 qdelay_l_ms=0.733809 qdelay_c_ms=13.9392 ecn_mark=1718 drop=0
[QUEUE_STATS] t_ms=27568 q_pkts=29 q_bytes=43616 qdelay_l_ms=1.09757 qdelay_c_ms=14.0369 ecn_mark=1720 drop=0
[QUEUE_STATS] t_ms=27584 q_pkts=31 q_bytes=46624 qdelay_l_ms=0.865967 qdelay_c_ms=13.6771 ecn_mark=1721 drop=0
[QUEUE_STATS] t_ms=27600 q_pkts=26 q_bytes=39104 qdelay_l_ms=0.866619 qdelay_c_ms=12.9539 ecn_mark=1721 drop=0
[QUEUE_STATS] t_ms=27616 q_pkts=27 q_bytes=40608 qdelay_l_ms=1.08209 qdelay_c_ms=11.9088 ecn_mark=1721 drop=0
[QUEUE_STATS] t_ms=27632 q_pkts=31 q_bytes=46624 qdelay_l_ms=1.00701 qdelay_c_ms=13.9455 ecn_mark=1721 drop=0
[QUEUE_STATS] t_ms=27648 q_pkts=30 q_bytes=45120 qdelay_l_ms=0.853134 qdelay_c_ms=13.7763 ecn_mark=1723 drop=0
[QUEUE_STATS] t_ms=27664 q_pkts=29 q_bytes=43616 qdelay_l_ms=1.03315 qdelay_c_ms=13.9884 ecn_mark=1724 drop=0
[QUEUE_STATS] t_ms=27680 q_pkts=30 q_bytes=45120 qdelay_l_ms=0.854085 qdelay_c_ms=13.7918 ecn_mark=1725 drop=0
[QUEUE_STATS] t_ms=27696 q_pkts=29 q_bytes=43616 qdelay_l_ms=0.756331 qdelay_c_ms=16.0809 ecn_mark=1727 drop=0
[QUEUE_STATS] t_ms=27712 q_pkts=31 q_bytes=46624 qdelay_l_ms=1.09917 qdelay_c_ms=13.8037 ecn_mark=1727 drop=0
[QUEUE_STATS] t_ms=27728 q_pkts=30 q_bytes=45120 qdelay_l_ms=0.786989 qdelay_c_ms=13.9521 ecn_mark=1728 drop=0
[QUEUE_STATS] t_ms=27744 q_pkts=33 q_bytes=49632 qdelay_l_ms=1.06666 qdelay_c_ms=14.9448 ecn_mark=1729 drop=0
[QUEUE_STATS] t_ms=27760 q_pkts=33 q_bytes=49632 qdelay_l_ms=1.09426 qdelay_c_ms=17.1653 ecn_mark=1731 drop=0
[QUEUE_STATS] t_ms=27776 q_pkts=32 q_bytes=48128 qdelay_l_ms=1.06647 qdelay_c_ms=14.9652 ecn_mark=1732 drop=0
[QUEUE_STATS] t_ms=27792 q_pkts=31 q_bytes=46624 qdelay_l_ms=0.853835 qdelay_c_ms=15.9929 ecn_mark=1733 drop=0
[QUEUE_STATS] t_ms=27808 q_pkts=31 q_bytes=46624 qdelay_l_ms=0.788873 qdelay_c_ms=14.0659 ecn_mark=1733 drop=0
[QUEUE_STATS] t_ms=27824 q_pkts=33 q_bytes=49632 qdelay_l_ms=1.10389 qdelay_c_ms=14.8971 ecn_mark=1734 drop=0
[QUEUE_STATS] t_ms=27840 q_pkts=32 q_bytes=48128 qdelay_l_ms=0.748136 qdelay_c_ms=16.9411 ecn_mark=1735 drop=0
[QUEUE_STATS] t_ms=27856 q_pkts=32 q_bytes=48128 qdelay_l_ms=0.997896 qdelay_c_ms=13.995 ecn_mark=1736 drop=0
[QUEUE_STATS] t_ms=27872 q_pkts=32 q_bytes=48128 qdelay_l_ms=1.06696 qdelay_c_ms=17.1785 ecn_mark=1736 drop=0
[QUEUE_STATS] t_ms=27888 q_pkts=33 q_bytes=49632 qdelay_l_ms=0.857651 qdelay_c_ms=15.6475 ecn_mark=1737 drop=0
[QUEUE_STATS] t_ms=27904 q_pkts=32 q_bytes=48128 qdelay_l_ms=1.07127 qdelay_c_ms=13.9159 ecn_mark=1740 drop=0
[QUEUE_STATS] t_ms=27920 q_pkts=32 q_bytes=48128 qdelay_l_ms=1.09098 qdelay_c_ms=17.4758 ecn_mark=1741 drop=0
[QUEUE_STATS] t_ms=27936 q_pkts=34 q_bytes=51136 qdelay_l_ms=0.859846 qdelay_c_ms=15.5676 ecn_mark=1741 drop=0
[QUEUE_STATS] t_ms=27952 q_pkts=32 q_bytes=48128 qdelay_l_ms=0.992095 qdelay_c_ms=15.0212 ecn_mark=1742 drop=0
[QUEUE_STATS] t_ms=27968 q_pkts=32 q_bytes=48128 qdelay_l_ms=0.994289 qdelay_c_ms=16.992 ecn_mark=1744 drop=0
[QUEUE_STATS] t_ms=27984 q_pkts=33 q_bytes=49632 qdelay_l_ms=1.08805 qdelay_c_ms=14.1082 ecn_mark=1746 drop=0
[QUEUE_STATS] t_ms=28000 q_pkts=34 q_bytes=51136 qdelay_l_ms=0.650323 qdelay_c_ms=15.6327 ecn_mark=1746 drop=0
[QUEUE_STATS] t_ms=28016 q_pkts=33 q_bytes=49632 qdelay_l_ms=1.06429 qdelay_c_ms=18.0374 ecn_mark=1748 drop=0
[QUEUE_STATS] t_ms=28032 q_pkts=32 q_bytes=48128 qdelay_l_ms=0.855658 qdelay_c_ms=13.8364 ecn_mark=1749 drop=0
[QUEUE_STATS] t_ms=28048 q_pkts=34 q_bytes=51136 qdelay_l_ms=0.679888 qdelay_c_ms=16.0103 ecn_mark=1749 drop=0
[QUEUE_STATS] t_ms=28064 q_pkts=34 q_bytes=51136 qdelay_l_ms=0.985272 qdelay_c_ms=17.8013 ecn_mark=1750 drop=0
[QUEUE_STATS] t_ms=28080 q_pkts=34 q_bytes=51136 qdelay_l_ms=1.08231 qdelay_c_ms=15.874 ecn_mark=1751 drop=0
[QUEUE_STATS] t_ms=28096 q_pkts=35 q_bytes=52640 qdelay_l_ms=1.08797 qdelay_c_ms=17.9842 ecn_mark=1751 drop=0
[QUEUE_STATS] t_ms=28112 q_pkts=36 q_bytes=54144 qdelay_l_ms=1.00901 qdelay_c_ms=17.0648 ecn_mark=1752 drop=0
[QUEUE_STATS] t_ms=28128 q_pkts=35 q_bytes=52640 qdelay_l_ms=1.09623 qdelay_c_ms=17.0264 ecn_mark=1752 drop=0
[QUEUE_STATS] t_ms=28144 q_pkts=34 q_bytes=51136 qdelay_l_ms=0.829068 qdelay_c_ms=17.7877 ecn_mark=1755 drop=0
[QUEUE_STATS] t_ms=28160 q_pkts=37 q_bytes=55648 qdelay_l_ms=1.06662 qdelay_c_ms=15.2747 ecn_mark=1755 drop=0
[QUEUE_STATS] t_ms=28176 q_pkts=34 q_bytes=51136 qdelay_l_ms=1.08906 qdelay_c_ms=17.9312 ecn_mark=1756 drop=0
[QUEUE_STATS] t_ms=28192 q_pkts=34 q_bytes=51136 qdelay_l_ms=0.84611 qdelay_c_ms=17.6592 ecn_mark=1756 drop=0
[QUEUE_STATS] t_ms=28208 q_pkts=36 q_bytes=54144 qdelay_l_ms=1.10583 qdelay_c_ms=16.1344 ecn_mark=1756 drop=0
[QUEUE_STATS] t_ms=28224 q_pkts=36 q_bytes=54144 qdelay_l_ms=0.973089 qdelay_c_ms=17.0174 ecn_mark=1756 drop=0
[QUEUE_STATS] t_ms=28240 q_pkts=36 q_bytes=54144 qdelay_l_ms=0.962839 qdelay_c_ms=16.8276 ecn_mark=1756 drop=0
[QUEUE_STATS] t_ms=28256 q_pkts=38 q_bytes=57152 qdelay_l_ms=1.10492 qdelay_c_ms=18.9071 ecn_mark=1757 drop=0
[QUEUE_STATS] t_ms=28272 q_pkts=37 q_bytes=55648 qdelay_l_ms=1.08169 qdelay_c_ms=18.8972 ecn_mark=1758 drop=0
[QUEUE_STATS] t_ms=28288 q_pkts=38 q_bytes=57152 qdelay_l_ms=0.819079 qdelay_c_ms=16.9566 ecn_mark=1758 drop=0
[QUEUE_STATS] t_ms=28304 q_pkts=39 q_bytes=58656 qdelay_l_ms=1.07296 qdelay_c_ms=20.2156 ecn_mark=1760 drop=0
[QUEUE_STATS] t_ms=28320 q_pkts=36 q_bytes=54144 qdelay_l_ms=1.09339 qdelay_c_ms=19.0161 ecn_mark=1761 drop=0
[QUEUE_STATS] t_ms=28336 q_pkts=37 q_bytes=55648 qdelay_l_ms=0.942952 qdelay_c_ms=15.7912 ecn_mark=1761 drop=0
[QUEUE_STATS] t_ms=28352 q_pkts=29 q_bytes=43616 qdelay_l_ms=1.1129 qdelay_c_ms=19.9504 ecn_mark=1762 drop=0
[QUEUE_STATS] t_ms=28368 q_pkts=19 q_bytes=28576 qdelay_l_ms=0.935418 qdelay_c_ms=12.0275 ecn_mark=1762 drop=0
[QUEUE_STATS] t_ms=28384 q_pkts=9 q_bytes=13536 qdelay_l_ms=0.94144 qdelay_c_ms=4.12738 ecn_mark=1763 drop=0
[QUEUE_STATS] t_ms=28400 q_pkts=6 q_bytes=9024 qdelay_l_ms=0.924197 qdelay_c_ms=0.945698 ecn_mark=1765 drop=0
[QUEUE_STATS] t_ms=28416 q_pkts=6 q_bytes=9024 qdelay_l_ms=0.944576 qdelay_c_ms=4.10412 ecn_mark=1766 drop=0
[QUEUE_STATS] t_ms=28432 q_pkts=8 q_bytes=12032 qdelay_l_ms=1.09225 qdelay_c_ms=2.72551 ecn_mark=1766 drop=0
[QUEUE_STATS] t_ms=28448 q_pkts=5 q_bytes=7520 qdelay_l_ms=1.07949 qdelay_c_ms=2.00949 ecn_mark=1767 drop=0
[QUEUE_STATS] t_ms=28464 q_pkts=5 q_bytes=7520 qdelay_l_ms=1.0996 qdelay_c_ms=1.09251 ecn_mark=1768 drop=0
[QUEUE_STATS] t_ms=28480 q_pkts=8 q_bytes=12032 qdelay_l_ms=1.07379 qdelay_c_ms=3.18684 ecn_mark=1769 drop=0
[QUEUE_STATS] t_ms=28496 q_pkts=6 q_bytes=9024 qdelay_l_ms=0.93669 qdelay_c_ms=2.06243 ecn_mark=1769 drop=0
[QUEUE_STATS] t_ms=28512 q_pkts=6 q_bytes=9024 qdelay_l_ms=0.91517 qdelay_c_ms=2.0222 ecn_mark=1769 drop=0
[QUEUE_STATS] t_ms=28528 q_pkts=6 q_bytes=9024 qdelay_l_ms=0.800425 qdelay_c_ms=1.84616 ecn_mark=1770 drop=0
[QUEUE_STATS] t_ms=28544 q_pkts=8 q_bytes=12032 qdelay_l_ms=0.618492 qdelay_c_ms=2.81123 ecn_mark=1770 drop=0
[QUEUE_STATS] t_ms=28560 q_pkts=7 q_bytes=10528 qdelay_l_ms=1.08677 qdelay_c_ms=3.93573 ecn_mark=1772 drop=0
[QUEUE_STATS] t_ms=28576 q_pkts=7 q_bytes=10528 qdelay_l_ms=1.06978 qdelay_c_ms=3.13139 ecn_mark=1773 drop=0
[QUEUE_STATS] t_ms=28592 q_pkts=9 q_bytes=13536 qdelay_l_ms=0.834889 qdelay_c_ms=4.71812 ecn_mark=1774 drop=0
[QUEUE_STATS] t_ms=28608 q_pkts=9 q_bytes=13536 qdelay_l_ms=1.1041 qdelay_c_ms=4.02387 ecn_mark=1774 drop=0
[QUEUE_STATS] t_ms=28624 q_pkts=7 q_bytes=10528 qdelay_l_ms=1.07855 qdelay_c_ms=2.20698 ecn_mark=1774 drop=0
[QUEUE_STATS] t_ms=28640 q_pkts=9 q_bytes=13536 qdelay_l_ms=0.890264 qdelay_c_ms=4.89047 ecn_mark=1775 drop=0
[QUEUE_STATS] t_ms=28656 q_pkts=9 q_bytes=13536 qdelay_l_ms=1.06196 qdelay_c_ms=4.28343 ecn_mark=1776 drop=0
[QUEUE_STATS] t_ms=28672 q_pkts=9 q_bytes=13536 qdelay_l_ms=1.09255 qdelay_c_ms=4.03251 ecn_mark=1776 drop=0
[QUEUE_STATS] t_ms=28688 q_pkts=11 q_bytes=16544 qdelay_l_ms=0.898649 qdelay_c_ms=4.94564 ecn_mark=1777 drop=0
[QUEUE_STATS] t_ms=28704 q_pkts=9 q_bytes=13536 qdelay_l_ms=1.06887 qdelay_c_ms=3.95104 ecn_mark=1779 drop=0
[QUEUE_STATS] t_ms=28720 q_pkts=10 q_bytes=15040 qdelay_l_ms=1.07536 qdelay_c_ms=4.29853 ecn_mark=1779 drop=0
[QUEUE_STATS] t_ms=28736 q_pkts=11 q_bytes=16544 qdelay_l_ms=1.06473 qdelay_c_ms=4.00413 ecn_mark=1779 drop=0
[QUEUE_STATS] t_ms=28752 q_pkts=10 q_bytes=15040 qdelay_l_ms=1.09836 qdelay_c_ms=5.05093 ecn_mark=1780 drop=0
[QUEUE_STATS] t_ms=28768 q_pkts=11 q_bytes=16544 qdelay_l_ms=1.07129 qdelay_c_ms=4.65651 ecn_mark=1781 drop=0
[QUEUE_STATS] t_ms=28784 q_pkts=13 q_bytes=19552 qdelay_l_ms=0.898519 qdelay_c_ms=4.04695 ecn_mark=1782 drop=0
[QUEUE_STATS] t_ms=28800 q_pkts=8 q_bytes=12032 qdelay_l_ms=1.07158 qdelay_c_ms=5.14048 ecn_mark=1784 drop=0
[QUEUE_STATS] t_ms=28816 q_pkts=11 q_bytes=16544 qdelay_l_ms=1.09504 qdelay_c_ms=4.05337 ecn_mark=1785 drop=0
[QUEUE_STATS] t_ms=28832 q_pkts=11 q_bytes=16544 qdelay_l_ms=1.0968 qdelay_c_ms=5.1157 ecn_mark=1786 drop=0
[QUEUE_STATS] t_ms=28848 q_pkts=11 q_bytes=16544 qdelay_l_ms=1.07636 qdelay_c_ms=4.30604 ecn_mark=1789 drop=0
[QUEUE_STATS] t_ms=28864 q_pkts=11 q_bytes=16544 qdelay_l_ms=0.915391 qdelay_c_ms=4.88575 ecn_mark=1790 drop=0
[QUEUE_STATS] t_ms=28880 q_pkts=12 q_bytes=18048 qdelay_l_ms=0.890905 qdelay_c_ms=6.06207 ecn_mark=1791 drop=0
[QUEUE_STATS] t_ms=28896 q_pkts=10 q_bytes=15040 qdelay_l_ms=0.606049 qdelay_c_ms=5.60397 ecn_mark=1791 drop=0
[QUEUE_STATS] t_ms=28912 q_pkts=12 q_bytes=18048 qdelay_l_ms=0.919488 qdelay_c_ms=4.88488 ecn_mark=1793 drop=0
[QUEUE_STATS] t_ms=28928 q_pkts=12 q_bytes=18048 qdelay_l_ms=1.10283 qdelay_c_ms=6.04776 ecn_mark=1795 drop=0
[QUEUE_STATS] t_ms=28944 q_pkts=10 q_bytes=15040 qdelay_l_ms=1.08551 qdelay_c_ms=4.65337 ecn_mark=1795 drop=0
[QUEUE_STATS] t_ms=28960 q_pkts=14 q_bytes=21056 qdelay_l_ms=1.08906 qdelay_c_ms=5.97155 ecn_mark=1797 drop=0
[QUEUE_STATS] t_ms=28976 q_pkts=13 q_bytes=19552 qdelay_l_ms=1.09888 qdelay_c_ms=5.97025 ecn_mark=1801 drop=0
[QUEUE_STATS] t_ms=28992 q_pkts=12 q_bytes=18048 qdelay_l_ms=1.07117 qdelay_c_ms=6.0828 ecn_mark=1801 drop=0
[QUEUE_STATS] t_ms=29008 q_pkts=15 q_bytes=22560 qdelay_l_ms=1.09452 qdelay_c_ms=5.98655 ecn_mark=1802 drop=0
[QUEUE_STATS] t_ms=29024 q_pkts=13 q_bytes=19552 qdelay_l_ms=1.08918 qdelay_c_ms=7.30485 ecn_mark=1804 drop=0
[QUEUE_STATS] t_ms=29040 q_pkts=11 q_bytes=16544 qdelay_l_ms=1.02865 qdelay_c_ms=6.26801 ecn_mark=1805 drop=0
[QUEUE_STATS] t_ms=29056 q_pkts=16 q_bytes=24064 qdelay_l_ms=1.10493 qdelay_c_ms=6.0892 ecn_mark=1805 drop=0
[QUEUE_STATS] t_ms=29072 q_pkts=12 q_bytes=18048 qdelay_l_ms=0.818237 qdelay_c_ms=5.80966 ecn_mark=1805 drop=0
[QUEUE_STATS] t_ms=29088 q_pkts=13 q_bytes=19552 qdelay_l_ms=0.911113 qdelay_c_ms=4.56245 ecn_mark=1807 drop=0
[QUEUE_STATS] t_ms=29104 q_pkts=14 q_bytes=21056 qdelay_l_ms=0.824139 qdelay_c_ms=4.59272 ecn_mark=1808 drop=0
[QUEUE_STATS] t_ms=29120 q_pkts=13 q_bytes=19552 qdelay_l_ms=1.09508 qdelay_c_ms=6.90341 ecn_mark=1808 drop=0
[QUEUE_STATS] t_ms=29136 q_pkts=12 q_bytes=18048 qdelay_l_ms=0.82441 qdelay_c_ms=5.82685 ecn_mark=1809 drop=0
[QUEUE_STATS] t_ms=29152 q_pkts=15 q_bytes=22560 qdelay_l_ms=0.833086 qdelay_c_ms=5.68124 ecn_mark=1810 drop=0
[QUEUE_STATS] t_ms=29168 q_pkts=16 q_bytes=24064 qdelay_l_ms=1.0909 qdelay_c_ms=7.33246 ecn_mark=1811 drop=0
[QUEUE_STATS] t_ms=29184 q_pkts=14 q_bytes=21056 qdelay_l_ms=1.08053 qdelay_c_ms=7.1194 ecn_mark=1811 drop=0
[QUEUE_STATS] t_ms=29200 q_pkts=14 q_bytes=21056 qdelay_l_ms=1.07018 qdelay_c_ms=6.85685 ecn_mark=1811 drop=0
[QUEUE_STATS] t_ms=29216 q_pkts=15 q_bytes=22560 qdelay_l_ms=0.8193 qdelay_c_ms=6.90208 ecn_mark=1812 drop=0
[QUEUE_STATS] t_ms=29232 q_pkts=17 q_bytes=25568 qdelay_l_ms=1.03422 qdelay_c_ms=7.6898 ecn_mark=1812 drop=0
[QUEUE_STATS] t_ms=29248 q_pkts=15 q_bytes=22560 qdelay_l_ms=1.09244 qdelay_c_ms=8.12773 ecn_mark=1815 drop=0
[QUEUE_STATS] t_ms=29264 q_pkts=17 q_bytes=25568 qdelay_l_ms=0.871097 qdelay_c_ms=7.8996 ecn_mark=1816 drop=0
[QUEUE_STATS] t_ms=29280 q_pkts=15 q_bytes=22560 qdelay_l_ms=1.06862 qdelay_c_ms=6.80481 ecn_mark=1816 drop=0
[QUEUE_STATS] t_ms=29296 q_pkts=15 q_bytes=22560 qdelay_l_ms=1.08033 qdelay_c_ms=8.01699 ecn_mark=1816 drop=0
[QUEUE_STATS] t_ms=29312 q_pkts=17 q_bytes=25568 qdelay_l_ms=0.900092 qdelay_c_ms=6.92052 ecn_mark=1817 drop=0
[QUEUE_STATS] t_ms=29328 q_pkts=14 q_bytes=21056 qdelay_l_ms=1.0814 qdelay_c_ms=7.86034 ecn_mark=1817 drop=0
[QUEUE_STATS] t_ms=29344 q_pkts=15 q_bytes=22560 qdelay_l_ms=1.08565 qdelay_c_ms=7.00856 ecn_mark=1817 drop=0
[QUEUE_STATS] t_ms=29360 q_pkts=18 q_bytes=27072 qdelay_l_ms=0.873321 qdelay_c_ms=8.01664 ecn_mark=1818 drop=0
[QUEUE_STATS] t_ms=29376 q_pkts=16 q_bytes=24064 qdelay_l_ms=0.687963 qdelay_c_ms=8.91381 ecn_mark=1818 drop=0
[QUEUE_STATS] t_ms=29392 q_pkts=19 q_bytes=28576 qdelay_l_ms=1.07402 qdelay_c_ms=9.20507 ecn_mark=1818 drop=0
[QUEUE_STATS] t_ms=29408 q_pkts=18 q_bytes=27072 qdelay_l_ms=1.07016 qdelay_c_ms=7.10167 ecn_mark=1819 drop=0
[QUEUE_STATS] t_ms=29424 q_pkts=18 q_bytes=27072 qdelay_l_ms=1.07642 qdelay_c_ms=8.23629 ecn_mark=1820 drop=0
[QUEUE_STATS] t_ms=29440 q_pkts=18 q_bytes=27072 qdelay_l_ms=0.816485 qdelay_c_ms=8.97986 ecn_mark=1820 drop=0
[QUEUE_STATS] t_ms=29456 q_pkts=19 q_bytes=28576 qdelay_l_ms=0.805554 qdelay_c_ms=8.94293 ecn_mark=1822 drop=0
[QUEUE_STATS] t_ms=29472 q_pkts=17 q_bytes=25568 qdelay_l_ms=1.02283 qdelay_c_ms=8.06667 ecn_mark=1823 drop=0
[QUEUE_STATS] t_ms=29488 q_pkts=20 q_bytes=30080 qdelay_l_ms=1.09787 qdelay_c_ms=8.862 ecn_mark=1823 drop=0
[QUEUE_STATS] t_ms=29504 q_pkts=18 q_bytes=27072 qdelay_l_ms=0.869313 qdelay_c_ms=8.90754 ecn_mark=1823 drop=0
[QUEUE_STATS] t_ms=29520 q_pkts=17 q_bytes=25568 qdelay_l_ms=1.06379 qdelay_c_ms=9.39198 ecn_mark=1823 drop=0
[QUEUE_STATS] t_ms=29536 q_pkts=18 q_bytes=27072 qdelay_l_ms=0.809522 qdelay_c_ms=8.91864 ecn_mark=1823 drop=0
[QUEUE_STATS] t_ms=29552 q_pkts=21 q_bytes=31584 qdelay_l_ms=0.854476 qdelay_c_ms=9.92745 ecn_mark=1823 drop=0
[QUEUE_STATS] t_ms=29568 q_pkts=19 q_bytes=28576 qdelay_l_ms=0.777912 qdelay_c_ms=10.7151 ecn_mark=1824 drop=0
[QUEUE_STATS] t_ms=29584 q_pkts=20 q_bytes=30080 qdelay_l_ms=1.06496 qdelay_c_ms=10.9661 ecn_mark=1825 drop=0
[QUEUE_STATS] t_ms=29600 q_pkts=22 q_bytes=33088 qdelay_l_ms=1.07382 qdelay_c_ms=10.8602 ecn_mark=1825 drop=0
[QUEUE_STATS] t_ms=29616 q_pkts=21 q_bytes=31584 qdelay_l_ms=0.849326 qdelay_c_ms=10.8483 ecn_mark=1827 drop=0
[QUEUE_STATS] t_ms=29632 q_pkts=20 q_bytes=30080 qdelay_l_ms=1.07056 qdelay_c_ms=8.29589 ecn_mark=1829 drop=0
[QUEUE_STATS] t_ms=29648 q_pkts=22 q_bytes=33088 qdelay_l_ms=0.858683 qdelay_c_ms=10.9218 ecn_mark=1829 drop=0
[QUEUE_STATS] t_ms=29664 q_pkts=22 q_bytes=33088 qdelay_l_ms=1.07085 qdelay_c_ms=10.7051 ecn_mark=1830 drop=0
[QUEUE_STATS] t_ms=29680 q_pkts=18 q_bytes=27072 qdelay_l_ms=1.08024 qdelay_c_ms=9.81507 ecn_mark=1831 drop=0
[QUEUE_STATS] t_ms=29696 q_pkts=22 q_bytes=33088 qdelay_l_ms=1.05807 qdelay_c_ms=11.2524 ecn_mark=1832 drop=0
[QUEUE_STATS] t_ms=29712 q_pkts=23 q_bytes=34592 qdelay_l_ms=1.10065 qdelay_c_ms=11.0139 ecn_mark=1832 drop=0
[QUEUE_STATS] t_ms=29728 q_pkts=20 q_bytes=30080 qdelay_l_ms=0.839337 qdelay_c_ms=10.8165 ecn_mark=1832 drop=0
[QUEUE_STATS] t_ms=29744 q_pkts=23 q_bytes=34592 qdelay_l_ms=1.04118 qdelay_c_ms=12.1587 ecn_mark=1833 drop=0
[QUEUE_STATS] t_ms=29760 q_pkts=24 q_bytes=36096 qdelay_l_ms=1.09825 qdelay_c_ms=10.9033 ecn_mark=1833 drop=0
[QUEUE_STATS] t_ms=29776 q_pkts=24 q_bytes=36096 qdelay_l_ms=0.836062 qdelay_c_ms=13.0203 ecn_mark=1834 drop=0
[QUEUE_STATS] t_ms=29792 q_pkts=23 q_bytes=34592 qdelay_l_ms=1.09217 qdelay_c_ms=13.0095 ecn_mark=1836 drop=0
[QUEUE_STATS] t_ms=29808 q_pkts=24 q_bytes=36096 qdelay_l_ms=1.07939 qdelay_c_ms=10.8988 ecn_mark=1839 drop=0
[QUEUE_STATS] t_ms=29824 q_pkts=24 q_bytes=36096 qdelay_l_ms=1.07102 qdelay_c_ms=12.158 ecn_mark=1839 drop=0
[QUEUE_STATS] t_ms=29840 q_pkts=25 q_bytes=37600 qdelay_l_ms=0.788662 qdelay_c_ms=13.0624 ecn_mark=1839 drop=0
[QUEUE_STATS] t_ms=29856 q_pkts=25 q_bytes=37600 qdelay_l_ms=1.06882 qdelay_c_ms=12.7972 ecn_mark=1840 drop=0
[QUEUE_STATS] t_ms=29872 q_pkts=22 q_bytes=33088 qdelay_l_ms=0.991243 qdelay_c_ms=11.978 ecn_mark=1841 drop=0
[QUEUE_STATS] t_ms=29888 q_pkts=25 q_bytes=37600 qdelay_l_ms=1.09506 qdelay_c_ms=13.4265 ecn_mark=1842 drop=0
[QUEUE_STATS] t_ms=29904 q_pkts=24 q_bytes=36096 qdelay_l_ms=1.08447 qdelay_c_ms=12.9448 ecn_mark=1842 drop=0
[QUEUE_STATS] t_ms=29920 q_pkts=25 q_bytes=37600 qdelay_l_ms=0.885364 qdelay_c_ms=11.985 ecn_mark=1842 drop=0
[QUEUE_STATS] t_ms=29936 q_pkts=26 q_bytes=39104 qdelay_l_ms=1.0654 qdelay_c_ms=14.1474 ecn_mark=1843 drop=0
[QUEUE_STATS] t_ms=29952 q_pkts=26 q_bytes=39104 qdelay_l_ms=1.06461 qdelay_c_ms=13.1916 ecn_mark=1846 drop=0
[QUEUE_STATS] t_ms=29968 q_pkts=25 q_bytes=37600 qdelay_l_ms=1.06891 qdelay_c_ms=13.9531 ecn_mark=1848 drop=0
[QUEUE_STATS] t_ms=29984 q_pkts=28 q_bytes