[QUEUE_STATS] t_ms=32 q_pkts=0 q_bytes=0 qdelay_l_ms=0 qdelay_c_ms=0 ecn_mark=0 drop=0
[QUEUE_STATS] t_ms=94 q_pkts=0 q_bytes=0 qdelay_l_ms=0 qdelay_c_ms=0 ecn_mark=0 drop=0
[QUEUE_STATS] t_ms=137 q_pkts=0 q_bytes=0 qdelay_l_ms=0 qdelay_c_ms=0 ecn_mark=0 drop=0
[QUEUE_STATS] t_ms=147 q_pkts=0 q_bytes=0 qdelay_l_ms=0 qdelay_c_ms=0 ecn_mark=0 drop=0
[QUEUE_STATS] t_ms=180 q_pkts=0 q_bytes=0 qdelay_l_ms=0 qdelay_c_ms=0 ecn_mark=0 drop=0
[QUEUE_STATS] t_ms=223 q_pkts=0 q_bytes=0 qdelay_l_ms=0 qdelay_c_ms=0 ecn_mark=0 drop=0
[QUEUE_STATS] t_ms=224 q_pkts=4 q_bytes=264 qdelay_l_ms=1.09549 qdelay_c_ms=0 ecn_mark=0 drop=0
[QUEUE_STATS] t_ms=265 q_pkts=0 q_bytes=0 qdelay_l_ms=0 qdelay_c_ms=0 ecn_mark=0 drop=0
[QUEUE_STATS] t_ms=308 q_pkts=0 q_bytes=0 qdelay_l_ms=0 qdelay_c_ms=0 ecn_mark=0 drop=0
[QUEUE_STATS] t_ms=350 q_pkts=0 q_bytes=0 qdelay_l_ms=0 qdelay_c_ms=0 ecn_mark=0 drop=0
[QUEUE_STATS] t_ms=352 q_pkts=3 q_bytes=4512 qdelay_l_ms=1.12103 qdelay_c_ms=1.11223 ecn_mark=0 drop=0
[QUEUE_STATS] t_ms=368 q_pkts=2 q_bytes=3008 qdelay_l_ms=1.088 qdelay_c_ms=0 ecn_mark=0 drop=0
[QUEUE_STATS] t_ms=393 q_pkts=0 q_bytes=0 qdelay_l_ms=0 qdelay_c_ms=0 ecn_mark=0 drop=0
[QUEUE_STATS] t_ms=400 q_pkts=17 q_bytes=25568 qdelay_l_ms=1.07875 qdelay_c_ms=3.10186 ecn_mark=0 drop=0
[QUEUE_STATS] t_ms=416 q_pkts=2 q_bytes=3008 qdelay_l_ms=0.807137 qdelay_c_ms=0 ecn_mark=0 drop=0
[QUEUE_STATS] t_ms=434 q_pkts=0 q_bytes=0 qdelay_l_ms=0 qdelay_c_ms=0 ecn_mark=0 drop=0
[QUEUE_STATS] t_ms=448 q_pkts=46 q_bytes=69184 qdelay_l_ms=1.08712 qdelay_c_ms=8.10627 ecn_mark=0 drop=0
[QUEUE_STATS] t_ms=464 q_pkts=46 q_bytes=69184 qdelay_l_ms=2.12759 qdelay_c_ms=22.1911 ecn_mark=0 drop=0
[QUEUE_STATS] t_ms=480 q_pkts=17 q_bytes=25568 qdelay_l_ms=1.99056 qdelay_c_ms=2.8991 ecn_mark=0 drop=0
[QUEUE_STATS] t_ms=496 q_pkts=79 q_bytes=118816 qdelay_l_ms=3.28704 qdelay_c_ms=18.0048 ecn_mark=0 drop=0
[QUEUE_STATS] t_ms=512 q_pkts=143 q_bytes=215072 qdelay_l_ms=10.0764 qdelay_c_ms=31.2149 ecn_mark=3 drop=0
[QUEUE_STATS] t_ms=529 q_pkts=158 q_bytes=237632 qdelay_l_ms=6.05101 qdelay_c_ms=46.1336 ecn_mark=38 drop=0
[QUEUE_STATS] t_ms=544 q_pkts=215 q_bytes=323360 qdelay_l_ms=13.0914 qdelay_c_ms=60.5055 ecn_mark=54 drop=0
[QUEUE_STATS] t_ms=560 q_pkts=213 q_bytes=320352 qdelay_l_ms=22.0163 qdelay_c_ms=75.0407 ecn_mark=118 drop=0
[QUEUE_STATS] t_ms=576 q_pkts=162 q_bytes=243648 qdelay_l_ms=29.2837 qdelay_c_ms=88.8104 ecn_mark=177 drop=0
[QUEUE_STATS] t_ms=592 q_pkts=104 q_bytes=156416 qdelay_l_ms=0 qdelay_c_ms=95.272 ecn_mark=217 drop=0
[QUEUE_STATS] t_ms=608 q_pkts=89 q_bytes=133856 qdelay_l_ms=1.07011 qdelay_c_ms=100.916 ecn_mark=217 drop=0
[QUEUE_STATS] t_ms=624 q_pkts=59 q_bytes=88736 qdelay_l_ms=0 qdelay_c_ms=110.83 ecn_mark=217 drop=0
[QUEUE_STATS] t_ms=640 q_pkts=65 q_bytes=97760 qdelay_l_ms=1.08204 qdelay_c_ms=84.773 ecn_mark=217 drop=0
[QUEUE_STATS] t_ms=656 q_pkts=52 q_bytes=78208 qdelay_l_ms=0 qdelay_c_ms=24.6277 ecn_mark=217 drop=0
[QUEUE_STATS] t_ms=672 q_pkts=44 q_bytes=66176 qdelay_l_ms=1.04382 qdelay_c_ms=19.9845 ecn_mark=217 drop=0
[QUEUE_STATS] t_ms=688 q_pkts=36 q_bytes=54144 qdelay_l_ms=1.06839 qdelay_c_ms=18.8635 ecn_mark=217 drop=0
[QUEUE_STATS] t_ms=704 q_pkts=53 q_bytes=79712 qdelay_l_ms=1.10267 qdelay_c_ms=15.0055 ecn_mark=217 drop=0
[QUEUE_STATS] t_ms=720 q_pkts=52 q_bytes=78208 qdelay_l_ms=1.02274 qdelay_c_ms=20.1873 ecn_mark=217 drop=0
[QUEUE_STATS] t_ms=736 q_pkts=54 q_bytes=81216 qdelay_l_ms=1.08088 qdelay_c_ms=23.2227 ecn_mark=217 drop=0
[QUEUE_STATS] t_ms=752 q_pkts=58 q_bytes=87232 qdelay_l_ms=1.03408 qdelay_c_ms=22.9373 ecn_mark=217 drop=0
[QUEUE_STATS] t_ms=768 q_pkts=60 q_bytes=90240 qdelay_l_ms=1.06356 qdelay_c_ms=23.1787 ecn_mark=217 drop=0
[QUEUE_STATS] t_ms=784 q_pkts=62 q_bytes=93248 qdelay_l_ms=1.0222 qdelay_c_ms=26.0596 ecn_mark=217 drop=0
[QUEUE_STATS] t_ms=800 q_pkts=67 q_bytes=100768 qdelay_l_ms=1.01841 qdelay_c_ms=26.3532 ecn_mark=217 drop=0
[QUEUE_STATS] t_ms=816 q_pkts=68 q_bytes=102272 qdelay_l_ms=1.04421 qdelay_c_ms=26.8538 ecn_mark=217 drop=0
[QUEUE_STATS] t_ms=832 q_pkts=72 q_bytes=108288 qdelay_l_ms=1.01532 qdelay_c_ms=27.5862 ecn_mark=217 drop=0
[QUEUE_STATS] t_ms=848 q_pkts=72 q_bytes=108288 qdelay_l_ms=0.982196 qdelay_c_ms=29.1402 ecn_mark=217 drop=0
[QUEUE_STATS] t_ms=864 q_pkts=74 q_bytes=111296 qdelay_l_ms=0.993126 qdelay_c_ms=31.1181 ecn_mark=217 drop=0
[QUEUE_STATS] t_ms=880 q_pkts=76 q_bytes=114304 qdelay_l_ms=0.993327 qdelay_c_ms=31.5578 ecn_mark=217 drop=0
[QUEUE_STATS] t_ms=896 q_pkts=81 q_bytes=120400 qdelay_l_ms=0.98441 qdelay_c_ms=31.6652 ecn_mark=217 drop=0
[QUEUE_STATS] t_ms=913 q_pkts=83 q_bytes=123408 qdelay_l_ms=1.09909 qdelay_c_ms=35.1124 ecn_mark=217 drop=0
[QUEUE_STATS] t_ms=928 q_pkts=83 q_bytes=124832 qdelay_l_ms=1.0564 qdelay_c_ms=33.6495 ecn_mark=217 drop=0
[QUEUE_STATS] t_ms=944 q_pkts=84 q_bytes=126336 qdelay_l_ms=0.971636 qdelay_c_ms=34.9509 ecn_mark=217 drop=0
[QUEUE_STATS] t_ms=960 q_pkts=88 q_bytes=132352 qdelay_l_ms=1.09781 qdelay_c_ms=37.1385 ecn_mark=217 drop=0
[QUEUE_STATS] t_ms=976 q_pkts=90 q_bytes=135360 qdelay_l_ms=0.942271 qdelay_c_ms=37.7607 ecn_mark=217 drop=0
[QUEUE_STATS] t_ms=992 q_pkts=90 q_bytes=135360 qdelay_l_ms=0.822506 qdelay_c_ms=38.1972 ecn_mark=217 drop=0
[QUEUE_STATS] t_ms=1008 q_pkts=92 q_bytes=138368 qdelay_l_ms=1.06089 qdelay_c_ms=39.8386 ecn_mark=217 drop=0
[QUEUE_STATS] t_ms=1025 q_pkts=94 q_bytes=141376 qdelay_l_ms=1.05853 qdelay_c_ms=40.9881 ecn_mark=217 drop=0
[QUEUE_STATS] t_ms=1040 q_pkts=95 q_bytes=142880 qdelay_l_ms=1.08331 qdelay_c_ms=41.3235 ecn_mark=217 drop=0
[QUEUE_STATS] t_ms=1056 q_pkts=99 q_bytes=148896 qdelay_l_ms=0.917124 qdelay_c_ms=42.144 ecn_mark=217 drop=0
[QUEUE_STATS] t_ms=1073 q_pkts=101 q_bytes=151904 qdelay_l_ms=1.09995 qdelay_c_ms=43.0687 ecn_mark=217 drop=0
[QUEUE_STATS] t_ms=1088 q_pkts=104 q_bytes=156416 qdelay_l_ms=1.03749 qdelay_c_ms=45.3216 ecn_mark=217 drop=0
[QUEUE_STATS] t_ms=1104 q_pkts=106 q_bytes=159424 qdelay_l_ms=1.02338 qdelay_c_ms=46.1933 ecn_mark=217 drop=0
[QUEUE_STATS] t_ms=1120 q_pkts=106 q_bytes=159424 qdelay_l_ms=1.09668 qdelay_c_ms=45.7047 ecn_mark=217 drop=0
[QUEUE_STATS] t_ms=1136 q_pkts=109 q_bytes=163936 qdelay_l_ms=1.06813 qdelay_c_ms=47.7757 ecn_mark=217 drop=0
[QUEUE_STATS] t_ms=1152 q_pkts=111 q_bytes=166944 qdelay_l_ms=0.941189 qdelay_c_ms=48.936 ecn_mark=218 drop=0
[QUEUE_STATS] t_ms=1168 q_pkts=112 q_bytes=168448 qdelay_l_ms=1.09613 qdelay_c_ms=50.253 ecn_mark=218 drop=0
[QUEUE_STATS] t_ms=1184 q_pkts=115 q_bytes=172960 qdelay_l_ms=1.10873 qdelay_c_ms=52.437 ecn_mark=218 drop=0
[QUEUE_STATS] t_ms=1200 q_pkts=103 q_bytes=154912 qdelay_l_ms=0 qdelay_c_ms=47.117 ecn_mark=218 drop=0
[QUEUE_STATS] t_ms=1216 q_pkts=98 q_bytes=147392 qdelay_l_ms=1.06176 qdelay_c_ms=42.9254 ecn_mark=218 drop=0
[QUEUE_STATS] t_ms=1232 q_pkts=92 q_bytes=138368 qdelay_l_ms=1.08841 qdelay_c_ms=41.6103 ecn_mark=218 drop=0
[QUEUE_STATS] t_ms=1248 q_pkts=107 q_bytes=160928 qdelay_l_ms=0.858995 qdelay_c_ms=39.9642 ecn_mark=218 drop=0
[QUEUE_STATS] t_ms=1264 q_pkts=109 q_bytes=163936 qdelay_l_ms=1.07645 qdelay_c_ms=37.1715 ecn_mark=218 drop=0
[QUEUE_STATS] t_ms=1280 q_pkts=113 q_bytes=169952 qdelay_l_ms=1.06504 qdelay_c_ms=41.2694 ecn_mark=218 drop=0
[QUEUE_STATS] t_ms=1296 q_pkts=114 q_bytes=171456 qdelay_l_ms=1.08984 qdelay_c_ms=43.6987 ecn_mark=218 drop=0
[QUEUE_STATS] t_ms=1313 q_pkts=116 q_bytes=174464 qdelay_l_ms=1.09593 qdelay_c_ms=44.8772 ecn_mark=218 drop=0
[QUEUE_STATS] t_ms=1328 q_pkts=119 q_bytes=178976 qdelay_l_ms=1.10108 qdelay_c_ms=45.3083 ecn_mark=218 drop=0
[QUEUE_STATS] t_ms=1344 q_pkts=119 q_bytes=178976 qdelay_l_ms=1.07967 qdelay_c_ms=46.0411 ecn_mark=218 drop=0
[QUEUE_STATS] t_ms=1360 q_pkts=122 q_bytes=183488 qdelay_l_ms=1.07214 qdelay_c_ms=47.1859 ecn_mark=218 drop=0
[QUEUE_STATS] t_ms=1376 q_pkts=120 q_bytes=180480 qdelay_l_ms=0 qdelay_c_ms=47.8358 ecn_mark=218 drop=0
[QUEUE_STATS] t_ms=1392 q_pkts=127 q_bytes=191008 qdelay_l_ms=0.996863 qdelay_c_ms=50.4 ecn_mark=218 drop=0
[QUEUE_STATS] t_ms=1408 q_pkts=130 q_bytes=195520 qdelay_l_ms=1.07661 qdelay_c_ms=50.3178 ecn_mark=218 drop=0
[QUEUE_STATS] t_ms=1424 q_pkts=132 q_bytes=198528 qdelay_l_ms=1.09422 qdelay_c_ms=51.5232 ecn_mark=218 drop=0
[QUEUE_STATS] t_ms=1440 q_pkts=135 q_bytes=203040 qdelay_l_ms=1.05075 qdelay_c_ms=53.0947 ecn_mark=218 drop=0
[QUEUE_STATS] t_ms=1456 q_pkts=137 q_bytes=206048 qdelay_l_ms=1.07623 qdelay_c_ms=54.3696 ecn_mark=218 drop=0
[QUEUE_STATS] t_ms=1472 q_pkts=140 q_bytes=210560 qdelay_l_ms=1.06074 qdelay_c_ms=54.9785 ecn_mark=218 drop=0
[QUEUE_STATS] t_ms=1488 q_pkts=142 q_bytes=213568 qdelay_l_ms=0.927283 qdelay_c_ms=55.6751 ecn_mark=219 drop=0
[QUEUE_STATS] t_ms=1504 q_pkts=143 q_bytes=215072 qdelay_l_ms=1.07016 qdelay_c_ms=58.1787 ecn_mark=219 drop=0
[QUEUE_STATS] t_ms=1520 q_pkts=139 q_bytes=209056 qdelay_l_ms=0 qdelay_c_ms=55.748 ecn_mark=219 drop=0
[QUEUE_STATS] t_ms=1536 q_pkts=139 q_bytes=209056 qdelay_l_ms=1.03992 qdelay_c_ms=55.6873 ecn_mark=219 drop=0
[QUEUE_STATS] t_ms=1552 q_pkts=134 q_bytes=201536 qdelay_l_ms=1.08605 qdelay_c_ms=54.7217 ecn_mark=219 drop=0
[QUEUE_STATS] t_ms=1568 q_pkts=143 q_bytes=215072 qdelay_l_ms=1.04295 qdelay_c_ms=54.0191 ecn_mark=219 drop=0
[QUEUE_STATS] t_ms=1584 q_pkts=146 q_bytes=219584 qdelay_l_ms=1.04729 qdelay_c_ms=55.035 ecn_mark=219 drop=0
[QUEUE_STATS] t_ms=1600 q_pkts=148 q_bytes=222592 qdelay_l_ms=1.07117 qdelay_c_ms=53.5814 ecn_mark=219 drop=0
[QUEUE_STATS] t_ms=1616 q_pkts=151 q_bytes=227104 qdelay_l_ms=1.07915 qdelay_c_ms=56.1301 ecn_mark=219 drop=0
[QUEUE_STATS] t_ms=1632 q_pkts=154 q_bytes=231616 qdelay_l_ms=1.05215 qdelay_c_ms=57.6868 ecn_mark=219 drop=0
[QUEUE_STATS] t_ms=1648 q_pkts=156 q_bytes=234624 qdelay_l_ms=1.05696 qdelay_c_ms=58.4607 ecn_mark=219 drop=0
[QUEUE_STATS] t_ms=1664 q_pkts=160 q_bytes=240640 qdelay_l_ms=1.07265 qdelay_c_ms=59.1975 ecn_mark=219 drop=0
[QUEUE_STATS] t_ms=1680 q_pkts=161 q_bytes=242144 qdelay_l_ms=1.071 qdelay_c_ms=60.9858 ecn_mark=219 drop=0
[QUEUE_STATS] t_ms=1696 q_pkts=162 q_bytes=243648 qdelay_l_ms=1.08231 qdelay_c_ms=61.7234 ecn_mark=219 drop=0
[QUEUE_STATS] t_ms=1712 q_pkts=165 q_bytes=248160 qdelay_l_ms=1.08538 qdelay_c_ms=63.1374 ecn_mark=219 drop=0
[QUEUE_STATS] t_ms=1728 q_pkts=167 q_bytes=251168 qdelay_l_ms=1.07769 qdelay_c_ms=65.0072 ecn_mark=219 drop=0
[QUEUE_STATS] t_ms=1744 q_pkts=171 q_bytes=257184 qdelay_l_ms=1.02339 qdelay_c_ms=65.933 ecn_mark=219 drop=0
[QUEUE_STATS] t_ms=1760 q_pkts=172 q_bytes=258688 qdelay_l_ms=1.064 qdelay_c_ms=65.891 ecn_mark=219 drop=0
[QUEUE_STATS] t_ms=1776 q_pkts=172 q_bytes=258688 qdelay_l_ms=1.07571 qdelay_c_ms=68.6442 ecn_mark=219 drop=0
[QUEUE_STATS] t_ms=1792 q_pkts=176 q_bytes=264704 qdelay_l_ms=1.07742 qdelay_c_ms=67.4172 ecn_mark=219 drop=0
[QUEUE_STATS] t_ms=1808 q_pkts=178 q_bytes=267712 qdelay_l_ms=1.05063 qdelay_c_ms=67.9376 ecn_mark=219 drop=0
[QUEUE_STATS] t_ms=1824 q_pkts=180 q_bytes=270720 qdelay_l_ms=1.076 qdelay_c_ms=71.2365 ecn_mark=219 drop=0
[QUEUE_STATS] t_ms=1840 q_pkts=183 q_bytes=275232 qdelay_l_ms=1.02891 qdelay_c_ms=70.7228 ecn_mark=219 drop=0
[QUEUE_STATS] t_ms=1856 q_pkts=184 q_bytes=276736 qdelay_l_ms=1.03709 qdelay_c_ms=72.2623 ecn_mark=219 drop=0
[QUEUE_STATS] t_ms=1872 q_pkts=186 q_bytes=279744 qdelay_l_ms=0.815904 qdelay_c_ms=74.905 ecn_mark=219 drop=0
[QUEUE_STATS] t_ms=1888 q_pkts=192 q_bytes=288768 qdelay_l_ms=1.03485 qdelay_c_ms=74.2276 ecn_mark=219 drop=0
[QUEUE_STATS] t_ms=1904 q_pkts=192 q_bytes=288768 qdelay_l_ms=1.07439 qdelay_c_ms=76.2424 ecn_mark=219 drop=0
[QUEUE_STATS] t_ms=1920 q_pkts=195 q_bytes=293280 qdelay_l_ms=1.02664 qdelay_c_ms=79.1662 ecn_mark=219 drop=0
[QUEUE_STATS] t_ms=1936 q_pkts=198 q_bytes=297792 qdelay_l_ms=1.00897 qdelay_c_ms=77.4852 ecn_mark=220 drop=0
[QUEUE_STATS] t_ms=1952 q_pkts=198 q_bytes=297792 qdelay_l_ms=1.09106 qdelay_c_ms=79.3189 ecn_mark=220 drop=0
[QUEUE_STATS] t_ms=1968 q_pkts=199 q_bytes=299296 qdelay_l_ms=0 qdelay_c_ms=82.1779 ecn_mark=220 drop=0
[QUEUE_STATS] t_ms=1984 q_pkts=198 q_bytes=297792 qdelay_l_ms=1.06801 qdelay_c_ms=80.1008 ecn_mark=220 drop=0
[QUEUE_STATS] t_ms=2000 q_pkts=199 q_bytes=299296 qdelay_l_ms=1.07204 qdelay_c_ms=80.9951 ecn_mark=220 drop=0
[QUEUE_STATS] t_ms=2016 q_pkts=203 q_bytes=305312 qdelay_l_ms=1.0446 qdelay_c_ms=82.2099 ecn_mark=220 drop=0
[QUEUE_STATS] t_ms=2032 q_pkts=206 q_bytes=309824 qdelay_l_ms=1.0818 qdelay_c_ms=80.4682 ecn_mark=220 drop=0
[QUEUE_STATS] t_ms=2048 q_pkts=207 q_bytes=311328 qdelay_l_ms=0.040296 qdelay_c_ms=80.795 ecn_mark=220 drop=0
[QUEUE_STATS] t_ms=2064 q_pkts=212 q_bytes=318848 qdelay_l_ms=1.04613 qdelay_c_ms=82.8828 ecn_mark=220 drop=0
[QUEUE_STATS] t_ms=2080 q_pkts=212 q_bytes=318848 qdelay_l_ms=1.07263 qdelay_c_ms=84.1791 ecn_mark=220 drop=0
[QUEUE_STATS] t_ms=2096 q_pkts=217 q_bytes=326368 qdelay_l_ms=1.08236 qdelay_c_ms=85.3656 ecn_mark=220 drop=0
[QUEUE_STATS] t_ms=2112 q_pkts=214 q_bytes=321856 qdelay_l_ms=0.033373 qdelay_c_ms=85.9694 ecn_mark=220 drop=0
[QUEUE_STATS] t_ms=2128 q_pkts=219 q_bytes=329376 qdelay_l_ms=1.12073 qdelay_c_ms=86.7878 ecn_mark=221 drop=0
[QUEUE_STATS] t_ms=2144 q_pkts=219 q_bytes=329376 qdelay_l_ms=0 qdelay_c_ms=88.9188 ecn_mark=221 drop=0
[QUEUE_STATS] t_ms=2161 q_pkts=221 q_bytes=332384 qdelay_l_ms=1.04138 qdelay_c_ms=89.7136 ecn_mark=221 drop=0
[QUEUE_STATS] t_ms=2176 q_pkts=222 q_bytes=333888 qdelay_l_ms=0.854085 qdelay_c_ms=89.7793 ecn_mark=221 drop=0
[QUEUE_STATS] t_ms=2192 q_pkts=226 q_bytes=339904 qdelay_l_ms=1.04986 qdelay_c_ms=90.7373 ecn_mark=221 drop=0
[QUEUE_STATS] t_ms=2208 q_pkts=227 q_bytes=341408 qdelay_l_ms=1.03407 qdelay_c_ms=91.8541 ecn_mark=221 drop=0
[QUEUE_STATS] t_ms=2224 q_pkts=230 q_bytes=345920 qdelay_l_ms=1.10703 qdelay_c_ms=92.429 ecn_mark=221 drop=0
[QUEUE_STATS] t_ms=2240 q_pkts=233 q_bytes=350432 qdelay_l_ms=1.02262 qdelay_c_ms=92.788 ecn_mark=221 drop=0
[QUEUE_STATS] t_ms=2256 q_pkts=233 q_bytes=350432 qdelay_l_ms=1.022 qdelay_c_ms=93.0048 ecn_mark=221 drop=0
[QUEUE_STATS] t_ms=2273 q_pkts=235 q_bytes=353440 qdelay_l_ms=1.09454 qdelay_c_ms=93.4942 ecn_mark=221 drop=0
[QUEUE_STATS] t_ms=2288 q_pkts=238 q_bytes=357952 qdelay_l_ms=1.0998 qdelay_c_ms=94.7822 ecn_mark=221 drop=0
[QUEUE_STATS] t_ms=2304 q_pkts=240 q_bytes=360960 qdelay_l_ms=1.00744 qdelay_c_ms=97.0187 ecn_mark=222 drop=0
[QUEUE_STATS] t_ms=2320 q_pkts=243 q_bytes=365472 qdelay_l_ms=1.09013 qdelay_c_ms=98.071 ecn_mark=222 drop=0
[QUEUE_STATS] t_ms=2336 q_pkts=245 q_bytes=368480 qdelay_l_ms=1.05389 qdelay_c_ms=97.7302 ecn_mark=222 drop=0
[QUEUE_STATS] t_ms=2352 q_pkts=245 q_bytes=368480 qdelay_l_ms=1.04349 qdelay_c_ms=99.9947 ecn_mark=222 drop=0
[QUEUE_STATS] t_ms=2368 q_pkts=244 q_bytes=366976 qdelay_l_ms=1.02882 qdelay_c_ms=100.594 ecn_mark=222 drop=0
[QUEUE_STATS] t_ms=2384 q_pkts=252 q_bytes=379008 qdelay_l_ms=1.04032 qdelay_c_ms=101.765 ecn_mark=222 drop=0
[QUEUE_STATS] t_ms=2400 q_pkts=251 q_bytes=377504 qdelay_l_ms=1.03764 qdelay_c_ms=101.806 ecn_mark=222 drop=0
[QUEUE_STATS] t_ms=2416 q_pkts=253 q_bytes=380512 qdelay_l_ms=1.02539 qdelay_c_ms=102.636 ecn_mark=223 drop=0
[QUEUE_STATS] t_ms=2432 q_pkts=258 q_bytes=388032 qdelay_l_ms=1.00711 qdelay_c_ms=103.981 ecn_mark=224 drop=0
[QUEUE_STATS] t_ms=2448 q_pkts=258 q_bytes=388032 qdelay_l_ms=1.04524 qdelay_c_ms=105.147 ecn_mark=224 drop=0
[QUEUE_STATS] t_ms=2464 q_pkts=257 q_bytes=386528 qdelay_l_ms=1.10725 qdelay_c_ms=103.533 ecn_mark=225 drop=0
[QUEUE_STATS] t_ms=2480 q_pkts=263 q_bytes=395552 qdelay_l_ms=1.02913 qdelay_c_ms=106.146 ecn_mark=225 drop=0
[QUEUE_STATS] t_ms=2496 q_pkts=262 q_bytes=394048 qdelay_l_ms=1.06085 qdelay_c_ms=106.942 ecn_mark=225 drop=0
[QUEUE_STATS] t_ms=2512 q_pkts=262 q_bytes=394048 qdelay_l_ms=1.05912 qdelay_c_ms=105.728 ecn_mark=225 drop=0
[QUEUE_STATS] t_ms=2528 q_pkts=264 q_bytes=397056 qdelay_l_ms=1.06457 qdelay_c_ms=107.904 ecn_mark=225 drop=0
[QUEUE_STATS] t_ms=2544 q_pkts=267 q_bytes=401568 qdelay_l_ms=1.09034 qdelay_c_ms=107.975 ecn_mark=225 drop=0
[QUEUE_STATS] t_ms=2560 q_pkts=268 q_bytes=403072 qdelay_l_ms=1.03754 qdelay_c_ms=108.159 ecn_mark=225 drop=0
[QUEUE_STATS] t_ms=2576 q_pkts=271 q_bytes=407584 qdelay_l_ms=1.07684 qdelay_c_ms=109.204 ecn_mark=225 drop=0
[QUEUE_STATS] t_ms=2592 q_pkts=274 q_bytes=412096 qdelay_l_ms=1.07275 qdelay_c_ms=110.094 ecn_mark=225 drop=0
[QUEUE_STATS] t_ms=2608 q_pkts=275 q_bytes=413600 qdelay_l_ms=1.10959 qdelay_c_ms=110.165 ecn_mark=225 drop=0
[QUEUE_STATS] t_ms=2624 q_pkts=277 q_bytes=416608 qdelay_l_ms=1.02654 qdelay_c_ms=113.341 ecn_mark=226 drop=0
[QUEUE_STATS] t_ms=2640 q_pkts=281 q_bytes=422624 qdelay_l_ms=0 qdelay_c_ms=113.025 ecn_mark=226 drop=0
[QUEUE_STATS] t_ms=2656 q_pkts=281 q_bytes=422624 qdelay_l_ms=0.328207 qdelay_c_ms=113.908 ecn_mark=226 drop=0
[QUEUE_STATS] t_ms=2672 q_pkts=285 q_bytes=428640 qdelay_l_ms=0.889151 qdelay_c_ms=115.963 ecn_mark=226 drop=0
[QUEUE_STATS] t_ms=2688 q_pkts=285 q_bytes=428640 qdelay_l_ms=1.03081 qdelay_c_ms=116.268 ecn_mark=226 drop=0
[QUEUE_STATS] t_ms=2704 q_pkts=289 q_bytes=434656 qdelay_l_ms=1.09599 qdelay_c_ms=118.055 ecn_mark=227 drop=0
[QUEUE_STATS] t_ms=2720 q_pkts=293 q_bytes=440672 qdelay_l_ms=1.07497 qdelay_c_ms=119.009 ecn_mark=227 drop=0
[QUEUE_STATS] t_ms=2736 q_pkts=292 q_bytes=439168 qdelay_l_ms=0.938234 qdelay_c_ms=119.019 ecn_mark=227 drop=0
[QUEUE_STATS] t_ms=2752 q_pkts=289 q_bytes=434656 qdelay_l_ms=0 qdelay_c_ms=119.144 ecn_mark=227 drop=0
[QUEUE_STATS] t_ms=2768 q_pkts=295 q_bytes=443680 qdelay_l_ms=1.09593 qdelay_c_ms=121.854 ecn_mark=227 drop=0
[QUEUE_STATS] t_ms=2784 q_pkts=296 q_bytes=445184 qdelay_l_ms=1.01949 qdelay_c_ms=121.539 ecn_mark=228 drop=0
[QUEUE_STATS] t_ms=2800 q_pkts=300 q_bytes=451200 qdelay_l_ms=1.0559 qdelay_c_ms=123.368 ecn_mark=228 drop=0
[QUEUE_STATS] t_ms=2816 q_pkts=304 q_bytes=454296 qdelay_l_ms=1.09591 qdelay_c_ms=124.457 ecn_mark=228 drop=0
[QUEUE_STATS] t_ms=2832 q_pkts=306 q_bytes=457304 qdelay_l_ms=1.09814 qdelay_c_ms=123.861 ecn_mark=228 drop=0
[QUEUE_STATS] t_ms=2848 q_pkts=306 q_bytes=457304 qdelay_l_ms=1.00971 qdelay_c_ms=124.606 ecn_mark=228 drop=0
[QUEUE_STATS] t_ms=2864 q_pkts=310 q_bytes=463320 qdelay_l_ms=0.890573 qdelay_c_ms=125.936 ecn_mark=228 drop=0
[QUEUE_STATS] t_ms=2880 q_pkts=312 q_bytes=466328 qdelay_l_ms=1.0718 qdelay_c_ms=127.398 ecn_mark=228 drop=0
[QUEUE_STATS] t_ms=2896 q_pkts=314 q_bytes=469336 qdelay_l_ms=0.996263 qdelay_c_ms=128.14 ecn_mark=228 drop=0
[QUEUE_STATS] t_ms=2912 q_pkts=318 q_bytes=475352 qdelay_l_ms=1.06212 qdelay_c_ms=129.119 ecn_mark=228 drop=0
[QUEUE_STATS] t_ms=2928 q_pkts=320 q_bytes=478360 qdelay_l_ms=1.09403 qdelay_c_ms=131.222 ecn_mark=229 drop=0
[QUEUE_STATS] t_ms=2944 q_pkts=320 q_bytes=481280 qdelay_l_ms=1.01248 qdelay_c_ms=131.661 ecn_mark=229 drop=0
[QUEUE_STATS] t_ms=2960 q_pkts=319 q_bytes=479776 qdelay_l_ms=1.07168 qdelay_c_ms=133.356 ecn_mark=229 drop=0
[QUEUE_STATS] t_ms=2976 q_pkts=321 q_bytes=482784 qdelay_l_ms=1.00167 qdelay_c_ms=134.896 ecn_mark=229 drop=0
[QUEUE_STATS] t_ms=2992 q_pkts=324 q_bytes=487296 qdelay_l_ms=0.884292 qdelay_c_ms=134.123 ecn_mark=229 drop=0
[QUEUE_STATS] t_ms=3008 q_pkts=326 q_bytes=490304 qdelay_l_ms=0.774956 qdelay_c_ms=135.874 ecn_mark=230 drop=0
[QUEUE_STATS] t_ms=3024 q_pkts=328 q_bytes=493312 qdelay_l_ms=1.11224 qdelay_c_ms=137.117 ecn_mark=230 drop=0
[QUEUE_STATS] t_ms=3040 q_pkts=328 q_bytes=493312 qdelay_l_ms=0.980512 qdelay_c_ms=137.017 ecn_mark=231 drop=0
[QUEUE_STATS] t_ms=3056 q_pkts=330 q_bytes=496320 qdelay_l_ms=1.04588 qdelay_c_ms=138.447 ecn_mark=231 drop=0
[QUEUE_STATS] t_ms=3072 q_pkts=331 q_bytes=497824 qdelay_l_ms=0.982146 qdelay_c_ms=140.3 ecn_mark=232 drop=0
[QUEUE_STATS] t_ms=3088 q_pkts=335 q_bytes=503840 qdelay_l_ms=1.06937 qdelay_c_ms=141.317 ecn_mark=232 drop=0
[QUEUE_STATS] t_ms=3104 q_pkts=339 q_bytes=509856 qdelay_l_ms=1.0824 qdelay_c_ms=141.968 ecn_mark=232 drop=0
[QUEUE_STATS] t_ms=3120 q_pkts=339 q_bytes=509856 qdelay_l_ms=0.971976 qdelay_c_ms=143.187 ecn_mark=233 drop=0
[QUEUE_STATS] t_ms=3136 q_pkts=340 q_bytes=511360 qdelay_l_ms=0.996923 qdelay_c_ms=142.786 ecn_mark=233 drop=0
[QUEUE_STATS] t_ms=3152 q_pkts=342 q_bytes=514368 qdelay_l_ms=1.10158 qdelay_c_ms=144.897 ecn_mark=233 drop=0
[QUEUE_STATS] t_ms=3168 q_pkts=345 q_bytes=518880 qdelay_l_ms=1.07559 qdelay_c_ms=144.936 ecn_mark=233 drop=0
[QUEUE_STATS] t_ms=3184 q_pkts=346 q_bytes=520384 qdelay_l_ms=1.02771 qdelay_c_ms=146.949 ecn_mark=233 drop=0
[QUEUE_STATS] t_ms=3200 q_pkts=348 q_bytes=523392 qdelay_l_ms=1.08181 qdelay_c_ms=148.509 ecn_mark=234 drop=0
[QUEUE_STATS] t_ms=3216 q_pkts=348 q_bytes=523392 qdelay_l_ms=0 qdelay_c_ms=146.793 ecn_mark=235 drop=0
[QUEUE_STATS] t_ms=3232 q_pkts=351 q_bytes=527904 qdelay_l_ms=1.04803 qdelay_c_ms=150.153 ecn_mark=236 drop=0
[QUEUE_STATS] t_ms=3248 q_pkts=353 q_bytes=530912 qdelay_l_ms=1.09783 qdelay_c_ms=149.592 ecn_mark=236 drop=0
[QUEUE_STATS] t_ms=3264 q_pkts=351 q_bytes=527904 qdelay_l_ms=0 qdelay_c_ms=149.057 ecn_mark=237 drop=0
[QUEUE_STATS] t_ms=3280 q_pkts=358 q_bytes=538432 qdelay_l_ms=0.976436 qdelay_c_ms=153.179 ecn_mark=237 drop=0
[QUEUE_STATS] t_ms=3296 q_pkts=362 q_bytes=544448 qdelay_l_ms=0.940447 qdelay_c_ms=153.601 ecn_mark=237 drop=0
[QUEUE_STATS] t_ms=3312 q_pkts=361 q_bytes=542944 qdelay_l_ms=0.95221 qdelay_c_ms=153.863 ecn_mark=237 drop=0
[QUEUE_STATS] t_ms=3328 q_pkts=359 q_bytes=539936 qdelay_l_ms=0.015039 qdelay_c_ms=154.951 ecn_mark=237 drop=0
[QUEUE_STATS] t_ms=3344 q_pkts=367 q_bytes=551968 qdelay_l_ms=1.04221 qdelay_c_ms=155.665 ecn_mark=237 drop=0
[QUEUE_STATS] t_ms=3360 q_pkts=367 q_bytes=551968 qdelay_l_ms=1.07622 qdelay_c_ms=155.874 ecn_mark=238 drop=0
[QUEUE_STATS] t_ms=3376 q_pkts=370 q_bytes=556480 qdelay_l_ms=0.77666 qdelay_c_ms=159.971 ecn_mark=239 drop=0
[QUEUE_STATS] t_ms=3392 q_pkts=373 q_bytes=560992 qdelay_l_ms=0.951138 qdelay_c_ms=158.927 ecn_mark=239 drop=0
[QUEUE_STATS] t_ms=3408 q_pkts=372 q_bytes=559488 qdelay_l_ms=1.07703 qdelay_c_ms=160.561 ecn_mark=240 drop=0
[QUEUE_STATS] t_ms=3424 q_pkts=375 q_bytes=564000 qdelay_l_ms=0.919949 qdelay_c_ms=162.062 ecn_mark=240 drop=0
[QUEUE_STATS] t_ms=3440 q_pkts=379 q_bytes=570016 qdelay_l_ms=0.931971 qdelay_c_ms=162.707 ecn_mark=241 drop=0
[QUEUE_STATS] t_ms=3456 q_pkts=374 q_bytes=562496 qdelay_l_ms=0 qdelay_c_ms=163.054 ecn_mark=241 drop=0
[QUEUE_STATS] t_ms=3472 q_pkts=379 q_bytes=570016 qdelay_l_ms=1.06959 qdelay_c_ms=165.048 ecn_mark=241 drop=0
[QUEUE_STATS] t_ms=3488 q_pkts=378 q_bytes=568512 qdelay_l_ms=0.015079 qdelay_c_ms=163.872 ecn_mark=242 drop=0
[QUEUE_STATS] t_ms=3504 q_pkts=384 q_bytes=577536 qdelay_l_ms=0.93678 qdelay_c_ms=166.916 ecn_mark=242 drop=0
[QUEUE_STATS] t_ms=3520 q_pkts=386 q_bytes=580544 qdelay_l_ms=0.933965 qdelay_c_ms=169.058 ecn_mark=244 drop=0
[QUEUE_STATS] t_ms=3536 q_pkts=387 q_bytes=582048 qdelay_l_ms=1.06092 qdelay_c_ms=167.986 ecn_mark=244 drop=0
[QUEUE_STATS] t_ms=3552 q_pkts=391 q_bytes=588064 qdelay_l_ms=1.06354 qdelay_c_ms=171.084 ecn_mark=245 drop=0
[QUEUE_STATS] t_ms=3568 q_pkts=393 q_bytes=591072 qdelay_l_ms=1.06994 qdelay_c_ms=173.053 ecn_mark=247 drop=0
[QUEUE_STATS] t_ms=3584 q_pkts=395 q_bytes=594080 qdelay_l_ms=0.92039 qdelay_c_ms=170.932 ecn_mark=248 drop=0
[QUEUE_STATS] t_ms=3600 q_pkts=393 q_bytes=591072 qdelay_l_ms=1.06773 qdelay_c_ms=174.787 ecn_mark=249 drop=0
[QUEUE_STATS] t_ms=3616 q_pkts=399 q_bytes=600096 qdelay_l_ms=0.896144 qdelay_c_ms=176.947 ecn_mark=250 drop=0
[QUEUE_STATS] t_ms=3632 q_pkts=398 q_bytes=598592 qdelay_l_ms=1.03243 qdelay_c_ms=174.913 ecn_mark=250 drop=0
[QUEUE_STATS] t_ms=3648 q_pkts=400 q_bytes=601600 qdelay_l_ms=1.1038 qdelay_c_ms=176.824 ecn_mark=250 drop=0
[QUEUE_STATS] t_ms=3664 q_pkts=404 q_bytes=607616 qdelay_l_ms=0.89406 qdelay_c_ms=178.698 ecn_mark=251 drop=0
[QUEUE_STATS] t_ms=3680 q_pkts=405 q_bytes=609120 qdelay_l_ms=0.942121 qdelay_c_ms=178.779 ecn_mark=252 drop=0
[QUEUE_STATS] t_ms=3697 q_pkts=406 q_bytes=610624 qdelay_l_ms=1.06596 qdelay_c_ms=182.094 ecn_mark=252 drop=0
[QUEUE_STATS] t_ms=3712 q_pkts=408 q_bytes=613632 qdelay_l_ms=1.07156 qdelay_c_ms=182.294 ecn_mark=252 drop=0
[QUEUE_STATS] t_ms=3728 q_pkts=406 q_bytes=610624 qdelay_l_ms=0 qdelay_c_ms=181.03 ecn_mark=252 drop=0
[QUEUE_STATS] t_ms=3744 q_pkts=412 q_bytes=619648 qdelay_l_ms=1.07298 qdelay_c_ms=184.306 ecn_mark=253 drop=0
[QUEUE_STATS] t_ms=3760 q_pkts=414 q_bytes=622656 qdelay_l_ms=0.908798 qdelay_c_ms=184.84 ecn_mark=254 drop=0
[QUEUE_STATS] t_ms=3776 q_pkts=417 q_bytes=627168 qdelay_l_ms=1.06925 qdelay_c_ms=187.252 ecn_mark=254 drop=0
[QUEUE_STATS] t_ms=3792 q_pkts=417 q_bytes=627168 qdelay_l_ms=0.898188 qdelay_c_ms=186.829 ecn_mark=254 drop=0
[QUEUE_STATS] t_ms=3808 q_pkts=420 q_bytes=631680 qdelay_l_ms=1.09125 qdelay_c_ms=189.068 ecn_mark=254 drop=0
[QUEUE_STATS] t_ms=3824 q_pkts=423 q_bytes=636192 qdelay_l_ms=1.02365 qdelay_c_ms=190.927 ecn_mark=254 drop=0
[QUEUE_STATS] t_ms=3840 q_pkts=420 q_bytes=630228 qdelay_l_ms=0 qdelay_c_ms=187.712 ecn_mark=254 drop=0
[QUEUE_STATS] t_ms=3856 q_pkts=427 q_bytes=640756 qdelay_l_ms=1.07725 qdelay_c_ms=192.318 ecn_mark=256 drop=0
[QUEUE_STATS] t_ms=3872 q_pkts=430 q_bytes=645268 qdelay_l_ms=1.06748 qdelay_c_ms=194.995 ecn_mark=256 drop=0
[QUEUE_STATS] t_ms=3889 q_pkts=431 q_bytes=646772 qdelay_l_ms=1.06987 qdelay_c_ms=195.07 ecn_mark=259 drop=0
[QUEUE_STATS] t_ms=3904 q_pkts=432 q_bytes=648276 qdelay_l_ms=1.07781 qdelay_c_ms=196.976 ecn_mark=260 drop=0
[QUEUE_STATS] t_ms=3921 q_pkts=435 q_bytes=652788 qdelay_l_ms=1.08326 qdelay_c_ms=198.832 ecn_mark=261 drop=0
[QUEUE_STATS] t_ms=3936 q_pkts=437 q_bytes=655796 qdelay_l_ms=1.08279 qdelay_c_ms=200.223 ecn_mark=261 drop=0
[QUEUE_STATS] t_ms=3952 q_pkts=436 q_bytes=654292 qdelay_l_ms=1.06731 qdelay_c_ms=200.967 ecn_mark=262 drop=0
[QUEUE_STATS] t_ms=3968 q_pkts=442 q_bytes=663316 qdelay_l_ms=1.07349 qdelay_c_ms=202.045 ecn_mark=264 drop=0
[QUEUE_STATS] t_ms=3984 q_pkts=440 q_bytes=660308 qdelay_l_ms=0 qdelay_c_ms=202.001 ecn_mark=266 drop=0
[QUEUE_STATS] t_ms=4000 q_pkts=444 q_bytes=666324 qdelay_l_ms=1.06907 qdelay_c_ms=205.048 ecn_mark=266 drop=0
[QUEUE_STATS] t_ms=4016 q_pkts=439 q_bytes=658804 qdelay_l_ms=0 qdelay_c_ms=204.628 ecn_mark=267 drop=0
[QUEUE_STATS] t_ms=4032 q_pkts=447 q_bytes=670836 qdelay_l_ms=1.06776 qdelay_c_ms=206.19 ecn_mark=268 drop=0
[QUEUE_STATS] t_ms=4048 q_pkts=444 q_bytes=667776 qdelay_l_ms=0 qdelay_c_ms=207.956 ecn_mark=269 drop=0
[QUEUE_STATS] t_ms=4064 q_pkts=449 q_bytes=675296 qdelay_l_ms=1.03025 qdelay_c_ms=208.863 ecn_mark=269 drop=0
[QUEUE_STATS] t_ms=4080 q_pkts=445 q_bytes=669280 qdelay_l_ms=0 qdelay_c_ms=207.909 ecn_mark=271 drop=0
[QUEUE_STATS] t_ms=4096 q_pkts=451 q_bytes=678304 qdelay_l_ms=1.03706 qdelay_c_ms=210.948 ecn_mark=271 drop=0
[QUEUE_STATS] t_ms=4112 q_pkts=456 q_bytes=685824 qdelay_l_ms=1.04008 qdelay_c_ms=213.027 ecn_mark=271 drop=0
[QUEUE_STATS] t_ms=4128 q_pkts=455 q_bytes=684320 qdelay_l_ms=1.09682 qdelay_c_ms=210.968 ecn_mark=273 drop=0
[QUEUE_STATS] t_ms=4144 q_pkts=456 q_bytes=685824 qdelay_l_ms=0.671071 qdelay_c_ms=214.264 ecn_mark=275 drop=0
[QUEUE_STATS] t_ms=4161 q_pkts=460 q_bytes=691840 qdelay_l_ms=0 qdelay_c_ms=214.94 ecn_mark=276 drop=0
[QUEUE_STATS] t_ms=4176 q_pkts=459 q_bytes=690336 qdelay_l_ms=1.04452 qdelay_c_ms=215.013 ecn_mark=276 drop=0
[QUEUE_STATS] t_ms=4192 q_pkts=460 q_bytes=691840 qdelay_l_ms=1.05095 qdelay_c_ms=216.119 ecn_mark=277 drop=0
[QUEUE_STATS] t_ms=4208 q_pkts=465 q_bytes=699360 qdelay_l_ms=1.08508 qdelay_c_ms=218.24 ecn_mark=278 drop=0
[QUEUE_STATS] t_ms=4225 q_pkts=466 q_bytes=700864 qdelay_l_ms=1.09369 qdelay_c_ms=217.871 ecn_mark=278 drop=0
[QUEUE_STATS] t_ms=4240 q_pkts=465 q_bytes=699360 qdelay_l_ms=1.09316 qdelay_c_ms=219.848 ecn_mark=278 drop=0
[QUEUE_STATS] t_ms=4256 q_pkts=469 q_bytes=705376 qdelay_l_ms=1.10009 qdelay_c_ms=218.883 ecn_mark=279 drop=0
[QUEUE_STATS] t_ms=4272 q_pkts=471 q_bytes=708384 qdelay_l_ms=0.878201 qdelay_c_ms=221.17 ecn_mark=280 drop=0
[QUEUE_STATS] t_ms=4288 q_pkts=473 q_bytes=711392 qdelay_l_ms=1.02926 qdelay_c_ms=223.077 ecn_mark=280 drop=0
[QUEUE_STATS] t_ms=4304 q_pkts=474 q_bytes=712896 qdelay_l_ms=0.869595 qdelay_c_ms=221.972 ecn_mark=281 drop=0
[QUEUE_STATS] t_ms=4320 q_pkts=471 q_bytes=708384 qdelay_l_ms=0 qdelay_c_ms=223.962 ecn_mark=284 drop=0
[QUEUE_STATS] t_ms=4336 q_pkts=477 q_bytes=717408 qdelay_l_ms=1.07548 qdelay_c_ms=225.947 ecn_mark=285 drop=0
[QUEUE_STATS] t_ms=4352 q_pkts=478 q_bytes=718912 qdelay_l_ms=1.09666 qdelay_c_ms=223.843 ecn_mark=285 drop=0
[QUEUE_STATS] t_ms=4368 q_pkts=474 q_bytes=712896 qdelay_l_ms=0 qdelay_c_ms=225.636 ecn_mark=286 drop=0
[QUEUE_STATS] t_ms=4384 q_pkts=483 q_bytes=726432 qdelay_l_ms=1.02266 qdelay_c_ms=226.093 ecn_mark=286 drop=0
[QUEUE_STATS] t_ms=4400 q_pkts=484 q_bytes=727936 qdelay_l_ms=1.03148 qdelay_c_ms=228.941 ecn_mark=287 drop=0
[QUEUE_STATS] t_ms=4417 q_pkts=485 q_bytes=729440 qdelay_l_ms=1.0697 qdelay_c_ms=229.886 ecn_mark=289 drop=0
[QUEUE_STATS] t_ms=4432 q_pkts=487 q_bytes=732448 qdelay_l_ms=1.01667 qdelay_c_ms=228.956 ecn_mark=289 drop=0
[QUEUE_STATS] t_ms=4449 q_pkts=487 q_bytes=732448 qdelay_l_ms=1.08359 qdelay_c_ms=232.059 ecn_mark=289 drop=0
[QUEUE_STATS] t_ms=4464 q_pkts=489 q_bytes=735456 qdelay_l_ms=1.0667 qdelay_c_ms=233.133 ecn_mark=290 drop=0
[QUEUE_STATS] t_ms=4481 q_pkts=491 q_bytes=738464 qdelay_l_ms=1.08811 qdelay_c_ms=232.09 ecn_mark=290 drop=0
[QUEUE_STATS] t_ms=4496 q_pkts=493 q_bytes=741472 qdelay_l_ms=1.06972 qdelay_c_ms=234.406 ecn_mark=290 drop=0
[QUEUE_STATS] t_ms=4512 q_pkts=495 q_bytes=744480 qdelay_l_ms=1.10433 qdelay_c_ms=235.678 ecn_mark=294 drop=0
[QUEUE_STATS] t_ms=4528 q_pkts=496 q_bytes=745984 qdelay_l_ms=1.06952 qdelay_c_ms=235.158 ecn_mark=294 drop=0
[QUEUE_STATS] t_ms=4544 q_pkts=500 q_bytes=752000 qdelay_l_ms=1.11871 qdelay_c_ms=237.089 ecn_mark=295 drop=0
[QUEUE_STATS] t_ms=4560 q_pkts=501 q_bytes=753504 qdelay_l_ms=0.986824 qdelay_c_ms=237.875 ecn_mark=297 drop=0
[QUEUE_STATS] t_ms=4576 q_pkts=503 q_bytes=756512 qdelay_l_ms=1.09367 qdelay_c_ms=238.01 ecn_mark=300 drop=0
[QUEUE_STATS] t_ms=4592 q_pkts=504 q_bytes=758016 qdelay_l_ms=1.02741 qdelay_c_ms=241.029 ecn_mark=302 drop=0
[QUEUE_STATS] t_ms=4608 q_pkts=506 q_bytes=761024 qdelay_l_ms=1.05376 qdelay_c_ms=239.935 ecn_mark=302 drop=0
[QUEUE_STATS] t_ms=4624 q_pkts=505 q_bytes=759520 qdelay_l_ms=1.06444 qdelay_c_ms=242.33 ecn_mark=303 drop=0
[QUEUE_STATS] t_ms=4640 q_pkts=510 q_bytes=767040 qdelay_l_ms=1.06797 qdelay_c_ms=245.667 ecn_mark=304 drop=0
[QUEUE_STATS] t_ms=4656 q_pkts=513 q_bytes=771552 qdelay_l_ms=1.08468 qdelay_c_ms=244.074 ecn_mark=306 drop=0
[QUEUE_STATS] t_ms=4672 q_pkts=511 q_bytes=768544 qdelay_l_ms=0.647246 qdelay_c_ms=245.169 ecn_mark=307 drop=0
[QUEUE_STATS] t_ms=4688 q_pkts=512 q_bytes=770048 qdelay_l_ms=0 qdelay_c_ms=246.194 ecn_mark=308 drop=0
[QUEUE_STATS] t_ms=4704 q_pkts=516 q_bytes=776064 qdelay_l_ms=1.02625 qdelay_c_ms=245.828 ecn_mark=310 drop=0
[QUEUE_STATS] t_ms=4720 q_pkts=518 q_bytes=779072 qdelay_l_ms=1.00391 qdelay_c_ms=248.155 ecn_mark=311 drop=0
[QUEUE_STATS] t_ms=4736 q_pkts=517 q_bytes=777568 qdelay_l_ms=1.08155 qdelay_c_ms=250.094 ecn_mark=311 drop=0
[QUEUE_STATS] t_ms=4752 q_pkts=516 q_bytes=776064 qdelay_l_ms=0 qdelay_c_ms=248.89 ecn_mark=311 drop=0
[QUEUE_STATS] t_ms=4768 q_pkts=521 q_bytes=783584 qdelay_l_ms=1.07168 qdelay_c_ms=253.244 ecn_mark=311 drop=0
[QUEUE_STATS] t_ms=4784 q_pkts=523 q_bytes=786592 qdelay_l_ms=1.07342 qdelay_c_ms=254.148 ecn_mark=312 drop=0
[QUEUE_STATS] t_ms=4800 q_pkts=527 q_bytes=792608 qdelay_l_ms=1.06897 qdelay_c_ms=255.376 ecn_mark=313 drop=0
[QUEUE_STATS] t_ms=4816 q_pkts=522 q_bytes=785088 qdelay_l_ms=0 qdelay_c_ms=254.003 ecn_mark=314 drop=0
[QUEUE_STATS] t_ms=4832 q_pkts=529 q_bytes=795616 qdelay_l_ms=1.10569 qdelay_c_ms=257.024 ecn_mark=314 drop=0
[QUEUE_STATS] t_ms=4849 q_pkts=529 q_bytes=795616 qdelay_l_ms=1.09715 qdelay_c_ms=256.978 ecn_mark=317 drop=0
[QUEUE_STATS] t_ms=4864 q_pkts=533 q_bytes=801632 qdelay_l_ms=1.06457 qdelay_c_ms=258.926 ecn_mark=320 drop=0
[QUEUE_STATS] t_ms=4880 q_pkts=528 q_bytes=794112 qdelay_l_ms=0 qdelay_c_ms=257.92 ecn_mark=320 drop=0
[QUEUE_STATS] t_ms=4896 q_pkts=536 q_bytes=806144 qdelay_l_ms=1.09494 qdelay_c_ms=259.812 ecn_mark=321 drop=0
[QUEUE_STATS] t_ms=4913 q_pkts=536 q_bytes=806144 qdelay_l_ms=1.08788 qdelay_c_ms=259.902 ecn_mark=322 drop=0
[QUEUE_STATS] t_ms=4928 q_pkts=539 q_bytes=810656 qdelay_l_ms=1.0867 qdelay_c_ms=263.291 ecn_mark=323 drop=0
[QUEUE_STATS] t_ms=4945 q_pkts=540 q_bytes=812160 qdelay_l_ms=1.09876 qdelay_c_ms=261.907 ecn_mark=325 drop=0
[QUEUE_STATS] t_ms=4960 q_pkts=542 q_bytes=815168 qdelay_l_ms=0.862982 qdelay_c_ms=262.97 ecn_mark=326 drop=0
[QUEUE_STATS] t_ms=4976 q_pkts=543 q_bytes=816672 qdelay_l_ms=0.685268 qdelay_c_ms=265.958 ecn_mark=327 drop=0
[QUEUE_STATS] t_ms=4992 q_pkts=543 q_bytes=816672 qdelay_l_ms=0.968771 qdelay_c_ms=265.853 ecn_mark=328 drop=0
[QUEUE_STATS] t_ms=5008 q_pkts=545 q_bytes=819680 qdelay_l_ms=1.03958 qdelay_c_ms=266.744 ecn_mark=328 drop=0
[QUEUE_STATS] t_ms=5024 q_pkts=545 q_bytes=819680 qdelay_l_ms=0 qdelay_c_ms=266.754 ecn_mark=329 drop=0
[QUEUE_STATS] t_ms=5040 q_pkts=545 q_bytes=819680 qdelay_l_ms=0 qdelay_c_ms=266.044 ecn_mark=329 drop=0
[QUEUE_STATS] t_ms=5056 q_pkts=548 q_bytes=824192 qdelay_l_ms=1.06963 qdelay_c_ms=268.924 ecn_mark=330 drop=0
[QUEUE_STATS] t_ms=5072 q_pkts=551 q_bytes=828704 qdelay_l_ms=0.03747 qdelay_c_ms=269.875 ecn_mark=331 drop=0
[QUEUE_STATS] t_ms=5088 q_pkts=554 q_bytes=833216 qdelay_l_ms=1.08194 qdelay_c_ms=269.951 ecn_mark=331 drop=0
[QUEUE_STATS] t_ms=5104 q_pkts=554 q_bytes=833216 qdelay_l_ms=1.04337 qdelay_c_ms=270.889 ecn_mark=331 drop=0
[QUEUE_STATS] t_ms=5120 q_pkts=555 q_bytes=834720 qdelay_l_ms=0 qdelay_c_ms=270.946 ecn_mark=332 drop=0
[QUEUE_STATS] t_ms=5136 q_pkts=558 q_bytes=839232 qdelay_l_ms=1.02061 qdelay_c_ms=273.042 ecn_mark=334 drop=0
[QUEUE_STATS] t_ms=5152 q_pkts=560 q_bytes=842240 qdelay_l_ms=1.07552 qdelay_c_ms=273.34 ecn_mark=337 drop=0
[QUEUE_STATS] t_ms=5168 q_pkts=563 q_bytes=846752 qdelay_l_ms=0.9895 qdelay_c_ms=274.911 ecn_mark=339 drop=0
[QUEUE_STATS] t_ms=5184 q_pkts=562 q_bytes=845248 qdelay_l_ms=1.08385 qdelay_c_ms=275.933 ecn_mark=340 drop=0
[QUEUE_STATS] t_ms=5200 q_pkts=565 q_bytes=849760 qdelay_l_ms=1.04623 qdelay_c_ms=276.134 ecn_mark=340 drop=0
[QUEUE_STATS] t_ms=5216 q_pkts=566 q_bytes=851264 qdelay_l_ms=1.08401 qdelay_c_ms=275.147 ecn_mark=341 drop=0
[QUEUE_STATS] t_ms=5232 q_pkts=565 q_bytes=849760 qdelay_l_ms=1.06477 qdelay_c_ms=277.912 ecn_mark=345 drop=0
[QUEUE_STATS] t_ms=5248 q_pkts=568 q_bytes=854272 qdelay_l_ms=1.04473 qdelay_c_ms=278.014 ecn_mark=347 drop=0
[QUEUE_STATS] t_ms=5264 q_pkts=571 q_bytes=858784 qdelay_l_ms=0.839758 qdelay_c_ms=275.811 ecn_mark=348 drop=0
[QUEUE_STATS] t_ms=5280 q_pkts=568 q_bytes=854272 qdelay_l_ms=0 qdelay_c_ms=278.169 ecn_mark=351 drop=0
[QUEUE_STATS] t_ms=5296 q_pkts=573 q_bytes=861792 qdelay_l_ms=1.09191 qdelay_c_ms=278.007 ecn_mark=352 drop=0
[QUEUE_STATS] t_ms=5312 q_pkts=575 q_bytes=864800 qdelay_l_ms=1.07339 qdelay_c_ms=279.36 ecn_mark=352 drop=0
[QUEUE_STATS] t_ms=5328 q_pkts=576 q_bytes=866304 qdelay_l_ms=0.870486 qdelay_c_ms=281.889 ecn_mark=354 drop=0
[QUEUE_STATS] t_ms=5344 q_pkts=578 q_bytes=869312 qdelay_l_ms=0.984621 qdelay_c_ms=279.725 ecn_mark=355 drop=0
[QUEUE_STATS] t_ms=5360 q_pkts=578 q_bytes=869312 qdelay_l_ms=1.02205 qdelay_c_ms=283 ecn_mark=356 drop=0
[QUEUE_STATS] t_ms=5376 q_pkts=583 q_bytes=876832 qdelay_l_ms=1.11174 qdelay_c_ms=282.873 ecn_mark=356 drop=0
[QUEUE_STATS] t_ms=5392 q_pkts=583 q_bytes=876832 qdelay_l_ms=1.11317 qdelay_c_ms=282.124 ecn_mark=360 drop=0
[QUEUE_STATS] t_ms=5408 q_pkts=580 q_bytes=872320 qdelay_l_ms=0.018184 qdelay_c_ms=282.944 ecn_mark=362 drop=0
[QUEUE_STATS] t_ms=5424 q_pkts=586 q_bytes=881344 qdelay_l_ms=1.10974 qdelay_c_ms=282.991 ecn_mark=365 drop=0
[QUEUE_STATS] t_ms=5440 q_pkts=587 q_bytes=882848 qdelay_l_ms=0.880435 qdelay_c_ms=283.049 ecn_mark=365 drop=0
[QUEUE_STATS] t_ms=5456 q_pkts=586 q_bytes=881344 qdelay_l_ms=0 qdelay_c_ms=285.048 ecn_mark=367 drop=0
[QUEUE_STATS] t_ms=5472 q_pkts=586 q_bytes=881344 qdelay_l_ms=0.85639 qdelay_c_ms=283.996 ecn_mark=369 drop=0
[QUEUE_STATS] t_ms=5488 q_pkts=591 q_bytes=888864 qdelay_l_ms=1.08292 qdelay_c_ms=285.014 ecn_mark=369 drop=0
[QUEUE_STATS] t_ms=5504 q_pkts=593 q_bytes=891872 qdelay_l_ms=1.09978 qdelay_c_ms=286.948 ecn_mark=370 drop=0
[QUEUE_STATS] t_ms=5520 q_pkts=592 q_bytes=890368 qdelay_l_ms=1.08582 qdelay_c_ms=285.893 ecn_mark=373 drop=0
[QUEUE_STATS] t_ms=5536 q_pkts=594 q_bytes=893376 qdelay_l_ms=1.1047 qdelay_c_ms=285.789 ecn_mark=375 drop=0
[QUEUE_STATS] t_ms=5553 q_pkts=597 q_bytes=897888 qdelay_l_ms=1.03206 qdelay_c_ms=286.929 ecn_mark=376 drop=0
[QUEUE_STATS] t_ms=5568 q_pkts=597 q_bytes=897888 qdelay_l_ms=1.07827 qdelay_c_ms=285.784 ecn_mark=378 drop=0
[QUEUE_STATS] t_ms=5584 q_pkts=597 q_bytes=897888 qdelay_l_ms=0.020388 qdelay_c_ms=287.149 ecn_mark=379 drop=0
[QUEUE_STATS] t_ms=5600 q_pkts=596 q_bytes=896384 qdelay_l_ms=0 qdelay_c_ms=285.852 ecn_mark=379 drop=0
[QUEUE_STATS] t_ms=5617 q_pkts=602 q_bytes=905408 qdelay_l_ms=1.05383 qdelay_c_ms=288.163 ecn_mark=380 drop=0
[QUEUE_STATS] t_ms=5633 q_pkts=604 q_bytes=908416 qdelay_l_ms=1.04385 qdelay_c_ms=289.934 ecn_mark=382 drop=0
[QUEUE_STATS] t_ms=5648 q_pkts=606 q_bytes=911424 qdelay_l_ms=1.08427 qdelay_c_ms=287.895 ecn_mark=382 drop=0
[QUEUE_STATS] t_ms=5664 q_pkts=604 q_bytes=908416 qdelay_l_ms=1.0787 qdelay_c_ms=289.347 ecn_mark=385 drop=0
[QUEUE_STATS] t_ms=5681 q_pkts=610 q_bytes=917440 qdelay_l_ms=1.07776 qdelay_c_ms=291.04 ecn_mark=386 drop=0
[QUEUE_STATS] t_ms=5696 q_pkts=611 q_bytes=918944 qdelay_l_ms=1.08502 qdelay_c_ms=289.29 ecn_mark=387 drop=0
[QUEUE_STATS] t_ms=5712 q_pkts=610 q_bytes=917440 qdelay_l_ms=0.889963 qdelay_c_ms=289.827 ecn_mark=387 drop=0
[QUEUE_STATS] t_ms=5728 q_pkts=613 q_bytes=921952 qdelay_l_ms=1.07543 qdelay_c_ms=290.788 ecn_mark=388 drop=0
[QUEUE_STATS] t_ms=5744 q_pkts=610 q_bytes=917440 qdelay_l_ms=0 qdelay_c_ms=288.878 ecn_mark=389 drop=0
[QUEUE_STATS] t_ms=5760 q_pkts=615 q_bytes=924960 qdelay_l_ms=1.08398 qdelay_c_ms=293.017 ecn_mark=390 drop=0
[QUEUE_STATS] t_ms=5776 q_pkts=616 q_bytes=926464 qdelay_l_ms=1.08752 qdelay_c_ms=289.884 ecn_mark=393 drop=0
[QUEUE_STATS] t_ms=5792 q_pkts=618 q_bytes=929472 qdelay_l_ms=1.06922 qdelay_c_ms=290.27 ecn_mark=394 drop=0
[QUEUE_STATS] t_ms=5809 q_pkts=620 q_bytes=932480 qdelay_l_ms=1.05989 qdelay_c_ms=293.917 ecn_mark=398 drop=0
[QUEUE_STATS] t_ms=5824 q_pkts=618 q_bytes=929472 qdelay_l_ms=0 qdelay_c_ms=290.012 ecn_mark=401 drop=0
[QUEUE_STATS] t_ms=5840 q_pkts=625 q_bytes=940000 qdelay_l_ms=1.09895 qdelay_c_ms=293.439 ecn_mark=407 drop=0
[QUEUE_STATS] t_ms=5856 q_pkts=626 q_bytes=941504 qdelay_l_ms=0.908036 qdelay_c_ms=294.059 ecn_mark=408 drop=0
[QUEUE_STATS] t_ms=5872 q_pkts=623 q_bytes=936992 qdelay_l_ms=0 qdelay_c_ms=290.064 ecn_mark=409 drop=0
[QUEUE_STATS] t_ms=5889 q_pkts=627 q_bytes=943008 qdelay_l_ms=1.06709 qdelay_c_ms=294.067 ecn_mark=411 drop=0
[QUEUE_STATS] t_ms=5905 q_pkts=629 q_bytes=946016 qdelay_l_ms=0 qdelay_c_ms=294.153 ecn_mark=415 drop=0
[QUEUE_STATS] t_ms=5920 q_pkts=628 q_bytes=944512 qdelay_l_ms=0 qdelay_c_ms=290.891 ecn_mark=418 drop=0
[QUEUE_STATS] t_ms=5936 q_pkts=628 q_bytes=944512 qdelay_l_ms=1.0958 qdelay_c_ms=294.015 ecn_mark=418 drop=0
[QUEUE_STATS] t_ms=5952 q_pkts=633 q_bytes=952032 qdelay_l_ms=0.911674 qdelay_c_ms=291.805 ecn_mark=418 drop=0
[QUEUE_STATS] t_ms=5968 q_pkts=635 q_bytes=955040 qdelay_l_ms=0.917183 qdelay_c_ms=290.838 ecn_mark=422 drop=0
[QUEUE_STATS] t_ms=5984 q_pkts=634 q_bytes=953536 qdelay_l_ms=1.05112 qdelay_c_ms=294.569 ecn_mark=425 drop=0
[QUEUE_STATS] t_ms=6000 q_pkts=639 q_bytes=961056 qdelay_l_ms=1.0889 qdelay_c_ms=292.752 ecn_mark=427 drop=0
[QUEUE_STATS] t_ms=6016 q_pkts=632 q_bytes=950528 qdelay_l_ms=0 qdelay_c_ms=292.17 ecn_mark=428 drop=0
[QUEUE_STATS] t_ms=6032 q_pkts=639 q_bytes=961056 qdelay_l_ms=1.05984 qdelay_c_ms=294.068 ecn_mark=431 drop=0
[QUEUE_STATS] t_ms=6048 q_pkts=641 q_bytes=964064 qdelay_l_ms=1.04986 qdelay_c_ms=291.071 ecn_mark=432 drop=0
[QUEUE_STATS] t_ms=6064 q_pkts=639 q_bytes=961056 qdelay_l_ms=0.025208 qdelay_c_ms=292.114 ecn_mark=434 drop=0
[QUEUE_STATS] t_ms=6080 q_pkts=634 q_bytes=953536 qdelay_l_ms=1.08566 qdelay_c_ms=292.557 ecn_mark=435 drop=0
[QUEUE_STATS] t_ms=6096 q_pkts=623 q_bytes=936992 qdelay_l_ms=1.09554 qdelay_c_ms=290.136 ecn_mark=435 drop=0
[QUEUE_STATS] t_ms=6112 q_pkts=611 q_bytes=918944 qdelay_l_ms=1.06629 qdelay_c_ms=291.119 ecn_mark=439 drop=0
[QUEUE_STATS] t_ms=6128 q_pkts=601 q_bytes=903904 qdelay_l_ms=1.04251 qdelay_c_ms=290.92 ecn_mark=442 drop=0
[QUEUE_STATS] t_ms=6144 q_pkts=586 q_bytes=881344 qdelay_l_ms=0.032812 qdelay_c_ms=287.99 ecn_mark=447 drop=0
[QUEUE_STATS] t_ms=6160 q_pkts=579 q_bytes=870816 qdelay_l_ms=1.05377 qdelay_c_ms=289.18 ecn_mark=449 drop=0
[QUEUE_STATS] t_ms=6176 q_pkts=568 q_bytes=854272 qdelay_l_ms=0.985662 qdelay_c_ms=288.92 ecn_mark=451 drop=0
[QUEUE_STATS] t_ms=6192 q_pkts=557 q_bytes=837728 qdelay_l_ms=0.985452 qdelay_c_ms=288.852 ecn_mark=451 drop=0
[QUEUE_STATS] t_ms=6208 q_pkts=547 q_bytes=822688 qdelay_l_ms=1.06702 qdelay_c_ms=288.208 ecn_mark=451 drop=0
[QUEUE_STATS] t_ms=6224 q_pkts=538 q_bytes=809152 qdelay_l_ms=1.01334 qdelay_c_ms=289.172 ecn_mark=453 drop=0
[QUEUE_STATS] t_ms=6240 q_pkts=527 q_bytes=792608 qdelay_l_ms=0.985803 qdelay_c_ms=288.89 ecn_mark=458 drop=0
[QUEUE_STATS] t_ms=6256 q_pkts=516 q_bytes=776064 qdelay_l_ms=0.985081 qdelay_c_ms=289.848 ecn_mark=461 drop=0
[QUEUE_STATS] t_ms=6272 q_pkts=502 q_bytes=755008 qdelay_l_ms=0.98418 qdelay_c_ms=285.731 ecn_mark=461 drop=0
[QUEUE_STATS] t_ms=6288 q_pkts=493 q_bytes=741472 qdelay_l_ms=1.00093 qdelay_c_ms=289.077 ecn_mark=462 drop=0
[QUEUE_STATS] t_ms=6304 q_pkts=482 q_bytes=724928 qdelay_l_ms=0.874854 qdelay_c_ms=288.128 ecn_mark=463 drop=0
[QUEUE_STATS] t_ms=6320 q_pkts=470 q_bytes=706880 qdelay_l_ms=0.96303 qdelay_c_ms=286.708 ecn_mark=465 drop=0
[QUEUE_STATS] t_ms=6336 q_pkts=459 q_bytes=690336 qdelay_l_ms=1.09647 qdelay_c_ms=289.184 ecn_mark=467 drop=0
[QUEUE_STATS] t_ms=6352 q_pkts=447 q_bytes=672288 qdelay_l_ms=1.00279 qdelay_c_ms=287.88 ecn_mark=468 drop=0
[QUEUE_STATS] t_ms=6368 q_pkts=437 q_bytes=657248 qdelay_l_ms=0.986194 qdelay_c_ms=280.363 ecn_mark=472 drop=0
[QUEUE_STATS] t_ms=6384 q_pkts=427 q_bytes=642208 qdelay_l_ms=1.09246 qdelay_c_ms=272.882 ecn_mark=474 drop=0
[QUEUE_STATS] t_ms=6400 q_pkts=417 q_bytes=627168 qdelay_l_ms=1.07694 qdelay_c_ms=263.56 ecn_mark=474 drop=0
[QUEUE_STATS] t_ms=6416 q_pkts=416 q_bytes=625664 qdelay_l_ms=0.995922 qdelay_c_ms=253.582 ecn_mark=477 drop=0
[QUEUE_STATS] t_ms=6432 q_pkts=415 q_bytes=624160 qdelay_l_ms=1.03593 qdelay_c_ms=248.826 ecn_mark=482 drop=0
[QUEUE_STATS] t_ms=6448 q_pkts=417 q_bytes=627168 qdelay_l_ms=0.891355 qdelay_c_ms=238.99 ecn_mark=484 drop=0
[QUEUE_STATS] t_ms=6464 q_pkts=418 q_bytes=628672 qdelay_l_ms=1.00784 qdelay_c_ms=233.34 ecn_mark=487 drop=0
[QUEUE_STATS] t_ms=6480 q_pkts=416 q_bytes=625664 qdelay_l_ms=1.06496 qdelay_c_ms=223.131 ecn_mark=488 drop=0
[QUEUE_STATS] t_ms=6496 q_pkts=418 q_bytes=628672 qdelay_l_ms=0.960094 qdelay_c_ms=214.753 ecn_mark=492 drop=0
[QUEUE_STATS] t_ms=6512 q_pkts=416 q_bytes=625664 qdelay_l_ms=1.09861 qdelay_c_ms=206.211 ecn_mark=494 drop=0
[QUEUE_STATS] t_ms=6529 q_pkts=417 q_bytes=627168 qdelay_l_ms=1.06306 qdelay_c_ms=199.098 ecn_mark=495 drop=0
[QUEUE_STATS] t_ms=6544 q_pkts=404 q_bytes=607616 qdelay_l_ms=1.05056 qdelay_c_ms=189.454 ecn_mark=497 drop=0
[QUEUE_STATS] t_ms=6560 q_pkts=392 q_bytes=589568 qdelay_l_ms=1.07079 qdelay_c_ms=181.638 ecn_mark=498 drop=0
[QUEUE_STATS] t_ms=6576 q_pkts=381 q_bytes=573024 qdelay_l_ms=1.08071 qdelay_c_ms=176.982 ecn_mark=501 drop=0
[QUEUE_STATS] t_ms=6592 q_pkts=367 q_bytes=551968 qdelay_l_ms=1.09065 qdelay_c_ms=173.009 ecn_mark=502 drop=0
[QUEUE_STATS] t_ms=6608 q_pkts=356 q_bytes=535424 qdelay_l_ms=1.09981 qdelay_c_ms=173.316 ecn_mark=505 drop=0
[QUEUE_STATS] t_ms=6625 q_pkts=346 q_bytes=520384 qdelay_l_ms=1.08106 qdelay_c_ms=173.17 ecn_mark=508 drop=0
[QUEUE_STATS] t_ms=6640 q_pkts=332 q_bytes=499328 qdelay_l_ms=1.08117 qdelay_c_ms=170.588 ecn_mark=508 drop=0
[QUEUE_STATS] t_ms=6656 q_pkts=320 q_bytes=481280 qdelay_l_ms=1.07933 qdelay_c_ms=171.028 ecn_mark=509 drop=0
[QUEUE_STATS] t_ms=6672 q_pkts=308 q_bytes=463232 qdelay_l_ms=1.07567 qdelay_c_ms=170.609 ecn_mark=514 drop=0
[QUEUE_STATS] t_ms=6688 q_pkts=296 q_bytes=445184 qdelay_l_ms=1.07312 qdelay_c_ms=170.094 ecn_mark=519 drop=0
[QUEUE_STATS] t_ms=6704 q_pkts=285 q_bytes=428640 qdelay_l_ms=1.0677 qdelay_c_ms=168.495 ecn_mark=522 drop=0
[QUEUE_STATS] t_ms=6720 q_pkts=273 q_bytes=410592 qdelay_l_ms=1.07699 qdelay_c_ms=158.838 ecn_mark=523 drop=0
[QUEUE_STATS] t_ms=6736 q_pkts=260 q_bytes=391040 qdelay_l_ms=1.06628 qdelay_c_ms=152.798 ecn_mark=524 drop=0
[QUEUE_STATS] t_ms=6752 q_pkts=255 q_bytes=383520 qdelay_l_ms=0 qdelay_c_ms=140.916 ecn_mark=525 drop=0
[QUEUE_STATS] t_ms=6768 q_pkts=257 q_bytes=386528 qdelay_l_ms=1.091 qdelay_c_ms=136.911 ecn_mark=527 drop=0
[QUEUE_STATS] t_ms=6784 q_pkts=258 q_bytes=388032 qdelay_l_ms=0 qdelay_c_ms=128.962 ecn_mark=528 drop=0
[QUEUE_STATS] t_ms=6800 q_pkts=258 q_bytes=388032 qdelay_l_ms=1.05308 qdelay_c_ms=120.878 ecn_mark=529 drop=0
[QUEUE_STATS] t_ms=6816 q_pkts=256 q_bytes=385024 qdelay_l_ms=1.06534 qdelay_c_ms=112.86 ecn_mark=529 drop=0
[QUEUE_STATS] t_ms=6833 q_pkts=260 q_bytes=391040 qdelay_l_ms=0 qdelay_c_ms=105.943 ecn_mark=532 drop=0
[QUEUE_STATS] t_ms=6848 q_pkts=257 q_bytes=386528 qdelay_l_ms=1.06711 qdelay_c_ms=101.881 ecn_mark=534 drop=0
[QUEUE_STATS] t_ms=6864 q_pkts=257 q_bytes=386528 qdelay_l_ms=1.08043 qdelay_c_ms=101.025 ecn_mark=537 drop=0
[QUEUE_STATS] t_ms=6880 q_pkts=259 q_bytes=389536 qdelay_l_ms=1.07406 qdelay_c_ms=101.181 ecn_mark=537 drop=0
[QUEUE_STATS] t_ms=6896 q_pkts=259 q_bytes=389536 qdelay_l_ms=1.08728 qdelay_c_ms=101.118 ecn_mark=541 drop=0
[QUEUE_STATS] t_ms=6912 q_pkts=258 q_bytes=388032 qdelay_l_ms=1.06777 qdelay_c_ms=99.8603 ecn_mark=542 drop=0
[QUEUE_STATS] t_ms=6928 q_pkts=258 q_bytes=388032 qdelay_l_ms=1.06756 qdelay_c_ms=100.237 ecn_mark=543 drop=0
[QUEUE_STATS] t_ms=6944 q_pkts=258 q_bytes=388032 qdelay_l_ms=1.08528 qdelay_c_ms=99.0373 ecn_mark=546 drop=0
[QUEUE_STATS] t_ms=6960 q_pkts=259 q_bytes=389536 qdelay_l_ms=1.08163 qdelay_c_ms=100.631 ecn_mark=550 drop=0
[QUEUE_STATS] t_ms=6976 q_pkts=259 q_bytes=389536 qdelay_l_ms=1.03264 qdelay_c_ms=98.8732 ecn_mark=551 drop=0
[QUEUE_STATS] t_ms=6992 q_pkts=253 q_bytes=380512 qdelay_l_ms=0 qdelay_c_ms=98.0374 ecn_mark=551 drop=0
[QUEUE_STATS] t_ms=7008 q_pkts=257 q_bytes=386528 qdelay_l_ms=1.06247 qdelay_c_ms=98.9966 ecn_mark=553 drop=0
[QUEUE_STATS] t_ms=7024 q_pkts=260 q_bytes=391040 qdelay_l_ms=1.07086 qdelay_c_ms=96.7384 ecn_mark=556 drop=0
[QUEUE_STATS] t_ms=7041 q_pkts=260 q_bytes=391040 qdelay_l_ms=1.08025 qdelay_c_ms=97.8827 ecn_mark=556 drop=0
[QUEUE_STATS] t_ms=7056 q_pkts=260 q_bytes=391040 qdelay_l_ms=1.05384 qdelay_c_ms=97.8923 ecn_mark=560 drop=0
[QUEUE_STATS] t_ms=7072 q_pkts=256 q_bytes=385024 qdelay_l_ms=0 qdelay_c_ms=95.9315 ecn_mark=563 drop=0
[QUEUE_STATS] t_ms=7089 q_pkts=259 q_bytes=389536 qdelay_l_ms=1.07829 qdelay_c_ms=98.1244 ecn_mark=564 drop=0
[QUEUE_STATS] t_ms=7104 q_pkts=263 q_bytes=395552 qdelay_l_ms=1.04332 qdelay_c_ms=98.4224 ecn_mark=565 drop=0
[QUEUE_STATS] t_ms=7120 q_pkts=259 q_bytes=389536 qdelay_l_ms=0.019677 qdelay_c_ms=96.9685 ecn_mark=568 drop=0
[QUEUE_STATS] t_ms=7136 q_pkts=264 q_bytes=397056 qdelay_l_ms=1.05551 qdelay_c_ms=98.1298 ecn_mark=572 drop=0
[QUEUE_STATS] t_ms=7152 q_pkts=261 q_bytes=392544 qdelay_l_ms=1.09501 qdelay_c_ms=95.8948 ecn_mark=573 drop=0
[QUEUE_STATS] t_ms=7168 q_pkts=261 q_bytes=392544 qdelay_l_ms=1.09126 qdelay_c_ms=97.2616 ecn_mark=579 drop=0
[QUEUE_STATS] t_ms=7184 q_pkts=262 q_bytes=394048 qdelay_l_ms=0.641576 qdelay_c_ms=97.091 ecn_mark=580 drop=0
[QUEUE_STATS] t_ms=7200 q_pkts=261 q_bytes=392544 qdelay_l_ms=0 qdelay_c_ms=96.7256 ecn_mark=581 drop=0
[QUEUE_STATS] t_ms=7216 q_pkts=262 q_bytes=394048 qdelay_l_ms=1.06828 qdelay_c_ms=96.1301 ecn_mark=585 drop=0
[QUEUE_STATS] t_ms=7232 q_pkts=260 q_bytes=391040 qdelay_l_ms=0.015759 qdelay_c_ms=94.7403 ecn_mark=586 drop=0
[QUEUE_STATS] t_ms=7248 q_pkts=257 q_bytes=386528 qdelay_l_ms=0 qdelay_c_ms=93.878 ecn_mark=587 drop=0
[QUEUE_STATS] t_ms=7264 q_pkts=260 q_bytes=391040 qdelay_l_ms=1.06648 qdelay_c_ms=94.9776 ecn_mark=590 drop=0
[QUEUE_STATS] t_ms=7280 q_pkts=265 q_bytes=398560 qdelay_l_ms=1.0618 qdelay_c_ms=94.8772 ecn_mark=591 drop=0
[QUEUE_STATS] t_ms=7296 q_pkts=251 q_bytes=377504 qdelay_l_ms=0.934517 qdelay_c_ms=93.9976 ecn_mark=593 drop=0
[QUEUE_STATS] t_ms=7312 q_pkts=238 q_bytes=357952 qdelay_l_ms=1.06391 qdelay_c_ms=93.762 ecn_mark=595 drop=0
[QUEUE_STATS] t_ms=7329 q_pkts=223 q_bytes=335392 qdelay_l_ms=1.09079 qdelay_c_ms=93.7652 ecn_mark=597 drop=0
[QUEUE_STATS] t_ms=7345 q_pkts=209 q_bytes=314336 qdelay_l_ms=1.09842 qdelay_c_ms=94.1392 ecn_mark=598 drop=0
[QUEUE_STATS] t_ms=7360 q_pkts=198 q_bytes=297792 qdelay_l_ms=1.09657 qdelay_c_ms=92.9115 ecn_mark=600 drop=0
[QUEUE_STATS] t_ms=7376 q_pkts=185 q_bytes=278240 qdelay_l_ms=0.999648 qdelay_c_ms=93.7989 ecn_mark=601 drop=0
[QUEUE_STATS] t_ms=7392 q_pkts=169 q_bytes=254176 qdelay_l_ms=0.946369 qdelay_c_ms=86.0548 ecn_mark=605 drop=0
[QUEUE_STATS] t_ms=7408 q_pkts=153 q_bytes=230112 qdelay_l_ms=1.04401 qdelay_c_ms=78.0216 ecn_mark=606 drop=0
[QUEUE_STATS] t_ms=7424 q_pkts=146 q_bytes=219584 qdelay_l_ms=0 qdelay_c_ms=69.8928 ecn_mark=607 drop=0
[QUEUE_STATS] t_ms=7440 q_pkts=145 q_bytes=218080 qdelay_l_ms=1.08467 qdelay_c_ms=62.8115 ecn_mark=607 drop=0
[QUEUE_STATS] t_ms=7456 q_pkts=144 q_bytes=216576 qdelay_l_ms=1.02827 qdelay_c_ms=56.9724 ecn_mark=608 drop=0
[QUEUE_STATS] t_ms=7472 q_pkts=147 q_bytes=221088 qdelay_l_ms=1.07668 qdelay_c_ms=50.291 ecn_mark=608 drop=0
[QUEUE_STATS] t_ms=7488 q_pkts=148 q_bytes=222592 qdelay_l_ms=1.06579 qdelay_c_ms=50.7144 ecn_mark=610 drop=0
[QUEUE_STATS] t_ms=7505 q_pkts=144 q_bytes=216576 qdelay_l_ms=1.08866 qdelay_c_ms=51.1548 ecn_mark=611 drop=0
[QUEUE_STATS] t_ms=7520 q_pkts=145 q_bytes=218080 qdelay_l_ms=1.03739 qdelay_c_ms=50.9728 ecn_mark=612 drop=0
[QUEUE_STATS] t_ms=7536 q_pkts=128 q_bytes=192512 qdelay_l_ms=1.08624 qdelay_c_ms=51.9747 ecn_mark=614 drop=0
[QUEUE_STATS] t_ms=7552 q_pkts=114 q_bytes=171456 qdelay_l_ms=1.06614 qdelay_c_ms=49.6691 ecn_mark=614 drop=0
[QUEUE_STATS] t_ms=7568 q_pkts=101 q_bytes=151904 qdelay_l_ms=1.06582 qdelay_c_ms=50.1551 ecn_mark=615 drop=0
[QUEUE_STATS] t_ms=7584 q_pkts=87 q_bytes=130848 qdelay_l_ms=1.06188 qdelay_c_ms=43.0875 ecn_mark=617 drop=0
[QUEUE_STATS] t_ms=7600 q_pkts=70 q_bytes=105280 qdelay_l_ms=0 qdelay_c_ms=36.0704 ecn_mark=619 drop=0
[QUEUE_STATS] t_ms=7617 q_pkts=63 q_bytes=94752 qdelay_l_ms=1.06658 qdelay_c_ms=27.0335 ecn_mark=620 drop=0
[QUEUE_STATS] t_ms=7632 q_pkts=65 q_bytes=97760 qdelay_l_ms=1.06354 qdelay_c_ms=21.8414 ecn_mark=621 drop=0
[QUEUE_STATS] t_ms=7648 q_pkts=64 q_bytes=96256 qdelay_l_ms=0 qdelay_c_ms=19.923 ecn_mark=622 drop=0
[QUEUE_STATS] t_ms=7664 q_pkts=66 q_bytes=99264 qdelay_l_ms=1.05922 qdelay_c_ms=22.9991 ecn_mark=623 drop=0
[QUEUE_STATS] t_ms=7680 q_pkts=64 q_bytes=96256 qdelay_l_ms=1.06634 qdelay_c_ms=22.7651 ecn_mark=624 drop=0
[QUEUE_STATS] t_ms=7696 q_pkts=66 q_bytes=99264 qdelay_l_ms=1.04712 qdelay_c_ms=21.739 ecn_mark=625 drop=0
[QUEUE_STATS] t_ms=7712 q_pkts=66 q_bytes=99264 qdelay_l_ms=1.06577 qdelay_c_ms=23.3615 ecn_mark=627 drop=0
[QUEUE_STATS] t_ms=7728 q_pkts=66 q_bytes=99264 qdelay_l_ms=1.09194 qdelay_c_ms=23.3493 ecn_mark=627 drop=0
[QUEUE_STATS] t_ms=7744 q_pkts=67 q_bytes=100768 qdelay_l_ms=0 qdelay_c_ms=21.9889 ecn_mark=628 drop=0
[QUEUE_STATS] t_ms=7760 q_pkts=60 q_bytes=90240 qdelay_l_ms=0 qdelay_c_ms=20.9498 ecn_mark=629 drop=0
[QUEUE_STATS] t_ms=7776 q_pkts=68 q_bytes=102272 qdelay_l_ms=1.03655 qdelay_c_ms=23.0146 ecn_mark=630 drop=0
[QUEUE_STATS] t_ms=7792 q_pkts=67 q_bytes=100768 qdelay_l_ms=0 qdelay_c_ms=21.5905 ecn_mark=634 drop=0
[QUEUE_STATS] t_ms=7808 q_pkts=62 q_bytes=93248 qdelay_l_ms=0.01059 qdelay_c_ms=20.8211 ecn_mark=634 drop=0
[QUEUE_STATS] t_ms=7824 q_pkts=67 q_bytes=100768 qdelay_l_ms=0.945507 qdelay_c_ms=22.8131 ecn_mark=634 drop=0
[QUEUE_STATS] t_ms=7840 q_pkts=65 q_bytes=97760 qdelay_l_ms=0 qdelay_c_ms=20.6781 ecn_mark=636 drop=0
[QUEUE_STATS] t_ms=7857 q_pkts=68 q_bytes=102272 qdelay_l_ms=1.10005 qdelay_c_ms=21.9989 ecn_mark=640 drop=0
[QUEUE_STATS] t_ms=7872 q_pkts=69 q_bytes=103776 qdelay_l_ms=0 qdelay_c_ms=23.0602 ecn_mark=640 drop=0
[QUEUE_STATS] t_ms=7888 q_pkts=68 q_bytes=102272 qdelay_l_ms=1.03891 qdelay_c_ms=21.938 ecn_mark=640 drop=0
[QUEUE_STATS] t_ms=7904 q_pkts=63 q_bytes=94752 qdelay_l_ms=1.06543 qdelay_c_ms=24.4748 ecn_mark=641 drop=0
[QUEUE_STATS] t_ms=7920 q_pkts=48 q_bytes=72192 qdelay_l_ms=1.05937 qdelay_c_ms=22.973 ecn_mark=644 drop=0
[QUEUE_STATS] t_ms=7936 q_pkts=32 q_bytes=48128 qdelay_l_ms=1.05851 qdelay_c_ms=14.2758 ecn_mark=644 drop=0
[QUEUE_STATS] t_ms=7952 q_pkts=20 q_bytes=30080 qdelay_l_ms=1.02978 qdelay_c_ms=9.56826 ecn_mark=646 drop=0
[QUEUE_STATS] t_ms=7968 q_pkts=12 q_bytes=18048 qdelay_l_ms=1.06147 qdelay_c_ms=3.96415 ecn_mark=648 drop=0
[QUEUE_STATS] t_ms=7984 q_pkts=10 q_bytes=15040 qdelay_l_ms=1.06682 qdelay_c_ms=2.86155 ecn_mark=651 drop=0
[QUEUE_STATS] t_ms=8000 q_pkts=12 q_bytes=18048 qdelay_l_ms=1.07624 qdelay_c_ms=4.37815 ecn_mark=654 drop=0
[QUEUE_STATS] t_ms=8016 q_pkts=12 q_bytes=18048 qdelay_l_ms=1.09464 qdelay_c_ms=2.94338 ecn_mark=655 drop=0
[QUEUE_STATS] t_ms=8032 q_pkts=10 q_bytes=15040 qdelay_l_ms=1.07527 qdelay_c_ms=4.08596 ecn_mark=657 drop=0
[QUEUE_STATS] t_ms=8048 q_pkts=6 q_bytes=9024 qdelay_l_ms=1.10424 qdelay_c_ms=1.09737 ecn_mark=660 drop=0
[QUEUE_STATS] t_ms=8064 q_pkts=4 q_bytes=6016 qdelay_l_ms=0.880084 qdelay_c_ms=0.874654 ecn_mark=661 drop=0
[QUEUE_STATS] t_ms=8080 q_pkts=3 q_bytes=4512 qdelay_l_ms=1.06614 qdelay_c_ms=1.08369 ecn_mark=662 drop=0
[QUEUE_STATS] t_ms=8096 q_pkts=0 q_bytes=0 qdelay_l_ms=0 qdelay_c_ms=0 ecn_mark=665 drop=0
[QUEUE_STATS] t_ms=8112 q_pkts=3 q_bytes=4512 qdelay_l_ms=0.974211 qdelay_c_ms=0.968991 ecn_mark=668 drop=0
[QUEUE_STATS] t_ms=8128 q_pkts=4 q_bytes=6016 qdelay_l_ms=1.10283 qdelay_c_ms=2.132 ecn_mark=668 drop=0
[QUEUE_STATS] t_ms=8144 q_pkts=4 q_bytes=6016 qdelay_l_ms=1.0834 qdelay_c_ms=1.07802 ecn_mark=670 drop=0
[QUEUE_STATS] t_ms=8160 q_pkts=3 q_bytes=4512 qdelay_l_ms=1.07267 qdelay_c_ms=1.06719 ecn_mark=672 drop=0
[QUEUE_STATS] t_ms=8176 q_pkts=3 q_bytes=4512 qdelay_l_ms=1.08081 qdelay_c_ms=1.61267 ecn_mark=672 drop=0
[QUEUE_STATS] t_ms=8192 q_pkts=5 q_bytes=7520 qdelay_l_ms=1.05488 qdelay_c_ms=1.08845 ecn_mark=673 drop=0
[QUEUE_STATS] t_ms=8208 q_pkts=0 q_bytes=0 qdelay_l_ms=0 qdelay_c_ms=0 ecn_mark=673 drop=0
[QUEUE_STATS] t_ms=8224 q_pkts=3 q_bytes=4512 qdelay_l_ms=1.07272 qdelay_c_ms=1.06521 ecn_mark=673 drop=0
[QUEUE_STATS] t_ms=8240 q_pkts=5 q_bytes=7520 qdelay_l_ms=0.969582 qdelay_c_ms=0.964172 ecn_mark=674 drop=0
[QUEUE_STATS] t_ms=8256 q_pkts=5 q_bytes=7520 qdelay_l_ms=1.08905 qdelay_c_ms=2.14566 ecn_mark=675 drop=0
[QUEUE_STATS] t_ms=8272 q_pkts=0 q_bytes=0 qdelay_l_ms=0 qdelay_c_ms=0 ecn_mark=676 drop=0
[QUEUE_STATS] t_ms=8288 q_pkts=2 q_bytes=3008 qdelay_l_ms=1.06115 qdelay_c_ms=1.06651 ecn_mark=677 drop=0
[QUEUE_STATS] t_ms=8304 q_pkts=5 q_bytes=7520 qdelay_l_ms=1.07993 qdelay_c_ms=1.07453 ecn_mark=677 drop=0
[QUEUE_STATS] t_ms=8320 q_pkts=4 q_bytes=6016 qdelay_l_ms=0.908899 qdelay_c_ms=1.80221 ecn_mark=677 drop=0
[QUEUE_STATS] t_ms=8336 q_pkts=5 q_bytes=7520 qdelay_l_ms=0.854997 qdelay_c_ms=0.884252 ecn_mark=677 drop=0
[QUEUE_STATS] t_ms=8352 q_pkts=6 q_bytes=9024 qdelay_l_ms=1.06538 qdelay_c_ms=2.14023 ecn_mark=679 drop=0
[QUEUE_STATS] t_ms=8368 q_pkts=3 q_bytes=4512 qdelay_l_ms=1.09578 qdelay_c_ms=2.12595 ecn_mark=682 drop=0
[QUEUE_STATS] t_ms=8384 q_pkts=3 q_bytes=4512 qdelay_l_ms=1.10164 qdelay_c_ms=1.09456 ecn_mark=682 drop=0
[QUEUE_STATS] t_ms=8400 q_pkts=3 q_bytes=4512 qdelay_l_ms=0.878982 qdelay_c_ms=0.901785 ecn_mark=684 drop=0
[QUEUE_STATS] t_ms=8416 q_pkts=0 q_bytes=0 qdelay_l_ms=0 qdelay_c_ms=0 ecn_mark=685 drop=0
[QUEUE_STATS] t_ms=8432 q_pkts=3 q_bytes=4512 qdelay_l_ms=0.871158 qdelay_c_ms=0.896325 ecn_mark=686 drop=0
[QUEUE_STATS] t_ms=8448 q_pkts=6 q_bytes=9024 qdelay_l_ms=1.06863 qdelay_c_ms=2.18941 ecn_mark=688 drop=0
[QUEUE_STATS] t_ms=8464 q_pkts=2 q_bytes=3008 qdelay_l_ms=0 qdelay_c_ms=1.67997 ecn_mark=689 drop=0
[QUEUE_STATS] t_ms=8480 q_pkts=1 q_bytes=1504 qdelay_l_ms=0.919668 qdelay_c_ms=0 ecn_mark=691 drop=0
[QUEUE_STATS] t_ms=8496 q_pkts=5 q_bytes=7520 qdelay_l_ms=0.85635 qdelay_c_ms=0.905051 ecn_mark=691 drop=0
[QUEUE_STATS] t_ms=8512 q_pkts=6 q_bytes=9024 qdelay_l_ms=0.889312 qdelay_c_ms=2.04663 ecn_mark=692 drop=0
[QUEUE_STATS] t_ms=8528 q_pkts=5 q_bytes=7520 qdelay_l_ms=1.09878 qdelay_c_ms=1.09238 ecn_mark=693 drop=0
[QUEUE_STATS] t_ms=8544 q_pkts=1 q_bytes=1504 qdelay_l_ms=0.391866 qdelay_c_ms=0 ecn_mark=695 drop=0
[QUEUE_STATS] t_ms=8560 q_pkts=4 q_bytes=6016 qdelay_l_ms=0.922875 qdelay_c_ms=1.81729 ecn_mark=697 drop=0
[QUEUE_STATS] t_ms=8576 q_pkts=7 q_bytes=10528 qdelay_l_ms=0.859475 qdelay_c_ms=0.902085 ecn_mark=697 drop=0
[QUEUE_STATS] t_ms=8592 q_pkts=0 q_bytes=0 qdelay_l_ms=0 qdelay_c_ms=0 ecn_mark=697 drop=0
[QUEUE_STATS] t_ms=8608 q_pkts=2 q_bytes=3008 qdelay_l_ms=0.92562 qdelay_c_ms=1.80281 ecn_mark=699 drop=0
[QUEUE_STATS] t_ms=8624 q_pkts=9 q_bytes=13536 qdelay_l_ms=1.06288 qdelay_c_ms=3.24595 ecn_mark=699 drop=0
[QUEUE_STATS] t_ms=8640 q_pkts=5 q_bytes=7520 qdelay_l_ms=1.11717 qdelay_c_ms=1.10554 ecn_mark=701 drop=0
[QUEUE_STATS] t_ms=8656 q_pkts=4 q_bytes=6016 qdelay_l_ms=0.87812 qdelay_c_ms=1.77228 ecn_mark=702 drop=0
[QUEUE_STATS] t_ms=8672 q_pkts=9 q_bytes=13536 qdelay_l_ms=1.0331 qdelay_c_ms=3.166 ecn_mark=702 drop=0
[QUEUE_STATS] t_ms=8688 q_pkts=5 q_bytes=7520 qdelay_l_ms=1.10973 qdelay_c_ms=1.09592 ecn_mark=702 drop=0
[QUEUE_STATS] t_ms=8704 q_pkts=3 q_bytes=4512 qdelay_l_ms=0.878521 qdelay_c_ms=0.901825 ecn_mark=703 drop=0
[QUEUE_STATS] t_ms=8720 q_pkts=3 q_bytes=4512 qdelay_l_ms=0.959043 qdelay_c_ms=0.951518 ecn_mark=704 drop=0
[QUEUE_STATS] t_ms=8736 q_pkts=3 q_bytes=4512 qdelay_l_ms=1.08646 qdelay_c_ms=1.07984 ecn_mark=704 drop=0
[QUEUE_STATS] t_ms=8752 q_pkts=4 q_bytes=6016 qdelay_l_ms=0.921722 qdelay_c_ms=0.91538 ecn_mark=704 drop=0
[QUEUE_STATS] t_ms=8768 q_pkts=5 q_bytes=7520 qdelay_l_ms=1.06332 qdelay_c_ms=2.02842 ecn_mark=706 drop=0
[QUEUE_STATS] t_ms=8784 q_pkts=3 q_bytes=4512 qdelay_l_ms=1.06136 qdelay_c_ms=1.07163 ecn_mark=706 drop=0
[QUEUE_STATS] t_ms=8800 q_pkts=4 q_bytes=6016 qdelay_l_ms=1.07797 qdelay_c_ms=2.12947 ecn_mark=706 drop=0
[QUEUE_STATS] t_ms=8816 q_pkts=5 q_bytes=7520 qdelay_l_ms=1.09536 qdelay_c_ms=1.08888 ecn_mark=709 drop=0
[QUEUE_STATS] t_ms=8832 q_pkts=5 q_bytes=7520 qdelay_l_ms=1.08433 qdelay_c_ms=1.07903 ecn_mark=709 drop=0
[QUEUE_STATS] t_ms=8848 q_pkts=0 q_bytes=0 qdelay_l_ms=0 qdelay_c_ms=0 ecn_mark=710 drop=0
[QUEUE_STATS] t_ms=8864 q_pkts=3 q_bytes=4512 qdelay_l_ms=1.08643 qdelay_c_ms=1.08007 ecn_mark=711 drop=0
[QUEUE_STATS] t_ms=8880 q_pkts=3 q_bytes=4512 qdelay_l_ms=1.06733 qdelay_c_ms=1.07778 ecn_mark=713 drop=0
[QUEUE_STATS] t_ms=8896 q_pkts=4 q_bytes=6016 qdelay_l_ms=1.06139 qdelay_c_ms=2.1478 ecn_mark=716 drop=0
[QUEUE_STATS] t_ms=8912 q_pkts=5 q_bytes=7520 qdelay_l_ms=0.870406 qdelay_c_ms=0.860828 ecn_mark=716 drop=0
[QUEUE_STATS] t_ms=8928 q_pkts=5 q_bytes=7520 qdelay_l_ms=1.0767 qdelay_c_ms=1.99548 ecn_mark=717 drop=0
[QUEUE_STATS] t_ms=8944 q_pkts=5 q_bytes=7520 qdelay_l_ms=0 qdelay_c_ms=1.97518 ecn_mark=717 drop=0
[QUEUE_STATS] t_ms=8960 q_pkts=5 q_bytes=7520 qdelay_l_ms=1.07317 qdelay_c_ms=1.11174 ecn_mark=719 drop=0
[QUEUE_STATS] t_ms=8976 q_pkts=5 q_bytes=7520 qdelay_l_ms=1.05916 qdelay_c_ms=2.1196 ecn_mark=722 drop=0
[QUEUE_STATS] t_ms=8992 q_pkts=3 q_bytes=4512 qdelay_l_ms=1.09843 qdelay_c_ms=1.08957 ecn_mark=722 drop=0
[QUEUE_STATS] t_ms=9008 q_pkts=5 q_bytes=7520 qdelay_l_ms=0.908398 qdelay_c_ms=1.95796 ecn_mark=722 drop=0
[QUEUE_STATS] t_ms=9024 q_pkts=0 q_bytes=0 qdelay_l_ms=0 qdelay_c_ms=0 ecn_mark=723 drop=0
[QUEUE_STATS] t_ms=9040 q_pkts=3 q_bytes=4512 qdelay_l_ms=0.968901 qdelay_c_ms=0.961767 ecn_mark=724 drop=0
[QUEUE_STATS] t_ms=9056 q_pkts=8 q_bytes=12032 qdelay_l_ms=1.06129 qdelay_c_ms=2.18237 ecn_mark=726 drop=0
[QUEUE_STATS] t_ms=9072 q_pkts=4 q_bytes=6016 qdelay_l_ms=1.07256 qdelay_c_ms=2.16523 ecn_mark=726 drop=0
[QUEUE_STATS] t_ms=9088 q_pkts=4 q_bytes=6016 qdelay_l_ms=1.06621 qdelay_c_ms=1.039 ecn_mark=726 drop=0
[QUEUE_STATS] t_ms=9104 q_pkts=4 q_bytes=6016 qdelay_l_ms=0.904831 qdelay_c_ms=0.920991 ecn_mark=729 drop=0
[QUEUE_STATS] t_ms=9120 q_pkts=8 q_bytes=12032 qdelay_l_ms=0 qdelay_c_ms=2.43204 ecn_mark=729 drop=0
[QUEUE_STATS] t_ms=9136 q_pkts=6 q_bytes=9024 qdelay_l_ms=0 qdelay_c_ms=1.82376 ecn_mark=732 drop=0
[QUEUE_STATS] t_ms=9152 q_pkts=0 q_bytes=0 qdelay_l_ms=0 qdelay_c_ms=0 ecn_mark=732 drop=0
[QUEUE_STATS] t_ms=9168 q_pkts=4 q_bytes=6016 qdelay_l_ms=1.08333 qdelay_c_ms=2.12806 ecn_mark=734 drop=0
[QUEUE_STATS] t_ms=9184 q_pkts=3 q_bytes=4512 qdelay_l_ms=1.07984 qdelay_c_ms=2.12442 ecn_mark=734 drop=0
[QUEUE_STATS] t_ms=9200 q_pkts=8 q_bytes=12032 qdelay_l_ms=0.89404 qdelay_c_ms=2.00169 ecn_mark=736 drop=0
[QUEUE_STATS] t_ms=9216 q_pkts=0 q_bytes=0 qdelay_l_ms=0 qdelay_c_ms=0 ecn_mark=739 drop=0
[QUEUE_STATS] t_ms=9232 q_pkts=2 q_bytes=3008 qdelay_l_ms=1.09092 qdelay_c_ms=2.14314 ecn_mark=740 drop=0
[QUEUE_STATS] t_ms=9248 q_pkts=4 q_bytes=6016 qdelay_l_ms=1.08464 qdelay_c_ms=1.07739 ecn_mark=741 drop=0
[QUEUE_STATS] t_ms=9264 q_pkts=7 q_bytes=10528 qdelay_l_ms=1.09494 qdelay_c_ms=1.8045 ecn_mark=741 drop=0
[QUEUE_STATS] t_ms=9280 q_pkts=5 q_bytes=7520 qdelay_l_ms=0.020168 qdelay_c_ms=1.11524 ecn_mark=742 drop=0
[QUEUE_STATS] t_ms=9296 q_pkts=10 q_bytes=15040 qdelay_l_ms=0.918827 qdelay_c_ms=1.82263 ecn_mark=742 drop=0
[QUEUE_STATS] t_ms=9312 q_pkts=8 q_bytes=12032 qdelay_l_ms=1.03071 qdelay_c_ms=2.12131 ecn_mark=742 drop=0
[QUEUE_STATS] t_ms=9328 q_pkts=8 q_bytes=12032 qdelay_l_ms=1.10543 qdelay_c_ms=1.09814 ecn_mark=744 drop=0
[QUEUE_STATS] t_ms=9344 q_pkts=6 q_bytes=9024 qdelay_l_ms=1.06725 qdelay_c_ms=2.17249 ecn_mark=747 drop=0
[QUEUE_STATS] t_ms=9360 q_pkts=5 q_bytes=7520 qdelay_l_ms=1.10646 qdelay_c_ms=1.11362 ecn_mark=748 drop=0
[QUEUE_STATS] t_ms=9376 q_pkts=4 q_bytes=6016 qdelay_l_ms=0.980573 qdelay_c_ms=0.97368 ecn_mark=749 drop=0
[QUEUE_STATS] t_ms=9392 q_pkts=5 q_bytes=7520 qdelay_l_ms=0.957219 qdelay_c_ms=1.86234 ecn_mark=749 drop=0
[QUEUE_STATS] t_ms=9408 q_pkts=1 q_bytes=1504 qdelay_l_ms=0.937943 qdelay_c_ms=0 ecn_mark=752 drop=0
[QUEUE_STATS] t_ms=9424 q_pkts=4 q_bytes=6016 qdelay_l_ms=1.09207 qdelay_c_ms=1.08416 ecn_mark=752 drop=0
[QUEUE_STATS] t_ms=9440 q_pkts=7 q_bytes=10528 qdelay_l_ms=1.06181 qdelay_c_ms=1.09624 ecn_mark=755 drop=0
[QUEUE_STATS] t_ms=9457 q_pkts=5 q_bytes=7520 qdelay_l_ms=1.05795 qdelay_c_ms=2.18495 ecn_mark=758 drop=0
[QUEUE_STATS] t_ms=9472 q_pkts=5 q_bytes=7520 qdelay_l_ms=1.08514 qdelay_c_ms=2.14286 ecn_mark=758 drop=0
[QUEUE_STATS] t_ms=9488 q_pkts=2 q_bytes=3008 qdelay_l_ms=0.963842 qdelay_c_ms=0.956468 ecn_mark=758 drop=0
[QUEUE_STATS] t_ms=9504 q_pkts=3 q_bytes=4512 qdelay_l_ms=1.06727 qdelay_c_ms=1.08824 ecn_mark=761 drop=0
[QUEUE_STATS] t_ms=9520 q_pkts=6 q_bytes=9024 qdelay_l_ms=1.01441 qdelay_c_ms=1.00775 ecn_mark=763 drop=0
[QUEUE_STATS] t_ms=9537 q_pkts=0 q_bytes=0 qdelay_l_ms=0 qdelay_c_ms=0 ecn_mark=764 drop=0
[QUEUE_STATS] t_ms=9552 q_pkts=0 q_bytes=0 qdelay_l_ms=0 qdelay_c_ms=0 ecn_mark=764 drop=0
[QUEUE_STATS] t_ms=9568 q_pkts=5 q_bytes=7520 qdelay_l_ms=1.10477 qdelay_c_ms=1.09656 ecn_mark=765 drop=0
[QUEUE_STATS] t_ms=9584 q_pkts=2 q_bytes=3008 qdelay_l_ms=0.953452 qdelay_c_ms=1.89053 ecn_mark=767 drop=0
[QUEUE_STATS] t_ms=9600 q_pkts=3 q_bytes=4512 qdelay_l_ms=1.06655 qdelay_c_ms=1.06023 ecn_mark=767 drop=0
[QUEUE_STATS] t_ms=9616 q_pkts=4 q_bytes=6016 qdelay_l_ms=1.08679 qdelay_c_ms=1.07841 ecn_mark=768 drop=0
[QUEUE_STATS] t_ms=9632 q_pkts=2 q_bytes=3008 qdelay_l_ms=0.981755 qdelay_c_ms=0 ecn_mark=770 drop=0
[QUEUE_STATS] t_ms=9648 q_pkts=3 q_bytes=4512 qdelay_l_ms=1.06747 qdelay_c_ms=1.09207 ecn_mark=770 drop=0
[QUEUE_STATS] t_ms=9664 q_pkts=3 q_bytes=4512 qdelay_l_ms=1.08977 qdelay_c_ms=1.08358 ecn_mark=773 drop=0
[QUEUE_STATS] t_ms=9680 q_pkts=5 q_bytes=7520 qdelay_l_ms=0.959363 qdelay_c_ms=0.948393 ecn_mark=774 drop=0
[QUEUE_STATS] t_ms=9696 q_pkts=3 q_bytes=4512 qdelay_l_ms=1.08754 qdelay_c_ms=1.08159 ecn_mark=774 drop=0
[QUEUE_STATS] t_ms=9712 q_pkts=3 q_bytes=4512 qdelay_l_ms=1.07263 qdelay_c_ms=1.06727 ecn_mark=776 drop=0
[QUEUE_STATS] t_ms=9729 q_pkts=2 q_bytes=3008 qdelay_l_ms=1.06047 qdelay_c_ms=1.06579 ecn_mark=780 drop=0
[QUEUE_STATS] t_ms=9744 q_pkts=1 q_bytes=1504 qdelay_l_ms=1.08889 qdelay_c_ms=0 ecn_mark=781 drop=0
[QUEUE_STATS] t_ms=9760 q_pkts=1 q_bytes=1504 qdelay_l_ms=1.08539 qdelay_c_ms=0 ecn_mark=781 drop=0
[QUEUE_STATS] t_ms=9776 q_pkts=3 q_bytes=4512 qdelay_l_ms=1.06631 qdelay_c_ms=1.09451 ecn_mark=783 drop=0
[QUEUE_STATS] t_ms=9792 q_pkts=3 q_bytes=4512 qdelay_l_ms=1.08495 qdelay_c_ms=1.07965 ecn_mark=787 drop=0
[QUEUE_STATS] t_ms=9808 q_pkts=3 q_bytes=4512 qdelay_l_ms=1.04347 qdelay_c_ms=1.0375 ecn_mark=787 drop=0
[QUEUE_STATS] t_ms=9824 q_pkts=3 q_bytes=4512 qdelay_l_ms=1.05089 qdelay_c_ms=1.07241 ecn_mark=787 drop=0
[QUEUE_STATS] t_ms=9840 q_pkts=1 q_bytes=1504 qdelay_l_ms=1.07276 qdelay_c_ms=0 ecn_mark=788 drop=0
[QUEUE_STATS] t_ms=9856 q_pkts=3 q_bytes=4512 qdelay_l_ms=0.562397 qdelay_c_ms=0.556637 ecn_mark=790 drop=0
[QUEUE_STATS] t_ms=9872 q_pkts=5 q_bytes=7520 qdelay_l_ms=1.08931 qdelay_c_ms=1.08269 ecn_mark=792 drop=0
[QUEUE_STATS] t_ms=9888 q_pkts=4 q_bytes=6016 qdelay_l_ms=0 qdelay_c_ms=1.07379 ecn_mark=793 drop=0
[QUEUE_STATS] t_ms=9904 q_pkts=3 q_bytes=4512 qdelay_l_ms=0.743788 qdelay_c_ms=0.737426 ecn_mark=793 drop=0
[QUEUE_STATS] t_ms=9920 q_pkts=3 q_bytes=4512 qdelay_l_ms=1.14883 qdelay_c_ms=1.15559 ecn_mark=794 drop=0
[QUEUE_STATS] t_ms=9937 q_pkts=3 q_bytes=4512 qdelay_l_ms=1.08286 qdelay_c_ms=1.07619 ecn_mark=797 drop=0
[QUEUE_STATS] t_ms=9953 q_pkts=2 q_bytes=3008 qdelay_l_ms=1.07074 qdelay_c_ms=1.06378 ecn_mark=797 drop=0
[QUEUE_STATS] t_ms=9968 q_pkts=3 q_bytes=4512 qdelay_l_ms=1.06676 qdelay_c_ms=1.08858 ecn_mark=798 drop=0
[QUEUE_STATS] t_ms=9984 q_pkts=7 q_bytes=10528 qdelay_l_ms=1.06187 qdelay_c_ms=2.05395 ecn_mark=799 drop=0
[QUEUE_STATS] t_ms=10000 q_pkts=1 q_bytes=1504 qdelay_l_ms=0.98474 qdelay_c_ms=0 ecn_mark=802 drop=0
[QUEUE_STATS] t_ms=10016 q_pkts=5 q_bytes=7520 qdelay_l_ms=1.01071 qdelay_c_ms=1.00333 ecn_mark=804 drop=0
[QUEUE_STATS] t_ms=10032 q_pkts=3 q_bytes=4512 qdelay_l_ms=1.06793 qdelay_c_ms=1.062 ecn_mark=806 drop=0
[QUEUE_STATS] t_ms=10048 q_pkts=5 q_bytes=7520 qdelay_l_ms=1.0895 qdelay_c_ms=1.07969 ecn_mark=807 drop=0
[QUEUE_STATS] t_ms=10064 q_pkts=0 q_bytes=0 qdelay_l_ms=0 qdelay_c_ms=0 ecn_mark=807 drop=0
[QUEUE_STATS] t_ms=10080 q_pkts=4 q_bytes=6016 qdelay_l_ms=1.0886 qdelay_c_ms=2.12335 ecn_mark=807 drop=0
[QUEUE_STATS] t_ms=10096 q_pkts=1 q_bytes=1504 qdelay_l_ms=1.03809 qdelay_c_ms=0 ecn_mark=809 drop=0
[QUEUE_STATS] t_ms=10112 q_pkts=4 q_bytes=6016 qdelay_l_ms=1.09244 qdelay_c_ms=1.08587 ecn_mark=809 drop=0
[QUEUE_STATS] t_ms=10128 q_pkts=1 q_bytes=1504 qdelay_l_ms=1.02541 qdelay_c_ms=0 ecn_mark=810 drop=0
[QUEUE_STATS] t_ms=10144 q_pkts=2 q_bytes=3008 qdelay_l_ms=1.05138 qdelay_c_ms=1.04283 ecn_mark=811 drop=0
[QUEUE_STATS] t_ms=10160 q_pkts=3 q_bytes=4512 qdelay_l_ms=1.0728 qdelay_c_ms=1.05265 ecn_mark=812 drop=0
[QUEUE_STATS] t_ms=10176 q_pkts=4 q_bytes=6016 qdelay_l_ms=0 qdelay_c_ms=1.09624 ecn_mark=812 drop=0
[QUEUE_STATS] t_ms=10192 q_pkts=3 q_bytes=4512 qdelay_l_ms=1.0361 qdelay_c_ms=1.06102 ecn_mark=813 drop=0
[QUEUE_STATS] t_ms=10208 q_pkts=3 q_bytes=4512 qdelay_l_ms=1.06738 qdelay_c_ms=1.08538 ecn_mark=814 drop=0
[QUEUE_STATS] t_ms=10224 q_pkts=3 q_bytes=4512 qdelay_l_ms=1.07858 qdelay_c_ms=1.07201 ecn_mark=815 drop=0
[QUEUE_STATS] t_ms=10241 q_pkts=0 q_bytes=0 qdelay_l_ms=0 qdelay_c_ms=0 ecn_mark=815 drop=0
[QUEUE_STATS] t_ms=10256 q_pkts=3 q_bytes=4512 qdelay_l_ms=0.543111 qdelay_c_ms=0.536057 ecn_mark=816 drop=0
[QUEUE_STATS] t_ms=10272 q_pkts=1 q_bytes=1504 qdelay_l_ms=1.06368 qdelay_c_ms=0 ecn_mark=817 drop=0
[QUEUE_STATS] t_ms=10288 q_pkts=2 q_bytes=3008 qdelay_l_ms=1.08318 qdelay_c_ms=0 ecn_mark=817 drop=0
[QUEUE_STATS] t_ms=10304 q_pkts=5 q_bytes=7520 qdelay_l_ms=1.06289 qdelay_c_ms=1.05186 ecn_mark=817 drop=0
[QUEUE_STATS] t_ms=10320 q_pkts=1 q_bytes=1504 qdelay_l_ms=1.07671 qdelay_c_ms=0 ecn_mark=819 drop=0
[QUEUE_STATS] t_ms=10336 q_pkts=5 q_bytes=7520 qdelay_l_ms=0.991663 qdelay_c_ms=1.02928 ecn_mark=819 drop=0
[QUEUE_STATS] t_ms=10352 q_pkts=3 q_bytes=4512 qdelay_l_ms=1.07286 qdelay_c_ms=1.06594 ecn_mark=820 drop=0
[QUEUE_STATS] t_ms=10368 q_pkts=3 q_bytes=4512 qdelay_l_ms=1.03369 qdelay_c_ms=2.08277 ecn_mark=820 drop=0
[QUEUE_STATS] t_ms=10384 q_pkts=6 q_bytes=9024 qdelay_l_ms=0 qdelay_c_ms=1.10268 ecn_mark=821 drop=0
[QUEUE_STATS] t_ms=10400 q_pkts=5 q_bytes=7520 qdelay_l_ms=1.08916 qdelay_c_ms=1.08281 ecn_mark=822 drop=0
[QUEUE_STATS] t_ms=10416 q_pkts=4 q_bytes=6016 qdelay_l_ms=0 qdelay_c_ms=2.12106 ecn_mark=823 drop=0
[QUEUE_STATS] t_ms=10432 q_pkts=2 q_bytes=3008 qdelay_l_ms=1.06883 qdelay_c_ms=2.07306 ecn_mark=824 drop=0
[QUEUE_STATS] t_ms=10448 q_pkts=5 q_bytes=7520 qdelay_l_ms=1.07465 qdelay_c_ms=1.09984 ecn_mark=824 drop=0
[QUEUE_STATS] t_ms=10465 q_pkts=1 q_bytes=1504 qdelay_l_ms=1.06799 qdelay_c_ms=0 ecn_mark=826 drop=0
[QUEUE_STATS] t_ms=10480 q_pkts=2 q_bytes=3008 qdelay_l_ms=1.02686 qdelay_c_ms=1.01909 ecn_mark=827 drop=0
[QUEUE_STATS] t_ms=10496 q_pkts=3 q_bytes=4512 qdelay_l_ms=1.07733 qdelay_c_ms=1.0712 ecn_mark=827 drop=0
[QUEUE_STATS] t_ms=10512 q_pkts=6 q_bytes=9024 qdelay_l_ms=0 qdelay_c_ms=1.08861 ecn_mark=827 drop=0
[QUEUE_STATS] t_ms=10528 q_pkts=3 q_bytes=4512 qdelay_l_ms=1.06706 qdelay_c_ms=1.07794 ecn_mark=829 drop=0
[QUEUE_STATS] t_ms=10544 q_pkts=1 q_bytes=1504 qdelay_l_ms=1.07868 qdelay_c_ms=0 ecn_mark=830 drop=0
[QUEUE_STATS] t_ms=10560 q_pkts=3 q_bytes=4512 qdelay_l_ms=1.07602 qdelay_c_ms=2.13547 ecn_mark=831 drop=0
[QUEUE_STATS] t_ms=10576 q_pkts=4 q_bytes=6016 qdelay_l_ms=1.0695 qdelay_c_ms=2.10986 ecn_mark=831 drop=0
[QUEUE_STATS] t_ms=10593 q_pkts=1 q_bytes=1504 qdelay_l_ms=1.0673 qdelay_c_ms=0 ecn_mark=831 drop=0
[QUEUE_STATS] t_ms=10608 q_pkts=1 q_bytes=1504 qdelay_l_ms=0 qdelay_c_ms=2.07212 ecn_mark=831 drop=0
[QUEUE_STATS] t_ms=10624 q_pkts=3 q_bytes=4512 qdelay_l_ms=1.06758 qdelay_c_ms=1.10841 ecn_mark=833 drop=0
[QUEUE_STATS] t_ms=10640 q_pkts=5 q_bytes=7520 qdelay_l_ms=1.08987 qdelay_c_ms=1.08409 ecn_mark=834 drop=0
[QUEUE_STATS] t_ms=10656 q_pkts=1 q_bytes=1504 qdelay_l_ms=1.06689 qdelay_c_ms=0 ecn_mark=834 drop=0
[QUEUE_STATS] t_ms=10672 q_pkts=1 q_bytes=1504 qdelay_l_ms=1.01159 qdelay_c_ms=0 ecn_mark=835 drop=0
[QUEUE_STATS] t_ms=10688 q_pkts=6 q_bytes=9024 qdelay_l_ms=1.04823 qdelay_c_ms=2.04093 ecn_mark=835 drop=0
[QUEUE_STATS] t_ms=10704 q_pkts=7 q_bytes=10528 qdelay_l_ms=1.01435 qdelay_c_ms=1.03554 ecn_mark=835 drop=0
[QUEUE_STATS] t_ms=10720 q_pkts=1 q_bytes=1504 qdelay_l_ms=1.02465 qdelay_c_ms=0 ecn_mark=837 drop=0
[QUEUE_STATS] t_ms=10736 q_pkts=1 q_bytes=1504 qdelay_l_ms=1.06959 qdelay_c_ms=0 ecn_mark=837 drop=0
[QUEUE_STATS] t_ms=10752 q_pkts=3 q_bytes=4512 qdelay_l_ms=1.08749 qdelay_c_ms=1.07269 ecn_mark=837 drop=0
[QUEUE_STATS] t_ms=10768 q_pkts=3 q_bytes=4512 qdelay_l_ms=1.02679 qdelay_c_ms=1.01676 ecn_mark=838 drop=0
[QUEUE_STATS] t_ms=10784 q_pkts=1 q_bytes=1504 qdelay_l_ms=1.06663 qdelay_c_ms=0 ecn_mark=839 drop=0
[QUEUE_STATS] t_ms=10800 q_pkts=1 q_bytes=1504 qdelay_l_ms=1.07127 qdelay_c_ms=0 ecn_mark=839 drop=0
[QUEUE_STATS] t_ms=10816 q_pkts=4 q_bytes=6016 qdelay_l_ms=0 qdelay_c_ms=3.21824 ecn_mark=840 drop=0
[QUEUE_STATS] t_ms=10833 q_pkts=0 q_bytes=0 qdelay_l_ms=0 qdelay_c_ms=0 ecn_mark=840 drop=0
[QUEUE_STATS] t_ms=10848 q_pkts=1 q_bytes=1504 qdelay_l_ms=1.07173 qdelay_c_ms=0 ecn_mark=841 drop=0
[QUEUE_STATS] t_ms=10864 q_pkts=4 q_bytes=6016 qdelay_l_ms=0.401474 qdelay_c_ms=2.20797 ecn_mark=843 drop=0
[QUEUE_STATS] t_ms=10880 q_pkts=2 q_bytes=3008 qdelay_l_ms=1.04684 qdelay_c_ms=2.0513 ecn_mark=845 drop=0
[QUEUE_STATS] t_ms=10896 q_pkts=4 q_bytes=6016 qdelay_l_ms=1.03992 qdelay_c_ms=1.03401 ecn_mark=845 drop=0
[QUEUE_STATS] t_ms=10912 q_pkts=1 q_bytes=1504 qdelay_l_ms=1.06167 qdelay_c_ms=0 ecn_mark=846 drop=0
[QUEUE_STATS] t_ms=10928 q_pkts=1 q_bytes=1504 qdelay_l_ms=1.07725 qdelay_c_ms=0 ecn_mark=846 drop=0
[QUEUE_STATS] t_ms=10945 q_pkts=3 q_bytes=4512 qdelay_l_ms=1.07299 qdelay_c_ms=1.06711 ecn_mark=848 drop=0
[QUEUE_STATS] t_ms=10960 q_pkts=3 q_bytes=4512 qdelay_l_ms=1.03414 qdelay_c_ms=1.02449 ecn_mark=849 drop=0
[QUEUE_STATS] t_ms=10977 q_pkts=3 q_bytes=4512 qdelay_l_ms=1.07346 qdelay_c_ms=1.06775 ecn_mark=849 drop=0
[QUEUE_STATS] t_ms=10992 q_pkts=1 q_bytes=1504 qdelay_l_ms=1.05061 qdelay_c_ms=0 ecn_mark=851 drop=0
[QUEUE_STATS] t_ms=11008 q_pkts=4 q_bytes=6016 qdelay_l_ms=0.977757 qdelay_c_ms=0.967658 ecn_mark=851 drop=0
[QUEUE_STATS] t_ms=11024 q_pkts=1 q_bytes=1504 qdelay_l_ms=1.00036 qdelay_c_ms=0 ecn_mark=852 drop=0
[QUEUE_STATS] t_ms=11040 q_pkts=2 q_bytes=3008 qdelay_l_ms=1.05099 qdelay_c_ms=1.04444 ecn_mark=853 drop=0
[QUEUE_STATS] t_ms=11056 q_pkts=2 q_bytes=3008 qdelay_l_ms=1.06969 qdelay_c_ms=1.07635 ecn_mark=853 drop=0
[QUEUE_STATS] t_ms=11073 q_pkts=5 q_bytes=7520 qdelay_l_ms=1.08185 qdelay_c_ms=1.07577 ecn_mark=855 drop=0
[QUEUE_STATS] t_ms=11088 q_pkts=1 q_bytes=1504 qdelay_l_ms=1.05552 qdelay_c_ms=0 ecn_mark=855 drop=0
[QUEUE_STATS] t_ms=11104 q_pkts=3 q_bytes=4512 qdelay_l_ms=0.988238 qdelay_c_ms=2.04695 ecn_mark=855 drop=0
[QUEUE_STATS] t_ms=11120 q_pkts=5 q_bytes=7520 qdelay_l_ms=1.02131 qdelay_c_ms=2.01033 ecn_mark=855 drop=0
[QUEUE_STATS] t_ms=11137 q_pkts=3 q_bytes=4512 qdelay_l_ms=1.08842 qdelay_c_ms=1.08118 ecn_mark=857 drop=0
[QUEUE_STATS] t_ms=11152 q_pkts=3 q_bytes=4512 qdelay_l_ms=1.08306 qdelay_c_ms=1.07698 ecn_mark=857 drop=0
[QUEUE_STATS] t_ms=11168 q_pkts=3 q_bytes=4512 qdelay_l_ms=0.630826 qdelay_c_ms=0.621849 ecn_mark=857 drop=0
[QUEUE_STATS] t_ms=11184 q_pkts=3 q_bytes=4512 qdelay_l_ms=0.998026 qdelay_c_ms=0.98975 ecn_mark=858 drop=0
[QUEUE_STATS] t_ms=11200 q_pkts=3 q_bytes=4512 qdelay_l_ms=0.523063 qdelay_c_ms=0.517072 ecn_mark=859 drop=0
[QUEUE_STATS] t_ms=11216 q_pkts=0 q_bytes=0 qdelay_l_ms=0 qdelay_c_ms=0 ecn_mark=859 drop=0
[QUEUE_STATS] t_ms=11232 q_pkts=1 q_bytes=1504 qdelay_l_ms=1.01726 qdelay_c_ms=0 ecn_mark=859 drop=0
[QUEUE_STATS] t_ms=11248 q_pkts=1 q_bytes=1504 qdelay_l_ms=1.00353 qdelay_c_ms=0 ecn_mark=859 drop=0
[QUEUE_STATS] t_ms=11264 q_pkts=1 q_bytes=1504 qdelay_l_ms=0.994309 qdelay_c_ms=0 ecn_mark=861 drop=0
[QUEUE_STATS] t_ms=11280 q_pkts=3 q_bytes=4512 qdelay_l_ms=1.06606 qdelay_c_ms=1.05986 ecn_mark=861 drop=0
[QUEUE_STATS] t_ms=11296 q_pkts=2 q_bytes=3008 qdelay_l_ms=1.05445 qdelay_c_ms=1.06244 ecn_mark=862 drop=0
[QUEUE_STATS] t_ms=11312 q_pkts=1 q_bytes=1504 qdelay_l_ms=0.971887 qdelay_c_ms=0 ecn_mark=862 drop=0
[QUEUE_STATS] t_ms=11329 q_pkts=4 q_bytes=6016 qdelay_l_ms=1.0517 qdelay_c_ms=2.1488 ecn_mark=864 drop=0
[QUEUE_STATS] t_ms=11344 q_pkts=1 q_bytes=1504 qdelay_l_ms=1.0617 qdelay_c_ms=0 ecn_mark=864 drop=0
[QUEUE_STATS] t_ms=11360 q_pkts=1 q_bytes=1504 qdelay_l_ms=0.969733 qdelay_c_ms=0 ecn_mark=865 drop=0
[QUEUE_STATS] t_ms=11376 q_pkts=1 q_bytes=1504 qdelay_l_ms=0.905713 qdelay_c_ms=0 ecn_mark=866 drop=0
[QUEUE_STATS] t_ms=11392 q_pkts=5 q_bytes=7520 qdelay_l_ms=1.09584 qdelay_c_ms=1.08763 ecn_mark=867 drop=0
[QUEUE_STATS] t_ms=11408 q_pkts=4 q_bytes=6016 qdelay_l_ms=0.652597 qdelay_c_ms=0.647567 ecn_mark=868 drop=0
[QUEUE_STATS] t_ms=11424 q_pkts=4 q_bytes=6016 qdelay_l_ms=0.992566 qdelay_c_ms=0.987496 ecn_mark=868 drop=0
[QUEUE_STATS] t_ms=11440 q_pkts=1 q_bytes=1504 qdelay_l_ms=1.07127 qdelay_c_ms=0 ecn_mark=868 drop=0
[QUEUE_STATS] t_ms=11457 q_pkts=6 q_bytes=9024 qdelay_l_ms=1.09749 qdelay_c_ms=2.14505 ecn_mark=868 drop=0
[QUEUE_STATS] t_ms=11472 q_pkts=5 q_bytes=7520 qdelay_l_ms=1.06146 qdelay_c_ms=1.09572 ecn_mark=868 drop=0
[QUEUE_STATS] t_ms=11488 q_pkts=4 q_bytes=6016 qdelay_l_ms=0.486544 qdelay_c_ms=0.481154 ecn_mark=869 drop=0
[QUEUE_STATS] t_ms=11504 q_pkts=2 q_bytes=3008 qdelay_l_ms=0.974412 qdelay_c_ms=2.88805 ecn_mark=870 drop=0
[QUEUE_STATS] t_ms=11520 q_pkts=8 q_bytes=12032 qdelay_l_ms=1.07078 qdelay_c_ms=2.12978 ecn_mark=872 drop=0
[QUEUE_STATS] t_ms=11536 q_pkts=3 q_bytes=4512 qdelay_l_ms=1.06626 qdelay_c_ms=1.0849 ecn_mark=873 drop=0
[QUEUE_STATS] t_ms=11552 q_pkts=6 q_bytes=9024 qdelay_l_ms=0.940638 qdelay_c_ms=0.93119 ecn_mark=873 drop=0
[QUEUE_STATS] t_ms=11568 q_pkts=0 q_bytes=0 qdelay_l_ms=0 qdelay_c_ms=0 ecn_mark=874 drop=0
[QUEUE_STATS] t_ms=11584 q_pkts=2 q_bytes=3008 qdelay_l_ms=0 qdelay_c_ms=0.946699 ecn_mark=875 drop=0
[QUEUE_STATS] t_ms=11600 q_pkts=1 q_bytes=1504 qdelay_l_ms=1.07529 qdelay_c_ms=0 ecn_mark=876 drop=0
[QUEUE_STATS] t_ms=11617 q_pkts=2 q_bytes=3008 qdelay_l_ms=1.08471 qdelay_c_ms=1.07915 ecn_mark=880 drop=0
[QUEUE_STATS] t_ms=11632 q_pkts=1 q_bytes=1504 qdelay_l_ms=0.971796 qdelay_c_ms=0 ecn_mark=881 drop=0
[QUEUE_STATS] t_ms=11648 q_pkts=3 q_bytes=4512 qdelay_l_ms=1.09765 qdelay_c_ms=1.08781 ecn_mark=882 drop=0
[QUEUE_STATS] t_ms=11664 q_pkts=3 q_bytes=4512 qdelay_l_ms=1.09037 qdelay_c_ms=1.0843 ecn_mark=882 drop=0
[QUEUE_STATS] t_ms=11680 q_pkts=4 q_bytes=6016 qdelay_l_ms=0 qdelay_c_ms=0.965435 ecn_mark=884 drop=0
[QUEUE_STATS] t_ms=11696 q_pkts=3 q_bytes=4512 qdelay_l_ms=0.941991 qdelay_c_ms=0.9522 ecn_mark=886 drop=0
[QUEUE_STATS] t_ms=11712 q_pkts=6 q_bytes=9024 qdelay_l_ms=1.07203 qdelay_c_ms=1.06564 ecn_mark=886 drop=0
[QUEUE_STATS] t_ms=11728 q_pkts=1 q_bytes=1504 qdelay_l_ms=0.980984 qdelay_c_ms=0 ecn_mark=887 drop=0
[QUEUE_STATS] t_ms=11744 q_pkts=2 q_bytes=3008 qdelay_l_ms=1.0823 qdelay_c_ms=0 ecn_mark=888 drop=0
[QUEUE_STATS] t_ms=11760 q_pkts=5 q_bytes=7520 qdelay_l_ms=1.08211 qdelay_c_ms=1.07668 ecn_mark=889 drop=0
[QUEUE_STATS] t_ms=11776 q_pkts=4 q_bytes=6016 qdelay_l_ms=1.07241 qdelay_c_ms=1.6427 ecn_mark=889 drop=0
[QUEUE_STATS] t_ms=11792 q_pkts=1 q_bytes=1504 qdelay_l_ms=1.05951 qdelay_c_ms=0 ecn_mark=890 drop=0
[QUEUE_STATS] t_ms=11808 q_pkts=5 q_bytes=7520 qdelay_l_ms=0.94688 qdelay_c_ms=0.939857 ecn_mark=890 drop=0
[QUEUE_STATS] t_ms=11824 q_pkts=1 q_bytes=1504 qdelay_l_ms=1.06119 qdelay_c_ms=0 ecn_mark=890 drop=0
[QUEUE_STATS] t_ms=11840 q_pkts=5 q_bytes=7520 qdelay_l_ms=0.986975 qdelay_c_ms=0.976776 ecn_mark=891 drop=0
[QUEUE_STATS] t_ms=11856 q_pkts=1 q_bytes=1504 qdelay_l_ms=0.301466 qdelay_c_ms=0 ecn_mark=891 drop=0
[QUEUE_STATS] t_ms=11872 q_pkts=3 q_bytes=4512 qdelay_l_ms=1.07269 qdelay_c_ms=1.06732 ecn_mark=892 drop=0
[QUEUE_STATS] t_ms=11888 q_pkts=5 q_bytes=7520 qdelay_l_ms=0.962299 qdelay_c_ms=1.87757 ecn_mark=892 drop=0
[QUEUE_STATS] t_ms=11904 q_pkts=8 q_bytes=12032 qdelay_l_ms=1.09259 qdelay_c_ms=1.10331 ecn_mark=892 drop=0
[QUEUE_STATS] t_ms=11920 q_pkts=1 q_bytes=1504 qdelay_l_ms=1.06636 qdelay_c_ms=0 ecn_mark=896 drop=0
[QUEUE_STATS] t_ms=11937 q_pkts=4 q_bytes=6016 qdelay_l_ms=1.07828 qdelay_c_ms=1.0735 ecn_mark=897 drop=0
[QUEUE_STATS] t_ms=11952 q_pkts=1 q_bytes=1504 qdelay_l_ms=0 qdelay_c_ms=0.960516 ecn_mark=899 drop=0
[QUEUE_STATS] t_ms=11968 q_pkts=5 q_bytes=7520 qdelay_l_ms=1.10828 qdelay_c_ms=1.10101 ecn_mark=901 drop=0
[QUEUE_STATS] t_ms=11984 q_pkts=3 q_bytes=4512 qdelay_l_ms=1.08149 qdelay_c_ms=1.07501 ecn_mark=902 drop=0
[QUEUE_STATS] t_ms=12000 q_pkts=1 q_bytes=1504 qdelay_l_ms=1.03803 qdelay_c_ms=0 ecn_mark=903 drop=0
[QUEUE_STATS] t_ms=12016 q_pkts=3 q_bytes=4512 qdelay_l_ms=0 qdelay_c_ms=0.928004 ecn_mark=903 drop=0
[QUEUE_STATS] t_ms=12033 q_pkts=4 q_bytes=6016 qdelay_l_ms=1.07121 qdelay_c_ms=2.11339 ecn_mark=905 drop=0
[QUEUE_STATS] t_ms=12048 q_pkts=1 q_bytes=1504 qdelay_l_ms=0.513836 qdelay_c_ms=0 ecn_mark=905 drop=0
[QUEUE_STATS] t_ms=12064 q_pkts=3 q_bytes=4512 qdelay_l_ms=0.949034 qdelay_c_ms=0.942351 ecn_mark=905 drop=0
[QUEUE_STATS] t_ms=12080 q_pkts=3 q_bytes=4512 qdelay_l_ms=1.04504 qdelay_c_ms=1.0658 ecn_mark=908 drop=0
[QUEUE_STATS] t_ms=12096 q_pkts=4 q_bytes=6016 qdelay_l_ms=0.014788 qdelay_c_ms=2.15672 ecn_mark=909 drop=0
[QUEUE_STATS] t_ms=12112 q_pkts=1 q_bytes=1504 qdelay_l_ms=0.944435 qdelay_c_ms=0 ecn_mark=909 drop=0
[QUEUE_STATS] t_ms=12128 q_pkts=1 q_bytes=1504 qdelay_l_ms=1.07973 qdelay_c_ms=0 ecn_mark=909 drop=0
[QUEUE_STATS] t_ms=12144 q_pkts=4 q_bytes=6016 qdelay_l_ms=0 qdelay_c_ms=2.16657 ecn_mark=910 drop=0
[QUEUE_STATS] t_ms=12160 q_pkts=5 q_bytes=7520 qdelay_l_ms=1.10929 qdelay_c_ms=1.10258 ecn_mark=912 drop=0
[QUEUE_STATS] t_ms=12176 q_pkts=0 q_bytes=0 qdelay_l_ms=0 qdelay_c_ms=0 ecn_mark=912 drop=0
[QUEUE_STATS] t_ms=12192 q_pkts=4 q_bytes=6016 qdelay_l_ms=0.322466 qdelay_c_ms=2.16812 ecn_mark=913 drop=0
[QUEUE_STATS] t_ms=12208 q_pkts=0 q_bytes=0 qdelay_l_ms=0 qdelay_c_ms=0 ecn_mark=914 drop=0
[QUEUE_STATS] t_ms=12224 q_pkts=5 q_bytes=7520 qdelay_l_ms=0.943654 qdelay_c_ms=0.937602 ecn_mark=916 drop=0
[QUEUE_STATS] t_ms=12240 q_pkts=3 q_bytes=4512 qdelay_l_ms=1.06611 qdelay_c_ms=1.08116 ecn_mark=916 drop=0
[QUEUE_STATS] t_ms=12257 q_pkts=1 q_bytes=1504 qdelay_l_ms=1.06639 qdelay_c_ms=0 ecn_mark=916 drop=0
[QUEUE_STATS] t_ms=12272 q_pkts=5 q_bytes=7520 qdelay_l_ms=0.931551 qdelay_c_ms=2.74623 ecn_mark=916 drop=0
[QUEUE_STATS] t_ms=12288 q_pkts=2 q_bytes=3008 qdelay_l_ms=1.01217 qdelay_c_ms=2.11934 ecn_mark=916 drop=0
[QUEUE_STATS] t_ms=12304 q_pkts=5 q_bytes=7520 qdelay_l_ms=1.06952 qdelay_c_ms=1.11217 ecn_mark=918 drop=0
[QUEUE_STATS] t_ms=12321 q_pkts=0 q_bytes=0 qdelay_l_ms=0 qdelay_c_ms=0 ecn_mark=919 drop=0
[QUEUE_STATS] t_ms=12336 q_pkts=4 q_bytes=6016 qdelay_l_ms=0.917544 qdelay_c_ms=0.910591 ecn_mark=919 drop=0
[QUEUE_STATS] t_ms=12352 q_pkts=1 q_bytes=1504 qdelay_l_ms=0.92551 qdelay_c_ms=0 ecn_mark=919 drop=0
[QUEUE_STATS] t_ms=12368 q_pkts=5 q_bytes=7520 qdelay_l_ms=1.10414 qdelay_c_ms=1.09605 ecn_mark=919 drop=0
[QUEUE_STATS] t_ms=12384 q_pkts=1 q_bytes=1504 qdelay_l_ms=1.0605 qdelay_c_ms=0 ecn_mark=919 drop=0
[QUEUE_STATS] t_ms=12400 q_pkts=2 q_bytes=3008 qdelay_l_ms=0.899912 qdelay_c_ms=1.76597 ecn_mark=919 drop=0
[QUEUE_STATS] t_ms=12416 q_pkts=1 q_bytes=1504 qdelay_l_ms=0.886576 qdelay_c_ms=0 ecn_mark=921 drop=0
[QUEUE_STATS] t_ms=12432 q_pkts=4 q_bytes=6016 qdelay_l_ms=1.08584 qdelay_c_ms=1.08025 ecn_mark=923 drop=0
[QUEUE_STATS] t_ms=12448 q_pkts=3 q_bytes=4512 qdelay_l_ms=1.02879 qdelay_c_ms=1.02151 ecn_mark=924 drop=0
[QUEUE_STATS] t_ms=12464 q_pkts=2 q_bytes=3008 qdelay_l_ms=0.909259 qdelay_c_ms=1.98602 ecn_mark=926 drop=0
[QUEUE_STATS] t_ms=12480 q_pkts=2 q_bytes=3008 qdelay_l_ms=1.07969 qdelay_c_ms=0 ecn_mark=926 drop=0
[QUEUE_STATS] t_ms=12496 q_pkts=3 q_bytes=4512 qdelay_l_ms=1.06671 qdelay_c_ms=1.0878 ecn_mark=928 drop=0
[QUEUE_STATS] t_ms=12512 q_pkts=3 q_bytes=4512 qdelay_l_ms=1.06608 qdelay_c_ms=1.0818 ecn_mark=928 drop=0
[QUEUE_STATS] t_ms=12528 q_pkts=4 q_bytes=6016 qdelay_l_ms=0.442292 qdelay_c_ms=0.457851 ecn_mark=930 drop=0
[QUEUE_STATS] t_ms=12544 q_pkts=2 q_bytes=3008 qdelay_l_ms=0.892828 qdelay_c_ms=2.19767 ecn_mark=930 drop=0
[QUEUE_STATS] t_ms=12560 q_pkts=3 q_bytes=4512 qdelay_l_ms=0.904109 qdelay_c_ms=0.897737 ecn_mark=932 drop=0
[QUEUE_STATS] t_ms=12576 q_pkts=1 q_bytes=1504 qdelay_l_ms=0.87813 qdelay_c_ms=0 ecn_mark=932 drop=0
[QUEUE_STATS] t_ms=12592 q_pkts=1 q_bytes=1504 qdelay_l_ms=1.07478 qdelay_c_ms=0 ecn_mark=933 drop=0
[QUEUE_STATS] t_ms=12608 q_pkts=5 q_bytes=7520 qdelay_l_ms=0.608854 qdelay_c_ms=0.603254 ecn_mark=934 drop=0
[QUEUE_STATS] t_ms=12625 q_pkts=1 q_bytes=1504 qdelay_l_ms=1.06118 qdelay_c_ms=0 ecn_mark=934 drop=0
[QUEUE_STATS] t_ms=12640 q_pkts=1 q_bytes=1504 qdelay_l_ms=0.897006 qdelay_c_ms=0 ecn_mark=934 drop=0
[QUEUE_STATS] t_ms=12656 q_pkts=4 q_bytes=6016 qdelay_l_ms=0.881657 qdelay_c_ms=1.76595 ecn_mark=935 drop=0
[QUEUE_STATS] t_ms=12672 q_pkts=3 q_bytes=4512 qdelay_l_ms=1.06619 qdelay_c_ms=1.08634 ecn_mark=937 drop=0
[QUEUE_STATS] t_ms=12688 q_pkts=2 q_bytes=3008 qdelay_l_ms=1.06237 qdelay_c_ms=1.06787 ecn_mark=938 drop=0
[QUEUE_STATS] t_ms=12704 q_pkts=0 q_bytes=0 qdelay_l_ms=0 qdelay_c_ms=0 ecn_mark=938 drop=0
[QUEUE_STATS] t_ms=12720 q_pkts=0 q_bytes=0 qdelay_l_ms=0 qdelay_c_ms=0 ecn_mark=941 drop=0
[QUEUE_STATS] t_ms=12736 q_pkts=2 q_bytes=3008 qdelay_l_ms=1.06872 qdelay_c_ms=1.05858 ecn_mark=942 drop=0
[QUEUE_STATS] t_ms=12752 q_pkts=1 q_bytes=1504 qdelay_l_ms=1.06181 qdelay_c_ms=0 ecn_mark=945 drop=0
[QUEUE_STATS] t_ms=12768 q_pkts=3 q_bytes=4512 qdelay_l_ms=1.04816 qdelay_c_ms=1.04298 ecn_mark=946 drop=0
[QUEUE_STATS] t_ms=12784 q_pkts=3 q_bytes=4512 qdelay_l_ms=1.04186 qdelay_c_ms=1.06689 ecn_mark=946 drop=0
[QUEUE_STATS] t_ms=12800 q_pkts=2 q_bytes=3008 qdelay_l_ms=0 qdelay_c_ms=1.03957 ecn_mark=949 drop=0
[QUEUE_STATS] t_ms=12816 q_pkts=1 q_bytes=1504 qdelay_l_ms=1.06665 qdelay_c_ms=0 ecn_mark=951 drop=0
[QUEUE_STATS] t_ms=12832 q_pkts=5 q_bytes=7520 qdelay_l_ms=0.894612 qdelay_c_ms=0.926351 ecn_mark=953 drop=0
[QUEUE_STATS] t_ms=12848 q_pkts=0 q_bytes=0 qdelay_l_ms=0 qdelay_c_ms=0 ecn_mark=954 drop=0
[QUEUE_STATS] t_ms=12864 q_pkts=3 q_bytes=4512 qdelay_l_ms=1.08697 qdelay_c_ms=1.08033 ecn_mark=955 drop=0
[QUEUE_STATS] t_ms=12880 q_pkts=1 q_bytes=1504 qdelay_l_ms=0.781719 qdelay_c_ms=0 ecn_mark=956 drop=0
[QUEUE_STATS] t_ms=12896 q_pkts=2 q_bytes=3008 qdelay_l_ms=1.07723 qdelay_c_ms=1.07156 ecn_mark=956 drop=0
[QUEUE_STATS] t_ms=12912 q_pkts=2 q_bytes=3008 qdelay_l_ms=0.029285 qdelay_c_ms=0.022742 ecn_mark=956 drop=0
[QUEUE_STATS] t_ms=12928 q_pkts=5 q_bytes=7520 qdelay_l_ms=1.01784 qdelay_c_ms=1.03925 ecn_mark=958 drop=0
[QUEUE_STATS] t_ms=12944 q_pkts=4 q_bytes=6016 qdelay_l_ms=1.07624 qdelay_c_ms=1.07061 ecn_mark=959 drop=0
[QUEUE_STATS] t_ms=12960 q_pkts=3 q_bytes=4512 qdelay_l_ms=1.08347 qdelay_c_ms=1.0774 ecn_mark=960 drop=0
[QUEUE_STATS] t_ms=12976 q_pkts=1 q_bytes=1504 qdelay_l_ms=1.03671 qdelay_c_ms=0 ecn_mark=961 drop=0
[QUEUE_STATS] t_ms=12992 q_pkts=3 q_bytes=4512 qdelay_l_ms=1.06586 qdelay_c_ms=1.10492 ecn_mark=962 drop=0
[QUEUE_STATS] t_ms=13008 q_pkts=2 q_bytes=3008 qdelay_l_ms=1.05589 qdelay_c_ms=0 ecn_mark=964 drop=0
[QUEUE_STATS] t_ms=13024 q_pkts=3 q_bytes=4512 qdelay_l_ms=1.06569 qdelay_c_ms=1.07532 ecn_mark=966 drop=0
[QUEUE_STATS] t_ms=13040 q_pkts=5 q_bytes=7520 qdelay_l_ms=0.943012 qdelay_c_ms=1.84131 ecn_mark=966 drop=0
[QUEUE_STATS] t_ms=13056 q_pkts=1 q_bytes=1504 qdelay_l_ms=1.09022 qdelay_c_ms=0 ecn_mark=967 drop=0
[QUEUE_STATS] t_ms=13072 q_pkts=3 q_bytes=4512 qdelay_l_ms=0.912725 qdelay_c_ms=0.907145 ecn_mark=967 drop=0
[QUEUE_STATS] t_ms=13088 q_pkts=6 q_bytes=9024 qdelay_l_ms=1.0886 qdelay_c_ms=1.08281 ecn_mark=968 drop=0
[QUEUE_STATS] t_ms=13104 q_pkts=1 q_bytes=1504 qdelay_l_ms=1.07448 qdelay_c_ms=0 ecn_mark=969 drop=0
[QUEUE_STATS] t_ms=13120 q_pkts=3 q_bytes=4512 qdelay_l_ms=0.922774 qdelay_c_ms=0.944154 ecn_mark=970 drop=0
[QUEUE_STATS] t_ms=13136 q_pkts=6 q_bytes=9024 qdelay_l_ms=1.08438 qdelay_c_ms=1.07918 ecn_mark=970 drop=0
[QUEUE_STATS] t_ms=13153 q_pkts=5 q_bytes=7520 qdelay_l_ms=1.0942 qdelay_c_ms=1.98932 ecn_mark=973 drop=0
[QUEUE_STATS] t_ms=13168 q_pkts=5 q_bytes=7520 qdelay_l_ms=1.04601 qdelay_c_ms=1.07116 ecn_mark=973 drop=0
[QUEUE_STATS] t_ms=13184 q_pkts=2 q_bytes=3008 qdelay_l_ms=0.581593 qdelay_c_ms=0 ecn_mark=975 drop=0
[QUEUE_STATS] t_ms=13200 q_pkts=0 q_bytes=0 qdelay_l_ms=0 qdelay_c_ms=0 ecn_mark=975 drop=0
[QUEUE_STATS] t_ms=13216 q_pkts=1 q_bytes=1504 qdelay_l_ms=1.06156 qdelay_c_ms=0 ecn_mark=976 drop=0
[QUEUE_STATS] t_ms=13232 q_pkts=3 q_bytes=4512 qdelay_l_ms=0.889812 qdelay_c_ms=0.884993 ecn_mark=976 drop=0
[QUEUE_STATS] t_ms=13248 q_pkts=10 q_bytes=15040 qdelay_l_ms=0.573568 qdelay_c_ms=2.26058 ecn_mark=977 drop=0
[QUEUE_STATS] t_ms=13264 q_pkts=5 q_bytes=7520 qdelay_l_ms=1.05408 qdelay_c_ms=1.04726 ecn_mark=979 drop=0
[QUEUE_STATS] t_ms=13280 q_pkts=4 q_bytes=6016 qdelay_l_ms=0.900111 qdelay_c_ms=1.81074 ecn_mark=979 drop=0
[QUEUE_STATS] t_ms=13296 q_pkts=0 q_bytes=0 qdelay_l_ms=0 qdelay_c_ms=0 ecn_mark=980 drop=0
[QUEUE_STATS] t_ms=13312 q_pkts=1 q_bytes=1504 qdelay_l_ms=1.05554 qdelay_c_ms=0 ecn_mark=983 drop=0
[QUEUE_STATS] t_ms=13328 q_pkts=3 q_bytes=4512 qdelay_l_ms=1.08619 qdelay_c_ms=1.07956 ecn_mark=984 drop=0
[QUEUE_STATS] t_ms=13344 q_pkts=4 q_bytes=6016 qdelay_l_ms=1.04947 qdelay_c_ms=2.04723 ecn_mark=984 drop=0
[QUEUE_STATS] t_ms=13360 q_pkts=4 q_bytes=6016 qdelay_l_ms=1.0456 qdelay_c_ms=1.06098 ecn_mark=984 drop=0
[QUEUE_STATS] t_ms=13376 q_pkts=6 q_bytes=9024 qdelay_l_ms=0.74522 qdelay_c_ms=2.17322 ecn_mark=987 drop=0
[QUEUE_STATS] t_ms=13392 q_pkts=2 q_bytes=3008 qdelay_l_ms=1.07427 qdelay_c_ms=0 ecn_mark=987 drop=0
[QUEUE_STATS] t_ms=13408 q_pkts=3 q_bytes=4512 qdelay_l_ms=1.05838 qdelay_c_ms=1.08436 ecn_mark=988 drop=0
[QUEUE_STATS] t_ms=13424 q_pkts=5 q_bytes=7520 qdelay_l_ms=1.09965 qdelay_c_ms=1.09151 ecn_mark=989 drop=0
[QUEUE_STATS] t_ms=13440 q_pkts=2 q_bytes=3008 qdelay_l_ms=1.07368 qdelay_c_ms=2.00401 ecn_mark=990 drop=0
[QUEUE_STATS] t_ms=13456 q_pkts=3 q_bytes=4512 qdelay_l_ms=1.09096 qdelay_c_ms=1.08479 ecn_mark=993 drop=0
[QUEUE_STATS] t_ms=13472 q_pkts=5 q_bytes=7520 qdelay_l_ms=1.07457 qdelay_c_ms=1.06863 ecn_mark=993 drop=0
[QUEUE_STATS] t_ms=13488 q_pkts=4 q_bytes=6016 qdelay_l_ms=0.959553 qdelay_c_ms=1.88658 ecn_mark=994 drop=0
[QUEUE_STATS] t_ms=13504 q_pkts=1 q_bytes=1504 qdelay_l_ms=0.932222 qdelay_c_ms=0 ecn_mark=994 drop=0
[QUEUE_STATS] t_ms=13520 q_pkts=3 q_bytes=4512 qdelay_l_ms=1.08003 qdelay_c_ms=1.0744 ecn_mark=994 drop=0
[QUEUE_STATS] t_ms=13536 q_pkts=3 q_bytes=4512 qdelay_l_ms=1.05668 qdelay_c_ms=1.05119 ecn_mark=994 drop=0
[QUEUE_STATS] t_ms=13552 q_pkts=3 q_bytes=4512 qdelay_l_ms=1.07899 qdelay_c_ms=1.96624 ecn_mark=994 drop=0
[QUEUE_STATS] t_ms=13568 q_pkts=0 q_bytes=0 qdelay_l_ms=0 qdelay_c_ms=0 ecn_mark=995 drop=0
[QUEUE_STATS] t_ms=13584 q_pkts=1 q_bytes=1504 qdelay_l_ms=0.353795 qdelay_c_ms=0 ecn_mark=996 drop=0
[QUEUE_STATS] t_ms=13600 q_pkts=4 q_bytes=6016 qdelay_l_ms=0.722298 qdelay_c_ms=1.82627 ecn_mark=996 drop=0
[QUEUE_STATS] t_ms=13616 q_pkts=0 q_bytes=0 qdelay_l_ms=0 qdelay_c_ms=0 ecn_mark=997 drop=0
[QUEUE_STATS] t_ms=13632 q_pkts=0 q_bytes=0 qdelay_l_ms=0 qdelay_c_ms=0 ecn_mark=999 drop=0
[QUEUE_STATS] t_ms=13648 q_pkts=1 q_bytes=1504 qdelay_l_ms=0.012393 qdelay_c_ms=0 ecn_mark=1000 drop=0
[QUEUE_STATS] t_ms=13664 q_pkts=5 q_bytes=7520 qdelay_l_ms=1.07723 qdelay_c_ms=1.10083 ecn_mark=1001 drop=0
[QUEUE_STATS] t_ms=13680 q_pkts=4 q_bytes=6016 qdelay_l_ms=1.07207 qdelay_c_ms=2.19752 ecn_mark=1001 drop=0
[QUEUE_STATS] t_ms=13696 q_pkts=4 q_bytes=6016 qdelay_l_ms=0.944315 qdelay_c_ms=2.23591 ecn_mark=1002 drop=0
[QUEUE_STATS] t_ms=13712 q_pkts=3 q_bytes=4512 qdelay_l_ms=1.0755 qdelay_c_ms=1.07001 ecn_mark=1002 drop=0
[QUEUE_STATS] t_ms=13728 q_pkts=1 q_bytes=1504 qdelay_l_ms=1.08247 qdelay_c_ms=0 ecn_mark=1005 drop=0
[QUEUE_STATS] t_ms=13744 q_pkts=5 q_bytes=7520 qdelay_l_ms=1.08513 qdelay_c_ms=1.07981 ecn_mark=1005 drop=0
[QUEUE_STATS] t_ms=13760 q_pkts=4 q_bytes=6016 qdelay_l_ms=1.06556 qdelay_c_ms=2.00364 ecn_mark=1006 drop=0
[QUEUE_STATS] t_ms=13776 q_pkts=4 q_bytes=6016 qdelay_l_ms=1.0792 qdelay_c_ms=1.07283 ecn_mark=1006 drop=0
[QUEUE_STATS] t_ms=13792 q_pkts=6 q_bytes=9024 qdelay_l_ms=1.06825 qdelay_c_ms=1.92012 ecn_mark=1008 drop=0
[QUEUE_STATS] t_ms=13808 q_pkts=8 q_bytes=12032 qdelay_l_ms=1.03822 qdelay_c_ms=1.93789 ecn_mark=1010 drop=0
[QUEUE_STATS] t_ms=13824 q_pkts=1 q_bytes=1504 qdelay_l_ms=1.08854 qdelay_c_ms=0 ecn_mark=1010 drop=0
[QUEUE_STATS] t_ms=13840 q_pkts=1 q_bytes=1504 qdelay_l_ms=1.0834 qdelay_c_ms=0 ecn_mark=1010 drop=0
[QUEUE_STATS] t_ms=13856 q_pkts=1 q_bytes=1504 qdelay_l_ms=1.0669 qdelay_c_ms=0 ecn_mark=1011 drop=0
[QUEUE_STATS] t_ms=13872 q_pkts=1 q_bytes=1504 qdelay_l_ms=0.906764 qdelay_c_ms=0 ecn_mark=1011 drop=0
[QUEUE_STATS] t_ms=13888 q_pkts=4 q_bytes=6016 qdelay_l_ms=1.06864 qdelay_c_ms=1.10183 ecn_mark=1011 drop=0
[QUEUE_STATS] t_ms=13904 q_pkts=4 q_bytes=6016 qdelay_l_ms=1.05053 qdelay_c_ms=2.16213 ecn_mark=1011 drop=0
[QUEUE_STATS] t_ms=13920 q_pkts=3 q_bytes=4512 qdelay_l_ms=1.09658 qdelay_c_ms=1.08633 ecn_mark=1012 drop=0
[QUEUE_STATS] t_ms=13936 q_pkts=4 q_bytes=6016 qdelay_l_ms=0.890303 qdelay_c_ms=2.66245 ecn_mark=1013 drop=0
[QUEUE_STATS] t_ms=13952 q_pkts=3 q_bytes=4512 qdelay_l_ms=1.06806 qdelay_c_ms=1.06164 ecn_mark=1014 drop=0
[QUEUE_STATS] t_ms=13968 q_pkts=4 q_bytes=6016 qdelay_l_ms=0.472718 qdelay_c_ms=1.55381 ecn_mark=1014 drop=0
[QUEUE_STATS] t_ms=13984 q_pkts=3 q_bytes=4512 qdelay_l_ms=1.06066 qdelay_c_ms=1.07095 ecn_mark=1014 drop=0
[QUEUE_STATS] t_ms=14000 q_pkts=5 q_bytes=7520 qdelay_l_ms=1.08238 qdelay_c_ms=1.07742 ecn_mark=1014 drop=0
[QUEUE_STATS] t_ms=14016 q_pkts=5 q_bytes=7520 qdelay_l_ms=0.894251 qdelay_c_ms=0.886206 ecn_mark=1015 drop=0
[QUEUE_STATS] t_ms=14032 q_pkts=6 q_bytes=9024 qdelay_l_ms=0.763976 qdelay_c_ms=0.758946 ecn_mark=1015 drop=0
[QUEUE_STATS] t_ms=14048 q_pkts=1 q_bytes=1504 qdelay_l_ms=0.897627 qdelay_c_ms=0 ecn_mark=1016 drop=0
[QUEUE_STATS] t_ms=14064 q_pkts=5 q_bytes=7520 qdelay_l_ms=1.09439 qdelay_c_ms=1.70693 ecn_mark=1018 drop=0
[QUEUE_STATS] t_ms=14080 q_pkts=5 q_bytes=7520 qdelay_l_ms=1.08037 qdelay_c_ms=1.07499 ecn_mark=1018 drop=0
[QUEUE_STATS] t_ms=14096 q_pkts=3 q_bytes=4512 qdelay_l_ms=1.09772 qdelay_c_ms=1.08954 ecn_mark=1019 drop=0
[QUEUE_STATS] t_ms=14112 q_pkts=5 q_bytes=7520 qdelay_l_ms=0.897897 qdelay_c_ms=0.891846 ecn_mark=1020 drop=0
[QUEUE_STATS] t_ms=14128 q_pkts=3 q_bytes=4512 qdelay_l_ms=1.0653 qdelay_c_ms=1.07871 ecn_mark=1020 drop=0
[QUEUE_STATS] t_ms=14144 q_pkts=5 q_bytes=7520 qdelay_l_ms=1.06991 qdelay_c_ms=1.0614 ecn_mark=1021 drop=0
[QUEUE_STATS] t_ms=14160 q_pkts=2 q_bytes=3008 qdelay_l_ms=1.06541 qdelay_c_ms=2.14338 ecn_mark=1022 drop=0
[QUEUE_STATS] t_ms=14176 q_pkts=3 q_bytes=4512 qdelay_l_ms=0.856109 qdelay_c_ms=0.850849 ecn_mark=1022 drop=0
[QUEUE_STATS] t_ms=14192 q_pkts=4 q_bytes=6016 qdelay_l_ms=1.08972 qdelay_c_ms=1.95673 ecn_mark=1026 drop=0
[QUEUE_STATS] t_ms=14208 q_pkts=3 q_bytes=4512 qdelay_l_ms=1.08535 qdelay_c_ms=1.07819 ecn_mark=1028 drop=0
[QUEUE_STATS] t_ms=14224 q_pkts=3 q_bytes=4512 qdelay_l_ms=1.06574 qdelay_c_ms=1.08735 ecn_mark=1028 drop=0
[QUEUE_STATS] t_ms=14240 q_pkts=1 q_bytes=1504 qdelay_l_ms=1.08758 qdelay_c_ms=0 ecn_mark=1028 drop=0
[QUEUE_STATS] t_ms=14256 q_pkts=3 q_bytes=4512 qdelay_l_ms=1.07177 qdelay_c_ms=1.06639 ecn_mark=1028 drop=0
[QUEUE_STATS] t_ms=14272 q_pkts=5 q_bytes=7520 qdelay_l_ms=1.09421 qdelay_c_ms=1.08696 ecn_mark=1030 drop=0
[QUEUE_STATS] t_ms=14288 q_pkts=3 q_bytes=4512 qdelay_l_ms=0.615066 qdelay_c_ms=0.609125 ecn_mark=1030 drop=0
[QUEUE_STATS] t_ms=14304 q_pkts=4 q_bytes=6016 qdelay_l_ms=1.06896 qdelay_c_ms=1.06096 ecn_mark=1030 drop=0
[QUEUE_STATS] t_ms=14320 q_pkts=5 q_bytes=7520 qdelay_l_ms=0 qdelay_c_ms=2.13879 ecn_mark=1031 drop=0
[QUEUE_STATS] t_ms=14336 q_pkts=6 q_bytes=9024 qdelay_l_ms=1.09527 qdelay_c_ms=1.08837 ecn_mark=1031 drop=0
[QUEUE_STATS] t_ms=14352 q_pkts=4 q_bytes=6016 qdelay_l_ms=0.897647 qdelay_c_ms=0.891015 ecn_mark=1031 drop=0
[QUEUE_STATS] t_ms=14368 q_pkts=4 q_bytes=6016 qdelay_l_ms=1.06688 qdelay_c_ms=1.09066 ecn_mark=1031 drop=0
[QUEUE_STATS] t_ms=14384 q_pkts=5 q_bytes=7520 qdelay_l_ms=1.04564 qdelay_c_ms=1.0406 ecn_mark=1031 drop=0
[QUEUE_STATS] t_ms=14400 q_pkts=3 q_bytes=4512 qdelay_l_ms=0.874273 qdelay_c_ms=0.868112 ecn_mark=1031 drop=0
[QUEUE_STATS] t_ms=14416 q_pkts=4 q_bytes=6016 qdelay_l_ms=0.867801 qdelay_c_ms=0.86192 ecn_mark=1031 drop=0
[QUEUE_STATS] t_ms=14432 q_pkts=6 q_bytes=9024 qdelay_l_ms=1.07928 qdelay_c_ms=1.07096 ecn_mark=1031 drop=0
[QUEUE_STATS] t_ms=14448 q_pkts=5 q_bytes=7520 qdelay_l_ms=1.07238 qdelay_c_ms=2.21321 ecn_mark=1033 drop=0
[QUEUE_STATS] t_ms=14464 q_pkts=5 q_bytes=7520 qdelay_l_ms=0.942261 qdelay_c_ms=0.963621 ecn_mark=1033 drop=0
[QUEUE_STATS] t_ms=14480 q_pkts=2 q_bytes=3008 qdelay_l_ms=1.01158 qdelay_c_ms=2.11354 ecn_mark=1033 drop=0
[QUEUE_STATS] t_ms=14496 q_pkts=3 q_bytes=4512 qdelay_l_ms=1.0641 qdelay_c_ms=2.15391 ecn_mark=1034 drop=0
[QUEUE_STATS] t_ms=14512 q_pkts=3 q_bytes=4512 qdelay_l_ms=1.0671 qdelay_c_ms=1.07709 ecn_mark=1036 drop=0
[QUEUE_STATS] t_ms=14528 q_pkts=6 q_bytes=9024 qdelay_l_ms=1.06117 qdelay_c_ms=2.1902 ecn_mark=1039 drop=0
[QUEUE_STATS] t_ms=14545 q_pkts=3 q_bytes=4512 qdelay_l_ms=1.07648 qdelay_c_ms=1.07079 ecn_mark=1040 drop=0
[QUEUE_STATS] t_ms=14560 q_pkts=3 q_bytes=4512 qdelay_l_ms=1.06964 qdelay_c_ms=1.06437 ecn_mark=1044 drop=0
[QUEUE_STATS] t_ms=14576 q_pkts=4 q_bytes=6016 qdelay_l_ms=1.07727 qdelay_c_ms=1.91799 ecn_mark=1045 drop=0
[QUEUE_STATS] t_ms=14592 q_pkts=5 q_bytes=7520 qdelay_l_ms=1.06251 qdelay_c_ms=1.09568 ecn_mark=1047 drop=0
[QUEUE_STATS] t_ms=14608 q_pkts=3 q_bytes=4512 qdelay_l_ms=1.07553 qdelay_c_ms=1.09139 ecn_mark=1047 drop=0
[QUEUE_STATS] t_ms=14624 q_pkts=2 q_bytes=3008 qdelay_l_ms=1.07486 qdelay_c_ms=1.08174 ecn_mark=1050 drop=0
[QUEUE_STATS] t_ms=14640 q_pkts=4 q_bytes=6016 qdelay_l_ms=0.994128 qdelay_c_ms=0.988858 ecn_mark=1052 drop=0
[QUEUE_STATS] t_ms=14656 q_pkts=3 q_bytes=4512 qdelay_l_ms=1.09014 qdelay_c_ms=1.08149 ecn_mark=1054 drop=0
[QUEUE_STATS] t_ms=14672 q_pkts=5 q_bytes=7520 qdelay_l_ms=1.04796 qdelay_c_ms=1.069 ecn_mark=1055 drop=0
[QUEUE_STATS] t_ms=14688 q_pkts=2 q_bytes=3008 qdelay_l_ms=0 qdelay_c_ms=1.08012 ecn_mark=1055 drop=0
[QUEUE_STATS] t_ms=14704 q_pkts=4 q_bytes=6016 qdelay_l_ms=1.08683 qdelay_c_ms=1.91336 ecn_mark=1056 drop=0
[QUEUE_STATS] t_ms=14720 q_pkts=6 q_bytes=9024 qdelay_l_ms=1.09643 qdelay_c_ms=1.08978 ecn_mark=1056 drop=0
[QUEUE_STATS] t_ms=14736 q_pkts=3 q_bytes=4512 qdelay_l_ms=0.866328 qdelay_c_ms=0.860057 ecn_mark=1057 drop=0
[QUEUE_STATS] t_ms=14752 q_pkts=4 q_bytes=6016 qdelay_l_ms=1.06399 qdelay_c_ms=1.05819 ecn_mark=1057 drop=0
[QUEUE_STATS] t_ms=14769 q_pkts=3 q_bytes=4512 qdelay_l_ms=1.08957 qdelay_c_ms=1.08239 ecn_mark=1057 drop=0
[QUEUE_STATS] t_ms=14784 q_pkts=3 q_bytes=4512 qdelay_l_ms=1.06327 qdelay_c_ms=1.0738 ecn_mark=1058 drop=0
[QUEUE_STATS] t_ms=14800 q_pkts=4 q_bytes=6016 qdelay_l_ms=1.0642 qdelay_c_ms=1.0585 ecn_mark=1060 drop=0
[QUEUE_STATS] t_ms=14816 q_pkts=4 q_bytes=6016 qdelay_l_ms=1.0557 qdelay_c_ms=2.20413 ecn_mark=1060 drop=0
[QUEUE_STATS] t_ms=14832 q_pkts=4 q_bytes=6016 qdelay_l_ms=0.88308 qdelay_c_ms=0.876858 ecn_mark=1060 drop=0
[QUEUE_STATS] t_ms=14848 q_pkts=4 q_bytes=6016 qdelay_l_ms=0.48421 qdelay_c_ms=0.478219 ecn_mark=1061 drop=0
[QUEUE_STATS] t_ms=14864 q_pkts=3 q_bytes=4512 qdelay_l_ms=1.07084 qdelay_c_ms=2.13963 ecn_mark=1063 drop=0
[QUEUE_STATS] t_ms=14880 q_pkts=3 q_bytes=4512 qdelay_l_ms=1.08086 qdelay_c_ms=1.07469 ecn_mark=1065 drop=0
[QUEUE_STATS] t_ms=14897 q_pkts=3 q_bytes=4512 qdelay_l_ms=1.07554 qdelay_c_ms=1.09666 ecn_mark=1065 drop=0
[QUEUE_STATS] t_ms=14912 q_pkts=4 q_bytes=6016 qdelay_l_ms=0.862841 qdelay_c_ms=0.85652 ecn_mark=1065 drop=0
[QUEUE_STATS] t_ms=14928 q_pkts=5 q_bytes=7520 qdelay_l_ms=1.0546 qdelay_c_ms=1.04858 ecn_mark=1066 drop=0
[QUEUE_STATS] t_ms=14945 q_pkts=3 q_bytes=4512 qdelay_l_ms=1.08177 qdelay_c_ms=1.07442 ecn_mark=1067 drop=0
[QUEUE_STATS] t_ms=14960 q_pkts=5 q_bytes=7520 qdelay_l_ms=1.05867 qdelay_c_ms=2.18572 ecn_mark=1067 drop=0
[QUEUE_STATS] t_ms=14976 q_pkts=5 q_bytes=7520 qdelay_l_ms=1.06147 qdelay_c_ms=1.09244 ecn_mark=1068 drop=0
[QUEUE_STATS] t_ms=14993 q_pkts=5 q_bytes=7520 qdelay_l_ms=1.07651 qdelay_c_ms=2.18725 ecn_mark=1068 drop=0
[QUEUE_STATS] t_ms=15008 q_pkts=3 q_bytes=4512 qdelay_l_ms=1.04564 qdelay_c_ms=1.05651 ecn_mark=1069 drop=0
[QUEUE_STATS] t_ms=15024 q_pkts=0 q_bytes=0 qdelay_l_ms=0 qdelay_c_ms=0 ecn_mark=1072 drop=0
[QUEUE_STATS] t_ms=15040 q_pkts=2 q_bytes=3008 qdelay_l_ms=0 qdelay_c_ms=0.876438 ecn_mark=1072 drop=0
[QUEUE_STATS] t_ms=15056 q_pkts=5 q_bytes=7520 qdelay_l_ms=1.08912 qdelay_c_ms=1.92312 ecn_mark=1072 drop=0
[QUEUE_STATS] t_ms=15072 q_pkts=2 q_bytes=3008 qdelay_l_ms=1.01654 qdelay_c_ms=0 ecn_mark=1074 drop=0
[QUEUE_STATS] t_ms=15088 q_pkts=4 q_bytes=6016 qdelay_l_ms=1.08286 qdelay_c_ms=1.66086 ecn_mark=1074 drop=0
[QUEUE_STATS] t_ms=15104 q_pkts=1 q_bytes=1504 qdelay_l_ms=0.013976 qdelay_c_ms=0 ecn_mark=1075 drop=0
[QUEUE_STATS] t_ms=15120 q_pkts=3 q_bytes=4512 qdelay_l_ms=0.88313 qdelay_c_ms=0.905893 ecn_mark=1076 drop=0
[QUEUE_STATS] t_ms=15137 q_pkts=3 q_bytes=4512 qdelay_l_ms=1.08275 qdelay_c_ms=1.9183 ecn_mark=1076 drop=0
[QUEUE_STATS] t_ms=15152 q_pkts=6 q_bytes=9024 qdelay_l_ms=1.10248 qdelay_c_ms=1.09532 ecn_mark=1076 drop=0
[QUEUE_STATS] t_ms=15168 q_pkts=4 q_bytes=6016 qdelay_l_ms=1.08778 qdelay_c_ms=1.08188 ecn_mark=1078 drop=0
[QUEUE_STATS] t_ms=15184 q_pkts=5 q_bytes=7520 qdelay_l_ms=1.09383 qdelay_c_ms=1.92422 ecn_mark=1078 drop=0
[QUEUE_STATS] t_ms=15200 q_pkts=3 q_bytes=4512 qdelay_l_ms=0.651204 qdelay_c_ms=0.644361 ecn_mark=1079 drop=0
[QUEUE_STATS] t_ms=15216 q_pkts=2 q_bytes=3008 qdelay_l_ms=0 qdelay_c_ms=1.08223 ecn_mark=1080 drop=0
[QUEUE_STATS] t_ms=15232 q_pkts=3 q_bytes=4512 qdelay_l_ms=0.84043 qdelay_c_ms=1.88621 ecn_mark=1080 drop=0
[QUEUE_STATS] t_ms=15248 q_pkts=5 q_bytes=7520 qdelay_l_ms=1.06116 qdelay_c_ms=1.08199 ecn_mark=1081 drop=0
[QUEUE_STATS] t_ms=15264 q_pkts=3 q_bytes=4512 qdelay_l_ms=1.07198 qdelay_c_ms=1.06626 ecn_mark=1081 drop=0
[QUEUE_STATS] t_ms=15280 q_pkts=5 q_bytes=7520 qdelay_l_ms=1.06712 qdelay_c_ms=2.13922 ecn_mark=1081 drop=0
[QUEUE_STATS] t_ms=15296 q_pkts=6 q_bytes=9024 qdelay_l_ms=1.10245 qdelay_c_ms=1.09535 ecn_mark=1083 drop=0
[QUEUE_STATS] t_ms=15313 q_pkts=5 q_bytes=7520 qdelay_l_ms=1.07514 qdelay_c_ms=1.10785 ecn_mark=1085 drop=0
[QUEUE_STATS] t_ms=15328 q_pkts=3 q_bytes=4512 qdelay_l_ms=1.06381 qdelay_c_ms=1.08594 ecn_mark=1085 drop=0
[QUEUE_STATS] t_ms=15344 q_pkts=5 q_bytes=7520 qdelay_l_ms=1.05573 qdelay_c_ms=2.11877 ecn_mark=1085 drop=0
[QUEUE_STATS] t_ms=15360 q_pkts=3 q_bytes=4512 qdelay_l_ms=0.830811 qdelay_c_ms=0.825191 ecn_mark=1086 drop=0
[QUEUE_STATS] t_ms=15376 q_pkts=3 q_bytes=4512 qdelay_l_ms=1.07574 qdelay_c_ms=1.07029 ecn_mark=1087 drop=0
[QUEUE_STATS] t_ms=15392 q_pkts=7 q_bytes=10528 qdelay_l_ms=0.874825 qdelay_c_ms=0.869525 ecn_mark=1088 drop=0
[QUEUE_STATS] t_ms=15408 q_pkts=4 q_bytes=6016 qdelay_l_ms=1.09325 qdelay_c_ms=1.08622 ecn_mark=1088 drop=0
[QUEUE_STATS] t_ms=15424 q_pkts=5 q_bytes=7520 qdelay_l_ms=1.07952 qdelay_c_ms=2.09292 ecn_mark=1090 drop=0
[QUEUE_STATS] t_ms=15440 q_pkts=0 q_bytes=0 qdelay_l_ms=0 qdelay_c_ms=0 ecn_mark=1090 drop=0
[QUEUE_STATS] t_ms=15456 q_pkts=3 q_bytes=4512 qdelay_l_ms=1.07723 qdelay_c_ms=1.07204 ecn_mark=1091 drop=0
[QUEUE_STATS] t_ms=15473 q_pkts=3 q_bytes=4512 qdelay_l_ms=1.06107 qdelay_c_ms=2.17049 ecn_mark=1094 drop=0
[QUEUE_STATS] t_ms=15488 q_pkts=3 q_bytes=4512 qdelay_l_ms=1.06623 qdelay_c_ms=1.06122 ecn_mark=1096 drop=0
[QUEUE_STATS] t_ms=15504 q_pkts=2 q_bytes=3008 qdelay_l_ms=0 qdelay_c_ms=1.08084 ecn_mark=1098 drop=0
[QUEUE_STATS] t_ms=15520 q_pkts=4 q_bytes=6016 qdelay_l_ms=0.829429 qdelay_c_ms=0.823628 ecn_mark=1100 drop=0
[QUEUE_STATS] t_ms=15536 q_pkts=5 q_bytes=7520 qdelay_l_ms=1.06073 qdelay_c_ms=1.09589 ecn_mark=1101 drop=0
[QUEUE_STATS] t_ms=15552 q_pkts=6 q_bytes=9024 qdelay_l_ms=0.899882 qdelay_c_ms=0.894021 ecn_mark=1102 drop=0
[QUEUE_STATS] t_ms=15568 q_pkts=4 q_bytes=6016 qdelay_l_ms=1.09089 qdelay_c_ms=1.8793 ecn_mark=1103 drop=0
[QUEUE_STATS] t_ms=15584 q_pkts=5 q_bytes=7520 qdelay_l_ms=1.07951 qdelay_c_ms=1.07374 ecn_mark=1105 drop=0
[QUEUE_STATS] t_ms=15600 q_pkts=5 q_bytes=7520 qdelay_l_ms=1.06585 qdelay_c_ms=1.088 ecn_mark=1106 drop=0
[QUEUE_STATS] t_ms=15616 q_pkts=0 q_bytes=0 qdelay_l_ms=0 qdelay_c_ms=0 ecn_mark=1107 drop=0
[QUEUE_STATS] t_ms=15632 q_pkts=0 q_bytes=0 qdelay_l_ms=0 qdelay_c_ms=0 ecn_mark=1107 drop=0
[QUEUE_STATS] t_ms=15648 q_pkts=4 q_bytes=6016 qdelay_l_ms=1.08475 qdelay_c_ms=1.07989 ecn_mark=1108 drop=0
[QUEUE_STATS] t_ms=15665 q_pkts=4 q_bytes=6016 qdelay_l_ms=0 qdelay_c_ms=1.09571 ecn_mark=1111 drop=0
[QUEUE_STATS] t_ms=15680 q_pkts=4 q_bytes=6016 qdelay_l_ms=1.09028 qdelay_c_ms=1.92793 ecn_mark=1111 drop=0
[QUEUE_STATS] t_ms=15697 q_pkts=6 q_bytes=9024 qdelay_l_ms=1.09757 qdelay_c_ms=1.09094 ecn_mark=1111 drop=0
[QUEUE_STATS] t_ms=15712 q_pkts=6 q_bytes=9024 qdelay_l_ms=1.08178 qdelay_c_ms=1.07657 ecn_mark=1113 drop=0
[QUEUE_STATS] t_ms=15728 q_pkts=7 q_bytes=10528 qdelay_l_ms=0.807919 qdelay_c_ms=0.853464 ecn_mark=1113 drop=0
[QUEUE_STATS] t_ms=15744 q_pkts=2 q_bytes=3008 qdelay_l_ms=0.899581 qdelay_c_ms=1.96428 ecn_mark=1113 drop=0
[QUEUE_STATS] t_ms=15760 q_pkts=4 q_bytes=6016 qdelay_l_ms=1.09595 qdelay_c_ms=1.089 ecn_mark=1115 drop=0
[QUEUE_STATS] t_ms=15776 q_pkts=8 q_bytes=12032 qdelay_l_ms=1.03455 qdelay_c_ms=1.02931 ecn_mark=1117 drop=0
[QUEUE_STATS] t_ms=15792 q_pkts=5 q_bytes=7520 qdelay_l_ms=1.06187 qdelay_c_ms=2.15512 ecn_mark=1117 drop=0
[QUEUE_STATS] t_ms=15808 q_pkts=4 q_bytes=6016 qdelay_l_ms=0.554803 qdelay_c_ms=0.570152 ecn_mark=1117 drop=0
[QUEUE_STATS] t_ms=15824 q_pkts=7 q_bytes=10528 qdelay_l_ms=1.04075 qdelay_c_ms=1.08123 ecn_mark=1118 drop=0
[QUEUE_STATS] t_ms=15840 q_pkts=5 q_bytes=7520 qdelay_l_ms=1.09318 qdelay_c_ms=2.13426 ecn_mark=1118 drop=0
[QUEUE_STATS] t_ms=15856 q_pkts=4 q_bytes=6016 qdelay_l_ms=1.09451 qdelay_c_ms=1.08776 ecn_mark=1119 drop=0
[QUEUE_STATS] t_ms=15872 q_pkts=6 q_bytes=9024 qdelay_l_ms=1.09915 qdelay_c_ms=1.09214 ecn_mark=1121 drop=0
[QUEUE_STATS] t_ms=15888 q_pkts=5 q_bytes=7520 qdelay_l_ms=1.09783 qdelay_c_ms=1.09074 ecn_mark=1122 drop=0
[QUEUE_STATS] t_ms=15904 q_pkts=4 q_bytes=6016 qdelay_l_ms=0.823978 qdelay_c_ms=0.852622 ecn_mark=1123 drop=0
[QUEUE_STATS] t_ms=15921 q_pkts=4 q_bytes=6016 qdelay_l_ms=1.06706 qdelay_c_ms=1.09727 ecn_mark=1123 drop=0
[QUEUE_STATS] t_ms=15936 q_pkts=1 q_bytes=1504 qdelay_l_ms=0 qdelay_c_ms=1.18156 ecn_mark=1123 drop=0
[QUEUE_STATS] t_ms=15953 q_pkts=4 q_bytes=6016 qdelay_l_ms=1.06308 qdelay_c_ms=1.89085 ecn_mark=1123 drop=0
[QUEUE_STATS] t_ms=15968 q_pkts=4 q_bytes=6016 qdelay_l_ms=1.04369 qdelay_c_ms=1.03823 ecn_mark=1125 drop=0
[QUEUE_STATS] t_ms=15984 q_pkts=3 q_bytes=4512 qdelay_l_ms=1.03181 qdelay_c_ms=1.04296 ecn_mark=1128 drop=0
[QUEUE_STATS] t_ms=16000 q_pkts=5 q_bytes=7520 qdelay_l_ms=1.06705 qdelay_c_ms=1.8556 ecn_mark=1128 drop=0
[QUEUE_STATS] t_ms=16016 q_pkts=3 q_bytes=4512 qdelay_l_ms=1.04118 qdelay_c_ms=1.0342 ecn_mark=1128 drop=0
[QUEUE_STATS] t_ms=16032 q_pkts=5 q_bytes=7520 qdelay_l_ms=1.07475 qdelay_c_ms=1.0673 ecn_mark=1131 drop=0
[QUEUE_STATS] t_ms=16048 q_pkts=7 q_bytes=10528 qdelay_l_ms=1.06087 qdelay_c_ms=2.14801 ecn_mark=1132 drop=0
[QUEUE_STATS] t_ms=16064 q_pkts=2 q_bytes=3008 qdelay_l_ms=0.032761 qdelay_c_ms=0.025588 ecn_mark=1133 drop=0
[QUEUE_STATS] t_ms=16080 q_pkts=5 q_bytes=7520 qdelay_l_ms=1.069 qdelay_c_ms=2.17744 ecn_mark=1133 drop=0
[QUEUE_STATS] t_ms=16096 q_pkts=3 q_bytes=4512 qdelay_l_ms=0 qdelay_c_ms=0.99995 ecn_mark=1134 drop=0
[QUEUE_STATS] t_ms=16112 q_pkts=3 q_bytes=4512 qdelay_l_ms=1.07518 qdelay_c_ms=1.06896 ecn_mark=1135 drop=0
[QUEUE_STATS] t_ms=16128 q_pkts=5 q_bytes=7520 qdelay_l_ms=1.10627 qdelay_c_ms=1.64674 ecn_mark=1137 drop=0
[QUEUE_STATS] t_ms=16144 q_pkts=4 q_bytes=6016 qdelay_l_ms=1.08535 qdelay_c_ms=1.08012 ecn_mark=1138 drop=0
[QUEUE_STATS] t_ms=16160 q_pkts=4 q_bytes=6016 qdelay_l_ms=1.0346 qdelay_c_ms=1.0515 ecn_mark=1140 drop=0
[QUEUE_STATS] t_ms=16176 q_pkts=8 q_bytes=12032 qdelay_l_ms=1.0653 qdelay_c_ms=2.21476 ecn_mark=1142 drop=0
[QUEUE_STATS] t_ms=16193 q_pkts=3 q_bytes=4512 qdelay_l_ms=0 qdelay_c_ms=1.87812 ecn_mark=1142 drop=0
[QUEUE_STATS] t_ms=16208 q_pkts=4 q_bytes=6016 qdelay_l_ms=1.08995 qdelay_c_ms=1.08339 ecn_mark=1142 drop=0
[QUEUE_STATS] t_ms=16224 q_pkts=4 q_bytes=6016 qdelay_l_ms=0.708231 qdelay_c_ms=0.70261 ecn_mark=1144 drop=0
[QUEUE_STATS] t_ms=16240 q_pkts=4 q_bytes=6016 qdelay_l_ms=0.715304 qdelay_c_ms=0.709754 ecn_mark=1144 drop=0
[QUEUE_STATS] t_ms=16257 q_pkts=2 q_bytes=3008 qdelay_l_ms=0 qdelay_c_ms=1.08632 ecn_mark=1144 drop=0
[QUEUE_STATS] t_ms=16272 q_pkts=5 q_bytes=7520 qdelay_l_ms=1.08077 qdelay_c_ms=2.21052 ecn_mark=1145 drop=0
[QUEUE_STATS] t_ms=16288 q_pkts=5 q_bytes=7520 qdelay_l_ms=1.06705 qdelay_c_ms=2.14651 ecn_mark=1145 drop=0
[QUEUE_STATS] t_ms=16304 q_pkts=7 q_bytes=10528 qdelay_l_ms=1.11175 qdelay_c_ms=1.89592 ecn_mark=1146 drop=0
[QUEUE_STATS] t_ms=16320 q_pkts=5 q_bytes=7520 qdelay_l_ms=1.05788 qdelay_c_ms=1.05113 ecn_mark=1146 drop=0
[QUEUE_STATS] t_ms=16336 q_pkts=4 q_bytes=6016 qdelay_l_ms=1.06696 qdelay_c_ms=1.08415 ecn_mark=1147 drop=0
[QUEUE_STATS] t_ms=16352 q_pkts=9 q_bytes=13536 qdelay_l_ms=0.788091 qdelay_c_ms=2.8457 ecn_mark=1148 drop=0
[QUEUE_STATS] t_ms=16368 q_pkts=5 q_bytes=7520 qdelay_l_ms=1.10781 qdelay_c_ms=1.10137 ecn_mark=1149 drop=0
[QUEUE_STATS] t_ms=16384 q_pkts=4 q_bytes=6016 qdelay_l_ms=0.446209 qdelay_c_ms=0.462991 ecn_mark=1149 drop=0
[QUEUE_STATS] t_ms=16400 q_pkts=2 q_bytes=3008 qdelay_l_ms=1.05383 qdelay_c_ms=1.04869 ecn_mark=1152 drop=0
[QUEUE_STATS] t_ms=16416 q_pkts=3 q_bytes=4512 qdelay_l_ms=1.08187 qdelay_c_ms=1.07559 ecn_mark=1152 drop=0
[QUEUE_STATS] t_ms=16432 q_pkts=2 q_bytes=3008 qdelay_l_ms=0 qdelay_c_ms=0.019767 ecn_mark=1153 drop=0
[QUEUE_STATS] t_ms=16448 q_pkts=4 q_bytes=6016 qdelay_l_ms=1.0666 qdelay_c_ms=2.15189 ecn_mark=1153 drop=0
[QUEUE_STATS] t_ms=16464 q_pkts=4 q_bytes=6016 qdelay_l_ms=1.08023 qdelay_c_ms=1.07315 ecn_mark=1154 drop=0
[QUEUE_STATS] t_ms=16481 q_pkts=5 q_bytes=7520 qdelay_l_ms=1.0961 qdelay_c_ms=1.08914 ecn_mark=1155 drop=0
[QUEUE_STATS] t_ms=16496 q_pkts=4 q_bytes=6016 qdelay_l_ms=1.01588 qdelay_c_ms=1.00496 ecn_mark=1157 drop=0
[QUEUE_STATS] t_ms=16512 q_pkts=3 q_bytes=4512 qdelay_l_ms=1.05198 qdelay_c_ms=1.0717 ecn_mark=1158 drop=0
[QUEUE_STATS] t_ms=16528 q_pkts=1 q_bytes=1504 qdelay_l_ms=0.670369 qdelay_c_ms=0 ecn_mark=1160 drop=0
[QUEUE_STATS] t_ms=16544 q_pkts=6 q_bytes=9024 qdelay_l_ms=1.05835 qdelay_c_ms=1.0529 ecn_mark=1160 drop=0
[QUEUE_STATS] t_ms=16560 q_pkts=7 q_bytes=10528 qdelay_l_ms=1.06216 qdelay_c_ms=2.15995 ecn_mark=1162 drop=0
[QUEUE_STATS] t_ms=16576 q_pkts=2 q_bytes=3008 qdelay_l_ms=1.06227 qdelay_c_ms=1.62398 ecn_mark=1162 drop=0
[QUEUE_STATS] t_ms=16592 q_pkts=4 q_bytes=6016 qdelay_l_ms=0.547448 qdelay_c_ms=0.541948 ecn_mark=1163 drop=0
[QUEUE_STATS] t_ms=16608 q_pkts=3 q_bytes=4512 qdelay_l_ms=1.06194 qdelay_c_ms=1.08293 ecn_mark=1163 drop=0
[QUEUE_STATS] t_ms=16624 q_pkts=4 q_bytes=6016 qdelay_l_ms=1.09056 qdelay_c_ms=1.084 ecn_mark=1164 drop=0
[QUEUE_STATS] t_ms=16641 q_pkts=3 q_bytes=4512 qdelay_l_ms=1.09939 qdelay_c_ms=1.09321 ecn_mark=1165 drop=0
[QUEUE_STATS] t_ms=16656 q_pkts=5 q_bytes=7520 qdelay_l_ms=1.00992 qdelay_c_ms=1.00351 ecn_mark=1168 drop=0
[QUEUE_STATS] t_ms=16672 q_pkts=3 q_bytes=4512 qdelay_l_ms=1.03146 qdelay_c_ms=1.02655 ecn_mark=1168 drop=0
[QUEUE_STATS] t_ms=16688 q_pkts=8 q_bytes=12032 qdelay_l_ms=0.762393 qdelay_c_ms=1.79284 ecn_mark=1168 drop=0
[QUEUE_STATS] t_ms=16704 q_pkts=2 q_bytes=3008 qdelay_l_ms=1.05836 qdelay_c_ms=1.0527 ecn_mark=1169 drop=0
[QUEUE_STATS] t_ms=16720 q_pkts=0 q_bytes=0 qdelay_l_ms=0 qdelay_c_ms=0 ecn_mark=1173 drop=0
[QUEUE_STATS] t_ms=16736 q_pkts=4 q_bytes=6016 qdelay_l_ms=1.06863 qdelay_c_ms=1.06272 ecn_mark=1173 drop=0
[QUEUE_STATS] t_ms=16752 q_pkts=5 q_bytes=7520 qdelay_l_ms=1.06112 qdelay_c_ms=2.18243 ecn_mark=1175 drop=0
[QUEUE_STATS] t_ms=16768 q_pkts=5 q_bytes=7520 qdelay_l_ms=1.06123 qdelay_c_ms=1.08299 ecn_mark=1175 drop=0
[QUEUE_STATS] t_ms=16785 q_pkts=2 q_bytes=3008 qdelay_l_ms=0 qdelay_c_ms=1.08417 ecn_mark=1176 drop=0
[QUEUE_STATS] t_ms=16800 q_pkts=2 q_bytes=3008 qdelay_l_ms=0 qdelay_c_ms=0.999138 ecn_mark=1176 drop=0
[QUEUE_STATS] t_ms=16816 q_pkts=3 q_bytes=4512 qdelay_l_ms=0.944164 qdelay_c_ms=0.938904 ecn_mark=1176 drop=0
[QUEUE_STATS] t_ms=16832 q_pkts=3 q_bytes=4512 qdelay_l_ms=0.795395 qdelay_c_ms=0.788722 ecn_mark=1176 drop=0
[QUEUE_STATS] t_ms=16849 q_pkts=5 q_bytes=7520 qdelay_l_ms=1.09493 qdelay_c_ms=1.08825 ecn_mark=1176 drop=0
[QUEUE_STATS] t_ms=16864 q_pkts=5 q_bytes=7520 qdelay_l_ms=0.869665 qdelay_c_ms=1.96589 ecn_mark=1178 drop=0
[QUEUE_STATS] t_ms=16880 q_pkts=5 q_bytes=7520 qdelay_l_ms=0.523564 qdelay_c_ms=1.64796 ecn_mark=1178 drop=0
[QUEUE_STATS] t_ms=16897 q_pkts=2 q_bytes=3008 qdelay_l_ms=0 qdelay_c_ms=1.06605 ecn_mark=1178 drop=0
[QUEUE_STATS] t_ms=16912 q_pkts=5 q_bytes=7520 qdelay_l_ms=1.09279 qdelay_c_ms=1.8485 ecn_mark=1178 drop=0
[QUEUE_STATS] t_ms=16928 q_pkts=4 q_bytes=6016 qdelay_l_ms=1.01736 qdelay_c_ms=1.012 ecn_mark=1179 drop=0
[QUEUE_STATS] t_ms=16944 q_pkts=6 q_bytes=9024 qdelay_l_ms=1.08933 qdelay_c_ms=1.08386 ecn_mark=1181 drop=0
[QUEUE_STATS] t_ms=16960 q_pkts=1 q_bytes=1504 qdelay_l_ms=1.06248 qdelay_c_ms=0 ecn_mark=1183 drop=0
[QUEUE_STATS] t_ms=16976 q_pkts=6 q_bytes=9024 qdelay_l_ms=0.900333 qdelay_c_ms=0.894922 ecn_mark=1185 drop=0
[QUEUE_STATS] t_ms=16992 q_pkts=3 q_bytes=4512 qdelay_l_ms=1.06349 qdelay_c_ms=2.14615 ecn_mark=1185 drop=0
[QUEUE_STATS] t_ms=17008 q_pkts=2 q_bytes=3008 qdelay_l_ms=0 qdelay_c_ms=1.08033 ecn_mark=1186 drop=0
[QUEUE_STATS] t_ms=17024 q_pkts=0 q_bytes=0 qdelay_l_ms=0 qdelay_c_ms=0 ecn_mark=1187 drop=0
[QUEUE_STATS] t_ms=17040 q_pkts=6 q_bytes=9024 qdelay_l_ms=1.10465 qdelay_c_ms=1.09782 ecn_mark=1190 drop=0
[QUEUE_STATS] t_ms=17056 q_pkts=1 q_bytes=1504 qdelay_l_ms=1.07493 qdelay_c_ms=0 ecn_mark=1193 drop=0
[QUEUE_STATS] t_ms=17072 q_pkts=5 q_bytes=7520 qdelay_l_ms=1.08538 qdelay_c_ms=1.0789 ecn_mark=1193 drop=0
[QUEUE_STATS] t_ms=17088 q_pkts=2 q_bytes=3008 qdelay_l_ms=1.07228 qdelay_c_ms=0 ecn_mark=1196 drop=0
[QUEUE_STATS] t_ms=17104 q_pkts=3 q_bytes=4512 qdelay_l_ms=0.957089 qdelay_c_ms=1.97854 ecn_mark=1196 drop=0
[QUEUE_STATS] t_ms=17120 q_pkts=6 q_bytes=9024 qdelay_l_ms=1.07269 qdelay_c_ms=1.83628 ecn_mark=1197 drop=0
[QUEUE_STATS] t_ms=17136 q_pkts=3 q_bytes=4512 qdelay_l_ms=0.93661 qdelay_c_ms=1.94934 ecn_mark=1198 drop=0
[QUEUE_STATS] t_ms=17152 q_pkts=2 q_bytes=3008 qdelay_l_ms=0.775979 qdelay_c_ms=0.78174 ecn_mark=1199 drop=0
[QUEUE_STATS] t_ms=17168 q_pkts=6 q_bytes=9024 qdelay_l_ms=0.631157 qdelay_c_ms=2.22235 ecn_mark=1200 drop=0
[QUEUE_STATS] t_ms=17184 q_pkts=3 q_bytes=4512 qdelay_l_ms=1.06354 qdelay_c_ms=1.08235 ecn_mark=1202 drop=0
[QUEUE_STATS] t_ms=17200 q_pkts=4 q_bytes=6016 qdelay_l_ms=1.09628 qdelay_c_ms=1.08918 ecn_mark=1202 drop=0
[QUEUE_STATS] t_ms=17216 q_pkts=5 q_bytes=7520 qdelay_l_ms=1.0252 qdelay_c_ms=1.05889 ecn_mark=1205 drop=0
[QUEUE_STATS] t_ms=17232 q_pkts=4 q_bytes=6016 qdelay_l_ms=1.06707 qdelay_c_ms=1.08298 ecn_mark=1206 drop=0
[QUEUE_STATS] t_ms=17248 q_pkts=6 q_bytes=9024 qdelay_l_ms=1.06728 qdelay_c_ms=1.88327 ecn_mark=1206 drop=0
[QUEUE_STATS] t_ms=17264 q_pkts=4 q_bytes=6016 qdelay_l_ms=1.0614 qdelay_c_ms=1.05639 ecn_mark=1207 drop=0
[QUEUE_STATS] t_ms=17280 q_pkts=3 q_bytes=4512 qdelay_l_ms=1.06348 qdelay_c_ms=1.08474 ecn_mark=1207 drop=0
[QUEUE_STATS] t_ms=17296 q_pkts=6 q_bytes=9024 qdelay_l_ms=1.09082 qdelay_c_ms=2.1455 ecn_mark=1207 drop=0
[QUEUE_STATS] t_ms=17313 q_pkts=3 q_bytes=4512 qdelay_l_ms=1.07619 qdelay_c_ms=1.07073 ecn_mark=1208 drop=0
[QUEUE_STATS] t_ms=17328 q_pkts=4 q_bytes=6016 qdelay_l_ms=1.08223 qdelay_c_ms=1.68574 ecn_mark=1209 drop=0
[QUEUE_STATS] t_ms=17344 q_pkts=5 q_bytes=7520 qdelay_l_ms=1.09587 qdelay_c_ms=1.08925 ecn_mark=1209 drop=0
[QUEUE_STATS] t_ms=17360 q_pkts=6 q_bytes=9024 qdelay_l_ms=1.09992 qdelay_c_ms=1.09264 ecn_mark=1211 drop=0
[QUEUE_STATS] t_ms=17376 q_pkts=5 q_bytes=7520 qdelay_l_ms=1.04418 qdelay_c_ms=2.2093 ecn_mark=1212 drop=0
[QUEUE_STATS] t_ms=17392 q_pkts=2 q_bytes=3008 qdelay_l_ms=1.07723 qdelay_c_ms=0 ecn_mark=1214 drop=0
[QUEUE_STATS] t_ms=17408 q_pkts=6 q_bytes=9024 qdelay_l_ms=1.09203 qdelay_c_ms=1.08568 ecn_mark=1215 drop=0
[QUEUE_STATS] t_ms=17424 q_pkts=5 q_bytes=7520 qdelay_l_ms=1.09266 qdelay_c_ms=1.0858 ecn_mark=1216 drop=0
[QUEUE_STATS] t_ms=17440 q_pkts=4 q_bytes=6016 qdelay_l_ms=1.0626 qdelay_c_ms=1.05658 ecn_mark=1218 drop=0
[QUEUE_STATS] t_ms=17456 q_pkts=5 q_bytes=7520 qdelay_l_ms=1.07283 qdelay_c_ms=2.05009 ecn_mark=1219 drop=0
[QUEUE_STATS] t_ms=17472 q_pkts=5 q_bytes=7520 qdelay_l_ms=1.07278 qdelay_c_ms=1.06524 ecn_mark=1219 drop=0
[QUEUE_STATS] t_ms=17488 q_pkts=4 q_bytes=6016 qdelay_l_ms=1.0147 qdelay_c_ms=1.00816 ecn_mark=1219 drop=0
[QUEUE_STATS] t_ms=17504 q_pkts=5 q_bytes=7520 qdelay_l_ms=1.04059 qdelay_c_ms=1.06238 ecn_mark=1220 drop=0
[QUEUE_STATS] t_ms=17521 q_pkts=3 q_bytes=4512 qdelay_l_ms=1.07746 qdelay_c_ms=1.09682 ecn_mark=1221 drop=0
[QUEUE_STATS] t_ms=17536 q_pkts=3 q_bytes=4512 qdelay_l_ms=0.831643 qdelay_c_ms=1.8358 ecn_mark=1221 drop=0
[QUEUE_STATS] t_ms=17552 q_pkts=3 q_bytes=4512 qdelay_l_ms=1.01388 qdelay_c_ms=1.00704 ecn_mark=1221 drop=0
[QUEUE_STATS] t_ms=17568 q_pkts=5 q_bytes=7520 qdelay_l_ms=1.03591 qdelay_c_ms=1.84187 ecn_mark=1223 drop=0
[QUEUE_STATS] t_ms=17584 q_pkts=6 q_bytes=9024 qdelay_l_ms=1.03042 qdelay_c_ms=1.02513 ecn_mark=1224 drop=0
[QUEUE_STATS] t_ms=17601 q_pkts=4 q_bytes=6016 qdelay_l_ms=0 qdelay_c_ms=1.0977 ecn_mark=1225 drop=0
[QUEUE_STATS] t_ms=17616 q_pkts=3 q_bytes=4512 qdelay_l_ms=1.02089 qdelay_c_ms=1.01287 ecn_mark=1225 drop=0
[QUEUE_STATS] t_ms=17632 q_pkts=5 q_bytes=7520 qdelay_l_ms=0 qdelay_c_ms=2.11365 ecn_mark=1226 drop=0
[QUEUE_STATS] t_ms=17648 q_pkts=3 q_bytes=4512 qdelay_l_ms=1.07184 qdelay_c_ms=1.06667 ecn_mark=1228 drop=0
[QUEUE_STATS] t_ms=17664 q_pkts=3 q_bytes=4512 qdelay_l_ms=1.04208 qdelay_c_ms=1.06658 ecn_mark=1230 drop=0
[QUEUE_STATS] t_ms=17680 q_pkts=6 q_bytes=9024 qdelay_l_ms=1.06534 qdelay_c_ms=2.20006 ecn_mark=1231 drop=0
[QUEUE_STATS] t_ms=17696 q_pkts=6 q_bytes=9024 qdelay_l_ms=1.0805 qdelay_c_ms=2.13076 ecn_mark=1233 drop=0
[QUEUE_STATS] t_ms=17713 q_pkts=2 q_bytes=3008 qdelay_l_ms=1.06581 qdelay_c_ms=0 ecn_mark=1234 drop=0
[QUEUE_STATS] t_ms=17728 q_pkts=4 q_bytes=6016 qdelay_l_ms=1.03131 qdelay_c_ms=1.82197 ecn_mark=1237 drop=0
[QUEUE_STATS] t_ms=17744 q_pkts=4 q_bytes=6016 qdelay_l_ms=1.06731 qdelay_c_ms=1.06098 ecn_mark=1238 drop=0
[QUEUE_STATS] t_ms=17760 q_pkts=4 q_bytes=6016 qdelay_l_ms=1.04939 qdelay_c_ms=2.14023 ecn_mark=1239 drop=0
[QUEUE_STATS] t_ms=17777 q_pkts=3 q_bytes=4512 qdelay_l_ms=1.07791 qdelay_c_ms=1.10076 ecn_mark=1239 drop=0
[QUEUE_STATS] t_ms=17793 q_pkts=4 q_bytes=6016 qdelay_l_ms=1.09323 qdelay_c_ms=1.08639 ecn_mark=1239 drop=0
[QUEUE_STATS] t_ms=17809 q_pkts=6 q_bytes=9024 qdelay_l_ms=1.06018 qdelay_c_ms=1.87631 ecn_mark=1240 drop=0
[QUEUE_STATS] t_ms=17824 q_pkts=3 q_bytes=4512 qdelay_l_ms=1.09316 qdelay_c_ms=1.08497 ecn_mark=1242 drop=0
[QUEUE_STATS] t_ms=17840 q_pkts=6 q_bytes=9024 qdelay_l_ms=0 qdelay_c_ms=1.35791 ecn_mark=1244 drop=0
[QUEUE_STATS] t_ms=17856 q_pkts=7 q_bytes=10528 qdelay_l_ms=1.08741 qdelay_c_ms=3.02835 ecn_mark=1245 drop=0
[QUEUE_STATS] t_ms=17872 q_pkts=4 q_bytes=6016 qdelay_l_ms=1.06591 qdelay_c_ms=2.11933 ecn_mark=1247 drop=0
[QUEUE_STATS] t_ms=17889 q_pkts=7 q_bytes=10528 qdelay_l_ms=1.09779 qdelay_c_ms=1.91312 ecn_mark=1247 drop=0
[QUEUE_STATS] t_ms=17905 q_pkts=3 q_bytes=4512 qdelay_l_ms=0 qdelay_c_ms=1.10304 ecn_mark=1247 drop=0
[QUEUE_STATS] t_ms=17921 q_pkts=2 q_bytes=3008 qdelay_l_ms=1.06203 qdelay_c_ms=2.16995 ecn_mark=1247 drop=0
[QUEUE_STATS] t_ms=17936 q_pkts=5 q_bytes=7520 qdelay_l_ms=0 qdelay_c_ms=0.850648 ecn_mark=1248 drop=0
[QUEUE_STATS] t_ms=17952 q_pkts=5 q_bytes=7520 qdelay_l_ms=0.762453 qdelay_c_ms=0.757394 ecn_mark=1248 drop=0
[QUEUE_STATS] t_ms=17968 q_pkts=5 q_bytes=7520 qdelay_l_ms=1.0633 qdelay_c_ms=1.08538 ecn_mark=1250 drop=0
[QUEUE_STATS] t_ms=17985 q_pkts=6 q_bytes=9024 qdelay_l_ms=1.10239 qdelay_c_ms=1.09534 ecn_mark=1251 drop=0
[QUEUE_STATS] t_ms=18000 q_pkts=3 q_bytes=4512 qdelay_l_ms=1.02988 qdelay_c_ms=1.02459 ecn_mark=1251 drop=0
[QUEUE_STATS] t_ms=18016 q_pkts=5 q_bytes=7520 qdelay_l_ms=1.05929 qdelay_c_ms=2.15767 ecn_mark=1251 drop=0
[QUEUE_STATS] t_ms=18032 q_pkts=8 q_bytes=12032 qdelay_l_ms=0.9153 qdelay_c_ms=1.6436 ecn_mark=1252 drop=0
[QUEUE_STATS] t_ms=18049 q_pkts=1 q_bytes=1504 qdelay_l_ms=1.08997 qdelay_c_ms=0 ecn_mark=1255 drop=0
[QUEUE_STATS] t_ms=18064 q_pkts=7 q_bytes=10528 qdelay_l_ms=1.08291 qdelay_c_ms=1.62436 ecn_mark=1256 drop=0
[QUEUE_STATS] t_ms=18080 q_pkts=3 q_bytes=4512 qdelay_l_ms=0 qdelay_c_ms=1.07245 ecn_mark=1257 drop=0
[QUEUE_STATS] t_ms=18096 q_pkts=3 q_bytes=4512 qdelay_l_ms=1.08384 qdelay_c_ms=1.07802 ecn_mark=1257 drop=0
[QUEUE_STATS] t_ms=18112 q_pkts=4 q_bytes=6016 qdelay_l_ms=1.08377 qdelay_c_ms=2.14557 ecn_mark=1257 drop=0
[QUEUE_STATS] t_ms=18128 q_pkts=3 q_bytes=4512 qdelay_l_ms=0.926832 qdelay_c_ms=0.921612 ecn_mark=1257 drop=0
[QUEUE_STATS] t_ms=18144 q_pkts=3 q_bytes=4512 qdelay_l_ms=1.09181 qdelay_c_ms=1.08543 ecn_mark=1257 drop=0
[QUEUE_STATS] t_ms=18161 q_pkts=2 q_bytes=3008 qdelay_l_ms=1.09104 qdelay_c_ms=1.90004 ecn_mark=1258 drop=0
[QUEUE_STATS] t_ms=18176 q_pkts=3 q_bytes=4512 qdelay_l_ms=1.0677 qdelay_c_ms=1.06159 ecn_mark=1261 drop=0
[QUEUE_STATS] t_ms=18192 q_pkts=3 q_bytes=4512 qdelay_l_ms=1.06176 qdelay_c_ms=1.07263 ecn_mark=1261 drop=0
[QUEUE_STATS] t_ms=18208 q_pkts=3 q_bytes=4512 qdelay_l_ms=1.08402 qdelay_c_ms=1.07716 ecn_mark=1262 drop=0
[QUEUE_STATS] t_ms=18224 q_pkts=3 q_bytes=4512 qdelay_l_ms=1.08674 qdelay_c_ms=1.07972 ecn_mark=1263 drop=0
[QUEUE_STATS] t_ms=18240 q_pkts=3 q_bytes=4512 qdelay_l_ms=1.04057 qdelay_c_ms=1.06431 ecn_mark=1265 drop=0
[QUEUE_STATS] t_ms=18256 q_pkts=2 q_bytes=3008 qdelay_l_ms=1.05684 qdelay_c_ms=1.06257 ecn_mark=1265 drop=0
[QUEUE_STATS] t_ms=18272 q_pkts=4 q_bytes=6016 qdelay_l_ms=1.09379 qdelay_c_ms=1.08539 ecn_mark=1267 drop=0
[QUEUE_STATS] t_ms=18288 q_pkts=3 q_bytes=4512 qdelay_l_ms=0.459334 qdelay_c_ms=0.453112 ecn_mark=1267 drop=0
[QUEUE_STATS] t_ms=18304 q_pkts=3 q_bytes=4512 qdelay_l_ms=0.828948 qdelay_c_ms=0.849647 ecn_mark=1267 drop=0
[QUEUE_STATS] t_ms=18320 q_pkts=3 q_bytes=4512 qdelay_l_ms=1.0879 qdelay_c_ms=1.08078 ecn_mark=1267 drop=0
[QUEUE_STATS] t_ms=18336 q_pkts=4 q_bytes=6016 qdelay_l_ms=1.03234 qdelay_c_ms=1.02687 ecn_mark=1267 drop=0
[QUEUE_STATS] t_ms=18352 q_pkts=4 q_bytes=6016 qdelay_l_ms=1.07228 qdelay_c_ms=1.06633 ecn_mark=1269 drop=0
[QUEUE_STATS] t_ms=18368 q_pkts=3 q_bytes=4512 qdelay_l_ms=1.09191 qdelay_c_ms=1.89555 ecn_mark=1270 drop=0
[QUEUE_STATS] t_ms=18384 q_pkts=2 q_bytes=3008 qdelay_l_ms=0 qdelay_c_ms=1.08157 ecn_mark=1271 drop=0
[QUEUE_STATS] t_ms=18400 q_pkts=2 q_bytes=3008 qdelay_l_ms=1.07287 qdelay_c_ms=2.08712 ecn_mark=1272 drop=0
[QUEUE_STATS] t_ms=18416 q_pkts=3 q_bytes=4512 qdelay_l_ms=1.07318 qdelay_c_ms=1.06699 ecn_mark=1272 drop=0
[QUEUE_STATS] t_ms=18432 q_pkts=3 q_bytes=4512 qdelay_l_ms=1.05548 qdelay_c_ms=1.07343 ecn_mark=1274 drop=0
[QUEUE_STATS] t_ms=18448 q_pkts=2 q_bytes=3008 qdelay_l_ms=1.06697 qdelay_c_ms=1.08207 ecn_mark=1275 drop=0
[QUEUE_STATS] t_ms=18464 q_pkts=1 q_bytes=1504 qdelay_l_ms=1.08606 qdelay_c_ms=0 ecn_mark=1277 drop=0
[QUEUE_STATS] t_ms=18480 q_pkts=2 q_bytes=3008 qdelay_l_ms=0 qdelay_c_ms=1.06401 ecn_mark=1278 drop=0
[QUEUE_STATS] t_ms=18496 q_pkts=5 q_bytes=7520 qdelay_l_ms=1.09922 qdelay_c_ms=1.09273 ecn_mark=1279 drop=0
[QUEUE_STATS] t_ms=18512 q_pkts=2 q_bytes=3008 qdelay_l_ms=1.08088 qdelay_c_ms=0 ecn_mark=1281 drop=0
[QUEUE_STATS] t_ms=18528 q_pkts=6 q_bytes=9024 qdelay_l_ms=0.807978 qdelay_c_ms=0.801396 ecn_mark=1282 drop=0
[QUEUE_STATS] t_ms=18544 q_pkts=3 q_bytes=4512 qdelay_l_ms=1.06889 qdelay_c_ms=1.06377 ecn_mark=1283 drop=0
[QUEUE_STATS] t_ms=18560 q_pkts=5 q_bytes=7520 qdelay_l_ms=0.83548 qdelay_c_ms=0.82988 ecn_mark=1283 drop=0
[QUEUE_STATS] t_ms=18576 q_pkts=3 q_bytes=4512 qdelay_l_ms=1.07675 qdelay_c_ms=1.07095 ecn_mark=1285 drop=0
[QUEUE_STATS] t_ms=18592 q_pkts=5 q_bytes=7520 qdelay_l_ms=1.06448 qdelay_c_ms=1.08634 ecn_mark=1285 drop=0
[QUEUE_STATS] t_ms=18608 q_pkts=3 q_bytes=4512 qdelay_l_ms=0 qdelay_c_ms=1.07147 ecn_mark=1286 drop=0
[QUEUE_STATS] t_ms=18624 q_pkts=4 q_bytes=6016 qdelay_l_ms=1.08631 qdelay_c_ms=1.58648 ecn_mark=1286 drop=0
[QUEUE_STATS] t_ms=18640 q_pkts=4 q_bytes=6016 qdelay_l_ms=1.02264 qdelay_c_ms=1.01795 ecn_mark=1286 drop=0
[QUEUE_STATS] t_ms=18656 q_pkts=4 q_bytes=6016 qdelay_l_ms=0 qdelay_c_ms=1.09097 ecn_mark=1288 drop=0
[QUEUE_STATS] t_ms=18672 q_pkts=5 q_bytes=7520 qdelay_l_ms=1.06628 qdelay_c_ms=1.88553 ecn_mark=1289 drop=0
[QUEUE_STATS] t_ms=18688 q_pkts=5 q_bytes=7520 qdelay_l_ms=0.811685 qdelay_c_ms=0.804772 ecn_mark=1289 drop=0
[QUEUE_STATS] t_ms=18704 q_pkts=5 q_bytes=7520 qdelay_l_ms=0.999188 qdelay_c_ms=1.59443 ecn_mark=1291 drop=0
[QUEUE_STATS] t_ms=18720 q_pkts=4 q_bytes=6016 qdelay_l_ms=1.06003 qdelay_c_ms=2.18287 ecn_mark=1293 drop=0
[QUEUE_STATS] t_ms=18736 q_pkts=5 q_bytes=7520 qdelay_l_ms=0.804532 qdelay_c_ms=0.83503 ecn_mark=1293 drop=0
[QUEUE_STATS] t_ms=18752 q_pkts=4 q_bytes=6016 qdelay_l_ms=1.05394 qdelay_c_ms=2.16917 ecn_mark=1293 drop=0
[QUEUE_STATS] t_ms=18768 q_pkts=5 q_bytes=7520 qdelay_l_ms=1.01803 qdelay_c_ms=1.03879 ecn_mark=1293 drop=0
[QUEUE_STATS] t_ms=18785 q_pkts=1 q_bytes=1504 qdelay_l_ms=1.07307 qdelay_c_ms=0 ecn_mark=1293 drop=0
[QUEUE_STATS] t_ms=18800 q_pkts=0 q_bytes=0 qdelay_l_ms=0 qdelay_c_ms=0 ecn_mark=1296 drop=0
[QUEUE_STATS] t_ms=18816 q_pkts=4 q_bytes=6016 qdelay_l_ms=1.03511 qdelay_c_ms=1.02954 ecn_mark=1296 drop=0
[QUEUE_STATS] t_ms=18833 q_pkts=3 q_bytes=4512 qdelay_l_ms=1.06016 qdelay_c_ms=1.05443 ecn_mark=1296 drop=0
[QUEUE_STATS] t_ms=18848 q_pkts=4 q_bytes=6016 qdelay_l_ms=1.06188 qdelay_c_ms=2.18114 ecn_mark=1297 drop=0
[QUEUE_STATS] t_ms=18864 q_pkts=3 q_bytes=4512 qdelay_l_ms=1.06665 qdelay_c_ms=1.09011 ecn_mark=1297 drop=0
[QUEUE_STATS] t_ms=18880 q_pkts=3 q_bytes=4512 qdelay_l_ms=1.06834 qdelay_c_ms=2.18534 ecn_mark=1297 drop=0
[QUEUE_STATS] t_ms=18896 q_pkts=8 q_bytes=12032 qdelay_l_ms=1.04902 qdelay_c_ms=1.04383 ecn_mark=1297 drop=0
[QUEUE_STATS] t_ms=18913 q_pkts=5 q_bytes=7520 qdelay_l_ms=1.0742 qdelay_c_ms=1.10237 ecn_mark=1297 drop=0
[QUEUE_STATS] t_ms=18928 q_pkts=3 q_bytes=4512 qdelay_l_ms=1.06419 qdelay_c_ms=1.08131 ecn_mark=1297 drop=0
[QUEUE_STATS] t_ms=18944 q_pkts=5 q_bytes=7520 qdelay_l_ms=1.04884 qdelay_c_ms=1.04267 ecn_mark=1297 drop=0
[QUEUE_STATS] t_ms=18960 q_pkts=3 q_bytes=4512 qdelay_l_ms=1.06235 qdelay_c_ms=2.1996 ecn_mark=1297 drop=0
[QUEUE_STATS] t_ms=18976 q_pkts=4 q_bytes=6016 qdelay_l_ms=1.08527 qdelay_c_ms=1.07861 ecn_mark=1297 drop=0
[QUEUE_STATS] t_ms=18992 q_pkts=7 q_bytes=10528 qdelay_l_ms=1.05952 qdelay_c_ms=1.09565 ecn_mark=1301 drop=0
[QUEUE_STATS] t_ms=19008 q_pkts=2 q_bytes=3008 qdelay_l_ms=0 qdelay_c_ms=1.12555 ecn_mark=1302 drop=0
[QUEUE_STATS] t_ms=19024 q_pkts=6 q_bytes=9024 qdelay_l_ms=1.09356 qdelay_c_ms=1.08817 ecn_mark=1302 drop=0
[QUEUE_STATS] t_ms=19040 q_pkts=6 q_bytes=9024 qdelay_l_ms=1.03008 qdelay_c_ms=1.07069 ecn_mark=1302 drop=0
[QUEUE_STATS] t_ms=19056 q_pkts=5 q_bytes=7520 qdelay_l_ms=1.06343 qdelay_c_ms=2.18558 ecn_mark=1305 drop=0
[QUEUE_STATS] t_ms=19073 q_pkts=4 q_bytes=6016 qdelay_l_ms=1.08002 qdelay_c_ms=1.07432 ecn_mark=1305 drop=0
[QUEUE_STATS] t_ms=19088 q_pkts=4 q_bytes=6016 qdelay_l_ms=1.05069 qdelay_c_ms=1.04448 ecn_mark=1306 drop=0
[QUEUE_STATS] t_ms=19104 q_pkts=1 q_bytes=1504 qdelay_l_ms=1.07814 qdelay_c_ms=0 ecn_mark=1306 drop=0
[QUEUE_STATS] t_ms=19120 q_pkts=2 q_bytes=3008 qdelay_l_ms=0 qdelay_c_ms=0.791769 ecn_mark=1308 drop=0
[QUEUE_STATS] t_ms=19136 q_pkts=2 q_bytes=3008 qdelay_l_ms=1.06431 qdelay_c_ms=0 ecn_mark=1309 drop=0
[QUEUE_STATS] t_ms=19152 q_pkts=3 q_bytes=4512 qdelay_l_ms=1.05708 qdelay_c_ms=1.06837 ecn_mark=1309 drop=0
[QUEUE_STATS] t_ms=19168 q_pkts=3 q_bytes=4512 qdelay_l_ms=1.04867 qdelay_c_ms=1.07376 ecn_mark=1310 drop=0
[QUEUE_STATS] t_ms=19184 q_pkts=5 q_bytes=7520 qdelay_l_ms=1.06623 qdelay_c_ms=2.10954 ecn_mark=1311 drop=0
[QUEUE_STATS] t_ms=19200 q_pkts=5 q_bytes=7520 qdelay_l_ms=0.737396 qdelay_c_ms=0.767973 ecn_mark=1311 drop=0
[QUEUE_STATS] t_ms=19216 q_pkts=2 q_bytes=3008 qdelay_l_ms=0.026179 qdelay_c_ms=0.019447 ecn_mark=1312 drop=0
[QUEUE_STATS] t_ms=19232 q_pkts=3 q_bytes=4512 qdelay_l_ms=1.0101 qdelay_c_ms=1.02132 ecn_mark=1312 drop=0
[QUEUE_STATS] t_ms=19248 q_pkts=4 q_bytes=6016 qdelay_l_ms=1.08991 qdelay_c_ms=1.08327 ecn_mark=1313 drop=0
[QUEUE_STATS] t_ms=19264 q_pkts=3 q_bytes=4512 qdelay_l_ms=1.06458 qdelay_c_ms=1.08163 ecn_mark=1313 drop=0
[QUEUE_STATS] t_ms=19280 q_pkts=3 q_bytes=4512 qdelay_l_ms=1.06408 qdelay_c_ms=1.08821 ecn_mark=1313 drop=0
[QUEUE_STATS] t_ms=19296 q_pkts=3 q_bytes=4512 qdelay_l_ms=1.06387 qdelay_c_ms=2.18125 ecn_mark=1314 drop=0
[QUEUE_STATS] t_ms=19312 q_pkts=5 q_bytes=7520 qdelay_l_ms=1.08884 qdelay_c_ms=1.08271 ecn_mark=1315 drop=0
[QUEUE_STATS] t_ms=19328 q_pkts=0 q_bytes=0 qdelay_l_ms=0 qdelay_c_ms=0 ecn_mark=1317 drop=0
[QUEUE_STATS] t_ms=19344 q_pkts=4 q_bytes=6016 qdelay_l_ms=1.05069 qdelay_c_ms=2.97251 ecn_mark=1319 drop=0
[QUEUE_STATS] t_ms=19360 q_pkts=5 q_bytes=7520 qdelay_l_ms=1.08125 qdelay_c_ms=1.07539 ecn_mark=1320 drop=0
[QUEUE_STATS] t_ms=19376 q_pkts=6 q_bytes=9024 qdelay_l_ms=1.06579 qdelay_c_ms=2.1946 ecn_mark=1321 drop=0
[QUEUE_STATS] t_ms=19393 q_pkts=3 q_bytes=4512 qdelay_l_ms=1.06538 qdelay_c_ms=1.09163 ecn_mark=1323 drop=0
[QUEUE_STATS] t_ms=19408 q_pkts=3 q_bytes=4512 qdelay_l_ms=1.07686 qdelay_c_ms=1.09722 ecn_mark=1325 drop=0
[QUEUE_STATS] t_ms=19424 q_pkts=5 q_bytes=7520 qdelay_l_ms=1.07958 qdelay_c_ms=1.07294 ecn_mark=1325 drop=0
[QUEUE_STATS] t_ms=19440 q_pkts=1 q_bytes=1504 qdelay_l_ms=0.763265 qdelay_c_ms=0 ecn_mark=1326 drop=0
[QUEUE_STATS] t_ms=19456 q_pkts=5 q_bytes=7520 qdelay_l_ms=1.06306 qdelay_c_ms=1.84431 ecn_mark=1327 drop=0
[QUEUE_STATS] t_ms=19472 q_pkts=0 q_bytes=0 qdelay_l_ms=0 qdelay_c_ms=0 ecn_mark=1327 drop=0
[QUEUE_STATS] t_ms=19488 q_pkts=1 q_bytes=1504 qdelay_l_ms=1.03875 qdelay_c_ms=0 ecn_mark=1328 drop=0
[QUEUE_STATS] t_ms=19504 q_pkts=6 q_bytes=9024 qdelay_l_ms=1.07242 qdelay_c_ms=1.06707 ecn_mark=1328 drop=0
[QUEUE_STATS] t_ms=19520 q_pkts=4 q_bytes=6016 qdelay_l_ms=0 qdelay_c_ms=0.838617 ecn_mark=1329 drop=0
[QUEUE_STATS] t_ms=19536 q_pkts=3 q_bytes=4512 qdelay_l_ms=0 qdelay_c_ms=0.778323 ecn_mark=1329 drop=0
[QUEUE_STATS] t_ms=19552 q_pkts=3 q_bytes=4512 qdelay_l_ms=1.05181 qdelay_c_ms=1.076 ecn_mark=1330 drop=0
[QUEUE_STATS] t_ms=19568 q_pkts=5 q_bytes=7520 qdelay_l_ms=1.04091 qdelay_c_ms=1.0352 ecn_mark=1330 drop=0
[QUEUE_STATS] t_ms=19584 q_pkts=3 q_bytes=4512 qdelay_l_ms=0.77162 qdelay_c_ms=0.794413 ecn_mark=1331 drop=0
[QUEUE_STATS] t_ms=19600 q_pkts=0 q_bytes=0 qdelay_l_ms=0 qdelay_c_ms=0 ecn_mark=1332 drop=0
[QUEUE_STATS] t_ms=19616 q_pkts=5 q_bytes=7520 qdelay_l_ms=1.02088 qdelay_c_ms=1.044 ecn_mark=1332 drop=0
[QUEUE_STATS] t_ms=19632 q_pkts=3 q_bytes=4512 qdelay_l_ms=1.06395 qdelay_c_ms=1.08989 ecn_mark=1333 drop=0
[QUEUE_STATS] t_ms=19649 q_pkts=5 q_bytes=7520 qdelay_l_ms=1.09122 qdelay_c_ms=1.83597 ecn_mark=1333 drop=0
[QUEUE_STATS] t_ms=19664 q_pkts=5 q_bytes=7520 qdelay_l_ms=1.06348 qdelay_c_ms=1.09617 ecn_mark=1334 drop=0
[QUEUE_STATS] t_ms=19680 q_pkts=4 q_bytes=6016 qdelay_l_ms=0 qdelay_c_ms=0.821895 ecn_mark=1335 drop=0
[QUEUE_STATS] t_ms=19696 q_pkts=2 q_bytes=3008 qdelay_l_ms=0 qdelay_c_ms=1.11594 ecn_mark=1335 drop=0
[QUEUE_STATS] t_ms=19712 q_pkts=0 q_bytes=0 qdelay_l_ms=0 qdelay_c_ms=0 ecn_mark=1336 drop=0
[QUEUE_STATS] t_ms=19728 q_pkts=2 q_bytes=3008 qdelay_l_ms=1.07671 qdelay_c_ms=1.0706 ecn_mark=1336 drop=0
[QUEUE_STATS] t_ms=19744 q_pkts=5 q_bytes=7520 qdelay_l_ms=1.03099 qdelay_c_ms=1.06027 ecn_mark=1336 drop=0
[QUEUE_STATS] t_ms=19760 q_pkts=4 q_bytes=6016 qdelay_l_ms=0.798952 qdelay_c_ms=0.793021 ecn_mark=1338 drop=0
[QUEUE_STATS] t_ms=19776 q_pkts=6 q_bytes=9024 qdelay_l_ms=1.03272 qdelay_c_ms=1.05259 ecn_mark=1338 drop=0
[QUEUE_STATS] t_ms=19792 q_pkts=4 q_bytes=6016 qdelay_l_ms=1.07534 qdelay_c_ms=2.18689 ecn_mark=1339 drop=0
[QUEUE_STATS] t_ms=19808 q_pkts=6 q_bytes=9024 qdelay_l_ms=1.06558 qdelay_c_ms=1.81733 ecn_mark=1340 drop=0
[QUEUE_STATS] t_ms=19824 q_pkts=4 q_bytes=6016 qdelay_l_ms=1.02591 qdelay_c_ms=2.14434 ecn_mark=1341 drop=0
[QUEUE_STATS] t_ms=19840 q_pkts=5 q_bytes=7520 qdelay_l_ms=1.04525 qdelay_c_ms=1.04013 ecn_mark=1342 drop=0
[QUEUE_STATS] t_ms=19856 q_pkts=4 q_bytes=6016 qdelay_l_ms=1.05487 qdelay_c_ms=1.04884 ecn_mark=1342 drop=0
[QUEUE_STATS] t_ms=19873 q_pkts=5 q_bytes=7520 qdelay_l_ms=1.09388 qdelay_c_ms=1.83171 ecn_mark=1344 drop=0
[QUEUE_STATS] t_ms=19888 q_pkts=4 q_bytes=6016 qdelay_l_ms=1.05975 qdelay_c_ms=2.17677 ecn_mark=1346 drop=0
[QUEUE_STATS] t_ms=19904 q_pkts=3 q_bytes=4512 qdelay_l_ms=1.05912 qdelay_c_ms=1.08238 ecn_mark=1346 drop=0
[QUEUE_STATS] t_ms=19920 q_pkts=4 q_bytes=6016 qdelay_l_ms=1.08643 qdelay_c_ms=1.08031 ecn_mark=1347 drop=0
[QUEUE_STATS] t_ms=19936 q_pkts=4 q_bytes=6016 qdelay_l_ms=1.07929 qdelay_c_ms=1.82723 ecn_mark=1349 drop=0
[QUEUE_STATS] t_ms=19952 q_pkts=2 q_bytes=3008 qdelay_l_ms=1.06174 qdelay_c_ms=2.18968 ecn_mark=1349 drop=0
[QUEUE_STATS] t_ms=19968 q_pkts=2 q_bytes=3008 qdelay_l_ms=0 qdelay_c_ms=1.4463 ecn_mark=1349 drop=0
[QUEUE_STATS] t_ms=19984 q_pkts=3 q_bytes=4512 qdelay_l_ms=1.06755 qdelay_c_ms=1.08311 ecn_mark=1350 drop=0
[QUEUE_STATS] t_ms=20000 q_pkts=5 q_bytes=7520 qdelay_l_ms=1.09191 qdelay_c_ms=1.78052 ecn_mark=1350 drop=0
[QUEUE_STATS] t_ms=20016 q_pkts=4 q_bytes=6016 qdelay_l_ms=0.413397 qdelay_c_ms=1.46514 ecn_mark=1352 drop=0
[QUEUE_STATS] t_ms=20032 q_pkts=4 q_bytes=6016 qdelay_l_ms=0.817787 qdelay_c_ms=0.811876 ecn_mark=1352 drop=0
[QUEUE_STATS] t_ms=20048 q_pkts=6 q_bytes=9024 qdelay_l_ms=1.08906 qdelay_c_ms=1.80124 ecn_mark=1352 drop=0
[QUEUE_STATS] t_ms=20064 q_pkts=5 q_bytes=7520 qdelay_l_ms=1.04677 qdelay_c_ms=1.0679 ecn_mark=1353 drop=0
[QUEUE_STATS] t_ms=20080 q_pkts=5 q_bytes=7520 qdelay_l_ms=1.03812 qdelay_c_ms=1.03228 ecn_mark=1354 drop=0
[QUEUE_STATS] t_ms=20096 q_pkts=5 q_bytes=7520 qdelay_l_ms=1.09657 qdelay_c_ms=1.50058 ecn_mark=1355 drop=0
[QUEUE_STATS] t_ms=20112 q_pkts=1 q_bytes=1504 qdelay_l_ms=0.015429 qdelay_c_ms=0 ecn_mark=1356 drop=0
[QUEUE_STATS] t_ms=20128 q_pkts=4 q_bytes=6016 qdelay_l_ms=1.06791 qdelay_c_ms=2.18255 ecn_mark=1357 drop=0
[QUEUE_STATS] t_ms=20145 q_pkts=7 q_bytes=10528 qdelay_l_ms=1.06467 qdelay_c_ms=1.11272 ecn_mark=1359 drop=0
[QUEUE_STATS] t_ms=20160 q_pkts=3 q_bytes=4512 qdelay_l_ms=1.08614 qdelay_c_ms=1.07991 ecn_mark=1360 drop=0
[QUEUE_STATS] t_ms=20176 q_pkts=5 q_bytes=7520 qdelay_l_ms=0.958903 qdelay_c_ms=0.980323 ecn_mark=1360 drop=0
[QUEUE_STATS] t_ms=20192 q_pkts=7 q_bytes=10528 qdelay_l_ms=1.08815 qdelay_c_ms=1.97788 ecn_mark=1361 drop=0
[QUEUE_STATS] t_ms=20209 q_pkts=2 q_bytes=3008 qdelay_l_ms=1.08253 qdelay_c_ms=1.07561 ecn_mark=1362 drop=0
[QUEUE_STATS] t_ms=20224 q_pkts=6 q_bytes=9024 qdelay_l_ms=1.0781 qdelay_c_ms=2.16573 ecn_mark=1363 drop=0
[QUEUE_STATS] t_ms=20240 q_pkts=3 q_bytes=4512 qdelay_l_ms=1.06638 qdelay_c_ms=2.20994 ecn_mark=1365 drop=0
[QUEUE_STATS] t_ms=20256 q_pkts=2 q_bytes=3008 qdelay_l_ms=1.07114 qdelay_c_ms=2.13071 ecn_mark=1365 drop=0
[QUEUE_STATS] t_ms=20273 q_pkts=5 q_bytes=7520 qdelay_l_ms=1.09843 qdelay_c_ms=1.09218 ecn_mark=1365 drop=0
[QUEUE_STATS] t_ms=20288 q_pkts=2 q_bytes=3008 qdelay_l_ms=1.0763 qdelay_c_ms=1.65576 ecn_mark=1365 drop=0
[QUEUE_STATS] t_ms=20304 q_pkts=4 q_bytes=6016 qdelay_l_ms=1.08247 qdelay_c_ms=2.12749 ecn_mark=1366 drop=0
[QUEUE_STATS] t_ms=20320 q_pkts=5 q_bytes=7520 qdelay_l_ms=1.04464 qdelay_c_ms=1.0688 ecn_mark=1366 drop=0
[QUEUE_STATS] t_ms=20337 q_pkts=5 q_bytes=7520 qdelay_l_ms=1.09796 qdelay_c_ms=1.80027 ecn_mark=1368 drop=0
[QUEUE_STATS] t_ms=20352 q_pkts=0 q_bytes=0 qdelay_l_ms=0 qdelay_c_ms=0 ecn_mark=1370 drop=0
[QUEUE_STATS] t_ms=20368 q_pkts=3 q_bytes=4512 qdelay_l_ms=1.06298 qdelay_c_ms=1.07462 ecn_mark=1371 drop=0
[QUEUE_STATS] t_ms=20384 q_pkts=4 q_bytes=6016 qdelay_l_ms=0 qdelay_c_ms=1.08841 ecn_mark=1373 drop=0
[QUEUE_STATS] t_ms=20400 q_pkts=5 q_bytes=7520 qdelay_l_ms=0.975563 qdelay_c_ms=2.0983 ecn_mark=1374 drop=0
[QUEUE_STATS] t_ms=20416 q_pkts=3 q_bytes=4512 qdelay_l_ms=0.024807 qdelay_c_ms=0.019257 ecn_mark=1376 drop=0
[QUEUE_STATS] t_ms=20433 q_pkts=4 q_bytes=6016 qdelay_l_ms=1.09781 qdelay_c_ms=1.08859 ecn_mark=1376 drop=0
[QUEUE_STATS] t_ms=20448 q_pkts=5 q_bytes=7520 qdelay_l_ms=0 qdelay_c_ms=2.06715 ecn_mark=1377 drop=0
[QUEUE_STATS] t_ms=20464 q_pkts=5 q_bytes=7520 qdelay_l_ms=1.10544 qdelay_c_ms=1.09867 ecn_mark=1377 drop=0
[QUEUE_STATS] t_ms=20480 q_pkts=4 q_bytes=6016 qdelay_l_ms=1.09094 qdelay_c_ms=1.08351 ecn_mark=1377 drop=0
[QUEUE_STATS] t_ms=20496 q_pkts=5 q_bytes=7520 qdelay_l_ms=0.933194 qdelay_c_ms=0.955306 ecn_mark=1377 drop=0
[QUEUE_STATS] t_ms=20512 q_pkts=4 q_bytes=6016 qdelay_l_ms=1.09017 qdelay_c_ms=2.13217 ecn_mark=1379 drop=0
[QUEUE_STATS] t_ms=20528 q_pkts=6 q_bytes=9024 qdelay_l_ms=1.09905 qdelay_c_ms=2.18292 ecn_mark=1380 drop=0
[QUEUE_STATS] t_ms=20544 q_pkts=6 q_bytes=9024 qdelay_l_ms=1.09352 qdelay_c_ms=1.08728 ecn_mark=1380 drop=0
[QUEUE_STATS] t_ms=20560 q_pkts=6 q_bytes=9024 qdelay_l_ms=1.07666 qdelay_c_ms=1.06986 ecn_mark=1380 drop=0
[QUEUE_STATS] t_ms=20576 q_pkts=5 q_bytes=7520 qdelay_l_ms=1.11273 qdelay_c_ms=1.10498 ecn_mark=1382 drop=0
[QUEUE_STATS] t_ms=20592 q_pkts=5 q_bytes=7520 qdelay_l_ms=0.978078 qdelay_c_ms=2.08394 ecn_mark=1382 drop=0
[QUEUE_STATS] t_ms=20608 q_pkts=5 q_bytes=7520 qdelay_l_ms=1.07584 qdelay_c_ms=1.06881 ecn_mark=1383 drop=0
[QUEUE_STATS] t_ms=20624 q_pkts=3 q_bytes=4512 qdelay_l_ms=1.06174 qdelay_c_ms=1.08269 ecn_mark=1385 drop=0
[QUEUE_STATS] t_ms=20640 q_pkts=7 q_bytes=10528 qdelay_l_ms=1.12075 qdelay_c_ms=2.21798 ecn_mark=1387 drop=0
[QUEUE_STATS] t_ms=20656 q_pkts=0 q_bytes=0 qdelay_l_ms=0 qdelay_c_ms=0 ecn_mark=1387 drop=0
[QUEUE_STATS] t_ms=20672 q_pkts=5 q_bytes=7520 qdelay_l_ms=1.05415 qdelay_c_ms=1.04753 ecn_mark=1388 drop=0
[QUEUE_STATS] t_ms=20688 q_pkts=6 q_bytes=9024 qdelay_l_ms=1.06708 qdelay_c_ms=1.44331 ecn_mark=1388 drop=0
[QUEUE_STATS] t_ms=20704 q_pkts=6 q_bytes=9024 qdelay_l_ms=1.07842 qdelay_c_ms=1.07104 ecn_mark=1388 drop=0
[QUEUE_STATS] t_ms=20720 q_pkts=6 q_bytes=9024 qdelay_l_ms=1.07286 qdelay_c_ms=1.06758 ecn_mark=1389 drop=0
[QUEUE_STATS] t_ms=20736 q_pkts=4 q_bytes=6016 qdelay_l_ms=1.08039 qdelay_c_ms=2.15118 ecn_mark=1389 drop=0
[QUEUE_STATS] t_ms=20752 q_pkts=4 q_bytes=6016 qdelay_l_ms=0.952831 qdelay_c_ms=0.947491 ecn_mark=1389 drop=0
[QUEUE_STATS] t_ms=20768 q_pkts=6 q_bytes=9024 qdelay_l_ms=0.832084 qdelay_c_ms=0.861629 ecn_mark=1390 drop=0
[QUEUE_STATS] t_ms=20784 q_pkts=5 q_bytes=7520 qdelay_l_ms=1.06447 qdelay_c_ms=1.10007 ecn_mark=1392 drop=0
[QUEUE_STATS] t_ms=20800 q_pkts=3 q_bytes=4512 qdelay_l_ms=0.928836 qdelay_c_ms=0.939696 ecn_mark=1395 drop=0
[QUEUE_STATS] t_ms=20816 q_pkts=3 q_bytes=4512 qdelay_l_ms=1.07832 qdelay_c_ms=1.0726 ecn_mark=1395 drop=0
[QUEUE_STATS] t_ms=20832 q_pkts=8 q_bytes=12032 qdelay_l_ms=1.03462 qdelay_c_ms=2.13687 ecn_mark=1395 drop=0
[QUEUE_STATS] t_ms=20848 q_pkts=4 q_bytes=6016 qdelay_l_ms=1.06609 qdelay_c_ms=1.90032 ecn_mark=1395 drop=0
[QUEUE_STATS] t_ms=20864 q_pkts=6 q_bytes=9024 qdelay_l_ms=1.10149 qdelay_c_ms=2.14531 ecn_mark=1396 drop=0
[QUEUE_STATS] t_ms=20880 q_pkts=5 q_bytes=7520 qdelay_l_ms=1.0844 qdelay_c_ms=2.15027 ecn_mark=1396 drop=0
[QUEUE_STATS] t_ms=20896 q_pkts=5 q_bytes=7520 qdelay_l_ms=0.918116 qdelay_c_ms=0.912556 ecn_mark=1398 drop=0
[QUEUE_STATS] t_ms=20912 q_pkts=5 q_bytes=7520 qdelay_l_ms=1.0556 qdelay_c_ms=2.16079 ecn_mark=1398 drop=0
[QUEUE_STATS] t_ms=20928 q_pkts=6 q_bytes=9024 qdelay_l_ms=1.06201 qdelay_c_ms=2.135 ecn_mark=1399 drop=0
[QUEUE_STATS] t_ms=20944 q_pkts=0 q_bytes=0 qdelay_l_ms=0 qdelay_c_ms=0 ecn_mark=1402 drop=0
[QUEUE_STATS] t_ms=20961 q_pkts=5 q_bytes=7520 qdelay_l_ms=1.09715 qdelay_c_ms=1.09092 ecn_mark=1402 drop=0
[QUEUE_STATS] t_ms=20976 q_pkts=4 q_bytes=6016 qdelay_l_ms=1.00951 qdelay_c_ms=1.68335 ecn_mark=1403 drop=0
[QUEUE_STATS] t_ms=20992 q_pkts=2 q_bytes=3008 qdelay_l_ms=0 qdelay_c_ms=0.900001 ecn_mark=1406 drop=0
[QUEUE_STATS] t_ms=21008 q_pkts=4 q_bytes=6016 qdelay_l_ms=1.0909 qdelay_c_ms=1.08418 ecn_mark=1406 drop=0
[QUEUE_STATS] t_ms=21024 q_pkts=4 q_bytes=6016 qdelay_l_ms=1.08364 qdelay_c_ms=2.16122 ecn_mark=1407 drop=0
[QUEUE_STATS] t_ms=21040 q_pkts=4 q_bytes=6016 qdelay_l_ms=1.0613 qdelay_c_ms=2.13334 ecn_mark=1407 drop=0
[QUEUE_STATS] t_ms=21056 q_pkts=2 q_bytes=3008 qdelay_l_ms=0 qdelay_c_ms=0.03206 ecn_mark=1407 drop=0
[QUEUE_STATS] t_ms=21072 q_pkts=6 q_bytes=9024 qdelay_l_ms=1.06176 qdelay_c_ms=2.18863 ecn_mark=1409 drop=0
[QUEUE_STATS] t_ms=21088 q_pkts=2 q_bytes=3008 qdelay_l_ms=0 qdelay_c_ms=1.11853 ecn_mark=1409 drop=0
[QUEUE_STATS] t_ms=21104 q_pkts=4 q_bytes=6016 qdelay_l_ms=0 qdelay_c_ms=1.7508 ecn_mark=1411 drop=0
[QUEUE_STATS] t_ms=21120 q_pkts=5 q_bytes=7520 qdelay_l_ms=1.09765 qdelay_c_ms=1.09121 ecn_mark=1412 drop=0
[QUEUE_STATS] t_ms=21136 q_pkts=4 q_bytes=6016 qdelay_l_ms=1.09254 qdelay_c_ms=1.97393 ecn_mark=1413 drop=0
[QUEUE_STATS] t_ms=21153 q_pkts=3 q_bytes=4512 qdelay_l_ms=0 qdelay_c_ms=1.09471 ecn_mark=1415 drop=0
[QUEUE_STATS] t_ms=21168 q_pkts=4 q_bytes=6016 qdelay_l_ms=0.870747 qdelay_c_ms=1.98841 ecn_mark=1417 drop=0
[QUEUE_STATS] t_ms=21184 q_pkts=5 q_bytes=7520 qdelay_l_ms=1.06641 qdelay_c_ms=2.53328 ecn_mark=1419 drop=0
[QUEUE_STATS] t_ms=21200 q_pkts=6 q_bytes=9024 qdelay_l_ms=0 qdelay_c_ms=2.21847 ecn_mark=1420 drop=0
[QUEUE_STATS] t_ms=21216 q_pkts=4 q_bytes=6016 qdelay_l_ms=1.08453 qdelay_c_ms=1.9503 ecn_mark=1420 drop=0
[QUEUE_STATS] t_ms=21232 q_pkts=5 q_bytes=7520 qdelay_l_ms=1.09617 qdelay_c_ms=1.07896 ecn_mark=1423 drop=0
[QUEUE_STATS] t_ms=21248 q_pkts=2 q_bytes=3008 qdelay_l_ms=1.09154 qdelay_c_ms=1.45114 ecn_mark=1424 drop=0
[QUEUE_STATS] t_ms=21264 q_pkts=1 q_bytes=1504 qdelay_l_ms=0 qdelay_c_ms=1.11733 ecn_mark=1425 drop=0
[QUEUE_STATS] t_ms=21280 q_pkts=5 q_bytes=7520 qdelay_l_ms=1.06166 qdelay_c_ms=2.15622 ecn_mark=1428 drop=0
[QUEUE_STATS] t_ms=21296 q_pkts=7 q_bytes=10528 qdelay_l_ms=1.11742 qdelay_c_ms=1.48963 ecn_mark=1431 drop=0
[QUEUE_STATS] t_ms=21312 q_pkts=5 q_bytes=7520 qdelay_l_ms=0.910331 qdelay_c_ms=2.02282 ecn_mark=1431 drop=0
[QUEUE_STATS] t_ms=21328 q_pkts=6 q_bytes=9024 qdelay_l_ms=1.06098 qdelay_c_ms=2.17237 ecn_mark=1431 drop=0
[QUEUE_STATS] t_ms=21344 q_pkts=7 q_bytes=10528 qdelay_l_ms=1.00677 qdelay_c_ms=2.14577 ecn_mark=1431 drop=0
[QUEUE_STATS] t_ms=21360 q_pkts=5 q_bytes=7520 qdelay_l_ms=1.0636 qdelay_c_ms=1.94903 ecn_mark=1433 drop=0
[QUEUE_STATS] t_ms=21376 q_pkts=5 q_bytes=7520 qdelay_l_ms=1.07777 qdelay_c_ms=1.0719 ecn_mark=1434 drop=0
[QUEUE_STATS] t_ms=21392 q_pkts=5 q_bytes=7520 qdelay_l_ms=1.06705 qdelay_c_ms=2.76898 ecn_mark=1436 drop=0
[QUEUE_STATS] t_ms=21408 q_pkts=4 q_bytes=6016 qdelay_l_ms=1.10451 qdelay_c_ms=1.09788 ecn_mark=1437 drop=0
[QUEUE_STATS] t_ms=21424 q_pkts=4 q_bytes=6016 qdelay_l_ms=0.878652 qdelay_c_ms=2.00457 ecn_mark=1439 drop=0
[QUEUE_STATS] t_ms=21441 q_pkts=3 q_bytes=4512 qdelay_l_ms=0 qdelay_c_ms=1.09206 ecn_mark=1441 drop=0
[QUEUE_STATS] t_ms=21456 q_pkts=4 q_bytes=6016 qdelay_l_ms=1.0753 qdelay_c_ms=1.95824 ecn_mark=1442 drop=0
[QUEUE_STATS] t_ms=21472 q_pkts=5 q_bytes=7520 qdelay_l_ms=0.928294 qdelay_c_ms=0.922373 ecn_mark=1445 drop=0
[QUEUE_STATS] t_ms=21488 q_pkts=2 q_bytes=3008 qdelay_l_ms=0 qdelay_c_ms=0.0316 ecn_mark=1446 drop=0
[QUEUE_STATS] t_ms=21504 q_pkts=3 q_bytes=4512 qdelay_l_ms=1.05962 qdelay_c_ms=1.94899 ecn_mark=1449 drop=0
[QUEUE_STATS] t_ms=21520 q_pkts=2 q_bytes=3008 qdelay_l_ms=0 qdelay_c_ms=1.12702 ecn_mark=1449 drop=0
[QUEUE_STATS] t_ms=21536 q_pkts=2 q_bytes=3008 qdelay_l_ms=0.937181 qdelay_c_ms=0.932232 ecn_mark=1450 drop=0
[QUEUE_STATS] t_ms=21552 q_pkts=5 q_bytes=7520 qdelay_l_ms=0.879944 qdelay_c_ms=2.023 ecn_mark=1450 drop=0
[QUEUE_STATS] t_ms=21569 q_pkts=6 q_bytes=9024 qdelay_l_ms=1.09851 qdelay_c_ms=1.43875 ecn_mark=1451 drop=0
[QUEUE_STATS] t_ms=21584 q_pkts=4 q_bytes=6016 qdelay_l_ms=1.08005 qdelay_c_ms=1.07501 ecn_mark=1451 drop=0
[QUEUE_STATS] t_ms=21600 q_pkts=4 q_bytes=6016 qdelay_l_ms=1.06477 qdelay_c_ms=1.05834 ecn_mark=1451 drop=0
[QUEUE_STATS] t_ms=21616 q_pkts=4 q_bytes=6016 qdelay_l_ms=1.09329 qdelay_c_ms=1.08659 ecn_mark=1452 drop=0
[QUEUE_STATS] t_ms=21632 q_pkts=7 q_bytes=10528 qdelay_l_ms=0.694495 qdelay_c_ms=0.689266 ecn_mark=1453 drop=0
[QUEUE_STATS] t_ms=21648 q_pkts=3 q_bytes=4512 qdelay_l_ms=1.06618 qdelay_c_ms=1.08938 ecn_mark=1456 drop=0
[QUEUE_STATS] t_ms=21664 q_pkts=3 q_bytes=4512 qdelay_l_ms=1.06163 qdelay_c_ms=1.07249 ecn_mark=1457 drop=0
[QUEUE_STATS] t_ms=21680 q_pkts=3 q_bytes=4512 qdelay_l_ms=1.0664 qdelay_c_ms=1.09084 ecn_mark=1459 drop=0
[QUEUE_STATS] t_ms=21696 q_pkts=4 q_bytes=6016 qdelay_l_ms=0.990732 qdelay_c_ms=0.985091 ecn_mark=1459 drop=0
[QUEUE_STATS] t_ms=21712 q_pkts=2 q_bytes=3008 qdelay_l_ms=0 qdelay_c_ms=0.029926 ecn_mark=1459 drop=0
[QUEUE_STATS] t_ms=21728 q_pkts=3 q_bytes=4512 qdelay_l_ms=1.07356 qdelay_c_ms=1.06879 ecn_mark=1459 drop=0
[QUEUE_STATS] t_ms=21744 q_pkts=3 q_bytes=4512 qdelay_l_ms=0.913717 qdelay_c_ms=2.01454 ecn_mark=1459 drop=0
[QUEUE_STATS] t_ms=21760 q_pkts=3 q_bytes=4512 qdelay_l_ms=1.08813 qdelay_c_ms=1.08054 ecn_mark=1459 drop=0
[QUEUE_STATS] t_ms=21776 q_pkts=4 q_bytes=6016 qdelay_l_ms=1.09215 qdelay_c_ms=1.08575 ecn_mark=1460 drop=0
[QUEUE_STATS] t_ms=21793 q_pkts=3 q_bytes=4512 qdelay_l_ms=1.08762 qdelay_c_ms=1.08099 ecn_mark=1461 drop=0
[QUEUE_STATS] t_ms=21808 q_pkts=3 q_bytes=4512 qdelay_l_ms=1.06703 qdelay_c_ms=1.08964 ecn_mark=1463 drop=0
[QUEUE_STATS] t_ms=21824 q_pkts=6 q_bytes=9024 qdelay_l_ms=1.09987 qdelay_c_ms=1.09287 ecn_mark=1464 drop=0
[QUEUE_STATS] t_ms=21840 q_pkts=2 q_bytes=3008 qdelay_l_ms=1.05181 qdelay_c_ms=1.05882 ecn_mark=1465 drop=0
[QUEUE_STATS] t_ms=21856 q_pkts=3 q_bytes=4512 qdelay_l_ms=1.06756 qdelay_c_ms=1.0931 ecn_mark=1465 drop=0
[QUEUE_STATS] t_ms=21872 q_pkts=7 q_bytes=10528 qdelay_l_ms=1.09687 qdelay_c_ms=2.15775 ecn_mark=1465 drop=0
[QUEUE_STATS] t_ms=21888 q_pkts=2 q_bytes=3008 qdelay_l_ms=1.05469 qdelay_c_ms=1.07185 ecn_mark=1465 drop=0
[QUEUE_STATS] t_ms=21904 q_pkts=1 q_bytes=1504 qdelay_l_ms=0.014157 qdelay_c_ms=0 ecn_mark=1465 drop=0
[QUEUE_STATS] t_ms=21920 q_pkts=5 q_bytes=7520 qdelay_l_ms=1.06544 qdelay_c_ms=2.10193 ecn_mark=1466 drop=0
[QUEUE_STATS] t_ms=21936 q_pkts=2 q_bytes=3008 qdelay_l_ms=0.033833 qdelay_c_ms=0.02669 ecn_mark=1466 drop=0
[QUEUE_STATS] t_ms=21952 q_pkts=4 q_bytes=6016 qdelay_l_ms=1.05366 qdelay_c_ms=1.07652 ecn_mark=1466 drop=0
[QUEUE_STATS] t_ms=21968 q_pkts=3 q_bytes=4512 qdelay_l_ms=1.09397 qdelay_c_ms=1.08723 ecn_mark=1466 drop=0
[QUEUE_STATS] t_ms=21984 q_pkts=3 q_bytes=4512 qdelay_l_ms=1.04796 qdelay_c_ms=1.08406 ecn_mark=1468 drop=0
[QUEUE_STATS] t_ms=22001 q_pkts=3 q_bytes=4512 qdelay_l_ms=1.09021 qdelay_c_ms=1.08333 ecn_mark=1469 drop=0
[QUEUE_STATS] t_ms=22016 q_pkts=6 q_bytes=9024 qdelay_l_ms=1.03843 qdelay_c_ms=1.03235 ecn_mark=1470 drop=0
[QUEUE_STATS] t_ms=22032 q_pkts=4 q_bytes=6016 qdelay_l_ms=1.0468 qdelay_c_ms=1.04124 ecn_mark=1470 drop=0
[QUEUE_STATS] t_ms=22048 q_pkts=4 q_bytes=6016 qdelay_l_ms=1.07716 qdelay_c_ms=2.0664 ecn_mark=1470 drop=0
[QUEUE_STATS] t_ms=22064 q_pkts=4 q_bytes=6016 qdelay_l_ms=0.860578 qdelay_c_ms=1.96564 ecn_mark=1470 drop=0
[QUEUE_STATS] t_ms=22080 q_pkts=3 q_bytes=4512 qdelay_l_ms=1.05469 qdelay_c_ms=1.07897 ecn_mark=1471 drop=0
[QUEUE_STATS] t_ms=22096 q_pkts=3 q_bytes=4512 qdelay_l_ms=1.07283 qdelay_c_ms=1.9094 ecn_mark=1471 drop=0
[QUEUE_STATS] t_ms=22112 q_pkts=5 q_bytes=7520 qdelay_l_ms=1.07304 qdelay_c_ms=1.0662 ecn_mark=1472 drop=0
[QUEUE_STATS] t_ms=22128 q_pkts=6 q_bytes=9024 qdelay_l_ms=1.06912 qdelay_c_ms=1.06251 ecn_mark=1473 drop=0
[QUEUE_STATS] t_ms=22145 q_pkts=6 q_bytes=9024 qdelay_l_ms=1.06634 qdelay_c_ms=1.10232 ecn_mark=1475 drop=0
[QUEUE_STATS] t_ms=22161 q_pkts=4 q_bytes=6016 qdelay_l_ms=1.07256 qdelay_c_ms=1.09058 ecn_mark=1475 drop=0
[QUEUE_STATS] t_ms=22176 q_pkts=3 q_bytes=4512 qdelay_l_ms=1.05529 qdelay_c_ms=1.06559 ecn_mark=1476 drop=0
[QUEUE_STATS] t_ms=22192 q_pkts=3 q_bytes=4512 qdelay_l_ms=1.06102 qdelay_c_ms=1.07262 ecn_mark=1477 drop=0
[QUEUE_STATS] t_ms=22208 q_pkts=0 q_bytes=0 qdelay_l_ms=0 qdelay_c_ms=0 ecn_mark=1477 drop=0
[QUEUE_STATS] t_ms=22224 q_pkts=6 q_bytes=9024 qdelay_l_ms=0.848896 qdelay_c_ms=0.843516 ecn_mark=1477 drop=0
[QUEUE_STATS] t_ms=22240 q_pkts=3 q_bytes=4512 qdelay_l_ms=1.06431 qdelay_c_ms=1.07438 ecn_mark=1477 drop=0
[QUEUE_STATS] t_ms=22256 q_pkts=6 q_bytes=9024 qdelay_l_ms=1.10219 qdelay_c_ms=1.09517 ecn_mark=1478 drop=0
[QUEUE_STATS] t_ms=22272 q_pkts=2 q_bytes=3008 qdelay_l_ms=0.016842 qdelay_c_ms=0.011552 ecn_mark=1479 drop=0
[QUEUE_STATS] t_ms=22288 q_pkts=0 q_bytes=0 qdelay_l_ms=0 qdelay_c_ms=0 ecn_mark=1479 drop=0
[QUEUE_STATS] t_ms=22304 q_pkts=2 q_bytes=3008 qdelay_l_ms=0.028754 qdelay_c_ms=0.022342 ecn_mark=1479 drop=0
[QUEUE_STATS] t_ms=22320 q_pkts=2 q_bytes=3008 qdelay_l_ms=1.06884 qdelay_c_ms=1.06181 ecn_mark=1479 drop=0
[QUEUE_STATS] t_ms=22336 q_pkts=4 q_bytes=6016 qdelay_l_ms=1.09427 qdelay_c_ms=1.08732 ecn_mark=1479 drop=0
[QUEUE_STATS] t_ms=22353 q_pkts=4 q_bytes=6016 qdelay_l_ms=1.09434 qdelay_c_ms=1.08705 ecn_mark=1483 drop=0
[QUEUE_STATS] t_ms=22368 q_pkts=3 q_bytes=4512 qdelay_l_ms=1.06698 qdelay_c_ms=1.08646 ecn_mark=1485 drop=0
[QUEUE_STATS] t_ms=22384 q_pkts=5 q_bytes=7520 qdelay_l_ms=1.07897 qdelay_c_ms=2.12948 ecn_mark=1487 drop=0
[QUEUE_STATS] t_ms=22400 q_pkts=5 q_bytes=7520 qdelay_l_ms=1.08847 qdelay_c_ms=1.08145 ecn_mark=1487 drop=0
[QUEUE_STATS] t_ms=22416 q_pkts=3 q_bytes=4512 qdelay_l_ms=1.07364 qdelay_c_ms=1.09725 ecn_mark=1488 drop=0
[QUEUE_STATS] t_ms=22432 q_pkts=6 q_bytes=9024 qdelay_l_ms=1.0893 qdelay_c_ms=2.09233 ecn_mark=1489 drop=0
[QUEUE_STATS] t_ms=22448 q_pkts=3 q_bytes=4512 qdelay_l_ms=0 qdelay_c_ms=1.11395 ecn_mark=1490 drop=0
[QUEUE_STATS] t_ms=22464 q_pkts=5 q_bytes=7520 qdelay_l_ms=1.06181 qdelay_c_ms=2.15745 ecn_mark=1490 drop=0
[QUEUE_STATS] t_ms=22480 q_pkts=7 q_bytes=10528 qdelay_l_ms=1.11659 qdelay_c_ms=1.49121 ecn_mark=1490 drop=0
[QUEUE_STATS] t_ms=22496 q_pkts=4 q_bytes=6016 qdelay_l_ms=1.05634 qdelay_c_ms=1.83266 ecn_mark=1490 drop=0
[QUEUE_STATS] t_ms=22512 q_pkts=3 q_bytes=4512 qdelay_l_ms=1.07896 qdelay_c_ms=1.10434 ecn_mark=1492 drop=0
[QUEUE_STATS] t_ms=22528 q_pkts=7 q_bytes=10528 qdelay_l_ms=0.998366 qdelay_c_ms=3.21186 ecn_mark=1493 drop=0
[QUEUE_STATS] t_ms=22544 q_pkts=0 q_bytes=0 qdelay_l_ms=0 qdelay_c_ms=0 ecn_mark=1496 drop=0
[QUEUE_STATS] t_ms=22560 q_pkts=6 q_bytes=9024 qdelay_l_ms=0.981555 qdelay_c_ms=0.976355 ecn_mark=1497 drop=0
[QUEUE_STATS] t_ms=22576 q_pkts=7 q_bytes=10528 qdelay_l_ms=1.03274 qdelay_c_ms=2.9659 ecn_mark=1498 drop=0
[QUEUE_STATS] t_ms=22592 q_pkts=5 q_bytes=7520 qdelay_l_ms=1.09441 qdelay_c_ms=1.08754 ecn_mark=1499 drop=0
[QUEUE_STATS] t_ms=22608 q_pkts=4 q_bytes=6016 qdelay_l_ms=1.05876 qdelay_c_ms=1.08189 ecn_mark=1500 drop=0
[QUEUE_STATS] t_ms=22624 q_pkts=3 q_bytes=4512 qdelay_l_ms=0.981515 qdelay_c_ms=0.991293 ecn_mark=1501 drop=0
[QUEUE_STATS] t_ms=22640 q_pkts=5 q_bytes=7520 qdelay_l_ms=1.02625 qdelay_c_ms=1.06153 ecn_mark=1501 drop=0
[QUEUE_STATS] t_ms=22656 q_pkts=7 q_bytes=10528 qdelay_l_ms=0.962318 qdelay_c_ms=2.09043 ecn_mark=1503 drop=0
[QUEUE_STATS] t_ms=22673 q_pkts=6 q_bytes=9024 qdelay_l_ms=1.09783 qdelay_c_ms=1.09118 ecn_mark=1503 drop=0
[QUEUE_STATS] t_ms=22688 q_pkts=6 q_bytes=9024 qdelay_l_ms=1.10306 qdelay_c_ms=1.09558 ecn_mark=1503 drop=0
[QUEUE_STATS] t_ms=22704 q_pkts=6 q_bytes=9024 qdelay_l_ms=1.09227 qdelay_c_ms=2.07432 ecn_mark=1503 drop=0
[QUEUE_STATS] t_ms=22720 q_pkts=2 q_bytes=3008 qdelay_l_ms=0 qdelay_c_ms=1.16355 ecn_mark=1505 drop=0
[QUEUE_STATS] t_ms=22736 q_pkts=5 q_bytes=7520 qdelay_l_ms=1.08965 qdelay_c_ms=1.40115 ecn_mark=1505 drop=0
[QUEUE_STATS] t_ms=22752 q_pkts=5 q_bytes=7520 qdelay_l_ms=1.07156 qdelay_c_ms=2.21886 ecn_mark=1505 drop=0
[QUEUE_STATS] t_ms=22769 q_pkts=4 q_bytes=6016 qdelay_l_ms=1.06917 qdelay_c_ms=1.06398 ecn_mark=1506 drop=0
[QUEUE_STATS] t_ms=22785 q_pkts=3 q_bytes=4512 qdelay_l_ms=1.06686 qdelay_c_ms=1.08987 ecn_mark=1506 drop=0
[QUEUE_STATS] t_ms=22800 q_pkts=3 q_bytes=4512 qdelay_l_ms=1.08929 qdelay_c_ms=1.08258 ecn_mark=1508 drop=0
[QUEUE_STATS] t_ms=22816 q_pkts=5 q_bytes=7520 qdelay_l_ms=1.06813 qdelay_c_ms=1.10425 ecn_mark=1509 drop=0
[QUEUE_STATS] t_ms=22832 q_pkts=5 q_bytes=7520 qdelay_l_ms=1.05938 qdelay_c_ms=1.08013 ecn_mark=1509 drop=0
[QUEUE_STATS] t_ms=22849 q_pkts=5 q_bytes=7520 qdelay_l_ms=1.06981 qdelay_c_ms=1.83872 ecn_mark=1509 drop=0
[QUEUE_STATS] t_ms=22865 q_pkts=5 q_bytes=7520 qdelay_l_ms=1.09473 qdelay_c_ms=1.08862 ecn_mark=1509 drop=0
[QUEUE_STATS] t_ms=22880 q_pkts=5 q_bytes=7520 qdelay_l_ms=1.05182 qdelay_c_ms=1.07238 ecn_mark=1510 drop=0
[QUEUE_STATS] t_ms=22896 q_pkts=3 q_bytes=4512 qdelay_l_ms=1.0339 qdelay_c_ms=1.029 ecn_mark=1515 drop=0
[QUEUE_STATS] t_ms=22912 q_pkts=3 q_bytes=4512 qdelay_l_ms=1.08956 qdelay_c_ms=1.08256 ecn_mark=1515 drop=0
[QUEUE_STATS] t_ms=22928 q_pkts=2 q_bytes=3008 qdelay_l_ms=0.03188 qdelay_c_ms=0.024827 ecn_mark=1516 drop=0
[QUEUE_STATS] t_ms=22944 q_pkts=4 q_bytes=6016 qdelay_l_ms=1.07241 qdelay_c_ms=1.09436 ecn_mark=1516 drop=0
[QUEUE_STATS] t_ms=22960 q_pkts=5 q_bytes=7520 qdelay_l_ms=1.06636 qdelay_c_ms=2.19689 ecn_mark=1518 drop=0
[QUEUE_STATS] t_ms=22976 q_pkts=5 q_bytes=7520 qdelay_l_ms=0.916151 qdelay_c_ms=1.99859 ecn_mark=1519 drop=0
[QUEUE_STATS] t_ms=22992 q_pkts=5 q_bytes=7520 qdelay_l_ms=0.935198 qdelay_c_ms=0.928044 ecn_mark=1520 drop=0
[QUEUE_STATS] t_ms=23009 q_pkts=4 q_bytes=6016 qdelay_l_ms=1.08577 qdelay_c_ms=1.8035 ecn_mark=1520 drop=0
[QUEUE_STATS] t_ms=23024 q_pkts=6 q_bytes=9024 qdelay_l_ms=1.0656 qdelay_c_ms=1.06083 ecn_mark=1521 drop=0
[QUEUE_STATS] t_ms=23040 q_pkts=5 q_bytes=7520 qdelay_l_ms=0.033703 qdelay_c_ms=0.028433 ecn_mark=1522 drop=0
[QUEUE_STATS] t_ms=23056 q_pkts=6 q_bytes=9024 qdelay_l_ms=1.07129 qdelay_c_ms=2.05305 ecn_mark=1522 drop=0
[QUEUE_STATS] t_ms=23073 q_pkts=5 q_bytes=7520 qdelay_l_ms=1.09554 qdelay_c_ms=1.10256 ecn_mark=1523 drop=0
[QUEUE_STATS] t_ms=23088 q_pkts=3 q_bytes=4512 qdelay_l_ms=1.05259 qdelay_c_ms=1.07467 ecn_mark=1523 drop=0
[QUEUE_STATS] t_ms=23104 q_pkts=6 q_bytes=9024 qdelay_l_ms=1.09634 qdelay_c_ms=1.09002 ecn_mark=1525 drop=0
[QUEUE_STATS] t_ms=23120 q_pkts=4 q_bytes=6016 qdelay_l_ms=1.09305 qdelay_c_ms=1.08543 ecn_mark=1525 drop=0
[QUEUE_STATS] t_ms=23136 q_pkts=4 q_bytes=6016 qdelay_l_ms=1.06062 qdelay_c_ms=2.1687 ecn_mark=1525 drop=0
[QUEUE_STATS] t_ms=23152 q_pkts=6 q_bytes=9024 qdelay_l_ms=1.10541 qdelay_c_ms=1.0989 ecn_mark=1525 drop=0
[QUEUE_STATS] t_ms=23168 q_pkts=5 q_bytes=7520 qdelay_l_ms=1.02646 qdelay_c_ms=2.14733 ecn_mark=1525 drop=0
[QUEUE_STATS] t_ms=23184 q_pkts=7 q_bytes=10528 qdelay_l_ms=1.02499 qdelay_c_ms=1.35881 ecn_mark=1525 drop=0
[QUEUE_STATS] t_ms=23200 q_pkts=3 q_bytes=4512 qdelay_l_ms=0 qdelay_c_ms=2.0517 ecn_mark=1525 drop=0
[QUEUE_STATS] t_ms=23216 q_pkts=2 q_bytes=3008 qdelay_l_ms=0.029796 qdelay_c_ms=0.022161 ecn_mark=1525 drop=0
[QUEUE_STATS] t_ms=23233 q_pkts=4 q_bytes=6016 qdelay_l_ms=1.06739 qdelay_c_ms=2.00768 ecn_mark=1525 drop=0
[QUEUE_STATS] t_ms=23248 q_pkts=7 q_bytes=10528 qdelay_l_ms=1.02459 qdelay_c_ms=2.91314 ecn_mark=1525 drop=0
[QUEUE_STATS] t_ms=23264 q_pkts=5 q_bytes=7520 qdelay_l_ms=1.07625 qdelay_c_ms=1.07136 ecn_mark=1528 drop=0
[QUEUE_STATS] t_ms=23280 q_pkts=5 q_bytes=7520 qdelay_l_ms=1.0787 qdelay_c_ms=2.19103 ecn_mark=1530 drop=0
[QUEUE_STATS] t_ms=23296 q_pkts=3 q_bytes=4512 qdelay_l_ms=0 qdelay_c_ms=1.88416 ecn_mark=1530 drop=0
[QUEUE_STATS] t_ms=23312 q_pkts=4 q_bytes=6016 qdelay_l_ms=1.01642 qdelay_c_ms=2.16382 ecn_mark=1532 drop=0
[QUEUE_STATS] t_ms=23328 q_pkts=5 q_bytes=7520 qdelay_l_ms=1.08815 qdelay_c_ms=1.08258 ecn_mark=1534 drop=0
[QUEUE_STATS] t_ms=23344 q_pkts=5 q_bytes=7520 qdelay_l_ms=1.07433 qdelay_c_ms=2.22003 ecn_mark=1534 drop=0
[QUEUE_STATS] t_ms=23360 q_pkts=5 q_bytes=7520 qdelay_l_ms=1.07237 qdelay_c_ms=1.85505 ecn_mark=1534 drop=0
[QUEUE_STATS] t_ms=23377 q_pkts=5 q_bytes=7520 qdelay_l_ms=1.07893 qdelay_c_ms=1.8883 ecn_mark=1535 drop=0
[QUEUE_STATS] t_ms=23393 q_pkts=5 q_bytes=7520 qdelay_l_ms=1.08762 qdelay_c_ms=1.83494 ecn_mark=1535 drop=0
[QUEUE_STATS] t_ms=23408 q_pkts=6 q_bytes=9024 qdelay_l_ms=1.06941 qdelay_c_ms=2.1439 ecn_mark=1536 drop=0
[QUEUE_STATS] t_ms=23425 q_pkts=5 q_bytes=7520 qdelay_l_ms=1.11072 qdelay_c_ms=1.10368 ecn_mark=1538 drop=0
[QUEUE_STATS] t_ms=23441 q_pkts=4 q_bytes=6016 qdelay_l_ms=1.06314 qdelay_c_ms=1.84644 ecn_mark=1538 drop=0
[QUEUE_STATS] t_ms=23456 q_pkts=6 q_bytes=9024 qdelay_l_ms=1.07227 qdelay_c_ms=1.36968 ecn_mark=1538 drop=0
[QUEUE_STATS] t_ms=23472 q_pkts=6 q_bytes=9024 qdelay_l_ms=1.09285 qdelay_c_ms=2.15361 ecn_mark=1538 drop=0
[QUEUE_STATS] t_ms=23488 q_pkts=5 q_bytes=7520 qdelay_l_ms=1.07777 qdelay_c_ms=1.84005 ecn_mark=1540 drop=0
[QUEUE_STATS] t_ms=23504 q_pkts=6 q_bytes=9024 qdelay_l_ms=1.07364 qdelay_c_ms=1.86197 ecn_mark=1542 drop=0
[QUEUE_STATS] t_ms=23520 q_pkts=6 q_bytes=9024 qdelay_l_ms=1.09554 qdelay_c_ms=1.98934 ecn_mark=1542 drop=0
[QUEUE_STATS] t_ms=23537 q_pkts=3 q_bytes=4512 qdelay_l_ms=1.08192 qdelay_c_ms=1.08889 ecn_mark=1544 drop=0
[QUEUE_STATS] t_ms=23552 q_pkts=4 q_bytes=6016 qdelay_l_ms=1.06075 qdelay_c_ms=1.0716 ecn_mark=1544 drop=0
[QUEUE_STATS] t_ms=23568 q_pkts=4 q_bytes=6016 qdelay_l_ms=1.07088 qdelay_c_ms=1.0945 ecn_mark=1545 drop=0
[QUEUE_STATS] t_ms=23584 q_pkts=4 q_bytes=6016 qdelay_l_ms=1.06705 qdelay_c_ms=2.15032 ecn_mark=1547 drop=0
[QUEUE_STATS] t_ms=23600 q_pkts=6 q_bytes=9024 qdelay_l_ms=1.05216 qdelay_c_ms=2.12998 ecn_mark=1547 drop=0
[QUEUE_STATS] t_ms=23617 q_pkts=5 q_bytes=7520 qdelay_l_ms=1.07237 qdelay_c_ms=1.88725 ecn_mark=1548 drop=0
[QUEUE_STATS] t_ms=23632 q_pkts=4 q_bytes=6016 qdelay_l_ms=0.959624 qdelay_c_ms=0.953502 ecn_mark=1548 drop=0
[QUEUE_STATS] t_ms=23648 q_pkts=6 q_bytes=9024 qdelay_l_ms=1.0532 qdelay_c_ms=2.11762 ecn_mark=1548 drop=0
[QUEUE_STATS] t_ms=23665 q_pkts=4 q_bytes=6016 qdelay_l_ms=1.09385 qdelay_c_ms=1.0872 ecn_mark=1548 drop=0
[QUEUE_STATS] t_ms=23680 q_pkts=5 q_bytes=7520 qdelay_l_ms=1.04487 qdelay_c_ms=1.06702 ecn_mark=1549 drop=0
[QUEUE_STATS] t_ms=23696 q_pkts=6 q_bytes=9024 qdelay_l_ms=1.1025 qdelay_c_ms=1.09544 ecn_mark=1550 drop=0
[QUEUE_STATS] t_ms=23712 q_pkts=2 q_bytes=3008 qdelay_l_ms=0 qdelay_c_ms=1.06886 ecn_mark=1551 drop=0
[QUEUE_STATS] t_ms=23728 q_pkts=4 q_bytes=6016 qdelay_l_ms=1.08317 qdelay_c_ms=1.10679 ecn_mark=1552 drop=0
[QUEUE_STATS] t_ms=23745 q_pkts=4 q_bytes=6016 qdelay_l_ms=1.06258 qdelay_c_ms=2.18248 ecn_mark=1552 drop=0
[QUEUE_STATS] t_ms=23760 q_pkts=3 q_bytes=4512 qdelay_l_ms=1.10012 qdelay_c_ms=1.09322 ecn_mark=1552 drop=0
[QUEUE_STATS] t_ms=23776 q_pkts=5 q_bytes=7520 qdelay_l_ms=1.02566 qdelay_c_ms=2.14373 ecn_mark=1554 drop=0
[QUEUE_STATS] t_ms=23792 q_pkts=4 q_bytes=6016 qdelay_l_ms=1.07269 qdelay_c_ms=1.09605 ecn_mark=1555 drop=0
[QUEUE_STATS] t_ms=23808 q_pkts=4 q_bytes=6016 qdelay_l_ms=1.08251 qdelay_c_ms=1.0769 ecn_mark=1555 drop=0
[QUEUE_STATS] t_ms=23824 q_pkts=3 q_bytes=4512 qdelay_l_ms=1.08136 qdelay_c_ms=1.08881 ecn_mark=1556 drop=0
[QUEUE_STATS] t_ms=23840 q_pkts=4 q_bytes=6016 qdelay_l_ms=1.0941 qdelay_c_ms=1.08674 ecn_mark=1558 drop=0
[QUEUE_STATS] t_ms=23856 q_pkts=5 q_bytes=7520 qdelay_l_ms=1.07197 qdelay_c_ms=2.12584 ecn_mark=1561 drop=0
[QUEUE_STATS] t_ms=23872 q_pkts=3 q_bytes=4512 qdelay_l_ms=1.0591 qdelay_c_ms=1.08167 ecn_mark=1561 drop=0
[QUEUE_STATS] t_ms=23888 q_pkts=4 q_bytes=6016 qdelay_l_ms=1.07541 qdelay_c_ms=1.06997 ecn_mark=1561 drop=0
[QUEUE_STATS] t_ms=23904 q_pkts=5 q_bytes=7520 qdelay_l_ms=1.06396 qdelay_c_ms=1.78594 ecn_mark=1561 drop=0
[QUEUE_STATS] t_ms=23920 q_pkts=1 q_bytes=1504 qdelay_l_ms=0 qdelay_c_ms=1.14336 ecn_mark=1562 drop=0
[QUEUE_STATS] t_ms=23936 q_pkts=0 q_bytes=0 qdelay_l_ms=0 qdelay_c_ms=0 ecn_mark=1562 drop=0
[QUEUE_STATS] t_ms=23952 q_pkts=2 q_bytes=3008 qdelay_l_ms=0 qdelay_c_ms=2.19544 ecn_mark=1562 drop=0
[QUEUE_STATS] t_ms=23968 q_pkts=4 q_bytes=6016 qdelay_l_ms=1.06651 qdelay_c_ms=1.07733 ecn_mark=1565 drop=0
[QUEUE_STATS] t_ms=23984 q_pkts=3 q_bytes=4512 qdelay_l_ms=1.02982 qdelay_c_ms=1.02467 ecn_mark=1565 drop=0
[QUEUE_STATS] t_ms=24000 q_pkts=3 q_bytes=4512 qdelay_l_ms=1.03095 qdelay_c_ms=1.89469 ecn_mark=1566 drop=0
[QUEUE_STATS] t_ms=24016 q_pkts=3 q_bytes=4512 qdelay_l_ms=1.08542 qdelay_c_ms=1.07841 ecn_mark=1567 drop=0
[QUEUE_STATS] t_ms=24032 q_pkts=4 q_bytes=6016 qdelay_l_ms=1.03609 qdelay_c_ms=1.04684 ecn_mark=1568 drop=0
[QUEUE_STATS] t_ms=24048 q_pkts=2 q_bytes=3008 qdelay_l_ms=0.901715 qdelay_c_ms=0 ecn_mark=1569 drop=0
[QUEUE_STATS] t_ms=24065 q_pkts=4 q_bytes=6016 qdelay_l_ms=1.06703 qdelay_c_ms=2.17699 ecn_mark=1570 drop=0
[QUEUE_STATS] t_ms=24080 q_pkts=6 q_bytes=9024 qdelay_l_ms=1.08848 qdelay_c_ms=1.08341 ecn_mark=1571 drop=0
[QUEUE_STATS] t_ms=24096 q_pkts=4 q_bytes=6016 qdelay_l_ms=1.08333 qdelay_c_ms=1.07499 ecn_mark=1572 drop=0
[QUEUE_STATS] t_ms=24112 q_pkts=2 q_bytes=3008 qdelay_l_ms=0.031719 qdelay_c_ms=0.025137 ecn_mark=1575 drop=0
[QUEUE_STATS] t_ms=24128 q_pkts=0 q_bytes=0 qdelay_l_ms=0 qdelay_c_ms=0 ecn_mark=1576 drop=0
[QUEUE_STATS] t_ms=24144 q_pkts=3 q_bytes=4512 qdelay_l_ms=1.06728 qdelay_c_ms=2.17002 ecn_mark=1576 drop=0
[QUEUE_STATS] t_ms=24160 q_pkts=6 q_bytes=9024 qdelay_l_ms=1.06884 qdelay_c_ms=1.10044 ecn_mark=1577 drop=0
[QUEUE_STATS] t_ms=24176 q_pkts=5 q_bytes=7520 qdelay_l_ms=1.06181 qdelay_c_ms=1.08562 ecn_mark=1578 drop=0
[QUEUE_STATS] t_ms=24192 q_pkts=0 q_bytes=0 qdelay_l_ms=0 qdelay_c_ms=0 ecn_mark=1579 drop=0
[QUEUE_STATS] t_ms=24208 q_pkts=4 q_bytes=6016 qdelay_l_ms=1.07519 qdelay_c_ms=1.06992 ecn_mark=1579 drop=0
[QUEUE_STATS] t_ms=24224 q_pkts=3 q_bytes=4512 qdelay_l_ms=0 qdelay_c_ms=0.274817 ecn_mark=1580 drop=0
[QUEUE_STATS] t_ms=24240 q_pkts=2 q_bytes=3008 qdelay_l_ms=1.07607 qdelay_c_ms=0 ecn_mark=1581 drop=0
[QUEUE_STATS] t_ms=24256 q_pkts=6 q_bytes=9024 qdelay_l_ms=1.08135 qdelay_c_ms=1.85288 ecn_mark=1582 drop=0
[QUEUE_STATS] t_ms=24272 q_pkts=4 q_bytes=6016 qdelay_l_ms=1.07487 qdelay_c_ms=1.06937 ecn_mark=1583 drop=0
[QUEUE_STATS] t_ms=24289 q_pkts=5 q_bytes=7520 qdelay_l_ms=1.09828 qdelay_c_ms=1.09148 ecn_mark=1584 drop=0
[QUEUE_STATS] t_ms=24304 q_pkts=4 q_bytes=6016 qdelay_l_ms=1.04564 qdelay_c_ms=1.05709 ecn_mark=1584 drop=0
[QUEUE_STATS] t_ms=24320 q_pkts=4 q_bytes=6016 qdelay_l_ms=1.05131 qdelay_c_ms=1.0733 ecn_mark=1585 drop=0
[QUEUE_STATS] t_ms=24336 q_pkts=4 q_bytes=6016 qdelay_l_ms=1.07088 qdelay_c_ms=1.06504 ecn_mark=1585 drop=0
[QUEUE_STATS] t_ms=24352 q_pkts=4 q_bytes=6016 qdelay_l_ms=1.07558 qdelay_c_ms=1.07015 ecn_mark=1585 drop=0
[QUEUE_STATS] t_ms=24368 q_pkts=6 q_bytes=9024 qdelay_l_ms=1.02382 qdelay_c_ms=1.05898 ecn_mark=1586 drop=0
[QUEUE_STATS] t_ms=24385 q_pkts=6 q_bytes=9024 qdelay_l_ms=1.0638 qdelay_c_ms=1.09753 ecn_mark=1586 drop=0
[QUEUE_STATS] t_ms=24400 q_pkts=2 q_bytes=3008 qdelay_l_ms=1.08029 qdelay_c_ms=1.94583 ecn_mark=1587 drop=0
[QUEUE_STATS] t_ms=24417 q_pkts=4 q_bytes=6016 qdelay_l_ms=1.09408 qdelay_c_ms=1.08675 ecn_mark=1588 drop=0
[QUEUE_STATS] t_ms=24432 q_pkts=4 q_bytes=6016 qdelay_l_ms=1.0616 qdelay_c_ms=2.20586 ecn_mark=1589 drop=0
[QUEUE_STATS] t_ms=24448 q_pkts=4 q_bytes=6016 qdelay_l_ms=1.07334 qdelay_c_ms=1.09697 ecn_mark=1590 drop=0
[QUEUE_STATS] t_ms=24464 q_pkts=4 q_bytes=6016 qdelay_l_ms=1.03211 qdelay_c_ms=1.05818 ecn_mark=1591 drop=0
[QUEUE_STATS] t_ms=24480 q_pkts=4 q_bytes=6016 qdelay_l_ms=1.07949 qdelay_c_ms=1.07307 ecn_mark=1591 drop=0
[QUEUE_STATS] t_ms=24496 q_pkts=6 q_bytes=9024 qdelay_l_ms=1.02188 qdelay_c_ms=1.05632 ecn_mark=1593 drop=0
[QUEUE_STATS] t_ms=24512 q_pkts=5 q_bytes=7520 qdelay_l_ms=0.876427 qdelay_c_ms=0.870245 ecn_mark=1593 drop=0
[QUEUE_STATS] t_ms=24528 q_pkts=3 q_bytes=4512 qdelay_l_ms=1.06185 qdelay_c_ms=1.07277 ecn_mark=1594 drop=0
[QUEUE_STATS] t_ms=24544 q_pkts=5 q_bytes=7520 qdelay_l_ms=1.05413 qdelay_c_ms=1.08689 ecn_mark=1595 drop=0
[QUEUE_STATS] t_ms=24561 q_pkts=4 q_bytes=6016 qdelay_l_ms=1.06057 qdelay_c_ms=2.18162 ecn_mark=1596 drop=0
[QUEUE_STATS] t_ms=24576 q_pkts=3 q_bytes=4512 qdelay_l_ms=1.0645 qdelay_c_ms=1.07568 ecn_mark=1596 drop=0
[QUEUE_STATS] t_ms=24592 q_pkts=4 q_bytes=6016 qdelay_l_ms=1.09121 qdelay_c_ms=1.08478 ecn_mark=1596 drop=0
[QUEUE_STATS] t_ms=24608 q_pkts=6 q_bytes=9024 qdelay_l_ms=1.0306 qdelay_c_ms=2.18252 ecn_mark=1596 drop=0
[QUEUE_STATS] t_ms=24624 q_pkts=4 q_bytes=6016 qdelay_l_ms=1.0768 qdelay_c_ms=1.07154 ecn_mark=1597 drop=0
[QUEUE_STATS] t_ms=24640 q_pkts=5 q_bytes=7520 qdelay_l_ms=1.02315 qdelay_c_ms=1.03904 ecn_mark=1598 drop=0
[QUEUE_STATS] t_ms=24656 q_pkts=4 q_bytes=6016 qdelay_l_ms=1.0655 qdelay_c_ms=1.06023 ecn_mark=1599 drop=0
[QUEUE_STATS] t_ms=24672 q_pkts=5 q_bytes=7520 qdelay_l_ms=1.07474 qdelay_c_ms=2.19468 ecn_mark=1599 drop=0
[QUEUE_STATS] t_ms=24688 q_pkts=4 q_bytes=6016 qdelay_l_ms=1.09022 qdelay_c_ms=1.08347 ecn_mark=1599 drop=0
[QUEUE_STATS] t_ms=24704 q_pkts=6 q_bytes=9024 qdelay_l_ms=1.07852 qdelay_c_ms=1.10204 ecn_mark=1599 drop=0
[QUEUE_STATS] t_ms=24720 q_pkts=3 q_bytes=4512 qdelay_l_ms=0.828838 qdelay_c_ms=0.85122 ecn_mark=1601 drop=0
[QUEUE_STATS] t_ms=24736 q_pkts=6 q_bytes=9024 qdelay_l_ms=1.07078 qdelay_c_ms=1.06381 ecn_mark=1601 drop=0
[QUEUE_STATS] t_ms=24752 q_pkts=6 q_bytes=9024 qdelay_l_ms=1.06101 qdelay_c_ms=1.05551 ecn_mark=1601 drop=0
[QUEUE_STATS] t_ms=24768 q_pkts=6 q_bytes=9024 qdelay_l_ms=1.09454 qdelay_c_ms=1.08893 ecn_mark=1601 drop=0
[QUEUE_STATS] t_ms=24784 q_pkts=4 q_bytes=6016 qdelay_l_ms=1.07307 qdelay_c_ms=1.09174 ecn_mark=1602 drop=0
[QUEUE_STATS] t_ms=24801 q_pkts=4 q_bytes=6016 qdelay_l_ms=1.09284 qdelay_c_ms=1.08766 ecn_mark=1602 drop=0
[QUEUE_STATS] t_ms=24816 q_pkts=4 q_bytes=6016 qdelay_l_ms=1.08204 qdelay_c_ms=1.07703 ecn_mark=1602 drop=0
[QUEUE_STATS] t_ms=24832 q_pkts=4 q_bytes=6016 qdelay_l_ms=0.855969 qdelay_c_ms=1.94625 ecn_mark=1602 drop=0
[QUEUE_STATS] t_ms=24848 q_pkts=4 q_bytes=6016 qdelay_l_ms=1.07942 qdelay_c_ms=1.07398 ecn_mark=1603 drop=0
[QUEUE_STATS] t_ms=24864 q_pkts=5 q_bytes=7520 qdelay_l_ms=0.80869 qdelay_c_ms=1.90308 ecn_mark=1604 drop=0
[QUEUE_STATS] t_ms=24880 q_pkts=4 q_bytes=6016 qdelay_l_ms=1.06309 qdelay_c_ms=2.15132 ecn_mark=1604 drop=0
[QUEUE_STATS] t_ms=24896 q_pkts=6 q_bytes=9024 qdelay_l_ms=1.06601 qdelay_c_ms=1.05977 ecn_mark=1604 drop=0
[QUEUE_STATS] t_ms=24912 q_pkts=4 q_bytes=6016 qdelay_l_ms=1.06739 qdelay_c_ms=1.07826 ecn_mark=1605 drop=0
[QUEUE_STATS] t_ms=24928 q_pkts=4 q_bytes=6016 qdelay_l_ms=0.841131 qdelay_c_ms=1.91002 ecn_mark=1606 drop=0
[QUEUE_STATS] t_ms=24944 q_pkts=7 q_bytes=10528 qdelay_l_ms=1.07254 qdelay_c_ms=2.16191 ecn_mark=1608 drop=0
[QUEUE_STATS] t_ms=24961 q_pkts=5 q_bytes=7520 qdelay_l_ms=1.09185 qdelay_c_ms=2.13058 ecn_mark=1609 drop=0
[QUEUE_STATS] t_ms=24976 q_pkts=4 q_bytes=6016 qdelay_l_ms=0 qdelay_c_ms=1.08554 ecn_mark=1611 drop=0
[QUEUE_STATS] t_ms=24992 q_pkts=4 q_bytes=6016 qdelay_l_ms=1.07067 qdelay_c_ms=1.06515 ecn_mark=1611 drop=0
[QUEUE_STATS] t_ms=25008 q_pkts=4 q_bytes=6016 qdelay_l_ms=1.0456 qdelay_c_ms=1.03906 ecn_mark=1612 drop=0
[QUEUE_STATS] t_ms=25024 q_pkts=4 q_bytes=6016 qdelay_l_ms=1.08846 qdelay_c_ms=1.07281 ecn_mark=1612 drop=0
[QUEUE_STATS] t_ms=25040 q_pkts=4 q_bytes=6016 qdelay_l_ms=1.09839 qdelay_c_ms=1.36952 ecn_mark=1613 drop=0
[QUEUE_STATS] t_ms=25056 q_pkts=5 q_bytes=7520 qdelay_l_ms=1.01566 qdelay_c_ms=1.00924 ecn_mark=1614 drop=0
[QUEUE_STATS] t_ms=25072 q_pkts=6 q_bytes=9024 qdelay_l_ms=1.08123 qdelay_c_ms=1.07058 ecn_mark=1616 drop=0
[QUEUE_STATS] t_ms=25088 q_pkts=4 q_bytes=6016 qdelay_l_ms=1.0917 qdelay_c_ms=1.07852 ecn_mark=1618 drop=0
[QUEUE_STATS] t_ms=25104 q_pkts=6 q_bytes=9024 qdelay_l_ms=1.1178 qdelay_c_ms=2.2054 ecn_mark=1619 drop=0
[QUEUE_STATS] t_ms=25120 q_pkts=5 q_bytes=7520 qdelay_l_ms=0.038602 qdelay_c_ms=1.13007 ecn_mark=1622 drop=0
[QUEUE_STATS] t_ms=25136 q_pkts=5 q_bytes=7520 qdelay_l_ms=1.06393 qdelay_c_ms=1.05349 ecn_mark=1622 drop=0
[QUEUE_STATS] t_ms=25152 q_pkts=4 q_bytes=6016 qdelay_l_ms=1.0816 qdelay_c_ms=1.07479 ecn_mark=1623 drop=0
[QUEUE_STATS] t_ms=25168 q_pkts=6 q_bytes=9024 qdelay_l_ms=1.07056 qdelay_c_ms=2.16225 ecn_mark=1624 drop=0
[QUEUE_STATS] t_ms=25185 q_pkts=5 q_bytes=7520 qdelay_l_ms=1.07525 qdelay_c_ms=2.08952 ecn_mark=1624 drop=0
[QUEUE_STATS] t_ms=25200 q_pkts=2 q_bytes=3008 qdelay_l_ms=0.031659 qdelay_c_ms=0.024666 ecn_mark=1624 drop=0
[QUEUE_STATS] t_ms=25216 q_pkts=5 q_bytes=7520 qdelay_l_ms=1.08499 qdelay_c_ms=2.06438 ecn_mark=1624 drop=0
[QUEUE_STATS] t_ms=25232 q_pkts=2 q_bytes=3008 qdelay_l_ms=1.05811 qdelay_c_ms=0 ecn_mark=1624 drop=0
[QUEUE_STATS] t_ms=25248 q_pkts=5 q_bytes=7520 qdelay_l_ms=1.08265 qdelay_c_ms=2.19558 ecn_mark=1624 drop=0
[QUEUE_STATS] t_ms=25264 q_pkts=7 q_bytes=10528 qdelay_l_ms=1.06778 qdelay_c_ms=2.12128 ecn_mark=1626 drop=0
[QUEUE_STATS] t_ms=25280 q_pkts=5 q_bytes=7520 qdelay_l_ms=1.07028 qdelay_c_ms=1.06299 ecn_mark=1626 drop=0
[QUEUE_STATS] t_ms=25296 q_pkts=5 q_bytes=7520 qdelay_l_ms=1.10112 qdelay_c_ms=1.09293 ecn_mark=1627 drop=0
[QUEUE_STATS] t_ms=25312 q_pkts=5 q_bytes=7520 qdelay_l_ms=1.06485 qdelay_c_ms=2.11802 ecn_mark=1628 drop=0
[QUEUE_STATS] t_ms=25328 q_pkts=5 q_bytes=7520 qdelay_l_ms=1.04663 qdelay_c_ms=2.07951 ecn_mark=1630 drop=0
[QUEUE_STATS] t_ms=25345 q_pkts=5 q_bytes=7520 qdelay_l_ms=1.06581 qdelay_c_ms=2.1262 ecn_mark=1632 drop=0
[QUEUE_STATS] t_ms=25360 q_pkts=5 q_bytes=7520 qdelay_l_ms=1.07639 qdelay_c_ms=1.06848 ecn_mark=1632 drop=0
[QUEUE_STATS] t_ms=25376 q_pkts=5 q_bytes=7520 qdelay_l_ms=1.03756 qdelay_c_ms=2.07547 ecn_mark=1633 drop=0
[QUEUE_STATS] t_ms=25393 q_pkts=6 q_bytes=9024 qdelay_l_ms=1.10326 qdelay_c_ms=2.14583 ecn_mark=1633 drop=0
[QUEUE_STATS] t_ms=25408 q_pkts=5 q_bytes=7520 qdelay_l_ms=1.06342 qdelay_c_ms=2.09395 ecn_mark=1634 drop=0
[QUEUE_STATS] t_ms=25424 q_pkts=4 q_bytes=6016 qdelay_l_ms=1.08238 qdelay_c_ms=1.07413 ecn_mark=1635 drop=0
[QUEUE_STATS] t_ms=25440 q_pkts=6 q_bytes=9024 qdelay_l_ms=1.0593 qdelay_c_ms=2.01052 ecn_mark=1636 drop=0
[QUEUE_STATS] t_ms=25456 q_pkts=6 q_bytes=9024 qdelay_l_ms=1.10146 qdelay_c_ms=3.00275 ecn_mark=1636 drop=0
[QUEUE_STATS] t_ms=25473 q_pkts=4 q_bytes=6016 qdelay_l_ms=1.10746 qdelay_c_ms=1.10008 ecn_mark=1637 drop=0
[QUEUE_STATS] t_ms=25488 q_pkts=5 q_bytes=7520 qdelay_l_ms=1.09506 qdelay_c_ms=2.03885 ecn_mark=1639 drop=0
[QUEUE_STATS] t_ms=25504 q_pkts=6 q_bytes=9024 qdelay_l_ms=1.0585 qdelay_c_ms=2.11627 ecn_mark=1639 drop=0
[QUEUE_STATS] t_ms=25520 q_pkts=6 q_bytes=9024 qdelay_l_ms=0.999438 qdelay_c_ms=2.0694 ecn_mark=1640 drop=0
[QUEUE_STATS] t_ms=25536 q_pkts=6 q_bytes=9024 qdelay_l_ms=1.05518 qdelay_c_ms=2.07033 ecn_mark=1641 drop=0
[QUEUE_STATS] t_ms=25553 q_pkts=7 q_bytes=10528 qdelay_l_ms=1.06211 qdelay_c_ms=3.15945 ecn_mark=1643 drop=0
[QUEUE_STATS] t_ms=25568 q_pkts=5 q_bytes=7520 qdelay_l_ms=1.03398 qdelay_c_ms=2.05698 ecn_mark=1643 drop=0
[QUEUE_STATS] t_ms=25584 q_pkts=4 q_bytes=6016 qdelay_l_ms=1.09046 qdelay_c_ms=1.08246 ecn_mark=1644 drop=0
[QUEUE_STATS] t_ms=25601 q_pkts=9 q_bytes=13536 qdelay_l_ms=1.09614 qdelay_c_ms=3.15804 ecn_mark=1645 drop=0
[QUEUE_STATS] t_ms=25616 q_pkts=9 q_bytes=13536 qdelay_l_ms=0.945186 qdelay_c_ms=3.01508 ecn_mark=1646 drop=0
[QUEUE_STATS] t_ms=25632 q_pkts=7 q_bytes=10528 qdelay_l_ms=1.05279 qdelay_c_ms=2.07814 ecn_mark=1646 drop=0
[QUEUE_STATS] t_ms=25648 q_pkts=6 q_bytes=9024 qdelay_l_ms=1.05206 qdelay_c_ms=2.06917 ecn_mark=1649 drop=0
[QUEUE_STATS] t_ms=25664 q_pkts=7 q_bytes=10528 qdelay_l_ms=1.11576 qdelay_c_ms=2.03261 ecn_mark=1650 drop=0
[QUEUE_STATS] t_ms=25680 q_pkts=6 q_bytes=9024 qdelay_l_ms=1.05238 qdelay_c_ms=2.09153 ecn_mark=1651 drop=0
[QUEUE_STATS] t_ms=25696 q_pkts=7 q_bytes=10528 qdelay_l_ms=1.10688 qdelay_c_ms=3.15379 ecn_mark=1654 drop=0
[QUEUE_STATS] t_ms=25712 q_pkts=7 q_bytes=10528 qdelay_l_ms=1.08431 qdelay_c_ms=1.53557 ecn_mark=1654 drop=0
[QUEUE_STATS] t_ms=25728 q_pkts=7 q_bytes=10528 qdelay_l_ms=1.08948 qdelay_c_ms=2.14784 ecn_mark=1654 drop=0
[QUEUE_STATS] t_ms=25744 q_pkts=7 q_bytes=10528 qdelay_l_ms=1.03861 qdelay_c_ms=3.11303 ecn_mark=1654 drop=0
[QUEUE_STATS] t_ms=25760 q_pkts=7 q_bytes=10528 qdelay_l_ms=1.1005 qdelay_c_ms=2.15277 ecn_mark=1655 drop=0
[QUEUE_STATS] t_ms=25776 q_pkts=8 q_bytes=12032 qdelay_l_ms=1.08567 qdelay_c_ms=2.45545 ecn_mark=1656 drop=0
[QUEUE_STATS] t_ms=25792 q_pkts=9 q_bytes=13536 qdelay_l_ms=0.927934 qdelay_c_ms=3.13547 ecn_mark=1656 drop=0
[QUEUE_STATS] t_ms=25808 q_pkts=8 q_bytes=12032 qdelay_l_ms=1.0715 qdelay_c_ms=1.5856 ecn_mark=1657 drop=0
[QUEUE_STATS] t_ms=25824 q_pkts=9 q_bytes=13536 qdelay_l_ms=1.07171 qdelay_c_ms=2.42682 ecn_mark=1658 drop=0
[QUEUE_STATS] t_ms=25840 q_pkts=10 q_bytes=15040 qdelay_l_ms=1.09401 qdelay_c_ms=4.11193 ecn_mark=1658 drop=0
[QUEUE_STATS] t_ms=25856 q_pkts=9 q_bytes=13536 qdelay_l_ms=1.07151 qdelay_c_ms=2.6334 ecn_mark=1659 drop=0
[QUEUE_STATS] t_ms=25872 q_pkts=10 q_bytes=15040 qdelay_l_ms=1.04613 qdelay_c_ms=2.44328 ecn_mark=1659 drop=0
[QUEUE_STATS] t_ms=25888 q_pkts=12 q_bytes=18048 qdelay_l_ms=1.05383 qdelay_c_ms=4.07612 ecn_mark=1661 drop=0
[QUEUE_STATS] t_ms=25904 q_pkts=9 q_bytes=13536 qdelay_l_ms=0.050194 qdelay_c_ms=2.1233 ecn_mark=1661 drop=0
[QUEUE_STATS] t_ms=25920 q_pkts=8 q_bytes=12032 qdelay_l_ms=1.0281 qdelay_c_ms=3.07579 ecn_mark=1662 drop=0
[QUEUE_STATS] t_ms=25936 q_pkts=11 q_bytes=16544 qdelay_l_ms=1.05013 qdelay_c_ms=4.14509 ecn_mark=1662 drop=0
[QUEUE_STATS] t_ms=25952 q_pkts=9 q_bytes=13536 qdelay_l_ms=1.05058 qdelay_c_ms=4.17517 ecn_mark=1663 drop=0
[QUEUE_STATS] t_ms=25968 q_pkts=10 q_bytes=15040 qdelay_l_ms=1.024 qdelay_c_ms=3.08944 ecn_mark=1664 drop=0
[QUEUE_STATS] t_ms=25984 q_pkts=9 q_bytes=13536 qdelay_l_ms=1.05317 qdelay_c_ms=3.13266 ecn_mark=1664 drop=0
[QUEUE_STATS] t_ms=26000 q_pkts=9 q_bytes=13536 qdelay_l_ms=1.09684 qdelay_c_ms=4.01262 ecn_mark=1664 drop=0
[QUEUE_STATS] t_ms=26016 q_pkts=11 q_bytes=16544 qdelay_l_ms=1.08177 qdelay_c_ms=5.29914 ecn_mark=1664 drop=0
[QUEUE_STATS] t_ms=26032 q_pkts=10 q_bytes=15040 qdelay_l_ms=1.09878 qdelay_c_ms=4.05069 ecn_mark=1665 drop=0
[QUEUE_STATS] t_ms=26048 q_pkts=9 q_bytes=13536 qdelay_l_ms=0.011973 qdelay_c_ms=3.05363 ecn_mark=1665 drop=0
[QUEUE_STATS] t_ms=26064 q_pkts=13 q_bytes=19552 qdelay_l_ms=0 qdelay_c_ms=4.59154 ecn_mark=1666 drop=0
[QUEUE_STATS] t_ms=26081 q_pkts=13 q_bytes=19552 qdelay_l_ms=1.08346 qdelay_c_ms=4.17689 ecn_mark=1669 drop=0
[QUEUE_STATS] t_ms=26096 q_pkts=12 q_bytes=18048 qdelay_l_ms=1.03744 qdelay_c_ms=4.15694 ecn_mark=1669 drop=0
[QUEUE_STATS] t_ms=26112 q_pkts=12 q_bytes=18048 qdelay_l_ms=1.00855 qdelay_c_ms=5.12873 ecn_mark=1670 drop=0
[QUEUE_STATS] t_ms=26128 q_pkts=12 q_bytes=18048 qdelay_l_ms=1.10534 qdelay_c_ms=4.66506 ecn_mark=1670 drop=0
[QUEUE_STATS] t_ms=26144 q_pkts=15 q_bytes=22560 qdelay_l_ms=1.0348 qdelay_c_ms=6.18245 ecn_mark=1673 drop=0
[QUEUE_STATS] t_ms=26160 q_pkts=13 q_bytes=19552 qdelay_l_ms=1.03755 qdelay_c_ms=5.98349 ecn_mark=1675 drop=0
[QUEUE_STATS] t_ms=26176 q_pkts=14 q_bytes=21056 qdelay_l_ms=1.09663 qdelay_c_ms=5.89357 ecn_mark=1675 drop=0
[QUEUE_STATS] t_ms=26192 q_pkts=14 q_bytes=21056 qdelay_l_ms=1.01645 qdelay_c_ms=6.15577 ecn_mark=1677 drop=0
[QUEUE_STATS] t_ms=26208 q_pkts=13 q_bytes=19552 qdelay_l_ms=1.03861 qdelay_c_ms=5.57343 ecn_mark=1679 drop=0
[QUEUE_STATS] t_ms=26224 q_pkts=15 q_bytes=22560 qdelay_l_ms=1.06049 qdelay_c_ms=5.57729 ecn_mark=1679 drop=0
[QUEUE_STATS] t_ms=26240 q_pkts=16 q_bytes=24064 qdelay_l_ms=1.02186 qdelay_c_ms=6.15596 ecn_mark=1679 drop=0
[QUEUE_STATS] t_ms=26256 q_pkts=14 q_bytes=21056 qdelay_l_ms=0.795786 qdelay_c_ms=5.9959 ecn_mark=1679 drop=0
[QUEUE_STATS] t_ms=26272 q_pkts=15 q_bytes=22560 qdelay_l_ms=0.032782 qdelay_c_ms=4.34725 ecn_mark=1680 drop=0
[QUEUE_STATS] t_ms=26288 q_pkts=17 q_bytes=25568 qdelay_l_ms=0.89352 qdelay_c_ms=6.11525 ecn_mark=1681 drop=0
[QUEUE_STATS] t_ms=26304 q_pkts=17 q_bytes=25568 qdelay_l_ms=1.08209 qdelay_c_ms=6.51187 ecn_mark=1683 drop=0
[QUEUE_STATS] t_ms=26320 q_pkts=17 q_bytes=25568 qdelay_l_ms=1.03602 qdelay_c_ms=5.61961 ecn_mark=1684 drop=0
[QUEUE_STATS] t_ms=26336 q_pkts=18 q_bytes=27072 qdelay_l_ms=1.11772 qdelay_c_ms=7.15644 ecn_mark=1684 drop=0
[QUEUE_STATS] t_ms=26352 q_pkts=11 q_bytes=16544 qdelay_l_ms=0 qdelay_c_ms=5.07068 ecn_mark=1685 drop=0
[QUEUE_STATS] t_ms=26368 q_pkts=17 q_bytes=25568 qdelay_l_ms=0.898338 qdelay_c_ms=6.10253 ecn_mark=1686 drop=0
[QUEUE_STATS] t_ms=26384 q_pkts=16 q_bytes=24064 qdelay_l_ms=1.02123 qdelay_c_ms=6.61634 ecn_mark=1688 drop=0
[QUEUE_STATS] t_ms=26400 q_pkts=17 q_bytes=25568 qdelay_l_ms=1.03793 qdelay_c_ms=6.58609 ecn_mark=1689 drop=0
[QUEUE_STATS] t_ms=26416 q_pkts=18 q_bytes=27072 qdelay_l_ms=1.01324 qdelay_c_ms=6.1073 ecn_mark=1690 drop=0
[QUEUE_STATS] t_ms=26432 q_pkts=16 q_bytes=24064 qdelay_l_ms=1.07871 qdelay_c_ms=7.31036 ecn_mark=1691 drop=0
[QUEUE_STATS] t_ms=26448 q_pkts=17 q_bytes=25568 qdelay_l_ms=1.02415 qdelay_c_ms=6.43261 ecn_mark=1692 drop=0
[QUEUE_STATS] t_ms=26464 q_pkts=18 q_bytes=27072 qdelay_l_ms=1.07043 qdelay_c_ms=7.15575 ecn_mark=1693 drop=0
[QUEUE_STATS] t_ms=26480 q_pkts=18 q_bytes=27072 qdelay_l_ms=1.11817 qdelay_c_ms=7.23654 ecn_mark=1694 drop=0
[QUEUE_STATS] t_ms=26496 q_pkts=18 q_bytes=27072 qdelay_l_ms=0.922875 qdelay_c_ms=7.12055 ecn_mark=1696 drop=0
[QUEUE_STATS] t_ms=26512 q_pkts=17 q_bytes=25568 qdelay_l_ms=1.02287 qdelay_c_ms=7.51498 ecn_mark=1697 drop=0
[QUEUE_STATS] t_ms=26528 q_pkts=15 q_bytes=22560 qdelay_l_ms=0.036499 qdelay_c_ms=5.99259 ecn_mark=1698 drop=0
[QUEUE_STATS] t_ms=26544 q_pkts=18 q_bytes=27072 qdelay_l_ms=1.0783 qdelay_c_ms=8.10086 ecn_mark=1698 drop=0
[QUEUE_STATS] t_ms=26560 q_pkts=17 q_bytes=25568 qdelay_l_ms=0.032822 qdelay_c_ms=6.55706 ecn_mark=1698 drop=0
[QUEUE_STATS] t_ms=26576 q_pkts=18 q_bytes=27072 qdelay_l_ms=1.03144 qdelay_c_ms=7.09009 ecn_mark=1698 drop=0
[QUEUE_STATS] t_ms=26592 q_pkts=20 q_bytes=30080 qdelay_l_ms=0.050164 qdelay_c_ms=6.1226 ecn_mark=1699 drop=0
[QUEUE_STATS] t_ms=26608 q_pkts=19 q_bytes=28576 qdelay_l_ms=1.11055 qdelay_c_ms=8.20649 ecn_mark=1699 drop=0
[QUEUE_STATS] t_ms=26624 q_pkts=18 q_bytes=27072 qdelay_l_ms=0.046858 qdelay_c_ms=7.06411 ecn_mark=1700 drop=0
[QUEUE_STATS] t_ms=26640 q_pkts=21 q_bytes=31584 qdelay_l_ms=1.07574 qdelay_c_ms=8.26287 ecn_mark=1700 drop=0
[QUEUE_STATS] t_ms=26656 q_pkts=19 q_bytes=28576 qdelay_l_ms=1.01977 qdelay_c_ms=8.12491 ecn_mark=1700 drop=0
[QUEUE_STATS] t_ms=26672 q_pkts=22 q_bytes=33088 qdelay_l_ms=0.890414 qdelay_c_ms=7.94003 ecn_mark=1701 drop=0
[QUEUE_STATS] t_ms=26688 q_pkts=21 q_bytes=31584 qdelay_l_ms=1.09545 qdelay_c_ms=9.22731 ecn_mark=1702 drop=0
[QUEUE_STATS] t_ms=26704 q_pkts=22 q_bytes=33088 qdelay_l_ms=1.02166 qdelay_c_ms=7.49751 ecn_mark=1702 drop=0
[QUEUE_STATS] t_ms=26720 q_pkts=23 q_bytes=34592 qdelay_l_ms=1.0818 qdelay_c_ms=10.144 ecn_mark=1703 drop=0
[QUEUE_STATS] t_ms=26736 q_pkts=22 q_bytes=33088 qdelay_l_ms=1.03568 qdelay_c_ms=9.78395 ecn_mark=1704 drop=0
[QUEUE_STATS] t_ms=26752 q_pkts=22 q_bytes=33088 qdelay_l_ms=1.00037 qdelay_c_ms=8.94089 ecn_mark=1706 drop=0
[QUEUE_STATS] t_ms=26768 q_pkts=23 q_bytes=34592 qdelay_l_ms=0.765538 qdelay_c_ms=9.01709 ecn_mark=1708 drop=0
[QUEUE_STATS] t_ms=26785 q_pkts=22 q_bytes=33088 qdelay_l_ms=1.07161 qdelay_c_ms=9.14228 ecn_mark=1708 drop=0
[QUEUE_STATS] t_ms=26800 q_pkts=19 q_bytes=28576 qdelay_l_ms=0.014787 qdelay_c_ms=8.36506 ecn_mark=1710 drop=0
[QUEUE_STATS] t_ms=26816 q_pkts=24 q_bytes=36096 qdelay_l_ms=1.0995 qdelay_c_ms=10.4611 ecn_mark=1711 drop=0
[QUEUE_STATS] t_ms=26832 q_pkts=22 q_bytes=33088 qdelay_l_ms=1.07349 qdelay_c_ms=9.41484 ecn_mark=1712 drop=0
[QUEUE_STATS] t_ms=26848 q_pkts=22 q_bytes=33088 qdelay_l_ms=1.01288 qdelay_c_ms=9.16917 ecn_mark=1714 drop=0
[QUEUE_STATS] t_ms=26864 q_pkts=20 q_bytes=30080 qdelay_l_ms=1.03085 qdelay_c_ms=8.68345 ecn_mark=1715 drop=0
[QUEUE_STATS] t_ms=26880 q_pkts=25 q_bytes=36148 qdelay_l_ms=1.09295 qdelay_c_ms=10.3745 ecn_mark=1715 drop=0
[QUEUE_STATS] t_ms=26896 q_pkts=21 q_bytes=31584 qdelay_l_ms=0.033353 qdelay_c_ms=8.41168 ecn_mark=1715 drop=0
[QUEUE_STATS] t_ms=26912 q_pkts=24 q_bytes=36096 qdelay_l_ms=1.01485 qdelay_c_ms=8.59908 ecn_mark=1716 drop=0
[QUEUE_STATS] t_ms=26928 q_pkts=21 q_bytes=31584 qdelay_l_ms=0.979721 qdelay_c_ms=9.03401 ecn_mark=1716 drop=0
[QUEUE_STATS] t_ms=26944 q_pkts=23 q_bytes=34592 qdelay_l_ms=1.0161 qdelay_c_ms=9.05855 ecn_mark=1716 drop=0
[QUEUE_STATS] t_ms=26960 q_pkts=24 q_bytes=36096 qdelay_l_ms=1.00316 qdelay_c_ms=9.93994 ecn_mark=1716 drop=0
[QUEUE_STATS] t_ms=26976 q_pkts=22 q_bytes=33088 qdelay_l_ms=1.10678 qdelay_c_ms=9.25336 ecn_mark=1717 drop=0
[QUEUE_STATS] t_ms=26992 q_pkts=24 q_bytes=36096 qdelay_l_ms=1.07815 qdelay_c_ms=10.7035 ecn_mark=1717 drop=0
[QUEUE_STATS] t_ms=27008 q_pkts=26 q_bytes=39104 qdelay_l_ms=0.95251 qdelay_c_ms=10.8272 ecn_mark=1717 drop=0
[QUEUE_STATS] t_ms=27024 q_pkts=25 q_bytes=37600 qdelay_l_ms=1.00931 qdelay_c_ms=10.8941 ecn_mark=1717 drop=0
[QUEUE_STATS] t_ms=27040 q_pkts=23 q_bytes=34592 qdelay_l_ms=1.01561 qdelay_c_ms=11.0204 ecn_mark=1718 drop=0
[QUEUE_STATS] t_ms=27056 q_pkts=28 q_bytes=42112 qdelay_l_ms=1.10284 qdelay_c_ms=10.0941 ecn_mark=1720 drop=0
[QUEUE_STATS] t_ms=27073 q_pkts=26 q_bytes=39104 qdelay_l_ms=1.09488 qdelay_c_ms=11.7823 ecn_mark=1720 drop=0
[QUEUE_STATS] t_ms=27088 q_pkts=25 q_bytes=37600 qdelay_l_ms=0.98447 qdelay_c_ms=10.5027 ecn_mark=1721 drop=0
[QUEUE_STATS] t_ms=27104 q_pkts=23 q_bytes=34592 qdelay_l_ms=0.037841 qdelay_c_ms=8.8069 ecn_mark=1721 drop=0
[QUEUE_STATS] t_ms=27120 q_pkts=27 q_bytes=40608 qdelay_l_ms=1.09183 qdelay_c_ms=11.2485 ecn_mark=1724 drop=0
[QUEUE_STATS] t_ms=27136 q_pkts=27 q_bytes=40608 qdelay_l_ms=1.07254 qdelay_c_ms=12.0127 ecn_mark=1724 drop=0
[QUEUE_STATS] t_ms=27152 q_pkts=25 q_bytes=37600 qdelay_l_ms=0.989449 qdelay_c_ms=10.7467 ecn_mark=1727 drop=0
[QUEUE_STATS] t_ms=27168 q_pkts=26 q_bytes=39104 qdelay_l_ms=1.09619 qdelay_c_ms=11.7564 ecn_mark=1727 drop=0
[QUEUE_STATS] t_ms=27184 q_pkts=29 q_bytes=43616 qdelay_l_ms=0.994138 qdelay_c_ms=10.624 ecn_mark=1728 drop=0
[QUEUE_STATS] t_ms=27200 q_pkts=26 q_bytes=39104 qdelay_l_ms=0.994489 qdelay_c_ms=12.0987 ecn_mark=1728 drop=0
[QUEUE_STATS] t_ms=27216 q_pkts=28 q_bytes=42112 qdelay_l_ms=1.09564 qdelay_c_ms=12.315 ecn_mark=1728 drop=0
[QUEUE_STATS] t_ms=27232 q_pkts=27 q_bytes=40608 qdelay_l_ms=0 qdelay_c_ms=9.82421 ecn_mark=1728 drop=0
[QUEUE_STATS] t_ms=27248 q_pkts=28 q_bytes=42112 qdelay_l_ms=0.975093 qdelay_c_ms=12.0673 ecn_mark=1728 drop=0
[QUEUE_STATS] t_ms=27264 q_pkts=28 q_bytes=42112 qdelay_l_ms=1.09707 qdelay_c_ms=13.8116 ecn_mark=1729 drop=0
[QUEUE_STATS] t_ms=27280 q_pkts=30 q_bytes=45120 qdelay_l_ms=0.963621 qdelay_c_ms=11.7851 ecn_mark=1729 drop=0
[QUEUE_STATS] t_ms=27296 q_pkts=29 q_bytes=43616 qdelay_l_ms=0.013806 qdelay_c_ms=12.9061 ecn_mark=1732 drop=0
[QUEUE_STATS] t_ms=27313 q_pkts=30 q_bytes=45120 qdelay_l_ms=1.08373 qdelay_c_ms=12.675 ecn_mark=1732 drop=0
[QUEUE_STATS] t_ms=27328 q_pkts=32 q_bytes=48128 qdelay_l_ms=0.935719 qdelay_c_ms=12.8847 ecn_mark=1733 drop=0
[QUEUE_STATS] t_ms=27344 q_pkts=27 q_bytes=40608 qdelay_l_ms=1.07252 qdelay_c_ms=14.0233 ecn_mark=1735 drop=0
[QUEUE_STATS] t_ms=27360 q_pkts=16 q_bytes=24064 qdelay_l_ms=1.05518 qdelay_c_ms=8.83268 ecn_mark=1737 drop=0
[QUEUE_STATS] t_ms=27376 q_pkts=4 q_bytes=6016 qdelay_l_ms=0.962669 qdelay_c_ms=0.956137 ecn_mark=1738 drop=0
[QUEUE_STATS] t_ms=27392 q_pkts=6 q_bytes=9024 qdelay_l_ms=1.07935 qdelay_c_ms=2.14773 ecn_mark=1738 drop=0
[QUEUE_STATS] t_ms=27408 q_pkts=7 q_bytes=10528 qdelay_l_ms=0.971766 qdelay_c_ms=3.21752 ecn_mark=1738 drop=0
[QUEUE_STATS] t_ms=27424 q_pkts=2 q_bytes=3008 qdelay_l_ms=0.956808 qdelay_c_ms=0 ecn_mark=1738 drop=0
[QUEUE_STATS] t_ms=27440 q_pkts=7 q_bytes=10528 qdelay_l_ms=1.06003 qdelay_c_ms=2.19636 ecn_mark=1738 drop=0
[QUEUE_STATS] t_ms=27456 q_pkts=8 q_bytes=12032 qdelay_l_ms=1.0651 qdelay_c_ms=3.14165 ecn_mark=1740 drop=0
[QUEUE_STATS] t_ms=27472 q_pkts=4 q_bytes=6016 qdelay_l_ms=0.961067 qdelay_c_ms=0.955446 ecn_mark=1740 drop=0
[QUEUE_STATS] t_ms=27488 q_pkts=7 q_bytes=10528 qdelay_l_ms=1.04348 qdelay_c_ms=2.15157 ecn_mark=1744 drop=0
[QUEUE_STATS] t_ms=27504 q_pkts=5 q_bytes=7520 qdelay_l_ms=1.09108 qdelay_c_ms=2.02095 ecn_mark=1745 drop=0
[QUEUE_STATS] t_ms=27520 q_pkts=4 q_bytes=6016 qdelay_l_ms=1.08191 qdelay_c_ms=1.07628 ecn_mark=1748 drop=0
[QUEUE_STATS] t_ms=27536 q_pkts=8 q_bytes=12032 qdelay_l_ms=0.955245 qdelay_c_ms=1.87783 ecn_mark=1748 drop=0
[QUEUE_STATS] t_ms=27553 q_pkts=6 q_bytes=9024 qdelay_l_ms=1.07116 qdelay_c_ms=2.20634 ecn_mark=1749 drop=0
[QUEUE_STATS] t_ms=27568 q_pkts=3 q_bytes=4512 qdelay_l_ms=1.08512 qdelay_c_ms=1.79554 ecn_mark=1749 drop=0
[QUEUE_STATS] t_ms=27584 q_pkts=7 q_bytes=10528 qdelay_l_ms=1.0644 qdelay_c_ms=2.14692 ecn_mark=1750 drop=0
[QUEUE_STATS] t_ms=27600 q_pkts=6 q_bytes=9024 qdelay_l_ms=0.97392 qdelay_c_ms=1.90521 ecn_mark=1750 drop=0
[QUEUE_STATS] t_ms=27616 q_pkts=1 q_bytes=1504 qdelay_l_ms=0.013786 qdelay_c_ms=0 ecn_mark=1751 drop=0
[QUEUE_STATS] t_ms=27632 q_pkts=8 q_bytes=12032 qdelay_l_ms=0.742616 qdelay_c_ms=1.81963 ecn_mark=1752 drop=0
[QUEUE_STATS] t_ms=27648 q_pkts=5 q_bytes=7520 qdelay_l_ms=0.93628 qdelay_c_ms=1.83425 ecn_mark=1752 drop=0
[QUEUE_STATS] t_ms=27664 q_pkts=4 q_bytes=6016 qdelay_l_ms=1.01932 qdelay_c_ms=1.02944 ecn_mark=1753 drop=0
[QUEUE_STATS] t_ms=27680 q_pkts=5 q_bytes=7520 qdelay_l_ms=1.07616 qdelay_c_ms=2.15315 ecn_mark=1756 drop=0
[QUEUE_STATS] t_ms=27696 q_pkts=7 q_bytes=10528 qdelay_l_ms=1.10788 qdelay_c_ms=1.10079 ecn_mark=1758 drop=0
[QUEUE_STATS] t_ms=27712 q_pkts=3 q_bytes=4512 qdelay_l_ms=0.98971 qdelay_c_ms=0 ecn_mark=1759 drop=0
[QUEUE_STATS] t_ms=27728 q_pkts=4 q_bytes=6016 qdelay_l_ms=0.024786 qdelay_c_ms=1.12341 ecn_mark=1760 drop=0
[QUEUE_STATS] t_ms=27744 q_pkts=6 q_bytes=9024 qdelay_l_ms=1.09137 qdelay_c_ms=1.29887 ecn_mark=1762 drop=0
[QUEUE_STATS] t_ms=27760 q_pkts=4 q_bytes=6016 qdelay_l_ms=0.871799 qdelay_c_ms=0.866198 ecn_mark=1762 drop=0
[QUEUE_STATS] t_ms=27776 q_pkts=5 q_bytes=7520 qdelay_l_ms=1.08282 qdelay_c_ms=1.07781 ecn_mark=1765 drop=0
[QUEUE_STATS] t_ms=27792 q_pkts=4 q_bytes=6016 qdelay_l_ms=0.944676 qdelay_c_ms=1.19973 ecn_mark=1766 drop=0
[QUEUE_STATS] t_ms=27808 q_pkts=3 q_bytes=4512 qdelay_l_ms=1.0879 qdelay_c_ms=1.08105 ecn_mark=1770 drop=0
[QUEUE_STATS] t_ms=27824 q_pkts=4 q_bytes=6016 qdelay_l_ms=0.803731 qdelay_c_ms=0.796998 ecn_mark=1771 drop=0
[QUEUE_STATS] t_ms=27840 q_pkts=6 q_bytes=9024 qdelay_l_ms=1.06707 qdelay_c_ms=1.08816 ecn_mark=1773 drop=0
[QUEUE_STATS] t_ms=27856 q_pkts=2 q_bytes=3008 qdelay_l_ms=0.75017 qdelay_c_ms=0 ecn_mark=1774 drop=0
[QUEUE_STATS] t_ms=27872 q_pkts=6 q_bytes=9024 qdelay_l_ms=1.07285 qdelay_c_ms=3.01098 ecn_mark=1774 drop=0
[QUEUE_STATS] t_ms=27888 q_pkts=4 q_bytes=6016 qdelay_l_ms=0.950367 qdelay_c_ms=0.974131 ecn_mark=1776 drop=0
[QUEUE_STATS] t_ms=27904 q_pkts=4 q_bytes=6016 qdelay_l_ms=1.07083 qdelay_c_ms=1.09287 ecn_mark=1778 drop=0
[QUEUE_STATS] t_ms=27921 q_pkts=4 q_bytes=6016 qdelay_l_ms=1.10736 qdelay_c_ms=1.10033 ecn_mark=1778 drop=0
[QUEUE_STATS] t_ms=27936 q_pkts=4 q_bytes=6016 qdelay_l_ms=1.0967 qdelay_c_ms=1.08942 ecn_mark=1780 drop=0
[QUEUE_STATS] t_ms=27952 q_pkts=2 q_bytes=3008 qdelay_l_ms=0.982356 qdelay_c_ms=0 ecn_mark=1782 drop=0
[QUEUE_STATS] t_ms=27969 q_pkts=2 q_bytes=3008 qdelay_l_ms=1.08485 qdelay_c_ms=0 ecn_mark=1783 drop=0
[QUEUE_STATS] t_ms=27985 q_pkts=1 q_bytes=1504 qdelay_l_ms=1.06245 qdelay_c_ms=0 ecn_mark=1784 drop=0
[QUEUE_STATS] t_ms=28000 q_pkts=2 q_bytes=3008 qdelay_l_ms=0.841292 qdelay_c_ms=0 ecn_mark=1784 drop=0
[QUEUE_STATS] t_ms=28016 q_pkts=6 q_bytes=9024 qdelay_l_ms=0.985772 qdelay_c_ms=2.42947 ecn_mark=1784 drop=0
[QUEUE_STATS] t_ms=28032 q_pkts=4 q_bytes=6016 qdelay_l_ms=0.989369 qdelay_c_ms=0.981695 ecn_mark=1786 drop=0
[QUEUE_STATS] t_ms=28048 q_pkts=2 q_bytes=3008 qdelay_l_ms=1.07065 qdelay_c_ms=0 ecn_mark=1786 drop=0
[QUEUE_STATS] t_ms=28064 q_pkts=5 q_bytes=7520 qdelay_l_ms=1.08813 qdelay_c_ms=1.08261 ecn_mark=1787 drop=0
[QUEUE_STATS] t_ms=28080 q_pkts=3 q_bytes=4512 qdelay_l_ms=1.07083 qdelay_c_ms=1.06477 ecn_mark=1788 drop=0
[QUEUE_STATS] t_ms=28096 q_pkts=4 q_bytes=6016 qdelay_l_ms=1.06669 qdelay_c_ms=1.06096 ecn_mark=1788 drop=0
[QUEUE_STATS] t_ms=28112 q_pkts=2 q_bytes=3008 qdelay_l_ms=0.983087 qdelay_c_ms=0.976625 ecn_mark=1788 drop=0
[QUEUE_STATS] t_ms=28128 q_pkts=6 q_bytes=9024 qdelay_l_ms=0.98996 qdelay_c_ms=0.983889 ecn_mark=1788 drop=0
[QUEUE_STATS] t_ms=28144 q_pkts=4 q_bytes=6016 qdelay_l_ms=0.987065 qdelay_c_ms=1.96707 ecn_mark=1788 drop=0
[QUEUE_STATS] t_ms=28160 q_pkts=0 q_bytes=0 qdelay_l_ms=0 qdelay_c_ms=0 ecn_mark=1789 drop=0
[QUEUE_STATS] t_ms=28176 q_pkts=6 q_bytes=9024 qdelay_l_ms=0.9418 qdelay_c_ms=0.969652 ecn_mark=1790 drop=0
[QUEUE_STATS] t_ms=28192 q_pkts=5 q_bytes=7520 qdelay_l_ms=1.08599 qdelay_c_ms=1.78638 ecn_mark=1791 drop=0
[QUEUE_STATS] t_ms=28208 q_pkts=3 q_bytes=4512 qdelay_l_ms=1.0336 qdelay_c_ms=1.02791 ecn_mark=1792 drop=0
[QUEUE_STATS] t_ms=28224 q_pkts=4 q_bytes=6016 qdelay_l_ms=1.07465 qdelay_c_ms=1.06808 ecn_mark=1793 drop=0
[QUEUE_STATS] t_ms=28240 q_pkts=2 q_bytes=3008 qdelay_l_ms=0.985191 qdelay_c_ms=0 ecn_mark=1795 drop=0
[QUEUE_STATS] t_ms=28256 q_pkts=4 q_bytes=6016 qdelay_l_ms=0.971476 qdelay_c_ms=0.964643 ecn_mark=1796 drop=0
[QUEUE_STATS] t_ms=28272 q_pkts=4 q_bytes=6016 qdelay_l_ms=0.975974 qdelay_c_ms=0.998226 ecn_mark=1798 drop=0
[QUEUE_STATS] t_ms=28288 q_pkts=2 q_bytes=3008 qdelay_l_ms=1.07494 qdelay_c_ms=0 ecn_mark=1798 drop=0
[QUEUE_STATS] t_ms=28304 q_pkts=3 q_bytes=4512 qdelay_l_ms=1.1025 qdelay_c_ms=0 ecn_mark=1798 drop=0
[QUEUE_STATS] t_ms=28320 q_pkts=6 q_bytes=9024 qdelay_l_ms=0.974883 qdelay_c_ms=0.96801 ecn_mark=1798 drop=0
[QUEUE_STATS] t_ms=28336 q_pkts=0 q_bytes=0 qdelay_l_ms=0 qdelay_c_ms=0 ecn_mark=1799 drop=0
[QUEUE_STATS] t_ms=28352 q_pkts=0 q_bytes=0 qdelay_l_ms=0 qdelay_c_ms=0 ecn_mark=1799 drop=0
[QUEUE_STATS] t_ms=28368 q_pkts=2 q_bytes=3008 qdelay_l_ms=0.833467 qdelay_c_ms=0 ecn_mark=1799 drop=0
[QUEUE_STATS] t_ms=28384 q_pkts=2 q_bytes=3008 qdelay_l_ms=0.97384 qdelay_c_ms=0 ecn_mark=1799 drop=0
[QUEUE_STATS] t_ms=28400 q_pkts=3 q_bytes=4512 qdelay_l_ms=0.841401 qdelay_c_ms=0 ecn_mark=1800 drop=0
[QUEUE_STATS] t_ms=28416 q_pkts=3 q_bytes=4512 qdelay_l_ms=0.733679 qdelay_c_ms=0.728169 ecn_mark=1801 drop=0
[QUEUE_STATS] t_ms=28432 q_pkts=4 q_bytes=6016 qdelay_l_ms=1.04139 qdelay_c_ms=1.03604 ecn_mark=1802 drop=0
[QUEUE_STATS] t_ms=28448 q_pkts=7 q_bytes=10528 qdelay_l_ms=1.07675 qdelay_c_ms=1.07004 ecn_mark=1803 drop=0
[QUEUE_STATS] t_ms=28464 q_pkts=2 q_bytes=3008 qdelay_l_ms=1.09713 qdelay_c_ms=0 ecn_mark=1804 drop=0
[QUEUE_STATS] t_ms=28480 q_pkts=2 q_bytes=3008 qdelay_l_ms=1.08092 qdelay_c_ms=0 ecn_mark=1804 drop=0
[QUEUE_STATS] t_ms=28496 q_pkts=4 q_bytes=6016 qdelay_l_ms=0.976946 qdelay_c_ms=0.970123 ecn_mark=1804 drop=0
[QUEUE_STATS] t_ms=28513 q_pkts=4 q_bytes=6016 qdelay_l_ms=1.0839 qdelay_c_ms=1.07887 ecn_mark=1805 drop=0
[QUEUE_STATS] t_ms=28528 q_pkts=2 q_bytes=3008 qdelay_l_ms=0.97317 qdelay_c_ms=0 ecn_mark=1806 drop=0
[QUEUE_STATS] t_ms=28544 q_pkts=4 q_bytes=6016 qdelay_l_ms=1.08288 qdelay_c_ms=1.0779 ecn_mark=1806 drop=0
[QUEUE_STATS] t_ms=28560 q_pkts=5 q_bytes=7520 qdelay_l_ms=0.955676 qdelay_c_ms=0.949505 ecn_mark=1806 drop=0
[QUEUE_STATS] t_ms=28576 q_pkts=5 q_bytes=7520 qdelay_l_ms=1.03653 qdelay_c_ms=1.76028 ecn_mark=1807 drop=0
[QUEUE_STATS] t_ms=28592 q_pkts=4 q_bytes=6016 qdelay_l_ms=1.05527 qdelay_c_ms=1.08452 ecn_mark=1809 drop=0
[QUEUE_STATS] t_ms=28608 q_pkts=0 q_bytes=0 qdelay_l_ms=0 qdelay_c_ms=0 ecn_mark=1809 drop=0
[QUEUE_STATS] t_ms=28624 q_pkts=3 q_bytes=4512 qdelay_l_ms=1.08291 qdelay_c_ms=2.14661 ecn_mark=1810 drop=0
[QUEUE_STATS] t_ms=28640 q_pkts=2 q_bytes=3008 qdelay_l_ms=0.02634 qdelay_c_ms=0.020829 ecn_mark=1813 drop=0
[QUEUE_STATS] t_ms=28656 q_pkts=4 q_bytes=6016 qdelay_l_ms=1.02774 qdelay_c_ms=1.02207 ecn_mark=1815 drop=0
[QUEUE_STATS] t_ms=28672 q_pkts=2 q_bytes=3008 qdelay_l_ms=1.02276 qdelay_c_ms=0 ecn_mark=1816 drop=0
[QUEUE_STATS] t_ms=28689 q_pkts=4 q_bytes=6016 qdelay_l_ms=1.09241 qdelay_c_ms=1.08566 ecn_mark=1818 drop=0
[QUEUE_STATS] t_ms=28704 q_pkts=1 q_bytes=1504 qdelay_l_ms=0.958632 qdelay_c_ms=0 ecn_mark=1818 drop=0
[QUEUE_STATS] t_ms=28720 q_pkts=2 q_bytes=3008 qdelay_l_ms=1.03605 qdelay_c_ms=0 ecn_mark=1818 drop=0
[QUEUE_STATS] t_ms=28736 q_pkts=4 q_bytes=6016 qdelay_l_ms=1.06905 qdelay_c_ms=1.06353 ecn_mark=1818 drop=0
[QUEUE_STATS] t_ms=28752 q_pkts=4 q_bytes=6016 qdelay_l_ms=0.965926 qdelay_c_ms=0.959133 ecn_mark=1820 drop=0
[QUEUE_STATS] t_ms=28768 q_pkts=4 q_bytes=6016 qdelay_l_ms=0.958041 qdelay_c_ms=0.951909 ecn_mark=1820 drop=0
[QUEUE_STATS] t_ms=28784 q_pkts=4 q_bytes=6016 qdelay_l_ms=1.07095 qdelay_c_ms=1.09741 ecn_mark=1821 drop=0
[QUEUE_STATS] t_ms=28801 q_pkts=2 q_bytes=3008 qdelay_l_ms=1.07884 qdelay_c_ms=0 ecn_mark=1821 drop=0
[QUEUE_STATS] t_ms=28816 q_pkts=5 q_bytes=7520 qdelay_l_ms=1.06526 qdelay_c_ms=1.05956 ecn_mark=1821 drop=0
[QUEUE_STATS] t_ms=28832 q_pkts=6 q_bytes=9024 qdelay_l_ms=1.1031 qdelay_c_ms=1.09614 ecn_mark=1821 drop=0
[QUEUE_STATS] t_ms=28848 q_pkts=4 q_bytes=6016 qdelay_l_ms=0.965956 qdelay_c_ms=0.959043 ecn_mark=1821 drop=0
[QUEUE_STATS] t_ms=28864 q_pkts=4 q_bytes=6016 qdelay_l_ms=1.07118 qdelay_c_ms=1.09411 ecn_mark=1821 drop=0
[QUEUE_STATS] t_ms=28880 q_pkts=2 q_bytes=3008 qdelay_l_ms=1.09809 qdelay_c_ms=0 ecn_mark=1821 drop=0
[QUEUE_STATS] t_ms=28897 q_pkts=4 q_bytes=6016 qdelay_l_ms=1.07005 qdelay_c_ms=1.06511 ecn_mark=1821 drop=0
[QUEUE_STATS] t_ms=28912 q_pkts=4 q_bytes=6016 qdelay_l_ms=1.03619 qdelay_c_ms=1.06091 ecn_mark=1821 drop=0
[QUEUE_STATS] t_ms=28928 q_pkts=2 q_bytes=3008 qdelay_l_ms=1.09636 qdelay_c_ms=0 ecn_mark=1821 drop=0
[QUEUE_STATS] t_ms=28944 q_pkts=4 q_bytes=6016 qdelay_l_ms=0.924167 qdelay_c_ms=0.917114 ecn_mark=1822 drop=0
[QUEUE_STATS] t_ms=28960 q_pkts=4 q_bytes=6016 qdelay_l_ms=1.07878 qdelay_c_ms=1.07383 ecn_mark=1823 drop=0
[QUEUE_STATS] t_ms=28976 q_pkts=3 q_bytes=4512 qdelay_l_ms=0.92571 qdelay_c_ms=0.920089 ecn_mark=1823 drop=0
[QUEUE_STATS] t_ms=28992 q_pkts=5 q_bytes=7520 qdelay_l_ms=1.03601 qdelay_c_ms=1.02886 ecn_mark=1823 drop=0
[QUEUE_STATS] t_ms=29008 q_pkts=2 q_bytes=3008 qdelay_l_ms=1.00766 qdelay_c_ms=0 ecn_mark=1823 drop=0
[QUEUE_STATS] t_ms=29024 q_pkts=4 q_bytes=6016 qdelay_l_ms=1.09491 qdelay_c_ms=1.08788 ecn_mark=1824 drop=0
[QUEUE_STATS] t_ms=29040 q_pkts=5 q_bytes=7520 qdelay_l_ms=1.067 qdelay_c_ms=2.10637 ecn_mark=1824 drop=0
[QUEUE_STATS] t_ms=29056 q_pkts=2 q_bytes=3008 qdelay_l_ms=0.93121 qdelay_c_ms=0 ecn_mark=1825 drop=0
[QUEUE_STATS] t_ms=29072 q_pkts=4 q_bytes=6016 qdelay_l_ms=0.895113 qdelay_c_ms=0.919759 ecn_mark=1825 drop=0
[QUEUE_STATS] t_ms=29088 q_pkts=6 q_bytes=9024 qdelay_l_ms=0.040476 qdelay_c_ms=0.034946 ecn_mark=1827 drop=0
[QUEUE_STATS] t_ms=29105 q_pkts=2 q_bytes=3008 qdelay_l_ms=1.0856 qdelay_c_ms=0 ecn_mark=1827 drop=0
[QUEUE_STATS] t_ms=29120 q_pkts=4 q_bytes=6016 qdelay_l_ms=1.09271 qdelay_c_ms=1.08575 ecn_mark=1827 drop=0
[QUEUE_STATS] t_ms=29136 q_pkts=4 q_bytes=6016 qdelay_l_ms=1.08571 qdelay_c_ms=1.07767 ecn_mark=1829 drop=0
[QUEUE_STATS] t_ms=29152 q_pkts=0 q_bytes=0 qdelay_l_ms=0 qdelay_c_ms=0 ecn_mark=1829 drop=0
[QUEUE_STATS] t_ms=29168 q_pkts=0 q_bytes=0 qdelay_l_ms=0 qdelay_c_ms=0 ecn_mark=1829 drop=0
[QUEUE_STATS] t_ms=29185 q_pkts=3 q_bytes=4512 qdelay_l_ms=1.07555 qdelay_c_ms=1.06993 ecn_mark=1830 drop=0
[QUEUE_STATS] t_ms=29200 q_pkts=2 q_bytes=3008 qdelay_l_ms=0.924638 qdelay_c_ms=0 ecn_mark=1831 drop=0
[QUEUE_STATS] t_ms=29216 q_pkts=4 q_bytes=6016 qdelay_l_ms=1.08498 qdelay_c_ms=1.07828 ecn_mark=1831 drop=0
[QUEUE_STATS] t_ms=29232 q_pkts=4 q_bytes=6016 qdelay_l_ms=1.07068 qdelay_c_ms=1.0816 ecn_mark=1832 drop=0
[QUEUE_STATS] t_ms=29248 q_pkts=2 q_bytes=3008 qdelay_l_ms=1.08405 qdelay_c_ms=0 ecn_mark=1832 drop=0
[QUEUE_STATS] t_ms=29264 q_pkts=4 q_bytes=6016 qdelay_l_ms=1.07823 qdelay_c_ms=1.07237 ecn_mark=1832 drop=0
[QUEUE_STATS] t_ms=29280 q_pkts=4 q_bytes=6016 qdelay_l_ms=1.07458 qdelay_c_ms=1.06884 ecn_mark=1833 drop=0
[QUEUE_STATS] t_ms=29296 q_pkts=4 q_bytes=6016 qdelay_l_ms=0.939346 qdelay_c_ms=0.957961 ecn_mark=1834 drop=0
[QUEUE_STATS] t_ms=29312 q_pkts=2 q_bytes=3008 qdelay_l_ms=1.06724 qdelay_c_ms=0 ecn_mark=1834 drop=0
[QUEUE_STATS] t_ms=29328 q_pkts=6 q_bytes=9024 qdelay_l_ms=1.08208 qdelay_c_ms=1.07636 ecn_mark=1834 drop=0
[QUEUE_STATS] t_ms=29344 q_pkts=6 q_bytes=9024 qdelay_l_ms=1.07864 qdelay_c_ms=2.14209 ecn_mark=1834 drop=0
[QUEUE_STATS] t_ms=29360 q_pkts=5 q_bytes=7520 qdelay_l_ms=1.03375 qdelay_c_ms=1.9368 ecn_mark=1835 drop=0
[QUEUE_STATS] t_ms=29376 q_pkts=4 q_bytes=6016 qdelay_l_ms=0.902256 qdelay_c_ms=0.897196 ecn_mark=1837 drop=0
[QUEUE_STATS] t_ms=29393 q_pkts=2 q_bytes=3008 qdelay_l_ms=1.08231 qdelay_c_ms=0 ecn_mark=1837 drop=0
[QUEUE_STATS] t_ms=29408 q_pkts=3 q_bytes=4512 qdelay_l_ms=1.08355 qdelay_c_ms=1.93894 ecn_mark=1837 drop=0
[QUEUE_STATS] t_ms=29424 q_pkts=4 q_bytes=6016 qdelay_l_ms=1.08006 qdelay_c_ms=1.07453 ecn_mark=1838 drop=0
[QUEUE_STATS] t_ms=29440 q_pkts=1 q_bytes=1504 qdelay_l_ms=0.014447 qdelay_c_ms=0 ecn_mark=1838 drop=0
[QUEUE_STATS] t_ms=29456 q_pkts=4 q_bytes=6016 qdelay_l_ms=0.887468 qdelay_c_ms=0.880004 ecn_mark=1839 drop=0
[QUEUE_STATS] t_ms=29472 q_pkts=5 q_bytes=7520 qdelay_l_ms=0.877038 qdelay_c_ms=1.973 ecn_mark=1841 drop=0
[QUEUE_STATS] t_ms=29488 q_pkts=4 q_bytes=6016 qdelay_l_ms=1.04377 qdelay_c_ms=1.03793 ecn_mark=1842 drop=0
[QUEUE_STATS] t_ms=29504 q_pkts=0 q_bytes=0 qdelay_l_ms=0 qdelay_c_ms=0 ecn_mark=1843 drop=0
[QUEUE_STATS] t_ms=29521 q_pkts=4 q_bytes=6016 qdelay_l_ms=1.09336 qdelay_c_ms=1.93994 ecn_mark=1844 drop=0
[QUEUE_STATS] t_ms=29537 q_pkts=2 q_bytes=3008 qdelay_l_ms=1.07781 qdelay_c_ms=0 ecn_mark=1845 drop=0
[QUEUE_STATS] t_ms=29552 q_pkts=4 q_bytes=6016 qdelay_l_ms=1.09561 qdelay_c_ms=1.08774 ecn_mark=1845 drop=0
[QUEUE_STATS] t_ms=29568 q_pkts=4 q_bytes=6016 qdelay_l_ms=1.07228 qdelay_c_ms=1.06595 ecn_mark=1845 drop=0
[QUEUE_STATS] t_ms=29584 q_pkts=6 q_bytes=9024 qdelay_l_ms=1.07945 qdelay_c_ms=1.0737 ecn_mark=1845 drop=0
[QUEUE_STATS] t_ms=29600 q_pkts=0 q_bytes=0 qdelay_l_ms=0 qdelay_c_ms=0 ecn_mark=1845 drop=0
[QUEUE_STATS] t_ms=29616 q_pkts=1 q_bytes=1504 qdelay_l_ms=0 qdelay_c_ms=1.13456 ecn_mark=1845 drop=0
[QUEUE_STATS] t_ms=29632 q_pkts=0 q_bytes=0 qdelay_l_ms=0 qdelay_c_ms=0 ecn_mark=1845 drop=0
[QUEUE_STATS] t_ms=29649 q_pkts=5 q_bytes=7520 qdelay_l_ms=1.09615 qdelay_c_ms=1.08972 ecn_mark=1846 drop=0
[QUEUE_STATS] t_ms=29664 q_pkts=5 q_bytes=7520 qdelay_l_ms=1.05667 qdelay_c_ms=1.05107 ecn_mark=1846 drop=0
[QUEUE_STATS] t_ms=29680 q_pkts=4 q_bytes=6016 qdelay_l_ms=1.09166 qdelay_c_ms=1.08468 ecn_mark=1846 drop=0
[QUEUE_STATS] t_ms=29696 q_pkts=4 q_bytes=6016 qdelay_l_ms=1.08982 qdelay_c_ms=1.08298 ecn_mark=1846 drop=0
[QUEUE_STATS] t_ms=29712 q_pkts=6 q_bytes=9024 qdelay_l_ms=1.07947 qdelay_c_ms=3.03506 ecn_mark=1847 drop=0
[QUEUE_STATS] t_ms=29728 q_pkts=4 q_bytes=6016 qdelay_l_ms=1.09365 qdelay_c_ms=1.0864 ecn_mark=1847 drop=0
[QUEUE_STATS] t_ms=29744 q_pkts=0 q_bytes=0 qdelay_l_ms=0 qdelay_c_ms=0 ecn_mark=1848 drop=0
[QUEUE_STATS] t_ms=29760 q_pkts=0 q_bytes=0 qdelay_l_ms=0 qdelay_c_ms=0 ecn_mark=1851 drop=0
[QUEUE_STATS] t_ms=29776 q_pkts=1 q_bytes=1504 qdelay_l_ms=0.013134 qdelay_c_ms=0 ecn_mark=1851 drop=0
[QUEUE_STATS] t_ms=29792 q_pkts=2 q_bytes=3008 qdelay_l_ms=1.06705 qdelay_c_ms=0 ecn_mark=1854 drop=0
[QUEUE_STATS] t_ms=29808 q_pkts=5 q_bytes=7520 qdelay_l_ms=1.09794 qdelay_c_ms=1.09007 ecn_mark=1855 drop=0
[QUEUE_STATS] t_ms=29824 q_pkts=3 q_bytes=4512 qdelay_l_ms=0.985522 qdelay_c_ms=2.0968 ecn_mark=1857 drop=0
[QUEUE_STATS] t_ms=29840 q_pkts=5 q_bytes=7520 qdelay_l_ms=1.10018 qdelay_c_ms=1.09369 ecn_mark=1859 drop=0
[QUEUE_STATS] t_ms=29856 q_pkts=6 q_bytes=9024 qdelay_l_ms=1.07723 qdelay_c_ms=1.07147 ecn_mark=1860 drop=0
[QUEUE_STATS] t_ms=29872 q_pkts=6 q_bytes=9024 qdelay_l_ms=0.956819 qdelay_c_ms=2.09587 ecn_mark=1860 drop=0
[QUEUE_STATS] t_ms=29888 q_pkts=4 q_bytes=6016 qdelay_l_ms=0.028674 qdelay_c_ms=0.023334 ecn_mark=1863 drop=0
[QUEUE_STATS] t_ms=29904 q_pkts=4 q_bytes=6016 qdelay_l_ms=1.06595 qdelay_c_ms=1.08756 ecn_mark=1863 drop=0
[QUEUE_STATS] t_ms=29920 q_pkts=3 q_bytes=4512 qdelay_l_ms=1.07297 qdelay_c_ms=1.06792 ecn_mark=1865 drop=0
[QUEUE_STATS] t_ms=29936 q_pkts=6 q_bytes=9024 qdelay_l_ms=0.849016 qdelay_c_ms=0.843625 ecn_mark=1866 drop=0
[QUEUE_STATS] t_ms=29952 q_pkts=4 q_bytes=6016 qdelay_l_ms=0.013396 qdelay_c_ms=1.15803 ecn_mark=1866 drop=0
[QUEUE_STATS] t_ms=29968 q_pkts=2 q_bytes=3008 qdelay_l_ms=0.028093 qdelay_c_ms=0 ecn_mark=1868 drop=0
[QUEUE_STATS] t_ms=29984 q_pkts=6 q_bytes=9024 qdelay_l_ms=1.06286 qdelay_c_ms=2.14626 ecn_mark=1869 drop=0
[QUEUE_STATS] t_ms=30000 q_pkts=5 q_bytes=7520 qdelay_l_ms=1.08143 qdelay_c_ms=1.07579 ecn_mark=1870 drop=0
[QUEUE_STATS] t_ms=30016 q_pkts=1 q_bytes=1504 qdelay_l_ms=0 qdelay_c_ms=1.12115 ecn_mark=1870 drop=0
[QUEUE_STATS] t_ms=30032 q_pkts=7 q_bytes=10528 qdelay_l_ms=1.05617 qdelay_c_ms=3.24893 ecn_mark=1871 drop=0
[QUEUE_STATS] t_ms=30048 q_pkts=5 q_bytes=7520 qdelay_l_ms=1.05182 qdelay_c_ms=1.9802 ecn_mark=1871 drop=0
[QUEUE_STATS] t_ms=30064 q_pkts=4 q_bytes=6016 qdelay_l_ms=0.942822 qdelay_c_ms=2.09649 ecn_mark=1872 drop=0
[QUEUE_STATS] t_ms=30080 q_pkts=6 q_bytes=9024 qdelay_l_ms=1.06507 qdelay_c_ms=1.05954 ecn_mark=1874 drop=0
[QUEUE_STATS] t_ms=30096 q_pkts=1 q_bytes=1504 qdelay_l_ms=0 qdelay_c_ms=1.16347 ecn_mark=1874 drop=0
[QUEUE_STATS] t_ms=30112 q_pkts=5 q_bytes=7520 qdelay_l_ms=1.06569 qdelay_c_ms=2.12743 ecn_mark=1875 drop=0
[QUEUE_STATS] t_ms=30128 q_pkts=4 q_bytes=6016 qdelay_l_ms=1.09769 qdelay_c_ms=1.08982 ecn_mark=1876 drop=0
[QUEUE_STATS] t_ms=30144 q_pkts=4 q_bytes=6016 qdelay_l_ms=1.06892 qdelay_c_ms=2.22629 ecn_mark=1877 drop=0
[QUEUE_STATS] t_ms=30160 q_pkts=5 q_bytes=7520 qdelay_l_ms=1.06909 qdelay_c_ms=1.06199 ecn_mark=1879 drop=0
[QUEUE_STATS] t_ms=30177 q_pkts=5 q_bytes=7520 qdelay_l_ms=1.09585 qdelay_c_ms=1.92089 ecn_mark=1880 drop=0
[QUEUE_STATS] t_ms=30193 q_pkts=6 q_bytes=9024 qdelay_l_ms=1.11358 qdelay_c_ms=1.95393 ecn_mark=1884 drop=0
[QUEUE_STATS] t_ms=30208 q_pkts=5 q_bytes=7520 qdelay_l_ms=1.09