[QUEUE_STATS] t_ms=33 q_pkts=0 q_bytes=0 qdelay_l_ms=0 qdelay_c_ms=0 ecn_mark=0 drop=0
[QUEUE_STATS] t_ms=94 q_pkts=0 q_bytes=0 qdelay_l_ms=0 qdelay_c_ms=0 ecn_mark=0 drop=0
[QUEUE_STATS] t_ms=137 q_pkts=0 q_bytes=0 qdelay_l_ms=0 qdelay_c_ms=0 ecn_mark=0 drop=0
[QUEUE_STATS] t_ms=180 q_pkts=0 q_bytes=0 qdelay_l_ms=0 qdelay_c_ms=0 ecn_mark=0 drop=0
[QUEUE_STATS] t_ms=223 q_pkts=0 q_bytes=0 qdelay_l_ms=0 qdelay_c_ms=0 ecn_mark=0 drop=0
[QUEUE_STATS] t_ms=224 q_pkts=4 q_bytes=264 qdelay_l_ms=1.09971 qdelay_c_ms=0 ecn_mark=0 drop=0
[QUEUE_STATS] t_ms=265 q_pkts=0 q_bytes=0 qdelay_l_ms=0 qdelay_c_ms=0 ecn_mark=0 drop=0
[QUEUE_STATS] t_ms=308 q_pkts=0 q_bytes=0 qdelay_l_ms=0 qdelay_c_ms=0 ecn_mark=0 drop=0
[QUEUE_STATS] t_ms=350 q_pkts=0 q_bytes=0 qdelay_l_ms=0 qdelay_c_ms=0 ecn_mark=0 drop=0
[QUEUE_STATS] t_ms=352 q_pkts=3 q_bytes=1640 qdelay_l_ms=1.07843 qdelay_c_ms=0 ecn_mark=0 drop=0
[QUEUE_STATS] t_ms=368 q_pkts=1 q_bytes=1504 qdelay_l_ms=1.06016 qdelay_c_ms=0 ecn_mark=0 drop=0
[QUEUE_STATS] t_ms=392 q_pkts=0 q_bytes=0 qdelay_l_ms=0 qdelay_c_ms=0 ecn_mark=0 drop=0
[QUEUE_STATS] t_ms=400 q_pkts=17 q_bytes=25568 qdelay_l_ms=1.06722 qdelay_c_ms=3.63358 ecn_mark=0 drop=0
[QUEUE_STATS] t_ms=416 q_pkts=2 q_bytes=3008 qdelay_l_ms=0.933083 qdelay_c_ms=0 ecn_mark=0 drop=0
[QUEUE_STATS] t_ms=434 q_pkts=0 q_bytes=0 qdelay_l_ms=0 qdelay_c_ms=0 ecn_mark=0 drop=0
[QUEUE_STATS] t_ms=448 q_pkts=42 q_bytes=63168 qdelay_l_ms=1.08374 qdelay_c_ms=8.11007 ecn_mark=0 drop=0
[QUEUE_STATS] t_ms=465 q_pkts=43 q_bytes=64672 qdelay_l_ms=3.19513 qdelay_c_ms=20.1907 ecn_mark=0 drop=0
[QUEUE_STATS] t_ms=480 q_pkts=12 q_bytes=18048 qdelay_l_ms=1.83618 qdelay_c_ms=1.01689 ecn_mark=0 drop=0
[QUEUE_STATS] t_ms=496 q_pkts=68 q_bytes=102272 qdelay_l_ms=4.33992 qdelay_c_ms=15.7788 ecn_mark=0 drop=0
[QUEUE_STATS] t_ms=512 q_pkts=141 q_bytes=212064 qdelay_l_ms=10.3809 qdelay_c_ms=30.3923 ecn_mark=1 drop=0
[QUEUE_STATS] t_ms=528 q_pkts=160 q_bytes=240640 qdelay_l_ms=5.92692 qdelay_c_ms=44.192 ecn_mark=36 drop=0
[QUEUE_STATS] t_ms=544 q_pkts=215 q_bytes=323360 qdelay_l_ms=13.0261 qdelay_c_ms=59.4114 ecn_mark=57 drop=0
[QUEUE_STATS] t_ms=561 q_pkts=214 q_bytes=321856 qdelay_l_ms=21.1182 qdelay_c_ms=74.0812 ecn_mark=121 drop=0
[QUEUE_STATS] t_ms=576 q_pkts=179 q_bytes=269216 qdelay_l_ms=29.1287 qdelay_c_ms=87.0319 ecn_mark=177 drop=0
[QUEUE_STATS] t_ms=593 q_pkts=115 q_bytes=172960 qdelay_l_ms=0 qdelay_c_ms=97.4451 ecn_mark=233 drop=0
[QUEUE_STATS] t_ms=608 q_pkts=88 q_bytes=132352 qdelay_l_ms=0.966256 qdelay_c_ms=101.07 ecn_mark=233 drop=0
[QUEUE_STATS] t_ms=624 q_pkts=64 q_bytes=96256 qdelay_l_ms=0.930448 qdelay_c_ms=112.679 ecn_mark=233 drop=0
[QUEUE_STATS] t_ms=641 q_pkts=60 q_bytes=90240 qdelay_l_ms=1.04295 qdelay_c_ms=76.7468 ecn_mark=233 drop=0
[QUEUE_STATS] t_ms=656 q_pkts=46 q_bytes=69184 qdelay_l_ms=1.06807 qdelay_c_ms=21.4108 ecn_mark=233 drop=0
[QUEUE_STATS] t_ms=672 q_pkts=44 q_bytes=66176 qdelay_l_ms=1.05789 qdelay_c_ms=19.9986 ecn_mark=233 drop=0
[QUEUE_STATS] t_ms=688 q_pkts=41 q_bytes=61664 qdelay_l_ms=1.04724 qdelay_c_ms=19.229 ecn_mark=233 drop=0
[QUEUE_STATS] t_ms=704 q_pkts=53 q_bytes=79712 qdelay_l_ms=1.04763 qdelay_c_ms=16.0176 ecn_mark=233 drop=0
[QUEUE_STATS] t_ms=720 q_pkts=53 q_bytes=79712 qdelay_l_ms=1.07958 qdelay_c_ms=22.2863 ecn_mark=233 drop=0
[QUEUE_STATS] t_ms=736 q_pkts=55 q_bytes=82720 qdelay_l_ms=0.840169 qdelay_c_ms=22.2201 ecn_mark=233 drop=0
[QUEUE_STATS] t_ms=752 q_pkts=59 q_bytes=88736 qdelay_l_ms=1.02691 qdelay_c_ms=23.2512 ecn_mark=233 drop=0
[QUEUE_STATS] t_ms=768 q_pkts=61 q_bytes=91744 qdelay_l_ms=0.779936 qdelay_c_ms=25.0426 ecn_mark=233 drop=0
[QUEUE_STATS] t_ms=784 q_pkts=65 q_bytes=97760 qdelay_l_ms=1.01264 qdelay_c_ms=26.0778 ecn_mark=233 drop=0
[QUEUE_STATS] t_ms=800 q_pkts=66 q_bytes=99264 qdelay_l_ms=1.02597 qdelay_c_ms=24.8794 ecn_mark=233 drop=0
[QUEUE_STATS] t_ms=816 q_pkts=65 q_bytes=97760 qdelay_l_ms=1.00484 qdelay_c_ms=26.7624 ecn_mark=233 drop=0
[QUEUE_STATS] t_ms=832 q_pkts=71 q_bytes=106784 qdelay_l_ms=1.01228 qdelay_c_ms=29.087 ecn_mark=233 drop=0
[QUEUE_STATS] t_ms=848 q_pkts=73 q_bytes=109792 qdelay_l_ms=0.98409 qdelay_c_ms=29.2291 ecn_mark=233 drop=0
[QUEUE_STATS] t_ms=864 q_pkts=74 q_bytes=111296 qdelay_l_ms=1.08605 qdelay_c_ms=29.9419 ecn_mark=233 drop=0
[QUEUE_STATS] t_ms=880 q_pkts=76 q_bytes=114304 qdelay_l_ms=0.988889 qdelay_c_ms=32.9359 ecn_mark=233 drop=0
[QUEUE_STATS] t_ms=896 q_pkts=79 q_bytes=117392 qdelay_l_ms=1.05892 qdelay_c_ms=30.7686 ecn_mark=233 drop=0
[QUEUE_STATS] t_ms=912 q_pkts=80 q_bytes=118896 qdelay_l_ms=0.987887 qdelay_c_ms=32.6921 ecn_mark=233 drop=0
[QUEUE_STATS] t_ms=928 q_pkts=84 q_bytes=124912 qdelay_l_ms=0 qdelay_c_ms=33.8599 ecn_mark=233 drop=0
[QUEUE_STATS] t_ms=944 q_pkts=85 q_bytes=126416 qdelay_l_ms=0.957019 qdelay_c_ms=33.896 ecn_mark=233 drop=0
[QUEUE_STATS] t_ms=960 q_pkts=86 q_bytes=127920 qdelay_l_ms=0.970634 qdelay_c_ms=36.559 ecn_mark=233 drop=0
[QUEUE_STATS] t_ms=977 q_pkts=88 q_bytes=132352 qdelay_l_ms=1.07543 qdelay_c_ms=37.0921 ecn_mark=233 drop=0
[QUEUE_STATS] t_ms=992 q_pkts=90 q_bytes=135360 qdelay_l_ms=1.09447 qdelay_c_ms=36.9722 ecn_mark=233 drop=0
[QUEUE_STATS] t_ms=1008 q_pkts=90 q_bytes=135360 qdelay_l_ms=1.04825 qdelay_c_ms=39.9493 ecn_mark=233 drop=0
[QUEUE_STATS] t_ms=1024 q_pkts=94 q_bytes=141376 qdelay_l_ms=1.06073 qdelay_c_ms=40.0209 ecn_mark=233 drop=0
[QUEUE_STATS] t_ms=1040 q_pkts=98 q_bytes=147392 qdelay_l_ms=1.07642 qdelay_c_ms=39.9535 ecn_mark=233 drop=0
[QUEUE_STATS] t_ms=1056 q_pkts=99 q_bytes=148896 qdelay_l_ms=0.924698 qdelay_c_ms=43.8798 ecn_mark=233 drop=0
[QUEUE_STATS] t_ms=1073 q_pkts=100 q_bytes=150400 qdelay_l_ms=1.05542 qdelay_c_ms=43.2014 ecn_mark=233 drop=0
[QUEUE_STATS] t_ms=1088 q_pkts=103 q_bytes=154912 qdelay_l_ms=0.942171 qdelay_c_ms=43.7523 ecn_mark=233 drop=0
[QUEUE_STATS] t_ms=1104 q_pkts=106 q_bytes=159424 qdelay_l_ms=1.06794 qdelay_c_ms=46.0222 ecn_mark=233 drop=0
[QUEUE_STATS] t_ms=1120 q_pkts=107 q_bytes=160928 qdelay_l_ms=1.08828 qdelay_c_ms=45.9977 ecn_mark=233 drop=0
[QUEUE_STATS] t_ms=1136 q_pkts=110 q_bytes=165440 qdelay_l_ms=1.0654 qdelay_c_ms=48.0306 ecn_mark=233 drop=0
[QUEUE_STATS] t_ms=1152 q_pkts=111 q_bytes=166944 qdelay_l_ms=1.06264 qdelay_c_ms=48.9449 ecn_mark=233 drop=0
[QUEUE_STATS] t_ms=1168 q_pkts=112 q_bytes=168448 qdelay_l_ms=1.03003 qdelay_c_ms=50.0389 ecn_mark=233 drop=0
[QUEUE_STATS] t_ms=1184 q_pkts=114 q_bytes=171456 qdelay_l_ms=0.900182 qdelay_c_ms=50.9439 ecn_mark=233 drop=0
[QUEUE_STATS] t_ms=1200 q_pkts=118 q_bytes=177472 qdelay_l_ms=1.08838 qdelay_c_ms=52.9681 ecn_mark=233 drop=0
[QUEUE_STATS] t_ms=1216 q_pkts=119 q_bytes=178976 qdelay_l_ms=1.07723 qdelay_c_ms=53.2227 ecn_mark=233 drop=0
[QUEUE_STATS] t_ms=1232 q_pkts=122 q_bytes=183488 qdelay_l_ms=0.866859 qdelay_c_ms=53.8075 ecn_mark=233 drop=0
[QUEUE_STATS] t_ms=1248 q_pkts=123 q_bytes=184992 qdelay_l_ms=0.941881 qdelay_c_ms=54.8693 ecn_mark=234 drop=0
[QUEUE_STATS] t_ms=1264 q_pkts=123 q_bytes=184992 qdelay_l_ms=0.900763 qdelay_c_ms=57.7662 ecn_mark=234 drop=0
[QUEUE_STATS] t_ms=1280 q_pkts=128 q_bytes=192512 qdelay_l_ms=1.11196 qdelay_c_ms=54.939 ecn_mark=234 drop=0
[QUEUE_STATS] t_ms=1296 q_pkts=120 q_bytes=180480 qdelay_l_ms=1.04946 qdelay_c_ms=56.1788 ecn_mark=234 drop=0
[QUEUE_STATS] t_ms=1312 q_pkts=110 q_bytes=165440 qdelay_l_ms=1.06424 qdelay_c_ms=49.6822 ecn_mark=234 drop=0
[QUEUE_STATS] t_ms=1328 q_pkts=112 q_bytes=168448 qdelay_l_ms=1.07603 qdelay_c_ms=50.4929 ecn_mark=236 drop=0
[QUEUE_STATS] t_ms=1344 q_pkts=120 q_bytes=180480 qdelay_l_ms=1.08751 qdelay_c_ms=47.4239 ecn_mark=236 drop=0
[QUEUE_STATS] t_ms=1360 q_pkts=117 q_bytes=175968 qdelay_l_ms=0 qdelay_c_ms=44.9242 ecn_mark=236 drop=0
[QUEUE_STATS] t_ms=1377 q_pkts=109 q_bytes=163936 qdelay_l_ms=1.06601 qdelay_c_ms=42.0569 ecn_mark=236 drop=0
[QUEUE_STATS] t_ms=1392 q_pkts=111 q_bytes=166944 qdelay_l_ms=1.08262 qdelay_c_ms=44.1367 ecn_mark=236 drop=0
[QUEUE_STATS] t_ms=1408 q_pkts=119 q_bytes=178976 qdelay_l_ms=1.05862 qdelay_c_ms=41.8398 ecn_mark=236 drop=0
[QUEUE_STATS] t_ms=1424 q_pkts=120 q_bytes=180480 qdelay_l_ms=1.10113 qdelay_c_ms=40.9427 ecn_mark=236 drop=0
[QUEUE_STATS] t_ms=1440 q_pkts=122 q_bytes=183488 qdelay_l_ms=0.988177 qdelay_c_ms=42.0333 ecn_mark=236 drop=0
[QUEUE_STATS] t_ms=1456 q_pkts=125 q_bytes=188000 qdelay_l_ms=1.0574 qdelay_c_ms=44.9571 ecn_mark=236 drop=0
[QUEUE_STATS] t_ms=1472 q_pkts=127 q_bytes=191008 qdelay_l_ms=1.05337 qdelay_c_ms=45.1595 ecn_mark=236 drop=0
[QUEUE_STATS] t_ms=1488 q_pkts=130 q_bytes=195520 qdelay_l_ms=1.07839 qdelay_c_ms=46.9081 ecn_mark=236 drop=0
[QUEUE_STATS] t_ms=1504 q_pkts=129 q_bytes=194016 qdelay_l_ms=0 qdelay_c_ms=47.168 ecn_mark=236 drop=0
[QUEUE_STATS] t_ms=1520 q_pkts=134 q_bytes=201536 qdelay_l_ms=1.10068 qdelay_c_ms=49.2155 ecn_mark=236 drop=0
[QUEUE_STATS] t_ms=1536 q_pkts=136 q_bytes=204544 qdelay_l_ms=0 qdelay_c_ms=50.0176 ecn_mark=236 drop=0
[QUEUE_STATS] t_ms=1552 q_pkts=139 q_bytes=209056 qdelay_l_ms=0.856119 qdelay_c_ms=51.0734 ecn_mark=237 drop=0
[QUEUE_STATS] t_ms=1568 q_pkts=142 q_bytes=213568 qdelay_l_ms=1.10903 qdelay_c_ms=52.4789 ecn_mark=237 drop=0
[QUEUE_STATS] t_ms=1585 q_pkts=142 q_bytes=213568 qdelay_l_ms=0 qdelay_c_ms=51.9514 ecn_mark=237 drop=0
[QUEUE_STATS] t_ms=1601 q_pkts=136 q_bytes=204544 qdelay_l_ms=1.09673 qdelay_c_ms=49.8812 ecn_mark=237 drop=0
[QUEUE_STATS] t_ms=1616 q_pkts=135 q_bytes=203040 qdelay_l_ms=0.985652 qdelay_c_ms=49.3419 ecn_mark=237 drop=0
[QUEUE_STATS] t_ms=1632 q_pkts=145 q_bytes=218080 qdelay_l_ms=1.07182 qdelay_c_ms=49.9689 ecn_mark=238 drop=0
[QUEUE_STATS] t_ms=1648 q_pkts=147 q_bytes=221088 qdelay_l_ms=1.02529 qdelay_c_ms=50.4574 ecn_mark=238 drop=0
[QUEUE_STATS] t_ms=1664 q_pkts=151 q_bytes=227104 qdelay_l_ms=1.00023 qdelay_c_ms=49.5546 ecn_mark=238 drop=0
[QUEUE_STATS] t_ms=1680 q_pkts=146 q_bytes=219584 qdelay_l_ms=0.974912 qdelay_c_ms=51.0583 ecn_mark=238 drop=0
[QUEUE_STATS] t_ms=1696 q_pkts=143 q_bytes=215072 qdelay_l_ms=1.06301 qdelay_c_ms=51.0582 ecn_mark=238 drop=0
[QUEUE_STATS] t_ms=1712 q_pkts=152 q_bytes=228608 qdelay_l_ms=1.06032 qdelay_c_ms=51.7623 ecn_mark=238 drop=0
[QUEUE_STATS] t_ms=1728 q_pkts=153 q_bytes=230112 qdelay_l_ms=1.02667 qdelay_c_ms=51.9584 ecn_mark=238 drop=0
[QUEUE_STATS] t_ms=1744 q_pkts=155 q_bytes=233120 qdelay_l_ms=1.04054 qdelay_c_ms=51.2215 ecn_mark=238 drop=0
[QUEUE_STATS] t_ms=1760 q_pkts=161 q_bytes=242144 qdelay_l_ms=0 qdelay_c_ms=52.2898 ecn_mark=238 drop=0
[QUEUE_STATS] t_ms=1776 q_pkts=160 q_bytes=240640 qdelay_l_ms=0.900512 qdelay_c_ms=53.9712 ecn_mark=240 drop=0
[QUEUE_STATS] t_ms=1792 q_pkts=162 q_bytes=243648 qdelay_l_ms=1.03244 qdelay_c_ms=55.949 ecn_mark=240 drop=0
[QUEUE_STATS] t_ms=1808 q_pkts=169 q_bytes=254176 qdelay_l_ms=1.0769 qdelay_c_ms=56.9098 ecn_mark=240 drop=0
[QUEUE_STATS] t_ms=1824 q_pkts=164 q_bytes=246656 qdelay_l_ms=1.03678 qdelay_c_ms=56.2021 ecn_mark=240 drop=0
[QUEUE_STATS] t_ms=1840 q_pkts=165 q_bytes=248160 qdelay_l_ms=0.727918 qdelay_c_ms=57.1074 ecn_mark=240 drop=0
[QUEUE_STATS] t_ms=1856 q_pkts=168 q_bytes=252672 qdelay_l_ms=0 qdelay_c_ms=57.0357 ecn_mark=240 drop=0
[QUEUE_STATS] t_ms=1872 q_pkts=172 q_bytes=258688 qdelay_l_ms=1.10438 qdelay_c_ms=57.2396 ecn_mark=240 drop=0
[QUEUE_STATS] t_ms=1888 q_pkts=174 q_bytes=261696 qdelay_l_ms=1.08546 qdelay_c_ms=58.0665 ecn_mark=240 drop=0
[QUEUE_STATS] t_ms=1904 q_pkts=177 q_bytes=266208 qdelay_l_ms=1.1089 qdelay_c_ms=58.2079 ecn_mark=240 drop=0
[QUEUE_STATS] t_ms=1920 q_pkts=180 q_bytes=270720 qdelay_l_ms=1.08108 qdelay_c_ms=60.2257 ecn_mark=240 drop=0
[QUEUE_STATS] t_ms=1936 q_pkts=182 q_bytes=273728 qdelay_l_ms=1.06031 qdelay_c_ms=60.7899 ecn_mark=240 drop=0
[QUEUE_STATS] t_ms=1952 q_pkts=188 q_bytes=282752 qdelay_l_ms=1.1046 qdelay_c_ms=61.3843 ecn_mark=240 drop=0
[QUEUE_STATS] t_ms=1968 q_pkts=188 q_bytes=282752 qdelay_l_ms=1.0303 qdelay_c_ms=64.0187 ecn_mark=240 drop=0
[QUEUE_STATS] t_ms=1984 q_pkts=191 q_bytes=287264 qdelay_l_ms=0 qdelay_c_ms=64.8949 ecn_mark=240 drop=0
[QUEUE_STATS] t_ms=2000 q_pkts=195 q_bytes=293280 qdelay_l_ms=1.06061 qdelay_c_ms=65.1217 ecn_mark=240 drop=0
[QUEUE_STATS] t_ms=2016 q_pkts=196 q_bytes=294784 qdelay_l_ms=1.06403 qdelay_c_ms=66.7426 ecn_mark=240 drop=0
[QUEUE_STATS] t_ms=2032 q_pkts=198 q_bytes=297792 qdelay_l_ms=1.07387 qdelay_c_ms=67.4979 ecn_mark=240 drop=0
[QUEUE_STATS] t_ms=2049 q_pkts=200 q_bytes=300800 qdelay_l_ms=1.04381 qdelay_c_ms=68.0618 ecn_mark=240 drop=0
[QUEUE_STATS] t_ms=2064 q_pkts=202 q_bytes=303808 qdelay_l_ms=1.07334 qdelay_c_ms=70.1832 ecn_mark=240 drop=0
[QUEUE_STATS] t_ms=2080 q_pkts=205 q_bytes=308320 qdelay_l_ms=1.10414 qdelay_c_ms=69.7151 ecn_mark=240 drop=0
[QUEUE_STATS] t_ms=2096 q_pkts=208 q_bytes=312832 qdelay_l_ms=0.977888 qdelay_c_ms=72.0734 ecn_mark=241 drop=0
[QUEUE_STATS] t_ms=2112 q_pkts=211 q_bytes=317344 qdelay_l_ms=1.09029 qdelay_c_ms=73.078 ecn_mark=241 drop=0
[QUEUE_STATS] t_ms=2128 q_pkts=210 q_bytes=315840 qdelay_l_ms=1.10078 qdelay_c_ms=73.1113 ecn_mark=241 drop=0
[QUEUE_STATS] t_ms=2144 q_pkts=208 q_bytes=312832 qdelay_l_ms=0 qdelay_c_ms=73.1996 ecn_mark=241 drop=0
[QUEUE_STATS] t_ms=2160 q_pkts=215 q_bytes=323360 qdelay_l_ms=1.06135 qdelay_c_ms=74.5406 ecn_mark=241 drop=0
[QUEUE_STATS] t_ms=2176 q_pkts=216 q_bytes=324864 qdelay_l_ms=1.02578 qdelay_c_ms=75.0029 ecn_mark=241 drop=0
[QUEUE_STATS] t_ms=2192 q_pkts=221 q_bytes=332384 qdelay_l_ms=1.00825 qdelay_c_ms=76.3107 ecn_mark=241 drop=0
[QUEUE_STATS] t_ms=2209 q_pkts=223 q_bytes=335392 qdelay_l_ms=1.06564 qdelay_c_ms=78.0474 ecn_mark=241 drop=0
[QUEUE_STATS] t_ms=2224 q_pkts=226 q_bytes=339904 qdelay_l_ms=1.04099 qdelay_c_ms=77.2033 ecn_mark=241 drop=0
[QUEUE_STATS] t_ms=2240 q_pkts=228 q_bytes=342912 qdelay_l_ms=1.06348 qdelay_c_ms=79.1568 ecn_mark=241 drop=0
[QUEUE_STATS] t_ms=2256 q_pkts=231 q_bytes=347424 qdelay_l_ms=1.06531 qdelay_c_ms=80.2831 ecn_mark=241 drop=0
[QUEUE_STATS] t_ms=2272 q_pkts=234 q_bytes=351936 qdelay_l_ms=1.08895 qdelay_c_ms=80.9854 ecn_mark=241 drop=0
[QUEUE_STATS] t_ms=2289 q_pkts=237 q_bytes=356448 qdelay_l_ms=1.05785 qdelay_c_ms=81.9007 ecn_mark=241 drop=0
[QUEUE_STATS] t_ms=2304 q_pkts=239 q_bytes=359456 qdelay_l_ms=1.06237 qdelay_c_ms=84.1281 ecn_mark=243 drop=0
[QUEUE_STATS] t_ms=2320 q_pkts=241 q_bytes=362464 qdelay_l_ms=1.06045 qdelay_c_ms=85.2204 ecn_mark=243 drop=0
[QUEUE_STATS] t_ms=2336 q_pkts=242 q_bytes=363968 qdelay_l_ms=1.06747 qdelay_c_ms=85.8468 ecn_mark=243 drop=0
[QUEUE_STATS] t_ms=2352 q_pkts=243 q_bytes=365472 qdelay_l_ms=1.06316 qdelay_c_ms=85.8083 ecn_mark=243 drop=0
[QUEUE_STATS] t_ms=2368 q_pkts=246 q_bytes=369984 qdelay_l_ms=1.07851 qdelay_c_ms=86.8492 ecn_mark=243 drop=0
[QUEUE_STATS] t_ms=2384 q_pkts=251 q_bytes=377504 qdelay_l_ms=1.08982 qdelay_c_ms=88.5203 ecn_mark=243 drop=0
[QUEUE_STATS] t_ms=2400 q_pkts=251 q_bytes=377504 qdelay_l_ms=1.08015 qdelay_c_ms=89.2067 ecn_mark=243 drop=0
[QUEUE_STATS] t_ms=2416 q_pkts=254 q_bytes=382016 qdelay_l_ms=1.06913 qdelay_c_ms=89.8604 ecn_mark=243 drop=0
[QUEUE_STATS] t_ms=2432 q_pkts=256 q_bytes=385024 qdelay_l_ms=1.0632 qdelay_c_ms=91.138 ecn_mark=243 drop=0
[QUEUE_STATS] t_ms=2448 q_pkts=259 q_bytes=389536 qdelay_l_ms=0.943233 qdelay_c_ms=91.3613 ecn_mark=243 drop=0
[QUEUE_STATS] t_ms=2464 q_pkts=262 q_bytes=394048 qdelay_l_ms=1.0718 qdelay_c_ms=93.1798 ecn_mark=243 drop=0
[QUEUE_STATS] t_ms=2480 q_pkts=266 q_bytes=400064 qdelay_l_ms=1.02415 qdelay_c_ms=94.2418 ecn_mark=243 drop=0
[QUEUE_STATS] t_ms=2496 q_pkts=268 q_bytes=403072 qdelay_l_ms=1.08007 qdelay_c_ms=94.6536 ecn_mark=243 drop=0
[QUEUE_STATS] t_ms=2513 q_pkts=269 q_bytes=404576 qdelay_l_ms=1.06835 qdelay_c_ms=96.0687 ecn_mark=243 drop=0
[QUEUE_STATS] t_ms=2528 q_pkts=271 q_bytes=407584 qdelay_l_ms=1.0399 qdelay_c_ms=97.241 ecn_mark=243 drop=0
[QUEUE_STATS] t_ms=2544 q_pkts=273 q_bytes=410592 qdelay_l_ms=1.06839 qdelay_c_ms=97.8783 ecn_mark=244 drop=0
[QUEUE_STATS] t_ms=2560 q_pkts=275 q_bytes=413600 qdelay_l_ms=0.007975 qdelay_c_ms=97.9682 ecn_mark=244 drop=0
[QUEUE_STATS] t_ms=2576 q_pkts=279 q_bytes=419616 qdelay_l_ms=0.999909 qdelay_c_ms=99.8048 ecn_mark=244 drop=0
[QUEUE_STATS] t_ms=2592 q_pkts=280 q_bytes=421120 qdelay_l_ms=1.03406 qdelay_c_ms=101.968 ecn_mark=244 drop=0
[QUEUE_STATS] t_ms=2608 q_pkts=282 q_bytes=424128 qdelay_l_ms=1.08163 qdelay_c_ms=102.16 ecn_mark=244 drop=0
[QUEUE_STATS] t_ms=2624 q_pkts=279 q_bytes=419616 qdelay_l_ms=0 qdelay_c_ms=103.057 ecn_mark=244 drop=0
[QUEUE_STATS] t_ms=2640 q_pkts=288 q_bytes=433152 qdelay_l_ms=1.0629 qdelay_c_ms=105.365 ecn_mark=244 drop=0
[QUEUE_STATS] t_ms=2656 q_pkts=290 q_bytes=436160 qdelay_l_ms=1.06706 qdelay_c_ms=105.216 ecn_mark=245 drop=0
[QUEUE_STATS] t_ms=2672 q_pkts=293 q_bytes=440672 qdelay_l_ms=1.06481 qdelay_c_ms=106.805 ecn_mark=245 drop=0
[QUEUE_STATS] t_ms=2688 q_pkts=288 q_bytes=433152 qdelay_l_ms=0 qdelay_c_ms=105.626 ecn_mark=246 drop=0
[QUEUE_STATS] t_ms=2704 q_pkts=294 q_bytes=442176 qdelay_l_ms=1.07583 qdelay_c_ms=108.053 ecn_mark=246 drop=0
[QUEUE_STATS] t_ms=2721 q_pkts=299 q_bytes=449696 qdelay_l_ms=1.06058 qdelay_c_ms=109.859 ecn_mark=246 drop=0
[QUEUE_STATS] t_ms=2736 q_pkts=298 q_bytes=448192 qdelay_l_ms=1.06021 qdelay_c_ms=110.076 ecn_mark=246 drop=0
[QUEUE_STATS] t_ms=2753 q_pkts=300 q_bytes=451200 qdelay_l_ms=1.05584 qdelay_c_ms=111.018 ecn_mark=247 drop=0
[QUEUE_STATS] t_ms=2768 q_pkts=305 q_bytes=458720 qdelay_l_ms=1.06026 qdelay_c_ms=112.444 ecn_mark=247 drop=0
[QUEUE_STATS] t_ms=2784 q_pkts=308 q_bytes=460312 qdelay_l_ms=1.05116 qdelay_c_ms=112.95 ecn_mark=247 drop=0
[QUEUE_STATS] t_ms=2800 q_pkts=310 q_bytes=463320 qdelay_l_ms=1.0614 qdelay_c_ms=114.31 ecn_mark=248 drop=0
[QUEUE_STATS] t_ms=2816 q_pkts=315 q_bytes=470840 qdelay_l_ms=0.876307 qdelay_c_ms=115.777 ecn_mark=248 drop=0
[QUEUE_STATS] t_ms=2832 q_pkts=316 q_bytes=472344 qdelay_l_ms=1.06487 qdelay_c_ms=115.924 ecn_mark=248 drop=0
[QUEUE_STATS] t_ms=2848 q_pkts=313 q_bytes=467832 qdelay_l_ms=0 qdelay_c_ms=116.729 ecn_mark=249 drop=0
[QUEUE_STATS] t_ms=2864 q_pkts=323 q_bytes=482872 qdelay_l_ms=1.04801 qdelay_c_ms=117.942 ecn_mark=250 drop=0
[QUEUE_STATS] t_ms=2880 q_pkts=323 q_bytes=482872 qdelay_l_ms=1.03188 qdelay_c_ms=119.126 ecn_mark=250 drop=0
[QUEUE_STATS] t_ms=2896 q_pkts=323 q_bytes=482872 qdelay_l_ms=1.05733 qdelay_c_ms=119.699 ecn_mark=250 drop=0
[QUEUE_STATS] t_ms=2912 q_pkts=326 q_bytes=490304 qdelay_l_ms=1.05115 qdelay_c_ms=121.786 ecn_mark=250 drop=0
[QUEUE_STATS] t_ms=2928 q_pkts=329 q_bytes=494816 qdelay_l_ms=1.06282 qdelay_c_ms=121.876 ecn_mark=250 drop=0
[QUEUE_STATS] t_ms=2944 q_pkts=328 q_bytes=493312 qdelay_l_ms=1.05903 qdelay_c_ms=122.832 ecn_mark=250 drop=0
[QUEUE_STATS] t_ms=2960 q_pkts=329 q_bytes=494816 qdelay_l_ms=0 qdelay_c_ms=123.036 ecn_mark=250 drop=0
[QUEUE_STATS] t_ms=2976 q_pkts=335 q_bytes=503840 qdelay_l_ms=1.08482 qdelay_c_ms=124.905 ecn_mark=250 drop=0
[QUEUE_STATS] t_ms=2993 q_pkts=335 q_bytes=503840 qdelay_l_ms=1.05808 qdelay_c_ms=125.729 ecn_mark=250 drop=0
[QUEUE_STATS] t_ms=3009 q_pkts=337 q_bytes=506848 qdelay_l_ms=1.05829 qdelay_c_ms=128.202 ecn_mark=250 drop=0
[QUEUE_STATS] t_ms=3025 q_pkts=343 q_bytes=515872 qdelay_l_ms=1.06714 qdelay_c_ms=127.926 ecn_mark=250 drop=0
[QUEUE_STATS] t_ms=3040 q_pkts=344 q_bytes=517376 qdelay_l_ms=1.06112 qdelay_c_ms=129.451 ecn_mark=250 drop=0
[QUEUE_STATS] t_ms=3056 q_pkts=345 q_bytes=518880 qdelay_l_ms=1.06352 qdelay_c_ms=132.185 ecn_mark=250 drop=0
[QUEUE_STATS] t_ms=3072 q_pkts=349 q_bytes=524896 qdelay_l_ms=1.06021 qdelay_c_ms=132.028 ecn_mark=251 drop=0
[QUEUE_STATS] t_ms=3088 q_pkts=351 q_bytes=527904 qdelay_l_ms=1.07822 qdelay_c_ms=132.51 ecn_mark=251 drop=0
[QUEUE_STATS] t_ms=3105 q_pkts=353 q_bytes=530912 qdelay_l_ms=1.06101 qdelay_c_ms=134.949 ecn_mark=251 drop=0
[QUEUE_STATS] t_ms=3120 q_pkts=354 q_bytes=532416 qdelay_l_ms=1.06962 qdelay_c_ms=136.117 ecn_mark=252 drop=0
[QUEUE_STATS] t_ms=3136 q_pkts=356 q_bytes=535424 qdelay_l_ms=1.0716 qdelay_c_ms=137.102 ecn_mark=252 drop=0
[QUEUE_STATS] t_ms=3152 q_pkts=358 q_bytes=538432 qdelay_l_ms=0 qdelay_c_ms=137.741 ecn_mark=252 drop=0
[QUEUE_STATS] t_ms=3168 q_pkts=358 q_bytes=538432 qdelay_l_ms=1.03229 qdelay_c_ms=139.109 ecn_mark=253 drop=0
[QUEUE_STATS] t_ms=3184 q_pkts=361 q_bytes=542944 qdelay_l_ms=1.06204 qdelay_c_ms=139.888 ecn_mark=254 drop=0
[QUEUE_STATS] t_ms=3200 q_pkts=365 q_bytes=548960 qdelay_l_ms=1.07585 qdelay_c_ms=140.034 ecn_mark=255 drop=0
[QUEUE_STATS] t_ms=3216 q_pkts=363 q_bytes=545952 qdelay_l_ms=1.06511 qdelay_c_ms=141.867 ecn_mark=255 drop=0
[QUEUE_STATS] t_ms=3232 q_pkts=367 q_bytes=551968 qdelay_l_ms=1.06541 qdelay_c_ms=143.479 ecn_mark=255 drop=0
[QUEUE_STATS] t_ms=3248 q_pkts=373 q_bytes=560992 qdelay_l_ms=1.08979 qdelay_c_ms=145.234 ecn_mark=256 drop=0
[QUEUE_STATS] t_ms=3264 q_pkts=373 q_bytes=560992 qdelay_l_ms=1.0474 qdelay_c_ms=144.844 ecn_mark=257 drop=0
[QUEUE_STATS] t_ms=3280 q_pkts=376 q_bytes=565504 qdelay_l_ms=1.02837 qdelay_c_ms=145.886 ecn_mark=257 drop=0
[QUEUE_STATS] t_ms=3296 q_pkts=379 q_bytes=570016 qdelay_l_ms=1.04104 qdelay_c_ms=147.182 ecn_mark=257 drop=0
[QUEUE_STATS] t_ms=3312 q_pkts=378 q_bytes=568512 qdelay_l_ms=1.05911 qdelay_c_ms=148.847 ecn_mark=257 drop=0
[QUEUE_STATS] t_ms=3328 q_pkts=380 q_bytes=571520 qdelay_l_ms=1.05223 qdelay_c_ms=150.413 ecn_mark=257 drop=0
[QUEUE_STATS] t_ms=3344 q_pkts=385 q_bytes=579040 qdelay_l_ms=1.06878 qdelay_c_ms=150.649 ecn_mark=257 drop=0
[QUEUE_STATS] t_ms=3360 q_pkts=386 q_bytes=580544 qdelay_l_ms=1.08416 qdelay_c_ms=152.064 ecn_mark=257 drop=0
[QUEUE_STATS] t_ms=3376 q_pkts=388 q_bytes=583552 qdelay_l_ms=1.08442 qdelay_c_ms=152.808 ecn_mark=257 drop=0
[QUEUE_STATS] t_ms=3392 q_pkts=392 q_bytes=589568 qdelay_l_ms=0 qdelay_c_ms=153.664 ecn_mark=257 drop=0
[QUEUE_STATS] t_ms=3408 q_pkts=392 q_bytes=589568 qdelay_l_ms=1.03962 qdelay_c_ms=155.913 ecn_mark=257 drop=0
[QUEUE_STATS] t_ms=3424 q_pkts=396 q_bytes=595584 qdelay_l_ms=1.01906 qdelay_c_ms=157.595 ecn_mark=257 drop=0
[QUEUE_STATS] t_ms=3440 q_pkts=397 q_bytes=597088 qdelay_l_ms=1.02076 qdelay_c_ms=157.054 ecn_mark=257 drop=0
[QUEUE_STATS] t_ms=3456 q_pkts=400 q_bytes=601600 qdelay_l_ms=1.08056 qdelay_c_ms=160.101 ecn_mark=257 drop=0
[QUEUE_STATS] t_ms=3472 q_pkts=403 q_bytes=606112 qdelay_l_ms=1.02634 qdelay_c_ms=161.18 ecn_mark=258 drop=0
[QUEUE_STATS] t_ms=3488 q_pkts=405 q_bytes=609120 qdelay_l_ms=0.967859 qdelay_c_ms=160.514 ecn_mark=258 drop=0
[QUEUE_STATS] t_ms=3504 q_pkts=406 q_bytes=610624 qdelay_l_ms=1.07255 qdelay_c_ms=162.937 ecn_mark=261 drop=0
[QUEUE_STATS] t_ms=3520 q_pkts=409 q_bytes=615136 qdelay_l_ms=0.850809 qdelay_c_ms=164.607 ecn_mark=262 drop=0
[QUEUE_STATS] t_ms=3536 q_pkts=409 q_bytes=615136 qdelay_l_ms=1.07978 qdelay_c_ms=165.603 ecn_mark=262 drop=0
[QUEUE_STATS] t_ms=3552 q_pkts=411 q_bytes=618144 qdelay_l_ms=1.05748 qdelay_c_ms=168.39 ecn_mark=263 drop=0
[QUEUE_STATS] t_ms=3568 q_pkts=415 q_bytes=624160 qdelay_l_ms=0.997154 qdelay_c_ms=168.843 ecn_mark=263 drop=0
[QUEUE_STATS] t_ms=3584 q_pkts=417 q_bytes=627168 qdelay_l_ms=1.02568 qdelay_c_ms=170.003 ecn_mark=263 drop=0
[QUEUE_STATS] t_ms=3601 q_pkts=418 q_bytes=628672 qdelay_l_ms=1.08063 qdelay_c_ms=171.937 ecn_mark=263 drop=0
[QUEUE_STATS] t_ms=3616 q_pkts=422 q_bytes=634688 qdelay_l_ms=0.97389 qdelay_c_ms=172.7 ecn_mark=263 drop=0
[QUEUE_STATS] t_ms=3632 q_pkts=421 q_bytes=633184 qdelay_l_ms=0.984551 qdelay_c_ms=174.081 ecn_mark=265 drop=0
[QUEUE_STATS] t_ms=3648 q_pkts=424 q_bytes=637696 qdelay_l_ms=1.00276 qdelay_c_ms=174.615 ecn_mark=266 drop=0
[QUEUE_STATS] t_ms=3664 q_pkts=427 q_bytes=642208 qdelay_l_ms=0.967108 qdelay_c_ms=177.057 ecn_mark=266 drop=0
[QUEUE_STATS] t_ms=3681 q_pkts=429 q_bytes=645216 qdelay_l_ms=1.09032 qdelay_c_ms=177.953 ecn_mark=267 drop=0
[QUEUE_STATS] t_ms=3697 q_pkts=430 q_bytes=646720 qdelay_l_ms=1.0804 qdelay_c_ms=179.23 ecn_mark=267 drop=0
[QUEUE_STATS] t_ms=3712 q_pkts=432 q_bytes=649728 qdelay_l_ms=1.06796 qdelay_c_ms=179.933 ecn_mark=268 drop=0
[QUEUE_STATS] t_ms=3729 q_pkts=435 q_bytes=654240 qdelay_l_ms=1.05898 qdelay_c_ms=181.892 ecn_mark=269 drop=0
[QUEUE_STATS] t_ms=3744 q_pkts=436 q_bytes=655744 qdelay_l_ms=1.00869 qdelay_c_ms=183.244 ecn_mark=269 drop=0
[QUEUE_STATS] t_ms=3760 q_pkts=439 q_bytes=660256 qdelay_l_ms=1.03513 qdelay_c_ms=184.274 ecn_mark=270 drop=0
[QUEUE_STATS] t_ms=3776 q_pkts=441 q_bytes=663264 qdelay_l_ms=1.0832 qdelay_c_ms=186.196 ecn_mark=272 drop=0
[QUEUE_STATS] t_ms=3792 q_pkts=441 q_bytes=663264 qdelay_l_ms=0.959463 qdelay_c_ms=185.862 ecn_mark=273 drop=0
[QUEUE_STATS] t_ms=3808 q_pkts=443 q_bytes=666272 qdelay_l_ms=1.08047 qdelay_c_ms=189.487 ecn_mark=274 drop=0
[QUEUE_STATS] t_ms=3824 q_pkts=447 q_bytes=672288 qdelay_l_ms=1.10038 qdelay_c_ms=189.225 ecn_mark=274 drop=0
[QUEUE_STATS] t_ms=3840 q_pkts=449 q_bytes=675296 qdelay_l_ms=1.05989 qdelay_c_ms=189.223 ecn_mark=275 drop=0
[QUEUE_STATS] t_ms=3856 q_pkts=450 q_bytes=676800 qdelay_l_ms=1.07797 qdelay_c_ms=191.415 ecn_mark=277 drop=0
[QUEUE_STATS] t_ms=3872 q_pkts=452 q_bytes=679808 qdelay_l_ms=0.788693 qdelay_c_ms=192.885 ecn_mark=277 drop=0
[QUEUE_STATS] t_ms=3888 q_pkts=453 q_bytes=681312 qdelay_l_ms=0.964943 qdelay_c_ms=194.012 ecn_mark=278 drop=0
[QUEUE_STATS] t_ms=3904 q_pkts=455 q_bytes=684320 qdelay_l_ms=1.07228 qdelay_c_ms=195 ecn_mark=281 drop=0
[QUEUE_STATS] t_ms=3920 q_pkts=460 q_bytes=691840 qdelay_l_ms=0.754358 qdelay_c_ms=195.416 ecn_mark=283 drop=0
[QUEUE_STATS] t_ms=3936 q_pkts=456 q_bytes=685824 qdelay_l_ms=0 qdelay_c_ms=196.139 ecn_mark=284 drop=0
[QUEUE_STATS] t_ms=3952 q_pkts=457 q_bytes=687328 qdelay_l_ms=0.019958 qdelay_c_ms=195.982 ecn_mark=285 drop=0
[QUEUE_STATS] t_ms=3968 q_pkts=464 q_bytes=697856 qdelay_l_ms=1.06596 qdelay_c_ms=199.139 ecn_mark=285 drop=0
[QUEUE_STATS] t_ms=3984 q_pkts=466 q_bytes=700864 qdelay_l_ms=0.947882 qdelay_c_ms=198.872 ecn_mark=287 drop=0
[QUEUE_STATS] t_ms=4000 q_pkts=466 q_bytes=700864 qdelay_l_ms=0.966367 qdelay_c_ms=199.748 ecn_mark=287 drop=0
[QUEUE_STATS] t_ms=4016 q_pkts=469 q_bytes=705376 qdelay_l_ms=1.06507 qdelay_c_ms=200.818 ecn_mark=288 drop=0
[QUEUE_STATS] t_ms=4032 q_pkts=469 q_bytes=705376 qdelay_l_ms=1.04849 qdelay_c_ms=202.207 ecn_mark=288 drop=0
[QUEUE_STATS] t_ms=4048 q_pkts=472 q_bytes=709888 qdelay_l_ms=1.04857 qdelay_c_ms=203.227 ecn_mark=288 drop=0
[QUEUE_STATS] t_ms=4064 q_pkts=473 q_bytes=711392 qdelay_l_ms=0.061726 qdelay_c_ms=202.222 ecn_mark=288 drop=0
[QUEUE_STATS] t_ms=4080 q_pkts=475 q_bytes=714400 qdelay_l_ms=1.0518 qdelay_c_ms=206.032 ecn_mark=289 drop=0
[QUEUE_STATS] t_ms=4096 q_pkts=475 q_bytes=714400 qdelay_l_ms=1.09572 qdelay_c_ms=206.964 ecn_mark=289 drop=0
[QUEUE_STATS] t_ms=4112 q_pkts=480 q_bytes=721920 qdelay_l_ms=0.936079 qdelay_c_ms=206.792 ecn_mark=290 drop=0
[QUEUE_STATS] t_ms=4128 q_pkts=481 q_bytes=723424 qdelay_l_ms=0.942943 qdelay_c_ms=207.625 ecn_mark=291 drop=0
[QUEUE_STATS] t_ms=4144 q_pkts=482 q_bytes=724928 qdelay_l_ms=1.07918 qdelay_c_ms=209.193 ecn_mark=291 drop=0
[QUEUE_STATS] t_ms=4160 q_pkts=485 q_bytes=729440 qdelay_l_ms=0.985773 qdelay_c_ms=209.992 ecn_mark=293 drop=0
[QUEUE_STATS] t_ms=4176 q_pkts=486 q_bytes=730944 qdelay_l_ms=1.0476 qdelay_c_ms=211.074 ecn_mark=293 drop=0
[QUEUE_STATS] t_ms=4192 q_pkts=486 q_bytes=730944 qdelay_l_ms=1.07683 qdelay_c_ms=212.304 ecn_mark=293 drop=0
[QUEUE_STATS] t_ms=4208 q_pkts=491 q_bytes=738464 qdelay_l_ms=1.05677 qdelay_c_ms=211.955 ecn_mark=293 drop=0
[QUEUE_STATS] t_ms=4224 q_pkts=489 q_bytes=735456 qdelay_l_ms=0.013977 qdelay_c_ms=212.089 ecn_mark=294 drop=0
[QUEUE_STATS] t_ms=4240 q_pkts=494 q_bytes=742976 qdelay_l_ms=1.11553 qdelay_c_ms=215.181 ecn_mark=296 drop=0
[QUEUE_STATS] t_ms=4256 q_pkts=496 q_bytes=745984 qdelay_l_ms=1.09363 qdelay_c_ms=215.882 ecn_mark=299 drop=0
[QUEUE_STATS] t_ms=4272 q_pkts=496 q_bytes=745984 qdelay_l_ms=0.032852 qdelay_c_ms=215.92 ecn_mark=299 drop=0
[QUEUE_STATS] t_ms=4288 q_pkts=500 q_bytes=752000 qdelay_l_ms=1.07385 qdelay_c_ms=219.022 ecn_mark=300 drop=0
[QUEUE_STATS] t_ms=4304 q_pkts=502 q_bytes=755008 qdelay_l_ms=1.09968 qdelay_c_ms=217.769 ecn_mark=302 drop=0
[QUEUE_STATS] t_ms=4320 q_pkts=503 q_bytes=756512 qdelay_l_ms=1.07709 qdelay_c_ms=219.891 ecn_mark=303 drop=0
[QUEUE_STATS] t_ms=4336 q_pkts=505 q_bytes=759520 qdelay_l_ms=1.06465 qdelay_c_ms=220.907 ecn_mark=303 drop=0
[QUEUE_STATS] t_ms=4352 q_pkts=508 q_bytes=764032 qdelay_l_ms=1.09581 qdelay_c_ms=220.901 ecn_mark=304 drop=0
[QUEUE_STATS] t_ms=4369 q_pkts=509 q_bytes=765536 qdelay_l_ms=1.06956 qdelay_c_ms=222.781 ecn_mark=305 drop=0
[QUEUE_STATS] t_ms=4384 q_pkts=509 q_bytes=765536 qdelay_l_ms=0 qdelay_c_ms=224.974 ecn_mark=305 drop=0
[QUEUE_STATS] t_ms=4400 q_pkts=512 q_bytes=770048 qdelay_l_ms=1.08498 qdelay_c_ms=224.898 ecn_mark=305 drop=0
[QUEUE_STATS] t_ms=4416 q_pkts=513 q_bytes=771552 qdelay_l_ms=1.08016 qdelay_c_ms=227.351 ecn_mark=305 drop=0
[QUEUE_STATS] t_ms=4432 q_pkts=516 q_bytes=776064 qdelay_l_ms=0.868693 qdelay_c_ms=227.899 ecn_mark=308 drop=0
[QUEUE_STATS] t_ms=4448 q_pkts=518 q_bytes=779072 qdelay_l_ms=1.10277 qdelay_c_ms=229.109 ecn_mark=309 drop=0
[QUEUE_STATS] t_ms=4464 q_pkts=520 q_bytes=782080 qdelay_l_ms=1.07837 qdelay_c_ms=231.05 ecn_mark=309 drop=0
[QUEUE_STATS] t_ms=4480 q_pkts=519 q_bytes=780576 qdelay_l_ms=1.00157 qdelay_c_ms=231.002 ecn_mark=309 drop=0
[QUEUE_STATS] t_ms=4496 q_pkts=523 q_bytes=786592 qdelay_l_ms=1.0602 qdelay_c_ms=233.201 ecn_mark=310 drop=0
[QUEUE_STATS] t_ms=4512 q_pkts=526 q_bytes=791104 qdelay_l_ms=0.912405 qdelay_c_ms=232.519 ecn_mark=311 drop=0
[QUEUE_STATS] t_ms=4528 q_pkts=529 q_bytes=795616 qdelay_l_ms=0.905972 qdelay_c_ms=232.834 ecn_mark=314 drop=0
[QUEUE_STATS] t_ms=4545 q_pkts=529 q_bytes=795616 qdelay_l_ms=1.07439 qdelay_c_ms=236.133 ecn_mark=317 drop=0
[QUEUE_STATS] t_ms=4560 q_pkts=529 q_bytes=795616 qdelay_l_ms=0 qdelay_c_ms=235.557 ecn_mark=318 drop=0
[QUEUE_STATS] t_ms=4576 q_pkts=534 q_bytes=801684 qdelay_l_ms=1.08268 qdelay_c_ms=237.001 ecn_mark=320 drop=0
[QUEUE_STATS] t_ms=4592 q_pkts=533 q_bytes=800180 qdelay_l_ms=0.012764 qdelay_c_ms=238.009 ecn_mark=320 drop=0
[QUEUE_STATS] t_ms=4608 q_pkts=537 q_bytes=806196 qdelay_l_ms=1.06634 qdelay_c_ms=238.724 ecn_mark=320 drop=0
[QUEUE_STATS] t_ms=4624 q_pkts=540 q_bytes=810708 qdelay_l_ms=1.06758 qdelay_c_ms=239.921 ecn_mark=320 drop=0
[QUEUE_STATS] t_ms=4640 q_pkts=542 q_bytes=813716 qdelay_l_ms=1.01541 qdelay_c_ms=243.374 ecn_mark=320 drop=0
[QUEUE_STATS] t_ms=4656 q_pkts=544 q_bytes=816724 qdelay_l_ms=0.857271 qdelay_c_ms=242.39 ecn_mark=322 drop=0
[QUEUE_STATS] t_ms=4672 q_pkts=545 q_bytes=818228 qdelay_l_ms=1.1071 qdelay_c_ms=244.287 ecn_mark=324 drop=0
[QUEUE_STATS] t_ms=4688 q_pkts=545 q_bytes=818228 qdelay_l_ms=1.06907 qdelay_c_ms=247.035 ecn_mark=324 drop=0
[QUEUE_STATS] t_ms=4704 q_pkts=547 q_bytes=821236 qdelay_l_ms=0 qdelay_c_ms=244.56 ecn_mark=324 drop=0
[QUEUE_STATS] t_ms=4720 q_pkts=549 q_bytes=824244 qdelay_l_ms=1.06036 qdelay_c_ms=248.383 ecn_mark=325 drop=0
[QUEUE_STATS] t_ms=4736 q_pkts=553 q_bytes=830260 qdelay_l_ms=1.0719 qdelay_c_ms=250.041 ecn_mark=325 drop=0
[QUEUE_STATS] t_ms=4752 q_pkts=555 q_bytes=833268 qdelay_l_ms=1.04516 qdelay_c_ms=249.815 ecn_mark=325 drop=0
[QUEUE_STATS] t_ms=4768 q_pkts=554 q_bytes=831764 qdelay_l_ms=1.07017 qdelay_c_ms=250.981 ecn_mark=328 drop=0
[QUEUE_STATS] t_ms=4784 q_pkts=556 q_bytes=834772 qdelay_l_ms=0.019858 qdelay_c_ms=252.961 ecn_mark=328 drop=0
[QUEUE_STATS] t_ms=4800 q_pkts=560 q_bytes=840788 qdelay_l_ms=1.09526 qdelay_c_ms=252.933 ecn_mark=329 drop=0
[QUEUE_STATS] t_ms=4816 q_pkts=557 q_bytes=836276 qdelay_l_ms=0 qdelay_c_ms=254.087 ecn_mark=329 drop=0
[QUEUE_STATS] t_ms=4833 q_pkts=561 q_bytes=843744 qdelay_l_ms=1.08316 qdelay_c_ms=257.276 ecn_mark=329 drop=0
[QUEUE_STATS] t_ms=4848 q_pkts=563 q_bytes=846752 qdelay_l_ms=1.07085 qdelay_c_ms=255.874 ecn_mark=331 drop=0
[QUEUE_STATS] t_ms=4865 q_pkts=565 q_bytes=849760 qdelay_l_ms=1.06669 qdelay_c_ms=259.067 ecn_mark=332 drop=0
[QUEUE_STATS] t_ms=4881 q_pkts=567 q_bytes=852768 qdelay_l_ms=1.08839 qdelay_c_ms=260.102 ecn_mark=334 drop=0
[QUEUE_STATS] t_ms=4896 q_pkts=568 q_bytes=854272 qdelay_l_ms=1.0717 qdelay_c_ms=260.825 ecn_mark=335 drop=0
[QUEUE_STATS] t_ms=4912 q_pkts=568 q_bytes=854272 qdelay_l_ms=1.06895 qdelay_c_ms=262.026 ecn_mark=336 drop=0
[QUEUE_STATS] t_ms=4928 q_pkts=569 q_bytes=855776 qdelay_l_ms=0.046838 qdelay_c_ms=262.105 ecn_mark=339 drop=0
[QUEUE_STATS] t_ms=4944 q_pkts=573 q_bytes=861792 qdelay_l_ms=1.08117 qdelay_c_ms=263.218 ecn_mark=339 drop=0
[QUEUE_STATS] t_ms=4960 q_pkts=574 q_bytes=863296 qdelay_l_ms=1.09827 qdelay_c_ms=266.368 ecn_mark=342 drop=0
[QUEUE_STATS] t_ms=4976 q_pkts=578 q_bytes=869312 qdelay_l_ms=1.08189 qdelay_c_ms=266.205 ecn_mark=342 drop=0
[QUEUE_STATS] t_ms=4992 q_pkts=578 q_bytes=869312 qdelay_l_ms=0.674187 qdelay_c_ms=267.164 ecn_mark=342 drop=0
[QUEUE_STATS] t_ms=5008 q_pkts=580 q_bytes=872320 qdelay_l_ms=0.865447 qdelay_c_ms=268.719 ecn_mark=344 drop=0
[QUEUE_STATS] t_ms=5024 q_pkts=582 q_bytes=875328 qdelay_l_ms=1.06733 qdelay_c_ms=269.063 ecn_mark=344 drop=0
[QUEUE_STATS] t_ms=5040 q_pkts=582 q_bytes=875328 qdelay_l_ms=1.09702 qdelay_c_ms=269.954 ecn_mark=345 drop=0
[QUEUE_STATS] t_ms=5056 q_pkts=585 q_bytes=879840 qdelay_l_ms=1.08256 qdelay_c_ms=272.037 ecn_mark=346 drop=0
[QUEUE_STATS] t_ms=5072 q_pkts=585 q_bytes=879840 qdelay_l_ms=0.037911 qdelay_c_ms=271.11 ecn_mark=347 drop=0
[QUEUE_STATS] t_ms=5088 q_pkts=587 q_bytes=882848 qdelay_l_ms=1.05595 qdelay_c_ms=272.035 ecn_mark=347 drop=0
[QUEUE_STATS] t_ms=5104 q_pkts=590 q_bytes=887360 qdelay_l_ms=1.05813 qdelay_c_ms=273.256 ecn_mark=349 drop=0
[QUEUE_STATS] t_ms=5120 q_pkts=592 q_bytes=890368 qdelay_l_ms=1.05675 qdelay_c_ms=275.087 ecn_mark=350 drop=0
[QUEUE_STATS] t_ms=5136 q_pkts=592 q_bytes=890368 qdelay_l_ms=1.06656 qdelay_c_ms=275.175 ecn_mark=351 drop=0
[QUEUE_STATS] t_ms=5153 q_pkts=592 q_bytes=890368 qdelay_l_ms=1.06736 qdelay_c_ms=276.027 ecn_mark=351 drop=0
[QUEUE_STATS] t_ms=5168 q_pkts=596 q_bytes=896384 qdelay_l_ms=1.05561 qdelay_c_ms=277.153 ecn_mark=353 drop=0
[QUEUE_STATS] t_ms=5185 q_pkts=598 q_bytes=899392 qdelay_l_ms=1.07076 qdelay_c_ms=275.877 ecn_mark=353 drop=0
[QUEUE_STATS] t_ms=5200 q_pkts=601 q_bytes=903904 qdelay_l_ms=1.06961 qdelay_c_ms=278.541 ecn_mark=355 drop=0
[QUEUE_STATS] t_ms=5217 q_pkts=602 q_bytes=905408 qdelay_l_ms=1.0663 qdelay_c_ms=279.795 ecn_mark=358 drop=0
[QUEUE_STATS] t_ms=5232 q_pkts=601 q_bytes=903904 qdelay_l_ms=0 qdelay_c_ms=279.168 ecn_mark=358 drop=0
[QUEUE_STATS] t_ms=5248 q_pkts=604 q_bytes=908416 qdelay_l_ms=1.04489 qdelay_c_ms=281.121 ecn_mark=360 drop=0
[QUEUE_STATS] t_ms=5265 q_pkts=606 q_bytes=911424 qdelay_l_ms=1.07425 qdelay_c_ms=281.08 ecn_mark=360 drop=0
[QUEUE_STATS] t_ms=5280 q_pkts=607 q_bytes=912928 qdelay_l_ms=0.892006 qdelay_c_ms=280.85 ecn_mark=361 drop=0
[QUEUE_STATS] t_ms=5296 q_pkts=608 q_bytes=914432 qdelay_l_ms=1.09075 qdelay_c_ms=282.743 ecn_mark=362 drop=0
[QUEUE_STATS] t_ms=5312 q_pkts=610 q_bytes=917440 qdelay_l_ms=1.11095 qdelay_c_ms=282.124 ecn_mark=364 drop=0
[QUEUE_STATS] t_ms=5328 q_pkts=613 q_bytes=921952 qdelay_l_ms=1.0833 qdelay_c_ms=283.067 ecn_mark=365 drop=0
[QUEUE_STATS] t_ms=5344 q_pkts=614 q_bytes=923456 qdelay_l_ms=0.855928 qdelay_c_ms=284.736 ecn_mark=366 drop=0
[QUEUE_STATS] t_ms=5361 q_pkts=616 q_bytes=926464 qdelay_l_ms=1.06189 qdelay_c_ms=284.133 ecn_mark=368 drop=0
[QUEUE_STATS] t_ms=5376 q_pkts=615 q_bytes=924960 qdelay_l_ms=0 qdelay_c_ms=286.132 ecn_mark=370 drop=0
[QUEUE_STATS] t_ms=5393 q_pkts=617 q_bytes=927968 qdelay_l_ms=1.07787 qdelay_c_ms=287.098 ecn_mark=373 drop=0
[QUEUE_STATS] t_ms=5408 q_pkts=620 q_bytes=932480 qdelay_l_ms=1.05057 qdelay_c_ms=287.099 ecn_mark=373 drop=0
[QUEUE_STATS] t_ms=5424 q_pkts=621 q_bytes=933984 qdelay_l_ms=1.09855 qdelay_c_ms=288.012 ecn_mark=373 drop=0
[QUEUE_STATS] t_ms=5440 q_pkts=625 q_bytes=940000 qdelay_l_ms=0.883019 qdelay_c_ms=289.183 ecn_mark=375 drop=0
[QUEUE_STATS] t_ms=5456 q_pkts=625 q_bytes=940000 qdelay_l_ms=1.08515 qdelay_c_ms=288.899 ecn_mark=378 drop=0
[QUEUE_STATS] t_ms=5472 q_pkts=626 q_bytes=941504 qdelay_l_ms=1.09621 qdelay_c_ms=291.797 ecn_mark=379 drop=0
[QUEUE_STATS] t_ms=5488 q_pkts=626 q_bytes=941504 qdelay_l_ms=1.08175 qdelay_c_ms=290.352 ecn_mark=382 drop=0
[QUEUE_STATS] t_ms=5504 q_pkts=622 q_bytes=935488 qdelay_l_ms=1.09963 qdelay_c_ms=290.841 ecn_mark=384 drop=0
[QUEUE_STATS] t_ms=5520 q_pkts=611 q_bytes=918944 qdelay_l_ms=1.07307 qdelay_c_ms=293.047 ecn_mark=385 drop=0
[QUEUE_STATS] t_ms=5536 q_pkts=601 q_bytes=903904 qdelay_l_ms=0.884282 qdelay_c_ms=291.794 ecn_mark=386 drop=0
[QUEUE_STATS] t_ms=5552 q_pkts=592 q_bytes=890368 qdelay_l_ms=1.06253 qdelay_c_ms=294.06 ecn_mark=386 drop=0
[QUEUE_STATS] t_ms=5568 q_pkts=581 q_bytes=873824 qdelay_l_ms=0.882278 qdelay_c_ms=293.755 ecn_mark=387 drop=0
[QUEUE_STATS] t_ms=5584 q_pkts=569 q_bytes=855776 qdelay_l_ms=1.08864 qdelay_c_ms=293.421 ecn_mark=389 drop=0
[QUEUE_STATS] t_ms=5600 q_pkts=562 q_bytes=845248 qdelay_l_ms=1.07544 qdelay_c_ms=296.332 ecn_mark=390 drop=0
[QUEUE_STATS] t_ms=5616 q_pkts=552 q_bytes=830208 qdelay_l_ms=0.918927 qdelay_c_ms=294.938 ecn_mark=393 drop=0
[QUEUE_STATS] t_ms=5632 q_pkts=539 q_bytes=810656 qdelay_l_ms=1.07776 qdelay_c_ms=293.039 ecn_mark=395 drop=0
[QUEUE_STATS] t_ms=5648 q_pkts=531 q_bytes=798624 qdelay_l_ms=1.06672 qdelay_c_ms=296.483 ecn_mark=396 drop=0
[QUEUE_STATS] t_ms=5664 q_pkts=519 q_bytes=780576 qdelay_l_ms=0 qdelay_c_ms=295.859 ecn_mark=399 drop=0
[QUEUE_STATS] t_ms=5680 q_pkts=509 q_bytes=765536 qdelay_l_ms=1.08241 qdelay_c_ms=295.796 ecn_mark=400 drop=0
[QUEUE_STATS] t_ms=5696 q_pkts=500 q_bytes=752000 qdelay_l_ms=1.07025 qdelay_c_ms=298.027 ecn_mark=401 drop=0
[QUEUE_STATS] t_ms=5712 q_pkts=489 q_bytes=735456 qdelay_l_ms=0.920379 qdelay_c_ms=295.645 ecn_mark=404 drop=0
[QUEUE_STATS] t_ms=5729 q_pkts=478 q_bytes=718912 qdelay_l_ms=1.10885 qdelay_c_ms=295.987 ecn_mark=407 drop=0
[QUEUE_STATS] t_ms=5744 q_pkts=470 q_bytes=706880 qdelay_l_ms=1.05303 qdelay_c_ms=299.984 ecn_mark=410 drop=0
[QUEUE_STATS] t_ms=5760 q_pkts=458 q_bytes=688832 qdelay_l_ms=1.02149 qdelay_c_ms=296.851 ecn_mark=410 drop=0
[QUEUE_STATS] t_ms=5776 q_pkts=448 q_bytes=673792 qdelay_l_ms=1.05242 qdelay_c_ms=297.119 ecn_mark=414 drop=0
[QUEUE_STATS] t_ms=5793 q_pkts=438 q_bytes=658752 qdelay_l_ms=1.06569 qdelay_c_ms=299.008 ecn_mark=415 drop=0
[QUEUE_STATS] t_ms=5808 q_pkts=427 q_bytes=642208 qdelay_l_ms=1.10211 qdelay_c_ms=287.865 ecn_mark=418 drop=0
[QUEUE_STATS] t_ms=5824 q_pkts=417 q_bytes=627168 qdelay_l_ms=1.0505 qdelay_c_ms=283.416 ecn_mark=419 drop=0
[QUEUE_STATS] t_ms=5840 q_pkts=413 q_bytes=621152 qdelay_l_ms=1.03033 qdelay_c_ms=276.133 ecn_mark=419 drop=0
[QUEUE_STATS] t_ms=5856 q_pkts=411 q_bytes=618144 qdelay_l_ms=0.938434 qdelay_c_ms=265.639 ecn_mark=421 drop=0
[QUEUE_STATS] t_ms=5872 q_pkts=411 q_bytes=618144 qdelay_l_ms=0.930409 qdelay_c_ms=259.118 ecn_mark=421 drop=0
[QUEUE_STATS] t_ms=5888 q_pkts=413 q_bytes=621152 qdelay_l_ms=1.06686 qdelay_c_ms=250.996 ecn_mark=422 drop=0
[QUEUE_STATS] t_ms=5904 q_pkts=413 q_bytes=621152 qdelay_l_ms=1.06084 qdelay_c_ms=245.307 ecn_mark=424 drop=0
[QUEUE_STATS] t_ms=5920 q_pkts=409 q_bytes=615136 qdelay_l_ms=0.013596 qdelay_c_ms=235.839 ecn_mark=426 drop=0
[QUEUE_STATS] t_ms=5936 q_pkts=415 q_bytes=624160 qdelay_l_ms=0.762874 qdelay_c_ms=229.275 ecn_mark=427 drop=0
[QUEUE_STATS] t_ms=5952 q_pkts=415 q_bytes=624160 qdelay_l_ms=1.07165 qdelay_c_ms=221.629 ecn_mark=429 drop=0
[QUEUE_STATS] t_ms=5968 q_pkts=415 q_bytes=624160 qdelay_l_ms=0.965735 qdelay_c_ms=214.886 ecn_mark=434 drop=0
[QUEUE_STATS] t_ms=5984 q_pkts=410 q_bytes=616640 qdelay_l_ms=0.020318 qdelay_c_ms=201.815 ecn_mark=439 drop=0
[QUEUE_STATS] t_ms=6000 q_pkts=416 q_bytes=625664 qdelay_l_ms=1.07283 qdelay_c_ms=200.761 ecn_mark=440 drop=0
[QUEUE_STATS] t_ms=6016 q_pkts=418 q_bytes=628672 qdelay_l_ms=0.951178 qdelay_c_ms=191.927 ecn_mark=440 drop=0
[QUEUE_STATS] t_ms=6032 q_pkts=410 q_bytes=616640 qdelay_l_ms=1.05496 qdelay_c_ms=188.732 ecn_mark=441 drop=0
[QUEUE_STATS] t_ms=6048 q_pkts=398 q_bytes=598592 qdelay_l_ms=1.09442 qdelay_c_ms=187.487 ecn_mark=441 drop=0
[QUEUE_STATS] t_ms=6064 q_pkts=390 q_bytes=586560 qdelay_l_ms=1.07053 qdelay_c_ms=187.203 ecn_mark=441 drop=0
[QUEUE_STATS] t_ms=6080 q_pkts=378 q_bytes=568512 qdelay_l_ms=1.104 qdelay_c_ms=187.34 ecn_mark=443 drop=0
[QUEUE_STATS] t_ms=6096 q_pkts=368 q_bytes=553472 qdelay_l_ms=1.07803 qdelay_c_ms=188.188 ecn_mark=444 drop=0
[QUEUE_STATS] t_ms=6112 q_pkts=356 q_bytes=535424 qdelay_l_ms=0.830561 qdelay_c_ms=186.266 ecn_mark=445 drop=0
[QUEUE_STATS] t_ms=6128 q_pkts=345 q_bytes=518880 qdelay_l_ms=1.06273 qdelay_c_ms=185.938 ecn_mark=449 drop=0
[QUEUE_STATS] t_ms=6144 q_pkts=334 q_bytes=502336 qdelay_l_ms=1.07965 qdelay_c_ms=186.091 ecn_mark=451 drop=0
[QUEUE_STATS] t_ms=6160 q_pkts=325 q_bytes=488800 qdelay_l_ms=0.977367 qdelay_c_ms=187.065 ecn_mark=453 drop=0
[QUEUE_STATS] t_ms=6176 q_pkts=309 q_bytes=464736 qdelay_l_ms=1.10025 qdelay_c_ms=183.917 ecn_mark=453 drop=0
[QUEUE_STATS] t_ms=6192 q_pkts=300 q_bytes=451200 qdelay_l_ms=0.994028 qdelay_c_ms=185.347 ecn_mark=455 drop=0
[QUEUE_STATS] t_ms=6208 q_pkts=291 q_bytes=437664 qdelay_l_ms=0.998407 qdelay_c_ms=183.896 ecn_mark=456 drop=0
[QUEUE_STATS] t_ms=6225 q_pkts=279 q_bytes=419616 qdelay_l_ms=1.05406 qdelay_c_ms=176.707 ecn_mark=456 drop=0
[QUEUE_STATS] t_ms=6240 q_pkts=268 q_bytes=403072 qdelay_l_ms=1.00068 qdelay_c_ms=173.046 ecn_mark=456 drop=0
[QUEUE_STATS] t_ms=6256 q_pkts=262 q_bytes=394048 qdelay_l_ms=1.10851 qdelay_c_ms=161.776 ecn_mark=459 drop=0
[QUEUE_STATS] t_ms=6272 q_pkts=264 q_bytes=397056 qdelay_l_ms=1.07806 qdelay_c_ms=157.319 ecn_mark=460 drop=0
[QUEUE_STATS] t_ms=6288 q_pkts=262 q_bytes=394048 qdelay_l_ms=1.10456 qdelay_c_ms=150.176 ecn_mark=462 drop=0
[QUEUE_STATS] t_ms=6304 q_pkts=260 q_bytes=391040 qdelay_l_ms=1.00969 qdelay_c_ms=141.024 ecn_mark=465 drop=0
[QUEUE_STATS] t_ms=6320 q_pkts=261 q_bytes=392544 qdelay_l_ms=1.09696 qdelay_c_ms=133.511 ecn_mark=468 drop=0
[QUEUE_STATS] t_ms=6336 q_pkts=264 q_bytes=397056 qdelay_l_ms=1.01252 qdelay_c_ms=128.21 ecn_mark=468 drop=0
[QUEUE_STATS] t_ms=6352 q_pkts=262 q_bytes=394048 qdelay_l_ms=1.01945 qdelay_c_ms=117.841 ecn_mark=470 drop=0
[QUEUE_STATS] t_ms=6368 q_pkts=263 q_bytes=395552 qdelay_l_ms=1.02101 qdelay_c_ms=114.975 ecn_mark=473 drop=0
[QUEUE_STATS] t_ms=6384 q_pkts=261 q_bytes=392544 qdelay_l_ms=1.02312 qdelay_c_ms=112.695 ecn_mark=473 drop=0
[QUEUE_STATS] t_ms=6400 q_pkts=258 q_bytes=388032 qdelay_l_ms=0 qdelay_c_ms=110.813 ecn_mark=476 drop=0
[QUEUE_STATS] t_ms=6416 q_pkts=263 q_bytes=395552 qdelay_l_ms=1.06289 qdelay_c_ms=114.229 ecn_mark=477 drop=0
[QUEUE_STATS] t_ms=6432 q_pkts=264 q_bytes=397056 qdelay_l_ms=1.03292 qdelay_c_ms=111.217 ecn_mark=479 drop=0
[QUEUE_STATS] t_ms=6448 q_pkts=264 q_bytes=397056 qdelay_l_ms=1.09418 qdelay_c_ms=114.181 ecn_mark=479 drop=0
[QUEUE_STATS] t_ms=6464 q_pkts=265 q_bytes=398560 qdelay_l_ms=1.02923 qdelay_c_ms=112.795 ecn_mark=479 drop=0
[QUEUE_STATS] t_ms=6480 q_pkts=266 q_bytes=400064 qdelay_l_ms=0.990242 qdelay_c_ms=112.212 ecn_mark=479 drop=0
[QUEUE_STATS] t_ms=6496 q_pkts=266 q_bytes=400064 qdelay_l_ms=1.07557 qdelay_c_ms=113.389 ecn_mark=482 drop=0
[QUEUE_STATS] t_ms=6512 q_pkts=267 q_bytes=401568 qdelay_l_ms=1.05675 qdelay_c_ms=114.471 ecn_mark=483 drop=0
[QUEUE_STATS] t_ms=6528 q_pkts=267 q_bytes=401568 qdelay_l_ms=0.991494 qdelay_c_ms=111.51 ecn_mark=485 drop=0
[QUEUE_STATS] t_ms=6544 q_pkts=266 q_bytes=400064 qdelay_l_ms=1.02729 qdelay_c_ms=113.659 ecn_mark=486 drop=0
[QUEUE_STATS] t_ms=6560 q_pkts=269 q_bytes=404576 qdelay_l_ms=1.07925 qdelay_c_ms=115.12 ecn_mark=488 drop=0
[QUEUE_STATS] t_ms=6576 q_pkts=267 q_bytes=401568 qdelay_l_ms=1.0422 qdelay_c_ms=112.515 ecn_mark=490 drop=0
[QUEUE_STATS] t_ms=6592 q_pkts=268 q_bytes=403072 qdelay_l_ms=0.940057 qdelay_c_ms=113.899 ecn_mark=492 drop=0
[QUEUE_STATS] t_ms=6608 q_pkts=265 q_bytes=398560 qdelay_l_ms=0 qdelay_c_ms=112.589 ecn_mark=494 drop=0
[QUEUE_STATS] t_ms=6624 q_pkts=268 q_bytes=403072 qdelay_l_ms=1.10093 qdelay_c_ms=112.867 ecn_mark=495 drop=0
[QUEUE_STATS] t_ms=6640 q_pkts=267 q_bytes=401568 qdelay_l_ms=1.07827 qdelay_c_ms=114.643 ecn_mark=496 drop=0
[QUEUE_STATS] t_ms=6656 q_pkts=273 q_bytes=410592 qdelay_l_ms=1.09519 qdelay_c_ms=114.782 ecn_mark=498 drop=0
[QUEUE_STATS] t_ms=6673 q_pkts=269 q_bytes=404576 qdelay_l_ms=1.05056 qdelay_c_ms=112.816 ecn_mark=498 drop=0
[QUEUE_STATS] t_ms=6688 q_pkts=268 q_bytes=403072 qdelay_l_ms=1.05675 qdelay_c_ms=112.941 ecn_mark=499 drop=0
[QUEUE_STATS] t_ms=6704 q_pkts=272 q_bytes=409088 qdelay_l_ms=1.07686 qdelay_c_ms=113.383 ecn_mark=501 drop=0
[QUEUE_STATS] t_ms=6720 q_pkts=272 q_bytes=409088 qdelay_l_ms=1.06095 qdelay_c_ms=113.194 ecn_mark=503 drop=0
[QUEUE_STATS] t_ms=6736 q_pkts=268 q_bytes=403072 qdelay_l_ms=0.994609 qdelay_c_ms=111.699 ecn_mark=506 drop=0
[QUEUE_STATS] t_ms=6752 q_pkts=273 q_bytes=410592 qdelay_l_ms=1.08096 qdelay_c_ms=111.651 ecn_mark=507 drop=0
[QUEUE_STATS] t_ms=6768 q_pkts=270 q_bytes=406080 qdelay_l_ms=1.0613 qdelay_c_ms=110.967 ecn_mark=508 drop=0
[QUEUE_STATS] t_ms=6784 q_pkts=270 q_bytes=406080 qdelay_l_ms=1.08191 qdelay_c_ms=110.864 ecn_mark=510 drop=0
[QUEUE_STATS] t_ms=6800 q_pkts=272 q_bytes=409088 qdelay_l_ms=1.09419 qdelay_c_ms=110.874 ecn_mark=512 drop=0
[QUEUE_STATS] t_ms=6816 q_pkts=268 q_bytes=403072 qdelay_l_ms=0 qdelay_c_ms=111.609 ecn_mark=513 drop=0
[QUEUE_STATS] t_ms=6832 q_pkts=270 q_bytes=406080 qdelay_l_ms=1.08146 qdelay_c_ms=110.656 ecn_mark=514 drop=0
[QUEUE_STATS] t_ms=6848 q_pkts=272 q_bytes=409088 qdelay_l_ms=1.06227 qdelay_c_ms=111.4 ecn_mark=514 drop=0
[QUEUE_STATS] t_ms=6864 q_pkts=270 q_bytes=406080 qdelay_l_ms=0.023935 qdelay_c_ms=109.072 ecn_mark=514 drop=0
[QUEUE_STATS] t_ms=6880 q_pkts=273 q_bytes=410592 qdelay_l_ms=1.037 qdelay_c_ms=111.407 ecn_mark=515 drop=0
[QUEUE_STATS] t_ms=6897 q_pkts=273 q_bytes=410592 qdelay_l_ms=1.08709 qdelay_c_ms=110.993 ecn_mark=516 drop=0
[QUEUE_STATS] t_ms=6912 q_pkts=272 q_bytes=409088 qdelay_l_ms=1.09215 qdelay_c_ms=108.736 ecn_mark=517 drop=0
[QUEUE_STATS] t_ms=6928 q_pkts=274 q_bytes=412096 qdelay_l_ms=1.06696 qdelay_c_ms=111.019 ecn_mark=519 drop=0
[QUEUE_STATS] t_ms=6944 q_pkts=275 q_bytes=413600 qdelay_l_ms=1.10338 qdelay_c_ms=110.233 ecn_mark=520 drop=0
[QUEUE_STATS] t_ms=6960 q_pkts=274 q_bytes=412096 qdelay_l_ms=1.09936 qdelay_c_ms=109.31 ecn_mark=521 drop=0
[QUEUE_STATS] t_ms=6976 q_pkts=274 q_bytes=412096 qdelay_l_ms=1.07356 qdelay_c_ms=111.281 ecn_mark=522 drop=0
[QUEUE_STATS] t_ms=6992 q_pkts=274 q_bytes=412096 qdelay_l_ms=0 qdelay_c_ms=108.432 ecn_mark=526 drop=0
[QUEUE_STATS] t_ms=7008 q_pkts=275 q_bytes=413600 qdelay_l_ms=1.09356 qdelay_c_ms=110.088 ecn_mark=526 drop=0
[QUEUE_STATS] t_ms=7024 q_pkts=274 q_bytes=412096 qdelay_l_ms=1.04107 qdelay_c_ms=111.263 ecn_mark=527 drop=0
[QUEUE_STATS] t_ms=7040 q_pkts=277 q_bytes=416608 qdelay_l_ms=1.05812 qdelay_c_ms=109.631 ecn_mark=527 drop=0
[QUEUE_STATS] t_ms=7056 q_pkts=276 q_bytes=415104 qdelay_l_ms=1.0624 qdelay_c_ms=111.591 ecn_mark=529 drop=0
[QUEUE_STATS] t_ms=7072 q_pkts=277 q_bytes=416608 qdelay_l_ms=1.04389 qdelay_c_ms=111.215 ecn_mark=531 drop=0
[QUEUE_STATS] t_ms=7089 q_pkts=278 q_bytes=418112 qdelay_l_ms=0 qdelay_c_ms=109.37 ecn_mark=532 drop=0
[QUEUE_STATS] t_ms=7104 q_pkts=279 q_bytes=419616 qdelay_l_ms=1.07756 qdelay_c_ms=111.137 ecn_mark=533 drop=0
[QUEUE_STATS] t_ms=7120 q_pkts=279 q_bytes=419616 qdelay_l_ms=1.0637 qdelay_c_ms=111.283 ecn_mark=535 drop=0
[QUEUE_STATS] t_ms=7136 q_pkts=280 q_bytes=421120 qdelay_l_ms=1.04951 qdelay_c_ms=110.632 ecn_mark=535 drop=0
[QUEUE_STATS] t_ms=7152 q_pkts=278 q_bytes=418112 qdelay_l_ms=0 qdelay_c_ms=109.736 ecn_mark=538 drop=0
[QUEUE_STATS] t_ms=7168 q_pkts=279 q_bytes=419616 qdelay_l_ms=1.07363 qdelay_c_ms=111.148 ecn_mark=538 drop=0
[QUEUE_STATS] t_ms=7184 q_pkts=280 q_bytes=421120 qdelay_l_ms=1.09122 qdelay_c_ms=111.086 ecn_mark=539 drop=0
[QUEUE_STATS] t_ms=7200 q_pkts=280 q_bytes=421120 qdelay_l_ms=1.03937 qdelay_c_ms=112.116 ecn_mark=540 drop=0
[QUEUE_STATS] t_ms=7216 q_pkts=281 q_bytes=422624 qdelay_l_ms=1.05878 qdelay_c_ms=111.504 ecn_mark=541 drop=0
[QUEUE_STATS] t_ms=7232 q_pkts=284 q_bytes=427136 qdelay_l_ms=1.04748 qdelay_c_ms=111.79 ecn_mark=543 drop=0
[QUEUE_STATS] t_ms=7248 q_pkts=280 q_bytes=421120 qdelay_l_ms=1.06099 qdelay_c_ms=111.938 ecn_mark=546 drop=0
[QUEUE_STATS] t_ms=7264 q_pkts=281 q_bytes=422624 qdelay_l_ms=1.05272 qdelay_c_ms=111.337 ecn_mark=547 drop=0
[QUEUE_STATS] t_ms=7280 q_pkts=283 q_bytes=425632 qdelay_l_ms=0 qdelay_c_ms=110.869 ecn_mark=551 drop=0
[QUEUE_STATS] t_ms=7296 q_pkts=281 q_bytes=422624 qdelay_l_ms=1.08561 qdelay_c_ms=109.875 ecn_mark=554 drop=0
[QUEUE_STATS] t_ms=7312 q_pkts=280 q_bytes=421120 qdelay_l_ms=1.09489 qdelay_c_ms=111.076 ecn_mark=554 drop=0
[QUEUE_STATS] t_ms=7328 q_pkts=284 q_bytes=427136 qdelay_l_ms=1.07176 qdelay_c_ms=110.4 ecn_mark=554 drop=0
[QUEUE_STATS] t_ms=7344 q_pkts=279 q_bytes=419616 qdelay_l_ms=0.029856 qdelay_c_ms=109.06 ecn_mark=557 drop=0
[QUEUE_STATS] t_ms=7360 q_pkts=282 q_bytes=424128 qdelay_l_ms=1.11083 qdelay_c_ms=111.19 ecn_mark=560 drop=0
[QUEUE_STATS] t_ms=7376 q_pkts=285 q_bytes=428640 qdelay_l_ms=0 qdelay_c_ms=109.959 ecn_mark=564 drop=0
[QUEUE_STATS] t_ms=7392 q_pkts=283 q_bytes=425632 qdelay_l_ms=1.05793 qdelay_c_ms=110.064 ecn_mark=566 drop=0
[QUEUE_STATS] t_ms=7408 q_pkts=283 q_bytes=425632 qdelay_l_ms=1.07122 qdelay_c_ms=110.889 ecn_mark=568 drop=0
[QUEUE_STATS] t_ms=7424 q_pkts=282 q_bytes=424128 qdelay_l_ms=1.06607 qdelay_c_ms=107.514 ecn_mark=569 drop=0
[QUEUE_STATS] t_ms=7440 q_pkts=282 q_bytes=424128 qdelay_l_ms=1.06591 qdelay_c_ms=109.014 ecn_mark=571 drop=0
[QUEUE_STATS] t_ms=7457 q_pkts=282 q_bytes=424128 qdelay_l_ms=1.07822 qdelay_c_ms=110.024 ecn_mark=574 drop=0
[QUEUE_STATS] t_ms=7472 q_pkts=281 q_bytes=422624 qdelay_l_ms=1.06702 qdelay_c_ms=106.846 ecn_mark=574 drop=0
[QUEUE_STATS] t_ms=7489 q_pkts=282 q_bytes=424128 qdelay_l_ms=1.06855 qdelay_c_ms=109.117 ecn_mark=577 drop=0
[QUEUE_STATS] t_ms=7504 q_pkts=271 q_bytes=407584 qdelay_l_ms=0.919819 qdelay_c_ms=108.43 ecn_mark=580 drop=0
[QUEUE_STATS] t_ms=7520 q_pkts=256 q_bytes=385024 qdelay_l_ms=1.05564 qdelay_c_ms=107.005 ecn_mark=581 drop=0
[QUEUE_STATS] t_ms=7537 q_pkts=243 q_bytes=365472 qdelay_l_ms=1.06719 qdelay_c_ms=108.056 ecn_mark=581 drop=0
[QUEUE_STATS] t_ms=7552 q_pkts=230 q_bytes=345920 qdelay_l_ms=1.05117 qdelay_c_ms=108.091 ecn_mark=582 drop=0
[QUEUE_STATS] t_ms=7568 q_pkts=220 q_bytes=330880 qdelay_l_ms=1.10478 qdelay_c_ms=106.184 ecn_mark=584 drop=0
[QUEUE_STATS] t_ms=7584 q_pkts=207 q_bytes=311328 qdelay_l_ms=1.1055 qdelay_c_ms=108.662 ecn_mark=586 drop=0
[QUEUE_STATS] t_ms=7600 q_pkts=194 q_bytes=291776 qdelay_l_ms=1.04756 qdelay_c_ms=104.421 ecn_mark=586 drop=0
[QUEUE_STATS] t_ms=7616 q_pkts=180 q_bytes=270720 qdelay_l_ms=0.821344 qdelay_c_ms=96.7749 ecn_mark=587 drop=0
[QUEUE_STATS] t_ms=7632 q_pkts=168 q_bytes=252672 qdelay_l_ms=1.06781 qdelay_c_ms=90.8076 ecn_mark=590 drop=0
[QUEUE_STATS] t_ms=7648 q_pkts=164 q_bytes=246656 qdelay_l_ms=0 qdelay_c_ms=83.8473 ecn_mark=591 drop=0
[QUEUE_STATS] t_ms=7664 q_pkts=157 q_bytes=236128 qdelay_l_ms=1.07273 qdelay_c_ms=73.9892 ecn_mark=592 drop=0
[QUEUE_STATS] t_ms=7680 q_pkts=145 q_bytes=218080 qdelay_l_ms=1.07145 qdelay_c_ms=68.9759 ecn_mark=592 drop=0
[QUEUE_STATS] t_ms=7697 q_pkts=133 q_bytes=200032 qdelay_l_ms=0 qdelay_c_ms=61.1864 ecn_mark=593 drop=0
[QUEUE_STATS] t_ms=7712 q_pkts=119 q_bytes=178976 qdelay_l_ms=0.92576 qdelay_c_ms=61.9915 ecn_mark=593 drop=0
[QUEUE_STATS] t_ms=7728 q_pkts=106 q_bytes=159424 qdelay_l_ms=0.033002 qdelay_c_ms=55.9654 ecn_mark=593 drop=0
[QUEUE_STATS] t_ms=7744 q_pkts=95 q_bytes=142880 qdelay_l_ms=1.06689 qdelay_c_ms=51.2241 ecn_mark=593 drop=0
[QUEUE_STATS] t_ms=7760 q_pkts=83 q_bytes=124832 qdelay_l_ms=0.964974 qdelay_c_ms=44.0464 ecn_mark=594 drop=0
[QUEUE_STATS] t_ms=7776 q_pkts=83 q_bytes=124832 qdelay_l_ms=1.07048 qdelay_c_ms=38.0581 ecn_mark=595 drop=0
[QUEUE_STATS] t_ms=7792 q_pkts=83 q_bytes=124832 qdelay_l_ms=0.923375 qdelay_c_ms=29.8226 ecn_mark=595 drop=0
[QUEUE_STATS] t_ms=7809 q_pkts=83 q_bytes=124832 qdelay_l_ms=1.03534 qdelay_c_ms=30.7429 ecn_mark=596 drop=0
[QUEUE_STATS] t_ms=7824 q_pkts=85 q_bytes=127840 qdelay_l_ms=1.09343 qdelay_c_ms=31.2762 ecn_mark=599 drop=0
[QUEUE_STATS] t_ms=7840 q_pkts=82 q_bytes=123328 qdelay_l_ms=1.05787 qdelay_c_ms=30.0175 ecn_mark=601 drop=0
[QUEUE_STATS] t_ms=7856 q_pkts=84 q_bytes=126336 qdelay_l_ms=1.06019 qdelay_c_ms=31.7995 ecn_mark=602 drop=0
[QUEUE_STATS] t_ms=7872 q_pkts=83 q_bytes=124832 qdelay_l_ms=1.09474 qdelay_c_ms=30.8151 ecn_mark=602 drop=0
[QUEUE_STATS] t_ms=7888 q_pkts=85 q_bytes=127840 qdelay_l_ms=0.970013 qdelay_c_ms=31.3343 ecn_mark=604 drop=0
[QUEUE_STATS] t_ms=7904 q_pkts=83 q_bytes=124832 qdelay_l_ms=1.05185 qdelay_c_ms=31.9628 ecn_mark=604 drop=0
[QUEUE_STATS] t_ms=7920 q_pkts=85 q_bytes=127840 qdelay_l_ms=1.0585 qdelay_c_ms=31.8089 ecn_mark=605 drop=0
[QUEUE_STATS] t_ms=7936 q_pkts=86 q_bytes=129344 qdelay_l_ms=1.10021 qdelay_c_ms=30.9763 ecn_mark=605 drop=0
[QUEUE_STATS] t_ms=7952 q_pkts=86 q_bytes=129344 qdelay_l_ms=0.943523 qdelay_c_ms=32.0468 ecn_mark=606 drop=0
[QUEUE_STATS] t_ms=7968 q_pkts=86 q_bytes=129344 qdelay_l_ms=1.10379 qdelay_c_ms=31.1238 ecn_mark=609 drop=0
[QUEUE_STATS] t_ms=7984 q_pkts=86 q_bytes=129344 qdelay_l_ms=1.06757 qdelay_c_ms=32.0688 ecn_mark=610 drop=0
[QUEUE_STATS] t_ms=8000 q_pkts=87 q_bytes=130848 qdelay_l_ms=0.968571 qdelay_c_ms=32.0681 ecn_mark=610 drop=0
[QUEUE_STATS] t_ms=8016 q_pkts=83 q_bytes=124832 qdelay_l_ms=1.07561 qdelay_c_ms=31.5282 ecn_mark=612 drop=0
[QUEUE_STATS] t_ms=8032 q_pkts=70 q_bytes=105280 qdelay_l_ms=1.09174 qdelay_c_ms=31.5486 ecn_mark=614 drop=0
[QUEUE_STATS] t_ms=8048 q_pkts=59 q_bytes=88736 qdelay_l_ms=1.01351 qdelay_c_ms=31.3633 ecn_mark=615 drop=0
[QUEUE_STATS] t_ms=8064 q_pkts=44 q_bytes=66176 qdelay_l_ms=1.07421 qdelay_c_ms=22.0808 ecn_mark=616 drop=0
[QUEUE_STATS] t_ms=8080 q_pkts=30 q_bytes=45120 qdelay_l_ms=1.07459 qdelay_c_ms=16.0762 ecn_mark=620 drop=0
[QUEUE_STATS] t_ms=8096 q_pkts=29 q_bytes=43616 qdelay_l_ms=1.01717 qdelay_c_ms=10.0243 ecn_mark=624 drop=0
[QUEUE_STATS] t_ms=8113 q_pkts=27 q_bytes=40608 qdelay_l_ms=1.065 qdelay_c_ms=10.16 ecn_mark=624 drop=0
[QUEUE_STATS] t_ms=8129 q_pkts=28 q_bytes=42112 qdelay_l_ms=1.06774 qdelay_c_ms=9.69327 ecn_mark=626 drop=0
[QUEUE_STATS] t_ms=8144 q_pkts=29 q_bytes=43616 qdelay_l_ms=0.997996 qdelay_c_ms=9.39521 ecn_mark=626 drop=0
[QUEUE_STATS] t_ms=8160 q_pkts=29 q_bytes=43616 qdelay_l_ms=1.05343 qdelay_c_ms=10.2028 ecn_mark=627 drop=0
[QUEUE_STATS] t_ms=8176 q_pkts=27 q_bytes=40608 qdelay_l_ms=1.07074 qdelay_c_ms=10.5161 ecn_mark=629 drop=0
[QUEUE_STATS] t_ms=8192 q_pkts=29 q_bytes=43616 qdelay_l_ms=1.0745 qdelay_c_ms=10.0895 ecn_mark=630 drop=0
[QUEUE_STATS] t_ms=8208 q_pkts=25 q_bytes=37600 qdelay_l_ms=0.017143 qdelay_c_ms=8.7719 ecn_mark=631 drop=0
[QUEUE_STATS] t_ms=8224 q_pkts=28 q_bytes=42112 qdelay_l_ms=1.11063 qdelay_c_ms=9.88175 ecn_mark=633 drop=0
[QUEUE_STATS] t_ms=8240 q_pkts=27 q_bytes=40608 qdelay_l_ms=1.07297 qdelay_c_ms=9.11665 ecn_mark=633 drop=0
[QUEUE_STATS] t_ms=8256 q_pkts=26 q_bytes=39104 qdelay_l_ms=0 qdelay_c_ms=9.16973 ecn_mark=634 drop=0
[QUEUE_STATS] t_ms=8272 q_pkts=27 q_bytes=40608 qdelay_l_ms=1.0589 qdelay_c_ms=10.1173 ecn_mark=635 drop=0
[QUEUE_STATS] t_ms=8288 q_pkts=29 q_bytes=43616 qdelay_l_ms=1.07221 qdelay_c_ms=9.89343 ecn_mark=636 drop=0
[QUEUE_STATS] t_ms=8305 q_pkts=30 q_bytes=45120 qdelay_l_ms=1.07582 qdelay_c_ms=10.9154 ecn_mark=636 drop=0
[QUEUE_STATS] t_ms=8320 q_pkts=30 q_bytes=45120 qdelay_l_ms=1.09858 qdelay_c_ms=9.56274 ecn_mark=636 drop=0
[QUEUE_STATS] t_ms=8336 q_pkts=25 q_bytes=37600 qdelay_l_ms=0.03198 qdelay_c_ms=9.0172 ecn_mark=640 drop=0
[QUEUE_STATS] t_ms=8352 q_pkts=31 q_bytes=46624 qdelay_l_ms=0.903609 qdelay_c_ms=9.84113 ecn_mark=642 drop=0
[QUEUE_STATS] t_ms=8368 q_pkts=26 q_bytes=39104 qdelay_l_ms=0 qdelay_c_ms=10.0197 ecn_mark=644 drop=0
[QUEUE_STATS] t_ms=8384 q_pkts=30 q_bytes=45120 qdelay_l_ms=1.06328 qdelay_c_ms=10.7659 ecn_mark=644 drop=0
[QUEUE_STATS] t_ms=8401 q_pkts=30 q_bytes=45120 qdelay_l_ms=0 qdelay_c_ms=11.8385 ecn_mark=645 drop=0
[QUEUE_STATS] t_ms=8416 q_pkts=31 q_bytes=46624 qdelay_l_ms=1.09298 qdelay_c_ms=9.86666 ecn_mark=646 drop=0
[QUEUE_STATS] t_ms=8433 q_pkts=29 q_bytes=43616 qdelay_l_ms=1.08734 qdelay_c_ms=10.9913 ecn_mark=648 drop=0
[QUEUE_STATS] t_ms=8448 q_pkts=31 q_bytes=46624 qdelay_l_ms=1.07357 qdelay_c_ms=10.7024 ecn_mark=648 drop=0
[QUEUE_STATS] t_ms=8464 q_pkts=32 q_bytes=48128 qdelay_l_ms=1.07936 qdelay_c_ms=11.2087 ecn_mark=649 drop=0
[QUEUE_STATS] t_ms=8481 q_pkts=31 q_bytes=46624 qdelay_l_ms=1.03126 qdelay_c_ms=10.9302 ecn_mark=650 drop=0
[QUEUE_STATS] t_ms=8496 q_pkts=31 q_bytes=46624 qdelay_l_ms=1.06623 qdelay_c_ms=10.9351 ecn_mark=651 drop=0
[QUEUE_STATS] t_ms=8513 q_pkts=32 q_bytes=48128 qdelay_l_ms=1.09574 qdelay_c_ms=11.1272 ecn_mark=651 drop=0
[QUEUE_STATS] t_ms=8528 q_pkts=33 q_bytes=49632 qdelay_l_ms=1.08139 qdelay_c_ms=12.2532 ecn_mark=652 drop=0
[QUEUE_STATS] t_ms=8544 q_pkts=31 q_bytes=46624 qdelay_l_ms=0.013234 qdelay_c_ms=9.71679 ecn_mark=652 drop=0
[QUEUE_STATS] t_ms=8560 q_pkts=33 q_bytes=49632 qdelay_l_ms=1.04454 qdelay_c_ms=12.0264 ecn_mark=652 drop=0
[QUEUE_STATS] t_ms=8576 q_pkts=34 q_bytes=51136 qdelay_l_ms=1.07619 qdelay_c_ms=11.304 ecn_mark=653 drop=0
[QUEUE_STATS] t_ms=8593 q_pkts=34 q_bytes=51136 qdelay_l_ms=1.06608 qdelay_c_ms=11.9771 ecn_mark=654 drop=0
[QUEUE_STATS] t_ms=8608 q_pkts=35 q_bytes=52640 qdelay_l_ms=1.09932 qdelay_c_ms=12.1059 ecn_mark=656 drop=0
[QUEUE_STATS] t_ms=8624 q_pkts=35 q_bytes=52640 qdelay_l_ms=1.08348 qdelay_c_ms=12.7423 ecn_mark=658 drop=0
[QUEUE_STATS] t_ms=8640 q_pkts=31 q_bytes=46624 qdelay_l_ms=0.013806 qdelay_c_ms=11.7664 ecn_mark=660 drop=0
[QUEUE_STATS] t_ms=8656 q_pkts=32 q_bytes=48128 qdelay_l_ms=1.09772 qdelay_c_ms=10.8415 ecn_mark=661 drop=0
[QUEUE_STATS] t_ms=8672 q_pkts=32 q_bytes=48128 qdelay_l_ms=0 qdelay_c_ms=11.9008 ecn_mark=661 drop=0
[QUEUE_STATS] t_ms=8688 q_pkts=35 q_bytes=52640 qdelay_l_ms=1.09709 qdelay_c_ms=12.9623 ecn_mark=663 drop=0
[QUEUE_STATS] t_ms=8704 q_pkts=35 q_bytes=52640 qdelay_l_ms=1.02442 qdelay_c_ms=11.4865 ecn_mark=664 drop=0
[QUEUE_STATS] t_ms=8720 q_pkts=36 q_bytes=54144 qdelay_l_ms=1.06597 qdelay_c_ms=13.0344 ecn_mark=664 drop=0
[QUEUE_STATS] t_ms=8736 q_pkts=35 q_bytes=52640 qdelay_l_ms=0.873983 qdelay_c_ms=10.8752 ecn_mark=665 drop=0
[QUEUE_STATS] t_ms=8752 q_pkts=35 q_bytes=52640 qdelay_l_ms=1.07398 qdelay_c_ms=12.9786 ecn_mark=666 drop=0
[QUEUE_STATS] t_ms=8768 q_pkts=37 q_bytes=55648 qdelay_l_ms=0.99479 qdelay_c_ms=12.8699 ecn_mark=667 drop=0
[QUEUE_STATS] t_ms=8785 q_pkts=38 q_bytes=57152 qdelay_l_ms=1.06589 qdelay_c_ms=13.27 ecn_mark=669 drop=0
[QUEUE_STATS] t_ms=8800 q_pkts=35 q_bytes=52640 qdelay_l_ms=1.06195 qdelay_c_ms=13.3073 ecn_mark=669 drop=0
[QUEUE_STATS] t_ms=8816 q_pkts=35 q_bytes=52640 qdelay_l_ms=0 qdelay_c_ms=12.0401 ecn_mark=669 drop=0
[QUEUE_STATS] t_ms=8832 q_pkts=33 q_bytes=49632 qdelay_l_ms=0 qdelay_c_ms=11.7321 ecn_mark=672 drop=0
[QUEUE_STATS] t_ms=8848 q_pkts=37 q_bytes=55648 qdelay_l_ms=1.07906 qdelay_c_ms=13.0779 ecn_mark=676 drop=0
[QUEUE_STATS] t_ms=8864 q_pkts=41 q_bytes=61664 qdelay_l_ms=1.02247 qdelay_c_ms=13.2885 ecn_mark=678 drop=0
[QUEUE_STATS] t_ms=8880 q_pkts=39 q_bytes=58656 qdelay_l_ms=1.08091 qdelay_c_ms=13.7827 ecn_mark=679 drop=0
[QUEUE_STATS] t_ms=8896 q_pkts=37 q_bytes=55648 qdelay_l_ms=1.06626 qdelay_c_ms=13.3762 ecn_mark=680 drop=0
[QUEUE_STATS] t_ms=8912 q_pkts=40 q_bytes=60160 qdelay_l_ms=1.02103 qdelay_c_ms=13.066 ecn_mark=682 drop=0
[QUEUE_STATS] t_ms=8928 q_pkts=39 q_bytes=58656 qdelay_l_ms=0.921431 qdelay_c_ms=13.4187 ecn_mark=684 drop=0
[QUEUE_STATS] t_ms=8944 q_pkts=39 q_bytes=58656 qdelay_l_ms=1.08303 qdelay_c_ms=14.2022 ecn_mark=686 drop=0
[QUEUE_STATS] t_ms=8960 q_pkts=39 q_bytes=58656 qdelay_l_ms=1.0597 qdelay_c_ms=14.0421 ecn_mark=688 drop=0
[QUEUE_STATS] t_ms=8977 q_pkts=38 q_bytes=57152 qdelay_l_ms=1.09036 qdelay_c_ms=13.692 ecn_mark=690 drop=0
[QUEUE_STATS] t_ms=8992 q_pkts=38 q_bytes=57152 qdelay_l_ms=1.05404 qdelay_c_ms=13.3347 ecn_mark=692 drop=0
[QUEUE_STATS] t_ms=9008 q_pkts=41 q_bytes=61664 qdelay_l_ms=1.08031 qdelay_c_ms=14.3266 ecn_mark=692 drop=0
[QUEUE_STATS] t_ms=9024 q_pkts=40 q_bytes=60160 qdelay_l_ms=0.942551 qdelay_c_ms=14.0875 ecn_mark=694 drop=0
[QUEUE_STATS] t_ms=9040 q_pkts=37 q_bytes=55648 qdelay_l_ms=0.974662 qdelay_c_ms=13.1933 ecn_mark=694 drop=0
[QUEUE_STATS] t_ms=9056 q_pkts=37 q_bytes=55648 qdelay_l_ms=0.69672 qdelay_c_ms=13.9632 ecn_mark=694 drop=0
[QUEUE_STATS] t_ms=9072 q_pkts=39 q_bytes=58656 qdelay_l_ms=0.934016 qdelay_c_ms=12.468 ecn_mark=694 drop=0
[QUEUE_STATS] t_ms=9088 q_pkts=39 q_bytes=58656 qdelay_l_ms=1.09352 qdelay_c_ms=14.0433 ecn_mark=695 drop=0
[QUEUE_STATS] t_ms=9104 q_pkts=42 q_bytes=63168 qdelay_l_ms=1.03537 qdelay_c_ms=15.0843 ecn_mark=695 drop=0
[QUEUE_STATS] t_ms=9120 q_pkts=40 q_bytes=60160 qdelay_l_ms=1.09501 qdelay_c_ms=12.9361 ecn_mark=695 drop=0
[QUEUE_STATS] t_ms=9136 q_pkts=41 q_bytes=61664 qdelay_l_ms=1.06364 qdelay_c_ms=14.3768 ecn_mark=697 drop=0
[QUEUE_STATS] t_ms=9152 q_pkts=43 q_bytes=64672 qdelay_l_ms=0.988818 qdelay_c_ms=14.2192 ecn_mark=699 drop=0
[QUEUE_STATS] t_ms=9168 q_pkts=40 q_bytes=60160 qdelay_l_ms=0.948643 qdelay_c_ms=13.9815 ecn_mark=700 drop=0
[QUEUE_STATS] t_ms=9184 q_pkts=35 q_bytes=52640 qdelay_l_ms=0 qdelay_c_ms=13.0379 ecn_mark=703 drop=0
[QUEUE_STATS] t_ms=9200 q_pkts=41 q_bytes=61664 qdelay_l_ms=1.06591 qdelay_c_ms=14.0909 ecn_mark=704 drop=0
[QUEUE_STATS] t_ms=9216 q_pkts=41 q_bytes=61664 qdelay_l_ms=0.98954 qdelay_c_ms=13.9398 ecn_mark=706 drop=0
[QUEUE_STATS] t_ms=9232 q_pkts=38 q_bytes=57152 qdelay_l_ms=0.019807 qdelay_c_ms=13.1724 ecn_mark=708 drop=0
[QUEUE_STATS] t_ms=9248 q_pkts=39 q_bytes=58656 qdelay_l_ms=1.08574 qdelay_c_ms=13.7778 ecn_mark=708 drop=0
[QUEUE_STATS] t_ms=9264 q_pkts=39 q_bytes=58656 qdelay_l_ms=1.00311 qdelay_c_ms=12.8164 ecn_mark=709 drop=0
[QUEUE_STATS] t_ms=9280 q_pkts=40 q_bytes=60160 qdelay_l_ms=1.05079 qdelay_c_ms=15.228 ecn_mark=710 drop=0
[QUEUE_STATS] t_ms=9296 q_pkts=41 q_bytes=61664 qdelay_l_ms=1.09013 qdelay_c_ms=14.1059 ecn_mark=711 drop=0
[QUEUE_STATS] t_ms=9312 q_pkts=40 q_bytes=60160 qdelay_l_ms=1.01586 qdelay_c_ms=14.8417 ecn_mark=712 drop=0
[QUEUE_STATS] t_ms=9328 q_pkts=39 q_bytes=58656 qdelay_l_ms=1.06567 qdelay_c_ms=14.2938 ecn_mark=712 drop=0
[QUEUE_STATS] t_ms=9344 q_pkts=41 q_bytes=61664 qdelay_l_ms=1.10666 qdelay_c_ms=13.7508 ecn_mark=713 drop=0
[QUEUE_STATS] t_ms=9360 q_pkts=41 q_bytes=61664 qdelay_l_ms=0 qdelay_c_ms=14.4587 ecn_mark=715 drop=0
[QUEUE_STATS] t_ms=9376 q_pkts=41 q_bytes=61664 qdelay_l_ms=1.04376 qdelay_c_ms=15.5402 ecn_mark=716 drop=0
[QUEUE_STATS] t_ms=9392 q_pkts=41 q_bytes=61664 qdelay_l_ms=1.06982 qdelay_c_ms=14.0654 ecn_mark=718 drop=0
[QUEUE_STATS] t_ms=9408 q_pkts=41 q_bytes=61664 qdelay_l_ms=1.10179 qdelay_c_ms=14.0705 ecn_mark=720 drop=0
[QUEUE_STATS] t_ms=9424 q_pkts=38 q_bytes=57152 qdelay_l_ms=0 qdelay_c_ms=12.5283 ecn_mark=720 drop=0
[QUEUE_STATS] t_ms=9440 q_pkts=40 q_bytes=60160 qdelay_l_ms=1.06562 qdelay_c_ms=14.3872 ecn_mark=723 drop=0
[QUEUE_STATS] t_ms=9456 q_pkts=41 q_bytes=61664 qdelay_l_ms=1.08106 qdelay_c_ms=13.7575 ecn_mark=724 drop=0
[QUEUE_STATS] t_ms=9472 q_pkts=42 q_bytes=63168 qdelay_l_ms=1.05546 qdelay_c_ms=14.3044 ecn_mark=724 drop=0
[QUEUE_STATS] t_ms=9488 q_pkts=31 q_bytes=46624 qdelay_l_ms=1.067 qdelay_c_ms=12.4666 ecn_mark=725 drop=0
[QUEUE_STATS] t_ms=9504 q_pkts=16 q_bytes=24064 qdelay_l_ms=1.03298 qdelay_c_ms=7.92336 ecn_mark=726 drop=0
[QUEUE_STATS] t_ms=9521 q_pkts=3 q_bytes=4512 qdelay_l_ms=1.07304 qdelay_c_ms=1.82442 ecn_mark=729 drop=0
[QUEUE_STATS] t_ms=9536 q_pkts=7 q_bytes=10528 qdelay_l_ms=0.780768 qdelay_c_ms=1.87662 ecn_mark=729 drop=0
[QUEUE_STATS] t_ms=9552 q_pkts=6 q_bytes=9024 qdelay_l_ms=1.08014 qdelay_c_ms=1.79315 ecn_mark=729 drop=0
[QUEUE_STATS] t_ms=9568 q_pkts=3 q_bytes=4512 qdelay_l_ms=1.08334 qdelay_c_ms=1.0768 ecn_mark=731 drop=0
[QUEUE_STATS] t_ms=9584 q_pkts=5 q_bytes=7520 qdelay_l_ms=1.07404 qdelay_c_ms=1.84239 ecn_mark=731 drop=0
[QUEUE_STATS] t_ms=9600 q_pkts=5 q_bytes=7520 qdelay_l_ms=1.07392 qdelay_c_ms=2.14029 ecn_mark=731 drop=0
[QUEUE_STATS] t_ms=9616 q_pkts=0 q_bytes=0 qdelay_l_ms=0 qdelay_c_ms=0 ecn_mark=732 drop=0
[QUEUE_STATS] t_ms=9632 q_pkts=4 q_bytes=6016 qdelay_l_ms=1.06445 qdelay_c_ms=1.09479 ecn_mark=733 drop=0
[QUEUE_STATS] t_ms=9648 q_pkts=5 q_bytes=7520 qdelay_l_ms=1.03593 qdelay_c_ms=1.05733 ecn_mark=734 drop=0
[QUEUE_STATS] t_ms=9664 q_pkts=4 q_bytes=6016 qdelay_l_ms=1.08225 qdelay_c_ms=1.07679 ecn_mark=734 drop=0
[QUEUE_STATS] t_ms=9680 q_pkts=4 q_bytes=6016 qdelay_l_ms=1.06533 qdelay_c_ms=1.08579 ecn_mark=735 drop=0
[QUEUE_STATS] t_ms=9696 q_pkts=1 q_bytes=1504 qdelay_l_ms=0.014157 qdelay_c_ms=0 ecn_mark=735 drop=0
[QUEUE_STATS] t_ms=9712 q_pkts=4 q_bytes=6016 qdelay_l_ms=1.09183 qdelay_c_ms=1.08544 ecn_mark=737 drop=0
[QUEUE_STATS] t_ms=9728 q_pkts=2 q_bytes=3008 qdelay_l_ms=1.08804 qdelay_c_ms=1.07867 ecn_mark=737 drop=0
[QUEUE_STATS] t_ms=9744 q_pkts=1 q_bytes=1504 qdelay_l_ms=0.011151 qdelay_c_ms=0 ecn_mark=737 drop=0
[QUEUE_STATS] t_ms=9760 q_pkts=6 q_bytes=9024 qdelay_l_ms=1.06678 qdelay_c_ms=2.86167 ecn_mark=739 drop=0
[QUEUE_STATS] t_ms=9776 q_pkts=7 q_bytes=10528 qdelay_l_ms=1.06141 qdelay_c_ms=2.17696 ecn_mark=741 drop=0
[QUEUE_STATS] t_ms=9792 q_pkts=6 q_bytes=9024 qdelay_l_ms=1.0951 qdelay_c_ms=1.08928 ecn_mark=742 drop=0
[QUEUE_STATS] t_ms=9808 q_pkts=3 q_bytes=4512 qdelay_l_ms=1.08503 qdelay_c_ms=1.07845 ecn_mark=742 drop=0
[QUEUE_STATS] t_ms=9824 q_pkts=3 q_bytes=4512 qdelay_l_ms=1.07034 qdelay_c_ms=2.15675 ecn_mark=743 drop=0
[QUEUE_STATS] t_ms=9840 q_pkts=1 q_bytes=1504 qdelay_l_ms=0 qdelay_c_ms=0.014387 ecn_mark=744 drop=0
[QUEUE_STATS] t_ms=9856 q_pkts=5 q_bytes=7520 qdelay_l_ms=0.755199 qdelay_c_ms=0.749528 ecn_mark=745 drop=0
[QUEUE_STATS] t_ms=9872 q_pkts=2 q_bytes=3008 qdelay_l_ms=1.0743 qdelay_c_ms=1.08114 ecn_mark=747 drop=0
[QUEUE_STATS] t_ms=9888 q_pkts=5 q_bytes=7520 qdelay_l_ms=1.03707 qdelay_c_ms=2.11777 ecn_mark=747 drop=0
[QUEUE_STATS] t_ms=9904 q_pkts=3 q_bytes=4512 qdelay_l_ms=1.06632 qdelay_c_ms=1.09515 ecn_mark=748 drop=0
[QUEUE_STATS] t_ms=9920 q_pkts=4 q_bytes=6016 qdelay_l_ms=0.751974 qdelay_c_ms=0.769136 ecn_mark=749 drop=0
[QUEUE_STATS] t_ms=9936 q_pkts=3 q_bytes=4512 qdelay_l_ms=1.08516 qdelay_c_ms=1.07894 ecn_mark=750 drop=0
[QUEUE_STATS] t_ms=9952 q_pkts=1 q_bytes=1504 qdelay_l_ms=1.07761 qdelay_c_ms=0 ecn_mark=751 drop=0
[QUEUE_STATS] t_ms=9968 q_pkts=1 q_bytes=1504 qdelay_l_ms=0.013014 qdelay_c_ms=0 ecn_mark=752 drop=0
[QUEUE_STATS] t_ms=9984 q_pkts=3 q_bytes=4512 qdelay_l_ms=1.06153 qdelay_c_ms=1.07238 ecn_mark=754 drop=0
[QUEUE_STATS] t_ms=10000 q_pkts=1 q_bytes=1504 qdelay_l_ms=1.05358 qdelay_c_ms=0 ecn_mark=755 drop=0
[QUEUE_STATS] t_ms=10016 q_pkts=4 q_bytes=6016 qdelay_l_ms=1.09716 qdelay_c_ms=1.09015 ecn_mark=756 drop=0
[QUEUE_STATS] t_ms=10032 q_pkts=4 q_bytes=6016 qdelay_l_ms=1.06624 qdelay_c_ms=1.44985 ecn_mark=757 drop=0
[QUEUE_STATS] t_ms=10048 q_pkts=0 q_bytes=0 qdelay_l_ms=0 qdelay_c_ms=0 ecn_mark=758 drop=0
[QUEUE_STATS] t_ms=10065 q_pkts=2 q_bytes=3008 qdelay_l_ms=1.08147 qdelay_c_ms=0 ecn_mark=761 drop=0
[QUEUE_STATS] t_ms=10080 q_pkts=4 q_bytes=6016 qdelay_l_ms=0 qdelay_c_ms=0.034174 ecn_mark=762 drop=0
[QUEUE_STATS] t_ms=10096 q_pkts=3 q_bytes=4512 qdelay_l_ms=0.801977 qdelay_c_ms=0.793902 ecn_mark=765 drop=0
[QUEUE_STATS] t_ms=10113 q_pkts=4 q_bytes=6016 qdelay_l_ms=1.06559 qdelay_c_ms=1.86197 ecn_mark=766 drop=0
[QUEUE_STATS] t_ms=10128 q_pkts=3 q_bytes=4512 qdelay_l_ms=1.08633 qdelay_c_ms=1.08049 ecn_mark=769 drop=0
[QUEUE_STATS] t_ms=10144 q_pkts=2 q_bytes=3008 qdelay_l_ms=0 qdelay_c_ms=1.07329 ecn_mark=771 drop=0
[QUEUE_STATS] t_ms=10161 q_pkts=4 q_bytes=6016 qdelay_l_ms=1.09386 qdelay_c_ms=1.08691 ecn_mark=771 drop=0
[QUEUE_STATS] t_ms=10177 q_pkts=3 q_bytes=4512 qdelay_l_ms=1.06323 qdelay_c_ms=1.07345 ecn_mark=773 drop=0
[QUEUE_STATS] t_ms=10193 q_pkts=3 q_bytes=4512 qdelay_l_ms=1.08869 qdelay_c_ms=1.08214 ecn_mark=773 drop=0
[QUEUE_STATS] t_ms=10208 q_pkts=0 q_bytes=0 qdelay_l_ms=0 qdelay_c_ms=0 ecn_mark=773 drop=0
[QUEUE_STATS] t_ms=10224 q_pkts=4 q_bytes=6016 qdelay_l_ms=1.08557 qdelay_c_ms=1.07955 ecn_mark=774 drop=0
[QUEUE_STATS] t_ms=10241 q_pkts=5 q_bytes=7520 qdelay_l_ms=1.07291 qdelay_c_ms=2.11567 ecn_mark=774 drop=0
[QUEUE_STATS] t_ms=10256 q_pkts=2 q_bytes=3008 qdelay_l_ms=0 qdelay_c_ms=0.03206 ecn_mark=774 drop=0
[QUEUE_STATS] t_ms=10273 q_pkts=5 q_bytes=7520 qdelay_l_ms=1.06409 qdelay_c_ms=1.09737 ecn_mark=775 drop=0
[QUEUE_STATS] t_ms=10288 q_pkts=4 q_bytes=6016 qdelay_l_ms=1.07163 qdelay_c_ms=1.09387 ecn_mark=776 drop=0
[QUEUE_STATS] t_ms=10304 q_pkts=3 q_bytes=4512 qdelay_l_ms=1.01328 qdelay_c_ms=1.02617 ecn_mark=777 drop=0
[QUEUE_STATS] t_ms=10320 q_pkts=0 q_bytes=0 qdelay_l_ms=0 qdelay_c_ms=0 ecn_mark=777 drop=0
[QUEUE_STATS] t_ms=10336 q_pkts=3 q_bytes=4512 qdelay_l_ms=1.06611 qdelay_c_ms=1.06122 ecn_mark=780 drop=0
[QUEUE_STATS] t_ms=10352 q_pkts=4 q_bytes=6016 qdelay_l_ms=1.09457 qdelay_c_ms=1.08722 ecn_mark=780 drop=0
[QUEUE_STATS] t_ms=10369 q_pkts=5 q_bytes=7520 qdelay_l_ms=1.10758 qdelay_c_ms=1.0979 ecn_mark=780 drop=0
[QUEUE_STATS] t_ms=10384 q_pkts=3 q_bytes=4512 qdelay_l_ms=0.83015 qdelay_c_ms=0.84103 ecn_mark=780 drop=0
[QUEUE_STATS] t_ms=10400 q_pkts=6 q_bytes=9024 qdelay_l_ms=1.04004 qdelay_c_ms=1.06794 ecn_mark=780 drop=0
[QUEUE_STATS] t_ms=10416 q_pkts=5 q_bytes=7520 qdelay_l_ms=1.03172 qdelay_c_ms=1.05689 ecn_mark=781 drop=0
[QUEUE_STATS] t_ms=10432 q_pkts=4 q_bytes=6016 qdelay_l_ms=1.00667 qdelay_c_ms=1.0259 ecn_mark=783 drop=0
[QUEUE_STATS] t_ms=10448 q_pkts=3 q_bytes=4512 qdelay_l_ms=1.06819 qdelay_c_ms=1.07815 ecn_mark=785 drop=0
[QUEUE_STATS] t_ms=10464 q_pkts=2 q_bytes=3008 qdelay_l_ms=1.06728 qdelay_c_ms=0 ecn_mark=786 drop=0
[QUEUE_STATS] t_ms=10480 q_pkts=4 q_bytes=6016 qdelay_l_ms=1.10142 qdelay_c_ms=1.85529 ecn_mark=787 drop=0
[QUEUE_STATS] t_ms=10496 q_pkts=3 q_bytes=4512 qdelay_l_ms=1.10384 qdelay_c_ms=1.09227 ecn_mark=788 drop=0
[QUEUE_STATS] t_ms=10512 q_pkts=6 q_bytes=9024 qdelay_l_ms=1.10028 qdelay_c_ms=1.09491 ecn_mark=790 drop=0
[QUEUE_STATS] t_ms=10528 q_pkts=5 q_bytes=7520 qdelay_l_ms=0.747815 qdelay_c_ms=1.87249 ecn_mark=792 drop=0
[QUEUE_STATS] t_ms=10544 q_pkts=6 q_bytes=9024 qdelay_l_ms=1.06588 qdelay_c_ms=1.05928 ecn_mark=793 drop=0
[QUEUE_STATS] t_ms=10560 q_pkts=3 q_bytes=4512 qdelay_l_ms=1.04625 qdelay_c_ms=1.05934 ecn_mark=794 drop=0
[QUEUE_STATS] t_ms=10576 q_pkts=3 q_bytes=4512 qdelay_l_ms=1.06105 qdelay_c_ms=1.05488 ecn_mark=794 drop=0
[QUEUE_STATS] t_ms=10592 q_pkts=3 q_bytes=4512 qdelay_l_ms=1.06901 qdelay_c_ms=1.06405 ecn_mark=794 drop=0
[QUEUE_STATS] t_ms=10608 q_pkts=5 q_bytes=7520 qdelay_l_ms=1.05103 qdelay_c_ms=2.13376 ecn_mark=794 drop=0
[QUEUE_STATS] t_ms=10624 q_pkts=4 q_bytes=6016 qdelay_l_ms=1.06842 qdelay_c_ms=2.11118 ecn_mark=795 drop=0
[QUEUE_STATS] t_ms=10640 q_pkts=4 q_bytes=6016 qdelay_l_ms=0.863643 qdelay_c_ms=1.91942 ecn_mark=798 drop=0
[QUEUE_STATS] t_ms=10656 q_pkts=2 q_bytes=3008 qdelay_l_ms=1.08 qdelay_c_ms=1.79777 ecn_mark=800 drop=0
[QUEUE_STATS] t_ms=10672 q_pkts=3 q_bytes=4512 qdelay_l_ms=1.06616 qdelay_c_ms=1.09162 ecn_mark=801 drop=0
[QUEUE_STATS] t_ms=10689 q_pkts=4 q_bytes=6016 qdelay_l_ms=1.10729 qdelay_c_ms=1.09639 ecn_mark=803 drop=0
[QUEUE_STATS] t_ms=10704 q_pkts=3 q_bytes=4512 qdelay_l_ms=1.06584 qdelay_c_ms=1.10181 ecn_mark=804 drop=0
[QUEUE_STATS] t_ms=10720 q_pkts=3 q_bytes=4512 qdelay_l_ms=1.0924 qdelay_c_ms=1.08653 ecn_mark=805 drop=0
[QUEUE_STATS] t_ms=10736 q_pkts=3 q_bytes=4512 qdelay_l_ms=1.0742 qdelay_c_ms=1.9392 ecn_mark=807 drop=0
[QUEUE_STATS] t_ms=10752 q_pkts=3 q_bytes=4512 qdelay_l_ms=1.06682 qdelay_c_ms=1.0773 ecn_mark=807 drop=0
[QUEUE_STATS] t_ms=10768 q_pkts=0 q_bytes=0 qdelay_l_ms=0 qdelay_c_ms=0 ecn_mark=807 drop=0
[QUEUE_STATS] t_ms=10785 q_pkts=2 q_bytes=3008 qdelay_l_ms=0 qdelay_c_ms=1.0677 ecn_mark=809 drop=0
[QUEUE_STATS] t_ms=10800 q_pkts=2 q_bytes=3008 qdelay_l_ms=0.885655 qdelay_c_ms=0 ecn_mark=809 drop=0
[QUEUE_STATS] t_ms=10816 q_pkts=5 q_bytes=7520 qdelay_l_ms=1.09713 qdelay_c_ms=1.94157 ecn_mark=810 drop=0
[QUEUE_STATS] t_ms=10832 q_pkts=7 q_bytes=10528 qdelay_l_ms=1.05881 qdelay_c_ms=1.0997 ecn_mark=810 drop=0
[QUEUE_STATS] t_ms=10848 q_pkts=1 q_bytes=1504 qdelay_l_ms=0.012453 qdelay_c_ms=0 ecn_mark=811 drop=0
[QUEUE_STATS] t_ms=10864 q_pkts=3 q_bytes=4512 qdelay_l_ms=1.0657 qdelay_c_ms=1.08891 ecn_mark=812 drop=0
[QUEUE_STATS] t_ms=10880 q_pkts=1 q_bytes=1504 qdelay_l_ms=1.11813 qdelay_c_ms=0 ecn_mark=813 drop=0
[QUEUE_STATS] t_ms=10896 q_pkts=2 q_bytes=3008 qdelay_l_ms=1.08323 qdelay_c_ms=2.1446 ecn_mark=814 drop=0
[QUEUE_STATS] t_ms=10912 q_pkts=3 q_bytes=4512 qdelay_l_ms=1.06639 qdelay_c_ms=1.08688 ecn_mark=818 drop=0
[QUEUE_STATS] t_ms=10928 q_pkts=0 q_bytes=0 qdelay_l_ms=0 qdelay_c_ms=0 ecn_mark=819 drop=0
[QUEUE_STATS] t_ms=10944 q_pkts=6 q_bytes=9024 qdelay_l_ms=1.10271 qdelay_c_ms=1.09537 ecn_mark=820 drop=0
[QUEUE_STATS] t_ms=10960 q_pkts=3 q_bytes=4512 qdelay_l_ms=1.06816 qdelay_c_ms=1.07908 ecn_mark=822 drop=0
[QUEUE_STATS] t_ms=10976 q_pkts=2 q_bytes=3008 qdelay_l_ms=0.944826 qdelay_c_ms=0 ecn_mark=822 drop=0
[QUEUE_STATS] t_ms=10992 q_pkts=4 q_bytes=6016 qdelay_l_ms=1.08161 qdelay_c_ms=1.07566 ecn_mark=823 drop=0
[QUEUE_STATS] t_ms=11008 q_pkts=2 q_bytes=3008 qdelay_l_ms=1.02679 qdelay_c_ms=0 ecn_mark=824 drop=0
[QUEUE_STATS] t_ms=11025 q_pkts=2 q_bytes=3008 qdelay_l_ms=1.06696 qdelay_c_ms=1.07247 ecn_mark=825 drop=0
[QUEUE_STATS] t_ms=11040 q_pkts=1 q_bytes=1504 qdelay_l_ms=1.07472 qdelay_c_ms=0 ecn_mark=825 drop=0
[QUEUE_STATS] t_ms=11056 q_pkts=2 q_bytes=3008 qdelay_l_ms=0.848715 qdelay_c_ms=0.854005 ecn_mark=827 drop=0
[QUEUE_STATS] t_ms=11072 q_pkts=5 q_bytes=7520 qdelay_l_ms=1.06609 qdelay_c_ms=2.13119 ecn_mark=827 drop=0
[QUEUE_STATS] t_ms=11088 q_pkts=4 q_bytes=6016 qdelay_l_ms=1.07294 qdelay_c_ms=1.06637 ecn_mark=828 drop=0
[QUEUE_STATS] t_ms=11104 q_pkts=3 q_bytes=4512 qdelay_l_ms=1.06693 qdelay_c_ms=1.06184 ecn_mark=833 drop=0
[QUEUE_STATS] t_ms=11120 q_pkts=3 q_bytes=4512 qdelay_l_ms=1.08087 qdelay_c_ms=1.07289 ecn_mark=833 drop=0
[QUEUE_STATS] t_ms=11136 q_pkts=2 q_bytes=3008 qdelay_l_ms=1.08723 qdelay_c_ms=0 ecn_mark=834 drop=0
[QUEUE_STATS] t_ms=11152 q_pkts=1 q_bytes=1504 qdelay_l_ms=0 qdelay_c_ms=0.013816 ecn_mark=838 drop=0
[QUEUE_STATS] t_ms=11168 q_pkts=4 q_bytes=6016 qdelay_l_ms=1.07115 qdelay_c_ms=1.066 ecn_mark=838 drop=0
[QUEUE_STATS] t_ms=11184 q_pkts=2 q_bytes=3008 qdelay_l_ms=1.02116 qdelay_c_ms=1.02696 ecn_mark=839 drop=0
[QUEUE_STATS] t_ms=11200 q_pkts=2 q_bytes=3008 qdelay_l_ms=0 qdelay_c_ms=1.09566 ecn_mark=840 drop=0
[QUEUE_STATS] t_ms=11216 q_pkts=5 q_bytes=7520 qdelay_l_ms=1.06451 qdelay_c_ms=1.05685 ecn_mark=841 drop=0
[QUEUE_STATS] t_ms=11232 q_pkts=3 q_bytes=4512 qdelay_l_ms=1.04748 qdelay_c_ms=1.04227 ecn_mark=842 drop=0
[QUEUE_STATS] t_ms=11248 q_pkts=3 q_bytes=4512 qdelay_l_ms=1.06311 qdelay_c_ms=1.0845 ecn_mark=842 drop=0
[QUEUE_STATS] t_ms=11264 q_pkts=3 q_bytes=4512 qdelay_l_ms=1.01483 qdelay_c_ms=1.03503 ecn_mark=843 drop=0
[QUEUE_STATS] t_ms=11280 q_pkts=3 q_bytes=4512 qdelay_l_ms=1.06304 qdelay_c_ms=1.08419 ecn_mark=845 drop=0
[QUEUE_STATS] t_ms=11296 q_pkts=3 q_bytes=4512 qdelay_l_ms=1.06856 qdelay_c_ms=1.0864 ecn_mark=845 drop=0
[QUEUE_STATS] t_ms=11312 q_pkts=0 q_bytes=0 qdelay_l_ms=0 qdelay_c_ms=0 ecn_mark=846 drop=0
[QUEUE_STATS] t_ms=11328 q_pkts=3 q_bytes=4512 qdelay_l_ms=1.07047 qdelay_c_ms=1.06445 ecn_mark=848 drop=0
[QUEUE_STATS] t_ms=11344 q_pkts=1 q_bytes=1504 qdelay_l_ms=0.992275 qdelay_c_ms=0 ecn_mark=850 drop=0
[QUEUE_STATS] t_ms=11360 q_pkts=3 q_bytes=4512 qdelay_l_ms=1.05449 qdelay_c_ms=1.06696 ecn_mark=852 drop=0
[QUEUE_STATS] t_ms=11376 q_pkts=0 q_bytes=0 qdelay_l_ms=0 qdelay_c_ms=0 ecn_mark=853 drop=0
[QUEUE_STATS] t_ms=11392 q_pkts=2 q_bytes=3008 qdelay_l_ms=0 qdelay_c_ms=1.03757 ecn_mark=855 drop=0
[QUEUE_STATS] t_ms=11408 q_pkts=3 q_bytes=4512 qdelay_l_ms=0.78725 qdelay_c_ms=0.797559 ecn_mark=855 drop=0
[QUEUE_STATS] t_ms=11424 q_pkts=3 q_bytes=4512 qdelay_l_ms=1.06611 qdelay_c_ms=1.09498 ecn_mark=855 drop=0
[QUEUE_STATS] t_ms=11440 q_pkts=3 q_bytes=4512 qdelay_l_ms=1.06327 qdelay_c_ms=1.05548 ecn_mark=856 drop=0
[QUEUE_STATS] t_ms=11456 q_pkts=2 q_bytes=3008 qdelay_l_ms=1.06967 qdelay_c_ms=0 ecn_mark=856 drop=0
[QUEUE_STATS] t_ms=11473 q_pkts=3 q_bytes=4512 qdelay_l_ms=1.08703 qdelay_c_ms=1.07858 ecn_mark=858 drop=0
[QUEUE_STATS] t_ms=11488 q_pkts=0 q_bytes=0 qdelay_l_ms=0 qdelay_c_ms=0 ecn_mark=860 drop=0
[QUEUE_STATS] t_ms=11504 q_pkts=3 q_bytes=4512 qdelay_l_ms=1.08104 qdelay_c_ms=1.07453 ecn_mark=861 drop=0
[QUEUE_STATS] t_ms=11521 q_pkts=1 q_bytes=1504 qdelay_l_ms=1.07624 qdelay_c_ms=0 ecn_mark=863 drop=0
[QUEUE_STATS] t_ms=11536 q_pkts=4 q_bytes=6016 qdelay_l_ms=1.10851 qdelay_c_ms=1.09946 ecn_mark=863 drop=0
[QUEUE_STATS] t_ms=11552 q_pkts=5 q_bytes=7520 qdelay_l_ms=1.07729 qdelay_c_ms=1.06712 ecn_mark=865 drop=0
[QUEUE_STATS] t_ms=11568 q_pkts=5 q_bytes=7520 qdelay_l_ms=1.10582 qdelay_c_ms=1.09588 ecn_mark=865 drop=0
[QUEUE_STATS] t_ms=11584 q_pkts=3 q_bytes=4512 qdelay_l_ms=1.08852 qdelay_c_ms=1.08157 ecn_mark=866 drop=0
[QUEUE_STATS] t_ms=11601 q_pkts=4 q_bytes=6016 qdelay_l_ms=1.06767 qdelay_c_ms=1.06137 ecn_mark=868 drop=0
[QUEUE_STATS] t_ms=11617 q_pkts=2 q_bytes=3008 qdelay_l_ms=1.05807 qdelay_c_ms=1.07315 ecn_mark=868 drop=0
[QUEUE_STATS] t_ms=11632 q_pkts=3 q_bytes=4512 qdelay_l_ms=0.986594 qdelay_c_ms=0.981895 ecn_mark=869 drop=0
[QUEUE_STATS] t_ms=11648 q_pkts=3 q_bytes=4512 qdelay_l_ms=1.06616 qdelay_c_ms=1.08219 ecn_mark=870 drop=0
[QUEUE_STATS] t_ms=11664 q_pkts=3 q_bytes=4512 qdelay_l_ms=1.06925 qdelay_c_ms=2.15756 ecn_mark=870 drop=0
[QUEUE_STATS] t_ms=11680 q_pkts=5 q_bytes=7520 qdelay_l_ms=1.0702 qdelay_c_ms=1.09272 ecn_mark=871 drop=0
[QUEUE_STATS] t_ms=11696 q_pkts=0 q_bytes=0 qdelay_l_ms=0 qdelay_c_ms=0 ecn_mark=872 drop=0
[QUEUE_STATS] t_ms=11712 q_pkts=4 q_bytes=6016 qdelay_l_ms=0 qdelay_c_ms=1.1053 ecn_mark=873 drop=0
[QUEUE_STATS] t_ms=11728 q_pkts=3 q_bytes=4512 qdelay_l_ms=1.06551 qdelay_c_ms=1.08969 ecn_mark=875 drop=0
[QUEUE_STATS] t_ms=11744 q_pkts=2 q_bytes=3008 qdelay_l_ms=0 qdelay_c_ms=1.05179 ecn_mark=875 drop=0
[QUEUE_STATS] t_ms=11760 q_pkts=3 q_bytes=4512 qdelay_l_ms=1.01716 qdelay_c_ms=1.02799 ecn_mark=876 drop=0
[QUEUE_STATS] t_ms=11776 q_pkts=1 q_bytes=1504 qdelay_l_ms=1.07781 qdelay_c_ms=0 ecn_mark=876 drop=0
[QUEUE_STATS] t_ms=11793 q_pkts=4 q_bytes=6016 qdelay_l_ms=0 qdelay_c_ms=1.08707 ecn_mark=879 drop=0
[QUEUE_STATS] t_ms=11808 q_pkts=0 q_bytes=0 qdelay_l_ms=0 qdelay_c_ms=0 ecn_mark=880 drop=0
[QUEUE_STATS] t_ms=11824 q_pkts=4 q_bytes=6016 qdelay_l_ms=0 qdelay_c_ms=1.07603 ecn_mark=881 drop=0
[QUEUE_STATS] t_ms=11840 q_pkts=5 q_bytes=7520 qdelay_l_ms=1.07158 qdelay_c_ms=1.09314 ecn_mark=882 drop=0
[QUEUE_STATS] t_ms=11856 q_pkts=4 q_bytes=6016 qdelay_l_ms=1.08302 qdelay_c_ms=2.12525 ecn_mark=883 drop=0
[QUEUE_STATS] t_ms=11872 q_pkts=1 q_bytes=1504 qdelay_l_ms=1.08022 qdelay_c_ms=0 ecn_mark=887 drop=0
[QUEUE_STATS] t_ms=11889 q_pkts=3 q_bytes=4512 qdelay_l_ms=1.0777 qdelay_c_ms=2.11078 ecn_mark=889 drop=0
[QUEUE_STATS] t_ms=11904 q_pkts=2 q_bytes=3008 qdelay_l_ms=0.827606 qdelay_c_ms=1.62715 ecn_mark=889 drop=0
[QUEUE_STATS] t_ms=11920 q_pkts=1 q_bytes=1504 qdelay_l_ms=0 qdelay_c_ms=2.14109 ecn_mark=891 drop=0
[QUEUE_STATS] t_ms=11936 q_pkts=6 q_bytes=9024 qdelay_l_ms=1.03806 qdelay_c_ms=1.07467 ecn_mark=891 drop=0
[QUEUE_STATS] t_ms=11952 q_pkts=3 q_bytes=4512 qdelay_l_ms=1.02482 qdelay_c_ms=2.12812 ecn_mark=891 drop=0
[QUEUE_STATS] t_ms=11968 q_pkts=3 q_bytes=4512 qdelay_l_ms=1.07057 qdelay_c_ms=1.06444 ecn_mark=891 drop=0
[QUEUE_STATS] t_ms=11984 q_pkts=3 q_bytes=4512 qdelay_l_ms=1.064 qdelay_c_ms=1.45744 ecn_mark=891 drop=0
[QUEUE_STATS] t_ms=12000 q_pkts=2 q_bytes=3008 qdelay_l_ms=1.03389 qdelay_c_ms=1.0408 ecn_mark=893 drop=0
[QUEUE_STATS] t_ms=12016 q_pkts=3 q_bytes=4512 qdelay_l_ms=1.08832 qdelay_c_ms=1.08105 ecn_mark=893 drop=0
[QUEUE_STATS] t_ms=12033 q_pkts=1 q_bytes=1504 qdelay_l_ms=1.07099 qdelay_c_ms=0 ecn_mark=894 drop=0
[QUEUE_STATS] t_ms=12048 q_pkts=3 q_bytes=4512 qdelay_l_ms=1.08509 qdelay_c_ms=2.12372 ecn_mark=894 drop=0
[QUEUE_STATS] t_ms=12064 q_pkts=5 q_bytes=7520 qdelay_l_ms=1.06753 qdelay_c_ms=1.06156 ecn_mark=894 drop=0
[QUEUE_STATS] t_ms=12081 q_pkts=3 q_bytes=4512 qdelay_l_ms=1.06154 qdelay_c_ms=1.07221 ecn_mark=896 drop=0
[QUEUE_STATS] t_ms=12096 q_pkts=5 q_bytes=7520 qdelay_l_ms=1.09213 qdelay_c_ms=1.91516 ecn_mark=897 drop=0
[QUEUE_STATS] t_ms=12112 q_pkts=2 q_bytes=3008 qdelay_l_ms=1.07517 qdelay_c_ms=0 ecn_mark=898 drop=0
[QUEUE_STATS] t_ms=12128 q_pkts=5 q_bytes=7520 qdelay_l_ms=1.02442 qdelay_c_ms=1.05869 ecn_mark=898 drop=0
[QUEUE_STATS] t_ms=12144 q_pkts=1 q_bytes=1504 qdelay_l_ms=1.06594 qdelay_c_ms=0 ecn_mark=901 drop=0
[QUEUE_STATS] t_ms=12160 q_pkts=3 q_bytes=4512 qdelay_l_ms=1.06579 qdelay_c_ms=1.10093 ecn_mark=902 drop=0
[QUEUE_STATS] t_ms=12176 q_pkts=5 q_bytes=7520 qdelay_l_ms=1.04705 qdelay_c_ms=1.04163 ecn_mark=903 drop=0
[QUEUE_STATS] t_ms=12192 q_pkts=5 q_bytes=7520 qdelay_l_ms=1.05909 qdelay_c_ms=1.08002 ecn_mark=905 drop=0
[QUEUE_STATS] t_ms=12208 q_pkts=3 q_bytes=4512 qdelay_l_ms=1.07344 qdelay_c_ms=1.06745 ecn_mark=908 drop=0
[QUEUE_STATS] t_ms=12224 q_pkts=4 q_bytes=6016 qdelay_l_ms=0.824309 qdelay_c_ms=1.6505 ecn_mark=909 drop=0
[QUEUE_STATS] t_ms=12240 q_pkts=3 q_bytes=4512 qdelay_l_ms=1.06643 qdelay_c_ms=1.07922 ecn_mark=909 drop=0
[QUEUE_STATS] t_ms=12256 q_pkts=2 q_bytes=3008 qdelay_l_ms=0 qdelay_c_ms=1.0694 ecn_mark=911 drop=0
[QUEUE_STATS] t_ms=12272 q_pkts=2 q_bytes=3008 qdelay_l_ms=0.946278 qdelay_c_ms=0.951468 ecn_mark=912 drop=0
[QUEUE_STATS] t_ms=12288 q_pkts=4 q_bytes=6016 qdelay_l_ms=1.00692 qdelay_c_ms=1.00049 ecn_mark=912 drop=0
[QUEUE_STATS] t_ms=12304 q_pkts=2 q_bytes=3008 qdelay_l_ms=0 qdelay_c_ms=1.07935 ecn_mark=913 drop=0
[QUEUE_STATS] t_ms=12320 q_pkts=4 q_bytes=6016 qdelay_l_ms=1.05727 qdelay_c_ms=1.07311 ecn_mark=916 drop=0
[QUEUE_STATS] t_ms=12336 q_pkts=2 q_bytes=3008 qdelay_l_ms=1.0809 qdelay_c_ms=1.07181 ecn_mark=916 drop=0
[QUEUE_STATS] t_ms=12352 q_pkts=4 q_bytes=6016 qdelay_l_ms=0.870637 qdelay_c_ms=0.864375 ecn_mark=916 drop=0
[QUEUE_STATS] t_ms=12368 q_pkts=1 q_bytes=1504 qdelay_l_ms=1.06911 qdelay_c_ms=0 ecn_mark=917 drop=0
[QUEUE_STATS] t_ms=12384 q_pkts=4 q_bytes=6016 qdelay_l_ms=0.845599 qdelay_c_ms=0.839147 ecn_mark=918 drop=0
[QUEUE_STATS] t_ms=12400 q_pkts=3 q_bytes=4512 qdelay_l_ms=1.07632 qdelay_c_ms=1.06837 ecn_mark=919 drop=0
[QUEUE_STATS] t_ms=12416 q_pkts=3 q_bytes=4512 qdelay_l_ms=1.08361 qdelay_c_ms=1.87787 ecn_mark=920 drop=0
[QUEUE_STATS] t_ms=12432 q_pkts=1 q_bytes=1504 qdelay_l_ms=0 qdelay_c_ms=1.06831 ecn_mark=920 drop=0
[QUEUE_STATS] t_ms=12448 q_pkts=3 q_bytes=4512 qdelay_l_ms=1.02909 qdelay_c_ms=1.02374 ecn_mark=921 drop=0
[QUEUE_STATS] t_ms=12464 q_pkts=4 q_bytes=6016 qdelay_l_ms=0.834128 qdelay_c_ms=0.860187 ecn_mark=921 drop=0
[QUEUE_STATS] t_ms=12480 q_pkts=3 q_bytes=4512 qdelay_l_ms=1.06874 qdelay_c_ms=1.06341 ecn_mark=923 drop=0
[QUEUE_STATS] t_ms=12497 q_pkts=1 q_bytes=1504 qdelay_l_ms=1.06102 qdelay_c_ms=0 ecn_mark=924 drop=0
[QUEUE_STATS] t_ms=12512 q_pkts=4 q_bytes=6016 qdelay_l_ms=1.04834 qdelay_c_ms=1.04307 ecn_mark=925 drop=0
[QUEUE_STATS] t_ms=12528 q_pkts=1 q_bytes=1504 qdelay_l_ms=1.07668 qdelay_c_ms=0 ecn_mark=926 drop=0
[QUEUE_STATS] t_ms=12544 q_pkts=4 q_bytes=6016 qdelay_l_ms=1.07789 qdelay_c_ms=1.75324 ecn_mark=928 drop=0
[QUEUE_STATS] t_ms=12560 q_pkts=3 q_bytes=4512 qdelay_l_ms=1.07923 qdelay_c_ms=1.07333 ecn_mark=928 drop=0
[QUEUE_STATS] t_ms=12576 q_pkts=0 q_bytes=0 qdelay_l_ms=0 qdelay_c_ms=0 ecn_mark=929 drop=0
[QUEUE_STATS] t_ms=12592 q_pkts=5 q_bytes=7520 qdelay_l_ms=1.02065 qdelay_c_ms=1.54739 ecn_mark=930 drop=0
[QUEUE_STATS] t_ms=12608 q_pkts=5 q_bytes=7520 qdelay_l_ms=0.945698 qdelay_c_ms=0.940067 ecn_mark=931 drop=0
[QUEUE_STATS] t_ms=12624 q_pkts=3 q_bytes=4512 qdelay_l_ms=1.07148 qdelay_c_ms=1.06528 ecn_mark=931 drop=0
[QUEUE_STATS] t_ms=12640 q_pkts=3 q_bytes=4512 qdelay_l_ms=0.826663 qdelay_c_ms=1.6546 ecn_mark=932 drop=0
[QUEUE_STATS] t_ms=12656 q_pkts=4 q_bytes=6016 qdelay_l_ms=1.08856 qdelay_c_ms=1.08224 ecn_mark=935 drop=0
[QUEUE_STATS] t_ms=12672 q_pkts=4 q_bytes=6016 qdelay_l_ms=1.06953 qdelay_c_ms=1.06312 ecn_mark=936 drop=0
[QUEUE_STATS] t_ms=12688 q_pkts=2 q_bytes=3008 qdelay_l_ms=1.04152 qdelay_c_ms=0 ecn_mark=936 drop=0
[QUEUE_STATS] t_ms=12704 q_pkts=1 q_bytes=1504 qdelay_l_ms=1.0474 qdelay_c_ms=0 ecn_mark=938 drop=0
[QUEUE_STATS] t_ms=12720 q_pkts=1 q_bytes=1504 qdelay_l_ms=1.08482 qdelay_c_ms=0 ecn_mark=940 drop=0
[QUEUE_STATS] t_ms=12736 q_pkts=0 q_bytes=0 qdelay_l_ms=0 qdelay_c_ms=0 ecn_mark=941 drop=0
[QUEUE_STATS] t_ms=12752 q_pkts=2 q_bytes=3008 qdelay_l_ms=0 qdelay_c_ms=0.531358 ecn_mark=941 drop=0
[QUEUE_STATS] t_ms=12768 q_pkts=2 q_bytes=3008 qdelay_l_ms=1.0774 qdelay_c_ms=1.87491 ecn_mark=941 drop=0
[QUEUE_STATS] t_ms=12784 q_pkts=3 q_bytes=4512 qdelay_l_ms=0.825542 qdelay_c_ms=0.818308 ecn_mark=941 drop=0
[QUEUE_STATS] t_ms=12800 q_pkts=0 q_bytes=0 qdelay_l_ms=0 qdelay_c_ms=0 ecn_mark=941 drop=0
[QUEUE_STATS] t_ms=12817 q_pkts=2 q_bytes=3008 qdelay_l_ms=1.06721 qdelay_c_ms=1.07347 ecn_mark=941 drop=0
[QUEUE_STATS] t_ms=12832 q_pkts=6 q_bytes=9024 qdelay_l_ms=1.07827 qdelay_c_ms=1.07227 ecn_mark=942 drop=0
[QUEUE_STATS] t_ms=12848 q_pkts=5 q_bytes=7520 qdelay_l_ms=1.06346 qdelay_c_ms=1.10106 ecn_mark=944 drop=0
[QUEUE_STATS] t_ms=12864 q_pkts=4 q_bytes=6016 qdelay_l_ms=1.05029 qdelay_c_ms=1.04317 ecn_mark=944 drop=0
[QUEUE_STATS] t_ms=12880 q_pkts=5 q_bytes=7520 qdelay_l_ms=1.09451 qdelay_c_ms=1.08773 ecn_mark=944 drop=0
[QUEUE_STATS] t_ms=12896 q_pkts=3 q_bytes=4512 qdelay_l_ms=1.0922 qdelay_c_ms=1.10284 ecn_mark=945 drop=0
[QUEUE_STATS] t_ms=12912 q_pkts=1 q_bytes=1504 qdelay_l_ms=1.05894 qdelay_c_ms=0 ecn_mark=946 drop=0
[QUEUE_STATS] t_ms=12928 q_pkts=1 q_bytes=1504 qdelay_l_ms=1.07746 qdelay_c_ms=0 ecn_mark=947 drop=0
[QUEUE_STATS] t_ms=12944 q_pkts=6 q_bytes=9024 qdelay_l_ms=1.05469 qdelay_c_ms=1.04885 ecn_mark=947 drop=0
[QUEUE_STATS] t_ms=12960 q_pkts=3 q_bytes=4512 qdelay_l_ms=1.05913 qdelay_c_ms=1.07009 ecn_mark=948 drop=0
[QUEUE_STATS] t_ms=12976 q_pkts=0 q_bytes=0 qdelay_l_ms=0 qdelay_c_ms=0 ecn_mark=950 drop=0
[QUEUE_STATS] t_ms=12993 q_pkts=3 q_bytes=4512 qdelay_l_ms=1.07013 qdelay_c_ms=1.06428 ecn_mark=950 drop=0
[QUEUE_STATS] t_ms=13008 q_pkts=3 q_bytes=4512 qdelay_l_ms=0.786278 qdelay_c_ms=0.810563 ecn_mark=951 drop=0
[QUEUE_STATS] t_ms=13024 q_pkts=1 q_bytes=1504 qdelay_l_ms=1.03558 qdelay_c_ms=0 ecn_mark=953 drop=0
[QUEUE_STATS] t_ms=13040 q_pkts=0 q_bytes=0 qdelay_l_ms=0 qdelay_c_ms=0 ecn_mark=953 drop=0
[QUEUE_STATS] t_ms=13056 q_pkts=0 q_bytes=0 qdelay_l_ms=0 qdelay_c_ms=0 ecn_mark=955 drop=0
[QUEUE_STATS] t_ms=13072 q_pkts=4 q_bytes=6016 qdelay_l_ms=1.07462 qdelay_c_ms=1.06878 ecn_mark=957 drop=0
[QUEUE_STATS] t_ms=13089 q_pkts=3 q_bytes=4512 qdelay_l_ms=1.05752 qdelay_c_ms=1.06803 ecn_mark=958 drop=0
[QUEUE_STATS] t_ms=13105 q_pkts=3 q_bytes=4512 qdelay_l_ms=1.08172 qdelay_c_ms=2.12225 ecn_mark=958 drop=0
[QUEUE_STATS] t_ms=13120 q_pkts=5 q_bytes=7520 qdelay_l_ms=1.08725 qdelay_c_ms=1.0808 ecn_mark=958 drop=0
[QUEUE_STATS] t_ms=13136 q_pkts=5 q_bytes=7520 qdelay_l_ms=1.09548 qdelay_c_ms=1.0891 ecn_mark=961 drop=0
[QUEUE_STATS] t_ms=13152 q_pkts=4 q_bytes=6016 qdelay_l_ms=1.09347 qdelay_c_ms=1.08683 ecn_mark=962 drop=0
[QUEUE_STATS] t_ms=13168 q_pkts=4 q_bytes=6016 qdelay_l_ms=1.08747 qdelay_c_ms=1.87206 ecn_mark=965 drop=0
[QUEUE_STATS] t_ms=13184 q_pkts=2 q_bytes=3008 qdelay_l_ms=1.0924 qdelay_c_ms=1.86198 ecn_mark=966 drop=0
[QUEUE_STATS] t_ms=13200 q_pkts=4 q_bytes=6016 qdelay_l_ms=1.07982 qdelay_c_ms=1.0745 ecn_mark=967 drop=0
[QUEUE_STATS] t_ms=13217 q_pkts=5 q_bytes=7520 qdelay_l_ms=1.06424 qdelay_c_ms=1.09316 ecn_mark=968 drop=0
[QUEUE_STATS] t_ms=13232 q_pkts=5 q_bytes=7520 qdelay_l_ms=1.05402 qdelay_c_ms=1.04713 ecn_mark=971 drop=0
[QUEUE_STATS] t_ms=13248 q_pkts=1 q_bytes=1504 qdelay_l_ms=1.06461 qdelay_c_ms=0 ecn_mark=972 drop=0
[QUEUE_STATS] t_ms=13264 q_pkts=4 q_bytes=6016 qdelay_l_ms=1.05936 qdelay_c_ms=2.16117 ecn_mark=972 drop=0
[QUEUE_STATS] t_ms=13280 q_pkts=1 q_bytes=1504 qdelay_l_ms=1.05892 qdelay_c_ms=0 ecn_mark=974 drop=0
[QUEUE_STATS] t_ms=13296 q_pkts=6 q_bytes=9024 qdelay_l_ms=1.09336 qdelay_c_ms=1.08765 ecn_mark=975 drop=0
[QUEUE_STATS] t_ms=13312 q_pkts=3 q_bytes=4512 qdelay_l_ms=1.05148 qdelay_c_ms=1.04594 ecn_mark=975 drop=0
[QUEUE_STATS] t_ms=13328 q_pkts=3 q_bytes=4512 qdelay_l_ms=1.06611 qdelay_c_ms=1.08921 ecn_mark=975 drop=0
[QUEUE_STATS] t_ms=13344 q_pkts=4 q_bytes=6016 qdelay_l_ms=1.06448 qdelay_c_ms=1.05915 ecn_mark=976 drop=0
[QUEUE_STATS] t_ms=13360 q_pkts=2 q_bytes=3008 qdelay_l_ms=0 qdelay_c_ms=1.09244 ecn_mark=976 drop=0
[QUEUE_STATS] t_ms=13376 q_pkts=1 q_bytes=1504 qdelay_l_ms=0.762282 qdelay_c_ms=0 ecn_mark=976 drop=0
[QUEUE_STATS] t_ms=13392 q_pkts=3 q_bytes=4512 qdelay_l_ms=1.06128 qdelay_c_ms=2.16148 ecn_mark=978 drop=0
[QUEUE_STATS] t_ms=13408 q_pkts=1 q_bytes=1504 qdelay_l_ms=1.07727 qdelay_c_ms=0 ecn_mark=978 drop=0
[QUEUE_STATS] t_ms=13424 q_pkts=4 q_bytes=6016 qdelay_l_ms=1.09652 qdelay_c_ms=1.08951 ecn_mark=979 drop=0
[QUEUE_STATS] t_ms=13440 q_pkts=4 q_bytes=6016 qdelay_l_ms=0.810023 qdelay_c_ms=0.804092 ecn_mark=980 drop=0
[QUEUE_STATS] t_ms=13456 q_pkts=1 q_bytes=1504 qdelay_l_ms=1.07343 qdelay_c_ms=0 ecn_mark=981 drop=0
[QUEUE_STATS] t_ms=13472 q_pkts=3 q_bytes=4512 qdelay_l_ms=1.06559 qdelay_c_ms=1.08608 ecn_mark=981 drop=0
[QUEUE_STATS] t_ms=13488 q_pkts=4 q_bytes=6016 qdelay_l_ms=1.06597 qdelay_c_ms=2.15253 ecn_mark=982 drop=0
[QUEUE_STATS] t_ms=13504 q_pkts=3 q_bytes=4512 qdelay_l_ms=1.06537 qdelay_c_ms=1.08098 ecn_mark=982 drop=0
[QUEUE_STATS] t_ms=13521 q_pkts=4 q_bytes=6016 qdelay_l_ms=1.06068 qdelay_c_ms=2.17373 ecn_mark=985 drop=0
[QUEUE_STATS] t_ms=13536 q_pkts=5 q_bytes=7520 qdelay_l_ms=1.06642 qdelay_c_ms=1.06156 ecn_mark=985 drop=0
[QUEUE_STATS] t_ms=13552 q_pkts=4 q_bytes=6016 qdelay_l_ms=1.02046 qdelay_c_ms=1.0156 ecn_mark=985 drop=0
[QUEUE_STATS] t_ms=13568 q_pkts=3 q_bytes=4512 qdelay_l_ms=1.02654 qdelay_c_ms=1.03748 ecn_mark=985 drop=0
[QUEUE_STATS] t_ms=13584 q_pkts=1 q_bytes=1504 qdelay_l_ms=1.05252 qdelay_c_ms=0 ecn_mark=986 drop=0
[QUEUE_STATS] t_ms=13600 q_pkts=1 q_bytes=1504 qdelay_l_ms=0.734741 qdelay_c_ms=0 ecn_mark=987 drop=0
[QUEUE_STATS] t_ms=13616 q_pkts=2 q_bytes=3008 qdelay_l_ms=0 qdelay_c_ms=1.09305 ecn_mark=988 drop=0
[QUEUE_STATS] t_ms=13632 q_pkts=3 q_bytes=4512 qdelay_l_ms=1.05384 qdelay_c_ms=1.04789 ecn_mark=990 drop=0
[QUEUE_STATS] t_ms=13648 q_pkts=4 q_bytes=6016 qdelay_l_ms=1.06122 qdelay_c_ms=2.18823 ecn_mark=993 drop=0
[QUEUE_STATS] t_ms=13664 q_pkts=6 q_bytes=9024 qdelay_l_ms=0.806486 qdelay_c_ms=0.800274 ecn_mark=996 drop=0
[QUEUE_STATS] t_ms=13680 q_pkts=3 q_bytes=4512 qdelay_l_ms=1.05599 qdelay_c_ms=1.0492 ecn_mark=996 drop=0
[QUEUE_STATS] t_ms=13696 q_pkts=5 q_bytes=7520 qdelay_l_ms=1.07574 qdelay_c_ms=1.08565 ecn_mark=997 drop=0
[QUEUE_STATS] t_ms=13712 q_pkts=1 q_bytes=1504 qdelay_l_ms=0.838315 qdelay_c_ms=0 ecn_mark=997 drop=0
[QUEUE_STATS] t_ms=13728 q_pkts=2 q_bytes=3008 qdelay_l_ms=1.06574 qdelay_c_ms=1.07118 ecn_mark=998 drop=0
[QUEUE_STATS] t_ms=13744 q_pkts=3 q_bytes=4512 qdelay_l_ms=1.06137 qdelay_c_ms=1.08507 ecn_mark=1000 drop=0
[QUEUE_STATS] t_ms=13760 q_pkts=3 q_bytes=4512 qdelay_l_ms=0.754318 qdelay_c_ms=0.748707 ecn_mark=1001 drop=0
[QUEUE_STATS] t_ms=13776 q_pkts=3 q_bytes=4512 qdelay_l_ms=0.833617 qdelay_c_ms=2.43669 ecn_mark=1002 drop=0
[QUEUE_STATS] t_ms=13792 q_pkts=1 q_bytes=1504 qdelay_l_ms=1.07371 qdelay_c_ms=0 ecn_mark=1003 drop=0
[QUEUE_STATS] t_ms=13808 q_pkts=4 q_bytes=6016 qdelay_l_ms=1.05484 qdelay_c_ms=2.15828 ecn_mark=1003 drop=0
[QUEUE_STATS] t_ms=13824 q_pkts=3 q_bytes=4512 qdelay_l_ms=1.05965 qdelay_c_ms=1.07007 ecn_mark=1003 drop=0
[QUEUE_STATS] t_ms=13840 q_pkts=4 q_bytes=6016 qdelay_l_ms=1.07771 qdelay_c_ms=1.07214 ecn_mark=1004 drop=0
[QUEUE_STATS] t_ms=13856 q_pkts=3 q_bytes=4512 qdelay_l_ms=1.01591 qdelay_c_ms=2.05125 ecn_mark=1005 drop=0
[QUEUE_STATS] t_ms=13872 q_pkts=2 q_bytes=3008 qdelay_l_ms=1.07834 qdelay_c_ms=1.48106 ecn_mark=1005 drop=0
[QUEUE_STATS] t_ms=13888 q_pkts=4 q_bytes=6016 qdelay_l_ms=1.08543 qdelay_c_ms=1.07911 ecn_mark=1007 drop=0
[QUEUE_STATS] t_ms=13904 q_pkts=3 q_bytes=4512 qdelay_l_ms=0.816305 qdelay_c_ms=0.83505 ecn_mark=1008 drop=0
[QUEUE_STATS] t_ms=13920 q_pkts=1 q_bytes=1504 qdelay_l_ms=1.06799 qdelay_c_ms=0 ecn_mark=1009 drop=0
[QUEUE_STATS] t_ms=13937 q_pkts=0 q_bytes=0 qdelay_l_ms=0 qdelay_c_ms=0 ecn_mark=1009 drop=0
[QUEUE_STATS] t_ms=13952 q_pkts=3 q_bytes=4512 qdelay_l_ms=0.796147 qdelay_c_ms=0.817857 ecn_mark=1009 drop=0
[QUEUE_STATS] t_ms=13968 q_pkts=1 q_bytes=1504 qdelay_l_ms=0.584558 qdelay_c_ms=0 ecn_mark=1010 drop=0
[QUEUE_STATS] t_ms=13984 q_pkts=3 q_bytes=4512 qdelay_l_ms=0.535667 qdelay_c_ms=0.549042 ecn_mark=1011 drop=0
[QUEUE_STATS] t_ms=14000 q_pkts=0 q_bytes=0 qdelay_l_ms=0 qdelay_c_ms=0 ecn_mark=1012 drop=0
[QUEUE_STATS] t_ms=14016 q_pkts=5 q_bytes=7520 qdelay_l_ms=1.06554 qdelay_c_ms=1.09796 ecn_mark=1012 drop=0
[QUEUE_STATS] t_ms=14032 q_pkts=4 q_bytes=6016 qdelay_l_ms=1.06969 qdelay_c_ms=1.0626 ecn_mark=1012 drop=0
[QUEUE_STATS] t_ms=14048 q_pkts=2 q_bytes=3008 qdelay_l_ms=1.07167 qdelay_c_ms=0 ecn_mark=1012 drop=0
[QUEUE_STATS] t_ms=14064 q_pkts=0 q_bytes=0 qdelay_l_ms=0 qdelay_c_ms=0 ecn_mark=1014 drop=0
[QUEUE_STATS] t_ms=14080 q_pkts=4 q_bytes=6016 qdelay_l_ms=1.05611 qdelay_c_ms=1.04763 ecn_mark=1014 drop=0
[QUEUE_STATS] t_ms=14096 q_pkts=0 q_bytes=0 qdelay_l_ms=0 qdelay_c_ms=0 ecn_mark=1014 drop=0
[QUEUE_STATS] t_ms=14112 q_pkts=4 q_bytes=6016 qdelay_l_ms=0.796767 qdelay_c_ms=0.790866 ecn_mark=1014 drop=0
[QUEUE_STATS] t_ms=14128 q_pkts=3 q_bytes=4512 qdelay_l_ms=1.06569 qdelay_c_ms=1.08066 ecn_mark=1015 drop=0
[QUEUE_STATS] t_ms=14144 q_pkts=5 q_bytes=7520 qdelay_l_ms=1.02981 qdelay_c_ms=1.02367 ecn_mark=1016 drop=0
[QUEUE_STATS] t_ms=14160 q_pkts=3 q_bytes=4512 qdelay_l_ms=1.09496 qdelay_c_ms=1.86141 ecn_mark=1016 drop=0
[QUEUE_STATS] t_ms=14176 q_pkts=3 q_bytes=4512 qdelay_l_ms=0.893529 qdelay_c_ms=0.886867 ecn_mark=1018 drop=0
[QUEUE_STATS] t_ms=14192 q_pkts=3 q_bytes=4512 qdelay_l_ms=0.688273 qdelay_c_ms=0.711086 ecn_mark=1018 drop=0
[QUEUE_STATS] t_ms=14208 q_pkts=0 q_bytes=0 qdelay_l_ms=0 qdelay_c_ms=0 ecn_mark=1018 drop=0
[QUEUE_STATS] t_ms=14224 q_pkts=2 q_bytes=3008 qdelay_l_ms=1.06661 qdelay_c_ms=0 ecn_mark=1019 drop=0
[QUEUE_STATS] t_ms=14240 q_pkts=2 q_bytes=3008 qdelay_l_ms=1.06519 qdelay_c_ms=0 ecn_mark=1019 drop=0
[QUEUE_STATS] t_ms=14256 q_pkts=1 q_bytes=1504 qdelay_l_ms=1.06402 qdelay_c_ms=0 ecn_mark=1019 drop=0
[QUEUE_STATS] t_ms=14272 q_pkts=3 q_bytes=4512 qdelay_l_ms=0.944785 qdelay_c_ms=0.967027 ecn_mark=1020 drop=0
[QUEUE_STATS] t_ms=14288 q_pkts=5 q_bytes=7520 qdelay_l_ms=0.349767 qdelay_c_ms=0.370696 ecn_mark=1022 drop=0
[QUEUE_STATS] t_ms=14304 q_pkts=5 q_bytes=7520 qdelay_l_ms=0.950547 qdelay_c_ms=0.945077 ecn_mark=1022 drop=0
[QUEUE_STATS] t_ms=14320 q_pkts=3 q_bytes=4512 qdelay_l_ms=1.06565 qdelay_c_ms=1.08939 ecn_mark=1023 drop=0
[QUEUE_STATS] t_ms=14336 q_pkts=3 q_bytes=4512 qdelay_l_ms=1.08818 qdelay_c_ms=1.0817 ecn_mark=1023 drop=0
[QUEUE_STATS] t_ms=14352 q_pkts=3 q_bytes=4512 qdelay_l_ms=0.916452 qdelay_c_ms=0.911342 ecn_mark=1023 drop=0
[QUEUE_STATS] t_ms=14368 q_pkts=3 q_bytes=4512 qdelay_l_ms=1.054 qdelay_c_ms=1.06568 ecn_mark=1025 drop=0
[QUEUE_STATS] t_ms=14384 q_pkts=2 q_bytes=3008 qdelay_l_ms=1.07539 qdelay_c_ms=0 ecn_mark=1028 drop=0
[QUEUE_STATS] t_ms=14400 q_pkts=2 q_bytes=3008 qdelay_l_ms=1.07712 qdelay_c_ms=1.08272 ecn_mark=1028 drop=0
[QUEUE_STATS] t_ms=14416 q_pkts=4 q_bytes=6016 qdelay_l_ms=1.06858 qdelay_c_ms=1.06257 ecn_mark=1029 drop=0
[QUEUE_STATS] t_ms=14432 q_pkts=2 q_bytes=3008 qdelay_l_ms=1.08387 qdelay_c_ms=0 ecn_mark=1029 drop=0
[QUEUE_STATS] t_ms=14448 q_pkts=3 q_bytes=4512 qdelay_l_ms=0.77112 qdelay_c_ms=0.781679 ecn_mark=1029 drop=0
[QUEUE_STATS] t_ms=14464 q_pkts=2 q_bytes=3008 qdelay_l_ms=1.03793 qdelay_c_ms=0 ecn_mark=1029 drop=0
[QUEUE_STATS] t_ms=14481 q_pkts=3 q_bytes=4512 qdelay_l_ms=1.08465 qdelay_c_ms=1.07819 ecn_mark=1031 drop=0
[QUEUE_STATS] t_ms=14496 q_pkts=3 q_bytes=4512 qdelay_l_ms=1.04776 qdelay_c_ms=1.07127 ecn_mark=1032 drop=0
[QUEUE_STATS] t_ms=14512 q_pkts=3 q_bytes=4512 qdelay_l_ms=1.06287 qdelay_c_ms=1.08348 ecn_mark=1033 drop=0
[QUEUE_STATS] t_ms=14528 q_pkts=4 q_bytes=6016 qdelay_l_ms=0.833066 qdelay_c_ms=0.843406 ecn_mark=1035 drop=0
[QUEUE_STATS] t_ms=14544 q_pkts=3 q_bytes=4512 qdelay_l_ms=1.07808 qdelay_c_ms=2.96883 ecn_mark=1035 drop=0
[QUEUE_STATS] t_ms=14560 q_pkts=0 q_bytes=0 qdelay_l_ms=0 qdelay_c_ms=0 ecn_mark=1036 drop=0
[QUEUE_STATS] t_ms=14576 q_pkts=1 q_bytes=1504 qdelay_l_ms=1.06409 qdelay_c_ms=0 ecn_mark=1036 drop=0
[QUEUE_STATS] t_ms=14592 q_pkts=1 q_bytes=1504 qdelay_l_ms=1.07709 qdelay_c_ms=0 ecn_mark=1037 drop=0
[QUEUE_STATS] t_ms=14608 q_pkts=2 q_bytes=3008 qdelay_l_ms=0 qdelay_c_ms=0.783663 ecn_mark=1039 drop=0
[QUEUE_STATS] t_ms=14624 q_pkts=5 q_bytes=7520 qdelay_l_ms=1.0377 qdelay_c_ms=1.05969 ecn_mark=1040 drop=0
[QUEUE_STATS] t_ms=14640 q_pkts=3 q_bytes=4512 qdelay_l_ms=1.06617 qdelay_c_ms=1.09141 ecn_mark=1040 drop=0
[QUEUE_STATS] t_ms=14656 q_pkts=1 q_bytes=1504 qdelay_l_ms=0 qdelay_c_ms=1.04259 ecn_mark=1042 drop=0
[QUEUE_STATS] t_ms=14672 q_pkts=3 q_bytes=4512 qdelay_l_ms=1.02972 qdelay_c_ms=1.05097 ecn_mark=1042 drop=0
[QUEUE_STATS] t_ms=14688 q_pkts=3 q_bytes=4512 qdelay_l_ms=1.03694 qdelay_c_ms=1.03149 ecn_mark=1044 drop=0
[QUEUE_STATS] t_ms=14704 q_pkts=1 q_bytes=1504 qdelay_l_ms=1.06842 qdelay_c_ms=0 ecn_mark=1046 drop=0
[QUEUE_STATS] t_ms=14721 q_pkts=1 q_bytes=1504 qdelay_l_ms=1.0697 qdelay_c_ms=0 ecn_mark=1047 drop=0
[QUEUE_STATS] t_ms=14736 q_pkts=2 q_bytes=3008 qdelay_l_ms=0 qdelay_c_ms=1.07167 ecn_mark=1048 drop=0
[QUEUE_STATS] t_ms=14752 q_pkts=5 q_bytes=7520 qdelay_l_ms=1.1004 qdelay_c_ms=1.09417 ecn_mark=1051 drop=0
[QUEUE_STATS] t_ms=14768 q_pkts=3 q_bytes=4512 qdelay_l_ms=0 qdelay_c_ms=0.021841 ecn_mark=1052 drop=0
[QUEUE_STATS] t_ms=14784 q_pkts=3 q_bytes=4512 qdelay_l_ms=1.07923 qdelay_c_ms=1.07366 ecn_mark=1052 drop=0
[QUEUE_STATS] t_ms=14800 q_pkts=2 q_bytes=3008 qdelay_l_ms=1.06643 qdelay_c_ms=1.07127 ecn_mark=1053 drop=0
[QUEUE_STATS] t_ms=14816 q_pkts=6 q_bytes=9024 qdelay_l_ms=1.0478 qdelay_c_ms=1.04122 ecn_mark=1053 drop=0
[QUEUE_STATS] t_ms=14833 q_pkts=1 q_bytes=1504 qdelay_l_ms=1.05898 qdelay_c_ms=0 ecn_mark=1053 drop=0
[QUEUE_STATS] t_ms=14848 q_pkts=3 q_bytes=4512 qdelay_l_ms=1.0356 qdelay_c_ms=1.0298 ecn_mark=1054 drop=0
[QUEUE_STATS] t_ms=14864 q_pkts=3 q_bytes=4512 qdelay_l_ms=1.06087 qdelay_c_ms=2.15383 ecn_mark=1057 drop=0
[QUEUE_STATS] t_ms=14880 q_pkts=4 q_bytes=6016 qdelay_l_ms=1.09803 qdelay_c_ms=1.09148 ecn_mark=1058 drop=0
[QUEUE_STATS] t_ms=14896 q_pkts=4 q_bytes=6016 qdelay_l_ms=1.07404 qdelay_c_ms=1.06604 ecn_mark=1059 drop=0
[QUEUE_STATS] t_ms=14912 q_pkts=6 q_bytes=9024 qdelay_l_ms=0.840339 qdelay_c_ms=2.49172 ecn_mark=1060 drop=0
[QUEUE_STATS] t_ms=14928 q_pkts=3 q_bytes=4512 qdelay_l_ms=1.08016 qdelay_c_ms=1.08676 ecn_mark=1062 drop=0
[QUEUE_STATS] t_ms=14944 q_pkts=5 q_bytes=7520 qdelay_l_ms=0.6278 qdelay_c_ms=0.649901 ecn_mark=1063 drop=0
[QUEUE_STATS] t_ms=14960 q_pkts=1 q_bytes=1504 qdelay_l_ms=1.07013 qdelay_c_ms=0 ecn_mark=1064 drop=0
[QUEUE_STATS] t_ms=14976 q_pkts=2 q_bytes=3008 qdelay_l_ms=1.07621 qdelay_c_ms=0 ecn_mark=1064 drop=0
[QUEUE_STATS] t_ms=14993 q_pkts=2 q_bytes=3008 qdelay_l_ms=1.08343 qdelay_c_ms=0 ecn_mark=1065 drop=0
[QUEUE_STATS] t_ms=15008 q_pkts=4 q_bytes=6016 qdelay_l_ms=1.06021 qdelay_c_ms=2.16459 ecn_mark=1067 drop=0
[QUEUE_STATS] t_ms=15024 q_pkts=1 q_bytes=1504 qdelay_l_ms=1.07083 qdelay_c_ms=0 ecn_mark=1067 drop=0
[QUEUE_STATS] t_ms=15040 q_pkts=2 q_bytes=3008 qdelay_l_ms=0 qdelay_c_ms=1.06924 ecn_mark=1068 drop=0
[QUEUE_STATS] t_ms=15056 q_pkts=1 q_bytes=1504 qdelay_l_ms=1.07643 qdelay_c_ms=0 ecn_mark=1069 drop=0
[QUEUE_STATS] t_ms=15072 q_pkts=5 q_bytes=7520 qdelay_l_ms=1.05932 qdelay_c_ms=1.08029 ecn_mark=1069 drop=0
[QUEUE_STATS] t_ms=15088 q_pkts=4 q_bytes=6016 qdelay_l_ms=0.929918 qdelay_c_ms=0.925069 ecn_mark=1071 drop=0
[QUEUE_STATS] t_ms=15104 q_pkts=2 q_bytes=3008 qdelay_l_ms=0.919237 qdelay_c_ms=1.953 ecn_mark=1072 drop=0
[QUEUE_STATS] t_ms=15120 q_pkts=1 q_bytes=1504 qdelay_l_ms=1.07773 qdelay_c_ms=0 ecn_mark=1073 drop=0
[QUEUE_STATS] t_ms=15136 q_pkts=3 q_bytes=4512 qdelay_l_ms=1.09369 qdelay_c_ms=1.08729 ecn_mark=1073 drop=0
[QUEUE_STATS] t_ms=15152 q_pkts=0 q_bytes=0 qdelay_l_ms=0 qdelay_c_ms=0 ecn_mark=1076 drop=0
[QUEUE_STATS] t_ms=15168 q_pkts=3 q_bytes=4512 qdelay_l_ms=1.09695 qdelay_c_ms=1.09052 ecn_mark=1079 drop=0
[QUEUE_STATS] t_ms=15184 q_pkts=3 q_bytes=4512 qdelay_l_ms=0.660201 qdelay_c_ms=0.65466 ecn_mark=1081 drop=0
[QUEUE_STATS] t_ms=15200 q_pkts=7 q_bytes=10528 qdelay_l_ms=1.07032 qdelay_c_ms=1.95205 ecn_mark=1081 drop=0
[QUEUE_STATS] t_ms=15216 q_pkts=2 q_bytes=3008 qdelay_l_ms=1.04677 qdelay_c_ms=1.05457 ecn_mark=1083 drop=0
[QUEUE_STATS] t_ms=15232 q_pkts=3 q_bytes=4512 qdelay_l_ms=1.06537 qdelay_c_ms=1.08733 ecn_mark=1084 drop=0
[QUEUE_STATS] t_ms=15249 q_pkts=3 q_bytes=4512 qdelay_l_ms=1.08608 qdelay_c_ms=1.08001 ecn_mark=1085 drop=0
[QUEUE_STATS] t_ms=15264 q_pkts=1 q_bytes=1504 qdelay_l_ms=1.05876 qdelay_c_ms=0 ecn_mark=1085 drop=0
[QUEUE_STATS] t_ms=15281 q_pkts=2 q_bytes=3008 qdelay_l_ms=1.06332 qdelay_c_ms=1.06882 ecn_mark=1087 drop=0
[QUEUE_STATS] t_ms=15296 q_pkts=0 q_bytes=0 qdelay_l_ms=0 qdelay_c_ms=0 ecn_mark=1088 drop=0
[QUEUE_STATS] t_ms=15312 q_pkts=2 q_bytes=3008 qdelay_l_ms=0 qdelay_c_ms=1.06266 ecn_mark=1088 drop=0
[QUEUE_STATS] t_ms=15328 q_pkts=4 q_bytes=6016 qdelay_l_ms=1.04805 qdelay_c_ms=1.94877 ecn_mark=1089 drop=0
[QUEUE_STATS] t_ms=15344 q_pkts=5 q_bytes=7520 qdelay_l_ms=0.998457 qdelay_c_ms=1.03003 ecn_mark=1089 drop=0
[QUEUE_STATS] t_ms=15360 q_pkts=4 q_bytes=6016 qdelay_l_ms=1.07723 qdelay_c_ms=2.11496 ecn_mark=1089 drop=0
[QUEUE_STATS] t_ms=15377 q_pkts=3 q_bytes=4512 qdelay_l_ms=1.05406 qdelay_c_ms=1.07719 ecn_mark=1089 drop=0
[QUEUE_STATS] t_ms=15392 q_pkts=1 q_bytes=1504 qdelay_l_ms=1.0705 qdelay_c_ms=0 ecn_mark=1089 drop=0
[QUEUE_STATS] t_ms=15408 q_pkts=3 q_bytes=4512 qdelay_l_ms=1.03182 qdelay_c_ms=1.02596 ecn_mark=1091 drop=0
[QUEUE_STATS] t_ms=15424 q_pkts=4 q_bytes=6016 qdelay_l_ms=1.06576 qdelay_c_ms=1.06061 ecn_mark=1093 drop=0
[QUEUE_STATS] t_ms=15441 q_pkts=3 q_bytes=4512 qdelay_l_ms=1.08531 qdelay_c_ms=1.82557 ecn_mark=1095 drop=0
[QUEUE_STATS] t_ms=15456 q_pkts=4 q_bytes=6016 qdelay_l_ms=0.945868 qdelay_c_ms=2.11001 ecn_mark=1097 drop=0
[QUEUE_STATS] t_ms=15472 q_pkts=5 q_bytes=7520 qdelay_l_ms=1.06771 qdelay_c_ms=1.06229 ecn_mark=1099 drop=0
[QUEUE_STATS] t_ms=15488 q_pkts=4 q_bytes=6016 qdelay_l_ms=1.09085 qdelay_c_ms=1.0835 ecn_mark=1100 drop=0
[QUEUE_STATS] t_ms=15504 q_pkts=5 q_bytes=7520 qdelay_l_ms=1.07986 qdelay_c_ms=2.18012 ecn_mark=1101 drop=0
[QUEUE_STATS] t_ms=15520 q_pkts=4 q_bytes=6016 qdelay_l_ms=0.970794 qdelay_c_ms=0.965114 ecn_mark=1102 drop=0
[QUEUE_STATS] t_ms=15536 q_pkts=2 q_bytes=3008 qdelay_l_ms=1.07648 qdelay_c_ms=1.08305 ecn_mark=1102 drop=0
[QUEUE_STATS] t_ms=15552 q_pkts=3 q_bytes=4512 qdelay_l_ms=1.0655 qdelay_c_ms=1.09518 ecn_mark=1103 drop=0
[QUEUE_STATS] t_ms=15568 q_pkts=4 q_bytes=6016 qdelay_l_ms=1.08832 qdelay_c_ms=2.12869 ecn_mark=1106 drop=0
[QUEUE_STATS] t_ms=15584 q_pkts=2 q_bytes=3008 qdelay_l_ms=0.981414 qdelay_c_ms=0 ecn_mark=1107 drop=0
[QUEUE_STATS] t_ms=15600 q_pkts=3 q_bytes=4512 qdelay_l_ms=0.969853 qdelay_c_ms=0.993707 ecn_mark=1107 drop=0
[QUEUE_STATS] t_ms=15616 q_pkts=2 q_bytes=3008 qdelay_l_ms=0 qdelay_c_ms=1.08268 ecn_mark=1108 drop=0
[QUEUE_STATS] t_ms=15633 q_pkts=2 q_bytes=3008 qdelay_l_ms=1.08407 qdelay_c_ms=0 ecn_mark=1110 drop=0
[QUEUE_STATS] t_ms=15648 q_pkts=1 q_bytes=1504 qdelay_l_ms=0.793832 qdelay_c_ms=0 ecn_mark=1111 drop=0
[QUEUE_STATS] t_ms=15664 q_pkts=3 q_bytes=4512 qdelay_l_ms=1.08056 qdelay_c_ms=1.0743 ecn_mark=1111 drop=0
[QUEUE_STATS] t_ms=15680 q_pkts=4 q_bytes=6016 qdelay_l_ms=1.06779 qdelay_c_ms=1.06249 ecn_mark=1111 drop=0
[QUEUE_STATS] t_ms=15696 q_pkts=4 q_bytes=6016 qdelay_l_ms=0.913166 qdelay_c_ms=0.905822 ecn_mark=1113 drop=0
[QUEUE_STATS] t_ms=15712 q_pkts=3 q_bytes=4512 qdelay_l_ms=1.03801 qdelay_c_ms=1.07045 ecn_mark=1115 drop=0
[QUEUE_STATS] t_ms=15728 q_pkts=1 q_bytes=1504 qdelay_l_ms=1.06597 qdelay_c_ms=0 ecn_mark=1116 drop=0
[QUEUE_STATS] t_ms=15745 q_pkts=2 q_bytes=3008 qdelay_l_ms=1.08431 qdelay_c_ms=0 ecn_mark=1118 drop=0
[QUEUE_STATS] t_ms=15760 q_pkts=3 q_bytes=4512 qdelay_l_ms=1.07413 qdelay_c_ms=1.085 ecn_mark=1119 drop=0
[QUEUE_STATS] t_ms=15776 q_pkts=3 q_bytes=4512 qdelay_l_ms=1.07278 qdelay_c_ms=1.09536 ecn_mark=1119 drop=0
[QUEUE_STATS] t_ms=15792 q_pkts=1 q_bytes=1504 qdelay_l_ms=1.06724 qdelay_c_ms=0 ecn_mark=1120 drop=0
[QUEUE_STATS] t_ms=15808 q_pkts=1 q_bytes=1504 qdelay_l_ms=0 qdelay_c_ms=1.19978 ecn_mark=1121 drop=0
[QUEUE_STATS] t_ms=15825 q_pkts=3 q_bytes=4512 qdelay_l_ms=1.0662 qdelay_c_ms=2.15575 ecn_mark=1123 drop=0
[QUEUE_STATS] t_ms=15841 q_pkts=4 q_bytes=6016 qdelay_l_ms=1.07473 qdelay_c_ms=1.64851 ecn_mark=1124 drop=0
[QUEUE_STATS] t_ms=15857 q_pkts=0 q_bytes=0 qdelay_l_ms=0 qdelay_c_ms=0 ecn_mark=1124 drop=0
[QUEUE_STATS] t_ms=15872 q_pkts=5 q_bytes=7520 qdelay_l_ms=1.08585 qdelay_c_ms=1.07997 ecn_mark=1125 drop=0
[QUEUE_STATS] t_ms=15888 q_pkts=3 q_bytes=4512 qdelay_l_ms=0.977327 qdelay_c_ms=0.971576 ecn_mark=1125 drop=0
[QUEUE_STATS] t_ms=15904 q_pkts=5 q_bytes=7520 qdelay_l_ms=1.03888 qdelay_c_ms=1.0717 ecn_mark=1126 drop=0
[QUEUE_STATS] t_ms=15920 q_pkts=0 q_bytes=0 qdelay_l_ms=0 qdelay_c_ms=0 ecn_mark=1126 drop=0
[QUEUE_STATS] t_ms=15936 q_pkts=3 q_bytes=4512 qdelay_l_ms=1.08099 qdelay_c_ms=1.0751 ecn_mark=1128 drop=0
[QUEUE_STATS] t_ms=15952 q_pkts=0 q_bytes=0 qdelay_l_ms=0 qdelay_c_ms=0 ecn_mark=1128 drop=0
[QUEUE_STATS] t_ms=15968 q_pkts=6 q_bytes=9024 qdelay_l_ms=1.06801 qdelay_c_ms=1.06271 ecn_mark=1129 drop=0
[QUEUE_STATS] t_ms=15984 q_pkts=1 q_bytes=1504 qdelay_l_ms=1.06624 qdelay_c_ms=0 ecn_mark=1131 drop=0
[QUEUE_STATS] t_ms=16000 q_pkts=3 q_bytes=4512 qdelay_l_ms=1.08072 qdelay_c_ms=1.07488 ecn_mark=1132 drop=0
[QUEUE_STATS] t_ms=16016 q_pkts=4 q_bytes=6016 qdelay_l_ms=1.06807 qdelay_c_ms=1.06203 ecn_mark=1133 drop=0
[QUEUE_STATS] t_ms=16032 q_pkts=3 q_bytes=4512 qdelay_l_ms=1.09691 qdelay_c_ms=1.09066 ecn_mark=1133 drop=0
[QUEUE_STATS] t_ms=16049 q_pkts=4 q_bytes=6016 qdelay_l_ms=1.08707 qdelay_c_ms=1.08076 ecn_mark=1134 drop=0
[QUEUE_STATS] t_ms=16064 q_pkts=4 q_bytes=6016 qdelay_l_ms=1.0645 qdelay_c_ms=1.05799 ecn_mark=1135 drop=0
[QUEUE_STATS] t_ms=16080 q_pkts=2 q_bytes=3008 qdelay_l_ms=1.07969 qdelay_c_ms=0 ecn_mark=1137 drop=0
[QUEUE_STATS] t_ms=16096 q_pkts=2 q_bytes=3008 qdelay_l_ms=0.026269 qdelay_c_ms=0.019286 ecn_mark=1138 drop=0
[QUEUE_STATS] t_ms=16112 q_pkts=1 q_bytes=1504 qdelay_l_ms=1.07489 qdelay_c_ms=0 ecn_mark=1138 drop=0
[QUEUE_STATS] t_ms=16128 q_pkts=1 q_bytes=1504 qdelay_l_ms=1.05659 qdelay_c_ms=0 ecn_mark=1139 drop=0
[QUEUE_STATS] t_ms=16144 q_pkts=5 q_bytes=7520 qdelay_l_ms=0.965826 qdelay_c_ms=2.02523 ecn_mark=1139 drop=0
[QUEUE_STATS] t_ms=16160 q_pkts=5 q_bytes=7520 qdelay_l_ms=0.922364 qdelay_c_ms=1.99348 ecn_mark=1140 drop=0
[QUEUE_STATS] t_ms=16176 q_pkts=0 q_bytes=0 qdelay_l_ms=0 qdelay_c_ms=0 ecn_mark=1143 drop=0
[QUEUE_STATS] t_ms=16192 q_pkts=4 q_bytes=6016 qdelay_l_ms=0.784634 qdelay_c_ms=0.777411 ecn_mark=1145 drop=0
[QUEUE_STATS] t_ms=16208 q_pkts=3 q_bytes=4512 qdelay_l_ms=1.03419 qdelay_c_ms=1.04484 ecn_mark=1146 drop=0
[QUEUE_STATS] t_ms=16225 q_pkts=7 q_bytes=10528 qdelay_l_ms=1.06627 qdelay_c_ms=1.86929 ecn_mark=1148 drop=0
[QUEUE_STATS] t_ms=16240 q_pkts=3 q_bytes=4512 qdelay_l_ms=0.582995 qdelay_c_ms=0.577515 ecn_mark=1148 drop=0
[QUEUE_STATS] t_ms=16256 q_pkts=3 q_bytes=4512 qdelay_l_ms=1.06526 qdelay_c_ms=1.07818 ecn_mark=1149 drop=0
[QUEUE_STATS] t_ms=16272 q_pkts=5 q_bytes=7520 qdelay_l_ms=0.815293 qdelay_c_ms=0.809953 ecn_mark=1149 drop=0
[QUEUE_STATS] t_ms=16288 q_pkts=3 q_bytes=4512 qdelay_l_ms=1.06818 qdelay_c_ms=1.07882 ecn_mark=1151 drop=0
[QUEUE_STATS] t_ms=16304 q_pkts=4 q_bytes=6016 qdelay_l_ms=0 qdelay_c_ms=1.10131 ecn_mark=1151 drop=0
[QUEUE_STATS] t_ms=16320 q_pkts=4 q_bytes=6016 qdelay_l_ms=1.08454 qdelay_c_ms=1.07883 ecn_mark=1152 drop=0
[QUEUE_STATS] t_ms=16336 q_pkts=3 q_bytes=4512 qdelay_l_ms=1.05331 qdelay_c_ms=1.04723 ecn_mark=1153 drop=0
[QUEUE_STATS] t_ms=16352 q_pkts=4 q_bytes=6016 qdelay_l_ms=0 qdelay_c_ms=1.0937 ecn_mark=1155 drop=0
[QUEUE_STATS] t_ms=16368 q_pkts=2 q_bytes=3008 qdelay_l_ms=0 qdelay_c_ms=1.09018 ecn_mark=1155 drop=0
[QUEUE_STATS] t_ms=16384 q_pkts=3 q_bytes=4512 qdelay_l_ms=1.07363 qdelay_c_ms=1.06757 ecn_mark=1156 drop=0
[QUEUE_STATS] t_ms=16400 q_pkts=4 q_bytes=6016 qdelay_l_ms=1.0614 qdelay_c_ms=2.15544 ecn_mark=1157 drop=0
[QUEUE_STATS] t_ms=16416 q_pkts=3 q_bytes=4512 qdelay_l_ms=1.08705 qdelay_c_ms=1.08118 ecn_mark=1158 drop=0
[QUEUE_STATS] t_ms=16432 q_pkts=4 q_bytes=6016 qdelay_l_ms=1.06583 qdelay_c_ms=1.09261 ecn_mark=1159 drop=0
[QUEUE_STATS] t_ms=16448 q_pkts=0 q_bytes=0 qdelay_l_ms=0 qdelay_c_ms=0 ecn_mark=1160 drop=0
[QUEUE_STATS] t_ms=16464 q_pkts=2 q_bytes=3008 qdelay_l_ms=1.06686 qdelay_c_ms=0 ecn_mark=1163 drop=0
[QUEUE_STATS] t_ms=16480 q_pkts=6 q_bytes=9024 qdelay_l_ms=1.06308 qdelay_c_ms=2.16281 ecn_mark=1164 drop=0
[QUEUE_STATS] t_ms=16496 q_pkts=5 q_bytes=7520 qdelay_l_ms=0.690257 qdelay_c_ms=0.722598 ecn_mark=1164 drop=0
[QUEUE_STATS] t_ms=16512 q_pkts=1 q_bytes=1504 qdelay_l_ms=0.811445 qdelay_c_ms=0 ecn_mark=1164 drop=0
[QUEUE_STATS] t_ms=16528 q_pkts=0 q_bytes=0 qdelay_l_ms=0 qdelay_c_ms=0 ecn_mark=1168 drop=0
[QUEUE_STATS] t_ms=16544 q_pkts=2 q_bytes=3008 qdelay_l_ms=0 qdelay_c_ms=0.028523 ecn_mark=1168 drop=0
[QUEUE_STATS] t_ms=16561 q_pkts=4 q_bytes=6016 qdelay_l_ms=1.08282 qdelay_c_ms=1.07723 ecn_mark=1169 drop=0
[QUEUE_STATS] t_ms=16576 q_pkts=3 q_bytes=4512 qdelay_l_ms=1.07191 qdelay_c_ms=1.06624 ecn_mark=1170 drop=0
[QUEUE_STATS] t_ms=16592 q_pkts=5 q_bytes=7520 qdelay_l_ms=1.09971 qdelay_c_ms=1.09423 ecn_mark=1171 drop=0
[QUEUE_STATS] t_ms=16608 q_pkts=0 q_bytes=0 qdelay_l_ms=0 qdelay_c_ms=0 ecn_mark=1172 drop=0
[QUEUE_STATS] t_ms=16624 q_pkts=2 q_bytes=3008 qdelay_l_ms=1.08606 qdelay_c_ms=2.1151 ecn_mark=1172 drop=0
[QUEUE_STATS] t_ms=16640 q_pkts=0 q_bytes=0 qdelay_l_ms=0 qdelay_c_ms=0 ecn_mark=1172 drop=0
[QUEUE_STATS] t_ms=16656 q_pkts=3 q_bytes=4512 qdelay_l_ms=1.06002 qdelay_c_ms=1.04906 ecn_mark=1173 drop=0
[QUEUE_STATS] t_ms=16672 q_pkts=5 q_bytes=7520 qdelay_l_ms=1.07528 qdelay_c_ms=1.0694 ecn_mark=1174 drop=0
[QUEUE_STATS] t_ms=16688 q_pkts=1 q_bytes=1504 qdelay_l_ms=0.014177 qdelay_c_ms=0 ecn_mark=1174 drop=0
[QUEUE_STATS] t_ms=16704 q_pkts=3 q_bytes=4512 qdelay_l_ms=1.03022 qdelay_c_ms=1.0408 ecn_mark=1175 drop=0
[QUEUE_STATS] t_ms=16720 q_pkts=0 q_bytes=0 qdelay_l_ms=0 qdelay_c_ms=0 ecn_mark=1176 drop=0
[QUEUE_STATS] t_ms=16736 q_pkts=5 q_bytes=7520 qdelay_l_ms=1.0661 qdelay_c_ms=2.16303 ecn_mark=1176 drop=0
[QUEUE_STATS] t_ms=16753 q_pkts=3 q_bytes=4512 qdelay_l_ms=1.06119 qdelay_c_ms=1.07161 ecn_mark=1176 drop=0
[QUEUE_STATS] t_ms=16769 q_pkts=5 q_bytes=7520 qdelay_l_ms=1.06602 qdelay_c_ms=1.89807 ecn_mark=1178 drop=0
[QUEUE_STATS] t_ms=16784 q_pkts=3 q_bytes=4512 qdelay_l_ms=0.023334 qdelay_c_ms=0.018074 ecn_mark=1179 drop=0
[QUEUE_STATS] t_ms=16800 q_pkts=6 q_bytes=9024 qdelay_l_ms=1.08725 qdelay_c_ms=1.10435 ecn_mark=1179 drop=0
[QUEUE_STATS] t_ms=16816 q_pkts=5 q_bytes=7520 qdelay_l_ms=0.949424 qdelay_c_ms=0.946479 ecn_mark=1180 drop=0
[QUEUE_STATS] t_ms=16832 q_pkts=3 q_bytes=4512 qdelay_l_ms=1.05888 qdelay_c_ms=1.07943 ecn_mark=1181 drop=0
[QUEUE_STATS] t_ms=16848 q_pkts=2 q_bytes=3008 qdelay_l_ms=1.05129 qdelay_c_ms=1.84682 ecn_mark=1183 drop=0
[QUEUE_STATS] t_ms=16865 q_pkts=2 q_bytes=3008 qdelay_l_ms=1.06682 qdelay_c_ms=2.15631 ecn_mark=1184 drop=0
[QUEUE_STATS] t_ms=16880 q_pkts=5 q_bytes=7520 qdelay_l_ms=1.03742 qdelay_c_ms=1.0317 ecn_mark=1187 drop=0
[QUEUE_STATS] t_ms=16896 q_pkts=3 q_bytes=4512 qdelay_l_ms=1.08478 qdelay_c_ms=1.07865 ecn_mark=1188 drop=0
[QUEUE_STATS] t_ms=16913 q_pkts=4 q_bytes=6016 qdelay_l_ms=1.06585 qdelay_c_ms=1.89106 ecn_mark=1190 drop=0
[QUEUE_STATS] t_ms=16928 q_pkts=2 q_bytes=3008 qdelay_l_ms=1.06615 qdelay_c_ms=2.16763 ecn_mark=1190 drop=0
[QUEUE_STATS] t_ms=16944 q_pkts=2 q_bytes=3008 qdelay_l_ms=1.08316 qdelay_c_ms=0 ecn_mark=1191 drop=0
[QUEUE_STATS] t_ms=16960 q_pkts=3 q_bytes=4512 qdelay_l_ms=1.08358 qdelay_c_ms=1.91048 ecn_mark=1193 drop=0
[QUEUE_STATS] t_ms=16976 q_pkts=2 q_bytes=3008 qdelay_l_ms=1.01711 qdelay_c_ms=0 ecn_mark=1193 drop=0
[QUEUE_STATS] t_ms=16992 q_pkts=3 q_bytes=4512 qdelay_l_ms=1.05786 qdelay_c_ms=1.08266 ecn_mark=1194 drop=0
[QUEUE_STATS] t_ms=17008 q_pkts=4 q_bytes=6016 qdelay_l_ms=1.09145 qdelay_c_ms=1.08531 ecn_mark=1194 drop=0
[QUEUE_STATS] t_ms=17024 q_pkts=6 q_bytes=9024 qdelay_l_ms=1.09985 qdelay_c_ms=1.09247 ecn_mark=1195 drop=0
[QUEUE_STATS] t_ms=17040 q_pkts=4 q_bytes=6016 qdelay_l_ms=0 qdelay_c_ms=0.804642 ecn_mark=1195 drop=0
[QUEUE_STATS] t_ms=17056 q_pkts=3 q_bytes=4512 qdelay_l_ms=0.832415 qdelay_c_ms=0.826454 ecn_mark=1197 drop=0
[QUEUE_STATS] t_ms=17072 q_pkts=5 q_bytes=7520 qdelay_l_ms=1.08272 qdelay_c_ms=1.07746 ecn_mark=1198 drop=0
[QUEUE_STATS] t_ms=17088 q_pkts=5 q_bytes=7520 qdelay_l_ms=1.07746 qdelay_c_ms=2.132 ecn_mark=1198 drop=0
[QUEUE_STATS] t_ms=17104 q_pkts=4 q_bytes=6016 qdelay_l_ms=1.0295 qdelay_c_ms=1.02174 ecn_mark=1199 drop=0
[QUEUE_STATS] t_ms=17120 q_pkts=5 q_bytes=7520 qdelay_l_ms=1.05631 qdelay_c_ms=1.07689 ecn_mark=1199 drop=0
[QUEUE_STATS] t_ms=17136 q_pkts=3 q_bytes=4512 qdelay_l_ms=1.05577 qdelay_c_ms=1.06732 ecn_mark=1201 drop=0
[QUEUE_STATS] t_ms=17152 q_pkts=5 q_bytes=7520 qdelay_l_ms=1.09346 qdelay_c_ms=1.08708 ecn_mark=1201 drop=0
[QUEUE_STATS] t_ms=17168 q_pkts=4 q_bytes=6016 qdelay_l_ms=0.81381 qdelay_c_ms=0.806546 ecn_mark=1201 drop=0
[QUEUE_STATS] t_ms=17184 q_pkts=2 q_bytes=3008 qdelay_l_ms=1.06719 qdelay_c_ms=0 ecn_mark=1203 drop=0
[QUEUE_STATS] t_ms=17200 q_pkts=3 q_bytes=4512 qdelay_l_ms=1.04735 qdelay_c_ms=1.04215 ecn_mark=1203 drop=0
[QUEUE_STATS] t_ms=17216 q_pkts=5 q_bytes=7520 qdelay_l_ms=1.03994 qdelay_c_ms=2.17218 ecn_mark=1204 drop=0
[QUEUE_STATS] t_ms=17233 q_pkts=3 q_bytes=4512 qdelay_l_ms=1.04452 qdelay_c_ms=2.1096 ecn_mark=1205 drop=0
[QUEUE_STATS] t_ms=17248 q_pkts=3 q_bytes=4512 qdelay_l_ms=1.08415 qdelay_c_ms=1.07739 ecn_mark=1206 drop=0
[QUEUE_STATS] t_ms=17264 q_pkts=4 q_bytes=6016 qdelay_l_ms=1.0709 qdelay_c_ms=1.06201 ecn_mark=1206 drop=0
[QUEUE_STATS] t_ms=17280 q_pkts=4 q_bytes=6016 qdelay_l_ms=1.04828 qdelay_c_ms=1.04214 ecn_mark=1208 drop=0
[QUEUE_STATS] t_ms=17296 q_pkts=4 q_bytes=6016 qdelay_l_ms=1.03588 qdelay_c_ms=1.56013 ecn_mark=1208 drop=0
[QUEUE_STATS] t_ms=17312 q_pkts=5 q_bytes=7520 qdelay_l_ms=1.0704 qdelay_c_ms=1.06538 ecn_mark=1208 drop=0
[QUEUE_STATS] t_ms=17328 q_pkts=3 q_bytes=4512 qdelay_l_ms=1.06517 qdelay_c_ms=1.08818 ecn_mark=1209 drop=0
[QUEUE_STATS] t_ms=17344 q_pkts=5 q_bytes=7520 qdelay_l_ms=1.0945 qdelay_c_ms=1.08774 ecn_mark=1210 drop=0
[QUEUE_STATS] t_ms=17360 q_pkts=3 q_bytes=4512 qdelay_l_ms=1.01738 qdelay_c_ms=1.04026 ecn_mark=1210 drop=0
[QUEUE_STATS] t_ms=17376 q_pkts=3 q_bytes=4512 qdelay_l_ms=1.06709 qdelay_c_ms=1.079 ecn_mark=1210 drop=0
[QUEUE_STATS] t_ms=17392 q_pkts=3 q_bytes=4512 qdelay_l_ms=1.0557 qdelay_c_ms=1.05099 ecn_mark=1211 drop=0
[QUEUE_STATS] t_ms=17408 q_pkts=7 q_bytes=10528 qdelay_l_ms=1.04948 qdelay_c_ms=1.08262 ecn_mark=1211 drop=0
[QUEUE_STATS] t_ms=17424 q_pkts=4 q_bytes=6016 qdelay_l_ms=1.08508 qdelay_c_ms=1.88593 ecn_mark=1212 drop=0
[QUEUE_STATS] t_ms=17440 q_pkts=2 q_bytes=3008 qdelay_l_ms=0 qdelay_c_ms=1.06008 ecn_mark=1212 drop=0
[QUEUE_STATS] t_ms=17456 q_pkts=4 q_bytes=6016 qdelay_l_ms=0 qdelay_c_ms=1.84648 ecn_mark=1213 drop=0
[QUEUE_STATS] t_ms=17472 q_pkts=0 q_bytes=0 qdelay_l_ms=0 qdelay_c_ms=0 ecn_mark=1214 drop=0
[QUEUE_STATS] t_ms=17488 q_pkts=5 q_bytes=7520 qdelay_l_ms=1.04666 qdelay_c_ms=1.04081 ecn_mark=1215 drop=0
[QUEUE_STATS] t_ms=17504 q_pkts=4 q_bytes=6016 qdelay_l_ms=1.10977 qdelay_c_ms=1.09942 ecn_mark=1216 drop=0
[QUEUE_STATS] t_ms=17520 q_pkts=1 q_bytes=1504 qdelay_l_ms=1.07572 qdelay_c_ms=0 ecn_mark=1217 drop=0
[QUEUE_STATS] t_ms=17537 q_pkts=3 q_bytes=4512 qdelay_l_ms=1.05971 qdelay_c_ms=1.07009 ecn_mark=1217 drop=0
[QUEUE_STATS] t_ms=17552 q_pkts=7 q_bytes=10528 qdelay_l_ms=1.06195 qdelay_c_ms=2.00007 ecn_mark=1217 drop=0
[QUEUE_STATS] t_ms=17568 q_pkts=2 q_bytes=3008 qdelay_l_ms=1.07977 qdelay_c_ms=0 ecn_mark=1218 drop=0
[QUEUE_STATS] t_ms=17584 q_pkts=4 q_bytes=6016 qdelay_l_ms=1.08136 qdelay_c_ms=1.47827 ecn_mark=1218 drop=0
[QUEUE_STATS] t_ms=17600 q_pkts=2 q_bytes=3008 qdelay_l_ms=1.08325 qdelay_c_ms=0 ecn_mark=1219 drop=0
[QUEUE_STATS] t_ms=17616 q_pkts=6 q_bytes=9024 qdelay_l_ms=1.06775 qdelay_c_ms=1.06243 ecn_mark=1219 drop=0
[QUEUE_STATS] t_ms=17632 q_pkts=3 q_bytes=4512 qdelay_l_ms=0.784434 qdelay_c_ms=0.807427 ecn_mark=1223 drop=0
[QUEUE_STATS] t_ms=17648 q_pkts=5 q_bytes=7520 qdelay_l_ms=0.924538 qdelay_c_ms=0.955977 ecn_mark=1224 drop=0
[QUEUE_STATS] t_ms=17664 q_pkts=5 q_bytes=7520 qdelay_l_ms=1.0584 qdelay_c_ms=1.09254 ecn_mark=1226 drop=0
[QUEUE_STATS] t_ms=17680 q_pkts=3 q_bytes=4512 qdelay_l_ms=0.029886 qdelay_c_ms=1.02445 ecn_mark=1227 drop=0
[QUEUE_STATS] t_ms=17696 q_pkts=1 q_bytes=1504 qdelay_l_ms=0.996032 qdelay_c_ms=0 ecn_mark=1227 drop=0
[QUEUE_STATS] t_ms=17712 q_pkts=4 q_bytes=6016 qdelay_l_ms=1.09219 qdelay_c_ms=1.08725 ecn_mark=1229 drop=0
[QUEUE_STATS] t_ms=17729 q_pkts=2 q_bytes=3008 qdelay_l_ms=1.08156 qdelay_c_ms=1.07541 ecn_mark=1230 drop=0
[QUEUE_STATS] t_ms=17744 q_pkts=4 q_bytes=6016 qdelay_l_ms=1.01025 qdelay_c_ms=2.09851 ecn_mark=1232 drop=0
[QUEUE_STATS] t_ms=17760 q_pkts=6 q_bytes=9024 qdelay_l_ms=1.06612 qdelay_c_ms=1.47838 ecn_mark=1232 drop=0
[QUEUE_STATS] t_ms=17776 q_pkts=3 q_bytes=4512 qdelay_l_ms=0.023404 qdelay_c_ms=0.017763 ecn_mark=1232 drop=0
[QUEUE_STATS] t_ms=17792 q_pkts=5 q_bytes=7520 qdelay_l_ms=1.01336 qdelay_c_ms=1.04966 ecn_mark=1232 drop=0
[QUEUE_STATS] t_ms=17808 q_pkts=6 q_bytes=9024 qdelay_l_ms=0.798791 qdelay_c_ms=1.36936 ecn_mark=1232 drop=0
[QUEUE_STATS] t_ms=17824 q_pkts=3 q_bytes=4512 qdelay_l_ms=1.07785 qdelay_c_ms=1.07249 ecn_mark=1232 drop=0
[QUEUE_STATS] t_ms=17840 q_pkts=5 q_bytes=7520 qdelay_l_ms=1.0346 qdelay_c_ms=1.05631 ecn_mark=1233 drop=0
[QUEUE_STATS] t_ms=17856 q_pkts=3 q_bytes=4512 qdelay_l_ms=1.06312 qdelay_c_ms=1.08281 ecn_mark=1234 drop=0
[QUEUE_STATS] t_ms=17872 q_pkts=4 q_bytes=6016 qdelay_l_ms=1.07122 qdelay_c_ms=1.06619 ecn_mark=1234 drop=0
[QUEUE_STATS] t_ms=17888 q_pkts=6 q_bytes=9024 qdelay_l_ms=0.992776 qdelay_c_ms=0.985923 ecn_mark=1238 drop=0
[QUEUE_STATS] t_ms=17904 q_pkts=1 q_bytes=1504 qdelay_l_ms=0.012934 qdelay_c_ms=0 ecn_mark=1239 drop=0
[QUEUE_STATS] t_ms=17920 q_pkts=4 q_bytes=6016 qdelay_l_ms=1.05442 qdelay_c_ms=1.04835 ecn_mark=1242 drop=0
[QUEUE_STATS] t_ms=17936 q_pkts=8 q_bytes=12032 qdelay_l_ms=1.05901 qdelay_c_ms=2.1522 ecn_mark=1242 drop=0
[QUEUE_STATS] t_ms=17952 q_pkts=4 q_bytes=6016 qdelay_l_ms=1.04381 qdelay_c_ms=2.13157 ecn_mark=1243 drop=0
[QUEUE_STATS] t_ms=17969 q_pkts=4 q_bytes=6016 qdelay_l_ms=1.08307 qdelay_c_ms=1.07812 ecn_mark=1243 drop=0
[QUEUE_STATS] t_ms=17984 q_pkts=5 q_bytes=7520 qdelay_l_ms=1.07973 qdelay_c_ms=2.17182 ecn_mark=1244 drop=0
[QUEUE_STATS] t_ms=18000 q_pkts=3 q_bytes=4512 qdelay_l_ms=1.07499 qdelay_c_ms=1.09816 ecn_mark=1244 drop=0
[QUEUE_STATS] t_ms=18017 q_pkts=6 q_bytes=9024 qdelay_l_ms=1.09868 qdelay_c_ms=1.09173 ecn_mark=1244 drop=0
[QUEUE_STATS] t_ms=18032 q_pkts=3 q_bytes=4512 qdelay_l_ms=1.10147 qdelay_c_ms=1.09107 ecn_mark=1245 drop=0
[QUEUE_STATS] t_ms=18048 q_pkts=5 q_bytes=7520 qdelay_l_ms=1.09803 qdelay_c_ms=1.09145 ecn_mark=1247 drop=0
[QUEUE_STATS] t_ms=18064 q_pkts=3 q_bytes=4512 qdelay_l_ms=0.031158 qdelay_c_ms=1.08298 ecn_mark=1248 drop=0
[QUEUE_STATS] t_ms=18080 q_pkts=6 q_bytes=9024 qdelay_l_ms=1.03846 qdelay_c_ms=2.17886 ecn_mark=1248 drop=0
[QUEUE_STATS] t_ms=18096 q_pkts=4 q_bytes=6016 qdelay_l_ms=1.07472 qdelay_c_ms=1.06833 ecn_mark=1249 drop=0
[QUEUE_STATS] t_ms=18113 q_pkts=4 q_bytes=6016 qdelay_l_ms=1.0665 qdelay_c_ms=2.17378 ecn_mark=1249 drop=0
[QUEUE_STATS] t_ms=18128 q_pkts=6 q_bytes=9024 qdelay_l_ms=1.06632 qdelay_c_ms=1.05784 ecn_mark=1250 drop=0
[QUEUE_STATS] t_ms=18144 q_pkts=5 q_bytes=7520 qdelay_l_ms=1.05246 qdelay_c_ms=2.13939 ecn_mark=1252 drop=0
[QUEUE_STATS] t_ms=18160 q_pkts=4 q_bytes=6016 qdelay_l_ms=1.07733 qdelay_c_ms=1.07195 ecn_mark=1253 drop=0
[QUEUE_STATS] t_ms=18176 q_pkts=5 q_bytes=7520 qdelay_l_ms=1.07855 qdelay_c_ms=1.8445 ecn_mark=1254 drop=0
[QUEUE_STATS] t_ms=18192 q_pkts=5 q_bytes=7520 qdelay_l_ms=1.11044 qdelay_c_ms=1.10092 ecn_mark=1257 drop=0
[QUEUE_STATS] t_ms=18208 q_pkts=3 q_bytes=4512 qdelay_l_ms=0.630635 qdelay_c_ms=1.67519 ecn_mark=1259 drop=0
[QUEUE_STATS] t_ms=18224 q_pkts=4 q_bytes=6016 qdelay_l_ms=0.969182 qdelay_c_ms=0.963511 ecn_mark=1259 drop=0
[QUEUE_STATS] t_ms=18240 q_pkts=4 q_bytes=6016 qdelay_l_ms=1.04227 qdelay_c_ms=1.065 ecn_mark=1262 drop=0
[QUEUE_STATS] t_ms=18256 q_pkts=4 q_bytes=6016 qdelay_l_ms=1.0651 qdelay_c_ms=1.06013 ecn_mark=1263 drop=0
[QUEUE_STATS] t_ms=18272 q_pkts=4 q_bytes=6016 qdelay_l_ms=1.01313 qdelay_c_ms=2.08888 ecn_mark=1264 drop=0
[QUEUE_STATS] t_ms=18289 q_pkts=4 q_bytes=6016 qdelay_l_ms=1.09396 qdelay_c_ms=1.99764 ecn_mark=1264 drop=0
[QUEUE_STATS] t_ms=18304 q_pkts=0 q_bytes=0 qdelay_l_ms=0 qdelay_c_ms=0 ecn_mark=1265 drop=0
[QUEUE_STATS] t_ms=18320 q_pkts=3 q_bytes=4512 qdelay_l_ms=0 qdelay_c_ms=1.08051 ecn_mark=1266 drop=0
[QUEUE_STATS] t_ms=18337 q_pkts=5 q_bytes=7520 qdelay_l_ms=1.06598 qdelay_c_ms=1.8905 ecn_mark=1267 drop=0
[QUEUE_STATS] t_ms=18352 q_pkts=1 q_bytes=1504 qdelay_l_ms=1.0612 qdelay_c_ms=0 ecn_mark=1268 drop=0
[QUEUE_STATS] t_ms=18368 q_pkts=4 q_bytes=6016 qdelay_l_ms=1.07995 qdelay_c_ms=1.07295 ecn_mark=1268 drop=0
[QUEUE_STATS] t_ms=18384 q_pkts=5 q_bytes=7520 qdelay_l_ms=1.08732 qdelay_c_ms=1.08181 ecn_mark=1270 drop=0
[QUEUE_STATS] t_ms=18400 q_pkts=4 q_bytes=6016 qdelay_l_ms=0.96811 qdelay_c_ms=0.961798 ecn_mark=1274 drop=0
[QUEUE_STATS] t_ms=18417 q_pkts=3 q_bytes=4512 qdelay_l_ms=1.06989 qdelay_c_ms=1.4588 ecn_mark=1274 drop=0
[QUEUE_STATS] t_ms=18432 q_pkts=2 q_bytes=3008 qdelay_l_ms=0.027602 qdelay_c_ms=0.02108 ecn_mark=1274 drop=0
[QUEUE_STATS] t_ms=18448 q_pkts=6 q_bytes=9024 qdelay_l_ms=0 qdelay_c_ms=2.0633 ecn_mark=1277 drop=0
[QUEUE_STATS] t_ms=18464 q_pkts=4 q_bytes=6016 qdelay_l_ms=1.05392 qdelay_c_ms=1.08316 ecn_mark=1278 drop=0
[QUEUE_STATS] t_ms=18481 q_pkts=4 q_bytes=6016 qdelay_l_ms=1.06596 qdelay_c_ms=1.86851 ecn_mark=1280 drop=0
[QUEUE_STATS] t_ms=18496 q_pkts=3 q_bytes=4512 qdelay_l_ms=0 qdelay_c_ms=1.03561 ecn_mark=1281 drop=0
[QUEUE_STATS] t_ms=18512 q_pkts=7 q_bytes=10528 qdelay_l_ms=1.0337 qdelay_c_ms=1.07722 ecn_mark=1281 drop=0
[QUEUE_STATS] t_ms=18528 q_pkts=4 q_bytes=6016 qdelay_l_ms=0 qdelay_c_ms=2.17423 ecn_mark=1281 drop=0
[QUEUE_STATS] t_ms=18544 q_pkts=5 q_bytes=7520 qdelay_l_ms=1.07395 qdelay_c_ms=1.6736 ecn_mark=1282 drop=0
[QUEUE_STATS] t_ms=18560 q_pkts=5 q_bytes=7520 qdelay_l_ms=1.11115 qdelay_c_ms=1.10032 ecn_mark=1284 drop=0
[QUEUE_STATS] t_ms=18576 q_pkts=1 q_bytes=1504 qdelay_l_ms=1.07749 qdelay_c_ms=0 ecn_mark=1285 drop=0
[QUEUE_STATS] t_ms=18592 q_pkts=4 q_bytes=6016 qdelay_l_ms=1.09061 qdelay_c_ms=1.08431 ecn_mark=1286 drop=0
[QUEUE_STATS] t_ms=18609 q_pkts=4 q_bytes=6016 qdelay_l_ms=1.06669 qdelay_c_ms=1.09688 ecn_mark=1287 drop=0
[QUEUE_STATS] t_ms=18624 q_pkts=4 q_bytes=6016 qdelay_l_ms=1.0764 qdelay_c_ms=1.07096 ecn_mark=1287 drop=0
[QUEUE_STATS] t_ms=18640 q_pkts=4 q_bytes=6016 qdelay_l_ms=0 qdelay_c_ms=2.12736 ecn_mark=1287 drop=0
[QUEUE_STATS] t_ms=18656 q_pkts=4 q_bytes=6016 qdelay_l_ms=1.06627 qdelay_c_ms=1.09423 ecn_mark=1288 drop=0
[QUEUE_STATS] t_ms=18672 q_pkts=5 q_bytes=7520 qdelay_l_ms=0.962639 qdelay_c_ms=0.957519 ecn_mark=1290 drop=0
[QUEUE_STATS] t_ms=18688 q_pkts=4 q_bytes=6016 qdelay_l_ms=1.09322 qdelay_c_ms=1.08612 ecn_mark=1292 drop=0
[QUEUE_STATS] t_ms=18705 q_pkts=4 q_bytes=6016 qdelay_l_ms=1.07914 qdelay_c_ms=2.12293 ecn_mark=1294 drop=0
[QUEUE_STATS] t_ms=18720 q_pkts=2 q_bytes=3008 qdelay_l_ms=1.06126 qdelay_c_ms=2.16295 ecn_mark=1294 drop=0
[QUEUE_STATS] t_ms=18736 q_pkts=3 q_bytes=4512 qdelay_l_ms=0 qdelay_c_ms=0.873 ecn_mark=1295 drop=0
[QUEUE_STATS] t_ms=18752 q_pkts=0 q_bytes=0 qdelay_l_ms=0 qdelay_c_ms=0 ecn_mark=1297 drop=0
[QUEUE_STATS] t_ms=18769 q_pkts=5 q_bytes=7520 qdelay_l_ms=1.07232 qdelay_c_ms=2.13156 ecn_mark=1297 drop=0
[QUEUE_STATS] t_ms=18784 q_pkts=3 q_bytes=4512 qdelay_l_ms=1.06902 qdelay_c_ms=1.09189 ecn_mark=1297 drop=0
[QUEUE_STATS] t_ms=18800 q_pkts=4 q_bytes=6016 qdelay_l_ms=1.00245 qdelay_c_ms=0.996453 ecn_mark=1299 drop=0
[QUEUE_STATS] t_ms=18816 q_pkts=4 q_bytes=6016 qdelay_l_ms=1.06878 qdelay_c_ms=1.06324 ecn_mark=1299 drop=0
[QUEUE_STATS] t_ms=18832 q_pkts=5 q_bytes=7520 qdelay_l_ms=1.06569 qdelay_c_ms=1.68516 ecn_mark=1300 drop=0
[QUEUE_STATS] t_ms=18848 q_pkts=7 q_bytes=10528 qdelay_l_ms=1.0227 qdelay_c_ms=1.06713 ecn_mark=1300 drop=0
[QUEUE_STATS] t_ms=18864 q_pkts=4 q_bytes=6016 qdelay_l_ms=0.711959 qdelay_c_ms=0.701659 ecn_mark=1300 drop=0
[QUEUE_STATS] t_ms=18880 q_pkts=4 q_bytes=6016 qdelay_l_ms=0.809281 qdelay_c_ms=0.836673 ecn_mark=1300 drop=0
[QUEUE_STATS] t_ms=18897 q_pkts=5 q_bytes=7520 qdelay_l_ms=1.07898 qdelay_c_ms=2.16109 ecn_mark=1300 drop=0
[QUEUE_STATS] t_ms=18912 q_pkts=4 q_bytes=6016 qdelay_l_ms=1.08008 qdelay_c_ms=1.07359 ecn_mark=1302 drop=0
[QUEUE_STATS] t_ms=18928 q_pkts=5 q_bytes=7520 qdelay_l_ms=1.0433 qdelay_c_ms=2.12696 ecn_mark=1303 drop=0
[QUEUE_STATS] t_ms=18944 q_pkts=3 q_bytes=4512 qdelay_l_ms=0 qdelay_c_ms=1.09011 ecn_mark=1303 drop=0
[QUEUE_STATS] t_ms=18960 q_pkts=5 q_bytes=7520 qdelay_l_ms=1.06607 qdelay_c_ms=1.88715 ecn_mark=1303 drop=0
[QUEUE_STATS] t_ms=18976 q_pkts=6 q_bytes=9024 qdelay_l_ms=1.1012 qdelay_c_ms=1.57178 ecn_mark=1303 drop=0
[QUEUE_STATS] t_ms=18992 q_pkts=5 q_bytes=7520 qdelay_l_ms=0.796327 qdelay_c_ms=1.56127 ecn_mark=1303 drop=0
[QUEUE_STATS] t_ms=19008 q_pkts=5 q_bytes=7520 qdelay_l_ms=1.07355 qdelay_c_ms=2.00835 ecn_mark=1304 drop=0
[QUEUE_STATS] t_ms=19024 q_pkts=4 q_bytes=6016 qdelay_l_ms=0.85165 qdelay_c_ms=1.92881 ecn_mark=1305 drop=0
[QUEUE_STATS] t_ms=19040 q_pkts=7 q_bytes=10528 qdelay_l_ms=1.03239 qdelay_c_ms=2.16712 ecn_mark=1306 drop=0
[QUEUE_STATS] t_ms=19056 q_pkts=4 q_bytes=6016 qdelay_l_ms=1.06006 qdelay_c_ms=2.12357 ecn_mark=1306 drop=0
[QUEUE_STATS] t_ms=19072 q_pkts=5 q_bytes=7520 qdelay_l_ms=1.05689 qdelay_c_ms=2.13371 ecn_mark=1308 drop=0
[QUEUE_STATS] t_ms=19088 q_pkts=5 q_bytes=7520 qdelay_l_ms=1.04515 qdelay_c_ms=2.10825 ecn_mark=1309 drop=0
[QUEUE_STATS] t_ms=19104 q_pkts=4 q_bytes=6016 qdelay_l_ms=1.04307 qdelay_c_ms=1.03734 ecn_mark=1309 drop=0
[QUEUE_STATS] t_ms=19120 q_pkts=5 q_bytes=7520 qdelay_l_ms=1.11001 qdelay_c_ms=1.06797 ecn_mark=1310 drop=0
[QUEUE_STATS] t_ms=19136 q_pkts=2 q_bytes=3008 qdelay_l_ms=0.014838 qdelay_c_ms=1.07774 ecn_mark=1310 drop=0
[QUEUE_STATS] t_ms=19152 q_pkts=4 q_bytes=6016 qdelay_l_ms=1.06555 qdelay_c_ms=1.88092 ecn_mark=1311 drop=0
[QUEUE_STATS] t_ms=19168 q_pkts=5 q_bytes=7520 qdelay_l_ms=1.07799 qdelay_c_ms=2.18872 ecn_mark=1312 drop=0
[QUEUE_STATS] t_ms=19184 q_pkts=8 q_bytes=12032 qdelay_l_ms=1.03663 qdelay_c_ms=2.16162 ecn_mark=1313 drop=0
[QUEUE_STATS] t_ms=19200 q_pkts=5 q_bytes=7520 qdelay_l_ms=1.06557 qdelay_c_ms=1.85432 ecn_mark=1314 drop=0
[QUEUE_STATS] t_ms=19216 q_pkts=4 q_bytes=6016 qdelay_l_ms=1.06175 qdelay_c_ms=1.05445 ecn_mark=1315 drop=0
[QUEUE_STATS] t_ms=19232 q_pkts=6 q_bytes=9024 qdelay_l_ms=1.07126 qdelay_c_ms=2.13666 ecn_mark=1315 drop=0
[QUEUE_STATS] t_ms=19249 q_pkts=4 q_bytes=6016 qdelay_l_ms=1.09309 qdelay_c_ms=1.08621 ecn_mark=1316 drop=0
[QUEUE_STATS] t_ms=19264 q_pkts=3 q_bytes=4512 qdelay_l_ms=1.08451 qdelay_c_ms=2.15299 ecn_mark=1316 drop=0
[QUEUE_STATS] t_ms=19281 q_pkts=5 q_bytes=7520 qdelay_l_ms=1.1012 qdelay_c_ms=1.09363 ecn_mark=1316 drop=0
[QUEUE_STATS] t_ms=19297 q_pkts=5 q_bytes=7520 qdelay_l_ms=0 qdelay_c_ms=2.18483 ecn_mark=1316 drop=0
[QUEUE_STATS] t_ms=19312 q_pkts=2 q_bytes=3008 qdelay_l_ms=1.08446 qdelay_c_ms=1.07767 ecn_mark=1317 drop=0
[QUEUE_STATS] t_ms=19328 q_pkts=6 q_bytes=9024 qdelay_l_ms=1.02007 qdelay_c_ms=2.96068 ecn_mark=1317 drop=0
[QUEUE_STATS] t_ms=19344 q_pkts=3 q_bytes=4512 qdelay_l_ms=0 qdelay_c_ms=1.84465 ecn_mark=1317 drop=0
[QUEUE_STATS] t_ms=19360 q_pkts=4 q_bytes=6016 qdelay_l_ms=0.86725 qdelay_c_ms=0.894371 ecn_mark=1317 drop=0
[QUEUE_STATS] t_ms=19376 q_pkts=8 q_bytes=12032 qdelay_l_ms=1.03284 qdelay_c_ms=2.11986 ecn_mark=1317 drop=0
[QUEUE_STATS] t_ms=19392 q_pkts=6 q_bytes=9024 qdelay_l_ms=1.03535 qdelay_c_ms=2.14539 ecn_mark=1319 drop=0
[QUEUE_STATS] t_ms=19408 q_pkts=6 q_bytes=9024 qdelay_l_ms=1.07771 qdelay_c_ms=2.2081 ecn_mark=1320 drop=0
[QUEUE_STATS] t_ms=19424 q_pkts=4 q_bytes=6016 qdelay_l_ms=1.06537 qdelay_c_ms=1.09198 ecn_mark=1321 drop=0
[QUEUE_STATS] t_ms=19440 q_pkts=5 q_bytes=7520 qdelay_l_ms=1.06606 qdelay_c_ms=1.92976 ecn_mark=1323 drop=0
[QUEUE_STATS] t_ms=19456 q_pkts=4 q_bytes=6016 qdelay_l_ms=1.06581 qdelay_c_ms=1.09355 ecn_mark=1324 drop=0
[QUEUE_STATS] t_ms=19472 q_pkts=9 q_bytes=13536 qdelay_l_ms=1.04877 qdelay_c_ms=2.16327 ecn_mark=1325 drop=0
[QUEUE_STATS] t_ms=19489 q_pkts=4 q_bytes=6016 qdelay_l_ms=1.10169 qdelay_c_ms=1.09201 ecn_mark=1326 drop=0
[QUEUE_STATS] t_ms=19504 q_pkts=5 q_bytes=7520 qdelay_l_ms=1.06779 qdelay_c_ms=2.16061 ecn_mark=1326 drop=0
[QUEUE_STATS] t_ms=19520 q_pkts=7 q_bytes=10528 qdelay_l_ms=1.0525 qdelay_c_ms=1.81964 ecn_mark=1327 drop=0
[QUEUE_STATS] t_ms=19536 q_pkts=9 q_bytes=13536 qdelay_l_ms=1.09151 qdelay_c_ms=2.99112 ecn_mark=1329 drop=0
[QUEUE_STATS] t_ms=19552 q_pkts=5 q_bytes=7520 qdelay_l_ms=1.05855 qdelay_c_ms=3.22507 ecn_mark=1330 drop=0
[QUEUE_STATS] t_ms=19568 q_pkts=10 q_bytes=15040 qdelay_l_ms=1.03283 qdelay_c_ms=3.02025 ecn_mark=1330 drop=0
[QUEUE_STATS] t_ms=19584 q_pkts=5 q_bytes=7520 qdelay_l_ms=1.09814 qdelay_c_ms=1.09134 ecn_mark=1331 drop=0
[QUEUE_STATS] t_ms=19600 q_pkts=5 q_bytes=7520 qdelay_l_ms=1.09487 qdelay_c_ms=1.46737 ecn_mark=1332 drop=0
[QUEUE_STATS] t_ms=19616 q_pkts=11 q_bytes=16544 qdelay_l_ms=1.04935 qdelay_c_ms=3.08181 ecn_mark=1333 drop=0
[QUEUE_STATS] t_ms=19632 q_pkts=6 q_bytes=9024 qdelay_l_ms=1.0958 qdelay_c_ms=1.91116 ecn_mark=1334 drop=0
[QUEUE_STATS] t_ms=19648 q_pkts=2 q_bytes=3008 qdelay_l_ms=0.015659 qdelay_c_ms=0.01068 ecn_mark=1335 drop=0
[QUEUE_STATS] t_ms=19665 q_pkts=6 q_bytes=9024 qdelay_l_ms=1.1064 qdelay_c_ms=1.9893 ecn_mark=1336 drop=0
[QUEUE_STATS] t_ms=19681 q_pkts=4 q_bytes=6016 qdelay_l_ms=1.09015 qdelay_c_ms=1.08279 ecn_mark=1337 drop=0
[QUEUE_STATS] t_ms=19696 q_pkts=5 q_bytes=7520 qdelay_l_ms=1.06595 qdelay_c_ms=1.46118 ecn_mark=1337 drop=0
[QUEUE_STATS] t_ms=19712 q_pkts=10 q_bytes=15040 qdelay_l_ms=0 qdelay_c_ms=3.19963 ecn_mark=1338 drop=0
[QUEUE_STATS] t_ms=19728 q_pkts=7 q_bytes=10528 qdelay_l_ms=1.02968 qdelay_c_ms=2.15641 ecn_mark=1340 drop=0
[QUEUE_STATS] t_ms=19744 q_pkts=6 q_bytes=9024 qdelay_l_ms=1.06962 qdelay_c_ms=2.18403 ecn_mark=1341 drop=0
[QUEUE_STATS] t_ms=19760 q_pkts=6 q_bytes=9024 qdelay_l_ms=1.06529 qdelay_c_ms=1.87072 ecn_mark=1344 drop=0
[QUEUE_STATS] t_ms=19776 q_pkts=5 q_bytes=7520 qdelay_l_ms=0.029986 qdelay_c_ms=0.854676 ecn_mark=1345 drop=0
[QUEUE_STATS] t_ms=19792 q_pkts=7 q_bytes=10528 qdelay_l_ms=1.07344 qdelay_c_ms=3.22521 ecn_mark=1345 drop=0
[QUEUE_STATS] t_ms=19808 q_pkts=7 q_bytes=10528 qdelay_l_ms=1.07312 qdelay_c_ms=3.26251 ecn_mark=1345 drop=0
[QUEUE_STATS] t_ms=19824 q_pkts=8 q_bytes=12032 qdelay_l_ms=1.02422 qdelay_c_ms=3.21715 ecn_mark=1345 drop=0
[QUEUE_STATS] t_ms=19840 q_pkts=8 q_bytes=12032 qdelay_l_ms=1.04534 qdelay_c_ms=2.92071 ecn_mark=1345 drop=0
[QUEUE_STATS] t_ms=19856 q_pkts=7 q_bytes=10528 qdelay_l_ms=0 qdelay_c_ms=2.19339 ecn_mark=1345 drop=0
[QUEUE_STATS] t_ms=19872 q_pkts=10 q_bytes=15040 qdelay_l_ms=0.805544 qdelay_c_ms=2.95903 ecn_mark=1346 drop=0
[QUEUE_STATS] t_ms=19888 q_pkts=12 q_bytes=18048 qdelay_l_ms=0 qdelay_c_ms=4.32999 ecn_mark=1347 drop=0
[QUEUE_STATS] t_ms=19904 q_pkts=8 q_bytes=12032 qdelay_l_ms=0.035306 qdelay_c_ms=2.72735 ecn_mark=1350 drop=0
[QUEUE_STATS] t_ms=19920 q_pkts=11 q_bytes=16544 qdelay_l_ms=1.10973 qdelay_c_ms=3.25219 ecn_mark=1351 drop=0
[QUEUE_STATS] t_ms=19936 q_pkts=11 q_bytes=16544 qdelay_l_ms=1.08282 qdelay_c_ms=2.96636 ecn_mark=1353 drop=0
[QUEUE_STATS] t_ms=19952 q_pkts=12 q_bytes=18048 qdelay_l_ms=1.02782 qdelay_c_ms=3.96065 ecn_mark=1353 drop=0
[QUEUE_STATS] t_ms=19969 q_pkts=9 q_bytes=13536 qdelay_l_ms=1.06641 qdelay_c_ms=4.05757 ecn_mark=1354 drop=0
[QUEUE_STATS] t_ms=19984 q_pkts=9 q_bytes=13536 qdelay_l_ms=1.05301 qdelay_c_ms=2.90616 ecn_mark=1354 drop=0
[QUEUE_STATS] t_ms=20000 q_pkts=14 q_bytes=21056 qdelay_l_ms=1.05286 qdelay_c_ms=4.32579 ecn_mark=1355 drop=0
[QUEUE_STATS] t_ms=20016 q_pkts=13 q_bytes=19552 qdelay_l_ms=1.10484 qdelay_c_ms=4.49401 ecn_mark=1355 drop=0
[QUEUE_STATS] t_ms=20032 q_pkts=12 q_bytes=18048 qdelay_l_ms=1.05605 qdelay_c_ms=4.04198 ecn_mark=1356 drop=0
[QUEUE_STATS] t_ms=20048 q_pkts=15 q_bytes=22560 qdelay_l_ms=1.04505 qdelay_c_ms=3.64711 ecn_mark=1356 drop=0
[QUEUE_STATS] t_ms=20065 q_pkts=13 q_bytes=19552 qdelay_l_ms=1.09449 qdelay_c_ms=5.07789 ecn_mark=1356 drop=0
[QUEUE_STATS] t_ms=20080 q_pkts=12 q_bytes=18048 qdelay_l_ms=1.06596 qdelay_c_ms=3.95712 ecn_mark=1357 drop=0
[QUEUE_STATS] t_ms=20097 q_pkts=12 q_bytes=18048 qdelay_l_ms=1.09507 qdelay_c_ms=3.61878 ecn_mark=1358 drop=0
[QUEUE_STATS] t_ms=20112 q_pkts=15 q_bytes=22560 qdelay_l_ms=1.08796 qdelay_c_ms=4.42238 ecn_mark=1358 drop=0
[QUEUE_STATS] t_ms=20128 q_pkts=13 q_bytes=19552 qdelay_l_ms=1.03792 qdelay_c_ms=4.979 ecn_mark=1359 drop=0
[QUEUE_STATS] t_ms=20144 q_pkts=14 q_bytes=21056 qdelay_l_ms=1.06177 qdelay_c_ms=5.40182 ecn_mark=1360 drop=0
[QUEUE_STATS] t_ms=20160 q_pkts=15 q_bytes=22560 qdelay_l_ms=0 qdelay_c_ms=5.06167 ecn_mark=1361 drop=0
[QUEUE_STATS] t_ms=20176 q_pkts=10 q_bytes=15040 qdelay_l_ms=0 qdelay_c_ms=3.99017 ecn_mark=1361 drop=0
[QUEUE_STATS] t_ms=20192 q_pkts=14 q_bytes=21056 qdelay_l_ms=1.04602 qdelay_c_ms=4.71574 ecn_mark=1363 drop=0
[QUEUE_STATS] t_ms=20208 q_pkts=15 q_bytes=22560 qdelay_l_ms=0 qdelay_c_ms=5.06208 ecn_mark=1363 drop=0
[QUEUE_STATS] t_ms=20224 q_pkts=17 q_bytes=25568 qdelay_l_ms=1.06622 qdelay_c_ms=5.78666 ecn_mark=1363 drop=0
[QUEUE_STATS] t_ms=20240 q_pkts=17 q_bytes=25568 qdelay_l_ms=1.02719 qdelay_c_ms=5.02476 ecn_mark=1364 drop=0
[QUEUE_STATS] t_ms=20256 q_pkts=16 q_bytes=24064 qdelay_l_ms=0.742726 qdelay_c_ms=4.76656 ecn_mark=1366 drop=0
[QUEUE_STATS] t_ms=20272 q_pkts=17 q_bytes=25568 qdelay_l_ms=1.08477 qdelay_c_ms=5.75895 ecn_mark=1367 drop=0
[QUEUE_STATS] t_ms=20288 q_pkts=18 q_bytes=27072 qdelay_l_ms=1.03143 qdelay_c_ms=6.11679 ecn_mark=1367 drop=0
[QUEUE_STATS] t_ms=20305 q_pkts=17 q_bytes=25568 qdelay_l_ms=1.09336 qdelay_c_ms=5.81098 ecn_mark=1367 drop=0
[QUEUE_STATS] t_ms=20320 q_pkts=17 q_bytes=25568 qdelay_l_ms=1.10313 qdelay_c_ms=6.03987 ecn_mark=1367 drop=0
[QUEUE_STATS] t_ms=20336 q_pkts=18 q_bytes=27072 qdelay_l_ms=1.07769 qdelay_c_ms=6.00273 ecn_mark=1368 drop=0
[QUEUE_STATS] t_ms=20352 q_pkts=17 q_bytes=25568 qdelay_l_ms=1.08849 qdelay_c_ms=6.14085 ecn_mark=1368 drop=0
[QUEUE_STATS] t_ms=20368 q_pkts=19 q_bytes=28576 qdelay_l_ms=1.10326 qdelay_c_ms=6.05227 ecn_mark=1369 drop=0
[QUEUE_STATS] t_ms=20384 q_pkts=18 q_bytes=27072 qdelay_l_ms=0.996352 qdelay_c_ms=5.91345 ecn_mark=1370 drop=0
[QUEUE_STATS] t_ms=20400 q_pkts=18 q_bytes=27072 qdelay_l_ms=1.10561 qdelay_c_ms=6.48582 ecn_mark=1372 drop=0
[QUEUE_STATS] t_ms=20416 q_pkts=19 q_bytes=28576 qdelay_l_ms=0.985743 qdelay_c_ms=6.36399 ecn_mark=1374 drop=0
[QUEUE_STATS] t_ms=20432 q_pkts=20 q_bytes=30080 qdelay_l_ms=1.05827 qdelay_c_ms=6.03319 ecn_mark=1375 drop=0
[QUEUE_STATS] t_ms=20448 q_pkts=19 q_bytes=28576 qdelay_l_ms=1.09335 qdelay_c_ms=6.44388 ecn_mark=1376 drop=0
[QUEUE_STATS] t_ms=20464 q_pkts=15 q_bytes=22560 qdelay_l_ms=0 qdelay_c_ms=4.65125 ecn_mark=1376 drop=0
[QUEUE_STATS] t_ms=20480 q_pkts=18 q_bytes=27072 qdelay_l_ms=1.09187 qdelay_c_ms=6.99069 ecn_mark=1376 drop=0
[QUEUE_STATS] t_ms=20496 q_pkts=19 q_bytes=28576 qdelay_l_ms=1.08876 qdelay_c_ms=6.47925 ecn_mark=1376 drop=0
[QUEUE_STATS] t_ms=20513 q_pkts=20 q_bytes=30080 qdelay_l_ms=1.07098 qdelay_c_ms=6.91453 ecn_mark=1377 drop=0
[QUEUE_STATS] t_ms=20528 q_pkts=17 q_bytes=25568 qdelay_l_ms=0 qdelay_c_ms=5.94564 ecn_mark=1379 drop=0
[QUEUE_STATS] t_ms=20544 q_pkts=22 q_bytes=33088 qdelay_l_ms=1.06541 qdelay_c_ms=7.92401 ecn_mark=1379 drop=0
[QUEUE_STATS] t_ms=20560 q_pkts=22 q_bytes=33088 qdelay_l_ms=0.941118 qdelay_c_ms=6.9343 ecn_mark=1379 drop=0
[QUEUE_STATS] t_ms=20576 q_pkts=23 q_bytes=34592 qdelay_l_ms=1.05032 qdelay_c_ms=7.48692 ecn_mark=1379 drop=0
[QUEUE_STATS] t_ms=20592 q_pkts=22 q_bytes=33088 qdelay_l_ms=1.01879 qdelay_c_ms=7.05878 ecn_mark=1379 drop=0
[QUEUE_STATS] t_ms=20608 q_pkts=23 q_bytes=34592 qdelay_l_ms=0.93116 qdelay_c_ms=7.07115 ecn_mark=1379 drop=0
[QUEUE_STATS] t_ms=20624 q_pkts=22 q_bytes=33088 qdelay_l_ms=1.10149 qdelay_c_ms=7.92726 ecn_mark=1379 drop=0
[QUEUE_STATS] t_ms=20640 q_pkts=24 q_bytes=36096 qdelay_l_ms=1.0829 qdelay_c_ms=7.70818 ecn_mark=1379 drop=0
[QUEUE_STATS] t_ms=20657 q_pkts=23 q_bytes=34592 qdelay_l_ms=1.10041 qdelay_c_ms=9.11939 ecn_mark=1380 drop=0
[QUEUE_STATS] t_ms=20672 q_pkts=25 q_bytes=37600 qdelay_l_ms=1.0542 qdelay_c_ms=9.28892 ecn_mark=1381 drop=0
[QUEUE_STATS] t_ms=20688 q_pkts=25 q_bytes=37600 qdelay_l_ms=0.880044 qdelay_c_ms=7.62911 ecn_mark=1382 drop=0
[QUEUE_STATS] t_ms=20704 q_pkts=25 q_bytes=37600 qdelay_l_ms=0.874193 qdelay_c_ms=8.03543 ecn_mark=1383 drop=0
[QUEUE_STATS] t_ms=20721 q_pkts=24 q_bytes=36096 qdelay_l_ms=1.06517 qdelay_c_ms=8.97478 ecn_mark=1383 drop=0
[QUEUE_STATS] t_ms=20736 q_pkts=27 q_bytes=40608 qdelay_l_ms=1.04953 qdelay_c_ms=7.51007 ecn_mark=1383 drop=0
[QUEUE_STATS] t_ms=20752 q_pkts=24 q_bytes=36096 qdelay_l_ms=1.07716 qdelay_c_ms=9.7963 ecn_mark=1385 drop=0
[QUEUE_STATS] t_ms=20768 q_pkts=25 q_bytes=37600 qdelay_l_ms=1.05679 qdelay_c_ms=9.04397 ecn_mark=1385 drop=0
[QUEUE_STATS] t_ms=20784 q_pkts=25 q_bytes=37600 qdelay_l_ms=1.06619 qdelay_c_ms=9.96071 ecn_mark=1385 drop=0
[QUEUE_STATS] t_ms=20800 q_pkts=25 q_bytes=37600 qdelay_l_ms=1.05848 qdelay_c_ms=9.52044 ecn_mark=1385 drop=0
[QUEUE_STATS] t_ms=20816 q_pkts=29 q_bytes=43616 qdelay_l_ms=1.04883 qdelay_c_ms=10.0968 ecn_mark=1386 drop=0
[QUEUE_STATS] t_ms=20832 q_pkts=28 q_bytes=42112 qdelay_l_ms=0 qdelay_c_ms=10.3771 ecn_mark=1388 drop=0
[QUEUE_STATS] t_ms=20848 q_pkts=26 q_bytes=39104 qdelay_l_ms=1.08813 qdelay_c_ms=10.2858 ecn_mark=1389 drop=0
[QUEUE_STATS] t_ms=20864 q_pkts=29 q_bytes=43616 qdelay_l_ms=1.06103 qdelay_c_ms=9.46573 ecn_mark=1389 drop=0
[QUEUE_STATS] t_ms=20880 q_pkts=23 q_bytes=34592 qdelay_l_ms=1.004 qdelay_c_ms=9.3372 ecn_mark=1390 drop=0
[QUEUE_STATS] t_ms=20896 q_pkts=10 q_bytes=15040 qdelay_l_ms=1.08239 qdelay_c_ms=4.33654 ecn_mark=1392 drop=0
[QUEUE_STATS] t_ms=20912 q_pkts=3 q_bytes=4512 qdelay_l_ms=1.07481 qdelay_c_ms=1.09806 ecn_mark=1394 drop=0
[QUEUE_STATS] t_ms=20928 q_pkts=3 q_bytes=4512 qdelay_l_ms=0.849657 qdelay_c_ms=1.95824 ecn_mark=1394 drop=0
[QUEUE_STATS] t_ms=20944 q_pkts=3 q_bytes=4512 qdelay_l_ms=0 qdelay_c_ms=1.97553 ecn_mark=1394 drop=0
[QUEUE_STATS] t_ms=20960 q_pkts=3 q_bytes=4512 qdelay_l_ms=1.0714 qdelay_c_ms=1.06631 ecn_mark=1394 drop=0
[QUEUE_STATS] t_ms=20976 q_pkts=5 q_bytes=7520 qdelay_l_ms=1.10204 qdelay_c_ms=2.11495 ecn_mark=1394 drop=0
[QUEUE_STATS] t_ms=20992 q_pkts=4 q_bytes=6016 qdelay_l_ms=1.09275 qdelay_c_ms=1.08565 ecn_mark=1396 drop=0
[QUEUE_STATS] t_ms=21008 q_pkts=5 q_bytes=7520 qdelay_l_ms=1.03939 qdelay_c_ms=1.03351 ecn_mark=1396 drop=0
[QUEUE_STATS] t_ms=21024 q_pkts=4 q_bytes=6016 qdelay_l_ms=1.02933 qdelay_c_ms=2.1503 ecn_mark=1398 drop=0
[QUEUE_STATS] t_ms=21040 q_pkts=3 q_bytes=4512 qdelay_l_ms=1.02591 qdelay_c_ms=1.04763 ecn_mark=1398 drop=0
[QUEUE_STATS] t_ms=21056 q_pkts=6 q_bytes=9024 qdelay_l_ms=1.10236 qdelay_c_ms=2.17285 ecn_mark=1398 drop=0
[QUEUE_STATS] t_ms=21072 q_pkts=3 q_bytes=4512 qdelay_l_ms=1.085 qdelay_c_ms=2.13845 ecn_mark=1398 drop=0
[QUEUE_STATS] t_ms=21088 q_pkts=2 q_bytes=3008 qdelay_l_ms=0.030678 qdelay_c_ms=0.023775 ecn_mark=1399 drop=0
[QUEUE_STATS] t_ms=21105 q_pkts=6 q_bytes=9024 qdelay_l_ms=1.06625 qdelay_c_ms=1.87006 ecn_mark=1401 drop=0
[QUEUE_STATS] t_ms=21121 q_pkts=6 q_bytes=9024 qdelay_l_ms=1.07188 qdelay_c_ms=2.20734 ecn_mark=1401 drop=0
[QUEUE_STATS] t_ms=21137 q_pkts=5 q_bytes=7520 qdelay_l_ms=1.06987 qdelay_c_ms=2.0172 ecn_mark=1402 drop=0
[QUEUE_STATS] t_ms=21152 q_pkts=8 q_bytes=12032 qdelay_l_ms=1.12563 qdelay_c_ms=1.11588 ecn_mark=1404 drop=0
[QUEUE_STATS] t_ms=21168 q_pkts=6 q_bytes=9024 qdelay_l_ms=1.07434 qdelay_c_ms=3.16045 ecn_mark=1406 drop=0
[QUEUE_STATS] t_ms=21184 q_pkts=3 q_bytes=4512 qdelay_l_ms=1.06508 qdelay_c_ms=1.09763 ecn_mark=1407 drop=0
[QUEUE_STATS] t_ms=21200 q_pkts=6 q_bytes=9024 qdelay_l_ms=1.06239 qdelay_c_ms=1.05426 ecn_mark=1408 drop=0
[QUEUE_STATS] t_ms=21216 q_pkts=4 q_bytes=6016 qdelay_l_ms=1.0581 qdelay_c_ms=2.0309 ecn_mark=1410 drop=0
[QUEUE_STATS] t_ms=21232 q_pkts=4 q_bytes=6016 qdelay_l_ms=1.05243 qdelay_c_ms=2.14056 ecn_mark=1411 drop=0
[QUEUE_STATS] t_ms=21248 q_pkts=7 q_bytes=10528 qdelay_l_ms=1.10876 qdelay_c_ms=1.10106 ecn_mark=1413 drop=0
[QUEUE_STATS] t_ms=21264 q_pkts=5 q_bytes=7520 qdelay_l_ms=0.969683 qdelay_c_ms=0.964273 ecn_mark=1413 drop=0
[QUEUE_STATS] t_ms=21280 q_pkts=4 q_bytes=6016 qdelay_l_ms=1.0287 qdelay_c_ms=1.05253 ecn_mark=1415 drop=0
[QUEUE_STATS] t_ms=21296 q_pkts=7 q_bytes=10528 qdelay_l_ms=1.03685 qdelay_c_ms=2.17115 ecn_mark=1417 drop=0
[QUEUE_STATS] t_ms=21312 q_pkts=3 q_bytes=4512 qdelay_l_ms=0.968229 qdelay_c_ms=0.962919 ecn_mark=1418 drop=0
[QUEUE_STATS] t_ms=21329 q_pkts=3 q_bytes=4512 qdelay_l_ms=1.0688 qdelay_c_ms=1.06355 ecn_mark=1418 drop=0
[QUEUE_STATS] t_ms=21344 q_pkts=7 q_bytes=10528 qdelay_l_ms=1.05136 qdelay_c_ms=2.14462 ecn_mark=1418 drop=0
[QUEUE_STATS] t_ms=21360 q_pkts=4 q_bytes=6016 qdelay_l_ms=1.09258 qdelay_c_ms=1.08636 ecn_mark=1418 drop=0
[QUEUE_STATS] t_ms=21376 q_pkts=5 q_bytes=7520 qdelay_l_ms=1.09891 qdelay_c_ms=1.09411 ecn_mark=1419 drop=0
[QUEUE_STATS] t_ms=21392 q_pkts=6 q_bytes=9024 qdelay_l_ms=1.07151 qdelay_c_ms=1.3899 ecn_mark=1420 drop=0
[QUEUE_STATS] t_ms=21408 q_pkts=5 q_bytes=7520 qdelay_l_ms=1.06903 qdelay_c_ms=2.17043 ecn_mark=1423 drop=0
[QUEUE_STATS] t_ms=21425 q_pkts=6 q_bytes=9024 qdelay_l_ms=1.07777 qdelay_c_ms=2.16987 ecn_mark=1424 drop=0
[QUEUE_STATS] t_ms=21440 q_pkts=2 q_bytes=3008 qdelay_l_ms=0.041438 qdelay_c_ms=0.032632 ecn_mark=1425 drop=0
[QUEUE_STATS] t_ms=21456 q_pkts=5 q_bytes=7520 qdelay_l_ms=1.0942 qdelay_c_ms=2.13517 ecn_mark=1426 drop=0
[QUEUE_STATS] t_ms=21473 q_pkts=6 q_bytes=9024 qdelay_l_ms=1.08343 qdelay_c_ms=2.17221 ecn_mark=1429 drop=0
[QUEUE_STATS] t_ms=21488 q_pkts=8 q_bytes=12032 qdelay_l_ms=0.916462 qdelay_c_ms=0.951488 ecn_mark=1431 drop=0
[QUEUE_STATS] t_ms=21504 q_pkts=2 q_bytes=3008 qdelay_l_ms=0.013496 qdelay_c_ms=1.06692 ecn_mark=1431 drop=0
[QUEUE_STATS] t_ms=21520 q_pkts=4 q_bytes=6016 qdelay_l_ms=0.032711 qdelay_c_ms=0.924417 ecn_mark=1432 drop=0
[QUEUE_STATS] t_ms=21536 q_pkts=8 q_bytes=12032 qdelay_l_ms=1.11327 qdelay_c_ms=2.07383 ecn_mark=1433 drop=0
[QUEUE_STATS] t_ms=21552 q_pkts=5 q_bytes=7520 qdelay_l_ms=1.02964 qdelay_c_ms=2.13303 ecn_mark=1435 drop=0
[QUEUE_STATS] t_ms=21568 q_pkts=4 q_bytes=6016 qdelay_l_ms=1.06845 qdelay_c_ms=1.06344 ecn_mark=1436 drop=0
[QUEUE_STATS] t_ms=21584 q_pkts=5 q_bytes=7520 qdelay_l_ms=1.06627 qdelay_c_ms=1.41193 ecn_mark=1437 drop=0
[QUEUE_STATS] t_ms=21600 q_pkts=7 q_bytes=10528 qdelay_l_ms=0 qdelay_c_ms=2.99693 ecn_mark=1437 drop=0
[QUEUE_STATS] t_ms=21616 q_pkts=1 q_bytes=1504 qdelay_l_ms=0 qdelay_c_ms=1.10811 ecn_mark=1437 drop=0
[QUEUE_STATS] t_ms=21632 q_pkts=6 q_bytes=9024 qdelay_l_ms=0.940978 qdelay_c_ms=2.01289 ecn_mark=1437 drop=0
[QUEUE_STATS] t_ms=21648 q_pkts=7 q_bytes=10528 qdelay_l_ms=1.03343 qdelay_c_ms=2.89025 ecn_mark=1437 drop=0
[QUEUE_STATS] t_ms=21664 q_pkts=6 q_bytes=9024 qdelay_l_ms=0.923495 qdelay_c_ms=2.93017 ecn_mark=1437 drop=0
[QUEUE_STATS] t_ms=21680 q_pkts=3 q_bytes=4512 qdelay_l_ms=0 qdelay_c_ms=1.15617 ecn_mark=1438 drop=0
[QUEUE_STATS] t_ms=21697 q_pkts=8 q_bytes=12032 qdelay_l_ms=1.07682 qdelay_c_ms=3.00223 ecn_mark=1439 drop=0
[QUEUE_STATS] t_ms=21712 q_pkts=10 q_bytes=15040 qdelay_l_ms=1.04097 qdelay_c_ms=2.60274 ecn_mark=1439 drop=0
[QUEUE_STATS] t_ms=21728 q_pkts=8 q_bytes=12032 qdelay_l_ms=0 qdelay_c_ms=2.52626 ecn_mark=1439 drop=0
[QUEUE_STATS] t_ms=21744 q_pkts=9 q_bytes=13536 qdelay_l_ms=0.93616 qdelay_c_ms=3.14327 ecn_mark=1439 drop=0
[QUEUE_STATS] t_ms=21760 q_pkts=8 q_bytes=12032 qdelay_l_ms=1.04754 qdelay_c_ms=3.27716 ecn_mark=1439 drop=0
[QUEUE_STATS] t_ms=21776 q_pkts=10 q_bytes=15040 qdelay_l_ms=0 qdelay_c_ms=2.52348 ecn_mark=1441 drop=0
[QUEUE_STATS] t_ms=21792 q_pkts=11 q_bytes=16544 qdelay_l_ms=1.10542 qdelay_c_ms=4.13869 ecn_mark=1441 drop=0
[QUEUE_STATS] t_ms=21808 q_pkts=12 q_bytes=18048 qdelay_l_ms=1.08382 qdelay_c_ms=3.11911 ecn_mark=1441 drop=0
[QUEUE_STATS] t_ms=21824 q_pkts=12 q_bytes=18048 qdelay_l_ms=1.07471 qdelay_c_ms=4.11701 ecn_mark=1441 drop=0
[QUEUE_STATS] t_ms=21840 q_pkts=12 q_bytes=18048 qdelay_l_ms=0.978559 qdelay_c_ms=4.84459 ecn_mark=1442 drop=0
[QUEUE_STATS] t_ms=21856 q_pkts=12 q_bytes=18048 qdelay_l_ms=1.10158 qdelay_c_ms=5.12881 ecn_mark=1442 drop=0
[QUEUE_STATS] t_ms=21872 q_pkts=14 q_bytes=21056 qdelay_l_ms=0.905672 qdelay_c_ms=5.1546 ecn_mark=1442 drop=0
[QUEUE_STATS] t_ms=21888 q_pkts=12 q_bytes=18048 qdelay_l_ms=0.910731 qdelay_c_ms=5.11266 ecn_mark=1443 drop=0
[QUEUE_STATS] t_ms=21904 q_pkts=14 q_bytes=21056 qdelay_l_ms=1.08894 qdelay_c_ms=3.71554 ecn_mark=1444 drop=0
[QUEUE_STATS] t_ms=21920 q_pkts=14 q_bytes=21056 qdelay_l_ms=1.0763 qdelay_c_ms=5.23557 ecn_mark=1445 drop=0
[QUEUE_STATS] t_ms=21936 q_pkts=13 q_bytes=19552 qdelay_l_ms=1.10621 qdelay_c_ms=4.92365 ecn_mark=1446 drop=0
[QUEUE_STATS] t_ms=21952 q_pkts=14 q_bytes=21056 qdelay_l_ms=0.874243 qdelay_c_ms=5.05784 ecn_mark=1448 drop=0
[QUEUE_STATS] t_ms=21968 q_pkts=15 q_bytes=22560 qdelay_l_ms=0.852872 qdelay_c_ms=4.71709 ecn_mark=1451 drop=0
[QUEUE_STATS] t_ms=21984 q_pkts=14 q_bytes=21056 qdelay_l_ms=1.0693 qdelay_c_ms=5.20153 ecn_mark=1452 drop=0
[QUEUE_STATS] t_ms=22000 q_pkts=11 q_bytes=16544 qdelay_l_ms=0.039244 qdelay_c_ms=3.71528 ecn_mark=1452 drop=0
[QUEUE_STATS] t_ms=22016 q_pkts=16 q_bytes=24064 qdelay_l_ms=1.1075 qdelay_c_ms=5.99567 ecn_mark=1452 drop=0
[QUEUE_STATS] t_ms=22033 q_pkts=15 q_bytes=22560 qdelay_l_ms=1.05777 qdelay_c_ms=6.20802 ecn_mark=1453 drop=0
[QUEUE_STATS] t_ms=22048 q_pkts=16 q_bytes=24064 qdelay_l_ms=1.04891 qdelay_c_ms=5.79346 ecn_mark=1453 drop=0
[QUEUE_STATS] t_ms=22064 q_pkts=15 q_bytes=22560 qdelay_l_ms=0.032972 qdelay_c_ms=6.01584 ecn_mark=1454 drop=0
[QUEUE_STATS] t_ms=22080 q_pkts=19 q_bytes=28576 qdelay_l_ms=1.0509 qdelay_c_ms=5.89139 ecn_mark=1454 drop=0
[QUEUE_STATS] t_ms=22096 q_pkts=16 q_bytes=24064 qdelay_l_ms=1.07584 qdelay_c_ms=7.413 ecn_mark=1455 drop=0
[QUEUE_STATS] t_ms=22112 q_pkts=19 q_bytes=28576 qdelay_l_ms=1.07636 qdelay_c_ms=5.74779 ecn_mark=1455 drop=0
[QUEUE_STATS] t_ms=22128 q_pkts=15 q_bytes=22560 qdelay_l_ms=0 qdelay_c_ms=6.04174 ecn_mark=1458 drop=0
[QUEUE_STATS] t_ms=22144 q_pkts=17 q_bytes=25568 qdelay_l_ms=0.938744 qdelay_c_ms=6.3436 ecn_mark=1458 drop=0
[QUEUE_STATS] t_ms=22160 q_pkts=20 q_bytes=30080 qdelay_l_ms=0.869344 qdelay_c_ms=7.21996 ecn_mark=1458 drop=0
[QUEUE_STATS] t_ms=22176 q_pkts=16 q_bytes=24064 qdelay_l_ms=0.018284 qdelay_c_ms=5.20198 ecn_mark=1461 drop=0
[QUEUE_STATS] t_ms=22192 q_pkts=20 q_bytes=30080 qdelay_l_ms=1.10792 qdelay_c_ms=7.01685 ecn_mark=1463 drop=0
[QUEUE_STATS] t_ms=22208 q_pkts=21 q_bytes=31584 qdelay_l_ms=1.10863 qdelay_c_ms=7.226 ecn_mark=1465 drop=0
[QUEUE_STATS] t_ms=22225 q_pkts=18 q_bytes=27072 qdelay_l_ms=1.07348 qdelay_c_ms=8.00963 ecn_mark=1465 drop=0
[QUEUE_STATS] t_ms=22240 q_pkts=19 q_bytes=28576 qdelay_l_ms=1.1068 qdelay_c_ms=7.22172 ecn_mark=1465 drop=0
[QUEUE_STATS] t_ms=22256 q_pkts=17 q_bytes=25568 qdelay_l_ms=0 qdelay_c_ms=7.01939 ecn_mark=1465 drop=0
[QUEUE_STATS] t_ms=22272 q_pkts=21 q_bytes=31584 qdelay_l_ms=1.07144 qdelay_c_ms=7.93202 ecn_mark=1467 drop=0
[QUEUE_STATS] t_ms=22288 q_pkts=21 q_bytes=31584 qdelay_l_ms=0.013164 qdelay_c_ms=6.95827 ecn_mark=1467 drop=0
[QUEUE_STATS] t_ms=22304 q_pkts=22 q_bytes=33088 qdelay_l_ms=1.08854 qdelay_c_ms=8.08753 ecn_mark=1469 drop=0
[QUEUE_STATS] t_ms=22320 q_pkts=23 q_bytes=34592 qdelay_l_ms=1.06358 qdelay_c_ms=7.6922 ecn_mark=1471 drop=0
[QUEUE_STATS] t_ms=22337 q_pkts=20 q_bytes=30080 qdelay_l_ms=1.06245 qdelay_c_ms=8.96921 ecn_mark=1471 drop=0
[QUEUE_STATS] t_ms=22352 q_pkts=22 q_bytes=33088 qdelay_l_ms=1.06534 qdelay_c_ms=8.05741 ecn_mark=1473 drop=0
[QUEUE_STATS] t_ms=22368 q_pkts=23 q_bytes=34592 qdelay_l_ms=1.07101 qdelay_c_ms=9.58481 ecn_mark=1473 drop=0
[QUEUE_STATS] t_ms=22384 q_pkts=24 q_bytes=36096 qdelay_l_ms=1.06565 qdelay_c_ms=8.90533 ecn_mark=1473 drop=0
[QUEUE_STATS] t_ms=22400 q_pkts=24 q_bytes=36096 qdelay_l_ms=1.0621 qdelay_c_ms=9.18142 ecn_mark=1475 drop=0
[QUEUE_STATS] t_ms=22417 q_pkts=24 q_bytes=36096 qdelay_l_ms=1.1072 qdelay_c_ms=10.0793 ecn_mark=1476 drop=0
[QUEUE_STATS] t_ms=22432 q_pkts=25 q_bytes=37600 qdelay_l_ms=1.06818 qdelay_c_ms=9.08708 ecn_mark=1477 drop=0
[QUEUE_STATS] t_ms=22448 q_pkts=25 q_bytes=37600 qdelay_l_ms=1.04675 qdelay_c_ms=10.1521 ecn_mark=1478 drop=0
[QUEUE_STATS] t_ms=22464 q_pkts=24 q_bytes=36096 qdelay_l_ms=1.07855 qdelay_c_ms=9.81237 ecn_mark=1481 drop=0
[QUEUE_STATS] t_ms=22480 q_pkts=26 q_bytes=39104 qdelay_l_ms=1.04452 qdelay_c_ms=9.15748 ecn_mark=1482 drop=0
[QUEUE_STATS] t_ms=22496 q_pkts=24 q_bytes=36096 qdelay_l_ms=1.05799 qdelay_c_ms=9.07329 ecn_mark=1484 drop=0
[QUEUE_STATS] t_ms=22512 q_pkts=24 q_bytes=36096 qdelay_l_ms=1.0202 qdelay_c_ms=10.3676 ecn_mark=1484 drop=0
[QUEUE_STATS] t_ms=22528 q_pkts=26 q_bytes=39104 qdelay_l_ms=1.10237 qdelay_c_ms=9.16535 ecn_mark=1486 drop=0
[QUEUE_STATS] t_ms=22544 q_pkts=25 q_bytes=37600 qdelay_l_ms=1.05167 qdelay_c_ms=9.95164 ecn_mark=1487 drop=0
[QUEUE_STATS] t_ms=22560 q_pkts=26 q_bytes=39104 qdelay_l_ms=1.06665 qdelay_c_ms=9.80682 ecn_mark=1487 drop=0
[QUEUE_STATS] t_ms=22576 q_pkts=27 q_bytes=40608 qdelay_l_ms=1.0936 qdelay_c_ms=8.82167 ecn_mark=1489 drop=0
[QUEUE_STATS] t_ms=22592 q_pkts=27 q_bytes=40608 qdelay_l_ms=1.06585 qdelay_c_ms=10.2843 ecn_mark=1491 drop=0
[QUEUE_STATS] t_ms=22608 q_pkts=25 q_bytes=37600 qdelay_l_ms=1.03374 qdelay_c_ms=9.94207 ecn_mark=1493 drop=0
[QUEUE_STATS] t_ms=22624 q_pkts=26 q_bytes=39104 qdelay_l_ms=1.06573 qdelay_c_ms=9.88648 ecn_mark=1495 drop=0
[QUEUE_STATS] t_ms=22640 q_pkts=22 q_bytes=33088 qdelay_l_ms=0 qdelay_c_ms=8.06401 ecn_mark=1496 drop=0
[QUEUE_STATS] t_ms=22656 q_pkts=25 q_bytes=37600 qdelay_l_ms=1.08754 qdelay_c_ms=10.7232 ecn_mark=1496 drop=0
[QUEUE_STATS] t_ms=22672 q_pkts=24 q_bytes=36096 qdelay_l_ms=0.032451 qdelay_c_ms=8.84112 ecn_mark=1496 drop=0
[QUEUE_STATS] t_ms=22688 q_pkts=26 q_bytes=39104 qdelay_l_ms=0.880575 qdelay_c_ms=9.65713 ecn_mark=1497 drop=0
[QUEUE_STATS] t_ms=22705 q_pkts=27 q_bytes=40608 qdelay_l_ms=1.07039 qdelay_c_ms=9.74775 ecn_mark=1498 drop=0
[QUEUE_STATS] t_ms=22720 q_pkts=27 q_bytes=40608 qdelay_l_ms=1.07058 qdelay_c_ms=8.89791 ecn_mark=1499 drop=0
[QUEUE_STATS] t_ms=22736 q_pkts=28 q_bytes=42112 qdelay_l_ms=1.02198 qdelay_c_ms=10.0175 ecn_mark=1500 drop=0
[QUEUE_STATS] t_ms=22752 q_pkts=27 q_bytes=40608 qdelay_l_ms=1.07655 qdelay_c_ms=9.80354 ecn_mark=1500 drop=0
[QUEUE_STATS] t_ms=22768 q_pkts=25 q_bytes=37600 qdelay_l_ms=0.865757 qdelay_c_ms=8.86567 ecn_mark=1502 drop=0
[QUEUE_STATS] t_ms=22784 q_pkts=27 q_bytes=40608 qdelay_l_ms=1.09658 qdelay_c_ms=10.6906 ecn_mark=1502 drop=0
[QUEUE_STATS] t_ms=22800 q_pkts=27 q_bytes=40608 qdelay_l_ms=0.855769 qdelay_c_ms=10.9348 ecn_mark=1503 drop=0
[QUEUE_STATS] t_ms=22816 q_pkts=27 q_bytes=40608 qdelay_l_ms=1.09117 qdelay_c_ms=9.93236 ecn_mark=1503 drop=0
[QUEUE_STATS] t_ms=22832 q_pkts=28 q_bytes=42112 qdelay_l_ms=0.859346 qdelay_c_ms=12.2553 ecn_mark=1504 drop=0
[QUEUE_STATS] t_ms=22848 q_pkts=28 q_bytes=42112 qdelay_l_ms=1.02803 qdelay_c_ms=10.0515 ecn_mark=1505 drop=0
[QUEUE_STATS] t_ms=22864 q_pkts=25 q_bytes=37600 qdelay_l_ms=0.028914 qdelay_c_ms=9.19715 ecn_mark=1505 drop=0
[QUEUE_STATS] t_ms=22880 q_pkts=26 q_bytes=39104 qdelay_l_ms=1.08553 qdelay_c_ms=11.2758 ecn_mark=1508 drop=0
[QUEUE_STATS] t_ms=22897 q_pkts=29 q_bytes=43616 qdelay_l_ms=1.10621 qdelay_c_ms=10.2483 ecn_mark=1509 drop=0
[QUEUE_STATS] t_ms=22912 q_pkts=29 q_bytes=43616 qdelay_l_ms=1.05758 qdelay_c_ms=10.6121 ecn_mark=1509 drop=0
[QUEUE_STATS] t_ms=22928 q_pkts=25 q_bytes=37600 qdelay_l_ms=0 qdelay_c_ms=10.046 ecn_mark=1509 drop=0
[QUEUE_STATS] t_ms=22944 q_pkts=29 q_bytes=43616 qdelay_l_ms=1.09917 qdelay_c_ms=9.91291 ecn_mark=1512 drop=0
[QUEUE_STATS] t_ms=22960 q_pkts=28 q_bytes=42112 qdelay_l_ms=1.07665 qdelay_c_ms=11.0967 ecn_mark=1512 drop=0
[QUEUE_STATS] t_ms=22976 q_pkts=27 q_bytes=40608 qdelay_l_ms=0 qdelay_c_ms=8.92792 ecn_mark=1513 drop=0
[QUEUE_STATS] t_ms=22992 q_pkts=28 q_bytes=42112 qdelay_l_ms=1.07141 qdelay_c_ms=10.9773 ecn_mark=1514 drop=0
[QUEUE_STATS] t_ms=23008 q_pkts=29 q_bytes=43616 qdelay_l_ms=0.935007 qdelay_c_ms=11.0819 ecn_mark=1515 drop=0
[QUEUE_STATS] t_ms=23024 q_pkts=28 q_bytes=42112 qdelay_l_ms=0 qdelay_c_ms=10.0088 ecn_mark=1516 drop=0
[QUEUE_STATS] t_ms=23040 q_pkts=30 q_bytes=45120 qdelay_l_ms=1.09242 qdelay_c_ms=11.3049 ecn_mark=1517 drop=0
[QUEUE_STATS] t_ms=23056 q_pkts=31 q_bytes=46624 qdelay_l_ms=1.10108 qdelay_c_ms=11.1679 ecn_mark=1518 drop=0
[QUEUE_STATS] t_ms=23073 q_pkts=31 q_bytes=46624 qdelay_l_ms=1.07181 qdelay_c_ms=11.9057 ecn_mark=1518 drop=0
[QUEUE_STATS] t_ms=23088 q_pkts=28 q_bytes=42112 qdelay_l_ms=1.07677 qdelay_c_ms=11.3484 ecn_mark=1521 drop=0
[QUEUE_STATS] t_ms=23104 q_pkts=29 q_bytes=43616 qdelay_l_ms=0.894461 qdelay_c_ms=12.1493 ecn_mark=1521 drop=0
[QUEUE_STATS] t_ms=23120 q_pkts=32 q_bytes=48128 qdelay_l_ms=0 qdelay_c_ms=12.8232 ecn_mark=1522 drop=0
[QUEUE_STATS] t_ms=23136 q_pkts=27 q_bytes=40608 qdelay_l_ms=1.02743 qdelay_c_ms=11.0443 ecn_mark=1524 drop=0
[QUEUE_STATS] t_ms=23152 q_pkts=31 q_bytes=46624 qdelay_l_ms=1.0612 qdelay_c_ms=11.1794 ecn_mark=1525 drop=0
[QUEUE_STATS] t_ms=23168 q_pkts=31 q_bytes=46624 qdelay_l_ms=1.06116 qdelay_c_ms=11.1132 ecn_mark=1525 drop=0
[QUEUE_STATS] t_ms=23184 q_pkts=31 q_bytes=46624 qdelay_l_ms=1.04042 qdelay_c_ms=12.1686 ecn_mark=1525 drop=0
[QUEUE_STATS] t_ms=23200 q_pkts=30 q_bytes=45120 qdelay_l_ms=1.07129 qdelay_c_ms=11.7915 ecn_mark=1526 drop=0
[QUEUE_STATS] t_ms=23217 q_pkts=30 q_bytes=45120 qdelay_l_ms=1.07468 qdelay_c_ms=10.9004 ecn_mark=1527 drop=0
[QUEUE_STATS] t_ms=23232 q_pkts=29 q_bytes=43616 qdelay_l_ms=1.04924 qdelay_c_ms=11.8912 ecn_mark=1527 drop=0
[QUEUE_STATS] t_ms=23249 q_pkts=29 q_bytes=43616 qdelay_l_ms=0 qdelay_c_ms=12.1913 ecn_mark=1527 drop=0
[QUEUE_STATS] t_ms=23264 q_pkts=30 q_bytes=45120 qdelay_l_ms=1.05538 qdelay_c_ms=12.156 ecn_mark=1528 drop=0
[QUEUE_STATS] t_ms=23280 q_pkts=31 q_bytes=46624 qdelay_l_ms=0.874023 qdelay_c_ms=12.5248 ecn_mark=1529 drop=0
[QUEUE_STATS] t_ms=23296 q_pkts=31 q_bytes=46624 qdelay_l_ms=0 qdelay_c_ms=11.9552 ecn_mark=1529 drop=0
[QUEUE_STATS] t_ms=23312 q_pkts=31 q_bytes=46624 qdelay_l_ms=1.06264 qdelay_c_ms=12.8011 ecn_mark=1530 drop=0
[QUEUE_STATS] t_ms=23328 q_pkts=32 q_bytes=48128 qdelay_l_ms=1.06464 qdelay_c_ms=13.2079 ecn_mark=1530 drop=0
[QUEUE_STATS] t_ms=23344 q_pkts=30 q_bytes=45120 qdelay_l_ms=1.08412 qdelay_c_ms=11.0244 ecn_mark=1532 drop=0
[QUEUE_STATS] t_ms=23360 q_pkts=31 q_bytes=46624 qdelay_l_ms=1.06513 qdelay_c_ms=12.0026 ecn_mark=1532 drop=0
[QUEUE_STATS] t_ms=23376 q_pkts=27 q_bytes=40608 qdelay_l_ms=0 qdelay_c_ms=11.0167 ecn_mark=1533 drop=0
[QUEUE_STATS] t_ms=23393 q_pkts=34 q_bytes=51136 qdelay_l_ms=1.03835 qdelay_c_ms=12.9733 ecn_mark=1533 drop=0
[QUEUE_STATS] t_ms=23408 q_pkts=32 q_bytes=48128 qdelay_l_ms=1.08553 qdelay_c_ms=13.49 ecn_mark=1533 drop=0
[QUEUE_STATS] t_ms=23425 q_pkts=33 q_bytes=49632 qdelay_l_ms=1.11261 qdelay_c_ms=11.8784 ecn_mark=1534 drop=0
[QUEUE_STATS] t_ms=23440 q_pkts=32 q_bytes=48128 qdelay_l_ms=1.07332 qdelay_c_ms=12.9546 ecn_mark=1534 drop=0
[QUEUE_STATS] t_ms=23457 q_pkts=34 q_bytes=51136 qdelay_l_ms=1.07156 qdelay_c_ms=12.0049 ecn_mark=1534 drop=0
[QUEUE_STATS] t_ms=23472 q_pkts=33 q_bytes=49632 qdelay_l_ms=0.863453 qdelay_c_ms=12.1373 ecn_mark=1535 drop=0
[QUEUE_STATS] t_ms=23488 q_pkts=31 q_bytes=46624 qdelay_l_ms=1.08906 qdelay_c_ms=13.1779 ecn_mark=1536 drop=0
[QUEUE_STATS] t_ms=23504 q_pkts=33 q_bytes=49632 qdelay_l_ms=1.06587 qdelay_c_ms=12.6194 ecn_mark=1536 drop=0
[QUEUE_STATS] t_ms=23520 q_pkts=34 q_bytes=51136 qdelay_l_ms=1.10861 qdelay_c_ms=13.1212 ecn_mark=1538 drop=0
[QUEUE_STATS] t_ms=23536 q_pkts=35 q_bytes=52640 qdelay_l_ms=1.065 qdelay_c_ms=14.1347 ecn_mark=1539 drop=0
[QUEUE_STATS] t_ms=23553 q_pkts=35 q_bytes=52640 qdelay_l_ms=1.05754 qdelay_c_ms=13.1313 ecn_mark=1540 drop=0
[QUEUE_STATS] t_ms=23568 q_pkts=35 q_bytes=52640 qdelay_l_ms=1.10611 qdelay_c_ms=13.3431 ecn_mark=1540 drop=0
[QUEUE_STATS] t_ms=23584 q_pkts=35 q_bytes=52640 qdelay_l_ms=1.01649 qdelay_c_ms=14.4191 ecn_mark=1540 drop=0
[QUEUE_STATS] t_ms=23601 q_pkts=34 q_bytes=51136 qdelay_l_ms=0 qdelay_c_ms=13.0469 ecn_mark=1541 drop=0
[QUEUE_STATS] t_ms=23616 q_pkts=33 q_bytes=49632 qdelay_l_ms=0.876347 qdelay_c_ms=13.894 ecn_mark=1542 drop=0
[QUEUE_STATS] t_ms=23633 q_pkts=35 q_bytes=52640 qdelay_l_ms=1.05079 qdelay_c_ms=13.6621 ecn_mark=1543 drop=0
[QUEUE_STATS] t_ms=23649 q_pkts=35 q_bytes=52640 qdelay_l_ms=1.08565 qdelay_c_ms=13.0299 ecn_mark=1544 drop=0
[QUEUE_STATS] t_ms=23664 q_pkts=32 q_bytes=48128 qdelay_l_ms=0 qdelay_c_ms=13.1496 ecn_mark=1545 drop=0
[QUEUE_STATS] t_ms=23680 q_pkts=35 q_bytes=52640 qdelay_l_ms=1.08425 qdelay_c_ms=13.8691 ecn_mark=1545 drop=0
[QUEUE_STATS] t_ms=23696 q_pkts=34 q_bytes=51136 qdelay_l_ms=1.08464 qdelay_c_ms=12.7361 ecn_mark=1546 drop=0
[QUEUE_STATS] t_ms=23712 q_pkts=34 q_bytes=51136 qdelay_l_ms=1.07321 qdelay_c_ms=14.235 ecn_mark=1547 drop=0
[QUEUE_STATS] t_ms=23728 q_pkts=33 q_bytes=49632 qdelay_l_ms=0.012724 qdelay_c_ms=12.058 ecn_mark=1547 drop=0
[QUEUE_STATS] t_ms=23744 q_pkts=32 q_bytes=48128 qdelay_l_ms=0 qdelay_c_ms=11.979 ecn_mark=1547 drop=0
[QUEUE_STATS] t_ms=23760 q_pkts=34 q_bytes=51136 qdelay_l_ms=1.08384 qdelay_c_ms=14.1278 ecn_mark=1547 drop=0
[QUEUE_STATS] t_ms=23776 q_pkts=38 q_bytes=57152 qdelay_l_ms=0 qdelay_c_ms=14.0984 ecn_mark=1547 drop=0
[QUEUE_STATS] t_ms=23792 q_pkts=36 q_bytes=54144 qdelay_l_ms=1.02938 qdelay_c_ms=14.707 ecn_mark=1548 drop=0
[QUEUE_STATS] t_ms=23808 q_pkts=37 q_bytes=55648 qdelay_l_ms=1.06624 qdelay_c_ms=15.1379 ecn_mark=1549 drop=0
[QUEUE_STATS] t_ms=23824 q_pkts=35 q_bytes=52640 qdelay_l_ms=0 qdelay_c_ms=14.103 ecn_mark=1550 drop=0
[QUEUE_STATS] t_ms=23840 q_pkts=35 q_bytes=52640 qdelay_l_ms=1.06186 qdelay_c_ms=13.8754 ecn_mark=1551 drop=0
[QUEUE_STATS] t_ms=23856 q_pkts=37 q_bytes=55648 qdelay_l_ms=1.10143 qdelay_c_ms=14.8075 ecn_mark=1552 drop=0
[QUEUE_STATS] t_ms=23873 q_pkts=36 q_bytes=54144 qdelay_l_ms=1.07993 qdelay_c_ms=12.8212 ecn_mark=1553 drop=0
[QUEUE_STATS] t_ms=23888 q_pkts=37 q_bytes=55648 qdelay_l_ms=1.06216 qdelay_c_ms=14.0019 ecn_mark=1556 drop=0
[QUEUE_STATS] t_ms=23904 q_pkts=37 q_bytes=55648 qdelay_l_ms=1.04363 qdelay_c_ms=14.7981 ecn_mark=1556 drop=0
[QUEUE_STATS] t_ms=23920 q_pkts=38 q_bytes=57152 qdelay_l_ms=1.06207 qdelay_c_ms=13.9931 ecn_mark=1556 drop=0
[QUEUE_STATS] t_ms=23936 q_pkts=39 q_bytes=58656 qdelay_l_ms=1.04394 qdelay_c_ms=15.4374 ecn_mark=1556 drop=0
[QUEUE_STATS] t_ms=23952 q_pkts=37 q_bytes=55648 qdelay_l_ms=1.08146 qdelay_c_ms=14.8246 ecn_mark=1558 drop=0
[QUEUE_STATS] t_ms=23968 q_pkts=35 q_bytes=52640 qdelay_l_ms=0 qdelay_c_ms=13.5775 ecn_mark=1559 drop=0
[QUEUE_STATS] t_ms=23984 q_pkts=39 q_bytes=58656 qdelay_l_ms=1.06833 qdelay_c_ms=14.732 ecn_mark=1560 drop=0
[QUEUE_STATS] t_ms=24000 q_pkts=38 q_bytes=57152 qdelay_l_ms=1.06586 qdelay_c_ms=15.9521 ecn_mark=1563 drop=0
[QUEUE_STATS] t_ms=24016 q_pkts=39 q_bytes=58656 qdelay_l_ms=1.06651 qdelay_c_ms=14.9405 ecn_mark=1563 drop=0
[QUEUE_STATS] t_ms=24033 q_pkts=36 q_bytes=54144 qdelay_l_ms=0 qdelay_c_ms=14.9718 ecn_mark=1565 drop=0
[QUEUE_STATS] t_ms=24048 q_pkts=38 q_bytes=57152 qdelay_l_ms=1.06573 qdelay_c_ms=15.8998 ecn_mark=1565 drop=0
[QUEUE_STATS] t_ms=24064 q_pkts=37 q_bytes=55648 qdelay_l_ms=1.08908 qdelay_c_ms=15.2343 ecn_mark=1566 drop=0
[QUEUE_STATS] t_ms=24080 q_pkts=38 q_bytes=57152 qdelay_l_ms=1.07862 qdelay_c_ms=14.9989 ecn_mark=1569 drop=0
[QUEUE_STATS] t_ms=24096 q_pkts=40 q_bytes=60160 qdelay_l_ms=1.0741 qdelay_c_ms=16.2438 ecn_mark=1569 drop=0
[QUEUE_STATS] t_ms=24113 q_pkts=38 q_bytes=57152 qdelay_l_ms=1.06842 qdelay_c_ms=15.1836 ecn_mark=1569 drop=0
[QUEUE_STATS] t_ms=24128 q_pkts=40 q_bytes=60160 qdelay_l_ms=1.08587 qdelay_c_ms=15.1087 ecn_mark=1570 drop=0
[QUEUE_STATS] t_ms=24144 q_pkts=39 q_bytes=58656 qdelay_l_ms=1.1038 qdelay_c_ms=16.0001 ecn_mark=1570 drop=0
[QUEUE_STATS] t_ms=24160 q_pkts=37 q_bytes=55648 qdelay_l_ms=1.08255 qdelay_c_ms=14.2724 ecn_mark=1572 drop=0
[QUEUE_STATS] t_ms=24176 q_pkts=40 q_bytes=60160 qdelay_l_ms=1.09895 qdelay_c_ms=16.0237 ecn_mark=1572 drop=0
[QUEUE_STATS] t_ms=24192 q_pkts=39 q_bytes=58656 qdelay_l_ms=0.802479 qdelay_c_ms=15.9202 ecn_mark=1572 drop=0
[QUEUE_STATS] t_ms=24208 q_pkts=40 q_bytes=60160 qdelay_l_ms=1.06212 qdelay_c_ms=16.0683 ecn_mark=1572 drop=0
[QUEUE_STATS] t_ms=24224 q_pkts=40 q_bytes=60160 qdelay_l_ms=1.10534 qdelay_c_ms=15.853 ecn_mark=1572 drop=0
[QUEUE_STATS] t_ms=24241 q_pkts=40 q_bytes=60160 qdelay_l_ms=1.08121 qdelay_c_ms=15.8179 ecn_mark=1574 drop=0
[QUEUE_STATS] t_ms=24256 q_pkts=38 q_bytes=57152 qdelay_l_ms=0.039665 qdelay_c_ms=14.9697 ecn_mark=1576 drop=0
[QUEUE_STATS] t_ms=24272 q_pkts=42 q_bytes=63168 qdelay_l_ms=0.841833 qdelay_c_ms=16.2856 ecn_mark=1577 drop=0
[QUEUE_STATS] t_ms=24288 q_pkts=42 q_bytes=63168 qdelay_l_ms=0.82991 qdelay_c_ms=16.6523 ecn_mark=1581 drop=0
[QUEUE_STATS] t_ms=24304 q_pkts=41 q_bytes=61664 qdelay_l_ms=1.07291 qdelay_c_ms=16.88 ecn_mark=1581 drop=0
[QUEUE_STATS] t_ms=24320 q_pkts=42 q_bytes=63168 qdelay_l_ms=1.07957 qdelay_c_ms=18.0096 ecn_mark=1584 drop=0
[QUEUE_STATS] t_ms=24336 q_pkts=33 q_bytes=49632 qdelay_l_ms=1.08328 qdelay_c_ms=15.7645 ecn_mark=1585 drop=0
[QUEUE_STATS] t_ms=24352 q_pkts=22 q_bytes=33088 qdelay_l_ms=1.07839 qdelay_c_ms=12.2218 ecn_mark=1587 drop=0
[QUEUE_STATS] t_ms=24368 q_pkts=10 q_bytes=15040 qdelay_l_ms=1.08676 qdelay_c_ms=6.02533 ecn_mark=1587 drop=0
[QUEUE_STATS] t_ms=24384 q_pkts=6 q_bytes=9024 qdelay_l_ms=1.04728 qdelay_c_ms=1.0417 ecn_mark=1588 drop=0
[QUEUE_STATS] t_ms=24400 q_pkts=6 q_bytes=9024 qdelay_l_ms=1.10506 qdelay_c_ms=3.24708 ecn_mark=1589 drop=0
[QUEUE_STATS] t_ms=24416 q_pkts=8 q_bytes=12032 qdelay_l_ms=0 qdelay_c_ms=3.21091 ecn_mark=1591 drop=0
[QUEUE_STATS] t_ms=24432 q_pkts=4 q_bytes=6016 qdelay_l_ms=1.08379 qdelay_c_ms=2.14759 ecn_mark=1592 drop=0
[QUEUE_STATS] t_ms=24448 q_pkts=1 q_bytes=1504 qdelay_l_ms=0.016261 qdelay_c_ms=0 ecn_mark=1593 drop=0
[QUEUE_STATS] t_ms=24464 q_pkts=3 q_bytes=4512 qdelay_l_ms=1.08467 qdelay_c_ms=2.14503 ecn_mark=1595 drop=0
[QUEUE_STATS] t_ms=24480 q_pkts=5 q_bytes=7520 qdelay_l_ms=1.09827 qdelay_c_ms=2.14374 ecn_mark=1595 drop=0
[QUEUE_STATS] t_ms=24496 q_pkts=5 q_bytes=7520 qdelay_l_ms=1.05899 qdelay_c_ms=2.12899 ecn_mark=1596 drop=0
[QUEUE_STATS] t_ms=24512 q_pkts=5 q_bytes=7520 qdelay_l_ms=1.09749 qdelay_c_ms=1.09222 ecn_mark=1598 drop=0
[QUEUE_STATS] t_ms=24528 q_pkts=4 q_bytes=6016 qdelay_l_ms=0.030788 qdelay_c_ms=2.17533 ecn_mark=1598 drop=0
[QUEUE_STATS] t_ms=24544 q_pkts=7 q_bytes=10528 qdelay_l_ms=1.09279 qdelay_c_ms=2.18645 ecn_mark=1598 drop=0
[QUEUE_STATS] t_ms=24560 q_pkts=7 q_bytes=10528 qdelay_l_ms=1.08489 qdelay_c_ms=2.14829 ecn_mark=1599 drop=0
[QUEUE_STATS] t_ms=24576 q_pkts=6 q_bytes=9024 qdelay_l_ms=1.10374 qdelay_c_ms=1.08884 ecn_mark=1600 drop=0
[QUEUE_STATS] t_ms=24592 q_pkts=6 q_bytes=9024 qdelay_l_ms=0 qdelay_c_ms=1.62612 ecn_mark=1600 drop=0
[QUEUE_STATS] t_ms=24608 q_pkts=5 q_bytes=7520 qdelay_l_ms=1.06064 qdelay_c_ms=1.09841 ecn_mark=1601 drop=0
[QUEUE_STATS] t_ms=24624 q_pkts=6 q_bytes=9024 qdelay_l_ms=1.08534 qdelay_c_ms=2.44699 ecn_mark=1601 drop=0
[QUEUE_STATS] t_ms=24640 q_pkts=9 q_bytes=13536 qdelay_l_ms=1.0411 qdelay_c_ms=3.22645 ecn_mark=1602 drop=0
[QUEUE_STATS] t_ms=24656 q_pkts=5 q_bytes=7520 qdelay_l_ms=1.10025 qdelay_c_ms=2.16135 ecn_mark=1603 drop=0
[QUEUE_STATS] t_ms=24672 q_pkts=2 q_bytes=3008 qdelay_l_ms=0.012945 qdelay_c_ms=1.09565 ecn_mark=1603 drop=0
[QUEUE_STATS] t_ms=24688 q_pkts=8 q_bytes=12032 qdelay_l_ms=1.07764 qdelay_c_ms=2.76042 ecn_mark=1603 drop=0
[QUEUE_STATS] t_ms=24704 q_pkts=7 q_bytes=10528 qdelay_l_ms=1.03791 qdelay_c_ms=2.11607 ecn_mark=1605 drop=0
[QUEUE_STATS] t_ms=24720 q_pkts=6 q_bytes=9024 qdelay_l_ms=1.06395 qdelay_c_ms=3.23555 ecn_mark=1606 drop=0
[QUEUE_STATS] t_ms=24736 q_pkts=9 q_bytes=13536 qdelay_l_ms=1.07112 qdelay_c_ms=2.71794 ecn_mark=1608 drop=0
[QUEUE_STATS] t_ms=24752 q_pkts=8 q_bytes=12032 qdelay_l_ms=1.08811 qdelay_c_ms=3.27286 ecn_mark=1608 drop=0
[QUEUE_STATS] t_ms=24768 q_pkts=7 q_bytes=10528 qdelay_l_ms=0.820542 qdelay_c_ms=2.99416 ecn_mark=1610 drop=0
[QUEUE_STATS] t_ms=24784 q_pkts=9 q_bytes=13536 qdelay_l_ms=1.09258 qdelay_c_ms=3.23518 ecn_mark=1611 drop=0
[QUEUE_STATS] t_ms=24800 q_pkts=11 q_bytes=16544 qdelay_l_ms=1.07475 qdelay_c_ms=4.05309 ecn_mark=1611 drop=0
[QUEUE_STATS] t_ms=24816 q_pkts=6 q_bytes=9024 qdelay_l_ms=0 qdelay_c_ms=2.53871 ecn_mark=1612 drop=0
[QUEUE_STATS] t_ms=24832 q_pkts=10 q_bytes=15040 qdelay_l_ms=1.09111 qdelay_c_ms=3.55441 ecn_mark=1614 drop=0
[QUEUE_STATS] t_ms=24848 q_pkts=12 q_bytes=18048 qdelay_l_ms=1.08853 qdelay_c_ms=4.33631 ecn_mark=1614 drop=0
[QUEUE_STATS] t_ms=24864 q_pkts=10 q_bytes=15040 qdelay_l_ms=1.08801 qdelay_c_ms=4.12591 ecn_mark=1616 drop=0
[QUEUE_STATS] t_ms=24880 q_pkts=7 q_bytes=10528 qdelay_l_ms=0 qdelay_c_ms=2.50462 ecn_mark=1616 drop=0
[QUEUE_STATS] t_ms=24896 q_pkts=14 q_bytes=21056 qdelay_l_ms=1.09504 qdelay_c_ms=5.19676 ecn_mark=1617 drop=0
[QUEUE_STATS] t_ms=24912 q_pkts=11 q_bytes=16544 qdelay_l_ms=0.837925 qdelay_c_ms=4.93138 ecn_mark=1619 drop=0
[QUEUE_STATS] t_ms=24928 q_pkts=12 q_bytes=18048 qdelay_l_ms=0.875175 qdelay_c_ms=4.12033 ecn_mark=1620 drop=0
[QUEUE_STATS] t_ms=24944 q_pkts=14 q_bytes=21056 qdelay_l_ms=1.08629 qdelay_c_ms=5.43501 ecn_mark=1620 drop=0
[QUEUE_STATS] t_ms=24960 q_pkts=10 q_bytes=15040 qdelay_l_ms=1.09385 qdelay_c_ms=4.92 ecn_mark=1620 drop=0
[QUEUE_STATS] t_ms=24976 q_pkts=13 q_bytes=19552 qdelay_l_ms=1.02072 qdelay_c_ms=4.58636 ecn_mark=1623 drop=0
[QUEUE_STATS] t_ms=24992 q_pkts=14 q_bytes=21056 qdelay_l_ms=0 qdelay_c_ms=4.91638 ecn_mark=1624 drop=0
[QUEUE_STATS] t_ms=25008 q_pkts=13 q_bytes=19552 qdelay_l_ms=1.05628 qdelay_c_ms=5.38816 ecn_mark=1626 drop=0
[QUEUE_STATS] t_ms=25024 q_pkts=15 q_bytes=22560 qdelay_l_ms=0.013987 qdelay_c_ms=4.19026 ecn_mark=1626 drop=0
[QUEUE_STATS] t_ms=25040 q_pkts=14 q_bytes=21056 qdelay_l_ms=1.02357 qdelay_c_ms=5.92759 ecn_mark=1627 drop=0
[QUEUE_STATS] t_ms=25056 q_pkts=14 q_bytes=21056 qdelay_l_ms=1.0673 qdelay_c_ms=5.40956 ecn_mark=1628 drop=0
[QUEUE_STATS] t_ms=25072 q_pkts=14 q_bytes=21056 qdelay_l_ms=1.09727 qdelay_c_ms=4.92417 ecn_mark=1628 drop=0
[QUEUE_STATS] t_ms=25088 q_pkts=15 q_bytes=22560 qdelay_l_ms=1.07854 qdelay_c_ms=6.02918 ecn_mark=1630 drop=0
[QUEUE_STATS] t_ms=25104 q_pkts=14 q_bytes=21056 qdelay_l_ms=1.07502 qdelay_c_ms=6.01485 ecn_mark=1630 drop=0
[QUEUE_STATS] t_ms=25120 q_pkts=18 q_bytes=27072 qdelay_l_ms=0.855147 qdelay_c_ms=4.95071 ecn_mark=1632 drop=0
[QUEUE_STATS] t_ms=25136 q_pkts=18 q_bytes=27072 qdelay_l_ms=1.09068 qdelay_c_ms=7.10953 ecn_mark=1632 drop=0
[QUEUE_STATS] t_ms=25152 q_pkts=16 q_bytes=24064 qdelay_l_ms=1.04906 qdelay_c_ms=5.98878 ecn_mark=1632 drop=0
[QUEUE_STATS] t_ms=25168 q_pkts=18 q_bytes=27072 qdelay_l_ms=1.0799 qdelay_c_ms=6.26412 ecn_mark=1633 drop=0
[QUEUE_STATS] t_ms=25184 q_pkts=20 q_bytes=30080 qdelay_l_ms=1.09633 qdelay_c_ms=6.78799 ecn_mark=1633 drop=0
[QUEUE_STATS] t_ms=25200 q_pkts=16 q_bytes=24064 qdelay_l_ms=1.08567 qdelay_c_ms=6.82456 ecn_mark=1633 drop=0
[QUEUE_STATS] t_ms=25216 q_pkts=18 q_bytes=27072 qdelay_l_ms=1.0878 qdelay_c_ms=7.02499 ecn_mark=1634 drop=0
[QUEUE_STATS] t_ms=25232 q_pkts=18 q_bytes=27072 qdelay_l_ms=1.08364 qdelay_c_ms=6.83167 ecn_mark=1635 drop=0
[QUEUE_STATS] t_ms=25248 q_pkts=19 q_bytes=28576 qdelay_l_ms=1.08918 qdelay_c_ms=6.8726 ecn_mark=1636 drop=0
[QUEUE_STATS] t_ms=25265 q_pkts=19 q_bytes=28576 qdelay_l_ms=1.06574 qdelay_c_ms=7.05128 ecn_mark=1637 drop=0
[QUEUE_STATS] t_ms=25280 q_pkts=21 q_bytes=31584 qdelay_l_ms=1.10421 qdelay_c_ms=7.75533 ecn_mark=1638 drop=0
[QUEUE_STATS] t_ms=25296 q_pkts=20 q_bytes=30080 qdelay_l_ms=1.07623 qdelay_c_ms=7.37344 ecn_mark=1638 drop=0
[QUEUE_STATS] t_ms=25312 q_pkts=18 q_bytes=27072 qdelay_l_ms=1.07803 qdelay_c_ms=8.16048 ecn_mark=1639 drop=0
[QUEUE_STATS] t_ms=25329 q_pkts=17 q_bytes=25568 qdelay_l_ms=1.08168 qdelay_c_ms=6.80118 ecn_mark=1640 drop=0
[QUEUE_STATS] t_ms=25344 q_pkts=22 q_bytes=33088 qdelay_l_ms=1.09999 qdelay_c_ms=8.45648 ecn_mark=1641 drop=0
[QUEUE_STATS] t_ms=25360 q_pkts=16 q_bytes=24064 qdelay_l_ms=0 qdelay_c_ms=7.0925 ecn_mark=1641 drop=0
[QUEUE_STATS] t_ms=25376 q_pkts=10 q_bytes=15040 qdelay_l_ms=1.08581 qdelay_c_ms=4.63373 ecn_mark=1644 drop=0
[QUEUE_STATS] t_ms=25393 q_pkts=4 q_bytes=6016 qdelay_l_ms=1.0697 qdelay_c_ms=1.06121 ecn_mark=1644 drop=0
[QUEUE_STATS] t_ms=25408 q_pkts=3 q_bytes=4512 qdelay_l_ms=1.07165 qdelay_c_ms=1.06641 ecn_mark=1646 drop=0
[QUEUE_STATS] t_ms=25425 q_pkts=4 q_bytes=6016 qdelay_l_ms=1.07177 qdelay_c_ms=1.09747 ecn_mark=1648 drop=0
[QUEUE_STATS] t_ms=25441 q_pkts=2 q_bytes=3008 qdelay_l_ms=1.06689 qdelay_c_ms=0 ecn_mark=1648 drop=0
[QUEUE_STATS] t_ms=25456 q_pkts=6 q_bytes=9024 qdelay_l_ms=1.09056 qdelay_c_ms=2.15985 ecn_mark=1649 drop=0
[QUEUE_STATS] t_ms=25472 q_pkts=6 q_bytes=9024 qdelay_l_ms=1.04607 qdelay_c_ms=2.15451 ecn_mark=1650 drop=0
[QUEUE_STATS] t_ms=25488 q_pkts=5 q_bytes=7520 qdelay_l_ms=1.09537 qdelay_c_ms=1.36926 ecn_mark=1650 drop=0
[QUEUE_STATS] t_ms=25504 q_pkts=4 q_bytes=6016 qdelay_l_ms=1.08776 qdelay_c_ms=2.16741 ecn_mark=1651 drop=0
[QUEUE_STATS] t_ms=25520 q_pkts=6 q_bytes=9024 qdelay_l_ms=1.06752 qdelay_c_ms=2.17333 ecn_mark=1651 drop=0
[QUEUE_STATS] t_ms=25536 q_pkts=2 q_bytes=3008 qdelay_l_ms=1.09968 qdelay_c_ms=0 ecn_mark=1651 drop=0
[QUEUE_STATS] t_ms=25553 q_pkts=6 q_bytes=9024 qdelay_l_ms=1.08234 qdelay_c_ms=2.6757 ecn_mark=1651 drop=0
[QUEUE_STATS] t_ms=25568 q_pkts=5 q_bytes=7520 qdelay_l_ms=1.07786 qdelay_c_ms=1.58194 ecn_mark=1652 drop=0
[QUEUE_STATS] t_ms=25585 q_pkts=4 q_bytes=6016 qdelay_l_ms=1.07858 qdelay_c_ms=1.07218 ecn_mark=1655 drop=0
[QUEUE_STATS] t_ms=25601 q_pkts=6 q_bytes=9024 qdelay_l_ms=1.08637 qdelay_c_ms=2.15851 ecn_mark=1655 drop=0
[QUEUE_STATS] t_ms=25616 q_pkts=6 q_bytes=9024 qdelay_l_ms=1.08476 qdelay_c_ms=1.07806 ecn_mark=1656 drop=0
[QUEUE_STATS] t_ms=25632 q_pkts=3 q_bytes=4512 qdelay_l_ms=0.844467 qdelay_c_ms=0.834328 ecn_mark=1657 drop=0
[QUEUE_STATS] t_ms=25649 q_pkts=4 q_bytes=6016 qdelay_l_ms=1.07727 qdelay_c_ms=1.07166 ecn_mark=1657 drop=0
[QUEUE_STATS] t_ms=25664 q_pkts=4 q_bytes=6016 qdelay_l_ms=1.09885 qdelay_c_ms=1.09309 ecn_mark=1661 drop=0
[QUEUE_STATS] t_ms=25680 q_pkts=6 q_bytes=9024 qdelay_l_ms=1.07639 qdelay_c_ms=2.2008 ecn_mark=1662 drop=0
[QUEUE_STATS] t_ms=25696 q_pkts=5 q_bytes=7520 qdelay_l_ms=1.0887 qdelay_c_ms=1.07825 ecn_mark=1664 drop=0
[QUEUE_STATS] t_ms=25712 q_pkts=4 q_bytes=6016 qdelay_l_ms=1.07599 qdelay_c_ms=1.06881 ecn_mark=1665 drop=0
[QUEUE_STATS] t_ms=25728 q_pkts=6 q_bytes=9024 qdelay_l_ms=1.0845 qdelay_c_ms=1.07709 ecn_mark=1666 drop=0
[QUEUE_STATS] t_ms=25744 q_pkts=3 q_bytes=4512 qdelay_l_ms=1.08255 qdelay_c_ms=1.0756 ecn_mark=1667 drop=0
[QUEUE_STATS] t_ms=25760 q_pkts=1 q_bytes=1504 qdelay_l_ms=0.014718 qdelay_c_ms=0 ecn_mark=1669 drop=0
[QUEUE_STATS] t_ms=25777 q_pkts=3 q_bytes=4512 qdelay_l_ms=1.0776 qdelay_c_ms=2.1225 ecn_mark=1671 drop=0
[QUEUE_STATS] t_ms=25792 q_pkts=2 q_bytes=3008 qdelay_l_ms=1.08183 qdelay_c_ms=0 ecn_mark=1671 drop=0
[QUEUE_STATS] t_ms=25808 q_pkts=5 q_bytes=7520 qdelay_l_ms=1.0945 qdelay_c_ms=2.15291 ecn_mark=1671 drop=0
[QUEUE_STATS] t_ms=25825 q_pkts=6 q_bytes=9024 qdelay_l_ms=1.08848 qdelay_c_ms=1.08176 ecn_mark=1672 drop=0
[QUEUE_STATS] t_ms=25840 q_pkts=5 q_bytes=7520 qdelay_l_ms=1.07693 qdelay_c_ms=2.15126 ecn_mark=1672 drop=0
[QUEUE_STATS] t_ms=25856 q_pkts=6 q_bytes=9024 qdelay_l_ms=1.0899 qdelay_c_ms=3.22801 ecn_mark=1673 drop=0
[QUEUE_STATS] t_ms=25873 q_pkts=4 q_bytes=6016 qdelay_l_ms=1.07797 qdelay_c_ms=2.15626 ecn_mark=1676 drop=0
[QUEUE_STATS] t_ms=25889 q_pkts=4 q_bytes=6016 qdelay_l_ms=1.07121 qdelay_c_ms=1.0814 ecn_mark=1677 drop=0
[QUEUE_STATS] t_ms=25904 q_pkts=6 q_bytes=9024 qdelay_l_ms=1.07429 qdelay_c_ms=2.15592 ecn_mark=1678 drop=0
[QUEUE_STATS] t_ms=25920 q_pkts=4 q_bytes=6016 qdelay_l_ms=1.0643 qdelay_c_ms=1.07703 ecn_mark=1681 drop=0
[QUEUE_STATS] t_ms=25937 q_pkts=4 q_bytes=6016 qdelay_l_ms=1.07562 qdelay_c_ms=1.06907 ecn_mark=1681 drop=0
[QUEUE_STATS] t_ms=25952 q_pkts=2 q_bytes=3008 qdelay_l_ms=1.09248 qdelay_c_ms=1.08506 ecn_mark=1681 drop=0
[QUEUE_STATS] t_ms=25969 q_pkts=4 q_bytes=6016 qdelay_l_ms=1.07737 qdelay_c_ms=1.07187 ecn_mark=1683 drop=0
[QUEUE_STATS] t_ms=25984 q_pkts=5 q_bytes=7520 qdelay_l_ms=1.08116 qdelay_c_ms=2.14516 ecn_mark=1684 drop=0
[QUEUE_STATS] t_ms=26001 q_pkts=5 q_bytes=7520 qdelay_l_ms=1.08 qdelay_c_ms=2.15901 ecn_mark=1685 drop=0
[QUEUE_STATS] t_ms=26016 q_pkts=4 q_bytes=6016 qdelay_l_ms=1.07044 qdelay_c_ms=1.095 ecn_mark=1686 drop=0
[QUEUE_STATS] t_ms=26032 q_pkts=5 q_bytes=7520 qdelay_l_ms=1.09041 qdelay_c_ms=2.16162 ecn_mark=1686 drop=0
[QUEUE_STATS] t_ms=26048 q_pkts=4 q_bytes=6016 qdelay_l_ms=1.05258 qdelay_c_ms=1.04601 ecn_mark=1687 drop=0
[QUEUE_STATS] t_ms=26065 q_pkts=4 q_bytes=6016 qdelay_l_ms=1.07687 qdelay_c_ms=2.15922 ecn_mark=1687 drop=0
[QUEUE_STATS] t_ms=26080 q_pkts=5 q_bytes=7520 qdelay_l_ms=1.07279 qdelay_c_ms=2.16068 ecn_mark=1687 drop=0
[QUEUE_STATS] t_ms=26096 q_pkts=4 q_bytes=6016 qdelay_l_ms=1.10534 qdelay_c_ms=1.09884 ecn_mark=1690 drop=0
[QUEUE_STATS] t_ms=26112 q_pkts=3 q_bytes=4512 qdelay_l_ms=1.07462 qdelay_c_ms=1.06988 ecn_mark=1691 drop=0
[QUEUE_STATS] t_ms=26128 q_pkts=5 q_bytes=7520 qdelay_l_ms=1.08952 qdelay_c_ms=2.13776 ecn_mark=1691 drop=0
[QUEUE_STATS] t_ms=26144 q_pkts=3 q_bytes=4512 qdelay_l_ms=1.07201 qdelay_c_ms=1.06689 ecn_mark=1692 drop=0
[QUEUE_STATS] t_ms=26160 q_pkts=4 q_bytes=6016 qdelay_l_ms=1.08761 qdelay_c_ms=1.08077 ecn_mark=1693 drop=0
[QUEUE_STATS] t_ms=26176 q_pkts=4 q_bytes=6016 qdelay_l_ms=1.08469 qdelay_c_ms=1.07974 ecn_mark=1693 drop=0
[QUEUE_STATS] t_ms=26192 q_pkts=4 q_bytes=6016 qdelay_l_ms=1.08182 qdelay_c_ms=2.13774 ecn_mark=1693 drop=0
[QUEUE_STATS] t_ms=26208 q_pkts=6 q_bytes=9024 qdelay_l_ms=1.09072 qdelay_c_ms=1.9349 ecn_mark=1693 drop=0
[QUEUE_STATS] t_ms=26224 q_pkts=4 q_bytes=6016 qdelay_l_ms=1.09018 qdelay_c_ms=2.68771 ecn_mark=1695 drop=0
[QUEUE_STATS] t_ms=26241 q_pkts=4 q_bytes=6016 qdelay_l_ms=1.09272 qdelay_c_ms=1.0858 ecn_mark=1695 drop=0
[QUEUE_STATS] t_ms=26256 q_pkts=5 q_bytes=7520 qdelay_l_ms=1.07232 qdelay_c_ms=1.33493 ecn_mark=1697 drop=0
[QUEUE_STATS] t_ms=26272 q_pkts=3 q_bytes=4512 qdelay_l_ms=1.0857 qdelay_c_ms=1.07856 ecn_mark=1699 drop=0
[QUEUE_STATS] t_ms=26288 q_pkts=2 q_bytes=3008 qdelay_l_ms=0 qdelay_c_ms=0.044564 ecn_mark=1701 drop=0
[QUEUE_STATS] t_ms=26304 q_pkts=8 q_bytes=12032 qdelay_l_ms=1.09563 qdelay_c_ms=3.26667 ecn_mark=1701 drop=0
[QUEUE_STATS] t_ms=26320 q_pkts=6 q_bytes=9024 qdelay_l_ms=1.06015 qdelay_c_ms=1.04912 ecn_mark=1703 drop=0
[QUEUE_STATS] t_ms=26336 q_pkts=4 q_bytes=6016 qdelay_l_ms=1.07696 qdelay_c_ms=1.0687 ecn_mark=1703 drop=0
[QUEUE_STATS] t_ms=26352 q_pkts=4 q_bytes=6016 qdelay_l_ms=1.07619 qdelay_c_ms=1.06528 ecn_mark=1704 drop=0
[QUEUE_STATS] t_ms=26368 q_pkts=6 q_bytes=9024 qdelay_l_ms=1.05214 qdelay_c_ms=2.13087 ecn_mark=1706 drop=0
[QUEUE_STATS] t_ms=26384 q_pkts=4 q_bytes=6016 qdelay_l_ms=1.09625 qdelay_c_ms=1.08929 ecn_mark=1707 drop=0
[QUEUE_STATS] t_ms=26400 q_pkts=4 q_bytes=6016 qdelay_l_ms=1.07501 qdelay_c_ms=1.06789 ecn_mark=1708 drop=0
[QUEUE_STATS] t_ms=26416 q_pkts=5 q_bytes=7520 qdelay_l_ms=1.08565 qdelay_c_ms=2.14206 ecn_mark=1710 drop=0
[QUEUE_STATS] t_ms=26432 q_pkts=4 q_bytes=6016 qdelay_l_ms=1.05768 qdelay_c_ms=1.05008 ecn_mark=1711 drop=0
[QUEUE_STATS] t_ms=26448 q_pkts=4 q_bytes=6016 qdelay_l_ms=1.10285 qdelay_c_ms=1.08601 ecn_mark=1714 drop=0
[QUEUE_STATS] t_ms=26464 q_pkts=0 q_bytes=0 qdelay_l_ms=0 qdelay_c_ms=0 ecn_mark=1714 drop=0
[QUEUE_STATS] t_ms=26480 q_pkts=4 q_bytes=6016 qdelay_l_ms=1.07479 qdelay_c_ms=1.06854 ecn_mark=1714 drop=0
[QUEUE_STATS] t_ms=26496 q_pkts=3 q_bytes=4512 qdelay_l_ms=1.04814 qdelay_c_ms=1.03783 ecn_mark=1715 drop=0
[QUEUE_STATS] t_ms=26512 q_pkts=4 q_bytes=6016 qdelay_l_ms=1.10048 qdelay_c_ms=1.0935 ecn_mark=1717 drop=0
[QUEUE_STATS] t_ms=26529 q_pkts=6 q_bytes=9024 qdelay_l_ms=1.09446 qdelay_c_ms=1.08696 ecn_mark=1717 drop=0
[QUEUE_STATS] t_ms=26544 q_pkts=4 q_bytes=6016 qdelay_l_ms=1.06414 qdelay_c_ms=1.05682 ecn_mark=1718 drop=0
[QUEUE_STATS] t_ms=26560 q_pkts=4 q_bytes=6016 qdelay_l_ms=1.08018 qdelay_c_ms=1.07435 ecn_mark=1718 drop=0
[QUEUE_STATS] t_ms=26576 q_pkts=4 q_bytes=6016 qdelay_l_ms=1.08167 qdelay_c_ms=2.13661 ecn_mark=1718 drop=0
[QUEUE_STATS] t_ms=26593 q_pkts=3 q_bytes=4512 qdelay_l_ms=1.06604 qdelay_c_ms=1.06044 ecn_mark=1718 drop=0
[QUEUE_STATS] t_ms=26608 q_pkts=4 q_bytes=6016 qdelay_l_ms=1.0792 qdelay_c_ms=1.07349 ecn_mark=1719 drop=0
[QUEUE_STATS] t_ms=26624 q_pkts=6 q_bytes=9024 qdelay_l_ms=0.850748 qdelay_c_ms=0.844517 ecn_mark=1722 drop=0
[QUEUE_STATS] t_ms=26640 q_pkts=4 q_bytes=6016 qdelay_l_ms=1.09078 qdelay_c_ms=1.08474 ecn_mark=1723 drop=0
[QUEUE_STATS] t_ms=26656 q_pkts=5 q_bytes=7520 qdelay_l_ms=1.06123 qdelay_c_ms=2.16002 ecn_mark=1723 drop=0
[QUEUE_STATS] t_ms=26672 q_pkts=3 q_bytes=4512 qdelay_l_ms=1.06153 qdelay_c_ms=1.08577 ecn_mark=1724 drop=0
[QUEUE_STATS] t_ms=26688 q_pkts=3 q_bytes=4512 qdelay_l_ms=1.08927 qdelay_c_ms=1.08258 ecn_mark=1724 drop=0
[QUEUE_STATS] t_ms=26705 q_pkts=6 q_bytes=9024 qdelay_l_ms=1.09442 qdelay_c_ms=2.1571 ecn_mark=1725 drop=0
[QUEUE_STATS] t_ms=26720 q_pkts=3 q_bytes=4512 qdelay_l_ms=1.08468 qdelay_c_ms=1.07796 ecn_mark=1725 drop=0
[QUEUE_STATS] t_ms=26736 q_pkts=4 q_bytes=6016 qdelay_l_ms=1.09472 qdelay_c_ms=1.08493 ecn_mark=1725 drop=0
[QUEUE_STATS] t_ms=26752 q_pkts=2 q_bytes=3008 qdelay_l_ms=1.08486 qdelay_c_ms=0 ecn_mark=1725 drop=0
[QUEUE_STATS] t_ms=26768 q_pkts=4 q_bytes=6016 qdelay_l_ms=1.07117 qdelay_c_ms=2.12448 ecn_mark=1726 drop=0
[QUEUE_STATS] t_ms=26784 q_pkts=4 q_bytes=6016 qdelay_l_ms=1.07958 qdelay_c_ms=1.91264 ecn_mark=1727 drop=0
[QUEUE_STATS] t_ms=26800 q_pkts=2 q_bytes=3008 qdelay_l_ms=1.09031 qdelay_c_ms=0 ecn_mark=1728 drop=0
[QUEUE_STATS] t_ms=26816 q_pkts=1 q_bytes=1504 qdelay_l_ms=1.07644 qdelay_c_ms=0 ecn_mark=1729 drop=0
[QUEUE_STATS] t_ms=26832 q_pkts=5 q_bytes=7520 qdelay_l_ms=1.08111 qdelay_c_ms=2.15983 ecn_mark=1731 drop=0
[QUEUE_STATS] t_ms=26848 q_pkts=3 q_bytes=4512 qdelay_l_ms=1.08946 qdelay_c_ms=1.08301 ecn_mark=1733 drop=0
[QUEUE_STATS] t_ms=26864 q_pkts=4 q_bytes=6016 qdelay_l_ms=1.10128 qdelay_c_ms=1.08714 ecn_mark=1734 drop=0
[QUEUE_STATS] t_ms=26880 q_pkts=6 q_bytes=9024 qdelay_l_ms=0.831272 qdelay_c_ms=0.825161 ecn_mark=1735 drop=0
[QUEUE_STATS] t_ms=26896 q_pkts=2 q_bytes=3008 qdelay_l_ms=0 qdelay_c_ms=1.07921 ecn_mark=1735 drop=0
[QUEUE_STATS] t_ms=26913 q_pkts=6 q_bytes=9024 qdelay_l_ms=1.07997 qdelay_c_ms=1.07332 ecn_mark=1736 drop=0
[QUEUE_STATS] t_ms=26928 q_pkts=6 q_bytes=9024 qdelay_l_ms=1.09232 qdelay_c_ms=1.08529 ecn_mark=1737 drop=0
[QUEUE_STATS] t_ms=26944 q_pkts=4 q_bytes=6016 qdelay_l_ms=1.06685 qdelay_c_ms=1.05912 ecn_mark=1737 drop=0
[QUEUE_STATS] t_ms=26960 q_pkts=5 q_bytes=7520 qdelay_l_ms=1.08372 qdelay_c_ms=1.07639 ecn_mark=1739 drop=0
[QUEUE_STATS] t_ms=26976 q_pkts=4 q_bytes=6016 qdelay_l_ms=1.07952 qdelay_c_ms=2.14375 ecn_mark=1740 drop=0
[QUEUE_STATS] t_ms=26992 q_pkts=2 q_bytes=3008 qdelay_l_ms=1.07872 qdelay_c_ms=1.07174 ecn_mark=1740 drop=0
[QUEUE_STATS] t_ms=27008 q_pkts=6 q_bytes=9024 qdelay_l_ms=1.08679 qdelay_c_ms=1.07914 ecn_mark=1741 drop=0
[QUEUE_STATS] t_ms=27024 q_pkts=3 q_bytes=4512 qdelay_l_ms=1.07122 qdelay_c_ms=1.06615 ecn_mark=1742 drop=0
[QUEUE_STATS] t_ms=27040 q_pkts=5 q_bytes=7520 qdelay_l_ms=1.07742 qdelay_c_ms=2.16672 ecn_mark=1742 drop=0
[QUEUE_STATS] t_ms=27056 q_pkts=6 q_bytes=9024 qdelay_l_ms=1.08143 qdelay_c_ms=1.07416 ecn_mark=1744 drop=0
[QUEUE_STATS] t_ms=27072 q_pkts=3 q_bytes=4512 qdelay_l_ms=1.09114 qdelay_c_ms=1.0844 ecn_mark=1744 drop=0
[QUEUE_STATS] t_ms=27088 q_pkts=5 q_bytes=7520 qdelay_l_ms=1.07849 qdelay_c_ms=2.16717 ecn_mark=1744 drop=0
[QUEUE_STATS] t_ms=27104 q_pkts=4 q_bytes=6016 qdelay_l_ms=1.06689 qdelay_c_ms=1.05761 ecn_mark=1745 drop=0
[QUEUE_STATS] t_ms=27121 q_pkts=3 q_bytes=4512 qdelay_l_ms=1.08762 qdelay_c_ms=1.07817 ecn_mark=1747 drop=0
[QUEUE_STATS] t_ms=27137 q_pkts=3 q_bytes=4512 qdelay_l_ms=1.07207 qdelay_c_ms=0 ecn_mark=1748 drop=0
[QUEUE_STATS] t_ms=27152 q_pkts=3 q_bytes=4512 qdelay_l_ms=1.08817 qdelay_c_ms=1.06333 ecn_mark=1748 drop=0
[QUEUE_STATS] t_ms=27168 q_pkts=2 q_bytes=3008 qdelay_l_ms=1.075 qdelay_c_ms=0 ecn_mark=1749 drop=0
[QUEUE_STATS] t_ms=27184 q_pkts=4 q_bytes=6016 qdelay_l_ms=1.07168 qdelay_c_ms=1.06617 ecn_mark=1750 drop=0
[QUEUE_STATS] t_ms=27200 q_pkts=3 q_bytes=4512 qdelay_l_ms=1.08026 qdelay_c_ms=1.07405 ecn_mark=1750 drop=0
[QUEUE_STATS] t_ms=27216 q_pkts=6 q_bytes=9024 qdelay_l_ms=1.08142 qdelay_c_ms=2.11758 ecn_mark=1751 drop=0
[QUEUE_STATS] t_ms=27232 q_pkts=4 q_bytes=6016 qdelay_l_ms=1.07869 qdelay_c_ms=1.58549 ecn_mark=1751 drop=0
[QUEUE_STATS] t_ms=27248 q_pkts=2 q_bytes=3008 qdelay_l_ms=1.08107 qdelay_c_ms=0 ecn_mark=1751 drop=0
[QUEUE_STATS] t_ms=27264 q_pkts=1 q_bytes=1504 qdelay_l_ms=0.014217 qdelay_c_ms=0 ecn_mark=1753 drop=0
[QUEUE_STATS] t_ms=27280 q_pkts=2 q_bytes=3008 qdelay_l_ms=1.08078 qdelay_c_ms=1.07388 ecn_mark=1753 drop=0
[QUEUE_STATS] t_ms=27296 q_pkts=6 q_bytes=9024 qdelay_l_ms=1.08307 qdelay_c_ms=1.07539 ecn_mark=1753 drop=0
[QUEUE_STATS] t_ms=27312 q_pkts=3 q_bytes=4512 qdelay_l_ms=1.08468 qdelay_c_ms=2.14399 ecn_mark=1753 drop=0
[QUEUE_STATS] t_ms=27328 q_pkts=4 q_bytes=6016 qdelay_l_ms=1.082 qdelay_c_ms=1.07495 ecn_mark=1755 drop=0
[QUEUE_STATS] t_ms=27344 q_pkts=5 q_bytes=7520 qdelay_l_ms=1.09559 qdelay_c_ms=1.9273 ecn_mark=1756 drop=0
[QUEUE_STATS] t_ms=27360 q_pkts=3 q_bytes=4512 qdelay_l_ms=1.07842 qdelay_c_ms=1.07136 ecn_mark=1756 drop=0
[QUEUE_STATS] t_ms=27376 q_pkts=4 q_bytes=6016 qdelay_l_ms=1.08398 qdelay_c_ms=1.07649 ecn_mark=1758 drop=0
[QUEUE_STATS] t_ms=27392 q_pkts=7 q_bytes=10528 qdelay_l_ms=1.0973 qdelay_c_ms=2.16455 ecn_mark=1758 drop=0
[QUEUE_STATS] t_ms=27408 q_pkts=5 q_bytes=7520 qdelay_l_ms=1.07902 qdelay_c_ms=1.07189 ecn_mark=1758 drop=0
[QUEUE_STATS] t_ms=27424 q_pkts=3 q_bytes=4512 qdelay_l_ms=1.08098 qdelay_c_ms=1.07361 ecn_mark=1759 drop=0
[QUEUE_STATS] t_ms=27440 q_pkts=6 q_bytes=9024 qdelay_l_ms=1.08967 qdelay_c_ms=1.07931 ecn_mark=1759 drop=0
[QUEUE_STATS] t_ms=27456 q_pkts=4 q_bytes=6016 qdelay_l_ms=1.07763 qdelay_c_ms=1.07086 ecn_mark=1762 drop=0
[QUEUE_STATS] t_ms=27472 q_pkts=5 q_bytes=7520 qdelay_l_ms=1.08655 qdelay_c_ms=2.13432 ecn_mark=1762 drop=0
[QUEUE_STATS] t_ms=27488 q_pkts=6 q_bytes=9024 qdelay_l_ms=1.08215 qdelay_c_ms=1.07475 ecn_mark=1762 drop=0
[QUEUE_STATS] t_ms=27504 q_pkts=3 q_bytes=4512 qdelay_l_ms=0 qdelay_c_ms=1.06572 ecn_mark=1762 drop=0
[QUEUE_STATS] t_ms=27520 q_pkts=3 q_bytes=4512 qdelay_l_ms=0.822987 qdelay_c_ms=1.88803 ecn_mark=1762 drop=0
[QUEUE_STATS] t_ms=27536 q_pkts=2 q_bytes=3008 qdelay_l_ms=1.04028 qdelay_c_ms=1.03303 ecn_mark=1762 drop=0
[QUEUE_STATS] t_ms=27552 q_pkts=6 q_bytes=9024 qdelay_l_ms=1.04951 qdelay_c_ms=1.04406 ecn_mark=1762 drop=0
[QUEUE_STATS] t_ms=27569 q_pkts=5 q_bytes=7520 qdelay_l_ms=1.05517 qdelay_c_ms=2.08038 ecn_mark=1763 drop=0
[QUEUE_STATS] t_ms=27584 q_pkts=3 q_bytes=4512 qdelay_l_ms=1.07441 qdelay_c_ms=1.06804 ecn_mark=1763 drop=0
[QUEUE_STATS] t_ms=27600 q_pkts=3 q_bytes=4512 qdelay_l_ms=1.0388 qdelay_c_ms=1.02864 ecn_mark=1765 drop=0
[QUEUE_STATS] t_ms=27616 q_pkts=5 q_bytes=7520 qdelay_l_ms=1.09414 qdelay_c_ms=2.15328 ecn_mark=1765 drop=0
[QUEUE_STATS] t_ms=27632 q_pkts=4 q_bytes=6016 qdelay_l_ms=1.0344 qdelay_c_ms=1.02213 ecn_mark=1766 drop=0
[QUEUE_STATS] t_ms=27648 q_pkts=4 q_bytes=6016 qdelay_l_ms=1.05239 qdelay_c_ms=1.04626 ecn_mark=1766 drop=0
[QUEUE_STATS] t_ms=27664 q_pkts=3 q_bytes=4512 qdelay_l_ms=1.04582 qdelay_c_ms=1.03941 ecn_mark=1767 drop=0
[QUEUE_STATS] t_ms=27680 q_pkts=6 q_bytes=9024 qdelay_l_ms=1.03724 qdelay_c_ms=1.0261 ecn_mark=1769 drop=0
[QUEUE_STATS] t_ms=27696 q_pkts=4 q_bytes=6016 qdelay_l_ms=1.05924 qdelay_c_ms=1.0522 ecn_mark=1769 drop=0
[QUEUE_STATS] t_ms=27712 q_pkts=4 q_bytes=6016 qdelay_l_ms=1.05636 qdelay_c_ms=1.04919 ecn_mark=1769 drop=0
[QUEUE_STATS] t_ms=27728 q_pkts=3 q_bytes=4512 qdelay_l_ms=1.02341 qdelay_c_ms=1.01314 ecn_mark=1770 drop=0
[QUEUE_STATS] t_ms=27744 q_pkts=5 q_bytes=7520 qdelay_l_ms=1.075 qdelay_c_ms=2.19456 ecn_mark=1770 drop=0
[QUEUE_STATS] t_ms=27760 q_pkts=4 q_bytes=6016 qdelay_l_ms=1.05027 qdelay_c_ms=1.04375 ecn_mark=1771 drop=0
[QUEUE_STATS] t_ms=27776 q_pkts=4 q_bytes=6016 qdelay_l_ms=1.03574 qdelay_c_ms=1.02814 ecn_mark=1771 drop=0
[QUEUE_STATS] t_ms=27792 q_pkts=3 q_bytes=4512 qdelay_l_ms=1.08063 qdelay_c_ms=1.07465 ecn_mark=1773 drop=0
[QUEUE_STATS] t_ms=27808 q_pkts=4 q_bytes=6016 qdelay_l_ms=0.7873 qdelay_c_ms=0.781158 ecn_mark=1774 drop=0
[QUEUE_STATS] t_ms=27824 q_pkts=4 q_bytes=6016 qdelay_l_ms=1.1086 qdelay_c_ms=1.09808 ecn_mark=1774 drop=0
[QUEUE_STATS] t_ms=27840 q_pkts=4 q_bytes=6016 qdelay_l_ms=1.04278 qdelay_c_ms=1.03548 ecn_mark=1775 drop=0
[QUEUE_STATS] t_ms=27856 q_pkts=4 q_bytes=6016 qdelay_l_ms=1.08202 qdelay_c_ms=1.0768 ecn_mark=1775 drop=0
[QUEUE_STATS] t_ms=27872 q_pkts=5 q_bytes=7520 qdelay_l_ms=0.049153 qdelay_c_ms=0.918807 ecn_mark=1775 drop=0
[QUEUE_STATS] t_ms=27888 q_pkts=4 q_bytes=6016 qdelay_l_ms=1.03561 qdelay_c_ms=1.02944 ecn_mark=1776 drop=0
[QUEUE_STATS] t_ms=27904 q_pkts=3 q_bytes=4512 qdelay_l_ms=1.02687 qdelay_c_ms=1.02018 ecn_mark=1776 drop=0
[QUEUE_STATS] t_ms=27920 q_pkts=6 q_bytes=9024 qdelay_l_ms=1.12844 qdelay_c_ms=1.11798 ecn_mark=1776 drop=0
[QUEUE_STATS] t_ms=27936 q_pkts=3 q_bytes=4512 qdelay_l_ms=0.970584 qdelay_c_ms=1.00232 ecn_mark=1776 drop=0
[QUEUE_STATS] t_ms=27952 q_pkts=4 q_bytes=6016 qdelay_l_ms=1.10434 qdelay_c_ms=1.09777 ecn_mark=1777 drop=0
[QUEUE_STATS] t_ms=27968 q_pkts=4 q_bytes=6016 qdelay_l_ms=1.094 qdelay_c_ms=1.08771 ecn_mark=1777 drop=0
[QUEUE_STATS] t_ms=27984 q_pkts=4 q_bytes=6016 qdelay_l_ms=1.01325 qdelay_c_ms=1.99435 ecn_mark=1777 drop=0
[QUEUE_STATS] t_ms=28000 q_pkts=4 q_bytes=6016 qdelay_l_ms=1.0085 qdelay_c_ms=1.9888 ecn_mark=1778 drop=0
[QUEUE_STATS] t_ms=28016 q_pkts=4 q_bytes=6016 qdelay_l_ms=0.998587 qdelay_c_ms=0.990011 ecn_mark=1778 drop=0
[QUEUE_STATS] t_ms=28032 q_pkts=5 q_bytes=7520 qdelay_l_ms=1.06644 qdelay_c_ms=1.10963 ecn_mark=1778 drop=0
[QUEUE_STATS] t_ms=28048 q_pkts=4 q_bytes=6016 qdelay_l_ms=0.988357 qdelay_c_ms=0.976505 ecn_mark=1779 drop=0
[QUEUE_STATS] t_ms=28064 q_pkts=4 q_bytes=6016 qdelay_l_ms=0.99002 qdelay_c_ms=0.978669 ecn_mark=1779 drop=0
[QUEUE_STATS] t_ms=28080 q_pkts=4 q_bytes=6016 qdelay_l_ms=1.09452 qdelay_c_ms=1.08763 ecn_mark=1779 drop=0
[QUEUE_STATS] t_ms=28096 q_pkts=5 q_bytes=7520 qdelay_l_ms=1.08919 qdelay_c_ms=1.93884 ecn_mark=1779 drop=0
[QUEUE_STATS] t_ms=28112 q_pkts=7 q_bytes=10528 qdelay_l_ms=1.04977 qdelay_c_ms=3.23701 ecn_mark=1779 drop=0
[QUEUE_STATS] t_ms=28128 q_pkts=4 q_bytes=6016 qdelay_l_ms=0.838907 qdelay_c_ms=0.833356 ecn_mark=1780 drop=0
[QUEUE_STATS] t_ms=28144 q_pkts=5 q_bytes=7520 qdelay_l_ms=0.976315 qdelay_c_ms=0.969351 ecn_mark=1781 drop=0
[QUEUE_STATS] t_ms=28160 q_pkts=6 q_bytes=9024 qdelay_l_ms=1.06661 qdelay_c_ms=1.86524 ecn_mark=1781 drop=0
[QUEUE_STATS] t_ms=28176 q_pkts=4 q_bytes=6016 qdelay_l_ms=0.028674 qdelay_c_ms=0.758114 ecn_mark=1781 drop=0
[QUEUE_STATS] t_ms=28192 q_pkts=5 q_bytes=7520 qdelay_l_ms=1.07063 qdelay_c_ms=2.99722 ecn_mark=1781 drop=0
[QUEUE_STATS] t_ms=28208 q_pkts=4 q_bytes=6016 qdelay_l_ms=1.09603 qdelay_c_ms=1.08892 ecn_mark=1782 drop=0
[QUEUE_STATS] t_ms=28224 q_pkts=5 q_bytes=7520 qdelay_l_ms=1.10087 qdelay_c_ms=1.09431 ecn_mark=1782 drop=0
[QUEUE_STATS] t_ms=28240 q_pkts=7 q_bytes=10528 qdelay_l_ms=1.09984 qdelay_c_ms=2.17522 ecn_mark=1782 drop=0
[QUEUE_STATS] t_ms=28256 q_pkts=3 q_bytes=4512 qdelay_l_ms=0.047419 qdelay_c_ms=0.991654 ecn_mark=1782 drop=0
[QUEUE_STATS] t_ms=28272 q_pkts=4 q_bytes=6016 qdelay_l_ms=1.07636 qdelay_c_ms=1.07183 ecn_mark=1784 drop=0
[QUEUE_STATS] t_ms=28288 q_pkts=6 q_bytes=9024 qdelay_l_ms=1.0942 qdelay_c_ms=2.04687 ecn_mark=1787 drop=0
[QUEUE_STATS] t_ms=28304 q_pkts=7 q_bytes=10528 qdelay_l_ms=0.96293 qdelay_c_ms=1.91806 ecn_mark=1788 drop=0
[QUEUE_STATS] t_ms=28321 q_pkts=5 q_bytes=7520 qdelay_l_ms=1.08044 qdelay_c_ms=1.07466 ecn_mark=1789 drop=0
[QUEUE_STATS] t_ms=28336 q_pkts=6 q_bytes=9024 qdelay_l_ms=0.90463 qdelay_c_ms=1.89166 ecn_mark=1789 drop=0
[QUEUE_STATS] t_ms=28352 q_pkts=7 q_bytes=10528 qdelay_l_ms=1.05329 qdelay_c_ms=3.22652 ecn_mark=1790 drop=0
[QUEUE_STATS] t_ms=28368 q_pkts=4 q_bytes=6016 qdelay_l_ms=1.06427 qdelay_c_ms=1.07447 ecn_mark=1790 drop=0
[QUEUE_STATS] t_ms=28384 q_pkts=6 q_bytes=9024 qdelay_l_ms=1.08378 qdelay_c_ms=2.17471 ecn_mark=1790 drop=0
[QUEUE_STATS] t_ms=28400 q_pkts=4 q_bytes=6016 qdelay_l_ms=0.017012 qdelay_c_ms=2.2171 ecn_mark=1791 drop=0
[QUEUE_STATS] t_ms=28417 q_pkts=4 q_bytes=6016 qdelay_l_ms=1.061 qdelay_c_ms=1.0544 ecn_mark=1791 drop=0
[QUEUE_STATS] t_ms=28432 q_pkts=7 q_bytes=10528 qdelay_l_ms=0.951368 qdelay_c_ms=1.66948 ecn_mark=1791 drop=0
[QUEUE_STATS] t_ms=28448 q_pkts=8 q_bytes=12032 qdelay_l_ms=0.940437 qdelay_c_ms=1.68555 ecn_mark=1791 drop=0
[QUEUE_STATS] t_ms=28464 q_pkts=5 q_bytes=7520 qdelay_l_ms=1.07315 qdelay_c_ms=2.00497 ecn_mark=1792 drop=0
[QUEUE_STATS] t_ms=28480 q_pkts=4 q_bytes=6016 qdelay_l_ms=0.030798 qdelay_c_ms=1.10494 ecn_mark=1792 drop=0
[QUEUE_STATS] t_ms=28496 q_pkts=5 q_bytes=7520 qdelay_l_ms=0.928305 qdelay_c_ms=0.918957 ecn_mark=1793 drop=0
[QUEUE_STATS] t_ms=28512 q_pkts=6 q_bytes=9024 qdelay_l_ms=1.08554 qdelay_c_ms=2.14053 ecn_mark=1793 drop=0
[QUEUE_STATS] t_ms=28528 q_pkts=8 q_bytes=12032 qdelay_l_ms=0.930469 qdelay_c_ms=1.85959 ecn_mark=1793 drop=0
[QUEUE_STATS] t_ms=28544 q_pkts=8 q_bytes=12032 qdelay_l_ms=0.975513 qdelay_c_ms=3.21533 ecn_mark=1794 drop=0
[QUEUE_STATS] t_ms=28560 q_pkts=6 q_bytes=9024 qdelay_l_ms=0.700757 qdelay_c_ms=1.82353 ecn_mark=1795 drop=0
[QUEUE_STATS] t_ms=28577 q_pkts=7 q_bytes=10528 qdelay_l_ms=1.01263 qdelay_c_ms=3.23274 ecn_mark=1796 drop=0
[QUEUE_STATS] t_ms=28593 q_pkts=6 q_bytes=9024 qdelay_l_ms=1.07811 qdelay_c_ms=2.20947 ecn_mark=1797 drop=0
[QUEUE_STATS] t_ms=28608 q_pkts=7 q_bytes=10528 qdelay_l_ms=1.058 qdelay_c_ms=3.07254 ecn_mark=1797 drop=0
[QUEUE_STATS] t_ms=28624 q_pkts=4 q_bytes=6016 qdelay_l_ms=0.042369 qdelay_c_ms=0.971596 ecn_mark=1798 drop=0
[QUEUE_STATS] t_ms=28640 q_pkts=4 q_bytes=6016 qdelay_l_ms=0.044894 qdelay_c_ms=1.09476 ecn_mark=1800 drop=0
[QUEUE_STATS] t_ms=28656 q_pkts=6 q_bytes=9024 qdelay_l_ms=1.10766 qdelay_c_ms=1.79417 ecn_mark=1800 drop=0
[QUEUE_STATS] t_ms=28672 q_pkts=7 q_bytes=10528 qdelay_l_ms=0.036068 qdelay_c_ms=2.24222 ecn_mark=1800 drop=0
[QUEUE_STATS] t_ms=28688 q_pkts=11 q_bytes=16544 qdelay_l_ms=1.09417 qdelay_c_ms=4.2008 ecn_mark=1801 drop=0
[QUEUE_STATS] t_ms=28704 q_pkts=9 q_bytes=13536 qdelay_l_ms=1.08525 qdelay_c_ms=5.07573 ecn_mark=1802 drop=0
[QUEUE_STATS] t_ms=28720 q_pkts=9 q_bytes=13536 qdelay_l_ms=0.908928 qdelay_c_ms=3.85359 ecn_mark=1802 drop=0
[QUEUE_STATS] t_ms=28736 q_pkts=9 q_bytes=13536 qdelay_l_ms=1.06166 qdelay_c_ms=4.00683 ecn_mark=1802 drop=0
[QUEUE_STATS] t_ms=28752 q_pkts=10 q_bytes=15040 qdelay_l_ms=1.06457 qdelay_c_ms=4.35073 ecn_mark=1803 drop=0
[QUEUE_STATS] t_ms=28768 q_pkts=12 q_bytes=18048 qdelay_l_ms=1.0722 qdelay_c_ms=3.77612 ecn_mark=1804 drop=0
[QUEUE_STATS] t_ms=28784 q_pkts=11 q_bytes=16544 qdelay_l_ms=1.06936 qdelay_c_ms=5.04355 ecn_mark=1805 drop=0
[QUEUE_STATS] t_ms=28801 q_pkts=11 q_bytes=16544 qdelay_l_ms=1.06662 qdelay_c_ms=5.73362 ecn_mark=1805 drop=0
[QUEUE_STATS] t_ms=28816 q_pkts=12 q_bytes=18048 qdelay_l_ms=1.08811 qdelay_c_ms=5.06689 ecn_mark=1806 drop=0
[QUEUE_STATS] t_ms=28832 q_pkts=12 q_bytes=18048 qdelay_l_ms=1.08917 qdelay_c_ms=5.48426 ecn_mark=1808 drop=0
[QUEUE_STATS] t_ms=28848 q_pkts=10 q_bytes=15040 qdelay_l_ms=0.03219 qdelay_c_ms=4.00368 ecn_mark=1811 drop=0
[QUEUE_STATS] t_ms=28865 q_pkts=14 q_bytes=21056 qdelay_l_ms=1.0697 qdelay_c_ms=5.08677 ecn_mark=1812 drop=0
[QUEUE_STATS] t_ms=28881 q_pkts=13 q_bytes=19552 qdelay_l_ms=1.061 qdelay_c_ms=4.69716 ecn_mark=1813 drop=0
[QUEUE_STATS] t_ms=28897 q_pkts=12 q_bytes=18048 qdelay_l_ms=1.0684 qdelay_c_ms=6.19754 ecn_mark=1814 drop=0
[QUEUE_STATS] t_ms=28912 q_pkts=15 q_bytes=22560 qdelay_l_ms=1.10474 qdelay_c_ms=5.12724 ecn_mark=1814 drop=0
[QUEUE_STATS] t_ms=28928 q_pkts=14 q_bytes=21056 qdelay_l_ms=1.09235 qdelay_c_ms=5.94362 ecn_mark=1814 drop=0
[QUEUE_STATS] t_ms=28944 q_pkts=12 q_bytes=18048 qdelay_l_ms=0.927333 qdelay_c_ms=5.98304 ecn_mark=1815 drop=0
[QUEUE_STATS] t_ms=28960 q_pkts=17 q_bytes=25568 qdelay_l_ms=1.09363 qdelay_c_ms=7.44614 ecn_mark=1817 drop=0
[QUEUE_STATS] t_ms=28977 q_pkts=15 q_bytes=22560 qdelay_l_ms=1.07172 qdelay_c_ms=7.938 ecn_mark=1817 drop=0
[QUEUE_STATS] t_ms=28992 q_pkts=10 q_bytes=15040 qdelay_l_ms=0 qdelay_c_ms=5.04897 ecn_mark=1817 drop=0
[QUEUE_STATS] t_ms=29008 q_pkts=14 q_bytes=21056 qdelay_l_ms=1.07128 qdelay_c_ms=6.53879 ecn_mark=1818 drop=0
[QUEUE_STATS] t_ms=29024 q_pkts=14 q_bytes=21056 qdelay_l_ms=0 qdelay_c_ms=6.09045 ecn_mark=1818 drop=0
[QUEUE_STATS] t_ms=29040 q_pkts=16 q_bytes=24064 qdelay_l_ms=1.05582 qdelay_c_ms=8.07848 ecn_mark=1818 drop=0
[QUEUE_STATS] t_ms=29056 q_pkts=16 q_bytes=24064 qdelay_l_ms=1.05249 qdelay_c_ms=7.83138 ecn_mark=1818 drop=0
[QUEUE_STATS] t_ms=29073 q_pkts=15 q_bytes=22560 qdelay_l_ms=1.06012 qdelay_c_ms=6.10132 ecn_mark=1819 drop=0
[QUEUE_STATS] t_ms=29088 q_pkts=16 q_bytes=24064 qdelay_l_ms=1.09555 qdelay_c_ms=8.11915 ecn_mark=1820 drop=0
[QUEUE_STATS] t_ms=29104 q_pkts=15 q_bytes=22560 qdelay_l_ms=1.09405 qdelay_c_ms=7.44057 ecn_mark=1821 drop=0
[QUEUE_STATS] t_ms=29120 q_pkts=13 q_bytes=19552 qdelay_l_ms=0.011832 qdelay_c_ms=6.10201 ecn_mark=1822 drop=0
[QUEUE_STATS] t_ms=29137 q_pkts=17 q_bytes=25568 qdelay_l_ms=1.06321 qdelay_c_ms=9.19386 ecn_mark=1823 drop=0
[QUEUE_STATS] t_ms=29152 q_pkts=19 q_bytes=28576 qdelay_l_ms=1.08303 qdelay_c_ms=9.2462 ecn_mark=1823 drop=0
[QUEUE_STATS] t_ms=29168 q_pkts=19 q_bytes=28576 qdelay_l_ms=0.043572 qdelay_c_ms=7.8822 ecn_mark=1826 drop=0
[QUEUE_STATS] t_ms=29184 q_pkts=17 q_bytes=25568 qdelay_l_ms=1.02064 qdelay_c_ms=9.34911 ecn_mark=1828 drop=0
[QUEUE_STATS] t_ms=29200 q_pkts=20 q_bytes=30080 qdelay_l_ms=0.825312 qdelay_c_ms=8.60471 ecn_mark=1829 drop=0
[QUEUE_STATS] t_ms=29216 q_pkts=21 q_bytes=31584 qdelay_l_ms=1.06083 qdelay_c_ms=9.14689 ecn_mark=1830 drop=0
[QUEUE_STATS] t_ms=29232 q_pkts=19 q_bytes=28576 qdelay_l_ms=1.00727 qdelay_c_ms=9.11566 ecn_mark=1831 drop=0
[QUEUE_STATS] t_ms=29248 q_pkts=19 q_bytes=28576 qdelay_l_ms=1.08962 qdelay_c_ms=8.53968 ecn_mark=1831 drop=0
[QUEUE_STATS] t_ms=29264 q_pkts=18 q_bytes=27072 qdelay_l_ms=0.867731 qdelay_c_ms=7.80407 ecn_mark=1833 drop=0
[QUEUE_STATS] t_ms=29280 q_pkts=17 q_bytes=25568 qdelay_l_ms=0.86744 qdelay_c_ms=8.77763 ecn_mark=1835 drop=0
[QUEUE_STATS] t_ms=29296 q_pkts=20 q_bytes=30080 qdelay_l_ms=0.852432 qdelay_c_ms=9.81927 ecn_mark=1836 drop=0
[QUEUE_STATS] t_ms=29313 q_pkts=20 q_bytes=30080 qdelay_l_ms=1.04602 qdelay_c_ms=8.09234 ecn_mark=1837 drop=0
[QUEUE_STATS] t_ms=29328 q_pkts=21 q_bytes=31584 qdelay_l_ms=1.09803 qdelay_c_ms=10.4228 ecn_mark=1837 drop=0
[QUEUE_STATS] t_ms=29344 q_pkts=21 q_bytes=31584 qdelay_l_ms=0.865116 qdelay_c_ms=10.0128 ecn_mark=1839 drop=0
[QUEUE_STATS] t_ms=29360 q_pkts=22 q_bytes=33088 qdelay_l_ms=1.1076 qdelay_c_ms=10.0765 ecn_mark=1841 drop=0
[QUEUE_STATS] t_ms=29376 q_pkts=20 q_bytes=30080 qdelay_l_ms=1.06638 qdelay_c_ms=10.9443 ecn_mark=1843 drop=0
[QUEUE_STATS] t_ms=29392 q_pkts=22 q_bytes=33088 qdelay_l_ms=1.06573 qdelay_c_ms=10.1166 ecn_mark=1844 drop=0
[QUEUE_STATS] t_ms=29408 q_pkts=22 q_bytes=33088 qdelay_l_ms=1.02554 qdelay_c_ms=10.9683 ecn_mark=1845 drop=0
[QUEUE_STATS] t_ms=29424 q_pkts=21 q_bytes=31584 qdelay_l_ms=1.10114 qdelay_c_ms=9.99799 ecn_mark=1845 drop=0
[QUEUE_STATS] t_ms=29440 q_pkts=22 q_bytes=33088 qdelay_l_ms=1.08063 qdelay_c_ms=9.26323 ecn_mark=1846 drop=0
[QUEUE_STATS] t_ms=29456 q_pkts=23 q_bytes=34592 qdelay_l_ms=1.05659 qdelay_c_ms=10.9149 ecn_mark=1846 drop=0
[QUEUE_STATS] t_ms=29472 q_pkts=21 q_bytes=31584 qdelay_l_ms=1.0323 qdelay_c_ms=9.78891 ecn_mark=1846 drop=0
[QUEUE_STATS] t_ms=29488 q_pkts=23 q_bytes=34592 qdelay_l_ms=0.839247 qdelay_c_ms=10.7955 ecn_mark=1846 drop=0
[QUEUE_STATS] t_ms=29504 q_pkts=25 q_bytes=37600 qdelay_l_ms=1.10533 qdelay_c_ms=10.9036 ecn_mark=1849 drop=0
[QUEUE_STATS] t_ms=29520 q_pkts=23 q_bytes=34592 qdelay_l_ms=1.03992 qdelay_c_ms=11.0345 ecn_mark=1849 drop=0
[QUEUE_STATS] t_ms=29536 q_pkts=22 q_bytes=33088 qdelay_l_ms=1.10148 qdelay_c_ms=11.2607 ecn_mark=1850 drop=0
[QUEUE_STATS] t_ms=29552 q_pkts=24 q_bytes=36096 qdelay_l_ms=1.09838 qdelay_c_ms=9.85107 ecn_mark=1851 drop=0
[QUEUE_STATS] t_ms=29568 q_pkts=23 q_bytes=34592 qdelay_l_ms=1.07116 qdelay_c_ms=11.023 ecn_mark=1851 drop=0
[QUEUE_STATS] t_ms=29584 q_pkts=23 q_bytes=34592 qdelay_l_ms=1.0683 qdelay_c_ms=11.2642 ecn_mark=1853 drop=0
[QUEUE_STATS] t_ms=29601 q_pkts=25 q_bytes=37600 qdelay_l_ms=1.11558 qdelay_c_ms=11.1106 ecn_mark=1854 drop=0
[QUEUE_STATS] t_ms=29616 q_pkts=25 q_bytes=37600 qdelay_l_ms=1.08079 qdelay_c_ms=11.2648 ecn_mark=1854 drop=0
[QUEUE_STATS] t_ms=29632 q_pkts=25 q_bytes=37600 qdelay_l_ms=0.849997 qdelay_c_ms=12.9074 ecn_mark=1855 drop=0
[QUEUE_STATS] t_ms=29648 q_pkts=25 q_bytes=37600 qdelay_l_ms=1.09653 qdelay_c_ms=10.834 ecn_mark=1855 drop=0
[QUEUE_STATS] t_ms=29664 q_pkts=25 q_bytes=37600 qdelay_l_ms=1.0245 qdelay_c_ms=11.1588 ecn_mark=1855 drop=0
[QUEUE_STATS] t_ms=29680 q_pkts=25 q_bytes=37600 qdelay_l_ms=1.06817 qdelay_c_ms=12.1721 ecn_mark=1856 drop=0
[QUEUE_STATS] t_ms=29696 q_pkts=23 q_bytes=34592 qdelay_l_ms=0 qdelay_c_ms=10.9254 ecn_mark=1857 drop=0
[QUEUE_STATS] t_ms=29712 q_pkts=24 q_bytes=36096 qdelay_l_ms=0 qdelay_c_ms=11.6925 ecn_mark=1859 drop=0
[QUEUE_STATS] t_ms=29728 q_pkts=25 q_bytes=37600 qdelay_l_ms=1.05076 qdelay_c_ms=11.9833 ecn_mark=1859 drop=0
[QUEUE_STATS] t_ms=29744 q_pkts=26 q_bytes=39104 qdelay_l_ms=1.071 qdelay_c_ms=12.8939 ecn_mark=1859 drop=0
[QUEUE_STATS] t_ms=29760 q_pkts=27 q_bytes=40608 qdelay_l_ms=1.08431 qdelay_c_ms=13.0046 ecn_mark=1860 drop=0
[QUEUE_STATS] t_ms=29776 q_pkts=27 q_bytes=40608 qdelay_l_ms=1.07826 qdelay_c_ms=13.0952 ecn_mark=1861 drop=0
[QUEUE_STATS] t_ms=29792 q_pkts=28 q_bytes=42112 qdelay_l_ms=0.85124 qdelay_c_ms=14.0923 ecn_mark=1862 drop=0
[QUEUE_STATS] t_ms=29808 q_pkts=29 q_bytes=43616 qdelay_l_ms=1.06341 qdelay_c_ms=12.1615 ecn_mark=1862 drop=0
[QUEUE_STATS] t_ms=29824 q_pkts=24 q_bytes=36096 qdelay_l_ms=0 qdelay_c_ms=13.1806 ecn_mark=1862 drop=0
[QUEUE_STATS] t_ms=29840 q_pkts=28 q_bytes=42112 qdelay_l_ms=0.994409 qdelay_c_ms=13.8222 ecn_mark=1863 drop=0
[QUEUE_STATS] t_ms=29856 q_pkts=28 q_bytes=42112 qdelay_l_ms=1.08827 qdelay_c_ms=10.9315 ecn_mark=1864 drop=0
[QUEUE_STATS] t_ms=29872 q_pkts=27 q_bytes=40608 qdelay_l_ms=1.09394 qdelay_c_ms=14.2514 ecn_mark=1865 drop=0
[QUEUE_STATS] t_ms=29888 q_pkts=29 q_bytes=43616 qdelay_l_ms=1.07052 qdelay_c_ms=13.8615 ecn_mark=1866 drop=0
[QUEUE_STATS] t_ms=29904 q_pkts=29 q_bytes=43616 qdelay_l_ms=1.07954 qdelay_c_ms=13.9697 ecn_mark=1866 drop=0
[QUEUE_STATS] t_ms=29920 q_pkts=27 q_bytes=40608 qdelay_l_ms=0 qdelay_c_ms=14.01 ecn_mark=1866 drop=0
[QUEUE_STATS] t_ms=29936 q_pkts=29 q_bytes=43616 qdelay_l_ms=1.09783 qdelay_c_ms=14.8163 ecn_mark=1866 drop=0
[QUEUE_STATS] t_ms=29952 q_pkts=29 q_bytes=43616 qdelay_l_ms=0.945627 qdelay_c_ms=13.921 ecn_mark=1867 drop=0
[QUEUE_STATS] t_ms=29968 q_pkts=25 q_bytes=37600 qdelay_l_ms=0 qdelay_c_ms=15.0976 ecn_mark=1867 drop=0
[QUEUE_STATS] t_ms=29984 q_pkts=29 q_bytes=43616 qdelay_l_ms=1.09064 qdelay_c_ms=13.8611 ecn_mark=1869 drop=0
[QUEUE_STATS] t_ms=30001 q_pkts=30 q_bytes=45120 qdelay_l_ms=1.07462 qdelay_c_ms=16.1231 ecn_mark=1870 drop=0
[QUEUE_STATS] t_ms=30016 q_pkts=31 q_bytes=46624 qdelay_l_ms=1.09603 qdelay_c_ms=15.9006 ecn_mark=1873 drop=0
[QUEUE_STATS] t_ms=30032 q_pkts=28 q_bytes=42112 qdelay_l_ms=0.837264 qdelay_c_ms=12.7831 ecn_mark=1873 drop=0
[QUEUE_STATS] t_ms=30048 q_pkts=29 q_bytes=43616 qdelay_l_ms=1.08119 qdelay_c_ms=14.9662 ecn_mark=1874 drop=0
[QUEUE_STATS] t_ms=30064 q_pkts=29 q_bytes=43616 qdelay_l_ms=1.05