+ bash ./SHIELD_DUO.sh runs/sweep_20260205_221100/delay_0/trace_constant/exp.yaml
cset: --> last message, executed args into cpuset "/user", new pid is: 50373
1:cpuset:/user
0::/user.slice/user-1000.slice/session-3.scope
[QUEUE_STATS] t_ms=0 q_pkts=0 q_bytes=0 ecn_mark=0 drop_l4s=0 drop_classic=0 drop_overload=0
[QUEUE_STATS] t_ms=3.9e-05 q_pkts=0 q_bytes=0 ecn_mark=0 drop_l4s=0 drop_classic=0 drop_overload=0
[QUEUE_STATS] t_ms=4.8e-05 q_pkts=2 q_bytes=104 ecn_mark=2 drop_l4s=0 drop_classic=0 drop_overload=0
[QUEUE_STATS] t_ms=6.3e-05 q_pkts=17 q_bytes=21760 ecn_mark=13 drop_l4s=0 drop_classic=0 drop_overload=0
[QUEUE_STATS] t_ms=7.9e-05 q_pkts=31 q_bytes=38464 ecn_mark=15 drop_l4s=0 drop_classic=0 drop_overload=0
[QUEUE_STATS] t_ms=9.5e-05 q_pkts=46 q_bytes=55780 ecn_mark=18 drop_l4s=0 drop_classic=0 drop_overload=0
[QUEUE_STATS] t_ms=0.000111 q_pkts=53 q_bytes=65296 ecn_mark=19 drop_l4s=0 drop_classic=0 drop_overload=0
[QUEUE_STATS] t_ms=0.000127 q_pkts=61 q_bytes=75424 ecn_mark=20 drop_l4s=0 drop_classic=0 drop_overload=0
[QUEUE_STATS] t_ms=0.000143 q_pkts=67 q_bytes=82544 ecn_mark=21 drop_l4s=0 drop_classic=0 drop_overload=0
[QUEUE_STATS] t_ms=0.000159 q_pkts=71 q_bytes=87472 ecn_mark=23 drop_l4s=0 drop_classic=1 drop_overload=0
[QUEUE_STATS] t_ms=0.000175 q_pkts=74 q_bytes=91168 ecn_mark=24 drop_l4s=0 drop_classic=2 drop_overload=0
[QUEUE_STATS] t_ms=0.000191 q_pkts=78 q_bytes=94944 ecn_mark=26 drop_l4s=0 drop_classic=5 drop_overload=0
[QUEUE_STATS] t_ms=0.000207 q_pkts=80 q_bytes=97408 ecn_mark=27 drop_l4s=0 drop_classic=6 drop_overload=0
[QUEUE_STATS] t_ms=0.000223 q_pkts=79 q_bytes=96448 ecn_mark=28 drop_l4s=0 drop_classic=11 drop_overload=0
[QUEUE_STATS] t_ms=0.000239 q_pkts=77 q_bytes=93712 ecn_mark=28 drop_l4s=0 drop_classic=15 drop_overload=0
[QUEUE_STATS] t_ms=0.000255 q_pkts=78 q_bytes=96096 ecn_mark=29 drop_l4s=0 drop_classic=16 drop_overload=0
[QUEUE_STATS] t_ms=0.000271 q_pkts=75 q_bytes=92400 ecn_mark=30 drop_l4s=0 drop_classic=21 drop_overload=0
[QUEUE_STATS] t_ms=0.000287 q_pkts=75 q_bytes=92400 ecn_mark=31 drop_l4s=0 drop_classic=24 drop_overload=0
[QUEUE_STATS] t_ms=0.000303 q_pkts=75 q_bytes=92400 ecn_mark=31 drop_l4s=0 drop_classic=27 drop_overload=0
[QUEUE_STATS] t_ms=0.000319 q_pkts=77 q_bytes=94864 ecn_mark=32 drop_l4s=0 drop_classic=28 drop_overload=0
[QUEUE_STATS] t_ms=0.000335 q_pkts=79 q_bytes=97328 ecn_mark=34 drop_l4s=0 drop_classic=29 drop_overload=0
[QUEUE_STATS] t_ms=0.000351 q_pkts=80 q_bytes=98560 ecn_mark=35 drop_l4s=0 drop_classic=31 drop_overload=0
[QUEUE_STATS] t_ms=0.000367 q_pkts=79 q_bytes=97328 ecn_mark=36 drop_l4s=0 drop_classic=35 drop_overload=0
[QUEUE_STATS] t_ms=0.000383 q_pkts=80 q_bytes=98560 ecn_mark=37 drop_l4s=0 drop_classic=36 drop_overload=0
[QUEUE_STATS] t_ms=0.000399 q_pkts=82 q_bytes=101024 ecn_mark=38 drop_l4s=0 drop_classic=36 drop_overload=0
[QUEUE_STATS] t_ms=0.000415 q_pkts=82 q_bytes=101020 ecn_mark=39 drop_l4s=0 drop_classic=39 drop_overload=0
[QUEUE_STATS] t_ms=0.000431 q_pkts=82 q_bytes=101024 ecn_mark=41 drop_l4s=0 drop_classic=40 drop_overload=0
[QUEUE_STATS] t_ms=0.000447 q_pkts=84 q_bytes=103488 ecn_mark=42 drop_l4s=0 drop_classic=40 drop_overload=0
[QUEUE_STATS] t_ms=0.000463 q_pkts=79 q_bytes=97328 ecn_mark=44 drop_l4s=0 drop_classic=46 drop_overload=0
[QUEUE_STATS] t_ms=0.000479 q_pkts=76 q_bytes=93632 ecn_mark=45 drop_l4s=0 drop_classic=50 drop_overload=0
[QUEUE_STATS] t_ms=0.000495 q_pkts=76 q_bytes=93632 ecn_mark=47 drop_l4s=0 drop_classic=52 drop_overload=0
[QUEUE_STATS] t_ms=0.000511 q_pkts=68 q_bytes=82908 ecn_mark=48 drop_l4s=0 drop_classic=60 drop_overload=0
[QUEUE_STATS] t_ms=0.000527 q_pkts=66 q_bytes=81312 ecn_mark=49 drop_l4s=0 drop_classic=63 drop_overload=0
[QUEUE_STATS] t_ms=0.000543 q_pkts=66 q_bytes=81312 ecn_mark=51 drop_l4s=0 drop_classic=65 drop_overload=0
[QUEUE_STATS] t_ms=0.000559 q_pkts=64 q_bytes=77696 ecn_mark=52 drop_l4s=0 drop_classic=69 drop_overload=0
[QUEUE_STATS] t_ms=0.000575 q_pkts=60 q_bytes=71847 ecn_mark=52 drop_l4s=0 drop_classic=75 drop_overload=0
[QUEUE_STATS] t_ms=0.000591 q_pkts=53 q_bytes=64144 ecn_mark=54 drop_l4s=0 drop_classic=82 drop_overload=0
[QUEUE_STATS] t_ms=0.000607 q_pkts=53 q_bytes=65296 ecn_mark=55 drop_l4s=0 drop_classic=82 drop_overload=0
[QUEUE_STATS] t_ms=0.000623 q_pkts=52 q_bytes=64064 ecn_mark=57 drop_l4s=0 drop_classic=84 drop_overload=0
[QUEUE_STATS] t_ms=0.000639 q_pkts=50 q_bytes=61600 ecn_mark=59 drop_l4s=0 drop_classic=87 drop_overload=0
[QUEUE_STATS] t_ms=0.000655 q_pkts=47 q_bytes=56878 ecn_mark=60 drop_l4s=0 drop_classic=90 drop_overload=0
[QUEUE_STATS] t_ms=0.000671 q_pkts=45 q_bytes=55440 ecn_mark=62 drop_l4s=0 drop_classic=93 drop_overload=0
[QUEUE_STATS] t_ms=0.000687 q_pkts=42 q_bytes=51744 ecn_mark=64 drop_l4s=0 drop_classic=97 drop_overload=0
[QUEUE_STATS] t_ms=0.000703 q_pkts=41 q_bytes=50512 ecn_mark=65 drop_l4s=0 drop_classic=99 drop_overload=0
[QUEUE_STATS] t_ms=0.000719 q_pkts=40 q_bytes=49280 ecn_mark=67 drop_l4s=0 drop_classic=101 drop_overload=0
[QUEUE_STATS] t_ms=0.000735 q_pkts=38 q_bytes=46816 ecn_mark=68 drop_l4s=0 drop_classic=103 drop_overload=0
[QUEUE_STATS] t_ms=0.000751 q_pkts=36 q_bytes=44352 ecn_mark=70 drop_l4s=0 drop_classic=106 drop_overload=0
[QUEUE_STATS] t_ms=0.000767 q_pkts=37 q_bytes=45584 ecn_mark=71 drop_l4s=0 drop_classic=106 drop_overload=0
[QUEUE_STATS] t_ms=0.000783 q_pkts=34 q_bytes=40862 ecn_mark=72 drop_l4s=0 drop_classic=110 drop_overload=0
[QUEUE_STATS] t_ms=0.000799 q_pkts=33 q_bytes=39630 ecn_mark=74 drop_l4s=0 drop_classic=112 drop_overload=0
[QUEUE_STATS] t_ms=0.000815 q_pkts=30 q_bytes=35934 ecn_mark=76 drop_l4s=0 drop_classic=115 drop_overload=0
[QUEUE_STATS] t_ms=0.000831 q_pkts=31 q_bytes=38192 ecn_mark=77 drop_l4s=0 drop_classic=115 drop_overload=0
[QUEUE_STATS] t_ms=0.000847 q_pkts=33 q_bytes=39875 ecn_mark=79 drop_l4s=0 drop_classic=116 drop_overload=0
[QUEUE_STATS] t_ms=0.000863 q_pkts=23 q_bytes=28336 ecn_mark=80 drop_l4s=0 drop_classic=126 drop_overload=0
[QUEUE_STATS] t_ms=0.000879 q_pkts=18 q_bytes=22176 ecn_mark=81 drop_l4s=0 drop_classic=132 drop_overload=0
[QUEUE_STATS] t_ms=0.000895 q_pkts=17 q_bytes=20944 ecn_mark=82 drop_l4s=0 drop_classic=134 drop_overload=0
[QUEUE_STATS] t_ms=0.000911 q_pkts=17 q_bytes=20944 ecn_mark=84 drop_l4s=0 drop_classic=135 drop_overload=0
[QUEUE_STATS] t_ms=0.000927 q_pkts=16 q_bytes=18686 ecn_mark=85 drop_l4s=0 drop_classic=137 drop_overload=0
[QUEUE_STATS] t_ms=0.000943 q_pkts=16 q_bytes=19712 ecn_mark=87 drop_l4s=0 drop_classic=138 drop_overload=0
[QUEUE_STATS] t_ms=0.000959 q_pkts=15 q_bytes=18480 ecn_mark=89 drop_l4s=0 drop_classic=140 drop_overload=0
[QUEUE_STATS] t_ms=0.000975 q_pkts=12 q_bytes=14784 ecn_mark=90 drop_l4s=0 drop_classic=143 drop_overload=0
[QUEUE_STATS] t_ms=0.000991 q_pkts=10 q_bytes=11294 ecn_mark=90 drop_l4s=0 drop_classic=147 drop_overload=0
[QUEUE_STATS] t_ms=0.001007 q_pkts=8 q_bytes=9856 ecn_mark=92 drop_l4s=0 drop_classic=150 drop_overload=0
[QUEUE_STATS] t_ms=0.001023 q_pkts=7 q_bytes=8624 ecn_mark=92 drop_l4s=0 drop_classic=152 drop_overload=0
[QUEUE_STATS] t_ms=0.001039 q_pkts=9 q_bytes=11088 ecn_mark=92 drop_l4s=0 drop_classic=152 drop_overload=0
[QUEUE_STATS] t_ms=0.001055 q_pkts=11 q_bytes=13552 ecn_mark=93 drop_l4s=0 drop_classic=152 drop_overload=0
[QUEUE_STATS] t_ms=0.001071 q_pkts=10 q_bytes=12320 ecn_mark=93 drop_l4s=0 drop_classic=154 drop_overload=0
[QUEUE_STATS] t_ms=0.001087 q_pkts=10 q_bytes=12320 ecn_mark=93 drop_l4s=0 drop_classic=156 drop_overload=0
[QUEUE_STATS] t_ms=0.001103 q_pkts=12 q_bytes=14784 ecn_mark=94 drop_l4s=0 drop_classic=157 drop_overload=0
[QUEUE_STATS] t_ms=0.001119 q_pkts=12 q_bytes=14784 ecn_mark=95 drop_l4s=0 drop_classic=158 drop_overload=0
[QUEUE_STATS] t_ms=0.001135 q_pkts=14 q_bytes=17248 ecn_mark=95 drop_l4s=0 drop_classic=159 drop_overload=0
[QUEUE_STATS] t_ms=0.001151 q_pkts=14 q_bytes=17375 ecn_mark=96 drop_l4s=0 drop_classic=161 drop_overload=0
[QUEUE_STATS] t_ms=0.001167 q_pkts=15 q_bytes=18480 ecn_mark=97 drop_l4s=0 drop_classic=163 drop_overload=0
[QUEUE_STATS] t_ms=0.001183 q_pkts=14 q_bytes=17520 ecn_mark=97 drop_l4s=0 drop_classic=166 drop_overload=0
[QUEUE_STATS] t_ms=0.001199 q_pkts=15 q_bytes=18752 ecn_mark=98 drop_l4s=0 drop_classic=168 drop_overload=0
[QUEUE_STATS] t_ms=0.001215 q_pkts=15 q_bytes=18480 ecn_mark=99 drop_l4s=0 drop_classic=169 drop_overload=0
[QUEUE_STATS] t_ms=0.001231 q_pkts=18 q_bytes=22176 ecn_mark=101 drop_l4s=0 drop_classic=169 drop_overload=0
[QUEUE_STATS] t_ms=0.001247 q_pkts=18 q_bytes=22176 ecn_mark=101 drop_l4s=0 drop_classic=171 drop_overload=0
[QUEUE_STATS] t_ms=0.001263 q_pkts=18 q_bytes=22176 ecn_mark=103 drop_l4s=0 drop_classic=173 drop_overload=0
[QUEUE_STATS] t_ms=0.001279 q_pkts=18 q_bytes=22176 ecn_mark=104 drop_l4s=0 drop_classic=174 drop_overload=0
[QUEUE_STATS] t_ms=0.001295 q_pkts=20 q_bytes=24640 ecn_mark=105 drop_l4s=0 drop_classic=174 drop_overload=0
[QUEUE_STATS] t_ms=0.001311 q_pkts=19 q_bytes=22854 ecn_mark=106 drop_l4s=0 drop_classic=177 drop_overload=0
[QUEUE_STATS] t_ms=0.001327 q_pkts=19 q_bytes=23408 ecn_mark=106 drop_l4s=0 drop_classic=178 drop_overload=0
[QUEUE_STATS] t_ms=0.001343 q_pkts=18 q_bytes=22176 ecn_mark=108 drop_l4s=0 drop_classic=181 drop_overload=0
[QUEUE_STATS] t_ms=0.001359 q_pkts=18 q_bytes=22176 ecn_mark=108 drop_l4s=0 drop_classic=183 drop_overload=0
[QUEUE_STATS] t_ms=0.001375 q_pkts=17 q_bytes=20944 ecn_mark=110 drop_l4s=0 drop_classic=186 drop_overload=0
[QUEUE_STATS] t_ms=0.001391 q_pkts=13 q_bytes=16016 ecn_mark=111 drop_l4s=0 drop_classic=191 drop_overload=0
[QUEUE_STATS] t_ms=0.001407 q_pkts=15 q_bytes=18480 ecn_mark=111 drop_l4s=0 drop_classic=191 drop_overload=0
[QUEUE_STATS] t_ms=0.001423 q_pkts=15 q_bytes=18480 ecn_mark=111 drop_l4s=0 drop_classic=192 drop_overload=0
[QUEUE_STATS] t_ms=0.001439 q_pkts=17 q_bytes=20944 ecn_mark=111 drop_l4s=0 drop_classic=193 drop_overload=0
[QUEUE_STATS] t_ms=0.001455 q_pkts=17 q_bytes=20944 ecn_mark=113 drop_l4s=0 drop_classic=195 drop_overload=0
[QUEUE_STATS] t_ms=0.001471 q_pkts=16 q_bytes=19712 ecn_mark=114 drop_l4s=0 drop_classic=198 drop_overload=0
[QUEUE_STATS] t_ms=0.001487 q_pkts=17 q_bytes=20944 ecn_mark=116 drop_l4s=0 drop_classic=200 drop_overload=0
[QUEUE_STATS] t_ms=0.001503 q_pkts=16 q_bytes=19712 ecn_mark=117 drop_l4s=0 drop_classic=202 drop_overload=0
[QUEUE_STATS] t_ms=0.001519 q_pkts=16 q_bytes=19712 ecn_mark=117 drop_l4s=0 drop_classic=204 drop_overload=0
[QUEUE_STATS] t_ms=0.001535 q_pkts=16 q_bytes=19712 ecn_mark=117 drop_l4s=0 drop_classic=205 drop_overload=0
[QUEUE_STATS] t_ms=0.001551 q_pkts=15 q_bytes=18480 ecn_mark=118 drop_l4s=0 drop_classic=208 drop_overload=0
[QUEUE_STATS] t_ms=0.001567 q_pkts=14 q_bytes=17248 ecn_mark=120 drop_l4s=0 drop_classic=211 drop_overload=0
[QUEUE_STATS] t_ms=0.001583 q_pkts=13 q_bytes=15859 ecn_mark=121 drop_l4s=0 drop_classic=213 drop_overload=0
[QUEUE_STATS] t_ms=0.001599 q_pkts=15 q_bytes=18480 ecn_mark=121 drop_l4s=0 drop_classic=214 drop_overload=0
[QUEUE_STATS] t_ms=0.001615 q_pkts=14 q_bytes=17248 ecn_mark=122 drop_l4s=0 drop_classic=217 drop_overload=0
[QUEUE_STATS] t_ms=0.001631 q_pkts=12 q_bytes=14784 ecn_mark=122 drop_l4s=0 drop_classic=221 drop_overload=0
[QUEUE_STATS] t_ms=0.001647 q_pkts=13 q_bytes=16288 ecn_mark=123 drop_l4s=0 drop_classic=223 drop_overload=0
[QUEUE_STATS] t_ms=0.001663 q_pkts=14 q_bytes=17248 ecn_mark=124 drop_l4s=0 drop_classic=224 drop_overload=0
[QUEUE_STATS] t_ms=0.001679 q_pkts=14 q_bytes=17248 ecn_mark=125 drop_l4s=0 drop_classic=225 drop_overload=0
[QUEUE_STATS] t_ms=0.001695 q_pkts=14 q_bytes=17248 ecn_mark=125 drop_l4s=0 drop_classic=227 drop_overload=0
[QUEUE_STATS] t_ms=0.001711 q_pkts=16 q_bytes=19712 ecn_mark=125 drop_l4s=0 drop_classic=228 drop_overload=0
[QUEUE_STATS] t_ms=0.001727 q_pkts=18 q_bytes=22448 ecn_mark=125 drop_l4s=0 drop_classic=229 drop_overload=0
[QUEUE_STATS] t_ms=0.001743 q_pkts=20 q_bytes=24640 ecn_mark=126 drop_l4s=0 drop_classic=230 drop_overload=0
[QUEUE_STATS] t_ms=0.001759 q_pkts=23 q_bytes=28336 ecn_mark=128 drop_l4s=0 drop_classic=230 drop_overload=0
[QUEUE_STATS] t_ms=0.001775 q_pkts=24 q_bytes=29840 ecn_mark=129 drop_l4s=0 drop_classic=231 drop_overload=0
[QUEUE_STATS] t_ms=0.001791 q_pkts=23 q_bytes=28336 ecn_mark=131 drop_l4s=0 drop_classic=234 drop_overload=0
[QUEUE_STATS] t_ms=0.001807 q_pkts=25 q_bytes=30800 ecn_mark=132 drop_l4s=0 drop_classic=235 drop_overload=0
[QUEUE_STATS] t_ms=0.001823 q_pkts=25 q_bytes=30800 ecn_mark=133 drop_l4s=0 drop_classic=237 drop_overload=0
[QUEUE_STATS] t_ms=0.001839 q_pkts=24 q_bytes=29568 ecn_mark=134 drop_l4s=0 drop_classic=239 drop_overload=0
[QUEUE_STATS] t_ms=0.001855 q_pkts=24 q_bytes=29568 ecn_mark=136 drop_l4s=0 drop_classic=241 drop_overload=0
[QUEUE_STATS] t_ms=0.001871 q_pkts=23 q_bytes=28336 ecn_mark=136 drop_l4s=0 drop_classic=243 drop_overload=0
[QUEUE_STATS] t_ms=0.001887 q_pkts=25 q_bytes=30800 ecn_mark=138 drop_l4s=0 drop_classic=243 drop_overload=0
[QUEUE_STATS] t_ms=0.001903 q_pkts=26 q_bytes=32032 ecn_mark=139 drop_l4s=0 drop_classic=244 drop_overload=0
[QUEUE_STATS] t_ms=0.001919 q_pkts=27 q_bytes=33264 ecn_mark=140 drop_l4s=0 drop_classic=245 drop_overload=0
[QUEUE_STATS] t_ms=0.001935 q_pkts=25 q_bytes=30800 ecn_mark=140 drop_l4s=0 drop_classic=249 drop_overload=0
[QUEUE_STATS] t_ms=0.001951 q_pkts=23 q_bytes=28336 ecn_mark=141 drop_l4s=0 drop_classic=252 drop_overload=0
[QUEUE_STATS] t_ms=0.001967 q_pkts=25 q_bytes=30800 ecn_mark=142 drop_l4s=0 drop_classic=252 drop_overload=0
[QUEUE_STATS] t_ms=0.001983 q_pkts=24 q_bytes=29568 ecn_mark=144 drop_l4s=0 drop_classic=255 drop_overload=0
[QUEUE_STATS] t_ms=0.001999 q_pkts=24 q_bytes=29568 ecn_mark=145 drop_l4s=0 drop_classic=257 drop_overload=0
[QUEUE_STATS] t_ms=0.002015 q_pkts=22 q_bytes=26537 ecn_mark=146 drop_l4s=0 drop_classic=261 drop_overload=0
[QUEUE_STATS] t_ms=0.002031 q_pkts=22 q_bytes=27104 ecn_mark=147 drop_l4s=0 drop_classic=261 drop_overload=0
[QUEUE_STATS] t_ms=0.002047 q_pkts=18 q_bytes=22176 ecn_mark=148 drop_l4s=0 drop_classic=267 drop_overload=0
[QUEUE_STATS] t_ms=0.002063 q_pkts=17 q_bytes=20944 ecn_mark=149 drop_l4s=0 drop_classic=270 drop_overload=0
[QUEUE_STATS] t_ms=0.002079 q_pkts=15 q_bytes=18480 ecn_mark=149 drop_l4s=0 drop_classic=273 drop_overload=0
[QUEUE_STATS] t_ms=0.002095 q_pkts=17 q_bytes=20901 ecn_mark=150 drop_l4s=0 drop_classic=274 drop_overload=0
[QUEUE_STATS] t_ms=0.002111 q_pkts=14 q_bytes=17248 ecn_mark=150 drop_l4s=0 drop_classic=277 drop_overload=0
[QUEUE_STATS] t_ms=0.002127 q_pkts=16 q_bytes=19712 ecn_mark=151 drop_l4s=0 drop_classic=277 drop_overload=0
[QUEUE_STATS] t_ms=0.002143 q_pkts=19 q_bytes=22924 ecn_mark=152 drop_l4s=0 drop_classic=277 drop_overload=0
[QUEUE_STATS] t_ms=0.002159 q_pkts=18 q_bytes=22176 ecn_mark=153 drop_l4s=0 drop_classic=279 drop_overload=0
[QUEUE_STATS] t_ms=0.002175 q_pkts=15 q_bytes=18480 ecn_mark=155 drop_l4s=0 drop_classic=284 drop_overload=0
[QUEUE_STATS] t_ms=0.002191 q_pkts=16 q_bytes=19712 ecn_mark=156 drop_l4s=0 drop_classic=285 drop_overload=0
[QUEUE_STATS] t_ms=0.002207 q_pkts=10 q_bytes=12320 ecn_mark=156 drop_l4s=0 drop_classic=292 drop_overload=0
[QUEUE_STATS] t_ms=0.002223 q_pkts=10 q_bytes=12320 ecn_mark=156 drop_l4s=0 drop_classic=293 drop_overload=0
[QUEUE_STATS] t_ms=0.002239 q_pkts=11 q_bytes=13552 ecn_mark=158 drop_l4s=0 drop_classic=294 drop_overload=0
[QUEUE_STATS] t_ms=0.002255 q_pkts=12 q_bytes=14784 ecn_mark=158 drop_l4s=0 drop_classic=295 drop_overload=0
[QUEUE_STATS] t_ms=0.002271 q_pkts=11 q_bytes=13552 ecn_mark=158 drop_l4s=0 drop_classic=297 drop_overload=0
[QUEUE_STATS] t_ms=0.002287 q_pkts=10 q_bytes=12592 ecn_mark=158 drop_l4s=0 drop_classic=301 drop_overload=0
[QUEUE_STATS] t_ms=0.002303 q_pkts=12 q_bytes=14784 ecn_mark=160 drop_l4s=0 drop_classic=301 drop_overload=0
[QUEUE_STATS] t_ms=0.002319 q_pkts=13 q_bytes=16016 ecn_mark=161 drop_l4s=0 drop_classic=301 drop_overload=0
[QUEUE_STATS] t_ms=0.002335 q_pkts=16 q_bytes=19712 ecn_mark=162 drop_l4s=0 drop_classic=301 drop_overload=0
[QUEUE_STATS] t_ms=0.002351 q_pkts=15 q_bytes=18480 ecn_mark=163 drop_l4s=0 drop_classic=303 drop_overload=0
[QUEUE_STATS] t_ms=0.002367 q_pkts=15 q_bytes=18480 ecn_mark=163 drop_l4s=0 drop_classic=305 drop_overload=0
[QUEUE_STATS] t_ms=0.002383 q_pkts=16 q_bytes=19712 ecn_mark=164 drop_l4s=0 drop_classic=306 drop_overload=0
[QUEUE_STATS] t_ms=0.002399 q_pkts=16 q_bytes=19911 ecn_mark=165 drop_l4s=0 drop_classic=307 drop_overload=0
[QUEUE_STATS] t_ms=0.002415 q_pkts=16 q_bytes=19911 ecn_mark=166 drop_l4s=0 drop_classic=310 drop_overload=0
[QUEUE_STATS] t_ms=0.002431 q_pkts=15 q_bytes=17980 ecn_mark=167 drop_l4s=0 drop_classic=311 drop_overload=0
[QUEUE_STATS] t_ms=0.002447 q_pkts=16 q_bytes=19712 ecn_mark=167 drop_l4s=0 drop_classic=312 drop_overload=0
[QUEUE_STATS] t_ms=0.002463 q_pkts=19 q_bytes=23408 ecn_mark=167 drop_l4s=0 drop_classic=312 drop_overload=0
[QUEUE_STATS] t_ms=0.002479 q_pkts=21 q_bytes=25698 ecn_mark=167 drop_l4s=0 drop_classic=312 drop_overload=0
[QUEUE_STATS] t_ms=0.002495 q_pkts=23 q_bytes=28336 ecn_mark=169 drop_l4s=0 drop_classic=313 drop_overload=0
[QUEUE_STATS] t_ms=0.002511 q_pkts=21 q_bytes=25872 ecn_mark=169 drop_l4s=0 drop_classic=316 drop_overload=0
[QUEUE_STATS] t_ms=0.002527 q_pkts=22 q_bytes=27104 ecn_mark=171 drop_l4s=0 drop_classic=318 drop_overload=0
[QUEUE_STATS] t_ms=0.002543 q_pkts=19 q_bytes=23408 ecn_mark=172 drop_l4s=0 drop_classic=323 drop_overload=0
[QUEUE_STATS] t_ms=0.002559 q_pkts=21 q_bytes=25872 ecn_mark=172 drop_l4s=0 drop_classic=324 drop_overload=0
[QUEUE_STATS] t_ms=0.002575 q_pkts=18 q_bytes=22176 ecn_mark=173 drop_l4s=0 drop_classic=328 drop_overload=0
[QUEUE_STATS] t_ms=0.002591 q_pkts=21 q_bytes=25872 ecn_mark=173 drop_l4s=0 drop_classic=328 drop_overload=0
[QUEUE_STATS] t_ms=0.002607 q_pkts=21 q_bytes=25872 ecn_mark=174 drop_l4s=0 drop_classic=331 drop_overload=0
[QUEUE_STATS] t_ms=0.002623 q_pkts=23 q_bytes=28336 ecn_mark=176 drop_l4s=0 drop_classic=332 drop_overload=0
[QUEUE_STATS] t_ms=0.002639 q_pkts=24 q_bytes=29568 ecn_mark=177 drop_l4s=0 drop_classic=333 drop_overload=0
[QUEUE_STATS] t_ms=0.002655 q_pkts=23 q_bytes=28608 ecn_mark=178 drop_l4s=0 drop_classic=335 drop_overload=0
[QUEUE_STATS] t_ms=0.002671 q_pkts=23 q_bytes=28336 ecn_mark=180 drop_l4s=0 drop_classic=338 drop_overload=0
[QUEUE_STATS] t_ms=0.002687 q_pkts=21 q_bytes=25872 ecn_mark=181 drop_l4s=0 drop_classic=341 drop_overload=0
[QUEUE_STATS] t_ms=0.002703 q_pkts=23 q_bytes=28336 ecn_mark=181 drop_l4s=0 drop_classic=341 drop_overload=0
[QUEUE_STATS] t_ms=0.002719 q_pkts=22 q_bytes=27104 ecn_mark=182 drop_l4s=0 drop_classic=343 drop_overload=0
[QUEUE_STATS] t_ms=0.002735 q_pkts=22 q_bytes=27104 ecn_mark=183 drop_l4s=0 drop_classic=345 drop_overload=0
[QUEUE_STATS] t_ms=0.002751 q_pkts=22 q_bytes=26286 ecn_mark=183 drop_l4s=0 drop_classic=346 drop_overload=0
[QUEUE_STATS] t_ms=0.002767 q_pkts=24 q_bytes=29735 ecn_mark=184 drop_l4s=0 drop_classic=347 drop_overload=0
[QUEUE_STATS] t_ms=0.002783 q_pkts=26 q_bytes=32032 ecn_mark=185 drop_l4s=0 drop_classic=347 drop_overload=0
[QUEUE_STATS] t_ms=0.002799 q_pkts=26 q_bytes=32032 ecn_mark=186 drop_l4s=0 drop_classic=348 drop_overload=0
[QUEUE_STATS] t_ms=0.002815 q_pkts=26 q_bytes=31795 ecn_mark=186 drop_l4s=0 drop_classic=350 drop_overload=0
[QUEUE_STATS] t_ms=0.002831 q_pkts=24 q_bytes=29568 ecn_mark=187 drop_l4s=0 drop_classic=354 drop_overload=0
[QUEUE_STATS] t_ms=0.002847 q_pkts=24 q_bytes=29568 ecn_mark=187 drop_l4s=0 drop_classic=355 drop_overload=0
[QUEUE_STATS] t_ms=0.002863 q_pkts=24 q_bytes=29391 ecn_mark=188 drop_l4s=0 drop_classic=358 drop_overload=0
[QUEUE_STATS] t_ms=0.002879 q_pkts=24 q_bytes=29568 ecn_mark=190 drop_l4s=0 drop_classic=359 drop_overload=0
[QUEUE_STATS] t_ms=0.002895 q_pkts=25 q_bytes=30800 ecn_mark=191 drop_l4s=0 drop_classic=360 drop_overload=0
[QUEUE_STATS] t_ms=0.002911 q_pkts=25 q_bytes=30800 ecn_mark=192 drop_l4s=0 drop_classic=361 drop_overload=0
[QUEUE_STATS] t_ms=0.002927 q_pkts=25 q_bytes=30800 ecn_mark=193 drop_l4s=0 drop_classic=363 drop_overload=0
[QUEUE_STATS] t_ms=0.002943 q_pkts=26 q_bytes=32032 ecn_mark=193 drop_l4s=0 drop_classic=364 drop_overload=0
[QUEUE_STATS] t_ms=0.002959 q_pkts=24 q_bytes=29568 ecn_mark=193 drop_l4s=0 drop_classic=367 drop_overload=0
[QUEUE_STATS] t_ms=0.002975 q_pkts=25 q_bytes=31072 ecn_mark=194 drop_l4s=0 drop_classic=369 drop_overload=0
[QUEUE_STATS] t_ms=0.002991 q_pkts=25 q_bytes=30800 ecn_mark=195 drop_l4s=0 drop_classic=371 drop_overload=0
[QUEUE_STATS] t_ms=0.003007 q_pkts=25 q_bytes=30800 ecn_mark=196 drop_l4s=0 drop_classic=373 drop_overload=0
[QUEUE_STATS] t_ms=0.003023 q_pkts=21 q_bytes=25872 ecn_mark=196 drop_l4s=0 drop_classic=378 drop_overload=0
[QUEUE_STATS] t_ms=0.003039 q_pkts=22 q_bytes=27104 ecn_mark=196 drop_l4s=0 drop_classic=379 drop_overload=0
[QUEUE_STATS] t_ms=0.003055 q_pkts=22 q_bytes=27087 ecn_mark=197 drop_l4s=0 drop_classic=382 drop_overload=0
[QUEUE_STATS] t_ms=0.003071 q_pkts=20 q_bytes=24640 ecn_mark=198 drop_l4s=0 drop_classic=385 drop_overload=0
[QUEUE_STATS] t_ms=0.003087 q_pkts=23 q_bytes=28336 ecn_mark=199 drop_l4s=0 drop_classic=385 drop_overload=0
[QUEUE_STATS] t_ms=0.003103 q_pkts=25 q_bytes=30800 ecn_mark=200 drop_l4s=0 drop_classic=385 drop_overload=0
[QUEUE_STATS] t_ms=0.003119 q_pkts=26 q_bytes=32032 ecn_mark=201 drop_l4s=0 drop_classic=386 drop_overload=0
[QUEUE_STATS] t_ms=0.003135 q_pkts=27 q_bytes=33264 ecn_mark=202 drop_l4s=0 drop_classic=387 drop_overload=0
[QUEUE_STATS] t_ms=0.003151 q_pkts=29 q_bytes=35728 ecn_mark=203 drop_l4s=0 drop_classic=387 drop_overload=0
[QUEUE_STATS] t_ms=0.003167 q_pkts=29 q_bytes=35728 ecn_mark=205 drop_l4s=0 drop_classic=389 drop_overload=0
[QUEUE_STATS] t_ms=0.003183 q_pkts=30 q_bytes=36960 ecn_mark=206 drop_l4s=0 drop_classic=389 drop_overload=0
[QUEUE_STATS] t_ms=0.003199 q_pkts=31 q_bytes=38192 ecn_mark=207 drop_l4s=0 drop_classic=390 drop_overload=0
[QUEUE_STATS] t_ms=0.003215 q_pkts=31 q_bytes=37843 ecn_mark=208 drop_l4s=0 drop_classic=392 drop_overload=0
[QUEUE_STATS] t_ms=0.003231 q_pkts=27 q_bytes=33264 ecn_mark=210 drop_l4s=0 drop_classic=397 drop_overload=0
[QUEUE_STATS] t_ms=0.003247 q_pkts=25 q_bytes=30190 ecn_mark=210 drop_l4s=0 drop_classic=400 drop_overload=0
[QUEUE_STATS] t_ms=0.003263 q_pkts=25 q_bytes=30800 ecn_mark=212 drop_l4s=0 drop_classic=403 drop_overload=0
[QUEUE_STATS] t_ms=0.003279 q_pkts=25 q_bytes=30800 ecn_mark=213 drop_l4s=0 drop_classic=404 drop_overload=0
[QUEUE_STATS] t_ms=0.003295 q_pkts=26 q_bytes=32032 ecn_mark=214 drop_l4s=0 drop_classic=405 drop_overload=0
[QUEUE_STATS] t_ms=0.003311 q_pkts=21 q_bytes=25872 ecn_mark=215 drop_l4s=0 drop_classic=410 drop_overload=0
[QUEUE_STATS] t_ms=0.003327 q_pkts=20 q_bytes=24640 ecn_mark=215 drop_l4s=0 drop_classic=413 drop_overload=0
[QUEUE_STATS] t_ms=0.003343 q_pkts=21 q_bytes=25783 ecn_mark=216 drop_l4s=0 drop_classic=414 drop_overload=0
[QUEUE_STATS] t_ms=0.003359 q_pkts=23 q_bytes=28247 ecn_mark=216 drop_l4s=0 drop_classic=414 drop_overload=0
[QUEUE_STATS] t_ms=0.003375 q_pkts=22 q_bytes=27104 ecn_mark=216 drop_l4s=0 drop_classic=416 drop_overload=0
[QUEUE_STATS] t_ms=0.003391 q_pkts=21 q_bytes=25872 ecn_mark=217 drop_l4s=0 drop_classic=420 drop_overload=0
[QUEUE_STATS] t_ms=0.003407 q_pkts=21 q_bytes=25872 ecn_mark=218 drop_l4s=0 drop_classic=422 drop_overload=0
[QUEUE_STATS] t_ms=0.003423 q_pkts=22 q_bytes=27376 ecn_mark=219 drop_l4s=0 drop_classic=422 drop_overload=0
[QUEUE_STATS] t_ms=0.003439 q_pkts=22 q_bytes=27043 ecn_mark=220 drop_l4s=0 drop_classic=425 drop_overload=0
[QUEUE_STATS] t_ms=0.003455 q_pkts=20 q_bytes=24640 ecn_mark=221 drop_l4s=0 drop_classic=428 drop_overload=0
[QUEUE_STATS] t_ms=0.003471 q_pkts=21 q_bytes=26097 ecn_mark=221 drop_l4s=0 drop_classic=430 drop_overload=0
[QUEUE_STATS] t_ms=0.003487 q_pkts=23 q_bytes=28336 ecn_mark=221 drop_l4s=0 drop_classic=430 drop_overload=0
[QUEUE_STATS] t_ms=0.003503 q_pkts=25 q_bytes=30800 ecn_mark=223 drop_l4s=0 drop_classic=431 drop_overload=0
[QUEUE_STATS] t_ms=0.003519 q_pkts=22 q_bytes=27104 ecn_mark=224 drop_l4s=0 drop_classic=435 drop_overload=0
[QUEUE_STATS] t_ms=0.003535 q_pkts=22 q_bytes=27104 ecn_mark=225 drop_l4s=0 drop_classic=438 drop_overload=0
[QUEUE_STATS] t_ms=0.003551 q_pkts=24 q_bytes=29568 ecn_mark=226 drop_l4s=0 drop_classic=438 drop_overload=0
[QUEUE_STATS] t_ms=0.003567 q_pkts=18 q_bytes=22176 ecn_mark=227 drop_l4s=0 drop_classic=445 drop_overload=0
[QUEUE_STATS] t_ms=0.003583 q_pkts=18 q_bytes=22173 ecn_mark=227 drop_l4s=0 drop_classic=448 drop_overload=0
[QUEUE_STATS] t_ms=0.003599 q_pkts=18 q_bytes=22176 ecn_mark=227 drop_l4s=0 drop_classic=450 drop_overload=0
[QUEUE_STATS] t_ms=0.003615 q_pkts=18 q_bytes=22176 ecn_mark=227 drop_l4s=0 drop_classic=453 drop_overload=0
[QUEUE_STATS] t_ms=0.003631 q_pkts=20 q_bytes=24640 ecn_mark=229 drop_l4s=0 drop_classic=453 drop_overload=0
[QUEUE_STATS] t_ms=0.003647 q_pkts=22 q_bytes=27104 ecn_mark=231 drop_l4s=0 drop_classic=454 drop_overload=0
[QUEUE_STATS] t_ms=0.003663 q_pkts=21 q_bytes=25872 ecn_mark=232 drop_l4s=0 drop_classic=457 drop_overload=0
[QUEUE_STATS] t_ms=0.003679 q_pkts=21 q_bytes=25872 ecn_mark=233 drop_l4s=0 drop_classic=460 drop_overload=0
[QUEUE_STATS] t_ms=0.003695 q_pkts=23 q_bytes=28336 ecn_mark=234 drop_l4s=0 drop_classic=460 drop_overload=0
[QUEUE_STATS] t_ms=0.003711 q_pkts=24 q_bytes=29568 ecn_mark=235 drop_l4s=0 drop_classic=461 drop_overload=0
[QUEUE_STATS] t_ms=0.003727 q_pkts=21 q_bytes=25872 ecn_mark=236 drop_l4s=0 drop_classic=466 drop_overload=0
[QUEUE_STATS] t_ms=0.003743 q_pkts=22 q_bytes=27104 ecn_mark=236 drop_l4s=0 drop_classic=467 drop_overload=0
[QUEUE_STATS] t_ms=0.003759 q_pkts=23 q_bytes=28336 ecn_mark=237 drop_l4s=0 drop_classic=469 drop_overload=0
[QUEUE_STATS] t_ms=0.003775 q_pkts=24 q_bytes=29568 ecn_mark=237 drop_l4s=0 drop_classic=471 drop_overload=0
[QUEUE_STATS] t_ms=0.003791 q_pkts=25 q_bytes=31072 ecn_mark=237 drop_l4s=0 drop_classic=471 drop_overload=0
[QUEUE_STATS] t_ms=0.003807 q_pkts=25 q_bytes=30800 ecn_mark=239 drop_l4s=0 drop_classic=474 drop_overload=0
[QUEUE_STATS] t_ms=0.003823 q_pkts=27 q_bytes=33264 ecn_mark=240 drop_l4s=0 drop_classic=475 drop_overload=0
[QUEUE_STATS] t_ms=0.003839 q_pkts=29 q_bytes=36000 ecn_mark=240 drop_l4s=0 drop_classic=476 drop_overload=0
[QUEUE_STATS] t_ms=0.003855 q_pkts=32 q_bytes=39424 ecn_mark=241 drop_l4s=0 drop_classic=476 drop_overload=0
[QUEUE_STATS] t_ms=0.003871 q_pkts=32 q_bytes=38997 ecn_mark=242 drop_l4s=0 drop_classic=479 drop_overload=0
[QUEUE_STATS] t_ms=0.003887 q_pkts=33 q_bytes=40656 ecn_mark=243 drop_l4s=0 drop_classic=480 drop_overload=0
[QUEUE_STATS] t_ms=0.003903 q_pkts=34 q_bytes=41888 ecn_mark=244 drop_l4s=0 drop_classic=482 drop_overload=0
[QUEUE_STATS] t_ms=0.003919 q_pkts=36 q_bytes=44352 ecn_mark=245 drop_l4s=0 drop_classic=483 drop_overload=0
[QUEUE_STATS] t_ms=0.003935 q_pkts=35 q_bytes=43120 ecn_mark=247 drop_l4s=0 drop_classic=487 drop_overload=0
[QUEUE_STATS] t_ms=0.003951 q_pkts=34 q_bytes=42160 ecn_mark=247 drop_l4s=0 drop_classic=491 drop_overload=0
[QUEUE_STATS] t_ms=0.003967 q_pkts=33 q_bytes=40656 ecn_mark=249 drop_l4s=0 drop_classic=494 drop_overload=0
[QUEUE_STATS] t_ms=0.003983 q_pkts=29 q_bytes=35986 ecn_mark=250 drop_l4s=0 drop_classic=500 drop_overload=0
[QUEUE_STATS] t_ms=0.003999 q_pkts=25 q_bytes=30800 ecn_mark=251 drop_l4s=0 drop_classic=506 drop_overload=0
[QUEUE_STATS] t_ms=0.004015 q_pkts=19 q_bytes=23408 ecn_mark=252 drop_l4s=0 drop_classic=514 drop_overload=0
[QUEUE_STATS] t_ms=0.004031 q_pkts=17 q_bytes=20944 ecn_mark=253 drop_l4s=0 drop_classic=517 drop_overload=0
[QUEUE_STATS] t_ms=0.004047 q_pkts=14 q_bytes=17090 ecn_mark=253 drop_l4s=0 drop_classic=522 drop_overload=0
[QUEUE_STATS] t_ms=0.004063 q_pkts=13 q_bytes=16016 ecn_mark=255 drop_l4s=0 drop_classic=525 drop_overload=0
[QUEUE_STATS] t_ms=0.004079 q_pkts=11 q_bytes=13552 ecn_mark=256 drop_l4s=0 drop_classic=529 drop_overload=0
[QUEUE_STATS] t_ms=0.004095 q_pkts=12 q_bytes=14784 ecn_mark=257 drop_l4s=0 drop_classic=529 drop_overload=0
[QUEUE_STATS] t_ms=0.004111 q_pkts=14 q_bytes=17248 ecn_mark=258 drop_l4s=0 drop_classic=530 drop_overload=0
[QUEUE_STATS] t_ms=0.004127 q_pkts=6 q_bytes=7392 ecn_mark=258 drop_l4s=0 drop_classic=539 drop_overload=0
[QUEUE_STATS] t_ms=0.004143 q_pkts=9 q_bytes=11088 ecn_mark=260 drop_l4s=0 drop_classic=539 drop_overload=0
[QUEUE_STATS] t_ms=0.004159 q_pkts=7 q_bytes=8624 ecn_mark=260 drop_l4s=0 drop_classic=542 drop_overload=0
[QUEUE_STATS] t_ms=0.004175 q_pkts=10 q_bytes=12320 ecn_mark=261 drop_l4s=0 drop_classic=542 drop_overload=0
[QUEUE_STATS] t_ms=0.004191 q_pkts=8 q_bytes=9856 ecn_mark=261 drop_l4s=0 drop_classic=546 drop_overload=0
[QUEUE_STATS] t_ms=0.004207 q_pkts=11 q_bytes=13552 ecn_mark=262 drop_l4s=0 drop_classic=546 drop_overload=0
[QUEUE_STATS] t_ms=0.004223 q_pkts=9 q_bytes=11088 ecn_mark=262 drop_l4s=0 drop_classic=549 drop_overload=0
[QUEUE_STATS] t_ms=0.004239 q_pkts=9 q_bytes=11088 ecn_mark=262 drop_l4s=0 drop_classic=552 drop_overload=0
[QUEUE_STATS] t_ms=0.004255 q_pkts=11 q_bytes=13552 ecn_mark=264 drop_l4s=0 drop_classic=553 drop_overload=0
[QUEUE_STATS] t_ms=0.004271 q_pkts=15 q_bytes=17572 ecn_mark=264 drop_l4s=0 drop_classic=553 drop_overload=0
[QUEUE_STATS] t_ms=0.004287 q_pkts=13 q_bytes=16016 ecn_mark=266 drop_l4s=0 drop_classic=556 drop_overload=0
[QUEUE_STATS] t_ms=0.004303 q_pkts=12 q_bytes=14784 ecn_mark=267 drop_l4s=0 drop_classic=560 drop_overload=0
[QUEUE_STATS] t_ms=0.004319 q_pkts=13 q_bytes=16016 ecn_mark=268 drop_l4s=0 drop_classic=560 drop_overload=0
[QUEUE_STATS] t_ms=0.004335 q_pkts=15 q_bytes=18480 ecn_mark=268 drop_l4s=0 drop_classic=560 drop_overload=0
[QUEUE_STATS] t_ms=0.004351 q_pkts=16 q_bytes=19712 ecn_mark=269 drop_l4s=0 drop_classic=562 drop_overload=0
[QUEUE_STATS] t_ms=0.004367 q_pkts=13 q_bytes=16016 ecn_mark=271 drop_l4s=0 drop_classic=567 drop_overload=0
[QUEUE_STATS] t_ms=0.004383 q_pkts=13 q_bytes=16016 ecn_mark=272 drop_l4s=0 drop_classic=569 drop_overload=0
[QUEUE_STATS] t_ms=0.004399 q_pkts=12 q_bytes=14784 ecn_mark=272 drop_l4s=0 drop_classic=571 drop_overload=0
[QUEUE_STATS] t_ms=0.004415 q_pkts=10 q_bytes=12320 ecn_mark=272 drop_l4s=0 drop_classic=576 drop_overload=0
[QUEUE_STATS] t_ms=0.004431 q_pkts=10 q_bytes=12592 ecn_mark=273 drop_l4s=0 drop_classic=579 drop_overload=0
[QUEUE_STATS] t_ms=0.004447 q_pkts=10 q_bytes=12320 ecn_mark=274 drop_l4s=0 drop_classic=581 drop_overload=0
[QUEUE_STATS] t_ms=0.004463 q_pkts=11 q_bytes=13552 ecn_mark=276 drop_l4s=0 drop_classic=583 drop_overload=0
[QUEUE_STATS] t_ms=0.004479 q_pkts=11 q_bytes=13552 ecn_mark=277 drop_l4s=0 drop_classic=584 drop_overload=0
[QUEUE_STATS] t_ms=0.004495 q_pkts=12 q_bytes=14784 ecn_mark=278 drop_l4s=0 drop_classic=585 drop_overload=0
[QUEUE_STATS] t_ms=0.004511 q_pkts=12 q_bytes=14784 ecn_mark=279 drop_l4s=0 drop_classic=586 drop_overload=0
[QUEUE_STATS] t_ms=0.004527 q_pkts=12 q_bytes=14784 ecn_mark=280 drop_l4s=0 drop_classic=588 drop_overload=0
[QUEUE_STATS] t_ms=0.004543 q_pkts=14 q_bytes=17073 ecn_mark=280 drop_l4s=0 drop_classic=588 drop_overload=0
[QUEUE_STATS] t_ms=0.004559 q_pkts=15 q_bytes=18480 ecn_mark=282 drop_l4s=0 drop_classic=588 drop_overload=0
[QUEUE_STATS] t_ms=0.004575 q_pkts=12 q_bytes=14784 ecn_mark=283 drop_l4s=0 drop_classic=592 drop_overload=0
[QUEUE_STATS] t_ms=0.004591 q_pkts=10 q_bytes=12320 ecn_mark=284 drop_l4s=0 drop_classic=595 drop_overload=0
[QUEUE_STATS] t_ms=0.004607 q_pkts=12 q_bytes=14784 ecn_mark=285 drop_l4s=0 drop_classic=595 drop_overload=0
[QUEUE_STATS] t_ms=0.004623 q_pkts=12 q_bytes=14784 ecn_mark=286 drop_l4s=0 drop_classic=596 drop_overload=0
[QUEUE_STATS] t_ms=0.004639 q_pkts=13 q_bytes=16016 ecn_mark=288 drop_l4s=0 drop_classic=597 drop_overload=0
[QUEUE_STATS] t_ms=0.004655 q_pkts=10 q_bytes=11693 ecn_mark=288 drop_l4s=0 drop_classic=600 drop_overload=0
[QUEUE_STATS] t_ms=0.004671 q_pkts=10 q_bytes=12320 ecn_mark=288 drop_l4s=0 drop_classic=602 drop_overload=0
[QUEUE_STATS] t_ms=0.004687 q_pkts=13 q_bytes=16016 ecn_mark=288 drop_l4s=0 drop_classic=602 drop_overload=0
[QUEUE_STATS] t_ms=0.004703 q_pkts=16 q_bytes=19712 ecn_mark=289 drop_l4s=0 drop_classic=602 drop_overload=0
[QUEUE_STATS] t_ms=0.004719 q_pkts=17 q_bytes=21216 ecn_mark=290 drop_l4s=0 drop_classic=603 drop_overload=0
[QUEUE_STATS] t_ms=0.004735 q_pkts=16 q_bytes=19712 ecn_mark=291 drop_l4s=0 drop_classic=606 drop_overload=0
[QUEUE_STATS] t_ms=0.004751 q_pkts=18 q_bytes=22176 ecn_mark=292 drop_l4s=0 drop_classic=607 drop_overload=0
[QUEUE_STATS] t_ms=0.004767 q_pkts=18 q_bytes=22176 ecn_mark=293 drop_l4s=0 drop_classic=610 drop_overload=0
[QUEUE_STATS] t_ms=0.004783 q_pkts=16 q_bytes=19712 ecn_mark=293 drop_l4s=0 drop_classic=613 drop_overload=0
[QUEUE_STATS] t_ms=0.004799 q_pkts=18 q_bytes=22176 ecn_mark=295 drop_l4s=0 drop_classic=614 drop_overload=0
[QUEUE_STATS] t_ms=0.004815 q_pkts=19 q_bytes=23408 ecn_mark=295 drop_l4s=0 drop_classic=614 drop_overload=0
[QUEUE_STATS] t_ms=0.004831 q_pkts=21 q_bytes=25872 ecn_mark=297 drop_l4s=0 drop_classic=615 drop_overload=0
[QUEUE_STATS] t_ms=0.004847 q_pkts=21 q_bytes=25840 ecn_mark=298 drop_l4s=0 drop_classic=617 drop_overload=0
[QUEUE_STATS] t_ms=0.004863 q_pkts=22 q_bytes=27104 ecn_mark=298 drop_l4s=0 drop_classic=618 drop_overload=0
[QUEUE_STATS] t_ms=0.004879 q_pkts=24 q_bytes=29840 ecn_mark=299 drop_l4s=0 drop_classic=619 drop_overload=0
[QUEUE_STATS] t_ms=0.004895 q_pkts=25 q_bytes=30800 ecn_mark=299 drop_l4s=0 drop_classic=620 drop_overload=0
[QUEUE_STATS] t_ms=0.004911 q_pkts=23 q_bytes=28608 ecn_mark=300 drop_l4s=0 drop_classic=623 drop_overload=0
[QUEUE_STATS] t_ms=0.004927 q_pkts=24 q_bytes=29568 ecn_mark=302 drop_l4s=0 drop_classic=625 drop_overload=0
[QUEUE_STATS] t_ms=0.004943 q_pkts=25 q_bytes=30956 ecn_mark=302 drop_l4s=0 drop_classic=626 drop_overload=0
[QUEUE_STATS] t_ms=0.004959 q_pkts=23 q_bytes=28336 ecn_mark=304 drop_l4s=0 drop_classic=630 drop_overload=0
[QUEUE_STATS] t_ms=0.004975 q_pkts=23 q_bytes=28279 ecn_mark=305 drop_l4s=0 drop_classic=632 drop_overload=0
[QUEUE_STATS] t_ms=0.004991 q_pkts=21 q_bytes=25872 ecn_mark=307 drop_l4s=0 drop_classic=635 drop_overload=0
[QUEUE_STATS] t_ms=0.005007 q_pkts=19 q_bytes=23016 ecn_mark=308 drop_l4s=0 drop_classic=638 drop_overload=0
[QUEUE_STATS] t_ms=0.005023 q_pkts=21 q_bytes=25872 ecn_mark=308 drop_l4s=0 drop_classic=639 drop_overload=0
[QUEUE_STATS] t_ms=0.005039 q_pkts=22 q_bytes=27087 ecn_mark=309 drop_l4s=0 drop_classic=640 drop_overload=0
[QUEUE_STATS] t_ms=0.005055 q_pkts=21 q_bytes=25872 ecn_mark=310 drop_l4s=0 drop_classic=643 drop_overload=0
[QUEUE_STATS] t_ms=0.005071 q_pkts=20 q_bytes=24640 ecn_mark=311 drop_l4s=0 drop_classic=645 drop_overload=0
[QUEUE_STATS] t_ms=0.005087 q_pkts=19 q_bytes=23408 ecn_mark=312 drop_l4s=0 drop_classic=648 drop_overload=0
[QUEUE_STATS] t_ms=0.005103 q_pkts=21 q_bytes=25872 ecn_mark=314 drop_l4s=0 drop_classic=648 drop_overload=0
[QUEUE_STATS] t_ms=0.005119 q_pkts=17 q_bytes=20944 ecn_mark=315 drop_l4s=0 drop_classic=653 drop_overload=0
[QUEUE_STATS] t_ms=0.005135 q_pkts=17 q_bytes=20944 ecn_mark=315 drop_l4s=0 drop_classic=654 drop_overload=0
[QUEUE_STATS] t_ms=0.005151 q_pkts=17 q_bytes=20944 ecn_mark=315 drop_l4s=0 drop_classic=656 drop_overload=0
[QUEUE_STATS] t_ms=0.005167 q_pkts=16 q_bytes=19712 ecn_mark=317 drop_l4s=0 drop_classic=658 drop_overload=0
[QUEUE_STATS] t_ms=0.005183 q_pkts=17 q_bytes=20944 ecn_mark=318 drop_l4s=0 drop_classic=659 drop_overload=0
[QUEUE_STATS] t_ms=0.005199 q_pkts=15 q_bytes=18480 ecn_mark=319 drop_l4s=0 drop_classic=662 drop_overload=0
[QUEUE_STATS] t_ms=0.005215 q_pkts=13 q_bytes=16016 ecn_mark=319 drop_l4s=0 drop_classic=665 drop_overload=0
[QUEUE_STATS] t_ms=0.005231 q_pkts=14 q_bytes=17248 ecn_mark=320 drop_l4s=0 drop_classic=667 drop_overload=0
[QUEUE_STATS] t_ms=0.005247 q_pkts=14 q_bytes=17248 ecn_mark=321 drop_l4s=0 drop_classic=668 drop_overload=0
[QUEUE_STATS] t_ms=0.005263 q_pkts=15 q_bytes=18294 ecn_mark=322 drop_l4s=0 drop_classic=670 drop_overload=0
[QUEUE_STATS] t_ms=0.005279 q_pkts=14 q_bytes=17248 ecn_mark=323 drop_l4s=0 drop_classic=672 drop_overload=0
[QUEUE_STATS] t_ms=0.005295 q_pkts=14 q_bytes=17248 ecn_mark=324 drop_l4s=0 drop_classic=673 drop_overload=0
[QUEUE_STATS] t_ms=0.005311 q_pkts=15 q_bytes=18480 ecn_mark=324 drop_l4s=0 drop_classic=674 drop_overload=0
[QUEUE_STATS] t_ms=0.005327 q_pkts=14 q_bytes=17248 ecn_mark=325 drop_l4s=0 drop_classic=676 drop_overload=0
[QUEUE_STATS] t_ms=0.005343 q_pkts=16 q_bytes=19712 ecn_mark=325 drop_l4s=0 drop_classic=676 drop_overload=0
[QUEUE_STATS] t_ms=0.005359 q_pkts=19 q_bytes=23408 ecn_mark=326 drop_l4s=0 drop_classic=676 drop_overload=0
[QUEUE_STATS] t_ms=0.005375 q_pkts=14 q_bytes=17248 ecn_mark=327 drop_l4s=0 drop_classic=682 drop_overload=0
[QUEUE_STATS] t_ms=0.005391 q_pkts=13 q_bytes=16016 ecn_mark=328 drop_l4s=0 drop_classic=686 drop_overload=0
[QUEUE_STATS] t_ms=0.005407 q_pkts=14 q_bytes=17248 ecn_mark=329 drop_l4s=0 drop_classic=687 drop_overload=0
[QUEUE_STATS] t_ms=0.005423 q_pkts=15 q_bytes=18480 ecn_mark=330 drop_l4s=0 drop_classic=689 drop_overload=0
[QUEUE_STATS] t_ms=0.005439 q_pkts=14 q_bytes=17248 ecn_mark=330 drop_l4s=0 drop_classic=691 drop_overload=0
[QUEUE_STATS] t_ms=0.005455 q_pkts=14 q_bytes=17248 ecn_mark=330 drop_l4s=0 drop_classic=694 drop_overload=0
[QUEUE_STATS] t_ms=0.005471 q_pkts=14 q_bytes=17248 ecn_mark=332 drop_l4s=0 drop_classic=696 drop_overload=0
[QUEUE_STATS] t_ms=0.005487 q_pkts=14 q_bytes=17248 ecn_mark=333 drop_l4s=0 drop_classic=698 drop_overload=0
[QUEUE_STATS] t_ms=0.005503 q_pkts=17 q_bytes=20944 ecn_mark=333 drop_l4s=0 drop_classic=698 drop_overload=0
[QUEUE_STATS] t_ms=0.005519 q_pkts=15 q_bytes=18631 ecn_mark=334 drop_l4s=0 drop_classic=703 drop_overload=0
[QUEUE_STATS] t_ms=0.005535 q_pkts=14 q_bytes=17248 ecn_mark=335 drop_l4s=0 drop_classic=705 drop_overload=0
[QUEUE_STATS] t_ms=0.005551 q_pkts=13 q_bytes=16288 ecn_mark=335 drop_l4s=0 drop_classic=709 drop_overload=0
[QUEUE_STATS] t_ms=0.005567 q_pkts=15 q_bytes=18480 ecn_mark=336 drop_l4s=0 drop_classic=709 drop_overload=0
[QUEUE_STATS] t_ms=0.005583 q_pkts=17 q_bytes=20944 ecn_mark=336 drop_l4s=0 drop_classic=710 drop_overload=0
[QUEUE_STATS] t_ms=0.005599 q_pkts=18 q_bytes=22176 ecn_mark=336 drop_l4s=0 drop_classic=712 drop_overload=0
[QUEUE_STATS] t_ms=0.005615 q_pkts=21 q_bytes=25872 ecn_mark=337 drop_l4s=0 drop_classic=712 drop_overload=0
[QUEUE_STATS] t_ms=0.005631 q_pkts=21 q_bytes=25872 ecn_mark=338 drop_l4s=0 drop_classic=715 drop_overload=0
[QUEUE_STATS] t_ms=0.005647 q_pkts=24 q_bytes=29840 ecn_mark=339 drop_l4s=0 drop_classic=716 drop_overload=0
[QUEUE_STATS] t_ms=0.005663 q_pkts=24 q_bytes=29568 ecn_mark=341 drop_l4s=0 drop_classic=718 drop_overload=0
[QUEUE_STATS] t_ms=0.005679 q_pkts=23 q_bytes=28336 ecn_mark=343 drop_l4s=0 drop_classic=721 drop_overload=0
[QUEUE_STATS] t_ms=0.005695 q_pkts=20 q_bytes=24640 ecn_mark=344 drop_l4s=0 drop_classic=727 drop_overload=0
[QUEUE_STATS] t_ms=0.005711 q_pkts=22 q_bytes=27104 ecn_mark=345 drop_l4s=0 drop_classic=727 drop_overload=0
[QUEUE_STATS] t_ms=0.005727 q_pkts=21 q_bytes=25902 ecn_mark=346 drop_l4s=0 drop_classic=731 drop_overload=0
[QUEUE_STATS] t_ms=0.005743 q_pkts=22 q_bytes=27104 ecn_mark=348 drop_l4s=0 drop_classic=731 drop_overload=0
[QUEUE_STATS] t_ms=0.005759 q_pkts=21 q_bytes=25872 ecn_mark=349 drop_l4s=0 drop_classic=734 drop_overload=0
[QUEUE_STATS] t_ms=0.005775 q_pkts=21 q_bytes=25872 ecn_mark=349 drop_l4s=0 drop_classic=735 drop_overload=0
[QUEUE_STATS] t_ms=0.005791 q_pkts=22 q_bytes=27104 ecn_mark=349 drop_l4s=0 drop_classic=736 drop_overload=0
[QUEUE_STATS] t_ms=0.005807 q_pkts=23 q_bytes=28336 ecn_mark=349 drop_l4s=0 drop_classic=738 drop_overload=0
[QUEUE_STATS] t_ms=0.005823 q_pkts=25 q_bytes=30800 ecn_mark=350 drop_l4s=0 drop_classic=739 drop_overload=0
[QUEUE_STATS] t_ms=0.005839 q_pkts=22 q_bytes=27376 ecn_mark=350 drop_l4s=0 drop_classic=743 drop_overload=0
[QUEUE_STATS] t_ms=0.005855 q_pkts=23 q_bytes=28336 ecn_mark=352 drop_l4s=0 drop_classic=745 drop_overload=0
[QUEUE_STATS] t_ms=0.005871 q_pkts=26 q_bytes=32032 ecn_mark=353 drop_l4s=0 drop_classic=745 drop_overload=0
[QUEUE_STATS] t_ms=0.005887 q_pkts=22 q_bytes=27104 ecn_mark=354 drop_l4s=0 drop_classic=751 drop_overload=0
[QUEUE_STATS] t_ms=0.005903 q_pkts=20 q_bytes=24912 ecn_mark=354 drop_l4s=0 drop_classic=754 drop_overload=0
[QUEUE_STATS] t_ms=0.005919 q_pkts=22 q_bytes=27104 ecn_mark=355 drop_l4s=0 drop_classic=755 drop_overload=0
[QUEUE_STATS] t_ms=0.005935 q_pkts=19 q_bytes=23408 ecn_mark=355 drop_l4s=0 drop_classic=760 drop_overload=0
[QUEUE_STATS] t_ms=0.005951 q_pkts=21 q_bytes=25872 ecn_mark=357 drop_l4s=0 drop_classic=761 drop_overload=0
[QUEUE_STATS] t_ms=0.005967 q_pkts=21 q_bytes=25872 ecn_mark=357 drop_l4s=0 drop_classic=763 drop_overload=0
[QUEUE_STATS] t_ms=0.005983 q_pkts=20 q_bytes=24640 ecn_mark=358 drop_l4s=0 drop_classic=767 drop_overload=0
[QUEUE_STATS] t_ms=0.005999 q_pkts=19 q_bytes=23408 ecn_mark=359 drop_l4s=0 drop_classic=769 drop_overload=0
[QUEUE_STATS] t_ms=0.006015 q_pkts=19 q_bytes=23408 ecn_mark=361 drop_l4s=0 drop_classic=772 drop_overload=0
[QUEUE_STATS] t_ms=0.006031 q_pkts=18 q_bytes=22176 ecn_mark=362 drop_l4s=0 drop_classic=775 drop_overload=0
[QUEUE_STATS] t_ms=0.006047 q_pkts=18 q_bytes=22176 ecn_mark=363 drop_l4s=0 drop_classic=777 drop_overload=0
[QUEUE_STATS] t_ms=0.006063 q_pkts=19 q_bytes=23680 ecn_mark=364 drop_l4s=0 drop_classic=777 drop_overload=0
[QUEUE_STATS] t_ms=0.006079 q_pkts=22 q_bytes=27104 ecn_mark=364 drop_l4s=0 drop_classic=777 drop_overload=0
[QUEUE_STATS] t_ms=0.006095 q_pkts=23 q_bytes=28336 ecn_mark=364 drop_l4s=0 drop_classic=778 drop_overload=0
[QUEUE_STATS] t_ms=0.006111 q_pkts=26 q_bytes=32032 ecn_mark=364 drop_l4s=0 drop_classic=778 drop_overload=0
[QUEUE_STATS] t_ms=0.006127 q_pkts=26 q_bytes=32304 ecn_mark=365 drop_l4s=0 drop_classic=781 drop_overload=0
[QUEUE_STATS] t_ms=0.006143 q_pkts=25 q_bytes=30800 ecn_mark=367 drop_l4s=0 drop_classic=785 drop_overload=0
[QUEUE_STATS] t_ms=0.006159 q_pkts=24 q_bytes=29568 ecn_mark=368 drop_l4s=0 drop_classic=789 drop_overload=0
[QUEUE_STATS] t_ms=0.006175 q_pkts=22 q_bytes=27104 ecn_mark=370 drop_l4s=0 drop_classic=794 drop_overload=0
[QUEUE_STATS] t_ms=0.006191 q_pkts=19 q_bytes=23429 ecn_mark=371 drop_l4s=0 drop_classic=799 drop_overload=0
[QUEUE_STATS] t_ms=0.006207 q_pkts=19 q_bytes=23408 ecn_mark=371 drop_l4s=0 drop_classic=801 drop_overload=0
[QUEUE_STATS] t_ms=0.006223 q_pkts=17 q_bytes=20944 ecn_mark=373 drop_l4s=0 drop_classic=805 drop_overload=0
[QUEUE_STATS] t_ms=0.006239 q_pkts=14 q_bytes=17248 ecn_mark=373 drop_l4s=0 drop_classic=810 drop_overload=0
[QUEUE_STATS] t_ms=0.006255 q_pkts=17 q_bytes=20944 ecn_mark=374 drop_l4s=0 drop_classic=810 drop_overload=0
[QUEUE_STATS] t_ms=0.006271 q_pkts=20 q_bytes=24640 ecn_mark=375 drop_l4s=0 drop_classic=810 drop_overload=0
[QUEUE_STATS] t_ms=0.006287 q_pkts=21 q_bytes=25872 ecn_mark=376 drop_l4s=0 drop_classic=810 drop_overload=0
[QUEUE_STATS] t_ms=0.006303 q_pkts=24 q_bytes=29840 ecn_mark=376 drop_l4s=0 drop_classic=810 drop_overload=0
[QUEUE_STATS] t_ms=0.006319 q_pkts=25 q_bytes=30800 ecn_mark=378 drop_l4s=0 drop_classic=811 drop_overload=0
[QUEUE_STATS] t_ms=0.006335 q_pkts=23 q_bytes=28336 ecn_mark=379 drop_l4s=0 drop_classic=814 drop_overload=0
[QUEUE_STATS] t_ms=0.006351 q_pkts=21 q_bytes=25860 ecn_mark=380 drop_l4s=0 drop_classic=819 drop_overload=0
[QUEUE_STATS] t_ms=0.006367 q_pkts=22 q_bytes=27104 ecn_mark=382 drop_l4s=0 drop_classic=820 drop_overload=0
[QUEUE_STATS] t_ms=0.006383 q_pkts=19 q_bytes=23408 ecn_mark=383 drop_l4s=0 drop_classic=824 drop_overload=0
[QUEUE_STATS] t_ms=0.006399 q_pkts=17 q_bytes=20944 ecn_mark=383 drop_l4s=0 drop_classic=827 drop_overload=0
[QUEUE_STATS] t_ms=0.006415 q_pkts=16 q_bytes=19472 ecn_mark=384 drop_l4s=0 drop_classic=829 drop_overload=0
[QUEUE_STATS] t_ms=0.006431 q_pkts=15 q_bytes=17949 ecn_mark=385 drop_l4s=0 drop_classic=831 drop_overload=0
[QUEUE_STATS] t_ms=0.006447 q_pkts=16 q_bytes=19712 ecn_mark=386 drop_l4s=0 drop_classic=832 drop_overload=0
[QUEUE_STATS] t_ms=0.006463 q_pkts=13 q_bytes=16016 ecn_mark=388 drop_l4s=0 drop_classic=837 drop_overload=0
[QUEUE_STATS] t_ms=0.006479 q_pkts=14 q_bytes=17248 ecn_mark=389 drop_l4s=0 drop_classic=837 drop_overload=0
[QUEUE_STATS] t_ms=0.006495 q_pkts=15 q_bytes=18480 ecn_mark=391 drop_l4s=0 drop_classic=837 drop_overload=0
[QUEUE_STATS] t_ms=0.006511 q_pkts=16 q_bytes=19712 ecn_mark=392 drop_l4s=0 drop_classic=837 drop_overload=0
[QUEUE_STATS] t_ms=0.006527 q_pkts=14 q_bytes=17248 ecn_mark=393 drop_l4s=0 drop_classic=840 drop_overload=0
[QUEUE_STATS] t_ms=0.006543 q_pkts=12 q_bytes=14784 ecn_mark=394 drop_l4s=0 drop_classic=843 drop_overload=0
[QUEUE_STATS] t_ms=0.006559 q_pkts=12 q_bytes=14784 ecn_mark=395 drop_l4s=0 drop_classic=844 drop_overload=0
[QUEUE_STATS] t_ms=0.006575 q_pkts=12 q_bytes=14856 ecn_mark=395 drop_l4s=0 drop_classic=846 drop_overload=0
[QUEUE_STATS] t_ms=0.006591 q_pkts=12 q_bytes=14784 ecn_mark=396 drop_l4s=0 drop_classic=849 drop_overload=0
[QUEUE_STATS] t_ms=0.006607 q_pkts=12 q_bytes=14784 ecn_mark=397 drop_l4s=0 drop_classic=851 drop_overload=0
[QUEUE_STATS] t_ms=0.006623 q_pkts=11 q_bytes=13552 ecn_mark=397 drop_l4s=0 drop_classic=854 drop_overload=0
[QUEUE_STATS] t_ms=0.006639 q_pkts=10 q_bytes=12320 ecn_mark=398 drop_l4s=0 drop_classic=858 drop_overload=0
[QUEUE_STATS] t_ms=0.006655 q_pkts=11 q_bytes=13552 ecn_mark=399 drop_l4s=0 drop_classic=858 drop_overload=0
[QUEUE_STATS] t_ms=0.006671 q_pkts=12 q_bytes=14784 ecn_mark=400 drop_l4s=0 drop_classic=860 drop_overload=0
[QUEUE_STATS] t_ms=0.006687 q_pkts=14 q_bytes=17248 ecn_mark=401 drop_l4s=0 drop_classic=860 drop_overload=0
[QUEUE_STATS] t_ms=0.006703 q_pkts=17 q_bytes=20944 ecn_mark=403 drop_l4s=0 drop_classic=860 drop_overload=0
[QUEUE_STATS] t_ms=0.006719 q_pkts=17 q_bytes=20944 ecn_mark=403 drop_l4s=0 drop_classic=861 drop_overload=0
[QUEUE_STATS] t_ms=0.006735 q_pkts=19 q_bytes=23408 ecn_mark=404 drop_l4s=0 drop_classic=861 drop_overload=0
[QUEUE_STATS] t_ms=0.006751 q_pkts=15 q_bytes=18480 ecn_mark=405 drop_l4s=0 drop_classic=866 drop_overload=0
[QUEUE_STATS] t_ms=0.006767 q_pkts=11 q_bytes=13552 ecn_mark=405 drop_l4s=0 drop_classic=871 drop_overload=0
[QUEUE_STATS] t_ms=0.006783 q_pkts=14 q_bytes=17248 ecn_mark=405 drop_l4s=0 drop_classic=871 drop_overload=0
[QUEUE_STATS] t_ms=0.006799 q_pkts=14 q_bytes=17415 ecn_mark=406 drop_l4s=0 drop_classic=873 drop_overload=0
[QUEUE_STATS] t_ms=0.006815 q_pkts=14 q_bytes=17248 ecn_mark=407 drop_l4s=0 drop_classic=875 drop_overload=0
[QUEUE_STATS] t_ms=0.006831 q_pkts=11 q_bytes=13552 ecn_mark=408 drop_l4s=0 drop_classic=880 drop_overload=0
[QUEUE_STATS] t_ms=0.006847 q_pkts=12 q_bytes=14784 ecn_mark=409 drop_l4s=0 drop_classic=880 drop_overload=0
[QUEUE_STATS] t_ms=0.006863 q_pkts=15 q_bytes=18347 ecn_mark=410 drop_l4s=0 drop_classic=880 drop_overload=0
[QUEUE_STATS] t_ms=0.006879 q_pkts=16 q_bytes=19250 ecn_mark=411 drop_l4s=0 drop_classic=880 drop_overload=0
[QUEUE_STATS] t_ms=0.006895 q_pkts=15 q_bytes=18480 ecn_mark=413 drop_l4s=0 drop_classic=882 drop_overload=0
[QUEUE_STATS] t_ms=0.006911 q_pkts=16 q_bytes=19712 ecn_mark=413 drop_l4s=0 drop_classic=882 drop_overload=0
[QUEUE_STATS] t_ms=0.006927 q_pkts=15 q_bytes=18480 ecn_mark=413 drop_l4s=0 drop_classic=884 drop_overload=0
[QUEUE_STATS] t_ms=0.006943 q_pkts=17 q_bytes=20944 ecn_mark=414 drop_l4s=0 drop_classic=884 drop_overload=0
[QUEUE_STATS] t_ms=0.006959 q_pkts=17 q_bytes=20944 ecn_mark=416 drop_l4s=0 drop_classic=886 drop_overload=0
[QUEUE_STATS] t_ms=0.006975 q_pkts=17 q_bytes=20944 ecn_mark=416 drop_l4s=0 drop_classic=888 drop_overload=0
[QUEUE_STATS] t_ms=0.006991 q_pkts=19 q_bytes=23408 ecn_mark=418 drop_l4s=0 drop_classic=888 drop_overload=0
[QUEUE_STATS] t_ms=0.007007 q_pkts=14 q_bytes=17248 ecn_mark=419 drop_l4s=0 drop_classic=894 drop_overload=0
[QUEUE_STATS] t_ms=0.007023 q_pkts=15 q_bytes=18480 ecn_mark=421 drop_l4s=0 drop_classic=895 drop_overload=0
[QUEUE_STATS] t_ms=0.007039 q_pkts=14 q_bytes=17248 ecn_mark=421 drop_l4s=0 drop_classic=897 drop_overload=0
[QUEUE_STATS] t_ms=0.007055 q_pkts=14 q_bytes=17248 ecn_mark=422 drop_l4s=0 drop_classic=899 drop_overload=0
[QUEUE_STATS] t_ms=0.007071 q_pkts=12 q_bytes=14784 ecn_mark=422 drop_l4s=0 drop_classic=902 drop_overload=0
[QUEUE_STATS] t_ms=0.007087 q_pkts=13 q_bytes=16016 ecn_mark=423 drop_l4s=0 drop_classic=903 drop_overload=0
[QUEUE_STATS] t_ms=0.007103 q_pkts=13 q_bytes=16016 ecn_mark=423 drop_l4s=0 drop_classic=904 drop_overload=0
[QUEUE_STATS] t_ms=0.007119 q_pkts=15 q_bytes=18480 ecn_mark=423 drop_l4s=0 drop_classic=905 drop_overload=0
[QUEUE_STATS] t_ms=0.007135 q_pkts=16 q_bytes=19712 ecn_mark=423 drop_l4s=0 drop_classic=907 drop_overload=0
[QUEUE_STATS] t_ms=0.007151 q_pkts=20 q_bytes=24912 ecn_mark=424 drop_l4s=0 drop_classic=907 drop_overload=0
[QUEUE_STATS] t_ms=0.007167 q_pkts=18 q_bytes=22176 ecn_mark=425 drop_l4s=0 drop_classic=910 drop_overload=0
[QUEUE_STATS] t_ms=0.007183 q_pkts=20 q_bytes=24912 ecn_mark=426 drop_l4s=0 drop_classic=911 drop_overload=0
[QUEUE_STATS] t_ms=0.007199 q_pkts=22 q_bytes=27104 ecn_mark=426 drop_l4s=0 drop_classic=912 drop_overload=0
[QUEUE_STATS] t_ms=0.007215 q_pkts=25 q_bytes=30800 ecn_mark=429 drop_l4s=0 drop_classic=913 drop_overload=0
[QUEUE_STATS] t_ms=0.007231 q_pkts=26 q_bytes=32032 ecn_mark=430 drop_l4s=0 drop_classic=914 drop_overload=0
[QUEUE_STATS] t_ms=0.007247 q_pkts=25 q_bytes=30800 ecn_mark=431 drop_l4s=0 drop_classic=917 drop_overload=0
[QUEUE_STATS] t_ms=0.007263 q_pkts=27 q_bytes=33264 ecn_mark=431 drop_l4s=0 drop_classic=917 drop_overload=0
[QUEUE_STATS] t_ms=0.007279 q_pkts=29 q_bytes=35728 ecn_mark=431 drop_l4s=0 drop_classic=917 drop_overload=0
[QUEUE_STATS] t_ms=0.007295 q_pkts=30 q_bytes=36960 ecn_mark=432 drop_l4s=0 drop_classic=919 drop_overload=0
[QUEUE_STATS] t_ms=0.007311 q_pkts=32 q_bytes=39424 ecn_mark=432 drop_l4s=0 drop_classic=920 drop_overload=0
[QUEUE_STATS] t_ms=0.007327 q_pkts=34 q_bytes=41888 ecn_mark=433 drop_l4s=0 drop_classic=921 drop_overload=0
[QUEUE_STATS] t_ms=0.007343 q_pkts=35 q_bytes=43120 ecn_mark=435 drop_l4s=0 drop_classic=923 drop_overload=0
[QUEUE_STATS] t_ms=0.007359 q_pkts=34 q_bytes=41888 ecn_mark=437 drop_l4s=0 drop_classic=927 drop_overload=0
[QUEUE_STATS] t_ms=0.007375 q_pkts=33 q_bytes=40656 ecn_mark=438 drop_l4s=0 drop_classic=930 drop_overload=0
[QUEUE_STATS] t_ms=0.007391 q_pkts=30 q_bytes=37112 ecn_mark=439 drop_l4s=0 drop_classic=934 drop_overload=0
[QUEUE_STATS] t_ms=0.007407 q_pkts=28 q_bytes=34274 ecn_mark=440 drop_l4s=0 drop_classic=937 drop_overload=0
[QUEUE_STATS] t_ms=0.007423 q_pkts=28 q_bytes=34496 ecn_mark=441 drop_l4s=0 drop_classic=940 drop_overload=0
[QUEUE_STATS] t_ms=0.007439 q_pkts=25 q_bytes=30800 ecn_mark=441 drop_l4s=0 drop_classic=944 drop_overload=0
[QUEUE_STATS] t_ms=0.007455 q_pkts=27 q_bytes=33264 ecn_mark=442 drop_l4s=0 drop_classic=944 drop_overload=0
[QUEUE_STATS] t_ms=0.007471 q_pkts=29 q_bytes=35728 ecn_mark=443 drop_l4s=0 drop_classic=944 drop_overload=0
[QUEUE_STATS] t_ms=0.007487 q_pkts=27 q_bytes=33382 ecn_mark=443 drop_l4s=0 drop_classic=947 drop_overload=0
[QUEUE_STATS] t_ms=0.007503 q_pkts=30 q_bytes=36960 ecn_mark=445 drop_l4s=0 drop_classic=947 drop_overload=0
[QUEUE_STATS] t_ms=0.007519 q_pkts=26 q_bytes=32041 ecn_mark=445 drop_l4s=0 drop_classic=952 drop_overload=0
[QUEUE_STATS] t_ms=0.007535 q_pkts=27 q_bytes=33264 ecn_mark=447 drop_l4s=0 drop_classic=954 drop_overload=0
[QUEUE_STATS] t_ms=0.007551 q_pkts=25 q_bytes=30725 ecn_mark=448 drop_l4s=0 drop_classic=957 drop_overload=0
[QUEUE_STATS] t_ms=0.007567 q_pkts=25 q_bytes=30800 ecn_mark=449 drop_l4s=0 drop_classic=960 drop_overload=0
[QUEUE_STATS] t_ms=0.007583 q_pkts=24 q_bytes=29340 ecn_mark=450 drop_l4s=0 drop_classic=963 drop_overload=0
[QUEUE_STATS] t_ms=0.007599 q_pkts=23 q_bytes=28336 ecn_mark=452 drop_l4s=0 drop_classic=965 drop_overload=0
[QUEUE_STATS] t_ms=0.007615 q_pkts=23 q_bytes=27817 ecn_mark=453 drop_l4s=0 drop_classic=966 drop_overload=0
[QUEUE_STATS] t_ms=0.007631 q_pkts=24 q_bytes=29568 ecn_mark=455 drop_l4s=0 drop_classic=967 drop_overload=0
[QUEUE_STATS] t_ms=0.007647 q_pkts=21 q_bytes=25138 ecn_mark=456 drop_l4s=0 drop_classic=970 drop_overload=0
[QUEUE_STATS] t_ms=0.007663 q_pkts=23 q_bytes=28336 ecn_mark=457 drop_l4s=0 drop_classic=970 drop_overload=0
[QUEUE_STATS] t_ms=0.007679 q_pkts=19 q_bytes=22924 ecn_mark=458 drop_l4s=0 drop_classic=976 drop_overload=0
[QUEUE_STATS] t_ms=0.007695 q_pkts=19 q_bytes=23408 ecn_mark=460 drop_l4s=0 drop_classic=977 drop_overload=0
[QUEUE_STATS] t_ms=0.007711 q_pkts=20 q_bytes=23759 ecn_mark=460 drop_l4s=0 drop_classic=977 drop_overload=0
[QUEUE_STATS] t_ms=0.007727 q_pkts=19 q_bytes=23408 ecn_mark=462 drop_l4s=0 drop_classic=978 drop_overload=0
[QUEUE_STATS] t_ms=0.007743 q_pkts=19 q_bytes=23408 ecn_mark=463 drop_l4s=0 drop_classic=979 drop_overload=0
[QUEUE_STATS] t_ms=0.007759 q_pkts=20 q_bytes=23645 ecn_mark=463 drop_l4s=0 drop_classic=980 drop_overload=0
[QUEUE_STATS] t_ms=0.007775 q_pkts=19 q_bytes=23408 ecn_mark=465 drop_l4s=0 drop_classic=982 drop_overload=0
[QUEUE_STATS] t_ms=0.007791 q_pkts=18 q_bytes=22176 ecn_mark=466 drop_l4s=0 drop_classic=984 drop_overload=0
[QUEUE_STATS] t_ms=0.007807 q_pkts=18 q_bytes=22176 ecn_mark=467 drop_l4s=0 drop_classic=985 drop_overload=0
[QUEUE_STATS] t_ms=0.007823 q_pkts=17 q_bytes=20944 ecn_mark=468 drop_l4s=0 drop_classic=987 drop_overload=0
[QUEUE_STATS] t_ms=0.007839 q_pkts=16 q_bytes=18951 ecn_mark=469 drop_l4s=0 drop_classic=990 drop_overload=0
[QUEUE_STATS] t_ms=0.007855 q_pkts=16 q_bytes=19712 ecn_mark=471 drop_l4s=0 drop_classic=991 drop_overload=0
[QUEUE_STATS] t_ms=0.007871 q_pkts=11 q_bytes=13552 ecn_mark=472 drop_l4s=0 drop_classic=996 drop_overload=0
[QUEUE_STATS] t_ms=0.007887 q_pkts=10 q_bytes=12320 ecn_mark=474 drop_l4s=0 drop_classic=999 drop_overload=0
[QUEUE_STATS] t_ms=0.007903 q_pkts=8 q_bytes=9856 ecn_mark=475 drop_l4s=0 drop_classic=1002 drop_overload=0
[QUEUE_STATS] t_ms=0.007919 q_pkts=8 q_bytes=9254 ecn_mark=476 drop_l4s=0 drop_classic=1004 drop_overload=0
[QUEUE_STATS] t_ms=0.007935 q_pkts=9 q_bytes=10282 ecn_mark=476 drop_l4s=0 drop_classic=1004 drop_overload=0
[QUEUE_STATS] t_ms=0.007951 q_pkts=11 q_bytes=13552 ecn_mark=478 drop_l4s=0 drop_classic=1004 drop_overload=0
[QUEUE_STATS] t_ms=0.007967 q_pkts=11 q_bytes=13552 ecn_mark=479 drop_l4s=0 drop_classic=1006 drop_overload=0
[QUEUE_STATS] t_ms=0.007983 q_pkts=7 q_bytes=8624 ecn_mark=480 drop_l4s=0 drop_classic=1011 drop_overload=0
[QUEUE_STATS] t_ms=0.007999 q_pkts=7 q_bytes=8624 ecn_mark=481 drop_l4s=0 drop_classic=1012 drop_overload=0
[QUEUE_STATS] t_ms=0.008015 q_pkts=7 q_bytes=8624 ecn_mark=482 drop_l4s=0 drop_classic=1014 drop_overload=0
[QUEUE_STATS] t_ms=0.008031 q_pkts=7 q_bytes=8624 ecn_mark=483 drop_l4s=0 drop_classic=1015 drop_overload=0
[QUEUE_STATS] t_ms=0.008047 q_pkts=7 q_bytes=8624 ecn_mark=484 drop_l4s=0 drop_classic=1017 drop_overload=0
[QUEUE_STATS] t_ms=0.008063 q_pkts=9 q_bytes=11088 ecn_mark=484 drop_l4s=0 drop_classic=1017 drop_overload=0
[QUEUE_STATS] t_ms=0.008079 q_pkts=10 q_bytes=12320 ecn_mark=484 drop_l4s=0 drop_classic=1017 drop_overload=0
[QUEUE_STATS] t_ms=0.008095 q_pkts=11 q_bytes=13824 ecn_mark=485 drop_l4s=0 drop_classic=1018 drop_overload=0
[QUEUE_STATS] t_ms=0.008111 q_pkts=11 q_bytes=13824 ecn_mark=485 drop_l4s=0 drop_classic=1021 drop_overload=0
[QUEUE_STATS] t_ms=0.008127 q_pkts=12 q_bytes=14784 ecn_mark=487 drop_l4s=0 drop_classic=1021 drop_overload=0
[QUEUE_STATS] t_ms=0.008143 q_pkts=14 q_bytes=17248 ecn_mark=487 drop_l4s=0 drop_classic=1021 drop_overload=0
[QUEUE_STATS] t_ms=0.008159 q_pkts=15 q_bytes=18480 ecn_mark=488 drop_l4s=0 drop_classic=1022 drop_overload=0
[QUEUE_STATS] t_ms=0.008175 q_pkts=12 q_bytes=14784 ecn_mark=488 drop_l4s=0 drop_classic=1026 drop_overload=0
[QUEUE_STATS] t_ms=0.008191 q_pkts=14 q_bytes=17520 ecn_mark=488 drop_l4s=0 drop_classic=1027 drop_overload=0
[QUEUE_STATS] t_ms=0.008207 q_pkts=13 q_bytes=16016 ecn_mark=489 drop_l4s=0 drop_classic=1030 drop_overload=0
[QUEUE_STATS] t_ms=0.008223 q_pkts=16 q_bytes=19712 ecn_mark=491 drop_l4s=0 drop_classic=1030 drop_overload=0
[QUEUE_STATS] t_ms=0.008239 q_pkts=16 q_bytes=19712 ecn_mark=491 drop_l4s=0 drop_classic=1032 drop_overload=0
[QUEUE_STATS] t_ms=0.008255 q_pkts=16 q_bytes=19712 ecn_mark=493 drop_l4s=0 drop_classic=1034 drop_overload=0
[QUEUE_STATS] t_ms=0.008271 q_pkts=12 q_bytes=14854 ecn_mark=494 drop_l4s=0 drop_classic=1040 drop_overload=0
[QUEUE_STATS] t_ms=0.008287 q_pkts=14 q_bytes=17248 ecn_mark=495 drop_l4s=0 drop_classic=1040 drop_overload=0
[QUEUE_STATS] t_ms=0.008303 q_pkts=14 q_bytes=17248 ecn_mark=495 drop_l4s=0 drop_classic=1042 drop_overload=0
[QUEUE_STATS] t_ms=0.008319 q_pkts=17 q_bytes=20944 ecn_mark=497 drop_l4s=0 drop_classic=1042 drop_overload=0
[QUEUE_STATS] t_ms=0.008335 q_pkts=15 q_bytes=18480 ecn_mark=497 drop_l4s=0 drop_classic=1045 drop_overload=0
[QUEUE_STATS] t_ms=0.008351 q_pkts=17 q_bytes=20944 ecn_mark=498 drop_l4s=0 drop_classic=1046 drop_overload=0
[QUEUE_STATS] t_ms=0.008367 q_pkts=17 q_bytes=20944 ecn_mark=499 drop_l4s=0 drop_classic=1047 drop_overload=0
[QUEUE_STATS] t_ms=0.008383 q_pkts=19 q_bytes=23408 ecn_mark=500 drop_l4s=0 drop_classic=1048 drop_overload=0
[QUEUE_STATS] t_ms=0.008399 q_pkts=21 q_bytes=25872 ecn_mark=500 drop_l4s=0 drop_classic=1048 drop_overload=0
[QUEUE_STATS] t_ms=0.008415 q_pkts=21 q_bytes=25872 ecn_mark=502 drop_l4s=0 drop_classic=1050 drop_overload=0
[QUEUE_STATS] t_ms=0.008431 q_pkts=22 q_bytes=27104 ecn_mark=502 drop_l4s=0 drop_classic=1051 drop_overload=0
[QUEUE_STATS] t_ms=0.008447 q_pkts=20 q_bytes=24640 ecn_mark=503 drop_l4s=0 drop_classic=1055 drop_overload=0
[QUEUE_STATS] t_ms=0.008463 q_pkts=19 q_bytes=23235 ecn_mark=503 drop_l4s=0 drop_classic=1058 drop_overload=0
[QUEUE_STATS] t_ms=0.008479 q_pkts=17 q_bytes=20641 ecn_mark=505 drop_l4s=0 drop_classic=1061 drop_overload=0
[QUEUE_STATS] t_ms=0.008495 q_pkts=19 q_bytes=23408 ecn_mark=505 drop_l4s=0 drop_classic=1061 drop_overload=0
[QUEUE_STATS] t_ms=0.008511 q_pkts=19 q_bytes=23408 ecn_mark=506 drop_l4s=0 drop_classic=1064 drop_overload=0
[QUEUE_STATS] t_ms=0.008527 q_pkts=17 q_bytes=20944 ecn_mark=507 drop_l4s=0 drop_classic=1067 drop_overload=0
[QUEUE_STATS] t_ms=0.008543 q_pkts=16 q_bytes=19712 ecn_mark=509 drop_l4s=0 drop_classic=1070 drop_overload=0
[QUEUE_STATS] t_ms=0.008559 q_pkts=18 q_bytes=22176 ecn_mark=509 drop_l4s=0 drop_classic=1070 drop_overload=0
[QUEUE_STATS] t_ms=0.008575 q_pkts=20 q_bytes=24867 ecn_mark=509 drop_l4s=0 drop_classic=1070 drop_overload=0
[QUEUE_STATS] t_ms=0.008591 q_pkts=21 q_bytes=25872 ecn_mark=510 drop_l4s=0 drop_classic=1071 drop_overload=0
[QUEUE_STATS] t_ms=0.008607 q_pkts=23 q_bytes=28336 ecn_mark=511 drop_l4s=0 drop_classic=1071 drop_overload=0
[QUEUE_STATS] t_ms=0.008623 q_pkts=24 q_bytes=29568 ecn_mark=511 drop_l4s=0 drop_classic=1071 drop_overload=0
[QUEUE_STATS] t_ms=0.008639 q_pkts=24 q_bytes=29568 ecn_mark=513 drop_l4s=0 drop_classic=1073 drop_overload=0
[QUEUE_STATS] t_ms=0.008655 q_pkts=26 q_bytes=32032 ecn_mark=515 drop_l4s=0 drop_classic=1073 drop_overload=0
[QUEUE_STATS] t_ms=0.008671 q_pkts=25 q_bytes=30800 ecn_mark=516 drop_l4s=0 drop_classic=1075 drop_overload=0
[QUEUE_STATS] t_ms=0.008687 q_pkts=27 q_bytes=33264 ecn_mark=517 drop_l4s=0 drop_classic=1075 drop_overload=0
[QUEUE_STATS] t_ms=0.008703 q_pkts=25 q_bytes=30285 ecn_mark=518 drop_l4s=0 drop_classic=1078 drop_overload=0
[QUEUE_STATS] t_ms=0.008719 q_pkts=24 q_bytes=29568 ecn_mark=520 drop_l4s=0 drop_classic=1080 drop_overload=0
[QUEUE_STATS] t_ms=0.008735 q_pkts=24 q_bytes=28837 ecn_mark=521 drop_l4s=0 drop_classic=1081 drop_overload=0
[QUEUE_STATS] t_ms=0.008751 q_pkts=24 q_bytes=29568 ecn_mark=522 drop_l4s=0 drop_classic=1083 drop_overload=0
[QUEUE_STATS] t_ms=0.008767 q_pkts=23 q_bytes=28336 ecn_mark=523 drop_l4s=0 drop_classic=1085 drop_overload=0
[QUEUE_STATS] t_ms=0.008783 q_pkts=24 q_bytes=29568 ecn_mark=524 drop_l4s=0 drop_classic=1086 drop_overload=0
[QUEUE_STATS] t_ms=0.008799 q_pkts=23 q_bytes=28336 ecn_mark=526 drop_l4s=0 drop_classic=1088 drop_overload=0
[QUEUE_STATS] t_ms=0.008815 q_pkts=24 q_bytes=29568 ecn_mark=528 drop_l4s=0 drop_classic=1089 drop_overload=0
[QUEUE_STATS] t_ms=0.008831 q_pkts=25 q_bytes=30800 ecn_mark=528 drop_l4s=0 drop_classic=1089 drop_overload=0
[QUEUE_STATS] t_ms=0.008847 q_pkts=22 q_bytes=27104 ecn_mark=529 drop_l4s=0 drop_classic=1093 drop_overload=0
[QUEUE_STATS] t_ms=0.008863 q_pkts=24 q_bytes=29568 ecn_mark=530 drop_l4s=0 drop_classic=1093 drop_overload=0
[QUEUE_STATS] t_ms=0.008879 q_pkts=23 q_bytes=28336 ecn_mark=530 drop_l4s=0 drop_classic=1096 drop_overload=0
[QUEUE_STATS] t_ms=0.008895 q_pkts=22 q_bytes=27104 ecn_mark=531 drop_l4s=0 drop_classic=1098 drop_overload=0
[QUEUE_STATS] t_ms=0.008911 q_pkts=22 q_bytes=27104 ecn_mark=532 drop_l4s=0 drop_classic=1100 drop_overload=0
[QUEUE_STATS] t_ms=0.008927 q_pkts=19 q_bytes=23408 ecn_mark=533 drop_l4s=0 drop_classic=1104 drop_overload=0
[QUEUE_STATS] t_ms=0.008943 q_pkts=19 q_bytes=23408 ecn_mark=534 drop_l4s=0 drop_classic=1106 drop_overload=0
[QUEUE_STATS] t_ms=0.008959 q_pkts=18 q_bytes=21845 ecn_mark=535 drop_l4s=0 drop_classic=1108 drop_overload=0
[QUEUE_STATS] t_ms=0.008975 q_pkts=18 q_bytes=21845 ecn_mark=535 drop_l4s=0 drop_classic=1110 drop_overload=0
[QUEUE_STATS] t_ms=0.008991 q_pkts=15 q_bytes=18480 ecn_mark=536 drop_l4s=0 drop_classic=1114 drop_overload=0
[QUEUE_STATS] t_ms=0.009007 q_pkts=14 q_bytes=17248 ecn_mark=536 drop_l4s=0 drop_classic=1117 drop_overload=0
[QUEUE_STATS] t_ms=0.009023 q_pkts=12 q_bytes=15056 ecn_mark=536 drop_l4s=0 drop_classic=1122 drop_overload=0
[QUEUE_STATS] t_ms=0.009039 q_pkts=12 q_bytes=14784 ecn_mark=537 drop_l4s=0 drop_classic=1124 drop_overload=0
[QUEUE_STATS] t_ms=0.009055 q_pkts=14 q_bytes=17248 ecn_mark=538 drop_l4s=0 drop_classic=1125 drop_overload=0
[QUEUE_STATS] t_ms=0.009071 q_pkts=13 q_bytes=16016 ecn_mark=539 drop_l4s=0 drop_classic=1127 drop_overload=0
[QUEUE_STATS] t_ms=0.009087 q_pkts=14 q_bytes=17248 ecn_mark=541 drop_l4s=0 drop_classic=1129 drop_overload=0
[QUEUE_STATS] t_ms=0.009103 q_pkts=14 q_bytes=17248 ecn_mark=541 drop_l4s=0 drop_classic=1131 drop_overload=0
[QUEUE_STATS] t_ms=0.009119 q_pkts=16 q_bytes=19712 ecn_mark=543 drop_l4s=0 drop_classic=1132 drop_overload=0
[QUEUE_STATS] t_ms=0.009135 q_pkts=11 q_bytes=13552 ecn_mark=544 drop_l4s=0 drop_classic=1138 drop_overload=0
[QUEUE_STATS] t_ms=0.009151 q_pkts=12 q_bytes=14784 ecn_mark=544 drop_l4s=0 drop_classic=1139 drop_overload=0
[QUEUE_STATS] t_ms=0.009167 q_pkts=11 q_bytes=13552 ecn_mark=545 drop_l4s=0 drop_classic=1142 drop_overload=0
[QUEUE_STATS] t_ms=0.009183 q_pkts=14 q_bytes=17074 ecn_mark=545 drop_l4s=0 drop_classic=1142 drop_overload=0
[QUEUE_STATS] t_ms=0.009199 q_pkts=14 q_bytes=17248 ecn_mark=546 drop_l4s=0 drop_classic=1143 drop_overload=0
[QUEUE_STATS] t_ms=0.009215 q_pkts=16 q_bytes=19712 ecn_mark=546 drop_l4s=0 drop_classic=1143 drop_overload=0
[QUEUE_STATS] t_ms=0.009231 q_pkts=18 q_bytes=22176 ecn_mark=547 drop_l4s=0 drop_classic=1144 drop_overload=0
[QUEUE_STATS] t_ms=0.009247 q_pkts=19 q_bytes=23408 ecn_mark=547 drop_l4s=0 drop_classic=1146 drop_overload=0
[QUEUE_STATS] t_ms=0.009263 q_pkts=20 q_bytes=24640 ecn_mark=547 drop_l4s=0 drop_classic=1148 drop_overload=0
[QUEUE_STATS] t_ms=0.009279 q_pkts=23 q_bytes=28336 ecn_mark=549 drop_l4s=0 drop_classic=1149 drop_overload=0
[QUEUE_STATS] t_ms=0.009295 q_pkts=24 q_bytes=29568 ecn_mark=550 drop_l4s=0 drop_classic=1151 drop_overload=0
[QUEUE_STATS] t_ms=0.009311 q_pkts=27 q_bytes=33264 ecn_mark=550 drop_l4s=0 drop_classic=1151 drop_overload=0
[QUEUE_STATS] t_ms=0.009327 q_pkts=30 q_bytes=37232 ecn_mark=551 drop_l4s=0 drop_classic=1151 drop_overload=0
[QUEUE_STATS] t_ms=0.009343 q_pkts=33 q_bytes=40656 ecn_mark=552 drop_l4s=0 drop_classic=1152 drop_overload=0
[QUEUE_STATS] t_ms=0.009359 q_pkts=32 q_bytes=39424 ecn_mark=553 drop_l4s=0 drop_classic=1155 drop_overload=0
[QUEUE_STATS] t_ms=0.009375 q_pkts=31 q_bytes=38192 ecn_mark=554 drop_l4s=0 drop_classic=1159 drop_overload=0
[QUEUE_STATS] t_ms=0.009391 q_pkts=33 q_bytes=40656 ecn_mark=555 drop_l4s=0 drop_classic=1160 drop_overload=0
[QUEUE_STATS] t_ms=0.009407 q_pkts=37 q_bytes=45584 ecn_mark=557 drop_l4s=0 drop_classic=1160 drop_overload=0
[QUEUE_STATS] t_ms=0.009423 q_pkts=39 q_bytes=48048 ecn_mark=558 drop_l4s=0 drop_classic=1161 drop_overload=0
[QUEUE_STATS] t_ms=0.009439 q_pkts=42 q_bytes=51744 ecn_mark=559 drop_l4s=0 drop_classic=1161 drop_overload=0
[QUEUE_STATS] t_ms=0.009455 q_pkts=42 q_bytes=51744 ecn_mark=560 drop_l4s=0 drop_classic=1163 drop_overload=0
[QUEUE_STATS] t_ms=0.009471 q_pkts=42 q_bytes=51744 ecn_mark=561 drop_l4s=0 drop_classic=1165 drop_overload=0
[QUEUE_STATS] t_ms=0.009487 q_pkts=44 q_bytes=54208 ecn_mark=562 drop_l4s=0 drop_classic=1166 drop_overload=0
[QUEUE_STATS] t_ms=0.009503 q_pkts=40 q_bytes=49424 ecn_mark=563 drop_l4s=0 drop_classic=1173 drop_overload=0
[QUEUE_STATS] t_ms=0.009519 q_pkts=39 q_bytes=48048 ecn_mark=565 drop_l4s=0 drop_classic=1175 drop_overload=0
[QUEUE_STATS] t_ms=0.009535 q_pkts=40 q_bytes=49280 ecn_mark=566 drop_l4s=0 drop_classic=1177 drop_overload=0
[QUEUE_STATS] t_ms=0.009551 q_pkts=37 q_bytes=45584 ecn_mark=567 drop_l4s=0 drop_classic=1181 drop_overload=0
[QUEUE_STATS] t_ms=0.009567 q_pkts=39 q_bytes=48048 ecn_mark=569 drop_l4s=0 drop_classic=1182 drop_overload=0
[QUEUE_STATS] t_ms=0.009583 q_pkts=37 q_bytes=45584 ecn_mark=570 drop_l4s=0 drop_classic=1185 drop_overload=0
[QUEUE_STATS] t_ms=0.009599 q_pkts=38 q_bytes=46816 ecn_mark=571 drop_l4s=0 drop_classic=1186 drop_overload=0
[QUEUE_STATS] t_ms=0.009615 q_pkts=35 q_bytes=43120 ecn_mark=571 drop_l4s=0 drop_classic=1190 drop_overload=0
[QUEUE_STATS] t_ms=0.009631 q_pkts=34 q_bytes=41888 ecn_mark=572 drop_l4s=0 drop_classic=1193 drop_overload=0
[QUEUE_STATS] t_ms=0.009647 q_pkts=35 q_bytes=43120 ecn_mark=573 drop_l4s=0 drop_classic=1194 drop_overload=0
[QUEUE_STATS] t_ms=0.009663 q_pkts=36 q_bytes=44352 ecn_mark=574 drop_l4s=0 drop_classic=1195 drop_overload=0
[QUEUE_STATS] t_ms=0.009679 q_pkts=36 q_bytes=44352 ecn_mark=576 drop_l4s=0 drop_classic=1197 drop_overload=0
[QUEUE_STATS] t_ms=0.009695 q_pkts=29 q_bytes=35728 ecn_mark=576 drop_l4s=0 drop_classic=1206 drop_overload=0
[QUEUE_STATS] t_ms=0.009711 q_pkts=28 q_bytes=34768 ecn_mark=577 drop_l4s=0 drop_classic=1208 drop_overload=0
[QUEUE_STATS] t_ms=0.009727 q_pkts=28 q_bytes=34768 ecn_mark=578 drop_l4s=0 drop_classic=1211 drop_overload=0
[QUEUE_STATS] t_ms=0.009743 q_pkts=26 q_bytes=31583 ecn_mark=579 drop_l4s=0 drop_classic=1215 drop_overload=0
[QUEUE_STATS] t_ms=0.009759 q_pkts=25 q_bytes=30800 ecn_mark=580 drop_l4s=0 drop_classic=1217 drop_overload=0
[QUEUE_STATS] t_ms=0.009775 q_pkts=26 q_bytes=32032 ecn_mark=581 drop_l4s=0 drop_classic=1218 drop_overload=0
[QUEUE_STATS] t_ms=0.009791 q_pkts=25 q_bytes=30324 ecn_mark=582 drop_l4s=0 drop_classic=1219 drop_overload=0
[QUEUE_STATS] t_ms=0.009807 q_pkts=22 q_bytes=27104 ecn_mark=584 drop_l4s=0 drop_classic=1224 drop_overload=0
[QUEUE_STATS] t_ms=0.009823 q_pkts=22 q_bytes=27104 ecn_mark=585 drop_l4s=0 drop_classic=1225 drop_overload=0
[QUEUE_STATS] t_ms=0.009839 q_pkts=14 q_bytes=17248 ecn_mark=587 drop_l4s=0 drop_classic=1235 drop_overload=0
[QUEUE_STATS] t_ms=0.009855 q_pkts=15 q_bytes=18158 ecn_mark=587 drop_l4s=0 drop_classic=1236 drop_overload=0
[QUEUE_STATS] t_ms=0.009871 q_pkts=16 q_bytes=19712 ecn_mark=588 drop_l4s=0 drop_classic=1236 drop_overload=0
[QUEUE_STATS] t_ms=0.009887 q_pkts=14 q_bytes=17248 ecn_mark=588 drop_l4s=0 drop_classic=1239 drop_overload=0
[QUEUE_STATS] t_ms=0.009903 q_pkts=16 q_bytes=19734 ecn_mark=589 drop_l4s=0 drop_classic=1239 drop_overload=0
[QUEUE_STATS] t_ms=0.009919 q_pkts=16 q_bytes=19734 ecn_mark=590 drop_l4s=0 drop_classic=1241 drop_overload=0
[QUEUE_STATS] t_ms=0.009935 q_pkts=15 q_bytes=17864 ecn_mark=591 drop_l4s=0 drop_classic=1243 drop_overload=0
[QUEUE_STATS] t_ms=0.009951 q_pkts=15 q_bytes=18480 ecn_mark=592 drop_l4s=0 drop_classic=1244 drop_overload=0
[QUEUE_STATS] t_ms=0.009967 q_pkts=13 q_bytes=16016 ecn_mark=593 drop_l4s=0 drop_classic=1247 drop_overload=0
[QUEUE_STATS] t_ms=0.009983 q_pkts=15 q_bytes=18480 ecn_mark=593 drop_l4s=0 drop_classic=1247 drop_overload=0
[QUEUE_STATS] t_ms=0.009999 q_pkts=15 q_bytes=18480 ecn_mark=593 drop_l4s=0 drop_classic=1248 drop_overload=0
[QUEUE_STATS] t_ms=0.010015 q_pkts=16 q_bytes=19712 ecn_mark=595 drop_l4s=0 drop_classic=1250 drop_overload=0
[QUEUE_STATS] t_ms=0.010031 q_pkts=18 q_bytes=21504 ecn_mark=595 drop_l4s=0 drop_classic=1250 drop_overload=0
[QUEUE_STATS] t_ms=0.010047 q_pkts=14 q_bytes=17248 ecn_mark=598 drop_l4s=0 drop_classic=1256 drop_overload=0
[QUEUE_STATS] t_ms=0.010063 q_pkts=15 q_bytes=18480 ecn_mark=599 drop_l4s=0 drop_classic=1256 drop_overload=0
[QUEUE_STATS] t_ms=0.010079 q_pkts=15 q_bytes=17997 ecn_mark=600 drop_l4s=0 drop_classic=1258 drop_overload=0
[QUEUE_STATS] t_ms=0.010095 q_pkts=13 q_bytes=16016 ecn_mark=601 drop_l4s=0 drop_classic=1261 drop_overload=0
[QUEUE_STATS] t_ms=0.010111 q_pkts=13 q_bytes=15908 ecn_mark=601 drop_l4s=0 drop_classic=1262 drop_overload=0
[QUEUE_STATS] t_ms=0.010127 q_pkts=9 q_bytes=11088 ecn_mark=603 drop_l4s=0 drop_classic=1268 drop_overload=0
[QUEUE_STATS] t_ms=0.010143 q_pkts=8 q_bytes=9661 ecn_mark=603 drop_l4s=0 drop_classic=1272 drop_overload=0
[QUEUE_STATS] t_ms=0.010159 q_pkts=9 q_bytes=11360 ecn_mark=603 drop_l4s=0 drop_classic=1273 drop_overload=0
[QUEUE_STATS] t_ms=0.010175 q_pkts=9 q_bytes=11088 ecn_mark=604 drop_l4s=0 drop_classic=1275 drop_overload=0
[QUEUE_STATS] t_ms=0.010191 q_pkts=11 q_bytes=13824 ecn_mark=605 drop_l4s=0 drop_classic=1276 drop_overload=0
[QUEUE_STATS] t_ms=0.010207 q_pkts=9 q_bytes=11088 ecn_mark=607 drop_l4s=0 drop_classic=1279 drop_overload=0
[QUEUE_STATS] t_ms=0.010223 q_pkts=8 q_bytes=9856 ecn_mark=607 drop_l4s=0 drop_classic=1282 drop_overload=0
[QUEUE_STATS] t_ms=0.010239 q_pkts=6 q_bytes=7392 ecn_mark=607 drop_l4s=0 drop_classic=1286 drop_overload=0
[QUEUE_STATS] t_ms=0.010255 q_pkts=4 q_bytes=4928 ecn_mark=608 drop_l4s=0 drop_classic=1291 drop_overload=0
[QUEUE_STATS] t_ms=0.010271 q_pkts=7 q_bytes=8624 ecn_mark=609 drop_l4s=0 drop_classic=1291 drop_overload=0
[QUEUE_STATS] t_ms=0.010287 q_pkts=7 q_bytes=8896 ecn_mark=610 drop_l4s=0 drop_classic=1292 drop_overload=0
[QUEUE_STATS] t_ms=0.010303 q_pkts=9 q_bytes=11088 ecn_mark=610 drop_l4s=0 drop_classic=1293 drop_overload=0
[QUEUE_STATS] t_ms=0.010319 q_pkts=9 q_bytes=11088 ecn_mark=611 drop_l4s=0 drop_classic=1295 drop_overload=0
[QUEUE_STATS] t_ms=0.010335 q_pkts=9 q_bytes=11088 ecn_mark=612 drop_l4s=0 drop_classic=1298 drop_overload=0
[QUEUE_STATS] t_ms=0.010351 q_pkts=11 q_bytes=13824 ecn_mark=613 drop_l4s=0 drop_classic=1299 drop_overload=0
[QUEUE_STATS] t_ms=0.010367 q_pkts=10 q_bytes=12320 ecn_mark=613 drop_l4s=0 drop_classic=1302 drop_overload=0
[QUEUE_STATS] t_ms=0.010383 q_pkts=5 q_bytes=6160 ecn_mark=614 drop_l4s=0 drop_classic=1310 drop_overload=0
[QUEUE_STATS] t_ms=0.010399 q_pkts=5 q_bytes=6160 ecn_mark=614 drop_l4s=0 drop_classic=1311 drop_overload=0
[QUEUE_STATS] t_ms=0.010415 q_pkts=8 q_bytes=9856 ecn_mark=615 drop_l4s=0 drop_classic=1311 drop_overload=0
[QUEUE_STATS] t_ms=0.010431 q_pkts=10 q_bytes=12320 ecn_mark=616 drop_l4s=0 drop_classic=1312 drop_overload=0
[QUEUE_STATS] t_ms=0.010447 q_pkts=11 q_bytes=13824 ecn_mark=617 drop_l4s=0 drop_classic=1314 drop_overload=0
[QUEUE_STATS] t_ms=0.010463 q_pkts=12 q_bytes=14784 ecn_mark=618 drop_l4s=0 drop_classic=1315 drop_overload=0
[QUEUE_STATS] t_ms=0.010479 q_pkts=13 q_bytes=16016 ecn_mark=620 drop_l4s=0 drop_classic=1317 drop_overload=0
[QUEUE_STATS] t_ms=0.010495 q_pkts=11 q_bytes=13552 ecn_mark=620 drop_l4s=0 drop_classic=1320 drop_overload=0
[QUEUE_STATS] t_ms=0.010511 q_pkts=12 q_bytes=15056 ecn_mark=621 drop_l4s=0 drop_classic=1321 drop_overload=0
[QUEUE_STATS] t_ms=0.010527 q_pkts=14 q_bytes=17520 ecn_mark=621 drop_l4s=0 drop_classic=1322 drop_overload=0
[QUEUE_STATS] t_ms=0.010543 q_pkts=16 q_bytes=19712 ecn_mark=623 drop_l4s=0 drop_classic=1322 drop_overload=0
[QUEUE_STATS] t_ms=0.010559 q_pkts=16 q_bytes=19684 ecn_mark=623 drop_l4s=0 drop_classic=1324 drop_overload=0
[QUEUE_STATS] t_ms=0.010575 q_pkts=17 q_bytes=20944 ecn_mark=624 drop_l4s=0 drop_classic=1325 drop_overload=0
[QUEUE_STATS] t_ms=0.010591 q_pkts=19 q_bytes=23408 ecn_mark=626 drop_l4s=0 drop_classic=1325 drop_overload=0
[QUEUE_STATS] t_ms=0.010607 q_pkts=20 q_bytes=24588 ecn_mark=627 drop_l4s=0 drop_classic=1327 drop_overload=0
[QUEUE_STATS] t_ms=0.010623 q_pkts=19 q_bytes=23408 ecn_mark=629 drop_l4s=0 drop_classic=1329 drop_overload=0
[QUEUE_STATS] t_ms=0.010639 q_pkts=17 q_bytes=20569 ecn_mark=629 drop_l4s=0 drop_classic=1332 drop_overload=0
[QUEUE_STATS] t_ms=0.010655 q_pkts=19 q_bytes=23408 ecn_mark=631 drop_l4s=0 drop_classic=1332 drop_overload=0
[QUEUE_STATS] t_ms=0.010671 q_pkts=19 q_bytes=23408 ecn_mark=631 drop_l4s=0 drop_classic=1334 drop_overload=0
[QUEUE_STATS] t_ms=0.010687 q_pkts=20 q_bytes=24640 ecn_mark=632 drop_l4s=0 drop_classic=1335 drop_overload=0
[QUEUE_STATS] t_ms=0.010703 q_pkts=21 q_bytes=25872 ecn_mark=632 drop_l4s=0 drop_classic=1336 drop_overload=0
[QUEUE_STATS] t_ms=0.010719 q_pkts=21 q_bytes=25872 ecn_mark=633 drop_l4s=0 drop_classic=1339 drop_overload=0
[QUEUE_STATS] t_ms=0.010735 q_pkts=19 q_bytes=23408 ecn_mark=634 drop_l4s=0 drop_classic=1342 drop_overload=0
[QUEUE_STATS] t_ms=0.010751 q_pkts=22 q_bytes=27167 ecn_mark=635 drop_l4s=0 drop_classic=1342 drop_overload=0
[QUEUE_STATS] t_ms=0.010767 q_pkts=23 q_bytes=28336 ecn_mark=636 drop_l4s=0 drop_classic=1343 drop_overload=0
[QUEUE_STATS] t_ms=0.010783 q_pkts=23 q_bytes=28336 ecn_mark=637 drop_l4s=0 drop_classic=1344 drop_overload=0
[QUEUE_STATS] t_ms=0.010799 q_pkts=24 q_bytes=29568 ecn_mark=639 drop_l4s=0 drop_classic=1346 drop_overload=0
[QUEUE_STATS] t_ms=0.010815 q_pkts=24 q_bytes=29568 ecn_mark=640 drop_l4s=0 drop_classic=1347 drop_overload=0
[QUEUE_STATS] t_ms=0.010831 q_pkts=25 q_bytes=30800 ecn_mark=640 drop_l4s=0 drop_classic=1347 drop_overload=0
[QUEUE_STATS] t_ms=0.010847 q_pkts=27 q_bytes=33264 ecn_mark=642 drop_l4s=0 drop_classic=1347 drop_overload=0
[QUEUE_STATS] t_ms=0.010863 q_pkts=29 q_bytes=35728 ecn_mark=643 drop_l4s=0 drop_classic=1347 drop_overload=0
[QUEUE_STATS] t_ms=0.010879 q_pkts=28 q_bytes=34496 ecn_mark=644 drop_l4s=0 drop_classic=1349 drop_overload=0
[QUEUE_STATS] t_ms=0.010895 q_pkts=24 q_bytes=29568 ecn_mark=645 drop_l4s=0 drop_classic=1354 drop_overload=0
[QUEUE_STATS] t_ms=0.010911 q_pkts=22 q_bytes=27104 ecn_mark=646 drop_l4s=0 drop_classic=1358 drop_overload=0
[QUEUE_STATS] t_ms=0.010927 q_pkts=23 q_bytes=27678 ecn_mark=647 drop_l4s=0 drop_classic=1359 drop_overload=0
[QUEUE_STATS] t_ms=0.010943 q_pkts=22 q_bytes=27104 ecn_mark=647 drop_l4s=0 drop_classic=1360 drop_overload=0
[QUEUE_STATS] t_ms=0.010959 q_pkts=20 q_bytes=24640 ecn_mark=647 drop_l4s=0 drop_classic=1364 drop_overload=0
[QUEUE_STATS] t_ms=0.010975 q_pkts=21 q_bytes=26144 ecn_mark=647 drop_l4s=0 drop_classic=1366 drop_overload=0
[QUEUE_STATS] t_ms=0.010991 q_pkts=23 q_bytes=28336 ecn_mark=648 drop_l4s=0 drop_classic=1366 drop_overload=0
[QUEUE_STATS] t_ms=0.011007 q_pkts=20 q_bytes=24640 ecn_mark=648 drop_l4s=0 drop_classic=1370 drop_overload=0
[QUEUE_STATS] t_ms=0.011023 q_pkts=23 q_bytes=28336 ecn_mark=649 drop_l4s=0 drop_classic=1370 drop_overload=0
[QUEUE_STATS] t_ms=0.011039 q_pkts=23 q_bytes=28336 ecn_mark=650 drop_l4s=0 drop_classic=1373 drop_overload=0
[QUEUE_STATS] t_ms=0.011055 q_pkts=25 q_bytes=30800 ecn_mark=651 drop_l4s=0 drop_classic=1373 drop_overload=0
[QUEUE_STATS] t_ms=0.011071 q_pkts=25 q_bytes=30800 ecn_mark=652 drop_l4s=0 drop_classic=1376 drop_overload=0
[QUEUE_STATS] t_ms=0.011087 q_pkts=24 q_bytes=29568 ecn_mark=654 drop_l4s=0 drop_classic=1379 drop_overload=0
[QUEUE_STATS] t_ms=0.011103 q_pkts=23 q_bytes=28336 ecn_mark=654 drop_l4s=0 drop_classic=1382 drop_overload=0
[QUEUE_STATS] t_ms=0.011119 q_pkts=22 q_bytes=27104 ecn_mark=655 drop_l4s=0 drop_classic=1385 drop_overload=0
[QUEUE_STATS] t_ms=0.011135 q_pkts=23 q_bytes=28336 ecn_mark=656 drop_l4s=0 drop_classic=1385 drop_overload=0
[QUEUE_STATS] t_ms=0.011151 q_pkts=24 q_bytes=29568 ecn_mark=659 drop_l4s=0 drop_classic=1387 drop_overload=0
[QUEUE_STATS] t_ms=0.011167 q_pkts=21 q_bytes=25872 ecn_mark=660 drop_l4s=0 drop_classic=1391 drop_overload=0
[QUEUE_STATS] t_ms=0.011183 q_pkts=21 q_bytes=25872 ecn_mark=661 drop_l4s=0 drop_classic=1393 drop_overload=0
[QUEUE_STATS] t_ms=0.011199 q_pkts=19 q_bytes=23408 ecn_mark=662 drop_l4s=0 drop_classic=1396 drop_overload=0
[QUEUE_STATS] t_ms=0.011215 q_pkts=18 q_bytes=22176 ecn_mark=664 drop_l4s=0 drop_classic=1399 drop_overload=0
[QUEUE_STATS] t_ms=0.011231 q_pkts=18 q_bytes=21623 ecn_mark=665 drop_l4s=0 drop_classic=1401 drop_overload=0
[QUEUE_STATS] t_ms=0.011247 q_pkts=17 q_bytes=20944 ecn_mark=667 drop_l4s=0 drop_classic=1402 drop_overload=0
[QUEUE_STATS] t_ms=0.011263 q_pkts=14 q_bytes=17248 ecn_mark=669 drop_l4s=0 drop_classic=1406 drop_overload=0
[QUEUE_STATS] t_ms=0.011279 q_pkts=14 q_bytes=17248 ecn_mark=669 drop_l4s=0 drop_classic=1407 drop_overload=0
[QUEUE_STATS] t_ms=0.011295 q_pkts=8 q_bytes=9856 ecn_mark=672 drop_l4s=0 drop_classic=1414 drop_overload=0
[QUEUE_STATS] t_ms=0.011311 q_pkts=5 q_bytes=6160 ecn_mark=674 drop_l4s=0 drop_classic=1418 drop_overload=0
[QUEUE_STATS] t_ms=0.011327 q_pkts=6 q_bytes=6926 ecn_mark=674 drop_l4s=0 drop_classic=1419 drop_overload=0
[QUEUE_STATS] t_ms=0.011343 q_pkts=6 q_bytes=7392 ecn_mark=675 drop_l4s=0 drop_classic=1420 drop_overload=0
[QUEUE_STATS] t_ms=0.011359 q_pkts=7 q_bytes=8624 ecn_mark=677 drop_l4s=0 drop_classic=1421 drop_overload=0
[QUEUE_STATS] t_ms=0.011375 q_pkts=6 q_bytes=7392 ecn_mark=677 drop_l4s=0 drop_classic=1423 drop_overload=0
[QUEUE_STATS] t_ms=0.011391 q_pkts=5 q_bytes=6160 ecn_mark=677 drop_l4s=0 drop_classic=1426 drop_overload=0
[QUEUE_STATS] t_ms=0.011407 q_pkts=8 q_bytes=9856 ecn_mark=679 drop_l4s=0 drop_classic=1426 drop_overload=0
[QUEUE_STATS] t_ms=0.011423 q_pkts=7 q_bytes=8624 ecn_mark=679 drop_l4s=0 drop_classic=1428 drop_overload=0
[QUEUE_STATS] t_ms=0.011439 q_pkts=8 q_bytes=9856 ecn_mark=680 drop_l4s=0 drop_classic=1429 drop_overload=0
[QUEUE_STATS] t_ms=0.011455 q_pkts=8 q_bytes=9856 ecn_mark=681 drop_l4s=0 drop_classic=1431 drop_overload=0
[QUEUE_STATS] t_ms=0.011471 q_pkts=9 q_bytes=11088 ecn_mark=682 drop_l4s=0 drop_classic=1432 drop_overload=0
[QUEUE_STATS] t_ms=0.011487 q_pkts=7 q_bytes=8624 ecn_mark=683 drop_l4s=0 drop_classic=1435 drop_overload=0
[QUEUE_STATS] t_ms=0.011503 q_pkts=9 q_bytes=11088 ecn_mark=685 drop_l4s=0 drop_classic=1436 drop_overload=0
[QUEUE_STATS] t_ms=0.011519 q_pkts=9 q_bytes=11088 ecn_mark=686 drop_l4s=0 drop_classic=1437 drop_overload=0
[QUEUE_STATS] t_ms=0.011535 q_pkts=7 q_bytes=8624 ecn_mark=687 drop_l4s=0 drop_classic=1440 drop_overload=0
[QUEUE_STATS] t_ms=0.011551 q_pkts=9 q_bytes=10481 ecn_mark=688 drop_l4s=0 drop_classic=1440 drop_overload=0
[QUEUE_STATS] t_ms=0.011567 q_pkts=9 q_bytes=10533 ecn_mark=689 drop_l4s=0 drop_classic=1440 drop_overload=0
[QUEUE_STATS] t_ms=0.011583 q_pkts=10 q_bytes=12320 ecn_mark=689 drop_l4s=0 drop_classic=1441 drop_overload=0
[QUEUE_STATS] t_ms=0.011599 q_pkts=10 q_bytes=12320 ecn_mark=690 drop_l4s=0 drop_classic=1443 drop_overload=0
[QUEUE_STATS] t_ms=0.011615 q_pkts=11 q_bytes=13552 ecn_mark=691 drop_l4s=0 drop_classic=1444 drop_overload=0
[QUEUE_STATS] t_ms=0.011631 q_pkts=12 q_bytes=14784 ecn_mark=692 drop_l4s=0 drop_classic=1445 drop_overload=0
[QUEUE_STATS] t_ms=0.011647 q_pkts=15 q_bytes=18480 ecn_mark=693 drop_l4s=0 drop_classic=1445 drop_overload=0
[QUEUE_STATS] t_ms=0.011663 q_pkts=16 q_bytes=19670 ecn_mark=694 drop_l4s=0 drop_classic=1446 drop_overload=0
[QUEUE_STATS] t_ms=0.011679 q_pkts=14 q_bytes=17248 ecn_mark=695 drop_l4s=0 drop_classic=1449 drop_overload=0
[QUEUE_STATS] t_ms=0.011695 q_pkts=15 q_bytes=18480 ecn_mark=696 drop_l4s=0 drop_classic=1450 drop_overload=0
[QUEUE_STATS] t_ms=0.011711 q_pkts=14 q_bytes=17248 ecn_mark=696 drop_l4s=0 drop_classic=1453 drop_overload=0
[QUEUE_STATS] t_ms=0.011727 q_pkts=15 q_bytes=18480 ecn_mark=697 drop_l4s=0 drop_classic=1455 drop_overload=0
[QUEUE_STATS] t_ms=0.011743 q_pkts=11 q_bytes=13552 ecn_mark=697 drop_l4s=0 drop_classic=1460 drop_overload=0
[QUEUE_STATS] t_ms=0.011759 q_pkts=11 q_bytes=13824 ecn_mark=698 drop_l4s=0 drop_classic=1463 drop_overload=0
[QUEUE_STATS] t_ms=0.011775 q_pkts=11 q_bytes=13552 ecn_mark=700 drop_l4s=0 drop_classic=1465 drop_overload=0
[QUEUE_STATS] t_ms=0.011791 q_pkts=11 q_bytes=13479 ecn_mark=701 drop_l4s=0 drop_classic=1466 drop_overload=0
[QUEUE_STATS] t_ms=0.011807 q_pkts=13 q_bytes=16016 ecn_mark=703 drop_l4s=0 drop_classic=1466 drop_overload=0
[QUEUE_STATS] t_ms=0.011823 q_pkts=12 q_bytes=14784 ecn_mark=704 drop_l4s=0 drop_classic=1468 drop_overload=0
[QUEUE_STATS] t_ms=0.011839 q_pkts=13 q_bytes=16016 ecn_mark=706 drop_l4s=0 drop_classic=1469 drop_overload=0
[QUEUE_STATS] t_ms=0.011855 q_pkts=12 q_bytes=14784 ecn_mark=706 drop_l4s=0 drop_classic=1471 drop_overload=0
[QUEUE_STATS] t_ms=0.011871 q_pkts=13 q_bytes=16016 ecn_mark=708 drop_l4s=0 drop_classic=1471 drop_overload=0
[QUEUE_STATS] t_ms=0.011887 q_pkts=14 q_bytes=17248 ecn_mark=709 drop_l4s=0 drop_classic=1472 drop_overload=0
[QUEUE_STATS] t_ms=0.011903 q_pkts=12 q_bytes=14784 ecn_mark=710 drop_l4s=0 drop_classic=1475 drop_overload=0
[QUEUE_STATS] t_ms=0.011919 q_pkts=9 q_bytes=11088 ecn_mark=711 drop_l4s=0 drop_classic=1479 drop_overload=0
[QUEUE_STATS] t_ms=0.011935 q_pkts=10 q_bytes=12320 ecn_mark=711 drop_l4s=0 drop_classic=1479 drop_overload=0
[QUEUE_STATS] t_ms=0.011951 q_pkts=9 q_bytes=11088 ecn_mark=712 drop_l4s=0 drop_classic=1482 drop_overload=0
[QUEUE_STATS] t_ms=0.011967 q_pkts=9 q_bytes=11088 ecn_mark=712 drop_l4s=0 drop_classic=1483 drop_overload=0
[QUEUE_STATS] t_ms=0.011983 q_pkts=11 q_bytes=13604 ecn_mark=712 drop_l4s=0 drop_classic=1483 drop_overload=0
[QUEUE_STATS] t_ms=0.011999 q_pkts=12 q_bytes=14784 ecn_mark=712 drop_l4s=0 drop_classic=1484 drop_overload=0
[QUEUE_STATS] t_ms=0.012015 q_pkts=12 q_bytes=14784 ecn_mark=714 drop_l4s=0 drop_classic=1487 drop_overload=0
[QUEUE_STATS] t_ms=0.012031 q_pkts=13 q_bytes=16016 ecn_mark=714 drop_l4s=0 drop_classic=1488 drop_overload=0
[QUEUE_STATS] t_ms=0.012047 q_pkts=14 q_bytes=17248 ecn_mark=714 drop_l4s=0 drop_classic=1490 drop_overload=0
[QUEUE_STATS] t_ms=0.012063 q_pkts=16 q_bytes=19712 ecn_mark=715 drop_l4s=0 drop_classic=1491 drop_overload=0
[QUEUE_STATS] t_ms=0.012079 q_pkts=17 q_bytes=20944 ecn_mark=716 drop_l4s=0 drop_classic=1493 drop_overload=0
[QUEUE_STATS] t_ms=0.012095 q_pkts=16 q_bytes=19712 ecn_mark=717 drop_l4s=0 drop_classic=1495 drop_overload=0
[QUEUE_STATS] t_ms=0.012111 q_pkts=18 q_bytes=22176 ecn_mark=719 drop_l4s=0 drop_classic=1496 drop_overload=0
[QUEUE_STATS] t_ms=0.012127 q_pkts=19 q_bytes=23408 ecn_mark=719 drop_l4s=0 drop_classic=1497 drop_overload=0
[QUEUE_STATS] t_ms=0.012143 q_pkts=20 q_bytes=24640 ecn_mark=720 drop_l4s=0 drop_classic=1498 drop_overload=0
[QUEUE_STATS] t_ms=0.012159 q_pkts=20 q_bytes=24640 ecn_mark=720 drop_l4s=0 drop_classic=1499 drop_overload=0
[QUEUE_STATS] t_ms=0.012175 q_pkts=22 q_bytes=27104 ecn_mark=720 drop_l4s=0 drop_classic=1500 drop_overload=0
[QUEUE_STATS] t_ms=0.012191 q_pkts=25 q_bytes=30800 ecn_mark=721 drop_l4s=0 drop_classic=1501 drop_overload=0
[QUEUE_STATS] t_ms=0.012207 q_pkts=28 q_bytes=34496 ecn_mark=722 drop_l4s=0 drop_classic=1501 drop_overload=0
[QUEUE_STATS] t_ms=0.012223 q_pkts=31 q_bytes=38192 ecn_mark=723 drop_l4s=0 drop_classic=1501 drop_overload=0
[QUEUE_STATS] t_ms=0.012239 q_pkts=33 q_bytes=40656 ecn_mark=723 drop_l4s=0 drop_classic=1502 drop_overload=0
[QUEUE_STATS] t_ms=0.012255 q_pkts=34 q_bytes=41888 ecn_mark=725 drop_l4s=0 drop_classic=1504 drop_overload=0
[QUEUE_STATS] t_ms=0.012271 q_pkts=33 q_bytes=40656 ecn_mark=726 drop_l4s=0 drop_classic=1508 drop_overload=0
[QUEUE_STATS] t_ms=0.012287 q_pkts=34 q_bytes=41888 ecn_mark=727 drop_l4s=0 drop_classic=1509 drop_overload=0
[QUEUE_STATS] t_ms=0.012303 q_pkts=36 q_bytes=44352 ecn_mark=729 drop_l4s=0 drop_classic=1509 drop_overload=0
[QUEUE_STATS] t_ms=0.012319 q_pkts=36 q_bytes=44352 ecn_mark=729 drop_l4s=0 drop_classic=1511 drop_overload=0
[QUEUE_STATS] t_ms=0.012335 q_pkts=39 q_bytes=48048 ecn_mark=729 drop_l4s=0 drop_classic=1511 drop_overload=0
[QUEUE_STATS] t_ms=0.012351 q_pkts=40 q_bytes=49280 ecn_mark=730 drop_l4s=0 drop_classic=1513 drop_overload=0
[QUEUE_STATS] t_ms=0.012367 q_pkts=37 q_bytes=45584 ecn_mark=731 drop_l4s=0 drop_classic=1519 drop_overload=0
[QUEUE_STATS] t_ms=0.012383 q_pkts=32 q_bytes=39424 ecn_mark=733 drop_l4s=0 drop_classic=1526 drop_overload=0
[QUEUE_STATS] t_ms=0.012399 q_pkts=34 q_bytes=41888 ecn_mark=733 drop_l4s=0 drop_classic=1527 drop_overload=0
[QUEUE_STATS] t_ms=0.012415 q_pkts=33 q_bytes=40656 ecn_mark=735 drop_l4s=0 drop_classic=1531 drop_overload=0
[QUEUE_STATS] t_ms=0.012431 q_pkts=33 q_bytes=40656 ecn_mark=736 drop_l4s=0 drop_classic=1533 drop_overload=0
[QUEUE_STATS] t_ms=0.012447 q_pkts=36 q_bytes=44624 ecn_mark=737 drop_l4s=0 drop_classic=1533 drop_overload=0
[QUEUE_STATS] t_ms=0.012463 q_pkts=34 q_bytes=41888 ecn_mark=739 drop_l4s=0 drop_classic=1536 drop_overload=0
[QUEUE_STATS] t_ms=0.012479 q_pkts=34 q_bytes=41888 ecn_mark=740 drop_l4s=0 drop_classic=1538 drop_overload=0
[QUEUE_STATS] t_ms=0.012495 q_pkts=33 q_bytes=40656 ecn_mark=741 drop_l4s=0 drop_classic=1540 drop_overload=0
[QUEUE_STATS] t_ms=0.012511 q_pkts=30 q_bytes=36320 ecn_mark=742 drop_l4s=0 drop_classic=1545 drop_overload=0
[QUEUE_STATS] t_ms=0.012527 q_pkts=29 q_bytes=35728 ecn_mark=743 drop_l4s=0 drop_classic=1546 drop_overload=0
[QUEUE_STATS] t_ms=0.012543 q_pkts=30 q_bytes=36960 ecn_mark=745 drop_l4s=0 drop_classic=1547 drop_overload=0
[QUEUE_STATS] t_ms=0.012559 q_pkts=29 q_bytes=35088 ecn_mark=746 drop_l4s=0 drop_classic=1548 drop_overload=0
[QUEUE_STATS] t_ms=0.012575 q_pkts=29 q_bytes=35728 ecn_mark=747 drop_l4s=0 drop_classic=1550 drop_overload=0
[QUEUE_STATS] t_ms=0.012591 q_pkts=27 q_bytes=32448 ecn_mark=749 drop_l4s=0 drop_classic=1554 drop_overload=0
[QUEUE_STATS] t_ms=0.012607 q_pkts=24 q_bytes=28881 ecn_mark=750 drop_l4s=0 drop_classic=1558 drop_overload=0
[QUEUE_STATS] t_ms=0.012623 q_pkts=23 q_bytes=28336 ecn_mark=752 drop_l4s=0 drop_classic=1560 drop_overload=0
[QUEUE_STATS] t_ms=0.012639 q_pkts=24 q_bytes=29568 ecn_mark=754 drop_l4s=0 drop_classic=1561 drop_overload=0
[QUEUE_STATS] t_ms=0.012655 q_pkts=25 q_bytes=30800 ecn_mark=755 drop_l4s=0 drop_classic=1562 drop_overload=0
[QUEUE_STATS] t_ms=0.012671 q_pkts=20 q_bytes=24640 ecn_mark=756 drop_l4s=0 drop_classic=1568 drop_overload=0
[QUEUE_STATS] t_ms=0.012687 q_pkts=17 q_bytes=20944 ecn_mark=756 drop_l4s=0 drop_classic=1572 drop_overload=0
[QUEUE_STATS] t_ms=0.012703 q_pkts=17 q_bytes=20944 ecn_mark=757 drop_l4s=0 drop_classic=1574 drop_overload=0
[QUEUE_STATS] t_ms=0.012719 q_pkts=16 q_bytes=19712 ecn_mark=758 drop_l4s=0 drop_classic=1576 drop_overload=0
[QUEUE_STATS] t_ms=0.012735 q_pkts=16 q_bytes=19712 ecn_mark=760 drop_l4s=0 drop_classic=1578 drop_overload=0
[QUEUE_STATS] t_ms=0.012751 q_pkts=16 q_bytes=19712 ecn_mark=761 drop_l4s=0 drop_classic=1579 drop_overload=0
[QUEUE_STATS] t_ms=0.012767 q_pkts=17 q_bytes=20944 ecn_mark=761 drop_l4s=0 drop_classic=1579 drop_overload=0
[QUEUE_STATS] t_ms=0.012783 q_pkts=19 q_bytes=23408 ecn_mark=762 drop_l4s=0 drop_classic=1579 drop_overload=0
[QUEUE_STATS] t_ms=0.012799 q_pkts=18 q_bytes=22176 ecn_mark=763 drop_l4s=0 drop_classic=1581 drop_overload=0
[QUEUE_STATS] t_ms=0.012815 q_pkts=18 q_bytes=22176 ecn_mark=763 drop_l4s=0 drop_classic=1583 drop_overload=0
[QUEUE_STATS] t_ms=0.012831 q_pkts=17 q_bytes=21091 ecn_mark=764 drop_l4s=0 drop_classic=1585 drop_overload=0
[QUEUE_STATS] t_ms=0.012847 q_pkts=18 q_bytes=22323 ecn_mark=765 drop_l4s=0 drop_classic=1586 drop_overload=0
[QUEUE_STATS] t_ms=0.012863 q_pkts=17 q_bytes=20944 ecn_mark=766 drop_l4s=0 drop_classic=1588 drop_overload=0
[QUEUE_STATS] t_ms=0.012879 q_pkts=17 q_bytes=20944 ecn_mark=766 drop_l4s=0 drop_classic=1590 drop_overload=0
[QUEUE_STATS] t_ms=0.012895 q_pkts=19 q_bytes=23408 ecn_mark=768 drop_l4s=0 drop_classic=1590 drop_overload=0
[QUEUE_STATS] t_ms=0.012911 q_pkts=19 q_bytes=23408 ecn_mark=768 drop_l4s=0 drop_classic=1592 drop_overload=0
[QUEUE_STATS] t_ms=0.012927 q_pkts=18 q_bytes=22136 ecn_mark=768 drop_l4s=0 drop_classic=1594 drop_overload=0
[QUEUE_STATS] t_ms=0.012943 q_pkts=19 q_bytes=23408 ecn_mark=769 drop_l4s=0 drop_classic=1595 drop_overload=0
[QUEUE_STATS] t_ms=0.012959 q_pkts=18 q_bytes=22176 ecn_mark=770 drop_l4s=0 drop_classic=1597 drop_overload=0
[QUEUE_STATS] t_ms=0.012975 q_pkts=20 q_bytes=23460 ecn_mark=771 drop_l4s=0 drop_classic=1597 drop_overload=0
[QUEUE_STATS] t_ms=0.012991 q_pkts=20 q_bytes=24640 ecn_mark=772 drop_l4s=0 drop_classic=1598 drop_overload=0
[QUEUE_STATS] t_ms=0.013007 q_pkts=19 q_bytes=23408 ecn_mark=773 drop_l4s=0 drop_classic=1600 drop_overload=0
[QUEUE_STATS] t_ms=0.013023 q_pkts=19 q_bytes=23408 ecn_mark=773 drop_l4s=0 drop_classic=1601 drop_overload=0
[QUEUE_STATS] t_ms=0.013039 q_pkts=18 q_bytes=22176 ecn_mark=773 drop_l4s=0 drop_classic=1604 drop_overload=0
[QUEUE_STATS] t_ms=0.013055 q_pkts=20 q_bytes=24912 ecn_mark=773 drop_l4s=0 drop_classic=1605 drop_overload=0
[QUEUE_STATS] t_ms=0.013071 q_pkts=22 q_bytes=27376 ecn_mark=774 drop_l4s=0 drop_classic=1606 drop_overload=0
[QUEUE_STATS] t_ms=0.013087 q_pkts=23 q_bytes=28336 ecn_mark=776 drop_l4s=0 drop_classic=1607 drop_overload=0
[QUEUE_STATS] t_ms=0.013103 q_pkts=21 q_bytes=25872 ecn_mark=777 drop_l4s=0 drop_classic=1610 drop_overload=0
[QUEUE_STATS] t_ms=0.013119 q_pkts=21 q_bytes=25872 ecn_mark=777 drop_l4s=0 drop_classic=1612 drop_overload=0
[QUEUE_STATS] t_ms=0.013135 q_pkts=22 q_bytes=27104 ecn_mark=778 drop_l4s=0 drop_classic=1613 drop_overload=0
[QUEUE_STATS] t_ms=0.013151 q_pkts=23 q_bytes=28336 ecn_mark=779 drop_l4s=0 drop_classic=1614 drop_overload=0
[QUEUE_STATS] t_ms=0.013167 q_pkts=25 q_bytes=30800 ecn_mark=781 drop_l4s=0 drop_classic=1615 drop_overload=0
[QUEUE_STATS] t_ms=0.013183 q_pkts=23 q_bytes=28336 ecn_mark=781 drop_l4s=0 drop_classic=1618 drop_overload=0
[QUEUE_STATS] t_ms=0.013199 q_pkts=23 q_bytes=28336 ecn_mark=782 drop_l4s=0 drop_classic=1620 drop_overload=0
[QUEUE_STATS] t_ms=0.013215 q_pkts=22 q_bytes=27104 ecn_mark=783 drop_l4s=0 drop_classic=1622 drop_overload=0
[QUEUE_STATS] t_ms=0.013231 q_pkts=24 q_bytes=29568 ecn_mark=784 drop_l4s=0 drop_classic=1622 drop_overload=0
[QUEUE_STATS] t_ms=0.013247 q_pkts=26 q_bytes=32032 ecn_mark=786 drop_l4s=0 drop_classic=1622 drop_overload=0
[QUEUE_STATS] t_ms=0.013263 q_pkts=27 q_bytes=33264 ecn_mark=786 drop_l4s=0 drop_classic=1622 drop_overload=0
[QUEUE_STATS] t_ms=0.013279 q_pkts=29 q_bytes=35653 ecn_mark=786 drop_l4s=0 drop_classic=1623 drop_overload=0
[QUEUE_STATS] t_ms=0.013295 q_pkts=28 q_bytes=34496 ecn_mark=788 drop_l4s=0 drop_classic=1625 drop_overload=0
[QUEUE_STATS] t_ms=0.013311 q_pkts=28 q_bytes=34496 ecn_mark=789 drop_l4s=0 drop_classic=1626 drop_overload=0
[QUEUE_STATS] t_ms=0.013327 q_pkts=29 q_bytes=35728 ecn_mark=790 drop_l4s=0 drop_classic=1627 drop_overload=0
[QUEUE_STATS] t_ms=0.013343 q_pkts=24 q_bytes=29568 ecn_mark=791 drop_l4s=0 drop_classic=1634 drop_overload=0
[QUEUE_STATS] t_ms=0.013359 q_pkts=22 q_bytes=27104 ecn_mark=792 drop_l4s=0 drop_classic=1637 drop_overload=0
[QUEUE_STATS] t_ms=0.013375 q_pkts=17 q_bytes=20944 ecn_mark=793 drop_l4s=0 drop_classic=1643 drop_overload=0
[QUEUE_STATS] t_ms=0.013391 q_pkts=17 q_bytes=20944 ecn_mark=794 drop_l4s=0 drop_classic=1644 drop_overload=0
[QUEUE_STATS] t_ms=0.013407 q_pkts=15 q_bytes=18480 ecn_mark=795 drop_l4s=0 drop_classic=1647 drop_overload=0
[QUEUE_STATS] t_ms=0.013423 q_pkts=12 q_bytes=14784 ecn_mark=796 drop_l4s=0 drop_classic=1651 drop_overload=0
[QUEUE_STATS] t_ms=0.013439 q_pkts=13 q_bytes=16016 ecn_mark=797 drop_l4s=0 drop_classic=1652 drop_overload=0
[QUEUE_STATS] t_ms=0.013455 q_pkts=10 q_bytes=12320 ecn_mark=797 drop_l4s=0 drop_classic=1655 drop_overload=0
[QUEUE_STATS] t_ms=0.013471 q_pkts=10 q_bytes=12320 ecn_mark=798 drop_l4s=0 drop_classic=1657 drop_overload=0
[QUEUE_STATS] t_ms=0.013487 q_pkts=8 q_bytes=9856 ecn_mark=798 drop_l4s=0 drop_classic=1660 drop_overload=0
[QUEUE_STATS] t_ms=0.013503 q_pkts=9 q_bytes=11088 ecn_mark=800 drop_l4s=0 drop_classic=1661 drop_overload=0
[QUEUE_STATS] t_ms=0.013519 q_pkts=5 q_bytes=6160 ecn_mark=801 drop_l4s=0 drop_classic=1666 drop_overload=0
[QUEUE_STATS] t_ms=0.013535 q_pkts=6 q_bytes=7392 ecn_mark=801 drop_l4s=0 drop_classic=1667 drop_overload=0
[QUEUE_STATS] t_ms=0.013551 q_pkts=6 q_bytes=7392 ecn_mark=801 drop_l4s=0 drop_classic=1668 drop_overload=0
[QUEUE_STATS] t_ms=0.013567 q_pkts=9 q_bytes=11088 ecn_mark=802 drop_l4s=0 drop_classic=1668 drop_overload=0
[QUEUE_STATS] t_ms=0.013583 q_pkts=7 q_bytes=8624 ecn_mark=802 drop_l4s=0 drop_classic=1672 drop_overload=0
[QUEUE_STATS] t_ms=0.013599 q_pkts=9 q_bytes=11088 ecn_mark=804 drop_l4s=0 drop_classic=1673 drop_overload=0
[QUEUE_STATS] t_ms=0.013615 q_pkts=7 q_bytes=8624 ecn_mark=805 drop_l4s=0 drop_classic=1676 drop_overload=0
[QUEUE_STATS] t_ms=0.013631 q_pkts=9 q_bytes=11088 ecn_mark=806 drop_l4s=0 drop_classic=1677 drop_overload=0
[QUEUE_STATS] t_ms=0.013647 q_pkts=11 q_bytes=13552 ecn_mark=806 drop_l4s=0 drop_classic=1677 drop_overload=0
[QUEUE_STATS] t_ms=0.013663 q_pkts=11 q_bytes=13552 ecn_mark=806 drop_l4s=0 drop_classic=1678 drop_overload=0
[QUEUE_STATS] t_ms=0.013679 q_pkts=13 q_bytes=16016 ecn_mark=807 drop_l4s=0 drop_classic=1679 drop_overload=0
[QUEUE_STATS] t_ms=0.013695 q_pkts=14 q_bytes=17248 ecn_mark=808 drop_l4s=0 drop_classic=1680 drop_overload=0
[QUEUE_STATS] t_ms=0.013711 q_pkts=15 q_bytes=18480 ecn_mark=809 drop_l4s=0 drop_classic=1682 drop_overload=0
[QUEUE_STATS] t_ms=0.013727 q_pkts=15 q_bytes=18480 ecn_mark=810 drop_l4s=0 drop_classic=1684 drop_overload=0
[QUEUE_STATS] t_ms=0.013743 q_pkts=16 q_bytes=19712 ecn_mark=812 drop_l4s=0 drop_classic=1685 drop_overload=0
[QUEUE_STATS] t_ms=0.013759 q_pkts=13 q_bytes=16016 ecn_mark=813 drop_l4s=0 drop_classic=1690 drop_overload=0
[QUEUE_STATS] t_ms=0.013775 q_pkts=9 q_bytes=11088 ecn_mark=814 drop_l4s=0 drop_classic=1695 drop_overload=0
[QUEUE_STATS] t_ms=0.013791 q_pkts=8 q_bytes=9856 ecn_mark=814 drop_l4s=0 drop_classic=1697 drop_overload=0
[QUEUE_STATS] t_ms=0.013807 q_pkts=6 q_bytes=7192 ecn_mark=814 drop_l4s=0 drop_classic=1700 drop_overload=0
[QUEUE_STATS] t_ms=0.013823 q_pkts=9 q_bytes=11088 ecn_mark=814 drop_l4s=0 drop_classic=1700 drop_overload=0
[QUEUE_STATS] t_ms=0.013839 q_pkts=12 q_bytes=15056 ecn_mark=815 drop_l4s=0 drop_classic=1700 drop_overload=0
[QUEUE_STATS] t_ms=0.013855 q_pkts=13 q_bytes=16016 ecn_mark=816 drop_l4s=0 drop_classic=1701 drop_overload=0
[QUEUE_STATS] t_ms=0.013871 q_pkts=13 q_bytes=16016 ecn_mark=818 drop_l4s=0 drop_classic=1704 drop_overload=0
[QUEUE_STATS] t_ms=0.013887 q_pkts=13 q_bytes=16016 ecn_mark=819 drop_l4s=0 drop_classic=1706 drop_overload=0
[QUEUE_STATS] t_ms=0.013903 q_pkts=14 q_bytes=17248 ecn_mark=820 drop_l4s=0 drop_classic=1707 drop_overload=0
[QUEUE_STATS] t_ms=0.013919 q_pkts=16 q_bytes=19712 ecn_mark=820 drop_l4s=0 drop_classic=1707 drop_overload=0
[QUEUE_STATS] t_ms=0.013935 q_pkts=16 q_bytes=19712 ecn_mark=821 drop_l4s=0 drop_classic=1709 drop_overload=0
[QUEUE_STATS] t_ms=0.013951 q_pkts=17 q_bytes=20944 ecn_mark=821 drop_l4s=0 drop_classic=1710 drop_overload=0
[QUEUE_STATS] t_ms=0.013967 q_pkts=16 q_bytes=19712 ecn_mark=823 drop_l4s=0 drop_classic=1714 drop_overload=0
[QUEUE_STATS] t_ms=0.013983 q_pkts=16 q_bytes=19712 ecn_mark=824 drop_l4s=0 drop_classic=1715 drop_overload=0
[QUEUE_STATS] t_ms=0.013999 q_pkts=15 q_bytes=18118 ecn_mark=825 drop_l4s=0 drop_classic=1717 drop_overload=0
[QUEUE_STATS] t_ms=0.014015 q_pkts=17 q_bytes=20944 ecn_mark=826 drop_l4s=0 drop_classic=1717 drop_overload=0
[QUEUE_STATS] t_ms=0.014031 q_pkts=18 q_bytes=22176 ecn_mark=827 drop_l4s=0 drop_classic=1719 drop_overload=0
[QUEUE_STATS] t_ms=0.014047 q_pkts=17 q_bytes=20944 ecn_mark=828 drop_l4s=0 drop_classic=1721 drop_overload=0
[QUEUE_STATS] t_ms=0.014063 q_pkts=18 q_bytes=22176 ecn_mark=828 drop_l4s=0 drop_classic=1722 drop_overload=0
[QUEUE_STATS] t_ms=0.014079 q_pkts=19 q_bytes=23408 ecn_mark=829 drop_l4s=0 drop_classic=1723 drop_overload=0
[QUEUE_STATS] t_ms=0.014095 q_pkts=19 q_bytes=23408 ecn_mark=829 drop_l4s=0 drop_classic=1724 drop_overload=0
[QUEUE_STATS] t_ms=0.014111 q_pkts=22 q_bytes=27293 ecn_mark=829 drop_l4s=0 drop_classic=1724 drop_overload=0
[QUEUE_STATS] t_ms=0.014127 q_pkts=23 q_bytes=28336 ecn_mark=831 drop_l4s=0 drop_classic=1726 drop_overload=0
[QUEUE_STATS] t_ms=0.014143 q_pkts=20 q_bytes=24640 ecn_mark=831 drop_l4s=0 drop_classic=1730 drop_overload=0
[QUEUE_STATS] t_ms=0.014159 q_pkts=23 q_bytes=28336 ecn_mark=833 drop_l4s=0 drop_classic=1730 drop_overload=0
[QUEUE_STATS] t_ms=0.014175 q_pkts=24 q_bytes=29568 ecn_mark=833 drop_l4s=0 drop_classic=1731 drop_overload=0
[QUEUE_STATS] t_ms=0.014191 q_pkts=24 q_bytes=29568 ecn_mark=835 drop_l4s=0 drop_classic=1733 drop_overload=0
[QUEUE_STATS] t_ms=0.014207 q_pkts=24 q_bytes=29568 ecn_mark=835 drop_l4s=0 drop_classic=1734 drop_overload=0
[QUEUE_STATS] t_ms=0.014223 q_pkts=25 q_bytes=30800 ecn_mark=837 drop_l4s=0 drop_classic=1736 drop_overload=0
[QUEUE_STATS] t_ms=0.014239 q_pkts=25 q_bytes=30800 ecn_mark=837 drop_l4s=0 drop_classic=1737 drop_overload=0
[QUEUE_STATS] t_ms=0.014255 q_pkts=24 q_bytes=29568 ecn_mark=839 drop_l4s=0 drop_classic=1740 drop_overload=0
[QUEUE_STATS] t_ms=0.014271 q_pkts=23 q_bytes=28169 ecn_mark=840 drop_l4s=0 drop_classic=1742 drop_overload=0
[QUEUE_STATS] t_ms=0.014287 q_pkts=26 q_bytes=32032 ecn_mark=842 drop_l4s=0 drop_classic=1742 drop_overload=0
[QUEUE_STATS] t_ms=0.014303 q_pkts=26 q_bytes=32032 ecn_mark=842 drop_l4s=0 drop_classic=1743 drop_overload=0
[QUEUE_STATS] t_ms=0.014319 q_pkts=28 q_bytes=34496 ecn_mark=843 drop_l4s=0 drop_classic=1743 drop_overload=0
[QUEUE_STATS] t_ms=0.014335 q_pkts=26 q_bytes=32032 ecn_mark=844 drop_l4s=0 drop_classic=1746 drop_overload=0
[QUEUE_STATS] t_ms=0.014351 q_pkts=26 q_bytes=32032 ecn_mark=844 drop_l4s=0 drop_classic=1748 drop_overload=0
[QUEUE_STATS] t_ms=0.014367 q_pkts=23 q_bytes=28384 ecn_mark=845 drop_l4s=0 drop_classic=1753 drop_overload=0
[QUEUE_STATS] t_ms=0.014383 q_pkts=24 q_bytes=29247 ecn_mark=846 drop_l4s=0 drop_classic=1754 drop_overload=0
[QUEUE_STATS] t_ms=0.014399 q_pkts=21 q_bytes=25872 ecn_mark=847 drop_l4s=0 drop_classic=1758 drop_overload=0
[QUEUE_STATS] t_ms=0.014415 q_pkts=21 q_bytes=25872 ecn_mark=848 drop_l4s=0 drop_classic=1759 drop_overload=0
[QUEUE_STATS] t_ms=0.014431 q_pkts=21 q_bytes=25872 ecn_mark=849 drop_l4s=0 drop_classic=1760 drop_overload=0
[QUEUE_STATS] t_ms=0.014447 q_pkts=21 q_bytes=25872 ecn_mark=850 drop_l4s=0 drop_classic=1761 drop_overload=0
[QUEUE_STATS] t_ms=0.014463 q_pkts=19 q_bytes=23408 ecn_mark=851 drop_l4s=0 drop_classic=1764 drop_overload=0
[QUEUE_STATS] t_ms=0.014479 q_pkts=21 q_bytes=25872 ecn_mark=853 drop_l4s=0 drop_classic=1764 drop_overload=0
[QUEUE_STATS] t_ms=0.014495 q_pkts=19 q_bytes=22509 ecn_mark=854 drop_l4s=0 drop_classic=1767 drop_overload=0
[QUEUE_STATS] t_ms=0.014511 q_pkts=17 q_bytes=20944 ecn_mark=855 drop_l4s=0 drop_classic=1770 drop_overload=0
[QUEUE_STATS] t_ms=0.014527 q_pkts=13 q_bytes=16016 ecn_mark=858 drop_l4s=0 drop_classic=1775 drop_overload=0
[QUEUE_STATS] t_ms=0.014543 q_pkts=14 q_bytes=17248 ecn_mark=859 drop_l4s=0 drop_classic=1776 drop_overload=0
[QUEUE_STATS] t_ms=0.014559 q_pkts=12 q_bytes=14784 ecn_mark=860 drop_l4s=0 drop_classic=1779 drop_overload=0
[QUEUE_STATS] t_ms=0.014575 q_pkts=12 q_bytes=14784 ecn_mark=860 drop_l4s=0 drop_classic=1780 drop_overload=0
[QUEUE_STATS] t_ms=0.014591 q_pkts=12 q_bytes=14784 ecn_mark=861 drop_l4s=0 drop_classic=1781 drop_overload=0
[QUEUE_STATS] t_ms=0.014607 q_pkts=11 q_bytes=13552 ecn_mark=861 drop_l4s=0 drop_classic=1784 drop_overload=0
[QUEUE_STATS] t_ms=0.014623 q_pkts=11 q_bytes=13353 ecn_mark=861 drop_l4s=0 drop_classic=1786 drop_overload=0
[QUEUE_STATS] t_ms=0.014639 q_pkts=10 q_bytes=12320 ecn_mark=862 drop_l4s=0 drop_classic=1788 drop_overload=0
[QUEUE_STATS] t_ms=0.014655 q_pkts=11 q_bytes=13552 ecn_mark=863 drop_l4s=0 drop_classic=1789 drop_overload=0
[QUEUE_STATS] t_ms=0.014671 q_pkts=12 q_bytes=14784 ecn_mark=864 drop_l4s=0 drop_classic=1791 drop_overload=0
[QUEUE_STATS] t_ms=0.014687 q_pkts=10 q_bytes=12320 ecn_mark=865 drop_l4s=0 drop_classic=1794 drop_overload=0
[QUEUE_STATS] t_ms=0.014703 q_pkts=12 q_bytes=14784 ecn_mark=866 drop_l4s=0 drop_classic=1794 drop_overload=0
[QUEUE_STATS] t_ms=0.014719 q_pkts=12 q_bytes=14784 ecn_mark=866 drop_l4s=0 drop_classic=1795 drop_overload=0
[QUEUE_STATS] t_ms=0.014735 q_pkts=13 q_bytes=16016 ecn_mark=867 drop_l4s=0 drop_classic=1796 drop_overload=0
[QUEUE_STATS] t_ms=0.014751 q_pkts=14 q_bytes=17248 ecn_mark=868 drop_l4s=0 drop_classic=1797 drop_overload=0
[QUEUE_STATS] t_ms=0.014767 q_pkts=15 q_bytes=18480 ecn_mark=869 drop_l4s=0 drop_classic=1798 drop_overload=0
[QUEUE_STATS] t_ms=0.014783 q_pkts=15 q_bytes=18480 ecn_mark=870 drop_l4s=0 drop_classic=1799 drop_overload=0
[QUEUE_STATS] t_ms=0.014799 q_pkts=17 q_bytes=20495 ecn_mark=871 drop_l4s=0 drop_classic=1800 drop_overload=0
[QUEUE_STATS] t_ms=0.014815 q_pkts=16 q_bytes=19712 ecn_mark=872 drop_l4s=0 drop_classic=1801 drop_overload=0
[QUEUE_STATS] t_ms=0.014831 q_pkts=14 q_bytes=17049 ecn_mark=873 drop_l4s=0 drop_classic=1804 drop_overload=0
[QUEUE_STATS] t_ms=0.014847 q_pkts=16 q_bytes=19712 ecn_mark=874 drop_l4s=0 drop_classic=1804 drop_overload=0
[QUEUE_STATS] t_ms=0.014863 q_pkts=17 q_bytes=20944 ecn_mark=874 drop_l4s=0 drop_classic=1804 drop_overload=0
[QUEUE_STATS] t_ms=0.014879 q_pkts=17 q_bytes=20944 ecn_mark=876 drop_l4s=0 drop_classic=1806 drop_overload=0
[QUEUE_STATS] t_ms=0.014895 q_pkts=17 q_bytes=20944 ecn_mark=877 drop_l4s=0 drop_classic=1808 drop_overload=0
[QUEUE_STATS] t_ms=0.014911 q_pkts=15 q_bytes=18480 ecn_mark=878 drop_l4s=0 drop_classic=1811 drop_overload=0
[QUEUE_STATS] t_ms=0.014927 q_pkts=10 q_bytes=12320 ecn_mark=879 drop_l4s=0 drop_classic=1816 drop_overload=0
[QUEUE_STATS] t_ms=0.014943 q_pkts=8 q_bytes=9856 ecn_mark=879 drop_l4s=0 drop_classic=1819 drop_overload=0
[QUEUE_STATS] t_ms=0.014959 q_pkts=10 q_bytes=12320 ecn_mark=880 drop_l4s=0 drop_classic=1819 drop_overload=0
[QUEUE_STATS] t_ms=0.014975 q_pkts=10 q_bytes=12320 ecn_mark=880 drop_l4s=0 drop_classic=1820 drop_overload=0
[QUEUE_STATS] t_ms=0.014991 q_pkts=10 q_bytes=12480 ecn_mark=881 drop_l4s=0 drop_classic=1822 drop_overload=0
[QUEUE_STATS] t_ms=0.015007 q_pkts=12 q_bytes=14784 ecn_mark=881 drop_l4s=0 drop_classic=1823 drop_overload=0
[QUEUE_STATS] t_ms=0.015023 q_pkts=14 q_bytes=17248 ecn_mark=883 drop_l4s=0 drop_classic=1823 drop_overload=0
[QUEUE_STATS] t_ms=0.015039 q_pkts=16 q_bytes=19712 ecn_mark=883 drop_l4s=0 drop_classic=1823 drop_overload=0
[QUEUE_STATS] t_ms=0.015055 q_pkts=19 q_bytes=23408 ecn_mark=884 drop_l4s=0 drop_classic=1823 drop_overload=0
[QUEUE_STATS] t_ms=0.015071 q_pkts=20 q_bytes=24631 ecn_mark=885 drop_l4s=0 drop_classic=1824 drop_overload=0
[QUEUE_STATS] t_ms=0.015087 q_pkts=22 q_bytes=27104 ecn_mark=885 drop_l4s=0 drop_classic=1824 drop_overload=0
[QUEUE_STATS] t_ms=0.015103 q_pkts=20 q_bytes=24640 ecn_mark=887 drop_l4s=0 drop_classic=1829 drop_overload=0
[QUEUE_STATS] t_ms=0.015119 q_pkts=21 q_bytes=25872 ecn_mark=888 drop_l4s=0 drop_classic=1829 drop_overload=0
[QUEUE_STATS] t_ms=0.015135 q_pkts=23 q_bytes=28336 ecn_mark=889 drop_l4s=0 drop_classic=1830 drop_overload=0
[QUEUE_STATS] t_ms=0.015151 q_pkts=23 q_bytes=28336 ecn_mark=890 drop_l4s=0 drop_classic=1831 drop_overload=0
[QUEUE_STATS] t_ms=0.015167 q_pkts=22 q_bytes=27104 ecn_mark=891 drop_l4s=0 drop_classic=1834 drop_overload=0
[QUEUE_STATS] t_ms=0.015183 q_pkts=23 q_bytes=28336 ecn_mark=892 drop_l4s=0 drop_classic=1834 drop_overload=0
[QUEUE_STATS] t_ms=0.015199 q_pkts=24 q_bytes=29568 ecn_mark=892 drop_l4s=0 drop_classic=1834 drop_overload=0
[QUEUE_STATS] t_ms=0.015215 q_pkts=22 q_bytes=27104 ecn_mark=892 drop_l4s=0 drop_classic=1838 drop_overload=0
[QUEUE_STATS] t_ms=0.015231 q_pkts=23 q_bytes=28336 ecn_mark=894 drop_l4s=0 drop_classic=1839 drop_overload=0
[QUEUE_STATS] t_ms=0.015247 q_pkts=23 q_bytes=28336 ecn_mark=895 drop_l4s=0 drop_classic=1841 drop_overload=0
[QUEUE_STATS] t_ms=0.015263 q_pkts=25 q_bytes=30800 ecn_mark=896 drop_l4s=0 drop_classic=1841 drop_overload=0
[QUEUE_STATS] t_ms=0.015279 q_pkts=26 q_bytes=32032 ecn_mark=896 drop_l4s=0 drop_classic=1841 drop_overload=0
[QUEUE_STATS] t_ms=0.015295 q_pkts=26 q_bytes=32032 ecn_mark=897 drop_l4s=0 drop_classic=1843 drop_overload=0
[QUEUE_STATS] t_ms=0.015311 q_pkts=29 q_bytes=35728 ecn_mark=897 drop_l4s=0 drop_classic=1843 drop_overload=0
[QUEUE_STATS] t_ms=0.015327 q_pkts=30 q_bytes=36960 ecn_mark=899 drop_l4s=0 drop_classic=1844 drop_overload=0
[QUEUE_STATS] t_ms=0.015343 q_pkts=32 q_bytes=39424 ecn_mark=900 drop_l4s=0 drop_classic=1844 drop_overload=0
[QUEUE_STATS] t_ms=0.015359 q_pkts=33 q_bytes=40656 ecn_mark=901 drop_l4s=0 drop_classic=1845 drop_overload=0
[QUEUE_STATS] t_ms=0.015375 q_pkts=33 q_bytes=40656 ecn_mark=901 drop_l4s=0 drop_classic=1846 drop_overload=0
[QUEUE_STATS] t_ms=0.015391 q_pkts=34 q_bytes=41610 ecn_mark=902 drop_l4s=0 drop_classic=1848 drop_overload=0
[QUEUE_STATS] t_ms=0.015407 q_pkts=33 q_bytes=40656 ecn_mark=904 drop_l4s=0 drop_classic=1850 drop_overload=0
[QUEUE_STATS] t_ms=0.015423 q_pkts=30 q_bytes=37057 ecn_mark=904 drop_l4s=0 drop_classic=1854 drop_overload=0
[QUEUE_STATS] t_ms=0.015439 q_pkts=31 q_bytes=38192 ecn_mark=905 drop_l4s=0 drop_classic=1856 drop_overload=0
[QUEUE_STATS] t_ms=0.015455 q_pkts=31 q_bytes=38192 ecn_mark=906 drop_l4s=0 drop_classic=1857 drop_overload=0
[QUEUE_STATS] t_ms=0.015471 q_pkts=31 q_bytes=38192 ecn_mark=906 drop_l4s=0 drop_classic=1860 drop_overload=0
[QUEUE_STATS] t_ms=0.015487 q_pkts=33 q_bytes=40656 ecn_mark=907 drop_l4s=0 drop_classic=1860 drop_overload=0
[QUEUE_STATS] t_ms=0.015503 q_pkts=31 q_bytes=38192 ecn_mark=907 drop_l4s=0 drop_classic=1864 drop_overload=0
[QUEUE_STATS] t_ms=0.015519 q_pkts=32 q_bytes=39424 ecn_mark=908 drop_l4s=0 drop_classic=1865 drop_overload=0
[QUEUE_STATS] t_ms=0.015535 q_pkts=29 q_bytes=35728 ecn_mark=909 drop_l4s=0 drop_classic=1870 drop_overload=0
[QUEUE_STATS] t_ms=0.015551 q_pkts=32 q_bytes=39370 ecn_mark=910 drop_l4s=0 drop_classic=1870 drop_overload=0
[QUEUE_STATS] t_ms=0.015567 q_pkts=30 q_bytes=36960 ecn_mark=912 drop_l4s=0 drop_classic=1873 drop_overload=0
[QUEUE_STATS] t_ms=0.015583 q_pkts=29 q_bytes=35340 ecn_mark=912 drop_l4s=0 drop_classic=1875 drop_overload=0
[QUEUE_STATS] t_ms=0.015599 q_pkts=22 q_bytes=26817 ecn_mark=913 drop_l4s=0 drop_classic=1885 drop_overload=0
[QUEUE_STATS] t_ms=0.015615 q_pkts=22 q_bytes=27104 ecn_mark=914 drop_l4s=0 drop_classic=1886 drop_overload=0
[QUEUE_STATS] t_ms=0.015631 q_pkts=21 q_bytes=25872 ecn_mark=916 drop_l4s=0 drop_classic=1889 drop_overload=0
[QUEUE_STATS] t_ms=0.015647 q_pkts=22 q_bytes=27104 ecn_mark=917 drop_l4s=0 drop_classic=1889 drop_overload=0
[QUEUE_STATS] t_ms=0.015663 q_pkts=23 q_bytes=28336 ecn_mark=919 drop_l4s=0 drop_classic=1890 drop_overload=0
[QUEUE_STATS] t_ms=0.015679 q_pkts=24 q_bytes=29568 ecn_mark=919 drop_l4s=0 drop_classic=1890 drop_overload=0
[QUEUE_STATS] t_ms=0.015695 q_pkts=22 q_bytes=27104 ecn_mark=921 drop_l4s=0 drop_classic=1893 drop_overload=0
[QUEUE_STATS] t_ms=0.015711 q_pkts=19 q_bytes=23408 ecn_mark=922 drop_l4s=0 drop_classic=1898 drop_overload=0
[QUEUE_STATS] t_ms=0.015727 q_pkts=19 q_bytes=22822 ecn_mark=923 drop_l4s=0 drop_classic=1900 drop_overload=0
[QUEUE_STATS] t_ms=0.015743 q_pkts=17 q_bytes=20944 ecn_mark=924 drop_l4s=0 drop_classic=1902 drop_overload=0
[QUEUE_STATS] t_ms=0.015759 q_pkts=19 q_bytes=23408 ecn_mark=925 drop_l4s=0 drop_classic=1902 drop_overload=0
[QUEUE_STATS] t_ms=0.015775 q_pkts=19 q_bytes=23408 ecn_mark=925 drop_l4s=0 drop_classic=1904 drop_overload=0
[QUEUE_STATS] t_ms=0.015791 q_pkts=18 q_bytes=22176 ecn_mark=926 drop_l4s=0 drop_classic=1906 drop_overload=0
[QUEUE_STATS] t_ms=0.015807 q_pkts=21 q_bytes=25703 ecn_mark=927 drop_l4s=0 drop_classic=1906 drop_overload=0
[QUEUE_STATS] t_ms=0.015823 q_pkts=20 q_bytes=24640 ecn_mark=928 drop_l4s=0 drop_classic=1908 drop_overload=0
[QUEUE_STATS] t_ms=0.015839 q_pkts=19 q_bytes=23179 ecn_mark=929 drop_l4s=0 drop_classic=1911 drop_overload=0
[QUEUE_STATS] t_ms=0.015855 q_pkts=17 q_bytes=20944 ecn_mark=930 drop_l4s=0 drop_classic=1915 drop_overload=0
[QUEUE_STATS] t_ms=0.015871 q_pkts=18 q_bytes=22176 ecn_mark=932 drop_l4s=0 drop_classic=1916 drop_overload=0
[QUEUE_STATS] t_ms=0.015887 q_pkts=14 q_bytes=17248 ecn_mark=932 drop_l4s=0 drop_classic=1921 drop_overload=0
[QUEUE_STATS] t_ms=0.015903 q_pkts=13 q_bytes=16016 ecn_mark=934 drop_l4s=0 drop_classic=1924 drop_overload=0
[QUEUE_STATS] t_ms=0.015919 q_pkts=13 q_bytes=16016 ecn_mark=935 drop_l4s=0 drop_classic=1925 drop_overload=0
[QUEUE_STATS] t_ms=0.015935 q_pkts=15 q_bytes=18549 ecn_mark=935 drop_l4s=0 drop_classic=1926 drop_overload=0
[QUEUE_STATS] t_ms=0.015951 q_pkts=15 q_bytes=18480 ecn_mark=936 drop_l4s=0 drop_classic=1927 drop_overload=0
[QUEUE_STATS] t_ms=0.015967 q_pkts=18 q_bytes=22448 ecn_mark=937 drop_l4s=0 drop_classic=1927 drop_overload=0
[QUEUE_STATS] t_ms=0.015983 q_pkts=18 q_bytes=22176 ecn_mark=939 drop_l4s=0 drop_classic=1929 drop_overload=0
[QUEUE_STATS] t_ms=0.015999 q_pkts=17 q_bytes=20944 ecn_mark=940 drop_l4s=0 drop_classic=1931 drop_overload=0
[QUEUE_STATS] t_ms=0.016015 q_pkts=18 q_bytes=22176 ecn_mark=941 drop_l4s=0 drop_classic=1931 drop_overload=0
[QUEUE_STATS] t_ms=0.016031 q_pkts=16 q_bytes=18985 ecn_mark=942 drop_l4s=0 drop_classic=1934 drop_overload=0
[QUEUE_STATS] t_ms=0.016047 q_pkts=17 q_bytes=20944 ecn_mark=944 drop_l4s=0 drop_classic=1935 drop_overload=0
[QUEUE_STATS] t_ms=0.016063 q_pkts=17 q_bytes=20467 ecn_mark=944 drop_l4s=0 drop_classic=1937 drop_overload=0
[QUEUE_STATS] t_ms=0.016079 q_pkts=17 q_bytes=20944 ecn_mark=945 drop_l4s=0 drop_classic=1937 drop_overload=0
[QUEUE_STATS] t_ms=0.016095 q_pkts=18 q_bytes=22176 ecn_mark=946 drop_l4s=0 drop_classic=1937 drop_overload=0
[QUEUE_STATS] t_ms=0.016111 q_pkts=20 q_bytes=24640 ecn_mark=948 drop_l4s=0 drop_classic=1937 drop_overload=0
[QUEUE_STATS] t_ms=0.016127 q_pkts=18 q_bytes=22176 ecn_mark=949 drop_l4s=0 drop_classic=1940 drop_overload=0
[QUEUE_STATS] t_ms=0.016143 q_pkts=16 q_bytes=19712 ecn_mark=950 drop_l4s=0 drop_classic=1943 drop_overload=0
[QUEUE_STATS] t_ms=0.016159 q_pkts=14 q_bytes=17248 ecn_mark=951 drop_l4s=0 drop_classic=1946 drop_overload=0
[QUEUE_STATS] t_ms=0.016175 q_pkts=15 q_bytes=18480 ecn_mark=953 drop_l4s=0 drop_classic=1946 drop_overload=0
[QUEUE_STATS] t_ms=0.016191 q_pkts=17 q_bytes=20944 ecn_mark=954 drop_l4s=0 drop_classic=1946 drop_overload=0
[QUEUE_STATS] t_ms=0.016207 q_pkts=17 q_bytes=20944 ecn_mark=956 drop_l4s=0 drop_classic=1948 drop_overload=0
[QUEUE_STATS] t_ms=0.016223 q_pkts=16 q_bytes=19712 ecn_mark=957 drop_l4s=0 drop_classic=1950 drop_overload=0
[QUEUE_STATS] t_ms=0.016239 q_pkts=15 q_bytes=17815 ecn_mark=958 drop_l4s=0 drop_classic=1952 drop_overload=0
[QUEUE_STATS] t_ms=0.016255 q_pkts=14 q_bytes=17248 ecn_mark=959 drop_l4s=0 drop_classic=1954 drop_overload=0
[QUEUE_STATS] t_ms=0.016271 q_pkts=13 q_bytes=16016 ecn_mark=961 drop_l4s=0 drop_classic=1957 drop_overload=0
[QUEUE_STATS] t_ms=0.016287 q_pkts=9 q_bytes=10482 ecn_mark=962 drop_l4s=0 drop_classic=1963 drop_overload=0
[QUEUE_STATS] t_ms=0.016303 q_pkts=7 q_bytes=8624 ecn_mark=964 drop_l4s=0 drop_classic=1965 drop_overload=0
[QUEUE_STATS] t_ms=0.016319 q_pkts=5 q_bytes=6160 ecn_mark=965 drop_l4s=0 drop_classic=1968 drop_overload=0
[QUEUE_STATS] t_ms=0.016335 q_pkts=4 q_bytes=4928 ecn_mark=965 drop_l4s=0 drop_classic=1970 drop_overload=0
[QUEUE_STATS] t_ms=0.016351 q_pkts=5 q_bytes=6160 ecn_mark=966 drop_l4s=0 drop_classic=1971 drop_overload=0
[QUEUE_STATS] t_ms=0.016367 q_pkts=5 q_bytes=6160 ecn_mark=967 drop_l4s=0 drop_classic=1972 drop_overload=0
[QUEUE_STATS] t_ms=0.016383 q_pkts=5 q_bytes=6160 ecn_mark=967 drop_l4s=0 drop_classic=1974 drop_overload=0
[QUEUE_STATS] t_ms=0.016399 q_pkts=4 q_bytes=4977 ecn_mark=967 drop_l4s=0 drop_classic=1977 drop_overload=0
[QUEUE_STATS] t_ms=0.016415 q_pkts=4 q_bytes=5200 ecn_mark=967 drop_l4s=0 drop_classic=1979 drop_overload=0
[QUEUE_STATS] t_ms=0.016431 q_pkts=5 q_bytes=6160 ecn_mark=968 drop_l4s=0 drop_classic=1981 drop_overload=0
[QUEUE_STATS] t_ms=0.016447 q_pkts=7 q_bytes=8624 ecn_mark=969 drop_l4s=0 drop_classic=1982 drop_overload=0
[QUEUE_STATS] t_ms=0.016463 q_pkts=9 q_bytes=11088 ecn_mark=970 drop_l4s=0 drop_classic=1983 drop_overload=0
[QUEUE_STATS] t_ms=0.016479 q_pkts=11 q_bytes=13552 ecn_mark=970 drop_l4s=0 drop_classic=1983 drop_overload=0
[QUEUE_STATS] t_ms=0.016495 q_pkts=12 q_bytes=14784 ecn_mark=970 drop_l4s=0 drop_classic=1985 drop_overload=0
[QUEUE_STATS] t_ms=0.016511 q_pkts=12 q_bytes=14784 ecn_mark=971 drop_l4s=0 drop_classic=1988 drop_overload=0
[QUEUE_STATS] t_ms=0.016527 q_pkts=14 q_bytes=17248 ecn_mark=972 drop_l4s=0 drop_classic=1989 drop_overload=0
[QUEUE_STATS] t_ms=0.016543 q_pkts=15 q_bytes=18480 ecn_mark=973 drop_l4s=0 drop_classic=1991 drop_overload=0
[QUEUE_STATS] t_ms=0.016559 q_pkts=15 q_bytes=18480 ecn_mark=974 drop_l4s=0 drop_classic=1993 drop_overload=0
[QUEUE_STATS] t_ms=0.016575 q_pkts=15 q_bytes=18480 ecn_mark=975 drop_l4s=0 drop_classic=1995 drop_overload=0
[QUEUE_STATS] t_ms=0.016591 q_pkts=18 q_bytes=22176 ecn_mark=977 drop_l4s=0 drop_classic=1995 drop_overload=0
[QUEUE_STATS] t_ms=0.016607 q_pkts=18 q_bytes=22176 ecn_mark=977 drop_l4s=0 drop_classic=1997 drop_overload=0
[QUEUE_STATS] t_ms=0.016623 q_pkts=18 q_bytes=22176 ecn_mark=978 drop_l4s=0 drop_classic=1999 drop_overload=0
[QUEUE_STATS] t_ms=0.016639 q_pkts=20 q_bytes=24912 ecn_mark=979 drop_l4s=0 drop_classic=2000 drop_overload=0
[QUEUE_STATS] t_ms=0.016655 q_pkts=21 q_bytes=25872 ecn_mark=981 drop_l4s=0 drop_classic=2000 drop_overload=0
[QUEUE_STATS] t_ms=0.016671 q_pkts=22 q_bytes=27104 ecn_mark=982 drop_l4s=0 drop_classic=2001 drop_overload=0
[QUEUE_STATS] t_ms=0.016687 q_pkts=23 q_bytes=28336 ecn_mark=983 drop_l4s=0 drop_classic=2002 drop_overload=0
[QUEUE_STATS] t_ms=0.016703 q_pkts=24 q_bytes=29568 ecn_mark=984 drop_l4s=0 drop_classic=2002 drop_overload=0
[QUEUE_STATS] t_ms=0.016719 q_pkts=22 q_bytes=27104 ecn_mark=986 drop_l4s=0 drop_classic=2005 drop_overload=0
[QUEUE_STATS] t_ms=0.016735 q_pkts=23 q_bytes=28336 ecn_mark=986 drop_l4s=0 drop_classic=2005 drop_overload=0
[QUEUE_STATS] t_ms=0.016751 q_pkts=23 q_bytes=28336 ecn_mark=987 drop_l4s=0 drop_classic=2007 drop_overload=0
[QUEUE_STATS] t_ms=0.016767 q_pkts=24 q_bytes=29568 ecn_mark=988 drop_l4s=0 drop_classic=2007 drop_overload=0
[QUEUE_STATS] t_ms=0.016783 q_pkts=23 q_bytes=28336 ecn_mark=989 drop_l4s=0 drop_classic=2009 drop_overload=0
[QUEUE_STATS] t_ms=0.016799 q_pkts=24 q_bytes=29568 ecn_mark=989 drop_l4s=0 drop_classic=2009 drop_overload=0
[QUEUE_STATS] t_ms=0.016815 q_pkts=26 q_bytes=31737 ecn_mark=990 drop_l4s=0 drop_classic=2010 drop_overload=0
[QUEUE_STATS] t_ms=0.016831 q_pkts=27 q_bytes=32969 ecn_mark=991 drop_l4s=0 drop_classic=2010 drop_overload=0
[QUEUE_STATS] t_ms=0.016847 q_pkts=26 q_bytes=31262 ecn_mark=992 drop_l4s=0 drop_classic=2012 drop_overload=0
[QUEUE_STATS] t_ms=0.016863 q_pkts=26 q_bytes=32032 ecn_mark=994 drop_l4s=0 drop_classic=2012 drop_overload=0
[QUEUE_STATS] t_ms=0.016879 q_pkts=25 q_bytes=30800 ecn_mark=995 drop_l4s=0 drop_classic=2014 drop_overload=0
[QUEUE_STATS] t_ms=0.016895 q_pkts=26 q_bytes=32032 ecn_mark=997 drop_l4s=0 drop_classic=2015 drop_overload=0
[QUEUE_STATS] t_ms=0.016911 q_pkts=25 q_bytes=30081 ecn_mark=998 drop_l4s=0 drop_classic=2016 drop_overload=0
[QUEUE_STATS] t_ms=0.016927 q_pkts=26 q_bytes=32032 ecn_mark=999 drop_l4s=0 drop_classic=2017 drop_overload=0
[QUEUE_STATS] t_ms=0.016943 q_pkts=25 q_bytes=30800 ecn_mark=1000 drop_l4s=0 drop_classic=2019 drop_overload=0
[QUEUE_STATS] t_ms=0.016959 q_pkts=23 q_bytes=28336 ecn_mark=1001 drop_l4s=0 drop_classic=2022 drop_overload=0
[QUEUE_STATS] t_ms=0.016975 q_pkts=23 q_bytes=28336 ecn_mark=1002 drop_l4s=0 drop_classic=2023 drop_overload=0
[QUEUE_STATS] t_ms=0.016991 q_pkts=22 q_bytes=27104 ecn_mark=1003 drop_l4s=0 drop_classic=2025 drop_overload=0
[QUEUE_STATS] t_ms=0.017007 q_pkts=24 q_bytes=29568 ecn_mark=1005 drop_l4s=0 drop_classic=2025 drop_overload=0
[QUEUE_STATS] t_ms=0.017023 q_pkts=25 q_bytes=30800 ecn_mark=1006 drop_l4s=0 drop_classic=2025 drop_overload=0
[QUEUE_STATS] t_ms=0.017039 q_pkts=27 q_bytes=33264 ecn_mark=1007 drop_l4s=0 drop_classic=2025 drop_overload=0
[QUEUE_STATS] t_ms=0.017055 q_pkts=28 q_bytes=34496 ecn_mark=1007 drop_l4s=0 drop_classic=2026 drop_overload=0
[QUEUE_STATS] t_ms=0.017071 q_pkts=30 q_bytes=36960 ecn_mark=1009 drop_l4s=0 drop_classic=2027 drop_overload=0
[QUEUE_STATS] t_ms=0.017087 q_pkts=27 q_bytes=33264 ecn_mark=1010 drop_l4s=0 drop_classic=2031 drop_overload=0
[QUEUE_STATS] t_ms=0.017103 q_pkts=28 q_bytes=34496 ecn_mark=1011 drop_l4s=0 drop_classic=2032 drop_overload=0
[QUEUE_STATS] t_ms=0.017119 q_pkts=28 q_bytes=34496 ecn_mark=1012 drop_l4s=0 drop_classic=2033 drop_overload=0
[QUEUE_STATS] t_ms=0.017135 q_pkts=29 q_bytes=35728 ecn_mark=1013 drop_l4s=0 drop_classic=2034 drop_overload=0
[QUEUE_STATS] t_ms=0.017151 q_pkts=29 q_bytes=35728 ecn_mark=1013 drop_l4s=0 drop_classic=2036 drop_overload=0
[QUEUE_STATS] t_ms=0.017167 q_pkts=31 q_bytes=38192 ecn_mark=1014 drop_l4s=0 drop_classic=2036 drop_overload=0
[QUEUE_STATS] t_ms=0.017183 q_pkts=32 q_bytes=39424 ecn_mark=1015 drop_l4s=0 drop_classic=2037 drop_overload=0
[QUEUE_STATS] t_ms=0.017199 q_pkts=32 q_bytes=39424 ecn_mark=1017 drop_l4s=0 drop_classic=2039 drop_overload=0
[QUEUE_STATS] t_ms=0.017215 q_pkts=32 q_bytes=39424 ecn_mark=1017 drop_l4s=0 drop_classic=2041 drop_overload=0
[QUEUE_STATS] t_ms=0.017231 q_pkts=30 q_bytes=36960 ecn_mark=1018 drop_l4s=0 drop_classic=2044 drop_overload=0
[QUEUE_STATS] t_ms=0.017247 q_pkts=28 q_bytes=34496 ecn_mark=1019 drop_l4s=0 drop_classic=2048 drop_overload=0
[QUEUE_STATS] t_ms=0.017263 q_pkts=28 q_bytes=34496 ecn_mark=1019 drop_l4s=0 drop_classic=2049 drop_overload=0
[QUEUE_STATS] t_ms=0.017279 q_pkts=23 q_bytes=28336 ecn_mark=1020 drop_l4s=0 drop_classic=2056 drop_overload=0
[QUEUE_STATS] t_ms=0.017295 q_pkts=20 q_bytes=24640 ecn_mark=1021 drop_l4s=0 drop_classic=2060 drop_overload=0
[QUEUE_STATS] t_ms=0.017311 q_pkts=21 q_bytes=25500 ecn_mark=1022 drop_l4s=0 drop_classic=2062 drop_overload=0
[QUEUE_STATS] t_ms=0.017327 q_pkts=19 q_bytes=23408 ecn_mark=1023 drop_l4s=0 drop_classic=2064 drop_overload=0
[QUEUE_STATS] t_ms=0.017343 q_pkts=17 q_bytes=20944 ecn_mark=1023 drop_l4s=0 drop_classic=2068 drop_overload=0
[QUEUE_STATS] t_ms=0.017359 q_pkts=17 q_bytes=20944 ecn_mark=1024 drop_l4s=0 drop_classic=2070 drop_overload=0
[QUEUE_STATS] t_ms=0.017375 q_pkts=17 q_bytes=20944 ecn_mark=1025 drop_l4s=0 drop_classic=2072 drop_overload=0
[QUEUE_STATS] t_ms=0.017391 q_pkts=16 q_bytes=19712 ecn_mark=1025 drop_l4s=0 drop_classic=2075 drop_overload=0
[QUEUE_STATS] t_ms=0.017407 q_pkts=15 q_bytes=18480 ecn_mark=1026 drop_l4s=0 drop_classic=2079 drop_overload=0
[QUEUE_STATS] t_ms=0.017423 q_pkts=14 q_bytes=17458 ecn_mark=1026 drop_l4s=0 drop_classic=2081 drop_overload=0
[QUEUE_STATS] t_ms=0.017439 q_pkts=15 q_bytes=18480 ecn_mark=1027 drop_l4s=0 drop_classic=2081 drop_overload=0
[QUEUE_STATS] t_ms=0.017455 q_pkts=17 q_bytes=20944 ecn_mark=1028 drop_l4s=0 drop_classic=2082 drop_overload=0
[QUEUE_STATS] t_ms=0.017471 q_pkts=13 q_bytes=16016 ecn_mark=1028 drop_l4s=0 drop_classic=2088 drop_overload=0
[QUEUE_STATS] t_ms=0.017487 q_pkts=16 q_bytes=19712 ecn_mark=1029 drop_l4s=0 drop_classic=2088 drop_overload=0
[QUEUE_STATS] t_ms=0.017503 q_pkts=15 q_bytes=18480 ecn_mark=1030 drop_l4s=0 drop_classic=2090 drop_overload=0
[QUEUE_STATS] t_ms=0.017519 q_pkts=17 q_bytes=20944 ecn_mark=1032 drop_l4s=0 drop_classic=2091 drop_overload=0
[QUEUE_STATS] t_ms=0.017535 q_pkts=18 q_bytes=22176 ecn_mark=1032 drop_l4s=0 drop_classic=2092 drop_overload=0
[QUEUE_STATS] t_ms=0.017551 q_pkts=17 q_bytes=20944 ecn_mark=1033 drop_l4s=0 drop_classic=2096 drop_overload=0
[QUEUE_STATS] t_ms=0.017567 q_pkts=14 q_bytes=17248 ecn_mark=1034 drop_l4s=0 drop_classic=2100 drop_overload=0
[QUEUE_STATS] t_ms=0.017583 q_pkts=15 q_bytes=18752 ecn_mark=1034 drop_l4s=0 drop_classic=2102 drop_overload=0
[QUEUE_STATS] t_ms=0.017599 q_pkts=12 q_bytes=14784 ecn_mark=1036 drop_l4s=0 drop_classic=2107 drop_overload=0
[QUEUE_STATS] t_ms=0.017615 q_pkts=9 q_bytes=11088 ecn_mark=1037 drop_l4s=0 drop_classic=2111 drop_overload=0
[QUEUE_STATS] t_ms=0.017631 q_pkts=11 q_bytes=13552 ecn_mark=1039 drop_l4s=0 drop_classic=2112 drop_overload=0
[QUEUE_STATS] t_ms=0.017647 q_pkts=10 q_bytes=12320 ecn_mark=1039 drop_l4s=0 drop_classic=2114 drop_overload=0
[QUEUE_STATS] t_ms=0.017663 q_pkts=7 q_bytes=8225 ecn_mark=1040 drop_l4s=0 drop_classic=2118 drop_overload=0
[QUEUE_STATS] t_ms=0.017679 q_pkts=8 q_bytes=9856 ecn_mark=1042 drop_l4s=0 drop_classic=2119 drop_overload=0
[QUEUE_STATS] t_ms=0.017695 q_pkts=9 q_bytes=11088 ecn_mark=1043 drop_l4s=0 drop_classic=2120 drop_overload=0
[QUEUE_STATS] t_ms=0.017711 q_pkts=8 q_bytes=9856 ecn_mark=1044 drop_l4s=0 drop_classic=2122 drop_overload=0
[QUEUE_STATS] t_ms=0.017727 q_pkts=7 q_bytes=8624 ecn_mark=1045 drop_l4s=0 drop_classic=2124 drop_overload=0
[QUEUE_STATS] t_ms=0.017743 q_pkts=9 q_bytes=10364 ecn_mark=1046 drop_l4s=0 drop_classic=2124 drop_overload=0
[QUEUE_STATS] t_ms=0.017759 q_pkts=11 q_bytes=13159 ecn_mark=1048 drop_l4s=0 drop_classic=2125 drop_overload=0
[QUEUE_STATS] t_ms=0.017775 q_pkts=8 q_bytes=9856 ecn_mark=1049 drop_l4s=0 drop_classic=2128 drop_overload=0
[QUEUE_STATS] t_ms=0.017791 q_pkts=7 q_bytes=8481 ecn_mark=1049 drop_l4s=0 drop_classic=2130 drop_overload=0
[QUEUE_STATS] t_ms=0.017807 q_pkts=10 q_bytes=12320 ecn_mark=1049 drop_l4s=0 drop_classic=2130 drop_overload=0
[QUEUE_STATS] t_ms=0.017823 q_pkts=12 q_bytes=14784 ecn_mark=1050 drop_l4s=0 drop_classic=2131 drop_overload=0
[QUEUE_STATS] t_ms=0.017839 q_pkts=13 q_bytes=16016 ecn_mark=1052 drop_l4s=0 drop_classic=2133 drop_overload=0
[QUEUE_STATS] t_ms=0.017855 q_pkts=11 q_bytes=13552 ecn_mark=1052 drop_l4s=0 drop_classic=2136 drop_overload=0
[QUEUE_STATS] t_ms=0.017871 q_pkts=13 q_bytes=16016 ecn_mark=1052 drop_l4s=0 drop_classic=2137 drop_overload=0
[QUEUE_STATS] t_ms=0.017887 q_pkts=15 q_bytes=18752 ecn_mark=1053 drop_l4s=0 drop_classic=2138 drop_overload=0
[QUEUE_STATS] t_ms=0.017903 q_pkts=13 q_bytes=16016 ecn_mark=1054 drop_l4s=0 drop_classic=2142 drop_overload=0
[QUEUE_STATS] t_ms=0.017919 q_pkts=14 q_bytes=17248 ecn_mark=1055 drop_l4s=0 drop_classic=2144 drop_overload=0
[QUEUE_STATS] t_ms=0.017935 q_pkts=14 q_bytes=17502 ecn_mark=1055 drop_l4s=0 drop_classic=2145 drop_overload=0
[QUEUE_STATS] t_ms=0.017951 q_pkts=17 q_bytes=20944 ecn_mark=1056 drop_l4s=0 drop_classic=2145 drop_overload=0
[QUEUE_STATS] t_ms=0.017967 q_pkts=19 q_bytes=23408 ecn_mark=1057 drop_l4s=0 drop_classic=2146 drop_overload=0
[QUEUE_STATS] t_ms=0.017983 q_pkts=20 q_bytes=24640 ecn_mark=1057 drop_l4s=0 drop_classic=2147 drop_overload=0
[QUEUE_STATS] t_ms=0.017999 q_pkts=23 q_bytes=28336 ecn_mark=1059 drop_l4s=0 drop_classic=2147 drop_overload=0
[QUEUE_STATS] t_ms=0.018015 q_pkts=23 q_bytes=28336 ecn_mark=1060 drop_l4s=0 drop_classic=2149 drop_overload=0
[QUEUE_STATS] t_ms=0.018031 q_pkts=23 q_bytes=28336 ecn_mark=1062 drop_l4s=0 drop_classic=2151 drop_overload=0
[QUEUE_STATS] t_ms=0.018047 q_pkts=25 q_bytes=30800 ecn_mark=1062 drop_l4s=0 drop_classic=2151 drop_overload=0
[QUEUE_STATS] t_ms=0.018063 q_pkts=27 q_bytes=33264 ecn_mark=1063 drop_l4s=0 drop_classic=2151 drop_overload=0
[QUEUE_STATS] t_ms=0.018079 q_pkts=24 q_bytes=29568 ecn_mark=1063 drop_l4s=0 drop_classic=2155 drop_overload=0
[QUEUE_STATS] t_ms=0.018095 q_pkts=25 q_bytes=30800 ecn_mark=1064 drop_l4s=0 drop_classic=2156 drop_overload=0
[QUEUE_STATS] t_ms=0.018111 q_pkts=25 q_bytes=30800 ecn_mark=1065 drop_l4s=0 drop_classic=2158 drop_overload=0
[QUEUE_STATS] t_ms=0.018127 q_pkts=25 q_bytes=30800 ecn_mark=1066 drop_l4s=0 drop_classic=2160 drop_overload=0
[QUEUE_STATS] t_ms=0.018143 q_pkts=19 q_bytes=23408 ecn_mark=1067 drop_l4s=0 drop_classic=2167 drop_overload=0
[QUEUE_STATS] t_ms=0.018159 q_pkts=20 q_bytes=24640 ecn_mark=1067 drop_l4s=0 drop_classic=2168 drop_overload=0
[QUEUE_STATS] t_ms=0.018175 q_pkts=20 q_bytes=24791 ecn_mark=1068 drop_l4s=0 drop_classic=2170 drop_overload=0
[QUEUE_STATS] t_ms=0.018191 q_pkts=18 q_bytes=22327 ecn_mark=1068 drop_l4s=0 drop_classic=2174 drop_overload=0
[QUEUE_STATS] t_ms=0.018207 q_pkts=19 q_bytes=23408 ecn_mark=1070 drop_l4s=0 drop_classic=2174 drop_overload=0
[QUEUE_STATS] t_ms=0.018223 q_pkts=20 q_bytes=24640 ecn_mark=1070 drop_l4s=0 drop_classic=2175 drop_overload=0
[QUEUE_STATS] t_ms=0.018239 q_pkts=20 q_bytes=24640 ecn_mark=1072 drop_l4s=0 drop_classic=2176 drop_overload=0
[QUEUE_STATS] t_ms=0.018255 q_pkts=23 q_bytes=27976 ecn_mark=1073 drop_l4s=0 drop_classic=2176 drop_overload=0
[QUEUE_STATS] t_ms=0.018271 q_pkts=22 q_bytes=27104 ecn_mark=1075 drop_l4s=0 drop_classic=2177 drop_overload=0
[QUEUE_STATS] t_ms=0.018287 q_pkts=23 q_bytes=27722 ecn_mark=1075 drop_l4s=0 drop_classic=2178 drop_overload=0
[QUEUE_STATS] t_ms=0.018303 q_pkts=23 q_bytes=28336 ecn_mark=1077 drop_l4s=0 drop_classic=2179 drop_overload=0
[QUEUE_STATS] t_ms=0.018319 q_pkts=23 q_bytes=28336 ecn_mark=1078 drop_l4s=0 drop_classic=2180 drop_overload=0
[QUEUE_STATS] t_ms=0.018335 q_pkts=20 q_bytes=24640 ecn_mark=1080 drop_l4s=0 drop_classic=2185 drop_overload=0
[QUEUE_STATS] t_ms=0.018351 q_pkts=20 q_bytes=24640 ecn_mark=1081 drop_l4s=0 drop_classic=2186 drop_overload=0
[QUEUE_STATS] t_ms=0.018367 q_pkts=18 q_bytes=22176 ecn_mark=1083 drop_l4s=0 drop_classic=2189 drop_overload=0
[QUEUE_STATS] t_ms=0.018383 q_pkts=19 q_bytes=23408 ecn_mark=1083 drop_l4s=0 drop_classic=2189 drop_overload=0
[QUEUE_STATS] t_ms=0.018399 q_pkts=19 q_bytes=23408 ecn_mark=1085 drop_l4s=0 drop_classic=2191 drop_overload=0
[QUEUE_STATS] t_ms=0.018415 q_pkts=17 q_bytes=20944 ecn_mark=1086 drop_l4s=0 drop_classic=2194 drop_overload=0
[QUEUE_STATS] t_ms=0.018431 q_pkts=17 q_bytes=20944 ecn_mark=1087 drop_l4s=0 drop_classic=2196 drop_overload=0
[QUEUE_STATS] t_ms=0.018447 q_pkts=12 q_bytes=14784 ecn_mark=1088 drop_l4s=0 drop_classic=2202 drop_overload=0
[QUEUE_STATS] t_ms=0.018463 q_pkts=12 q_bytes=14784 ecn_mark=1089 drop_l4s=0 drop_classic=2204 drop_overload=0
[QUEUE_STATS] t_ms=0.018479 q_pkts=14 q_bytes=17248 ecn_mark=1091 drop_l4s=0 drop_classic=2204 drop_overload=0
[QUEUE_STATS] t_ms=0.018495 q_pkts=12 q_bytes=14784 ecn_mark=1091 drop_l4s=0 drop_classic=2207 drop_overload=0
[QUEUE_STATS] t_ms=0.018511 q_pkts=11 q_bytes=13552 ecn_mark=1092 drop_l4s=0 drop_classic=2210 drop_overload=0
[QUEUE_STATS] t_ms=0.018527 q_pkts=13 q_bytes=16016 ecn_mark=1093 drop_l4s=0 drop_classic=2210 drop_overload=0
[QUEUE_STATS] t_ms=0.018543 q_pkts=12 q_bytes=14784 ecn_mark=1094 drop_l4s=0 drop_classic=2212 drop_overload=0
[QUEUE_STATS] t_ms=0.018559 q_pkts=12 q_bytes=14784 ecn_mark=1094 drop_l4s=0 drop_classic=2213 drop_overload=0
[QUEUE_STATS] t_ms=0.018575 q_pkts=12 q_bytes=14784 ecn_mark=1094 drop_l4s=0 drop_classic=2215 drop_overload=0
[QUEUE_STATS] t_ms=0.018591 q_pkts=13 q_bytes=16016 ecn_mark=1096 drop_l4s=0 drop_classic=2216 drop_overload=0
[QUEUE_STATS] t_ms=0.018607 q_pkts=13 q_bytes=16016 ecn_mark=1097 drop_l4s=0 drop_classic=2217 drop_overload=0
[QUEUE_STATS] t_ms=0.018623 q_pkts=11 q_bytes=13552 ecn_mark=1098 drop_l4s=0 drop_classic=2221 drop_overload=0
[QUEUE_STATS] t_ms=0.018639 q_pkts=10 q_bytes=12320 ecn_mark=1098 drop_l4s=0 drop_classic=2223 drop_overload=0
[QUEUE_STATS] t_ms=0.018655 q_pkts=11 q_bytes=13552 ecn_mark=1100 drop_l4s=0 drop_classic=2224 drop_overload=0
[QUEUE_STATS] t_ms=0.018671 q_pkts=11 q_bytes=13552 ecn_mark=1101 drop_l4s=0 drop_classic=2225 drop_overload=0
[QUEUE_STATS] t_ms=0.018687 q_pkts=12 q_bytes=14784 ecn_mark=1101 drop_l4s=0 drop_classic=2225 drop_overload=0
[QUEUE_STATS] t_ms=0.018703 q_pkts=11 q_bytes=13552 ecn_mark=1102 drop_l4s=0 drop_classic=2227 drop_overload=0
[QUEUE_STATS] t_ms=0.018719 q_pkts=10 q_bytes=12320 ecn_mark=1103 drop_l4s=0 drop_classic=2229 drop_overload=0
[QUEUE_STATS] t_ms=0.018735 q_pkts=12 q_bytes=14140 ecn_mark=1104 drop_l4s=0 drop_classic=2229 drop_overload=0
[QUEUE_STATS] t_ms=0.018751 q_pkts=11 q_bytes=12716 ecn_mark=1105 drop_l4s=0 drop_classic=2230 drop_overload=0
[QUEUE_STATS] t_ms=0.018767 q_pkts=11 q_bytes=13552 ecn_mark=1106 drop_l4s=0 drop_classic=2231 drop_overload=0
[QUEUE_STATS] t_ms=0.018783 q_pkts=10 q_bytes=12320 ecn_mark=1106 drop_l4s=0 drop_classic=2233 drop_overload=0
[QUEUE_STATS] t_ms=0.018799 q_pkts=10 q_bytes=12320 ecn_mark=1107 drop_l4s=0 drop_classic=2235 drop_overload=0
[QUEUE_STATS] t_ms=0.018815 q_pkts=12 q_bytes=14784 ecn_mark=1107 drop_l4s=0 drop_classic=2235 drop_overload=0
[QUEUE_STATS] t_ms=0.018831 q_pkts=14 q_bytes=17248 ecn_mark=1109 drop_l4s=0 drop_classic=2235 drop_overload=0
[QUEUE_STATS] t_ms=0.018847 q_pkts=14 q_bytes=17248 ecn_mark=1110 drop_l4s=0 drop_classic=2236 drop_overload=0
[QUEUE_STATS] t_ms=0.018863 q_pkts=14 q_bytes=17248 ecn_mark=1111 drop_l4s=0 drop_classic=2237 drop_overload=0
[QUEUE_STATS] t_ms=0.018879 q_pkts=13 q_bytes=16016 ecn_mark=1111 drop_l4s=0 drop_classic=2240 drop_overload=0
[QUEUE_STATS] t_ms=0.018895 q_pkts=14 q_bytes=17248 ecn_mark=1112 drop_l4s=0 drop_classic=2241 drop_overload=0
[QUEUE_STATS] t_ms=0.018911 q_pkts=14 q_bytes=17248 ecn_mark=1113 drop_l4s=0 drop_classic=2243 drop_overload=0
[QUEUE_STATS] t_ms=0.018927 q_pkts=12 q_bytes=14784 ecn_mark=1114 drop_l4s=0 drop_classic=2246 drop_overload=0
[QUEUE_STATS] t_ms=0.018943 q_pkts=14 q_bytes=17248 ecn_mark=1114 drop_l4s=0 drop_classic=2246 drop_overload=0
[QUEUE_STATS] t_ms=0.018959 q_pkts=16 q_bytes=19712 ecn_mark=1114 drop_l4s=0 drop_classic=2246 drop_overload=0
[QUEUE_STATS] t_ms=0.018975 q_pkts=17 q_bytes=20944 ecn_mark=1115 drop_l4s=0 drop_classic=2248 drop_overload=0
[QUEUE_STATS] t_ms=0.018991 q_pkts=20 q_bytes=24640 ecn_mark=1117 drop_l4s=0 drop_classic=2248 drop_overload=0
[QUEUE_STATS] t_ms=0.019007 q_pkts=21 q_bytes=25872 ecn_mark=1118 drop_l4s=0 drop_classic=2248 drop_overload=0
[QUEUE_STATS] t_ms=0.019023 q_pkts=21 q_bytes=25872 ecn_mark=1119 drop_l4s=0 drop_classic=2250 drop_overload=0
[QUEUE_STATS] t_ms=0.019039 q_pkts=20 q_bytes=24640 ecn_mark=1119 drop_l4s=0 drop_classic=2252 drop_overload=0
[QUEUE_STATS] t_ms=0.019055 q_pkts=20 q_bytes=24784 ecn_mark=1120 drop_l4s=0 drop_classic=2254 drop_overload=0
[QUEUE_STATS] t_ms=0.019071 q_pkts=21 q_bytes=25872 ecn_mark=1121 drop_l4s=0 drop_classic=2255 drop_overload=0
[QUEUE_STATS] t_ms=0.019087 q_pkts=21 q_bytes=25872 ecn_mark=1123 drop_l4s=0 drop_classic=2257 drop_overload=0
[QUEUE_STATS] t_ms=0.019103 q_pkts=19 q_bytes=23408 ecn_mark=1124 drop_l4s=0 drop_classic=2260 drop_overload=0
[QUEUE_STATS] t_ms=0.019119 q_pkts=19 q_bytes=23408 ecn_mark=1124 drop_l4s=0 drop_classic=2261 drop_overload=0
[QUEUE_STATS] t_ms=0.019135 q_pkts=18 q_bytes=22176 ecn_mark=1125 drop_l4s=0 drop_classic=2263 drop_overload=0
[QUEUE_STATS] t_ms=0.019151 q_pkts=19 q_bytes=23408 ecn_mark=1126 drop_l4s=0 drop_classic=2263 drop_overload=0
[QUEUE_STATS] t_ms=0.019167 q_pkts=20 q_bytes=24640 ecn_mark=1127 drop_l4s=0 drop_classic=2263 drop_overload=0
[QUEUE_STATS] t_ms=0.019183 q_pkts=21 q_bytes=25872 ecn_mark=1127 drop_l4s=0 drop_classic=2264 drop_overload=0
[QUEUE_STATS] t_ms=0.019199 q_pkts=21 q_bytes=25872 ecn_mark=1129 drop_l4s=0 drop_classic=2266 drop_overload=0
[QUEUE_STATS] t_ms=0.019215 q_pkts=21 q_bytes=25872 ecn_mark=1130 drop_l4s=0 drop_classic=2267 drop_overload=0
[QUEUE_STATS] t_ms=0.019231 q_pkts=20 q_bytes=24303 ecn_mark=1130 drop_l4s=0 drop_classic=2270 drop_overload=0
[QUEUE_STATS] t_ms=0.019247 q_pkts=19 q_bytes=23408 ecn_mark=1131 drop_l4s=0 drop_classic=2272 drop_overload=0
[QUEUE_STATS] t_ms=0.019263 q_pkts=18 q_bytes=22176 ecn_mark=1131 drop_l4s=0 drop_classic=2275 drop_overload=0
[QUEUE_STATS] t_ms=0.019279 q_pkts=20 q_bytes=24640 ecn_mark=1132 drop_l4s=0 drop_classic=2275 drop_overload=0
[QUEUE_STATS] t_ms=0.019295 q_pkts=22 q_bytes=27104 ecn_mark=1133 drop_l4s=0 drop_classic=2275 drop_overload=0
[QUEUE_STATS] t_ms=0.019311 q_pkts=24 q_bytes=29605 ecn_mark=1133 drop_l4s=0 drop_classic=2276 drop_overload=0
[QUEUE_STATS] t_ms=0.019327 q_pkts=23 q_bytes=28336 ecn_mark=1134 drop_l4s=0 drop_classic=2278 drop_overload=0
[QUEUE_STATS] t_ms=0.019343 q_pkts=25 q_bytes=30800 ecn_mark=1135 drop_l4s=0 drop_classic=2278 drop_overload=0
[QUEUE_STATS] t_ms=0.019359 q_pkts=27 q_bytes=33264 ecn_mark=1137 drop_l4s=0 drop_classic=2278 drop_overload=0
[QUEUE_STATS] t_ms=0.019375 q_pkts=26 q_bytes=32032 ecn_mark=1137 drop_l4s=0 drop_classic=2280 drop_overload=0
[QUEUE_STATS] t_ms=0.019391 q_pkts=27 q_bytes=33264 ecn_mark=1138 drop_l4s=0 drop_classic=2282 drop_overload=0
[QUEUE_STATS] t_ms=0.019407 q_pkts=29 q_bytes=35441 ecn_mark=1139 drop_l4s=0 drop_classic=2282 drop_overload=0
[QUEUE_STATS] t_ms=0.019423 q_pkts=30 q_bytes=36960 ecn_mark=1140 drop_l4s=0 drop_classic=2282 drop_overload=0
[QUEUE_STATS] t_ms=0.019439 q_pkts=29 q_bytes=35728 ecn_mark=1142 drop_l4s=0 drop_classic=2284 drop_overload=0
[QUEUE_STATS] t_ms=0.019455 q_pkts=28 q_bytes=34496 ecn_mark=1144 drop_l4s=0 drop_classic=2287 drop_overload=0
[QUEUE_STATS] t_ms=0.019471 q_pkts=27 q_bytes=33264 ecn_mark=1144 drop_l4s=0 drop_classic=2289 drop_overload=0
[QUEUE_STATS] t_ms=0.019487 q_pkts=26 q_bytes=31910 ecn_mark=1145 drop_l4s=0 drop_classic=2293 drop_overload=0
[QUEUE_STATS] t_ms=0.019503 q_pkts=25 q_bytes=30678 ecn_mark=1146 drop_l4s=0 drop_classic=2295 drop_overload=0
[QUEUE_STATS] t_ms=0.019519 q_pkts=23 q_bytes=28238 ecn_mark=1146 drop_l4s=0 drop_classic=2297 drop_overload=0
[QUEUE_STATS] t_ms=0.019535 q_pkts=25 q_bytes=30800 ecn_mark=1146 drop_l4s=0 drop_classic=2298 drop_overload=0
[QUEUE_STATS] t_ms=0.019551 q_pkts=26 q_bytes=32032 ecn_mark=1148 drop_l4s=0 drop_classic=2300 drop_overload=0
[QUEUE_STATS] t_ms=0.019567 q_pkts=27 q_bytes=33264 ecn_mark=1149 drop_l4s=0 drop_classic=2300 drop_overload=0
[QUEUE_STATS] t_ms=0.019583 q_pkts=28 q_bytes=34496 ecn_mark=1150 drop_l4s=0 drop_classic=2301 drop_overload=0
[QUEUE_STATS] t_ms=0.019599 q_pkts=27 q_bytes=33264 ecn_mark=1150 drop_l4s=0 drop_classic=2303 drop_overload=0
[QUEUE_STATS] t_ms=0.019615 q_pkts=27 q_bytes=33264 ecn_mark=1151 drop_l4s=0 drop_classic=2306 drop_overload=0
[QUEUE_STATS] t_ms=0.019631 q_pkts=29 q_bytes=35728 ecn_mark=1152 drop_l4s=0 drop_classic=2306 drop_overload=0
[QUEUE_STATS] t_ms=0.019647 q_pkts=27 q_bytes=33264 ecn_mark=1153 drop_l4s=0 drop_classic=2309 drop_overload=0
[QUEUE_STATS] t_ms=0.019663 q_pkts=28 q_bytes=34496 ecn_mark=1155 drop_l4s=0 drop_classic=2311 drop_overload=0
[QUEUE_STATS] t_ms=0.019679 q_pkts=27 q_bytes=33264 ecn_mark=1155 drop_l4s=0 drop_classic=2313 drop_overload=0
[QUEUE_STATS] t_ms=0.019695 q_pkts=28 q_bytes=34099 ecn_mark=1156 drop_l4s=0 drop_classic=2314 drop_overload=0
[QUEUE_STATS] t_ms=0.019711 q_pkts=27 q_bytes=33264 ecn_mark=1158 drop_l4s=0 drop_classic=2316 drop_overload=0
[QUEUE_STATS] t_ms=0.019727 q_pkts=27 q_bytes=33117 ecn_mark=1158 drop_l4s=0 drop_classic=2317 drop_overload=0
[QUEUE_STATS] t_ms=0.019743 q_pkts=28 q_bytes=34496 ecn_mark=1160 drop_l4s=0 drop_classic=2318 drop_overload=0
[QUEUE_STATS] t_ms=0.019759 q_pkts=30 q_bytes=36960 ecn_mark=1160 drop_l4s=0 drop_classic=2318 drop_overload=0
[QUEUE_STATS] t_ms=0.019775 q_pkts=29 q_bytes=35728 ecn_mark=1161 drop_l4s=0 drop_classic=2320 drop_overload=0
[QUEUE_STATS] t_ms=0.019791 q_pkts=29 q_bytes=35728 ecn_mark=1161 drop_l4s=0 drop_classic=2321 drop_overload=0
[QUEUE_STATS] t_ms=0.019807 q_pkts=28 q_bytes=34496 ecn_mark=1161 drop_l4s=0 drop_classic=2324 drop_overload=0
[QUEUE_STATS] t_ms=0.019823 q_pkts=30 q_bytes=36960 ecn_mark=1162 drop_l4s=0 drop_classic=2324 drop_overload=0
[QUEUE_STATS] t_ms=0.019839 q_pkts=28 q_bytes=34496 ecn_mark=1163 drop_l4s=0 drop_classic=2328 drop_overload=0
[QUEUE_STATS] t_ms=0.019855 q_pkts=28 q_bytes=34425 ecn_mark=1163 drop_l4s=0 drop_classic=2329 drop_overload=0
[QUEUE_STATS] t_ms=0.019871 q_pkts=31 q_bytes=38192 ecn_mark=1164 drop_l4s=0 drop_classic=2329 drop_overload=0
[QUEUE_STATS] t_ms=0.019887 q_pkts=30 q_bytes=36960 ecn_mark=1165 drop_l4s=0 drop_classic=2333 drop_overload=0
[QUEUE_STATS] t_ms=0.019903 q_pkts=28 q_bytes=34496 ecn_mark=1166 drop_l4s=0 drop_classic=2336 drop_overload=0
[QUEUE_STATS] t_ms=0.019919 q_pkts=28 q_bytes=34496 ecn_mark=1167 drop_l4s=0 drop_classic=2339 drop_overload=0
[QUEUE_STATS] t_ms=0.019935 q_pkts=27 q_bytes=33171 ecn_mark=1168 drop_l4s=0 drop_classic=2342 drop_overload=0
[QUEUE_STATS] t_ms=0.019951 q_pkts=27 q_bytes=33264 ecn_mark=1170 drop_l4s=0 drop_classic=2343 drop_overload=0
[QUEUE_STATS] t_ms=0.019967 q_pkts=26 q_bytes=32032 ecn_mark=1170 drop_l4s=0 drop_classic=2346 drop_overload=0
[QUEUE_STATS] t_ms=0.019983 q_pkts=19 q_bytes=23408 ecn_mark=1170 drop_l4s=0 drop_classic=2354 drop_overload=0
[QUEUE_STATS] t_ms=0.019999 q_pkts=19 q_bytes=23408 ecn_mark=1171 drop_l4s=0 drop_classic=2357 drop_overload=0
[QUEUE_STATS] t_ms=0.020015 q_pkts=18 q_bytes=22176 ecn_mark=1173 drop_l4s=0 drop_classic=2360 drop_overload=0
[QUEUE_STATS] t_ms=0.020031 q_pkts=14 q_bytes=17053 ecn_mark=1174 drop_l4s=0 drop_classic=2365 drop_overload=0
[QUEUE_STATS] t_ms=0.020047 q_pkts=15 q_bytes=18480 ecn_mark=1174 drop_l4s=0 drop_classic=2366 drop_overload=0
[QUEUE_STATS] t_ms=0.020063 q_pkts=16 q_bytes=19712 ecn_mark=1176 drop_l4s=0 drop_classic=2368 drop_overload=0
[QUEUE_STATS] t_ms=0.020079 q_pkts=18 q_bytes=22176 ecn_mark=1177 drop_l4s=0 drop_classic=2368 drop_overload=0
[QUEUE_STATS] t_ms=0.020095 q_pkts=18 q_bytes=22176 ecn_mark=1178 drop_l4s=0 drop_classic=2369 drop_overload=0
[QUEUE_STATS] t_ms=0.020111 q_pkts=20 q_bytes=24640 ecn_mark=1179 drop_l4s=0 drop_classic=2369 drop_overload=0
[QUEUE_STATS] t_ms=0.020127 q_pkts=20 q_bytes=24640 ecn_mark=1180 drop_l4s=0 drop_classic=2370 drop_overload=0
[QUEUE_STATS] t_ms=0.020143 q_pkts=18 q_bytes=22176 ecn_mark=1181 drop_l4s=0 drop_classic=2373 drop_overload=0
[QUEUE_STATS] t_ms=0.020159 q_pkts=17 q_bytes=20944 ecn_mark=1182 drop_l4s=0 drop_classic=2375 drop_overload=0
[QUEUE_STATS] t_ms=0.020175 q_pkts=17 q_bytes=20944 ecn_mark=1183 drop_l4s=0 drop_classic=2377 drop_overload=0
[QUEUE_STATS] t_ms=0.020191 q_pkts=17 q_bytes=20977 ecn_mark=1183 drop_l4s=0 drop_classic=2379 drop_overload=0
[QUEUE_STATS] t_ms=0.020207 q_pkts=17 q_bytes=20944 ecn_mark=1185 drop_l4s=0 drop_classic=2381 drop_overload=0
[QUEUE_STATS] t_ms=0.020223 q_pkts=14 q_bytes=17248 ecn_mark=1185 drop_l4s=0 drop_classic=2385 drop_overload=0
[QUEUE_STATS] t_ms=0.020239 q_pkts=15 q_bytes=18480 ecn_mark=1185 drop_l4s=0 drop_classic=2386 drop_overload=0
[QUEUE_STATS] t_ms=0.020255 q_pkts=13 q_bytes=15820 ecn_mark=1186 drop_l4s=0 drop_classic=2390 drop_overload=0
[QUEUE_STATS] t_ms=0.020271 q_pkts=9 q_bytes=11088 ecn_mark=1187 drop_l4s=0 drop_classic=2395 drop_overload=0
[QUEUE_STATS] t_ms=0.020287 q_pkts=9 q_bytes=11088 ecn_mark=1187 drop_l4s=0 drop_classic=2398 drop_overload=0
[QUEUE_STATS] t_ms=0.020303 q_pkts=12 q_bytes=14784 ecn_mark=1188 drop_l4s=0 drop_classic=2398 drop_overload=0
[QUEUE_STATS] t_ms=0.020319 q_pkts=13 q_bytes=16016 ecn_mark=1188 drop_l4s=0 drop_classic=2399 drop_overload=0
[QUEUE_STATS] t_ms=0.020335 q_pkts=15 q_bytes=18480 ecn_mark=1190 drop_l4s=0 drop_classic=2399 drop_overload=0
[QUEUE_STATS] t_ms=0.020351 q_pkts=18 q_bytes=22448 ecn_mark=1191 drop_l4s=0 drop_classic=2399 drop_overload=0
[QUEUE_STATS] t_ms=0.020367 q_pkts=13 q_bytes=16016 ecn_mark=1192 drop_l4s=0 drop_classic=2406 drop_overload=0
[QUEUE_STATS] t_ms=0.020383 q_pkts=11 q_bytes=13552 ecn_mark=1193 drop_l4s=0 drop_classic=2410 drop_overload=0
[QUEUE_STATS] t_ms=0.020399 q_pkts=13 q_bytes=16016 ecn_mark=1194 drop_l4s=0 drop_classic=2410 drop_overload=0
[QUEUE_STATS] t_ms=0.020415 q_pkts=12 q_bytes=14784 ecn_mark=1194 drop_l4s=0 drop_classic=2413 drop_overload=0
[QUEUE_STATS] t_ms=0.020431 q_pkts=12 q_bytes=14784 ecn_mark=1195 drop_l4s=0 drop_classic=2416 drop_overload=0
[QUEUE_STATS] t_ms=0.020447 q_pkts=12 q_bytes=14784 ecn_mark=1196 drop_l4s=0 drop_classic=2417 drop_overload=0
[QUEUE_STATS] t_ms=0.020463 q_pkts=12 q_bytes=14784 ecn_mark=1197 drop_l4s=0 drop_classic=2420 drop_overload=0
[QUEUE_STATS] t_ms=0.020479 q_pkts=12 q_bytes=14784 ecn_mark=1198 drop_l4s=0 drop_classic=2421 drop_overload=0
[QUEUE_STATS] t_ms=0.020495 q_pkts=14 q_bytes=17248 ecn_mark=1199 drop_l4s=0 drop_classic=2422 drop_overload=0
[QUEUE_STATS] t_ms=0.020511 q_pkts=15 q_bytes=18058 ecn_mark=1199 drop_l4s=0 drop_classic=2423 drop_overload=0
[QUEUE_STATS] t_ms=0.020527 q_pkts=15 q_bytes=18480 ecn_mark=1201 drop_l4s=0 drop_classic=2425 drop_overload=0
[QUEUE_STATS] t_ms=0.020543 q_pkts=11 q_bytes=13552 ecn_mark=1202 drop_l4s=0 drop_classic=2431 drop_overload=0
[QUEUE_STATS] t_ms=0.020559 q_pkts=13 q_bytes=16016 ecn_mark=1203 drop_l4s=0 drop_classic=2431 drop_overload=0
[QUEUE_STATS] t_ms=0.020575 q_pkts=15 q_bytes=18419 ecn_mark=1204 drop_l4s=0 drop_classic=2431 drop_overload=0
[QUEUE_STATS] t_ms=0.020591 q_pkts=16 q_bytes=19712 ecn_mark=1205 drop_l4s=0 drop_classic=2432 drop_overload=0
[QUEUE_STATS] t_ms=0.020607 q_pkts=17 q_bytes=20702 ecn_mark=1206 drop_l4s=0 drop_classic=2433 drop_overload=0
[QUEUE_STATS] t_ms=0.020623 q_pkts=16 q_bytes=19712 ecn_mark=1208 drop_l4s=0 drop_classic=2435 drop_overload=0
[QUEUE_STATS] t_ms=0.020639 q_pkts=18 q_bytes=22176 ecn_mark=1209 drop_l4s=0 drop_classic=2435 drop_overload=0
[QUEUE_STATS] t_ms=0.020655 q_pkts=17 q_bytes=20944 ecn_mark=1209 drop_l4s=0 drop_classic=2437 drop_overload=0
[QUEUE_STATS] t_ms=0.020671 q_pkts=18 q_bytes=22176 ecn_mark=1210 drop_l4s=0 drop_classic=2438 drop_overload=0
[QUEUE_STATS] t_ms=0.020687 q_pkts=17 q_bytes=20944 ecn_mark=1211 drop_l4s=0 drop_classic=2441 drop_overload=0
[QUEUE_STATS] t_ms=0.020703 q_pkts=16 q_bytes=19712 ecn_mark=1212 drop_l4s=0 drop_classic=2444 drop_overload=0
[QUEUE_STATS] t_ms=0.020719 q_pkts=16 q_bytes=19712 ecn_mark=1213 drop_l4s=0 drop_classic=2445 drop_overload=0
[QUEUE_STATS] t_ms=0.020735 q_pkts=16 q_bytes=19230 ecn_mark=1213 drop_l4s=0 drop_classic=2446 drop_overload=0
[QUEUE_STATS] t_ms=0.020751 q_pkts=18 q_bytes=22176 ecn_mark=1215 drop_l4s=0 drop_classic=2447 drop_overload=0
[QUEUE_STATS] t_ms=0.020767 q_pkts=19 q_bytes=23408 ecn_mark=1216 drop_l4s=0 drop_classic=2448 drop_overload=0
[QUEUE_STATS] t_ms=0.020783 q_pkts=16 q_bytes=19712 ecn_mark=1216 drop_l4s=0 drop_classic=2452 drop_overload=0
[QUEUE_STATS] t_ms=0.020799 q_pkts=13 q_bytes=16016 ecn_mark=1217 drop_l4s=0 drop_classic=2457 drop_overload=0
[QUEUE_STATS] t_ms=0.020815 q_pkts=13 q_bytes=16016 ecn_mark=1218 drop_l4s=0 drop_classic=2458 drop_overload=0
[QUEUE_STATS] t_ms=0.020831 q_pkts=14 q_bytes=16925 ecn_mark=1218 drop_l4s=0 drop_classic=2458 drop_overload=0
[QUEUE_STATS] t_ms=0.020847 q_pkts=15 q_bytes=18480 ecn_mark=1220 drop_l4s=0 drop_classic=2459 drop_overload=0
[QUEUE_STATS] t_ms=0.020863 q_pkts=17 q_bytes=20944 ecn_mark=1221 drop_l4s=0 drop_classic=2459 drop_overload=0
[QUEUE_STATS] t_ms=0.020879 q_pkts=17 q_bytes=20944 ecn_mark=1221 drop_l4s=0 drop_classic=2461 drop_overload=0
[QUEUE_STATS] t_ms=0.020895 q_pkts=19 q_bytes=23408 ecn_mark=1222 drop_l4s=0 drop_classic=2461 drop_overload=0
[QUEUE_STATS] t_ms=0.020911 q_pkts=21 q_bytes=25940 ecn_mark=1223 drop_l4s=0 drop_classic=2461 drop_overload=0
[QUEUE_STATS] t_ms=0.020927 q_pkts=23 q_bytes=28336 ecn_mark=1225 drop_l4s=0 drop_classic=2462 drop_overload=0
[QUEUE_STATS] t_ms=0.020943 q_pkts=22 q_bytes=27104 ecn_mark=1225 drop_l4s=0 drop_classic=2464 drop_overload=0
[QUEUE_STATS] t_ms=0.020959 q_pkts=20 q_bytes=24640 ecn_mark=1227 drop_l4s=0 drop_classic=2468 drop_overload=0
[QUEUE_STATS] t_ms=0.020975 q_pkts=20 q_bytes=24640 ecn_mark=1229 drop_l4s=0 drop_classic=2470 drop_overload=0
[QUEUE_STATS] t_ms=0.020991 q_pkts=20 q_bytes=24640 ecn_mark=1230 drop_l4s=0 drop_classic=2471 drop_overload=0
[QUEUE_STATS] t_ms=0.021007 q_pkts=19 q_bytes=23408 ecn_mark=1230 drop_l4s=0 drop_classic=2473 drop_overload=0
[QUEUE_STATS] t_ms=0.021023 q_pkts=19 q_bytes=23408 ecn_mark=1232 drop_l4s=0 drop_classic=2475 drop_overload=0
[QUEUE_STATS] t_ms=0.021039 q_pkts=19 q_bytes=23408 ecn_mark=1233 drop_l4s=0 drop_classic=2476 drop_overload=0
[QUEUE_STATS] t_ms=0.021055 q_pkts=20 q_bytes=24640 ecn_mark=1234 drop_l4s=0 drop_classic=2477 drop_overload=0
[QUEUE_STATS] t_ms=0.021071 q_pkts=18 q_bytes=22176 ecn_mark=1235 drop_l4s=0 drop_classic=2480 drop_overload=0
[QUEUE_STATS] t_ms=0.021087 q_pkts=17 q_bytes=20399 ecn_mark=1236 drop_l4s=0 drop_classic=2482 drop_overload=0
[QUEUE_STATS] t_ms=0.021103 q_pkts=16 q_bytes=19712 ecn_mark=1237 drop_l4s=0 drop_classic=2484 drop_overload=0
[QUEUE_STATS] t_ms=0.021119 q_pkts=16 q_bytes=19712 ecn_mark=1239 drop_l4s=0 drop_classic=2485 drop_overload=0
[QUEUE_STATS] t_ms=0.021135 q_pkts=15 q_bytes=18480 ecn_mark=1240 drop_l4s=0 drop_classic=2487 drop_overload=0
[QUEUE_STATS] t_ms=0.021151 q_pkts=16 q_bytes=19712 ecn_mark=1241 drop_l4s=0 drop_classic=2487 drop_overload=0
[QUEUE_STATS] t_ms=0.021167 q_pkts=12 q_bytes=14784 ecn_mark=1243 drop_l4s=0 drop_classic=2492 drop_overload=0
[QUEUE_STATS] t_ms=0.021183 q_pkts=13 q_bytes=16016 ecn_mark=1245 drop_l4s=0 drop_classic=2492 drop_overload=0
[QUEUE_STATS] t_ms=0.021199 q_pkts=14 q_bytes=16388 ecn_mark=1246 drop_l4s=0 drop_classic=2493 drop_overload=0
[QUEUE_STATS] t_ms=0.021215 q_pkts=13 q_bytes=15400 ecn_mark=1246 drop_l4s=0 drop_classic=2494 drop_overload=0
[QUEUE_STATS] t_ms=0.021231 q_pkts=14 q_bytes=17248 ecn_mark=1247 drop_l4s=0 drop_classic=2494 drop_overload=0
[QUEUE_STATS] t_ms=0.021247 q_pkts=13 q_bytes=16016 ecn_mark=1249 drop_l4s=0 drop_classic=2496 drop_overload=0
[QUEUE_STATS] t_ms=0.021263 q_pkts=14 q_bytes=17248 ecn_mark=1249 drop_l4s=0 drop_classic=2496 drop_overload=0
[QUEUE_STATS] t_ms=0.021279 q_pkts=15 q_bytes=18480 ecn_mark=1251 drop_l4s=0 drop_classic=2497 drop_overload=0
[QUEUE_STATS] t_ms=0.021295 q_pkts=12 q_bytes=14784 ecn_mark=1251 drop_l4s=0 drop_classic=2501 drop_overload=0
[QUEUE_STATS] t_ms=0.021311 q_pkts=14 q_bytes=17248 ecn_mark=1252 drop_l4s=0 drop_classic=2501 drop_overload=0
[QUEUE_STATS] t_ms=0.021327 q_pkts=13 q_bytes=16016 ecn_mark=1252 drop_l4s=0 drop_classic=2503 drop_overload=0
[QUEUE_STATS] t_ms=0.021343 q_pkts=12 q_bytes=14784 ecn_mark=1253 drop_l4s=0 drop_classic=2505 drop_overload=0
[QUEUE_STATS] t_ms=0.021359 q_pkts=13 q_bytes=16016 ecn_mark=1253 drop_l4s=0 drop_classic=2505 drop_overload=0
[QUEUE_STATS] t_ms=0.021375 q_pkts=15 q_bytes=18480 ecn_mark=1253 drop_l4s=0 drop_classic=2505 drop_overload=0
[QUEUE_STATS] t_ms=0.021391 q_pkts=18 q_bytes=22176 ecn_mark=1253 drop_l4s=0 drop_classic=2505 drop_overload=0
[QUEUE_STATS] t_ms=0.021407 q_pkts=18 q_bytes=22176 ecn_mark=1253 drop_l4s=0 drop_classic=2508 drop_overload=0
[QUEUE_STATS] t_ms=0.021423 q_pkts=20 q_bytes=24640 ecn_mark=1255 drop_l4s=0 drop_classic=2509 drop_overload=0
[QUEUE_STATS] t_ms=0.021439 q_pkts=21 q_bytes=26144 ecn_mark=1255 drop_l4s=0 drop_classic=2509 drop_overload=0
[QUEUE_STATS] t_ms=0.021455 q_pkts=19 q_bytes=23408 ecn_mark=1257 drop_l4s=0 drop_classic=2514 drop_overload=0
[QUEUE_STATS] t_ms=0.021471 q_pkts=19 q_bytes=23585 ecn_mark=1258 drop_l4s=0 drop_classic=2517 drop_overload=0
[QUEUE_STATS] t_ms=0.021487 q_pkts=19 q_bytes=23408 ecn_mark=1260 drop_l4s=0 drop_classic=2518 drop_overload=0
[QUEUE_STATS] t_ms=0.021503 q_pkts=19 q_bytes=23408 ecn_mark=1260 drop_l4s=0 drop_classic=2519 drop_overload=0
[QUEUE_STATS] t_ms=0.021519 q_pkts=18 q_bytes=22176 ecn_mark=1262 drop_l4s=0 drop_classic=2522 drop_overload=0
[QUEUE_STATS] t_ms=0.021535 q_pkts=18 q_bytes=21794 ecn_mark=1263 drop_l4s=0 drop_classic=2524 drop_overload=0
[QUEUE_STATS] t_ms=0.021551 q_pkts=18 q_bytes=22176 ecn_mark=1263 drop_l4s=0 drop_classic=2526 drop_overload=0
[QUEUE_STATS] t_ms=0.021567 q_pkts=17 q_bytes=20812 ecn_mark=1264 drop_l4s=0 drop_classic=2529 drop_overload=0
[QUEUE_STATS] t_ms=0.021583 q_pkts=17 q_bytes=20944 ecn_mark=1266 drop_l4s=0 drop_classic=2530 drop_overload=0
[QUEUE_STATS] t_ms=0.021599 q_pkts=14 q_bytes=17248 ecn_mark=1266 drop_l4s=0 drop_classic=2534 drop_overload=0
[QUEUE_STATS] t_ms=0.021615 q_pkts=16 q_bytes=19712 ecn_mark=1267 drop_l4s=0 drop_classic=2535 drop_overload=0
[QUEUE_STATS] t_ms=0.021631 q_pkts=15 q_bytes=18480 ecn_mark=1267 drop_l4s=0 drop_classic=2537 drop_overload=0
[QUEUE_STATS] t_ms=0.021647 q_pkts=15 q_bytes=18480 ecn_mark=1267 drop_l4s=0 drop_classic=2539 drop_overload=0
[QUEUE_STATS] t_ms=0.021663 q_pkts=18 q_bytes=22176 ecn_mark=1269 drop_l4s=0 drop_classic=2539 drop_overload=0
[QUEUE_STATS] t_ms=0.021679 q_pkts=18 q_bytes=22176 ecn_mark=1269 drop_l4s=0 drop_classic=2540 drop_overload=0
[QUEUE_STATS] t_ms=0.021695 q_pkts=19 q_bytes=23408 ecn_mark=1270 drop_l4s=0 drop_classic=2541 drop_overload=0
[QUEUE_STATS] t_ms=0.021711 q_pkts=17 q_bytes=20944 ecn_mark=1271 drop_l4s=0 drop_classic=2545 drop_overload=0
[QUEUE_STATS] t_ms=0.021727 q_pkts=15 q_bytes=18480 ecn_mark=1272 drop_l4s=0 drop_classic=2548 drop_overload=0
[QUEUE_STATS] t_ms=0.021743 q_pkts=14 q_bytes=17248 ecn_mark=1273 drop_l4s=0 drop_classic=2551 drop_overload=0
[QUEUE_STATS] t_ms=0.021759 q_pkts=13 q_bytes=16016 ecn_mark=1273 drop_l4s=0 drop_classic=2554 drop_overload=0
[QUEUE_STATS] t_ms=0.021775 q_pkts=12 q_bytes=14784 ecn_mark=1273 drop_l4s=0 drop_classic=2557 drop_overload=0
[QUEUE_STATS] t_ms=0.021791 q_pkts=12 q_bytes=14784 ecn_mark=1274 drop_l4s=0 drop_classic=2559 drop_overload=0
[QUEUE_STATS] t_ms=0.021807 q_pkts=14 q_bytes=17248 ecn_mark=1275 drop_l4s=0 drop_classic=2560 drop_overload=0
[QUEUE_STATS] t_ms=0.021823 q_pkts=14 q_bytes=17248 ecn_mark=1276 drop_l4s=0 drop_classic=2561 drop_overload=0
[QUEUE_STATS] t_ms=0.021839 q_pkts=16 q_bytes=19712 ecn_mark=1277 drop_l4s=0 drop_classic=2562 drop_overload=0
[QUEUE_STATS] t_ms=0.021855 q_pkts=15 q_bytes=18302 ecn_mark=1277 drop_l4s=0 drop_classic=2564 drop_overload=0
[QUEUE_STATS] t_ms=0.021871 q_pkts=17 q_bytes=20944 ecn_mark=1278 drop_l4s=0 drop_classic=2564 drop_overload=0
[QUEUE_STATS] t_ms=0.021887 q_pkts=20 q_bytes=24640 ecn_mark=1280 drop_l4s=0 drop_classic=2564 drop_overload=0
[QUEUE_STATS] t_ms=0.021903 q_pkts=20 q_bytes=24640 ecn_mark=1281 drop_l4s=0 drop_classic=2566 drop_overload=0
[QUEUE_STATS] t_ms=0.021919 q_pkts=20 q_bytes=24640 ecn_mark=1281 drop_l4s=0 drop_classic=2567 drop_overload=0
[QUEUE_STATS] t_ms=0.021935 q_pkts=21 q_bytes=25872 ecn_mark=1283 drop_l4s=0 drop_classic=2568 drop_overload=0
[QUEUE_STATS] t_ms=0.021951 q_pkts=21 q_bytes=25872 ecn_mark=1284 drop_l4s=0 drop_classic=2569 drop_overload=0
[QUEUE_STATS] t_ms=0.021967 q_pkts=22 q_bytes=26459 ecn_mark=1285 drop_l4s=0 drop_classic=2570 drop_overload=0
[QUEUE_STATS] t_ms=0.021983 q_pkts=19 q_bytes=23408 ecn_mark=1285 drop_l4s=0 drop_classic=2573 drop_overload=0
[QUEUE_STATS] t_ms=0.021999 q_pkts=20 q_bytes=24683 ecn_mark=1286 drop_l4s=0 drop_classic=2575 drop_overload=0
[QUEUE_STATS] t_ms=0.022015 q_pkts=18 q_bytes=22176 ecn_mark=1287 drop_l4s=0 drop_classic=2579 drop_overload=0
[QUEUE_STATS] t_ms=0.022031 q_pkts=16 q_bytes=19712 ecn_mark=1287 drop_l4s=0 drop_classic=2583 drop_overload=0
[QUEUE_STATS] t_ms=0.022047 q_pkts=17 q_bytes=20944 ecn_mark=1289 drop_l4s=0 drop_classic=2585 drop_overload=0
[QUEUE_STATS] t_ms=0.022063 q_pkts=18 q_bytes=22176 ecn_mark=1290 drop_l4s=0 drop_classic=2585 drop_overload=0
[QUEUE_STATS] t_ms=0.022079 q_pkts=19 q_bytes=23408 ecn_mark=1290 drop_l4s=0 drop_classic=2586 drop_overload=0
[QUEUE_STATS] t_ms=0.022095 q_pkts=20 q_bytes=24640 ecn_mark=1292 drop_l4s=0 drop_classic=2587 drop_overload=0
[QUEUE_STATS] t_ms=0.022111 q_pkts=18 q_bytes=22176 ecn_mark=1293 drop_l4s=0 drop_classic=2590 drop_overload=0
[QUEUE_STATS] t_ms=0.022127 q_pkts=19 q_bytes=23408 ecn_mark=1294 drop_l4s=0 drop_classic=2592 drop_overload=0
[QUEUE_STATS] t_ms=0.022143 q_pkts=20 q_bytes=24640 ecn_mark=1294 drop_l4s=0 drop_classic=2592 drop_overload=0
[QUEUE_STATS] t_ms=0.022159 q_pkts=20 q_bytes=24640 ecn_mark=1295 drop_l4s=0 drop_classic=2594 drop_overload=0
[QUEUE_STATS] t_ms=0.022175 q_pkts=21 q_bytes=25872 ecn_mark=1297 drop_l4s=0 drop_classic=2595 drop_overload=0
[QUEUE_STATS] t_ms=0.022191 q_pkts=20 q_bytes=24640 ecn_mark=1297 drop_l4s=0 drop_classic=2597 drop_overload=0
[QUEUE_STATS] t_ms=0.022207 q_pkts=22 q_bytes=27104 ecn_mark=1297 drop_l4s=0 drop_classic=2598 drop_overload=0
[QUEUE_STATS] t_ms=0.022223 q_pkts=23 q_bytes=28292 ecn_mark=1298 drop_l4s=0 drop_classic=2598 drop_overload=0
[QUEUE_STATS] t_ms=0.022239 q_pkts=23 q_bytes=28336 ecn_mark=1300 drop_l4s=0 drop_classic=2600 drop_overload=0
[QUEUE_STATS] t_ms=0.022255 q_pkts=25 q_bytes=30800 ecn_mark=1301 drop_l4s=0 drop_classic=2600 drop_overload=0
[QUEUE_STATS] t_ms=0.022271 q_pkts=25 q_bytes=30800 ecn_mark=1303 drop_l4s=0 drop_classic=2602 drop_overload=0
[QUEUE_STATS] t_ms=0.022287 q_pkts=23 q_bytes=28336 ecn_mark=1304 drop_l4s=0 drop_classic=2605 drop_overload=0
[QUEUE_STATS] t_ms=0.022303 q_pkts=24 q_bytes=29568 ecn_mark=1306 drop_l4s=0 drop_classic=2605 drop_overload=0
[QUEUE_STATS] t_ms=0.022319 q_pkts=21 q_bytes=25872 ecn_mark=1307 drop_l4s=0 drop_classic=2610 drop_overload=0
[QUEUE_STATS] t_ms=0.022335 q_pkts=22 q_bytes=27104 ecn_mark=1308 drop_l4s=0 drop_classic=2610 drop_overload=0
[QUEUE_STATS] t_ms=0.022351 q_pkts=21 q_bytes=25872 ecn_mark=1309 drop_l4s=0 drop_classic=2612 drop_overload=0
[QUEUE_STATS] t_ms=0.022367 q_pkts=22 q_bytes=27104 ecn_mark=1309 drop_l4s=0 drop_classic=2612 drop_overload=0
[QUEUE_STATS] t_ms=0.022383 q_pkts=21 q_bytes=25872 ecn_mark=1311 drop_l4s=0 drop_classic=2614 drop_overload=0
[QUEUE_STATS] t_ms=0.022399 q_pkts=20 q_bytes=24640 ecn_mark=1312 drop_l4s=0 drop_classic=2617 drop_overload=0
[QUEUE_STATS] t_ms=0.022415 q_pkts=18 q_bytes=21577 ecn_mark=1313 drop_l4s=0 drop_classic=2621 drop_overload=0
[QUEUE_STATS] t_ms=0.022431 q_pkts=16 q_bytes=19712 ecn_mark=1313 drop_l4s=0 drop_classic=2622 drop_overload=0
[QUEUE_STATS] t_ms=0.022447 q_pkts=18 q_bytes=22176 ecn_mark=1314 drop_l4s=0 drop_classic=2624 drop_overload=0
[QUEUE_STATS] t_ms=0.022463 q_pkts=18 q_bytes=22176 ecn_mark=1314 drop_l4s=0 drop_classic=2625 drop_overload=0
[QUEUE_STATS] t_ms=0.022479 q_pkts=17 q_bytes=20944 ecn_mark=1315 drop_l4s=0 drop_classic=2628 drop_overload=0
[QUEUE_STATS] t_ms=0.022495 q_pkts=16 q_bytes=19712 ecn_mark=1315 drop_l4s=0 drop_classic=2630 drop_overload=0
[QUEUE_STATS] t_ms=0.022511 q_pkts=18 q_bytes=22176 ecn_mark=1315 drop_l4s=0 drop_classic=2631 drop_overload=0
[QUEUE_STATS] t_ms=0.022527 q_pkts=20 q_bytes=24912 ecn_mark=1315 drop_l4s=0 drop_classic=2632 drop_overload=0
[QUEUE_STATS] t_ms=0.022543 q_pkts=22 q_bytes=27104 ecn_mark=1317 drop_l4s=0 drop_classic=2632 drop_overload=0
[QUEUE_STATS] t_ms=0.022559 q_pkts=23 q_bytes=28336 ecn_mark=1317 drop_l4s=0 drop_classic=2634 drop_overload=0
[QUEUE_STATS] t_ms=0.022575 q_pkts=26 q_bytes=32304 ecn_mark=1317 drop_l4s=0 drop_classic=2634 drop_overload=0
[QUEUE_STATS] t_ms=0.022591 q_pkts=25 q_bytes=30800 ecn_mark=1317 drop_l4s=0 drop_classic=2638 drop_overload=0
[QUEUE_STATS] t_ms=0.022607 q_pkts=28 q_bytes=34496 ecn_mark=1319 drop_l4s=0 drop_classic=2638 drop_overload=0
[QUEUE_STATS] t_ms=0.022623 q_pkts=28 q_bytes=34496 ecn_mark=1320 drop_l4s=0 drop_classic=2641 drop_overload=0
[QUEUE_STATS] t_ms=0.022639 q_pkts=32 q_bytes=39424 ecn_mark=1322 drop_l4s=0 drop_classic=2641 drop_overload=0
[QUEUE_STATS] t_ms=0.022655 q_pkts=32 q_bytes=39424 ecn_mark=1324 drop_l4s=0 drop_classic=2644 drop_overload=0
[QUEUE_STATS] t_ms=0.022671 q_pkts=32 q_bytes=39696 ecn_mark=1324 drop_l4s=0 drop_classic=2647 drop_overload=0
[QUEUE_STATS] t_ms=0.022687 q_pkts=33 q_bytes=40656 ecn_mark=1326 drop_l4s=0 drop_classic=2648 drop_overload=0
[QUEUE_STATS] t_ms=0.022703 q_pkts=35 q_bytes=43120 ecn_mark=1327 drop_l4s=0 drop_classic=2649 drop_overload=0
[QUEUE_STATS] t_ms=0.022719 q_pkts=33 q_bytes=40656 ecn_mark=1328 drop_l4s=0 drop_classic=2652 drop_overload=0
[QUEUE_STATS] t_ms=0.022735 q_pkts=35 q_bytes=43120 ecn_mark=1329 drop_l4s=0 drop_classic=2653 drop_overload=0
[QUEUE_STATS] t_ms=0.022751 q_pkts=33 q_bytes=40573 ecn_mark=1329 drop_l4s=0 drop_classic=2656 drop_overload=0
[QUEUE_STATS] t_ms=0.022767 q_pkts=35 q_bytes=43392 ecn_mark=1329 drop_l4s=0 drop_classic=2656 drop_overload=0
[QUEUE_STATS] t_ms=0.022783 q_pkts=36 q_bytes=44352 ecn_mark=1330 drop_l4s=0 drop_classic=2659 drop_overload=0
[QUEUE_STATS] t_ms=0.022799 q_pkts=34 q_bytes=41888 ecn_mark=1332 drop_l4s=0 drop_classic=2663 drop_overload=0
[QUEUE_STATS] t_ms=0.022815 q_pkts=30 q_bytes=36960 ecn_mark=1332 drop_l4s=0 drop_classic=2669 drop_overload=0
[QUEUE_STATS] t_ms=0.022831 q_pkts=29 q_bytes=36000 ecn_mark=1334 drop_l4s=0 drop_classic=2672 drop_overload=0
[QUEUE_STATS] t_ms=0.022847 q_pkts=29 q_bytes=35728 ecn_mark=1336 drop_l4s=0 drop_classic=2675 drop_overload=0
[QUEUE_STATS] t_ms=0.022863 q_pkts=30 q_bytes=36960 ecn_mark=1337 drop_l4s=0 drop_classic=2676 drop_overload=0
[QUEUE_STATS] t_ms=0.022879 q_pkts=30 q_bytes=36960 ecn_mark=1338 drop_l4s=0 drop_classic=2677 drop_overload=0
[QUEUE_STATS] t_ms=0.022895 q_pkts=30 q_bytes=36960 ecn_mark=1339 drop_l4s=0 drop_classic=2679 drop_overload=0
[QUEUE_STATS] t_ms=0.022911 q_pkts=30 q_bytes=36960 ecn_mark=1339 drop_l4s=0 drop_classic=2680 drop_overload=0
[QUEUE_STATS] t_ms=0.022927 q_pkts=31 q_bytes=38192 ecn_mark=1341 drop_l4s=0 drop_classic=2682 drop_overload=0
[QUEUE_STATS] t_ms=0.022943 q_pkts=30 q_bytes=36960 ecn_mark=1342 drop_l4s=0 drop_classic=2684 drop_overload=0
[QUEUE_STATS] t_ms=0.022959 q_pkts=26 q_bytes=32032 ecn_mark=1343 drop_l4s=0 drop_classic=2689 drop_overload=0
[QUEUE_STATS] t_ms=0.022975 q_pkts=26 q_bytes=32032 ecn_mark=1344 drop_l4s=0 drop_classic=2690 drop_overload=0
[QUEUE_STATS] t_ms=0.022991 q_pkts=24 q_bytes=29568 ecn_mark=1345 drop_l4s=0 drop_classic=2693 drop_overload=0
[QUEUE_STATS] t_ms=0.023007 q_pkts=22 q_bytes=27104 ecn_mark=1347 drop_l4s=0 drop_classic=2696 drop_overload=0
[QUEUE_STATS] t_ms=0.023023 q_pkts=20 q_bytes=24640 ecn_mark=1348 drop_l4s=0 drop_classic=2699 drop_overload=0
[QUEUE_STATS] t_ms=0.023039 q_pkts=19 q_bytes=23408 ecn_mark=1349 drop_l4s=0 drop_classic=2701 drop_overload=0
[QUEUE_STATS] t_ms=0.023055 q_pkts=17 q_bytes=20944 ecn_mark=1349 drop_l4s=0 drop_classic=2703 drop_overload=0
[QUEUE_STATS] t_ms=0.023071 q_pkts=17 q_bytes=20944 ecn_mark=1350 drop_l4s=0 drop_classic=2705 drop_overload=0
[QUEUE_STATS] t_ms=0.023087 q_pkts=15 q_bytes=18480 ecn_mark=1350 drop_l4s=0 drop_classic=2708 drop_overload=0
[QUEUE_STATS] t_ms=0.023103 q_pkts=15 q_bytes=18250 ecn_mark=1351 drop_l4s=0 drop_classic=2710 drop_overload=0
[QUEUE_STATS] t_ms=0.023119 q_pkts=15 q_bytes=18250 ecn_mark=1351 drop_l4s=0 drop_classic=2710 drop_overload=0
[QUEUE_STATS] t_ms=0.023135 q_pkts=17 q_bytes=20944 ecn_mark=1352 drop_l4s=0 drop_classic=2710 drop_overload=0
[QUEUE_STATS] t_ms=0.023151 q_pkts=14 q_bytes=17248 ecn_mark=1352 drop_l4s=0 drop_classic=2715 drop_overload=0
[QUEUE_STATS] t_ms=0.023167 q_pkts=13 q_bytes=16180 ecn_mark=1353 drop_l4s=0 drop_classic=2718 drop_overload=0
[QUEUE_STATS] t_ms=0.023183 q_pkts=10 q_bytes=12320 ecn_mark=1354 drop_l4s=0 drop_classic=2723 drop_overload=0
[QUEUE_STATS] t_ms=0.023199 q_pkts=10 q_bytes=12431 ecn_mark=1354 drop_l4s=0 drop_classic=2724 drop_overload=0
[QUEUE_STATS] t_ms=0.023215 q_pkts=10 q_bytes=12320 ecn_mark=1356 drop_l4s=0 drop_classic=2726 drop_overload=0
[QUEUE_STATS] t_ms=0.023231 q_pkts=9 q_bytes=11088 ecn_mark=1357 drop_l4s=0 drop_classic=2728 drop_overload=0
[QUEUE_STATS] t_ms=0.023247 q_pkts=9 q_bytes=11088 ecn_mark=1358 drop_l4s=0 drop_classic=2729 drop_overload=0
[QUEUE_STATS] t_ms=0.023263 q_pkts=9 q_bytes=11088 ecn_mark=1359 drop_l4s=0 drop_classic=2730 drop_overload=0
[QUEUE_STATS] t_ms=0.023279 q_pkts=8 q_bytes=9856 ecn_mark=1360 drop_l4s=0 drop_classic=2732 drop_overload=0
[QUEUE_STATS] t_ms=0.023295 q_pkts=8 q_bytes=9856 ecn_mark=1361 drop_l4s=0 drop_classic=2734 drop_overload=0
[QUEUE_STATS] t_ms=0.023311 q_pkts=8 q_bytes=9856 ecn_mark=1361 drop_l4s=0 drop_classic=2735 drop_overload=0
[QUEUE_STATS] t_ms=0.023327 q_pkts=8 q_bytes=9856 ecn_mark=1362 drop_l4s=0 drop_classic=2736 drop_overload=0
[QUEUE_STATS] t_ms=0.023343 q_pkts=9 q_bytes=11088 ecn_mark=1363 drop_l4s=0 drop_classic=2737 drop_overload=0
[QUEUE_STATS] t_ms=0.023359 q_pkts=10 q_bytes=12320 ecn_mark=1364 drop_l4s=0 drop_classic=2738 drop_overload=0
[QUEUE_STATS] t_ms=0.023375 q_pkts=10 q_bytes=12320 ecn_mark=1366 drop_l4s=0 drop_classic=2740 drop_overload=0
[QUEUE_STATS] t_ms=0.023391 q_pkts=10 q_bytes=12320 ecn_mark=1367 drop_l4s=0 drop_classic=2741 drop_overload=0
[QUEUE_STATS] t_ms=0.023407 q_pkts=9 q_bytes=11088 ecn_mark=1368 drop_l4s=0 drop_classic=2743 drop_overload=0
[QUEUE_STATS] t_ms=0.023423 q_pkts=9 q_bytes=11088 ecn_mark=1369 drop_l4s=0 drop_classic=2744 drop_overload=0
[QUEUE_STATS] t_ms=0.023439 q_pkts=10 q_bytes=12320 ecn_mark=1371 drop_l4s=0 drop_classic=2744 drop_overload=0
[QUEUE_STATS] t_ms=0.023455 q_pkts=8 q_bytes=9856 ecn_mark=1371 drop_l4s=0 drop_classic=2747 drop_overload=0
[QUEUE_STATS] t_ms=0.023471 q_pkts=8 q_bytes=9856 ecn_mark=1372 drop_l4s=0 drop_classic=2748 drop_overload=0
[QUEUE_STATS] t_ms=0.023487 q_pkts=9 q_bytes=11088 ecn_mark=1373 drop_l4s=0 drop_classic=2749 drop_overload=0
[QUEUE_STATS] t_ms=0.023503 q_pkts=10 q_bytes=12320 ecn_mark=1374 drop_l4s=0 drop_classic=2749 drop_overload=0
[QUEUE_STATS] t_ms=0.023519 q_pkts=8 q_bytes=9856 ecn_mark=1375 drop_l4s=0 drop_classic=2752 drop_overload=0
[QUEUE_STATS] t_ms=0.023535 q_pkts=5 q_bytes=6160 ecn_mark=1376 drop_l4s=0 drop_classic=2756 drop_overload=0
[QUEUE_STATS] t_ms=0.023551 q_pkts=6 q_bytes=7392 ecn_mark=1376 drop_l4s=0 drop_classic=2756 drop_overload=0
[QUEUE_STATS] t_ms=0.023567 q_pkts=7 q_bytes=8624 ecn_mark=1377 drop_l4s=0 drop_classic=2756 drop_overload=0
[QUEUE_STATS] t_ms=0.023583 q_pkts=6 q_bytes=7392 ecn_mark=1379 drop_l4s=0 drop_classic=2758 drop_overload=0
[QUEUE_STATS] t_ms=0.023599 q_pkts=5 q_bytes=5848 ecn_mark=1379 drop_l4s=0 drop_classic=2760 drop_overload=0
[QUEUE_STATS] t_ms=0.023615 q_pkts=7 q_bytes=8624 ecn_mark=1379 drop_l4s=0 drop_classic=2760 drop_overload=0
[QUEUE_STATS] t_ms=0.023631 q_pkts=9 q_bytes=11088 ecn_mark=1379 drop_l4s=0 drop_classic=2761 drop_overload=0
[QUEUE_STATS] t_ms=0.023647 q_pkts=10 q_bytes=12320 ecn_mark=1381 drop_l4s=0 drop_classic=2762 drop_overload=0
[QUEUE_STATS] t_ms=0.023663 q_pkts=9 q_bytes=11088 ecn_mark=1382 drop_l4s=0 drop_classic=2765 drop_overload=0
[QUEUE_STATS] t_ms=0.023679 q_pkts=10 q_bytes=12320 ecn_mark=1383 drop_l4s=0 drop_classic=2767 drop_overload=0
[QUEUE_STATS] t_ms=0.023695 q_pkts=11 q_bytes=13627 ecn_mark=1383 drop_l4s=0 drop_classic=2767 drop_overload=0
[QUEUE_STATS] t_ms=0.023711 q_pkts=12 q_bytes=14784 ecn_mark=1383 drop_l4s=0 drop_classic=2768 drop_overload=0
[QUEUE_STATS] t_ms=0.023727 q_pkts=15 q_bytes=18480 ecn_mark=1385 drop_l4s=0 drop_classic=2768 drop_overload=0
[QUEUE_STATS] t_ms=0.023743 q_pkts=17 q_bytes=20944 ecn_mark=1386 drop_l4s=0 drop_classic=2768 drop_overload=0
[QUEUE_STATS] t_ms=0.023759 q_pkts=19 q_bytes=23408 ecn_mark=1388 drop_l4s=0 drop_classic=2769 drop_overload=0
[QUEUE_STATS] t_ms=0.023775 q_pkts=19 q_bytes=23408 ecn_mark=1389 drop_l4s=0 drop_classic=2770 drop_overload=0
[QUEUE_STATS] t_ms=0.023791 q_pkts=17 q_bytes=20944 ecn_mark=1389 drop_l4s=0 drop_classic=2774 drop_overload=0
[QUEUE_STATS] t_ms=0.023807 q_pkts=16 q_bytes=19712 ecn_mark=1391 drop_l4s=0 drop_classic=2777 drop_overload=0
[QUEUE_STATS] t_ms=0.023823 q_pkts=15 q_bytes=18480 ecn_mark=1391 drop_l4s=0 drop_classic=2779 drop_overload=0
[QUEUE_STATS] t_ms=0.023839 q_pkts=16 q_bytes=19712 ecn_mark=1391 drop_l4s=0 drop_classic=2780 drop_overload=0
[QUEUE_STATS] t_ms=0.023855 q_pkts=16 q_bytes=19712 ecn_mark=1393 drop_l4s=0 drop_classic=2783 drop_overload=0
[QUEUE_STATS] t_ms=0.023871 q_pkts=17 q_bytes=20944 ecn_mark=1393 drop_l4s=0 drop_classic=2784 drop_overload=0
[QUEUE_STATS] t_ms=0.023887 q_pkts=19 q_bytes=23423 ecn_mark=1394 drop_l4s=0 drop_classic=2784 drop_overload=0
[QUEUE_STATS] t_ms=0.023903 q_pkts=19 q_bytes=23408 ecn_mark=1395 drop_l4s=0 drop_classic=2786 drop_overload=0
[QUEUE_STATS] t_ms=0.023919 q_pkts=19 q_bytes=23408 ecn_mark=1396 drop_l4s=0 drop_classic=2788 drop_overload=0
[QUEUE_STATS] t_ms=0.023935 q_pkts=17 q_bytes=20944 ecn_mark=1397 drop_l4s=0 drop_classic=2791 drop_overload=0
[QUEUE_STATS] t_ms=0.023951 q_pkts=17 q_bytes=20944 ecn_mark=1398 drop_l4s=0 drop_classic=2793 drop_overload=0
[QUEUE_STATS] t_ms=0.023967 q_pkts=18 q_bytes=22176 ecn_mark=1398 drop_l4s=0 drop_classic=2794 drop_overload=0
[QUEUE_STATS] t_ms=0.023983 q_pkts=20 q_bytes=24640 ecn_mark=1399 drop_l4s=0 drop_classic=2794 drop_overload=0
[QUEUE_STATS] t_ms=0.023999 q_pkts=19 q_bytes=23408 ecn_mark=1400 drop_l4s=0 drop_classic=2797 drop_overload=0
[QUEUE_STATS] t_ms=0.024015 q_pkts=17 q_bytes=20670 ecn_mark=1401 drop_l4s=0 drop_classic=2800 drop_overload=0
[QUEUE_STATS] t_ms=0.024031 q_pkts=16 q_bytes=19712 ecn_mark=1402 drop_l4s=0 drop_classic=2803 drop_overload=0
[QUEUE_STATS] t_ms=0.024047 q_pkts=15 q_bytes=18480 ecn_mark=1404 drop_l4s=0 drop_classic=2806 drop_overload=0
[QUEUE_STATS] t_ms=0.024063 q_pkts=14 q_bytes=16953 ecn_mark=1405 drop_l4s=0 drop_classic=2809 drop_overload=0
[QUEUE_STATS] t_ms=0.024079 q_pkts=15 q_bytes=18480 ecn_mark=1406 drop_l4s=0 drop_classic=2809 drop_overload=0
[QUEUE_STATS] t_ms=0.024095 q_pkts=12 q_bytes=14784 ecn_mark=1408 drop_l4s=0 drop_classic=2813 drop_overload=0
[QUEUE_STATS] t_ms=0.024111 q_pkts=14 q_bytes=16641 ecn_mark=1408 drop_l4s=0 drop_classic=2813 drop_overload=0
[QUEUE_STATS] t_ms=0.024127 q_pkts=14 q_bytes=17248 ecn_mark=1410 drop_l4s=0 drop_classic=2814 drop_overload=0
[QUEUE_STATS] t_ms=0.024143 q_pkts=16 q_bytes=19712 ecn_mark=1411 drop_l4s=0 drop_classic=2815 drop_overload=0
[QUEUE_STATS] t_ms=0.024159 q_pkts=15 q_bytes=18480 ecn_mark=1412 drop_l4s=0 drop_classic=2817 drop_overload=0
[QUEUE_STATS] t_ms=0.024175 q_pkts=13 q_bytes=15777 ecn_mark=1412 drop_l4s=0 drop_classic=2820 drop_overload=0
[QUEUE_STATS] t_ms=0.024191 q_pkts=15 q_bytes=18480 ecn_mark=1412 drop_l4s=0 drop_classic=2820 drop_overload=0
[QUEUE_STATS] t_ms=0.024207 q_pkts=18 q_bytes=22176 ecn_mark=1413 drop_l4s=0 drop_classic=2820 drop_overload=0
[QUEUE_STATS] t_ms=0.024223 q_pkts=18 q_bytes=22176 ecn_mark=1414 drop_l4s=0 drop_classic=2822 drop_overload=0
[QUEUE_STATS] t_ms=0.024239 q_pkts=21 q_bytes=25872 ecn_mark=1414 drop_l4s=0 drop_classic=2822 drop_overload=0
[QUEUE_STATS] t_ms=0.024255 q_pkts=24 q_bytes=29568 ecn_mark=1415 drop_l4s=0 drop_classic=2822 drop_overload=0
[QUEUE_STATS] t_ms=0.024271 q_pkts=24 q_bytes=29568 ecn_mark=1416 drop_l4s=0 drop_classic=2823 drop_overload=0
[QUEUE_STATS] t_ms=0.024287 q_pkts=26 q_bytes=32032 ecn_mark=1416 drop_l4s=0 drop_classic=2824 drop_overload=0
[QUEUE_STATS] t_ms=0.024303 q_pkts=27 q_bytes=33264 ecn_mark=1418 drop_l4s=0 drop_classic=2826 drop_overload=0
[QUEUE_STATS] t_ms=0.024319 q_pkts=29 q_bytes=35728 ecn_mark=1418 drop_l4s=0 drop_classic=2826 drop_overload=0
[QUEUE_STATS] t_ms=0.024335 q_pkts=29 q_bytes=35728 ecn_mark=1418 drop_l4s=0 drop_classic=2828 drop_overload=0
[QUEUE_STATS] t_ms=0.024351 q_pkts=30 q_bytes=36960 ecn_mark=1420 drop_l4s=0 drop_classic=2830 drop_overload=0
[QUEUE_STATS] t_ms=0.024367 q_pkts=32 q_bytes=39424 ecn_mark=1421 drop_l4s=0 drop_classic=2831 drop_overload=0
[QUEUE_STATS] t_ms=0.024383 q_pkts=32 q_bytes=39424 ecn_mark=1423 drop_l4s=0 drop_classic=2833 drop_overload=0
[QUEUE_STATS] t_ms=0.024399 q_pkts=34 q_bytes=41888 ecn_mark=1423 drop_l4s=0 drop_classic=2833 drop_overload=0
[QUEUE_STATS] t_ms=0.024415 q_pkts=34 q_bytes=41888 ecn_mark=1424 drop_l4s=0 drop_classic=2836 drop_overload=0
[QUEUE_STATS] t_ms=0.024431 q_pkts=34 q_bytes=41888 ecn_mark=1425 drop_l4s=0 drop_classic=2838 drop_overload=0
[QUEUE_STATS] t_ms=0.024447 q_pkts=36 q_bytes=44352 ecn_mark=1425 drop_l4s=0 drop_classic=2839 drop_overload=0
[QUEUE_STATS] t_ms=0.024463 q_pkts=38 q_bytes=46816 ecn_mark=1427 drop_l4s=0 drop_classic=2840 drop_overload=0
[QUEUE_STATS] t_ms=0.024479 q_pkts=35 q_bytes=43120 ecn_mark=1428 drop_l4s=0 drop_classic=2844 drop_overload=0
[QUEUE_STATS] t_ms=0.024495 q_pkts=38 q_bytes=47088 ecn_mark=1429 drop_l4s=0 drop_classic=2844 drop_overload=0
[QUEUE_STATS] t_ms=0.024511 q_pkts=37 q_bytes=45584 ecn_mark=1431 drop_l4s=0 drop_classic=2847 drop_overload=0
[QUEUE_STATS] t_ms=0.024527 q_pkts=38 q_bytes=46816 ecn_mark=1432 drop_l4s=0 drop_classic=2847 drop_overload=0
[QUEUE_STATS] t_ms=0.024543 q_pkts=39 q_bytes=48048 ecn_mark=1432 drop_l4s=0 drop_classic=2848 drop_overload=0
[QUEUE_STATS] t_ms=0.024559 q_pkts=35 q_bytes=43120 ecn_mark=1432 drop_l4s=0 drop_classic=2853 drop_overload=0
[QUEUE_STATS] t_ms=0.024575 q_pkts=35 q_bytes=43120 ecn_mark=1434 drop_l4s=0 drop_classic=2855 drop_overload=0
[QUEUE_STATS] t_ms=0.024591 q_pkts=36 q_bytes=44352 ecn_mark=1435 drop_l4s=0 drop_classic=2856 drop_overload=0
[QUEUE_STATS] t_ms=0.024607 q_pkts=36 q_bytes=44352 ecn_mark=1437 drop_l4s=0 drop_classic=2858 drop_overload=0
[QUEUE_STATS] t_ms=0.024623 q_pkts=36 q_bytes=44352 ecn_mark=1437 drop_l4s=0 drop_classic=2859 drop_overload=0
[QUEUE_STATS] t_ms=0.024639 q_pkts=35 q_bytes=43120 ecn_mark=1439 drop_l4s=0 drop_classic=2862 drop_overload=0
[QUEUE_STATS] t_ms=0.024655 q_pkts=35 q_bytes=43120 ecn_mark=1440 drop_l4s=0 drop_classic=2863 drop_overload=0
[QUEUE_STATS] t_ms=0.024671 q_pkts=33 q_bytes=40656 ecn_mark=1441 drop_l4s=0 drop_classic=2867 drop_overload=0
[QUEUE_STATS] t_ms=0.024687 q_pkts=33 q_bytes=40656 ecn_mark=1443 drop_l4s=0 drop_classic=2868 drop_overload=0
[QUEUE_STATS] t_ms=0.024703 q_pkts=32 q_bytes=39424 ecn_mark=1445 drop_l4s=0 drop_classic=2870 drop_overload=0
[QUEUE_STATS] t_ms=0.024719 q_pkts=27 q_bytes=33264 ecn_mark=1445 drop_l4s=0 drop_classic=2876 drop_overload=0
[QUEUE_STATS] t_ms=0.024735 q_pkts=26 q_bytes=32032 ecn_mark=1446 drop_l4s=0 drop_classic=2879 drop_overload=0
[QUEUE_STATS] t_ms=0.024751 q_pkts=26 q_bytes=32032 ecn_mark=1447 drop_l4s=0 drop_classic=2881 drop_overload=0
[QUEUE_STATS] t_ms=0.024767 q_pkts=27 q_bytes=33264 ecn_mark=1448 drop_l4s=0 drop_classic=2881 drop_overload=0
[QUEUE_STATS] t_ms=0.024783 q_pkts=24 q_bytes=29568 ecn_mark=1449 drop_l4s=0 drop_classic=2885 drop_overload=0
[QUEUE_STATS] t_ms=0.024799 q_pkts=25 q_bytes=30800 ecn_mark=1450 drop_l4s=0 drop_classic=2886 drop_overload=0
[QUEUE_STATS] t_ms=0.024815 q_pkts=23 q_bytes=28336 ecn_mark=1450 drop_l4s=0 drop_classic=2889 drop_overload=0
[QUEUE_STATS] t_ms=0.024831 q_pkts=21 q_bytes=25403 ecn_mark=1451 drop_l4s=0 drop_classic=2893 drop_overload=0
[QUEUE_STATS] t_ms=0.024847 q_pkts=21 q_bytes=25872 ecn_mark=1453 drop_l4s=0 drop_classic=2894 drop_overload=0
[QUEUE_STATS] t_ms=0.024863 q_pkts=21 q_bytes=25778 ecn_mark=1453 drop_l4s=0 drop_classic=2896 drop_overload=0
[QUEUE_STATS] t_ms=0.024879 q_pkts=22 q_bytes=27104 ecn_mark=1454 drop_l4s=0 drop_classic=2896 drop_overload=0
[QUEUE_STATS] t_ms=0.024895 q_pkts=21 q_bytes=25872 ecn_mark=1455 drop_l4s=0 drop_classic=2899 drop_overload=0
[QUEUE_STATS] t_ms=0.024911 q_pkts=18 q_bytes=22176 ecn_mark=1456 drop_l4s=0 drop_classic=2903 drop_overload=0
[QUEUE_STATS] t_ms=0.024927 q_pkts=19 q_bytes=23408 ecn_mark=1457 drop_l4s=0 drop_classic=2904 drop_overload=0
[QUEUE_STATS] t_ms=0.024943 q_pkts=17 q_bytes=20944 ecn_mark=1457 drop_l4s=0 drop_classic=2907 drop_overload=0
[QUEUE_STATS] t_ms=0.024959 q_pkts=14 q_bytes=17248 ecn_mark=1459 drop_l4s=0 drop_classic=2912 drop_overload=0
[QUEUE_STATS] t_ms=0.024975 q_pkts=15 q_bytes=18480 ecn_mark=1460 drop_l4s=0 drop_classic=2912 drop_overload=0
[QUEUE_STATS] t_ms=0.024991 q_pkts=17 q_bytes=20944 ecn_mark=1460 drop_l4s=0 drop_classic=2912 drop_overload=0
[QUEUE_STATS] t_ms=0.025007 q_pkts=16 q_bytes=19712 ecn_mark=1461 drop_l4s=0 drop_classic=2915 drop_overload=0
[QUEUE_STATS] t_ms=0.025023 q_pkts=15 q_bytes=18480 ecn_mark=1462 drop_l4s=0 drop_classic=2918 drop_overload=0
[QUEUE_STATS] t_ms=0.025039 q_pkts=17 q_bytes=20944 ecn_mark=1463 drop_l4s=0 drop_classic=2918 drop_overload=0
[QUEUE_STATS] t_ms=0.025055 q_pkts=19 q_bytes=23408 ecn_mark=1464 drop_l4s=0 drop_classic=2918 drop_overload=0
[QUEUE_STATS] t_ms=0.025071 q_pkts=18 q_bytes=22176 ecn_mark=1465 drop_l4s=0 drop_classic=2920 drop_overload=0
[QUEUE_STATS] t_ms=0.025087 q_pkts=17 q_bytes=20944 ecn_mark=1465 drop_l4s=0 drop_classic=2923 drop_overload=0
[QUEUE_STATS] t_ms=0.025103 q_pkts=17 q_bytes=20949 ecn_mark=1466 drop_l4s=0 drop_classic=2925 drop_overload=0
[QUEUE_STATS] t_ms=0.025119 q_pkts=17 q_bytes=20949 ecn_mark=1466 drop_l4s=0 drop_classic=2927 drop_overload=0
[QUEUE_STATS] t_ms=0.025135 q_pkts=14 q_bytes=17248 ecn_mark=1466 drop_l4s=0 drop_classic=2931 drop_overload=0
[QUEUE_STATS] t_ms=0.025151 q_pkts=17 q_bytes=21201 ecn_mark=1467 drop_l4s=0 drop_classic=2931 drop_overload=0
[QUEUE_STATS] t_ms=0.025167 q_pkts=19 q_bytes=23408 ecn_mark=1469 drop_l4s=0 drop_classic=2931 drop_overload=0
[QUEUE_STATS] t_ms=0.025183 q_pkts=17 q_bytes=20944 ecn_mark=1469 drop_l4s=0 drop_classic=2934 drop_overload=0
[QUEUE_STATS] t_ms=0.025199 q_pkts=17 q_bytes=20944 ecn_mark=1470 drop_l4s=0 drop_classic=2937 drop_overload=0
[QUEUE_STATS] t_ms=0.025215 q_pkts=16 q_bytes=19712 ecn_mark=1471 drop_l4s=0 drop_classic=2939 drop_overload=0
[QUEUE_STATS] t_ms=0.025231 q_pkts=17 q_bytes=20944 ecn_mark=1472 drop_l4s=0 drop_classic=2940 drop_overload=0
[QUEUE_STATS] t_ms=0.025247 q_pkts=18 q_bytes=22176 ecn_mark=1473 drop_l4s=0 drop_classic=2942 drop_overload=0
[QUEUE_STATS] t_ms=0.025263 q_pkts=19 q_bytes=23680 ecn_mark=1474 drop_l4s=0 drop_classic=2943 drop_overload=0
[QUEUE_STATS] t_ms=0.025279 q_pkts=17 q_bytes=21216 ecn_mark=1475 drop_l4s=0 drop_classic=2947 drop_overload=0
[QUEUE_STATS] t_ms=0.025295 q_pkts=16 q_bytes=19712 ecn_mark=1476 drop_l4s=0 drop_classic=2949 drop_overload=0
[QUEUE_STATS] t_ms=0.025311 q_pkts=15 q_bytes=18480 ecn_mark=1477 drop_l4s=0 drop_classic=2951 drop_overload=0
[QUEUE_STATS] t_ms=0.025327 q_pkts=15 q_bytes=18480 ecn_mark=1478 drop_l4s=0 drop_classic=2953 drop_overload=0
[QUEUE_STATS] t_ms=0.025343 q_pkts=13 q_bytes=16016 ecn_mark=1480 drop_l4s=0 drop_classic=2957 drop_overload=0
[QUEUE_STATS] t_ms=0.025359 q_pkts=12 q_bytes=14784 ecn_mark=1482 drop_l4s=0 drop_classic=2960 drop_overload=0
[QUEUE_STATS] t_ms=0.025375 q_pkts=13 q_bytes=16016 ecn_mark=1482 drop_l4s=0 drop_classic=2960 drop_overload=0
[QUEUE_STATS] t_ms=0.025391 q_pkts=16 q_bytes=19762 ecn_mark=1482 drop_l4s=0 drop_classic=2960 drop_overload=0
[QUEUE_STATS] t_ms=0.025407 q_pkts=14 q_bytes=17248 ecn_mark=1484 drop_l4s=0 drop_classic=2963 drop_overload=0
[QUEUE_STATS] t_ms=0.025423 q_pkts=14 q_bytes=17172 ecn_mark=1485 drop_l4s=0 drop_classic=2966 drop_overload=0
[QUEUE_STATS] t_ms=0.025439 q_pkts=12 q_bytes=14784 ecn_mark=1487 drop_l4s=0 drop_classic=2969 drop_overload=0
[QUEUE_STATS] t_ms=0.025455 q_pkts=11 q_bytes=13552 ecn_mark=1488 drop_l4s=0 drop_classic=2971 drop_overload=0
[QUEUE_STATS] t_ms=0.025471 q_pkts=7 q_bytes=8624 ecn_mark=1488 drop_l4s=0 drop_classic=2976 drop_overload=0
[QUEUE_STATS] t_ms=0.025487 q_pkts=8 q_bytes=9856 ecn_mark=1488 drop_l4s=0 drop_classic=2977 drop_overload=0
[QUEUE_STATS] t_ms=0.025503 q_pkts=10 q_bytes=12320 ecn_mark=1489 drop_l4s=0 drop_classic=2977 drop_overload=0
[QUEUE_STATS] t_ms=0.025519 q_pkts=12 q_bytes=14784 ecn_mark=1489 drop_l4s=0 drop_classic=2977 drop_overload=0
[QUEUE_STATS] t_ms=0.025535 q_pkts=11 q_bytes=13552 ecn_mark=1489 drop_l4s=0 drop_classic=2979 drop_overload=0
[QUEUE_STATS] t_ms=0.025551 q_pkts=12 q_bytes=14784 ecn_mark=1491 drop_l4s=0 drop_classic=2981 drop_overload=0
[QUEUE_STATS] t_ms=0.025567 q_pkts=13 q_bytes=16016 ecn_mark=1492 drop_l4s=0 drop_classic=2982 drop_overload=0
[QUEUE_STATS] t_ms=0.025583 q_pkts=12 q_bytes=14784 ecn_mark=1493 drop_l4s=0 drop_classic=2984 drop_overload=0
[QUEUE_STATS] t_ms=0.025599 q_pkts=12 q_bytes=14784 ecn_mark=1493 drop_l4s=0 drop_classic=2986 drop_overload=0
[QUEUE_STATS] t_ms=0.025615 q_pkts=13 q_bytes=16288 ecn_mark=1493 drop_l4s=0 drop_classic=2987 drop_overload=0
[QUEUE_STATS] t_ms=0.025631 q_pkts=11 q_bytes=13552 ecn_mark=1494 drop_l4s=0 drop_classic=2991 drop_overload=0
[QUEUE_STATS] t_ms=0.025647 q_pkts=10 q_bytes=12320 ecn_mark=1495 drop_l4s=0 drop_classic=2994 drop_overload=0
[QUEUE_STATS] t_ms=0.025663 q_pkts=11 q_bytes=13552 ecn_mark=1495 drop_l4s=0 drop_classic=2994 drop_overload=0
[QUEUE_STATS] t_ms=0.025679 q_pkts=12 q_bytes=14784 ecn_mark=1497 drop_l4s=0 drop_classic=2995 drop_overload=0
[QUEUE_STATS] t_ms=0.025695 q_pkts=13 q_bytes=15687 ecn_mark=1499 drop_l4s=0 drop_classic=2997 drop_overload=0
[QUEUE_STATS] t_ms=0.025711 q_pkts=12 q_bytes=14784 ecn_mark=1501 drop_l4s=0 drop_classic=2999 drop_overload=0
[QUEUE_STATS] t_ms=0.025727 q_pkts=13 q_bytes=15421 ecn_mark=1502 drop_l4s=0 drop_classic=3000 drop_overload=0
[QUEUE_STATS] t_ms=0.025743 q_pkts=12 q_bytes=14784 ecn_mark=1503 drop_l4s=0 drop_classic=3001 drop_overload=0
[QUEUE_STATS] t_ms=0.025759 q_pkts=12 q_bytes=14564 ecn_mark=1504 drop_l4s=0 drop_classic=3002 drop_overload=0
[QUEUE_STATS] t_ms=0.025775 q_pkts=14 q_bytes=17028 ecn_mark=1504 drop_l4s=0 drop_classic=3003 drop_overload=0
[QUEUE_STATS] t_ms=0.025791 q_pkts=12 q_bytes=14784 ecn_mark=1506 drop_l4s=0 drop_classic=3005 drop_overload=0
[QUEUE_STATS] t_ms=0.025807 q_pkts=14 q_bytes=16758 ecn_mark=1507 drop_l4s=0 drop_classic=3006 drop_overload=0
[QUEUE_STATS] t_ms=0.025823 q_pkts=12 q_bytes=14784 ecn_mark=1507 drop_l4s=0 drop_classic=3008 drop_overload=0
[QUEUE_STATS] t_ms=0.025839 q_pkts=14 q_bytes=17248 ecn_mark=1508 drop_l4s=0 drop_classic=3009 drop_overload=0
[QUEUE_STATS] t_ms=0.025855 q_pkts=14 q_bytes=17248 ecn_mark=1509 drop_l4s=0 drop_classic=3010 drop_overload=0
[QUEUE_STATS] t_ms=0.025871 q_pkts=14 q_bytes=17248 ecn_mark=1510 drop_l4s=0 drop_classic=3011 drop_overload=0
[QUEUE_STATS] t_ms=0.025887 q_pkts=14 q_bytes=17248 ecn_mark=1510 drop_l4s=0 drop_classic=3013 drop_overload=0
[QUEUE_STATS] t_ms=0.025903 q_pkts=13 q_bytes=16016 ecn_mark=1511 drop_l4s=0 drop_classic=3016 drop_overload=0
[QUEUE_STATS] t_ms=0.025919 q_pkts=15 q_bytes=18480 ecn_mark=1512 drop_l4s=0 drop_classic=3016 drop_overload=0
[QUEUE_STATS] t_ms=0.025935 q_pkts=15 q_bytes=18480 ecn_mark=1514 drop_l4s=0 drop_classic=3018 drop_overload=0
[QUEUE_STATS] t_ms=0.025951 q_pkts=14 q_bytes=17248 ecn_mark=1514 drop_l4s=0 drop_classic=3020 drop_overload=0
[QUEUE_STATS] t_ms=0.025967 q_pkts=13 q_bytes=16016 ecn_mark=1516 drop_l4s=0 drop_classic=3023 drop_overload=0
[QUEUE_STATS] t_ms=0.025983 q_pkts=14 q_bytes=16682 ecn_mark=1517 drop_l4s=0 drop_classic=3024 drop_overload=0
[QUEUE_STATS] t_ms=0.025999 q_pkts=12 q_bytes=14784 ecn_mark=1518 drop_l4s=0 drop_classic=3026 drop_overload=0
[QUEUE_STATS] t_ms=0.026015 q_pkts=14 q_bytes=17248 ecn_mark=1519 drop_l4s=0 drop_classic=3026 drop_overload=0
[QUEUE_STATS] t_ms=0.026031 q_pkts=14 q_bytes=17248 ecn_mark=1519 drop_l4s=0 drop_classic=3027 drop_overload=0
[QUEUE_STATS] t_ms=0.026047 q_pkts=16 q_bytes=19712 ecn_mark=1519 drop_l4s=0 drop_classic=3027 drop_overload=0
[QUEUE_STATS] t_ms=0.026063 q_pkts=18 q_bytes=22176 ecn_mark=1521 drop_l4s=0 drop_classic=3027 drop_overload=0
[QUEUE_STATS] t_ms=0.026079 q_pkts=16 q_bytes=19712 ecn_mark=1522 drop_l4s=0 drop_classic=3031 drop_overload=0
[QUEUE_STATS] t_ms=0.026095 q_pkts=13 q_bytes=16016 ecn_mark=1522 drop_l4s=0 drop_classic=3035 drop_overload=0
[QUEUE_STATS] t_ms=0.026111 q_pkts=16 q_bytes=19712 ecn_mark=1523 drop_l4s=0 drop_classic=3035 drop_overload=0
[QUEUE_STATS] t_ms=0.026127 q_pkts=16 q_bytes=19712 ecn_mark=1524 drop_l4s=0 drop_classic=3037 drop_overload=0
[QUEUE_STATS] t_ms=0.026143 q_pkts=18 q_bytes=22448 ecn_mark=1525 drop_l4s=0 drop_classic=3037 drop_overload=0
[QUEUE_STATS] t_ms=0.026159 q_pkts=17 q_bytes=20944 ecn_mark=1526 drop_l4s=0 drop_classic=3040 drop_overload=0
[QUEUE_STATS] t_ms=0.026175 q_pkts=16 q_bytes=19712 ecn_mark=1526 drop_l4s=0 drop_classic=3043 drop_overload=0
[QUEUE_STATS] t_ms=0.026191 q_pkts=17 q_bytes=20944 ecn_mark=1526 drop_l4s=0 drop_classic=3044 drop_overload=0
[QUEUE_STATS] t_ms=0.026207 q_pkts=17 q_bytes=20944 ecn_mark=1527 drop_l4s=0 drop_classic=3046 drop_overload=0
[QUEUE_STATS] t_ms=0.026223 q_pkts=19 q_bytes=23408 ecn_mark=1527 drop_l4s=0 drop_classic=3046 drop_overload=0
[QUEUE_STATS] t_ms=0.026239 q_pkts=18 q_bytes=22176 ecn_mark=1527 drop_l4s=0 drop_classic=3050 drop_overload=0
[QUEUE_STATS] t_ms=0.026255 q_pkts=18 q_bytes=22176 ecn_mark=1528 drop_l4s=0 drop_classic=3053 drop_overload=0
[QUEUE_STATS] t_ms=0.026271 q_pkts=20 q_bytes=24640 ecn_mark=1530 drop_l4s=0 drop_classic=3054 drop_overload=0
[QUEUE_STATS] t_ms=0.026287 q_pkts=21 q_bytes=25872 ecn_mark=1532 drop_l4s=0 drop_classic=3056 drop_overload=0
[QUEUE_STATS] t_ms=0.026303 q_pkts=20 q_bytes=24640 ecn_mark=1533 drop_l4s=0 drop_classic=3058 drop_overload=0
[QUEUE_STATS] t_ms=0.026319 q_pkts=23 q_bytes=28336 ecn_mark=1534 drop_l4s=0 drop_classic=3058 drop_overload=0
[QUEUE_STATS] t_ms=0.026335 q_pkts=24 q_bytes=29568 ecn_mark=1534 drop_l4s=0 drop_classic=3059 drop_overload=0
[QUEUE_STATS] t_ms=0.026351 q_pkts=26 q_bytes=32032 ecn_mark=1535 drop_l4s=0 drop_classic=3060 drop_overload=0
[QUEUE_STATS] t_ms=0.026367 q_pkts=26 q_bytes=32032 ecn_mark=1536 drop_l4s=0 drop_classic=3061 drop_overload=0
[QUEUE_STATS] t_ms=0.026383 q_pkts=29 q_bytes=35728 ecn_mark=1537 drop_l4s=0 drop_classic=3061 drop_overload=0
[QUEUE_STATS] t_ms=0.026399 q_pkts=31 q_bytes=38192 ecn_mark=1538 drop_l4s=0 drop_classic=3061 drop_overload=0
[QUEUE_STATS] t_ms=0.026415 q_pkts=32 q_bytes=39424 ecn_mark=1538 drop_l4s=0 drop_classic=3062 drop_overload=0
[QUEUE_STATS] t_ms=0.026431 q_pkts=35 q_bytes=43254 ecn_mark=1539 drop_l4s=0 drop_classic=3062 drop_overload=0
[QUEUE_STATS] t_ms=0.026447 q_pkts=35 q_bytes=43120 ecn_mark=1541 drop_l4s=0 drop_classic=3064 drop_overload=0
[QUEUE_STATS] t_ms=0.026463 q_pkts=35 q_bytes=43120 ecn_mark=1542 drop_l4s=0 drop_classic=3065 drop_overload=0
[QUEUE_STATS] t_ms=0.026479 q_pkts=31 q_bytes=38192 ecn_mark=1543 drop_l4s=0 drop_classic=3071 drop_overload=0
[QUEUE_STATS] t_ms=0.026495 q_pkts=30 q_bytes=37221 ecn_mark=1543 drop_l4s=0 drop_classic=3073 drop_overload=0
[QUEUE_STATS] t_ms=0.026511 q_pkts=31 q_bytes=38192 ecn_mark=1545 drop_l4s=0 drop_classic=3075 drop_overload=0
[QUEUE_STATS] t_ms=0.026527 q_pkts=32 q_bytes=39424 ecn_mark=1545 drop_l4s=0 drop_classic=3076 drop_overload=0
[QUEUE_STATS] t_ms=0.026543 q_pkts=31 q_bytes=38192 ecn_mark=1546 drop_l4s=0 drop_classic=3079 drop_overload=0
[QUEUE_STATS] t_ms=0.026559 q_pkts=32 q_bytes=39424 ecn_mark=1547 drop_l4s=0 drop_classic=3079 drop_overload=0
[QUEUE_STATS] t_ms=0.026575 q_pkts=30 q_bytes=36960 ecn_mark=1548 drop_l4s=0 drop_classic=3083 drop_overload=0
[QUEUE_STATS] t_ms=0.026591 q_pkts=31 q_bytes=38192 ecn_mark=1549 drop_l4s=0 drop_classic=3083 drop_overload=0
[QUEUE_STATS] t_ms=0.026607 q_pkts=30 q_bytes=36960 ecn_mark=1550 drop_l4s=0 drop_classic=3086 drop_overload=0
[QUEUE_STATS] t_ms=0.026623 q_pkts=29 q_bytes=35728 ecn_mark=1551 drop_l4s=0 drop_classic=3088 drop_overload=0
[QUEUE_STATS] t_ms=0.026639 q_pkts=28 q_bytes=33368 ecn_mark=1552 drop_l4s=0 drop_classic=3090 drop_overload=0
[QUEUE_STATS] t_ms=0.026655 q_pkts=28 q_bytes=34496 ecn_mark=1553 drop_l4s=0 drop_classic=3092 drop_overload=0
[QUEUE_STATS] t_ms=0.026671 q_pkts=31 q_bytes=38192 ecn_mark=1553 drop_l4s=0 drop_classic=3092 drop_overload=0
[QUEUE_STATS] t_ms=0.026687 q_pkts=33 q_bytes=40656 ecn_mark=1555 drop_l4s=0 drop_classic=3093 drop_overload=0
[QUEUE_STATS] t_ms=0.026703 q_pkts=29 q_bytes=35728 ecn_mark=1556 drop_l4s=0 drop_classic=3098 drop_overload=0
[QUEUE_STATS] t_ms=0.026719 q_pkts=30 q_bytes=36960 ecn_mark=1557 drop_l4s=0 drop_classic=3099 drop_overload=0
[QUEUE_STATS] t_ms=0.026735 q_pkts=28 q_bytes=34496 ecn_mark=1558 drop_l4s=0 drop_classic=3102 drop_overload=0
[QUEUE_STATS] t_ms=0.026751 q_pkts=29 q_bytes=35728 ecn_mark=1559 drop_l4s=0 drop_classic=3103 drop_overload=0
[QUEUE_STATS] t_ms=0.026767 q_pkts=26 q_bytes=32032 ecn_mark=1559 drop_l4s=0 drop_classic=3107 drop_overload=0
[QUEUE_STATS] t_ms=0.026783 q_pkts=28 q_bytes=34496 ecn_mark=1560 drop_l4s=0 drop_classic=3107 drop_overload=0
[QUEUE_STATS] t_ms=0.026799 q_pkts=28 q_bytes=34496 ecn_mark=1561 drop_l4s=0 drop_classic=3109 drop_overload=0
[QUEUE_STATS] t_ms=0.026815 q_pkts=28 q_bytes=34496 ecn_mark=1563 drop_l4s=0 drop_classic=3110 drop_overload=0
[QUEUE_STATS] t_ms=0.026831 q_pkts=28 q_bytes=34135 ecn_mark=1564 drop_l4s=0 drop_classic=3111 drop_overload=0
[QUEUE_STATS] t_ms=0.026847 q_pkts=29 q_bytes=35728 ecn_mark=1566 drop_l4s=0 drop_classic=3112 drop_overload=0
[QUEUE_STATS] t_ms=0.026863 q_pkts=26 q_bytes=31406 ecn_mark=1567 drop_l4s=0 drop_classic=3116 drop_overload=0
[QUEUE_STATS] t_ms=0.026879 q_pkts=27 q_bytes=33264 ecn_mark=1568 drop_l4s=0 drop_classic=3117 drop_overload=0
[QUEUE_STATS] t_ms=0.026895 q_pkts=25 q_bytes=30800 ecn_mark=1569 drop_l4s=0 drop_classic=3120 drop_overload=0
[QUEUE_STATS] t_ms=0.026911 q_pkts=26 q_bytes=32032 ecn_mark=1569 drop_l4s=0 drop_classic=3120 drop_overload=0
[QUEUE_STATS] t_ms=0.026927 q_pkts=21 q_bytes=25872 ecn_mark=1569 drop_l4s=0 drop_classic=3126 drop_overload=0
[QUEUE_STATS] t_ms=0.026943 q_pkts=17 q_bytes=20944 ecn_mark=1571 drop_l4s=0 drop_classic=3132 drop_overload=0
[QUEUE_STATS] t_ms=0.026959 q_pkts=18 q_bytes=22176 ecn_mark=1571 drop_l4s=0 drop_classic=3133 drop_overload=0
[QUEUE_STATS] t_ms=0.026975 q_pkts=17 q_bytes=20944 ecn_mark=1572 drop_l4s=0 drop_classic=3136 drop_overload=0
[QUEUE_STATS] t_ms=0.026991 q_pkts=18 q_bytes=22176 ecn_mark=1573 drop_l4s=0 drop_classic=3137 drop_overload=0
[QUEUE_STATS] t_ms=0.027007 q_pkts=18 q_bytes=22176 ecn_mark=1573 drop_l4s=0 drop_classic=3138 drop_overload=0
[QUEUE_STATS] t_ms=0.027023 q_pkts=19 q_bytes=22514 ecn_mark=1574 drop_l4s=0 drop_classic=3140 drop_overload=0
[QUEUE_STATS] t_ms=0.027039 q_pkts=18 q_bytes=22176 ecn_mark=1577 drop_l4s=0 drop_classic=3142 drop_overload=0
[QUEUE_STATS] t_ms=0.027055 q_pkts=18 q_bytes=22176 ecn_mark=1577 drop_l4s=0 drop_classic=3143 drop_overload=0
[QUEUE_STATS] t_ms=0.027071 q_pkts=19 q_bytes=23408 ecn_mark=1578 drop_l4s=0 drop_classic=3144 drop_overload=0
[QUEUE_STATS] t_ms=0.027087 q_pkts=18 q_bytes=22176 ecn_mark=1580 drop_l4s=0 drop_classic=3146 drop_overload=0
[QUEUE_STATS] t_ms=0.027103 q_pkts=19 q_bytes=23408 ecn_mark=1580 drop_l4s=0 drop_classic=3146 drop_overload=0
[QUEUE_STATS] t_ms=0.027119 q_pkts=17 q_bytes=20944 ecn_mark=1582 drop_l4s=0 drop_classic=3150 drop_overload=0
[QUEUE_STATS] t_ms=0.027135 q_pkts=19 q_bytes=23408 ecn_mark=1582 drop_l4s=0 drop_classic=3150 drop_overload=0
[QUEUE_STATS] t_ms=0.027151 q_pkts=18 q_bytes=22042 ecn_mark=1582 drop_l4s=0 drop_classic=3152 drop_overload=0
[QUEUE_STATS] t_ms=0.027167 q_pkts=15 q_bytes=18480 ecn_mark=1583 drop_l4s=0 drop_classic=3156 drop_overload=0
[QUEUE_STATS] t_ms=0.027183 q_pkts=16 q_bytes=19712 ecn_mark=1583 drop_l4s=0 drop_classic=3157 drop_overload=0
[QUEUE_STATS] t_ms=0.027199 q_pkts=18 q_bytes=22448 ecn_mark=1583 drop_l4s=0 drop_classic=3157 drop_overload=0
[QUEUE_STATS] t_ms=0.027215 q_pkts=17 q_bytes=20944 ecn_mark=1585 drop_l4s=0 drop_classic=3160 drop_overload=0
[QUEUE_STATS] t_ms=0.027231 q_pkts=16 q_bytes=19712 ecn_mark=1586 drop_l4s=0 drop_classic=3163 drop_overload=0
[QUEUE_STATS] t_ms=0.027247 q_pkts=16 q_bytes=19712 ecn_mark=1587 drop_l4s=0 drop_classic=3164 drop_overload=0
[QUEUE_STATS] t_ms=0.027263 q_pkts=16 q_bytes=19712 ecn_mark=1588 drop_l4s=0 drop_classic=3166 drop_overload=0
[QUEUE_STATS] t_ms=0.027279 q_pkts=15 q_bytes=18480 ecn_mark=1589 drop_l4s=0 drop_classic=3168 drop_overload=0
[QUEUE_STATS] t_ms=0.027295 q_pkts=13 q_bytes=16016 ecn_mark=1590 drop_l4s=0 drop_classic=3172 drop_overload=0
[QUEUE_STATS] t_ms=0.027311 q_pkts=12 q_bytes=14784 ecn_mark=1591 drop_l4s=0 drop_classic=3174 drop_overload=0
[QUEUE_STATS] t_ms=0.027327 q_pkts=13 q_bytes=15167 ecn_mark=1592 drop_l4s=0 drop_classic=3175 drop_overload=0
[QUEUE_STATS] t_ms=0.027343 q_pkts=13 q_bytes=16016 ecn_mark=1593 drop_l4s=0 drop_classic=3175 drop_overload=0
[QUEUE_STATS] t_ms=0.027359 q_pkts=11 q_bytes=13552 ecn_mark=1593 drop_l4s=0 drop_classic=3178 drop_overload=0
[QUEUE_STATS] t_ms=0.027375 q_pkts=13 q_bytes=16016 ecn_mark=1594 drop_l4s=0 drop_classic=3178 drop_overload=0
[QUEUE_STATS] t_ms=0.027391 q_pkts=13 q_bytes=16016 ecn_mark=1595 drop_l4s=0 drop_classic=3180 drop_overload=0
[QUEUE_STATS] t_ms=0.027407 q_pkts=12 q_bytes=14784 ecn_mark=1595 drop_l4s=0 drop_classic=3183 drop_overload=0
[QUEUE_STATS] t_ms=0.027423 q_pkts=12 q_bytes=14784 ecn_mark=1596 drop_l4s=0 drop_classic=3185 drop_overload=0
[QUEUE_STATS] t_ms=0.027439 q_pkts=13 q_bytes=15732 ecn_mark=1597 drop_l4s=0 drop_classic=3186 drop_overload=0
[QUEUE_STATS] t_ms=0.027455 q_pkts=14 q_bytes=17248 ecn_mark=1599 drop_l4s=0 drop_classic=3186 drop_overload=0
[QUEUE_STATS] t_ms=0.027471 q_pkts=14 q_bytes=17248 ecn_mark=1600 drop_l4s=0 drop_classic=3187 drop_overload=0
[QUEUE_STATS] t_ms=0.027487 q_pkts=15 q_bytes=18480 ecn_mark=1601 drop_l4s=0 drop_classic=3188 drop_overload=0
[QUEUE_STATS] t_ms=0.027503 q_pkts=12 q_bytes=14784 ecn_mark=1601 drop_l4s=0 drop_classic=3192 drop_overload=0
[QUEUE_STATS] t_ms=0.027519 q_pkts=12 q_bytes=14784 ecn_mark=1603 drop_l4s=0 drop_classic=3193 drop_overload=0
[QUEUE_STATS] t_ms=0.027535 q_pkts=13 q_bytes=15379 ecn_mark=1604 drop_l4s=0 drop_classic=3194 drop_overload=0
[QUEUE_STATS] t_ms=0.027551 q_pkts=12 q_bytes=14784 ecn_mark=1605 drop_l4s=0 drop_classic=3196 drop_overload=0
[QUEUE_STATS] t_ms=0.027567 q_pkts=10 q_bytes=12057 ecn_mark=1606 drop_l4s=0 drop_classic=3200 drop_overload=0
[QUEUE_STATS] t_ms=0.027583 q_pkts=9 q_bytes=11088 ecn_mark=1607 drop_l4s=0 drop_classic=3202 drop_overload=0
[QUEUE_STATS] t_ms=0.027599 q_pkts=11 q_bytes=13150 ecn_mark=1608 drop_l4s=0 drop_classic=3202 drop_overload=0
[QUEUE_STATS] t_ms=0.027615 q_pkts=12 q_bytes=14784 ecn_mark=1610 drop_l4s=0 drop_classic=3202 drop_overload=0
[QUEUE_STATS] t_ms=0.027631 q_pkts=12 q_bytes=14784 ecn_mark=1610 drop_l4s=0 drop_classic=3203 drop_overload=0
[QUEUE_STATS] t_ms=0.027647 q_pkts=10 q_bytes=12028 ecn_mark=1610 drop_l4s=0 drop_classic=3206 drop_overload=0
[QUEUE_STATS] t_ms=0.027663 q_pkts=11 q_bytes=13552 ecn_mark=1612 drop_l4s=0 drop_classic=3207 drop_overload=0
[QUEUE_STATS] t_ms=0.027679 q_pkts=12 q_bytes=14784 ecn_mark=1613 drop_l4s=0 drop_classic=3208 drop_overload=0
[QUEUE_STATS] t_ms=0.027695 q_pkts=13 q_bytes=16016 ecn_mark=1613 drop_l4s=0 drop_classic=3208 drop_overload=0
[QUEUE_STATS] t_ms=0.027711 q_pkts=16 q_bytes=19712 ecn_mark=1613 drop_l4s=0 drop_classic=3208 drop_overload=0
[QUEUE_STATS] t_ms=0.027727 q_pkts=17 q_bytes=20944 ecn_mark=1613 drop_l4s=0 drop_classic=3209 drop_overload=0
[QUEUE_STATS] t_ms=0.027743 q_pkts=19 q_bytes=23408 ecn_mark=1615 drop_l4s=0 drop_classic=3210 drop_overload=0
[QUEUE_STATS] t_ms=0.027759 q_pkts=20 q_bytes=24640 ecn_mark=1616 drop_l4s=0 drop_classic=3210 drop_overload=0
[QUEUE_STATS] t_ms=0.027775 q_pkts=23 q_bytes=28336 ecn_mark=1617 drop_l4s=0 drop_classic=3210 drop_overload=0
[QUEUE_STATS] t_ms=0.027791 q_pkts=21 q_bytes=25685 ecn_mark=1618 drop_l4s=0 drop_classic=3213 drop_overload=0
[QUEUE_STATS] t_ms=0.027807 q_pkts=20 q_bytes=24640 ecn_mark=1620 drop_l4s=0 drop_classic=3216 drop_overload=0
[QUEUE_STATS] t_ms=0.027823 q_pkts=21 q_bytes=25468 ecn_mark=1621 drop_l4s=0 drop_classic=3217 drop_overload=0
[QUEUE_STATS] t_ms=0.027839 q_pkts=19 q_bytes=23408 ecn_mark=1622 drop_l4s=0 drop_classic=3221 drop_overload=0
[QUEUE_STATS] t_ms=0.027855 q_pkts=17 q_bytes=20944 ecn_mark=1622 drop_l4s=0 drop_classic=3224 drop_overload=0
[QUEUE_STATS] t_ms=0.027871 q_pkts=14 q_bytes=17520 ecn_mark=1622 drop_l4s=0 drop_classic=3228 drop_overload=0
[QUEUE_STATS] t_ms=0.027887 q_pkts=17 q_bytes=20944 ecn_mark=1623 drop_l4s=0 drop_classic=3229 drop_overload=0
[QUEUE_STATS] t_ms=0.027903 q_pkts=17 q_bytes=20944 ecn_mark=1623 drop_l4s=0 drop_classic=3230 drop_overload=0
[QUEUE_STATS] t_ms=0.027919 q_pkts=20 q_bytes=24640 ecn_mark=1624 drop_l4s=0 drop_classic=3230 drop_overload=0
[QUEUE_STATS] t_ms=0.027935 q_pkts=21 q_bytes=26144 ecn_mark=1624 drop_l4s=0 drop_classic=3231 drop_overload=0
[QUEUE_STATS] t_ms=0.027951 q_pkts=23 q_bytes=28336 ecn_mark=1626 drop_l4s=0 drop_classic=3232 drop_overload=0
[QUEUE_STATS] t_ms=0.027967 q_pkts=23 q_bytes=28336 ecn_mark=1627 drop_l4s=0 drop_classic=3233 drop_overload=0
[QUEUE_STATS] t_ms=0.027983 q_pkts=24 q_bytes=29568 ecn_mark=1629 drop_l4s=0 drop_classic=3235 drop_overload=0
[QUEUE_STATS] t_ms=0.027999 q_pkts=24 q_bytes=29568 ecn_mark=1629 drop_l4s=0 drop_classic=3236 drop_overload=0
[QUEUE_STATS] t_ms=0.028015 q_pkts=26 q_bytes=32032 ecn_mark=1630 drop_l4s=0 drop_classic=3236 drop_overload=0
[QUEUE_STATS] t_ms=0.028031 q_pkts=25 q_bytes=30800 ecn_mark=1630 drop_l4s=0 drop_classic=3238 drop_overload=0
[QUEUE_STATS] t_ms=0.028047 q_pkts=25 q_bytes=30800 ecn_mark=1630 drop_l4s=0 drop_classic=3240 drop_overload=0
[QUEUE_STATS] t_ms=0.028063 q_pkts=26 q_bytes=32032 ecn_mark=1632 drop_l4s=0 drop_classic=3241 drop_overload=0
[QUEUE_STATS] t_ms=0.028079 q_pkts=25 q_bytes=30800 ecn_mark=1632 drop_l4s=0 drop_classic=3244 drop_overload=0
[QUEUE_STATS] t_ms=0.028095 q_pkts=25 q_bytes=30800 ecn_mark=1632 drop_l4s=0 drop_classic=3246 drop_overload=0
[QUEUE_STATS] t_ms=0.028111 q_pkts=28 q_bytes=34496 ecn_mark=1633 drop_l4s=0 drop_classic=3246 drop_overload=0
[QUEUE_STATS] t_ms=0.028127 q_pkts=30 q_bytes=37232 ecn_mark=1633 drop_l4s=0 drop_classic=3247 drop_overload=0
[QUEUE_STATS] t_ms=0.028143 q_pkts=29 q_bytes=36000 ecn_mark=1634 drop_l4s=0 drop_classic=3250 drop_overload=0
[QUEUE_STATS] t_ms=0.028159 q_pkts=31 q_bytes=38192 ecn_mark=1635 drop_l4s=0 drop_classic=3251 drop_overload=0
[QUEUE_STATS] t_ms=0.028175 q_pkts=32 q_bytes=39424 ecn_mark=1636 drop_l4s=0 drop_classic=3253 drop_overload=0
[QUEUE_STATS] t_ms=0.028191 q_pkts=33 q_bytes=40656 ecn_mark=1637 drop_l4s=0 drop_classic=3253 drop_overload=0
[QUEUE_STATS] t_ms=0.028207 q_pkts=34 q_bytes=41888 ecn_mark=1638 drop_l4s=0 drop_classic=3255 drop_overload=0
[QUEUE_STATS] t_ms=0.028223 q_pkts=35 q_bytes=43120 ecn_mark=1639 drop_l4s=0 drop_classic=3256 drop_overload=0
[QUEUE_STATS] t_ms=0.028239 q_pkts=35 q_bytes=43120 ecn_mark=1640 drop_l4s=0 drop_classic=3258 drop_overload=0
[QUEUE_STATS] t_ms=0.028255 q_pkts=35 q_bytes=43120 ecn_mark=1642 drop_l4s=0 drop_classic=3260 drop_overload=0
[QUEUE_STATS] t_ms=0.028271 q_pkts=29 q_bytes=35728 ecn_mark=1643 drop_l4s=0 drop_classic=3268 drop_overload=0
[QUEUE_STATS] t_ms=0.028287 q_pkts=30 q_bytes=36960 ecn_mark=1644 drop_l4s=0 drop_classic=3268 drop_overload=0
[QUEUE_STATS] t_ms=0.028303 q_pkts=31 q_bytes=38192 ecn_mark=1645 drop_l4s=0 drop_classic=3268 drop_overload=0
[QUEUE_STATS] t_ms=0.028319 q_pkts=30 q_bytes=36960 ecn_mark=1647 drop_l4s=0 drop_classic=3270 drop_overload=0
[QUEUE_STATS] t_ms=0.028335 q_pkts=28 q_bytes=34496 ecn_mark=1648 drop_l4s=0 drop_classic=3273 drop_overload=0
[QUEUE_STATS] t_ms=0.028351 q_pkts=24 q_bytes=29568 ecn_mark=1650 drop_l4s=0 drop_classic=3278 drop_overload=0
[QUEUE_STATS] t_ms=0.028367 q_pkts=23 q_bytes=28336 ecn_mark=1652 drop_l4s=0 drop_classic=3280 drop_overload=0
[QUEUE_STATS] t_ms=0.028383 q_pkts=24 q_bytes=29568 ecn_mark=1653 drop_l4s=0 drop_classic=3280 drop_overload=0
[QUEUE_STATS] t_ms=0.028399 q_pkts=23 q_bytes=27421 ecn_mark=1654 drop_l4s=0 drop_classic=3283 drop_overload=0
[QUEUE_STATS] t_ms=0.028415 q_pkts=19 q_bytes=23408 ecn_mark=1657 drop_l4s=0 drop_classic=3287 drop_overload=0
[QUEUE_STATS] t_ms=0.028431 q_pkts=20 q_bytes=23971 ecn_mark=1657 drop_l4s=0 drop_classic=3287 drop_overload=0
[QUEUE_STATS] t_ms=0.028447 q_pkts=21 q_bytes=25186 ecn_mark=1659 drop_l4s=0 drop_classic=3289 drop_overload=0
[QUEUE_STATS] t_ms=0.028463 q_pkts=20 q_bytes=23954 ecn_mark=1660 drop_l4s=0 drop_classic=3290 drop_overload=0
[QUEUE_STATS] t_ms=0.028479 q_pkts=20 q_bytes=23940 ecn_mark=1662 drop_l4s=0 drop_classic=3292 drop_overload=0
[QUEUE_STATS] t_ms=0.028495 q_pkts=19 q_bytes=23408 ecn_mark=1664 drop_l4s=0 drop_classic=3294 drop_overload=0
[QUEUE_STATS] t_ms=0.028511 q_pkts=16 q_bytes=19712 ecn_mark=1666 drop_l4s=0 drop_classic=3298 drop_overload=0
[QUEUE_STATS] t_ms=0.028527 q_pkts=16 q_bytes=19712 ecn_mark=1667 drop_l4s=0 drop_classic=3299 drop_overload=0
[QUEUE_STATS] t_ms=0.028543 q_pkts=16 q_bytes=19712 ecn_mark=1669 drop_l4s=0 drop_classic=3299 drop_overload=0
[QUEUE_STATS] t_ms=0.028559 q_pkts=15 q_bytes=17642 ecn_mark=1671 drop_l4s=0 drop_classic=3301 drop_overload=0
[QUEUE_STATS] t_ms=0.028575 q_pkts=15 q_bytes=18480 ecn_mark=1672 drop_l4s=0 drop_classic=3302 drop_overload=0
[QUEUE_STATS] t_ms=0.028591 q_pkts=17 q_bytes=20944 ecn_mark=1675 drop_l4s=0 drop_classic=3302 drop_overload=0
[QUEUE_STATS] t_ms=0.028607 q_pkts=17 q_bytes=20944 ecn_mark=1675 drop_l4s=0 drop_classic=3303 drop_overload=0
[QUEUE_STATS] t_ms=0.028623 q_pkts=18 q_bytes=22176 ecn_mark=1675 drop_l4s=0 drop_classic=3304 drop_overload=0
[QUEUE_STATS] t_ms=0.028639 q_pkts=18 q_bytes=22176 ecn_mark=1676 drop_l4s=0 drop_classic=3306 drop_overload=0
[QUEUE_STATS] t_ms=0.028655 q_pkts=19 q_bytes=23408 ecn_mark=1676 drop_l4s=0 drop_classic=3307 drop_overload=0
[QUEUE_STATS] t_ms=0.028671 q_pkts=19 q_bytes=23192 ecn_mark=1677 drop_l4s=0 drop_classic=3309 drop_overload=0
[QUEUE_STATS] t_ms=0.028687 q_pkts=18 q_bytes=22176 ecn_mark=1679 drop_l4s=0 drop_classic=3311 drop_overload=0
[QUEUE_STATS] t_ms=0.028703 q_pkts=16 q_bytes=19169 ecn_mark=1680 drop_l4s=0 drop_classic=3314 drop_overload=0
[QUEUE_STATS] t_ms=0.028719 q_pkts=16 q_bytes=19712 ecn_mark=1682 drop_l4s=0 drop_classic=3316 drop_overload=0
[QUEUE_STATS] t_ms=0.028735 q_pkts=12 q_bytes=14616 ecn_mark=1682 drop_l4s=0 drop_classic=3321 drop_overload=0
[QUEUE_STATS] t_ms=0.028751 q_pkts=13 q_bytes=16016 ecn_mark=1683 drop_l4s=0 drop_classic=3322 drop_overload=0
[QUEUE_STATS] t_ms=0.028767 q_pkts=15 q_bytes=18480 ecn_mark=1684 drop_l4s=0 drop_classic=3322 drop_overload=0
[QUEUE_STATS] t_ms=0.028783 q_pkts=16 q_bytes=19712 ecn_mark=1685 drop_l4s=0 drop_classic=3322 drop_overload=0
[QUEUE_STATS] t_ms=0.028799 q_pkts=16 q_bytes=19712 ecn_mark=1687 drop_l4s=0 drop_classic=3323 drop_overload=0
[QUEUE_STATS] t_ms=0.028815 q_pkts=15 q_bytes=18480 ecn_mark=1688 drop_l4s=0 drop_classic=3325 drop_overload=0
[QUEUE_STATS] t_ms=0.028831 q_pkts=14 q_bytes=17248 ecn_mark=1689 drop_l4s=0 drop_classic=3328 drop_overload=0
[QUEUE_STATS] t_ms=0.028847 q_pkts=15 q_bytes=18480 ecn_mark=1690 drop_l4s=0 drop_classic=3328 drop_overload=0
[QUEUE_STATS] t_ms=0.028863 q_pkts=14 q_bytes=17248 ecn_mark=1691 drop_l4s=0 drop_classic=3330 drop_overload=0
[QUEUE_STATS] t_ms=0.028879 q_pkts=16 q_bytes=19712 ecn_mark=1693 drop_l4s=0 drop_classic=3330 drop_overload=0
[QUEUE_STATS] t_ms=0.028895 q_pkts=15 q_bytes=18480 ecn_mark=1693 drop_l4s=0 drop_classic=3332 drop_overload=0
[QUEUE_STATS] t_ms=0.028911 q_pkts=16 q_bytes=19712 ecn_mark=1694 drop_l4s=0 drop_classic=3334 drop_overload=0
[QUEUE_STATS] t_ms=0.028927 q_pkts=15 q_bytes=18480 ecn_mark=1695 drop_l4s=0 drop_classic=3336 drop_overload=0
[QUEUE_STATS] t_ms=0.028943 q_pkts=14 q_bytes=17248 ecn_mark=1696 drop_l4s=0 drop_classic=3339 drop_overload=0
[QUEUE_STATS] t_ms=0.028959 q_pkts=15 q_bytes=18480 ecn_mark=1698 drop_l4s=0 drop_classic=3340 drop_overload=0
[QUEUE_STATS] t_ms=0.028975 q_pkts=14 q_bytes=17248 ecn_mark=1699 drop_l4s=0 drop_classic=3342 drop_overload=0
[QUEUE_STATS] t_ms=0.028991 q_pkts=11 q_bytes=13552 ecn_mark=1701 drop_l4s=0 drop_classic=3346 drop_overload=0
[QUEUE_STATS] t_ms=0.029007 q_pkts=12 q_bytes=14784 ecn_mark=1703 drop_l4s=0 drop_classic=3346 drop_overload=0
[QUEUE_STATS] t_ms=0.029023 q_pkts=12 q_bytes=14784 ecn_mark=1704 drop_l4s=0 drop_classic=3347 drop_overload=0
[QUEUE_STATS] t_ms=0.029039 q_pkts=10 q_bytes=12320 ecn_mark=1705 drop_l4s=0 drop_classic=3350 drop_overload=0
[QUEUE_STATS] t_ms=0.029055 q_pkts=11 q_bytes=13552 ecn_mark=1705 drop_l4s=0 drop_classic=3351 drop_overload=0
[QUEUE_STATS] t_ms=0.029071 q_pkts=11 q_bytes=13552 ecn_mark=1707 drop_l4s=0 drop_classic=3353 drop_overload=0
[QUEUE_STATS] t_ms=0.029087 q_pkts=12 q_bytes=14784 ecn_mark=1708 drop_l4s=0 drop_classic=3354 drop_overload=0
[QUEUE_STATS] t_ms=0.029103 q_pkts=12 q_bytes=14784 ecn_mark=1709 drop_l4s=0 drop_classic=3355 drop_overload=0
[QUEUE_STATS] t_ms=0.029119 q_pkts=8 q_bytes=9856 ecn_mark=1709 drop_l4s=0 drop_classic=3360 drop_overload=0
[QUEUE_STATS] t_ms=0.029135 q_pkts=10 q_bytes=12320 ecn_mark=1710 drop_l4s=0 drop_classic=3360 drop_overload=0
[QUEUE_STATS] t_ms=0.029151 q_pkts=11 q_bytes=13552 ecn_mark=1710 drop_l4s=0 drop_classic=3360 drop_overload=0
[QUEUE_STATS] t_ms=0.029167 q_pkts=10 q_bytes=12320 ecn_mark=1711 drop_l4s=0 drop_classic=3362 drop_overload=0
[QUEUE_STATS] t_ms=0.029183 q_pkts=8 q_bytes=9856 ecn_mark=1711 drop_l4s=0 drop_classic=3366 drop_overload=0
[QUEUE_STATS] t_ms=0.029199 q_pkts=5 q_bytes=6432 ecn_mark=1711 drop_l4s=0 drop_classic=3371 drop_overload=0
[QUEUE_STATS] t_ms=0.029215 q_pkts=7 q_bytes=8624 ecn_mark=1712 drop_l4s=0 drop_classic=3371 drop_overload=0
[QUEUE_STATS] t_ms=0.029231 q_pkts=9 q_bytes=11088 ecn_mark=1713 drop_l4s=0 drop_classic=3371 drop_overload=0
[QUEUE_STATS] t_ms=0.029247 q_pkts=10 q_bytes=12320 ecn_mark=1714 drop_l4s=0 drop_classic=3371 drop_overload=0
[QUEUE_STATS] t_ms=0.029263 q_pkts=10 q_bytes=12320 ecn_mark=1715 drop_l4s=0 drop_classic=3373 drop_overload=0
[QUEUE_STATS] t_ms=0.029279 q_pkts=11 q_bytes=13233 ecn_mark=1716 drop_l4s=0 drop_classic=3374 drop_overload=0
[QUEUE_STATS] t_ms=0.029295 q_pkts=12 q_bytes=14784 ecn_mark=1717 drop_l4s=0 drop_classic=3374 drop_overload=0
[QUEUE_STATS] t_ms=0.029311 q_pkts=14 q_bytes=17248 ecn_mark=1718 drop_l4s=0 drop_classic=3374 drop_overload=0
[QUEUE_STATS] t_ms=0.029327 q_pkts=15 q_bytes=18480 ecn_mark=1720 drop_l4s=0 drop_classic=3375 drop_overload=0
[QUEUE_STATS] t_ms=0.029343 q_pkts=16 q_bytes=19330 ecn_mark=1721 drop_l4s=0 drop_classic=3376 drop_overload=0
[QUEUE_STATS] t_ms=0.029359 q_pkts=17 q_bytes=20944 ecn_mark=1723 drop_l4s=0 drop_classic=3376 drop_overload=0
[QUEUE_STATS] t_ms=0.029375 q_pkts=19 q_bytes=22751 ecn_mark=1724 drop_l4s=0 drop_classic=3376 drop_overload=0
[QUEUE_STATS] t_ms=0.029391 q_pkts=17 q_bytes=20944 ecn_mark=1725 drop_l4s=0 drop_classic=3378 drop_overload=0
[QUEUE_STATS] t_ms=0.029407 q_pkts=19 q_bytes=23126 ecn_mark=1726 drop_l4s=0 drop_classic=3378 drop_overload=0
[QUEUE_STATS] t_ms=0.029423 q_pkts=21 q_bytes=25452 ecn_mark=1727 drop_l4s=0 drop_classic=3378 drop_overload=0
[QUEUE_STATS] t_ms=0.029439 q_pkts=19 q_bytes=23183 ecn_mark=1727 drop_l4s=0 drop_classic=3381 drop_overload=0
[QUEUE_STATS] t_ms=0.029455 q_pkts=18 q_bytes=22176 ecn_mark=1728 drop_l4s=0 drop_classic=3383 drop_overload=0
[QUEUE_STATS] t_ms=0.029471 q_pkts=19 q_bytes=23408 ecn_mark=1728 drop_l4s=0 drop_classic=3383 drop_overload=0
[QUEUE_STATS] t_ms=0.029487 q_pkts=19 q_bytes=23408 ecn_mark=1729 drop_l4s=0 drop_classic=3385 drop_overload=0
[QUEUE_STATS] t_ms=0.029503 q_pkts=19 q_bytes=23408 ecn_mark=1730 drop_l4s=0 drop_classic=3386 drop_overload=0
[QUEUE_STATS] t_ms=0.029519 q_pkts=21 q_bytes=25872 ecn_mark=1731 drop_l4s=0 drop_classic=3387 drop_overload=0
[QUEUE_STATS] t_ms=0.029535 q_pkts=21 q_bytes=25872 ecn_mark=1731 drop_l4s=0 drop_classic=3388 drop_overload=0
[QUEUE_STATS] t_ms=0.029551 q_pkts=22 q_bytes=27104 ecn_mark=1731 drop_l4s=0 drop_classic=3389 drop_overload=0
[QUEUE_STATS] t_ms=0.029567 q_pkts=23 q_bytes=28336 ecn_mark=1732 drop_l4s=0 drop_classic=3391 drop_overload=0
[QUEUE_STATS] t_ms=0.029583 q_pkts=24 q_bytes=29840 ecn_mark=1732 drop_l4s=0 drop_classic=3393 drop_overload=0
[QUEUE_STATS] t_ms=0.029599 q_pkts=24 q_bytes=29568 ecn_mark=1733 drop_l4s=0 drop_classic=3395 drop_overload=0
[QUEUE_STATS] t_ms=0.029615 q_pkts=24 q_bytes=29568 ecn_mark=1735 drop_l4s=0 drop_classic=3397 drop_overload=0
[QUEUE_STATS] t_ms=0.029631 q_pkts=24 q_bytes=29568 ecn_mark=1735 drop_l4s=0 drop_classic=3399 drop_overload=0
[QUEUE_STATS] t_ms=0.029647 q_pkts=26 q_bytes=32032 ecn_mark=1737 drop_l4s=0 drop_classic=3400 drop_overload=0
[QUEUE_STATS] t_ms=0.029663 q_pkts=25 q_bytes=30800 ecn_mark=1738 drop_l4s=0 drop_classic=3402 drop_overload=0
[QUEUE_STATS] t_ms=0.029679 q_pkts=26 q_bytes=32032 ecn_mark=1738 drop_l4s=0 drop_classic=3404 drop_overload=0
[QUEUE_STATS] t_ms=0.029695 q_pkts=25 q_bytes=30800 ecn_mark=1739 drop_l4s=0 drop_classic=3406 drop_overload=0
[QUEUE_STATS] t_ms=0.029711 q_pkts=27 q_bytes=33536 ecn_mark=1739 drop_l4s=0 drop_classic=3407 drop_overload=0
[QUEUE_STATS] t_ms=0.029727 q_pkts=27 q_bytes=33264 ecn_mark=1739 drop_l4s=0 drop_classic=3409 drop_overload=0
[QUEUE_STATS] t_ms=0.029743 q_pkts=30 q_bytes=36960 ecn_mark=1741 drop_l4s=0 drop_classic=3409 drop_overload=0
[QUEUE_STATS] t_ms=0.029759 q_pkts=32 q_bytes=39696 ecn_mark=1742 drop_l4s=0 drop_classic=3410 drop_overload=0
[QUEUE_STATS] t_ms=0.029775 q_pkts=34 q_bytes=41888 ecn_mark=1744 drop_l4s=0 drop_classic=3410 drop_overload=0
[QUEUE_STATS] t_ms=0.029791 q_pkts=29 q_bytes=35728 ecn_mark=1745 drop_l4s=0 drop_classic=3416 drop_overload=0
[QUEUE_STATS] t_ms=0.029807 q_pkts=25 q_bytes=30791 ecn_mark=1746 drop_l4s=0 drop_classic=3422 drop_overload=0
[QUEUE_STATS] t_ms=0.029823 q_pkts=24 q_bytes=29568 ecn_mark=1746 drop_l4s=0 drop_classic=3424 drop_overload=0
[QUEUE_STATS] t_ms=0.029839 q_pkts=23 q_bytes=28336 ecn_mark=1747 drop_l4s=0 drop_classic=3428 drop_overload=0
[QUEUE_STATS] t_ms=0.029855 q_pkts=22 q_bytes=27104 ecn_mark=1747 drop_l4s=0 drop_classic=3430 drop_overload=0
[QUEUE_STATS] t_ms=0.029871 q_pkts=22 q_bytes=27104 ecn_mark=1748 drop_l4s=0 drop_classic=3432 drop_overload=0
[QUEUE_STATS] t_ms=0.029887 q_pkts=21 q_bytes=25872 ecn_mark=1749 drop_l4s=0 drop_classic=3435 drop_overload=0
[QUEUE_STATS] t_ms=0.029903 q_pkts=21 q_bytes=25555 ecn_mark=1750 drop_l4s=0 drop_classic=3437 drop_overload=0
[QUEUE_STATS] t_ms=0.029919 q_pkts=19 q_bytes=23408 ecn_mark=1751 drop_l4s=0 drop_classic=3440 drop_overload=0
[QUEUE_STATS] t_ms=0.029935 q_pkts=14 q_bytes=17248 ecn_mark=1753 drop_l4s=0 drop_classic=3447 drop_overload=0
[QUEUE_STATS] t_ms=0.029951 q_pkts=14 q_bytes=16837 ecn_mark=1754 drop_l4s=0 drop_classic=3449 drop_overload=0
[QUEUE_STATS] t_ms=0.029967 q_pkts=14 q_bytes=17248 ecn_mark=1756 drop_l4s=0 drop_classic=3450 drop_overload=0
[QUEUE_STATS] t_ms=0.029983 q_pkts=15 q_bytes=17824 ecn_mark=1756 drop_l4s=0 drop_classic=3451 drop_overload=0
[QUEUE_STATS] t_ms=0.029999 q_pkts=12 q_bytes=14784 ecn_mark=1757 drop_l4s=0 drop_classic=3454 drop_overload=0
[QUEUE_STATS] t_ms=0.030015 q_pkts=13 q_bytes=16016 ecn_mark=1758 drop_l4s=0 drop_classic=3455 drop_overload=0
[QUEUE_STATS] t_ms=0.030031 q_pkts=14 q_bytes=17248 ecn_mark=1759 drop_l4s=0 drop_classic=3455 drop_overload=0
[QUEUE_STATS] t_ms=0.030047 q_pkts=13 q_bytes=16016 ecn_mark=1759 drop_l4s=0 drop_classic=3457 drop_overload=0
Connecting to host 10.0.0.1, port 5300
[  5] local 10.0.0.5 port 34320 connected to 10.0.0.1 port 5300
[ ID] Interval           Transfer     Bitrate         Total Datagrams
[  5]   0.00-1.00   sec  1.43 MBytes  12.0 Mbits/sec  1249  
[  5]   1.00-2.00   sec  1.43 MBytes  12.0 Mbits/sec  1250  
[  5]   2.00-3.00   sec  1.43 MBytes  12.0 Mbits/sec  1250  
[  5]   3.00-4.00   sec  1.43 MBytes  12.0 Mbits/sec  1250  
[  5]   4.00-5.00   sec  1.43 MBytes  12.0 Mbits/sec  1250  
[  5]   5.00-6.00   sec  1.43 MBytes  12.0 Mbits/sec  1250  
[  5]   6.00-7.00   sec  1.43 MBytes  12.0 Mbits/sec  1250  
[  5]   7.00-8.00   sec  1.43 MBytes  12.0 Mbits/sec  1250  
[  5]   8.00-9.00   sec  1.43 MBytes  12.0 Mbits/sec  1250  
[  5]   9.00-10.00  sec  1.43 MBytes  12.0 Mbits/sec  1250  
[  5]  10.00-11.00  sec  1.43 MBytes  12.0 Mbits/sec  1250  
[  5]  11.00-12.00  sec  1.43 MBytes  12.0 Mbits/sec  1250  
[  5]  12.00-13.00  sec  1.43 MBytes  12.0 Mbits/sec  1250  
[  5]  13.00-14.00  sec  1.43 MBytes  12.0 Mbits/sec  1250  
[  5]  14.00-15.00  sec  1.43 MBytes  12.0 Mbits/sec  1250  
[  5]  15.00-16.00  sec  1.43 MBytes  12.0 Mbits/sec  1250  
[  5]  16.00-17.00  sec  1.43 MBytes  12.0 Mbits/sec  1250  
[  5]  17.00-18.00  sec  1.43 MBytes  12.0 Mbits/sec  1250  
[  5]  18.00-19.00  sec  1.43 MBytes  12.0 Mbits/sec  1250  
[  5]  19.00-20.00  sec  1.43 MBytes  12.0 Mbits/sec  1250  
[  5]  20.00-21.00  sec  1.43 MBytes  12.0 Mbits/sec  1250  
[  5]  21.00-22.00  sec  1.43 MBytes  12.0 Mbits/sec  1250  
[  5]  22.00-23.00  sec  1.43 MBytes  12.0 Mbits/sec  1250  
[  5]  23.00-24.00  sec  1.43 MBytes  12.0 Mbits/sec  1250  
[  5]  24.00-25.00  sec  1.43 MBytes  12.0 Mbits/sec  1250  
[  5]  25.00-26.00  sec  1.43 MBytes  12.0 Mbits/sec  1250  
[  5]  26.00-27.00  sec  1.43 MBytes  12.0 Mbits/sec  1250  
[  5]  27.00-28.00  sec  1.43 MBytes  12.0 Mbits/sec  1250  
[  5]  28.00-29.00  sec  1.43 MBytes  12.0 Mbits/sec  1250  
[  5]  29.00-30.00  sec  1.43 MBytes  12.0 Mbits/sec  1250  
- - - - - - - - - - - - - - - - - - - - - - - - -
[ ID] Interval           Transfer     Bitrate         Jitter    Lost/Total Datagrams
[  5]   0.00-30.00  sec  42.9 MBytes  12.0 Mbits/sec  0.000 ms  0/37499 (0%)  sender
[  5]   0.00-30.00  sec  38.9 MBytes  10.9 Mbits/sec  0.347 ms  3457/37488 (9.2%)  receiver

iperf Done.
Connecting to host 10.0.0.1, port 5301
[  5] local 10.0.0.5 port 37228 connected to 10.0.0.1 port 5301
[ ID] Interval           Transfer     Bitrate         Retr  Cwnd
[  5]   0.00-1.00   sec   128 KBytes  1.05 Mbits/sec    0   2.01 KBytes       
[  5]   1.00-2.00   sec   128 KBytes  1.05 Mbits/sec    0   2.17 KBytes       
[  5]   2.00-3.00   sec   128 KBytes  1.05 Mbits/sec    0   2.26 KBytes       
[  5]   3.00-4.00   sec   128 KBytes  1.05 Mbits/sec    0   1.92 KBytes       
[  5]   4.00-5.00   sec   128 KBytes  1.05 Mbits/sec    0   2.79 KBytes       
[  5]   5.00-6.00   sec  0.00 Bytes  0.00 bits/sec    0   2.83 KBytes       
[  5]   6.00-7.00   sec   128 KBytes  1.05 Mbits/sec    0   2.25 KBytes       
[  5]   7.00-8.00   sec   128 KBytes  1.05 Mbits/sec    0   2.32 KBytes       
[  5]   8.00-9.00   sec   128 KBytes  1.05 Mbits/sec    0   2.83 KBytes       
[  5]   9.00-10.00  sec   128 KBytes  1.05 Mbits/sec    0   1.96 KBytes       
[  5]  10.00-11.00  sec   128 KBytes  1.05 Mbits/sec    0   2.44 KBytes       
[  5]  11.00-12.00  sec  0.00 Bytes  0.00 bits/sec    0   2.83 KBytes       
[  5]  12.00-13.00  sec   128 KBytes  1.05 Mbits/sec    0   2.83 KBytes       
[  5]  13.00-14.00  sec   128 KBytes  1.05 Mbits/sec    0   2.81 KBytes       
[  5]  14.00-15.00  sec   128 KBytes  1.05 Mbits/sec    0   2.28 KBytes       
[  5]  15.00-16.00  sec  0.00 Bytes  0.00 bits/sec    0    898 Bytes       
[  5]  16.00-17.00  sec   128 KBytes  1.05 Mbits/sec    0   2.26 KBytes       
[  5]  17.00-18.00  sec   128 KBytes  1.05 Mbits/sec    0   2.69 KBytes       
[  5]  18.00-19.00  sec  0.00 Bytes  0.00 bits/sec    0   2.58 KBytes       
[  5]  19.00-20.00  sec   128 KBytes  1.05 Mbits/sec    0   2.83 KBytes       
[  5]  20.00-21.00  sec   128 KBytes  1.05 Mbits/sec    0   1.85 KBytes       
[  5]  21.00-22.00  sec  0.00 Bytes  0.00 bits/sec    0   2.41 KBytes       
[  5]  22.00-23.00  sec   128 KBytes  1.05 Mbits/sec    0   1.00 KBytes       
[  5]  23.00-24.00  sec   128 KBytes  1.05 Mbits/sec    0   1.72 KBytes       
[  5]  24.00-25.00  sec  0.00 Bytes  0.00 bits/sec    0   2.66 KBytes       
[  5]  25.00-26.00  sec   128 KBytes  1.05 Mbits/sec    0   2.34 KBytes       
[  5]  26.00-27.00  sec   128 KBytes  1.05 Mbits/sec    0   1.72 KBytes       
[  5]  27.00-28.00  sec   128 KBytes  1.05 Mbits/sec    0   2.36 KBytes       
[  5]  28.00-29.00  sec  0.00 Bytes  0.00 bits/sec    0    850 Bytes       
[  5]  29.00-30.00  sec   128 KBytes  1.05 Mbits/sec    0   2.02 KBytes       
- - - - - - - - - - - - - - - - - - - - - - - - -
[ ID] Interval           Transfer     Bitrate         Retr
[  5]   0.00-30.00  sec  2.88 MBytes   804 Kbits/sec    0             sender
[  5]   0.00-30.00  sec  2.75 MBytes   769 Kbits/sec                  receiver

iperf Done.
[QUEUE_STATS] t_ms=0 q_pkts=0 q_bytes=0 ecn_mark=0 drop_l4s=0 drop_classic=0 drop_overload=0
[QUEUE_STATS] t_ms=3.9e-05 q_pkts=0 q_bytes=0 ecn_mark=0 drop_l4s=0 drop_classic=0 drop_overload=0
[QUEUE_STATS] t_ms=4.6e-05 q_pkts=0 q_bytes=0 ecn_mark=6 drop_l4s=0 drop_classic=0 drop_overload=0
[QUEUE_STATS] t_ms=6.3e-05 q_pkts=17 q_bytes=21760 ecn_mark=18 drop_l4s=0 drop_classic=0 drop_overload=0
[QUEUE_STATS] t_ms=7.8e-05 q_pkts=28 q_bytes=34496 ecn_mark=21 drop_l4s=0 drop_classic=0 drop_overload=0
[QUEUE_STATS] t_ms=9.5e-05 q_pkts=40 q_bytes=49552 ecn_mark=22 drop_l4s=0 drop_classic=0 drop_overload=0
[QUEUE_STATS] t_ms=0.000111 q_pkts=47 q_bytes=57904 ecn_mark=25 drop_l4s=0 drop_classic=1 drop_overload=0
[QUEUE_STATS] t_ms=0.000127 q_pkts=54 q_bytes=66800 ecn_mark=27 drop_l4s=0 drop_classic=1 drop_overload=0
[QUEUE_STATS] t_ms=0.000143 q_pkts=59 q_bytes=72688 ecn_mark=28 drop_l4s=0 drop_classic=1 drop_overload=0
[QUEUE_STATS] t_ms=0.000159 q_pkts=61 q_bytes=75152 ecn_mark=29 drop_l4s=0 drop_classic=3 drop_overload=0
[QUEUE_STATS] t_ms=0.000174 q_pkts=64 q_bytes=78848 ecn_mark=29 drop_l4s=0 drop_classic=3 drop_overload=0
[QUEUE_STATS] t_ms=0.000191 q_pkts=66 q_bytes=81312 ecn_mark=31 drop_l4s=0 drop_classic=5 drop_overload=0
[QUEUE_STATS] t_ms=0.000207 q_pkts=69 q_bytes=85008 ecn_mark=32 drop_l4s=0 drop_classic=5 drop_overload=0
[QUEUE_STATS] t_ms=0.000223 q_pkts=68 q_bytes=83776 ecn_mark=32 drop_l4s=0 drop_classic=7 drop_overload=0
[QUEUE_STATS] t_ms=0.000239 q_pkts=73 q_bytes=89936 ecn_mark=34 drop_l4s=0 drop_classic=7 drop_overload=0
[QUEUE_STATS] t_ms=0.000255 q_pkts=73 q_bytes=89936 ecn_mark=34 drop_l4s=0 drop_classic=8 drop_overload=0
[QUEUE_STATS] t_ms=0.000271 q_pkts=76 q_bytes=93632 ecn_mark=34 drop_l4s=0 drop_classic=8 drop_overload=0
[QUEUE_STATS] t_ms=0.000287 q_pkts=80 q_bytes=97408 ecn_mark=35 drop_l4s=0 drop_classic=8 drop_overload=0
[QUEUE_STATS] t_ms=0.000303 q_pkts=82 q_bytes=99872 ecn_mark=36 drop_l4s=0 drop_classic=9 drop_overload=0
[QUEUE_STATS] t_ms=0.000319 q_pkts=82 q_bytes=99872 ecn_mark=37 drop_l4s=0 drop_classic=11 drop_overload=0
[QUEUE_STATS] t_ms=0.000335 q_pkts=81 q_bytes=98640 ecn_mark=39 drop_l4s=0 drop_classic=14 drop_overload=0
[QUEUE_STATS] t_ms=0.000351 q_pkts=81 q_bytes=99792 ecn_mark=39 drop_l4s=0 drop_classic=15 drop_overload=0
[QUEUE_STATS] t_ms=0.000367 q_pkts=83 q_bytes=102256 ecn_mark=39 drop_l4s=0 drop_classic=16 drop_overload=0
[QUEUE_STATS] t_ms=0.000383 q_pkts=82 q_bytes=101024 ecn_mark=41 drop_l4s=0 drop_classic=19 drop_overload=0
[QUEUE_STATS] t_ms=0.000399 q_pkts=80 q_bytes=98560 ecn_mark=42 drop_l4s=0 drop_classic=23 drop_overload=0
[QUEUE_STATS] t_ms=0.000415 q_pkts=77 q_bytes=94864 ecn_mark=43 drop_l4s=0 drop_classic=28 drop_overload=0
[QUEUE_STATS] t_ms=0.000431 q_pkts=72 q_bytes=88704 ecn_mark=44 drop_l4s=0 drop_classic=34 drop_overload=0
[QUEUE_STATS] t_ms=0.000447 q_pkts=71 q_bytes=87472 ecn_mark=45 drop_l4s=0 drop_classic=38 drop_overload=0
[QUEUE_STATS] t_ms=0.000463 q_pkts=69 q_bytes=85008 ecn_mark=46 drop_l4s=0 drop_classic=41 drop_overload=0
[QUEUE_STATS] t_ms=0.000479 q_pkts=69 q_bytes=85008 ecn_mark=46 drop_l4s=0 drop_classic=43 drop_overload=0
[QUEUE_STATS] t_ms=0.000495 q_pkts=71 q_bytes=87472 ecn_mark=46 drop_l4s=0 drop_classic=43 drop_overload=0
[QUEUE_STATS] t_ms=0.000511 q_pkts=72 q_bytes=88704 ecn_mark=48 drop_l4s=0 drop_classic=44 drop_overload=0
[QUEUE_STATS] t_ms=0.000527 q_pkts=71 q_bytes=87400 ecn_mark=49 drop_l4s=0 drop_classic=47 drop_overload=0
[QUEUE_STATS] t_ms=0.000543 q_pkts=67 q_bytes=82544 ecn_mark=51 drop_l4s=0 drop_classic=53 drop_overload=0
[QUEUE_STATS] t_ms=0.000559 q_pkts=65 q_bytes=80080 ecn_mark=52 drop_l4s=0 drop_classic=56 drop_overload=0
[QUEUE_STATS] t_ms=0.000575 q_pkts=62 q_bytes=76384 ecn_mark=54 drop_l4s=0 drop_classic=60 drop_overload=0
[QUEUE_STATS] t_ms=0.00059 q_pkts=62 q_bytes=76384 ecn_mark=55 drop_l4s=0 drop_classic=61 drop_overload=0
[QUEUE_STATS] t_ms=0.000607 q_pkts=61 q_bytes=75152 ecn_mark=57 drop_l4s=0 drop_classic=63 drop_overload=0
[QUEUE_STATS] t_ms=0.000623 q_pkts=58 q_bytes=71456 ecn_mark=58 drop_l4s=0 drop_classic=67 drop_overload=0
[QUEUE_STATS] t_ms=0.000639 q_pkts=56 q_bytes=68992 ecn_mark=60 drop_l4s=0 drop_classic=70 drop_overload=0
[QUEUE_STATS] t_ms=0.000655 q_pkts=55 q_bytes=67760 ecn_mark=61 drop_l4s=0 drop_classic=72 drop_overload=0
[QUEUE_STATS] t_ms=0.000671 q_pkts=56 q_bytes=68992 ecn_mark=62 drop_l4s=0 drop_classic=73 drop_overload=0
[QUEUE_STATS] t_ms=0.000687 q_pkts=55 q_bytes=67760 ecn_mark=62 drop_l4s=0 drop_classic=75 drop_overload=0
[QUEUE_STATS] t_ms=0.000703 q_pkts=53 q_bytes=65296 ecn_mark=64 drop_l4s=0 drop_classic=78 drop_overload=0
[QUEUE_STATS] t_ms=0.000719 q_pkts=51 q_bytes=62832 ecn_mark=65 drop_l4s=0 drop_classic=81 drop_overload=0
[QUEUE_STATS] t_ms=0.000735 q_pkts=52 q_bytes=64064 ecn_mark=66 drop_l4s=0 drop_classic=82 drop_overload=0
[QUEUE_STATS] t_ms=0.000751 q_pkts=47 q_bytes=57904 ecn_mark=67 drop_l4s=0 drop_classic=88 drop_overload=0
[QUEUE_STATS] t_ms=0.000767 q_pkts=43 q_bytes=52976 ecn_mark=68 drop_l4s=0 drop_classic=93 drop_overload=0
[QUEUE_STATS] t_ms=0.000783 q_pkts=42 q_bytes=51744 ecn_mark=69 drop_l4s=0 drop_classic=94 drop_overload=0
[QUEUE_STATS] t_ms=0.000799 q_pkts=38 q_bytes=46816 ecn_mark=71 drop_l4s=0 drop_classic=99 drop_overload=0
[QUEUE_STATS] t_ms=0.000815 q_pkts=37 q_bytes=45584 ecn_mark=73 drop_l4s=0 drop_classic=101 drop_overload=0
[QUEUE_STATS] t_ms=0.000831 q_pkts=37 q_bytes=44432 ecn_mark=74 drop_l4s=0 drop_classic=103 drop_overload=0
[QUEUE_STATS] t_ms=0.000847 q_pkts=31 q_bytes=38192 ecn_mark=76 drop_l4s=0 drop_classic=109 drop_overload=0
[QUEUE_STATS] t_ms=0.000863 q_pkts=27 q_bytes=33264 ecn_mark=77 drop_l4s=0 drop_classic=113 drop_overload=0
[QUEUE_STATS] t_ms=0.000879 q_pkts=27 q_bytes=32685 ecn_mark=77 drop_l4s=0 drop_classic=115 drop_overload=0
[QUEUE_STATS] t_ms=0.000895 q_pkts=27 q_bytes=33264 ecn_mark=78 drop_l4s=0 drop_classic=116 drop_overload=0
[QUEUE_STATS] t_ms=0.000911 q_pkts=25 q_bytes=30221 ecn_mark=78 drop_l4s=0 drop_classic=120 drop_overload=0
[QUEUE_STATS] t_ms=0.000927 q_pkts=25 q_bytes=30800 ecn_mark=79 drop_l4s=0 drop_classic=120 drop_overload=0
[QUEUE_STATS] t_ms=0.000943 q_pkts=26 q_bytes=32032 ecn_mark=80 drop_l4s=0 drop_classic=121 drop_overload=0
[QUEUE_STATS] t_ms=0.000959 q_pkts=28 q_bytes=34496 ecn_mark=82 drop_l4s=0 drop_classic=121 drop_overload=0
[QUEUE_STATS] t_ms=0.000975 q_pkts=25 q_bytes=30800 ecn_mark=82 drop_l4s=0 drop_classic=126 drop_overload=0
[QUEUE_STATS] t_ms=0.000991 q_pkts=22 q_bytes=27104 ecn_mark=82 drop_l4s=0 drop_classic=130 drop_overload=0
[QUEUE_STATS] t_ms=0.001007 q_pkts=24 q_bytes=29840 ecn_mark=82 drop_l4s=0 drop_classic=131 drop_overload=0
[QUEUE_STATS] t_ms=0.001023 q_pkts=21 q_bytes=25872 ecn_mark=83 drop_l4s=0 drop_classic=135 drop_overload=0
[QUEUE_STATS] t_ms=0.001039 q_pkts=21 q_bytes=25872 ecn_mark=84 drop_l4s=0 drop_classic=137 drop_overload=0
[QUEUE_STATS] t_ms=0.001055 q_pkts=24 q_bytes=29568 ecn_mark=86 drop_l4s=0 drop_classic=137 drop_overload=0
[QUEUE_STATS] t_ms=0.001071 q_pkts=24 q_bytes=29568 ecn_mark=87 drop_l4s=0 drop_classic=139 drop_overload=0
[QUEUE_STATS] t_ms=0.001087 q_pkts=24 q_bytes=29019 ecn_mark=87 drop_l4s=0 drop_classic=140 drop_overload=0
[QUEUE_STATS] t_ms=0.001103 q_pkts=21 q_bytes=25872 ecn_mark=88 drop_l4s=0 drop_classic=144 drop_overload=0
[QUEUE_STATS] t_ms=0.001118 q_pkts=22 q_bytes=27104 ecn_mark=88 drop_l4s=0 drop_classic=144 drop_overload=0
[QUEUE_STATS] t_ms=0.001134 q_pkts=22 q_bytes=27104 ecn_mark=89 drop_l4s=0 drop_classic=146 drop_overload=0
[QUEUE_STATS] t_ms=0.001151 q_pkts=22 q_bytes=27104 ecn_mark=91 drop_l4s=0 drop_classic=149 drop_overload=0
[QUEUE_STATS] t_ms=0.001167 q_pkts=22 q_bytes=27104 ecn_mark=91 drop_l4s=0 drop_classic=150 drop_overload=0
[QUEUE_STATS] t_ms=0.001183 q_pkts=24 q_bytes=29568 ecn_mark=91 drop_l4s=0 drop_classic=151 drop_overload=0
[QUEUE_STATS] t_ms=0.001199 q_pkts=21 q_bytes=25872 ecn_mark=93 drop_l4s=0 drop_classic=156 drop_overload=0
[QUEUE_STATS] t_ms=0.001215 q_pkts=23 q_bytes=28336 ecn_mark=94 drop_l4s=0 drop_classic=156 drop_overload=0
[QUEUE_STATS] t_ms=0.001231 q_pkts=21 q_bytes=26144 ecn_mark=94 drop_l4s=0 drop_classic=160 drop_overload=0
[QUEUE_STATS] t_ms=0.001247 q_pkts=21 q_bytes=25872 ecn_mark=96 drop_l4s=0 drop_classic=162 drop_overload=0
[QUEUE_STATS] t_ms=0.001263 q_pkts=22 q_bytes=27104 ecn_mark=98 drop_l4s=0 drop_classic=163 drop_overload=0
[QUEUE_STATS] t_ms=0.001279 q_pkts=21 q_bytes=25872 ecn_mark=98 drop_l4s=0 drop_classic=165 drop_overload=0
[QUEUE_STATS] t_ms=0.001295 q_pkts=21 q_bytes=25905 ecn_mark=98 drop_l4s=0 drop_classic=167 drop_overload=0
[QUEUE_STATS] t_ms=0.001311 q_pkts=18 q_bytes=22176 ecn_mark=99 drop_l4s=0 drop_classic=172 drop_overload=0
[QUEUE_STATS] t_ms=0.001327 q_pkts=18 q_bytes=22176 ecn_mark=99 drop_l4s=0 drop_classic=173 drop_overload=0
[QUEUE_STATS] t_ms=0.001343 q_pkts=20 q_bytes=24640 ecn_mark=101 drop_l4s=0 drop_classic=174 drop_overload=0
[QUEUE_STATS] t_ms=0.001359 q_pkts=19 q_bytes=23408 ecn_mark=102 drop_l4s=0 drop_classic=176 drop_overload=0
[QUEUE_STATS] t_ms=0.001375 q_pkts=18 q_bytes=22176 ecn_mark=103 drop_l4s=0 drop_classic=179 drop_overload=0
[QUEUE_STATS] t_ms=0.001391 q_pkts=18 q_bytes=22176 ecn_mark=104 drop_l4s=0 drop_classic=180 drop_overload=0
[QUEUE_STATS] t_ms=0.001407 q_pkts=17 q_bytes=20944 ecn_mark=105 drop_l4s=0 drop_classic=183 drop_overload=0
[QUEUE_STATS] t_ms=0.001423 q_pkts=17 q_bytes=20944 ecn_mark=105 drop_l4s=0 drop_classic=185 drop_overload=0
[QUEUE_STATS] t_ms=0.001439 q_pkts=19 q_bytes=23408 ecn_mark=106 drop_l4s=0 drop_classic=185 drop_overload=0
[QUEUE_STATS] t_ms=0.001455 q_pkts=22 q_bytes=27104 ecn_mark=107 drop_l4s=0 drop_classic=185 drop_overload=0
[QUEUE_STATS] t_ms=0.001471 q_pkts=18 q_bytes=22176 ecn_mark=108 drop_l4s=0 drop_classic=190 drop_overload=0
[QUEUE_STATS] t_ms=0.001487 q_pkts=19 q_bytes=23408 ecn_mark=109 drop_l4s=0 drop_classic=192 drop_overload=0
[QUEUE_STATS] t_ms=0.001503 q_pkts=20 q_bytes=24640 ecn_mark=111 drop_l4s=0 drop_classic=193 drop_overload=0
[QUEUE_STATS] t_ms=0.001519 q_pkts=21 q_bytes=25872 ecn_mark=112 drop_l4s=0 drop_classic=193 drop_overload=0
[QUEUE_STATS] t_ms=0.001535 q_pkts=22 q_bytes=27104 ecn_mark=113 drop_l4s=0 drop_classic=194 drop_overload=0
[QUEUE_STATS] t_ms=0.00155 q_pkts=19 q_bytes=23408 ecn_mark=114 drop_l4s=0 drop_classic=198 drop_overload=0
[QUEUE_STATS] t_ms=0.001567 q_pkts=18 q_bytes=22176 ecn_mark=115 drop_l4s=0 drop_classic=200 drop_overload=0
[QUEUE_STATS] t_ms=0.001583 q_pkts=19 q_bytes=23408 ecn_mark=116 drop_l4s=0 drop_classic=201 drop_overload=0
[QUEUE_STATS] t_ms=0.001599 q_pkts=16 q_bytes=19712 ecn_mark=118 drop_l4s=0 drop_classic=206 drop_overload=0
[QUEUE_STATS] t_ms=0.001615 q_pkts=17 q_bytes=20944 ecn_mark=119 drop_l4s=0 drop_classic=207 drop_overload=0
[QUEUE_STATS] t_ms=0.001631 q_pkts=15 q_bytes=18480 ecn_mark=120 drop_l4s=0 drop_classic=210 drop_overload=0
[QUEUE_STATS] t_ms=0.001647 q_pkts=16 q_bytes=19712 ecn_mark=120 drop_l4s=0 drop_classic=210 drop_overload=0
[QUEUE_STATS] t_ms=0.001663 q_pkts=19 q_bytes=23208 ecn_mark=120 drop_l4s=0 drop_classic=210 drop_overload=0
[QUEUE_STATS] t_ms=0.001679 q_pkts=18 q_bytes=22176 ecn_mark=121 drop_l4s=0 drop_classic=212 drop_overload=0
[QUEUE_STATS] t_ms=0.001695 q_pkts=18 q_bytes=22176 ecn_mark=122 drop_l4s=0 drop_classic=214 drop_overload=0
[QUEUE_STATS] t_ms=0.001711 q_pkts=15 q_bytes=18480 ecn_mark=123 drop_l4s=0 drop_classic=219 drop_overload=0
[QUEUE_STATS] t_ms=0.001727 q_pkts=15 q_bytes=18480 ecn_mark=124 drop_l4s=0 drop_classic=221 drop_overload=0
[QUEUE_STATS] t_ms=0.001743 q_pkts=15 q_bytes=18480 ecn_mark=124 drop_l4s=0 drop_classic=222 drop_overload=0
[QUEUE_STATS] t_ms=0.001759 q_pkts=17 q_bytes=20944 ecn_mark=125 drop_l4s=0 drop_classic=222 drop_overload=0
[QUEUE_STATS] t_ms=0.001775 q_pkts=17 q_bytes=20944 ecn_mark=126 drop_l4s=0 drop_classic=224 drop_overload=0
[QUEUE_STATS] t_ms=0.001791 q_pkts=17 q_bytes=20944 ecn_mark=126 drop_l4s=0 drop_classic=226 drop_overload=0
[QUEUE_STATS] t_ms=0.001807 q_pkts=19 q_bytes=23408 ecn_mark=128 drop_l4s=0 drop_classic=226 drop_overload=0
[QUEUE_STATS] t_ms=0.001823 q_pkts=14 q_bytes=17248 ecn_mark=129 drop_l4s=0 drop_classic=232 drop_overload=0
[QUEUE_STATS] t_ms=0.001839 q_pkts=17 q_bytes=20402 ecn_mark=130 drop_l4s=0 drop_classic=232 drop_overload=0
[QUEUE_STATS] t_ms=0.001855 q_pkts=15 q_bytes=18480 ecn_mark=132 drop_l4s=0 drop_classic=234 drop_overload=0
[QUEUE_STATS] t_ms=0.001871 q_pkts=17 q_bytes=20186 ecn_mark=133 drop_l4s=0 drop_classic=234 drop_overload=0
[QUEUE_STATS] t_ms=0.001887 q_pkts=14 q_bytes=17248 ecn_mark=134 drop_l4s=0 drop_classic=238 drop_overload=0
[QUEUE_STATS] t_ms=0.001903 q_pkts=12 q_bytes=14784 ecn_mark=134 drop_l4s=0 drop_classic=241 drop_overload=0
[QUEUE_STATS] t_ms=0.001919 q_pkts=12 q_bytes=14784 ecn_mark=135 drop_l4s=0 drop_classic=243 drop_overload=0
[QUEUE_STATS] t_ms=0.001935 q_pkts=12 q_bytes=14603 ecn_mark=135 drop_l4s=0 drop_classic=246 drop_overload=0
[QUEUE_STATS] t_ms=0.001951 q_pkts=7 q_bytes=8624 ecn_mark=137 drop_l4s=0 drop_classic=252 drop_overload=0
[QUEUE_STATS] t_ms=0.001967 q_pkts=7 q_bytes=8624 ecn_mark=137 drop_l4s=0 drop_classic=254 drop_overload=0
[QUEUE_STATS] t_ms=0.001983 q_pkts=9 q_bytes=11088 ecn_mark=137 drop_l4s=0 drop_classic=254 drop_overload=0
[QUEUE_STATS] t_ms=0.001999 q_pkts=9 q_bytes=11088 ecn_mark=138 drop_l4s=0 drop_classic=257 drop_overload=0
[QUEUE_STATS] t_ms=0.002015 q_pkts=11 q_bytes=13552 ecn_mark=139 drop_l4s=0 drop_classic=258 drop_overload=0
[QUEUE_STATS] t_ms=0.002031 q_pkts=8 q_bytes=9856 ecn_mark=140 drop_l4s=0 drop_classic=263 drop_overload=0
[QUEUE_STATS] t_ms=0.002047 q_pkts=8 q_bytes=9856 ecn_mark=140 drop_l4s=0 drop_classic=265 drop_overload=0
[QUEUE_STATS] t_ms=0.002063 q_pkts=10 q_bytes=12385 ecn_mark=141 drop_l4s=0 drop_classic=266 drop_overload=0
[QUEUE_STATS] t_ms=0.002079 q_pkts=9 q_bytes=11088 ecn_mark=142 drop_l4s=0 drop_classic=268 drop_overload=0
[QUEUE_STATS] t_ms=0.002095 q_pkts=11 q_bytes=13552 ecn_mark=143 drop_l4s=0 drop_classic=269 drop_overload=0
[QUEUE_STATS] t_ms=0.002111 q_pkts=13 q_bytes=16016 ecn_mark=143 drop_l4s=0 drop_classic=269 drop_overload=0
[QUEUE_STATS] t_ms=0.002127 q_pkts=16 q_bytes=19712 ecn_mark=144 drop_l4s=0 drop_classic=269 drop_overload=0
[QUEUE_STATS] t_ms=0.002143 q_pkts=18 q_bytes=22176 ecn_mark=145 drop_l4s=0 drop_classic=270 drop_overload=0
[QUEUE_STATS] t_ms=0.002159 q_pkts=16 q_bytes=19712 ecn_mark=145 drop_l4s=0 drop_classic=273 drop_overload=0
[QUEUE_STATS] t_ms=0.002175 q_pkts=18 q_bytes=22176 ecn_mark=147 drop_l4s=0 drop_classic=274 drop_overload=0
[QUEUE_STATS] t_ms=0.002191 q_pkts=18 q_bytes=22176 ecn_mark=147 drop_l4s=0 drop_classic=276 drop_overload=0
[QUEUE_STATS] t_ms=0.002207 q_pkts=19 q_bytes=23408 ecn_mark=148 drop_l4s=0 drop_classic=278 drop_overload=0
[QUEUE_STATS] t_ms=0.002223 q_pkts=20 q_bytes=24640 ecn_mark=148 drop_l4s=0 drop_classic=279 drop_overload=0
[QUEUE_STATS] t_ms=0.002239 q_pkts=21 q_bytes=25872 ecn_mark=149 drop_l4s=0 drop_classic=281 drop_overload=0
[QUEUE_STATS] t_ms=0.002255 q_pkts=22 q_bytes=27104 ecn_mark=151 drop_l4s=0 drop_classic=283 drop_overload=0
[QUEUE_STATS] t_ms=0.002271 q_pkts=20 q_bytes=24640 ecn_mark=152 drop_l4s=0 drop_classic=286 drop_overload=0
[QUEUE_STATS] t_ms=0.002287 q_pkts=21 q_bytes=25872 ecn_mark=153 drop_l4s=0 drop_classic=288 drop_overload=0
[QUEUE_STATS] t_ms=0.002303 q_pkts=22 q_bytes=27104 ecn_mark=154 drop_l4s=0 drop_classic=289 drop_overload=0
[QUEUE_STATS] t_ms=0.002319 q_pkts=16 q_bytes=19712 ecn_mark=155 drop_l4s=0 drop_classic=296 drop_overload=0
[QUEUE_STATS] t_ms=0.002335 q_pkts=18 q_bytes=22196 ecn_mark=156 drop_l4s=0 drop_classic=297 drop_overload=0
[QUEUE_STATS] t_ms=0.002351 q_pkts=20 q_bytes=24640 ecn_mark=157 drop_l4s=0 drop_classic=297 drop_overload=0
[QUEUE_STATS] t_ms=0.002367 q_pkts=19 q_bytes=23408 ecn_mark=157 drop_l4s=0 drop_classic=299 drop_overload=0
[QUEUE_STATS] t_ms=0.002383 q_pkts=20 q_bytes=24640 ecn_mark=158 drop_l4s=0 drop_classic=301 drop_overload=0
[QUEUE_STATS] t_ms=0.002399 q_pkts=16 q_bytes=19712 ecn_mark=159 drop_l4s=0 drop_classic=307 drop_overload=0
[QUEUE_STATS] t_ms=0.002415 q_pkts=17 q_bytes=20944 ecn_mark=161 drop_l4s=0 drop_classic=308 drop_overload=0
[QUEUE_STATS] t_ms=0.002431 q_pkts=19 q_bytes=23408 ecn_mark=161 drop_l4s=0 drop_classic=308 drop_overload=0
[QUEUE_STATS] t_ms=0.002447 q_pkts=18 q_bytes=22176 ecn_mark=162 drop_l4s=0 drop_classic=310 drop_overload=0
[QUEUE_STATS] t_ms=0.002463 q_pkts=11 q_bytes=13552 ecn_mark=164 drop_l4s=0 drop_classic=319 drop_overload=0
[QUEUE_STATS] t_ms=0.002479 q_pkts=9 q_bytes=11088 ecn_mark=165 drop_l4s=0 drop_classic=322 drop_overload=0
[QUEUE_STATS] t_ms=0.002495 q_pkts=9 q_bytes=11088 ecn_mark=165 drop_l4s=0 drop_classic=324 drop_overload=0
[QUEUE_STATS] t_ms=0.002511 q_pkts=10 q_bytes=12138 ecn_mark=165 drop_l4s=0 drop_classic=325 drop_overload=0
[QUEUE_STATS] t_ms=0.002527 q_pkts=8 q_bytes=9856 ecn_mark=166 drop_l4s=0 drop_classic=328 drop_overload=0
[QUEUE_STATS] t_ms=0.002543 q_pkts=8 q_bytes=9856 ecn_mark=167 drop_l4s=0 drop_classic=330 drop_overload=0
[QUEUE_STATS] t_ms=0.002559 q_pkts=11 q_bytes=13821 ecn_mark=168 drop_l4s=0 drop_classic=330 drop_overload=0
[QUEUE_STATS] t_ms=0.002575 q_pkts=9 q_bytes=11357 ecn_mark=169 drop_l4s=0 drop_classic=334 drop_overload=0
[QUEUE_STATS] t_ms=0.002591 q_pkts=9 q_bytes=10620 ecn_mark=170 drop_l4s=0 drop_classic=335 drop_overload=0
[QUEUE_STATS] t_ms=0.002607 q_pkts=9 q_bytes=11088 ecn_mark=172 drop_l4s=0 drop_classic=336 drop_overload=0
[QUEUE_STATS] t_ms=0.002623 q_pkts=11 q_bytes=12856 ecn_mark=173 drop_l4s=0 drop_classic=336 drop_overload=0
[QUEUE_STATS] t_ms=0.002639 q_pkts=10 q_bytes=12320 ecn_mark=173 drop_l4s=0 drop_classic=337 drop_overload=0
[QUEUE_STATS] t_ms=0.002655 q_pkts=10 q_bytes=12320 ecn_mark=174 drop_l4s=0 drop_classic=339 drop_overload=0
[QUEUE_STATS] t_ms=0.002671 q_pkts=12 q_bytes=14784 ecn_mark=174 drop_l4s=0 drop_classic=339 drop_overload=0
[QUEUE_STATS] t_ms=0.002687 q_pkts=13 q_bytes=16016 ecn_mark=174 drop_l4s=0 drop_classic=339 drop_overload=0
[QUEUE_STATS] t_ms=0.002703 q_pkts=14 q_bytes=17248 ecn_mark=176 drop_l4s=0 drop_classic=341 drop_overload=0
[QUEUE_STATS] t_ms=0.002719 q_pkts=14 q_bytes=17248 ecn_mark=176 drop_l4s=0 drop_classic=343 drop_overload=0
[QUEUE_STATS] t_ms=0.002735 q_pkts=16 q_bytes=19712 ecn_mark=176 drop_l4s=0 drop_classic=343 drop_overload=0
[QUEUE_STATS] t_ms=0.002751 q_pkts=18 q_bytes=22176 ecn_mark=177 drop_l4s=0 drop_classic=344 drop_overload=0
[QUEUE_STATS] t_ms=0.002767 q_pkts=20 q_bytes=24640 ecn_mark=178 drop_l4s=0 drop_classic=345 drop_overload=0
[QUEUE_STATS] t_ms=0.002783 q_pkts=21 q_bytes=25872 ecn_mark=179 drop_l4s=0 drop_classic=346 drop_overload=0
[QUEUE_STATS] t_ms=0.002799 q_pkts=22 q_bytes=27104 ecn_mark=179 drop_l4s=0 drop_classic=347 drop_overload=0
[QUEUE_STATS] t_ms=0.002815 q_pkts=24 q_bytes=29568 ecn_mark=180 drop_l4s=0 drop_classic=348 drop_overload=0
[QUEUE_STATS] t_ms=0.002831 q_pkts=24 q_bytes=29568 ecn_mark=182 drop_l4s=0 drop_classic=351 drop_overload=0
[QUEUE_STATS] t_ms=0.002847 q_pkts=25 q_bytes=30800 ecn_mark=183 drop_l4s=0 drop_classic=351 drop_overload=0
[QUEUE_STATS] t_ms=0.002863 q_pkts=27 q_bytes=33264 ecn_mark=184 drop_l4s=0 drop_classic=352 drop_overload=0
[QUEUE_STATS] t_ms=0.002879 q_pkts=28 q_bytes=34496 ecn_mark=184 drop_l4s=0 drop_classic=353 drop_overload=0
[QUEUE_STATS] t_ms=0.002895 q_pkts=28 q_bytes=34496 ecn_mark=185 drop_l4s=0 drop_classic=355 drop_overload=0
[QUEUE_STATS] t_ms=0.002911 q_pkts=30 q_bytes=36960 ecn_mark=186 drop_l4s=0 drop_classic=355 drop_overload=0
[QUEUE_STATS] t_ms=0.002927 q_pkts=31 q_bytes=38192 ecn_mark=186 drop_l4s=0 drop_classic=356 drop_overload=0
[QUEUE_STATS] t_ms=0.002943 q_pkts=34 q_bytes=41888 ecn_mark=188 drop_l4s=0 drop_classic=356 drop_overload=0
[QUEUE_STATS] t_ms=0.002959 q_pkts=33 q_bytes=40656 ecn_mark=188 drop_l4s=0 drop_classic=358 drop_overload=0
[QUEUE_STATS] t_ms=0.002974 q_pkts=34 q_bytes=41888 ecn_mark=189 drop_l4s=0 drop_classic=359 drop_overload=0
[QUEUE_STATS] t_ms=0.002991 q_pkts=37 q_bytes=45584 ecn_mark=190 drop_l4s=0 drop_classic=359 drop_overload=0
[QUEUE_STATS] t_ms=0.003007 q_pkts=35 q_bytes=43120 ecn_mark=191 drop_l4s=0 drop_classic=363 drop_overload=0
[QUEUE_STATS] t_ms=0.003023 q_pkts=36 q_bytes=44352 ecn_mark=191 drop_l4s=0 drop_classic=363 drop_overload=0
[QUEUE_STATS] t_ms=0.003039 q_pkts=39 q_bytes=48048 ecn_mark=192 drop_l4s=0 drop_classic=363 drop_overload=0
[QUEUE_STATS] t_ms=0.003055 q_pkts=38 q_bytes=46816 ecn_mark=193 drop_l4s=0 drop_classic=365 drop_overload=0
[QUEUE_STATS] t_ms=0.003071 q_pkts=40 q_bytes=49280 ecn_mark=195 drop_l4s=0 drop_classic=366 drop_overload=0
[QUEUE_STATS] t_ms=0.003087 q_pkts=38 q_bytes=46816 ecn_mark=196 drop_l4s=0 drop_classic=369 drop_overload=0
[QUEUE_STATS] t_ms=0.003103 q_pkts=34 q_bytes=41576 ecn_mark=197 drop_l4s=0 drop_classic=376 drop_overload=0
[QUEUE_STATS] t_ms=0.003119 q_pkts=35 q_bytes=43120 ecn_mark=199 drop_l4s=0 drop_classic=376 drop_overload=0
[QUEUE_STATS] t_ms=0.003134 q_pkts=35 q_bytes=43120 ecn_mark=199 drop_l4s=0 drop_classic=377 drop_overload=0
[QUEUE_STATS] t_ms=0.003151 q_pkts=33 q_bytes=40047 ecn_mark=201 drop_l4s=0 drop_classic=381 drop_overload=0
[QUEUE_STATS] t_ms=0.003167 q_pkts=29 q_bytes=35728 ecn_mark=203 drop_l4s=0 drop_classic=386 drop_overload=0
[QUEUE_STATS] t_ms=0.003183 q_pkts=27 q_bytes=32463 ecn_mark=204 drop_l4s=0 drop_classic=390 drop_overload=0
[QUEUE_STATS] t_ms=0.003199 q_pkts=25 q_bytes=30800 ecn_mark=206 drop_l4s=0 drop_classic=392 drop_overload=0
[QUEUE_STATS] t_ms=0.003215 q_pkts=23 q_bytes=28336 ecn_mark=208 drop_l4s=0 drop_classic=395 drop_overload=0
[QUEUE_STATS] t_ms=0.003231 q_pkts=20 q_bytes=23702 ecn_mark=209 drop_l4s=0 drop_classic=399 drop_overload=0
[QUEUE_STATS] t_ms=0.003247 q_pkts=18 q_bytes=22176 ecn_mark=211 drop_l4s=0 drop_classic=401 drop_overload=0
[QUEUE_STATS] t_ms=0.003263 q_pkts=18 q_bytes=22176 ecn_mark=212 drop_l4s=0 drop_classic=402 drop_overload=0
[QUEUE_STATS] t_ms=0.003279 q_pkts=16 q_bytes=18857 ecn_mark=214 drop_l4s=0 drop_classic=407 drop_overload=0
[QUEUE_STATS] t_ms=0.003295 q_pkts=16 q_bytes=19712 ecn_mark=216 drop_l4s=0 drop_classic=407 drop_overload=0
[QUEUE_STATS] t_ms=0.003311 q_pkts=17 q_bytes=20944 ecn_mark=216 drop_l4s=0 drop_classic=408 drop_overload=0
[QUEUE_STATS] t_ms=0.003327 q_pkts=16 q_bytes=19701 ecn_mark=216 drop_l4s=0 drop_classic=411 drop_overload=0
[QUEUE_STATS] t_ms=0.003343 q_pkts=14 q_bytes=17248 ecn_mark=217 drop_l4s=0 drop_classic=414 drop_overload=0
[QUEUE_STATS] t_ms=0.003359 q_pkts=14 q_bytes=17248 ecn_mark=218 drop_l4s=0 drop_classic=416 drop_overload=0
[QUEUE_STATS] t_ms=0.003375 q_pkts=14 q_bytes=17248 ecn_mark=220 drop_l4s=0 drop_classic=418 drop_overload=0
[QUEUE_STATS] t_ms=0.003391 q_pkts=11 q_bytes=13552 ecn_mark=221 drop_l4s=0 drop_classic=422 drop_overload=0
[QUEUE_STATS] t_ms=0.003407 q_pkts=11 q_bytes=13552 ecn_mark=222 drop_l4s=0 drop_classic=423 drop_overload=0
[QUEUE_STATS] t_ms=0.003423 q_pkts=12 q_bytes=14784 ecn_mark=222 drop_l4s=0 drop_classic=423 drop_overload=0
[QUEUE_STATS] t_ms=0.003439 q_pkts=14 q_bytes=16830 ecn_mark=222 drop_l4s=0 drop_classic=423 drop_overload=0
[QUEUE_STATS] t_ms=0.003455 q_pkts=10 q_bytes=12320 ecn_mark=223 drop_l4s=0 drop_classic=428 drop_overload=0
[QUEUE_STATS] t_ms=0.003471 q_pkts=9 q_bytes=11088 ecn_mark=224 drop_l4s=0 drop_classic=431 drop_overload=0
[QUEUE_STATS] t_ms=0.003487 q_pkts=9 q_bytes=11088 ecn_mark=225 drop_l4s=0 drop_classic=432 drop_overload=0
[QUEUE_STATS] t_ms=0.003503 q_pkts=8 q_bytes=9856 ecn_mark=226 drop_l4s=0 drop_classic=435 drop_overload=0
[QUEUE_STATS] t_ms=0.003519 q_pkts=8 q_bytes=9856 ecn_mark=227 drop_l4s=0 drop_classic=436 drop_overload=0
[QUEUE_STATS] t_ms=0.003535 q_pkts=9 q_bytes=11088 ecn_mark=228 drop_l4s=0 drop_classic=437 drop_overload=0
[QUEUE_STATS] t_ms=0.003551 q_pkts=8 q_bytes=9856 ecn_mark=230 drop_l4s=0 drop_classic=439 drop_overload=0
[QUEUE_STATS] t_ms=0.003567 q_pkts=7 q_bytes=8624 ecn_mark=231 drop_l4s=0 drop_classic=441 drop_overload=0
[QUEUE_STATS] t_ms=0.003583 q_pkts=9 q_bytes=11088 ecn_mark=232 drop_l4s=0 drop_classic=441 drop_overload=0
[QUEUE_STATS] t_ms=0.003599 q_pkts=9 q_bytes=10367 ecn_mark=233 drop_l4s=0 drop_classic=443 drop_overload=0
[QUEUE_STATS] t_ms=0.003615 q_pkts=10 q_bytes=11599 ecn_mark=234 drop_l4s=0 drop_classic=443 drop_overload=0
[QUEUE_STATS] t_ms=0.003631 q_pkts=8 q_bytes=9856 ecn_mark=235 drop_l4s=0 drop_classic=446 drop_overload=0
[QUEUE_STATS] t_ms=0.003647 q_pkts=6 q_bytes=7392 ecn_mark=236 drop_l4s=0 drop_classic=449 drop_overload=0
[QUEUE_STATS] t_ms=0.003663 q_pkts=6 q_bytes=7392 ecn_mark=238 drop_l4s=0 drop_classic=451 drop_overload=0
[QUEUE_STATS] t_ms=0.003679 q_pkts=5 q_bytes=6160 ecn_mark=240 drop_l4s=0 drop_classic=454 drop_overload=0
[QUEUE_STATS] t_ms=0.003695 q_pkts=3 q_bytes=3696 ecn_mark=240 drop_l4s=0 drop_classic=457 drop_overload=0
[QUEUE_STATS] t_ms=0.00371 q_pkts=3 q_bytes=3696 ecn_mark=240 drop_l4s=0 drop_classic=458 drop_overload=0
[QUEUE_STATS] t_ms=0.003727 q_pkts=3 q_bytes=3696 ecn_mark=242 drop_l4s=0 drop_classic=461 drop_overload=0
[QUEUE_STATS] t_ms=0.003743 q_pkts=4 q_bytes=4928 ecn_mark=242 drop_l4s=0 drop_classic=462 drop_overload=0
[QUEUE_STATS] t_ms=0.003759 q_pkts=5 q_bytes=6160 ecn_mark=243 drop_l4s=0 drop_classic=462 drop_overload=0
[QUEUE_STATS] t_ms=0.003775 q_pkts=5 q_bytes=6160 ecn_mark=244 drop_l4s=0 drop_classic=464 drop_overload=0
[QUEUE_STATS] t_ms=0.003791 q_pkts=4 q_bytes=4928 ecn_mark=244 drop_l4s=0 drop_classic=466 drop_overload=0
[QUEUE_STATS] t_ms=0.003807 q_pkts=3 q_bytes=3696 ecn_mark=245 drop_l4s=0 drop_classic=469 drop_overload=0
[QUEUE_STATS] t_ms=0.003823 q_pkts=3 q_bytes=3696 ecn_mark=245 drop_l4s=0 drop_classic=471 drop_overload=0
[QUEUE_STATS] t_ms=0.003839 q_pkts=4 q_bytes=4928 ecn_mark=246 drop_l4s=0 drop_classic=472 drop_overload=0
[QUEUE_STATS] t_ms=0.003855 q_pkts=5 q_bytes=6160 ecn_mark=248 drop_l4s=0 drop_classic=473 drop_overload=0
[QUEUE_STATS] t_ms=0.003871 q_pkts=5 q_bytes=6160 ecn_mark=249 drop_l4s=0 drop_classic=474 drop_overload=0
[QUEUE_STATS] t_ms=0.003887 q_pkts=7 q_bytes=8624 ecn_mark=251 drop_l4s=0 drop_classic=474 drop_overload=0
[QUEUE_STATS] t_ms=0.003903 q_pkts=6 q_bytes=7392 ecn_mark=252 drop_l4s=0 drop_classic=476 drop_overload=0
[QUEUE_STATS] t_ms=0.003919 q_pkts=7 q_bytes=8624 ecn_mark=252 drop_l4s=0 drop_classic=476 drop_overload=0
[QUEUE_STATS] t_ms=0.003935 q_pkts=5 q_bytes=6160 ecn_mark=253 drop_l4s=0 drop_classic=480 drop_overload=0
[QUEUE_STATS] t_ms=0.003951 q_pkts=5 q_bytes=6160 ecn_mark=254 drop_l4s=0 drop_classic=482 drop_overload=0
[QUEUE_STATS] t_ms=0.003967 q_pkts=6 q_bytes=7392 ecn_mark=254 drop_l4s=0 drop_classic=482 drop_overload=0
[QUEUE_STATS] t_ms=0.003983 q_pkts=8 q_bytes=9856 ecn_mark=254 drop_l4s=0 drop_classic=482 drop_overload=0
[QUEUE_STATS] t_ms=0.003999 q_pkts=11 q_bytes=13552 ecn_mark=254 drop_l4s=0 drop_classic=482 drop_overload=0
[QUEUE_STATS] t_ms=0.004015 q_pkts=14 q_bytes=17248 ecn_mark=254 drop_l4s=0 drop_classic=482 drop_overload=0
[QUEUE_STATS] t_ms=0.004031 q_pkts=17 q_bytes=20944 ecn_mark=256 drop_l4s=0 drop_classic=483 drop_overload=0
[QUEUE_STATS] t_ms=0.004047 q_pkts=19 q_bytes=23408 ecn_mark=257 drop_l4s=0 drop_classic=484 drop_overload=0
[QUEUE_STATS] t_ms=0.004063 q_pkts=19 q_bytes=23408 ecn_mark=257 drop_l4s=0 drop_classic=487 drop_overload=0
[QUEUE_STATS] t_ms=0.004079 q_pkts=22 q_bytes=27104 ecn_mark=258 drop_l4s=0 drop_classic=487 drop_overload=0
[QUEUE_STATS] t_ms=0.004095 q_pkts=25 q_bytes=31072 ecn_mark=259 drop_l4s=0 drop_classic=488 drop_overload=0
[QUEUE_STATS] t_ms=0.004111 q_pkts=28 q_bytes=34496 ecn_mark=261 drop_l4s=0 drop_classic=488 drop_overload=0
[QUEUE_STATS] t_ms=0.004127 q_pkts=31 q_bytes=38192 ecn_mark=262 drop_l4s=0 drop_classic=488 drop_overload=0
[QUEUE_STATS] t_ms=0.004143 q_pkts=33 q_bytes=40656 ecn_mark=264 drop_l4s=0 drop_classic=489 drop_overload=0
[QUEUE_STATS] t_ms=0.004159 q_pkts=29 q_bytes=35728 ecn_mark=265 drop_l4s=0 drop_classic=494 drop_overload=0
[QUEUE_STATS] t_ms=0.004175 q_pkts=30 q_bytes=36960 ecn_mark=267 drop_l4s=0 drop_classic=496 drop_overload=0
[QUEUE_STATS] t_ms=0.004191 q_pkts=28 q_bytes=34496 ecn_mark=268 drop_l4s=0 drop_classic=500 drop_overload=0
[QUEUE_STATS] t_ms=0.004207 q_pkts=27 q_bytes=33264 ecn_mark=269 drop_l4s=0 drop_classic=502 drop_overload=0
[QUEUE_STATS] t_ms=0.004223 q_pkts=27 q_bytes=33264 ecn_mark=269 drop_l4s=0 drop_classic=504 drop_overload=0
[QUEUE_STATS] t_ms=0.004238 q_pkts=24 q_bytes=29568 ecn_mark=270 drop_l4s=0 drop_classic=508 drop_overload=0
[QUEUE_STATS] t_ms=0.004255 q_pkts=24 q_bytes=29568 ecn_mark=271 drop_l4s=0 drop_classic=510 drop_overload=0
[QUEUE_STATS] t_ms=0.004271 q_pkts=25 q_bytes=30800 ecn_mark=272 drop_l4s=0 drop_classic=511 drop_overload=0
[QUEUE_STATS] t_ms=0.004287 q_pkts=21 q_bytes=25872 ecn_mark=272 drop_l4s=0 drop_classic=516 drop_overload=0
[QUEUE_STATS] t_ms=0.004303 q_pkts=21 q_bytes=25872 ecn_mark=274 drop_l4s=0 drop_classic=518 drop_overload=0
[QUEUE_STATS] t_ms=0.004319 q_pkts=19 q_bytes=23408 ecn_mark=274 drop_l4s=0 drop_classic=521 drop_overload=0
[QUEUE_STATS] t_ms=0.004335 q_pkts=21 q_bytes=25872 ecn_mark=274 drop_l4s=0 drop_classic=522 drop_overload=0
[QUEUE_STATS] t_ms=0.00435 q_pkts=18 q_bytes=22176 ecn_mark=274 drop_l4s=0 drop_classic=526 drop_overload=0
[QUEUE_STATS] t_ms=0.004366 q_pkts=20 q_bytes=24640 ecn_mark=274 drop_l4s=0 drop_classic=527 drop_overload=0
[QUEUE_STATS] t_ms=0.004383 q_pkts=21 q_bytes=25872 ecn_mark=275 drop_l4s=0 drop_classic=529 drop_overload=0
[QUEUE_STATS] t_ms=0.004399 q_pkts=23 q_bytes=28336 ecn_mark=276 drop_l4s=0 drop_classic=530 drop_overload=0
[QUEUE_STATS] t_ms=0.004415 q_pkts=25 q_bytes=30800 ecn_mark=278 drop_l4s=0 drop_classic=531 drop_overload=0
[QUEUE_STATS] t_ms=0.004431 q_pkts=24 q_bytes=29568 ecn_mark=280 drop_l4s=0 drop_classic=535 drop_overload=0
[QUEUE_STATS] t_ms=0.004447 q_pkts=25 q_bytes=30800 ecn_mark=282 drop_l4s=0 drop_classic=537 drop_overload=0
[QUEUE_STATS] t_ms=0.004463 q_pkts=23 q_bytes=28336 ecn_mark=283 drop_l4s=0 drop_classic=540 drop_overload=0
[QUEUE_STATS] t_ms=0.004479 q_pkts=21 q_bytes=25872 ecn_mark=284 drop_l4s=0 drop_classic=544 drop_overload=0
[QUEUE_STATS] t_ms=0.004495 q_pkts=22 q_bytes=27104 ecn_mark=285 drop_l4s=0 drop_classic=545 drop_overload=0
[QUEUE_STATS] t_ms=0.004511 q_pkts=22 q_bytes=27104 ecn_mark=285 drop_l4s=0 drop_classic=546 drop_overload=0
[QUEUE_STATS] t_ms=0.004527 q_pkts=18 q_bytes=22176 ecn_mark=286 drop_l4s=0 drop_classic=552 drop_overload=0
[QUEUE_STATS] t_ms=0.004543 q_pkts=19 q_bytes=23408 ecn_mark=287 drop_l4s=0 drop_classic=552 drop_overload=0
[QUEUE_STATS] t_ms=0.004559 q_pkts=20 q_bytes=24640 ecn_mark=288 drop_l4s=0 drop_classic=553 drop_overload=0
[QUEUE_STATS] t_ms=0.004575 q_pkts=20 q_bytes=24640 ecn_mark=289 drop_l4s=0 drop_classic=554 drop_overload=0
[QUEUE_STATS] t_ms=0.004591 q_pkts=21 q_bytes=25872 ecn_mark=290 drop_l4s=0 drop_classic=554 drop_overload=0
[QUEUE_STATS] t_ms=0.004607 q_pkts=22 q_bytes=27104 ecn_mark=290 drop_l4s=0 drop_classic=555 drop_overload=0
[QUEUE_STATS] t_ms=0.004623 q_pkts=21 q_bytes=25872 ecn_mark=292 drop_l4s=0 drop_classic=557 drop_overload=0
[QUEUE_STATS] t_ms=0.004639 q_pkts=18 q_bytes=22176 ecn_mark=293 drop_l4s=0 drop_classic=561 drop_overload=0
[QUEUE_STATS] t_ms=0.004655 q_pkts=20 q_bytes=24640 ecn_mark=294 drop_l4s=0 drop_classic=561 drop_overload=0
[QUEUE_STATS] t_ms=0.004671 q_pkts=21 q_bytes=25872 ecn_mark=295 drop_l4s=0 drop_classic=561 drop_overload=0
[QUEUE_STATS] t_ms=0.004687 q_pkts=23 q_bytes=28336 ecn_mark=296 drop_l4s=0 drop_classic=561 drop_overload=0
[QUEUE_STATS] t_ms=0.004703 q_pkts=23 q_bytes=28336 ecn_mark=297 drop_l4s=0 drop_classic=563 drop_overload=0
[QUEUE_STATS] t_ms=0.004719 q_pkts=25 q_bytes=30800 ecn_mark=299 drop_l4s=0 drop_classic=563 drop_overload=0
[QUEUE_STATS] t_ms=0.004735 q_pkts=24 q_bytes=29568 ecn_mark=299 drop_l4s=0 drop_classic=565 drop_overload=0
[QUEUE_STATS] t_ms=0.004751 q_pkts=25 q_bytes=30800 ecn_mark=300 drop_l4s=0 drop_classic=565 drop_overload=0
[QUEUE_STATS] t_ms=0.004767 q_pkts=24 q_bytes=29568 ecn_mark=301 drop_l4s=0 drop_classic=567 drop_overload=0
[QUEUE_STATS] t_ms=0.004783 q_pkts=21 q_bytes=25872 ecn_mark=302 drop_l4s=0 drop_classic=572 drop_overload=0
[QUEUE_STATS] t_ms=0.004799 q_pkts=22 q_bytes=27104 ecn_mark=303 drop_l4s=0 drop_classic=572 drop_overload=0
[QUEUE_STATS] t_ms=0.004815 q_pkts=21 q_bytes=25872 ecn_mark=305 drop_l4s=0 drop_classic=575 drop_overload=0
[QUEUE_STATS] t_ms=0.004831 q_pkts=18 q_bytes=22176 ecn_mark=305 drop_l4s=0 drop_classic=579 drop_overload=0
[QUEUE_STATS] t_ms=0.004847 q_pkts=18 q_bytes=22176 ecn_mark=305 drop_l4s=0 drop_classic=580 drop_overload=0
[QUEUE_STATS] t_ms=0.004863 q_pkts=20 q_bytes=24640 ecn_mark=306 drop_l4s=0 drop_classic=580 drop_overload=0
[QUEUE_STATS] t_ms=0.004879 q_pkts=20 q_bytes=24640 ecn_mark=307 drop_l4s=0 drop_classic=582 drop_overload=0
[QUEUE_STATS] t_ms=0.004895 q_pkts=20 q_bytes=24640 ecn_mark=308 drop_l4s=0 drop_classic=583 drop_overload=0
[QUEUE_STATS] t_ms=0.004911 q_pkts=21 q_bytes=25326 ecn_mark=309 drop_l4s=0 drop_classic=584 drop_overload=0
[QUEUE_STATS] t_ms=0.004927 q_pkts=21 q_bytes=25872 ecn_mark=310 drop_l4s=0 drop_classic=585 drop_overload=0
[QUEUE_STATS] t_ms=0.004943 q_pkts=23 q_bytes=28336 ecn_mark=311 drop_l4s=0 drop_classic=585 drop_overload=0
[QUEUE_STATS] t_ms=0.004959 q_pkts=23 q_bytes=28336 ecn_mark=311 drop_l4s=0 drop_classic=586 drop_overload=0
[QUEUE_STATS] t_ms=0.004975 q_pkts=22 q_bytes=27104 ecn_mark=312 drop_l4s=0 drop_classic=588 drop_overload=0
[QUEUE_STATS] t_ms=0.004991 q_pkts=22 q_bytes=27104 ecn_mark=313 drop_l4s=0 drop_classic=590 drop_overload=0
[QUEUE_STATS] t_ms=0.005007 q_pkts=20 q_bytes=24640 ecn_mark=314 drop_l4s=0 drop_classic=593 drop_overload=0
[QUEUE_STATS] t_ms=0.005023 q_pkts=16 q_bytes=19712 ecn_mark=314 drop_l4s=0 drop_classic=599 drop_overload=0
[QUEUE_STATS] t_ms=0.005039 q_pkts=17 q_bytes=20944 ecn_mark=314 drop_l4s=0 drop_classic=599 drop_overload=0
[QUEUE_STATS] t_ms=0.005055 q_pkts=19 q_bytes=23408 ecn_mark=315 drop_l4s=0 drop_classic=600 drop_overload=0
[QUEUE_STATS] t_ms=0.005071 q_pkts=18 q_bytes=22176 ecn_mark=316 drop_l4s=0 drop_classic=602 drop_overload=0
[QUEUE_STATS] t_ms=0.005087 q_pkts=18 q_bytes=22176 ecn_mark=317 drop_l4s=0 drop_classic=603 drop_overload=0
[QUEUE_STATS] t_ms=0.005103 q_pkts=19 q_bytes=23408 ecn_mark=319 drop_l4s=0 drop_classic=604 drop_overload=0
[QUEUE_STATS] t_ms=0.005119 q_pkts=19 q_bytes=23408 ecn_mark=319 drop_l4s=0 drop_classic=606 drop_overload=0
[QUEUE_STATS] t_ms=0.005135 q_pkts=20 q_bytes=24262 ecn_mark=320 drop_l4s=0 drop_classic=607 drop_overload=0
[QUEUE_STATS] t_ms=0.005151 q_pkts=21 q_bytes=25872 ecn_mark=322 drop_l4s=0 drop_classic=607 drop_overload=0
[QUEUE_STATS] t_ms=0.005167 q_pkts=21 q_bytes=25872 ecn_mark=323 drop_l4s=0 drop_classic=608 drop_overload=0
[QUEUE_STATS] t_ms=0.005183 q_pkts=20 q_bytes=24640 ecn_mark=325 drop_l4s=0 drop_classic=611 drop_overload=0
[QUEUE_STATS] t_ms=0.005198 q_pkts=17 q_bytes=20944 ecn_mark=325 drop_l4s=0 drop_classic=614 drop_overload=0
[QUEUE_STATS] t_ms=0.005215 q_pkts=17 q_bytes=20944 ecn_mark=327 drop_l4s=0 drop_classic=617 drop_overload=0
[QUEUE_STATS] t_ms=0.005231 q_pkts=15 q_bytes=18480 ecn_mark=327 drop_l4s=0 drop_classic=620 drop_overload=0
[QUEUE_STATS] t_ms=0.005247 q_pkts=14 q_bytes=17248 ecn_mark=328 drop_l4s=0 drop_classic=622 drop_overload=0
[QUEUE_STATS] t_ms=0.005263 q_pkts=14 q_bytes=17248 ecn_mark=329 drop_l4s=0 drop_classic=623 drop_overload=0
[QUEUE_STATS] t_ms=0.005279 q_pkts=13 q_bytes=16016 ecn_mark=329 drop_l4s=0 drop_classic=626 drop_overload=0
[QUEUE_STATS] t_ms=0.005295 q_pkts=15 q_bytes=18480 ecn_mark=330 drop_l4s=0 drop_classic=626 drop_overload=0
[QUEUE_STATS] t_ms=0.005311 q_pkts=15 q_bytes=18416 ecn_mark=330 drop_l4s=0 drop_classic=628 drop_overload=0
[QUEUE_STATS] t_ms=0.005327 q_pkts=15 q_bytes=18480 ecn_mark=330 drop_l4s=0 drop_classic=629 drop_overload=0
[QUEUE_STATS] t_ms=0.005343 q_pkts=18 q_bytes=22176 ecn_mark=331 drop_l4s=0 drop_classic=629 drop_overload=0
[QUEUE_STATS] t_ms=0.005359 q_pkts=19 q_bytes=23408 ecn_mark=331 drop_l4s=0 drop_classic=630 drop_overload=0
[QUEUE_STATS] t_ms=0.005374 q_pkts=15 q_bytes=18480 ecn_mark=331 drop_l4s=0 drop_classic=635 drop_overload=0
[QUEUE_STATS] t_ms=0.005391 q_pkts=18 q_bytes=22448 ecn_mark=332 drop_l4s=0 drop_classic=636 drop_overload=0
[QUEUE_STATS] t_ms=0.005407 q_pkts=20 q_bytes=24640 ecn_mark=332 drop_l4s=0 drop_classic=636 drop_overload=0
[QUEUE_STATS] t_ms=0.005423 q_pkts=20 q_bytes=24640 ecn_mark=334 drop_l4s=0 drop_classic=639 drop_overload=0
[QUEUE_STATS] t_ms=0.005438 q_pkts=21 q_bytes=25872 ecn_mark=334 drop_l4s=0 drop_classic=640 drop_overload=0
[QUEUE_STATS] t_ms=0.005455 q_pkts=23 q_bytes=28336 ecn_mark=336 drop_l4s=0 drop_classic=641 drop_overload=0
[QUEUE_STATS] t_ms=0.005471 q_pkts=23 q_bytes=28436 ecn_mark=337 drop_l4s=0 drop_classic=643 drop_overload=0
[QUEUE_STATS] t_ms=0.005487 q_pkts=24 q_bytes=29568 ecn_mark=338 drop_l4s=0 drop_classic=644 drop_overload=0
[QUEUE_STATS] t_ms=0.005503 q_pkts=25 q_bytes=30800 ecn_mark=339 drop_l4s=0 drop_classic=645 drop_overload=0
[QUEUE_STATS] t_ms=0.005519 q_pkts=26 q_bytes=32032 ecn_mark=340 drop_l4s=0 drop_classic=646 drop_overload=0
[QUEUE_STATS] t_ms=0.005535 q_pkts=28 q_bytes=34496 ecn_mark=340 drop_l4s=0 drop_classic=646 drop_overload=0
[QUEUE_STATS] t_ms=0.00555 q_pkts=27 q_bytes=33264 ecn_mark=341 drop_l4s=0 drop_classic=648 drop_overload=0
[QUEUE_STATS] t_ms=0.005567 q_pkts=28 q_bytes=34496 ecn_mark=342 drop_l4s=0 drop_classic=649 drop_overload=0
[QUEUE_STATS] t_ms=0.005583 q_pkts=30 q_bytes=36960 ecn_mark=344 drop_l4s=0 drop_classic=650 drop_overload=0
[QUEUE_STATS] t_ms=0.005599 q_pkts=29 q_bytes=35728 ecn_mark=345 drop_l4s=0 drop_classic=652 drop_overload=0
[QUEUE_STATS] t_ms=0.005615 q_pkts=29 q_bytes=35728 ecn_mark=347 drop_l4s=0 drop_classic=654 drop_overload=0
[QUEUE_STATS] t_ms=0.005631 q_pkts=27 q_bytes=33264 ecn_mark=348 drop_l4s=0 drop_classic=657 drop_overload=0
[QUEUE_STATS] t_ms=0.005647 q_pkts=27 q_bytes=33264 ecn_mark=349 drop_l4s=0 drop_classic=658 drop_overload=0
[QUEUE_STATS] t_ms=0.005663 q_pkts=28 q_bytes=34496 ecn_mark=350 drop_l4s=0 drop_classic=659 drop_overload=0
[QUEUE_STATS] t_ms=0.005679 q_pkts=27 q_bytes=33264 ecn_mark=351 drop_l4s=0 drop_classic=661 drop_overload=0
[QUEUE_STATS] t_ms=0.005695 q_pkts=28 q_bytes=34496 ecn_mark=352 drop_l4s=0 drop_classic=661 drop_overload=0
[QUEUE_STATS] t_ms=0.005711 q_pkts=29 q_bytes=35728 ecn_mark=354 drop_l4s=0 drop_classic=661 drop_overload=0
[QUEUE_STATS] t_ms=0.005727 q_pkts=29 q_bytes=35728 ecn_mark=355 drop_l4s=0 drop_classic=662 drop_overload=0
[QUEUE_STATS] t_ms=0.005743 q_pkts=28 q_bytes=34496 ecn_mark=356 drop_l4s=0 drop_classic=664 drop_overload=0
[QUEUE_STATS] t_ms=0.005759 q_pkts=27 q_bytes=33264 ecn_mark=357 drop_l4s=0 drop_classic=666 drop_overload=0
[QUEUE_STATS] t_ms=0.005775 q_pkts=23 q_bytes=28336 ecn_mark=358 drop_l4s=0 drop_classic=671 drop_overload=0
[QUEUE_STATS] t_ms=0.005791 q_pkts=22 q_bytes=26205 ecn_mark=358 drop_l4s=0 drop_classic=674 drop_overload=0
[QUEUE_STATS] t_ms=0.005807 q_pkts=19 q_bytes=23408 ecn_mark=361 drop_l4s=0 drop_classic=677 drop_overload=0
[QUEUE_STATS] t_ms=0.005823 q_pkts=18 q_bytes=22176 ecn_mark=362 drop_l4s=0 drop_classic=679 drop_overload=0
[QUEUE_STATS] t_ms=0.005839 q_pkts=16 q_bytes=19712 ecn_mark=364 drop_l4s=0 drop_classic=682 drop_overload=0
[QUEUE_STATS] t_ms=0.005855 q_pkts=16 q_bytes=19712 ecn_mark=366 drop_l4s=0 drop_classic=683 drop_overload=0
[QUEUE_STATS] t_ms=0.00587 q_pkts=14 q_bytes=17248 ecn_mark=367 drop_l4s=0 drop_classic=686 drop_overload=0
[QUEUE_STATS] t_ms=0.005887 q_pkts=12 q_bytes=14784 ecn_mark=369 drop_l4s=0 drop_classic=688 drop_overload=0
[QUEUE_STATS] t_ms=0.005903 q_pkts=14 q_bytes=16222 ecn_mark=370 drop_l4s=0 drop_classic=688 drop_overload=0
[QUEUE_STATS] t_ms=0.005919 q_pkts=13 q_bytes=16016 ecn_mark=371 drop_l4s=0 drop_classic=689 drop_overload=0
[QUEUE_STATS] t_ms=0.005935 q_pkts=14 q_bytes=17248 ecn_mark=371 drop_l4s=0 drop_classic=689 drop_overload=0
[QUEUE_STATS] t_ms=0.005951 q_pkts=14 q_bytes=17248 ecn_mark=373 drop_l4s=0 drop_classic=691 drop_overload=0
[QUEUE_STATS] t_ms=0.005967 q_pkts=12 q_bytes=14784 ecn_mark=373 drop_l4s=0 drop_classic=694 drop_overload=0
[QUEUE_STATS] t_ms=0.005983 q_pkts=12 q_bytes=14784 ecn_mark=374 drop_l4s=0 drop_classic=695 drop_overload=0
[QUEUE_STATS] t_ms=0.005999 q_pkts=12 q_bytes=14784 ecn_mark=375 drop_l4s=0 drop_classic=697 drop_overload=0
[QUEUE_STATS] t_ms=0.006015 q_pkts=12 q_bytes=14784 ecn_mark=376 drop_l4s=0 drop_classic=698 drop_overload=0
[QUEUE_STATS] t_ms=0.006031 q_pkts=12 q_bytes=14005 ecn_mark=376 drop_l4s=0 drop_classic=700 drop_overload=0
[QUEUE_STATS] t_ms=0.006047 q_pkts=12 q_bytes=14091 ecn_mark=377 drop_l4s=0 drop_classic=701 drop_overload=0
[QUEUE_STATS] t_ms=0.006063 q_pkts=11 q_bytes=13552 ecn_mark=379 drop_l4s=0 drop_classic=703 drop_overload=0
[QUEUE_STATS] t_ms=0.006079 q_pkts=12 q_bytes=14784 ecn_mark=380 drop_l4s=0 drop_classic=704 drop_overload=0
[QUEUE_STATS] t_ms=0.006095 q_pkts=12 q_bytes=14653 ecn_mark=381 drop_l4s=0 drop_classic=706 drop_overload=0
[QUEUE_STATS] t_ms=0.006111 q_pkts=12 q_bytes=14784 ecn_mark=381 drop_l4s=0 drop_classic=708 drop_overload=0
[QUEUE_STATS] t_ms=0.006127 q_pkts=9 q_bytes=11088 ecn_mark=382 drop_l4s=0 drop_classic=712 drop_overload=0
[QUEUE_STATS] t_ms=0.006143 q_pkts=11 q_bytes=13552 ecn_mark=383 drop_l4s=0 drop_classic=712 drop_overload=0
[QUEUE_STATS] t_ms=0.006159 q_pkts=12 q_bytes=14784 ecn_mark=384 drop_l4s=0 drop_classic=713 drop_overload=0
[QUEUE_STATS] t_ms=0.006175 q_pkts=13 q_bytes=15713 ecn_mark=385 drop_l4s=0 drop_classic=714 drop_overload=0
[QUEUE_STATS] t_ms=0.006191 q_pkts=13 q_bytes=16016 ecn_mark=386 drop_l4s=0 drop_classic=715 drop_overload=0
[QUEUE_STATS] t_ms=0.006207 q_pkts=13 q_bytes=16016 ecn_mark=388 drop_l4s=0 drop_classic=717 drop_overload=0
[QUEUE_STATS] t_ms=0.006223 q_pkts=12 q_bytes=14784 ecn_mark=389 drop_l4s=0 drop_classic=719 drop_overload=0
[QUEUE_STATS] t_ms=0.006239 q_pkts=12 q_bytes=14784 ecn_mark=390 drop_l4s=0 drop_classic=721 drop_overload=0
[QUEUE_STATS] t_ms=0.006255 q_pkts=11 q_bytes=13552 ecn_mark=390 drop_l4s=0 drop_classic=723 drop_overload=0
[QUEUE_STATS] t_ms=0.006271 q_pkts=9 q_bytes=11088 ecn_mark=390 drop_l4s=0 drop_classic=727 drop_overload=0
[QUEUE_STATS] t_ms=0.006287 q_pkts=9 q_bytes=11088 ecn_mark=391 drop_l4s=0 drop_classic=730 drop_overload=0
[QUEUE_STATS] t_ms=0.006303 q_pkts=8 q_bytes=9856 ecn_mark=391 drop_l4s=0 drop_classic=732 drop_overload=0
[QUEUE_STATS] t_ms=0.006319 q_pkts=9 q_bytes=11088 ecn_mark=391 drop_l4s=0 drop_classic=733 drop_overload=0
[QUEUE_STATS] t_ms=0.006335 q_pkts=11 q_bytes=13552 ecn_mark=393 drop_l4s=0 drop_classic=734 drop_overload=0
[QUEUE_STATS] t_ms=0.006351 q_pkts=10 q_bytes=12320 ecn_mark=393 drop_l4s=0 drop_classic=737 drop_overload=0
[QUEUE_STATS] t_ms=0.006367 q_pkts=8 q_bytes=9856 ecn_mark=394 drop_l4s=0 drop_classic=741 drop_overload=0
[QUEUE_STATS] t_ms=0.006383 q_pkts=9 q_bytes=11088 ecn_mark=395 drop_l4s=0 drop_classic=742 drop_overload=0
[QUEUE_STATS] t_ms=0.006399 q_pkts=10 q_bytes=12320 ecn_mark=397 drop_l4s=0 drop_classic=743 drop_overload=0
[QUEUE_STATS] t_ms=0.006415 q_pkts=9 q_bytes=11088 ecn_mark=397 drop_l4s=0 drop_classic=746 drop_overload=0
[QUEUE_STATS] t_ms=0.006431 q_pkts=10 q_bytes=12320 ecn_mark=397 drop_l4s=0 drop_classic=746 drop_overload=0
[QUEUE_STATS] t_ms=0.006447 q_pkts=12 q_bytes=14784 ecn_mark=398 drop_l4s=0 drop_classic=747 drop_overload=0
[QUEUE_STATS] t_ms=0.006463 q_pkts=13 q_bytes=16016 ecn_mark=399 drop_l4s=0 drop_classic=748 drop_overload=0
[QUEUE_STATS] t_ms=0.006479 q_pkts=16 q_bytes=19712 ecn_mark=400 drop_l4s=0 drop_classic=748 drop_overload=0
[QUEUE_STATS] t_ms=0.006495 q_pkts=16 q_bytes=19712 ecn_mark=401 drop_l4s=0 drop_classic=749 drop_overload=0
[QUEUE_STATS] t_ms=0.006511 q_pkts=18 q_bytes=22176 ecn_mark=401 drop_l4s=0 drop_classic=750 drop_overload=0
[QUEUE_STATS] t_ms=0.006527 q_pkts=20 q_bytes=24640 ecn_mark=402 drop_l4s=0 drop_classic=750 drop_overload=0
[QUEUE_STATS] t_ms=0.006543 q_pkts=18 q_bytes=22176 ecn_mark=403 drop_l4s=0 drop_classic=754 drop_overload=0
[QUEUE_STATS] t_ms=0.006559 q_pkts=20 q_bytes=24640 ecn_mark=405 drop_l4s=0 drop_classic=755 drop_overload=0
[QUEUE_STATS] t_ms=0.006575 q_pkts=21 q_bytes=25872 ecn_mark=406 drop_l4s=0 drop_classic=755 drop_overload=0
[QUEUE_STATS] t_ms=0.006591 q_pkts=22 q_bytes=27104 ecn_mark=407 drop_l4s=0 drop_classic=756 drop_overload=0
[QUEUE_STATS] t_ms=0.006607 q_pkts=21 q_bytes=25872 ecn_mark=408 drop_l4s=0 drop_classic=758 drop_overload=0
[QUEUE_STATS] t_ms=0.006623 q_pkts=21 q_bytes=25872 ecn_mark=408 drop_l4s=0 drop_classic=759 drop_overload=0
[QUEUE_STATS] t_ms=0.006639 q_pkts=20 q_bytes=24640 ecn_mark=410 drop_l4s=0 drop_classic=762 drop_overload=0
[QUEUE_STATS] t_ms=0.006655 q_pkts=20 q_bytes=24640 ecn_mark=411 drop_l4s=0 drop_classic=764 drop_overload=0
[QUEUE_STATS] t_ms=0.006671 q_pkts=18 q_bytes=22176 ecn_mark=412 drop_l4s=0 drop_classic=766 drop_overload=0
[QUEUE_STATS] t_ms=0.006687 q_pkts=18 q_bytes=22176 ecn_mark=412 drop_l4s=0 drop_classic=767 drop_overload=0
[QUEUE_STATS] t_ms=0.006703 q_pkts=17 q_bytes=20944 ecn_mark=414 drop_l4s=0 drop_classic=770 drop_overload=0
[QUEUE_STATS] t_ms=0.006719 q_pkts=17 q_bytes=20944 ecn_mark=415 drop_l4s=0 drop_classic=771 drop_overload=0
[QUEUE_STATS] t_ms=0.006735 q_pkts=16 q_bytes=19712 ecn_mark=416 drop_l4s=0 drop_classic=773 drop_overload=0
[QUEUE_STATS] t_ms=0.00675 q_pkts=14 q_bytes=17248 ecn_mark=416 drop_l4s=0 drop_classic=776 drop_overload=0
[QUEUE_STATS] t_ms=0.006767 q_pkts=15 q_bytes=18480 ecn_mark=416 drop_l4s=0 drop_classic=777 drop_overload=0
[QUEUE_STATS] t_ms=0.006783 q_pkts=17 q_bytes=20944 ecn_mark=417 drop_l4s=0 drop_classic=777 drop_overload=0
[QUEUE_STATS] t_ms=0.006799 q_pkts=18 q_bytes=22176 ecn_mark=418 drop_l4s=0 drop_classic=779 drop_overload=0
[QUEUE_STATS] t_ms=0.006815 q_pkts=18 q_bytes=22176 ecn_mark=418 drop_l4s=0 drop_classic=781 drop_overload=0
[QUEUE_STATS] t_ms=0.006831 q_pkts=18 q_bytes=22176 ecn_mark=420 drop_l4s=0 drop_classic=784 drop_overload=0
[QUEUE_STATS] t_ms=0.006847 q_pkts=15 q_bytes=18480 ecn_mark=421 drop_l4s=0 drop_classic=789 drop_overload=0
[QUEUE_STATS] t_ms=0.006863 q_pkts=15 q_bytes=18480 ecn_mark=421 drop_l4s=0 drop_classic=790 drop_overload=0
[QUEUE_STATS] t_ms=0.006879 q_pkts=16 q_bytes=19712 ecn_mark=423 drop_l4s=0 drop_classic=792 drop_overload=0
[QUEUE_STATS] t_ms=0.006894 q_pkts=15 q_bytes=18480 ecn_mark=423 drop_l4s=0 drop_classic=794 drop_overload=0
[QUEUE_STATS] t_ms=0.006911 q_pkts=17 q_bytes=20944 ecn_mark=423 drop_l4s=0 drop_classic=795 drop_overload=0
[QUEUE_STATS] t_ms=0.006927 q_pkts=18 q_bytes=22176 ecn_mark=424 drop_l4s=0 drop_classic=796 drop_overload=0
[QUEUE_STATS] t_ms=0.006943 q_pkts=17 q_bytes=20944 ecn_mark=424 drop_l4s=0 drop_classic=799 drop_overload=0
[QUEUE_STATS] t_ms=0.006959 q_pkts=18 q_bytes=22176 ecn_mark=424 drop_l4s=0 drop_classic=801 drop_overload=0
[QUEUE_STATS] t_ms=0.006975 q_pkts=20 q_bytes=24640 ecn_mark=424 drop_l4s=0 drop_classic=802 drop_overload=0
[QUEUE_STATS] t_ms=0.006991 q_pkts=24 q_bytes=29840 ecn_mark=426 drop_l4s=0 drop_classic=802 drop_overload=0
[QUEUE_STATS] t_ms=0.007007 q_pkts=24 q_bytes=29840 ecn_mark=427 drop_l4s=0 drop_classic=805 drop_overload=0
[QUEUE_STATS] t_ms=0.007023 q_pkts=27 q_bytes=33264 ecn_mark=427 drop_l4s=0 drop_classic=805 drop_overload=0
[QUEUE_STATS] t_ms=0.007039 q_pkts=28 q_bytes=34496 ecn_mark=429 drop_l4s=0 drop_classic=807 drop_overload=0
[QUEUE_STATS] t_ms=0.007055 q_pkts=30 q_bytes=36960 ecn_mark=431 drop_l4s=0 drop_classic=808 drop_overload=0
[QUEUE_STATS] t_ms=0.007071 q_pkts=32 q_bytes=39424 ecn_mark=432 drop_l4s=0 drop_classic=809 drop_overload=0
[QUEUE_STATS] t_ms=0.007087 q_pkts=32 q_bytes=39696 ecn_mark=433 drop_l4s=0 drop_classic=811 drop_overload=0
[QUEUE_STATS] t_ms=0.007103 q_pkts=33 q_bytes=40656 ecn_mark=434 drop_l4s=0 drop_classic=812 drop_overload=0
[QUEUE_STATS] t_ms=0.007119 q_pkts=34 q_bytes=41888 ecn_mark=435 drop_l4s=0 drop_classic=814 drop_overload=0
[QUEUE_STATS] t_ms=0.007135 q_pkts=37 q_bytes=45584 ecn_mark=437 drop_l4s=0 drop_classic=814 drop_overload=0
[QUEUE_STATS] t_ms=0.007151 q_pkts=38 q_bytes=46816 ecn_mark=438 drop_l4s=0 drop_classic=815 drop_overload=0
[QUEUE_STATS] t_ms=0.007167 q_pkts=37 q_bytes=45584 ecn_mark=439 drop_l4s=0 drop_classic=817 drop_overload=0
[QUEUE_STATS] t_ms=0.007183 q_pkts=38 q_bytes=46816 ecn_mark=440 drop_l4s=0 drop_classic=818 drop_overload=0
[QUEUE_STATS] t_ms=0.007199 q_pkts=37 q_bytes=45584 ecn_mark=442 drop_l4s=0 drop_classic=821 drop_overload=0
[QUEUE_STATS] t_ms=0.007215 q_pkts=34 q_bytes=41888 ecn_mark=443 drop_l4s=0 drop_classic=825 drop_overload=0
[QUEUE_STATS] t_ms=0.007231 q_pkts=34 q_bytes=41888 ecn_mark=444 drop_l4s=0 drop_classic=826 drop_overload=0
[QUEUE_STATS] t_ms=0.007247 q_pkts=34 q_bytes=41137 ecn_mark=444 drop_l4s=0 drop_classic=828 drop_overload=0
[QUEUE_STATS] t_ms=0.007263 q_pkts=33 q_bytes=40656 ecn_mark=445 drop_l4s=0 drop_classic=829 drop_overload=0
[QUEUE_STATS] t_ms=0.007279 q_pkts=33 q_bytes=40467 ecn_mark=446 drop_l4s=0 drop_classic=832 drop_overload=0
[QUEUE_STATS] t_ms=0.007295 q_pkts=28 q_bytes=34496 ecn_mark=447 drop_l4s=0 drop_classic=837 drop_overload=0
[QUEUE_STATS] t_ms=0.007311 q_pkts=27 q_bytes=33264 ecn_mark=448 drop_l4s=0 drop_classic=839 drop_overload=0
[QUEUE_STATS] t_ms=0.007327 q_pkts=27 q_bytes=33264 ecn_mark=449 drop_l4s=0 drop_classic=841 drop_overload=0
[QUEUE_STATS] t_ms=0.007342 q_pkts=25 q_bytes=30800 ecn_mark=450 drop_l4s=0 drop_classic=844 drop_overload=0
[QUEUE_STATS] t_ms=0.007359 q_pkts=27 q_bytes=33264 ecn_mark=451 drop_l4s=0 drop_classic=844 drop_overload=0
[QUEUE_STATS] t_ms=0.007375 q_pkts=27 q_bytes=33264 ecn_mark=452 drop_l4s=0 drop_classic=846 drop_overload=0
[QUEUE_STATS] t_ms=0.007391 q_pkts=25 q_bytes=30800 ecn_mark=452 drop_l4s=0 drop_classic=849 drop_overload=0
[QUEUE_STATS] t_ms=0.007407 q_pkts=27 q_bytes=33264 ecn_mark=454 drop_l4s=0 drop_classic=850 drop_overload=0
[QUEUE_STATS] t_ms=0.007423 q_pkts=26 q_bytes=32032 ecn_mark=455 drop_l4s=0 drop_classic=852 drop_overload=0
[QUEUE_STATS] t_ms=0.007439 q_pkts=27 q_bytes=33264 ecn_mark=456 drop_l4s=0 drop_classic=853 drop_overload=0
[QUEUE_STATS] t_ms=0.007455 q_pkts=25 q_bytes=30800 ecn_mark=457 drop_l4s=0 drop_classic=856 drop_overload=0
[QUEUE_STATS] t_ms=0.007471 q_pkts=22 q_bytes=27104 ecn_mark=458 drop_l4s=0 drop_classic=860 drop_overload=0
[QUEUE_STATS] t_ms=0.007487 q_pkts=23 q_bytes=28336 ecn_mark=459 drop_l4s=0 drop_classic=861 drop_overload=0
[QUEUE_STATS] t_ms=0.007503 q_pkts=24 q_bytes=29568 ecn_mark=460 drop_l4s=0 drop_classic=861 drop_overload=0
[QUEUE_STATS] t_ms=0.007519 q_pkts=22 q_bytes=27104 ecn_mark=461 drop_l4s=0 drop_classic=864 drop_overload=0
[QUEUE_STATS] t_ms=0.007535 q_pkts=23 q_bytes=28336 ecn_mark=462 drop_l4s=0 drop_classic=864 drop_overload=0
[QUEUE_STATS] t_ms=0.007551 q_pkts=22 q_bytes=27104 ecn_mark=463 drop_l4s=0 drop_classic=867 drop_overload=0
[QUEUE_STATS] t_ms=0.007567 q_pkts=23 q_bytes=28336 ecn_mark=463 drop_l4s=0 drop_classic=867 drop_overload=0
[QUEUE_STATS] t_ms=0.007583 q_pkts=24 q_bytes=29568 ecn_mark=464 drop_l4s=0 drop_classic=867 drop_overload=0
[QUEUE_STATS] t_ms=0.007599 q_pkts=21 q_bytes=25872 ecn_mark=466 drop_l4s=0 drop_classic=871 drop_overload=0
[QUEUE_STATS] t_ms=0.007615 q_pkts=19 q_bytes=23408 ecn_mark=466 drop_l4s=0 drop_classic=874 drop_overload=0
[QUEUE_STATS] t_ms=0.007631 q_pkts=17 q_bytes=20944 ecn_mark=468 drop_l4s=0 drop_classic=878 drop_overload=0
[QUEUE_STATS] t_ms=0.007647 q_pkts=18 q_bytes=22176 ecn_mark=469 drop_l4s=0 drop_classic=879 drop_overload=0
[QUEUE_STATS] t_ms=0.007663 q_pkts=17 q_bytes=20944 ecn_mark=470 drop_l4s=0 drop_classic=880 drop_overload=0
[QUEUE_STATS] t_ms=0.007679 q_pkts=16 q_bytes=19712 ecn_mark=471 drop_l4s=0 drop_classic=882 drop_overload=0
[QUEUE_STATS] t_ms=0.007695 q_pkts=15 q_bytes=18480 ecn_mark=472 drop_l4s=0 drop_classic=884 drop_overload=0
[QUEUE_STATS] t_ms=0.007711 q_pkts=15 q_bytes=18480 ecn_mark=473 drop_l4s=0 drop_classic=885 drop_overload=0
[QUEUE_STATS] t_ms=0.007727 q_pkts=15 q_bytes=17625 ecn_mark=475 drop_l4s=0 drop_classic=887 drop_overload=0
[QUEUE_STATS] t_ms=0.007743 q_pkts=13 q_bytes=16016 ecn_mark=478 drop_l4s=0 drop_classic=890 drop_overload=0
[QUEUE_STATS] t_ms=0.007759 q_pkts=12 q_bytes=14784 ecn_mark=480 drop_l4s=0 drop_classic=892 drop_overload=0
[QUEUE_STATS] t_ms=0.007775 q_pkts=10 q_bytes=12320 ecn_mark=482 drop_l4s=0 drop_classic=895 drop_overload=0
[QUEUE_STATS] t_ms=0.00779 q_pkts=7 q_bytes=8624 ecn_mark=482 drop_l4s=0 drop_classic=898 drop_overload=0
[QUEUE_STATS] t_ms=0.007807 q_pkts=9 q_bytes=11088 ecn_mark=484 drop_l4s=0 drop_classic=898 drop_overload=0
[QUEUE_STATS] t_ms=0.007823 q_pkts=10 q_bytes=12320 ecn_mark=485 drop_l4s=0 drop_classic=898 drop_overload=0
[QUEUE_STATS] t_ms=0.007839 q_pkts=11 q_bytes=13552 ecn_mark=485 drop_l4s=0 drop_classic=898 drop_overload=0
[QUEUE_STATS] t_ms=0.007855 q_pkts=11 q_bytes=13552 ecn_mark=486 drop_l4s=0 drop_classic=899 drop_overload=0
[QUEUE_STATS] t_ms=0.007871 q_pkts=12 q_bytes=14784 ecn_mark=486 drop_l4s=0 drop_classic=899 drop_overload=0
[QUEUE_STATS] t_ms=0.007887 q_pkts=11 q_bytes=13552 ecn_mark=488 drop_l4s=0 drop_classic=902 drop_overload=0
[QUEUE_STATS] t_ms=0.007903 q_pkts=10 q_bytes=12320 ecn_mark=488 drop_l4s=0 drop_classic=904 drop_overload=0
[QUEUE_STATS] t_ms=0.007919 q_pkts=12 q_bytes=14841 ecn_mark=488 drop_l4s=0 drop_classic=905 drop_overload=0
[QUEUE_STATS] t_ms=0.007935 q_pkts=14 q_bytes=17248 ecn_mark=489 drop_l4s=0 drop_classic=905 drop_overload=0
[QUEUE_STATS] t_ms=0.007951 q_pkts=15 q_bytes=18480 ecn_mark=490 drop_l4s=0 drop_classic=905 drop_overload=0
[QUEUE_STATS] t_ms=0.007967 q_pkts=17 q_bytes=20944 ecn_mark=491 drop_l4s=0 drop_classic=906 drop_overload=0
[QUEUE_STATS] t_ms=0.007983 q_pkts=17 q_bytes=20944 ecn_mark=492 drop_l4s=0 drop_classic=908 drop_overload=0
[QUEUE_STATS] t_ms=0.007999 q_pkts=17 q_bytes=20944 ecn_mark=492 drop_l4s=0 drop_classic=909 drop_overload=0
[QUEUE_STATS] t_ms=0.008015 q_pkts=17 q_bytes=20944 ecn_mark=492 drop_l4s=0 drop_classic=911 drop_overload=0
[QUEUE_STATS] t_ms=0.008031 q_pkts=19 q_bytes=23408 ecn_mark=493 drop_l4s=0 drop_classic=911 drop_overload=0
[QUEUE_STATS] t_ms=0.008047 q_pkts=18 q_bytes=22176 ecn_mark=493 drop_l4s=0 drop_classic=913 drop_overload=0
[QUEUE_STATS] t_ms=0.008063 q_pkts=20 q_bytes=24640 ecn_mark=493 drop_l4s=0 drop_classic=914 drop_overload=0
[QUEUE_STATS] t_ms=0.008079 q_pkts=22 q_bytes=27104 ecn_mark=494 drop_l4s=0 drop_classic=915 drop_overload=0
[QUEUE_STATS] t_ms=0.008095 q_pkts=23 q_bytes=28336 ecn_mark=495 drop_l4s=0 drop_classic=916 drop_overload=0
[QUEUE_STATS] t_ms=0.008111 q_pkts=24 q_bytes=29568 ecn_mark=496 drop_l4s=0 drop_classic=918 drop_overload=0
[QUEUE_STATS] t_ms=0.008127 q_pkts=25 q_bytes=30800 ecn_mark=498 drop_l4s=0 drop_classic=919 drop_overload=0
[QUEUE_STATS] t_ms=0.008143 q_pkts=27 q_bytes=33264 ecn_mark=499 drop_l4s=0 drop_classic=919 drop_overload=0
[QUEUE_STATS] t_ms=0.008159 q_pkts=26 q_bytes=32032 ecn_mark=500 drop_l4s=0 drop_classic=922 drop_overload=0
[QUEUE_STATS] t_ms=0.008175 q_pkts=25 q_bytes=30800 ecn_mark=500 drop_l4s=0 drop_classic=925 drop_overload=0
[QUEUE_STATS] t_ms=0.008191 q_pkts=26 q_bytes=32032 ecn_mark=501 drop_l4s=0 drop_classic=926 drop_overload=0
[QUEUE_STATS] t_ms=0.008207 q_pkts=28 q_bytes=34496 ecn_mark=502 drop_l4s=0 drop_classic=926 drop_overload=0
[QUEUE_STATS] t_ms=0.008223 q_pkts=27 q_bytes=33264 ecn_mark=503 drop_l4s=0 drop_classic=930 drop_overload=0
[QUEUE_STATS] t_ms=0.008239 q_pkts=23 q_bytes=28336 ecn_mark=504 drop_l4s=0 drop_classic=935 drop_overload=0
[QUEUE_STATS] t_ms=0.008255 q_pkts=24 q_bytes=29568 ecn_mark=505 drop_l4s=0 drop_classic=937 drop_overload=0
[QUEUE_STATS] t_ms=0.00827 q_pkts=24 q_bytes=29568 ecn_mark=505 drop_l4s=0 drop_classic=938 drop_overload=0
[QUEUE_STATS] t_ms=0.008287 q_pkts=25 q_bytes=30800 ecn_mark=506 drop_l4s=0 drop_classic=940 drop_overload=0
[QUEUE_STATS] t_ms=0.008303 q_pkts=26 q_bytes=32032 ecn_mark=507 drop_l4s=0 drop_classic=941 drop_overload=0
[QUEUE_STATS] t_ms=0.008319 q_pkts=27 q_bytes=33264 ecn_mark=508 drop_l4s=0 drop_classic=943 drop_overload=0
[QUEUE_STATS] t_ms=0.008335 q_pkts=27 q_bytes=33264 ecn_mark=509 drop_l4s=0 drop_classic=944 drop_overload=0
[QUEUE_STATS] t_ms=0.008351 q_pkts=29 q_bytes=36000 ecn_mark=510 drop_l4s=0 drop_classic=945 drop_overload=0
[QUEUE_STATS] t_ms=0.008367 q_pkts=28 q_bytes=34496 ecn_mark=511 drop_l4s=0 drop_classic=948 drop_overload=0
[QUEUE_STATS] t_ms=0.008383 q_pkts=26 q_bytes=32032 ecn_mark=512 drop_l4s=0 drop_classic=951 drop_overload=0
[QUEUE_STATS] t_ms=0.008399 q_pkts=26 q_bytes=32032 ecn_mark=513 drop_l4s=0 drop_classic=953 drop_overload=0
[QUEUE_STATS] t_ms=0.008415 q_pkts=22 q_bytes=27104 ecn_mark=513 drop_l4s=0 drop_classic=958 drop_overload=0
[QUEUE_STATS] t_ms=0.00843 q_pkts=21 q_bytes=25872 ecn_mark=514 drop_l4s=0 drop_classic=961 drop_overload=0
[QUEUE_STATS] t_ms=0.008447 q_pkts=21 q_bytes=25872 ecn_mark=515 drop_l4s=0 drop_classic=963 drop_overload=0
[QUEUE_STATS] t_ms=0.008463 q_pkts=21 q_bytes=25872 ecn_mark=517 drop_l4s=0 drop_classic=965 drop_overload=0
[QUEUE_STATS] t_ms=0.008479 q_pkts=20 q_bytes=24640 ecn_mark=517 drop_l4s=0 drop_classic=967 drop_overload=0
[QUEUE_STATS] t_ms=0.008495 q_pkts=18 q_bytes=22176 ecn_mark=518 drop_l4s=0 drop_classic=970 drop_overload=0
[QUEUE_STATS] t_ms=0.00851 q_pkts=17 q_bytes=20944 ecn_mark=518 drop_l4s=0 drop_classic=972 drop_overload=0
[QUEUE_STATS] t_ms=0.008527 q_pkts=19 q_bytes=23408 ecn_mark=520 drop_l4s=0 drop_classic=972 drop_overload=0
[QUEUE_STATS] t_ms=0.008543 q_pkts=18 q_bytes=22176 ecn_mark=521 drop_l4s=0 drop_classic=975 drop_overload=0
[QUEUE_STATS] t_ms=0.008559 q_pkts=17 q_bytes=20944 ecn_mark=522 drop_l4s=0 drop_classic=977 drop_overload=0
[QUEUE_STATS] t_ms=0.008574 q_pkts=18 q_bytes=22176 ecn_mark=522 drop_l4s=0 drop_classic=978 drop_overload=0
[QUEUE_STATS] t_ms=0.008591 q_pkts=18 q_bytes=22176 ecn_mark=524 drop_l4s=0 drop_classic=980 drop_overload=0
[QUEUE_STATS] t_ms=0.008607 q_pkts=17 q_bytes=20944 ecn_mark=525 drop_l4s=0 drop_classic=983 drop_overload=0
[QUEUE_STATS] t_ms=0.008623 q_pkts=17 q_bytes=20944 ecn_mark=525 drop_l4s=0 drop_classic=984 drop_overload=0
[QUEUE_STATS] t_ms=0.008639 q_pkts=19 q_bytes=23408 ecn_mark=526 drop_l4s=0 drop_classic=984 drop_overload=0
[QUEUE_STATS] t_ms=0.008655 q_pkts=17 q_bytes=20944 ecn_mark=527 drop_l4s=0 drop_classic=988 drop_overload=0
[QUEUE_STATS] t_ms=0.008671 q_pkts=16 q_bytes=19712 ecn_mark=527 drop_l4s=0 drop_classic=990 drop_overload=0
[QUEUE_STATS] t_ms=0.008687 q_pkts=16 q_bytes=19712 ecn_mark=527 drop_l4s=0 drop_classic=992 drop_overload=0
[QUEUE_STATS] t_ms=0.008703 q_pkts=16 q_bytes=19712 ecn_mark=529 drop_l4s=0 drop_classic=994 drop_overload=0
[QUEUE_STATS] t_ms=0.008719 q_pkts=17 q_bytes=20944 ecn_mark=529 drop_l4s=0 drop_classic=994 drop_overload=0
[QUEUE_STATS] t_ms=0.008735 q_pkts=18 q_bytes=22176 ecn_mark=530 drop_l4s=0 drop_classic=995 drop_overload=0
[QUEUE_STATS] t_ms=0.008751 q_pkts=18 q_bytes=21829 ecn_mark=530 drop_l4s=0 drop_classic=998 drop_overload=0
[QUEUE_STATS] t_ms=0.008767 q_pkts=18 q_bytes=22176 ecn_mark=532 drop_l4s=0 drop_classic=999 drop_overload=0
[QUEUE_STATS] t_ms=0.008783 q_pkts=20 q_bytes=24640 ecn_mark=533 drop_l4s=0 drop_classic=999 drop_overload=0
[QUEUE_STATS] t_ms=0.008799 q_pkts=18 q_bytes=21971 ecn_mark=533 drop_l4s=0 drop_classic=1003 drop_overload=0
[QUEUE_STATS] t_ms=0.008814 q_pkts=17 q_bytes=20944 ecn_mark=534 drop_l4s=0 drop_classic=1005 drop_overload=0
[QUEUE_STATS] t_ms=0.008831 q_pkts=20 q_bytes=24640 ecn_mark=534 drop_l4s=0 drop_classic=1005 drop_overload=0
[QUEUE_STATS] t_ms=0.008847 q_pkts=20 q_bytes=24640 ecn_mark=535 drop_l4s=0 drop_classic=1008 drop_overload=0
[QUEUE_STATS] t_ms=0.008863 q_pkts=22 q_bytes=27104 ecn_mark=536 drop_l4s=0 drop_classic=1009 drop_overload=0
[QUEUE_STATS] t_ms=0.008879 q_pkts=22 q_bytes=27104 ecn_mark=537 drop_l4s=0 drop_classic=1011 drop_overload=0
[QUEUE_STATS] t_ms=0.008895 q_pkts=22 q_bytes=27104 ecn_mark=539 drop_l4s=0 drop_classic=1014 drop_overload=0
[QUEUE_STATS] t_ms=0.008911 q_pkts=21 q_bytes=25872 ecn_mark=539 drop_l4s=0 drop_classic=1016 drop_overload=0
[QUEUE_STATS] t_ms=0.008927 q_pkts=21 q_bytes=25872 ecn_mark=540 drop_l4s=0 drop_classic=1018 drop_overload=0
[QUEUE_STATS] t_ms=0.008942 q_pkts=21 q_bytes=25872 ecn_mark=541 drop_l4s=0 drop_classic=1020 drop_overload=0
[QUEUE_STATS] t_ms=0.008959 q_pkts=19 q_bytes=23408 ecn_mark=543 drop_l4s=0 drop_classic=1024 drop_overload=0
[QUEUE_STATS] t_ms=0.008975 q_pkts=18 q_bytes=22176 ecn_mark=543 drop_l4s=0 drop_classic=1026 drop_overload=0
[QUEUE_STATS] t_ms=0.008991 q_pkts=18 q_bytes=22176 ecn_mark=545 drop_l4s=0 drop_classic=1028 drop_overload=0
[QUEUE_STATS] t_ms=0.009007 q_pkts=19 q_bytes=23408 ecn_mark=546 drop_l4s=0 drop_classic=1029 drop_overload=0
[QUEUE_STATS] t_ms=0.009023 q_pkts=18 q_bytes=22176 ecn_mark=547 drop_l4s=0 drop_classic=1031 drop_overload=0
[QUEUE_STATS] t_ms=0.009039 q_pkts=15 q_bytes=18480 ecn_mark=548 drop_l4s=0 drop_classic=1035 drop_overload=0
[QUEUE_STATS] t_ms=0.009055 q_pkts=15 q_bytes=18480 ecn_mark=548 drop_l4s=0 drop_classic=1037 drop_overload=0
[QUEUE_STATS] t_ms=0.009071 q_pkts=15 q_bytes=18480 ecn_mark=549 drop_l4s=0 drop_classic=1040 drop_overload=0
[QUEUE_STATS] t_ms=0.009087 q_pkts=13 q_bytes=16016 ecn_mark=550 drop_l4s=0 drop_classic=1044 drop_overload=0
[QUEUE_STATS] t_ms=0.009103 q_pkts=10 q_bytes=12320 ecn_mark=551 drop_l4s=0 drop_classic=1049 drop_overload=0
[QUEUE_STATS] t_ms=0.009119 q_pkts=9 q_bytes=11088 ecn_mark=552 drop_l4s=0 drop_classic=1052 drop_overload=0
[QUEUE_STATS] t_ms=0.009135 q_pkts=12 q_bytes=14594 ecn_mark=553 drop_l4s=0 drop_classic=1052 drop_overload=0
[QUEUE_STATS] t_ms=0.009151 q_pkts=12 q_bytes=14784 ecn_mark=555 drop_l4s=0 drop_classic=1053 drop_overload=0
[QUEUE_STATS] t_ms=0.009167 q_pkts=13 q_bytes=16016 ecn_mark=556 drop_l4s=0 drop_classic=1053 drop_overload=0
[QUEUE_STATS] t_ms=0.009183 q_pkts=15 q_bytes=18480 ecn_mark=557 drop_l4s=0 drop_classic=1053 drop_overload=0
[QUEUE_STATS] t_ms=0.009199 q_pkts=16 q_bytes=19712 ecn_mark=558 drop_l4s=0 drop_classic=1054 drop_overload=0
[QUEUE_STATS] t_ms=0.009215 q_pkts=14 q_bytes=17248 ecn_mark=559 drop_l4s=0 drop_classic=1057 drop_overload=0
[QUEUE_STATS] t_ms=0.009231 q_pkts=14 q_bytes=17248 ecn_mark=560 drop_l4s=0 drop_classic=1059 drop_overload=0
[QUEUE_STATS] t_ms=0.009247 q_pkts=13 q_bytes=16016 ecn_mark=561 drop_l4s=0 drop_classic=1061 drop_overload=0
[QUEUE_STATS] t_ms=0.009263 q_pkts=12 q_bytes=14784 ecn_mark=562 drop_l4s=0 drop_classic=1063 drop_overload=0
[QUEUE_STATS] t_ms=0.009279 q_pkts=13 q_bytes=16016 ecn_mark=562 drop_l4s=0 drop_classic=1063 drop_overload=0
[QUEUE_STATS] t_ms=0.009295 q_pkts=16 q_bytes=19712 ecn_mark=564 drop_l4s=0 drop_classic=1063 drop_overload=0
[QUEUE_STATS] t_ms=0.009311 q_pkts=17 q_bytes=20944 ecn_mark=565 drop_l4s=0 drop_classic=1063 drop_overload=0
[QUEUE_STATS] t_ms=0.009327 q_pkts=15 q_bytes=18480 ecn_mark=566 drop_l4s=0 drop_classic=1066 drop_overload=0
[QUEUE_STATS] t_ms=0.009343 q_pkts=16 q_bytes=19712 ecn_mark=567 drop_l4s=0 drop_classic=1066 drop_overload=0
[QUEUE_STATS] t_ms=0.009359 q_pkts=17 q_bytes=20944 ecn_mark=569 drop_l4s=0 drop_classic=1066 drop_overload=0
[QUEUE_STATS] t_ms=0.009374 q_pkts=15 q_bytes=18480 ecn_mark=570 drop_l4s=0 drop_classic=1068 drop_overload=0
[QUEUE_STATS] t_ms=0.00939 q_pkts=14 q_bytes=17248 ecn_mark=571 drop_l4s=0 drop_classic=1070 drop_overload=0
[QUEUE_STATS] t_ms=0.009407 q_pkts=16 q_bytes=19712 ecn_mark=572 drop_l4s=0 drop_classic=1070 drop_overload=0
[QUEUE_STATS] t_ms=0.009423 q_pkts=16 q_bytes=19712 ecn_mark=573 drop_l4s=0 drop_classic=1071 drop_overload=0
[QUEUE_STATS] t_ms=0.009439 q_pkts=18 q_bytes=22176 ecn_mark=573 drop_l4s=0 drop_classic=1071 drop_overload=0
[QUEUE_STATS] t_ms=0.009455 q_pkts=20 q_bytes=24640 ecn_mark=573 drop_l4s=0 drop_classic=1071 drop_overload=0
[QUEUE_STATS] t_ms=0.009471 q_pkts=20 q_bytes=24640 ecn_mark=575 drop_l4s=0 drop_classic=1073 drop_overload=0
[QUEUE_STATS] t_ms=0.009487 q_pkts=20 q_bytes=24640 ecn_mark=577 drop_l4s=0 drop_classic=1075 drop_overload=0
[QUEUE_STATS] t_ms=0.009503 q_pkts=21 q_bytes=25872 ecn_mark=578 drop_l4s=0 drop_classic=1075 drop_overload=0
[QUEUE_STATS] t_ms=0.009519 q_pkts=19 q_bytes=23408 ecn_mark=580 drop_l4s=0 drop_classic=1079 drop_overload=0
[QUEUE_STATS] t_ms=0.009535 q_pkts=18 q_bytes=22176 ecn_mark=581 drop_l4s=0 drop_classic=1081 drop_overload=0
[QUEUE_STATS] t_ms=0.009551 q_pkts=17 q_bytes=20944 ecn_mark=583 drop_l4s=0 drop_classic=1083 drop_overload=0
[QUEUE_STATS] t_ms=0.009567 q_pkts=16 q_bytes=19712 ecn_mark=584 drop_l4s=0 drop_classic=1085 drop_overload=0
[QUEUE_STATS] t_ms=0.009583 q_pkts=17 q_bytes=20944 ecn_mark=585 drop_l4s=0 drop_classic=1085 drop_overload=0
[QUEUE_STATS] t_ms=0.009599 q_pkts=14 q_bytes=17248 ecn_mark=586 drop_l4s=0 drop_classic=1089 drop_overload=0
[QUEUE_STATS] t_ms=0.009615 q_pkts=14 q_bytes=17248 ecn_mark=586 drop_l4s=0 drop_classic=1090 drop_overload=0
[QUEUE_STATS] t_ms=0.009631 q_pkts=13 q_bytes=16016 ecn_mark=587 drop_l4s=0 drop_classic=1093 drop_overload=0
[QUEUE_STATS] t_ms=0.009647 q_pkts=13 q_bytes=16016 ecn_mark=588 drop_l4s=0 drop_classic=1094 drop_overload=0
[QUEUE_STATS] t_ms=0.009663 q_pkts=13 q_bytes=16016 ecn_mark=589 drop_l4s=0 drop_classic=1096 drop_overload=0
[QUEUE_STATS] t_ms=0.009679 q_pkts=13 q_bytes=15253 ecn_mark=589 drop_l4s=0 drop_classic=1097 drop_overload=0
[QUEUE_STATS] t_ms=0.009695 q_pkts=12 q_bytes=14784 ecn_mark=590 drop_l4s=0 drop_classic=1099 drop_overload=0
[QUEUE_STATS] t_ms=0.009711 q_pkts=7 q_bytes=8624 ecn_mark=591 drop_l4s=0 drop_classic=1105 drop_overload=0
[QUEUE_STATS] t_ms=0.009727 q_pkts=5 q_bytes=6160 ecn_mark=592 drop_l4s=0 drop_classic=1108 drop_overload=0
[QUEUE_STATS] t_ms=0.009743 q_pkts=6 q_bytes=7392 ecn_mark=592 drop_l4s=0 drop_classic=1109 drop_overload=0
[QUEUE_STATS] t_ms=0.009759 q_pkts=6 q_bytes=7392 ecn_mark=593 drop_l4s=0 drop_classic=1111 drop_overload=0
[QUEUE_STATS] t_ms=0.009775 q_pkts=7 q_bytes=8624 ecn_mark=593 drop_l4s=0 drop_classic=1111 drop_overload=0
[QUEUE_STATS] t_ms=0.009791 q_pkts=9 q_bytes=11088 ecn_mark=593 drop_l4s=0 drop_classic=1111 drop_overload=0
[QUEUE_STATS] t_ms=0.009807 q_pkts=12 q_bytes=15032 ecn_mark=593 drop_l4s=0 drop_classic=1111 drop_overload=0
[QUEUE_STATS] t_ms=0.009823 q_pkts=14 q_bytes=17248 ecn_mark=595 drop_l4s=0 drop_classic=1111 drop_overload=0
[QUEUE_STATS] t_ms=0.009839 q_pkts=12 q_bytes=14784 ecn_mark=596 drop_l4s=0 drop_classic=1116 drop_overload=0
[QUEUE_STATS] t_ms=0.009855 q_pkts=12 q_bytes=14784 ecn_mark=597 drop_l4s=0 drop_classic=1117 drop_overload=0
[QUEUE_STATS] t_ms=0.009871 q_pkts=11 q_bytes=13552 ecn_mark=598 drop_l4s=0 drop_classic=1120 drop_overload=0
[QUEUE_STATS] t_ms=0.009887 q_pkts=12 q_bytes=14784 ecn_mark=598 drop_l4s=0 drop_classic=1121 drop_overload=0
[QUEUE_STATS] t_ms=0.009903 q_pkts=13 q_bytes=16016 ecn_mark=599 drop_l4s=0 drop_classic=1122 drop_overload=0
[QUEUE_STATS] t_ms=0.009919 q_pkts=14 q_bytes=17248 ecn_mark=599 drop_l4s=0 drop_classic=1123 drop_overload=0
[QUEUE_STATS] t_ms=0.009935 q_pkts=17 q_bytes=20944 ecn_mark=600 drop_l4s=0 drop_classic=1123 drop_overload=0
[QUEUE_STATS] t_ms=0.009951 q_pkts=18 q_bytes=22176 ecn_mark=600 drop_l4s=0 drop_classic=1123 drop_overload=0
[QUEUE_STATS] t_ms=0.009967 q_pkts=21 q_bytes=25872 ecn_mark=601 drop_l4s=0 drop_classic=1123 drop_overload=0
[QUEUE_STATS] t_ms=0.009983 q_pkts=24 q_bytes=29568 ecn_mark=601 drop_l4s=0 drop_classic=1123 drop_overload=0
[QUEUE_STATS] t_ms=0.009998 q_pkts=25 q_bytes=30800 ecn_mark=601 drop_l4s=0 drop_classic=1124 drop_overload=0
[QUEUE_STATS] t_ms=0.010015 q_pkts=26 q_bytes=32032 ecn_mark=603 drop_l4s=0 drop_classic=1126 drop_overload=0
[QUEUE_STATS] t_ms=0.010031 q_pkts=29 q_bytes=35728 ecn_mark=605 drop_l4s=0 drop_classic=1126 drop_overload=0
[QUEUE_STATS] t_ms=0.010047 q_pkts=26 q_bytes=32032 ecn_mark=606 drop_l4s=0 drop_classic=1130 drop_overload=0
[QUEUE_STATS] t_ms=0.010063 q_pkts=28 q_bytes=34496 ecn_mark=607 drop_l4s=0 drop_classic=1131 drop_overload=0
[QUEUE_STATS] t_ms=0.010079 q_pkts=26 q_bytes=32032 ecn_mark=608 drop_l4s=0 drop_classic=1134 drop_overload=0
[QUEUE_STATS] t_ms=0.010095 q_pkts=27 q_bytes=33264 ecn_mark=609 drop_l4s=0 drop_classic=1135 drop_overload=0
[QUEUE_STATS] t_ms=0.01011 q_pkts=28 q_bytes=34496 ecn_mark=609 drop_l4s=0 drop_classic=1136 drop_overload=0
[QUEUE_STATS] t_ms=0.010127 q_pkts=29 q_bytes=35728 ecn_mark=609 drop_l4s=0 drop_classic=1137 drop_overload=0
[QUEUE_STATS] t_ms=0.010143 q_pkts=32 q_bytes=39424 ecn_mark=609 drop_l4s=0 drop_classic=1137 drop_overload=0
[QUEUE_STATS] t_ms=0.010159 q_pkts=34 q_bytes=41888 ecn_mark=611 drop_l4s=0 drop_classic=1138 drop_overload=0
[QUEUE_STATS] t_ms=0.010175 q_pkts=34 q_bytes=41888 ecn_mark=612 drop_l4s=0 drop_classic=1141 drop_overload=0
[QUEUE_STATS] t_ms=0.010191 q_pkts=35 q_bytes=43120 ecn_mark=613 drop_l4s=0 drop_classic=1142 drop_overload=0
[QUEUE_STATS] t_ms=0.010207 q_pkts=38 q_bytes=46816 ecn_mark=615 drop_l4s=0 drop_classic=1142 drop_overload=0
[QUEUE_STATS] t_ms=0.010223 q_pkts=35 q_bytes=43120 ecn_mark=616 drop_l4s=0 drop_classic=1146 drop_overload=0
[QUEUE_STATS] t_ms=0.010239 q_pkts=35 q_bytes=43120 ecn_mark=618 drop_l4s=0 drop_classic=1148 drop_overload=0
[QUEUE_STATS] t_ms=0.010255 q_pkts=30 q_bytes=36960 ecn_mark=618 drop_l4s=0 drop_classic=1154 drop_overload=0
[QUEUE_STATS] t_ms=0.010271 q_pkts=28 q_bytes=34496 ecn_mark=619 drop_l4s=0 drop_classic=1158 drop_overload=0
[QUEUE_STATS] t_ms=0.010287 q_pkts=31 q_bytes=38192 ecn_mark=620 drop_l4s=0 drop_classic=1158 drop_overload=0
[QUEUE_STATS] t_ms=0.010303 q_pkts=32 q_bytes=39424 ecn_mark=621 drop_l4s=0 drop_classic=1159 drop_overload=0
[QUEUE_STATS] t_ms=0.010319 q_pkts=30 q_bytes=36960 ecn_mark=621 drop_l4s=0 drop_classic=1163 drop_overload=0
[QUEUE_STATS] t_ms=0.010335 q_pkts=32 q_bytes=39424 ecn_mark=622 drop_l4s=0 drop_classic=1163 drop_overload=0
[QUEUE_STATS] t_ms=0.010351 q_pkts=33 q_bytes=40656 ecn_mark=624 drop_l4s=0 drop_classic=1164 drop_overload=0
[QUEUE_STATS] t_ms=0.010367 q_pkts=32 q_bytes=39424 ecn_mark=624 drop_l4s=0 drop_classic=1167 drop_overload=0
[QUEUE_STATS] t_ms=0.010383 q_pkts=33 q_bytes=40656 ecn_mark=626 drop_l4s=0 drop_classic=1169 drop_overload=0
[QUEUE_STATS] t_ms=0.010399 q_pkts=33 q_bytes=40656 ecn_mark=627 drop_l4s=0 drop_classic=1170 drop_overload=0
[QUEUE_STATS] t_ms=0.010415 q_pkts=32 q_bytes=39424 ecn_mark=628 drop_l4s=0 drop_classic=1172 drop_overload=0
[QUEUE_STATS] t_ms=0.010431 q_pkts=28 q_bytes=34496 ecn_mark=628 drop_l4s=0 drop_classic=1178 drop_overload=0
[QUEUE_STATS] t_ms=0.010447 q_pkts=29 q_bytes=35774 ecn_mark=629 drop_l4s=0 drop_classic=1179 drop_overload=0
[QUEUE_STATS] t_ms=0.010463 q_pkts=29 q_bytes=35728 ecn_mark=630 drop_l4s=0 drop_classic=1181 drop_overload=0
[QUEUE_STATS] t_ms=0.010479 q_pkts=25 q_bytes=30851 ecn_mark=630 drop_l4s=0 drop_classic=1186 drop_overload=0
[QUEUE_STATS] t_ms=0.010495 q_pkts=26 q_bytes=32032 ecn_mark=631 drop_l4s=0 drop_classic=1187 drop_overload=0
[QUEUE_STATS] t_ms=0.010511 q_pkts=26 q_bytes=32032 ecn_mark=633 drop_l4s=0 drop_classic=1189 drop_overload=0
[QUEUE_STATS] t_ms=0.010527 q_pkts=25 q_bytes=30800 ecn_mark=634 drop_l4s=0 drop_classic=1191 drop_overload=0
[QUEUE_STATS] t_ms=0.010542 q_pkts=24 q_bytes=29568 ecn_mark=635 drop_l4s=0 drop_classic=1194 drop_overload=0
[QUEUE_STATS] t_ms=0.010559 q_pkts=23 q_bytes=28336 ecn_mark=636 drop_l4s=0 drop_classic=1196 drop_overload=0
[QUEUE_STATS] t_ms=0.010575 q_pkts=22 q_bytes=27104 ecn_mark=637 drop_l4s=0 drop_classic=1199 drop_overload=0
[QUEUE_STATS] t_ms=0.010591 q_pkts=23 q_bytes=28336 ecn_mark=637 drop_l4s=0 drop_classic=1200 drop_overload=0
[QUEUE_STATS] t_ms=0.010607 q_pkts=25 q_bytes=30800 ecn_mark=637 drop_l4s=0 drop_classic=1200 drop_overload=0
[QUEUE_STATS] t_ms=0.010623 q_pkts=24 q_bytes=29568 ecn_mark=637 drop_l4s=0 drop_classic=1203 drop_overload=0
[QUEUE_STATS] t_ms=0.010639 q_pkts=25 q_bytes=30800 ecn_mark=638 drop_l4s=0 drop_classic=1205 drop_overload=0
[QUEUE_STATS] t_ms=0.010655 q_pkts=28 q_bytes=34496 ecn_mark=640 drop_l4s=0 drop_classic=1205 drop_overload=0
[QUEUE_STATS] t_ms=0.010671 q_pkts=29 q_bytes=35728 ecn_mark=641 drop_l4s=0 drop_classic=1207 drop_overload=0
[QUEUE_STATS] t_ms=0.010687 q_pkts=29 q_bytes=35728 ecn_mark=642 drop_l4s=0 drop_classic=1209 drop_overload=0
[QUEUE_STATS] t_ms=0.010703 q_pkts=28 q_bytes=34496 ecn_mark=643 drop_l4s=0 drop_classic=1212 drop_overload=0
[QUEUE_STATS] t_ms=0.010719 q_pkts=29 q_bytes=35728 ecn_mark=643 drop_l4s=0 drop_classic=1214 drop_overload=0
[QUEUE_STATS] t_ms=0.010735 q_pkts=29 q_bytes=35728 ecn_mark=645 drop_l4s=0 drop_classic=1217 drop_overload=0
[QUEUE_STATS] t_ms=0.010751 q_pkts=24 q_bytes=29568 ecn_mark=646 drop_l4s=0 drop_classic=1224 drop_overload=0
[QUEUE_STATS] t_ms=0.010767 q_pkts=25 q_bytes=30800 ecn_mark=648 drop_l4s=0 drop_classic=1225 drop_overload=0
[QUEUE_STATS] t_ms=0.010783 q_pkts=25 q_bytes=30800 ecn_mark=649 drop_l4s=0 drop_classic=1227 drop_overload=0
[QUEUE_STATS] t_ms=0.010799 q_pkts=26 q_bytes=31624 ecn_mark=650 drop_l4s=0 drop_classic=1228 drop_overload=0
[QUEUE_STATS] t_ms=0.010815 q_pkts=22 q_bytes=27104 ecn_mark=652 drop_l4s=0 drop_classic=1233 drop_overload=0
[QUEUE_STATS] t_ms=0.01083 q_pkts=18 q_bytes=22176 ecn_mark=653 drop_l4s=0 drop_classic=1238 drop_overload=0
[QUEUE_STATS] t_ms=0.010847 q_pkts=20 q_bytes=24640 ecn_mark=654 drop_l4s=0 drop_classic=1238 drop_overload=0
[QUEUE_STATS] t_ms=0.010863 q_pkts=17 q_bytes=20944 ecn_mark=656 drop_l4s=0 drop_classic=1242 drop_overload=0
[QUEUE_STATS] t_ms=0.010879 q_pkts=14 q_bytes=17248 ecn_mark=658 drop_l4s=0 drop_classic=1247 drop_overload=0
[QUEUE_STATS] t_ms=0.010895 q_pkts=13 q_bytes=16016 ecn_mark=659 drop_l4s=0 drop_classic=1248 drop_overload=0
[QUEUE_STATS] t_ms=0.010911 q_pkts=13 q_bytes=16016 ecn_mark=659 drop_l4s=0 drop_classic=1250 drop_overload=0
[QUEUE_STATS] t_ms=0.010927 q_pkts=14 q_bytes=17248 ecn_mark=660 drop_l4s=0 drop_classic=1251 drop_overload=0
[QUEUE_STATS] t_ms=0.010943 q_pkts=13 q_bytes=16016 ecn_mark=661 drop_l4s=0 drop_classic=1253 drop_overload=0
[QUEUE_STATS] t_ms=0.010959 q_pkts=13 q_bytes=16016 ecn_mark=662 drop_l4s=0 drop_classic=1255 drop_overload=0
[QUEUE_STATS] t_ms=0.010975 q_pkts=11 q_bytes=13552 ecn_mark=663 drop_l4s=0 drop_classic=1258 drop_overload=0
[QUEUE_STATS] t_ms=0.010991 q_pkts=8 q_bytes=9856 ecn_mark=665 drop_l4s=0 drop_classic=1263 drop_overload=0
[QUEUE_STATS] t_ms=0.011007 q_pkts=4 q_bytes=4928 ecn_mark=665 drop_l4s=0 drop_classic=1268 drop_overload=0
[QUEUE_STATS] t_ms=0.011023 q_pkts=5 q_bytes=6160 ecn_mark=667 drop_l4s=0 drop_classic=1269 drop_overload=0
[QUEUE_STATS] t_ms=0.011039 q_pkts=6 q_bytes=7392 ecn_mark=668 drop_l4s=0 drop_classic=1269 drop_overload=0
[QUEUE_STATS] t_ms=0.011055 q_pkts=7 q_bytes=8624 ecn_mark=668 drop_l4s=0 drop_classic=1269 drop_overload=0
[QUEUE_STATS] t_ms=0.011071 q_pkts=7 q_bytes=8624 ecn_mark=670 drop_l4s=0 drop_classic=1270 drop_overload=0
[QUEUE_STATS] t_ms=0.011087 q_pkts=7 q_bytes=8624 ecn_mark=671 drop_l4s=0 drop_classic=1271 drop_overload=0
[QUEUE_STATS] t_ms=0.011103 q_pkts=5 q_bytes=6160 ecn_mark=673 drop_l4s=0 drop_classic=1274 drop_overload=0
[QUEUE_STATS] t_ms=0.011119 q_pkts=4 q_bytes=4928 ecn_mark=673 drop_l4s=0 drop_classic=1276 drop_overload=0
[QUEUE_STATS] t_ms=0.011135 q_pkts=4 q_bytes=4928 ecn_mark=674 drop_l4s=0 drop_classic=1278 drop_overload=0
[QUEUE_STATS] t_ms=0.01115 q_pkts=3 q_bytes=3696 ecn_mark=674 drop_l4s=0 drop_classic=1280 drop_overload=0
[QUEUE_STATS] t_ms=0.011167 q_pkts=6 q_bytes=7392 ecn_mark=674 drop_l4s=0 drop_classic=1280 drop_overload=0
[QUEUE_STATS] t_ms=0.011183 q_pkts=8 q_bytes=9856 ecn_mark=674 drop_l4s=0 drop_classic=1281 drop_overload=0
[QUEUE_STATS] t_ms=0.011199 q_pkts=10 q_bytes=12320 ecn_mark=676 drop_l4s=0 drop_classic=1282 drop_overload=0
[QUEUE_STATS] t_ms=0.011215 q_pkts=13 q_bytes=16016 ecn_mark=676 drop_l4s=0 drop_classic=1282 drop_overload=0
[QUEUE_STATS] t_ms=0.011231 q_pkts=15 q_bytes=18480 ecn_mark=677 drop_l4s=0 drop_classic=1282 drop_overload=0
[QUEUE_STATS] t_ms=0.011247 q_pkts=16 q_bytes=19712 ecn_mark=679 drop_l4s=0 drop_classic=1284 drop_overload=0
[QUEUE_STATS] t_ms=0.011263 q_pkts=18 q_bytes=22176 ecn_mark=680 drop_l4s=0 drop_classic=1284 drop_overload=0
[QUEUE_STATS] t_ms=0.011279 q_pkts=19 q_bytes=23408 ecn_mark=680 drop_l4s=0 drop_classic=1286 drop_overload=0
[QUEUE_STATS] t_ms=0.011295 q_pkts=20 q_bytes=24640 ecn_mark=681 drop_l4s=0 drop_classic=1287 drop_overload=0
[QUEUE_STATS] t_ms=0.011311 q_pkts=21 q_bytes=25872 ecn_mark=682 drop_l4s=0 drop_classic=1288 drop_overload=0
[QUEUE_STATS] t_ms=0.011327 q_pkts=22 q_bytes=27104 ecn_mark=684 drop_l4s=0 drop_classic=1290 drop_overload=0
[QUEUE_STATS] t_ms=0.011343 q_pkts=24 q_bytes=29568 ecn_mark=684 drop_l4s=0 drop_classic=1290 drop_overload=0
[QUEUE_STATS] t_ms=0.011359 q_pkts=24 q_bytes=29568 ecn_mark=685 drop_l4s=0 drop_classic=1291 drop_overload=0
[QUEUE_STATS] t_ms=0.011375 q_pkts=26 q_bytes=32032 ecn_mark=687 drop_l4s=0 drop_classic=1291 drop_overload=0
[QUEUE_STATS] t_ms=0.011391 q_pkts=24 q_bytes=29568 ecn_mark=687 drop_l4s=0 drop_classic=1294 drop_overload=0
[QUEUE_STATS] t_ms=0.011407 q_pkts=24 q_bytes=29568 ecn_mark=689 drop_l4s=0 drop_classic=1297 drop_overload=0
[QUEUE_STATS] t_ms=0.011423 q_pkts=24 q_bytes=29568 ecn_mark=689 drop_l4s=0 drop_classic=1299 drop_overload=0
[QUEUE_STATS] t_ms=0.011439 q_pkts=23 q_bytes=28336 ecn_mark=690 drop_l4s=0 drop_classic=1301 drop_overload=0
[QUEUE_STATS] t_ms=0.011455 q_pkts=23 q_bytes=28336 ecn_mark=691 drop_l4s=0 drop_classic=1303 drop_overload=0
[QUEUE_STATS] t_ms=0.011471 q_pkts=21 q_bytes=25872 ecn_mark=691 drop_l4s=0 drop_classic=1306 drop_overload=0
[QUEUE_STATS] t_ms=0.011487 q_pkts=22 q_bytes=27104 ecn_mark=692 drop_l4s=0 drop_classic=1307 drop_overload=0
[QUEUE_STATS] t_ms=0.011503 q_pkts=18 q_bytes=22176 ecn_mark=692 drop_l4s=0 drop_classic=1313 drop_overload=0
[QUEUE_STATS] t_ms=0.011519 q_pkts=18 q_bytes=22176 ecn_mark=693 drop_l4s=0 drop_classic=1315 drop_overload=0
[QUEUE_STATS] t_ms=0.011535 q_pkts=16 q_bytes=19712 ecn_mark=694 drop_l4s=0 drop_classic=1319 drop_overload=0
[QUEUE_STATS] t_ms=0.011551 q_pkts=13 q_bytes=16016 ecn_mark=695 drop_l4s=0 drop_classic=1323 drop_overload=0
[QUEUE_STATS] t_ms=0.011567 q_pkts=14 q_bytes=17248 ecn_mark=697 drop_l4s=0 drop_classic=1324 drop_overload=0
[QUEUE_STATS] t_ms=0.011583 q_pkts=16 q_bytes=18532 ecn_mark=697 drop_l4s=0 drop_classic=1324 drop_overload=0
[QUEUE_STATS] t_ms=0.011599 q_pkts=16 q_bytes=19712 ecn_mark=699 drop_l4s=0 drop_classic=1326 drop_overload=0
[QUEUE_STATS] t_ms=0.011615 q_pkts=15 q_bytes=18480 ecn_mark=700 drop_l4s=0 drop_classic=1328 drop_overload=0
[QUEUE_STATS] t_ms=0.011631 q_pkts=10 q_bytes=12320 ecn_mark=701 drop_l4s=0 drop_classic=1334 drop_overload=0
[QUEUE_STATS] t_ms=0.011647 q_pkts=9 q_bytes=11088 ecn_mark=702 drop_l4s=0 drop_classic=1336 drop_overload=0
[QUEUE_STATS] t_ms=0.011663 q_pkts=7 q_bytes=8624 ecn_mark=704 drop_l4s=0 drop_classic=1339 drop_overload=0
[QUEUE_STATS] t_ms=0.011678 q_pkts=6 q_bytes=7392 ecn_mark=705 drop_l4s=0 drop_classic=1341 drop_overload=0
[QUEUE_STATS] t_ms=0.011695 q_pkts=6 q_bytes=7392 ecn_mark=706 drop_l4s=0 drop_classic=1342 drop_overload=0
[QUEUE_STATS] t_ms=0.01171 q_pkts=6 q_bytes=7392 ecn_mark=707 drop_l4s=0 drop_classic=1343 drop_overload=0
[QUEUE_STATS] t_ms=0.011727 q_pkts=6 q_bytes=7392 ecn_mark=708 drop_l4s=0 drop_classic=1345 drop_overload=0
[QUEUE_STATS] t_ms=0.011743 q_pkts=7 q_bytes=8624 ecn_mark=709 drop_l4s=0 drop_classic=1346 drop_overload=0
[QUEUE_STATS] t_ms=0.011759 q_pkts=8 q_bytes=9856 ecn_mark=710 drop_l4s=0 drop_classic=1346 drop_overload=0
[QUEUE_STATS] t_ms=0.011775 q_pkts=8 q_bytes=9856 ecn_mark=712 drop_l4s=0 drop_classic=1347 drop_overload=0
[QUEUE_STATS] t_ms=0.011791 q_pkts=8 q_bytes=9856 ecn_mark=713 drop_l4s=0 drop_classic=1349 drop_overload=0
[QUEUE_STATS] t_ms=0.011807 q_pkts=9 q_bytes=11088 ecn_mark=713 drop_l4s=0 drop_classic=1349 drop_overload=0
[QUEUE_STATS] t_ms=0.011823 q_pkts=9 q_bytes=11088 ecn_mark=714 drop_l4s=0 drop_classic=1351 drop_overload=0
[QUEUE_STATS] t_ms=0.011839 q_pkts=9 q_bytes=11088 ecn_mark=714 drop_l4s=0 drop_classic=1352 drop_overload=0
[QUEUE_STATS] t_ms=0.011855 q_pkts=10 q_bytes=12320 ecn_mark=716 drop_l4s=0 drop_classic=1353 drop_overload=0
[QUEUE_STATS] t_ms=0.011871 q_pkts=11 q_bytes=13552 ecn_mark=717 drop_l4s=0 drop_classic=1353 drop_overload=0
[QUEUE_STATS] t_ms=0.011887 q_pkts=10 q_bytes=11665 ecn_mark=718 drop_l4s=0 drop_classic=1357 drop_overload=0
[QUEUE_STATS] t_ms=0.011902 q_pkts=9 q_bytes=11088 ecn_mark=718 drop_l4s=0 drop_classic=1358 drop_overload=0
[QUEUE_STATS] t_ms=0.011918 q_pkts=9 q_bytes=11088 ecn_mark=719 drop_l4s=0 drop_classic=1360 drop_overload=0
[QUEUE_STATS] t_ms=0.011935 q_pkts=10 q_bytes=12320 ecn_mark=720 drop_l4s=0 drop_classic=1361 drop_overload=0
[QUEUE_STATS] t_ms=0.011951 q_pkts=10 q_bytes=12320 ecn_mark=721 drop_l4s=0 drop_classic=1362 drop_overload=0
[QUEUE_STATS] t_ms=0.011967 q_pkts=12 q_bytes=14591 ecn_mark=722 drop_l4s=0 drop_classic=1363 drop_overload=0
[QUEUE_STATS] t_ms=0.011983 q_pkts=12 q_bytes=14784 ecn_mark=722 drop_l4s=0 drop_classic=1364 drop_overload=0
[QUEUE_STATS] t_ms=0.011999 q_pkts=11 q_bytes=13552 ecn_mark=724 drop_l4s=0 drop_classic=1367 drop_overload=0
[QUEUE_STATS] t_ms=0.012015 q_pkts=10 q_bytes=12320 ecn_mark=725 drop_l4s=0 drop_classic=1370 drop_overload=0
[QUEUE_STATS] t_ms=0.012031 q_pkts=9 q_bytes=11088 ecn_mark=727 drop_l4s=0 drop_classic=1373 drop_overload=0
[QUEUE_STATS] t_ms=0.012047 q_pkts=8 q_bytes=9856 ecn_mark=728 drop_l4s=0 drop_classic=1375 drop_overload=0
[QUEUE_STATS] t_ms=0.012063 q_pkts=9 q_bytes=11088 ecn_mark=730 drop_l4s=0 drop_classic=1375 drop_overload=0
[QUEUE_STATS] t_ms=0.012079 q_pkts=9 q_bytes=11088 ecn_mark=731 drop_l4s=0 drop_classic=1376 drop_overload=0
[QUEUE_STATS] t_ms=0.012095 q_pkts=9 q_bytes=11088 ecn_mark=732 drop_l4s=0 drop_classic=1377 drop_overload=0
[QUEUE_STATS] t_ms=0.012111 q_pkts=10 q_bytes=12320 ecn_mark=733 drop_l4s=0 drop_classic=1378 drop_overload=0
[QUEUE_STATS] t_ms=0.012127 q_pkts=11 q_bytes=13552 ecn_mark=734 drop_l4s=0 drop_classic=1378 drop_overload=0
[QUEUE_STATS] t_ms=0.012143 q_pkts=9 q_bytes=11088 ecn_mark=735 drop_l4s=0 drop_classic=1382 drop_overload=0
[QUEUE_STATS] t_ms=0.012159 q_pkts=8 q_bytes=9856 ecn_mark=735 drop_l4s=0 drop_classic=1385 drop_overload=0
[QUEUE_STATS] t_ms=0.012175 q_pkts=9 q_bytes=11088 ecn_mark=736 drop_l4s=0 drop_classic=1386 drop_overload=0
[QUEUE_STATS] t_ms=0.012191 q_pkts=11 q_bytes=13226 ecn_mark=737 drop_l4s=0 drop_classic=1386 drop_overload=0
[QUEUE_STATS] t_ms=0.012207 q_pkts=11 q_bytes=13552 ecn_mark=739 drop_l4s=0 drop_classic=1387 drop_overload=0
[QUEUE_STATS] t_ms=0.012223 q_pkts=11 q_bytes=13552 ecn_mark=739 drop_l4s=0 drop_classic=1389 drop_overload=0
[QUEUE_STATS] t_ms=0.012239 q_pkts=12 q_bytes=14784 ecn_mark=739 drop_l4s=0 drop_classic=1390 drop_overload=0
[QUEUE_STATS] t_ms=0.012255 q_pkts=14 q_bytes=17248 ecn_mark=741 drop_l4s=0 drop_classic=1391 drop_overload=0
[QUEUE_STATS] t_ms=0.012271 q_pkts=13 q_bytes=16016 ecn_mark=741 drop_l4s=0 drop_classic=1393 drop_overload=0
[QUEUE_STATS] t_ms=0.012287 q_pkts=15 q_bytes=18480 ecn_mark=743 drop_l4s=0 drop_classic=1393 drop_overload=0
[QUEUE_STATS] t_ms=0.012303 q_pkts=15 q_bytes=18480 ecn_mark=743 drop_l4s=0 drop_classic=1395 drop_overload=0
[QUEUE_STATS] t_ms=0.012319 q_pkts=16 q_bytes=19712 ecn_mark=744 drop_l4s=0 drop_classic=1396 drop_overload=0
[QUEUE_STATS] t_ms=0.012335 q_pkts=17 q_bytes=20944 ecn_mark=744 drop_l4s=0 drop_classic=1397 drop_overload=0
[QUEUE_STATS] t_ms=0.012351 q_pkts=19 q_bytes=23408 ecn_mark=744 drop_l4s=0 drop_classic=1398 drop_overload=0
[QUEUE_STATS] t_ms=0.012366 q_pkts=18 q_bytes=22176 ecn_mark=745 drop_l4s=0 drop_classic=1400 drop_overload=0
[QUEUE_STATS] t_ms=0.012383 q_pkts=19 q_bytes=23408 ecn_mark=747 drop_l4s=0 drop_classic=1402 drop_overload=0
[QUEUE_STATS] t_ms=0.012399 q_pkts=20 q_bytes=24640 ecn_mark=747 drop_l4s=0 drop_classic=1403 drop_overload=0
[QUEUE_STATS] t_ms=0.012415 q_pkts=22 q_bytes=27104 ecn_mark=748 drop_l4s=0 drop_classic=1404 drop_overload=0
[QUEUE_STATS] t_ms=0.012431 q_pkts=24 q_bytes=29568 ecn_mark=750 drop_l4s=0 drop_classic=1405 drop_overload=0
[QUEUE_STATS] t_ms=0.012447 q_pkts=25 q_bytes=30800 ecn_mark=751 drop_l4s=0 drop_classic=1406 drop_overload=0
[QUEUE_STATS] t_ms=0.012463 q_pkts=27 q_bytes=33264 ecn_mark=752 drop_l4s=0 drop_classic=1406 drop_overload=0
[QUEUE_STATS] t_ms=0.012479 q_pkts=27 q_bytes=33264 ecn_mark=753 drop_l4s=0 drop_classic=1407 drop_overload=0
[QUEUE_STATS] t_ms=0.012495 q_pkts=29 q_bytes=35728 ecn_mark=753 drop_l4s=0 drop_classic=1407 drop_overload=0
[QUEUE_STATS] t_ms=0.012511 q_pkts=30 q_bytes=36960 ecn_mark=754 drop_l4s=0 drop_classic=1407 drop_overload=0
[QUEUE_STATS] t_ms=0.012527 q_pkts=28 q_bytes=34496 ecn_mark=755 drop_l4s=0 drop_classic=1411 drop_overload=0
[QUEUE_STATS] t_ms=0.012543 q_pkts=30 q_bytes=36960 ecn_mark=757 drop_l4s=0 drop_classic=1411 drop_overload=0
[QUEUE_STATS] t_ms=0.012559 q_pkts=28 q_bytes=34496 ecn_mark=757 drop_l4s=0 drop_classic=1414 drop_overload=0
[QUEUE_STATS] t_ms=0.012575 q_pkts=27 q_bytes=32670 ecn_mark=758 drop_l4s=0 drop_classic=1417 drop_overload=0
[QUEUE_STATS] t_ms=0.012591 q_pkts=26 q_bytes=32032 ecn_mark=759 drop_l4s=0 drop_classic=1419 drop_overload=0
[QUEUE_STATS] t_ms=0.012607 q_pkts=26 q_bytes=32032 ecn_mark=761 drop_l4s=0 drop_classic=1420 drop_overload=0
[QUEUE_STATS] t_ms=0.012623 q_pkts=27 q_bytes=33264 ecn_mark=762 drop_l4s=0 drop_classic=1421 drop_overload=0
[QUEUE_STATS] t_ms=0.012639 q_pkts=28 q_bytes=34496 ecn_mark=762 drop_l4s=0 drop_classic=1421 drop_overload=0
[QUEUE_STATS] t_ms=0.012655 q_pkts=30 q_bytes=36960 ecn_mark=763 drop_l4s=0 drop_classic=1421 drop_overload=0
[QUEUE_STATS] t_ms=0.012671 q_pkts=28 q_bytes=34496 ecn_mark=765 drop_l4s=0 drop_classic=1425 drop_overload=0
[QUEUE_STATS] t_ms=0.012687 q_pkts=27 q_bytes=33264 ecn_mark=765 drop_l4s=0 drop_classic=1427 drop_overload=0
[QUEUE_STATS] t_ms=0.012703 q_pkts=28 q_bytes=34496 ecn_mark=766 drop_l4s=0 drop_classic=1428 drop_overload=0
[QUEUE_STATS] t_ms=0.012719 q_pkts=28 q_bytes=34496 ecn_mark=766 drop_l4s=0 drop_classic=1430 drop_overload=0
[QUEUE_STATS] t_ms=0.012735 q_pkts=31 q_bytes=38464 ecn_mark=766 drop_l4s=0 drop_classic=1430 drop_overload=0
[QUEUE_STATS] t_ms=0.012751 q_pkts=33 q_bytes=40656 ecn_mark=766 drop_l4s=0 drop_classic=1430 drop_overload=0
[QUEUE_STATS] t_ms=0.012767 q_pkts=33 q_bytes=40656 ecn_mark=768 drop_l4s=0 drop_classic=1433 drop_overload=0
[QUEUE_STATS] t_ms=0.012783 q_pkts=33 q_bytes=40656 ecn_mark=769 drop_l4s=0 drop_classic=1435 drop_overload=0
[QUEUE_STATS] t_ms=0.012799 q_pkts=32 q_bytes=39424 ecn_mark=771 drop_l4s=0 drop_classic=1439 drop_overload=0
[QUEUE_STATS] t_ms=0.012815 q_pkts=30 q_bytes=36960 ecn_mark=772 drop_l4s=0 drop_classic=1442 drop_overload=0
[QUEUE_STATS] t_ms=0.012831 q_pkts=30 q_bytes=36960 ecn_mark=773 drop_l4s=0 drop_classic=1444 drop_overload=0
[QUEUE_STATS] t_ms=0.012847 q_pkts=30 q_bytes=36960 ecn_mark=774 drop_l4s=0 drop_classic=1445 drop_overload=0
[QUEUE_STATS] t_ms=0.012863 q_pkts=30 q_bytes=36960 ecn_mark=774 drop_l4s=0 drop_classic=1447 drop_overload=0
[QUEUE_STATS] t_ms=0.012879 q_pkts=31 q_bytes=38192 ecn_mark=775 drop_l4s=0 drop_classic=1449 drop_overload=0
[QUEUE_STATS] t_ms=0.012895 q_pkts=30 q_bytes=36960 ecn_mark=775 drop_l4s=0 drop_classic=1451 drop_overload=0
[QUEUE_STATS] t_ms=0.012911 q_pkts=30 q_bytes=36960 ecn_mark=775 drop_l4s=0 drop_classic=1453 drop_overload=0
[QUEUE_STATS] t_ms=0.012927 q_pkts=31 q_bytes=38192 ecn_mark=775 drop_l4s=0 drop_classic=1455 drop_overload=0
[QUEUE_STATS] t_ms=0.012943 q_pkts=31 q_bytes=38192 ecn_mark=777 drop_l4s=0 drop_classic=1457 drop_overload=0
[QUEUE_STATS] t_ms=0.012959 q_pkts=31 q_bytes=38192 ecn_mark=778 drop_l4s=0 drop_classic=1460 drop_overload=0
[QUEUE_STATS] t_ms=0.012975 q_pkts=32 q_bytes=39424 ecn_mark=780 drop_l4s=0 drop_classic=1462 drop_overload=0
[QUEUE_STATS] t_ms=0.012991 q_pkts=34 q_bytes=41888 ecn_mark=781 drop_l4s=0 drop_classic=1462 drop_overload=0
[QUEUE_STATS] t_ms=0.013007 q_pkts=36 q_bytes=44352 ecn_mark=782 drop_l4s=0 drop_classic=1462 drop_overload=0
[QUEUE_STATS] t_ms=0.013023 q_pkts=35 q_bytes=43120 ecn_mark=783 drop_l4s=0 drop_classic=1464 drop_overload=0
[QUEUE_STATS] t_ms=0.013039 q_pkts=33 q_bytes=40656 ecn_mark=784 drop_l4s=0 drop_classic=1468 drop_overload=0
[QUEUE_STATS] t_ms=0.013055 q_pkts=34 q_bytes=41888 ecn_mark=785 drop_l4s=0 drop_classic=1469 drop_overload=0
[QUEUE_STATS] t_ms=0.013071 q_pkts=33 q_bytes=40656 ecn_mark=786 drop_l4s=0 drop_classic=1471 drop_overload=0
[QUEUE_STATS] t_ms=0.013087 q_pkts=32 q_bytes=39424 ecn_mark=787 drop_l4s=0 drop_classic=1473 drop_overload=0
[QUEUE_STATS] t_ms=0.013103 q_pkts=33 q_bytes=40656 ecn_mark=788 drop_l4s=0 drop_classic=1474 drop_overload=0
[QUEUE_STATS] t_ms=0.013119 q_pkts=32 q_bytes=39424 ecn_mark=789 drop_l4s=0 drop_classic=1476 drop_overload=0
[QUEUE_STATS] t_ms=0.013135 q_pkts=29 q_bytes=35728 ecn_mark=790 drop_l4s=0 drop_classic=1481 drop_overload=0
[QUEUE_STATS] t_ms=0.013151 q_pkts=29 q_bytes=35728 ecn_mark=791 drop_l4s=0 drop_classic=1482 drop_overload=0
[QUEUE_STATS] t_ms=0.013167 q_pkts=27 q_bytes=33264 ecn_mark=791 drop_l4s=0 drop_classic=1485 drop_overload=0
[QUEUE_STATS] t_ms=0.013183 q_pkts=24 q_bytes=29568 ecn_mark=793 drop_l4s=0 drop_classic=1489 drop_overload=0
[QUEUE_STATS] t_ms=0.013199 q_pkts=21 q_bytes=25872 ecn_mark=793 drop_l4s=0 drop_classic=1494 drop_overload=0
[QUEUE_STATS] t_ms=0.013215 q_pkts=22 q_bytes=27036 ecn_mark=793 drop_l4s=0 drop_classic=1495 drop_overload=0
[QUEUE_STATS] t_ms=0.013231 q_pkts=19 q_bytes=23408 ecn_mark=795 drop_l4s=0 drop_classic=1499 drop_overload=0
[QUEUE_STATS] t_ms=0.013247 q_pkts=18 q_bytes=22176 ecn_mark=795 drop_l4s=0 drop_classic=1502 drop_overload=0
[QUEUE_STATS] t_ms=0.013263 q_pkts=19 q_bytes=23408 ecn_mark=797 drop_l4s=0 drop_classic=1503 drop_overload=0
[QUEUE_STATS] t_ms=0.013279 q_pkts=19 q_bytes=23408 ecn_mark=798 drop_l4s=0 drop_classic=1504 drop_overload=0
[QUEUE_STATS] t_ms=0.013295 q_pkts=19 q_bytes=23408 ecn_mark=800 drop_l4s=0 drop_classic=1506 drop_overload=0
[QUEUE_STATS] t_ms=0.013311 q_pkts=18 q_bytes=22176 ecn_mark=801 drop_l4s=0 drop_classic=1508 drop_overload=0
[QUEUE_STATS] t_ms=0.013327 q_pkts=18 q_bytes=22176 ecn_mark=802 drop_l4s=0 drop_classic=1509 drop_overload=0
[QUEUE_STATS] t_ms=0.013343 q_pkts=17 q_bytes=20944 ecn_mark=802 drop_l4s=0 drop_classic=1510 drop_overload=0
[QUEUE_STATS] t_ms=0.013359 q_pkts=16 q_bytes=19712 ecn_mark=804 drop_l4s=0 drop_classic=1513 drop_overload=0
[QUEUE_STATS] t_ms=0.013375 q_pkts=12 q_bytes=14784 ecn_mark=806 drop_l4s=0 drop_classic=1518 drop_overload=0
[QUEUE_STATS] t_ms=0.01339 q_pkts=9 q_bytes=11088 ecn_mark=806 drop_l4s=0 drop_classic=1521 drop_overload=0
[QUEUE_STATS] t_ms=0.013407 q_pkts=7 q_bytes=8624 ecn_mark=808 drop_l4s=0 drop_classic=1525 drop_overload=0
[QUEUE_STATS] t_ms=0.013423 q_pkts=4 q_bytes=4928 ecn_mark=809 drop_l4s=0 drop_classic=1529 drop_overload=0
[QUEUE_STATS] t_ms=0.013439 q_pkts=3 q_bytes=3696 ecn_mark=810 drop_l4s=0 drop_classic=1531 drop_overload=0
[QUEUE_STATS] t_ms=0.013455 q_pkts=4 q_bytes=4928 ecn_mark=810 drop_l4s=0 drop_classic=1532 drop_overload=0
[QUEUE_STATS] t_ms=0.013471 q_pkts=5 q_bytes=6160 ecn_mark=811 drop_l4s=0 drop_classic=1533 drop_overload=0
[QUEUE_STATS] t_ms=0.013486 q_pkts=3 q_bytes=3696 ecn_mark=812 drop_l4s=0 drop_classic=1536 drop_overload=0
[QUEUE_STATS] t_ms=0.013503 q_pkts=6 q_bytes=7392 ecn_mark=813 drop_l4s=0 drop_classic=1536 drop_overload=0
[QUEUE_STATS] t_ms=0.013519 q_pkts=5 q_bytes=6160 ecn_mark=813 drop_l4s=0 drop_classic=1538 drop_overload=0
[QUEUE_STATS] t_ms=0.013535 q_pkts=6 q_bytes=7392 ecn_mark=814 drop_l4s=0 drop_classic=1539 drop_overload=0
[QUEUE_STATS] t_ms=0.013551 q_pkts=6 q_bytes=7392 ecn_mark=815 drop_l4s=0 drop_classic=1541 drop_overload=0
[QUEUE_STATS] t_ms=0.013567 q_pkts=5 q_bytes=6160 ecn_mark=816 drop_l4s=0 drop_classic=1544 drop_overload=0
[QUEUE_STATS] t_ms=0.013583 q_pkts=4 q_bytes=4928 ecn_mark=816 drop_l4s=0 drop_classic=1547 drop_overload=0
[QUEUE_STATS] t_ms=0.013599 q_pkts=5 q_bytes=6160 ecn_mark=817 drop_l4s=0 drop_classic=1547 drop_overload=0
[QUEUE_STATS] t_ms=0.013615 q_pkts=3 q_bytes=3696 ecn_mark=818 drop_l4s=0 drop_classic=1551 drop_overload=0
[QUEUE_STATS] t_ms=0.013631 q_pkts=5 q_bytes=6160 ecn_mark=818 drop_l4s=0 drop_classic=1551 drop_overload=0
[QUEUE_STATS] t_ms=0.013647 q_pkts=7 q_bytes=8624 ecn_mark=819 drop_l4s=0 drop_classic=1552 drop_overload=0
[QUEUE_STATS] t_ms=0.013663 q_pkts=8 q_bytes=9856 ecn_mark=820 drop_l4s=0 drop_classic=1552 drop_overload=0
[QUEUE_STATS] t_ms=0.013679 q_pkts=7 q_bytes=8624 ecn_mark=821 drop_l4s=0 drop_classic=1555 drop_overload=0
[QUEUE_STATS] t_ms=0.013695 q_pkts=9 q_bytes=11088 ecn_mark=821 drop_l4s=0 drop_classic=1555 drop_overload=0
[QUEUE_STATS] t_ms=0.013711 q_pkts=9 q_bytes=11088 ecn_mark=822 drop_l4s=0 drop_classic=1556 drop_overload=0
[QUEUE_STATS] t_ms=0.013727 q_pkts=8 q_bytes=9856 ecn_mark=822 drop_l4s=0 drop_classic=1559 drop_overload=0
[QUEUE_STATS] t_ms=0.013743 q_pkts=11 q_bytes=13552 ecn_mark=823 drop_l4s=0 drop_classic=1559 drop_overload=0
[QUEUE_STATS] t_ms=0.013759 q_pkts=11 q_bytes=13552 ecn_mark=823 drop_l4s=0 drop_classic=1561 drop_overload=0
[QUEUE_STATS] t_ms=0.013775 q_pkts=12 q_bytes=14784 ecn_mark=823 drop_l4s=0 drop_classic=1562 drop_overload=0
[QUEUE_STATS] t_ms=0.013791 q_pkts=12 q_bytes=14784 ecn_mark=825 drop_l4s=0 drop_classic=1565 drop_overload=0
[QUEUE_STATS] t_ms=0.013807 q_pkts=12 q_bytes=14784 ecn_mark=826 drop_l4s=0 drop_classic=1567 drop_overload=0
[QUEUE_STATS] t_ms=0.013823 q_pkts=14 q_bytes=17520 ecn_mark=827 drop_l4s=0 drop_classic=1568 drop_overload=0
[QUEUE_STATS] t_ms=0.013839 q_pkts=15 q_bytes=18052 ecn_mark=827 drop_l4s=0 drop_classic=1569 drop_overload=0
[QUEUE_STATS] t_ms=0.013855 q_pkts=15 q_bytes=18480 ecn_mark=828 drop_l4s=0 drop_classic=1570 drop_overload=0
[QUEUE_STATS] t_ms=0.013871 q_pkts=16 q_bytes=19712 ecn_mark=828 drop_l4s=0 drop_classic=1571 drop_overload=0
[QUEUE_STATS] t_ms=0.013887 q_pkts=15 q_bytes=18480 ecn_mark=829 drop_l4s=0 drop_classic=1574 drop_overload=0
[QUEUE_STATS] t_ms=0.013903 q_pkts=18 q_bytes=22176 ecn_mark=829 drop_l4s=0 drop_classic=1574 drop_overload=0
[QUEUE_STATS] t_ms=0.013918 q_pkts=20 q_bytes=24640 ecn_mark=830 drop_l4s=0 drop_classic=1574 drop_overload=0
[QUEUE_STATS] t_ms=0.013935 q_pkts=22 q_bytes=27104 ecn_mark=832 drop_l4s=0 drop_classic=1575 drop_overload=0
[QUEUE_STATS] t_ms=0.013951 q_pkts=23 q_bytes=28336 ecn_mark=833 drop_l4s=0 drop_classic=1576 drop_overload=0
[QUEUE_STATS] t_ms=0.013967 q_pkts=23 q_bytes=28336 ecn_mark=834 drop_l4s=0 drop_classic=1577 drop_overload=0
[QUEUE_STATS] t_ms=0.013983 q_pkts=24 q_bytes=29568 ecn_mark=836 drop_l4s=0 drop_classic=1578 drop_overload=0
[QUEUE_STATS] t_ms=0.013999 q_pkts=25 q_bytes=30800 ecn_mark=837 drop_l4s=0 drop_classic=1579 drop_overload=0
[QUEUE_STATS] t_ms=0.014015 q_pkts=24 q_bytes=29568 ecn_mark=838 drop_l4s=0 drop_classic=1581 drop_overload=0
[QUEUE_STATS] t_ms=0.014031 q_pkts=22 q_bytes=27104 ecn_mark=839 drop_l4s=0 drop_classic=1584 drop_overload=0
[QUEUE_STATS] t_ms=0.014047 q_pkts=18 q_bytes=22176 ecn_mark=840 drop_l4s=0 drop_classic=1588 drop_overload=0
[QUEUE_STATS] t_ms=0.014063 q_pkts=18 q_bytes=22176 ecn_mark=840 drop_l4s=0 drop_classic=1589 drop_overload=0
[QUEUE_STATS] t_ms=0.014079 q_pkts=20 q_bytes=24640 ecn_mark=841 drop_l4s=0 drop_classic=1589 drop_overload=0
[QUEUE_STATS] t_ms=0.014095 q_pkts=19 q_bytes=23408 ecn_mark=842 drop_l4s=0 drop_classic=1591 drop_overload=0
[QUEUE_STATS] t_ms=0.014111 q_pkts=19 q_bytes=23408 ecn_mark=844 drop_l4s=0 drop_classic=1593 drop_overload=0
[QUEUE_STATS] t_ms=0.014127 q_pkts=20 q_bytes=24640 ecn_mark=845 drop_l4s=0 drop_classic=1593 drop_overload=0
[QUEUE_STATS] t_ms=0.014143 q_pkts=19 q_bytes=23408 ecn_mark=845 drop_l4s=0 drop_classic=1596 drop_overload=0
[QUEUE_STATS] t_ms=0.014159 q_pkts=20 q_bytes=24640 ecn_mark=846 drop_l4s=0 drop_classic=1597 drop_overload=0
[QUEUE_STATS] t_ms=0.014175 q_pkts=17 q_bytes=20944 ecn_mark=847 drop_l4s=0 drop_classic=1601 drop_overload=0
[QUEUE_STATS] t_ms=0.014191 q_pkts=18 q_bytes=22176 ecn_mark=847 drop_l4s=0 drop_classic=1602 drop_overload=0
[QUEUE_STATS] t_ms=0.014207 q_pkts=22 q_bytes=26047 ecn_mark=847 drop_l4s=0 drop_classic=1602 drop_overload=0
[QUEUE_STATS] t_ms=0.014223 q_pkts=21 q_bytes=25872 ecn_mark=849 drop_l4s=0 drop_classic=1603 drop_overload=0
[QUEUE_STATS] t_ms=0.014239 q_pkts=22 q_bytes=27104 ecn_mark=850 drop_l4s=0 drop_classic=1605 drop_overload=0
[QUEUE_STATS] t_ms=0.014255 q_pkts=21 q_bytes=25872 ecn_mark=850 drop_l4s=0 drop_classic=1608 drop_overload=0
[QUEUE_STATS] t_ms=0.014271 q_pkts=22 q_bytes=27104 ecn_mark=851 drop_l4s=0 drop_classic=1610 drop_overload=0
[QUEUE_STATS] t_ms=0.014287 q_pkts=22 q_bytes=27104 ecn_mark=852 drop_l4s=0 drop_classic=1613 drop_overload=0
[QUEUE_STATS] t_ms=0.014303 q_pkts=24 q_bytes=29568 ecn_mark=852 drop_l4s=0 drop_classic=1613 drop_overload=0
[QUEUE_STATS] t_ms=0.014319 q_pkts=27 q_bytes=33264 ecn_mark=854 drop_l4s=0 drop_classic=1613 drop_overload=0
[QUEUE_STATS] t_ms=0.014335 q_pkts=28 q_bytes=34496 ecn_mark=855 drop_l4s=0 drop_classic=1615 drop_overload=0
[QUEUE_STATS] t_ms=0.014351 q_pkts=23 q_bytes=28336 ecn_mark=856 drop_l4s=0 drop_classic=1621 drop_overload=0
[QUEUE_STATS] t_ms=0.014367 q_pkts=24 q_bytes=29568 ecn_mark=858 drop_l4s=0 drop_classic=1623 drop_overload=0
[QUEUE_STATS] t_ms=0.014383 q_pkts=25 q_bytes=30800 ecn_mark=859 drop_l4s=0 drop_classic=1624 drop_overload=0
[QUEUE_STATS] t_ms=0.014399 q_pkts=22 q_bytes=27104 ecn_mark=860 drop_l4s=0 drop_classic=1628 drop_overload=0
[QUEUE_STATS] t_ms=0.014415 q_pkts=23 q_bytes=28336 ecn_mark=862 drop_l4s=0 drop_classic=1629 drop_overload=0
[QUEUE_STATS] t_ms=0.014431 q_pkts=24 q_bytes=29568 ecn_mark=862 drop_l4s=0 drop_classic=1629 drop_overload=0
[QUEUE_STATS] t_ms=0.014447 q_pkts=24 q_bytes=29568 ecn_mark=863 drop_l4s=0 drop_classic=1630 drop_overload=0
[QUEUE_STATS] t_ms=0.014463 q_pkts=22 q_bytes=27104 ecn_mark=864 drop_l4s=0 drop_classic=1634 drop_overload=0
[QUEUE_STATS] t_ms=0.014479 q_pkts=21 q_bytes=25872 ecn_mark=866 drop_l4s=0 drop_classic=1637 drop_overload=0
[QUEUE_STATS] t_ms=0.014495 q_pkts=22 q_bytes=27104 ecn_mark=867 drop_l4s=0 drop_classic=1637 drop_overload=0
[QUEUE_STATS] t_ms=0.014511 q_pkts=22 q_bytes=27104 ecn_mark=867 drop_l4s=0 drop_classic=1639 drop_overload=0
[QUEUE_STATS] t_ms=0.014527 q_pkts=22 q_bytes=27104 ecn_mark=868 drop_l4s=0 drop_classic=1640 drop_overload=0
[QUEUE_STATS] t_ms=0.014543 q_pkts=24 q_bytes=29568 ecn_mark=869 drop_l4s=0 drop_classic=1640 drop_overload=0
[QUEUE_STATS] t_ms=0.014559 q_pkts=23 q_bytes=28336 ecn_mark=869 drop_l4s=0 drop_classic=1643 drop_overload=0
[QUEUE_STATS] t_ms=0.014575 q_pkts=22 q_bytes=27104 ecn_mark=870 drop_l4s=0 drop_classic=1646 drop_overload=0
[QUEUE_STATS] t_ms=0.014591 q_pkts=22 q_bytes=27104 ecn_mark=870 drop_l4s=0 drop_classic=1648 drop_overload=0
[QUEUE_STATS] t_ms=0.014607 q_pkts=25 q_bytes=30800 ecn_mark=872 drop_l4s=0 drop_classic=1648 drop_overload=0
[QUEUE_STATS] t_ms=0.014623 q_pkts=25 q_bytes=30800 ecn_mark=873 drop_l4s=0 drop_classic=1650 drop_overload=0
[QUEUE_STATS] t_ms=0.014639 q_pkts=23 q_bytes=28336 ecn_mark=873 drop_l4s=0 drop_classic=1654 drop_overload=0
[QUEUE_STATS] t_ms=0.014655 q_pkts=24 q_bytes=29568 ecn_mark=874 drop_l4s=0 drop_classic=1655 drop_overload=0
[QUEUE_STATS] t_ms=0.014671 q_pkts=25 q_bytes=30800 ecn_mark=876 drop_l4s=0 drop_classic=1656 drop_overload=0
[QUEUE_STATS] t_ms=0.014687 q_pkts=22 q_bytes=27104 ecn_mark=876 drop_l4s=0 drop_classic=1661 drop_overload=0
[QUEUE_STATS] t_ms=0.014703 q_pkts=24 q_bytes=29568 ecn_mark=877 drop_l4s=0 drop_classic=1662 drop_overload=0
[QUEUE_STATS] t_ms=0.014719 q_pkts=21 q_bytes=25872 ecn_mark=878 drop_l4s=0 drop_classic=1666 drop_overload=0
[QUEUE_STATS] t_ms=0.014735 q_pkts=21 q_bytes=25872 ecn_mark=879 drop_l4s=0 drop_classic=1668 drop_overload=0
[QUEUE_STATS] t_ms=0.01475 q_pkts=21 q_bytes=25872 ecn_mark=880 drop_l4s=0 drop_classic=1670 drop_overload=0
[QUEUE_STATS] t_ms=0.014767 q_pkts=22 q_bytes=27104 ecn_mark=882 drop_l4s=0 drop_classic=1671 drop_overload=0
[QUEUE_STATS] t_ms=0.014783 q_pkts=21 q_bytes=25872 ecn_mark=883 drop_l4s=0 drop_classic=1674 drop_overload=0
[QUEUE_STATS] t_ms=0.014799 q_pkts=19 q_bytes=23408 ecn_mark=883 drop_l4s=0 drop_classic=1677 drop_overload=0
[QUEUE_STATS] t_ms=0.014815 q_pkts=15 q_bytes=18480 ecn_mark=884 drop_l4s=0 drop_classic=1682 drop_overload=0
[QUEUE_STATS] t_ms=0.014831 q_pkts=16 q_bytes=19712 ecn_mark=885 drop_l4s=0 drop_classic=1683 drop_overload=0
[QUEUE_STATS] t_ms=0.014847 q_pkts=14 q_bytes=16809 ecn_mark=885 drop_l4s=0 drop_classic=1687 drop_overload=0
[QUEUE_STATS] t_ms=0.014863 q_pkts=14 q_bytes=17248 ecn_mark=886 drop_l4s=0 drop_classic=1688 drop_overload=0
[QUEUE_STATS] t_ms=0.014879 q_pkts=13 q_bytes=16016 ecn_mark=888 drop_l4s=0 drop_classic=1690 drop_overload=0
[QUEUE_STATS] t_ms=0.014895 q_pkts=14 q_bytes=17248 ecn_mark=889 drop_l4s=0 drop_classic=1691 drop_overload=0
[QUEUE_STATS] t_ms=0.01491 q_pkts=12 q_bytes=14784 ecn_mark=889 drop_l4s=0 drop_classic=1694 drop_overload=0
[QUEUE_STATS] t_ms=0.014927 q_pkts=13 q_bytes=16016 ecn_mark=890 drop_l4s=0 drop_classic=1695 drop_overload=0
[QUEUE_STATS] t_ms=0.014943 q_pkts=13 q_bytes=16016 ecn_mark=891 drop_l4s=0 drop_classic=1697 drop_overload=0
[QUEUE_STATS] t_ms=0.014959 q_pkts=14 q_bytes=17248 ecn_mark=891 drop_l4s=0 drop_classic=1697 drop_overload=0
[QUEUE_STATS] t_ms=0.014975 q_pkts=13 q_bytes=16016 ecn_mark=893 drop_l4s=0 drop_classic=1700 drop_overload=0
[QUEUE_STATS] t_ms=0.014991 q_pkts=14 q_bytes=17248 ecn_mark=895 drop_l4s=0 drop_classic=1701 drop_overload=0
[QUEUE_STATS] t_ms=0.015007 q_pkts=12 q_bytes=14784 ecn_mark=896 drop_l4s=0 drop_classic=1704 drop_overload=0
[QUEUE_STATS] t_ms=0.015023 q_pkts=11 q_bytes=13552 ecn_mark=898 drop_l4s=0 drop_classic=1706 drop_overload=0
[QUEUE_STATS] t_ms=0.015039 q_pkts=11 q_bytes=13552 ecn_mark=899 drop_l4s=0 drop_classic=1707 drop_overload=0
[QUEUE_STATS] t_ms=0.015055 q_pkts=10 q_bytes=12320 ecn_mark=900 drop_l4s=0 drop_classic=1709 drop_overload=0
[QUEUE_STATS] t_ms=0.015071 q_pkts=6 q_bytes=7392 ecn_mark=902 drop_l4s=0 drop_classic=1714 drop_overload=0
[QUEUE_STATS] t_ms=0.015087 q_pkts=7 q_bytes=8624 ecn_mark=904 drop_l4s=0 drop_classic=1714 drop_overload=0
[QUEUE_STATS] t_ms=0.015103 q_pkts=8 q_bytes=9856 ecn_mark=905 drop_l4s=0 drop_classic=1715 drop_overload=0
[QUEUE_STATS] t_ms=0.015119 q_pkts=10 q_bytes=11524 ecn_mark=907 drop_l4s=0 drop_classic=1715 drop_overload=0
[QUEUE_STATS] t_ms=0.015134 q_pkts=7 q_bytes=8624 ecn_mark=909 drop_l4s=0 drop_classic=1718 drop_overload=0
[QUEUE_STATS] t_ms=0.015151 q_pkts=7 q_bytes=8624 ecn_mark=911 drop_l4s=0 drop_classic=1719 drop_overload=0
[QUEUE_STATS] t_ms=0.015167 q_pkts=8 q_bytes=9856 ecn_mark=912 drop_l4s=0 drop_classic=1719 drop_overload=0
[QUEUE_STATS] t_ms=0.015183 q_pkts=5 q_bytes=6160 ecn_mark=915 drop_l4s=0 drop_classic=1723 drop_overload=0
[QUEUE_STATS] t_ms=0.015199 q_pkts=4 q_bytes=4928 ecn_mark=916 drop_l4s=0 drop_classic=1726 drop_overload=0
[QUEUE_STATS] t_ms=0.015215 q_pkts=5 q_bytes=6160 ecn_mark=917 drop_l4s=0 drop_classic=1726 drop_overload=0
[QUEUE_STATS] t_ms=0.015231 q_pkts=7 q_bytes=7922 ecn_mark=917 drop_l4s=0 drop_classic=1726 drop_overload=0
[QUEUE_STATS] t_ms=0.015247 q_pkts=8 q_bytes=9856 ecn_mark=918 drop_l4s=0 drop_classic=1727 drop_overload=0
[QUEUE_STATS] t_ms=0.015263 q_pkts=8 q_bytes=9856 ecn_mark=918 drop_l4s=0 drop_classic=1729 drop_overload=0
[QUEUE_STATS] t_ms=0.015278 q_pkts=3 q_bytes=3696 ecn_mark=918 drop_l4s=0 drop_classic=1735 drop_overload=0
[QUEUE_STATS] t_ms=0.015295 q_pkts=6 q_bytes=7392 ecn_mark=918 drop_l4s=0 drop_classic=1735 drop_overload=0
[QUEUE_STATS] t_ms=0.015311 q_pkts=9 q_bytes=11088 ecn_mark=919 drop_l4s=0 drop_classic=1735 drop_overload=0
[QUEUE_STATS] t_ms=0.015327 q_pkts=10 q_bytes=12320 ecn_mark=919 drop_l4s=0 drop_classic=1737 drop_overload=0
[QUEUE_STATS] t_ms=0.015343 q_pkts=11 q_bytes=13552 ecn_mark=920 drop_l4s=0 drop_classic=1739 drop_overload=0
[QUEUE_STATS] t_ms=0.015359 q_pkts=14 q_bytes=17520 ecn_mark=921 drop_l4s=0 drop_classic=1740 drop_overload=0
[QUEUE_STATS] t_ms=0.015375 q_pkts=13 q_bytes=16016 ecn_mark=922 drop_l4s=0 drop_classic=1743 drop_overload=0
[QUEUE_STATS] t_ms=0.015391 q_pkts=16 q_bytes=19712 ecn_mark=923 drop_l4s=0 drop_classic=1743 drop_overload=0
[QUEUE_STATS] t_ms=0.015407 q_pkts=19 q_bytes=23408 ecn_mark=924 drop_l4s=0 drop_classic=1743 drop_overload=0
[QUEUE_STATS] t_ms=0.015423 q_pkts=20 q_bytes=24640 ecn_mark=925 drop_l4s=0 drop_classic=1745 drop_overload=0
[QUEUE_STATS] t_ms=0.015439 q_pkts=22 q_bytes=27104 ecn_mark=926 drop_l4s=0 drop_classic=1745 drop_overload=0
[QUEUE_STATS] t_ms=0.015455 q_pkts=24 q_bytes=29568 ecn_mark=927 drop_l4s=0 drop_classic=1746 drop_overload=0
[QUEUE_STATS] t_ms=0.015471 q_pkts=25 q_bytes=30800 ecn_mark=927 drop_l4s=0 drop_classic=1747 drop_overload=0
[QUEUE_STATS] t_ms=0.015487 q_pkts=24 q_bytes=29568 ecn_mark=928 drop_l4s=0 drop_classic=1751 drop_overload=0
[QUEUE_STATS] t_ms=0.015503 q_pkts=23 q_bytes=28336 ecn_mark=930 drop_l4s=0 drop_classic=1755 drop_overload=0
[QUEUE_STATS] t_ms=0.015519 q_pkts=23 q_bytes=28336 ecn_mark=930 drop_l4s=0 drop_classic=1756 drop_overload=0
[QUEUE_STATS] t_ms=0.015535 q_pkts=26 q_bytes=32032 ecn_mark=931 drop_l4s=0 drop_classic=1756 drop_overload=0
[QUEUE_STATS] t_ms=0.015551 q_pkts=27 q_bytes=33264 ecn_mark=931 drop_l4s=0 drop_classic=1757 drop_overload=0
[QUEUE_STATS] t_ms=0.015567 q_pkts=29 q_bytes=35728 ecn_mark=932 drop_l4s=0 drop_classic=1758 drop_overload=0
[QUEUE_STATS] t_ms=0.015583 q_pkts=28 q_bytes=34496 ecn_mark=933 drop_l4s=0 drop_classic=1761 drop_overload=0
[QUEUE_STATS] t_ms=0.015599 q_pkts=27 q_bytes=33264 ecn_mark=934 drop_l4s=0 drop_classic=1764 drop_overload=0
[QUEUE_STATS] t_ms=0.015615 q_pkts=27 q_bytes=33264 ecn_mark=934 drop_l4s=0 drop_classic=1767 drop_overload=0
[QUEUE_STATS] t_ms=0.015631 q_pkts=29 q_bytes=35728 ecn_mark=935 drop_l4s=0 drop_classic=1767 drop_overload=0
[QUEUE_STATS] t_ms=0.015647 q_pkts=27 q_bytes=33264 ecn_mark=935 drop_l4s=0 drop_classic=1771 drop_overload=0
[QUEUE_STATS] t_ms=0.015663 q_pkts=27 q_bytes=33264 ecn_mark=937 drop_l4s=0 drop_classic=1773 drop_overload=0
[QUEUE_STATS] t_ms=0.015679 q_pkts=28 q_bytes=34496 ecn_mark=938 drop_l4s=0 drop_classic=1775 drop_overload=0
[QUEUE_STATS] t_ms=0.015695 q_pkts=29 q_bytes=35728 ecn_mark=940 drop_l4s=0 drop_classic=1776 drop_overload=0
[QUEUE_STATS] t_ms=0.015711 q_pkts=27 q_bytes=33264 ecn_mark=940 drop_l4s=0 drop_classic=1779 drop_overload=0
[QUEUE_STATS] t_ms=0.015727 q_pkts=27 q_bytes=33264 ecn_mark=942 drop_l4s=0 drop_classic=1782 drop_overload=0
[QUEUE_STATS] t_ms=0.015743 q_pkts=26 q_bytes=32032 ecn_mark=943 drop_l4s=0 drop_classic=1785 drop_overload=0
[QUEUE_STATS] t_ms=0.015759 q_pkts=28 q_bytes=34150 ecn_mark=944 drop_l4s=0 drop_classic=1785 drop_overload=0
[QUEUE_STATS] t_ms=0.015775 q_pkts=27 q_bytes=33264 ecn_mark=945 drop_l4s=0 drop_classic=1787 drop_overload=0
[QUEUE_STATS] t_ms=0.015791 q_pkts=26 q_bytes=32032 ecn_mark=947 drop_l4s=0 drop_classic=1790 drop_overload=0
[QUEUE_STATS] t_ms=0.015807 q_pkts=26 q_bytes=32032 ecn_mark=948 drop_l4s=0 drop_classic=1791 drop_overload=0
[QUEUE_STATS] t_ms=0.015823 q_pkts=27 q_bytes=33264 ecn_mark=949 drop_l4s=0 drop_classic=1792 drop_overload=0
[QUEUE_STATS] t_ms=0.015839 q_pkts=26 q_bytes=32032 ecn_mark=949 drop_l4s=0 drop_classic=1794 drop_overload=0
[QUEUE_STATS] t_ms=0.015855 q_pkts=25 q_bytes=30800 ecn_mark=950 drop_l4s=0 drop_classic=1797 drop_overload=0
[QUEUE_STATS] t_ms=0.015871 q_pkts=24 q_bytes=29200 ecn_mark=951 drop_l4s=0 drop_classic=1800 drop_overload=0
[QUEUE_STATS] t_ms=0.015887 q_pkts=24 q_bytes=29568 ecn_mark=952 drop_l4s=0 drop_classic=1801 drop_overload=0
[QUEUE_STATS] t_ms=0.015903 q_pkts=25 q_bytes=30800 ecn_mark=954 drop_l4s=0 drop_classic=1802 drop_overload=0
[QUEUE_STATS] t_ms=0.015919 q_pkts=23 q_bytes=28336 ecn_mark=954 drop_l4s=0 drop_classic=1805 drop_overload=0
[QUEUE_STATS] t_ms=0.015935 q_pkts=21 q_bytes=25872 ecn_mark=955 drop_l4s=0 drop_classic=1809 drop_overload=0
[QUEUE_STATS] t_ms=0.015951 q_pkts=20 q_bytes=24640 ecn_mark=956 drop_l4s=0 drop_classic=1812 drop_overload=0
[QUEUE_STATS] t_ms=0.015967 q_pkts=21 q_bytes=25872 ecn_mark=956 drop_l4s=0 drop_classic=1812 drop_overload=0
[QUEUE_STATS] t_ms=0.015983 q_pkts=21 q_bytes=25872 ecn_mark=957 drop_l4s=0 drop_classic=1814 drop_overload=0
[QUEUE_STATS] t_ms=0.015999 q_pkts=21 q_bytes=25872 ecn_mark=959 drop_l4s=0 drop_classic=1816 drop_overload=0
[QUEUE_STATS] t_ms=0.016015 q_pkts=22 q_bytes=27104 ecn_mark=959 drop_l4s=0 drop_classic=1817 drop_overload=0
[QUEUE_STATS] t_ms=0.016031 q_pkts=22 q_bytes=27104 ecn_mark=960 drop_l4s=0 drop_classic=1819 drop_overload=0
[QUEUE_STATS] t_ms=0.016047 q_pkts=17 q_bytes=20944 ecn_mark=962 drop_l4s=0 drop_classic=1825 drop_overload=0
[QUEUE_STATS] t_ms=0.016063 q_pkts=16 q_bytes=19712 ecn_mark=962 drop_l4s=0 drop_classic=1828 drop_overload=0
[QUEUE_STATS] t_ms=0.016079 q_pkts=17 q_bytes=20944 ecn_mark=964 drop_l4s=0 drop_classic=1829 drop_overload=0
[QUEUE_STATS] t_ms=0.016095 q_pkts=15 q_bytes=18480 ecn_mark=964 drop_l4s=0 drop_classic=1832 drop_overload=0
[QUEUE_STATS] t_ms=0.016111 q_pkts=17 q_bytes=20944 ecn_mark=966 drop_l4s=0 drop_classic=1832 drop_overload=0
[QUEUE_STATS] t_ms=0.016127 q_pkts=18 q_bytes=22176 ecn_mark=967 drop_l4s=0 drop_classic=1832 drop_overload=0
[QUEUE_STATS] t_ms=0.016143 q_pkts=18 q_bytes=22176 ecn_mark=968 drop_l4s=0 drop_classic=1834 drop_overload=0
[QUEUE_STATS] t_ms=0.016159 q_pkts=12 q_bytes=14784 ecn_mark=969 drop_l4s=0 drop_classic=1842 drop_overload=0
[QUEUE_STATS] t_ms=0.016175 q_pkts=11 q_bytes=13552 ecn_mark=970 drop_l4s=0 drop_classic=1844 drop_overload=0
[QUEUE_STATS] t_ms=0.016191 q_pkts=10 q_bytes=12320 ecn_mark=971 drop_l4s=0 drop_classic=1846 drop_overload=0
[QUEUE_STATS] t_ms=0.016207 q_pkts=11 q_bytes=13552 ecn_mark=971 drop_l4s=0 drop_classic=1847 drop_overload=0
[QUEUE_STATS] t_ms=0.016223 q_pkts=9 q_bytes=11088 ecn_mark=971 drop_l4s=0 drop_classic=1850 drop_overload=0
[QUEUE_STATS] t_ms=0.016239 q_pkts=10 q_bytes=12320 ecn_mark=972 drop_l4s=0 drop_classic=1851 drop_overload=0
[QUEUE_STATS] t_ms=0.016255 q_pkts=11 q_bytes=13552 ecn_mark=974 drop_l4s=0 drop_classic=1852 drop_overload=0
[QUEUE_STATS] t_ms=0.016271 q_pkts=10 q_bytes=12320 ecn_mark=976 drop_l4s=0 drop_classic=1855 drop_overload=0
[QUEUE_STATS] t_ms=0.016287 q_pkts=11 q_bytes=13552 ecn_mark=977 drop_l4s=0 drop_classic=1856 drop_overload=0
[QUEUE_STATS] t_ms=0.016303 q_pkts=8 q_bytes=9856 ecn_mark=978 drop_l4s=0 drop_classic=1860 drop_overload=0
[QUEUE_STATS] t_ms=0.016319 q_pkts=10 q_bytes=12320 ecn_mark=979 drop_l4s=0 drop_classic=1860 drop_overload=0
[QUEUE_STATS] t_ms=0.016335 q_pkts=11 q_bytes=12953 ecn_mark=980 drop_l4s=0 drop_classic=1861 drop_overload=0
[QUEUE_STATS] t_ms=0.016351 q_pkts=9 q_bytes=11088 ecn_mark=982 drop_l4s=0 drop_classic=1863 drop_overload=0
[QUEUE_STATS] t_ms=0.016367 q_pkts=8 q_bytes=9856 ecn_mark=984 drop_l4s=0 drop_classic=1866 drop_overload=0
[QUEUE_STATS] t_ms=0.016383 q_pkts=7 q_bytes=8624 ecn_mark=985 drop_l4s=0 drop_classic=1867 drop_overload=0
[QUEUE_STATS] t_ms=0.016399 q_pkts=6 q_bytes=7392 ecn_mark=987 drop_l4s=0 drop_classic=1869 drop_overload=0
[QUEUE_STATS] t_ms=0.016415 q_pkts=5 q_bytes=6160 ecn_mark=989 drop_l4s=0 drop_classic=1871 drop_overload=0
[QUEUE_STATS] t_ms=0.01643 q_pkts=6 q_bytes=7392 ecn_mark=989 drop_l4s=0 drop_classic=1871 drop_overload=0
[QUEUE_STATS] t_ms=0.016447 q_pkts=8 q_bytes=9856 ecn_mark=989 drop_l4s=0 drop_classic=1871 drop_overload=0
[QUEUE_STATS] t_ms=0.016463 q_pkts=9 q_bytes=11088 ecn_mark=990 drop_l4s=0 drop_classic=1872 drop_overload=0
[QUEUE_STATS] t_ms=0.016479 q_pkts=9 q_bytes=11252 ecn_mark=990 drop_l4s=0 drop_classic=1874 drop_overload=0
[QUEUE_STATS] t_ms=0.016495 q_pkts=10 q_bytes=12320 ecn_mark=991 drop_l4s=0 drop_classic=1875 drop_overload=0
[QUEUE_STATS] t_ms=0.016511 q_pkts=11 q_bytes=13552 ecn_mark=992 drop_l4s=0 drop_classic=1876 drop_overload=0
[QUEUE_STATS] t_ms=0.016527 q_pkts=7 q_bytes=8624 ecn_mark=993 drop_l4s=0 drop_classic=1881 drop_overload=0
[QUEUE_STATS] t_ms=0.016543 q_pkts=8 q_bytes=9856 ecn_mark=995 drop_l4s=0 drop_classic=1882 drop_overload=0
[QUEUE_STATS] t_ms=0.016559 q_pkts=7 q_bytes=8624 ecn_mark=995 drop_l4s=0 drop_classic=1884 drop_overload=0
[QUEUE_STATS] t_ms=0.016575 q_pkts=10 q_bytes=12139 ecn_mark=996 drop_l4s=0 drop_classic=1884 drop_overload=0
[QUEUE_STATS] t_ms=0.016591 q_pkts=11 q_bytes=13371 ecn_mark=997 drop_l4s=0 drop_classic=1884 drop_overload=0
[QUEUE_STATS] t_ms=0.016607 q_pkts=9 q_bytes=11088 ecn_mark=998 drop_l4s=0 drop_classic=1886 drop_overload=0
[QUEUE_STATS] t_ms=0.016623 q_pkts=7 q_bytes=8624 ecn_mark=1000 drop_l4s=0 drop_classic=1889 drop_overload=0
[QUEUE_STATS] t_ms=0.016639 q_pkts=7 q_bytes=8624 ecn_mark=1001 drop_l4s=0 drop_classic=1890 drop_overload=0
[QUEUE_STATS] t_ms=0.016655 q_pkts=8 q_bytes=9856 ecn_mark=1001 drop_l4s=0 drop_classic=1891 drop_overload=0
[QUEUE_STATS] t_ms=0.016671 q_pkts=9 q_bytes=11088 ecn_mark=1002 drop_l4s=0 drop_classic=1892 drop_overload=0
[QUEUE_STATS] t_ms=0.016687 q_pkts=10 q_bytes=12320 ecn_mark=1002 drop_l4s=0 drop_classic=1892 drop_overload=0
[QUEUE_STATS] t_ms=0.016703 q_pkts=11 q_bytes=13552 ecn_mark=1003 drop_l4s=0 drop_classic=1894 drop_overload=0
[QUEUE_STATS] t_ms=0.016719 q_pkts=11 q_bytes=13552 ecn_mark=1003 drop_l4s=0 drop_classic=1895 drop_overload=0
[QUEUE_STATS] t_ms=0.016735 q_pkts=13 q_bytes=16016 ecn_mark=1004 drop_l4s=0 drop_classic=1896 drop_overload=0
[QUEUE_STATS] t_ms=0.016751 q_pkts=14 q_bytes=17248 ecn_mark=1004 drop_l4s=0 drop_classic=1897 drop_overload=0
[QUEUE_STATS] t_ms=0.016767 q_pkts=17 q_bytes=20944 ecn_mark=1004 drop_l4s=0 drop_classic=1897 drop_overload=0
[QUEUE_STATS] t_ms=0.016783 q_pkts=21 q_bytes=25872 ecn_mark=1005 drop_l4s=0 drop_classic=1897 drop_overload=0
[QUEUE_STATS] t_ms=0.016799 q_pkts=22 q_bytes=27104 ecn_mark=1007 drop_l4s=0 drop_classic=1898 drop_overload=0
[QUEUE_STATS] t_ms=0.016815 q_pkts=24 q_bytes=29568 ecn_mark=1009 drop_l4s=0 drop_classic=1899 drop_overload=0
[QUEUE_STATS] t_ms=0.016831 q_pkts=25 q_bytes=30800 ecn_mark=1009 drop_l4s=0 drop_classic=1901 drop_overload=0
[QUEUE_STATS] t_ms=0.016847 q_pkts=27 q_bytes=33264 ecn_mark=1010 drop_l4s=0 drop_classic=1902 drop_overload=0
[QUEUE_STATS] t_ms=0.016863 q_pkts=28 q_bytes=34496 ecn_mark=1011 drop_l4s=0 drop_classic=1904 drop_overload=0
[QUEUE_STATS] t_ms=0.016879 q_pkts=27 q_bytes=33264 ecn_mark=1012 drop_l4s=0 drop_classic=1907 drop_overload=0
[QUEUE_STATS] t_ms=0.016895 q_pkts=27 q_bytes=33264 ecn_mark=1013 drop_l4s=0 drop_classic=1909 drop_overload=0
[QUEUE_STATS] t_ms=0.016911 q_pkts=29 q_bytes=35728 ecn_mark=1014 drop_l4s=0 drop_classic=1909 drop_overload=0
[QUEUE_STATS] t_ms=0.016927 q_pkts=32 q_bytes=39424 ecn_mark=1014 drop_l4s=0 drop_classic=1909 drop_overload=0
[QUEUE_STATS] t_ms=0.016943 q_pkts=33 q_bytes=40656 ecn_mark=1016 drop_l4s=0 drop_classic=1910 drop_overload=0
[QUEUE_STATS] t_ms=0.016959 q_pkts=35 q_bytes=43120 ecn_mark=1017 drop_l4s=0 drop_classic=1910 drop_overload=0
[QUEUE_STATS] t_ms=0.016975 q_pkts=32 q_bytes=39424 ecn_mark=1019 drop_l4s=0 drop_classic=1915 drop_overload=0
[QUEUE_STATS] t_ms=0.016991 q_pkts=30 q_bytes=36960 ecn_mark=1020 drop_l4s=0 drop_classic=1918 drop_overload=0
[QUEUE_STATS] t_ms=0.017006 q_pkts=30 q_bytes=36960 ecn_mark=1021 drop_l4s=0 drop_classic=1920 drop_overload=0
[QUEUE_STATS] t_ms=0.017023 q_pkts=29 q_bytes=35728 ecn_mark=1022 drop_l4s=0 drop_classic=1922 drop_overload=0
[QUEUE_STATS] t_ms=0.017039 q_pkts=28 q_bytes=34496 ecn_mark=1023 drop_l4s=0 drop_classic=1925 drop_overload=0
[QUEUE_STATS] t_ms=0.017055 q_pkts=28 q_bytes=34496 ecn_mark=1024 drop_l4s=0 drop_classic=1926 drop_overload=0
[QUEUE_STATS] t_ms=0.01707 q_pkts=26 q_bytes=32032 ecn_mark=1025 drop_l4s=0 drop_classic=1930 drop_overload=0
[QUEUE_STATS] t_ms=0.017087 q_pkts=25 q_bytes=30800 ecn_mark=1026 drop_l4s=0 drop_classic=1933 drop_overload=0
[QUEUE_STATS] t_ms=0.017103 q_pkts=27 q_bytes=33264 ecn_mark=1026 drop_l4s=0 drop_classic=1933 drop_overload=0
[QUEUE_STATS] t_ms=0.017119 q_pkts=27 q_bytes=33264 ecn_mark=1027 drop_l4s=0 drop_classic=1936 drop_overload=0
[QUEUE_STATS] t_ms=0.017135 q_pkts=28 q_bytes=34496 ecn_mark=1029 drop_l4s=0 drop_classic=1938 drop_overload=0
[QUEUE_STATS] t_ms=0.017151 q_pkts=28 q_bytes=34496 ecn_mark=1030 drop_l4s=0 drop_classic=1939 drop_overload=0
[QUEUE_STATS] t_ms=0.017167 q_pkts=29 q_bytes=35728 ecn_mark=1031 drop_l4s=0 drop_classic=1941 drop_overload=0
[QUEUE_STATS] t_ms=0.017183 q_pkts=30 q_bytes=36960 ecn_mark=1032 drop_l4s=0 drop_classic=1941 drop_overload=0
[QUEUE_STATS] t_ms=0.017199 q_pkts=30 q_bytes=36960 ecn_mark=1032 drop_l4s=0 drop_classic=1944 drop_overload=0
[QUEUE_STATS] t_ms=0.017215 q_pkts=29 q_bytes=35728 ecn_mark=1033 drop_l4s=0 drop_classic=1948 drop_overload=0
[QUEUE_STATS] t_ms=0.017231 q_pkts=27 q_bytes=33264 ecn_mark=1033 drop_l4s=0 drop_classic=1951 drop_overload=0
[QUEUE_STATS] t_ms=0.017247 q_pkts=30 q_bytes=36960 ecn_mark=1035 drop_l4s=0 drop_classic=1951 drop_overload=0
[QUEUE_STATS] t_ms=0.017263 q_pkts=30 q_bytes=36960 ecn_mark=1036 drop_l4s=0 drop_classic=1953 drop_overload=0
[QUEUE_STATS] t_ms=0.017279 q_pkts=28 q_bytes=34496 ecn_mark=1037 drop_l4s=0 drop_classic=1956 drop_overload=0
[QUEUE_STATS] t_ms=0.017295 q_pkts=26 q_bytes=32032 ecn_mark=1038 drop_l4s=0 drop_classic=1960 drop_overload=0
[QUEUE_STATS] t_ms=0.017311 q_pkts=23 q_bytes=28336 ecn_mark=1039 drop_l4s=0 drop_classic=1965 drop_overload=0
[QUEUE_STATS] t_ms=0.017327 q_pkts=21 q_bytes=25872 ecn_mark=1040 drop_l4s=0 drop_classic=1968 drop_overload=0
[QUEUE_STATS] t_ms=0.017343 q_pkts=19 q_bytes=23408 ecn_mark=1040 drop_l4s=0 drop_classic=1971 drop_overload=0
[QUEUE_STATS] t_ms=0.017359 q_pkts=21 q_bytes=25872 ecn_mark=1042 drop_l4s=0 drop_classic=1971 drop_overload=0
[QUEUE_STATS] t_ms=0.017375 q_pkts=21 q_bytes=25475 ecn_mark=1042 drop_l4s=0 drop_classic=1973 drop_overload=0
[QUEUE_STATS] t_ms=0.017391 q_pkts=18 q_bytes=22176 ecn_mark=1044 drop_l4s=0 drop_classic=1977 drop_overload=0
[QUEUE_STATS] t_ms=0.017407 q_pkts=15 q_bytes=18480 ecn_mark=1045 drop_l4s=0 drop_classic=1982 drop_overload=0
[QUEUE_STATS] t_ms=0.017423 q_pkts=15 q_bytes=18480 ecn_mark=1045 drop_l4s=0 drop_classic=1983 drop_overload=0
[QUEUE_STATS] t_ms=0.017439 q_pkts=15 q_bytes=18480 ecn_mark=1046 drop_l4s=0 drop_classic=1985 drop_overload=0
[QUEUE_STATS] t_ms=0.017455 q_pkts=17 q_bytes=20944 ecn_mark=1047 drop_l4s=0 drop_classic=1986 drop_overload=0
[QUEUE_STATS] t_ms=0.01747 q_pkts=16 q_bytes=19712 ecn_mark=1047 drop_l4s=0 drop_classic=1988 drop_overload=0
[QUEUE_STATS] t_ms=0.017487 q_pkts=16 q_bytes=19712 ecn_mark=1049 drop_l4s=0 drop_classic=1991 drop_overload=0
[QUEUE_STATS] t_ms=0.017503 q_pkts=17 q_bytes=20944 ecn_mark=1050 drop_l4s=0 drop_classic=1992 drop_overload=0
[QUEUE_STATS] t_ms=0.017519 q_pkts=18 q_bytes=22176 ecn_mark=1051 drop_l4s=0 drop_classic=1992 drop_overload=0
[QUEUE_STATS] t_ms=0.017535 q_pkts=17 q_bytes=20944 ecn_mark=1053 drop_l4s=0 drop_classic=1994 drop_overload=0
[QUEUE_STATS] t_ms=0.017551 q_pkts=16 q_bytes=19712 ecn_mark=1053 drop_l4s=0 drop_classic=1996 drop_overload=0
[QUEUE_STATS] t_ms=0.017567 q_pkts=17 q_bytes=20944 ecn_mark=1055 drop_l4s=0 drop_classic=1997 drop_overload=0
[QUEUE_STATS] t_ms=0.017583 q_pkts=15 q_bytes=18480 ecn_mark=1055 drop_l4s=0 drop_classic=2000 drop_overload=0
[QUEUE_STATS] t_ms=0.017599 q_pkts=14 q_bytes=17248 ecn_mark=1056 drop_l4s=0 drop_classic=2003 drop_overload=0
[QUEUE_STATS] t_ms=0.017614 q_pkts=14 q_bytes=17248 ecn_mark=1057 drop_l4s=0 drop_classic=2004 drop_overload=0
[QUEUE_STATS] t_ms=0.017631 q_pkts=14 q_bytes=17248 ecn_mark=1058 drop_l4s=0 drop_classic=2006 drop_overload=0
[QUEUE_STATS] t_ms=0.017647 q_pkts=15 q_bytes=18480 ecn_mark=1060 drop_l4s=0 drop_classic=2006 drop_overload=0
[QUEUE_STATS] t_ms=0.017663 q_pkts=14 q_bytes=16422 ecn_mark=1060 drop_l4s=0 drop_classic=2009 drop_overload=0
[QUEUE_STATS] t_ms=0.017679 q_pkts=14 q_bytes=17248 ecn_mark=1062 drop_l4s=0 drop_classic=2009 drop_overload=0
[QUEUE_STATS] t_ms=0.017695 q_pkts=15 q_bytes=18480 ecn_mark=1064 drop_l4s=0 drop_classic=2010 drop_overload=0
[QUEUE_STATS] t_ms=0.017711 q_pkts=16 q_bytes=19712 ecn_mark=1065 drop_l4s=0 drop_classic=2010 drop_overload=0
[QUEUE_STATS] t_ms=0.017727 q_pkts=15 q_bytes=17714 ecn_mark=1065 drop_l4s=0 drop_classic=2013 drop_overload=0
[QUEUE_STATS] t_ms=0.017743 q_pkts=16 q_bytes=19712 ecn_mark=1067 drop_l4s=0 drop_classic=2013 drop_overload=0
[QUEUE_STATS] t_ms=0.017759 q_pkts=17 q_bytes=20944 ecn_mark=1068 drop_l4s=0 drop_classic=2014 drop_overload=0
[QUEUE_STATS] t_ms=0.017775 q_pkts=18 q_bytes=22176 ecn_mark=1069 drop_l4s=0 drop_classic=2015 drop_overload=0
[QUEUE_STATS] t_ms=0.017791 q_pkts=18 q_bytes=22176 ecn_mark=1069 drop_l4s=0 drop_classic=2016 drop_overload=0
[QUEUE_STATS] t_ms=0.017807 q_pkts=18 q_bytes=22176 ecn_mark=1069 drop_l4s=0 drop_classic=2019 drop_overload=0
[QUEUE_STATS] t_ms=0.017823 q_pkts=19 q_bytes=23408 ecn_mark=1069 drop_l4s=0 drop_classic=2020 drop_overload=0
[QUEUE_STATS] t_ms=0.017839 q_pkts=19 q_bytes=23408 ecn_mark=1071 drop_l4s=0 drop_classic=2022 drop_overload=0
[QUEUE_STATS] t_ms=0.017855 q_pkts=22 q_bytes=27104 ecn_mark=1073 drop_l4s=0 drop_classic=2022 drop_overload=0
[QUEUE_STATS] t_ms=0.017871 q_pkts=21 q_bytes=25872 ecn_mark=1073 drop_l4s=0 drop_classic=2025 drop_overload=0
[QUEUE_STATS] t_ms=0.017887 q_pkts=17 q_bytes=21216 ecn_mark=1073 drop_l4s=0 drop_classic=2032 drop_overload=0
[QUEUE_STATS] t_ms=0.017903 q_pkts=18 q_bytes=22176 ecn_mark=1074 drop_l4s=0 drop_classic=2033 drop_overload=0
[QUEUE_STATS] t_ms=0.017919 q_pkts=16 q_bytes=19712 ecn_mark=1075 drop_l4s=0 drop_classic=2036 drop_overload=0
[QUEUE_STATS] t_ms=0.017935 q_pkts=18 q_bytes=22176 ecn_mark=1075 drop_l4s=0 drop_classic=2037 drop_overload=0
[QUEUE_STATS] t_ms=0.017951 q_pkts=20 q_bytes=24640 ecn_mark=1077 drop_l4s=0 drop_classic=2038 drop_overload=0
[QUEUE_STATS] t_ms=0.017967 q_pkts=22 q_bytes=27104 ecn_mark=1077 drop_l4s=0 drop_classic=2038 drop_overload=0
[QUEUE_STATS] t_ms=0.017983 q_pkts=23 q_bytes=28336 ecn_mark=1078 drop_l4s=0 drop_classic=2040 drop_overload=0
[QUEUE_STATS] t_ms=0.017999 q_pkts=21 q_bytes=25907 ecn_mark=1078 drop_l4s=0 drop_classic=2044 drop_overload=0
[QUEUE_STATS] t_ms=0.018015 q_pkts=19 q_bytes=23408 ecn_mark=1080 drop_l4s=0 drop_classic=2048 drop_overload=0
[QUEUE_STATS] t_ms=0.018031 q_pkts=20 q_bytes=24640 ecn_mark=1081 drop_l4s=0 drop_classic=2049 drop_overload=0
[QUEUE_STATS] t_ms=0.018047 q_pkts=21 q_bytes=25872 ecn_mark=1081 drop_l4s=0 drop_classic=2050 drop_overload=0
[QUEUE_STATS] t_ms=0.018063 q_pkts=21 q_bytes=25872 ecn_mark=1083 drop_l4s=0 drop_classic=2052 drop_overload=0
[QUEUE_STATS] t_ms=0.018079 q_pkts=21 q_bytes=25872 ecn_mark=1084 drop_l4s=0 drop_classic=2054 drop_overload=0
[QUEUE_STATS] t_ms=0.018095 q_pkts=21 q_bytes=25872 ecn_mark=1086 drop_l4s=0 drop_classic=2056 drop_overload=0
[QUEUE_STATS] t_ms=0.018111 q_pkts=20 q_bytes=24640 ecn_mark=1086 drop_l4s=0 drop_classic=2058 drop_overload=0
[QUEUE_STATS] t_ms=0.018127 q_pkts=21 q_bytes=25872 ecn_mark=1087 drop_l4s=0 drop_classic=2059 drop_overload=0
[QUEUE_STATS] t_ms=0.018143 q_pkts=22 q_bytes=27104 ecn_mark=1088 drop_l4s=0 drop_classic=2060 drop_overload=0
[QUEUE_STATS] t_ms=0.018159 q_pkts=23 q_bytes=28336 ecn_mark=1088 drop_l4s=0 drop_classic=2061 drop_overload=0
[QUEUE_STATS] t_ms=0.018175 q_pkts=21 q_bytes=25872 ecn_mark=1088 drop_l4s=0 drop_classic=2064 drop_overload=0
[QUEUE_STATS] t_ms=0.018191 q_pkts=22 q_bytes=27104 ecn_mark=1088 drop_l4s=0 drop_classic=2066 drop_overload=0
[QUEUE_STATS] t_ms=0.018207 q_pkts=24 q_bytes=29568 ecn_mark=1089 drop_l4s=0 drop_classic=2067 drop_overload=0
[QUEUE_STATS] t_ms=0.018223 q_pkts=24 q_bytes=29568 ecn_mark=1090 drop_l4s=0 drop_classic=2070 drop_overload=0
[QUEUE_STATS] t_ms=0.018239 q_pkts=26 q_bytes=32032 ecn_mark=1091 drop_l4s=0 drop_classic=2071 drop_overload=0
[QUEUE_STATS] t_ms=0.018255 q_pkts=27 q_bytes=33264 ecn_mark=1092 drop_l4s=0 drop_classic=2071 drop_overload=0
[QUEUE_STATS] t_ms=0.018271 q_pkts=28 q_bytes=34496 ecn_mark=1094 drop_l4s=0 drop_classic=2073 drop_overload=0
[QUEUE_STATS] t_ms=0.018287 q_pkts=28 q_bytes=34496 ecn_mark=1095 drop_l4s=0 drop_classic=2075 drop_overload=0
[QUEUE_STATS] t_ms=0.018303 q_pkts=31 q_bytes=38192 ecn_mark=1096 drop_l4s=0 drop_classic=2075 drop_overload=0
[QUEUE_STATS] t_ms=0.018319 q_pkts=32 q_bytes=39424 ecn_mark=1097 drop_l4s=0 drop_classic=2075 drop_overload=0
[QUEUE_STATS] t_ms=0.018335 q_pkts=33 q_bytes=40656 ecn_mark=1099 drop_l4s=0 drop_classic=2077 drop_overload=0
[QUEUE_STATS] t_ms=0.018351 q_pkts=29 q_bytes=35728 ecn_mark=1100 drop_l4s=0 drop_classic=2082 drop_overload=0
[QUEUE_STATS] t_ms=0.018367 q_pkts=27 q_bytes=33264 ecn_mark=1102 drop_l4s=0 drop_classic=2086 drop_overload=0
[QUEUE_STATS] t_ms=0.018383 q_pkts=25 q_bytes=30800 ecn_mark=1103 drop_l4s=0 drop_classic=2089 drop_overload=0
[QUEUE_STATS] t_ms=0.018399 q_pkts=25 q_bytes=30800 ecn_mark=1104 drop_l4s=0 drop_classic=2090 drop_overload=0
[QUEUE_STATS] t_ms=0.018415 q_pkts=26 q_bytes=32032 ecn_mark=1104 drop_l4s=0 drop_classic=2091 drop_overload=0
[QUEUE_STATS] t_ms=0.018431 q_pkts=26 q_bytes=32032 ecn_mark=1106 drop_l4s=0 drop_classic=2093 drop_overload=0
[QUEUE_STATS] t_ms=0.018447 q_pkts=26 q_bytes=32032 ecn_mark=1107 drop_l4s=0 drop_classic=2094 drop_overload=0
[QUEUE_STATS] t_ms=0.018463 q_pkts=27 q_bytes=33264 ecn_mark=1108 drop_l4s=0 drop_classic=2095 drop_overload=0
[QUEUE_STATS] t_ms=0.018479 q_pkts=27 q_bytes=33264 ecn_mark=1108 drop_l4s=0 drop_classic=2097 drop_overload=0
[QUEUE_STATS] t_ms=0.018495 q_pkts=25 q_bytes=30800 ecn_mark=1109 drop_l4s=0 drop_classic=2100 drop_overload=0
[QUEUE_STATS] t_ms=0.018511 q_pkts=27 q_bytes=33264 ecn_mark=1110 drop_l4s=0 drop_classic=2100 drop_overload=0
[QUEUE_STATS] t_ms=0.018527 q_pkts=25 q_bytes=30800 ecn_mark=1110 drop_l4s=0 drop_classic=2104 drop_overload=0
[QUEUE_STATS] t_ms=0.018543 q_pkts=25 q_bytes=30800 ecn_mark=1111 drop_l4s=0 drop_classic=2106 drop_overload=0
[QUEUE_STATS] t_ms=0.018559 q_pkts=27 q_bytes=33264 ecn_mark=1111 drop_l4s=0 drop_classic=2107 drop_overload=0
[QUEUE_STATS] t_ms=0.018575 q_pkts=27 q_bytes=33264 ecn_mark=1111 drop_l4s=0 drop_classic=2109 drop_overload=0
[QUEUE_STATS] t_ms=0.018591 q_pkts=28 q_bytes=34496 ecn_mark=1113 drop_l4s=0 drop_classic=2110 drop_overload=0
[QUEUE_STATS] t_ms=0.018607 q_pkts=27 q_bytes=33264 ecn_mark=1114 drop_l4s=0 drop_classic=2114 drop_overload=0
[QUEUE_STATS] t_ms=0.018623 q_pkts=28 q_bytes=34496 ecn_mark=1115 drop_l4s=0 drop_classic=2115 drop_overload=0
[QUEUE_STATS] t_ms=0.018639 q_pkts=26 q_bytes=32032 ecn_mark=1116 drop_l4s=0 drop_classic=2119 drop_overload=0
[QUEUE_STATS] t_ms=0.018655 q_pkts=25 q_bytes=30800 ecn_mark=1116 drop_l4s=0 drop_classic=2122 drop_overload=0
[QUEUE_STATS] t_ms=0.018671 q_pkts=21 q_bytes=25872 ecn_mark=1116 drop_l4s=0 drop_classic=2128 drop_overload=0
[QUEUE_STATS] t_ms=0.018687 q_pkts=24 q_bytes=29568 ecn_mark=1118 drop_l4s=0 drop_classic=2128 drop_overload=0
[QUEUE_STATS] t_ms=0.018703 q_pkts=23 q_bytes=28336 ecn_mark=1118 drop_l4s=0 drop_classic=2131 drop_overload=0
[QUEUE_STATS] t_ms=0.018719 q_pkts=25 q_bytes=30800 ecn_mark=1120 drop_l4s=0 drop_classic=2132 drop_overload=0
[QUEUE_STATS] t_ms=0.018735 q_pkts=23 q_bytes=28336 ecn_mark=1120 drop_l4s=0 drop_classic=2135 drop_overload=0
[QUEUE_STATS] t_ms=0.018751 q_pkts=22 q_bytes=27104 ecn_mark=1121 drop_l4s=0 drop_classic=2139 drop_overload=0
[QUEUE_STATS] t_ms=0.018767 q_pkts=23 q_bytes=28336 ecn_mark=1121 drop_l4s=0 drop_classic=2140 drop_overload=0
[QUEUE_STATS] t_ms=0.018782 q_pkts=22 q_bytes=27104 ecn_mark=1121 drop_l4s=0 drop_classic=2143 drop_overload=0
[QUEUE_STATS] t_ms=0.018799 q_pkts=23 q_bytes=28608 ecn_mark=1122 drop_l4s=0 drop_classic=2146 drop_overload=0
[QUEUE_STATS] t_ms=0.018815 q_pkts=23 q_bytes=28336 ecn_mark=1122 drop_l4s=0 drop_classic=2147 drop_overload=0
[QUEUE_STATS] t_ms=0.018831 q_pkts=23 q_bytes=28336 ecn_mark=1124 drop_l4s=0 drop_classic=2151 drop_overload=0
[QUEUE_STATS] t_ms=0.018847 q_pkts=25 q_bytes=30800 ecn_mark=1125 drop_l4s=0 drop_classic=2152 drop_overload=0
[QUEUE_STATS] t_ms=0.018862 q_pkts=24 q_bytes=29568 ecn_mark=1126 drop_l4s=0 drop_classic=2154 drop_overload=0
[QUEUE_STATS] t_ms=0.018879 q_pkts=23 q_bytes=28336 ecn_mark=1126 drop_l4s=0 drop_classic=2158 drop_overload=0
[QUEUE_STATS] t_ms=0.018895 q_pkts=24 q_bytes=29568 ecn_mark=1127 drop_l4s=0 drop_classic=2160 drop_overload=0
[QUEUE_STATS] t_ms=0.018911 q_pkts=23 q_bytes=28336 ecn_mark=1128 drop_l4s=0 drop_classic=2164 drop_overload=0
[QUEUE_STATS] t_ms=0.018927 q_pkts=25 q_bytes=31072 ecn_mark=1129 drop_l4s=0 drop_classic=2165 drop_overload=0
[QUEUE_STATS] t_ms=0.018943 q_pkts=25 q_bytes=30800 ecn_mark=1131 drop_l4s=0 drop_classic=2167 drop_overload=0
[QUEUE_STATS] t_ms=0.018959 q_pkts=22 q_bytes=27104 ecn_mark=1131 drop_l4s=0 drop_classic=2171 drop_overload=0
[QUEUE_STATS] t_ms=0.018975 q_pkts=21 q_bytes=25872 ecn_mark=1132 drop_l4s=0 drop_classic=2175 drop_overload=0
[QUEUE_STATS] t_ms=0.018991 q_pkts=22 q_bytes=27104 ecn_mark=1133 drop_l4s=0 drop_classic=2177 drop_overload=0
[QUEUE_STATS] t_ms=0.019007 q_pkts=20 q_bytes=24640 ecn_mark=1134 drop_l4s=0 drop_classic=2180 drop_overload=0
[QUEUE_STATS] t_ms=0.019023 q_pkts=22 q_bytes=27104 ecn_mark=1135 drop_l4s=0 drop_classic=2181 drop_overload=0
[QUEUE_STATS] t_ms=0.019039 q_pkts=20 q_bytes=24640 ecn_mark=1136 drop_l4s=0 drop_classic=2185 drop_overload=0
[QUEUE_STATS] t_ms=0.019055 q_pkts=19 q_bytes=23408 ecn_mark=1137 drop_l4s=0 drop_classic=2188 drop_overload=0
[QUEUE_STATS] t_ms=0.019071 q_pkts=21 q_bytes=25872 ecn_mark=1137 drop_l4s=0 drop_classic=2188 drop_overload=0
[QUEUE_STATS] t_ms=0.019087 q_pkts=24 q_bytes=29568 ecn_mark=1139 drop_l4s=0 drop_classic=2188 drop_overload=0
[QUEUE_STATS] t_ms=0.019103 q_pkts=22 q_bytes=27104 ecn_mark=1140 drop_l4s=0 drop_classic=2191 drop_overload=0
[QUEUE_STATS] t_ms=0.019119 q_pkts=24 q_bytes=29568 ecn_mark=1141 drop_l4s=0 drop_classic=2191 drop_overload=0
[QUEUE_STATS] t_ms=0.019135 q_pkts=20 q_bytes=24640 ecn_mark=1142 drop_l4s=0 drop_classic=2197 drop_overload=0
[QUEUE_STATS] t_ms=0.019151 q_pkts=19 q_bytes=23408 ecn_mark=1143 drop_l4s=0 drop_classic=2200 drop_overload=0
[QUEUE_STATS] t_ms=0.019167 q_pkts=18 q_bytes=22176 ecn_mark=1144 drop_l4s=0 drop_classic=2202 drop_overload=0
[QUEUE_STATS] t_ms=0.019183 q_pkts=18 q_bytes=22176 ecn_mark=1145 drop_l4s=0 drop_classic=2203 drop_overload=0
[QUEUE_STATS] t_ms=0.019199 q_pkts=17 q_bytes=20944 ecn_mark=1145 drop_l4s=0 drop_classic=2205 drop_overload=0
[QUEUE_STATS] t_ms=0.019215 q_pkts=17 q_bytes=20944 ecn_mark=1146 drop_l4s=0 drop_classic=2207 drop_overload=0
[QUEUE_STATS] t_ms=0.019231 q_pkts=18 q_bytes=22176 ecn_mark=1148 drop_l4s=0 drop_classic=2208 drop_overload=0
[QUEUE_STATS] t_ms=0.019247 q_pkts=19 q_bytes=23408 ecn_mark=1149 drop_l4s=0 drop_classic=2209 drop_overload=0
[QUEUE_STATS] t_ms=0.019263 q_pkts=20 q_bytes=24640 ecn_mark=1151 drop_l4s=0 drop_classic=2210 drop_overload=0
[QUEUE_STATS] t_ms=0.019279 q_pkts=20 q_bytes=24640 ecn_mark=1151 drop_l4s=0 drop_classic=2211 drop_overload=0
[QUEUE_STATS] t_ms=0.019295 q_pkts=21 q_bytes=25872 ecn_mark=1151 drop_l4s=0 drop_classic=2212 drop_overload=0
[QUEUE_STATS] t_ms=0.019311 q_pkts=20 q_bytes=24640 ecn_mark=1151 drop_l4s=0 drop_classic=2214 drop_overload=0
[QUEUE_STATS] t_ms=0.019327 q_pkts=21 q_bytes=25872 ecn_mark=1153 drop_l4s=0 drop_classic=2216 drop_overload=0
[QUEUE_STATS] t_ms=0.019343 q_pkts=21 q_bytes=25872 ecn_mark=1154 drop_l4s=0 drop_classic=2218 drop_overload=0
[QUEUE_STATS] t_ms=0.019359 q_pkts=20 q_bytes=24640 ecn_mark=1155 drop_l4s=0 drop_classic=2221 drop_overload=0
[QUEUE_STATS] t_ms=0.019375 q_pkts=22 q_bytes=27104 ecn_mark=1155 drop_l4s=0 drop_classic=2221 drop_overload=0
[QUEUE_STATS] t_ms=0.019391 q_pkts=18 q_bytes=22176 ecn_mark=1157 drop_l4s=0 drop_classic=2226 drop_overload=0
[QUEUE_STATS] t_ms=0.019407 q_pkts=18 q_bytes=22176 ecn_mark=1158 drop_l4s=0 drop_classic=2229 drop_overload=0
[QUEUE_STATS] t_ms=0.019423 q_pkts=17 q_bytes=20944 ecn_mark=1159 drop_l4s=0 drop_classic=2231 drop_overload=0
[QUEUE_STATS] t_ms=0.019439 q_pkts=17 q_bytes=20944 ecn_mark=1159 drop_l4s=0 drop_classic=2233 drop_overload=0
[QUEUE_STATS] t_ms=0.019455 q_pkts=16 q_bytes=19452 ecn_mark=1160 drop_l4s=0 drop_classic=2236 drop_overload=0
[QUEUE_STATS] t_ms=0.019471 q_pkts=15 q_bytes=18480 ecn_mark=1160 drop_l4s=0 drop_classic=2238 drop_overload=0
[QUEUE_STATS] t_ms=0.019487 q_pkts=18 q_bytes=22176 ecn_mark=1161 drop_l4s=0 drop_classic=2238 drop_overload=0
[QUEUE_STATS] t_ms=0.019503 q_pkts=19 q_bytes=23408 ecn_mark=1162 drop_l4s=0 drop_classic=2239 drop_overload=0
[QUEUE_STATS] t_ms=0.019519 q_pkts=17 q_bytes=20944 ecn_mark=1163 drop_l4s=0 drop_classic=2242 drop_overload=0
[QUEUE_STATS] t_ms=0.019535 q_pkts=17 q_bytes=20944 ecn_mark=1164 drop_l4s=0 drop_classic=2245 drop_overload=0
[QUEUE_STATS] t_ms=0.019551 q_pkts=14 q_bytes=17248 ecn_mark=1164 drop_l4s=0 drop_classic=2249 drop_overload=0
[QUEUE_STATS] t_ms=0.019567 q_pkts=16 q_bytes=19712 ecn_mark=1165 drop_l4s=0 drop_classic=2249 drop_overload=0
[QUEUE_STATS] t_ms=0.019583 q_pkts=18 q_bytes=22176 ecn_mark=1166 drop_l4s=0 drop_classic=2249 drop_overload=0
[QUEUE_STATS] t_ms=0.019599 q_pkts=16 q_bytes=19712 ecn_mark=1167 drop_l4s=0 drop_classic=2252 drop_overload=0
[QUEUE_STATS] t_ms=0.019615 q_pkts=13 q_bytes=16016 ecn_mark=1169 drop_l4s=0 drop_classic=2257 drop_overload=0
[QUEUE_STATS] t_ms=0.019631 q_pkts=9 q_bytes=11088 ecn_mark=1170 drop_l4s=0 drop_classic=2262 drop_overload=0
[QUEUE_STATS] t_ms=0.019647 q_pkts=6 q_bytes=7392 ecn_mark=1170 drop_l4s=0 drop_classic=2266 drop_overload=0
[QUEUE_STATS] t_ms=0.019663 q_pkts=6 q_bytes=7198 ecn_mark=1171 drop_l4s=0 drop_classic=2268 drop_overload=0
[QUEUE_STATS] t_ms=0.019679 q_pkts=4 q_bytes=4928 ecn_mark=1172 drop_l4s=0 drop_classic=2272 drop_overload=0
[QUEUE_STATS] t_ms=0.019695 q_pkts=5 q_bytes=6031 ecn_mark=1172 drop_l4s=0 drop_classic=2272 drop_overload=0
[QUEUE_STATS] t_ms=0.019711 q_pkts=3 q_bytes=3696 ecn_mark=1173 drop_l4s=0 drop_classic=2275 drop_overload=0
[QUEUE_STATS] t_ms=0.019727 q_pkts=5 q_bytes=6160 ecn_mark=1175 drop_l4s=0 drop_classic=2275 drop_overload=0
[QUEUE_STATS] t_ms=0.019743 q_pkts=5 q_bytes=6160 ecn_mark=1177 drop_l4s=0 drop_classic=2277 drop_overload=0
[QUEUE_STATS] t_ms=0.019759 q_pkts=4 q_bytes=4928 ecn_mark=1177 drop_l4s=0 drop_classic=2279 drop_overload=0
[QUEUE_STATS] t_ms=0.019775 q_pkts=5 q_bytes=6160 ecn_mark=1177 drop_l4s=0 drop_classic=2281 drop_overload=0
[QUEUE_STATS] t_ms=0.019791 q_pkts=5 q_bytes=6160 ecn_mark=1177 drop_l4s=0 drop_classic=2282 drop_overload=0
[QUEUE_STATS] t_ms=0.019807 q_pkts=7 q_bytes=8624 ecn_mark=1177 drop_l4s=0 drop_classic=2283 drop_overload=0
[QUEUE_STATS] t_ms=0.019823 q_pkts=11 q_bytes=13552 ecn_mark=1178 drop_l4s=0 drop_classic=2283 drop_overload=0
[QUEUE_STATS] t_ms=0.019839 q_pkts=11 q_bytes=13552 ecn_mark=1180 drop_l4s=0 drop_classic=2286 drop_overload=0
[QUEUE_STATS] t_ms=0.019855 q_pkts=10 q_bytes=12320 ecn_mark=1181 drop_l4s=0 drop_classic=2290 drop_overload=0
[QUEUE_STATS] t_ms=0.019871 q_pkts=12 q_bytes=14784 ecn_mark=1182 drop_l4s=0 drop_classic=2290 drop_overload=0
[QUEUE_STATS] t_ms=0.019887 q_pkts=15 q_bytes=18480 ecn_mark=1183 drop_l4s=0 drop_classic=2290 drop_overload=0
[QUEUE_STATS] t_ms=0.019903 q_pkts=16 q_bytes=19712 ecn_mark=1183 drop_l4s=0 drop_classic=2290 drop_overload=0
[QUEUE_STATS] t_ms=0.019919 q_pkts=18 q_bytes=22176 ecn_mark=1184 drop_l4s=0 drop_classic=2291 drop_overload=0
[QUEUE_STATS] t_ms=0.019935 q_pkts=19 q_bytes=23408 ecn_mark=1186 drop_l4s=0 drop_classic=2293 drop_overload=0
[QUEUE_STATS] t_ms=0.019951 q_pkts=19 q_bytes=23408 ecn_mark=1186 drop_l4s=0 drop_classic=2295 drop_overload=0
[QUEUE_STATS] t_ms=0.019967 q_pkts=21 q_bytes=25872 ecn_mark=1186 drop_l4s=0 drop_classic=2296 drop_overload=0
[QUEUE_STATS] t_ms=0.019983 q_pkts=23 q_bytes=28336 ecn_mark=1188 drop_l4s=0 drop_classic=2297 drop_overload=0
[QUEUE_STATS] t_ms=0.019999 q_pkts=25 q_bytes=30800 ecn_mark=1190 drop_l4s=0 drop_classic=2298 drop_overload=0
[QUEUE_STATS] t_ms=0.020015 q_pkts=17 q_bytes=20944 ecn_mark=1191 drop_l4s=0 drop_classic=2307 drop_overload=0
[QUEUE_STATS] t_ms=0.020031 q_pkts=18 q_bytes=22176 ecn_mark=1193 drop_l4s=0 drop_classic=2309 drop_overload=0
[QUEUE_STATS] t_ms=0.020047 q_pkts=18 q_bytes=22176 ecn_mark=1193 drop_l4s=0 drop_classic=2310 drop_overload=0
[QUEUE_STATS] t_ms=0.020063 q_pkts=17 q_bytes=20944 ecn_mark=1194 drop_l4s=0 drop_classic=2313 drop_overload=0
[QUEUE_STATS] t_ms=0.020079 q_pkts=14 q_bytes=17520 ecn_mark=1195 drop_l4s=0 drop_classic=2318 drop_overload=0
[QUEUE_STATS] t_ms=0.020095 q_pkts=15 q_bytes=18480 ecn_mark=1197 drop_l4s=0 drop_classic=2319 drop_overload=0
[QUEUE_STATS] t_ms=0.020111 q_pkts=14 q_bytes=16779 ecn_mark=1197 drop_l4s=0 drop_classic=2322 drop_overload=0
[QUEUE_STATS] t_ms=0.020127 q_pkts=13 q_bytes=16016 ecn_mark=1198 drop_l4s=0 drop_classic=2323 drop_overload=0
[QUEUE_STATS] t_ms=0.020143 q_pkts=14 q_bytes=17248 ecn_mark=1198 drop_l4s=0 drop_classic=2324 drop_overload=0
[QUEUE_STATS] t_ms=0.020159 q_pkts=13 q_bytes=16016 ecn_mark=1199 drop_l4s=0 drop_classic=2327 drop_overload=0
[QUEUE_STATS] t_ms=0.020175 q_pkts=13 q_bytes=16016 ecn_mark=1200 drop_l4s=0 drop_classic=2329 drop_overload=0
[QUEUE_STATS] t_ms=0.02019 q_pkts=13 q_bytes=16016 ecn_mark=1200 drop_l4s=0 drop_classic=2331 drop_overload=0
[QUEUE_STATS] t_ms=0.020207 q_pkts=14 q_bytes=17248 ecn_mark=1201 drop_l4s=0 drop_classic=2332 drop_overload=0
[QUEUE_STATS] t_ms=0.020223 q_pkts=13 q_bytes=16016 ecn_mark=1202 drop_l4s=0 drop_classic=2336 drop_overload=0
[QUEUE_STATS] t_ms=0.020239 q_pkts=12 q_bytes=14784 ecn_mark=1202 drop_l4s=0 drop_classic=2338 drop_overload=0
[QUEUE_STATS] t_ms=0.020255 q_pkts=11 q_bytes=13552 ecn_mark=1203 drop_l4s=0 drop_classic=2341 drop_overload=0
[QUEUE_STATS] t_ms=0.020271 q_pkts=13 q_bytes=16016 ecn_mark=1206 drop_l4s=0 drop_classic=2342 drop_overload=0
[QUEUE_STATS] t_ms=0.020287 q_pkts=13 q_bytes=16016 ecn_mark=1207 drop_l4s=0 drop_classic=2343 drop_overload=0
[QUEUE_STATS] t_ms=0.020303 q_pkts=12 q_bytes=14784 ecn_mark=1208 drop_l4s=0 drop_classic=2346 drop_overload=0
[QUEUE_STATS] t_ms=0.020319 q_pkts=11 q_bytes=13552 ecn_mark=1208 drop_l4s=0 drop_classic=2348 drop_overload=0
[QUEUE_STATS] t_ms=0.020335 q_pkts=10 q_bytes=12320 ecn_mark=1209 drop_l4s=0 drop_classic=2351 drop_overload=0
[QUEUE_STATS] t_ms=0.020351 q_pkts=10 q_bytes=12320 ecn_mark=1209 drop_l4s=0 drop_classic=2353 drop_overload=0
[QUEUE_STATS] t_ms=0.020367 q_pkts=11 q_bytes=13552 ecn_mark=1211 drop_l4s=0 drop_classic=2354 drop_overload=0
[QUEUE_STATS] t_ms=0.020383 q_pkts=12 q_bytes=14784 ecn_mark=1211 drop_l4s=0 drop_classic=2354 drop_overload=0
[QUEUE_STATS] t_ms=0.020399 q_pkts=14 q_bytes=17248 ecn_mark=1212 drop_l4s=0 drop_classic=2354 drop_overload=0
[QUEUE_STATS] t_ms=0.020415 q_pkts=12 q_bytes=14784 ecn_mark=1214 drop_l4s=0 drop_classic=2358 drop_overload=0
[QUEUE_STATS] t_ms=0.020431 q_pkts=11 q_bytes=13552 ecn_mark=1215 drop_l4s=0 drop_classic=2360 drop_overload=0
[QUEUE_STATS] t_ms=0.020447 q_pkts=11 q_bytes=13552 ecn_mark=1216 drop_l4s=0 drop_classic=2361 drop_overload=0
[QUEUE_STATS] t_ms=0.020463 q_pkts=12 q_bytes=14784 ecn_mark=1216 drop_l4s=0 drop_classic=2362 drop_overload=0
[QUEUE_STATS] t_ms=0.020479 q_pkts=12 q_bytes=14784 ecn_mark=1216 drop_l4s=0 drop_classic=2364 drop_overload=0
[QUEUE_STATS] t_ms=0.020495 q_pkts=14 q_bytes=17248 ecn_mark=1217 drop_l4s=0 drop_classic=2364 drop_overload=0
[QUEUE_STATS] t_ms=0.020511 q_pkts=15 q_bytes=18752 ecn_mark=1217 drop_l4s=0 drop_classic=2366 drop_overload=0
[QUEUE_STATS] t_ms=0.020527 q_pkts=16 q_bytes=19712 ecn_mark=1218 drop_l4s=0 drop_classic=2367 drop_overload=0
[QUEUE_STATS] t_ms=0.020543 q_pkts=18 q_bytes=22176 ecn_mark=1218 drop_l4s=0 drop_classic=2368 drop_overload=0
[QUEUE_STATS] t_ms=0.020559 q_pkts=20 q_bytes=24640 ecn_mark=1219 drop_l4s=0 drop_classic=2369 drop_overload=0
[QUEUE_STATS] t_ms=0.020575 q_pkts=22 q_bytes=27104 ecn_mark=1220 drop_l4s=0 drop_classic=2370 drop_overload=0
[QUEUE_STATS] t_ms=0.020591 q_pkts=24 q_bytes=29568 ecn_mark=1222 drop_l4s=0 drop_classic=2371 drop_overload=0
[QUEUE_STATS] t_ms=0.020607 q_pkts=26 q_bytes=32032 ecn_mark=1224 drop_l4s=0 drop_classic=2372 drop_overload=0
[QUEUE_STATS] t_ms=0.020623 q_pkts=26 q_bytes=32032 ecn_mark=1224 drop_l4s=0 drop_classic=2374 drop_overload=0
[QUEUE_STATS] t_ms=0.020639 q_pkts=28 q_bytes=34496 ecn_mark=1224 drop_l4s=0 drop_classic=2375 drop_overload=0
[QUEUE_STATS] t_ms=0.020655 q_pkts=27 q_bytes=33264 ecn_mark=1225 drop_l4s=0 drop_classic=2380 drop_overload=0
[QUEUE_STATS] t_ms=0.020671 q_pkts=28 q_bytes=34496 ecn_mark=1227 drop_l4s=0 drop_classic=2382 drop_overload=0
[QUEUE_STATS] t_ms=0.020687 q_pkts=27 q_bytes=33264 ecn_mark=1228 drop_l4s=0 drop_classic=2386 drop_overload=0
[QUEUE_STATS] t_ms=0.020703 q_pkts=29 q_bytes=35728 ecn_mark=1230 drop_l4s=0 drop_classic=2387 drop_overload=0
[QUEUE_STATS] t_ms=0.020719 q_pkts=26 q_bytes=32032 ecn_mark=1231 drop_l4s=0 drop_classic=2391 drop_overload=0
[QUEUE_STATS] t_ms=0.020735 q_pkts=25 q_bytes=30800 ecn_mark=1232 drop_l4s=0 drop_classic=2395 drop_overload=0
[QUEUE_STATS] t_ms=0.020751 q_pkts=26 q_bytes=32032 ecn_mark=1233 drop_l4s=0 drop_classic=2396 drop_overload=0
[QUEUE_STATS] t_ms=0.020767 q_pkts=26 q_bytes=32032 ecn_mark=1234 drop_l4s=0 drop_classic=2397 drop_overload=0
[QUEUE_STATS] t_ms=0.020783 q_pkts=24 q_bytes=29568 ecn_mark=1235 drop_l4s=0 drop_classic=2401 drop_overload=0
[QUEUE_STATS] t_ms=0.020799 q_pkts=26 q_bytes=32032 ecn_mark=1237 drop_l4s=0 drop_classic=2402 drop_overload=0
[QUEUE_STATS] t_ms=0.020815 q_pkts=27 q_bytes=33064 ecn_mark=1238 drop_l4s=0 drop_classic=2403 drop_overload=0
[QUEUE_STATS] t_ms=0.020831 q_pkts=28 q_bytes=34496 ecn_mark=1239 drop_l4s=0 drop_classic=2403 drop_overload=0
[QUEUE_STATS] t_ms=0.020847 q_pkts=29 q_bytes=35728 ecn_mark=1239 drop_l4s=0 drop_classic=2404 drop_overload=0
[QUEUE_STATS] t_ms=0.020863 q_pkts=28 q_bytes=34496 ecn_mark=1240 drop_l4s=0 drop_classic=2407 drop_overload=0
[QUEUE_STATS] t_ms=0.020879 q_pkts=25 q_bytes=30800 ecn_mark=1242 drop_l4s=0 drop_classic=2413 drop_overload=0
[QUEUE_STATS] t_ms=0.020895 q_pkts=23 q_bytes=28336 ecn_mark=1243 drop_l4s=0 drop_classic=2417 drop_overload=0
[QUEUE_STATS] t_ms=0.020911 q_pkts=23 q_bytes=28336 ecn_mark=1245 drop_l4s=0 drop_classic=2419 drop_overload=0
[QUEUE_STATS] t_ms=0.020927 q_pkts=20 q_bytes=24640 ecn_mark=1245 drop_l4s=0 drop_classic=2423 drop_overload=0
[QUEUE_STATS] t_ms=0.020943 q_pkts=21 q_bytes=25872 ecn_mark=1246 drop_l4s=0 drop_classic=2424 drop_overload=0
[QUEUE_STATS] t_ms=0.020958 q_pkts=21 q_bytes=25872 ecn_mark=1247 drop_l4s=0 drop_classic=2426 drop_overload=0
[QUEUE_STATS] t_ms=0.020975 q_pkts=19 q_bytes=23408 ecn_mark=1247 drop_l4s=0 drop_classic=2429 drop_overload=0
[QUEUE_STATS] t_ms=0.020991 q_pkts=21 q_bytes=25872 ecn_mark=1248 drop_l4s=0 drop_classic=2430 drop_overload=0
[QUEUE_STATS] t_ms=0.021007 q_pkts=20 q_bytes=24640 ecn_mark=1249 drop_l4s=0 drop_classic=2432 drop_overload=0
[QUEUE_STATS] t_ms=0.021023 q_pkts=18 q_bytes=22176 ecn_mark=1250 drop_l4s=0 drop_classic=2436 drop_overload=0
[QUEUE_STATS] t_ms=0.021039 q_pkts=18 q_bytes=22176 ecn_mark=1251 drop_l4s=0 drop_classic=2438 drop_overload=0
[QUEUE_STATS] t_ms=0.021055 q_pkts=20 q_bytes=24640 ecn_mark=1252 drop_l4s=0 drop_classic=2438 drop_overload=0
[QUEUE_STATS] t_ms=0.021071 q_pkts=20 q_bytes=24640 ecn_mark=1253 drop_l4s=0 drop_classic=2440 drop_overload=0
[QUEUE_STATS] t_ms=0.021087 q_pkts=20 q_bytes=24640 ecn_mark=1254 drop_l4s=0 drop_classic=2441 drop_overload=0
[QUEUE_STATS] t_ms=0.021103 q_pkts=22 q_bytes=27104 ecn_mark=1255 drop_l4s=0 drop_classic=2441 drop_overload=0
[QUEUE_STATS] t_ms=0.021119 q_pkts=19 q_bytes=23408 ecn_mark=1257 drop_l4s=0 drop_classic=2445 drop_overload=0
[QUEUE_STATS] t_ms=0.021135 q_pkts=17 q_bytes=20944 ecn_mark=1257 drop_l4s=0 drop_classic=2448 drop_overload=0
[QUEUE_STATS] t_ms=0.021151 q_pkts=18 q_bytes=22176 ecn_mark=1257 drop_l4s=0 drop_classic=2449 drop_overload=0
[QUEUE_STATS] t_ms=0.021167 q_pkts=21 q_bytes=25872 ecn_mark=1258 drop_l4s=0 drop_classic=2449 drop_overload=0
[QUEUE_STATS] t_ms=0.021183 q_pkts=23 q_bytes=28336 ecn_mark=1259 drop_l4s=0 drop_classic=2449 drop_overload=0
[QUEUE_STATS] t_ms=0.021199 q_pkts=24 q_bytes=29568 ecn_mark=1260 drop_l4s=0 drop_classic=2449 drop_overload=0
[QUEUE_STATS] t_ms=0.021215 q_pkts=23 q_bytes=28336 ecn_mark=1261 drop_l4s=0 drop_classic=2452 drop_overload=0
[QUEUE_STATS] t_ms=0.021231 q_pkts=23 q_bytes=28336 ecn_mark=1262 drop_l4s=0 drop_classic=2453 drop_overload=0
[QUEUE_STATS] t_ms=0.021247 q_pkts=24 q_bytes=29568 ecn_mark=1263 drop_l4s=0 drop_classic=2454 drop_overload=0
[QUEUE_STATS] t_ms=0.021262 q_pkts=21 q_bytes=25872 ecn_mark=1263 drop_l4s=0 drop_classic=2458 drop_overload=0
[QUEUE_STATS] t_ms=0.021279 q_pkts=21 q_bytes=25838 ecn_mark=1264 drop_l4s=0 drop_classic=2460 drop_overload=0
[QUEUE_STATS] t_ms=0.021295 q_pkts=23 q_bytes=28336 ecn_mark=1265 drop_l4s=0 drop_classic=2460 drop_overload=0
[QUEUE_STATS] t_ms=0.021311 q_pkts=22 q_bytes=27104 ecn_mark=1266 drop_l4s=0 drop_classic=2462 drop_overload=0
[QUEUE_STATS] t_ms=0.021327 q_pkts=23 q_bytes=28336 ecn_mark=1267 drop_l4s=0 drop_classic=2462 drop_overload=0
[QUEUE_STATS] t_ms=0.021343 q_pkts=25 q_bytes=30800 ecn_mark=1267 drop_l4s=0 drop_classic=2462 drop_overload=0
[QUEUE_STATS] t_ms=0.021359 q_pkts=26 q_bytes=32032 ecn_mark=1268 drop_l4s=0 drop_classic=2464 drop_overload=0
[QUEUE_STATS] t_ms=0.021375 q_pkts=25 q_bytes=30800 ecn_mark=1269 drop_l4s=0 drop_classic=2466 drop_overload=0
[QUEUE_STATS] t_ms=0.021391 q_pkts=25 q_bytes=30800 ecn_mark=1269 drop_l4s=0 drop_classic=2468 drop_overload=0
[QUEUE_STATS] t_ms=0.021407 q_pkts=25 q_bytes=30800 ecn_mark=1270 drop_l4s=0 drop_classic=2470 drop_overload=0
[QUEUE_STATS] t_ms=0.021423 q_pkts=24 q_bytes=29568 ecn_mark=1271 drop_l4s=0 drop_classic=2474 drop_overload=0
[QUEUE_STATS] t_ms=0.021439 q_pkts=23 q_bytes=28316 ecn_mark=1272 drop_l4s=0 drop_classic=2477 drop_overload=0
[QUEUE_STATS] t_ms=0.021455 q_pkts=23 q_bytes=28336 ecn_mark=1273 drop_l4s=0 drop_classic=2478 drop_overload=0
[QUEUE_STATS] t_ms=0.021471 q_pkts=24 q_bytes=29568 ecn_mark=1274 drop_l4s=0 drop_classic=2480 drop_overload=0
[QUEUE_STATS] t_ms=0.021487 q_pkts=26 q_bytes=32032 ecn_mark=1275 drop_l4s=0 drop_classic=2480 drop_overload=0
[QUEUE_STATS] t_ms=0.021503 q_pkts=24 q_bytes=29568 ecn_mark=1276 drop_l4s=0 drop_classic=2483 drop_overload=0
[QUEUE_STATS] t_ms=0.021519 q_pkts=21 q_bytes=25872 ecn_mark=1278 drop_l4s=0 drop_classic=2489 drop_overload=0
[QUEUE_STATS] t_ms=0.021535 q_pkts=20 q_bytes=24640 ecn_mark=1278 drop_l4s=0 drop_classic=2491 drop_overload=0
[QUEUE_STATS] t_ms=0.021551 q_pkts=20 q_bytes=24640 ecn_mark=1279 drop_l4s=0 drop_classic=2493 drop_overload=0
[QUEUE_STATS] t_ms=0.021567 q_pkts=20 q_bytes=24640 ecn_mark=1280 drop_l4s=0 drop_classic=2494 drop_overload=0
[QUEUE_STATS] t_ms=0.021583 q_pkts=19 q_bytes=23408 ecn_mark=1280 drop_l4s=0 drop_classic=2497 drop_overload=0
[QUEUE_STATS] t_ms=0.021599 q_pkts=17 q_bytes=20944 ecn_mark=1282 drop_l4s=0 drop_classic=2500 drop_overload=0
[QUEUE_STATS] t_ms=0.021615 q_pkts=14 q_bytes=17248 ecn_mark=1282 drop_l4s=0 drop_classic=2504 drop_overload=0
[QUEUE_STATS] t_ms=0.021631 q_pkts=14 q_bytes=17248 ecn_mark=1282 drop_l4s=0 drop_classic=2507 drop_overload=0
[QUEUE_STATS] t_ms=0.021647 q_pkts=15 q_bytes=18480 ecn_mark=1283 drop_l4s=0 drop_classic=2508 drop_overload=0
[QUEUE_STATS] t_ms=0.021663 q_pkts=14 q_bytes=17248 ecn_mark=1283 drop_l4s=0 drop_classic=2511 drop_overload=0
[QUEUE_STATS] t_ms=0.021679 q_pkts=12 q_bytes=14784 ecn_mark=1285 drop_l4s=0 drop_classic=2515 drop_overload=0
[QUEUE_STATS] t_ms=0.021695 q_pkts=13 q_bytes=16016 ecn_mark=1287 drop_l4s=0 drop_classic=2516 drop_overload=0
[QUEUE_STATS] t_ms=0.021711 q_pkts=14 q_bytes=17248 ecn_mark=1287 drop_l4s=0 drop_classic=2517 drop_overload=0
[QUEUE_STATS] t_ms=0.021727 q_pkts=15 q_bytes=18480 ecn_mark=1289 drop_l4s=0 drop_classic=2518 drop_overload=0
[QUEUE_STATS] t_ms=0.021743 q_pkts=16 q_bytes=19712 ecn_mark=1290 drop_l4s=0 drop_classic=2519 drop_overload=0
[QUEUE_STATS] t_ms=0.021759 q_pkts=13 q_bytes=16016 ecn_mark=1291 drop_l4s=0 drop_classic=2523 drop_overload=0
[QUEUE_STATS] t_ms=0.021775 q_pkts=12 q_bytes=14784 ecn_mark=1291 drop_l4s=0 drop_classic=2525 drop_overload=0
[QUEUE_STATS] t_ms=0.021791 q_pkts=10 q_bytes=12320 ecn_mark=1291 drop_l4s=0 drop_classic=2528 drop_overload=0
[QUEUE_STATS] t_ms=0.021807 q_pkts=9 q_bytes=11088 ecn_mark=1293 drop_l4s=0 drop_classic=2532 drop_overload=0
[QUEUE_STATS] t_ms=0.021822 q_pkts=7 q_bytes=8624 ecn_mark=1294 drop_l4s=0 drop_classic=2535 drop_overload=0
[QUEUE_STATS] t_ms=0.021839 q_pkts=7 q_bytes=8624 ecn_mark=1295 drop_l4s=0 drop_classic=2536 drop_overload=0
[QUEUE_STATS] t_ms=0.021855 q_pkts=9 q_bytes=11088 ecn_mark=1296 drop_l4s=0 drop_classic=2536 drop_overload=0
[QUEUE_STATS] t_ms=0.021871 q_pkts=7 q_bytes=8624 ecn_mark=1297 drop_l4s=0 drop_classic=2540 drop_overload=0
[QUEUE_STATS] t_ms=0.021887 q_pkts=7 q_bytes=8228 ecn_mark=1298 drop_l4s=0 drop_classic=2542 drop_overload=0
[QUEUE_STATS] t_ms=0.021903 q_pkts=6 q_bytes=7392 ecn_mark=1299 drop_l4s=0 drop_classic=2544 drop_overload=0
[QUEUE_STATS] t_ms=0.021919 q_pkts=7 q_bytes=8624 ecn_mark=1301 drop_l4s=0 drop_classic=2545 drop_overload=0
[QUEUE_STATS] t_ms=0.021935 q_pkts=7 q_bytes=8624 ecn_mark=1301 drop_l4s=0 drop_classic=2546 drop_overload=0
[QUEUE_STATS] t_ms=0.021951 q_pkts=8 q_bytes=9856 ecn_mark=1302 drop_l4s=0 drop_classic=2547 drop_overload=0
[QUEUE_STATS] t_ms=0.021967 q_pkts=10 q_bytes=12320 ecn_mark=1302 drop_l4s=0 drop_classic=2547 drop_overload=0
[QUEUE_STATS] t_ms=0.021983 q_pkts=11 q_bytes=13552 ecn_mark=1302 drop_l4s=0 drop_classic=2547 drop_overload=0
[QUEUE_STATS] t_ms=0.021999 q_pkts=14 q_bytes=17248 ecn_mark=1304 drop_l4s=0 drop_classic=2547 drop_overload=0
[QUEUE_STATS] t_ms=0.022015 q_pkts=15 q_bytes=18480 ecn_mark=1305 drop_l4s=0 drop_classic=2548 drop_overload=0
[QUEUE_STATS] t_ms=0.022031 q_pkts=15 q_bytes=18480 ecn_mark=1306 drop_l4s=0 drop_classic=2549 drop_overload=0
[QUEUE_STATS] t_ms=0.022047 q_pkts=13 q_bytes=16016 ecn_mark=1306 drop_l4s=0 drop_classic=2553 drop_overload=0
[QUEUE_STATS] t_ms=0.022063 q_pkts=15 q_bytes=18480 ecn_mark=1306 drop_l4s=0 drop_classic=2553 drop_overload=0
[QUEUE_STATS] t_ms=0.022079 q_pkts=16 q_bytes=19712 ecn_mark=1308 drop_l4s=0 drop_classic=2555 drop_overload=0
[QUEUE_STATS] t_ms=0.022095 q_pkts=14 q_bytes=17248 ecn_mark=1309 drop_l4s=0 drop_classic=2559 drop_overload=0
[QUEUE_STATS] t_ms=0.022111 q_pkts=16 q_bytes=19831 ecn_mark=1310 drop_l4s=0 drop_classic=2559 drop_overload=0
[QUEUE_STATS] t_ms=0.022126 q_pkts=16 q_bytes=19712 ecn_mark=1311 drop_l4s=0 drop_classic=2560 drop_overload=0
[QUEUE_STATS] t_ms=0.022143 q_pkts=15 q_bytes=18480 ecn_mark=1312 drop_l4s=0 drop_classic=2563 drop_overload=0
[QUEUE_STATS] t_ms=0.022159 q_pkts=11 q_bytes=13552 ecn_mark=1313 drop_l4s=0 drop_classic=2568 drop_overload=0
[QUEUE_STATS] t_ms=0.022175 q_pkts=11 q_bytes=13552 ecn_mark=1314 drop_l4s=0 drop_classic=2569 drop_overload=0
[QUEUE_STATS] t_ms=0.022191 q_pkts=10 q_bytes=12320 ecn_mark=1314 drop_l4s=0 drop_classic=2571 drop_overload=0
[QUEUE_STATS] t_ms=0.022207 q_pkts=10 q_bytes=12320 ecn_mark=1316 drop_l4s=0 drop_classic=2573 drop_overload=0
[QUEUE_STATS] t_ms=0.022223 q_pkts=12 q_bytes=14784 ecn_mark=1318 drop_l4s=0 drop_classic=2573 drop_overload=0
[QUEUE_STATS] t_ms=0.022239 q_pkts=10 q_bytes=12320 ecn_mark=1319 drop_l4s=0 drop_classic=2575 drop_overload=0
[QUEUE_STATS] t_ms=0.022255 q_pkts=11 q_bytes=13552 ecn_mark=1319 drop_l4s=0 drop_classic=2576 drop_overload=0
[QUEUE_STATS] t_ms=0.022271 q_pkts=10 q_bytes=12320 ecn_mark=1320 drop_l4s=0 drop_classic=2579 drop_overload=0
[QUEUE_STATS] t_ms=0.022287 q_pkts=11 q_bytes=13552 ecn_mark=1320 drop_l4s=0 drop_classic=2579 drop_overload=0
[QUEUE_STATS] t_ms=0.022303 q_pkts=10 q_bytes=12320 ecn_mark=1321 drop_l4s=0 drop_classic=2581 drop_overload=0
[QUEUE_STATS] t_ms=0.022319 q_pkts=12 q_bytes=14784 ecn_mark=1321 drop_l4s=0 drop_classic=2581 drop_overload=0
[QUEUE_STATS] t_ms=0.022335 q_pkts=14 q_bytes=17520 ecn_mark=1321 drop_l4s=0 drop_classic=2581 drop_overload=0
[QUEUE_STATS] t_ms=0.022351 q_pkts=15 q_bytes=18480 ecn_mark=1323 drop_l4s=0 drop_classic=2582 drop_overload=0
[QUEUE_STATS] t_ms=0.022367 q_pkts=16 q_bytes=19712 ecn_mark=1324 drop_l4s=0 drop_classic=2583 drop_overload=0
[QUEUE_STATS] t_ms=0.022383 q_pkts=15 q_bytes=18480 ecn_mark=1324 drop_l4s=0 drop_classic=2585 drop_overload=0
[QUEUE_STATS] t_ms=0.022399 q_pkts=17 q_bytes=20944 ecn_mark=1325 drop_l4s=0 drop_classic=2585 drop_overload=0
[QUEUE_STATS] t_ms=0.022415 q_pkts=17 q_bytes=20944 ecn_mark=1325 drop_l4s=0 drop_classic=2586 drop_overload=0
[QUEUE_STATS] t_ms=0.022431 q_pkts=20 q_bytes=24640 ecn_mark=1325 drop_l4s=0 drop_classic=2586 drop_overload=0
[QUEUE_STATS] t_ms=0.022447 q_pkts=19 q_bytes=23680 ecn_mark=1325 drop_l4s=0 drop_classic=2590 drop_overload=0
[QUEUE_STATS] t_ms=0.022462 q_pkts=17 q_bytes=20944 ecn_mark=1326 drop_l4s=0 drop_classic=2594 drop_overload=0
[QUEUE_STATS] t_ms=0.022479 q_pkts=20 q_bytes=24640 ecn_mark=1327 drop_l4s=0 drop_classic=2594 drop_overload=0
[QUEUE_STATS] t_ms=0.022495 q_pkts=21 q_bytes=25872 ecn_mark=1329 drop_l4s=0 drop_classic=2596 drop_overload=0
[QUEUE_STATS] t_ms=0.022511 q_pkts=22 q_bytes=27104 ecn_mark=1330 drop_l4s=0 drop_classic=2598 drop_overload=0
[QUEUE_STATS] t_ms=0.022527 q_pkts=23 q_bytes=28336 ecn_mark=1330 drop_l4s=0 drop_classic=2599 drop_overload=0
[QUEUE_STATS] t_ms=0.022543 q_pkts=24 q_bytes=29568 ecn_mark=1332 drop_l4s=0 drop_classic=2600 drop_overload=0
[QUEUE_STATS] t_ms=0.022559 q_pkts=24 q_bytes=29505 ecn_mark=1333 drop_l4s=0 drop_classic=2603 drop_overload=0
[QUEUE_STATS] t_ms=0.022575 q_pkts=23 q_bytes=28336 ecn_mark=1334 drop_l4s=0 drop_classic=2605 drop_overload=0
[QUEUE_STATS] t_ms=0.022591 q_pkts=25 q_bytes=30800 ecn_mark=1335 drop_l4s=0 drop_classic=2605 drop_overload=0
[QUEUE_STATS] t_ms=0.022607 q_pkts=26 q_bytes=32032 ecn_mark=1336 drop_l4s=0 drop_classic=2606 drop_overload=0
[QUEUE_STATS] t_ms=0.022623 q_pkts=27 q_bytes=33264 ecn_mark=1337 drop_l4s=0 drop_classic=2607 drop_overload=0
[QUEUE_STATS] t_ms=0.022639 q_pkts=29 q_bytes=35728 ecn_mark=1338 drop_l4s=0 drop_classic=2607 drop_overload=0
[QUEUE_STATS] t_ms=0.022655 q_pkts=30 q_bytes=36960 ecn_mark=1339 drop_l4s=0 drop_classic=2608 drop_overload=0
[QUEUE_STATS] t_ms=0.022671 q_pkts=30 q_bytes=36960 ecn_mark=1340 drop_l4s=0 drop_classic=2610 drop_overload=0
[QUEUE_STATS] t_ms=0.022687 q_pkts=30 q_bytes=36960 ecn_mark=1341 drop_l4s=0 drop_classic=2612 drop_overload=0
[QUEUE_STATS] t_ms=0.022703 q_pkts=27 q_bytes=33264 ecn_mark=1341 drop_l4s=0 drop_classic=2616 drop_overload=0
[QUEUE_STATS] t_ms=0.022719 q_pkts=30 q_bytes=36960 ecn_mark=1342 drop_l4s=0 drop_classic=2616 drop_overload=0
[QUEUE_STATS] t_ms=0.022735 q_pkts=29 q_bytes=35728 ecn_mark=1342 drop_l4s=0 drop_classic=2618 drop_overload=0
[QUEUE_STATS] t_ms=0.022751 q_pkts=31 q_bytes=38192 ecn_mark=1344 drop_l4s=0 drop_classic=2619 drop_overload=0
[QUEUE_STATS] t_ms=0.022767 q_pkts=31 q_bytes=38192 ecn_mark=1345 drop_l4s=0 drop_classic=2621 drop_overload=0
[QUEUE_STATS] t_ms=0.022783 q_pkts=31 q_bytes=38464 ecn_mark=1345 drop_l4s=0 drop_classic=2624 drop_overload=0
[QUEUE_STATS] t_ms=0.022799 q_pkts=30 q_bytes=36960 ecn_mark=1347 drop_l4s=0 drop_classic=2626 drop_overload=0
[QUEUE_STATS] t_ms=0.022815 q_pkts=30 q_bytes=36960 ecn_mark=1348 drop_l4s=0 drop_classic=2628 drop_overload=0
[QUEUE_STATS] t_ms=0.022831 q_pkts=28 q_bytes=34496 ecn_mark=1349 drop_l4s=0 drop_classic=2633 drop_overload=0
[QUEUE_STATS] t_ms=0.022847 q_pkts=28 q_bytes=34526 ecn_mark=1349 drop_l4s=0 drop_classic=2634 drop_overload=0
[QUEUE_STATS] t_ms=0.022863 q_pkts=27 q_bytes=33264 ecn_mark=1351 drop_l4s=0 drop_classic=2636 drop_overload=0
[QUEUE_STATS] t_ms=0.022879 q_pkts=29 q_bytes=35728 ecn_mark=1352 drop_l4s=0 drop_classic=2636 drop_overload=0
[QUEUE_STATS] t_ms=0.022895 q_pkts=29 q_bytes=35728 ecn_mark=1352 drop_l4s=0 drop_classic=2638 drop_overload=0
[QUEUE_STATS] t_ms=0.022911 q_pkts=29 q_bytes=35769 ecn_mark=1352 drop_l4s=0 drop_classic=2640 drop_overload=0
[QUEUE_STATS] t_ms=0.022927 q_pkts=30 q_bytes=36960 ecn_mark=1353 drop_l4s=0 drop_classic=2641 drop_overload=0
[QUEUE_STATS] t_ms=0.022943 q_pkts=32 q_bytes=39424 ecn_mark=1354 drop_l4s=0 drop_classic=2642 drop_overload=0
[QUEUE_STATS] t_ms=0.022959 q_pkts=34 q_bytes=41888 ecn_mark=1356 drop_l4s=0 drop_classic=2642 drop_overload=0
[QUEUE_STATS] t_ms=0.022975 q_pkts=33 q_bytes=40656 ecn_mark=1357 drop_l4s=0 drop_classic=2645 drop_overload=0
[QUEUE_STATS] t_ms=0.02299 q_pkts=34 q_bytes=40770 ecn_mark=1358 drop_l4s=0 drop_classic=2646 drop_overload=0
[QUEUE_STATS] t_ms=0.023007 q_pkts=34 q_bytes=41888 ecn_mark=1360 drop_l4s=0 drop_classic=2647 drop_overload=0
[QUEUE_STATS] t_ms=0.023023 q_pkts=36 q_bytes=44352 ecn_mark=1362 drop_l4s=0 drop_classic=2647 drop_overload=0
[QUEUE_STATS] t_ms=0.023039 q_pkts=34 q_bytes=41888 ecn_mark=1363 drop_l4s=0 drop_classic=2651 drop_overload=0
[QUEUE_STATS] t_ms=0.023055 q_pkts=27 q_bytes=33264 ecn_mark=1365 drop_l4s=0 drop_classic=2659 drop_overload=0
[QUEUE_STATS] t_ms=0.023071 q_pkts=26 q_bytes=32032 ecn_mark=1366 drop_l4s=0 drop_classic=2661 drop_overload=0
[QUEUE_STATS] t_ms=0.023087 q_pkts=25 q_bytes=30800 ecn_mark=1368 drop_l4s=0 drop_classic=2663 drop_overload=0
[QUEUE_STATS] t_ms=0.023103 q_pkts=26 q_bytes=32032 ecn_mark=1369 drop_l4s=0 drop_classic=2663 drop_overload=0
[QUEUE_STATS] t_ms=0.023119 q_pkts=26 q_bytes=32032 ecn_mark=1369 drop_l4s=0 drop_classic=2664 drop_overload=0
[QUEUE_STATS] t_ms=0.023135 q_pkts=25 q_bytes=30800 ecn_mark=1372 drop_l4s=0 drop_classic=2667 drop_overload=0
[QUEUE_STATS] t_ms=0.023151 q_pkts=23 q_bytes=28336 ecn_mark=1374 drop_l4s=0 drop_classic=2670 drop_overload=0
[QUEUE_STATS] t_ms=0.023167 q_pkts=24 q_bytes=29568 ecn_mark=1374 drop_l4s=0 drop_classic=2670 drop_overload=0
[QUEUE_STATS] t_ms=0.023183 q_pkts=24 q_bytes=29568 ecn_mark=1374 drop_l4s=0 drop_classic=2672 drop_overload=0
[QUEUE_STATS] t_ms=0.023199 q_pkts=24 q_bytes=29568 ecn_mark=1375 drop_l4s=0 drop_classic=2674 drop_overload=0
[QUEUE_STATS] t_ms=0.023215 q_pkts=25 q_bytes=30800 ecn_mark=1376 drop_l4s=0 drop_classic=2675 drop_overload=0
[QUEUE_STATS] t_ms=0.023231 q_pkts=21 q_bytes=25872 ecn_mark=1376 drop_l4s=0 drop_classic=2680 drop_overload=0
[QUEUE_STATS] t_ms=0.023247 q_pkts=23 q_bytes=28336 ecn_mark=1378 drop_l4s=0 drop_classic=2681 drop_overload=0
[QUEUE_STATS] t_ms=0.023263 q_pkts=23 q_bytes=28161 ecn_mark=1378 drop_l4s=0 drop_classic=2683 drop_overload=0
[QUEUE_STATS] t_ms=0.023279 q_pkts=23 q_bytes=28336 ecn_mark=1380 drop_l4s=0 drop_classic=2684 drop_overload=0
[QUEUE_STATS] t_ms=0.023295 q_pkts=22 q_bytes=27104 ecn_mark=1381 drop_l4s=0 drop_classic=2686 drop_overload=0
[QUEUE_STATS] t_ms=0.023311 q_pkts=23 q_bytes=28336 ecn_mark=1381 drop_l4s=0 drop_classic=2686 drop_overload=0
[QUEUE_STATS] t_ms=0.023327 q_pkts=20 q_bytes=24640 ecn_mark=1381 drop_l4s=0 drop_classic=2690 drop_overload=0
[QUEUE_STATS] t_ms=0.023343 q_pkts=23 q_bytes=28336 ecn_mark=1382 drop_l4s=0 drop_classic=2690 drop_overload=0
[QUEUE_STATS] t_ms=0.023359 q_pkts=21 q_bytes=25872 ecn_mark=1382 drop_l4s=0 drop_classic=2693 drop_overload=0
[QUEUE_STATS] t_ms=0.023375 q_pkts=21 q_bytes=25872 ecn_mark=1383 drop_l4s=0 drop_classic=2695 drop_overload=0
[QUEUE_STATS] t_ms=0.023391 q_pkts=21 q_bytes=25872 ecn_mark=1384 drop_l4s=0 drop_classic=2697 drop_overload=0
[QUEUE_STATS] t_ms=0.023407 q_pkts=21 q_bytes=25872 ecn_mark=1386 drop_l4s=0 drop_classic=2699 drop_overload=0
[QUEUE_STATS] t_ms=0.023423 q_pkts=19 q_bytes=23408 ecn_mark=1386 drop_l4s=0 drop_classic=2702 drop_overload=0
[QUEUE_STATS] t_ms=0.023439 q_pkts=21 q_bytes=25872 ecn_mark=1387 drop_l4s=0 drop_classic=2702 drop_overload=0
[QUEUE_STATS] t_ms=0.023455 q_pkts=23 q_bytes=28336 ecn_mark=1388 drop_l4s=0 drop_classic=2702 drop_overload=0
[QUEUE_STATS] t_ms=0.023471 q_pkts=24 q_bytes=29568 ecn_mark=1389 drop_l4s=0 drop_classic=2703 drop_overload=0
[QUEUE_STATS] t_ms=0.023486 q_pkts=24 q_bytes=29568 ecn_mark=1390 drop_l4s=0 drop_classic=2704 drop_overload=0
[QUEUE_STATS] t_ms=0.023503 q_pkts=22 q_bytes=27104 ecn_mark=1391 drop_l4s=0 drop_classic=2708 drop_overload=0
[QUEUE_STATS] t_ms=0.023519 q_pkts=19 q_bytes=23408 ecn_mark=1393 drop_l4s=0 drop_classic=2712 drop_overload=0
[QUEUE_STATS] t_ms=0.023535 q_pkts=15 q_bytes=18480 ecn_mark=1394 drop_l4s=0 drop_classic=2717 drop_overload=0
[QUEUE_STATS] t_ms=0.023551 q_pkts=14 q_bytes=17248 ecn_mark=1395 drop_l4s=0 drop_classic=2720 drop_overload=0
[QUEUE_STATS] t_ms=0.023567 q_pkts=13 q_bytes=16016 ecn_mark=1397 drop_l4s=0 drop_classic=2722 drop_overload=0
[QUEUE_STATS] t_ms=0.023582 q_pkts=14 q_bytes=17248 ecn_mark=1398 drop_l4s=0 drop_classic=2722 drop_overload=0
[QUEUE_STATS] t_ms=0.023599 q_pkts=10 q_bytes=12320 ecn_mark=1400 drop_l4s=0 drop_classic=2727 drop_overload=0
[QUEUE_STATS] t_ms=0.023615 q_pkts=11 q_bytes=13552 ecn_mark=1402 drop_l4s=0 drop_classic=2727 drop_overload=0
[QUEUE_STATS] t_ms=0.023631 q_pkts=9 q_bytes=11088 ecn_mark=1404 drop_l4s=0 drop_classic=2730 drop_overload=0
[QUEUE_STATS] t_ms=0.023647 q_pkts=8 q_bytes=9856 ecn_mark=1405 drop_l4s=0 drop_classic=2732 drop_overload=0
[QUEUE_STATS] t_ms=0.023663 q_pkts=6 q_bytes=7392 ecn_mark=1407 drop_l4s=0 drop_classic=2735 drop_overload=0
[QUEUE_STATS] t_ms=0.023679 q_pkts=3 q_bytes=3696 ecn_mark=1408 drop_l4s=0 drop_classic=2738 drop_overload=0
[QUEUE_STATS] t_ms=0.023695 q_pkts=4 q_bytes=4928 ecn_mark=1408 drop_l4s=0 drop_classic=2738 drop_overload=0
[QUEUE_STATS] t_ms=0.023711 q_pkts=5 q_bytes=6160 ecn_mark=1409 drop_l4s=0 drop_classic=2739 drop_overload=0
[QUEUE_STATS] t_ms=0.023727 q_pkts=4 q_bytes=4928 ecn_mark=1409 drop_l4s=0 drop_classic=2741 drop_overload=0
[QUEUE_STATS] t_ms=0.023743 q_pkts=4 q_bytes=4928 ecn_mark=1410 drop_l4s=0 drop_classic=2743 drop_overload=0
[QUEUE_STATS] t_ms=0.023759 q_pkts=5 q_bytes=6160 ecn_mark=1410 drop_l4s=0 drop_classic=2743 drop_overload=0
[QUEUE_STATS] t_ms=0.023775 q_pkts=5 q_bytes=6160 ecn_mark=1411 drop_l4s=0 drop_classic=2745 drop_overload=0
[QUEUE_STATS] t_ms=0.023791 q_pkts=6 q_bytes=6914 ecn_mark=1412 drop_l4s=0 drop_classic=2746 drop_overload=0
[QUEUE_STATS] t_ms=0.023807 q_pkts=7 q_bytes=8624 ecn_mark=1413 drop_l4s=0 drop_classic=2746 drop_overload=0
[QUEUE_STATS] t_ms=0.023823 q_pkts=7 q_bytes=8624 ecn_mark=1414 drop_l4s=0 drop_classic=2748 drop_overload=0
[QUEUE_STATS] t_ms=0.023839 q_pkts=8 q_bytes=9856 ecn_mark=1415 drop_l4s=0 drop_classic=2748 drop_overload=0
[QUEUE_STATS] t_ms=0.023855 q_pkts=9 q_bytes=11088 ecn_mark=1416 drop_l4s=0 drop_classic=2749 drop_overload=0
[QUEUE_STATS] t_ms=0.023871 q_pkts=8 q_bytes=9856 ecn_mark=1416 drop_l4s=0 drop_classic=2751 drop_overload=0
[QUEUE_STATS] t_ms=0.023887 q_pkts=8 q_bytes=9856 ecn_mark=1418 drop_l4s=0 drop_classic=2753 drop_overload=0
[QUEUE_STATS] t_ms=0.023903 q_pkts=7 q_bytes=8624 ecn_mark=1419 drop_l4s=0 drop_classic=2755 drop_overload=0
[QUEUE_STATS] t_ms=0.023919 q_pkts=8 q_bytes=9856 ecn_mark=1421 drop_l4s=0 drop_classic=2755 drop_overload=0
[QUEUE_STATS] t_ms=0.023934 q_pkts=9 q_bytes=11088 ecn_mark=1421 drop_l4s=0 drop_classic=2755 drop_overload=0
[QUEUE_STATS] t_ms=0.023951 q_pkts=9 q_bytes=11088 ecn_mark=1422 drop_l4s=0 drop_classic=2756 drop_overload=0
[QUEUE_STATS] t_ms=0.023967 q_pkts=6 q_bytes=7392 ecn_mark=1424 drop_l4s=0 drop_classic=2760 drop_overload=0
[QUEUE_STATS] t_ms=0.023983 q_pkts=7 q_bytes=8624 ecn_mark=1424 drop_l4s=0 drop_classic=2760 drop_overload=0
[QUEUE_STATS] t_ms=0.023999 q_pkts=7 q_bytes=8624 ecn_mark=1425 drop_l4s=0 drop_classic=2762 drop_overload=0
[QUEUE_STATS] t_ms=0.024015 q_pkts=5 q_bytes=6160 ecn_mark=1426 drop_l4s=0 drop_classic=2765 drop_overload=0
[QUEUE_STATS] t_ms=0.024031 q_pkts=6 q_bytes=7392 ecn_mark=1427 drop_l4s=0 drop_classic=2765 drop_overload=0
[QUEUE_STATS] t_ms=0.024047 q_pkts=7 q_bytes=8624 ecn_mark=1428 drop_l4s=0 drop_classic=2766 drop_overload=0
[QUEUE_STATS] t_ms=0.024063 q_pkts=7 q_bytes=8624 ecn_mark=1429 drop_l4s=0 drop_classic=2767 drop_overload=0
[QUEUE_STATS] t_ms=0.024079 q_pkts=7 q_bytes=8624 ecn_mark=1430 drop_l4s=0 drop_classic=2768 drop_overload=0
[QUEUE_STATS] t_ms=0.024095 q_pkts=7 q_bytes=8624 ecn_mark=1431 drop_l4s=0 drop_classic=2769 drop_overload=0
[QUEUE_STATS] t_ms=0.024111 q_pkts=6 q_bytes=7392 ecn_mark=1431 drop_l4s=0 drop_classic=2771 drop_overload=0
[QUEUE_STATS] t_ms=0.024127 q_pkts=9 q_bytes=11088 ecn_mark=1431 drop_l4s=0 drop_classic=2771 drop_overload=0
[QUEUE_STATS] t_ms=0.024143 q_pkts=9 q_bytes=11088 ecn_mark=1433 drop_l4s=0 drop_classic=2773 drop_overload=0
[QUEUE_STATS] t_ms=0.024159 q_pkts=7 q_bytes=8624 ecn_mark=1433 drop_l4s=0 drop_classic=2776 drop_overload=0
[QUEUE_STATS] t_ms=0.024175 q_pkts=8 q_bytes=9856 ecn_mark=1434 drop_l4s=0 drop_classic=2777 drop_overload=0
[QUEUE_STATS] t_ms=0.024191 q_pkts=9 q_bytes=11088 ecn_mark=1436 drop_l4s=0 drop_classic=2778 drop_overload=0
[QUEUE_STATS] t_ms=0.024207 q_pkts=9 q_bytes=11088 ecn_mark=1436 drop_l4s=0 drop_classic=2779 drop_overload=0
[QUEUE_STATS] t_ms=0.024223 q_pkts=9 q_bytes=11088 ecn_mark=1437 drop_l4s=0 drop_classic=2781 drop_overload=0
[QUEUE_STATS] t_ms=0.024239 q_pkts=10 q_bytes=12320 ecn_mark=1438 drop_l4s=0 drop_classic=2781 drop_overload=0
[QUEUE_STATS] t_ms=0.024255 q_pkts=10 q_bytes=12320 ecn_mark=1438 drop_l4s=0 drop_classic=2783 drop_overload=0
[QUEUE_STATS] t_ms=0.024271 q_pkts=11 q_bytes=13552 ecn_mark=1440 drop_l4s=0 drop_classic=2785 drop_overload=0
[QUEUE_STATS] t_ms=0.024287 q_pkts=10 q_bytes=12320 ecn_mark=1441 drop_l4s=0 drop_classic=2787 drop_overload=0
[QUEUE_STATS] t_ms=0.024303 q_pkts=12 q_bytes=14762 ecn_mark=1441 drop_l4s=0 drop_classic=2788 drop_overload=0
[QUEUE_STATS] t_ms=0.024319 q_pkts=12 q_bytes=14784 ecn_mark=1441 drop_l4s=0 drop_classic=2789 drop_overload=0
[QUEUE_STATS] t_ms=0.024335 q_pkts=14 q_bytes=17248 ecn_mark=1442 drop_l4s=0 drop_classic=2791 drop_overload=0
[QUEUE_STATS] t_ms=0.024351 q_pkts=16 q_bytes=19712 ecn_mark=1444 drop_l4s=0 drop_classic=2792 drop_overload=0
[QUEUE_STATS] t_ms=0.024367 q_pkts=17 q_bytes=20944 ecn_mark=1444 drop_l4s=0 drop_classic=2793 drop_overload=0
[QUEUE_STATS] t_ms=0.024383 q_pkts=20 q_bytes=24640 ecn_mark=1445 drop_l4s=0 drop_classic=2793 drop_overload=0
[QUEUE_STATS] t_ms=0.024399 q_pkts=20 q_bytes=24912 ecn_mark=1445 drop_l4s=0 drop_classic=2795 drop_overload=0
[QUEUE_STATS] t_ms=0.024415 q_pkts=23 q_bytes=28336 ecn_mark=1446 drop_l4s=0 drop_classic=2795 drop_overload=0
[QUEUE_STATS] t_ms=0.024431 q_pkts=23 q_bytes=28336 ecn_mark=1447 drop_l4s=0 drop_classic=2797 drop_overload=0
[QUEUE_STATS] t_ms=0.024447 q_pkts=26 q_bytes=32032 ecn_mark=1449 drop_l4s=0 drop_classic=2797 drop_overload=0
[QUEUE_STATS] t_ms=0.024463 q_pkts=27 q_bytes=33264 ecn_mark=1449 drop_l4s=0 drop_classic=2798 drop_overload=0
[QUEUE_STATS] t_ms=0.024479 q_pkts=27 q_bytes=33264 ecn_mark=1449 drop_l4s=0 drop_classic=2800 drop_overload=0
[QUEUE_STATS] t_ms=0.024495 q_pkts=30 q_bytes=36960 ecn_mark=1449 drop_l4s=0 drop_classic=2800 drop_overload=0
[QUEUE_STATS] t_ms=0.024511 q_pkts=31 q_bytes=38192 ecn_mark=1450 drop_l4s=0 drop_classic=2802 drop_overload=0
[QUEUE_STATS] t_ms=0.024527 q_pkts=33 q_bytes=40656 ecn_mark=1452 drop_l4s=0 drop_classic=2803 drop_overload=0
[QUEUE_STATS] t_ms=0.024543 q_pkts=34 q_bytes=41888 ecn_mark=1454 drop_l4s=0 drop_classic=2806 drop_overload=0
[QUEUE_STATS] t_ms=0.024559 q_pkts=34 q_bytes=41888 ecn_mark=1454 drop_l4s=0 drop_classic=2807 drop_overload=0
[QUEUE_STATS] t_ms=0.024575 q_pkts=34 q_bytes=41888 ecn_mark=1456 drop_l4s=0 drop_classic=2810 drop_overload=0
[QUEUE_STATS] t_ms=0.024591 q_pkts=33 q_bytes=40656 ecn_mark=1456 drop_l4s=0 drop_classic=2813 drop_overload=0
[QUEUE_STATS] t_ms=0.024607 q_pkts=34 q_bytes=41888 ecn_mark=1456 drop_l4s=0 drop_classic=2815 drop_overload=0
[QUEUE_STATS] t_ms=0.024623 q_pkts=33 q_bytes=40656 ecn_mark=1457 drop_l4s=0 drop_classic=2819 drop_overload=0
[QUEUE_STATS] t_ms=0.024639 q_pkts=31 q_bytes=38192 ecn_mark=1459 drop_l4s=0 drop_classic=2823 drop_overload=0
[QUEUE_STATS] t_ms=0.024654 q_pkts=29 q_bytes=35728 ecn_mark=1459 drop_l4s=0 drop_classic=2827 drop_overload=0
[QUEUE_STATS] t_ms=0.024671 q_pkts=31 q_bytes=38192 ecn_mark=1461 drop_l4s=0 drop_classic=2828 drop_overload=0
[QUEUE_STATS] t_ms=0.024687 q_pkts=32 q_bytes=39657 ecn_mark=1462 drop_l4s=0 drop_classic=2830 drop_overload=0
[QUEUE_STATS] t_ms=0.024703 q_pkts=33 q_bytes=40656 ecn_mark=1463 drop_l4s=0 drop_classic=2831 drop_overload=0
[QUEUE_STATS] t_ms=0.024719 q_pkts=33 q_bytes=40656 ecn_mark=1463 drop_l4s=0 drop_classic=2832 drop_overload=0
[QUEUE_STATS] t_ms=0.024735 q_pkts=36 q_bytes=44624 ecn_mark=1464 drop_l4s=0 drop_classic=2832 drop_overload=0
[QUEUE_STATS] t_ms=0.024751 q_pkts=36 q_bytes=44352 ecn_mark=1466 drop_l4s=0 drop_classic=2834 drop_overload=0
[QUEUE_STATS] t_ms=0.024767 q_pkts=36 q_bytes=44352 ecn_mark=1466 drop_l4s=0 drop_classic=2835 drop_overload=0
[QUEUE_STATS] t_ms=0.024783 q_pkts=35 q_bytes=43120 ecn_mark=1467 drop_l4s=0 drop_classic=2839 drop_overload=0
[QUEUE_STATS] t_ms=0.024799 q_pkts=37 q_bytes=45634 ecn_mark=1467 drop_l4s=0 drop_classic=2839 drop_overload=0
[QUEUE_STATS] t_ms=0.024815 q_pkts=35 q_bytes=43257 ecn_mark=1468 drop_l4s=0 drop_classic=2844 drop_overload=0
[QUEUE_STATS] t_ms=0.024831 q_pkts=33 q_bytes=40656 ecn_mark=1469 drop_l4s=0 drop_classic=2847 drop_overload=0
[QUEUE_STATS] t_ms=0.024847 q_pkts=34 q_bytes=41888 ecn_mark=1471 drop_l4s=0 drop_classic=2849 drop_overload=0
[QUEUE_STATS] t_ms=0.024863 q_pkts=34 q_bytes=41888 ecn_mark=1471 drop_l4s=0 drop_classic=2850 drop_overload=0
[QUEUE_STATS] t_ms=0.024879 q_pkts=35 q_bytes=43120 ecn_mark=1473 drop_l4s=0 drop_classic=2852 drop_overload=0
[QUEUE_STATS] t_ms=0.024895 q_pkts=32 q_bytes=39424 ecn_mark=1474 drop_l4s=0 drop_classic=2856 drop_overload=0
[QUEUE_STATS] t_ms=0.024911 q_pkts=35 q_bytes=42739 ecn_mark=1475 drop_l4s=0 drop_classic=2856 drop_overload=0
[QUEUE_STATS] t_ms=0.024927 q_pkts=34 q_bytes=41888 ecn_mark=1476 drop_l4s=0 drop_classic=2858 drop_overload=0
[QUEUE_STATS] t_ms=0.024943 q_pkts=32 q_bytes=39424 ecn_mark=1477 drop_l4s=0 drop_classic=2861 drop_overload=0
[QUEUE_STATS] t_ms=0.024959 q_pkts=28 q_bytes=34496 ecn_mark=1478 drop_l4s=0 drop_classic=2867 drop_overload=0
[QUEUE_STATS] t_ms=0.024975 q_pkts=31 q_bytes=38192 ecn_mark=1480 drop_l4s=0 drop_classic=2867 drop_overload=0
[QUEUE_STATS] t_ms=0.024991 q_pkts=30 q_bytes=36960 ecn_mark=1480 drop_l4s=0 drop_classic=2870 drop_overload=0
[QUEUE_STATS] t_ms=0.025007 q_pkts=29 q_bytes=35728 ecn_mark=1480 drop_l4s=0 drop_classic=2872 drop_overload=0
[QUEUE_STATS] t_ms=0.025023 q_pkts=28 q_bytes=34496 ecn_mark=1481 drop_l4s=0 drop_classic=2875 drop_overload=0
[QUEUE_STATS] t_ms=0.025039 q_pkts=27 q_bytes=33264 ecn_mark=1483 drop_l4s=0 drop_classic=2879 drop_overload=0
[QUEUE_STATS] t_ms=0.025055 q_pkts=24 q_bytes=29568 ecn_mark=1483 drop_l4s=0 drop_classic=2883 drop_overload=0
[QUEUE_STATS] t_ms=0.02507 q_pkts=24 q_bytes=29568 ecn_mark=1485 drop_l4s=0 drop_classic=2885 drop_overload=0
[QUEUE_STATS] t_ms=0.025087 q_pkts=25 q_bytes=30800 ecn_mark=1486 drop_l4s=0 drop_classic=2887 drop_overload=0
[QUEUE_STATS] t_ms=0.025103 q_pkts=25 q_bytes=31052 ecn_mark=1486 drop_l4s=0 drop_classic=2888 drop_overload=0
[QUEUE_STATS] t_ms=0.025119 q_pkts=23 q_bytes=28336 ecn_mark=1488 drop_l4s=0 drop_classic=2892 drop_overload=0
[QUEUE_STATS] t_ms=0.025135 q_pkts=22 q_bytes=27104 ecn_mark=1489 drop_l4s=0 drop_classic=2894 drop_overload=0
[QUEUE_STATS] t_ms=0.025151 q_pkts=18 q_bytes=22176 ecn_mark=1489 drop_l4s=0 drop_classic=2900 drop_overload=0
[QUEUE_STATS] t_ms=0.025167 q_pkts=15 q_bytes=18480 ecn_mark=1489 drop_l4s=0 drop_classic=2904 drop_overload=0
[QUEUE_STATS] t_ms=0.025183 q_pkts=13 q_bytes=16016 ecn_mark=1490 drop_l4s=0 drop_classic=2908 drop_overload=0
[QUEUE_STATS] t_ms=0.025199 q_pkts=11 q_bytes=13552 ecn_mark=1492 drop_l4s=0 drop_classic=2912 drop_overload=0
[QUEUE_STATS] t_ms=0.025215 q_pkts=8 q_bytes=9856 ecn_mark=1492 drop_l4s=0 drop_classic=2916 drop_overload=0
[QUEUE_STATS] t_ms=0.02523 q_pkts=8 q_bytes=9856 ecn_mark=1493 drop_l4s=0 drop_classic=2918 drop_overload=0
[QUEUE_STATS] t_ms=0.025247 q_pkts=9 q_bytes=11088 ecn_mark=1494 drop_l4s=0 drop_classic=2919 drop_overload=0
[QUEUE_STATS] t_ms=0.025263 q_pkts=10 q_bytes=12320 ecn_mark=1495 drop_l4s=0 drop_classic=2921 drop_overload=0
[QUEUE_STATS] t_ms=0.025279 q_pkts=11 q_bytes=13552 ecn_mark=1496 drop_l4s=0 drop_classic=2921 drop_overload=0
[QUEUE_STATS] t_ms=0.025295 q_pkts=13 q_bytes=16016 ecn_mark=1496 drop_l4s=0 drop_classic=2921 drop_overload=0
[QUEUE_STATS] t_ms=0.025311 q_pkts=14 q_bytes=17248 ecn_mark=1496 drop_l4s=0 drop_classic=2922 drop_overload=0
[QUEUE_STATS] t_ms=0.025327 q_pkts=16 q_bytes=19712 ecn_mark=1497 drop_l4s=0 drop_classic=2923 drop_overload=0
[QUEUE_STATS] t_ms=0.025343 q_pkts=14 q_bytes=17248 ecn_mark=1498 drop_l4s=0 drop_classic=2926 drop_overload=0
[QUEUE_STATS] t_ms=0.025359 q_pkts=12 q_bytes=14784 ecn_mark=1499 drop_l4s=0 drop_classic=2931 drop_overload=0
[QUEUE_STATS] t_ms=0.025375 q_pkts=13 q_bytes=16016 ecn_mark=1501 drop_l4s=0 drop_classic=2933 drop_overload=0
[QUEUE_STATS] t_ms=0.025391 q_pkts=9 q_bytes=11088 ecn_mark=1502 drop_l4s=0 drop_classic=2938 drop_overload=0
[QUEUE_STATS] t_ms=0.025407 q_pkts=9 q_bytes=11088 ecn_mark=1503 drop_l4s=0 drop_classic=2940 drop_overload=0
[QUEUE_STATS] t_ms=0.025423 q_pkts=7 q_bytes=8624 ecn_mark=1503 drop_l4s=0 drop_classic=2943 drop_overload=0
[QUEUE_STATS] t_ms=0.025439 q_pkts=8 q_bytes=9856 ecn_mark=1505 drop_l4s=0 drop_classic=2944 drop_overload=0
[QUEUE_STATS] t_ms=0.025455 q_pkts=8 q_bytes=9856 ecn_mark=1507 drop_l4s=0 drop_classic=2946 drop_overload=0
[QUEUE_STATS] t_ms=0.025471 q_pkts=9 q_bytes=11088 ecn_mark=1508 drop_l4s=0 drop_classic=2946 drop_overload=0
[QUEUE_STATS] t_ms=0.025487 q_pkts=8 q_bytes=9856 ecn_mark=1510 drop_l4s=0 drop_classic=2948 drop_overload=0
[QUEUE_STATS] t_ms=0.025503 q_pkts=7 q_bytes=8624 ecn_mark=1510 drop_l4s=0 drop_classic=2950 drop_overload=0
[QUEUE_STATS] t_ms=0.025518 q_pkts=4 q_bytes=4928 ecn_mark=1512 drop_l4s=0 drop_classic=2954 drop_overload=0
[QUEUE_STATS] t_ms=0.025535 q_pkts=5 q_bytes=6160 ecn_mark=1513 drop_l4s=0 drop_classic=2954 drop_overload=0
[QUEUE_STATS] t_ms=0.025551 q_pkts=4 q_bytes=4928 ecn_mark=1515 drop_l4s=0 drop_classic=2957 drop_overload=0
[QUEUE_STATS] t_ms=0.025567 q_pkts=5 q_bytes=6160 ecn_mark=1515 drop_l4s=0 drop_classic=2957 drop_overload=0
[QUEUE_STATS] t_ms=0.025582 q_pkts=6 q_bytes=7392 ecn_mark=1516 drop_l4s=0 drop_classic=2957 drop_overload=0
[QUEUE_STATS] t_ms=0.025598 q_pkts=4 q_bytes=4928 ecn_mark=1516 drop_l4s=0 drop_classic=2961 drop_overload=0
[QUEUE_STATS] t_ms=0.025615 q_pkts=4 q_bytes=4928 ecn_mark=1516 drop_l4s=0 drop_classic=2963 drop_overload=0
[QUEUE_STATS] t_ms=0.025631 q_pkts=6 q_bytes=7508 ecn_mark=1517 drop_l4s=0 drop_classic=2964 drop_overload=0
[QUEUE_STATS] t_ms=0.025647 q_pkts=5 q_bytes=6160 ecn_mark=1518 drop_l4s=0 drop_classic=2966 drop_overload=0
[QUEUE_STATS] t_ms=0.025663 q_pkts=5 q_bytes=6160 ecn_mark=1519 drop_l4s=0 drop_classic=2967 drop_overload=0
[QUEUE_STATS] t_ms=0.025679 q_pkts=6 q_bytes=7392 ecn_mark=1519 drop_l4s=0 drop_classic=2968 drop_overload=0
[QUEUE_STATS] t_ms=0.025695 q_pkts=7 q_bytes=8624 ecn_mark=1520 drop_l4s=0 drop_classic=2970 drop_overload=0
[QUEUE_STATS] t_ms=0.025711 q_pkts=8 q_bytes=9856 ecn_mark=1522 drop_l4s=0 drop_classic=2971 drop_overload=0
[QUEUE_STATS] t_ms=0.025727 q_pkts=8 q_bytes=9856 ecn_mark=1522 drop_l4s=0 drop_classic=2972 drop_overload=0
[QUEUE_STATS] t_ms=0.025743 q_pkts=8 q_bytes=9856 ecn_mark=1524 drop_l4s=0 drop_classic=2974 drop_overload=0
[QUEUE_STATS] t_ms=0.025759 q_pkts=11 q_bytes=13018 ecn_mark=1525 drop_l4s=0 drop_classic=2974 drop_overload=0
[QUEUE_STATS] t_ms=0.025775 q_pkts=11 q_bytes=13552 ecn_mark=1526 drop_l4s=0 drop_classic=2974 drop_overload=0
[QUEUE_STATS] t_ms=0.025791 q_pkts=9 q_bytes=11088 ecn_mark=1527 drop_l4s=0 drop_classic=2978 drop_overload=0
[QUEUE_STATS] t_ms=0.025807 q_pkts=10 q_bytes=12320 ecn_mark=1529 drop_l4s=0 drop_classic=2979 drop_overload=0
[QUEUE_STATS] t_ms=0.025823 q_pkts=11 q_bytes=13130 ecn_mark=1530 drop_l4s=0 drop_classic=2980 drop_overload=0
[QUEUE_STATS] t_ms=0.025839 q_pkts=12 q_bytes=14784 ecn_mark=1532 drop_l4s=0 drop_classic=2980 drop_overload=0
[QUEUE_STATS] t_ms=0.025855 q_pkts=13 q_bytes=15349 ecn_mark=1532 drop_l4s=0 drop_classic=2980 drop_overload=0
[QUEUE_STATS] t_ms=0.025871 q_pkts=12 q_bytes=14784 ecn_mark=1533 drop_l4s=0 drop_classic=2982 drop_overload=0
[QUEUE_STATS] t_ms=0.025887 q_pkts=8 q_bytes=9856 ecn_mark=1535 drop_l4s=0 drop_classic=2988 drop_overload=0
[QUEUE_STATS] t_ms=0.025902 q_pkts=7 q_bytes=8624 ecn_mark=1535 drop_l4s=0 drop_classic=2990 drop_overload=0
[QUEUE_STATS] t_ms=0.025919 q_pkts=10 q_bytes=12320 ecn_mark=1536 drop_l4s=0 drop_classic=2990 drop_overload=0
[QUEUE_STATS] t_ms=0.025935 q_pkts=9 q_bytes=11088 ecn_mark=1536 drop_l4s=0 drop_classic=2993 drop_overload=0
[QUEUE_STATS] t_ms=0.025951 q_pkts=8 q_bytes=9856 ecn_mark=1537 drop_l4s=0 drop_classic=2997 drop_overload=0
[QUEUE_STATS] t_ms=0.025967 q_pkts=10 q_bytes=12340 ecn_mark=1537 drop_l4s=0 drop_classic=2997 drop_overload=0
[QUEUE_STATS] t_ms=0.025983 q_pkts=11 q_bytes=13824 ecn_mark=1537 drop_l4s=0 drop_classic=2999 drop_overload=0
[QUEUE_STATS] t_ms=0.025999 q_pkts=10 q_bytes=12320 ecn_mark=1538 drop_l4s=0 drop_classic=3002 drop_overload=0
[QUEUE_STATS] t_ms=0.026015 q_pkts=13 q_bytes=16016 ecn_mark=1539 drop_l4s=0 drop_classic=3002 drop_overload=0
[QUEUE_STATS] t_ms=0.026031 q_pkts=15 q_bytes=18480 ecn_mark=1539 drop_l4s=0 drop_classic=3003 drop_overload=0
[QUEUE_STATS] t_ms=0.026047 q_pkts=16 q_bytes=19712 ecn_mark=1540 drop_l4s=0 drop_classic=3004 drop_overload=0
[QUEUE_STATS] t_ms=0.026063 q_pkts=18 q_bytes=22176 ecn_mark=1541 drop_l4s=0 drop_classic=3004 drop_overload=0
[QUEUE_STATS] t_ms=0.026079 q_pkts=19 q_bytes=23408 ecn_mark=1542 drop_l4s=0 drop_classic=3006 drop_overload=0
[QUEUE_STATS] t_ms=0.026095 q_pkts=22 q_bytes=27104 ecn_mark=1543 drop_l4s=0 drop_classic=3006 drop_overload=0
[QUEUE_STATS] t_ms=0.026111 q_pkts=23 q_bytes=28608 ecn_mark=1544 drop_l4s=0 drop_classic=3008 drop_overload=0
[QUEUE_STATS] t_ms=0.026127 q_pkts=22 q_bytes=27104 ecn_mark=1545 drop_l4s=0 drop_classic=3011 drop_overload=0
[QUEUE_STATS] t_ms=0.026143 q_pkts=24 q_bytes=29777 ecn_mark=1546 drop_l4s=0 drop_classic=3011 drop_overload=0
[QUEUE_STATS] t_ms=0.026159 q_pkts=24 q_bytes=29568 ecn_mark=1548 drop_l4s=0 drop_classic=3013 drop_overload=0
[QUEUE_STATS] t_ms=0.026175 q_pkts=24 q_bytes=29568 ecn_mark=1549 drop_l4s=0 drop_classic=3015 drop_overload=0
[QUEUE_STATS] t_ms=0.026191 q_pkts=25 q_bytes=30800 ecn_mark=1550 drop_l4s=0 drop_classic=3015 drop_overload=0
[QUEUE_STATS] t_ms=0.026207 q_pkts=24 q_bytes=29568 ecn_mark=1551 drop_l4s=0 drop_classic=3018 drop_overload=0
[QUEUE_STATS] t_ms=0.026223 q_pkts=21 q_bytes=25872 ecn_mark=1552 drop_l4s=0 drop_classic=3023 drop_overload=0
[QUEUE_STATS] t_ms=0.026239 q_pkts=21 q_bytes=25872 ecn_mark=1553 drop_l4s=0 drop_classic=3024 drop_overload=0
[QUEUE_STATS] t_ms=0.026255 q_pkts=20 q_bytes=24640 ecn_mark=1553 drop_l4s=0 drop_classic=3026 drop_overload=0
[QUEUE_STATS] t_ms=0.026271 q_pkts=19 q_bytes=23408 ecn_mark=1554 drop_l4s=0 drop_classic=3029 drop_overload=0
[QUEUE_STATS] t_ms=0.026287 q_pkts=21 q_bytes=25872 ecn_mark=1555 drop_l4s=0 drop_classic=3029 drop_overload=0
[QUEUE_STATS] t_ms=0.026303 q_pkts=20 q_bytes=24640 ecn_mark=1557 drop_l4s=0 drop_classic=3032 drop_overload=0
[QUEUE_STATS] t_ms=0.026319 q_pkts=20 q_bytes=24640 ecn_mark=1557 drop_l4s=0 drop_classic=3033 drop_overload=0
[QUEUE_STATS] t_ms=0.026335 q_pkts=21 q_bytes=25872 ecn_mark=1558 drop_l4s=0 drop_classic=3034 drop_overload=0
[QUEUE_STATS] t_ms=0.026351 q_pkts=21 q_bytes=25872 ecn_mark=1559 drop_l4s=0 drop_classic=3036 drop_overload=0
[QUEUE_STATS] t_ms=0.026367 q_pkts=22 q_bytes=27104 ecn_mark=1559 drop_l4s=0 drop_classic=3036 drop_overload=0
[QUEUE_STATS] t_ms=0.026383 q_pkts=24 q_bytes=29683 ecn_mark=1560 drop_l4s=0 drop_classic=3037 drop_overload=0
[QUEUE_STATS] t_ms=0.026398 q_pkts=22 q_bytes=27104 ecn_mark=1560 drop_l4s=0 drop_classic=3039 drop_overload=0
[QUEUE_STATS] t_ms=0.026415 q_pkts=21 q_bytes=25872 ecn_mark=1562 drop_l4s=0 drop_classic=3043 drop_overload=0
[QUEUE_STATS] t_ms=0.026431 q_pkts=19 q_bytes=23408 ecn_mark=1562 drop_l4s=0 drop_classic=3046 drop_overload=0
[QUEUE_STATS] t_ms=0.026447 q_pkts=21 q_bytes=25872 ecn_mark=1563 drop_l4s=0 drop_classic=3046 drop_overload=0
[QUEUE_STATS] t_ms=0.026463 q_pkts=22 q_bytes=27104 ecn_mark=1563 drop_l4s=0 drop_classic=3047 drop_overload=0
[QUEUE_STATS] t_ms=0.026479 q_pkts=20 q_bytes=24640 ecn_mark=1563 drop_l4s=0 drop_classic=3050 drop_overload=0
[QUEUE_STATS] t_ms=0.026495 q_pkts=21 q_bytes=25872 ecn_mark=1564 drop_l4s=0 drop_classic=3052 drop_overload=0
[QUEUE_STATS] t_ms=0.026511 q_pkts=21 q_bytes=25872 ecn_mark=1566 drop_l4s=0 drop_classic=3055 drop_overload=0
[QUEUE_STATS] t_ms=0.026527 q_pkts=20 q_bytes=24640 ecn_mark=1567 drop_l4s=0 drop_classic=3058 drop_overload=0
[QUEUE_STATS] t_ms=0.026543 q_pkts=18 q_bytes=22176 ecn_mark=1568 drop_l4s=0 drop_classic=3062 drop_overload=0
[QUEUE_STATS] t_ms=0.026558 q_pkts=18 q_bytes=22176 ecn_mark=1568 drop_l4s=0 drop_classic=3063 drop_overload=0
[QUEUE_STATS] t_ms=0.026575 q_pkts=19 q_bytes=23408 ecn_mark=1570 drop_l4s=0 drop_classic=3064 drop_overload=0
[QUEUE_STATS] t_ms=0.026591 q_pkts=20 q_bytes=24640 ecn_mark=1572 drop_l4s=0 drop_classic=3065 drop_overload=0
[QUEUE_STATS] t_ms=0.026607 q_pkts=21 q_bytes=25872 ecn_mark=1573 drop_l4s=0 drop_classic=3065 drop_overload=0
[QUEUE_STATS] t_ms=0.026623 q_pkts=21 q_bytes=25872 ecn_mark=1575 drop_l4s=0 drop_classic=3066 drop_overload=0
[QUEUE_STATS] t_ms=0.026639 q_pkts=21 q_bytes=25872 ecn_mark=1576 drop_l4s=0 drop_classic=3067 drop_overload=0
[QUEUE_STATS] t_ms=0.026655 q_pkts=22 q_bytes=27104 ecn_mark=1578 drop_l4s=0 drop_classic=3068 drop_overload=0
[QUEUE_STATS] t_ms=0.026671 q_pkts=19 q_bytes=23408 ecn_mark=1579 drop_l4s=0 drop_classic=3071 drop_overload=0
[QUEUE_STATS] t_ms=0.026687 q_pkts=19 q_bytes=22228 ecn_mark=1581 drop_l4s=0 drop_classic=3073 drop_overload=0
[QUEUE_STATS] t_ms=0.026703 q_pkts=16 q_bytes=19712 ecn_mark=1582 drop_l4s=0 drop_classic=3076 drop_overload=0
[QUEUE_STATS] t_ms=0.026719 q_pkts=15 q_bytes=18480 ecn_mark=1584 drop_l4s=0 drop_classic=3078 drop_overload=0
[QUEUE_STATS] t_ms=0.026735 q_pkts=14 q_bytes=16422 ecn_mark=1585 drop_l4s=0 drop_classic=3081 drop_overload=0
[QUEUE_STATS] t_ms=0.02675 q_pkts=15 q_bytes=18480 ecn_mark=1585 drop_l4s=0 drop_classic=3081 drop_overload=0
[QUEUE_STATS] t_ms=0.026767 q_pkts=15 q_bytes=18480 ecn_mark=1586 drop_l4s=0 drop_classic=3083 drop_overload=0
[QUEUE_STATS] t_ms=0.026783 q_pkts=16 q_bytes=19712 ecn_mark=1586 drop_l4s=0 drop_classic=3084 drop_overload=0
[QUEUE_STATS] t_ms=0.026799 q_pkts=17 q_bytes=20944 ecn_mark=1587 drop_l4s=0 drop_classic=3085 drop_overload=0
[QUEUE_STATS] t_ms=0.026815 q_pkts=20 q_bytes=24640 ecn_mark=1587 drop_l4s=0 drop_classic=3085 drop_overload=0
[QUEUE_STATS] t_ms=0.026831 q_pkts=20 q_bytes=24640 ecn_mark=1587 drop_l4s=0 drop_classic=3086 drop_overload=0
[QUEUE_STATS] t_ms=0.026847 q_pkts=21 q_bytes=25872 ecn_mark=1589 drop_l4s=0 drop_classic=3088 drop_overload=0
[QUEUE_STATS] t_ms=0.026863 q_pkts=23 q_bytes=28336 ecn_mark=1589 drop_l4s=0 drop_classic=3088 drop_overload=0
[QUEUE_STATS] t_ms=0.026879 q_pkts=26 q_bytes=32032 ecn_mark=1591 drop_l4s=0 drop_classic=3088 drop_overload=0
[QUEUE_STATS] t_ms=0.026895 q_pkts=25 q_bytes=30800 ecn_mark=1592 drop_l4s=0 drop_classic=3090 drop_overload=0
[QUEUE_STATS] t_ms=0.026911 q_pkts=28 q_bytes=34496 ecn_mark=1593 drop_l4s=0 drop_classic=3090 drop_overload=0
[QUEUE_STATS] t_ms=0.026927 q_pkts=28 q_bytes=34496 ecn_mark=1593 drop_l4s=0 drop_classic=3092 drop_overload=0
[QUEUE_STATS] t_ms=0.026943 q_pkts=26 q_bytes=32032 ecn_mark=1594 drop_l4s=0 drop_classic=3095 drop_overload=0
[QUEUE_STATS] t_ms=0.026959 q_pkts=27 q_bytes=33264 ecn_mark=1595 drop_l4s=0 drop_classic=3097 drop_overload=0
[QUEUE_STATS] t_ms=0.026975 q_pkts=28 q_bytes=34496 ecn_mark=1596 drop_l4s=0 drop_classic=3097 drop_overload=0
[QUEUE_STATS] t_ms=0.026991 q_pkts=30 q_bytes=36960 ecn_mark=1598 drop_l4s=0 drop_classic=3097 drop_overload=0
[QUEUE_STATS] t_ms=0.027007 q_pkts=30 q_bytes=36960 ecn_mark=1598 drop_l4s=0 drop_classic=3098 drop_overload=0
[QUEUE_STATS] t_ms=0.027023 q_pkts=30 q_bytes=36960 ecn_mark=1600 drop_l4s=0 drop_classic=3101 drop_overload=0
[QUEUE_STATS] t_ms=0.027039 q_pkts=31 q_bytes=38192 ecn_mark=1601 drop_l4s=0 drop_classic=3101 drop_overload=0
[QUEUE_STATS] t_ms=0.027055 q_pkts=30 q_bytes=36960 ecn_mark=1601 drop_l4s=0 drop_classic=3103 drop_overload=0
[QUEUE_STATS] t_ms=0.027071 q_pkts=32 q_bytes=38849 ecn_mark=1603 drop_l4s=0 drop_classic=3103 drop_overload=0
[QUEUE_STATS] t_ms=0.027087 q_pkts=28 q_bytes=34496 ecn_mark=1604 drop_l4s=0 drop_classic=3108 drop_overload=0
[QUEUE_STATS] t_ms=0.027103 q_pkts=25 q_bytes=30800 ecn_mark=1605 drop_l4s=0 drop_classic=3112 drop_overload=0
[QUEUE_STATS] t_ms=0.027119 q_pkts=26 q_bytes=32032 ecn_mark=1607 drop_l4s=0 drop_classic=3113 drop_overload=0
[QUEUE_STATS] t_ms=0.027135 q_pkts=26 q_bytes=32032 ecn_mark=1608 drop_l4s=0 drop_classic=3114 drop_overload=0
[QUEUE_STATS] t_ms=0.027151 q_pkts=27 q_bytes=33264 ecn_mark=1609 drop_l4s=0 drop_classic=3115 drop_overload=0
[QUEUE_STATS] t_ms=0.027167 q_pkts=26 q_bytes=32032 ecn_mark=1611 drop_l4s=0 drop_classic=3119 drop_overload=0
[QUEUE_STATS] t_ms=0.027183 q_pkts=27 q_bytes=33264 ecn_mark=1611 drop_l4s=0 drop_classic=3119 drop_overload=0
[QUEUE_STATS] t_ms=0.027199 q_pkts=28 q_bytes=34496 ecn_mark=1611 drop_l4s=0 drop_classic=3120 drop_overload=0
[QUEUE_STATS] t_ms=0.027215 q_pkts=28 q_bytes=34496 ecn_mark=1611 drop_l4s=0 drop_classic=3121 drop_overload=0
[QUEUE_STATS] t_ms=0.027231 q_pkts=29 q_bytes=35728 ecn_mark=1613 drop_l4s=0 drop_classic=3123 drop_overload=0
[QUEUE_STATS] t_ms=0.027247 q_pkts=31 q_bytes=38192 ecn_mark=1614 drop_l4s=0 drop_classic=3123 drop_overload=0
[QUEUE_STATS] t_ms=0.027263 q_pkts=31 q_bytes=38192 ecn_mark=1616 drop_l4s=0 drop_classic=3125 drop_overload=0
[QUEUE_STATS] t_ms=0.027279 q_pkts=32 q_bytes=39424 ecn_mark=1616 drop_l4s=0 drop_classic=3126 drop_overload=0
[QUEUE_STATS] t_ms=0.027295 q_pkts=30 q_bytes=36960 ecn_mark=1616 drop_l4s=0 drop_classic=3129 drop_overload=0
[QUEUE_STATS] t_ms=0.027311 q_pkts=31 q_bytes=38192 ecn_mark=1618 drop_l4s=0 drop_classic=3131 drop_overload=0
[QUEUE_STATS] t_ms=0.027327 q_pkts=31 q_bytes=38192 ecn_mark=1619 drop_l4s=0 drop_classic=3132 drop_overload=0
[QUEUE_STATS] t_ms=0.027343 q_pkts=30 q_bytes=36960 ecn_mark=1620 drop_l4s=0 drop_classic=3135 drop_overload=0
[QUEUE_STATS] t_ms=0.027359 q_pkts=30 q_bytes=36960 ecn_mark=1621 drop_l4s=0 drop_classic=3136 drop_overload=0
[QUEUE_STATS] t_ms=0.027375 q_pkts=29 q_bytes=35728 ecn_mark=1621 drop_l4s=0 drop_classic=3138 drop_overload=0
[QUEUE_STATS] t_ms=0.027391 q_pkts=26 q_bytes=32032 ecn_mark=1622 drop_l4s=0 drop_classic=3143 drop_overload=0
[QUEUE_STATS] t_ms=0.027407 q_pkts=23 q_bytes=28336 ecn_mark=1623 drop_l4s=0 drop_classic=3147 drop_overload=0
[QUEUE_STATS] t_ms=0.027423 q_pkts=25 q_bytes=30800 ecn_mark=1623 drop_l4s=0 drop_classic=3147 drop_overload=0
[QUEUE_STATS] t_ms=0.027439 q_pkts=24 q_bytes=29568 ecn_mark=1624 drop_l4s=0 drop_classic=3150 drop_overload=0
[QUEUE_STATS] t_ms=0.027455 q_pkts=23 q_bytes=28336 ecn_mark=1624 drop_l4s=0 drop_classic=3152 drop_overload=0
[QUEUE_STATS] t_ms=0.027471 q_pkts=25 q_bytes=30800 ecn_mark=1624 drop_l4s=0 drop_classic=3152 drop_overload=0
[QUEUE_STATS] t_ms=0.027487 q_pkts=26 q_bytes=32032 ecn_mark=1626 drop_l4s=0 drop_classic=3154 drop_overload=0
[QUEUE_STATS] t_ms=0.027503 q_pkts=26 q_bytes=32032 ecn_mark=1627 drop_l4s=0 drop_classic=3156 drop_overload=0
[QUEUE_STATS] t_ms=0.027519 q_pkts=27 q_bytes=33264 ecn_mark=1629 drop_l4s=0 drop_classic=3157 drop_overload=0
[QUEUE_STATS] t_ms=0.027535 q_pkts=23 q_bytes=28336 ecn_mark=1630 drop_l4s=0 drop_classic=3162 drop_overload=0
[QUEUE_STATS] t_ms=0.027551 q_pkts=24 q_bytes=29568 ecn_mark=1630 drop_l4s=0 drop_classic=3163 drop_overload=0
[QUEUE_STATS] t_ms=0.027567 q_pkts=22 q_bytes=27104 ecn_mark=1630 drop_l4s=0 drop_classic=3166 drop_overload=0
[QUEUE_STATS] t_ms=0.027583 q_pkts=22 q_bytes=27104 ecn_mark=1632 drop_l4s=0 drop_classic=3168 drop_overload=0
[QUEUE_STATS] t_ms=0.027599 q_pkts=23 q_bytes=28336 ecn_mark=1632 drop_l4s=0 drop_classic=3168 drop_overload=0
[QUEUE_STATS] t_ms=0.027615 q_pkts=24 q_bytes=29568 ecn_mark=1634 drop_l4s=0 drop_classic=3169 drop_overload=0
[QUEUE_STATS] t_ms=0.027631 q_pkts=22 q_bytes=27104 ecn_mark=1635 drop_l4s=0 drop_classic=3172 drop_overload=0
[QUEUE_STATS] t_ms=0.027647 q_pkts=24 q_bytes=29568 ecn_mark=1637 drop_l4s=0 drop_classic=3172 drop_overload=0
[QUEUE_STATS] t_ms=0.027663 q_pkts=21 q_bytes=25872 ecn_mark=1638 drop_l4s=0 drop_classic=3176 drop_overload=0
[QUEUE_STATS] t_ms=0.027679 q_pkts=18 q_bytes=22176 ecn_mark=1639 drop_l4s=0 drop_classic=3180 drop_overload=0
[QUEUE_STATS] t_ms=0.027695 q_pkts=18 q_bytes=22176 ecn_mark=1640 drop_l4s=0 drop_classic=3182 drop_overload=0
[QUEUE_STATS] t_ms=0.027711 q_pkts=18 q_bytes=22176 ecn_mark=1641 drop_l4s=0 drop_classic=3183 drop_overload=0
[QUEUE_STATS] t_ms=0.027726 q_pkts=14 q_bytes=17248 ecn_mark=1642 drop_l4s=0 drop_classic=3187 drop_overload=0
[QUEUE_STATS] t_ms=0.027743 q_pkts=14 q_bytes=17248 ecn_mark=1644 drop_l4s=0 drop_classic=3188 drop_overload=0
[QUEUE_STATS] t_ms=0.027758 q_pkts=13 q_bytes=16016 ecn_mark=1645 drop_l4s=0 drop_classic=3190 drop_overload=0
[QUEUE_STATS] t_ms=0.027775 q_pkts=14 q_bytes=17248 ecn_mark=1647 drop_l4s=0 drop_classic=3191 drop_overload=0
[QUEUE_STATS] t_ms=0.027791 q_pkts=14 q_bytes=17248 ecn_mark=1648 drop_l4s=0 drop_classic=3192 drop_overload=0
[QUEUE_STATS] t_ms=0.027807 q_pkts=11 q_bytes=13552 ecn_mark=1648 drop_l4s=0 drop_classic=3196 drop_overload=0
[QUEUE_STATS] t_ms=0.027823 q_pkts=9 q_bytes=11088 ecn_mark=1649 drop_l4s=0 drop_classic=3200 drop_overload=0
[QUEUE_STATS] t_ms=0.027839 q_pkts=7 q_bytes=8624 ecn_mark=1650 drop_l4s=0 drop_classic=3203 drop_overload=0
[QUEUE_STATS] t_ms=0.027855 q_pkts=7 q_bytes=8624 ecn_mark=1652 drop_l4s=0 drop_classic=3205 drop_overload=0
[QUEUE_STATS] t_ms=0.027871 q_pkts=6 q_bytes=7392 ecn_mark=1653 drop_l4s=0 drop_classic=3207 drop_overload=0
[QUEUE_STATS] t_ms=0.027887 q_pkts=4 q_bytes=4928 ecn_mark=1653 drop_l4s=0 drop_classic=3210 drop_overload=0
[QUEUE_STATS] t_ms=0.027903 q_pkts=6 q_bytes=7392 ecn_mark=1653 drop_l4s=0 drop_classic=3210 drop_overload=0
[QUEUE_STATS] t_ms=0.027919 q_pkts=4 q_bytes=4928 ecn_mark=1655 drop_l4s=0 drop_classic=3214 drop_overload=0
[QUEUE_STATS] t_ms=0.027935 q_pkts=4 q_bytes=4698 ecn_mark=1655 drop_l4s=0 drop_classic=3216 drop_overload=0
[QUEUE_STATS] t_ms=0.027951 q_pkts=5 q_bytes=6160 ecn_mark=1657 drop_l4s=0 drop_classic=3216 drop_overload=0
[QUEUE_STATS] t_ms=0.027967 q_pkts=7 q_bytes=8624 ecn_mark=1658 drop_l4s=0 drop_classic=3216 drop_overload=0
[QUEUE_STATS] t_ms=0.027983 q_pkts=9 q_bytes=11088 ecn_mark=1659 drop_l4s=0 drop_classic=3216 drop_overload=0
[QUEUE_STATS] t_ms=0.027999 q_pkts=9 q_bytes=11088 ecn_mark=1660 drop_l4s=0 drop_classic=3217 drop_overload=0
[QUEUE_STATS] t_ms=0.028015 q_pkts=11 q_bytes=13552 ecn_mark=1661 drop_l4s=0 drop_classic=3217 drop_overload=0
[QUEUE_STATS] t_ms=0.02803 q_pkts=4 q_bytes=4928 ecn_mark=1662 drop_l4s=0 drop_classic=3225 drop_overload=0
[QUEUE_STATS] t_ms=0.028047 q_pkts=5 q_bytes=6160 ecn_mark=1664 drop_l4s=0 drop_classic=3225 drop_overload=0
[QUEUE_STATS] t_ms=0.028063 q_pkts=5 q_bytes=6160 ecn_mark=1665 drop_l4s=0 drop_classic=3226 drop_overload=0
[QUEUE_STATS] t_ms=0.028079 q_pkts=4 q_bytes=4928 ecn_mark=1666 drop_l4s=0 drop_classic=3228 drop_overload=0
[QUEUE_STATS] t_ms=0.028095 q_pkts=4 q_bytes=4928 ecn_mark=1668 drop_l4s=0 drop_classic=3230 drop_overload=0
[QUEUE_STATS] t_ms=0.028111 q_pkts=5 q_bytes=6160 ecn_mark=1669 drop_l4s=0 drop_classic=3230 drop_overload=0
[QUEUE_STATS] t_ms=0.028127 q_pkts=5 q_bytes=6160 ecn_mark=1669 drop_l4s=0 drop_classic=3232 drop_overload=0
[QUEUE_STATS] t_ms=0.028143 q_pkts=4 q_bytes=4928 ecn_mark=1670 drop_l4s=0 drop_classic=3234 drop_overload=0
[QUEUE_STATS] t_ms=0.028159 q_pkts=6 q_bytes=7392 ecn_mark=1672 drop_l4s=0 drop_classic=3235 drop_overload=0
[QUEUE_STATS] t_ms=0.028175 q_pkts=5 q_bytes=6160 ecn_mark=1673 drop_l4s=0 drop_classic=3237 drop_overload=0
[QUEUE_STATS] t_ms=0.028191 q_pkts=5 q_bytes=6160 ecn_mark=1673 drop_l4s=0 drop_classic=3238 drop_overload=0
[QUEUE_STATS] t_ms=0.028207 q_pkts=6 q_bytes=7392 ecn_mark=1673 drop_l4s=0 drop_classic=3238 drop_overload=0
[QUEUE_STATS] t_ms=0.028223 q_pkts=9 q_bytes=11088 ecn_mark=1673 drop_l4s=0 drop_classic=3238 drop_overload=0
[QUEUE_STATS] t_ms=0.028239 q_pkts=10 q_bytes=12320 ecn_mark=1673 drop_l4s=0 drop_classic=3240 drop_overload=0
[QUEUE_STATS] t_ms=0.028255 q_pkts=12 q_bytes=14784 ecn_mark=1674 drop_l4s=0 drop_classic=3241 drop_overload=0
[QUEUE_STATS] t_ms=0.028271 q_pkts=15 q_bytes=18480 ecn_mark=1676 drop_l4s=0 drop_classic=3241 drop_overload=0
[QUEUE_STATS] t_ms=0.028287 q_pkts=14 q_bytes=17248 ecn_mark=1676 drop_l4s=0 drop_classic=3243 drop_overload=0
[QUEUE_STATS] t_ms=0.028303 q_pkts=17 q_bytes=20944 ecn_mark=1678 drop_l4s=0 drop_classic=3243 drop_overload=0
[QUEUE_STATS] t_ms=0.028319 q_pkts=18 q_bytes=22148 ecn_mark=1678 drop_l4s=0 drop_classic=3244 drop_overload=0
[QUEUE_STATS] t_ms=0.028335 q_pkts=19 q_bytes=23680 ecn_mark=1678 drop_l4s=0 drop_classic=3246 drop_overload=0
[QUEUE_STATS] t_ms=0.028351 q_pkts=22 q_bytes=27104 ecn_mark=1680 drop_l4s=0 drop_classic=3246 drop_overload=0
[QUEUE_STATS] t_ms=0.028367 q_pkts=23 q_bytes=28336 ecn_mark=1681 drop_l4s=0 drop_classic=3246 drop_overload=0
[QUEUE_STATS] t_ms=0.028383 q_pkts=26 q_bytes=32032 ecn_mark=1682 drop_l4s=0 drop_classic=3246 drop_overload=0
[QUEUE_STATS] t_ms=0.028399 q_pkts=27 q_bytes=33264 ecn_mark=1682 drop_l4s=0 drop_classic=3247 drop_overload=0
[QUEUE_STATS] t_ms=0.028415 q_pkts=25 q_bytes=30800 ecn_mark=1684 drop_l4s=0 drop_classic=3252 drop_overload=0
[QUEUE_STATS] t_ms=0.028431 q_pkts=27 q_bytes=33264 ecn_mark=1684 drop_l4s=0 drop_classic=3252 drop_overload=0
[QUEUE_STATS] t_ms=0.028447 q_pkts=25 q_bytes=30800 ecn_mark=1685 drop_l4s=0 drop_classic=3255 drop_overload=0
[QUEUE_STATS] t_ms=0.028463 q_pkts=26 q_bytes=32032 ecn_mark=1686 drop_l4s=0 drop_classic=3256 drop_overload=0
[QUEUE_STATS] t_ms=0.028479 q_pkts=25 q_bytes=30800 ecn_mark=1687 drop_l4s=0 drop_classic=3259 drop_overload=0
[QUEUE_STATS] t_ms=0.028495 q_pkts=25 q_bytes=30800 ecn_mark=1688 drop_l4s=0 drop_classic=3260 drop_overload=0
[QUEUE_STATS] t_ms=0.028511 q_pkts=26 q_bytes=32032 ecn_mark=1689 drop_l4s=0 drop_classic=3261 drop_overload=0
[QUEUE_STATS] t_ms=0.028527 q_pkts=22 q_bytes=27104 ecn_mark=1690 drop_l4s=0 drop_classic=3266 drop_overload=0
[QUEUE_STATS] t_ms=0.028543 q_pkts=22 q_bytes=27104 ecn_mark=1692 drop_l4s=0 drop_classic=3268 drop_overload=0
[QUEUE_STATS] t_ms=0.028559 q_pkts=24 q_bytes=29568 ecn_mark=1692 drop_l4s=0 drop_classic=3268 drop_overload=0
[QUEUE_STATS] t_ms=0.028575 q_pkts=24 q_bytes=29568 ecn_mark=1693 drop_l4s=0 drop_classic=3269 drop_overload=0
[QUEUE_STATS] t_ms=0.028591 q_pkts=25 q_bytes=30800 ecn_mark=1693 drop_l4s=0 drop_classic=3270 drop_overload=0
[QUEUE_STATS] t_ms=0.028607 q_pkts=28 q_bytes=34496 ecn_mark=1694 drop_l4s=0 drop_classic=3270 drop_overload=0
[QUEUE_STATS] t_ms=0.028623 q_pkts=26 q_bytes=32032 ecn_mark=1695 drop_l4s=0 drop_classic=3274 drop_overload=0
[QUEUE_STATS] t_ms=0.028639 q_pkts=25 q_bytes=30800 ecn_mark=1696 drop_l4s=0 drop_classic=3276 drop_overload=0
[QUEUE_STATS] t_ms=0.028655 q_pkts=27 q_bytes=33264 ecn_mark=1696 drop_l4s=0 drop_classic=3277 drop_overload=0
[QUEUE_STATS] t_ms=0.028671 q_pkts=26 q_bytes=32032 ecn_mark=1696 drop_l4s=0 drop_classic=3279 drop_overload=0
[QUEUE_STATS] t_ms=0.028687 q_pkts=29 q_bytes=35728 ecn_mark=1696 drop_l4s=0 drop_classic=3279 drop_overload=0
[QUEUE_STATS] t_ms=0.028703 q_pkts=29 q_bytes=35728 ecn_mark=1698 drop_l4s=0 drop_classic=3282 drop_overload=0
[QUEUE_STATS] t_ms=0.028719 q_pkts=29 q_bytes=35728 ecn_mark=1700 drop_l4s=0 drop_classic=3285 drop_overload=0
[QUEUE_STATS] t_ms=0.028735 q_pkts=29 q_bytes=35728 ecn_mark=1700 drop_l4s=0 drop_classic=3287 drop_overload=0
[QUEUE_STATS] t_ms=0.028751 q_pkts=31 q_bytes=38192 ecn_mark=1702 drop_l4s=0 drop_classic=3287 drop_overload=0
[QUEUE_STATS] t_ms=0.028767 q_pkts=33 q_bytes=40656 ecn_mark=1703 drop_l4s=0 drop_classic=3288 drop_overload=0
[QUEUE_STATS] t_ms=0.028783 q_pkts=32 q_bytes=39424 ecn_mark=1703 drop_l4s=0 drop_classic=3290 drop_overload=0
[QUEUE_STATS] t_ms=0.028799 q_pkts=35 q_bytes=43120 ecn_mark=1705 drop_l4s=0 drop_classic=3290 drop_overload=0
[QUEUE_STATS] t_ms=0.028815 q_pkts=36 q_bytes=44352 ecn_mark=1705 drop_l4s=0 drop_classic=3291 drop_overload=0
[QUEUE_STATS] t_ms=0.028831 q_pkts=33 q_bytes=40656 ecn_mark=1706 drop_l4s=0 drop_classic=3295 drop_overload=0
[QUEUE_STATS] t_ms=0.028847 q_pkts=34 q_bytes=42160 ecn_mark=1706 drop_l4s=0 drop_classic=3297 drop_overload=0
[QUEUE_STATS] t_ms=0.028863 q_pkts=35 q_bytes=43120 ecn_mark=1707 drop_l4s=0 drop_classic=3298 drop_overload=0
[QUEUE_STATS] t_ms=0.028879 q_pkts=36 q_bytes=44352 ecn_mark=1709 drop_l4s=0 drop_classic=3300 drop_overload=0
[QUEUE_STATS] t_ms=0.028895 q_pkts=36 q_bytes=44352 ecn_mark=1710 drop_l4s=0 drop_classic=3301 drop_overload=0
[QUEUE_STATS] t_ms=0.028911 q_pkts=37 q_bytes=45584 ecn_mark=1711 drop_l4s=0 drop_classic=3302 drop_overload=0
[QUEUE_STATS] t_ms=0.028927 q_pkts=38 q_bytes=46816 ecn_mark=1712 drop_l4s=0 drop_classic=3303 drop_overload=0
[QUEUE_STATS] t_ms=0.028943 q_pkts=34 q_bytes=41888 ecn_mark=1714 drop_l4s=0 drop_classic=3309 drop_overload=0
[QUEUE_STATS] t_ms=0.028959 q_pkts=30 q_bytes=36960 ecn_mark=1714 drop_l4s=0 drop_classic=3314 drop_overload=0
[QUEUE_STATS] t_ms=0.028975 q_pkts=31 q_bytes=38192 ecn_mark=1714 drop_l4s=0 drop_classic=3315 drop_overload=0
[QUEUE_STATS] t_ms=0.028991 q_pkts=29 q_bytes=35728 ecn_mark=1715 drop_l4s=0 drop_classic=3319 drop_overload=0
[QUEUE_STATS] t_ms=0.029007 q_pkts=29 q_bytes=35672 ecn_mark=1716 drop_l4s=0 drop_classic=3322 drop_overload=0
[QUEUE_STATS] t_ms=0.029023 q_pkts=27 q_bytes=33264 ecn_mark=1718 drop_l4s=0 drop_classic=3325 drop_overload=0
[QUEUE_STATS] t_ms=0.029039 q_pkts=24 q_bytes=29568 ecn_mark=1718 drop_l4s=0 drop_classic=3329 drop_overload=0
[QUEUE_STATS] t_ms=0.029055 q_pkts=22 q_bytes=27104 ecn_mark=1719 drop_l4s=0 drop_classic=3333 drop_overload=0
[QUEUE_STATS] t_ms=0.029071 q_pkts=20 q_bytes=24640 ecn_mark=1719 drop_l4s=0 drop_classic=3336 drop_overload=0
[QUEUE_STATS] t_ms=0.029087 q_pkts=22 q_bytes=27104 ecn_mark=1721 drop_l4s=0 drop_classic=3337 drop_overload=0
[QUEUE_STATS] t_ms=0.029103 q_pkts=22 q_bytes=27104 ecn_mark=1722 drop_l4s=0 drop_classic=3338 drop_overload=0
[QUEUE_STATS] t_ms=0.029119 q_pkts=22 q_bytes=27104 ecn_mark=1723 drop_l4s=0 drop_classic=3339 drop_overload=0
[QUEUE_STATS] t_ms=0.029135 q_pkts=21 q_bytes=25872 ecn_mark=1724 drop_l4s=0 drop_classic=3341 drop_overload=0
[QUEUE_STATS] t_ms=0.029151 q_pkts=21 q_bytes=25872 ecn_mark=1726 drop_l4s=0 drop_classic=3342 drop_overload=0
[QUEUE_STATS] t_ms=0.029167 q_pkts=19 q_bytes=23408 ecn_mark=1727 drop_l4s=0 drop_classic=3345 drop_overload=0
[QUEUE_STATS] t_ms=0.029183 q_pkts=19 q_bytes=23408 ecn_mark=1728 drop_l4s=0 drop_classic=3346 drop_overload=0
[QUEUE_STATS] t_ms=0.029199 q_pkts=16 q_bytes=19712 ecn_mark=1730 drop_l4s=0 drop_classic=3350 drop_overload=0
[QUEUE_STATS] t_ms=0.029215 q_pkts=11 q_bytes=13552 ecn_mark=1730 drop_l4s=0 drop_classic=3356 drop_overload=0
[QUEUE_STATS] t_ms=0.029231 q_pkts=11 q_bytes=13552 ecn_mark=1732 drop_l4s=0 drop_classic=3357 drop_overload=0
[QUEUE_STATS] t_ms=0.029247 q_pkts=13 q_bytes=16016 ecn_mark=1733 drop_l4s=0 drop_classic=3357 drop_overload=0
[QUEUE_STATS] t_ms=0.029263 q_pkts=11 q_bytes=13552 ecn_mark=1734 drop_l4s=0 drop_classic=3360 drop_overload=0
[QUEUE_STATS] t_ms=0.029279 q_pkts=9 q_bytes=11088 ecn_mark=1734 drop_l4s=0 drop_classic=3364 drop_overload=0
[QUEUE_STATS] t_ms=0.029295 q_pkts=5 q_bytes=6160 ecn_mark=1736 drop_l4s=0 drop_classic=3369 drop_overload=0
[QUEUE_STATS] t_ms=0.029311 q_pkts=6 q_bytes=7392 ecn_mark=1737 drop_l4s=0 drop_classic=3370 drop_overload=0
[QUEUE_STATS] t_ms=0.029327 q_pkts=7 q_bytes=8624 ecn_mark=1737 drop_l4s=0 drop_classic=3371 drop_overload=0
[QUEUE_STATS] t_ms=0.029343 q_pkts=6 q_bytes=7392 ecn_mark=1739 drop_l4s=0 drop_classic=3374 drop_overload=0
[QUEUE_STATS] t_ms=0.029359 q_pkts=6 q_bytes=7392 ecn_mark=1740 drop_l4s=0 drop_classic=3375 drop_overload=0
[QUEUE_STATS] t_ms=0.029375 q_pkts=7 q_bytes=8624 ecn_mark=1741 drop_l4s=0 drop_classic=3375 drop_overload=0
[QUEUE_STATS] t_ms=0.029391 q_pkts=9 q_bytes=11088 ecn_mark=1742 drop_l4s=0 drop_classic=3375 drop_overload=0
[QUEUE_STATS] t_ms=0.029407 q_pkts=9 q_bytes=11088 ecn_mark=1744 drop_l4s=0 drop_classic=3376 drop_overload=0
[QUEUE_STATS] t_ms=0.029423 q_pkts=8 q_bytes=9856 ecn_mark=1745 drop_l4s=0 drop_classic=3378 drop_overload=0
[QUEUE_STATS] t_ms=0.029439 q_pkts=8 q_bytes=9856 ecn_mark=1746 drop_l4s=0 drop_classic=3379 drop_overload=0
[QUEUE_STATS] t_ms=0.029455 q_pkts=7 q_bytes=8624 ecn_mark=1746 drop_l4s=0 drop_classic=3380 drop_overload=0
[QUEUE_STATS] t_ms=0.029471 q_pkts=7 q_bytes=8624 ecn_mark=1748 drop_l4s=0 drop_classic=3382 drop_overload=0
[QUEUE_STATS] t_ms=0.029487 q_pkts=7 q_bytes=8624 ecn_mark=1750 drop_l4s=0 drop_classic=3383 drop_overload=0
[QUEUE_STATS] t_ms=0.029503 q_pkts=9 q_bytes=10296 ecn_mark=1750 drop_l4s=0 drop_classic=3383 drop_overload=0
[QUEUE_STATS] t_ms=0.029519 q_pkts=10 q_bytes=12320 ecn_mark=1751 drop_l4s=0 drop_classic=3383 drop_overload=0
[QUEUE_STATS] t_ms=0.029535 q_pkts=9 q_bytes=11088 ecn_mark=1752 drop_l4s=0 drop_classic=3386 drop_overload=0
[QUEUE_STATS] t_ms=0.029551 q_pkts=10 q_bytes=12320 ecn_mark=1752 drop_l4s=0 drop_classic=3386 drop_overload=0
[QUEUE_STATS] t_ms=0.029567 q_pkts=10 q_bytes=12320 ecn_mark=1752 drop_l4s=0 drop_classic=3388 drop_overload=0
[QUEUE_STATS] t_ms=0.029582 q_pkts=10 q_bytes=12320 ecn_mark=1753 drop_l4s=0 drop_classic=3389 drop_overload=0
[QUEUE_STATS] t_ms=0.029599 q_pkts=11 q_bytes=13552 ecn_mark=1753 drop_l4s=0 drop_classic=3390 drop_overload=0
[QUEUE_STATS] t_ms=0.029615 q_pkts=13 q_bytes=16016 ecn_mark=1755 drop_l4s=0 drop_classic=3390 drop_overload=0
[QUEUE_STATS] t_ms=0.029631 q_pkts=12 q_bytes=14784 ecn_mark=1756 drop_l4s=0 drop_classic=3392 drop_overload=0
[QUEUE_STATS] t_ms=0.029647 q_pkts=13 q_bytes=16016 ecn_mark=1758 drop_l4s=0 drop_classic=3393 drop_overload=0
[QUEUE_STATS] t_ms=0.029663 q_pkts=11 q_bytes=13552 ecn_mark=1760 drop_l4s=0 drop_classic=3396 drop_overload=0
[QUEUE_STATS] t_ms=0.029678 q_pkts=10 q_bytes=12320 ecn_mark=1761 drop_l4s=0 drop_classic=3398 drop_overload=0
[QUEUE_STATS] t_ms=0.029695 q_pkts=8 q_bytes=9856 ecn_mark=1762 drop_l4s=0 drop_classic=3401 drop_overload=0
[QUEUE_STATS] t_ms=0.029711 q_pkts=7 q_bytes=8624 ecn_mark=1764 drop_l4s=0 drop_classic=3404 drop_overload=0
[QUEUE_STATS] t_ms=0.029727 q_pkts=5 q_bytes=6160 ecn_mark=1764 drop_l4s=0 drop_classic=3407 drop_overload=0
[QUEUE_STATS] t_ms=0.029743 q_pkts=4 q_bytes=4928 ecn_mark=1764 drop_l4s=0 drop_classic=3409 drop_overload=0
[QUEUE_STATS] t_ms=0.029759 q_pkts=4 q_bytes=4928 ecn_mark=1764 drop_l4s=0 drop_classic=3411 drop_overload=0
[QUEUE_STATS] t_ms=0.029775 q_pkts=6 q_bytes=7392 ecn_mark=1765 drop_l4s=0 drop_classic=3412 drop_overload=0
[QUEUE_STATS] t_ms=0.029791 q_pkts=5 q_bytes=6160 ecn_mark=1765 drop_l4s=0 drop_classic=3414 drop_overload=0
[QUEUE_STATS] t_ms=0.029807 q_pkts=8 q_bytes=10128 ecn_mark=1766 drop_l4s=0 drop_classic=3414 drop_overload=0
[QUEUE_STATS] t_ms=0.029823 q_pkts=9 q_bytes=11088 ecn_mark=1768 drop_l4s=0 drop_classic=3415 drop_overload=0
[QUEUE_STATS] t_ms=0.029839 q_pkts=7 q_bytes=8624 ecn_mark=1768 drop_l4s=0 drop_classic=3418 drop_overload=0
[QUEUE_STATS] t_ms=0.029855 q_pkts=9 q_bytes=11088 ecn_mark=1768 drop_l4s=0 drop_classic=3419 drop_overload=0
[QUEUE_STATS] t_ms=0.02987 q_pkts=8 q_bytes=9856 ecn_mark=1768 drop_l4s=0 drop_classic=3422 drop_overload=0
[QUEUE_STATS] t_ms=0.029887 q_pkts=11 q_bytes=13552 ecn_mark=1770 drop_l4s=0 drop_classic=3422 drop_overload=0
[QUEUE_STATS] t_ms=0.029903 q_pkts=13 q_bytes=16016 ecn_mark=1771 drop_l4s=0 drop_classic=3422 drop_overload=0
[QUEUE_STATS] t_ms=0.029919 q_pkts=13 q_bytes=16016 ecn_mark=1771 drop_l4s=0 drop_classic=3424 drop_overload=0
[QUEUE_STATS] t_ms=0.029935 q_pkts=16 q_bytes=19712 ecn_mark=1772 drop_l4s=0 drop_classic=3424 drop_overload=0
[QUEUE_STATS] t_ms=0.029951 q_pkts=17 q_bytes=20944 ecn_mark=1772 drop_l4s=0 drop_classic=3426 drop_overload=0
[QUEUE_STATS] t_ms=0.029967 q_pkts=17 q_bytes=20944 ecn_mark=1773 drop_l4s=0 drop_classic=3428 drop_overload=0
[QUEUE_STATS] t_ms=0.029983 q_pkts=17 q_bytes=20944 ecn_mark=1775 drop_l4s=0 drop_classic=3431 drop_overload=0
[QUEUE_STATS] t_ms=0.029999 q_pkts=17 q_bytes=20944 ecn_mark=1777 drop_l4s=0 drop_classic=3434 drop_overload=0
[QUEUE_STATS] t_ms=0.030015 q_pkts=18 q_bytes=22176 ecn_mark=1777 drop_l4s=0 drop_classic=3434 drop_overload=0
[QUEUE_STATS] t_ms=0.030031 q_pkts=19 q_bytes=23408 ecn_mark=1778 drop_l4s=0 drop_classic=3436 drop_overload=0
[QUEUE_STATS] t_ms=0.030047 q_pkts=20 q_bytes=24640 ecn_mark=1778 drop_l4s=0 drop_classic=3436 drop_overload=0
Connecting to host 10.0.0.1, port 5302
[  5] local 10.0.0.5 port 55294 connected to 10.0.0.1 port 5302
[ ID] Interval           Transfer     Bitrate         Total Datagrams
[  5]   0.00-1.00   sec  1.43 MBytes  12.0 Mbits/sec  1249  
[  5]   1.00-2.00   sec  1.43 MBytes  12.0 Mbits/sec  1250  
[  5]   2.00-3.00   sec  1.43 MBytes  12.0 Mbits/sec  1250  
[  5]   3.00-4.00   sec  1.43 MBytes  12.0 Mbits/sec  1250  
[  5]   4.00-5.00   sec  1.43 MBytes  12.0 Mbits/sec  1250  
[  5]   5.00-6.00   sec  1.43 MBytes  12.0 Mbits/sec  1250  
[  5]   6.00-7.00   sec  1.43 MBytes  12.0 Mbits/sec  1250  
[  5]   7.00-8.00   sec  1.43 MBytes  12.0 Mbits/sec  1250  
[  5]   8.00-9.00   sec  1.43 MBytes  12.0 Mbits/sec  1250  
[  5]   9.00-10.00  sec  1.43 MBytes  12.0 Mbits/sec  1250  
[  5]  10.00-11.00  sec  1.43 MBytes  12.0 Mbits/sec  1250  
[  5]  11.00-12.00  sec  1.43 MBytes  12.0 Mbits/sec  1250  
[  5]  12.00-13.00  sec  1.43 MBytes  12.0 Mbits/sec  1250  
[  5]  13.00-14.00  sec  1.43 MBytes  12.0 Mbits/sec  1250  
[  5]  14.00-15.00  sec  1.43 MBytes  12.0 Mbits/sec  1250  
[  5]  15.00-16.00  sec  1.43 MBytes  12.0 Mbits/sec  1250  
[  5]  16.00-17.00  sec  1.43 MBytes  12.0 Mbits/sec  1250  
[  5]  17.00-18.00  sec  1.43 MBytes  12.0 Mbits/sec  1250  
[  5]  18.00-19.00  sec  1.43 MBytes  12.0 Mbits/sec  1250  
[  5]  19.00-20.00  sec  1.43 MBytes  12.0 Mbits/sec  1250  
[  5]  20.00-21.00  sec  1.43 MBytes  12.0 Mbits/sec  1250  
[  5]  21.00-22.00  sec  1.43 MBytes  12.0 Mbits/sec  1250  
[  5]  22.00-23.00  sec  1.43 MBytes  12.0 Mbits/sec  1250  
[  5]  23.00-24.00  sec  1.43 MBytes  12.0 Mbits/sec  1250  
[  5]  24.00-25.00  sec  1.43 MBytes  12.0 Mbits/sec  1250  
[  5]  25.00-26.00  sec  1.43 MBytes  12.0 Mbits/sec  1250  
[  5]  26.00-27.00  sec  1.43 MBytes  12.0 Mbits/sec  1250  
[  5]  27.00-28.00  sec  1.43 MBytes  12.0 Mbits/sec  1250  
[  5]  28.00-29.00  sec  1.43 MBytes  12.0 Mbits/sec  1250  
[  5]  29.00-30.00  sec  1.43 MBytes  12.0 Mbits/sec  1250  
- - - - - - - - - - - - - - - - - - - - - - - - -
[ ID] Interval           Transfer     Bitrate         Jitter    Lost/Total Datagrams
[  5]   0.00-30.00  sec  42.9 MBytes  12.0 Mbits/sec  0.000 ms  0/37499 (0%)  sender
[  5]   0.00-30.00  sec  39.0 MBytes  10.9 Mbits/sec  0.466 ms  3436/37481 (9.2%)  receiver

iperf Done.
Connecting to host 10.0.0.1, port 5303
[  5] local 10.0.0.5 port 56662 connected to 10.0.0.1 port 5303
[ ID] Interval           Transfer     Bitrate         Retr  Cwnd
[  5]   0.00-1.00   sec   128 KBytes  1.05 Mbits/sec    0   2.83 KBytes       
[  5]   1.00-2.00   sec   128 KBytes  1.05 Mbits/sec    0   2.45 KBytes       
[  5]   2.00-3.00   sec   128 KBytes  1.05 Mbits/sec    0   2.39 KBytes       
[  5]   3.00-4.00   sec  0.00 Bytes  0.00 bits/sec    0   2.83 KBytes       
[  5]   4.00-5.00   sec   128 KBytes  1.05 Mbits/sec    0   2.62 KBytes       
[  5]   5.00-6.00   sec   128 KBytes  1.05 Mbits/sec    0    966 Bytes       
[  5]   6.00-7.00   sec   128 KBytes  1.05 Mbits/sec    0   2.83 KBytes       
[  5]   7.00-8.00   sec  0.00 Bytes  0.00 bits/sec    0   2.16 KBytes       
[  5]   8.00-9.00   sec   128 KBytes  1.05 Mbits/sec    0   2.45 KBytes       
[  5]   9.00-10.00  sec   128 KBytes  1.05 Mbits/sec    0   2.32 KBytes       
[  5]  10.00-11.00  sec  0.00 Bytes  0.00 bits/sec    0    822 Bytes       
[  5]  11.00-12.00  sec   128 KBytes  1.05 Mbits/sec    0    944 Bytes       
[  5]  12.00-13.00  sec   128 KBytes  1.05 Mbits/sec    0   1.33 KBytes       
[  5]  13.00-14.00  sec   128 KBytes  1.05 Mbits/sec    0    622 Bytes       
[  5]  14.00-15.00  sec  0.00 Bytes  0.00 bits/sec    0    600 Bytes       
[  5]  15.00-16.00  sec   128 KBytes  1.05 Mbits/sec    0   1.84 KBytes       
[  5]  16.00-17.00  sec   128 KBytes  1.05 Mbits/sec    0   1.16 KBytes       
[  5]  17.00-18.00  sec   128 KBytes  1.05 Mbits/sec    0   2.01 KBytes       
[  5]  18.00-19.00  sec   128 KBytes  1.05 Mbits/sec    0   2.83 KBytes       
[  5]  19.00-20.00  sec  0.00 Bytes  0.00 bits/sec    0   1.62 KBytes       
[  5]  20.00-21.00  sec   128 KBytes  1.05 Mbits/sec    0   2.58 KBytes       
[  5]  21.00-22.00  sec   128 KBytes  1.05 Mbits/sec    0   2.34 KBytes       
[  5]  22.00-23.00  sec   128 KBytes  1.05 Mbits/sec    0   1.22 KBytes       
[  5]  23.00-24.00  sec  0.00 Bytes  0.00 bits/sec    0    836 Bytes       
[  5]  24.00-25.00  sec   128 KBytes  1.05 Mbits/sec    0   2.83 KBytes       
[  5]  25.00-26.00  sec   128 KBytes  1.05 Mbits/sec    0   2.83 KBytes       
[  5]  26.00-27.00  sec   128 KBytes  1.05 Mbits/sec    0   1.04 KBytes       
[  5]  27.00-28.00  sec  0.00 Bytes  0.00 bits/sec    0    678 Bytes       
[  5]  28.00-29.00  sec   128 KBytes  1.05 Mbits/sec    0   2.24 KBytes       
[  5]  29.00-30.00  sec   128 KBytes  1.05 Mbits/sec    0   2.16 KBytes       
- - - - - - - - - - - - - - - - - - - - - - - - -
[ ID] Interval           Transfer     Bitrate         Retr
[  5]   0.00-30.00  sec  2.88 MBytes   804 Kbits/sec    0             sender
[  5]   0.00-30.00  sec  2.75 MBytes   769 Kbits/sec                  receiver

iperf Done.
[QUEUE_STATS] t_ms=0.030062 q_pkts=3 q_bytes=3696 ecn_mark=1793 drop_l4s=0 drop_classic=3439 drop_overload=0
[QUEUE_STATS] t_ms=0 q_pkts=0 q_bytes=0 ecn_mark=0 drop_l4s=0 drop_classic=0 drop_overload=0
[QUEUE_STATS] t_ms=3.9e-05 q_pkts=0 q_bytes=0 ecn_mark=0 drop_l4s=0 drop_classic=0 drop_overload=0
[QUEUE_STATS] t_ms=4.8e-05 q_pkts=4 q_bytes=236 ecn_mark=6 drop_l4s=0 drop_classic=0 drop_overload=0
[QUEUE_STATS] t_ms=6.3e-05 q_pkts=14 q_bytes=17520 ecn_mark=16 drop_l4s=0 drop_classic=0 drop_overload=0
[QUEUE_STATS] t_ms=7.9e-05 q_pkts=28 q_bytes=34768 ecn_mark=16 drop_l4s=0 drop_classic=0 drop_overload=0
[QUEUE_STATS] t_ms=9.5e-05 q_pkts=40 q_bytes=49280 ecn_mark=18 drop_l4s=0 drop_classic=0 drop_overload=0
[QUEUE_STATS] t_ms=0.000111 q_pkts=49 q_bytes=60640 ecn_mark=19 drop_l4s=0 drop_classic=0 drop_overload=0
[QUEUE_STATS] t_ms=0.000127 q_pkts=57 q_bytes=70224 ecn_mark=21 drop_l4s=0 drop_classic=0 drop_overload=0
[QUEUE_STATS] t_ms=0.000143 q_pkts=62 q_bytes=76656 ecn_mark=23 drop_l4s=0 drop_classic=1 drop_overload=0
[QUEUE_STATS] t_ms=0.000159 q_pkts=68 q_bytes=82624 ecn_mark=23 drop_l4s=0 drop_classic=2 drop_overload=0
[QUEUE_STATS] t_ms=0.000175 q_pkts=74 q_bytes=88864 ecn_mark=23 drop_l4s=0 drop_classic=4 drop_overload=0
[QUEUE_STATS] t_ms=0.000191 q_pkts=79 q_bytes=95024 ecn_mark=26 drop_l4s=0 drop_classic=5 drop_overload=0
[QUEUE_STATS] t_ms=0.000207 q_pkts=84 q_bytes=101456 ecn_mark=28 drop_l4s=0 drop_classic=5 drop_overload=0
[QUEUE_STATS] t_ms=0.000223 q_pkts=85 q_bytes=103568 ecn_mark=31 drop_l4s=0 drop_classic=6 drop_overload=0
[QUEUE_STATS] t_ms=0.000239 q_pkts=88 q_bytes=107536 ecn_mark=33 drop_l4s=0 drop_classic=7 drop_overload=0
[QUEUE_STATS] t_ms=0.000255 q_pkts=91 q_bytes=112112 ecn_mark=34 drop_l4s=0 drop_classic=7 drop_overload=0
[QUEUE_STATS] t_ms=0.000271 q_pkts=92 q_bytes=113616 ecn_mark=35 drop_l4s=0 drop_classic=8 drop_overload=0
[QUEUE_STATS] t_ms=0.000287 q_pkts=93 q_bytes=114576 ecn_mark=37 drop_l4s=0 drop_classic=9 drop_overload=0
[QUEUE_STATS] t_ms=0.000303 q_pkts=96 q_bytes=118272 ecn_mark=39 drop_l4s=0 drop_classic=9 drop_overload=0
[QUEUE_STATS] t_ms=0.000319 q_pkts=96 q_bytes=118272 ecn_mark=40 drop_l4s=0 drop_classic=10 drop_overload=0
[QUEUE_STATS] t_ms=0.000335 q_pkts=95 q_bytes=117040 ecn_mark=41 drop_l4s=0 drop_classic=13 drop_overload=0
[QUEUE_STATS] t_ms=0.000351 q_pkts=94 q_bytes=115808 ecn_mark=43 drop_l4s=0 drop_classic=16 drop_overload=0
[QUEUE_STATS] t_ms=0.000367 q_pkts=93 q_bytes=114576 ecn_mark=44 drop_l4s=0 drop_classic=18 drop_overload=0
[QUEUE_STATS] t_ms=0.000383 q_pkts=89 q_bytes=109648 ecn_mark=44 drop_l4s=0 drop_classic=23 drop_overload=0
[QUEUE_STATS] t_ms=0.000399 q_pkts=90 q_bytes=110741 ecn_mark=45 drop_l4s=0 drop_classic=25 drop_overload=0
[QUEUE_STATS] t_ms=0.000415 q_pkts=86 q_bytes=105952 ecn_mark=47 drop_l4s=0 drop_classic=30 drop_overload=0
[QUEUE_STATS] t_ms=0.000431 q_pkts=83 q_bytes=102256 ecn_mark=48 drop_l4s=0 drop_classic=34 drop_overload=0
[QUEUE_STATS] t_ms=0.000447 q_pkts=83 q_bytes=102256 ecn_mark=49 drop_l4s=0 drop_classic=35 drop_overload=0
[QUEUE_STATS] t_ms=0.000463 q_pkts=83 q_bytes=101603 ecn_mark=50 drop_l4s=0 drop_classic=36 drop_overload=0
[QUEUE_STATS] t_ms=0.000479 q_pkts=77 q_bytes=94864 ecn_mark=50 drop_l4s=0 drop_classic=43 drop_overload=0
[QUEUE_STATS] t_ms=0.000495 q_pkts=74 q_bytes=91168 ecn_mark=52 drop_l4s=0 drop_classic=48 drop_overload=0
[QUEUE_STATS] t_ms=0.000511 q_pkts=70 q_bytes=86240 ecn_mark=52 drop_l4s=0 drop_classic=53 drop_overload=0
[QUEUE_STATS] t_ms=0.000527 q_pkts=61 q_bytes=75152 ecn_mark=54 drop_l4s=0 drop_classic=63 drop_overload=0
[QUEUE_STATS] t_ms=0.000543 q_pkts=60 q_bytes=73920 ecn_mark=55 drop_l4s=0 drop_classic=65 drop_overload=0
[QUEUE_STATS] t_ms=0.000559 q_pkts=59 q_bytes=72688 ecn_mark=57 drop_l4s=0 drop_classic=67 drop_overload=0
[QUEUE_STATS] t_ms=0.000575 q_pkts=60 q_bytes=73017 ecn_mark=57 drop_l4s=0 drop_classic=68 drop_overload=0
[QUEUE_STATS] t_ms=0.000591 q_pkts=58 q_bytes=71456 ecn_mark=59 drop_l4s=0 drop_classic=70 drop_overload=0
[QUEUE_STATS] t_ms=0.000607 q_pkts=57 q_bytes=70224 ecn_mark=61 drop_l4s=0 drop_classic=73 drop_overload=0
[QUEUE_STATS] t_ms=0.000623 q_pkts=58 q_bytes=71456 ecn_mark=62 drop_l4s=0 drop_classic=73 drop_overload=0
[QUEUE_STATS] t_ms=0.000639 q_pkts=54 q_bytes=66528 ecn_mark=64 drop_l4s=0 drop_classic=78 drop_overload=0
[QUEUE_STATS] t_ms=0.000655 q_pkts=52 q_bytes=63183 ecn_mark=65 drop_l4s=0 drop_classic=82 drop_overload=0
[QUEUE_STATS] t_ms=0.000671 q_pkts=48 q_bytes=59136 ecn_mark=67 drop_l4s=0 drop_classic=86 drop_overload=0
[QUEUE_STATS] t_ms=0.000687 q_pkts=47 q_bytes=57904 ecn_mark=68 drop_l4s=0 drop_classic=88 drop_overload=0
[QUEUE_STATS] t_ms=0.000703 q_pkts=41 q_bytes=50512 ecn_mark=70 drop_l4s=0 drop_classic=95 drop_overload=0
[QUEUE_STATS] t_ms=0.000719 q_pkts=39 q_bytes=47101 ecn_mark=71 drop_l4s=0 drop_classic=98 drop_overload=0
[QUEUE_STATS] t_ms=0.000735 q_pkts=37 q_bytes=45584 ecn_mark=72 drop_l4s=0 drop_classic=101 drop_overload=0
[QUEUE_STATS] t_ms=0.000751 q_pkts=35 q_bytes=43120 ecn_mark=73 drop_l4s=0 drop_classic=104 drop_overload=0
[QUEUE_STATS] t_ms=0.000767 q_pkts=34 q_bytes=41888 ecn_mark=74 drop_l4s=0 drop_classic=106 drop_overload=0
[QUEUE_STATS] t_ms=0.000783 q_pkts=33 q_bytes=40656 ecn_mark=75 drop_l4s=0 drop_classic=108 drop_overload=0
[QUEUE_STATS] t_ms=0.000799 q_pkts=32 q_bytes=39424 ecn_mark=77 drop_l4s=0 drop_classic=110 drop_overload=0
[QUEUE_STATS] t_ms=0.000815 q_pkts=30 q_bytes=35934 ecn_mark=78 drop_l4s=0 drop_classic=113 drop_overload=0
[QUEUE_STATS] t_ms=0.000831 q_pkts=25 q_bytes=30800 ecn_mark=80 drop_l4s=0 drop_classic=119 drop_overload=0
[QUEUE_STATS] t_ms=0.000847 q_pkts=24 q_bytes=29568 ecn_mark=82 drop_l4s=0 drop_classic=120 drop_overload=0
[QUEUE_STATS] t_ms=0.000863 q_pkts=19 q_bytes=23408 ecn_mark=83 drop_l4s=0 drop_classic=126 drop_overload=0
[QUEUE_STATS] t_ms=0.000879 q_pkts=17 q_bytes=20944 ecn_mark=83 drop_l4s=0 drop_classic=129 drop_overload=0
[QUEUE_STATS] t_ms=0.000895 q_pkts=16 q_bytes=19712 ecn_mark=86 drop_l4s=0 drop_classic=131 drop_overload=0
[QUEUE_STATS] t_ms=0.000911 q_pkts=16 q_bytes=19712 ecn_mark=88 drop_l4s=0 drop_classic=132 drop_overload=0
[QUEUE_STATS] t_ms=0.000927 q_pkts=16 q_bytes=19712 ecn_mark=90 drop_l4s=0 drop_classic=134 drop_overload=0
[QUEUE_STATS] t_ms=0.000943 q_pkts=16 q_bytes=19712 ecn_mark=90 drop_l4s=0 drop_classic=135 drop_overload=0
[QUEUE_STATS] t_ms=0.000959 q_pkts=17 q_bytes=20944 ecn_mark=91 drop_l4s=0 drop_classic=135 drop_overload=0
[QUEUE_STATS] t_ms=0.000975 q_pkts=16 q_bytes=19712 ecn_mark=91 drop_l4s=0 drop_classic=138 drop_overload=0
[QUEUE_STATS] t_ms=0.000991 q_pkts=16 q_bytes=19712 ecn_mark=91 drop_l4s=0 drop_classic=139 drop_overload=0
[QUEUE_STATS] t_ms=0.001007 q_pkts=17 q_bytes=20944 ecn_mark=92 drop_l4s=0 drop_classic=140 drop_overload=0
[QUEUE_STATS] t_ms=0.001023 q_pkts=15 q_bytes=18480 ecn_mark=92 drop_l4s=0 drop_classic=144 drop_overload=0
[QUEUE_STATS] t_ms=0.001039 q_pkts=17 q_bytes=20944 ecn_mark=93 drop_l4s=0 drop_classic=144 drop_overload=0
[QUEUE_STATS] t_ms=0.001055 q_pkts=19 q_bytes=23408 ecn_mark=94 drop_l4s=0 drop_classic=144 drop_overload=0
[QUEUE_STATS] t_ms=0.001071 q_pkts=21 q_bytes=25872 ecn_mark=95 drop_l4s=0 drop_classic=144 drop_overload=0
[QUEUE_STATS] t_ms=0.001087 q_pkts=22 q_bytes=27104 ecn_mark=97 drop_l4s=0 drop_classic=145 drop_overload=0
[QUEUE_STATS] t_ms=0.001103 q_pkts=21 q_bytes=25456 ecn_mark=98 drop_l4s=0 drop_classic=147 drop_overload=0
[QUEUE_STATS] t_ms=0.001119 q_pkts=20 q_bytes=24640 ecn_mark=99 drop_l4s=0 drop_classic=150 drop_overload=0
[QUEUE_STATS] t_ms=0.001135 q_pkts=17 q_bytes=20944 ecn_mark=100 drop_l4s=0 drop_classic=154 drop_overload=0
[QUEUE_STATS] t_ms=0.001151 q_pkts=18 q_bytes=22176 ecn_mark=101 drop_l4s=0 drop_classic=154 drop_overload=0
[QUEUE_STATS] t_ms=0.001167 q_pkts=19 q_bytes=23408 ecn_mark=102 drop_l4s=0 drop_classic=155 drop_overload=0
[QUEUE_STATS] t_ms=0.001183 q_pkts=16 q_bytes=19712 ecn_mark=104 drop_l4s=0 drop_classic=159 drop_overload=0
[QUEUE_STATS] t_ms=0.001199 q_pkts=15 q_bytes=18480 ecn_mark=105 drop_l4s=0 drop_classic=161 drop_overload=0
[QUEUE_STATS] t_ms=0.001215 q_pkts=10 q_bytes=12320 ecn_mark=105 drop_l4s=0 drop_classic=167 drop_overload=0
[QUEUE_STATS] t_ms=0.001231 q_pkts=12 q_bytes=14784 ecn_mark=106 drop_l4s=0 drop_classic=167 drop_overload=0
[QUEUE_STATS] t_ms=0.001247 q_pkts=12 q_bytes=14324 ecn_mark=107 drop_l4s=0 drop_classic=169 drop_overload=0
[QUEUE_STATS] t_ms=0.001263 q_pkts=11 q_bytes=13552 ecn_mark=109 drop_l4s=0 drop_classic=170 drop_overload=0
[QUEUE_STATS] t_ms=0.001279 q_pkts=10 q_bytes=12320 ecn_mark=109 drop_l4s=0 drop_classic=172 drop_overload=0
[QUEUE_STATS] t_ms=0.001295 q_pkts=9 q_bytes=10415 ecn_mark=110 drop_l4s=0 drop_classic=176 drop_overload=0
[QUEUE_STATS] t_ms=0.001311 q_pkts=8 q_bytes=9856 ecn_mark=112 drop_l4s=0 drop_classic=177 drop_overload=0
[QUEUE_STATS] t_ms=0.001327 q_pkts=8 q_bytes=9856 ecn_mark=113 drop_l4s=0 drop_classic=178 drop_overload=0
[QUEUE_STATS] t_ms=0.001343 q_pkts=8 q_bytes=9856 ecn_mark=114 drop_l4s=0 drop_classic=179 drop_overload=0
[QUEUE_STATS] t_ms=0.001359 q_pkts=8 q_bytes=9856 ecn_mark=115 drop_l4s=0 drop_classic=181 drop_overload=0
[QUEUE_STATS] t_ms=0.001375 q_pkts=8 q_bytes=9426 ecn_mark=115 drop_l4s=0 drop_classic=183 drop_overload=0
[QUEUE_STATS] t_ms=0.001391 q_pkts=8 q_bytes=9856 ecn_mark=116 drop_l4s=0 drop_classic=184 drop_overload=0
[QUEUE_STATS] t_ms=0.001407 q_pkts=8 q_bytes=9856 ecn_mark=117 drop_l4s=0 drop_classic=186 drop_overload=0
[QUEUE_STATS] t_ms=0.001423 q_pkts=8 q_bytes=9856 ecn_mark=117 drop_l4s=0 drop_classic=188 drop_overload=0
[QUEUE_STATS] t_ms=0.001439 q_pkts=9 q_bytes=11088 ecn_mark=118 drop_l4s=0 drop_classic=190 drop_overload=0
[QUEUE_STATS] t_ms=0.001455 q_pkts=9 q_bytes=11088 ecn_mark=118 drop_l4s=0 drop_classic=191 drop_overload=0
[QUEUE_STATS] t_ms=0.001471 q_pkts=10 q_bytes=12320 ecn_mark=119 drop_l4s=0 drop_classic=193 drop_overload=0
[QUEUE_STATS] t_ms=0.001487 q_pkts=10 q_bytes=12320 ecn_mark=119 drop_l4s=0 drop_classic=195 drop_overload=0
[QUEUE_STATS] t_ms=0.001503 q_pkts=13 q_bytes=16016 ecn_mark=119 drop_l4s=0 drop_classic=195 drop_overload=0
[QUEUE_STATS] t_ms=0.001519 q_pkts=15 q_bytes=18480 ecn_mark=121 drop_l4s=0 drop_classic=196 drop_overload=0
[QUEUE_STATS] t_ms=0.001535 q_pkts=15 q_bytes=18752 ecn_mark=122 drop_l4s=0 drop_classic=197 drop_overload=0
[QUEUE_STATS] t_ms=0.001551 q_pkts=18 q_bytes=22176 ecn_mark=123 drop_l4s=0 drop_classic=197 drop_overload=0
[QUEUE_STATS] t_ms=0.001567 q_pkts=20 q_bytes=24640 ecn_mark=123 drop_l4s=0 drop_classic=197 drop_overload=0
[QUEUE_STATS] t_ms=0.001583 q_pkts=20 q_bytes=24640 ecn_mark=124 drop_l4s=0 drop_classic=200 drop_overload=0
[QUEUE_STATS] t_ms=0.001599 q_pkts=19 q_bytes=23408 ecn_mark=124 drop_l4s=0 drop_classic=202 drop_overload=0
[QUEUE_STATS] t_ms=0.001615 q_pkts=22 q_bytes=27104 ecn_mark=126 drop_l4s=0 drop_classic=202 drop_overload=0
[QUEUE_STATS] t_ms=0.001631 q_pkts=22 q_bytes=27104 ecn_mark=128 drop_l4s=0 drop_classic=203 drop_overload=0
[QUEUE_STATS] t_ms=0.001647 q_pkts=23 q_bytes=28336 ecn_mark=130 drop_l4s=0 drop_classic=204 drop_overload=0
[QUEUE_STATS] t_ms=0.001663 q_pkts=24 q_bytes=29568 ecn_mark=130 drop_l4s=0 drop_classic=205 drop_overload=0
[QUEUE_STATS] t_ms=0.001679 q_pkts=23 q_bytes=28336 ecn_mark=131 drop_l4s=0 drop_classic=207 drop_overload=0
[QUEUE_STATS] t_ms=0.001695 q_pkts=25 q_bytes=30800 ecn_mark=133 drop_l4s=0 drop_classic=207 drop_overload=0
[QUEUE_STATS] t_ms=0.001711 q_pkts=22 q_bytes=27104 ecn_mark=134 drop_l4s=0 drop_classic=211 drop_overload=0
[QUEUE_STATS] t_ms=0.001727 q_pkts=24 q_bytes=29568 ecn_mark=136 drop_l4s=0 drop_classic=211 drop_overload=0
[QUEUE_STATS] t_ms=0.001743 q_pkts=23 q_bytes=28336 ecn_mark=137 drop_l4s=0 drop_classic=213 drop_overload=0
[QUEUE_STATS] t_ms=0.001759 q_pkts=22 q_bytes=27104 ecn_mark=138 drop_l4s=0 drop_classic=215 drop_overload=0
[QUEUE_STATS] t_ms=0.001775 q_pkts=21 q_bytes=25872 ecn_mark=139 drop_l4s=0 drop_classic=217 drop_overload=0
[QUEUE_STATS] t_ms=0.001791 q_pkts=21 q_bytes=25400 ecn_mark=140 drop_l4s=0 drop_classic=218 drop_overload=0
[QUEUE_STATS] t_ms=0.001807 q_pkts=21 q_bytes=25872 ecn_mark=141 drop_l4s=0 drop_classic=219 drop_overload=0
[QUEUE_STATS] t_ms=0.001823 q_pkts=21 q_bytes=25872 ecn_mark=143 drop_l4s=0 drop_classic=220 drop_overload=0
[QUEUE_STATS] t_ms=0.001839 q_pkts=18 q_bytes=22176 ecn_mark=145 drop_l4s=0 drop_classic=224 drop_overload=0
[QUEUE_STATS] t_ms=0.001855 q_pkts=18 q_bytes=22176 ecn_mark=146 drop_l4s=0 drop_classic=225 drop_overload=0
[QUEUE_STATS] t_ms=0.001871 q_pkts=16 q_bytes=19712 ecn_mark=149 drop_l4s=0 drop_classic=227 drop_overload=0
[QUEUE_STATS] t_ms=0.001887 q_pkts=17 q_bytes=20944 ecn_mark=150 drop_l4s=0 drop_classic=228 drop_overload=0
[QUEUE_STATS] t_ms=0.001903 q_pkts=19 q_bytes=23408 ecn_mark=152 drop_l4s=0 drop_classic=228 drop_overload=0
[QUEUE_STATS] t_ms=0.001919 q_pkts=20 q_bytes=24000 ecn_mark=152 drop_l4s=0 drop_classic=229 drop_overload=0
[QUEUE_STATS] t_ms=0.001935 q_pkts=17 q_bytes=20944 ecn_mark=154 drop_l4s=0 drop_classic=233 drop_overload=0
[QUEUE_STATS] t_ms=0.001951 q_pkts=13 q_bytes=16016 ecn_mark=155 drop_l4s=0 drop_classic=238 drop_overload=0
[QUEUE_STATS] t_ms=0.001967 q_pkts=14 q_bytes=17248 ecn_mark=156 drop_l4s=0 drop_classic=239 drop_overload=0
[QUEUE_STATS] t_ms=0.001983 q_pkts=14 q_bytes=17248 ecn_mark=157 drop_l4s=0 drop_classic=240 drop_overload=0
[QUEUE_STATS] t_ms=0.001999 q_pkts=15 q_bytes=18480 ecn_mark=158 drop_l4s=0 drop_classic=240 drop_overload=0
[QUEUE_STATS] t_ms=0.002015 q_pkts=14 q_bytes=17248 ecn_mark=159 drop_l4s=0 drop_classic=242 drop_overload=0
[QUEUE_STATS] t_ms=0.002031 q_pkts=13 q_bytes=16016 ecn_mark=161 drop_l4s=0 drop_classic=244 drop_overload=0
[QUEUE_STATS] t_ms=0.002047 q_pkts=12 q_bytes=14784 ecn_mark=162 drop_l4s=0 drop_classic=246 drop_overload=0
[QUEUE_STATS] t_ms=0.002063 q_pkts=13 q_bytes=16016 ecn_mark=164 drop_l4s=0 drop_classic=246 drop_overload=0
[QUEUE_STATS] t_ms=0.002079 q_pkts=13 q_bytes=16016 ecn_mark=165 drop_l4s=0 drop_classic=247 drop_overload=0
[QUEUE_STATS] t_ms=0.002095 q_pkts=11 q_bytes=12684 ecn_mark=167 drop_l4s=0 drop_classic=249 drop_overload=0
[QUEUE_STATS] t_ms=0.002111 q_pkts=11 q_bytes=13552 ecn_mark=168 drop_l4s=0 drop_classic=251 drop_overload=0
[QUEUE_STATS] t_ms=0.002127 q_pkts=11 q_bytes=13552 ecn_mark=170 drop_l4s=0 drop_classic=252 drop_overload=0
[QUEUE_STATS] t_ms=0.002143 q_pkts=11 q_bytes=13552 ecn_mark=171 drop_l4s=0 drop_classic=253 drop_overload=0
[QUEUE_STATS] t_ms=0.002159 q_pkts=11 q_bytes=13552 ecn_mark=173 drop_l4s=0 drop_classic=254 drop_overload=0
[QUEUE_STATS] t_ms=0.002175 q_pkts=9 q_bytes=11088 ecn_mark=173 drop_l4s=0 drop_classic=257 drop_overload=0
[QUEUE_STATS] t_ms=0.002191 q_pkts=8 q_bytes=9856 ecn_mark=174 drop_l4s=0 drop_classic=259 drop_overload=0
[QUEUE_STATS] t_ms=0.002207 q_pkts=8 q_bytes=9856 ecn_mark=174 drop_l4s=0 drop_classic=261 drop_overload=0
[QUEUE_STATS] t_ms=0.002223 q_pkts=7 q_bytes=8624 ecn_mark=176 drop_l4s=0 drop_classic=263 drop_overload=0
[QUEUE_STATS] t_ms=0.002239 q_pkts=8 q_bytes=9856 ecn_mark=177 drop_l4s=0 drop_classic=264 drop_overload=0
[QUEUE_STATS] t_ms=0.002255 q_pkts=9 q_bytes=10514 ecn_mark=178 drop_l4s=0 drop_classic=265 drop_overload=0
[QUEUE_STATS] t_ms=0.002271 q_pkts=9 q_bytes=11088 ecn_mark=180 drop_l4s=0 drop_classic=265 drop_overload=0
[QUEUE_STATS] t_ms=0.002287 q_pkts=9 q_bytes=11088 ecn_mark=182 drop_l4s=0 drop_classic=266 drop_overload=0
[QUEUE_STATS] t_ms=0.002303 q_pkts=7 q_bytes=8624 ecn_mark=182 drop_l4s=0 drop_classic=269 drop_overload=0
[QUEUE_STATS] t_ms=0.002319 q_pkts=9 q_bytes=11088 ecn_mark=182 drop_l4s=0 drop_classic=269 drop_overload=0
[QUEUE_STATS] t_ms=0.002335 q_pkts=9 q_bytes=11088 ecn_mark=183 drop_l4s=0 drop_classic=271 drop_overload=0
[QUEUE_STATS] t_ms=0.002351 q_pkts=10 q_bytes=12320 ecn_mark=184 drop_l4s=0 drop_classic=272 drop_overload=0
[QUEUE_STATS] t_ms=0.002367 q_pkts=10 q_bytes=12320 ecn_mark=184 drop_l4s=0 drop_classic=273 drop_overload=0
[QUEUE_STATS] t_ms=0.002383 q_pkts=12 q_bytes=14784 ecn_mark=185 drop_l4s=0 drop_classic=273 drop_overload=0
[QUEUE_STATS] t_ms=0.002399 q_pkts=12 q_bytes=14784 ecn_mark=186 drop_l4s=0 drop_classic=274 drop_overload=0
[QUEUE_STATS] t_ms=0.002415 q_pkts=10 q_bytes=12320 ecn_mark=187 drop_l4s=0 drop_classic=277 drop_overload=0
[QUEUE_STATS] t_ms=0.002431 q_pkts=10 q_bytes=12320 ecn_mark=188 drop_l4s=0 drop_classic=278 drop_overload=0
[QUEUE_STATS] t_ms=0.002447 q_pkts=12 q_bytes=14784 ecn_mark=188 drop_l4s=0 drop_classic=278 drop_overload=0
[QUEUE_STATS] t_ms=0.002463 q_pkts=14 q_bytes=17248 ecn_mark=190 drop_l4s=0 drop_classic=278 drop_overload=0
[QUEUE_STATS] t_ms=0.002479 q_pkts=13 q_bytes=16016 ecn_mark=191 drop_l4s=0 drop_classic=280 drop_overload=0
[QUEUE_STATS] t_ms=0.002495 q_pkts=13 q_bytes=15251 ecn_mark=191 drop_l4s=0 drop_classic=282 drop_overload=0
[QUEUE_STATS] t_ms=0.002511 q_pkts=12 q_bytes=14784 ecn_mark=193 drop_l4s=0 drop_classic=283 drop_overload=0
[QUEUE_STATS] t_ms=0.002527 q_pkts=12 q_bytes=14784 ecn_mark=193 drop_l4s=0 drop_classic=284 drop_overload=0
[QUEUE_STATS] t_ms=0.002543 q_pkts=12 q_bytes=14784 ecn_mark=194 drop_l4s=0 drop_classic=285 drop_overload=0
[QUEUE_STATS] t_ms=0.002559 q_pkts=13 q_bytes=15362 ecn_mark=195 drop_l4s=0 drop_classic=287 drop_overload=0
[QUEUE_STATS] t_ms=0.002575 q_pkts=10 q_bytes=11841 ecn_mark=196 drop_l4s=0 drop_classic=290 drop_overload=0
[QUEUE_STATS] t_ms=0.002591 q_pkts=10 q_bytes=12320 ecn_mark=198 drop_l4s=0 drop_classic=293 drop_overload=0
[QUEUE_STATS] t_ms=0.002607 q_pkts=12 q_bytes=14784 ecn_mark=199 drop_l4s=0 drop_classic=293 drop_overload=0
[QUEUE_STATS] t_ms=0.002623 q_pkts=12 q_bytes=14784 ecn_mark=199 drop_l4s=0 drop_classic=294 drop_overload=0
[QUEUE_STATS] t_ms=0.002639 q_pkts=14 q_bytes=17248 ecn_mark=200 drop_l4s=0 drop_classic=295 drop_overload=0
[QUEUE_STATS] t_ms=0.002655 q_pkts=15 q_bytes=18480 ecn_mark=200 drop_l4s=0 drop_classic=296 drop_overload=0
[QUEUE_STATS] t_ms=0.002671 q_pkts=16 q_bytes=19712 ecn_mark=200 drop_l4s=0 drop_classic=297 drop_overload=0
[QUEUE_STATS] t_ms=0.002687 q_pkts=18 q_bytes=22176 ecn_mark=201 drop_l4s=0 drop_classic=298 drop_overload=0
[QUEUE_STATS] t_ms=0.002703 q_pkts=19 q_bytes=23680 ecn_mark=201 drop_l4s=0 drop_classic=299 drop_overload=0
[QUEUE_STATS] t_ms=0.002719 q_pkts=20 q_bytes=24640 ecn_mark=202 drop_l4s=0 drop_classic=300 drop_overload=0
[QUEUE_STATS] t_ms=0.002735 q_pkts=23 q_bytes=28336 ecn_mark=204 drop_l4s=0 drop_classic=300 drop_overload=0
[QUEUE_STATS] t_ms=0.002751 q_pkts=24 q_bytes=29568 ecn_mark=205 drop_l4s=0 drop_classic=301 drop_overload=0
[QUEUE_STATS] t_ms=0.002767 q_pkts=22 q_bytes=27104 ecn_mark=206 drop_l4s=0 drop_classic=304 drop_overload=0
[QUEUE_STATS] t_ms=0.002783 q_pkts=23 q_bytes=28336 ecn_mark=206 drop_l4s=0 drop_classic=306 drop_overload=0
[QUEUE_STATS] t_ms=0.002799 q_pkts=24 q_bytes=29568 ecn_mark=207 drop_l4s=0 drop_classic=308 drop_overload=0
[QUEUE_STATS] t_ms=0.002815 q_pkts=23 q_bytes=28336 ecn_mark=208 drop_l4s=0 drop_classic=310 drop_overload=0
[QUEUE_STATS] t_ms=0.002831 q_pkts=26 q_bytes=32304 ecn_mark=208 drop_l4s=0 drop_classic=310 drop_overload=0
[QUEUE_STATS] t_ms=0.002847 q_pkts=29 q_bytes=35728 ecn_mark=209 drop_l4s=0 drop_classic=310 drop_overload=0
[QUEUE_STATS] t_ms=0.002863 q_pkts=30 q_bytes=36960 ecn_mark=209 drop_l4s=0 drop_classic=311 drop_overload=0
[QUEUE_STATS] t_ms=0.002879 q_pkts=32 q_bytes=39424 ecn_mark=210 drop_l4s=0 drop_classic=312 drop_overload=0
[QUEUE_STATS] t_ms=0.002895 q_pkts=34 q_bytes=41888 ecn_mark=211 drop_l4s=0 drop_classic=313 drop_overload=0
[QUEUE_STATS] t_ms=0.002911 q_pkts=34 q_bytes=42160 ecn_mark=213 drop_l4s=0 drop_classic=314 drop_overload=0
[QUEUE_STATS] t_ms=0.002927 q_pkts=36 q_bytes=44352 ecn_mark=215 drop_l4s=0 drop_classic=315 drop_overload=0
[QUEUE_STATS] t_ms=0.002943 q_pkts=34 q_bytes=41888 ecn_mark=216 drop_l4s=0 drop_classic=319 drop_overload=0
[QUEUE_STATS] t_ms=0.002959 q_pkts=35 q_bytes=43120 ecn_mark=217 drop_l4s=0 drop_classic=320 drop_overload=0
[QUEUE_STATS] t_ms=0.002975 q_pkts=33 q_bytes=40656 ecn_mark=218 drop_l4s=0 drop_classic=323 drop_overload=0
[QUEUE_STATS] t_ms=0.002991 q_pkts=34 q_bytes=41888 ecn_mark=219 drop_l4s=0 drop_classic=324 drop_overload=0
[QUEUE_STATS] t_ms=0.003007 q_pkts=34 q_bytes=41888 ecn_mark=219 drop_l4s=0 drop_classic=325 drop_overload=0
[QUEUE_STATS] t_ms=0.003023 q_pkts=32 q_bytes=39424 ecn_mark=220 drop_l4s=0 drop_classic=329 drop_overload=0
[QUEUE_STATS] t_ms=0.003039 q_pkts=32 q_bytes=39424 ecn_mark=221 drop_l4s=0 drop_classic=331 drop_overload=0
[QUEUE_STATS] t_ms=0.003055 q_pkts=31 q_bytes=38192 ecn_mark=221 drop_l4s=0 drop_classic=333 drop_overload=0
[QUEUE_STATS] t_ms=0.003071 q_pkts=33 q_bytes=40656 ecn_mark=222 drop_l4s=0 drop_classic=333 drop_overload=0
[QUEUE_STATS] t_ms=0.003087 q_pkts=33 q_bytes=40656 ecn_mark=222 drop_l4s=0 drop_classic=335 drop_overload=0
[QUEUE_STATS] t_ms=0.003103 q_pkts=34 q_bytes=41888 ecn_mark=223 drop_l4s=0 drop_classic=336 drop_overload=0
[QUEUE_STATS] t_ms=0.003119 q_pkts=32 q_bytes=39424 ecn_mark=224 drop_l4s=0 drop_classic=339 drop_overload=0
[QUEUE_STATS] t_ms=0.003135 q_pkts=29 q_bytes=35728 ecn_mark=225 drop_l4s=0 drop_classic=345 drop_overload=0
[QUEUE_STATS] t_ms=0.003151 q_pkts=28 q_bytes=34496 ecn_mark=225 drop_l4s=0 drop_classic=348 drop_overload=0
[QUEUE_STATS] t_ms=0.003167 q_pkts=28 q_bytes=34327 ecn_mark=226 drop_l4s=0 drop_classic=350 drop_overload=0
[QUEUE_STATS] t_ms=0.003183 q_pkts=25 q_bytes=30800 ecn_mark=228 drop_l4s=0 drop_classic=354 drop_overload=0
[QUEUE_STATS] t_ms=0.003199 q_pkts=25 q_bytes=30800 ecn_mark=228 drop_l4s=0 drop_classic=356 drop_overload=0
[QUEUE_STATS] t_ms=0.003215 q_pkts=26 q_bytes=32032 ecn_mark=229 drop_l4s=0 drop_classic=357 drop_overload=0
[QUEUE_STATS] t_ms=0.003231 q_pkts=27 q_bytes=33264 ecn_mark=229 drop_l4s=0 drop_classic=358 drop_overload=0
[QUEUE_STATS] t_ms=0.003247 q_pkts=29 q_bytes=35728 ecn_mark=230 drop_l4s=0 drop_classic=359 drop_overload=0
[QUEUE_STATS] t_ms=0.003263 q_pkts=31 q_bytes=38192 ecn_mark=230 drop_l4s=0 drop_classic=359 drop_overload=0
[QUEUE_STATS] t_ms=0.003279 q_pkts=31 q_bytes=38192 ecn_mark=232 drop_l4s=0 drop_classic=362 drop_overload=0
[QUEUE_STATS] t_ms=0.003295 q_pkts=28 q_bytes=34496 ecn_mark=233 drop_l4s=0 drop_classic=366 drop_overload=0
[QUEUE_STATS] t_ms=0.003311 q_pkts=28 q_bytes=34496 ecn_mark=235 drop_l4s=0 drop_classic=369 drop_overload=0
[QUEUE_STATS] t_ms=0.003327 q_pkts=29 q_bytes=35728 ecn_mark=235 drop_l4s=0 drop_classic=369 drop_overload=0
[QUEUE_STATS] t_ms=0.003343 q_pkts=29 q_bytes=35728 ecn_mark=235 drop_l4s=0 drop_classic=371 drop_overload=0
[QUEUE_STATS] t_ms=0.003359 q_pkts=28 q_bytes=34496 ecn_mark=237 drop_l4s=0 drop_classic=374 drop_overload=0
[QUEUE_STATS] t_ms=0.003375 q_pkts=29 q_bytes=35728 ecn_mark=237 drop_l4s=0 drop_classic=375 drop_overload=0
[QUEUE_STATS] t_ms=0.003391 q_pkts=29 q_bytes=35728 ecn_mark=239 drop_l4s=0 drop_classic=377 drop_overload=0
[QUEUE_STATS] t_ms=0.003407 q_pkts=27 q_bytes=33264 ecn_mark=240 drop_l4s=0 drop_classic=380 drop_overload=0
[QUEUE_STATS] t_ms=0.003423 q_pkts=28 q_bytes=34496 ecn_mark=241 drop_l4s=0 drop_classic=382 drop_overload=0
[QUEUE_STATS] t_ms=0.003439 q_pkts=24 q_bytes=29568 ecn_mark=241 drop_l4s=0 drop_classic=387 drop_overload=0
[QUEUE_STATS] t_ms=0.003455 q_pkts=24 q_bytes=29568 ecn_mark=242 drop_l4s=0 drop_classic=389 drop_overload=0
[QUEUE_STATS] t_ms=0.003471 q_pkts=24 q_bytes=29568 ecn_mark=244 drop_l4s=0 drop_classic=391 drop_overload=0
[QUEUE_STATS] t_ms=0.003487 q_pkts=24 q_bytes=29568 ecn_mark=244 drop_l4s=0 drop_classic=392 drop_overload=0
[QUEUE_STATS] t_ms=0.003503 q_pkts=22 q_bytes=27157 ecn_mark=245 drop_l4s=0 drop_classic=396 drop_overload=0
[QUEUE_STATS] t_ms=0.003519 q_pkts=21 q_bytes=25867 ecn_mark=246 drop_l4s=0 drop_classic=399 drop_overload=0
[QUEUE_STATS] t_ms=0.003535 q_pkts=18 q_bytes=21581 ecn_mark=247 drop_l4s=0 drop_classic=403 drop_overload=0
[QUEUE_STATS] t_ms=0.003551 q_pkts=16 q_bytes=19712 ecn_mark=248 drop_l4s=0 drop_classic=406 drop_overload=0
[QUEUE_STATS] t_ms=0.003567 q_pkts=11 q_bytes=13552 ecn_mark=250 drop_l4s=0 drop_classic=412 drop_overload=0
[QUEUE_STATS] t_ms=0.003583 q_pkts=10 q_bytes=12320 ecn_mark=250 drop_l4s=0 drop_classic=414 drop_overload=0
[QUEUE_STATS] t_ms=0.003599 q_pkts=11 q_bytes=13552 ecn_mark=251 drop_l4s=0 drop_classic=415 drop_overload=0
[QUEUE_STATS] t_ms=0.003615 q_pkts=10 q_bytes=12320 ecn_mark=252 drop_l4s=0 drop_classic=417 drop_overload=0
[QUEUE_STATS] t_ms=0.003631 q_pkts=11 q_bytes=13552 ecn_mark=254 drop_l4s=0 drop_classic=418 drop_overload=0
[QUEUE_STATS] t_ms=0.003647 q_pkts=12 q_bytes=14784 ecn_mark=255 drop_l4s=0 drop_classic=418 drop_overload=0
[QUEUE_STATS] t_ms=0.003663 q_pkts=10 q_bytes=12320 ecn_mark=256 drop_l4s=0 drop_classic=421 drop_overload=0
[QUEUE_STATS] t_ms=0.003679 q_pkts=9 q_bytes=11088 ecn_mark=256 drop_l4s=0 drop_classic=423 drop_overload=0
[QUEUE_STATS] t_ms=0.003695 q_pkts=8 q_bytes=9856 ecn_mark=258 drop_l4s=0 drop_classic=426 drop_overload=0
[QUEUE_STATS] t_ms=0.003711 q_pkts=6 q_bytes=7392 ecn_mark=258 drop_l4s=0 drop_classic=428 drop_overload=0
[QUEUE_STATS] t_ms=0.003727 q_pkts=6 q_bytes=7392 ecn_mark=260 drop_l4s=0 drop_classic=430 drop_overload=0
[QUEUE_STATS] t_ms=0.003743 q_pkts=3 q_bytes=3696 ecn_mark=261 drop_l4s=0 drop_classic=434 drop_overload=0
[QUEUE_STATS] t_ms=0.003759 q_pkts=4 q_bytes=4928 ecn_mark=261 drop_l4s=0 drop_classic=435 drop_overload=0
[QUEUE_STATS] t_ms=0.003775 q_pkts=6 q_bytes=7392 ecn_mark=263 drop_l4s=0 drop_classic=435 drop_overload=0
[QUEUE_STATS] t_ms=0.003791 q_pkts=6 q_bytes=7392 ecn_mark=263 drop_l4s=0 drop_classic=436 drop_overload=0
[QUEUE_STATS] t_ms=0.003807 q_pkts=6 q_bytes=7392 ecn_mark=264 drop_l4s=0 drop_classic=438 drop_overload=0
[QUEUE_STATS] t_ms=0.003823 q_pkts=7 q_bytes=8346 ecn_mark=265 drop_l4s=0 drop_classic=439 drop_overload=0
[QUEUE_STATS] t_ms=0.003839 q_pkts=6 q_bytes=7392 ecn_mark=267 drop_l4s=0 drop_classic=441 drop_overload=0
[QUEUE_STATS] t_ms=0.003855 q_pkts=5 q_bytes=6160 ecn_mark=267 drop_l4s=0 drop_classic=443 drop_overload=0
[QUEUE_STATS] t_ms=0.003871 q_pkts=7 q_bytes=8624 ecn_mark=268 drop_l4s=0 drop_classic=444 drop_overload=0
[QUEUE_STATS] t_ms=0.003887 q_pkts=7 q_bytes=8624 ecn_mark=269 drop_l4s=0 drop_classic=445 drop_overload=0
[QUEUE_STATS] t_ms=0.003903 q_pkts=5 q_bytes=6160 ecn_mark=269 drop_l4s=0 drop_classic=449 drop_overload=0
[QUEUE_STATS] t_ms=0.003919 q_pkts=4 q_bytes=4928 ecn_mark=270 drop_l4s=0 drop_classic=451 drop_overload=0
[QUEUE_STATS] t_ms=0.003935 q_pkts=4 q_bytes=4928 ecn_mark=271 drop_l4s=0 drop_classic=453 drop_overload=0
[QUEUE_STATS] t_ms=0.003951 q_pkts=5 q_bytes=6160 ecn_mark=272 drop_l4s=0 drop_classic=453 drop_overload=0
[QUEUE_STATS] t_ms=0.003967 q_pkts=5 q_bytes=6160 ecn_mark=272 drop_l4s=0 drop_classic=454 drop_overload=0
[QUEUE_STATS] t_ms=0.003983 q_pkts=7 q_bytes=8624 ecn_mark=272 drop_l4s=0 drop_classic=454 drop_overload=0
[QUEUE_STATS] t_ms=0.003999 q_pkts=6 q_bytes=7392 ecn_mark=274 drop_l4s=0 drop_classic=457 drop_overload=0
[QUEUE_STATS] t_ms=0.004015 q_pkts=6 q_bytes=7392 ecn_mark=275 drop_l4s=0 drop_classic=459 drop_overload=0
[QUEUE_STATS] t_ms=0.004031 q_pkts=8 q_bytes=9856 ecn_mark=276 drop_l4s=0 drop_classic=459 drop_overload=0
[QUEUE_STATS] t_ms=0.004047 q_pkts=8 q_bytes=9856 ecn_mark=277 drop_l4s=0 drop_classic=460 drop_overload=0
[QUEUE_STATS] t_ms=0.004063 q_pkts=10 q_bytes=12320 ecn_mark=278 drop_l4s=0 drop_classic=460 drop_overload=0
[QUEUE_STATS] t_ms=0.004079 q_pkts=10 q_bytes=11797 ecn_mark=278 drop_l4s=0 drop_classic=462 drop_overload=0
[QUEUE_STATS] t_ms=0.004095 q_pkts=11 q_bytes=13552 ecn_mark=279 drop_l4s=0 drop_classic=462 drop_overload=0
[QUEUE_STATS] t_ms=0.004111 q_pkts=12 q_bytes=14423 ecn_mark=280 drop_l4s=0 drop_classic=463 drop_overload=0
[QUEUE_STATS] t_ms=0.004127 q_pkts=12 q_bytes=14784 ecn_mark=282 drop_l4s=0 drop_classic=464 drop_overload=0
[QUEUE_STATS] t_ms=0.004143 q_pkts=11 q_bytes=13552 ecn_mark=282 drop_l4s=0 drop_classic=467 drop_overload=0
[QUEUE_STATS] t_ms=0.004159 q_pkts=12 q_bytes=14956 ecn_mark=283 drop_l4s=0 drop_classic=467 drop_overload=0
[QUEUE_STATS] t_ms=0.004175 q_pkts=15 q_bytes=18652 ecn_mark=284 drop_l4s=0 drop_classic=467 drop_overload=0
[QUEUE_STATS] t_ms=0.004191 q_pkts=14 q_bytes=17248 ecn_mark=285 drop_l4s=0 drop_classic=469 drop_overload=0
[QUEUE_STATS] t_ms=0.004207 q_pkts=13 q_bytes=16016 ecn_mark=286 drop_l4s=0 drop_classic=471 drop_overload=0
[QUEUE_STATS] t_ms=0.004223 q_pkts=14 q_bytes=17248 ecn_mark=287 drop_l4s=0 drop_classic=472 drop_overload=0
[QUEUE_STATS] t_ms=0.004239 q_pkts=15 q_bytes=18480 ecn_mark=287 drop_l4s=0 drop_classic=473 drop_overload=0
[QUEUE_STATS] t_ms=0.004255 q_pkts=16 q_bytes=19691 ecn_mark=287 drop_l4s=0 drop_classic=474 drop_overload=0
[QUEUE_STATS] t_ms=0.004271 q_pkts=17 q_bytes=21216 ecn_mark=287 drop_l4s=0 drop_classic=475 drop_overload=0
[QUEUE_STATS] t_ms=0.004287 q_pkts=21 q_bytes=26144 ecn_mark=287 drop_l4s=0 drop_classic=475 drop_overload=0
[QUEUE_STATS] t_ms=0.004303 q_pkts=22 q_bytes=27104 ecn_mark=288 drop_l4s=0 drop_classic=477 drop_overload=0
[QUEUE_STATS] t_ms=0.004319 q_pkts=24 q_bytes=29568 ecn_mark=290 drop_l4s=0 drop_classic=478 drop_overload=0
[QUEUE_STATS] t_ms=0.004335 q_pkts=26 q_bytes=32032 ecn_mark=292 drop_l4s=0 drop_classic=479 drop_overload=0
[QUEUE_STATS] t_ms=0.004351 q_pkts=28 q_bytes=34496 ecn_mark=294 drop_l4s=0 drop_classic=480 drop_overload=0
[QUEUE_STATS] t_ms=0.004367 q_pkts=28 q_bytes=34496 ecn_mark=295 drop_l4s=0 drop_classic=481 drop_overload=0
[QUEUE_STATS] t_ms=0.004383 q_pkts=30 q_bytes=36960 ecn_mark=296 drop_l4s=0 drop_classic=482 drop_overload=0
[QUEUE_STATS] t_ms=0.004399 q_pkts=31 q_bytes=38192 ecn_mark=297 drop_l4s=0 drop_classic=483 drop_overload=0
[QUEUE_STATS] t_ms=0.004415 q_pkts=32 q_bytes=39424 ecn_mark=298 drop_l4s=0 drop_classic=484 drop_overload=0
[QUEUE_STATS] t_ms=0.004431 q_pkts=33 q_bytes=40656 ecn_mark=299 drop_l4s=0 drop_classic=485 drop_overload=0
[QUEUE_STATS] t_ms=0.004447 q_pkts=29 q_bytes=35728 ecn_mark=300 drop_l4s=0 drop_classic=490 drop_overload=0
[QUEUE_STATS] t_ms=0.004463 q_pkts=29 q_bytes=35728 ecn_mark=300 drop_l4s=0 drop_classic=492 drop_overload=0
[QUEUE_STATS] t_ms=0.004479 q_pkts=30 q_bytes=36960 ecn_mark=301 drop_l4s=0 drop_classic=494 drop_overload=0
[QUEUE_STATS] t_ms=0.004495 q_pkts=29 q_bytes=35728 ecn_mark=302 drop_l4s=0 drop_classic=496 drop_overload=0
[QUEUE_STATS] t_ms=0.004511 q_pkts=30 q_bytes=36960 ecn_mark=303 drop_l4s=0 drop_classic=498 drop_overload=0
[QUEUE_STATS] t_ms=0.004527 q_pkts=31 q_bytes=38192 ecn_mark=303 drop_l4s=0 drop_classic=498 drop_overload=0
[QUEUE_STATS] t_ms=0.004543 q_pkts=30 q_bytes=36922 ecn_mark=304 drop_l4s=0 drop_classic=501 drop_overload=0
[QUEUE_STATS] t_ms=0.004559 q_pkts=32 q_bytes=39424 ecn_mark=305 drop_l4s=0 drop_classic=502 drop_overload=0
[QUEUE_STATS] t_ms=0.004575 q_pkts=33 q_bytes=40656 ecn_mark=307 drop_l4s=0 drop_classic=503 drop_overload=0
[QUEUE_STATS] t_ms=0.004591 q_pkts=31 q_bytes=38192 ecn_mark=308 drop_l4s=0 drop_classic=506 drop_overload=0
[QUEUE_STATS] t_ms=0.004607 q_pkts=30 q_bytes=36960 ecn_mark=310 drop_l4s=0 drop_classic=509 drop_overload=0
[QUEUE_STATS] t_ms=0.004623 q_pkts=28 q_bytes=34496 ecn_mark=311 drop_l4s=0 drop_classic=512 drop_overload=0
[QUEUE_STATS] t_ms=0.004639 q_pkts=24 q_bytes=29568 ecn_mark=313 drop_l4s=0 drop_classic=517 drop_overload=0
[QUEUE_STATS] t_ms=0.004655 q_pkts=24 q_bytes=29568 ecn_mark=314 drop_l4s=0 drop_classic=518 drop_overload=0
[QUEUE_STATS] t_ms=0.004671 q_pkts=25 q_bytes=30800 ecn_mark=316 drop_l4s=0 drop_classic=518 drop_overload=0
[QUEUE_STATS] t_ms=0.004687 q_pkts=25 q_bytes=29929 ecn_mark=317 drop_l4s=0 drop_classic=520 drop_overload=0
[QUEUE_STATS] t_ms=0.004703 q_pkts=23 q_bytes=28336 ecn_mark=317 drop_l4s=0 drop_classic=523 drop_overload=0
[QUEUE_STATS] t_ms=0.004719 q_pkts=22 q_bytes=27104 ecn_mark=318 drop_l4s=0 drop_classic=525 drop_overload=0
[QUEUE_STATS] t_ms=0.004735 q_pkts=23 q_bytes=28336 ecn_mark=319 drop_l4s=0 drop_classic=526 drop_overload=0
[QUEUE_STATS] t_ms=0.004751 q_pkts=23 q_bytes=28336 ecn_mark=320 drop_l4s=0 drop_classic=528 drop_overload=0
[QUEUE_STATS] t_ms=0.004767 q_pkts=25 q_bytes=30800 ecn_mark=321 drop_l4s=0 drop_classic=528 drop_overload=0
[QUEUE_STATS] t_ms=0.004783 q_pkts=25 q_bytes=30800 ecn_mark=322 drop_l4s=0 drop_classic=529 drop_overload=0
[QUEUE_STATS] t_ms=0.004799 q_pkts=26 q_bytes=32032 ecn_mark=323 drop_l4s=0 drop_classic=530 drop_overload=0
[QUEUE_STATS] t_ms=0.004815 q_pkts=25 q_bytes=30800 ecn_mark=324 drop_l4s=0 drop_classic=533 drop_overload=0
[QUEUE_STATS] t_ms=0.004831 q_pkts=26 q_bytes=32032 ecn_mark=325 drop_l4s=0 drop_classic=534 drop_overload=0
[QUEUE_STATS] t_ms=0.004847 q_pkts=23 q_bytes=28336 ecn_mark=325 drop_l4s=0 drop_classic=538 drop_overload=0
[QUEUE_STATS] t_ms=0.004863 q_pkts=20 q_bytes=24640 ecn_mark=326 drop_l4s=0 drop_classic=543 drop_overload=0
[QUEUE_STATS] t_ms=0.004879 q_pkts=20 q_bytes=24640 ecn_mark=326 drop_l4s=0 drop_classic=544 drop_overload=0
[QUEUE_STATS] t_ms=0.004895 q_pkts=21 q_bytes=25872 ecn_mark=327 drop_l4s=0 drop_classic=546 drop_overload=0
[QUEUE_STATS] t_ms=0.004911 q_pkts=21 q_bytes=25940 ecn_mark=327 drop_l4s=0 drop_classic=548 drop_overload=0
[QUEUE_STATS] t_ms=0.004927 q_pkts=20 q_bytes=24640 ecn_mark=329 drop_l4s=0 drop_classic=550 drop_overload=0
[QUEUE_STATS] t_ms=0.004943 q_pkts=20 q_bytes=24640 ecn_mark=330 drop_l4s=0 drop_classic=551 drop_overload=0
[QUEUE_STATS] t_ms=0.004959 q_pkts=21 q_bytes=25872 ecn_mark=330 drop_l4s=0 drop_classic=552 drop_overload=0
[QUEUE_STATS] t_ms=0.004975 q_pkts=19 q_bytes=23408 ecn_mark=331 drop_l4s=0 drop_classic=555 drop_overload=0
[QUEUE_STATS] t_ms=0.004991 q_pkts=16 q_bytes=19712 ecn_mark=331 drop_l4s=0 drop_classic=559 drop_overload=0
[QUEUE_STATS] t_ms=0.005007 q_pkts=15 q_bytes=18480 ecn_mark=332 drop_l4s=0 drop_classic=562 drop_overload=0
[QUEUE_STATS] t_ms=0.005023 q_pkts=14 q_bytes=17248 ecn_mark=333 drop_l4s=0 drop_classic=564 drop_overload=0
[QUEUE_STATS] t_ms=0.005039 q_pkts=15 q_bytes=18480 ecn_mark=334 drop_l4s=0 drop_classic=565 drop_overload=0
[QUEUE_STATS] t_ms=0.005055 q_pkts=17 q_bytes=20944 ecn_mark=335 drop_l4s=0 drop_classic=565 drop_overload=0
[QUEUE_STATS] t_ms=0.005071 q_pkts=15 q_bytes=18480 ecn_mark=335 drop_l4s=0 drop_classic=568 drop_overload=0
[QUEUE_STATS] t_ms=0.005087 q_pkts=13 q_bytes=16016 ecn_mark=336 drop_l4s=0 drop_classic=572 drop_overload=0
[QUEUE_STATS] t_ms=0.005103 q_pkts=14 q_bytes=17248 ecn_mark=338 drop_l4s=0 drop_classic=572 drop_overload=0
[QUEUE_STATS] t_ms=0.005119 q_pkts=15 q_bytes=18480 ecn_mark=338 drop_l4s=0 drop_classic=573 drop_overload=0
[QUEUE_STATS] t_ms=0.005135 q_pkts=17 q_bytes=20944 ecn_mark=338 drop_l4s=0 drop_classic=573 drop_overload=0
[QUEUE_STATS] t_ms=0.005151 q_pkts=16 q_bytes=19712 ecn_mark=339 drop_l4s=0 drop_classic=576 drop_overload=0
[QUEUE_STATS] t_ms=0.005167 q_pkts=14 q_bytes=17248 ecn_mark=340 drop_l4s=0 drop_classic=580 drop_overload=0
[QUEUE_STATS] t_ms=0.005183 q_pkts=14 q_bytes=17248 ecn_mark=342 drop_l4s=0 drop_classic=582 drop_overload=0
[QUEUE_STATS] t_ms=0.005199 q_pkts=16 q_bytes=19557 ecn_mark=343 drop_l4s=0 drop_classic=582 drop_overload=0
[QUEUE_STATS] t_ms=0.005215 q_pkts=16 q_bytes=19712 ecn_mark=344 drop_l4s=0 drop_classic=583 drop_overload=0
[QUEUE_STATS] t_ms=0.005231 q_pkts=15 q_bytes=18480 ecn_mark=346 drop_l4s=0 drop_classic=586 drop_overload=0
[QUEUE_STATS] t_ms=0.005247 q_pkts=14 q_bytes=17248 ecn_mark=347 drop_l4s=0 drop_classic=588 drop_overload=0
[QUEUE_STATS] t_ms=0.005263 q_pkts=13 q_bytes=16016 ecn_mark=349 drop_l4s=0 drop_classic=591 drop_overload=0
[QUEUE_STATS] t_ms=0.005279 q_pkts=10 q_bytes=11571 ecn_mark=350 drop_l4s=0 drop_classic=594 drop_overload=0
[QUEUE_STATS] t_ms=0.005295 q_pkts=9 q_bytes=11088 ecn_mark=352 drop_l4s=0 drop_classic=597 drop_overload=0
[QUEUE_STATS] t_ms=0.005311 q_pkts=9 q_bytes=11088 ecn_mark=354 drop_l4s=0 drop_classic=598 drop_overload=0
[QUEUE_STATS] t_ms=0.005327 q_pkts=6 q_bytes=7392 ecn_mark=355 drop_l4s=0 drop_classic=601 drop_overload=0
[QUEUE_STATS] t_ms=0.005343 q_pkts=6 q_bytes=7392 ecn_mark=356 drop_l4s=0 drop_classic=602 drop_overload=0
[QUEUE_STATS] t_ms=0.005359 q_pkts=6 q_bytes=6780 ecn_mark=357 drop_l4s=0 drop_classic=604 drop_overload=0
[QUEUE_STATS] t_ms=0.005375 q_pkts=5 q_bytes=5548 ecn_mark=357 drop_l4s=0 drop_classic=606 drop_overload=0
[QUEUE_STATS] t_ms=0.005391 q_pkts=5 q_bytes=6160 ecn_mark=358 drop_l4s=0 drop_classic=607 drop_overload=0
[QUEUE_STATS] t_ms=0.005407 q_pkts=6 q_bytes=7392 ecn_mark=359 drop_l4s=0 drop_classic=608 drop_overload=0
[QUEUE_STATS] t_ms=0.005423 q_pkts=6 q_bytes=7392 ecn_mark=360 drop_l4s=0 drop_classic=609 drop_overload=0
[QUEUE_STATS] t_ms=0.005439 q_pkts=5 q_bytes=6160 ecn_mark=361 drop_l4s=0 drop_classic=611 drop_overload=0
[QUEUE_STATS] t_ms=0.005455 q_pkts=5 q_bytes=6160 ecn_mark=362 drop_l4s=0 drop_classic=612 drop_overload=0
[QUEUE_STATS] t_ms=0.005471 q_pkts=5 q_bytes=6160 ecn_mark=362 drop_l4s=0 drop_classic=613 drop_overload=0
[QUEUE_STATS] t_ms=0.005487 q_pkts=6 q_bytes=7392 ecn_mark=363 drop_l4s=0 drop_classic=614 drop_overload=0
[QUEUE_STATS] t_ms=0.005503 q_pkts=7 q_bytes=8624 ecn_mark=364 drop_l4s=0 drop_classic=615 drop_overload=0
[QUEUE_STATS] t_ms=0.005519 q_pkts=7 q_bytes=8624 ecn_mark=365 drop_l4s=0 drop_classic=616 drop_overload=0
[QUEUE_STATS] t_ms=0.005535 q_pkts=7 q_bytes=8624 ecn_mark=365 drop_l4s=0 drop_classic=617 drop_overload=0
[QUEUE_STATS] t_ms=0.005551 q_pkts=8 q_bytes=9856 ecn_mark=367 drop_l4s=0 drop_classic=617 drop_overload=0
[QUEUE_STATS] t_ms=0.005567 q_pkts=10 q_bytes=12320 ecn_mark=367 drop_l4s=0 drop_classic=617 drop_overload=0
[QUEUE_STATS] t_ms=0.005583 q_pkts=10 q_bytes=12320 ecn_mark=369 drop_l4s=0 drop_classic=619 drop_overload=0
[QUEUE_STATS] t_ms=0.005599 q_pkts=11 q_bytes=13552 ecn_mark=370 drop_l4s=0 drop_classic=619 drop_overload=0
[QUEUE_STATS] t_ms=0.005615 q_pkts=12 q_bytes=14101 ecn_mark=370 drop_l4s=0 drop_classic=620 drop_overload=0
[QUEUE_STATS] t_ms=0.005631 q_pkts=11 q_bytes=13552 ecn_mark=371 drop_l4s=0 drop_classic=621 drop_overload=0
[QUEUE_STATS] t_ms=0.005647 q_pkts=13 q_bytes=16016 ecn_mark=371 drop_l4s=0 drop_classic=621 drop_overload=0
[QUEUE_STATS] t_ms=0.005663 q_pkts=12 q_bytes=14784 ecn_mark=372 drop_l4s=0 drop_classic=624 drop_overload=0
[QUEUE_STATS] t_ms=0.005679 q_pkts=13 q_bytes=16016 ecn_mark=373 drop_l4s=0 drop_classic=625 drop_overload=0
[QUEUE_STATS] t_ms=0.005695 q_pkts=15 q_bytes=18480 ecn_mark=373 drop_l4s=0 drop_classic=626 drop_overload=0
[QUEUE_STATS] t_ms=0.005711 q_pkts=15 q_bytes=18480 ecn_mark=374 drop_l4s=0 drop_classic=627 drop_overload=0
[QUEUE_STATS] t_ms=0.005727 q_pkts=16 q_bytes=19764 ecn_mark=375 drop_l4s=0 drop_classic=629 drop_overload=0
[QUEUE_STATS] t_ms=0.005743 q_pkts=17 q_bytes=20944 ecn_mark=376 drop_l4s=0 drop_classic=630 drop_overload=0
[QUEUE_STATS] t_ms=0.005759 q_pkts=18 q_bytes=22176 ecn_mark=377 drop_l4s=0 drop_classic=630 drop_overload=0
[QUEUE_STATS] t_ms=0.005775 q_pkts=17 q_bytes=20944 ecn_mark=378 drop_l4s=0 drop_classic=633 drop_overload=0
[QUEUE_STATS] t_ms=0.005791 q_pkts=18 q_bytes=22176 ecn_mark=378 drop_l4s=0 drop_classic=635 drop_overload=0
[QUEUE_STATS] t_ms=0.005807 q_pkts=19 q_bytes=23408 ecn_mark=378 drop_l4s=0 drop_classic=636 drop_overload=0
[QUEUE_STATS] t_ms=0.005823 q_pkts=22 q_bytes=27104 ecn_mark=380 drop_l4s=0 drop_classic=636 drop_overload=0
[QUEUE_STATS] t_ms=0.005839 q_pkts=21 q_bytes=26100 ecn_mark=380 drop_l4s=0 drop_classic=639 drop_overload=0
[QUEUE_STATS] t_ms=0.005855 q_pkts=23 q_bytes=28336 ecn_mark=382 drop_l4s=0 drop_classic=639 drop_overload=0
[QUEUE_STATS] t_ms=0.005871 q_pkts=23 q_bytes=28336 ecn_mark=383 drop_l4s=0 drop_classic=642 drop_overload=0
[QUEUE_STATS] t_ms=0.005887 q_pkts=25 q_bytes=30800 ecn_mark=383 drop_l4s=0 drop_classic=642 drop_overload=0
[QUEUE_STATS] t_ms=0.005903 q_pkts=27 q_bytes=33264 ecn_mark=383 drop_l4s=0 drop_classic=643 drop_overload=0
[QUEUE_STATS] t_ms=0.005919 q_pkts=27 q_bytes=33264 ecn_mark=385 drop_l4s=0 drop_classic=646 drop_overload=0
[QUEUE_STATS] t_ms=0.005935 q_pkts=29 q_bytes=35728 ecn_mark=385 drop_l4s=0 drop_classic=647 drop_overload=0
[QUEUE_STATS] t_ms=0.005951 q_pkts=31 q_bytes=38192 ecn_mark=386 drop_l4s=0 drop_classic=648 drop_overload=0
[QUEUE_STATS] t_ms=0.005967 q_pkts=30 q_bytes=36960 ecn_mark=387 drop_l4s=0 drop_classic=651 drop_overload=0
[QUEUE_STATS] t_ms=0.005983 q_pkts=30 q_bytes=37232 ecn_mark=387 drop_l4s=0 drop_classic=654 drop_overload=0
[QUEUE_STATS] t_ms=0.005999 q_pkts=32 q_bytes=39424 ecn_mark=388 drop_l4s=0 drop_classic=655 drop_overload=0
[QUEUE_STATS] t_ms=0.006015 q_pkts=34 q_bytes=41888 ecn_mark=389 drop_l4s=0 drop_classic=656 drop_overload=0
[QUEUE_STATS] t_ms=0.006031 q_pkts=35 q_bytes=43392 ecn_mark=389 drop_l4s=0 drop_classic=659 drop_overload=0
[QUEUE_STATS] t_ms=0.006047 q_pkts=36 q_bytes=44352 ecn_mark=391 drop_l4s=0 drop_classic=661 drop_overload=0
[QUEUE_STATS] t_ms=0.006063 q_pkts=36 q_bytes=44624 ecn_mark=391 drop_l4s=0 drop_classic=663 drop_overload=0
[QUEUE_STATS] t_ms=0.006079 q_pkts=37 q_bytes=45856 ecn_mark=393 drop_l4s=0 drop_classic=665 drop_overload=0
[QUEUE_STATS] t_ms=0.006095 q_pkts=39 q_bytes=48048 ecn_mark=395 drop_l4s=0 drop_classic=665 drop_overload=0
[QUEUE_STATS] t_ms=0.006111 q_pkts=41 q_bytes=50512 ecn_mark=396 drop_l4s=0 drop_classic=666 drop_overload=0
[QUEUE_STATS] t_ms=0.006127 q_pkts=37 q_bytes=45584 ecn_mark=397 drop_l4s=0 drop_classic=672 drop_overload=0
[QUEUE_STATS] t_ms=0.006143 q_pkts=40 q_bytes=49280 ecn_mark=397 drop_l4s=0 drop_classic=672 drop_overload=0
[QUEUE_STATS] t_ms=0.006159 q_pkts=39 q_bytes=48048 ecn_mark=397 drop_l4s=0 drop_classic=676 drop_overload=0
[QUEUE_STATS] t_ms=0.006175 q_pkts=39 q_bytes=48048 ecn_mark=398 drop_l4s=0 drop_classic=679 drop_overload=0
[QUEUE_STATS] t_ms=0.006191 q_pkts=37 q_bytes=45856 ecn_mark=399 drop_l4s=0 drop_classic=683 drop_overload=0
[QUEUE_STATS] t_ms=0.006207 q_pkts=40 q_bytes=49280 ecn_mark=400 drop_l4s=0 drop_classic=684 drop_overload=0
[QUEUE_STATS] t_ms=0.006223 q_pkts=38 q_bytes=46816 ecn_mark=402 drop_l4s=0 drop_classic=689 drop_overload=0
[QUEUE_STATS] t_ms=0.006239 q_pkts=37 q_bytes=45584 ecn_mark=403 drop_l4s=0 drop_classic=693 drop_overload=0
[QUEUE_STATS] t_ms=0.006255 q_pkts=38 q_bytes=46816 ecn_mark=405 drop_l4s=0 drop_classic=695 drop_overload=0
[QUEUE_STATS] t_ms=0.006271 q_pkts=41 q_bytes=50512 ecn_mark=407 drop_l4s=0 drop_classic=695 drop_overload=0
[QUEUE_STATS] t_ms=0.006287 q_pkts=39 q_bytes=48048 ecn_mark=407 drop_l4s=0 drop_classic=698 drop_overload=0
[QUEUE_STATS] t_ms=0.006303 q_pkts=38 q_bytes=46816 ecn_mark=409 drop_l4s=0 drop_classic=702 drop_overload=0
[QUEUE_STATS] t_ms=0.006319 q_pkts=38 q_bytes=46816 ecn_mark=409 drop_l4s=0 drop_classic=704 drop_overload=0
[QUEUE_STATS] t_ms=0.006335 q_pkts=40 q_bytes=49280 ecn_mark=409 drop_l4s=0 drop_classic=705 drop_overload=0
[QUEUE_STATS] t_ms=0.006351 q_pkts=39 q_bytes=48048 ecn_mark=410 drop_l4s=0 drop_classic=709 drop_overload=0
[QUEUE_STATS] t_ms=0.006367 q_pkts=41 q_bytes=50784 ecn_mark=410 drop_l4s=0 drop_classic=709 drop_overload=0
[QUEUE_STATS] t_ms=0.006383 q_pkts=38 q_bytes=46816 ecn_mark=412 drop_l4s=0 drop_classic=714 drop_overload=0
[QUEUE_STATS] t_ms=0.006399 q_pkts=39 q_bytes=48048 ecn_mark=414 drop_l4s=0 drop_classic=716 drop_overload=0
[QUEUE_STATS] t_ms=0.006415 q_pkts=38 q_bytes=47059 ecn_mark=415 drop_l4s=0 drop_classic=719 drop_overload=0
[QUEUE_STATS] t_ms=0.006431 q_pkts=37 q_bytes=45584 ecn_mark=415 drop_l4s=0 drop_classic=723 drop_overload=0
[QUEUE_STATS] t_ms=0.006447 q_pkts=38 q_bytes=46816 ecn_mark=417 drop_l4s=0 drop_classic=725 drop_overload=0
[QUEUE_STATS] t_ms=0.006463 q_pkts=33 q_bytes=40928 ecn_mark=418 drop_l4s=0 drop_classic=732 drop_overload=0
[QUEUE_STATS] t_ms=0.006479 q_pkts=34 q_bytes=41888 ecn_mark=420 drop_l4s=0 drop_classic=733 drop_overload=0
[QUEUE_STATS] t_ms=0.006495 q_pkts=34 q_bytes=41888 ecn_mark=421 drop_l4s=0 drop_classic=735 drop_overload=0
[QUEUE_STATS] t_ms=0.006511 q_pkts=27 q_bytes=33264 ecn_mark=422 drop_l4s=0 drop_classic=743 drop_overload=0
[QUEUE_STATS] t_ms=0.006527 q_pkts=27 q_bytes=33264 ecn_mark=423 drop_l4s=0 drop_classic=745 drop_overload=0
[QUEUE_STATS] t_ms=0.006543 q_pkts=23 q_bytes=28336 ecn_mark=425 drop_l4s=0 drop_classic=750 drop_overload=0
[QUEUE_STATS] t_ms=0.006559 q_pkts=15 q_bytes=18480 ecn_mark=426 drop_l4s=0 drop_classic=759 drop_overload=0
[QUEUE_STATS] t_ms=0.006575 q_pkts=15 q_bytes=18480 ecn_mark=427 drop_l4s=0 drop_classic=760 drop_overload=0
[QUEUE_STATS] t_ms=0.006591 q_pkts=15 q_bytes=18480 ecn_mark=428 drop_l4s=0 drop_classic=761 drop_overload=0
[QUEUE_STATS] t_ms=0.006607 q_pkts=13 q_bytes=15413 ecn_mark=429 drop_l4s=0 drop_classic=764 drop_overload=0
[QUEUE_STATS] t_ms=0.006623 q_pkts=13 q_bytes=16016 ecn_mark=430 drop_l4s=0 drop_classic=766 drop_overload=0
[QUEUE_STATS] t_ms=0.006639 q_pkts=13 q_bytes=16016 ecn_mark=432 drop_l4s=0 drop_classic=768 drop_overload=0
[QUEUE_STATS] t_ms=0.006655 q_pkts=11 q_bytes=13552 ecn_mark=433 drop_l4s=0 drop_classic=771 drop_overload=0
[QUEUE_STATS] t_ms=0.006671 q_pkts=9 q_bytes=11088 ecn_mark=435 drop_l4s=0 drop_classic=774 drop_overload=0
[QUEUE_STATS] t_ms=0.006687 q_pkts=10 q_bytes=11682 ecn_mark=435 drop_l4s=0 drop_classic=775 drop_overload=0
[QUEUE_STATS] t_ms=0.006703 q_pkts=11 q_bytes=13552 ecn_mark=437 drop_l4s=0 drop_classic=775 drop_overload=0
[QUEUE_STATS] t_ms=0.006719 q_pkts=11 q_bytes=13552 ecn_mark=438 drop_l4s=0 drop_classic=776 drop_overload=0
[QUEUE_STATS] t_ms=0.006735 q_pkts=11 q_bytes=13552 ecn_mark=439 drop_l4s=0 drop_classic=778 drop_overload=0
[QUEUE_STATS] t_ms=0.006751 q_pkts=12 q_bytes=14784 ecn_mark=440 drop_l4s=0 drop_classic=779 drop_overload=0
[QUEUE_STATS] t_ms=0.006767 q_pkts=11 q_bytes=13552 ecn_mark=440 drop_l4s=0 drop_classic=782 drop_overload=0
[QUEUE_STATS] t_ms=0.006783 q_pkts=8 q_bytes=9856 ecn_mark=440 drop_l4s=0 drop_classic=786 drop_overload=0
[QUEUE_STATS] t_ms=0.006799 q_pkts=9 q_bytes=11088 ecn_mark=441 drop_l4s=0 drop_classic=788 drop_overload=0
[QUEUE_STATS] t_ms=0.006815 q_pkts=11 q_bytes=13552 ecn_mark=443 drop_l4s=0 drop_classic=789 drop_overload=0
[QUEUE_STATS] t_ms=0.006831 q_pkts=10 q_bytes=12320 ecn_mark=444 drop_l4s=0 drop_classic=792 drop_overload=0
[QUEUE_STATS] t_ms=0.006847 q_pkts=10 q_bytes=12320 ecn_mark=444 drop_l4s=0 drop_classic=793 drop_overload=0
[QUEUE_STATS] t_ms=0.006863 q_pkts=9 q_bytes=11088 ecn_mark=444 drop_l4s=0 drop_classic=796 drop_overload=0
[QUEUE_STATS] t_ms=0.006879 q_pkts=10 q_bytes=12320 ecn_mark=445 drop_l4s=0 drop_classic=798 drop_overload=0
[QUEUE_STATS] t_ms=0.006895 q_pkts=9 q_bytes=11088 ecn_mark=447 drop_l4s=0 drop_classic=802 drop_overload=0
[QUEUE_STATS] t_ms=0.006911 q_pkts=9 q_bytes=11088 ecn_mark=448 drop_l4s=0 drop_classic=804 drop_overload=0
[QUEUE_STATS] t_ms=0.006927 q_pkts=9 q_bytes=11088 ecn_mark=449 drop_l4s=0 drop_classic=805 drop_overload=0
[QUEUE_STATS] t_ms=0.006943 q_pkts=10 q_bytes=12320 ecn_mark=449 drop_l4s=0 drop_classic=806 drop_overload=0
[QUEUE_STATS] t_ms=0.006959 q_pkts=11 q_bytes=13753 ecn_mark=449 drop_l4s=0 drop_classic=807 drop_overload=0
[QUEUE_STATS] t_ms=0.006975 q_pkts=11 q_bytes=13552 ecn_mark=450 drop_l4s=0 drop_classic=809 drop_overload=0
[QUEUE_STATS] t_ms=0.006991 q_pkts=14 q_bytes=17248 ecn_mark=452 drop_l4s=0 drop_classic=809 drop_overload=0
[QUEUE_STATS] t_ms=0.007007 q_pkts=13 q_bytes=16016 ecn_mark=452 drop_l4s=0 drop_classic=812 drop_overload=0
[QUEUE_STATS] t_ms=0.007023 q_pkts=14 q_bytes=17248 ecn_mark=454 drop_l4s=0 drop_classic=814 drop_overload=0
[QUEUE_STATS] t_ms=0.007039 q_pkts=15 q_bytes=18480 ecn_mark=455 drop_l4s=0 drop_classic=815 drop_overload=0
[QUEUE_STATS] t_ms=0.007055 q_pkts=11 q_bytes=13552 ecn_mark=456 drop_l4s=0 drop_classic=820 drop_overload=0
[QUEUE_STATS] t_ms=0.007071 q_pkts=11 q_bytes=13552 ecn_mark=457 drop_l4s=0 drop_classic=823 drop_overload=0
[QUEUE_STATS] t_ms=0.007087 q_pkts=9 q_bytes=10833 ecn_mark=458 drop_l4s=0 drop_classic=827 drop_overload=0
[QUEUE_STATS] t_ms=0.007103 q_pkts=9 q_bytes=11088 ecn_mark=458 drop_l4s=0 drop_classic=828 drop_overload=0
[QUEUE_STATS] t_ms=0.007119 q_pkts=7 q_bytes=8624 ecn_mark=459 drop_l4s=0 drop_classic=832 drop_overload=0
[QUEUE_STATS] t_ms=0.007135 q_pkts=9 q_bytes=11088 ecn_mark=460 drop_l4s=0 drop_classic=833 drop_overload=0
[QUEUE_STATS] t_ms=0.007151 q_pkts=8 q_bytes=9856 ecn_mark=460 drop_l4s=0 drop_classic=835 drop_overload=0
[QUEUE_STATS] t_ms=0.007167 q_pkts=10 q_bytes=12320 ecn_mark=461 drop_l4s=0 drop_classic=836 drop_overload=0
[QUEUE_STATS] t_ms=0.007183 q_pkts=10 q_bytes=12592 ecn_mark=461 drop_l4s=0 drop_classic=838 drop_overload=0
[QUEUE_STATS] t_ms=0.007199 q_pkts=12 q_bytes=14784 ecn_mark=463 drop_l4s=0 drop_classic=839 drop_overload=0
[QUEUE_STATS] t_ms=0.007215 q_pkts=13 q_bytes=16016 ecn_mark=464 drop_l4s=0 drop_classic=839 drop_overload=0
[QUEUE_STATS] t_ms=0.007231 q_pkts=15 q_bytes=18480 ecn_mark=464 drop_l4s=0 drop_classic=840 drop_overload=0
[QUEUE_STATS] t_ms=0.007247 q_pkts=16 q_bytes=19712 ecn_mark=466 drop_l4s=0 drop_classic=842 drop_overload=0
[QUEUE_STATS] t_ms=0.007263 q_pkts=14 q_bytes=17248 ecn_mark=467 drop_l4s=0 drop_classic=846 drop_overload=0
[QUEUE_STATS] t_ms=0.007279 q_pkts=15 q_bytes=18752 ecn_mark=468 drop_l4s=0 drop_classic=848 drop_overload=0
[QUEUE_STATS] t_ms=0.007295 q_pkts=15 q_bytes=18480 ecn_mark=469 drop_l4s=0 drop_classic=849 drop_overload=0
[QUEUE_STATS] t_ms=0.007311 q_pkts=16 q_bytes=19526 ecn_mark=470 drop_l4s=0 drop_classic=850 drop_overload=0
[QUEUE_STATS] t_ms=0.007327 q_pkts=16 q_bytes=19712 ecn_mark=471 drop_l4s=0 drop_classic=851 drop_overload=0
[QUEUE_STATS] t_ms=0.007343 q_pkts=17 q_bytes=20944 ecn_mark=471 drop_l4s=0 drop_classic=852 drop_overload=0
[QUEUE_STATS] t_ms=0.007359 q_pkts=18 q_bytes=22176 ecn_mark=473 drop_l4s=0 drop_classic=853 drop_overload=0
[QUEUE_STATS] t_ms=0.007375 q_pkts=19 q_bytes=23408 ecn_mark=473 drop_l4s=0 drop_classic=854 drop_overload=0
[QUEUE_STATS] t_ms=0.007391 q_pkts=21 q_bytes=25872 ecn_mark=474 drop_l4s=0 drop_classic=854 drop_overload=0
[QUEUE_STATS] t_ms=0.007407 q_pkts=22 q_bytes=26870 ecn_mark=474 drop_l4s=0 drop_classic=855 drop_overload=0
[QUEUE_STATS] t_ms=0.007423 q_pkts=20 q_bytes=24640 ecn_mark=476 drop_l4s=0 drop_classic=858 drop_overload=0
[QUEUE_STATS] t_ms=0.007439 q_pkts=20 q_bytes=24640 ecn_mark=478 drop_l4s=0 drop_classic=860 drop_overload=0
[QUEUE_STATS] t_ms=0.007455 q_pkts=22 q_bytes=27104 ecn_mark=479 drop_l4s=0 drop_classic=860 drop_overload=0
[QUEUE_STATS] t_ms=0.007471 q_pkts=20 q_bytes=24640 ecn_mark=481 drop_l4s=0 drop_classic=863 drop_overload=0
[QUEUE_STATS] t_ms=0.007487 q_pkts=20 q_bytes=24640 ecn_mark=482 drop_l4s=0 drop_classic=864 drop_overload=0
[QUEUE_STATS] t_ms=0.007503 q_pkts=19 q_bytes=23408 ecn_mark=484 drop_l4s=0 drop_classic=867 drop_overload=0
[QUEUE_STATS] t_ms=0.007519 q_pkts=17 q_bytes=20944 ecn_mark=485 drop_l4s=0 drop_classic=869 drop_overload=0
[QUEUE_STATS] t_ms=0.007535 q_pkts=17 q_bytes=20944 ecn_mark=486 drop_l4s=0 drop_classic=870 drop_overload=0
[QUEUE_STATS] t_ms=0.007551 q_pkts=18 q_bytes=22176 ecn_mark=486 drop_l4s=0 drop_classic=871 drop_overload=0
[QUEUE_STATS] t_ms=0.007567 q_pkts=16 q_bytes=19712 ecn_mark=488 drop_l4s=0 drop_classic=874 drop_overload=0
[QUEUE_STATS] t_ms=0.007583 q_pkts=15 q_bytes=18480 ecn_mark=488 drop_l4s=0 drop_classic=877 drop_overload=0
[QUEUE_STATS] t_ms=0.007599 q_pkts=13 q_bytes=16016 ecn_mark=489 drop_l4s=0 drop_classic=881 drop_overload=0
[QUEUE_STATS] t_ms=0.007615 q_pkts=11 q_bytes=13552 ecn_mark=489 drop_l4s=0 drop_classic=885 drop_overload=0
[QUEUE_STATS] t_ms=0.007631 q_pkts=14 q_bytes=17061 ecn_mark=490 drop_l4s=0 drop_classic=885 drop_overload=0
[QUEUE_STATS] t_ms=0.007647 q_pkts=14 q_bytes=17248 ecn_mark=491 drop_l4s=0 drop_classic=886 drop_overload=0
[QUEUE_STATS] t_ms=0.007663 q_pkts=14 q_bytes=17248 ecn_mark=491 drop_l4s=0 drop_classic=888 drop_overload=0
[QUEUE_STATS] t_ms=0.007679 q_pkts=17 q_bytes=20944 ecn_mark=491 drop_l4s=0 drop_classic=888 drop_overload=0
[QUEUE_STATS] t_ms=0.007695 q_pkts=20 q_bytes=24640 ecn_mark=491 drop_l4s=0 drop_classic=888 drop_overload=0
[QUEUE_STATS] t_ms=0.007711 q_pkts=21 q_bytes=25872 ecn_mark=492 drop_l4s=0 drop_classic=890 drop_overload=0
[QUEUE_STATS] t_ms=0.007727 q_pkts=23 q_bytes=28336 ecn_mark=494 drop_l4s=0 drop_classic=890 drop_overload=0
[QUEUE_STATS] t_ms=0.007743 q_pkts=26 q_bytes=32304 ecn_mark=495 drop_l4s=0 drop_classic=891 drop_overload=0
[QUEUE_STATS] t_ms=0.007759 q_pkts=26 q_bytes=32032 ecn_mark=497 drop_l4s=0 drop_classic=893 drop_overload=0
[QUEUE_STATS] t_ms=0.007775 q_pkts=29 q_bytes=35728 ecn_mark=499 drop_l4s=0 drop_classic=893 drop_overload=0
[QUEUE_STATS] t_ms=0.007791 q_pkts=30 q_bytes=36960 ecn_mark=500 drop_l4s=0 drop_classic=894 drop_overload=0
[QUEUE_STATS] t_ms=0.007807 q_pkts=28 q_bytes=34558 ecn_mark=500 drop_l4s=0 drop_classic=898 drop_overload=0
[QUEUE_STATS] t_ms=0.007823 q_pkts=28 q_bytes=34496 ecn_mark=501 drop_l4s=0 drop_classic=900 drop_overload=0
[QUEUE_STATS] t_ms=0.007839 q_pkts=30 q_bytes=36960 ecn_mark=502 drop_l4s=0 drop_classic=900 drop_overload=0
[QUEUE_STATS] t_ms=0.007855 q_pkts=29 q_bytes=35707 ecn_mark=503 drop_l4s=0 drop_classic=903 drop_overload=0
[QUEUE_STATS] t_ms=0.007871 q_pkts=30 q_bytes=36960 ecn_mark=504 drop_l4s=0 drop_classic=904 drop_overload=0
[QUEUE_STATS] t_ms=0.007887 q_pkts=29 q_bytes=35728 ecn_mark=505 drop_l4s=0 drop_classic=906 drop_overload=0
[QUEUE_STATS] t_ms=0.007903 q_pkts=27 q_bytes=33014 ecn_mark=506 drop_l4s=0 drop_classic=910 drop_overload=0
[QUEUE_STATS] t_ms=0.007919 q_pkts=27 q_bytes=33264 ecn_mark=507 drop_l4s=0 drop_classic=912 drop_overload=0
[QUEUE_STATS] t_ms=0.007935 q_pkts=25 q_bytes=30800 ecn_mark=507 drop_l4s=0 drop_classic=916 drop_overload=0
[QUEUE_STATS] t_ms=0.007951 q_pkts=26 q_bytes=32032 ecn_mark=508 drop_l4s=0 drop_classic=917 drop_overload=0
[QUEUE_STATS] t_ms=0.007967 q_pkts=27 q_bytes=33264 ecn_mark=510 drop_l4s=0 drop_classic=918 drop_overload=0
[QUEUE_STATS] t_ms=0.007983 q_pkts=25 q_bytes=30800 ecn_mark=511 drop_l4s=0 drop_classic=921 drop_overload=0
[QUEUE_STATS] t_ms=0.007999 q_pkts=26 q_bytes=32032 ecn_mark=512 drop_l4s=0 drop_classic=922 drop_overload=0
[QUEUE_STATS] t_ms=0.008015 q_pkts=27 q_bytes=33264 ecn_mark=513 drop_l4s=0 drop_classic=923 drop_overload=0
[QUEUE_STATS] t_ms=0.008031 q_pkts=28 q_bytes=34496 ecn_mark=514 drop_l4s=0 drop_classic=923 drop_overload=0
[QUEUE_STATS] t_ms=0.008047 q_pkts=27 q_bytes=33264 ecn_mark=515 drop_l4s=0 drop_classic=926 drop_overload=0
[QUEUE_STATS] t_ms=0.008063 q_pkts=27 q_bytes=33264 ecn_mark=516 drop_l4s=0 drop_classic=927 drop_overload=0
[QUEUE_STATS] t_ms=0.008079 q_pkts=26 q_bytes=32032 ecn_mark=517 drop_l4s=0 drop_classic=929 drop_overload=0
[QUEUE_STATS] t_ms=0.008095 q_pkts=25 q_bytes=30800 ecn_mark=517 drop_l4s=0 drop_classic=931 drop_overload=0
[QUEUE_STATS] t_ms=0.008111 q_pkts=26 q_bytes=32032 ecn_mark=519 drop_l4s=0 drop_classic=932 drop_overload=0
[QUEUE_STATS] t_ms=0.008127 q_pkts=25 q_bytes=30800 ecn_mark=520 drop_l4s=0 drop_classic=934 drop_overload=0
[QUEUE_STATS] t_ms=0.008143 q_pkts=24 q_bytes=29568 ecn_mark=520 drop_l4s=0 drop_classic=936 drop_overload=0
[QUEUE_STATS] t_ms=0.008159 q_pkts=25 q_bytes=30800 ecn_mark=522 drop_l4s=0 drop_classic=937 drop_overload=0
[QUEUE_STATS] t_ms=0.008175 q_pkts=24 q_bytes=29568 ecn_mark=523 drop_l4s=0 drop_classic=939 drop_overload=0
[QUEUE_STATS] t_ms=0.008191 q_pkts=23 q_bytes=28336 ecn_mark=524 drop_l4s=0 drop_classic=941 drop_overload=0
[QUEUE_STATS] t_ms=0.008207 q_pkts=22 q_bytes=27104 ecn_mark=525 drop_l4s=0 drop_classic=943 drop_overload=0
[QUEUE_STATS] t_ms=0.008223 q_pkts=21 q_bytes=25872 ecn_mark=526 drop_l4s=0 drop_classic=946 drop_overload=0
[QUEUE_STATS] t_ms=0.008239 q_pkts=17 q_bytes=20113 ecn_mark=527 drop_l4s=0 drop_classic=950 drop_overload=0
[QUEUE_STATS] t_ms=0.008255 q_pkts=18 q_bytes=22176 ecn_mark=528 drop_l4s=0 drop_classic=950 drop_overload=0
[QUEUE_STATS] t_ms=0.008271 q_pkts=17 q_bytes=20944 ecn_mark=530 drop_l4s=0 drop_classic=953 drop_overload=0
[QUEUE_STATS] t_ms=0.008287 q_pkts=16 q_bytes=19712 ecn_mark=532 drop_l4s=0 drop_classic=955 drop_overload=0
[QUEUE_STATS] t_ms=0.008303 q_pkts=12 q_bytes=14784 ecn_mark=533 drop_l4s=0 drop_classic=961 drop_overload=0
[QUEUE_STATS] t_ms=0.008319 q_pkts=11 q_bytes=13552 ecn_mark=534 drop_l4s=0 drop_classic=963 drop_overload=0
[QUEUE_STATS] t_ms=0.008335 q_pkts=10 q_bytes=12320 ecn_mark=535 drop_l4s=0 drop_classic=966 drop_overload=0
[QUEUE_STATS] t_ms=0.008351 q_pkts=9 q_bytes=10356 ecn_mark=535 drop_l4s=0 drop_classic=967 drop_overload=0
[QUEUE_STATS] t_ms=0.008367 q_pkts=11 q_bytes=13552 ecn_mark=536 drop_l4s=0 drop_classic=967 drop_overload=0
[QUEUE_STATS] t_ms=0.008383 q_pkts=11 q_bytes=12902 ecn_mark=538 drop_l4s=0 drop_classic=969 drop_overload=0
[QUEUE_STATS] t_ms=0.008399 q_pkts=12 q_bytes=14784 ecn_mark=538 drop_l4s=0 drop_classic=969 drop_overload=0
[QUEUE_STATS] t_ms=0.008415 q_pkts=11 q_bytes=13552 ecn_mark=539 drop_l4s=0 drop_classic=972 drop_overload=0
[QUEUE_STATS] t_ms=0.008431 q_pkts=10 q_bytes=12320 ecn_mark=540 drop_l4s=0 drop_classic=975 drop_overload=0
[QUEUE_STATS] t_ms=0.008447 q_pkts=9 q_bytes=11088 ecn_mark=540 drop_l4s=0 drop_classic=978 drop_overload=0
[QUEUE_STATS] t_ms=0.008463 q_pkts=11 q_bytes=13338 ecn_mark=541 drop_l4s=0 drop_classic=979 drop_overload=0
[QUEUE_STATS] t_ms=0.008479 q_pkts=12 q_bytes=14784 ecn_mark=542 drop_l4s=0 drop_classic=979 drop_overload=0
[QUEUE_STATS] t_ms=0.008495 q_pkts=10 q_bytes=12320 ecn_mark=544 drop_l4s=0 drop_classic=983 drop_overload=0
[QUEUE_STATS] t_ms=0.008511 q_pkts=11 q_bytes=13552 ecn_mark=544 drop_l4s=0 drop_classic=983 drop_overload=0
[QUEUE_STATS] t_ms=0.008527 q_pkts=11 q_bytes=13552 ecn_mark=545 drop_l4s=0 drop_classic=985 drop_overload=0
[QUEUE_STATS] t_ms=0.008543 q_pkts=10 q_bytes=12320 ecn_mark=546 drop_l4s=0 drop_classic=988 drop_overload=0
[QUEUE_STATS] t_ms=0.008559 q_pkts=12 q_bytes=14784 ecn_mark=547 drop_l4s=0 drop_classic=989 drop_overload=0
[QUEUE_STATS] t_ms=0.008575 q_pkts=12 q_bytes=14784 ecn_mark=547 drop_l4s=0 drop_classic=990 drop_overload=0
[QUEUE_STATS] t_ms=0.008591 q_pkts=14 q_bytes=17520 ecn_mark=548 drop_l4s=0 drop_classic=991 drop_overload=0
[QUEUE_STATS] t_ms=0.008607 q_pkts=16 q_bytes=19712 ecn_mark=550 drop_l4s=0 drop_classic=991 drop_overload=0
[QUEUE_STATS] t_ms=0.008623 q_pkts=13 q_bytes=16016 ecn_mark=551 drop_l4s=0 drop_classic=995 drop_overload=0
[QUEUE_STATS] t_ms=0.008639 q_pkts=14 q_bytes=17248 ecn_mark=551 drop_l4s=0 drop_classic=996 drop_overload=0
[QUEUE_STATS] t_ms=0.008655 q_pkts=16 q_bytes=19659 ecn_mark=552 drop_l4s=0 drop_classic=996 drop_overload=0
[QUEUE_STATS] t_ms=0.008671 q_pkts=15 q_bytes=18480 ecn_mark=553 drop_l4s=0 drop_classic=998 drop_overload=0
[QUEUE_STATS] t_ms=0.008687 q_pkts=14 q_bytes=17248 ecn_mark=554 drop_l4s=0 drop_classic=1000 drop_overload=0
[QUEUE_STATS] t_ms=0.008703 q_pkts=14 q_bytes=17248 ecn_mark=556 drop_l4s=0 drop_classic=1002 drop_overload=0
[QUEUE_STATS] t_ms=0.008719 q_pkts=13 q_bytes=16016 ecn_mark=556 drop_l4s=0 drop_classic=1004 drop_overload=0
[QUEUE_STATS] t_ms=0.008735 q_pkts=14 q_bytes=17248 ecn_mark=558 drop_l4s=0 drop_classic=1005 drop_overload=0
[QUEUE_STATS] t_ms=0.008751 q_pkts=13 q_bytes=16016 ecn_mark=559 drop_l4s=0 drop_classic=1007 drop_overload=0
[QUEUE_STATS] t_ms=0.008767 q_pkts=12 q_bytes=14784 ecn_mark=560 drop_l4s=0 drop_classic=1010 drop_overload=0
[QUEUE_STATS] t_ms=0.008783 q_pkts=12 q_bytes=14784 ecn_mark=560 drop_l4s=0 drop_classic=1011 drop_overload=0
[QUEUE_STATS] t_ms=0.008799 q_pkts=12 q_bytes=14784 ecn_mark=561 drop_l4s=0 drop_classic=1012 drop_overload=0
[QUEUE_STATS] t_ms=0.008815 q_pkts=13 q_bytes=16016 ecn_mark=561 drop_l4s=0 drop_classic=1013 drop_overload=0
[QUEUE_STATS] t_ms=0.008831 q_pkts=15 q_bytes=18480 ecn_mark=563 drop_l4s=0 drop_classic=1013 drop_overload=0
[QUEUE_STATS] t_ms=0.008847 q_pkts=13 q_bytes=15785 ecn_mark=563 drop_l4s=0 drop_classic=1017 drop_overload=0
[QUEUE_STATS] t_ms=0.008863 q_pkts=13 q_bytes=16016 ecn_mark=564 drop_l4s=0 drop_classic=1018 drop_overload=0
[QUEUE_STATS] t_ms=0.008879 q_pkts=13 q_bytes=16016 ecn_mark=566 drop_l4s=0 drop_classic=1020 drop_overload=0
[QUEUE_STATS] t_ms=0.008895 q_pkts=13 q_bytes=16016 ecn_mark=567 drop_l4s=0 drop_classic=1022 drop_overload=0
[QUEUE_STATS] t_ms=0.008911 q_pkts=12 q_bytes=14784 ecn_mark=568 drop_l4s=0 drop_classic=1024 drop_overload=0
[QUEUE_STATS] t_ms=0.008927 q_pkts=11 q_bytes=13552 ecn_mark=569 drop_l4s=0 drop_classic=1027 drop_overload=0
[QUEUE_STATS] t_ms=0.008943 q_pkts=10 q_bytes=12320 ecn_mark=571 drop_l4s=0 drop_classic=1030 drop_overload=0
[QUEUE_STATS] t_ms=0.008959 q_pkts=10 q_bytes=12320 ecn_mark=572 drop_l4s=0 drop_classic=1031 drop_overload=0
[QUEUE_STATS] t_ms=0.008975 q_pkts=11 q_bytes=13552 ecn_mark=572 drop_l4s=0 drop_classic=1031 drop_overload=0
[QUEUE_STATS] t_ms=0.008991 q_pkts=11 q_bytes=13552 ecn_mark=572 drop_l4s=0 drop_classic=1033 drop_overload=0
[QUEUE_STATS] t_ms=0.009007 q_pkts=11 q_bytes=13552 ecn_mark=573 drop_l4s=0 drop_classic=1035 drop_overload=0
[QUEUE_STATS] t_ms=0.009023 q_pkts=12 q_bytes=14784 ecn_mark=575 drop_l4s=0 drop_classic=1036 drop_overload=0
[QUEUE_STATS] t_ms=0.009039 q_pkts=14 q_bytes=16965 ecn_mark=576 drop_l4s=0 drop_classic=1036 drop_overload=0
[QUEUE_STATS] t_ms=0.009055 q_pkts=14 q_bytes=17248 ecn_mark=577 drop_l4s=0 drop_classic=1037 drop_overload=0
[QUEUE_STATS] t_ms=0.009071 q_pkts=14 q_bytes=17248 ecn_mark=578 drop_l4s=0 drop_classic=1039 drop_overload=0
[QUEUE_STATS] t_ms=0.009087 q_pkts=13 q_bytes=16016 ecn_mark=579 drop_l4s=0 drop_classic=1042 drop_overload=0
[QUEUE_STATS] t_ms=0.009103 q_pkts=13 q_bytes=16016 ecn_mark=580 drop_l4s=0 drop_classic=1044 drop_overload=0
[QUEUE_STATS] t_ms=0.009119 q_pkts=11 q_bytes=13552 ecn_mark=580 drop_l4s=0 drop_classic=1047 drop_overload=0
[QUEUE_STATS] t_ms=0.009135 q_pkts=12 q_bytes=14784 ecn_mark=581 drop_l4s=0 drop_classic=1048 drop_overload=0
[QUEUE_STATS] t_ms=0.009151 q_pkts=11 q_bytes=13552 ecn_mark=582 drop_l4s=0 drop_classic=1050 drop_overload=0
[QUEUE_STATS] t_ms=0.009167 q_pkts=13 q_bytes=15871 ecn_mark=583 drop_l4s=0 drop_classic=1050 drop_overload=0
[QUEUE_STATS] t_ms=0.009183 q_pkts=10 q_bytes=12320 ecn_mark=584 drop_l4s=0 drop_classic=1054 drop_overload=0
[QUEUE_STATS] t_ms=0.009199 q_pkts=10 q_bytes=12320 ecn_mark=585 drop_l4s=0 drop_classic=1055 drop_overload=0
[QUEUE_STATS] t_ms=0.009215 q_pkts=11 q_bytes=13552 ecn_mark=586 drop_l4s=0 drop_classic=1056 drop_overload=0
[QUEUE_STATS] t_ms=0.009231 q_pkts=9 q_bytes=11088 ecn_mark=588 drop_l4s=0 drop_classic=1059 drop_overload=0
[QUEUE_STATS] t_ms=0.009247 q_pkts=9 q_bytes=11088 ecn_mark=588 drop_l4s=0 drop_classic=1060 drop_overload=0
[QUEUE_STATS] t_ms=0.009263 q_pkts=8 q_bytes=9856 ecn_mark=589 drop_l4s=0 drop_classic=1063 drop_overload=0
[QUEUE_STATS] t_ms=0.009279 q_pkts=8 q_bytes=9856 ecn_mark=589 drop_l4s=0 drop_classic=1064 drop_overload=0
[QUEUE_STATS] t_ms=0.009295 q_pkts=11 q_bytes=13552 ecn_mark=589 drop_l4s=0 drop_classic=1064 drop_overload=0
[QUEUE_STATS] t_ms=0.009311 q_pkts=10 q_bytes=12320 ecn_mark=590 drop_l4s=0 drop_classic=1067 drop_overload=0
[QUEUE_STATS] t_ms=0.009327 q_pkts=10 q_bytes=12320 ecn_mark=591 drop_l4s=0 drop_classic=1069 drop_overload=0
[QUEUE_STATS] t_ms=0.009343 q_pkts=11 q_bytes=13824 ecn_mark=591 drop_l4s=0 drop_classic=1069 drop_overload=0
[QUEUE_STATS] t_ms=0.009359 q_pkts=14 q_bytes=17248 ecn_mark=592 drop_l4s=0 drop_classic=1070 drop_overload=0
[QUEUE_STATS] t_ms=0.009375 q_pkts=16 q_bytes=19984 ecn_mark=592 drop_l4s=0 drop_classic=1070 drop_overload=0
[QUEUE_STATS] t_ms=0.009391 q_pkts=18 q_bytes=22176 ecn_mark=593 drop_l4s=0 drop_classic=1070 drop_overload=0
[QUEUE_STATS] t_ms=0.009407 q_pkts=17 q_bytes=20944 ecn_mark=593 drop_l4s=0 drop_classic=1074 drop_overload=0
[QUEUE_STATS] t_ms=0.009423 q_pkts=18 q_bytes=22176 ecn_mark=595 drop_l4s=0 drop_classic=1076 drop_overload=0
[QUEUE_STATS] t_ms=0.009439 q_pkts=17 q_bytes=20944 ecn_mark=595 drop_l4s=0 drop_classic=1078 drop_overload=0
[QUEUE_STATS] t_ms=0.009455 q_pkts=17 q_bytes=20944 ecn_mark=595 drop_l4s=0 drop_classic=1081 drop_overload=0
[QUEUE_STATS] t_ms=0.009471 q_pkts=19 q_bytes=23408 ecn_mark=596 drop_l4s=0 drop_classic=1082 drop_overload=0
[QUEUE_STATS] t_ms=0.009487 q_pkts=21 q_bytes=26144 ecn_mark=596 drop_l4s=0 drop_classic=1083 drop_overload=0
[QUEUE_STATS] t_ms=0.009503 q_pkts=22 q_bytes=27104 ecn_mark=598 drop_l4s=0 drop_classic=1084 drop_overload=0
[QUEUE_STATS] t_ms=0.009519 q_pkts=23 q_bytes=28336 ecn_mark=600 drop_l4s=0 drop_classic=1086 drop_overload=0
[QUEUE_STATS] t_ms=0.009535 q_pkts=22 q_bytes=27104 ecn_mark=600 drop_l4s=0 drop_classic=1088 drop_overload=0
[QUEUE_STATS] t_ms=0.009551 q_pkts=24 q_bytes=29840 ecn_mark=601 drop_l4s=0 drop_classic=1089 drop_overload=0
[QUEUE_STATS] t_ms=0.009567 q_pkts=26 q_bytes=32032 ecn_mark=603 drop_l4s=0 drop_classic=1089 drop_overload=0
[QUEUE_STATS] t_ms=0.009583 q_pkts=27 q_bytes=33264 ecn_mark=603 drop_l4s=0 drop_classic=1090 drop_overload=0
[QUEUE_STATS] t_ms=0.009599 q_pkts=27 q_bytes=33264 ecn_mark=604 drop_l4s=0 drop_classic=1091 drop_overload=0
[QUEUE_STATS] t_ms=0.009615 q_pkts=27 q_bytes=33264 ecn_mark=605 drop_l4s=0 drop_classic=1093 drop_overload=0
[QUEUE_STATS] t_ms=0.009631 q_pkts=27 q_bytes=33264 ecn_mark=605 drop_l4s=0 drop_classic=1095 drop_overload=0
[QUEUE_STATS] t_ms=0.009647 q_pkts=28 q_bytes=34496 ecn_mark=605 drop_l4s=0 drop_classic=1096 drop_overload=0
[QUEUE_STATS] t_ms=0.009663 q_pkts=31 q_bytes=38192 ecn_mark=606 drop_l4s=0 drop_classic=1096 drop_overload=0
[QUEUE_STATS] t_ms=0.009679 q_pkts=31 q_bytes=38464 ecn_mark=607 drop_l4s=0 drop_classic=1097 drop_overload=0
[QUEUE_STATS] t_ms=0.009695 q_pkts=34 q_bytes=41888 ecn_mark=609 drop_l4s=0 drop_classic=1097 drop_overload=0
[QUEUE_STATS] t_ms=0.009711 q_pkts=33 q_bytes=40656 ecn_mark=610 drop_l4s=0 drop_classic=1100 drop_overload=0
[QUEUE_STATS] t_ms=0.009727 q_pkts=32 q_bytes=39424 ecn_mark=611 drop_l4s=0 drop_classic=1104 drop_overload=0
[QUEUE_STATS] t_ms=0.009743 q_pkts=32 q_bytes=39424 ecn_mark=612 drop_l4s=0 drop_classic=1106 drop_overload=0
[QUEUE_STATS] t_ms=0.009759 q_pkts=31 q_bytes=38192 ecn_mark=613 drop_l4s=0 drop_classic=1108 drop_overload=0
[QUEUE_STATS] t_ms=0.009775 q_pkts=32 q_bytes=39424 ecn_mark=614 drop_l4s=0 drop_classic=1109 drop_overload=0
[QUEUE_STATS] t_ms=0.009791 q_pkts=30 q_bytes=36960 ecn_mark=615 drop_l4s=0 drop_classic=1113 drop_overload=0
[QUEUE_STATS] t_ms=0.009807 q_pkts=27 q_bytes=33264 ecn_mark=617 drop_l4s=0 drop_classic=1117 drop_overload=0
[QUEUE_STATS] t_ms=0.009823 q_pkts=26 q_bytes=32032 ecn_mark=617 drop_l4s=0 drop_classic=1119 drop_overload=0
[QUEUE_STATS] t_ms=0.009839 q_pkts=28 q_bytes=33902 ecn_mark=619 drop_l4s=0 drop_classic=1120 drop_overload=0
[QUEUE_STATS] t_ms=0.009855 q_pkts=26 q_bytes=32032 ecn_mark=621 drop_l4s=0 drop_classic=1122 drop_overload=0
[QUEUE_STATS] t_ms=0.009871 q_pkts=26 q_bytes=32032 ecn_mark=621 drop_l4s=0 drop_classic=1124 drop_overload=0
[QUEUE_STATS] t_ms=0.009887 q_pkts=24 q_bytes=29568 ecn_mark=621 drop_l4s=0 drop_classic=1127 drop_overload=0
[QUEUE_STATS] t_ms=0.009903 q_pkts=26 q_bytes=32032 ecn_mark=623 drop_l4s=0 drop_classic=1128 drop_overload=0
[QUEUE_STATS] t_ms=0.009919 q_pkts=21 q_bytes=25872 ecn_mark=625 drop_l4s=0 drop_classic=1135 drop_overload=0
[QUEUE_STATS] t_ms=0.009935 q_pkts=21 q_bytes=25872 ecn_mark=625 drop_l4s=0 drop_classic=1136 drop_overload=0
[QUEUE_STATS] t_ms=0.009951 q_pkts=22 q_bytes=27104 ecn_mark=625 drop_l4s=0 drop_classic=1137 drop_overload=0
[QUEUE_STATS] t_ms=0.009967 q_pkts=22 q_bytes=27104 ecn_mark=625 drop_l4s=0 drop_classic=1140 drop_overload=0
[QUEUE_STATS] t_ms=0.009983 q_pkts=24 q_bytes=29568 ecn_mark=625 drop_l4s=0 drop_classic=1141 drop_overload=0
[QUEUE_STATS] t_ms=0.009999 q_pkts=27 q_bytes=33536 ecn_mark=627 drop_l4s=0 drop_classic=1141 drop_overload=0
[QUEUE_STATS] t_ms=0.010015 q_pkts=27 q_bytes=33264 ecn_mark=629 drop_l4s=0 drop_classic=1143 drop_overload=0
[QUEUE_STATS] t_ms=0.010031 q_pkts=27 q_bytes=33264 ecn_mark=631 drop_l4s=0 drop_classic=1146 drop_overload=0
[QUEUE_STATS] t_ms=0.010047 q_pkts=28 q_bytes=34496 ecn_mark=632 drop_l4s=0 drop_classic=1146 drop_overload=0
[QUEUE_STATS] t_ms=0.010063 q_pkts=27 q_bytes=32950 ecn_mark=633 drop_l4s=0 drop_classic=1148 drop_overload=0
[QUEUE_STATS] t_ms=0.010079 q_pkts=27 q_bytes=33264 ecn_mark=635 drop_l4s=0 drop_classic=1151 drop_overload=0
[QUEUE_STATS] t_ms=0.010095 q_pkts=27 q_bytes=33264 ecn_mark=636 drop_l4s=0 drop_classic=1152 drop_overload=0
[QUEUE_STATS] t_ms=0.010111 q_pkts=25 q_bytes=30800 ecn_mark=638 drop_l4s=0 drop_classic=1155 drop_overload=0
[QUEUE_STATS] t_ms=0.010127 q_pkts=24 q_bytes=29568 ecn_mark=638 drop_l4s=0 drop_classic=1157 drop_overload=0
[QUEUE_STATS] t_ms=0.010143 q_pkts=25 q_bytes=30800 ecn_mark=639 drop_l4s=0 drop_classic=1158 drop_overload=0
[QUEUE_STATS] t_ms=0.010159 q_pkts=25 q_bytes=30800 ecn_mark=640 drop_l4s=0 drop_classic=1160 drop_overload=0
[QUEUE_STATS] t_ms=0.010175 q_pkts=24 q_bytes=29568 ecn_mark=640 drop_l4s=0 drop_classic=1162 drop_overload=0
[QUEUE_STATS] t_ms=0.010191 q_pkts=24 q_bytes=29568 ecn_mark=641 drop_l4s=0 drop_classic=1163 drop_overload=0
[QUEUE_STATS] t_ms=0.010207 q_pkts=27 q_bytes=33264 ecn_mark=642 drop_l4s=0 drop_classic=1163 drop_overload=0
[QUEUE_STATS] t_ms=0.010223 q_pkts=26 q_bytes=32032 ecn_mark=643 drop_l4s=0 drop_classic=1165 drop_overload=0
[QUEUE_STATS] t_ms=0.010239 q_pkts=24 q_bytes=29568 ecn_mark=643 drop_l4s=0 drop_classic=1168 drop_overload=0
[QUEUE_STATS] t_ms=0.010255 q_pkts=23 q_bytes=28336 ecn_mark=644 drop_l4s=0 drop_classic=1171 drop_overload=0
[QUEUE_STATS] t_ms=0.010271 q_pkts=23 q_bytes=28336 ecn_mark=646 drop_l4s=0 drop_classic=1174 drop_overload=0
[QUEUE_STATS] t_ms=0.010287 q_pkts=25 q_bytes=30800 ecn_mark=647 drop_l4s=0 drop_classic=1174 drop_overload=0
[QUEUE_STATS] t_ms=0.010303 q_pkts=22 q_bytes=27104 ecn_mark=648 drop_l4s=0 drop_classic=1178 drop_overload=0
[QUEUE_STATS] t_ms=0.010319 q_pkts=20 q_bytes=24640 ecn_mark=649 drop_l4s=0 drop_classic=1181 drop_overload=0
[QUEUE_STATS] t_ms=0.010335 q_pkts=20 q_bytes=24640 ecn_mark=651 drop_l4s=0 drop_classic=1182 drop_overload=0
[QUEUE_STATS] t_ms=0.010351 q_pkts=21 q_bytes=25872 ecn_mark=652 drop_l4s=0 drop_classic=1182 drop_overload=0
[QUEUE_STATS] t_ms=0.010367 q_pkts=22 q_bytes=27104 ecn_mark=653 drop_l4s=0 drop_classic=1182 drop_overload=0
[QUEUE_STATS] t_ms=0.010383 q_pkts=19 q_bytes=23408 ecn_mark=655 drop_l4s=0 drop_classic=1186 drop_overload=0
[QUEUE_STATS] t_ms=0.010399 q_pkts=18 q_bytes=22176 ecn_mark=657 drop_l4s=0 drop_classic=1188 drop_overload=0
[QUEUE_STATS] t_ms=0.010415 q_pkts=20 q_bytes=24163 ecn_mark=657 drop_l4s=0 drop_classic=1188 drop_overload=0
[QUEUE_STATS] t_ms=0.010431 q_pkts=16 q_bytes=19712 ecn_mark=658 drop_l4s=0 drop_classic=1192 drop_overload=0
[QUEUE_STATS] t_ms=0.010447 q_pkts=16 q_bytes=19712 ecn_mark=659 drop_l4s=0 drop_classic=1193 drop_overload=0
[QUEUE_STATS] t_ms=0.010463 q_pkts=17 q_bytes=20944 ecn_mark=660 drop_l4s=0 drop_classic=1194 drop_overload=0
[QUEUE_STATS] t_ms=0.010479 q_pkts=16 q_bytes=19712 ecn_mark=662 drop_l4s=0 drop_classic=1196 drop_overload=0
[QUEUE_STATS] t_ms=0.010495 q_pkts=15 q_bytes=18480 ecn_mark=663 drop_l4s=0 drop_classic=1199 drop_overload=0
[QUEUE_STATS] t_ms=0.010511 q_pkts=15 q_bytes=18480 ecn_mark=664 drop_l4s=0 drop_classic=1200 drop_overload=0
[QUEUE_STATS] t_ms=0.010527 q_pkts=15 q_bytes=18480 ecn_mark=665 drop_l4s=0 drop_classic=1202 drop_overload=0
[QUEUE_STATS] t_ms=0.010543 q_pkts=15 q_bytes=18480 ecn_mark=666 drop_l4s=0 drop_classic=1204 drop_overload=0
[QUEUE_STATS] t_ms=0.010559 q_pkts=13 q_bytes=16016 ecn_mark=666 drop_l4s=0 drop_classic=1207 drop_overload=0
[QUEUE_STATS] t_ms=0.010575 q_pkts=14 q_bytes=17248 ecn_mark=667 drop_l4s=0 drop_classic=1208 drop_overload=0
[QUEUE_STATS] t_ms=0.010591 q_pkts=15 q_bytes=18480 ecn_mark=669 drop_l4s=0 drop_classic=1209 drop_overload=0
[QUEUE_STATS] t_ms=0.010607 q_pkts=15 q_bytes=18480 ecn_mark=670 drop_l4s=0 drop_classic=1210 drop_overload=0
[QUEUE_STATS] t_ms=0.010623 q_pkts=16 q_bytes=19712 ecn_mark=672 drop_l4s=0 drop_classic=1210 drop_overload=0
[QUEUE_STATS] t_ms=0.010639 q_pkts=14 q_bytes=17248 ecn_mark=673 drop_l4s=0 drop_classic=1213 drop_overload=0
[QUEUE_STATS] t_ms=0.010655 q_pkts=14 q_bytes=17248 ecn_mark=674 drop_l4s=0 drop_classic=1214 drop_overload=0
[QUEUE_STATS] t_ms=0.010671 q_pkts=14 q_bytes=16500 ecn_mark=675 drop_l4s=0 drop_classic=1215 drop_overload=0
[QUEUE_STATS] t_ms=0.010687 q_pkts=16 q_bytes=19712 ecn_mark=677 drop_l4s=0 drop_classic=1215 drop_overload=0
[QUEUE_STATS] t_ms=0.010703 q_pkts=15 q_bytes=18480 ecn_mark=678 drop_l4s=0 drop_classic=1217 drop_overload=0
[QUEUE_STATS] t_ms=0.010719 q_pkts=17 q_bytes=20944 ecn_mark=679 drop_l4s=0 drop_classic=1217 drop_overload=0
[QUEUE_STATS] t_ms=0.010735 q_pkts=16 q_bytes=19712 ecn_mark=680 drop_l4s=0 drop_classic=1220 drop_overload=0
[QUEUE_STATS] t_ms=0.010751 q_pkts=16 q_bytes=19712 ecn_mark=680 drop_l4s=0 drop_classic=1221 drop_overload=0
[QUEUE_STATS] t_ms=0.010767 q_pkts=17 q_bytes=20944 ecn_mark=680 drop_l4s=0 drop_classic=1222 drop_overload=0
[QUEUE_STATS] t_ms=0.010783 q_pkts=19 q_bytes=23408 ecn_mark=682 drop_l4s=0 drop_classic=1222 drop_overload=0
[QUEUE_STATS] t_ms=0.010799 q_pkts=17 q_bytes=20944 ecn_mark=682 drop_l4s=0 drop_classic=1225 drop_overload=0
[QUEUE_STATS] t_ms=0.010815 q_pkts=17 q_bytes=20944 ecn_mark=684 drop_l4s=0 drop_classic=1227 drop_overload=0
[QUEUE_STATS] t_ms=0.010831 q_pkts=16 q_bytes=19712 ecn_mark=684 drop_l4s=0 drop_classic=1229 drop_overload=0
[QUEUE_STATS] t_ms=0.010847 q_pkts=17 q_bytes=20944 ecn_mark=686 drop_l4s=0 drop_classic=1230 drop_overload=0
[QUEUE_STATS] t_ms=0.010863 q_pkts=16 q_bytes=19712 ecn_mark=687 drop_l4s=0 drop_classic=1233 drop_overload=0
[QUEUE_STATS] t_ms=0.010879 q_pkts=17 q_bytes=20944 ecn_mark=688 drop_l4s=0 drop_classic=1234 drop_overload=0
[QUEUE_STATS] t_ms=0.010895 q_pkts=17 q_bytes=20944 ecn_mark=689 drop_l4s=0 drop_classic=1235 drop_overload=0
[QUEUE_STATS] t_ms=0.010911 q_pkts=18 q_bytes=22176 ecn_mark=690 drop_l4s=0 drop_classic=1236 drop_overload=0
[QUEUE_STATS] t_ms=0.010927 q_pkts=17 q_bytes=20944 ecn_mark=690 drop_l4s=0 drop_classic=1238 drop_overload=0
[QUEUE_STATS] t_ms=0.010943 q_pkts=18 q_bytes=22176 ecn_mark=691 drop_l4s=0 drop_classic=1238 drop_overload=0
[QUEUE_STATS] t_ms=0.010959 q_pkts=16 q_bytes=19712 ecn_mark=693 drop_l4s=0 drop_classic=1241 drop_overload=0
[QUEUE_STATS] t_ms=0.010975 q_pkts=17 q_bytes=20944 ecn_mark=694 drop_l4s=0 drop_classic=1242 drop_overload=0
[QUEUE_STATS] t_ms=0.010991 q_pkts=11 q_bytes=13552 ecn_mark=695 drop_l4s=0 drop_classic=1249 drop_overload=0
[QUEUE_STATS] t_ms=0.011007 q_pkts=11 q_bytes=13552 ecn_mark=696 drop_l4s=0 drop_classic=1251 drop_overload=0
[QUEUE_STATS] t_ms=0.011023 q_pkts=13 q_bytes=16016 ecn_mark=697 drop_l4s=0 drop_classic=1251 drop_overload=0
[QUEUE_STATS] t_ms=0.011039 q_pkts=13 q_bytes=16016 ecn_mark=698 drop_l4s=0 drop_classic=1252 drop_overload=0
[QUEUE_STATS] t_ms=0.011055 q_pkts=14 q_bytes=17248 ecn_mark=699 drop_l4s=0 drop_classic=1252 drop_overload=0
[QUEUE_STATS] t_ms=0.011071 q_pkts=13 q_bytes=16016 ecn_mark=700 drop_l4s=0 drop_classic=1255 drop_overload=0
[QUEUE_STATS] t_ms=0.011087 q_pkts=13 q_bytes=15541 ecn_mark=701 drop_l4s=0 drop_classic=1257 drop_overload=0
[QUEUE_STATS] t_ms=0.011103 q_pkts=14 q_bytes=17248 ecn_mark=703 drop_l4s=0 drop_classic=1257 drop_overload=0
[QUEUE_STATS] t_ms=0.011119 q_pkts=14 q_bytes=16528 ecn_mark=704 drop_l4s=0 drop_classic=1258 drop_overload=0
[QUEUE_STATS] t_ms=0.011135 q_pkts=14 q_bytes=17248 ecn_mark=706 drop_l4s=0 drop_classic=1259 drop_overload=0
[QUEUE_STATS] t_ms=0.011151 q_pkts=15 q_bytes=17589 ecn_mark=707 drop_l4s=0 drop_classic=1260 drop_overload=0
[QUEUE_STATS] t_ms=0.011167 q_pkts=15 q_bytes=18480 ecn_mark=707 drop_l4s=0 drop_classic=1260 drop_overload=0
[QUEUE_STATS] t_ms=0.011183 q_pkts=16 q_bytes=19712 ecn_mark=709 drop_l4s=0 drop_classic=1261 drop_overload=0
[QUEUE_STATS] t_ms=0.011199 q_pkts=18 q_bytes=22176 ecn_mark=710 drop_l4s=0 drop_classic=1261 drop_overload=0
[QUEUE_STATS] t_ms=0.011215 q_pkts=18 q_bytes=22176 ecn_mark=710 drop_l4s=0 drop_classic=1262 drop_overload=0
[QUEUE_STATS] t_ms=0.011231 q_pkts=15 q_bytes=18480 ecn_mark=711 drop_l4s=0 drop_classic=1267 drop_overload=0
[QUEUE_STATS] t_ms=0.011247 q_pkts=15 q_bytes=18480 ecn_mark=711 drop_l4s=0 drop_classic=1270 drop_overload=0
[QUEUE_STATS] t_ms=0.011263 q_pkts=12 q_bytes=14784 ecn_mark=711 drop_l4s=0 drop_classic=1275 drop_overload=0
[QUEUE_STATS] t_ms=0.011279 q_pkts=14 q_bytes=17248 ecn_mark=712 drop_l4s=0 drop_classic=1275 drop_overload=0
[QUEUE_STATS] t_ms=0.011295 q_pkts=16 q_bytes=19712 ecn_mark=712 drop_l4s=0 drop_classic=1276 drop_overload=0
[QUEUE_STATS] t_ms=0.011311 q_pkts=18 q_bytes=22176 ecn_mark=713 drop_l4s=0 drop_classic=1277 drop_overload=0
[QUEUE_STATS] t_ms=0.011327 q_pkts=20 q_bytes=24640 ecn_mark=713 drop_l4s=0 drop_classic=1278 drop_overload=0
[QUEUE_STATS] t_ms=0.011343 q_pkts=21 q_bytes=25872 ecn_mark=714 drop_l4s=0 drop_classic=1280 drop_overload=0
[QUEUE_STATS] t_ms=0.011359 q_pkts=22 q_bytes=27104 ecn_mark=715 drop_l4s=0 drop_classic=1282 drop_overload=0
[QUEUE_STATS] t_ms=0.011375 q_pkts=25 q_bytes=31072 ecn_mark=715 drop_l4s=0 drop_classic=1282 drop_overload=0
[QUEUE_STATS] t_ms=0.011391 q_pkts=24 q_bytes=29840 ecn_mark=716 drop_l4s=0 drop_classic=1286 drop_overload=0
[QUEUE_STATS] t_ms=0.011407 q_pkts=21 q_bytes=25872 ecn_mark=718 drop_l4s=0 drop_classic=1290 drop_overload=0
[QUEUE_STATS] t_ms=0.011423 q_pkts=23 q_bytes=28336 ecn_mark=720 drop_l4s=0 drop_classic=1291 drop_overload=0
[QUEUE_STATS] t_ms=0.011439 q_pkts=25 q_bytes=30800 ecn_mark=720 drop_l4s=0 drop_classic=1291 drop_overload=0
[QUEUE_STATS] t_ms=0.011455 q_pkts=26 q_bytes=32204 ecn_mark=721 drop_l4s=0 drop_classic=1293 drop_overload=0
[QUEUE_STATS] t_ms=0.011471 q_pkts=24 q_bytes=29568 ecn_mark=722 drop_l4s=0 drop_classic=1295 drop_overload=0
[QUEUE_STATS] t_ms=0.011487 q_pkts=24 q_bytes=29568 ecn_mark=723 drop_l4s=0 drop_classic=1298 drop_overload=0
[QUEUE_STATS] t_ms=0.011503 q_pkts=25 q_bytes=30800 ecn_mark=725 drop_l4s=0 drop_classic=1299 drop_overload=0
[QUEUE_STATS] t_ms=0.011519 q_pkts=26 q_bytes=31934 ecn_mark=726 drop_l4s=0 drop_classic=1300 drop_overload=0
[QUEUE_STATS] t_ms=0.011535 q_pkts=26 q_bytes=31607 ecn_mark=727 drop_l4s=0 drop_classic=1302 drop_overload=0
[QUEUE_STATS] t_ms=0.011551 q_pkts=24 q_bytes=29568 ecn_mark=729 drop_l4s=0 drop_classic=1305 drop_overload=0
[QUEUE_STATS] t_ms=0.011567 q_pkts=23 q_bytes=28336 ecn_mark=730 drop_l4s=0 drop_classic=1306 drop_overload=0
[QUEUE_STATS] t_ms=0.011583 q_pkts=23 q_bytes=28336 ecn_mark=731 drop_l4s=0 drop_classic=1307 drop_overload=0
[QUEUE_STATS] t_ms=0.011599 q_pkts=23 q_bytes=28336 ecn_mark=731 drop_l4s=0 drop_classic=1308 drop_overload=0
[QUEUE_STATS] t_ms=0.011615 q_pkts=25 q_bytes=30800 ecn_mark=732 drop_l4s=0 drop_classic=1309 drop_overload=0
[QUEUE_STATS] t_ms=0.011631 q_pkts=25 q_bytes=30800 ecn_mark=733 drop_l4s=0 drop_classic=1310 drop_overload=0
[QUEUE_STATS] t_ms=0.011647 q_pkts=24 q_bytes=29568 ecn_mark=734 drop_l4s=0 drop_classic=1312 drop_overload=0
[QUEUE_STATS] t_ms=0.011663 q_pkts=21 q_bytes=25872 ecn_mark=735 drop_l4s=0 drop_classic=1316 drop_overload=0
[QUEUE_STATS] t_ms=0.011679 q_pkts=22 q_bytes=26545 ecn_mark=736 drop_l4s=0 drop_classic=1316 drop_overload=0
[QUEUE_STATS] t_ms=0.011695 q_pkts=22 q_bytes=27104 ecn_mark=737 drop_l4s=0 drop_classic=1318 drop_overload=0
[QUEUE_STATS] t_ms=0.011711 q_pkts=23 q_bytes=28336 ecn_mark=738 drop_l4s=0 drop_classic=1318 drop_overload=0
[QUEUE_STATS] t_ms=0.011727 q_pkts=23 q_bytes=28336 ecn_mark=738 drop_l4s=0 drop_classic=1320 drop_overload=0
[QUEUE_STATS] t_ms=0.011743 q_pkts=25 q_bytes=30800 ecn_mark=739 drop_l4s=0 drop_classic=1320 drop_overload=0
[QUEUE_STATS] t_ms=0.011759 q_pkts=26 q_bytes=32032 ecn_mark=740 drop_l4s=0 drop_classic=1321 drop_overload=0
[QUEUE_STATS] t_ms=0.011775 q_pkts=22 q_bytes=27104 ecn_mark=741 drop_l4s=0 drop_classic=1326 drop_overload=0
[QUEUE_STATS] t_ms=0.011791 q_pkts=22 q_bytes=27104 ecn_mark=741 drop_l4s=0 drop_classic=1327 drop_overload=0
[QUEUE_STATS] t_ms=0.011807 q_pkts=21 q_bytes=25872 ecn_mark=743 drop_l4s=0 drop_classic=1330 drop_overload=0
[QUEUE_STATS] t_ms=0.011823 q_pkts=19 q_bytes=23408 ecn_mark=745 drop_l4s=0 drop_classic=1333 drop_overload=0
[QUEUE_STATS] t_ms=0.011839 q_pkts=18 q_bytes=22176 ecn_mark=745 drop_l4s=0 drop_classic=1335 drop_overload=0
[QUEUE_STATS] t_ms=0.011855 q_pkts=19 q_bytes=22765 ecn_mark=747 drop_l4s=0 drop_classic=1337 drop_overload=0
[QUEUE_STATS] t_ms=0.011871 q_pkts=17 q_bytes=20944 ecn_mark=749 drop_l4s=0 drop_classic=1339 drop_overload=0
[QUEUE_STATS] t_ms=0.011887 q_pkts=17 q_bytes=20944 ecn_mark=749 drop_l4s=0 drop_classic=1341 drop_overload=0
[QUEUE_STATS] t_ms=0.011903 q_pkts=17 q_bytes=20944 ecn_mark=749 drop_l4s=0 drop_classic=1342 drop_overload=0
[QUEUE_STATS] t_ms=0.011919 q_pkts=17 q_bytes=20944 ecn_mark=750 drop_l4s=0 drop_classic=1344 drop_overload=0
[QUEUE_STATS] t_ms=0.011935 q_pkts=17 q_bytes=20944 ecn_mark=752 drop_l4s=0 drop_classic=1347 drop_overload=0
[QUEUE_STATS] t_ms=0.011951 q_pkts=16 q_bytes=18532 ecn_mark=752 drop_l4s=0 drop_classic=1350 drop_overload=0
[QUEUE_STATS] t_ms=0.011967 q_pkts=15 q_bytes=18480 ecn_mark=753 drop_l4s=0 drop_classic=1353 drop_overload=0
[QUEUE_STATS] t_ms=0.011983 q_pkts=12 q_bytes=14784 ecn_mark=754 drop_l4s=0 drop_classic=1357 drop_overload=0
[QUEUE_STATS] t_ms=0.011999 q_pkts=14 q_bytes=17520 ecn_mark=754 drop_l4s=0 drop_classic=1358 drop_overload=0
[QUEUE_STATS] t_ms=0.012015 q_pkts=14 q_bytes=17248 ecn_mark=756 drop_l4s=0 drop_classic=1360 drop_overload=0
[QUEUE_STATS] t_ms=0.012031 q_pkts=11 q_bytes=13552 ecn_mark=757 drop_l4s=0 drop_classic=1365 drop_overload=0
[QUEUE_STATS] t_ms=0.012047 q_pkts=7 q_bytes=8628 ecn_mark=757 drop_l4s=0 drop_classic=1370 drop_overload=0
[QUEUE_STATS] t_ms=0.012063 q_pkts=6 q_bytes=7392 ecn_mark=758 drop_l4s=0 drop_classic=1373 drop_overload=0
[QUEUE_STATS] t_ms=0.012079 q_pkts=9 q_bytes=11088 ecn_mark=758 drop_l4s=0 drop_classic=1373 drop_overload=0
[QUEUE_STATS] t_ms=0.012095 q_pkts=10 q_bytes=12320 ecn_mark=760 drop_l4s=0 drop_classic=1375 drop_overload=0
[QUEUE_STATS] t_ms=0.012111 q_pkts=8 q_bytes=9856 ecn_mark=760 drop_l4s=0 drop_classic=1378 drop_overload=0
[QUEUE_STATS] t_ms=0.012127 q_pkts=11 q_bytes=13824 ecn_mark=761 drop_l4s=0 drop_classic=1378 drop_overload=0
[QUEUE_STATS] t_ms=0.012143 q_pkts=12 q_bytes=14784 ecn_mark=761 drop_l4s=0 drop_classic=1379 drop_overload=0
[QUEUE_STATS] t_ms=0.012159 q_pkts=12 q_bytes=14784 ecn_mark=762 drop_l4s=0 drop_classic=1381 drop_overload=0
[QUEUE_STATS] t_ms=0.012175 q_pkts=11 q_bytes=13552 ecn_mark=763 drop_l4s=0 drop_classic=1385 drop_overload=0
[QUEUE_STATS] t_ms=0.012191 q_pkts=12 q_bytes=14784 ecn_mark=763 drop_l4s=0 drop_classic=1385 drop_overload=0
[QUEUE_STATS] t_ms=0.012207 q_pkts=13 q_bytes=16016 ecn_mark=765 drop_l4s=0 drop_classic=1387 drop_overload=0
[QUEUE_STATS] t_ms=0.012223 q_pkts=15 q_bytes=18480 ecn_mark=765 drop_l4s=0 drop_classic=1387 drop_overload=0
[QUEUE_STATS] t_ms=0.012239 q_pkts=13 q_bytes=16016 ecn_mark=766 drop_l4s=0 drop_classic=1392 drop_overload=0
[QUEUE_STATS] t_ms=0.012255 q_pkts=12 q_bytes=15056 ecn_mark=767 drop_l4s=0 drop_classic=1394 drop_overload=0
[QUEUE_STATS] t_ms=0.012271 q_pkts=14 q_bytes=17248 ecn_mark=768 drop_l4s=0 drop_classic=1395 drop_overload=0
[QUEUE_STATS] t_ms=0.012287 q_pkts=14 q_bytes=17284 ecn_mark=769 drop_l4s=0 drop_classic=1396 drop_overload=0
[QUEUE_STATS] t_ms=0.012303 q_pkts=15 q_bytes=18480 ecn_mark=771 drop_l4s=0 drop_classic=1398 drop_overload=0
[QUEUE_STATS] t_ms=0.012319 q_pkts=16 q_bytes=19712 ecn_mark=771 drop_l4s=0 drop_classic=1398 drop_overload=0
[QUEUE_STATS] t_ms=0.012335 q_pkts=18 q_bytes=22176 ecn_mark=772 drop_l4s=0 drop_classic=1398 drop_overload=0
[QUEUE_STATS] t_ms=0.012351 q_pkts=17 q_bytes=20944 ecn_mark=774 drop_l4s=0 drop_classic=1401 drop_overload=0
[QUEUE_STATS] t_ms=0.012367 q_pkts=18 q_bytes=22176 ecn_mark=774 drop_l4s=0 drop_classic=1402 drop_overload=0
[QUEUE_STATS] t_ms=0.012383 q_pkts=19 q_bytes=23408 ecn_mark=774 drop_l4s=0 drop_classic=1403 drop_overload=0
[QUEUE_STATS] t_ms=0.012399 q_pkts=22 q_bytes=27104 ecn_mark=775 drop_l4s=0 drop_classic=1403 drop_overload=0
[QUEUE_STATS] t_ms=0.012415 q_pkts=24 q_bytes=29568 ecn_mark=776 drop_l4s=0 drop_classic=1403 drop_overload=0
[QUEUE_STATS] t_ms=0.012431 q_pkts=25 q_bytes=30800 ecn_mark=777 drop_l4s=0 drop_classic=1405 drop_overload=0
[QUEUE_STATS] t_ms=0.012447 q_pkts=28 q_bytes=34496 ecn_mark=777 drop_l4s=0 drop_classic=1405 drop_overload=0
[QUEUE_STATS] t_ms=0.012463 q_pkts=24 q_bytes=29568 ecn_mark=778 drop_l4s=0 drop_classic=1411 drop_overload=0
[QUEUE_STATS] t_ms=0.012479 q_pkts=25 q_bytes=30800 ecn_mark=779 drop_l4s=0 drop_classic=1413 drop_overload=0
[QUEUE_STATS] t_ms=0.012495 q_pkts=26 q_bytes=32032 ecn_mark=780 drop_l4s=0 drop_classic=1415 drop_overload=0
[QUEUE_STATS] t_ms=0.012511 q_pkts=21 q_bytes=26144 ecn_mark=781 drop_l4s=0 drop_classic=1422 drop_overload=0
[QUEUE_STATS] t_ms=0.012527 q_pkts=21 q_bytes=25872 ecn_mark=782 drop_l4s=0 drop_classic=1424 drop_overload=0
[QUEUE_STATS] t_ms=0.012543 q_pkts=21 q_bytes=25872 ecn_mark=783 drop_l4s=0 drop_classic=1427 drop_overload=0
[QUEUE_STATS] t_ms=0.012559 q_pkts=23 q_bytes=28608 ecn_mark=784 drop_l4s=0 drop_classic=1428 drop_overload=0
[QUEUE_STATS] t_ms=0.012575 q_pkts=22 q_bytes=27104 ecn_mark=784 drop_l4s=0 drop_classic=1431 drop_overload=0
[QUEUE_STATS] t_ms=0.012591 q_pkts=23 q_bytes=28336 ecn_mark=785 drop_l4s=0 drop_classic=1431 drop_overload=0
[QUEUE_STATS] t_ms=0.012607 q_pkts=25 q_bytes=30800 ecn_mark=787 drop_l4s=0 drop_classic=1432 drop_overload=0
[QUEUE_STATS] t_ms=0.012623 q_pkts=26 q_bytes=32032 ecn_mark=787 drop_l4s=0 drop_classic=1433 drop_overload=0
[QUEUE_STATS] t_ms=0.012639 q_pkts=26 q_bytes=32032 ecn_mark=788 drop_l4s=0 drop_classic=1436 drop_overload=0
[QUEUE_STATS] t_ms=0.012655 q_pkts=27 q_bytes=33536 ecn_mark=789 drop_l4s=0 drop_classic=1437 drop_overload=0
[QUEUE_STATS] t_ms=0.012671 q_pkts=28 q_bytes=34496 ecn_mark=790 drop_l4s=0 drop_classic=1438 drop_overload=0
[QUEUE_STATS] t_ms=0.012687 q_pkts=29 q_bytes=35728 ecn_mark=790 drop_l4s=0 drop_classic=1439 drop_overload=0
[QUEUE_STATS] t_ms=0.012703 q_pkts=30 q_bytes=36960 ecn_mark=790 drop_l4s=0 drop_classic=1441 drop_overload=0
[QUEUE_STATS] t_ms=0.012719 q_pkts=32 q_bytes=39424 ecn_mark=792 drop_l4s=0 drop_classic=1442 drop_overload=0
[QUEUE_STATS] t_ms=0.012735 q_pkts=34 q_bytes=41888 ecn_mark=793 drop_l4s=0 drop_classic=1443 drop_overload=0
[QUEUE_STATS] t_ms=0.012751 q_pkts=34 q_bytes=41888 ecn_mark=795 drop_l4s=0 drop_classic=1446 drop_overload=0
[QUEUE_STATS] t_ms=0.012767 q_pkts=33 q_bytes=40656 ecn_mark=796 drop_l4s=0 drop_classic=1449 drop_overload=0
[QUEUE_STATS] t_ms=0.012783 q_pkts=31 q_bytes=38464 ecn_mark=796 drop_l4s=0 drop_classic=1453 drop_overload=0
[QUEUE_STATS] t_ms=0.012799 q_pkts=31 q_bytes=38192 ecn_mark=798 drop_l4s=0 drop_classic=1455 drop_overload=0
[QUEUE_STATS] t_ms=0.012815 q_pkts=34 q_bytes=41947 ecn_mark=799 drop_l4s=0 drop_classic=1455 drop_overload=0
[QUEUE_STATS] t_ms=0.012831 q_pkts=27 q_bytes=33264 ecn_mark=801 drop_l4s=0 drop_classic=1463 drop_overload=0
[QUEUE_STATS] t_ms=0.012847 q_pkts=24 q_bytes=29568 ecn_mark=802 drop_l4s=0 drop_classic=1467 drop_overload=0
[QUEUE_STATS] t_ms=0.012863 q_pkts=25 q_bytes=30800 ecn_mark=804 drop_l4s=0 drop_classic=1468 drop_overload=0
[QUEUE_STATS] t_ms=0.012879 q_pkts=25 q_bytes=30800 ecn_mark=804 drop_l4s=0 drop_classic=1469 drop_overload=0
[QUEUE_STATS] t_ms=0.012895 q_pkts=25 q_bytes=30800 ecn_mark=805 drop_l4s=0 drop_classic=1471 drop_overload=0
[QUEUE_STATS] t_ms=0.012911 q_pkts=26 q_bytes=32032 ecn_mark=805 drop_l4s=0 drop_classic=1471 drop_overload=0
[QUEUE_STATS] t_ms=0.012927 q_pkts=28 q_bytes=34139 ecn_mark=806 drop_l4s=0 drop_classic=1472 drop_overload=0
[QUEUE_STATS] t_ms=0.012943 q_pkts=28 q_bytes=34496 ecn_mark=807 drop_l4s=0 drop_classic=1473 drop_overload=0
[QUEUE_STATS] t_ms=0.012959 q_pkts=27 q_bytes=33264 ecn_mark=808 drop_l4s=0 drop_classic=1475 drop_overload=0
[QUEUE_STATS] t_ms=0.012975 q_pkts=28 q_bytes=34764 ecn_mark=809 drop_l4s=0 drop_classic=1476 drop_overload=0
[QUEUE_STATS] t_ms=0.012991 q_pkts=28 q_bytes=34331 ecn_mark=810 drop_l4s=0 drop_classic=1479 drop_overload=0
[QUEUE_STATS] t_ms=0.013007 q_pkts=29 q_bytes=35728 ecn_mark=811 drop_l4s=0 drop_classic=1479 drop_overload=0
[QUEUE_STATS] t_ms=0.013023 q_pkts=28 q_bytes=34496 ecn_mark=812 drop_l4s=0 drop_classic=1481 drop_overload=0
[QUEUE_STATS] t_ms=0.013039 q_pkts=23 q_bytes=28336 ecn_mark=813 drop_l4s=0 drop_classic=1488 drop_overload=0
[QUEUE_STATS] t_ms=0.013055 q_pkts=24 q_bytes=29568 ecn_mark=814 drop_l4s=0 drop_classic=1488 drop_overload=0
[QUEUE_STATS] t_ms=0.013071 q_pkts=20 q_bytes=24640 ecn_mark=815 drop_l4s=0 drop_classic=1493 drop_overload=0
[QUEUE_STATS] t_ms=0.013087 q_pkts=16 q_bytes=19712 ecn_mark=817 drop_l4s=0 drop_classic=1498 drop_overload=0
[QUEUE_STATS] t_ms=0.013103 q_pkts=15 q_bytes=18480 ecn_mark=817 drop_l4s=0 drop_classic=1500 drop_overload=0
[QUEUE_STATS] t_ms=0.013119 q_pkts=14 q_bytes=17248 ecn_mark=817 drop_l4s=0 drop_classic=1502 drop_overload=0
[QUEUE_STATS] t_ms=0.013135 q_pkts=16 q_bytes=19712 ecn_mark=819 drop_l4s=0 drop_classic=1502 drop_overload=0
[QUEUE_STATS] t_ms=0.013151 q_pkts=13 q_bytes=16016 ecn_mark=820 drop_l4s=0 drop_classic=1506 drop_overload=0
[QUEUE_STATS] t_ms=0.013167 q_pkts=13 q_bytes=16016 ecn_mark=821 drop_l4s=0 drop_classic=1507 drop_overload=0
[QUEUE_STATS] t_ms=0.013183 q_pkts=15 q_bytes=18480 ecn_mark=821 drop_l4s=0 drop_classic=1507 drop_overload=0
[QUEUE_STATS] t_ms=0.013199 q_pkts=15 q_bytes=18480 ecn_mark=821 drop_l4s=0 drop_classic=1509 drop_overload=0
[QUEUE_STATS] t_ms=0.013215 q_pkts=17 q_bytes=20940 ecn_mark=821 drop_l4s=0 drop_classic=1510 drop_overload=0
[QUEUE_STATS] t_ms=0.013231 q_pkts=15 q_bytes=18480 ecn_mark=823 drop_l4s=0 drop_classic=1513 drop_overload=0
[QUEUE_STATS] t_ms=0.013247 q_pkts=15 q_bytes=18480 ecn_mark=824 drop_l4s=0 drop_classic=1516 drop_overload=0
[QUEUE_STATS] t_ms=0.013263 q_pkts=12 q_bytes=14784 ecn_mark=825 drop_l4s=0 drop_classic=1520 drop_overload=0
[QUEUE_STATS] t_ms=0.013279 q_pkts=12 q_bytes=14784 ecn_mark=827 drop_l4s=0 drop_classic=1523 drop_overload=0
[QUEUE_STATS] t_ms=0.013295 q_pkts=12 q_bytes=14784 ecn_mark=828 drop_l4s=0 drop_classic=1524 drop_overload=0
[QUEUE_STATS] t_ms=0.013311 q_pkts=11 q_bytes=13552 ecn_mark=830 drop_l4s=0 drop_classic=1527 drop_overload=0
[QUEUE_STATS] t_ms=0.013327 q_pkts=10 q_bytes=12320 ecn_mark=830 drop_l4s=0 drop_classic=1529 drop_overload=0
[QUEUE_STATS] t_ms=0.013343 q_pkts=11 q_bytes=13552 ecn_mark=831 drop_l4s=0 drop_classic=1530 drop_overload=0
[QUEUE_STATS] t_ms=0.013359 q_pkts=13 q_bytes=16016 ecn_mark=832 drop_l4s=0 drop_classic=1530 drop_overload=0
[QUEUE_STATS] t_ms=0.013375 q_pkts=13 q_bytes=16016 ecn_mark=832 drop_l4s=0 drop_classic=1531 drop_overload=0
[QUEUE_STATS] t_ms=0.013391 q_pkts=12 q_bytes=14784 ecn_mark=833 drop_l4s=0 drop_classic=1534 drop_overload=0
[QUEUE_STATS] t_ms=0.013407 q_pkts=11 q_bytes=13552 ecn_mark=834 drop_l4s=0 drop_classic=1536 drop_overload=0
[QUEUE_STATS] t_ms=0.013423 q_pkts=12 q_bytes=14460 ecn_mark=835 drop_l4s=0 drop_classic=1537 drop_overload=0
[QUEUE_STATS] t_ms=0.013439 q_pkts=10 q_bytes=11708 ecn_mark=836 drop_l4s=0 drop_classic=1539 drop_overload=0
[QUEUE_STATS] t_ms=0.013455 q_pkts=10 q_bytes=12320 ecn_mark=837 drop_l4s=0 drop_classic=1541 drop_overload=0
[QUEUE_STATS] t_ms=0.013471 q_pkts=8 q_bytes=9856 ecn_mark=837 drop_l4s=0 drop_classic=1544 drop_overload=0
[QUEUE_STATS] t_ms=0.013487 q_pkts=10 q_bytes=12320 ecn_mark=838 drop_l4s=0 drop_classic=1545 drop_overload=0
[QUEUE_STATS] t_ms=0.013503 q_pkts=8 q_bytes=9856 ecn_mark=838 drop_l4s=0 drop_classic=1548 drop_overload=0
[QUEUE_STATS] t_ms=0.013519 q_pkts=10 q_bytes=12320 ecn_mark=838 drop_l4s=0 drop_classic=1548 drop_overload=0
[QUEUE_STATS] t_ms=0.013535 q_pkts=11 q_bytes=13552 ecn_mark=840 drop_l4s=0 drop_classic=1550 drop_overload=0
[QUEUE_STATS] t_ms=0.013551 q_pkts=12 q_bytes=14784 ecn_mark=841 drop_l4s=0 drop_classic=1550 drop_overload=0
[QUEUE_STATS] t_ms=0.013567 q_pkts=10 q_bytes=12320 ecn_mark=841 drop_l4s=0 drop_classic=1554 drop_overload=0
[QUEUE_STATS] t_ms=0.013583 q_pkts=13 q_bytes=16016 ecn_mark=842 drop_l4s=0 drop_classic=1554 drop_overload=0
[QUEUE_STATS] t_ms=0.013599 q_pkts=13 q_bytes=16016 ecn_mark=842 drop_l4s=0 drop_classic=1555 drop_overload=0
[QUEUE_STATS] t_ms=0.013615 q_pkts=16 q_bytes=19712 ecn_mark=842 drop_l4s=0 drop_classic=1555 drop_overload=0
[QUEUE_STATS] t_ms=0.013631 q_pkts=16 q_bytes=19712 ecn_mark=843 drop_l4s=0 drop_classic=1558 drop_overload=0
[QUEUE_STATS] t_ms=0.013647 q_pkts=17 q_bytes=21216 ecn_mark=844 drop_l4s=0 drop_classic=1560 drop_overload=0
[QUEUE_STATS] t_ms=0.013663 q_pkts=16 q_bytes=19712 ecn_mark=845 drop_l4s=0 drop_classic=1563 drop_overload=0
[QUEUE_STATS] t_ms=0.013679 q_pkts=18 q_bytes=22448 ecn_mark=845 drop_l4s=0 drop_classic=1564 drop_overload=0
[QUEUE_STATS] t_ms=0.013695 q_pkts=18 q_bytes=22176 ecn_mark=847 drop_l4s=0 drop_classic=1566 drop_overload=0
[QUEUE_STATS] t_ms=0.013711 q_pkts=21 q_bytes=25872 ecn_mark=848 drop_l4s=0 drop_classic=1566 drop_overload=0
[QUEUE_STATS] t_ms=0.013727 q_pkts=19 q_bytes=23408 ecn_mark=849 drop_l4s=0 drop_classic=1569 drop_overload=0
[QUEUE_STATS] t_ms=0.013743 q_pkts=21 q_bytes=25872 ecn_mark=851 drop_l4s=0 drop_classic=1570 drop_overload=0
[QUEUE_STATS] t_ms=0.013759 q_pkts=20 q_bytes=24640 ecn_mark=852 drop_l4s=0 drop_classic=1572 drop_overload=0
[QUEUE_STATS] t_ms=0.013775 q_pkts=22 q_bytes=27104 ecn_mark=854 drop_l4s=0 drop_classic=1572 drop_overload=0
[QUEUE_STATS] t_ms=0.013791 q_pkts=22 q_bytes=27104 ecn_mark=855 drop_l4s=0 drop_classic=1573 drop_overload=0
[QUEUE_STATS] t_ms=0.013807 q_pkts=23 q_bytes=28336 ecn_mark=855 drop_l4s=0 drop_classic=1574 drop_overload=0
[QUEUE_STATS] t_ms=0.013823 q_pkts=21 q_bytes=25872 ecn_mark=857 drop_l4s=0 drop_classic=1578 drop_overload=0
[QUEUE_STATS] t_ms=0.013839 q_pkts=22 q_bytes=27104 ecn_mark=858 drop_l4s=0 drop_classic=1578 drop_overload=0
[QUEUE_STATS] t_ms=0.013855 q_pkts=22 q_bytes=27104 ecn_mark=858 drop_l4s=0 drop_classic=1580 drop_overload=0
[QUEUE_STATS] t_ms=0.013871 q_pkts=22 q_bytes=26916 ecn_mark=859 drop_l4s=0 drop_classic=1582 drop_overload=0
[QUEUE_STATS] t_ms=0.013887 q_pkts=23 q_bytes=28336 ecn_mark=860 drop_l4s=0 drop_classic=1582 drop_overload=0
[QUEUE_STATS] t_ms=0.013903 q_pkts=24 q_bytes=29568 ecn_mark=861 drop_l4s=0 drop_classic=1583 drop_overload=0
[QUEUE_STATS] t_ms=0.013919 q_pkts=23 q_bytes=28336 ecn_mark=862 drop_l4s=0 drop_classic=1585 drop_overload=0
[QUEUE_STATS] t_ms=0.013935 q_pkts=24 q_bytes=29245 ecn_mark=862 drop_l4s=0 drop_classic=1586 drop_overload=0
[QUEUE_STATS] t_ms=0.013951 q_pkts=22 q_bytes=27104 ecn_mark=863 drop_l4s=0 drop_classic=1589 drop_overload=0
[QUEUE_STATS] t_ms=0.013967 q_pkts=23 q_bytes=28336 ecn_mark=864 drop_l4s=0 drop_classic=1590 drop_overload=0
[QUEUE_STATS] t_ms=0.013983 q_pkts=24 q_bytes=29568 ecn_mark=865 drop_l4s=0 drop_classic=1591 drop_overload=0
[QUEUE_STATS] t_ms=0.013999 q_pkts=25 q_bytes=31042 ecn_mark=866 drop_l4s=0 drop_classic=1593 drop_overload=0
[QUEUE_STATS] t_ms=0.014015 q_pkts=25 q_bytes=31042 ecn_mark=867 drop_l4s=0 drop_classic=1594 drop_overload=0
[QUEUE_STATS] t_ms=0.014031 q_pkts=25 q_bytes=30800 ecn_mark=867 drop_l4s=0 drop_classic=1596 drop_overload=0
[QUEUE_STATS] t_ms=0.014047 q_pkts=25 q_bytes=30800 ecn_mark=868 drop_l4s=0 drop_classic=1598 drop_overload=0
[QUEUE_STATS] t_ms=0.014063 q_pkts=24 q_bytes=29568 ecn_mark=869 drop_l4s=0 drop_classic=1601 drop_overload=0
[QUEUE_STATS] t_ms=0.014079 q_pkts=24 q_bytes=29568 ecn_mark=869 drop_l4s=0 drop_classic=1603 drop_overload=0
[QUEUE_STATS] t_ms=0.014095 q_pkts=24 q_bytes=29568 ecn_mark=870 drop_l4s=0 drop_classic=1606 drop_overload=0
[QUEUE_STATS] t_ms=0.014111 q_pkts=22 q_bytes=27104 ecn_mark=872 drop_l4s=0 drop_classic=1611 drop_overload=0
[QUEUE_STATS] t_ms=0.014127 q_pkts=23 q_bytes=28336 ecn_mark=873 drop_l4s=0 drop_classic=1612 drop_overload=0
[QUEUE_STATS] t_ms=0.014143 q_pkts=22 q_bytes=27104 ecn_mark=873 drop_l4s=0 drop_classic=1614 drop_overload=0
[QUEUE_STATS] t_ms=0.014159 q_pkts=25 q_bytes=30800 ecn_mark=875 drop_l4s=0 drop_classic=1614 drop_overload=0
[QUEUE_STATS] t_ms=0.014175 q_pkts=23 q_bytes=28336 ecn_mark=875 drop_l4s=0 drop_classic=1617 drop_overload=0
[QUEUE_STATS] t_ms=0.014191 q_pkts=22 q_bytes=27104 ecn_mark=876 drop_l4s=0 drop_classic=1620 drop_overload=0
[QUEUE_STATS] t_ms=0.014207 q_pkts=21 q_bytes=25872 ecn_mark=878 drop_l4s=0 drop_classic=1623 drop_overload=0
[QUEUE_STATS] t_ms=0.014223 q_pkts=20 q_bytes=24640 ecn_mark=879 drop_l4s=0 drop_classic=1625 drop_overload=0
[QUEUE_STATS] t_ms=0.014239 q_pkts=18 q_bytes=22176 ecn_mark=880 drop_l4s=0 drop_classic=1629 drop_overload=0
[QUEUE_STATS] t_ms=0.014255 q_pkts=16 q_bytes=19712 ecn_mark=881 drop_l4s=0 drop_classic=1632 drop_overload=0
[QUEUE_STATS] t_ms=0.014271 q_pkts=18 q_bytes=21571 ecn_mark=882 drop_l4s=0 drop_classic=1632 drop_overload=0
[QUEUE_STATS] t_ms=0.014287 q_pkts=15 q_bytes=18480 ecn_mark=883 drop_l4s=0 drop_classic=1635 drop_overload=0
[QUEUE_STATS] t_ms=0.014303 q_pkts=15 q_bytes=18480 ecn_mark=885 drop_l4s=0 drop_classic=1637 drop_overload=0
[QUEUE_STATS] t_ms=0.014319 q_pkts=15 q_bytes=18480 ecn_mark=886 drop_l4s=0 drop_classic=1639 drop_overload=0
[QUEUE_STATS] t_ms=0.014335 q_pkts=17 q_bytes=20944 ecn_mark=888 drop_l4s=0 drop_classic=1639 drop_overload=0
[QUEUE_STATS] t_ms=0.014351 q_pkts=19 q_bytes=23408 ecn_mark=889 drop_l4s=0 drop_classic=1639 drop_overload=0
[QUEUE_STATS] t_ms=0.014367 q_pkts=20 q_bytes=24640 ecn_mark=890 drop_l4s=0 drop_classic=1640 drop_overload=0
[QUEUE_STATS] t_ms=0.014383 q_pkts=20 q_bytes=24640 ecn_mark=891 drop_l4s=0 drop_classic=1641 drop_overload=0
[QUEUE_STATS] t_ms=0.014399 q_pkts=19 q_bytes=23408 ecn_mark=892 drop_l4s=0 drop_classic=1644 drop_overload=0
[QUEUE_STATS] t_ms=0.014415 q_pkts=18 q_bytes=22176 ecn_mark=892 drop_l4s=0 drop_classic=1646 drop_overload=0
[QUEUE_STATS] t_ms=0.014431 q_pkts=20 q_bytes=24640 ecn_mark=893 drop_l4s=0 drop_classic=1646 drop_overload=0
[QUEUE_STATS] t_ms=0.014447 q_pkts=18 q_bytes=22176 ecn_mark=894 drop_l4s=0 drop_classic=1649 drop_overload=0
[QUEUE_STATS] t_ms=0.014463 q_pkts=19 q_bytes=23408 ecn_mark=894 drop_l4s=0 drop_classic=1650 drop_overload=0
[QUEUE_STATS] t_ms=0.014479 q_pkts=18 q_bytes=22176 ecn_mark=895 drop_l4s=0 drop_classic=1652 drop_overload=0
[QUEUE_STATS] t_ms=0.014495 q_pkts=16 q_bytes=19712 ecn_mark=895 drop_l4s=0 drop_classic=1656 drop_overload=0
[QUEUE_STATS] t_ms=0.014511 q_pkts=17 q_bytes=20944 ecn_mark=896 drop_l4s=0 drop_classic=1657 drop_overload=0
[QUEUE_STATS] t_ms=0.014527 q_pkts=16 q_bytes=19712 ecn_mark=897 drop_l4s=0 drop_classic=1660 drop_overload=0
[QUEUE_STATS] t_ms=0.014543 q_pkts=16 q_bytes=19712 ecn_mark=898 drop_l4s=0 drop_classic=1662 drop_overload=0
[QUEUE_STATS] t_ms=0.014559 q_pkts=17 q_bytes=20785 ecn_mark=899 drop_l4s=0 drop_classic=1663 drop_overload=0
[QUEUE_STATS] t_ms=0.014575 q_pkts=15 q_bytes=18480 ecn_mark=899 drop_l4s=0 drop_classic=1666 drop_overload=0
[QUEUE_STATS] t_ms=0.014591 q_pkts=17 q_bytes=20944 ecn_mark=901 drop_l4s=0 drop_classic=1667 drop_overload=0
[QUEUE_STATS] t_ms=0.014607 q_pkts=17 q_bytes=20944 ecn_mark=901 drop_l4s=0 drop_classic=1669 drop_overload=0
[QUEUE_STATS] t_ms=0.014623 q_pkts=16 q_bytes=19712 ecn_mark=901 drop_l4s=0 drop_classic=1672 drop_overload=0
[QUEUE_STATS] t_ms=0.014639 q_pkts=16 q_bytes=19712 ecn_mark=902 drop_l4s=0 drop_classic=1674 drop_overload=0
[QUEUE_STATS] t_ms=0.014655 q_pkts=16 q_bytes=19712 ecn_mark=902 drop_l4s=0 drop_classic=1676 drop_overload=0
[QUEUE_STATS] t_ms=0.014671 q_pkts=13 q_bytes=16016 ecn_mark=904 drop_l4s=0 drop_classic=1682 drop_overload=0
[QUEUE_STATS] t_ms=0.014687 q_pkts=15 q_bytes=18480 ecn_mark=906 drop_l4s=0 drop_classic=1683 drop_overload=0
[QUEUE_STATS] t_ms=0.014703 q_pkts=15 q_bytes=18480 ecn_mark=907 drop_l4s=0 drop_classic=1684 drop_overload=0
[QUEUE_STATS] t_ms=0.014719 q_pkts=16 q_bytes=19607 ecn_mark=907 drop_l4s=0 drop_classic=1686 drop_overload=0
[QUEUE_STATS] t_ms=0.014735 q_pkts=15 q_bytes=18480 ecn_mark=907 drop_l4s=0 drop_classic=1688 drop_overload=0
[QUEUE_STATS] t_ms=0.014751 q_pkts=17 q_bytes=20944 ecn_mark=907 drop_l4s=0 drop_classic=1689 drop_overload=0
[QUEUE_STATS] t_ms=0.014767 q_pkts=18 q_bytes=22176 ecn_mark=908 drop_l4s=0 drop_classic=1691 drop_overload=0
[QUEUE_STATS] t_ms=0.014783 q_pkts=17 q_bytes=20944 ecn_mark=908 drop_l4s=0 drop_classic=1695 drop_overload=0
[QUEUE_STATS] t_ms=0.014799 q_pkts=17 q_bytes=20944 ecn_mark=909 drop_l4s=0 drop_classic=1698 drop_overload=0
[QUEUE_STATS] t_ms=0.014815 q_pkts=17 q_bytes=20944 ecn_mark=911 drop_l4s=0 drop_classic=1701 drop_overload=0
[QUEUE_STATS] t_ms=0.014831 q_pkts=19 q_bytes=23408 ecn_mark=913 drop_l4s=0 drop_classic=1702 drop_overload=0
[QUEUE_STATS] t_ms=0.014847 q_pkts=17 q_bytes=20944 ecn_mark=913 drop_l4s=0 drop_classic=1705 drop_overload=0
[QUEUE_STATS] t_ms=0.014863 q_pkts=19 q_bytes=23408 ecn_mark=916 drop_l4s=0 drop_classic=1707 drop_overload=0
[QUEUE_STATS] t_ms=0.014879 q_pkts=21 q_bytes=25872 ecn_mark=916 drop_l4s=0 drop_classic=1707 drop_overload=0
[QUEUE_STATS] t_ms=0.014895 q_pkts=19 q_bytes=23408 ecn_mark=917 drop_l4s=0 drop_classic=1710 drop_overload=0
[QUEUE_STATS] t_ms=0.014911 q_pkts=17 q_bytes=20944 ecn_mark=917 drop_l4s=0 drop_classic=1714 drop_overload=0
[QUEUE_STATS] t_ms=0.014927 q_pkts=18 q_bytes=22176 ecn_mark=918 drop_l4s=0 drop_classic=1716 drop_overload=0
[QUEUE_STATS] t_ms=0.014943 q_pkts=17 q_bytes=20944 ecn_mark=919 drop_l4s=0 drop_classic=1719 drop_overload=0
[QUEUE_STATS] t_ms=0.014959 q_pkts=16 q_bytes=19712 ecn_mark=920 drop_l4s=0 drop_classic=1722 drop_overload=0
[QUEUE_STATS] t_ms=0.014975 q_pkts=18 q_bytes=22176 ecn_mark=920 drop_l4s=0 drop_classic=1722 drop_overload=0
[QUEUE_STATS] t_ms=0.014991 q_pkts=19 q_bytes=23408 ecn_mark=922 drop_l4s=0 drop_classic=1724 drop_overload=0
[QUEUE_STATS] t_ms=0.015007 q_pkts=19 q_bytes=23408 ecn_mark=922 drop_l4s=0 drop_classic=1725 drop_overload=0
[QUEUE_STATS] t_ms=0.015023 q_pkts=22 q_bytes=27104 ecn_mark=922 drop_l4s=0 drop_classic=1725 drop_overload=0
[QUEUE_STATS] t_ms=0.015039 q_pkts=22 q_bytes=27104 ecn_mark=924 drop_l4s=0 drop_classic=1728 drop_overload=0
[QUEUE_STATS] t_ms=0.015055 q_pkts=23 q_bytes=28336 ecn_mark=925 drop_l4s=0 drop_classic=1729 drop_overload=0
[QUEUE_STATS] t_ms=0.015071 q_pkts=24 q_bytes=29568 ecn_mark=927 drop_l4s=0 drop_classic=1731 drop_overload=0
[QUEUE_STATS] t_ms=0.015087 q_pkts=24 q_bytes=29568 ecn_mark=927 drop_l4s=0 drop_classic=1732 drop_overload=0
[QUEUE_STATS] t_ms=0.015103 q_pkts=22 q_bytes=27104 ecn_mark=927 drop_l4s=0 drop_classic=1735 drop_overload=0
[QUEUE_STATS] t_ms=0.015119 q_pkts=23 q_bytes=28336 ecn_mark=927 drop_l4s=0 drop_classic=1737 drop_overload=0
[QUEUE_STATS] t_ms=0.015135 q_pkts=23 q_bytes=28336 ecn_mark=928 drop_l4s=0 drop_classic=1740 drop_overload=0
[QUEUE_STATS] t_ms=0.015151 q_pkts=24 q_bytes=29568 ecn_mark=930 drop_l4s=0 drop_classic=1742 drop_overload=0
[QUEUE_STATS] t_ms=0.015167 q_pkts=24 q_bytes=29568 ecn_mark=931 drop_l4s=0 drop_classic=1744 drop_overload=0
[QUEUE_STATS] t_ms=0.015183 q_pkts=23 q_bytes=28336 ecn_mark=931 drop_l4s=0 drop_classic=1747 drop_overload=0
[QUEUE_STATS] t_ms=0.015199 q_pkts=26 q_bytes=32032 ecn_mark=932 drop_l4s=0 drop_classic=1747 drop_overload=0
[QUEUE_STATS] t_ms=0.015215 q_pkts=26 q_bytes=32032 ecn_mark=934 drop_l4s=0 drop_classic=1750 drop_overload=0
[QUEUE_STATS] t_ms=0.015231 q_pkts=26 q_bytes=32032 ecn_mark=935 drop_l4s=0 drop_classic=1751 drop_overload=0
[QUEUE_STATS] t_ms=0.015247 q_pkts=26 q_bytes=32032 ecn_mark=936 drop_l4s=0 drop_classic=1754 drop_overload=0
[QUEUE_STATS] t_ms=0.015263 q_pkts=25 q_bytes=31072 ecn_mark=936 drop_l4s=0 drop_classic=1757 drop_overload=0
[QUEUE_STATS] t_ms=0.015279 q_pkts=24 q_bytes=29568 ecn_mark=937 drop_l4s=0 drop_classic=1760 drop_overload=0
[QUEUE_STATS] t_ms=0.015295 q_pkts=23 q_bytes=28336 ecn_mark=939 drop_l4s=0 drop_classic=1764 drop_overload=0
[QUEUE_STATS] t_ms=0.015311 q_pkts=23 q_bytes=28336 ecn_mark=939 drop_l4s=0 drop_classic=1766 drop_overload=0
[QUEUE_STATS] t_ms=0.015327 q_pkts=24 q_bytes=29840 ecn_mark=939 drop_l4s=0 drop_classic=1767 drop_overload=0
[QUEUE_STATS] t_ms=0.015343 q_pkts=26 q_bytes=32304 ecn_mark=940 drop_l4s=0 drop_classic=1768 drop_overload=0
[QUEUE_STATS] t_ms=0.015359 q_pkts=26 q_bytes=32032 ecn_mark=941 drop_l4s=0 drop_classic=1770 drop_overload=0
[QUEUE_STATS] t_ms=0.015375 q_pkts=27 q_bytes=33264 ecn_mark=943 drop_l4s=0 drop_classic=1772 drop_overload=0
[QUEUE_STATS] t_ms=0.015391 q_pkts=29 q_bytes=35728 ecn_mark=944 drop_l4s=0 drop_classic=1772 drop_overload=0
[QUEUE_STATS] t_ms=0.015407 q_pkts=29 q_bytes=35728 ecn_mark=945 drop_l4s=0 drop_classic=1773 drop_overload=0
[QUEUE_STATS] t_ms=0.015423 q_pkts=28 q_bytes=34496 ecn_mark=947 drop_l4s=0 drop_classic=1776 drop_overload=0
[QUEUE_STATS] t_ms=0.015439 q_pkts=26 q_bytes=32032 ecn_mark=948 drop_l4s=0 drop_classic=1780 drop_overload=0
[QUEUE_STATS] t_ms=0.015455 q_pkts=24 q_bytes=29568 ecn_mark=949 drop_l4s=0 drop_classic=1783 drop_overload=0
[QUEUE_STATS] t_ms=0.015471 q_pkts=22 q_bytes=27093 ecn_mark=949 drop_l4s=0 drop_classic=1787 drop_overload=0
[QUEUE_STATS] t_ms=0.015487 q_pkts=19 q_bytes=23408 ecn_mark=949 drop_l4s=0 drop_classic=1792 drop_overload=0
[QUEUE_STATS] t_ms=0.015503 q_pkts=19 q_bytes=23408 ecn_mark=950 drop_l4s=0 drop_classic=1794 drop_overload=0
[QUEUE_STATS] t_ms=0.015519 q_pkts=18 q_bytes=22448 ecn_mark=951 drop_l4s=0 drop_classic=1797 drop_overload=0
[QUEUE_STATS] t_ms=0.015535 q_pkts=21 q_bytes=25872 ecn_mark=952 drop_l4s=0 drop_classic=1797 drop_overload=0
[QUEUE_STATS] t_ms=0.015551 q_pkts=21 q_bytes=25872 ecn_mark=952 drop_l4s=0 drop_classic=1799 drop_overload=0
[QUEUE_STATS] t_ms=0.015567 q_pkts=22 q_bytes=27104 ecn_mark=952 drop_l4s=0 drop_classic=1800 drop_overload=0
[QUEUE_STATS] t_ms=0.015583 q_pkts=24 q_bytes=29568 ecn_mark=954 drop_l4s=0 drop_classic=1801 drop_overload=0
[QUEUE_STATS] t_ms=0.015599 q_pkts=27 q_bytes=33264 ecn_mark=956 drop_l4s=0 drop_classic=1801 drop_overload=0
[QUEUE_STATS] t_ms=0.015615 q_pkts=29 q_bytes=35728 ecn_mark=957 drop_l4s=0 drop_classic=1802 drop_overload=0
[QUEUE_STATS] t_ms=0.015631 q_pkts=29 q_bytes=35728 ecn_mark=958 drop_l4s=0 drop_classic=1803 drop_overload=0
[QUEUE_STATS] t_ms=0.015647 q_pkts=27 q_bytes=33264 ecn_mark=959 drop_l4s=0 drop_classic=1807 drop_overload=0
[QUEUE_STATS] t_ms=0.015663 q_pkts=27 q_bytes=33246 ecn_mark=960 drop_l4s=0 drop_classic=1810 drop_overload=0
[QUEUE_STATS] t_ms=0.015679 q_pkts=25 q_bytes=30800 ecn_mark=962 drop_l4s=0 drop_classic=1813 drop_overload=0
[QUEUE_STATS] t_ms=0.015695 q_pkts=24 q_bytes=29568 ecn_mark=963 drop_l4s=0 drop_classic=1816 drop_overload=0
[QUEUE_STATS] t_ms=0.015711 q_pkts=21 q_bytes=25872 ecn_mark=964 drop_l4s=0 drop_classic=1820 drop_overload=0
[QUEUE_STATS] t_ms=0.015727 q_pkts=17 q_bytes=20140 ecn_mark=965 drop_l4s=0 drop_classic=1824 drop_overload=0
[QUEUE_STATS] t_ms=0.015743 q_pkts=19 q_bytes=23408 ecn_mark=966 drop_l4s=0 drop_classic=1824 drop_overload=0
[QUEUE_STATS] t_ms=0.015759 q_pkts=17 q_bytes=20944 ecn_mark=966 drop_l4s=0 drop_classic=1827 drop_overload=0
[QUEUE_STATS] t_ms=0.015775 q_pkts=16 q_bytes=19712 ecn_mark=967 drop_l4s=0 drop_classic=1830 drop_overload=0
[QUEUE_STATS] t_ms=0.015791 q_pkts=15 q_bytes=18480 ecn_mark=968 drop_l4s=0 drop_classic=1833 drop_overload=0
[QUEUE_STATS] t_ms=0.015807 q_pkts=14 q_bytes=17248 ecn_mark=969 drop_l4s=0 drop_classic=1835 drop_overload=0
[QUEUE_STATS] t_ms=0.015823 q_pkts=15 q_bytes=18480 ecn_mark=970 drop_l4s=0 drop_classic=1836 drop_overload=0
[QUEUE_STATS] t_ms=0.015839 q_pkts=17 q_bytes=20944 ecn_mark=971 drop_l4s=0 drop_classic=1836 drop_overload=0
[QUEUE_STATS] t_ms=0.015855 q_pkts=13 q_bytes=16016 ecn_mark=972 drop_l4s=0 drop_classic=1841 drop_overload=0
[QUEUE_STATS] t_ms=0.015871 q_pkts=12 q_bytes=14784 ecn_mark=972 drop_l4s=0 drop_classic=1843 drop_overload=0
[QUEUE_STATS] t_ms=0.015887 q_pkts=11 q_bytes=13552 ecn_mark=973 drop_l4s=0 drop_classic=1846 drop_overload=0
[QUEUE_STATS] t_ms=0.015903 q_pkts=9 q_bytes=11088 ecn_mark=973 drop_l4s=0 drop_classic=1849 drop_overload=0
[QUEUE_STATS] t_ms=0.015919 q_pkts=10 q_bytes=12320 ecn_mark=975 drop_l4s=0 drop_classic=1850 drop_overload=0
[QUEUE_STATS] t_ms=0.015935 q_pkts=10 q_bytes=12320 ecn_mark=976 drop_l4s=0 drop_classic=1850 drop_overload=0
[QUEUE_STATS] t_ms=0.015951 q_pkts=10 q_bytes=12320 ecn_mark=977 drop_l4s=0 drop_classic=1852 drop_overload=0
[QUEUE_STATS] t_ms=0.015967 q_pkts=11 q_bytes=13552 ecn_mark=977 drop_l4s=0 drop_classic=1852 drop_overload=0
[QUEUE_STATS] t_ms=0.015983 q_pkts=11 q_bytes=13552 ecn_mark=979 drop_l4s=0 drop_classic=1854 drop_overload=0
[QUEUE_STATS] t_ms=0.015999 q_pkts=9 q_bytes=11088 ecn_mark=980 drop_l4s=0 drop_classic=1857 drop_overload=0
[QUEUE_STATS] t_ms=0.016015 q_pkts=7 q_bytes=8624 ecn_mark=981 drop_l4s=0 drop_classic=1860 drop_overload=0
[QUEUE_STATS] t_ms=0.016031 q_pkts=8 q_bytes=9856 ecn_mark=982 drop_l4s=0 drop_classic=1861 drop_overload=0
[QUEUE_STATS] t_ms=0.016047 q_pkts=6 q_bytes=7392 ecn_mark=983 drop_l4s=0 drop_classic=1864 drop_overload=0
[QUEUE_STATS] t_ms=0.016063 q_pkts=7 q_bytes=8624 ecn_mark=983 drop_l4s=0 drop_classic=1865 drop_overload=0
[QUEUE_STATS] t_ms=0.016079 q_pkts=7 q_bytes=8624 ecn_mark=984 drop_l4s=0 drop_classic=1866 drop_overload=0
[QUEUE_STATS] t_ms=0.016095 q_pkts=6 q_bytes=7392 ecn_mark=984 drop_l4s=0 drop_classic=1868 drop_overload=0
[QUEUE_STATS] t_ms=0.016111 q_pkts=8 q_bytes=9744 ecn_mark=985 drop_l4s=0 drop_classic=1869 drop_overload=0
[QUEUE_STATS] t_ms=0.016127 q_pkts=8 q_bytes=9395 ecn_mark=986 drop_l4s=0 drop_classic=1870 drop_overload=0
[QUEUE_STATS] t_ms=0.016143 q_pkts=6 q_bytes=7392 ecn_mark=988 drop_l4s=0 drop_classic=1873 drop_overload=0
[QUEUE_STATS] t_ms=0.016159 q_pkts=6 q_bytes=7392 ecn_mark=988 drop_l4s=0 drop_classic=1874 drop_overload=0
[QUEUE_STATS] t_ms=0.016175 q_pkts=4 q_bytes=4928 ecn_mark=989 drop_l4s=0 drop_classic=1877 drop_overload=0
[QUEUE_STATS] t_ms=0.016191 q_pkts=5 q_bytes=6160 ecn_mark=990 drop_l4s=0 drop_classic=1878 drop_overload=0
[QUEUE_STATS] t_ms=0.016207 q_pkts=6 q_bytes=7392 ecn_mark=991 drop_l4s=0 drop_classic=1878 drop_overload=0
[QUEUE_STATS] t_ms=0.016223 q_pkts=5 q_bytes=6160 ecn_mark=991 drop_l4s=0 drop_classic=1880 drop_overload=0
[QUEUE_STATS] t_ms=0.016239 q_pkts=7 q_bytes=8624 ecn_mark=991 drop_l4s=0 drop_classic=1880 drop_overload=0
[QUEUE_STATS] t_ms=0.016255 q_pkts=5 q_bytes=6160 ecn_mark=992 drop_l4s=0 drop_classic=1884 drop_overload=0
[QUEUE_STATS] t_ms=0.016271 q_pkts=7 q_bytes=8624 ecn_mark=993 drop_l4s=0 drop_classic=1884 drop_overload=0
[QUEUE_STATS] t_ms=0.016287 q_pkts=7 q_bytes=8324 ecn_mark=994 drop_l4s=0 drop_classic=1886 drop_overload=0
[QUEUE_STATS] t_ms=0.016303 q_pkts=5 q_bytes=6160 ecn_mark=995 drop_l4s=0 drop_classic=1889 drop_overload=0
[QUEUE_STATS] t_ms=0.016319 q_pkts=4 q_bytes=4928 ecn_mark=997 drop_l4s=0 drop_classic=1892 drop_overload=0
[QUEUE_STATS] t_ms=0.016335 q_pkts=5 q_bytes=6160 ecn_mark=997 drop_l4s=0 drop_classic=1892 drop_overload=0
[QUEUE_STATS] t_ms=0.016351 q_pkts=7 q_bytes=8624 ecn_mark=997 drop_l4s=0 drop_classic=1893 drop_overload=0
[QUEUE_STATS] t_ms=0.016367 q_pkts=8 q_bytes=9856 ecn_mark=998 drop_l4s=0 drop_classic=1894 drop_overload=0
[QUEUE_STATS] t_ms=0.016383 q_pkts=6 q_bytes=7392 ecn_mark=999 drop_l4s=0 drop_classic=1898 drop_overload=0
[QUEUE_STATS] t_ms=0.016399 q_pkts=8 q_bytes=9856 ecn_mark=1000 drop_l4s=0 drop_classic=1899 drop_overload=0
[QUEUE_STATS] t_ms=0.016415 q_pkts=7 q_bytes=8624 ecn_mark=1000 drop_l4s=0 drop_classic=1901 drop_overload=0
[QUEUE_STATS] t_ms=0.016431 q_pkts=10 q_bytes=12320 ecn_mark=1001 drop_l4s=0 drop_classic=1901 drop_overload=0
[QUEUE_STATS] t_ms=0.016447 q_pkts=13 q_bytes=16016 ecn_mark=1002 drop_l4s=0 drop_classic=1901 drop_overload=0
[QUEUE_STATS] t_ms=0.016463 q_pkts=14 q_bytes=17248 ecn_mark=1003 drop_l4s=0 drop_classic=1902 drop_overload=0
[QUEUE_STATS] t_ms=0.016479 q_pkts=15 q_bytes=18480 ecn_mark=1004 drop_l4s=0 drop_classic=1903 drop_overload=0
[QUEUE_STATS] t_ms=0.016495 q_pkts=16 q_bytes=19613 ecn_mark=1005 drop_l4s=0 drop_classic=1904 drop_overload=0
[QUEUE_STATS] t_ms=0.016511 q_pkts=18 q_bytes=22176 ecn_mark=1006 drop_l4s=0 drop_classic=1904 drop_overload=0
[QUEUE_STATS] t_ms=0.016527 q_pkts=18 q_bytes=21932 ecn_mark=1007 drop_l4s=0 drop_classic=1906 drop_overload=0
[QUEUE_STATS] t_ms=0.016543 q_pkts=18 q_bytes=22176 ecn_mark=1008 drop_l4s=0 drop_classic=1907 drop_overload=0
[QUEUE_STATS] t_ms=0.016559 q_pkts=19 q_bytes=23408 ecn_mark=1008 drop_l4s=0 drop_classic=1909 drop_overload=0
[QUEUE_STATS] t_ms=0.016575 q_pkts=18 q_bytes=22448 ecn_mark=1008 drop_l4s=0 drop_classic=1912 drop_overload=0
[QUEUE_STATS] t_ms=0.016591 q_pkts=19 q_bytes=23680 ecn_mark=1008 drop_l4s=0 drop_classic=1914 drop_overload=0
[QUEUE_STATS] t_ms=0.016607 q_pkts=18 q_bytes=22176 ecn_mark=1009 drop_l4s=0 drop_classic=1918 drop_overload=0
[QUEUE_STATS] t_ms=0.016623 q_pkts=19 q_bytes=23408 ecn_mark=1010 drop_l4s=0 drop_classic=1920 drop_overload=0
[QUEUE_STATS] t_ms=0.016639 q_pkts=22 q_bytes=27104 ecn_mark=1012 drop_l4s=0 drop_classic=1921 drop_overload=0
[QUEUE_STATS] t_ms=0.016655 q_pkts=24 q_bytes=29568 ecn_mark=1013 drop_l4s=0 drop_classic=1922 drop_overload=0
[QUEUE_STATS] t_ms=0.016671 q_pkts=25 q_bytes=30800 ecn_mark=1015 drop_l4s=0 drop_classic=1924 drop_overload=0
[QUEUE_STATS] t_ms=0.016687 q_pkts=26 q_bytes=32032 ecn_mark=1017 drop_l4s=0 drop_classic=1925 drop_overload=0
[QUEUE_STATS] t_ms=0.016703 q_pkts=22 q_bytes=27104 ecn_mark=1017 drop_l4s=0 drop_classic=1932 drop_overload=0
[QUEUE_STATS] t_ms=0.016719 q_pkts=25 q_bytes=31072 ecn_mark=1017 drop_l4s=0 drop_classic=1932 drop_overload=0
[QUEUE_STATS] t_ms=0.016735 q_pkts=23 q_bytes=28336 ecn_mark=1018 drop_l4s=0 drop_classic=1936 drop_overload=0
[QUEUE_STATS] t_ms=0.016751 q_pkts=25 q_bytes=30800 ecn_mark=1019 drop_l4s=0 drop_classic=1937 drop_overload=0
[QUEUE_STATS] t_ms=0.016767 q_pkts=28 q_bytes=34496 ecn_mark=1021 drop_l4s=0 drop_classic=1937 drop_overload=0
[QUEUE_STATS] t_ms=0.016783 q_pkts=25 q_bytes=30800 ecn_mark=1022 drop_l4s=0 drop_classic=1943 drop_overload=0
[QUEUE_STATS] t_ms=0.016799 q_pkts=26 q_bytes=32032 ecn_mark=1022 drop_l4s=0 drop_classic=1943 drop_overload=0
[QUEUE_STATS] t_ms=0.016815 q_pkts=26 q_bytes=32032 ecn_mark=1023 drop_l4s=0 drop_classic=1946 drop_overload=0
[QUEUE_STATS] t_ms=0.016831 q_pkts=27 q_bytes=33264 ecn_mark=1025 drop_l4s=0 drop_classic=1948 drop_overload=0
[QUEUE_STATS] t_ms=0.016847 q_pkts=28 q_bytes=34741 ecn_mark=1026 drop_l4s=0 drop_classic=1950 drop_overload=0
[QUEUE_STATS] t_ms=0.016863 q_pkts=29 q_bytes=35728 ecn_mark=1028 drop_l4s=0 drop_classic=1951 drop_overload=0
[QUEUE_STATS] t_ms=0.016879 q_pkts=30 q_bytes=36960 ecn_mark=1029 drop_l4s=0 drop_classic=1952 drop_overload=0
[QUEUE_STATS] t_ms=0.016895 q_pkts=31 q_bytes=38192 ecn_mark=1030 drop_l4s=0 drop_classic=1953 drop_overload=0
[QUEUE_STATS] t_ms=0.016911 q_pkts=33 q_bytes=40928 ecn_mark=1030 drop_l4s=0 drop_classic=1954 drop_overload=0
[QUEUE_STATS] t_ms=0.016927 q_pkts=32 q_bytes=39424 ecn_mark=1031 drop_l4s=0 drop_classic=1956 drop_overload=0
[QUEUE_STATS] t_ms=0.016943 q_pkts=30 q_bytes=36960 ecn_mark=1031 drop_l4s=0 drop_classic=1960 drop_overload=0
[QUEUE_STATS] t_ms=0.016959 q_pkts=32 q_bytes=39424 ecn_mark=1031 drop_l4s=0 drop_classic=1961 drop_overload=0
[QUEUE_STATS] t_ms=0.016975 q_pkts=34 q_bytes=41888 ecn_mark=1033 drop_l4s=0 drop_classic=1962 drop_overload=0
[QUEUE_STATS] t_ms=0.016991 q_pkts=34 q_bytes=41888 ecn_mark=1034 drop_l4s=0 drop_classic=1965 drop_overload=0
[QUEUE_STATS] t_ms=0.017007 q_pkts=33 q_bytes=40656 ecn_mark=1034 drop_l4s=0 drop_classic=1968 drop_overload=0
[QUEUE_STATS] t_ms=0.017023 q_pkts=31 q_bytes=38192 ecn_mark=1035 drop_l4s=0 drop_classic=1972 drop_overload=0
[QUEUE_STATS] t_ms=0.017039 q_pkts=32 q_bytes=39424 ecn_mark=1036 drop_l4s=0 drop_classic=1974 drop_overload=0
[QUEUE_STATS] t_ms=0.017055 q_pkts=33 q_bytes=40656 ecn_mark=1037 drop_l4s=0 drop_classic=1975 drop_overload=0
[QUEUE_STATS] t_ms=0.017071 q_pkts=34 q_bytes=41888 ecn_mark=1040 drop_l4s=0 drop_classic=1977 drop_overload=0
[QUEUE_STATS] t_ms=0.017087 q_pkts=33 q_bytes=40656 ecn_mark=1041 drop_l4s=0 drop_classic=1980 drop_overload=0
[QUEUE_STATS] t_ms=0.017103 q_pkts=34 q_bytes=41888 ecn_mark=1042 drop_l4s=0 drop_classic=1980 drop_overload=0
[QUEUE_STATS] t_ms=0.017119 q_pkts=34 q_bytes=41888 ecn_mark=1043 drop_l4s=0 drop_classic=1982 drop_overload=0
[QUEUE_STATS] t_ms=0.017135 q_pkts=34 q_bytes=41888 ecn_mark=1043 drop_l4s=0 drop_classic=1984 drop_overload=0
[QUEUE_STATS] t_ms=0.017151 q_pkts=35 q_bytes=43120 ecn_mark=1045 drop_l4s=0 drop_classic=1985 drop_overload=0
[QUEUE_STATS] t_ms=0.017167 q_pkts=34 q_bytes=41888 ecn_mark=1045 drop_l4s=0 drop_classic=1986 drop_overload=0
[QUEUE_STATS] t_ms=0.017183 q_pkts=34 q_bytes=41888 ecn_mark=1045 drop_l4s=0 drop_classic=1989 drop_overload=0
[QUEUE_STATS] t_ms=0.017199 q_pkts=36 q_bytes=44352 ecn_mark=1047 drop_l4s=0 drop_classic=1990 drop_overload=0
[QUEUE_STATS] t_ms=0.017215 q_pkts=34 q_bytes=41888 ecn_mark=1047 drop_l4s=0 drop_classic=1993 drop_overload=0
[QUEUE_STATS] t_ms=0.017231 q_pkts=34 q_bytes=41888 ecn_mark=1048 drop_l4s=0 drop_classic=1995 drop_overload=0
[QUEUE_STATS] t_ms=0.017247 q_pkts=31 q_bytes=38192 ecn_mark=1049 drop_l4s=0 drop_classic=1999 drop_overload=0
[QUEUE_STATS] t_ms=0.017263 q_pkts=28 q_bytes=34496 ecn_mark=1050 drop_l4s=0 drop_classic=2004 drop_overload=0
[QUEUE_STATS] t_ms=0.017279 q_pkts=24 q_bytes=29568 ecn_mark=1051 drop_l4s=0 drop_classic=2009 drop_overload=0
[QUEUE_STATS] t_ms=0.017295 q_pkts=23 q_bytes=28336 ecn_mark=1053 drop_l4s=0 drop_classic=2012 drop_overload=0
[QUEUE_STATS] t_ms=0.017311 q_pkts=24 q_bytes=29568 ecn_mark=1054 drop_l4s=0 drop_classic=2012 drop_overload=0
[QUEUE_STATS] t_ms=0.017327 q_pkts=21 q_bytes=25872 ecn_mark=1055 drop_l4s=0 drop_classic=2015 drop_overload=0
[QUEUE_STATS] t_ms=0.017343 q_pkts=17 q_bytes=20944 ecn_mark=1056 drop_l4s=0 drop_classic=2020 drop_overload=0
[QUEUE_STATS] t_ms=0.017359 q_pkts=17 q_bytes=20319 ecn_mark=1056 drop_l4s=0 drop_classic=2022 drop_overload=0
[QUEUE_STATS] t_ms=0.017375 q_pkts=16 q_bytes=19712 ecn_mark=1056 drop_l4s=0 drop_classic=2023 drop_overload=0
[QUEUE_STATS] t_ms=0.017391 q_pkts=18 q_bytes=22176 ecn_mark=1057 drop_l4s=0 drop_classic=2024 drop_overload=0
[QUEUE_STATS] t_ms=0.017407 q_pkts=15 q_bytes=18480 ecn_mark=1058 drop_l4s=0 drop_classic=2028 drop_overload=0
[QUEUE_STATS] t_ms=0.017423 q_pkts=12 q_bytes=14784 ecn_mark=1059 drop_l4s=0 drop_classic=2032 drop_overload=0
[QUEUE_STATS] t_ms=0.017439 q_pkts=12 q_bytes=14784 ecn_mark=1060 drop_l4s=0 drop_classic=2034 drop_overload=0
[QUEUE_STATS] t_ms=0.017455 q_pkts=10 q_bytes=12320 ecn_mark=1060 drop_l4s=0 drop_classic=2037 drop_overload=0
[QUEUE_STATS] t_ms=0.017471 q_pkts=11 q_bytes=13552 ecn_mark=1063 drop_l4s=0 drop_classic=2038 drop_overload=0
[QUEUE_STATS] t_ms=0.017487 q_pkts=12 q_bytes=14784 ecn_mark=1064 drop_l4s=0 drop_classic=2039 drop_overload=0
[QUEUE_STATS] t_ms=0.017503 q_pkts=10 q_bytes=11708 ecn_mark=1065 drop_l4s=0 drop_classic=2042 drop_overload=0
[QUEUE_STATS] t_ms=0.017519 q_pkts=10 q_bytes=12320 ecn_mark=1067 drop_l4s=0 drop_classic=2043 drop_overload=0
[QUEUE_STATS] t_ms=0.017535 q_pkts=12 q_bytes=13973 ecn_mark=1068 drop_l4s=0 drop_classic=2043 drop_overload=0
[QUEUE_STATS] t_ms=0.017551 q_pkts=8 q_bytes=9856 ecn_mark=1070 drop_l4s=0 drop_classic=2047 drop_overload=0
[QUEUE_STATS] t_ms=0.017567 q_pkts=7 q_bytes=8624 ecn_mark=1072 drop_l4s=0 drop_classic=2050 drop_overload=0
[QUEUE_STATS] t_ms=0.017583 q_pkts=8 q_bytes=8906 ecn_mark=1073 drop_l4s=0 drop_classic=2050 drop_overload=0
[QUEUE_STATS] t_ms=0.017599 q_pkts=7 q_bytes=8624 ecn_mark=1074 drop_l4s=0 drop_classic=2051 drop_overload=0
[QUEUE_STATS] t_ms=0.017615 q_pkts=6 q_bytes=7392 ecn_mark=1075 drop_l4s=0 drop_classic=2053 drop_overload=0
[QUEUE_STATS] t_ms=0.017631 q_pkts=4 q_bytes=4928 ecn_mark=1076 drop_l4s=0 drop_classic=2056 drop_overload=0
[QUEUE_STATS] t_ms=0.017647 q_pkts=3 q_bytes=3696 ecn_mark=1077 drop_l4s=0 drop_classic=2058 drop_overload=0
[QUEUE_STATS] t_ms=0.017663 q_pkts=3 q_bytes=3696 ecn_mark=1078 drop_l4s=0 drop_classic=2059 drop_overload=0
[QUEUE_STATS] t_ms=0.017679 q_pkts=4 q_bytes=4928 ecn_mark=1079 drop_l4s=0 drop_classic=2059 drop_overload=0
[QUEUE_STATS] t_ms=0.017695 q_pkts=4 q_bytes=4928 ecn_mark=1079 drop_l4s=0 drop_classic=2060 drop_overload=0
[QUEUE_STATS] t_ms=0.017711 q_pkts=5 q_bytes=6160 ecn_mark=1080 drop_l4s=0 drop_classic=2061 drop_overload=0
[QUEUE_STATS] t_ms=0.017727 q_pkts=4 q_bytes=4390 ecn_mark=1080 drop_l4s=0 drop_classic=2064 drop_overload=0
[QUEUE_STATS] t_ms=0.017743 q_pkts=4 q_bytes=4928 ecn_mark=1081 drop_l4s=0 drop_classic=2065 drop_overload=0
[QUEUE_STATS] t_ms=0.017759 q_pkts=5 q_bytes=6160 ecn_mark=1083 drop_l4s=0 drop_classic=2066 drop_overload=0
[QUEUE_STATS] t_ms=0.017775 q_pkts=6 q_bytes=7392 ecn_mark=1084 drop_l4s=0 drop_classic=2067 drop_overload=0
[QUEUE_STATS] t_ms=0.017791 q_pkts=7 q_bytes=8624 ecn_mark=1084 drop_l4s=0 drop_classic=2067 drop_overload=0
[QUEUE_STATS] t_ms=0.017807 q_pkts=8 q_bytes=9856 ecn_mark=1085 drop_l4s=0 drop_classic=2068 drop_overload=0
[QUEUE_STATS] t_ms=0.017823 q_pkts=9 q_bytes=11088 ecn_mark=1085 drop_l4s=0 drop_classic=2069 drop_overload=0
[QUEUE_STATS] t_ms=0.017839 q_pkts=11 q_bytes=13552 ecn_mark=1087 drop_l4s=0 drop_classic=2070 drop_overload=0
[QUEUE_STATS] t_ms=0.017855 q_pkts=12 q_bytes=14784 ecn_mark=1088 drop_l4s=0 drop_classic=2071 drop_overload=0
[QUEUE_STATS] t_ms=0.017871 q_pkts=11 q_bytes=13552 ecn_mark=1089 drop_l4s=0 drop_classic=2073 drop_overload=0
[QUEUE_STATS] t_ms=0.017887 q_pkts=10 q_bytes=12320 ecn_mark=1090 drop_l4s=0 drop_classic=2075 drop_overload=0
[QUEUE_STATS] t_ms=0.017903 q_pkts=12 q_bytes=14784 ecn_mark=1092 drop_l4s=0 drop_classic=2075 drop_overload=0
[QUEUE_STATS] t_ms=0.017919 q_pkts=12 q_bytes=14101 ecn_mark=1092 drop_l4s=0 drop_classic=2077 drop_overload=0
[QUEUE_STATS] t_ms=0.017935 q_pkts=10 q_bytes=12320 ecn_mark=1093 drop_l4s=0 drop_classic=2079 drop_overload=0
[QUEUE_STATS] t_ms=0.017951 q_pkts=6 q_bytes=7392 ecn_mark=1094 drop_l4s=0 drop_classic=2084 drop_overload=0
[QUEUE_STATS] t_ms=0.017967 q_pkts=5 q_bytes=6160 ecn_mark=1094 drop_l4s=0 drop_classic=2086 drop_overload=0
[QUEUE_STATS] t_ms=0.017983 q_pkts=3 q_bytes=2808 ecn_mark=1094 drop_l4s=0 drop_classic=2089 drop_overload=0
[QUEUE_STATS] t_ms=0.017999 q_pkts=6 q_bytes=7392 ecn_mark=1094 drop_l4s=0 drop_classic=2089 drop_overload=0
[QUEUE_STATS] t_ms=0.018015 q_pkts=7 q_bytes=8624 ecn_mark=1094 drop_l4s=0 drop_classic=2091 drop_overload=0
[QUEUE_STATS] t_ms=0.018031 q_pkts=9 q_bytes=11088 ecn_mark=1095 drop_l4s=0 drop_classic=2092 drop_overload=0
[QUEUE_STATS] t_ms=0.018047 q_pkts=12 q_bytes=14784 ecn_mark=1097 drop_l4s=0 drop_classic=2092 drop_overload=0
[QUEUE_STATS] t_ms=0.018063 q_pkts=15 q_bytes=18480 ecn_mark=1098 drop_l4s=0 drop_classic=2092 drop_overload=0
[QUEUE_STATS] t_ms=0.018079 q_pkts=14 q_bytes=17248 ecn_mark=1098 drop_l4s=0 drop_classic=2094 drop_overload=0
[QUEUE_STATS] t_ms=0.018095 q_pkts=18 q_bytes=22448 ecn_mark=1099 drop_l4s=0 drop_classic=2094 drop_overload=0
[QUEUE_STATS] t_ms=0.018111 q_pkts=16 q_bytes=19712 ecn_mark=1099 drop_l4s=0 drop_classic=2098 drop_overload=0
[QUEUE_STATS] t_ms=0.018127 q_pkts=18 q_bytes=22176 ecn_mark=1099 drop_l4s=0 drop_classic=2099 drop_overload=0
[QUEUE_STATS] t_ms=0.018143 q_pkts=19 q_bytes=23408 ecn_mark=1100 drop_l4s=0 drop_classic=2101 drop_overload=0
[QUEUE_STATS] t_ms=0.018159 q_pkts=21 q_bytes=25872 ecn_mark=1101 drop_l4s=0 drop_classic=2102 drop_overload=0
[QUEUE_STATS] t_ms=0.018175 q_pkts=25 q_bytes=30800 ecn_mark=1102 drop_l4s=0 drop_classic=2102 drop_overload=0
[QUEUE_STATS] t_ms=0.018191 q_pkts=26 q_bytes=32032 ecn_mark=1103 drop_l4s=0 drop_classic=2104 drop_overload=0
[QUEUE_STATS] t_ms=0.018207 q_pkts=28 q_bytes=34496 ecn_mark=1104 drop_l4s=0 drop_classic=2105 drop_overload=0
[QUEUE_STATS] t_ms=0.018223 q_pkts=31 q_bytes=38464 ecn_mark=1105 drop_l4s=0 drop_classic=2106 drop_overload=0
[QUEUE_STATS] t_ms=0.018239 q_pkts=34 q_bytes=42160 ecn_mark=1106 drop_l4s=0 drop_classic=2106 drop_overload=0
[QUEUE_STATS] t_ms=0.018255 q_pkts=36 q_bytes=44352 ecn_mark=1109 drop_l4s=0 drop_classic=2107 drop_overload=0
[QUEUE_STATS] t_ms=0.018271 q_pkts=36 q_bytes=44352 ecn_mark=1109 drop_l4s=0 drop_classic=2108 drop_overload=0
[QUEUE_STATS] t_ms=0.018287 q_pkts=38 q_bytes=46816 ecn_mark=1111 drop_l4s=0 drop_classic=2109 drop_overload=0
[QUEUE_STATS] t_ms=0.018303 q_pkts=38 q_bytes=46816 ecn_mark=1111 drop_l4s=0 drop_classic=2111 drop_overload=0
[QUEUE_STATS] t_ms=0.018319 q_pkts=38 q_bytes=46816 ecn_mark=1112 drop_l4s=0 drop_classic=2113 drop_overload=0
[QUEUE_STATS] t_ms=0.018335 q_pkts=41 q_bytes=50512 ecn_mark=1112 drop_l4s=0 drop_classic=2113 drop_overload=0
[QUEUE_STATS] t_ms=0.018351 q_pkts=43 q_bytes=52976 ecn_mark=1114 drop_l4s=0 drop_classic=2113 drop_overload=0
[QUEUE_STATS] t_ms=0.018367 q_pkts=39 q_bytes=48048 ecn_mark=1114 drop_l4s=0 drop_classic=2119 drop_overload=0
[QUEUE_STATS] t_ms=0.018383 q_pkts=42 q_bytes=51744 ecn_mark=1116 drop_l4s=0 drop_classic=2119 drop_overload=0
[QUEUE_STATS] t_ms=0.018399 q_pkts=43 q_bytes=52976 ecn_mark=1116 drop_l4s=0 drop_classic=2120 drop_overload=0
[QUEUE_STATS] t_ms=0.018415 q_pkts=42 q_bytes=51744 ecn_mark=1117 drop_l4s=0 drop_classic=2124 drop_overload=0
[QUEUE_STATS] t_ms=0.018431 q_pkts=42 q_bytes=51744 ecn_mark=1118 drop_l4s=0 drop_classic=2126 drop_overload=0
[QUEUE_STATS] t_ms=0.018447 q_pkts=42 q_bytes=51744 ecn_mark=1120 drop_l4s=0 drop_classic=2128 drop_overload=0
[QUEUE_STATS] t_ms=0.018463 q_pkts=37 q_bytes=45584 ecn_mark=1120 drop_l4s=0 drop_classic=2135 drop_overload=0
[QUEUE_STATS] t_ms=0.018479 q_pkts=39 q_bytes=48048 ecn_mark=1121 drop_l4s=0 drop_classic=2135 drop_overload=0
[QUEUE_STATS] t_ms=0.018495 q_pkts=34 q_bytes=41888 ecn_mark=1122 drop_l4s=0 drop_classic=2143 drop_overload=0
[QUEUE_STATS] t_ms=0.018511 q_pkts=33 q_bytes=40656 ecn_mark=1122 drop_l4s=0 drop_classic=2146 drop_overload=0
[QUEUE_STATS] t_ms=0.018527 q_pkts=32 q_bytes=39424 ecn_mark=1124 drop_l4s=0 drop_classic=2150 drop_overload=0
[QUEUE_STATS] t_ms=0.018543 q_pkts=29 q_bytes=35728 ecn_mark=1125 drop_l4s=0 drop_classic=2154 drop_overload=0
[QUEUE_STATS] t_ms=0.018559 q_pkts=30 q_bytes=36960 ecn_mark=1127 drop_l4s=0 drop_classic=2156 drop_overload=0
[QUEUE_STATS] t_ms=0.018575 q_pkts=28 q_bytes=34496 ecn_mark=1128 drop_l4s=0 drop_classic=2159 drop_overload=0
[QUEUE_STATS] t_ms=0.018591 q_pkts=25 q_bytes=30800 ecn_mark=1129 drop_l4s=0 drop_classic=2164 drop_overload=0
[QUEUE_STATS] t_ms=0.018607 q_pkts=23 q_bytes=28336 ecn_mark=1130 drop_l4s=0 drop_classic=2167 drop_overload=0
[QUEUE_STATS] t_ms=0.018623 q_pkts=22 q_bytes=27104 ecn_mark=1132 drop_l4s=0 drop_classic=2169 drop_overload=0
[QUEUE_STATS] t_ms=0.018639 q_pkts=17 q_bytes=20944 ecn_mark=1132 drop_l4s=0 drop_classic=2175 drop_overload=0
[QUEUE_STATS] t_ms=0.018655 q_pkts=15 q_bytes=18480 ecn_mark=1133 drop_l4s=0 drop_classic=2179 drop_overload=0
[QUEUE_STATS] t_ms=0.018671 q_pkts=16 q_bytes=19712 ecn_mark=1135 drop_l4s=0 drop_classic=2179 drop_overload=0
[QUEUE_STATS] t_ms=0.018687 q_pkts=15 q_bytes=18480 ecn_mark=1136 drop_l4s=0 drop_classic=2182 drop_overload=0
[QUEUE_STATS] t_ms=0.018703 q_pkts=14 q_bytes=17248 ecn_mark=1136 drop_l4s=0 drop_classic=2184 drop_overload=0
[QUEUE_STATS] t_ms=0.018719 q_pkts=17 q_bytes=20944 ecn_mark=1138 drop_l4s=0 drop_classic=2184 drop_overload=0
[QUEUE_STATS] t_ms=0.018735 q_pkts=16 q_bytes=19712 ecn_mark=1138 drop_l4s=0 drop_classic=2186 drop_overload=0
[QUEUE_STATS] t_ms=0.018751 q_pkts=15 q_bytes=18480 ecn_mark=1138 drop_l4s=0 drop_classic=2189 drop_overload=0
[QUEUE_STATS] t_ms=0.018767 q_pkts=17 q_bytes=20944 ecn_mark=1139 drop_l4s=0 drop_classic=2190 drop_overload=0
[QUEUE_STATS] t_ms=0.018783 q_pkts=14 q_bytes=17248 ecn_mark=1140 drop_l4s=0 drop_classic=2195 drop_overload=0
[QUEUE_STATS] t_ms=0.018799 q_pkts=13 q_bytes=16288 ecn_mark=1141 drop_l4s=0 drop_classic=2198 drop_overload=0
[QUEUE_STATS] t_ms=0.018815 q_pkts=11 q_bytes=13552 ecn_mark=1143 drop_l4s=0 drop_classic=2202 drop_overload=0
[QUEUE_STATS] t_ms=0.018831 q_pkts=9 q_bytes=11088 ecn_mark=1144 drop_l4s=0 drop_classic=2205 drop_overload=0
[QUEUE_STATS] t_ms=0.018847 q_pkts=11 q_bytes=13552 ecn_mark=1145 drop_l4s=0 drop_classic=2205 drop_overload=0
[QUEUE_STATS] t_ms=0.018863 q_pkts=10 q_bytes=12320 ecn_mark=1145 drop_l4s=0 drop_classic=2207 drop_overload=0
[QUEUE_STATS] t_ms=0.018879 q_pkts=9 q_bytes=11088 ecn_mark=1146 drop_l4s=0 drop_classic=2210 drop_overload=0
[QUEUE_STATS] t_ms=0.018895 q_pkts=10 q_bytes=12320 ecn_mark=1148 drop_l4s=0 drop_classic=2211 drop_overload=0
[QUEUE_STATS] t_ms=0.018911 q_pkts=11 q_bytes=13070 ecn_mark=1149 drop_l4s=0 drop_classic=2212 drop_overload=0
[QUEUE_STATS] t_ms=0.018927 q_pkts=10 q_bytes=12320 ecn_mark=1151 drop_l4s=0 drop_classic=2213 drop_overload=0
[QUEUE_STATS] t_ms=0.018943 q_pkts=12 q_bytes=14067 ecn_mark=1152 drop_l4s=0 drop_classic=2213 drop_overload=0
[QUEUE_STATS] t_ms=0.018959 q_pkts=10 q_bytes=12320 ecn_mark=1153 drop_l4s=0 drop_classic=2216 drop_overload=0
[QUEUE_STATS] t_ms=0.018975 q_pkts=9 q_bytes=11088 ecn_mark=1154 drop_l4s=0 drop_classic=2218 drop_overload=0
[QUEUE_STATS] t_ms=0.018991 q_pkts=8 q_bytes=9856 ecn_mark=1155 drop_l4s=0 drop_classic=2221 drop_overload=0
[QUEUE_STATS] t_ms=0.019007 q_pkts=6 q_bytes=7392 ecn_mark=1155 drop_l4s=0 drop_classic=2224 drop_overload=0
[QUEUE_STATS] t_ms=0.019023 q_pkts=8 q_bytes=9856 ecn_mark=1156 drop_l4s=0 drop_classic=2225 drop_overload=0
[QUEUE_STATS] t_ms=0.019039 q_pkts=8 q_bytes=9856 ecn_mark=1158 drop_l4s=0 drop_classic=2227 drop_overload=0
[QUEUE_STATS] t_ms=0.019055 q_pkts=8 q_bytes=9706 ecn_mark=1158 drop_l4s=0 drop_classic=2229 drop_overload=0
[QUEUE_STATS] t_ms=0.019071 q_pkts=9 q_bytes=11360 ecn_mark=1159 drop_l4s=0 drop_classic=2230 drop_overload=0
[QUEUE_STATS] t_ms=0.019087 q_pkts=9 q_bytes=11088 ecn_mark=1160 drop_l4s=0 drop_classic=2232 drop_overload=0
[QUEUE_STATS] t_ms=0.019103 q_pkts=6 q_bytes=7392 ecn_mark=1161 drop_l4s=0 drop_classic=2238 drop_overload=0
[QUEUE_STATS] t_ms=0.019119 q_pkts=6 q_bytes=7392 ecn_mark=1161 drop_l4s=0 drop_classic=2240 drop_overload=0
[QUEUE_STATS] t_ms=0.019135 q_pkts=4 q_bytes=4928 ecn_mark=1163 drop_l4s=0 drop_classic=2244 drop_overload=0
[QUEUE_STATS] t_ms=0.019151 q_pkts=6 q_bytes=7392 ecn_mark=1164 drop_l4s=0 drop_classic=2244 drop_overload=0
[QUEUE_STATS] t_ms=0.019167 q_pkts=7 q_bytes=8624 ecn_mark=1166 drop_l4s=0 drop_classic=2245 drop_overload=0
[QUEUE_STATS] t_ms=0.019183 q_pkts=7 q_bytes=8624 ecn_mark=1166 drop_l4s=0 drop_classic=2246 drop_overload=0
[QUEUE_STATS] t_ms=0.019199 q_pkts=9 q_bytes=11088 ecn_mark=1167 drop_l4s=0 drop_classic=2247 drop_overload=0
[QUEUE_STATS] t_ms=0.019215 q_pkts=10 q_bytes=12320 ecn_mark=1167 drop_l4s=0 drop_classic=2247 drop_overload=0
[QUEUE_STATS] t_ms=0.019231 q_pkts=11 q_bytes=13552 ecn_mark=1167 drop_l4s=0 drop_classic=2248 drop_overload=0
[QUEUE_STATS] t_ms=0.019247 q_pkts=14 q_bytes=17248 ecn_mark=1167 drop_l4s=0 drop_classic=2248 drop_overload=0
[QUEUE_STATS] t_ms=0.019263 q_pkts=14 q_bytes=17248 ecn_mark=1168 drop_l4s=0 drop_classic=2251 drop_overload=0
[QUEUE_STATS] t_ms=0.019279 q_pkts=13 q_bytes=16016 ecn_mark=1169 drop_l4s=0 drop_classic=2254 drop_overload=0
[QUEUE_STATS] t_ms=0.019295 q_pkts=12 q_bytes=14784 ecn_mark=1171 drop_l4s=0 drop_classic=2258 drop_overload=0
[QUEUE_STATS] t_ms=0.019311 q_pkts=13 q_bytes=16016 ecn_mark=1173 drop_l4s=0 drop_classic=2260 drop_overload=0
[QUEUE_STATS] t_ms=0.019327 q_pkts=14 q_bytes=17248 ecn_mark=1173 drop_l4s=0 drop_classic=2261 drop_overload=0
[QUEUE_STATS] t_ms=0.019343 q_pkts=16 q_bytes=19712 ecn_mark=1173 drop_l4s=0 drop_classic=2262 drop_overload=0
[QUEUE_STATS] t_ms=0.019359 q_pkts=17 q_bytes=20944 ecn_mark=1174 drop_l4s=0 drop_classic=2264 drop_overload=0
[QUEUE_STATS] t_ms=0.019375 q_pkts=17 q_bytes=20944 ecn_mark=1175 drop_l4s=0 drop_classic=2266 drop_overload=0
[QUEUE_STATS] t_ms=0.019391 q_pkts=17 q_bytes=21216 ecn_mark=1176 drop_l4s=0 drop_classic=2268 drop_overload=0
[QUEUE_STATS] t_ms=0.019407 q_pkts=17 q_bytes=20944 ecn_mark=1176 drop_l4s=0 drop_classic=2271 drop_overload=0
[QUEUE_STATS] t_ms=0.019423 q_pkts=19 q_bytes=23408 ecn_mark=1177 drop_l4s=0 drop_classic=2272 drop_overload=0
[QUEUE_STATS] t_ms=0.019439 q_pkts=20 q_bytes=24640 ecn_mark=1178 drop_l4s=0 drop_classic=2273 drop_overload=0
[QUEUE_STATS] t_ms=0.019455 q_pkts=20 q_bytes=24640 ecn_mark=1179 drop_l4s=0 drop_classic=2276 drop_overload=0
[QUEUE_STATS] t_ms=0.019471 q_pkts=21 q_bytes=26144 ecn_mark=1180 drop_l4s=0 drop_classic=2277 drop_overload=0
[QUEUE_STATS] t_ms=0.019487 q_pkts=23 q_bytes=28336 ecn_mark=1182 drop_l4s=0 drop_classic=2277 drop_overload=0
[QUEUE_STATS] t_ms=0.019503 q_pkts=22 q_bytes=27104 ecn_mark=1184 drop_l4s=0 drop_classic=2280 drop_overload=0
[QUEUE_STATS] t_ms=0.019519 q_pkts=22 q_bytes=26988 ecn_mark=1184 drop_l4s=0 drop_classic=2282 drop_overload=0
[QUEUE_STATS] t_ms=0.019535 q_pkts=24 q_bytes=29568 ecn_mark=1185 drop_l4s=0 drop_classic=2282 drop_overload=0
[QUEUE_STATS] t_ms=0.019551 q_pkts=25 q_bytes=31072 ecn_mark=1186 drop_l4s=0 drop_classic=2284 drop_overload=0
[QUEUE_STATS] t_ms=0.019567 q_pkts=26 q_bytes=32032 ecn_mark=1187 drop_l4s=0 drop_classic=2284 drop_overload=0
[QUEUE_STATS] t_ms=0.019583 q_pkts=27 q_bytes=33264 ecn_mark=1188 drop_l4s=0 drop_classic=2285 drop_overload=0
[QUEUE_STATS] t_ms=0.019599 q_pkts=27 q_bytes=33264 ecn_mark=1189 drop_l4s=0 drop_classic=2287 drop_overload=0
[QUEUE_STATS] t_ms=0.019615 q_pkts=27 q_bytes=33264 ecn_mark=1189 drop_l4s=0 drop_classic=2288 drop_overload=0
[QUEUE_STATS] t_ms=0.019631 q_pkts=26 q_bytes=32032 ecn_mark=1191 drop_l4s=0 drop_classic=2291 drop_overload=0
[QUEUE_STATS] t_ms=0.019647 q_pkts=24 q_bytes=29568 ecn_mark=1192 drop_l4s=0 drop_classic=2294 drop_overload=0
[QUEUE_STATS] t_ms=0.019663 q_pkts=25 q_bytes=30800 ecn_mark=1192 drop_l4s=0 drop_classic=2295 drop_overload=0
[QUEUE_STATS] t_ms=0.019679 q_pkts=25 q_bytes=30800 ecn_mark=1193 drop_l4s=0 drop_classic=2297 drop_overload=0
[QUEUE_STATS] t_ms=0.019695 q_pkts=20 q_bytes=24640 ecn_mark=1194 drop_l4s=0 drop_classic=2303 drop_overload=0
[QUEUE_STATS] t_ms=0.019711 q_pkts=21 q_bytes=25872 ecn_mark=1195 drop_l4s=0 drop_classic=2304 drop_overload=0
[QUEUE_STATS] t_ms=0.019727 q_pkts=18 q_bytes=22176 ecn_mark=1196 drop_l4s=0 drop_classic=2308 drop_overload=0
[QUEUE_STATS] t_ms=0.019743 q_pkts=18 q_bytes=22176 ecn_mark=1198 drop_l4s=0 drop_classic=2310 drop_overload=0
[QUEUE_STATS] t_ms=0.019759 q_pkts=16 q_bytes=19712 ecn_mark=1198 drop_l4s=0 drop_classic=2313 drop_overload=0
[QUEUE_STATS] t_ms=0.019775 q_pkts=16 q_bytes=19712 ecn_mark=1200 drop_l4s=0 drop_classic=2315 drop_overload=0
[QUEUE_STATS] t_ms=0.019791 q_pkts=16 q_bytes=19712 ecn_mark=1200 drop_l4s=0 drop_classic=2316 drop_overload=0
[QUEUE_STATS] t_ms=0.019807 q_pkts=17 q_bytes=20944 ecn_mark=1202 drop_l4s=0 drop_classic=2316 drop_overload=0
[QUEUE_STATS] t_ms=0.019823 q_pkts=19 q_bytes=22854 ecn_mark=1203 drop_l4s=0 drop_classic=2316 drop_overload=0
[QUEUE_STATS] t_ms=0.019839 q_pkts=19 q_bytes=23408 ecn_mark=1203 drop_l4s=0 drop_classic=2317 drop_overload=0
[QUEUE_STATS] t_ms=0.019855 q_pkts=20 q_bytes=24640 ecn_mark=1205 drop_l4s=0 drop_classic=2318 drop_overload=0
[QUEUE_STATS] t_ms=0.019871 q_pkts=18 q_bytes=22176 ecn_mark=1205 drop_l4s=0 drop_classic=2322 drop_overload=0
[QUEUE_STATS] t_ms=0.019887 q_pkts=17 q_bytes=20944 ecn_mark=1206 drop_l4s=0 drop_classic=2325 drop_overload=0
[QUEUE_STATS] t_ms=0.019903 q_pkts=16 q_bytes=19712 ecn_mark=1206 drop_l4s=0 drop_classic=2328 drop_overload=0
[QUEUE_STATS] t_ms=0.019919 q_pkts=18 q_bytes=22176 ecn_mark=1207 drop_l4s=0 drop_classic=2328 drop_overload=0
[QUEUE_STATS] t_ms=0.019935 q_pkts=16 q_bytes=19712 ecn_mark=1207 drop_l4s=0 drop_classic=2332 drop_overload=0
[QUEUE_STATS] t_ms=0.019951 q_pkts=16 q_bytes=19712 ecn_mark=1209 drop_l4s=0 drop_classic=2335 drop_overload=0
[QUEUE_STATS] t_ms=0.019967 q_pkts=16 q_bytes=19712 ecn_mark=1210 drop_l4s=0 drop_classic=2337 drop_overload=0
[QUEUE_STATS] t_ms=0.019983 q_pkts=18 q_bytes=21973 ecn_mark=1211 drop_l4s=0 drop_classic=2338 drop_overload=0
[QUEUE_STATS] t_ms=0.019999 q_pkts=19 q_bytes=23408 ecn_mark=1213 drop_l4s=0 drop_classic=2338 drop_overload=0
[QUEUE_STATS] t_ms=0.020015 q_pkts=16 q_bytes=19712 ecn_mark=1213 drop_l4s=0 drop_classic=2342 drop_overload=0
[QUEUE_STATS] t_ms=0.020031 q_pkts=18 q_bytes=22176 ecn_mark=1215 drop_l4s=0 drop_classic=2343 drop_overload=0
[QUEUE_STATS] t_ms=0.020047 q_pkts=18 q_bytes=22176 ecn_mark=1215 drop_l4s=0 drop_classic=2344 drop_overload=0
[QUEUE_STATS] t_ms=0.020063 q_pkts=18 q_bytes=22176 ecn_mark=1216 drop_l4s=0 drop_classic=2346 drop_overload=0
[QUEUE_STATS] t_ms=0.020079 q_pkts=18 q_bytes=22176 ecn_mark=1216 drop_l4s=0 drop_classic=2347 drop_overload=0
[QUEUE_STATS] t_ms=0.020095 q_pkts=18 q_bytes=22176 ecn_mark=1217 drop_l4s=0 drop_classic=2349 drop_overload=0
[QUEUE_STATS] t_ms=0.020111 q_pkts=19 q_bytes=23408 ecn_mark=1218 drop_l4s=0 drop_classic=2349 drop_overload=0
[QUEUE_STATS] t_ms=0.020127 q_pkts=20 q_bytes=24640 ecn_mark=1219 drop_l4s=0 drop_classic=2350 drop_overload=0
[QUEUE_STATS] t_ms=0.020143 q_pkts=19 q_bytes=23153 ecn_mark=1219 drop_l4s=0 drop_classic=2352 drop_overload=0
[QUEUE_STATS] t_ms=0.020159 q_pkts=21 q_bytes=25872 ecn_mark=1219 drop_l4s=0 drop_classic=2352 drop_overload=0
[QUEUE_STATS] t_ms=0.020175 q_pkts=23 q_bytes=28336 ecn_mark=1221 drop_l4s=0 drop_classic=2352 drop_overload=0
[QUEUE_STATS] t_ms=0.020191 q_pkts=24 q_bytes=29568 ecn_mark=1222 drop_l4s=0 drop_classic=2353 drop_overload=0
[QUEUE_STATS] t_ms=0.020207 q_pkts=24 q_bytes=29568 ecn_mark=1223 drop_l4s=0 drop_classic=2354 drop_overload=0
[QUEUE_STATS] t_ms=0.020223 q_pkts=23 q_bytes=28336 ecn_mark=1224 drop_l4s=0 drop_classic=2356 drop_overload=0
[QUEUE_STATS] t_ms=0.020239 q_pkts=23 q_bytes=28336 ecn_mark=1225 drop_l4s=0 drop_classic=2358 drop_overload=0
[QUEUE_STATS] t_ms=0.020255 q_pkts=21 q_bytes=25872 ecn_mark=1226 drop_l4s=0 drop_classic=2361 drop_overload=0
[QUEUE_STATS] t_ms=0.020271 q_pkts=20 q_bytes=24640 ecn_mark=1226 drop_l4s=0 drop_classic=2364 drop_overload=0
[QUEUE_STATS] t_ms=0.020287 q_pkts=21 q_bytes=25872 ecn_mark=1226 drop_l4s=0 drop_classic=2365 drop_overload=0
[QUEUE_STATS] t_ms=0.020303 q_pkts=22 q_bytes=27104 ecn_mark=1227 drop_l4s=0 drop_classic=2367 drop_overload=0
[QUEUE_STATS] t_ms=0.020319 q_pkts=21 q_bytes=25872 ecn_mark=1227 drop_l4s=0 drop_classic=2370 drop_overload=0
[QUEUE_STATS] t_ms=0.020335 q_pkts=24 q_bytes=29568 ecn_mark=1229 drop_l4s=0 drop_classic=2370 drop_overload=0
[QUEUE_STATS] t_ms=0.020351 q_pkts=21 q_bytes=26144 ecn_mark=1230 drop_l4s=0 drop_classic=2375 drop_overload=0
[QUEUE_STATS] t_ms=0.020367 q_pkts=22 q_bytes=27104 ecn_mark=1230 drop_l4s=0 drop_classic=2376 drop_overload=0
[QUEUE_STATS] t_ms=0.020383 q_pkts=25 q_bytes=30800 ecn_mark=1232 drop_l4s=0 drop_classic=2376 drop_overload=0
[QUEUE_STATS] t_ms=0.020399 q_pkts=22 q_bytes=27104 ecn_mark=1232 drop_l4s=0 drop_classic=2381 drop_overload=0
[QUEUE_STATS] t_ms=0.020415 q_pkts=24 q_bytes=29726 ecn_mark=1233 drop_l4s=0 drop_classic=2381 drop_overload=0
[QUEUE_STATS] t_ms=0.020431 q_pkts=26 q_bytes=32032 ecn_mark=1233 drop_l4s=0 drop_classic=2381 drop_overload=0
[QUEUE_STATS] t_ms=0.020447 q_pkts=26 q_bytes=32032 ecn_mark=1233 drop_l4s=0 drop_classic=2383 drop_overload=0
[QUEUE_STATS] t_ms=0.020463 q_pkts=25 q_bytes=30800 ecn_mark=1235 drop_l4s=0 drop_classic=2387 drop_overload=0
[QUEUE_STATS] t_ms=0.020479 q_pkts=25 q_bytes=30800 ecn_mark=1237 drop_l4s=0 drop_classic=2390 drop_overload=0
[QUEUE_STATS] t_ms=0.020495 q_pkts=24 q_bytes=29568 ecn_mark=1238 drop_l4s=0 drop_classic=2392 drop_overload=0
[QUEUE_STATS] t_ms=0.020511 q_pkts=22 q_bytes=27104 ecn_mark=1238 drop_l4s=0 drop_classic=2396 drop_overload=0
[QUEUE_STATS] t_ms=0.020527 q_pkts=23 q_bytes=28336 ecn_mark=1238 drop_l4s=0 drop_classic=2397 drop_overload=0
[QUEUE_STATS] t_ms=0.020543 q_pkts=21 q_bytes=25872 ecn_mark=1240 drop_l4s=0 drop_classic=2402 drop_overload=0
[QUEUE_STATS] t_ms=0.020559 q_pkts=19 q_bytes=23408 ecn_mark=1241 drop_l4s=0 drop_classic=2405 drop_overload=0
[QUEUE_STATS] t_ms=0.020575 q_pkts=21 q_bytes=25872 ecn_mark=1242 drop_l4s=0 drop_classic=2406 drop_overload=0
[QUEUE_STATS] t_ms=0.020591 q_pkts=21 q_bytes=25872 ecn_mark=1243 drop_l4s=0 drop_classic=2408 drop_overload=0
[QUEUE_STATS] t_ms=0.020607 q_pkts=18 q_bytes=22176 ecn_mark=1244 drop_l4s=0 drop_classic=2412 drop_overload=0
[QUEUE_STATS] t_ms=0.020623 q_pkts=19 q_bytes=23408 ecn_mark=1245 drop_l4s=0 drop_classic=2413 drop_overload=0
[QUEUE_STATS] t_ms=0.020639 q_pkts=18 q_bytes=22176 ecn_mark=1246 drop_l4s=0 drop_classic=2415 drop_overload=0
[QUEUE_STATS] t_ms=0.020655 q_pkts=18 q_bytes=22176 ecn_mark=1246 drop_l4s=0 drop_classic=2416 drop_overload=0
[QUEUE_STATS] t_ms=0.020671 q_pkts=19 q_bytes=23426 ecn_mark=1247 drop_l4s=0 drop_classic=2418 drop_overload=0
[QUEUE_STATS] t_ms=0.020687 q_pkts=13 q_bytes=16034 ecn_mark=1247 drop_l4s=0 drop_classic=2425 drop_overload=0
[QUEUE_STATS] t_ms=0.020703 q_pkts=14 q_bytes=17248 ecn_mark=1248 drop_l4s=0 drop_classic=2426 drop_overload=0
[QUEUE_STATS] t_ms=0.020719 q_pkts=12 q_bytes=14784 ecn_mark=1248 drop_l4s=0 drop_classic=2430 drop_overload=0
[QUEUE_STATS] t_ms=0.020735 q_pkts=13 q_bytes=16016 ecn_mark=1248 drop_l4s=0 drop_classic=2431 drop_overload=0
[QUEUE_STATS] t_ms=0.020751 q_pkts=16 q_bytes=19984 ecn_mark=1249 drop_l4s=0 drop_classic=2431 drop_overload=0
[QUEUE_STATS] t_ms=0.020767 q_pkts=15 q_bytes=18480 ecn_mark=1250 drop_l4s=0 drop_classic=2434 drop_overload=0
[QUEUE_STATS] t_ms=0.020783 q_pkts=17 q_bytes=21207 ecn_mark=1251 drop_l4s=0 drop_classic=2435 drop_overload=0
[QUEUE_STATS] t_ms=0.020799 q_pkts=18 q_bytes=22176 ecn_mark=1253 drop_l4s=0 drop_classic=2435 drop_overload=0
[QUEUE_STATS] t_ms=0.020815 q_pkts=16 q_bytes=19712 ecn_mark=1253 drop_l4s=0 drop_classic=2439 drop_overload=0
[QUEUE_STATS] t_ms=0.020831 q_pkts=18 q_bytes=22446 ecn_mark=1254 drop_l4s=0 drop_classic=2439 drop_overload=0
[QUEUE_STATS] t_ms=0.020847 q_pkts=19 q_bytes=23678 ecn_mark=1255 drop_l4s=0 drop_classic=2440 drop_overload=0
[QUEUE_STATS] t_ms=0.020863 q_pkts=20 q_bytes=24860 ecn_mark=1255 drop_l4s=0 drop_classic=2441 drop_overload=0
[QUEUE_STATS] t_ms=0.020879 q_pkts=21 q_bytes=25872 ecn_mark=1257 drop_l4s=0 drop_classic=2442 drop_overload=0
[QUEUE_STATS] t_ms=0.020895 q_pkts=21 q_bytes=25872 ecn_mark=1257 drop_l4s=0 drop_classic=2443 drop_overload=0
[QUEUE_STATS] t_ms=0.020911 q_pkts=21 q_bytes=25628 ecn_mark=1258 drop_l4s=0 drop_classic=2445 drop_overload=0
[QUEUE_STATS] t_ms=0.020927 q_pkts=22 q_bytes=27104 ecn_mark=1259 drop_l4s=0 drop_classic=2445 drop_overload=0
[QUEUE_STATS] t_ms=0.020943 q_pkts=23 q_bytes=28336 ecn_mark=1260 drop_l4s=0 drop_classic=2446 drop_overload=0
[QUEUE_STATS] t_ms=0.020959 q_pkts=21 q_bytes=25511 ecn_mark=1261 drop_l4s=0 drop_classic=2449 drop_overload=0
[QUEUE_STATS] t_ms=0.020975 q_pkts=22 q_bytes=27104 ecn_mark=1262 drop_l4s=0 drop_classic=2450 drop_overload=0
[QUEUE_STATS] t_ms=0.020991 q_pkts=24 q_bytes=29568 ecn_mark=1264 drop_l4s=0 drop_classic=2450 drop_overload=0
[QUEUE_STATS] t_ms=0.021007 q_pkts=25 q_bytes=30800 ecn_mark=1264 drop_l4s=0 drop_classic=2451 drop_overload=0
[QUEUE_STATS] t_ms=0.021023 q_pkts=26 q_bytes=32032 ecn_mark=1265 drop_l4s=0 drop_classic=2452 drop_overload=0
[QUEUE_STATS] t_ms=0.021039 q_pkts=24 q_bytes=29251 ecn_mark=1266 drop_l4s=0 drop_classic=2456 drop_overload=0
[QUEUE_STATS] t_ms=0.021055 q_pkts=22 q_bytes=27104 ecn_mark=1267 drop_l4s=0 drop_classic=2459 drop_overload=0
[QUEUE_STATS] t_ms=0.021071 q_pkts=22 q_bytes=27287 ecn_mark=1267 drop_l4s=0 drop_classic=2462 drop_overload=0
[QUEUE_STATS] t_ms=0.021087 q_pkts=21 q_bytes=25872 ecn_mark=1269 drop_l4s=0 drop_classic=2464 drop_overload=0
[QUEUE_STATS] t_ms=0.021103 q_pkts=21 q_bytes=25872 ecn_mark=1270 drop_l4s=0 drop_classic=2466 drop_overload=0
[QUEUE_STATS] t_ms=0.021119 q_pkts=21 q_bytes=25872 ecn_mark=1271 drop_l4s=0 drop_classic=2468 drop_overload=0
[QUEUE_STATS] t_ms=0.021135 q_pkts=18 q_bytes=22176 ecn_mark=1271 drop_l4s=0 drop_classic=2472 drop_overload=0
[QUEUE_STATS] t_ms=0.021151 q_pkts=16 q_bytes=19712 ecn_mark=1273 drop_l4s=0 drop_classic=2475 drop_overload=0
[QUEUE_STATS] t_ms=0.021167 q_pkts=16 q_bytes=19712 ecn_mark=1275 drop_l4s=0 drop_classic=2477 drop_overload=0
[QUEUE_STATS] t_ms=0.021183 q_pkts=17 q_bytes=20944 ecn_mark=1276 drop_l4s=0 drop_classic=2477 drop_overload=0
[QUEUE_STATS] t_ms=0.021199 q_pkts=18 q_bytes=22176 ecn_mark=1277 drop_l4s=0 drop_classic=2477 drop_overload=0
[QUEUE_STATS] t_ms=0.021215 q_pkts=17 q_bytes=20944 ecn_mark=1278 drop_l4s=0 drop_classic=2479 drop_overload=0
[QUEUE_STATS] t_ms=0.021231 q_pkts=14 q_bytes=17248 ecn_mark=1279 drop_l4s=0 drop_classic=2483 drop_overload=0
[QUEUE_STATS] t_ms=0.021247 q_pkts=13 q_bytes=16016 ecn_mark=1279 drop_l4s=0 drop_classic=2485 drop_overload=0
[QUEUE_STATS] t_ms=0.021263 q_pkts=12 q_bytes=14784 ecn_mark=1280 drop_l4s=0 drop_classic=2488 drop_overload=0
[QUEUE_STATS] t_ms=0.021279 q_pkts=12 q_bytes=14784 ecn_mark=1281 drop_l4s=0 drop_classic=2488 drop_overload=0
[QUEUE_STATS] t_ms=0.021295 q_pkts=14 q_bytes=17248 ecn_mark=1281 drop_l4s=0 drop_classic=2489 drop_overload=0
[QUEUE_STATS] t_ms=0.021311 q_pkts=14 q_bytes=17248 ecn_mark=1282 drop_l4s=0 drop_classic=2490 drop_overload=0
[QUEUE_STATS] t_ms=0.021327 q_pkts=12 q_bytes=14784 ecn_mark=1283 drop_l4s=0 drop_classic=2493 drop_overload=0
[QUEUE_STATS] t_ms=0.021343 q_pkts=14 q_bytes=16770 ecn_mark=1284 drop_l4s=0 drop_classic=2494 drop_overload=0
[QUEUE_STATS] t_ms=0.021359 q_pkts=12 q_bytes=14784 ecn_mark=1285 drop_l4s=0 drop_classic=2496 drop_overload=0
[QUEUE_STATS] t_ms=0.021375 q_pkts=10 q_bytes=12320 ecn_mark=1286 drop_l4s=0 drop_classic=2499 drop_overload=0
[QUEUE_STATS] t_ms=0.021391 q_pkts=9 q_bytes=11088 ecn_mark=1286 drop_l4s=0 drop_classic=2501 drop_overload=0
[QUEUE_STATS] t_ms=0.021407 q_pkts=11 q_bytes=13552 ecn_mark=1286 drop_l4s=0 drop_classic=2501 drop_overload=0
[QUEUE_STATS] t_ms=0.021423 q_pkts=11 q_bytes=13552 ecn_mark=1287 drop_l4s=0 drop_classic=2503 drop_overload=0
[QUEUE_STATS] t_ms=0.021439 q_pkts=9 q_bytes=11088 ecn_mark=1288 drop_l4s=0 drop_classic=2507 drop_overload=0
[QUEUE_STATS] t_ms=0.021455 q_pkts=10 q_bytes=12320 ecn_mark=1289 drop_l4s=0 drop_classic=2508 drop_overload=0
[QUEUE_STATS] t_ms=0.021471 q_pkts=11 q_bytes=13552 ecn_mark=1290 drop_l4s=0 drop_classic=2509 drop_overload=0
[QUEUE_STATS] t_ms=0.021487 q_pkts=11 q_bytes=13552 ecn_mark=1290 drop_l4s=0 drop_classic=2510 drop_overload=0
[QUEUE_STATS] t_ms=0.021503 q_pkts=13 q_bytes=16016 ecn_mark=1290 drop_l4s=0 drop_classic=2511 drop_overload=0
[QUEUE_STATS] t_ms=0.021519 q_pkts=14 q_bytes=17520 ecn_mark=1291 drop_l4s=0 drop_classic=2513 drop_overload=0
[QUEUE_STATS] t_ms=0.021535 q_pkts=16 q_bytes=19712 ecn_mark=1292 drop_l4s=0 drop_classic=2513 drop_overload=0
[QUEUE_STATS] t_ms=0.021551 q_pkts=19 q_bytes=23408 ecn_mark=1293 drop_l4s=0 drop_classic=2513 drop_overload=0
[QUEUE_STATS] t_ms=0.021567 q_pkts=16 q_bytes=19712 ecn_mark=1293 drop_l4s=0 drop_classic=2517 drop_overload=0
[QUEUE_STATS] t_ms=0.021583 q_pkts=18 q_bytes=22448 ecn_mark=1293 drop_l4s=0 drop_classic=2518 drop_overload=0
[QUEUE_STATS] t_ms=0.021599 q_pkts=20 q_bytes=24640 ecn_mark=1294 drop_l4s=0 drop_classic=2518 drop_overload=0
[QUEUE_STATS] t_ms=0.021615 q_pkts=20 q_bytes=24640 ecn_mark=1295 drop_l4s=0 drop_classic=2521 drop_overload=0
[QUEUE_STATS] t_ms=0.021631 q_pkts=22 q_bytes=27354 ecn_mark=1295 drop_l4s=0 drop_classic=2521 drop_overload=0
[QUEUE_STATS] t_ms=0.021647 q_pkts=22 q_bytes=27104 ecn_mark=1296 drop_l4s=0 drop_classic=2523 drop_overload=0
[QUEUE_STATS] t_ms=0.021663 q_pkts=22 q_bytes=27104 ecn_mark=1297 drop_l4s=0 drop_classic=2526 drop_overload=0
[QUEUE_STATS] t_ms=0.021679 q_pkts=22 q_bytes=27104 ecn_mark=1298 drop_l4s=0 drop_classic=2528 drop_overload=0
[QUEUE_STATS] t_ms=0.021695 q_pkts=23 q_bytes=28336 ecn_mark=1300 drop_l4s=0 drop_classic=2529 drop_overload=0
[QUEUE_STATS] t_ms=0.021711 q_pkts=23 q_bytes=28336 ecn_mark=1301 drop_l4s=0 drop_classic=2531 drop_overload=0
[QUEUE_STATS] t_ms=0.021727 q_pkts=24 q_bytes=29568 ecn_mark=1303 drop_l4s=0 drop_classic=2532 drop_overload=0
[QUEUE_STATS] t_ms=0.021743 q_pkts=25 q_bytes=30800 ecn_mark=1304 drop_l4s=0 drop_classic=2532 drop_overload=0
[QUEUE_STATS] t_ms=0.021759 q_pkts=22 q_bytes=27104 ecn_mark=1306 drop_l4s=0 drop_classic=2537 drop_overload=0
[QUEUE_STATS] t_ms=0.021775 q_pkts=23 q_bytes=28336 ecn_mark=1307 drop_l4s=0 drop_classic=2537 drop_overload=0
[QUEUE_STATS] t_ms=0.021791 q_pkts=21 q_bytes=25872 ecn_mark=1309 drop_l4s=0 drop_classic=2540 drop_overload=0
[QUEUE_STATS] t_ms=0.021807 q_pkts=19 q_bytes=23408 ecn_mark=1309 drop_l4s=0 drop_classic=2543 drop_overload=0
[QUEUE_STATS] t_ms=0.021823 q_pkts=18 q_bytes=22176 ecn_mark=1311 drop_l4s=0 drop_classic=2546 drop_overload=0
[QUEUE_STATS] t_ms=0.021839 q_pkts=18 q_bytes=22176 ecn_mark=1312 drop_l4s=0 drop_classic=2547 drop_overload=0
[QUEUE_STATS] t_ms=0.021855 q_pkts=18 q_bytes=22176 ecn_mark=1312 drop_l4s=0 drop_classic=2548 drop_overload=0
[QUEUE_STATS] t_ms=0.021871 q_pkts=16 q_bytes=19023 ecn_mark=1313 drop_l4s=0 drop_classic=2550 drop_overload=0
[QUEUE_STATS] t_ms=0.021887 q_pkts=16 q_bytes=19712 ecn_mark=1313 drop_l4s=0 drop_classic=2552 drop_overload=0
[QUEUE_STATS] t_ms=0.021903 q_pkts=16 q_bytes=19712 ecn_mark=1314 drop_l4s=0 drop_classic=2554 drop_overload=0
[QUEUE_STATS] t_ms=0.021919 q_pkts=17 q_bytes=20943 ecn_mark=1314 drop_l4s=0 drop_classic=2556 drop_overload=0
[QUEUE_STATS] t_ms=0.021935 q_pkts=16 q_bytes=19984 ecn_mark=1314 drop_l4s=0 drop_classic=2560 drop_overload=0
[QUEUE_STATS] t_ms=0.021951 q_pkts=17 q_bytes=20944 ecn_mark=1315 drop_l4s=0 drop_classic=2561 drop_overload=0
[QUEUE_STATS] t_ms=0.021967 q_pkts=21 q_bytes=25872 ecn_mark=1317 drop_l4s=0 drop_classic=2561 drop_overload=0
[QUEUE_STATS] t_ms=0.021983 q_pkts=21 q_bytes=26144 ecn_mark=1317 drop_l4s=0 drop_classic=2563 drop_overload=0
[QUEUE_STATS] t_ms=0.021999 q_pkts=22 q_bytes=27104 ecn_mark=1318 drop_l4s=0 drop_classic=2564 drop_overload=0
[QUEUE_STATS] t_ms=0.022015 q_pkts=24 q_bytes=29568 ecn_mark=1318 drop_l4s=0 drop_classic=2565 drop_overload=0
[QUEUE_STATS] t_ms=0.022031 q_pkts=26 q_bytes=32032 ecn_mark=1319 drop_l4s=0 drop_classic=2566 drop_overload=0
[QUEUE_STATS] t_ms=0.022047 q_pkts=26 q_bytes=32032 ecn_mark=1322 drop_l4s=0 drop_classic=2569 drop_overload=0
[QUEUE_STATS] t_ms=0.022063 q_pkts=27 q_bytes=33536 ecn_mark=1323 drop_l4s=0 drop_classic=2571 drop_overload=0
[QUEUE_STATS] t_ms=0.022079 q_pkts=29 q_bytes=35728 ecn_mark=1324 drop_l4s=0 drop_classic=2571 drop_overload=0
[QUEUE_STATS] t_ms=0.022095 q_pkts=28 q_bytes=34496 ecn_mark=1324 drop_l4s=0 drop_classic=2574 drop_overload=0
[QUEUE_STATS] t_ms=0.022111 q_pkts=29 q_bytes=35728 ecn_mark=1326 drop_l4s=0 drop_classic=2576 drop_overload=0
[QUEUE_STATS] t_ms=0.022127 q_pkts=26 q_bytes=32245 ecn_mark=1327 drop_l4s=0 drop_classic=2580 drop_overload=0
[QUEUE_STATS] t_ms=0.022143 q_pkts=28 q_bytes=34496 ecn_mark=1328 drop_l4s=0 drop_classic=2581 drop_overload=0
[QUEUE_STATS] t_ms=0.022159 q_pkts=28 q_bytes=34496 ecn_mark=1328 drop_l4s=0 drop_classic=2582 drop_overload=0
[QUEUE_STATS] t_ms=0.022175 q_pkts=27 q_bytes=33264 ecn_mark=1329 drop_l4s=0 drop_classic=2586 drop_overload=0
[QUEUE_STATS] t_ms=0.022191 q_pkts=29 q_bytes=35728 ecn_mark=1331 drop_l4s=0 drop_classic=2587 drop_overload=0
[QUEUE_STATS] t_ms=0.022207 q_pkts=29 q_bytes=35728 ecn_mark=1332 drop_l4s=0 drop_classic=2588 drop_overload=0
[QUEUE_STATS] t_ms=0.022223 q_pkts=29 q_bytes=35839 ecn_mark=1332 drop_l4s=0 drop_classic=2591 drop_overload=0
[QUEUE_STATS] t_ms=0.022239 q_pkts=27 q_bytes=33264 ecn_mark=1334 drop_l4s=0 drop_classic=2595 drop_overload=0
[QUEUE_STATS] t_ms=0.022255 q_pkts=25 q_bytes=30800 ecn_mark=1334 drop_l4s=0 drop_classic=2598 drop_overload=0
[QUEUE_STATS] t_ms=0.022271 q_pkts=23 q_bytes=28336 ecn_mark=1336 drop_l4s=0 drop_classic=2602 drop_overload=0
[QUEUE_STATS] t_ms=0.022287 q_pkts=23 q_bytes=28336 ecn_mark=1336 drop_l4s=0 drop_classic=2604 drop_overload=0
[QUEUE_STATS] t_ms=0.022303 q_pkts=23 q_bytes=28336 ecn_mark=1338 drop_l4s=0 drop_classic=2606 drop_overload=0
[QUEUE_STATS] t_ms=0.022319 q_pkts=23 q_bytes=28336 ecn_mark=1338 drop_l4s=0 drop_classic=2608 drop_overload=0
[QUEUE_STATS] t_ms=0.022335 q_pkts=24 q_bytes=29568 ecn_mark=1338 drop_l4s=0 drop_classic=2608 drop_overload=0
[QUEUE_STATS] t_ms=0.022351 q_pkts=26 q_bytes=32032 ecn_mark=1339 drop_l4s=0 drop_classic=2609 drop_overload=0
[QUEUE_STATS] t_ms=0.022367 q_pkts=25 q_bytes=30800 ecn_mark=1341 drop_l4s=0 drop_classic=2613 drop_overload=0
[QUEUE_STATS] t_ms=0.022383 q_pkts=23 q_bytes=28336 ecn_mark=1342 drop_l4s=0 drop_classic=2617 drop_overload=0
[QUEUE_STATS] t_ms=0.022399 q_pkts=24 q_bytes=29409 ecn_mark=1343 drop_l4s=0 drop_classic=2618 drop_overload=0
[QUEUE_STATS] t_ms=0.022415 q_pkts=21 q_bytes=25872 ecn_mark=1344 drop_l4s=0 drop_classic=2622 drop_overload=0
[QUEUE_STATS] t_ms=0.022431 q_pkts=21 q_bytes=25872 ecn_mark=1344 drop_l4s=0 drop_classic=2624 drop_overload=0
[QUEUE_STATS] t_ms=0.022447 q_pkts=19 q_bytes=23408 ecn_mark=1345 drop_l4s=0 drop_classic=2629 drop_overload=0
[QUEUE_STATS] t_ms=0.022463 q_pkts=19 q_bytes=23408 ecn_mark=1346 drop_l4s=0 drop_classic=2631 drop_overload=0
[QUEUE_STATS] t_ms=0.022479 q_pkts=20 q_bytes=24640 ecn_mark=1348 drop_l4s=0 drop_classic=2632 drop_overload=0
[QUEUE_STATS] t_ms=0.022495 q_pkts=20 q_bytes=24640 ecn_mark=1349 drop_l4s=0 drop_classic=2634 drop_overload=0
[QUEUE_STATS] t_ms=0.022511 q_pkts=18 q_bytes=22176 ecn_mark=1349 drop_l4s=0 drop_classic=2637 drop_overload=0
[QUEUE_STATS] t_ms=0.022527 q_pkts=20 q_bytes=24640 ecn_mark=1350 drop_l4s=0 drop_classic=2637 drop_overload=0
[QUEUE_STATS] t_ms=0.022543 q_pkts=17 q_bytes=20944 ecn_mark=1351 drop_l4s=0 drop_classic=2641 drop_overload=0
[QUEUE_STATS] t_ms=0.022559 q_pkts=16 q_bytes=19712 ecn_mark=1353 drop_l4s=0 drop_classic=2644 drop_overload=0
[QUEUE_STATS] t_ms=0.022575 q_pkts=14 q_bytes=17248 ecn_mark=1353 drop_l4s=0 drop_classic=2647 drop_overload=0
[QUEUE_STATS] t_ms=0.022591 q_pkts=14 q_bytes=17108 ecn_mark=1353 drop_l4s=0 drop_classic=2649 drop_overload=0
[QUEUE_STATS] t_ms=0.022607 q_pkts=15 q_bytes=18480 ecn_mark=1355 drop_l4s=0 drop_classic=2649 drop_overload=0
[QUEUE_STATS] t_ms=0.022623 q_pkts=15 q_bytes=18480 ecn_mark=1355 drop_l4s=0 drop_classic=2651 drop_overload=0
[QUEUE_STATS] t_ms=0.022639 q_pkts=15 q_bytes=18480 ecn_mark=1356 drop_l4s=0 drop_classic=2652 drop_overload=0
[QUEUE_STATS] t_ms=0.022655 q_pkts=15 q_bytes=18480 ecn_mark=1357 drop_l4s=0 drop_classic=2653 drop_overload=0
[QUEUE_STATS] t_ms=0.022671 q_pkts=15 q_bytes=18480 ecn_mark=1358 drop_l4s=0 drop_classic=2655 drop_overload=0
[QUEUE_STATS] t_ms=0.022687 q_pkts=15 q_bytes=18480 ecn_mark=1359 drop_l4s=0 drop_classic=2657 drop_overload=0
[QUEUE_STATS] t_ms=0.022703 q_pkts=14 q_bytes=17248 ecn_mark=1359 drop_l4s=0 drop_classic=2660 drop_overload=0
[QUEUE_STATS] t_ms=0.022719 q_pkts=13 q_bytes=16016 ecn_mark=1361 drop_l4s=0 drop_classic=2663 drop_overload=0
[QUEUE_STATS] t_ms=0.022735 q_pkts=12 q_bytes=14784 ecn_mark=1362 drop_l4s=0 drop_classic=2665 drop_overload=0
[QUEUE_STATS] t_ms=0.022751 q_pkts=14 q_bytes=17248 ecn_mark=1364 drop_l4s=0 drop_classic=2665 drop_overload=0
[QUEUE_STATS] t_ms=0.022767 q_pkts=14 q_bytes=17248 ecn_mark=1365 drop_l4s=0 drop_classic=2667 drop_overload=0
[QUEUE_STATS] t_ms=0.022783 q_pkts=14 q_bytes=17248 ecn_mark=1367 drop_l4s=0 drop_classic=2668 drop_overload=0
[QUEUE_STATS] t_ms=0.022799 q_pkts=13 q_bytes=16016 ecn_mark=1367 drop_l4s=0 drop_classic=2670 drop_overload=0
[QUEUE_STATS] t_ms=0.022815 q_pkts=11 q_bytes=13552 ecn_mark=1368 drop_l4s=0 drop_classic=2673 drop_overload=0
[QUEUE_STATS] t_ms=0.022831 q_pkts=10 q_bytes=12320 ecn_mark=1370 drop_l4s=0 drop_classic=2676 drop_overload=0
[QUEUE_STATS] t_ms=0.022847 q_pkts=12 q_bytes=14784 ecn_mark=1371 drop_l4s=0 drop_classic=2676 drop_overload=0
[QUEUE_STATS] t_ms=0.022863 q_pkts=13 q_bytes=16016 ecn_mark=1371 drop_l4s=0 drop_classic=2676 drop_overload=0
[QUEUE_STATS] t_ms=0.022879 q_pkts=15 q_bytes=18480 ecn_mark=1373 drop_l4s=0 drop_classic=2677 drop_overload=0
[QUEUE_STATS] t_ms=0.022895 q_pkts=14 q_bytes=17248 ecn_mark=1373 drop_l4s=0 drop_classic=2678 drop_overload=0
[QUEUE_STATS] t_ms=0.022911 q_pkts=17 q_bytes=20944 ecn_mark=1373 drop_l4s=0 drop_classic=2678 drop_overload=0
[QUEUE_STATS] t_ms=0.022927 q_pkts=17 q_bytes=20944 ecn_mark=1374 drop_l4s=0 drop_classic=2679 drop_overload=0
[QUEUE_STATS] t_ms=0.022943 q_pkts=20 q_bytes=24640 ecn_mark=1376 drop_l4s=0 drop_classic=2679 drop_overload=0
[QUEUE_STATS] t_ms=0.022959 q_pkts=17 q_bytes=20944 ecn_mark=1377 drop_l4s=0 drop_classic=2683 drop_overload=0
[QUEUE_STATS] t_ms=0.022975 q_pkts=16 q_bytes=19712 ecn_mark=1379 drop_l4s=0 drop_classic=2686 drop_overload=0
[QUEUE_STATS] t_ms=0.022991 q_pkts=15 q_bytes=18480 ecn_mark=1379 drop_l4s=0 drop_classic=2688 drop_overload=0
[QUEUE_STATS] t_ms=0.023007 q_pkts=14 q_bytes=17248 ecn_mark=1380 drop_l4s=0 drop_classic=2691 drop_overload=0
[QUEUE_STATS] t_ms=0.023023 q_pkts=11 q_bytes=13552 ecn_mark=1380 drop_l4s=0 drop_classic=2695 drop_overload=0
[QUEUE_STATS] t_ms=0.023039 q_pkts=12 q_bytes=14784 ecn_mark=1382 drop_l4s=0 drop_classic=2696 drop_overload=0
[QUEUE_STATS] t_ms=0.023055 q_pkts=15 q_bytes=18480 ecn_mark=1384 drop_l4s=0 drop_classic=2696 drop_overload=0
[QUEUE_STATS] t_ms=0.023071 q_pkts=14 q_bytes=17248 ecn_mark=1385 drop_l4s=0 drop_classic=2698 drop_overload=0
[QUEUE_STATS] t_ms=0.023087 q_pkts=14 q_bytes=17248 ecn_mark=1386 drop_l4s=0 drop_classic=2700 drop_overload=0
[QUEUE_STATS] t_ms=0.023103 q_pkts=14 q_bytes=17248 ecn_mark=1387 drop_l4s=0 drop_classic=2702 drop_overload=0
[QUEUE_STATS] t_ms=0.023119 q_pkts=13 q_bytes=16016 ecn_mark=1388 drop_l4s=0 drop_classic=2704 drop_overload=0
[QUEUE_STATS] t_ms=0.023135 q_pkts=13 q_bytes=16016 ecn_mark=1389 drop_l4s=0 drop_classic=2705 drop_overload=0
[QUEUE_STATS] t_ms=0.023151 q_pkts=12 q_bytes=14784 ecn_mark=1390 drop_l4s=0 drop_classic=2707 drop_overload=0
[QUEUE_STATS] t_ms=0.023167 q_pkts=12 q_bytes=14784 ecn_mark=1391 drop_l4s=0 drop_classic=2708 drop_overload=0
[QUEUE_STATS] t_ms=0.023183 q_pkts=12 q_bytes=14784 ecn_mark=1391 drop_l4s=0 drop_classic=2710 drop_overload=0
[QUEUE_STATS] t_ms=0.023199 q_pkts=13 q_bytes=16016 ecn_mark=1393 drop_l4s=0 drop_classic=2711 drop_overload=0
[QUEUE_STATS] t_ms=0.023215 q_pkts=10 q_bytes=12320 ecn_mark=1394 drop_l4s=0 drop_classic=2715 drop_overload=0
[QUEUE_STATS] t_ms=0.023231 q_pkts=10 q_bytes=12320 ecn_mark=1396 drop_l4s=0 drop_classic=2717 drop_overload=0
[QUEUE_STATS] t_ms=0.023247 q_pkts=9 q_bytes=11088 ecn_mark=1396 drop_l4s=0 drop_classic=2719 drop_overload=0
[QUEUE_STATS] t_ms=0.023263 q_pkts=7 q_bytes=8305 ecn_mark=1396 drop_l4s=0 drop_classic=2721 drop_overload=0
[QUEUE_STATS] t_ms=0.023279 q_pkts=8 q_bytes=9856 ecn_mark=1396 drop_l4s=0 drop_classic=2722 drop_overload=0
[QUEUE_STATS] t_ms=0.023295 q_pkts=11 q_bytes=13552 ecn_mark=1397 drop_l4s=0 drop_classic=2722 drop_overload=0
[QUEUE_STATS] t_ms=0.023311 q_pkts=11 q_bytes=13733 ecn_mark=1397 drop_l4s=0 drop_classic=2724 drop_overload=0
[QUEUE_STATS] t_ms=0.023327 q_pkts=10 q_bytes=12320 ecn_mark=1399 drop_l4s=0 drop_classic=2726 drop_overload=0
[QUEUE_STATS] t_ms=0.023343 q_pkts=9 q_bytes=11088 ecn_mark=1399 drop_l4s=0 drop_classic=2728 drop_overload=0
[QUEUE_STATS] t_ms=0.023359 q_pkts=10 q_bytes=12320 ecn_mark=1401 drop_l4s=0 drop_classic=2729 drop_overload=0
[QUEUE_STATS] t_ms=0.023375 q_pkts=10 q_bytes=11886 ecn_mark=1402 drop_l4s=0 drop_classic=2731 drop_overload=0
[QUEUE_STATS] t_ms=0.023391 q_pkts=11 q_bytes=13552 ecn_mark=1403 drop_l4s=0 drop_classic=2731 drop_overload=0
[QUEUE_STATS] t_ms=0.023407 q_pkts=12 q_bytes=14784 ecn_mark=1405 drop_l4s=0 drop_classic=2731 drop_overload=0
[QUEUE_STATS] t_ms=0.023423 q_pkts=12 q_bytes=14784 ecn_mark=1407 drop_l4s=0 drop_classic=2732 drop_overload=0
[QUEUE_STATS] t_ms=0.023439 q_pkts=11 q_bytes=13552 ecn_mark=1407 drop_l4s=0 drop_classic=2734 drop_overload=0
[QUEUE_STATS] t_ms=0.023455 q_pkts=12 q_bytes=14784 ecn_mark=1408 drop_l4s=0 drop_classic=2735 drop_overload=0
[QUEUE_STATS] t_ms=0.023471 q_pkts=12 q_bytes=14784 ecn_mark=1409 drop_l4s=0 drop_classic=2737 drop_overload=0
[QUEUE_STATS] t_ms=0.023487 q_pkts=11 q_bytes=13552 ecn_mark=1409 drop_l4s=0 drop_classic=2740 drop_overload=0
[QUEUE_STATS] t_ms=0.023503 q_pkts=13 q_bytes=16016 ecn_mark=1410 drop_l4s=0 drop_classic=2740 drop_overload=0
[QUEUE_STATS] t_ms=0.023519 q_pkts=15 q_bytes=18480 ecn_mark=1410 drop_l4s=0 drop_classic=2740 drop_overload=0
[QUEUE_STATS] t_ms=0.023535 q_pkts=18 q_bytes=22176 ecn_mark=1412 drop_l4s=0 drop_classic=2740 drop_overload=0
[QUEUE_STATS] t_ms=0.023551 q_pkts=18 q_bytes=22176 ecn_mark=1412 drop_l4s=0 drop_classic=2742 drop_overload=0
[QUEUE_STATS] t_ms=0.023567 q_pkts=18 q_bytes=22176 ecn_mark=1412 drop_l4s=0 drop_classic=2743 drop_overload=0
[QUEUE_STATS] t_ms=0.023583 q_pkts=20 q_bytes=24640 ecn_mark=1414 drop_l4s=0 drop_classic=2744 drop_overload=0
[QUEUE_STATS] t_ms=0.023599 q_pkts=22 q_bytes=27104 ecn_mark=1414 drop_l4s=0 drop_classic=2744 drop_overload=0
[QUEUE_STATS] t_ms=0.023615 q_pkts=19 q_bytes=23680 ecn_mark=1414 drop_l4s=0 drop_classic=2748 drop_overload=0
[QUEUE_STATS] t_ms=0.023631 q_pkts=21 q_bytes=25872 ecn_mark=1416 drop_l4s=0 drop_classic=2749 drop_overload=0
[QUEUE_STATS] t_ms=0.023647 q_pkts=23 q_bytes=28397 ecn_mark=1417 drop_l4s=0 drop_classic=2750 drop_overload=0
[QUEUE_STATS] t_ms=0.023663 q_pkts=25 q_bytes=30800 ecn_mark=1418 drop_l4s=0 drop_classic=2750 drop_overload=0
[QUEUE_STATS] t_ms=0.023679 q_pkts=26 q_bytes=32032 ecn_mark=1418 drop_l4s=0 drop_classic=2750 drop_overload=0
[QUEUE_STATS] t_ms=0.023695 q_pkts=26 q_bytes=32304 ecn_mark=1419 drop_l4s=0 drop_classic=2753 drop_overload=0
[QUEUE_STATS] t_ms=0.023711 q_pkts=28 q_bytes=34496 ecn_mark=1420 drop_l4s=0 drop_classic=2753 drop_overload=0
[QUEUE_STATS] t_ms=0.023727 q_pkts=28 q_bytes=34496 ecn_mark=1421 drop_l4s=0 drop_classic=2755 drop_overload=0
[QUEUE_STATS] t_ms=0.023743 q_pkts=29 q_bytes=35728 ecn_mark=1423 drop_l4s=0 drop_classic=2755 drop_overload=0
[QUEUE_STATS] t_ms=0.023759 q_pkts=28 q_bytes=34496 ecn_mark=1424 drop_l4s=0 drop_classic=2758 drop_overload=0
[QUEUE_STATS] t_ms=0.023775 q_pkts=27 q_bytes=33264 ecn_mark=1424 drop_l4s=0 drop_classic=2761 drop_overload=0
[QUEUE_STATS] t_ms=0.023791 q_pkts=27 q_bytes=33264 ecn_mark=1425 drop_l4s=0 drop_classic=2762 drop_overload=0
[QUEUE_STATS] t_ms=0.023807 q_pkts=29 q_bytes=35728 ecn_mark=1426 drop_l4s=0 drop_classic=2762 drop_overload=0
[QUEUE_STATS] t_ms=0.023823 q_pkts=30 q_bytes=36960 ecn_mark=1426 drop_l4s=0 drop_classic=2763 drop_overload=0
[QUEUE_STATS] t_ms=0.023839 q_pkts=32 q_bytes=39424 ecn_mark=1428 drop_l4s=0 drop_classic=2764 drop_overload=0
[QUEUE_STATS] t_ms=0.023855 q_pkts=31 q_bytes=38192 ecn_mark=1429 drop_l4s=0 drop_classic=2766 drop_overload=0
[QUEUE_STATS] t_ms=0.023871 q_pkts=26 q_bytes=32032 ecn_mark=1430 drop_l4s=0 drop_classic=2772 drop_overload=0
[QUEUE_STATS] t_ms=0.023887 q_pkts=26 q_bytes=32032 ecn_mark=1430 drop_l4s=0 drop_classic=2773 drop_overload=0
[QUEUE_STATS] t_ms=0.023903 q_pkts=24 q_bytes=29568 ecn_mark=1432 drop_l4s=0 drop_classic=2777 drop_overload=0
[QUEUE_STATS] t_ms=0.023919 q_pkts=25 q_bytes=30198 ecn_mark=1433 drop_l4s=0 drop_classic=2778 drop_overload=0
[QUEUE_STATS] t_ms=0.023935 q_pkts=22 q_bytes=27104 ecn_mark=1434 drop_l4s=0 drop_classic=2781 drop_overload=0
[QUEUE_STATS] t_ms=0.023951 q_pkts=23 q_bytes=28096 ecn_mark=1435 drop_l4s=0 drop_classic=2782 drop_overload=0
[QUEUE_STATS] t_ms=0.023967 q_pkts=21 q_bytes=25872 ecn_mark=1437 drop_l4s=0 drop_classic=2785 drop_overload=0
[QUEUE_STATS] t_ms=0.023983 q_pkts=21 q_bytes=25872 ecn_mark=1438 drop_l4s=0 drop_classic=2787 drop_overload=0
[QUEUE_STATS] t_ms=0.023999 q_pkts=18 q_bytes=22176 ecn_mark=1438 drop_l4s=0 drop_classic=2790 drop_overload=0
[QUEUE_STATS] t_ms=0.024015 q_pkts=19 q_bytes=23408 ecn_mark=1438 drop_l4s=0 drop_classic=2791 drop_overload=0
[QUEUE_STATS] t_ms=0.024031 q_pkts=21 q_bytes=25872 ecn_mark=1440 drop_l4s=0 drop_classic=2791 drop_overload=0
[QUEUE_STATS] t_ms=0.024047 q_pkts=19 q_bytes=23408 ecn_mark=1441 drop_l4s=0 drop_classic=2794 drop_overload=0
[QUEUE_STATS] t_ms=0.024063 q_pkts=20 q_bytes=24640 ecn_mark=1442 drop_l4s=0 drop_classic=2795 drop_overload=0
[QUEUE_STATS] t_ms=0.024079 q_pkts=19 q_bytes=23408 ecn_mark=1443 drop_l4s=0 drop_classic=2797 drop_overload=0
[QUEUE_STATS] t_ms=0.024095 q_pkts=18 q_bytes=22176 ecn_mark=1444 drop_l4s=0 drop_classic=2799 drop_overload=0
[QUEUE_STATS] t_ms=0.024111 q_pkts=18 q_bytes=21356 ecn_mark=1445 drop_l4s=0 drop_classic=2801 drop_overload=0
[QUEUE_STATS] t_ms=0.024127 q_pkts=14 q_bytes=17248 ecn_mark=1445 drop_l4s=0 drop_classic=2805 drop_overload=0
[QUEUE_STATS] t_ms=0.024143 q_pkts=13 q_bytes=16016 ecn_mark=1446 drop_l4s=0 drop_classic=2808 drop_overload=0
[QUEUE_STATS] t_ms=0.024159 q_pkts=10 q_bytes=12320 ecn_mark=1446 drop_l4s=0 drop_classic=2812 drop_overload=0
[QUEUE_STATS] t_ms=0.024175 q_pkts=12 q_bytes=14784 ecn_mark=1448 drop_l4s=0 drop_classic=2812 drop_overload=0
[QUEUE_STATS] t_ms=0.024191 q_pkts=12 q_bytes=14784 ecn_mark=1449 drop_l4s=0 drop_classic=2814 drop_overload=0
[QUEUE_STATS] t_ms=0.024207 q_pkts=13 q_bytes=16016 ecn_mark=1451 drop_l4s=0 drop_classic=2816 drop_overload=0
[QUEUE_STATS] t_ms=0.024223 q_pkts=13 q_bytes=16016 ecn_mark=1452 drop_l4s=0 drop_classic=2817 drop_overload=0
[QUEUE_STATS] t_ms=0.024239 q_pkts=13 q_bytes=16016 ecn_mark=1454 drop_l4s=0 drop_classic=2819 drop_overload=0
[QUEUE_STATS] t_ms=0.024255 q_pkts=12 q_bytes=14784 ecn_mark=1455 drop_l4s=0 drop_classic=2821 drop_overload=0
[QUEUE_STATS] t_ms=0.024271 q_pkts=12 q_bytes=14784 ecn_mark=1456 drop_l4s=0 drop_classic=2823 drop_overload=0
[QUEUE_STATS] t_ms=0.024287 q_pkts=12 q_bytes=14784 ecn_mark=1456 drop_l4s=0 drop_classic=2824 drop_overload=0
[QUEUE_STATS] t_ms=0.024303 q_pkts=9 q_bytes=11088 ecn_mark=1456 drop_l4s=0 drop_classic=2829 drop_overload=0
[QUEUE_STATS] t_ms=0.024319 q_pkts=6 q_bytes=7392 ecn_mark=1457 drop_l4s=0 drop_classic=2834 drop_overload=0
[QUEUE_STATS] t_ms=0.024335 q_pkts=7 q_bytes=8624 ecn_mark=1458 drop_l4s=0 drop_classic=2835 drop_overload=0
[QUEUE_STATS] t_ms=0.024351 q_pkts=9 q_bytes=10943 ecn_mark=1458 drop_l4s=0 drop_classic=2835 drop_overload=0
[QUEUE_STATS] t_ms=0.024367 q_pkts=10 q_bytes=12320 ecn_mark=1459 drop_l4s=0 drop_classic=2836 drop_overload=0
[QUEUE_STATS] t_ms=0.024383 q_pkts=9 q_bytes=11088 ecn_mark=1459 drop_l4s=0 drop_classic=2838 drop_overload=0
[QUEUE_STATS] t_ms=0.024399 q_pkts=11 q_bytes=13552 ecn_mark=1460 drop_l4s=0 drop_classic=2839 drop_overload=0
[QUEUE_STATS] t_ms=0.024415 q_pkts=12 q_bytes=14784 ecn_mark=1461 drop_l4s=0 drop_classic=2840 drop_overload=0
[QUEUE_STATS] t_ms=0.024431 q_pkts=12 q_bytes=14784 ecn_mark=1462 drop_l4s=0 drop_classic=2842 drop_overload=0
[QUEUE_STATS] t_ms=0.024447 q_pkts=12 q_bytes=14784 ecn_mark=1463 drop_l4s=0 drop_classic=2844 drop_overload=0
[QUEUE_STATS] t_ms=0.024463 q_pkts=13 q_bytes=16016 ecn_mark=1463 drop_l4s=0 drop_classic=2845 drop_overload=0
[QUEUE_STATS] t_ms=0.024479 q_pkts=12 q_bytes=14784 ecn_mark=1463 drop_l4s=0 drop_classic=2849 drop_overload=0
[QUEUE_STATS] t_ms=0.024495 q_pkts=15 q_bytes=18752 ecn_mark=1464 drop_l4s=0 drop_classic=2849 drop_overload=0
[QUEUE_STATS] t_ms=0.024511 q_pkts=16 q_bytes=19712 ecn_mark=1464 drop_l4s=0 drop_classic=2850 drop_overload=0
[QUEUE_STATS] t_ms=0.024527 q_pkts=19 q_bytes=23680 ecn_mark=1464 drop_l4s=0 drop_classic=2851 drop_overload=0
[QUEUE_STATS] t_ms=0.024543 q_pkts=18 q_bytes=22176 ecn_mark=1466 drop_l4s=0 drop_classic=2855 drop_overload=0
[QUEUE_STATS] t_ms=0.024559 q_pkts=21 q_bytes=25872 ecn_mark=1467 drop_l4s=0 drop_classic=2855 drop_overload=0
[QUEUE_STATS] t_ms=0.024575 q_pkts=21 q_bytes=25872 ecn_mark=1468 drop_l4s=0 drop_classic=2858 drop_overload=0
[QUEUE_STATS] t_ms=0.024591 q_pkts=23 q_bytes=28336 ecn_mark=1470 drop_l4s=0 drop_classic=2859 drop_overload=0
[QUEUE_STATS] t_ms=0.024607 q_pkts=22 q_bytes=27104 ecn_mark=1472 drop_l4s=0 drop_classic=2862 drop_overload=0
[QUEUE_STATS] t_ms=0.024623 q_pkts=22 q_bytes=27104 ecn_mark=1472 drop_l4s=0 drop_classic=2864 drop_overload=0
[QUEUE_STATS] t_ms=0.024639 q_pkts=22 q_bytes=27104 ecn_mark=1474 drop_l4s=0 drop_classic=2867 drop_overload=0
[QUEUE_STATS] t_ms=0.024655 q_pkts=22 q_bytes=27104 ecn_mark=1475 drop_l4s=0 drop_classic=2869 drop_overload=0
[QUEUE_STATS] t_ms=0.024671 q_pkts=21 q_bytes=25872 ecn_mark=1476 drop_l4s=0 drop_classic=2871 drop_overload=0
[QUEUE_STATS] t_ms=0.024687 q_pkts=23 q_bytes=28336 ecn_mark=1476 drop_l4s=0 drop_classic=2872 drop_overload=0
[QUEUE_STATS] t_ms=0.024703 q_pkts=25 q_bytes=30800 ecn_mark=1478 drop_l4s=0 drop_classic=2872 drop_overload=0
[QUEUE_STATS] t_ms=0.024719 q_pkts=26 q_bytes=32032 ecn_mark=1478 drop_l4s=0 drop_classic=2873 drop_overload=0
[QUEUE_STATS] t_ms=0.024735 q_pkts=25 q_bytes=30800 ecn_mark=1479 drop_l4s=0 drop_classic=2876 drop_overload=0
[QUEUE_STATS] t_ms=0.024751 q_pkts=25 q_bytes=30800 ecn_mark=1479 drop_l4s=0 drop_classic=2878 drop_overload=0
[QUEUE_STATS] t_ms=0.024767 q_pkts=24 q_bytes=29568 ecn_mark=1481 drop_l4s=0 drop_classic=2881 drop_overload=0
[QUEUE_STATS] t_ms=0.024783 q_pkts=24 q_bytes=29568 ecn_mark=1482 drop_l4s=0 drop_classic=2884 drop_overload=0
[QUEUE_STATS] t_ms=0.024799 q_pkts=25 q_bytes=30800 ecn_mark=1483 drop_l4s=0 drop_classic=2884 drop_overload=0
[QUEUE_STATS] t_ms=0.024815 q_pkts=25 q_bytes=30800 ecn_mark=1484 drop_l4s=0 drop_classic=2886 drop_overload=0
[QUEUE_STATS] t_ms=0.024831 q_pkts=25 q_bytes=30800 ecn_mark=1485 drop_l4s=0 drop_classic=2888 drop_overload=0
[QUEUE_STATS] t_ms=0.024847 q_pkts=24 q_bytes=29568 ecn_mark=1486 drop_l4s=0 drop_classic=2891 drop_overload=0
[QUEUE_STATS] t_ms=0.024863 q_pkts=23 q_bytes=28336 ecn_mark=1487 drop_l4s=0 drop_classic=2893 drop_overload=0
[QUEUE_STATS] t_ms=0.024879 q_pkts=22 q_bytes=27104 ecn_mark=1489 drop_l4s=0 drop_classic=2896 drop_overload=0
[QUEUE_STATS] t_ms=0.024895 q_pkts=20 q_bytes=24640 ecn_mark=1490 drop_l4s=0 drop_classic=2899 drop_overload=0
[QUEUE_STATS] t_ms=0.024911 q_pkts=19 q_bytes=23408 ecn_mark=1491 drop_l4s=0 drop_classic=2901 drop_overload=0
[QUEUE_STATS] t_ms=0.024927 q_pkts=21 q_bytes=25872 ecn_mark=1491 drop_l4s=0 drop_classic=2901 drop_overload=0
[QUEUE_STATS] t_ms=0.024943 q_pkts=18 q_bytes=22176 ecn_mark=1493 drop_l4s=0 drop_classic=2905 drop_overload=0
[QUEUE_STATS] t_ms=0.024959 q_pkts=19 q_bytes=23408 ecn_mark=1494 drop_l4s=0 drop_classic=2906 drop_overload=0
[QUEUE_STATS] t_ms=0.024975 q_pkts=19 q_bytes=23408 ecn_mark=1496 drop_l4s=0 drop_classic=2908 drop_overload=0
[QUEUE_STATS] t_ms=0.024991 q_pkts=20 q_bytes=24640 ecn_mark=1497 drop_l4s=0 drop_classic=2908 drop_overload=0
[QUEUE_STATS] t_ms=0.025007 q_pkts=19 q_bytes=23408 ecn_mark=1498 drop_l4s=0 drop_classic=2910 drop_overload=0
[QUEUE_STATS] t_ms=0.025023 q_pkts=19 q_bytes=23408 ecn_mark=1499 drop_l4s=0 drop_classic=2910 drop_overload=0
[QUEUE_STATS] t_ms=0.025039 q_pkts=14 q_bytes=17248 ecn_mark=1499 drop_l4s=0 drop_classic=2916 drop_overload=0
[QUEUE_STATS] t_ms=0.025055 q_pkts=15 q_bytes=18480 ecn_mark=1501 drop_l4s=0 drop_classic=2917 drop_overload=0
[QUEUE_STATS] t_ms=0.025071 q_pkts=14 q_bytes=17248 ecn_mark=1502 drop_l4s=0 drop_classic=2918 drop_overload=0
[QUEUE_STATS] t_ms=0.025087 q_pkts=15 q_bytes=18480 ecn_mark=1503 drop_l4s=0 drop_classic=2918 drop_overload=0
[QUEUE_STATS] t_ms=0.025103 q_pkts=15 q_bytes=18480 ecn_mark=1505 drop_l4s=0 drop_classic=2919 drop_overload=0
[QUEUE_STATS] t_ms=0.025119 q_pkts=15 q_bytes=18480 ecn_mark=1506 drop_l4s=0 drop_classic=2920 drop_overload=0
[QUEUE_STATS] t_ms=0.025135 q_pkts=16 q_bytes=19712 ecn_mark=1507 drop_l4s=0 drop_classic=2920 drop_overload=0
[QUEUE_STATS] t_ms=0.025151 q_pkts=16 q_bytes=18686 ecn_mark=1507 drop_l4s=0 drop_classic=2921 drop_overload=0
[QUEUE_STATS] t_ms=0.025167 q_pkts=13 q_bytes=16016 ecn_mark=1510 drop_l4s=0 drop_classic=2924 drop_overload=0
[QUEUE_STATS] t_ms=0.025183 q_pkts=14 q_bytes=17248 ecn_mark=1510 drop_l4s=0 drop_classic=2925 drop_overload=0
[QUEUE_STATS] t_ms=0.025199 q_pkts=15 q_bytes=18480 ecn_mark=1512 drop_l4s=0 drop_classic=2925 drop_overload=0
[QUEUE_STATS] t_ms=0.025215 q_pkts=17 q_bytes=20944 ecn_mark=1513 drop_l4s=0 drop_classic=2925 drop_overload=0
[QUEUE_STATS] t_ms=0.025231 q_pkts=18 q_bytes=22176 ecn_mark=1513 drop_l4s=0 drop_classic=2925 drop_overload=0
[QUEUE_STATS] t_ms=0.025247 q_pkts=17 q_bytes=20944 ecn_mark=1514 drop_l4s=0 drop_classic=2927 drop_overload=0
[QUEUE_STATS] t_ms=0.025263 q_pkts=16 q_bytes=19712 ecn_mark=1515 drop_l4s=0 drop_classic=2929 drop_overload=0
[QUEUE_STATS] t_ms=0.025279 q_pkts=18 q_bytes=22176 ecn_mark=1515 drop_l4s=0 drop_classic=2929 drop_overload=0
[QUEUE_STATS] t_ms=0.025295 q_pkts=19 q_bytes=23408 ecn_mark=1515 drop_l4s=0 drop_classic=2930 drop_overload=0
[QUEUE_STATS] t_ms=0.025311 q_pkts=16 q_bytes=19984 ecn_mark=1515 drop_l4s=0 drop_classic=2935 drop_overload=0
[QUEUE_STATS] t_ms=0.025327 q_pkts=18 q_bytes=22448 ecn_mark=1515 drop_l4s=0 drop_classic=2936 drop_overload=0
[QUEUE_STATS] t_ms=0.025343 q_pkts=18 q_bytes=22176 ecn_mark=1517 drop_l4s=0 drop_classic=2938 drop_overload=0
[QUEUE_STATS] t_ms=0.025359 q_pkts=20 q_bytes=24640 ecn_mark=1519 drop_l4s=0 drop_classic=2939 drop_overload=0
[QUEUE_STATS] t_ms=0.025375 q_pkts=19 q_bytes=23408 ecn_mark=1519 drop_l4s=0 drop_classic=2942 drop_overload=0
[QUEUE_STATS] t_ms=0.025391 q_pkts=21 q_bytes=25872 ecn_mark=1520 drop_l4s=0 drop_classic=2942 drop_overload=0
[QUEUE_STATS] t_ms=0.025407 q_pkts=19 q_bytes=23408 ecn_mark=1520 drop_l4s=0 drop_classic=2945 drop_overload=0
[QUEUE_STATS] t_ms=0.025423 q_pkts=21 q_bytes=25872 ecn_mark=1521 drop_l4s=0 drop_classic=2946 drop_overload=0
[QUEUE_STATS] t_ms=0.025439 q_pkts=22 q_bytes=27104 ecn_mark=1521 drop_l4s=0 drop_classic=2946 drop_overload=0
[QUEUE_STATS] t_ms=0.025455 q_pkts=23 q_bytes=28336 ecn_mark=1522 drop_l4s=0 drop_classic=2948 drop_overload=0
[QUEUE_STATS] t_ms=0.025471 q_pkts=25 q_bytes=30800 ecn_mark=1524 drop_l4s=0 drop_classic=2948 drop_overload=0
[QUEUE_STATS] t_ms=0.025487 q_pkts=25 q_bytes=30800 ecn_mark=1525 drop_l4s=0 drop_classic=2950 drop_overload=0
[QUEUE_STATS] t_ms=0.025503 q_pkts=25 q_bytes=30800 ecn_mark=1526 drop_l4s=0 drop_classic=2952 drop_overload=0
[QUEUE_STATS] t_ms=0.025519 q_pkts=27 q_bytes=33264 ecn_mark=1526 drop_l4s=0 drop_classic=2952 drop_overload=0
[QUEUE_STATS] t_ms=0.025535 q_pkts=23 q_bytes=28336 ecn_mark=1527 drop_l4s=0 drop_classic=2957 drop_overload=0
[QUEUE_STATS] t_ms=0.025551 q_pkts=24 q_bytes=29568 ecn_mark=1528 drop_l4s=0 drop_classic=2958 drop_overload=0
[QUEUE_STATS] t_ms=0.025567 q_pkts=25 q_bytes=30800 ecn_mark=1529 drop_l4s=0 drop_classic=2959 drop_overload=0
[QUEUE_STATS] t_ms=0.025583 q_pkts=25 q_bytes=30800 ecn_mark=1530 drop_l4s=0 drop_classic=2961 drop_overload=0
[QUEUE_STATS] t_ms=0.025599 q_pkts=26 q_bytes=32032 ecn_mark=1531 drop_l4s=0 drop_classic=2961 drop_overload=0
[QUEUE_STATS] t_ms=0.025615 q_pkts=25 q_bytes=30800 ecn_mark=1531 drop_l4s=0 drop_classic=2963 drop_overload=0
[QUEUE_STATS] t_ms=0.025631 q_pkts=24 q_bytes=29568 ecn_mark=1532 drop_l4s=0 drop_classic=2966 drop_overload=0
[QUEUE_STATS] t_ms=0.025647 q_pkts=24 q_bytes=29100 ecn_mark=1532 drop_l4s=0 drop_classic=2968 drop_overload=0
[QUEUE_STATS] t_ms=0.025663 q_pkts=23 q_bytes=27967 ecn_mark=1534 drop_l4s=0 drop_classic=2969 drop_overload=0
[QUEUE_STATS] t_ms=0.025679 q_pkts=25 q_bytes=30800 ecn_mark=1534 drop_l4s=0 drop_classic=2970 drop_overload=0
[QUEUE_STATS] t_ms=0.025695 q_pkts=23 q_bytes=28336 ecn_mark=1536 drop_l4s=0 drop_classic=2974 drop_overload=0
[QUEUE_STATS] t_ms=0.025711 q_pkts=25 q_bytes=30800 ecn_mark=1536 drop_l4s=0 drop_classic=2974 drop_overload=0
[QUEUE_STATS] t_ms=0.025727 q_pkts=25 q_bytes=30800 ecn_mark=1537 drop_l4s=0 drop_classic=2976 drop_overload=0
[QUEUE_STATS] t_ms=0.025743 q_pkts=24 q_bytes=29568 ecn_mark=1538 drop_l4s=0 drop_classic=2978 drop_overload=0
[QUEUE_STATS] t_ms=0.025759 q_pkts=24 q_bytes=29568 ecn_mark=1539 drop_l4s=0 drop_classic=2980 drop_overload=0
[QUEUE_STATS] t_ms=0.025775 q_pkts=22 q_bytes=27104 ecn_mark=1540 drop_l4s=0 drop_classic=2983 drop_overload=0
[QUEUE_STATS] t_ms=0.025791 q_pkts=20 q_bytes=24640 ecn_mark=1540 drop_l4s=0 drop_classic=2986 drop_overload=0
[QUEUE_STATS] t_ms=0.025807 q_pkts=17 q_bytes=20944 ecn_mark=1541 drop_l4s=0 drop_classic=2991 drop_overload=0
[QUEUE_STATS] t_ms=0.025823 q_pkts=14 q_bytes=17248 ecn_mark=1542 drop_l4s=0 drop_classic=2995 drop_overload=0
[QUEUE_STATS] t_ms=0.025839 q_pkts=14 q_bytes=17248 ecn_mark=1543 drop_l4s=0 drop_classic=2997 drop_overload=0
[QUEUE_STATS] t_ms=0.025855 q_pkts=13 q_bytes=16016 ecn_mark=1545 drop_l4s=0 drop_classic=2999 drop_overload=0
[QUEUE_STATS] t_ms=0.025871 q_pkts=12 q_bytes=14784 ecn_mark=1546 drop_l4s=0 drop_classic=3001 drop_overload=0
[QUEUE_STATS] t_ms=0.025887 q_pkts=13 q_bytes=16016 ecn_mark=1548 drop_l4s=0 drop_classic=3001 drop_overload=0
[QUEUE_STATS] t_ms=0.025903 q_pkts=13 q_bytes=16016 ecn_mark=1549 drop_l4s=0 drop_classic=3002 drop_overload=0
[QUEUE_STATS] t_ms=0.025919 q_pkts=13 q_bytes=16016 ecn_mark=1549 drop_l4s=0 drop_classic=3003 drop_overload=0
[QUEUE_STATS] t_ms=0.025935 q_pkts=13 q_bytes=16016 ecn_mark=1550 drop_l4s=0 drop_classic=3005 drop_overload=0
[QUEUE_STATS] t_ms=0.025951 q_pkts=12 q_bytes=14784 ecn_mark=1552 drop_l4s=0 drop_classic=3007 drop_overload=0
[QUEUE_STATS] t_ms=0.025967 q_pkts=14 q_bytes=17248 ecn_mark=1554 drop_l4s=0 drop_classic=3007 drop_overload=0
[QUEUE_STATS] t_ms=0.025983 q_pkts=12 q_bytes=14784 ecn_mark=1555 drop_l4s=0 drop_classic=3010 drop_overload=0
[QUEUE_STATS] t_ms=0.025999 q_pkts=11 q_bytes=13552 ecn_mark=1556 drop_l4s=0 drop_classic=3012 drop_overload=0
[QUEUE_STATS] t_ms=0.026015 q_pkts=12 q_bytes=14784 ecn_mark=1557 drop_l4s=0 drop_classic=3012 drop_overload=0
[QUEUE_STATS] t_ms=0.026031 q_pkts=11 q_bytes=13552 ecn_mark=1557 drop_l4s=0 drop_classic=3015 drop_overload=0
[QUEUE_STATS] t_ms=0.026047 q_pkts=7 q_bytes=8671 ecn_mark=1557 drop_l4s=0 drop_classic=3020 drop_overload=0
[QUEUE_STATS] t_ms=0.026063 q_pkts=6 q_bytes=7392 ecn_mark=1557 drop_l4s=0 drop_classic=3023 drop_overload=0
[QUEUE_STATS] t_ms=0.026079 q_pkts=7 q_bytes=8624 ecn_mark=1557 drop_l4s=0 drop_classic=3025 drop_overload=0
[QUEUE_STATS] t_ms=0.026095 q_pkts=9 q_bytes=11088 ecn_mark=1559 drop_l4s=0 drop_classic=3026 drop_overload=0
[QUEUE_STATS] t_ms=0.026111 q_pkts=12 q_bytes=15056 ecn_mark=1560 drop_l4s=0 drop_classic=3026 drop_overload=0
[QUEUE_STATS] t_ms=0.026127 q_pkts=11 q_bytes=13552 ecn_mark=1562 drop_l4s=0 drop_classic=3029 drop_overload=0
[QUEUE_STATS] t_ms=0.026143 q_pkts=11 q_bytes=13552 ecn_mark=1563 drop_l4s=0 drop_classic=3030 drop_overload=0
[QUEUE_STATS] t_ms=0.026159 q_pkts=12 q_bytes=14784 ecn_mark=1564 drop_l4s=0 drop_classic=3031 drop_overload=0
[QUEUE_STATS] t_ms=0.026175 q_pkts=10 q_bytes=12320 ecn_mark=1565 drop_l4s=0 drop_classic=3034 drop_overload=0
[QUEUE_STATS] t_ms=0.026191 q_pkts=12 q_bytes=14784 ecn_mark=1566 drop_l4s=0 drop_classic=3034 drop_overload=0
[QUEUE_STATS] t_ms=0.026207 q_pkts=12 q_bytes=14784 ecn_mark=1567 drop_l4s=0 drop_classic=3034 drop_overload=0
[QUEUE_STATS] t_ms=0.026223 q_pkts=14 q_bytes=17248 ecn_mark=1568 drop_l4s=0 drop_classic=3034 drop_overload=0
[QUEUE_STATS] t_ms=0.026239 q_pkts=14 q_bytes=17248 ecn_mark=1568 drop_l4s=0 drop_classic=3035 drop_overload=0
[QUEUE_STATS] t_ms=0.026255 q_pkts=14 q_bytes=17248 ecn_mark=1568 drop_l4s=0 drop_classic=3037 drop_overload=0
[QUEUE_STATS] t_ms=0.026271 q_pkts=14 q_bytes=17248 ecn_mark=1569 drop_l4s=0 drop_classic=3039 drop_overload=0
[QUEUE_STATS] t_ms=0.026287 q_pkts=15 q_bytes=18480 ecn_mark=1569 drop_l4s=0 drop_classic=3040 drop_overload=0
[QUEUE_STATS] t_ms=0.026303 q_pkts=17 q_bytes=20944 ecn_mark=1570 drop_l4s=0 drop_classic=3041 drop_overload=0
[QUEUE_STATS] t_ms=0.026319 q_pkts=18 q_bytes=22267 ecn_mark=1571 drop_l4s=0 drop_classic=3042 drop_overload=0
[QUEUE_STATS] t_ms=0.026335 q_pkts=17 q_bytes=20944 ecn_mark=1571 drop_l4s=0 drop_classic=3045 drop_overload=0
[QUEUE_STATS] t_ms=0.026351 q_pkts=18 q_bytes=22176 ecn_mark=1571 drop_l4s=0 drop_classic=3047 drop_overload=0
[QUEUE_STATS] t_ms=0.026367 q_pkts=19 q_bytes=23408 ecn_mark=1571 drop_l4s=0 drop_classic=3049 drop_overload=0
[QUEUE_STATS] t_ms=0.026383 q_pkts=23 q_bytes=28608 ecn_mark=1572 drop_l4s=0 drop_classic=3049 drop_overload=0
[QUEUE_STATS] t_ms=0.026399 q_pkts=24 q_bytes=29568 ecn_mark=1573 drop_l4s=0 drop_classic=3051 drop_overload=0
[QUEUE_STATS] t_ms=0.026415 q_pkts=24 q_bytes=29568 ecn_mark=1575 drop_l4s=0 drop_classic=3054 drop_overload=0
[QUEUE_STATS] t_ms=0.026431 q_pkts=24 q_bytes=29568 ecn_mark=1576 drop_l4s=0 drop_classic=3057 drop_overload=0
[QUEUE_STATS] t_ms=0.026447 q_pkts=23 q_bytes=28336 ecn_mark=1578 drop_l4s=0 drop_classic=3060 drop_overload=0
[QUEUE_STATS] t_ms=0.026463 q_pkts=25 q_bytes=30800 ecn_mark=1578 drop_l4s=0 drop_classic=3060 drop_overload=0
[QUEUE_STATS] t_ms=0.026479 q_pkts=27 q_bytes=33264 ecn_mark=1579 drop_l4s=0 drop_classic=3060 drop_overload=0
[QUEUE_STATS] t_ms=0.026495 q_pkts=28 q_bytes=34496 ecn_mark=1581 drop_l4s=0 drop_classic=3062 drop_overload=0
[QUEUE_STATS] t_ms=0.026511 q_pkts=29 q_bytes=35728 ecn_mark=1582 drop_l4s=0 drop_classic=3063 drop_overload=0
[QUEUE_STATS] t_ms=0.026527 q_pkts=30 q_bytes=36960 ecn_mark=1583 drop_l4s=0 drop_classic=3064 drop_overload=0
[QUEUE_STATS] t_ms=0.026543 q_pkts=29 q_bytes=35728 ecn_mark=1585 drop_l4s=0 drop_classic=3067 drop_overload=0
[QUEUE_STATS] t_ms=0.026559 q_pkts=27 q_bytes=33264 ecn_mark=1586 drop_l4s=0 drop_classic=3070 drop_overload=0
[QUEUE_STATS] t_ms=0.026575 q_pkts=26 q_bytes=32032 ecn_mark=1587 drop_l4s=0 drop_classic=3073 drop_overload=0
[QUEUE_STATS] t_ms=0.026591 q_pkts=25 q_bytes=30800 ecn_mark=1588 drop_l4s=0 drop_classic=3075 drop_overload=0
[QUEUE_STATS] t_ms=0.026607 q_pkts=25 q_bytes=30800 ecn_mark=1588 drop_l4s=0 drop_classic=3076 drop_overload=0
[QUEUE_STATS] t_ms=0.026623 q_pkts=26 q_bytes=32032 ecn_mark=1589 drop_l4s=0 drop_classic=3076 drop_overload=0
[QUEUE_STATS] t_ms=0.026639 q_pkts=27 q_bytes=32835 ecn_mark=1589 drop_l4s=0 drop_classic=3077 drop_overload=0
[QUEUE_STATS] t_ms=0.026655 q_pkts=25 q_bytes=30800 ecn_mark=1591 drop_l4s=0 drop_classic=3079 drop_overload=0
[QUEUE_STATS] t_ms=0.026671 q_pkts=23 q_bytes=28336 ecn_mark=1593 drop_l4s=0 drop_classic=3083 drop_overload=0
[QUEUE_STATS] t_ms=0.026687 q_pkts=22 q_bytes=27104 ecn_mark=1593 drop_l4s=0 drop_classic=3085 drop_overload=0
[QUEUE_STATS] t_ms=0.026703 q_pkts=22 q_bytes=27104 ecn_mark=1594 drop_l4s=0 drop_classic=3087 drop_overload=0
[QUEUE_STATS] t_ms=0.026719 q_pkts=20 q_bytes=24640 ecn_mark=1594 drop_l4s=0 drop_classic=3090 drop_overload=0
[QUEUE_STATS] t_ms=0.026735 q_pkts=20 q_bytes=24640 ecn_mark=1595 drop_l4s=0 drop_classic=3092 drop_overload=0
[QUEUE_STATS] t_ms=0.026751 q_pkts=19 q_bytes=23408 ecn_mark=1597 drop_l4s=0 drop_classic=3095 drop_overload=0
[QUEUE_STATS] t_ms=0.026767 q_pkts=21 q_bytes=25872 ecn_mark=1597 drop_l4s=0 drop_classic=3095 drop_overload=0
[QUEUE_STATS] t_ms=0.026783 q_pkts=18 q_bytes=21823 ecn_mark=1599 drop_l4s=0 drop_classic=3099 drop_overload=0
[QUEUE_STATS] t_ms=0.026799 q_pkts=19 q_bytes=23408 ecn_mark=1601 drop_l4s=0 drop_classic=3100 drop_overload=0
[QUEUE_STATS] t_ms=0.026815 q_pkts=20 q_bytes=24640 ecn_mark=1601 drop_l4s=0 drop_classic=3101 drop_overload=0
[QUEUE_STATS] t_ms=0.026831 q_pkts=20 q_bytes=24640 ecn_mark=1603 drop_l4s=0 drop_classic=3103 drop_overload=0
[QUEUE_STATS] t_ms=0.026847 q_pkts=21 q_bytes=25872 ecn_mark=1604 drop_l4s=0 drop_classic=3103 drop_overload=0
[QUEUE_STATS] t_ms=0.026863 q_pkts=20 q_bytes=24640 ecn_mark=1605 drop_l4s=0 drop_classic=3105 drop_overload=0
[QUEUE_STATS] t_ms=0.026879 q_pkts=19 q_bytes=23408 ecn_mark=1606 drop_l4s=0 drop_classic=3107 drop_overload=0
[QUEUE_STATS] t_ms=0.026895 q_pkts=19 q_bytes=23408 ecn_mark=1607 drop_l4s=0 drop_classic=3108 drop_overload=0
[QUEUE_STATS] t_ms=0.026911 q_pkts=21 q_bytes=25872 ecn_mark=1607 drop_l4s=0 drop_classic=3108 drop_overload=0
[QUEUE_STATS] t_ms=0.026927 q_pkts=22 q_bytes=26787 ecn_mark=1608 drop_l4s=0 drop_classic=3109 drop_overload=0
[QUEUE_STATS] t_ms=0.026943 q_pkts=22 q_bytes=27104 ecn_mark=1608 drop_l4s=0 drop_classic=3109 drop_overload=0
[QUEUE_STATS] t_ms=0.026959 q_pkts=24 q_bytes=29568 ecn_mark=1609 drop_l4s=0 drop_classic=3109 drop_overload=0
[QUEUE_STATS] t_ms=0.026975 q_pkts=24 q_bytes=29568 ecn_mark=1609 drop_l4s=0 drop_classic=3110 drop_overload=0
[QUEUE_STATS] t_ms=0.026991 q_pkts=24 q_bytes=29328 ecn_mark=1610 drop_l4s=0 drop_classic=3113 drop_overload=0
[QUEUE_STATS] t_ms=0.027007 q_pkts=23 q_bytes=28336 ecn_mark=1612 drop_l4s=0 drop_classic=3115 drop_overload=0
[QUEUE_STATS] t_ms=0.027023 q_pkts=24 q_bytes=29568 ecn_mark=1613 drop_l4s=0 drop_classic=3115 drop_overload=0
[QUEUE_STATS] t_ms=0.027039 q_pkts=23 q_bytes=28336 ecn_mark=1615 drop_l4s=0 drop_classic=3118 drop_overload=0
[QUEUE_STATS] t_ms=0.027055 q_pkts=22 q_bytes=25924 ecn_mark=1615 drop_l4s=0 drop_classic=3121 drop_overload=0
[QUEUE_STATS] t_ms=0.027071 q_pkts=21 q_bytes=25872 ecn_mark=1617 drop_l4s=0 drop_classic=3123 drop_overload=0
[QUEUE_STATS] t_ms=0.027087 q_pkts=21 q_bytes=25872 ecn_mark=1617 drop_l4s=0 drop_classic=3124 drop_overload=0
[QUEUE_STATS] t_ms=0.027103 q_pkts=21 q_bytes=25872 ecn_mark=1618 drop_l4s=0 drop_classic=3125 drop_overload=0
[QUEUE_STATS] t_ms=0.027119 q_pkts=19 q_bytes=23408 ecn_mark=1618 drop_l4s=0 drop_classic=3129 drop_overload=0
[QUEUE_STATS] t_ms=0.027135 q_pkts=20 q_bytes=24640 ecn_mark=1619 drop_l4s=0 drop_classic=3129 drop_overload=0
[QUEUE_STATS] t_ms=0.027151 q_pkts=19 q_bytes=23408 ecn_mark=1620 drop_l4s=0 drop_classic=3131 drop_overload=0
[QUEUE_STATS] t_ms=0.027167 q_pkts=20 q_bytes=24640 ecn_mark=1621 drop_l4s=0 drop_classic=3132 drop_overload=0
[QUEUE_STATS] t_ms=0.027183 q_pkts=16 q_bytes=19712 ecn_mark=1621 drop_l4s=0 drop_classic=3137 drop_overload=0
[QUEUE_STATS] t_ms=0.027199 q_pkts=16 q_bytes=19712 ecn_mark=1621 drop_l4s=0 drop_classic=3138 drop_overload=0
[QUEUE_STATS] t_ms=0.027215 q_pkts=15 q_bytes=18480 ecn_mark=1621 drop_l4s=0 drop_classic=3142 drop_overload=0
[QUEUE_STATS] t_ms=0.027231 q_pkts=16 q_bytes=19712 ecn_mark=1622 drop_l4s=0 drop_classic=3144 drop_overload=0
[QUEUE_STATS] t_ms=0.027247 q_pkts=17 q_bytes=20944 ecn_mark=1623 drop_l4s=0 drop_classic=3146 drop_overload=0
[QUEUE_STATS] t_ms=0.027263 q_pkts=18 q_bytes=22176 ecn_mark=1623 drop_l4s=0 drop_classic=3147 drop_overload=0
[QUEUE_STATS] t_ms=0.027279 q_pkts=21 q_bytes=25872 ecn_mark=1626 drop_l4s=0 drop_classic=3147 drop_overload=0
[QUEUE_STATS] t_ms=0.027295 q_pkts=23 q_bytes=28608 ecn_mark=1626 drop_l4s=0 drop_classic=3148 drop_overload=0
[QUEUE_STATS] t_ms=0.027311 q_pkts=22 q_bytes=27104 ecn_mark=1627 drop_l4s=0 drop_classic=3150 drop_overload=0
[QUEUE_STATS] t_ms=0.027327 q_pkts=22 q_bytes=27376 ecn_mark=1628 drop_l4s=0 drop_classic=3152 drop_overload=0
[QUEUE_STATS] t_ms=0.027343 q_pkts=23 q_bytes=28336 ecn_mark=1628 drop_l4s=0 drop_classic=3154 drop_overload=0
[QUEUE_STATS] t_ms=0.027359 q_pkts=24 q_bytes=29568 ecn_mark=1628 drop_l4s=0 drop_classic=3156 drop_overload=0
[QUEUE_STATS] t_ms=0.027375 q_pkts=26 q_bytes=32032 ecn_mark=1629 drop_l4s=0 drop_classic=3158 drop_overload=0
[QUEUE_STATS] t_ms=0.027391 q_pkts=28 q_bytes=34496 ecn_mark=1631 drop_l4s=0 drop_classic=3159 drop_overload=0
[QUEUE_STATS] t_ms=0.027407 q_pkts=29 q_bytes=35728 ecn_mark=1632 drop_l4s=0 drop_classic=3161 drop_overload=0
[QUEUE_STATS] t_ms=0.027423 q_pkts=30 q_bytes=36960 ecn_mark=1634 drop_l4s=0 drop_classic=3163 drop_overload=0
[QUEUE_STATS] t_ms=0.027439 q_pkts=30 q_bytes=37037 ecn_mark=1635 drop_l4s=0 drop_classic=3166 drop_overload=0
[QUEUE_STATS] t_ms=0.027455 q_pkts=29 q_bytes=35728 ecn_mark=1637 drop_l4s=0 drop_classic=3168 drop_overload=0
[QUEUE_STATS] t_ms=0.027471 q_pkts=27 q_bytes=32970 ecn_mark=1638 drop_l4s=0 drop_classic=3171 drop_overload=0
[QUEUE_STATS] t_ms=0.027487 q_pkts=30 q_bytes=36960 ecn_mark=1638 drop_l4s=0 drop_classic=3171 drop_overload=0
[QUEUE_STATS] t_ms=0.027503 q_pkts=31 q_bytes=38192 ecn_mark=1639 drop_l4s=0 drop_classic=3172 drop_overload=0
[QUEUE_STATS] t_ms=0.027519 q_pkts=31 q_bytes=38192 ecn_mark=1640 drop_l4s=0 drop_classic=3174 drop_overload=0
[QUEUE_STATS] t_ms=0.027535 q_pkts=32 q_bytes=39424 ecn_mark=1640 drop_l4s=0 drop_classic=3174 drop_overload=0
[QUEUE_STATS] t_ms=0.027551 q_pkts=34 q_bytes=41888 ecn_mark=1642 drop_l4s=0 drop_classic=3175 drop_overload=0
[QUEUE_STATS] t_ms=0.027567 q_pkts=35 q_bytes=43120 ecn_mark=1642 drop_l4s=0 drop_classic=3176 drop_overload=0
[QUEUE_STATS] t_ms=0.027583 q_pkts=35 q_bytes=43120 ecn_mark=1642 drop_l4s=0 drop_classic=3177 drop_overload=0
[QUEUE_STATS] t_ms=0.027599 q_pkts=37 q_bytes=45584 ecn_mark=1643 drop_l4s=0 drop_classic=3178 drop_overload=0
[QUEUE_STATS] t_ms=0.027615 q_pkts=38 q_bytes=46816 ecn_mark=1644 drop_l4s=0 drop_classic=3179 drop_overload=0
[QUEUE_STATS] t_ms=0.027631 q_pkts=35 q_bytes=43120 ecn_mark=1645 drop_l4s=0 drop_classic=3185 drop_overload=0
[QUEUE_STATS] t_ms=0.027647 q_pkts=32 q_bytes=39424 ecn_mark=1646 drop_l4s=0 drop_classic=3189 drop_overload=0
[QUEUE_STATS] t_ms=0.027663 q_pkts=33 q_bytes=40656 ecn_mark=1646 drop_l4s=0 drop_classic=3190 drop_overload=0
[QUEUE_STATS] t_ms=0.027679 q_pkts=29 q_bytes=35728 ecn_mark=1648 drop_l4s=0 drop_classic=3197 drop_overload=0
[QUEUE_STATS] t_ms=0.027695 q_pkts=29 q_bytes=35728 ecn_mark=1649 drop_l4s=0 drop_classic=3198 drop_overload=0
[QUEUE_STATS] t_ms=0.027711 q_pkts=29 q_bytes=35728 ecn_mark=1649 drop_l4s=0 drop_classic=3201 drop_overload=0
[QUEUE_STATS] t_ms=0.027727 q_pkts=28 q_bytes=34496 ecn_mark=1650 drop_l4s=0 drop_classic=3204 drop_overload=0
[QUEUE_STATS] t_ms=0.027743 q_pkts=30 q_bytes=36960 ecn_mark=1652 drop_l4s=0 drop_classic=3204 drop_overload=0
[QUEUE_STATS] t_ms=0.027759 q_pkts=27 q_bytes=33264 ecn_mark=1653 drop_l4s=0 drop_classic=3209 drop_overload=0
[QUEUE_STATS] t_ms=0.027775 q_pkts=27 q_bytes=33264 ecn_mark=1653 drop_l4s=0 drop_classic=3210 drop_overload=0
[QUEUE_STATS] t_ms=0.027791 q_pkts=20 q_bytes=24640 ecn_mark=1654 drop_l4s=0 drop_classic=3219 drop_overload=0
[QUEUE_STATS] t_ms=0.027807 q_pkts=22 q_bytes=27104 ecn_mark=1654 drop_l4s=0 drop_classic=3219 drop_overload=0
[QUEUE_STATS] t_ms=0.027823 q_pkts=23 q_bytes=28336 ecn_mark=1655 drop_l4s=0 drop_classic=3220 drop_overload=0
[QUEUE_STATS] t_ms=0.027839 q_pkts=24 q_bytes=29568 ecn_mark=1657 drop_l4s=0 drop_classic=3221 drop_overload=0
[QUEUE_STATS] t_ms=0.027855 q_pkts=22 q_bytes=27104 ecn_mark=1659 drop_l4s=0 drop_classic=3225 drop_overload=0
[QUEUE_STATS] t_ms=0.027871 q_pkts=22 q_bytes=27104 ecn_mark=1659 drop_l4s=0 drop_classic=3226 drop_overload=0
[QUEUE_STATS] t_ms=0.027887 q_pkts=25 q_bytes=30856 ecn_mark=1660 drop_l4s=0 drop_classic=3226 drop_overload=0
[QUEUE_STATS] t_ms=0.027903 q_pkts=25 q_bytes=30800 ecn_mark=1661 drop_l4s=0 drop_classic=3227 drop_overload=0
[QUEUE_STATS] t_ms=0.027919 q_pkts=24 q_bytes=29622 ecn_mark=1661 drop_l4s=0 drop_classic=3230 drop_overload=0
[QUEUE_STATS] t_ms=0.027935 q_pkts=24 q_bytes=29568 ecn_mark=1662 drop_l4s=0 drop_classic=3231 drop_overload=0
[QUEUE_STATS] t_ms=0.027951 q_pkts=24 q_bytes=29419 ecn_mark=1663 drop_l4s=0 drop_classic=3234 drop_overload=0
[QUEUE_STATS] t_ms=0.027967 q_pkts=22 q_bytes=27104 ecn_mark=1664 drop_l4s=0 drop_classic=3237 drop_overload=0
[QUEUE_STATS] t_ms=0.027983 q_pkts=22 q_bytes=27104 ecn_mark=1665 drop_l4s=0 drop_classic=3239 drop_overload=0
[QUEUE_STATS] t_ms=0.027999 q_pkts=19 q_bytes=23408 ecn_mark=1665 drop_l4s=0 drop_classic=3243 drop_overload=0
[QUEUE_STATS] t_ms=0.028015 q_pkts=21 q_bytes=25872 ecn_mark=1665 drop_l4s=0 drop_classic=3244 drop_overload=0
[QUEUE_STATS] t_ms=0.028031 q_pkts=21 q_bytes=25872 ecn_mark=1667 drop_l4s=0 drop_classic=3247 drop_overload=0
[QUEUE_STATS] t_ms=0.028047 q_pkts=21 q_bytes=25872 ecn_mark=1668 drop_l4s=0 drop_classic=3249 drop_overload=0
[QUEUE_STATS] t_ms=0.028063 q_pkts=20 q_bytes=24640 ecn_mark=1670 drop_l4s=0 drop_classic=3252 drop_overload=0
[QUEUE_STATS] t_ms=0.028079 q_pkts=20 q_bytes=24516 ecn_mark=1671 drop_l4s=0 drop_classic=3255 drop_overload=0
[QUEUE_STATS] t_ms=0.028095 q_pkts=20 q_bytes=24640 ecn_mark=1673 drop_l4s=0 drop_classic=3256 drop_overload=0
[QUEUE_STATS] t_ms=0.028111 q_pkts=18 q_bytes=21728 ecn_mark=1673 drop_l4s=0 drop_classic=3258 drop_overload=0
[QUEUE_STATS] t_ms=0.028127 q_pkts=20 q_bytes=24640 ecn_mark=1675 drop_l4s=0 drop_classic=3258 drop_overload=0
[QUEUE_STATS] t_ms=0.028143 q_pkts=20 q_bytes=24640 ecn_mark=1677 drop_l4s=0 drop_classic=3260 drop_overload=0
[QUEUE_STATS] t_ms=0.028159 q_pkts=20 q_bytes=24640 ecn_mark=1678 drop_l4s=0 drop_classic=3261 drop_overload=0
[QUEUE_STATS] t_ms=0.028175 q_pkts=18 q_bytes=22176 ecn_mark=1680 drop_l4s=0 drop_classic=3265 drop_overload=0
[QUEUE_STATS] t_ms=0.028191 q_pkts=16 q_bytes=19712 ecn_mark=1681 drop_l4s=0 drop_classic=3267 drop_overload=0
[QUEUE_STATS] t_ms=0.028207 q_pkts=13 q_bytes=16016 ecn_mark=1682 drop_l4s=0 drop_classic=3271 drop_overload=0
[QUEUE_STATS] t_ms=0.028223 q_pkts=14 q_bytes=16646 ecn_mark=1683 drop_l4s=0 drop_classic=3272 drop_overload=0
[QUEUE_STATS] t_ms=0.028239 q_pkts=14 q_bytes=17248 ecn_mark=1684 drop_l4s=0 drop_classic=3273 drop_overload=0
[QUEUE_STATS] t_ms=0.028255 q_pkts=8 q_bytes=9856 ecn_mark=1685 drop_l4s=0 drop_classic=3280 drop_overload=0
[QUEUE_STATS] t_ms=0.028271 q_pkts=6 q_bytes=7392 ecn_mark=1687 drop_l4s=0 drop_classic=3283 drop_overload=0
[QUEUE_STATS] t_ms=0.028287 q_pkts=4 q_bytes=4054 ecn_mark=1688 drop_l4s=0 drop_classic=3286 drop_overload=0
[QUEUE_STATS] t_ms=0.028303 q_pkts=5 q_bytes=5330 ecn_mark=1689 drop_l4s=0 drop_classic=3287 drop_overload=0
[QUEUE_STATS] t_ms=0.028319 q_pkts=4 q_bytes=4928 ecn_mark=1690 drop_l4s=0 drop_classic=3288 drop_overload=0
[QUEUE_STATS] t_ms=0.028335 q_pkts=5 q_bytes=6160 ecn_mark=1691 drop_l4s=0 drop_classic=3289 drop_overload=0
[QUEUE_STATS] t_ms=0.028351 q_pkts=4 q_bytes=4928 ecn_mark=1692 drop_l4s=0 drop_classic=3291 drop_overload=0
[QUEUE_STATS] t_ms=0.028367 q_pkts=4 q_bytes=4928 ecn_mark=1692 drop_l4s=0 drop_classic=3293 drop_overload=0
[QUEUE_STATS] t_ms=0.028383 q_pkts=6 q_bytes=7392 ecn_mark=1693 drop_l4s=0 drop_classic=3293 drop_overload=0
[QUEUE_STATS] t_ms=0.028399 q_pkts=4 q_bytes=4928 ecn_mark=1694 drop_l4s=0 drop_classic=3296 drop_overload=0
[QUEUE_STATS] t_ms=0.028415 q_pkts=4 q_bytes=4928 ecn_mark=1694 drop_l4s=0 drop_classic=3298 drop_overload=0
[QUEUE_STATS] t_ms=0.028431 q_pkts=6 q_bytes=7506 ecn_mark=1694 drop_l4s=0 drop_classic=3299 drop_overload=0
[QUEUE_STATS] t_ms=0.028447 q_pkts=6 q_bytes=7392 ecn_mark=1695 drop_l4s=0 drop_classic=3300 drop_overload=0
[QUEUE_STATS] t_ms=0.028463 q_pkts=6 q_bytes=7392 ecn_mark=1696 drop_l4s=0 drop_classic=3302 drop_overload=0
[QUEUE_STATS] t_ms=0.028479 q_pkts=7 q_bytes=8624 ecn_mark=1696 drop_l4s=0 drop_classic=3303 drop_overload=0
[QUEUE_STATS] t_ms=0.028495 q_pkts=10 q_bytes=12320 ecn_mark=1697 drop_l4s=0 drop_classic=3303 drop_overload=0
[QUEUE_STATS] t_ms=0.028511 q_pkts=13 q_bytes=16016 ecn_mark=1697 drop_l4s=0 drop_classic=3303 drop_overload=0
[QUEUE_STATS] t_ms=0.028527 q_pkts=13 q_bytes=16288 ecn_mark=1697 drop_l4s=0 drop_classic=3305 drop_overload=0
[QUEUE_STATS] t_ms=0.028543 q_pkts=15 q_bytes=18480 ecn_mark=1699 drop_l4s=0 drop_classic=3305 drop_overload=0
[QUEUE_STATS] t_ms=0.028559 q_pkts=16 q_bytes=19712 ecn_mark=1701 drop_l4s=0 drop_classic=3307 drop_overload=0
[QUEUE_STATS] t_ms=0.028575 q_pkts=15 q_bytes=18480 ecn_mark=1702 drop_l4s=0 drop_classic=3310 drop_overload=0
[QUEUE_STATS] t_ms=0.028591 q_pkts=14 q_bytes=17248 ecn_mark=1703 drop_l4s=0 drop_classic=3312 drop_overload=0
[QUEUE_STATS] t_ms=0.028607 q_pkts=15 q_bytes=18480 ecn_mark=1705 drop_l4s=0 drop_classic=3314 drop_overload=0
[QUEUE_STATS] t_ms=0.028623 q_pkts=15 q_bytes=18480 ecn_mark=1706 drop_l4s=0 drop_classic=3315 drop_overload=0
[QUEUE_STATS] t_ms=0.028639 q_pkts=12 q_bytes=14784 ecn_mark=1707 drop_l4s=0 drop_classic=3319 drop_overload=0
[QUEUE_STATS] t_ms=0.028655 q_pkts=12 q_bytes=14784 ecn_mark=1707 drop_l4s=0 drop_classic=3320 drop_overload=0
[QUEUE_STATS] t_ms=0.028671 q_pkts=10 q_bytes=12320 ecn_mark=1708 drop_l4s=0 drop_classic=3324 drop_overload=0
[QUEUE_STATS] t_ms=0.028687 q_pkts=10 q_bytes=12320 ecn_mark=1708 drop_l4s=0 drop_classic=3325 drop_overload=0
[QUEUE_STATS] t_ms=0.028703 q_pkts=12 q_bytes=14322 ecn_mark=1709 drop_l4s=0 drop_classic=3326 drop_overload=0
[QUEUE_STATS] t_ms=0.028719 q_pkts=11 q_bytes=13552 ecn_mark=1710 drop_l4s=0 drop_classic=3327 drop_overload=0
[QUEUE_STATS] t_ms=0.028735 q_pkts=10 q_bytes=12320 ecn_mark=1710 drop_l4s=0 drop_classic=3330 drop_overload=0
[QUEUE_STATS] t_ms=0.028751 q_pkts=13 q_bytes=16016 ecn_mark=1712 drop_l4s=0 drop_classic=3330 drop_overload=0
[QUEUE_STATS] t_ms=0.028767 q_pkts=14 q_bytes=17248 ecn_mark=1712 drop_l4s=0 drop_classic=3330 drop_overload=0
[QUEUE_STATS] t_ms=0.028783 q_pkts=17 q_bytes=20773 ecn_mark=1713 drop_l4s=0 drop_classic=3330 drop_overload=0
[QUEUE_STATS] t_ms=0.028799 q_pkts=15 q_bytes=18480 ecn_mark=1714 drop_l4s=0 drop_classic=3333 drop_overload=0
[QUEUE_STATS] t_ms=0.028815 q_pkts=14 q_bytes=17248 ecn_mark=1714 drop_l4s=0 drop_classic=3336 drop_overload=0
[QUEUE_STATS] t_ms=0.028831 q_pkts=15 q_bytes=18480 ecn_mark=1716 drop_l4s=0 drop_classic=3336 drop_overload=0
[QUEUE_STATS] t_ms=0.028847 q_pkts=16 q_bytes=19712 ecn_mark=1718 drop_l4s=0 drop_classic=3338 drop_overload=0
[QUEUE_STATS] t_ms=0.028863 q_pkts=16 q_bytes=19712 ecn_mark=1719 drop_l4s=0 drop_classic=3339 drop_overload=0
[QUEUE_STATS] t_ms=0.028879 q_pkts=18 q_bytes=22176 ecn_mark=1720 drop_l4s=0 drop_classic=3339 drop_overload=0
[QUEUE_STATS] t_ms=0.028895 q_pkts=16 q_bytes=19712 ecn_mark=1721 drop_l4s=0 drop_classic=3342 drop_overload=0
[QUEUE_STATS] t_ms=0.028911 q_pkts=17 q_bytes=20944 ecn_mark=1722 drop_l4s=0 drop_classic=3342 drop_overload=0
[QUEUE_STATS] t_ms=0.028927 q_pkts=16 q_bytes=19712 ecn_mark=1723 drop_l4s=0 drop_classic=3345 drop_overload=0
[QUEUE_STATS] t_ms=0.028943 q_pkts=15 q_bytes=17923 ecn_mark=1724 drop_l4s=0 drop_classic=3348 drop_overload=0
[QUEUE_STATS] t_ms=0.028959 q_pkts=16 q_bytes=19712 ecn_mark=1725 drop_l4s=0 drop_classic=3348 drop_overload=0
[QUEUE_STATS] t_ms=0.028975 q_pkts=14 q_bytes=17248 ecn_mark=1725 drop_l4s=0 drop_classic=3352 drop_overload=0
[QUEUE_STATS] t_ms=0.028991 q_pkts=15 q_bytes=18480 ecn_mark=1725 drop_l4s=0 drop_classic=3352 drop_overload=0
[QUEUE_STATS] t_ms=0.029007 q_pkts=14 q_bytes=17248 ecn_mark=1725 drop_l4s=0 drop_classic=3356 drop_overload=0
[QUEUE_STATS] t_ms=0.029023 q_pkts=16 q_bytes=19712 ecn_mark=1726 drop_l4s=0 drop_classic=3357 drop_overload=0
[QUEUE_STATS] t_ms=0.029039 q_pkts=17 q_bytes=20944 ecn_mark=1728 drop_l4s=0 drop_classic=3359 drop_overload=0
[QUEUE_STATS] t_ms=0.029055 q_pkts=8 q_bytes=9856 ecn_mark=1729 drop_l4s=0 drop_classic=3369 drop_overload=0
[QUEUE_STATS] t_ms=0.029071 q_pkts=3 q_bytes=3696 ecn_mark=1729 drop_l4s=0 drop_classic=3376 drop_overload=0
[QUEUE_STATS] t_ms=0.029087 q_pkts=6 q_bytes=7392 ecn_mark=1730 drop_l4s=0 drop_classic=3376 drop_overload=0
[QUEUE_STATS] t_ms=0.029103 q_pkts=7 q_bytes=8624 ecn_mark=1731 drop_l4s=0 drop_classic=3377 drop_overload=0
[QUEUE_STATS] t_ms=0.029119 q_pkts=9 q_bytes=11088 ecn_mark=1731 drop_l4s=0 drop_classic=3377 drop_overload=0
[QUEUE_STATS] t_ms=0.029135 q_pkts=12 q_bytes=14784 ecn_mark=1732 drop_l4s=0 drop_classic=3377 drop_overload=0
[QUEUE_STATS] t_ms=0.029151 q_pkts=14 q_bytes=17248 ecn_mark=1734 drop_l4s=0 drop_classic=3377 drop_overload=0
[QUEUE_STATS] t_ms=0.029167 q_pkts=14 q_bytes=17248 ecn_mark=1734 drop_l4s=0 drop_classic=3379 drop_overload=0
[QUEUE_STATS] t_ms=0.029183 q_pkts=16 q_bytes=19712 ecn_mark=1734 drop_l4s=0 drop_classic=3380 drop_overload=0
[QUEUE_STATS] t_ms=0.029199 q_pkts=17 q_bytes=20944 ecn_mark=1734 drop_l4s=0 drop_classic=3382 drop_overload=0
[QUEUE_STATS] t_ms=0.029215 q_pkts=20 q_bytes=24912 ecn_mark=1735 drop_l4s=0 drop_classic=3383 drop_overload=0
[QUEUE_STATS] t_ms=0.029231 q_pkts=20 q_bytes=24640 ecn_mark=1736 drop_l4s=0 drop_classic=3386 drop_overload=0
[QUEUE_STATS] t_ms=0.029247 q_pkts=17 q_bytes=20944 ecn_mark=1737 drop_l4s=0 drop_classic=3392 drop_overload=0
[QUEUE_STATS] t_ms=0.029263 q_pkts=19 q_bytes=23408 ecn_mark=1738 drop_l4s=0 drop_classic=3393 drop_overload=0
[QUEUE_STATS] t_ms=0.029279 q_pkts=21 q_bytes=26144 ecn_mark=1738 drop_l4s=0 drop_classic=3395 drop_overload=0
[QUEUE_STATS] t_ms=0.029295 q_pkts=23 q_bytes=28336 ecn_mark=1739 drop_l4s=0 drop_classic=3396 drop_overload=0
[QUEUE_STATS] t_ms=0.029311 q_pkts=25 q_bytes=30800 ecn_mark=1740 drop_l4s=0 drop_classic=3398 drop_overload=0
[QUEUE_STATS] t_ms=0.029327 q_pkts=27 q_bytes=33264 ecn_mark=1742 drop_l4s=0 drop_classic=3399 drop_overload=0
[QUEUE_STATS] t_ms=0.029343 q_pkts=25 q_bytes=30800 ecn_mark=1744 drop_l4s=0 drop_classic=3403 drop_overload=0
[QUEUE_STATS] t_ms=0.029359 q_pkts=27 q_bytes=33264 ecn_mark=1744 drop_l4s=0 drop_classic=3404 drop_overload=0
[QUEUE_STATS] t_ms=0.029375 q_pkts=30 q_bytes=36960 ecn_mark=1746 drop_l4s=0 drop_classic=3405 drop_overload=0
[QUEUE_STATS] t_ms=0.029391 q_pkts=32 q_bytes=39696 ecn_mark=1746 drop_l4s=0 drop_classic=3405 drop_overload=0
[QUEUE_STATS] t_ms=0.029407 q_pkts=33 q_bytes=40656 ecn_mark=1747 drop_l4s=0 drop_classic=3408 drop_overload=0
[QUEUE_STATS] t_ms=0.029423 q_pkts=32 q_bytes=39696 ecn_mark=1748 drop_l4s=0 drop_classic=3411 drop_overload=0
[QUEUE_STATS] t_ms=0.029439 q_pkts=33 q_bytes=40656 ecn_mark=1749 drop_l4s=0 drop_classic=3413 drop_overload=0
[QUEUE_STATS] t_ms=0.029455 q_pkts=34 q_bytes=41888 ecn_mark=1750 drop_l4s=0 drop_classic=3415 drop_overload=0
[QUEUE_STATS] t_ms=0.029471 q_pkts=35 q_bytes=43120 ecn_mark=1750 drop_l4s=0 drop_classic=3417 drop_overload=0
[QUEUE_STATS] t_ms=0.029487 q_pkts=34 q_bytes=41888 ecn_mark=1752 drop_l4s=0 drop_classic=3420 drop_overload=0
[QUEUE_STATS] t_ms=0.029503 q_pkts=33 q_bytes=40656 ecn_mark=1753 drop_l4s=0 drop_classic=3423 drop_overload=0
[QUEUE_STATS] t_ms=0.029519 q_pkts=35 q_bytes=43120 ecn_mark=1755 drop_l4s=0 drop_classic=3424 drop_overload=0
[QUEUE_STATS] t_ms=0.029535 q_pkts=33 q_bytes=40656 ecn_mark=1756 drop_l4s=0 drop_classic=3427 drop_overload=0
[QUEUE_STATS] t_ms=0.029551 q_pkts=34 q_bytes=41888 ecn_mark=1757 drop_l4s=0 drop_classic=3428 drop_overload=0
[QUEUE_STATS] t_ms=0.029567 q_pkts=35 q_bytes=43120 ecn_mark=1757 drop_l4s=0 drop_classic=3428 drop_overload=0
[QUEUE_STATS] t_ms=0.029583 q_pkts=33 q_bytes=40679 ecn_mark=1758 drop_l4s=0 drop_classic=3433 drop_overload=0
[QUEUE_STATS] t_ms=0.029599 q_pkts=33 q_bytes=40721 ecn_mark=1758 drop_l4s=0 drop_classic=3434 drop_overload=0
[QUEUE_STATS] t_ms=0.029615 q_pkts=27 q_bytes=33264 ecn_mark=1760 drop_l4s=0 drop_classic=3442 drop_overload=0
[QUEUE_STATS] t_ms=0.029631 q_pkts=27 q_bytes=33264 ecn_mark=1761 drop_l4s=0 drop_classic=3443 drop_overload=0
[QUEUE_STATS] t_ms=0.029647 q_pkts=25 q_bytes=30800 ecn_mark=1761 drop_l4s=0 drop_classic=3446 drop_overload=0
[QUEUE_STATS] t_ms=0.029663 q_pkts=27 q_bytes=33094 ecn_mark=1762 drop_l4s=0 drop_classic=3447 drop_overload=0
[QUEUE_STATS] t_ms=0.029679 q_pkts=27 q_bytes=32800 ecn_mark=1763 drop_l4s=0 drop_classic=3448 drop_overload=0
[QUEUE_STATS] t_ms=0.029695 q_pkts=27 q_bytes=33264 ecn_mark=1765 drop_l4s=0 drop_classic=3449 drop_overload=0
[QUEUE_STATS] t_ms=0.029711 q_pkts=25 q_bytes=30800 ecn_mark=1766 drop_l4s=0 drop_classic=3452 drop_overload=0
[QUEUE_STATS] t_ms=0.029727 q_pkts=24 q_bytes=29568 ecn_mark=1767 drop_l4s=0 drop_classic=3454 drop_overload=0
[QUEUE_STATS] t_ms=0.029743 q_pkts=24 q_bytes=29568 ecn_mark=1767 drop_l4s=0 drop_classic=3455 drop_overload=0
[QUEUE_STATS] t_ms=0.029759 q_pkts=22 q_bytes=27104 ecn_mark=1769 drop_l4s=0 drop_classic=3459 drop_overload=0
[QUEUE_STATS] t_ms=0.029775 q_pkts=21 q_bytes=25872 ecn_mark=1769 drop_l4s=0 drop_classic=3461 drop_overload=0
[QUEUE_STATS] t_ms=0.029791 q_pkts=17 q_bytes=20944 ecn_mark=1769 drop_l4s=0 drop_classic=3466 drop_overload=0
[QUEUE_STATS] t_ms=0.029807 q_pkts=16 q_bytes=19712 ecn_mark=1769 drop_l4s=0 drop_classic=3469 drop_overload=0
[QUEUE_STATS] t_ms=0.029823 q_pkts=15 q_bytes=18480 ecn_mark=1769 drop_l4s=0 drop_classic=3472 drop_overload=0
[QUEUE_STATS] t_ms=0.029839 q_pkts=16 q_bytes=19712 ecn_mark=1769 drop_l4s=0 drop_classic=3474 drop_overload=0
[QUEUE_STATS] t_ms=0.029855 q_pkts=20 q_bytes=24640 ecn_mark=1769 drop_l4s=0 drop_classic=3474 drop_overload=0
[QUEUE_STATS] t_ms=0.029871 q_pkts=19 q_bytes=23680 ecn_mark=1770 drop_l4s=0 drop_classic=3477 drop_overload=0
[QUEUE_STATS] t_ms=0.029887 q_pkts=24 q_bytes=29568 ecn_mark=1773 drop_l4s=0 drop_classic=3477 drop_overload=0
[QUEUE_STATS] t_ms=0.029903 q_pkts=24 q_bytes=29840 ecn_mark=1773 drop_l4s=0 drop_classic=3479 drop_overload=0
[QUEUE_STATS] t_ms=0.029919 q_pkts=23 q_bytes=28336 ecn_mark=1774 drop_l4s=0 drop_classic=3483 drop_overload=0
[QUEUE_STATS] t_ms=0.029935 q_pkts=23 q_bytes=28336 ecn_mark=1775 drop_l4s=0 drop_classic=3486 drop_overload=0
[QUEUE_STATS] t_ms=0.029951 q_pkts=22 q_bytes=27104 ecn_mark=1777 drop_l4s=0 drop_classic=3490 drop_overload=0
[QUEUE_STATS] t_ms=0.029967 q_pkts=23 q_bytes=28336 ecn_mark=1779 drop_l4s=0 drop_classic=3492 drop_overload=0
[QUEUE_STATS] t_ms=0.029983 q_pkts=24 q_bytes=29840 ecn_mark=1779 drop_l4s=0 drop_classic=3494 drop_overload=0
[QUEUE_STATS] t_ms=0.029999 q_pkts=25 q_bytes=30800 ecn_mark=1781 drop_l4s=0 drop_classic=3495 drop_overload=0
[QUEUE_STATS] t_ms=0.030015 q_pkts=26 q_bytes=32304 ecn_mark=1782 drop_l4s=0 drop_classic=3496 drop_overload=0
[QUEUE_STATS] t_ms=0.030031 q_pkts=27 q_bytes=33264 ecn_mark=1783 drop_l4s=0 drop_classic=3497 drop_overload=0
[QUEUE_STATS] t_ms=0.030047 q_pkts=27 q_bytes=33264 ecn_mark=1784 drop_l4s=0 drop_classic=3499 drop_overload=0
Connecting to host 10.0.0.1, port 5304
[  5] local 10.0.0.5 port 47809 connected to 10.0.0.1 port 5304
[ ID] Interval           Transfer     Bitrate         Total Datagrams
[  5]   0.00-1.00   sec  1.43 MBytes  12.0 Mbits/sec  1249  
[  5]   1.00-2.00   sec  1.43 MBytes  12.0 Mbits/sec  1250  
[  5]   2.00-3.00   sec  1.43 MBytes  12.0 Mbits/sec  1250  
[  5]   3.00-4.00   sec  1.43 MBytes  12.0 Mbits/sec  1250  
[  5]   4.00-5.00   sec  1.43 MBytes  12.0 Mbits/sec  1250  
[  5]   5.00-6.00   sec  1.43 MBytes  12.0 Mbits/sec  1250  
[  5]   6.00-7.00   sec  1.43 MBytes  12.0 Mbits/sec  1250  
[  5]   7.00-8.00   sec  1.43 MBytes  12.0 Mbits/sec  1250  
[  5]   8.00-9.00   sec  1.43 MBytes  12.0 Mbits/sec  1250  
[  5]   9.00-10.00  sec  1.43 MBytes  12.0 Mbits/sec  1250  
[  5]  10.00-11.00  sec  1.43 MBytes  12.0 Mbits/sec  1250  
[  5]  11.00-12.00  sec  1.43 MBytes  12.0 Mbits/sec  1250  
[  5]  12.00-13.00  sec  1.43 MBytes  12.0 Mbits/sec  1250  
[  5]  13.00-14.00  sec  1.43 MBytes  12.0 Mbits/sec  1250  
[  5]  14.00-15.00  sec  1.43 MBytes  12.0 Mbits/sec  1250  
[  5]  15.00-16.00  sec  1.43 MBytes  12.0 Mbits/sec  1250  
[  5]  16.00-17.00  sec  1.43 MBytes  12.0 Mbits/sec  1250  
[  5]  17.00-18.00  sec  1.43 MBytes  12.0 Mbits/sec  1250  
[  5]  18.00-19.00  sec  1.43 MBytes  12.0 Mbits/sec  1250  
[  5]  19.00-20.00  sec  1.43 MBytes  12.0 Mbits/sec  1250  
[  5]  20.00-21.00  sec  1.43 MBytes  12.0 Mbits/sec  1250  
[  5]  21.00-22.00  sec  1.43 MBytes  12.0 Mbits/sec  1250  
[  5]  22.00-23.00  sec  1.43 MBytes  12.0 Mbits/sec  1250  
[  5]  23.00-24.00  sec  1.43 MBytes  12.0 Mbits/sec  1250  
[  5]  24.00-25.00  sec  1.43 MBytes  12.0 Mbits/sec  1250  
[  5]  25.00-26.00  sec  1.43 MBytes  12.0 Mbits/sec  1250  
[  5]  26.00-27.00  sec  1.43 MBytes  12.0 Mbits/sec  1250  
[  5]  27.00-28.00  sec  1.43 MBytes  12.0 Mbits/sec  1250  
[  5]  28.00-29.00  sec  1.43 MBytes  12.0 Mbits/sec  1250  
[  5]  29.00-30.00  sec  1.43 MBytes  12.0 Mbits/sec  1250  
- - - - - - - - - - - - - - - - - - - - - - - - -
[ ID] Interval           Transfer     Bitrate         Jitter    Lost/Total Datagrams
[  5]   0.00-30.00  sec  42.9 MBytes  12.0 Mbits/sec  0.000 ms  0/37499 (0%)  sender
[  5]   0.00-30.00  sec  38.9 MBytes  10.9 Mbits/sec  0.438 ms  3499/37474 (9.3%)  receiver

iperf Done.
Connecting to host 10.0.0.1, port 5305
[  5] local 10.0.0.5 port 52830 connected to 10.0.0.1 port 5305
[ ID] Interval           Transfer     Bitrate         Retr  Cwnd
[  5]   0.00-1.00   sec   128 KBytes  1.05 Mbits/sec    0   1.99 KBytes       
[  5]   1.00-2.00   sec   128 KBytes  1.05 Mbits/sec    0    300 Bytes       
[  5]   2.00-3.00   sec   128 KBytes  1.05 Mbits/sec    0   2.74 KBytes       
[  5]   3.00-4.00   sec  0.00 Bytes  0.00 bits/sec    0   1.44 KBytes       
[  5]   4.00-5.00   sec   128 KBytes  1.05 Mbits/sec    0   2.07 KBytes       
[  5]   5.00-6.00   sec  0.00 Bytes  0.00 bits/sec    0   2.83 KBytes       
[  5]   6.00-7.00   sec   128 KBytes  1.05 Mbits/sec    0   2.09 KBytes       
[  5]   7.00-8.00   sec   128 KBytes  1.05 Mbits/sec    0   1.09 KBytes       
[  5]   8.00-9.00   sec   128 KBytes  1.05 Mbits/sec    0   1.51 KBytes       
[  5]   9.00-10.00  sec   128 KBytes  1.05 Mbits/sec    0   2.44 KBytes       
[  5]  10.00-11.00  sec  0.00 Bytes  0.00 bits/sec    0   1.35 KBytes       
[  5]  11.00-12.00  sec   128 KBytes  1.05 Mbits/sec    0   2.05 KBytes       
[  5]  12.00-13.00  sec   128 KBytes  1.05 Mbits/sec    0   1.43 KBytes       
[  5]  13.00-14.00  sec   128 KBytes  1.05 Mbits/sec    0   2.40 KBytes       
[  5]  14.00-15.00  sec   128 KBytes  1.05 Mbits/sec    0   2.83 KBytes       
[  5]  15.00-16.00  sec  0.00 Bytes  0.00 bits/sec    0   1.94 KBytes       
[  5]  16.00-17.00  sec   128 KBytes  1.05 Mbits/sec    0   2.83 KBytes       
[  5]  17.00-18.00  sec   128 KBytes  1.05 Mbits/sec    0   2.83 KBytes       
[  5]  18.00-19.00  sec   128 KBytes  1.05 Mbits/sec    0   2.00 KBytes       
[  5]  19.00-20.00  sec   128 KBytes  1.05 Mbits/sec    0   2.37 KBytes       
[  5]  20.00-21.00  sec  0.00 Bytes  0.00 bits/sec    0   2.65 KBytes       
[  5]  21.00-22.00  sec   128 KBytes  1.05 Mbits/sec    0   2.83 KBytes       
[  5]  22.00-23.00  sec   128 KBytes  1.05 Mbits/sec    0   1.78 KBytes       
[  5]  23.00-24.00  sec   128 KBytes  1.05 Mbits/sec    0   1.60 KBytes       
[  5]  24.00-25.00  sec  0.00 Bytes  0.00 bits/sec    0    764 Bytes       
[  5]  25.00-26.00  sec   128 KBytes  1.05 Mbits/sec    0   2.39 KBytes       
[  5]  26.00-27.00  sec   128 KBytes  1.05 Mbits/sec    0   1.72 KBytes       
[  5]  27.00-28.00  sec   128 KBytes  1.05 Mbits/sec    0   2.05 KBytes       
[  5]  28.00-29.00  sec  0.00 Bytes  0.00 bits/sec    0   2.83 KBytes       
[  5]  29.00-30.00  sec   128 KBytes  1.05 Mbits/sec    0   2.83 KBytes       
- - - - - - - - - - - - - - - - - - - - - - - - -
[ ID] Interval           Transfer     Bitrate         Retr
[  5]   0.00-30.00  sec  2.88 MBytes   804 Kbits/sec    0             sender
[  5]   0.00-30.00  sec  2.88 MBytes   804 Kbits/sec                  receiver

iperf Done.
[QUEUE_STATS] t_ms=0.030063 q_pkts=13 q_bytes=16016 ecn_mark=1800 drop_l4s=0 drop_classic=3500 drop_overload=0
[QUEUE_STATS] t_ms=0 q_pkts=0 q_bytes=0 ecn_mark=0 drop_l4s=0 drop_classic=0 drop_overload=0
[QUEUE_STATS] t_ms=3.9e-05 q_pkts=0 q_bytes=0 ecn_mark=0 drop_l4s=0 drop_classic=0 drop_overload=0
[QUEUE_STATS] t_ms=4.8e-05 q_pkts=0 q_bytes=0 ecn_mark=7 drop_l4s=0 drop_classic=0 drop_overload=0
[QUEUE_STATS] t_ms=6.4e-05 q_pkts=18 q_bytes=22720 ecn_mark=21 drop_l4s=0 drop_classic=0 drop_overload=0
[QUEUE_STATS] t_ms=8e-05 q_pkts=33 q_bytes=40928 ecn_mark=23 drop_l4s=0 drop_classic=0 drop_overload=0
[QUEUE_STATS] t_ms=9.6e-05 q_pkts=45 q_bytes=55712 ecn_mark=26 drop_l4s=0 drop_classic=0 drop_overload=0
[QUEUE_STATS] t_ms=0.000112 q_pkts=56 q_bytes=67840 ecn_mark=28 drop_l4s=0 drop_classic=0 drop_overload=0
[QUEUE_STATS] t_ms=0.000128 q_pkts=63 q_bytes=76464 ecn_mark=29 drop_l4s=0 drop_classic=0 drop_overload=0
[QUEUE_STATS] t_ms=0.000144 q_pkts=69 q_bytes=83856 ecn_mark=30 drop_l4s=0 drop_classic=1 drop_overload=0
[QUEUE_STATS] t_ms=0.00016 q_pkts=75 q_bytes=92400 ecn_mark=30 drop_l4s=0 drop_classic=1 drop_overload=0
[QUEUE_STATS] t_ms=0.000176 q_pkts=81 q_bytes=99792 ecn_mark=30 drop_l4s=0 drop_classic=1 drop_overload=0
[QUEUE_STATS] t_ms=0.000192 q_pkts=88 q_bytes=108416 ecn_mark=33 drop_l4s=0 drop_classic=1 drop_overload=0
[QUEUE_STATS] t_ms=0.000208 q_pkts=90 q_bytes=111152 ecn_mark=35 drop_l4s=0 drop_classic=4 drop_overload=0
[QUEUE_STATS] t_ms=0.000224 q_pkts=94 q_bytes=116080 ecn_mark=38 drop_l4s=0 drop_classic=4 drop_overload=0
[QUEUE_STATS] t_ms=0.00024 q_pkts=95 q_bytes=117040 ecn_mark=41 drop_l4s=0 drop_classic=6 drop_overload=0
[QUEUE_STATS] t_ms=0.000256 q_pkts=96 q_bytes=118272 ecn_mark=42 drop_l4s=0 drop_classic=8 drop_overload=0
[QUEUE_STATS] t_ms=0.000272 q_pkts=95 q_bytes=117040 ecn_mark=44 drop_l4s=0 drop_classic=12 drop_overload=0
[QUEUE_STATS] t_ms=0.000288 q_pkts=94 q_bytes=114656 ecn_mark=44 drop_l4s=0 drop_classic=15 drop_overload=0
[QUEUE_STATS] t_ms=0.000304 q_pkts=94 q_bytes=114656 ecn_mark=46 drop_l4s=0 drop_classic=17 drop_overload=0
[QUEUE_STATS] t_ms=0.00032 q_pkts=95 q_bytes=115888 ecn_mark=47 drop_l4s=0 drop_classic=18 drop_overload=0
[QUEUE_STATS] t_ms=0.000336 q_pkts=95 q_bytes=115888 ecn_mark=49 drop_l4s=0 drop_classic=19 drop_overload=0
[QUEUE_STATS] t_ms=0.000352 q_pkts=92 q_bytes=112192 ecn_mark=50 drop_l4s=0 drop_classic=23 drop_overload=0
[QUEUE_STATS] t_ms=0.000368 q_pkts=91 q_bytes=112112 ecn_mark=51 drop_l4s=0 drop_classic=25 drop_overload=0
[QUEUE_STATS] t_ms=0.000384 q_pkts=86 q_bytes=105952 ecn_mark=52 drop_l4s=0 drop_classic=31 drop_overload=0
[QUEUE_STATS] t_ms=0.0004 q_pkts=86 q_bytes=105952 ecn_mark=54 drop_l4s=0 drop_classic=33 drop_overload=0
[QUEUE_STATS] t_ms=0.000416 q_pkts=82 q_bytes=100610 ecn_mark=54 drop_l4s=0 drop_classic=38 drop_overload=0
[QUEUE_STATS] t_ms=0.000432 q_pkts=79 q_bytes=97328 ecn_mark=55 drop_l4s=0 drop_classic=41 drop_overload=0
[QUEUE_STATS] t_ms=0.000448 q_pkts=76 q_bytes=92830 ecn_mark=56 drop_l4s=0 drop_classic=46 drop_overload=0
[QUEUE_STATS] t_ms=0.000464 q_pkts=74 q_bytes=91168 ecn_mark=58 drop_l4s=0 drop_classic=48 drop_overload=0
[QUEUE_STATS] t_ms=0.00048 q_pkts=75 q_bytes=92400 ecn_mark=59 drop_l4s=0 drop_classic=49 drop_overload=0
[QUEUE_STATS] t_ms=0.000496 q_pkts=71 q_bytes=87472 ecn_mark=60 drop_l4s=0 drop_classic=54 drop_overload=0
[QUEUE_STATS] t_ms=0.000512 q_pkts=69 q_bytes=85008 ecn_mark=61 drop_l4s=0 drop_classic=57 drop_overload=0
[QUEUE_STATS] t_ms=0.000528 q_pkts=66 q_bytes=81312 ecn_mark=62 drop_l4s=0 drop_classic=61 drop_overload=0
[QUEUE_STATS] t_ms=0.000544 q_pkts=63 q_bytes=77616 ecn_mark=64 drop_l4s=0 drop_classic=65 drop_overload=0
[QUEUE_STATS] t_ms=0.00056 q_pkts=59 q_bytes=72688 ecn_mark=64 drop_l4s=0 drop_classic=69 drop_overload=0
[QUEUE_STATS] t_ms=0.000576 q_pkts=57 q_bytes=70224 ecn_mark=67 drop_l4s=0 drop_classic=72 drop_overload=0
[QUEUE_STATS] t_ms=0.000592 q_pkts=54 q_bytes=66528 ecn_mark=69 drop_l4s=0 drop_classic=77 drop_overload=0
[QUEUE_STATS] t_ms=0.000608 q_pkts=54 q_bytes=66528 ecn_mark=70 drop_l4s=0 drop_classic=77 drop_overload=0
[QUEUE_STATS] t_ms=0.000624 q_pkts=51 q_bytes=62832 ecn_mark=71 drop_l4s=0 drop_classic=81 drop_overload=0
[QUEUE_STATS] t_ms=0.00064 q_pkts=51 q_bytes=62832 ecn_mark=72 drop_l4s=0 drop_classic=83 drop_overload=0
[QUEUE_STATS] t_ms=0.000656 q_pkts=50 q_bytes=61600 ecn_mark=72 drop_l4s=0 drop_classic=85 drop_overload=0
[QUEUE_STATS] t_ms=0.000672 q_pkts=49 q_bytes=60368 ecn_mark=74 drop_l4s=0 drop_classic=87 drop_overload=0
[QUEUE_STATS] t_ms=0.000688 q_pkts=45 q_bytes=54749 ecn_mark=74 drop_l4s=0 drop_classic=93 drop_overload=0
[QUEUE_STATS] t_ms=0.000704 q_pkts=45 q_bytes=55440 ecn_mark=74 drop_l4s=0 drop_classic=94 drop_overload=0
[QUEUE_STATS] t_ms=0.00072 q_pkts=43 q_bytes=52976 ecn_mark=76 drop_l4s=0 drop_classic=98 drop_overload=0
[QUEUE_STATS] t_ms=0.000736 q_pkts=43 q_bytes=52976 ecn_mark=77 drop_l4s=0 drop_classic=99 drop_overload=0
[QUEUE_STATS] t_ms=0.000752 q_pkts=40 q_bytes=49280 ecn_mark=79 drop_l4s=0 drop_classic=104 drop_overload=0
[QUEUE_STATS] t_ms=0.000768 q_pkts=38 q_bytes=46816 ecn_mark=80 drop_l4s=0 drop_classic=107 drop_overload=0
[QUEUE_STATS] t_ms=0.000784 q_pkts=36 q_bytes=44352 ecn_mark=81 drop_l4s=0 drop_classic=110 drop_overload=0
[QUEUE_STATS] t_ms=0.0008 q_pkts=31 q_bytes=38192 ecn_mark=82 drop_l4s=0 drop_classic=116 drop_overload=0
[QUEUE_STATS] t_ms=0.000816 q_pkts=29 q_bytes=35728 ecn_mark=83 drop_l4s=0 drop_classic=118 drop_overload=0
[QUEUE_STATS] t_ms=0.000832 q_pkts=26 q_bytes=32032 ecn_mark=85 drop_l4s=0 drop_classic=122 drop_overload=0
[QUEUE_STATS] t_ms=0.000848 q_pkts=26 q_bytes=32032 ecn_mark=86 drop_l4s=0 drop_classic=123 drop_overload=0
[QUEUE_STATS] t_ms=0.000864 q_pkts=26 q_bytes=31006 ecn_mark=86 drop_l4s=0 drop_classic=125 drop_overload=0
[QUEUE_STATS] t_ms=0.00088 q_pkts=23 q_bytes=28336 ecn_mark=89 drop_l4s=0 drop_classic=128 drop_overload=0
[QUEUE_STATS] t_ms=0.000896 q_pkts=23 q_bytes=28336 ecn_mark=91 drop_l4s=0 drop_classic=129 drop_overload=0
[QUEUE_STATS] t_ms=0.000912 q_pkts=20 q_bytes=24640 ecn_mark=92 drop_l4s=0 drop_classic=132 drop_overload=0
[QUEUE_STATS] t_ms=0.000928 q_pkts=19 q_bytes=23408 ecn_mark=94 drop_l4s=0 drop_classic=134 drop_overload=0
[QUEUE_STATS] t_ms=0.000944 q_pkts=16 q_bytes=19712 ecn_mark=95 drop_l4s=0 drop_classic=138 drop_overload=0
[QUEUE_STATS] t_ms=0.00096 q_pkts=16 q_bytes=19712 ecn_mark=96 drop_l4s=0 drop_classic=139 drop_overload=0
[QUEUE_STATS] t_ms=0.000976 q_pkts=13 q_bytes=15102 ecn_mark=97 drop_l4s=0 drop_classic=143 drop_overload=0
[QUEUE_STATS] t_ms=0.000992 q_pkts=14 q_bytes=17248 ecn_mark=99 drop_l4s=0 drop_classic=143 drop_overload=0
[QUEUE_STATS] t_ms=0.001008 q_pkts=15 q_bytes=18480 ecn_mark=100 drop_l4s=0 drop_classic=143 drop_overload=0
[QUEUE_STATS] t_ms=0.001024 q_pkts=16 q_bytes=19712 ecn_mark=101 drop_l4s=0 drop_classic=144 drop_overload=0
[QUEUE_STATS] t_ms=0.00104 q_pkts=11 q_bytes=13552 ecn_mark=103 drop_l4s=0 drop_classic=150 drop_overload=0
[QUEUE_STATS] t_ms=0.001056 q_pkts=11 q_bytes=13552 ecn_mark=105 drop_l4s=0 drop_classic=151 drop_overload=0
[QUEUE_STATS] t_ms=0.001072 q_pkts=11 q_bytes=13552 ecn_mark=105 drop_l4s=0 drop_classic=152 drop_overload=0
[QUEUE_STATS] t_ms=0.001088 q_pkts=12 q_bytes=14784 ecn_mark=106 drop_l4s=0 drop_classic=152 drop_overload=0
[QUEUE_STATS] t_ms=0.001104 q_pkts=11 q_bytes=13552 ecn_mark=108 drop_l4s=0 drop_classic=155 drop_overload=0
[QUEUE_STATS] t_ms=0.00112 q_pkts=11 q_bytes=13552 ecn_mark=109 drop_l4s=0 drop_classic=157 drop_overload=0
[QUEUE_STATS] t_ms=0.001136 q_pkts=9 q_bytes=11088 ecn_mark=111 drop_l4s=0 drop_classic=160 drop_overload=0
[QUEUE_STATS] t_ms=0.001152 q_pkts=8 q_bytes=9856 ecn_mark=112 drop_l4s=0 drop_classic=163 drop_overload=0
[QUEUE_STATS] t_ms=0.001168 q_pkts=8 q_bytes=9959 ecn_mark=112 drop_l4s=0 drop_classic=165 drop_overload=0
[QUEUE_STATS] t_ms=0.001184 q_pkts=10 q_bytes=12320 ecn_mark=114 drop_l4s=0 drop_classic=165 drop_overload=0
[QUEUE_STATS] t_ms=0.0012 q_pkts=10 q_bytes=12320 ecn_mark=115 drop_l4s=0 drop_classic=166 drop_overload=0
[QUEUE_STATS] t_ms=0.001216 q_pkts=8 q_bytes=9856 ecn_mark=116 drop_l4s=0 drop_classic=169 drop_overload=0
[QUEUE_STATS] t_ms=0.001232 q_pkts=7 q_bytes=8624 ecn_mark=117 drop_l4s=0 drop_classic=171 drop_overload=0
[QUEUE_STATS] t_ms=0.001248 q_pkts=7 q_bytes=8624 ecn_mark=119 drop_l4s=0 drop_classic=172 drop_overload=0
[QUEUE_STATS] t_ms=0.001264 q_pkts=7 q_bytes=8124 ecn_mark=119 drop_l4s=0 drop_classic=174 drop_overload=0
[QUEUE_STATS] t_ms=0.00128 q_pkts=5 q_bytes=6160 ecn_mark=119 drop_l4s=0 drop_classic=176 drop_overload=0
[QUEUE_STATS] t_ms=0.001296 q_pkts=5 q_bytes=6160 ecn_mark=121 drop_l4s=0 drop_classic=178 drop_overload=0
[QUEUE_STATS] t_ms=0.001312 q_pkts=6 q_bytes=7392 ecn_mark=122 drop_l4s=0 drop_classic=179 drop_overload=0
[QUEUE_STATS] t_ms=0.001328 q_pkts=4 q_bytes=4928 ecn_mark=123 drop_l4s=0 drop_classic=182 drop_overload=0
[QUEUE_STATS] t_ms=0.001344 q_pkts=6 q_bytes=7392 ecn_mark=123 drop_l4s=0 drop_classic=182 drop_overload=0
[QUEUE_STATS] t_ms=0.00136 q_pkts=6 q_bytes=7392 ecn_mark=125 drop_l4s=0 drop_classic=183 drop_overload=0
[QUEUE_STATS] t_ms=0.001376 q_pkts=7 q_bytes=8624 ecn_mark=126 drop_l4s=0 drop_classic=184 drop_overload=0
[QUEUE_STATS] t_ms=0.001392 q_pkts=6 q_bytes=7392 ecn_mark=126 drop_l4s=0 drop_classic=186 drop_overload=0
[QUEUE_STATS] t_ms=0.001408 q_pkts=6 q_bytes=7392 ecn_mark=127 drop_l4s=0 drop_classic=188 drop_overload=0
[QUEUE_STATS] t_ms=0.001424 q_pkts=8 q_bytes=9856 ecn_mark=128 drop_l4s=0 drop_classic=188 drop_overload=0
[QUEUE_STATS] t_ms=0.00144 q_pkts=6 q_bytes=7392 ecn_mark=129 drop_l4s=0 drop_classic=191 drop_overload=0
[QUEUE_STATS] t_ms=0.001456 q_pkts=5 q_bytes=5577 ecn_mark=129 drop_l4s=0 drop_classic=194 drop_overload=0
[QUEUE_STATS] t_ms=0.001472 q_pkts=4 q_bytes=4928 ecn_mark=129 drop_l4s=0 drop_classic=196 drop_overload=0
[QUEUE_STATS] t_ms=0.001488 q_pkts=6 q_bytes=7392 ecn_mark=130 drop_l4s=0 drop_classic=197 drop_overload=0
[QUEUE_STATS] t_ms=0.001504 q_pkts=6 q_bytes=7392 ecn_mark=131 drop_l4s=0 drop_classic=199 drop_overload=0
[QUEUE_STATS] t_ms=0.00152 q_pkts=7 q_bytes=8624 ecn_mark=131 drop_l4s=0 drop_classic=200 drop_overload=0
[QUEUE_STATS] t_ms=0.001536 q_pkts=7 q_bytes=8624 ecn_mark=132 drop_l4s=0 drop_classic=203 drop_overload=0
[QUEUE_STATS] t_ms=0.001552 q_pkts=9 q_bytes=11280 ecn_mark=133 drop_l4s=0 drop_classic=203 drop_overload=0
[QUEUE_STATS] t_ms=0.001568 q_pkts=10 q_bytes=12320 ecn_mark=134 drop_l4s=0 drop_classic=204 drop_overload=0
[QUEUE_STATS] t_ms=0.001584 q_pkts=11 q_bytes=13552 ecn_mark=134 drop_l4s=0 drop_classic=205 drop_overload=0
[QUEUE_STATS] t_ms=0.0016 q_pkts=9 q_bytes=11088 ecn_mark=134 drop_l4s=0 drop_classic=210 drop_overload=0
[QUEUE_STATS] t_ms=0.001616 q_pkts=9 q_bytes=11360 ecn_mark=135 drop_l4s=0 drop_classic=212 drop_overload=0
[QUEUE_STATS] t_ms=0.001632 q_pkts=10 q_bytes=12320 ecn_mark=136 drop_l4s=0 drop_classic=213 drop_overload=0
[QUEUE_STATS] t_ms=0.001648 q_pkts=11 q_bytes=13552 ecn_mark=136 drop_l4s=0 drop_classic=215 drop_overload=0
[QUEUE_STATS] t_ms=0.001664 q_pkts=14 q_bytes=17248 ecn_mark=137 drop_l4s=0 drop_classic=215 drop_overload=0
[QUEUE_STATS] t_ms=0.00168 q_pkts=17 q_bytes=20944 ecn_mark=138 drop_l4s=0 drop_classic=215 drop_overload=0
[QUEUE_STATS] t_ms=0.001696 q_pkts=18 q_bytes=22176 ecn_mark=140 drop_l4s=0 drop_classic=216 drop_overload=0
[QUEUE_STATS] t_ms=0.001712 q_pkts=18 q_bytes=22176 ecn_mark=142 drop_l4s=0 drop_classic=219 drop_overload=0
[QUEUE_STATS] t_ms=0.001728 q_pkts=16 q_bytes=19712 ecn_mark=143 drop_l4s=0 drop_classic=223 drop_overload=0
[QUEUE_STATS] t_ms=0.001744 q_pkts=16 q_bytes=19712 ecn_mark=143 drop_l4s=0 drop_classic=224 drop_overload=0
[QUEUE_STATS] t_ms=0.00176 q_pkts=19 q_bytes=23398 ecn_mark=144 drop_l4s=0 drop_classic=225 drop_overload=0
[QUEUE_STATS] t_ms=0.001776 q_pkts=20 q_bytes=24640 ecn_mark=146 drop_l4s=0 drop_classic=225 drop_overload=0
[QUEUE_STATS] t_ms=0.001792 q_pkts=18 q_bytes=22176 ecn_mark=146 drop_l4s=0 drop_classic=229 drop_overload=0
[QUEUE_STATS] t_ms=0.001808 q_pkts=19 q_bytes=23408 ecn_mark=147 drop_l4s=0 drop_classic=230 drop_overload=0
[QUEUE_STATS] t_ms=0.001824 q_pkts=20 q_bytes=24640 ecn_mark=147 drop_l4s=0 drop_classic=231 drop_overload=0
[QUEUE_STATS] t_ms=0.00184 q_pkts=22 q_bytes=27104 ecn_mark=148 drop_l4s=0 drop_classic=232 drop_overload=0
[QUEUE_STATS] t_ms=0.001856 q_pkts=21 q_bytes=25872 ecn_mark=149 drop_l4s=0 drop_classic=235 drop_overload=0
[QUEUE_STATS] t_ms=0.001871 q_pkts=22 q_bytes=27211 ecn_mark=150 drop_l4s=0 drop_classic=236 drop_overload=0
[QUEUE_STATS] t_ms=0.001888 q_pkts=22 q_bytes=27104 ecn_mark=152 drop_l4s=0 drop_classic=237 drop_overload=0
[QUEUE_STATS] t_ms=0.001904 q_pkts=22 q_bytes=27104 ecn_mark=153 drop_l4s=0 drop_classic=239 drop_overload=0
[QUEUE_STATS] t_ms=0.00192 q_pkts=24 q_bytes=29840 ecn_mark=153 drop_l4s=0 drop_classic=240 drop_overload=0
[QUEUE_STATS] t_ms=0.001936 q_pkts=25 q_bytes=30800 ecn_mark=155 drop_l4s=0 drop_classic=241 drop_overload=0
[QUEUE_STATS] t_ms=0.001952 q_pkts=24 q_bytes=29568 ecn_mark=155 drop_l4s=0 drop_classic=243 drop_overload=0
[QUEUE_STATS] t_ms=0.001968 q_pkts=23 q_bytes=28336 ecn_mark=156 drop_l4s=0 drop_classic=246 drop_overload=0
[QUEUE_STATS] t_ms=0.001984 q_pkts=18 q_bytes=22176 ecn_mark=156 drop_l4s=0 drop_classic=253 drop_overload=0
[QUEUE_STATS] t_ms=0.002 q_pkts=19 q_bytes=23620 ecn_mark=156 drop_l4s=0 drop_classic=254 drop_overload=0
[QUEUE_STATS] t_ms=0.002016 q_pkts=20 q_bytes=24640 ecn_mark=158 drop_l4s=0 drop_classic=255 drop_overload=0
[QUEUE_STATS] t_ms=0.002032 q_pkts=22 q_bytes=27104 ecn_mark=160 drop_l4s=0 drop_classic=255 drop_overload=0
[QUEUE_STATS] t_ms=0.002048 q_pkts=22 q_bytes=27104 ecn_mark=161 drop_l4s=0 drop_classic=256 drop_overload=0
[QUEUE_STATS] t_ms=0.002064 q_pkts=24 q_bytes=29568 ecn_mark=162 drop_l4s=0 drop_classic=256 drop_overload=0
[QUEUE_STATS] t_ms=0.00208 q_pkts=24 q_bytes=29568 ecn_mark=163 drop_l4s=0 drop_classic=258 drop_overload=0
[QUEUE_STATS] t_ms=0.002096 q_pkts=25 q_bytes=30800 ecn_mark=164 drop_l4s=0 drop_classic=258 drop_overload=0
[QUEUE_STATS] t_ms=0.002112 q_pkts=24 q_bytes=29568 ecn_mark=165 drop_l4s=0 drop_classic=260 drop_overload=0
[QUEUE_STATS] t_ms=0.002128 q_pkts=22 q_bytes=27104 ecn_mark=166 drop_l4s=0 drop_classic=263 drop_overload=0
[QUEUE_STATS] t_ms=0.002144 q_pkts=22 q_bytes=27104 ecn_mark=167 drop_l4s=0 drop_classic=265 drop_overload=0
[QUEUE_STATS] t_ms=0.00216 q_pkts=22 q_bytes=27104 ecn_mark=167 drop_l4s=0 drop_classic=266 drop_overload=0
[QUEUE_STATS] t_ms=0.002176 q_pkts=22 q_bytes=26512 ecn_mark=168 drop_l4s=0 drop_classic=268 drop_overload=0
[QUEUE_STATS] t_ms=0.002192 q_pkts=23 q_bytes=28336 ecn_mark=170 drop_l4s=0 drop_classic=268 drop_overload=0
[QUEUE_STATS] t_ms=0.002208 q_pkts=20 q_bytes=24423 ecn_mark=170 drop_l4s=0 drop_classic=273 drop_overload=0
[QUEUE_STATS] t_ms=0.002224 q_pkts=20 q_bytes=24640 ecn_mark=172 drop_l4s=0 drop_classic=274 drop_overload=0
[QUEUE_STATS] t_ms=0.00224 q_pkts=18 q_bytes=22176 ecn_mark=173 drop_l4s=0 drop_classic=277 drop_overload=0
[QUEUE_STATS] t_ms=0.002256 q_pkts=17 q_bytes=20944 ecn_mark=173 drop_l4s=0 drop_classic=279 drop_overload=0
[QUEUE_STATS] t_ms=0.002272 q_pkts=16 q_bytes=19712 ecn_mark=175 drop_l4s=0 drop_classic=281 drop_overload=0
[QUEUE_STATS] t_ms=0.002288 q_pkts=18 q_bytes=22176 ecn_mark=176 drop_l4s=0 drop_classic=281 drop_overload=0
[QUEUE_STATS] t_ms=0.002304 q_pkts=17 q_bytes=20944 ecn_mark=176 drop_l4s=0 drop_classic=283 drop_overload=0
[QUEUE_STATS] t_ms=0.00232 q_pkts=18 q_bytes=22176 ecn_mark=177 drop_l4s=0 drop_classic=283 drop_overload=0
[QUEUE_STATS] t_ms=0.002336 q_pkts=20 q_bytes=24640 ecn_mark=179 drop_l4s=0 drop_classic=283 drop_overload=0
[QUEUE_STATS] t_ms=0.002352 q_pkts=17 q_bytes=20944 ecn_mark=179 drop_l4s=0 drop_classic=287 drop_overload=0
[QUEUE_STATS] t_ms=0.002368 q_pkts=20 q_bytes=24640 ecn_mark=181 drop_l4s=0 drop_classic=287 drop_overload=0
[QUEUE_STATS] t_ms=0.002384 q_pkts=20 q_bytes=24640 ecn_mark=181 drop_l4s=0 drop_classic=288 drop_overload=0
[QUEUE_STATS] t_ms=0.0024 q_pkts=22 q_bytes=27104 ecn_mark=182 drop_l4s=0 drop_classic=288 drop_overload=0
[QUEUE_STATS] t_ms=0.002416 q_pkts=21 q_bytes=25872 ecn_mark=183 drop_l4s=0 drop_classic=290 drop_overload=0
[QUEUE_STATS] t_ms=0.002432 q_pkts=15 q_bytes=18480 ecn_mark=183 drop_l4s=0 drop_classic=297 drop_overload=0
[QUEUE_STATS] t_ms=0.002448 q_pkts=16 q_bytes=19712 ecn_mark=185 drop_l4s=0 drop_classic=298 drop_overload=0
[QUEUE_STATS] t_ms=0.002464 q_pkts=15 q_bytes=18480 ecn_mark=185 drop_l4s=0 drop_classic=300 drop_overload=0
[QUEUE_STATS] t_ms=0.00248 q_pkts=17 q_bytes=20944 ecn_mark=185 drop_l4s=0 drop_classic=300 drop_overload=0
[QUEUE_STATS] t_ms=0.002496 q_pkts=20 q_bytes=24640 ecn_mark=185 drop_l4s=0 drop_classic=300 drop_overload=0
[QUEUE_STATS] t_ms=0.002512 q_pkts=22 q_bytes=27376 ecn_mark=185 drop_l4s=0 drop_classic=301 drop_overload=0
[QUEUE_STATS] t_ms=0.002528 q_pkts=23 q_bytes=28336 ecn_mark=186 drop_l4s=0 drop_classic=302 drop_overload=0
[QUEUE_STATS] t_ms=0.002544 q_pkts=26 q_bytes=32032 ecn_mark=187 drop_l4s=0 drop_classic=302 drop_overload=0
[QUEUE_STATS] t_ms=0.00256 q_pkts=25 q_bytes=30800 ecn_mark=188 drop_l4s=0 drop_classic=306 drop_overload=0
[QUEUE_STATS] t_ms=0.002576 q_pkts=24 q_bytes=29568 ecn_mark=189 drop_l4s=0 drop_classic=309 drop_overload=0
[QUEUE_STATS] t_ms=0.002592 q_pkts=24 q_bytes=29568 ecn_mark=191 drop_l4s=0 drop_classic=312 drop_overload=0
[QUEUE_STATS] t_ms=0.002608 q_pkts=24 q_bytes=29568 ecn_mark=192 drop_l4s=0 drop_classic=314 drop_overload=0
[QUEUE_STATS] t_ms=0.002624 q_pkts=26 q_bytes=32032 ecn_mark=193 drop_l4s=0 drop_classic=314 drop_overload=0
[QUEUE_STATS] t_ms=0.00264 q_pkts=23 q_bytes=28336 ecn_mark=193 drop_l4s=0 drop_classic=318 drop_overload=0
[QUEUE_STATS] t_ms=0.002656 q_pkts=26 q_bytes=32032 ecn_mark=195 drop_l4s=0 drop_classic=318 drop_overload=0
[QUEUE_STATS] t_ms=0.002672 q_pkts=23 q_bytes=28336 ecn_mark=196 drop_l4s=0 drop_classic=322 drop_overload=0
[QUEUE_STATS] t_ms=0.002688 q_pkts=23 q_bytes=28336 ecn_mark=197 drop_l4s=0 drop_classic=323 drop_overload=0
[QUEUE_STATS] t_ms=0.002704 q_pkts=21 q_bytes=25872 ecn_mark=197 drop_l4s=0 drop_classic=326 drop_overload=0
[QUEUE_STATS] t_ms=0.00272 q_pkts=21 q_bytes=25872 ecn_mark=199 drop_l4s=0 drop_classic=328 drop_overload=0
[QUEUE_STATS] t_ms=0.002736 q_pkts=20 q_bytes=24640 ecn_mark=200 drop_l4s=0 drop_classic=330 drop_overload=0
[QUEUE_STATS] t_ms=0.002752 q_pkts=19 q_bytes=23408 ecn_mark=202 drop_l4s=0 drop_classic=333 drop_overload=0
[QUEUE_STATS] t_ms=0.002768 q_pkts=19 q_bytes=22675 ecn_mark=203 drop_l4s=0 drop_classic=334 drop_overload=0
[QUEUE_STATS] t_ms=0.002784 q_pkts=18 q_bytes=22176 ecn_mark=205 drop_l4s=0 drop_classic=336 drop_overload=0
[QUEUE_STATS] t_ms=0.0028 q_pkts=17 q_bytes=20944 ecn_mark=207 drop_l4s=0 drop_classic=338 drop_overload=0
[QUEUE_STATS] t_ms=0.002816 q_pkts=17 q_bytes=19939 ecn_mark=207 drop_l4s=0 drop_classic=339 drop_overload=0
[QUEUE_STATS] t_ms=0.002832 q_pkts=17 q_bytes=20944 ecn_mark=209 drop_l4s=0 drop_classic=340 drop_overload=0
[QUEUE_STATS] t_ms=0.002848 q_pkts=19 q_bytes=23408 ecn_mark=209 drop_l4s=0 drop_classic=340 drop_overload=0
[QUEUE_STATS] t_ms=0.002864 q_pkts=20 q_bytes=24640 ecn_mark=209 drop_l4s=0 drop_classic=341 drop_overload=0
[QUEUE_STATS] t_ms=0.00288 q_pkts=22 q_bytes=27104 ecn_mark=210 drop_l4s=0 drop_classic=342 drop_overload=0
[QUEUE_STATS] t_ms=0.002896 q_pkts=24 q_bytes=29840 ecn_mark=211 drop_l4s=0 drop_classic=343 drop_overload=0
[QUEUE_STATS] t_ms=0.002912 q_pkts=23 q_bytes=28336 ecn_mark=213 drop_l4s=0 drop_classic=346 drop_overload=0
[QUEUE_STATS] t_ms=0.002928 q_pkts=22 q_bytes=27104 ecn_mark=213 drop_l4s=0 drop_classic=348 drop_overload=0
[QUEUE_STATS] t_ms=0.002944 q_pkts=21 q_bytes=25872 ecn_mark=215 drop_l4s=0 drop_classic=352 drop_overload=0
[QUEUE_STATS] t_ms=0.00296 q_pkts=20 q_bytes=24640 ecn_mark=215 drop_l4s=0 drop_classic=354 drop_overload=0
[QUEUE_STATS] t_ms=0.002976 q_pkts=22 q_bytes=27104 ecn_mark=216 drop_l4s=0 drop_classic=355 drop_overload=0
[QUEUE_STATS] t_ms=0.002992 q_pkts=19 q_bytes=23408 ecn_mark=217 drop_l4s=0 drop_classic=360 drop_overload=0
[QUEUE_STATS] t_ms=0.003008 q_pkts=17 q_bytes=20944 ecn_mark=218 drop_l4s=0 drop_classic=363 drop_overload=0
[QUEUE_STATS] t_ms=0.003024 q_pkts=17 q_bytes=20944 ecn_mark=218 drop_l4s=0 drop_classic=364 drop_overload=0
[QUEUE_STATS] t_ms=0.00304 q_pkts=18 q_bytes=22176 ecn_mark=219 drop_l4s=0 drop_classic=366 drop_overload=0
[QUEUE_STATS] t_ms=0.003056 q_pkts=19 q_bytes=23408 ecn_mark=220 drop_l4s=0 drop_classic=366 drop_overload=0
[QUEUE_STATS] t_ms=0.003072 q_pkts=17 q_bytes=20944 ecn_mark=221 drop_l4s=0 drop_classic=370 drop_overload=0
[QUEUE_STATS] t_ms=0.003088 q_pkts=18 q_bytes=22176 ecn_mark=222 drop_l4s=0 drop_classic=370 drop_overload=0
[QUEUE_STATS] t_ms=0.003104 q_pkts=13 q_bytes=16016 ecn_mark=223 drop_l4s=0 drop_classic=376 drop_overload=0
[QUEUE_STATS] t_ms=0.00312 q_pkts=13 q_bytes=16016 ecn_mark=225 drop_l4s=0 drop_classic=378 drop_overload=0
[QUEUE_STATS] t_ms=0.003136 q_pkts=13 q_bytes=16016 ecn_mark=225 drop_l4s=0 drop_classic=379 drop_overload=0
[QUEUE_STATS] t_ms=0.003152 q_pkts=14 q_bytes=17248 ecn_mark=227 drop_l4s=0 drop_classic=380 drop_overload=0
[QUEUE_STATS] t_ms=0.003168 q_pkts=11 q_bytes=13552 ecn_mark=228 drop_l4s=0 drop_classic=384 drop_overload=0
[QUEUE_STATS] t_ms=0.003184 q_pkts=11 q_bytes=13552 ecn_mark=229 drop_l4s=0 drop_classic=386 drop_overload=0
[QUEUE_STATS] t_ms=0.0032 q_pkts=10 q_bytes=12320 ecn_mark=229 drop_l4s=0 drop_classic=388 drop_overload=0
[QUEUE_STATS] t_ms=0.003216 q_pkts=10 q_bytes=12320 ecn_mark=230 drop_l4s=0 drop_classic=389 drop_overload=0
[QUEUE_STATS] t_ms=0.003232 q_pkts=12 q_bytes=14784 ecn_mark=232 drop_l4s=0 drop_classic=389 drop_overload=0
[QUEUE_STATS] t_ms=0.003248 q_pkts=12 q_bytes=14784 ecn_mark=233 drop_l4s=0 drop_classic=390 drop_overload=0
[QUEUE_STATS] t_ms=0.003264 q_pkts=10 q_bytes=12320 ecn_mark=235 drop_l4s=0 drop_classic=393 drop_overload=0
[QUEUE_STATS] t_ms=0.00328 q_pkts=11 q_bytes=13552 ecn_mark=236 drop_l4s=0 drop_classic=393 drop_overload=0
[QUEUE_STATS] t_ms=0.003296 q_pkts=12 q_bytes=14784 ecn_mark=238 drop_l4s=0 drop_classic=393 drop_overload=0
[QUEUE_STATS] t_ms=0.003312 q_pkts=14 q_bytes=16237 ecn_mark=239 drop_l4s=0 drop_classic=393 drop_overload=0
[QUEUE_STATS] t_ms=0.003328 q_pkts=10 q_bytes=11309 ecn_mark=240 drop_l4s=0 drop_classic=398 drop_overload=0
[QUEUE_STATS] t_ms=0.003344 q_pkts=10 q_bytes=12320 ecn_mark=240 drop_l4s=0 drop_classic=399 drop_overload=0
[QUEUE_STATS] t_ms=0.00336 q_pkts=10 q_bytes=12320 ecn_mark=242 drop_l4s=0 drop_classic=400 drop_overload=0
[QUEUE_STATS] t_ms=0.003376 q_pkts=10 q_bytes=12320 ecn_mark=243 drop_l4s=0 drop_classic=402 drop_overload=0
[QUEUE_STATS] t_ms=0.003392 q_pkts=9 q_bytes=11088 ecn_mark=244 drop_l4s=0 drop_classic=404 drop_overload=0
[QUEUE_STATS] t_ms=0.003408 q_pkts=10 q_bytes=12320 ecn_mark=245 drop_l4s=0 drop_classic=405 drop_overload=0
[QUEUE_STATS] t_ms=0.003424 q_pkts=8 q_bytes=9856 ecn_mark=246 drop_l4s=0 drop_classic=408 drop_overload=0
[QUEUE_STATS] t_ms=0.00344 q_pkts=7 q_bytes=8624 ecn_mark=246 drop_l4s=0 drop_classic=410 drop_overload=0
[QUEUE_STATS] t_ms=0.003456 q_pkts=9 q_bytes=11088 ecn_mark=247 drop_l4s=0 drop_classic=411 drop_overload=0
[QUEUE_STATS] t_ms=0.003472 q_pkts=9 q_bytes=11088 ecn_mark=247 drop_l4s=0 drop_classic=412 drop_overload=0
[QUEUE_STATS] t_ms=0.003488 q_pkts=11 q_bytes=13552 ecn_mark=247 drop_l4s=0 drop_classic=413 drop_overload=0
[QUEUE_STATS] t_ms=0.003504 q_pkts=11 q_bytes=13552 ecn_mark=247 drop_l4s=0 drop_classic=417 drop_overload=0
[QUEUE_STATS] t_ms=0.00352 q_pkts=16 q_bytes=19712 ecn_mark=247 drop_l4s=0 drop_classic=417 drop_overload=0
[QUEUE_STATS] t_ms=0.003536 q_pkts=18 q_bytes=22448 ecn_mark=248 drop_l4s=0 drop_classic=418 drop_overload=0
[QUEUE_STATS] t_ms=0.003552 q_pkts=20 q_bytes=24640 ecn_mark=249 drop_l4s=0 drop_classic=420 drop_overload=0
[QUEUE_STATS] t_ms=0.003568 q_pkts=21 q_bytes=25872 ecn_mark=249 drop_l4s=0 drop_classic=423 drop_overload=0
[QUEUE_STATS] t_ms=0.003583 q_pkts=24 q_bytes=29568 ecn_mark=249 drop_l4s=0 drop_classic=424 drop_overload=0
[QUEUE_STATS] t_ms=0.0036 q_pkts=27 q_bytes=33264 ecn_mark=251 drop_l4s=0 drop_classic=426 drop_overload=0
[QUEUE_STATS] t_ms=0.003616 q_pkts=32 q_bytes=39424 ecn_mark=252 drop_l4s=0 drop_classic=426 drop_overload=0
[QUEUE_STATS] t_ms=0.003632 q_pkts=35 q_bytes=43120 ecn_mark=252 drop_l4s=0 drop_classic=427 drop_overload=0
[QUEUE_STATS] t_ms=0.003648 q_pkts=39 q_bytes=48320 ecn_mark=254 drop_l4s=0 drop_classic=428 drop_overload=0
[QUEUE_STATS] t_ms=0.003664 q_pkts=40 q_bytes=49552 ecn_mark=256 drop_l4s=0 drop_classic=431 drop_overload=0
[QUEUE_STATS] t_ms=0.00368 q_pkts=38 q_bytes=46816 ecn_mark=258 drop_l4s=0 drop_classic=436 drop_overload=0
[QUEUE_STATS] t_ms=0.003696 q_pkts=38 q_bytes=47088 ecn_mark=259 drop_l4s=0 drop_classic=440 drop_overload=0
[QUEUE_STATS] t_ms=0.003712 q_pkts=37 q_bytes=45856 ecn_mark=262 drop_l4s=0 drop_classic=444 drop_overload=0
[QUEUE_STATS] t_ms=0.003728 q_pkts=36 q_bytes=44352 ecn_mark=265 drop_l4s=0 drop_classic=448 drop_overload=0
[QUEUE_STATS] t_ms=0.003744 q_pkts=31 q_bytes=38192 ecn_mark=266 drop_l4s=0 drop_classic=455 drop_overload=0
[QUEUE_STATS] t_ms=0.00376 q_pkts=32 q_bytes=39424 ecn_mark=267 drop_l4s=0 drop_classic=457 drop_overload=0
[QUEUE_STATS] t_ms=0.003776 q_pkts=32 q_bytes=39424 ecn_mark=268 drop_l4s=0 drop_classic=460 drop_overload=0
[QUEUE_STATS] t_ms=0.003792 q_pkts=30 q_bytes=36960 ecn_mark=269 drop_l4s=0 drop_classic=463 drop_overload=0
[QUEUE_STATS] t_ms=0.003808 q_pkts=33 q_bytes=40656 ecn_mark=270 drop_l4s=0 drop_classic=463 drop_overload=0
[QUEUE_STATS] t_ms=0.003824 q_pkts=33 q_bytes=40656 ecn_mark=271 drop_l4s=0 drop_classic=464 drop_overload=0
[QUEUE_STATS] t_ms=0.00384 q_pkts=36 q_bytes=43172 ecn_mark=272 drop_l4s=0 drop_classic=465 drop_overload=0
[QUEUE_STATS] t_ms=0.003856 q_pkts=35 q_bytes=41763 ecn_mark=273 drop_l4s=0 drop_classic=468 drop_overload=0
[QUEUE_STATS] t_ms=0.003872 q_pkts=31 q_bytes=38192 ecn_mark=274 drop_l4s=0 drop_classic=472 drop_overload=0
[QUEUE_STATS] t_ms=0.003888 q_pkts=32 q_bytes=39424 ecn_mark=274 drop_l4s=0 drop_classic=474 drop_overload=0
[QUEUE_STATS] t_ms=0.003904 q_pkts=32 q_bytes=39424 ecn_mark=275 drop_l4s=0 drop_classic=475 drop_overload=0
[QUEUE_STATS] t_ms=0.003919 q_pkts=31 q_bytes=38192 ecn_mark=275 drop_l4s=0 drop_classic=478 drop_overload=0
[QUEUE_STATS] t_ms=0.003936 q_pkts=30 q_bytes=36960 ecn_mark=276 drop_l4s=0 drop_classic=482 drop_overload=0
[QUEUE_STATS] t_ms=0.003952 q_pkts=28 q_bytes=34496 ecn_mark=277 drop_l4s=0 drop_classic=486 drop_overload=0
[QUEUE_STATS] t_ms=0.003968 q_pkts=22 q_bytes=27104 ecn_mark=279 drop_l4s=0 drop_classic=495 drop_overload=0
[QUEUE_STATS] t_ms=0.003984 q_pkts=21 q_bytes=25872 ecn_mark=280 drop_l4s=0 drop_classic=498 drop_overload=0
[QUEUE_STATS] t_ms=0.004 q_pkts=21 q_bytes=25872 ecn_mark=282 drop_l4s=0 drop_classic=501 drop_overload=0
[QUEUE_STATS] t_ms=0.004016 q_pkts=21 q_bytes=25872 ecn_mark=283 drop_l4s=0 drop_classic=503 drop_overload=0
[QUEUE_STATS] t_ms=0.004032 q_pkts=21 q_bytes=25872 ecn_mark=283 drop_l4s=0 drop_classic=504 drop_overload=0
[QUEUE_STATS] t_ms=0.004048 q_pkts=20 q_bytes=24640 ecn_mark=285 drop_l4s=0 drop_classic=507 drop_overload=0
[QUEUE_STATS] t_ms=0.004064 q_pkts=21 q_bytes=25872 ecn_mark=285 drop_l4s=0 drop_classic=508 drop_overload=0
[QUEUE_STATS] t_ms=0.00408 q_pkts=22 q_bytes=27104 ecn_mark=287 drop_l4s=0 drop_classic=509 drop_overload=0
[QUEUE_STATS] t_ms=0.004096 q_pkts=22 q_bytes=27104 ecn_mark=287 drop_l4s=0 drop_classic=510 drop_overload=0
[QUEUE_STATS] t_ms=0.004112 q_pkts=22 q_bytes=27104 ecn_mark=289 drop_l4s=0 drop_classic=512 drop_overload=0
[QUEUE_STATS] t_ms=0.004128 q_pkts=24 q_bytes=29268 ecn_mark=290 drop_l4s=0 drop_classic=513 drop_overload=0
[QUEUE_STATS] t_ms=0.004144 q_pkts=23 q_bytes=28336 ecn_mark=292 drop_l4s=0 drop_classic=514 drop_overload=0
[QUEUE_STATS] t_ms=0.00416 q_pkts=23 q_bytes=28336 ecn_mark=292 drop_l4s=0 drop_classic=515 drop_overload=0
[QUEUE_STATS] t_ms=0.004176 q_pkts=22 q_bytes=27104 ecn_mark=292 drop_l4s=0 drop_classic=518 drop_overload=0
[QUEUE_STATS] t_ms=0.004192 q_pkts=23 q_bytes=28336 ecn_mark=294 drop_l4s=0 drop_classic=520 drop_overload=0
[QUEUE_STATS] t_ms=0.004208 q_pkts=20 q_bytes=24640 ecn_mark=295 drop_l4s=0 drop_classic=524 drop_overload=0
[QUEUE_STATS] t_ms=0.004223 q_pkts=15 q_bytes=18480 ecn_mark=296 drop_l4s=0 drop_classic=530 drop_overload=0
[QUEUE_STATS] t_ms=0.00424 q_pkts=15 q_bytes=18480 ecn_mark=296 drop_l4s=0 drop_classic=531 drop_overload=0
[QUEUE_STATS] t_ms=0.004256 q_pkts=17 q_bytes=20944 ecn_mark=297 drop_l4s=0 drop_classic=532 drop_overload=0
[QUEUE_STATS] t_ms=0.004272 q_pkts=17 q_bytes=20944 ecn_mark=299 drop_l4s=0 drop_classic=534 drop_overload=0
[QUEUE_STATS] t_ms=0.004288 q_pkts=18 q_bytes=22176 ecn_mark=301 drop_l4s=0 drop_classic=534 drop_overload=0
[QUEUE_STATS] t_ms=0.004304 q_pkts=18 q_bytes=22176 ecn_mark=302 drop_l4s=0 drop_classic=535 drop_overload=0
[QUEUE_STATS] t_ms=0.00432 q_pkts=18 q_bytes=22176 ecn_mark=303 drop_l4s=0 drop_classic=537 drop_overload=0
[QUEUE_STATS] t_ms=0.004336 q_pkts=15 q_bytes=18480 ecn_mark=303 drop_l4s=0 drop_classic=541 drop_overload=0
[QUEUE_STATS] t_ms=0.004352 q_pkts=16 q_bytes=19712 ecn_mark=304 drop_l4s=0 drop_classic=542 drop_overload=0
[QUEUE_STATS] t_ms=0.004368 q_pkts=14 q_bytes=17248 ecn_mark=305 drop_l4s=0 drop_classic=546 drop_overload=0
[QUEUE_STATS] t_ms=0.004384 q_pkts=13 q_bytes=16016 ecn_mark=307 drop_l4s=0 drop_classic=548 drop_overload=0
[QUEUE_STATS] t_ms=0.0044 q_pkts=11 q_bytes=13552 ecn_mark=308 drop_l4s=0 drop_classic=551 drop_overload=0
[QUEUE_STATS] t_ms=0.004416 q_pkts=10 q_bytes=12320 ecn_mark=310 drop_l4s=0 drop_classic=554 drop_overload=0
[QUEUE_STATS] t_ms=0.004432 q_pkts=11 q_bytes=13552 ecn_mark=310 drop_l4s=0 drop_classic=554 drop_overload=0
[QUEUE_STATS] t_ms=0.004448 q_pkts=10 q_bytes=12320 ecn_mark=312 drop_l4s=0 drop_classic=556 drop_overload=0
[QUEUE_STATS] t_ms=0.004464 q_pkts=11 q_bytes=13552 ecn_mark=313 drop_l4s=0 drop_classic=556 drop_overload=0
[QUEUE_STATS] t_ms=0.00448 q_pkts=13 q_bytes=15345 ecn_mark=313 drop_l4s=0 drop_classic=556 drop_overload=0
[QUEUE_STATS] t_ms=0.004496 q_pkts=14 q_bytes=17248 ecn_mark=315 drop_l4s=0 drop_classic=556 drop_overload=0
[QUEUE_STATS] t_ms=0.004512 q_pkts=14 q_bytes=17248 ecn_mark=316 drop_l4s=0 drop_classic=558 drop_overload=0
[QUEUE_STATS] t_ms=0.004528 q_pkts=14 q_bytes=17248 ecn_mark=316 drop_l4s=0 drop_classic=559 drop_overload=0
[QUEUE_STATS] t_ms=0.004544 q_pkts=17 q_bytes=20944 ecn_mark=316 drop_l4s=0 drop_classic=559 drop_overload=0
[QUEUE_STATS] t_ms=0.00456 q_pkts=16 q_bytes=19712 ecn_mark=316 drop_l4s=0 drop_classic=563 drop_overload=0
[QUEUE_STATS] t_ms=0.004576 q_pkts=17 q_bytes=20944 ecn_mark=318 drop_l4s=0 drop_classic=565 drop_overload=0
[QUEUE_STATS] t_ms=0.004592 q_pkts=18 q_bytes=22176 ecn_mark=318 drop_l4s=0 drop_classic=566 drop_overload=0
[QUEUE_STATS] t_ms=0.004608 q_pkts=21 q_bytes=26144 ecn_mark=318 drop_l4s=0 drop_classic=567 drop_overload=0
[QUEUE_STATS] t_ms=0.004624 q_pkts=20 q_bytes=24640 ecn_mark=320 drop_l4s=0 drop_classic=569 drop_overload=0
[QUEUE_STATS] t_ms=0.00464 q_pkts=23 q_bytes=28336 ecn_mark=322 drop_l4s=0 drop_classic=570 drop_overload=0
[QUEUE_STATS] t_ms=0.004656 q_pkts=23 q_bytes=28336 ecn_mark=324 drop_l4s=0 drop_classic=572 drop_overload=0
[QUEUE_STATS] t_ms=0.004672 q_pkts=22 q_bytes=27104 ecn_mark=324 drop_l4s=0 drop_classic=575 drop_overload=0
[QUEUE_STATS] t_ms=0.004688 q_pkts=25 q_bytes=30800 ecn_mark=325 drop_l4s=0 drop_classic=575 drop_overload=0
[QUEUE_STATS] t_ms=0.004704 q_pkts=26 q_bytes=32032 ecn_mark=326 drop_l4s=0 drop_classic=576 drop_overload=0
[QUEUE_STATS] t_ms=0.00472 q_pkts=26 q_bytes=32304 ecn_mark=327 drop_l4s=0 drop_classic=578 drop_overload=0
[QUEUE_STATS] t_ms=0.004736 q_pkts=19 q_bytes=23408 ecn_mark=328 drop_l4s=0 drop_classic=587 drop_overload=0
[QUEUE_STATS] t_ms=0.004752 q_pkts=20 q_bytes=24640 ecn_mark=329 drop_l4s=0 drop_classic=588 drop_overload=0
[QUEUE_STATS] t_ms=0.004768 q_pkts=20 q_bytes=24640 ecn_mark=329 drop_l4s=0 drop_classic=590 drop_overload=0
[QUEUE_STATS] t_ms=0.004784 q_pkts=22 q_bytes=27104 ecn_mark=331 drop_l4s=0 drop_classic=590 drop_overload=0
[QUEUE_STATS] t_ms=0.0048 q_pkts=21 q_bytes=25872 ecn_mark=332 drop_l4s=0 drop_classic=593 drop_overload=0
[QUEUE_STATS] t_ms=0.004816 q_pkts=22 q_bytes=27104 ecn_mark=332 drop_l4s=0 drop_classic=594 drop_overload=0
[QUEUE_STATS] t_ms=0.004832 q_pkts=18 q_bytes=22176 ecn_mark=332 drop_l4s=0 drop_classic=599 drop_overload=0
[QUEUE_STATS] t_ms=0.004848 q_pkts=18 q_bytes=22113 ecn_mark=333 drop_l4s=0 drop_classic=602 drop_overload=0
[QUEUE_STATS] t_ms=0.004864 q_pkts=16 q_bytes=19712 ecn_mark=334 drop_l4s=0 drop_classic=605 drop_overload=0
[QUEUE_STATS] t_ms=0.00488 q_pkts=18 q_bytes=22176 ecn_mark=336 drop_l4s=0 drop_classic=606 drop_overload=0
[QUEUE_STATS] t_ms=0.004896 q_pkts=17 q_bytes=20944 ecn_mark=336 drop_l4s=0 drop_classic=608 drop_overload=0
[QUEUE_STATS] t_ms=0.004912 q_pkts=18 q_bytes=22176 ecn_mark=339 drop_l4s=0 drop_classic=609 drop_overload=0
[QUEUE_STATS] t_ms=0.004928 q_pkts=19 q_bytes=23408 ecn_mark=340 drop_l4s=0 drop_classic=609 drop_overload=0
[QUEUE_STATS] t_ms=0.004944 q_pkts=21 q_bytes=25768 ecn_mark=340 drop_l4s=0 drop_classic=609 drop_overload=0
[QUEUE_STATS] t_ms=0.00496 q_pkts=22 q_bytes=27104 ecn_mark=341 drop_l4s=0 drop_classic=610 drop_overload=0
[QUEUE_STATS] t_ms=0.004976 q_pkts=22 q_bytes=27104 ecn_mark=342 drop_l4s=0 drop_classic=611 drop_overload=0
[QUEUE_STATS] t_ms=0.004992 q_pkts=22 q_bytes=27104 ecn_mark=342 drop_l4s=0 drop_classic=612 drop_overload=0
[QUEUE_STATS] t_ms=0.005008 q_pkts=22 q_bytes=27104 ecn_mark=344 drop_l4s=0 drop_classic=614 drop_overload=0
[QUEUE_STATS] t_ms=0.005024 q_pkts=21 q_bytes=25872 ecn_mark=345 drop_l4s=0 drop_classic=617 drop_overload=0
[QUEUE_STATS] t_ms=0.00504 q_pkts=22 q_bytes=27104 ecn_mark=346 drop_l4s=0 drop_classic=618 drop_overload=0
[QUEUE_STATS] t_ms=0.005056 q_pkts=22 q_bytes=27104 ecn_mark=346 drop_l4s=0 drop_classic=619 drop_overload=0
[QUEUE_STATS] t_ms=0.005072 q_pkts=23 q_bytes=28336 ecn_mark=347 drop_l4s=0 drop_classic=620 drop_overload=0
[QUEUE_STATS] t_ms=0.005088 q_pkts=23 q_bytes=28336 ecn_mark=348 drop_l4s=0 drop_classic=622 drop_overload=0
[QUEUE_STATS] t_ms=0.005104 q_pkts=21 q_bytes=25872 ecn_mark=350 drop_l4s=0 drop_classic=626 drop_overload=0
[QUEUE_STATS] t_ms=0.00512 q_pkts=20 q_bytes=24640 ecn_mark=350 drop_l4s=0 drop_classic=628 drop_overload=0
[QUEUE_STATS] t_ms=0.005136 q_pkts=20 q_bytes=24640 ecn_mark=352 drop_l4s=0 drop_classic=629 drop_overload=0
[QUEUE_STATS] t_ms=0.005152 q_pkts=21 q_bytes=25872 ecn_mark=353 drop_l4s=0 drop_classic=630 drop_overload=0
[QUEUE_STATS] t_ms=0.005168 q_pkts=20 q_bytes=24640 ecn_mark=355 drop_l4s=0 drop_classic=632 drop_overload=0
[QUEUE_STATS] t_ms=0.005184 q_pkts=20 q_bytes=24640 ecn_mark=356 drop_l4s=0 drop_classic=633 drop_overload=0
[QUEUE_STATS] t_ms=0.0052 q_pkts=21 q_bytes=25872 ecn_mark=357 drop_l4s=0 drop_classic=633 drop_overload=0
[QUEUE_STATS] t_ms=0.005216 q_pkts=20 q_bytes=24640 ecn_mark=359 drop_l4s=0 drop_classic=635 drop_overload=0
[QUEUE_STATS] t_ms=0.005232 q_pkts=19 q_bytes=23408 ecn_mark=360 drop_l4s=0 drop_classic=637 drop_overload=0
[QUEUE_STATS] t_ms=0.005248 q_pkts=15 q_bytes=18480 ecn_mark=362 drop_l4s=0 drop_classic=643 drop_overload=0
[QUEUE_STATS] t_ms=0.005264 q_pkts=15 q_bytes=18480 ecn_mark=364 drop_l4s=0 drop_classic=644 drop_overload=0
[QUEUE_STATS] t_ms=0.00528 q_pkts=15 q_bytes=18480 ecn_mark=364 drop_l4s=0 drop_classic=646 drop_overload=0
[QUEUE_STATS] t_ms=0.005296 q_pkts=12 q_bytes=14784 ecn_mark=365 drop_l4s=0 drop_classic=650 drop_overload=0
[QUEUE_STATS] t_ms=0.005312 q_pkts=13 q_bytes=16016 ecn_mark=365 drop_l4s=0 drop_classic=650 drop_overload=0
[QUEUE_STATS] t_ms=0.005328 q_pkts=13 q_bytes=16016 ecn_mark=366 drop_l4s=0 drop_classic=651 drop_overload=0
[QUEUE_STATS] t_ms=0.005344 q_pkts=14 q_bytes=17248 ecn_mark=367 drop_l4s=0 drop_classic=652 drop_overload=0
[QUEUE_STATS] t_ms=0.00536 q_pkts=11 q_bytes=13552 ecn_mark=367 drop_l4s=0 drop_classic=656 drop_overload=0
[QUEUE_STATS] t_ms=0.005376 q_pkts=10 q_bytes=12320 ecn_mark=368 drop_l4s=0 drop_classic=658 drop_overload=0
[QUEUE_STATS] t_ms=0.005392 q_pkts=10 q_bytes=11796 ecn_mark=369 drop_l4s=0 drop_classic=661 drop_overload=0
[QUEUE_STATS] t_ms=0.005408 q_pkts=9 q_bytes=11360 ecn_mark=369 drop_l4s=0 drop_classic=664 drop_overload=0
[QUEUE_STATS] t_ms=0.005424 q_pkts=8 q_bytes=9856 ecn_mark=370 drop_l4s=0 drop_classic=667 drop_overload=0
[QUEUE_STATS] t_ms=0.00544 q_pkts=9 q_bytes=11088 ecn_mark=370 drop_l4s=0 drop_classic=668 drop_overload=0
[QUEUE_STATS] t_ms=0.005456 q_pkts=9 q_bytes=11088 ecn_mark=371 drop_l4s=0 drop_classic=671 drop_overload=0
[QUEUE_STATS] t_ms=0.005472 q_pkts=10 q_bytes=12320 ecn_mark=372 drop_l4s=0 drop_classic=673 drop_overload=0
[QUEUE_STATS] t_ms=0.005488 q_pkts=6 q_bytes=7392 ecn_mark=372 drop_l4s=0 drop_classic=678 drop_overload=0
[QUEUE_STATS] t_ms=0.005504 q_pkts=6 q_bytes=7392 ecn_mark=373 drop_l4s=0 drop_classic=681 drop_overload=0
[QUEUE_STATS] t_ms=0.00552 q_pkts=8 q_bytes=9856 ecn_mark=373 drop_l4s=0 drop_classic=682 drop_overload=0
[QUEUE_STATS] t_ms=0.005536 q_pkts=10 q_bytes=12320 ecn_mark=374 drop_l4s=0 drop_classic=683 drop_overload=0
[QUEUE_STATS] t_ms=0.005552 q_pkts=10 q_bytes=12320 ecn_mark=374 drop_l4s=0 drop_classic=685 drop_overload=0
[QUEUE_STATS] t_ms=0.005568 q_pkts=11 q_bytes=13552 ecn_mark=376 drop_l4s=0 drop_classic=687 drop_overload=0
[QUEUE_STATS] t_ms=0.005584 q_pkts=11 q_bytes=13552 ecn_mark=377 drop_l4s=0 drop_classic=690 drop_overload=0
[QUEUE_STATS] t_ms=0.0056 q_pkts=12 q_bytes=14784 ecn_mark=379 drop_l4s=0 drop_classic=691 drop_overload=0
[QUEUE_STATS] t_ms=0.005616 q_pkts=10 q_bytes=12320 ecn_mark=379 drop_l4s=0 drop_classic=694 drop_overload=0
[QUEUE_STATS] t_ms=0.005632 q_pkts=13 q_bytes=16288 ecn_mark=380 drop_l4s=0 drop_classic=694 drop_overload=0
[QUEUE_STATS] t_ms=0.005648 q_pkts=15 q_bytes=18480 ecn_mark=381 drop_l4s=0 drop_classic=694 drop_overload=0
[QUEUE_STATS] t_ms=0.005664 q_pkts=17 q_bytes=20944 ecn_mark=382 drop_l4s=0 drop_classic=694 drop_overload=0
[QUEUE_STATS] t_ms=0.00568 q_pkts=17 q_bytes=20944 ecn_mark=383 drop_l4s=0 drop_classic=695 drop_overload=0
[QUEUE_STATS] t_ms=0.005696 q_pkts=18 q_bytes=22176 ecn_mark=383 drop_l4s=0 drop_classic=696 drop_overload=0
[QUEUE_STATS] t_ms=0.005712 q_pkts=19 q_bytes=23408 ecn_mark=383 drop_l4s=0 drop_classic=697 drop_overload=0
[QUEUE_STATS] t_ms=0.005728 q_pkts=19 q_bytes=23408 ecn_mark=384 drop_l4s=0 drop_classic=700 drop_overload=0
[QUEUE_STATS] t_ms=0.005744 q_pkts=20 q_bytes=24640 ecn_mark=385 drop_l4s=0 drop_classic=701 drop_overload=0
[QUEUE_STATS] t_ms=0.00576 q_pkts=22 q_bytes=27104 ecn_mark=386 drop_l4s=0 drop_classic=702 drop_overload=0
[QUEUE_STATS] t_ms=0.005776 q_pkts=22 q_bytes=27104 ecn_mark=387 drop_l4s=0 drop_classic=703 drop_overload=0
[QUEUE_STATS] t_ms=0.005792 q_pkts=25 q_bytes=31072 ecn_mark=388 drop_l4s=0 drop_classic=703 drop_overload=0
[QUEUE_STATS] t_ms=0.005808 q_pkts=24 q_bytes=29568 ecn_mark=389 drop_l4s=0 drop_classic=706 drop_overload=0
[QUEUE_STATS] t_ms=0.005824 q_pkts=18 q_bytes=22176 ecn_mark=390 drop_l4s=0 drop_classic=713 drop_overload=0
[QUEUE_STATS] t_ms=0.00584 q_pkts=16 q_bytes=19712 ecn_mark=391 drop_l4s=0 drop_classic=717 drop_overload=0
[QUEUE_STATS] t_ms=0.005856 q_pkts=17 q_bytes=20944 ecn_mark=392 drop_l4s=0 drop_classic=718 drop_overload=0
[QUEUE_STATS] t_ms=0.005872 q_pkts=17 q_bytes=20944 ecn_mark=392 drop_l4s=0 drop_classic=719 drop_overload=0
[QUEUE_STATS] t_ms=0.005888 q_pkts=19 q_bytes=23408 ecn_mark=394 drop_l4s=0 drop_classic=719 drop_overload=0
[QUEUE_STATS] t_ms=0.005904 q_pkts=20 q_bytes=24640 ecn_mark=395 drop_l4s=0 drop_classic=720 drop_overload=0
[QUEUE_STATS] t_ms=0.00592 q_pkts=18 q_bytes=22176 ecn_mark=396 drop_l4s=0 drop_classic=724 drop_overload=0
[QUEUE_STATS] t_ms=0.005936 q_pkts=18 q_bytes=22176 ecn_mark=396 drop_l4s=0 drop_classic=725 drop_overload=0
[QUEUE_STATS] t_ms=0.005952 q_pkts=17 q_bytes=20944 ecn_mark=397 drop_l4s=0 drop_classic=728 drop_overload=0
[QUEUE_STATS] t_ms=0.005968 q_pkts=17 q_bytes=20944 ecn_mark=398 drop_l4s=0 drop_classic=730 drop_overload=0
[QUEUE_STATS] t_ms=0.005984 q_pkts=18 q_bytes=22176 ecn_mark=399 drop_l4s=0 drop_classic=731 drop_overload=0
[QUEUE_STATS] t_ms=0.006 q_pkts=18 q_bytes=22176 ecn_mark=400 drop_l4s=0 drop_classic=733 drop_overload=0
[QUEUE_STATS] t_ms=0.006016 q_pkts=17 q_bytes=20944 ecn_mark=401 drop_l4s=0 drop_classic=735 drop_overload=0
[QUEUE_STATS] t_ms=0.006032 q_pkts=16 q_bytes=19712 ecn_mark=402 drop_l4s=0 drop_classic=737 drop_overload=0
[QUEUE_STATS] t_ms=0.006048 q_pkts=18 q_bytes=22051 ecn_mark=402 drop_l4s=0 drop_classic=737 drop_overload=0
[QUEUE_STATS] t_ms=0.006064 q_pkts=19 q_bytes=23408 ecn_mark=403 drop_l4s=0 drop_classic=738 drop_overload=0
[QUEUE_STATS] t_ms=0.00608 q_pkts=20 q_bytes=24640 ecn_mark=405 drop_l4s=0 drop_classic=739 drop_overload=0
[QUEUE_STATS] t_ms=0.006096 q_pkts=20 q_bytes=24640 ecn_mark=405 drop_l4s=0 drop_classic=740 drop_overload=0
[QUEUE_STATS] t_ms=0.006112 q_pkts=21 q_bytes=25872 ecn_mark=406 drop_l4s=0 drop_classic=741 drop_overload=0
[QUEUE_STATS] t_ms=0.006128 q_pkts=19 q_bytes=23093 ecn_mark=406 drop_l4s=0 drop_classic=745 drop_overload=0
[QUEUE_STATS] t_ms=0.006144 q_pkts=18 q_bytes=22176 ecn_mark=408 drop_l4s=0 drop_classic=747 drop_overload=0
[QUEUE_STATS] t_ms=0.00616 q_pkts=18 q_bytes=22176 ecn_mark=410 drop_l4s=0 drop_classic=750 drop_overload=0
[QUEUE_STATS] t_ms=0.006176 q_pkts=19 q_bytes=23408 ecn_mark=411 drop_l4s=0 drop_classic=750 drop_overload=0
[QUEUE_STATS] t_ms=0.006192 q_pkts=21 q_bytes=25872 ecn_mark=411 drop_l4s=0 drop_classic=750 drop_overload=0
[QUEUE_STATS] t_ms=0.006208 q_pkts=23 q_bytes=28500 ecn_mark=412 drop_l4s=0 drop_classic=750 drop_overload=0
[QUEUE_STATS] t_ms=0.006224 q_pkts=24 q_bytes=29481 ecn_mark=412 drop_l4s=0 drop_classic=751 drop_overload=0
[QUEUE_STATS] t_ms=0.00624 q_pkts=24 q_bytes=29568 ecn_mark=413 drop_l4s=0 drop_classic=752 drop_overload=0
[QUEUE_STATS] t_ms=0.006256 q_pkts=22 q_bytes=27104 ecn_mark=415 drop_l4s=0 drop_classic=756 drop_overload=0
[QUEUE_STATS] t_ms=0.006272 q_pkts=19 q_bytes=23408 ecn_mark=417 drop_l4s=0 drop_classic=761 drop_overload=0
[QUEUE_STATS] t_ms=0.006288 q_pkts=17 q_bytes=20944 ecn_mark=418 drop_l4s=0 drop_classic=764 drop_overload=0
[QUEUE_STATS] t_ms=0.006304 q_pkts=19 q_bytes=22838 ecn_mark=418 drop_l4s=0 drop_classic=764 drop_overload=0
[QUEUE_STATS] t_ms=0.00632 q_pkts=18 q_bytes=22176 ecn_mark=419 drop_l4s=0 drop_classic=767 drop_overload=0
[QUEUE_STATS] t_ms=0.006336 q_pkts=19 q_bytes=23408 ecn_mark=419 drop_l4s=0 drop_classic=767 drop_overload=0
[QUEUE_STATS] t_ms=0.006352 q_pkts=19 q_bytes=23408 ecn_mark=420 drop_l4s=0 drop_classic=769 drop_overload=0
[QUEUE_STATS] t_ms=0.006368 q_pkts=20 q_bytes=24640 ecn_mark=421 drop_l4s=0 drop_classic=770 drop_overload=0
[QUEUE_STATS] t_ms=0.006384 q_pkts=17 q_bytes=21187 ecn_mark=421 drop_l4s=0 drop_classic=775 drop_overload=0
[QUEUE_STATS] t_ms=0.0064 q_pkts=17 q_bytes=20944 ecn_mark=422 drop_l4s=0 drop_classic=777 drop_overload=0
[QUEUE_STATS] t_ms=0.006416 q_pkts=18 q_bytes=22176 ecn_mark=422 drop_l4s=0 drop_classic=778 drop_overload=0
[QUEUE_STATS] t_ms=0.006432 q_pkts=18 q_bytes=22448 ecn_mark=423 drop_l4s=0 drop_classic=781 drop_overload=0
[QUEUE_STATS] t_ms=0.006448 q_pkts=18 q_bytes=22176 ecn_mark=423 drop_l4s=0 drop_classic=783 drop_overload=0
[QUEUE_STATS] t_ms=0.006464 q_pkts=19 q_bytes=23680 ecn_mark=424 drop_l4s=0 drop_classic=784 drop_overload=0
[QUEUE_STATS] t_ms=0.00648 q_pkts=21 q_bytes=25872 ecn_mark=426 drop_l4s=0 drop_classic=784 drop_overload=0
[QUEUE_STATS] t_ms=0.006496 q_pkts=21 q_bytes=25872 ecn_mark=427 drop_l4s=0 drop_classic=786 drop_overload=0
[QUEUE_STATS] t_ms=0.006512 q_pkts=18 q_bytes=22176 ecn_mark=428 drop_l4s=0 drop_classic=790 drop_overload=0
[QUEUE_STATS] t_ms=0.006528 q_pkts=19 q_bytes=23408 ecn_mark=428 drop_l4s=0 drop_classic=791 drop_overload=0
[QUEUE_STATS] t_ms=0.006544 q_pkts=21 q_bytes=25872 ecn_mark=430 drop_l4s=0 drop_classic=791 drop_overload=0
[QUEUE_STATS] t_ms=0.00656 q_pkts=22 q_bytes=27104 ecn_mark=431 drop_l4s=0 drop_classic=792 drop_overload=0
[QUEUE_STATS] t_ms=0.006576 q_pkts=23 q_bytes=28336 ecn_mark=432 drop_l4s=0 drop_classic=793 drop_overload=0
[QUEUE_STATS] t_ms=0.006592 q_pkts=22 q_bytes=27104 ecn_mark=433 drop_l4s=0 drop_classic=796 drop_overload=0
[QUEUE_STATS] t_ms=0.006608 q_pkts=23 q_bytes=28336 ecn_mark=434 drop_l4s=0 drop_classic=797 drop_overload=0
[QUEUE_STATS] t_ms=0.006624 q_pkts=21 q_bytes=25872 ecn_mark=435 drop_l4s=0 drop_classic=801 drop_overload=0
[QUEUE_STATS] t_ms=0.00664 q_pkts=18 q_bytes=22176 ecn_mark=437 drop_l4s=0 drop_classic=805 drop_overload=0
[QUEUE_STATS] t_ms=0.006656 q_pkts=18 q_bytes=22176 ecn_mark=438 drop_l4s=0 drop_classic=807 drop_overload=0
[QUEUE_STATS] t_ms=0.006672 q_pkts=19 q_bytes=23408 ecn_mark=439 drop_l4s=0 drop_classic=808 drop_overload=0
[QUEUE_STATS] t_ms=0.006688 q_pkts=16 q_bytes=19712 ecn_mark=439 drop_l4s=0 drop_classic=812 drop_overload=0
[QUEUE_STATS] t_ms=0.006704 q_pkts=14 q_bytes=17248 ecn_mark=439 drop_l4s=0 drop_classic=815 drop_overload=0
[QUEUE_STATS] t_ms=0.00672 q_pkts=13 q_bytes=16173 ecn_mark=439 drop_l4s=0 drop_classic=819 drop_overload=0
[QUEUE_STATS] t_ms=0.006736 q_pkts=15 q_bytes=18480 ecn_mark=440 drop_l4s=0 drop_classic=819 drop_overload=0
[QUEUE_STATS] t_ms=0.006752 q_pkts=13 q_bytes=16016 ecn_mark=441 drop_l4s=0 drop_classic=822 drop_overload=0
[QUEUE_STATS] t_ms=0.006768 q_pkts=16 q_bytes=19712 ecn_mark=443 drop_l4s=0 drop_classic=822 drop_overload=0
[QUEUE_STATS] t_ms=0.006784 q_pkts=16 q_bytes=19712 ecn_mark=444 drop_l4s=0 drop_classic=823 drop_overload=0
[QUEUE_STATS] t_ms=0.0068 q_pkts=19 q_bytes=23408 ecn_mark=445 drop_l4s=0 drop_classic=823 drop_overload=0
[QUEUE_STATS] t_ms=0.006816 q_pkts=20 q_bytes=24640 ecn_mark=446 drop_l4s=0 drop_classic=824 drop_overload=0
[QUEUE_STATS] t_ms=0.006832 q_pkts=15 q_bytes=18480 ecn_mark=446 drop_l4s=0 drop_classic=830 drop_overload=0
[QUEUE_STATS] t_ms=0.006848 q_pkts=15 q_bytes=18480 ecn_mark=447 drop_l4s=0 drop_classic=832 drop_overload=0
[QUEUE_STATS] t_ms=0.006864 q_pkts=15 q_bytes=18480 ecn_mark=447 drop_l4s=0 drop_classic=833 drop_overload=0
[QUEUE_STATS] t_ms=0.00688 q_pkts=15 q_bytes=18480 ecn_mark=448 drop_l4s=0 drop_classic=835 drop_overload=0
[QUEUE_STATS] t_ms=0.006896 q_pkts=16 q_bytes=19712 ecn_mark=448 drop_l4s=0 drop_classic=836 drop_overload=0
[QUEUE_STATS] t_ms=0.006912 q_pkts=17 q_bytes=20944 ecn_mark=449 drop_l4s=0 drop_classic=838 drop_overload=0
[QUEUE_STATS] t_ms=0.006928 q_pkts=19 q_bytes=23408 ecn_mark=450 drop_l4s=0 drop_classic=838 drop_overload=0
[QUEUE_STATS] t_ms=0.006944 q_pkts=19 q_bytes=23408 ecn_mark=450 drop_l4s=0 drop_classic=840 drop_overload=0
[QUEUE_STATS] t_ms=0.00696 q_pkts=20 q_bytes=24912 ecn_mark=450 drop_l4s=0 drop_classic=842 drop_overload=0
[QUEUE_STATS] t_ms=0.006976 q_pkts=21 q_bytes=25872 ecn_mark=452 drop_l4s=0 drop_classic=843 drop_overload=0
[QUEUE_STATS] t_ms=0.006992 q_pkts=21 q_bytes=25872 ecn_mark=453 drop_l4s=0 drop_classic=846 drop_overload=0
[QUEUE_STATS] t_ms=0.007008 q_pkts=19 q_bytes=23408 ecn_mark=454 drop_l4s=0 drop_classic=849 drop_overload=0
[QUEUE_STATS] t_ms=0.007024 q_pkts=21 q_bytes=25953 ecn_mark=455 drop_l4s=0 drop_classic=850 drop_overload=0
[QUEUE_STATS] t_ms=0.00704 q_pkts=18 q_bytes=22176 ecn_mark=456 drop_l4s=0 drop_classic=854 drop_overload=0
[QUEUE_STATS] t_ms=0.007056 q_pkts=19 q_bytes=23408 ecn_mark=456 drop_l4s=0 drop_classic=855 drop_overload=0
[QUEUE_STATS] t_ms=0.007072 q_pkts=22 q_bytes=27104 ecn_mark=457 drop_l4s=0 drop_classic=855 drop_overload=0
[QUEUE_STATS] t_ms=0.007088 q_pkts=21 q_bytes=25872 ecn_mark=458 drop_l4s=0 drop_classic=859 drop_overload=0
[QUEUE_STATS] t_ms=0.007104 q_pkts=20 q_bytes=24640 ecn_mark=459 drop_l4s=0 drop_classic=862 drop_overload=0
[QUEUE_STATS] t_ms=0.00712 q_pkts=19 q_bytes=23408 ecn_mark=459 drop_l4s=0 drop_classic=865 drop_overload=0
[QUEUE_STATS] t_ms=0.007136 q_pkts=18 q_bytes=22176 ecn_mark=460 drop_l4s=0 drop_classic=869 drop_overload=0
[QUEUE_STATS] t_ms=0.007152 q_pkts=20 q_bytes=24912 ecn_mark=460 drop_l4s=0 drop_classic=869 drop_overload=0
[QUEUE_STATS] t_ms=0.007168 q_pkts=20 q_bytes=24640 ecn_mark=461 drop_l4s=0 drop_classic=871 drop_overload=0
[QUEUE_STATS] t_ms=0.007184 q_pkts=18 q_bytes=22176 ecn_mark=463 drop_l4s=0 drop_classic=876 drop_overload=0
[QUEUE_STATS] t_ms=0.0072 q_pkts=16 q_bytes=19712 ecn_mark=464 drop_l4s=0 drop_classic=880 drop_overload=0
[QUEUE_STATS] t_ms=0.007216 q_pkts=15 q_bytes=18480 ecn_mark=465 drop_l4s=0 drop_classic=882 drop_overload=0
[QUEUE_STATS] t_ms=0.007232 q_pkts=17 q_bytes=20944 ecn_mark=465 drop_l4s=0 drop_classic=882 drop_overload=0
[QUEUE_STATS] t_ms=0.007248 q_pkts=19 q_bytes=23408 ecn_mark=467 drop_l4s=0 drop_classic=883 drop_overload=0
[QUEUE_STATS] t_ms=0.007264 q_pkts=19 q_bytes=23408 ecn_mark=468 drop_l4s=0 drop_classic=884 drop_overload=0
[QUEUE_STATS] t_ms=0.00728 q_pkts=20 q_bytes=24640 ecn_mark=469 drop_l4s=0 drop_classic=885 drop_overload=0
[QUEUE_STATS] t_ms=0.007296 q_pkts=19 q_bytes=23408 ecn_mark=470 drop_l4s=0 drop_classic=887 drop_overload=0
[QUEUE_STATS] t_ms=0.007312 q_pkts=18 q_bytes=22176 ecn_mark=471 drop_l4s=0 drop_classic=889 drop_overload=0
[QUEUE_STATS] t_ms=0.007328 q_pkts=18 q_bytes=22176 ecn_mark=471 drop_l4s=0 drop_classic=890 drop_overload=0
[QUEUE_STATS] t_ms=0.007344 q_pkts=20 q_bytes=24440 ecn_mark=472 drop_l4s=0 drop_classic=891 drop_overload=0
[QUEUE_STATS] t_ms=0.00736 q_pkts=18 q_bytes=22176 ecn_mark=472 drop_l4s=0 drop_classic=894 drop_overload=0
[QUEUE_STATS] t_ms=0.007376 q_pkts=17 q_bytes=20944 ecn_mark=473 drop_l4s=0 drop_classic=896 drop_overload=0
[QUEUE_STATS] t_ms=0.007392 q_pkts=15 q_bytes=18480 ecn_mark=474 drop_l4s=0 drop_classic=900 drop_overload=0
[QUEUE_STATS] t_ms=0.007408 q_pkts=13 q_bytes=16016 ecn_mark=475 drop_l4s=0 drop_classic=903 drop_overload=0
[QUEUE_STATS] t_ms=0.007424 q_pkts=10 q_bytes=12320 ecn_mark=476 drop_l4s=0 drop_classic=908 drop_overload=0
[QUEUE_STATS] t_ms=0.00744 q_pkts=10 q_bytes=12320 ecn_mark=476 drop_l4s=0 drop_classic=909 drop_overload=0
[QUEUE_STATS] t_ms=0.007456 q_pkts=12 q_bytes=14784 ecn_mark=478 drop_l4s=0 drop_classic=909 drop_overload=0
[QUEUE_STATS] t_ms=0.007472 q_pkts=12 q_bytes=14784 ecn_mark=480 drop_l4s=0 drop_classic=910 drop_overload=0
[QUEUE_STATS] t_ms=0.007488 q_pkts=11 q_bytes=13552 ecn_mark=481 drop_l4s=0 drop_classic=913 drop_overload=0
[QUEUE_STATS] t_ms=0.007504 q_pkts=9 q_bytes=11088 ecn_mark=482 drop_l4s=0 drop_classic=916 drop_overload=0
[QUEUE_STATS] t_ms=0.00752 q_pkts=8 q_bytes=9856 ecn_mark=483 drop_l4s=0 drop_classic=919 drop_overload=0
[QUEUE_STATS] t_ms=0.007536 q_pkts=8 q_bytes=9856 ecn_mark=484 drop_l4s=0 drop_classic=920 drop_overload=0
[QUEUE_STATS] t_ms=0.007552 q_pkts=9 q_bytes=11088 ecn_mark=484 drop_l4s=0 drop_classic=921 drop_overload=0
[QUEUE_STATS] t_ms=0.007568 q_pkts=11 q_bytes=13488 ecn_mark=485 drop_l4s=0 drop_classic=921 drop_overload=0
[QUEUE_STATS] t_ms=0.007583 q_pkts=11 q_bytes=13552 ecn_mark=485 drop_l4s=0 drop_classic=922 drop_overload=0
[QUEUE_STATS] t_ms=0.0076 q_pkts=13 q_bytes=16016 ecn_mark=485 drop_l4s=0 drop_classic=922 drop_overload=0
[QUEUE_STATS] t_ms=0.007616 q_pkts=15 q_bytes=18480 ecn_mark=486 drop_l4s=0 drop_classic=923 drop_overload=0
[QUEUE_STATS] t_ms=0.007632 q_pkts=15 q_bytes=18480 ecn_mark=486 drop_l4s=0 drop_classic=924 drop_overload=0
[QUEUE_STATS] t_ms=0.007648 q_pkts=11 q_bytes=13552 ecn_mark=488 drop_l4s=0 drop_classic=931 drop_overload=0
[QUEUE_STATS] t_ms=0.007664 q_pkts=12 q_bytes=14784 ecn_mark=489 drop_l4s=0 drop_classic=932 drop_overload=0
[QUEUE_STATS] t_ms=0.00768 q_pkts=14 q_bytes=17248 ecn_mark=489 drop_l4s=0 drop_classic=932 drop_overload=0
[QUEUE_STATS] t_ms=0.007696 q_pkts=16 q_bytes=19712 ecn_mark=489 drop_l4s=0 drop_classic=932 drop_overload=0
[QUEUE_STATS] t_ms=0.007712 q_pkts=18 q_bytes=22176 ecn_mark=491 drop_l4s=0 drop_classic=933 drop_overload=0
[QUEUE_STATS] t_ms=0.007728 q_pkts=19 q_bytes=23408 ecn_mark=492 drop_l4s=0 drop_classic=934 drop_overload=0
[QUEUE_STATS] t_ms=0.007744 q_pkts=21 q_bytes=25872 ecn_mark=493 drop_l4s=0 drop_classic=935 drop_overload=0
[QUEUE_STATS] t_ms=0.00776 q_pkts=21 q_bytes=25872 ecn_mark=494 drop_l4s=0 drop_classic=937 drop_overload=0
[QUEUE_STATS] t_ms=0.007776 q_pkts=20 q_bytes=24640 ecn_mark=494 drop_l4s=0 drop_classic=939 drop_overload=0
[QUEUE_STATS] t_ms=0.007792 q_pkts=22 q_bytes=27068 ecn_mark=495 drop_l4s=0 drop_classic=940 drop_overload=0
[QUEUE_STATS] t_ms=0.007808 q_pkts=21 q_bytes=25872 ecn_mark=496 drop_l4s=0 drop_classic=942 drop_overload=0
[QUEUE_STATS] t_ms=0.007824 q_pkts=23 q_bytes=28336 ecn_mark=497 drop_l4s=0 drop_classic=943 drop_overload=0
[QUEUE_STATS] t_ms=0.00784 q_pkts=21 q_bytes=25872 ecn_mark=497 drop_l4s=0 drop_classic=946 drop_overload=0
[QUEUE_STATS] t_ms=0.007856 q_pkts=20 q_bytes=24640 ecn_mark=499 drop_l4s=0 drop_classic=949 drop_overload=0
[QUEUE_STATS] t_ms=0.007872 q_pkts=23 q_bytes=28336 ecn_mark=501 drop_l4s=0 drop_classic=949 drop_overload=0
[QUEUE_STATS] t_ms=0.007888 q_pkts=23 q_bytes=28336 ecn_mark=501 drop_l4s=0 drop_classic=950 drop_overload=0
[QUEUE_STATS] t_ms=0.007904 q_pkts=25 q_bytes=30800 ecn_mark=503 drop_l4s=0 drop_classic=950 drop_overload=0
[QUEUE_STATS] t_ms=0.00792 q_pkts=23 q_bytes=28336 ecn_mark=505 drop_l4s=0 drop_classic=954 drop_overload=0
[QUEUE_STATS] t_ms=0.007936 q_pkts=21 q_bytes=25872 ecn_mark=505 drop_l4s=0 drop_classic=957 drop_overload=0
[QUEUE_STATS] t_ms=0.007952 q_pkts=22 q_bytes=26997 ecn_mark=506 drop_l4s=0 drop_classic=958 drop_overload=0
[QUEUE_STATS] t_ms=0.007968 q_pkts=22 q_bytes=27104 ecn_mark=507 drop_l4s=0 drop_classic=960 drop_overload=0
[QUEUE_STATS] t_ms=0.007984 q_pkts=21 q_bytes=25872 ecn_mark=508 drop_l4s=0 drop_classic=962 drop_overload=0
[QUEUE_STATS] t_ms=0.008 q_pkts=21 q_bytes=25872 ecn_mark=509 drop_l4s=0 drop_classic=963 drop_overload=0
[QUEUE_STATS] t_ms=0.008016 q_pkts=20 q_bytes=24640 ecn_mark=510 drop_l4s=0 drop_classic=965 drop_overload=0
[QUEUE_STATS] t_ms=0.008032 q_pkts=20 q_bytes=24640 ecn_mark=511 drop_l4s=0 drop_classic=967 drop_overload=0
[QUEUE_STATS] t_ms=0.008048 q_pkts=19 q_bytes=22741 ecn_mark=512 drop_l4s=0 drop_classic=970 drop_overload=0
[QUEUE_STATS] t_ms=0.008064 q_pkts=17 q_bytes=20095 ecn_mark=513 drop_l4s=0 drop_classic=972 drop_overload=0
[QUEUE_STATS] t_ms=0.00808 q_pkts=16 q_bytes=19712 ecn_mark=515 drop_l4s=0 drop_classic=974 drop_overload=0
[QUEUE_STATS] t_ms=0.008096 q_pkts=14 q_bytes=17248 ecn_mark=515 drop_l4s=0 drop_classic=976 drop_overload=0
[QUEUE_STATS] t_ms=0.008112 q_pkts=11 q_bytes=13552 ecn_mark=518 drop_l4s=0 drop_classic=980 drop_overload=0
[QUEUE_STATS] t_ms=0.008128 q_pkts=11 q_bytes=12653 ecn_mark=519 drop_l4s=0 drop_classic=982 drop_overload=0
[QUEUE_STATS] t_ms=0.008144 q_pkts=11 q_bytes=13552 ecn_mark=521 drop_l4s=0 drop_classic=982 drop_overload=0
[QUEUE_STATS] t_ms=0.00816 q_pkts=11 q_bytes=13552 ecn_mark=522 drop_l4s=0 drop_classic=983 drop_overload=0
[QUEUE_STATS] t_ms=0.008176 q_pkts=12 q_bytes=14784 ecn_mark=524 drop_l4s=0 drop_classic=983 drop_overload=0
[QUEUE_STATS] t_ms=0.008192 q_pkts=14 q_bytes=16322 ecn_mark=524 drop_l4s=0 drop_classic=983 drop_overload=0
[QUEUE_STATS] t_ms=0.008208 q_pkts=15 q_bytes=18480 ecn_mark=526 drop_l4s=0 drop_classic=983 drop_overload=0
[QUEUE_STATS] t_ms=0.008224 q_pkts=13 q_bytes=16016 ecn_mark=528 drop_l4s=0 drop_classic=986 drop_overload=0
[QUEUE_STATS] t_ms=0.00824 q_pkts=14 q_bytes=17248 ecn_mark=528 drop_l4s=0 drop_classic=987 drop_overload=0
[QUEUE_STATS] t_ms=0.008256 q_pkts=13 q_bytes=16016 ecn_mark=530 drop_l4s=0 drop_classic=989 drop_overload=0
[QUEUE_STATS] t_ms=0.008272 q_pkts=16 q_bytes=19280 ecn_mark=531 drop_l4s=0 drop_classic=989 drop_overload=0
[QUEUE_STATS] t_ms=0.008288 q_pkts=16 q_bytes=19712 ecn_mark=531 drop_l4s=0 drop_classic=990 drop_overload=0
[QUEUE_STATS] t_ms=0.008304 q_pkts=17 q_bytes=20944 ecn_mark=531 drop_l4s=0 drop_classic=992 drop_overload=0
[QUEUE_STATS] t_ms=0.00832 q_pkts=19 q_bytes=23408 ecn_mark=533 drop_l4s=0 drop_classic=993 drop_overload=0
[QUEUE_STATS] t_ms=0.008336 q_pkts=21 q_bytes=25872 ecn_mark=535 drop_l4s=0 drop_classic=994 drop_overload=0
[QUEUE_STATS] t_ms=0.008352 q_pkts=20 q_bytes=24640 ecn_mark=535 drop_l4s=0 drop_classic=996 drop_overload=0
[QUEUE_STATS] t_ms=0.008368 q_pkts=21 q_bytes=25872 ecn_mark=536 drop_l4s=0 drop_classic=998 drop_overload=0
[QUEUE_STATS] t_ms=0.008384 q_pkts=23 q_bytes=28287 ecn_mark=537 drop_l4s=0 drop_classic=998 drop_overload=0
[QUEUE_STATS] t_ms=0.0084 q_pkts=22 q_bytes=27104 ecn_mark=538 drop_l4s=0 drop_classic=1000 drop_overload=0
[QUEUE_STATS] t_ms=0.008416 q_pkts=25 q_bytes=30800 ecn_mark=539 drop_l4s=0 drop_classic=1000 drop_overload=0
[QUEUE_STATS] t_ms=0.008432 q_pkts=23 q_bytes=28336 ecn_mark=540 drop_l4s=0 drop_classic=1003 drop_overload=0
[QUEUE_STATS] t_ms=0.008448 q_pkts=24 q_bytes=29568 ecn_mark=542 drop_l4s=0 drop_classic=1004 drop_overload=0
[QUEUE_STATS] t_ms=0.008464 q_pkts=21 q_bytes=25872 ecn_mark=543 drop_l4s=0 drop_classic=1008 drop_overload=0
[QUEUE_STATS] t_ms=0.00848 q_pkts=20 q_bytes=24640 ecn_mark=544 drop_l4s=0 drop_classic=1011 drop_overload=0
[QUEUE_STATS] t_ms=0.008496 q_pkts=17 q_bytes=20338 ecn_mark=545 drop_l4s=0 drop_classic=1016 drop_overload=0
[QUEUE_STATS] t_ms=0.008512 q_pkts=16 q_bytes=19712 ecn_mark=545 drop_l4s=0 drop_classic=1017 drop_overload=0
[QUEUE_STATS] t_ms=0.008528 q_pkts=14 q_bytes=17248 ecn_mark=546 drop_l4s=0 drop_classic=1021 drop_overload=0
[QUEUE_STATS] t_ms=0.008544 q_pkts=15 q_bytes=18480 ecn_mark=547 drop_l4s=0 drop_classic=1022 drop_overload=0
[QUEUE_STATS] t_ms=0.00856 q_pkts=17 q_bytes=20944 ecn_mark=548 drop_l4s=0 drop_classic=1022 drop_overload=0
[QUEUE_STATS] t_ms=0.008576 q_pkts=15 q_bytes=17880 ecn_mark=549 drop_l4s=0 drop_classic=1026 drop_overload=0
[QUEUE_STATS] t_ms=0.008592 q_pkts=14 q_bytes=17248 ecn_mark=550 drop_l4s=0 drop_classic=1027 drop_overload=0
[QUEUE_STATS] t_ms=0.008608 q_pkts=17 q_bytes=20944 ecn_mark=552 drop_l4s=0 drop_classic=1027 drop_overload=0
[QUEUE_STATS] t_ms=0.008624 q_pkts=16 q_bytes=19712 ecn_mark=553 drop_l4s=0 drop_classic=1029 drop_overload=0
[QUEUE_STATS] t_ms=0.00864 q_pkts=16 q_bytes=19712 ecn_mark=554 drop_l4s=0 drop_classic=1030 drop_overload=0
[QUEUE_STATS] t_ms=0.008656 q_pkts=16 q_bytes=19712 ecn_mark=555 drop_l4s=0 drop_classic=1031 drop_overload=0
[QUEUE_STATS] t_ms=0.008672 q_pkts=17 q_bytes=20517 ecn_mark=555 drop_l4s=0 drop_classic=1032 drop_overload=0
[QUEUE_STATS] t_ms=0.008688 q_pkts=16 q_bytes=19712 ecn_mark=555 drop_l4s=0 drop_classic=1034 drop_overload=0
[QUEUE_STATS] t_ms=0.008704 q_pkts=18 q_bytes=22176 ecn_mark=556 drop_l4s=0 drop_classic=1034 drop_overload=0
[QUEUE_STATS] t_ms=0.00872 q_pkts=19 q_bytes=23408 ecn_mark=557 drop_l4s=0 drop_classic=1035 drop_overload=0
[QUEUE_STATS] t_ms=0.008736 q_pkts=19 q_bytes=23408 ecn_mark=558 drop_l4s=0 drop_classic=1036 drop_overload=0
[QUEUE_STATS] t_ms=0.008751 q_pkts=21 q_bytes=25872 ecn_mark=558 drop_l4s=0 drop_classic=1036 drop_overload=0
[QUEUE_STATS] t_ms=0.008768 q_pkts=24 q_bytes=29568 ecn_mark=558 drop_l4s=0 drop_classic=1036 drop_overload=0
[QUEUE_STATS] t_ms=0.008784 q_pkts=27 q_bytes=33264 ecn_mark=559 drop_l4s=0 drop_classic=1036 drop_overload=0
[QUEUE_STATS] t_ms=0.0088 q_pkts=26 q_bytes=32032 ecn_mark=560 drop_l4s=0 drop_classic=1038 drop_overload=0
[QUEUE_STATS] t_ms=0.008816 q_pkts=28 q_bytes=34496 ecn_mark=561 drop_l4s=0 drop_classic=1039 drop_overload=0
[QUEUE_STATS] t_ms=0.008832 q_pkts=30 q_bytes=37039 ecn_mark=562 drop_l4s=0 drop_classic=1040 drop_overload=0
[QUEUE_STATS] t_ms=0.008848 q_pkts=28 q_bytes=34496 ecn_mark=562 drop_l4s=0 drop_classic=1043 drop_overload=0
[QUEUE_STATS] t_ms=0.008864 q_pkts=28 q_bytes=34496 ecn_mark=563 drop_l4s=0 drop_classic=1046 drop_overload=0
[QUEUE_STATS] t_ms=0.00888 q_pkts=30 q_bytes=37215 ecn_mark=564 drop_l4s=0 drop_classic=1047 drop_overload=0
[QUEUE_STATS] t_ms=0.008896 q_pkts=32 q_bytes=39424 ecn_mark=566 drop_l4s=0 drop_classic=1047 drop_overload=0
[QUEUE_STATS] t_ms=0.008912 q_pkts=30 q_bytes=36960 ecn_mark=567 drop_l4s=0 drop_classic=1050 drop_overload=0
[QUEUE_STATS] t_ms=0.008928 q_pkts=31 q_bytes=38192 ecn_mark=568 drop_l4s=0 drop_classic=1051 drop_overload=0
[QUEUE_STATS] t_ms=0.008944 q_pkts=29 q_bytes=35728 ecn_mark=568 drop_l4s=0 drop_classic=1054 drop_overload=0
[QUEUE_STATS] t_ms=0.00896 q_pkts=29 q_bytes=35728 ecn_mark=569 drop_l4s=0 drop_classic=1056 drop_overload=0
[QUEUE_STATS] t_ms=0.008976 q_pkts=29 q_bytes=35559 ecn_mark=570 drop_l4s=0 drop_classic=1059 drop_overload=0
[QUEUE_STATS] t_ms=0.008992 q_pkts=26 q_bytes=32032 ecn_mark=572 drop_l4s=0 drop_classic=1063 drop_overload=0
[QUEUE_STATS] t_ms=0.009008 q_pkts=24 q_bytes=29568 ecn_mark=573 drop_l4s=0 drop_classic=1066 drop_overload=0
[QUEUE_STATS] t_ms=0.009024 q_pkts=23 q_bytes=28336 ecn_mark=575 drop_l4s=0 drop_classic=1069 drop_overload=0
[QUEUE_STATS] t_ms=0.00904 q_pkts=21 q_bytes=25872 ecn_mark=576 drop_l4s=0 drop_classic=1071 drop_overload=0
[QUEUE_STATS] t_ms=0.009056 q_pkts=21 q_bytes=25872 ecn_mark=576 drop_l4s=0 drop_classic=1073 drop_overload=0
[QUEUE_STATS] t_ms=0.009072 q_pkts=23 q_bytes=28336 ecn_mark=578 drop_l4s=0 drop_classic=1073 drop_overload=0
[QUEUE_STATS] t_ms=0.009088 q_pkts=24 q_bytes=29568 ecn_mark=578 drop_l4s=0 drop_classic=1073 drop_overload=0
[QUEUE_STATS] t_ms=0.009104 q_pkts=23 q_bytes=28336 ecn_mark=579 drop_l4s=0 drop_classic=1076 drop_overload=0
[QUEUE_STATS] t_ms=0.00912 q_pkts=22 q_bytes=27104 ecn_mark=579 drop_l4s=0 drop_classic=1078 drop_overload=0
[QUEUE_STATS] t_ms=0.009136 q_pkts=22 q_bytes=27104 ecn_mark=580 drop_l4s=0 drop_classic=1079 drop_overload=0
[QUEUE_STATS] t_ms=0.009152 q_pkts=24 q_bytes=29568 ecn_mark=581 drop_l4s=0 drop_classic=1079 drop_overload=0
[QUEUE_STATS] t_ms=0.009168 q_pkts=24 q_bytes=29568 ecn_mark=583 drop_l4s=0 drop_classic=1080 drop_overload=0
[QUEUE_STATS] t_ms=0.009184 q_pkts=24 q_bytes=28875 ecn_mark=583 drop_l4s=0 drop_classic=1082 drop_overload=0
[QUEUE_STATS] t_ms=0.0092 q_pkts=24 q_bytes=29568 ecn_mark=584 drop_l4s=0 drop_classic=1082 drop_overload=0
[QUEUE_STATS] t_ms=0.009216 q_pkts=24 q_bytes=29568 ecn_mark=584 drop_l4s=0 drop_classic=1083 drop_overload=0
[QUEUE_STATS] t_ms=0.009232 q_pkts=22 q_bytes=27104 ecn_mark=584 drop_l4s=0 drop_classic=1087 drop_overload=0
[QUEUE_STATS] t_ms=0.009248 q_pkts=24 q_bytes=29568 ecn_mark=585 drop_l4s=0 drop_classic=1087 drop_overload=0
[QUEUE_STATS] t_ms=0.009264 q_pkts=23 q_bytes=28336 ecn_mark=587 drop_l4s=0 drop_classic=1090 drop_overload=0
[QUEUE_STATS] t_ms=0.00928 q_pkts=22 q_bytes=27104 ecn_mark=588 drop_l4s=0 drop_classic=1092 drop_overload=0
[QUEUE_STATS] t_ms=0.009296 q_pkts=23 q_bytes=27827 ecn_mark=589 drop_l4s=0 drop_classic=1094 drop_overload=0
[QUEUE_STATS] t_ms=0.009312 q_pkts=22 q_bytes=27104 ecn_mark=590 drop_l4s=0 drop_classic=1095 drop_overload=0
[QUEUE_STATS] t_ms=0.009328 q_pkts=23 q_bytes=27855 ecn_mark=590 drop_l4s=0 drop_classic=1097 drop_overload=0
[QUEUE_STATS] t_ms=0.009344 q_pkts=25 q_bytes=30800 ecn_mark=592 drop_l4s=0 drop_classic=1097 drop_overload=0
[QUEUE_STATS] t_ms=0.00936 q_pkts=25 q_bytes=30800 ecn_mark=592 drop_l4s=0 drop_classic=1099 drop_overload=0
[QUEUE_STATS] t_ms=0.009376 q_pkts=27 q_bytes=33536 ecn_mark=592 drop_l4s=0 drop_classic=1099 drop_overload=0
[QUEUE_STATS] t_ms=0.009392 q_pkts=28 q_bytes=34496 ecn_mark=593 drop_l4s=0 drop_classic=1100 drop_overload=0
[QUEUE_STATS] t_ms=0.009408 q_pkts=26 q_bytes=32032 ecn_mark=593 drop_l4s=0 drop_classic=1104 drop_overload=0
[QUEUE_STATS] t_ms=0.009424 q_pkts=25 q_bytes=30800 ecn_mark=594 drop_l4s=0 drop_classic=1108 drop_overload=0
[QUEUE_STATS] t_ms=0.00944 q_pkts=22 q_bytes=27104 ecn_mark=595 drop_l4s=0 drop_classic=1112 drop_overload=0
[QUEUE_STATS] t_ms=0.009456 q_pkts=23 q_bytes=28336 ecn_mark=596 drop_l4s=0 drop_classic=1114 drop_overload=0
[QUEUE_STATS] t_ms=0.009472 q_pkts=23 q_bytes=28608 ecn_mark=596 drop_l4s=0 drop_classic=1117 drop_overload=0
[QUEUE_STATS] t_ms=0.009488 q_pkts=22 q_bytes=27104 ecn_mark=596 drop_l4s=0 drop_classic=1120 drop_overload=0
[QUEUE_STATS] t_ms=0.009504 q_pkts=23 q_bytes=28336 ecn_mark=597 drop_l4s=0 drop_classic=1122 drop_overload=0
[QUEUE_STATS] t_ms=0.00952 q_pkts=23 q_bytes=28336 ecn_mark=597 drop_l4s=0 drop_classic=1125 drop_overload=0
[QUEUE_STATS] t_ms=0.009536 q_pkts=22 q_bytes=27104 ecn_mark=599 drop_l4s=0 drop_classic=1129 drop_overload=0
[QUEUE_STATS] t_ms=0.009552 q_pkts=22 q_bytes=27104 ecn_mark=601 drop_l4s=0 drop_classic=1131 drop_overload=0
[QUEUE_STATS] t_ms=0.009568 q_pkts=25 q_bytes=30800 ecn_mark=602 drop_l4s=0 drop_classic=1131 drop_overload=0
[QUEUE_STATS] t_ms=0.009584 q_pkts=24 q_bytes=29800 ecn_mark=603 drop_l4s=0 drop_classic=1134 drop_overload=0
[QUEUE_STATS] t_ms=0.0096 q_pkts=26 q_bytes=32032 ecn_mark=605 drop_l4s=0 drop_classic=1134 drop_overload=0
[QUEUE_STATS] t_ms=0.009616 q_pkts=23 q_bytes=28336 ecn_mark=606 drop_l4s=0 drop_classic=1139 drop_overload=0
[QUEUE_STATS] t_ms=0.009632 q_pkts=22 q_bytes=27104 ecn_mark=606 drop_l4s=0 drop_classic=1141 drop_overload=0
[QUEUE_STATS] t_ms=0.009648 q_pkts=20 q_bytes=24640 ecn_mark=608 drop_l4s=0 drop_classic=1145 drop_overload=0
[QUEUE_STATS] t_ms=0.009664 q_pkts=19 q_bytes=23408 ecn_mark=608 drop_l4s=0 drop_classic=1148 drop_overload=0
[QUEUE_STATS] t_ms=0.00968 q_pkts=19 q_bytes=23408 ecn_mark=609 drop_l4s=0 drop_classic=1150 drop_overload=0
[QUEUE_STATS] t_ms=0.009696 q_pkts=19 q_bytes=23408 ecn_mark=609 drop_l4s=0 drop_classic=1152 drop_overload=0
[QUEUE_STATS] t_ms=0.009712 q_pkts=19 q_bytes=23408 ecn_mark=611 drop_l4s=0 drop_classic=1154 drop_overload=0
[QUEUE_STATS] t_ms=0.009728 q_pkts=19 q_bytes=23408 ecn_mark=611 drop_l4s=0 drop_classic=1156 drop_overload=0
[QUEUE_STATS] t_ms=0.009744 q_pkts=20 q_bytes=24640 ecn_mark=613 drop_l4s=0 drop_classic=1157 drop_overload=0
[QUEUE_STATS] t_ms=0.00976 q_pkts=19 q_bytes=23408 ecn_mark=614 drop_l4s=0 drop_classic=1159 drop_overload=0
[QUEUE_STATS] t_ms=0.009776 q_pkts=18 q_bytes=22176 ecn_mark=614 drop_l4s=0 drop_classic=1162 drop_overload=0
[QUEUE_STATS] t_ms=0.009792 q_pkts=20 q_bytes=24640 ecn_mark=615 drop_l4s=0 drop_classic=1162 drop_overload=0
[QUEUE_STATS] t_ms=0.009808 q_pkts=21 q_bytes=25724 ecn_mark=616 drop_l4s=0 drop_classic=1163 drop_overload=0
[QUEUE_STATS] t_ms=0.009824 q_pkts=22 q_bytes=27104 ecn_mark=616 drop_l4s=0 drop_classic=1164 drop_overload=0
[QUEUE_STATS] t_ms=0.00984 q_pkts=23 q_bytes=28336 ecn_mark=617 drop_l4s=0 drop_classic=1165 drop_overload=0
[QUEUE_STATS] t_ms=0.009856 q_pkts=24 q_bytes=29568 ecn_mark=618 drop_l4s=0 drop_classic=1166 drop_overload=0
[QUEUE_STATS] t_ms=0.009872 q_pkts=24 q_bytes=29568 ecn_mark=620 drop_l4s=0 drop_classic=1169 drop_overload=0
[QUEUE_STATS] t_ms=0.009888 q_pkts=21 q_bytes=25872 ecn_mark=621 drop_l4s=0 drop_classic=1174 drop_overload=0
[QUEUE_STATS] t_ms=0.009904 q_pkts=19 q_bytes=23408 ecn_mark=621 drop_l4s=0 drop_classic=1177 drop_overload=0
[QUEUE_STATS] t_ms=0.00992 q_pkts=21 q_bytes=25872 ecn_mark=622 drop_l4s=0 drop_classic=1177 drop_overload=0
[QUEUE_STATS] t_ms=0.009936 q_pkts=17 q_bytes=20944 ecn_mark=623 drop_l4s=0 drop_classic=1183 drop_overload=0
[QUEUE_STATS] t_ms=0.009952 q_pkts=17 q_bytes=20944 ecn_mark=624 drop_l4s=0 drop_classic=1185 drop_overload=0
[QUEUE_STATS] t_ms=0.009968 q_pkts=18 q_bytes=21751 ecn_mark=624 drop_l4s=0 drop_classic=1186 drop_overload=0
[QUEUE_STATS] t_ms=0.009984 q_pkts=17 q_bytes=20644 ecn_mark=625 drop_l4s=0 drop_classic=1189 drop_overload=0
[QUEUE_STATS] t_ms=0.01 q_pkts=15 q_bytes=18480 ecn_mark=627 drop_l4s=0 drop_classic=1192 drop_overload=0
[QUEUE_STATS] t_ms=0.010016 q_pkts=12 q_bytes=14784 ecn_mark=628 drop_l4s=0 drop_classic=1196 drop_overload=0
[QUEUE_STATS] t_ms=0.010032 q_pkts=11 q_bytes=13552 ecn_mark=629 drop_l4s=0 drop_classic=1198 drop_overload=0
[QUEUE_STATS] t_ms=0.010048 q_pkts=12 q_bytes=14784 ecn_mark=630 drop_l4s=0 drop_classic=1199 drop_overload=0
[QUEUE_STATS] t_ms=0.010064 q_pkts=9 q_bytes=11088 ecn_mark=632 drop_l4s=0 drop_classic=1204 drop_overload=0
[QUEUE_STATS] t_ms=0.01008 q_pkts=8 q_bytes=9856 ecn_mark=634 drop_l4s=0 drop_classic=1206 drop_overload=0
[QUEUE_STATS] t_ms=0.010096 q_pkts=7 q_bytes=8624 ecn_mark=635 drop_l4s=0 drop_classic=1209 drop_overload=0
[QUEUE_STATS] t_ms=0.010112 q_pkts=6 q_bytes=7392 ecn_mark=636 drop_l4s=0 drop_classic=1211 drop_overload=0
[QUEUE_STATS] t_ms=0.010128 q_pkts=6 q_bytes=7392 ecn_mark=637 drop_l4s=0 drop_classic=1212 drop_overload=0
[QUEUE_STATS] t_ms=0.010144 q_pkts=8 q_bytes=9856 ecn_mark=638 drop_l4s=0 drop_classic=1212 drop_overload=0
[QUEUE_STATS] t_ms=0.01016 q_pkts=9 q_bytes=11088 ecn_mark=639 drop_l4s=0 drop_classic=1213 drop_overload=0
[QUEUE_STATS] t_ms=0.010176 q_pkts=8 q_bytes=9504 ecn_mark=640 drop_l4s=0 drop_classic=1216 drop_overload=0
[QUEUE_STATS] t_ms=0.010192 q_pkts=4 q_bytes=4928 ecn_mark=640 drop_l4s=0 drop_classic=1221 drop_overload=0
[QUEUE_STATS] t_ms=0.010208 q_pkts=5 q_bytes=6160 ecn_mark=641 drop_l4s=0 drop_classic=1222 drop_overload=0
[QUEUE_STATS] t_ms=0.010224 q_pkts=7 q_bytes=8624 ecn_mark=641 drop_l4s=0 drop_classic=1222 drop_overload=0
[QUEUE_STATS] t_ms=0.01024 q_pkts=5 q_bytes=6160 ecn_mark=642 drop_l4s=0 drop_classic=1227 drop_overload=0
[QUEUE_STATS] t_ms=0.010256 q_pkts=4 q_bytes=4928 ecn_mark=643 drop_l4s=0 drop_classic=1229 drop_overload=0
[QUEUE_STATS] t_ms=0.010272 q_pkts=7 q_bytes=8624 ecn_mark=644 drop_l4s=0 drop_classic=1229 drop_overload=0
[QUEUE_STATS] t_ms=0.010288 q_pkts=5 q_bytes=6160 ecn_mark=644 drop_l4s=0 drop_classic=1232 drop_overload=0
[QUEUE_STATS] t_ms=0.010304 q_pkts=7 q_bytes=8624 ecn_mark=644 drop_l4s=0 drop_classic=1233 drop_overload=0
[QUEUE_STATS] t_ms=0.01032 q_pkts=9 q_bytes=11088 ecn_mark=645 drop_l4s=0 drop_classic=1234 drop_overload=0
[QUEUE_STATS] t_ms=0.010336 q_pkts=9 q_bytes=11088 ecn_mark=646 drop_l4s=0 drop_classic=1237 drop_overload=0
[QUEUE_STATS] t_ms=0.010352 q_pkts=12 q_bytes=14784 ecn_mark=646 drop_l4s=0 drop_classic=1237 drop_overload=0
[QUEUE_STATS] t_ms=0.010368 q_pkts=14 q_bytes=17248 ecn_mark=648 drop_l4s=0 drop_classic=1238 drop_overload=0
[QUEUE_STATS] t_ms=0.010384 q_pkts=15 q_bytes=18480 ecn_mark=650 drop_l4s=0 drop_classic=1240 drop_overload=0
[QUEUE_STATS] t_ms=0.0104 q_pkts=16 q_bytes=19712 ecn_mark=652 drop_l4s=0 drop_classic=1242 drop_overload=0
[QUEUE_STATS] t_ms=0.010416 q_pkts=15 q_bytes=18480 ecn_mark=652 drop_l4s=0 drop_classic=1244 drop_overload=0
[QUEUE_STATS] t_ms=0.010432 q_pkts=15 q_bytes=18480 ecn_mark=652 drop_l4s=0 drop_classic=1246 drop_overload=0
[QUEUE_STATS] t_ms=0.010448 q_pkts=18 q_bytes=22176 ecn_mark=654 drop_l4s=0 drop_classic=1246 drop_overload=0
[QUEUE_STATS] t_ms=0.010464 q_pkts=15 q_bytes=18480 ecn_mark=655 drop_l4s=0 drop_classic=1251 drop_overload=0
[QUEUE_STATS] t_ms=0.01048 q_pkts=16 q_bytes=19712 ecn_mark=656 drop_l4s=0 drop_classic=1253 drop_overload=0
[QUEUE_STATS] t_ms=0.010496 q_pkts=15 q_bytes=18480 ecn_mark=656 drop_l4s=0 drop_classic=1255 drop_overload=0
[QUEUE_STATS] t_ms=0.010512 q_pkts=16 q_bytes=19712 ecn_mark=657 drop_l4s=0 drop_classic=1257 drop_overload=0
[QUEUE_STATS] t_ms=0.010528 q_pkts=17 q_bytes=20944 ecn_mark=658 drop_l4s=0 drop_classic=1258 drop_overload=0
[QUEUE_STATS] t_ms=0.010544 q_pkts=18 q_bytes=22176 ecn_mark=659 drop_l4s=0 drop_classic=1260 drop_overload=0
[QUEUE_STATS] t_ms=0.01056 q_pkts=18 q_bytes=22176 ecn_mark=660 drop_l4s=0 drop_classic=1262 drop_overload=0
[QUEUE_STATS] t_ms=0.010576 q_pkts=19 q_bytes=23468 ecn_mark=661 drop_l4s=0 drop_classic=1263 drop_overload=0
[QUEUE_STATS] t_ms=0.010592 q_pkts=20 q_bytes=24640 ecn_mark=662 drop_l4s=0 drop_classic=1264 drop_overload=0
